item,source
B0BN84LHTX,A1G2ZG757AQX59
B0BLSNZ75J,A1G2ZG757AQX59
B0BHH57Y26,A1G2ZG757AQX59
B0BGWY88P7,A1G2ZG757AQX59
B0BG73LMSX,A1G2ZG757AQX59
B0BDQKSKKY,A1G2ZG757AQX59
B0BCPH5D77,A1G2ZG757AQX59
B0B96VK75R,A1G2ZG757AQX59
B0B7WFT3LT,A1G2ZG757AQX59
B0B5MKMVBX,A1G2ZG757AQX59
B0B4RQ23T4,A1G2ZG757AQX59
B0B3MHGPSK,A1G2ZG757AQX59
B0B1ZG94FV,A1G2ZG757AQX59
B09YV7MQF7,A1G2ZG757AQX59
B09W99RP1K,A1G2ZG757AQX59
B09W233C9G,A1G2ZG757AQX59
B09VCP598L,A1G2ZG757AQX59
B09T5NSBLY,A1G2ZG757AQX59
B09QRQMB35,A1G2ZG757AQX59
B09Q56XP7K,A1G2ZG757AQX59
B09NSNZ6GR,A1G2ZG757AQX59
B09NBQP3PF,A1G2ZG757AQX59
B09M8P65NT,A1G2ZG757AQX59
B09K7J9N37,A1G2ZG757AQX59
B09K7DXBRM,A1G2ZG757AQX59
B09HHPMCPS,A1G2ZG757AQX59
B09GV922N8,A1G2ZG757AQX59
B09GNR5HQS,A1G2ZG757AQX59
B09G4MX3Y1,A1G2ZG757AQX59
B09FRW24BG,A1G2ZG757AQX59
B09FLGZVFQ,A1G2ZG757AQX59
B09BQRYDP7,A1G2ZG757AQX59
B09B74KVMP,A1G2ZG757AQX59
B099WD5HJ2,A1G2ZG757AQX59
B097RGDMFS,A1G2ZG757AQX59
B097NF4J2B,A1G2ZG757AQX59
B096Q6KG2D,A1G2ZG757AQX59
B092M9ZJ1T,A1G2ZG757AQX59
B08Q3H2HQX,A1G2ZG757AQX59
B08MT9LWMB,A1G2ZG757AQX59
B08M41X525,A1G2ZG757AQX59
B08GLR5Z3L,A1G2ZG757AQX59
B08D1QQNB9,A1G2ZG757AQX59
B08B4LNRZB,A1G2ZG757AQX59
B089QX845B,A1G2ZG757AQX59
B089MZRNLY,A1G2ZG757AQX59
B0887Y9THX,A1G2ZG757AQX59
B0855CF1NR,A1G2ZG757AQX59
B083QWD14H,A1G2ZG757AQX59
B081DHVNQM,A1G2ZG757AQX59
B07Z5J5KT7,A1G2ZG757AQX59
B07X2JX1ZJ,A1G2ZG757AQX59
B07VHSH9BP,A1G2ZG757AQX59
B07TTRVN3C,A1G2ZG757AQX59
B07T3T7LC4,A1G2ZG757AQX59
B07RHPFGCR,A1G2ZG757AQX59
B07MZRGDM9,A1G2ZG757AQX59
B07JKZJP3Y,A1G2ZG757AQX59
B07J5YND2V,A1G2ZG757AQX59
B079G9MJ2F,A1G2ZG757AQX59
B0798R9D9P,A1G2ZG757AQX59
B0779JJDMX,A1G2ZG757AQX59
B06XPLV8QS,A1G2ZG757AQX59
B06XP6NS6V,A1G2ZG757AQX59
B01N03Y7ZG,A1G2ZG757AQX59
B01LYF0OHX,A1G2ZG757AQX59
B01FLQB0W4,A1G2ZG757AQX59
B00WU5DAS2,A1G2ZG757AQX59
B00WRPD0R6,A1G2ZG757AQX59
B00WERXXTW,A1G2ZG757AQX59
B00TPGDPX4,A1G2ZG757AQX59
B00TPGAIVQ,A1G2ZG757AQX59
B00AN5VKCY,A1G2ZG757AQX59
B004YR10L8,A1G2ZG757AQX59
B00468U4T4,A1G2ZG757AQX59
B003JSU3KC,A1G2ZG757AQX59
B0CL1BQJ3M,A1G2ZG757AQX59
B0D13MYS8W,A1G2ZG757AQX59
B0CZRBF4Q2,A1G2ZG757AQX59
B0CZR5XXDT,A1G2ZG757AQX59
B0CXDWWDP4,A1G2ZG757AQX59
B0CWPK7R3N,A1G2ZG757AQX59
B0CTQ93LDV,A1G2ZG757AQX59
B0CT8VZ8ZT,A1G2ZG757AQX59
B0CT5F2X2T,A1G2ZG757AQX59
B0CT2Y2FZ1,A1G2ZG757AQX59
B0CRYTR2JF,A1G2ZG757AQX59
B0CR9QLRQS,A1G2ZG757AQX59
B0CQYFH6H7,A1G2ZG757AQX59
B0CQLXN5B3,A1G2ZG757AQX59
B0CPX91PGY,A1G2ZG757AQX59
B0CNZBHSH4,A1G2ZG757AQX59
B0CNX9DYMG,A1G2ZG757AQX59
B0014O41NS,A1G2ZG757AQX59
B000YD0OKY,A1G2ZG757AQX59
B00002N691,A1G2ZG757AQX59
B0DGG78JKW,A1G2ZG757AQX59
B0DDY2Q6SR,A1G2ZG757AQX59
B0CVVSJ4Z5,A1G2ZG757AQX59
B0CNLSWVW7,A1G2ZG757AQX59
B0BVB419FJ,A1G2ZG757AQX59
B0BNLCZD4V,A1G2ZG757AQX59
B0BL78MZ11,A1G2ZG757AQX59
B0BHBNQY9N,A1G2ZG757AQX59
B09X9W5J8R,A1G2ZG757AQX59
B08VBDXRKN,A1G2ZG757AQX59
B08K742Z9Y,A1G2ZG757AQX59
B08G1Y1S8S,A1G2ZG757AQX59
B07RHQRGDT,A1G2ZG757AQX59
B0CNSQ2L27,A1G2ZG757AQX59
B0CN151CS3,A1G2ZG757AQX59
B0CN13YZ5T,A1G2ZG757AQX59
B0CKW4QV25,A1G2ZG757AQX59
B0CKSWC8S8,A1G2ZG757AQX59
B0CJM7J5XL,A1G2ZG757AQX59
B0CHJMT2SY,A1G2ZG757AQX59
B0C9ZSWZL5,A1G2ZG757AQX59
B0C9LQ97TQ,A1G2ZG757AQX59
B0C9HT9YB5,A1G2ZG757AQX59
B0C9GQZSQ9,A1G2ZG757AQX59
B0C6PNH4XB,A1G2ZG757AQX59
B0C5SMV1HG,A1G2ZG757AQX59
B0C58RXLS2,A1G2ZG757AQX59
B0C55DSZFN,A1G2ZG757AQX59
B0C4Z79ZF9,A1G2ZG757AQX59
B0C364DRRZ,A1G2ZG757AQX59
B0C2Y9JNJV,A1G2ZG757AQX59
B0C2T9S8FD,A1G2ZG757AQX59
B0C1S93VGY,A1G2ZG757AQX59
B0BZH1DW3L,A1G2ZG757AQX59
B0BYZ9NLS9,A1G2ZG757AQX59
B0BYHNW1K8,A1G2ZG757AQX59
B0BXLDBZVB,A1G2ZG757AQX59
B0BWTKQJ8T,A1G2ZG757AQX59
B0BW98QGN5,A1G2ZG757AQX59
B0BVLQHGML,A1G2ZG757AQX59
B0BRMYB7HZ,A1G2ZG757AQX59
B0BRJZMGVP,A1G2ZG757AQX59
B0BQQNT24S,A1G2ZG757AQX59
B0BP28GBNQ,A1G2ZG757AQX59
B0BN5LV3TT,A1G2ZG757AQX59
B0BM8N2CWY,A1G2ZG757AQX59
B0BLTZ4P6C,A1G2ZG757AQX59
B0BKY6W57R,A1G2ZG757AQX59
B0BHNB3GGD,A1G2ZG757AQX59
B0B9HDLNHJ,A1G2ZG757AQX59
B0B8F729D7,A1G2ZG757AQX59
B0B76B5P4F,A1G2ZG757AQX59
B0B637K8FR,A1G2ZG757AQX59
B0B4DYRC8X,A1G2ZG757AQX59
B09ZK47QGS,A1G2ZG757AQX59
B09XB5Z5QT,A1G2ZG757AQX59
B09TVHRXBB,A1G2ZG757AQX59
B09R3PLF8N,A1G2ZG757AQX59
B09Q8CF9PX,A1G2ZG757AQX59
B09PFY7BTS,A1G2ZG757AQX59
B09NFJMGBN,A1G2ZG757AQX59
B0DG91KMH4,A1G2ZG757AQX59
B0DBZH3FPN,A1G2ZG757AQX59
B0D8W74QF9,A1G2ZG757AQX59
B0D7PGB8H4,A1G2ZG757AQX59
B0D5YJMDCD,A1G2ZG757AQX59
B0D5CVPBN9,A1G2ZG757AQX59
B0D5BN5XQ7,A1G2ZG757AQX59
B0D56GBGDB,A1G2ZG757AQX59
B0D4YK1JRS,A1G2ZG757AQX59
B0D4TRYJ9Q,A1G2ZG757AQX59
B0D4DQ1ZKJ,A1G2ZG757AQX59
B0D3D2QKJ9,A1G2ZG757AQX59
B0D3BWY1CQ,A1G2ZG757AQX59
B0D2HFTG9T,A1G2ZG757AQX59
B0D1KRWFXF,A1G2ZG757AQX59
B0D17T8Q32,A1G2ZG757AQX59
B09H3HBHBN,A1G2ZG757AQX59
B09G6VYXMP,A1G2ZG757AQX59
B09G4V9KVJ,A1G2ZG757AQX59
B09D3G1DJ5,A1G2ZG757AQX59
B095NRHT84,A1G2ZG757AQX59
B094DT3WSF,A1G2ZG757AQX59
B094DS26Q6,A1G2ZG757AQX59
B08SHRB7YP,A1G2ZG757AQX59
B08HFF9XMR,A1G2ZG757AQX59
B08FBLZD8R,A1G2ZG757AQX59
B08C9KFZQM,A1G2ZG757AQX59
B08BLJZJV9,A1G2ZG757AQX59
B086QP7VVD,A1G2ZG757AQX59
B085XRMWYC,A1G2ZG757AQX59
B084WYJTWL,A1G2ZG757AQX59
B07YQ2LGBV,A1G2ZG757AQX59
B07XXZLC2H,A1G2ZG757AQX59
B07XXZ4NPM,A1G2ZG757AQX59
B07XG4YCKX,A1G2ZG757AQX59
B07WZWSPD9,A1G2ZG757AQX59
B07VBBRW2Q,A1G2ZG757AQX59
B07RFMPDT8,A1G2ZG757AQX59
B07PGDGV3R,A1G2ZG757AQX59
B07P6PHMJ3,A1G2ZG757AQX59
B07NSG6JQS,A1G2ZG757AQX59
B07FKGLQTL,A1G2ZG757AQX59
B07D8M9KC9,A1G2ZG757AQX59
B07BYJH3J7,A1G2ZG757AQX59
B0793HHZ1L,A1G2ZG757AQX59
B077QLG475,A1G2ZG757AQX59
B01GSPS5S4,A1G2ZG757AQX59
B01GIMPM9C,A1G2ZG757AQX59
B0D2HG6YR2,A1G2ZG757AQX59
B0D262JPLT,A1G2ZG757AQX59
B0CZP5CC63,A1G2ZG757AQX59
B0CW45FF12,A1G2ZG757AQX59
B0CQBZGKDY,A1G2ZG757AQX59
B0CLJDKZ91,A1G2ZG757AQX59
B0CD7TKV33,A1G2ZG757AQX59
B0C8NSKZQS,A1G2ZG757AQX59
B0BMTWV43F,A1G2ZG757AQX59
B0B5MC1QKF,A1G2ZG757AQX59
B09L438XZR,A1G2ZG757AQX59
B07H8JXGFY,A1G2ZG757AQX59
B0198NPZ4A,A1G2ZG757AQX59
B0DJSSRPPD,A1G2ZG757AQX59
B0DFMYWSVY,A1G2ZG757AQX59
B0DF74WGKT,A1G2ZG757AQX59
B0DDY3X8FL,A1G2ZG757AQX59
B0DDXKTGLR,A1G2ZG757AQX59
B0DB7PLCRY,A1G2ZG757AQX59
B0D5R4N58B,A1G2ZG757AQX59
B0D4QRLBQV,A1G2ZG757AQX59
B0D31NWDK2,A1G2ZG757AQX59
B0D2VZ5QFC,A1G2ZG757AQX59
B0D12J3GZ5,A1G2ZG757AQX59
B0CZ9L95JX,A1G2ZG757AQX59
B0CTTPKGJV,A1G2ZG757AQX59
B0CS344WSH,A1G2ZG757AQX59
B0CS2XM32J,A1G2ZG757AQX59
B0CPFR99MX,A1G2ZG757AQX59
B0CP7RVPPM,A1G2ZG757AQX59
B0CP247QPY,A1G2ZG757AQX59
B0CNX9H3YR,A1G2ZG757AQX59
B0CMTL6QW3,A1G2ZG757AQX59
B0CKF94VDV,A1G2ZG757AQX59
B0CHVG9V21,A1G2ZG757AQX59
B0CHRZTRTS,A1G2ZG757AQX59
B0CHMCT5HT,A1G2ZG757AQX59
B0CGWS65GF,A1G2ZG757AQX59
B0CFPYWMLN,A1G2ZG757AQX59
B0CF1QNN7Y,A1G2ZG757AQX59
B0CD79KVSM,A1G2ZG757AQX59
B0CBR4WHL9,A1G2ZG757AQX59
B0CBPN8GF1,A1G2ZG757AQX59
B0CBC45WRR,A1G2ZG757AQX59
B0C9JFR14N,A1G2ZG757AQX59
B0BGWYNRWK,A1G2ZG757AQX59
B0BFLH1NTW,A1G2ZG757AQX59
B0BDGGRQZZ,A1G2ZG757AQX59
B0BBVKRX6R,A1G2ZG757AQX59
B0BBH6SK8Y,A1G2ZG757AQX59
B0BB9D125R,A1G2ZG757AQX59
B0B8T6CKMB,A1G2ZG757AQX59
B0B8Q9DMV5,A1G2ZG757AQX59
B0B7JVV7T4,A1G2ZG757AQX59
B0B75RSP9F,A1G2ZG757AQX59
B0B4KN41JH,A1G2ZG757AQX59
B0B3MSBJ18,A1G2ZG757AQX59
B0B3DR228J,A1G2ZG757AQX59
B0B1M8XXWJ,A1G2ZG757AQX59
B0B1D4PNRD,A1G2ZG757AQX59
B09Z2H7WCG,A1G2ZG757AQX59
B0C9HZ2CP6,A1G2ZG757AQX59
B0C8N8QDXX,A1G2ZG757AQX59
B0C7TNCMJ8,A1G2ZG757AQX59
B0C6XR3BX7,A1G2ZG757AQX59
B0C6TDTQ12,A1G2ZG757AQX59
B0C6G5HV7S,A1G2ZG757AQX59
B0C65HVPKW,A1G2ZG757AQX59
B0C63F566M,A1G2ZG757AQX59
B0C4KCK2N4,A1G2ZG757AQX59
B0C4GM4J99,A1G2ZG757AQX59
B0C4DWRPS4,A1G2ZG757AQX59
B0C48TY8YN,A1G2ZG757AQX59
B0C3D1KVPB,A1G2ZG757AQX59
B0C2YWXVJ8,A1G2ZG757AQX59
B0C27Z66JD,A1G2ZG757AQX59
B0C24L64CW,A1G2ZG757AQX59
B09YV7TVYT,A1G2ZG757AQX59
B09W4VH872,A1G2ZG757AQX59
B09TZM2K5Q,A1G2ZG757AQX59
B09S5X6HMT,A1G2ZG757AQX59
B09R1PFS7V,A1G2ZG757AQX59
B09P2NWV6T,A1G2ZG757AQX59
B09N9V7VZ7,A1G2ZG757AQX59
B09LWJXCTV,A1G2ZG757AQX59
B09LHDL6KH,A1G2ZG757AQX59
B09CGGC3LK,A1G2ZG757AQX59
B096ZQLGVG,A1G2ZG757AQX59
B096B35MBV,A1G2ZG757AQX59
B095SZG5RK,A1G2ZG757AQX59
B0957B7K4D,A1G2ZG757AQX59
B092CJZHZS,A1G2ZG757AQX59
B08VRQ7934,A1G2ZG757AQX59
B0C1C1N2YN,A1G2ZG757AQX59
B0C1BYPM7G,A1G2ZG757AQX59
B0C16HTQSD,A1G2ZG757AQX59
B0BZPMH3JL,A1G2ZG757AQX59
B0BZ4GQLJP,A1G2ZG757AQX59
B0BYD6G9G6,A1G2ZG757AQX59
B0BTYC7MSH,A1G2ZG757AQX59
B0BR1PSTY1,A1G2ZG757AQX59
B0BQVZ7S9H,A1G2ZG757AQX59
B0BQMWHP34,A1G2ZG757AQX59
B0BQ7BVS1X,A1G2ZG757AQX59
B0BNT6DQD8,A1G2ZG757AQX59
B0BKZP2SRL,A1G2ZG757AQX59
B0BJPMBWKB,A1G2ZG757AQX59
B0BJDVZVFT,A1G2ZG757AQX59
B0BHRY9SHK,A1G2ZG757AQX59
B01982SJGW,A1G2ZG757AQX59
B00SKI57P2,A1G2ZG757AQX59
B00S2JJB92,A1G2ZG757AQX59
B00RLT1QMY,A1G2ZG757AQX59
B00AN5RWLM,A1G2ZG757AQX59
B00AA0QJ5A,A1G2ZG757AQX59
B008WCX7YE,A1G2ZG757AQX59
B007KFMRCC,A1G2ZG757AQX59
B005P0FZFK,A1G2ZG757AQX59
B001B12TBA,A1G2ZG757AQX59
B0DMZCPJ7Q,A1G2ZG757AQX59
B0D9VWRKWH,A1G2ZG757AQX59
B0D6YSJ6VB,A1G2ZG757AQX59
B0D5YCS8VL,A1G2ZG757AQX59
B0D3WD8WGQ,A1G2ZG757AQX59
B0D3V6NRTB,A1G2ZG757AQX59
B08SVWRHD2,A1G2ZG757AQX59
B08RMT8RFG,A1G2ZG757AQX59
B08R1Z75ZK,A1G2ZG757AQX59
B08MKVMQNX,A1G2ZG757AQX59
B08KJP7HXM,A1G2ZG757AQX59
B08K1GY6R3,A1G2ZG757AQX59
B08JQ35RK6,A1G2ZG757AQX59
B08JKD8NCX,A1G2ZG757AQX59
B08GC8ZFB4,A1G2ZG757AQX59
B08C7MND78,A1G2ZG757AQX59
B088LJ27P2,A1G2ZG757AQX59
B088KD95RB,A1G2ZG757AQX59
B086WNV43T,A1G2ZG757AQX59
B085CMXR3V,A1G2ZG757AQX59
B084S9XW5G,A1G2ZG757AQX59
B084RB9JK2,A1G2ZG757AQX59
B082TT9W8G,A1G2ZG757AQX59
B07YBX99PD,A1G2ZG757AQX59
B07XYRKK9F,A1G2ZG757AQX59
B07X5DF5Y2,A1G2ZG757AQX59
B07X1RPRBJ,A1G2ZG757AQX59
B07TT2BBYS,A1G2ZG757AQX59
B07RQY911J,A1G2ZG757AQX59
B07RJZ1JZM,A1G2ZG757AQX59
B07RB9DV2L,A1G2ZG757AQX59
B07MKZFDV1,A1G2ZG757AQX59
B07MK1DY3L,A1G2ZG757AQX59
B07L8XYR3W,A1G2ZG757AQX59
B07KXP33M4,A1G2ZG757AQX59
B07KJT8TRN,A1G2ZG757AQX59
B07K5F75W5,A1G2ZG757AQX59
B07JW2HYNJ,A1G2ZG757AQX59
B07JLJLWTM,A1G2ZG757AQX59
B07JLCPTZ8,A1G2ZG757AQX59
B07FXJN6LN,A1G2ZG757AQX59
B07DPTZTGH,A1G2ZG757AQX59
B07DPBN8K8,A1G2ZG757AQX59
B07D9K3QQW,A1G2ZG757AQX59
B07D4H776P,A1G2ZG757AQX59
B07D42N3CF,A1G2ZG757AQX59
B07D3M814L,A1G2ZG757AQX59
B07C66F266,A1G2ZG757AQX59
B0753LRD33,A1G2ZG757AQX59
B073Y6X383,A1G2ZG757AQX59
B0716XMNCG,A1G2ZG757AQX59
B06Y16C5HH,A1G2ZG757AQX59
B06XKSYB3N,A1G2ZG757AQX59
B06XJB1SQT,A1G2ZG757AQX59
B01M9CZAXG,A1G2ZG757AQX59
B01M8J83WO,A1G2ZG757AQX59
B01H2B4SRK,A1G2ZG757AQX59
B01G969YA0,A1G2ZG757AQX59
B01ELZWF34,A1G2ZG757AQX59
B018JYCD3A,A1G2ZG757AQX59
B0116871IS,A1G2ZG757AQX59
B00XNVG1ZQ,A1G2ZG757AQX59
B00WI0D5A2,A1G2ZG757AQX59
B00WI0A3KM,A1G2ZG757AQX59
B00KONIOM4,A1G2ZG757AQX59
B00I0BFA4C,A1G2ZG757AQX59
B00FRLI2O8,A1G2ZG757AQX59
B00C3NNQW6,A1G2ZG757AQX59
B006LH5UJ2,A1G2ZG757AQX59
B004W19P90,A1G2ZG757AQX59
B001C1DC6K,A1G2ZG757AQX59
B000MQ8R5W,A1G2ZG757AQX59
B0DL955LLQ,A1G2ZG757AQX59
B09Y9G2Q1N,A1G2ZG757AQX59
B081RPQ37T,A1G2ZG757AQX59
B07QBY3MVG,A1G2ZG757AQX59
B019JXYDPQ,A1G2ZG757AQX59
B009VXJW1K,A1G2ZG757AQX59
B0DF2MFXMS,A1G2ZG757AQX59
B0D95MVWGW,A1G2ZG757AQX59
B0D8HXDQPF,A1G2ZG757AQX59
B0D37JQ9HB,A1G2ZG757AQX59
B0D2KR3H15,A1G2ZG757AQX59
B0D27C7N6W,A1G2ZG757AQX59
B0CZ3FXXHV,A1G2ZG757AQX59
B0CXNY3551,A1G2ZG757AQX59
B0CWNZCXXW,A1G2ZG757AQX59
B0CTH76727,A1G2ZG757AQX59
B0CT57ZRJ4,A1G2ZG757AQX59
B0CQTGTD7R,A1G2ZG757AQX59
B0CQ4BNW64,A1G2ZG757AQX59
B0CNSNZD8N,A1G2ZG757AQX59
B0CNNLZK9H,A1G2ZG757AQX59
B0CNLR8KJ7,A1G2ZG757AQX59
B0C1YW63V2,A1G2ZG757AQX59
B0BZZBMCP4,A1G2ZG757AQX59
B0BWF7D4GM,A1G2ZG757AQX59
B0BVWJWQYV,A1G2ZG757AQX59
B0BV9MC2L6,A1G2ZG757AQX59
B0BS11DQDV,A1G2ZG757AQX59
B0BRXN94S2,A1G2ZG757AQX59
B0BRX9BSVR,A1G2ZG757AQX59
B0BMWBBCKC,A1G2ZG757AQX59
B0BMLJZ5C8,A1G2ZG757AQX59
B0BKLSYJV4,A1G2ZG757AQX59
B0BJDCLBN5,A1G2ZG757AQX59
B0BGL76W88,A1G2ZG757AQX59
B0BG6CZBS8,A1G2ZG757AQX59
B0BG3FL1FL,A1G2ZG757AQX59
B0BCPRHCGR,A1G2ZG757AQX59
B0CNLBCPNZ,A1G2ZG757AQX59
B0CN2ZJQHY,A1G2ZG757AQX59
B0CMTS9CMV,A1G2ZG757AQX59
B0CM6V8QFM,A1G2ZG757AQX59
B0CLCX3F6M,A1G2ZG757AQX59
B0CJT1SBN5,A1G2ZG757AQX59
B0CGTN3X6M,A1G2ZG757AQX59
B0CF589H8D,A1G2ZG757AQX59
B0CBT2F9BY,A1G2ZG757AQX59
B0C7FWVKJC,A1G2ZG757AQX59
B0C663G7NV,A1G2ZG757AQX59
B0C51V2PRD,A1G2ZG757AQX59
B0C3PJDPW3,A1G2ZG757AQX59
B0C3B52FD9,A1G2ZG757AQX59
B0C37M1N95,A1G2ZG757AQX59
B0C2Y8SXY6,A1G2ZG757AQX59
B0BBPX2HDH,A1G2ZG757AQX59
B0BB78JGPJ,A1G2ZG757AQX59
B0B9TTT1ZS,A1G2ZG757AQX59
B0B9RBJF6M,A1G2ZG757AQX59
B0B7B72277,A1G2ZG757AQX59
B0B6W64R6Q,A1G2ZG757AQX59
B0B6FZ28VT,A1G2ZG757AQX59
B0B5SDTX5D,A1G2ZG757AQX59
B0B4NW15KX,A1G2ZG757AQX59
B0B3CYKTWM,A1G2ZG757AQX59
B0B33CD722,A1G2ZG757AQX59
B0B28NZZKG,A1G2ZG757AQX59
B0B17Z4XQK,A1G2ZG757AQX59
B09YM1PMRN,A1G2ZG757AQX59
B09XQN4YFM,A1G2ZG757AQX59
B09XMR3FF9,A1G2ZG757AQX59
B09XJ8239C,A1G2ZG757AQX59
B09XHHVL57,A1G2ZG757AQX59
B09X4MWSFL,A1G2ZG757AQX59
B09WLJLPDV,A1G2ZG757AQX59
B09W4Z541V,A1G2ZG757AQX59
B09SHPWB2G,A1G2ZG757AQX59
B09RTV1PH5,A1G2ZG757AQX59
B09QY8TF77,A1G2ZG757AQX59
B09NRMBMPX,A1G2ZG757AQX59
B09NMP4VT4,A1G2ZG757AQX59
B09M7XCR4V,A1G2ZG757AQX59
B09LQBXDZH,A1G2ZG757AQX59
B09KGZ5NBN,A1G2ZG757AQX59
B09FM1NM71,A1G2ZG757AQX59
B09FLQ6WL7,A1G2ZG757AQX59
B09FDNTLR8,A1G2ZG757AQX59
B09C5JM7FD,A1G2ZG757AQX59
B097YDNM7Z,A1G2ZG757AQX59
B0962R8VXB,A1G2ZG757AQX59
B095NXXP8C,A1G2ZG757AQX59
B092T1ZW3G,A1G2ZG757AQX59
B092PF1GN4,A1G2ZG757AQX59
B08Y2NX7PG,A1G2ZG757AQX59
B08X2CR945,A1G2ZG757AQX59
B08VRC7BFT,A1G2ZG757AQX59
B08NWYJJF8,A1G2ZG757AQX59
B08N4DWXHD,A1G2ZG757AQX59
B08MJFRKN3,A1G2ZG757AQX59
B08K2MXBPR,A1G2ZG757AQX59
B08FCCJM47,A1G2ZG757AQX59
B08F9VKYSC,A1G2ZG757AQX59
B087HBJDV8,A1G2ZG757AQX59
B0848GV4WY,A1G2ZG757AQX59
B083XN86FH,A1G2ZG757AQX59
B083RCWDTG,A1G2ZG757AQX59
B083GY7HHN,A1G2ZG757AQX59
B082WLT9B1,A1G2ZG757AQX59
B082VNF84N,A1G2ZG757AQX59
B0813BY2ZB,A1G2ZG757AQX59
B07YV341NZ,A1G2ZG757AQX59
B07WWBFL6J,A1G2ZG757AQX59
B07VCVFVJM,A1G2ZG757AQX59
B07RF9YTVF,A1G2ZG757AQX59
B07QJ4DS7H,A1G2ZG757AQX59
B07QFSWMDK,A1G2ZG757AQX59
B07PPD6ZKV,A1G2ZG757AQX59
B07MMNXGL5,A1G2ZG757AQX59
B07M8ZYGKK,A1G2ZG757AQX59
B07M7V2YM9,A1G2ZG757AQX59
B07KBCMTYC,A1G2ZG757AQX59
B07JZ9CLYN,A1G2ZG757AQX59
B07JYLWTQG,A1G2ZG757AQX59
B07JVH69C1,A1G2ZG757AQX59
B07HPGKHLV,A1G2ZG757AQX59
B07HHR834C,A1G2ZG757AQX59
B07GXN1SB3,A1G2ZG757AQX59
B075MFZT6Y,A1G2ZG757AQX59
B073VD8HYR,A1G2ZG757AQX59
B06X9WQGM8,A1G2ZG757AQX59
B01MV6RKVF,A1G2ZG757AQX59
B01LNRKLNY,A1G2ZG757AQX59
B01H7VD9MU,A1G2ZG757AQX59
B01CGMNVGY,A1G2ZG757AQX59
B018KT7MJY,A1G2ZG757AQX59
B00V95OOS4,A1G2ZG757AQX59
B00UM9WV2Y,A1G2ZG757AQX59
B00O3GSCFW,A1G2ZG757AQX59
B00NMEWBR6,A1G2ZG757AQX59
B00H47G81C,A1G2ZG757AQX59
B00FBW5E7G,A1G2ZG757AQX59
B00EMIHQ0I,A1G2ZG757AQX59
B008A4AG2U,A1G2ZG757AQX59
B007Q2FSSY,A1G2ZG757AQX59
B000CNHGJI,A1G2ZG757AQX59
B00029J3E8,A1G2ZG757AQX59
1737211939,A1G2ZG757AQX59
B0DK2QV581,A1G2ZG757AQX59
B0BZRG5VMV,A1G2ZG757AQX59
B09L3YMQVP,A1G2ZG757AQX59
B09J24YRQR,A1G2ZG757AQX59
B092S23L8X,A1G2ZG757AQX59
B08S9BYPPQ,A1S63KZ16FBTEB
B0D1RF66CV,A1S63KZ16FBTEB
B09MHP5XYG,A1S63KZ16FBTEB
B00II33N46,A1S63KZ16FBTEB
B0BNK6KQ19,A1S63KZ16FBTEB
B0CV5QBFT7,A1S63KZ16FBTEB
B0D9WF7Z44,A1S63KZ16FBTEB
B0DCBM3JGW,A1S63KZ16FBTEB
B07YHTL9V4,A1S63KZ16FBTEB
B093N9M34N,A1S63KZ16FBTEB
B087LNZNYW,A1S63KZ16FBTEB
B01G2TAV0Q,A1S63KZ16FBTEB
B0D3D5HTWR,A1S63KZ16FBTEB
B013J7O3X0,A1S63KZ16FBTEB
B0928VWD1F,A1S63KZ16FBTEB
B072N8PSNR,A1S63KZ16FBTEB
B0D8KYLTRK,A1S63KZ16FBTEB
B0D1FYBDW6,A1S63KZ16FBTEB
B00M8X2T8S,A1S63KZ16FBTEB
B0C2SS85GD,A1S63KZ16FBTEB
B0CZNZY2BH,A1S63KZ16FBTEB
B0BQHT29M4,A1S63KZ16FBTEB
B00HSPEFM4,A1S63KZ16FBTEB
B0B9HZZXJR,A1S63KZ16FBTEB
B0007M45XE,A1S63KZ16FBTEB
B0C2P629DH,A1S63KZ16FBTEB
B0DBPNHFKQ,A1S63KZ16FBTEB
B08L69W73P,A1S63KZ16FBTEB
B07G1CFWS3,A1S63KZ16FBTEB
B0B21FVCSM,A1S63KZ16FBTEB
B092ZP49CB,A1S63KZ16FBTEB
B09HKGCVVG,A1S63KZ16FBTEB
B07N6955M6,A1S63KZ16FBTEB
B003BSB7PU,A1S63KZ16FBTEB
B0CSJXT1F2,A1S63KZ16FBTEB
B09N8W2NMM,A1S63KZ16FBTEB
B01MTA52ZK,A1S63KZ16FBTEB
B01KGFXSLQ,A1S63KZ16FBTEB
B008RA58UC,A1S63KZ16FBTEB
B0BWBRZPR7,A1S63KZ16FBTEB
B0C5SWVJ21,A1S63KZ16FBTEB
B0CXXL9H7R,A1S63KZ16FBTEB
B07JWB1X9Q,A1S63KZ16FBTEB
B0CW3Q69YB,A1S63KZ16FBTEB
B08YSMFTJG,A1S63KZ16FBTEB
B0897XVSK3,A1S63KZ16FBTEB
B07JW2XT7M,A1S63KZ16FBTEB
B0D2WYCC5R,A1S63KZ16FBTEB
B0BJP9X5ZN,A1S63KZ16FBTEB
B01GRETZ7Q,A1S63KZ16FBTEB
B015NM0EF0,A1S63KZ16FBTEB
B0BZRGDF7N,A1S63KZ16FBTEB
B07FK4HFZN,A1S63KZ16FBTEB
B01A7HAAS2,A1S63KZ16FBTEB
B08GKZJFXT,A1S63KZ16FBTEB
B0B1QHXYPK,A1S63KZ16FBTEB
B078J23N8G,A1S63KZ16FBTEB
B002RXD5T6,A1S63KZ16FBTEB
B07QXT717K,A1S63KZ16FBTEB
B001FFH4E4,A1S63KZ16FBTEB
B09YTLTR19,A1S63KZ16FBTEB
B07TWBH92Q,A1S63KZ16FBTEB
B0BM98H8BS,A1S63KZ16FBTEB
B08Q1WQKTS,A1S63KZ16FBTEB
B0CRQJ23DH,A1S63KZ16FBTEB
B09XVCMJLD,A1S63KZ16FBTEB
B0DFCXQPDZ,A1S63KZ16FBTEB
B0BGL2PJ68,A1S63KZ16FBTEB
B0BCYQKS1Q,A1S63KZ16FBTEB
B0B52DRMK1,A1S63KZ16FBTEB
B08GSTDWDD,A1S63KZ16FBTEB
B07WP6WYCG,A1S63KZ16FBTEB
B07VC36NMC,A1S63KZ16FBTEB
B07RPXKQY7,A1S63KZ16FBTEB
B07DHRBRPB,A1S63KZ16FBTEB
B06XC4KT1T,A1S63KZ16FBTEB
B01GEGXP0K,A1S63KZ16FBTEB
B015N8JPK4,A1S63KZ16FBTEB
B00LHDWX4K,A1S63KZ16FBTEB
B00LH28WK0,A1S63KZ16FBTEB
B009N44XNO,A1S63KZ16FBTEB
B0DNRZJ89H,A1S63KZ16FBTEB
B0DFCD4NFQ,A1S63KZ16FBTEB
B0C28SXYVJ,A1S63KZ16FBTEB
B0BYSTTTJ1,A1S63KZ16FBTEB
B0BYS4FJC9,A1S63KZ16FBTEB
B0BY1FXVLZ,A1S63KZ16FBTEB
B0BXKW8V4X,A1S63KZ16FBTEB
B0BX8RKJGW,A1S63KZ16FBTEB
B0BS5V32VW,A1S63KZ16FBTEB
B0BN81XVVP,A1S63KZ16FBTEB
B0BMFHS85Q,A1S63KZ16FBTEB
B0BHX1VPFH,A1S63KZ16FBTEB
B0B5L3VF75,A1S63KZ16FBTEB
B0B2F52171,A1S63KZ16FBTEB
B09ZP9GY92,A1S63KZ16FBTEB
B09YCVZ9PS,A1S63KZ16FBTEB
B09Y9DML21,A1S63KZ16FBTEB
B09WT3212N,A1S63KZ16FBTEB
B01M9ANFWW,A1S63KZ16FBTEB
B01DWQXFB4,A1S63KZ16FBTEB
B011AHSI3W,A1S63KZ16FBTEB
B0106BZI86,A1S63KZ16FBTEB
B00LTDON0K,A1S63KZ16FBTEB
B00KYWKH8O,A1S63KZ16FBTEB
B00HDOYK5W,A1S63KZ16FBTEB
B004GTMOB4,A1S63KZ16FBTEB
B001REBSKY,A1S63KZ16FBTEB
B001MKVLXC,A1S63KZ16FBTEB
B0019R7SPS,A1S63KZ16FBTEB
B000H5WU5Q,A1S63KZ16FBTEB
B000CJ0VIA,A1S63KZ16FBTEB
B09YYWMJC1,A1S63KZ16FBTEB
B0D9DG688S,A1S63KZ16FBTEB
B0D7QBXSZZ,A1S63KZ16FBTEB
B0D31NR1F3,A1S63KZ16FBTEB
B0D1FZ2D9Y,A1S63KZ16FBTEB
B0D146PQQZ,A1S63KZ16FBTEB
B0CS6HQMJL,A1S63KZ16FBTEB
B0CLZXJDWZ,A1S63KZ16FBTEB
B0CH4W9J8K,A1S63KZ16FBTEB
B0CGZF32G6,A1S63KZ16FBTEB
B0CFDTY58Z,A1S63KZ16FBTEB
B0CD2155RV,A1S63KZ16FBTEB
B0CCBKKKS8,A1S63KZ16FBTEB
B0CBTYZY2S,A1S63KZ16FBTEB
B0C865FR11,A1S63KZ16FBTEB
B0C6HKGMQL,A1S63KZ16FBTEB
B0C4DYLRMT,A1S63KZ16FBTEB
B09WHTP9C4,A1S63KZ16FBTEB
B09V2JHCC1,A1S63KZ16FBTEB
B09TRGP1CS,A1S63KZ16FBTEB
B09THJYV9C,A1S63KZ16FBTEB
B09SPXVP7M,A1S63KZ16FBTEB
B09PH3FMJ3,A1S63KZ16FBTEB
B09MP2RDPC,A1S63KZ16FBTEB
B09MB6BYLN,A1S63KZ16FBTEB
B09LHPY1PY,A1S63KZ16FBTEB
B09JS2ND11,A1S63KZ16FBTEB
B09J8MXZSN,A1S63KZ16FBTEB
B09G1B738R,A1S63KZ16FBTEB
B09FKFMJKZ,A1S63KZ16FBTEB
B09B9WPXNS,A1S63KZ16FBTEB
B09B3QL2C8,A1S63KZ16FBTEB
B0977RC335,A1S63KZ16FBTEB
B096SNS395,A1S63KZ16FBTEB
B095J254HL,A1S63KZ16FBTEB
B093JF9QY4,A1S63KZ16FBTEB
B09151L3KX,A1S63KZ16FBTEB
B08WKQ1QXJ,A1S63KZ16FBTEB
B08VFT1328,A1S63KZ16FBTEB
B08SWDJX4L,A1S63KZ16FBTEB
B08RZC38VF,A1S63KZ16FBTEB
B08RSNQ2XT,A1S63KZ16FBTEB
B08QFLPKQZ,A1S63KZ16FBTEB
B08L9N5541,A1S63KZ16FBTEB
B089XF38J6,A1S63KZ16FBTEB
B089QQ1Z7R,A1S63KZ16FBTEB
B089CVMLQJ,A1S63KZ16FBTEB
B087V4HC75,A1S63KZ16FBTEB
B087D2MQZL,A1S63KZ16FBTEB
B082FNLWTG,A1S63KZ16FBTEB
B07YNSQRX7,A1S63KZ16FBTEB
B07YG79Q85,A1S63KZ16FBTEB
B07XRHJNQX,A1S63KZ16FBTEB
B07V5T31MF,A1S63KZ16FBTEB
B07SMF57Q5,A1S63KZ16FBTEB
B07Q3D28P2,A1S63KZ16FBTEB
B07MN8VWVC,A1S63KZ16FBTEB
B07KWHVPD5,A1S63KZ16FBTEB
B07HFFLPNK,A1S63KZ16FBTEB
B07C8KY1R5,A1S63KZ16FBTEB
B0778SQQ9Z,A1S63KZ16FBTEB
B0756PRZZ2,A1S63KZ16FBTEB
B0744MQP9P,A1S63KZ16FBTEB
B0738M9P7S,A1S63KZ16FBTEB
B07258RF78,A1S63KZ16FBTEB
B0CHYRBZ76,A1S63KZ16FBTEB
B0D83PVBBZ,A1S63KZ16FBTEB
B0DJVQ3R47,A1S63KZ16FBTEB
B07VQJ9NPB,A1S63KZ16FBTEB
B08L3CFPD1,A1S63KZ16FBTEB
B099P249HH,A1S63KZ16FBTEB
B011WT29HO,A1S63KZ16FBTEB
B09C2PDJRL,A1S63KZ16FBTEB
B0BSB3PNQV,A1S63KZ16FBTEB
B0BY2B9X8Z,A1S63KZ16FBTEB
B0BP6Q6LR7,A1S63KZ16FBTEB
B0DL6H8HYG,A1S63KZ16FBTEB
B09PTGZMXB,A1S63KZ16FBTEB
B0C6DWK7HS,A1S63KZ16FBTEB
B07CXRL34L,A1S63KZ16FBTEB
B0CSF2DYM7,A1S63KZ16FBTEB
B08QXBB4VQ,A1S63KZ16FBTEB
B097Z2YS3N,A1S63KZ16FBTEB
B0C4ZW4VCX,A1S63KZ16FBTEB
B01HSFXCOU,A1S63KZ16FBTEB
B0053Y1H9G,A1S63KZ16FBTEB
B0BNSSH8ZD,A1S63KZ16FBTEB
B0CR5VDH16,A1S63KZ16FBTEB
B083WLKBC3,A1S63KZ16FBTEB
B08TBZJ975,A1S63KZ16FBTEB
B000LNQ83O,A1S63KZ16FBTEB
B07XFPQ9VW,A1S63KZ16FBTEB
B0DHX142GP,A1S63KZ16FBTEB
B083NVTMJH,A1S63KZ16FBTEB
B08YNGFLK8,A1S63KZ16FBTEB
B000S5UEQC,A1S63KZ16FBTEB
B07GGWTK4F,A1S63KZ16FBTEB
B0BPSBZ8K5,A1S63KZ16FBTEB
B0015GF2VK,A1S63KZ16FBTEB
B00K335F6S,A1S63KZ16FBTEB
B08HJ6D6TV,A1S63KZ16FBTEB
B07ZPL77DK,A1S63KZ16FBTEB
B07W951ZRY,A1S63KZ16FBTEB
B0BDHYSRKV,A1S63KZ16FBTEB
B0786G2FCM,A1S63KZ16FBTEB
B09BCG9RTQ,A1S63KZ16FBTEB
B07V2L4CZ7,A1S63KZ16FBTEB
B0CJLRZ4YR,A1S63KZ16FBTEB
B0752GM69W,A1S63KZ16FBTEB
B0BNB98MF9,A1S63KZ16FBTEB
B083NTXDTB,A1S63KZ16FBTEB
B0BG7YNFTH,A1S63KZ16FBTEB
B08M91K24Z,A1S63KZ16FBTEB
B0BM9XQSCH,A1S63KZ16FBTEB
B000P5OULA,A1S63KZ16FBTEB
B09X9FYJRJ,A1S63KZ16FBTEB
B0CT2QSVWR,A1S63KZ16FBTEB
B0C9WZD4H5,A1S63KZ16FBTEB
B0CC1BZ1DC,A1S63KZ16FBTEB
B08KL2YRKM,A1S63KZ16FBTEB
B093L79VHX,A1S63KZ16FBTEB
B0CPSCZSQ2,A1S63KZ16FBTEB
B087GCF48M,A1S63KZ16FBTEB
B08ZJFFZXM,A1S63KZ16FBTEB
B0DQ5C1ZJK,A1S63KZ16FBTEB
B000VTO2A4,A1S63KZ16FBTEB
B0CMLS2TYR,A1S63KZ16FBTEB
B08CKGY51J,A1S63KZ16FBTEB
B09Z5X9BF6,A1S63KZ16FBTEB
B0923YJJZ3,A1S63KZ16FBTEB
B0BRTH7Y23,A1S63KZ16FBTEB
B0CV47FYZ4,A1S63KZ16FBTEB
B08TX7Q9JT,A1S63KZ16FBTEB
B07B8BMNL8,A1S63KZ16FBTEB
B0C672ZTDJ,A1S63KZ16FBTEB
B0945YYMP6,A1S63KZ16FBTEB
B0D6RF5M8H,A1S63KZ16FBTEB
B0BT73XYQG,A1S63KZ16FBTEB
B07W9JH4RV,A1S63KZ16FBTEB
B00XMC5I8M,A1S63KZ16FBTEB
B0086A5I0I,A1S63KZ16FBTEB
B0BR9T2LKG,A1S63KZ16FBTEB
B01M5CD25X,A1S63KZ16FBTEB
B09L41W84D,A1S63KZ16FBTEB
B09X22TPHC,A1S63KZ16FBTEB
B09QRST6MP,A1S63KZ16FBTEB
B08G5F13W8,A1S63KZ16FBTEB
B0C6Q2DF2C,A1S63KZ16FBTEB
B096T94DKM,A1S63KZ16FBTEB
B015DBD05M,A1S63KZ16FBTEB
B00OQJR3T2,A1S63KZ16FBTEB
B07X5MS1ZC,A1S63KZ16FBTEB
B09NMYZZ1K,A1S63KZ16FBTEB
B07Q2FHQYW,A1S63KZ16FBTEB
B0BK4LNX48,A1S63KZ16FBTEB
B01NBU4BA2,A1S63KZ16FBTEB
B093LCYS9L,A1S63KZ16FBTEB
B0CDMQWS55,A1S63KZ16FBTEB
B000LFA4MI,A1S63KZ16FBTEB
B005ZDY9T0,A1S63KZ16FBTEB
B0050Q35EC,A1S63KZ16FBTEB
B01MUW4BSO,A1S63KZ16FBTEB
1549241001,A1S63KZ16FBTEB
B0DK3Y28DR,A1S63KZ16FBTEB
B0CHRKJ761,A1S63KZ16FBTEB
B0C7W12PT8,A1S63KZ16FBTEB
B0BMTMD9ST,A1S63KZ16FBTEB
B0BJZGW63K,A1S63KZ16FBTEB
B0B9MRMQ2M,A1S63KZ16FBTEB
B0B3RDP2FX,A1S63KZ16FBTEB
B09X5BFJ6P,A1S63KZ16FBTEB
B09W479LSM,A1S63KZ16FBTEB
B09JNLWYSN,A1S63KZ16FBTEB
B09GYP5C4Y,A1S63KZ16FBTEB
B09CM3P2CK,A1S63KZ16FBTEB
B0957GMRMH,A1S63KZ16FBTEB
B09334BVQ2,A1S63KZ16FBTEB
B0CM41W62L,A1S63KZ16FBTEB
B0CGYXMZB2,A1S63KZ16FBTEB
B0CFKMG2YD,A1S63KZ16FBTEB
B0CF569X7B,A1S63KZ16FBTEB
B0CD42Z27D,A1S63KZ16FBTEB
B0C892TY4Y,A1S63KZ16FBTEB
B0C7ZSNJM3,A1S63KZ16FBTEB
B0C69BXF2T,A1S63KZ16FBTEB
B0C5DB3BDV,A1S63KZ16FBTEB
B0C1BF7NVW,A1S63KZ16FBTEB
B0BZVPYMF4,A1S63KZ16FBTEB
B0BYDRZTZC,A1S63KZ16FBTEB
B0BX3TJY8Y,A1S63KZ16FBTEB
B0BX39R6CF,A1S63KZ16FBTEB
B0BW7M7F4H,A1S63KZ16FBTEB
B0BTS33N6D,A1S63KZ16FBTEB
B018ZS5A0S,A1S63KZ16FBTEB
B00SWBJJQ0,A1S63KZ16FBTEB
B004S44DTS,A1S63KZ16FBTEB
B00162RP40,A1S63KZ16FBTEB
B0DHYXC78M,A1S63KZ16FBTEB
B0DD462B7J,A1S63KZ16FBTEB
B0D9P7HQ68,A1S63KZ16FBTEB
B0D9JT22LG,A1S63KZ16FBTEB
B0D7LVT7SX,A1S63KZ16FBTEB
B0D62VC617,A1S63KZ16FBTEB
B0D1V8ZQG6,A1S63KZ16FBTEB
B0D12HC94B,A1S63KZ16FBTEB
B0D1286YBZ,A1S63KZ16FBTEB
B0CT8W4G1F,A1S63KZ16FBTEB
B0CR6PD4ZB,A1S63KZ16FBTEB
B0CNJPCLXG,A1S63KZ16FBTEB
B0BTK574CC,A1S63KZ16FBTEB
B0BSVFWLQ8,A1S63KZ16FBTEB
B0BRM7VDYM,A1S63KZ16FBTEB
B0BRCBNYV9,A1S63KZ16FBTEB
B0BNQ35VC2,A1S63KZ16FBTEB
B0BNJZ5F1B,A1S63KZ16FBTEB
B0BN8CQ6BJ,A1S63KZ16FBTEB
B0BN848GBQ,A1S63KZ16FBTEB
B0BHYM9G3S,A1S63KZ16FBTEB
B0BGMGC6NR,A1S63KZ16FBTEB
B0BDSN2XDM,A1S63KZ16FBTEB
B0BCFY2TJ6,A1S63KZ16FBTEB
B0B8CJ8N7W,A1S63KZ16FBTEB
B0B5JYBYGN,A1S63KZ16FBTEB
B0B5DGGQWZ,A1S63KZ16FBTEB
B0B4D7ZV9V,A1S63KZ16FBTEB
B0B3CL55CL,A1S63KZ16FBTEB
B0B2KSNWHH,A1S63KZ16FBTEB
B0B2DR73T1,A1S63KZ16FBTEB
B0B2DQZ4YP,A1S63KZ16FBTEB
B09ZQRMGY5,A1S63KZ16FBTEB
B09YGV8WY9,A1S63KZ16FBTEB
B09WZ2LHXC,A1S63KZ16FBTEB
B09W8J46NJ,A1S63KZ16FBTEB
B09VMV31BC,A1S63KZ16FBTEB
B09T99KJ9F,A1S63KZ16FBTEB
B09SPCMM92,A1S63KZ16FBTEB
B09QLY5558,A1S63KZ16FBTEB
B09Q2GG7SV,A1S63KZ16FBTEB
B09P1KNQM7,A1S63KZ16FBTEB
B09NKR6WPL,A1S63KZ16FBTEB
B09MFBT12H,A1S63KZ16FBTEB
B0CKW1WJP7,A1S63KZ16FBTEB
B0BB22NF67,A1S63KZ16FBTEB
B0D66MQX7X,A1S63KZ16FBTEB
B099RRWY25,A1S63KZ16FBTEB
B00BWY6YKI,A1S63KZ16FBTEB
B004MCR6RM,A1S63KZ16FBTEB
B08BNFBYX1,A1S63KZ16FBTEB
B082WWM924,A1S63KZ16FBTEB
B07ZVY3PT9,A1S63KZ16FBTEB
B07PKN4989,A1S63KZ16FBTEB
B00140KV0O,A1S63KZ16FBTEB
B0DDLH3TNX,A1S63KZ16FBTEB
B0BV21B1X5,A1S63KZ16FBTEB
B0BF548QNW,A1S63KZ16FBTEB
B09X19KVZX,A1S63KZ16FBTEB
B079G7WC79,A1S63KZ16FBTEB
B09LTPJHP3,A1S63KZ16FBTEB
B09L7JL27W,A1S63KZ16FBTEB
B09K43WQQ8,A1S63KZ16FBTEB
B09H79BQH5,A1S63KZ16FBTEB
B09F727Y25,A1S63KZ16FBTEB
B09F377SW9,A1S63KZ16FBTEB
B09DYCNYM5,A1S63KZ16FBTEB
B09DP741QR,A1S63KZ16FBTEB
B09BCLLLFC,A1S63KZ16FBTEB
B0995KBCXX,A1S63KZ16FBTEB
B095HGYSR1,A1S63KZ16FBTEB
B094148VRT,A1S63KZ16FBTEB
B093LTZ465,A1S63KZ16FBTEB
B093LM5BDJ,A1S63KZ16FBTEB
B092PX68XN,A1S63KZ16FBTEB
B0925DWS9R,A1S63KZ16FBTEB
B0917KRHBZ,A1S63KZ16FBTEB
B08X3TYWX1,A1S63KZ16FBTEB
B08NPB1LK1,A1S63KZ16FBTEB
B084DFR3SZ,A1S63KZ16FBTEB
B07ZJP1HFD,A1S63KZ16FBTEB
B07YX13K7X,A1S63KZ16FBTEB
B07Y2662S9,A1S63KZ16FBTEB
B07SYJWW56,A1S63KZ16FBTEB
B07SGZKPWD,A1S63KZ16FBTEB
B07PD8PGLR,A1S63KZ16FBTEB
B07G8QHXN4,A1S63KZ16FBTEB
B07B728G2Y,A1S63KZ16FBTEB
B075J2KWXZ,A1S63KZ16FBTEB
B0725TPFYC,A1S63KZ16FBTEB
B01BRS9K04,A1S63KZ16FBTEB
B01AIM5VIK,A1S63KZ16FBTEB
B08VN961DB,A1S63KZ16FBTEB
B08TPCGDVP,A1S63KZ16FBTEB
B08TBCC94B,A1S63KZ16FBTEB
B08SKQ792D,A1S63KZ16FBTEB
B08SHZPG6K,A1S63KZ16FBTEB
B08R63V2W5,A1S63KZ16FBTEB
B08PV3TGLN,A1S63KZ16FBTEB
B08PDZF7BQ,A1S63KZ16FBTEB
B08NWBJDZH,A1S63KZ16FBTEB
B08MZJ5BB4,A1S63KZ16FBTEB
B08LNY12P9,A1S63KZ16FBTEB
B08LKLNNF3,A1S63KZ16FBTEB
B08LG312G9,A1S63KZ16FBTEB
B08HSCHLZP,A1S63KZ16FBTEB
B08HQK9GWT,A1S63KZ16FBTEB
B08G4M7488,A1S63KZ16FBTEB
B08FR8BSNR,A1S63KZ16FBTEB
B08FFWMM4C,A1S63KZ16FBTEB
B08DWB4T2G,A1S63KZ16FBTEB
B08CK45XGR,A1S63KZ16FBTEB
B08CDFWN1Q,A1S63KZ16FBTEB
B08C5KB9BW,A1S63KZ16FBTEB
B08C2ZYM6G,A1S63KZ16FBTEB
B08B856NLZ,A1S63KZ16FBTEB
B089Y1SLNF,A1S63KZ16FBTEB
B089VLGZS5,A1S63KZ16FBTEB
B089KFR1T5,A1S63KZ16FBTEB
B089DJLTT7,A1S63KZ16FBTEB
B08952NR8Q,A1S63KZ16FBTEB
B0893XQC94,A1S63KZ16FBTEB
B087YV154W,A1S63KZ16FBTEB
B086QQM1LH,A1S63KZ16FBTEB
B085KVMSKL,A1S63KZ16FBTEB
B085G3QJWZ,A1S63KZ16FBTEB
B0859S9L2C,A1S63KZ16FBTEB
B084G2GT9C,A1S63KZ16FBTEB
B083TB2MDN,A1S63KZ16FBTEB
B083K5YW2G,A1S63KZ16FBTEB
B083DKZ8BT,A1S63KZ16FBTEB
B082RZDDCV,A1S63KZ16FBTEB
B082DTX73J,A1S63KZ16FBTEB
B0821RHGYQ,A1S63KZ16FBTEB
B081RNDJY7,A1S63KZ16FBTEB
B07Z3N7N7M,A1S63KZ16FBTEB
B07X1V1ND4,A1S63KZ16FBTEB
B07WVPQ1SK,A1S63KZ16FBTEB
B07WPNMWC5,A1S63KZ16FBTEB
B07VPWT91J,A1S63KZ16FBTEB
B07TK5CWYW,A1S63KZ16FBTEB
B07SZCHYPT,A1S63KZ16FBTEB
B07R75DSX5,A1S63KZ16FBTEB
B07Q3Y7M3Y,A1S63KZ16FBTEB
B07PSF4G7C,A1S63KZ16FBTEB
B07PNQPBN1,A1S63KZ16FBTEB
B07PJYDFVV,A1S63KZ16FBTEB
B07PHLL6VJ,A1S63KZ16FBTEB
B07PBVM9BT,A1S63KZ16FBTEB
B07NVWTSL9,A1S63KZ16FBTEB
B07N5Q97TM,A1S63KZ16FBTEB
B07M8K94C8,A1S63KZ16FBTEB
B07M7LM1H6,A1S63KZ16FBTEB
B07LBKHNQX,A1S63KZ16FBTEB
B07K1XJNJN,A1S63KZ16FBTEB
B07JYYBL1Z,A1S63KZ16FBTEB
B07JF4WTSS,A1S63KZ16FBTEB
B07GT9GV9H,A1S63KZ16FBTEB
B07F2S3RSC,A1S63KZ16FBTEB
B07DGZBFJM,A1S63KZ16FBTEB
B07DCN4677,A1S63KZ16FBTEB
B07D3B9HN9,A1S63KZ16FBTEB
B077KX2KD8,A1S63KZ16FBTEB
B07791CW4S,A1S63KZ16FBTEB
B075KQYCZ5,A1S63KZ16FBTEB
B075JK3Q1W,A1S63KZ16FBTEB
B074SX3CBH,A1S63KZ16FBTEB
B0747VYNBT,A1S63KZ16FBTEB
B073GHXZMC,A1S63KZ16FBTEB
B073BX2HR9,A1S63KZ16FBTEB
B07347STRS,A1S63KZ16FBTEB
B072S4R9GC,A1S63KZ16FBTEB
B071R31SJP,A1S63KZ16FBTEB
B071LH51NG,A1S63KZ16FBTEB
B071FDQSR3,A1S63KZ16FBTEB
B0711H2CCM,A1S63KZ16FBTEB
B06ZZGFJNX,A1S63KZ16FBTEB
B06Y6JSCZ3,A1S63KZ16FBTEB
B01MRDZXXK,A1S63KZ16FBTEB
B01INXSS18,A1S63KZ16FBTEB
B01IDFF0P8,A1S63KZ16FBTEB
B01HU696MY,A1S63KZ16FBTEB
B01H8Z28OA,A1S63KZ16FBTEB
B01GOQ5SPK,A1S63KZ16FBTEB
B01FSQQ6F8,A1S63KZ16FBTEB
B01FG34BA0,A1S63KZ16FBTEB
B01FA1HU6K,A1S63KZ16FBTEB
B017HM6Z5W,A1S63KZ16FBTEB
B016ZB4VZC,A1S63KZ16FBTEB
B014T2ZZ5O,A1S63KZ16FBTEB
B00Y9EBSUY,A1S63KZ16FBTEB
B00XKLYWFU,A1S63KZ16FBTEB
B00T14OPH0,A1S63KZ16FBTEB
B00O7S43AE,A1S63KZ16FBTEB
B00KD2X9CG,A1S63KZ16FBTEB
B00FKBR1ZG,A1S63KZ16FBTEB
B00E0N7QVY,A1S63KZ16FBTEB
B00C1XCOGM,A1S63KZ16FBTEB
B00BRM2Y18,A1S63KZ16FBTEB
B00BEZVR2U,A1S63KZ16FBTEB
B007U2H040,A1S63KZ16FBTEB
B007P5YZ36,A1S63KZ16FBTEB
B0068AEVTW,A1S63KZ16FBTEB
B005JTQKU6,A1S63KZ16FBTEB
B08BNFZFZD,A1S63KZ16FBTEB
B09XSP82YP,A1S63KZ16FBTEB
B09BXVCJBB,A1S63KZ16FBTEB
B0002I9QHS,A1S63KZ16FBTEB
B0CYZMR6DG,A1S63KZ16FBTEB
B0CD181XML,A1S63KZ16FBTEB
B0C5VZZ8Q2,A1S63KZ16FBTEB
B09ZY2K5KB,A1S63KZ16FBTEB
B09JP5PT1L,A1S63KZ16FBTEB
B004R8WMKC,A1S63KZ16FBTEB
B0042LCEZM,A1S63KZ16FBTEB
B001PNMBSK,A1S63KZ16FBTEB
B000XBDAX0,A1S63KZ16FBTEB
B000X351KS,A1S63KZ16FBTEB
B0009PXHE2,A1S63KZ16FBTEB
B00032SB2O,A1S63KZ16FBTEB
B0C5J6Q4QK,A1S63KZ16FBTEB
B009M97ISW,A1S63KZ16FBTEB
B0CL5T93N8,A1S63KZ16FBTEB
B0BJ2QBSKB,A1S63KZ16FBTEB
B0B1GT971C,A1S63KZ16FBTEB
B0BQHKVNBN,A1S63KZ16FBTEB
B000W4H66U,A1S63KZ16FBTEB
B0CH23XZL3,A1S63KZ16FBTEB
B08TBBZLD2,A1S63KZ16FBTEB
B078Z299QR,A1S63KZ16FBTEB
B005IF2SOS,A1S63KZ16FBTEB
B0BPXN7FL9,A1S63KZ16FBTEB
B0BMGHSB8Z,A1S63KZ16FBTEB
B099RSR8Z9,A1S63KZ16FBTEB
B08127ZFQG,A1S63KZ16FBTEB
B07KZ4B9MJ,A1S63KZ16FBTEB
B09Z2MX8LS,A1S63KZ16FBTEB
B0831SXS1Z,A1S63KZ16FBTEB
B0772WD4N3,A1S63KZ16FBTEB
B01FWKK81I,A1S63KZ16FBTEB
B01FVTY1FO,A1S63KZ16FBTEB
B0758XRMTF,A1S63KZ16FBTEB
B0D6SVNYCC,A1S63KZ16FBTEB
B09JGSX9SC,A1S63KZ16FBTEB
B08XPGXDXS,A1S63KZ16FBTEB
B0050Q35I8,A1S63KZ16FBTEB
B0DBLG4SMG,A1S63KZ16FBTEB
B0D2SZ6KKS,A1S63KZ16FBTEB
B0CLJRJLC9,A1S63KZ16FBTEB
B0CLCVTH1G,A1S63KZ16FBTEB
B0CHRNXVMR,A1S63KZ16FBTEB
B0BRZSRPMP,A1S63KZ16FBTEB
B09PY6MZCW,A1S63KZ16FBTEB
B097Q81T21,A1S63KZ16FBTEB
B07W1NZBMR,A1S63KZ16FBTEB
B07N3DT2Z6,A1S63KZ16FBTEB
B07952N5PH,A1S63KZ16FBTEB
B0CPPLMSNV,A1S63KZ16FBTEB
B0CCTXPHGL,A1S63KZ16FBTEB
B01605YD9W,A1S63KZ16FBTEB
B0B48K6S6Q,A1S63KZ16FBTEB
B01N4DAEOH,A1S63KZ16FBTEB
B0CRT2XDM2,A1S63KZ16FBTEB
B0CJDMNM76,A1S63KZ16FBTEB
B0DHVLQNMP,A1S63KZ16FBTEB
B0DGG6G32L,A1S63KZ16FBTEB
B0DBLS5F2Y,A1S63KZ16FBTEB
B0D9MJT3XX,A1S63KZ16FBTEB
B0D99LM86K,A1S63KZ16FBTEB
B0D89YZVLK,A1S63KZ16FBTEB
B0D7ZSZMSG,A1S63KZ16FBTEB
B0D5V4TZ4B,A1S63KZ16FBTEB
B0D53TX6DZ,A1S63KZ16FBTEB
B0D4YRR6PX,A1S63KZ16FBTEB
B0D3H8GZW9,A1S63KZ16FBTEB
B0CZZBB3H5,A1S63KZ16FBTEB
B0CZ3FCN3B,A1S63KZ16FBTEB
B0CXQ1WT5M,A1S63KZ16FBTEB
B0CT1GTNH4,A1S63KZ16FBTEB
B0CQZFVHHS,A1S63KZ16FBTEB
B0CQBTJYTP,A1S63KZ16FBTEB
B0CN8FSBCJ,A1S63KZ16FBTEB
B0CN341BL6,A1S63KZ16FBTEB
B0CMW7F2VK,A1S63KZ16FBTEB
B0CM3N18HB,A1S63KZ16FBTEB
B0CKXBCZ7T,A1S63KZ16FBTEB
B0CKSWNPR7,A1S63KZ16FBTEB
B0CKGZ3NVD,A1S63KZ16FBTEB
B0CFXPSLRG,A1S63KZ16FBTEB
B0CBMM5CVP,A1S63KZ16FBTEB
B0C9HCV362,A1S63KZ16FBTEB
B0C7BX5DXK,A1S63KZ16FBTEB
B0C6M6CX4J,A1S63KZ16FBTEB
B0C6K4P4N6,A1S63KZ16FBTEB
B0C5C9BFXM,A1S63KZ16FBTEB
B0C4Y2QMHZ,A1S63KZ16FBTEB
B0C3MC21RZ,A1S63KZ16FBTEB
B0C38681HN,A1S63KZ16FBTEB
B0C33DT4NS,A1S63KZ16FBTEB
B0C1VQZ3QX,A1S63KZ16FBTEB
B0BZXV4R9C,A1S63KZ16FBTEB
B0BZHWJJXY,A1S63KZ16FBTEB
B0BZ12MDY8,A1S63KZ16FBTEB
B0BYHNW1K8,A1S63KZ16FBTEB
B0BY2MRQBG,A1S63KZ16FBTEB
B0BXHLDSPH,A1S63KZ16FBTEB
B0BX8QY99G,A1S63KZ16FBTEB
B0BWHJ66JS,A1S63KZ16FBTEB
B0BWH95K6L,A1S63KZ16FBTEB
B0B627ZVHY,A1S63KZ16FBTEB
B09VX9MGX7,A1S63KZ16FBTEB
B09TS2813W,A1S63KZ16FBTEB
B09TBNGZRZ,A1S63KZ16FBTEB
B09QKPDWB9,A1S63KZ16FBTEB
B09PYB51VR,A1S63KZ16FBTEB
B09PQ9MBRT,A1S63KZ16FBTEB
B09ND9H7M4,A1S63KZ16FBTEB
B09M86HKVT,A1S63KZ16FBTEB
B09KP6N6F1,A1S63KZ16FBTEB
B09JFX6QPM,A1S63KZ16FBTEB
B09GK5X4PP,A1S63KZ16FBTEB
B09GF9SLWL,A1S63KZ16FBTEB
B09CLZ2PJ2,A1S63KZ16FBTEB
B09642XBDL,A1S63KZ16FBTEB
B094QJ2Z1C,A1S63KZ16FBTEB
B0BTV2SJHF,A1S63KZ16FBTEB
B0BT4JDNWB,A1S63KZ16FBTEB
B0BS6LVZ7Z,A1S63KZ16FBTEB
B0BS3H8ML9,A1S63KZ16FBTEB
B0BRKQP1CY,A1S63KZ16FBTEB
B0BRJM7H8W,A1S63KZ16FBTEB
B0BNH5P6TP,A1S63KZ16FBTEB
B0BNDSJ1ZS,A1S63KZ16FBTEB
B0BJV2T5WW,A1S63KZ16FBTEB
B0BHTBQST8,A1S63KZ16FBTEB
B0BHT9VV7L,A1S63KZ16FBTEB
B0BHT9FHX1,A1S63KZ16FBTEB
B0BGRMTJ1T,A1S63KZ16FBTEB
B0BF9HPPR8,A1S63KZ16FBTEB
B0B84WB37B,A1S63KZ16FBTEB
B092852YJ1,A1S63KZ16FBTEB
B08VGMXCHR,A1S63KZ16FBTEB
B08R1BSVQR,A1S63KZ16FBTEB
B08G47PXS3,A1S63KZ16FBTEB
B08F9YPCKP,A1S63KZ16FBTEB
B08F8W7ZRZ,A1S63KZ16FBTEB
B08D1QQNB9,A1S63KZ16FBTEB
B089VV142F,A1S63KZ16FBTEB
B089VKQQXL,A1S63KZ16FBTEB
B08769YZ96,A1S63KZ16FBTEB
B081VY561Z,A1S63KZ16FBTEB
B07YJTQKWP,A1S63KZ16FBTEB
B07WGBQ8TF,A1S63KZ16FBTEB
B07W428XC9,A1S63KZ16FBTEB
B07THQY39X,A1S63KZ16FBTEB
B07KQ4TQFB,A1S63KZ16FBTEB
B07HK9GXD2,A1S63KZ16FBTEB
B07D5V9V44,A1S63KZ16FBTEB
B07BDV5LH5,A1S63KZ16FBTEB
B07B1PJTXG,A1S63KZ16FBTEB
B077P81FF1,A1S63KZ16FBTEB
B072K5JXGF,A1S63KZ16FBTEB
B071K5D7WF,A1S63KZ16FBTEB
B06X6GR1TQ,A1S63KZ16FBTEB
B01M4FDRHD,A1S63KZ16FBTEB
B01LDY4X36,A1S63KZ16FBTEB
B01IH41CUW,A1S63KZ16FBTEB
B01I32H392,A1S63KZ16FBTEB
B01EHFWR6I,A1S63KZ16FBTEB
B018UJHVEA,A1S63KZ16FBTEB
B00UVXAXF8,A1S63KZ16FBTEB
B00RU9CPOI,A1S63KZ16FBTEB
B00NL47YBU,A1S63KZ16FBTEB
B00HJAEO1U,A1S63KZ16FBTEB
B00FQELV80,A1S63KZ16FBTEB
B00DHQ26QK,A1S63KZ16FBTEB
B008PFHGXQ,A1S63KZ16FBTEB
B008PFHGUE,A1S63KZ16FBTEB
B007L4HOI4,A1S63KZ16FBTEB
B007JSCV12,A1S63KZ16FBTEB
B004YC7P8A,A1S63KZ16FBTEB
B004UN8ZNM,A1S63KZ16FBTEB
B004T8YILG,A1S63KZ16FBTEB
B004BB2CJG,A1S63KZ16FBTEB
B003SVOWXY,A1S63KZ16FBTEB
B000BWDVVC,A1S63KZ16FBTEB
B0DMVF3YQP,A1S63KZ16FBTEB
B0CBK3PJGZ,A1S63KZ16FBTEB
B089H1SQDD,A1S63KZ16FBTEB
B06XTCXPK6,A1S63KZ16FBTEB
B003JSU3KC,A1S63KZ16FBTEB
B0D3CXGTXH,A1S63KZ16FBTEB
B0BP14ND31,A1S63KZ16FBTEB
B07WC9MSW8,A1S63KZ16FBTEB
B0B8Z52HLF,A1S63KZ16FBTEB
B0169AYZ8W,A1S63KZ16FBTEB
B01JCKLFA2,A1S63KZ16FBTEB
B003XU7T4Y,A1S63KZ16FBTEB
B0BW49SRLQ,A1S63KZ16FBTEB
B0D2GSJK32,A1S63KZ16FBTEB
B005IXSXPI,A1S63KZ16FBTEB
B0B24P369R,A1S63KZ16FBTEB
B0CR5WFBVP,A1S63KZ16FBTEB
B089Q77XZ1,A1S63KZ16FBTEB
B0BTP83JXM,A1S63KZ16FBTEB
B000GU67VU,A1S63KZ16FBTEB
B0BYD7HSKK,A1S63KZ16FBTEB
B0CKX18572,A1S63KZ16FBTEB
B0CDGH2XD8,A1S63KZ16FBTEB
B0DPHFHLQ1,A1S63KZ16FBTEB
B09N9W1JHB,A1S63KZ16FBTEB
B0BN4HGMMT,A1S63KZ16FBTEB
B0BDQ57FHD,A1S63KZ16FBTEB
B00078X4B2,A1S63KZ16FBTEB
B07X8W3KTG,A1S63KZ16FBTEB
B01M4OS5FP,A1S63KZ16FBTEB
B0BZGLVTP9,A1S63KZ16FBTEB
B0CLD8KWL9,A1S63KZ16FBTEB
B0CTHHHRRS,A1S63KZ16FBTEB
B0CLVMXH3Y,A1S63KZ16FBTEB
B07VN7S2JH,A1S63KZ16FBTEB
B01IPNAW6U,A1S63KZ16FBTEB
B0DLV96MBV,A1S63KZ16FBTEB
B0C8J6LLXP,A1S63KZ16FBTEB
B0C5X8LTRM,A1S63KZ16FBTEB
B0C5C78L7L,A1S63KZ16FBTEB
B0C56PGJWD,A1S63KZ16FBTEB
B0C4DT9MBT,A1S63KZ16FBTEB
B0C4577XQZ,A1S63KZ16FBTEB
B0C2GK5MKR,A1S63KZ16FBTEB
B0C1FSNHPB,A1S63KZ16FBTEB
B0BXCW9Q51,A1S63KZ16FBTEB
B0BWKZTV79,A1S63KZ16FBTEB
B0BS9834SP,A1S63KZ16FBTEB
B0BRSD2F5Z,A1S63KZ16FBTEB
B0BRG1VRB2,A1S63KZ16FBTEB
B0BNJQZRSQ,A1S63KZ16FBTEB
B0BJ647Q46,A1S63KZ16FBTEB
B0BGFC77M6,A1S63KZ16FBTEB
B092YVYS1K,A1S63KZ16FBTEB
B08BPKZH45,A1S63KZ16FBTEB
B073SR1TW2,A1S63KZ16FBTEB
B003468CM0,A1S63KZ16FBTEB
B0DJWBCQYC,A1S63KZ16FBTEB
B0DCBF6M5W,A1S63KZ16FBTEB
B0DBLVMTGF,A1S63KZ16FBTEB
B0D5TMJJPK,A1S63KZ16FBTEB
B0CY7SXBKK,A1S63KZ16FBTEB
B0CP8WYMKP,A1S63KZ16FBTEB
B0CNSYXG61,A1S63KZ16FBTEB
B0CNJZ2DWL,A1S63KZ16FBTEB
B0CMXKKKVX,A1S63KZ16FBTEB
B0CLB9FBBM,A1S63KZ16FBTEB
B0CFF9YSRB,A1S63KZ16FBTEB
B0CFCVBDMQ,A1S63KZ16FBTEB
B07CBNRV9L,A1S63KZ16FBTEB
B0DLL18232,A1S63KZ16FBTEB
B003Z9JN3I,A1S63KZ16FBTEB
B07DMR7SZB,A1S63KZ16FBTEB
B06XKJV2PN,A1S63KZ16FBTEB
B0CY25CRSR,A1S63KZ16FBTEB
B0CQMT4MX1,A1S63KZ16FBTEB
B0BJQHSTX2,A1S63KZ16FBTEB
B0C7G5KBQC,A1S63KZ16FBTEB
B0BX67RZCS,A1S63KZ16FBTEB
B0BWLQHD5Z,A1S63KZ16FBTEB
B0B8HRR8MG,A1S63KZ16FBTEB
B0B772YZG8,A1S63KZ16FBTEB
B09XFJH2XK,A1S63KZ16FBTEB
B09WVZMKWG,A1S63KZ16FBTEB
B094Y61CTK,A1S63KZ16FBTEB
B0BFHWRQD5,A1S63KZ16FBTEB
B0BD4CM3JM,A1S63KZ16FBTEB
B0BC7QZFX6,A1S63KZ16FBTEB
B0BB6J8PB2,A1S63KZ16FBTEB
B0B6ZRYXDX,A1S63KZ16FBTEB
B0B6D9F34K,A1S63KZ16FBTEB
B0B5MM5B6T,A1S63KZ16FBTEB
B0B5MFHNRG,A1S63KZ16FBTEB
B0B28KSFR6,A1S63KZ16FBTEB
B09XT8ZY9S,A1S63KZ16FBTEB
B09WMRNPY1,A1S63KZ16FBTEB
B09WJFFP2P,A1S63KZ16FBTEB
B09PTPTWT8,A1S63KZ16FBTEB
B09PT9YQ56,A1S63KZ16FBTEB
B09PF7464L,A1S63KZ16FBTEB
B09P4RDGW4,A1S63KZ16FBTEB
B09MVZ5SN8,A1S63KZ16FBTEB
B09M86ZYYV,A1S63KZ16FBTEB
B09L7KL2TK,A1S63KZ16FBTEB
B09FDC2V8L,A1S63KZ16FBTEB
B09C2FZ11F,A1S63KZ16FBTEB
B0992PLC63,A1S63KZ16FBTEB
B097XDHM41,A1S63KZ16FBTEB
B097HD8ZQP,A1S63KZ16FBTEB
B096TB2CT6,A1S63KZ16FBTEB
B096P2G8NT,A1S63KZ16FBTEB
B08ZCQVV8S,A1S63KZ16FBTEB
B08VNJZ531,A1S63KZ16FBTEB
B08TVV4YGK,A1S63KZ16FBTEB
B08T79C13X,A1S63KZ16FBTEB
B08MKXTN3H,A1S63KZ16FBTEB
B08L4JX9X1,A1S63KZ16FBTEB
B07B6THGN9,A1S63KZ16FBTEB
B079NS3B26,A1S63KZ16FBTEB
B077TQCY4F,A1S63KZ16FBTEB
B076VLLFWJ,A1S63KZ16FBTEB
B076L726W5,A1S63KZ16FBTEB
B0751B7WXR,A1S63KZ16FBTEB
B0727TH411,A1S63KZ16FBTEB
B0727MMYGG,A1S63KZ16FBTEB
B071LQBK6X,A1S63KZ16FBTEB
B071FJ2N5R,A1S63KZ16FBTEB
B071F5F4B3,A1S63KZ16FBTEB
B06XG74DDJ,A1S63KZ16FBTEB
B06VXH56YN,A1S63KZ16FBTEB
B01NBUJJL5,A1S63KZ16FBTEB
B01MRKDZ1B,A1S63KZ16FBTEB
B01LXO79CL,A1S63KZ16FBTEB
B01L2XR4P2,A1S63KZ16FBTEB
B01IRQXDZC,A1S63KZ16FBTEB
B01G7MSDLW,A1S63KZ16FBTEB
B01EPL6BB6,A1S63KZ16FBTEB
B00IAY9NT2,A1S63KZ16FBTEB
B00BHLE6MO,A1S63KZ16FBTEB
B009YVH0KE,A1S63KZ16FBTEB
B006LYHFBQ,A1S63KZ16FBTEB
B0055778PI,A1S63KZ16FBTEB
B003T6EJ9A,A1S63KZ16FBTEB
B001V9XDUS,A1S63KZ16FBTEB
B000S75K7S,A1S63KZ16FBTEB
B077X9VFPV,A1S63KZ16FBTEB
B075RH6V94,A1S63KZ16FBTEB
B015O9CABI,A1S63KZ16FBTEB
B0B5WL5NLN,A1S63KZ16FBTEB
B07WHKJGQG,A1S63KZ16FBTEB
B07WHBX9FB,A1S63KZ16FBTEB
B07VCGWZWZ,A1S63KZ16FBTEB
B07SKNRZC6,A1S63KZ16FBTEB
B07PR7ZM3Q,A1S63KZ16FBTEB
B07P7LVRQY,A1S63KZ16FBTEB
B07N598PXM,A1S63KZ16FBTEB
B07M6GM4RV,A1S63KZ16FBTEB
B07K1WP871,A1S63KZ16FBTEB
B07J3K1PPR,A1S63KZ16FBTEB
B07FFBCG29,A1S63KZ16FBTEB
B07DWHQP7L,A1S63KZ16FBTEB
B07D6RCSNW,A1S63KZ16FBTEB
B07BZW3XCJ,A1S63KZ16FBTEB
B07BVMKWWD,A1S63KZ16FBTEB
B07BRVSNNX,A1S63KZ16FBTEB
B09Y8ZQV8S,A1S63KZ16FBTEB
B0CJ51FCBN,A1S63KZ16FBTEB
B087VB3QQP,A1S63KZ16FBTEB
B0C6Q4H3NR,A1S63KZ16FBTEB
B0BPPSQDWF,A1S63KZ16FBTEB
B0BJP8KG1L,A1S63KZ16FBTEB
B0BJCD22J3,A1S63KZ16FBTEB
B09K5CL8B4,A1S63KZ16FBTEB
B0967WGQ29,A1S63KZ16FBTEB
B08CK6TXLN,A1S63KZ16FBTEB
B07VGPG51M,A1S63KZ16FBTEB
B07HQ1PMRF,A1S63KZ16FBTEB
B07FXRJR8X,A1S63KZ16FBTEB
B00Q3IDN5M,A1S63KZ16FBTEB
B007JW093K,A1S63KZ16FBTEB
B004SZ0YYU,A1S63KZ16FBTEB
B08L3TJX4Z,A1S63KZ16FBTEB
B08L27GRPJ,A1S63KZ16FBTEB
B08GS4FZ35,A1S63KZ16FBTEB
B08FX568H5,A1S63KZ16FBTEB
B088H3H7HL,A1S63KZ16FBTEB
B087QQNJX2,A1S63KZ16FBTEB
B0878Z7Z1F,A1S63KZ16FBTEB
B086M5BPTF,A1S63KZ16FBTEB
B086DRG2HX,A1S63KZ16FBTEB
B0861ZDBKL,A1S63KZ16FBTEB
B0861FKKVB,A1S63KZ16FBTEB
B0822TDWNF,A1S63KZ16FBTEB
B07ZB124ZY,A1S63KZ16FBTEB
B07YD7P7TG,A1S63KZ16FBTEB
B07X87YVLY,A1S63KZ16FBTEB
B07WRLWX73,A1S63KZ16FBTEB
B0BZVL1KX9,A1S63KZ16FBTEB
B0BZ4W4MB1,A1S63KZ16FBTEB
B0BXYJC35C,A1S63KZ16FBTEB
B0BXNZRHVL,A1S63KZ16FBTEB
B0BXDGNHD5,A1S63KZ16FBTEB
B0BVZBD6ZV,A1S63KZ16FBTEB
B0BV7B6JTV,A1S63KZ16FBTEB
B0BV5YRWS4,A1S63KZ16FBTEB
B0BTGLGV5T,A1S63KZ16FBTEB
B0BSB1SD3G,A1S63KZ16FBTEB
B0BRCX7WCM,A1S63KZ16FBTEB
B0BR3HVFV7,A1S63KZ16FBTEB
B0BQHLSCYQ,A1S63KZ16FBTEB
B0BPJY5X96,A1S63KZ16FBTEB
B0BHN7K52L,A1S63KZ16FBTEB
B0BGDGBP4Q,A1S63KZ16FBTEB
B003PHLTOG,A1S63KZ16FBTEB
B00025YRJS,A1S63KZ16FBTEB
B09XBTPXD1,A1S63KZ16FBTEB
B0D4DX4KC5,A1S63KZ16FBTEB
B0CT8VDGW6,A1S63KZ16FBTEB
B0CRV7C61Q,A1S63KZ16FBTEB
B0CNKLYVKS,A1S63KZ16FBTEB
B0CLHZ7KHM,A1S63KZ16FBTEB
B0CG5VJLZ6,A1S63KZ16FBTEB
B0CF9NC9W4,A1S63KZ16FBTEB
B0CF16VCBC,A1S63KZ16FBTEB
B0CBCQ9XSK,A1S63KZ16FBTEB
B0C9MD4CWT,A1S63KZ16FBTEB
B0C9934KNZ,A1S63KZ16FBTEB
B0C952QSPQ,A1S63KZ16FBTEB
B0C8H352KF,A1S63KZ16FBTEB
B0BFGNSXYL,A1S63KZ16FBTEB
B0BC98ZTH8,A1S63KZ16FBTEB
B0BC8JYPM8,A1S63KZ16FBTEB
B0BBSCYMVH,A1S63KZ16FBTEB
B0B8RHGZX8,A1S63KZ16FBTEB
B0B8C3D68Y,A1S63KZ16FBTEB
B0B5QF7MZ9,A1S63KZ16FBTEB
B09ZLM91L6,A1S63KZ16FBTEB
B09ZGWR1TT,A1S63KZ16FBTEB
B09VSSBQHW,A1S63KZ16FBTEB
B09SPNTZSW,A1S63KZ16FBTEB
B09QL1C7S7,A1S63KZ16FBTEB
B09QCR9JZQ,A1S63KZ16FBTEB
B09P741YDQ,A1S63KZ16FBTEB
B09P1F6YXY,A1S63KZ16FBTEB
B09NXR4FTR,A1S63KZ16FBTEB
B07XQ5V94Z,A1S63KZ16FBTEB
B07XHMF1BK,A1S63KZ16FBTEB
B07WHZ74FW,A1S63KZ16FBTEB
B07SYQSRFP,A1S63KZ16FBTEB
B07SWTLTSD,A1S63KZ16FBTEB
B07PWGMC5K,A1S63KZ16FBTEB
B07PLFJ3D8,A1S63KZ16FBTEB
B07P9VNX4C,A1S63KZ16FBTEB
B07NBWR5S7,A1S63KZ16FBTEB
B07L3HSWNH,A1S63KZ16FBTEB
B07HDV2W5H,A1S63KZ16FBTEB
B07D7CVZST,A1S63KZ16FBTEB
B07CVTQ2KL,A1S63KZ16FBTEB
B078QDCVL2,A1S63KZ16FBTEB
B078JFX86H,A1S63KZ16FBTEB
B0785LCP1S,A1S63KZ16FBTEB
B08GKTMWXG,A1S63KZ16FBTEB
B08G533DMW,A1S63KZ16FBTEB
B08FXRTNWK,A1S63KZ16FBTEB
B08FRQZSGY,A1S63KZ16FBTEB
B08F7TS1NK,A1S63KZ16FBTEB
B08DD9HKCP,A1S63KZ16FBTEB
B08CSMPFWS,A1S63KZ16FBTEB
B08BYHF2CG,A1S63KZ16FBTEB
B0893RCQ7K,A1S63KZ16FBTEB
B0868R19P9,A1S63KZ16FBTEB
B085GKLRXK,A1S63KZ16FBTEB
B083LXNKSZ,A1S63KZ16FBTEB
B0822VB3F7,A1S63KZ16FBTEB
B07ZWLTCCM,A1S63KZ16FBTEB
B07ZP52HCK,A1S63KZ16FBTEB
B07ZHT714F,A1S63KZ16FBTEB
B094VWDBGR,A1S63KZ16FBTEB
B0943W5RQ7,A1S63KZ16FBTEB
B09339FG3K,A1S63KZ16FBTEB
B092LCZF2G,A1S63KZ16FBTEB
B08YXTZDMS,A1S63KZ16FBTEB
B08YTFP4WK,A1S63KZ16FBTEB
B08YGJPCH3,A1S63KZ16FBTEB
B08Y94X35X,A1S63KZ16FBTEB
B08RRSJ638,A1S63KZ16FBTEB
B08R3ZZ857,A1S63KZ16FBTEB
B08QMLFP8G,A1S63KZ16FBTEB
B08ND1QJST,A1S63KZ16FBTEB
B08KSDCPTN,A1S63KZ16FBTEB
B08KFGNN2M,A1S63KZ16FBTEB
B08H1K1J29,A1S63KZ16FBTEB
B08GSS5ZN2,A1S63KZ16FBTEB
B077SKC776,A1S63KZ16FBTEB
B0747VKPSY,A1S63KZ16FBTEB
B0746CLYLH,A1S63KZ16FBTEB
B06XGQVXDF,A1S63KZ16FBTEB
B01KNDM8M6,A1S63KZ16FBTEB
B01I0X9UQ8,A1S63KZ16FBTEB
B01C5PDEJQ,A1S63KZ16FBTEB
B014IWD3OA,A1S63KZ16FBTEB
B00XKK74Y2,A1S63KZ16FBTEB
B00KDQONA4,A1S63KZ16FBTEB
B00I8OH1VQ,A1S63KZ16FBTEB
B00AO0D7Z6,A1S63KZ16FBTEB
B0093CHZ8G,A1S63KZ16FBTEB
B008J4V1J8,A1S63KZ16FBTEB
B0059HJZO6,A1S63KZ16FBTEB
B004JPMS7K,A1S63KZ16FBTEB
B003WUYG28,A1S63KZ16FBTEB
B003UGSYRM,A1S63KZ16FBTEB
B0027A3CCY,A1S63KZ16FBTEB
B000QDRRNY,A1S63KZ16FBTEB
B000GZPH1G,A1S63KZ16FBTEB
B0009Y2DJS,A1S63KZ16FBTEB
B09NPRY5G7,A1S63KZ16FBTEB
B09MW1DZ5Q,A1S63KZ16FBTEB
B09MTHYHZJ,A1S63KZ16FBTEB
B09H5FML1X,A1S63KZ16FBTEB
B09C52JNKS,A1S63KZ16FBTEB
B09C4SRLHW,A1S63KZ16FBTEB
B09BJ1Q7NH,A1S63KZ16FBTEB
B09B7C8P8G,A1S63KZ16FBTEB
B09B16G4X9,A1S63KZ16FBTEB
B098L9VDQN,A1S63KZ16FBTEB
B097XVNGJB,A1S63KZ16FBTEB
B097M7JSC8,A1S63KZ16FBTEB
B096D8LLTR,A1S63KZ16FBTEB
B095VYXY6S,A1S63KZ16FBTEB
B0952TMJ2D,A1S63KZ16FBTEB
B0952P4LBD,A1S63KZ16FBTEB
B0CTH1RP5Z,A1S63KZ16FBTEB
B0BHL51NMT,A1S63KZ16FBTEB
B0CNW4ZTT3,A1S63KZ16FBTEB
B0BHSG66SB,A1S63KZ16FBTEB
B0C2KBHMPM,A1S63KZ16FBTEB
B0D8S3SM9R,A1S63KZ16FBTEB
B0842S23PN,A1S63KZ16FBTEB
B07X3LJBQP,A1S63KZ16FBTEB
B07MKG6DTD,A1S63KZ16FBTEB
B0CD15ZYT5,A1S63KZ16FBTEB
B08S96RXQH,A1S63KZ16FBTEB
B08L837C6C,A1S63KZ16FBTEB
B07S3JBR2M,A1S63KZ16FBTEB
B0CQ1S2JYR,A1S63KZ16FBTEB
B0CFB39Q28,A1S63KZ16FBTEB
B0C85BDS6Y,A1S63KZ16FBTEB
B0C1NKVVZZ,A1S63KZ16FBTEB
B0BDRNSGQP,A1S63KZ16FBTEB
B09HSSJDJ9,A1S63KZ16FBTEB
B092J6CLJ6,A1S63KZ16FBTEB
B08T17V1ZJ,A1S63KZ16FBTEB
B08K2KP29B,A1S63KZ16FBTEB
B088FLHFV6,A1S63KZ16FBTEB
B084KK17JF,A1S63KZ16FBTEB
B07G13WRLG,A1S63KZ16FBTEB
B0794GJQCF,A1S63KZ16FBTEB
B0DS7W8HX3,A1S63KZ16FBTEB
B0DFQGSQDF,A1S63KZ16FBTEB
B0D7PJ65TV,A1S63KZ16FBTEB
B0D326SSYT,A1S63KZ16FBTEB
B0D1V7MGTG,A1S63KZ16FBTEB
B0D1MW11QN,A1S63KZ16FBTEB
B07BFHJV2G,A1S63KZ16FBTEB
B08Y8SRV21,A1S63KZ16FBTEB
B00I2UBPM2,A1S63KZ16FBTEB
B0CZLKLDMB,A1S63KZ16FBTEB
B0CZ57PB3S,A1S63KZ16FBTEB
B0CYSWDC9G,A1S63KZ16FBTEB
B0CY4Y9BZN,A1S63KZ16FBTEB
B0CXD3D9NK,A1S63KZ16FBTEB
B0CW1LD44X,A1S63KZ16FBTEB
B0CS28ZLWS,A1S63KZ16FBTEB
B0CQLS5YQ2,A1S63KZ16FBTEB
B0CQBZ2X93,A1S63KZ16FBTEB
B0CLVM8FHG,A1S63KZ16FBTEB
B0CK4XMKFC,A1S63KZ16FBTEB
B0CJKNJVYK,A1S63KZ16FBTEB
B0CJJDZR78,A1S63KZ16FBTEB
B0CGTYHZM2,A1S63KZ16FBTEB
B0CFVKKB1F,A1S63KZ16FBTEB
B0CF96HPMZ,A1S63KZ16FBTEB
B0786GJ24N,A1S63KZ16FBTEB
B0CFWNX4L6,A1S63KZ16FBTEB
B0BMX8RCMH,A1S63KZ16FBTEB
B08R7Y9KS5,A1S63KZ16FBTEB
B005G5DK88,A1S63KZ16FBTEB
B0BZHDMZM9,A1S63KZ16FBTEB
B01C7AU8IY,A1S63KZ16FBTEB
B0CF3KPKGH,A1S63KZ16FBTEB
B09S3TDN7J,A1S63KZ16FBTEB
B000CCG1E0,A1S63KZ16FBTEB
B0CTQFB5T9,A1S63KZ16FBTEB
B0CTKWDZ5V,A1S63KZ16FBTEB
B0BRBGTHZB,A1S63KZ16FBTEB
B0CDK8L5QW,A1S63KZ16FBTEB
B0CD2DG837,A1S63KZ16FBTEB
B0CCTPH8XL,A1S63KZ16FBTEB
B0CBNZXKLJ,A1S63KZ16FBTEB
B0CBNFFWTQ,A1S63KZ16FBTEB
B0C7R25898,A1S63KZ16FBTEB
B0C6WXG6M2,A1S63KZ16FBTEB
B0C6LFBWBV,A1S63KZ16FBTEB
B0C4N5V711,A1S63KZ16FBTEB
B0C49K9RKJ,A1S63KZ16FBTEB
B0C3GBTVTG,A1S63KZ16FBTEB
B0C2QH27YB,A1S63KZ16FBTEB
B0C2KLLJPD,A1S63KZ16FBTEB
B0BY7ZXKVX,A1S63KZ16FBTEB
B0BXKRM41Z,A1S63KZ16FBTEB
B0BXCHYXTF,A1S63KZ16FBTEB
B0B4VKHC73,A1S63KZ16FBTEB
B0B3XNDJ44,A1S63KZ16FBTEB
B0B3WYJSR8,A1S63KZ16FBTEB
B0B31PWK4W,A1S63KZ16FBTEB
B0B2W3X4SN,A1S63KZ16FBTEB
B0B2J2Z54G,A1S63KZ16FBTEB
B09Z6L3JXF,A1S63KZ16FBTEB
B09X1YMZ8W,A1S63KZ16FBTEB
B09SZBCB5L,A1S63KZ16FBTEB
B09SL92T59,A1S63KZ16FBTEB
B09S3MDXY9,A1S63KZ16FBTEB
B09Q3MHMRM,A1S63KZ16FBTEB
B09PXYVX2K,A1S63KZ16FBTEB
B09PFNG7L5,A1S63KZ16FBTEB
B09N19JNS2,A1S63KZ16FBTEB
B09MCLSXXP,A1S63KZ16FBTEB
B09MBB2XHK,A1S63KZ16FBTEB
B09JYYBD5Y,A1S63KZ16FBTEB
B09JFYX1Y7,A1S63KZ16FBTEB
B09DPJGRPG,A1S63KZ16FBTEB
B09BNLTYTH,A1S63KZ16FBTEB
B09BJG4CKX,A1S63KZ16FBTEB
B0995G9DFR,A1S63KZ16FBTEB
B096HRRYNV,A1S63KZ16FBTEB
B095VV8MP8,A1S63KZ16FBTEB
B095C1HPLD,A1S63KZ16FBTEB
B091PGM3JL,A1S63KZ16FBTEB
B091DJKVJP,A1S63KZ16FBTEB
B09179LRTH,A1S63KZ16FBTEB
B0915MDB49,A1S63KZ16FBTEB
B08Y5Q8PQK,A1S63KZ16FBTEB
B08X39S55G,A1S63KZ16FBTEB
B08TTQ4RF8,A1S63KZ16FBTEB
B08SW6B2NW,A1S63KZ16FBTEB
B08S338N6R,A1S63KZ16FBTEB
B08R1K8P3H,A1S63KZ16FBTEB
B08QYN2XGG,A1S63KZ16FBTEB
B08QVSPV79,A1S63KZ16FBTEB
B08QTZ2NRZ,A1S63KZ16FBTEB
B08Q4843V6,A1S63KZ16FBTEB
B08PZJCJPP,A1S63KZ16FBTEB
B08NT3HRBL,A1S63KZ16FBTEB
B08JPM53DR,A1S63KZ16FBTEB
B08GLQ2XVH,A1S63KZ16FBTEB
B08CS2B1GM,A1S63KZ16FBTEB
B08CGT1X7V,A1S63KZ16FBTEB
B08C81F6MC,A1S63KZ16FBTEB
B08BTHWWL2,A1S63KZ16FBTEB
B088K85NBK,A1S63KZ16FBTEB
B088DRNG39,A1S63KZ16FBTEB
B087LQSCWC,A1S63KZ16FBTEB
B087LD8CSY,A1S63KZ16FBTEB
B0877699NX,A1S63KZ16FBTEB
B085XWNB53,A1S63KZ16FBTEB
B08469WGDS,A1S63KZ16FBTEB
B08469SKWF,A1S63KZ16FBTEB
B08469Q3JH,A1S63KZ16FBTEB
B083VZ6MWY,A1S63KZ16FBTEB
B08352Q6L1,A1S63KZ16FBTEB
B0831BQCB4,A1S63KZ16FBTEB
B082NNVCVK,A1S63KZ16FBTEB
B082F5HVD5,A1S63KZ16FBTEB
B0816RQ191,A1S63KZ16FBTEB
B07Y42S89L,A1S63KZ16FBTEB
B0BX9BCG59,A1S63KZ16FBTEB
B0BX2CGHFD,A1S63KZ16FBTEB
B0BWYJ7VF9,A1S63KZ16FBTEB
B0BS477DZW,A1S63KZ16FBTEB
B0BQYQ6CHY,A1S63KZ16FBTEB
B0BP1JXN2H,A1S63KZ16FBTEB
B0BN6MQBJQ,A1S63KZ16FBTEB
B0BN5YQH6P,A1S63KZ16FBTEB
B0BK9B9622,A1S63KZ16FBTEB
B0BHW5T7G2,A1S63KZ16FBTEB
B0BGLBJSRL,A1S63KZ16FBTEB
B0BBFC6L5H,A1S63KZ16FBTEB
B0B87CPC3X,A1S63KZ16FBTEB
B0B6SV4DN6,A1S63KZ16FBTEB
B0B5314Q1H,A1S63KZ16FBTEB
B0B52WPYVB,A1S63KZ16FBTEB
B07DPFM3W7,A1S63KZ16FBTEB
B07D32JYQ8,A1S63KZ16FBTEB
B07CJSFX58,A1S63KZ16FBTEB
B079YZ7P2B,A1S63KZ16FBTEB
B079LV9KSV,A1S63KZ16FBTEB
B0799DLV9S,A1S63KZ16FBTEB
B078RDL8NQ,A1S63KZ16FBTEB
B07889KRSB,A1S63KZ16FBTEB
B077YT997M,A1S63KZ16FBTEB
B077QFHJ8P,A1S63KZ16FBTEB
B076C29DDP,A1S63KZ16FBTEB
B075FCLDQD,A1S63KZ16FBTEB
B075CV3KJL,A1S63KZ16FBTEB
B0756NWNDJ,A1S63KZ16FBTEB
B0734N252F,A1S63KZ16FBTEB
B072M4PZZR,A1S63KZ16FBTEB
B07V3N45P7,A1S63KZ16FBTEB
B07TY2F1KQ,A1S63KZ16FBTEB
B07TV8RNPF,A1S63KZ16FBTEB
B07SZ3K9WR,A1S63KZ16FBTEB
B07SDQ4Z3N,A1S63KZ16FBTEB
B07RJFJDF9,A1S63KZ16FBTEB
B07QWQTFNM,A1S63KZ16FBTEB
B07QJ7GFJZ,A1S63KZ16FBTEB
B07PRQ3RWL,A1S63KZ16FBTEB
B07NC6TG2T,A1S63KZ16FBTEB
B07MMMQH6T,A1S63KZ16FBTEB
B07MLX78HY,A1S63KZ16FBTEB
B07M9LFFS8,A1S63KZ16FBTEB
B07J63KGNN,A1S63KZ16FBTEB
B07J4WG3DB,A1S63KZ16FBTEB
B07G3J6294,A1S63KZ16FBTEB
B00Z21QAMO,A1S63KZ16FBTEB
B00UPWY7A2,A1S63KZ16FBTEB
B00P5P5G5E,A1S63KZ16FBTEB
B00NL4DI2E,A1S63KZ16FBTEB
B00IT2NNNM,A1S63KZ16FBTEB
B00HYLB4TY,A1S63KZ16FBTEB
B00FEOL8ZS,A1S63KZ16FBTEB
B00CNV9AQY,A1S63KZ16FBTEB
B003PBKNAS,A1S63KZ16FBTEB
B003H1J5E6,A1S63KZ16FBTEB
B0036MNY7K,A1S63KZ16FBTEB
B0033S6UXW,A1S63KZ16FBTEB
B000T5U2UY,A1S63KZ16FBTEB
B000BWDWES,A1S63KZ16FBTEB
B0006VW47K,A1S63KZ16FBTEB
B0002INN4A,A1S63KZ16FBTEB
B071X41VJ1,A1S63KZ16FBTEB
B071CPK7KG,A1S63KZ16FBTEB
B0716JT77W,A1S63KZ16FBTEB
B01N9R3M92,A1S63KZ16FBTEB
B01MUA42S3,A1S63KZ16FBTEB
B01M5J51QV,A1S63KZ16FBTEB
B01LYTU0Z4,A1S63KZ16FBTEB
B01LYGWM6E,A1S63KZ16FBTEB
B01KB4KG7Q,A1S63KZ16FBTEB
B01EZBR1SS,A1S63KZ16FBTEB
B01BV1XBHK,A1S63KZ16FBTEB
B019EX6QW4,A1S63KZ16FBTEB
B0165PJBYE,A1S63KZ16FBTEB
B015CNKJXW,A1S63KZ16FBTEB
B014T04HGY,A1S63KZ16FBTEB
B013ZHB4MW,A1S63KZ16FBTEB
B00021MRK8,A1S63KZ16FBTEB
B00004TUCV,A1S63KZ16FBTEB
B07L68FVP8,A1S63KZ16FBTEB
B00U0OEP2K,A1S63KZ16FBTEB
B005SCIBBA,A1S63KZ16FBTEB
B08MWJZQJ7,A1S63KZ16FBTEB
B071ZVSBMH,A1S63KZ16FBTEB
B0D4B48XJF,A1S63KZ16FBTEB
B0B6FLNVHJ,A1S63KZ16FBTEB
B09JHX22QD,A1S63KZ16FBTEB
B09G3D35ZC,A1S63KZ16FBTEB
B09B4CB7C1,A1S63KZ16FBTEB
B08JHD1TYM,A1S63KZ16FBTEB
B08CL3B9HN,A1S63KZ16FBTEB
B07LGLJ26N,A1S63KZ16FBTEB
B00H4HWTEC,A1S63KZ16FBTEB
B003C1S0RO,A1S63KZ16FBTEB
B0DM9D2S81,A1S63KZ16FBTEB
B0D7679L2Y,A1S63KZ16FBTEB
B0D5HKSLCZ,A1S63KZ16FBTEB
B0D48K7TSL,A1S63KZ16FBTEB
B0CYSPJ2R9,A1S63KZ16FBTEB
B0CS9S61F7,A1S63KZ16FBTEB
B0CRGKW5LT,A1S63KZ16FBTEB
B0CQNHH117,A1S63KZ16FBTEB
B0CQ7QCXL5,A1S63KZ16FBTEB
B0CNXPBL6G,A1S63KZ16FBTEB
B0CNRSSXSN,A1S63KZ16FBTEB
B0CNKJ6C87,A1S63KZ16FBTEB
B0CMWKPNT7,A1S63KZ16FBTEB
B0CLYS1JZT,A1S63KZ16FBTEB
B0CKZ4S83H,A1S63KZ16FBTEB
B0CKYLFV1L,A1S63KZ16FBTEB
B0CK9MKBYX,A1S63KZ16FBTEB
B0CH81LCDD,A1S63KZ16FBTEB
B0CGV5WBBM,A1S63KZ16FBTEB
B0CF1QXFNM,A1S63KZ16FBTEB
B0CB5WW4B9,A1S63KZ16FBTEB
B0CB5961XB,A1S63KZ16FBTEB
B0C9M1H89K,A1S63KZ16FBTEB
B0C8HB9C5R,A1S63KZ16FBTEB
B0C8587QF2,A1S63KZ16FBTEB
B0C4TQKNKP,A1S63KZ16FBTEB
B0C4PV5M1W,A1S63KZ16FBTEB
B0C4PRFZR1,A1S63KZ16FBTEB
B0C4P9D1YL,A1S63KZ16FBTEB
B0C3V9V8CR,A1S63KZ16FBTEB
B0C2V83CFT,A1S63KZ16FBTEB
B0C2L2ZG59,A1S63KZ16FBTEB
B0C2D92HHJ,A1S63KZ16FBTEB
B0C16YXDRV,A1S63KZ16FBTEB
B0BN5SP4V6,A1S63KZ16FBTEB
B0BJBLY5DJ,A1S63KZ16FBTEB
B0BGGB64S2,A1S63KZ16FBTEB
B0BB6V3BD6,A1S63KZ16FBTEB
B0B9NCMTJZ,A1S63KZ16FBTEB
B0B5XKZHJ2,A1S63KZ16FBTEB
B0B323JC6L,A1S63KZ16FBTEB
B0B1Y28YX2,A1S63KZ16FBTEB
B0B1P4ZLTH,A1S63KZ16FBTEB
B09YQ11KV5,A1S63KZ16FBTEB
B09W2BVZBH,A1S63KZ16FBTEB
B09VK9S4JB,A1S63KZ16FBTEB
B09TKCM7Q5,A1S63KZ16FBTEB
B09S68RNFQ,A1S63KZ16FBTEB
B09R7XPPJ2,A1S63KZ16FBTEB
B09QCGJ713,A1S63KZ16FBTEB
B0BYS69XLH,A1S63KZ16FBTEB
B0BXCHYGNF,A1S63KZ16FBTEB
B0BWYKCYTJ,A1S63KZ16FBTEB
B0BW3Q2PR1,A1S63KZ16FBTEB
B0BT54H7F6,A1S63KZ16FBTEB
B0BS8D5N55,A1S63KZ16FBTEB
B0BS6JYWM5,A1S63KZ16FBTEB
B0BRKLPDTH,A1S63KZ16FBTEB
B0BR5WYVTP,A1S63KZ16FBTEB
B0BR4RFCZ4,A1S63KZ16FBTEB
B0BQC4MW4V,A1S63KZ16FBTEB
B0BQC2DT63,A1S63KZ16FBTEB
B0BPX3CW2G,A1S63KZ16FBTEB
B0BP2Q3WCR,A1S63KZ16FBTEB
B0BP1ZQTMC,A1S63KZ16FBTEB
B0BNDSH5V2,A1S63KZ16FBTEB
B09PC37B5Y,A1S63KZ16FBTEB
B09NJNV79L,A1S63KZ16FBTEB
B09M3M8R1G,A1S63KZ16FBTEB
B09LS5L6JL,A1S63KZ16FBTEB
B09L7H681M,A1S63KZ16FBTEB
B09KLBSWSH,A1S63KZ16FBTEB
B09HX599X4,A1S63KZ16FBTEB
B09FHTCZSF,A1S63KZ16FBTEB
B09DYCPFVL,A1S63KZ16FBTEB
B09CPQXCN4,A1S63KZ16FBTEB
B09BS4KSDS,A1S63KZ16FBTEB
B097ZSL9NM,A1S63KZ16FBTEB
B095KDL1QJ,A1S63KZ16FBTEB
B0928VM67J,A1S63KZ16FBTEB
B08WPSWXW4,A1S63KZ16FBTEB
B08VRZ5PQY,A1S63KZ16FBTEB
B08R64287F,A1S63KZ16FBTEB
B08QS15PM2,A1S63KZ16FBTEB
B08QRPJCWT,A1S63KZ16FBTEB
B08QRCFZTD,A1S63KZ16FBTEB
B08PY6HDPV,A1S63KZ16FBTEB
B08MW28BD9,A1S63KZ16FBTEB
B08J3KGMZ3,A1S63KZ16FBTEB
B08J2L3LWJ,A1S63KZ16FBTEB
B08HNCSVL3,A1S63KZ16FBTEB
B08HMT6RYQ,A1S63KZ16FBTEB
B08GY9RPFX,A1S63KZ16FBTEB
B08GC6XYW4,A1S63KZ16FBTEB
B08D8ZDZNF,A1S63KZ16FBTEB
B08D82QX4M,A1S63KZ16FBTEB
B08D6RZCSG,A1S63KZ16FBTEB
B08CRHMFSR,A1S63KZ16FBTEB
B08BS5NMCH,A1S63KZ16FBTEB
B08BC5CTF4,A1S63KZ16FBTEB
B088ZM995G,A1S63KZ16FBTEB
B087JHGLXF,A1S63KZ16FBTEB
B0859CDRY4,A1S63KZ16FBTEB
B083V5XWMN,A1S63KZ16FBTEB
B083F12XDT,A1S63KZ16FBTEB
B07Z67C583,A1S63KZ16FBTEB
B07Z3PWB2K,A1S63KZ16FBTEB
B07YLM7JZB,A1S63KZ16FBTEB
B07X4XQ667,A1S63KZ16FBTEB
B07WDPBBJK,A1S63KZ16FBTEB
B07VGNNZWP,A1S63KZ16FBTEB
B07SKDSVGG,A1S63KZ16FBTEB
B07RT4LWYY,A1S63KZ16FBTEB
B07R9JFM9X,A1S63KZ16FBTEB
B07D7G16LY,A1S63KZ16FBTEB
B07BHKJHMQ,A1S63KZ16FBTEB
B074PVYSSL,A1S63KZ16FBTEB
B074JFSX3P,A1S63KZ16FBTEB
B073FVP9ZC,A1S63KZ16FBTEB
B06Y9265T1,A1S63KZ16FBTEB
B06XXJCYDR,A1S63KZ16FBTEB
B01LWPZ5VU,A1S63KZ16FBTEB
B01I42IA7U,A1S63KZ16FBTEB
B019X2NGII,A1S63KZ16FBTEB
B015NBRAIU,A1S63KZ16FBTEB
B00TOYEBSK,A1S63KZ16FBTEB
B00JT4VP3Y,A1S63KZ16FBTEB
B00FOJN7KM,A1S63KZ16FBTEB
B005S4O1VW,A1S63KZ16FBTEB
B004XZGKHA,A1S63KZ16FBTEB
B07QRPHLCD,A1S63KZ16FBTEB
B07QKXBK3W,A1S63KZ16FBTEB
B07QB2T57H,A1S63KZ16FBTEB
B07PWGSBZ7,A1S63KZ16FBTEB
B07PT9K1S3,A1S63KZ16FBTEB
B07PLV7J54,A1S63KZ16FBTEB
B07P5637QM,A1S63KZ16FBTEB
B07NVBDX8T,A1S63KZ16FBTEB
B07MHN2YTC,A1S63KZ16FBTEB
B07MC1YBP2,A1S63KZ16FBTEB
B07H7S6YF3,A1S63KZ16FBTEB
B07GMSJ33N,A1S63KZ16FBTEB
B07FRLY51Q,A1S63KZ16FBTEB
B07FGF3WQG,A1S63KZ16FBTEB
B07DW9RQ6N,A1S63KZ16FBTEB
B07D8FVJ8C,A1S63KZ16FBTEB
B0043DUFQE,A1S63KZ16FBTEB
B001ASY37W,A1S63KZ16FBTEB
B000STW45W,A1S63KZ16FBTEB
B00026D0GS,A1S63KZ16FBTEB
B00132FPFY,A1S63KZ16FBTEB
B000E1FCPS,A1S63KZ16FBTEB
B0C43S1DVM,A1S63KZ16FBTEB
B0C3GT9ST5,A1S63KZ16FBTEB
B0B8F3924K,A1S63KZ16FBTEB
B095TSVJDB,A1S63KZ16FBTEB
B095H7FG4F,A1S63KZ16FBTEB
B07QPVKTF9,A1S63KZ16FBTEB
B079KB4ZDS,A1S63KZ16FBTEB
B071KQWRW8,A1S63KZ16FBTEB
B071G8VT3S,A1S63KZ16FBTEB
B01JT5PGYQ,A1S63KZ16FBTEB
B00AU6KE14,A1S63KZ16FBTEB
B0000CFLH7,A1S63KZ16FBTEB
B0B5SMCGDS,A1S63KZ16FBTEB
B0DGGDMK9C,A1S63KZ16FBTEB
B0D9J58FZ6,A1S63KZ16FBTEB
B0D95CJ6FX,A1S63KZ16FBTEB
B0D93J1XC3,A1S63KZ16FBTEB
B0D71YMCNG,A1S63KZ16FBTEB
B0D6R2LVMC,A1S63KZ16FBTEB
B0D11W2K1L,A1S63KZ16FBTEB
B0CYT2CP8Q,A1S63KZ16FBTEB
B0CVPBPY2V,A1S63KZ16FBTEB
B0CTQMB52L,A1S63KZ16FBTEB
B0CQ7CSY6Z,A1S63KZ16FBTEB
B0CNW5WV9P,A1S63KZ16FBTEB
B0CNLNG8Z1,A1S63KZ16FBTEB
B0CNGJDQFJ,A1S63KZ16FBTEB
B0CN6MDVXN,A1S63KZ16FBTEB
B0CL7FZ5NV,A1S63KZ16FBTEB
B0CKYRHHK3,A1S63KZ16FBTEB
B0CKVZ8TK4,A1S63KZ16FBTEB
B0CJFR3X3Q,A1S63KZ16FBTEB
B0CJCT55TF,A1S63KZ16FBTEB
B0CHQQBYBQ,A1S63KZ16FBTEB
B0CGDJT1XM,A1S63KZ16FBTEB
B0CFWMWVKG,A1S63KZ16FBTEB
B0CFFVBLJ8,A1S63KZ16FBTEB
B0CDNSW8CY,A1S63KZ16FBTEB
B0CCJFP2DP,A1S63KZ16FBTEB
B0CBPMWSHN,A1S63KZ16FBTEB
B0CB5X9587,A1S63KZ16FBTEB
B0CB5NHC19,A1S63KZ16FBTEB
B0C7GG7DC5,A1S63KZ16FBTEB
B0C6FRYP8C,A1S63KZ16FBTEB
B0C43GP4YK,A1S63KZ16FBTEB
B0C3VR7NFL,A1S63KZ16FBTEB
B0C2M5G54V,A1S63KZ16FBTEB
B0C1P9HYPB,A1S63KZ16FBTEB
B0BGRGZKKX,A1S63KZ16FBTEB
B0BGKJG7V2,A1S63KZ16FBTEB
B0BF95TSX9,A1S63KZ16FBTEB
B0BDV78SXL,A1S63KZ16FBTEB
B0BCG3NVWX,A1S63KZ16FBTEB
B0B8SR4MH3,A1S63KZ16FBTEB
B0B8D8SJQK,A1S63KZ16FBTEB
B0B6FX2935,A1S63KZ16FBTEB
B0B5QDX7J5,A1S63KZ16FBTEB
B0B3JS2XHM,A1S63KZ16FBTEB
B0B216BCXR,A1S63KZ16FBTEB
B0B121XDHP,A1S63KZ16FBTEB
B09WSQQMHH,A1S63KZ16FBTEB
B09V7XCK51,A1S63KZ16FBTEB
B09TVCHNW7,A1S63KZ16FBTEB
B09RZL7J74,A1S63KZ16FBTEB
B0C1BVGKNM,A1S63KZ16FBTEB
B0C165BJ7V,A1S63KZ16FBTEB
B0BYCPCV8X,A1S63KZ16FBTEB
B0BY2JCQ78,A1S63KZ16FBTEB
B0BXWWJ7XM,A1S63KZ16FBTEB
B0BXWVRSWS,A1S63KZ16FBTEB
B0BX4WKBX4,A1S63KZ16FBTEB
B0BVVVRYZL,A1S63KZ16FBTEB
B0BVPN85T2,A1S63KZ16FBTEB
B0BS48FD9M,A1S63KZ16FBTEB
B0BRY3WQP4,A1S63KZ16FBTEB
B0BRV9K6ZY,A1S63KZ16FBTEB
B0BR3L6G5S,A1S63KZ16FBTEB
B0BM3N5DKM,A1S63KZ16FBTEB
B0BJDTS7CC,A1S63KZ16FBTEB
B0BHV9DJVV,A1S63KZ16FBTEB
B09QM7WMZQ,A1S63KZ16FBTEB
B09QM7DK8X,A1S63KZ16FBTEB
B09MQYRCNS,A1S63KZ16FBTEB
B09LVG1Z85,A1S63KZ16FBTEB
B09K4FP6B3,A1S63KZ16FBTEB
B09HHJ8J1K,A1S63KZ16FBTEB
B09GY6D8QT,A1S63KZ16FBTEB
B09GLRL9GZ,A1S63KZ16FBTEB
B09FDTGZKC,A1S63KZ16FBTEB
B09BB39MHM,A1S63KZ16FBTEB
B09962MHX1,A1S63KZ16FBTEB
B0983LH1GL,A1S63KZ16FBTEB
B0973MRQ63,A1S63KZ16FBTEB
B096G6VZRH,A1S63KZ16FBTEB
B0969C9DT9,A1S63KZ16FBTEB
B094ZD5GWR,A1S63KZ16FBTEB
B093VJMG56,A1S63KZ16FBTEB
B093T2JGTW,A1S63KZ16FBTEB
B091V4NPPH,A1S63KZ16FBTEB
B08ZXRK1V5,A1S63KZ16FBTEB
B08ZSQPKW4,A1S63KZ16FBTEB
B08ZHWR55F,A1S63KZ16FBTEB
B08YXZLDTY,A1S63KZ16FBTEB
B08WZB2JSR,A1S63KZ16FBTEB
B08VS5PZSJ,A1S63KZ16FBTEB
B08TW6CM59,A1S63KZ16FBTEB
B08TV495HL,A1S63KZ16FBTEB
B08R363536,A1S63KZ16FBTEB
B08MJZFVQB,A1S63KZ16FBTEB
B08LC6D83T,A1S63KZ16FBTEB
B08L8ZF889,A1S63KZ16FBTEB
B08L49C3TC,A1S63KZ16FBTEB
B07V5RMD3V,A1S63KZ16FBTEB
B07TQ599NL,A1S63KZ16FBTEB
B07SPJQ823,A1S63KZ16FBTEB
B07SH6YHKC,A1S63KZ16FBTEB
B07RNKTFL8,A1S63KZ16FBTEB
B07QXCWNQ1,A1S63KZ16FBTEB
B07QJD85T5,A1S63KZ16FBTEB
B07Q2NS2G1,A1S63KZ16FBTEB
B07N5BJBP5,A1S63KZ16FBTEB
B07MN6D41G,A1S63KZ16FBTEB
B07KNHLHDW,A1S63KZ16FBTEB
B07GXLBNNB,A1S63KZ16FBTEB
B07FZWHTS5,A1S63KZ16FBTEB
B07FRZ64KX,A1S63KZ16FBTEB
B07FFGL9J1,A1S63KZ16FBTEB
B07DWLWHY4,A1S63KZ16FBTEB
B08K8LLFQ6,A1S63KZ16FBTEB
B08GYMN9J3,A1S63KZ16FBTEB
B08G8NK2DC,A1S63KZ16FBTEB
B08FM724S2,A1S63KZ16FBTEB
B08FD1Y8Y4,A1S63KZ16FBTEB
B08CMKLF3D,A1S63KZ16FBTEB
B08C2MZ9NH,A1S63KZ16FBTEB
B089SVB58F,A1S63KZ16FBTEB
B08932JPJ4,A1S63KZ16FBTEB
B085C43RR8,A1S63KZ16FBTEB
B0842FJWFP,A1S63KZ16FBTEB
B083QVYMJH,A1S63KZ16FBTEB
B082FC7HRP,A1S63KZ16FBTEB
B07YYWR99T,A1S63KZ16FBTEB
B07YNVT4B7,A1S63KZ16FBTEB
B07W3N9342,A1S63KZ16FBTEB
B01BWYKS9K,A1S63KZ16FBTEB
B019PFO4MA,A1S63KZ16FBTEB
B017KUC6XQ,A1S63KZ16FBTEB
B015ABMN6C,A1S63KZ16FBTEB
B00VEJ9ZA2,A1S63KZ16FBTEB
B00RE91F36,A1S63KZ16FBTEB
B00NG7FATU,A1S63KZ16FBTEB
B00JRORC88,A1S63KZ16FBTEB
B0092QXP6E,A1S63KZ16FBTEB
B007PS13S8,A1S63KZ16FBTEB
B004YAUJ8U,A1S63KZ16FBTEB
B004G08K9I,A1S63KZ16FBTEB
B001ULAL34,A1S63KZ16FBTEB
B001D23RTK,A1S63KZ16FBTEB
B0017YKMNS,A1S63KZ16FBTEB
B000ROFXDI,A1S63KZ16FBTEB
B07DVWKK97,A1S63KZ16FBTEB
B07CZ4GTRY,A1S63KZ16FBTEB
B07C85LV38,A1S63KZ16FBTEB
B07BB946CK,A1S63KZ16FBTEB
B078ZCTN4V,A1S63KZ16FBTEB
B078FH6PK5,A1S63KZ16FBTEB
B076W4Q14G,A1S63KZ16FBTEB
B0759D7PQH,A1S63KZ16FBTEB
B07437XXM5,A1S63KZ16FBTEB
B06XGQ3QC7,A1S63KZ16FBTEB
B06VV7TGHJ,A1S63KZ16FBTEB
B01LYQGQZS,A1S63KZ16FBTEB
B01J6704W6,A1S63KZ16FBTEB
B01IHKE992,A1S63KZ16FBTEB
B01GYFJ3WA,A1S63KZ16FBTEB
B01EZHV7UA,A1S63KZ16FBTEB
B0C7BZHHS4,A1S63KZ16FBTEB
B0CGV9PJFJ,A1S63KZ16FBTEB
B09WQSBZY7,A1S63KZ16FBTEB
B08DVFZTTG,A1S63KZ16FBTEB
B01GKG2HBM,A1S63KZ16FBTEB
B0C7S6ZNYT,A1S63KZ16FBTEB
B08DXM98M8,A1S63KZ16FBTEB
B08287W818,A1S63KZ16FBTEB
B07ZZDQ8XW,A1S63KZ16FBTEB
B003STEIYY,A1S63KZ16FBTEB
B086JKRSW1,A1S63KZ16FBTEB
B0C7X6DD7Z,A1S63KZ16FBTEB
B0B94J471T,A1S63KZ16FBTEB
B0817HD11S,A1S63KZ16FBTEB
B07HKC4LJ5,A1S63KZ16FBTEB
B0D45TFDNZ,A1S63KZ16FBTEB
B000A0YPPQ,A1S63KZ16FBTEB
B0000WU3U0,A1S63KZ16FBTEB
B0CP18QB6Z,A1S63KZ16FBTEB
B0CCDS91MC,A1S63KZ16FBTEB
B0BVQKXVYB,A1S63KZ16FBTEB
B0B3VCZ4XK,A1S63KZ16FBTEB
B09Y37FJLD,A1S63KZ16FBTEB
B09KZG95JD,A1S63KZ16FBTEB
B099X1XRKV,A1S63KZ16FBTEB
B08LTYXQLC,A1S63KZ16FBTEB
B08LJYZ94C,A1S63KZ16FBTEB
B087PVMMPG,A1S63KZ16FBTEB
B083CM1K1P,A1S63KZ16FBTEB
B0823M8T38,A1S63KZ16FBTEB
B07THLXN4H,A1S63KZ16FBTEB
B07GTRRQLY,A1S63KZ16FBTEB
B07BQNS599,A1S63KZ16FBTEB
B01KCVXNAA,A1S63KZ16FBTEB
B00X4DX5WK,A1S63KZ16FBTEB
B00MVRS38G,A1S63KZ16FBTEB
B0065LZA94,A1S63KZ16FBTEB
B001U9SFQ6,A1S63KZ16FBTEB
B0DS7T9JML,A1S63KZ16FBTEB
B0D9HS4ZKC,A1S63KZ16FBTEB
B0D3B1J4XN,A1S63KZ16FBTEB
B0CXWRBQQM,A1S63KZ16FBTEB
B0CWNYL263,A1S63KZ16FBTEB
B0CTXPBKKS,A1S63KZ16FBTEB
B0CSYZ7DDL,A1S63KZ16FBTEB
B0CP2M7ZWX,A1S63KZ16FBTEB
B0CNCF6XQN,A1S63KZ16FBTEB
B0CN8MBSSK,A1S63KZ16FBTEB
B0CM32DSRQ,A1S63KZ16FBTEB
B0CF9NKZQC,A1S63KZ16FBTEB
B0BVPRC8B6,A1S63KZ16FBTEB
B0BVMT36GJ,A1S63KZ16FBTEB
B0BTR3FTNF,A1S63KZ16FBTEB
B0BQJRMV22,A1S63KZ16FBTEB
B0BPS3PVJY,A1S63KZ16FBTEB
B0BPLKP4PF,A1S63KZ16FBTEB
B0BN3TCXJY,A1S63KZ16FBTEB
B0BMYYWC5Z,A1S63KZ16FBTEB
B0BM3WH46M,A1S63KZ16FBTEB
B0BK7CLP61,A1S63KZ16FBTEB
B0BJNXJ9HD,A1S63KZ16FBTEB
B0BJBBQ4ZD,A1S63KZ16FBTEB
B0BG2K76B4,A1S63KZ16FBTEB
B0BD6NN5B8,A1S63KZ16FBTEB
B0BCKPX881,A1S63KZ16FBTEB
B0BBWF8YQ9,A1S63KZ16FBTEB
B0BBT8D5VV,A1S63KZ16FBTEB
B0BB2362WF,A1S63KZ16FBTEB
B0B76YJ65L,A1S63KZ16FBTEB
B0B585B495,A1S63KZ16FBTEB
B0B4DKGTV6,A1S63KZ16FBTEB
B0B396153J,A1S63KZ16FBTEB
B0B2DDFGYZ,A1S63KZ16FBTEB
B09YYDS1XN,A1S63KZ16FBTEB
B09YP8QNW8,A1S63KZ16FBTEB
B09YNCF3HN,A1S63KZ16FBTEB
B09Y1P2TJB,A1S63KZ16FBTEB
B09X3BT2VS,A1S63KZ16FBTEB
B09X2MVRLX,A1S63KZ16FBTEB
B09WTH11QM,A1S63KZ16FBTEB
B09W45P2FS,A1S63KZ16FBTEB
B09NDJRGX8,A1S63KZ16FBTEB
B0CF5FY5TK,A1S63KZ16FBTEB
B0CCPRX8XB,A1S63KZ16FBTEB
B0CC9BRCXZ,A1S63KZ16FBTEB
B0CBJMBLWS,A1S63KZ16FBTEB
B0C88Y636P,A1S63KZ16FBTEB
B0C7CSKD17,A1S63KZ16FBTEB
B0C5JGJDH4,A1S63KZ16FBTEB
B0C3GWRMZY,A1S63KZ16FBTEB
B0C338XTYN,A1S63KZ16FBTEB
B0C23RD5KZ,A1S63KZ16FBTEB
B0C1SRJ5ZV,A1S63KZ16FBTEB
B0BZCZFCVS,A1S63KZ16FBTEB
B0BZ7D2P4G,A1S63KZ16FBTEB
B0BY8LZKKH,A1S63KZ16FBTEB
B0BY1YQYGC,A1S63KZ16FBTEB
B0BWHB8GGX,A1S63KZ16FBTEB
B0855JZHYM,A1S63KZ16FBTEB
B084JN1T3X,A1S63KZ16FBTEB
B0845MYTXT,A1S63KZ16FBTEB
B082PW2DF4,A1S63KZ16FBTEB
B0823767VZ,A1S63KZ16FBTEB
B07ZJPC8NN,A1S63KZ16FBTEB
B07Z67XBQB,A1S63KZ16FBTEB
B07Y7XPQ6D,A1S63KZ16FBTEB
B07Y6FCJZR,A1S63KZ16FBTEB
B07WDVF84V,A1S63KZ16FBTEB
B07V5CRLR1,A1S63KZ16FBTEB
B07SM5G8RC,A1S63KZ16FBTEB
B07S1VQ54K,A1S63KZ16FBTEB
B07S17T8XC,A1S63KZ16FBTEB
B07RXR4Z7G,A1S63KZ16FBTEB
B07RQSGX6T,A1S63KZ16FBTEB
B08SJB8BS8,A1S63KZ16FBTEB
B08S7CZW2P,A1S63KZ16FBTEB
B08PKFHCMS,A1S63KZ16FBTEB
B08M39B5Z1,A1S63KZ16FBTEB
B08LGBL3SK,A1S63KZ16FBTEB
B08L5NZ6QX,A1S63KZ16FBTEB
B08L4J8T95,A1S63KZ16FBTEB
B08L4HLJW3,A1S63KZ16FBTEB
B08L4GKTHQ,A1S63KZ16FBTEB
B08JG2S3YT,A1S63KZ16FBTEB
B08HHZ5LLR,A1S63KZ16FBTEB
B08H1Q1CHS,A1S63KZ16FBTEB
B08D89V5FV,A1S63KZ16FBTEB
B088MM4937,A1S63KZ16FBTEB
B0868GX11C,A1S63KZ16FBTEB
B085WX4737,A1S63KZ16FBTEB
B07RGW277X,A1S63KZ16FBTEB
B07R4YCHH8,A1S63KZ16FBTEB
B07QDR1GTP,A1S63KZ16FBTEB
B07Q5VN5DS,A1S63KZ16FBTEB
B07P13RT14,A1S63KZ16FBTEB
B07LBGCQ72,A1S63KZ16FBTEB
B07L1TGQ9N,A1S63KZ16FBTEB
B07JY99C9G,A1S63KZ16FBTEB
B07HHZPR1Z,A1S63KZ16FBTEB
B07H949WCL,A1S63KZ16FBTEB
B07H44M4S4,A1S63KZ16FBTEB
B07GBF4FTN,A1S63KZ16FBTEB
B07FK3Z5RL,A1S63KZ16FBTEB
B07DJW3M5R,A1S63KZ16FBTEB
B07D7168SF,A1S63KZ16FBTEB
B079Y72Z81,A1S63KZ16FBTEB
B077D56V24,A1S63KZ16FBTEB
B0758GRFPY,A1S63KZ16FBTEB
B07528Q81N,A1S63KZ16FBTEB
B074RL4SV6,A1S63KZ16FBTEB
B073PWWFXK,A1S63KZ16FBTEB
B071HYRPND,A1S63KZ16FBTEB
B0716RVCY7,A1S63KZ16FBTEB
B06Y42RVJH,A1S63KZ16FBTEB
B06XH3X3S5,A1S63KZ16FBTEB
B06XGZPSQS,A1S63KZ16FBTEB
B01NACZ5CN,A1S63KZ16FBTEB
B01MZ1HI4M,A1S63KZ16FBTEB
B01FWY8R8K,A1S63KZ16FBTEB
B01E1UHKUW,A1S63KZ16FBTEB
B01DQBSHF4,A1S63KZ16FBTEB
B01C4G5ZSY,A1S63KZ16FBTEB
B09N3F8DYJ,A1S63KZ16FBTEB
B09KGZM8HT,A1S63KZ16FBTEB
B09K24LWT5,A1S63KZ16FBTEB
B09JT1GKSV,A1S63KZ16FBTEB
B09C5R4FK5,A1S63KZ16FBTEB
B097QC4N1B,A1S63KZ16FBTEB
B096LSGXVV,A1S63KZ16FBTEB
B0945ST9C2,A1S63KZ16FBTEB
B09446S2KH,A1S63KZ16FBTEB
B092335GF9,A1S63KZ16FBTEB
B0919LL1MV,A1S63KZ16FBTEB
B08ZCCK4ZF,A1S63KZ16FBTEB
B08WRQXC5P,A1S63KZ16FBTEB
B08WF4SMN4,A1S63KZ16FBTEB
B08VVZK5GZ,A1S63KZ16FBTEB
B08TQK71VH,A1S63KZ16FBTEB
B07HRVLPS9,A1S63KZ16FBTEB
B07YZHYDMY,A1S63KZ16FBTEB
B083ZCS5WR,A1S63KZ16FBTEB
B01B174GKA,A1S63KZ16FBTEB
B0116PBLQY,A1S63KZ16FBTEB
B010W2NZMA,A1S63KZ16FBTEB
B00N185AHG,A1S63KZ16FBTEB
B00GMR0MZS,A1S63KZ16FBTEB
B00E3MXV7A,A1S63KZ16FBTEB
B00CBJLNW2,A1S63KZ16FBTEB
B008WAG3KG,A1S63KZ16FBTEB
B008HMBUDY,A1S63KZ16FBTEB
B008D8VMNA,A1S63KZ16FBTEB
B005JT5D18,A1S63KZ16FBTEB
B0056ZX1R8,A1S63KZ16FBTEB
B004FDY0AY,A1S63KZ16FBTEB
B000H0ZJHW,A1S63KZ16FBTEB
B00023M8RS,A1S63KZ16FBTEB
B00015HLJW,A1S63KZ16FBTEB
B07463XHN9,A1S63KZ16FBTEB
B07L78RQYD,A1S63KZ16FBTEB
B0853FDFPV,A1S63KZ16FBTEB
B00R8ERWMK,A1S63KZ16FBTEB
B004NN2GRK,A1S63KZ16FBTEB
B0BSGCMR69,A1S63KZ16FBTEB
B0776NWNKX,A1S63KZ16FBTEB
B0BRTLXZBG,A1S63KZ16FBTEB
B0CJ9ZP2YR,A1S63KZ16FBTEB
B09RX3HR32,A1S63KZ16FBTEB
B08263DBBQ,A1S63KZ16FBTEB
B0CM6X777C,A1S63KZ16FBTEB
B0CJJJX5SQ,A1S63KZ16FBTEB
B0C7BMVXG5,A1S63KZ16FBTEB
B0BMV6H8BS,A1S63KZ16FBTEB
B0BH3ZL6Y2,A1S63KZ16FBTEB
B09X1RHCPR,A1S63KZ16FBTEB
B08VD6DLFQ,A1S63KZ16FBTEB
B08F5FKBCQ,A1S63KZ16FBTEB
B08CD5MN2F,A1S63KZ16FBTEB
B086ZY4BHS,A1S63KZ16FBTEB
B07V1CHK7W,A1S63KZ16FBTEB
B07DGXHCFW,A1S63KZ16FBTEB
B00TRM0UI4,A1S63KZ16FBTEB
B00O3OIJNO,A1S63KZ16FBTEB
B00IFI7G2E,A1S63KZ16FBTEB
B00I8Y1RUW,A1S63KZ16FBTEB
B007AUPTEA,A1S63KZ16FBTEB
B0CYT1234G,A1S63KZ16FBTEB
B0CWYHWY5K,A1S63KZ16FBTEB
B0CVC2RZFY,A1S63KZ16FBTEB
B0BNL4F5KL,A1S63KZ16FBTEB
B0BC575C3Y,A1S63KZ16FBTEB
B0B5GGBW99,A1S63KZ16FBTEB
B09WZC9VTP,A1S63KZ16FBTEB
B09TG6VF8R,A1S63KZ16FBTEB
B097TMYJ8R,A1S63KZ16FBTEB
B08SJCHS5C,A1S63KZ16FBTEB
B08MB9NPL1,A1S63KZ16FBTEB
B07GT1MXML,A1S63KZ16FBTEB
B01G3V3GM8,A1S63KZ16FBTEB
B00K1NAA6U,A1S63KZ16FBTEB
B002YP3AY2,A1S63KZ16FBTEB
B002RLCPTY,A1S63KZ16FBTEB
B0013051UA,A1S63KZ16FBTEB
B08MFRTJJM,A1S63KZ16FBTEB
B0DP98DXF2,A1S63KZ16FBTEB
B0DJR9G1XD,A1S63KZ16FBTEB
B0BPY9V3XR,A1S63KZ16FBTEB
B0BP1LNWSJ,A1S63KZ16FBTEB
B0BMF3JCLK,A1S63KZ16FBTEB
B0BJ1X9NJX,A1S63KZ16FBTEB
B0BHYQYMR8,A1S63KZ16FBTEB
B0BFQK5HNS,A1S63KZ16FBTEB
B0BFDZZM5Z,A1S63KZ16FBTEB
B0BDYXCWJ4,A1S63KZ16FBTEB
B0BC4221GN,A1S63KZ16FBTEB
B0BBTMY1L1,A1S63KZ16FBTEB
B0BBJDLX9X,A1S63KZ16FBTEB
B0B8VW8MDB,A1S63KZ16FBTEB
B0B75ZY7P8,A1S63KZ16FBTEB
B0B72GSD42,A1S63KZ16FBTEB
B09ZP4RTXD,A1S63KZ16FBTEB
B09YC7MDQV,A1S63KZ16FBTEB
B0C69WJTK2,A1S63KZ16FBTEB
B0C64WKF7V,A1S63KZ16FBTEB
B0C5HKP1Z8,A1S63KZ16FBTEB
B0C4YR7WHW,A1S63KZ16FBTEB
B0C4FFCWS4,A1S63KZ16FBTEB
B0C4FCZ5XP,A1S63KZ16FBTEB
B0C49KYYSF,A1S63KZ16FBTEB
B0C36FRPQN,A1S63KZ16FBTEB
B0C1BX36J3,A1S63KZ16FBTEB
B0C1BLGV1B,A1S63KZ16FBTEB
B0C198NCR5,A1S63KZ16FBTEB
B0BZNTMFLD,A1S63KZ16FBTEB
B0BZHZ7SSR,A1S63KZ16FBTEB
B0BZ72N2T3,A1S63KZ16FBTEB
B0BWFM39BN,A1S63KZ16FBTEB
B0BSXTCRH5,A1S63KZ16FBTEB
B0DJ4ZX76L,A1S63KZ16FBTEB
B0DCTV1WPS,A1S63KZ16FBTEB
B0D4H1S3NQ,A1S63KZ16FBTEB
B0D3LHMCRG,A1S63KZ16FBTEB
B0D3L91N6S,A1S63KZ16FBTEB
B0CZNGR876,A1S63KZ16FBTEB
B0CTQ5SS1V,A1S63KZ16FBTEB
B0CQZ2T86N,A1S63KZ16FBTEB
B0CPPLCQX1,A1S63KZ16FBTEB
B0CNTW58V2,A1S63KZ16FBTEB
B0CMXKVRB8,A1S63KZ16FBTEB
B0CJS95TXH,A1S63KZ16FBTEB
B0CDLH1KQF,A1S63KZ16FBTEB
B0CB5LGY7G,A1S63KZ16FBTEB
B0C9DLK5CY,A1S63KZ16FBTEB
B0C6GBDZ7P,A1S63KZ16FBTEB
B098F297N1,A1S63KZ16FBTEB
B096SSQZJP,A1S63KZ16FBTEB
B094RHDC8L,A1S63KZ16FBTEB
B0945YQ8B3,A1S63KZ16FBTEB
B092M3JR11,A1S63KZ16FBTEB
B091RKVT21,A1S63KZ16FBTEB
B09136RGL1,A1S63KZ16FBTEB
B08SQDSV9D,A1S63KZ16FBTEB
B08R3JJXPY,A1S63KZ16FBTEB
B08P8763G1,A1S63KZ16FBTEB
B08NSR2Y4N,A1S63KZ16FBTEB
B08MV5TSDJ,A1S63KZ16FBTEB
B08HMJ3QRL,A1S63KZ16FBTEB
B08FLCKD2N,A1S63KZ16FBTEB
B08F9ZZVQM,A1S63KZ16FBTEB
B08DHZPS1K,A1S63KZ16FBTEB
B08CXHHCSH,A1S63KZ16FBTEB
B08CVJXNMB,A1S63KZ16FBTEB
B08CGXKK3T,A1S63KZ16FBTEB
B08C2Q2BTC,A1S63KZ16FBTEB
B08BLCJK9C,A1S63KZ16FBTEB
B08BG9X1V1,A1S63KZ16FBTEB
B08B5Q3TQZ,A1S63KZ16FBTEB
B089G4WRC4,A1S63KZ16FBTEB
B087CJ34DK,A1S63KZ16FBTEB
B0872CG83F,A1S63KZ16FBTEB
B085HHC2NS,A1S63KZ16FBTEB
B081JLD4YV,A1S63KZ16FBTEB
B07YP4PPXN,A1S63KZ16FBTEB
B07XDCD99Y,A1S63KZ16FBTEB
B07X3TJ4ST,A1S63KZ16FBTEB
B07WYYP7FV,A1S63KZ16FBTEB
B07WRKCKWQ,A1S63KZ16FBTEB
B07WLZG97M,A1S63KZ16FBTEB
B07WHKFMBB,A1S63KZ16FBTEB
B07VP57GDF,A1S63KZ16FBTEB
B07VMQ7FVP,A1S63KZ16FBTEB
B07V2L8ZVN,A1S63KZ16FBTEB
B07SZ51ZL7,A1S63KZ16FBTEB
B07R52LQZ1,A1S63KZ16FBTEB
B07QWHMTVH,A1S63KZ16FBTEB
B07QSJW79N,A1S63KZ16FBTEB
B07QL71GY6,A1S63KZ16FBTEB
B07QKH9YK5,A1S63KZ16FBTEB
B07Q4RY3T7,A1S63KZ16FBTEB
B07L6TJTNF,A1S63KZ16FBTEB
B07L2ZXCX1,A1S63KZ16FBTEB
B07HJ5W3CQ,A1S63KZ16FBTEB
B09Y3CGSKS,A1S63KZ16FBTEB
B09WYNSY2M,A1S63KZ16FBTEB
B09WYNSN36,A1S63KZ16FBTEB
B09VK2LXCR,A1S63KZ16FBTEB
B09SYY1T3P,A1S63KZ16FBTEB
B09Q842GKZ,A1S63KZ16FBTEB
B09PZ9HMXX,A1S63KZ16FBTEB
B09P768BN8,A1S63KZ16FBTEB
B09NRBD1TJ,A1S63KZ16FBTEB
B09NBL7HHX,A1S63KZ16FBTEB
B09JRPNGMH,A1S63KZ16FBTEB
B09JPDCNN5,A1S63KZ16FBTEB
B09JB5K958,A1S63KZ16FBTEB
B09J4BSXJD,A1S63KZ16FBTEB
B09DXFFP22,A1S63KZ16FBTEB
B09D946JLH,A1S63KZ16FBTEB
B07HB1Z7T8,A1S63KZ16FBTEB
B07FN1SL55,A1S63KZ16FBTEB
B07DHHRR34,A1S63KZ16FBTEB
B07CVVCFNW,A1S63KZ16FBTEB
B07BHNSLXG,A1S63KZ16FBTEB
B07B574V8T,A1S63KZ16FBTEB
B078P3YG1V,A1S63KZ16FBTEB
B0776ZP83Q,A1S63KZ16FBTEB
B075NR7HJR,A1S63KZ16FBTEB
B074P6ZJ3Q,A1S63KZ16FBTEB
B0748LCM7N,A1S63KZ16FBTEB
B071LJBMT3,A1S63KZ16FBTEB
B06WLL2FYX,A1S63KZ16FBTEB
B01N5O620F,A1S63KZ16FBTEB
B01K2D4KBY,A1S63KZ16FBTEB
B00FABXINK,A1S63KZ16FBTEB
B00F34QQUQ,A1S63KZ16FBTEB
B00CQD6W5G,A1S63KZ16FBTEB
B00CFSZPKU,A1S63KZ16FBTEB
B005OKX4CW,A1S63KZ16FBTEB
B005MYY078,A1S63KZ16FBTEB
B005JM2YQW,A1S63KZ16FBTEB
B005FTTKES,A1S63KZ16FBTEB
B003TP0L4I,A1S63KZ16FBTEB
B002BP4N64,A1S63KZ16FBTEB
B001VXU7OE,A1S63KZ16FBTEB
B000XFRTXS,A1S63KZ16FBTEB
B000UMG2XM,A1S63KZ16FBTEB
B000RENODY,A1S63KZ16FBTEB
B000OGW55S,A1S63KZ16FBTEB
B0002894UM,A1S63KZ16FBTEB
1601255810,A1S63KZ16FBTEB
B09S7PP9PC,A1S63KZ16FBTEB
B09XJWKNCX,A1S63KZ16FBTEB
B0055QNLR8,A1S63KZ16FBTEB
B0CMX19QZJ,A1S63KZ16FBTEB
B0CLPXLL3D,A1S63KZ16FBTEB
B00UCGM4MY,A1S63KZ16FBTEB
B0BBR59W8B,A1S63KZ16FBTEB
B09WCZDX6L,A1S63KZ16FBTEB
B08TTKJFJG,A1S63KZ16FBTEB
B08T6GWRN6,A1S63KZ16FBTEB
B0899CMJ14,A1S63KZ16FBTEB
B07L38NB7Q,A1S63KZ16FBTEB
B00DAOHQSM,A1S63KZ16FBTEB
B09C5HLDJJ,A1S63KZ16FBTEB
B097TQHRL8,A1S63KZ16FBTEB
B07GTPVPKL,A1S63KZ16FBTEB
B0BJDQ53PZ,A1S63KZ16FBTEB
B084QG6G2X,A1S63KZ16FBTEB
B009354CPC,A1S63KZ16FBTEB
B01IB8QSVW,A1S63KZ16FBTEB
B07FSDVNYC,A1S63KZ16FBTEB
B0CDRZ698H,A1S63KZ16FBTEB
B0BWY5SBJ9,A1S63KZ16FBTEB
B09H5QMCCC,A1S63KZ16FBTEB
B08LPVRWJV,A1S63KZ16FBTEB
B07N7RZ5ZV,A1S63KZ16FBTEB
B07DGPF9GJ,A1S63KZ16FBTEB
B01MPXG8F0,A1S63KZ16FBTEB
B01BGYB584,A1S63KZ16FBTEB
B00UCG21WW,A1S63KZ16FBTEB
B0D74H6XTM,A1S63KZ16FBTEB
B0DT3LTSRS,A1S63KZ16FBTEB
B0DLKWV3N4,A1S63KZ16FBTEB
B0DJ6XCFG4,A1S63KZ16FBTEB
B0DG5JMMN4,A1S63KZ16FBTEB
B0DFMCBB45,A1S63KZ16FBTEB
B0D7TDFQWJ,A1S63KZ16FBTEB
B0D6QYJ37R,A1S63KZ16FBTEB
B0D5B3FFY9,A1S63KZ16FBTEB
B0D4RJLNYF,A1S63KZ16FBTEB
B0D46RVX8F,A1S63KZ16FBTEB
B0D3TYV6KW,A1S63KZ16FBTEB
B0D1RCZ4R8,A1S63KZ16FBTEB
B0CZMF1524,A1S63KZ16FBTEB
B0CYY8GJRY,A1S63KZ16FBTEB
B0CYSYSSF6,A1S63KZ16FBTEB
B0CW3PNT8H,A1S63KZ16FBTEB
B0CTR1RHZZ,A1S63KZ16FBTEB
B0CN8THRZY,A1S63KZ16FBTEB
B0CKZ1Q5D7,A1S63KZ16FBTEB
B0CG3B76F4,A1S63KZ16FBTEB
B0CDLH1HV2,A1S63KZ16FBTEB
B09BFY1N32,A1S63KZ16FBTEB
B097XSHC3M,A1S63KZ16FBTEB
B096MFRFTC,A1S63KZ16FBTEB
B093WC9LRM,A1S63KZ16FBTEB
B092SW91PQ,A1S63KZ16FBTEB
B092M37VJQ,A1S63KZ16FBTEB
B0916YD2FC,A1S63KZ16FBTEB
B08YZ94WHV,A1S63KZ16FBTEB
B08YJB1K1K,A1S63KZ16FBTEB
B08XQJC298,A1S63KZ16FBTEB
B08SBSTDJR,A1S63KZ16FBTEB
B08R3FTKMQ,A1S63KZ16FBTEB
B08NY3W2D5,A1S63KZ16FBTEB
B08NPDNQY9,A1S63KZ16FBTEB
B08JYBH88K,A1S63KZ16FBTEB
B08JQ35RK6,A1S63KZ16FBTEB
B0C6JSPSWW,A1S63KZ16FBTEB
B0C6DWQNWB,A1S63KZ16FBTEB
B0C63F566M,A1S63KZ16FBTEB
B0C46NGDZG,A1S63KZ16FBTEB
B0C3HVMD8P,A1S63KZ16FBTEB
B0C2XJP7R9,A1S63KZ16FBTEB
B0C1BP7XRT,A1S63KZ16FBTEB
B0BZKM4W89,A1S63KZ16FBTEB
B0BZHZT1QK,A1S63KZ16FBTEB
B0BYS5D8PH,A1S63KZ16FBTEB
B0BYDLHXJ2,A1S63KZ16FBTEB
B0BXWH52N7,A1S63KZ16FBTEB
B0BXS3LNKZ,A1S63KZ16FBTEB
B0BX7CBK5K,A1S63KZ16FBTEB
B0BRB5PC7Z,A1S63KZ16FBTEB
B0BQHYQQFX,A1S63KZ16FBTEB
B08JKDPXDH,A1S63KZ16FBTEB
B08HVYCMG4,A1S63KZ16FBTEB
B08HLBJLNB,A1S63KZ16FBTEB
B08BY9R1Y2,A1S63KZ16FBTEB
B08BLHZ4FP,A1S63KZ16FBTEB
B0882TKG6Y,A1S63KZ16FBTEB
B086VZCGHW,A1S63KZ16FBTEB
B085635HFN,A1S63KZ16FBTEB
B083S6JXPZ,A1S63KZ16FBTEB
B0828B742G,A1S63KZ16FBTEB
B081DMHYBD,A1S63KZ16FBTEB
B07VF9YZ3S,A1S63KZ16FBTEB
B07V4364SK,A1S63KZ16FBTEB
B07SLHYXPS,A1S63KZ16FBTEB
B07SCL9Z31,A1S63KZ16FBTEB
B07RSJNNZS,A1S63KZ16FBTEB
B07RLRGS4V,A1S63KZ16FBTEB
B07QL61STL,A1S63KZ16FBTEB
B07Q6BDMXB,A1S63KZ16FBTEB
B07MHDB7RC,A1S63KZ16FBTEB
B07FSTJ485,A1S63KZ16FBTEB
B07DHB2Z88,A1S63KZ16FBTEB
B07DGK83CY,A1S63KZ16FBTEB
B07CYZ6BS2,A1S63KZ16FBTEB
B07CDXTTXZ,A1S63KZ16FBTEB
B07B67PC6Y,A1S63KZ16FBTEB
B0773S8S37,A1S63KZ16FBTEB
B073TZF8BL,A1S63KZ16FBTEB
B01NAL07O3,A1S63KZ16FBTEB
B01MXZGCTI,A1S63KZ16FBTEB
B01J7NQ35G,A1S63KZ16FBTEB
B01BO1VYY4,A1S63KZ16FBTEB
B0BN9WBLJ5,A1S63KZ16FBTEB
B0BMPP68PJ,A1S63KZ16FBTEB
B0BLK7YWZG,A1S63KZ16FBTEB
B0BJ8Y6C9C,A1S63KZ16FBTEB
B0BB1JBMT8,A1S63KZ16FBTEB
B0B6FT2R7K,A1S63KZ16FBTEB
B0B3XSLZ9Y,A1S63KZ16FBTEB
B09X7G5Y3G,A1S63KZ16FBTEB
B09VBHHRJZ,A1S63KZ16FBTEB
B09T8TFYN9,A1S63KZ16FBTEB
B09PF931T9,A1S63KZ16FBTEB
B09PF83VKQ,A1S63KZ16FBTEB
B09NRBYZC7,A1S63KZ16FBTEB
B09N3CWPZW,A1S63KZ16FBTEB
B09MTJB8LZ,A1S63KZ16FBTEB
B09CGYQ2Z1,A1S63KZ16FBTEB
B00ZP90RCM,A1S63KZ16FBTEB
B00Z6LMMMC,A1S63KZ16FBTEB
B00V8MWVLU,A1S63KZ16FBTEB
B00NJTO4CY,A1S63KZ16FBTEB
B00N4Z6EYE,A1S63KZ16FBTEB
B00HR5Z524,A1S63KZ16FBTEB
B00GNQ01FE,A1S63KZ16FBTEB
B00F5S1BIW,A1S63KZ16FBTEB
B00B9EAE7U,A1S63KZ16FBTEB
B00AKKUNIY,A1S63KZ16FBTEB
B006UD1WTY,A1S63KZ16FBTEB
B0058DQLO8,A1S63KZ16FBTEB
B004Z6PEGK,A1S63KZ16FBTEB
B004UW16ZM,A1S63KZ16FBTEB
B004NG9B52,A1S63KZ16FBTEB
B004IZCRGS,A1S63KZ16FBTEB
B07PGL2M6Y,A1S63KZ16FBTEB
B0D354MQXY,A1S63KZ16FBTEB
B07MSFSHWW,A1S63KZ16FBTEB
B007SVY5GO,A1S63KZ16FBTEB
B0BBSHJFY3,A1S63KZ16FBTEB
B004VILVXC,A1S63KZ16FBTEB
B09TRFQRP3,A1S63KZ16FBTEB
B0CPP9MN6B,A1S63KZ16FBTEB
B08V9JBQWZ,A1S63KZ16FBTEB
B0143M2A5S,A1S63KZ16FBTEB
B0BGK95Y4D,A1S63KZ16FBTEB
B01N945J6Z,A1S63KZ16FBTEB
B0D66JCN74,A1S63KZ16FBTEB
B0CZDCHCD3,A1S63KZ16FBTEB
B0CKLPKJ92,A1S63KZ16FBTEB
B0CJZY2T8P,A1S63KZ16FBTEB
B00YFUOD9U,A1S63KZ16FBTEB
B00N31FQJS,A1S63KZ16FBTEB
B0BZT7JB9Z,A1S63KZ16FBTEB
B00O48EQS6,A1S63KZ16FBTEB
B076YY5GM5,A1S63KZ16FBTEB
B0BBRXP6GH,A1S63KZ16FBTEB
B01JUYR77K,A1S63KZ16FBTEB
B01MF9DOWS,A1S63KZ16FBTEB
B09HT6B157,A1S63KZ16FBTEB
B072R7G575,A1S63KZ16FBTEB
B0D6GSTGNV,A1S63KZ16FBTEB
B0B75X41SB,A1S63KZ16FBTEB
B094J8Z325,A1S63KZ16FBTEB
B08714W67B,A1S63KZ16FBTEB
B06XXP823Q,A1S63KZ16FBTEB
B07C92NNHS,A1S63KZ16FBTEB
B002FCVSW0,A1S63KZ16FBTEB
B001GRDGT8,A1S63KZ16FBTEB
B000CONYMK,A1S63KZ16FBTEB
B000C9F4VY,A1S63KZ16FBTEB
B00065XP3S,A1S63KZ16FBTEB
B06X9X6HL4,A1S63KZ16FBTEB
B0BZDNPJS6,A1S63KZ16FBTEB
B0CJLZXH1S,A1S63KZ16FBTEB
B0C6NRV1JQ,A1S63KZ16FBTEB
B0BLT2GRFW,A1S63KZ16FBTEB
B09QKBYKDF,A1S63KZ16FBTEB
B09N8V497Z,A1S63KZ16FBTEB
B092M585GJ,A1S63KZ16FBTEB
B08S7C62J9,A1S63KZ16FBTEB
B0872M7Q3D,A1S63KZ16FBTEB
B082L2K7J9,A1S63KZ16FBTEB
B07FZ2F2FZ,A1S63KZ16FBTEB
B07F1ZTLY6,A1S63KZ16FBTEB
B07B8JBKZ5,A1S63KZ16FBTEB
B078HRQDMZ,A1S63KZ16FBTEB
B00SWTTZK2,A1S63KZ16FBTEB
B00QER8EWE,A1S63KZ16FBTEB
B00GPVZA58,A1S63KZ16FBTEB
B0CP9F87WS,A1S63KZ16FBTEB
B0CNGHKYLC,A1S63KZ16FBTEB
B0CN6SC92B,A1S63KZ16FBTEB
B0CLGTK76H,A1S63KZ16FBTEB
B0CL4XKMSN,A1S63KZ16FBTEB
B0CJNHPQSN,A1S63KZ16FBTEB
B0CHN3YBBC,A1S63KZ16FBTEB
B0CHJ8M5MP,A1S63KZ16FBTEB
B0CH38H647,A1S63KZ16FBTEB
B0CG9H38MW,A1S63KZ16FBTEB
B0CFBBLB37,A1S63KZ16FBTEB
B0CB4C26QF,A1S63KZ16FBTEB
B0C9KJKJSZ,A1S63KZ16FBTEB
B0C8ZN9HZV,A1S63KZ16FBTEB
B0C7SH5DR3,A1S63KZ16FBTEB
B0C6YFXX99,A1S63KZ16FBTEB
B0C6Y3YJVX,A1S63KZ16FBTEB
B0C6SGDGSF,A1S63KZ16FBTEB
B0C6QCVGZX,A1S63KZ16FBTEB
B0C5QVDJP6,A1S63KZ16FBTEB
B0C5MH2DX3,A1S63KZ16FBTEB
B0C3ZYVY9F,A1S63KZ16FBTEB
B0C3MX2HCY,A1S63KZ16FBTEB
B0C3CCX22Y,A1S63KZ16FBTEB
B0C3C6TC9C,A1S63KZ16FBTEB
B0C1NM42PN,A1S63KZ16FBTEB
B0BZJ1ZYT7,A1S63KZ16FBTEB
B0BZDBCH4V,A1S63KZ16FBTEB
B0BXRM4PZZ,A1S63KZ16FBTEB
B0BXHLT7D4,A1S63KZ16FBTEB
B0BXC7GJ36,A1S63KZ16FBTEB
B0BWYK2F3S,A1S63KZ16FBTEB
B0B37YMSX5,A1S63KZ16FBTEB
B0B2LXQ8VV,A1S63KZ16FBTEB
B0B2KV4N81,A1S63KZ16FBTEB
B0B27LNXFX,A1S63KZ16FBTEB
B0B1TJDZF3,A1S63KZ16FBTEB
B09ZDVHBYS,A1S63KZ16FBTEB
B09YX97BLX,A1S63KZ16FBTEB
B09YR2GWV7,A1S63KZ16FBTEB
B09YMNZKJM,A1S63KZ16FBTEB
B09YCJNCHY,A1S63KZ16FBTEB
B09TFHLB3J,A1S63KZ16FBTEB
B09S5VYZ3F,A1S63KZ16FBTEB
B09RPRRGPL,A1S63KZ16FBTEB
B09QBQYSJT,A1S63KZ16FBTEB
B09PTWDM9S,A1S63KZ16FBTEB
B09PQQFX95,A1S63KZ16FBTEB
B0BMB84MNL,A1S63KZ16FBTEB
B0BG2FGDSQ,A1S63KZ16FBTEB
B0BG251BSW,A1S63KZ16FBTEB
B0BFWNRB5Q,A1S63KZ16FBTEB
B0BFG3PGZ1,A1S63KZ16FBTEB
B0BDKRHQ8X,A1S63KZ16FBTEB
B0BCPRJJ6H,A1S63KZ16FBTEB
B0B94LD7P4,A1S63KZ16FBTEB
B0B8W9LYSF,A1S63KZ16FBTEB
B0B7VBQ2VJ,A1S63KZ16FBTEB
B0B6P74PW6,A1S63KZ16FBTEB
B0B4SRWH82,A1S63KZ16FBTEB
B0B4KJPWD4,A1S63KZ16FBTEB
B0B4DJXNZZ,A1S63KZ16FBTEB
B0B3SMWR1Y,A1S63KZ16FBTEB
B0B3MTL6RL,A1S63KZ16FBTEB
B0BWJ8NKVY,A1S63KZ16FBTEB
B0BW31T75K,A1S63KZ16FBTEB
B0BW31RZB1,A1S63KZ16FBTEB
B0BVC12J65,A1S63KZ16FBTEB
B0BTV8DFJ1,A1S63KZ16FBTEB
B0BTPG85SZ,A1S63KZ16FBTEB
B0BRX82WLZ,A1S63KZ16FBTEB
B0BRH1S434,A1S63KZ16FBTEB
B0BR8TVTXW,A1S63KZ16FBTEB
B0BQQTF4QF,A1S63KZ16FBTEB
B0BQDKL7H6,A1S63KZ16FBTEB
B0BQC2P4HK,A1S63KZ16FBTEB
B0BPHJQ3GP,A1S63KZ16FBTEB
B0BNJ8KR2V,A1S63KZ16FBTEB
B0BNBDHN2T,A1S63KZ16FBTEB
B0BML4YYYV,A1S63KZ16FBTEB
B009XU8WJY,A1S63KZ16FBTEB
B0052IRYB8,A1S63KZ16FBTEB
B001Q8KP5A,A1S63KZ16FBTEB
B0DB5JJ7S2,A1S63KZ16FBTEB
B0D9LF6N24,A1S63KZ16FBTEB
B0D7DSBNNH,A1S63KZ16FBTEB
B0D2CWTP6Z,A1S63KZ16FBTEB
B0D12KGXH8,A1S63KZ16FBTEB
B0CYLTHZYW,A1S63KZ16FBTEB
B0CXPSYVDJ,A1S63KZ16FBTEB
B0CXJ8RCRF,A1S63KZ16FBTEB
B0CWXS11KL,A1S63KZ16FBTEB
B0CRV9342R,A1S63KZ16FBTEB
B0CR62D43B,A1S63KZ16FBTEB
B0CQXGBV74,A1S63KZ16FBTEB
B0CPD4K5YH,A1S63KZ16FBTEB
B091KYR9XM,A1S63KZ16FBTEB
B08YD3QFJ5,A1S63KZ16FBTEB
B08X9WNZX3,A1S63KZ16FBTEB
B08RYYL18D,A1S63KZ16FBTEB
B08RJ4H5ZH,A1S63KZ16FBTEB
B08QN2QNDF,A1S63KZ16FBTEB
B08QMGFYZ1,A1S63KZ16FBTEB
B08M4DYJ71,A1S63KZ16FBTEB
B08KVW6G59,A1S63KZ16FBTEB
B08JXBCP8Z,A1S63KZ16FBTEB
B08HX82ZW9,A1S63KZ16FBTEB
B08HRY27ZR,A1S63KZ16FBTEB
B08GRZ6LMF,A1S63KZ16FBTEB
B08GM15L7Z,A1S63KZ16FBTEB
B08GK7CGGD,A1S63KZ16FBTEB
B08GB6QX6R,A1S63KZ16FBTEB
B09N7LY8N2,A1S63KZ16FBTEB
B09N7LT1L5,A1S63KZ16FBTEB
B09MFRCKKT,A1S63KZ16FBTEB
B09MC118SB,A1S63KZ16FBTEB
B09LTY6RR3,A1S63KZ16FBTEB
B09JZNP8VY,A1S63KZ16FBTEB
B09BMS89PJ,A1S63KZ16FBTEB
B09BCN1YT3,A1S63KZ16FBTEB
B09BBKWL62,A1S63KZ16FBTEB
B09B7YS1VK,A1S63KZ16FBTEB
B097S5BGGJ,A1S63KZ16FBTEB
B096VMCVFZ,A1S63KZ16FBTEB
B094QWRJG9,A1S63KZ16FBTEB
B093CRN6KQ,A1S63KZ16FBTEB
B0936VDJQZ,A1S63KZ16FBTEB
B092LPDRC7,A1S63KZ16FBTEB
B08G43C78H,A1S63KZ16FBTEB
B08F2WZZ8P,A1S63KZ16FBTEB
B08DRH2B6J,A1S63KZ16FBTEB
B08CTDVRH3,A1S63KZ16FBTEB
B08CFTNYWY,A1S63KZ16FBTEB
B08C745LJ7,A1S63KZ16FBTEB
B08C2CDMRY,A1S63KZ16FBTEB
B08BK4VMWB,A1S63KZ16FBTEB
B08B85G13R,A1S63KZ16FBTEB
B088P192RR,A1S63KZ16FBTEB
B088N9VK5N,A1S63KZ16FBTEB
B087B4C2X8,A1S63KZ16FBTEB
B086WGT9X9,A1S63KZ16FBTEB
B08562495W,A1S63KZ16FBTEB
B084X877HT,A1S63KZ16FBTEB
B083M9NQPP,A1S63KZ16FBTEB
B083JVKKKT,A1S63KZ16FBTEB
B081B9CPWF,A1S63KZ16FBTEB
B07Z3SB6C1,A1S63KZ16FBTEB
B07YZ99BPM,A1S63KZ16FBTEB
B07YVM5R74,A1S63KZ16FBTEB
B07YKPGG4D,A1S63KZ16FBTEB
B07Y6WQZ3S,A1S63KZ16FBTEB
B07X75Y7M4,A1S63KZ16FBTEB
B07X2TGB5W,A1S63KZ16FBTEB
B07X2HY3M7,A1S63KZ16FBTEB
B07VPLBW87,A1S63KZ16FBTEB
B07VH14BNG,A1S63KZ16FBTEB
B07VGZRRZK,A1S63KZ16FBTEB
B07VC3VHPM,A1S63KZ16FBTEB
B07T7YKK4W,A1S63KZ16FBTEB
B07S6QV4QK,A1S63KZ16FBTEB
B072K1VPFT,A1S63KZ16FBTEB
B071J12YFX,A1S63KZ16FBTEB
B06W5QS37Q,A1S63KZ16FBTEB
B01N1OQGTC,A1S63KZ16FBTEB
B01JRNHTK4,A1S63KZ16FBTEB
B01JDIPEMI,A1S63KZ16FBTEB
B01G97Y0IU,A1S63KZ16FBTEB
B01CGB91V4,A1S63KZ16FBTEB
B01CECERAA,A1S63KZ16FBTEB
B0189GB4C4,A1S63KZ16FBTEB
B0165PIWIK,A1S63KZ16FBTEB
B015GIFGJ0,A1S63KZ16FBTEB
B00T3IHDG4,A1S63KZ16FBTEB
B00PR0GPBG,A1S63KZ16FBTEB
B00PDGXTZ4,A1S63KZ16FBTEB
B00P8KHRIU,A1S63KZ16FBTEB
B07RT2BFJS,A1S63KZ16FBTEB
B07RR891CL,A1S63KZ16FBTEB
B07QDPVVFT,A1S63KZ16FBTEB
B07NKBBHL6,A1S63KZ16FBTEB
B07GPQX7BP,A1S63KZ16FBTEB
B07GBQLNG6,A1S63KZ16FBTEB
B07F5XPNZS,A1S63KZ16FBTEB
B07DW25ZPN,A1S63KZ16FBTEB
B07DPS6JQK,A1S63KZ16FBTEB
B07DC2X2NX,A1S63KZ16FBTEB
B07C83STNY,A1S63KZ16FBTEB
B0781B1VVX,A1S63KZ16FBTEB
B07679R696,A1S63KZ16FBTEB
B075MPKB9X,A1S63KZ16FBTEB
B075JPW8XP,A1S63KZ16FBTEB
B073T4ZZVN,A1S63KZ16FBTEB
B00NO1E6TS,A1S63KZ16FBTEB
B00MWAZ7FE,A1S63KZ16FBTEB
B00LUSOI5Y,A1S63KZ16FBTEB
B00ET6H38S,A1S63KZ16FBTEB
B00E0MIGZ0,A1S63KZ16FBTEB
B00B5SOH5U,A1S63KZ16FBTEB
B00B1SMCL0,A1S63KZ16FBTEB
B00AKIBRNQ,A1S63KZ16FBTEB
B00A8LZDGM,A1S63KZ16FBTEB
B0098QN9SC,A1S63KZ16FBTEB
B008DZF1HQ,A1S63KZ16FBTEB
B008BUJ0KW,A1S63KZ16FBTEB
B005FJH87E,A1S63KZ16FBTEB
B002P6DKJU,A1S63KZ16FBTEB
B000Y85OZY,A1S63KZ16FBTEB
B000MD4YKM,A1S63KZ16FBTEB
B000IZ3NVU,A1S63KZ16FBTEB
B000COS7YU,A1S63KZ16FBTEB
B000BRJF0I,A1S63KZ16FBTEB
B00062Z5ES,A1S63KZ16FBTEB
B00004Z2XH,A1S63KZ16FBTEB
B098D3QJ1J,A1S63KZ16FBTEB
B072FQB9G6,A1S63KZ16FBTEB
B013YRLO7I,A1S63KZ16FBTEB
B0752ZXTSZ,A1S63KZ16FBTEB
B0B4T73DPG,A1S63KZ16FBTEB
B07573KQZQ,A1S63KZ16FBTEB
B072N9D8ZJ,A1S63KZ16FBTEB
B0BN6MBR7X,A1S63KZ16FBTEB
B0BCG3TGNH,A1S63KZ16FBTEB
B0BN3PLF6Y,A1S63KZ16FBTEB
B01GFYA0JU,A1S63KZ16FBTEB
B0BLQCBWVB,A1S63KZ16FBTEB
B093T6XH5K,A1S63KZ16FBTEB
B0CPM1J9H6,A1S63KZ16FBTEB
B0B7M6QC76,A1S63KZ16FBTEB
B0BZP8QXJ6,A1S63KZ16FBTEB
B00DJ8XRBO,A1S63KZ16FBTEB
B0CDN8JSN7,A1S63KZ16FBTEB
B0C89PTGGR,A1S63KZ16FBTEB
B07DCW9NWR,A1S63KZ16FBTEB
B096NCQD7V,A1S63KZ16FBTEB
B08591XV2P,A1S63KZ16FBTEB
B07FQL842J,A1S63KZ16FBTEB
B074QT5CFX,A1S63KZ16FBTEB
B0DBGVPQZN,A1S63KZ16FBTEB
B0CYXGRV9J,A1S63KZ16FBTEB
B0CT7MG9R5,A1S63KZ16FBTEB
B0BWH4YTRT,A1S63KZ16FBTEB
B0BW98F9CF,A1S63KZ16FBTEB
B0BV9C1ZNG,A1S63KZ16FBTEB
B0B3CVZH3K,A1S63KZ16FBTEB
B08S36178D,A1S63KZ16FBTEB
B08R7VF5FX,A1S63KZ16FBTEB
B07LH78N8F,A1S63KZ16FBTEB
B004WQIIU2,A1S63KZ16FBTEB
B0002D0D52,A1S63KZ16FBTEB
B0DHGSQD8P,A1S63KZ16FBTEB
B0DFMXBNF4,A1S63KZ16FBTEB
B0D9HVYV6X,A1S63KZ16FBTEB
B0D81RWP4Y,A1S63KZ16FBTEB
B0D3LDNR59,A1S63KZ16FBTEB
B0D3LCSXCB,A1S63KZ16FBTEB
B0D3LC1K2K,A1S63KZ16FBTEB
B0CZNLW3DS,A1S63KZ16FBTEB
B0CZM9LD3K,A1S63KZ16FBTEB
B0CY1Q1C4V,A1S63KZ16FBTEB
B0CWWYGVDZ,A1S63KZ16FBTEB
B0CWSNPXVY,A1S63KZ16FBTEB
B0CTH97FPC,A1S63KZ16FBTEB
B0CT5RCHYN,A1S63KZ16FBTEB
B0CSD4R7X8,A1S63KZ16FBTEB
B0CC31VN8M,A1S63KZ16FBTEB
B0CBVBG6BP,A1S63KZ16FBTEB
B0CBB443F1,A1S63KZ16FBTEB
B0C9MFS3NQ,A1S63KZ16FBTEB
B0C9J1H4CG,A1S63KZ16FBTEB
B0C96V4R79,A1S63KZ16FBTEB
B0C8STXF1R,A1S63KZ16FBTEB
B0C7GKX5T4,A1S63KZ16FBTEB
B0C7D7KRM7,A1S63KZ16FBTEB
B0C5WZ8QRZ,A1S63KZ16FBTEB
B0C37HTPMG,A1S63KZ16FBTEB
B0C335LJK3,A1S63KZ16FBTEB
B0C1CGCTDD,A1S63KZ16FBTEB
B0C1BH2N73,A1S63KZ16FBTEB
B0BZSKH67L,A1S63KZ16FBTEB
B0BZQM5RYN,A1S63KZ16FBTEB
B09B8FYFQ4,A1S63KZ16FBTEB
B09B6D4DMV,A1S63KZ16FBTEB
B099ZMQN2Z,A1S63KZ16FBTEB
B098NTWLRP,A1S63KZ16FBTEB
B098849QJ9,A1S63KZ16FBTEB
B097ZM5B3M,A1S63KZ16FBTEB
B097DDKCG3,A1S63KZ16FBTEB
B096MD4QP4,A1S63KZ16FBTEB
B096BFYKLW,A1S63KZ16FBTEB
B095R6GB9F,A1S63KZ16FBTEB
B092VPW6JY,A1S63KZ16FBTEB
B092RJ1M85,A1S63KZ16FBTEB
B0928PZ37Q,A1S63KZ16FBTEB
B091PGHD48,A1S63KZ16FBTEB
B091C3XS7X,A1S63KZ16FBTEB
B08ZC574MP,A1S63KZ16FBTEB
B0BZPCC7SP,A1S63KZ16FBTEB
B0BYZCW4D3,A1S63KZ16FBTEB
B0BY6ZMCNN,A1S63KZ16FBTEB
B0BXZV4PYD,A1S63KZ16FBTEB
B0BWYHGH8Y,A1S63KZ16FBTEB
B0BV1Q5CWG,A1S63KZ16FBTEB
B0BTNYL8Y5,A1S63KZ16FBTEB
B0BQBL9Y93,A1S63KZ16FBTEB
B0BPSJX137,A1S63KZ16FBTEB
B0BP72HXTZ,A1S63KZ16FBTEB
B0BNDNW3VR,A1S63KZ16FBTEB
B0BN3QH6G4,A1S63KZ16FBTEB
B0BLHZKM42,A1S63KZ16FBTEB
B0BHN8DC72,A1S63KZ16FBTEB
B0BFDH1DL4,A1S63KZ16FBTEB
B0BF9XKRW9,A1S63KZ16FBTEB
B09TYV76N4,A1S63KZ16FBTEB
B09TXLD24Q,A1S63KZ16FBTEB
B09S5DVSPY,A1S63KZ16FBTEB
B09QMF4PF5,A1S63KZ16FBTEB
B09Q4GKFJK,A1S63KZ16FBTEB
B09PG6KNCR,A1S63KZ16FBTEB
B09NKW2GFV,A1S63KZ16FBTEB
B09JRY5QWL,A1S63KZ16FBTEB
B09J8DLM4W,A1S63KZ16FBTEB
B09HC5WVP5,A1S63KZ16FBTEB
B09GBHD9L4,A1S63KZ16FBTEB
B09DWZ37CH,A1S63KZ16FBTEB
B09CNTYLBK,A1S63KZ16FBTEB
B09CK9STC9,A1S63KZ16FBTEB
B09C2YH7ZL,A1S63KZ16FBTEB
B09BDZ41QN,A1S63KZ16FBTEB
B07TK27JF1,A1S63KZ16FBTEB
B07Q112TQF,A1S63KZ16FBTEB
B07PYHLKY2,A1S63KZ16FBTEB
B07MMTF529,A1S63KZ16FBTEB
B07LH6B9C6,A1S63KZ16FBTEB
B07L81VQBF,A1S63KZ16FBTEB
B07KJTH6K7,A1S63KZ16FBTEB
B07K6BGFDG,A1S63KZ16FBTEB
B07HMG7274,A1S63KZ16FBTEB
B07HG959GF,A1S63KZ16FBTEB
B07GYVKDM8,A1S63KZ16FBTEB
B07GXLF9W9,A1S63KZ16FBTEB
B07GVMKPQT,A1S63KZ16FBTEB
B07GQBSFQ8,A1S63KZ16FBTEB
B07FK14Z6W,A1S63KZ16FBTEB
B07F1XBYGZ,A1S63KZ16FBTEB
B07DVM8QFH,A1S63KZ16FBTEB
B07DJPBZGN,A1S63KZ16FBTEB
B07CQ9R1YZ,A1S63KZ16FBTEB
B07C7HRV4P,A1S63KZ16FBTEB
B077ZTM3WW,A1S63KZ16FBTEB
B077VNRQD2,A1S63KZ16FBTEB
B0776TFMLB,A1S63KZ16FBTEB
B076786TXK,A1S63KZ16FBTEB
B073V4724F,A1S63KZ16FBTEB
B0725R29L7,A1S63KZ16FBTEB
B0711YT55H,A1S63KZ16FBTEB
B01LVZVTP3,A1S63KZ16FBTEB
B01IDWRPHW,A1S63KZ16FBTEB
B01G97X9C8,A1S63KZ16FBTEB
B01FUTOSQ2,A1S63KZ16FBTEB
B01EWSL26G,A1S63KZ16FBTEB
B015976OT4,A1S63KZ16FBTEB
B00O4FXT7S,A1S63KZ16FBTEB
B00K6EI7PK,A1S63KZ16FBTEB
B00IZCNP5C,A1S63KZ16FBTEB
B00GT1GG1Q,A1S63KZ16FBTEB
B00EVKU43S,A1S63KZ16FBTEB
B00EED5A9U,A1S63KZ16FBTEB
B00D5ESJF6,A1S63KZ16FBTEB
B007ACZW1I,A1S63KZ16FBTEB
B00777O25S,A1S63KZ16FBTEB
B004S6JGXO,A1S63KZ16FBTEB
B004PVK0PA,A1S63KZ16FBTEB
B00421AYH2,A1S63KZ16FBTEB
B00406U7WQ,A1S63KZ16FBTEB
B00004SUQM,A1S63KZ16FBTEB
B0CVXYZNPP,A1S63KZ16FBTEB
B08Y69ZFB3,A1S63KZ16FBTEB
B08S39XKCY,A1S63KZ16FBTEB
B08R5NCSSQ,A1S63KZ16FBTEB
B08R2P64PT,A1S63KZ16FBTEB
B08QCFC3TD,A1S63KZ16FBTEB
B08PYCY2SV,A1S63KZ16FBTEB
B08P2FGMT9,A1S63KZ16FBTEB
B08KSCBL1Y,A1S63KZ16FBTEB
B08KPLPLDF,A1S63KZ16FBTEB
B08JYXRZ3R,A1S63KZ16FBTEB
B08HCV9Q2K,A1S63KZ16FBTEB
B08F48LR45,A1S63KZ16FBTEB
B08F2VPCJX,A1S63KZ16FBTEB
B08DFQXXHC,A1S63KZ16FBTEB
B08D7TS3JP,A1S63KZ16FBTEB
B08C9V44QG,A1S63KZ16FBTEB
B08B456YD7,A1S63KZ16FBTEB
B089K9N5R4,A1S63KZ16FBTEB
B089FJR16D,A1S63KZ16FBTEB
B089FGGLMM,A1S63KZ16FBTEB
B086WCJ361,A1S63KZ16FBTEB
B086S3Z7DN,A1S63KZ16FBTEB
B0868BTZHN,A1S63KZ16FBTEB
B085S875NM,A1S63KZ16FBTEB
B0851G83ZF,A1S63KZ16FBTEB
B082XZY4QG,A1S63KZ16FBTEB
B082WGKDLG,A1S63KZ16FBTEB
B07Z6LX6HJ,A1S63KZ16FBTEB
B07YKTF57W,A1S63KZ16FBTEB
B07WJ76418,A1S63KZ16FBTEB
B07WGXWBRG,A1S63KZ16FBTEB
B07VRLRKFT,A1S63KZ16FBTEB
B089QQNKJL,A1S63KZ16FBTEB
B000YLJQ5U,A1S63KZ16FBTEB
B0C52FTHZ8,A1S63KZ16FBTEB
B007GBFMI6,A1S63KZ16FBTEB
B0B14YNWRB,A1S63KZ16FBTEB
B08DQVTZ13,A1S63KZ16FBTEB
B09BNGVQ1K,A1S63KZ16FBTEB
B0927J5DJC,A1S63KZ16FBTEB
B0CNWLD1ZT,A1S63KZ16FBTEB
B0DDKXLLV5,A1S63KZ16FBTEB
B0C24Z287Y,A1S63KZ16FBTEB
B09WBSTHCR,A1S63KZ16FBTEB
B08X4W6N5M,A1S63KZ16FBTEB
B09LXKV6XJ,A1S63KZ16FBTEB
B07GVRTZH9,A1S63KZ16FBTEB
B00GKBLS1S,A1S63KZ16FBTEB
B0C46XSW1T,A1S63KZ16FBTEB
B0BYNPPW8V,A1S63KZ16FBTEB
B0BHV9MWKM,A1S63KZ16FBTEB
B09WMKH1N7,A1S63KZ16FBTEB
B088C3FFRJ,A1S63KZ16FBTEB
B0731SNRRT,A1S63KZ16FBTEB
B000PQ785E,A1S63KZ16FBTEB
B0D41LSZ6Z,A1S63KZ16FBTEB
B0CTC6SWPJ,A1S63KZ16FBTEB
B099JMZVKW,A1S63KZ16FBTEB
B08VW5RRLS,A1S63KZ16FBTEB
B08NPXPRPS,A1S63KZ16FBTEB
B01G94SGQA,A1S63KZ16FBTEB
B00CXS7B04,A1S63KZ16FBTEB
B0C4BH4WLT,A1S63KZ16FBTEB
B0BLWGX8NN,A1S63KZ16FBTEB
B09YTWWHH9,A1S63KZ16FBTEB
B07Q6N2PDC,A1S63KZ16FBTEB
B07Q56VRW4,A1S63KZ16FBTEB
B01KK81P0A,A1S63KZ16FBTEB
B000UKL554,A1S63KZ16FBTEB
B0DP2BP7W9,A1S63KZ16FBTEB
B0DKMWNBB2,A1S63KZ16FBTEB
B0DFZR6X87,A1S63KZ16FBTEB
B0DFY7XMDQ,A1S63KZ16FBTEB
B0DFWF4QSK,A1S63KZ16FBTEB
B0D3FZ3NVH,A1S63KZ16FBTEB
B0D1XRVV9F,A1S63KZ16FBTEB
B0D1XPB7Y2,A1S63KZ16FBTEB
B0CZ8ZBLXT,A1S63KZ16FBTEB
B0CXDQ33RW,A1S63KZ16FBTEB
B0CWXWZW54,A1S63KZ16FBTEB
B0CS3PGQZG,A1S63KZ16FBTEB
B0CRTTB4TQ,A1S63KZ16FBTEB
B0CP4ML5X6,A1S63KZ16FBTEB
B0CNDGGQ6K,A1S63KZ16FBTEB
B0CMJ52HG9,A1S63KZ16FBTEB
B0CLRV32HQ,A1S63KZ16FBTEB
B0CKQTLV37,A1S63KZ16FBTEB
B0CHZ5RM8P,A1S63KZ16FBTEB
B0CHYXCG6V,A1S63KZ16FBTEB
B0CHYMXYY9,A1S63KZ16FBTEB
B0CHNQK99C,A1S63KZ16FBTEB
B0CFLDTYQ3,A1S63KZ16FBTEB
B0CCTTD1YF,A1S63KZ16FBTEB
B0CCSJ7JFF,A1S63KZ16FBTEB
B0CCHYQ6TS,A1S63KZ16FBTEB
B0CCDJ33N4,A1S63KZ16FBTEB
B0C68K62PL,A1S63KZ16FBTEB
B0C65HVPKW,A1S63KZ16FBTEB
B0C6145L7B,A1S63KZ16FBTEB
B0C528HDWS,A1S63KZ16FBTEB
B0C4L1HX46,A1S63KZ16FBTEB
B0C3QB775G,A1S63KZ16FBTEB
B0C2YVBNRV,A1S63KZ16FBTEB
B0C2TS62CW,A1S63KZ16FBTEB
B0C24L64CW,A1S63KZ16FBTEB
B0C1HMT8KF,A1S63KZ16FBTEB
B0C1GWVWBR,A1S63KZ16FBTEB
B0C1C1N2YN,A1S63KZ16FBTEB
B0C1B238XZ,A1S63KZ16FBTEB
B0BZ4GQLJP,A1S63KZ16FBTEB
B0BYNP83QZ,A1S63KZ16FBTEB
B0BYJFGBHD,A1S63KZ16FBTEB
B0CWR5BMTN,A1S63KZ16FBTEB
B0CW17QKWX,A1S63KZ16FBTEB
B0CTCTPPM2,A1S63KZ16FBTEB
B0CSVM3SJ5,A1S63KZ16FBTEB
B0CS2XM32J,A1S63KZ16FBTEB
B0CRY78MHV,A1S63KZ16FBTEB
B0CQZZ39LP,A1S63KZ16FBTEB
B0CQT5ZFBT,A1S63KZ16FBTEB
B0CPY2TVM4,A1S63KZ16FBTEB
B0CP922VX6,A1S63KZ16FBTEB
B0CP7DTZ8Y,A1S63KZ16FBTEB
B0CP5HBRZ6,A1S63KZ16FBTEB
B0CP51JGQR,A1S63KZ16FBTEB
B0CNNLZK9H,A1S63KZ16FBTEB
B0CMD17GFF,A1S63KZ16FBTEB
B0CM6V3Y3M,A1S63KZ16FBTEB
B0CM273M93,A1S63KZ16FBTEB
B0CLMFSVWT,A1S63KZ16FBTEB
B0CL54C8KB,A1S63KZ16FBTEB
B0CKX1VTKP,A1S63KZ16FBTEB
B0CKWK471F,A1S63KZ16FBTEB
B0CJ4XVG5Q,A1S63KZ16FBTEB
B0CJ4GBTNC,A1S63KZ16FBTEB
B0CHB9HFRW,A1S63KZ16FBTEB
B0CHB2PQYK,A1S63KZ16FBTEB
B0CGXSVMWG,A1S63KZ16FBTEB
B0CDLGV7FR,A1S63KZ16FBTEB
B0CCY3QZ3V,A1S63KZ16FBTEB
B0CC9VT9Z1,A1S63KZ16FBTEB
B0CC21Y51W,A1S63KZ16FBTEB
B0CBPN8GF1,A1S63KZ16FBTEB
B0C77LHV3D,A1S63KZ16FBTEB
B0BFWNKW5Y,A1S63KZ16FBTEB
B0BFLH1NTW,A1S63KZ16FBTEB
B0BDWYPJ6L,A1S63KZ16FBTEB
B0BCDQ2JP9,A1S63KZ16FBTEB
B0BCBTHNHB,A1S63KZ16FBTEB
B0BC85MCZT,A1S63KZ16FBTEB
B0BBCN7H4X,A1S63KZ16FBTEB
B0BB6W9SR2,A1S63KZ16FBTEB
B0BB28R8SQ,A1S63KZ16FBTEB
B0B9SFS5P9,A1S63KZ16FBTEB
B0B93P42GP,A1S63KZ16FBTEB
B0B7RQ6WPN,A1S63KZ16FBTEB
B0B7JVV7T4,A1S63KZ16FBTEB
B0B7862J1J,A1S63KZ16FBTEB
B0B543TJMC,A1S63KZ16FBTEB
B0B3MSBJ18,A1S63KZ16FBTEB
B0B31SJ5Q1,A1S63KZ16FBTEB
B09Z2H2PWW,A1S63KZ16FBTEB
B09Y9GP8ZB,A1S63KZ16FBTEB
B09XWZFC4X,A1S63KZ16FBTEB
B09XMR3FF9,A1S63KZ16FBTEB
B09XDYQWBY,A1S63KZ16FBTEB
B09TR6N17Q,A1S63KZ16FBTEB
B09PKMGLHF,A1S63KZ16FBTEB
B09P776N53,A1S63KZ16FBTEB
B09P76CCHW,A1S63KZ16FBTEB
B09NZJ7H1S,A1S63KZ16FBTEB
B09MCMJYN7,A1S63KZ16FBTEB
B09MBLTMDY,A1S63KZ16FBTEB
B09LYH4951,A1S63KZ16FBTEB
B09LLPTWZ5,A1S63KZ16FBTEB
B09LHDL6KH,A1S63KZ16FBTEB
B0BY1X8PSR,A1S63KZ16FBTEB
B0BXXCX47C,A1S63KZ16FBTEB
B0BXTS4WKN,A1S63KZ16FBTEB
B0BVV2RWJ6,A1S63KZ16FBTEB
B0BTLW5PM1,A1S63KZ16FBTEB
B0BS3VGHK6,A1S63KZ16FBTEB
B0BS127XMG,A1S63KZ16FBTEB
B0BRZV5RZN,A1S63KZ16FBTEB
B0BP2HSKKK,A1S63KZ16FBTEB
B0BNJ1TL1Q,A1S63KZ16FBTEB
B0BNHWC5VP,A1S63KZ16FBTEB
B0BN15BHLW,A1S63KZ16FBTEB
B0BJQNQT2H,A1S63KZ16FBTEB
B0BHMBWYJV,A1S63KZ16FBTEB
B0BGQFVZ9T,A1S63KZ16FBTEB
B0BG3FL1FL,A1S63KZ16FBTEB
B09KTSYZ4L,A1S63KZ16FBTEB
B09KLFQLCV,A1S63KZ16FBTEB
B09JYFKM62,A1S63KZ16FBTEB
B09JBSXLTB,A1S63KZ16FBTEB
B09J8P37RR,A1S63KZ16FBTEB
B09G76W55M,A1S63KZ16FBTEB
B098RT8M6T,A1S63KZ16FBTEB
B097RBX22K,A1S63KZ16FBTEB
B0978SNBPN,A1S63KZ16FBTEB
B096VW7P8X,A1S63KZ16FBTEB
B096B35MBV,A1S63KZ16FBTEB
B0964MR7KB,A1S63KZ16FBTEB
B095SZG5RK,A1S63KZ16FBTEB
B094MW1YF2,A1S63KZ16FBTEB
B093MT53YV,A1S63KZ16FBTEB
B0927GK8XG,A1S63KZ16FBTEB
B0BCFM6QR2,A1S63KZ16FBTEB
B0BC1BJ817,A1S63KZ16FBTEB
B0BBLY59GY,A1S63KZ16FBTEB
B0BBLVCSCV,A1S63KZ16FBTEB
B0B9BL8RY4,A1S63KZ16FBTEB
B0B6NM3QPK,A1S63KZ16FBTEB
B0B4GDMY4M,A1S63KZ16FBTEB
B0B1LPZYT8,A1S63KZ16FBTEB
B0B12JCSQ4,A1S63KZ16FBTEB
B09Z27JK5K,A1S63KZ16FBTEB
B09XF33RC9,A1S63KZ16FBTEB
B09WZX5N5W,A1S63KZ16FBTEB
B09WV34GHB,A1S63KZ16FBTEB
B09WMDF2SM,A1S63KZ16FBTEB
B09W31GNLN,A1S63KZ16FBTEB
B09VT1NVCD,A1S63KZ16FBTEB
B0B41Q48WT,A1S63KZ16FBTEB
B09WN6QGY6,A1S63KZ16FBTEB
B07SPWM8KZ,A1S63KZ16FBTEB
B091V2Z1M1,A1S63KZ16FBTEB
B08X4615SC,A1S63KZ16FBTEB
B08VJ89DXB,A1S63KZ16FBTEB
B08SHX1GRR,A1S63KZ16FBTEB
B08P37DHY6,A1S63KZ16FBTEB
B08NHWMG6W,A1S63KZ16FBTEB
B08NH1KCQ3,A1S63KZ16FBTEB
B08KQ4N4RG,A1S63KZ16FBTEB
B08JJ6DJ6L,A1S63KZ16FBTEB
B08JCKXZJ7,A1S63KZ16FBTEB
B08J983N91,A1S63KZ16FBTEB
B08J4BWGTZ,A1S63KZ16FBTEB
B08HXMWK4D,A1S63KZ16FBTEB
B08FSJVD8G,A1S63KZ16FBTEB
B08F9VKYSC,A1S63KZ16FBTEB
B08DTZY96X,A1S63KZ16FBTEB
B08DCRJWHD,A1S63KZ16FBTEB
B08D94QGM9,A1S63KZ16FBTEB
B08D623MC7,A1S63KZ16FBTEB
B089F24GV1,A1S63KZ16FBTEB
B088VF6C17,A1S63KZ16FBTEB
B088LJ27P2,A1S63KZ16FBTEB
B08712HRT4,A1S63KZ16FBTEB
B086T1WQ5Q,A1S63KZ16FBTEB
B083RDYWVB,A1S63KZ16FBTEB
B07ZPVT21S,A1S63KZ16FBTEB
B07WX1CG3L,A1S63KZ16FBTEB
B07WWJBWVP,A1S63KZ16FBTEB
B07SJWWNXJ,A1S63KZ16FBTEB
B07RYLPPZS,A1S63KZ16FBTEB
B07R2DXHDM,A1S63KZ16FBTEB
B07Q2S57FV,A1S63KZ16FBTEB
B07PJ1FN2D,A1S63KZ16FBTEB
B07NV3DLZ1,A1S63KZ16FBTEB
B07NJ2VQ1G,A1S63KZ16FBTEB
B07MKZFDV1,A1S63KZ16FBTEB
B07KXPNW2Q,A1S63KZ16FBTEB
B07KWDSWR9,A1S63KZ16FBTEB
B07KBCMTYC,A1S63KZ16FBTEB
B07JZ9CLYN,A1S63KZ16FBTEB
B07HPGKHLV,A1S63KZ16FBTEB
B07H5LSJB5,A1S63KZ16FBTEB
B07GC7HD8R,A1S63KZ16FBTEB
B07FF8Y49W,A1S63KZ16FBTEB
B07DXDNQ9J,A1S63KZ16FBTEB
B07DWXXTT9,A1S63KZ16FBTEB
B07DF655YB,A1S63KZ16FBTEB
B07D3M814L,A1S63KZ16FBTEB
B079QXVWWJ,A1S63KZ16FBTEB
B079D7XDSX,A1S63KZ16FBTEB
B076M28XXN,A1S63KZ16FBTEB
B073Y6X383,A1S63KZ16FBTEB
B072JVRSBX,A1S63KZ16FBTEB
B072562878,A1S63KZ16FBTEB
B06XW8CDSG,A1S63KZ16FBTEB
B06X9S35XY,A1S63KZ16FBTEB
B01NA95URD,A1S63KZ16FBTEB
B01N5QS3JG,A1S63KZ16FBTEB
B01MR5XMOM,A1S63KZ16FBTEB
B01DGZFSNE,A1S63KZ16FBTEB
B01DDOQ954,A1S63KZ16FBTEB
B01CK64AQG,A1S63KZ16FBTEB
B018JYCD3A,A1S63KZ16FBTEB
B00XRPLR5W,A1S63KZ16FBTEB
B00WI0A3KM,A1S63KZ16FBTEB
B00V95OOS4,A1S63KZ16FBTEB
B00UM9WV2Y,A1S63KZ16FBTEB
B00R8CIEDI,A1S63KZ16FBTEB
B00QXU3LRU,A1S63KZ16FBTEB
B00PJWCXF4,A1S63KZ16FBTEB
B00P7FFGRU,A1S63KZ16FBTEB
B00KONIOM4,A1S63KZ16FBTEB
B00HYPKNX8,A1S63KZ16FBTEB
B00HSK2CFQ,A1S63KZ16FBTEB
B00HM2KVPS,A1S63KZ16FBTEB
B00FD1GJLK,A1S63KZ16FBTEB
B00FBW5E7G,A1S63KZ16FBTEB
B00EVILIDU,A1S63KZ16FBTEB
B00EMIHQ0I,A1S63KZ16FBTEB
B00DQE5ZMK,A1S63KZ16FBTEB
B00C3AWD9Q,A1S63KZ16FBTEB
B008N32ECI,A1S63KZ16FBTEB
B007YWLCCM,A1S63KZ16FBTEB
B007VQGVFO,A1S63KZ16FBTEB
B0039235XA,A1S63KZ16FBTEB
B002MPPBDM,A1S63KZ16FBTEB
B001J9HC4I,A1S63KZ16FBTEB
B000M7RAUE,A1S63KZ16FBTEB
B0C4KCK2N4,A1S63KZ16FBTEB
B07H7TFT29,A1S63KZ16FBTEB
B0741JVTTS,A1S63KZ16FBTEB
B009VXJXMS,A1S63KZ16FBTEB
B08R84ZN7F,A1S63KZ16FBTEB
B0CCS3VNBN,A1S63KZ16FBTEB
B0C9HV3791,A1S63KZ16FBTEB
B0C8NC43RF,A1S63KZ16FBTEB
B0C615YJ59,A1S63KZ16FBTEB
B0C5TM3Q25,A1S63KZ16FBTEB
B0C5R7TP1M,A1S63KZ16FBTEB
B0C1VPVGNZ,A1S63KZ16FBTEB
B0BZZXTF7X,A1S63KZ16FBTEB
B0BYS76WBH,A1S63KZ16FBTEB
B0BY25R569,A1S63KZ16FBTEB
B0BWDX5G2D,A1S63KZ16FBTEB
B0BRMGQKGD,A1S63KZ16FBTEB
B0BQJWRVN9,A1S63KZ16FBTEB
B0BMKP8SBK,A1S63KZ16FBTEB
B0BJK8X6T9,A1S63KZ16FBTEB
B0BCFTR7J9,A1S63KZ16FBTEB
B0B9BPC32G,A1S63KZ16FBTEB
B0B91ZTR7W,A1S63KZ16FBTEB
B0B8F4H22S,A1S63KZ16FBTEB
B0B84936MD,A1S63KZ16FBTEB
B0B6WHHCN6,A1S63KZ16FBTEB
B0B5MKGNZS,A1S63KZ16FBTEB
B0B45VFWXY,A1S63KZ16FBTEB
B0B3CKVWT8,A1S63KZ16FBTEB
B09YTV2L6T,A1S63KZ16FBTEB
B09NN2NRCD,A1S63KZ16FBTEB
B09M8WZ9BW,A1S63KZ16FBTEB
B09K2F4JBJ,A1S63KZ16FBTEB
B09DX2BXLW,A1S63KZ16FBTEB
B096VJGR9P,A1S63KZ16FBTEB
B094XY38J8,A1S63KZ16FBTEB
B094XCQVGY,A1S63KZ16FBTEB
B073NQRCJG,A1S63KZ16FBTEB
B01MYZRMCT,A1S63KZ16FBTEB
B01MDOWYEA,A1S63KZ16FBTEB
B01GQWH3D2,A1S63KZ16FBTEB
B013POCWKI,A1S63KZ16FBTEB
B00Z599I3Q,A1S63KZ16FBTEB
B00W4TKH3A,A1S63KZ16FBTEB
B00OGM0TN6,A1S63KZ16FBTEB
B00KRKXFH8,A1S63KZ16FBTEB
B00D8WJ4RC,A1S63KZ16FBTEB
B00BF4UA4Q,A1S63KZ16FBTEB
B007L03I8S,A1S63KZ16FBTEB
B006ZYX8R2,A1S63KZ16FBTEB
B005U815BU,A1S63KZ16FBTEB
B003WUYG14,A1S63KZ16FBTEB
B001P4DXFE,A1S63KZ16FBTEB
B09QFKTZFW,A1S63KZ16FBTEB
B09FH2PV6V,A1S63KZ16FBTEB
B0942HPCP4,A1S63KZ16FBTEB
B08HVL3DVJ,A1S63KZ16FBTEB
B089LJMSJ5,A1S63KZ16FBTEB
B00IYWZ4JI,A1S63KZ16FBTEB
B00CCJDCXE,A1S63KZ16FBTEB
B01B28V4D0,A1S63KZ16FBTEB
B0DGKP761G,A1S63KZ16FBTEB
B0DBZPPJ9S,A1S63KZ16FBTEB
B0CYSGBFLX,A1S63KZ16FBTEB
B0CN5Y5TN1,A1S63KZ16FBTEB
B0CHRFBGV7,A1S63KZ16FBTEB
B0CH7S8RN3,A1S63KZ16FBTEB
B0CGTKD49D,A1S63KZ16FBTEB
B0CDLGVMGL,A1S63KZ16FBTEB
B09454ZZ39,A1S63KZ16FBTEB
B09298Q3QB,A1S63KZ16FBTEB
B08Y819QP5,A1S63KZ16FBTEB
B08VYFKQ1T,A1S63KZ16FBTEB
B08SWV28G5,A1S63KZ16FBTEB
B08K7JLXL5,A1S63KZ16FBTEB
B089X5CF8W,A1S63KZ16FBTEB
B088LQ7V1Q,A1S63KZ16FBTEB
B07WTWS34N,A1S63KZ16FBTEB
B07THLYGN4,A1S63KZ16FBTEB
B07R7TXSFR,A1S63KZ16FBTEB
B07Q4Y4KYD,A1S63KZ16FBTEB
B07N1VLN6N,A1S63KZ16FBTEB
B07KCLGB5D,A1S63KZ16FBTEB
B07JQDFF1G,A1S63KZ16FBTEB
B07H8NS5MS,A1S63KZ16FBTEB
B000HQMS2U,A1S63KZ16FBTEB
B000CONKFG,A1S63KZ16FBTEB
B0CMXG4LVL,A1S63KZ16FBTEB
B01I8N3X1S,A1S63KZ16FBTEB
B00QC72JL8,A1S63KZ16FBTEB
B0C657T2ZR,A1SMZEZO08MXHN
B0D1RF66CV,A1SMZEZO08MXHN
B08RRM6FP3,A1SMZEZO08MXHN
B0DFTYM5L4,A1SMZEZO08MXHN
B07FCKW4CF,A1SMZEZO08MXHN
B09MHP5XYG,A1SMZEZO08MXHN
B09P1L33CY,A1SMZEZO08MXHN
B07VWV2YDQ,A1SMZEZO08MXHN
B0CJ38J8WZ,A1SMZEZO08MXHN
B0C4LVWVZN,A1SMZEZO08MXHN
B0BTV1SSPC,A1SMZEZO08MXHN
B0BQ3RYXBX,A1SMZEZO08MXHN
B0BHZ5Y9M1,A1SMZEZO08MXHN
B0BF44DL1G,A1SMZEZO08MXHN
B0BDQCQ3NY,A1SMZEZO08MXHN
B0B29HQZ24,A1SMZEZO08MXHN
B095JSB3L7,A1SMZEZO08MXHN
B07K4PR9SZ,A1SMZEZO08MXHN
9189143264,A1SMZEZO08MXHN
B0C3LZX3PF,A1SMZEZO08MXHN
B093T1SL6N,A1SMZEZO08MXHN
B093N9M34N,A1SMZEZO08MXHN
B09SBRNJQN,A1SMZEZO08MXHN
B08BW6HPCM,A1SMZEZO08MXHN
B0BDVF6473,A1SMZEZO08MXHN
B0BVVRZNK8,A1SMZEZO08MXHN
B07FK4HFZN,A1SMZEZO08MXHN
B01A7HAAS2,A1SMZEZO08MXHN
B074PQLTXW,A1SMZEZO08MXHN
B0DB5TBBN8,A1SMZEZO08MXHN
B005AYE8UE,A1SMZEZO08MXHN
B07N4FSCS4,A1SMZEZO08MXHN
B07NS9KD7V,A1SMZEZO08MXHN
B07G44NKJ8,A1SMZEZO08MXHN
B0CDYWT93R,A1SMZEZO08MXHN
B0DQWJY28Q,A1SMZEZO08MXHN
B0DD77N95R,A1SMZEZO08MXHN
B0D8Y7NQZH,A1SMZEZO08MXHN
B0D8KYLTRK,A1SMZEZO08MXHN
B0D89YGZLD,A1SMZEZO08MXHN
B0D79SCR4H,A1SMZEZO08MXHN
B0D5Y9KPBD,A1SMZEZO08MXHN
B0D39LTLTK,A1SMZEZO08MXHN
B0D1FYBDW6,A1SMZEZO08MXHN
B0CYC65XK8,A1SMZEZO08MXHN
B09898ZBNF,A1SMZEZO08MXHN
B00II33N46,A1SMZEZO08MXHN
B0D9WF7Z44,A1SMZEZO08MXHN
B0BJQ9QY65,A1SMZEZO08MXHN
B0CXC9G1PB,A1SMZEZO08MXHN
B0C7QK7SBK,A1SMZEZO08MXHN
B0DCBM3JGW,A1SMZEZO08MXHN
B09YGNTB3N,A1SMZEZO08MXHN
B09SF1318T,A1SMZEZO08MXHN
B094Q3B3VN,A1SMZEZO08MXHN
B071CZ11ZL,A1SMZEZO08MXHN
B08379P7G5,A1SMZEZO08MXHN
B0CNJ7G8CP,A1SMZEZO08MXHN
B095SWH464,A1SMZEZO08MXHN
B0CQXLL4VJ,A1SMZEZO08MXHN
B0928VWD1F,A1SMZEZO08MXHN
B0CP9WX49J,A1SMZEZO08MXHN
B0BZPWSF82,A1SMZEZO08MXHN
B0764MC2ZH,A1SMZEZO08MXHN
B0CBMBY558,A1SMZEZO08MXHN
B003A8ML4W,A1SMZEZO08MXHN
B08RYQ2QRG,A1SMZEZO08MXHN
B09YRR8R1W,A1SMZEZO08MXHN
B0CXXL9H7R,A1SMZEZO08MXHN
B0CG8D91PG,A1SMZEZO08MXHN
B0B387C4KZ,A1SMZEZO08MXHN
B0DSV3ZJYJ,A1SMZEZO08MXHN
B0BF55BF35,A1SMZEZO08MXHN
B0BS8Y2FLK,A1SMZEZO08MXHN
B0CZNZY2BH,A1SMZEZO08MXHN
B00TZYDTXM,A1SMZEZO08MXHN
B0999594RR,A1SMZEZO08MXHN
B0C7BHNW9T,A1SMZEZO08MXHN
B0DXQ978HR,A1SMZEZO08MXHN
B0BQHT29M4,A1SMZEZO08MXHN
B0CV4BTJWL,A1SMZEZO08MXHN
B0CV477KY1,A1SMZEZO08MXHN
B0CP69RH8B,A1SMZEZO08MXHN
B0CLNZNZSF,A1SMZEZO08MXHN
B0CLNV9NHR,A1SMZEZO08MXHN
B0CLN1T923,A1SMZEZO08MXHN
B0CH9SLM4S,A1SMZEZO08MXHN
B0CF65L1QJ,A1SMZEZO08MXHN
B0CD729LYL,A1SMZEZO08MXHN
B0C4Y8DTW6,A1SMZEZO08MXHN
B0BZNZJXQP,A1SMZEZO08MXHN
B0BZ4DY2VD,A1SMZEZO08MXHN
B0BXLHLX52,A1SMZEZO08MXHN
B0BWN152TX,A1SMZEZO08MXHN
B0BR7YG7QH,A1SMZEZO08MXHN
B0BNBJZ6LN,A1SMZEZO08MXHN
B07PWQZPC3,A1SMZEZO08MXHN
B0BT24JVPF,A1SMZEZO08MXHN
B08GKZJFXT,A1SMZEZO08MXHN
B09YCLZ5D7,A1SMZEZO08MXHN
B07B8BMNL8,A1SMZEZO08MXHN
B08CMTKNDC,A1SMZEZO08MXHN
B00HJC156U,A1SMZEZO08MXHN
B000KZ8J0S,A1SMZEZO08MXHN
B0DBQC48BV,A1SMZEZO08MXHN
B00WAAYK1I,A1SMZEZO08MXHN
B09FY8D684,A1SMZEZO08MXHN
B00ZAT5204,A1SMZEZO08MXHN
B0B1QHXYPK,A1SMZEZO08MXHN
B0BWSC7RTC,A1SMZEZO08MXHN
B0C2FMZMHP,A1SMZEZO08MXHN
B078RGHQTH,A1SMZEZO08MXHN
B01N24IC4Y,A1SMZEZO08MXHN
B01MY9N57L,A1SMZEZO08MXHN
B019QOFCLW,A1SMZEZO08MXHN
B018GKCI82,A1SMZEZO08MXHN
B017VUQ7D0,A1SMZEZO08MXHN
B017PFGH3G,A1SMZEZO08MXHN
B00Z3N84RU,A1SMZEZO08MXHN
B00WIQVK5S,A1SMZEZO08MXHN
B009A65C9Y,A1SMZEZO08MXHN
B007W91EOS,A1SMZEZO08MXHN
B007IJ0EVG,A1SMZEZO08MXHN
B0073TJUVQ,A1SMZEZO08MXHN
B002R6ZNQ6,A1SMZEZO08MXHN
B002KE5NNS,A1SMZEZO08MXHN
B000SL3SEQ,A1SMZEZO08MXHN
B000BQSU8C,A1SMZEZO08MXHN
B00068YBYM,A1SMZEZO08MXHN
B01N04ZYST,A1SMZEZO08MXHN
B07WD5P189,A1SMZEZO08MXHN
B0BLTDZBNX,A1SMZEZO08MXHN
B09YCSS9L3,A1SMZEZO08MXHN
B0C53MKFMY,A1SMZEZO08MXHN
B08RBDNZ9R,A1SMZEZO08MXHN
B0CLHHMKZV,A1SMZEZO08MXHN
B0CXWYMWGD,A1SMZEZO08MXHN
B0BKSKRRRY,A1SMZEZO08MXHN
B0BJLGZH15,A1SMZEZO08MXHN
B0BJ8HD6WM,A1SMZEZO08MXHN
B0B7WYP7YJ,A1SMZEZO08MXHN
B0B4W4Z5XW,A1SMZEZO08MXHN
B0B4PD794G,A1SMZEZO08MXHN
B09XB5L2NQ,A1SMZEZO08MXHN
B09TP6WNGP,A1SMZEZO08MXHN
B09PJ8L58G,A1SMZEZO08MXHN
B09MLGJKNK,A1SMZEZO08MXHN
B09KS9HWN1,A1SMZEZO08MXHN
B09DTKS252,A1SMZEZO08MXHN
B09BMXC36Y,A1SMZEZO08MXHN
B0967BDPHL,A1SMZEZO08MXHN
B0915YC2M4,A1SMZEZO08MXHN
B08VFT1328,A1SMZEZO08MXHN
B08TVLYB3Q,A1SMZEZO08MXHN
B08RZC38VF,A1SMZEZO08MXHN
B08Q8P9J6H,A1SMZEZO08MXHN
B08Q82S2GD,A1SMZEZO08MXHN
B08JZFCGZ8,A1SMZEZO08MXHN
B08BHYQ7RY,A1SMZEZO08MXHN
B086825KYX,A1SMZEZO08MXHN
B085146LHQ,A1SMZEZO08MXHN
B0818859Y6,A1SMZEZO08MXHN
B07Y2VXW27,A1SMZEZO08MXHN
B07TXFCJZS,A1SMZEZO08MXHN
B07TXC64S6,A1SMZEZO08MXHN
B07JVFXV53,A1SMZEZO08MXHN
B07DYLNK9R,A1SMZEZO08MXHN
B076BR6QCH,A1SMZEZO08MXHN
B071XGD881,A1SMZEZO08MXHN
B09VXHKCLH,A1SMZEZO08MXHN
B0C5SWVJ21,A1SMZEZO08MXHN
B00IGBSTM6,A1SMZEZO08MXHN
B0BZDDF2V4,A1SMZEZO08MXHN
B083N3R2Z3,A1SMZEZO08MXHN
B0768K2YR9,A1SMZEZO08MXHN
B01J78XC5K,A1SMZEZO08MXHN
B07JWB1X9Q,A1SMZEZO08MXHN
B002EW8UIG,A1SMZEZO08MXHN
B06VY29HHY,A1SMZEZO08MXHN
B01LQZSDRY,A1SMZEZO08MXHN
B0D3D5HTWR,A1SMZEZO08MXHN
B00NJ2UTCU,A1SMZEZO08MXHN
B0DSWN5DWW,A1SMZEZO08MXHN
B0D7GRTRGF,A1SMZEZO08MXHN
B0BWSFHKGW,A1SMZEZO08MXHN
B09N8W2NMM,A1SMZEZO08MXHN
B01M10HHY7,A1SMZEZO08MXHN
B098H54LH5,A1SMZEZO08MXHN
B09GPYX25B,A1SMZEZO08MXHN
B013J7O3X0,A1SMZEZO08MXHN
B0BYMGYVTR,A1SMZEZO08MXHN
B0BGYJFLZL,A1SMZEZO08MXHN
B09Q56N26C,A1SMZEZO08MXHN
B0C1N9QCTD,A1SMZEZO08MXHN
B0BG28RS5Z,A1SMZEZO08MXHN
B09BN1DMKD,A1SMZEZO08MXHN
B0B3TWQRB2,A1SMZEZO08MXHN
B0007M45XE,A1SMZEZO08MXHN
B01AJQ6LRK,A1SMZEZO08MXHN
B0BX9F6XCP,A1SMZEZO08MXHN
B08862TXR9,A1SMZEZO08MXHN
B0CWN8BPQ3,A1SMZEZO08MXHN
B07G1CFWS3,A1SMZEZO08MXHN
B000EVL3CY,A1SMZEZO08MXHN
B00O9DNJ16,A1SMZEZO08MXHN
B0CRQ6K7S1,A1SMZEZO08MXHN
B00V8IV33Q,A1SMZEZO08MXHN
B0CLK7K8ZS,A1SMZEZO08MXHN
B0C4ZW4VCX,A1SMZEZO08MXHN
B0CSFQXYLM,A1SMZEZO08MXHN
B0821VS3KD,A1SMZEZO08MXHN
B0CYCCW4TN,A1SMZEZO08MXHN
B0CFJKYXGH,A1SMZEZO08MXHN
B00LQMO22I,A1SMZEZO08MXHN
B09W34K1KH,A1SMZEZO08MXHN
B0DCDH7LX8,A1SMZEZO08MXHN
B0B7RYDLDF,A1SMZEZO08MXHN
B002RXD5T6,A1SMZEZO08MXHN
B01DC5HQR4,A1SMZEZO08MXHN
B086PX4Y6F,A1SMZEZO08MXHN
B07VVSQ4QL,A1SMZEZO08MXHN
B0D2J9ZHZB,A1SMZEZO08MXHN
B08T12BCMW,A1SMZEZO08MXHN
B0CB1ZJ8T2,A1SMZEZO08MXHN
B09HTS8KP2,A1SMZEZO08MXHN
B0D7DPG6PB,A1SMZEZO08MXHN
B01IIF4L9Y,A1SMZEZO08MXHN
B0D7PHQ7MR,A1SMZEZO08MXHN
B00KO4LCXQ,A1SMZEZO08MXHN
B0B92JGY43,A1SMZEZO08MXHN
B07KJT8NYT,A1SMZEZO08MXHN
B0BM98H8BS,A1SMZEZO08MXHN
B0CRZY2M1G,A1SMZEZO08MXHN
B0CQCML27P,A1SMZEZO08MXHN
B0CMWQ7GCT,A1SMZEZO08MXHN
B09LHCN264,A1SMZEZO08MXHN
B074R8RC7C,A1SMZEZO08MXHN
B09FCQXYRV,A1SMZEZO08MXHN
B07WZCD4LF,A1SMZEZO08MXHN
B0BDHYSRKV,A1SMZEZO08MXHN
B01N5SS0D3,A1SMZEZO08MXHN
B0BRTK18W7,A1SMZEZO08MXHN
B0BXXXNDCJ,A1SMZEZO08MXHN
B0DH2Q1B18,A1SMZEZO08MXHN
B0CW3Q69YB,A1SMZEZO08MXHN
B0CH1QWCZW,A1SMZEZO08MXHN
B07W5PK26Q,A1SMZEZO08MXHN
B0BXJGX9ZQ,A1SMZEZO08MXHN
B08QSLZLBM,A1SMZEZO08MXHN
B0D2WYCC5R,A1SMZEZO08MXHN
B00X4D9C7C,A1SMZEZO08MXHN
B07BBTB11B,A1SMZEZO08MXHN
B07ZFHCB28,A1SMZEZO08MXHN
B09CTTKR8M,A1SMZEZO08MXHN
B0CK8LGMTH,A1SMZEZO08MXHN
B01GRETZ7Q,A1SMZEZO08MXHN
B015NM0EF0,A1SMZEZO08MXHN
B003WH3SIE,A1SMZEZO08MXHN
B0C4NW2MLN,A1SMZEZO08MXHN
B0CRHXNC7V,A1SMZEZO08MXHN
B005ZTIC5G,A1SMZEZO08MXHN
B0897XVSK3,A1SMZEZO08MXHN
B00TNSV4DC,A1SMZEZO08MXHN
B0DN67Z21P,A1SMZEZO08MXHN
B08QXBB4VQ,A1SMZEZO08MXHN
B01HSFXCOU,A1SMZEZO08MXHN
B072N8PSNR,A1SMZEZO08MXHN
B0D41NCXGK,A1SMZEZO08MXHN
B08MXTHRWQ,A1SMZEZO08MXHN
B0BQHQR3DG,A1SMZEZO08MXHN
B0CHYRBZ76,A1SMZEZO08MXHN
B000VTO2A4,A1SMZEZO08MXHN
B004U2JR8K,A1SMZEZO08MXHN
B087YNJJHY,A1SMZEZO08MXHN
B0CNNSRKS7,A1SMZEZO08MXHN
B01LZ5K87Z,A1SMZEZO08MXHN
B0CK2D7W1T,A1SMZEZO08MXHN
B01MTA52ZK,A1SMZEZO08MXHN
B07CXRL34L,A1SMZEZO08MXHN
B0CSF2DYM7,A1SMZEZO08MXHN
B0000BZMFJ,A1SMZEZO08MXHN
B0B6293999,A1SMZEZO08MXHN
B08TX7Q9JT,A1SMZEZO08MXHN
B0C1LB7VMT,A1SMZEZO08MXHN
B0CT6426Z5,A1SMZEZO08MXHN
B08V1RVL5H,A1SMZEZO08MXHN
B00K3GRA4U,A1SMZEZO08MXHN
B009N44XNO,A1SMZEZO08MXHN
B000VSHQCQ,A1SMZEZO08MXHN
B0DG4B4RM3,A1SMZEZO08MXHN
B0DFTQ7G8T,A1SMZEZO08MXHN
B0DBX366CF,A1SMZEZO08MXHN
B0D9N9CKPG,A1SMZEZO08MXHN
B0D841NGL3,A1SMZEZO08MXHN
B0D76KPMTM,A1SMZEZO08MXHN
B0D3YRP4NG,A1SMZEZO08MXHN
B08NZHLY48,A1SMZEZO08MXHN
B07QXT717K,A1SMZEZO08MXHN
B07H5KZ6PZ,A1SMZEZO08MXHN
B001FFH4E4,A1SMZEZO08MXHN
B094DSS5CB,A1SMZEZO08MXHN
B083NFQYZ7,A1SMZEZO08MXHN
B06XW3FS7V,A1SMZEZO08MXHN
B001C4UP1C,A1SMZEZO08MXHN
B0CLGDP8VW,A1SMZEZO08MXHN
B09LC89D42,A1SMZEZO08MXHN
B0852XL3CC,A1SMZEZO08MXHN
B00IU1GLC2,A1SMZEZO08MXHN
B0BSVG8S59,A1SMZEZO08MXHN
B0DCF53PCH,A1SMZEZO08MXHN
B07PXD7JY2,A1SMZEZO08MXHN
B0BPH462GM,A1SMZEZO08MXHN
B0C5FP9DYC,A1SMZEZO08MXHN
B0DB4MQLF4,A1SMZEZO08MXHN
B0DB7B7HKZ,A1SMZEZO08MXHN
B0CGV3SKBW,A1SMZEZO08MXHN
B000LDQ672,A1SMZEZO08MXHN
B00SNK6AG2,A1SMZEZO08MXHN
B09S9V8BLQ,A1SMZEZO08MXHN
B099P249HH,A1SMZEZO08MXHN
B0CT2LMTKS,A1SMZEZO08MXHN
B0098P71UK,A1SMZEZO08MXHN
B08R8J7YN7,A1SMZEZO08MXHN
B0CNZLSCQX,A1SMZEZO08MXHN
B0C2P629DH,A1SMZEZO08MXHN
B014T8QVHO,A1SMZEZO08MXHN
B0DBPNHFKQ,A1SMZEZO08MXHN
B09JXWG1W8,A1SMZEZO08MXHN
B07G79Z8JZ,A1SMZEZO08MXHN
B08L69W73P,A1SMZEZO08MXHN
B0B21FVCSM,A1SMZEZO08MXHN
B09RZMCLWP,A1SMZEZO08MXHN
B00E9EZZRQ,A1SMZEZO08MXHN
B0053Y1H9G,A1SMZEZO08MXHN
B00176JEY4,A1SMZEZO08MXHN
B0BVHCCWJ3,A1SMZEZO08MXHN
B096T94DKM,A1SMZEZO08MXHN
B00GSQ6HXO,A1SMZEZO08MXHN
B09XXK72DJ,A1SMZEZO08MXHN
B0D8B8FDGL,A1SMZEZO08MXHN
B0058EDVXQ,A1SMZEZO08MXHN
B096MZKV18,A1SMZEZO08MXHN
B0BYMBJ5QZ,A1SMZEZO08MXHN
B0CND8RHZ6,A1SMZEZO08MXHN
B08HJ6D6TV,A1SMZEZO08MXHN
B0CQ1S1KBL,A1SMZEZO08MXHN
B07ZPL77DK,A1SMZEZO08MXHN
B096F28YR6,A1SMZEZO08MXHN
B0B5LPWBSB,A1SMZEZO08MXHN
B0CRQJ23DH,A1SMZEZO08MXHN
B0DFCXQPDZ,A1SMZEZO08MXHN
B0B4JXL2Z6,A1SMZEZO08MXHN
B0BFQTVWFT,A1SMZEZO08MXHN
B001NFWX5Q,A1SMZEZO08MXHN
B01FZSB5Z0,A1SMZEZO08MXHN
B0C98XS95J,A1SMZEZO08MXHN
B0B2QSK8VG,A1SMZEZO08MXHN
B0C1HBQ6QM,A1SMZEZO08MXHN
B07V2L4CZ7,A1SMZEZO08MXHN
B0BZYYXPVD,A1SMZEZO08MXHN
B0BTBH4LHM,A1SMZEZO08MXHN
B09M5ZLJWL,A1SMZEZO08MXHN
B09XVCMJLD,A1SMZEZO08MXHN
B0B6VT95XB,A1SMZEZO08MXHN
B08PPF11JS,A1SMZEZO08MXHN
B0015GF2VK,A1SMZEZO08MXHN
B00JM66STU,A1SMZEZO08MXHN
B09KPBTCHG,A1SMZEZO08MXHN
B08VGQSDNM,A1SMZEZO08MXHN
B07X24KZSS,A1SMZEZO08MXHN
B09L65Z83D,A1SMZEZO08MXHN
B09KRC4J6W,A1SMZEZO08MXHN
B0CWTTL533,A1SMZEZO08MXHN
B0D83CGSGS,A1SMZEZO08MXHN
B07D6DMXZL,A1SMZEZO08MXHN
B0D4DK2YDL,A1SMZEZO08MXHN
B09CPFWQVG,A1SMZEZO08MXHN
B0CZRR3NJS,A1SMZEZO08MXHN
B0C5LVTD8Q,A1SMZEZO08MXHN
B0DR927L5R,A1SMZEZO08MXHN
B0D3TN2DCM,A1SMZEZO08MXHN
B0002F5G6Q,A1SMZEZO08MXHN
B00WR8VKC0,A1SMZEZO08MXHN
B0CF57WC9M,A1SMZEZO08MXHN
B07W9JH4RV,A1SMZEZO08MXHN
B00AIIG8I2,A1SMZEZO08MXHN
B0C3VLNLXY,A1SMZEZO08MXHN
B0DL2YP9Z8,A1SMZEZO08MXHN
B08Q1WQKTS,A1SMZEZO08MXHN
B08TB6XTX7,A1SMZEZO08MXHN
B0D4VKT73D,A1SMZEZO08MXHN
B001B16Z7E,A1SMZEZO08MXHN
B0D53ZJ2ZX,A1SMZEZO08MXHN
B0CR5VDH16,A1SMZEZO08MXHN
B07TYCYLY9,A1SMZEZO08MXHN
B07ZF96G7H,A1SMZEZO08MXHN
B07FNKM2VL,A1SMZEZO08MXHN
B0BLNJNX25,A1SMZEZO08MXHN
B08DHP9SHT,A1SMZEZO08MXHN
B0DFN1DLTF,A1SMZEZO08MXHN
B0C3BMG98Z,A1SMZEZO08MXHN
B08YNGFLK8,A1SMZEZO08MXHN
B06X18QQ4C,A1SMZEZO08MXHN
B08X3TRYQN,A1SMZEZO08MXHN
B09BCG9RTQ,A1SMZEZO08MXHN
B09SKNHH4D,A1SMZEZO08MXHN
B0748P296W,A1SMZEZO08MXHN
B07XK27P6G,A1SMZEZO08MXHN
B0BRCGDLT6,A1SMZEZO08MXHN
B07X64THC5,A1SMZEZO08MXHN
B083NVTMJH,A1SMZEZO08MXHN
B0D9BCV9HD,A1SMZEZO08MXHN
B0C9ZXCLX3,A1SMZEZO08MXHN
B07L2QJPVJ,A1SMZEZO08MXHN
B07DK5XZ5Q,A1SMZEZO08MXHN
B097Z2YS3N,A1SMZEZO08MXHN
B0BNSSH8ZD,A1SMZEZO08MXHN
B0086A5I0I,A1SMZEZO08MXHN
B0CWL26G6M,A1SMZEZO08MXHN
B0BR9T2LKG,A1SMZEZO08MXHN
B01M5CD25X,A1SMZEZO08MXHN
B0B3QXDKYZ,A1SMZEZO08MXHN
B09L41W84D,A1SMZEZO08MXHN
B0C5T5ZFXB,A1SMZEZO08MXHN
B0D2N89NRV,A1SMZEZO08MXHN
B0839HK1NM,A1SMZEZO08MXHN
B00QU232UM,A1SMZEZO08MXHN
B0B1HR3L7D,A1SMZEZO08MXHN
B0BRTH7Y23,A1SMZEZO08MXHN
B0B76SSFRT,A1SMZEZO08MXHN
B0CV47FYZ4,A1SMZEZO08MXHN
B0CRSJ4Z9X,A1SMZEZO08MXHN
B0C6Q2DF2C,A1SMZEZO08MXHN
B08G5F13W8,A1SMZEZO08MXHN
B0D83PVBBZ,A1SMZEZO08MXHN
B07WZ1Z47C,A1SMZEZO08MXHN
B0CXXKBF81,A1SMZEZO08MXHN
B0CB5XXNY8,A1SMZEZO08MXHN
B0BN6T3FX4,A1SMZEZO08MXHN
B0DJVQ3R47,A1SMZEZO08MXHN
B07SLB57P6,A1SMZEZO08MXHN
B07Q5J7X3B,A1SMZEZO08MXHN
B0B5ZT4ZNG,A1SMZEZO08MXHN
B0D1X5Q5DX,A1SMZEZO08MXHN
B01BFOJ8O8,A1SMZEZO08MXHN
B0D12SWX7C,A1SMZEZO08MXHN
B0DB5T3252,A1SMZEZO08MXHN
B081PQ9HS1,A1SMZEZO08MXHN
B0D21GTCMX,A1SMZEZO08MXHN
B09C2PDJRL,A1SMZEZO08MXHN
B0113JAN8K,A1SMZEZO08MXHN
B0BL45FVSN,A1SMZEZO08MXHN
B077PJSPM1,A1SMZEZO08MXHN
B015DBD05M,A1SMZEZO08MXHN
B0CQKZM9ST,A1SMZEZO08MXHN
B01NBU4BA2,A1SMZEZO08MXHN
B09PB92269,A1SMZEZO08MXHN
1549241621,A1SMZEZO08MXHN
B09V5JMXXY,A1SMZEZO08MXHN
B07B2676XG,A1SMZEZO08MXHN
B000LNTWU0,A1SMZEZO08MXHN
B0BPPSQDWF,A1SMZEZO08MXHN
B0BN5S1PML,A1SMZEZO08MXHN
B0BZRGDF7N,A1SMZEZO08MXHN
B0CCD9W869,A1SMZEZO08MXHN
B09TZJKXP9,A1SMZEZO08MXHN
B074JG454F,A1SMZEZO08MXHN
B0CTHK75DX,A1SMZEZO08MXHN
B08FFL4CHP,A1SMZEZO08MXHN
B09PGYYH1W,A1SMZEZO08MXHN
B07YX1G14M,A1SMZEZO08MXHN
B095B9C15R,A1SMZEZO08MXHN
B000YJ9LCK,A1SMZEZO08MXHN
B0BVBYH1F1,A1SMZEZO08MXHN
B07RVBL5MM,A1SMZEZO08MXHN
B00063X0KI,A1SMZEZO08MXHN
B09NPVWDJN,A1SMZEZO08MXHN
B002KVB0EM,A1SMZEZO08MXHN
B07FN2KQTJ,A1SMZEZO08MXHN
B0B12FP8DJ,A1SMZEZO08MXHN
B0BYHKL1YP,A1SMZEZO08MXHN
B001CAMWOO,A1SMZEZO08MXHN
B0CLXQ2QT7,A1SMZEZO08MXHN
B0B3QRWMST,A1SMZEZO08MXHN
B0BNTSR7R2,A1SMZEZO08MXHN
B0CKYQF759,A1SMZEZO08MXHN
B0945YYMP6,A1SMZEZO08MXHN
B07KGLKQWF,A1SMZEZO08MXHN
B0DH7798W9,A1SMZEZO08MXHN
B0184H0DDE,A1SMZEZO08MXHN
B0CKS9CVKV,A1SMZEZO08MXHN
B081NTW9TM,A1SMZEZO08MXHN
B0794NYW8W,A1SMZEZO08MXHN
B0C6FRQ12L,A1SMZEZO08MXHN
B087CQCPBY,A1SMZEZO08MXHN
B082MYYS6L,A1SMZEZO08MXHN
B00JB2UDTQ,A1SMZEZO08MXHN
B0CF56K46M,A1SMZEZO08MXHN
B0D3CQCDYH,A1SMZEZO08MXHN
B0D31NR1F3,A1SMZEZO08MXHN
B0D2YDL1G2,A1SMZEZO08MXHN
B0D1FZ2D9Y,A1SMZEZO08MXHN
B0CXPWSGDR,A1SMZEZO08MXHN
B0CWB6SVD9,A1SMZEZO08MXHN
B0CSW8HDNP,A1SMZEZO08MXHN
B0CS9C8LRW,A1SMZEZO08MXHN
B0CS6HQMJL,A1SMZEZO08MXHN
B0CQ54SLZK,A1SMZEZO08MXHN
B0CP6G1BDC,A1SMZEZO08MXHN
B0CJ3DDMM6,A1SMZEZO08MXHN
B0CH4W9J8K,A1SMZEZO08MXHN
B0CD5CBY4R,A1SMZEZO08MXHN
B0C7GTR6GM,A1SMZEZO08MXHN
B0C7BPGW4Z,A1SMZEZO08MXHN
B099NSWZG6,A1SMZEZO08MXHN
B0975JK7NZ,A1SMZEZO08MXHN
B096X5NCW3,A1SMZEZO08MXHN
B096FNS6TD,A1SMZEZO08MXHN
B093Y8FGFX,A1SMZEZO08MXHN
B093JF9QY4,A1SMZEZO08MXHN
B0932ZCRDW,A1SMZEZO08MXHN
B08Y7KZHVJ,A1SMZEZO08MXHN
B08Y7KCG6K,A1SMZEZO08MXHN
B08XK2DHFP,A1SMZEZO08MXHN
B08WM2YB9L,A1SMZEZO08MXHN
B08W9MP2KK,A1SMZEZO08MXHN
B08THM217F,A1SMZEZO08MXHN
B08R892FFZ,A1SMZEZO08MXHN
B08R827XHT,A1SMZEZO08MXHN
B08QD6PF1D,A1SMZEZO08MXHN
B08Q82W91P,A1SMZEZO08MXHN
B08NC5YX35,A1SMZEZO08MXHN
B08LGNH3N8,A1SMZEZO08MXHN
B08HXKH36B,A1SMZEZO08MXHN
B08HRK3F7J,A1SMZEZO08MXHN
B08HM3VZRG,A1SMZEZO08MXHN
B08GKS1MMV,A1SMZEZO08MXHN
B08DFZ5K1Z,A1SMZEZO08MXHN
B08CSR89PR,A1SMZEZO08MXHN
B08C2TP4N4,A1SMZEZO08MXHN
B089QQ1Z7R,A1SMZEZO08MXHN
B0881Y55HT,A1SMZEZO08MXHN
B087JN914N,A1SMZEZO08MXHN
B07WGC3NBF,A1SMZEZO08MXHN
B07VTGX48Y,A1SMZEZO08MXHN
B07STM7VD2,A1SMZEZO08MXHN
B0C3XL8ZQV,A1SMZEZO08MXHN
B0C37GRB62,A1SMZEZO08MXHN
B0C2HPKKS3,A1SMZEZO08MXHN
B0BZQP6BG9,A1SMZEZO08MXHN
B0BYFCTG92,A1SMZEZO08MXHN
B0BY33NN93,A1SMZEZO08MXHN
B0BXQR91QN,A1SMZEZO08MXHN
B0BV5BG37Y,A1SMZEZO08MXHN
B0BTYJDFVR,A1SMZEZO08MXHN
B0BNZZ79RD,A1SMZEZO08MXHN
B0BN13ZHJJ,A1SMZEZO08MXHN
B0BHT1QC7P,A1SMZEZO08MXHN
B0BDFYHNJW,A1SMZEZO08MXHN
B0BBHKR21W,A1SMZEZO08MXHN
B0B9XC35FM,A1SMZEZO08MXHN
B0B928DCHT,A1SMZEZO08MXHN
B004KZ443U,A1SMZEZO08MXHN
B004KYVHGI,A1SMZEZO08MXHN
B003CLTFNC,A1SMZEZO08MXHN
B002SATNZ8,A1SMZEZO08MXHN
B002K9Z4O6,A1SMZEZO08MXHN
B002EC5HNW,A1SMZEZO08MXHN
B001EL7F4S,A1SMZEZO08MXHN
B001A45CLC,A1SMZEZO08MXHN
B00194C7FM,A1SMZEZO08MXHN
B00176MJKU,A1SMZEZO08MXHN
B0012LKFHE,A1SMZEZO08MXHN
B000C5GAM0,A1SMZEZO08MXHN
B00019N6R4,A1SMZEZO08MXHN
B00002ND5Z,A1SMZEZO08MXHN
1639470972,A1SMZEZO08MXHN
1578505054,A1SMZEZO08MXHN
B07SMF57Q5,A1SMZEZO08MXHN
B07SJNZ2VW,A1SMZEZO08MXHN
B07SC5RSWM,A1SMZEZO08MXHN
B07R5Q421Z,A1SMZEZO08MXHN
B07PH7CR78,A1SMZEZO08MXHN
B07DVJ3VKM,A1SMZEZO08MXHN
B07DC4MYT4,A1SMZEZO08MXHN
B07C8KY1R5,A1SMZEZO08MXHN
B0744R12J2,A1SMZEZO08MXHN
B072S8V2D6,A1SMZEZO08MXHN
B072HMFZNF,A1SMZEZO08MXHN
B072FT7JPK,A1SMZEZO08MXHN
B071G1MJKP,A1SMZEZO08MXHN
B01N98005P,A1SMZEZO08MXHN
B01MFF55GU,A1SMZEZO08MXHN
B00ZWYTBTA,A1SMZEZO08MXHN
B00W98CY3C,A1SMZEZO08MXHN
B00QAUYDYI,A1SMZEZO08MXHN
B00M3EMGO4,A1SMZEZO08MXHN
B00JRYIFMK,A1SMZEZO08MXHN
B00HN3BLNW,A1SMZEZO08MXHN
B00HFIBXJM,A1SMZEZO08MXHN
B00HFIBT8W,A1SMZEZO08MXHN
B00HFCDT2M,A1SMZEZO08MXHN
B00E4MMUSA,A1SMZEZO08MXHN
B00CD75IPU,A1SMZEZO08MXHN
B00BTFRB4S,A1SMZEZO08MXHN
B00BC9JNRY,A1SMZEZO08MXHN
B00ARVUFWU,A1SMZEZO08MXHN
B009EHZGRC,A1SMZEZO08MXHN
B0064MDOY2,A1SMZEZO08MXHN
B0CDHJNFRY,A1SMZEZO08MXHN
B09GVFQPMT,A1SMZEZO08MXHN
B0CGZCD1D4,A1SMZEZO08MXHN
B076HKL43N,A1SMZEZO08MXHN
B09SJ54VYH,A1SMZEZO08MXHN
B0B9YDQTXN,A1SMZEZO08MXHN
B09TP9GRV6,A1SMZEZO08MXHN
B08LH5TCM5,A1SMZEZO08MXHN
B005KW8LW2,A1SMZEZO08MXHN
B0B14HW8HY,A1SMZEZO08MXHN
B0BTK87Q84,A1SMZEZO08MXHN
B0CTPKNL4Y,A1SMZEZO08MXHN
B0CMTR9GS4,A1SMZEZO08MXHN
B07XPC753X,A1SMZEZO08MXHN
B0D9KW7LCJ,A1SMZEZO08MXHN
B00CM3KZZ8,A1SMZEZO08MXHN
B006KH6YAM,A1SMZEZO08MXHN
B00A6GBIV8,A1SMZEZO08MXHN
B07PYDYKX9,A1SMZEZO08MXHN
B08M5YFKL4,A1SMZEZO08MXHN
B0B7XJHRHB,A1SMZEZO08MXHN
B088F8JJ3D,A1SMZEZO08MXHN
B07X3TN564,A1SMZEZO08MXHN
B00ENNUWO4,A1SMZEZO08MXHN
B0DFLX3RLP,A1SMZEZO08MXHN
B0D22MWH25,A1SMZEZO08MXHN
B0CZVTR63Y,A1SMZEZO08MXHN
B0CQ7ZPBPG,A1SMZEZO08MXHN
B0BKLRDS1X,A1SMZEZO08MXHN
B0BHT1JTXG,A1SMZEZO08MXHN
B0BCYQKS1Q,A1SMZEZO08MXHN
B0B52DRMK1,A1SMZEZO08MXHN
B08SC17BD7,A1SMZEZO08MXHN
B08GSTDWDD,A1SMZEZO08MXHN
B084WP7RJP,A1SMZEZO08MXHN
B0842ND6K8,A1SMZEZO08MXHN
B07ZVN828J,A1SMZEZO08MXHN
B07WP6WYCG,A1SMZEZO08MXHN
B07VC36NMC,A1SMZEZO08MXHN
B07RPXKQY7,A1SMZEZO08MXHN
B07QRXWRM6,A1SMZEZO08MXHN
B01F2WCNSM,A1SMZEZO08MXHN
B00LHDWX4K,A1SMZEZO08MXHN
B000AN7FYG,A1SMZEZO08MXHN
B0DMJHSTV6,A1SMZEZO08MXHN
B0DGT8D4M7,A1SMZEZO08MXHN
B0D9D3B678,A1SMZEZO08MXHN
B0D99QSFZ7,A1SMZEZO08MXHN
B0D93SYPSP,A1SMZEZO08MXHN
B0D7QBXSZZ,A1SMZEZO08MXHN
B0D6BYFXNM,A1SMZEZO08MXHN
B0D6B9P91Z,A1SMZEZO08MXHN
B0D62PYYS5,A1SMZEZO08MXHN
B0D5BGTFNQ,A1SMZEZO08MXHN
B0D59RF8RY,A1SMZEZO08MXHN
B0D4B3QJQC,A1SMZEZO08MXHN
B0D1MGSC77,A1SMZEZO08MXHN
B0CZR765Z2,A1SMZEZO08MXHN
B0CZC8H7CS,A1SMZEZO08MXHN
B0CXNL473X,A1SMZEZO08MXHN
B0CW22W8QL,A1SMZEZO08MXHN
B0CRB33LBF,A1SMZEZO08MXHN
B0CQHN9R2W,A1SMZEZO08MXHN
B0CQF66BJ1,A1SMZEZO08MXHN
B0CPNXZQ4X,A1SMZEZO08MXHN
B0CP7TKY3J,A1SMZEZO08MXHN
B0CP7QBGN3,A1SMZEZO08MXHN
B0CNSZFKCG,A1SMZEZO08MXHN
B0CNK75314,A1SMZEZO08MXHN
B0CN2N5H2N,A1SMZEZO08MXHN
B0CMZSBMMP,A1SMZEZO08MXHN
B0CMT962C4,A1SMZEZO08MXHN
B0CJR6YLYT,A1SMZEZO08MXHN
B0CHN2BCKX,A1SMZEZO08MXHN
B0CH9VPRWS,A1SMZEZO08MXHN
B0CH4MWWFN,A1SMZEZO08MXHN
B0CGQX19CS,A1SMZEZO08MXHN
B0CDGJGLCM,A1SMZEZO08MXHN
B0CDCKFQYL,A1SMZEZO08MXHN
B0C9MV848V,A1SMZEZO08MXHN
B0C5ZRT3CT,A1SMZEZO08MXHN
B0C59THKRQ,A1SMZEZO08MXHN
B0C3M7TD8R,A1SMZEZO08MXHN
B0C3JVLXFK,A1SMZEZO08MXHN
B09ZP9GY92,A1SMZEZO08MXHN
B09Z2HG3TL,A1SMZEZO08MXHN
B09Y9DML21,A1SMZEZO08MXHN
B09XGLW9B2,A1SMZEZO08MXHN
B09TKLLFTH,A1SMZEZO08MXHN
B09SNS9SWN,A1SMZEZO08MXHN
B09QS6Y7BF,A1SMZEZO08MXHN
B09PFTQLX6,A1SMZEZO08MXHN
B09N836XCK,A1SMZEZO08MXHN
B09N6ZQB54,A1SMZEZO08MXHN
B09JVPG1YJ,A1SMZEZO08MXHN
B09HX43WY4,A1SMZEZO08MXHN
B09HBWQR5M,A1SMZEZO08MXHN
B09G1B738R,A1SMZEZO08MXHN
B09C1J7SSX,A1SMZEZO08MXHN
B09B9WPXNS,A1SMZEZO08MXHN
B0BDKJMHPJ,A1SMZEZO08MXHN
B0BBG2D3KH,A1SMZEZO08MXHN
B0B8NG95J7,A1SMZEZO08MXHN
B0B7Y371L6,A1SMZEZO08MXHN
B0B7X7F3HJ,A1SMZEZO08MXHN
B0B7WZ2GVZ,A1SMZEZO08MXHN
B0B5YXH9N9,A1SMZEZO08MXHN
B0B4HDRQNB,A1SMZEZO08MXHN
B0B4GWTPDM,A1SMZEZO08MXHN
B0B388JTMM,A1SMZEZO08MXHN
B0B365GXL5,A1SMZEZO08MXHN
B09ZVJWV16,A1SMZEZO08MXHN
B09ZBJ3RH5,A1SMZEZO08MXHN
B09YH8XY3L,A1SMZEZO08MXHN
B09YCVZ9PS,A1SMZEZO08MXHN
B09YCMX8DZ,A1SMZEZO08MXHN
B09YCJ57DK,A1SMZEZO08MXHN
B09XBRX2B4,A1SMZEZO08MXHN
B09VKPZRN4,A1SMZEZO08MXHN
B09V2JHCC1,A1SMZEZO08MXHN
B09SVLZGQR,A1SMZEZO08MXHN
B09SPXVP7M,A1SMZEZO08MXHN
B09SFRWXXZ,A1SMZEZO08MXHN
B09MBMGD7P,A1SMZEZO08MXHN
B09M7PF9RB,A1SMZEZO08MXHN
B09LYJQ9WS,A1SMZEZO08MXHN
B09JW1GBCG,A1SMZEZO08MXHN
B09GXLT8F4,A1SMZEZO08MXHN
B09FJN4HPW,A1SMZEZO08MXHN
B09DKM9HWM,A1SMZEZO08MXHN
B09CTCXLND,A1SMZEZO08MXHN
B09CKRHLCC,A1SMZEZO08MXHN
B09C1LF2X7,A1SMZEZO08MXHN
B098XKP97F,A1SMZEZO08MXHN
B097NKW319,A1SMZEZO08MXHN
B096SNS395,A1SMZEZO08MXHN
B0968BCPPT,A1SMZEZO08MXHN
B095J254HL,A1SMZEZO08MXHN
B0957GFVV6,A1SMZEZO08MXHN
B094GYS3DN,A1SMZEZO08MXHN
B093FC21C9,A1SMZEZO08MXHN
B09317W4BX,A1SMZEZO08MXHN
B092VPFJ7H,A1SMZEZO08MXHN
B09278ZSV7,A1SMZEZO08MXHN
B091SJNSP1,A1SMZEZO08MXHN
B09151L3KX,A1SMZEZO08MXHN
B0912NVBBM,A1SMZEZO08MXHN
B08ZJ6GM59,A1SMZEZO08MXHN
B08YNP233D,A1SMZEZO08MXHN
B08TV76J26,A1SMZEZO08MXHN
B08SWDJX4L,A1SMZEZO08MXHN
B08QFLPKQZ,A1SMZEZO08MXHN
B08Q84FNYQ,A1SMZEZO08MXHN
B08Q7WWVSH,A1SMZEZO08MXHN
B08N5HPTZP,A1SMZEZO08MXHN
B08N42RQF6,A1SMZEZO08MXHN
B08MPT7Q22,A1SMZEZO08MXHN
B08L96KPZV,A1SMZEZO08MXHN
B08KQDG8XZ,A1SMZEZO08MXHN
B08J5G8X56,A1SMZEZO08MXHN
B08FRRKNVT,A1SMZEZO08MXHN
B08FMVLZQM,A1SMZEZO08MXHN
B08DRSK4FW,A1SMZEZO08MXHN
B08CZPZJSD,A1SMZEZO08MXHN
B07SHH2RJX,A1SMZEZO08MXHN
B07S5DHWZY,A1SMZEZO08MXHN
B07RPF8W56,A1SMZEZO08MXHN
B07RL36GTX,A1SMZEZO08MXHN
B07QRVCPZ8,A1SMZEZO08MXHN
B07P3JQFW8,A1SMZEZO08MXHN
B07N8KFFPW,A1SMZEZO08MXHN
B07N37NW3V,A1SMZEZO08MXHN
B07LDKQSKY,A1SMZEZO08MXHN
B07KWHVPD5,A1SMZEZO08MXHN
B07KFM6TLJ,A1SMZEZO08MXHN
B07JFR8CL4,A1SMZEZO08MXHN
B07JB2Y65D,A1SMZEZO08MXHN
B07HVS78PY,A1SMZEZO08MXHN
B07HL44LSS,A1SMZEZO08MXHN
B07HKXBVH7,A1SMZEZO08MXHN
B08C373VBW,A1SMZEZO08MXHN
B089Y5Q3K2,A1SMZEZO08MXHN
B089SFYD2Q,A1SMZEZO08MXHN
B08959FXYB,A1SMZEZO08MXHN
B088RBMZ7T,A1SMZEZO08MXHN
B087V4HC75,A1SMZEZO08MXHN
B086J1DPWJ,A1SMZEZO08MXHN
B0869K8571,A1SMZEZO08MXHN
B085QNKNF4,A1SMZEZO08MXHN
B084H2QBXB,A1SMZEZO08MXHN
B082NVNRYG,A1SMZEZO08MXHN
B07YNSQRX7,A1SMZEZO08MXHN
B07XTNVVKQ,A1SMZEZO08MXHN
B07VZXTQPX,A1SMZEZO08MXHN
B07TZ3ZL4L,A1SMZEZO08MXHN
B07TWDWCWV,A1SMZEZO08MXHN
B07HFFLPNK,A1SMZEZO08MXHN
B07HBR9D1Z,A1SMZEZO08MXHN
B07GXYH7Z5,A1SMZEZO08MXHN
B07GSYSGR5,A1SMZEZO08MXHN
B07CYT7MDQ,A1SMZEZO08MXHN
B07CN3XXPD,A1SMZEZO08MXHN
B07C18D2TS,A1SMZEZO08MXHN
B07966BBTF,A1SMZEZO08MXHN
B077TBT658,A1SMZEZO08MXHN
B077CZ626Y,A1SMZEZO08MXHN
B076KY8CTL,A1SMZEZO08MXHN
B0757BLZBB,A1SMZEZO08MXHN
B0756JWSQP,A1SMZEZO08MXHN
B07411DLTV,A1SMZEZO08MXHN
B073W85ZN9,A1SMZEZO08MXHN
B073VH8N5F,A1SMZEZO08MXHN
B072PR4HJM,A1SMZEZO08MXHN
B071XTZRRH,A1SMZEZO08MXHN
B06Y5ZPQVF,A1SMZEZO08MXHN
B01M0HQK8Y,A1SMZEZO08MXHN
B01LWWV7FH,A1SMZEZO08MXHN
B01DURS358,A1SMZEZO08MXHN
B01DPLRBYI,A1SMZEZO08MXHN
B019L84C9Q,A1SMZEZO08MXHN
B019BW9VO8,A1SMZEZO08MXHN
B017TVXAIG,A1SMZEZO08MXHN
B015TNG4YI,A1SMZEZO08MXHN
B015GHOPK2,A1SMZEZO08MXHN
B0154XBQKA,A1SMZEZO08MXHN
B0153T11UA,A1SMZEZO08MXHN
B014RD4KC4,A1SMZEZO08MXHN
B0113XXXE2,A1SMZEZO08MXHN
B00UM55NBE,A1SMZEZO08MXHN
B00LZRW7PI,A1SMZEZO08MXHN
B00LTDON0K,A1SMZEZO08MXHN
B00JQIPN3Q,A1SMZEZO08MXHN
B00HS5VFBS,A1SMZEZO08MXHN
B00GNIV1TC,A1SMZEZO08MXHN
B00BPHES8W,A1SMZEZO08MXHN
B0091UPUK0,A1SMZEZO08MXHN
B008X0A1NA,A1SMZEZO08MXHN
B008SCXDAG,A1SMZEZO08MXHN
B0085U9DOG,A1SMZEZO08MXHN
B007GQQPU0,A1SMZEZO08MXHN
B006J7J4GY,A1SMZEZO08MXHN
B005YNJ5BI,A1SMZEZO08MXHN
B005SUVOGG,A1SMZEZO08MXHN
B004KYPZQ6,A1SMZEZO08MXHN
B011WT29HO,A1SMZEZO08MXHN
B07Z8G3QTM,A1SMZEZO08MXHN
B0CGLK7LKY,A1SMZEZO08MXHN
B08175MQZP,A1SMZEZO08MXHN
B0DBLH5CJX,A1SMZEZO08MXHN
B0D7TQHD5S,A1SMZEZO08MXHN
B00CX6HQ06,A1SMZEZO08MXHN
B0C7KHKM4Q,A1SMZEZO08MXHN
B07FCB82ZR,A1SMZEZO08MXHN
B07PNL9W75,A1SMZEZO08MXHN
B0CXXJ819H,A1SMZEZO08MXHN
B01DEBVIQ6,A1SMZEZO08MXHN
B06ZYPMV86,A1SMZEZO08MXHN
B0BC8YLDXS,A1SMZEZO08MXHN
B08JPWRPQZ,A1SMZEZO08MXHN
B07XNFG6N6,A1SMZEZO08MXHN
B00Y32V92Y,A1SMZEZO08MXHN
B0CB7KVQB4,A1SMZEZO08MXHN
B0CM961K6H,A1SMZEZO08MXHN
B0BP6Q6LR7,A1SMZEZO08MXHN
B0BCV89WJT,A1SMZEZO08MXHN
B0CXYYF5HW,A1SMZEZO08MXHN
B0CC1BZ1DC,A1SMZEZO08MXHN
B0DFH95GHV,A1SMZEZO08MXHN
B08KL2YRKM,A1SMZEZO08MXHN
B0B6H3K8WP,A1SMZEZO08MXHN
B089Q4VYLD,A1SMZEZO08MXHN
B0BPL5RB9Q,A1SMZEZO08MXHN
B08PRWY7VN,A1SMZEZO08MXHN
B07T3BCP3K,A1SMZEZO08MXHN
B003BSB7PU,A1SMZEZO08MXHN
B0D8WDXCH2,A1SMZEZO08MXHN
B0D3D15Q1G,A1SMZEZO08MXHN
B0CSJXT1F2,A1SMZEZO08MXHN
B0CFXBF2PV,A1SMZEZO08MXHN
B004JHOH7M,A1SMZEZO08MXHN
B003ZQ431I,A1SMZEZO08MXHN
B0029N3NPK,A1SMZEZO08MXHN
B001MUISK6,A1SMZEZO08MXHN
B001L9AV0S,A1SMZEZO08MXHN
B00144CX7E,A1SMZEZO08MXHN
B000CJ0VIA,A1SMZEZO08MXHN
B000C5CEHU,A1SMZEZO08MXHN
B0009V2OGI,A1SMZEZO08MXHN
B0000CNTC2,A1SMZEZO08MXHN
B0D7H7ZG4T,A1SMZEZO08MXHN
B09YYWMJC1,A1SMZEZO08MXHN
B01NCP64T0,A1SMZEZO08MXHN
B001MKVLXC,A1SMZEZO08MXHN
B0012WI9L2,A1SMZEZO08MXHN
B000EMBA30,A1SMZEZO08MXHN
B078N2YLZW,A1SMZEZO08MXHN
B07GDT8LNP,A1SMZEZO08MXHN
B0BVWKK33J,A1SMZEZO08MXHN
B0C7R8LLBW,A1SMZEZO08MXHN
B07X5MS1ZC,A1SMZEZO08MXHN
B0C28SXYVJ,A1SMZEZO08MXHN
B0C27WQKQM,A1SMZEZO08MXHN
B0C27SN1D9,A1SMZEZO08MXHN
B0BYS4FJC9,A1SMZEZO08MXHN
B0BWHMRSC2,A1SMZEZO08MXHN
B0BWCC886B,A1SMZEZO08MXHN
B0BTT86KG5,A1SMZEZO08MXHN
B0BSF45F7N,A1SMZEZO08MXHN
B0BQQWWRSC,A1SMZEZO08MXHN
B0BQPGT51N,A1SMZEZO08MXHN
B0BMFHS85Q,A1SMZEZO08MXHN
B0BLY4K7JD,A1SMZEZO08MXHN
B0BLXMC9ZQ,A1SMZEZO08MXHN
B0BHL8MNP8,A1SMZEZO08MXHN
B0BG768C5F,A1SMZEZO08MXHN
B0BFR4RZ4Z,A1SMZEZO08MXHN
B0DD6JTMTL,A1SMZEZO08MXHN
B09HKGCVVG,A1SMZEZO08MXHN
B07N6955M6,A1SMZEZO08MXHN
B0D2KSQYSQ,A1SMZEZO08MXHN
B0CJR46ZY3,A1SMZEZO08MXHN
B0BGK89F5D,A1SMZEZO08MXHN
B0CL5T93N8,A1SMZEZO08MXHN
B0BRWJSLBT,A1SMZEZO08MXHN
B0CYZMR6DG,A1SMZEZO08MXHN
B0CC91SN1Q,A1SMZEZO08MXHN
B07H2LKP5W,A1SMZEZO08MXHN
B0C3LYVQD7,A1SMZEZO08MXHN
B0DLVVWJ66,A1SMZEZO08MXHN
B0CHWYFRCY,A1SMZEZO08MXHN
B0B42BK9YR,A1SMZEZO08MXHN
B0BRGKV3LL,A1SMZEZO08MXHN
B08HYZGY2Q,A1SMZEZO08MXHN
B0CGH76H1Q,A1SMZEZO08MXHN
B07G8MNYGY,A1SMZEZO08MXHN
B08HCBLX8C,A1SMZEZO08MXHN
B0BCFHY2LQ,A1SMZEZO08MXHN
B075947VJL,A1SMZEZO08MXHN
B002Q1YTF8,A1SMZEZO08MXHN
B0C1M2VVDN,A1SMZEZO08MXHN
B07W736H5R,A1SMZEZO08MXHN
B0B395MVPX,A1SMZEZO08MXHN
B07XXHGWWB,A1SMZEZO08MXHN
B0002F7A9M,A1SMZEZO08MXHN
B01H8IKD1M,A1SMZEZO08MXHN
B0C89DP3S2,A1SMZEZO08MXHN
B0DMKLS8F3,A1SMZEZO08MXHN
B09PJXJCJ5,A1SMZEZO08MXHN
B09BJM489S,A1SMZEZO08MXHN
B00KMJNVMI,A1SMZEZO08MXHN
B0CFHYWB47,A1SMZEZO08MXHN
B0BXLRSPZ5,A1SMZEZO08MXHN
B08KDMTCHB,A1SMZEZO08MXHN
B0835672G7,A1SMZEZO08MXHN
B0CZCT3J1K,A1SMZEZO08MXHN
B0BNJ23SBB,A1SMZEZO08MXHN
B0CNPCV5JM,A1SMZEZO08MXHN
B0DHPNWT1V,A1SMZEZO08MXHN
B0BJ2QBSKB,A1SMZEZO08MXHN
B09PYW5Z6D,A1SMZEZO08MXHN
B015NBQ39W,A1SMZEZO08MXHN
B07BX846SD,A1SMZEZO08MXHN
B07FCVLK6Y,A1SMZEZO08MXHN
B0CJ8XB37L,A1SMZEZO08MXHN
B0BK19M7CY,A1SMZEZO08MXHN
B09XKZPR7W,A1SMZEZO08MXHN
B0CH23XZL3,A1SMZEZO08MXHN
B07CV8ZVNR,A1SMZEZO08MXHN
B079TJTP1W,A1SMZEZO08MXHN
B074SFXC3C,A1SMZEZO08MXHN
B09GK56F48,A1SMZEZO08MXHN
B07212VB12,A1SMZEZO08MXHN
B07XH69KLH,A1SMZEZO08MXHN
B0B88R3JXW,A1SMZEZO08MXHN
B08BNFZFZD,A1SMZEZO08MXHN
B06Y4M4Y92,A1SMZEZO08MXHN
B0BXVJF94Q,A1SMZEZO08MXHN
B07YKM2NL4,A1SMZEZO08MXHN
B0D5PKPH7J,A1SMZEZO08MXHN
B0CTH1RP5Z,A1SMZEZO08MXHN
B07CX413SF,A1SMZEZO08MXHN
B0CNW4ZTT3,A1SMZEZO08MXHN
B08LLBB9W2,A1SMZEZO08MXHN
B0CCPDD5GD,A1SMZEZO08MXHN
B0BZ53BWJZ,A1SMZEZO08MXHN
B0CM7KTP1F,A1SMZEZO08MXHN
B0B93Q5PJN,A1SMZEZO08MXHN
B096KXWX3Z,A1SMZEZO08MXHN
B07Q2FHQYW,A1SMZEZO08MXHN
B006C0UW78,A1SMZEZO08MXHN
B092ZP49CB,A1SMZEZO08MXHN
B077YZCWSD,A1SMZEZO08MXHN
B0C2ZYKXJ5,A1SMZEZO08MXHN
B07G1DSLYB,A1SMZEZO08MXHN
B08K446F8H,A1SMZEZO08MXHN
B076FB5C34,A1SMZEZO08MXHN
B0CJR3FJ3T,A1SMZEZO08MXHN
B0BQVYW9MC,A1SMZEZO08MXHN
B08ZNBXGJN,A1SMZEZO08MXHN
B0C77X1756,A1SMZEZO08MXHN
B08RRX73NW,A1SMZEZO08MXHN
B0C64GLSHZ,A1SMZEZO08MXHN
B008QPC0H2,A1SMZEZO08MXHN
B005S6WTOG,A1SMZEZO08MXHN
B09J15M4WH,A1SMZEZO08MXHN
B0D474RC4W,A1SMZEZO08MXHN
B0C45DR6SK,A1SMZEZO08MXHN
B0BWWMX97T,A1SMZEZO08MXHN
B0B3VCZ4XK,A1SMZEZO08MXHN
B09NFD49W9,A1SMZEZO08MXHN
B099X1XRKV,A1SMZEZO08MXHN
B0932YK6RW,A1SMZEZO08MXHN
B079HLKVJR,A1SMZEZO08MXHN
B0BL6RZ3RT,A1SMZEZO08MXHN
B00NNL37IK,A1SMZEZO08MXHN
B0981R3KB3,A1SMZEZO08MXHN
B0BPJWCZ1L,A1SMZEZO08MXHN
B093X6RTGW,A1SMZEZO08MXHN
B0BDQ57FHD,A1SMZEZO08MXHN
B0B3QLGHFK,A1SMZEZO08MXHN
B0D9KQ4MTR,A1SMZEZO08MXHN
B0CPFPSDDS,A1SMZEZO08MXHN
B0C5VZZ8Q2,A1SMZEZO08MXHN
B09JP5PT1L,A1SMZEZO08MXHN
B097DD2X2P,A1SMZEZO08MXHN
B095VH8WLX,A1SMZEZO08MXHN
B01CRTEV7E,A1SMZEZO08MXHN
B0D8S3SM9R,A1SMZEZO08MXHN
B0B141R9K7,A1SMZEZO08MXHN
B07NZVH42Q,A1SMZEZO08MXHN
B0CXDF83X3,A1SMZEZO08MXHN
B096Z7VT1F,A1SMZEZO08MXHN
B0BGT6G4MJ,A1SMZEZO08MXHN
B0761MKNHX,A1SMZEZO08MXHN
B005IF2SOS,A1SMZEZO08MXHN
B0BRCCVVHL,A1SMZEZO08MXHN
B08YN3D1KW,A1SMZEZO08MXHN
B004MCR6RM,A1SMZEZO08MXHN
B08BNFBYX1,A1SMZEZO08MXHN
B07LGDHDWX,A1SMZEZO08MXHN
B071J46V6Y,A1SMZEZO08MXHN
B0CD3KRTBS,A1SMZEZO08MXHN
B0BRSTJT3V,A1SMZEZO08MXHN
B0917KRHBZ,A1SMZEZO08MXHN
B01K39Z7H8,A1SMZEZO08MXHN
B00SWBJJQ0,A1SMZEZO08MXHN
B00200LO7Q,A1SMZEZO08MXHN
B0DQDCLZZV,A1SMZEZO08MXHN
B0DF7QP9SR,A1SMZEZO08MXHN
B0DDH7V51F,A1SMZEZO08MXHN
B0DBZS2TQM,A1SMZEZO08MXHN
B0D9JFLN8G,A1SMZEZO08MXHN
B0CM8Z8HBD,A1SMZEZO08MXHN
B09GYSYF5P,A1SMZEZO08MXHN
B0BJ8C83YX,A1SMZEZO08MXHN
B0BRKB21XJ,A1SMZEZO08MXHN
B0BN4HGMMT,A1SMZEZO08MXHN
B072R7G575,A1SMZEZO08MXHN
B01JTWX59C,A1SMZEZO08MXHN
B07C92NNHS,A1SMZEZO08MXHN
B0CW217Z9P,A1SMZEZO08MXHN
B0771WL4SD,A1SMZEZO08MXHN
B08CV4FQDL,A1SMZEZO08MXHN
B01LYFCS68,A1SMZEZO08MXHN
B0B4662YNR,A1SMZEZO08MXHN
B08MVKQKYL,A1SMZEZO08MXHN
B085C7HKN5,A1SMZEZO08MXHN
B082SSJY2C,A1SMZEZO08MXHN
B07DNPT1HB,A1SMZEZO08MXHN
B010RZJIWI,A1SMZEZO08MXHN
B0DF6JKCXG,A1SMZEZO08MXHN
B07XY1VC5T,A1SMZEZO08MXHN
B0722CMMXQ,A1SMZEZO08MXHN
B0CDL1BKRL,A1SMZEZO08MXHN
B09N584B29,A1SMZEZO08MXHN
B0CZL8T71F,A1SMZEZO08MXHN
B09DCDKVVK,A1SMZEZO08MXHN
B07XLLJL48,A1SMZEZO08MXHN
B085DTGWGK,A1SMZEZO08MXHN
B08TBZJ975,A1SMZEZO08MXHN
B0DBLHPBGH,A1SMZEZO08MXHN
B0B8DR8CCK,A1SMZEZO08MXHN
B0CKW1WJP7,A1SMZEZO08MXHN
B07T77NYZS,A1SMZEZO08MXHN
B09T4GFR4R,A1SMZEZO08MXHN
B09X22TPHC,A1SMZEZO08MXHN
B09QRST6MP,A1SMZEZO08MXHN
B0CDQHJW3W,A1SMZEZO08MXHN
B0C33TYKCN,A1SMZEZO08MXHN
B0DLL18232,A1SMZEZO08MXHN
B07Y8VDZWH,A1SMZEZO08MXHN
B07DMR7SZB,A1SMZEZO08MXHN
B0CG1DG6CT,A1SMZEZO08MXHN
B093H2JVCZ,A1SMZEZO08MXHN
B01LGVBD6Q,A1SMZEZO08MXHN
B000S5UEQC,A1SMZEZO08MXHN
B00WT6TVAS,A1SMZEZO08MXHN
B071WKLR2Q,A1SMZEZO08MXHN
B07JH92TD9,A1SMZEZO08MXHN
B07D64K3PS,A1SMZEZO08MXHN
B079G7WC79,A1SMZEZO08MXHN
B0CH9WFJHD,A1SMZEZO08MXHN
B079J1M4JT,A1SMZEZO08MXHN
B0BW49SRLQ,A1SMZEZO08MXHN
B0CZTXYB99,A1SMZEZO08MXHN
B08476X4DM,A1SMZEZO08MXHN
B084LCPVQ7,A1SMZEZO08MXHN
B07BLMJKYH,A1SMZEZO08MXHN
B0CKYLGGXW,A1SMZEZO08MXHN
B07SJS2MF6,A1SMZEZO08MXHN
B0CY25CRSR,A1SMZEZO08MXHN
B013CXALMI,A1SMZEZO08MXHN
B00JDPS7Z8,A1SMZEZO08MXHN
B002ZST8YO,A1SMZEZO08MXHN
B007AO0SPQ,A1SMZEZO08MXHN
B07L9VJSLT,A1SMZEZO08MXHN
B0BRHK4LHV,A1SMZEZO08MXHN
B0BN1QMKMZ,A1SMZEZO08MXHN
B00OQJR3T2,A1SMZEZO08MXHN
B07RLJ8NYF,A1SMZEZO08MXHN
B07TB9F5TW,A1SMZEZO08MXHN
B0DH2HWFXF,A1SMZEZO08MXHN
B00X8EVJPK,A1SMZEZO08MXHN
B08GSKRF62,A1SMZEZO08MXHN
B0DHTY9J5J,A1SMZEZO08MXHN
B0CXPVMT3W,A1SMZEZO08MXHN
B07XFPQ9VW,A1SMZEZO08MXHN
B0DHX142GP,A1SMZEZO08MXHN
B0BKRV5DGR,A1SMZEZO08MXHN
B0CFKJTV4L,A1SMZEZO08MXHN
B0D6QLKJPR,A1SMZEZO08MXHN
B005WK8X16,A1SMZEZO08MXHN
B0BM4ZG96C,A1SMZEZO08MXHN
B0763CT129,A1SMZEZO08MXHN
B0C98MQW5T,A1SMZEZO08MXHN
B07JN6FNZ4,A1SMZEZO08MXHN
B0BP14ND31,A1SMZEZO08MXHN
B0CZTTZX4V,A1SMZEZO08MXHN
B08KZWGZZS,A1SMZEZO08MXHN
B07WC9MSW8,A1SMZEZO08MXHN
B08MH2SBVZ,A1SMZEZO08MXHN
B09YVHWPNR,A1SMZEZO08MXHN
B0C6XK1B4X,A1SMZEZO08MXHN
B00FE95FJI,A1SMZEZO08MXHN
B07CRZQ9MY,A1SMZEZO08MXHN
B0BDR1X6PT,A1SMZEZO08MXHN
B0B8Z52HLF,A1SMZEZO08MXHN
B08L3CFPD1,A1SMZEZO08MXHN
B0D2DJVQ5C,A1SMZEZO08MXHN
B0CR6BHSMN,A1SMZEZO08MXHN
B09PTGZMXB,A1SMZEZO08MXHN
B0CKQ5W9GT,A1SMZEZO08MXHN
B093LCYS9L,A1SMZEZO08MXHN
B00BBXADTS,A1SMZEZO08MXHN
B0CKKHHLS4,A1SMZEZO08MXHN
B001DSZ7EC,A1SMZEZO08MXHN
B001BPY6KI,A1SMZEZO08MXHN
B07KLZKG9J,A1SMZEZO08MXHN
B07ZL2ZB92,A1SMZEZO08MXHN
B0CHFXQ1LL,A1SMZEZO08MXHN
B0CPDYLXL6,A1SMZEZO08MXHN
B0CRYV7YDW,A1SMZEZO08MXHN
B096RJZH18,A1SMZEZO08MXHN
B08FTHRVCR,A1SMZEZO08MXHN
B0CQV9GX75,A1SMZEZO08MXHN
B0B7K8R54M,A1SMZEZO08MXHN
B00FSG1INY,A1SMZEZO08MXHN
B0C5GJR8B1,A1SMZEZO08MXHN
B0BY2B9X8Z,A1SMZEZO08MXHN
B08ZSRN355,A1SMZEZO08MXHN
B006NB6QGM,A1SMZEZO08MXHN
B0CL6GXSZN,A1SMZEZO08MXHN
B002NU6HBG,A1SMZEZO08MXHN
B0BM3562LP,A1SMZEZO08MXHN
B07QHDRYTJ,A1SMZEZO08MXHN
B00025YRJS,A1SMZEZO08MXHN
B084H671P7,A1SMZEZO08MXHN
B0BNH7FPKY,A1SMZEZO08MXHN
B0B7MM7JVY,A1SMZEZO08MXHN
B000N6KR90,A1SMZEZO08MXHN
1549241699,A1SMZEZO08MXHN
B0BTCQ8YB3,A1SMZEZO08MXHN
B0B8PGK91K,A1SMZEZO08MXHN
B07FDDRFNH,A1SMZEZO08MXHN
B0D2WWP99S,A1SMZEZO08MXHN
B0C1G6TLN8,A1SMZEZO08MXHN
B09PVNBGR6,A1SMZEZO08MXHN
B086T5GH5J,A1SMZEZO08MXHN
1549243810,A1SMZEZO08MXHN
B0BB22NF67,A1SMZEZO08MXHN
B0CB9GMMXS,A1SMZEZO08MXHN
B09ZQPBPFD,A1SMZEZO08MXHN
B09Q8N253C,A1SMZEZO08MXHN
B09BTFXPHS,A1SMZEZO08MXHN
B07VGPG51M,A1SMZEZO08MXHN
B001MPW54G,A1SMZEZO08MXHN
B0DGX4M65N,A1SMZEZO08MXHN
B0DGKP1R4K,A1SMZEZO08MXHN
B0DG8NV56C,A1SMZEZO08MXHN
B0DFYHJ1XR,A1SMZEZO08MXHN
B0DDY77FZQ,A1SMZEZO08MXHN
B0DCVRJNP7,A1SMZEZO08MXHN
B0DCNNDJMD,A1SMZEZO08MXHN
B0DCBZ8SRT,A1SMZEZO08MXHN
B0DC6SF6NP,A1SMZEZO08MXHN
B09WCS1SWZ,A1SMZEZO08MXHN
B0D57J6Y4L,A1SMZEZO08MXHN
B0DBR82XLT,A1SMZEZO08MXHN
B0832GL9FJ,A1SMZEZO08MXHN
B0CR5WFBVP,A1SMZEZO08MXHN
B07V8G9D3X,A1SMZEZO08MXHN
B005ZDY9T0,A1SMZEZO08MXHN
B078S6NN3T,A1SMZEZO08MXHN
B0BNNYSLV4,A1SMZEZO08MXHN
B0B6FCVCJK,A1SMZEZO08MXHN
B005IXSXPI,A1SMZEZO08MXHN
B07YYPSVQM,A1SMZEZO08MXHN
B0C5216YBJ,A1SMZEZO08MXHN
B0CBW8C7VW,A1SMZEZO08MXHN
B08263NRMQ,A1SMZEZO08MXHN
B0CNHDQ644,A1SMZEZO08MXHN
B0BW3YCHJ4,A1SMZEZO08MXHN
B07NSGC5FN,A1SMZEZO08MXHN
B0B62942S9,A1SMZEZO08MXHN
B01M4OS5FP,A1SMZEZO08MXHN
B005INZ2TI,A1SMZEZO08MXHN
B0CLD8KWL9,A1SMZEZO08MXHN
B0CTHHHRRS,A1SMZEZO08MXHN
B09WVT3J6T,A1SMZEZO08MXHN
B0DHZQSZ7S,A1SMZEZO08MXHN
B01M6YNIS9,A1SMZEZO08MXHN
B0CHXW1R34,A1SMZEZO08MXHN
B07X8W3KTG,A1SMZEZO08MXHN
B00078X4B2,A1SMZEZO08MXHN
B0D28R9RYR,A1SMZEZO08MXHN
B0BZGLVTP9,A1SMZEZO08MXHN
B00NDMV97A,A1SMZEZO08MXHN
B0CJLRZ4YR,A1SMZEZO08MXHN
B09PB2LWW8,A1SMZEZO08MXHN
B0CB773YNX,A1SMZEZO08MXHN
B07K25BK8V,A1SMZEZO08MXHN
B07CH7D32N,A1SMZEZO08MXHN
B0BNB98MF9,A1SMZEZO08MXHN
B0CSRJNJ22,A1SMZEZO08MXHN
B08M91K24Z,A1SMZEZO08MXHN
B09SYPMJDG,A1SMZEZO08MXHN
B086L6H511,A1SMZEZO08MXHN
B00MW6OAK6,A1SMZEZO08MXHN
B0BT73XYQG,A1SMZEZO08MXHN
B0CKX18572,A1SMZEZO08MXHN
B0CQGF5R9V,A1SMZEZO08MXHN
B0C4K4VXDG,A1SMZEZO08MXHN
B000ZNP7JQ,A1SMZEZO08MXHN
B0CGLS1B8C,A1SMZEZO08MXHN
B08T237ZB8,A1SMZEZO08MXHN
B0CMJ4NSPN,A1SMZEZO08MXHN
B06ZYBM5MQ,A1SMZEZO08MXHN
B00XMC5I8M,A1SMZEZO08MXHN
B08L6DQJSH,A1SMZEZO08MXHN
B0CDGH2XD8,A1SMZEZO08MXHN
B0000BZMIH,A1SMZEZO08MXHN
B0B7KR31FJ,A1SMZEZO08MXHN
B09N9W1JHB,A1SMZEZO08MXHN
B08K4TNSNL,A1SMZEZO08MXHN
B0BGT7YNQB,A1SMZEZO08MXHN
B00CWEUBOM,A1SMZEZO08MXHN
B0C3B27P61,A1SMZEZO08MXHN
B0BVH569HV,A1SMZEZO08MXHN
B0BDXS6MW2,A1SMZEZO08MXHN
B0B5CCKV6P,A1SMZEZO08MXHN
B0BMGHSB8Z,A1SMZEZO08MXHN
B09C5WHFVQ,A1SMZEZO08MXHN
B0B8S6N9VD,A1SMZEZO08MXHN
B07GJB5TVP,A1SMZEZO08MXHN
B08127ZFQG,A1SMZEZO08MXHN
B0CCTXPHGL,A1SMZEZO08MXHN
B01605YD9W,A1SMZEZO08MXHN
B0B48K6S6Q,A1SMZEZO08MXHN
B074J53WPM,A1SMZEZO08MXHN
B0B23S245K,A1SMZEZO08MXHN
B000P5OULA,A1SMZEZO08MXHN
B09RS5C3LR,A1SMZEZO08MXHN
B06VZ3X2WW,A1SMZEZO08MXHN
B071GDDKPX,A1SMZEZO08MXHN
B09X9FYJRJ,A1SMZEZO08MXHN
B0C9WZD4H5,A1SMZEZO08MXHN
B0CNZY39JM,A1SMZEZO08MXHN
B0B8S9GN1Z,A1SMZEZO08MXHN
B0B9HRTJ3H,A1SMZEZO08MXHN
B0752GM69W,A1SMZEZO08MXHN
B073W4WRXM,A1SMZEZO08MXHN
B094MWMKJR,A1SMZEZO08MXHN
B09XMKV9LM,A1SMZEZO08MXHN
B0B8J97GWX,A1SMZEZO08MXHN
B086MF4XSW,A1SMZEZO08MXHN
B0D77T1MTJ,A1SMZEZO08MXHN
B09R1PQXJ6,A1SMZEZO08MXHN
B0DJ6QPG5S,A1SMZEZO08MXHN
B00LNHI6EG,A1SMZEZO08MXHN
B09RB6WLJ9,A1SMZEZO08MXHN
B0BPK4CG54,A1SMZEZO08MXHN
B0BTHQJH1N,A1SMZEZO08MXHN
B0C7WKMTHX,A1SMZEZO08MXHN
B01F63ORYU,A1SMZEZO08MXHN
B08WDYFYTK,A1SMZEZO08MXHN
B0DJ7QX5WG,A1SMZEZO08MXHN
B00AXT5H42,A1SMZEZO08MXHN
B0B5H1BC51,A1SMZEZO08MXHN
B0CFQ8ZVX4,A1SMZEZO08MXHN
B083JRQY2S,A1SMZEZO08MXHN
B086YZ6HBJ,A1SMZEZO08MXHN
B01MT7O7RA,A1SMZEZO08MXHN
B0CZ475FBC,A1SMZEZO08MXHN
B09DGSS3DD,A1SMZEZO08MXHN
B0CP21B19X,A1SMZEZO08MXHN
B08SJZK21C,A1SMZEZO08MXHN
B0C7YX94CK,A1SMZEZO08MXHN
B0D459JNSY,A1SMZEZO08MXHN
B0D2DRRKXL,A1SMZEZO08MXHN
B0D28PPP4W,A1SMZEZO08MXHN
B0D22KVRWL,A1SMZEZO08MXHN
B0D14LYB4T,A1SMZEZO08MXHN
B0CZQHMCGK,A1SMZEZO08MXHN
B0CY81MBFS,A1SMZEZO08MXHN
B0CY1V8J3J,A1SMZEZO08MXHN
B0CS6TKLK9,A1SMZEZO08MXHN
B0CRKX3TF8,A1SMZEZO08MXHN
B0CRGXYHZM,A1SMZEZO08MXHN
B0CR2YNZQ1,A1SMZEZO08MXHN
B0CR1YX1T1,A1SMZEZO08MXHN
B0CQLD84W4,A1SMZEZO08MXHN
B0CP74TML7,A1SMZEZO08MXHN
B0CP6Z4FZL,A1SMZEZO08MXHN
B0CNJSXKT7,A1SMZEZO08MXHN
B0CM4G3CWK,A1SMZEZO08MXHN
B0CLYPNG57,A1SMZEZO08MXHN
B0CLH39QMP,A1SMZEZO08MXHN
B0CJXYWRKF,A1SMZEZO08MXHN
B0CJXXYHDC,A1SMZEZO08MXHN
B0CJJXZMN8,A1SMZEZO08MXHN
B0CJCSNFZ2,A1SMZEZO08MXHN
B0CGQWCPJ2,A1SMZEZO08MXHN
B0CG8ZZGFN,A1SMZEZO08MXHN
B0CG2FGN1B,A1SMZEZO08MXHN
B0CFRKRM3T,A1SMZEZO08MXHN
B0CDS1KMZX,A1SMZEZO08MXHN
B0CD8VJN5R,A1SMZEZO08MXHN
B0CCS39VKS,A1SMZEZO08MXHN
B0CBTYZY2S,A1SMZEZO08MXHN
B0BGL2PJ68,A1SMZEZO08MXHN
B0B9RZFT59,A1SMZEZO08MXHN
B08VSF84CZ,A1SMZEZO08MXHN
B07VN9M9NQ,A1SMZEZO08MXHN
B07DHRBRPB,A1SMZEZO08MXHN
B06XC4KT1T,A1SMZEZO08MXHN
B015N8JPK4,A1SMZEZO08MXHN
B081YKWSHZ,A1SMZEZO08MXHN
B0DNRZJ89H,A1SMZEZO08MXHN
B0DFGFZCB8,A1SMZEZO08MXHN
B0D9B2LKYT,A1SMZEZO08MXHN
B0D91PNTC3,A1SMZEZO08MXHN
B0D6G2C51Q,A1SMZEZO08MXHN
B0D6BFMRX1,A1SMZEZO08MXHN
B0D4QCKV3Q,A1SMZEZO08MXHN
B0D4MLBHSX,A1SMZEZO08MXHN
B09KZJBP84,A1SMZEZO08MXHN
B09K3G1793,A1SMZEZO08MXHN
B09JYFNR2B,A1SMZEZO08MXHN
B09J83ZCPS,A1SMZEZO08MXHN
B09J7WTL1Q,A1SMZEZO08MXHN
B09FL9TTJF,A1SMZEZO08MXHN
B09DP7N4VL,A1SMZEZO08MXHN
B09CQ4QD1B,A1SMZEZO08MXHN
B09CM48NQM,A1SMZEZO08MXHN
B09B3QL2C8,A1SMZEZO08MXHN
B099S54LW1,A1SMZEZO08MXHN
B0986Z3TBR,A1SMZEZO08MXHN
B097Q4RWYY,A1SMZEZO08MXHN
B096KZBSZS,A1SMZEZO08MXHN
B0969BSDKS,A1SMZEZO08MXHN
B094R7PDM1,A1SMZEZO08MXHN
B0C9MJP9FK,A1SMZEZO08MXHN
B0C8GBW271,A1SMZEZO08MXHN
B0C7H7GL9Z,A1SMZEZO08MXHN
B0C7BKZM52,A1SMZEZO08MXHN
B0C5CSCX5Y,A1SMZEZO08MXHN
B0C4V23FF3,A1SMZEZO08MXHN
B0C3G76H7R,A1SMZEZO08MXHN
B0C2Y2QYJT,A1SMZEZO08MXHN
B0C23WX4QG,A1SMZEZO08MXHN
B0BYSTTTJ1,A1SMZEZO08MXHN
B0BYRLNY53,A1SMZEZO08MXHN
B0BY2CG7VY,A1SMZEZO08MXHN
B0BXNN54RN,A1SMZEZO08MXHN
B0BX8RKJGW,A1SMZEZO08MXHN
B0BVJ1HZXH,A1SMZEZO08MXHN
B0BTBTQ1XB,A1SMZEZO08MXHN
B0BS8PSHDX,A1SMZEZO08MXHN
B0BRCVW98B,A1SMZEZO08MXHN
B0BGPXWVH5,A1SMZEZO08MXHN
B0BGKQNJQY,A1SMZEZO08MXHN
B0BG7SB6J1,A1SMZEZO08MXHN
B0BFXQCDL5,A1SMZEZO08MXHN
B0BC93WPGN,A1SMZEZO08MXHN
B0B9GSX3PL,A1SMZEZO08MXHN
B0B5N4DGFG,A1SMZEZO08MXHN
B0B5K1VMYY,A1SMZEZO08MXHN
B0B56GMVSK,A1SMZEZO08MXHN
B0B2F52171,A1SMZEZO08MXHN
B0B286C48R,A1SMZEZO08MXHN
B0B24KQH29,A1SMZEZO08MXHN
B0B23NR8R9,A1SMZEZO08MXHN
B0B14KTGCZ,A1SMZEZO08MXHN
B09YM4Q55P,A1SMZEZO08MXHN
B09YLPQFTH,A1SMZEZO08MXHN
B09YD91W6Q,A1SMZEZO08MXHN
B09Y8S8XZM,A1SMZEZO08MXHN
B09XWFV2H7,A1SMZEZO08MXHN
B09WR72M78,A1SMZEZO08MXHN
B09WHTP9C4,A1SMZEZO08MXHN
B09W98HT3Y,A1SMZEZO08MXHN
B09TT6BT2X,A1SMZEZO08MXHN
B09TSWST8H,A1SMZEZO08MXHN
B09QM4N3RM,A1SMZEZO08MXHN
B09PKR9L2H,A1SMZEZO08MXHN
B09PD4BS2X,A1SMZEZO08MXHN
B09MP2RDPC,A1SMZEZO08MXHN
B09MB6BYLN,A1SMZEZO08MXHN
B09LZ36SGN,A1SMZEZO08MXHN
B093R1L475,A1SMZEZO08MXHN
B0928QC5BZ,A1SMZEZO08MXHN
B091KJBN9K,A1SMZEZO08MXHN
B08YP4S5KX,A1SMZEZO08MXHN
B08V87W1Q4,A1SMZEZO08MXHN
B08TB45P3J,A1SMZEZO08MXHN
B08SVMSJ7H,A1SMZEZO08MXHN
B08RDRCCQZ,A1SMZEZO08MXHN
B08QTQFMY1,A1SMZEZO08MXHN
B08QG5C47F,A1SMZEZO08MXHN
B08QDNBLH8,A1SMZEZO08MXHN
B08P2LRZ37,A1SMZEZO08MXHN
B08K1M3CRH,A1SMZEZO08MXHN
B08JPWB7RK,A1SMZEZO08MXHN
B08JD5G6XL,A1SMZEZO08MXHN
B08JCNF1BT,A1SMZEZO08MXHN
B07KJSGV3T,A1SMZEZO08MXHN
B07K1FCZNN,A1SMZEZO08MXHN
B07HVRRL2R,A1SMZEZO08MXHN
B07H9JTXS7,A1SMZEZO08MXHN
B07FZL3BX1,A1SMZEZO08MXHN
B07D7MGBVM,A1SMZEZO08MXHN
B07CB9B49Z,A1SMZEZO08MXHN
B07BYHB1JJ,A1SMZEZO08MXHN
B077P4QSPZ,A1SMZEZO08MXHN
B075DFY5WZ,A1SMZEZO08MXHN
B0756PRZZ2,A1SMZEZO08MXHN
B0744MQP9P,A1SMZEZO08MXHN
B0738M9P7S,A1SMZEZO08MXHN
B01NCPYGMM,A1SMZEZO08MXHN
B01N9MBAOA,A1SMZEZO08MXHN
B01N9DMEU9,A1SMZEZO08MXHN
B08H8D45TR,A1SMZEZO08MXHN
B08H7X8VDC,A1SMZEZO08MXHN
B08FSLK214,A1SMZEZO08MXHN
B08BXRCK19,A1SMZEZO08MXHN
B08B9QH7CX,A1SMZEZO08MXHN
B089XF38J6,A1SMZEZO08MXHN
B088YJ87PX,A1SMZEZO08MXHN
B088K5ZTQ3,A1SMZEZO08MXHN
B085PPZ48N,A1SMZEZO08MXHN
B085GMG4F3,A1SMZEZO08MXHN
B085GM3MRL,A1SMZEZO08MXHN
B084WZBQCP,A1SMZEZO08MXHN
B083NRVF1S,A1SMZEZO08MXHN
B082FNLWTG,A1SMZEZO08MXHN
B082BY9FQ3,A1SMZEZO08MXHN
B0828PVDF7,A1SMZEZO08MXHN
B01N81CARO,A1SMZEZO08MXHN
B01N5M6JVQ,A1SMZEZO08MXHN
B01M24XPD6,A1SMZEZO08MXHN
B01LDMKLWU,A1SMZEZO08MXHN
B01DUYP5SE,A1SMZEZO08MXHN
B014RK7F24,A1SMZEZO08MXHN
B00XQFONF4,A1SMZEZO08MXHN
B00SS3TUT8,A1SMZEZO08MXHN
B00PYOO4OA,A1SMZEZO08MXHN
B00L1IV3R4,A1SMZEZO08MXHN
B00KYWKH8O,A1SMZEZO08MXHN
B00C3YD0QM,A1SMZEZO08MXHN
B00C1N97AS,A1SMZEZO08MXHN
B007Q1FJ6Q,A1SMZEZO08MXHN
B005MZZ0O4,A1SMZEZO08MXHN
B005MZX03C,A1SMZEZO08MXHN
B005FHLPSY,A1SMZEZO08MXHN
B004VZ60VS,A1SMZEZO08MXHN
B004NEGR6K,A1SMZEZO08MXHN
B004MNSWJ2,A1SMZEZO08MXHN
B003OBK1PG,A1SMZEZO08MXHN
B001REBSKY,A1SMZEZO08MXHN
B000XHRIVE,A1SMZEZO08MXHN
1960401793,A1SMZEZO08MXHN
B08C2Q1JWX,A1SMZEZO08MXHN
B088J8NMGH,A1SMZEZO08MXHN
B078PNBVJK,A1SMZEZO08MXHN
B07212JMKL,A1SMZEZO08MXHN
B011VTBEDA,A1SMZEZO08MXHN
B00XQFOSZE,A1SMZEZO08MXHN
B00D5T33M0,A1SMZEZO08MXHN
B08G1FQFCJ,A1SMZEZO08MXHN
B09NMYZZ1K,A1SMZEZO08MXHN
B0BK4LNX48,A1SMZEZO08MXHN
B0D1532W8G,A1SMZEZO08MXHN
B0CYZNWDT7,A1SMZEZO08MXHN
B0CW2PDM8D,A1SMZEZO08MXHN
B0CV49TQPK,A1SMZEZO08MXHN
B0CSVLY6FH,A1SMZEZO08MXHN
B0CRZ1D6K5,A1SMZEZO08MXHN
B0CQY6J7TZ,A1SMZEZO08MXHN
B0CP7V7BZR,A1SMZEZO08MXHN
B0CNS8ZWYW,A1SMZEZO08MXHN
B0CN6QYTM3,A1SMZEZO08MXHN
B0CMQ8NWTS,A1SMZEZO08MXHN
B0CM6F9LW5,A1SMZEZO08MXHN
B0CL9KKCNG,A1SMZEZO08MXHN
B0CL624MZZ,A1SMZEZO08MXHN
B0CKP3LSPP,A1SMZEZO08MXHN
B0CJJ2D13C,A1SMZEZO08MXHN
B08JPDQMPN,A1SMZEZO08MXHN
B07FFY3KZ6,A1SMZEZO08MXHN
B09MK53NSL,A1SMZEZO08MXHN
B097FGBY86,A1SMZEZO08MXHN
B08KY8XYG8,A1SMZEZO08MXHN
B08BHK5976,A1SMZEZO08MXHN
B08B491HL5,A1SMZEZO08MXHN
B0833Y7MS4,A1SMZEZO08MXHN
B01GEGXP0K,A1SMZEZO08MXHN
B00PRIWJAY,A1SMZEZO08MXHN
B0056C8X8S,A1SMZEZO08MXHN
B004S9D5E2,A1SMZEZO08MXHN
B0DT4GYZXJ,A1SMZEZO08MXHN
B0DDX7JMKM,A1SMZEZO08MXHN
B0D9Y3GQ2L,A1SMZEZO08MXHN
B0D43WVMWR,A1SMZEZO08MXHN
B0D3HFBRC2,A1SMZEZO08MXHN
B0D31L8TQX,A1SMZEZO08MXHN
B08Z78QHZD,A1SMZEZO08MXHN
B09PV7RRPN,A1SMZEZO08MXHN
B06ZXSCY97,A1SMZEZO08MXHN
B0CPS81KMF,A1SMZEZO08MXHN
B0BL1691Q3,A1SMZEZO08MXHN
B0B4VZCMTR,A1SMZEZO08MXHN
B09MFDXZHJ,A1SMZEZO08MXHN
B092ZJ3NT1,A1SMZEZO08MXHN
B08W3NPT3R,A1SMZEZO08MXHN
B01ED3GRN8,A1SMZEZO08MXHN
B003PHLTOG,A1SMZEZO08MXHN
B0009ZEXJU,A1SMZEZO08MXHN
B0DCSCTZDQ,A1SMZEZO08MXHN
B0DCNT4SSM,A1SMZEZO08MXHN
B0CG9CXRSJ,A1SMZEZO08MXHN
B0CFQSDRVB,A1SMZEZO08MXHN
B0CFL1KJKS,A1SMZEZO08MXHN
B0C9Z6C3W7,A1SMZEZO08MXHN
B0C846H3Q3,A1SMZEZO08MXHN
B0C7VZTL56,A1SMZEZO08MXHN
B0C7KSJMM5,A1SMZEZO08MXHN
B0C6H16DRM,A1SMZEZO08MXHN
B0C6F74645,A1SMZEZO08MXHN
B0C5BHM57F,A1SMZEZO08MXHN
B0C4XXB4PC,A1SMZEZO08MXHN
B0C4SRMFMD,A1SMZEZO08MXHN
B0C4DYLRMT,A1SMZEZO08MXHN
B0C3MJLCN5,A1SMZEZO08MXHN
B0C23XLWG7,A1SMZEZO08MXHN
B0C1W7X9RR,A1SMZEZO08MXHN
B0BJ9VJCP6,A1SMZEZO08MXHN
B0BHX1VPFH,A1SMZEZO08MXHN
B0BHCZF5JG,A1SMZEZO08MXHN
B0BH7Z6PLD,A1SMZEZO08MXHN
B0BF9JZ5LX,A1SMZEZO08MXHN
B0BDC9FMDL,A1SMZEZO08MXHN
B0BD5X11TL,A1SMZEZO08MXHN
B0BD22BWCB,A1SMZEZO08MXHN
B0BBV6RJJV,A1SMZEZO08MXHN
B0B9QHK9LZ,A1SMZEZO08MXHN
B0B932C69Q,A1SMZEZO08MXHN
B0B7SKPVCK,A1SMZEZO08MXHN
B0B7QV96XP,A1SMZEZO08MXHN
B0B7L2LXQW,A1SMZEZO08MXHN
B0B74N8J4M,A1SMZEZO08MXHN
B0B45KKDVL,A1SMZEZO08MXHN
B0C1C3872Z,A1SMZEZO08MXHN
B0BZZB5XMJ,A1SMZEZO08MXHN
B0BZVFNG9L,A1SMZEZO08MXHN
B0BZQDZSCP,A1SMZEZO08MXHN
B0BZKHFGNB,A1SMZEZO08MXHN
B0BZDCSBCN,A1SMZEZO08MXHN
B0BY46CJXF,A1SMZEZO08MXHN
B0BWMXD9VW,A1SMZEZO08MXHN
B0BV75WSG6,A1SMZEZO08MXHN
B0BSGB5SJY,A1SMZEZO08MXHN
B0BS8LRXMX,A1SMZEZO08MXHN
B0BR8YD8R9,A1SMZEZO08MXHN
B0BR5GQK5F,A1SMZEZO08MXHN
B0BQWZ25PD,A1SMZEZO08MXHN
B0BNKKRYK9,A1SMZEZO08MXHN
B0BL8ZLLKJ,A1SMZEZO08MXHN
B0B3RLZPPC,A1SMZEZO08MXHN
B0B3HWD9MB,A1SMZEZO08MXHN
B0B1M4VLYC,A1SMZEZO08MXHN
B09YS3RS1V,A1SMZEZO08MXHN
B09YM326FK,A1SMZEZO08MXHN
B09XR6TPF3,A1SMZEZO08MXHN
B09X583Q24,A1SMZEZO08MXHN
B09VXJZP28,A1SMZEZO08MXHN
B09VGBWN48,A1SMZEZO08MXHN
B09TR8GMFD,A1SMZEZO08MXHN
B09SZ4GP6H,A1SMZEZO08MXHN
B09PFMY195,A1SMZEZO08MXHN
B09LYL46T3,A1SMZEZO08MXHN
B09L5WJT9J,A1SMZEZO08MXHN
B09KZR9MQ5,A1SMZEZO08MXHN
B09K67H3L7,A1SMZEZO08MXHN
B08PD9G9LF,A1SMZEZO08MXHN
B08PCWBC48,A1SMZEZO08MXHN
B08PCL1TCF,A1SMZEZO08MXHN
B08P65NCZ4,A1SMZEZO08MXHN
B08KJN9Y3J,A1SMZEZO08MXHN
B08JD2HWKX,A1SMZEZO08MXHN
B089CVMLQJ,A1SMZEZO08MXHN
B0892JB6FF,A1SMZEZO08MXHN
B088NQKMSK,A1SMZEZO08MXHN
B0882Y9JS4,A1SMZEZO08MXHN
B087D2MQZL,A1SMZEZO08MXHN
B086D5RGXX,A1SMZEZO08MXHN
B085VK5TFV,A1SMZEZO08MXHN
B084VJMSZ2,A1SMZEZO08MXHN
B084GWJFJ2,A1SMZEZO08MXHN
B0846C33Z8,A1SMZEZO08MXHN
B09K3ZYFGC,A1SMZEZO08MXHN
B09JS2ND11,A1SMZEZO08MXHN
B09J8MXZSN,A1SMZEZO08MXHN
B09GLNV1F8,A1SMZEZO08MXHN
B09F36H48S,A1SMZEZO08MXHN
B0995M74KL,A1SMZEZO08MXHN
B0991CNSHD,A1SMZEZO08MXHN
B0977RC335,A1SMZEZO08MXHN
B091K7N7YX,A1SMZEZO08MXHN
B091GLV8H8,A1SMZEZO08MXHN
B0919BHLRB,A1SMZEZO08MXHN
B08ZXTPHKF,A1SMZEZO08MXHN
B08ZSXQL24,A1SMZEZO08MXHN
B08X185JSX,A1SMZEZO08MXHN
B08WKQ1QXJ,A1SMZEZO08MXHN
B08T1JLPY3,A1SMZEZO08MXHN
B082HBFJ6M,A1SMZEZO08MXHN
B07ZZ5R6WX,A1SMZEZO08MXHN
B07ZNQX9GW,A1SMZEZO08MXHN
B07YHZQMMT,A1SMZEZO08MXHN
B07YF9S69B,A1SMZEZO08MXHN
B07YC515DX,A1SMZEZO08MXHN
B07XRY28FS,A1SMZEZO08MXHN
B07XRHJNQX,A1SMZEZO08MXHN
B07V5T31MF,A1SMZEZO08MXHN
B07SYJDRRC,A1SMZEZO08MXHN
B07S8WZL4P,A1SMZEZO08MXHN
B07RR3MXQ4,A1SMZEZO08MXHN
B07PFFNL9V,A1SMZEZO08MXHN
B07MYY434B,A1SMZEZO08MXHN
B07MLNR2YM,A1SMZEZO08MXHN
B07JH4MMTF,A1SMZEZO08MXHN
B07ZYZ7QC2,A1SMZEZO08MXHN
B07XWCWM98,A1SMZEZO08MXHN
B07VPN53BB,A1SMZEZO08MXHN
B07TYCTTSV,A1SMZEZO08MXHN
B07TLZJ3G7,A1SMZEZO08MXHN
B07T89YN8V,A1SMZEZO08MXHN
B07RZD9V9S,A1SMZEZO08MXHN
B07QX55YMC,A1SMZEZO08MXHN
B07Q3ZDMMV,A1SMZEZO08MXHN
B07PRZMYD4,A1SMZEZO08MXHN
B07PFLC78F,A1SMZEZO08MXHN
B07P1CYL1N,A1SMZEZO08MXHN
B07NMMZMWN,A1SMZEZO08MXHN
B07MSCM8L3,A1SMZEZO08MXHN
B07MK2YZRP,A1SMZEZO08MXHN
B07LDSSMBQ,A1SMZEZO08MXHN
B07JGDTY77,A1SMZEZO08MXHN
B07HVS63MN,A1SMZEZO08MXHN
B07HMCL9Y8,A1SMZEZO08MXHN
B07HD4XDZG,A1SMZEZO08MXHN
B07GXBWBCV,A1SMZEZO08MXHN
B07G2BFYFZ,A1SMZEZO08MXHN
B07F6Y7MFZ,A1SMZEZO08MXHN
B07F1L5NNG,A1SMZEZO08MXHN
B07D1C414S,A1SMZEZO08MXHN
B07BPWFSX8,A1SMZEZO08MXHN
B07B8CK8L9,A1SMZEZO08MXHN
B07B5G1B1Q,A1SMZEZO08MXHN
B078PGQJ41,A1SMZEZO08MXHN
B0783ND72V,A1SMZEZO08MXHN
B077YXDGQF,A1SMZEZO08MXHN
B0778SQQ9Z,A1SMZEZO08MXHN
B075LFZR1K,A1SMZEZO08MXHN
B074YXSSM4,A1SMZEZO08MXHN
B074S7D3SQ,A1SMZEZO08MXHN
B074G4ZTSS,A1SMZEZO08MXHN
B0748NJJWX,A1SMZEZO08MXHN
B07258RF78,A1SMZEZO08MXHN
B0716KPBPJ,A1SMZEZO08MXHN
B06XR7P9TL,A1SMZEZO08MXHN
B06X1F97JK,A1SMZEZO08MXHN
B01M7Z2SXP,A1SMZEZO08MXHN
B01M17PHO4,A1SMZEZO08MXHN
B01J2RCYW8,A1SMZEZO08MXHN
B01HSLBJTY,A1SMZEZO08MXHN
B01HFJYEQE,A1SMZEZO08MXHN
B01FTXPDRC,A1SMZEZO08MXHN
B01E5U3YRQ,A1SMZEZO08MXHN
B00829HKFE,A1SMZEZO08MXHN
B005HTU46E,A1SMZEZO08MXHN
B0051X1GVI,A1SMZEZO08MXHN
B004RR66BY,A1SMZEZO08MXHN
B0019R7SPS,A1SMZEZO08MXHN
B000WQ1ZAQ,A1SMZEZO08MXHN
B000O3S72G,A1SMZEZO08MXHN
B0009X1JXA,A1SMZEZO08MXHN
B07CTPZ1PZ,A1SMZEZO08MXHN
B00Q0JF8OI,A1SMZEZO08MXHN
B0DGC7WJCB,A1SMZEZO08MXHN
B0CF6ZWZSN,A1SMZEZO08MXHN
B06XYDX7HH,A1SMZEZO08MXHN
B01N4B7C9X,A1SMZEZO08MXHN
B01DWQXFB4,A1SMZEZO08MXHN
B01DVTKJKC,A1SMZEZO08MXHN
B01DO109R0,A1SMZEZO08MXHN
B01B5D740O,A1SMZEZO08MXHN
B01884OU8C,A1SMZEZO08MXHN
B017VJD4A0,A1SMZEZO08MXHN
B011YV92GQ,A1SMZEZO08MXHN
B011VTB4X0,A1SMZEZO08MXHN
B010OO9TTO,A1SMZEZO08MXHN
B010L0TALI,A1SMZEZO08MXHN
B00YW8USKI,A1SMZEZO08MXHN
B00PEI7RSQ,A1SMZEZO08MXHN
B00L1J0BE4,A1SMZEZO08MXHN
B00JJ18XIM,A1SMZEZO08MXHN
B00FHSYR4A,A1SMZEZO08MXHN
B008HU8VGK,A1SMZEZO08MXHN
B0DK55LXJT,A1SMZEZO08MXHN
B0DDPV64JY,A1SMZEZO08MXHN
B0DCSFYLSC,A1SMZEZO08MXHN
B0DCSD49HL,A1SMZEZO08MXHN
B0DCNX5M45,A1SMZEZO08MXHN
B0DBG7SFGR,A1SMZEZO08MXHN
B0DB5XV1PK,A1SMZEZO08MXHN
B0D97WCYRN,A1SMZEZO08MXHN
B0D8W91RY5,A1SMZEZO08MXHN
B0D8TCF5JS,A1SMZEZO08MXHN
B0D8T5TL81,A1SMZEZO08MXHN
B0D8Q8946S,A1SMZEZO08MXHN
B0D7V615WP,A1SMZEZO08MXHN
B0D6CZ1YGL,A1SMZEZO08MXHN
B0D65CHNPZ,A1SMZEZO08MXHN
B0D5Y6FDND,A1SMZEZO08MXHN
B0D5M95BTV,A1SMZEZO08MXHN
B0D5FS5R5G,A1SMZEZO08MXHN
B0D4H33L4J,A1SMZEZO08MXHN
B0D48K7TSL,A1SMZEZO08MXHN
B0D3V89K8W,A1SMZEZO08MXHN
B0D2RCM6C9,A1SMZEZO08MXHN
B0D2H4BLGD,A1SMZEZO08MXHN
B0CZRQYF6Y,A1SMZEZO08MXHN
B0CZ927D8B,A1SMZEZO08MXHN
B0CZ7BC6DX,A1SMZEZO08MXHN
B0CZ57PB3S,A1SMZEZO08MXHN
B0CXM9S57L,A1SMZEZO08MXHN
B0CXBDKPM4,A1SMZEZO08MXHN
B0CWY2Z4TL,A1SMZEZO08MXHN
B0CWXS5D2W,A1SMZEZO08MXHN
B0CWV4QKS7,A1SMZEZO08MXHN
B0CW8W9S5W,A1SMZEZO08MXHN
B0CW382FGG,A1SMZEZO08MXHN
B0CTDWMGR4,A1SMZEZO08MXHN
B0CSPL83M3,A1SMZEZO08MXHN
B0CS9S61F7,A1SMZEZO08MXHN
B0CR7B8ZMR,A1SMZEZO08MXHN
B0CQBZ8R48,A1SMZEZO08MXHN
B0CPY149H9,A1SMZEZO08MXHN
B0CPS8HQ8N,A1SMZEZO08MXHN
B0CPLQ4DR3,A1SMZEZO08MXHN
B0CPJQ2HGN,A1SMZEZO08MXHN
B0CNTR3RP7,A1SMZEZO08MXHN
B0CNLSN9GH,A1SMZEZO08MXHN
B0CN8H47JQ,A1SMZEZO08MXHN
B0CN6HXWVQ,A1SMZEZO08MXHN
B0CMCT8KPB,A1SMZEZO08MXHN
B0C7W7V164,A1SMZEZO08MXHN
B0C68ZN7TQ,A1SMZEZO08MXHN
B0C62KQNLX,A1SMZEZO08MXHN
B0C56S8JQ4,A1SMZEZO08MXHN
B0C4LD8FP3,A1SMZEZO08MXHN
B0C3C1PJSR,A1SMZEZO08MXHN
B0C38S6MV8,A1SMZEZO08MXHN
B0C246GYGR,A1SMZEZO08MXHN
B0C23N222Y,A1SMZEZO08MXHN
B0C1BWKFSF,A1SMZEZO08MXHN
B0C16YQN4X,A1SMZEZO08MXHN
B0BZTVXRWJ,A1SMZEZO08MXHN
B0BZPJVTYM,A1SMZEZO08MXHN
B0BZ7DJS22,A1SMZEZO08MXHN
B0BYJNZ36X,A1SMZEZO08MXHN
B0BXHDQQFR,A1SMZEZO08MXHN
B0853F51PS,A1SMZEZO08MXHN
B07ZYZF1VH,A1SMZEZO08MXHN
B07QKNDZYG,A1SMZEZO08MXHN
B074CT4MCK,A1SMZEZO08MXHN
B06XT1V6XQ,A1SMZEZO08MXHN
B06XBQQFN4,A1SMZEZO08MXHN
B000N42J2U,A1SMZEZO08MXHN
B0D41GMK5R,A1SMZEZO08MXHN
B0DQKJLFQG,A1SMZEZO08MXHN
B0DQ66XQFD,A1SMZEZO08MXHN
B0DP6KRZRV,A1SMZEZO08MXHN
B0DLJVM7TF,A1SMZEZO08MXHN
B0DKSX6T9Q,A1SMZEZO08MXHN
B0DKNR4ZRZ,A1SMZEZO08MXHN
B0DKF68RRS,A1SMZEZO08MXHN
B0DKF5LMB4,A1SMZEZO08MXHN
B0BKS7M6Q5,A1SMZEZO08MXHN
B0BK2TMNN6,A1SMZEZO08MXHN
B0BJK11S4M,A1SMZEZO08MXHN
B0BJ7LV616,A1SMZEZO08MXHN
B0BFWVWFFW,A1SMZEZO08MXHN
B0BFQ99CGZ,A1SMZEZO08MXHN
B0BC8CJRGX,A1SMZEZO08MXHN
B0B9GP35WJ,A1SMZEZO08MXHN
B0B8VRRHWY,A1SMZEZO08MXHN
B0B7WQCKRD,A1SMZEZO08MXHN
B0B745PL1K,A1SMZEZO08MXHN
B0B6SPQFMH,A1SMZEZO08MXHN
B0B5QFS8LS,A1SMZEZO08MXHN
B0B5GN7NK9,A1SMZEZO08MXHN
B0B49YQ8QJ,A1SMZEZO08MXHN
B0B41TWKSV,A1SMZEZO08MXHN
B0CM3LFC69,A1SMZEZO08MXHN
B0CLYS1JZT,A1SMZEZO08MXHN
B0CLNWGZP5,A1SMZEZO08MXHN
B0CJR9NNJ6,A1SMZEZO08MXHN
B0CHN2K9FZ,A1SMZEZO08MXHN
B0CHM3V9WB,A1SMZEZO08MXHN
B0CHF4MB2M,A1SMZEZO08MXHN
B0CG945MS9,A1SMZEZO08MXHN
B0CG854V5K,A1SMZEZO08MXHN
B0CD7FKWBC,A1SMZEZO08MXHN
B0CD5ZBN23,A1SMZEZO08MXHN
B0CC935J67,A1SMZEZO08MXHN
B0CB7N4SPJ,A1SMZEZO08MXHN
B0CB5YRXJZ,A1SMZEZO08MXHN
B0C99BF7FH,A1SMZEZO08MXHN
B0C96VK1HT,A1SMZEZO08MXHN
B0B3XNDJ44,A1SMZEZO08MXHN
B0B3XDY2DN,A1SMZEZO08MXHN
B0B11R4XYW,A1SMZEZO08MXHN
B09ZP8KKF3,A1SMZEZO08MXHN
B09YN7KKQ3,A1SMZEZO08MXHN
B09Y88KBR8,A1SMZEZO08MXHN
B09XR4MYB6,A1SMZEZO08MXHN
B09XQQGPTC,A1SMZEZO08MXHN
B09WZ2C8F7,A1SMZEZO08MXHN
B09W2BVZBH,A1SMZEZO08MXHN
B09RZPR28G,A1SMZEZO08MXHN
B09RZMZMVB,A1SMZEZO08MXHN
B09RN92GM6,A1SMZEZO08MXHN
B09R7XPPJ2,A1SMZEZO08MXHN
B09Q8TKJ6J,A1SMZEZO08MXHN
B09MDYV7ST,A1SMZEZO08MXHN
B0BTPNDLFD,A1SMZEZO08MXHN
B0BTHW6DH8,A1SMZEZO08MXHN
B0BS6Q6HMS,A1SMZEZO08MXHN
B0BRLFB25M,A1SMZEZO08MXHN
B0BR4389XP,A1SMZEZO08MXHN
B0BR43486X,A1SMZEZO08MXHN
B0BR41RKRD,A1SMZEZO08MXHN
B0BR3RCM9C,A1SMZEZO08MXHN
B0BPX3CW2G,A1SMZEZO08MXHN
B0BP1LPCD7,A1SMZEZO08MXHN
B0BP1JD9TK,A1SMZEZO08MXHN
B0BN9Z2ZL2,A1SMZEZO08MXHN
B0BN9GNT89,A1SMZEZO08MXHN
B0BN8ZRNDX,A1SMZEZO08MXHN
B0BMXT7P2P,A1SMZEZO08MXHN
B0BKW3JVWT,A1SMZEZO08MXHN
B09KPP6WYB,A1SMZEZO08MXHN
B09HR9FSPX,A1SMZEZO08MXHN
B09GY8YVR2,A1SMZEZO08MXHN
B09FHXPP1L,A1SMZEZO08MXHN
B09DPJGRPG,A1SMZEZO08MXHN
B09D7NCHSZ,A1SMZEZO08MXHN
B09BL5QD5S,A1SMZEZO08MXHN
B099K7K78W,A1SMZEZO08MXHN
B09926QM4W,A1SMZEZO08MXHN
B096S4R6PW,A1SMZEZO08MXHN
B096S42FY4,A1SMZEZO08MXHN
B095C1JLJT,A1SMZEZO08MXHN
B093LJJ3W2,A1SMZEZO08MXHN
B092VTMR2X,A1SMZEZO08MXHN
B092SX845V,A1SMZEZO08MXHN
B08ZRVSJCH,A1SMZEZO08MXHN
B08DR5P1ZW,A1SMZEZO08MXHN
B08CRHMFSR,A1SMZEZO08MXHN
B08BTHWWL2,A1SMZEZO08MXHN
B089DNBC83,A1SMZEZO08MXHN
B088ZD563P,A1SMZEZO08MXHN
B088YMY8GH,A1SMZEZO08MXHN
B088MKTRLZ,A1SMZEZO08MXHN
B086Q94KWX,A1SMZEZO08MXHN
B086MR9F1W,A1SMZEZO08MXHN
B086BRXMSW,A1SMZEZO08MXHN
B084BR3ZR3,A1SMZEZO08MXHN
B083M1RHDH,A1SMZEZO08MXHN
B083531QFB,A1SMZEZO08MXHN
B0824YD5CR,A1SMZEZO08MXHN
B0814CQL48,A1SMZEZO08MXHN
B07ZK2HZPX,A1SMZEZO08MXHN
B07Y3QY99P,A1SMZEZO08MXHN
B07WDHN3JW,A1SMZEZO08MXHN
B07TN1S3KQ,A1SMZEZO08MXHN
B07S1QBYFW,A1SMZEZO08MXHN
B07QZRFY74,A1SMZEZO08MXHN
B07QB4GPD1,A1SMZEZO08MXHN
B07QB2T57H,A1SMZEZO08MXHN
B07PRQ3RWL,A1SMZEZO08MXHN
B07MJHZX1Z,A1SMZEZO08MXHN
B07M9LFFS8,A1SMZEZO08MXHN
B07L8G7MJY,A1SMZEZO08MXHN
B07L6SJ8ZM,A1SMZEZO08MXHN
B07JYNNQXJ,A1SMZEZO08MXHN
B07JCQLD3R,A1SMZEZO08MXHN
B07GGC1Y8G,A1SMZEZO08MXHN
B07G8FCPHZ,A1SMZEZO08MXHN
B00BWUMP50,A1SMZEZO08MXHN
B00BMR4344,A1SMZEZO08MXHN
B00ASP3YZK,A1SMZEZO08MXHN
B00823JFM6,A1SMZEZO08MXHN
B007NNY13O,A1SMZEZO08MXHN
B0074SOBAG,A1SMZEZO08MXHN
B005MYWUM0,A1SMZEZO08MXHN
B005JT213G,A1SMZEZO08MXHN
B005IR6H5M,A1SMZEZO08MXHN
B0033S6UXW,A1SMZEZO08MXHN
B001ASY37W,A1SMZEZO08MXHN
B000P4QLEA,A1SMZEZO08MXHN
B000HI48KI,A1SMZEZO08MXHN
B000CONYN4,A1SMZEZO08MXHN
B0CXPGV9W8,A1SMZEZO08MXHN
B0BNBYHHZW,A1SMZEZO08MXHN
B06XWKCQP7,A1SMZEZO08MXHN
B01N0AOOJO,A1SMZEZO08MXHN
B01J6V3A0K,A1SMZEZO08MXHN
B01H8IKE02,A1SMZEZO08MXHN
B01BVYTY5U,A1SMZEZO08MXHN
B01AMF689O,A1SMZEZO08MXHN
B0165PJBYE,A1SMZEZO08MXHN
B014X2SXY0,A1SMZEZO08MXHN
B00WOIBT74,A1SMZEZO08MXHN
B00QM4KSAA,A1SMZEZO08MXHN
B00OQEJNCM,A1SMZEZO08MXHN
B00NFESZDC,A1SMZEZO08MXHN
B00LEL5O7I,A1SMZEZO08MXHN
B00KTEW0Z0,A1SMZEZO08MXHN
B00FEOL8ZS,A1SMZEZO08MXHN
B00CONJ0H0,A1SMZEZO08MXHN
B08XNP4RCX,A1SMZEZO08MXHN
B08X65WB7W,A1SMZEZO08MXHN
B08WYDP3BV,A1SMZEZO08MXHN
B08WRF482B,A1SMZEZO08MXHN
B08V1PB86S,A1SMZEZO08MXHN
B08TGVCVQH,A1SMZEZO08MXHN
B08SQ9P1S3,A1SMZEZO08MXHN
B08PYFBSPG,A1SMZEZO08MXHN
B08L1MQ6HJ,A1SMZEZO08MXHN
B08KRHY82G,A1SMZEZO08MXHN
B08JM7HVL7,A1SMZEZO08MXHN
B08HMT6RYQ,A1SMZEZO08MXHN
B08GY9RPFX,A1SMZEZO08MXHN
B08GSD24J1,A1SMZEZO08MXHN
B08FTKC58X,A1SMZEZO08MXHN
B08FHBB4N6,A1SMZEZO08MXHN
B07G3J6294,A1SMZEZO08MXHN
B07FXVJYZR,A1SMZEZO08MXHN
B07FRY9KXL,A1SMZEZO08MXHN
B07F2C5PRJ,A1SMZEZO08MXHN
B07D18QW1F,A1SMZEZO08MXHN
B07BWWNDF9,A1SMZEZO08MXHN
B0797GYQWD,A1SMZEZO08MXHN
B0777QR8HC,A1SMZEZO08MXHN
B07679W986,A1SMZEZO08MXHN
B076447BF7,A1SMZEZO08MXHN
B075F9Q2CC,A1SMZEZO08MXHN
B07575J673,A1SMZEZO08MXHN
B074XG2TN2,A1SMZEZO08MXHN
B071LBXGCH,A1SMZEZO08MXHN
B0716HGWX2,A1SMZEZO08MXHN
B06Y9265T1,A1SMZEZO08MXHN
B09ZQ7B5N2,A1SMZEZO08MXHN
B08ZDT67PK,A1SMZEZO08MXHN
B07Z9GZ7WJ,A1SMZEZO08MXHN
B008BKVDN4,A1SMZEZO08MXHN
B084SWVQNV,A1SMZEZO08MXHN
B09V3K1RXZ,A1SMZEZO08MXHN
B07NP2G153,A1SMZEZO08MXHN
B07BT4SKMY,A1SMZEZO08MXHN
B0BTBRQNH8,A1SMZEZO08MXHN
B08CKLBV2D,A1SMZEZO08MXHN
B0000AYF94,A1SMZEZO08MXHN
B09Y88ZDDK,A1SMZEZO08MXHN
B0772WD4N3,A1SMZEZO08MXHN
B0C4Y5TMB2,A1SMZEZO08MXHN
B0BLNQXV1P,A1SMZEZO08MXHN
B09Z2MX8LS,A1SMZEZO08MXHN
B01FWKK81I,A1SMZEZO08MXHN
B0C3GT9ST5,A1SMZEZO08MXHN
B0BSRHRGGX,A1SMZEZO08MXHN
B0836WQW87,A1SMZEZO08MXHN
B07657M3SP,A1SMZEZO08MXHN
B071G8VT3S,A1SMZEZO08MXHN
B0DRHW54BK,A1SMZEZO08MXHN
B0DNFFJ1NY,A1SMZEZO08MXHN
B0DHZ7D2RD,A1SMZEZO08MXHN
B0DG5K2S8T,A1SMZEZO08MXHN
B0B1GT971C,A1SMZEZO08MXHN
B093HBT6QR,A1SMZEZO08MXHN
B08X1FSVBW,A1SMZEZO08MXHN
B000RFGYYO,A1SMZEZO08MXHN
B000W4H66U,A1SMZEZO08MXHN
B0CZLCLBYD,A1SMZEZO08MXHN
B0D5M98QSV,A1SMZEZO08MXHN
B0039XUBTU,A1SMZEZO08MXHN
B00NL7X5OW,A1SMZEZO08MXHN
B0BRN9MGZK,A1SMZEZO08MXHN
B09VP9H6VK,A1SMZEZO08MXHN
B09RWP66GH,A1SMZEZO08MXHN
B08JPDF8MG,A1SMZEZO08MXHN
B01EGOSXLS,A1SMZEZO08MXHN
B0DNFH923R,A1SMZEZO08MXHN
B0DH38S2BM,A1SMZEZO08MXHN
B09Q1L7MNW,A1SMZEZO08MXHN
B0DLW2KJ37,A1SMZEZO08MXHN
B0CF9Q86LT,A1SMZEZO08MXHN
B0CB1YFQ7C,A1SMZEZO08MXHN
B0C6DSL2H2,A1SMZEZO08MXHN
B0BZYK4ZD2,A1SMZEZO08MXHN
B0BZWWQ4DQ,A1SMZEZO08MXHN
B0BHW1YS2L,A1SMZEZO08MXHN
B096LF1GFR,A1SMZEZO08MXHN
B08YNYPX97,A1SMZEZO08MXHN
B08CGNRCKK,A1SMZEZO08MXHN
B087BHV36T,A1SMZEZO08MXHN
B07CVB65PD,A1SMZEZO08MXHN
B07C7MCH4B,A1SMZEZO08MXHN
B00QER8EWE,A1SMZEZO08MXHN
B00LO0F0LO,A1SMZEZO08MXHN
B00C0DXPZC,A1SMZEZO08MXHN
B0028RXZ1Y,A1SMZEZO08MXHN
B09CH25NJG,A1SMZEZO08MXHN
B09P2WRKMN,A1SMZEZO08MXHN
B0BS13K4Y5,A1SMZEZO08MXHN
B019EXFBSY,A1SMZEZO08MXHN
B0DKCMZKCB,A1SMZEZO08MXHN
B0DK5YXRT4,A1SMZEZO08MXHN
B0DJ8LFQPV,A1SMZEZO08MXHN
B0DHZR3H85,A1SMZEZO08MXHN
B0DFB9P55W,A1SMZEZO08MXHN
B0DCVQSQ4F,A1SMZEZO08MXHN
B0D94BDKCP,A1SMZEZO08MXHN
B0D4C7VM9M,A1SMZEZO08MXHN
B0D2HF55MZ,A1SMZEZO08MXHN
B0CSYSKX7Y,A1SMZEZO08MXHN
B08H4K5GWY,A1SMZEZO08MXHN
B09MG29154,A1SMZEZO08MXHN
B08TX344C3,A1SMZEZO08MXHN
B01FVTY1FO,A1SMZEZO08MXHN
B0CGV36T8J,A1SMZEZO08MXHN
B0BYCST1YC,A1SMZEZO08MXHN
B095V7X5WS,A1SMZEZO08MXHN
B095H7FG4F,A1SMZEZO08MXHN
B095BQKJY6,A1SMZEZO08MXHN
B0DM25XG7W,A1SMZEZO08MXHN
B0DLWCDS59,A1SMZEZO08MXHN
B0DKNY4VRX,A1SMZEZO08MXHN
B0C5M8CVVS,A1SMZEZO08MXHN
B0CSYVRVM3,A1SMZEZO08MXHN
B09C5VYX8Y,A1SMZEZO08MXHN
B08TV3KJ5Q,A1SMZEZO08MXHN
B0DLV2SGT2,A1SMZEZO08MXHN
B0DKX7Y8PG,A1SMZEZO08MXHN
B0DHVNKHTX,A1SMZEZO08MXHN
B0DHRS5HXW,A1SMZEZO08MXHN
B0DHGKY9GD,A1SMZEZO08MXHN
B0DGPMG6QV,A1SMZEZO08MXHN
B0DGG8FYML,A1SMZEZO08MXHN
B0DG9C1QR2,A1SMZEZO08MXHN
B0DFYJ495G,A1SMZEZO08MXHN
B0DFCKCTLT,A1SMZEZO08MXHN
B0DF1XQ3KP,A1SMZEZO08MXHN
B0DC9TLNQB,A1SMZEZO08MXHN
B0DB26Q114,A1SMZEZO08MXHN
B0D9LTPDX6,A1SMZEZO08MXHN
B0D93PCBKC,A1SMZEZO08MXHN
B0D93MQJ6F,A1SMZEZO08MXHN
B0D8YG4S3P,A1SMZEZO08MXHN
B0D6FGDSYC,A1SMZEZO08MXHN
B0D63DJG51,A1SMZEZO08MXHN
B0D54YGPZW,A1SMZEZO08MXHN
B0D48PVMKT,A1SMZEZO08MXHN
B0D45T3L76,A1SMZEZO08MXHN
B0D41MWNPT,A1SMZEZO08MXHN
B0D3X6QMBG,A1SMZEZO08MXHN
B0D37NMJ6C,A1SMZEZO08MXHN
B0D2XRBZKJ,A1SMZEZO08MXHN
B0D2V7LQ8S,A1SMZEZO08MXHN
B0D2QJD7ZP,A1SMZEZO08MXHN
B0D2D6R9W8,A1SMZEZO08MXHN
B0D22JH2LT,A1SMZEZO08MXHN
B0D1K83SDJ,A1SMZEZO08MXHN
B0D1BC1TK5,A1SMZEZO08MXHN
B0CZ6RG3ZY,A1SMZEZO08MXHN
B0CYXRXVLH,A1SMZEZO08MXHN
B0CYHKXM6N,A1SMZEZO08MXHN
B0CYBS8DT3,A1SMZEZO08MXHN
B0CXGYHSYL,A1SMZEZO08MXHN
B0CWSMSVRT,A1SMZEZO08MXHN
B0CWNLG577,A1SMZEZO08MXHN
B0CVPNQ35F,A1SMZEZO08MXHN
B0CTG2H24R,A1SMZEZO08MXHN
B0CT8VQ339,A1SMZEZO08MXHN
B0CT4R1D2B,A1SMZEZO08MXHN
B0CSD8DGT5,A1SMZEZO08MXHN
B0CRRSPLW1,A1SMZEZO08MXHN
B0CR33BMHW,A1SMZEZO08MXHN
B0CR2XXYK3,A1SMZEZO08MXHN
B0CQS5LNT5,A1SMZEZO08MXHN
B0CHQLJLC4,A1SMZEZO08MXHN
B0CH81LCDD,A1SMZEZO08MXHN
B0CG8XXCBR,A1SMZEZO08MXHN
B0CFV4FW34,A1SMZEZO08MXHN
B0CF9Y9CQN,A1SMZEZO08MXHN
B0CDS371B6,A1SMZEZO08MXHN
B0CDR3V3GY,A1SMZEZO08MXHN
B0CD1NVSXF,A1SMZEZO08MXHN
B0CCY2QZ5J,A1SMZEZO08MXHN
B0CCRRS1XP,A1SMZEZO08MXHN
B0CCR7FJYF,A1SMZEZO08MXHN
B0CBPRZ1J2,A1SMZEZO08MXHN
B0C9ZXBFXV,A1SMZEZO08MXHN
B0C9M1H89K,A1SMZEZO08MXHN
B0C9M1GJ7D,A1SMZEZO08MXHN
B0C9LSKN4Z,A1SMZEZO08MXHN
B0CQNSX8Z4,A1SMZEZO08MXHN
B0CQJVYKKM,A1SMZEZO08MXHN
B0CPLTB8KF,A1SMZEZO08MXHN
B0CPDW8G32,A1SMZEZO08MXHN
B0CP8G1MLR,A1SMZEZO08MXHN
B0CNKJ6C87,A1SMZEZO08MXHN
B0CNK45LCP,A1SMZEZO08MXHN
B0CMWKPNT7,A1SMZEZO08MXHN
B0CLXYM8WD,A1SMZEZO08MXHN
B0CLDJ3ZN2,A1SMZEZO08MXHN
B0CKYLFV1L,A1SMZEZO08MXHN
B0CJNGNJVM,A1SMZEZO08MXHN
B0CJM2Z6XT,A1SMZEZO08MXHN
B0CJHR9V38,A1SMZEZO08MXHN
B0CJ9YFX1N,A1SMZEZO08MXHN
B0CJ8RFMZL,A1SMZEZO08MXHN
B0C9JL9JYM,A1SMZEZO08MXHN
B0C9F75N5X,A1SMZEZO08MXHN
B0C7WPT2CY,A1SMZEZO08MXHN
B0C7VNY4SS,A1SMZEZO08MXHN
B0C7QH39LT,A1SMZEZO08MXHN
B0C7MK4WJ5,A1SMZEZO08MXHN
B0C7KQLDT7,A1SMZEZO08MXHN
B0C77MCSXX,A1SMZEZO08MXHN
B0C728YR7X,A1SMZEZO08MXHN
B0C6SSNYZT,A1SMZEZO08MXHN
B0C6LZ6GDW,A1SMZEZO08MXHN
B0C6GP2DTW,A1SMZEZO08MXHN
B0C6D344B9,A1SMZEZO08MXHN
B0C4TM8Z8L,A1SMZEZO08MXHN
B0C3YS2VKR,A1SMZEZO08MXHN
B0C3J7TW15,A1SMZEZO08MXHN
B0C38T7YR1,A1SMZEZO08MXHN
B0C2PFSQ18,A1SMZEZO08MXHN
B0C2L2ZG59,A1SMZEZO08MXHN
B0C2CDW51S,A1SMZEZO08MXHN
B0C2BKBHY5,A1SMZEZO08MXHN
B0C1BVJT36,A1SMZEZO08MXHN
B0C15RYXCB,A1SMZEZO08MXHN
B0BZWWKCKP,A1SMZEZO08MXHN
B0BZPJ9BDW,A1SMZEZO08MXHN
B0BZNKFVQC,A1SMZEZO08MXHN
B0BYDX35CK,A1SMZEZO08MXHN
B0BXFK35SY,A1SMZEZO08MXHN
B0BWJFRFPG,A1SMZEZO08MXHN
B0BVDRTYG6,A1SMZEZO08MXHN
B0BTTMD896,A1SMZEZO08MXHN
B0BS9FYXXD,A1SMZEZO08MXHN
B0BS67D54X,A1SMZEZO08MXHN
B0BS2M6NPF,A1SMZEZO08MXHN
B0BRF8TSGM,A1SMZEZO08MXHN
B0BRCZLSBW,A1SMZEZO08MXHN
B0BR5WYVTP,A1SMZEZO08MXHN
B0BQXR2M39,A1SMZEZO08MXHN
B0BQ9WHKVJ,A1SMZEZO08MXHN
B0BN7CHSVZ,A1SMZEZO08MXHN
B0BMQ2S1GV,A1SMZEZO08MXHN
B0BMLQXBXS,A1SMZEZO08MXHN
B0BM3JPX96,A1SMZEZO08MXHN
B0BLCJF3JJ,A1SMZEZO08MXHN
B0BGGB64S2,A1SMZEZO08MXHN
B0BFFY1ZGF,A1SMZEZO08MXHN
B0BDV6PN5F,A1SMZEZO08MXHN
B0BB7JVLRS,A1SMZEZO08MXHN
B094ZQWFQ2,A1SMZEZO08MXHN
B093DWBD8T,A1SMZEZO08MXHN
B091Q54ZM4,A1SMZEZO08MXHN
B091GYGTGM,A1SMZEZO08MXHN
B0919JVRHY,A1SMZEZO08MXHN
B08YR66M44,A1SMZEZO08MXHN
B08XZ8KFR4,A1SMZEZO08MXHN
B08XWC5M1X,A1SMZEZO08MXHN
B08WWTS9FJ,A1SMZEZO08MXHN
B08TVF6NV9,A1SMZEZO08MXHN
B08TM4YBZD,A1SMZEZO08MXHN
B08SPXY8HF,A1SMZEZO08MXHN
B08SHZWGQL,A1SMZEZO08MXHN
B08QZXVP1L,A1SMZEZO08MXHN
B08QYWJWCH,A1SMZEZO08MXHN
B08QRCFZTD,A1SMZEZO08MXHN
B0B9S5V277,A1SMZEZO08MXHN
B0B9NCMTJZ,A1SMZEZO08MXHN
B0B45YQ11Z,A1SMZEZO08MXHN
B0B3QWHXPN,A1SMZEZO08MXHN
B0B216T4Z9,A1SMZEZO08MXHN
B0B185T158,A1SMZEZO08MXHN
B09ZQQQ843,A1SMZEZO08MXHN
B09ZLB2DTY,A1SMZEZO08MXHN
B09XXN3856,A1SMZEZO08MXHN
B09XN4PW2F,A1SMZEZO08MXHN
B09XF5GYVC,A1SMZEZO08MXHN
B09V4GSM23,A1SMZEZO08MXHN
B09Q65K6Z8,A1SMZEZO08MXHN
B09Q2XKWQD,A1SMZEZO08MXHN
B09PDGLMJH,A1SMZEZO08MXHN
B09P3PZC2K,A1SMZEZO08MXHN
B08PY6HDPV,A1SMZEZO08MXHN
B08NCGGRYD,A1SMZEZO08MXHN
B08KYD4P17,A1SMZEZO08MXHN
B08KVW6G59,A1SMZEZO08MXHN
B08KHRYFFK,A1SMZEZO08MXHN
B08K8TZM7S,A1SMZEZO08MXHN
B08J2L3LWJ,A1SMZEZO08MXHN
B08HZ22FLY,A1SMZEZO08MXHN
B08GVSVWVM,A1SMZEZO08MXHN
B08F5FG1MR,A1SMZEZO08MXHN
B08DKPRPQV,A1SMZEZO08MXHN
B08D6RZCSG,A1SMZEZO08MXHN
B08D353TSM,A1SMZEZO08MXHN
B08CKKDQDZ,A1SMZEZO08MXHN
B08C5NDW6G,A1SMZEZO08MXHN
B087JHGLXF,A1SMZEZO08MXHN
B09NVGCQTR,A1SMZEZO08MXHN
B09L3WC38H,A1SMZEZO08MXHN
B09KLBSWSH,A1SMZEZO08MXHN
B09KC2PTPW,A1SMZEZO08MXHN
B09JS1SLCC,A1SMZEZO08MXHN
B09HBZZQ6L,A1SMZEZO08MXHN
B09GH6968T,A1SMZEZO08MXHN
B09GCFMM1V,A1SMZEZO08MXHN
B09FCHLTL9,A1SMZEZO08MXHN
B09BF9N371,A1SMZEZO08MXHN
B09B3Q6WGL,A1SMZEZO08MXHN
B09B1Z8CXN,A1SMZEZO08MXHN
B099RPW8XC,A1SMZEZO08MXHN
B098F15L9H,A1SMZEZO08MXHN
B097R9L1PY,A1SMZEZO08MXHN
B095SDB881,A1SMZEZO08MXHN
B07R5NZG6D,A1SMZEZO08MXHN
B07QKD86N4,A1SMZEZO08MXHN
B07QH6CD31,A1SMZEZO08MXHN
B07PZ8XGWW,A1SMZEZO08MXHN
B07PT9K1S3,A1SMZEZO08MXHN
B07PM6FPKR,A1SMZEZO08MXHN
B07PBV2133,A1SMZEZO08MXHN
B07NQV9QD6,A1SMZEZO08MXHN
B07NJFBJ2S,A1SMZEZO08MXHN
B07MXNZ4HY,A1SMZEZO08MXHN
B07M8D9T9Z,A1SMZEZO08MXHN
B07LGPRTS9,A1SMZEZO08MXHN
B07KRNZV1M,A1SMZEZO08MXHN
B07K9MRS2Z,A1SMZEZO08MXHN
B07JX8PPFR,A1SMZEZO08MXHN
B07J9P9KN5,A1SMZEZO08MXHN
B08774NQ47,A1SMZEZO08MXHN
B0875YBK5M,A1SMZEZO08MXHN
B086BZRWN2,A1SMZEZO08MXHN
B0859L2YJK,A1SMZEZO08MXHN
B0853F7KF9,A1SMZEZO08MXHN
B084ZFXHVH,A1SMZEZO08MXHN
B083HMZWW3,A1SMZEZO08MXHN
B07ZYZC9JQ,A1SMZEZO08MXHN
B07ZPHQ49X,A1SMZEZO08MXHN
B07YBPQZPJ,A1SMZEZO08MXHN
B07XCFY3S5,A1SMZEZO08MXHN
B07WZK4TJ3,A1SMZEZO08MXHN
B07TLLRYQL,A1SMZEZO08MXHN
B07TGJWXFC,A1SMZEZO08MXHN
B07SRC724L,A1SMZEZO08MXHN
B07S4XTDCH,A1SMZEZO08MXHN
B01E0HWN0I,A1SMZEZO08MXHN
B01851LJO6,A1SMZEZO08MXHN
B014SJ2ERU,A1SMZEZO08MXHN
B00VC4P9JU,A1SMZEZO08MXHN
B00UYC59P0,A1SMZEZO08MXHN
B00HWNT0CW,A1SMZEZO08MXHN
B00CWDKSJ6,A1SMZEZO08MXHN
B0070VDJ14,A1SMZEZO08MXHN
B004XZGKHA,A1SMZEZO08MXHN
B000BAXOVQ,A1SMZEZO08MXHN
B000A33H66,A1SMZEZO08MXHN
B0BX36NPHK,A1SMZEZO08MXHN
B081NPNFZT,A1SMZEZO08MXHN
B07CKT8TW5,A1SMZEZO08MXHN
B01HSIWJ2I,A1SMZEZO08MXHN
B078PBS1YK,A1SMZEZO08MXHN
B0DHVJ8WK7,A1SMZEZO08MXHN
B0CBPMLBJ9,A1SMZEZO08MXHN
B07Z4Y6GYL,A1SMZEZO08MXHN
B001M5GQXC,A1SMZEZO08MXHN
B0D472GG3X,A1SMZEZO08MXHN
B084DFR3SZ,A1SMZEZO08MXHN
B0DCG3GW26,A1SMZEZO08MXHN
B0D7QVSDG3,A1SMZEZO08MXHN
B0D48R22J6,A1SMZEZO08MXHN
B0D2KJLZSJ,A1SMZEZO08MXHN
B0CXT3MLSG,A1SMZEZO08MXHN
B0CX83KNJ2,A1SMZEZO08MXHN
B0CS9GPWKY,A1SMZEZO08MXHN
B0CQ4FH881,A1SMZEZO08MXHN
B0CN9RV8XD,A1SMZEZO08MXHN
B0CHFVBM67,A1SMZEZO08MXHN
B0C6QDTZ9F,A1SMZEZO08MXHN
B0C5MCRQDS,A1SMZEZO08MXHN
B09QQBJW76,A1SMZEZO08MXHN
B0BWHBVH9X,A1SMZEZO08MXHN
B09X1433BD,A1SMZEZO08MXHN
B07J136DY5,A1SMZEZO08MXHN
B00DZKOX8M,A1SMZEZO08MXHN
B07X5Z5ZXM,A1SMZEZO08MXHN
B0DQTV2BXX,A1SMZEZO08MXHN
B0DKF6JXGJ,A1SMZEZO08MXHN
B0DKDWBZS4,A1SMZEZO08MXHN
B0DG935N7R,A1SMZEZO08MXHN
B0DG8FRNBL,A1SMZEZO08MXHN
B0DCG1GBM2,A1SMZEZO08MXHN
B0DBRHLZRF,A1SMZEZO08MXHN
B07H2T7QH7,A1SMZEZO08MXHN
B07GNLNYHC,A1SMZEZO08MXHN
B07G97XFKR,A1SMZEZO08MXHN
B07DXHXZZS,A1SMZEZO08MXHN
B07DM7MMPT,A1SMZEZO08MXHN
B07DG2BGXK,A1SMZEZO08MXHN
B07D7G16LY,A1SMZEZO08MXHN
B079TXNM27,A1SMZEZO08MXHN
B0796XWX2T,A1SMZEZO08MXHN
B07678TM4H,A1SMZEZO08MXHN
B0764ST174,A1SMZEZO08MXHN
B075MY9P8Z,A1SMZEZO08MXHN
B074MYZWRK,A1SMZEZO08MXHN
B06XXJCYDR,A1SMZEZO08MXHN
B01MTXPN0E,A1SMZEZO08MXHN
B01LWPZ5VU,A1SMZEZO08MXHN
B09XSP82YP,A1SMZEZO08MXHN
B0CHYC768F,A1SMZEZO08MXHN
B09LQY85DY,A1SMZEZO08MXHN
B08L837C6C,A1SMZEZO08MXHN
B08SQ2PZ1Y,A1SMZEZO08MXHN
B07KMN4KSZ,A1SMZEZO08MXHN
B0BK2WRGDK,A1SMZEZO08MXHN
B0BDRNSGQP,A1SMZEZO08MXHN
B003C1S0RO,A1SMZEZO08MXHN
B0DND6J5BL,A1SMZEZO08MXHN
B0DL9VTHNY,A1SMZEZO08MXHN
B0DKF6BBY2,A1SMZEZO08MXHN
B0DHNV6J2D,A1SMZEZO08MXHN
B0DDL6MV97,A1SMZEZO08MXHN
B0D9L7M7LX,A1SMZEZO08MXHN
B0D7C95F7V,A1SMZEZO08MXHN
B06XCN8435,A1SMZEZO08MXHN
B08J1D7ZWD,A1SMZEZO08MXHN
B0BV6CK3BM,A1SMZEZO08MXHN
B0DBTXB2VM,A1SMZEZO08MXHN
B0D9RHYLZN,A1SMZEZO08MXHN
B0D7Z99XXK,A1SMZEZO08MXHN
B0D5B2H5GZ,A1SMZEZO08MXHN
B0D4LRT82J,A1SMZEZO08MXHN
B0D31BXCDB,A1SMZEZO08MXHN
B0CWKX32TW,A1SMZEZO08MXHN
B0CTLMHHKG,A1SMZEZO08MXHN
B0CTHLM7HP,A1SMZEZO08MXHN
B0CSFJSBND,A1SMZEZO08MXHN
B0CRHKHRVZ,A1SMZEZO08MXHN
B0CRDPK4KV,A1SMZEZO08MXHN
B0CR9VNJXG,A1SMZEZO08MXHN
B0CPKXV46N,A1SMZEZO08MXHN
B0CNX8GZLJ,A1SMZEZO08MXHN
B0CNDFNS4V,A1SMZEZO08MXHN
B0CN6QRXWK,A1SMZEZO08MXHN
B0CM8MBMC8,A1SMZEZO08MXHN
B0CM33KFW2,A1SMZEZO08MXHN
B0CLRTRVVL,A1SMZEZO08MXHN
B0CKFHMF86,A1SMZEZO08MXHN
B0CJRBWWX6,A1SMZEZO08MXHN
B0CJDTCQZC,A1SMZEZO08MXHN
B0CH12GYXF,A1SMZEZO08MXHN
B0CFDTY58Z,A1SMZEZO08MXHN
B0CD2155RV,A1SMZEZO08MXHN
B0CCP72XWP,A1SMZEZO08MXHN
B0CBLN41CR,A1SMZEZO08MXHN
B0C8J237V3,A1SMZEZO08MXHN
B0C4P892Y6,A1SMZEZO08MXHN
B0C4C9JL5W,A1SMZEZO08MXHN
B0C3C3LVMK,A1SMZEZO08MXHN
B0C275YWMK,A1SMZEZO08MXHN
B0C23X4VJC,A1SMZEZO08MXHN
B0BYXMRPD1,A1SMZEZO08MXHN
B0BY1FXVLZ,A1SMZEZO08MXHN
B0BX95MWBX,A1SMZEZO08MXHN
B0BWQLPRPN,A1SMZEZO08MXHN
B0BT9L5GHX,A1SMZEZO08MXHN
B0BS9BX8VX,A1SMZEZO08MXHN
B0BS6CMD79,A1SMZEZO08MXHN
B0BR9ZWJJM,A1SMZEZO08MXHN
B0BNHNJBWM,A1SMZEZO08MXHN
B0BLBTJ7WB,A1SMZEZO08MXHN
B0BJ5Q6CQN,A1SMZEZO08MXHN
B0BJ1HTNRX,A1SMZEZO08MXHN
B0BHT9Q5TK,A1SMZEZO08MXHN
B0BGD7C8GK,A1SMZEZO08MXHN
B0BG3HLQ3M,A1SMZEZO08MXHN
B0BCV2T6LD,A1SMZEZO08MXHN
B0BBH1MKLJ,A1SMZEZO08MXHN
B0B73M6L4X,A1SMZEZO08MXHN
B0B71KSKPY,A1SMZEZO08MXHN
B0B5ZNJKRS,A1SMZEZO08MXHN
B09XXFYGXP,A1SMZEZO08MXHN
B09WCFGK4N,A1SMZEZO08MXHN
B09TRGP1CS,A1SMZEZO08MXHN
B09SWKF134,A1SMZEZO08MXHN
B09PH3FMJ3,A1SMZEZO08MXHN
B09PFVV61Y,A1SMZEZO08MXHN
B09MTHTNV2,A1SMZEZO08MXHN
B09MTG5QLR,A1SMZEZO08MXHN
B09MP7Q6C1,A1SMZEZO08MXHN
B09K3FYMRW,A1SMZEZO08MXHN
B07X328KCY,A1SMZEZO08MXHN
B07V9N6C9K,A1SMZEZO08MXHN
B07TWKQKPX,A1SMZEZO08MXHN
B07QYGRZ9H,A1SMZEZO08MXHN
B07QBN859T,A1SMZEZO08MXHN
B07PBX2DYM,A1SMZEZO08MXHN
B07NYNVHZY,A1SMZEZO08MXHN
B07NGJG6BT,A1SMZEZO08MXHN
B07MZJG3FC,A1SMZEZO08MXHN
B07MN8VWVC,A1SMZEZO08MXHN
B07MMG1T71,A1SMZEZO08MXHN
B07M5M8ZCG,A1SMZEZO08MXHN
B07L84G1XW,A1SMZEZO08MXHN
B07KY5RMJF,A1SMZEZO08MXHN
B07JNC1KKF,A1SMZEZO08MXHN
B07J2NJ964,A1SMZEZO08MXHN
B07HVVBNSW,A1SMZEZO08MXHN
B07GPFC4VJ,A1SMZEZO08MXHN
B07FJTZSVL,A1SMZEZO08MXHN
B07FD2SY1K,A1SMZEZO08MXHN
B07DN895WP,A1SMZEZO08MXHN
B07DHYW54G,A1SMZEZO08MXHN
B07CT4Y8PD,A1SMZEZO08MXHN
B077ZX5R6C,A1SMZEZO08MXHN
B07541WJM1,A1SMZEZO08MXHN
B071RD7P16,A1SMZEZO08MXHN
B06WLP4K74,A1SMZEZO08MXHN
B01MY47BIN,A1SMZEZO08MXHN
B01M0BIM8G,A1SMZEZO08MXHN
B01FKBE9BY,A1SMZEZO08MXHN
B01DAKG05A,A1SMZEZO08MXHN
B01BM02UMW,A1SMZEZO08MXHN
B09H6VFHGY,A1SMZEZO08MXHN
B09FKFMJKZ,A1SMZEZO08MXHN
B09FJV4B1P,A1SMZEZO08MXHN
B099N9LCZ7,A1SMZEZO08MXHN
B097H4VNNV,A1SMZEZO08MXHN
B095NRTSB9,A1SMZEZO08MXHN
B095L7HYYB,A1SMZEZO08MXHN
B094VTXX53,A1SMZEZO08MXHN
B091G8FNYD,A1SMZEZO08MXHN
B08T8HSN64,A1SMZEZO08MXHN
B08P9HHB6W,A1SMZEZO08MXHN
B08L9DYNYD,A1SMZEZO08MXHN
B08KJGZP75,A1SMZEZO08MXHN
B08K2Q9RCK,A1SMZEZO08MXHN
B083F7NGMX,A1SMZEZO08MXHN
B07X9LN4ZN,A1SMZEZO08MXHN
B018I9JFLE,A1SMZEZO08MXHN
B0169BJVJO,A1SMZEZO08MXHN
B0106BZI86,A1SMZEZO08MXHN
B00YJF1Y98,A1SMZEZO08MXHN
B00QVPU9FE,A1SMZEZO08MXHN
B00LGDYGSC,A1SMZEZO08MXHN
B00HNXSAAO,A1SMZEZO08MXHN
B00HDOYK5W,A1SMZEZO08MXHN
B00A3Z32MK,A1SMZEZO08MXHN
B008PKWD3O,A1SMZEZO08MXHN
B008PC1A0E,A1SMZEZO08MXHN
B005V9UYY2,A1SMZEZO08MXHN
B003UW5GL8,A1SMZEZO08MXHN
B002QUZJWG,A1SMZEZO08MXHN
B001DAGUPU,A1SMZEZO08MXHN
B0018N9Z72,A1SMZEZO08MXHN
B001447DRO,A1SMZEZO08MXHN
B000MVTLEI,A1SMZEZO08MXHN
B000LM0WIM,A1SMZEZO08MXHN
B000JQN7SC,A1SMZEZO08MXHN
B000I19AIE,A1SMZEZO08MXHN
B000C4RRQE,A1SMZEZO08MXHN
B0002YT7OY,A1SMZEZO08MXHN
B097T4DPF2,A1SMZEZO08MXHN
B07FDS3VCW,A1SMZEZO08MXHN
B00838IQOI,A1SMZEZO08MXHN
B0CYFQ68D9,A1SMZEZO08MXHN
B0CWP4BG4K,A1SMZEZO08MXHN
B0CW9M16CJ,A1SMZEZO08MXHN
B0CVX4GTCS,A1SMZEZO08MXHN
B0CTK91YXD,A1SMZEZO08MXHN
B0CSDKPJ61,A1SMZEZO08MXHN
B0CQ122J2Z,A1SMZEZO08MXHN
B0CPP78N8R,A1SMZEZO08MXHN
B0CPF3GX6X,A1SMZEZO08MXHN
B0CPBK5JTW,A1SMZEZO08MXHN
B0CNQQS66S,A1SMZEZO08MXHN
B0CNGK5WT2,A1SMZEZO08MXHN
B0CNBFSQDZ,A1SMZEZO08MXHN
B0CN9PZC84,A1SMZEZO08MXHN
B0CM7XXCQW,A1SMZEZO08MXHN
B0CLYGKGJD,A1SMZEZO08MXHN
B000COO0KA,A1SMZEZO08MXHN
B0DQD38CG6,A1SMZEZO08MXHN
B0DMD29P6L,A1SMZEZO08MXHN
B0DLV4F6W2,A1SMZEZO08MXHN
B0DKDZW6BB,A1SMZEZO08MXHN
B0DGRTG338,A1SMZEZO08MXHN
B0DF82C21K,A1SMZEZO08MXHN
B0DD44CCXV,A1SMZEZO08MXHN
B0DCZLDF6R,A1SMZEZO08MXHN
B0DCG5DTYG,A1SMZEZO08MXHN
B0D9F4N5RX,A1SMZEZO08MXHN
B0D97CM7X7,A1SMZEZO08MXHN
B0D73DH2JJ,A1SMZEZO08MXHN
B0D49H1LDM,A1SMZEZO08MXHN
B0D1R1NFYG,A1SMZEZO08MXHN
B0D14GL42Q,A1SMZEZO08MXHN
B0CLYFRJ8V,A1SMZEZO08MXHN
B0CLQWTBQ5,A1SMZEZO08MXHN
B0CLLVBPY9,A1SMZEZO08MXHN
B0CKW4GNLZ,A1SMZEZO08MXHN
B0CG9DKYNC,A1SMZEZO08MXHN
B0CG4NSVBK,A1SMZEZO08MXHN
B0CG19QSRP,A1SMZEZO08MXHN
B0CF5CCJPM,A1SMZEZO08MXHN
B0CCZZRGVQ,A1SMZEZO08MXHN
B0CCJY2XQ8,A1SMZEZO08MXHN
B0CB5TJTK5,A1SMZEZO08MXHN
B0C9F32C4Q,A1SMZEZO08MXHN
B0C8M9V5LT,A1SMZEZO08MXHN
B0C8M4HSPS,A1SMZEZO08MXHN
B0C74CX9Z5,A1SMZEZO08MXHN
B0C6TZBK9N,A1SMZEZO08MXHN
B0BSB42F9S,A1SMZEZO08MXHN
B0BRV9DZR1,A1SMZEZO08MXHN
B0BRCPS31B,A1SMZEZO08MXHN
B0BQ2L8FW7,A1SMZEZO08MXHN
B0BPS2NVFS,A1SMZEZO08MXHN
B0BNTDN5NW,A1SMZEZO08MXHN
B0BNMN3KFP,A1SMZEZO08MXHN
B0BNMLV9BM,A1SMZEZO08MXHN
B0BNL17S6Q,A1SMZEZO08MXHN
B0BN8FQKRJ,A1SMZEZO08MXHN
B0BMZ1F7Z3,A1SMZEZO08MXHN
B0BLSMV5V4,A1SMZEZO08MXHN
B0BLCCQGFC,A1SMZEZO08MXHN
B0BKTRD5NP,A1SMZEZO08MXHN
B0BJNXJ9HD,A1SMZEZO08MXHN
B0BFW9GTPD,A1SMZEZO08MXHN
B09TGNZPC4,A1SMZEZO08MXHN
B09T9H1DWH,A1SMZEZO08MXHN
B09SYZFST3,A1SMZEZO08MXHN
B09S6RZVNH,A1SMZEZO08MXHN
B09S3TD2R5,A1SMZEZO08MXHN
B09NW3JT7L,A1SMZEZO08MXHN
B09GG4B77B,A1SMZEZO08MXHN
B09G99CHK4,A1SMZEZO08MXHN
B09DXLFSRH,A1SMZEZO08MXHN
B09CYKTGT8,A1SMZEZO08MXHN
B09CQ42KPL,A1SMZEZO08MXHN
B09B38M9LB,A1SMZEZO08MXHN
B099RV7BW7,A1SMZEZO08MXHN
B097MPKJB5,A1SMZEZO08MXHN
B093FZV94G,A1SMZEZO08MXHN
B091HXFRFK,A1SMZEZO08MXHN
B0BCQ2GYLT,A1SMZEZO08MXHN
B0BCMBQBBG,A1SMZEZO08MXHN
B0BBWF8YQ9,A1SMZEZO08MXHN
B0BBMPHWVQ,A1SMZEZO08MXHN
B0B9SGJWJB,A1SMZEZO08MXHN
B0B94TFNMY,A1SMZEZO08MXHN
B0B8D6N5X9,A1SMZEZO08MXHN
B0B6JBVSKK,A1SMZEZO08MXHN
B0B418N5WJ,A1SMZEZO08MXHN
B0B3MRYQ82,A1SMZEZO08MXHN
B09Y1R3Z3S,A1SMZEZO08MXHN
B09Y1P2TJB,A1SMZEZO08MXHN
B09XF1ZWMJ,A1SMZEZO08MXHN
B09WSKN9S9,A1SMZEZO08MXHN
B09VH9B83Z,A1SMZEZO08MXHN
B09TTS8KND,A1SMZEZO08MXHN
B08CKZT99D,A1SMZEZO08MXHN
B08C2LMMF1,A1SMZEZO08MXHN
B08BB2GLL6,A1SMZEZO08MXHN
B089QC79CM,A1SMZEZO08MXHN
B0892PW93Q,A1SMZEZO08MXHN
B0881M1JGZ,A1SMZEZO08MXHN
B0864PLV2H,A1SMZEZO08MXHN
B085FQRZN6,A1SMZEZO08MXHN
B0855JZHYM,A1SMZEZO08MXHN
B082KXWSL3,A1SMZEZO08MXHN
B0821FDJVZ,A1SMZEZO08MXHN
B07ZX2DN75,A1SMZEZO08MXHN
B07YWM7CDS,A1SMZEZO08MXHN
B07X9VD73M,A1SMZEZO08MXHN
B07WN1P53C,A1SMZEZO08MXHN
B07RLRYTJT,A1SMZEZO08MXHN
B07QCSQL8R,A1SMZEZO08MXHN
B07Q5VN5DS,A1SMZEZO08MXHN
B07NPR9173,A1SMZEZO08MXHN
B07MKPNXV3,A1SMZEZO08MXHN
B07M8WSGDJ,A1SMZEZO08MXHN
B07M8NSVYM,A1SMZEZO08MXHN
B07KN1JWQ6,A1SMZEZO08MXHN
B07H44M4S4,A1SMZEZO08MXHN
B07DB4PJ9X,A1SMZEZO08MXHN
B07D7168SF,A1SMZEZO08MXHN
B07D13QYY5,A1SMZEZO08MXHN
B07BQN591C,A1SMZEZO08MXHN
B0797YHYCC,A1SMZEZO08MXHN
B078PQLHX4,A1SMZEZO08MXHN
B0756PVK5N,A1SMZEZO08MXHN
B073PWWFXK,A1SMZEZO08MXHN
B0711DH8K8,A1SMZEZO08MXHN
B06XPB5SJF,A1SMZEZO08MXHN
B01N3NEQXL,A1SMZEZO08MXHN
B01MZ68ADL,A1SMZEZO08MXHN
B01MRT5V1K,A1SMZEZO08MXHN
B01KFW316C,A1SMZEZO08MXHN
B01J9D6LJW,A1SMZEZO08MXHN
B01FX52770,A1SMZEZO08MXHN
B01FG34BA0,A1SMZEZO08MXHN
B01DQBSHF4,A1SMZEZO08MXHN
B01CRBVUTE,A1SMZEZO08MXHN
B018ZQR2CO,A1SMZEZO08MXHN
B016L3JLEK,A1SMZEZO08MXHN
B00PM33YQM,A1SMZEZO08MXHN
B00L5KMPCU,A1SMZEZO08MXHN
B00GYH1YJ4,A1SMZEZO08MXHN
B07G77GT1N,A1SMZEZO08MXHN
B000PHG4NK,A1SMZEZO08MXHN
B0BLMRMT5C,A1SMZEZO08MXHN
B00E8BROMO,A1SMZEZO08MXHN
B0089P4IFG,A1SMZEZO08MXHN
B007BH9BJG,A1SMZEZO08MXHN
B0064RWUAQ,A1SMZEZO08MXHN
B003ZTU2G0,A1SMZEZO08MXHN
B003NFJ87K,A1SMZEZO08MXHN
B002T44UGA,A1SMZEZO08MXHN
B002LARNPW,A1SMZEZO08MXHN
B001TZ92TK,A1SMZEZO08MXHN
B0018NBCHS,A1SMZEZO08MXHN
9189143884,A1SMZEZO08MXHN
B0CT2CL433,A1SMZEZO08MXHN
B0B2Z2P9NP,A1SMZEZO08MXHN
B07H9HYBNP,A1SMZEZO08MXHN
B07QRX48MZ,A1SMZEZO08MXHN
B08LXGWTK8,A1SMZEZO08MXHN
B0BJV2MD77,A1SMZEZO08MXHN
B06XXP823Q,A1SMZEZO08MXHN
B0C7Z9CFNB,A1SMZEZO08MXHN
B00O48EQS6,A1SMZEZO08MXHN
B08LZRHZ9Y,A1SMZEZO08MXHN
B09F715D2W,A1SMZEZO08MXHN
B0D1MXQFLR,A1SMZEZO08MXHN
B09W4GDFBF,A1SMZEZO08MXHN
B00BISHVAA,A1SMZEZO08MXHN
B0D8BBF9K5,A1SMZEZO08MXHN
B0C9TXW8FK,A1SMZEZO08MXHN
B09JHX22QD,A1SMZEZO08MXHN
B09G3D35ZC,A1SMZEZO08MXHN
B07LGLJ26N,A1SMZEZO08MXHN
B075HS3P93,A1SMZEZO08MXHN
B01MRTEXLX,A1SMZEZO08MXHN
B089LCPX7Z,A1SMZEZO08MXHN
1549240641,A1SMZEZO08MXHN
B0C4DP4YDM,A1SMZEZO08MXHN
B091C372L6,A1SMZEZO08MXHN
B07WTY2LZL,A1SMZEZO08MXHN
B0DKF6K8M4,A1SMZEZO08MXHN
B0DKF5JH8J,A1SMZEZO08MXHN
B0DK2YLF4X,A1SMZEZO08MXHN
B0C6R6CD5X,A1SMZEZO08MXHN
B0C6J5QYYJ,A1SMZEZO08MXHN
B0C696GK3R,A1SMZEZO08MXHN
B0C65DCY2R,A1SMZEZO08MXHN
B0C4H5CJLX,A1SMZEZO08MXHN
B0C4G6FJZM,A1SMZEZO08MXHN
B0C3VHR43B,A1SMZEZO08MXHN
B0C3CNBQQC,A1SMZEZO08MXHN
B0C1XBSTYZ,A1SMZEZO08MXHN
B0C1GTPKDQ,A1SMZEZO08MXHN
B0BZPB62D2,A1SMZEZO08MXHN
B0BX7JF8F4,A1SMZEZO08MXHN
B0BX6KNF9B,A1SMZEZO08MXHN
B0BW4LTZLK,A1SMZEZO08MXHN
B0BTM9T565,A1SMZEZO08MXHN
B0BSBDCFXM,A1SMZEZO08MXHN
B0916WS1YJ,A1SMZEZO08MXHN
B08ZHKFL6H,A1SMZEZO08MXHN
B08WJ4FXJ6,A1SMZEZO08MXHN
B08VDX5DD7,A1SMZEZO08MXHN
B08MLFQZQ6,A1SMZEZO08MXHN
B08LQ7GNZC,A1SMZEZO08MXHN
B08LKPWTWK,A1SMZEZO08MXHN
B08L8PYTH1,A1SMZEZO08MXHN
B08HFHWC63,A1SMZEZO08MXHN
B08HDD2VJW,A1SMZEZO08MXHN
B08H4BTF31,A1SMZEZO08MXHN
B08FB11RHX,A1SMZEZO08MXHN
B08F4WQX1Z,A1SMZEZO08MXHN
B08DLV4K1G,A1SMZEZO08MXHN
B08CXM9QJL,A1SMZEZO08MXHN
B08CV8ZXT4,A1SMZEZO08MXHN
B0CZNGD2DF,A1SMZEZO08MXHN
B0DFQ8J21Z,A1SMZEZO08MXHN
B0D9LRXN6W,A1SMZEZO08MXHN
B0CPJ9VYF1,A1SMZEZO08MXHN
B09Y8P3HXX,A1SMZEZO08MXHN
B09WB454F2,A1SMZEZO08MXHN
B09MQBWS69,A1SMZEZO08MXHN
B09HSSJDJ9,A1SMZEZO08MXHN
B079QBN92L,A1SMZEZO08MXHN
B0CZLC4K3L,A1SMZEZO08MXHN
B08LGZSVL4,A1SMZEZO08MXHN
B00UNRRUS0,A1SMZEZO08MXHN
B0BRH2V4Q7,A1SMZEZO08MXHN
B0BQ3PHPQ9,A1SMZEZO08MXHN
B00ZZLKUWM,A1SMZEZO08MXHN
B07KLHLS2N,A1SMZEZO08MXHN
B0DHGTYHB5,A1SMZEZO08MXHN
B0DFBQCXMY,A1SMZEZO08MXHN
B0DC616JCQ,A1SMZEZO08MXHN
B0D5QMTXYF,A1SMZEZO08MXHN
B0D3TC1TFN,A1SMZEZO08MXHN
B0D1JWD9JG,A1SMZEZO08MXHN
B0CZDG2G77,A1SMZEZO08MXHN
B0CYLVVYWQ,A1SMZEZO08MXHN
B096MWR1B6,A1SMZEZO08MXHN
B01KIEGQSC,A1SMZEZO08MXHN
B08MTBGQ9K,A1SMZEZO08MXHN
B0BWM8DHPB,A1SMZEZO08MXHN
B0C655RWJY,A1SMZEZO08MXHN
B07L9LZ6W5,A1SMZEZO08MXHN
B09X19KVZX,A1SMZEZO08MXHN
B08CT7QX97,A1SMZEZO08MXHN
B0BQ6TFJQB,A1SMZEZO08MXHN
B0BMX5CY6G,A1SMZEZO08MXHN
B0B9RTMYZR,A1SMZEZO08MXHN
B07VZ1K4M1,A1SMZEZO08MXHN
B00579HNK4,A1SMZEZO08MXHN
B0DPG17HYG,A1SMZEZO08MXHN
B0DNFQB4FD,A1SMZEZO08MXHN
B0DLZKHGQH,A1SMZEZO08MXHN
B0D9J9HNQX,A1SMZEZO08MXHN
B0D98Q99MX,A1SMZEZO08MXHN
B0D8L2513R,A1SMZEZO08MXHN
B0D5PTR79F,A1SMZEZO08MXHN
B0D5H7NXW9,A1SMZEZO08MXHN
B0D5D5RRSG,A1SMZEZO08MXHN
B0D5D383JK,A1SMZEZO08MXHN
B0D1NZNWL1,A1SMZEZO08MXHN
B0CZ12QT58,A1SMZEZO08MXHN
B0CYRCSZMB,A1SMZEZO08MXHN
B0CYQ5QHRL,A1SMZEZO08MXHN
B0CTTXNXS3,A1SMZEZO08MXHN
B0CT6C4VYV,A1SMZEZO08MXHN
B0CSNHKHNN,A1SMZEZO08MXHN
B0CRK2VSWZ,A1SMZEZO08MXHN
B0CQCCBT2R,A1SMZEZO08MXHN
B0CPSDRG3C,A1SMZEZO08MXHN
B0CMGGBW2P,A1SMZEZO08MXHN
B0CLLBLGR2,A1SMZEZO08MXHN
B0CKLRXVRY,A1SMZEZO08MXHN
B0CJ2GRXWF,A1SMZEZO08MXHN
B0CHVTR8HP,A1SMZEZO08MXHN
B0CGLXCJ49,A1SMZEZO08MXHN
B0CG6F6FGG,A1SMZEZO08MXHN
B0CCS34NBY,A1SMZEZO08MXHN
B0CBPTDY3K,A1SMZEZO08MXHN
B0C9VSYR4H,A1SMZEZO08MXHN
B0C8SW79ZY,A1SMZEZO08MXHN
B0C7LR4KVS,A1SMZEZO08MXHN
B0C6M2WS9B,A1SMZEZO08MXHN
B0C5MZ7X4W,A1SMZEZO08MXHN
B0C3B4P2T8,A1SMZEZO08MXHN
B0C1FFNCHT,A1SMZEZO08MXHN
B0C1BF7L2T,A1SMZEZO08MXHN
B0BZSGQJHX,A1SMZEZO08MXHN
B0BZDCD15T,A1SMZEZO08MXHN
B0BYZ46DQ1,A1SMZEZO08MXHN
B0BYDFKNR5,A1SMZEZO08MXHN
B0BY3DZTTL,A1SMZEZO08MXHN
B0BXS3X84X,A1SMZEZO08MXHN
B0BVH6NBHJ,A1SMZEZO08MXHN
B0BTK574CC,A1SMZEZO08MXHN
B0BSTK3PY2,A1SMZEZO08MXHN
B0BRSMNRLS,A1SMZEZO08MXHN
B0BPDB8M13,A1SMZEZO08MXHN
B0BJPSXLJ1,A1SMZEZO08MXHN
B0BGPH94R1,A1SMZEZO08MXHN
B0BF9KS5YJ,A1SMZEZO08MXHN
B09TGRZY6J,A1SMZEZO08MXHN
B09T65L8Z1,A1SMZEZO08MXHN
B09T36QQ9M,A1SMZEZO08MXHN
B09PLKQYHJ,A1SMZEZO08MXHN
B09P4YQV7G,A1SMZEZO08MXHN
B09NSM21W3,A1SMZEZO08MXHN
B09NR2CLVC,A1SMZEZO08MXHN
B09NP534RQ,A1SMZEZO08MXHN
B09MPY3L8J,A1SMZEZO08MXHN
B09KM6SJZW,A1SMZEZO08MXHN
B09HPH9SHQ,A1SMZEZO08MXHN
B09DSFFXNJ,A1SMZEZO08MXHN
B09CDH7MGQ,A1SMZEZO08MXHN
B098M16HB7,A1SMZEZO08MXHN
B0956WTN6L,A1SMZEZO08MXHN
B094QRJRBD,A1SMZEZO08MXHN
B09487TXK7,A1SMZEZO08MXHN
B0946G9TZK,A1SMZEZO08MXHN
B092LYVF4Y,A1SMZEZO08MXHN
B092665SM5,A1SMZEZO08MXHN
B08VD7DYJJ,A1SMZEZO08MXHN
B08TCF7GR6,A1SMZEZO08MXHN
B08S3M6BDF,A1SMZEZO08MXHN
B08R1NQJ88,A1SMZEZO08MXHN
B08QLXFFCP,A1SMZEZO08MXHN
B08Q7Q6FSB,A1SMZEZO08MXHN
B08JD3KGY4,A1SMZEZO08MXHN
B08HZCCNCB,A1SMZEZO08MXHN
B08G1LTRPY,A1SMZEZO08MXHN
B08FFWMM4C,A1SMZEZO08MXHN
B08F4PMX2F,A1SMZEZO08MXHN
B08CXMJLSQ,A1SMZEZO08MXHN
B08952FT58,A1SMZEZO08MXHN
B087TQT12T,A1SMZEZO08MXHN
B083K5139F,A1SMZEZO08MXHN
B082ZLNH82,A1SMZEZO08MXHN
B081TZRYQF,A1SMZEZO08MXHN
B07YK8YLCT,A1SMZEZO08MXHN
B07X5M9X53,A1SMZEZO08MXHN
B07SNGDXKV,A1SMZEZO08MXHN
B07SL6LFY7,A1SMZEZO08MXHN
B07P7GQBRW,A1SMZEZO08MXHN
B07P18PV17,A1SMZEZO08MXHN
B07NVFW77M,A1SMZEZO08MXHN
B07NGLMVPG,A1SMZEZO08MXHN
B07MC5B9P2,A1SMZEZO08MXHN
B07L67PCM6,A1SMZEZO08MXHN
B07KB6G98P,A1SMZEZO08MXHN
B07HD9MP72,A1SMZEZO08MXHN
B07G7NPWBX,A1SMZEZO08MXHN
B07FMHM9YZ,A1SMZEZO08MXHN
B07DWHFSF2,A1SMZEZO08MXHN
B07D3B9HN9,A1SMZEZO08MXHN
B07CJQ3FGW,A1SMZEZO08MXHN
B077P4WS1S,A1SMZEZO08MXHN
B075CCCPFK,A1SMZEZO08MXHN
B075483KGC,A1SMZEZO08MXHN
B074YY93KM,A1SMZEZO08MXHN
B07447BF9F,A1SMZEZO08MXHN
B072PCGLS9,A1SMZEZO08MXHN
B072MTKJTH,A1SMZEZO08MXHN
B071LH51NG,A1SMZEZO08MXHN
B06XF7H5H3,A1SMZEZO08MXHN
B01FSQQ6F8,A1SMZEZO08MXHN
B01A5K1WP6,A1SMZEZO08MXHN
B00YI1GB5U,A1SMZEZO08MXHN
B00OIJELO0,A1SMZEZO08MXHN
B00O7S43AE,A1SMZEZO08MXHN
B00KSA041C,A1SMZEZO08MXHN
B00HV4VV92,A1SMZEZO08MXHN
B00ES3TYUM,A1SMZEZO08MXHN
B0092LXN9I,A1SMZEZO08MXHN
B007BTQSFO,A1SMZEZO08MXHN
B002PIC00S,A1SMZEZO08MXHN
B0015RS8SI,A1SMZEZO08MXHN
B000Y8334I,A1SMZEZO08MXHN
B0002TUD2Y,A1SMZEZO08MXHN
B0000TMLX0,A1SMZEZO08MXHN
B0B75M11FK,A1SMZEZO08MXHN
B08QF8QW4Q,A1SMZEZO08MXHN
B079SKHNDZ,A1SMZEZO08MXHN
B08RS6WZXF,A1SMZEZO08MXHN
B07S1Z85RR,A1SMZEZO08MXHN
B0CSSWXFPL,A1SMZEZO08MXHN
B0003DKW5C,A1SMZEZO08MXHN
B0BSGL4QM9,A1SMZEZO08MXHN
B07G4X6YBX,A1SMZEZO08MXHN
B0BRQ2SBG2,A1SMZEZO08MXHN
B0B1YYM8JQ,A1SMZEZO08MXHN
B099YX7ZYF,A1SMZEZO08MXHN
B08TMX9JF1,A1SMZEZO08MXHN
B07G37C7JV,A1SMZEZO08MXHN
B07DRRK3S8,A1SMZEZO08MXHN
B0B8CJ8N7W,A1SMZEZO08MXHN
B0B5YZJBR5,A1SMZEZO08MXHN
B0B5G5BGDB,A1SMZEZO08MXHN
B0B57C8BTF,A1SMZEZO08MXHN
B0B38KWDKB,A1SMZEZO08MXHN
B09ZTPZ2B4,A1SMZEZO08MXHN
B09ZNJNW7C,A1SMZEZO08MXHN
B09YXB1467,A1SMZEZO08MXHN
B09Y8HWTVM,A1SMZEZO08MXHN
B09XM6QVG1,A1SMZEZO08MXHN
B09WZ2LHXC,A1SMZEZO08MXHN
B09WMVW269,A1SMZEZO08MXHN
B09WDK8C96,A1SMZEZO08MXHN
B09VF966BC,A1SMZEZO08MXHN
B09VCGJVWX,A1SMZEZO08MXHN
B09TSJV6GJ,A1SMZEZO08MXHN
B00NMXSVH6,A1SMZEZO08MXHN
B01MD0HT5V,A1SMZEZO08MXHN
B0BR8T7JGB,A1SMZEZO08MXHN
B0C59M41QX,A1SMZEZO08MXHN
B017JMK51A,A1SMZEZO08MXHN
B0DJ6QYNFX,A1SMZEZO08MXHN
B0DHS4PSHS,A1SMZEZO08MXHN
B0DFWJKXSB,A1SMZEZO08MXHN
B0DC2P93QL,A1SMZEZO08MXHN
B0DB5XJXTX,A1SMZEZO08MXHN
B0D9LF6N24,A1SMZEZO08MXHN
B0D93XFQ1M,A1SMZEZO08MXHN
B0D8J231FW,A1SMZEZO08MXHN
B0BY1TCZ9N,A1SMZEZO08MXHN
B09Y1QW6XS,A1SMZEZO08MXHN
B07PGL2M6Y,A1SMZEZO08MXHN
B0C33SQ7PN,A1SMZEZO08MXHN
B0BYS45F7M,A1SMZEZO08MXHN
B0BY9R3F98,A1SMZEZO08MXHN
B0BY35ZJGD,A1SMZEZO08MXHN
B0BX3TJY8Y,A1SMZEZO08MXHN
B0BWY9XTQC,A1SMZEZO08MXHN
B0BW44VL84,A1SMZEZO08MXHN
B0BVQW1CXX,A1SMZEZO08MXHN
B0BVH9KCF7,A1SMZEZO08MXHN
B0BT3T163P,A1SMZEZO08MXHN
B0BS8YD7T1,A1SMZEZO08MXHN
B0BLW7P52Q,A1SMZEZO08MXHN
B0BK1QWVF9,A1SMZEZO08MXHN
B0BHYM9G3S,A1SMZEZO08MXHN
B0BHSR3NHB,A1SMZEZO08MXHN
B0BH3Z6DHV,A1SMZEZO08MXHN
B0DDRFM2P3,A1SMZEZO08MXHN
B0D3LD3D4K,A1SMZEZO08MXHN
B0D131GLZL,A1SMZEZO08MXHN
B0CXVK7BS8,A1SMZEZO08MXHN
B0CXDT8BMR,A1SMZEZO08MXHN
B0CVXWS2B8,A1SMZEZO08MXHN
B0CQQW5P75,A1SMZEZO08MXHN
B0CQCM8LS4,A1SMZEZO08MXHN
B0CNVSLYKD,A1SMZEZO08MXHN
B0CN4L33S2,A1SMZEZO08MXHN
B0CM624SGW,A1SMZEZO08MXHN
B0CJVDGQHS,A1SMZEZO08MXHN
B0CJ613VQV,A1SMZEZO08MXHN
B0CCD87X9P,A1SMZEZO08MXHN
B0CB64PC1C,A1SMZEZO08MXHN
B0C9HVJ45K,A1SMZEZO08MXHN
B0BH3YBYNJ,A1SMZEZO08MXHN
B0BGM582Q7,A1SMZEZO08MXHN
B0BGLFR46C,A1SMZEZO08MXHN
B0BF9P551S,A1SMZEZO08MXHN
B0BDGMBTQ4,A1SMZEZO08MXHN
B0BBCHBB3J,A1SMZEZO08MXHN
B0B9SK2MSM,A1SMZEZO08MXHN
B0B6DF6YMR,A1SMZEZO08MXHN
B0B38L4TJG,A1SMZEZO08MXHN
B0B1HGQ2GV,A1SMZEZO08MXHN
B0B11T8X91,A1SMZEZO08MXHN
B09YY8KQ62,A1SMZEZO08MXHN
B09XVK52QL,A1SMZEZO08MXHN
B09TP4JWW9,A1SMZEZO08MXHN
B09PTKT3M8,A1SMZEZO08MXHN
B09PJLXVC5,A1SMZEZO08MXHN
B09KT37KRW,A1SMZEZO08MXHN
B09JRC2RWM,A1SMZEZO08MXHN
B09714RSPP,A1SMZEZO08MXHN
B0964Z2BK7,A1SMZEZO08MXHN
B093RZS9FF,A1SMZEZO08MXHN
B0933L38Y9,A1SMZEZO08MXHN
B0912F97LM,A1SMZEZO08MXHN
B08Z7DDSPK,A1SMZEZO08MXHN
B08VFHJJHY,A1SMZEZO08MXHN
B08V88LGYC,A1SMZEZO08MXHN
B08SHZPG6K,A1SMZEZO08MXHN
B08RCSBT38,A1SMZEZO08MXHN
B08R63V2W5,A1SMZEZO08MXHN
B08R3ZKC5Q,A1SMZEZO08MXHN
B08PV3TGLN,A1SMZEZO08MXHN
B08LZ62D1R,A1SMZEZO08MXHN
B07Q3Y7M3Y,A1SMZEZO08MXHN
B07NLLXKL7,A1SMZEZO08MXHN
B07N5Q97TM,A1SMZEZO08MXHN
B07L9B3PGV,A1SMZEZO08MXHN
B07KM42ZZN,A1SMZEZO08MXHN
B07JP1GPM6,A1SMZEZO08MXHN
B07H9MYGZY,A1SMZEZO08MXHN
B07CJJDQP2,A1SMZEZO08MXHN
B079TWZTWG,A1SMZEZO08MXHN
B078G96412,A1SMZEZO08MXHN
B06XBPZ9TV,A1SMZEZO08MXHN
B01N2HRJ4X,A1SMZEZO08MXHN
B01IF8BATS,A1SMZEZO08MXHN
B01GLRK1RW,A1SMZEZO08MXHN
B016OJNLJ2,A1SMZEZO08MXHN
B015M40FS0,A1SMZEZO08MXHN
B0134PXUB8,A1SMZEZO08MXHN
B0113XXCUC,A1SMZEZO08MXHN
B00NWD4YNG,A1SMZEZO08MXHN
B00M4MVNWG,A1SMZEZO08MXHN
B00FA2Z3NC,A1SMZEZO08MXHN
B00CWEJHVU,A1SMZEZO08MXHN
B00BEZVR2U,A1SMZEZO08MXHN
B00BEZVR16,A1SMZEZO08MXHN
B00A2W35Z8,A1SMZEZO08MXHN
B008O0X7VM,A1SMZEZO08MXHN
B0080I6P76,A1SMZEZO08MXHN
B0055PU5DC,A1SMZEZO08MXHN
B002RMEHFI,A1SMZEZO08MXHN
B002LARNOS,A1SMZEZO08MXHN
B00243GXIE,A1SMZEZO08MXHN
B001JQPW1G,A1SMZEZO08MXHN
B08J7XKGFT,A1SMZEZO08MXHN
B08DVZRNWV,A1SMZEZO08MXHN
B08CVTN3RN,A1SMZEZO08MXHN
B089N82HDH,A1SMZEZO08MXHN
B088CYPXSR,A1SMZEZO08MXHN
B086ZJGMB2,A1SMZEZO08MXHN
B0861FWYT5,A1SMZEZO08MXHN
B085G3QJWZ,A1SMZEZO08MXHN
B081V8Z46V,A1SMZEZO08MXHN
B081LQ532J,A1SMZEZO08MXHN
B0819V8XF7,A1SMZEZO08MXHN
B08132DR7Y,A1SMZEZO08MXHN
B07Z5Q95X2,A1SMZEZO08MXHN
B07YQ6NBGL,A1SMZEZO08MXHN
B07WK4LYG9,A1SMZEZO08MXHN
B07RQJXD23,A1SMZEZO08MXHN
B0015RC3CU,A1SMZEZO08MXHN
B000N9MPQU,A1SMZEZO08MXHN
B000CMCNJC,A1SMZEZO08MXHN
B0006HJ0PS,A1SMZEZO08MXHN
B0CPLL7T6J,A1SMZEZO08MXHN
B0BFWYQ62Z,A1SMZEZO08MXHN
B0793DGHJ2,A1SMZEZO08MXHN
B07G8CSM8L,A1SMZEZO08MXHN
B09QGN5YT6,A1SMZEZO08MXHN
B0D6R5W14Q,A1SMZEZO08MXHN
B00NEZRS12,A1SMZEZO08MXHN
B003Z9JN3I,A1SMZEZO08MXHN
B09PR3KK7T,A1SMZEZO08MXHN
B06XKJV2PN,A1SMZEZO08MXHN
B0B6R6K1RC,A1SMZEZO08MXHN
B0C3SN7BLL,A1SMZEZO08MXHN
B0B2NWK1QX,A1SMZEZO08MXHN
B0C5C2G4TG,A1SMZEZO08MXHN
B07FK1T417,A1SMZEZO08MXHN
B0DD6QZR42,A1SMZEZO08MXHN
B0DCZNS86C,A1SMZEZO08MXHN
B0DBH3MRKF,A1SMZEZO08MXHN
B0D8J13M69,A1SMZEZO08MXHN
B0D5B2CWW1,A1SMZEZO08MXHN
B0BDWMBS7L,A1SMZEZO08MXHN
B09Q5TV2TJ,A1SMZEZO08MXHN
B015GA7OC0,A1SMZEZO08MXHN
B003O4LSHI,A1SMZEZO08MXHN
B0DSD4TXQW,A1SMZEZO08MXHN
B0DS63PDCY,A1SMZEZO08MXHN
B0DRFY1HXB,A1SMZEZO08MXHN
B0DJ9DJD9Z,A1SMZEZO08MXHN
B0DGDMBBQH,A1SMZEZO08MXHN
B0DB8RFDJ1,A1SMZEZO08MXHN
B0D9MSB47X,A1SMZEZO08MXHN
B0D9JT22LG,A1SMZEZO08MXHN
B088CYZNKS,A1SMZEZO08MXHN
B0D66MQX7X,A1SMZEZO08MXHN
B08L3L5QVR,A1SMZEZO08MXHN
B07TV7DPY4,A1SMZEZO08MXHN
B0C7G5KBQC,A1SMZEZO08MXHN
B0BQ958ZGC,A1SMZEZO08MXHN
B0DJSY19JP,A1SMZEZO08MXHN
B0DJSVZGVB,A1SMZEZO08MXHN
B0DHXZF7SX,A1SMZEZO08MXHN
B0DHXSLPY6,A1SMZEZO08MXHN
B0DG4Y37Q6,A1SMZEZO08MXHN
B0DCBPXV3Q,A1SMZEZO08MXHN
B0D91W6VGQ,A1SMZEZO08MXHN
B0D41YDZ3J,A1SMZEZO08MXHN
B0D186MQ22,A1SMZEZO08MXHN
B0CZPDTPLK,A1SMZEZO08MXHN
B0CY75SCLP,A1SMZEZO08MXHN
B0D8FV14NG,A1SMZEZO08MXHN
B0CXXSCF5N,A1SMZEZO08MXHN
B0CXJ2RTWJ,A1SMZEZO08MXHN
B0BRQ21T8Y,A1SMZEZO08MXHN
B0BMF7H6WV,A1SMZEZO08MXHN
B0B5ST9JBS,A1SMZEZO08MXHN
B09CM3P2CK,A1SMZEZO08MXHN
B091MSDZNM,A1SMZEZO08MXHN
B08YJ58NB1,A1SMZEZO08MXHN
B08T5JBFTT,A1SMZEZO08MXHN
B08PNRQ5NC,A1SMZEZO08MXHN
B08NPB1LK1,A1SMZEZO08MXHN
B082NL1CTL,A1SMZEZO08MXHN
B0823M8T38,A1SMZEZO08MXHN
B07QKR93VJ,A1SMZEZO08MXHN
B07QGG6L9H,A1SMZEZO08MXHN
B0BQ6DK12W,A1SMZEZO08MXHN
B0BJQHSTX2,A1SMZEZO08MXHN
B09MG9WWHX,A1SMZEZO08MXHN
B07MMHDMHB,A1SMZEZO08MXHN
B01M011DMB,A1SMZEZO08MXHN
B01GCBXD2W,A1SMZEZO08MXHN
B00HHCZ5U4,A1SMZEZO08MXHN
B003PNLRLU,A1SMZEZO08MXHN
B0DST5JZN1,A1SMZEZO08MXHN
B0DRY75R2B,A1SMZEZO08MXHN
B0DJY2VZH6,A1SMZEZO08MXHN
B0DJSHD55T,A1SMZEZO08MXHN
B0DJ6ZW3SM,A1SMZEZO08MXHN
B0DF4VQH48,A1SMZEZO08MXHN
B0DCDZ5Q7Z,A1SMZEZO08MXHN
B0DC6JLR2J,A1SMZEZO08MXHN
B0DB282B42,A1SMZEZO08MXHN
B0D92CK44L,A1SMZEZO08MXHN
B0D6RFFJZ7,A1SMZEZO08MXHN
B0CQ3N42L6,A1SMZEZO08MXHN
B0CQ1ZFG6F,A1SMZEZO08MXHN
B0CP7PQ9CL,A1SMZEZO08MXHN
B0CP3BTM9M,A1SMZEZO08MXHN
B0CNXD7RKT,A1SMZEZO08MXHN
B0CNVVDDPR,A1SMZEZO08MXHN
B0CN5QPPH2,A1SMZEZO08MXHN
B0CM324N8S,A1SMZEZO08MXHN
B0CKWX4D2S,A1SMZEZO08MXHN
B0CKMX5XKM,A1SMZEZO08MXHN
B0CKMNSR92,A1SMZEZO08MXHN
B0CJV7B228,A1SMZEZO08MXHN
B0CJNNT7CZ,A1SMZEZO08MXHN
B0CJB36ZYG,A1SMZEZO08MXHN
B0CHMKHQC7,A1SMZEZO08MXHN
B0CHJT8C96,A1SMZEZO08MXHN
B0D53B5YQG,A1SMZEZO08MXHN
B0D52SGG2D,A1SMZEZO08MXHN
B0D4J43MNS,A1SMZEZO08MXHN
B0D3F89ZRF,A1SMZEZO08MXHN
B0D2KMCNN8,A1SMZEZO08MXHN
B0D1K5B8W3,A1SMZEZO08MXHN
B0D18VRQQH,A1SMZEZO08MXHN
B0CZNGJSST,A1SMZEZO08MXHN
B0CYLWNVHS,A1SMZEZO08MXHN
B0CY4RXR8N,A1SMZEZO08MXHN
B0CWMYJGT6,A1SMZEZO08MXHN
B0CRVB6JJT,A1SMZEZO08MXHN
B0CRTQP8FL,A1SMZEZO08MXHN
B0CRQN7746,A1SMZEZO08MXHN
B0CRKZBN21,A1SMZEZO08MXHN
B0CRB1R5PV,A1SMZEZO08MXHN
B0CGRMHXVY,A1SMZEZO08MXHN
B0CGGY858F,A1SMZEZO08MXHN
B0CG96PKL5,A1SMZEZO08MXHN
B0CF5MG41G,A1SMZEZO08MXHN
B0CF24R1F6,A1SMZEZO08MXHN
B0CDBRMX7J,A1SMZEZO08MXHN
B0CD7G6QMG,A1SMZEZO08MXHN
B0CD42Z27D,A1SMZEZO08MXHN
B0CC9BH7HV,A1SMZEZO08MXHN
B0CBPTHJFJ,A1SMZEZO08MXHN
B0C9M6CFX7,A1SMZEZO08MXHN
B0C5J13QPB,A1SMZEZO08MXHN
B0C5CC3HW2,A1SMZEZO08MXHN
B0C4J968LC,A1SMZEZO08MXHN
B0C2PZTHJR,A1SMZEZO08MXHN
B0C1ZYC14J,A1SMZEZO08MXHN
B0C1BF7NVW,A1SMZEZO08MXHN
B0BY3F3Z7R,A1SMZEZO08MXHN
B0BY26ZBKJ,A1SMZEZO08MXHN
B0BXS559YL,A1SMZEZO08MXHN
B0BX38W4J9,A1SMZEZO08MXHN
B0BWQWRG5K,A1SMZEZO08MXHN
B0BTZZ1WGS,A1SMZEZO08MXHN
B0BTW9M82M,A1SMZEZO08MXHN
B0BSWCLBRX,A1SMZEZO08MXHN
B0BSV6QL6C,A1SMZEZO08MXHN
B0BQX4CYJK,A1SMZEZO08MXHN
B0BQ72K682,A1SMZEZO08MXHN
B0BPXYZKM7,A1SMZEZO08MXHN
B0BPND4QVP,A1SMZEZO08MXHN
B0BNMM4XWJ,A1SMZEZO08MXHN
B0BMKPCR3Q,A1SMZEZO08MXHN
B09XLP266Y,A1SMZEZO08MXHN
B09WV7GDMD,A1SMZEZO08MXHN
B09WR1PYVW,A1SMZEZO08MXHN
B09VMV31BC,A1SMZEZO08MXHN
B09T9CZ3G6,A1SMZEZO08MXHN
B09T8LGP8V,A1SMZEZO08MXHN
B09RMK74QM,A1SMZEZO08MXHN
B09QKHMH23,A1SMZEZO08MXHN
B09Q2YWKTZ,A1SMZEZO08MXHN
B09NS1NB65,A1SMZEZO08MXHN
B09MPWZJ2X,A1SMZEZO08MXHN
B09KRVW6LH,A1SMZEZO08MXHN
B09K5QZ6ZD,A1SMZEZO08MXHN
B09K5CHZPZ,A1SMZEZO08MXHN
B09JVCYHF2,A1SMZEZO08MXHN
B09J5814CD,A1SMZEZO08MXHN
B09HS2JJB8,A1SMZEZO08MXHN
B09HKX4NG3,A1SMZEZO08MXHN
B09H3JYGWM,A1SMZEZO08MXHN
B09FFV7FCD,A1SMZEZO08MXHN
B09F3LP2HV,A1SMZEZO08MXHN
B09DYCNYM5,A1SMZEZO08MXHN
B09DPTX1SF,A1SMZEZO08MXHN
B099PCC72Q,A1SMZEZO08MXHN
B098DBMKKQ,A1SMZEZO08MXHN
B096X1FQKC,A1SMZEZO08MXHN
B094Z7WGXG,A1SMZEZO08MXHN
B093GWW1TZ,A1SMZEZO08MXHN
B092Y7B29N,A1SMZEZO08MXHN
B0925DWS9R,A1SMZEZO08MXHN
B091FFGXBN,A1SMZEZO08MXHN
B08ZY8892C,A1SMZEZO08MXHN
B08D6YSH7M,A1SMZEZO08MXHN
B08D28W3HL,A1SMZEZO08MXHN
B08CSV27BQ,A1SMZEZO08MXHN
B08CBGDGCR,A1SMZEZO08MXHN
B08BGCG756,A1SMZEZO08MXHN
B089NN3CZM,A1SMZEZO08MXHN
B089DJLTT7,A1SMZEZO08MXHN
B08978B76B,A1SMZEZO08MXHN
B0891ZG3PR,A1SMZEZO08MXHN
B088ZC8RYM,A1SMZEZO08MXHN
B088KGL3YT,A1SMZEZO08MXHN
B0887XGL94,A1SMZEZO08MXHN
B087LY7VGF,A1SMZEZO08MXHN
B0879FYBRT,A1SMZEZO08MXHN
B086QQM1LH,A1SMZEZO08MXHN
B085W4CW3B,A1SMZEZO08MXHN
B0BG2LY56F,A1SMZEZO08MXHN
B0BFX69MMD,A1SMZEZO08MXHN
B0BFLDKVS4,A1SMZEZO08MXHN
B0BCZ2MR6Z,A1SMZEZO08MXHN
B0BBLFV3G3,A1SMZEZO08MXHN
B0B9WFK99X,A1SMZEZO08MXHN
B0B8VS2WZ4,A1SMZEZO08MXHN
B0B611X3BD,A1SMZEZO08MXHN
B0B5TRFT85,A1SMZEZO08MXHN
B0B5P8Y5WV,A1SMZEZO08MXHN
B0B5JLDD3G,A1SMZEZO08MXHN
B0B4VBJC3Z,A1SMZEZO08MXHN
B0B31LN3VP,A1SMZEZO08MXHN
B0B2JBTB9B,A1SMZEZO08MXHN
B09ZXZ4FYX,A1SMZEZO08MXHN
B09Y61ZP1D,A1SMZEZO08MXHN
B07PG6637M,A1SMZEZO08MXHN
B07PBVM9BT,A1SMZEZO08MXHN
B07N6YHWZ7,A1SMZEZO08MXHN
B07MCDNXY4,A1SMZEZO08MXHN
B07L5YPKWK,A1SMZEZO08MXHN
B07JYYBL1Z,A1SMZEZO08MXHN
B07HYD8716,A1SMZEZO08MXHN
B07HHYK2FM,A1SMZEZO08MXHN
B07GSPNVVT,A1SMZEZO08MXHN
B07FSS7TYZ,A1SMZEZO08MXHN
B07F2S3RSC,A1SMZEZO08MXHN
B07DPBDMYW,A1SMZEZO08MXHN
B07DCLV65H,A1SMZEZO08MXHN
B07BTJRY33,A1SMZEZO08MXHN
B07542P6MD,A1SMZEZO08MXHN
B074TD7B46,A1SMZEZO08MXHN
B074SX3CBH,A1SMZEZO08MXHN
B0748ZV189,A1SMZEZO08MXHN
B072FB13ZV,A1SMZEZO08MXHN
B06ZY17YQH,A1SMZEZO08MXHN
B01NCJZO4R,A1SMZEZO08MXHN
B01MYMKCUZ,A1SMZEZO08MXHN
B01M4KE30J,A1SMZEZO08MXHN
B01LZT5V6X,A1SMZEZO08MXHN
B01LXKJC13,A1SMZEZO08MXHN
B01LPRQ4FG,A1SMZEZO08MXHN
B01KP9Q626,A1SMZEZO08MXHN
B01HU696MY,A1SMZEZO08MXHN
B01F0FBZAI,A1SMZEZO08MXHN
B019Q1YEM8,A1SMZEZO08MXHN
B016PM1XRK,A1SMZEZO08MXHN
B015QOGLL6,A1SMZEZO08MXHN
B08PD2VGHD,A1SMZEZO08MXHN
B08P7FQ8BQ,A1SMZEZO08MXHN
B08NXVQP1H,A1SMZEZO08MXHN
B08K3DSBGQ,A1SMZEZO08MXHN
B08J3VYBHR,A1SMZEZO08MXHN
B08HXM5T4H,A1SMZEZO08MXHN
B08GJLCZ7D,A1SMZEZO08MXHN
B08GHDZ9VC,A1SMZEZO08MXHN
B08G59Z6YY,A1SMZEZO08MXHN
B08FVPFQFK,A1SMZEZO08MXHN
B08DY34KGS,A1SMZEZO08MXHN
B08DWDL3TK,A1SMZEZO08MXHN
B08DKFCW8M,A1SMZEZO08MXHN
B08DDB8WYB,A1SMZEZO08MXHN
B0852CVZPF,A1SMZEZO08MXHN
B08235J3Z4,A1SMZEZO08MXHN
B081XLBJN1,A1SMZEZO08MXHN
B0819VDC88,A1SMZEZO08MXHN
B07ZTX516F,A1SMZEZO08MXHN
B07XXNQ8BX,A1SMZEZO08MXHN
B07XLCNXRZ,A1SMZEZO08MXHN
B07X352JH1,A1SMZEZO08MXHN
B07W91TFWN,A1SMZEZO08MXHN
B07W5FN3YY,A1SMZEZO08MXHN
B07TZ4D6XK,A1SMZEZO08MXHN
B07TPNN7QZ,A1SMZEZO08MXHN
B07RGX4N86,A1SMZEZO08MXHN
B07Q57S76P,A1SMZEZO08MXHN
B07Q4XQCVN,A1SMZEZO08MXHN
B07PQ4ZLK2,A1SMZEZO08MXHN
B013KZQB4A,A1SMZEZO08MXHN
B00X6L1U6S,A1SMZEZO08MXHN
B00X123JPM,A1SMZEZO08MXHN
B00VQZ1HH8,A1SMZEZO08MXHN
B00RUEBV5W,A1SMZEZO08MXHN
B00R0RBKH8,A1SMZEZO08MXHN
B00FBKSLHS,A1SMZEZO08MXHN
B00BW5FX3G,A1SMZEZO08MXHN
B009RX5H6S,A1SMZEZO08MXHN
B0083W5FBQ,A1SMZEZO08MXHN
B005THDUE2,A1SMZEZO08MXHN
B003RW29FW,A1SMZEZO08MXHN
B000EGGPM2,A1SMZEZO08MXHN
B0009PXHE2,A1SMZEZO08MXHN
B0CW1MK6HD,A1SMZEZO08MXHN
B0CJ375DF1,A1SMZEZO08MXHN
B0BN538QLR,A1SMZEZO08MXHN
B09LTPJHP3,A1SMZEZO08MXHN
B09F35KHDZ,A1SMZEZO08MXHN
B08GP7D83J,A1SMZEZO08MXHN
B07JF4WTSS,A1SMZEZO08MXHN
B0711H2CCM,A1SMZEZO08MXHN
B015DTIT2S,A1SMZEZO08MXHN
B00CMFMEV4,A1SMZEZO08MXHN
B0003DKT3M,A1SMZEZO08MXHN
B08MDBGMZ7,A1SMZEZO08MXHN
B0CYZQDGWV,A1SMZEZO08MXHN
B08CL21S55,A1SMZEZO08MXHN
B0BVRJWW5B,A1SMZEZO08MXHN
B0CRQWSSNF,A1SMZEZO08MXHN
B09M7H3DCK,A1SMZEZO08MXHN
B076JSLNP1,A1SMZEZO08MXHN
B0C9Y7QNJ8,A1SMZEZO08MXHN
B012FS8QP0,A1SMZEZO08MXHN
B01CCBG1SO,A1SMZEZO08MXHN
B0BY8LG2KW,A1SMZEZO08MXHN
B0BQZN1Q8X,A1SMZEZO08MXHN
B00WQKYAVM,A1SMZEZO08MXHN
B07V1CHK7W,A1SMZEZO08MXHN
B0BC575C3Y,A1SMZEZO08MXHN
B07Z8389DD,A1SMZEZO08MXHN
B07D3NLMF2,A1SMZEZO08MXHN
B0CF23ZHCX,A1SMZEZO08MXHN
B0BM3H6PBF,A1SMZEZO08MXHN
B09XFJH2XK,A1SMZEZO08MXHN
B08NCKQK2X,A1SMZEZO08MXHN
B08L5M2GVL,A1SMZEZO08MXHN
B00C5FY2Q6,A1SMZEZO08MXHN
B004SZ0YYU,A1SMZEZO08MXHN
B0DHVP9CZZ,A1SMZEZO08MXHN
B0DGX6RC49,A1SMZEZO08MXHN
B0D9WN42TQ,A1SMZEZO08MXHN
B0D9GK74C5,A1SMZEZO08MXHN
B0D8FZV37G,A1SMZEZO08MXHN
B0D7PVDKFP,A1SMZEZO08MXHN
B0D31H9HLY,A1SMZEZO08MXHN
B0CZL4NSJC,A1SMZEZO08MXHN
B0CYXP766F,A1SMZEZO08MXHN
B0B2W6VTNQ,A1SMZEZO08MXHN
B0D73R6MP2,A1SMZEZO08MXHN
B0B24P369R,A1SMZEZO08MXHN
B09ZBCX4TY,A1SMZEZO08MXHN
B0BTP83JXM,A1SMZEZO08MXHN
B00KY97MMG,A1SMZEZO08MXHN
B0CY2GPRQ5,A1SMZEZO08MXHN
B0CX8TMBVS,A1SMZEZO08MXHN
B0CWD1PQDT,A1SMZEZO08MXHN
B0CTDBVVB8,A1SMZEZO08MXHN
B0CT5J8BHQ,A1SMZEZO08MXHN
B0CSZ7PV4Z,A1SMZEZO08MXHN
B0CPDC6N1Z,A1SMZEZO08MXHN
B0CP8D1NTD,A1SMZEZO08MXHN
B0CP472SX1,A1SMZEZO08MXHN
B0CMZBFZ8R,A1SMZEZO08MXHN
B0CKTWR8X9,A1SMZEZO08MXHN
B0CJLR1YXR,A1SMZEZO08MXHN
B0CJJRXMMH,A1SMZEZO08MXHN
B0CG5PLD5N,A1SMZEZO08MXHN
B0CFCVBDMQ,A1SMZEZO08MXHN
B0CDPCMRCY,A1SMZEZO08MXHN
B0CB954FB1,A1SMZEZO08MXHN
B0C6PF73NL,A1SMZEZO08MXHN
B0C5RQ94N6,A1SMZEZO08MXHN
B0C3YFZD28,A1SMZEZO08MXHN
B0C1TJ64XN,A1SMZEZO08MXHN
B0BZR1S4S6,A1SMZEZO08MXHN
B0BXNZRHVL,A1SMZEZO08MXHN
B0BWKZTV79,A1SMZEZO08MXHN
B0BW86BLMY,A1SMZEZO08MXHN
B0BTRY7JNN,A1SMZEZO08MXHN
B0BR4Y1BJH,A1SMZEZO08MXHN
B0BQFB3TDZ,A1SMZEZO08MXHN
B0BHS2R6R8,A1SMZEZO08MXHN
B0BGRGB7XG,A1SMZEZO08MXHN
B0BGLHWPCG,A1SMZEZO08MXHN
B0BGGJTQYM,A1SMZEZO08MXHN
B09FDC2V8L,A1SMZEZO08MXHN
B09F7XFZFJ,A1SMZEZO08MXHN
B09B3CN18F,A1SMZEZO08MXHN
B0993G46VX,A1SMZEZO08MXHN
B095J2SZWV,A1SMZEZO08MXHN
B0927DWHLZ,A1SMZEZO08MXHN
B08YXBXJ77,A1SMZEZO08MXHN
B08YQSXLJJ,A1SMZEZO08MXHN
B08SJ7N84X,A1SMZEZO08MXHN
B08PTDQKBP,A1SMZEZO08MXHN
B08MKXTN3H,A1SMZEZO08MXHN
B08LN8MJZB,A1SMZEZO08MXHN
B08KXVBV65,A1SMZEZO08MXHN
B08KTSMBR2,A1SMZEZO08MXHN
B08H1BGK26,A1SMZEZO08MXHN
B08DCYD3YR,A1SMZEZO08MXHN
B08CY7CHWK,A1SMZEZO08MXHN
B08BRTX49W,A1SMZEZO08MXHN
B0893RCQ7K,A1SMZEZO08MXHN
B086M5BPTF,A1SMZEZO08MXHN
B08667J65M,A1SMZEZO08MXHN
B0858ZYR75,A1SMZEZO08MXHN
B0851L28NY,A1SMZEZO08MXHN
B0851KNK81,A1SMZEZO08MXHN
B083RSS2S3,A1SMZEZO08MXHN
B0823JRMKS,A1SMZEZO08MXHN
B081VSKTRH,A1SMZEZO08MXHN
B081564DMX,A1SMZEZO08MXHN
B07ZH7RPNC,A1SMZEZO08MXHN
B07X2YCDB4,A1SMZEZO08MXHN
B07SDM384X,A1SMZEZO08MXHN
B07P7LVRQY,A1SMZEZO08MXHN
B0BGD8ZLPR,A1SMZEZO08MXHN
B0BG92WYJR,A1SMZEZO08MXHN
B0BBZ5C1D7,A1SMZEZO08MXHN
B0B7873CJW,A1SMZEZO08MXHN
B0B6L1576D,A1SMZEZO08MXHN
B0B5VX2PYG,A1SMZEZO08MXHN
B0B5556MSF,A1SMZEZO08MXHN
B09ZKLHNVG,A1SMZEZO08MXHN
B09YS2K6TC,A1SMZEZO08MXHN
B09XTR3MKV,A1SMZEZO08MXHN
B09VKR6QPP,A1SMZEZO08MXHN
B09TJLPC7K,A1SMZEZO08MXHN
B09QY385LV,A1SMZEZO08MXHN
B09NQ3Y31W,A1SMZEZO08MXHN
B09NN5LVVR,A1SMZEZO08MXHN
B09MDKX94C,A1SMZEZO08MXHN
B00IAY9NT2,A1SMZEZO08MXHN
B00FW5OF0E,A1SMZEZO08MXHN
B00FTF0GSM,A1SMZEZO08MXHN
B00AO0D7Z6,A1SMZEZO08MXHN
B00AK8SYGE,A1SMZEZO08MXHN
B00AK8SSTW,A1SMZEZO08MXHN
B00886DD8Y,A1SMZEZO08MXHN
B0071GC6WQ,A1SMZEZO08MXHN
B0055778PI,A1SMZEZO08MXHN
B002DW0OEU,A1SMZEZO08MXHN
B000LNU5R4,A1SMZEZO08MXHN
B000CB0ITU,A1SMZEZO08MXHN
B000BPFZHM,A1SMZEZO08MXHN
B091G7MWJF,A1SMZEZO08MXHN
B07B6THGN9,A1SMZEZO08MXHN
B072SV94XV,A1SMZEZO08MXHN
B07N6MJSLH,A1SMZEZO08MXHN
B07MGDS5BM,A1SMZEZO08MXHN
B07L3HSWNH,A1SMZEZO08MXHN
B07KP7BMVG,A1SMZEZO08MXHN
B07JGM99VT,A1SMZEZO08MXHN
B07HQDD9TJ,A1SMZEZO08MXHN
B07HP1CLBH,A1SMZEZO08MXHN
B07F44GC76,A1SMZEZO08MXHN
B07D7CVZST,A1SMZEZO08MXHN
B07D3QCWQV,A1SMZEZO08MXHN
B07BRVSNNX,A1SMZEZO08MXHN
B079NS3B26,A1SMZEZO08MXHN
B078QDCVL2,A1SMZEZO08MXHN
B07842J3M3,A1SMZEZO08MXHN
B075SMNH95,A1SMZEZO08MXHN
B07577JSYK,A1SMZEZO08MXHN
B01ACUTXHS,A1SMZEZO08MXHN
B015O9CABI,A1SMZEZO08MXHN
B07KKJH61M,A1SMZEZO08MXHN
B07T9WQWDV,A1SMZEZO08MXHN
B0C7MY6NF3,A1SMZEZO08MXHN
B07RR8TBQ2,A1SMZEZO08MXHN
B074M92ZC2,A1SMZEZO08MXHN
B07VNS77SP,A1SMZEZO08MXHN
B0B7WBVV69,A1SMZEZO08MXHN
B09RF9NL5X,A1SMZEZO08MXHN
B07M8NX5P1,A1SMZEZO08MXHN
B01G8D69FW,A1SMZEZO08MXHN
B0CLZMGJ83,A1SMZEZO08MXHN
B0CJ51FCBN,A1SMZEZO08MXHN
B09P3289B9,A1SMZEZO08MXHN
B087VB3QQP,A1SMZEZO08MXHN
B085RGZTHW,A1SMZEZO08MXHN
B00YGLCQQK,A1SMZEZO08MXHN
B0C7C17FTC,A1SMZEZO08MXHN
B09WHCDW6G,A1SMZEZO08MXHN
B09W5DTYZS,A1SMZEZO08MXHN
B09K5CL8B4,A1SMZEZO08MXHN
B0967WGQ29,A1SMZEZO08MXHN
B08SL18MWS,A1SMZEZO08MXHN
B07T6BQRCG,A1SMZEZO08MXHN
B07L1LR15C,A1SMZEZO08MXHN
B07HQ1PMRF,A1SMZEZO08MXHN
B071ZN3P2P,A1SMZEZO08MXHN
B071H9RYJX,A1SMZEZO08MXHN
B000VJJQUU,A1SMZEZO08MXHN
B000I68NCS,A1SMZEZO08MXHN
B0DLWLNP5S,A1SMZEZO08MXHN
B0DDHQ99LJ,A1SMZEZO08MXHN
B0DBQVS728,A1SMZEZO08MXHN
B0DBDPRD6V,A1SMZEZO08MXHN
B0D8PM22VJ,A1SMZEZO08MXHN
B0D2WD5B9Y,A1SMZEZO08MXHN
B0CY3M88J2,A1SMZEZO08MXHN
B0CXWMBLXQ,A1SMZEZO08MXHN
B0CWPQS7H4,A1SMZEZO08MXHN
B0CSFTJ4FY,A1SMZEZO08MXHN
B0CRT4CRQX,A1SMZEZO08MXHN
B0CNT6C4XF,A1SMZEZO08MXHN
B0727TH411,A1SMZEZO08MXHN
B0722Y98KS,A1SMZEZO08MXHN
B0719WRPPT,A1SMZEZO08MXHN
B01NBUJJL5,A1SMZEZO08MXHN
B01N1K6BQX,A1SMZEZO08MXHN
B01LXO79CL,A1SMZEZO08MXHN
B01L8D591C,A1SMZEZO08MXHN
B01IW2XAS6,A1SMZEZO08MXHN
B01G7MSDLW,A1SMZEZO08MXHN
B01FX86FJ8,A1SMZEZO08MXHN
B01DQYFXNK,A1SMZEZO08MXHN
B01C45VQXI,A1SMZEZO08MXHN
B01BI63K4W,A1SMZEZO08MXHN
B00ZF33K54,A1SMZEZO08MXHN
B00N4N9SJO,A1SMZEZO08MXHN
B00J3YKDOW,A1SMZEZO08MXHN
B0CM7FN1JN,A1SMZEZO08MXHN
B0CKLDX6TR,A1SMZEZO08MXHN
B0CHMCYW24,A1SMZEZO08MXHN
B0CFBKG3K2,A1SMZEZO08MXHN
B0CF9NC9W4,A1SMZEZO08MXHN
B0CCNRPQ8Z,A1SMZEZO08MXHN
B0CBL6JWFQ,A1SMZEZO08MXHN
B0CB6PZBLB,A1SMZEZO08MXHN
B0C9JB3Q1Z,A1SMZEZO08MXHN
B0C95TZ8J9,A1SMZEZO08MXHN
B0C8MKV8LJ,A1SMZEZO08MXHN
B0C81RGQ27,A1SMZEZO08MXHN
B0C5H7Y6F6,A1SMZEZO08MXHN
B0C5482YKL,A1SMZEZO08MXHN
B0C4S7BVYB,A1SMZEZO08MXHN
B0C4L8X3ZL,A1SMZEZO08MXHN
B0C4K3WM75,A1SMZEZO08MXHN
B0BZ4W4MB1,A1SMZEZO08MXHN
B0BYJXW7FW,A1SMZEZO08MXHN
B0BVQDJQWM,A1SMZEZO08MXHN
B0BV9LH5B3,A1SMZEZO08MXHN
B0BTGLGV5T,A1SMZEZO08MXHN
B0BRCX7WCM,A1SMZEZO08MXHN
B0BR911336,A1SMZEZO08MXHN
B0BR35QN9D,A1SMZEZO08MXHN
B0BQBWPM33,A1SMZEZO08MXHN
B0BPGWN8C4,A1SMZEZO08MXHN
B0BL7M5YFF,A1SMZEZO08MXHN
B0BKH6BYKD,A1SMZEZO08MXHN
B0BJZ9SRG9,A1SMZEZO08MXHN
B0BJ9XS7MY,A1SMZEZO08MXHN
B0BJ737M29,A1SMZEZO08MXHN
B0BJ6CB29F,A1SMZEZO08MXHN
B0BG8WRYRF,A1SMZEZO08MXHN
B0BG27Z976,A1SMZEZO08MXHN
B0BF19W668,A1SMZEZO08MXHN
B0BCPFT2NN,A1SMZEZO08MXHN
B0B9MYJF23,A1SMZEZO08MXHN
B0B8HVNL56,A1SMZEZO08MXHN
B0B7XXWWN6,A1SMZEZO08MXHN
B0B7L4K421,A1SMZEZO08MXHN
B0B7HSZ21S,A1SMZEZO08MXHN
B0B7D9YLFP,A1SMZEZO08MXHN
B0B6V2QDBN,A1SMZEZO08MXHN
B0B67J73TR,A1SMZEZO08MXHN
B0B5X3JH45,A1SMZEZO08MXHN
B0B56FQFY7,A1SMZEZO08MXHN
B0B2MZ45HN,A1SMZEZO08MXHN
B09YVKPX1L,A1SMZEZO08MXHN
B09YNKT2QS,A1SMZEZO08MXHN
B09XHT99D6,A1SMZEZO08MXHN
B09XDLCFXD,A1SMZEZO08MXHN
B09WZ8WX8Q,A1SMZEZO08MXHN
B09VYBPF7S,A1SMZEZO08MXHN
B09TJNCGKZ,A1SMZEZO08MXHN
B09Q87ZJQ5,A1SMZEZO08MXHN
B09MW1DZ5Q,A1SMZEZO08MXHN
B09MDND5SY,A1SMZEZO08MXHN
B09M6TVVKX,A1SMZEZO08MXHN
B09LR7QQKN,A1SMZEZO08MXHN
B09L7RFGS3,A1SMZEZO08MXHN
B09KZ5BTWC,A1SMZEZO08MXHN
B09J8FZ6DS,A1SMZEZO08MXHN
B09H5FML1X,A1SMZEZO08MXHN
B09H4QQK53,A1SMZEZO08MXHN
B09GWB6ZL6,A1SMZEZO08MXHN
B09C52JNKS,A1SMZEZO08MXHN
B099PS6VTB,A1SMZEZO08MXHN
B099HVTDK8,A1SMZEZO08MXHN
B098L9VDQN,A1SMZEZO08MXHN
B097SPM5VB,A1SMZEZO08MXHN
B0974VB42Q,A1SMZEZO08MXHN
B096MD23J6,A1SMZEZO08MXHN
B096M49FGT,A1SMZEZO08MXHN
B095L9GVQ4,A1SMZEZO08MXHN
B0952TMJ2D,A1SMZEZO08MXHN
B092W4VSVH,A1SMZEZO08MXHN
B091XSYHL9,A1SMZEZO08MXHN
B091CL4YKY,A1SMZEZO08MXHN
B08ZSM6LQB,A1SMZEZO08MXHN
B08YJDF6NS,A1SMZEZO08MXHN
B08V9CX8NJ,A1SMZEZO08MXHN
B08V4Q9468,A1SMZEZO08MXHN
B08T8RL8XH,A1SMZEZO08MXHN
B08S77RPHF,A1SMZEZO08MXHN
B08QF97X7R,A1SMZEZO08MXHN
B08PQKJ531,A1SMZEZO08MXHN
B08PNRGPWN,A1SMZEZO08MXHN
B08P129L3V,A1SMZEZO08MXHN
B08KPCBXQ4,A1SMZEZO08MXHN
B08H5G8RSP,A1SMZEZO08MXHN
B08H1K1J29,A1SMZEZO08MXHN
B08G533DMW,A1SMZEZO08MXHN
B08G1GKFWX,A1SMZEZO08MXHN
B08BZJ88LV,A1SMZEZO08MXHN
B089QNFS7X,A1SMZEZO08MXHN
B089NFRQH2,A1SMZEZO08MXHN
B088CNLMVL,A1SMZEZO08MXHN
B086C4B126,A1SMZEZO08MXHN
B085TM3JFB,A1SMZEZO08MXHN
B085GKLRXK,A1SMZEZO08MXHN
B085DLWKS9,A1SMZEZO08MXHN
B0855HHMXD,A1SMZEZO08MXHN
B083LJ2BFT,A1SMZEZO08MXHN
B08182XKZ3,A1SMZEZO08MXHN
B07ZP52HCK,A1SMZEZO08MXHN
B07YXBLDNR,A1SMZEZO08MXHN
B07YRVVRN3,A1SMZEZO08MXHN
B07Y25MVFQ,A1SMZEZO08MXHN
B07XHMF1BK,A1SMZEZO08MXHN
B07XDB2G3P,A1SMZEZO08MXHN
B07V6G19H9,A1SMZEZO08MXHN
B07F7169G1,A1SMZEZO08MXHN
B07CP3Z1H4,A1SMZEZO08MXHN
B07C3W6S9Y,A1SMZEZO08MXHN
B07BZ113KD,A1SMZEZO08MXHN
B079WWFZY6,A1SMZEZO08MXHN
B0795NPCQB,A1SMZEZO08MXHN
B078PR56PX,A1SMZEZO08MXHN
B077JVB51X,A1SMZEZO08MXHN
B0775XHMXL,A1SMZEZO08MXHN
B076JRC1H1,A1SMZEZO08MXHN
B0765FXPFN,A1SMZEZO08MXHN
B0762R7T7W,A1SMZEZO08MXHN
B075SVQ77H,A1SMZEZO08MXHN
B074BQT1GZ,A1SMZEZO08MXHN
B0746CLYLH,A1SMZEZO08MXHN
B073QZBJ5X,A1SMZEZO08MXHN
B07SZBJ45R,A1SMZEZO08MXHN
B07RSV4RD3,A1SMZEZO08MXHN
B07RLRSDNH,A1SMZEZO08MXHN
B07R42GMB1,A1SMZEZO08MXHN
B07PTZGML4,A1SMZEZO08MXHN
B07PHS4XDK,A1SMZEZO08MXHN
B07PGSWPFZ,A1SMZEZO08MXHN
B07NBWR5S7,A1SMZEZO08MXHN
B07N598PXM,A1SMZEZO08MXHN
B07MDZNGJ6,A1SMZEZO08MXHN
B07KY1JJVH,A1SMZEZO08MXHN
B07KQJ1JWV,A1SMZEZO08MXHN
B07J3YMKJ5,A1SMZEZO08MXHN
B07HZ5FVGD,A1SMZEZO08MXHN
B07H62S844,A1SMZEZO08MXHN
B07FP418GN,A1SMZEZO08MXHN
B073F8NY83,A1SMZEZO08MXHN
B06XGQVXDF,A1SMZEZO08MXHN
B06XD8N7N4,A1SMZEZO08MXHN
B01MRW83BI,A1SMZEZO08MXHN
B01MR4FE6Y,A1SMZEZO08MXHN
B01LRJJB98,A1SMZEZO08MXHN
B01FX5UNFI,A1SMZEZO08MXHN
B01BIEXRGU,A1SMZEZO08MXHN
B0176IY784,A1SMZEZO08MXHN
B00Z6M1VP0,A1SMZEZO08MXHN
B00XKK74Y2,A1SMZEZO08MXHN
B00X9MR68A,A1SMZEZO08MXHN
B00KZDT346,A1SMZEZO08MXHN
B00I8OH1VQ,A1SMZEZO08MXHN
B00HTNOFPM,A1SMZEZO08MXHN
B00HNQAKDQ,A1SMZEZO08MXHN
B00FE944VI,A1SMZEZO08MXHN
B00FBJLB3U,A1SMZEZO08MXHN
B00EOER8IK,A1SMZEZO08MXHN
B00CXVN1AK,A1SMZEZO08MXHN
B00CJ1DUN2,A1SMZEZO08MXHN
B00C3YD47C,A1SMZEZO08MXHN
B00BLPU8T6,A1SMZEZO08MXHN
B00B6SRECM,A1SMZEZO08MXHN
B00AQ4UZZU,A1SMZEZO08MXHN
B009YVH0KE,A1SMZEZO08MXHN
B008SDLY8I,A1SMZEZO08MXHN
B005HTFJGE,A1SMZEZO08MXHN
B005BSP7CW,A1SMZEZO08MXHN
B004WQG1UG,A1SMZEZO08MXHN
B004S8HLFC,A1SMZEZO08MXHN
B003BAJG9C,A1SMZEZO08MXHN
B001GLUPMA,A1SMZEZO08MXHN
B000S75K7S,A1SMZEZO08MXHN
B000QDRRNY,A1SMZEZO08MXHN
B00008ZCDO,A1SMZEZO08MXHN
B0BXKVCXV9,A1SMZEZO08MXHN
B07TSFWRH4,A1SMZEZO08MXHN
B07FJZC4JF,A1SMZEZO08MXHN
B07CBV5SZ6,A1SMZEZO08MXHN
B00AY2AX9M,A1SMZEZO08MXHN
B0B57CZPQM,A1SMZEZO08MXHN
B09SD82BWK,A1SMZEZO08MXHN
B09NRQ1QXH,A1SMZEZO08MXHN
B07VTSKBX2,A1SMZEZO08MXHN
B00ELV0NTM,A1SMZEZO08MXHN
B09WV7K8N5,A1SMZEZO08MXHN
B07RWF2LC5,A1SMZEZO08MXHN
B07GGWTK4F,A1SMZEZO08MXHN
B08HYQGTN3,A1SMZEZO08MXHN
B0CBL4MRJJ,A1SMZEZO08MXHN
B0CMQGVKVZ,A1SMZEZO08MXHN
B0DFLL1L43,A1SMZEZO08MXHN
B0DHFZ7J2F,A1SMZEZO08MXHN
B0CWD5577N,A1SMZEZO08MXHN
B000BIDG9S,A1SMZEZO08MXHN
B00O3AORZC,A1SMZEZO08MXHN
B0CR6BW9CJ,A1SMZEZO08MXHN
B08DNJK6M3,A1SMZEZO08MXHN
B0DLGQMX7G,A1SMZEZO08MXHN
B099RRWY25,A1SMZEZO08MXHN
B082WWM924,A1SMZEZO08MXHN
B0CFCJMYBB,A1SMZEZO08MXHN
B07ZJP1HFD,A1SMZEZO08MXHN
B07WCMV176,A1SMZEZO08MXHN
B07G8QHXN4,A1SMZEZO08MXHN
B001CDWENK,A1SMZEZO08MXHN
B0DM9F2BGP,A1SMZEZO08MXHN
B0DCZ5RMP1,A1SMZEZO08MXHN
B0DCVKVVVQ,A1SMZEZO08MXHN
B0D39YN534,A1SMZEZO08MXHN
B0784NYC4L,A1SMZEZO08MXHN
B0C8MV6SV7,A1SMZEZO08MXHN
B09WDKH1WD,A1SMZEZO08MXHN
B082DN8L6T,A1SMZEZO08MXHN
B0BDPN9LPD,A1SMZEZO08MXHN
B0CDMQWS55,A1SMZEZO08MXHN
B08QV5FLNG,A1SMZEZO08MXHN
B09NP2SLX8,A1SMZEZO08MXHN
B09JTVLN22,A1SMZEZO08MXHN
B00K95Z44I,A1SMZEZO08MXHN
B0D2MMM33L,A1SMZEZO08MXHN
B07QX81JZ7,A1SMZEZO08MXHN
B000EZAET8,A1SMZEZO08MXHN
B0D8PZ69LV,A1SMZEZO08MXHN
B0C26WH1MT,A1SMZEZO08MXHN
B0BRTLXZBG,A1SMZEZO08MXHN
B01C2KS8LI,A1SMZEZO08MXHN
B0B927Q58P,A1SMZEZO08MXHN
B07P183J3S,A1SMZEZO08MXHN
B00BEDV1BY,A1SMZEZO08MXHN
B09YTXTDMP,A1SMZEZO08MXHN
B0CDPBFYFQ,A1SMZEZO08MXHN
B0BVB6133N,A1SMZEZO08MXHN
B0B77TPN8L,A1SMZEZO08MXHN
B0B62CYZQB,A1SMZEZO08MXHN
B0CF46NZ2P,A1SMZEZO08MXHN
B08NWJ2XWX,A1SMZEZO08MXHN
B0CXCYHLQT,A1SMZEZO08MXHN
B07FH3LH1H,A1SMZEZO08MXHN
B07ZNXQF4S,A1SMZEZO08MXHN
B097R4K89V,A1SMZEZO08MXHN
B0050Q35EC,A1SMZEZO08MXHN
B0BQDXLT2Y,A1SMZEZO08MXHN
B08P5NTTVS,A1SMZEZO08MXHN
B00I2UBPM2,A1SMZEZO08MXHN
B07MTHCG5W,A1SMZEZO08MXHN
B0069Z6YCI,A1SMZEZO08MXHN
B07G37X8M8,A1SMZEZO08MXHN
B0B6B5XL9F,A1SMZEZO08MXHN
B0CR11R9W7,A1SMZEZO08MXHN
B0CFWNX4L6,A1SMZEZO08MXHN
B0BMX8RCMH,A1SMZEZO08MXHN
B0CJXNNBX9,A1SMZEZO08MXHN
B0CB5JNT84,A1SMZEZO08MXHN
B0C2H7BVY6,A1SMZEZO08MXHN
B0CNQS8PSP,A1SMZEZO08MXHN
B09MH8VPK4,A1SMZEZO08MXHN
B08ML8R19M,A1SMZEZO08MXHN
B0CN7DC7N9,A1SMZEZO08MXHN
B0C4B4YT9Y,A1SMZEZO08MXHN
B0BZHDMZM9,A1SMZEZO08MXHN
B09X61Y4R6,A1SMZEZO08MXHN
B0CLGW3N29,A1SMZEZO08MXHN
B0D6YSDHL8,A1SMZEZO08MXHN
B07J19JJBG,A1SMZEZO08MXHN
B00204CQF6,A1SMZEZO08MXHN
B0CT1J5541,A1SMZEZO08MXHN
B0DM4T34PK,A1SMZEZO08MXHN
B07KPN136K,A1SMZEZO08MXHN
B0786GJ24N,A1SMZEZO08MXHN
B0CXDSSDKY,A1SMZEZO08MXHN
B0BYTGBRDT,A1SMZEZO08MXHN
B0CZWPCVT6,A1SMZEZO08MXHN
B09YH8D8V7,A1SMZEZO08MXHN
B075FHJM35,A1SMZEZO08MXHN
B010B5GUH0,A1SMZEZO08MXHN
B07YLCHF8W,A1SMZEZO08MXHN
B0D6SNJM2X,A1SMZEZO08MXHN
B0D38VCKX4,A1SMZEZO08MXHN
B000WIYN8K,A1SMZEZO08MXHN
B0D5NRGGKH,A1SMZEZO08MXHN
B0DQCY37MT,A1SMZEZO08MXHN
B0DDY5SY41,A1SMZEZO08MXHN
B0D9L7BG8X,A1SMZEZO08MXHN
B0D8YPV62T,A1SMZEZO08MXHN
B0D8HZ3F8X,A1SMZEZO08MXHN
B0D31LRQTR,A1SMZEZO08MXHN
B0D31JGW4P,A1SMZEZO08MXHN
B0D2TQ12PF,A1SMZEZO08MXHN
B0D1GL8PF7,A1SMZEZO08MXHN
B0D14B2X32,A1SMZEZO08MXHN
B0CY7VTNM8,A1SMZEZO08MXHN
B0CXSP1SBQ,A1SMZEZO08MXHN
B0CW7FZ1P1,A1SMZEZO08MXHN
B0CW22H7VL,A1SMZEZO08MXHN
B0CT1MKNJG,A1SMZEZO08MXHN
B0CSDB1DFK,A1SMZEZO08MXHN
B0CS5MQTM1,A1SMZEZO08MXHN
B0CRV46DGY,A1SMZEZO08MXHN
B0CQMRLKR7,A1SMZEZO08MXHN
B0CQC3SCPD,A1SMZEZO08MXHN
B0CQ54D61G,A1SMZEZO08MXHN
B0CQ1RDMJZ,A1SMZEZO08MXHN
B0CNDD18J2,A1SMZEZO08MXHN
B0CN2VZJWL,A1SMZEZO08MXHN
B0CLZ2DS46,A1SMZEZO08MXHN
B0CLV2XBZF,A1SMZEZO08MXHN
B0CF16VCBC,A1SMZEZO08MXHN
B0CCS1YQ3R,A1SMZEZO08MXHN
B0CCS1K28K,A1SMZEZO08MXHN
B0CCGVWT2P,A1SMZEZO08MXHN
B0CBJMH2VQ,A1SMZEZO08MXHN
B0C7R9KF8K,A1SMZEZO08MXHN
B0C7LNBWBG,A1SMZEZO08MXHN
B0C6WZ7N54,A1SMZEZO08MXHN
B0C65Z224L,A1SMZEZO08MXHN
B0C4615QS4,A1SMZEZO08MXHN
B0C2CS6YZY,A1SMZEZO08MXHN
B0C28TVWRW,A1SMZEZO08MXHN
B0C19QT95Q,A1SMZEZO08MXHN
B0BZ7JDMMN,A1SMZEZO08MXHN
B0BXXJWLPH,A1SMZEZO08MXHN
B0BXDGNHD5,A1SMZEZO08MXHN
B0BVZBD6ZV,A1SMZEZO08MXHN
B0BVN13XNX,A1SMZEZO08MXHN
B0BVLC1ZVC,A1SMZEZO08MXHN
B0BTNRXHSH,A1SMZEZO08MXHN
B0BRHXXPLW,A1SMZEZO08MXHN
B0BQRRYF2Q,A1SMZEZO08MXHN
B095VYXY6S,A1SMZEZO08MXHN
B092LCZF2G,A1SMZEZO08MXHN
B092C65F3P,A1SMZEZO08MXHN
B09189DY5P,A1SMZEZO08MXHN
B08ZSBB3BC,A1SMZEZO08MXHN
B08Y94X35X,A1SMZEZO08MXHN
B08Y8PX6BR,A1SMZEZO08MXHN
B08WL4M88Z,A1SMZEZO08MXHN
B08W1TVC3W,A1SMZEZO08MXHN
B08S44P99T,A1SMZEZO08MXHN
B08QMLFP8G,A1SMZEZO08MXHN
B08MSJCP8S,A1SMZEZO08MXHN
B08KSDCPTN,A1SMZEZO08MXHN
B08KP2QK8Q,A1SMZEZO08MXHN
B08JVN2K5Z,A1SMZEZO08MXHN
B08J59R6QV,A1SMZEZO08MXHN
B07HNCJ935,A1SMZEZO08MXHN
B07GKHZ1K9,A1SMZEZO08MXHN
B07GD6MV1G,A1SMZEZO08MXHN
B07BN4W5H5,A1SMZEZO08MXHN
B077X6WNJ1,A1SMZEZO08MXHN
B077JVDFMT,A1SMZEZO08MXHN
B077JNBJ4K,A1SMZEZO08MXHN
B0779KWXPX,A1SMZEZO08MXHN
B0776M3QNB,A1SMZEZO08MXHN
B0774MYCMJ,A1SMZEZO08MXHN
B075XR5Y4B,A1SMZEZO08MXHN
B0744RJWKG,A1SMZEZO08MXHN
B073TX1N5Q,A1SMZEZO08MXHN
B0725M6NM5,A1SMZEZO08MXHN
B071NPWSL6,A1SMZEZO08MXHN
B06XH6P3HN,A1SMZEZO08MXHN
B09ZV12B1K,A1SMZEZO08MXHN
B09ZTNPR52,A1SMZEZO08MXHN
B09W2XWSCQ,A1SMZEZO08MXHN
B09VK3J65H,A1SMZEZO08MXHN
B09TJN89PK,A1SMZEZO08MXHN
B09QYQQTK7,A1SMZEZO08MXHN
B09NXR4FTR,A1SMZEZO08MXHN
B09NMPFYQX,A1SMZEZO08MXHN
B09MZHMP4H,A1SMZEZO08MXHN
B09K5NMH5M,A1SMZEZO08MXHN
B09GYP1JWT,A1SMZEZO08MXHN
B09C5723LY,A1SMZEZO08MXHN
B09B16G4X9,A1SMZEZO08MXHN
B099WNYSK5,A1SMZEZO08MXHN
B097RPJV7Y,A1SMZEZO08MXHN
B096D8LLTR,A1SMZEZO08MXHN
B07Z6MRNHZ,A1SMZEZO08MXHN
B07TYCPYWW,A1SMZEZO08MXHN
B07TS2LMHS,A1SMZEZO08MXHN
B07T8LG7W2,A1SMZEZO08MXHN
B07SSKK4WG,A1SMZEZO08MXHN
B07RQS5W72,A1SMZEZO08MXHN
B07RL2Y9GT,A1SMZEZO08MXHN
B07QF1B9GR,A1SMZEZO08MXHN
B07QCWVBPG,A1SMZEZO08MXHN
B07PWGMC5K,A1SMZEZO08MXHN
B07P9VNX4C,A1SMZEZO08MXHN
B07P7GCBM7,A1SMZEZO08MXHN
B07P62NMRJ,A1SMZEZO08MXHN
B07NSR15ZL,A1SMZEZO08MXHN
B07NPXLZXQ,A1SMZEZO08MXHN
B07N6H76NS,A1SMZEZO08MXHN
B01LX0RBE2,A1SMZEZO08MXHN
B01LW5DTML,A1SMZEZO08MXHN
B01GCAZL5U,A1SMZEZO08MXHN
B01FTDIPJU,A1SMZEZO08MXHN
B01E990AA2,A1SMZEZO08MXHN
B01DQYFXLC,A1SMZEZO08MXHN
B01A6F1SD6,A1SMZEZO08MXHN
B018FVLFZY,A1SMZEZO08MXHN
B014IWD3OA,A1SMZEZO08MXHN
B0141NNO9U,A1SMZEZO08MXHN
B011Q1BV9A,A1SMZEZO08MXHN
B00ZYJCZUK,A1SMZEZO08MXHN
B00YI6TPC6,A1SMZEZO08MXHN
B00RVP7UE6,A1SMZEZO08MXHN
B00NNZCVHO,A1SMZEZO08MXHN
B00NKYDH5I,A1SMZEZO08MXHN
B0BJTHMWZ7,A1SMZEZO08MXHN
B0BJ97ZMZF,A1SMZEZO08MXHN
B0BH398NQZ,A1SMZEZO08MXHN
B0BFGNSXYL,A1SMZEZO08MXHN
B0BBVVLMW8,A1SMZEZO08MXHN
B0B9WK84T6,A1SMZEZO08MXHN
B0B9J2V1YC,A1SMZEZO08MXHN
B0B8TFJ5QF,A1SMZEZO08MXHN
B0B8CFKS54,A1SMZEZO08MXHN
B0B824VR17,A1SMZEZO08MXHN
B0B742BFF6,A1SMZEZO08MXHN
B0B3XKZFP5,A1SMZEZO08MXHN
B0B2PKLKY1,A1SMZEZO08MXHN
B0B1LWDH93,A1SMZEZO08MXHN
B0B1315K4M,A1SMZEZO08MXHN
B0B121KWZM,A1SMZEZO08MXHN
B00KDQONA4,A1SMZEZO08MXHN
B00DZ4GZUC,A1SMZEZO08MXHN
B00BEZVT00,A1SMZEZO08MXHN
B007Q2I37W,A1SMZEZO08MXHN
B006UFJ0FK,A1SMZEZO08MXHN
B004Y69FZM,A1SMZEZO08MXHN
B003UGSYRM,A1SMZEZO08MXHN
B001Z2NAN6,A1SMZEZO08MXHN
B001V5RKYM,A1SMZEZO08MXHN
B001JT0ET8,A1SMZEZO08MXHN
B0014DILNU,A1SMZEZO08MXHN
B000RO0DRE,A1SMZEZO08MXHN
B000099SIK,A1SMZEZO08MXHN
B0B6R9GRL8,A1SMZEZO08MXHN
B07X93TZBY,A1SMZEZO08MXHN
B076JBGYDD,A1SMZEZO08MXHN
B09F9VTZ24,A1SMZEZO08MXHN
B097ZDQK4C,A1SMZEZO08MXHN
B07Y2662S9,A1SMZEZO08MXHN
B0DJ9CTJ1Q,A1SMZEZO08MXHN
B0DHXNPH6D,A1SMZEZO08MXHN
B0DGQDK27R,A1SMZEZO08MXHN
B0DFVF2BPJ,A1SMZEZO08MXHN
B0DFFWB54H,A1SMZEZO08MXHN
B0DD3SGJY7,A1SMZEZO08MXHN
B0DCK5YB4H,A1SMZEZO08MXHN
B0DBM4XKYB,A1SMZEZO08MXHN
B0DBM36CTG,A1SMZEZO08MXHN
B0DBM2M64T,A1SMZEZO08MXHN
B0DB7QJ77Q,A1SMZEZO08MXHN
B0D9NZ282D,A1SMZEZO08MXHN
B0D97G343W,A1SMZEZO08MXHN
B0CST3SGXC,A1SMZEZO08MXHN
B0CSK8RRR4,A1SMZEZO08MXHN
B0CSDZXJQL,A1SMZEZO08MXHN
B0CRQXJB6J,A1SMZEZO08MXHN
B0CRQ7FPK7,A1SMZEZO08MXHN
B0CRGQ9D8M,A1SMZEZO08MXHN
B0CQ53MWTG,A1SMZEZO08MXHN
B0CQ2JXR6L,A1SMZEZO08MXHN
B0CPHYP972,A1SMZEZO08MXHN
B0CPCZM5LH,A1SMZEZO08MXHN
B0CNVHQNPT,A1SMZEZO08MXHN
B0CNP7TRPY,A1SMZEZO08MXHN
B0CN19J2XP,A1SMZEZO08MXHN
B0CMMG5NH3,A1SMZEZO08MXHN
B0CM36S7PM,A1SMZEZO08MXHN
B0CLJSMYRB,A1SMZEZO08MXHN
B0CL4CP8CN,A1SMZEZO08MXHN
B0CL228268,A1SMZEZO08MXHN
B0CKYXT82Q,A1SMZEZO08MXHN
B0CKYJ9NJV,A1SMZEZO08MXHN
B0CKMM32PM,A1SMZEZO08MXHN
B0CK2JLLL4,A1SMZEZO08MXHN
B0CGWP3R44,A1SMZEZO08MXHN
B0CG5L157J,A1SMZEZO08MXHN
B0CFD9BFFZ,A1SMZEZO08MXHN
B0CDV8J3VS,A1SMZEZO08MXHN
B0CDJXPSH8,A1SMZEZO08MXHN
B0CCRBT75G,A1SMZEZO08MXHN
B0CCQS8LNV,A1SMZEZO08MXHN
B0CC994NM5,A1SMZEZO08MXHN
B0CC5PFTLY,A1SMZEZO08MXHN
B0CC23LZFB,A1SMZEZO08MXHN
B0D93QL89X,A1SMZEZO08MXHN
B0D8J2QN2J,A1SMZEZO08MXHN
B0D7VRLYDD,A1SMZEZO08MXHN
B0D6LTM3CM,A1SMZEZO08MXHN
B0D54HZFP4,A1SMZEZO08MXHN
B0D4YSTH42,A1SMZEZO08MXHN
B0D2Y4PC6C,A1SMZEZO08MXHN
B0D2DF9R3P,A1SMZEZO08MXHN
B0D14J1N6T,A1SMZEZO08MXHN
B0CYZH9LH5,A1SMZEZO08MXHN
B0CYZD9V67,A1SMZEZO08MXHN
B0CYLYNT55,A1SMZEZO08MXHN
B0CWD44ND1,A1SMZEZO08MXHN
B0CW5VV5Q5,A1SMZEZO08MXHN
B0CTT1BQ95,A1SMZEZO08MXHN
B0CT3HKZR7,A1SMZEZO08MXHN
B0CBZCKBYB,A1SMZEZO08MXHN
B0CBBHT674,A1SMZEZO08MXHN
B0CB4D448J,A1SMZEZO08MXHN
B0C9X356B9,A1SMZEZO08MXHN
B0C9WT65MD,A1SMZEZO08MXHN
B0C9WSF9XR,A1SMZEZO08MXHN
B0C9Q53LQG,A1SMZEZO08MXHN
B0C8KM2SRX,A1SMZEZO08MXHN
B0C7W52MHC,A1SMZEZO08MXHN
B0C7QX5B22,A1SMZEZO08MXHN
B0C5VLTW4V,A1SMZEZO08MXHN
B0C39D5L36,A1SMZEZO08MXHN
B0C2GK5MKR,A1SMZEZO08MXHN
B0C233YMPQ,A1SMZEZO08MXHN
B0BZWP5DL9,A1SMZEZO08MXHN
B0BZWNZLKQ,A1SMZEZO08MXHN
B0B4WMQ7M2,A1SMZEZO08MXHN
B0B3WSN85R,A1SMZEZO08MXHN
B0B3CQCLQW,A1SMZEZO08MXHN
B0B11NPDJD,A1SMZEZO08MXHN
B09ZY756RQ,A1SMZEZO08MXHN
B09YPXWKM7,A1SMZEZO08MXHN
B09YPRNC2S,A1SMZEZO08MXHN
B09YHY76WQ,A1SMZEZO08MXHN
B09YFTHW2N,A1SMZEZO08MXHN
B09T99KJ9F,A1SMZEZO08MXHN
B09QLY5558,A1SMZEZO08MXHN
B09QHQN4J6,A1SMZEZO08MXHN
B09NVYC9ZT,A1SMZEZO08MXHN
B09NP4ZMD9,A1SMZEZO08MXHN
B09MRTWGB4,A1SMZEZO08MXHN
B09M86ZYYV,A1SMZEZO08MXHN
B09HLFSJPS,A1SMZEZO08MXHN
B09GKRJTVD,A1SMZEZO08MXHN
B09G2T14BF,A1SMZEZO08MXHN
B098TQS2MG,A1SMZEZO08MXHN
B097MQTVVR,A1SMZEZO08MXHN
B097M4QS91,A1SMZEZO08MXHN
B095KC377B,A1SMZEZO08MXHN
B08Y64WY4Q,A1SMZEZO08MXHN
B08WJNMKV9,A1SMZEZO08MXHN
B08VJDCSFV,A1SMZEZO08MXHN
B08VFH27ZB,A1SMZEZO08MXHN
B08TVV4YGK,A1SMZEZO08MXHN
B08TTXZFGV,A1SMZEZO08MXHN
B08T4XTC91,A1SMZEZO08MXHN
B08M5MGRT8,A1SMZEZO08MXHN
B08LS78ZT5,A1SMZEZO08MXHN
B08H5D8C7L,A1SMZEZO08MXHN
B08FL9WG2Z,A1SMZEZO08MXHN
B08FHPDJ7J,A1SMZEZO08MXHN
B089RP8DN6,A1SMZEZO08MXHN
B089GDTD42,A1SMZEZO08MXHN
B08968CCH4,A1SMZEZO08MXHN
B0876L5MCZ,A1SMZEZO08MXHN
B0863C4DP3,A1SMZEZO08MXHN
B085XG52QK,A1SMZEZO08MXHN
B085PYJZDD,A1SMZEZO08MXHN
B085G54FPV,A1SMZEZO08MXHN
B083NCN417,A1SMZEZO08MXHN
B083LXNKSZ,A1SMZEZO08MXHN
B0822VB3F7,A1SMZEZO08MXHN
B081VQTK34,A1SMZEZO08MXHN
B0816C7WTW,A1SMZEZO08MXHN
B0BZQN5MD7,A1SMZEZO08MXHN
B0BWQ2CR69,A1SMZEZO08MXHN
B0BSVFWLQ8,A1SMZEZO08MXHN
B0BRHL1LST,A1SMZEZO08MXHN
B0BP9KYY3R,A1SMZEZO08MXHN
B0BP64CCXN,A1SMZEZO08MXHN
B0BNJQZRSQ,A1SMZEZO08MXHN
B0BNDVMLBC,A1SMZEZO08MXHN
B0BN4Z2FX6,A1SMZEZO08MXHN
B0BLRJQB6B,A1SMZEZO08MXHN
B0BFVZLMJ9,A1SMZEZO08MXHN
B0BB6J8PB2,A1SMZEZO08MXHN
B0B6JSBPGN,A1SMZEZO08MXHN
B0B5MM5B6T,A1SMZEZO08MXHN
B0B5MFHNRG,A1SMZEZO08MXHN
B0B58PRHKK,A1SMZEZO08MXHN
B08KSXHRSS,A1SMZEZO08MXHN
B08K7KQDWC,A1SMZEZO08MXHN
B08HH8BWJY,A1SMZEZO08MXHN
B08GMCZ4ML,A1SMZEZO08MXHN
B08FDH1XKL,A1SMZEZO08MXHN
B08F42TJQ5,A1SMZEZO08MXHN
B08DNWXQ4K,A1SMZEZO08MXHN
B08DKDLFMG,A1SMZEZO08MXHN
B08867QRJ9,A1SMZEZO08MXHN
B087PSQDGJ,A1SMZEZO08MXHN
B086MMBQK7,A1SMZEZO08MXHN
B086DRG2HX,A1SMZEZO08MXHN
B084LF3ZGR,A1SMZEZO08MXHN
B084G2GT9C,A1SMZEZO08MXHN
B07X6CFPM7,A1SMZEZO08MXHN
B07WGD9WFQ,A1SMZEZO08MXHN
B076FGWGYW,A1SMZEZO08MXHN
B073214TCQ,A1SMZEZO08MXHN
B071F12VLS,A1SMZEZO08MXHN
B06ZZGFJNX,A1SMZEZO08MXHN
B06XG74DDJ,A1SMZEZO08MXHN
B01N99P099,A1SMZEZO08MXHN
B01N5S6N6T,A1SMZEZO08MXHN
B01LZVJPSV,A1SMZEZO08MXHN
B01L2XR4P2,A1SMZEZO08MXHN
B01C9B3EJ6,A1SMZEZO08MXHN
B01AVH0K4C,A1SMZEZO08MXHN
B019C0QF2K,A1SMZEZO08MXHN
B00YNCWMDO,A1SMZEZO08MXHN
B00P599JVW,A1SMZEZO08MXHN
B00OCBSASM,A1SMZEZO08MXHN
B00KQHH5XM,A1SMZEZO08MXHN
B07S234YL3,A1SMZEZO08MXHN
B08FRGH4X2,A1SMZEZO08MXHN
B075J2KWXZ,A1SMZEZO08MXHN
1549244132,A1SMZEZO08MXHN
B0DHGWN2Z4,A1SMZEZO08MXHN
B0D8Y9N61V,A1SMZEZO08MXHN
B0D7HH85Z8,A1SMZEZO08MXHN
B0D1113PKK,A1SMZEZO08MXHN
B0CZJK8C1T,A1SMZEZO08MXHN
B0CYL4T2VG,A1SMZEZO08MXHN
B0CVX786ZR,A1SMZEZO08MXHN
B0CTX5VF5D,A1SMZEZO08MXHN
B0CTLQT8Y9,A1SMZEZO08MXHN
B0CPWP2BR7,A1SMZEZO08MXHN
B0DBPR4S98,A1SMZEZO08MXHN
B0DBL5C5DP,A1SMZEZO08MXHN
B0DB231761,A1SMZEZO08MXHN
B0D9M3BM24,A1SMZEZO08MXHN
B0D9BK1KT7,A1SMZEZO08MXHN
B0D9B9DBXD,A1SMZEZO08MXHN
B0D93XYT4C,A1SMZEZO08MXHN
B0D8Y9R5CD,A1SMZEZO08MXHN
B0D8LJPDCK,A1SMZEZO08MXHN
B0D8BWFFPR,A1SMZEZO08MXHN
B0D6ZDSZ39,A1SMZEZO08MXHN
B0D6XMV543,A1SMZEZO08MXHN
B0D6R9JPPN,A1SMZEZO08MXHN
B0D6LVXLYY,A1SMZEZO08MXHN
B0D6B9JJJG,A1SMZEZO08MXHN
B0D6B7G6BZ,A1SMZEZO08MXHN
B00J3YKD42,A1SMZEZO08MXHN
B00IXR0KZW,A1SMZEZO08MXHN
B00IVJETGS,A1SMZEZO08MXHN
B00BY9FBA0,A1SMZEZO08MXHN
B00BHLE6MO,A1SMZEZO08MXHN
B00BEZVQYO,A1SMZEZO08MXHN
B00AQ67AI8,A1SMZEZO08MXHN
B009ZT1QVE,A1SMZEZO08MXHN
B008UZSS92,A1SMZEZO08MXHN
B007SPKPRI,A1SMZEZO08MXHN
B006YV22J6,A1SMZEZO08MXHN
B004XMXS8W,A1SMZEZO08MXHN
B004R8WMKC,A1SMZEZO08MXHN
B004A9BQMS,A1SMZEZO08MXHN
B0041AYRHC,A1SMZEZO08MXHN
B003H6B0GW,A1SMZEZO08MXHN
B07V8VT876,A1SMZEZO08MXHN
B07T8KFJMZ,A1SMZEZO08MXHN
B07SQ3VN7R,A1SMZEZO08MXHN
B07SPKNGWN,A1SMZEZO08MXHN
B07SKNRZC6,A1SMZEZO08MXHN
B07R2LRCP2,A1SMZEZO08MXHN
B07QBZ7BHZ,A1SMZEZO08MXHN
B07NQ7D58M,A1SMZEZO08MXHN
B07H9MTDJ4,A1SMZEZO08MXHN
B07GBHQWWM,A1SMZEZO08MXHN
B07FFBCG29,A1SMZEZO08MXHN
B07FBHR8F7,A1SMZEZO08MXHN
B07DMYNWH8,A1SMZEZO08MXHN
B07D86V7XW,A1SMZEZO08MXHN
B07D6RCSNW,A1SMZEZO08MXHN
B077GZZ6TW,A1SMZEZO08MXHN
B07ZVY3PT9,A1SMZEZO08MXHN
B07PKN4989,A1SMZEZO08MXHN
B0D5M62WJX,A1SMZEZO08MXHN
B0D547Q458,A1SMZEZO08MXHN
B0D4ZCHTB3,A1SMZEZO08MXHN
B0D4ZC4HPM,A1SMZEZO08MXHN
B0D4ZBRFLQ,A1SMZEZO08MXHN
B0D4HLPXTH,A1SMZEZO08MXHN
B0D4D78FTC,A1SMZEZO08MXHN
B0D45N94RR,A1SMZEZO08MXHN
B0D3X9WSGW,A1SMZEZO08MXHN
B0D3QHW785,A1SMZEZO08MXHN
B0D3LD96JM,A1SMZEZO08MXHN
B0D22F2L8B,A1SMZEZO08MXHN
B0D1YBBR4H,A1SMZEZO08MXHN
B0D1VHVC5W,A1SMZEZO08MXHN
B0D1BT97LD,A1SMZEZO08MXHN
B0D1BML89W,A1SMZEZO08MXHN
B002MQU1PE,A1SMZEZO08MXHN
B001EING9O,A1SMZEZO08MXHN
B0018T0ACU,A1SMZEZO08MXHN
B000LNPND0,A1SMZEZO08MXHN
B000GCPW9G,A1SMZEZO08MXHN
B00068UXJ4,A1SMZEZO08MXHN
B00068UTPC,A1SMZEZO08MXHN
1938013069,A1SMZEZO08MXHN
1549241966,A1SMZEZO08MXHN
B09BKPFBM8,A1SMZEZO08MXHN
B07ZKDB11F,A1SMZEZO08MXHN
B07K8L37YK,A1SMZEZO08MXHN
B00NCDOFX0,A1SMZEZO08MXHN
B00HFL9PRQ,A1SMZEZO08MXHN
B0002TORZS,A1SMZEZO08MXHN
B013WQRN5I,A1SMZEZO08MXHN
B0D1BJD42M,A1SMZEZO08MXHN
B0D1BCS1C4,A1SMZEZO08MXHN
B0D17RBSCK,A1SMZEZO08MXHN
B0CZWBX9WW,A1SMZEZO08MXHN
B0CZT2PKM3,A1SMZEZO08MXHN
B0CZP6389Z,A1SMZEZO08MXHN
B0CZP4QV75,A1SMZEZO08MXHN
B0CZL7P9NZ,A1SMZEZO08MXHN
B0CZL4SGT7,A1SMZEZO08MXHN
B0CZDQ42BL,A1SMZEZO08MXHN
B0CZDBXX94,A1SMZEZO08MXHN
B0CZ975GH1,A1SMZEZO08MXHN
B0CZ44QZ6V,A1SMZEZO08MXHN
B0CYTB85JV,A1SMZEZO08MXHN
B0CXSZ2PP4,A1SMZEZO08MXHN
B0CXSV4PZ9,A1SMZEZO08MXHN
B0CXSHZZ73,A1SMZEZO08MXHN
B0CXDNR8SV,A1SMZEZO08MXHN
B0CX8W79M4,A1SMZEZO08MXHN
B0CX23S4GG,A1SMZEZO08MXHN
B0CX1SH5LS,A1SMZEZO08MXHN
B0CWXY1XY2,A1SMZEZO08MXHN
B0CWXXWH3P,A1SMZEZO08MXHN
B0CWDFB926,A1SMZEZO08MXHN
B0CVVJ24J7,A1SMZEZO08MXHN
B0CV3JQ3LH,A1SMZEZO08MXHN
B0CTMKY6MB,A1SMZEZO08MXHN
B0CTJJ2RGB,A1SMZEZO08MXHN
B0CTFQXCTP,A1SMZEZO08MXHN
B0CTC43XP1,A1SMZEZO08MXHN
B0CT37133F,A1SMZEZO08MXHN
B0CSCNDLC9,A1SMZEZO08MXHN
B0CRTSC1WL,A1SMZEZO08MXHN
B0CRTRV8SP,A1SMZEZO08MXHN
B0CRRGVM5Q,A1SMZEZO08MXHN
B0CRH7413R,A1SMZEZO08MXHN
B0CR1PKMJF,A1SMZEZO08MXHN
B0CQC4BYXF,A1SMZEZO08MXHN
B0CQ2MZSZQ,A1SMZEZO08MXHN
B0CQ26BSDB,A1SMZEZO08MXHN
B0CPMWYZPL,A1SMZEZO08MXHN
B0CPLX6CQW,A1SMZEZO08MXHN
B0CP7M9QKT,A1SMZEZO08MXHN
B0CP24T9G7,A1SMZEZO08MXHN
B0CNTFNLPJ,A1SMZEZO08MXHN
B0CNLP8JV7,A1SMZEZO08MXHN
B0CNJHDKBQ,A1SMZEZO08MXHN
B0CN718KN7,A1SMZEZO08MXHN
B0CC4V4J6Z,A1SMZEZO08MXHN
B0CC1MCZHL,A1SMZEZO08MXHN
B0CBSZSZNW,A1SMZEZO08MXHN
B0CBJPGCWH,A1SMZEZO08MXHN
B0CB7M5JBX,A1SMZEZO08MXHN
B0C9TWV7V7,A1SMZEZO08MXHN
B0C7Z6QKJP,A1SMZEZO08MXHN
B0C7RNVJ5P,A1SMZEZO08MXHN
B0C7KQTHQP,A1SMZEZO08MXHN
B0C7CWQLFP,A1SMZEZO08MXHN
B0C6XJMQR5,A1SMZEZO08MXHN
B0C6X81B4Q,A1SMZEZO08MXHN
B0C6TG86QB,A1SMZEZO08MXHN
B0C6JL5X3J,A1SMZEZO08MXHN
B0C5VWR1MB,A1SMZEZO08MXHN
B0C5VJNTWD,A1SMZEZO08MXHN
B0BX4G89N8,A1SMZEZO08MXHN
B0BWKCSKW2,A1SMZEZO08MXHN
B0BSBHH3DQ,A1SMZEZO08MXHN
B0BRZN4KY5,A1SMZEZO08MXHN
B0BRG9XYRT,A1SMZEZO08MXHN
B0BQYXJMD6,A1SMZEZO08MXHN
B0BQP2KJW3,A1SMZEZO08MXHN
B0BNKJ9DJR,A1SMZEZO08MXHN
B0BMSH971Z,A1SMZEZO08MXHN
B0BMKT44J6,A1SMZEZO08MXHN
B0BL88DP99,A1SMZEZO08MXHN
B0BK6317P8,A1SMZEZO08MXHN
B0BHVGGD7C,A1SMZEZO08MXHN
B0BHN7K52L,A1SMZEZO08MXHN
B0BB67KC55,A1SMZEZO08MXHN
B0B9YSK356,A1SMZEZO08MXHN
B0B9YQVPXX,A1SMZEZO08MXHN
B0B7W89R1M,A1SMZEZO08MXHN
B0B7R9R87T,A1SMZEZO08MXHN
B0B7BNV94K,A1SMZEZO08MXHN
B0B6TJX91T,A1SMZEZO08MXHN
B0B5ZRZCHJ,A1SMZEZO08MXHN
B0B5YFTJ9Z,A1SMZEZO08MXHN
B0B56GTGCR,A1SMZEZO08MXHN
B0B5613DXH,A1SMZEZO08MXHN
B09ZTVBTVC,A1SMZEZO08MXHN
B09ZJ8FM8N,A1SMZEZO08MXHN
B09YL6DKQC,A1SMZEZO08MXHN
B09VBZZDVZ,A1SMZEZO08MXHN
B09T292D79,A1SMZEZO08MXHN
B09QCR9JZQ,A1SMZEZO08MXHN
B09PFWZX2B,A1SMZEZO08MXHN
B0CN6D3339,A1SMZEZO08MXHN
B0CN6CFZWW,A1SMZEZO08MXHN
B0CN1KFC4C,A1SMZEZO08MXHN
B0CMWK9J27,A1SMZEZO08MXHN
B0CMTL857V,A1SMZEZO08MXHN
B0CMQ4GMK7,A1SMZEZO08MXHN
B0CMJBLGT4,A1SMZEZO08MXHN
B0CMH86M45,A1SMZEZO08MXHN
B0CL6K5DTC,A1SMZEZO08MXHN
B0CL5BCLSN,A1SMZEZO08MXHN
B0CKDLW39K,A1SMZEZO08MXHN
B0CJX5FPD8,A1SMZEZO08MXHN
B0CJ9SHDKD,A1SMZEZO08MXHN
B0CJ9C1XVG,A1SMZEZO08MXHN
B0CJ8S542Y,A1SMZEZO08MXHN
B0CJ7GZHB6,A1SMZEZO08MXHN
B081TSTKCT,A1SMZEZO08MXHN
B07Z5QV3ZN,A1SMZEZO08MXHN
B07XNZ3GHG,A1SMZEZO08MXHN
B07W76HP77,A1SMZEZO08MXHN
B07VGCQPFB,A1SMZEZO08MXHN
B07VFQYZSB,A1SMZEZO08MXHN
B07VC694JV,A1SMZEZO08MXHN
B07SN1Y6FV,A1SMZEZO08MXHN
B07QXZGL7C,A1SMZEZO08MXHN
B07PHXYNCK,A1SMZEZO08MXHN
B07NNFG1C1,A1SMZEZO08MXHN
B07LF2J7C5,A1SMZEZO08MXHN
B07K9YXDQJ,A1SMZEZO08MXHN
B07JPY7MMC,A1SMZEZO08MXHN
B07HS3Y5KH,A1SMZEZO08MXHN
B07CP8RNXS,A1SMZEZO08MXHN
B08SLPKRFD,A1SMZEZO08MXHN
B08P62PP6Y,A1SMZEZO08MXHN
B08P61QG8X,A1SMZEZO08MXHN
B08P3TT9YW,A1SMZEZO08MXHN
B08P28Y149,A1SMZEZO08MXHN
B08NT31NH7,A1SMZEZO08MXHN
B08MZJY175,A1SMZEZO08MXHN
B08MFS3K38,A1SMZEZO08MXHN
B08K8DRZJM,A1SMZEZO08MXHN
B08GHWLYSK,A1SMZEZO08MXHN
B08FZQY8PN,A1SMZEZO08MXHN
B08DTYJ51T,A1SMZEZO08MXHN
B08C724PGR,A1SMZEZO08MXHN
B089G41Z32,A1SMZEZO08MXHN
B085XDSB3Y,A1SMZEZO08MXHN
B0844GTTMP,A1SMZEZO08MXHN
B07DMRNV77,A1SMZEZO08MXHN
B0BYD7HSKK,A1SMZEZO08MXHN
B08J29W7XF,A1SMZEZO08MXHN
B0D8KFRH7Q,A1SMZEZO08MXHN
B0CMX19QZJ,A1SMZEZO08MXHN
B0CQQG4MJF,A1SMZEZO08MXHN
B089Q77XZ1,A1SMZEZO08MXHN
B01A9EZHK4,A1SMZEZO08MXHN
B000GU67VU,A1SMZEZO08MXHN
B0BZVTTXV9,A1SMZEZO08MXHN
B09WT96NXD,A1SMZEZO08MXHN
B08PDN5VMF,A1SMZEZO08MXHN
B007ZDFSFM,A1SMZEZO08MXHN
B09XJWKNCX,A1SMZEZO08MXHN
B099R5LT9N,A1SMZEZO08MXHN
B0CD25Q265,A1SMZEZO08MXHN
B07CJ96ZPW,A1SMZEZO08MXHN
B07CBSMF7Q,A1SMZEZO08MXHN
B0796R5TXP,A1SMZEZO08MXHN
B077Z3XBWR,A1SMZEZO08MXHN
B077VBRH82,A1SMZEZO08MXHN
B077SKC776,A1SMZEZO08MXHN
B071RMG84G,A1SMZEZO08MXHN
B071NJQXCV,A1SMZEZO08MXHN
B01ND185TS,A1SMZEZO08MXHN
B01KC6YX86,A1SMZEZO08MXHN
B01J3FISN8,A1SMZEZO08MXHN
B01HHDCT1A,A1SMZEZO08MXHN
B00P8A3XCE,A1SMZEZO08MXHN
B00P1DFWJK,A1SMZEZO08MXHN
B00LFHYPDA,A1SMZEZO08MXHN
B0093CHZ8G,A1SMZEZO08MXHN
B0B6VKDQJY,A1SMZEZO08MXHN
B089QQNKJL,A1SMZEZO08MXHN
B0C3H75ZDK,A1SMZEZO08MXHN
B0C52FTHZ8,A1SMZEZO08MXHN
B094KNXN9G,A1SMZEZO08MXHN
B00LXJKPZM,A1SMZEZO08MXHN
B0C7NX8X7F,A1SMZEZO08MXHN
B07NJ4PYDB,A1SMZEZO08MXHN
B07TTWL2YV,A1SMZEZO08MXHN
B096MVP2XR,A1SMZEZO08MXHN
B0C46XSW1T,A1SMZEZO08MXHN
B0BHV9MWKM,A1SMZEZO08MXHN
B0CKXQTPQN,A1SMZEZO08MXHN
B0CF8KMTJP,A1SMZEZO08MXHN
B099JMZVKW,A1SMZEZO08MXHN
B08NPXPRPS,A1SMZEZO08MXHN
B09NW4CMCY,A1SMZEZO08MXHN
B09NPK7YHC,A1SMZEZO08MXHN
B09NNH2V6D,A1SMZEZO08MXHN
B09HQ4KKCM,A1SMZEZO08MXHN
B09DYFSVJD,A1SMZEZO08MXHN
B09DWZBR4P,A1SMZEZO08MXHN
B09CGBM3VK,A1SMZEZO08MXHN
B09BJ1Q7NH,A1SMZEZO08MXHN
B099PTJ7YH,A1SMZEZO08MXHN
B0987Z86M4,A1SMZEZO08MXHN
B095CNDXWD,A1SMZEZO08MXHN
B0953444N4,A1SMZEZO08MXHN
B094VWDBGR,A1SMZEZO08MXHN
B094FK8GN9,A1SMZEZO08MXHN
B093FBN3NC,A1SMZEZO08MXHN
B08TC9WBHD,A1SMZEZO08MXHN
B07463XHN9,A1SMZEZO08MXHN
B09469J2QR,A1SMZEZO08MXHN
B07NJ9N1Q6,A1SMZEZO08MXHN
B0CZVPSGZ6,A1SMZEZO08MXHN
B09Y9H1HNJ,A1SMZEZO08MXHN
B0776NWNKX,A1SMZEZO08MXHN
B0D3LTBQBP,A1SMZEZO08MXHN
B099JB6VZD,A1SMZEZO08MXHN
B0CBS1HNHR,A1SMZEZO08MXHN
B0BXLB2JSH,A1SMZEZO08MXHN
B0B45G1MH2,A1SMZEZO08MXHN
B008J4V1J8,A1SMZEZO08MXHN
B00838IXIC,A1SMZEZO08MXHN
B007W80J6I,A1SMZEZO08MXHN
B007W5A93O,A1SMZEZO08MXHN
B004JPMS7K,A1SMZEZO08MXHN
B0040373QC,A1SMZEZO08MXHN
B0027A3CCY,A1SMZEZO08MXHN
B000GZPH1G,A1SMZEZO08MXHN
B0D9JB3DDX,A1SMZEZO08MXHN
B0D7H7N52H,A1SMZEZO08MXHN
B07K51BD8F,A1SMZEZO08MXHN
B07CKCH9JP,A1SMZEZO08MXHN
B077X9VFPV,A1SMZEZO08MXHN
B004SQ3PK4,A1SMZEZO08MXHN
B09TD1FYFS,A1SMZEZO08MXHN
B07L78RQYD,A1SMZEZO08MXHN
B07573KQZQ,A1SMZEZO08MXHN
B016IHE6FI,A1SMZEZO08MXHN
B0B4DL7KPP,A1SMZEZO08MXHN
B0CHR9STWJ,A1SMZEZO08MXHN
B0CH8LZVWJ,A1SMZEZO08MXHN
B0CGZLVXRV,A1SMZEZO08MXHN
B0CG3KRG6H,A1SMZEZO08MXHN
B0CG2X6V9C,A1SMZEZO08MXHN
B0CFZVNT3G,A1SMZEZO08MXHN
B0CFTKLXQX,A1SMZEZO08MXHN
B0CFBJQW4T,A1SMZEZO08MXHN
B0CDKNTN87,A1SMZEZO08MXHN
B0CDC5VQDP,A1SMZEZO08MXHN
B0CD7QK5X2,A1SMZEZO08MXHN
B0CD7FSLRK,A1SMZEZO08MXHN
B0CD1SZ6HF,A1SMZEZO08MXHN
B0CCVXBWP7,A1SMZEZO08MXHN
B0CCF9C4S9,A1SMZEZO08MXHN
B0CC5HWF5J,A1SMZEZO08MXHN
B005VR4G20,A1SMZEZO08MXHN
B0DPC61CFH,A1SMZEZO08MXHN
B0853FDFPV,A1SMZEZO08MXHN
B0CKYR7CY6,A1SMZEZO08MXHN
B09MVVHZBD,A1SMZEZO08MXHN
B0CR3SQVPW,A1SMZEZO08MXHN
B0BN6MBR7X,A1SMZEZO08MXHN
B07JV7WTZ2,A1SMZEZO08MXHN
B00U85RHFI,A1SMZEZO08MXHN
B0BXFR453B,A1SMZEZO08MXHN
B07JQXX2Z1,A1SMZEZO08MXHN
B001HZXWSO,A1SMZEZO08MXHN
B0CHS3XDMR,A1SMZEZO08MXHN
B01IPNAW6U,A1SMZEZO08MXHN
B0DKKN4BPH,A1SMZEZO08MXHN
B0CTH1P36H,A1SMZEZO08MXHN
B0C5RX5V61,A1SMZEZO08MXHN
B0C58C4HCM,A1SMZEZO08MXHN
B0C4TX15S3,A1SMZEZO08MXHN
B0C4P3WWTZ,A1SMZEZO08MXHN
B0C4H9GLCM,A1SMZEZO08MXHN
B0C49F9PZP,A1SMZEZO08MXHN
B0C2TRNY5Q,A1SMZEZO08MXHN
B0C23Q5NZH,A1SMZEZO08MXHN
B0BZV7PMKB,A1SMZEZO08MXHN
B0BZT6WC2C,A1SMZEZO08MXHN
B0BZNVM6V7,A1SMZEZO08MXHN
B0BZCYG1YL,A1SMZEZO08MXHN
B0BYVQP821,A1SMZEZO08MXHN
B0BYK3364J,A1SMZEZO08MXHN
B0BY91XH3D,A1SMZEZO08MXHN
B0BXKJCQ6B,A1SMZEZO08MXHN
B0C7BZHHS4,A1SMZEZO08MXHN
B07H5GB231,A1SMZEZO08MXHN
B08FVX8DM3,A1SMZEZO08MXHN
B07NZ1DQ8F,A1SMZEZO08MXHN
B074VGYMXW,A1SMZEZO08MXHN
B0D3B25V73,A1SMZEZO08MXHN
1549240862,A1SMZEZO08MXHN
B08RRZGSYY,A1SMZEZO08MXHN
B087M711GT,A1SMZEZO08MXHN
B08287W818,A1SMZEZO08MXHN
B07ZZDQ8XW,A1SMZEZO08MXHN
B0BRPSRGHM,A1SMZEZO08MXHN
B07HKC4LJ5,A1SMZEZO08MXHN
B074CJ8K7W,A1SMZEZO08MXHN
B0CCDS91MC,A1SMZEZO08MXHN
B09ZYPBB2D,A1SMZEZO08MXHN
B0CQL7WXJ2,A1SMZEZO08MXHN
B0CPP4NQ4X,A1SMZEZO08MXHN
B0CNY7LGHS,A1SMZEZO08MXHN
B0CNGTDCJN,A1SMZEZO08MXHN
B0CM3PXD3J,A1SMZEZO08MXHN
B0CJ4M7L79,A1SMZEZO08MXHN
B0CF176MYZ,A1SMZEZO08MXHN
B0CCCX23HV,A1SMZEZO08MXHN
B0CC996XNS,A1SMZEZO08MXHN
B0CC8Q5ZKN,A1SMZEZO08MXHN
B0CC2H49PT,A1SMZEZO08MXHN
B0CBNFCVP5,A1SMZEZO08MXHN
B0CBJMBLWS,A1SMZEZO08MXHN
B0C7ZVS3ST,A1SMZEZO08MXHN
B0C7W3ZCL9,A1SMZEZO08MXHN
B0C6SSYCGL,A1SMZEZO08MXHN
B0C5JGJDH4,A1SMZEZO08MXHN
B0C5HQT3SD,A1SMZEZO08MXHN
B0C4DQ7Z3W,A1SMZEZO08MXHN
B0C45G92JM,A1SMZEZO08MXHN
B0C3ZZCCNC,A1SMZEZO08MXHN
B0C253L4BD,A1SMZEZO08MXHN
B0BZZ3RCWH,A1SMZEZO08MXHN
B0BYMPQZNH,A1SMZEZO08MXHN
B0BXY5JMGL,A1SMZEZO08MXHN
B0BX47BFQS,A1SMZEZO08MXHN
B0BW35GMVD,A1SMZEZO08MXHN
B0BV6V3RZQ,A1SMZEZO08MXHN
B0BV6F48BS,A1SMZEZO08MXHN
B0BV2Q2N7K,A1SMZEZO08MXHN
B0BV189LWT,A1SMZEZO08MXHN
B0BRNNKMB1,A1SMZEZO08MXHN
B0DC93WJ74,A1SMZEZO08MXHN
B0D9M9QM5T,A1SMZEZO08MXHN
B0D9HS4ZKC,A1SMZEZO08MXHN
B0D4QSLRKS,A1SMZEZO08MXHN
B0D4F8DGSY,A1SMZEZO08MXHN
B0D49DQ2R5,A1SMZEZO08MXHN
B0D3J4JRFG,A1SMZEZO08MXHN
B0D2NJZWVX,A1SMZEZO08MXHN
B0CYZVVF36,A1SMZEZO08MXHN
B0CXDS7BML,A1SMZEZO08MXHN
B0CWP9NG8G,A1SMZEZO08MXHN
B0CSZ6R4J1,A1SMZEZO08MXHN
B0CRB2DN4F,A1SMZEZO08MXHN
B0CR2XQD65,A1SMZEZO08MXHN
B0CQXMT2MK,A1SMZEZO08MXHN
B0CQLKDXYV,A1SMZEZO08MXHN
B09Y37FJLD,A1SMZEZO08MXHN
B09NRCTGXF,A1SMZEZO08MXHN
B08ZCGZHQ9,A1SMZEZO08MXHN
B07Y84X6HN,A1SMZEZO08MXHN
B07THLXN4H,A1SMZEZO08MXHN
B07JG4TR3R,A1SMZEZO08MXHN
B07J1GXZ7Q,A1SMZEZO08MXHN
B00FBKT9P6,A1SMZEZO08MXHN
B002MB61RQ,A1SMZEZO08MXHN
B0CP18QB6Z,A1SMZEZO08MXHN
B0DQNH85JP,A1SMZEZO08MXHN
B0DPH3JQQF,A1SMZEZO08MXHN
B0DGG6QCKP,A1SMZEZO08MXHN
B0DDKRMYQH,A1SMZEZO08MXHN
B0DDCCGGCZ,A1SMZEZO08MXHN
B0DCS2759C,A1SMZEZO08MXHN
B0BQHW9CQ8,A1SMZEZO08MXHN
B0BPX5PYRF,A1SMZEZO08MXHN
B0BN4NB9QD,A1SMZEZO08MXHN
B0BMWRXDVY,A1SMZEZO08MXHN
B0BMVY6347,A1SMZEZO08MXHN
B0BMPWC9W9,A1SMZEZO08MXHN
B0BK75KP34,A1SMZEZO08MXHN
B0BJDP9WXN,A1SMZEZO08MXHN
B0BJBBQ4ZD,A1SMZEZO08MXHN
B0BGR6MQ1F,A1SMZEZO08MXHN
B0BFZYRM7W,A1SMZEZO08MXHN
B0BFVFHB79,A1SMZEZO08MXHN
B0BCXHPT21,A1SMZEZO08MXHN
B0BCHBK459,A1SMZEZO08MXHN
B0BC16ZRCB,A1SMZEZO08MXHN
B0BBT8D5VV,A1SMZEZO08MXHN
B09KRQLD5H,A1SMZEZO08MXHN
B09HBH8HQ3,A1SMZEZO08MXHN
B09F8JBSVJ,A1SMZEZO08MXHN
B09DW5VR9P,A1SMZEZO08MXHN
B09B3S85VV,A1SMZEZO08MXHN
B097ZK86C6,A1SMZEZO08MXHN
B097QC4N1B,A1SMZEZO08MXHN
B095CS9XJR,A1SMZEZO08MXHN
B09446S2KH,A1SMZEZO08MXHN
B093VPTVY4,A1SMZEZO08MXHN
B093NT79W3,A1SMZEZO08MXHN
B092HGB98F,A1SMZEZO08MXHN
B08WF4SMN4,A1SMZEZO08MXHN
B08TQK71VH,A1SMZEZO08MXHN
B08PG2789Y,A1SMZEZO08MXHN
B08P4764ZF,A1SMZEZO08MXHN
B0BBM4GBFD,A1SMZEZO08MXHN
B0B9HP6YFH,A1SMZEZO08MXHN
B0B8X51NSH,A1SMZEZO08MXHN
B0B8SBD93W,A1SMZEZO08MXHN
B0B6SNB6NG,A1SMZEZO08MXHN
B0B5GR7YLJ,A1SMZEZO08MXHN
B0B585B495,A1SMZEZO08MXHN
B0B52KVKFM,A1SMZEZO08MXHN
B0B4NB7GJZ,A1SMZEZO08MXHN
B0B396153J,A1SMZEZO08MXHN
B0B2QCH6WK,A1SMZEZO08MXHN
B0B1NTT4J3,A1SMZEZO08MXHN
B09ZL258QV,A1SMZEZO08MXHN
B09YYDS1XN,A1SMZEZO08MXHN
B09YP8QNW8,A1SMZEZO08MXHN
B09YNTJPSB,A1SMZEZO08MXHN
B08N3HGB78,A1SMZEZO08MXHN
B08MPT1PLL,A1SMZEZO08MXHN
B08M95FVMP,A1SMZEZO08MXHN
B08M39B5Z1,A1SMZEZO08MXHN
B08L5NZ6QX,A1SMZEZO08MXHN
B08KVQK6DM,A1SMZEZO08MXHN
B08GYRS16F,A1SMZEZO08MXHN
B08GTY6XPR,A1SMZEZO08MXHN
B08FWV3DWC,A1SMZEZO08MXHN
B08FST6PM1,A1SMZEZO08MXHN
B08FJD89G7,A1SMZEZO08MXHN
B08FBK843Q,A1SMZEZO08MXHN
B08CV539WW,A1SMZEZO08MXHN
B08CDHWJ8V,A1SMZEZO08MXHN
B08C2WDVZ8,A1SMZEZO08MXHN
B08BHMGQ3B,A1SMZEZO08MXHN
B09Y59XSZ8,A1SMZEZO08MXHN
B09Y4M9P75,A1SMZEZO08MXHN
B09XF2PCKP,A1SMZEZO08MXHN
B09WCNLRGR,A1SMZEZO08MXHN
B09W2J6YDN,A1SMZEZO08MXHN
B09VPSMKKZ,A1SMZEZO08MXHN
B09VL6KB82,A1SMZEZO08MXHN
B09TY65KCM,A1SMZEZO08MXHN
B09S9LM8Y4,A1SMZEZO08MXHN
B09R12TN1B,A1SMZEZO08MXHN
B09PZYKHYM,A1SMZEZO08MXHN
B09N3F8DYJ,A1SMZEZO08MXHN
B09N3F36C5,A1SMZEZO08MXHN
B09L4V8DB1,A1SMZEZO08MXHN
B09L1HKDQY,A1SMZEZO08MXHN
B089YSK4H1,A1SMZEZO08MXHN
B089M4DC45,A1SMZEZO08MXHN
B0894N7QT2,A1SMZEZO08MXHN
B088H1DX49,A1SMZEZO08MXHN
B0854GJJ2M,A1SMZEZO08MXHN
B08522HHNW,A1SMZEZO08MXHN
B084NMLRGM,A1SMZEZO08MXHN
B084GMPP3V,A1SMZEZO08MXHN
B0845QJT64,A1SMZEZO08MXHN
B082DMX2FZ,A1SMZEZO08MXHN
B081SLZ5YQ,A1SMZEZO08MXHN
B081F7HB1M,A1SMZEZO08MXHN
B081D9RZPS,A1SMZEZO08MXHN
B07ZZDQD99,A1SMZEZO08MXHN
B07YWG94HW,A1SMZEZO08MXHN
B07X92MKQK,A1SMZEZO08MXHN
B07VNTPBKT,A1SMZEZO08MXHN
B07VBHN8M6,A1SMZEZO08MXHN
B07SV539CR,A1SMZEZO08MXHN
B07RQQL5NG,A1SMZEZO08MXHN
B07RLVHS5M,A1SMZEZO08MXHN
B07RGL46JX,A1SMZEZO08MXHN
B07QHZR7K6,A1SMZEZO08MXHN
B07PYG93TH,A1SMZEZO08MXHN
B07MXCZTQB,A1SMZEZO08MXHN
B07MX2385V,A1SMZEZO08MXHN
B07MBPYR7M,A1SMZEZO08MXHN
B07J2W1FVK,A1SMZEZO08MXHN
B07HHZPR1Z,A1SMZEZO08MXHN
B07H949WCL,A1SMZEZO08MXHN
B07GB17XD7,A1SMZEZO08MXHN
B07FQY2SJ4,A1SMZEZO08MXHN
B07D6V4QDT,A1SMZEZO08MXHN
B07D66NDS3,A1SMZEZO08MXHN
B07CNF5SY4,A1SMZEZO08MXHN
B07BL81F6F,A1SMZEZO08MXHN
B07B2FDDB9,A1SMZEZO08MXHN
B079V7LK1M,A1SMZEZO08MXHN
B079B6SM8Y,A1SMZEZO08MXHN
B078H54M4J,A1SMZEZO08MXHN
B077PJZJV8,A1SMZEZO08MXHN
B076414SW2,A1SMZEZO08MXHN
B075X45LCC,A1SMZEZO08MXHN
B07577CLNT,A1SMZEZO08MXHN
B074N28VVV,A1SMZEZO08MXHN
B06XJCJ1LY,A1SMZEZO08MXHN
B06XH3X3S5,A1SMZEZO08MXHN
B01NALB4WA,A1SMZEZO08MXHN
B087DXNJFV,A1SMZEZO08MXHN
B07G76843F,A1SMZEZO08MXHN
B013WQRNKI,A1SMZEZO08MXHN
B01M2YHDOX,A1SMZEZO08MXHN
B01LPTQGTI,A1SMZEZO08MXHN
B01HR4CRRA,A1SMZEZO08MXHN
B01HAQV6OA,A1SMZEZO08MXHN
B01GQWKKV4,A1SMZEZO08MXHN
B01BLS6SQ4,A1SMZEZO08MXHN
B01B174GKA,A1SMZEZO08MXHN
B013VCF6WK,A1SMZEZO08MXHN
B013RYTIAI,A1SMZEZO08MXHN
B011SMB7D2,A1SMZEZO08MXHN
B0116PBLQY,A1SMZEZO08MXHN
B0108SOJRI,A1SMZEZO08MXHN
B00VMU085Y,A1SMZEZO08MXHN
B00UW5BMDM,A1SMZEZO08MXHN
B00R6RQ9B4,A1SMZEZO08MXHN
B00QQTQUWQ,A1SMZEZO08MXHN
B0B6RSFHHK,A1SMZEZO08MXHN
B09DR9J6GX,A1SMZEZO08MXHN
B09C33KRD7,A1SMZEZO08MXHN
B08N4L35S2,A1SMZEZO08MXHN
B086DB9RMK,A1SMZEZO08MXHN
B07MX97CTQ,A1SMZEZO08MXHN
B074XG1K56,A1SMZEZO08MXHN
B074G4ZX37,A1SMZEZO08MXHN
B01G43W17G,A1SMZEZO08MXHN
B00VJ3FVUG,A1SMZEZO08MXHN
B0047UQV2A,A1SMZEZO08MXHN
B0019IKX90,A1SMZEZO08MXHN
B07NTW5CL7,A1SMZEZO08MXHN
B0D5M8TFLK,A1SMZEZO08MXHN
B07VCQBZYG,A1SMZEZO08MXHN
B07QRTQNKJ,A1SMZEZO08MXHN
B00NJ1HKW8,A1SMZEZO08MXHN
B00LOU60QS,A1SMZEZO08MXHN
B00IZ9K88W,A1SMZEZO08MXHN
B00GB3ZHUI,A1SMZEZO08MXHN
B00DTGG0WY,A1SMZEZO08MXHN
B00CTTO3P8,A1SMZEZO08MXHN
B00BY9J8DG,A1SMZEZO08MXHN
B008SR2VTK,A1SMZEZO08MXHN
B008P8EUFA,A1SMZEZO08MXHN
B0087VKZK4,A1SMZEZO08MXHN
B003TL4788,A1SMZEZO08MXHN
B000COS4ZW,A1SMZEZO08MXHN
B00023M8RS,A1SMZEZO08MXHN
B0000AXY3C,A1SMZEZO08MXHN
B00004R9YS,A1SMZEZO08MXHN
B0CJY66PKM,A1SMZEZO08MXHN
B0B76MSL4Z,A1SMZEZO08MXHN
B076YY5GM5,A1SMZEZO08MXHN
B09TZJWQ2F,A1SMZEZO08MXHN
B07CZCTGBK,A1SMZEZO08MXHN
B09WVLQ9TV,A1SMZEZO08MXHN
B0CP88PQGG,A1SMZEZO08MXHN
B0CLVMXH3Y,A1SMZEZO08MXHN
B0CJLJ16YZ,A1SMZEZO08MXHN
B08PQRQ96L,A1SMZEZO08MXHN
B0DLV96MBV,A1SMZEZO08MXHN
B0752ZXTSZ,A1SMZEZO08MXHN
B0D8HZMSSD,A1SMZEZO08MXHN
B0BKY6VDSW,A1SMZEZO08MXHN
B097H5M7GL,A1SMZEZO08MXHN
B09C9NWH7F,A1SMZEZO08MXHN
B00YFUOD9U,A1SMZEZO08MXHN
B0C2NNBTKD,A1SMZEZO08MXHN
B0BZT7JB9Z,A1SMZEZO08MXHN
B00N31FQJS,A1SMZEZO08MXHN
B0C2BVKXVN,A1SMZEZO08MXHN
B0BBRXP6GH,A1SMZEZO08MXHN
B0CD8D638W,A1SMZEZO08MXHN
B082XJ6G3N,A1SMZEZO08MXHN
B0D3WFYD4V,A1SMZEZO08MXHN
B0B75X41SB,A1SMZEZO08MXHN
B072DWPDSR,A1SMZEZO08MXHN
B0CNP362T1,A1SMZEZO08MXHN
B0CDGZDBML,A1SMZEZO08MXHN
B07MSFSHWW,A1SMZEZO08MXHN
B0BTD64HZ6,A1SMZEZO08MXHN
B0CPQBJFRN,A1SMZEZO08MXHN
B0BDMBHY9Q,A1SMZEZO08MXHN
B07KZ4B9MJ,A1SMZEZO08MXHN
B0CBBQB6W1,A1SMZEZO08MXHN
B0BQQDWGXV,A1SMZEZO08MXHN
B09N34ZNMZ,A1SMZEZO08MXHN
B01BKA2MOU,A1SMZEZO08MXHN
B0C92389R2,A1SMZEZO08MXHN
B00P192HX8,A1SMZEZO08MXHN
B003STEIYY,A1SMZEZO08MXHN
B0BXJDMMLR,A1SMZEZO08MXHN
B006HCRDOQ,A1SMZEZO08MXHN
B0C777D55D,A1SMZEZO08MXHN
B0BS3FYXZP,A1SMZEZO08MXHN
B0BPR2SVD9,A1SMZEZO08MXHN
B07YFP9345,A1SMZEZO08MXHN
B0DJVJBNW3,A1SMZEZO08MXHN
B0DGGDMK9C,A1SMZEZO08MXHN
B0DFM7ZWQC,A1SMZEZO08MXHN
B0DF6JDY7K,A1SMZEZO08MXHN
B0DBT6ZJF4,A1SMZEZO08MXHN
B0DB68Y98F,A1SMZEZO08MXHN
B0D93HHBH3,A1SMZEZO08MXHN
B0DC8MWQ8K,A1SMZEZO08MXHN
B0C73CYVB9,A1SMZEZO08MXHN
B0BRB4F2M7,A1SMZEZO08MXHN
B0C4TBLHSN,A1SMZEZO08MXHN
B0C85X5XMM,A1SMZEZO08MXHN
B0DBH75HMD,A1SMZEZO08MXHN
B087GCF48M,A1SMZEZO08MXHN
B0CZNZ2TGZ,A1SMZEZO08MXHN
B0CHJ69KN8,A1SMZEZO08MXHN
B08LLCLQNJ,A1SMZEZO08MXHN
B08HSLCBR4,A1SMZEZO08MXHN
B0CH81M7Z1,A1SMZEZO08MXHN
B0BF4HYG9X,A1SMZEZO08MXHN
B0BB6X5BF8,A1SMZEZO08MXHN
B01EDMZNI4,A1SMZEZO08MXHN
B0DF2D9G6S,A1SMZEZO08MXHN
B0D8T8HQ6L,A1SMZEZO08MXHN
B0D6VQ8XRF,A1SMZEZO08MXHN
B0D5H6TLXT,A1SMZEZO08MXHN
B0D1BXRGMV,A1SMZEZO08MXHN
B0CY4422W2,A1SMZEZO08MXHN
B09N27ZMLH,A1SMZEZO08MXHN
B0CSMCVLP3,A1SMZEZO08MXHN
B016DMTSVK,A1SMZEZO08MXHN
B0D7PDWFWT,A1SMZEZO08MXHN
B0D2RDMX2Z,A1SMZEZO08MXHN
B0CW9QKZGC,A1SMZEZO08MXHN
B0CLCVTH1G,A1SMZEZO08MXHN
B07C5DY6NK,A1SMZEZO08MXHN
B00TGOKASI,A1SMZEZO08MXHN
B0DNMX7HCT,A1SMZEZO08MXHN
B0DNM32DMQ,A1SMZEZO08MXHN
B0C6TFM91Q,A1SMZEZO08MXHN
B098NQ685V,A1SMZEZO08MXHN
B0D77QM2M8,A1SMZEZO08MXHN
B0DNQ972DD,A1SMZEZO08MXHN
B0DCG1KW8V,A1SMZEZO08MXHN
B019ZZQ0FY,A1SMZEZO08MXHN
B000182DMY,A1SMZEZO08MXHN
B0CPBKW8NK,A1SMZEZO08MXHN
B0B14K3W4L,A1SMZEZO08MXHN
B0CJ91CH1Q,A1SMZEZO08MXHN
B0C7KX4BSH,A1SMZEZO08MXHN
B094WX71DT,A1SMZEZO08MXHN
B0CQX85B2L,A1SMZEZO08MXHN
B0D6BPHM9F,A1SMZEZO08MXHN
B0D2SZ6KKS,A1SMZEZO08MXHN
B0CT1VRVH6,A1SMZEZO08MXHN
B0CCJ9ZZKL,A1SMZEZO08MXHN
B0BTYM4C9L,A1SMZEZO08MXHN
B0BJ7LFK58,A1SMZEZO08MXHN
B09TRFK7D2,A1SMZEZO08MXHN
B095K6V3YC,A1SMZEZO08MXHN
B08FB7CYK4,A1SMZEZO08MXHN
B06VVR3211,A1SMZEZO08MXHN
B01NCYKQSN,A1SMZEZO08MXHN
B09PY6MZCW,A1SMZEZO08MXHN
B08QRM9KT7,A1SMZEZO08MXHN
B07Z1S3Z4W,A1SMZEZO08MXHN
B00CMVZIDO,A1SMZEZO08MXHN
B0DWFHC53D,A1SMZEZO08MXHN
B0DRFMGDGC,A1SMZEZO08MXHN
B0CPSCZSQ2,A1SMZEZO08MXHN
B0CLL392CZ,A1SMZEZO08MXHN
B08XW6VVP6,A1SMZEZO08MXHN
B0DDKG1N2X,A1SMZEZO08MXHN
B07BYGWMMP,A1SMZEZO08MXHN
B0D97PNLPJ,A1SMZEZO08MXHN
B09DRPP667,A1SMZEZO08MXHN
B0002JT7LC,A1SMZEZO08MXHN
B0CKH5BX2S,A1SMZEZO08MXHN
B0CL7N7NM4,A1SMZEZO08MXHN
B09V5585SB,A1SMZEZO08MXHN
B0BYT7KSJB,A1SMZEZO08MXHN
B07ZFKHWF4,A1SMZEZO08MXHN
B09SGCLFKD,A1SMZEZO08MXHN
B0C6M4KYRZ,A1SMZEZO08MXHN
B0BYT4G9KG,A1SMZEZO08MXHN
B0DQWNTTRK,A1SMZEZO08MXHN
B0DNZCWGDB,A1SMZEZO08MXHN
B0DNSVWXSS,A1SMZEZO08MXHN
B0DKWK6QKD,A1SMZEZO08MXHN
B0DJKWVXNL,A1SMZEZO08MXHN
B0DHVLQNMP,A1SMZEZO08MXHN
B0DGQBV8DL,A1SMZEZO08MXHN
B0DGMLY186,A1SMZEZO08MXHN
B0DFXRPZ68,A1SMZEZO08MXHN
B0DDTMH8DB,A1SMZEZO08MXHN
B0D8QLDZRQ,A1SMZEZO08MXHN
B0D5LXG55M,A1SMZEZO08MXHN
B0D5D1V9VD,A1SMZEZO08MXHN
B0D3WFXGY2,A1SMZEZO08MXHN
B0D3TH74D8,A1SMZEZO08MXHN
B0D22BPT5Q,A1SMZEZO08MXHN
B0BX8ZNHQ3,A1SMZEZO08MXHN
B0BVGHMCFH,A1SMZEZO08MXHN
B0BTZCD3JS,A1SMZEZO08MXHN
B0BPH8VFP9,A1SMZEZO08MXHN
B0BKPB46RH,A1SMZEZO08MXHN
B0BKH8GTDN,A1SMZEZO08MXHN
B0BKBRX48G,A1SMZEZO08MXHN
B0BJCGF7FY,A1SMZEZO08MXHN
B0BGT4YN2M,A1SMZEZO08MXHN
B0BG84BBB8,A1SMZEZO08MXHN
B0BG2DTJC9,A1SMZEZO08MXHN
B0BDFS2J7Y,A1SMZEZO08MXHN
B0BCLV53RK,A1SMZEZO08MXHN
B0BC3295VT,A1SMZEZO08MXHN
B0BC2ZVYPR,A1SMZEZO08MXHN
B0BB4Y6W5D,A1SMZEZO08MXHN
B0CGZWP7NB,A1SMZEZO08MXHN
B0CGQY3VXS,A1SMZEZO08MXHN
B0CFM7TMG8,A1SMZEZO08MXHN
B0CFBCGPR3,A1SMZEZO08MXHN
B0CC86QRZF,A1SMZEZO08MXHN
B0CB15J7WJ,A1SMZEZO08MXHN
B0C9DHN8CF,A1SMZEZO08MXHN
B0C6XZDDFW,A1SMZEZO08MXHN
B0C62X9WQB,A1SMZEZO08MXHN
B0C4H95YM2,A1SMZEZO08MXHN
B0C4H5X81J,A1SMZEZO08MXHN
B0C3QP6Y12,A1SMZEZO08MXHN
B0C2YK3W1V,A1SMZEZO08MXHN
B0C22XPKW2,A1SMZEZO08MXHN
B0BZTJQQTT,A1SMZEZO08MXHN
B0BY2FFWB2,A1SMZEZO08MXHN
B08TQHKWJB,A1SMZEZO08MXHN
B0BG7YNFTH,A1SMZEZO08MXHN
B0B7V44BVF,A1SMZEZO08MXHN
B01L9A70N4,A1SMZEZO08MXHN
B002LGUO5M,A1SMZEZO08MXHN
B0CDWPQN3V,A1SMZEZO08MXHN
B0C7S6ZNYT,A1SMZEZO08MXHN
B0BR15BP98,A1SMZEZO08MXHN
B0CG7GLZ8Y,A1SMZEZO08MXHN
B0BYK6YVL7,A1SMZEZO08MXHN
B087PVMMPG,A1SMZEZO08MXHN
B083CM1K1P,A1SMZEZO08MXHN
B07TVT5ZV6,A1SMZEZO08MXHN
B0B9SP6BNH,A1SMZEZO08MXHN
B0B9N6HSQ8,A1SMZEZO08MXHN
B0B9LFNM6J,A1SMZEZO08MXHN
B0B9LDYRTC,A1SMZEZO08MXHN
B0B8NCYHZZ,A1SMZEZO08MXHN
B0B6VSDH2V,A1SMZEZO08MXHN
B0B6QRT5RL,A1SMZEZO08MXHN
B0B5YCK9L9,A1SMZEZO08MXHN
B0B452XXFD,A1SMZEZO08MXHN
B0B3J6K5WM,A1SMZEZO08MXHN
B09VKLNX8V,A1SMZEZO08MXHN
B09V89VL75,A1SMZEZO08MXHN
B09TXB54TZ,A1SMZEZO08MXHN
B09TDNTNTV,A1SMZEZO08MXHN
B09QLS1VLD,A1SMZEZO08MXHN
B09NXJCY7R,A1SMZEZO08MXHN
B09JGV8VWX,A1SMZEZO08MXHN
B09HQJPSG7,A1SMZEZO08MXHN
B09C1QVPKL,A1SMZEZO08MXHN
B094WWDFZB,A1SMZEZO08MXHN
B08Z8GW534,A1SMZEZO08MXHN
B08TBYYY64,A1SMZEZO08MXHN
B08SWP4HL1,A1SMZEZO08MXHN
B08RRRPHXT,A1SMZEZO08MXHN
B08P5XF3J1,A1SMZEZO08MXHN
B08M3K5P6N,A1SMZEZO08MXHN
B08K2YB5MR,A1SMZEZO08MXHN
B08G5CW3DY,A1SMZEZO08MXHN
B08F3YRVJV,A1SMZEZO08MXHN
B08CXMFKQ2,A1SMZEZO08MXHN
B08CDB19RC,A1SMZEZO08MXHN
B08B8SXHN6,A1SMZEZO08MXHN
B088YKQ9TD,A1SMZEZO08MXHN
B085C9F1LR,A1SMZEZO08MXHN
B082F1K1DG,A1SMZEZO08MXHN
B082F1H9DL,A1SMZEZO08MXHN
B08247LPMJ,A1SMZEZO08MXHN
B07ZF1MXZR,A1SMZEZO08MXHN
B07Z7HHDYP,A1SMZEZO08MXHN
B07YS5C91V,A1SMZEZO08MXHN
B07XFPSZ58,A1SMZEZO08MXHN
B07T4F8XC4,A1SMZEZO08MXHN
B07RMH7VJB,A1SMZEZO08MXHN
B07RBN7XMP,A1SMZEZO08MXHN
B07PRVW11N,A1SMZEZO08MXHN
B07NL7CRF4,A1SMZEZO08MXHN
B07N2Q4JTL,A1SMZEZO08MXHN
B07K7LZG59,A1SMZEZO08MXHN
B0CL375DHK,A1SMZEZO08MXHN
B0CK27VLSD,A1SMZEZO08MXHN
B0CGRMJ14C,A1SMZEZO08MXHN
B0C9C7J1KM,A1SMZEZO08MXHN
B0BZQLP8NT,A1SMZEZO08MXHN
B0BTVR88ZS,A1SMZEZO08MXHN
B0BNKCWQ1V,A1SMZEZO08MXHN
B0BMZ2N437,A1SMZEZO08MXHN
B0BFZQJ99F,A1SMZEZO08MXHN
B0B92RQY7D,A1SMZEZO08MXHN
B0B7PV9XD5,A1SMZEZO08MXHN
B09ZNSZ2GD,A1SMZEZO08MXHN
B09T9XZ4XM,A1SMZEZO08MXHN
B09MTF9YBQ,A1SMZEZO08MXHN
B08NWSY2N6,A1SMZEZO08MXHN
B08NB59Q25,A1SMZEZO08MXHN
B07FWC1J55,A1SMZEZO08MXHN
B07D1DV7VL,A1SMZEZO08MXHN
B07BYJH3J7,A1SMZEZO08MXHN
B07BFG8LTK,A1SMZEZO08MXHN
B079Y65KKR,A1SMZEZO08MXHN
B079V4QCT3,A1SMZEZO08MXHN
B077PZF7H5,A1SMZEZO08MXHN
B077P81FF1,A1SMZEZO08MXHN
B076GQZD8F,A1SMZEZO08MXHN
B076FXLKDX,A1SMZEZO08MXHN
B01MY14WPC,A1SMZEZO08MXHN
B01MU01L24,A1SMZEZO08MXHN
B01J31CT9Q,A1SMZEZO08MXHN
B01I4LCYZK,A1SMZEZO08MXHN
B019PR55QM,A1SMZEZO08MXHN
B017JO8146,A1SMZEZO08MXHN
B017701FUE,A1SMZEZO08MXHN
B015YHKHTW,A1SMZEZO08MXHN
B012P5ZQF6,A1SMZEZO08MXHN
B00ZOUCYDW,A1SMZEZO08MXHN
B00RLT1QMY,A1SMZEZO08MXHN
B00IEX6NME,A1SMZEZO08MXHN
B00I5ELBA6,A1SMZEZO08MXHN
B00HFPZNJ6,A1SMZEZO08MXHN
B00DGRS5VA,A1SMZEZO08MXHN
B00C5PI1UE,A1SMZEZO08MXHN
B007NESQAM,A1SMZEZO08MXHN
B007HRDHJA,A1SMZEZO08MXHN
B005G1NADC,A1SMZEZO08MXHN
B001U7MWGW,A1SMZEZO08MXHN
B001RUI8OM,A1SMZEZO08MXHN
B001GC4A5C,A1SMZEZO08MXHN
B0017P3LQW,A1SMZEZO08MXHN
B000S0N2S4,A1SMZEZO08MXHN
B000LDLSJS,A1SMZEZO08MXHN
B0006B3TRY,A1SMZEZO08MXHN
B0DW46DZTN,A1SMZEZO08MXHN
B0DTP2GX3W,A1SMZEZO08MXHN
B0DQQ1N8FB,A1SMZEZO08MXHN
B0DPBZ3SWD,A1SMZEZO08MXHN
B0DNMT1V9W,A1SMZEZO08MXHN
B0DCMNYHFP,A1SMZEZO08MXHN
B0D9QSGLYT,A1SMZEZO08MXHN
B0D5XXTP27,A1SMZEZO08MXHN
B0D4QN6VX9,A1SMZEZO08MXHN
B0CZ3G7JCN,A1SMZEZO08MXHN
B0CYL8Y941,A1SMZEZO08MXHN
B0CRYZ7GYC,A1SMZEZO08MXHN
B0D6L2GYG6,A1SMZEZO08MXHN
B0D3VBVGG7,A1SMZEZO08MXHN
B0D31MNGNS,A1SMZEZO08MXHN
B0D148556F,A1SMZEZO08MXHN
B0CTJW35WD,A1SMZEZO08MXHN
B0CS37974P,A1SMZEZO08MXHN
B0CNSQFG69,A1SMZEZO08MXHN
B0CMD6FZX2,A1SMZEZO08MXHN
B0CLZSGGX8,A1SMZEZO08MXHN
B0CJTZC2RW,A1SMZEZO08MXHN
B0CJKKZSRW,A1SMZEZO08MXHN
B0CJFC65CH,A1SMZEZO08MXHN
B0CHJR9S6V,A1SMZEZO08MXHN
B0CDBWXLK7,A1SMZEZO08MXHN
B0CC8P23GG,A1SMZEZO08MXHN
B07D3H96MD,A1SMZEZO08MXHN
B0CBQYQG4K,A1SMZEZO08MXHN
B09Y8ZQV8S,A1SMZEZO08MXHN
B08HM98SNN,A1SMZEZO08MXHN
B085QM33GV,A1SMZEZO08MXHN
B07VPKZPR9,A1SMZEZO08MXHN
B07SGZX479,A1SMZEZO08MXHN
B07JDV99NG,A1SMZEZO08MXHN
B078SP9VJK,A1SMZEZO08MXHN
B01N9QLDR4,A1SMZEZO08MXHN
B01M4FDRHD,A1SMZEZO08MXHN
B00W9Y56L8,A1SMZEZO08MXHN
B00RU9CPOI,A1SMZEZO08MXHN
B00GROXUO6,A1SMZEZO08MXHN
B00GROXIOS,A1SMZEZO08MXHN
B009IMX18E,A1SMZEZO08MXHN
B000CIUKVE,A1SMZEZO08MXHN
B0CY5PQQ5H,A1SMZEZO08MXHN
B0CXXNB251,A1SMZEZO08MXHN
B0CWX19J35,A1SMZEZO08MXHN
B0CT2HPSGF,A1SMZEZO08MXHN
B0CT1TC3BT,A1SMZEZO08MXHN
B0CSBFNYPX,A1SMZEZO08MXHN
B0CS2X3X2Z,A1SMZEZO08MXHN
B0CRVKWLKW,A1SMZEZO08MXHN
B0CQX9FZ1F,A1SMZEZO08MXHN
B0CPPRM6LC,A1SMZEZO08MXHN
B0CPJ5WDC9,A1SMZEZO08MXHN
B0CPJ42Y71,A1SMZEZO08MXHN
B0CP53TGHJ,A1SMZEZO08MXHN
B0CNCP8P1W,A1SMZEZO08MXHN
B0CNCHW4N5,A1SMZEZO08MXHN
B0CLG2QLNP,A1SMZEZO08MXHN
B0BXFGV3C5,A1SMZEZO08MXHN
B0BX4N941M,A1SMZEZO08MXHN
B0BW41CT4M,A1SMZEZO08MXHN
B0BRKMSXCH,A1SMZEZO08MXHN
B0BR5H2N2K,A1SMZEZO08MXHN
B0BN81XVVP,A1SMZEZO08MXHN
B0BKJN3YXJ,A1SMZEZO08MXHN
B0BKGT7Z9K,A1SMZEZO08MXHN
B0BKFQSBG2,A1SMZEZO08MXHN
B0BK9T8TLX,A1SMZEZO08MXHN
B0BHS2JP7W,A1SMZEZO08MXHN
B0B99ZX34W,A1SMZEZO08MXHN
B0B8ZYG8YC,A1SMZEZO08MXHN
B0B8X3VMQY,A1SMZEZO08MXHN
B0B8RHGZX8,A1SMZEZO08MXHN
B0B86SWL1R,A1SMZEZO08MXHN
B09HFRKPBH,A1SMZEZO08MXHN
B09DV11J6L,A1SMZEZO08MXHN
B09D7KRDM3,A1SMZEZO08MXHN
B09CP7MS32,A1SMZEZO08MXHN
B0982TPZTW,A1SMZEZO08MXHN
B097THP1FP,A1SMZEZO08MXHN
B096XFCM5L,A1SMZEZO08MXHN
B095HFQC5T,A1SMZEZO08MXHN
B0933R5JVS,A1SMZEZO08MXHN
B09333J5KN,A1SMZEZO08MXHN
B0927DYQCH,A1SMZEZO08MXHN
B08ZDQJFCR,A1SMZEZO08MXHN
B08YGJPCH3,A1SMZEZO08MXHN
B08RD88W53,A1SMZEZO08MXHN
B08R6GFPJ5,A1SMZEZO08MXHN
B08MFRRWTG,A1SMZEZO08MXHN
B0B6NGTVQF,A1SMZEZO08MXHN
B0B5GP84R8,A1SMZEZO08MXHN
B0B4NR55N3,A1SMZEZO08MXHN
B0B1Q1PJGK,A1SMZEZO08MXHN
B09ZXZNZCM,A1SMZEZO08MXHN
B09YYCVWDF,A1SMZEZO08MXHN
B09Y1VXSVV,A1SMZEZO08MXHN
B09XXH7M3H,A1SMZEZO08MXHN
B09X46SW6T,A1SMZEZO08MXHN
B09WHBWG3G,A1SMZEZO08MXHN
B09V22QN4B,A1SMZEZO08MXHN
B09T9KHLP6,A1SMZEZO08MXHN
B09QX43RL3,A1SMZEZO08MXHN
B09Q1DJDQ4,A1SMZEZO08MXHN
B09NRB13KD,A1SMZEZO08MXHN
B09JVTDRB4,A1SMZEZO08MXHN
B09CZB636T,A1SMZEZO08MXHN
B08KS2BR26,A1SMZEZO08MXHN
B0CPLL5WFJ,A1SMZEZO08MXHN
B0CNRMY4PB,A1SMZEZO08MXHN
B0C6L1CS7T,A1SMZEZO08MXHN
B0C33FDHBP,A1SMZEZO08MXHN
B0C23XVJLF,A1SMZEZO08MXHN
B0C23MGLLL,A1SMZEZO08MXHN
B0C1NLRWRB,A1SMZEZO08MXHN
B0BNKCKHHD,A1SMZEZO08MXHN
B09VK7MMVD,A1SMZEZO08MXHN
B09J21TW5M,A1SMZEZO08MXHN
B095VQGL66,A1SMZEZO08MXHN
B0814F2DSD,A1SMZEZO08MXHN
B07ZS1SLY3,A1SMZEZO08MXHN
B07Z5QVJ1N,A1SMZEZO08MXHN
B07YFYDW5C,A1SMZEZO08MXHN
B07X7554PY,A1SMZEZO08MXHN
B07WVR9XQM,A1SMZEZO08MXHN
B07W5XX1KM,A1SMZEZO08MXHN
B07W5SBXRM,A1SMZEZO08MXHN
B07TRL81GN,A1SMZEZO08MXHN
B07TRJ4D95,A1SMZEZO08MXHN
B07SYQSRFP,A1SMZEZO08MXHN
B07Q3S51G8,A1SMZEZO08MXHN
B07N1PFW5M,A1SMZEZO08MXHN
B07MHNF5H4,A1SMZEZO08MXHN
B07LBGK512,A1SMZEZO08MXHN
B07J692B4F,A1SMZEZO08MXHN
B07HZGS2QT,A1SMZEZO08MXHN
B07H5547XB,A1SMZEZO08MXHN
B07GB8B1NC,A1SMZEZO08MXHN
B07FQGBK9L,A1SMZEZO08MXHN
B07FF7JDPP,A1SMZEZO08MXHN
B07DCLH57H,A1SMZEZO08MXHN
B07DBV4412,A1SMZEZO08MXHN
B07D3VJND2,A1SMZEZO08MXHN
B07CHD4JCK,A1SMZEZO08MXHN
B07944LN58,A1SMZEZO08MXHN
B078HQ3K5K,A1SMZEZO08MXHN
B0785LCP1S,A1SMZEZO08MXHN
B073D364P7,A1SMZEZO08MXHN
B072SCWFKS,A1SMZEZO08MXHN
B071FSZS16,A1SMZEZO08MXHN
B06XCBX55R,A1SMZEZO08MXHN
B00C3YD5B2,A1SMZEZO08MXHN
B004GSQLQE,A1SMZEZO08MXHN
B0037XJ5SK,A1SMZEZO08MXHN
1549245848,A1SMZEZO08MXHN
B08R3LFBXN,A1SMZEZO08MXHN
B07VQZZ8C3,A1SMZEZO08MXHN
B00P7VVQWS,A1SMZEZO08MXHN
B0D2RQ9QPY,A1SMZEZO08MXHN
B0CZ75YXZ7,A1SMZEZO08MXHN
B07DMZPMCY,A1SMZEZO08MXHN
B01M3NVMCE,A1SMZEZO08MXHN
B01M1UVOQE,A1SMZEZO08MXHN
B01CUI03O2,A1SMZEZO08MXHN
B01C8CFT8K,A1SMZEZO08MXHN
B019BW9UGM,A1SMZEZO08MXHN
B00W7WHU6G,A1SMZEZO08MXHN
B00VJ7VMBE,A1SMZEZO08MXHN
B00VHFD4LE,A1SMZEZO08MXHN
B00UZL2QRO,A1SMZEZO08MXHN
B00O2SJSV8,A1SMZEZO08MXHN
B00NR9QTAQ,A1SMZEZO08MXHN
B00HDOYKJS,A1SMZEZO08MXHN
B00HBGDZS0,A1SMZEZO08MXHN
B00FQIT7QE,A1SMZEZO08MXHN
B00D8O82Y6,A1SMZEZO08MXHN
B0BQ36CRJV,A1SMZEZO08MXHN
B0768LQY72,A1SMZEZO08MXHN
B0CF4FGGJG,A1SMZEZO08MXHN
B0B5YFXKW7,A1SMZEZO08MXHN
B01N5O8A0Z,A1SMZEZO08MXHN
B0CWZCQ6HG,A1SMZEZO08MXHN
B0B25QX6WC,A1SMZEZO08MXHN
B099RSR8Z9,A1SMZEZO08MXHN
B0874HYW4K,A1SMZEZO08MXHN
B086K3KRKL,A1SMZEZO08MXHN
B0D14Z76RH,A1SMZEZO08MXHN
B0CWZB1V8Z,A1SMZEZO08MXHN
B07MQX72WN,A1SMZEZO08MXHN
B0CPBSKPZS,A1SMZEZO08MXHN
B0C2XHMYD1,A1SMZEZO08MXHN
B0002UADAK,A1SMZEZO08MXHN
B0CC8SBMV7,A1SMZEZO08MXHN
B09N21ZD7B,A1SMZEZO08MXHN
B08Y6LVXB7,A1SMZEZO08MXHN
B0831SXS1Z,A1SMZEZO08MXHN
B07YB6NRFB,A1SMZEZO08MXHN
B0756L83XR,A1SMZEZO08MXHN
B010M57HN0,A1SMZEZO08MXHN
B08SMGKV7V,A1SMZEZO08MXHN
B0DLMW2ZML,A1SMZEZO08MXHN
B0CNGF9TZ2,A1SMZEZO08MXHN
B0BN8W1F4K,A1SMZEZO08MXHN
B0B542XWFY,A1SMZEZO08MXHN
B09TD8H9RR,A1SMZEZO08MXHN
B0983ZJCMQ,A1SMZEZO08MXHN
B095TSVJDB,A1SMZEZO08MXHN
B088DQNG17,A1SMZEZO08MXHN
B0CMXWSBYF,A1SMZEZO08MXHN
B0CM91DV3F,A1SMZEZO08MXHN
B0CM7RHL97,A1SMZEZO08MXHN
B0CDS9K42G,A1SMZEZO08MXHN
B0CDD82YLV,A1SMZEZO08MXHN
B0CCJB6MNZ,A1SMZEZO08MXHN
B0C9654P1M,A1SMZEZO08MXHN
B0C7LNGKLP,A1SMZEZO08MXHN
B0C73GLG3L,A1SMZEZO08MXHN
B0C4B5VRDT,A1SMZEZO08MXHN
B0C47LX58S,A1SMZEZO08MXHN
B0C3ZZFN9K,A1SMZEZO08MXHN
B0C3LLGSQT,A1SMZEZO08MXHN
B0C2M5G54V,A1SMZEZO08MXHN
B0C1S34HCN,A1SMZEZO08MXHN
B0BX9LD56X,A1SMZEZO08MXHN
B0D5HGZCCG,A1SMZEZO08MXHN
B0D3BPY773,A1SMZEZO08MXHN
B0D2XRQ97F,A1SMZEZO08MXHN
B0D2W38CMC,A1SMZEZO08MXHN
B0D2VVK64P,A1SMZEZO08MXHN
B0CZ79VG2V,A1SMZEZO08MXHN
B0CXQH2V93,A1SMZEZO08MXHN
B0CXBD8V52,A1SMZEZO08MXHN
B0CX1S1BSQ,A1SMZEZO08MXHN
B0CTQLBR2R,A1SMZEZO08MXHN
B0CRGH99J8,A1SMZEZO08MXHN
B0CRD7XX8P,A1SMZEZO08MXHN
B0CPYJV2ZN,A1SMZEZO08MXHN
B0CPJC9CNF,A1SMZEZO08MXHN
B0CNXJWZFS,A1SMZEZO08MXHN
B0CN6PJ152,A1SMZEZO08MXHN
B0C8H352KF,A1SMZEZO08MXHN
B0C7V9S95N,A1SMZEZO08MXHN
B0C5VZ2C6F,A1SMZEZO08MXHN
B0C5QWFTRM,A1SMZEZO08MXHN
B0C5CKCHS9,A1SMZEZO08MXHN
B0C59Y8Y1B,A1SMZEZO08MXHN
B0C4NVLP6V,A1SMZEZO08MXHN
B0C3PCS9XH,A1SMZEZO08MXHN
B0C3J5QX96,A1SMZEZO08MXHN
B0C2VH9SKR,A1SMZEZO08MXHN
B0C27V6RRS,A1SMZEZO08MXHN
B0C1BF1HPF,A1SMZEZO08MXHN
B0C144SN1J,A1SMZEZO08MXHN
B0BZHBWWW6,A1SMZEZO08MXHN
B0BYZQB59V,A1SMZEZO08MXHN
B0BXFS1LQK,A1SMZEZO08MXHN
B07QPVKTF9,A1SMZEZO08MXHN
B0759TJ5LR,A1SMZEZO08MXHN
B074YZ6XPM,A1SMZEZO08MXHN
B073Q9B7JJ,A1SMZEZO08MXHN
B071KQWRW8,A1SMZEZO08MXHN
B06XWF7VL3,A1SMZEZO08MXHN
B06X6JF56T,A1SMZEZO08MXHN
B0195UGSH4,A1SMZEZO08MXHN
B00ZO4WWBM,A1SMZEZO08MXHN
B007IQ539C,A1SMZEZO08MXHN
B005H7VS2A,A1SMZEZO08MXHN
B003SEA5GO,A1SMZEZO08MXHN
B0DGPYW16K,A1SMZEZO08MXHN
B0DDK9PK44,A1SMZEZO08MXHN
B0D9YSY7J7,A1SMZEZO08MXHN
B0D94M792Q,A1SMZEZO08MXHN
B0BX4WKBX4,A1SMZEZO08MXHN
B0BVPN85T2,A1SMZEZO08MXHN
B0BTQ1WW81,A1SMZEZO08MXHN
B0BRY3WQP4,A1SMZEZO08MXHN
B0BRWCLPYP,A1SMZEZO08MXHN
B0BR3L6G5S,A1SMZEZO08MXHN
B0BQVXHC25,A1SMZEZO08MXHN
B0BQMTQ5W9,A1SMZEZO08MXHN
B0BQ6LRJ9W,A1SMZEZO08MXHN
B0BN32CZ8P,A1SMZEZO08MXHN
B0BMPKRT2K,A1SMZEZO08MXHN
B0BM3N5DKM,A1SMZEZO08MXHN
B0BLVDR6TD,A1SMZEZO08MXHN
B0BJPSVD1Q,A1SMZEZO08MXHN
B0BGHBCZCF,A1SMZEZO08MXHN
B0BFZJFCCC,A1SMZEZO08MXHN
B0B99W683Z,A1SMZEZO08MXHN
B0B6P11CJ9,A1SMZEZO08MXHN
B0B5WFTNG3,A1SMZEZO08MXHN
B09ZYK6L7C,A1SMZEZO08MXHN
B09ZXPDPPJ,A1SMZEZO08MXHN
B09YC8NR3R,A1SMZEZO08MXHN
B09XGTG2K6,A1SMZEZO08MXHN
B09WSQQMHH,A1SMZEZO08MXHN
B09W71W3WP,A1SMZEZO08MXHN
B09TK2HXD9,A1SMZEZO08MXHN
B09RHZMF17,A1SMZEZO08MXHN
B09PLC8GN2,A1SMZEZO08MXHN
B09MT39SWJ,A1SMZEZO08MXHN
B09M8NRJ4C,A1SMZEZO08MXHN
B09J4XST2V,A1SMZEZO08MXHN
B09HN46G51,A1SMZEZO08MXHN
B08MFQZWVH,A1SMZEZO08MXHN
B08MFQT6ZR,A1SMZEZO08MXHN
B08MFNXF7C,A1SMZEZO08MXHN
B08MDQBXXC,A1SMZEZO08MXHN
B08JGMDHBT,A1SMZEZO08MXHN
B08J7QVD2D,A1SMZEZO08MXHN
B08H86SDYC,A1SMZEZO08MXHN
B08CXK5JKD,A1SMZEZO08MXHN
B08CTS1P7P,A1SMZEZO08MXHN
B089CX2TN5,A1SMZEZO08MXHN
B088P49759,A1SMZEZO08MXHN
B088C4DHNZ,A1SMZEZO08MXHN
B085PY8J93,A1SMZEZO08MXHN
B0851S3V1N,A1SMZEZO08MXHN
B084RT6GF7,A1SMZEZO08MXHN
B0829L5CYX,A1SMZEZO08MXHN
B095MDJKXQ,A1SMZEZO08MXHN
B094ZD5GWR,A1SMZEZO08MXHN
B094GV6D5J,A1SMZEZO08MXHN
B094CQN61S,A1SMZEZO08MXHN
B09284PSML,A1SMZEZO08MXHN
B091M4FPY7,A1SMZEZO08MXHN
B0914ZMR7J,A1SMZEZO08MXHN
B08Z3WDCTJ,A1SMZEZO08MXHN
B08W5CBTJ2,A1SMZEZO08MXHN
B08W22W5R5,A1SMZEZO08MXHN
B08R363536,A1SMZEZO08MXHN
B08PJF9QVL,A1SMZEZO08MXHN
B08MT1SM9P,A1SMZEZO08MXHN
B08LTYS5SW,A1SMZEZO08MXHN
B08L39FQK4,A1SMZEZO08MXHN
B08HDHLGYG,A1SMZEZO08MXHN
B08GJ7DBYL,A1SMZEZO08MXHN
B08GCW2J85,A1SMZEZO08MXHN
B08FXBFW5D,A1SMZEZO08MXHN
B08FD1Y8Y4,A1SMZEZO08MXHN
B08D9HL5SH,A1SMZEZO08MXHN
B08D5HKDLN,A1SMZEZO08MXHN
B089NXZ3HD,A1SMZEZO08MXHN
B089M3B9RK,A1SMZEZO08MXHN
B087NVLHGJ,A1SMZEZO08MXHN
B087CB2JSB,A1SMZEZO08MXHN
B0861D7KJG,A1SMZEZO08MXHN
B085ZMYNFP,A1SMZEZO08MXHN
B085C43RR8,A1SMZEZO08MXHN
B0859P56LN,A1SMZEZO08MXHN
B084DH9BFS,A1SMZEZO08MXHN
B082VY9CWV,A1SMZEZO08MXHN
B0829WH623,A1SMZEZO08MXHN
B07XTLHC7D,A1SMZEZO08MXHN
B07XP7JGHG,A1SMZEZO08MXHN
B07TY9YPZR,A1SMZEZO08MXHN
B07TXRQV6F,A1SMZEZO08MXHN
B07SH6YHKC,A1SMZEZO08MXHN
B07SFZBM6W,A1SMZEZO08MXHN
B07S3XX6NZ,A1SMZEZO08MXHN
B07QXCWNQ1,A1SMZEZO08MXHN
B07QQ8NPF2,A1SMZEZO08MXHN
B07QKMVB35,A1SMZEZO08MXHN
B07QJD85T5,A1SMZEZO08MXHN
B07Q2NS2G1,A1SMZEZO08MXHN
B07PND76V2,A1SMZEZO08MXHN
B07KNHLHDW,A1SMZEZO08MXHN
B07H8K2YHS,A1SMZEZO08MXHN
B07GKYGTF4,A1SMZEZO08MXHN
B07FVMNNQ3,A1SMZEZO08MXHN
B07FRZ64KX,A1SMZEZO08MXHN
B07FMFC14P,A1SMZEZO08MXHN
B07CWKDLMD,A1SMZEZO08MXHN
B07CSHK9P8,A1SMZEZO08MXHN
B07CNTKLKJ,A1SMZEZO08MXHN
B07CHCXYVD,A1SMZEZO08MXHN
B07C984412,A1SMZEZO08MXHN
B079VW5STY,A1SMZEZO08MXHN
B078S99JJG,A1SMZEZO08MXHN
B07869YRMZ,A1SMZEZO08MXHN
B075VBJSVC,A1SMZEZO08MXHN
B074MNN98X,A1SMZEZO08MXHN
B071HWKW9H,A1SMZEZO08MXHN
B06WCZP5VY,A1SMZEZO08MXHN
B06VY8TW7J,A1SMZEZO08MXHN
B01NB16DW9,A1SMZEZO08MXHN
B01N30JZVA,A1SMZEZO08MXHN
B01MTSE445,A1SMZEZO08MXHN
B01JGPEU9Q,A1SMZEZO08MXHN
B01GEW7OCY,A1SMZEZO08MXHN
B01G2U31I4,A1SMZEZO08MXHN
B01FSM3CWC,A1SMZEZO08MXHN
B01EI90L7U,A1SMZEZO08MXHN
B01BF8V6DK,A1SMZEZO08MXHN
B017KUC6XQ,A1SMZEZO08MXHN
B014J47N52,A1SMZEZO08MXHN
B00ZS3DEGQ,A1SMZEZO08MXHN
B00VEJ9ZA2,A1SMZEZO08MXHN
B00UP1JBAO,A1SMZEZO08MXHN
B00PX4C4MK,A1SMZEZO08MXHN
B09G6Z7D5X,A1SMZEZO08MXHN
B09FQ6FTN9,A1SMZEZO08MXHN
B09F6QFJQD,A1SMZEZO08MXHN
B09D7FFBBF,A1SMZEZO08MXHN
B09C5LWZRQ,A1SMZEZO08MXHN
B09BYRMVNB,A1SMZEZO08MXHN
B09BRTRQF7,A1SMZEZO08MXHN
B09BN836JN,A1SMZEZO08MXHN
B09B164DK6,A1SMZEZO08MXHN
B098WXRHDH,A1SMZEZO08MXHN
B097P9TYPV,A1SMZEZO08MXHN
B097KQ9M9R,A1SMZEZO08MXHN
B097B9LMNB,A1SMZEZO08MXHN
B0973J6H3R,A1SMZEZO08MXHN
B096P3NXS1,A1SMZEZO08MXHN
B096434N3X,A1SMZEZO08MXHN
B0006IYZEI,A1SMZEZO08MXHN
B07C3QT8RT,A1SMZEZO08MXHN
B07ZDFB1G1,A1SMZEZO08MXHN
B0BY8SLJC8,A1SMZEZO08MXHN
B08NY9LD5D,A1SMZEZO08MXHN
B07ZJ7HCPM,A1SMZEZO08MXHN
B07N2X56L4,A1SMZEZO08MXHN
B00PWNKV2C,A1SMZEZO08MXHN
B00OZB8VRO,A1SMZEZO08MXHN
B00K0OQF7I,A1SMZEZO08MXHN
B00JCER6U2,A1SMZEZO08MXHN
B00HYNT3DQ,A1SMZEZO08MXHN
B00HK1MLKY,A1SMZEZO08MXHN
B00EQ2QUCU,A1SMZEZO08MXHN
B00A8ZB0BA,A1SMZEZO08MXHN
B009EJJPZY,A1SMZEZO08MXHN
B008EOWU9I,A1SMZEZO08MXHN
B0050PZPTG,A1SMZEZO08MXHN
B004YAUJ8U,A1SMZEZO08MXHN
B003E33FJI,A1SMZEZO08MXHN
B003B0D396,A1SMZEZO08MXHN
B001V32IQO,A1SMZEZO08MXHN
B000C01XTU,A1SMZEZO08MXHN
B0CBPKMKCB,A1SMZEZO08MXHN
B0CBNXTHK3,A1SMZEZO08MXHN
B0C9LZV4YK,A1SMZEZO08MXHN
B0C8RY7QLL,A1SMZEZO08MXHN
B0C7H2DT4K,A1SMZEZO08MXHN
B0C69BCBFL,A1SMZEZO08MXHN
B0C626HNWZ,A1SMZEZO08MXHN
B0C53NZ5VL,A1SMZEZO08MXHN
B0C3ZZ9Y2T,A1SMZEZO08MXHN
B0C3YRGTTN,A1SMZEZO08MXHN
B0C3LJQVP7,A1SMZEZO08MXHN
B0C332CTMD,A1SMZEZO08MXHN
B0C1XLC962,A1SMZEZO08MXHN
B0C1SH1WN8,A1SMZEZO08MXHN
B0BZTWNCDG,A1SMZEZO08MXHN
B0BY837HYZ,A1SMZEZO08MXHN
B0CQ7CSY6Z,A1SMZEZO08MXHN
B0CQ283RFZ,A1SMZEZO08MXHN
B0CP76FSJP,A1SMZEZO08MXHN
B0CMK5G4HJ,A1SMZEZO08MXHN
B0CMH9DLMV,A1SMZEZO08MXHN
B0CM3CKYKS,A1SMZEZO08MXHN
B0CLXX1FQB,A1SMZEZO08MXHN
B0CL4V74XJ,A1SMZEZO08MXHN
B0CKW8GWD7,A1SMZEZO08MXHN
B0CKQK359R,A1SMZEZO08MXHN
B0CJB4S3H9,A1SMZEZO08MXHN
B0CHC4P2NL,A1SMZEZO08MXHN
B0CGJ66KY7,A1SMZEZO08MXHN
B0CFWMWVKG,A1SMZEZO08MXHN
B0CFT2RJG1,A1SMZEZO08MXHN
B0CDH94X25,A1SMZEZO08MXHN
B0DG2CCLB6,A1SMZEZO08MXHN
B0DCFXMXPW,A1SMZEZO08MXHN
B0D862MHVK,A1SMZEZO08MXHN
B0D6RH6JBH,A1SMZEZO08MXHN
B0D5Y8GX3M,A1SMZEZO08MXHN
B0D426X6XX,A1SMZEZO08MXHN
B0D3WY7ZY6,A1SMZEZO08MXHN
B0D2RR66N1,A1SMZEZO08MXHN
B0D22YXK3V,A1SMZEZO08MXHN
B0D12VPN89,A1SMZEZO08MXHN
B0CZ9G8S3Q,A1SMZEZO08MXHN
B0CYGWHPHZ,A1SMZEZO08MXHN
B0CXXLDJLL,A1SMZEZO08MXHN
B0CWXJQ7CH,A1SMZEZO08MXHN
B0CQYGTWCN,A1SMZEZO08MXHN
B0CQK41HXS,A1SMZEZO08MXHN
B083ZM7W6L,A1SMZEZO08MXHN
B083TKQQTL,A1SMZEZO08MXHN
B083HVW1W9,A1SMZEZO08MXHN
B082TS6XC6,A1SMZEZO08MXHN
B082M5WS48,A1SMZEZO08MXHN
B082BGNHFV,A1SMZEZO08MXHN
B081GJMXJD,A1SMZEZO08MXHN
B07YSG2SNW,A1SMZEZO08MXHN
B07YQ7YNTP,A1SMZEZO08MXHN
B07VH12T7W,A1SMZEZO08MXHN
B07VGWTQJX,A1SMZEZO08MXHN
B07S3XKJXS,A1SMZEZO08MXHN
B07QV9R8WZ,A1SMZEZO08MXHN
B07NVYRM3C,A1SMZEZO08MXHN
B07N8D626V,A1SMZEZO08MXHN
B07MY28QFQ,A1SMZEZO08MXHN
B09P327B9W,A1SMZEZO08MXHN
B09MKDM9G7,A1SMZEZO08MXHN
B09M69NV3R,A1SMZEZO08MXHN
B09L9KZCXQ,A1SMZEZO08MXHN
B09KRNWW7S,A1SMZEZO08MXHN
B09KC3ZWRW,A1SMZEZO08MXHN
B09J29XJHX,A1SMZEZO08MXHN
B09G99VMB7,A1SMZEZO08MXHN
B09FZQKZPS,A1SMZEZO08MXHN
B09FZ77JDZ,A1SMZEZO08MXHN
B09FSW7V83,A1SMZEZO08MXHN
B098JZ5W1R,A1SMZEZO08MXHN
B094Y3PHB5,A1SMZEZO08MXHN
B094VH95H3,A1SMZEZO08MXHN
B093PJB34J,A1SMZEZO08MXHN
B092J4C48V,A1SMZEZO08MXHN
B08YGVCSDW,A1SMZEZO08MXHN
B08TV495HL,A1SMZEZO08MXHN
B08QMBJC4G,A1SMZEZO08MXHN
B08Q4L8WJN,A1SMZEZO08MXHN
B08MZJ9YT2,A1SMZEZO08MXHN
B08LKX6ZW6,A1SMZEZO08MXHN
B08H5FZFRS,A1SMZEZO08MXHN
B08GS9SSQH,A1SMZEZO08MXHN
B08G8NK2DC,A1SMZEZO08MXHN
B08FM724S2,A1SMZEZO08MXHN
B08DML8585,A1SMZEZO08MXHN
B08C4NLXHQ,A1SMZEZO08MXHN
B08BZB2K9B,A1SMZEZO08MXHN
B089RCH1BN,A1SMZEZO08MXHN
B08932JPJ4,A1SMZEZO08MXHN
B087M3G9W9,A1SMZEZO08MXHN
B07K2CH5VH,A1SMZEZO08MXHN
B07J1YWRGM,A1SMZEZO08MXHN
B07FZWHTS5,A1SMZEZO08MXHN
B07FFR358V,A1SMZEZO08MXHN
B07DBKYPZD,A1SMZEZO08MXHN
B07D185T9M,A1SMZEZO08MXHN
B07BDGZRWP,A1SMZEZO08MXHN
B07B4TK7W6,A1SMZEZO08MXHN
B0798XN75X,A1SMZEZO08MXHN
B0759D7PQH,A1SMZEZO08MXHN
B07437XXM5,A1SMZEZO08MXHN
B073W9162M,A1SMZEZO08MXHN
B072WMPF91,A1SMZEZO08MXHN
B06X16VLT7,A1SMZEZO08MXHN
B01NAXNYTK,A1SMZEZO08MXHN
B01M7TYQ8H,A1SMZEZO08MXHN
B0BXSD7973,A1SMZEZO08MXHN
B0BW2H8XSC,A1SMZEZO08MXHN
B0BV3BPJDP,A1SMZEZO08MXHN
B0BSGNPB1V,A1SMZEZO08MXHN
B0BRV9K6ZY,A1SMZEZO08MXHN
B0BR8NJ2T7,A1SMZEZO08MXHN
B0BQHGW8JT,A1SMZEZO08MXHN
B0BP8GCK1G,A1SMZEZO08MXHN
B0BNGBJYY8,A1SMZEZO08MXHN
B0BLWDDWLD,A1SMZEZO08MXHN
B0BLTV91JW,A1SMZEZO08MXHN
B0BJDTS7CC,A1SMZEZO08MXHN
B0BHVH6YSZ,A1SMZEZO08MXHN
B0BGNJS7FQ,A1SMZEZO08MXHN
B0BGKJG7V2,A1SMZEZO08MXHN
B0BB7YDHMG,A1SMZEZO08MXHN
B01G6XAJCI,A1SMZEZO08MXHN
B01G2U31FM,A1SMZEZO08MXHN
B019PFO4MA,A1SMZEZO08MXHN
B012ZK5PTI,A1SMZEZO08MXHN
B00HYNT37W,A1SMZEZO08MXHN
B00FBL3DQQ,A1SMZEZO08MXHN
B004G08K9I,A1SMZEZO08MXHN
B003UMS0QG,A1SMZEZO08MXHN
B0CLVJ4XG1,A1SMZEZO08MXHN
B085ZXJ376,A1SMZEZO08MXHN
B07ZDF5VNJ,A1SMZEZO08MXHN
B009AYMECY,A1SMZEZO08MXHN
B09L8NBM1Y,A1SMZEZO08MXHN
B0B9Y63HWS,A1SMZEZO08MXHN
B0B5TCNF73,A1SMZEZO08MXHN
B0B4J3C6GY,A1SMZEZO08MXHN
B0B42CJZWR,A1SMZEZO08MXHN
B0B42B9ZGX,A1SMZEZO08MXHN
B0B3J3JS1R,A1SMZEZO08MXHN
B0B2QN5ZHZ,A1SMZEZO08MXHN
B0B1WZXDXK,A1SMZEZO08MXHN
B0B121XDHP,A1SMZEZO08MXHN
B09ZFCYJV7,A1SMZEZO08MXHN
B09YPXH5C5,A1SMZEZO08MXHN
B09YNSTQ68,A1SMZEZO08MXHN
B09YH42MJ2,A1SMZEZO08MXHN
B09VGD2H6L,A1SMZEZO08MXHN
B09TY59RLN,A1SMZEZO08MXHN
B09Q2RQFBT,A1SMZEZO08MXHN
B000COS7AO,A1SMZEZO08MXHN
B0BCG17QLC,A1SMZEZO08MXHN
B01MRKI4W0,A1SMZEZO08MXHN
B08LBQMFQ8,A1SMZEZO08MXHN
B0BLRZPT74,A1SMZEZO08MXHN
B08MBF75R4,A1SMZEZO08MXHN
B08LCH7SXK,A1SMZEZO08MXHN
B08TBBZLD2,A1SMZEZO08MXHN
B08J5BPP7P,A1SMZEZO08MXHN
B0C73KCVVL,A1SMZEZO08MXHN
B0981RLXFV,A1SMZEZO08MXHN
B08MWJZQJ7,A1SMZEZO08MXHN
B07Y71QX3W,A1SMZEZO08MXHN
B07KQD9V3G,A1SMZEZO08MXHN
B000NJECWK,A1SMZEZO08MXHN
B0CJY6H3S1,A1SMZEZO08MXHN
B0DHVR8D3V,A1SMZEZO08MXHN
B0DHTWNHWL,A1SMZEZO08MXHN
B0DHPCD96K,A1SMZEZO08MXHN
B0DHNL1HD6,A1SMZEZO08MXHN
B0DHGBBGMC,A1SMZEZO08MXHN
B0DHCBGK2V,A1SMZEZO08MXHN
B0DGQX3NFD,A1SMZEZO08MXHN
B0DFTGTKFW,A1SMZEZO08MXHN
B0DFM6PR17,A1SMZEZO08MXHN
B0DCVQFZ6M,A1SMZEZO08MXHN
B0DCS4C59V,A1SMZEZO08MXHN
B0DCS1Q9SD,A1SMZEZO08MXHN
B0DC76VZGF,A1SMZEZO08MXHN
B0DBVYRVQQ,A1SMZEZO08MXHN
B0D9PP892W,A1SMZEZO08MXHN
B0D93TLJZ4,A1SMZEZO08MXHN
B0C9SC6S6C,A1SMZEZO08MXHN
B0B6FLNVHJ,A1SMZEZO08MXHN
B09WDKDQ6S,A1SMZEZO08MXHN
B09Q1CVB6F,A1SMZEZO08MXHN
B08JHD1TYM,A1SMZEZO08MXHN
B08D6B3CFK,A1SMZEZO08MXHN
B07K7QJ4RS,A1SMZEZO08MXHN
B07653CWKS,A1SMZEZO08MXHN
B01NBW3I3R,A1SMZEZO08MXHN
B00H4HWTEC,A1SMZEZO08MXHN
B08CL3B9HN,A1SMZEZO08MXHN
B0DS2XM4L3,A1SMZEZO08MXHN
B0DRFGLRX9,A1SMZEZO08MXHN
B0DQD5M63Z,A1SMZEZO08MXHN
B0DPMVK5X4,A1SMZEZO08MXHN
B0DLH4F2QV,A1SMZEZO08MXHN
B0D8PMLMG1,A1SMZEZO08MXHN
B0D8FMX1KM,A1SMZEZO08MXHN
B0D7M9M183,A1SMZEZO08MXHN
B0D793FHMX,A1SMZEZO08MXHN
B0D5R6FW89,A1SMZEZO08MXHN
B0D56YX5Z7,A1SMZEZO08MXHN
B0D4VKC7HM,A1SMZEZO08MXHN
B0D4V393TY,A1SMZEZO08MXHN
B0D4TS9K9D,A1SMZEZO08MXHN
B0D4QQY4LM,A1SMZEZO08MXHN
B0D31T7J86,A1SMZEZO08MXHN
B0D2GYZRXP,A1SMZEZO08MXHN
B0D2DJH3JS,A1SMZEZO08MXHN
B0D17KC62L,A1SMZEZO08MXHN
B0CZ8VV1N9,A1SMZEZO08MXHN
B0CYY7BPS9,A1SMZEZO08MXHN
B0CKZ15HM9,A1SMZEZO08MXHN
B0CKL9FT5K,A1SMZEZO08MXHN
B0CJJDY7DK,A1SMZEZO08MXHN
B0CH3P3LMJ,A1SMZEZO08MXHN
B0CH39DG61,A1SMZEZO08MXHN
B0CGHDXV6K,A1SMZEZO08MXHN
B0CFQJJFKB,A1SMZEZO08MXHN
B0CD7D2N23,A1SMZEZO08MXHN
B0CCVKPZ34,A1SMZEZO08MXHN
B0CCVG7T5X,A1SMZEZO08MXHN
B0CCLKNTWK,A1SMZEZO08MXHN
B0CCJC7WJ3,A1SMZEZO08MXHN
B0CC52KM6T,A1SMZEZO08MXHN
B0CB5H4YXD,A1SMZEZO08MXHN
B0C9TJNXNY,A1SMZEZO08MXHN
B0C9JC5HSB,A1SMZEZO08MXHN
B0C1543SQM,A1SMZEZO08MXHN
B0BZ98SRFF,A1SMZEZO08MXHN
B0BZ91RSFP,A1SMZEZO08MXHN
B0BZ7XBBRD,A1SMZEZO08MXHN
B0BY1KY6GW,A1SMZEZO08MXHN
B0BXL7DNK5,A1SMZEZO08MXHN
B0BWYBCP5J,A1SMZEZO08MXHN
B0BW3Q2PR1,A1SMZEZO08MXHN
B0BVG23B5R,A1SMZEZO08MXHN
B0BV1VJVNY,A1SMZEZO08MXHN
B0BSD6XVR6,A1SMZEZO08MXHN
B0BRYDB28B,A1SMZEZO08MXHN
B0BQ2C2NPM,A1SMZEZO08MXHN
B0BPSNNN3T,A1SMZEZO08MXHN
B0BPLLCFSD,A1SMZEZO08MXHN
B0BM4YLQGD,A1SMZEZO08MXHN
B0C8HB9C5R,A1SMZEZO08MXHN
B0C7RGCKC8,A1SMZEZO08MXHN
B0C7MPJ8VN,A1SMZEZO08MXHN
B0C6XCJFST,A1SMZEZO08MXHN
B0C6LJB6NC,A1SMZEZO08MXHN
B0C6K5BMCB,A1SMZEZO08MXHN
B0C5G2SGHH,A1SMZEZO08MXHN
B0C58QVGGW,A1SMZEZO08MXHN
B0C58P3PKB,A1SMZEZO08MXHN
B0C4TQKNKP,A1SMZEZO08MXHN
B0C4P9D1YL,A1SMZEZO08MXHN
B0C3Q2JLY9,A1SMZEZO08MXHN
B0C2XWWSDM,A1SMZEZO08MXHN
B0C1S94LGY,A1SMZEZO08MXHN
B0C1NR11XG,A1SMZEZO08MXHN
B0C1KF92SJ,A1SMZEZO08MXHN
B0CY6H69CY,A1SMZEZO08MXHN
B0CY5FH6D3,A1SMZEZO08MXHN
B0CY2344FG,A1SMZEZO08MXHN
B0CWDSJLHS,A1SMZEZO08MXHN
B0CSK7ZQLX,A1SMZEZO08MXHN
B0CRGKW5LT,A1SMZEZO08MXHN
B0CRDN2JR7,A1SMZEZO08MXHN
B0CR893PTY,A1SMZEZO08MXHN
B0CQ85Q1ZK,A1SMZEZO08MXHN
B0CPLVLJ8K,A1SMZEZO08MXHN
B0CPLV544R,A1SMZEZO08MXHN
B0CP29LZGK,A1SMZEZO08MXHN
B0CNXPBL6G,A1SMZEZO08MXHN
B0CMZZ4TFH,A1SMZEZO08MXHN
B0CMT3MFQJ,A1SMZEZO08MXHN
B0CMCSQ8TJ,A1SMZEZO08MXHN
B0B1XRYD4F,A1SMZEZO08MXHN
B0B1P4ZLTH,A1SMZEZO08MXHN
B09YQ11KV5,A1SMZEZO08MXHN
B09XSD9BGL,A1SMZEZO08MXHN
B09WVHJH16,A1SMZEZO08MXHN
B09WRWLC41,A1SMZEZO08MXHN
B09SNX85B5,A1SMZEZO08MXHN
B09RYPRC21,A1SMZEZO08MXHN
B09RFSZWS9,A1SMZEZO08MXHN
B09QPQVZ8J,A1SMZEZO08MXHN
B09QCGJ713,A1SMZEZO08MXHN
B09MFCYJTL,A1SMZEZO08MXHN
B09KZFRTJ3,A1SMZEZO08MXHN
B09JMBMR4N,A1SMZEZO08MXHN
B09J8PNZCG,A1SMZEZO08MXHN
B09HX599X4,A1SMZEZO08MXHN
B0BLNMZ15D,A1SMZEZO08MXHN
B0BKV4BP8Q,A1SMZEZO08MXHN
B0BKKMDFP3,A1SMZEZO08MXHN
B0BK8MBQVD,A1SMZEZO08MXHN
B0BHP5K524,A1SMZEZO08MXHN
B0BFDRQBH5,A1SMZEZO08MXHN
B0BBHBVF51,A1SMZEZO08MXHN
B0B6R2KMHV,A1SMZEZO08MXHN
B0B6B6NCGV,A1SMZEZO08MXHN
B0B51TC25N,A1SMZEZO08MXHN
B0B45V7VFX,A1SMZEZO08MXHN
B0B2PJCK5D,A1SMZEZO08MXHN
B0B27VK2DG,A1SMZEZO08MXHN
B0B24Z6XWS,A1SMZEZO08MXHN
B0B221MQLC,A1SMZEZO08MXHN
B0B1Y28YX2,A1SMZEZO08MXHN
B09FL65NT9,A1SMZEZO08MXHN
B09C32ZSQ8,A1SMZEZO08MXHN
B099MTQZL7,A1SMZEZO08MXHN
B099KGNKTL,A1SMZEZO08MXHN
B09927HQ7W,A1SMZEZO08MXHN
B097PJKSZN,A1SMZEZO08MXHN
B095KDL1QJ,A1SMZEZO08MXHN
B0956Y5GTF,A1SMZEZO08MXHN
B094MH1V4H,A1SMZEZO08MXHN
B0946P4PHD,A1SMZEZO08MXHN
B0934Q24NL,A1SMZEZO08MXHN
B092BM2QW9,A1SMZEZO08MXHN
B08Z4CQQRG,A1SMZEZO08MXHN
B08YJCR2LH,A1SMZEZO08MXHN
B08WM3K9PX,A1SMZEZO08MXHN
B08W3VB6JR,A1SMZEZO08MXHN
B08CV883RH,A1SMZEZO08MXHN
B08C27ZMYZ,A1SMZEZO08MXHN
B08BTM75WS,A1SMZEZO08MXHN
B08BS5NMCH,A1SMZEZO08MXHN
B089LNG3DV,A1SMZEZO08MXHN
B088WW9J9P,A1SMZEZO08MXHN
B084YT9VWH,A1SMZEZO08MXHN
B084MNCDWZ,A1SMZEZO08MXHN
B0841NZP7S,A1SMZEZO08MXHN
B083V5XWMN,A1SMZEZO08MXHN
B083BJ977N,A1SMZEZO08MXHN
B082KM3PWY,A1SMZEZO08MXHN
B081JRJ5P9,A1SMZEZO08MXHN
B0818K6LN1,A1SMZEZO08MXHN
B07Z3TFPYH,A1SMZEZO08MXHN
B07XSMC8CL,A1SMZEZO08MXHN
B07X4XQ667,A1SMZEZO08MXHN
B07WSY37XG,A1SMZEZO08MXHN
B07WSF4FHL,A1SMZEZO08MXHN
B07WFZ863Y,A1SMZEZO08MXHN
B07VSSZ19R,A1SMZEZO08MXHN
B07VQLR6DT,A1SMZEZO08MXHN
B07VLPPLZ9,A1SMZEZO08MXHN
B07S9579G4,A1SMZEZO08MXHN
B07S7FJM6Y,A1SMZEZO08MXHN
B07S2T4PQ1,A1SMZEZO08MXHN
B07RT4LWYY,A1SMZEZO08MXHN
B07QXPRRMB,A1SMZEZO08MXHN
B07QNMLBR6,A1SMZEZO08MXHN
B07PRFZW9B,A1SMZEZO08MXHN
B07P9SHK8P,A1SMZEZO08MXHN
B07NVBDX8T,A1SMZEZO08MXHN
B08RY6MP4D,A1SMZEZO08MXHN
B08RB9MHJS,A1SMZEZO08MXHN
B08R9MH14F,A1SMZEZO08MXHN
B08QDCMXNS,A1SMZEZO08MXHN
B08P7WFCNR,A1SMZEZO08MXHN
B08NXYJNNB,A1SMZEZO08MXHN
B08NCK4XK2,A1SMZEZO08MXHN
B08MW28BD9,A1SMZEZO08MXHN
B08LQPL2HQ,A1SMZEZO08MXHN
B08LQCC188,A1SMZEZO08MXHN
B08KBL4FPZ,A1SMZEZO08MXHN
B08HV22VQK,A1SMZEZO08MXHN
B08GX2882R,A1SMZEZO08MXHN
B08G5F8XM5,A1SMZEZO08MXHN
B08DQLQKVB,A1SMZEZO08MXHN
B08DHHGGKD,A1SMZEZO08MXHN
B07NLJ3WC6,A1SMZEZO08MXHN
B07MFMZ6T6,A1SMZEZO08MXHN
B07LB3B1BX,A1SMZEZO08MXHN
B07HZPJNFP,A1SMZEZO08MXHN
B07FV1G3W3,A1SMZEZO08MXHN
B07FL5BBDR,A1SMZEZO08MXHN
B07F7ZM7B9,A1SMZEZO08MXHN
B07DNFFV2F,A1SMZEZO08MXHN
B07D1HYXKW,A1SMZEZO08MXHN
B07CH8JLXG,A1SMZEZO08MXHN
B07CH32CGY,A1SMZEZO08MXHN
B07BT9Y9SR,A1SMZEZO08MXHN
B07994F179,A1SMZEZO08MXHN
B077ZX2VR6,A1SMZEZO08MXHN
B077JHKBD5,A1SMZEZO08MXHN
B07678Y85K,A1SMZEZO08MXHN
B075PNBF87,A1SMZEZO08MXHN
B074MSCL4R,A1SMZEZO08MXHN
B06XTZDWX1,A1SMZEZO08MXHN
B01N0XV501,A1SMZEZO08MXHN
B01G6UBBA0,A1SMZEZO08MXHN
B015EE1FE6,A1SMZEZO08MXHN
B013KZ2BIA,A1SMZEZO08MXHN
B0110ACYCU,A1SMZEZO08MXHN
B00WBC17N4,A1SMZEZO08MXHN
B00NFEYARW,A1SMZEZO08MXHN
B00I2X0NVI,A1SMZEZO08MXHN
B00AHXA1TA,A1SMZEZO08MXHN
B009VNB76S,A1SMZEZO08MXHN
B009O7P61S,A1SMZEZO08MXHN
B007FNOK1A,A1SMZEZO08MXHN
B005JT9E9A,A1SMZEZO08MXHN
B0DCF436FQ,A1SMZEZO08MXHN
B0DBL6NR93,A1SMZEZO08MXHN
B0D97Q5LSD,A1SMZEZO08MXHN
B0D91V5JMC,A1SMZEZO08MXHN
B0D85P8QP5,A1SMZEZO08MXHN
B0D4YL87R7,A1SMZEZO08MXHN
B0D4D6SD14,A1SMZEZO08MXHN
B0D3PQ6C4W,A1SMZEZO08MXHN
B0D3BQVJ1X,A1SMZEZO08MXHN
B0D2CRRFWC,A1SMZEZO08MXHN
B0D1GKQBDW,A1SMZEZO08MXHN
B0CZRS1W37,A1SMZEZO08MXHN
B0CZ4H44WZ,A1SMZEZO08MXHN
B0CYY69QBX,A1SMZEZO08MXHN
B0CYR1MGTV,A1SMZEZO08MXHN
B0CY5K331S,A1SMZEZO08MXHN
B0012UG0X8,A1SMZEZO08MXHN
B000NI01BW,A1SMZEZO08MXHN
B000NDLABC,A1SMZEZO08MXHN
B000F0GO0K,A1SMZEZO08MXHN
B000678LWQ,A1SMZEZO08MXHN
B0CWTSK2FT,A1SMZEZO08MXHN
B09NH3YP7Q,A1SMZEZO08MXHN
B08ZDRFM28,A1SMZEZO08MXHN
B08JH25GMS,A1SMZEZO08MXHN
B07Z67C583,A1SMZEZO08MXHN
B01B4KUX06,A1SMZEZO08MXHN
B015NBR882,A1SMZEZO08MXHN
B0764N96H9,A1SMZEZO08MXHN
B0CTT5XKM3,A1SMZEZO08MXHN
B0CTHRHPBJ,A1SMZEZO08MXHN
B0CSYH1FYG,A1SMZEZO08MXHN
B0CNV14CJH,A1SMZEZO08MXHN
B0CNPMFDDG,A1SMZEZO08MXHN
B0CN9MX6R6,A1SMZEZO08MXHN
B0CLZ1ZSVD,A1SMZEZO08MXHN
B0CJRNJCRK,A1SMZEZO08MXHN
B0CFFW11RD,A1SMZEZO08MXHN
B0CCJ1WSND,A1SMZEZO08MXHN
B0CC54GH2Z,A1SMZEZO08MXHN
B0CBMTNQDS,A1SMZEZO08MXHN
B0CB964LTF,A1SMZEZO08MXHN
B0C8H35VZY,A1SMZEZO08MXHN
B0C7RJ9TG9,A1SMZEZO08MXHN
B0C76XKVT2,A1SMZEZO08MXHN
B09PG1TS9L,A1SMZEZO08MXHN
B09N9537DF,A1SMZEZO08MXHN
B09MLG6NNF,A1SMZEZO08MXHN
B09CTZ7MFV,A1SMZEZO08MXHN
B09CT25K51,A1SMZEZO08MXHN
B0995HZXVY,A1SMZEZO08MXHN
B098XDZRBN,A1SMZEZO08MXHN
B098Q9CYJ4,A1SMZEZO08MXHN
B097S9YRL5,A1SMZEZO08MXHN
B092PVH971,A1SMZEZO08MXHN
B092DDSZH5,A1SMZEZO08MXHN
B091YKQ4M9,A1SMZEZO08MXHN
B091GZCFVQ,A1SMZEZO08MXHN
B08YJSYTNX,A1SMZEZO08MXHN
B08WPPBC8W,A1SMZEZO08MXHN
B08T6DJ81V,A1SMZEZO08MXHN
B07RNQRQGQ,A1SMZEZO08MXHN
B07QRPHLCD,A1SMZEZO08MXHN
B07D13ZS2K,A1SMZEZO08MXHN
B07CNBG926,A1SMZEZO08MXHN
B07BWWNCHQ,A1SMZEZO08MXHN
B07BJZ77BM,A1SMZEZO08MXHN
B0791GLMH3,A1SMZEZO08MXHN
B077W2S7L4,A1SMZEZO08MXHN
B0767852HG,A1SMZEZO08MXHN
B073FVP9ZC,A1SMZEZO08MXHN
B071X2QWTG,A1SMZEZO08MXHN
B06XGD19Y9,A1SMZEZO08MXHN
B01MYOUPP8,A1SMZEZO08MXHN
B01MTC8GYE,A1SMZEZO08MXHN
B01GFOFYHI,A1SMZEZO08MXHN
B01G6B8S3M,A1SMZEZO08MXHN
B08P3FVKXZ,A1SMZEZO08MXHN
B08NSQ9KF3,A1SMZEZO08MXHN
B08KDHDK3D,A1SMZEZO08MXHN
B08K7LPC9L,A1SMZEZO08MXHN
B08HNCSVL3,A1SMZEZO08MXHN
B08HMSTB5F,A1SMZEZO08MXHN
B08CCN4SKG,A1SMZEZO08MXHN
B087Q86S63,A1SMZEZO08MXHN
B0859CDRY4,A1SMZEZO08MXHN
B0852LCBPM,A1SMZEZO08MXHN
B082P4JGSL,A1SMZEZO08MXHN
B07YHTL9V4,A1SMZEZO08MXHN
B07XL1N8ZD,A1SMZEZO08MXHN
B07W3CWZ79,A1SMZEZO08MXHN
B07VK5XM2C,A1SMZEZO08MXHN
B07V6Q6J3V,A1SMZEZO08MXHN
B0BPCHGXHR,A1SMZEZO08MXHN
B0BNW4R9TW,A1SMZEZO08MXHN
B0BN3TYNVF,A1SMZEZO08MXHN
B0BM41DT32,A1SMZEZO08MXHN
B0BLCN19K5,A1SMZEZO08MXHN
B0BLCCSMDC,A1SMZEZO08MXHN
B0BKFT68ZY,A1SMZEZO08MXHN
B0BH8KL7LX,A1SMZEZO08MXHN
B0B8D5838Z,A1SMZEZO08MXHN
B0B323JC6L,A1SMZEZO08MXHN
B09X2VZF81,A1SMZEZO08MXHN
B09WHM54J7,A1SMZEZO08MXHN
B09WD7RR9C,A1SMZEZO08MXHN
B09VQ1NKWK,A1SMZEZO08MXHN
B09VKZX9TL,A1SMZEZO08MXHN
B09Q34Y1PS,A1SMZEZO08MXHN
B0DG9TVPP1,A1SMZEZO08MXHN
B0DG4T33XX,A1SMZEZO08MXHN
B0DD4423D8,A1SMZEZO08MXHN
B0D8TCH8X9,A1SMZEZO08MXHN
B0D8Q16QWH,A1SMZEZO08MXHN
B0D7BRFMW5,A1SMZEZO08MXHN
B0D739LYPT,A1SMZEZO08MXHN
B0D6YKZ45N,A1SMZEZO08MXHN
B0D6X2PSYY,A1SMZEZO08MXHN
B0D5D6QNC3,A1SMZEZO08MXHN
B0D476GZ3K,A1SMZEZO08MXHN
B0D3TH5M3V,A1SMZEZO08MXHN
B0D2D3T9KQ,A1SMZEZO08MXHN
B0D1776G8R,A1SMZEZO08MXHN
B0CZLGKPKZ,A1SMZEZO08MXHN
B0CZ3JQ8TD,A1SMZEZO08MXHN
B09491DYBS,A1SMZEZO08MXHN
B07NLKDPYY,A1SMZEZO08MXHN
B07WDJLZBN,A1SMZEZO08MXHN
B0DG5MSXGS,A1SMZEZO08MXHN
B0CF4KGXV2,A1SMZEZO08MXHN
B016OA5YK0,A1SMZEZO08MXHN
B010KJSCR8,A1SMZEZO08MXHN
B00OQED6ZM,A1SMZEZO08MXHN
B00MWEK0P2,A1SMZEZO08MXHN
B00IXR0L1A,A1SMZEZO08MXHN
B00HX2CT3O,A1SMZEZO08MXHN
B009VNB70E,A1SMZEZO08MXHN
B0074SVPW8,A1SMZEZO08MXHN
B00489JJAQ,A1SMZEZO08MXHN
B001804UH0,A1SMZEZO08MXHN
B000P70UU8,A1SMZEZO08MXHN
B0DMN5SY9J,A1SMZEZO08MXHN
B0CQC81N97,A1SMZEZO08MXHN
B0BQ3SFJPN,A1SMZEZO08MXHN
B074CSSYXJ,A1SMZEZO08MXHN
B01KBA9QFS,A1SMZEZO08MXHN
B0C76S12CV,A1SMZEZO08MXHN
B0C5F45Y25,A1SMZEZO08MXHN
B0C4V93T5X,A1SMZEZO08MXHN
B0C2TSFZ8V,A1SMZEZO08MXHN
B0C2Q6MP7N,A1SMZEZO08MXHN
B0C1BW9SF1,A1SMZEZO08MXHN
B0BZKXS5Q4,A1SMZEZO08MXHN
B0BYS69XLH,A1SMZEZO08MXHN
B0BYCNQ9DX,A1SMZEZO08MXHN
B0BV3FLJZX,A1SMZEZO08MXHN
B0BTD3QYN4,A1SMZEZO08MXHN
B0BS8D5N55,A1SMZEZO08MXHN
B0BRKLPDTH,A1SMZEZO08MXHN
B0BQV3PR4G,A1SMZEZO08MXHN
B0BQRW6S3B,A1SMZEZO08MXHN
B0BQCLV1DY,A1SMZEZO08MXHN
B0CYQWJZFG,A1SMZEZO08MXHN
B0CYM4BJRV,A1SMZEZO08MXHN
B0CY5CFC3D,A1SMZEZO08MXHN
B0CY1V47RF,A1SMZEZO08MXHN
B0CV7M8X7S,A1SMZEZO08MXHN
B0CSJF4FW5,A1SMZEZO08MXHN
B0CSFF3XSQ,A1SMZEZO08MXHN
B0CRPZ4RDP,A1SMZEZO08MXHN
B0CQPG8H16,A1SMZEZO08MXHN
B0CNW87C79,A1SMZEZO08MXHN
B0CNRYG7T4,A1SMZEZO08MXHN
B0CNQ7HZFN,A1SMZEZO08MXHN
B0CNPJ6WVK,A1SMZEZO08MXHN
B0CNH54CTL,A1SMZEZO08MXHN
B0CLS35W1F,A1SMZEZO08MXHN
B0CL1X4SQY,A1SMZEZO08MXHN
B0C4PV5M1W,A1SMZEZO08MXHN
B0C4PRFZR1,A1SMZEZO08MXHN
B0C49W7LC9,A1SMZEZO08MXHN
B0C36KSTB6,A1SMZEZO08MXHN
B0C2BJQM4Q,A1SMZEZO08MXHN
B0C23Q78VK,A1SMZEZO08MXHN
B0BZFHH53C,A1SMZEZO08MXHN
B0BX9L7F47,A1SMZEZO08MXHN
B0BWZP8WTP,A1SMZEZO08MXHN
B0BTKCS2J6,A1SMZEZO08MXHN
B0BS6VRS7X,A1SMZEZO08MXHN
B0BS6JYWM5,A1SMZEZO08MXHN
B0BRQGDVKS,A1SMZEZO08MXHN
B0BPYJ5RSG,A1SMZEZO08MXHN
B0BN5SP4V6,A1SMZEZO08MXHN
B0BLRRPQJW,A1SMZEZO08MXHN
B08G1PB71J,A1SMZEZO08MXHN
B0BQHKVNBN,A1SMZEZO08MXHN
B0BH8SCDSN,A1SMZEZO08MXHN
B01DIF5IBY,A1SMZEZO08MXHN
B005SCIBBA,A1SMZEZO08MXHN
B0BJ91SHP8,A1SMZEZO08MXHN
B07XY8WPFX,A1SMZEZO08MXHN
B0C817XZS3,A1SMZEZO08MXHN
B0B8NSC37W,A1SMZEZO08MXHN
B0B7TP3CHM,A1SMZEZO08MXHN
B097Y8VMNL,A1SMZEZO08MXHN
B018A1KUXW,A1SMZEZO08MXHN
B00C1ZMOMO,A1SMZEZO08MXHN
B0DQD2K95S,A1SMZEZO08MXHN
B0DNMF2KJ2,A1SMZEZO08MXHN
B0DH1DD3TL,A1SMZEZO08MXHN
B0BLH5ZKYZ,A1SMZEZO08MXHN
B0BK62C61C,A1SMZEZO08MXHN
B0BJD1F2JY,A1SMZEZO08MXHN
B0BFDW9DJK,A1SMZEZO08MXHN
B0BCTTGWND,A1SMZEZO08MXHN
B0BCCBCJV6,A1SMZEZO08MXHN
B0BB6V3BD6,A1SMZEZO08MXHN
B0B6Q6W3HX,A1SMZEZO08MXHN
B0B6CB4JSM,A1SMZEZO08MXHN
B0B5YDHGDD,A1SMZEZO08MXHN
B0B5GPX1DP,A1SMZEZO08MXHN
B0B5314Q1H,A1SMZEZO08MXHN
B0B4T9F1Z1,A1SMZEZO08MXHN
B0B4K2QLYQ,A1SMZEZO08MXHN
B0B2KXG648,A1SMZEZO08MXHN
B0B296NVDM,A1SMZEZO08MXHN
B0CKZ4S83H,A1SMZEZO08MXHN
B0CKPX5LMC,A1SMZEZO08MXHN
B0CKMGJJ7C,A1SMZEZO08MXHN
B0CJX9W6CQ,A1SMZEZO08MXHN
B0CHMDMR2R,A1SMZEZO08MXHN
B0CHDRQSM7,A1SMZEZO08MXHN
B0CGLZN8RH,A1SMZEZO08MXHN
B0CGLPSRVH,A1SMZEZO08MXHN
B0CF82PV5D,A1SMZEZO08MXHN
B0CF1Z8PS4,A1SMZEZO08MXHN
B0CB5WW4B9,A1SMZEZO08MXHN
B0C8TQ3C42,A1SMZEZO08MXHN
B0C8JJQH4R,A1SMZEZO08MXHN
B0C84BKBDT,A1SMZEZO08MXHN
B0C54WHMYR,A1SMZEZO08MXHN
B0C4T5GBZL,A1SMZEZO08MXHN
B08CV8G1BL,A1SMZEZO08MXHN
B08B51KH6T,A1SMZEZO08MXHN
B08B41L638,A1SMZEZO08MXHN
B08999GF4R,A1SMZEZO08MXHN
B088ZM995G,A1SMZEZO08MXHN
B087QMBS3B,A1SMZEZO08MXHN
B087NXZZQ1,A1SMZEZO08MXHN
B087BXX9XD,A1SMZEZO08MXHN
B08774VVMN,A1SMZEZO08MXHN
B07Y3DXRTL,A1SMZEZO08MXHN
B07WGTGY8P,A1SMZEZO08MXHN
B07W3WJXMJ,A1SMZEZO08MXHN
B07VGNNZWP,A1SMZEZO08MXHN
B07V2P5PR1,A1SMZEZO08MXHN
B07SKDSVGG,A1SMZEZO08MXHN
B07S37SCXW,A1SMZEZO08MXHN
B096Y96QW4,A1SMZEZO08MXHN
B096MCR94Q,A1SMZEZO08MXHN
B093T8PLYY,A1SMZEZO08MXHN
B091M7YKJ4,A1SMZEZO08MXHN
B091D12B48,A1SMZEZO08MXHN
B08SHNW6JJ,A1SMZEZO08MXHN
B08S3H5L48,A1SMZEZO08MXHN
B08R5VB93K,A1SMZEZO08MXHN
B08R5LR6FP,A1SMZEZO08MXHN
B08QDBN151,A1SMZEZO08MXHN
B08NCT89GC,A1SMZEZO08MXHN
B08M261MJ4,A1SMZEZO08MXHN
B08GQW426V,A1SMZEZO08MXHN
B08DL859NR,A1SMZEZO08MXHN
B08D8ZDZNF,A1SMZEZO08MXHN
B08D82QX4M,A1SMZEZO08MXHN
B0B1DT83FQ,A1SMZEZO08MXHN
B09YXS7GJM,A1SMZEZO08MXHN
B09XMPMK93,A1SMZEZO08MXHN
B09VK9S4JB,A1SMZEZO08MXHN
B09SL92T59,A1SMZEZO08MXHN
B09SGKMNH9,A1SMZEZO08MXHN
B09PDJZY2D,A1SMZEZO08MXHN
B09MS5FRTS,A1SMZEZO08MXHN
B09LS5L6JL,A1SMZEZO08MXHN
B09KP48HFY,A1SMZEZO08MXHN
B09HY4J8SJ,A1SMZEZO08MXHN
B09HL3ZW17,A1SMZEZO08MXHN
B09G3FGKH2,A1SMZEZO08MXHN
B09F69WRS1,A1SMZEZO08MXHN
B09DY4VJY5,A1SMZEZO08MXHN
B098CWNYLL,A1SMZEZO08MXHN
B07Q3VKZN4,A1SMZEZO08MXHN
B07PHC9SMN,A1SMZEZO08MXHN
B07MK3X8T3,A1SMZEZO08MXHN
B07MJ89FXP,A1SMZEZO08MXHN
B07LCN9WWM,A1SMZEZO08MXHN
B07JPJDPQG,A1SMZEZO08MXHN
B07HPB8G1Q,A1SMZEZO08MXHN
B07GRJ1876,A1SMZEZO08MXHN
B07DHLBTYP,A1SMZEZO08MXHN
B07D8FVJ8C,A1SMZEZO08MXHN
B0791M6QFJ,A1SMZEZO08MXHN
B074PVYSSL,A1SMZEZO08MXHN
B074MRSCBH,A1SMZEZO08MXHN
B01N7NHQDB,A1SMZEZO08MXHN
B01N3A6USI,A1SMZEZO08MXHN
B01N17AEHP,A1SMZEZO08MXHN
B01GIOWOXC,A1SMZEZO08MXHN
B019HB61F0,A1SMZEZO08MXHN
B016LLMKIG,A1SMZEZO08MXHN
B015T5OWC2,A1SMZEZO08MXHN
B015NBNYZI,A1SMZEZO08MXHN
B011B3DMH2,A1SMZEZO08MXHN
B00MODVXBG,A1SMZEZO08MXHN
B00LO0F0G4,A1SMZEZO08MXHN
B00F53EYMW,A1SMZEZO08MXHN
B00EFBBYAU,A1SMZEZO08MXHN
B00DYR4K0M,A1SMZEZO08MXHN
B009XD3LKG,A1SMZEZO08MXHN
B005T92CT4,A1SMZEZO08MXHN
B005S4O1VW,A1SMZEZO08MXHN
B0043DUFQE,A1SMZEZO08MXHN
B0000AUVKE,A1SMZEZO08MXHN
1613171749,A1SMZEZO08MXHN
B0CLJBJZWJ,A1SMZEZO08MXHN
B092ZJXZY2,A1SMZEZO08MXHN
B08ZFPZSK9,A1SMZEZO08MXHN
B08FWHDFRP,A1SMZEZO08MXHN
B07MLFVPTC,A1SMZEZO08MXHN
B07678QZTV,A1SMZEZO08MXHN
B000E1FCPS,A1SMZEZO08MXHN
B0DCS6PZ1H,A1SMZEZO08MXHN
B0D2Z6SK44,A1SMZEZO08MXHN
B0B2DMPMJC,A1SMZEZO08MXHN
B08RG394PD,A1SMZEZO08MXHN
B01MU8NKOW,A1SMZEZO08MXHN
B0CRKPFPSW,A1SMZEZO08MXHN
B0CQKZTCTX,A1SMZEZO08MXHN
B0CPMV2G5K,A1SMZEZO08MXHN
B0CNZVLDS1,A1SMZEZO08MXHN
B0CM1DZZPW,A1SMZEZO08MXHN
B0CLB6RM9H,A1SMZEZO08MXHN
B0CL2HF1Q5,A1SMZEZO08MXHN
B0CHGZB7TW,A1SMZEZO08MXHN
B0CHBH3HKN,A1SMZEZO08MXHN
B0CHBF3JS4,A1SMZEZO08MXHN
B0CGZPSYY4,A1SMZEZO08MXHN
B0CGV5WBBM,A1SMZEZO08MXHN
B0CG5PD7YN,A1SMZEZO08MXHN
B0CFR44B9D,A1SMZEZO08MXHN
B0CDVTQ42X,A1SMZEZO08MXHN
B0CBYZVS41,A1SMZEZO08MXHN
B0CBSFFPKT,A1SMZEZO08MXHN
B0CBMDPLCB,A1SMZEZO08MXHN
B0C9LVVWKP,A1SMZEZO08MXHN
B0C7KPZND9,A1SMZEZO08MXHN
B0C7FQDRH3,A1SMZEZO08MXHN
B0C7BDBNQC,A1SMZEZO08MXHN
B0C73WNH9Z,A1SMZEZO08MXHN
B0C4KKS3JK,A1SMZEZO08MXHN
B0C1BVRMCK,A1SMZEZO08MXHN
B0BZCNPH4G,A1SMZEZO08MXHN
B0BYV8TZPF,A1SMZEZO08MXHN
B0BYS5FHKB,A1SMZEZO08MXHN
B0BXTCC7PJ,A1SMZEZO08MXHN
B0BW32TB5R,A1SMZEZO08MXHN
B0BVM7QHFS,A1SMZEZO08MXHN
B0BS42SFM8,A1SMZEZO08MXHN
B09Q3MHMRM,A1SMZEZO08MXHN
B09MVTB3NC,A1SMZEZO08MXHN
B09M7RL4NF,A1SMZEZO08MXHN
B09L148NR2,A1SMZEZO08MXHN
B09HBX1GFJ,A1SMZEZO08MXHN
B09FM1RQRP,A1SMZEZO08MXHN
B09BJG4CKX,A1SMZEZO08MXHN
B099P91YW7,A1SMZEZO08MXHN
B097ZSL9NM,A1SMZEZO08MXHN
B097Q6FSM9,A1SMZEZO08MXHN
B095CZ8N1Q,A1SMZEZO08MXHN
B08XYMDNL4,A1SMZEZO08MXHN
B08V92W484,A1SMZEZO08MXHN
B08QCKQS33,A1SMZEZO08MXHN
B085999CT9,A1SMZEZO08MXHN
B0851VQCJS,A1SMZEZO08MXHN
B0BRTPNZX9,A1SMZEZO08MXHN
B0BRT6MSPC,A1SMZEZO08MXHN
B0BQBQPPG9,A1SMZEZO08MXHN
B0BN36NL5Z,A1SMZEZO08MXHN
B0BLVDTJDZ,A1SMZEZO08MXHN
B0BKB246J7,A1SMZEZO08MXHN
B0BFWVZXYR,A1SMZEZO08MXHN
B0B55WL1C4,A1SMZEZO08MXHN
B0B4892T9S,A1SMZEZO08MXHN
B0B3971SCS,A1SMZEZO08MXHN
B0B2DHPFWZ,A1SMZEZO08MXHN
B09Y4K6YXW,A1SMZEZO08MXHN
B09Y2V93SD,A1SMZEZO08MXHN
B09WR9TQ6K,A1SMZEZO08MXHN
B09WDSCYSC,A1SMZEZO08MXHN
B09TXKH8RH,A1SMZEZO08MXHN
B07ZJ329CL,A1SMZEZO08MXHN
B07XWBXCQD,A1SMZEZO08MXHN
B07X2TGF5V,A1SMZEZO08MXHN
B07MGRZLSP,A1SMZEZO08MXHN
B07M6X26H2,A1SMZEZO08MXHN
B07HB657X8,A1SMZEZO08MXHN
B07GY17XGF,A1SMZEZO08MXHN
B07FRMV3QQ,A1SMZEZO08MXHN
B07DP658JT,A1SMZEZO08MXHN
B07D182CYM,A1SMZEZO08MXHN
B07CS3GZ7P,A1SMZEZO08MXHN
B07CJ96GYL,A1SMZEZO08MXHN
B07BZVBV28,A1SMZEZO08MXHN
B0774M6NF5,A1SMZEZO08MXHN
B0767CMMVC,A1SMZEZO08MXHN
B073WVK5VS,A1SMZEZO08MXHN
B017KRANRU,A1SMZEZO08MXHN
B015NBNXM2,A1SMZEZO08MXHN
B00TOYEBSK,A1SMZEZO08MXHN
B00RLNPADG,A1SMZEZO08MXHN
B00AZJYG4C,A1SMZEZO08MXHN
B007VS0EDM,A1SMZEZO08MXHN
B005OHQY8Q,A1SMZEZO08MXHN
B004E73D18,A1SMZEZO08MXHN
B000STW45W,A1SMZEZO08MXHN
B08QM7K4V8,A1SMZEZO08MXHN
B000HAWGCS,A1SMZEZO08MXHN
B000BWDWES,A1SMZEZO08MXHN
B0DHVHMB9K,A1SMZEZO08MXHN
B01FJ4CG6W,A1SMZEZO08MXHN
B0D1QZGW51,A1SMZEZO08MXHN
B0D145J3H9,A1SMZEZO08MXHN
B0CZT4RR4Y,A1SMZEZO08MXHN
B0CZ7B18JY,A1SMZEZO08MXHN
B0CYS4GBZN,A1SMZEZO08MXHN
B0CYLSDR33,A1SMZEZO08MXHN
B0CVPBPY2V,A1SMZEZO08MXHN
B0CTCLXS95,A1SMZEZO08MXHN
B0CSSQP8MC,A1SMZEZO08MXHN
B0CR4F9P5T,A1SMZEZO08MXHN
B0CQG5656Y,A1SMZEZO08MXHN
B0CPLN8VZD,A1SMZEZO08MXHN
B0CNLNG8Z1,A1SMZEZO08MXHN
B0CN8YJFJF,A1SMZEZO08MXHN
B0CMGDJPLY,A1SMZEZO08MXHN
B0CMCSG22Z,A1SMZEZO08MXHN
B0DKFDFT8P,A1SMZEZO08MXHN
B0DCNJ2N5D,A1SMZEZO08MXHN
B0D8FFFRK1,A1SMZEZO08MXHN
B0D83Q71JF,A1SMZEZO08MXHN
B0D7CFHQQW,A1SMZEZO08MXHN
B0D78RLS3X,A1SMZEZO08MXHN
B0D76GVR9Z,A1SMZEZO08MXHN
B0D76CYKDG,A1SMZEZO08MXHN
B0D6RHJPTP,A1SMZEZO08MXHN
B0D6FLXBP2,A1SMZEZO08MXHN
B0D63BCM83,A1SMZEZO08MXHN
B0D544RBZC,A1SMZEZO08MXHN
B0D2RD5JW2,A1SMZEZO08MXHN
B0D2KM9DBG,A1SMZEZO08MXHN
B0D2HZXTLT,A1SMZEZO08MXHN
B0D2GYZ5ZX,A1SMZEZO08MXHN
B0CL4DVKY6,A1SMZEZO08MXHN
B0CKKPBTB4,A1SMZEZO08MXHN
B0CK1LG2WC,A1SMZEZO08MXHN
B0CJF6DZBQ,A1SMZEZO08MXHN
B0CJ6SSF49,A1SMZEZO08MXHN
B0CHYMFXCY,A1SMZEZO08MXHN
B0CH2XNW3Z,A1SMZEZO08MXHN
B0CGXXX6XT,A1SMZEZO08MXHN
B0CDL9J9Q7,A1SMZEZO08MXHN
B0CC4R56VT,A1SMZEZO08MXHN
B0CBSYBH6W,A1SMZEZO08MXHN
