item,source
B0C3D1KVPB,AT6ON2YUKJPG7
B0DM6J8KS5,AT6ON2YUKJPG7
B000LV5JU4,AT6ON2YUKJPG7
B0BYTQ3KTP,AT6ON2YUKJPG7
B0DCBM3JGW,AT6ON2YUKJPG7
B0D2T5BY6F,AT6ON2YUKJPG7
B00CI8JA76,AT6ON2YUKJPG7
B00NS4J6BY,AT6ON2YUKJPG7
B0C2SS85GD,AT6ON2YUKJPG7
B0CSFVRLMW,AT6ON2YUKJPG7
B09YRR8R1W,AT6ON2YUKJPG7
B0CXXL9H7R,AT6ON2YUKJPG7
B0CG8D91PG,AT6ON2YUKJPG7
B00HSMS5OQ,AT6ON2YUKJPG7
B0B387C4KZ,AT6ON2YUKJPG7
B0DSV3ZJYJ,AT6ON2YUKJPG7
B0CY5K6GKZ,AT6ON2YUKJPG7
B07S892JB1,AT6ON2YUKJPG7
B0C7BHNW9T,AT6ON2YUKJPG7
B0CC9Q8N7M,AT6ON2YUKJPG7
B0C4LVWVZN,AT6ON2YUKJPG7
B0CZNZY2BH,AT6ON2YUKJPG7
B07N4FSCS4,AT6ON2YUKJPG7
B00B3UMTS2,AT6ON2YUKJPG7
B07G44NKJ8,AT6ON2YUKJPG7
B07VPRCW8M,AT6ON2YUKJPG7
B0006Z9SPM,AT6ON2YUKJPG7
B09R841BDQ,AT6ON2YUKJPG7
B09DFFPK6X,AT6ON2YUKJPG7
B095VMXNLL,AT6ON2YUKJPG7
B092MJHQM7,AT6ON2YUKJPG7
B00OKVFDDY,AT6ON2YUKJPG7
B0DMJD55P7,AT6ON2YUKJPG7
B0D16VJ9T8,AT6ON2YUKJPG7
B0CYC65XK8,AT6ON2YUKJPG7
B0CP6G1BDC,AT6ON2YUKJPG7
B0BFX2XRD8,AT6ON2YUKJPG7
B0B29HQZ24,AT6ON2YUKJPG7
B08BHRLZ2X,AT6ON2YUKJPG7
B07J339Q9Z,AT6ON2YUKJPG7
9189143264,AT6ON2YUKJPG7
B0C3LZX3PF,AT6ON2YUKJPG7
B0CCDF2BP6,AT6ON2YUKJPG7
B0DH4D4JTC,AT6ON2YUKJPG7
B0064O7YFA,AT6ON2YUKJPG7
B07YHTL9V4,AT6ON2YUKJPG7
B093N9M34N,AT6ON2YUKJPG7
B08BW6HPCM,AT6ON2YUKJPG7
B0DDXQXJFX,AT6ON2YUKJPG7
B0CCBC18S7,AT6ON2YUKJPG7
B0BLTDZBNX,AT6ON2YUKJPG7
B0B1WMSDGL,AT6ON2YUKJPG7
B0CJR1TZRW,AT6ON2YUKJPG7
B07YBR1VW2,AT6ON2YUKJPG7
B0BRJCXDQ8,AT6ON2YUKJPG7
B01M5BGAOO,AT6ON2YUKJPG7
B08RBDNZ9R,AT6ON2YUKJPG7
B0C53MKFMY,AT6ON2YUKJPG7
B0DCVNTH3K,AT6ON2YUKJPG7
B09NW8XVD5,AT6ON2YUKJPG7
B0BG28RS5Z,AT6ON2YUKJPG7
B07CMVZQFQ,AT6ON2YUKJPG7
B09CTHCPBB,AT6ON2YUKJPG7
B00HSPEFM4,AT6ON2YUKJPG7
B0CSFQXYLM,AT6ON2YUKJPG7
B0CK2D7W1T,AT6ON2YUKJPG7
B0B5ZT4ZNG,AT6ON2YUKJPG7
B0BGXGTC9W,AT6ON2YUKJPG7
B0CB5XXNY8,AT6ON2YUKJPG7
B01BFOJ8O8,AT6ON2YUKJPG7
B0C5FP9DYC,AT6ON2YUKJPG7
B09PQZXCQX,AT6ON2YUKJPG7
B0BBC4NSHC,AT6ON2YUKJPG7
B08R827XHT,AT6ON2YUKJPG7
B08Q8P9J6H,AT6ON2YUKJPG7
B08KYKG27F,AT6ON2YUKJPG7
B08FXSD575,AT6ON2YUKJPG7
B08CSR89PR,AT6ON2YUKJPG7
B08C2TP4N4,AT6ON2YUKJPG7
B0881Y55HT,AT6ON2YUKJPG7
B085146LHQ,AT6ON2YUKJPG7
B084X7R3WH,AT6ON2YUKJPG7
B0818859Y6,AT6ON2YUKJPG7
B07TXC64S6,AT6ON2YUKJPG7
B07SMF57Q5,AT6ON2YUKJPG7
B07SC5RSWM,AT6ON2YUKJPG7
B07QLCFJ2Q,AT6ON2YUKJPG7
B07PH7CR78,AT6ON2YUKJPG7
B07DC4MYT4,AT6ON2YUKJPG7
B071XGD881,AT6ON2YUKJPG7
B01HDWZ912,AT6ON2YUKJPG7
B019QOFCLW,AT6ON2YUKJPG7
B00DSD7RC0,AT6ON2YUKJPG7
B009R61ACA,AT6ON2YUKJPG7
B007W91EOS,AT6ON2YUKJPG7
B0073TJUVQ,AT6ON2YUKJPG7
B002R6ZNQ6,AT6ON2YUKJPG7
B000XZVPS8,AT6ON2YUKJPG7
B0000C51FJ,AT6ON2YUKJPG7
B01N04ZYST,AT6ON2YUKJPG7
B09N2H73X4,AT6ON2YUKJPG7
B087LNZNYW,AT6ON2YUKJPG7
B01G2TAV0Q,AT6ON2YUKJPG7
B01LQZSDRY,AT6ON2YUKJPG7
B0D3D5HTWR,AT6ON2YUKJPG7
B0BZMT3QVP,AT6ON2YUKJPG7
B0DSWN5DWW,AT6ON2YUKJPG7
B0BWSFHKGW,AT6ON2YUKJPG7
B075DFHSW6,AT6ON2YUKJPG7
B06XXWQQVF,AT6ON2YUKJPG7
B0BT7V5XND,AT6ON2YUKJPG7
B0C2R7FYMR,AT6ON2YUKJPG7
B0B7H3D2R9,AT6ON2YUKJPG7
B0B4S9BN68,AT6ON2YUKJPG7
B0CYH2FQ1R,AT6ON2YUKJPG7
B0C4ZW4VCX,AT6ON2YUKJPG7
B0B9HZZXJR,AT6ON2YUKJPG7
B004KWLZ6M,AT6ON2YUKJPG7
B0CG7QMV86,AT6ON2YUKJPG7
B0CD729LYL,AT6ON2YUKJPG7
B0C7BPGW4Z,AT6ON2YUKJPG7
B0BZNZJXQP,AT6ON2YUKJPG7
B0BZ4DY2VD,AT6ON2YUKJPG7
B0BXLHLX52,AT6ON2YUKJPG7
B0BXF9SB5X,AT6ON2YUKJPG7
B0BR7YG7QH,AT6ON2YUKJPG7
B0BCBK786L,AT6ON2YUKJPG7
B0BC2687J6,AT6ON2YUKJPG7
B0BB6XP2HH,AT6ON2YUKJPG7
B0BB5Y5MLC,AT6ON2YUKJPG7
B0B7WYP7YJ,AT6ON2YUKJPG7
B0B4PD794G,AT6ON2YUKJPG7
B0B45TSTFS,AT6ON2YUKJPG7
B0B2DNMVMR,AT6ON2YUKJPG7
B097BWC9JY,AT6ON2YUKJPG7
B0C9MFF69B,AT6ON2YUKJPG7
B0BWBRZPR7,AT6ON2YUKJPG7
B0C5SWVJ21,AT6ON2YUKJPG7
B083N3R2Z3,AT6ON2YUKJPG7
B0768KK4C9,AT6ON2YUKJPG7
B09TP6WNGP,AT6ON2YUKJPG7
B09TDNJ6R1,AT6ON2YUKJPG7
B09SBLDD94,AT6ON2YUKJPG7
B09KS9HWN1,AT6ON2YUKJPG7
B09F6YHGFC,AT6ON2YUKJPG7
B09BMXC36Y,AT6ON2YUKJPG7
B09B9WPXNS,AT6ON2YUKJPG7
B0989D4Z6P,AT6ON2YUKJPG7
B09713R71L,AT6ON2YUKJPG7
B096Z9TMVB,AT6ON2YUKJPG7
B093CX2H8H,AT6ON2YUKJPG7
B08WM2YB9L,AT6ON2YUKJPG7
B08VHL1TPD,AT6ON2YUKJPG7
B08VFT1328,AT6ON2YUKJPG7
B08TB3NHBL,AT6ON2YUKJPG7
B08RZC38VF,AT6ON2YUKJPG7
B09V17K5ZC,AT6ON2YUKJPG7
B0DTGKX3P5,AT6ON2YUKJPG7
B01A7HAAS2,AT6ON2YUKJPG7
B08CMTKNDC,AT6ON2YUKJPG7
B0DB5TBBN8,AT6ON2YUKJPG7
B07R6LLXP6,AT6ON2YUKJPG7
B08GKZJFXT,AT6ON2YUKJPG7
B00HJC156U,AT6ON2YUKJPG7
B007IQ4XWK,AT6ON2YUKJPG7
B0DBQC48BV,AT6ON2YUKJPG7
B00WAAYK1I,AT6ON2YUKJPG7
B09N8W2NMM,AT6ON2YUKJPG7
B07PWQZPC3,AT6ON2YUKJPG7
B01E7QONSC,AT6ON2YUKJPG7
B07J6T4ZXR,AT6ON2YUKJPG7
B0C1LB7VMT,AT6ON2YUKJPG7
B0BVNVXNCY,AT6ON2YUKJPG7
B0CSKS2ZYG,AT6ON2YUKJPG7
B0D9GZGBB3,AT6ON2YUKJPG7
B09DMRRVWJ,AT6ON2YUKJPG7
B0CJXB6J2X,AT6ON2YUKJPG7
B0D4VKGTT4,AT6ON2YUKJPG7
B09LHCN264,AT6ON2YUKJPG7
B0DH2Q1B18,AT6ON2YUKJPG7
B09FCQXYRV,AT6ON2YUKJPG7
B08YSMFTJG,AT6ON2YUKJPG7
B0BGC8WLFB,AT6ON2YUKJPG7
B01JGSC5AO,AT6ON2YUKJPG7
B0CXWYMWGD,AT6ON2YUKJPG7
B07YGPSXGW,AT6ON2YUKJPG7
B07H5KZ6PZ,AT6ON2YUKJPG7
B01KPJVDO2,AT6ON2YUKJPG7
B0007M45XE,AT6ON2YUKJPG7
B014T8QVHO,AT6ON2YUKJPG7
B0CJJLH4VQ,AT6ON2YUKJPG7
B07D13MCWQ,AT6ON2YUKJPG7
B07SD4KSSG,AT6ON2YUKJPG7
B09BN1DMKD,AT6ON2YUKJPG7
B0B3TWQRB2,AT6ON2YUKJPG7
B0BX9F6XCP,AT6ON2YUKJPG7
B08862TXR9,AT6ON2YUKJPG7
B08L3RTRHN,AT6ON2YUKJPG7
B0C8BH93TJ,AT6ON2YUKJPG7
B00O9DNJ16,AT6ON2YUKJPG7
B0B5Y68WX1,AT6ON2YUKJPG7
B0B7872BD4,AT6ON2YUKJPG7
B09LC89D42,AT6ON2YUKJPG7
B08HKXSFNN,AT6ON2YUKJPG7
B07GSXXN3W,AT6ON2YUKJPG7
B0D6QLKJPR,AT6ON2YUKJPG7
B07TN2PR6T,AT6ON2YUKJPG7
B0DHGDHW7X,AT6ON2YUKJPG7
B09S9V8BLQ,AT6ON2YUKJPG7
B099P249HH,AT6ON2YUKJPG7
B011WT29HO,AT6ON2YUKJPG7
B0CJBQD4DC,AT6ON2YUKJPG7
B08BJ7S8L5,AT6ON2YUKJPG7
B0CC1BZ1DC,AT6ON2YUKJPG7
B08KL2YRKM,AT6ON2YUKJPG7
B0CFQ8ZVX4,AT6ON2YUKJPG7
B0002JT7LC,AT6ON2YUKJPG7
B0DC8MWQ8K,AT6ON2YUKJPG7
B08ZHDPQ8M,AT6ON2YUKJPG7
B01F63ORYU,AT6ON2YUKJPG7
B01MTA52ZK,AT6ON2YUKJPG7
B07CXRL34L,AT6ON2YUKJPG7
B0D1CJW6LV,AT6ON2YUKJPG7
B0CSF2DYM7,AT6ON2YUKJPG7
B01BU99K6E,AT6ON2YUKJPG7
B0053Y1H9G,AT6ON2YUKJPG7
B00C7SR1FK,AT6ON2YUKJPG7
B071QXJPZF,AT6ON2YUKJPG7
B08R8J7YN7,AT6ON2YUKJPG7
B0BVHCCWJ3,AT6ON2YUKJPG7
B0CWQSTJJP,AT6ON2YUKJPG7
B0BFVQ796X,AT6ON2YUKJPG7
B007QU2UAA,AT6ON2YUKJPG7
B0C2P629DH,AT6ON2YUKJPG7
B01M10HHY7,AT6ON2YUKJPG7
B072N8PSNR,AT6ON2YUKJPG7
B0D41NCXGK,AT6ON2YUKJPG7
B0CHYRBZ76,AT6ON2YUKJPG7
B0BQHQR3DG,AT6ON2YUKJPG7
B087YNJJHY,AT6ON2YUKJPG7
B07XKQ4LWX,AT6ON2YUKJPG7
B0D22KYDWN,AT6ON2YUKJPG7
B0B8LW2M35,AT6ON2YUKJPG7
B07VRW2K67,AT6ON2YUKJPG7
B0CM63C23W,AT6ON2YUKJPG7
B0B1HR3L7D,AT6ON2YUKJPG7
B09Q33FZVD,AT6ON2YUKJPG7
B072Z9ZDJM,AT6ON2YUKJPG7
B0CBMJR3JD,AT6ON2YUKJPG7
B00CZ5GE30,AT6ON2YUKJPG7
B07BYHB1JK,AT6ON2YUKJPG7
B09CTTKR8M,AT6ON2YUKJPG7
B07JWB1X9Q,AT6ON2YUKJPG7
B09XSNNMPC,AT6ON2YUKJPG7
B07TZ3BMKW,AT6ON2YUKJPG7
B005ZTIC5G,AT6ON2YUKJPG7
B07ZFHCB28,AT6ON2YUKJPG7
B0BPXYLMJD,AT6ON2YUKJPG7
B07JW2XT7M,AT6ON2YUKJPG7
B01J4PRM7A,AT6ON2YUKJPG7
B0CSRYNKRG,AT6ON2YUKJPG7
B015NM0EF0,AT6ON2YUKJPG7
B0CPLHJ1YJ,AT6ON2YUKJPG7
B083TC2H7T,AT6ON2YUKJPG7
B078RGHQTH,AT6ON2YUKJPG7
B01IIF4L9Y,AT6ON2YUKJPG7
B013WVAHJ2,AT6ON2YUKJPG7
B07Z672CCQ,AT6ON2YUKJPG7
B0CQCML27P,AT6ON2YUKJPG7
B0CFT3VTX5,AT6ON2YUKJPG7
B00ZAT5204,AT6ON2YUKJPG7
B09QV9H8J3,AT6ON2YUKJPG7
B07VVSQ4QL,AT6ON2YUKJPG7
B0BWSC7RTC,AT6ON2YUKJPG7
B00FABZ0CW,AT6ON2YUKJPG7
B078T9XDR3,AT6ON2YUKJPG7
B09VGQPGFG,AT6ON2YUKJPG7
B0BM3H6V1F,AT6ON2YUKJPG7
B07B8BMNL8,AT6ON2YUKJPG7
B0DCDH7LX8,AT6ON2YUKJPG7
B0CYCCW4TN,AT6ON2YUKJPG7
B002RXD5T6,AT6ON2YUKJPG7
B01DC5HQR4,AT6ON2YUKJPG7
B0D2J9ZHZB,AT6ON2YUKJPG7
B09HTS8KP2,AT6ON2YUKJPG7
B0DRWFWK4D,AT6ON2YUKJPG7
B005UQR48A,AT6ON2YUKJPG7
B07QBLL7RD,AT6ON2YUKJPG7
B001VXVSZ6,AT6ON2YUKJPG7
B0936D7DJ5,AT6ON2YUKJPG7
B0CHSJDFFC,AT6ON2YUKJPG7
B085Z8XPZQ,AT6ON2YUKJPG7
B06XPKXXC4,AT6ON2YUKJPG7
B07WKCW8DF,AT6ON2YUKJPG7
B094Y8QG6C,AT6ON2YUKJPG7
B0C6FRQ12L,AT6ON2YUKJPG7
B0CFJKYXGH,AT6ON2YUKJPG7
B0CNRRY6ZV,AT6ON2YUKJPG7
B0DHXYXV4F,AT6ON2YUKJPG7
B099DRZ856,AT6ON2YUKJPG7
B0CP24VCMS,AT6ON2YUKJPG7
B0CH1QWCZW,AT6ON2YUKJPG7
B0C9TNVHPD,AT6ON2YUKJPG7
B07W5PK26Q,AT6ON2YUKJPG7
B00DR0EBAA,AT6ON2YUKJPG7
B0D53ZJ2ZX,AT6ON2YUKJPG7
B07YZ4XKJR,AT6ON2YUKJPG7
B0CYH23BC8,AT6ON2YUKJPG7
B0989Y6B7B,AT6ON2YUKJPG7
B0CWRB6M8T,AT6ON2YUKJPG7
B09ZHKWDPD,AT6ON2YUKJPG7
B0CMWQ7GCT,AT6ON2YUKJPG7
B00YFU5CRW,AT6ON2YUKJPG7
B07V26H86M,AT6ON2YUKJPG7
B08BFXWYL5,AT6ON2YUKJPG7
B0D25Y5VTN,AT6ON2YUKJPG7
B08LH5TCM5,AT6ON2YUKJPG7
B0BYJMYWQ5,AT6ON2YUKJPG7
B09VGMJH9V,AT6ON2YUKJPG7
B08VGQSDNM,AT6ON2YUKJPG7
B083F8M772,AT6ON2YUKJPG7
B0752GM69W,AT6ON2YUKJPG7
B07JMPV9FS,AT6ON2YUKJPG7
B0C8ZSWK4B,AT6ON2YUKJPG7
B0BNB98MF9,AT6ON2YUKJPG7
B083NTXDTB,AT6ON2YUKJPG7
B09HTB2ZZR,AT6ON2YUKJPG7
B082LNGMHJ,AT6ON2YUKJPG7
B0BXJGX9ZQ,AT6ON2YUKJPG7
B0C2YL1XD6,AT6ON2YUKJPG7
B0D5Q7YM3Q,AT6ON2YUKJPG7
B0BGZML5CH,AT6ON2YUKJPG7
B0CT93KYZV,AT6ON2YUKJPG7
B00E9EZZRQ,AT6ON2YUKJPG7
B0B6H3K8WP,AT6ON2YUKJPG7
B0CLGDP8VW,AT6ON2YUKJPG7
B0BPL5RB9Q,AT6ON2YUKJPG7
B00ZGE4Y1Q,AT6ON2YUKJPG7
B0BQJS54F6,AT6ON2YUKJPG7
B07T3BCP3K,AT6ON2YUKJPG7
B07D37SWYK,AT6ON2YUKJPG7
B003BSB7PU,AT6ON2YUKJPG7
B0DFLX3RLP,AT6ON2YUKJPG7
B0D22MWH25,AT6ON2YUKJPG7
B0CSJXT1F2,AT6ON2YUKJPG7
B0CQ7ZPBPG,AT6ON2YUKJPG7
B0C2L9CRK8,AT6ON2YUKJPG7
B0BGL2PJ68,AT6ON2YUKJPG7
B0B52DRMK1,AT6ON2YUKJPG7
B096DSN389,AT6ON2YUKJPG7
B08GSTDWDD,AT6ON2YUKJPG7
B08BC25GJV,AT6ON2YUKJPG7
B07ZVN828J,AT6ON2YUKJPG7
B07VN9M9NQ,AT6ON2YUKJPG7
B07VC36NMC,AT6ON2YUKJPG7
B07DHRBRPB,AT6ON2YUKJPG7
B00LH28WK0,AT6ON2YUKJPG7
B007JW093K,AT6ON2YUKJPG7
B006RMC8J6,AT6ON2YUKJPG7
B0DPPKDLLD,AT6ON2YUKJPG7
B0DMHZ4KYY,AT6ON2YUKJPG7
B0DHYPNZW3,AT6ON2YUKJPG7
B0DHSB2KD2,AT6ON2YUKJPG7
B0DBZR45LZ,AT6ON2YUKJPG7
B0CJCSNFZ2,AT6ON2YUKJPG7
B0CHN2BCKX,AT6ON2YUKJPG7
B0CD8VJN5R,AT6ON2YUKJPG7
B0CCS39VKS,AT6ON2YUKJPG7
B0CC1QSJQG,AT6ON2YUKJPG7
B0CBTYZY2S,AT6ON2YUKJPG7
B0C7H7GL9Z,AT6ON2YUKJPG7
B0C4KR1BNY,AT6ON2YUKJPG7
B0C2QRGXBQ,AT6ON2YUKJPG7
B0C1YX39S5,AT6ON2YUKJPG7
B0BZYM6N5W,AT6ON2YUKJPG7
B0BYZ5HVLD,AT6ON2YUKJPG7
B0BYRLNY53,AT6ON2YUKJPG7
B0BYCQQGWJ,AT6ON2YUKJPG7
B0BX8JFHY6,AT6ON2YUKJPG7
B0BWCC886B,AT6ON2YUKJPG7
B0D7ZJG9CX,AT6ON2YUKJPG7
B0D76KD3XK,AT6ON2YUKJPG7
B0D4B3QJQC,AT6ON2YUKJPG7
B0D2QD1V5F,AT6ON2YUKJPG7
B0CYZQYCW2,AT6ON2YUKJPG7
B0CRB6252F,AT6ON2YUKJPG7
B0CQLD84W4,AT6ON2YUKJPG7
B0CPNXZQ4X,AT6ON2YUKJPG7
B0CPM2PT13,AT6ON2YUKJPG7
B0CP6Z4FZL,AT6ON2YUKJPG7
B0CNJSXKT7,AT6ON2YUKJPG7
B0CLYPNG57,AT6ON2YUKJPG7
B0CLK43TPS,AT6ON2YUKJPG7
B0CLCF2SSY,AT6ON2YUKJPG7
B0CL624MZZ,AT6ON2YUKJPG7
B0CL2RXMBL,AT6ON2YUKJPG7
B0B1M4VLYC,AT6ON2YUKJPG7
B09YMZJ6GY,AT6ON2YUKJPG7
B09XBRX2B4,AT6ON2YUKJPG7
B09WT3212N,AT6ON2YUKJPG7
B09WHTP9C4,AT6ON2YUKJPG7
B09W98HT3Y,AT6ON2YUKJPG7
B09V2JHCC1,AT6ON2YUKJPG7
B09MP2RDPC,AT6ON2YUKJPG7
B09MB6BYLN,AT6ON2YUKJPG7
B09K3G1793,AT6ON2YUKJPG7
B09HQBZQ53,AT6ON2YUKJPG7
B09HBZDTC2,AT6ON2YUKJPG7
B09G6KCVSS,AT6ON2YUKJPG7
B09G6JRJSR,AT6ON2YUKJPG7
B09DP7N4VL,AT6ON2YUKJPG7
B09DKM9HWM,AT6ON2YUKJPG7
B09CQ4QD1B,AT6ON2YUKJPG7
B09C1LF2X7,AT6ON2YUKJPG7
B09B3QL2C8,AT6ON2YUKJPG7
B098L3R8G4,AT6ON2YUKJPG7
B097J1RTLB,AT6ON2YUKJPG7
B096KZBSZS,AT6ON2YUKJPG7
B094KPG86B,AT6ON2YUKJPG7
B092DGV7FN,AT6ON2YUKJPG7
B09278ZSV7,AT6ON2YUKJPG7
B0925WK7T8,AT6ON2YUKJPG7
B091FYV8QY,AT6ON2YUKJPG7
B091798FV5,AT6ON2YUKJPG7
B0915P3HPZ,AT6ON2YUKJPG7
B08YNP233D,AT6ON2YUKJPG7
B08VN52LHW,AT6ON2YUKJPG7
B08SHZS4RM,AT6ON2YUKJPG7
B082FNLWTG,AT6ON2YUKJPG7
B081TSSK9B,AT6ON2YUKJPG7
B081C6PXZJ,AT6ON2YUKJPG7
B07WN8KZFB,AT6ON2YUKJPG7
B07TZ3ZL4L,AT6ON2YUKJPG7
B07TLZJ3G7,AT6ON2YUKJPG7
B07SSR1PRW,AT6ON2YUKJPG7
B07RPF8W56,AT6ON2YUKJPG7
B07P7BPZQB,AT6ON2YUKJPG7
B07MYY434B,AT6ON2YUKJPG7
B07MXP7R8T,AT6ON2YUKJPG7
B07LDSSMBQ,AT6ON2YUKJPG7
B07KJSGV3T,AT6ON2YUKJPG7
B07K1FCZNN,AT6ON2YUKJPG7
B07JVRJ9Y1,AT6ON2YUKJPG7
B07HKXBVH7,AT6ON2YUKJPG7
B07HFFLPNK,AT6ON2YUKJPG7
B07H2XNZ3T,AT6ON2YUKJPG7
B07G6HWDTM,AT6ON2YUKJPG7
B078L2J7Q1,AT6ON2YUKJPG7
B078GNQHV7,AT6ON2YUKJPG7
B077CZ626Y,AT6ON2YUKJPG7
B076KY8CTL,AT6ON2YUKJPG7
B076CPTHJ3,AT6ON2YUKJPG7
B075DFY5WZ,AT6ON2YUKJPG7
B074STJFN1,AT6ON2YUKJPG7
B07411DLTV,AT6ON2YUKJPG7
B073GYG416,AT6ON2YUKJPG7
B0738M9P7S,AT6ON2YUKJPG7
B072PZCZFT,AT6ON2YUKJPG7
B06Y5ZPQVF,AT6ON2YUKJPG7
B01MECHLER,AT6ON2YUKJPG7
B0BSF45F7N,AT6ON2YUKJPG7
B0BQPGT51N,AT6ON2YUKJPG7
B0BLY4K7JD,AT6ON2YUKJPG7
B0BHHKKHWB,AT6ON2YUKJPG7
B0BFR4RZ4Z,AT6ON2YUKJPG7
B0BDF524G3,AT6ON2YUKJPG7
B0BCWNFF39,AT6ON2YUKJPG7
B0BCV2T6LD,AT6ON2YUKJPG7
B0B8NG95J7,AT6ON2YUKJPG7
B0B7WZ2GVZ,AT6ON2YUKJPG7
B0B7SKPVCK,AT6ON2YUKJPG7
B0B611T2VZ,AT6ON2YUKJPG7
B0B56GMVSK,AT6ON2YUKJPG7
B0B365GXL5,AT6ON2YUKJPG7
B0B24KQH29,AT6ON2YUKJPG7
B0B1X7B3TZ,AT6ON2YUKJPG7
B0DFTQ7G8T,AT6ON2YUKJPG7
B0DFCD4NFQ,AT6ON2YUKJPG7
B0D9N9CKPG,AT6ON2YUKJPG7
B0D9BM7S2K,AT6ON2YUKJPG7
B0D8VVDV6B,AT6ON2YUKJPG7
B0D6RWCVQY,AT6ON2YUKJPG7
B0D4TTSP21,AT6ON2YUKJPG7
B0D1FZ2D9Y,AT6ON2YUKJPG7
B0CXPWSGDR,AT6ON2YUKJPG7
B0CS6HQMJL,AT6ON2YUKJPG7
B0CQF66BJ1,AT6ON2YUKJPG7
B0CP7TKY3J,AT6ON2YUKJPG7
B0CMZSBMMP,AT6ON2YUKJPG7
B0CMM4DLDF,AT6ON2YUKJPG7
B0CMGJ8KZF,AT6ON2YUKJPG7
B0CH9VPRWS,AT6ON2YUKJPG7
B0CGDPGPJT,AT6ON2YUKJPG7
B0CG5VRP3T,AT6ON2YUKJPG7
B0CG2CSD93,AT6ON2YUKJPG7
B0CDQGVGXR,AT6ON2YUKJPG7
B0CDHJNFRY,AT6ON2YUKJPG7
B0CCN63J7Z,AT6ON2YUKJPG7
B0C9MV848V,AT6ON2YUKJPG7
B0C8TBDZ2B,AT6ON2YUKJPG7
B0C7NWVTVX,AT6ON2YUKJPG7
B0C5XHVBJY,AT6ON2YUKJPG7
B0C59THKRQ,AT6ON2YUKJPG7
B0C3JVLXFK,AT6ON2YUKJPG7
B0C3G9QG69,AT6ON2YUKJPG7
B0C2PFNXDV,AT6ON2YUKJPG7
B0C28SXYVJ,AT6ON2YUKJPG7
B0C1GJ7P32,AT6ON2YUKJPG7
B0BZPTL7HZ,AT6ON2YUKJPG7
B0BYS4FJC9,AT6ON2YUKJPG7
B0BYPD93N6,AT6ON2YUKJPG7
B0BYJCZS25,AT6ON2YUKJPG7
B0BY7Z64ZW,AT6ON2YUKJPG7
B0BXQR91QN,AT6ON2YUKJPG7
B0BWHMRSC2,AT6ON2YUKJPG7
B0BRT8CFRK,AT6ON2YUKJPG7
B0BRS49F8C,AT6ON2YUKJPG7
B0BN3LZG1Q,AT6ON2YUKJPG7
B0BN13ZHJJ,AT6ON2YUKJPG7
B0BMFHS85Q,AT6ON2YUKJPG7
B0BLXMC9ZQ,AT6ON2YUKJPG7
B0BKK858CF,AT6ON2YUKJPG7
B0BG84RDRM,AT6ON2YUKJPG7
B0BDFYHNJW,AT6ON2YUKJPG7
B01FTXPDRC,AT6ON2YUKJPG7
B01F34TKEE,AT6ON2YUKJPG7
B01DURS358,AT6ON2YUKJPG7
B019O4SB58,AT6ON2YUKJPG7
B017VJD4A0,AT6ON2YUKJPG7
B0113XXXE2,AT6ON2YUKJPG7
B010L0TALI,AT6ON2YUKJPG7
B00XRWDCK8,AT6ON2YUKJPG7
B00UD6BKYG,AT6ON2YUKJPG7
B00TECX0LG,AT6ON2YUKJPG7
B00SS3TUT8,AT6ON2YUKJPG7
B00LZRW7PI,AT6ON2YUKJPG7
B00KYWKH8O,AT6ON2YUKJPG7
B00JQIPN3Q,AT6ON2YUKJPG7
B007U7X4W2,AT6ON2YUKJPG7
B006IVL5QS,AT6ON2YUKJPG7
B0BBG2D3KH,AT6ON2YUKJPG7
B0B928DCHT,AT6ON2YUKJPG7
B0B7Y371L6,AT6ON2YUKJPG7
B0B68XJK83,AT6ON2YUKJPG7
B0B5YXH9N9,AT6ON2YUKJPG7
B0B5TDSVH8,AT6ON2YUKJPG7
B0B37SC85Y,AT6ON2YUKJPG7
B09ZP9GY92,AT6ON2YUKJPG7
B09YLJ1DC9,AT6ON2YUKJPG7
B09YCVZ9PS,AT6ON2YUKJPG7
B09Y9DML21,AT6ON2YUKJPG7
B09XPTGFCW,AT6ON2YUKJPG7
B09WYFLDGF,AT6ON2YUKJPG7
B09VPP266Q,AT6ON2YUKJPG7
B09VKPZRN4,AT6ON2YUKJPG7
B09VC8CKZ9,AT6ON2YUKJPG7
B00IU1GLC2,AT6ON2YUKJPG7
B06X9LPHK4,AT6ON2YUKJPG7
B0CZVTR63Y,AT6ON2YUKJPG7
B0BHT1JTXG,AT6ON2YUKJPG7
B0BCYQKS1Q,AT6ON2YUKJPG7
B08V1RVL5H,AT6ON2YUKJPG7
B08SC17BD7,AT6ON2YUKJPG7
B084WP7RJP,AT6ON2YUKJPG7
B07WP6WYCG,AT6ON2YUKJPG7
B07RPXKQY7,AT6ON2YUKJPG7
B07QRXWRM6,AT6ON2YUKJPG7
B00LHDWX4K,AT6ON2YUKJPG7
B009N44XNO,AT6ON2YUKJPG7
B000AN7FYG,AT6ON2YUKJPG7
B000AN1JEI,AT6ON2YUKJPG7
B0DMJHSTV6,AT6ON2YUKJPG7
B09V8CD18V,AT6ON2YUKJPG7
B09V7ZYDKP,AT6ON2YUKJPG7
B09T6BFDT8,AT6ON2YUKJPG7
B09SPXVP7M,AT6ON2YUKJPG7
B09KRWT7WM,AT6ON2YUKJPG7
B09KL8LKFX,AT6ON2YUKJPG7
B09KKPQLTK,AT6ON2YUKJPG7
B09JVPG1YJ,AT6ON2YUKJPG7
B09HX43WY4,AT6ON2YUKJPG7
B09GVFQPMT,AT6ON2YUKJPG7
B09G1B738R,AT6ON2YUKJPG7
B09CTCXLND,AT6ON2YUKJPG7
B09CKRHLCC,AT6ON2YUKJPG7
B09CGKS7N6,AT6ON2YUKJPG7
B09C1J7SSX,AT6ON2YUKJPG7
B099DP3Q9V,AT6ON2YUKJPG7
B097T6P6R8,AT6ON2YUKJPG7
B097NKW319,AT6ON2YUKJPG7
B097NHH5VS,AT6ON2YUKJPG7
B096FNS6TD,AT6ON2YUKJPG7
B0956QX1HZ,AT6ON2YUKJPG7
B094GYS3DN,AT6ON2YUKJPG7
B093JF9QY4,AT6ON2YUKJPG7
B092VPFJ7H,AT6ON2YUKJPG7
B09151L3KX,AT6ON2YUKJPG7
B0912NVBBM,AT6ON2YUKJPG7
B08WN3FZ7T,AT6ON2YUKJPG7
B08TV76J26,AT6ON2YUKJPG7
B08R9L1R6F,AT6ON2YUKJPG7
B08QFLPKQZ,AT6ON2YUKJPG7
B08N42RQF6,AT6ON2YUKJPG7
B08N11R2BP,AT6ON2YUKJPG7
B08MW35R4B,AT6ON2YUKJPG7
B08LBW9GVN,AT6ON2YUKJPG7
B08JYJCYZY,AT6ON2YUKJPG7
B08HRK3F7J,AT6ON2YUKJPG7
B08GKS1MMV,AT6ON2YUKJPG7
B08DFZ5K1Z,AT6ON2YUKJPG7
B0892CM4LQ,AT6ON2YUKJPG7
B087V4HC75,AT6ON2YUKJPG7
B084GBXJFT,AT6ON2YUKJPG7
B082NVNRYG,AT6ON2YUKJPG7
B082971BJ4,AT6ON2YUKJPG7
B08191TVHG,AT6ON2YUKJPG7
B07YNSQRX7,AT6ON2YUKJPG7
B07Y552WN1,AT6ON2YUKJPG7
B07WSRVT66,AT6ON2YUKJPG7
B07WDLZ5FV,AT6ON2YUKJPG7
B07WDGFVXV,AT6ON2YUKJPG7
B07TWDWCWV,AT6ON2YUKJPG7
B07Q3NHPNL,AT6ON2YUKJPG7
B07KJHKD98,AT6ON2YUKJPG7
B07GQVFXZ8,AT6ON2YUKJPG7
B077V5GF1Y,AT6ON2YUKJPG7
B0757BLZBB,AT6ON2YUKJPG7
B0754556QP,AT6ON2YUKJPG7
B074J8BT86,AT6ON2YUKJPG7
B072PR4HJM,AT6ON2YUKJPG7
B071G1MJKP,AT6ON2YUKJPG7
B06XX357TF,AT6ON2YUKJPG7
B01NCZKTZQ,AT6ON2YUKJPG7
B01MF6B8H1,AT6ON2YUKJPG7
B01K4VEYJM,AT6ON2YUKJPG7
B01EKC8T38,AT6ON2YUKJPG7
B015TNG4YI,AT6ON2YUKJPG7
B00QAUYDYI,AT6ON2YUKJPG7
B00NQV81GK,AT6ON2YUKJPG7
B00MCSMVYG,AT6ON2YUKJPG7
B00HFIBXJM,AT6ON2YUKJPG7
B00DUBOSTA,AT6ON2YUKJPG7
B00BPHES8W,AT6ON2YUKJPG7
B009N72TAA,AT6ON2YUKJPG7
B008SCXDAG,AT6ON2YUKJPG7
B008A3UG94,AT6ON2YUKJPG7
B005SUVOGG,AT6ON2YUKJPG7
B0055EAZO2,AT6ON2YUKJPG7
B004UMRAD4,AT6ON2YUKJPG7
B003ZQ431I,AT6ON2YUKJPG7
B001WAK6EC,AT6ON2YUKJPG7
B001W6Q4RY,AT6ON2YUKJPG7
B005MZX03C,AT6ON2YUKJPG7
B003WE9XMW,AT6ON2YUKJPG7
B001MKVLXC,AT6ON2YUKJPG7
B000H5VOR6,AT6ON2YUKJPG7
B000ALC6BU,AT6ON2YUKJPG7
B08NVX6M88,AT6ON2YUKJPG7
B01DEBVIQ6,AT6ON2YUKJPG7
B08G1FQFCJ,AT6ON2YUKJPG7
B0BC8YLDXS,AT6ON2YUKJPG7
B001V5I2NA,AT6ON2YUKJPG7
B0012LKFHE,AT6ON2YUKJPG7
B000MD4YSE,AT6ON2YUKJPG7
B0009TO35U,AT6ON2YUKJPG7
B00019N6R4,AT6ON2YUKJPG7
B00011QUPC,AT6ON2YUKJPG7
1578505054,AT6ON2YUKJPG7
B00PIVKQP0,AT6ON2YUKJPG7
B0CXXJ819H,AT6ON2YUKJPG7
B0CGZCD1D4,AT6ON2YUKJPG7
B079VV7Q48,AT6ON2YUKJPG7
B076HKL43N,AT6ON2YUKJPG7
B08YJT3237,AT6ON2YUKJPG7
B08QZNVPJH,AT6ON2YUKJPG7
B07NPX6F2H,AT6ON2YUKJPG7
B08L3CFPD1,AT6ON2YUKJPG7
B0BSB3PNQV,AT6ON2YUKJPG7
B09C2PDJRL,AT6ON2YUKJPG7
B0BV72YGLC,AT6ON2YUKJPG7
B0784NYC4L,AT6ON2YUKJPG7
B0DB5T3252,AT6ON2YUKJPG7
B0BVY6B7X7,AT6ON2YUKJPG7
B0C5GJR8B1,AT6ON2YUKJPG7
B07KLZKG9J,AT6ON2YUKJPG7
B07ZL2ZB92,AT6ON2YUKJPG7
B0BY2B9X8Z,AT6ON2YUKJPG7
B0CBPPNJFT,AT6ON2YUKJPG7
B0CRYV7YDW,AT6ON2YUKJPG7
B0CXF3TDDL,AT6ON2YUKJPG7
B087YSFC58,AT6ON2YUKJPG7
B0BY8WFSJV,AT6ON2YUKJPG7
B019ZZQ0FY,AT6ON2YUKJPG7
B0BZXTMTVS,AT6ON2YUKJPG7
B087GCF48M,AT6ON2YUKJPG7
B094WX71DT,AT6ON2YUKJPG7
B0722MCBBT,AT6ON2YUKJPG7
B08ZJFFZXM,AT6ON2YUKJPG7
B01BVPRD02,AT6ON2YUKJPG7
B0C997H87S,AT6ON2YUKJPG7
B083JRQY2S,AT6ON2YUKJPG7
B0C4Y498W6,AT6ON2YUKJPG7
B0C6TFM91Q,AT6ON2YUKJPG7
B0DPMKZKDT,AT6ON2YUKJPG7
B0B316P652,AT6ON2YUKJPG7
B0B6293999,AT6ON2YUKJPG7
B09T6KYSCX,AT6ON2YUKJPG7
B07Y7KDZ47,AT6ON2YUKJPG7
B07KGLKQWF,AT6ON2YUKJPG7
B0CKYQF759,AT6ON2YUKJPG7
B0184H0DDE,AT6ON2YUKJPG7
B09XDYSPV6,AT6ON2YUKJPG7
B0CPYJWDPZ,AT6ON2YUKJPG7
B0CT6426Z5,AT6ON2YUKJPG7
B08PF5L2BJ,AT6ON2YUKJPG7
B082TWL67M,AT6ON2YUKJPG7
B01F59K0D2,AT6ON2YUKJPG7
B0B6HPPBXV,AT6ON2YUKJPG7
B0BNTSR7R2,AT6ON2YUKJPG7
B0945YYMP6,AT6ON2YUKJPG7
B09FFCSS5V,AT6ON2YUKJPG7
B096T94DKM,AT6ON2YUKJPG7
B0DBPNHFKQ,AT6ON2YUKJPG7
B0C46SZJZ1,AT6ON2YUKJPG7
B09J9ZRFSL,AT6ON2YUKJPG7
B000MD3EGC,AT6ON2YUKJPG7
B078N2YLZW,AT6ON2YUKJPG7
B07GDT8LNP,AT6ON2YUKJPG7
B0BVWKK33J,AT6ON2YUKJPG7
B09RZMCLWP,AT6ON2YUKJPG7
B0B21FVCSM,AT6ON2YUKJPG7
B006C0UW78,AT6ON2YUKJPG7
B0DD6JTMTL,AT6ON2YUKJPG7
B09NMYZZ1K,AT6ON2YUKJPG7
B07Q2FHQYW,AT6ON2YUKJPG7
B092ZP49CB,AT6ON2YUKJPG7
B07D3H96MD,AT6ON2YUKJPG7
B074QVDKYC,AT6ON2YUKJPG7
B0CN2RYNS8,AT6ON2YUKJPG7
B089Q4VYLD,AT6ON2YUKJPG7
B0BG244KWN,AT6ON2YUKJPG7
B09BJWZ5VC,AT6ON2YUKJPG7
B07TYX93XT,AT6ON2YUKJPG7
B074Q3Z584,AT6ON2YUKJPG7
B0D9QBBFZ8,AT6ON2YUKJPG7
B0B6G9J366,AT6ON2YUKJPG7
B09HKGCVVG,AT6ON2YUKJPG7
B07SJR368V,AT6ON2YUKJPG7
B07PP43Z56,AT6ON2YUKJPG7
B07N6955M6,AT6ON2YUKJPG7
B072JGVPLC,AT6ON2YUKJPG7
B00AA8WPGY,AT6ON2YUKJPG7
B004OZGKG0,AT6ON2YUKJPG7
B0D8WDXCH2,AT6ON2YUKJPG7
B0D3VDL1D3,AT6ON2YUKJPG7
B0D3D15Q1G,AT6ON2YUKJPG7
B0CJR3FJ3T,AT6ON2YUKJPG7
B0C8HNNVCB,AT6ON2YUKJPG7
B0C5HBTPG7,AT6ON2YUKJPG7
B0BQVYW9MC,AT6ON2YUKJPG7
B09MK53NSL,AT6ON2YUKJPG7
B08ZNBXGJN,AT6ON2YUKJPG7
B08KY8XYG8,AT6ON2YUKJPG7
B07XRRK5TX,AT6ON2YUKJPG7
B07VXLW8H9,AT6ON2YUKJPG7
B07QHDRYTJ,AT6ON2YUKJPG7
B07MQ2MW61,AT6ON2YUKJPG7
B06XC4KT1T,AT6ON2YUKJPG7
B01N1XTLYE,AT6ON2YUKJPG7
B0D2MDY5GQ,AT6ON2YUKJPG7
B0CY81MBFS,AT6ON2YUKJPG7
B0CY1V8J3J,AT6ON2YUKJPG7
B0CXMWZN8K,AT6ON2YUKJPG7
B0CW5XHNBH,AT6ON2YUKJPG7
B0CTHLM7HP,AT6ON2YUKJPG7
B0CP7V7BZR,AT6ON2YUKJPG7
B0CP7F3ZV5,AT6ON2YUKJPG7
B0CNS7CZR3,AT6ON2YUKJPG7
B0CM17ZBJD,AT6ON2YUKJPG7
B0CJRBWWX6,AT6ON2YUKJPG7
B0CFY9NH2D,AT6ON2YUKJPG7
B0CFDTY58Z,AT6ON2YUKJPG7
B0CDP95PB7,AT6ON2YUKJPG7
B0CCZGCFBY,AT6ON2YUKJPG7
B0CCDYF75L,AT6ON2YUKJPG7
B0CBRQKCYY,AT6ON2YUKJPG7
B0CBLN41CR,AT6ON2YUKJPG7
B0C9934KNZ,AT6ON2YUKJPG7
B0C7KSJMM5,AT6ON2YUKJPG7
B0C6PTY5ND,AT6ON2YUKJPG7
B0C5BHM57F,AT6ON2YUKJPG7
B0C5BHJ1C1,AT6ON2YUKJPG7
B0C4XXB4PC,AT6ON2YUKJPG7
B0C4DYLRMT,AT6ON2YUKJPG7
B0C3MJLCN5,AT6ON2YUKJPG7
B0C3J6T5M2,AT6ON2YUKJPG7
B0C3HBL74C,AT6ON2YUKJPG7
B0C23X4VJC,AT6ON2YUKJPG7
B0C1W7X9RR,AT6ON2YUKJPG7
B0C1C3872Z,AT6ON2YUKJPG7
B0BZZB5XMJ,AT6ON2YUKJPG7
B08RBG5FJR,AT6ON2YUKJPG7
B08QTQFMY1,AT6ON2YUKJPG7
B08N5HPTZP,AT6ON2YUKJPG7
B08MFNWJL1,AT6ON2YUKJPG7
B08L96KPZV,AT6ON2YUKJPG7
B08JD5G6XL,AT6ON2YUKJPG7
B08G8F9GJ8,AT6ON2YUKJPG7
B08FSLK214,AT6ON2YUKJPG7
B0894M52K7,AT6ON2YUKJPG7
B088RBMZ7T,AT6ON2YUKJPG7
B086J1DPWJ,AT6ON2YUKJPG7
B0869K8571,AT6ON2YUKJPG7
B085CGVW4J,AT6ON2YUKJPG7
B083NRVF1S,AT6ON2YUKJPG7
B0839KC8CF,AT6ON2YUKJPG7
B082W4STQG,AT6ON2YUKJPG7
B01GEGXP0K,AT6ON2YUKJPG7
B00MOIRSGU,AT6ON2YUKJPG7
B00BUPN6UA,AT6ON2YUKJPG7
B0056C8X8S,AT6ON2YUKJPG7
B003PHLTOG,AT6ON2YUKJPG7
B0DKSHYJ1K,AT6ON2YUKJPG7
B0DK2VMJVM,AT6ON2YUKJPG7
B0DCG6V71F,AT6ON2YUKJPG7
B0DCBZCY6M,AT6ON2YUKJPG7
B0D9Y3GQ2L,AT6ON2YUKJPG7
B0D9RHYLZN,AT6ON2YUKJPG7
B0D9LZWS18,AT6ON2YUKJPG7
B0D6G2C51Q,AT6ON2YUKJPG7
B0D5QMNVWK,AT6ON2YUKJPG7
B0D4HLY4KP,AT6ON2YUKJPG7
B0D3HFBRC2,AT6ON2YUKJPG7
B0BZVFNG9L,AT6ON2YUKJPG7
B0BYSTTTJ1,AT6ON2YUKJPG7
B0BXTFCCZZ,AT6ON2YUKJPG7
B0BXSG49GF,AT6ON2YUKJPG7
B0BXNN54RN,AT6ON2YUKJPG7
B0BXMQGQMC,AT6ON2YUKJPG7
B0BXLY7LX4,AT6ON2YUKJPG7
B0BRCVW98B,AT6ON2YUKJPG7
B0BR3HVFV7,AT6ON2YUKJPG7
B0BPMX5XZH,AT6ON2YUKJPG7
B0BNKKRYK9,AT6ON2YUKJPG7
B0BNKCKHHD,AT6ON2YUKJPG7
B0BHX1VPFH,AT6ON2YUKJPG7
B0BHT9Q5TK,AT6ON2YUKJPG7
B0BHCZF5JG,AT6ON2YUKJPG7
B0BGKQNJQY,AT6ON2YUKJPG7
B0BFMSD66B,AT6ON2YUKJPG7
B0BFJSX87Z,AT6ON2YUKJPG7
B0BD5X11TL,AT6ON2YUKJPG7
B0BCQ1RXFG,AT6ON2YUKJPG7
B0B7L2LXQW,AT6ON2YUKJPG7
B0B76RKZJN,AT6ON2YUKJPG7
B0B74N8J4M,AT6ON2YUKJPG7
B0B73M6L4X,AT6ON2YUKJPG7
B0B4SL48PH,AT6ON2YUKJPG7
B0B2KMBC2V,AT6ON2YUKJPG7
B09ZGWR1TT,AT6ON2YUKJPG7
B09Z6VNS46,AT6ON2YUKJPG7
B09YNXMHJV,AT6ON2YUKJPG7
B09XR6TPF3,AT6ON2YUKJPG7
B09VL22SJK,AT6ON2YUKJPG7
B09TT1HX6R,AT6ON2YUKJPG7
B09TJLBPRX,AT6ON2YUKJPG7
B09TFZRCX7,AT6ON2YUKJPG7
B09SPNTZSW,AT6ON2YUKJPG7
B09RPVHVRH,AT6ON2YUKJPG7
B09QLZJ81P,AT6ON2YUKJPG7
B09PVNC135,AT6ON2YUKJPG7
B09PFVV61Y,AT6ON2YUKJPG7
B09PFMY195,AT6ON2YUKJPG7
B09MTHYHZJ,AT6ON2YUKJPG7
B09MP7Q6C1,AT6ON2YUKJPG7
B09LYL46T3,AT6ON2YUKJPG7
B09LHPY1PY,AT6ON2YUKJPG7
B09KZR9MQ5,AT6ON2YUKJPG7
B09K67H3L7,AT6ON2YUKJPG7
B09JS2ND11,AT6ON2YUKJPG7
B09J8MXZSN,AT6ON2YUKJPG7
B09H6VFHGY,AT6ON2YUKJPG7
B09GLRZSB6,AT6ON2YUKJPG7
B09G8K35MK,AT6ON2YUKJPG7
B09FL9TTJF,AT6ON2YUKJPG7
B09D2DWM5Y,AT6ON2YUKJPG7
B09CKZ41XP,AT6ON2YUKJPG7
B097XVNGJB,AT6ON2YUKJPG7
B097Q4RWYY,AT6ON2YUKJPG7
B096B69GMG,AT6ON2YUKJPG7
B095XK1BBG,AT6ON2YUKJPG7
B0957K36RM,AT6ON2YUKJPG7
B094BJD9PF,AT6ON2YUKJPG7
B0928QQ83T,AT6ON2YUKJPG7
B091YSYBQ7,AT6ON2YUKJPG7
B0919BHLRB,AT6ON2YUKJPG7
B08ZXTPHKF,AT6ON2YUKJPG7
B08DJ3YRSG,AT6ON2YUKJPG7
B08C2T1KP2,AT6ON2YUKJPG7
B088KBGRD9,AT6ON2YUKJPG7
B0868R19P9,AT6ON2YUKJPG7
B082HBFJ6M,AT6ON2YUKJPG7
B08296GPP3,AT6ON2YUKJPG7
B0828JRJZH,AT6ON2YUKJPG7
B07ZZLR95K,AT6ON2YUKJPG7
B07ZX2BZ8L,AT6ON2YUKJPG7
B07ZHT714F,AT6ON2YUKJPG7
B07ZF2JD13,AT6ON2YUKJPG7
B07YC515DX,AT6ON2YUKJPG7
B07YB98MW3,AT6ON2YUKJPG7
B07XRY28FS,AT6ON2YUKJPG7
B07XRHJNQX,AT6ON2YUKJPG7
B07X328KCY,AT6ON2YUKJPG7
B08ZSXQL24,AT6ON2YUKJPG7
B08ZHXQC51,AT6ON2YUKJPG7
B08YXTZDMS,AT6ON2YUKJPG7
B08YP4S5KX,AT6ON2YUKJPG7
B08X7K435X,AT6ON2YUKJPG7
B08SJBRZD2,AT6ON2YUKJPG7
B08RD7TCZJ,AT6ON2YUKJPG7
B08QDNBLH8,AT6ON2YUKJPG7
B08NZNSHGC,AT6ON2YUKJPG7
B08ND1QJST,AT6ON2YUKJPG7
B08MW82ZTC,AT6ON2YUKJPG7
B08LCZJ6SP,AT6ON2YUKJPG7
B08L7DC6FR,AT6ON2YUKJPG7
B08JVGMTC9,AT6ON2YUKJPG7
B08HSFRH3V,AT6ON2YUKJPG7
B08F7TS1NK,AT6ON2YUKJPG7
B07WHZ74FW,AT6ON2YUKJPG7
B07WHNJ9H8,AT6ON2YUKJPG7
B07W1YHNFP,AT6ON2YUKJPG7
B07TZJTLYX,AT6ON2YUKJPG7
B07THG6Q62,AT6ON2YUKJPG7
B07RTM9NB5,AT6ON2YUKJPG7
B07RR3MXQ4,AT6ON2YUKJPG7
B07QY57SNH,AT6ON2YUKJPG7
B07QWJKTYM,AT6ON2YUKJPG7
B07Q3ZDMMV,AT6ON2YUKJPG7
B07Q15K1YS,AT6ON2YUKJPG7
B07PV7LNTR,AT6ON2YUKJPG7
B07PJ7FKTK,AT6ON2YUKJPG7
B07MSCM8L3,AT6ON2YUKJPG7
B07MLNR2YM,AT6ON2YUKJPG7
B07L84G1XW,AT6ON2YUKJPG7
B074VC85S1,AT6ON2YUKJPG7
B0744MQP9P,AT6ON2YUKJPG7
B07212JMKL,AT6ON2YUKJPG7
B071RD7P16,AT6ON2YUKJPG7
B06XR7P9TL,AT6ON2YUKJPG7
B01N9DMEU9,AT6ON2YUKJPG7
B01M7Z2SXP,AT6ON2YUKJPG7
B01M0BIM8G,AT6ON2YUKJPG7
B01IVYG9SS,AT6ON2YUKJPG7
B01HSLBJTY,AT6ON2YUKJPG7
B01HH0PJ0G,AT6ON2YUKJPG7
B01HFJYEQE,AT6ON2YUKJPG7
B01DVTKJKC,AT6ON2YUKJPG7
B01DAKG05A,AT6ON2YUKJPG7
B01BM02UMW,AT6ON2YUKJPG7
B011ARI5IU,AT6ON2YUKJPG7
B0106BZI86,AT6ON2YUKJPG7
B00ZSJVY7Q,AT6ON2YUKJPG7
B00YW8USKI,AT6ON2YUKJPG7
B00XQFOSZE,AT6ON2YUKJPG7
B00RMKB8KW,AT6ON2YUKJPG7
B00NR0BMJI,AT6ON2YUKJPG7
B00L1J0BE4,AT6ON2YUKJPG7
B00KK4CU0Y,AT6ON2YUKJPG7
B00HDOYK5W,AT6ON2YUKJPG7
B00GSVI5X4,AT6ON2YUKJPG7
B00A3Z32MK,AT6ON2YUKJPG7
B007Q1FJ6Q,AT6ON2YUKJPG7
B00792CNUM,AT6ON2YUKJPG7
B004RR66BY,AT6ON2YUKJPG7
B00207LS5M,AT6ON2YUKJPG7
B001DAGUPU,AT6ON2YUKJPG7
B0019R7SPS,AT6ON2YUKJPG7
B000CMJ12O,AT6ON2YUKJPG7
1960401793,AT6ON2YUKJPG7
B0CF6ZWZSN,AT6ON2YUKJPG7
B09D22643L,AT6ON2YUKJPG7
B098QYR8R5,AT6ON2YUKJPG7
B08JQ4KJY2,AT6ON2YUKJPG7
B0BRTH7Y23,AT6ON2YUKJPG7
B0B76SSFRT,AT6ON2YUKJPG7
B079J1M4JT,AT6ON2YUKJPG7
B07JN6FNZ4,AT6ON2YUKJPG7
B0D31BSMZV,AT6ON2YUKJPG7
B0DJKS4YYK,AT6ON2YUKJPG7
B09NPVWDJN,AT6ON2YUKJPG7
B0BYHKL1YP,AT6ON2YUKJPG7
B0DHFZ7J2F,AT6ON2YUKJPG7
B09Z81QB9Z,AT6ON2YUKJPG7
B0CWD5577N,AT6ON2YUKJPG7
B00O3AORZC,AT6ON2YUKJPG7
B07N957DPH,AT6ON2YUKJPG7
B078S6NN3T,AT6ON2YUKJPG7
B07FQSZ8M6,AT6ON2YUKJPG7
B0B6FCVCJK,AT6ON2YUKJPG7
B0BZRGDF7N,AT6ON2YUKJPG7
B0BF566YNP,AT6ON2YUKJPG7
B0CCD9W869,AT6ON2YUKJPG7
B01LXZ03W9,AT6ON2YUKJPG7
B09PYPZG7T,AT6ON2YUKJPG7
B07KY5RMJF,AT6ON2YUKJPG7
B07JKBC7NL,AT6ON2YUKJPG7
B07J2NJ964,AT6ON2YUKJPG7
B07HVS63MN,AT6ON2YUKJPG7
B07HMCL9Y8,AT6ON2YUKJPG7
B07HDV2W5H,AT6ON2YUKJPG7
B07GXBWBCV,AT6ON2YUKJPG7
B07GX23QRK,AT6ON2YUKJPG7
B07G2BFYFZ,AT6ON2YUKJPG7
B07DHYW54G,AT6ON2YUKJPG7
B07DH9D92L,AT6ON2YUKJPG7
B07D8Y3HGD,AT6ON2YUKJPG7
B07CTPZ1PZ,AT6ON2YUKJPG7
B07BPWFSX8,AT6ON2YUKJPG7
B078PGQJ41,AT6ON2YUKJPG7
B0778SQQ9Z,AT6ON2YUKJPG7
B097F6TVLL,AT6ON2YUKJPG7
B003AKH3K2,AT6ON2YUKJPG7
B08QXBB4VQ,AT6ON2YUKJPG7
B08F3F62M7,AT6ON2YUKJPG7
B0C3VJNML9,AT6ON2YUKJPG7
B004L4EJQ2,AT6ON2YUKJPG7
B07QYYT495,AT6ON2YUKJPG7
B001DKF08S,AT6ON2YUKJPG7
B0D2WYCC5R,AT6ON2YUKJPG7
B0CR5VDH16,AT6ON2YUKJPG7
B078QYYVRW,AT6ON2YUKJPG7
B07TYCYLY9,AT6ON2YUKJPG7
B083WLKBC3,AT6ON2YUKJPG7
B08GSKRF62,AT6ON2YUKJPG7
B08MWK6DBF,AT6ON2YUKJPG7
B09YCC73SS,AT6ON2YUKJPG7
B0DNDNLZVL,AT6ON2YUKJPG7
B07FNKM2VL,AT6ON2YUKJPG7
B003WH3SIE,AT6ON2YUKJPG7
B0DN67Z21P,AT6ON2YUKJPG7
B097Z2YS3N,AT6ON2YUKJPG7
B07PNW95P9,AT6ON2YUKJPG7
B09YC8T764,AT6ON2YUKJPG7
B0711LKYJX,AT6ON2YUKJPG7
B08GZWXWPQ,AT6ON2YUKJPG7
B07XY1VC5T,AT6ON2YUKJPG7
B0CTHK75DX,AT6ON2YUKJPG7
B0CQZ3DYMW,AT6ON2YUKJPG7
B07W951ZRY,AT6ON2YUKJPG7
B07K82PB58,AT6ON2YUKJPG7
B08XJL1M7T,AT6ON2YUKJPG7
B0786G2FCM,AT6ON2YUKJPG7
B0BB7SV2GR,AT6ON2YUKJPG7
B094MWMKJR,AT6ON2YUKJPG7
B07XPC753X,AT6ON2YUKJPG7
0991846222,AT6ON2YUKJPG7
B07V2L4CZ7,AT6ON2YUKJPG7
B0CRD7WQTJ,AT6ON2YUKJPG7
B013TBRI2E,AT6ON2YUKJPG7
B0DSB8JKW1,AT6ON2YUKJPG7
B0882VCXTM,AT6ON2YUKJPG7
B0CFWRFRNF,AT6ON2YUKJPG7
B08XK8KWYX,AT6ON2YUKJPG7
B09ZQHZMRM,AT6ON2YUKJPG7
B005IF2SOS,AT6ON2YUKJPG7
B0D9KQ4MTR,AT6ON2YUKJPG7
B0DPBW8TNT,AT6ON2YUKJPG7
B07D6DMXZL,AT6ON2YUKJPG7
B07NCC533S,AT6ON2YUKJPG7
B08DTZ9PH8,AT6ON2YUKJPG7
B0751HBW2F,AT6ON2YUKJPG7
B08HVTR7TG,AT6ON2YUKJPG7
B09CLKB7B3,AT6ON2YUKJPG7
B07VNV2ZKP,AT6ON2YUKJPG7
B0CRVSVW1L,AT6ON2YUKJPG7
B0CZ77GRJN,AT6ON2YUKJPG7
B0CV4N22XJ,AT6ON2YUKJPG7
B08SSWY8SH,AT6ON2YUKJPG7
B000F09CEA,AT6ON2YUKJPG7
B09XB33XHF,AT6ON2YUKJPG7
B0CRQJ23DH,AT6ON2YUKJPG7
B0BFQTVWFT,AT6ON2YUKJPG7
B09DXYHNC1,AT6ON2YUKJPG7
B001NFWX5Q,AT6ON2YUKJPG7
B07G4C85XX,AT6ON2YUKJPG7
B08LLBB9W2,AT6ON2YUKJPG7
B0CND8RHZ6,AT6ON2YUKJPG7
B08HJ6D6TV,AT6ON2YUKJPG7
B0BZ53BWJZ,AT6ON2YUKJPG7
B0BMF4PHWF,AT6ON2YUKJPG7
B07SKFBV6P,AT6ON2YUKJPG7
B09YTZJ24P,AT6ON2YUKJPG7
B077PJSPM1,AT6ON2YUKJPG7
B0CXW4RJG9,AT6ON2YUKJPG7
B0C55F4YN9,AT6ON2YUKJPG7
B015DBD05M,AT6ON2YUKJPG7
B0C7R8LLBW,AT6ON2YUKJPG7
B07WVC24BP,AT6ON2YUKJPG7
B0CJ8Z4LLF,AT6ON2YUKJPG7
B0CJ9T4XLL,AT6ON2YUKJPG7
B0CRZ1YVDC,AT6ON2YUKJPG7
B0BK4LNX48,AT6ON2YUKJPG7
B0047EA48I,AT6ON2YUKJPG7
B096L28G8L,AT6ON2YUKJPG7
B0BPDH4HP7,AT6ON2YUKJPG7
B09Y8ZQV8S,AT6ON2YUKJPG7
B01M190FW9,AT6ON2YUKJPG7
B00OCJYPCY,AT6ON2YUKJPG7
B0BT73XYQG,AT6ON2YUKJPG7
B0D17MSTFP,AT6ON2YUKJPG7
B09PLC8HJZ,AT6ON2YUKJPG7
B0CKMSZ4RS,AT6ON2YUKJPG7
B00NNL37IK,AT6ON2YUKJPG7
B07W9JH4RV,AT6ON2YUKJPG7
B00AIIG8I2,AT6ON2YUKJPG7
B08Q1WQKTS,AT6ON2YUKJPG7
B08TB6XTX7,AT6ON2YUKJPG7
B09XVCMJLD,AT6ON2YUKJPG7
B0CM8Z8HBD,AT6ON2YUKJPG7
B099ZSL1HJ,AT6ON2YUKJPG7
B093X6RTGW,AT6ON2YUKJPG7
B07KDRPYBJ,AT6ON2YUKJPG7
B0BDQ57FHD,AT6ON2YUKJPG7
B000LNQ83O,AT6ON2YUKJPG7
B09WV7K8N5,AT6ON2YUKJPG7
B07RWF2LC5,AT6ON2YUKJPG7
B0CKW1WJP7,AT6ON2YUKJPG7
B0B81PQTQM,AT6ON2YUKJPG7
B0BZMRB1K5,AT6ON2YUKJPG7
B08L3L5QVR,AT6ON2YUKJPG7
B0BRT3WMR1,AT6ON2YUKJPG7
B09M5ZLJWL,AT6ON2YUKJPG7
B0CGDK4JTN,AT6ON2YUKJPG7
B0B6VT95XB,AT6ON2YUKJPG7
B07GZN36KP,AT6ON2YUKJPG7
B07WZCD4LF,AT6ON2YUKJPG7
B0BRTK18W7,AT6ON2YUKJPG7
B09BCG9RTQ,AT6ON2YUKJPG7
B095K96YPF,AT6ON2YUKJPG7
B00I9FJP2C,AT6ON2YUKJPG7
B0BP85TW4F,AT6ON2YUKJPG7
B0CFZX85WQ,AT6ON2YUKJPG7
B07212VB12,AT6ON2YUKJPG7
B0DCB6BSB1,AT6ON2YUKJPG7
B0B7BNBNB7,AT6ON2YUKJPG7
B07H39C21C,AT6ON2YUKJPG7
B09JMYJ2PN,AT6ON2YUKJPG7
B07QXYZL6P,AT6ON2YUKJPG7
B09YTF7YMX,AT6ON2YUKJPG7
B0CJLRZ4YR,AT6ON2YUKJPG7
B0BKRV5DGR,AT6ON2YUKJPG7
B07G34DHRZ,AT6ON2YUKJPG7
B0BRHK4LHV,AT6ON2YUKJPG7
B094W2J438,AT6ON2YUKJPG7
B08HYQGTN3,AT6ON2YUKJPG7
B0DG57553C,AT6ON2YUKJPG7
B09T4GFR4R,AT6ON2YUKJPG7
B0821Q51CY,AT6ON2YUKJPG7
B0D66MQX7X,AT6ON2YUKJPG7
B0BY383MWW,AT6ON2YUKJPG7
B0BF18V9W2,AT6ON2YUKJPG7
B099Z8W3ZP,AT6ON2YUKJPG7
B08287W818,AT6ON2YUKJPG7
B0BNP7J7NJ,AT6ON2YUKJPG7
B0B8S9PK9J,AT6ON2YUKJPG7
B09J8YXP7J,AT6ON2YUKJPG7
B09D9YB32Y,AT6ON2YUKJPG7
B07SG655ZG,AT6ON2YUKJPG7
B07HKC4LJ5,AT6ON2YUKJPG7
B0DF4WXL4N,AT6ON2YUKJPG7
B0DC66XQCK,AT6ON2YUKJPG7
B0D5YSZ271,AT6ON2YUKJPG7
B0CHRKJ761,AT6ON2YUKJPG7
B0BWWMX97T,AT6ON2YUKJPG7
B0BTDY85S8,AT6ON2YUKJPG7
B0B8Z9HMZF,AT6ON2YUKJPG7
B08RRX73NW,AT6ON2YUKJPG7
B0B9H8VB18,AT6ON2YUKJPG7
B09SYPMJDG,AT6ON2YUKJPG7
B0CCTXPHGL,AT6ON2YUKJPG7
B07M8S99BD,AT6ON2YUKJPG7
B0BLBTF38Y,AT6ON2YUKJPG7
B0CHVGPXFQ,AT6ON2YUKJPG7
B07S8VR7JW,AT6ON2YUKJPG7
B0C7BZHHS4,AT6ON2YUKJPG7
B07X9QZGWL,AT6ON2YUKJPG7
B07NZ1DQ8F,AT6ON2YUKJPG7
B074VGYMXW,AT6ON2YUKJPG7
B0D3B25V73,AT6ON2YUKJPG7
B09BJ318GX,AT6ON2YUKJPG7
B0BY5VCYYX,AT6ON2YUKJPG7
B0B8N17J8Z,AT6ON2YUKJPG7
B09ZYPBB2D,AT6ON2YUKJPG7
B09YV7TMKV,AT6ON2YUKJPG7
B09Y37FJLD,AT6ON2YUKJPG7
B09KZG95JD,AT6ON2YUKJPG7
B0957BDXYM,AT6ON2YUKJPG7
B0932YK6RW,AT6ON2YUKJPG7
B08LTYXQLC,AT6ON2YUKJPG7
B08DFZ5B3G,AT6ON2YUKJPG7
B07TVMFPHV,AT6ON2YUKJPG7
B07JG4TR3R,AT6ON2YUKJPG7
B07GR7FXJK,AT6ON2YUKJPG7
B07BNFT8DM,AT6ON2YUKJPG7
B072N4HD3S,AT6ON2YUKJPG7
B002MB61RQ,AT6ON2YUKJPG7
B000KORDDS,AT6ON2YUKJPG7
B000COO0KA,AT6ON2YUKJPG7
B0DS7T9JML,AT6ON2YUKJPG7
B0DK51B5DJ,AT6ON2YUKJPG7
B0DCG5DTYG,AT6ON2YUKJPG7
B0DB8HJHPT,AT6ON2YUKJPG7
B0D9F4N5RX,AT6ON2YUKJPG7
B0D8JSXNRL,AT6ON2YUKJPG7
B0D62YLK86,AT6ON2YUKJPG7
B0D5YW8C7B,AT6ON2YUKJPG7
B0D3KPGDDG,AT6ON2YUKJPG7
B0CRBMDQK2,AT6ON2YUKJPG7
B0CQXMT2MK,AT6ON2YUKJPG7
B0CQTG98J7,AT6ON2YUKJPG7
B0CPDV8S9P,AT6ON2YUKJPG7
B0CP5DCLPV,AT6ON2YUKJPG7
B0CP4ZCPG7,AT6ON2YUKJPG7
B0CKVBHGHJ,AT6ON2YUKJPG7
B0CKQZ6G1S,AT6ON2YUKJPG7
B0CG9DKYNC,AT6ON2YUKJPG7
B0CG19QSRP,AT6ON2YUKJPG7
B0CD3SVLCP,AT6ON2YUKJPG7
B0CCS2MC6D,AT6ON2YUKJPG7
B0CCJL9QMC,AT6ON2YUKJPG7
B0CB1D3GCF,AT6ON2YUKJPG7
B0C68ZRXHV,AT6ON2YUKJPG7
B0C63CBNRD,AT6ON2YUKJPG7
B0C5JGJDH4,AT6ON2YUKJPG7
B0C4G6FJZM,AT6ON2YUKJPG7
B0C3GWRMZY,AT6ON2YUKJPG7
B0C3DPCHLQ,AT6ON2YUKJPG7
B0BZQPWSPM,AT6ON2YUKJPG7
B0BYZF6JZQ,AT6ON2YUKJPG7
B0BYYT2KNC,AT6ON2YUKJPG7
B0BXCYYL2Z,AT6ON2YUKJPG7
B0BWWL65FN,AT6ON2YUKJPG7
B0BTW4TGF9,AT6ON2YUKJPG7
B0BS45V9J8,AT6ON2YUKJPG7
B0BQX3CZ5D,AT6ON2YUKJPG7
B0BQB9X755,AT6ON2YUKJPG7
B0BPYS1LQ7,AT6ON2YUKJPG7
B0BNQ717G6,AT6ON2YUKJPG7
B0BGT8267T,AT6ON2YUKJPG7
B0BGR6MQ1F,AT6ON2YUKJPG7
B0BFWYQ62Z,AT6ON2YUKJPG7
B0BFW9GTPD,AT6ON2YUKJPG7
B0BF5BV14W,AT6ON2YUKJPG7
B0BDGKGSPY,AT6ON2YUKJPG7
B0BD2B5CSF,AT6ON2YUKJPG7
B0BCXHPT21,AT6ON2YUKJPG7
B0BCKD4ZVQ,AT6ON2YUKJPG7
B0BBMKL3S4,AT6ON2YUKJPG7
B0B8MVN9QS,AT6ON2YUKJPG7
B0B8MDVC3M,AT6ON2YUKJPG7
B0B84VNM7V,AT6ON2YUKJPG7
B0B76YJ65L,AT6ON2YUKJPG7
B0B756L1T3,AT6ON2YUKJPG7
B0B59FVJNN,AT6ON2YUKJPG7
B0B585B495,AT6ON2YUKJPG7
B0B464FZ9M,AT6ON2YUKJPG7
B0B396153J,AT6ON2YUKJPG7
B0B38ST5CN,AT6ON2YUKJPG7
B09YP8QNW8,AT6ON2YUKJPG7
B09XXP2RX7,AT6ON2YUKJPG7
B09XRDLBM1,AT6ON2YUKJPG7
B097QC4N1B,AT6ON2YUKJPG7
B095S3KPFT,AT6ON2YUKJPG7
B0945ST9C2,AT6ON2YUKJPG7
B093FZV94G,AT6ON2YUKJPG7
B091XSYVFK,AT6ON2YUKJPG7
B08YK7BXS3,AT6ON2YUKJPG7
B08Y57Y1GY,AT6ON2YUKJPG7
B08X2TL7MF,AT6ON2YUKJPG7
B08T1FRW4Q,AT6ON2YUKJPG7
B08SJ7V4JK,AT6ON2YUKJPG7
B08PNXZYLQ,AT6ON2YUKJPG7
B08MLFQZQ6,AT6ON2YUKJPG7
B08L5NZ6QX,AT6ON2YUKJPG7
B08HQQFXNY,AT6ON2YUKJPG7
B08D881NK5,AT6ON2YUKJPG7
B08CMQYFX3,AT6ON2YUKJPG7
B09V8Z85DV,AT6ON2YUKJPG7
B09V7VZX47,AT6ON2YUKJPG7
B09S3TD2R5,AT6ON2YUKJPG7
B09QJHYLFF,AT6ON2YUKJPG7
B09MXBCLYL,AT6ON2YUKJPG7
B09MG2FYDB,AT6ON2YUKJPG7
B09M27S8DJ,AT6ON2YUKJPG7
B09LV9J1MK,AT6ON2YUKJPG7
B09L842FTW,AT6ON2YUKJPG7
B09JT1GKSV,AT6ON2YUKJPG7
B09JLW43KG,AT6ON2YUKJPG7
B09JL7F4PM,AT6ON2YUKJPG7
B09FR5BDBF,AT6ON2YUKJPG7
B09CYKTGT8,AT6ON2YUKJPG7
B09BYTZWTT,AT6ON2YUKJPG7
B0982MQP2G,AT6ON2YUKJPG7
B08C2LMMF1,AT6ON2YUKJPG7
B08BKJ7VRY,AT6ON2YUKJPG7
B08BHMGQ3B,AT6ON2YUKJPG7
B087V4976B,AT6ON2YUKJPG7
B087R3TSRZ,AT6ON2YUKJPG7
B087BDVBB9,AT6ON2YUKJPG7
B0863DC7S4,AT6ON2YUKJPG7
B08614KQC8,AT6ON2YUKJPG7
B0845QJT64,AT6ON2YUKJPG7
B08451BZQW,AT6ON2YUKJPG7
B0832NNTDP,AT6ON2YUKJPG7
B082XJW2LK,AT6ON2YUKJPG7
B07ZX2DN75,AT6ON2YUKJPG7
B07Z87GWGH,AT6ON2YUKJPG7
B07Z4BB4GL,AT6ON2YUKJPG7
B07YTFZB26,AT6ON2YUKJPG7
B07Y82MK4X,AT6ON2YUKJPG7
B07Y1NWH24,AT6ON2YUKJPG7
B07WMRRK53,AT6ON2YUKJPG7
B07TRVXF8X,AT6ON2YUKJPG7
B07ST56RJG,AT6ON2YUKJPG7
B07RLVHS5M,AT6ON2YUKJPG7
B07R4YCHH8,AT6ON2YUKJPG7
B07QDR1GTP,AT6ON2YUKJPG7
B07P13RT14,AT6ON2YUKJPG7
B07NW8ZM3M,AT6ON2YUKJPG7
B07NNYZN74,AT6ON2YUKJPG7
B07MD4PB3N,AT6ON2YUKJPG7
B07M8WSGDJ,AT6ON2YUKJPG7
B07M8NSVYM,AT6ON2YUKJPG7
B07LGS4DZV,AT6ON2YUKJPG7
B07LBGCQ72,AT6ON2YUKJPG7
B01LT6JYZK,AT6ON2YUKJPG7
B01DQOFSRG,AT6ON2YUKJPG7
B01DQBSHF4,AT6ON2YUKJPG7
B01DETGWNC,AT6ON2YUKJPG7
B01C4G5ZSY,AT6ON2YUKJPG7
B01B174GKA,AT6ON2YUKJPG7
B016L3JLEK,AT6ON2YUKJPG7
B0116PBLQY,AT6ON2YUKJPG7
B00WMRMW32,AT6ON2YUKJPG7
B00TDBVW7W,AT6ON2YUKJPG7
B00GMR0MZS,AT6ON2YUKJPG7
B00GB3ZHUI,AT6ON2YUKJPG7
B008WAG3KG,AT6ON2YUKJPG7
B0089P4IFG,AT6ON2YUKJPG7
B007UU8PBY,AT6ON2YUKJPG7
B007UE34PW,AT6ON2YUKJPG7
B001RV29PU,AT6ON2YUKJPG7
B001003MXG,AT6ON2YUKJPG7
B0B4K71HGX,AT6ON2YUKJPG7
B01G43W17G,AT6ON2YUKJPG7
B07CZ2Q6NJ,AT6ON2YUKJPG7
B07CXJ78ZM,AT6ON2YUKJPG7
B08VHYBNX4,AT6ON2YUKJPG7
B0B1VYGXZG,AT6ON2YUKJPG7
B09YQKJ1TT,AT6ON2YUKJPG7
B07Y325KPJ,AT6ON2YUKJPG7
B07GSPB7SD,AT6ON2YUKJPG7
B07G77GT1N,AT6ON2YUKJPG7
B07FHHGX7H,AT6ON2YUKJPG7
B07WWK9FPZ,AT6ON2YUKJPG7
1890560014,AT6ON2YUKJPG7
B0BLMRMT5C,AT6ON2YUKJPG7
B07H44M4S4,AT6ON2YUKJPG7
B07FY8D5GM,AT6ON2YUKJPG7
B07DB4PJ9X,AT6ON2YUKJPG7
B07BJC9V3J,AT6ON2YUKJPG7
B07BGRDMHZ,AT6ON2YUKJPG7
B079YTW9F7,AT6ON2YUKJPG7
B079VQV9H7,AT6ON2YUKJPG7
B078XD4NKZ,AT6ON2YUKJPG7
B076414SW2,AT6ON2YUKJPG7
B0756PVK5N,AT6ON2YUKJPG7
B074FWRN3K,AT6ON2YUKJPG7
B073PWWFXK,AT6ON2YUKJPG7
B0713Z9V55,AT6ON2YUKJPG7
B06XXNDKDN,AT6ON2YUKJPG7
B06XJCJ1LY,AT6ON2YUKJPG7
B01MT673U6,AT6ON2YUKJPG7
B07CQ8243Q,AT6ON2YUKJPG7
B071WKLR2Q,AT6ON2YUKJPG7
B07Z6D3D14,AT6ON2YUKJPG7
B081159P8R,AT6ON2YUKJPG7
B008UZE742,AT6ON2YUKJPG7
B09JSYG5JN,AT6ON2YUKJPG7
B085PH977Y,AT6ON2YUKJPG7
B07Z4Y6GYL,AT6ON2YUKJPG7
B0CXNXYXLB,AT6ON2YUKJPG7
B0C4CZ4F7P,AT6ON2YUKJPG7
B09MR9RJYM,AT6ON2YUKJPG7
B09GLPCG56,AT6ON2YUKJPG7
B08FFD85TB,AT6ON2YUKJPG7
B07M69194P,AT6ON2YUKJPG7
B071J46V6Y,AT6ON2YUKJPG7
1549241001,AT6ON2YUKJPG7
B0D8FV14NG,AT6ON2YUKJPG7
B0D1P1YV24,AT6ON2YUKJPG7
B0CJGWRTLY,AT6ON2YUKJPG7
B0C5R64S1M,AT6ON2YUKJPG7
B0BTVSHCZ1,AT6ON2YUKJPG7
B0BRQ21T8Y,AT6ON2YUKJPG7
B0B5ST9JBS,AT6ON2YUKJPG7
B09KC9JM16,AT6ON2YUKJPG7
B091MSDZNM,AT6ON2YUKJPG7
B08MWB89ZY,AT6ON2YUKJPG7
B08LJYZ94C,AT6ON2YUKJPG7
B084DFR3SZ,AT6ON2YUKJPG7
B07ZJP1HFD,AT6ON2YUKJPG7
B07RY9H5KP,AT6ON2YUKJPG7
B07QZD6JB7,AT6ON2YUKJPG7
B07QGG6L9H,AT6ON2YUKJPG7
B0BXXXNDCJ,AT6ON2YUKJPG7
B07X24KZSS,AT6ON2YUKJPG7
B0B2P85978,AT6ON2YUKJPG7
B09SKNHH4D,AT6ON2YUKJPG7
B09KRC4J6W,AT6ON2YUKJPG7
0998069396,AT6ON2YUKJPG7
B09GK56F48,AT6ON2YUKJPG7
B07XK27P6G,AT6ON2YUKJPG7
B0BRCGDLT6,AT6ON2YUKJPG7
B0C57625D4,AT6ON2YUKJPG7
B08MF2J6MJ,AT6ON2YUKJPG7
B0DBLHPBGH,AT6ON2YUKJPG7
B00J3UGEG2,AT6ON2YUKJPG7
B0B8DR8CCK,AT6ON2YUKJPG7
B082XTK8KF,AT6ON2YUKJPG7
B0B12PFD1D,AT6ON2YUKJPG7
B07NKD5LS3,AT6ON2YUKJPG7
B07KVPSS1L,AT6ON2YUKJPG7
B07HB7YVFG,AT6ON2YUKJPG7
B07DNPT1HB,AT6ON2YUKJPG7
B010RZJIWI,AT6ON2YUKJPG7
B004WL7MIQ,AT6ON2YUKJPG7
B004J6CYSW,AT6ON2YUKJPG7
B002DWSEHY,AT6ON2YUKJPG7
B001CDWENK,AT6ON2YUKJPG7
B0DCQC7VGC,AT6ON2YUKJPG7
B0D9GB1BB2,AT6ON2YUKJPG7
B0D6R3JFFX,AT6ON2YUKJPG7
B0D6CX8QPQ,AT6ON2YUKJPG7
B0D5ZDQ8CB,AT6ON2YUKJPG7
B0D5HY6R5L,AT6ON2YUKJPG7
B0D53GSMF5,AT6ON2YUKJPG7
B0D2ZBJFQC,AT6ON2YUKJPG7
B0D2QVHWCJ,AT6ON2YUKJPG7
B0CZQKTGXD,AT6ON2YUKJPG7
B0CZNRG9J9,AT6ON2YUKJPG7
B0CXHT4NDD,AT6ON2YUKJPG7
B0CWW3N4CC,AT6ON2YUKJPG7
B0CW6P2QWR,AT6ON2YUKJPG7
B0CTKX8S1L,AT6ON2YUKJPG7
B0CT2HPGBY,AT6ON2YUKJPG7
B0CS2PLSZC,AT6ON2YUKJPG7
B0CPB5BNXF,AT6ON2YUKJPG7
B0CMPWYHM7,AT6ON2YUKJPG7
B0CJNNT7CZ,AT6ON2YUKJPG7
B0CJLPVDX8,AT6ON2YUKJPG7
B0CJB36ZYG,AT6ON2YUKJPG7
B0CHF79CDY,AT6ON2YUKJPG7
B0CG4PPTPK,AT6ON2YUKJPG7
B0CFX7DWN3,AT6ON2YUKJPG7
B0CD42Z9ZC,AT6ON2YUKJPG7
B0CBN8FXDP,AT6ON2YUKJPG7
B0C9M4J9JX,AT6ON2YUKJPG7
B0C7GT2Q2Y,AT6ON2YUKJPG7
B0C6QN3F38,AT6ON2YUKJPG7
B0C3RFCQMT,AT6ON2YUKJPG7
B0C2Y83HCN,AT6ON2YUKJPG7
B0C2R9WM6R,AT6ON2YUKJPG7
B0C1KM3BTP,AT6ON2YUKJPG7
B0C1GTJYKW,AT6ON2YUKJPG7
B0BZ7D2P4G,AT6ON2YUKJPG7
B0BXS559YL,AT6ON2YUKJPG7
B0BX3TJY8Y,AT6ON2YUKJPG7
B0BWDYTRVX,AT6ON2YUKJPG7
B0B5DGGQWZ,AT6ON2YUKJPG7
B0B545978C,AT6ON2YUKJPG7
B0B4FY899S,AT6ON2YUKJPG7
B0B3WQPDGT,AT6ON2YUKJPG7
B09XB65F3L,AT6ON2YUKJPG7
B09WDK6WSR,AT6ON2YUKJPG7
B09T9CB5ZM,AT6ON2YUKJPG7
B09T8221BY,AT6ON2YUKJPG7
B09NS1NB65,AT6ON2YUKJPG7
B09KXX4CLM,AT6ON2YUKJPG7
B09KT37KRW,AT6ON2YUKJPG7
B09JF3WDZN,AT6ON2YUKJPG7
B09GM7N532,AT6ON2YUKJPG7
B09C14QVYT,AT6ON2YUKJPG7
B09BK1W55R,AT6ON2YUKJPG7
B09BCQFLFD,AT6ON2YUKJPG7
B0BW44VL84,AT6ON2YUKJPG7
B0BVMT36GJ,AT6ON2YUKJPG7
B0BV71LJZF,AT6ON2YUKJPG7
B0BTDCT3TB,AT6ON2YUKJPG7
B0BSWCLBRX,AT6ON2YUKJPG7
B0BQH3NBLQ,AT6ON2YUKJPG7
B0BQB7H86V,AT6ON2YUKJPG7
B0BQ1MYYGL,AT6ON2YUKJPG7
B0BP22VFVR,AT6ON2YUKJPG7
B0BNH3W7FW,AT6ON2YUKJPG7
B0BMG29QHS,AT6ON2YUKJPG7
B0BKP6KL3H,AT6ON2YUKJPG7
B0BHKV9PM7,AT6ON2YUKJPG7
B0BF8ZV8V3,AT6ON2YUKJPG7
B0B8PB93MG,AT6ON2YUKJPG7
B0B7W8L39L,AT6ON2YUKJPG7
B099BZXWLT,AT6ON2YUKJPG7
B09876NH1K,AT6ON2YUKJPG7
B094XNTQPV,AT6ON2YUKJPG7
B09412SLNP,AT6ON2YUKJPG7
B0914XWQT2,AT6ON2YUKJPG7
B08YJ6HL3Z,AT6ON2YUKJPG7
B08Y7D2HRB,AT6ON2YUKJPG7
B08WRQXC5P,AT6ON2YUKJPG7
B08TPCGDVP,AT6ON2YUKJPG7
B08T8ZX6L4,AT6ON2YUKJPG7
B08T661W2L,AT6ON2YUKJPG7
B08SHZPG6K,AT6ON2YUKJPG7
B08RN6X45S,AT6ON2YUKJPG7
B08R6TNT52,AT6ON2YUKJPG7
B08PV3TGLN,AT6ON2YUKJPG7
B08PCRNBCG,AT6ON2YUKJPG7
B08P2HXGFX,AT6ON2YUKJPG7
B08NXZSQ7L,AT6ON2YUKJPG7
B08NWBJDZH,AT6ON2YUKJPG7
B08L3VDDL7,AT6ON2YUKJPG7
B08HSCHLZP,AT6ON2YUKJPG7
B08HQK9GWT,AT6ON2YUKJPG7
B08HHZ5LLR,AT6ON2YUKJPG7
B08G87CV1T,AT6ON2YUKJPG7
B08DCYHSZN,AT6ON2YUKJPG7
B08CRXFQMP,AT6ON2YUKJPG7
B08CBGDGCR,AT6ON2YUKJPG7
B089Y1SLNF,AT6ON2YUKJPG7
B089KB9BBR,AT6ON2YUKJPG7
B08998CNXC,AT6ON2YUKJPG7
B086PX2TP7,AT6ON2YUKJPG7
B0868GX11C,AT6ON2YUKJPG7
B07TV7YWZ9,AT6ON2YUKJPG7
B07TM546MB,AT6ON2YUKJPG7
B07TH6TXSW,AT6ON2YUKJPG7
B07SZCHYPT,AT6ON2YUKJPG7
B07SZ9BN8R,AT6ON2YUKJPG7
B07RM6QWHP,AT6ON2YUKJPG7
B07RGX4N86,AT6ON2YUKJPG7
B07R75DSX5,AT6ON2YUKJPG7
B07Q83SXQH,AT6ON2YUKJPG7
B07Q3Y7M3Y,AT6ON2YUKJPG7
B07PZDY4HP,AT6ON2YUKJPG7
B07PW3W5LN,AT6ON2YUKJPG7
B07PDHG3NJ,AT6ON2YUKJPG7
B07N5Q97TM,AT6ON2YUKJPG7
B07MQ6QMTR,AT6ON2YUKJPG7
B07M7LM1H6,AT6ON2YUKJPG7
B07L9B3PGV,AT6ON2YUKJPG7
B07L5YPKWK,AT6ON2YUKJPG7
B07KRZVCYK,AT6ON2YUKJPG7
B07JYYBL1Z,AT6ON2YUKJPG7
B07JQF55Y3,AT6ON2YUKJPG7
B07GSPNVVT,AT6ON2YUKJPG7
B07G6W9858,AT6ON2YUKJPG7
B07FSS7TYZ,AT6ON2YUKJPG7
B07FRMT4HV,AT6ON2YUKJPG7
B07DCLV65H,AT6ON2YUKJPG7
B07D3V415S,AT6ON2YUKJPG7
B07CF73MN9,AT6ON2YUKJPG7
B07C93FMMM,AT6ON2YUKJPG7
B07C3PF81M,AT6ON2YUKJPG7
B07BF64D9P,AT6ON2YUKJPG7
B079BTL2SH,AT6ON2YUKJPG7
B01A61VAYW,AT6ON2YUKJPG7
B017HM6Z5W,AT6ON2YUKJPG7
B00OL0ENAS,AT6ON2YUKJPG7
B00O7BZURQ,AT6ON2YUKJPG7
B00KD2X9CG,AT6ON2YUKJPG7
B00CWEJHVU,AT6ON2YUKJPG7
B009CG0RTC,AT6ON2YUKJPG7
B007U2GY0Q,AT6ON2YUKJPG7
B0075NFYMO,AT6ON2YUKJPG7
B005THDUE2,AT6ON2YUKJPG7
B004IW4JCG,AT6ON2YUKJPG7
B001PNMBSK,AT6ON2YUKJPG7
B001DSQDS6,AT6ON2YUKJPG7
B0013A2S1A,AT6ON2YUKJPG7
B0009PXHE2,AT6ON2YUKJPG7
B00000IV3U,AT6ON2YUKJPG7
B078G96412,AT6ON2YUKJPG7
B077KX2KD8,AT6ON2YUKJPG7
B076GQ11YX,AT6ON2YUKJPG7
B072NGFYZG,AT6ON2YUKJPG7
B071YVP3C4,AT6ON2YUKJPG7
B071NNNMFQ,AT6ON2YUKJPG7
B071GVWZLX,AT6ON2YUKJPG7
B06ZYTZKLK,AT6ON2YUKJPG7
B06XPKQDT9,AT6ON2YUKJPG7
B01MYMKCUZ,AT6ON2YUKJPG7
B01MS4HASE,AT6ON2YUKJPG7
B01M4KE30J,AT6ON2YUKJPG7
B01HU696MY,AT6ON2YUKJPG7
B01H8IK42K,AT6ON2YUKJPG7
B01GXKXKZ2,AT6ON2YUKJPG7
B01D1WKLNE,AT6ON2YUKJPG7
B006NB6QGM,AT6ON2YUKJPG7
B0CL6GXSZN,AT6ON2YUKJPG7
B096RJZH18,AT6ON2YUKJPG7
B07RP3QTDP,AT6ON2YUKJPG7
B0DHXDG8HM,AT6ON2YUKJPG7
B09X9FYJRJ,AT6ON2YUKJPG7
B0CQV9GX75,AT6ON2YUKJPG7
B0D3XMHKC8,AT6ON2YUKJPG7
B0DFW8K7BN,AT6ON2YUKJPG7
B0D6YSDHL8,AT6ON2YUKJPG7
B0786GJ24N,AT6ON2YUKJPG7
B0D44ZNCX7,AT6ON2YUKJPG7
B0CS5XXKQZ,AT6ON2YUKJPG7
B0CYL15RC7,AT6ON2YUKJPG7
B09QRM8W65,AT6ON2YUKJPG7
B075FHJM35,AT6ON2YUKJPG7
B0B2JT98KT,AT6ON2YUKJPG7
B0BMX8RCMH,AT6ON2YUKJPG7
B0CXDSSDKY,AT6ON2YUKJPG7
B0BYT7KSJB,AT6ON2YUKJPG7
B073DRCC5B,AT6ON2YUKJPG7
B0D2LWS99Y,AT6ON2YUKJPG7
B0BJDD58L3,AT6ON2YUKJPG7
B09YTTJCDK,AT6ON2YUKJPG7
B09DTH3S6V,AT6ON2YUKJPG7
B07ZFKHWF4,AT6ON2YUKJPG7
B0D95KLZ3C,AT6ON2YUKJPG7
B08F7G4P2F,AT6ON2YUKJPG7
B0CZWVJPPF,AT6ON2YUKJPG7
B0BZHDMZM9,AT6ON2YUKJPG7
B08134P9RT,AT6ON2YUKJPG7
B07B8X3W9M,AT6ON2YUKJPG7
B0CPPXVW8Y,AT6ON2YUKJPG7
B0C3W9K6RV,AT6ON2YUKJPG7
B0BYFBR5B9,AT6ON2YUKJPG7
B0BSMTWQG7,AT6ON2YUKJPG7
B0BHDZB6PD,AT6ON2YUKJPG7
B07WNK71MC,AT6ON2YUKJPG7
B07H6W76MZ,AT6ON2YUKJPG7
B0DCPW1W3S,AT6ON2YUKJPG7
B0D3T1FQG3,AT6ON2YUKJPG7
B0CTQFB5T9,AT6ON2YUKJPG7
B0CTKWDZ5V,AT6ON2YUKJPG7
B0CSQSPG1P,AT6ON2YUKJPG7
B0CP7DZ24Z,AT6ON2YUKJPG7
B0CNY387RC,AT6ON2YUKJPG7
B0CG5919LX,AT6ON2YUKJPG7
B0CF5ZGGM9,AT6ON2YUKJPG7
B0D9QLQMXT,AT6ON2YUKJPG7
B0BTSFVMLV,AT6ON2YUKJPG7
B093LCYS9L,AT6ON2YUKJPG7
B08GYHP2ZX,AT6ON2YUKJPG7
B0C8T89ZMP,AT6ON2YUKJPG7
B0C3TKX824,AT6ON2YUKJPG7
B0BXX2FY58,AT6ON2YUKJPG7
B0BN536RN1,AT6ON2YUKJPG7
B0BLV5S86W,AT6ON2YUKJPG7
B0B2NWRF84,AT6ON2YUKJPG7
B09NBXKMYY,AT6ON2YUKJPG7
B09FH2PV6V,AT6ON2YUKJPG7
B08XPK7YZQ,AT6ON2YUKJPG7
B08MYNHLXL,AT6ON2YUKJPG7
B08HVL3DVJ,AT6ON2YUKJPG7
B089LJMSJ5,AT6ON2YUKJPG7
B0865LBXD4,AT6ON2YUKJPG7
B085BB2GQW,AT6ON2YUKJPG7
B07RP47YTK,AT6ON2YUKJPG7
B07HY8YVKQ,AT6ON2YUKJPG7
B0CKQ5W9GT,AT6ON2YUKJPG7
B001DSZ7EC,AT6ON2YUKJPG7
B001BPY6KI,AT6ON2YUKJPG7
B07ZNXQF4S,AT6ON2YUKJPG7
B07CG5L5RF,AT6ON2YUKJPG7
B097R4K89V,AT6ON2YUKJPG7
B0050Q35EC,AT6ON2YUKJPG7
B00I2UBPM2,AT6ON2YUKJPG7
B0CYPVWNGX,AT6ON2YUKJPG7
B08CRZ5R7T,AT6ON2YUKJPG7
B0CFWNX4L6,AT6ON2YUKJPG7
B0069Z6YCI,AT6ON2YUKJPG7
B085KVMSKL,AT6ON2YUKJPG7
B085HP8TG5,AT6ON2YUKJPG7
B084H3WT7T,AT6ON2YUKJPG7
B083BG59YC,AT6ON2YUKJPG7
B082RZDDCV,AT6ON2YUKJPG7
B082DV3D42,AT6ON2YUKJPG7
B081YM31RL,AT6ON2YUKJPG7
B081V8Z46V,AT6ON2YUKJPG7
B07YJ917MT,AT6ON2YUKJPG7
B07XX2M99N,AT6ON2YUKJPG7
B07X1PJ9H7,AT6ON2YUKJPG7
B07WTKGPSF,AT6ON2YUKJPG7
B07W3SWQT9,AT6ON2YUKJPG7
B07W1YC67Z,AT6ON2YUKJPG7
B07VV5HKVN,AT6ON2YUKJPG7
B07TWM41KV,AT6ON2YUKJPG7
B07F95BFRY,AT6ON2YUKJPG7
B01E9ZHGYY,AT6ON2YUKJPG7
B018LJPM3Q,AT6ON2YUKJPG7
B00NWWGB5G,AT6ON2YUKJPG7
B00IYWZ4JI,AT6ON2YUKJPG7
B008PFHHNA,AT6ON2YUKJPG7
B0007UQ2DW,AT6ON2YUKJPG7
B0DSCD7XK5,AT6ON2YUKJPG7
B0DMVZG9W7,AT6ON2YUKJPG7
B0DMVX8ZKD,AT6ON2YUKJPG7
B0DKF63WFL,AT6ON2YUKJPG7
B0DJNR1L2Q,AT6ON2YUKJPG7
B0D8KL87L8,AT6ON2YUKJPG7
B0D7V5795R,AT6ON2YUKJPG7
B0CZLJ1K85,AT6ON2YUKJPG7
B0CWNTQ32Y,AT6ON2YUKJPG7
B0CQ7PWHKZ,AT6ON2YUKJPG7
B0CPLRQ2WQ,AT6ON2YUKJPG7
B0CP8L7XZ1,AT6ON2YUKJPG7
B0CP61W9HN,AT6ON2YUKJPG7
B0CND83Z95,AT6ON2YUKJPG7
B0CN5Y5TN1,AT6ON2YUKJPG7
B0CMVR71JV,AT6ON2YUKJPG7
B0CKMZ91PG,AT6ON2YUKJPG7
B0CJJ15FZX,AT6ON2YUKJPG7
B0CJC5H5YN,AT6ON2YUKJPG7
B0CCVJFG7Z,AT6ON2YUKJPG7
B0CCJF2VVB,AT6ON2YUKJPG7
B0CBTPCVZS,AT6ON2YUKJPG7
B0C6Q5DYZD,AT6ON2YUKJPG7
B0C5D34K5Y,AT6ON2YUKJPG7
B0C55B13HF,AT6ON2YUKJPG7
B0B45VFWXY,AT6ON2YUKJPG7
B0B3CKVWT8,AT6ON2YUKJPG7
B09ZK1VTWG,AT6ON2YUKJPG7
B09YVTKK75,AT6ON2YUKJPG7
B09YKRY8PK,AT6ON2YUKJPG7
B09XJHJMFG,AT6ON2YUKJPG7
B09XDXSFRR,AT6ON2YUKJPG7
B09XDN73M2,AT6ON2YUKJPG7
B09X1TNTGL,AT6ON2YUKJPG7
B09WDSC231,AT6ON2YUKJPG7
B09S9N2YNZ,AT6ON2YUKJPG7
B09PTCXLCW,AT6ON2YUKJPG7
B09PL8N71H,AT6ON2YUKJPG7
B09NMLCLDH,AT6ON2YUKJPG7
B09ND9H7M4,AT6ON2YUKJPG7
B09MQKTRTM,AT6ON2YUKJPG7
B07THQY39X,AT6ON2YUKJPG7
B07RP2B5BS,AT6ON2YUKJPG7
B07QNMJWJG,AT6ON2YUKJPG7
B07QHKNZKM,AT6ON2YUKJPG7
B07N17HTV8,AT6ON2YUKJPG7
B07L8858NF,AT6ON2YUKJPG7
B07L1KT1JZ,AT6ON2YUKJPG7
B07KJWF1K2,AT6ON2YUKJPG7
B07KCLGB5D,AT6ON2YUKJPG7
B07JQDFF1G,AT6ON2YUKJPG7
B07HYC285G,AT6ON2YUKJPG7
B07HM7Q6CP,AT6ON2YUKJPG7
B07HFJNVK3,AT6ON2YUKJPG7
B07H8NS5MS,AT6ON2YUKJPG7
B07BDV5LH5,AT6ON2YUKJPG7
B079MHCQ7N,AT6ON2YUKJPG7
B09M86HKVT,AT6ON2YUKJPG7
B09KL8MWP4,AT6ON2YUKJPG7
B09DSS8QPG,AT6ON2YUKJPG7
B09BZ8PNVR,AT6ON2YUKJPG7
B09BGRT2HM,AT6ON2YUKJPG7
B096L12TQK,AT6ON2YUKJPG7
B092M6PJQL,AT6ON2YUKJPG7
B092335W65,AT6ON2YUKJPG7
B0919PR7Y2,AT6ON2YUKJPG7
B08X3RK8NK,AT6ON2YUKJPG7
B08V9CN1W1,AT6ON2YUKJPG7
B08TQKM9S6,AT6ON2YUKJPG7
B08TGZLWS5,AT6ON2YUKJPG7
B08SWV28G5,AT6ON2YUKJPG7
B08PC6SN18,AT6ON2YUKJPG7
B08LC7RQFV,AT6ON2YUKJPG7
B076FCWV2L,AT6ON2YUKJPG7
B0762LHH3K,AT6ON2YUKJPG7
B071YTTRG7,AT6ON2YUKJPG7
B071215KDX,AT6ON2YUKJPG7
B06WD8N7Y8,AT6ON2YUKJPG7
B01N17SWCK,AT6ON2YUKJPG7
B01MS73WR5,AT6ON2YUKJPG7
B01K98BOIE,AT6ON2YUKJPG7
B01GJPNTLG,AT6ON2YUKJPG7
B01DFHIBYQ,AT6ON2YUKJPG7
B012H6ANC4,AT6ON2YUKJPG7
B00UZ1X39O,AT6ON2YUKJPG7
B00UVXAXF8,AT6ON2YUKJPG7
B00TU1PL54,AT6ON2YUKJPG7
B00OGM0TN6,AT6ON2YUKJPG7
B00ODQYN4Q,AT6ON2YUKJPG7
B08KJPX845,AT6ON2YUKJPG7
B08BZDF4MV,AT6ON2YUKJPG7
B08B444FZV,AT6ON2YUKJPG7
B089NXSKSR,AT6ON2YUKJPG7
B0893XZ7F6,AT6ON2YUKJPG7
B088MNX2MF,AT6ON2YUKJPG7
B08778GGJ5,AT6ON2YUKJPG7
B084LQV728,AT6ON2YUKJPG7
B084JCDQDG,AT6ON2YUKJPG7
B0836J25X5,AT6ON2YUKJPG7
B082FWZQP1,AT6ON2YUKJPG7
B07YLCX5V6,AT6ON2YUKJPG7
B07Y8XFN52,AT6ON2YUKJPG7
B07WZG9371,AT6ON2YUKJPG7
B07WX51FQ2,AT6ON2YUKJPG7
B07VHMQ84J,AT6ON2YUKJPG7
B00JXD33PE,AT6ON2YUKJPG7
B00DNIIETK,AT6ON2YUKJPG7
B00BLY1R7O,AT6ON2YUKJPG7
B00BF4UA4Q,AT6ON2YUKJPG7
B008PFHGUE,AT6ON2YUKJPG7
B003X3KBAU,AT6ON2YUKJPG7
B003W2B8Y0,AT6ON2YUKJPG7
B002WUZTDE,AT6ON2YUKJPG7
B07Z4CVDBP,AT6ON2YUKJPG7
B00M264YD4,AT6ON2YUKJPG7
B075K91YP7,AT6ON2YUKJPG7
B09CYKPKM9,AT6ON2YUKJPG7
B0CZVB9RQT,AT6ON2YUKJPG7
B07YLWBJVP,AT6ON2YUKJPG7
B0BR81MTMB,AT6ON2YUKJPG7
B07K47BG6K,AT6ON2YUKJPG7
B0BYNP49JQ,AT6ON2YUKJPG7
B0BXPPV1RC,AT6ON2YUKJPG7
B0BT4JDNWB,AT6ON2YUKJPG7
B0BS16DZT6,AT6ON2YUKJPG7
B0BRH1XPCM,AT6ON2YUKJPG7
B0BP6F17FX,AT6ON2YUKJPG7
B0BLSLKPBG,AT6ON2YUKJPG7
B0BJDWVK8M,AT6ON2YUKJPG7
B0BGRMTJ1T,AT6ON2YUKJPG7
B0BGNX9GQY,AT6ON2YUKJPG7
B0BFLRC7QC,AT6ON2YUKJPG7
B0BBWRC7SQ,AT6ON2YUKJPG7
B0BB92518M,AT6ON2YUKJPG7
B0B92S3CCB,AT6ON2YUKJPG7
B0B91DXPMF,AT6ON2YUKJPG7
B0B4YMTCR3,AT6ON2YUKJPG7
B0DB7FYBKG,AT6ON2YUKJPG7
B0CJYCW3RH,AT6ON2YUKJPG7
B0C8S4DG3Z,AT6ON2YUKJPG7
B0B3XRBNFX,AT6ON2YUKJPG7
B097CZQ5WW,AT6ON2YUKJPG7
B07NTXNHY7,AT6ON2YUKJPG7
B01EM9GAA8,AT6ON2YUKJPG7
B0CXTK1NTS,AT6ON2YUKJPG7
B0CSY8BNCF,AT6ON2YUKJPG7
B0CSV91QVT,AT6ON2YUKJPG7
B0C87HH11W,AT6ON2YUKJPG7
B0B1YCZWYJ,AT6ON2YUKJPG7
B09JGSX9SC,AT6ON2YUKJPG7
B088BB6TW4,AT6ON2YUKJPG7
B0050Q35I8,AT6ON2YUKJPG7
B0DHVWWRL7,AT6ON2YUKJPG7
B0DBLG4SMG,AT6ON2YUKJPG7
B0D69SS5H3,AT6ON2YUKJPG7
B0D2KGVQGP,AT6ON2YUKJPG7
B0CKR12C8H,AT6ON2YUKJPG7
B0CJXNZS4T,AT6ON2YUKJPG7
B0CJNBBKNW,AT6ON2YUKJPG7
B0CFWQBQP8,AT6ON2YUKJPG7
B0C1Y8VBNJ,AT6ON2YUKJPG7
B0BRZSRPMP,AT6ON2YUKJPG7
B0B6PQC25X,AT6ON2YUKJPG7
B08LPNS4MR,AT6ON2YUKJPG7
B08BQWBB16,AT6ON2YUKJPG7
B07PS5PX71,AT6ON2YUKJPG7
B07M7WVHNR,AT6ON2YUKJPG7
B07KVNFQNH,AT6ON2YUKJPG7
B07952N5PH,AT6ON2YUKJPG7
B06ZZQPSS3,AT6ON2YUKJPG7
B00ARVNIEC,AT6ON2YUKJPG7
B0D6SSVGD9,AT6ON2YUKJPG7
B0D53TX6DZ,AT6ON2YUKJPG7
B0CZNXD92K,AT6ON2YUKJPG7
B0CYLXWDMP,AT6ON2YUKJPG7
B0CY2XYXYN,AT6ON2YUKJPG7
B0CWVCXKT3,AT6ON2YUKJPG7
B0CTGHLHNK,AT6ON2YUKJPG7
B0CQBTJYTP,AT6ON2YUKJPG7
B0CQ2DC1GG,AT6ON2YUKJPG7
B0CPY218Z1,AT6ON2YUKJPG7
B0CNTCMGD8,AT6ON2YUKJPG7
B0CL395GW4,AT6ON2YUKJPG7
B0CKW3C8Z7,AT6ON2YUKJPG7
B0CJLZN9YY,AT6ON2YUKJPG7
B0B31JXV1B,AT6ON2YUKJPG7
B0B2VXQCY9,AT6ON2YUKJPG7
B0B15CX42T,AT6ON2YUKJPG7
B09XJK5XKG,AT6ON2YUKJPG7
B09XFD3Y24,AT6ON2YUKJPG7
B09W5PH9FM,AT6ON2YUKJPG7
B09TKM2BJL,AT6ON2YUKJPG7
B09SY1PNDS,AT6ON2YUKJPG7
B09RD9W1JB,AT6ON2YUKJPG7
B09QKTPZGQ,AT6ON2YUKJPG7
B09QKPDWB9,AT6ON2YUKJPG7
B09PYB51VR,AT6ON2YUKJPG7
B09N8LSNRQ,AT6ON2YUKJPG7
B09JZ5DMXB,AT6ON2YUKJPG7
B09GP58N2C,AT6ON2YUKJPG7
B09GK5X4PP,AT6ON2YUKJPG7
B0CHRNBDSZ,AT6ON2YUKJPG7
B0CH9KH764,AT6ON2YUKJPG7
B0CFPPP33T,AT6ON2YUKJPG7
B0CCVH5G88,AT6ON2YUKJPG7
B0CCNR435G,AT6ON2YUKJPG7
B0C8N4K7Y7,AT6ON2YUKJPG7
B0C6X25MVP,AT6ON2YUKJPG7
B0C6K4P4N6,AT6ON2YUKJPG7
B0C6CFRDSX,AT6ON2YUKJPG7
B0C696ZFB5,AT6ON2YUKJPG7
B0C4TDL49S,AT6ON2YUKJPG7
B0C4SMB6C2,AT6ON2YUKJPG7
B0C3M57GT2,AT6ON2YUKJPG7
B0BZJKPS88,AT6ON2YUKJPG7
B0BZ12MDY8,AT6ON2YUKJPG7
B0BYZZSDGC,AT6ON2YUKJPG7
B07Z8HC75H,AT6ON2YUKJPG7
B07YJTQKWP,AT6ON2YUKJPG7
B07YJJM4LL,AT6ON2YUKJPG7
B07Y8DDMSY,AT6ON2YUKJPG7
B07XGHC5ZS,AT6ON2YUKJPG7
B07W428XC9,AT6ON2YUKJPG7
B07VCRQGGC,AT6ON2YUKJPG7
B07PJ1YH5H,AT6ON2YUKJPG7
B07MBN538B,AT6ON2YUKJPG7
B07KQ4TQFB,AT6ON2YUKJPG7
B07K1GM1H7,AT6ON2YUKJPG7
B07HK9GXD2,AT6ON2YUKJPG7
B07GXD7N31,AT6ON2YUKJPG7
B07FD47QG5,AT6ON2YUKJPG7
B07DMFK4HC,AT6ON2YUKJPG7
B07D763XX8,AT6ON2YUKJPG7
B0BQJWRVN9,AT6ON2YUKJPG7
B0BLK3D74N,AT6ON2YUKJPG7
B0BJK8X6T9,AT6ON2YUKJPG7
B0BGJLW7GF,AT6ON2YUKJPG7
B0BG57S73F,AT6ON2YUKJPG7
B0BG56HPBR,AT6ON2YUKJPG7
B0BCJD4GKC,AT6ON2YUKJPG7
B0B9KCY1RV,AT6ON2YUKJPG7
B0B8F4H22S,AT6ON2YUKJPG7
B0B84936MD,AT6ON2YUKJPG7
B0B7KD56GZ,AT6ON2YUKJPG7
B0B71C171J,AT6ON2YUKJPG7
B0B6WHHCN6,AT6ON2YUKJPG7
B0B6TCW7YY,AT6ON2YUKJPG7
B0B4WD1CPZ,AT6ON2YUKJPG7
B0B46J6XQT,AT6ON2YUKJPG7
B099ZNW1WQ,AT6ON2YUKJPG7
B096TFHN4Q,AT6ON2YUKJPG7
B096FHFKC7,AT6ON2YUKJPG7
B095XRH5VV,AT6ON2YUKJPG7
B094FRPJB6,AT6ON2YUKJPG7
B094DQ98WJ,AT6ON2YUKJPG7
B093WKVSBG,AT6ON2YUKJPG7
B08ZCTKC26,AT6ON2YUKJPG7
B08S2PG1TK,AT6ON2YUKJPG7
B08JJBPPC4,AT6ON2YUKJPG7
B08J7BFNT7,AT6ON2YUKJPG7
B089GYZZ9R,AT6ON2YUKJPG7
B08665H42Y,AT6ON2YUKJPG7
B082FCT3SS,AT6ON2YUKJPG7
B082F1FC5T,AT6ON2YUKJPG7
B07ZJ8GDHC,AT6ON2YUKJPG7
B07CCCGHRZ,AT6ON2YUKJPG7
B07BLPW3FH,AT6ON2YUKJPG7
B0765XFZQ8,AT6ON2YUKJPG7
B0721NH8N3,AT6ON2YUKJPG7
B06XJN39X1,AT6ON2YUKJPG7
B01MQDCP0Y,AT6ON2YUKJPG7
B01IH41CUW,AT6ON2YUKJPG7
B01CQ99WI8,AT6ON2YUKJPG7
B018UJHVEA,AT6ON2YUKJPG7
B00ZVIXJ40,AT6ON2YUKJPG7
B00PW1PL06,AT6ON2YUKJPG7
B00NL47YBU,AT6ON2YUKJPG7
B00K3LDF0I,AT6ON2YUKJPG7
B006KJJTIY,AT6ON2YUKJPG7
B005KBIRRW,AT6ON2YUKJPG7
B003NM63NK,AT6ON2YUKJPG7
B0CX9GX47B,AT6ON2YUKJPG7
B07FVKBRVS,AT6ON2YUKJPG7
B0003DKT3M,AT6ON2YUKJPG7
B078MSB3N8,AT6ON2YUKJPG7
B085PX2H1G,AT6ON2YUKJPG7
B07VMVYS4T,AT6ON2YUKJPG7
B076D16D5W,AT6ON2YUKJPG7
B07YRLSQT9,AT6ON2YUKJPG7
B085NTPM4V,AT6ON2YUKJPG7
B09PBHBLNC,AT6ON2YUKJPG7
B07CV163JL,AT6ON2YUKJPG7
B06XNKB3VG,AT6ON2YUKJPG7
B01KSNSBGS,AT6ON2YUKJPG7
B003B402BE,AT6ON2YUKJPG7
B00361WV84,AT6ON2YUKJPG7
B0D93YD53C,AT6ON2YUKJPG7
B0CRF9LMWV,AT6ON2YUKJPG7
B083RBH2JT,AT6ON2YUKJPG7
B00KY0JRSM,AT6ON2YUKJPG7
B0BKVYK39H,AT6ON2YUKJPG7
B0B8QQFF28,AT6ON2YUKJPG7
B07B7GMZZ2,AT6ON2YUKJPG7
B06XT98QX8,AT6ON2YUKJPG7
B01DXRS1PC,AT6ON2YUKJPG7
B003EYUYBO,AT6ON2YUKJPG7
B0BJVMNV7D,AT6ON2YUKJPG7
B0B14JCN5M,AT6ON2YUKJPG7
B07WD574Z1,AT6ON2YUKJPG7
B0C2PKMS29,AT6ON2YUKJPG7
B0DBHG5G5W,AT6ON2YUKJPG7
B0D8PW7HJ7,AT6ON2YUKJPG7
B0D2SZ6KKS,AT6ON2YUKJPG7
B0CW9QKZGC,AT6ON2YUKJPG7
B0CLCVTH1G,AT6ON2YUKJPG7
B0CHRNXVMR,AT6ON2YUKJPG7
B0CHNFCFBQ,AT6ON2YUKJPG7
B0BY8X351R,AT6ON2YUKJPG7
B09X193C96,AT6ON2YUKJPG7
B09PY6MZCW,AT6ON2YUKJPG7
B097Q81T21,AT6ON2YUKJPG7
B08QRM9KT7,AT6ON2YUKJPG7
B07FCR1NQ1,AT6ON2YUKJPG7
B0CWTVG9LB,AT6ON2YUKJPG7
B0CRT2XDM2,AT6ON2YUKJPG7
B07Z1S3Z4W,AT6ON2YUKJPG7
B0DHVLQNMP,AT6ON2YUKJPG7
B0DB2V2HBW,AT6ON2YUKJPG7
B0D9MHLDFQ,AT6ON2YUKJPG7
B0D89YZVLK,AT6ON2YUKJPG7
B0D7PGB8H4,AT6ON2YUKJPG7
B0D4YRVCT9,AT6ON2YUKJPG7
B0D1JWXRZX,AT6ON2YUKJPG7
B0CZ9688J5,AT6ON2YUKJPG7
B0CYL713VF,AT6ON2YUKJPG7
B0CYCB62D2,AT6ON2YUKJPG7
B0CY5Q15P5,AT6ON2YUKJPG7
B0CXWRBRPS,AT6ON2YUKJPG7
B07BGJFHDZ,AT6ON2YUKJPG7
B0716SWG34,AT6ON2YUKJPG7
B01FF9ZMDK,AT6ON2YUKJPG7
B00PWVKK9I,AT6ON2YUKJPG7
B0C4YFZXVM,AT6ON2YUKJPG7
B0C4NG8FSK,AT6ON2YUKJPG7
B0C4MC2B4K,AT6ON2YUKJPG7
B0C4BJZVTC,AT6ON2YUKJPG7
B0C2HDJCQ8,AT6ON2YUKJPG7
B0C1S7LWSH,AT6ON2YUKJPG7
B0BZHWJJXY,AT6ON2YUKJPG7
B0BXXG3HVR,AT6ON2YUKJPG7
B0BXJ6333B,AT6ON2YUKJPG7
B0BWXH67ZV,AT6ON2YUKJPG7
B0BTV2SJHF,AT6ON2YUKJPG7
B0BS3H8ML9,AT6ON2YUKJPG7
B0BRY3PZ3D,AT6ON2YUKJPG7
B0BNN9DSR5,AT6ON2YUKJPG7
B0BN5LV3TT,AT6ON2YUKJPG7
B0BLH5H8R2,AT6ON2YUKJPG7
B0BD7BKKNP,AT6ON2YUKJPG7
B0BD1L38Z5,AT6ON2YUKJPG7
B0BCKBYXS6,AT6ON2YUKJPG7
B0B7WFT3LT,AT6ON2YUKJPG7
B0B5V56QJD,AT6ON2YUKJPG7
B0B4RQ23T4,AT6ON2YUKJPG7
B0B3SNN58D,AT6ON2YUKJPG7
B09YV924RN,AT6ON2YUKJPG7
B09YRB7DLR,AT6ON2YUKJPG7
B09X76ZFMH,AT6ON2YUKJPG7
B09L637K3X,AT6ON2YUKJPG7
B09JFX6QPM,AT6ON2YUKJPG7
B097RGDMFS,AT6ON2YUKJPG7
B096W7WV5F,AT6ON2YUKJPG7
B094DS26Q6,AT6ON2YUKJPG7
B092PSB41B,AT6ON2YUKJPG7
B0CWNXCY6J,AT6ON2YUKJPG7
B0CT56WGBQ,AT6ON2YUKJPG7
B0CRT21NJB,AT6ON2YUKJPG7
B0CKXBCZ7T,AT6ON2YUKJPG7
B0CJ4X3JDP,AT6ON2YUKJPG7
B0CHDSCJS2,AT6ON2YUKJPG7
B0CGV7T7ST,AT6ON2YUKJPG7
B0CFKTSTHT,AT6ON2YUKJPG7
B0CC86QRZF,AT6ON2YUKJPG7
B0CBV3V34N,AT6ON2YUKJPG7
B0CBMGMD57,AT6ON2YUKJPG7
B0CBMGGC9C,AT6ON2YUKJPG7
B0CBK35P5H,AT6ON2YUKJPG7
B0C6THJ3TM,AT6ON2YUKJPG7
B0C6GLTWFB,AT6ON2YUKJPG7
B0C5SMV1HG,AT6ON2YUKJPG7
B091GV65V7,AT6ON2YUKJPG7
B08Z8GW534,AT6ON2YUKJPG7
B08XPKKGM9,AT6ON2YUKJPG7
B08TBYYY64,AT6ON2YUKJPG7
B08T8W1R5D,AT6ON2YUKJPG7
B08RRYN6WC,AT6ON2YUKJPG7
B08P466XLY,AT6ON2YUKJPG7
B08MT9LWMB,AT6ON2YUKJPG7
B08M41X525,AT6ON2YUKJPG7
B08HVKDQRB,AT6ON2YUKJPG7
B08HLRHL48,AT6ON2YUKJPG7
B08GSD1T2S,AT6ON2YUKJPG7
B08D1PSY2D,AT6ON2YUKJPG7
B08B8SV8XR,AT6ON2YUKJPG7
B089MZRNLY,AT6ON2YUKJPG7
B081C18216,AT6ON2YUKJPG7
B0C4XBZ6MJ,AT6ON2YUKJPG7
B0C36DJLVT,AT6ON2YUKJPG7
B0C2HKWDVX,AT6ON2YUKJPG7
B0C1ZLC9BP,AT6ON2YUKJPG7
B0C1HTKTKS,AT6ON2YUKJPG7
B0BZPJYKXZ,AT6ON2YUKJPG7
B0BZL469D7,AT6ON2YUKJPG7
B0BYS76WBH,AT6ON2YUKJPG7
B0BYFJBCQY,AT6ON2YUKJPG7
B0BYFC93JP,AT6ON2YUKJPG7
B0BYDW7DZB,AT6ON2YUKJPG7
B0BXMNVYQX,AT6ON2YUKJPG7
B0BX6BFJZH,AT6ON2YUKJPG7
B0BTY9Q2J1,AT6ON2YUKJPG7
B0BRMGQKGD,AT6ON2YUKJPG7
B0BR643WCG,AT6ON2YUKJPG7
B07YS5C91V,AT6ON2YUKJPG7
B07XFPSZ58,AT6ON2YUKJPG7
B07V1LCY6Q,AT6ON2YUKJPG7
B07TLTSZ5Z,AT6ON2YUKJPG7
B07MZRGDM9,AT6ON2YUKJPG7
B07MHG99RR,AT6ON2YUKJPG7
B07KM4QKTM,AT6ON2YUKJPG7
B01MY14WPC,AT6ON2YUKJPG7
B01M7RVLQ8,AT6ON2YUKJPG7
B01M4FDRHD,AT6ON2YUKJPG7
B01GSPS5S4,AT6ON2YUKJPG7
B01EHFWR6I,AT6ON2YUKJPG7
B015YHNM3K,AT6ON2YUKJPG7
B00ZOUCYDW,AT6ON2YUKJPG7
B00PUWP472,AT6ON2YUKJPG7
B00GTCL480,AT6ON2YUKJPG7
B0BW3YCHJ4,AT6ON2YUKJPG7
B07NSGC5FN,AT6ON2YUKJPG7
B0167U827E,AT6ON2YUKJPG7
B01M4OS5FP,AT6ON2YUKJPG7
B0D28R9RYR,AT6ON2YUKJPG7
B00NDMV97A,AT6ON2YUKJPG7
B0CLD8KWL9,AT6ON2YUKJPG7
B0CTHHHRRS,AT6ON2YUKJPG7
B07SQPF1KF,AT6ON2YUKJPG7
B07WMZTX7K,AT6ON2YUKJPG7
B00JB2UDTQ,AT6ON2YUKJPG7
B0CF56K46M,AT6ON2YUKJPG7
B0B811RDG9,AT6ON2YUKJPG7
B0BKRS6FPW,AT6ON2YUKJPG7
B00XMC5I8M,AT6ON2YUKJPG7
B0C5X73P17,AT6ON2YUKJPG7
B0CKX18572,AT6ON2YUKJPG7
B0BW49SRLQ,AT6ON2YUKJPG7
B0BJ23HR9Y,AT6ON2YUKJPG7
B09J1GJZS8,AT6ON2YUKJPG7
B09YVHWPNR,AT6ON2YUKJPG7
B07FY6J55D,AT6ON2YUKJPG7
B0B24P369R,AT6ON2YUKJPG7
B0BZD34HXS,AT6ON2YUKJPG7
B0CRRYY5YJ,AT6ON2YUKJPG7
B09VNS1KRS,AT6ON2YUKJPG7
B081NTW9TM,AT6ON2YUKJPG7
B083TJ5H7Z,AT6ON2YUKJPG7
B06ZYBM5MQ,AT6ON2YUKJPG7
B0BWTQ1Z7Z,AT6ON2YUKJPG7
B09YTZ1MYF,AT6ON2YUKJPG7
B0DGGLTF44,AT6ON2YUKJPG7
B00078X4B2,AT6ON2YUKJPG7
B0CHMWGTHP,AT6ON2YUKJPG7
B099DS9CMT,AT6ON2YUKJPG7
B0DBR82XLT,AT6ON2YUKJPG7
B0D73R6MP2,AT6ON2YUKJPG7
B0B87RVVWM,AT6ON2YUKJPG7
B0CR5WFBVP,AT6ON2YUKJPG7
B089Q77XZ1,AT6ON2YUKJPG7
B0BTP83JXM,AT6ON2YUKJPG7
B008SQWHXQ,AT6ON2YUKJPG7
B0078NUYDA,AT6ON2YUKJPG7
B001RCUNK2,AT6ON2YUKJPG7
B0CY85LSY8,AT6ON2YUKJPG7
B0CG8FY385,AT6ON2YUKJPG7
B0BNKCWQ1V,AT6ON2YUKJPG7
B09ZNSZ2GD,AT6ON2YUKJPG7
B09NLGXBYF,AT6ON2YUKJPG7
B08ZDTLV9X,AT6ON2YUKJPG7
B07HFF1BB9,AT6ON2YUKJPG7
B003JSU3KC,AT6ON2YUKJPG7
B0BCQ4QX79,AT6ON2YUKJPG7
B07QPF4XNJ,AT6ON2YUKJPG7
B005IXSXPI,AT6ON2YUKJPG7
B0C5216YBJ,AT6ON2YUKJPG7
B09NNQ1FTR,AT6ON2YUKJPG7
B0CXQB4BVY,AT6ON2YUKJPG7
B089QQNKJL,AT6ON2YUKJPG7
B0CB5Q5J28,AT6ON2YUKJPG7
B08H751NT2,AT6ON2YUKJPG7
B0D3CXGTXH,AT6ON2YUKJPG7
B09Y9DN3BX,AT6ON2YUKJPG7
B0BP14ND31,AT6ON2YUKJPG7
B0CZTTZX4V,AT6ON2YUKJPG7
B0C1ND1P8V,AT6ON2YUKJPG7
B07YYPSVQM,AT6ON2YUKJPG7
B08Y8SRV21,AT6ON2YUKJPG7
B07DGWZYGC,AT6ON2YUKJPG7
B0C7NX8X7F,AT6ON2YUKJPG7
B0C3H75ZDK,AT6ON2YUKJPG7
B0CSYZ2CFY,AT6ON2YUKJPG7
B0BQLZKYFP,AT6ON2YUKJPG7
B08L6VDHQ5,AT6ON2YUKJPG7
B09BNGVQ1K,AT6ON2YUKJPG7
B0BN5MZZNH,AT6ON2YUKJPG7
B09H19BLPZ,AT6ON2YUKJPG7
B0BHCZSQ7Q,AT6ON2YUKJPG7
B08DHP9SHT,AT6ON2YUKJPG7
B07RJPK8J3,AT6ON2YUKJPG7
B099457LFF,AT6ON2YUKJPG7
B07YX1G14M,AT6ON2YUKJPG7
B0B53LJT25,AT6ON2YUKJPG7
B086T5GH5J,AT6ON2YUKJPG7
B0837R8R56,AT6ON2YUKJPG7
B08X4W317S,AT6ON2YUKJPG7
B087H7SSFM,AT6ON2YUKJPG7
B001C9FAU8,AT6ON2YUKJPG7
B0C33TYKCN,AT6ON2YUKJPG7
B0C2L478LM,AT6ON2YUKJPG7
B0B6R6K1RC,AT6ON2YUKJPG7
B0BNH7FPKY,AT6ON2YUKJPG7
B07Y8VDZWH,AT6ON2YUKJPG7
B0B59MZ5SZ,AT6ON2YUKJPG7
B07DMR7SZB,AT6ON2YUKJPG7
B000N6KR90,AT6ON2YUKJPG7
B0CG1DG6CT,AT6ON2YUKJPG7
B0CB9GMMXS,AT6ON2YUKJPG7
B09T4D3C98,AT6ON2YUKJPG7
B08P5YFCXZ,AT6ON2YUKJPG7
B07PKN4989,AT6ON2YUKJPG7
B01LGVBD6Q,AT6ON2YUKJPG7
1549241699,AT6ON2YUKJPG7
B0CT85WZN7,AT6ON2YUKJPG7
B0BV21B1X5,AT6ON2YUKJPG7
B07PP12RJM,AT6ON2YUKJPG7
B07FDDRFNH,AT6ON2YUKJPG7
B0CL9P8XRM,AT6ON2YUKJPG7
B0CBNRJYFV,AT6ON2YUKJPG7
B0C7G5KBQC,AT6ON2YUKJPG7
B0C7BLFR8K,AT6ON2YUKJPG7
B0C1G6TLN8,AT6ON2YUKJPG7
B0BZC3TDJ8,AT6ON2YUKJPG7
B0BX67RZCS,AT6ON2YUKJPG7
B0BVJ7L71K,AT6ON2YUKJPG7
B0BQX1N163,AT6ON2YUKJPG7
B0BMTMD9ST,AT6ON2YUKJPG7
B0BL6VWT8L,AT6ON2YUKJPG7
B0B3ZXL2PX,AT6ON2YUKJPG7
B09L4DQW5N,AT6ON2YUKJPG7
B097YPWC6J,AT6ON2YUKJPG7
B094Y61CTK,AT6ON2YUKJPG7
B08L6FWMVZ,AT6ON2YUKJPG7
B08KG4X1M6,AT6ON2YUKJPG7
B08G1HS754,AT6ON2YUKJPG7
B08538SBG5,AT6ON2YUKJPG7
B07ZZGWKJF,AT6ON2YUKJPG7
B07Y2662S9,AT6ON2YUKJPG7
B07WCMV176,AT6ON2YUKJPG7
B07HFQ1TJG,AT6ON2YUKJPG7
B07BHXQ629,AT6ON2YUKJPG7
B01BRS9K04,AT6ON2YUKJPG7
B01AIM5VIK,AT6ON2YUKJPG7
B01588T30G,AT6ON2YUKJPG7
B00IKFLACY,AT6ON2YUKJPG7
B009ZZ98MM,AT6ON2YUKJPG7
B005SO8MDU,AT6ON2YUKJPG7
B00579HNK4,AT6ON2YUKJPG7
B00162RP40,AT6ON2YUKJPG7
B0D98PTCN9,AT6ON2YUKJPG7
B0D8YJDX9W,AT6ON2YUKJPG7
B0CFKMG2YD,AT6ON2YUKJPG7
B0CFKK6RKB,AT6ON2YUKJPG7
B0CF569X7B,AT6ON2YUKJPG7
B0CDTW93ZX,AT6ON2YUKJPG7
B0CDN1M1FY,AT6ON2YUKJPG7
B0CCYDH1P1,AT6ON2YUKJPG7
B0CC973J9N,AT6ON2YUKJPG7
B0CC2CX7HM,AT6ON2YUKJPG7
B0CBQKKQ77,AT6ON2YUKJPG7
B0CBLWFKDZ,AT6ON2YUKJPG7
B0CBCYWDKF,AT6ON2YUKJPG7
B0CB4D448J,AT6ON2YUKJPG7
B0CB438QGY,AT6ON2YUKJPG7
B0C9TSWJ4P,AT6ON2YUKJPG7
B0C8NDR6SP,AT6ON2YUKJPG7
B0C8LVSHQW,AT6ON2YUKJPG7
B0D5B2CWW1,AT6ON2YUKJPG7
B0D4HBH34M,AT6ON2YUKJPG7
B0D2Y4PC6C,AT6ON2YUKJPG7
B0D237VK2K,AT6ON2YUKJPG7
B0D1286YBZ,AT6ON2YUKJPG7
B0CV4XLTNZ,AT6ON2YUKJPG7
B0CSX64VS4,AT6ON2YUKJPG7
B0CSMK8FL6,AT6ON2YUKJPG7
B0CSBWV2MD,AT6ON2YUKJPG7
B0CR6PD4ZB,AT6ON2YUKJPG7
B0CPHYP972,AT6ON2YUKJPG7
B0CNCQR5D7,AT6ON2YUKJPG7
B0CMXKKKVX,AT6ON2YUKJPG7
B0CM36S7PM,AT6ON2YUKJPG7
B0CLRQFP63,AT6ON2YUKJPG7
B0CK2S1XXS,AT6ON2YUKJPG7
B0C7GYFHZZ,AT6ON2YUKJPG7
B0C348PFG8,AT6ON2YUKJPG7
B0C2CZ41NB,AT6ON2YUKJPG7
B0BZQN5MD7,AT6ON2YUKJPG7
B0BYV3XHK7,AT6ON2YUKJPG7
B0BY3YMD3Z,AT6ON2YUKJPG7
B0BXLXDKJN,AT6ON2YUKJPG7
B0BWVVZPSX,AT6ON2YUKJPG7
B0BWQ2CR69,AT6ON2YUKJPG7
B0BWFL155L,AT6ON2YUKJPG7
B0BRRG9H7K,AT6ON2YUKJPG7
B0BRPZ6LXT,AT6ON2YUKJPG7
B0BR4XDYBP,AT6ON2YUKJPG7
B0BQBNG5W6,AT6ON2YUKJPG7
B0BNJZ5F1B,AT6ON2YUKJPG7
B0BMGRNFQV,AT6ON2YUKJPG7
B0BGFC77M6,AT6ON2YUKJPG7
B0BG8YPBQT,AT6ON2YUKJPG7
B0BG4WHS3T,AT6ON2YUKJPG7
B0BD699WG6,AT6ON2YUKJPG7
B0B87VX9VK,AT6ON2YUKJPG7
B0B7KMZ53Z,AT6ON2YUKJPG7
B0B6BSFWV5,AT6ON2YUKJPG7
B0B64B9T7L,AT6ON2YUKJPG7
B0B5MM5B6T,AT6ON2YUKJPG7
B0B4WJWGMP,AT6ON2YUKJPG7
B0B3CQCLQW,AT6ON2YUKJPG7
B0B19L1JYY,AT6ON2YUKJPG7
B09ZYHBCG6,AT6ON2YUKJPG7
B09ZYG82KX,AT6ON2YUKJPG7
B09Z6BSX57,AT6ON2YUKJPG7
B09YT29CK4,AT6ON2YUKJPG7
B09YQWNGZY,AT6ON2YUKJPG7
B09YPRNC2S,AT6ON2YUKJPG7
B09YNNJY6H,AT6ON2YUKJPG7
B09XMR9BKF,AT6ON2YUKJPG7
B09WJKD22T,AT6ON2YUKJPG7
B09WJFFP2P,AT6ON2YUKJPG7
B09SBTHVZ1,AT6ON2YUKJPG7
B09QLY5558,AT6ON2YUKJPG7
B09QJKT8L8,AT6ON2YUKJPG7
B09Q2GG7SV,AT6ON2YUKJPG7
B09Q23P7M2,AT6ON2YUKJPG7
B09PBFYJ79,AT6ON2YUKJPG7
B09P82VCFZ,AT6ON2YUKJPG7
B09NTFX876,AT6ON2YUKJPG7
B09NN6CS77,AT6ON2YUKJPG7
B09ML22TXG,AT6ON2YUKJPG7
B083RN117D,AT6ON2YUKJPG7
B083JL3QT9,AT6ON2YUKJPG7
B081481H1N,AT6ON2YUKJPG7
B07ZY5WVZ7,AT6ON2YUKJPG7
B07Y7ZQ265,AT6ON2YUKJPG7
B07X981KJX,AT6ON2YUKJPG7
B07X4DPKSW,AT6ON2YUKJPG7
B07WRYL661,AT6ON2YUKJPG7
B07WJZNXV7,AT6ON2YUKJPG7
B07W3D3SL9,AT6ON2YUKJPG7
B07VF6GJJT,AT6ON2YUKJPG7
B07V8VT876,AT6ON2YUKJPG7
B07SPKNGWN,AT6ON2YUKJPG7
B07SG2SWGN,AT6ON2YUKJPG7
B07RZD8ZVZ,AT6ON2YUKJPG7
B07RQPZQM3,AT6ON2YUKJPG7
B08R3FC7J4,AT6ON2YUKJPG7
B08QDVS8F6,AT6ON2YUKJPG7
B08PTLFSP4,AT6ON2YUKJPG7
B08P98QTQT,AT6ON2YUKJPG7
B08P2HRS37,AT6ON2YUKJPG7
B08M3S6JRR,AT6ON2YUKJPG7
B08JGD16W7,AT6ON2YUKJPG7
B08HDMDL2Z,AT6ON2YUKJPG7
B08HDGVXZK,AT6ON2YUKJPG7
B08GCSMQ25,AT6ON2YUKJPG7
B08FLFJ51R,AT6ON2YUKJPG7
B088T841NR,AT6ON2YUKJPG7
B086VRH895,AT6ON2YUKJPG7
B086GV5D6W,AT6ON2YUKJPG7
B0861FKKVB,AT6ON2YUKJPG7
B08598D8QQ,AT6ON2YUKJPG7
B09M86ZYYV,AT6ON2YUKJPG7
B09M42LX2L,AT6ON2YUKJPG7
B09JRMGDNQ,AT6ON2YUKJPG7
B09JDV1Q8L,AT6ON2YUKJPG7
B09GXDMDNN,AT6ON2YUKJPG7
B09F2P97KK,AT6ON2YUKJPG7
B098N4M3CN,AT6ON2YUKJPG7
B096ZG7PSZ,AT6ON2YUKJPG7
B095HGYSR1,AT6ON2YUKJPG7
B09337YKTD,AT6ON2YUKJPG7
B091ZJP26G,AT6ON2YUKJPG7
B091YJF8BY,AT6ON2YUKJPG7
B0916XGXNR,AT6ON2YUKJPG7
B08Z3B7GK9,AT6ON2YUKJPG7
B08WM3XPYD,AT6ON2YUKJPG7
B08VNJZ531,AT6ON2YUKJPG7
B07QJ9KX57,AT6ON2YUKJPG7
B07NQ2JT2S,AT6ON2YUKJPG7
B07MZWN17Y,AT6ON2YUKJPG7
B07MNTWRPS,AT6ON2YUKJPG7
B07MFH66JB,AT6ON2YUKJPG7
B07MD7MH8K,AT6ON2YUKJPG7
B07MC1H7HT,AT6ON2YUKJPG7
B07HNWK25V,AT6ON2YUKJPG7
B07GX7281X,AT6ON2YUKJPG7
B07GCKTSXG,AT6ON2YUKJPG7
B07FY57K63,AT6ON2YUKJPG7
B07FKM8KB7,AT6ON2YUKJPG7
B07FKLWF3G,AT6ON2YUKJPG7
B07FK675TF,AT6ON2YUKJPG7
B07F7FGH8T,AT6ON2YUKJPG7
B07DNCVBKH,AT6ON2YUKJPG7
B07DKWCKVV,AT6ON2YUKJPG7
B07DFCWSY1,AT6ON2YUKJPG7
B07D6RCSNW,AT6ON2YUKJPG7
B07CJZ6FHM,AT6ON2YUKJPG7
B079ZCZ56T,AT6ON2YUKJPG7
B079TGS58G,AT6ON2YUKJPG7
B076W6NQRZ,AT6ON2YUKJPG7
B076VLLFWJ,AT6ON2YUKJPG7
B076FJGGK1,AT6ON2YUKJPG7
B072KGWVJ6,AT6ON2YUKJPG7
B071HFDK3R,AT6ON2YUKJPG7
B071FJB99Z,AT6ON2YUKJPG7
B0719M7T29,AT6ON2YUKJPG7
B06XY1VZHR,AT6ON2YUKJPG7
B06XG74DDJ,AT6ON2YUKJPG7
B01MUWHQTH,AT6ON2YUKJPG7
B01L2XR4P2,AT6ON2YUKJPG7
B01F9LMLH4,AT6ON2YUKJPG7
B01EPL6BB6,AT6ON2YUKJPG7
B01BY9SQV0,AT6ON2YUKJPG7
B00Y9EBSUY,AT6ON2YUKJPG7
B00UTK8JZE,AT6ON2YUKJPG7
B00J3YKD42,AT6ON2YUKJPG7
B00IVJETGS,AT6ON2YUKJPG7
B00G4Z0M26,AT6ON2YUKJPG7
B00FJDOVRQ,AT6ON2YUKJPG7
B00E0N7QVY,AT6ON2YUKJPG7
B00BHLE6MO,AT6ON2YUKJPG7
B008OZRT0C,AT6ON2YUKJPG7
B0058ECZ1U,AT6ON2YUKJPG7
B004UUGDVQ,AT6ON2YUKJPG7
B000GAZ3YC,AT6ON2YUKJPG7
B0BZVNJDLF,AT6ON2YUKJPG7
B01HSFXCOU,AT6ON2YUKJPG7
B01EYK9BSS,AT6ON2YUKJPG7
B0C7BPTH32,AT6ON2YUKJPG7
B0C1Z8Q1FQ,AT6ON2YUKJPG7
B0BM4CSJDS,AT6ON2YUKJPG7
B01M5CD25X,AT6ON2YUKJPG7
B08G5F13W8,AT6ON2YUKJPG7
B0834B79JF,AT6ON2YUKJPG7
B00IFSTXYI,AT6ON2YUKJPG7
B007AO0SPQ,AT6ON2YUKJPG7
B0CDL1BKRL,AT6ON2YUKJPG7
B000M8O056,AT6ON2YUKJPG7
B0CD7RZN5G,AT6ON2YUKJPG7
B0CZL8T71F,AT6ON2YUKJPG7
B08X4QZGYT,AT6ON2YUKJPG7
B0BZTWMMK6,AT6ON2YUKJPG7
B08VS8XRJZ,AT6ON2YUKJPG7
B0BHV8MJXJ,AT6ON2YUKJPG7
B09RQ9F9F3,AT6ON2YUKJPG7
B0954PQJ28,AT6ON2YUKJPG7
B08GLTRV9H,AT6ON2YUKJPG7
B07RSW47ZG,AT6ON2YUKJPG7
B07576PT29,AT6ON2YUKJPG7
B00TYZWPLE,AT6ON2YUKJPG7
B076GWTRHS,AT6ON2YUKJPG7
B09DCDKVVK,AT6ON2YUKJPG7
B00OQJR3T2,AT6ON2YUKJPG7
B0CCXWN4BJ,AT6ON2YUKJPG7
B07RLJ8NYF,AT6ON2YUKJPG7
B00VM8TZG4,AT6ON2YUKJPG7
B082PNRTPH,AT6ON2YUKJPG7
B0CTMFFGS8,AT6ON2YUKJPG7
B07TB9F5TW,AT6ON2YUKJPG7
B0B6234W45,AT6ON2YUKJPG7
B01NBU4BA2,AT6ON2YUKJPG7
B07SJS2MF6,AT6ON2YUKJPG7
B06XKJV2PN,AT6ON2YUKJPG7
B0181GLHVK,AT6ON2YUKJPG7
B004GK0R2G,AT6ON2YUKJPG7
1549241621,AT6ON2YUKJPG7
B0CLZMGJ83,AT6ON2YUKJPG7
B0CJ51FCBN,AT6ON2YUKJPG7
B0B8581Y2B,AT6ON2YUKJPG7
B091FDBFN8,AT6ON2YUKJPG7
B00YGLCQQK,AT6ON2YUKJPG7
B0CNJ34VJ4,AT6ON2YUKJPG7
B0BWLQHD5Z,AT6ON2YUKJPG7
B09XFJH2XK,AT6ON2YUKJPG7
B09Q8N253C,AT6ON2YUKJPG7
B09K5CL8B4,AT6ON2YUKJPG7
B098D98GG4,AT6ON2YUKJPG7
B08SL18MWS,AT6ON2YUKJPG7
B08GH2LSTF,AT6ON2YUKJPG7
B08CK6TXLN,AT6ON2YUKJPG7
B08BPKZH45,AT6ON2YUKJPG7
B0822C61FY,AT6ON2YUKJPG7
B07VGPG51M,AT6ON2YUKJPG7
B0C5X4PLRY,AT6ON2YUKJPG7
B0C4S7BVYB,AT6ON2YUKJPG7
B0C4L8X3ZL,AT6ON2YUKJPG7
B0C36KFTSF,AT6ON2YUKJPG7
B0C1C6RZHW,AT6ON2YUKJPG7
B0BZR1S4S6,AT6ON2YUKJPG7
B0BZKX8ZVQ,AT6ON2YUKJPG7
B0BYS6THLF,AT6ON2YUKJPG7
B0BYK3364J,AT6ON2YUKJPG7
B0BYJXW7FW,AT6ON2YUKJPG7
B0BXPCXC15,AT6ON2YUKJPG7
B0BXDGNHD5,AT6ON2YUKJPG7
B0BW5Z1WQZ,AT6ON2YUKJPG7
B0BTNRXHSH,AT6ON2YUKJPG7
B0BTGLGV5T,AT6ON2YUKJPG7
B0BSMYGKXP,AT6ON2YUKJPG7
B0CP8C13FG,AT6ON2YUKJPG7
B0CP3XZB3H,AT6ON2YUKJPG7
B0CNCNW39V,AT6ON2YUKJPG7
B0CKMY9P3L,AT6ON2YUKJPG7
B0CHWCGC6C,AT6ON2YUKJPG7
B0CHMCYW24,AT6ON2YUKJPG7
B0CFQ62MCG,AT6ON2YUKJPG7
B0CF16VCBC,AT6ON2YUKJPG7
B0CDHGBPFW,AT6ON2YUKJPG7
B0CD5P7DND,AT6ON2YUKJPG7
B0CBBL6LHF,AT6ON2YUKJPG7
B0C81RGQ27,AT6ON2YUKJPG7
B0C7LNQ3QM,AT6ON2YUKJPG7
B0C6XJMQR5,AT6ON2YUKJPG7
B0C6TG86QB,AT6ON2YUKJPG7
B0C6JL5X3J,AT6ON2YUKJPG7
B0BRCX7WCM,AT6ON2YUKJPG7
B0BPJY5X96,AT6ON2YUKJPG7
B0BNKJ9DJR,AT6ON2YUKJPG7
B0BN5BPF89,AT6ON2YUKJPG7
B0BHN7K52L,AT6ON2YUKJPG7
B0BCH75Z68,AT6ON2YUKJPG7
B0BBZ5C1D7,AT6ON2YUKJPG7
B0B9J2V1YC,AT6ON2YUKJPG7
B0B8LCYY1X,AT6ON2YUKJPG7
B0B8HVNL56,AT6ON2YUKJPG7
B0B7D9STZ5,AT6ON2YUKJPG7
B0B742BFF6,AT6ON2YUKJPG7
B0B5VX2PYG,AT6ON2YUKJPG7
B0B5K62QFR,AT6ON2YUKJPG7
B0B58LD561,AT6ON2YUKJPG7
B0B4B3RKH2,AT6ON2YUKJPG7
B092C65F3P,AT6ON2YUKJPG7
B08YY2266R,AT6ON2YUKJPG7
B08YNKS1LZ,AT6ON2YUKJPG7
B08S77RPHF,AT6ON2YUKJPG7
B08R7KY5RD,AT6ON2YUKJPG7
B08QMLFP8G,AT6ON2YUKJPG7
B08PQKJ531,AT6ON2YUKJPG7
B08MPQV2F1,AT6ON2YUKJPG7
B08HCYXMRF,AT6ON2YUKJPG7
B08H5D8C7L,AT6ON2YUKJPG7
B08H1BGK26,AT6ON2YUKJPG7
B08G533DMW,AT6ON2YUKJPG7
B08FZQY8PN,AT6ON2YUKJPG7
B0876L5MCZ,AT6ON2YUKJPG7
B086DMJLD3,AT6ON2YUKJPG7
B08667J65M,AT6ON2YUKJPG7
B085PYJZDD,AT6ON2YUKJPG7
B0844GTTMP,AT6ON2YUKJPG7
B083LJ2BFT,AT6ON2YUKJPG7
B0818M4HXB,AT6ON2YUKJPG7
B07ZWLTCCM,AT6ON2YUKJPG7
B07Y25MVFQ,AT6ON2YUKJPG7
B07T8LG7W2,AT6ON2YUKJPG7
B07RQS5W72,AT6ON2YUKJPG7
B07QY23YD8,AT6ON2YUKJPG7
B07PMLCVHQ,AT6ON2YUKJPG7
B07PLFJ3D8,AT6ON2YUKJPG7
B07PGSWPFZ,AT6ON2YUKJPG7
B07P17YH7T,AT6ON2YUKJPG7
B07N598PXM,AT6ON2YUKJPG7
B07MZ9WD98,AT6ON2YUKJPG7
B07KY1JJVH,AT6ON2YUKJPG7
B07KQJ1JWV,AT6ON2YUKJPG7
B07J3YMKJ5,AT6ON2YUKJPG7
B07F7169G1,AT6ON2YUKJPG7
B07BXLMGW9,AT6ON2YUKJPG7
B07BWYLJJV,AT6ON2YUKJPG7
B07BWVYSZF,AT6ON2YUKJPG7
B07BVMKWWD,AT6ON2YUKJPG7
B077SKC776,AT6ON2YUKJPG7
B077JVB51X,AT6ON2YUKJPG7
B0776M3QNB,AT6ON2YUKJPG7
B076JRC1H1,AT6ON2YUKJPG7
B075ZYP5Z6,AT6ON2YUKJPG7
B074BQT1GZ,AT6ON2YUKJPG7
B071RMG84G,AT6ON2YUKJPG7
B01MRW83BI,AT6ON2YUKJPG7
B01M5JKHP1,AT6ON2YUKJPG7
B07X93TZBY,AT6ON2YUKJPG7
B015O9CABI,AT6ON2YUKJPG7
B07C24NDZ7,AT6ON2YUKJPG7
B00AY2AX9M,AT6ON2YUKJPG7
B08JYQ6QYD,AT6ON2YUKJPG7
B0767QQ68X,AT6ON2YUKJPG7
B07RX366D6,AT6ON2YUKJPG7
B07L1LR15C,AT6ON2YUKJPG7
B07HQ1PMRF,AT6ON2YUKJPG7
B071H9RYJX,AT6ON2YUKJPG7
B00Q3IDN5M,AT6ON2YUKJPG7
B006OCG4JY,AT6ON2YUKJPG7
B003SKCARK,AT6ON2YUKJPG7
B0012OP6WU,AT6ON2YUKJPG7
B0CYXP766F,AT6ON2YUKJPG7
B0CVWSXZTG,AT6ON2YUKJPG7
B0CSX1V7GC,AT6ON2YUKJPG7
B0CSVLY6FH,AT6ON2YUKJPG7
B0CSFTJ4FY,AT6ON2YUKJPG7
B0CQRLGWLS,AT6ON2YUKJPG7
B0CQC3SCPD,AT6ON2YUKJPG7
B0CQ1Y6ZBB,AT6ON2YUKJPG7
B0CKML6V79,AT6ON2YUKJPG7
B08YNGFLK8,AT6ON2YUKJPG7
B07GGWTK4F,AT6ON2YUKJPG7
B08YN3D1KW,AT6ON2YUKJPG7
B0DFN1DLTF,AT6ON2YUKJPG7
B0CL52XRHZ,AT6ON2YUKJPG7
B08FFL4CHP,AT6ON2YUKJPG7
B09PGYYH1W,AT6ON2YUKJPG7
B0CBTNH6YX,AT6ON2YUKJPG7
B08WYYZWPY,AT6ON2YUKJPG7
B07SHG9SYM,AT6ON2YUKJPG7
B08X3TRYQN,AT6ON2YUKJPG7
B0CZS82NMR,AT6ON2YUKJPG7
B0CZS179DX,AT6ON2YUKJPG7
B0BWF6GBZT,AT6ON2YUKJPG7
B07ZVY3PT9,AT6ON2YUKJPG7
B0722CMMXQ,AT6ON2YUKJPG7
B0DDT3Z2GL,AT6ON2YUKJPG7
B07L9VJSLT,AT6ON2YUKJPG7
B0D2NZHB4K,AT6ON2YUKJPG7
B09QRST6MP,AT6ON2YUKJPG7
B09QGN5YT6,AT6ON2YUKJPG7
B084LCPVQ7,AT6ON2YUKJPG7
1549241702,AT6ON2YUKJPG7
B07BLMJKYH,AT6ON2YUKJPG7
B0C3SN7BLL,AT6ON2YUKJPG7
B003Z9JN3I,AT6ON2YUKJPG7
B0CKYLGGXW,AT6ON2YUKJPG7
B00N4OU0BS,AT6ON2YUKJPG7
B082FRV6QN,AT6ON2YUKJPG7
B0BJQHSTX2,AT6ON2YUKJPG7
B09XHPL887,AT6ON2YUKJPG7
B09MG9WWHX,AT6ON2YUKJPG7
B09HNV1PH3,AT6ON2YUKJPG7
B08LVJ9X4K,AT6ON2YUKJPG7
B085RGZTHW,AT6ON2YUKJPG7
B07Z9FPVW2,AT6ON2YUKJPG7
B00JDPS7Z8,AT6ON2YUKJPG7
1549244841,AT6ON2YUKJPG7
B0D2Z9MQFH,AT6ON2YUKJPG7
B0CJR2V3YR,AT6ON2YUKJPG7
B0CF23ZHCX,AT6ON2YUKJPG7
B0C8HLS95R,AT6ON2YUKJPG7
B0C1N4PLFX,AT6ON2YUKJPG7
B0BYRLYCTN,AT6ON2YUKJPG7
B0BWXDCBXB,AT6ON2YUKJPG7
B0BTBHFDGZ,AT6ON2YUKJPG7
B0BM3H6PBF,AT6ON2YUKJPG7
B073Z9NMVH,AT6ON2YUKJPG7
B073SR1TW2,AT6ON2YUKJPG7
B017WHIPPA,AT6ON2YUKJPG7
B00K1CFP6G,AT6ON2YUKJPG7
B004SZ0YYU,AT6ON2YUKJPG7
B003468CM0,AT6ON2YUKJPG7
1639471030,AT6ON2YUKJPG7
1549240579,AT6ON2YUKJPG7
B0D7K1PPW6,AT6ON2YUKJPG7
B0D6C2B11F,AT6ON2YUKJPG7
B0D66Q5BNX,AT6ON2YUKJPG7
B0D3PVSQSP,AT6ON2YUKJPG7
B0D2WD5B9Y,AT6ON2YUKJPG7
B0CYZ4YZ9W,AT6ON2YUKJPG7
B0CX1R88RB,AT6ON2YUKJPG7
B0CWV1L5VR,AT6ON2YUKJPG7
B01LRJJB98,AT6ON2YUKJPG7
B01FTDIPJU,AT6ON2YUKJPG7
B019QHAQ9M,AT6ON2YUKJPG7
B00XKK74Y2,AT6ON2YUKJPG7
B00P1DFWJK,AT6ON2YUKJPG7
B00NNZCVHO,AT6ON2YUKJPG7
B00KZDT346,AT6ON2YUKJPG7
B00HBSCUHA,AT6ON2YUKJPG7
B00CJ1DUN2,AT6ON2YUKJPG7
B0093CHZ8G,AT6ON2YUKJPG7
B006LYHFBQ,AT6ON2YUKJPG7
B005BSNX3M,AT6ON2YUKJPG7
B0027A3CCY,AT6ON2YUKJPG7
B000QDRRNY,AT6ON2YUKJPG7
B00008ZCDO,AT6ON2YUKJPG7
B0B1WF6KSC,AT6ON2YUKJPG7
B0BJ182J9J,AT6ON2YUKJPG7
B0BGB4DJ1T,AT6ON2YUKJPG7
B0B8HRR8MG,AT6ON2YUKJPG7
B09WHCDW6G,AT6ON2YUKJPG7
B09SZ82Y2Q,AT6ON2YUKJPG7
B09CTF258T,AT6ON2YUKJPG7
B08WHSP7ZL,AT6ON2YUKJPG7
B08TWB214G,AT6ON2YUKJPG7
B08R97M2SQ,AT6ON2YUKJPG7
B08R2J7N4B,AT6ON2YUKJPG7
B08L5M2GVL,AT6ON2YUKJPG7
B08FVM3T9J,AT6ON2YUKJPG7
B07XXGWHB2,AT6ON2YUKJPG7
B07XVHWHWB,AT6ON2YUKJPG7
B07TWZPP8H,AT6ON2YUKJPG7
B07DLY63LF,AT6ON2YUKJPG7
B0CWD1PQDT,AT6ON2YUKJPG7
B0CTG2FTS2,AT6ON2YUKJPG7
B0CS9RFHVY,AT6ON2YUKJPG7
B0CRQDHMNJ,AT6ON2YUKJPG7
B0CRB382B5,AT6ON2YUKJPG7
B0CQZWQ4N5,AT6ON2YUKJPG7
B0CNCWW3FV,AT6ON2YUKJPG7
B0CHKQJ8TG,AT6ON2YUKJPG7
B0CHJRP8CS,AT6ON2YUKJPG7
B0CHHZF4P6,AT6ON2YUKJPG7
B0CFPGNLH2,AT6ON2YUKJPG7
B0CFF9YSRB,AT6ON2YUKJPG7
B0CFCVBDMQ,AT6ON2YUKJPG7
B0CBL6JWFQ,AT6ON2YUKJPG7
B0CB8Y9KFG,AT6ON2YUKJPG7
B0CB6PZBLB,AT6ON2YUKJPG7
B0C9M2QSXB,AT6ON2YUKJPG7
B0C6L9MVN9,AT6ON2YUKJPG7
B0C6JN2GTQ,AT6ON2YUKJPG7
B0C45WBZSV,AT6ON2YUKJPG7
B0C4577XQZ,AT6ON2YUKJPG7
B0C2YPKMZ2,AT6ON2YUKJPG7
B0C2GN467X,AT6ON2YUKJPG7
B0C2CBSS6M,AT6ON2YUKJPG7
B0BZYXDB85,AT6ON2YUKJPG7
B0BZ4W4MB1,AT6ON2YUKJPG7
B0BYW83LS2,AT6ON2YUKJPG7
B0BY476TB8,AT6ON2YUKJPG7
B0BXKK9493,AT6ON2YUKJPG7
B0BXCLWJVN,AT6ON2YUKJPG7
B0BWY7ZKNT,AT6ON2YUKJPG7
B0BWJNV5PW,AT6ON2YUKJPG7
B0B2BSVCFL,AT6ON2YUKJPG7
B09Z8MCNBB,AT6ON2YUKJPG7
B09YXHTKXB,AT6ON2YUKJPG7
B09TJN89PK,AT6ON2YUKJPG7
B09QS26ZYL,AT6ON2YUKJPG7
B09MW1DZ5Q,AT6ON2YUKJPG7
B09JVY7HZZ,AT6ON2YUKJPG7
B09JKS1BWD,AT6ON2YUKJPG7
B09C52JNKS,AT6ON2YUKJPG7
B099GCSSM1,AT6ON2YUKJPG7
B0993G46VX,AT6ON2YUKJPG7
B0992PLC63,AT6ON2YUKJPG7
B0987Z86M4,AT6ON2YUKJPG7
B097M7JSC8,AT6ON2YUKJPG7
B097CL6C12,AT6ON2YUKJPG7
B0952TMJ2D,AT6ON2YUKJPG7
B0BW86BLMY,AT6ON2YUKJPG7
B0BVFSV8JP,AT6ON2YUKJPG7
B0BSL8P4NV,AT6ON2YUKJPG7
B0BR3BKBZ3,AT6ON2YUKJPG7
B0BPGD46DK,AT6ON2YUKJPG7
B0BMPP7RX9,AT6ON2YUKJPG7
B0BJ737M29,AT6ON2YUKJPG7
B0BJ6TX6XR,AT6ON2YUKJPG7
B0BJ69Z29K,AT6ON2YUKJPG7
B0BHS2R6R8,AT6ON2YUKJPG7
B0BG92WYJR,AT6ON2YUKJPG7
B0BG8WRYRF,AT6ON2YUKJPG7
B0BG5VZS27,AT6ON2YUKJPG7
B0BF19W668,AT6ON2YUKJPG7
B0BDLQM21T,AT6ON2YUKJPG7
B0BBVJKCGW,AT6ON2YUKJPG7
B0B9R8ZQ2H,AT6ON2YUKJPG7
B0B94R9RF3,AT6ON2YUKJPG7
B0B8MTF9Q1,AT6ON2YUKJPG7
B0B7D9YLFP,AT6ON2YUKJPG7
B0B72CCK7M,AT6ON2YUKJPG7
B0B6D9F34K,AT6ON2YUKJPG7
B0B652CQ4K,AT6ON2YUKJPG7
B0B5WT8XPG,AT6ON2YUKJPG7
B0B5556MSF,AT6ON2YUKJPG7
B0B45PPJCT,AT6ON2YUKJPG7
B0B3JRJXP6,AT6ON2YUKJPG7
B0B1MMS7KS,AT6ON2YUKJPG7
B0B1DMRQST,AT6ON2YUKJPG7
B0B19RHZYB,AT6ON2YUKJPG7
B09ZYH5VGK,AT6ON2YUKJPG7
B09ZQMX8S3,AT6ON2YUKJPG7
B09YR6N799,AT6ON2YUKJPG7
B09XR1MLRH,AT6ON2YUKJPG7
B09XQHRSRW,AT6ON2YUKJPG7
B09XDLCFXD,AT6ON2YUKJPG7
B09WMRNPY1,AT6ON2YUKJPG7
B09VBYVWP9,AT6ON2YUKJPG7
B09V2QRP6X,AT6ON2YUKJPG7
B09TJMBVVB,AT6ON2YUKJPG7
B09T4GNYX3,AT6ON2YUKJPG7
B09SBWPSLD,AT6ON2YUKJPG7
B09PJD1FHD,AT6ON2YUKJPG7
B09P4RDGW4,AT6ON2YUKJPG7
B09NVZNRXQ,AT6ON2YUKJPG7
B09N3DTR2B,AT6ON2YUKJPG7
B09MJ8CTBK,AT6ON2YUKJPG7
B09MGFF7HV,AT6ON2YUKJPG7
B08C2K3V49,AT6ON2YUKJPG7
B089Y8K7GJ,AT6ON2YUKJPG7
B087QQNJX2,AT6ON2YUKJPG7
B0878Z7Z1F,AT6ON2YUKJPG7
B086M5BPTF,AT6ON2YUKJPG7
B083RSS2S3,AT6ON2YUKJPG7
B081VSKTRH,AT6ON2YUKJPG7
B081DL1RBY,AT6ON2YUKJPG7
B07ZH7RPNC,AT6ON2YUKJPG7
B07YXBLDNR,AT6ON2YUKJPG7
B07X93ZKBM,AT6ON2YUKJPG7
B07WXMP3WG,AT6ON2YUKJPG7
B07V1XWZ6S,AT6ON2YUKJPG7
B07V1XMVXZ,AT6ON2YUKJPG7
B07T8XNK7T,AT6ON2YUKJPG7
B07RSV4RD3,AT6ON2YUKJPG7
B08ZCL1746,AT6ON2YUKJPG7
B08T8RL8XH,AT6ON2YUKJPG7
B08SM3Z9YD,AT6ON2YUKJPG7
B08SJ7N84X,AT6ON2YUKJPG7
B08S3717TB,AT6ON2YUKJPG7
B08RYP7J9T,AT6ON2YUKJPG7
B08RSNXHH5,AT6ON2YUKJPG7
B08R78WPVZ,AT6ON2YUKJPG7
B08PNRGPWN,AT6ON2YUKJPG7
B08P4DF2MW,AT6ON2YUKJPG7
B08MKXTN3H,AT6ON2YUKJPG7
B08MBFC7X8,AT6ON2YUKJPG7
B08L6WSD62,AT6ON2YUKJPG7
B08J8975KN,AT6ON2YUKJPG7
B08DFR571Z,AT6ON2YUKJPG7
B08D4QGVG5,AT6ON2YUKJPG7
B07R42GMB1,AT6ON2YUKJPG7
B07P7LVRQY,AT6ON2YUKJPG7
B07M7D6BWQ,AT6ON2YUKJPG7
B07M5HYD8B,AT6ON2YUKJPG7
B07KVM7N66,AT6ON2YUKJPG7
B07K1WP871,AT6ON2YUKJPG7
B07FRMG2GR,AT6ON2YUKJPG7
B07FQZH2NQ,AT6ON2YUKJPG7
B07FFBCG29,AT6ON2YUKJPG7
B07F6P6C3F,AT6ON2YUKJPG7
B07F1WKBVV,AT6ON2YUKJPG7
B07DWHQP7L,AT6ON2YUKJPG7
B07BZW3XCJ,AT6ON2YUKJPG7
B079NTR6LF,AT6ON2YUKJPG7
B079DD726M,AT6ON2YUKJPG7
B0795NPCQB,AT6ON2YUKJPG7
B01JN0OGSE,AT6ON2YUKJPG7
B01G7MSDLW,AT6ON2YUKJPG7
B01FX5UNFI,AT6ON2YUKJPG7
B01FFBMACY,AT6ON2YUKJPG7
B01D0K3O5E,AT6ON2YUKJPG7
B00IYFPK4O,AT6ON2YUKJPG7
B00FW5OF0E,AT6ON2YUKJPG7
B00FBJLB3U,AT6ON2YUKJPG7
B00AO0D7Z6,AT6ON2YUKJPG7
B00AK8SSTW,AT6ON2YUKJPG7
B00886DD8Y,AT6ON2YUKJPG7
B00668ATDS,AT6ON2YUKJPG7
B0055778PI,AT6ON2YUKJPG7
B004GHI5ZK,AT6ON2YUKJPG7
B001S32FUG,AT6ON2YUKJPG7
B00130BWLM,AT6ON2YUKJPG7
B077TQCY4F,AT6ON2YUKJPG7
B076L726W5,AT6ON2YUKJPG7
B07574VCTT,AT6ON2YUKJPG7
B0743K3LCD,AT6ON2YUKJPG7
B073H7L59X,AT6ON2YUKJPG7
B073FRMG3N,AT6ON2YUKJPG7
B0727MMYGG,AT6ON2YUKJPG7
B0722Y98KS,AT6ON2YUKJPG7
B071LQBK6X,AT6ON2YUKJPG7
B071FJ2N5R,AT6ON2YUKJPG7
B071F5F4B3,AT6ON2YUKJPG7
B06VXH56YN,AT6ON2YUKJPG7
B01MRKDZ1B,AT6ON2YUKJPG7
B01MA57OYH,AT6ON2YUKJPG7
B01M1FKFES,AT6ON2YUKJPG7
B01L8D591C,AT6ON2YUKJPG7
B0C2238ZBX,AT6ON2YUKJPG7
B001UO7N6E,AT6ON2YUKJPG7
B07KKJH61M,AT6ON2YUKJPG7
B0BNKJM79K,AT6ON2YUKJPG7
B0C4KWM77C,AT6ON2YUKJPG7
B0B5WL5NLN,AT6ON2YUKJPG7
B0B7WBVV69,AT6ON2YUKJPG7
B07QHT3ZTT,AT6ON2YUKJPG7
B073W4WRXM,AT6ON2YUKJPG7
B0D9KW7LCJ,AT6ON2YUKJPG7
B097RTTZFZ,AT6ON2YUKJPG7
B0BK6ZKQ94,AT6ON2YUKJPG7
B08PJM51F8,AT6ON2YUKJPG7
B0D9Y3MSDY,AT6ON2YUKJPG7
B0CDKF72NM,AT6ON2YUKJPG7
B07TJQDXND,AT6ON2YUKJPG7
B08GS9K2PZ,AT6ON2YUKJPG7
B09KRB9CMD,AT6ON2YUKJPG7
B086L6H511,AT6ON2YUKJPG7
B00OI20SXA,AT6ON2YUKJPG7
B0CCV6V4KD,AT6ON2YUKJPG7
B0C1T5RNCH,AT6ON2YUKJPG7
B0B48K6S6Q,AT6ON2YUKJPG7
B09X4176KQ,AT6ON2YUKJPG7
B09KBNQN2R,AT6ON2YUKJPG7
B0C1M2VVDN,AT6ON2YUKJPG7
B074J53WPM,AT6ON2YUKJPG7
B07WFXSWSZ,AT6ON2YUKJPG7
B0C3B27P61,AT6ON2YUKJPG7
B0BDXS6MW2,AT6ON2YUKJPG7
B0B5CCKV6P,AT6ON2YUKJPG7
B0B23S245K,AT6ON2YUKJPG7
B09C5WHFVQ,AT6ON2YUKJPG7
B08ZDS8FBN,AT6ON2YUKJPG7
B08FVX8DM3,AT6ON2YUKJPG7
B01ISNQK04,AT6ON2YUKJPG7
B0CGGYL7R3,AT6ON2YUKJPG7
B095YD25CQ,AT6ON2YUKJPG7
B09YT1GLJ6,AT6ON2YUKJPG7
B09HTCPFZP,AT6ON2YUKJPG7
B0C7S6ZNYT,AT6ON2YUKJPG7
B0B7RFY53V,AT6ON2YUKJPG7
B08HSLCBR4,AT6ON2YUKJPG7
B0831HXMJJ,AT6ON2YUKJPG7
B07NY98KCZ,AT6ON2YUKJPG7
B00P192HX8,AT6ON2YUKJPG7
B003STEIYY,AT6ON2YUKJPG7
B0DPD9VDGZ,AT6ON2YUKJPG7
B0BZSL75TS,AT6ON2YUKJPG7
B0BXJDMMLR,AT6ON2YUKJPG7
B0BJPQ9Y38,AT6ON2YUKJPG7
B0B77P25Z7,AT6ON2YUKJPG7
B09Z8TZLZZ,AT6ON2YUKJPG7
B08Y6LVXB7,AT6ON2YUKJPG7
B01NAWEAJA,AT6ON2YUKJPG7
B0D45TFDNZ,AT6ON2YUKJPG7
B07MTHMNBF,AT6ON2YUKJPG7
B07GTRRQLY,AT6ON2YUKJPG7
B07BKX8BV7,AT6ON2YUKJPG7
B072LK2LSP,AT6ON2YUKJPG7
B00MVRS38G,AT6ON2YUKJPG7
B004MNKM9A,AT6ON2YUKJPG7
B0DPH3JQQF,AT6ON2YUKJPG7
B0D7PW8T3Z,AT6ON2YUKJPG7
B0D5H9K4Z9,AT6ON2YUKJPG7
B0D3B1J4XN,AT6ON2YUKJPG7
B0D1BXRGMV,AT6ON2YUKJPG7
B0CX1S1BSQ,AT6ON2YUKJPG7
B0CWNLGL6D,AT6ON2YUKJPG7
B0CTXPBKKS,AT6ON2YUKJPG7
B0CPL581FD,AT6ON2YUKJPG7
B0CPHVCWP2,AT6ON2YUKJPG7
B0CQC97BYT,AT6ON2YUKJPG7
B0CJ792GGS,AT6ON2YUKJPG7
B0CHK6PG2C,AT6ON2YUKJPG7
B0C7KB6M49,AT6ON2YUKJPG7
B0BZQNY7MC,AT6ON2YUKJPG7
B0BVQKXVYB,AT6ON2YUKJPG7
B0BJ71XYNS,AT6ON2YUKJPG7
B09TKQN7PS,AT6ON2YUKJPG7
B09N34ZNMZ,AT6ON2YUKJPG7
B097RTSX4B,AT6ON2YUKJPG7
B087PVMMPG,AT6ON2YUKJPG7
B083CM1K1P,AT6ON2YUKJPG7
B07YVJD32C,AT6ON2YUKJPG7
B07WCJRG8H,AT6ON2YUKJPG7
B07TVT5ZV6,AT6ON2YUKJPG7
B07PJG78G5,AT6ON2YUKJPG7
B0CP5KFDWV,AT6ON2YUKJPG7
B0CP4Z63SD,AT6ON2YUKJPG7
B0CNKWHGTX,AT6ON2YUKJPG7
B0CNG46KYJ,AT6ON2YUKJPG7
B0CNF6Z4LB,AT6ON2YUKJPG7
B0CND53DYS,AT6ON2YUKJPG7
B0CNCMLVHJ,AT6ON2YUKJPG7
B0CN8MBSSK,AT6ON2YUKJPG7
B0CLV76ZT9,AT6ON2YUKJPG7
B0CLKC9Y9M,AT6ON2YUKJPG7
B0CKR6XKLB,AT6ON2YUKJPG7
B0CKH4WQ8H,AT6ON2YUKJPG7
B0CJ5QF3VX,AT6ON2YUKJPG7
B0CH7Y6QCB,AT6ON2YUKJPG7
B0CGZKWDPJ,AT6ON2YUKJPG7
B0CGWTCQ3L,AT6ON2YUKJPG7
B09MDKX94C,AT6ON2YUKJPG7
B09MBQW8JK,AT6ON2YUKJPG7
B09KL5TZCR,AT6ON2YUKJPG7
B09J4B1CHW,AT6ON2YUKJPG7
B09J228BSF,AT6ON2YUKJPG7
B09HQ24LPC,AT6ON2YUKJPG7
B09H5FML1X,AT6ON2YUKJPG7
B09DL6GD2V,AT6ON2YUKJPG7
B099HVTDK8,AT6ON2YUKJPG7
B0974VB42Q,AT6ON2YUKJPG7
B096TB2CT6,AT6ON2YUKJPG7
B095YX5D2T,AT6ON2YUKJPG7
B094N3KPWD,AT6ON2YUKJPG7
B093L6G9G4,AT6ON2YUKJPG7
B093GVKZC3,AT6ON2YUKJPG7
B0917M624P,AT6ON2YUKJPG7
B0CFYWPK7N,AT6ON2YUKJPG7
B0CFVVZM62,AT6ON2YUKJPG7
B0CFVM5R36,AT6ON2YUKJPG7
B0CFVHKS37,AT6ON2YUKJPG7
B0CFV47Z4R,AT6ON2YUKJPG7
B0CCYFHH2F,AT6ON2YUKJPG7
B0CCPRX8XB,AT6ON2YUKJPG7
B0CCKTFQRY,AT6ON2YUKJPG7
B0C4T8K1BK,AT6ON2YUKJPG7
B0C4P8HFB4,AT6ON2YUKJPG7
B0C4DPBCLV,AT6ON2YUKJPG7
B0C33SN7Q3,AT6ON2YUKJPG7
B0C338G7RJ,AT6ON2YUKJPG7
B0C1Z5NW19,AT6ON2YUKJPG7
B0C1BVGKNM,AT6ON2YUKJPG7
B0BZQLMS54,AT6ON2YUKJPG7
B0BZGHZ79R,AT6ON2YUKJPG7
B0BYT18622,AT6ON2YUKJPG7
B0BY7HH15P,AT6ON2YUKJPG7
B0BXWV6DLZ,AT6ON2YUKJPG7
B0BVVVRYZL,AT6ON2YUKJPG7
B0BRXXNF5X,AT6ON2YUKJPG7
B0BRPFFS9K,AT6ON2YUKJPG7
B0BR3L6G5S,AT6ON2YUKJPG7
B0BQMK15DX,AT6ON2YUKJPG7
B0BQHW9CQ8,AT6ON2YUKJPG7
B0BQGD5558,AT6ON2YUKJPG7
B0BPS3PVJY,AT6ON2YUKJPG7
B0BPGYR8ZG,AT6ON2YUKJPG7
B0BNR15LV1,AT6ON2YUKJPG7
B0BNBNLNGG,AT6ON2YUKJPG7
B0BN29P1ZD,AT6ON2YUKJPG7
B0BL1S9LFJ,AT6ON2YUKJPG7
B0BKPM39WF,AT6ON2YUKJPG7
B0BK7CLP61,AT6ON2YUKJPG7
B0BK6YNB3V,AT6ON2YUKJPG7
B0BHZPGSL3,AT6ON2YUKJPG7
B0BHR6HB9T,AT6ON2YUKJPG7
B0BFTN73P3,AT6ON2YUKJPG7
B0BD6NN5B8,AT6ON2YUKJPG7
B0BBM1Z7WL,AT6ON2YUKJPG7
B0BB2362WF,AT6ON2YUKJPG7
B0B7LG1DNG,AT6ON2YUKJPG7
B0B7GCYDV1,AT6ON2YUKJPG7
B0B63GQJ6Q,AT6ON2YUKJPG7
B0B3SFYXSP,AT6ON2YUKJPG7
B0B11QKFVN,AT6ON2YUKJPG7
B09YTZLRTN,AT6ON2YUKJPG7
B09YNCF3HN,AT6ON2YUKJPG7
B09XDYFXZ3,AT6ON2YUKJPG7
B09X1TWCQ7,AT6ON2YUKJPG7
B09X157P42,AT6ON2YUKJPG7
B09WTRPCRF,AT6ON2YUKJPG7
B09N6NSFX8,AT6ON2YUKJPG7
B09N3F8DYJ,AT6ON2YUKJPG7
B09MQPVHDF,AT6ON2YUKJPG7
B09L4P6VLF,AT6ON2YUKJPG7
B09KRQLD5H,AT6ON2YUKJPG7
B09K24LWT5,AT6ON2YUKJPG7
B09JHYZK9G,AT6ON2YUKJPG7
B09H7G74PW,AT6ON2YUKJPG7
B09FKD7586,AT6ON2YUKJPG7
B09DCPYMZZ,AT6ON2YUKJPG7
B09BZZ19K8,AT6ON2YUKJPG7
B09BBM4222,AT6ON2YUKJPG7
B098PM26PQ,AT6ON2YUKJPG7
B097YT15M1,AT6ON2YUKJPG7
B097RTYYN4,AT6ON2YUKJPG7
B097RSXB1D,AT6ON2YUKJPG7
B097RS4ZRH,AT6ON2YUKJPG7
B095GP2YSK,AT6ON2YUKJPG7
B095CS9XJR,AT6ON2YUKJPG7
B093XN782P,AT6ON2YUKJPG7
B091N8R4LS,AT6ON2YUKJPG7
B08X3Z7K8J,AT6ON2YUKJPG7
B08W5FRXKT,AT6ON2YUKJPG7
B08T9CGCR9,AT6ON2YUKJPG7
B08S7R5YVR,AT6ON2YUKJPG7
B08S7CZW2P,AT6ON2YUKJPG7
B08R7BF12F,AT6ON2YUKJPG7
B084NMLRGM,AT6ON2YUKJPG7
B084CMF1W5,AT6ON2YUKJPG7
B0845MYTXT,AT6ON2YUKJPG7
B082VY9CWV,AT6ON2YUKJPG7
B082DMX2FZ,AT6ON2YUKJPG7
B07ZZGG7FP,AT6ON2YUKJPG7
B07Z5PMVJ5,AT6ON2YUKJPG7
B07Z38MG8P,AT6ON2YUKJPG7
B07YNVT4B7,AT6ON2YUKJPG7
B07VR9CDGQ,AT6ON2YUKJPG7
B07VJN8XMH,AT6ON2YUKJPG7
B07VBHN8M6,AT6ON2YUKJPG7
B07TCMS2XK,AT6ON2YUKJPG7
B07TCJVX25,AT6ON2YUKJPG7
B07T94S5FZ,AT6ON2YUKJPG7
B07SPJQ823,AT6ON2YUKJPG7
B08QBK6BXL,AT6ON2YUKJPG7
B08M95FVMP,AT6ON2YUKJPG7
B08M6BCK3S,AT6ON2YUKJPG7
B08JG2S3YT,AT6ON2YUKJPG7
B08HKDN41F,AT6ON2YUKJPG7
B08GP8F8WY,AT6ON2YUKJPG7
B08FF7D3C9,AT6ON2YUKJPG7
B08CV539WW,AT6ON2YUKJPG7
B08CHGLRJT,AT6ON2YUKJPG7
B08CFZTG24,AT6ON2YUKJPG7
B088C36MY3,AT6ON2YUKJPG7
B087CTLNTK,AT6ON2YUKJPG7
B086QNYHM9,AT6ON2YUKJPG7
B085Q5KGYD,AT6ON2YUKJPG7
B0855RNPGT,AT6ON2YUKJPG7
B08522HHNW,AT6ON2YUKJPG7
B07SM5G8RC,AT6ON2YUKJPG7
B07S6L91DH,AT6ON2YUKJPG7
B07S17T8XC,AT6ON2YUKJPG7
B07RXR4Z7G,AT6ON2YUKJPG7
B07RG9Q7TS,AT6ON2YUKJPG7
B07QNMRVPH,AT6ON2YUKJPG7
B07QHZR7K6,AT6ON2YUKJPG7
B07PGHG2GG,AT6ON2YUKJPG7
B07NZ2DVYF,AT6ON2YUKJPG7
B07NKSN27R,AT6ON2YUKJPG7
B07N6GKC2B,AT6ON2YUKJPG7
B07J2W1FVK,AT6ON2YUKJPG7
B07G1K8YZC,AT6ON2YUKJPG7
B07FRPHSS6,AT6ON2YUKJPG7
B07DWLWHY4,AT6ON2YUKJPG7
B079V7LK1M,AT6ON2YUKJPG7
B01N0YI486,AT6ON2YUKJPG7
B01MXODBEW,AT6ON2YUKJPG7
B01MREYSAD,AT6ON2YUKJPG7
B01LYC65Q5,AT6ON2YUKJPG7
B01LXM7H4O,AT6ON2YUKJPG7
B01K9MQZ02,AT6ON2YUKJPG7
B01H5Z07T6,AT6ON2YUKJPG7
B019H54TPU,AT6ON2YUKJPG7
B00W8E16MW,AT6ON2YUKJPG7
B00KCXL09A,AT6ON2YUKJPG7
B00K8UVAGU,AT6ON2YUKJPG7
B00BMR444S,AT6ON2YUKJPG7
B008SR2VTK,AT6ON2YUKJPG7
B008PKVMWW,AT6ON2YUKJPG7
B008C9UA9W,AT6ON2YUKJPG7
B006QOOYDI,AT6ON2YUKJPG7
B0056ZX1R8,AT6ON2YUKJPG7
B0014DDK5O,AT6ON2YUKJPG7
B000BNM26Q,AT6ON2YUKJPG7
B0006OJCXG,AT6ON2YUKJPG7
B0DB1DZXYR,AT6ON2YUKJPG7
B0CRPTX42G,AT6ON2YUKJPG7
B00GAO9VC8,AT6ON2YUKJPG7
B07R9KBHBW,AT6ON2YUKJPG7
B07YZHYDMY,AT6ON2YUKJPG7
B0CW9DWCPH,AT6ON2YUKJPG7
B0B1J46H3F,AT6ON2YUKJPG7
B08C58SV9W,AT6ON2YUKJPG7
B015RRVVJ4,AT6ON2YUKJPG7
B07QLKMHN7,AT6ON2YUKJPG7
B07F3F8CRK,AT6ON2YUKJPG7
B077QCYPQT,AT6ON2YUKJPG7
B077MN6Z3S,AT6ON2YUKJPG7
B0768NPNKT,AT6ON2YUKJPG7
B075X45LCC,AT6ON2YUKJPG7
B072Q69HZV,AT6ON2YUKJPG7
B072L6D895,AT6ON2YUKJPG7
B0719DRLD1,AT6ON2YUKJPG7
B06Y42RVJH,AT6ON2YUKJPG7
B06Y2CT6V7,AT6ON2YUKJPG7
B06XYF5C9C,AT6ON2YUKJPG7
B06X6K9BTC,AT6ON2YUKJPG7
B06WP9WHT1,AT6ON2YUKJPG7
B06W9KQSGS,AT6ON2YUKJPG7
B06W52CQC5,AT6ON2YUKJPG7
B01NACZ5CN,AT6ON2YUKJPG7
B01N1QKCR2,AT6ON2YUKJPG7
B0BRCCVVHL,AT6ON2YUKJPG7
B0C5VZZ8Q2,AT6ON2YUKJPG7
B09JP5PT1L,AT6ON2YUKJPG7
B0B6C8919J,AT6ON2YUKJPG7
B09ZJ4WDKK,AT6ON2YUKJPG7
B08KDMTCHB,AT6ON2YUKJPG7
B01DMY7Z44,AT6ON2YUKJPG7
B0D8S3SM9R,AT6ON2YUKJPG7
B09Y88ZDDK,AT6ON2YUKJPG7
B07X3LJBQP,AT6ON2YUKJPG7
B07KRNJHZQ,AT6ON2YUKJPG7
B00UNRRUS0,AT6ON2YUKJPG7
B0CRSTNCJV,AT6ON2YUKJPG7
B0C4Y5TMB2,AT6ON2YUKJPG7
B0BJPXH5NJ,AT6ON2YUKJPG7
B07W3L8GL9,AT6ON2YUKJPG7
B0BRH2V4Q7,AT6ON2YUKJPG7
B0BQ3PHPQ9,AT6ON2YUKJPG7
B0BNX61QNV,AT6ON2YUKJPG7
B0BG7BMLXS,AT6ON2YUKJPG7
B0BB18W7PS,AT6ON2YUKJPG7
B0B8HXJB48,AT6ON2YUKJPG7
B09Y8P3HXX,AT6ON2YUKJPG7
B09Q8QJXH5,AT6ON2YUKJPG7
B09M64RR7R,AT6ON2YUKJPG7
B08SM7X4NW,AT6ON2YUKJPG7
B08LSTYDXD,AT6ON2YUKJPG7
B08H5F387H,AT6ON2YUKJPG7
B08779FHLS,AT6ON2YUKJPG7
B07T2S93Z8,AT6ON2YUKJPG7
B07PQPNHC2,AT6ON2YUKJPG7
B07G13WRLG,AT6ON2YUKJPG7
B077T9SZZ7,AT6ON2YUKJPG7
B071ZF1DS2,AT6ON2YUKJPG7
B01M7T3D99,AT6ON2YUKJPG7
B01JT5PGYQ,AT6ON2YUKJPG7
B01ENZHKM8,AT6ON2YUKJPG7
B0098PXCN0,AT6ON2YUKJPG7
B0DLKZ9W96,AT6ON2YUKJPG7
B0DHZ7D2RD,AT6ON2YUKJPG7
B0CZLZRT8S,AT6ON2YUKJPG7
B0CZDK64Y6,AT6ON2YUKJPG7
B0CYGRDTLH,AT6ON2YUKJPG7
B0CTB3THZJ,AT6ON2YUKJPG7
B0CRYVWM4V,AT6ON2YUKJPG7
B0CQRBG7DW,AT6ON2YUKJPG7
B0CPHMPJPJ,AT6ON2YUKJPG7
B0CP6J8YNG,AT6ON2YUKJPG7
B0CP2887WL,AT6ON2YUKJPG7
B0CNXJBRDT,AT6ON2YUKJPG7
B0CNGVPVNJ,AT6ON2YUKJPG7
B0CMTS8LJZ,AT6ON2YUKJPG7
B0CMD3DGZH,AT6ON2YUKJPG7
B0CM3M92P4,AT6ON2YUKJPG7
B0CLS48MHS,AT6ON2YUKJPG7
B0CLP672SR,AT6ON2YUKJPG7
B0CL793C6S,AT6ON2YUKJPG7
B0CKT3F27M,AT6ON2YUKJPG7
B0CJ5GMMPL,AT6ON2YUKJPG7
B0CHYNRMJ3,AT6ON2YUKJPG7
B0CH6TSXHS,AT6ON2YUKJPG7
B0CGXXX6XT,AT6ON2YUKJPG7
B0CDBM9QH9,AT6ON2YUKJPG7
B0CD3J1KQN,AT6ON2YUKJPG7
B0CCJFP2DP,AT6ON2YUKJPG7
B0CC9FCQ86,AT6ON2YUKJPG7
B0C965HFZB,AT6ON2YUKJPG7
B0C8SD8YF4,AT6ON2YUKJPG7
B0C7GG7DC5,AT6ON2YUKJPG7
B0C65D1MRH,AT6ON2YUKJPG7
B0C5C78ZTB,AT6ON2YUKJPG7
B0C4LCNB5C,AT6ON2YUKJPG7
B0C3CPSSYX,AT6ON2YUKJPG7
B0C27DLWQH,AT6ON2YUKJPG7
B0C1RJC3N4,AT6ON2YUKJPG7
B0BZQP4337,AT6ON2YUKJPG7
B0BZ7RBCLB,AT6ON2YUKJPG7
B0BZ7G62LJ,AT6ON2YUKJPG7
B0BZ72F8JP,AT6ON2YUKJPG7
B0BXWWJ7XM,AT6ON2YUKJPG7
B0BXCLW4M2,AT6ON2YUKJPG7
B0BVTZ768G,AT6ON2YUKJPG7
B0BTKX43R5,AT6ON2YUKJPG7
B0BQQNH1LY,AT6ON2YUKJPG7
B0BPTD3ZH5,AT6ON2YUKJPG7
B0BPLNR3XM,AT6ON2YUKJPG7
B0BP1JXN2H,AT6ON2YUKJPG7
B0BNT9MB5V,AT6ON2YUKJPG7
B0BLTQ863X,AT6ON2YUKJPG7
B0BL8JCD6M,AT6ON2YUKJPG7
B0BK9B9622,AT6ON2YUKJPG7
B0BHW5T7G2,AT6ON2YUKJPG7
B0BHVH6YSZ,AT6ON2YUKJPG7
B0BHV9DJVV,AT6ON2YUKJPG7
B0BGZHFR38,AT6ON2YUKJPG7
B0BGRCBCJ3,AT6ON2YUKJPG7
B0BGPCM8NZ,AT6ON2YUKJPG7
B0BFR96JT5,AT6ON2YUKJPG7
B0BF8YVYV3,AT6ON2YUKJPG7
B0BDV78SXL,AT6ON2YUKJPG7
B0BBLS8Y4V,AT6ON2YUKJPG7
B0BBH9KZQ2,AT6ON2YUKJPG7
B0B87CPC3X,AT6ON2YUKJPG7
B0B6T1G193,AT6ON2YUKJPG7
B0B693NNQM,AT6ON2YUKJPG7
B0B5Z43JSC,AT6ON2YUKJPG7
B0B5WFTNG3,AT6ON2YUKJPG7
B0B42B6JDN,AT6ON2YUKJPG7
B0B395KW3C,AT6ON2YUKJPG7
B0B2W3X4SN,AT6ON2YUKJPG7
B0B216BCXR,AT6ON2YUKJPG7
B0B13WD9KM,AT6ON2YUKJPG7
B07S3JBR2M,AT6ON2YUKJPG7
B07JDSZ88Y,AT6ON2YUKJPG7
B07F75PY1M,AT6ON2YUKJPG7
B0772WD4N3,AT6ON2YUKJPG7
B01N9YQ1FZ,AT6ON2YUKJPG7
B01FWKK81I,AT6ON2YUKJPG7
B0D926VTC7,AT6ON2YUKJPG7
B0CZNXBZJK,AT6ON2YUKJPG7
B0CP6V7VVK,AT6ON2YUKJPG7
B0CN8ZSWDD,AT6ON2YUKJPG7
B0C85BDS6Y,AT6ON2YUKJPG7
B0C5YFBLLK,AT6ON2YUKJPG7
B0C4DP4YDM,AT6ON2YUKJPG7
B0C2PLDX3D,AT6ON2YUKJPG7
B0C276WQ96,AT6ON2YUKJPG7
B0BZBZSLW4,AT6ON2YUKJPG7
B09ZY8J3TJ,AT6ON2YUKJPG7
B09YPXH5C5,AT6ON2YUKJPG7
B09YC8NR3R,AT6ON2YUKJPG7
B09XMK29D5,AT6ON2YUKJPG7
B09SHQR6G7,AT6ON2YUKJPG7
B09RJS4Y26,AT6ON2YUKJPG7
B09QHZ3PYT,AT6ON2YUKJPG7
B09PGQQVH5,AT6ON2YUKJPG7
B09P327B9W,AT6ON2YUKJPG7
B09N19JNS2,AT6ON2YUKJPG7
B09M2L6L91,AT6ON2YUKJPG7
B09LVG1Z85,AT6ON2YUKJPG7
B09KC3ZWRW,AT6ON2YUKJPG7
B09JL7BXXG,AT6ON2YUKJPG7
B09H2HHF5G,AT6ON2YUKJPG7
B09GS44H4H,AT6ON2YUKJPG7
B08YYSDDZJ,AT6ON2YUKJPG7
B08X39S55G,AT6ON2YUKJPG7
B08WLLMVBQ,AT6ON2YUKJPG7
B08TQLNNL8,AT6ON2YUKJPG7
B08RN9X8BP,AT6ON2YUKJPG7
B08Q4L8WJN,AT6ON2YUKJPG7
B08NT3HRBL,AT6ON2YUKJPG7
B08LVRN68T,AT6ON2YUKJPG7
B08L8ZF889,AT6ON2YUKJPG7
B08HVVXTQX,AT6ON2YUKJPG7
B08DJ9BH6N,AT6ON2YUKJPG7
B08CZPT1H8,AT6ON2YUKJPG7
B08CMHVNM6,AT6ON2YUKJPG7
B08BZB9PCF,AT6ON2YUKJPG7
B08BC1N3RB,AT6ON2YUKJPG7
B088PVMDJ4,AT6ON2YUKJPG7
B087R39NDB,AT6ON2YUKJPG7
B086MGK98L,AT6ON2YUKJPG7
B084PBNJ96,AT6ON2YUKJPG7
B0842FJWFP,AT6ON2YUKJPG7
B083QVYMJH,AT6ON2YUKJPG7
B083HVW1W9,AT6ON2YUKJPG7
B082TS6XC6,AT6ON2YUKJPG7
B07YZP2QB4,AT6ON2YUKJPG7
B07YXFKXCS,AT6ON2YUKJPG7
B07Y6WX2ZP,AT6ON2YUKJPG7
B07X1N7GSG,AT6ON2YUKJPG7
B07VP6BVMD,AT6ON2YUKJPG7
B07VH12T7W,AT6ON2YUKJPG7
B07V43DPVY,AT6ON2YUKJPG7
B07SNGKQK9,AT6ON2YUKJPG7
B07R53X5ZG,AT6ON2YUKJPG7
B076W4Q14G,AT6ON2YUKJPG7
B076L1H9QY,AT6ON2YUKJPG7
B075FCLDQD,AT6ON2YUKJPG7
B0759D7PQH,AT6ON2YUKJPG7
B07437XXM5,AT6ON2YUKJPG7
B0734N252F,AT6ON2YUKJPG7
B072WMPF91,AT6ON2YUKJPG7
B072N3KDPX,AT6ON2YUKJPG7
B071X41VJ1,AT6ON2YUKJPG7
B071WLXYCL,AT6ON2YUKJPG7
B071F4SHTF,AT6ON2YUKJPG7
B06VV7TGHJ,AT6ON2YUKJPG7
B01NAXNYTK,AT6ON2YUKJPG7
B01N1HE31B,AT6ON2YUKJPG7
B01MTAIWOU,AT6ON2YUKJPG7
B01M7TYQ8H,AT6ON2YUKJPG7
B07QXLD6RT,AT6ON2YUKJPG7
B07QJ7GFJZ,AT6ON2YUKJPG7
B07Q847XGK,AT6ON2YUKJPG7
B07NVYN491,AT6ON2YUKJPG7
B07NLQSBBD,AT6ON2YUKJPG7
B07NFVHDVF,AT6ON2YUKJPG7
B07N8D626V,AT6ON2YUKJPG7
B07N5BJBP5,AT6ON2YUKJPG7
B07L68JRC7,AT6ON2YUKJPG7
B07K2CH5VH,AT6ON2YUKJPG7
B07HSSQ896,AT6ON2YUKJPG7
B07GDSCKBG,AT6ON2YUKJPG7
B07DVXB9G1,AT6ON2YUKJPG7
B07DKG7YSH,AT6ON2YUKJPG7
B078FH6PK5,AT6ON2YUKJPG7
B077BY11MY,AT6ON2YUKJPG7
B09G3FFDCC,AT6ON2YUKJPG7
B09FSW7V83,AT6ON2YUKJPG7
B09F5QR4Y5,AT6ON2YUKJPG7
B09CMFVGWD,AT6ON2YUKJPG7
B09C1RJYTC,AT6ON2YUKJPG7
B09BRTRQF7,AT6ON2YUKJPG7
B09BNLTYTH,AT6ON2YUKJPG7
B0999TK633,AT6ON2YUKJPG7
B097711YQD,AT6ON2YUKJPG7
B0969C9DT9,AT6ON2YUKJPG7
B095KNW8WZ,AT6ON2YUKJPG7
B095BTWW1X,AT6ON2YUKJPG7
B094QXJ1T3,AT6ON2YUKJPG7
B094DNRQNH,AT6ON2YUKJPG7
B0921XDSZQ,AT6ON2YUKJPG7
B0914ZMR7J,AT6ON2YUKJPG7
B0009OAI8G,AT6ON2YUKJPG7
B00018ADX0,AT6ON2YUKJPG7
B00004TUCV,AT6ON2YUKJPG7
B0B96DVCWB,AT6ON2YUKJPG7
B0CLJ1SQLL,AT6ON2YUKJPG7
B07ZDF5VNJ,AT6ON2YUKJPG7
B085PNQ15S,AT6ON2YUKJPG7
B0DJVF3YFL,AT6ON2YUKJPG7
B075SDD7WJ,AT6ON2YUKJPG7
B078XJC5ZK,AT6ON2YUKJPG7
B00D5Z0728,AT6ON2YUKJPG7
B09YRZ5SNX,AT6ON2YUKJPG7
B08226TX9M,AT6ON2YUKJPG7
B07SH94DF4,AT6ON2YUKJPG7
B00CM3KZZ8,AT6ON2YUKJPG7
B0BLJ22VHG,AT6ON2YUKJPG7
B08ZM2KC49,AT6ON2YUKJPG7
B09744QVH1,AT6ON2YUKJPG7
B075947VJL,AT6ON2YUKJPG7
B09M64J8GG,AT6ON2YUKJPG7
B08B3CJDHS,AT6ON2YUKJPG7
B00Z7SWD4Q,AT6ON2YUKJPG7
B0CF4FGGJG,AT6ON2YUKJPG7
B08P24KW67,AT6ON2YUKJPG7
B08HRGBRP3,AT6ON2YUKJPG7
B0CV9MYP2H,AT6ON2YUKJPG7
B08VWFDSS2,AT6ON2YUKJPG7
B09MRDK11S,AT6ON2YUKJPG7
B0D4J9XPSB,AT6ON2YUKJPG7
B0BCFHY2LQ,AT6ON2YUKJPG7
B01M655AOW,AT6ON2YUKJPG7
B01GDE0J48,AT6ON2YUKJPG7
B01FWH3NLI,AT6ON2YUKJPG7
B01EZHV7UA,AT6ON2YUKJPG7
B01D4L6OSI,AT6ON2YUKJPG7
B01AANCV44,AT6ON2YUKJPG7
B012ZK5PTI,AT6ON2YUKJPG7
B012C240BS,AT6ON2YUKJPG7
B00ORZAWDE,AT6ON2YUKJPG7
B00FBL539Q,AT6ON2YUKJPG7
B00C1ZY9GS,AT6ON2YUKJPG7
B00287BNKE,AT6ON2YUKJPG7
B0017YKMNS,AT6ON2YUKJPG7
B000ROFXDI,AT6ON2YUKJPG7
B000L9P63Q,AT6ON2YUKJPG7
B000C3DD7M,AT6ON2YUKJPG7
B0D7ZN9W4P,AT6ON2YUKJPG7
B0CF57WC9M,AT6ON2YUKJPG7
B0BMW361N3,AT6ON2YUKJPG7
B0C7VNC6XM,AT6ON2YUKJPG7
B0BTPRF848,AT6ON2YUKJPG7
B0CGYXD8FM,AT6ON2YUKJPG7
B0CDYYXV8Q,AT6ON2YUKJPG7
B0B46GN3TH,AT6ON2YUKJPG7
B0D9NWZRZR,AT6ON2YUKJPG7
B096KXWX3Z,AT6ON2YUKJPG7
B0DR927L5R,AT6ON2YUKJPG7
B000ZFV60I,AT6ON2YUKJPG7
B09XSP82YP,AT6ON2YUKJPG7
B00NQ6UT4W,AT6ON2YUKJPG7
B07CC9M8V4,AT6ON2YUKJPG7
B09BXVCJBB,AT6ON2YUKJPG7
B07Y8TG6SC,AT6ON2YUKJPG7
B0CL5T93N8,AT6ON2YUKJPG7
B00Z7RURS6,AT6ON2YUKJPG7
B0BFWG2G5N,AT6ON2YUKJPG7
B004JKD00O,AT6ON2YUKJPG7
B0B628Q733,AT6ON2YUKJPG7
B08D7CVMNG,AT6ON2YUKJPG7
B00GYV48YS,AT6ON2YUKJPG7
B0CQKZM9ST,AT6ON2YUKJPG7
B08Z78QHZD,AT6ON2YUKJPG7
B08TTC7749,AT6ON2YUKJPG7
B083GZ2WRH,AT6ON2YUKJPG7
B07B2676XG,AT6ON2YUKJPG7
B06ZXSCY97,AT6ON2YUKJPG7
B0045I6KC0,AT6ON2YUKJPG7
B0C6Q4H3NR,AT6ON2YUKJPG7
B0BPPSQDWF,AT6ON2YUKJPG7
B0BM3562LP,AT6ON2YUKJPG7
B0BGT8XT12,AT6ON2YUKJPG7
B09NFGJXWR,AT6ON2YUKJPG7
B0967WGQ29,AT6ON2YUKJPG7
B091K6WSZW,AT6ON2YUKJPG7
B08W3NPT3R,AT6ON2YUKJPG7
B01ED3GRN8,AT6ON2YUKJPG7
B00025YRJS,AT6ON2YUKJPG7
B0DJJ74KM1,AT6ON2YUKJPG7
B0D1K9MHSZ,AT6ON2YUKJPG7
B0CVXBG1GK,AT6ON2YUKJPG7
B0CTHBWXPS,AT6ON2YUKJPG7
B0CSTFL8SJ,AT6ON2YUKJPG7
B0CJV45LVR,AT6ON2YUKJPG7
B0CJKXSB19,AT6ON2YUKJPG7
B0CHR8K354,AT6ON2YUKJPG7
B0CGM5XZ2L,AT6ON2YUKJPG7
B0CF9DRKJZ,AT6ON2YUKJPG7
B0CDGH2F23,AT6ON2YUKJPG7
B0CBTL8BVK,AT6ON2YUKJPG7
B0CBJKSXP7,AT6ON2YUKJPG7
B07ZPL77DK,AT6ON2YUKJPG7
B0BJ2QBSKB,AT6ON2YUKJPG7
B09CH25NJG,AT6ON2YUKJPG7
B07MBMT6HJ,AT6ON2YUKJPG7
B08C729RL7,AT6ON2YUKJPG7
B0BG6FC1WN,AT6ON2YUKJPG7
B0BH8SCDSN,AT6ON2YUKJPG7
B0D3MC8B4D,AT6ON2YUKJPG7
B0BF9PQHH1,AT6ON2YUKJPG7
B0C5CKCHS9,AT6ON2YUKJPG7
B0C59Y8Y1B,AT6ON2YUKJPG7
B0C5932JLG,AT6ON2YUKJPG7
B0C3RDB84Z,AT6ON2YUKJPG7
B0C23XVJLF,AT6ON2YUKJPG7
B0BZY115QV,AT6ON2YUKJPG7
B0BZRBH883,AT6ON2YUKJPG7
B0BYJKMFQ4,AT6ON2YUKJPG7
B0BY4Z9W6P,AT6ON2YUKJPG7
B0BXXJWLPH,AT6ON2YUKJPG7
B0BXFGV3C5,AT6ON2YUKJPG7
B0BTX7RKNK,AT6ON2YUKJPG7
B0BS5V32VW,AT6ON2YUKJPG7
B0BQGYDG9N,AT6ON2YUKJPG7
B0BQBWPM33,AT6ON2YUKJPG7
B0BQB7YJ38,AT6ON2YUKJPG7
B0BN81XVVP,AT6ON2YUKJPG7
B0BMGK9ZNQ,AT6ON2YUKJPG7
B0BLVF14FQ,AT6ON2YUKJPG7
B0BJZMSZ65,AT6ON2YUKJPG7
B0BHZBKJ62,AT6ON2YUKJPG7
B0BBSCYMVH,AT6ON2YUKJPG7
B0B8RHGZX8,AT6ON2YUKJPG7
B0B7NGXFJR,AT6ON2YUKJPG7
B0B5R2K29L,AT6ON2YUKJPG7
B0B5GP84R8,AT6ON2YUKJPG7
B0B4NLXJRR,AT6ON2YUKJPG7
B0B1Q1PJGK,AT6ON2YUKJPG7
B0B1BS3R6H,AT6ON2YUKJPG7
B09ZV12B1K,AT6ON2YUKJPG7
B09ZTVBTVC,AT6ON2YUKJPG7
B09ZT2DWPH,AT6ON2YUKJPG7
B09VK3J65H,AT6ON2YUKJPG7
B09QMK9T88,AT6ON2YUKJPG7
B09NMPZR6Q,AT6ON2YUKJPG7
B09NKVHQ6F,AT6ON2YUKJPG7
B09MZHMP4H,AT6ON2YUKJPG7
B09MMMKLZF,AT6ON2YUKJPG7
B09JVTDRB4,AT6ON2YUKJPG7
B09HC3CYW1,AT6ON2YUKJPG7
B09C4SRLHW,AT6ON2YUKJPG7
B09BZQLXD6,AT6ON2YUKJPG7
B0972P3CVN,AT6ON2YUKJPG7
B0952P4LBD,AT6ON2YUKJPG7
B094VWDBGR,AT6ON2YUKJPG7
B0933R5JVS,AT6ON2YUKJPG7
B092LCZF2G,AT6ON2YUKJPG7
B0927DYQCH,AT6ON2YUKJPG7
B08ZKRTZFL,AT6ON2YUKJPG7
B08YGJPCH3,AT6ON2YUKJPG7
B08P396VVF,AT6ON2YUKJPG7
B08M452ZMV,AT6ON2YUKJPG7
B08LDRXFM3,AT6ON2YUKJPG7
B08KSDCPTN,AT6ON2YUKJPG7
B08KJH6DLK,AT6ON2YUKJPG7
B08FXRTNWK,AT6ON2YUKJPG7
B08FHPDJ7J,AT6ON2YUKJPG7
B08CXK5JKD,AT6ON2YUKJPG7
B08B48Y5Z6,AT6ON2YUKJPG7
B087CHWN9M,AT6ON2YUKJPG7
B086H3DXF1,AT6ON2YUKJPG7
B084RT6GF7,AT6ON2YUKJPG7
B083LXNKSZ,AT6ON2YUKJPG7
B0822VB3F7,AT6ON2YUKJPG7
B0816C7WTW,AT6ON2YUKJPG7
B0814F2DSD,AT6ON2YUKJPG7
B07Z6MRNHZ,AT6ON2YUKJPG7
B07XPW6GJX,AT6ON2YUKJPG7
B07TS2LMHS,AT6ON2YUKJPG7
B07TRJ4D95,AT6ON2YUKJPG7
B07SYQSRFP,AT6ON2YUKJPG7
B07RY9W2XS,AT6ON2YUKJPG7
B07PWGMC5K,AT6ON2YUKJPG7
B07N1PFW5M,AT6ON2YUKJPG7
B07MY9NPZL,AT6ON2YUKJPG7
B07LBGK512,AT6ON2YUKJPG7
B07H5547XB,AT6ON2YUKJPG7
B07G263WT6,AT6ON2YUKJPG7
B0725M6NM5,AT6ON2YUKJPG7
B071NPWSL6,AT6ON2YUKJPG7
B06XH56GFW,AT6ON2YUKJPG7
B06XCBX55R,AT6ON2YUKJPG7
B01E990AA2,AT6ON2YUKJPG7
B01CPC8VEC,AT6ON2YUKJPG7
B00Z6M1VP0,AT6ON2YUKJPG7
B00O2SJSV8,AT6ON2YUKJPG7
B00LFHYPDA,AT6ON2YUKJPG7
B0092J67XE,AT6ON2YUKJPG7
B005PPVCM0,AT6ON2YUKJPG7
B004JPMS7K,AT6ON2YUKJPG7
B003UGSYRM,AT6ON2YUKJPG7
B000CIHTPE,AT6ON2YUKJPG7
B0CZ75YXZ7,AT6ON2YUKJPG7
B07CNDPPZG,AT6ON2YUKJPG7
B0CT4KFFVB,AT6ON2YUKJPG7
B0CHWNZSRD,AT6ON2YUKJPG7
B08M63DCJW,AT6ON2YUKJPG7
B08K446F8H,AT6ON2YUKJPG7
B08H1WY34X,AT6ON2YUKJPG7
B07PWDQD1D,AT6ON2YUKJPG7
B06XG6MYXD,AT6ON2YUKJPG7
B0CRTYGRBW,AT6ON2YUKJPG7
B0CPS81KMF,AT6ON2YUKJPG7
B0CPP9FS81,AT6ON2YUKJPG7
B0BN5T94ZV,AT6ON2YUKJPG7
B0BMG74X9B,AT6ON2YUKJPG7
B0BJCD22J3,AT6ON2YUKJPG7
B09XBTPXD1,AT6ON2YUKJPG7
B09H6V7D6Y,AT6ON2YUKJPG7
B08KS2BR26,AT6ON2YUKJPG7
B082GRR2L4,AT6ON2YUKJPG7
B07GK9RJDX,AT6ON2YUKJPG7
B07FXRJR8X,AT6ON2YUKJPG7
B0009ZEXJU,AT6ON2YUKJPG7
B07BGDZX4N,AT6ON2YUKJPG7
B0DJLZ8PV4,AT6ON2YUKJPG7
B0DHGR174T,AT6ON2YUKJPG7
B0DC711JPR,AT6ON2YUKJPG7
B0D9N6FPLK,AT6ON2YUKJPG7
B0D9L7BG8X,AT6ON2YUKJPG7
B0D8Q217QN,AT6ON2YUKJPG7
B0D8PGXY3M,AT6ON2YUKJPG7
B0D8GVD4F2,AT6ON2YUKJPG7
B0D83QSCFT,AT6ON2YUKJPG7
B0D7ZYVYWJ,AT6ON2YUKJPG7
B0D7ZHT8PX,AT6ON2YUKJPG7
B0D7C3Q4D8,AT6ON2YUKJPG7
B0D7B6NTQ6,AT6ON2YUKJPG7
B0CTLMHHKG,AT6ON2YUKJPG7
B0CP8XQYBF,AT6ON2YUKJPG7
B0CNKLYVKS,AT6ON2YUKJPG7
B0CNCQ6M9R,AT6ON2YUKJPG7
B0CLYQGQWR,AT6ON2YUKJPG7
B0CLV635ZC,AT6ON2YUKJPG7
B0CLNQZ7FF,AT6ON2YUKJPG7
B0CLD77RSG,AT6ON2YUKJPG7
B0CJL39MBV,AT6ON2YUKJPG7
B0CJFC65CH,AT6ON2YUKJPG7
B0CHSB1SKW,AT6ON2YUKJPG7
B0CDBWXLK7,AT6ON2YUKJPG7
B0CB5BDP1S,AT6ON2YUKJPG7
B0C8H352KF,AT6ON2YUKJPG7
B0C6QBC9YJ,AT6ON2YUKJPG7
B0C5VZ2C6F,AT6ON2YUKJPG7
B0C5M1YDKQ,AT6ON2YUKJPG7
B0C5DYPJB6,AT6ON2YUKJPG7
B0C4P892Y6,AT6ON2YUKJPG7
B0C2KDFD55,AT6ON2YUKJPG7
B0C28TVWRW,AT6ON2YUKJPG7
B0C24HGC16,AT6ON2YUKJPG7
B0C23MGLLL,AT6ON2YUKJPG7
B0C1NLRWRB,AT6ON2YUKJPG7
B0C1FQ54V7,AT6ON2YUKJPG7
B0BXYJC35C,AT6ON2YUKJPG7
B0BXFS1LQK,AT6ON2YUKJPG7
B0BWQXY3PC,AT6ON2YUKJPG7
B0BVR6MSSY,AT6ON2YUKJPG7
B0BV9G5TSC,AT6ON2YUKJPG7
B0BV7B6JTV,AT6ON2YUKJPG7
B0BT9L5GHX,AT6ON2YUKJPG7
B0BSB1SD3G,AT6ON2YUKJPG7
B0BRXZV6R2,AT6ON2YUKJPG7
B0BNBKQ3PP,AT6ON2YUKJPG7
B0BL2VYN76,AT6ON2YUKJPG7
B0BK96HY21,AT6ON2YUKJPG7
B0BGF9DX8J,AT6ON2YUKJPG7
B0BD5C2F5X,AT6ON2YUKJPG7
B0B71KSKPY,AT6ON2YUKJPG7
B0B1BSDKC2,AT6ON2YUKJPG7
B09ZLM91L6,AT6ON2YUKJPG7
B09WWWDN21,AT6ON2YUKJPG7
B09VK7MMVD,AT6ON2YUKJPG7
B09V7MSNN6,AT6ON2YUKJPG7
B09TR6VK32,AT6ON2YUKJPG7
B095VQGL66,AT6ON2YUKJPG7
B095HFQC5T,AT6ON2YUKJPG7
B0943W5RQ7,AT6ON2YUKJPG7
B092JBP1W3,AT6ON2YUKJPG7
B08ZKR4HC2,AT6ON2YUKJPG7
B08ZDSZHNL,AT6ON2YUKJPG7
B08Z7KJW4X,AT6ON2YUKJPG7
B08Y94X35X,AT6ON2YUKJPG7
B08XM13ZC2,AT6ON2YUKJPG7
B08W8KQX4H,AT6ON2YUKJPG7
B08RCK8K3W,AT6ON2YUKJPG7
B08LPNCNVM,AT6ON2YUKJPG7
B08KLZBKCB,AT6ON2YUKJPG7
B08KG7XZKT,AT6ON2YUKJPG7
B08K2Q9RCK,AT6ON2YUKJPG7
B08FRQZSGY,AT6ON2YUKJPG7
B07N87QGRJ,AT6ON2YUKJPG7
B07N3WXJHC,AT6ON2YUKJPG7
B07MN8VWVC,AT6ON2YUKJPG7
B07M5M8ZCG,AT6ON2YUKJPG7
B07KHP5Z78,AT6ON2YUKJPG7
B07K7TR4KN,AT6ON2YUKJPG7
B07GD6MV1G,AT6ON2YUKJPG7
B07GB8B1NC,AT6ON2YUKJPG7
B07FR4HYJV,AT6ON2YUKJPG7
B07DYD83WT,AT6ON2YUKJPG7
B07DTJNGX4,AT6ON2YUKJPG7
B07CVTQ2KL,AT6ON2YUKJPG7
B07CNG23XF,AT6ON2YUKJPG7
B07BS7CZ5Z,AT6ON2YUKJPG7
B07BKS7P69,AT6ON2YUKJPG7
B0796S36T8,AT6ON2YUKJPG7
B09RFWPFMC,AT6ON2YUKJPG7
B09QRFCST5,AT6ON2YUKJPG7
B09PDWTN3R,AT6ON2YUKJPG7
B09P741YDQ,AT6ON2YUKJPG7
B09NPRY5G7,AT6ON2YUKJPG7
B09NJ7JWDK,AT6ON2YUKJPG7
B09M432J46,AT6ON2YUKJPG7
B09K3FYMRW,AT6ON2YUKJPG7
B09FJV4B1P,AT6ON2YUKJPG7
B09F37TM4R,AT6ON2YUKJPG7
B09BHX4F59,AT6ON2YUKJPG7
B09B7C8P8G,AT6ON2YUKJPG7
B098NK83B5,AT6ON2YUKJPG7
B098JN2NKV,AT6ON2YUKJPG7
B097S5GTL4,AT6ON2YUKJPG7
B095VYXY6S,AT6ON2YUKJPG7
B08DR82DDH,AT6ON2YUKJPG7
B08DD9HKCP,AT6ON2YUKJPG7
B08CSMPFWS,AT6ON2YUKJPG7
B089Y32LK8,AT6ON2YUKJPG7
B085XNGRWM,AT6ON2YUKJPG7
B085GDM4Y7,AT6ON2YUKJPG7
B0856YHJ8Q,AT6ON2YUKJPG7
B081TMDTTS,AT6ON2YUKJPG7
B07YGYQ2RB,AT6ON2YUKJPG7
B07XYWVZW3,AT6ON2YUKJPG7
B07WLLXKXR,AT6ON2YUKJPG7
B07VZB3FQ3,AT6ON2YUKJPG7
B07VS3L5ZY,AT6ON2YUKJPG7
B07S1FFXT8,AT6ON2YUKJPG7
B07RRNMXMB,AT6ON2YUKJPG7
B07RHR781N,AT6ON2YUKJPG7
B078JFX86H,AT6ON2YUKJPG7
B077883KBN,AT6ON2YUKJPG7
B07576KS7V,AT6ON2YUKJPG7
B07533LRR2,AT6ON2YUKJPG7
B06XCBBCZW,AT6ON2YUKJPG7
B01N137UZX,AT6ON2YUKJPG7
B01KNDM8M6,AT6ON2YUKJPG7
B01FKBE9BY,AT6ON2YUKJPG7
B01C8CFT8K,AT6ON2YUKJPG7
B01B5BXZPO,AT6ON2YUKJPG7
B012YFI2U8,AT6ON2YUKJPG7
B00WUCNWAG,AT6ON2YUKJPG7
B00MV92NCQ,AT6ON2YUKJPG7
B00KDQONA4,AT6ON2YUKJPG7
B00HDOYKJS,AT6ON2YUKJPG7
B00FBJIZO8,AT6ON2YUKJPG7
B09V5MHY9F,AT6ON2YUKJPG7
B0983RKR2Q,AT6ON2YUKJPG7
B08236NSFH,AT6ON2YUKJPG7
B078NZL9RM,AT6ON2YUKJPG7
B00PSZ3RJS,AT6ON2YUKJPG7
B0C3NFBM51,AT6ON2YUKJPG7
B0BRWF4GJS,AT6ON2YUKJPG7
B0BGK95Y4D,AT6ON2YUKJPG7
B0779JT4TV,AT6ON2YUKJPG7
B076HRBRNL,AT6ON2YUKJPG7
B00E9EPDHS,AT6ON2YUKJPG7
B00BISHVAA,AT6ON2YUKJPG7
B0D8BBF9K5,AT6ON2YUKJPG7
B0D66JCN74,AT6ON2YUKJPG7
B0CJZY2T8P,AT6ON2YUKJPG7
B0C9J27HXL,AT6ON2YUKJPG7
B005Z84SHI,AT6ON2YUKJPG7
B003WUYG28,AT6ON2YUKJPG7
B000C4RRQE,AT6ON2YUKJPG7
B0D2BK58ZN,AT6ON2YUKJPG7
B09PMS6SJ9,AT6ON2YUKJPG7
B084J9D7T2,AT6ON2YUKJPG7
B08LYMGHQG,AT6ON2YUKJPG7
B08L42KTNY,AT6ON2YUKJPG7
B07LBCKJ6Z,AT6ON2YUKJPG7
B000ZNP7JQ,AT6ON2YUKJPG7
B0CTQRN974,AT6ON2YUKJPG7
B0BJ8C83YX,AT6ON2YUKJPG7
B0C68MZ3GN,AT6ON2YUKJPG7
B0BN4HGMMT,AT6ON2YUKJPG7
B0D87F23SV,AT6ON2YUKJPG7
B00O48EQS6,AT6ON2YUKJPG7
B09G3HVGVK,AT6ON2YUKJPG7
B0CD8D638W,AT6ON2YUKJPG7
B082XJ6G3N,AT6ON2YUKJPG7
B0792ZMR32,AT6ON2YUKJPG7
B072R7G575,AT6ON2YUKJPG7
B0B75X41SB,AT6ON2YUKJPG7
B094J8Z325,AT6ON2YUKJPG7
B07C92NNHS,AT6ON2YUKJPG7
B0C3L4CQ25,AT6ON2YUKJPG7
B0C7QT3YMZ,AT6ON2YUKJPG7
B0BZTT3MKR,AT6ON2YUKJPG7
B09ZTTLQ18,AT6ON2YUKJPG7
B09N8V497Z,AT6ON2YUKJPG7
B09LCFGKLB,AT6ON2YUKJPG7
B097ZJKXGY,AT6ON2YUKJPG7
B08S7C62J9,AT6ON2YUKJPG7
B08R1WHJBP,AT6ON2YUKJPG7
B08JHD271B,AT6ON2YUKJPG7
B07QVJTFTQ,AT6ON2YUKJPG7
B07F1ZTLY6,AT6ON2YUKJPG7
B078HRQDMZ,AT6ON2YUKJPG7
B01LYUR21M,AT6ON2YUKJPG7
B00SWTTZK2,AT6ON2YUKJPG7
B00QV3ZPQ4,AT6ON2YUKJPG7
1616595965,AT6ON2YUKJPG7
B0BY1TCZ9N,AT6ON2YUKJPG7
B09Y1QW6XS,AT6ON2YUKJPG7
B072DWPDSR,AT6ON2YUKJPG7
B07MSFSHWW,AT6ON2YUKJPG7
B07CK9WK7R,AT6ON2YUKJPG7
B0C6M1MNJ3,AT6ON2YUKJPG7
B0DPJKLCRJ,AT6ON2YUKJPG7
B007SVY5GO,AT6ON2YUKJPG7
B0CP3BCBR5,AT6ON2YUKJPG7
B09TRFQRP3,AT6ON2YUKJPG7
B09DCF6TWP,AT6ON2YUKJPG7
B085F4WJD1,AT6ON2YUKJPG7
B00NMXSVH6,AT6ON2YUKJPG7
B0DS1QNX9H,AT6ON2YUKJPG7
B0D7NQT1Z4,AT6ON2YUKJPG7
B0CD1LJFQT,AT6ON2YUKJPG7
B0CYMR86N2,AT6ON2YUKJPG7
B0DD3CY6XX,AT6ON2YUKJPG7
B0D9LF6N24,AT6ON2YUKJPG7
B0D98D47LW,AT6ON2YUKJPG7
B0D5QY3XZN,AT6ON2YUKJPG7
B0D41VG9VZ,AT6ON2YUKJPG7
B0D41KS4P4,AT6ON2YUKJPG7
B0D26888PL,AT6ON2YUKJPG7
B0D12KGXH8,AT6ON2YUKJPG7
B0CYLTHZYW,AT6ON2YUKJPG7
B0CX1RKT28,AT6ON2YUKJPG7
B0CQCBGWT6,AT6ON2YUKJPG7
B0CQ1TTPFB,AT6ON2YUKJPG7
B0CP4S177F,AT6ON2YUKJPG7
B0CP3WRLXR,AT6ON2YUKJPG7
B0CNW4CF3X,AT6ON2YUKJPG7
B0CB3SXYB5,AT6ON2YUKJPG7
B0C9M34FXN,AT6ON2YUKJPG7
B0C89QK824,AT6ON2YUKJPG7
B0C7YS9XDJ,AT6ON2YUKJPG7
B0C6Y3YJVX,AT6ON2YUKJPG7
B0C65BC8LW,AT6ON2YUKJPG7
B0C5QGXNQG,AT6ON2YUKJPG7
B0C5N8D5NF,AT6ON2YUKJPG7
B0C2YYZ4NK,AT6ON2YUKJPG7
B0C2Y1PBTR,AT6ON2YUKJPG7
B0C2J9HRY4,AT6ON2YUKJPG7
B0C27DN173,AT6ON2YUKJPG7
B0C1SP1BJB,AT6ON2YUKJPG7
B0C1BTJLW9,AT6ON2YUKJPG7
B0BZ433LW7,AT6ON2YUKJPG7
B0BYYGCGGJ,AT6ON2YUKJPG7
B0CNL8VLCN,AT6ON2YUKJPG7
B0CNJQ5PKJ,AT6ON2YUKJPG7
B0CMGSC8ZT,AT6ON2YUKJPG7
B0CLS3YPM3,AT6ON2YUKJPG7
B0CHTNFPLK,AT6ON2YUKJPG7
B0CHN3YBBC,AT6ON2YUKJPG7
B0CHJD2T1H,AT6ON2YUKJPG7
B0CGZWRFBF,AT6ON2YUKJPG7
B0CGN9S7BJ,AT6ON2YUKJPG7
B0CGF4KJDD,AT6ON2YUKJPG7
B0CFBBLB37,AT6ON2YUKJPG7
B0CF9961TG,AT6ON2YUKJPG7
B0CDGYKN9S,AT6ON2YUKJPG7
B0CCVRJJPL,AT6ON2YUKJPG7
B0CBJ6QHKT,AT6ON2YUKJPG7
B0CB4C26QF,AT6ON2YUKJPG7
B0BGPJ7VYD,AT6ON2YUKJPG7
B0BF7Y9B1V,AT6ON2YUKJPG7
B0BCPRJJ6H,AT6ON2YUKJPG7
B0BCGTV6C9,AT6ON2YUKJPG7
B0BCBW2KS5,AT6ON2YUKJPG7
B0BBPKVF3L,AT6ON2YUKJPG7
B0B9L1G43T,AT6ON2YUKJPG7
B0B94LD7P4,AT6ON2YUKJPG7
B0B8Z9TT52,AT6ON2YUKJPG7
B0B7DNGZGW,AT6ON2YUKJPG7
B0B5XZ9D2X,AT6ON2YUKJPG7
B0B4KJPWD4,AT6ON2YUKJPG7
B0B3MTL6RL,AT6ON2YUKJPG7
B0B3972LL1,AT6ON2YUKJPG7
B0B2LL8P3N,AT6ON2YUKJPG7
B09Z1Y18JJ,AT6ON2YUKJPG7
B0BXPHK65K,AT6ON2YUKJPG7
B0BXC7GJ36,AT6ON2YUKJPG7
B0BWDS4J4X,AT6ON2YUKJPG7
B0BW31T75K,AT6ON2YUKJPG7
B0BTYK7HKB,AT6ON2YUKJPG7
B0BSPLC81Y,AT6ON2YUKJPG7
B0BS6W9CFC,AT6ON2YUKJPG7
B0BRX82WLZ,AT6ON2YUKJPG7
B0BRSL4TB4,AT6ON2YUKJPG7
B0BRK83JY7,AT6ON2YUKJPG7
B0BRH1S434,AT6ON2YUKJPG7
B0BRCWZ499,AT6ON2YUKJPG7
B0BR8TVTXW,AT6ON2YUKJPG7
B0BQSFFMG5,AT6ON2YUKJPG7
B0BPC6R88V,AT6ON2YUKJPG7
B0BNDKZY8G,AT6ON2YUKJPG7
B09YR2GWV7,AT6ON2YUKJPG7
B09XJ838VJ,AT6ON2YUKJPG7
B09WN2Q3Q1,AT6ON2YUKJPG7
B09VRWHV9H,AT6ON2YUKJPG7
B09Q63XXT5,AT6ON2YUKJPG7
B09PR3F2G4,AT6ON2YUKJPG7
B09N37WDJ6,AT6ON2YUKJPG7
B09M63GDFF,AT6ON2YUKJPG7
B09M53FDZ5,AT6ON2YUKJPG7
B09LSDCH1C,AT6ON2YUKJPG7
B09GVH3161,AT6ON2YUKJPG7
B098DVYRHY,AT6ON2YUKJPG7
B097S5BGGJ,AT6ON2YUKJPG7
B097MNBJMG,AT6ON2YUKJPG7
B096VR4YJS,AT6ON2YUKJPG7
B096KBGNJ1,AT6ON2YUKJPG7
B087J92JTN,AT6ON2YUKJPG7
B087748538,AT6ON2YUKJPG7
B0871W7JXB,AT6ON2YUKJPG7
B086C3J3LV,AT6ON2YUKJPG7
B084X62PP6,AT6ON2YUKJPG7
B083R4QFZD,AT6ON2YUKJPG7
B083JVKKKT,AT6ON2YUKJPG7
B081S6K6SB,AT6ON2YUKJPG7
B07Y3WL2NB,AT6ON2YUKJPG7
B07XZLN286,AT6ON2YUKJPG7
B07XTJLCB3,AT6ON2YUKJPG7
B07VK91T8T,AT6ON2YUKJPG7
B07VGZRRZK,AT6ON2YUKJPG7
B07VC3VHPM,AT6ON2YUKJPG7
B07TYQTDY9,AT6ON2YUKJPG7
B07TY8NDK6,AT6ON2YUKJPG7
B094MW6LJG,AT6ON2YUKJPG7
B0936VDJQZ,AT6ON2YUKJPG7
B092GYTFK2,AT6ON2YUKJPG7
B08YD3QFJ5,AT6ON2YUKJPG7
B08RNSTXYM,AT6ON2YUKJPG7
B08RCBH362,AT6ON2YUKJPG7
B08P6GX44F,AT6ON2YUKJPG7
B08KSSCGF4,AT6ON2YUKJPG7
B08KGGZWN2,AT6ON2YUKJPG7
B08JXBCP8Z,AT6ON2YUKJPG7
B08JPF24TB,AT6ON2YUKJPG7
B08JGM73J6,AT6ON2YUKJPG7
B08GHJK2MV,AT6ON2YUKJPG7
B08DRGFVRB,AT6ON2YUKJPG7
B08BTPG6J8,AT6ON2YUKJPG7
B088P192RR,AT6ON2YUKJPG7
B00W6CY592,AT6ON2YUKJPG7
B00VFG0A76,AT6ON2YUKJPG7
B00P8KHRIU,AT6ON2YUKJPG7
B00ES8NSLI,AT6ON2YUKJPG7
B00AWB20QY,AT6ON2YUKJPG7
B00AKIBRNQ,AT6ON2YUKJPG7
B00635PF1A,AT6ON2YUKJPG7
B005JJV9KC,AT6ON2YUKJPG7
B003TLN82Y,AT6ON2YUKJPG7
B000IO8N16,AT6ON2YUKJPG7
B00026D0GS,AT6ON2YUKJPG7
B079QNF9QQ,AT6ON2YUKJPG7
B09Z1ZTM82,AT6ON2YUKJPG7
B00O4DTTHY,AT6ON2YUKJPG7
B0BX941X1F,AT6ON2YUKJPG7
B0BLWGS5G1,AT6ON2YUKJPG7
B077Y3CNMW,AT6ON2YUKJPG7
B076FD6WYV,AT6ON2YUKJPG7
B076355QMC,AT6ON2YUKJPG7
B075JPW8XP,AT6ON2YUKJPG7
B074SDLVFK,AT6ON2YUKJPG7
B074L63J9K,AT6ON2YUKJPG7
B073DKN49H,AT6ON2YUKJPG7
B072VWSND1,AT6ON2YUKJPG7
B071YDTCGW,AT6ON2YUKJPG7
B071F6Z5M3,AT6ON2YUKJPG7
B06XW2B1GZ,AT6ON2YUKJPG7
B01M09FFVG,AT6ON2YUKJPG7
B01G97Y0IU,AT6ON2YUKJPG7
B01F5XMYSW,AT6ON2YUKJPG7
B01E9RGLOS,AT6ON2YUKJPG7
B015NBSRQ4,AT6ON2YUKJPG7
B07TNRP37V,AT6ON2YUKJPG7
B07TKMPDTT,AT6ON2YUKJPG7
B07T96PSVW,AT6ON2YUKJPG7
B07T39K5V7,AT6ON2YUKJPG7
B07S4Y8ZMF,AT6ON2YUKJPG7
B07S29YTCG,AT6ON2YUKJPG7
B07RXWRXR8,AT6ON2YUKJPG7
B07R8V91L5,AT6ON2YUKJPG7
B07PFR7CJJ,AT6ON2YUKJPG7
B07H4XNL8G,AT6ON2YUKJPG7
B07FZ3M95K,AT6ON2YUKJPG7
B07DD6GDB1,AT6ON2YUKJPG7
B07CT6ZJR5,AT6ON2YUKJPG7
B07CJZX2GS,AT6ON2YUKJPG7
B07BWSFB4C,AT6ON2YUKJPG7
B07BPY5V44,AT6ON2YUKJPG7
B08HLGTFC1,AT6ON2YUKJPG7
B07317Q4B6,AT6ON2YUKJPG7
B071YCNNR3,AT6ON2YUKJPG7
B0D8B6QVW8,AT6ON2YUKJPG7
B09WGZ931Y,AT6ON2YUKJPG7
B07BX846SD,AT6ON2YUKJPG7
B06XXP823Q,AT6ON2YUKJPG7
B0929JJX67,AT6ON2YUKJPG7
B000X2F3E8,AT6ON2YUKJPG7
B07PGL2M6Y,AT6ON2YUKJPG7
B0BCG17QLC,AT6ON2YUKJPG7
B01GN8DMSO,AT6ON2YUKJPG7
B0CNW9X21D,AT6ON2YUKJPG7
B078GN4BHX,AT6ON2YUKJPG7
B07YYPV34M,AT6ON2YUKJPG7
B0CSBFJCQS,AT6ON2YUKJPG7
B0CM38DRXG,AT6ON2YUKJPG7
B09BBM3DBB,AT6ON2YUKJPG7
B0BYJBYGWN,AT6ON2YUKJPG7
B08LZRHZ9Y,AT6ON2YUKJPG7
B00JLMKGIO,AT6ON2YUKJPG7
B0CLH4DCSS,AT6ON2YUKJPG7
B09CPNPMVM,AT6ON2YUKJPG7
B08L4G7VRM,AT6ON2YUKJPG7
B07HL54SLX,AT6ON2YUKJPG7
B01MD0HT5V,AT6ON2YUKJPG7
B0D1MXQFLR,AT6ON2YUKJPG7
B0B3MF6XQ4,AT6ON2YUKJPG7
B0B1ZHCZLZ,AT6ON2YUKJPG7
B09W4GDFBF,AT6ON2YUKJPG7
B0953QHBTH,AT6ON2YUKJPG7
B07Y71QX3W,AT6ON2YUKJPG7
B07GRH7V4Y,AT6ON2YUKJPG7
B074SFXC3C,AT6ON2YUKJPG7
B0DQ4NKPGR,AT6ON2YUKJPG7
B0DDTYNWM1,AT6ON2YUKJPG7
B0D7M78HMP,AT6ON2YUKJPG7
B0CVRJPPXH,AT6ON2YUKJPG7
B0CRYSY19V,AT6ON2YUKJPG7
B0CLP1G22T,AT6ON2YUKJPG7
B0CDWRRD9M,AT6ON2YUKJPG7
B0C9TXW8FK,AT6ON2YUKJPG7
B0C6NRV1JQ,AT6ON2YUKJPG7
B0C65CPYNP,AT6ON2YUKJPG7
B0C27VCQXZ,AT6ON2YUKJPG7
B0BZYK4ZD2,AT6ON2YUKJPG7
B0BYD4BWVY,AT6ON2YUKJPG7
B0BNBTTPKC,AT6ON2YUKJPG7
B0B91252T5,AT6ON2YUKJPG7
B09YH9P4SL,AT6ON2YUKJPG7
B0CYHJXC7F,AT6ON2YUKJPG7
B0CXPSYVDJ,AT6ON2YUKJPG7
B0CXPKSX5T,AT6ON2YUKJPG7
B0CXJ8RCRF,AT6ON2YUKJPG7
B0CXCXJ9Q4,AT6ON2YUKJPG7
B0CX97NYVC,AT6ON2YUKJPG7
B0CRVTD44T,AT6ON2YUKJPG7
B0CPLV544R,AT6ON2YUKJPG7
B0CP24R12Y,AT6ON2YUKJPG7
B0CNKJ6C87,AT6ON2YUKJPG7
B0CMX9SST1,AT6ON2YUKJPG7
B0CLS35W1D,AT6ON2YUKJPG7
B0CLNSMLMW,AT6ON2YUKJPG7
B0CL4XKMSN,AT6ON2YUKJPG7
B0CJHR9V38,AT6ON2YUKJPG7
B0CJC9PMYX,AT6ON2YUKJPG7
B09VRMLJJN,AT6ON2YUKJPG7
B09Q1CVB6F,AT6ON2YUKJPG7
B09NMXRPSS,AT6ON2YUKJPG7
B09JHX22QD,AT6ON2YUKJPG7
B09G3D35ZC,AT6ON2YUKJPG7
B08Z1FKMQ3,AT6ON2YUKJPG7
B08YNYPX97,AT6ON2YUKJPG7
B08T8W3LD2,AT6ON2YUKJPG7
B08PCHKVCJ,AT6ON2YUKJPG7
B08CK2CXD7,AT6ON2YUKJPG7
B086HJMNT5,AT6ON2YUKJPG7
B0853F51PS,AT6ON2YUKJPG7
B084VFC1JS,AT6ON2YUKJPG7
B082L2K7J9,AT6ON2YUKJPG7
B07T4TNP3B,AT6ON2YUKJPG7
B07QC93S43,AT6ON2YUKJPG7
B07FZ2F2FZ,AT6ON2YUKJPG7
B077ZFZ9CX,AT6ON2YUKJPG7
B075KMBCJR,AT6ON2YUKJPG7
B075HS3P93,AT6ON2YUKJPG7
B01MQX8OER,AT6ON2YUKJPG7
B01HQJZXI6,AT6ON2YUKJPG7
B01292GWHQ,AT6ON2YUKJPG7
B00QER8EWE,AT6ON2YUKJPG7
B00LO0F0LO,AT6ON2YUKJPG7
B00K31HLI0,AT6ON2YUKJPG7
B00C0DXPZC,AT6ON2YUKJPG7
B09QPPJTZM,AT6ON2YUKJPG7
B0DK5Y46HM,AT6ON2YUKJPG7
B0DK3ZV8NX,AT6ON2YUKJPG7
B0DDQGTCFD,AT6ON2YUKJPG7
B0D72WKT5K,AT6ON2YUKJPG7
B0CDX4C3BF,AT6ON2YUKJPG7
B0C9WCVYVM,AT6ON2YUKJPG7
B0C9N11LX9,AT6ON2YUKJPG7
B0C8HRW66L,AT6ON2YUKJPG7
B0C8945NKT,AT6ON2YUKJPG7
B0C3W7VFBB,AT6ON2YUKJPG7
B0C3CCX22Y,AT6ON2YUKJPG7
B0C2XWWSDM,AT6ON2YUKJPG7
B0C2V83CFT,AT6ON2YUKJPG7
B0C2CJCYXZ,AT6ON2YUKJPG7
B0C29ZJSL4,AT6ON2YUKJPG7
B0C1BW9SF1,AT6ON2YUKJPG7
B0C16YXDRV,AT6ON2YUKJPG7
B0C15RYXCB,AT6ON2YUKJPG7
B0C1543SQM,AT6ON2YUKJPG7
B0BZQP934B,AT6ON2YUKJPG7
B0BZP27Y64,AT6ON2YUKJPG7
B0BZM95Y7N,AT6ON2YUKJPG7
B0BXD2CJ5V,AT6ON2YUKJPG7
B0BV26947F,AT6ON2YUKJPG7
B0BSG32MFY,AT6ON2YUKJPG7
B0BS5D1MH3,AT6ON2YUKJPG7
B0BRCZLSBW,AT6ON2YUKJPG7
B0BR37CR3X,AT6ON2YUKJPG7
B0BQYSXWQR,AT6ON2YUKJPG7
B0BP2Q3WCR,AT6ON2YUKJPG7
B0BNM289FR,AT6ON2YUKJPG7
B0BLCN19K5,AT6ON2YUKJPG7
B0BGGB64S2,AT6ON2YUKJPG7
B0BG9Y7Y68,AT6ON2YUKJPG7
B0BBKX3V4Y,AT6ON2YUKJPG7
B0BBCZSGFN,AT6ON2YUKJPG7
B0BB7JVLRS,AT6ON2YUKJPG7
B0BB1PQPKZ,AT6ON2YUKJPG7
B0B8ZWBKST,AT6ON2YUKJPG7
B0B3QWHXPN,AT6ON2YUKJPG7
B0B1Y28YX2,AT6ON2YUKJPG7
B0B1XZXMQL,AT6ON2YUKJPG7
B09ZP86GZH,AT6ON2YUKJPG7
B09Y8J417J,AT6ON2YUKJPG7
B09XXN3856,AT6ON2YUKJPG7
B09XSD9BGL,AT6ON2YUKJPG7
B09VTPXDFX,AT6ON2YUKJPG7
B09TQ2WM3C,AT6ON2YUKJPG7
B09RPRRGPL,AT6ON2YUKJPG7
B09QV2FJ3P,AT6ON2YUKJPG7
B09Q91LWBH,AT6ON2YUKJPG7
B09PC37B5Y,AT6ON2YUKJPG7
B09P8DRW62,AT6ON2YUKJPG7
B09N3818JM,AT6ON2YUKJPG7
B09LR77RF4,AT6ON2YUKJPG7
B09KNH293S,AT6ON2YUKJPG7
B09JRKK6Y5,AT6ON2YUKJPG7
B09HJTC553,AT6ON2YUKJPG7
B09GV5TVY1,AT6ON2YUKJPG7
B09GH6968T,AT6ON2YUKJPG7
B09FLPYZDM,AT6ON2YUKJPG7
B0992QQPML,AT6ON2YUKJPG7
B0987GL932,AT6ON2YUKJPG7
B097S843J8,AT6ON2YUKJPG7
B08XWC5M1X,AT6ON2YUKJPG7
B08TWR1NR4,AT6ON2YUKJPG7
B08LTZHB1D,AT6ON2YUKJPG7
B08LKJB3F9,AT6ON2YUKJPG7
B07Z9MYKV4,AT6ON2YUKJPG7
B07Z3TFPYH,AT6ON2YUKJPG7
B07XBVYWFY,AT6ON2YUKJPG7
B07SN4KQR7,AT6ON2YUKJPG7
B07S1QCJYK,AT6ON2YUKJPG7
B07RNQRQGQ,AT6ON2YUKJPG7
B07R5NZG6D,AT6ON2YUKJPG7
B07QDPVVFT,AT6ON2YUKJPG7
B07P6THKWB,AT6ON2YUKJPG7
B07P5637QM,AT6ON2YUKJPG7
B07MDG1NLX,AT6ON2YUKJPG7
B07KRNZV1M,AT6ON2YUKJPG7
B07K9MRS2Z,AT6ON2YUKJPG7
B07HKKMLPH,AT6ON2YUKJPG7
B07GMSJ33N,AT6ON2YUKJPG7
B07G97XFKR,AT6ON2YUKJPG7
B07DMR9TC7,AT6ON2YUKJPG7
B07DG2BGXK,AT6ON2YUKJPG7
B07D3D6LRH,AT6ON2YUKJPG7
B07BSRNDC3,AT6ON2YUKJPG7
B07B5SKB3F,AT6ON2YUKJPG7
B07B4WJH1D,AT6ON2YUKJPG7
B079VD3KW8,AT6ON2YUKJPG7
B079MFRHNL,AT6ON2YUKJPG7
B0777Q6CKH,AT6ON2YUKJPG7
B075K72HL1,AT6ON2YUKJPG7
B0746J9HLW,AT6ON2YUKJPG7
B071VMXMLS,AT6ON2YUKJPG7
B06Y1C7B5H,AT6ON2YUKJPG7
B01LWPZ5VU,AT6ON2YUKJPG7
B01G9S3X7S,AT6ON2YUKJPG7
B01CKY4P0O,AT6ON2YUKJPG7
B07QNW8Z2F,AT6ON2YUKJPG7
B0759XJZKL,AT6ON2YUKJPG7
B07NLKB75T,AT6ON2YUKJPG7
B07RKY7HVS,AT6ON2YUKJPG7
B01MSXJ2ZS,AT6ON2YUKJPG7
B0D76HX4DK,AT6ON2YUKJPG7
B0BC9QZF41,AT6ON2YUKJPG7
1549244833,AT6ON2YUKJPG7
B0C28KZF8N,AT6ON2YUKJPG7
B0DFLRYHS9,AT6ON2YUKJPG7
B0D27F9YWV,AT6ON2YUKJPG7
B0C23JZ8MJ,AT6ON2YUKJPG7
B0BKKP8KDQ,AT6ON2YUKJPG7
B08L4BFBKF,AT6ON2YUKJPG7
B082DJZL1P,AT6ON2YUKJPG7
B07LGDHDWX,AT6ON2YUKJPG7
B01N686FIL,AT6ON2YUKJPG7
B0C817BZPD,AT6ON2YUKJPG7
B09Q5TV2TJ,AT6ON2YUKJPG7
B09GYP5C4Y,AT6ON2YUKJPG7
B0917KRHBZ,AT6ON2YUKJPG7
B0165PIWIK,AT6ON2YUKJPG7
B00LUSPVXM,AT6ON2YUKJPG7
B00F1P20S4,AT6ON2YUKJPG7
B00ET6H38S,AT6ON2YUKJPG7
B00D2XG812,AT6ON2YUKJPG7
B00CLO67Z0,AT6ON2YUKJPG7
B009VNB76S,AT6ON2YUKJPG7
B00895IDIO,AT6ON2YUKJPG7
B007FNOK1A,AT6ON2YUKJPG7
B005XTZU1C,AT6ON2YUKJPG7
B001CZAT0S,AT6ON2YUKJPG7
B0006O8ESK,AT6ON2YUKJPG7
B07N4XPCMD,AT6ON2YUKJPG7
B07JM3XH5Y,AT6ON2YUKJPG7
B0CK5HJWVF,AT6ON2YUKJPG7
B00O4DQ33C,AT6ON2YUKJPG7
B0CJCNB2D2,AT6ON2YUKJPG7
B0CF7D7R41,AT6ON2YUKJPG7
B0CCYJNG31,AT6ON2YUKJPG7
B0CBW6MSKF,AT6ON2YUKJPG7
B0C699TWKW,AT6ON2YUKJPG7
B0C67LLP32,AT6ON2YUKJPG7
B0C5DB3BDV,AT6ON2YUKJPG7
B0C34D89DP,AT6ON2YUKJPG7
B0BZVPYMF4,AT6ON2YUKJPG7
B0BXS3X84X,AT6ON2YUKJPG7
B0BXQ517G1,AT6ON2YUKJPG7
B0BXMV14TL,AT6ON2YUKJPG7
B0BW41KYPY,AT6ON2YUKJPG7
B0BTK574CC,AT6ON2YUKJPG7
B0BRV2TM85,AT6ON2YUKJPG7
B0BR4XFN7M,AT6ON2YUKJPG7
B084Q47SXG,AT6ON2YUKJPG7
B083LC9WMB,AT6ON2YUKJPG7
B081BHTJT8,AT6ON2YUKJPG7
B07VZ1K4M1,AT6ON2YUKJPG7
B07TN35QZ8,AT6ON2YUKJPG7
B07SYJWW56,AT6ON2YUKJPG7
B07FZV589P,AT6ON2YUKJPG7
B07PH474WP,AT6ON2YUKJPG7
B0D56PK3C4,AT6ON2YUKJPG7
B0D4YV6F65,AT6ON2YUKJPG7
B0D19RZC7L,AT6ON2YUKJPG7
B0D148593T,AT6ON2YUKJPG7
B0CZSBWZCN,AT6ON2YUKJPG7
B0CYRCSZMB,AT6ON2YUKJPG7
B0CSNFJ57B,AT6ON2YUKJPG7
B0CNCQ2XL7,AT6ON2YUKJPG7
B0BQR3SMQ1,AT6ON2YUKJPG7
B0BPY3TXBD,AT6ON2YUKJPG7
B0BPHHLWZX,AT6ON2YUKJPG7
B0BN848GBQ,AT6ON2YUKJPG7
B0BKQCFPVV,AT6ON2YUKJPG7
B0BGMGC6NR,AT6ON2YUKJPG7
B0B8NHTPDH,AT6ON2YUKJPG7
B0B5G5BGDB,AT6ON2YUKJPG7
B0B5CNVP4D,AT6ON2YUKJPG7
B0B4D7ZV9V,AT6ON2YUKJPG7
B0B33FJ11C,AT6ON2YUKJPG7
B0B1GRKK5X,AT6ON2YUKJPG7
B09Y8HWTVM,AT6ON2YUKJPG7
B09XT4V1B8,AT6ON2YUKJPG7
B09WZ2LHXC,AT6ON2YUKJPG7
B09W8J46NJ,AT6ON2YUKJPG7
B092H283BN,AT6ON2YUKJPG7
B092665SM5,AT6ON2YUKJPG7
B08ZXZR78F,AT6ON2YUKJPG7
B08WJRXY2W,AT6ON2YUKJPG7
B08WHMMXFG,AT6ON2YUKJPG7
B08S3M6BDF,AT6ON2YUKJPG7
B08R6X4HCN,AT6ON2YUKJPG7
B08PDZF7BQ,AT6ON2YUKJPG7
B08L162ZKK,AT6ON2YUKJPG7
B08KBSP7BF,AT6ON2YUKJPG7
B08HSXSQJS,AT6ON2YUKJPG7
B08GSC9F3J,AT6ON2YUKJPG7
B089VLGZS5,AT6ON2YUKJPG7
B0879J9F5H,AT6ON2YUKJPG7
B086HK3FSZ,AT6ON2YUKJPG7
B083P3CS95,AT6ON2YUKJPG7
B09TSJV6GJ,AT6ON2YUKJPG7
B09SKMTKBY,AT6ON2YUKJPG7
B09P8NWS37,AT6ON2YUKJPG7
B09P1KNQM7,AT6ON2YUKJPG7
B09NY8JVRJ,AT6ON2YUKJPG7
B09N8LLSGZ,AT6ON2YUKJPG7
B09MZJRCH7,AT6ON2YUKJPG7
B09MPGVXKN,AT6ON2YUKJPG7
B09KM9BJTR,AT6ON2YUKJPG7
B09K43WQQ8,AT6ON2YUKJPG7
B09J1YHGV3,AT6ON2YUKJPG7
B09CDH7MGQ,AT6ON2YUKJPG7
B097DLLRVH,AT6ON2YUKJPG7
B096981QQ2,AT6ON2YUKJPG7
B0963CFWC4,AT6ON2YUKJPG7
B094148VRT,AT6ON2YUKJPG7
B082ZLNH82,AT6ON2YUKJPG7
B082RY2XFV,AT6ON2YUKJPG7
B082NRGTJS,AT6ON2YUKJPG7
B082K9TQC6,AT6ON2YUKJPG7
B081RGCRWZ,AT6ON2YUKJPG7
B07Z5CTJCP,AT6ON2YUKJPG7
B07YQ6NBGL,AT6ON2YUKJPG7
B07XRWJ2GB,AT6ON2YUKJPG7
B07X1V1ND4,AT6ON2YUKJPG7
B07S1GRC7V,AT6ON2YUKJPG7
B07RZD5998,AT6ON2YUKJPG7
B07RK763T2,AT6ON2YUKJPG7
B07RHSB2WS,AT6ON2YUKJPG7
B07QPR6W2L,AT6ON2YUKJPG7
B07P8FTSFG,AT6ON2YUKJPG7
B07NVWTSL9,AT6ON2YUKJPG7
B08PPF11JS,AT6ON2YUKJPG7
B00K335F6S,AT6ON2YUKJPG7
B0981R3KB3,AT6ON2YUKJPG7
B0BPJWCZ1L,AT6ON2YUKJPG7
B0CFR11QDG,AT6ON2YUKJPG7
B0C7P5TMJY,AT6ON2YUKJPG7
B08L3726DF,AT6ON2YUKJPG7
B07LBR133P,AT6ON2YUKJPG7
B0BNJ23SBB,AT6ON2YUKJPG7
B0BZKW9KLX,AT6ON2YUKJPG7
B015X6ETYS,AT6ON2YUKJPG7
B0010DLYR4,AT6ON2YUKJPG7
B0B1GT971C,AT6ON2YUKJPG7
B093HBT6QR,AT6ON2YUKJPG7
B0CNKB2S5L,AT6ON2YUKJPG7
B08X1FSVBW,AT6ON2YUKJPG7
B07GN5TXJG,AT6ON2YUKJPG7
B072JHS9Q2,AT6ON2YUKJPG7
B08KVW6G59,AT6ON2YUKJPG7
B08JG1K9QF,AT6ON2YUKJPG7
B08HYX5SX3,AT6ON2YUKJPG7
B08HV22VQK,AT6ON2YUKJPG7
B08H1KV9NJ,AT6ON2YUKJPG7
B08GB6QX6R,AT6ON2YUKJPG7
B08DHL9NYH,AT6ON2YUKJPG7
B08D9QX5QZ,AT6ON2YUKJPG7
B08BK4VMWB,AT6ON2YUKJPG7
B089LQ2K2Z,AT6ON2YUKJPG7
B0874T19R4,AT6ON2YUKJPG7
B0859L2YJK,AT6ON2YUKJPG7
B0831B7GZ7,AT6ON2YUKJPG7
B082W1SXWT,AT6ON2YUKJPG7
B081B9CPWF,AT6ON2YUKJPG7
B07ZTYBRRN,AT6ON2YUKJPG7
B07FCVLK6Y,AT6ON2YUKJPG7
B0949Q4VMB,AT6ON2YUKJPG7
B000COS7AO,AT6ON2YUKJPG7
B0D354MQXY,AT6ON2YUKJPG7
B0BK19M7CY,AT6ON2YUKJPG7
B08LBQMFQ8,AT6ON2YUKJPG7
B000W4H66U,AT6ON2YUKJPG7
B07MXP1H4P,AT6ON2YUKJPG7
B0BLRZPT74,AT6ON2YUKJPG7
B08QVLGSD5,AT6ON2YUKJPG7
B0CH23XZL3,AT6ON2YUKJPG7
B0CB7R2TR2,AT6ON2YUKJPG7
B0B6W1MKKP,AT6ON2YUKJPG7
B01K1W63FW,AT6ON2YUKJPG7
B0BZZZTKS4,AT6ON2YUKJPG7
B0CGQZ7GVY,AT6ON2YUKJPG7
B0C9PCDDHP,AT6ON2YUKJPG7
B0B42BK9YR,AT6ON2YUKJPG7
B09QF1B9GR,AT6ON2YUKJPG7
B0981RLXFV,AT6ON2YUKJPG7
B08NSY3BRQ,AT6ON2YUKJPG7
B08MSY2CHD,AT6ON2YUKJPG7
B079TJTP1W,AT6ON2YUKJPG7
B0786V91S8,AT6ON2YUKJPG7
B00408UUIU,AT6ON2YUKJPG7
B0CXYS6W7J,AT6ON2YUKJPG7
B0CND3YWT3,AT6ON2YUKJPG7
B0CJY6H3S1,AT6ON2YUKJPG7
B0C9SC6S6C,AT6ON2YUKJPG7
B0BS13K4Y5,AT6ON2YUKJPG7
B0BRN9MGZK,AT6ON2YUKJPG7
B0BFDHVNMT,AT6ON2YUKJPG7
B07ND3HQY9,AT6ON2YUKJPG7
B07KCBV3ZW,AT6ON2YUKJPG7
B07K1CWS6D,AT6ON2YUKJPG7
B07FRLDJKD,AT6ON2YUKJPG7
B078NG2J9J,AT6ON2YUKJPG7
B072387KP9,AT6ON2YUKJPG7
B01FSQQ6F8,AT6ON2YUKJPG7
B00X4D9JJ8,AT6ON2YUKJPG7
B00E1UBRIY,AT6ON2YUKJPG7
B0092LXN9I,AT6ON2YUKJPG7
B007GRHBK2,AT6ON2YUKJPG7
B0068AEVTW,AT6ON2YUKJPG7
B001M04X82,AT6ON2YUKJPG7
B000KM1656,AT6ON2YUKJPG7
B01M0RL7U4,AT6ON2YUKJPG7
B07MW9HK4T,AT6ON2YUKJPG7
B0B6FLNVHJ,AT6ON2YUKJPG7
B0B12C3ZCH,AT6ON2YUKJPG7
B09VP9H6VK,AT6ON2YUKJPG7
B09F8RXKC4,AT6ON2YUKJPG7
B09B4CB7C1,AT6ON2YUKJPG7
B098QKMHHS,AT6ON2YUKJPG7
B08P2L5WY1,AT6ON2YUKJPG7
B08CGNRCKK,AT6ON2YUKJPG7
B087BHV36T,AT6ON2YUKJPG7
B07LGLJ26N,AT6ON2YUKJPG7
B07L2Z93HK,AT6ON2YUKJPG7
B07K7QJ4RS,AT6ON2YUKJPG7
B07DKXV3FX,AT6ON2YUKJPG7
B07C7MCH4B,AT6ON2YUKJPG7
B07BWM5KYN,AT6ON2YUKJPG7
B00H4HWTEC,AT6ON2YUKJPG7
B00F4IQS36,AT6ON2YUKJPG7
B0DPMVK5X4,AT6ON2YUKJPG7
B0DLH1Z5ZP,AT6ON2YUKJPG7
B0DK5YXRT4,AT6ON2YUKJPG7
B0D8PMLMG1,AT6ON2YUKJPG7
B0D65CHNPZ,AT6ON2YUKJPG7
B0D2R1VLQB,AT6ON2YUKJPG7
B0D2DJH3JS,AT6ON2YUKJPG7
B0CZ38V62B,AT6ON2YUKJPG7
B0CSJF4FW5,AT6ON2YUKJPG7
B0CQXKS26Y,AT6ON2YUKJPG7
B0CQ546CM7,AT6ON2YUKJPG7
B0CPSVH267,AT6ON2YUKJPG7
B0CNXPBL6G,AT6ON2YUKJPG7
B0CNW87C79,AT6ON2YUKJPG7
B0CNSZHKVH,AT6ON2YUKJPG7
B0CNKPPD31,AT6ON2YUKJPG7
B0CLXYM8WD,AT6ON2YUKJPG7
B0CLS35W1F,AT6ON2YUKJPG7
B0CKZ4S83H,AT6ON2YUKJPG7
B0CJNGNJVM,AT6ON2YUKJPG7
B0CHMDMR2R,AT6ON2YUKJPG7
B0CH39DG61,AT6ON2YUKJPG7
B0CGHX7DYG,AT6ON2YUKJPG7
B0CG9P1LPC,AT6ON2YUKJPG7
B0CDPZJBNS,AT6ON2YUKJPG7
B0C9M2CBXC,AT6ON2YUKJPG7
B0C9JC5HSB,AT6ON2YUKJPG7
B0C8HB9C5R,AT6ON2YUKJPG7
B0C7GTNPRL,AT6ON2YUKJPG7
B0C728YR7X,AT6ON2YUKJPG7
B0C54WHMYR,AT6ON2YUKJPG7
B0C4KKS3JK,AT6ON2YUKJPG7
B0C23Q78VK,AT6ON2YUKJPG7
B0C1S94LGY,AT6ON2YUKJPG7
B0C1BVL7WB,AT6ON2YUKJPG7
B0BZ91RSFP,AT6ON2YUKJPG7
B0BYS5FHKB,AT6ON2YUKJPG7
B0BYP15DKL,AT6ON2YUKJPG7
B0BXYX7TPT,AT6ON2YUKJPG7
B0BXTCC7PJ,AT6ON2YUKJPG7
B0BXHLT7D4,AT6ON2YUKJPG7
B0BXHDQQFR,AT6ON2YUKJPG7
B0BVQNRXL8,AT6ON2YUKJPG7
B0BVP3YMK4,AT6ON2YUKJPG7
B0BTTMD896,AT6ON2YUKJPG7
B0BTD3QYN4,AT6ON2YUKJPG7
B0BT54H7F6,AT6ON2YUKJPG7
B0BSD6XVR6,AT6ON2YUKJPG7
B0BS2M6NPF,AT6ON2YUKJPG7
B0BRYDB28B,AT6ON2YUKJPG7
B0BR8CNL77,AT6ON2YUKJPG7
B0BR5WYVTP,AT6ON2YUKJPG7
B0BQRW6S3B,AT6ON2YUKJPG7
B0BPLV7M8Q,AT6ON2YUKJPG7
B0BMQTDRRN,AT6ON2YUKJPG7
B0BG7118BK,AT6ON2YUKJPG7
B0BG278N66,AT6ON2YUKJPG7
B0BD5MN9DL,AT6ON2YUKJPG7
B0BCVWRWYR,AT6ON2YUKJPG7
B0BCJWF3MG,AT6ON2YUKJPG7
B0B9NY4P51,AT6ON2YUKJPG7
B0B5XKZHJ2,AT6ON2YUKJPG7
B0B5LXSZ73,AT6ON2YUKJPG7
B09HBX1GFJ,AT6ON2YUKJPG7
B09GCFMM1V,AT6ON2YUKJPG7
B09FMP3LWP,AT6ON2YUKJPG7
B09CPQXCN4,AT6ON2YUKJPG7
B09BVXC26D,AT6ON2YUKJPG7
B09BJG4CKX,AT6ON2YUKJPG7
B099KGNKTL,AT6ON2YUKJPG7
B09926QM4W,AT6ON2YUKJPG7
B098Q9CYJ4,AT6ON2YUKJPG7
B096MCR94Q,AT6ON2YUKJPG7
B094MH1V4H,AT6ON2YUKJPG7
B093T8PLYY,AT6ON2YUKJPG7
B093S6RH48,AT6ON2YUKJPG7
B0934Q24NL,AT6ON2YUKJPG7
B092PVH971,AT6ON2YUKJPG7
B08ZRVSJCH,AT6ON2YUKJPG7
B08YJCR2LH,AT6ON2YUKJPG7
B08WWTS9FJ,AT6ON2YUKJPG7
B08VHX285V,AT6ON2YUKJPG7
B08V1PB86S,AT6ON2YUKJPG7
B08TGVCVQH,AT6ON2YUKJPG7
B08QZXVP1L,AT6ON2YUKJPG7
B08J2L3LWJ,AT6ON2YUKJPG7
B08HQM66N3,AT6ON2YUKJPG7
B08GVSVWVM,AT6ON2YUKJPG7
B08GSD24J1,AT6ON2YUKJPG7
B08D8ZDZNF,AT6ON2YUKJPG7
B08CRHMFSR,AT6ON2YUKJPG7
B08CQGZDQ6,AT6ON2YUKJPG7
B08C27ZMYZ,AT6ON2YUKJPG7
B08B41L638,AT6ON2YUKJPG7
B08923GBXM,AT6ON2YUKJPG7
B0B4K2QLYQ,AT6ON2YUKJPG7
B0B27VK2DG,AT6ON2YUKJPG7
B09ZQQQ843,AT6ON2YUKJPG7
B09X69BC4N,AT6ON2YUKJPG7
B09X63CF3N,AT6ON2YUKJPG7
B09VK9S4JB,AT6ON2YUKJPG7
B09SQF8FBG,AT6ON2YUKJPG7
B09SL92T59,AT6ON2YUKJPG7
B09SGKMNH9,AT6ON2YUKJPG7
B09S68RNFQ,AT6ON2YUKJPG7
B09QCGJ713,AT6ON2YUKJPG7
B09Q34Y1PS,AT6ON2YUKJPG7
B09M7RL4NF,AT6ON2YUKJPG7
B09LS5L6JL,AT6ON2YUKJPG7
B09KMXRT3C,AT6ON2YUKJPG7
B09HX599X4,AT6ON2YUKJPG7
B07R9JFM9X,AT6ON2YUKJPG7
B07PZ8XGWW,AT6ON2YUKJPG7
B07PT9K1S3,AT6ON2YUKJPG7
B07MC1YBP2,AT6ON2YUKJPG7
B07M8D9T9Z,AT6ON2YUKJPG7
B07L5ZYGM6,AT6ON2YUKJPG7
B07KQ2JGR1,AT6ON2YUKJPG7
B07GRJ1876,AT6ON2YUKJPG7
B07G3J6294,AT6ON2YUKJPG7
B07DXHXZZS,AT6ON2YUKJPG7
B07DP658JT,AT6ON2YUKJPG7
B07D8FVJ8C,AT6ON2YUKJPG7
B07D7G16LY,AT6ON2YUKJPG7
B07D76FXL3,AT6ON2YUKJPG7
B07BHKJHMQ,AT6ON2YUKJPG7
B078J5XXGW,AT6ON2YUKJPG7
B087N27GY4,AT6ON2YUKJPG7
B08774VVMN,AT6ON2YUKJPG7
B086BRXMSW,AT6ON2YUKJPG7
B085XSSR88,AT6ON2YUKJPG7
B0859CDRY4,AT6ON2YUKJPG7
B083V5XWMN,AT6ON2YUKJPG7
B083RMKGYT,AT6ON2YUKJPG7
B082YCR2G1,AT6ON2YUKJPG7
B081S53CWH,AT6ON2YUKJPG7
B07Z67C583,AT6ON2YUKJPG7
B07YBPQZPJ,AT6ON2YUKJPG7
B07WGTGY8P,AT6ON2YUKJPG7
B07TMP8DWT,AT6ON2YUKJPG7
B07T5WSYM9,AT6ON2YUKJPG7
B07RXM83GK,AT6ON2YUKJPG7
B07RT4LWYY,AT6ON2YUKJPG7
B076MHJHM3,AT6ON2YUKJPG7
B076C1F6CZ,AT6ON2YUKJPG7
B074PVYSSL,AT6ON2YUKJPG7
B073FVP9ZC,AT6ON2YUKJPG7
B06Y9265T1,AT6ON2YUKJPG7
B06XBRGM81,AT6ON2YUKJPG7
B06X6GZNPM,AT6ON2YUKJPG7
B01N3A6USI,AT6ON2YUKJPG7
B01N0AOOJO,AT6ON2YUKJPG7
B01IAE0H1O,AT6ON2YUKJPG7
B018YSLRK6,AT6ON2YUKJPG7
B016LLMKIG,AT6ON2YUKJPG7
B00EFBBYAU,AT6ON2YUKJPG7
B00ABZ3ADI,AT6ON2YUKJPG7
B009C4C300,AT6ON2YUKJPG7
B007WADKN0,AT6ON2YUKJPG7
B0074SVPW8,AT6ON2YUKJPG7
B005OHQY8Q,AT6ON2YUKJPG7
B0033S6UXW,AT6ON2YUKJPG7
B000678LWQ,AT6ON2YUKJPG7
B0CXPGV9W8,AT6ON2YUKJPG7
B093TYQ4G8,AT6ON2YUKJPG7
B01B4KUX06,AT6ON2YUKJPG7
B01MQ43QLT,AT6ON2YUKJPG7
B077KY6WNQ,AT6ON2YUKJPG7
B0CW1HM6SZ,AT6ON2YUKJPG7
B08F3JZ6Z5,AT6ON2YUKJPG7
B01MU8NKOW,AT6ON2YUKJPG7
B01ATTM25W,AT6ON2YUKJPG7
B0CFQJQ2PJ,AT6ON2YUKJPG7
B0C9TML3HH,AT6ON2YUKJPG7
B0C7H5V962,AT6ON2YUKJPG7
B0C6K6ZVQK,AT6ON2YUKJPG7
B0C69F1Q7F,AT6ON2YUKJPG7
B0C5DZ84C4,AT6ON2YUKJPG7
B0C2396Z7C,AT6ON2YUKJPG7
B0C1WJ7BXG,AT6ON2YUKJPG7
B0C1BF7NVW,AT6ON2YUKJPG7
B0BY26ZBKJ,AT6ON2YUKJPG7
B0BTW9M82M,AT6ON2YUKJPG7
B0BQ9ZHK17,AT6ON2YUKJPG7
B0BQ2XKYQC,AT6ON2YUKJPG7
B0BNY5MB1J,AT6ON2YUKJPG7
B0BNVQ631X,AT6ON2YUKJPG7
B0BFX69MMD,AT6ON2YUKJPG7
B087T28JWG,AT6ON2YUKJPG7
B073RR3BVY,AT6ON2YUKJPG7
B01N07X0JR,AT6ON2YUKJPG7
B01GCBXD2W,AT6ON2YUKJPG7
B01G4WHY7E,AT6ON2YUKJPG7
B0D93RHDC3,AT6ON2YUKJPG7
B0D6WV32DB,AT6ON2YUKJPG7
B0D4MPFGBH,AT6ON2YUKJPG7
B0D4J43MNS,AT6ON2YUKJPG7
B0D3F89ZRF,AT6ON2YUKJPG7
B0CY4RXR8N,AT6ON2YUKJPG7
B0CXHZM7K8,AT6ON2YUKJPG7
B0CQQW5P75,AT6ON2YUKJPG7
B0CNCPPBCV,AT6ON2YUKJPG7
B0CM324N8S,AT6ON2YUKJPG7
B0CJ613VQV,AT6ON2YUKJPG7
B083NVTMJH,AT6ON2YUKJPG7
B002DSGTXO,AT6ON2YUKJPG7
B0BXSN6ZPR,AT6ON2YUKJPG7
B0CLRNFGRV,AT6ON2YUKJPG7
B000S5UEQC,AT6ON2YUKJPG7
B08HGLYSX5,AT6ON2YUKJPG7
B07H5GB231,AT6ON2YUKJPG7
B01NCZ28Z1,AT6ON2YUKJPG7
B0CD1N6QGB,AT6ON2YUKJPG7
B07JH92TD9,AT6ON2YUKJPG7
B01GKG2HBM,AT6ON2YUKJPG7
B0BL2RRF4H,AT6ON2YUKJPG7
B08SLB1XHC,AT6ON2YUKJPG7
B008FMD4QM,AT6ON2YUKJPG7
B0C27T6H14,AT6ON2YUKJPG7
B0BR4Q7BV4,AT6ON2YUKJPG7
B09JRC2RWM,AT6ON2YUKJPG7
B09F2W1LL8,AT6ON2YUKJPG7
B09BB238JB,AT6ON2YUKJPG7
B09196WZMC,AT6ON2YUKJPG7
B08Y9562NJ,AT6ON2YUKJPG7
B08S78SWQS,AT6ON2YUKJPG7
B08PKFHCMS,AT6ON2YUKJPG7
B08MPSP9C5,AT6ON2YUKJPG7
B08L675FQY,AT6ON2YUKJPG7
B08J7XKGFT,AT6ON2YUKJPG7
B08HXM5T4H,AT6ON2YUKJPG7
B08GP7D83J,AT6ON2YUKJPG7
B08FVPFQFK,AT6ON2YUKJPG7
B08DV3BM88,AT6ON2YUKJPG7
B08CZ8SKYC,AT6ON2YUKJPG7
B08CKRZ6FQ,AT6ON2YUKJPG7
B0BF4GQCV2,AT6ON2YUKJPG7
B0BBLFV3G3,AT6ON2YUKJPG7
B0B7J3DHQH,AT6ON2YUKJPG7
B0B7CBCV1L,AT6ON2YUKJPG7
B0B4SHLJM2,AT6ON2YUKJPG7
B0B4DMP8N5,AT6ON2YUKJPG7
B0B2L88K2Q,AT6ON2YUKJPG7
B0B2CWTJM2,AT6ON2YUKJPG7
B0B1HDH58Z,AT6ON2YUKJPG7
B0B15GJJ1G,AT6ON2YUKJPG7
B0B148T94L,AT6ON2YUKJPG7
B09YRF5416,AT6ON2YUKJPG7
B09VKY57BC,AT6ON2YUKJPG7
B09TP4JWW9,AT6ON2YUKJPG7
B09PTKT3M8,AT6ON2YUKJPG7
B09LTPJHP3,AT6ON2YUKJPG7
B089ZMSR39,AT6ON2YUKJPG7
B08948WMF9,AT6ON2YUKJPG7
B088CYPXSR,AT6ON2YUKJPG7
B088BXFYBM,AT6ON2YUKJPG7
B086G61G9S,AT6ON2YUKJPG7
B085GMDCBF,AT6ON2YUKJPG7
B0832FCVP5,AT6ON2YUKJPG7
B081LQ532J,AT6ON2YUKJPG7
B07PQ4ZLK2,AT6ON2YUKJPG7
B07MSF4X5X,AT6ON2YUKJPG7
B07JF4WTSS,AT6ON2YUKJPG7
B07HB3HPPJ,AT6ON2YUKJPG7
B07FK3Z5RL,AT6ON2YUKJPG7
B07DDCL59V,AT6ON2YUKJPG7
B07CJJDQP2,AT6ON2YUKJPG7
B07BTJRY33,AT6ON2YUKJPG7
B07BF819V2,AT6ON2YUKJPG7
B07B9LQF67,AT6ON2YUKJPG7
B079STNZG4,AT6ON2YUKJPG7
B078PQLHX4,AT6ON2YUKJPG7
B077MX9MBF,AT6ON2YUKJPG7
B074RL4SV6,AT6ON2YUKJPG7
B072X992M2,AT6ON2YUKJPG7
B071HYRPND,AT6ON2YUKJPG7
B0711H2CCM,AT6ON2YUKJPG7
B06XYZGCJR,AT6ON2YUKJPG7
B016OJNLJ2,AT6ON2YUKJPG7
B00T1A91GO,AT6ON2YUKJPG7
B00STQZOV2,AT6ON2YUKJPG7
B00STQZLOM,AT6ON2YUKJPG7
B00S1ACC8Y,AT6ON2YUKJPG7
B00CBJLNW2,AT6ON2YUKJPG7
B00BEZVR16,AT6ON2YUKJPG7
B009RX5H6S,AT6ON2YUKJPG7
B005JT5D18,AT6ON2YUKJPG7
B0055PU5DC,AT6ON2YUKJPG7
B0012FB80S,AT6ON2YUKJPG7
B000EGGPM2,AT6ON2YUKJPG7
0998069302,AT6ON2YUKJPG7
B0D6LRQTFJ,AT6ON2YUKJPG7
B08CL21S55,AT6ON2YUKJPG7
B0002TOSUM,AT6ON2YUKJPG7
B09P3S4SH5,AT6ON2YUKJPG7
B09M7J66NK,AT6ON2YUKJPG7
B081JR3456,AT6ON2YUKJPG7
B09L65Z83D,AT6ON2YUKJPG7
B09339X6ZF,AT6ON2YUKJPG7
B0CYP8NB78,AT6ON2YUKJPG7
B07CH7D32N,AT6ON2YUKJPG7
B0832N67FJ,AT6ON2YUKJPG7
B0B2W5FP6C,AT6ON2YUKJPG7
B0CNR652QP,AT6ON2YUKJPG7
B0BYVNLJJB,AT6ON2YUKJPG7
B0CJFKLB8Z,AT6ON2YUKJPG7
B08GS5P4QG,AT6ON2YUKJPG7
B0053YPXAA,AT6ON2YUKJPG7
B09PDL9259,AT6ON2YUKJPG7
B08GBZ8RW4,AT6ON2YUKJPG7
B00MW6OAK6,AT6ON2YUKJPG7
B0BWGZKJ8N,AT6ON2YUKJPG7
B08JY9SN25,AT6ON2YUKJPG7
B00Z7SWXEG,AT6ON2YUKJPG7
B00GYH1W9G,AT6ON2YUKJPG7
B0DBKJ969J,AT6ON2YUKJPG7
B08237DFGT,AT6ON2YUKJPG7
B0CY5BKB8Z,AT6ON2YUKJPG7
B0CXB8YBRJ,AT6ON2YUKJPG7
B0C6FC1KS5,AT6ON2YUKJPG7
B07737B296,AT6ON2YUKJPG7
B09WQSBZY7,AT6ON2YUKJPG7
B08RRM6PQX,AT6ON2YUKJPG7
B0BRT8XZX1,AT6ON2YUKJPG7
B09KZQ7GRR,AT6ON2YUKJPG7
B094NMNTVC,AT6ON2YUKJPG7
B07ZZDQ8XW,AT6ON2YUKJPG7
B0CXHTF2QC,AT6ON2YUKJPG7
B0C7X6DD7Z,AT6ON2YUKJPG7
B0C3B6FYYK,AT6ON2YUKJPG7
B09J15M4WH,AT6ON2YUKJPG7
B09G4CF1FZ,AT6ON2YUKJPG7
B079G7WC79,AT6ON2YUKJPG7
B0DJMZ44WD,AT6ON2YUKJPG7
B0D7K7NQDF,AT6ON2YUKJPG7
B0CP6TMWQC,AT6ON2YUKJPG7
B0CP18QB6Z,AT6ON2YUKJPG7
B0CBBCJSFY,AT6ON2YUKJPG7
B0C1W74B9Q,AT6ON2YUKJPG7
B09V7TJ7NL,AT6ON2YUKJPG7
B09G24SWG2,AT6ON2YUKJPG7
B09BLT7KNF,AT6ON2YUKJPG7
B098SYDYWQ,AT6ON2YUKJPG7
B091L3NSLQ,AT6ON2YUKJPG7
B08PKTJ1PB,AT6ON2YUKJPG7
B0823M8T38,AT6ON2YUKJPG7
B081GCWLL8,AT6ON2YUKJPG7
B07Z8G2B6F,AT6ON2YUKJPG7
B07THLXN4H,AT6ON2YUKJPG7
B07MXPHWZ6,AT6ON2YUKJPG7
B07KQ21WQP,AT6ON2YUKJPG7
B079HLKVJR,AT6ON2YUKJPG7
B06ZZV9NK6,AT6ON2YUKJPG7
B00FBKT9P6,AT6ON2YUKJPG7
B008743J90,AT6ON2YUKJPG7
B0D8FBT4Q4,AT6ON2YUKJPG7
B0D2P5CYYT,AT6ON2YUKJPG7
B0CZJJJF9G,AT6ON2YUKJPG7
B0CYHYXB2P,AT6ON2YUKJPG7
B0CQXMJ5ZT,AT6ON2YUKJPG7
B0CPV3S7GP,AT6ON2YUKJPG7
B07TZ78TD4,AT6ON2YUKJPG7
B07C2PWB2R,AT6ON2YUKJPG7
B01LYFCS68,AT6ON2YUKJPG7
B0057IPBMW,AT6ON2YUKJPG7
B0D472GG3X,AT6ON2YUKJPG7
B0CKKRZ3T3,AT6ON2YUKJPG7
B0C584B5CQ,AT6ON2YUKJPG7
B0C45DR6SK,AT6ON2YUKJPG7
B0BN4RL4JG,AT6ON2YUKJPG7
B0BMF7H6WV,AT6ON2YUKJPG7
B0BGRBH1ZH,AT6ON2YUKJPG7
B0B3VCZ4XK,AT6ON2YUKJPG7
B09Y8QQ74B,AT6ON2YUKJPG7
B09CM3P2CK,AT6ON2YUKJPG7
B0912PT1G6,AT6ON2YUKJPG7
B08NPB1LK1,AT6ON2YUKJPG7
B09VMV31BC,AT6ON2YUKJPG7
B09V1T81S2,AT6ON2YUKJPG7
B09R4QBMSK,AT6ON2YUKJPG7
B09PVFFBTB,AT6ON2YUKJPG7
B09NW3JT7L,AT6ON2YUKJPG7
B09NDJRGX8,AT6ON2YUKJPG7
B09NBG7JDK,AT6ON2YUKJPG7
B09NB19XFN,AT6ON2YUKJPG7
B09M3TCFX5,AT6ON2YUKJPG7
B09KGZM8HT,AT6ON2YUKJPG7
B09JL3WYGL,AT6ON2YUKJPG7
B09GJL2G8W,AT6ON2YUKJPG7
B09FDS557M,AT6ON2YUKJPG7
B09BM97BVB,AT6ON2YUKJPG7
B099N13MZN,AT6ON2YUKJPG7
B097ZK86C6,AT6ON2YUKJPG7
B0CKNM8B35,AT6ON2YUKJPG7
B0CHN2QHVH,AT6ON2YUKJPG7
B0CGRMHXVY,AT6ON2YUKJPG7
B0CFL9D9B6,AT6ON2YUKJPG7
B0C89KTX8Z,AT6ON2YUKJPG7
B0C794R1J1,AT6ON2YUKJPG7
B0C37QFJJQ,AT6ON2YUKJPG7
B0C36VHX7K,AT6ON2YUKJPG7
B0C2XYP6L3,AT6ON2YUKJPG7
B0BY7ML672,AT6ON2YUKJPG7
B0BXKFK62B,AT6ON2YUKJPG7
B0BXCX7K22,AT6ON2YUKJPG7
B0BWN3ZY47,AT6ON2YUKJPG7
B0BW4LTZLK,AT6ON2YUKJPG7
B0BQ7MCS55,AT6ON2YUKJPG7
B0BDXZD52J,AT6ON2YUKJPG7
B096LSGXVV,AT6ON2YUKJPG7
B095JD7GX2,AT6ON2YUKJPG7
B09446S2KH,AT6ON2YUKJPG7
B08ZFTQLRC,AT6ON2YUKJPG7
B08V8GXBS9,AT6ON2YUKJPG7
B08QRS49ZZ,AT6ON2YUKJPG7
B08P6YS264,AT6ON2YUKJPG7
B08P542WKP,AT6ON2YUKJPG7
B08LGBL3SK,AT6ON2YUKJPG7
B08KVQK6DM,AT6ON2YUKJPG7
B08HVR3SS3,AT6ON2YUKJPG7
B08HH5SWKB,AT6ON2YUKJPG7
B08D3W8XF5,AT6ON2YUKJPG7
B08B3T4SQ1,AT6ON2YUKJPG7
B0891ZG3PR,AT6ON2YUKJPG7
B088WMRF86,AT6ON2YUKJPG7
B07Q3VLXY9,AT6ON2YUKJPG7
B07Q2HMNM1,AT6ON2YUKJPG7
B07PS63GH9,AT6ON2YUKJPG7
B07PQ9D49V,AT6ON2YUKJPG7
B07PLTRF2H,AT6ON2YUKJPG7
B07PH9TK3L,AT6ON2YUKJPG7
B07N4ZDRRW,AT6ON2YUKJPG7
B07MG9X7SR,AT6ON2YUKJPG7
B07HRVLPS9,AT6ON2YUKJPG7
B07HL2VK92,AT6ON2YUKJPG7
B07F2S3RSC,AT6ON2YUKJPG7
B07DJW3M5R,AT6ON2YUKJPG7
B07D6V4QDT,AT6ON2YUKJPG7
B07D13QYY5,AT6ON2YUKJPG7
B07BGVK9WF,AT6ON2YUKJPG7
B078N649MJ,AT6ON2YUKJPG7
B077YWCZ8M,AT6ON2YUKJPG7
B074JK1KL3,AT6ON2YUKJPG7
B073FC249Q,AT6ON2YUKJPG7
B06Y26YK9F,AT6ON2YUKJPG7
B01GI9791O,AT6ON2YUKJPG7
B015DD95YU,AT6ON2YUKJPG7
B012GGQIK6,AT6ON2YUKJPG7
B00UHMFJWK,AT6ON2YUKJPG7
B00R6RQ9B4,AT6ON2YUKJPG7
B00HJATBFO,AT6ON2YUKJPG7
B00AZBO0TG,AT6ON2YUKJPG7
B009YO1HWS,AT6ON2YUKJPG7
B008P8EUFA,AT6ON2YUKJPG7
B00666I50E,AT6ON2YUKJPG7
B003V8A6Y8,AT6ON2YUKJPG7
B000VITOT4,AT6ON2YUKJPG7
B0001DUJH0,AT6ON2YUKJPG7
B089MFW4L4,AT6ON2YUKJPG7
B0812JHNQH,AT6ON2YUKJPG7
B0B9M5641D,AT6ON2YUKJPG7
B09NVPXR79,AT6ON2YUKJPG7
B076YKN2BX,AT6ON2YUKJPG7
B076JSLNP1,AT6ON2YUKJPG7
B0BCXKDS5Q,AT6ON2YUKJPG7
B099RRWY25,AT6ON2YUKJPG7
B07G8QY4P7,AT6ON2YUKJPG7
B00BWY6YKI,AT6ON2YUKJPG7
B0CXJCYXGT,AT6ON2YUKJPG7
B0C5RPX4GQ,AT6ON2YUKJPG7
B07SQ6MRJY,AT6ON2YUKJPG7
B0C7TBG4FD,AT6ON2YUKJPG7
B07M61FMB4,AT6ON2YUKJPG7
B009UKMGP8,AT6ON2YUKJPG7
B0CFCJMYBB,AT6ON2YUKJPG7
B0B7BBWDWT,AT6ON2YUKJPG7
B09X5BFJ6P,AT6ON2YUKJPG7
B09TQJ3LRG,AT6ON2YUKJPG7
B08WTPNBDQ,AT6ON2YUKJPG7
B08VDMSKC4,AT6ON2YUKJPG7
B0CSFHMRYN,AT6ON2YUKJPG7
B0CRVG2V6C,AT6ON2YUKJPG7
B0CRNRLSQL,AT6ON2YUKJPG7
B0CPXTH5BT,AT6ON2YUKJPG7
B0CPQ1F664,AT6ON2YUKJPG7
B0CG6BJNJL,AT6ON2YUKJPG7
B0CFFBD3Q3,AT6ON2YUKJPG7
B0CDS16Z3Z,AT6ON2YUKJPG7
B0CC98NTFV,AT6ON2YUKJPG7
B0C9VSYR4H,AT6ON2YUKJPG7
B0C7ZSNJM3,AT6ON2YUKJPG7
B0C29DDYRY,AT6ON2YUKJPG7
B0C225YJN7,AT6ON2YUKJPG7
B0BZ9JSJYC,AT6ON2YUKJPG7
B0BYN6Q8L7,AT6ON2YUKJPG7
B0BY8B4FHD,AT6ON2YUKJPG7
B088MM4937,AT6ON2YUKJPG7
B088MLVJ22,AT6ON2YUKJPG7
B087V3QJMR,AT6ON2YUKJPG7
B087BDKWDL,AT6ON2YUKJPG7
B08722MXKJ,AT6ON2YUKJPG7
B086SNWPNZ,AT6ON2YUKJPG7
B086QQM1LH,AT6ON2YUKJPG7
B085WX4737,AT6ON2YUKJPG7
B0855JZHYM,AT6ON2YUKJPG7
B07Y3B4WMJ,AT6ON2YUKJPG7
B07X8R95GP,AT6ON2YUKJPG7
B07WFXPKQQ,AT6ON2YUKJPG7
B07W8YW5T3,AT6ON2YUKJPG7
B07V5CRLR1,AT6ON2YUKJPG7
B07TZ4D6XK,AT6ON2YUKJPG7
B07RQSGX6T,AT6ON2YUKJPG7
B08PNPPJ7Q,AT6ON2YUKJPG7
B08LH1BR3L,AT6ON2YUKJPG7
B08HLY4X34,AT6ON2YUKJPG7
B083YZYSMS,AT6ON2YUKJPG7
B07W81R1VN,AT6ON2YUKJPG7
B07PD8PGLR,AT6ON2YUKJPG7
B07G8QHXN4,AT6ON2YUKJPG7
B07G56H11C,AT6ON2YUKJPG7
B07D2WRZ7G,AT6ON2YUKJPG7
B0739K29YF,AT6ON2YUKJPG7
B015GA7OC0,AT6ON2YUKJPG7
B00C1ERSRQ,AT6ON2YUKJPG7
B00200LO7Q,AT6ON2YUKJPG7
B0D3F9P6GZ,AT6ON2YUKJPG7
B0D1FX664G,AT6ON2YUKJPG7
B0CZH6TM28,AT6ON2YUKJPG7
B0BY3DZTTL,AT6ON2YUKJPG7
B0BWBTZV73,AT6ON2YUKJPG7
B0BRSMNRLS,AT6ON2YUKJPG7
B0BPFMKXR2,AT6ON2YUKJPG7
B0BK1QWVF9,AT6ON2YUKJPG7
B0BJB892N3,AT6ON2YUKJPG7
B0B1MMGJ6Z,AT6ON2YUKJPG7
B09ZTPZ2B4,AT6ON2YUKJPG7
B09YS4LD82,AT6ON2YUKJPG7
B09YC927QN,AT6ON2YUKJPG7
B09XXPX4SP,AT6ON2YUKJPG7
B09WCNBT23,AT6ON2YUKJPG7
B09S5XSLWH,AT6ON2YUKJPG7
B09Q5C8J3Z,AT6ON2YUKJPG7
B09MZ19QMJ,AT6ON2YUKJPG7
B09MQDSWV6,AT6ON2YUKJPG7
B08T643BYP,AT6ON2YUKJPG7
B08NSC61J5,AT6ON2YUKJPG7
B08KS49ZZV,AT6ON2YUKJPG7
B08K2QTZVL,AT6ON2YUKJPG7
B08GKDTNG8,AT6ON2YUKJPG7
B08C5KB9BW,AT6ON2YUKJPG7
B08BZDYNDT,AT6ON2YUKJPG7
B08BKRJG1N,AT6ON2YUKJPG7
B0893XQC94,AT6ON2YUKJPG7
B086352XV6,AT6ON2YUKJPG7
B084VV8Z55,AT6ON2YUKJPG7
B0845NR81K,AT6ON2YUKJPG7
B083TB2MDN,AT6ON2YUKJPG7
B0831BJ4TG,AT6ON2YUKJPG7
B081YQGVXC,AT6ON2YUKJPG7
B07X4WBKJT,AT6ON2YUKJPG7
B07WNL6S78,AT6ON2YUKJPG7
B07WMXN3V2,AT6ON2YUKJPG7
B07WJFKXH5,AT6ON2YUKJPG7
B07WGD4N8S,AT6ON2YUKJPG7
B07VS4NF8R,AT6ON2YUKJPG7
B07TV6WJ13,AT6ON2YUKJPG7
B07RHS6MB3,AT6ON2YUKJPG7
B07PHLL6VJ,AT6ON2YUKJPG7
B07NYN2YJ4,AT6ON2YUKJPG7
B07NGLMVPG,AT6ON2YUKJPG7
B07KF3G4CW,AT6ON2YUKJPG7
B07KBZG9VC,AT6ON2YUKJPG7
B07G6VGKMV,AT6ON2YUKJPG7
B07CYPQR8R,AT6ON2YUKJPG7
B071LH51NG,AT6ON2YUKJPG7
B06XVQHYYH,AT6ON2YUKJPG7
B0BBB1ZPZV,AT6ON2YUKJPG7
B0B9SGJWJB,AT6ON2YUKJPG7
B0B7GF5P5P,AT6ON2YUKJPG7
B0B6SS47TW,AT6ON2YUKJPG7
B0B6SNB6NG,AT6ON2YUKJPG7
B0B6RCP52M,AT6ON2YUKJPG7
B0B63VD37F,AT6ON2YUKJPG7
B0B5B23LF8,AT6ON2YUKJPG7
B0B3Q6NLCF,AT6ON2YUKJPG7
B0B2QCH6WK,AT6ON2YUKJPG7
B09ZDLT7YM,AT6ON2YUKJPG7
B09YYDS1XN,AT6ON2YUKJPG7
B09YLVV61W,AT6ON2YUKJPG7
B09Y1P2TJB,AT6ON2YUKJPG7
B09WTH11QM,AT6ON2YUKJPG7
B09WCNLRGR,AT6ON2YUKJPG7
B09MF2LLKB,AT6ON2YUKJPG7
B09M3L9LVS,AT6ON2YUKJPG7
B09JVSGHBN,AT6ON2YUKJPG7
B09H2BD5N8,AT6ON2YUKJPG7
B09F727Y25,AT6ON2YUKJPG7
B09DP741QR,AT6ON2YUKJPG7
B09BCSMYZ4,AT6ON2YUKJPG7
B09987YYM3,AT6ON2YUKJPG7
B0973RR89C,AT6ON2YUKJPG7
B0973FZB24,AT6ON2YUKJPG7
B0968GFP2W,AT6ON2YUKJPG7
B0956JJLH3,AT6ON2YUKJPG7
B0952BX9ST,AT6ON2YUKJPG7
B09487TXK7,AT6ON2YUKJPG7
B0937J6Z4X,AT6ON2YUKJPG7
B08TBCC94B,AT6ON2YUKJPG7
B01H8Z28OA,AT6ON2YUKJPG7
B0186IXTHI,AT6ON2YUKJPG7
B00OS9APGS,AT6ON2YUKJPG7
B00NWD4YNG,AT6ON2YUKJPG7
B00KAL7C14,AT6ON2YUKJPG7
B00DTDYPWO,AT6ON2YUKJPG7
B00DMIDUUY,AT6ON2YUKJPG7
B00BGEPVQM,AT6ON2YUKJPG7
B007U2GYIS,AT6ON2YUKJPG7
B00B3B5VTU,AT6ON2YUKJPG7
B089Y9ZHKK,AT6ON2YUKJPG7
B08CL3YLZC,AT6ON2YUKJPG7
B075LZ8MNR,AT6ON2YUKJPG7
B07Q1XPBBT,AT6ON2YUKJPG7
B0BRQ2SBG2,AT6ON2YUKJPG7
B0BCN63X8Z,AT6ON2YUKJPG7
B0B7XJ4BRN,AT6ON2YUKJPG7
B07BLFRSY4,AT6ON2YUKJPG7
B079BJWTD8,AT6ON2YUKJPG7
B00Q9SHB9U,AT6ON2YUKJPG7
B07NDGH9SJ,AT6ON2YUKJPG7
B07FH3LH1H,AT6ON2YUKJPG7
B0CQLXC3DX,AT6ON2YUKJPG7
B0CCCP3X54,AT6ON2YUKJPG7
B0C8M1246Q,AT6ON2YUKJPG7
B0DNW5K2Y2,AT6ON2YUKJPG7
B07X5VBCQJ,AT6ON2YUKJPG7
B0CFG2J3WV,AT6ON2YUKJPG7
B01HZO8EHO,AT6ON2YUKJPG7
B09QFKTZFW,AT6ON2YUKJPG7
B09NR35QT6,AT6ON2YUKJPG7
B099DS8Y9S,AT6ON2YUKJPG7
B098PKQMSF,AT6ON2YUKJPG7
B0977LTKHQ,AT6ON2YUKJPG7
B0942HPCP4,AT6ON2YUKJPG7
B08M9N5QKY,AT6ON2YUKJPG7
B08DNG34CY,AT6ON2YUKJPG7
B07LCSYGMC,AT6ON2YUKJPG7
B01MZWIEXE,AT6ON2YUKJPG7
B01MTDAIPW,AT6ON2YUKJPG7
B00CCJDCXE,AT6ON2YUKJPG7
B0D8J8J2VL,AT6ON2YUKJPG7
B0D7ZT6Q2K,AT6ON2YUKJPG7
B0D3XR1RC7,AT6ON2YUKJPG7
B0D2VPD2P8,AT6ON2YUKJPG7
B0BVYZGNFN,AT6ON2YUKJPG7
B0CZZX7943,AT6ON2YUKJPG7
B09ZNY4QJQ,AT6ON2YUKJPG7
B08DQVTZ13,AT6ON2YUKJPG7
B0DGX9PQ8H,AT6ON2YUKJPG7
B00BP3T2MS,AT6ON2YUKJPG7
B0BN367J7T,AT6ON2YUKJPG7
B0D3HKN2WB,AT6ON2YUKJPG7
B0BW3DLXHH,AT6ON2YUKJPG7
B0C348DWQM,AT6ON2YUKJPG7
B0B1VZST6Y,AT6ON2YUKJPG7
B08L1B913C,AT6ON2YUKJPG7
B07QDBJBWV,AT6ON2YUKJPG7
B01C7AU8IY,AT6ON2YUKJPG7
B000PQ785E,AT6ON2YUKJPG7
B09JKJ9V2F,AT6ON2YUKJPG7
B000LFA4MI,AT6ON2YUKJPG7
B000BIDG9S,AT6ON2YUKJPG7
B08ZY96VMD,AT6ON2YUKJPG7
B0CR6BW9CJ,AT6ON2YUKJPG7
B007ZDH5K8,AT6ON2YUKJPG7
B0D3GBQ6ZV,AT6ON2YUKJPG7
B0D3WTHC5S,AT6ON2YUKJPG7
B0CJ2J74LQ,AT6ON2YUKJPG7
B0CHVDYJ84,AT6ON2YUKJPG7
B0CHRFBGV7,AT6ON2YUKJPG7
B0CGTKD49D,AT6ON2YUKJPG7
B0CGCMXF9V,AT6ON2YUKJPG7
B0CGB4DM8K,AT6ON2YUKJPG7
B0CFXTJ5S3,AT6ON2YUKJPG7
B0CBY8N1KC,AT6ON2YUKJPG7
B0CBHKWQMY,AT6ON2YUKJPG7
B0CB5XPKRN,AT6ON2YUKJPG7
B0C9W7DK1M,AT6ON2YUKJPG7
B0C6LTNYMK,AT6ON2YUKJPG7
B0C21K29BV,AT6ON2YUKJPG7
B0BY3FK8QG,AT6ON2YUKJPG7
B0BXXCX47C,AT6ON2YUKJPG7
B0BVLM75JZ,AT6ON2YUKJPG7
B0BVJDD1D6,AT6ON2YUKJPG7
B0BVHK56KQ,AT6ON2YUKJPG7
B0BT419FX6,AT6ON2YUKJPG7
B0BS127XMG,AT6ON2YUKJPG7
B0BPF1N1NB,AT6ON2YUKJPG7
B0BP5SZPY4,AT6ON2YUKJPG7
B0BNPSRYZ2,AT6ON2YUKJPG7
B0BN3Q3LW3,AT6ON2YUKJPG7
B0BHWXZ2VK,AT6ON2YUKJPG7
B0BHJM3KMV,AT6ON2YUKJPG7
B0BH93J8PZ,AT6ON2YUKJPG7
B0BH6S8BJM,AT6ON2YUKJPG7
B0BGZLLJPX,AT6ON2YUKJPG7
B0BD8KSWLT,AT6ON2YUKJPG7
B0BCN65Y9F,AT6ON2YUKJPG7
B0B8RMPXGT,AT6ON2YUKJPG7
B08LHJR3K4,AT6ON2YUKJPG7
B07YNHS6F4,AT6ON2YUKJPG7
B07MFNBV8D,AT6ON2YUKJPG7
B000CCG1E0,AT6ON2YUKJPG7
B0DLNHFY7S,AT6ON2YUKJPG7
B0D7VG2HW5,AT6ON2YUKJPG7
B0D1K1YPLN,AT6ON2YUKJPG7
B0CP1CST2Z,AT6ON2YUKJPG7
B0CLRWCB9T,AT6ON2YUKJPG7
B0C7ZNZ53R,AT6ON2YUKJPG7
B0C62JLGVV,AT6ON2YUKJPG7
B0BW2FSMGB,AT6ON2YUKJPG7
B0BPS75QSV,AT6ON2YUKJPG7
B0BNR3Q4LQ,AT6ON2YUKJPG7
B0BCL21JRC,AT6ON2YUKJPG7
B09TZJC1T7,AT6ON2YUKJPG7
B0CZHNXN3S,AT6ON2YUKJPG7
B0CYQ462T8,AT6ON2YUKJPG7
B0CWL4FJ8X,AT6ON2YUKJPG7
B0CTF19HMM,AT6ON2YUKJPG7
B0CS5R7L38,AT6ON2YUKJPG7
B0CPY2TVM4,AT6ON2YUKJPG7
B0CPT25H9F,AT6ON2YUKJPG7
B0CP26C414,AT6ON2YUKJPG7
B0CNGWHJL3,AT6ON2YUKJPG7
B0CND9R3GN,AT6ON2YUKJPG7
B0CMXD6KYD,AT6ON2YUKJPG7
B0CM6W1YVL,AT6ON2YUKJPG7
B0CJNDW7YT,AT6ON2YUKJPG7
B0CJHQ8J8L,AT6ON2YUKJPG7
B0CJC7HP2M,AT6ON2YUKJPG7
B0CJ8NLWPH,AT6ON2YUKJPG7
B0B76FSQNZ,AT6ON2YUKJPG7
B0B31SJ5Q1,AT6ON2YUKJPG7
B09X7HQ5KD,AT6ON2YUKJPG7
B09WK89P3N,AT6ON2YUKJPG7
B09VBS1W9G,AT6ON2YUKJPG7
B09SCL3RTY,AT6ON2YUKJPG7
B09RQ812XS,AT6ON2YUKJPG7
B09RQ33Q5S,AT6ON2YUKJPG7
B09MZYJTCC,AT6ON2YUKJPG7
B09MBLTMDY,AT6ON2YUKJPG7
B09KTSYZ4L,AT6ON2YUKJPG7
B09K2F4JBJ,AT6ON2YUKJPG7
B09J8P37RR,AT6ON2YUKJPG7
B09HGS4RZD,AT6ON2YUKJPG7
B09GV3SM6B,AT6ON2YUKJPG7
B09FLJZ8R2,AT6ON2YUKJPG7
B09FGJCTZP,AT6ON2YUKJPG7
B099KHN6R3,AT6ON2YUKJPG7
B09655K4J8,AT6ON2YUKJPG7
B093SRMYLD,AT6ON2YUKJPG7
B093Q96ZL3,AT6ON2YUKJPG7
B08ZYHDK7H,AT6ON2YUKJPG7
B08Y819QP5,AT6ON2YUKJPG7
B08Y57XVGD,AT6ON2YUKJPG7
B08RWY2RCC,AT6ON2YUKJPG7
B08R5R8W2Q,AT6ON2YUKJPG7
B08NX15RQ8,AT6ON2YUKJPG7
B08MCRVVJX,AT6ON2YUKJPG7
B08JCSLJ88,AT6ON2YUKJPG7
B08J983N91,AT6ON2YUKJPG7
B08HFXSRXT,AT6ON2YUKJPG7
B08DNXTC58,AT6ON2YUKJPG7
B07CG7M2ZQ,AT6ON2YUKJPG7
B079WQ1HV9,AT6ON2YUKJPG7
B074XHGZ5S,AT6ON2YUKJPG7
B072JVRSBX,AT6ON2YUKJPG7
B0716KB8PP,AT6ON2YUKJPG7
B01N65IIPG,AT6ON2YUKJPG7
B01MRMFGYI,AT6ON2YUKJPG7
B01IX0VPIO,AT6ON2YUKJPG7
B01H1CAY0U,AT6ON2YUKJPG7
B00P7FFGRU,AT6ON2YUKJPG7
B00KTI0JW2,AT6ON2YUKJPG7
B00HM2KVPS,AT6ON2YUKJPG7
B00ESJ18WS,AT6ON2YUKJPG7
B00DQE5ZMK,AT6ON2YUKJPG7
B00CJTCT5O,AT6ON2YUKJPG7
B0067EX8RU,AT6ON2YUKJPG7
B08D3T2W74,AT6ON2YUKJPG7
B08B82W8CW,AT6ON2YUKJPG7
B089X5CF8W,AT6ON2YUKJPG7
B088VHD4KH,AT6ON2YUKJPG7
B083DRBX48,AT6ON2YUKJPG7
B081ZF52YF,AT6ON2YUKJPG7
B081Q6WNZL,AT6ON2YUKJPG7
B07X64GXQF,AT6ON2YUKJPG7
B07WNKM6CT,AT6ON2YUKJPG7
B07V2J414J,AT6ON2YUKJPG7
B07SXVM377,AT6ON2YUKJPG7
B07R2DXHDM,AT6ON2YUKJPG7
B07MDDFR7N,AT6ON2YUKJPG7
B07JW437T9,AT6ON2YUKJPG7
B07G8LWQKD,AT6ON2YUKJPG7
B07FFB8M3Q,AT6ON2YUKJPG7
B004V7F09Y,AT6ON2YUKJPG7
B003WUYG14,AT6ON2YUKJPG7
B002NU6HBQ,AT6ON2YUKJPG7
B000R88BCO,AT6ON2YUKJPG7
B00HVA3QYY,AT6ON2YUKJPG7
B09MMFR9KW,AT6ON2YUKJPG7
B000HL6EES,AT6ON2YUKJPG7
B0CL4CRHTW,AT6ON2YUKJPG7
B0779LJWVM,AT6ON2YUKJPG7
B092DJHDC5,AT6ON2YUKJPG7
B087CRKG75,AT6ON2YUKJPG7
B0C4H89WYR,AT6ON2YUKJPG7
B09BQZSXL4,AT6ON2YUKJPG7
B099P8HW3Q,AT6ON2YUKJPG7
B08HCXPLBY,AT6ON2YUKJPG7
B07LB96GFJ,AT6ON2YUKJPG7
B07KYHKCRY,AT6ON2YUKJPG7
B06XJ8P2P9,AT6ON2YUKJPG7
B013T0LY2K,AT6ON2YUKJPG7
B00LFPRB1A,AT6ON2YUKJPG7
B004BQ47CQ,AT6ON2YUKJPG7
B0DP5XL9XW,AT6ON2YUKJPG7
B0DKKN4BPH,AT6ON2YUKJPG7
B0CTH1P36H,AT6ON2YUKJPG7
B09TD1FYFS,AT6ON2YUKJPG7
B09PZXRYDN,AT6ON2YUKJPG7
B0B3JVH76G,AT6ON2YUKJPG7
B07463XHN9,AT6ON2YUKJPG7
B0CKYQ1CWT,AT6ON2YUKJPG7
B0BDHM21D5,AT6ON2YUKJPG7
B09469J2QR,AT6ON2YUKJPG7
B0BFDTG2S2,AT6ON2YUKJPG7
B09MVVHZBD,AT6ON2YUKJPG7
B07NJ9N1Q6,AT6ON2YUKJPG7
B0CZVPSGZ6,AT6ON2YUKJPG7
B09Y9H1HNJ,AT6ON2YUKJPG7
B092J2XW7V,AT6ON2YUKJPG7
B093T6XH5K,AT6ON2YUKJPG7
B0BXFR453B,AT6ON2YUKJPG7
B0B7M6QC76,AT6ON2YUKJPG7
B0D9GVX3XN,AT6ON2YUKJPG7
B07H1TTXXX,AT6ON2YUKJPG7
B01C5YB7LE,AT6ON2YUKJPG7
B00RGDV4UE,AT6ON2YUKJPG7
B00BK6LE4Y,AT6ON2YUKJPG7
B0BZX7S3XV,AT6ON2YUKJPG7
B07DCW9NWR,AT6ON2YUKJPG7
B01BULQC7M,AT6ON2YUKJPG7
B0C8N6GWVX,AT6ON2YUKJPG7
B0C85431PL,AT6ON2YUKJPG7
B0C242LVCM,AT6ON2YUKJPG7
B0BYK7K8HC,AT6ON2YUKJPG7
B0BRTMGXMZ,AT6ON2YUKJPG7
B0BF9Y3R7G,AT6ON2YUKJPG7
B0BD3TJF61,AT6ON2YUKJPG7
B0B67LQGBL,AT6ON2YUKJPG7
B09N2PTPTG,AT6ON2YUKJPG7
B09LT39667,AT6ON2YUKJPG7
B08CD5MN2F,AT6ON2YUKJPG7
B07R45P1VS,AT6ON2YUKJPG7
B07FQL842J,AT6ON2YUKJPG7
B01LXZYKZB,AT6ON2YUKJPG7
B01BZ1YKQW,AT6ON2YUKJPG7
B00VRTKQZC,AT6ON2YUKJPG7
B00TRM0UI4,AT6ON2YUKJPG7
B00HF5O6WQ,AT6ON2YUKJPG7
0205062040,AT6ON2YUKJPG7
B0CTQXKTDC,AT6ON2YUKJPG7
B0CKNNSC27,AT6ON2YUKJPG7
B0CGLW9D8X,AT6ON2YUKJPG7
B0CCNXDSFF,AT6ON2YUKJPG7
B0BKJH17WX,AT6ON2YUKJPG7
B0B9GK31GC,AT6ON2YUKJPG7
B0B5GGBW99,AT6ON2YUKJPG7
B0B3CVZH3K,AT6ON2YUKJPG7
B09TG6VF8R,AT6ON2YUKJPG7
B09DGN7DSN,AT6ON2YUKJPG7
B09293WWD3,AT6ON2YUKJPG7
B08F9VTFT7,AT6ON2YUKJPG7
B08D75TY7X,AT6ON2YUKJPG7
B086XGBHH3,AT6ON2YUKJPG7
B081S78PZM,AT6ON2YUKJPG7
B07N14WRD5,AT6ON2YUKJPG7
B07CXLYS6K,AT6ON2YUKJPG7
B01G3V3GM8,AT6ON2YUKJPG7
B01CDMU3KE,AT6ON2YUKJPG7
B00A7YBEKE,AT6ON2YUKJPG7
B0041CA6BQ,AT6ON2YUKJPG7
B0DLPWLZHZ,AT6ON2YUKJPG7
B0DH4JF17D,AT6ON2YUKJPG7
B0DB21QQS1,AT6ON2YUKJPG7
B0D9Y1VXRJ,AT6ON2YUKJPG7
B0D9J8CL63,AT6ON2YUKJPG7
B0D9HVYV6X,AT6ON2YUKJPG7
B0D53GYMYN,AT6ON2YUKJPG7
B0D4X5QW87,AT6ON2YUKJPG7
B0D4QSVJ4S,AT6ON2YUKJPG7
B0D3283ZHY,AT6ON2YUKJPG7
B0D1XWJT63,AT6ON2YUKJPG7
B0CZMC6KMK,AT6ON2YUKJPG7
B0CZDZFPH7,AT6ON2YUKJPG7
B0CZ2TT38Q,AT6ON2YUKJPG7
B0CYRBDJC8,AT6ON2YUKJPG7
B0CWSNPXVY,AT6ON2YUKJPG7
B0CSD4R7X8,AT6ON2YUKJPG7
B0CSD4PW9T,AT6ON2YUKJPG7
B0CS3PGQZG,AT6ON2YUKJPG7
B0CS2FG765,AT6ON2YUKJPG7
B0CRSTZKQP,AT6ON2YUKJPG7
B0CMLJ6MCT,AT6ON2YUKJPG7
B0CLZRG9GW,AT6ON2YUKJPG7
B0CLQSD7MF,AT6ON2YUKJPG7
B0CL7VM3RF,AT6ON2YUKJPG7
B0CJQW8D4D,AT6ON2YUKJPG7
B0CHJLGWCC,AT6ON2YUKJPG7
B0CG58BTXT,AT6ON2YUKJPG7
B0CCTTD1YF,AT6ON2YUKJPG7
B0CBVBG6BP,AT6ON2YUKJPG7
B0C8STXF1R,AT6ON2YUKJPG7
B0C7TKTWVZ,AT6ON2YUKJPG7
B0C7T63NR1,AT6ON2YUKJPG7
B0C7D7KRM7,AT6ON2YUKJPG7
B0C4YNCDHD,AT6ON2YUKJPG7
B0C33CNSL5,AT6ON2YUKJPG7
B0C2PK4QL2,AT6ON2YUKJPG7
B0C1W6TG5M,AT6ON2YUKJPG7
B0C1BZ3TZZ,AT6ON2YUKJPG7
B0C17TZPXX,AT6ON2YUKJPG7
B0BZY3ZPZ8,AT6ON2YUKJPG7
B0BZQM5RYN,AT6ON2YUKJPG7
B0BZPCC7SP,AT6ON2YUKJPG7
B0BZ7YZDCV,AT6ON2YUKJPG7
B0BYZCW4D3,AT6ON2YUKJPG7
B0BYNM967K,AT6ON2YUKJPG7
B0BVM8D8DC,AT6ON2YUKJPG7
B0BTNYL8Y5,AT6ON2YUKJPG7
B0BS3LJG3T,AT6ON2YUKJPG7
B0BRXTBRHS,AT6ON2YUKJPG7
B0BQHZ1P1M,AT6ON2YUKJPG7
B0BQBL9Y93,AT6ON2YUKJPG7
B0BNFXR2X7,AT6ON2YUKJPG7
B0BN528PVX,AT6ON2YUKJPG7
B0BM8TPQMV,AT6ON2YUKJPG7
B0BLN5LQ84,AT6ON2YUKJPG7
B0BLMK3XVR,AT6ON2YUKJPG7
B0BCFM6QR2,AT6ON2YUKJPG7
B0BC1BJ817,AT6ON2YUKJPG7
B0BBLY59GY,AT6ON2YUKJPG7
B0B971G855,AT6ON2YUKJPG7
B0B669QC6J,AT6ON2YUKJPG7
B0B58TX4BQ,AT6ON2YUKJPG7
B0B57F3F1X,AT6ON2YUKJPG7
B0B4GDMY4M,AT6ON2YUKJPG7
B0B1X3KL87,AT6ON2YUKJPG7
B09ZP4RTXD,AT6ON2YUKJPG7
B09Z27JK5K,AT6ON2YUKJPG7
B09YC7MDQV,AT6ON2YUKJPG7
B09XD2HNPZ,AT6ON2YUKJPG7
B09X4MC7C2,AT6ON2YUKJPG7
B09X22H11P,AT6ON2YUKJPG7
B09TXLD24Q,AT6ON2YUKJPG7
B09TR537YJ,AT6ON2YUKJPG7
B09R4SYGBX,AT6ON2YUKJPG7
B09NSXGGCS,AT6ON2YUKJPG7
B09MGCGK6R,AT6ON2YUKJPG7
B09LR1B9B4,AT6ON2YUKJPG7
B09JB5K958,AT6ON2YUKJPG7
B09HC5WVP5,AT6ON2YUKJPG7
B09GVPZGTR,AT6ON2YUKJPG7
B09GV6ZV1D,AT6ON2YUKJPG7
B09GJ667Q6,AT6ON2YUKJPG7
B09DKXFBS5,AT6ON2YUKJPG7
B09BDZ41QN,AT6ON2YUKJPG7
B09B6D4DMV,AT6ON2YUKJPG7
B09B1RRDK3,AT6ON2YUKJPG7
B09B1R8MPG,AT6ON2YUKJPG7
B097ZM5B3M,AT6ON2YUKJPG7
B096ZDZXYT,AT6ON2YUKJPG7
B08RYZ1V55,AT6ON2YUKJPG7
B08RR7Y6S6,AT6ON2YUKJPG7
B08R2P64PT,AT6ON2YUKJPG7
B08R1BHPXT,AT6ON2YUKJPG7
B08QYRLGNR,AT6ON2YUKJPG7
B08PL6K2C5,AT6ON2YUKJPG7
B08P76MGJN,AT6ON2YUKJPG7
B08P4J7X8T,AT6ON2YUKJPG7
B08NSR2Y4N,AT6ON2YUKJPG7
B08NN8QDT1,AT6ON2YUKJPG7
B08LGRF5Z8,AT6ON2YUKJPG7
B08LDXK4LX,AT6ON2YUKJPG7
B08LDWH7VF,AT6ON2YUKJPG7
B08L8DG1FX,AT6ON2YUKJPG7
B08JGX18RZ,AT6ON2YUKJPG7
B08J8955XZ,AT6ON2YUKJPG7
B08HV6R9JW,AT6ON2YUKJPG7
B08HMJ3QRL,AT6ON2YUKJPG7
B08FR927TQ,AT6ON2YUKJPG7
B0839R8ZJG,AT6ON2YUKJPG7
B082WLTG55,AT6ON2YUKJPG7
B07ZZHN3LZ,AT6ON2YUKJPG7
B07ZTL388D,AT6ON2YUKJPG7
B07XV5KTKZ,AT6ON2YUKJPG7
B07X13DBY6,AT6ON2YUKJPG7
B07WKKHWRX,AT6ON2YUKJPG7
B07WF9LR3C,AT6ON2YUKJPG7
B07VZLY2JF,AT6ON2YUKJPG7
B07VWKKBPY,AT6ON2YUKJPG7
B07TK27JF1,AT6ON2YUKJPG7
B07RJZKYC3,AT6ON2YUKJPG7
B07RJSWXP8,AT6ON2YUKJPG7
B07NP1WFCR,AT6ON2YUKJPG7
B07MYW3G9F,AT6ON2YUKJPG7
B07MCGGXY3,AT6ON2YUKJPG7
B08F48LR45,AT6ON2YUKJPG7
B08CS7Y99Y,AT6ON2YUKJPG7
B08CGCWY72,AT6ON2YUKJPG7
B08CDFXTZY,AT6ON2YUKJPG7
B08BNBWW1T,AT6ON2YUKJPG7
B087CDGHB4,AT6ON2YUKJPG7
B086X85C44,AT6ON2YUKJPG7
B086S3Z7DN,AT6ON2YUKJPG7
B086MG3S7D,AT6ON2YUKJPG7
B0868Y5VNW,AT6ON2YUKJPG7
B08636R5T3,AT6ON2YUKJPG7
B085TBFRPG,AT6ON2YUKJPG7
B085M9X466,AT6ON2YUKJPG7
B085B6YRDR,AT6ON2YUKJPG7
B0846PJ2ZS,AT6ON2YUKJPG7
B083FCF6PJ,AT6ON2YUKJPG7
B074KGL98B,AT6ON2YUKJPG7
B07449RY7W,AT6ON2YUKJPG7
B0725R29L7,AT6ON2YUKJPG7
B071X9F3MS,AT6ON2YUKJPG7
B01EWSL26G,AT6ON2YUKJPG7
B01BULQCT0,AT6ON2YUKJPG7
B018A0BO92,AT6ON2YUKJPG7
B00ZHN3NYU,AT6ON2YUKJPG7
B00SX7O35U,AT6ON2YUKJPG7
B00SS92BFW,AT6ON2YUKJPG7
B00IZ9KBJ8,AT6ON2YUKJPG7
B00I21YUSC,AT6ON2YUKJPG7
B00GLZZSN2,AT6ON2YUKJPG7
B00F12JLZC,AT6ON2YUKJPG7
B00DB822V8,AT6ON2YUKJPG7
B00CJHZJUI,AT6ON2YUKJPG7
B008CG60FS,AT6ON2YUKJPG7
B005JM2YQW,AT6ON2YUKJPG7
B0055JIV20,AT6ON2YUKJPG7
B004VZJY5W,AT6ON2YUKJPG7
B004S6JGXO,AT6ON2YUKJPG7
B003R39AVM,AT6ON2YUKJPG7
B003NV5JUE,AT6ON2YUKJPG7
B00004SUQM,AT6ON2YUKJPG7
B0D12X884H,AT6ON2YUKJPG7
B0CQLKJTQG,AT6ON2YUKJPG7
B0C73W8L4L,AT6ON2YUKJPG7
B0C1HN3PDC,AT6ON2YUKJPG7
B0084HQU9G,AT6ON2YUKJPG7
B08XGBK5ZG,AT6ON2YUKJPG7
B07J2SYYNG,AT6ON2YUKJPG7
B07GRLPW53,AT6ON2YUKJPG7
B07MBGYCRR,AT6ON2YUKJPG7
B07K6BGFDG,AT6ON2YUKJPG7
B07HXTTLN1,AT6ON2YUKJPG7
B07HMG7274,AT6ON2YUKJPG7
B07HJ54LTD,AT6ON2YUKJPG7
B07H5PTQML,AT6ON2YUKJPG7
B07GQBSFQ8,AT6ON2YUKJPG7
B07DJPB3GV,AT6ON2YUKJPG7
B07D9J1482,AT6ON2YUKJPG7
B07D1BT15M,AT6ON2YUKJPG7
B07CQ9R1YZ,AT6ON2YUKJPG7
B07BT2DXKG,AT6ON2YUKJPG7
B079XP8R9Q,AT6ON2YUKJPG7
B079DWFCT8,AT6ON2YUKJPG7
B078XKSQ41,AT6ON2YUKJPG7
B074PC9T6R,AT6ON2YUKJPG7
B0C4K4VXDG,AT6ON2YUKJPG7
B09N9W1JHB,AT6ON2YUKJPG7
B08K4TNSNL,AT6ON2YUKJPG7
B083DRBKBY,AT6ON2YUKJPG7
B09Q34XVZ5,AT6ON2YUKJPG7
B076YY5GM5,AT6ON2YUKJPG7
B0DCVRNTJB,AT6ON2YUKJPG7
B07CZCTGBK,AT6ON2YUKJPG7
B01MF9DOWS,AT6ON2YUKJPG7
B0BJPKN7MV,AT6ON2YUKJPG7
B01N6VRG96,AT6ON2YUKJPG7
B00A31Q7J4,AT6ON2YUKJPG7
B00288Q1CS,AT6ON2YUKJPG7
B09YTXTDMP,AT6ON2YUKJPG7
B09S8ZB7TS,AT6ON2YUKJPG7
B087JQM9SM,AT6ON2YUKJPG7
B07L38NB7Q,AT6ON2YUKJPG7
B06Y1CSRZX,AT6ON2YUKJPG7
B0CDW1YXC9,AT6ON2YUKJPG7
B0BH3ZL6Y2,AT6ON2YUKJPG7
B09S918MS7,AT6ON2YUKJPG7
B09DCDFT6H,AT6ON2YUKJPG7
B097TQHRL8,AT6ON2YUKJPG7
B07V1CHK7W,AT6ON2YUKJPG7
B00ICBANMY,AT6ON2YUKJPG7
B0CSBZ1432,AT6ON2YUKJPG7
B0CQT24873,AT6ON2YUKJPG7
B0BWY5SBJ9,AT6ON2YUKJPG7
B0BV2M63Y9,AT6ON2YUKJPG7
B07QX81JZ7,AT6ON2YUKJPG7
B018FJO2HO,AT6ON2YUKJPG7
B0D8PZ69LV,AT6ON2YUKJPG7
B09S7PP9PC,AT6ON2YUKJPG7
B004NN2GRK,AT6ON2YUKJPG7
B0CP192PLM,AT6ON2YUKJPG7
B0C26WH1MT,AT6ON2YUKJPG7
B09XJWKNCX,AT6ON2YUKJPG7
B0055QNLR8,AT6ON2YUKJPG7
B0BRTLXZBG,AT6ON2YUKJPG7
B0BK47QT9Z,AT6ON2YUKJPG7
B0B927Q58P,AT6ON2YUKJPG7
B0D7VC6QXC,AT6ON2YUKJPG7
B0CKVGBM6J,AT6ON2YUKJPG7
B0C7QK47FH,AT6ON2YUKJPG7
B0BQZN1Q8X,AT6ON2YUKJPG7
B0BB1249KW,AT6ON2YUKJPG7
B0B58T79H3,AT6ON2YUKJPG7
B09ZVQDCLV,AT6ON2YUKJPG7
B097TMYJ8R,AT6ON2YUKJPG7
B08TMSNGNM,AT6ON2YUKJPG7
B08TBNFLDB,AT6ON2YUKJPG7
B08NPB7CMX,AT6ON2YUKJPG7
B089P2YD6N,AT6ON2YUKJPG7
B07Z8389DD,AT6ON2YUKJPG7
B07S2CVCGP,AT6ON2YUKJPG7
B07HVKZKDT,AT6ON2YUKJPG7
B078JJGTC5,AT6ON2YUKJPG7
B078JDSC6F,AT6ON2YUKJPG7
B01H1HIYS4,AT6ON2YUKJPG7
B01A3QLHRU,AT6ON2YUKJPG7
B00Q2PT5W6,AT6ON2YUKJPG7
B008VE7A1O,AT6ON2YUKJPG7
B002RLCPTY,AT6ON2YUKJPG7
B001A4WWCO,AT6ON2YUKJPG7
B0CYYZ11FK,AT6ON2YUKJPG7
B0DPHRQFHB,AT6ON2YUKJPG7
B0DG8X8ZL7,AT6ON2YUKJPG7
B0DCTV1WPS,AT6ON2YUKJPG7
B0DC5B1L8N,AT6ON2YUKJPG7
B0DBHNHQ3X,AT6ON2YUKJPG7
B0DB2B4LDG,AT6ON2YUKJPG7
B0D1RCZ4R8,AT6ON2YUKJPG7
B0CZJJ3G3V,AT6ON2YUKJPG7
B0CZHJBM4H,AT6ON2YUKJPG7
B0CZ2ZDD7W,AT6ON2YUKJPG7
B0CYFZ59C9,AT6ON2YUKJPG7
B0CX9FSWFF,AT6ON2YUKJPG7
B0BVWSFD9W,AT6ON2YUKJPG7
B0BRVKQ61Z,AT6ON2YUKJPG7
B0BP1LNWSJ,AT6ON2YUKJPG7
B0BN5J4VWV,AT6ON2YUKJPG7
B0BLW7JJY2,AT6ON2YUKJPG7
B0BLBZKWRX,AT6ON2YUKJPG7
B0BKZVYDFM,AT6ON2YUKJPG7
B0BJPX2DVV,AT6ON2YUKJPG7
B0BJ1X9NJX,AT6ON2YUKJPG7
B0BFJW3Y9G,AT6ON2YUKJPG7
B0BDYXCWJ4,AT6ON2YUKJPG7
B0BBLNX7D3,AT6ON2YUKJPG7
B0B6WJNMNB,AT6ON2YUKJPG7
B0B5DDYX2K,AT6ON2YUKJPG7
B0B45SW6LF,AT6ON2YUKJPG7
B09ZN2XYXK,AT6ON2YUKJPG7
B0CWGS7ZL1,AT6ON2YUKJPG7
B0CSN7TSBX,AT6ON2YUKJPG7
B0CQLZVM72,AT6ON2YUKJPG7
B0CP8LLDXQ,AT6ON2YUKJPG7
B0CN4LFXRD,AT6ON2YUKJPG7
B0CLY78314,AT6ON2YUKJPG7
B0CLG3TG6W,AT6ON2YUKJPG7
B0CGVBBJ5J,AT6ON2YUKJPG7
B0CGB39KKR,AT6ON2YUKJPG7
B0CG9PP3RG,AT6ON2YUKJPG7
B0CG2Z8HQK,AT6ON2YUKJPG7
B0CF9PWVNW,AT6ON2YUKJPG7
B0CB8FS3XK,AT6ON2YUKJPG7
B0C6G8KXQ5,AT6ON2YUKJPG7
B0C69WJTK2,AT6ON2YUKJPG7
B0C63W55VR,AT6ON2YUKJPG7
B09Z76SP6L,AT6ON2YUKJPG7
B0CGLS1B8C,AT6ON2YUKJPG7
B00YFUOD9U,AT6ON2YUKJPG7
B0CMJ4NSPN,AT6ON2YUKJPG7
B0CF53Q1XH,AT6ON2YUKJPG7
B0797GC3N1,AT6ON2YUKJPG7
B09XBS3JR9,AT6ON2YUKJPG7
B09RN5N3JN,AT6ON2YUKJPG7
B09RC71G2Z,AT6ON2YUKJPG7
B09PPS1NTB,AT6ON2YUKJPG7
B09NZKYGGW,AT6ON2YUKJPG7
B09MTXT15Z,AT6ON2YUKJPG7
B09JQ7FPQX,AT6ON2YUKJPG7
B09J4BSXJD,AT6ON2YUKJPG7
B09J2VFTW3,AT6ON2YUKJPG7
B09G8G6ZW9,AT6ON2YUKJPG7
B09BTV8PT2,AT6ON2YUKJPG7
B09BKVV4W8,AT6ON2YUKJPG7
B098WW8QTL,AT6ON2YUKJPG7
B097XSHC3M,AT6ON2YUKJPG7
B097PZQWHC,AT6ON2YUKJPG7
B096MM1K35,AT6ON2YUKJPG7
B08M5VPVQP,AT6ON2YUKJPG7
B08H1HVLT5,AT6ON2YUKJPG7
B08GGCL9B6,AT6ON2YUKJPG7
B08F9ZZVQM,AT6ON2YUKJPG7
B08CMRNS4J,AT6ON2YUKJPG7
B08C2Q2BTC,AT6ON2YUKJPG7
B08BLHZ4FP,AT6ON2YUKJPG7
B087QKSC3Q,AT6ON2YUKJPG7
B087D48G3Y,AT6ON2YUKJPG7
B082LWMJHD,AT6ON2YUKJPG7
B07ZJ8L8PS,AT6ON2YUKJPG7
B07YC8L4GK,AT6ON2YUKJPG7
B07WPFRPM2,AT6ON2YUKJPG7
B07WLZG97M,AT6ON2YUKJPG7
B07WHKFMBB,AT6ON2YUKJPG7
B07VP57GDF,AT6ON2YUKJPG7
B078N79572,AT6ON2YUKJPG7
B0776ZP83Q,AT6ON2YUKJPG7
B0748LCM7N,AT6ON2YUKJPG7
B0721HGPFH,AT6ON2YUKJPG7
B071V9LT9Q,AT6ON2YUKJPG7
B06XK29QZJ,AT6ON2YUKJPG7
B06X9GCKXF,AT6ON2YUKJPG7
B06VY9CWD8,AT6ON2YUKJPG7
B01NAL07O3,AT6ON2YUKJPG7
B01N76TNB0,AT6ON2YUKJPG7
B01N5O620F,AT6ON2YUKJPG7
B01N332D19,AT6ON2YUKJPG7
B01KTVCGJ2,AT6ON2YUKJPG7
B01J7NQ35G,AT6ON2YUKJPG7
B01HNDAF2E,AT6ON2YUKJPG7
B01DE99LE4,AT6ON2YUKJPG7
B00OMBXR9E,AT6ON2YUKJPG7
B00FMXRDDM,AT6ON2YUKJPG7
B00F34QQUQ,AT6ON2YUKJPG7
B00DMM9PJK,AT6ON2YUKJPG7
B00CQD6W5G,AT6ON2YUKJPG7
B00C1OER5W,AT6ON2YUKJPG7
B00BR4G25K,AT6ON2YUKJPG7
B008BBU10O,AT6ON2YUKJPG7
B004Z6PEGK,AT6ON2YUKJPG7
B004IZCRGS,AT6ON2YUKJPG7
B003OOBSAA,AT6ON2YUKJPG7
B001FOPU2I,AT6ON2YUKJPG7
B000RENODY,AT6ON2YUKJPG7
B000KI3NGK,AT6ON2YUKJPG7
B000C8ZIIY,AT6ON2YUKJPG7
1506725740,AT6ON2YUKJPG7
B095PCN2B8,AT6ON2YUKJPG7
B094PTNGQY,AT6ON2YUKJPG7
B0948P35BP,AT6ON2YUKJPG7
B093FP32Q7,AT6ON2YUKJPG7
B092SW91PQ,AT6ON2YUKJPG7
B092C4WZQ3,AT6ON2YUKJPG7
B091B629PV,AT6ON2YUKJPG7
B08ZD2XR63,AT6ON2YUKJPG7
B08YZ94WHV,AT6ON2YUKJPG7
B08XB5ZWLR,AT6ON2YUKJPG7
B08TTTRV9V,AT6ON2YUKJPG7
B08TQ7QMRN,AT6ON2YUKJPG7
B08S3Q2CN8,AT6ON2YUKJPG7
B08QL1LL38,AT6ON2YUKJPG7
B08PJPX47D,AT6ON2YUKJPG7
B08ML93WXD,AT6ON2YUKJPG7
B0BYVF9HFG,AT6ON2YUKJPG7
B09VZ71WDV,AT6ON2YUKJPG7
B096Z8GMWJ,AT6ON2YUKJPG7
B07WMRZ3LR,AT6ON2YUKJPG7
B08DZSTWZD,AT6ON2YUKJPG7
B01BP1S55E,AT6ON2YUKJPG7
B0CC43HC7X,AT6ON2YUKJPG7
B0CB5HWCHD,AT6ON2YUKJPG7
B0C2HP1Z29,AT6ON2YUKJPG7
B0BXTC3RPK,AT6ON2YUKJPG7
B09NNSCRHN,AT6ON2YUKJPG7
B08YXNGGXT,AT6ON2YUKJPG7
B08CS4TPZC,AT6ON2YUKJPG7
B07Z4FKY93,AT6ON2YUKJPG7
B093CGD8QP,AT6ON2YUKJPG7
B0C8KZWGPG,AT6ON2YUKJPG7
B0C2NQGQL3,AT6ON2YUKJPG7
B0B2K4NG5C,AT6ON2YUKJPG7
B08L6KP7YG,AT6ON2YUKJPG7
B01LZ2M7MK,AT6ON2YUKJPG7
B0BWTQ9KVV,AT6ON2YUKJPG7
B01F59K0KA,AT6ON2YUKJPG7
B0BKY6VDSW,AT6ON2YUKJPG7
B0B7H65BNR,AT6ON2YUKJPG7
B09L7Q7R39,AT6ON2YUKJPG7
B07DMRNV77,AT6ON2YUKJPG7
B00JEZTR9C,AT6ON2YUKJPG7
B0BYD7HSKK,AT6ON2YUKJPG7
B0BZVTTXV9,AT6ON2YUKJPG7
B0D9PW75LF,AT6ON2YUKJPG7
B0CL6P1X34,AT6ON2YUKJPG7
B0CSYGKQPS,AT6ON2YUKJPG7
B08P124D3Z,AT6ON2YUKJPG7
B01MAWDV84,AT6ON2YUKJPG7
B08P2ZJDL1,AT6ON2YUKJPG7
B0BLZF44MG,AT6ON2YUKJPG7
B0C4K9KS8C,AT6ON2YUKJPG7
B0CD25Q265,AT6ON2YUKJPG7
B0BVVKRF3K,AT6ON2YUKJPG7
B0BQW5R6TH,AT6ON2YUKJPG7
B0D4D18KGN,AT6ON2YUKJPG7
B06XB6GZXQ,AT6ON2YUKJPG7
B0BZGLVTP9,AT6ON2YUKJPG7
B0CSFWNF78,AT6ON2YUKJPG7
B0BSG26JY8,AT6ON2YUKJPG7
B0D8KFRH7Q,AT6ON2YUKJPG7
B0CMX19QZJ,AT6ON2YUKJPG7
B0CLPXLL3D,AT6ON2YUKJPG7
B0B73TPN8R,AT6ON2YUKJPG7
B08D3M2D8L,AT6ON2YUKJPG7
B0CGRK4LB9,AT6ON2YUKJPG7
B0D1XCDSTK,AT6ON2YUKJPG7
B0CB84HBZX,AT6ON2YUKJPG7
B0BPQFBWQD,AT6ON2YUKJPG7
B09PQG915X,AT6ON2YUKJPG7
B0012WRD96,AT6ON2YUKJPG7
B0DCCY2PBT,AT6ON2YUKJPG7
B0CY5FPY91,AT6ON2YUKJPG7
B08BBTYD3Y,AT6ON2YUKJPG7
B00DAOHQSM,AT6ON2YUKJPG7
B0CMQCCQDB,AT6ON2YUKJPG7
B09T6L5W9W,AT6ON2YUKJPG7
B09SL1MPWM,AT6ON2YUKJPG7
B09KVCG7H9,AT6ON2YUKJPG7
B08LPVRWJV,AT6ON2YUKJPG7
B089QCH8Z4,AT6ON2YUKJPG7
B083SH697H,AT6ON2YUKJPG7
B07WGQLMVZ,AT6ON2YUKJPG7
B07N7RZ5ZV,AT6ON2YUKJPG7
B0778BPGNZ,AT6ON2YUKJPG7
B073SVF23L,AT6ON2YUKJPG7
B072J36LNS,AT6ON2YUKJPG7
B01KK81P0A,AT6ON2YUKJPG7
B0145S5B5Q,AT6ON2YUKJPG7
B005VPPG94,AT6ON2YUKJPG7
B0047PMH4Q,AT6ON2YUKJPG7
B0DN1HTGT3,AT6ON2YUKJPG7
B0C5NBHGM4,AT6ON2YUKJPG7
B0C5DHNGBD,AT6ON2YUKJPG7
B0C3QQWMLS,AT6ON2YUKJPG7
B0C2XJP7R9,AT6ON2YUKJPG7
B0C2RSNP2G,AT6ON2YUKJPG7
B0C1V9Y43M,AT6ON2YUKJPG7
B0C1BWFBLZ,AT6ON2YUKJPG7
B0C19PRWV5,AT6ON2YUKJPG7
B0C198NCR5,AT6ON2YUKJPG7
B0C15BWXKG,AT6ON2YUKJPG7
B0BZNVDDS3,AT6ON2YUKJPG7
B0BZLGJM4J,AT6ON2YUKJPG7
B0BZ72N2T3,AT6ON2YUKJPG7
B0BX7CBK5K,AT6ON2YUKJPG7
B0BWWLQZCK,AT6ON2YUKJPG7
B0BWFM39BN,AT6ON2YUKJPG7
B0DK9V2VHR,AT6ON2YUKJPG7
B0DG5JMMN4,AT6ON2YUKJPG7
B0D9NX3511,AT6ON2YUKJPG7
B0D6RJPGTL,AT6ON2YUKJPG7
B0D624H22N,AT6ON2YUKJPG7
B0D4RJLNYF,AT6ON2YUKJPG7
B0D46RVX8F,AT6ON2YUKJPG7
B0D3TYV6KW,AT6ON2YUKJPG7
B0D1QXSZPY,AT6ON2YUKJPG7
B0CZDG3M8X,AT6ON2YUKJPG7
B0CZ6NDSVG,AT6ON2YUKJPG7
B0CXM254KD,AT6ON2YUKJPG7
B0CXDT8892,AT6ON2YUKJPG7
B0CWXS81DG,AT6ON2YUKJPG7
B0CVPHH1D7,AT6ON2YUKJPG7
B0CTFNGWBB,AT6ON2YUKJPG7
B0BNJMKMWZ,AT6ON2YUKJPG7
B0B7HB1KYQ,AT6ON2YUKJPG7
B09M9KN36F,AT6ON2YUKJPG7
B0758J3NN1,AT6ON2YUKJPG7
B01N3OZ6CE,AT6ON2YUKJPG7
B01HUZ7KHI,AT6ON2YUKJPG7
B004SKD6T0,AT6ON2YUKJPG7
B0D74H6XTM,AT6ON2YUKJPG7
B0D2VYQ3SM,AT6ON2YUKJPG7
B0CGRB13DM,AT6ON2YUKJPG7
B0BC575C3Y,AT6ON2YUKJPG7
B0B41R9433,AT6ON2YUKJPG7
B0B3QHMQGN,AT6ON2YUKJPG7
B09YSYHB4N,AT6ON2YUKJPG7
B09WH1R7SH,AT6ON2YUKJPG7
B09TX4ZCYW,AT6ON2YUKJPG7
B0CR1H688X,AT6ON2YUKJPG7
B0CR13Z6M5,AT6ON2YUKJPG7
B0CPPLCQX1,AT6ON2YUKJPG7
B0CP5J6H56,AT6ON2YUKJPG7
B0CNR413DC,AT6ON2YUKJPG7
B0CJXTYH1T,AT6ON2YUKJPG7
B0CJM2HZSG,AT6ON2YUKJPG7
B0CJJ9YQXS,AT6ON2YUKJPG7
B0CHZ94VRH,AT6ON2YUKJPG7
B0CHJNM7GJ,AT6ON2YUKJPG7
B0CH7Y7RF5,AT6ON2YUKJPG7
B0CG3B76F4,AT6ON2YUKJPG7
B0CFYVPR7B,AT6ON2YUKJPG7
B0CFCQNK41,AT6ON2YUKJPG7
B0CCNFKDN7,AT6ON2YUKJPG7
B0CCN9WBJW,AT6ON2YUKJPG7
B07VMQ7FVP,AT6ON2YUKJPG7
B07RYQPC48,AT6ON2YUKJPG7
B07RBN4J5Q,AT6ON2YUKJPG7
B07R5VJT1V,AT6ON2YUKJPG7
B07NQ6D922,AT6ON2YUKJPG7
B07N6MSD7Q,AT6ON2YUKJPG7
B07MZQBCYV,AT6ON2YUKJPG7
B07MDSJ13W,AT6ON2YUKJPG7
B07L6TJTNF,AT6ON2YUKJPG7
B07KJK9MBC,AT6ON2YUKJPG7
B07G49F9GY,AT6ON2YUKJPG7
B07F6F49K5,AT6ON2YUKJPG7
B07DHB2Z88,AT6ON2YUKJPG7
B07CB12H72,AT6ON2YUKJPG7
B07BQFSWHY,AT6ON2YUKJPG7
B07BHNSLXG,AT6ON2YUKJPG7
B0CBTPQDY4,AT6ON2YUKJPG7
B0CBQCCKPX,AT6ON2YUKJPG7
B0C893KYK7,AT6ON2YUKJPG7
B0C5JT1TJ3,AT6ON2YUKJPG7
B0C3HVMD8P,AT6ON2YUKJPG7
B0C22LBPDY,AT6ON2YUKJPG7
B0C1BW1ZRT,AT6ON2YUKJPG7
B0BYD651CW,AT6ON2YUKJPG7
B0BXQ2FXLD,AT6ON2YUKJPG7
B0BWJ93V9Y,AT6ON2YUKJPG7
B0BW5X7BKW,AT6ON2YUKJPG7
B0BTP1V95F,AT6ON2YUKJPG7
B0BRGWLGXM,AT6ON2YUKJPG7
B0BQJ45R7Y,AT6ON2YUKJPG7
B0BPSCKG4Q,AT6ON2YUKJPG7
B0BGLTHW5H,AT6ON2YUKJPG7
B085635HFN,AT6ON2YUKJPG7
B084JKN5LN,AT6ON2YUKJPG7
B084D3GT9Z,AT6ON2YUKJPG7
B083W6CG13,AT6ON2YUKJPG7
B082XRKP21,AT6ON2YUKJPG7
B0828B742G,AT6ON2YUKJPG7
B0821ZLY44,AT6ON2YUKJPG7
B081GN3GWY,AT6ON2YUKJPG7
B081DMHYBD,AT6ON2YUKJPG7
B07ZLFBV3J,AT6ON2YUKJPG7
B07YD5939L,AT6ON2YUKJPG7
B07XP7V9KC,AT6ON2YUKJPG7
B07WDLXSW6,AT6ON2YUKJPG7
B07V4364SK,AT6ON2YUKJPG7
B07TB7DLT7,AT6ON2YUKJPG7
B07T947H31,AT6ON2YUKJPG7
B08NWVQL9M,AT6ON2YUKJPG7
B08LGB27JM,AT6ON2YUKJPG7
B08JQ35RK6,AT6ON2YUKJPG7
B08JGNRWHT,AT6ON2YUKJPG7
B08HLBJLNB,AT6ON2YUKJPG7
B08GCFDX73,AT6ON2YUKJPG7
B08FF8Q3WY,AT6ON2YUKJPG7
B08F6W4GFH,AT6ON2YUKJPG7
B08DVFP5WQ,AT6ON2YUKJPG7
B08CXHHCSH,AT6ON2YUKJPG7
B08BJ52CT5,AT6ON2YUKJPG7
B08BC4ZJ8K,AT6ON2YUKJPG7
B087TDQBCK,AT6ON2YUKJPG7
B087BY4W7J,AT6ON2YUKJPG7
B086QPF5VZ,AT6ON2YUKJPG7
B085MLXWDQ,AT6ON2YUKJPG7
B07R5YJFJH,AT6ON2YUKJPG7
B07R2N8MD3,AT6ON2YUKJPG7
B07QS9SWKJ,AT6ON2YUKJPG7
B07Q4RY3T7,AT6ON2YUKJPG7
B07PNHJP8J,AT6ON2YUKJPG7
B07L8MV4QY,AT6ON2YUKJPG7
B07JNG4LCP,AT6ON2YUKJPG7
B07GTQZVDV,AT6ON2YUKJPG7
B07FSTJ485,AT6ON2YUKJPG7
B07FN1NG1X,AT6ON2YUKJPG7
B07DXDNQ9J,AT6ON2YUKJPG7
B07DQNSZL3,AT6ON2YUKJPG7
B07DJ4F7TD,AT6ON2YUKJPG7
B07DGK83CY,AT6ON2YUKJPG7
B07CDXTTXZ,AT6ON2YUKJPG7
B07BYKB2ZL,AT6ON2YUKJPG7
B07BGHPN2J,AT6ON2YUKJPG7
B07B9N9FDQ,AT6ON2YUKJPG7
B07B67PC6Y,AT6ON2YUKJPG7
B079KGCDGS,AT6ON2YUKJPG7
B07798RFVH,AT6ON2YUKJPG7
B0759MZ6RF,AT6ON2YUKJPG7
B072DV1G5M,AT6ON2YUKJPG7
B06XTVMZ8G,AT6ON2YUKJPG7
B01MSB5Y26,AT6ON2YUKJPG7
B01LYNDY79,AT6ON2YUKJPG7
B01L0B2CHQ,AT6ON2YUKJPG7
B01F5XN01M,AT6ON2YUKJPG7
B01DUXQ5RA,AT6ON2YUKJPG7
B01DFGWHO2,AT6ON2YUKJPG7
B01D40MUXC,AT6ON2YUKJPG7
B01BIXKGWE,AT6ON2YUKJPG7
B0B3KT4HVX,AT6ON2YUKJPG7
B0B2R9P8WZ,AT6ON2YUKJPG7
B07VS146DD,AT6ON2YUKJPG7
B079D7CQNW,AT6ON2YUKJPG7
B075G23FDZ,AT6ON2YUKJPG7
B00207JSFO,AT6ON2YUKJPG7
B0BD4GNSHB,AT6ON2YUKJPG7
B0BCKRLKZF,AT6ON2YUKJPG7
B0BC7ZKQDL,AT6ON2YUKJPG7
B0BBMWDHTS,AT6ON2YUKJPG7
B0BB1JBMT8,AT6ON2YUKJPG7
B0B9K7DGYM,AT6ON2YUKJPG7
B0B96DRT2F,AT6ON2YUKJPG7
B0B6FT2R7K,AT6ON2YUKJPG7
B0B5VPQP9Z,AT6ON2YUKJPG7
B0B5R7TKMQ,AT6ON2YUKJPG7
B0B5R6L3ZZ,AT6ON2YUKJPG7
B0B49V4HX6,AT6ON2YUKJPG7
B0B2CLXJH2,AT6ON2YUKJPG7
B09XX9SVZT,AT6ON2YUKJPG7
B09XMMXCZ5,AT6ON2YUKJPG7
B09TZS1545,AT6ON2YUKJPG7
B09TGHYLCC,AT6ON2YUKJPG7
B09T8TFYN9,AT6ON2YUKJPG7
B09RPNDC53,AT6ON2YUKJPG7
B09R9MWQRJ,AT6ON2YUKJPG7
B09MQJPBCB,AT6ON2YUKJPG7
B09DXY6ZWC,AT6ON2YUKJPG7
B09C3R4SCD,AT6ON2YUKJPG7
B098NMB363,AT6ON2YUKJPG7
B097J7FBK3,AT6ON2YUKJPG7
B096MFRFTC,AT6ON2YUKJPG7
B093WC9LRM,AT6ON2YUKJPG7
B092M37VJQ,AT6ON2YUKJPG7
B091GHVQ7R,AT6ON2YUKJPG7
B0915HXMQZ,AT6ON2YUKJPG7
B08YRQHSPF,AT6ON2YUKJPG7
B08R3FTKMQ,AT6ON2YUKJPG7
B000GU67VU,AT6ON2YUKJPG7
B09WT96NXD,AT6ON2YUKJPG7
B07NJ4PYDB,AT6ON2YUKJPG7
B0C52FTHZ8,AT6ON2YUKJPG7
B09SLXYG1L,AT6ON2YUKJPG7
B094KNXN9G,AT6ON2YUKJPG7
B0C528NNR7,AT6ON2YUKJPG7
B0B9ZB2YSH,AT6ON2YUKJPG7
B0BW4CSF44,AT6ON2YUKJPG7
B08J29W7XF,AT6ON2YUKJPG7
B09XJZ77BV,AT6ON2YUKJPG7
B0CNTW91S6,AT6ON2YUKJPG7
B08X4W6N5M,AT6ON2YUKJPG7
B0CGN9GY9J,AT6ON2YUKJPG7
B0CF3VM5YX,AT6ON2YUKJPG7
B0BBR59W8B,AT6ON2YUKJPG7
B09WCZDX6L,AT6ON2YUKJPG7
B0DSJ5QMN4,AT6ON2YUKJPG7
B0CS39F5NC,AT6ON2YUKJPG7
B0CQT7J961,AT6ON2YUKJPG7
B0C46XSW1T,AT6ON2YUKJPG7
B0B4K1BG8J,AT6ON2YUKJPG7
B0899CMJ14,AT6ON2YUKJPG7
B07H8X5T5P,AT6ON2YUKJPG7
B07DX8SZCH,AT6ON2YUKJPG7
B00FGED458,AT6ON2YUKJPG7
B008RU5H8U,AT6ON2YUKJPG7
B0DHKT3BL8,AT6ON2YUKJPG7
B0DB2PBZB4,AT6ON2YUKJPG7
B0CKXQTPQN,AT6ON2YUKJPG7
B09GZXX9X8,AT6ON2YUKJPG7
B08NPXPRPS,AT6ON2YUKJPG7
B08G7YJ1QJ,AT6ON2YUKJPG7
B07GTPVPKL,AT6ON2YUKJPG7
B07FSDVNYC,AT6ON2YUKJPG7
B000W4W458,AT6ON2YUKJPG7
B0DKF9XQWB,AT6ON2YUKJPG7
B0DJX83RC5,AT6ON2YUKJPG7
B0CLS9YMGP,AT6ON2YUKJPG7
B0C52QCY6L,AT6ON2YUKJPG7
B0BZ4J28JJ,AT6ON2YUKJPG7
B0BY1Q2R7C,AT6ON2YUKJPG7
B0BMLFDPWP,AT6ON2YUKJPG7
B0BLWGX8NN,AT6ON2YUKJPG7
B0B7TVKZF4,AT6ON2YUKJPG7
B0B1XCZ7KT,AT6ON2YUKJPG7
B09WRB3BMB,AT6ON2YUKJPG7
B09BVBR78B,AT6ON2YUKJPG7
B0CZ7GLP8S,AT6ON2YUKJPG7
B0CX5DDY85,AT6ON2YUKJPG7
B0CTR1RHZZ,AT6ON2YUKJPG7
B0CTJH6MC4,AT6ON2YUKJPG7
B0CPLDTQ2P,AT6ON2YUKJPG7
B0CP6YCJQS,AT6ON2YUKJPG7
B0CM273M93,AT6ON2YUKJPG7
B0CLX171TH,AT6ON2YUKJPG7
B0CLRP81B9,AT6ON2YUKJPG7
B0CG9533YX,AT6ON2YUKJPG7
B0CF51WHTB,AT6ON2YUKJPG7
B0CD91LYM8,AT6ON2YUKJPG7
B0C9T6DD2V,AT6ON2YUKJPG7
B0C7BH5ZJ8,AT6ON2YUKJPG7
B0C63F566M,AT6ON2YUKJPG7
B0C5SYYDLL,AT6ON2YUKJPG7
B0C53PZ7H1,AT6ON2YUKJPG7
B0C2C7JYN8,AT6ON2YUKJPG7
B0BZKXDLG4,AT6ON2YUKJPG7
B0BZJTDMVX,AT6ON2YUKJPG7
B0BYS4J948,AT6ON2YUKJPG7
B0BY2QHP1W,AT6ON2YUKJPG7
B0BX7RJ3FX,AT6ON2YUKJPG7
B0BWN1GV25,AT6ON2YUKJPG7
B0BS6PZB6C,AT6ON2YUKJPG7
B0BRXP17XL,AT6ON2YUKJPG7
B0BQ3G7GG5,AT6ON2YUKJPG7
B0BP7TBQQV,AT6ON2YUKJPG7
B0BMKWNZ9M,AT6ON2YUKJPG7
B0BLV4V7MX,AT6ON2YUKJPG7
B0BHF9R3JT,AT6ON2YUKJPG7
B0BBM37D96,AT6ON2YUKJPG7
B0B9DC37PF,AT6ON2YUKJPG7
B0B6FND4W9,AT6ON2YUKJPG7
B0B69GRV51,AT6ON2YUKJPG7
B0B63MY417,AT6ON2YUKJPG7
B0B4MKK99H,AT6ON2YUKJPG7
B09X7G5Y3G,AT6ON2YUKJPG7
B09TR6N17Q,AT6ON2YUKJPG7
B09TD8BVKZ,AT6ON2YUKJPG7
B09ST5DRSD,AT6ON2YUKJPG7
B09SCSM725,AT6ON2YUKJPG7
B09RQM7KWV,AT6ON2YUKJPG7
B09PZR1S2F,AT6ON2YUKJPG7
B09NMN8WJC,AT6ON2YUKJPG7
B09NLQTB6S,AT6ON2YUKJPG7
B09NJVWHR1,AT6ON2YUKJPG7
B09LWJXCTV,AT6ON2YUKJPG7
B09KK8B31S,AT6ON2YUKJPG7
B09JJZRVR5,AT6ON2YUKJPG7
B09GZS84VZ,AT6ON2YUKJPG7
B09G6LHZDW,AT6ON2YUKJPG7
B09CDP4TJK,AT6ON2YUKJPG7
B09BHYRQ95,AT6ON2YUKJPG7
B09B1T7LW6,AT6ON2YUKJPG7
B099K2P25K,AT6ON2YUKJPG7
B098KPK12H,AT6ON2YUKJPG7
B096HM5FBT,AT6ON2YUKJPG7
B0946Q7Q3P,AT6ON2YUKJPG7
B093183BNR,AT6ON2YUKJPG7
B091V2Z1M1,AT6ON2YUKJPG7
B091LZV4TF,AT6ON2YUKJPG7
B08ZFXZ1K5,AT6ON2YUKJPG7
B08XQJC298,AT6ON2YUKJPG7
B089R9BPXY,AT6ON2YUKJPG7
B087WTDR1L,AT6ON2YUKJPG7
B084L534NW,AT6ON2YUKJPG7
B0832G1H2G,AT6ON2YUKJPG7
B082F1MDRF,AT6ON2YUKJPG7
B08173SJK5,AT6ON2YUKJPG7
B07V8HW4K4,AT6ON2YUKJPG7
B07R23PS2K,AT6ON2YUKJPG7
B07PNBMNQY,AT6ON2YUKJPG7
B07M8QJ9FL,AT6ON2YUKJPG7
B07JYLWTQG,AT6ON2YUKJPG7
B07HPGKHLV,AT6ON2YUKJPG7
B07FM2QFQK,AT6ON2YUKJPG7
B07DJB4JRH,AT6ON2YUKJPG7
B07D9JZY1S,AT6ON2YUKJPG7
B0794SDLXS,AT6ON2YUKJPG7
B004EFROYM,AT6ON2YUKJPG7
B002SWHMS6,AT6ON2YUKJPG7
B002MPPBDM,AT6ON2YUKJPG7
B0002GH8X4,AT6ON2YUKJPG7
B07DH1KFD2,AT6ON2YUKJPG7
B06XTWQSQH,AT6ON2YUKJPG7
B00E17V9J4,AT6ON2YUKJPG7
B09Q6JVXSX,AT6ON2YUKJPG7
B07J1L8N68,AT6ON2YUKJPG7
B0B8Z1LKVJ,AT6ON2YUKJPG7
B07Q5MVJ14,AT6ON2YUKJPG7
B07FZ6RLPP,AT6ON2YUKJPG7
B08PQPRZGK,AT6ON2YUKJPG7
B07XFGNGRF,AT6ON2YUKJPG7
B075MFZT6Y,AT6ON2YUKJPG7
B073RMMQGJ,AT6ON2YUKJPG7
B073P5Z8HT,AT6ON2YUKJPG7
B06X9X6HL4,AT6ON2YUKJPG7
B06X1J21BQ,AT6ON2YUKJPG7
B01MXZGCTI,AT6ON2YUKJPG7
B01IOL5QPA,AT6ON2YUKJPG7
B01AMXA8QU,AT6ON2YUKJPG7
B019L9M7Z6,AT6ON2YUKJPG7
B014WU7WKO,AT6ON2YUKJPG7
B00L9V8K8I,AT6ON2YUKJPG7
B00KDM2BZ2,AT6ON2YUKJPG7
B00HR5Z524,AT6ON2YUKJPG7
B00GRV800S,AT6ON2YUKJPG7
B00C0NTSUS,AT6ON2YUKJPG7
B004QK7ZSU,AT6ON2YUKJPG7
B0936VBTBS,AT6ON2YUKJPG7
B08DG7PFHJ,AT6ON2YUKJPG7
B082FSXVBJ,AT6ON2YUKJPG7
B07YN38HDZ,AT6ON2YUKJPG7
B07Y568668,AT6ON2YUKJPG7
B07VRLH4WM,AT6ON2YUKJPG7
B07RGKP59J,AT6ON2YUKJPG7
B07Q1JYB5M,AT6ON2YUKJPG7
B07FB6HVSP,AT6ON2YUKJPG7
B07DGPF9GJ,AT6ON2YUKJPG7
B01G89B80M,AT6ON2YUKJPG7
B01BGYB584,AT6ON2YUKJPG7
B00MN9NCBA,AT6ON2YUKJPG7
B0D9VTMQQT,AT6ON2YUKJPG7
B0D39CZKGP,AT6ON2YUKJPG7
B0CZMXT11R,AT6ON2YUKJPG7
B0BS4QVFVH,AT6ON2YUKJPG7
B0CBLV5QKR,AT6ON2YUKJPG7
B0D8VKHZZR,AT6ON2YUKJPG7
B00LE847T2,AT6ON2YUKJPG7
B09JTVLN22,AT6ON2YUKJPG7
B0169AYZ8W,AT6ON2YUKJPG7
B09WVT3J6T,AT6ON2YUKJPG7
B0CPMDRCQL,AT6ON2YUKJPG7
B084ZRBX7J,AT6ON2YUKJPG7
B07L78RQYD,AT6ON2YUKJPG7
B0CPMZWF5P,AT6ON2YUKJPG7
B0CCXNS1VN,AT6ON2YUKJPG7
B0CCN83TBC,AT6ON2YUKJPG7
B0BK54D66V,AT6ON2YUKJPG7
B07Z59DBS9,AT6ON2YUKJPG7
B01LXM4RY6,AT6ON2YUKJPG7
B018RF380S,AT6ON2YUKJPG7
B00V3L1JOQ,AT6ON2YUKJPG7
B00HCQ8XYA,AT6ON2YUKJPG7
B0DT3LTSRS,AT6ON2YUKJPG7
B0DKJ9FNF7,AT6ON2YUKJPG7
B0D9J8GVZX,AT6ON2YUKJPG7
B0D9838YQD,AT6ON2YUKJPG7
B0D5LPMJYT,AT6ON2YUKJPG7
B0D3PQVCPS,AT6ON2YUKJPG7
B0CXYXRVTL,AT6ON2YUKJPG7
B0BPQSMX4T,AT6ON2YUKJPG7
B09LXKV6XJ,AT6ON2YUKJPG7
B08CRSYCQS,AT6ON2YUKJPG7
B0854FY793,AT6ON2YUKJPG7
B07S1MNLPX,AT6ON2YUKJPG7
B07HDBBTMR,AT6ON2YUKJPG7
B0BHV9MWKM,AT6ON2YUKJPG7
B07RFMK4NY,AT6ON2YUKJPG7
B07H9CW3CV,AT6ON2YUKJPG7
B01N5UXJOL,AT6ON2YUKJPG7
B0CF8KMTJP,AT6ON2YUKJPG7
B0C7BKX9JG,AT6ON2YUKJPG7
B0BFHG1YYP,AT6ON2YUKJPG7
B09TH8B145,AT6ON2YUKJPG7
B0D91X57F6,AT6ON2YUKJPG7
B0CWV4QYRL,AT6ON2YUKJPG7
B08KZWGZZS,AT6ON2YUKJPG7
B07WC9MSW8,AT6ON2YUKJPG7
B0C6XK1B4X,AT6ON2YUKJPG7
B07R33HC93,AT6ON2YUKJPG7
B0B8Z52HLF,AT6ON2YUKJPG7
B09NP2SLX8,AT6ON2YUKJPG7
B0CV7RC3BR,AT6ON2YUKJPG7
B0CRY78MHV,AT6ON2YUKJPG7
B0CRDHT371,AT6ON2YUKJPG7
B0CMCG122F,AT6ON2YUKJPG7
B0CKWK471F,AT6ON2YUKJPG7
B0CG2PKNF3,AT6ON2YUKJPG7
B0CF1VLQ49,AT6ON2YUKJPG7
B0C9JJ6HHN,AT6ON2YUKJPG7
B0C67DJG4B,AT6ON2YUKJPG7
B0C4Z2Q1NL,AT6ON2YUKJPG7
B0C4SFFYK2,AT6ON2YUKJPG7
B0C4DSVBTD,AT6ON2YUKJPG7
B0C39S4DV8,AT6ON2YUKJPG7
B0C2W267G3,AT6ON2YUKJPG7
B0BZPNGGD6,AT6ON2YUKJPG7
B0BZHZLWBQ,AT6ON2YUKJPG7
B0BZDBHVNQ,AT6ON2YUKJPG7
B0BYS6G77L,AT6ON2YUKJPG7
B0BTTP1HT4,AT6ON2YUKJPG7
B0BS3VGHK6,AT6ON2YUKJPG7
B0BQ4MMDD4,AT6ON2YUKJPG7
B0BPK6DHSC,AT6ON2YUKJPG7
B0BP2HSKKK,AT6ON2YUKJPG7
B0BN5R4L5F,AT6ON2YUKJPG7
B0BJQNQT2H,AT6ON2YUKJPG7
B0BFWNKW5Y,AT6ON2YUKJPG7
B0BF513N77,AT6ON2YUKJPG7
B0BCGGSDL4,AT6ON2YUKJPG7
B0BC85MCZT,AT6ON2YUKJPG7
B0BB2Q8RK6,AT6ON2YUKJPG7
B0B33WDZ64,AT6ON2YUKJPG7
B0B12NS6Z7,AT6ON2YUKJPG7
B01BF7AQXC,AT6ON2YUKJPG7
B018DDQQTE,AT6ON2YUKJPG7
B0171XN44M,AT6ON2YUKJPG7
B00U8APY5S,AT6ON2YUKJPG7
B00PM91DL4,AT6ON2YUKJPG7
B00C5TUVXU,AT6ON2YUKJPG7
B005X5FLTC,AT6ON2YUKJPG7
B004W19O8C,AT6ON2YUKJPG7
B000XFRTXS,AT6ON2YUKJPG7
B000K00BGS,AT6ON2YUKJPG7
B00065XP3S,AT6ON2YUKJPG7
B0BJDQ53PZ,AT6ON2YUKJPG7
B09VDQ3XZ6,AT6ON2YUKJPG7
B07DPVB367,AT6ON2YUKJPG7
B0CDPZ6TZK,AT6ON2YUKJPG7
B0B3KTZ1F9,AT6ON2YUKJPG7
B08TWC38NQ,AT6ON2YUKJPG7
B08TRNKYND,AT6ON2YUKJPG7
B08T6HBJF1,AT6ON2YUKJPG7
B08SBG2YPV,AT6ON2YUKJPG7
B08R8NZB3Y,AT6ON2YUKJPG7
B08R823F1R,AT6ON2YUKJPG7
B08R6DDRK8,AT6ON2YUKJPG7
B08QC2XX3M,AT6ON2YUKJPG7
B08PZJJV4P,AT6ON2YUKJPG7
B08NQRWZBW,AT6ON2YUKJPG7
B08MKS7CH3,AT6ON2YUKJPG7
B08HLB3N8K,AT6ON2YUKJPG7
B08FGRRKGM,AT6ON2YUKJPG7
B08FD8M2BP,AT6ON2YUKJPG7
B08FCS155K,AT6ON2YUKJPG7
B08BY9R1Y2,AT6ON2YUKJPG7
B09XXKF25F,AT6ON2YUKJPG7
B09WH4QRS7,AT6ON2YUKJPG7
B09T68BGVJ,AT6ON2YUKJPG7
B09SNTB8DF,AT6ON2YUKJPG7
B09NHST6RX,AT6ON2YUKJPG7
B09JYFKM62,AT6ON2YUKJPG7
B09JS2WQT6,AT6ON2YUKJPG7
B09CD5QXPC,AT6ON2YUKJPG7
B0964MR7KB,AT6ON2YUKJPG7
B091Z1C7WQ,AT6ON2YUKJPG7
B091MZFMK3,AT6ON2YUKJPG7
B08PL73YKL,AT6ON2YUKJPG7
B08MTWD7RY,AT6ON2YUKJPG7
B08L5MY1QM,AT6ON2YUKJPG7
B08KHXCPJX,AT6ON2YUKJPG7
B08JYBH88K,AT6ON2YUKJPG7
B08HXMWK4D,AT6ON2YUKJPG7
B08FFLPNY7,AT6ON2YUKJPG7
B08DCRJWHD,AT6ON2YUKJPG7
B085ZLD4M6,AT6ON2YUKJPG7
B084YYTVKL,AT6ON2YUKJPG7
B0844JTX7F,AT6ON2YUKJPG7
B083V44YZB,AT6ON2YUKJPG7
B083RDYWVB,AT6ON2YUKJPG7
B081Q7GT5G,AT6ON2YUKJPG7
B081K8N68M,AT6ON2YUKJPG7
B0815R4KVT,AT6ON2YUKJPG7
B07ZPVT21S,AT6ON2YUKJPG7
B07ZL13RBQ,AT6ON2YUKJPG7
B07Y4YMGHK,AT6ON2YUKJPG7
B07WGQFNYD,AT6ON2YUKJPG7
B07V1DHDWV,AT6ON2YUKJPG7
B07TMCPJVD,AT6ON2YUKJPG7
B07PJ1FN2D,AT6ON2YUKJPG7
B07KXQ1LZB,AT6ON2YUKJPG7
B07JFTQ2MS,AT6ON2YUKJPG7
B07FKV9JDB,AT6ON2YUKJPG7
B07DH5XT6N,AT6ON2YUKJPG7
B07B4WZSB2,AT6ON2YUKJPG7
B07B1XZF3W,AT6ON2YUKJPG7
B079HJB5D8,AT6ON2YUKJPG7
B075FDCLSN,AT6ON2YUKJPG7
B07537CQHZ,AT6ON2YUKJPG7
B075327SC3,AT6ON2YUKJPG7
B073WKHDY2,AT6ON2YUKJPG7
B073TZF8BL,AT6ON2YUKJPG7
B06XW8CDSG,AT6ON2YUKJPG7
B01N0RDHU1,AT6ON2YUKJPG7
B01MQRSZBK,AT6ON2YUKJPG7
B01M7QPXEY,AT6ON2YUKJPG7
B01M3X6F8N,AT6ON2YUKJPG7
B01J4JW366,AT6ON2YUKJPG7
B01C6UTBUQ,AT6ON2YUKJPG7
B013L0XYWG,AT6ON2YUKJPG7
B00YLUIDD6,AT6ON2YUKJPG7
B00X04JRMU,AT6ON2YUKJPG7
B00UM9WV2Y,AT6ON2YUKJPG7
B00T4OFJMC,AT6ON2YUKJPG7
B00PJWD0HY,AT6ON2YUKJPG7
B00O83XOX0,AT6ON2YUKJPG7
B00O4F0Y6C,AT6ON2YUKJPG7
B00LU24GWK,AT6ON2YUKJPG7
B00I0BFA4C,AT6ON2YUKJPG7
B005VR2L3Q,AT6ON2YUKJPG7
B0D75PZ5LV,AT6ON2YUKJPG7
B0CK26WHS5,AT6ON2YUKJPG7
B0BKQ8KQCK,AT6ON2YUKJPG7
B09V6WBXNW,AT6ON2YUKJPG7
B08ZDPB1HZ,AT6ON2YUKJPG7
B0CF8FR91N,AT6ON2YUKJPG7
B0C38YHKV8,AT6ON2YUKJPG7
B0BN7F1R2Y,AT6ON2YUKJPG7
B0B9MRMQ2M,AT6ON2YUKJPG7
B095PLLK76,AT6ON2YUKJPG7
B0957GMRMH,AT6ON2YUKJPG7
B08M5GMNLL,AT6ON2YUKJPG7
B08JYCBQMD,AT6ON2YUKJPG7
B086QP537S,AT6ON2YUKJPG7
B07KZTYJQ6,AT6ON2YUKJPG7
B07B728G2Y,AT6ON2YUKJPG7
B08P5RJML7,AT6ON2YUKJPG7
B08MYXV13L,AT6ON2YUKJPG7
B08LKLNNF3,AT6ON2YUKJPG7
B08LG312G9,AT6ON2YUKJPG7
B08LF3YKWD,AT6ON2YUKJPG7
B08HXWTNZW,AT6ON2YUKJPG7
B08GS5BLX1,AT6ON2YUKJPG7
B08FSVGKS1,AT6ON2YUKJPG7
B08CDFWN1Q,AT6ON2YUKJPG7
B08B856NLZ,AT6ON2YUKJPG7
B088HFTJK1,AT6ON2YUKJPG7
B087PQC9MY,AT6ON2YUKJPG7
B0863CSQ6R,AT6ON2YUKJPG7
B085RC5MX4,AT6ON2YUKJPG7
B0831BZ5LF,AT6ON2YUKJPG7
B07V5W8MKN,AT6ON2YUKJPG7
B09XHNQ6PZ,AT6ON2YUKJPG7
B09T353N4J,AT6ON2YUKJPG7
B09RD9NPQY,AT6ON2YUKJPG7
B09QC6MB96,AT6ON2YUKJPG7
B09PZJQMMB,AT6ON2YUKJPG7
B09NK52225,AT6ON2YUKJPG7
B09KHKC2C8,AT6ON2YUKJPG7
B09JMZYPYQ,AT6ON2YUKJPG7
B09GL9X462,AT6ON2YUKJPG7
B09B364SNL,AT6ON2YUKJPG7
B098LXWY5H,AT6ON2YUKJPG7
B09884L5GR,AT6ON2YUKJPG7
B092VJYH5J,AT6ON2YUKJPG7
B08ZKZMKRP,AT6ON2YUKJPG7
B08Z47Q1DF,AT6ON2YUKJPG7
B08VN961DB,AT6ON2YUKJPG7
B077ZTG22N,AT6ON2YUKJPG7
B01K39Z7H8,AT6ON2YUKJPG7
B014810FNS,AT6ON2YUKJPG7
B00SWBJJQ0,AT6ON2YUKJPG7
B00BITE7QA,AT6ON2YUKJPG7
B008IUA6DU,AT6ON2YUKJPG7
1549244132,AT6ON2YUKJPG7
B0D1V8ZQG6,AT6ON2YUKJPG7
B0CX2N929C,AT6ON2YUKJPG7
B0CSFMWJ41,AT6ON2YUKJPG7
B0CSDLWGFM,AT6ON2YUKJPG7
B0CS89M97P,AT6ON2YUKJPG7
B0CRTL1JNF,AT6ON2YUKJPG7
B0CNCPJF9R,AT6ON2YUKJPG7
B0CKSHTYDB,AT6ON2YUKJPG7
B0CKJ83TPL,AT6ON2YUKJPG7
B000XBDAX0,AT6ON2YUKJPG7
B000LDG1FO,AT6ON2YUKJPG7
B0000AQMBL,AT6ON2YUKJPG7
B07JC6XZZZ,AT6ON2YUKJPG7
B0CGTQVS2H,AT6ON2YUKJPG7
B07Y1M65N2,AT6ON2YUKJPG7
B0CRQ72Z7K,AT6ON2YUKJPG7
B085PQJ47W,AT6ON2YUKJPG7
B083F9MYR8,AT6ON2YUKJPG7
B09P59YRMS,AT6ON2YUKJPG7
B0DFM5GG5H,AT6ON2YUKJPG7
B08VDHYJXH,AT6ON2YUKJPG7
B07Q5PC8WZ,AT6ON2YUKJPG7
B014QROIGO,AT6ON2YUKJPG7
B07CYXTCNN,AT6ON2YUKJPG7
B07BF87V51,AT6ON2YUKJPG7
B079YJ3HLM,AT6ON2YUKJPG7
B075KQYCZ5,AT6ON2YUKJPG7
B071X6QJN9,AT6ON2YUKJPG7
B06XXN6B1V,AT6ON2YUKJPG7
B01MR0OKVQ,AT6ON2YUKJPG7
B01IKPSACG,AT6ON2YUKJPG7
B01A3JZ62Y,AT6ON2YUKJPG7
B00YI16F2Y,AT6ON2YUKJPG7
B00T14OPH0,AT6ON2YUKJPG7
B00PPAQ05E,AT6ON2YUKJPG7
B00K2BIFV8,AT6ON2YUKJPG7
B0047MQ8ZS,AT6ON2YUKJPG7
B002JLCSTY,AT6ON2YUKJPG7
B002A2QOOM,AT6ON2YUKJPG7
B0CJ4Y2P8S,AT6ON2YUKJPG7
B0CDYZN632,AT6ON2YUKJPG7
B0C7W31L8G,AT6ON2YUKJPG7
B0C6YS91N2,AT6ON2YUKJPG7
B0C65TP8NH,AT6ON2YUKJPG7
B0C52ZDCS6,AT6ON2YUKJPG7
B0C1YW658Q,AT6ON2YUKJPG7
B0C1W7KL89,AT6ON2YUKJPG7
B0BZCCCM1Z,AT6ON2YUKJPG7
B0BYHW3S2P,AT6ON2YUKJPG7
B0BWJNKKD8,AT6ON2YUKJPG7
B0BW96CR9N,AT6ON2YUKJPG7
B0BW7M7F4H,AT6ON2YUKJPG7
B0BVQZWX1L,AT6ON2YUKJPG7
B0BVQ3GN36,AT6ON2YUKJPG7
B0BSXT3F4P,AT6ON2YUKJPG7
B07RHL845M,AT6ON2YUKJPG7
B07R3KM1FW,AT6ON2YUKJPG7
B07QT8WW82,AT6ON2YUKJPG7
B07QLJ6WFS,AT6ON2YUKJPG7
B07QCQJDLP,AT6ON2YUKJPG7
B07Q5GCHYG,AT6ON2YUKJPG7
B07PH2FBZN,AT6ON2YUKJPG7
B07LGHJMBD,AT6ON2YUKJPG7
B07L52MT4Y,AT6ON2YUKJPG7
B07KB6G98P,AT6ON2YUKJPG7
B07K1XJNJN,AT6ON2YUKJPG7
B07JGN6KMX,AT6ON2YUKJPG7
B07J43XP1L,AT6ON2YUKJPG7
B07HB7T9C5,AT6ON2YUKJPG7
B07F1659MR,AT6ON2YUKJPG7
B07D3B9HN9,AT6ON2YUKJPG7
B0BR4VQJG5,AT6ON2YUKJPG7
B0BQSJ3FJ2,AT6ON2YUKJPG7
B0BQB5GMPV,AT6ON2YUKJPG7
B0BMV79MD6,AT6ON2YUKJPG7
B0BHQPLL8V,AT6ON2YUKJPG7
B0BCFQ7Q8Z,AT6ON2YUKJPG7
B0B9S1W7XW,AT6ON2YUKJPG7
B0B9DTBJV8,AT6ON2YUKJPG7
B0B6P4BVRZ,AT6ON2YUKJPG7
B0B5MJDXN2,AT6ON2YUKJPG7
B0B4DNXYWG,AT6ON2YUKJPG7
B0B3CL55CL,AT6ON2YUKJPG7
B0B2W2Q9FZ,AT6ON2YUKJPG7
B09YCZR8HZ,AT6ON2YUKJPG7
B09Y5H7S7D,AT6ON2YUKJPG7
B09XXGMY3Y,AT6ON2YUKJPG7
B07JHW5YTD,AT6ON2YUKJPG7
B07FZ5RLFD,AT6ON2YUKJPG7
B015IK67PI,AT6ON2YUKJPG7
B0C2QT93HN,AT6ON2YUKJPG7
B09X19KVZX,AT6ON2YUKJPG7
B09PVCGCLR,AT6ON2YUKJPG7
B08BTQ4YSZ,AT6ON2YUKJPG7
B0C4L4G6C5,AT6ON2YUKJPG7
B0BXSCG5VM,AT6ON2YUKJPG7
B0BRSTJT3V,AT6ON2YUKJPG7
B09W479LSM,AT6ON2YUKJPG7
B097ZDQK4C,AT6ON2YUKJPG7
B0979M4YTF,AT6ON2YUKJPG7
B09334BVQ2,AT6ON2YUKJPG7
B0914Q445N,AT6ON2YUKJPG7
B08X3TYWX1,AT6ON2YUKJPG7
B0CN19J2XP,AT6ON2YUKJPG7
B0CJDZGXRN,AT6ON2YUKJPG7
B0CHJ2G4DT,AT6ON2YUKJPG7
B0CFKN3HF7,AT6ON2YUKJPG7
B0C9WSZP95,AT6ON2YUKJPG7
B0C8H5CH23,AT6ON2YUKJPG7
B0C7QX5B22,AT6ON2YUKJPG7
B0C5VLTW4V,AT6ON2YUKJPG7
B0C5LV3KXW,AT6ON2YUKJPG7
B0C2ND7C64,AT6ON2YUKJPG7
B0BX6G7WYP,AT6ON2YUKJPG7
B0BX2XTG4K,AT6ON2YUKJPG7
B0BSVDYW15,AT6ON2YUKJPG7
B0BNJQZRSQ,AT6ON2YUKJPG7
B0BK1JCZZX,AT6ON2YUKJPG7
B0BJZLQ82Q,AT6ON2YUKJPG7
B004W15U94,AT6ON2YUKJPG7
B002LVUWQS,AT6ON2YUKJPG7
B001C1DC6K,AT6ON2YUKJPG7
B0CFTXX2YQ,AT6ON2YUKJPG7
B08GCYX8GP,AT6ON2YUKJPG7
B07X4B37ND,AT6ON2YUKJPG7
B0BS3WSVS5,AT6ON2YUKJPG7
B081TN6FC2,AT6ON2YUKJPG7
B0071ADDI8,AT6ON2YUKJPG7
B005DIGX82,AT6ON2YUKJPG7
B0BGJDJTGC,AT6ON2YUKJPG7
B0BFVZLMJ9,AT6ON2YUKJPG7
B0BFPSDFMZ,AT6ON2YUKJPG7
B0BDLPSQ58,AT6ON2YUKJPG7
B0B7DKMF19,AT6ON2YUKJPG7
B0B6B9ZRLB,AT6ON2YUKJPG7
B0B4BRLFF9,AT6ON2YUKJPG7
B0B42JCV7W,AT6ON2YUKJPG7
B0B351XY51,AT6ON2YUKJPG7
B0B2X3ZCPN,AT6ON2YUKJPG7
B0B24WWLCQ,AT6ON2YUKJPG7
B09ZB26WHC,AT6ON2YUKJPG7
B09Y5KS5CF,AT6ON2YUKJPG7
B09WK5GJ8P,AT6ON2YUKJPG7
B09WJMJM91,AT6ON2YUKJPG7
B09WJJB7MY,AT6ON2YUKJPG7
B09WDK8C96,AT6ON2YUKJPG7
B09T99KJ9F,AT6ON2YUKJPG7
B09SPCMM92,AT6ON2YUKJPG7
B09SGMRS93,AT6ON2YUKJPG7
B09P8B5Q7N,AT6ON2YUKJPG7
B09NKR6WPL,AT6ON2YUKJPG7
B09M7RX525,AT6ON2YUKJPG7
B09GV12L1F,AT6ON2YUKJPG7
B09G2T14BF,AT6ON2YUKJPG7
B09C5RS3TC,AT6ON2YUKJPG7
B0983VSS17,AT6ON2YUKJPG7
B09833D4HK,AT6ON2YUKJPG7
B096Y2CLCK,AT6ON2YUKJPG7
B094D1PPNV,AT6ON2YUKJPG7
B093LTZ465,AT6ON2YUKJPG7
B0919HQSF6,AT6ON2YUKJPG7
B08TVV4YGK,AT6ON2YUKJPG7
B08RB598CH,AT6ON2YUKJPG7
B08MJJ5Y2S,AT6ON2YUKJPG7
B08M5MGRT8,AT6ON2YUKJPG7
B08K7KQDWC,AT6ON2YUKJPG7
B08K6QLGV3,AT6ON2YUKJPG7
B08HH7Y9V2,AT6ON2YUKJPG7
B08DXT547P,AT6ON2YUKJPG7
B08CGX82SM,AT6ON2YUKJPG7
B08532KMP8,AT6ON2YUKJPG7
B0831C164W,AT6ON2YUKJPG7
B07ZVXBMD5,AT6ON2YUKJPG7
B07WPNMWC5,AT6ON2YUKJPG7
B07SKNRZC6,AT6ON2YUKJPG7
B07QS6RY5B,AT6ON2YUKJPG7
B07PFVN7WL,AT6ON2YUKJPG7
B07SGZKPWD,AT6ON2YUKJPG7
B075J2KWXZ,AT6ON2YUKJPG7
B004MFLU4Y,AT6ON2YUKJPG7
B0DT1N3MVQ,AT6ON2YUKJPG7
B0DD3SGJY7,AT6ON2YUKJPG7
B0DC624FZ4,AT6ON2YUKJPG7
B0DBC952YL,AT6ON2YUKJPG7
B0D9W6SJD3,AT6ON2YUKJPG7
B0D93QL89X,AT6ON2YUKJPG7
B0D3JC8KD5,AT6ON2YUKJPG7
B0CWD44ND1,AT6ON2YUKJPG7
B0CW5VV5Q5,AT6ON2YUKJPG7
B0CVX786ZR,AT6ON2YUKJPG7
B0CQY2NNDW,AT6ON2YUKJPG7
B0CPGXZHJ4,AT6ON2YUKJPG7
B0CNCPT55F,AT6ON2YUKJPG7
B07N4DP5Y7,AT6ON2YUKJPG7
B07MSDGD4B,AT6ON2YUKJPG7
B07MJFD9RK,AT6ON2YUKJPG7
B07KQL7KDY,AT6ON2YUKJPG7
B07HN9R72Y,AT6ON2YUKJPG7
B07FKJ9HMN,AT6ON2YUKJPG7
B07D8DVJW6,AT6ON2YUKJPG7
B07D435V32,AT6ON2YUKJPG7
B076CTM15V,AT6ON2YUKJPG7
B073VBC1JW,AT6ON2YUKJPG7
B071FDQSR3,AT6ON2YUKJPG7
B06XRRN4VL,AT6ON2YUKJPG7
B06WLP59H1,AT6ON2YUKJPG7
B01N6MJGHE,AT6ON2YUKJPG7
B016ZB4VZC,AT6ON2YUKJPG7
B012BJVMKY,AT6ON2YUKJPG7
B00YNCWMDO,AT6ON2YUKJPG7
B00YI1D2V6,AT6ON2YUKJPG7
B00XKLYWFU,AT6ON2YUKJPG7
B00XAPJHPG,AT6ON2YUKJPG7
B00VO6H2EG,AT6ON2YUKJPG7
B00HR0267Q,AT6ON2YUKJPG7
B005JTQKU6,AT6ON2YUKJPG7
B001AI2MDE,AT6ON2YUKJPG7
B098WHFP5S,AT6ON2YUKJPG7
B075CT63CK,AT6ON2YUKJPG7
B07Y1DFKSQ,AT6ON2YUKJPG7
B07P8JQ4ZQ,AT6ON2YUKJPG7
B0CZ74HQBC,AT6ON2YUKJPG7
B0CQ2HL1P7,AT6ON2YUKJPG7
B0B9N26T8F,AT6ON2YUKJPG7
B07D9H3Z3B,AT6ON2YUKJPG7
B0C8J55GMN,AT6ON2YUKJPG7
B0BWX8WQZG,AT6ON2YUKJPG7
B09B7QBPJL,AT6ON2YUKJPG7
B08HW2J13S,AT6ON2YUKJPG7
B084GK47GV,AT6ON2YUKJPG7
B079Z1TWJW,AT6ON2YUKJPG7
B07577491V,AT6ON2YUKJPG7
B06XCNDGM3,AT6ON2YUKJPG7
B0927Q6H1B,AT6ON2YUKJPG7
B0D8VP7SXB,AT6ON2YUKJPG7
B0B5YFXKW7,AT6ON2YUKJPG7
B093RCV7WH,AT6ON2YUKJPG7
B0888V36GZ,AT6ON2YUKJPG7
B07NP55YXX,AT6ON2YUKJPG7
B09QW4JBVR,AT6ON2YUKJPG7
B09B2TB4NS,AT6ON2YUKJPG7
B0CPBSKPZS,AT6ON2YUKJPG7
B097ML62NW,AT6ON2YUKJPG7
B08D34TSQQ,AT6ON2YUKJPG7
B0C65H9TWW,AT6ON2YUKJPG7
B0BS3FYXZP,AT6ON2YUKJPG7
B0831SXS1Z,AT6ON2YUKJPG7
B0756L83XR,AT6ON2YUKJPG7
B0CX16ZRZB,AT6ON2YUKJPG7
B0CTN2MMKX,AT6ON2YUKJPG7
B0D6RH6JBH,AT6ON2YUKJPG7
B0D3X149J4,AT6ON2YUKJPG7
B0D22YXK3V,AT6ON2YUKJPG7
B0CTQMB52L,AT6ON2YUKJPG7
B0CTGZK94Y,AT6ON2YUKJPG7
B0CRD7XX8P,AT6ON2YUKJPG7
B0CRB4Z5L7,AT6ON2YUKJPG7
B0CP51FP7M,AT6ON2YUKJPG7
B0CNLNG8Z1,AT6ON2YUKJPG7
B0CN95MVSJ,AT6ON2YUKJPG7
B0CN4M4RTS,AT6ON2YUKJPG7
B0CMZR9H5D,AT6ON2YUKJPG7
B0CLVJ4XG1,AT6ON2YUKJPG7
B0CKM2G67R,AT6ON2YUKJPG7
B0CJJ2Y2M1,AT6ON2YUKJPG7
B0CFWMWVKG,AT6ON2YUKJPG7
B0CF8HXPGP,AT6ON2YUKJPG7
B0CF5FY5TK,AT6ON2YUKJPG7
B0CBNXTHK3,AT6ON2YUKJPG7
B0C5WC97YJ,AT6ON2YUKJPG7
B0C4DX5YDK,AT6ON2YUKJPG7
B0C1SRJ5ZV,AT6ON2YUKJPG7
B0BZQMF23W,AT6ON2YUKJPG7
B0BZ7TS6VR,AT6ON2YUKJPG7
B0BYVRTKLV,AT6ON2YUKJPG7
B0BXCHJST9,AT6ON2YUKJPG7
B0BWW7PVQP,AT6ON2YUKJPG7
B0BW5XRP92,AT6ON2YUKJPG7
B0BTZ43KQW,AT6ON2YUKJPG7
B0BTSP6146,AT6ON2YUKJPG7
B0BS1WTTS1,AT6ON2YUKJPG7
B0BQ237BLJ,AT6ON2YUKJPG7
B0CQSDY4VH,AT6ON2YUKJPG7
B0C4VXQWZV,AT6ON2YUKJPG7
B0C43S1DVM,AT6ON2YUKJPG7
B0C3GT9ST5,AT6ON2YUKJPG7
B0BSRHRGGX,AT6ON2YUKJPG7
B0BFH93NGH,AT6ON2YUKJPG7
B09B9PCYSS,AT6ON2YUKJPG7
B095TSVJDB,AT6ON2YUKJPG7
B0779D7DFG,AT6ON2YUKJPG7
B071KQWRW8,AT6ON2YUKJPG7
B071G8VT3S,AT6ON2YUKJPG7
B06VW8T543,AT6ON2YUKJPG7
B00ZZLKUWM,AT6ON2YUKJPG7
B0DCNNXC53,AT6ON2YUKJPG7
B0D9Y2Y74K,AT6ON2YUKJPG7
B0D94M792Q,AT6ON2YUKJPG7
B089SVB58F,AT6ON2YUKJPG7
B08932JPJ4,AT6ON2YUKJPG7
B083TKQQTL,AT6ON2YUKJPG7
B081YPXL8N,AT6ON2YUKJPG7
B07YFKMBDR,AT6ON2YUKJPG7
B07YB7X3DD,AT6ON2YUKJPG7
B07XTLHC7D,AT6ON2YUKJPG7
B07XNRYWC7,AT6ON2YUKJPG7
B07WV5FDN5,AT6ON2YUKJPG7
B07VG887Z7,AT6ON2YUKJPG7
B07SFZBM6W,AT6ON2YUKJPG7
B07S3WJC62,AT6ON2YUKJPG7
B07QXCWNQ1,AT6ON2YUKJPG7
B07QQ8NPF2,AT6ON2YUKJPG7
B07QJD85T5,AT6ON2YUKJPG7
B07PCJHXNH,AT6ON2YUKJPG7
B0BPSDLJNR,AT6ON2YUKJPG7
B0BNKVPCR6,AT6ON2YUKJPG7
B0BM5B6LBB,AT6ON2YUKJPG7
B0BM3N5DKM,AT6ON2YUKJPG7
B0BJVLQTMB,AT6ON2YUKJPG7
B0BCG3NVWX,AT6ON2YUKJPG7
B0B3GPM4Z9,AT6ON2YUKJPG7
B09XRFK1DB,AT6ON2YUKJPG7
B09VTKY6GC,AT6ON2YUKJPG7
B09PZMXFK4,AT6ON2YUKJPG7
B09P5HH9YV,AT6ON2YUKJPG7
B09MZND2KW,AT6ON2YUKJPG7
B09KLP3NFP,AT6ON2YUKJPG7
B09GK7YCZY,AT6ON2YUKJPG7
B09FLKL5QV,AT6ON2YUKJPG7
B096G6VZRH,AT6ON2YUKJPG7
B095KW78BB,AT6ON2YUKJPG7
B094ZD5GWR,AT6ON2YUKJPG7
B0947G7LYT,AT6ON2YUKJPG7
B0932PDD4L,AT6ON2YUKJPG7
B092PF32JW,AT6ON2YUKJPG7
B091M4FPY7,AT6ON2YUKJPG7
B091KGP177,AT6ON2YUKJPG7
B08VVZK5GZ,AT6ON2YUKJPG7
B08T1CYZSY,AT6ON2YUKJPG7
B08R363536,AT6ON2YUKJPG7
B08NZFT6SK,AT6ON2YUKJPG7
B08LC6D83T,AT6ON2YUKJPG7
B08G55J2MJ,AT6ON2YUKJPG7
B08FX5PB87,AT6ON2YUKJPG7
B08FRFVKF3,AT6ON2YUKJPG7
B089W3NT45,AT6ON2YUKJPG7
B077TPPYXM,AT6ON2YUKJPG7
B076W4G596,AT6ON2YUKJPG7
B0722JPD6L,AT6ON2YUKJPG7
B06X16VLT7,AT6ON2YUKJPG7
B01IHKE992,AT6ON2YUKJPG7
B00VEJ9ZA2,AT6ON2YUKJPG7
B00UP1JBAO,AT6ON2YUKJPG7
B00PWNKV2C,AT6ON2YUKJPG7
B00N1QQCMK,AT6ON2YUKJPG7
B00BU7P3JA,AT6ON2YUKJPG7
B007UQMD8E,AT6ON2YUKJPG7
B007PS13S8,AT6ON2YUKJPG7
B00733JU1W,AT6ON2YUKJPG7
B003E33FJI,AT6ON2YUKJPG7
B0015H6JYS,AT6ON2YUKJPG7
B0000WU3U0,AT6ON2YUKJPG7
B0C2XHMYD1,AT6ON2YUKJPG7
B0002UADAK,AT6ON2YUKJPG7
B0CY7BDGTV,AT6ON2YUKJPG7
B0CH81M7Z1,AT6ON2YUKJPG7
B0BQQDWGXV,AT6ON2YUKJPG7
B0B9T25Q9F,AT6ON2YUKJPG7
B09V3H74M8,AT6ON2YUKJPG7
B08K4D3VS9,AT6ON2YUKJPG7
B0817HD11S,AT6ON2YUKJPG7
B07YXGGSSZ,AT6ON2YUKJPG7
B07MK2VRRQ,AT6ON2YUKJPG7
B00GIX531O,AT6ON2YUKJPG7
B0D14Q3F6D,AT6ON2YUKJPG7
B0BZCX57J7,AT6ON2YUKJPG7
B0B8F3924K,AT6ON2YUKJPG7
B09XTQR8W5,AT6ON2YUKJPG7
B00QXXB92Q,AT6ON2YUKJPG7
B079QBN92L,AT6ON2YUKJPG7
B0768LQY72,AT6ON2YUKJPG7
B0CGF258YY,AT6ON2YUKJPG7
B0BMGHSB8Z,AT6ON2YUKJPG7
B08H872XCR,AT6ON2YUKJPG7
B07H4XXJZD,AT6ON2YUKJPG7
B0B8S6N9VD,AT6ON2YUKJPG7
B07GJB5TVP,AT6ON2YUKJPG7
B0CWZCQ6HG,AT6ON2YUKJPG7
B0B25QX6WC,AT6ON2YUKJPG7
B099RSR8Z9,AT6ON2YUKJPG7
B0CWZB1V8Z,AT6ON2YUKJPG7
B0C777D55D,AT6ON2YUKJPG7
B0949LMJ2X,AT6ON2YUKJPG7
B0CBT2WFM7,AT6ON2YUKJPG7
B09FDTGZKC,AT6ON2YUKJPG7
B08TQBHW8R,AT6ON2YUKJPG7
B07ZDFB1G1,AT6ON2YUKJPG7
B0C48Z18TZ,AT6ON2YUKJPG7
B0B1J3SHZ9,AT6ON2YUKJPG7
B083ZCS5WR,AT6ON2YUKJPG7
B07ZJ7HCPM,AT6ON2YUKJPG7
B07613CXHH,AT6ON2YUKJPG7
B01DT7ZO1U,AT6ON2YUKJPG7
B09TD8H9RR,AT6ON2YUKJPG7
B08PBFVLK9,AT6ON2YUKJPG7
B08NDLKB5J,AT6ON2YUKJPG7
B08FXDSBCV,AT6ON2YUKJPG7
B07S8DHRP7,AT6ON2YUKJPG7
B07QPVKTF9,AT6ON2YUKJPG7
B0195UGSH4,AT6ON2YUKJPG7
B00AU6KE14,AT6ON2YUKJPG7
B007IQ539C,AT6ON2YUKJPG7
B004ZIR984,AT6ON2YUKJPG7
B003SEA5GO,AT6ON2YUKJPG7
B0DB68Y98F,AT6ON2YUKJPG7
B0DB1Y83FC,AT6ON2YUKJPG7
B0D8LCP71D,AT6ON2YUKJPG7
B0CZ95XFKJ,AT6ON2YUKJPG7
B0CXF5PH2T,AT6ON2YUKJPG7
B07NQ152C6,AT6ON2YUKJPG7
B07MNXW4KZ,AT6ON2YUKJPG7
B07L699691,AT6ON2YUKJPG7
B07H8K2YHS,AT6ON2YUKJPG7
B07FZWHTS5,AT6ON2YUKJPG7
B07FXB5K7K,AT6ON2YUKJPG7
B07FRF22RP,AT6ON2YUKJPG7
B07FFGL9J1,AT6ON2YUKJPG7
B07DK7NKS1,AT6ON2YUKJPG7
B07DBKYPZD,AT6ON2YUKJPG7
B07D8XP95T,AT6ON2YUKJPG7
B07C85LV38,AT6ON2YUKJPG7
B07C7D366L,AT6ON2YUKJPG7
B07B8HNWSZ,AT6ON2YUKJPG7
B0793XT57M,AT6ON2YUKJPG7
B07931YTNP,AT6ON2YUKJPG7
B0CX6J8BS7,AT6ON2YUKJPG7
B0CQRKS1WZ,AT6ON2YUKJPG7
B0CP3NFP92,AT6ON2YUKJPG7
B0CLZQMTNT,AT6ON2YUKJPG7
B0CLP8871J,AT6ON2YUKJPG7
B0CHVPXZ73,AT6ON2YUKJPG7
B0CHVN7G53,AT6ON2YUKJPG7
B0CHQQBYBQ,AT6ON2YUKJPG7
B0CG2YRX35,AT6ON2YUKJPG7
B0CF3N4CY8,AT6ON2YUKJPG7
B0CDD82YLV,AT6ON2YUKJPG7
B0CCF6GSWM,AT6ON2YUKJPG7
B0C6L2R9CC,AT6ON2YUKJPG7
B0C3VR7NFL,AT6ON2YUKJPG7
B0C334ZPT2,AT6ON2YUKJPG7
B0C2M5G54V,AT6ON2YUKJPG7
B0C27PVP6G,AT6ON2YUKJPG7
B0C22Q9VYY,AT6ON2YUKJPG7
B0C1YBWVTR,AT6ON2YUKJPG7
B0BZNJM14F,AT6ON2YUKJPG7
B0BZL76927,AT6ON2YUKJPG7
B0BXQG2YNB,AT6ON2YUKJPG7
B0BVWQ85G6,AT6ON2YUKJPG7
B0BPY58SWK,AT6ON2YUKJPG7
B0BNR4991H,AT6ON2YUKJPG7
B0BNG4WPZD,AT6ON2YUKJPG7
B0BMWRDVTK,AT6ON2YUKJPG7
B0BMFGGTQS,AT6ON2YUKJPG7
B0BKL2NNW8,AT6ON2YUKJPG7
B0BHNN8FM7,AT6ON2YUKJPG7
B0BDZ6WY4M,AT6ON2YUKJPG7
B0BC8G677Q,AT6ON2YUKJPG7
B07YB7Q4QD,AT6ON2YUKJPG7
B07Y6FCJZR,AT6ON2YUKJPG7
B07XP7JGHG,AT6ON2YUKJPG7
B07TYW9RLB,AT6ON2YUKJPG7
B07SH6YHKC,AT6ON2YUKJPG7
B07QSSJBJP,AT6ON2YUKJPG7
B07QBYQS7C,AT6ON2YUKJPG7
B07MVL2126,AT6ON2YUKJPG7
B07KRMVHH4,AT6ON2YUKJPG7
B07JY99C9G,AT6ON2YUKJPG7
B07H8QP3V7,AT6ON2YUKJPG7
B07H8M4F12,AT6ON2YUKJPG7
B07G821F4Q,AT6ON2YUKJPG7
B07FRZ64KX,AT6ON2YUKJPG7
B07CZ4GTRY,AT6ON2YUKJPG7
B079578RTF,AT6ON2YUKJPG7
B08TV495HL,AT6ON2YUKJPG7
B08S3FZPDY,AT6ON2YUKJPG7
B08PYQ1WYK,AT6ON2YUKJPG7
B08N9SW2B3,AT6ON2YUKJPG7
B08MT1SM9P,AT6ON2YUKJPG7
B08LN2WPCV,AT6ON2YUKJPG7
B08J9Y8YFH,AT6ON2YUKJPG7
B08B9YPXGP,AT6ON2YUKJPG7
B088FBY1RR,AT6ON2YUKJPG7
B085C43RR8,AT6ON2YUKJPG7
B083RFHYG9,AT6ON2YUKJPG7
B082VXSL2M,AT6ON2YUKJPG7
B082MQKN3D,AT6ON2YUKJPG7
B082FC7HRP,AT6ON2YUKJPG7
B081VLNK19,AT6ON2YUKJPG7
B0814HLN4Q,AT6ON2YUKJPG7
B07869YRMZ,AT6ON2YUKJPG7
B0772SB1XK,AT6ON2YUKJPG7
B074WLYGZ1,AT6ON2YUKJPG7
B074MNN98X,AT6ON2YUKJPG7
B0747X5P1K,AT6ON2YUKJPG7
B073R4CWQV,AT6ON2YUKJPG7
B073K384NZ,AT6ON2YUKJPG7
B072YVSNC2,AT6ON2YUKJPG7
B071P2FLF4,AT6ON2YUKJPG7
B06Y1NKJBW,AT6ON2YUKJPG7
B06XT3Q9Y1,AT6ON2YUKJPG7
B01NBFBL3K,AT6ON2YUKJPG7
B01M1SIVC8,AT6ON2YUKJPG7
B01LYOBTFR,AT6ON2YUKJPG7
B01EM621YK,AT6ON2YUKJPG7
B01DLZBJ0A,AT6ON2YUKJPG7
B00LM7H2VK,AT6ON2YUKJPG7
B00GRFHTQA,AT6ON2YUKJPG7
B00DDVU6EI,AT6ON2YUKJPG7
B00CORNHKW,AT6ON2YUKJPG7
B0055EN1U2,AT6ON2YUKJPG7
B004XOPZV8,AT6ON2YUKJPG7
B004QGO1LS,AT6ON2YUKJPG7
B004G08K9I,AT6ON2YUKJPG7
B001V32IQO,AT6ON2YUKJPG7
B000EH2GDI,AT6ON2YUKJPG7
B000BQSCMG,AT6ON2YUKJPG7
B0B87T7PZP,AT6ON2YUKJPG7
B088BWZFXH,AT6ON2YUKJPG7
B083ZBQF2S,AT6ON2YUKJPG7
B07ZHHKDJS,AT6ON2YUKJPG7
B07G761GNK,AT6ON2YUKJPG7
B06Y4M4Y92,AT6ON2YUKJPG7
B0CD181XML,AT6ON2YUKJPG7
B0B1VJD6RX,AT6ON2YUKJPG7
B0CTH1RP5Z,AT6ON2YUKJPG7
B0BRMWWBMJ,AT6ON2YUKJPG7
B0CNW4ZTT3,AT6ON2YUKJPG7
B075Q8BHJV,AT6ON2YUKJPG7
B06XCN8435,AT6ON2YUKJPG7
B07ZPWB5VR,AT6ON2YUKJPG7
B07MCB9TGX,AT6ON2YUKJPG7
B0DFQ8J21Z,AT6ON2YUKJPG7
B0BV6CK3BM,AT6ON2YUKJPG7
B08SQ2PZ1Y,AT6ON2YUKJPG7
B07C7MW37H,AT6ON2YUKJPG7
B0DLP29Y22,AT6ON2YUKJPG7
B0D9LRXN6W,AT6ON2YUKJPG7
B0B9N2V5GN,AT6ON2YUKJPG7
B0B8YLFTJS,AT6ON2YUKJPG7
B0B2KJ6HTB,AT6ON2YUKJPG7
B0B2DDFGYZ,AT6ON2YUKJPG7
B0B277TSZN,AT6ON2YUKJPG7
B09WMPLF4R,AT6ON2YUKJPG7
B09W5P5C5N,AT6ON2YUKJPG7
B09PPBYKP6,AT6ON2YUKJPG7
B09MTY9LWP,AT6ON2YUKJPG7
B09F3P2QFQ,AT6ON2YUKJPG7
B097GVVLWV,AT6ON2YUKJPG7
B0977SZJFH,AT6ON2YUKJPG7
B0973NZB27,AT6ON2YUKJPG7
B094CQN61S,AT6ON2YUKJPG7
B093T2JGTW,AT6ON2YUKJPG7
B09154J498,AT6ON2YUKJPG7
B0CCPJNB1V,AT6ON2YUKJPG7
B0C1VRP55W,AT6ON2YUKJPG7
B0C1NKVVZZ,AT6ON2YUKJPG7
B0BRTKCF65,AT6ON2YUKJPG7
B0BB6PJW1Z,AT6ON2YUKJPG7
B0B91S915M,AT6ON2YUKJPG7
B0B1V3XRYY,AT6ON2YUKJPG7
B098JDJVCN,AT6ON2YUKJPG7
B087GD246H,AT6ON2YUKJPG7
B086R266TY,AT6ON2YUKJPG7
B07D248SGZ,AT6ON2YUKJPG7
B0794GJQCF,AT6ON2YUKJPG7
B01GTVU5Q2,AT6ON2YUKJPG7
B000HHM1JY,AT6ON2YUKJPG7
B0DGPTRRJX,AT6ON2YUKJPG7
B0D824GYMM,AT6ON2YUKJPG7
B0D7M7NGD5,AT6ON2YUKJPG7
B0D6TB36DH,AT6ON2YUKJPG7
B0D3PRX649,AT6ON2YUKJPG7
B0D1VD3LX5,AT6ON2YUKJPG7
B0CXD3D9NK,AT6ON2YUKJPG7
B0CPSV3Y6P,AT6ON2YUKJPG7
B0CN6KSY77,AT6ON2YUKJPG7
B0CJT9566V,AT6ON2YUKJPG7
B0CJLKRQDC,AT6ON2YUKJPG7
B0CJGZ9LL7,AT6ON2YUKJPG7
B0CG9DSL3J,AT6ON2YUKJPG7
B0CD7JLSLH,AT6ON2YUKJPG7
B0CCY779VZ,AT6ON2YUKJPG7
B0CBNWZCRQ,AT6ON2YUKJPG7
B0C7J3DXFF,AT6ON2YUKJPG7
B0C3FS4XZX,AT6ON2YUKJPG7
B09WZF17KB,AT6ON2YUKJPG7
B09WZCWBKW,AT6ON2YUKJPG7
B09VX523M9,AT6ON2YUKJPG7
B09QZD7Y5N,AT6ON2YUKJPG7
B09PYW89S6,AT6ON2YUKJPG7
B09MV2YZFN,AT6ON2YUKJPG7
B09MPX263S,AT6ON2YUKJPG7
B09HBWRNJP,AT6ON2YUKJPG7
B09GTMPLK2,AT6ON2YUKJPG7
B09CP9V9GN,AT6ON2YUKJPG7
B09C6CJGXW,AT6ON2YUKJPG7
B0995G9DFR,AT6ON2YUKJPG7
B096L3F4HT,AT6ON2YUKJPG7
B092CNR7VM,AT6ON2YUKJPG7
B091DJKVJP,AT6ON2YUKJPG7
B08ZMT7P9F,AT6ON2YUKJPG7
B0BZQNZ4HF,AT6ON2YUKJPG7
B0BX3QRGMD,AT6ON2YUKJPG7
B0BWXZJCMV,AT6ON2YUKJPG7
B0BQVCXTF7,AT6ON2YUKJPG7
B0BN6MQBJQ,AT6ON2YUKJPG7
B0BN366ZJZ,AT6ON2YUKJPG7
B0BKC7895S,AT6ON2YUKJPG7
B0BG6CBMB9,AT6ON2YUKJPG7
B0B9JT2BW6,AT6ON2YUKJPG7
B0B8SR4MH3,AT6ON2YUKJPG7
B0B8HHK8S9,AT6ON2YUKJPG7
B0B5W634F4,AT6ON2YUKJPG7
B0B52WPYVB,AT6ON2YUKJPG7
B09ZB93V61,AT6ON2YUKJPG7
B09Y4FX1HK,AT6ON2YUKJPG7
B09X21LFXR,AT6ON2YUKJPG7
B08V5LRR45,AT6ON2YUKJPG7
B08TTQ4RF8,AT6ON2YUKJPG7
B08S338N6R,AT6ON2YUKJPG7
B08PBJD21M,AT6ON2YUKJPG7
B08P5NW8VN,AT6ON2YUKJPG7
B08NCNKQSD,AT6ON2YUKJPG7
B08MB1QX45,AT6ON2YUKJPG7
B08LZPB7GT,AT6ON2YUKJPG7
B08C4WB6T5,AT6ON2YUKJPG7
B089JW8PV2,AT6ON2YUKJPG7
B08968HML8,AT6ON2YUKJPG7
B088BH6NRT,AT6ON2YUKJPG7
B0877699NX,AT6ON2YUKJPG7
B083GTVPQ1,AT6ON2YUKJPG7
B0831BQCB4,AT6ON2YUKJPG7
B07YWS7N4Y,AT6ON2YUKJPG7
B07WH6857N,AT6ON2YUKJPG7
B07S2TDD8Q,AT6ON2YUKJPG7
B07RJFJDF9,AT6ON2YUKJPG7
B07RD3WQ6V,AT6ON2YUKJPG7
B07L68T5Y5,AT6ON2YUKJPG7
B07DP6TH7W,AT6ON2YUKJPG7
B07D3FM47T,AT6ON2YUKJPG7
B07C9L88KP,AT6ON2YUKJPG7
B07BH9Y9RC,AT6ON2YUKJPG7
B078WZY91Y,AT6ON2YUKJPG7
B0785PG4GM,AT6ON2YUKJPG7
B077YT997M,AT6ON2YUKJPG7
B075DHVZXD,AT6ON2YUKJPG7
B0756NWNDJ,AT6ON2YUKJPG7
B01M5CKYM5,AT6ON2YUKJPG7
B01M32CRKG,AT6ON2YUKJPG7
B01BVRJNHG,AT6ON2YUKJPG7
B016BMZ0IC,AT6ON2YUKJPG7
B013ZHB6AC,AT6ON2YUKJPG7
B00PWNKY56,AT6ON2YUKJPG7
B00IJLNGAS,AT6ON2YUKJPG7
B00H407C14,AT6ON2YUKJPG7
B0092QXP6E,AT6ON2YUKJPG7
B0092QTJR8,AT6ON2YUKJPG7
B007SW182W,AT6ON2YUKJPG7
B0074Q1Y5S,AT6ON2YUKJPG7
B003H1J5E6,AT6ON2YUKJPG7
B00208PN5C,AT6ON2YUKJPG7
B001X2B4T0,AT6ON2YUKJPG7
B0006VW47K,AT6ON2YUKJPG7
B09GS9SPVY,AT6ON2YUKJPG7
B09MSPKS6W,AT6ON2YUKJPG7
B08MT9K7CC,AT6ON2YUKJPG7
B08D3C9Z37,AT6ON2YUKJPG7
B00T7GFAO4,AT6ON2YUKJPG7
B00BP0J0Z0,AT6ON2YUKJPG7
B0CD15ZYT5,AT6ON2YUKJPG7
B0B255ZP1W,AT6ON2YUKJPG7
B08SKYYN7P,AT6ON2YUKJPG7
B07KLDR1ZT,AT6ON2YUKJPG7
B07BB229WB,AT6ON2YUKJPG7
B0CNT4PM35,AT6ON2YUKJPG7
B0CLDVPDMJ,AT6ON2YUKJPG7
B0CJKGXC2Y,AT6ON2YUKJPG7
B0CF1ZZ7MF,AT6ON2YUKJPG7
B0CCXZ78B3,AT6ON2YUKJPG7
B0BWHBVH9X,AT6ON2YUKJPG7
B0BV31QSQC,AT6ON2YUKJPG7
B0BN78VV8Z,AT6ON2YUKJPG7
B09418CKDM,AT6ON2YUKJPG7
B07F8GZQG4,AT6ON2YUKJPG7
B0BXVJF94Q,AT6ON2YUKJPG7
B0B1PV3QJL,AT6ON2YUKJPG7
B09ZY2K5KB,AT6ON2YUKJPG7
B097DD2X2P,AT6ON2YUKJPG7
B08JKCJR2J,AT6ON2YUKJPG7
B00IPOBKSO,AT6ON2YUKJPG7
B09N18S4C5,AT6ON2YUKJPG7
B07YKM2NL4,AT6ON2YUKJPG7
B0D5PKPH7J,AT6ON2YUKJPG7
B072Q1BKHD,AT6ON2YUKJPG7
B0CX1TPZYT,AT6ON2YUKJPG7
B093TF8TSN,AT6ON2YUKJPG7
B08FRL5G5S,AT6ON2YUKJPG7
B0CZNGD2DF,AT6ON2YUKJPG7
B0842S23PN,AT6ON2YUKJPG7
B07MKG6DTD,AT6ON2YUKJPG7
B003GSRSLM,AT6ON2YUKJPG7
B0DFCMLZH2,AT6ON2YUKJPG7
B0D5Y7X269,AT6ON2YUKJPG7
B0D2CR2RP2,AT6ON2YUKJPG7
B0CYNZ5M6Q,AT6ON2YUKJPG7
B0CVXGTK27,AT6ON2YUKJPG7
B0CTQTL9XZ,AT6ON2YUKJPG7
B0CRQJSL1P,AT6ON2YUKJPG7
B0CQTH7CJD,AT6ON2YUKJPG7
B0CQRKN5R5,AT6ON2YUKJPG7
B0CQLS5YQ2,AT6ON2YUKJPG7
B0CNRMGSRG,AT6ON2YUKJPG7
B0CMTRL8B9,AT6ON2YUKJPG7
B0CMDGTZ64,AT6ON2YUKJPG7
B0CL8YNYJ8,AT6ON2YUKJPG7
B0CKY1YZ66,AT6ON2YUKJPG7
B0BTW9D5P1,AT6ON2YUKJPG7
B0BTDWX2GD,AT6ON2YUKJPG7
B0BR2JX9XM,AT6ON2YUKJPG7
B0BQW3D7K2,AT6ON2YUKJPG7
B0BNGB4QR1,AT6ON2YUKJPG7
B0BMWVT4TN,AT6ON2YUKJPG7
B0BLH5FF9K,AT6ON2YUKJPG7
B0BKSRRLZZ,AT6ON2YUKJPG7
B0BKQYYQCS,AT6ON2YUKJPG7
B0BHVBGDMK,AT6ON2YUKJPG7
B0BH9DWLS8,AT6ON2YUKJPG7
B0BGFTMQ97,AT6ON2YUKJPG7
B0BDZ976S2,AT6ON2YUKJPG7
B0B99D9RRT,AT6ON2YUKJPG7
B0B86P1KQX,AT6ON2YUKJPG7
B0B5LCZNC2,AT6ON2YUKJPG7
B0B1C2FXWK,AT6ON2YUKJPG7
B09YGVSXRZ,AT6ON2YUKJPG7
B09XBLHDZ9,AT6ON2YUKJPG7
B09WTHV2RH,AT6ON2YUKJPG7
B09VR6R4JK,AT6ON2YUKJPG7
B09S248FW2,AT6ON2YUKJPG7
B09RKRVN6G,AT6ON2YUKJPG7
B09PFNG7L5,AT6ON2YUKJPG7
B09P4MKTVC,AT6ON2YUKJPG7
B09J23SRCW,AT6ON2YUKJPG7
B09GLRL9GZ,AT6ON2YUKJPG7
B09DPJGRPG,AT6ON2YUKJPG7
B09CSXH3FB,AT6ON2YUKJPG7
B09B3FZDB1,AT6ON2YUKJPG7
B095G3NSG6,AT6ON2YUKJPG7
B08YJVHPM7,AT6ON2YUKJPG7
B0CK4XMKFC,AT6ON2YUKJPG7
B0CJCDDYTG,AT6ON2YUKJPG7
B0CGWMMD34,AT6ON2YUKJPG7
B0CG9C3CM2,AT6ON2YUKJPG7
B0CFQBTGR1,AT6ON2YUKJPG7
B0CDK8L5QW,AT6ON2YUKJPG7
B0CCTPH8XL,AT6ON2YUKJPG7
B0C92GHZ5T,AT6ON2YUKJPG7
B0C8V7VT33,AT6ON2YUKJPG7
B0C8GFYNCD,AT6ON2YUKJPG7
B0C65W6ZX5,AT6ON2YUKJPG7
B0C484VHWK,AT6ON2YUKJPG7
B0C1V8F8BC,AT6ON2YUKJPG7
B0BYN5WGQ3,AT6ON2YUKJPG7
B0BV5YRMSR,AT6ON2YUKJPG7
B08R9RM66F,AT6ON2YUKJPG7
B08QYN2XGG,AT6ON2YUKJPG7
B08QCMLT8B,AT6ON2YUKJPG7
B08KHD5HPJ,AT6ON2YUKJPG7
B08KGTKJGY,AT6ON2YUKJPG7
B08HS7TYYB,AT6ON2YUKJPG7
B08GWXYVMN,AT6ON2YUKJPG7
B08CGT1X7V,AT6ON2YUKJPG7
B089Y9QFZL,AT6ON2YUKJPG7
B088K85NBK,AT6ON2YUKJPG7
B087LQSCWC,AT6ON2YUKJPG7
B087LD8CSY,AT6ON2YUKJPG7
B087CD64J4,AT6ON2YUKJPG7
B084T45LV7,AT6ON2YUKJPG7
B0845SW139,AT6ON2YUKJPG7
B07SZ3K9WR,AT6ON2YUKJPG7
B07RYDHYQ1,AT6ON2YUKJPG7
B07Q87Z7WW,AT6ON2YUKJPG7
B07PX462GX,AT6ON2YUKJPG7
B07NC6TG2T,AT6ON2YUKJPG7
B07MLX78HY,AT6ON2YUKJPG7
B07KRNNHXR,AT6ON2YUKJPG7
B07FRK7MX6,AT6ON2YUKJPG7
B07DYD5DZK,AT6ON2YUKJPG7
B07D146VK1,AT6ON2YUKJPG7
B07BQBYH9D,AT6ON2YUKJPG7
B07B6RH5MZ,AT6ON2YUKJPG7
B07B27S9BF,AT6ON2YUKJPG7
B079YZ7P2B,AT6ON2YUKJPG7
B071ZYDB14,AT6ON2YUKJPG7
B0713XNKG4,AT6ON2YUKJPG7
B01LP90O50,AT6ON2YUKJPG7
B01LFQ93F0,AT6ON2YUKJPG7
B01J2FTPWW,AT6ON2YUKJPG7
B01EZBR1SS,AT6ON2YUKJPG7
B01DJLRK1I,AT6ON2YUKJPG7
B01869JXMW,AT6ON2YUKJPG7
B014XEP5DU,AT6ON2YUKJPG7
B00TKRM69M,AT6ON2YUKJPG7
B00Q7B69AG,AT6ON2YUKJPG7
B00NL4DI2E,AT6ON2YUKJPG7
B00JL386XU,AT6ON2YUKJPG7
B00A2A2GT6,AT6ON2YUKJPG7
B006O1Z5A4,AT6ON2YUKJPG7
B003PBKNAS,AT6ON2YUKJPG7
B003DQXGNQ,AT6ON2YUKJPG7
B0D5D4DRNH,AT6ON2YUKJPG7
B09J4ZPH1J,AT6ON2YUKJPG7
B07JQ36RKN,AT6ON2YUKJPG7
B07DF8CPSV,AT6ON2YUKJPG7
B071F9ZNL2,AT6ON2YUKJPG7
B01G7TXYGY,AT6ON2YUKJPG7
B0058U67S6,AT6ON2YUKJPG7
B0BRWJSLBT,AT6ON2YUKJPG7
B08J1KKHCY,AT6ON2YUKJPG7
B0DFTRJS37,AT6ON2YUKJPG7
B0CLL77NFB,AT6ON2YUKJPG7
B0BGQWTKS8,AT6ON2YUKJPG7
B0C3LYVQD7,AT6ON2YUKJPG7
B07CX413SF,AT6ON2YUKJPG7
B0C2KBHMPM,AT6ON2YUKJPG7
B08T1JQS3J,AT6ON2YUKJPG7
B09F66M2XL,AT6ON2YUKJPG7
B08S96RXQH,AT6ON2YUKJPG7
B08L837C6C,AT6ON2YUKJPG7
B07ZVQTDPZ,AT6ON2YUKJPG7
B077ZMVMGD,AT6ON2YUKJPG7
B0D47FDCX5,AT6ON2YUKJPG7
B0CHNXLL6X,AT6ON2YUKJPG7
B0DMSCZKKL,AT6ON2YUKJPG7
B0D96D3V7K,AT6ON2YUKJPG7
B0D8HYCZC2,AT6ON2YUKJPG7
B0D8C6KL4G,AT6ON2YUKJPG7
B0D7679L2Y,AT6ON2YUKJPG7
B0D5QL155F,AT6ON2YUKJPG7
B0D56LCQ1F,AT6ON2YUKJPG7
B0CWTVTR68,AT6ON2YUKJPG7
B0CTQ8NLVH,AT6ON2YUKJPG7
B0CQLN4M84,AT6ON2YUKJPG7
B0CPHSCFQ9,AT6ON2YUKJPG7
B0CNSBTCKV,AT6ON2YUKJPG7
B0CN7ZF117,AT6ON2YUKJPG7
B0CM8LDZ9S,AT6ON2YUKJPG7
B0CM6NTVQR,AT6ON2YUKJPG7
B0CJL4NG61,AT6ON2YUKJPG7
B0CHMF9LMR,AT6ON2YUKJPG7
B0CFXL13KF,AT6ON2YUKJPG7
B0CD6V62XH,AT6ON2YUKJPG7
B0CC59QTZK,AT6ON2YUKJPG7
B0C9TSK2Y6,AT6ON2YUKJPG7
B0C7P6FC4Q,AT6ON2YUKJPG7
B0C5W3847R,AT6ON2YUKJPG7
B0C26BFWQD,AT6ON2YUKJPG7
B0C1RH579R,AT6ON2YUKJPG7
B0C14BFH4V,AT6ON2YUKJPG7
B0BZQMWRR8,AT6ON2YUKJPG7
B0BZKX5RYP,AT6ON2YUKJPG7
B0BVZ41G72,AT6ON2YUKJPG7
B0BSR74MSF,AT6ON2YUKJPG7
B0BPB2S4NC,AT6ON2YUKJPG7
B0BMZ6ZQ1L,AT6ON2YUKJPG7
B0BMQBZ8T3,AT6ON2YUKJPG7
B0BGX9TS8V,AT6ON2YUKJPG7
B0BGQHV562,AT6ON2YUKJPG7
B0BGGP6642,AT6ON2YUKJPG7
B0BDYP1S45,AT6ON2YUKJPG7
B0BCP8R2FL,AT6ON2YUKJPG7
B0BCKYQGH9,AT6ON2YUKJPG7
B0BB11VY49,AT6ON2YUKJPG7
B0B9Q33C3H,AT6ON2YUKJPG7
B0B8XXJCQB,AT6ON2YUKJPG7
B0B7BNS3RT,AT6ON2YUKJPG7
B0B5XK2YJB,AT6ON2YUKJPG7
B0B2QBQHCH,AT6ON2YUKJPG7
B0B2J2Z54G,AT6ON2YUKJPG7
B09XV5L46J,AT6ON2YUKJPG7
B09XDZ4FCV,AT6ON2YUKJPG7
B0C37Q5Y4S,AT6ON2YUKJPG7
B0BRGKV3LL,AT6ON2YUKJPG7
B0BNP5ZRBP,AT6ON2YUKJPG7
B0BJRK4J3D,AT6ON2YUKJPG7
B0BDRNSGQP,AT6ON2YUKJPG7
B0BCL2MCJ3,AT6ON2YUKJPG7
B0B7WV5Y8Q,AT6ON2YUKJPG7
B0B42BXF6J,AT6ON2YUKJPG7
B0927P9P75,AT6ON2YUKJPG7
B084KK17JF,AT6ON2YUKJPG7
B0845QSP7R,AT6ON2YUKJPG7
B07ZYZF1VH,AT6ON2YUKJPG7
B07QJVYWVH,AT6ON2YUKJPG7
B00GYH1L3S,AT6ON2YUKJPG7
B00CNV9AR8,AT6ON2YUKJPG7
B000N42J2U,AT6ON2YUKJPG7
B08Y5Q8PQK,AT6ON2YUKJPG7
B08WRF482B,AT6ON2YUKJPG7
B08T7V6QZS,AT6ON2YUKJPG7
B08SGVSRKC,AT6ON2YUKJPG7
B08QTZ2NRZ,AT6ON2YUKJPG7
B08MWP5HSN,AT6ON2YUKJPG7
B08MQGCJFV,AT6ON2YUKJPG7
B08K9CMDN3,AT6ON2YUKJPG7
B08GY9RPFX,AT6ON2YUKJPG7
B08GLQ2XVH,AT6ON2YUKJPG7
B08DH99R96,AT6ON2YUKJPG7
B08D82QX4M,AT6ON2YUKJPG7
B08BTHWWL2,AT6ON2YUKJPG7
B0868DGXSL,AT6ON2YUKJPG7
B085XWNB53,AT6ON2YUKJPG7
B084P79MDK,AT6ON2YUKJPG7
B09VDCW171,AT6ON2YUKJPG7
B09TPP3FLZ,AT6ON2YUKJPG7
B09SG5822P,AT6ON2YUKJPG7
B09S2ZGPK5,AT6ON2YUKJPG7
B09Q1K9X1D,AT6ON2YUKJPG7
B09PXYVX2K,AT6ON2YUKJPG7
B09P4Q9BTY,AT6ON2YUKJPG7
B09DV7NLJV,AT6ON2YUKJPG7
B09D9RB3DZ,AT6ON2YUKJPG7
B099J1DWV6,AT6ON2YUKJPG7
B096HRRYNV,AT6ON2YUKJPG7
B095VV8MP8,AT6ON2YUKJPG7
B09413K188,AT6ON2YUKJPG7
B0917FQ1FH,AT6ON2YUKJPG7
B09179LRTH,AT6ON2YUKJPG7
B0915S95G2,AT6ON2YUKJPG7
B082Z4P6YB,AT6ON2YUKJPG7
B07ZQKJLP2,AT6ON2YUKJPG7
B07ZN7JJ51,AT6ON2YUKJPG7
B07ZHLC564,AT6ON2YUKJPG7
B07ZCS9935,AT6ON2YUKJPG7
B07YSP4HDV,AT6ON2YUKJPG7
B07Y2B7SG5,AT6ON2YUKJPG7
B07WCCD4L2,AT6ON2YUKJPG7
B07W8CQS1N,AT6ON2YUKJPG7
B07TN8PNQX,AT6ON2YUKJPG7
B07SKDSVGG,AT6ON2YUKJPG7
B07QYRHNPK,AT6ON2YUKJPG7
B07QNCTXYL,AT6ON2YUKJPG7
B07QB2T57H,AT6ON2YUKJPG7
B07PRQ3RWL,AT6ON2YUKJPG7
B07PF8LWR7,AT6ON2YUKJPG7
B07NSPWJ7D,AT6ON2YUKJPG7
B07L8G7MJY,AT6ON2YUKJPG7
B07KMMP61F,AT6ON2YUKJPG7
B07KKQF33M,AT6ON2YUKJPG7
B07G7JY5LY,AT6ON2YUKJPG7
B07FXVJYZR,AT6ON2YUKJPG7
B07DFS5ZSK,AT6ON2YUKJPG7
B07D54L33L,AT6ON2YUKJPG7
B07BZVBV28,AT6ON2YUKJPG7
B07BH3ZXJY,AT6ON2YUKJPG7
B077QFHJ8P,AT6ON2YUKJPG7
B076C29DDP,AT6ON2YUKJPG7
B071RNS3BX,AT6ON2YUKJPG7
B06X3T1ZX8,AT6ON2YUKJPG7
B01MY8QLKP,AT6ON2YUKJPG7
B01G97Y1M0,AT6ON2YUKJPG7
B019X2NGII,AT6ON2YUKJPG7
B00YLUI6Y2,AT6ON2YUKJPG7
B00P5P5G5E,AT6ON2YUKJPG7
B00MODVXBG,AT6ON2YUKJPG7
B00L9XZUBQ,AT6ON2YUKJPG7
B00HYLB4TY,AT6ON2YUKJPG7
B00B9P418M,AT6ON2YUKJPG7
B0092QXQOU,AT6ON2YUKJPG7
B0074SOBAG,AT6ON2YUKJPG7
B006IVIZZC,AT6ON2YUKJPG7
B005MYWUM0,AT6ON2YUKJPG7
B000P4QLEA,AT6ON2YUKJPG7
B008BKVDN4,AT6ON2YUKJPG7
B0C88Y5MNR,AT6ON2YUKJPG7
B09753Z84C,AT6ON2YUKJPG7
B0CR5GZ6G8,AT6ON2YUKJPG7
B019EXFBSY,AT6ON2YUKJPG7
B003C1S0RO,AT6ON2YUKJPG7
B0DJJD3GGV,AT6ON2YUKJPG7
B0D9SWDQ35,AT6ON2YUKJPG7
B0D9N8GX8F,AT6ON2YUKJPG7
B0D2CRRFWC,AT6ON2YUKJPG7
B0CX54HD2V,AT6ON2YUKJPG7
B0CR6ZBJN1,AT6ON2YUKJPG7
B0CPHSQGFQ,AT6ON2YUKJPG7
B0CHF4MB2M,AT6ON2YUKJPG7
B0CH7X8TJ9,AT6ON2YUKJPG7
B0CGD7PFN1,AT6ON2YUKJPG7
B0CBN9CP8F,AT6ON2YUKJPG7
B0CB5YRXJZ,AT6ON2YUKJPG7
B0C8HN8FGF,AT6ON2YUKJPG7
B0C7QLKMCF,AT6ON2YUKJPG7
B08LCH7SXK,AT6ON2YUKJPG7
B0CHHXN5FW,AT6ON2YUKJPG7
B07TBM3LK2,AT6ON2YUKJPG7
B0D45YWY1N,AT6ON2YUKJPG7
B0B73GG9CF,AT6ON2YUKJPG7
B09P2WRKMN,AT6ON2YUKJPG7
B08MWJZQJ7,AT6ON2YUKJPG7
B0D41GMK5R,AT6ON2YUKJPG7
B08WK5JGRM,AT6ON2YUKJPG7
B08K2KP29B,AT6ON2YUKJPG7
B08HYZGY2Q,AT6ON2YUKJPG7
B08CL3B9HN,AT6ON2YUKJPG7
B07J9MG66S,AT6ON2YUKJPG7
B07CXHKY3B,AT6ON2YUKJPG7
B079HT3R4K,AT6ON2YUKJPG7
B01DP2HV5Q,AT6ON2YUKJPG7
B0C6KGVN3B,AT6ON2YUKJPG7
B0C56S8JQ4,AT6ON2YUKJPG7
B0C4BFTPMP,AT6ON2YUKJPG7
B0C1BWKFSF,AT6ON2YUKJPG7
B0BZL8N1ZD,AT6ON2YUKJPG7
B0BYRKS2S5,AT6ON2YUKJPG7
B0BX9L7F47,AT6ON2YUKJPG7
B0BX2CGHFD,AT6ON2YUKJPG7
B0BW3Q2PR1,AT6ON2YUKJPG7
B0BPX3CW2G,AT6ON2YUKJPG7
B0BN5SP4V6,AT6ON2YUKJPG7
B0BGLQ9M5D,AT6ON2YUKJPG7
B0BDRGL5MY,AT6ON2YUKJPG7
B0B7KS1141,AT6ON2YUKJPG7
B0B4892T9S,AT6ON2YUKJPG7
B0B334FJSF,AT6ON2YUKJPG7
B0B323JC6L,AT6ON2YUKJPG7
B09Z8XQTJB,AT6ON2YUKJPG7
B09YQ11KV5,AT6ON2YUKJPG7
B09W2BVZBH,AT6ON2YUKJPG7
B09VJR54D6,AT6ON2YUKJPG7
B09SP8DS2X,AT6ON2YUKJPG7
B09M3M8R1G,AT6ON2YUKJPG7
B09J4DKKKG,AT6ON2YUKJPG7
B09HX3NXCY,AT6ON2YUKJPG7
B09HPFQ82Z,AT6ON2YUKJPG7
B09FHXPP1L,AT6ON2YUKJPG7
B09DG3CL97,AT6ON2YUKJPG7
B09414BG4D,AT6ON2YUKJPG7
B092DDSZH5,AT6ON2YUKJPG7
B08TMM85YN,AT6ON2YUKJPG7
B08R9P76J6,AT6ON2YUKJPG7
B08PZGCWQD,AT6ON2YUKJPG7
B08NCT89GC,AT6ON2YUKJPG7
B08LKPQZKM,AT6ON2YUKJPG7
B08K9CDXJ6,AT6ON2YUKJPG7
B08JYWL19R,AT6ON2YUKJPG7
B08HYHMLZJ,AT6ON2YUKJPG7
B08DQYVLZ4,AT6ON2YUKJPG7
B08CHFVSLC,AT6ON2YUKJPG7
B08BY9PMD7,AT6ON2YUKJPG7
B085BZ6FPC,AT6ON2YUKJPG7
B083LWRDWC,AT6ON2YUKJPG7
B083531QFB,AT6ON2YUKJPG7
B0831BMM81,AT6ON2YUKJPG7
B0816RQ191,AT6ON2YUKJPG7
B07Y42S89L,AT6ON2YUKJPG7
B07VNNPB8M,AT6ON2YUKJPG7
B07VLPPLZ9,AT6ON2YUKJPG7
B07PWGSBZ7,AT6ON2YUKJPG7
B07KVL16P4,AT6ON2YUKJPG7
B07JB3JW33,AT6ON2YUKJPG7
B07DM7MMPT,AT6ON2YUKJPG7
B0767CMMVC,AT6ON2YUKJPG7
B075HJP3PT,AT6ON2YUKJPG7
B01NBMOVFQ,AT6ON2YUKJPG7
B01N12UA7R,AT6ON2YUKJPG7
B01KB4KG7Q,AT6ON2YUKJPG7
B019HB61F0,AT6ON2YUKJPG7
B00YLUI91W,AT6ON2YUKJPG7
B00FOJN7KM,AT6ON2YUKJPG7
B007VS0EDM,AT6ON2YUKJPG7
B006YDQDTO,AT6ON2YUKJPG7
B005JT213G,AT6ON2YUKJPG7
B000P9USIU,AT6ON2YUKJPG7
B0006OJD5I,AT6ON2YUKJPG7
B0037UYETS,AT6ON2YUKJPG7
B07NLLC2SZ,AT6ON2YUKJPG7
B07BT4SKMY,AT6ON2YUKJPG7
B01FJ4CG6W,AT6ON2YUKJPG7
B0C3WB6YF6,AT6ON2YUKJPG7
B0BXBN3Z61,AT6ON2YUKJPG7
B08725X8CT,AT6ON2YUKJPG7
B07GVRTZH9,AT6ON2YUKJPG7
B0CKW6W89G,AT6ON2YUKJPG7
B07DKVCC91,AT6ON2YUKJPG7
B0731SNRRT,AT6ON2YUKJPG7
B0CFYSF3K2,AT6ON2YUKJPG7
B0983QL8RC,AT6ON2YUKJPG7
B0BX9RK2MG,AT6ON2YUKJPG7
B0BW4D4LGQ,AT6ON2YUKJPG7
B09YTWWHH9,AT6ON2YUKJPG7
B09XQX8NJ8,AT6ON2YUKJPG7
B09NPRJQYD,AT6ON2YUKJPG7
B09D3J81BW,AT6ON2YUKJPG7
B091RKL47N,AT6ON2YUKJPG7
B0CCXLSJXD,AT6ON2YUKJPG7
B0CC5VC75M,AT6ON2YUKJPG7
B0CC337WLW,AT6ON2YUKJPG7
B0C8THDS98,AT6ON2YUKJPG7
B0C4DGK492,AT6ON2YUKJPG7
B0C4BL3HQB,AT6ON2YUKJPG7
B0C3ZT7SZ4,AT6ON2YUKJPG7
B0BYJFGBHD,AT6ON2YUKJPG7
B0BW9XQT8B,AT6ON2YUKJPG7
B0BVQ872SW,AT6ON2YUKJPG7
B0BNHWC5VP,AT6ON2YUKJPG7
B0BNH4Q6L2,AT6ON2YUKJPG7
B0BH919RSC,AT6ON2YUKJPG7
B0BG773NY7,AT6ON2YUKJPG7
B0BF5WXQP8,AT6ON2YUKJPG7
B0BBVZKVD9,AT6ON2YUKJPG7
B0973LTJ7X,AT6ON2YUKJPG7
B096KGBM1S,AT6ON2YUKJPG7
B0927GK8XG,AT6ON2YUKJPG7
B08Y55KL9P,AT6ON2YUKJPG7
B08WW1J296,AT6ON2YUKJPG7
B08VS396ZZ,AT6ON2YUKJPG7
B08QD5KWPG,AT6ON2YUKJPG7
B08PY11KGY,AT6ON2YUKJPG7
B08NWF3DZG,AT6ON2YUKJPG7
B08JTT1FRT,AT6ON2YUKJPG7
B08GSP46FH,AT6ON2YUKJPG7
B08FSJVD8G,AT6ON2YUKJPG7
B08CGXH9CC,AT6ON2YUKJPG7
B089F24GV1,AT6ON2YUKJPG7
B086T1WQ5Q,AT6ON2YUKJPG7
B082LRHLB8,AT6ON2YUKJPG7
B081Q5JMLQ,AT6ON2YUKJPG7
B07ZTWFCY4,AT6ON2YUKJPG7
B07WWW388M,AT6ON2YUKJPG7
B07SJWWNXJ,AT6ON2YUKJPG7
B07PPVXBLK,AT6ON2YUKJPG7
B07P64VYRP,AT6ON2YUKJPG7
B07NVZX849,AT6ON2YUKJPG7
B07NSKCCXZ,AT6ON2YUKJPG7
B07L187NPC,AT6ON2YUKJPG7
B07KWDSWR9,AT6ON2YUKJPG7
B07KNCQBMN,AT6ON2YUKJPG7
B07H7TFT29,AT6ON2YUKJPG7
B07FPWXKX5,AT6ON2YUKJPG7
B07F8JR4B1,AT6ON2YUKJPG7
B07D9J6HMC,AT6ON2YUKJPG7
B079QXVWWJ,AT6ON2YUKJPG7
B0BBR1QSTW,AT6ON2YUKJPG7
B0BB6W9SR2,AT6ON2YUKJPG7
B0B74TQL2Y,AT6ON2YUKJPG7
B0B52XH65G,AT6ON2YUKJPG7
B0B2GNGRZ5,AT6ON2YUKJPG7
B09Y27S5QT,AT6ON2YUKJPG7
B09WND8BLP,AT6ON2YUKJPG7
B09TQQQG32,AT6ON2YUKJPG7
B09TFM7BV2,AT6ON2YUKJPG7
B09NP8TCQQ,AT6ON2YUKJPG7
B09M99PZQ7,AT6ON2YUKJPG7
B09KL45NHJ,AT6ON2YUKJPG7
B09GNBXQ3L,AT6ON2YUKJPG7
B09DCR4RSX,AT6ON2YUKJPG7
B09BJ5QG84,AT6ON2YUKJPG7
B098XCBYKX,AT6ON2YUKJPG7
B071KVKLJP,AT6ON2YUKJPG7
B01NA95URD,AT6ON2YUKJPG7
B01I5RIJUW,AT6ON2YUKJPG7
B01HO8JPAQ,AT6ON2YUKJPG7
B00XRPLR5W,AT6ON2YUKJPG7
B00R8CIEDI,AT6ON2YUKJPG7
B00CKXZ1V8,AT6ON2YUKJPG7
B00CHYLYL6,AT6ON2YUKJPG7
B009VXJXMS,AT6ON2YUKJPG7
B004BPWRF6,AT6ON2YUKJPG7
B001KZMJ94,AT6ON2YUKJPG7
B000PHGYLM,AT6ON2YUKJPG7
B0BX2YXRJB,AT6ON2YUKJPG7
B07XHQKBW5,AT6ON2YUKJPG7
B0BS9ZJ48T,AT6ON2YUKJPG7
B086CXLS2F,AT6ON2YUKJPG7
B0CB58ZS1Y,AT6ON2YUKJPG7
B00C3AVZXG,AT6ON2YUKJPG7
B0BHTY212R,AT6ON2YUKJPG7
B078W3W2WY,AT6ON2YUKJPG7
B01ERVEJF4,AT6ON2YUKJPG7
B0CYLK5ZYR,AT6ON2YUKJPG7
B091NGVYXX,AT6ON2YUKJPG7
B0C1Y5VL8D,AT6ON2YUKJPG7
B0BZCB4LJW,AT6ON2YUKJPG7
B000YLJQ5U,AT6ON2YUKJPG7
B0BHTW35NF,AT6ON2YUKJPG7
B09XFHR2JJ,AT6ON2YUKJPG7
B007GBFMI6,AT6ON2YUKJPG7
B01M7SQGTR,AT6ON2YUKJPG7
B0CM6PSWXF,AT6ON2YUKJPG7
B08HJ3BCD4,AT6ON2YUKJPG7
B0927J5DJC,AT6ON2YUKJPG7
B092BJFVJ9,AT6ON2YUKJPG7
B0B2JSTRWN,AT6ON2YUKJPG7
B09WBSTHCR,AT6ON2YUKJPG7
B09RH1CTBB,AT6ON2YUKJPG7
B09KZHFR99,AT6ON2YUKJPG7
B082YGCX7Q,AT6ON2YUKJPG7
B07Q6N2PDC,AT6ON2YUKJPG7
B07BWN17LN,AT6ON2YUKJPG7
B0799GBXJ7,AT6ON2YUKJPG7
B06XR7XTZZ,AT6ON2YUKJPG7
B01LEMG4K2,AT6ON2YUKJPG7
B0DG5H3SF9,AT6ON2YUKJPG7
B0DFZR6X87,AT6ON2YUKJPG7
B0DFWF4QSK,AT6ON2YUKJPG7
B0DF74WGKT,AT6ON2YUKJPG7
B0D9NK564R,AT6ON2YUKJPG7
B0D6FX9DCD,AT6ON2YUKJPG7
B0D3X35RD6,AT6ON2YUKJPG7
B0D37RQLNB,AT6ON2YUKJPG7
B0D2GPQRF2,AT6ON2YUKJPG7
B09NKC5MS5,AT6ON2YUKJPG7
B096SF6CFV,AT6ON2YUKJPG7
B01M07EA76,AT6ON2YUKJPG7
B00GKBLS1S,AT6ON2YUKJPG7
B09JBCCWCD,AT6ON2YUKJPG7
B0927HD3ZJ,AT6ON2YUKJPG7
B08L84D28D,AT6ON2YUKJPG7
B088C3FFRJ,AT6ON2YUKJPG7
B07VN8L5WC,AT6ON2YUKJPG7
B00OA5V19K,AT6ON2YUKJPG7
B0CCRCR9HS,AT6ON2YUKJPG7
B09LCDCDYQ,AT6ON2YUKJPG7
B094NNR5WP,AT6ON2YUKJPG7
B091G247ZG,AT6ON2YUKJPG7
B07CGVXMSB,AT6ON2YUKJPG7
B0BYJBXSM9,AT6ON2YUKJPG7
B0D2CPY5J4,AT6ON2YUKJPG7
B0D27C7N6W,AT6ON2YUKJPG7
B0D1C7VVP8,AT6ON2YUKJPG7
B0CXQ5TJX8,AT6ON2YUKJPG7
B0CXPF8XDS,AT6ON2YUKJPG7
B0CWXY9X81,AT6ON2YUKJPG7
B0CWLCYRHR,AT6ON2YUKJPG7
B0CW17QKWX,AT6ON2YUKJPG7
B0CTTPKGJV,AT6ON2YUKJPG7
B0CTH76727,AT6ON2YUKJPG7
B0CSYDNM3Q,AT6ON2YUKJPG7
B0CS945943,AT6ON2YUKJPG7
B0CS2XM32J,AT6ON2YUKJPG7
B0CRFJPH31,AT6ON2YUKJPG7
B0CPSVGJ1F,AT6ON2YUKJPG7
B0CPSKP8NG,AT6ON2YUKJPG7
B0CP922VX6,AT6ON2YUKJPG7
B0CP247QPY,AT6ON2YUKJPG7
B0CMCFX8PH,AT6ON2YUKJPG7
B0CHYX5XLZ,AT6ON2YUKJPG7
B0CHVG9V21,AT6ON2YUKJPG7
B0CHRZTRTS,AT6ON2YUKJPG7
B0CGWS65GF,AT6ON2YUKJPG7
B0CGTN3X6M,AT6ON2YUKJPG7
B0CDWQ7T14,AT6ON2YUKJPG7
B0CBPN8GF1,AT6ON2YUKJPG7
B0C995YLBD,AT6ON2YUKJPG7
B0C929V5D5,AT6ON2YUKJPG7
B0C8CHBQGZ,AT6ON2YUKJPG7
B0C73HX5YN,AT6ON2YUKJPG7
B0C6TDTQ12,AT6ON2YUKJPG7
B0C6LTKYBN,AT6ON2YUKJPG7
B0C6G5HV7S,AT6ON2YUKJPG7
B0C6815PNJ,AT6ON2YUKJPG7
B0C663G7NV,AT6ON2YUKJPG7
B0C65HVPKW,AT6ON2YUKJPG7
B0C58X918S,AT6ON2YUKJPG7
B0C4KCK2N4,AT6ON2YUKJPG7
B0C4DD8LK5,AT6ON2YUKJPG7
B0C3QB775G,AT6ON2YUKJPG7
B0C2YWXVJ8,AT6ON2YUKJPG7
B0C2Y1HCK6,AT6ON2YUKJPG7
B0BZSVHGKP,AT6ON2YUKJPG7
B0BZNY4DKX,AT6ON2YUKJPG7
B0BY8CW467,AT6ON2YUKJPG7
B0BY1X8PSR,AT6ON2YUKJPG7
B0BXSF37VM,AT6ON2YUKJPG7
B0BX7SW779,AT6ON2YUKJPG7
B0BWN1NYP2,AT6ON2YUKJPG7
B0BVX6VYYW,AT6ON2YUKJPG7
B0BS11DQDV,AT6ON2YUKJPG7
B0BRCQ27W9,AT6ON2YUKJPG7
B0BQVZ7S9H,AT6ON2YUKJPG7
B0BJ9MQVBG,AT6ON2YUKJPG7
B0BJ42YHB1,AT6ON2YUKJPG7
B0BFLH1NTW,AT6ON2YUKJPG7
B0BF4PD3N4,AT6ON2YUKJPG7
B0B9RBJF6M,AT6ON2YUKJPG7
B0B9HYP969,AT6ON2YUKJPG7
B0B8Q9DMV5,AT6ON2YUKJPG7
B0B7862J1J,AT6ON2YUKJPG7
B0B3WSDYHD,AT6ON2YUKJPG7
B0B2FLH9HC,AT6ON2YUKJPG7
B0B21XFQKK,AT6ON2YUKJPG7
B0B1LPWBT2,AT6ON2YUKJPG7
B09YM1PMRN,AT6ON2YUKJPG7
B09XZXXB9T,AT6ON2YUKJPG7
B09XQHSYYS,AT6ON2YUKJPG7
B09X8W95HV,AT6ON2YUKJPG7
B09X1B3ZYQ,AT6ON2YUKJPG7
B09WZ8FHTL,AT6ON2YUKJPG7
B09V2YTK23,AT6ON2YUKJPG7
B09TZM2K5Q,AT6ON2YUKJPG7
B09QY8TF77,AT6ON2YUKJPG7
B09PKMGLHF,AT6ON2YUKJPG7
B09N9V7VZ7,AT6ON2YUKJPG7
B09K3PNVRK,AT6ON2YUKJPG7
B09H3NLBCM,AT6ON2YUKJPG7
B09FLQ6WL7,AT6ON2YUKJPG7
B09F2W7T2T,AT6ON2YUKJPG7
B098HBQXLH,AT6ON2YUKJPG7
B096ZQLGVG,AT6ON2YUKJPG7
B096B35MBV,AT6ON2YUKJPG7
B095SZG5RK,AT6ON2YUKJPG7
B092T1ZW3G,AT6ON2YUKJPG7
B09253WZ7J,AT6ON2YUKJPG7
B0916BBSZ5,AT6ON2YUKJPG7
B08X6DG5BY,AT6ON2YUKJPG7
B08X4TVFSK,AT6ON2YUKJPG7
B08VRNQJD9,AT6ON2YUKJPG7
B08NWYJJF8,AT6ON2YUKJPG7
B08NRLLML9,AT6ON2YUKJPG7
B08LWWST2D,AT6ON2YUKJPG7
B08FCCJM47,AT6ON2YUKJPG7
B08B4H7QG9,AT6ON2YUKJPG7
B08B46QLMD,AT6ON2YUKJPG7
B088GPPYNS,AT6ON2YUKJPG7
B0868VH7G3,AT6ON2YUKJPG7
B07VZLB1HL,AT6ON2YUKJPG7
B07PL9RDK9,AT6ON2YUKJPG7
B07HHWFZ5J,AT6ON2YUKJPG7
B0751BPH5G,AT6ON2YUKJPG7
B01N5XYYN0,AT6ON2YUKJPG7
B01N28B6JD,AT6ON2YUKJPG7
B007QUNHFM,AT6ON2YUKJPG7
B0D2HD29CD,AT6ON2YUKJPG7
B0D2DBTCWK,AT6ON2YUKJPG7
B0CYZJ4B9S,AT6ON2YUKJPG7
B0CK3888ZF,AT6ON2YUKJPG7
B0CHB55C3Y,AT6ON2YUKJPG7
B0CGJ6RNLY,AT6ON2YUKJPG7
B0CFYVZJDP,AT6ON2YUKJPG7
B088LJ27P2,AT6ON2YUKJPG7
B085CMXR3V,AT6ON2YUKJPG7
B085BDKWT8,AT6ON2YUKJPG7
B083RCWDTG,AT6ON2YUKJPG7
B082XS6GLM,AT6ON2YUKJPG7
B07YBXJK3V,AT6ON2YUKJPG7
B07X5CQ8DB,AT6ON2YUKJPG7
B07WW2M3V3,AT6ON2YUKJPG7
B07WGLVF5Q,AT6ON2YUKJPG7
B07VPJTQ39,AT6ON2YUKJPG7
B07THZY6Q2,AT6ON2YUKJPG7
B07PGQPZRQ,AT6ON2YUKJPG7
B07N2W24FG,AT6ON2YUKJPG7
B07KXP33M4,AT6ON2YUKJPG7
B07KBCMTYC,AT6ON2YUKJPG7
B07K2VDZ1Y,AT6ON2YUKJPG7
B07HMPVR3G,AT6ON2YUKJPG7
B07FXJN6LN,AT6ON2YUKJPG7
B07DN6CFYF,AT6ON2YUKJPG7
B07D9K3QQW,AT6ON2YUKJPG7
B07D42N3CF,AT6ON2YUKJPG7
B07CXL9LCT,AT6ON2YUKJPG7
B07CMY2HJF,AT6ON2YUKJPG7
B077KB47JY,AT6ON2YUKJPG7
B073VD8HYR,AT6ON2YUKJPG7
B06XKSYB3N,AT6ON2YUKJPG7
B01N7U4QL6,AT6ON2YUKJPG7
B01N5QS3JG,AT6ON2YUKJPG7
B01M9CZAXG,AT6ON2YUKJPG7
B01DDOQ954,AT6ON2YUKJPG7
B01CK64AQG,AT6ON2YUKJPG7
B01BYHYKN0,AT6ON2YUKJPG7
B0018DXHNU,AT6ON2YUKJPG7
1732189668,AT6ON2YUKJPG7
B09Y9G2Q1N,AT6ON2YUKJPG7
B0BHTYXGMF,AT6ON2YUKJPG7
B07BD1ZX94,AT6ON2YUKJPG7
B0CMX9M3XN,AT6ON2YUKJPG7
B0084HQTVK,AT6ON2YUKJPG7
B0C3J1GGT3,AT6ON2YUKJPG7
B08SMJV4TN,AT6ON2YUKJPG7
B0894SBPLB,AT6ON2YUKJPG7
B01M68PEVZ,AT6ON2YUKJPG7
B00BWUXTCS,AT6ON2YUKJPG7
B09HT6B157,AT6ON2YUKJPG7
B0CGVD1VVZ,AT6ON2YUKJPG7
B09S5Y9J6C,AT6ON2YUKJPG7
B097Y6TF9L,AT6ON2YUKJPG7
B0CVNMW9MX,AT6ON2YUKJPG7
B0B2WRDXQJ,AT6ON2YUKJPG7
B0B9N62PPS,AT6ON2YUKJPG7
B0994QCZKH,AT6ON2YUKJPG7
B06XJ56K4R,AT6ON2YUKJPG7
B0CDGZDBML,AT6ON2YUKJPG7
B0BDMBHY9Q,AT6ON2YUKJPG7
B07L6TGBKK,AT6ON2YUKJPG7
B09VFR7M26,AT6ON2YUKJPG7
B075RVT6XQ,AT6ON2YUKJPG7
B004VILVXC,AT6ON2YUKJPG7
B0BKQ451Z6,AT6ON2YUKJPG7
B0872Y22Q5,AT6ON2YUKJPG7
B07XYGRBCY,AT6ON2YUKJPG7
B01JDKY238,AT6ON2YUKJPG7
B0BNZZV3Q6,AT6ON2YUKJPG7
B09X299ZDW,AT6ON2YUKJPG7
B08V9JBQWZ,AT6ON2YUKJPG7
B07XPCRZCC,AT6ON2YUKJPG7
B084R4Z6SQ,AT6ON2YUKJPG7
B0D9VN9WWT,AT6ON2YUKJPG7
B0CNZNQNMR,AT6ON2YUKJPG7
B0BR8J8YNN,AT6ON2YUKJPG7
B0BHN1JYXD,AT6ON2YUKJPG7
B095Y6VRDF,AT6ON2YUKJPG7
B07QF43CH7,AT6ON2YUKJPG7
B07PPPMYV5,AT6ON2YUKJPG7
B0D999P579,AT6ON2YUKJPG7
B0C8LPSQBG,AT6ON2YUKJPG7
B0BH4LQ7LF,AT6ON2YUKJPG7
B09YKV1DR9,AT6ON2YUKJPG7
B09VP6ZYCD,AT6ON2YUKJPG7
B09PBK63DM,AT6ON2YUKJPG7
B09BCHGMZ5,AT6ON2YUKJPG7
B0983TNB9V,AT6ON2YUKJPG7
B08P8KQYLY,AT6ON2YUKJPG7
B08HR17J6G,AT6ON2YUKJPG7
B082Q594LR,AT6ON2YUKJPG7
B08236SR5F,AT6ON2YUKJPG7
B07ZJDR32X,AT6ON2YUKJPG7
B07S3RSKRJ,AT6ON2YUKJPG7
B07DMVPZQ7,AT6ON2YUKJPG7
B07B8JBKZ5,AT6ON2YUKJPG7
B01LX2LGNB,AT6ON2YUKJPG7
B0CSYX42Q7,AT6ON2YUKJPG7
B0CSVK2KFC,AT6ON2YUKJPG7
B0CSFBC1TN,AT6ON2YUKJPG7
B0CQXGBV74,AT6ON2YUKJPG7
B0CQVVYCG8,AT6ON2YUKJPG7
B0CP5HMMY7,AT6ON2YUKJPG7
B0CMJR45C3,AT6ON2YUKJPG7
B0CLH1BDP8,AT6ON2YUKJPG7
B0CKZ6FWRZ,AT6ON2YUKJPG7
B0CKNPG8F3,AT6ON2YUKJPG7
B0CGDQKTCQ,AT6ON2YUKJPG7
B0C8ZN9HZV,AT6ON2YUKJPG7
B0C3L72G2D,AT6ON2YUKJPG7
B0C3HJ8JC5,AT6ON2YUKJPG7
B0C2Z1JQZD,AT6ON2YUKJPG7
B0C2HW8S1T,AT6ON2YUKJPG7
B01AQ1NMXO,AT6ON2YUKJPG7
B018KT7MJY,AT6ON2YUKJPG7
B018JYCD3A,AT6ON2YUKJPG7
B014HB983M,AT6ON2YUKJPG7
B00KFW8SUW,AT6ON2YUKJPG7
B00FRLI2O8,AT6ON2YUKJPG7
B00FBW5E7G,AT6ON2YUKJPG7
B00EVILIDU,AT6ON2YUKJPG7
B00D2XGHEU,AT6ON2YUKJPG7
B00CP5LY62,AT6ON2YUKJPG7
B009VXJW1K,AT6ON2YUKJPG7
B007468PA0,AT6ON2YUKJPG7
B004VZKD5M,AT6ON2YUKJPG7
B004NG3RWA,AT6ON2YUKJPG7
B003EVFM1O,AT6ON2YUKJPG7
B001G9BVAM,AT6ON2YUKJPG7
B00GPVZA58,AT6ON2YUKJPG7
B0DK3ZD2PN,AT6ON2YUKJPG7
B0DHKL5NTS,AT6ON2YUKJPG7
B0DF2JFPY2,AT6ON2YUKJPG7
B0D98PJZJD,AT6ON2YUKJPG7
B0D98DG1YR,AT6ON2YUKJPG7
B0D89ZG9GN,AT6ON2YUKJPG7
B0D7DK6V88,AT6ON2YUKJPG7
B0D3PQFB2J,AT6ON2YUKJPG7
B0D3MBPKN3,AT6ON2YUKJPG7
B0D2CWTP6Z,AT6ON2YUKJPG7
B0D1XNX12M,AT6ON2YUKJPG7
B0CYZDJ9MJ,AT6ON2YUKJPG7
B0CYGMKVTX,AT6ON2YUKJPG7
B0CWNHBNLP,AT6ON2YUKJPG7
B0CT8LM7JR,AT6ON2YUKJPG7
B0C1C14K54,AT6ON2YUKJPG7
B0BZ8DXZZV,AT6ON2YUKJPG7
B0BY7552V9,AT6ON2YUKJPG7
B0BXNQB2B2,AT6ON2YUKJPG7
B0BWMWS29Z,AT6ON2YUKJPG7
B0BSV691WQ,AT6ON2YUKJPG7
B0BSC6YRGB,AT6ON2YUKJPG7
B0BS6P176J,AT6ON2YUKJPG7
B0BRYLPL25,AT6ON2YUKJPG7
B0BRS739P5,AT6ON2YUKJPG7
B0BQMY54FS,AT6ON2YUKJPG7
B0BPK2JWHW,AT6ON2YUKJPG7
B0BP9YQNGB,AT6ON2YUKJPG7
B0BNPXDWJR,AT6ON2YUKJPG7
B0BN1ZTLJT,AT6ON2YUKJPG7
B0BJDPWQ6T,AT6ON2YUKJPG7
B0BHSP46VT,AT6ON2YUKJPG7
B0BG2FGDSQ,AT6ON2YUKJPG7
B0BFWNRB5Q,AT6ON2YUKJPG7
B0BBZZMRP7,AT6ON2YUKJPG7
B0BBLTM17G,AT6ON2YUKJPG7
B0BB6116FV,AT6ON2YUKJPG7
B0BB2RQ4V7,AT6ON2YUKJPG7
B0B7VBQ2VJ,AT6ON2YUKJPG7
B0B68VQY3R,AT6ON2YUKJPG7
B0B64HRPKY,AT6ON2YUKJPG7
B0B4DJXNZZ,AT6ON2YUKJPG7
B0B37YMSX5,AT6ON2YUKJPG7
B0B2KV4N81,AT6ON2YUKJPG7
B0B1TJDZF3,AT6ON2YUKJPG7
B09Z2ZF8GX,AT6ON2YUKJPG7
B09YMNZKJM,AT6ON2YUKJPG7
B09XHVWR57,AT6ON2YUKJPG7
B09WCDZYJ5,AT6ON2YUKJPG7
B09RQXVKL8,AT6ON2YUKJPG7
B09N8S599D,AT6ON2YUKJPG7
B09MZDHB3Q,AT6ON2YUKJPG7
B09MFRCKKT,AT6ON2YUKJPG7
B09M78P7HD,AT6ON2YUKJPG7
B09LTY6RR3,AT6ON2YUKJPG7
B09KVJPFQF,AT6ON2YUKJPG7
B09KK71GPW,AT6ON2YUKJPG7
B09CKDGFY5,AT6ON2YUKJPG7
B099FKNLXS,AT6ON2YUKJPG7
B0991DG9FL,AT6ON2YUKJPG7
B098DBT5PZ,AT6ON2YUKJPG7
B097P26RLV,AT6ON2YUKJPG7
B096MBJPRD,AT6ON2YUKJPG7
B094J451CJ,AT6ON2YUKJPG7
B092P4X1MW,AT6ON2YUKJPG7
B092LPDRC7,AT6ON2YUKJPG7
B08X9WNZX3,AT6ON2YUKJPG7
B08V11X8N2,AT6ON2YUKJPG7
B08RYYL18D,AT6ON2YUKJPG7
B08LP1PD8H,AT6ON2YUKJPG7
B08L8CCSZF,AT6ON2YUKJPG7
B08L6JF196,AT6ON2YUKJPG7
B08HR8KFFV,AT6ON2YUKJPG7
B08H6X8V7D,AT6ON2YUKJPG7
B08GWMZP1P,AT6ON2YUKJPG7
B08CTDVRH3,AT6ON2YUKJPG7
B08CFTNYWY,AT6ON2YUKJPG7
B08C745LJ7,AT6ON2YUKJPG7
B08BG7JNR9,AT6ON2YUKJPG7
B089T91MK7,AT6ON2YUKJPG7
B089MCPHWB,AT6ON2YUKJPG7
B089777SCD,AT6ON2YUKJPG7
B088FY1FNN,AT6ON2YUKJPG7
B087WPGXK9,AT6ON2YUKJPG7
B087B4C2X8,AT6ON2YUKJPG7
B086WGT9X9,AT6ON2YUKJPG7
B086QPL3LV,AT6ON2YUKJPG7
B084X877HT,AT6ON2YUKJPG7
B084L86VTX,AT6ON2YUKJPG7
B084L55C4D,AT6ON2YUKJPG7
B082BHSQCS,AT6ON2YUKJPG7
B08263JZCP,AT6ON2YUKJPG7
B07ZNPTKQ6,AT6ON2YUKJPG7
B07YBCCK6B,AT6ON2YUKJPG7
B07XPJHFKM,AT6ON2YUKJPG7
B07CXM6LCR,AT6ON2YUKJPG7
B07CCH5JWG,AT6ON2YUKJPG7
B07C9L1BMD,AT6ON2YUKJPG7
B079VHP48M,AT6ON2YUKJPG7
B078Z7V4VX,AT6ON2YUKJPG7
B0771CHTNS,AT6ON2YUKJPG7
B0767B5PT2,AT6ON2YUKJPG7
B01MSO5HJK,AT6ON2YUKJPG7
B01M7117GD,AT6ON2YUKJPG7
B01M1KI4CX,AT6ON2YUKJPG7
B01LW6T41U,AT6ON2YUKJPG7
B01JRNHTK4,AT6ON2YUKJPG7
B01GUQQUYC,AT6ON2YUKJPG7
B015NBR882,AT6ON2YUKJPG7
B010OQPO8C,AT6ON2YUKJPG7
B00XZIR764,AT6ON2YUKJPG7
B07XNT686L,AT6ON2YUKJPG7
B07XGBL21P,AT6ON2YUKJPG7
B07WZPX78J,AT6ON2YUKJPG7
B07WZPGR4K,AT6ON2YUKJPG7
B07WVS5Q27,AT6ON2YUKJPG7
B07VPLBW87,AT6ON2YUKJPG7
B07VJYBS1G,AT6ON2YUKJPG7
B07V4PGGDM,AT6ON2YUKJPG7
B07T7YKK4W,AT6ON2YUKJPG7
B07SF51ZDT,AT6ON2YUKJPG7
B07RKYL66M,AT6ON2YUKJPG7
B07R294RG4,AT6ON2YUKJPG7
B07PD2MHFD,AT6ON2YUKJPG7
B07JZJ5L35,AT6ON2YUKJPG7
B07HZMS9XD,AT6ON2YUKJPG7
B07GJD7K95,AT6ON2YUKJPG7
B0BBRXP6GH,AT6ON2YUKJPG7
B0CYY5MDYF,AT6ON2YUKJPG7
B0DJRQX1GC,AT6ON2YUKJPG7
B0D6GSTGNV,AT6ON2YUKJPG7
B005VVWYL6,AT6ON2YUKJPG7
B0D3B9CRSW,AT6ON2YUKJPG7
B0BCK596MK,AT6ON2YUKJPG7
B08714W67B,AT6ON2YUKJPG7
B09X2LY9WC,AT6ON2YUKJPG7
B0C4GH2ZDX,AT6ON2YUKJPG7
B0CVY2M314,AT6ON2YUKJPG7
B0BY9BF76M,AT6ON2YUKJPG7
B09GPL6VQW,AT6ON2YUKJPG7
B098R71N4C,AT6ON2YUKJPG7
B0CPM1J9H6,AT6ON2YUKJPG7
B0BBSHJFY3,AT6ON2YUKJPG7
B07VNCGMBD,AT6ON2YUKJPG7
B07BBQ9Z6L,AT6ON2YUKJPG7
B0CPP9MN6B,AT6ON2YUKJPG7
B0CMS4BMV6,AT6ON2YUKJPG7
B0C89PTGGR,AT6ON2YUKJPG7
B072BKJN34,AT6ON2YUKJPG7
B0B8SX2DZ4,AT6ON2YUKJPG7
B07WNH2SPT,AT6ON2YUKJPG7
B07B53Q3BX,AT6ON2YUKJPG7
B01N945J6Z,AT6ON2YUKJPG7
B00CQRWSKK,AT6ON2YUKJPG7
B007Z4EKQE,AT6ON2YUKJPG7
B0CTMVQJ64,AT6ON2YUKJPG7
B0C4BDZRG6,AT6ON2YUKJPG7
B0C1BW7QGN,AT6ON2YUKJPG7
B0BZPQ89RX,AT6ON2YUKJPG7
B0BW98F9CF,AT6ON2YUKJPG7
B0BD2BTZQZ,AT6ON2YUKJPG7
B09NKMSLJ4,AT6ON2YUKJPG7
B094G22JD3,AT6ON2YUKJPG7
B093PXBW6F,AT6ON2YUKJPG7
B087CTR22G,AT6ON2YUKJPG7
B07LH78N8F,AT6ON2YUKJPG7
B00T38BOVO,AT6ON2YUKJPG7
B00GCBA2EK,AT6ON2YUKJPG7
B009XU8WJY,AT6ON2YUKJPG7
B0DTFVCRB7,AT6ON2YUKJPG7
B0DJHTRBXM,AT6ON2YUKJPG7
B0D98B35CL,AT6ON2YUKJPG7
B0D41FBZVP,AT6ON2YUKJPG7
B0D146R5QR,AT6ON2YUKJPG7
B0CX1THNZ3,AT6ON2YUKJPG7
B0CWGWQ74M,AT6ON2YUKJPG7
B0CSF4CFT2,AT6ON2YUKJPG7
B0CR62D43B,AT6ON2YUKJPG7
B0CQGH5Q94,AT6ON2YUKJPG7
B0CN95DLHV,AT6ON2YUKJPG7
B0CMQLGWS1,AT6ON2YUKJPG7
B0CMLJD39V,AT6ON2YUKJPG7
B0CM8S7YSM,AT6ON2YUKJPG7
B0CJTBFNZR,AT6ON2YUKJPG7
B0CH38H647,AT6ON2YUKJPG7
B0CGCMG63L,AT6ON2YUKJPG7
B0CDPPXDQ5,AT6ON2YUKJPG7
B0CD1ZN8K5,AT6ON2YUKJPG7
B0CCYVMVGK,AT6ON2YUKJPG7
B0CBP94FZP,AT6ON2YUKJPG7
B0C9LGFS8R,AT6ON2YUKJPG7
B0BS6P6R5T,AT6ON2YUKJPG7
B0BQDKL7H6,AT6ON2YUKJPG7
B0BPX3SPTZ,AT6ON2YUKJPG7
B0BP7XWCQS,AT6ON2YUKJPG7
B0BP1K13F7,AT6ON2YUKJPG7
B0BNJ8KR2V,AT6ON2YUKJPG7
B0BN9ZFB9F,AT6ON2YUKJPG7
B0BHN8DC72,AT6ON2YUKJPG7
B0BH3BW5ZC,AT6ON2YUKJPG7
B0BDDTWWWV,AT6ON2YUKJPG7
B0BBDVKK2K,AT6ON2YUKJPG7
B0B94TXFJ4,AT6ON2YUKJPG7
B0B8W9LYSF,AT6ON2YUKJPG7
B0B83MR55R,AT6ON2YUKJPG7
B0B6P74PW6,AT6ON2YUKJPG7
B0B3SMWR1Y,AT6ON2YUKJPG7
B0B3533Q39,AT6ON2YUKJPG7
B0B2LXQ8VV,AT6ON2YUKJPG7
B0B2LJZDJ1,AT6ON2YUKJPG7
B0B16CKK65,AT6ON2YUKJPG7
B09YYC7D14,AT6ON2YUKJPG7
B09WJLSZ22,AT6ON2YUKJPG7
B09WH1BK7C,AT6ON2YUKJPG7
B09QM44C3S,AT6ON2YUKJPG7
B09QBQYSJT,AT6ON2YUKJPG7
B09PTWDM9S,AT6ON2YUKJPG7
B09PQQFX95,AT6ON2YUKJPG7
B09PPSMKYW,AT6ON2YUKJPG7
B09P1Y1Z3K,AT6ON2YUKJPG7
B09NY7JYLL,AT6ON2YUKJPG7
B09MTK3SG5,AT6ON2YUKJPG7
B09MC118SB,AT6ON2YUKJPG7
B00WXMBZFM,AT6ON2YUKJPG7
B00RXZ3ELM,AT6ON2YUKJPG7
B00LNN7L0U,AT6ON2YUKJPG7
B00L9XZK7K,AT6ON2YUKJPG7
B00HZ381GU,AT6ON2YUKJPG7
B00E0MIGZ0,AT6ON2YUKJPG7
B008KRM8JG,AT6ON2YUKJPG7
B000C91HYW,AT6ON2YUKJPG7
B008BKVDAC,AT6ON2YUKJPG7
B099613YS1,AT6ON2YUKJPG7
B088SKJPD8,AT6ON2YUKJPG7
B07D1NSRNZ,AT6ON2YUKJPG7
B01H7ENM60,AT6ON2YUKJPG7
B01H7EMYC8,AT6ON2YUKJPG7
B0198XNGM8,AT6ON2YUKJPG7
B09JVZHJP5,AT6ON2YUKJPG7
B09H2VZ7TK,AT6ON2YUKJPG7
B09F8YFPBK,AT6ON2YUKJPG7
B09DWYX3PC,AT6ON2YUKJPG7
B09CTM8RY3,AT6ON2YUKJPG7
B09BMS89PJ,AT6ON2YUKJPG7
B0983QZZTP,AT6ON2YUKJPG7
B0982MRSD3,AT6ON2YUKJPG7
B0979K9KWN,AT6ON2YUKJPG7
B096CRX8N7,AT6ON2YUKJPG7
B091HNMZXV,AT6ON2YUKJPG7
B08T12CN4D,AT6ON2YUKJPG7
B08QCZW35T,AT6ON2YUKJPG7
B08NYH9JL4,AT6ON2YUKJPG7
B08K9BRBZN,AT6ON2YUKJPG7
B08GK7CGGD,AT6ON2YUKJPG7
B0C9KJKJSZ,AT6ON2YUKJPG7
B0C9JG6ZBV,AT6ON2YUKJPG7
B0C8CNX7B7,AT6ON2YUKJPG7
B0C8B9Y6XC,AT6ON2YUKJPG7
B0C7VJCF1M,AT6ON2YUKJPG7
B0C7RFL1N1,AT6ON2YUKJPG7
B0C7GNV93Z,AT6ON2YUKJPG7
B0C5MH2DX3,AT6ON2YUKJPG7
B0C1TN2N3P,AT6ON2YUKJPG7
B0BZMGFSTL,AT6ON2YUKJPG7
B0BXD3XT99,AT6ON2YUKJPG7
B0BWYBMHQ2,AT6ON2YUKJPG7
B0BWJ8NKVY,AT6ON2YUKJPG7
B0BVQKW4ZX,AT6ON2YUKJPG7
B0BV1Q5CWG,AT6ON2YUKJPG7
B0BSG2XHC6,AT6ON2YUKJPG7
B08G3YVJV7,AT6ON2YUKJPG7
B08DRH2B6J,AT6ON2YUKJPG7
B08C2CDMRY,AT6ON2YUKJPG7
B089PX5STW,AT6ON2YUKJPG7
B089FJR16D,AT6ON2YUKJPG7
B087NBZB19,AT6ON2YUKJPG7
B087CPS3Y6,AT6ON2YUKJPG7
B087BYWKQZ,AT6ON2YUKJPG7
B085GJYB9N,AT6ON2YUKJPG7
B0859M6YTX,AT6ON2YUKJPG7
B084WVT3XZ,AT6ON2YUKJPG7
B083M9NQPP,AT6ON2YUKJPG7
B082W21KP5,AT6ON2YUKJPG7
B081QPQT7Y,AT6ON2YUKJPG7
B07ZNTB4G9,AT6ON2YUKJPG7
B07ZNL3XWG,AT6ON2YUKJPG7
B07MHB8KHQ,AT6ON2YUKJPG7
B07KJTH6K7,AT6ON2YUKJPG7
B07KJRTR12,AT6ON2YUKJPG7
B07GTDMQFY,AT6ON2YUKJPG7
B07DWXWL4K,AT6ON2YUKJPG7
B07BH7KRNC,AT6ON2YUKJPG7
B079VFNNN3,AT6ON2YUKJPG7
B076GG45DV,AT6ON2YUKJPG7
B07679R696,AT6ON2YUKJPG7
B0763472J6,AT6ON2YUKJPG7
B072JNQQY9,AT6ON2YUKJPG7
B072FQB9G6,AT6ON2YUKJPG7
B0718ZLH53,AT6ON2YUKJPG7
B01N1OQGTC,AT6ON2YUKJPG7
B01BWE1CTU,AT6ON2YUKJPG7
B00TO69ALQ,AT6ON2YUKJPG7
B07ZFBD41Z,AT6ON2YUKJPG7
B07YVM5R74,AT6ON2YUKJPG7
B07X28D9YZ,AT6ON2YUKJPG7
B07W5N3J8Q,AT6ON2YUKJPG7
B07VRT3BL5,AT6ON2YUKJPG7
B07TWCPF21,AT6ON2YUKJPG7
B07T5G69YN,AT6ON2YUKJPG7
B07SM8M22M,AT6ON2YUKJPG7
B07RTTVN5J,AT6ON2YUKJPG7
B07RHDGGST,AT6ON2YUKJPG7
B07QT8G2T4,AT6ON2YUKJPG7
B07QM27Y6D,AT6ON2YUKJPG7
B07PV7J5PK,AT6ON2YUKJPG7
B07PGMG14S,AT6ON2YUKJPG7
B07N2W83HP,AT6ON2YUKJPG7
B07MV518BS,AT6ON2YUKJPG7
B00MNLV9P4,AT6ON2YUKJPG7
B00L4HYPNG,AT6ON2YUKJPG7
B008DZF1HQ,AT6ON2YUKJPG7
B007BNRX18,AT6ON2YUKJPG7
B005WKDG7C,AT6ON2YUKJPG7
B003XU7T58,AT6ON2YUKJPG7
B001X2B4F4,AT6ON2YUKJPG7
B001902G52,AT6ON2YUKJPG7
0645953725,AT6ON2YUKJPG7
B0D96K1FX1,AT6ON2YUKJPG7
B0B9RJ3451,AT6ON2YUKJPG7
B0B313YF6N,AT6ON2YUKJPG7
B098PHN6FG,AT6ON2YUKJPG7
B0822GXJWB,AT6ON2YUKJPG7
B00DR1EZ64,AT6ON2YUKJPG7
B097H5M7GL,AT6ON2YUKJPG7
B0BZP8QXJ6,AT6ON2YUKJPG7
B00DJ8XRBO,AT6ON2YUKJPG7
B0CCYN3XFP,AT6ON2YUKJPG7
B0BXH15J1T,AT6ON2YUKJPG7
B0BS1GCJQ2,AT6ON2YUKJPG7
B00D2RYVMQ,AT6ON2YUKJPG7
0974646156,AT6ON2YUKJPG7
B0DCK2PMSJ,AT6ON2YUKJPG7
B0C77WCTGY,AT6ON2YUKJPG7
B0C2C6YPGC,AT6ON2YUKJPG7
B0BYQ4CYHV,AT6ON2YUKJPG7
B099W5NBSB,AT6ON2YUKJPG7
B092M585GJ,AT6ON2YUKJPG7
B08SMGV3T3,AT6ON2YUKJPG7
B08R7VF5FX,AT6ON2YUKJPG7
B07Q5GDBTV,AT6ON2YUKJPG7
B07P89RK8T,AT6ON2YUKJPG7
B07JMXW2KJ,AT6ON2YUKJPG7
B07JKL3H7L,AT6ON2YUKJPG7
B07GX3S27B,AT6ON2YUKJPG7
B01AB35KKA,AT6ON2YUKJPG7
B00AR6LU6A,AT6ON2YUKJPG7
B004WQIIU2,AT6ON2YUKJPG7
B0006HMWCQ,AT6ON2YUKJPG7
B0DQLFFW83,AT6ON2YUKJPG7
B0DNW5R8N4,AT6ON2YUKJPG7
B0DJSXH2XZ,AT6ON2YUKJPG7
B0DH2QN7RY,AT6ON2YUKJPG7
B0D3PJM8D8,AT6ON2YUKJPG7
B0CYT5ML8S,AT6ON2YUKJPG7
B0CWDVBWDF,AT6ON2YUKJPG7
B0CT2JMG9T,AT6ON2YUKJPG7
B0CSF227T8,AT6ON2YUKJPG7
B0CPLWH334,AT6ON2YUKJPG7
B0CP5HBN7J,AT6ON2YUKJPG7
B0CLZ25TMG,AT6ON2YUKJPG7
B0CLRV32HQ,AT6ON2YUKJPG7
B0CJJS97DF,AT6ON2YUKJPG7
B0CHYMXYY9,AT6ON2YUKJPG7
B0CHMDFRGF,AT6ON2YUKJPG7
B0CG9QBGDL,AT6ON2YUKJPG7
B0C8CNGHSS,AT6ON2YUKJPG7
B0C4F7VPCF,AT6ON2YUKJPG7
B0C32X6BQP,AT6ON2YUKJPG7
B0BXML4XHY,AT6ON2YUKJPG7
B0BXLMV3SP,AT6ON2YUKJPG7
B0BWDRWPFH,AT6ON2YUKJPG7
B0BVC12J65,AT6ON2YUKJPG7
B0BV5GMRWB,AT6ON2YUKJPG7
B0BTD6FC7B,AT6ON2YUKJPG7
B0BPSJX137,AT6ON2YUKJPG7
B0BK8XCN1J,AT6ON2YUKJPG7
B0BK65VQ14,AT6ON2YUKJPG7
B0BJYRLPZ6,AT6ON2YUKJPG7
B0BGT8HGXH,AT6ON2YUKJPG7
B0BGLHX2JK,AT6ON2YUKJPG7
B0BFLXKZJC,AT6ON2YUKJPG7
B0BDRN7V7T,AT6ON2YUKJPG7
B0BBM5HHJM,AT6ON2YUKJPG7
B0B8WPBK2X,AT6ON2YUKJPG7
B0B618DXQY,AT6ON2YUKJPG7
B0B45KVK8Y,AT6ON2YUKJPG7
B0B35FCY6P,AT6ON2YUKJPG7
B0B1ZXHSKQ,AT6ON2YUKJPG7
B09XMRVMXC,AT6ON2YUKJPG7
B09XH3K34S,AT6ON2YUKJPG7
B09X2N4MF7,AT6ON2YUKJPG7
B09VT1NVCD,AT6ON2YUKJPG7
B09JHWYJDF,AT6ON2YUKJPG7
B09HBWQDBY,AT6ON2YUKJPG7
B09GVJG8Q4,AT6ON2YUKJPG7
B09GVBHMT9,AT6ON2YUKJPG7
B09GN33CSQ,AT6ON2YUKJPG7
B09G32S8RF,AT6ON2YUKJPG7
B09CNTYLBK,AT6ON2YUKJPG7
B09C2YH7ZL,AT6ON2YUKJPG7
B096MD4QP4,AT6ON2YUKJPG7
B096LRYLZ1,AT6ON2YUKJPG7
B095R6GB9F,AT6ON2YUKJPG7
B094TTGLTY,AT6ON2YUKJPG7
B09494JN64,AT6ON2YUKJPG7
B093H4ZDBV,AT6ON2YUKJPG7
B092YQKFVF,AT6ON2YUKJPG7
B092VPW6JY,AT6ON2YUKJPG7
B091C3XS7X,AT6ON2YUKJPG7
B08WX9M3HW,AT6ON2YUKJPG7
B08WX3LSLM,AT6ON2YUKJPG7
B08W1B1YS6,AT6ON2YUKJPG7
B08W163QW5,AT6ON2YUKJPG7
B08R9S53W5,AT6ON2YUKJPG7
B08R7T566B,AT6ON2YUKJPG7
B08QDBYN67,AT6ON2YUKJPG7
B08PPNQHWP,AT6ON2YUKJPG7
B08M3S1R8B,AT6ON2YUKJPG7
B08L8JKF8X,AT6ON2YUKJPG7
B08L85V6T3,AT6ON2YUKJPG7
B08KY625F7,AT6ON2YUKJPG7
B0882VTTLV,AT6ON2YUKJPG7
B0868BTZHN,AT6ON2YUKJPG7
B085S875NM,AT6ON2YUKJPG7
B084KQ3J12,AT6ON2YUKJPG7
B081FKG7PR,AT6ON2YUKJPG7
B07Z1X8N48,AT6ON2YUKJPG7
B07WL8CW3B,AT6ON2YUKJPG7
B07W2WL8MN,AT6ON2YUKJPG7
B07RXZJX7M,AT6ON2YUKJPG7
B07KXV8QLJ,AT6ON2YUKJPG7
B07KMCX18H,AT6ON2YUKJPG7
B07JC7T384,AT6ON2YUKJPG7
B07J4YGL4G,AT6ON2YUKJPG7
B07FW7RQVS,AT6ON2YUKJPG7
B07FN1LJBR,AT6ON2YUKJPG7
B07CG6GN2X,AT6ON2YUKJPG7
B07BPW5GFW,AT6ON2YUKJPG7
B07BGWJ4D2,AT6ON2YUKJPG7
B079M6SY96,AT6ON2YUKJPG7
B0776M4MH5,AT6ON2YUKJPG7
B0767851T6,AT6ON2YUKJPG7
B07634CPHY,AT6ON2YUKJPG7
B075GQCR92,AT6ON2YUKJPG7
B075669W1X,AT6ON2YUKJPG7
B072Y12HXG,AT6ON2YUKJPG7
B072WJ1KXK,AT6ON2YUKJPG7
B06ZXYP9XV,AT6ON2YUKJPG7
B06Y19ZZ2N,AT6ON2YUKJPG7
B01MQVN9LE,AT6ON2YUKJPG7
B01M4QYCZB,AT6ON2YUKJPG7
B016WO7X1Q,AT6ON2YUKJPG7
B00IZCNP5C,AT6ON2YUKJPG7
B00GYHNAN2,AT6ON2YUKJPG7
B00EKT06RO,AT6ON2YUKJPG7
B00B1SMCL0,AT6ON2YUKJPG7
B00AHHKY4S,AT6ON2YUKJPG7
B00635VODS,AT6ON2YUKJPG7
B0047E4M9K,AT6ON2YUKJPG7
B0019012RK,AT6ON2YUKJPG7
B09WN6QGY6,AT6ON2YUKJPG7
B08TTTMPVS,AT6ON2YUKJPG7
B09R9NFPZK,AT6ON2YUKJPG7
B07YS49YHQ,AT6ON2YUKJPG7
B073ZQG9VN,AT6ON2YUKJPG7
B06XB12DFK,AT6ON2YUKJPG7
B01CGQOZRO,AT6ON2YUKJPG7
B00BEDAFD4,AT6ON2YUKJPG7
B00288RQEK,AT6ON2YUKJPG7
B071VX749H,AT6ON2YUKJPG7
B0752ZXTSZ,AT6ON2YUKJPG7
B08F76H8PR,AT6ON2YUKJPG7
B072N9D8ZJ,AT6ON2YUKJPG7
B00387LLH8,AT6ON2YUKJPG7
B0BN6MBR7X,AT6ON2YUKJPG7
B01GFYA0JU,AT6ON2YUKJPG7
B0BLQCBWVB,AT6ON2YUKJPG7
B09N361ZPB,AT6ON2YUKJPG7
B0D89G1NMH,AT6ON2YUKJPG7
B082S6BGR5,AT6ON2YUKJPG7
B0CDN8JSN7,AT6ON2YUKJPG7
B0842DS8DS,AT6ON2YUKJPG7
B0057PDPKA,AT6ON2YUKJPG7
B0D2627DNS,AT6ON2YUKJPG7
B096NCQD7V,AT6ON2YUKJPG7
B08591XV2P,AT6ON2YUKJPG7
B074QT5CFX,AT6ON2YUKJPG7
B0DBGVPQZN,AT6ON2YUKJPG7
B0D9W4WD5Y,AT6ON2YUKJPG7
B0CFG6QL9T,AT6ON2YUKJPG7
B0BWH4YTRT,AT6ON2YUKJPG7
B0B88GM2VK,AT6ON2YUKJPG7
B09M3VTVP6,AT6ON2YUKJPG7
B09B4DX8XJ,AT6ON2YUKJPG7
B08CKKSJC8,AT6ON2YUKJPG7
B07DW61QBR,AT6ON2YUKJPG7
B07BG15ZSN,AT6ON2YUKJPG7
B0DB21F26R,AT6ON2YUKJPG7
B0D2D3FDXV,AT6ON2YUKJPG7
B0CWWYGVDZ,AT6ON2YUKJPG7
B0CRTTB4TQ,AT6ON2YUKJPG7
B0C5CC8XZF,AT6ON2YUKJPG7
B0C4YRBZ44,AT6ON2YUKJPG7
B0C3C6TC9C,AT6ON2YUKJPG7
B0C2V9FGQM,AT6ON2YUKJPG7
B0C2MXRJ44,AT6ON2YUKJPG7
B0C1CGCTDD,AT6ON2YUKJPG7
B0BZWKHGBT,AT6ON2YUKJPG7
B0BZTNSXKM,AT6ON2YUKJPG7
B0BZJ1ZYT7,AT6ON2YUKJPG7
B0BR8V3KLY,AT6ON2YUKJPG7
B0BP72HXTZ,AT6ON2YUKJPG7
B0BNMBJ2XC,AT6ON2YUKJPG7
B0BG96883C,AT6ON2YUKJPG7
B0BF9XKRW9,AT6ON2YUKJPG7
B0B9MYD5J9,AT6ON2YUKJPG7
B0B88516GS,AT6ON2YUKJPG7
B0CPD4K5YH,AT6ON2YUKJPG7
B0CN1QY4WS,AT6ON2YUKJPG7
B0CKP3Z4W1,AT6ON2YUKJPG7
B0CJJPTC27,AT6ON2YUKJPG7
B0CHJ8M5MP,AT6ON2YUKJPG7
B0CH4NGH3L,AT6ON2YUKJPG7
B0CGF7H2GW,AT6ON2YUKJPG7
B0CG9DYMGF,AT6ON2YUKJPG7
B0CFZDGHPC,AT6ON2YUKJPG7
B0CF9NFNTR,AT6ON2YUKJPG7
B0CDLFK9VV,AT6ON2YUKJPG7
B0CC33KQ6F,AT6ON2YUKJPG7
B0CBK8CLWM,AT6ON2YUKJPG7
B0CB82CXSQ,AT6ON2YUKJPG7
B0C9LYK52K,AT6ON2YUKJPG7
B0C7WKDS5K,AT6ON2YUKJPG7
B0B1LPVHR2,AT6ON2YUKJPG7
B0B12JCSQ4,AT6ON2YUKJPG7
B09WMDF2SM,AT6ON2YUKJPG7
B09S3FGRQV,AT6ON2YUKJPG7
B09RZL274Q,AT6ON2YUKJPG7
B09P7FWX25,AT6ON2YUKJPG7
B09L7542Z4,AT6ON2YUKJPG7
B09KRD3QGY,AT6ON2YUKJPG7
B09H3DFTSP,AT6ON2YUKJPG7
B09DKZB3ZL,AT6ON2YUKJPG7
B09B8FYFQ4,AT6ON2YUKJPG7
B099RKZDNW,AT6ON2YUKJPG7
B098849QJ9,AT6ON2YUKJPG7
B0982T31RM,AT6ON2YUKJPG7
B097DDKCG3,AT6ON2YUKJPG7
B0968WWLD9,AT6ON2YUKJPG7
B08736QLF3,AT6ON2YUKJPG7
B085M95Z9D,AT6ON2YUKJPG7
B083GFVBM4,AT6ON2YUKJPG7
B083FYTNH6,AT6ON2YUKJPG7
B082WGKDLG,AT6ON2YUKJPG7
B07ZFXWC48,AT6ON2YUKJPG7
B07Z1WXCF8,AT6ON2YUKJPG7
B07WJ76418,AT6ON2YUKJPG7
B07S2TDDCD,AT6ON2YUKJPG7
B07Q5M4DRY,AT6ON2YUKJPG7
B07PBFMPFH,AT6ON2YUKJPG7
B07NF7CYZL,AT6ON2YUKJPG7
B07MMTF529,AT6ON2YUKJPG7
B07KJTJ8NT,AT6ON2YUKJPG7
B07K9LB5P7,AT6ON2YUKJPG7
B07GVMKPQT,AT6ON2YUKJPG7
B07DJPBZGN,AT6ON2YUKJPG7
B07DHHV95R,AT6ON2YUKJPG7
B07BFP3MBQ,AT6ON2YUKJPG7
B078N3JYW1,AT6ON2YUKJPG7
B077VNRQD2,AT6ON2YUKJPG7
B077RWNPQX,AT6ON2YUKJPG7
B0777QRJXX,AT6ON2YUKJPG7
B0776TFMLB,AT6ON2YUKJPG7
B075K7ND2K,AT6ON2YUKJPG7
B074WCJ571,AT6ON2YUKJPG7
B0736YFQCY,AT6ON2YUKJPG7
B071HDN5ZG,AT6ON2YUKJPG7
B0716WCR88,AT6ON2YUKJPG7
B071177Q9R,AT6ON2YUKJPG7
B06XG13523,AT6ON2YUKJPG7
B06XDHT39G,AT6ON2YUKJPG7
B094TMFD65,AT6ON2YUKJPG7
B093BNJ9NL,AT6ON2YUKJPG7
B092J37DHD,AT6ON2YUKJPG7
B0928PZ37Q,AT6ON2YUKJPG7
B08XXKWWPJ,AT6ON2YUKJPG7
B08QCZB174,AT6ON2YUKJPG7
B08NY514HV,AT6ON2YUKJPG7
B08MHNKXMC,AT6ON2YUKJPG7
B08JFWWZ64,AT6ON2YUKJPG7
B08F2VPCJX,AT6ON2YUKJPG7
B08DFQXXHC,AT6ON2YUKJPG7
B08D7TS3JP,AT6ON2YUKJPG7
B08BCMVDBK,AT6ON2YUKJPG7
B08B456YD7,AT6ON2YUKJPG7
B089K9N5R4,AT6ON2YUKJPG7
B087D4XDJR,AT6ON2YUKJPG7
B0BF611XG5,AT6ON2YUKJPG7
B07TD9FM5T,AT6ON2YUKJPG7
B0CDZJWNGX,AT6ON2YUKJPG7
B07J2Q6PT4,AT6ON2YUKJPG7
B07D1P23DS,AT6ON2YUKJPG7
B079BKQZL5,AT6ON2YUKJPG7
B00KKDZ5MU,AT6ON2YUKJPG7
B01LGL6DPM,AT6ON2YUKJPG7
B01IDWRPHW,AT6ON2YUKJPG7
B01BULCCQW,AT6ON2YUKJPG7
B015A6HGZ0,AT6ON2YUKJPG7
B00II75IIG,AT6ON2YUKJPG7
B00AY1K2BW,AT6ON2YUKJPG7
B00AHHKY1G,AT6ON2YUKJPG7
B00777O25S,AT6ON2YUKJPG7
B006ICPWXE,AT6ON2YUKJPG7
B003Z4XJ6K,AT6ON2YUKJPG7
B003VT5V6K,AT6ON2YUKJPG7
B00380FJP0,AT6ON2YUKJPG7
B001DGGR6Q,AT6ON2YUKJPG7
B0010TEFFQ,AT6ON2YUKJPG7
B0D9Y3JSZZ,AT6ON2YUKJPG7
B0CB125PMZ,AT6ON2YUKJPG7
B0CJJJX5SQ,AT6ON2YUKJPG7
B0C7BMVXG5,AT6ON2YUKJPG7
B0C53P3N9Z,AT6ON2YUKJPG7
B0BWJ1YRV8,AT6ON2YUKJPG7
B0BFX6MQKH,AT6ON2YUKJPG7
B09X1RHCPR,AT6ON2YUKJPG7
B08F5FKBCQ,AT6ON2YUKJPG7
B086ZY4BHS,AT6ON2YUKJPG7
B07FWCNJD8,AT6ON2YUKJPG7
B019FPQZNG,AT6ON2YUKJPG7
B00S1UKLOG,AT6ON2YUKJPG7
B0D9JBKL81,AT6ON2YUKJPG7
B0D2LDJYP3,AT6ON2YUKJPG7
B0CYT1234G,AT6ON2YUKJPG7
B0CVC2RZFY,AT6ON2YUKJPG7
B0C4THBKJW,AT6ON2YUKJPG7
B07TTKBK9G,AT6ON2YUKJPG7
B0853FDFPV,AT6ON2YUKJPG7
B00R8ERWMK,AT6ON2YUKJPG7
B0BN3PLF6Y,AT6ON2YUKJPG7
B0DMTDTF72,AT6ON2YUKJPG7
B0BSGCMR69,AT6ON2YUKJPG7
B07PNMTP1Y,AT6ON2YUKJPG7
B0776NWNKX,AT6ON2YUKJPG7
B0CZTTMJSP,AT6ON2YUKJPG7
B0D3LTBQBP,AT6ON2YUKJPG7
B0B79QM1CD,AT6ON2YUKJPG7
B0CJC3PKK3,AT6ON2YUKJPG7
B09RX3HR32,AT6ON2YUKJPG7
B08PDWYRDX,AT6ON2YUKJPG7
B08263DBBQ,AT6ON2YUKJPG7
B07CZHCKFP,AT6ON2YUKJPG7
B0BV9C1ZNG,AT6ON2YUKJPG7
B0BQ39VLY1,AT6ON2YUKJPG7
B0BG4J9WMW,AT6ON2YUKJPG7
B0B6JMG1J6,AT6ON2YUKJPG7
B0B2SHY4Q7,AT6ON2YUKJPG7
B0B1CDC3VJ,AT6ON2YUKJPG7
B09M322CF1,AT6ON2YUKJPG7
B08SJCHS5C,AT6ON2YUKJPG7
B08PFJQD1L,AT6ON2YUKJPG7
B08MFRTJJM,AT6ON2YUKJPG7
B083FLD3FN,AT6ON2YUKJPG7
B075QPD6Q1,AT6ON2YUKJPG7
B01N34RR7C,AT6ON2YUKJPG7
B002YP3AY2,AT6ON2YUKJPG7
B0DJR9G1XD,AT6ON2YUKJPG7
B0D96GVSXY,AT6ON2YUKJPG7
B0D2NF9BT2,AT6ON2YUKJPG7
B0CZ6PDQXT,AT6ON2YUKJPG7
B0CZ5XV8PJ,AT6ON2YUKJPG7
B0CWTKGVXC,AT6ON2YUKJPG7
B0CVH9CJXP,AT6ON2YUKJPG7
B0CQTCWGRB,AT6ON2YUKJPG7
B0CNTW58V2,AT6ON2YUKJPG7
B0CMBY1771,AT6ON2YUKJPG7
B0CKZ1569Y,AT6ON2YUKJPG7
B0CJJR1W39,AT6ON2YUKJPG7
B0CG2YDRBV,AT6ON2YUKJPG7
B0CG2XSMZZ,AT6ON2YUKJPG7
B0C691ZB7S,AT6ON2YUKJPG7
B0C533QDM2,AT6ON2YUKJPG7
B0C1BH2N73,AT6ON2YUKJPG7
B0BZRKSKBP,AT6ON2YUKJPG7
B08Y8KYW8H,AT6ON2YUKJPG7
B08S39XKCY,AT6ON2YUKJPG7
B08MVBB1QG,AT6ON2YUKJPG7
B08H1F586P,AT6ON2YUKJPG7
B08GN3GVB3,AT6ON2YUKJPG7
B08DRJJ584,AT6ON2YUKJPG7
B08CJGH1G8,AT6ON2YUKJPG7
B08BLCJK9C,AT6ON2YUKJPG7
B086WCJ361,AT6ON2YUKJPG7
B084L5FD44,AT6ON2YUKJPG7
B082XRXDX9,AT6ON2YUKJPG7
B082SBHKN2,AT6ON2YUKJPG7
B0826TKJ1R,AT6ON2YUKJPG7
B07YP4PPXN,AT6ON2YUKJPG7
B07SL5XQHL,AT6ON2YUKJPG7
B07SCPP23V,AT6ON2YUKJPG7
B0B6ZV5VV5,AT6ON2YUKJPG7
B0B6NM3QPK,AT6ON2YUKJPG7
B09XJ6SWNM,AT6ON2YUKJPG7
B09TXTG5V7,AT6ON2YUKJPG7
B09SQGQDFB,AT6ON2YUKJPG7
B09NBL7HHX,AT6ON2YUKJPG7
B09L45T8FZ,AT6ON2YUKJPG7
B09G32LSDR,AT6ON2YUKJPG7
B09DXFFP22,AT6ON2YUKJPG7
B09D946JLH,AT6ON2YUKJPG7
B09CPX2PJR,AT6ON2YUKJPG7
B096BFYKLW,AT6ON2YUKJPG7
B093BW4GMY,AT6ON2YUKJPG7
B092YLPYQ9,AT6ON2YUKJPG7
B092M3JR11,AT6ON2YUKJPG7
B08YYMS42T,AT6ON2YUKJPG7
B0BZNSF6DL,AT6ON2YUKJPG7
B0BYCPN4G5,AT6ON2YUKJPG7
B0BXK5RFY8,AT6ON2YUKJPG7
B0BW7CGKF8,AT6ON2YUKJPG7
B0BV2KQ8X7,AT6ON2YUKJPG7
B0BSXTCRH5,AT6ON2YUKJPG7
B0BNXG51QZ,AT6ON2YUKJPG7
B0BM5XG9Y7,AT6ON2YUKJPG7
B0BL378BTM,AT6ON2YUKJPG7
B0BHYQYMR8,AT6ON2YUKJPG7
B0BGG6PJ7N,AT6ON2YUKJPG7
B0BCGQPJ1G,AT6ON2YUKJPG7
B0BC9RDG32,AT6ON2YUKJPG7
B0B986Q7Q6,AT6ON2YUKJPG7
B0B8RN1Y7Y,AT6ON2YUKJPG7
B0B8MDBQND,AT6ON2YUKJPG7
B00RLX62WO,AT6ON2YUKJPG7
B00L5L9TY6,AT6ON2YUKJPG7
B00EFDW43O,AT6ON2YUKJPG7
B00DIKM46W,AT6ON2YUKJPG7
B0054ILP5M,AT6ON2YUKJPG7
B003TP0L4I,AT6ON2YUKJPG7
B001UKYK8M,AT6ON2YUKJPG7
B000HZKVO8,AT6ON2YUKJPG7
B000BYDEQ2,AT6ON2YUKJPG7
B0007D30DO,AT6ON2YUKJPG7
1601255810,AT6ON2YUKJPG7
B0CJC9K52D,AT6ON2YUKJPG7
B07WMMQWX6,AT6ON2YUKJPG7
B0BLBR4HQG,AT6ON2YUKJPG7
B083WH1JZ3,AT6ON2YUKJPG7
B07MKR97QS,AT6ON2YUKJPG7
B076KPJRPD,AT6ON2YUKJPG7
B00BEDV1BY,AT6ON2YUKJPG7
B0C3MDP61R,AT6ON2YUKJPG7
B0B45G1MH2,AT6ON2YUKJPG7
B092C8TG41,AT6ON2YUKJPG7
B08SQXZGWK,AT6ON2YUKJPG7
B07XKF3HXL,AT6ON2YUKJPG7
B0CM6X777C,AT6ON2YUKJPG7
B0BQ38T6CF,AT6ON2YUKJPG7
B0BMV6H8BS,AT6ON2YUKJPG7
B09Y7P5RLP,AT6ON2YUKJPG7
B08ZT3MR7G,AT6ON2YUKJPG7
B08VD6DLFQ,AT6ON2YUKJPG7
B088KCL6Q3,AT6ON2YUKJPG7
B07L9HV83K,AT6ON2YUKJPG7
B006NLYWJU,AT6ON2YUKJPG7
B0CNVWHHMJ,AT6ON2YUKJPG7
B01JCKLFA2,AT6ON2YUKJPG7
B09NV23PM5,AT6ON2YUKJPG7
B0D2MMM33L,AT6ON2YUKJPG7
B0BWJBNZ57,AT6ON2YUKJPG7
B0DT624BLP,AT6ON2YUKJPG7
B0BNNZMZ6X,AT6ON2YUKJPG7
B09F96VQRF,AT6ON2YUKJPG7
B0000ALKAN,AT6ON2YUKJPG7
B078JHCFGB,AT6ON2YUKJPG7
B0BBRNLYFH,AT6ON2YUKJPG7
B07G5F21Y1,AT6ON2YUKJPG7
B0CT7X8XPT,AT6ON2YUKJPG7
B0BN66S2W9,AT6ON2YUKJPG7
B0CJ9ZP2YR,AT6ON2YUKJPG7
B008N3S61G,AT6ON2YUKJPG7
B07NSD6M4J,AT6ON2YUKJPG7
B0C7CZ6SQ2,AT6ON2YUKJPG7
B0BVVQQJM5,AT6ON2YUKJPG7
B0BSG4WQ54,AT6ON2YUKJPG7
B0BNL4F5KL,AT6ON2YUKJPG7
B0BDSRVM21,AT6ON2YUKJPG7
B09WZC9VTP,AT6ON2YUKJPG7
B08Z7V37T2,AT6ON2YUKJPG7
B08MB9NPL1,AT6ON2YUKJPG7
B07WC5K963,AT6ON2YUKJPG7
B07BKVG42X,AT6ON2YUKJPG7
B079QGVV5P,AT6ON2YUKJPG7
B0732FTJ7C,AT6ON2YUKJPG7
B01NALV2ND,AT6ON2YUKJPG7
B00K1NAA6U,AT6ON2YUKJPG7
B0DFC6VM4G,AT6ON2YUKJPG7
B0D6YF4PY9,AT6ON2YUKJPG7
B07S4BFSHB,AT6ON2YUKJPG7
B07RXGCLZZ,AT6ON2YUKJPG7
B07RLYLBR8,AT6ON2YUKJPG7
B07DHHRR34,AT6ON2YUKJPG7
B07D6VFBMZ,AT6ON2YUKJPG7
B077ZTM3WW,AT6ON2YUKJPG7
B07633XJGG,AT6ON2YUKJPG7
B071RH22SN,AT6ON2YUKJPG7
B071LJBMT3,AT6ON2YUKJPG7
B06Y4LWL5J,AT6ON2YUKJPG7
B06XHBXQY8,AT6ON2YUKJPG7
B01N1JR581,AT6ON2YUKJPG7
B01BMYS10S,AT6ON2YUKJPG7
B01AMXAR8O,AT6ON2YUKJPG7
B00WXMCC36,AT6ON2YUKJPG7
B00S1UQ5MI,AT6ON2YUKJPG7
B0CXPY9ZRN,AT6ON2YUKJPG7
B0CVPGG78M,AT6ON2YUKJPG7
B0CQ1P37R7,AT6ON2YUKJPG7
B0CN4LP1HG,AT6ON2YUKJPG7
B0CL4JVF6B,AT6ON2YUKJPG7
B0CJJR6YSF,AT6ON2YUKJPG7
B0CGZD7YYD,AT6ON2YUKJPG7
B0C8W5R6GH,AT6ON2YUKJPG7
B0C54R4YRK,AT6ON2YUKJPG7
B0BZRMHR1K,AT6ON2YUKJPG7
B0BY3PSWMB,AT6ON2YUKJPG7
B0BW5LRDQK,AT6ON2YUKJPG7
B0BVLK5XVV,AT6ON2YUKJPG7
B0BS5DPKYL,AT6ON2YUKJPG7
B0BPY9V3XR,AT6ON2YUKJPG7
B0BPC4S94Q,AT6ON2YUKJPG7
B09GXQV1BS,AT6ON2YUKJPG7
B09BFHMVKL,AT6ON2YUKJPG7
B096MDLLDJ,AT6ON2YUKJPG7
B094RHDC8L,AT6ON2YUKJPG7
B09466D6H5,AT6ON2YUKJPG7
B08YNDHWVG,AT6ON2YUKJPG7
B08SQDSV9D,AT6ON2YUKJPG7
B08RSGQ99F,AT6ON2YUKJPG7
B08QL86J67,AT6ON2YUKJPG7
B08QD89W4B,AT6ON2YUKJPG7
B08JKCRXX7,AT6ON2YUKJPG7
B08FLCKD2N,AT6ON2YUKJPG7
B08F5D5MB5,AT6ON2YUKJPG7
B08DTX6SL3,AT6ON2YUKJPG7
B08C28MDDX,AT6ON2YUKJPG7
B08B5Q3TQZ,AT6ON2YUKJPG7
B0BP6NTD1P,AT6ON2YUKJPG7
B0BP1FK8S1,AT6ON2YUKJPG7
B0BMFZF3WX,AT6ON2YUKJPG7
B0BKLFL6B5,AT6ON2YUKJPG7
B0BJ7QW758,AT6ON2YUKJPG7
B0BJ1XMG4H,AT6ON2YUKJPG7
B0BBTMY1L1,AT6ON2YUKJPG7
B0BBJDLX9X,AT6ON2YUKJPG7
B0B5G6YB46,AT6ON2YUKJPG7
B0B5D15HY4,AT6ON2YUKJPG7
B09ZDTQ5PN,AT6ON2YUKJPG7
B09YTLZJ7H,AT6ON2YUKJPG7
B09Y9F9TLS,AT6ON2YUKJPG7
B09Y2Z55YH,AT6ON2YUKJPG7
B09XJ993BD,AT6ON2YUKJPG7
B09PSZQMD1,AT6ON2YUKJPG7
B089G4WRC4,AT6ON2YUKJPG7
B087CJ34DK,AT6ON2YUKJPG7
B087BY7NSY,AT6ON2YUKJPG7
B085KYGZGH,AT6ON2YUKJPG7
B0851XRK9Z,AT6ON2YUKJPG7
B084WQ43N2,AT6ON2YUKJPG7
B084NVM6SK,AT6ON2YUKJPG7
B084L55584,AT6ON2YUKJPG7
B081GPY1KP,AT6ON2YUKJPG7
B081GC934B,AT6ON2YUKJPG7
B07ZF23TFY,AT6ON2YUKJPG7
B07VVTKYNR,AT6ON2YUKJPG7
B07V2L8ZVN,AT6ON2YUKJPG7
B07TT8JMRF,AT6ON2YUKJPG7
B07SZ51ZL7,AT6ON2YUKJPG7
B07QKH9YK5,AT6ON2YUKJPG7
B07PGX5XXQ,AT6ON2YUKJPG7
B07PBZCRQG,AT6ON2YUKJPG7
B07P71Z1PS,AT6ON2YUKJPG7
B07NPHZ8SB,AT6ON2YUKJPG7
B07CWVH3JP,AT6ON2YUKJPG7
B07BWKTB5Q,AT6ON2YUKJPG7
B07BFRG2JZ,AT6ON2YUKJPG7
B079L4J619,AT6ON2YUKJPG7
B0788BY3QV,AT6ON2YUKJPG7
B07634Y2DG,AT6ON2YUKJPG7
B0746NG57W,AT6ON2YUKJPG7
B071VS1R2K,AT6ON2YUKJPG7
B06XMYJ9GM,AT6ON2YUKJPG7
B01KTOL49M,AT6ON2YUKJPG7
B01K2D4KBY,AT6ON2YUKJPG7
B01FGBEY3Q,AT6ON2YUKJPG7
B018GYE2JQ,AT6ON2YUKJPG7
B00OMBXLC2,AT6ON2YUKJPG7
B00NG3DH4Y,AT6ON2YUKJPG7
B00JCUNE70,AT6ON2YUKJPG7
B00FKFGLLW,AT6ON2YUKJPG7
B005OGX6FG,AT6ON2YUKJPG7
B004W19O7S,AT6ON2YUKJPG7
B00406U7WQ,AT6ON2YUKJPG7
B0000225UH,AT6ON2YUKJPG7
B077GC2TBL,AT6ON2YUKJPG7
B09PYMXX8S,AT6ON2YUKJPG7
B002IR4H5M,AT6ON2YUKJPG7
B006IWI9UM,AT6ON2YUKJPG7
B08WDWPNQD,AT6ON2YUKJPG7
B07YLZ282G,AT6ON2YUKJPG7
B00N6EYQZC,AT6ON2YUKJPG7
