item,source
B07FY9NZN6,adadadadada
B07FXR6D97,adadadadada
B07FQL5W81,adadadadada
B07FQ9RL7T,adadadadada
B07FNX3GFR,adadadadada
B07DXD4KXG,adadadadada
B07DXC517F,adadadadada
B07DX9212G,adadadadada
B07DX8SV3X,adadadadada
B07CMBYH2D,adadadadada
B07BHQK874,adadadadada
B0757ZYG97,adadadadada
B07S3G3S2T,adadadadada
B07RGLZGFG,adadadadada
B07RD8Q1ZS,adadadadada
B07R72115S,adadadadada
B07PYRX4GF,adadadadada
B07PYRCSVC,adadadadada
B07PVL7P3Z,adadadadada
B07PHY6TNH,adadadadada
B07N4N1HV4,adadadadada
B07KK577H1,adadadadada
B07J5W77LP,adadadadada
B07J32C9N8,adadadadada
B07J319JSM,adadadadada
B07J2T5JPB,adadadadada
B07GZJ7B3N,adadadadada
B07GV8YD41,adadadadada
B000WOA3GK,adadadadada
B000SQMQFI,adadadadada
B000KBGEN6,adadadadada
B000C7G7DU,adadadadada
B08FQML4DF,adadadadada
B088K1585Z,adadadadada
B0874WYZ2Z,adadadadada
B0874WBFM3,adadadadada
B0874W3DSD,adadadadada
B0874V9ZCX,adadadadada
B086R8Q6NJ,adadadadada
B086DHW9FK,adadadadada
B085YDYZVK,adadadadada
B085YDGVPR,adadadadada
B083769LQF,adadadadada
B082P6RM4L,adadadadada
B07V5XCJT8,adadadadada
B07V4YJ49Q,adadadadada
B07TN3L68S,adadadadada
B07T3QY8KJ,adadadadada
B07543KSQC,adadadadada
B06XYVTB2J,adadadadada
B06XCBC5TY,adadadadada
B06XCB2FJW,adadadadada
B06XC7KBK9,adadadadada
B06XC7GYVM,adadadadada
B06X9XP29B,adadadadada
B06X9XHP3C,adadadadada
B06X9WYBMS,adadadadada
B01MXLXBMW,adadadadada
B01M255PUG,adadadadada
B01IGKC7H4,adadadadada
B0140MIEBK,adadadadada
B013IMOJ6W,adadadadada
B013IMN4JA,adadadadada
B013IM7IWY,adadadadada
B009DJS876,adadadadada
B009DJQX0A,adadadadada
B007SCOJ50,adadadadada
B004A37OES,adadadadada
B002V9PU1C,adadadadada
B002V9NQOU,adadadadada
B002V9I9HY,adadadadada
B002V9I7ZI,adadadadada
B002V9I3B6,adadadadada
B0024X52KY,adadadadada
B0024X26O4,adadadadada
B0024WSN8I,adadadadada
B0024WS5OK,adadadadada
B000XPX76G,adadadadada
B000XPTAXK,adadadadada
B000XPTANU,adadadadada
B0DVD2VBG8,adadadadada
B0DTHNZBGB,adadadadada
B0DSPFJHKV,adadadadada
B0DRRJ4XCY,adadadadada
B0DRJXWJL2,adadadadada
B0DR3YSV6D,adadadadada
B0DR3WNSY1,adadadadada
B0DR3WJ41D,adadadadada
B0DQXZM54Z,adadadadada
B0DQXZ1367,adadadadada
B0DQXTHJHM,adadadadada
B0DQDMGB1T,adadadadada
B0DQCY1LVV,adadadadada
B0DPZSMKVJ,adadadadada
B0DPQQFNYC,adadadadada
B0DPCV1GWF,adadadadada
B013IM4XTU,adadadadada
B01049X04E,adadadadada
B00WTL17O6,adadadadada
B00WTKYJGK,adadadadada
B00WTKOUD2,adadadadada
B00WTKG4K4,adadadadada
B00WTKFS5G,adadadadada
B00SLKQHXK,adadadadada
B00PUOB6AY,adadadadada
B00HEAHEVW,adadadadada
B00HEAFUQS,adadadadada
B00HEAFH8E,adadadadada
B00HEAEPSC,adadadadada
B00GYQWLEC,adadadadada
B00F6DYKLG,adadadadada
B00BTLD5L0,adadadadada
B0D8W8YT1F,adadadadada
B0D8GXCQKX,adadadadada
B0D83P4YYN,adadadadada
B0D6FSG77N,adadadadada
B0D52LGX43,adadadadada
B0D3WPNFR8,adadadadada
B0D25FS3Q5,adadadadada
B0D22ZRVVR,adadadadada
B0D143STCK,adadadadada
B0CXTD1NBD,adadadadada
B0CX1DY913,adadadadada
B0CX15RHC9,adadadadada
B0CX144JRZ,adadadadada
B0CV9FXL3F,adadadadada
B0CTZKGPXS,adadadadada
B0CSSNTF5H,adadadadada
B0BKH6XXMK,adadadadada
B0BKG2TZ2Z,adadadadada
B0BGT6QHL4,adadadadada
B0BGT4N68R,adadadadada
B0B8YN1ZNS,adadadadada
B0B8TSGTTV,adadadadada
B0B7ZNVMJT,adadadadada
B0B3HSZ5NF,adadadadada
B0B2K6V5NZ,adadadadada
B09VSC7H9D,adadadadada
B09TTF3V79,adadadadada
B09T9C638Z,adadadadada
B09M7ZF4WX,adadadadada
B09GLVR3K6,adadadadada
B096MYJDBX,adadadadada
B094XWQG75,adadadadada
B0948MW3MN,adadadadada
B0948KP12N,adadadadada
B0948KLH8J,adadadadada
B0948KJLHT,adadadadada
B0948K7QWF,adadadadada
B093S1V63J,adadadadada
B08ZJ2H5TH,adadadadada
B089QHH1Q7,adadadadada
B083TC6N4K,adadadadada
B07YMKQF89,adadadadada
B07W37CVX4,adadadadada
B07VWYRGTY,adadadadada
B07VWYP3LD,adadadadada
B07V4GWYXM,adadadadada
B07V3TSB72,adadadadada
B07TP3ZCY9,adadadadada
B0DP95GV69,adadadadada
B0DNJD9V7B,adadadadada
B0DMC9W8YN,adadadadada
B0DK3NRFR4,adadadadada
B0DJBPVZF9,adadadadada
B0DHK1PK9X,adadadadada
B0DH2NG68Z,adadadadada
B0DGG5W5XB,adadadadada
B0DFD26WP8,adadadadada
B0DF7PQBCP,adadadadada
B0DCZLP1WM,adadadadada
B0DCYXTH7W,adadadadada
B0DCFHJ8PW,adadadadada
B0DC96TPBW,adadadadada
B0DB57C87W,adadadadada
B0D9RYRCRB,adadadadada
B0CSS4N8ZJ,adadadadada
B0CRL5XX1N,adadadadada
B0CRCYNLJ4,adadadadada
B0CR3VTKTN,adadadadada
B0CMGKK35Z,adadadadada
B0CLZG5FST,adadadadada
B0CLXGV2TN,adadadadada
B0CL9C6CLD,adadadadada
B0CJMHLZWP,adadadadada
B0CH168NQG,adadadadada
B0CGZX286T,adadadadada
B0CGJKCLQ4,adadadadada
B0CDGJLTMS,adadadadada
B0CDC1F1XQ,adadadadada
B0CD7NYLBB,adadadadada
B0CCY8F7TZ,adadadadada
B07GL7T1BF,adadadadada
B07GC9YJ1Y,adadadadada
B07FYC3DD7,adadadadada
B07FYBW2K8,adadadadada
B07FTVY4SJ,adadadadada
B07FS4D6TG,adadadadada
B07FQTDV3M,adadadadada
B07FQM18CK,adadadadada
B07FQLZ7QK,adadadadada
B07FQDTP6J,adadadadada
B07FQBT77P,adadadadada
B07FQBNW8H,adadadadada
B07FQ9NWBQ,adadadadada
B07DXB76YB,adadadadada
B07DX96DFN,adadadadada
B07DX7XK8C,adadadadada
B0CBPXC99S,adadadadada
B0CBK25XS6,adadadadada
B0C9YH2CRF,adadadadada
B0C8PRVGDK,adadadadada
B0C8HTMW2Y,adadadadada
B0C3C3V4KP,adadadadada
B0C2PRZ2GL,adadadadada
B0BY27ZQC6,adadadadada
B0BXFWJD69,adadadadada
B0BWL8CZXY,adadadadada
B0BVLW77GJ,adadadadada
B0BVD2FKV9,adadadadada
B0BTRWNMW2,adadadadada
B0BSP2BMPZ,adadadadada
B0BSMK5DX6,adadadadada
B0BM885J4Q,adadadadada
B07S6S51V4,adadadadada
B07R81YV1Z,adadadadada
B07QWN81MG,adadadadada
B07QVMYBCK,adadadadada
B07Q5VPWW5,adadadadada
B07PXW18PX,adadadadada
B07N8MSQXV,adadadadada
B07JRD131K,adadadadada
B07JMLQLPC,adadadadada
B07JL9WXKT,adadadadada
B07JC1BCYL,adadadadada
B07J33283G,adadadadada
B07HDFSK6B,adadadadada
B07HCYLFYN,adadadadada
B07H18V3JB,adadadadada
B07GTFJWNS,adadadadada
B00WTL4NZ6,adadadadada
B00WTKR304,adadadadada
B00TR6LNN6,adadadadada
B00A71VV5A,adadadadada
B00A71VUN8,adadadadada
B009DJZF9K,adadadadada
B009DJOWG2,adadadadada
B005GN5E0W,adadadadada
B004A6B9BY,adadadadada
B002V9PU9E,adadadadada
B002V9PQNE,adadadadada
B002V9I89S,adadadadada
B0024X4GSI,adadadadada
B0024X2SFG,adadadadada
B0024WOH88,adadadadada
B0024WN0MM,adadadadada
B07SX24T61,adadadadada
B06X9WNV42,adadadadada
B088JYWRT9,adadadadada
B002V9I1H2,adadadadada
B0F6N7DQDS,adadadadada
B0F6N1HNMT,adadadadada
B0F62W58MT,adadadadada
B0F3XHKPDV,adadadadada
B0F3WQWDT5,adadadadada
B0F2S81K7L,adadadadada
B0F28XQKNL,adadadadada
B0F1RDBBD1,adadadadada
B0F1CLV32Z,adadadadada
B0DZL9N373,adadadadada
B0DZBDLSGJ,adadadadada
B0DXP65711,adadadadada
B0024WLDWG,adadadadada
B000XPZ46W,adadadadada
B000W2RPUE,adadadadada
B000KBE8IY,adadadadada
B0DYDZW3B8,adadadadada
B0DW8M46YK,adadadadada
B0DSZN1BCW,adadadadada
B0DSPHHQFZ,adadadadada
B0DSDB9SNP,adadadadada
B0DRY55M5V,adadadadada
B0DR8YMT27,adadadadada
B0DR2J795R,adadadadada
B0DQTS1VJ3,adadadadada
B0DQKG95HT,adadadadada
B0DQCNCNL7,adadadadada
B0DQ4K61YD,adadadadada
B0DPWY711Z,adadadadada
B0DPKWD3FX,adadadadada
B0DPF9TFWM,adadadadada
B0DPCXNJXG,adadadadada
B0CNCZY79P,adadadadada
B0CN39WQR8,adadadadada
B0CN15RD7B,adadadadada
B0CMC2GW9G,adadadadada
B0CLV69WPS,adadadadada
B0CL9V3YY4,adadadadada
B0CKRZS8TZ,adadadadada
B0CJBXX5RD,adadadadada
B0CJ6MNRGF,adadadadada
B0CJ6839Y4,adadadadada
B0CJ58TSNY,adadadadada
B0CGDDZ7L6,adadadadada
B0CG2XTH7Z,adadadadada
B0CF9Z5LP4,adadadadada
B0CC8HCDQ1,adadadadada
B0CC2SK7FW,adadadadada
B07DX7XGW2,adadadadada
B07D9YB62Z,adadadadada
B07BF3VV6M,adadadadada
B078WFG58N,adadadadada
B078WD2ZQL,adadadadada
B075NV4GN1,adadadadada
B073V58BPD,adadadadada
B073V4WMB8,adadadadada
B0731RFP9P,adadadadada
B072BG1JZ5,adadadadada
B01MXLXF35,adadadadada
B01M7U7FRO,adadadadada
B01J79ZQGM,adadadadada
B01G3A4SQM,adadadadada
B013IMWFX6,adadadadada
B013IM2BS0,adadadadada
B0DPCVTXDB,adadadadada
B0DNNBHDY1,adadadadada
B0DNMKBBY8,adadadadada
B0DMDZJFBP,adadadadada
B0DLNPP9H8,adadadadada
B0DLNM19XN,adadadadada
B0DLMYZZZW,adadadadada
B0DLHYB7LM,adadadadada
B0DLG6JLNF,adadadadada
B0DL56Z5VD,adadadadada
B0DL567MRJ,adadadadada
B0DJDJTDRB,adadadadada
B0DHTDKNFB,adadadadada
B0DHKVX6MN,adadadadada
B0DHGSW5W4,adadadadada
B0DG8LPQL1,adadadadada
B0D22CN9PW,adadadadada
B0D12TQCH3,adadadadada
B0CYS729VS,adadadadada
B0CX1K6DQW,adadadadada
B0CX1H8HXW,adadadadada
B0CX16BZXZ,adadadadada
B0CW9R7Q7R,adadadadada
B0CVVXTB92,adadadadada
B0CV5GPY51,adadadadada
B0CTLLDPRP,adadadadada
B0CSL48R9G,adadadadada
B0CSDQ4DSH,adadadadada
B0CS2BK9Q1,adadadadada
B0CRHN4ZGJ,adadadadada
B0CPLZTCQB,adadadadada
B0CNKR4JRV,adadadadada
B0BGT3YWV5,adadadadada
B0B618PMCV,adadadadada
B0B3LHSXNP,adadadadada
B0B2K856HP,adadadadada
B0B14HMQQN,adadadadada
B09YT1GS43,adadadadada
B09YSXR18R,adadadadada
B09YH5CNKB,adadadadada
B09T51LYZD,adadadadada
B09PBCJ7F4,adadadadada
B09CQD15HV,adadadadada
B097GXNVXN,adadadadada
B096WX5VV4,adadadadada
B096WLHZDG,adadadadada
B0948N1NVP,adadadadada
B0948K2PQ1,adadadadada
B0CBV2TDVD,adadadadada
B0C8TPRS48,adadadadada
B0C32PH7M2,adadadadada
B0C2CMN227,adadadadada
B0BZ67LCMK,adadadadada
B0BTRZR65N,adadadadada
B0BSV54D37,adadadadada
B0BSMHNVJ2,adadadadada
B0BSM9VSMR,adadadadada
B0BRXW4V2W,adadadadada
B0BR6WFJ23,adadadadada
B0BNT89PRT,adadadadada
B0BM5BLQ5Z,adadadadada
B0BJSHZ2SW,adadadadada
B0BHKCQRWT,adadadadada
B0BGT48CXD,adadadadada
B0DFLMJ8KY,adadadadada
B0DFCBVQLD,adadadadada
B0DCK8VLNJ,adadadadada
B0D9J1GQV2,adadadadada
B0D98Y69QW,adadadadada
B0D97Q7949,adadadadada
B0D97L5QXX,adadadadada
B0D9427H4N,adadadadada
B0D8SXTP3Y,adadadadada
B0D7Q645PK,adadadadada
B0D7GMVD3S,adadadadada
B0D7F81GTD,adadadadada
B0D6LMVZTN,adadadadada
B0D65XCMP3,adadadadada
B0D5LF8CPS,adadadadada
B0D22WQ2VD,adadadadada
B08ZSPVDPP,adadadadada
B08ZH52ZWW,adadadadada
B08T6LJB2D,adadadadada
B08R3BKD4T,adadadadada
B08MTMNFCH,adadadadada
B08FY288CS,adadadadada
B087Q344W8,adadadadada
B0874WP9H5,adadadadada
B0874W14SR,adadadadada
B0874VMMWT,adadadadada
B085PNXDXQ,adadadadada
B084ZZPYM6,adadadadada
B083PXCRY8,adadadadada
B0829FX3N5,adadadadada
B08274Q5Q5,adadadadada
B07W7J4SZK,adadadadada
B07TD3KJTP,adadadadada
B07TC1Z4M6,adadadadada
B07QV891KM,adadadadada
B07Q7PHN9Z,adadadadada
B07PVRMR4Z,adadadadada
B07NN3PMG7,adadadadada
B07N4KQHJS,adadadadada
B07N4K1J7D,adadadadada
B07MXYZXNJ,adadadadada
B07HRYD8XW,adadadadada
B07GZ56S5G,adadadadada
B07GV7V7X3,adadadadada
B07GDR5H6J,adadadadada
B07GCC2W9X,adadadadada
B07G5TFC2M,adadadadada
B07FGQTQXV,adadadadada
B07DYHLMQ5,adadadadada
B07DXJLSN6,adadadadada
B07DXCVKN1,adadadadada
B07DXCS9FX,adadadadada
B07DXCRG2N,adadadadada
B07DXC4ZHP,adadadadada
B07DX9TPP8,adadadadada
B07DX8379T,adadadadada
B07DCF3LVG,adadadadada
B07DCDQNL3,adadadadada
B07DCD8MNP,adadadadada
B07DCD1FJZ,adadadadada
B0791NM2QH,adadadadada
B076L2XCW8,adadadadada
B076HM999Z,adadadadada
B076DD2NRM,adadadadada
B06X9Y96KZ,adadadadada
B06WVGZJ58,adadadadada
B06WVGZF7K,adadadadada
B06WRWWXL8,adadadadada
B06WLQH79R,adadadadada
B06VXZP7Y4,adadadadada
B01M1L7SAP,adadadadada
B01LYNY641,adadadadada
B01LXD2ESH,adadadadada
B01A1E4TRO,adadadadada
B013IN2YYK,adadadadada
B013IMTA8O,adadadadada
B013IMT3MW,adadadadada
B013IMSBCA,adadadadada
B013ILWCLC,adadadadada
B013ILUY1C,adadadadada
B002V9OB1M,adadadadada
B002V9O8KQ,adadadadada
B002V9O7YS,adadadadada
B002V9O504,adadadadada
B002V9O1IA,adadadadada
B002V9NZGY,adadadadada
B002V9NZBY,adadadadada
B002V9NQTU,adadadadada
B002V9I9G0,adadadadada
B002V26VDA,adadadadada
B002E5B0JO,adadadadada
B0024X7YSW,adadadadada
B0024X7Q4Y,adadadadada
B0024X368Y,adadadadada
B0024X1KZ0,adadadadada
B0024WZ3AY,adadadadada
B01049WMNE,adadadadada
B00WTKKV4Y,adadadadada
B00WTKKTWS,adadadadada
B00WTKKIC4,adadadadada
B00WTKG0PI,adadadadada
B00VY9LFVO,adadadadada
B00HEAF2DY,adadadadada
B00D34VTNC,adadadadada
B00A2C4CVO,adadadadada
B009DK2QGO,adadadadada
B004RFHEX0,adadadadada
B004K7BQW0,adadadadada
B004A675LM,adadadadada
B002V9T482,adadadadada
B002V9PU6W,adadadadada
B002V9PR8I,adadadadada
B0024WVVT6,adadadadada
B0024WVLPU,adadadadada
B0024WT2NS,adadadadada
B0024WSUQI,adadadadada
B0024WQF2E,adadadadada
B0024WMJ60,adadadadada
B001C83PVK,adadadadada
B001C803A6,adadadadada
B001C80374,adadadadada
B001C7YHVS,adadadadada
B001C7WQZW,adadadadada
B001C7WN8M,adadadadada
B000XQ19KQ,adadadadada
B000XQ11B8,adadadadada
B000XPZCYQ,adadadadada
B000XPZ6XS,adadadadada
B000XPXBJO,adadadadada
B000XPXA9K,adadadadada
B000XPX4BE,adadadadada
B000XPV9HK,adadadadada
B000SQRNAG,adadadadada
B000P9ERPU,adadadadada
B000KBGDLY,adadadadada
B000KBE8AC,adadadadada
B000KBC50M,adadadadada
B08KG23C8J,adadadadada
B07VLHSGJQ,adadadadada
B01M695F7D,adadadadada
B0F32MW3BQ,adadadadada
B0F2HJKDHF,adadadadada
B0F24FL6X2,adadadadada
B0F18X2D7K,adadadadada
B0F186H38P,adadadadada
B0DZP2278Y,adadadadada
B0DYSBH8HL,adadadadada
B0DXKF449Z,adadadadada
B0DWMWB1YB,adadadadada
B0DW8PGNKR,adadadadada
B0DV2NLKJ4,adadadadada
B0DTKGWJR5,adadadadada
B0DSZ9F76L,adadadadada
B0DSZ43CFR,adadadadada
B0DSW3BS3B,adadadadada
B0DSSWRF56,adadadadada
B0DSM8T157,adadadadada
B0DRR3YRKY,adadadadada
B0DR3WZG5Z,adadadadada
B0DQZWM7ZS,adadadadada
B0DQY5BX1Q,adadadadada
B0DQD16JFX,adadadadada
B0DQ11L42D,adadadadada
B0DPHD11VB,adadadadada
B0DPHCSJPD,adadadadada
B0DPCWPZRH,adadadadada
B0DPCWLPQ4,adadadadada
B0DNMLH65M,adadadadada
B0DM9LKSQT,adadadadada
B0DLNHSHHD,adadadadada
B0DG8N2WYT,adadadadada
B0DFPVZWV1,adadadadada
B0DFP3H11M,adadadadada
B0DCZ7Z37D,adadadadada
B0DCNRZPTD,adadadadada
B0DB1PH3VC,adadadadada
B0D9NGGZLJ,adadadadada
B0D93X68RQ,adadadadada
B0D93MCFC9,adadadadada
B0D91X6LZH,adadadadada
B0D877J6DX,adadadadada
B0D72SWPDS,adadadadada
B0D6YR943K,adadadadada
B0D6LQMTBR,adadadadada
B0D5Y7QT1R,adadadadada
B0D5LN3RJK,adadadadada
B0D57781Y6,adadadadada
B0D53QF42K,adadadadada
B0D3667SJF,adadadadada
B0D2RZ54HB,adadadadada
B0CZNZ66VF,adadadadada
B0CX1F414R,adadadadada
B0CSSRRDKL,adadadadada
B0CSDMGHXP,adadadadada
B0CR3D3XRN,adadadadada
B0CR1CXL2K,adadadadada
B0CR1BQNCV,adadadadada
B0CQY63WSM,adadadadada
B0CQL1HFGB,adadadadada
B0CP5XGKNJ,adadadadada
B0CP2CMHFZ,adadadadada
B0CN18DYWC,adadadadada
B0CM3M3GYV,adadadadada
B0CLGQ178W,adadadadada
B0CL4MMMB2,adadadadada
B0CKKJNBS9,adadadadada
B0CJRLJNDY,adadadadada
B0CJBPPPQF,adadadadada
B0CHM7MGFC,adadadadada
B0CFY2VSVG,adadadadada
B0CFWSNG84,adadadadada
B0CCYD6MGW,adadadadada
B0CBDCJ86C,adadadadada
B0C9LDFCZF,adadadadada
B0C96C2D6H,adadadadada
B0C8HSSB93,adadadadada
B0C7LYXXBD,adadadadada
B0C3HG9ZX3,adadadadada
B0BVDB3HTT,adadadadada
B0BTYLJV48,adadadadada
B0BTRVZ56Y,adadadadada
B0BRVY9LB6,adadadadada
B0BRVC5Z4S,adadadadada
B0BRNZBJTT,adadadadada
B0BLHBDFLS,adadadadada
B0BL3FR8RD,adadadadada
B0BKGKFV32,adadadadada
B0BJ7LFD14,adadadadada
B0BHKXJJYN,adadadadada
B0BHKS1D4P,adadadadada
B0B3SWZK6G,adadadadada
B0B3115V35,adadadadada
B09YTTQWFW,adadadadada
B09XGJH54B,adadadadada
B09SP1DL6M,adadadadada
B09KJZR3QM,adadadadada
B09K6G5TPB,adadadadada
B0948PJBVH,adadadadada
B0948M2HX6,adadadadada
B0948LY84N,adadadadada
B0948K7DRC,adadadadada
B08M9MTQGW,adadadadada
B08KCG5ZKQ,adadadadada
B08GL2MTBD,adadadadada
B08G3HJGTL,adadadadada
B08DCDVJLR,adadadadada
B088ZRKW2V,adadadadada
B088SZ1YJJ,adadadadada
B0874XH7MT,adadadadada
B07J33YVZD,adadadadada
B07HMD1XT2,adadadadada
B07H1851H6,adadadadada
B07GV8Q53J,adadadadada
B07GL7HKDK,adadadadada
B07G5TNT8Q,adadadadada
B07FYB6KSF,adadadadada
B07FX1BFJP,adadadadada
B07FWXG1XB,adadadadada
B07FQLQV3Y,adadadadada
B07FQF11J4,adadadadada
B07FGR44HC,adadadadada
B07DXK3NGC,adadadadada
B07DXDJW13,adadadadada
B07DXCYT76,adadadadada
B07DXCRHTH,adadadadada
B086VHY8GF,adadadadada
B0859CB62W,adadadadada
B07YKQWVXC,adadadadada
B07YKQQ4YH,adadadadada
B07V71DN59,adadadadada
B07V3TQQPF,adadadadada
B07SSD7HP2,adadadadada
B07SL84H79,adadadadada
B07SKNKYQG,adadadadada
B07QZTK7NK,adadadadada
B07QVMZ59J,adadadadada
B07QDVSQZF,adadadadada
B07PXPZP47,adadadadada
B07NW61Z72,adadadadada
B07N4KYHLD,adadadadada
B07JCRL8J3,adadadadada
B01NAL9K7K,adadadadada
B01LY03VHI,adadadadada
B01J79ZZEU,adadadadada
B01IGK9G6E,adadadadada
B0140MIC6W,adadadadada
B013IN42YA,adadadadada
B013IM8ZB2,adadadadada
B01049ZN2Q,adadadadada
B00WTL1OR6,adadadadada
B00WTKUFWM,adadadadada
B00WTKSGIM,adadadadada
B00WTKOECY,adadadadada
B00WTKMUWK,adadadadada
B00WTKM9XK,adadadadada
B00WTKLZQ2,adadadadada
B00WTKLSBO,adadadadada
B076DRSZJL,adadadadada
B076DFLTLV,adadadadada
B076DD2NRB,adadadadada
B076D8FTMN,adadadadada
B076C1X6BV,adadadadada
B06XC13STP,adadadadada
B06X9YGDLM,adadadadada
B06X9YC8JB,adadadadada
B06X9XBJPS,adadadadada
B06X9WDNRQ,adadadadada
B06X9VX78R,adadadadada
B06X1FFD64,adadadadada
B06X1FF6TQ,adadadadada
B06WP9RGFQ,adadadadada
B06W9NQ9Y6,adadadadada
B000XQ109Q,adadadadada
B000XPXA9U,adadadadada
B000XPX5QS,adadadadada
B000XPV9AC,adadadadada
B000W2V4LK,adadadadada
B000KBGDH8,adadadadada
B000KBC5IY,adadadadada
B000KBA4D2,adadadadada
B00WTKGC60,adadadadada
B00WTKG2Q0,adadadadada
B00WTKFI9M,adadadadada
B00TR5QP6C,adadadadada
B00SLKUXJ4,adadadadada
B00OZBZ1U4,adadadadada
B00HEAKEAK,adadadadada
B00GYO0ONE,adadadadada
B00GXTP37C,adadadadada
B00DR1528Y,adadadadada
B00B29TI4C,adadadadada
B009DK3CI0,adadadadada
B009DJJ88Y,adadadadada
B005DSOD8E,adadadadada
B002V9PTSG,adadadadada
B002V9PQSE,adadadadada
B002V9NQ04,adadadadada
B0024XHW1Q,adadadadada
B0024XG8OS,adadadadada
B0024X5QOG,adadadadada
B0024X53DA,adadadadada
B0024X3VLQ,adadadadada
B0024WY69I,adadadadada
B0024WW5KA,adadadadada
B0024WKWZK,adadadadada
B0024WJC1A,adadadadada
B001DEMFYG,adadadadada
B001C83RR2,adadadadada
B001C7ZVB8,adadadadada
B001C7WQWK,adadadadada
B001C7WISC,adadadadada
B000XQ13MA,adadadadada
B0DYD8H11Q,adadadadada
B0DXZXC13X,adadadadada
B0DX24C7V2,adadadadada
B0DWMTVB9C,adadadadada
B0DWFK65XG,adadadadada
B0DTP3ZQDH,adadadadada
B0DT9NMHQV,adadadadada
B0DSZQRJQ7,adadadadada
B0DSKLXF3T,adadadadada
B0DRZFQND9,adadadadada
B0DRK1CHBD,adadadadada
B0DRJYK4PH,adadadadada
B0DR16VDGY,adadadadada
B0DR16MVLD,adadadadada
B0DQ8H2JZZ,adadadadada
B0DPWTC2MN,adadadadada
B0DH2LRNHQ,adadadadada
B0DGHB9L7V,adadadadada
B0DG8DK7DV,adadadadada
B0DFW2YF5T,adadadadada
B0DFMGQ8TW,adadadadada
B0DFD4N3QS,adadadadada
B0DF1Z7L2B,adadadadada
B0DDK6NL26,adadadadada
B0DBQ6L5WN,adadadadada
B0DB45RH1T,adadadadada
B0D9NSWTG7,adadadadada
B0D9GT8N6G,adadadadada
B0D97NVTQ5,adadadadada
B0D6DNK57Y,adadadadada
B0D251NMY5,adadadadada
B0D251NG43,adadadadada
B0CRV33HMF,adadadadada
B0CPXLV284,adadadadada
B0CPPYDZ6Q,adadadadada
B0CNCT9SST,adadadadada
B0CM3CXD62,adadadadada
B0CLTQKBHR,adadadadada
B0CGXFHVVD,adadadadada
B0CFR1KKGQ,adadadadada
B0CBSX8H9K,adadadadada
B0CBRL26NV,adadadadada
B0CBBQF4TQ,adadadadada
B0C8HV8MXW,adadadadada
B0C4TX6312,adadadadada
B0C3C3ZM61,adadadadada
B0C23PQWBH,adadadadada
B0BXDL322M,adadadadada
B07DX8L4XW,adadadadada
B07DX8CFV3,adadadadada
B07DX86FH4,adadadadada
B07DX6D2RT,adadadadada
B07DWLR872,adadadadada
B07DQH3TQ7,adadadadada
B07DQC46KC,adadadadada
B07D3ZXSHB,adadadadada
B07D3ZLQ2W,adadadadada
B07D3ZF9BS,adadadadada
B07BF72J7J,adadadadada
B078WYPDDS,adadadadada
B076LH49ZP,adadadadada
B076KYVSR3,adadadadada
B076HGHZ83,adadadadada
B076DS67L4,adadadadada
B0BWL2TSDV,adadadadada
B0BSMLLGQ3,adadadadada
B0BRVXZNCH,adadadadada
B0BR7WYPJ5,adadadadada
B0BQV292BP,adadadadada
B0BN7BWRV3,adadadadada
B0BMV4G86T,adadadadada
B0BLHD6YT1,adadadadada
B0BKPC1ZFX,adadadadada
B0BKHFKB54,adadadadada
B0B88Y43JP,adadadadada
B0B3N9FV3N,adadadadada
B09LDB11MM,adadadadada
B09C1NHPRF,adadadadada
B092L11W6B,adadadadada
B08RNJ1JBW,adadadadada
B0D1T9C414,adadadadada
B0D1G8FXHV,adadadadada
B0CZNYFQRG,adadadadada
B0CZDFGM72,adadadadada
B0CYP12YZS,adadadadada
B0CX1LK7HM,adadadadada
B0CW36WKPN,adadadadada
B0CTZVLJJT,adadadadada
B0CTY7ZZ1H,adadadadada
B0CTXWPFSR,adadadadada
B0CTWXXCQJ,adadadadada
B0CTQMPBMG,adadadadada
B0CTFFKNBJ,adadadadada
B0CT64MRGJ,adadadadada
B0CSJV1XYG,adadadadada
B0CSDPK1DP,adadadadada
B07TP4S887,adadadadada
B07TN49TXH,adadadadada
B07RL4J2X7,adadadadada
B07QTP5CPW,adadadadada
B07N2M3QTK,adadadadada
B07MXYVN8Q,adadadadada
B07K71GFJ5,adadadadada
B07K42254V,adadadadada
B07JBT1BK7,adadadadada
B07HJTNDC5,adadadadada
B07H6DYL35,adadadadada
B07H38BGNB,adadadadada
B07GV9J393,adadadadada
B07GLC332D,adadadadada
B07G5V61F8,adadadadada
B07FQD44H1,adadadadada
B07FNZBVXS,adadadadada
B07F9RGL7D,adadadadada
B07DXCVT3M,adadadadada
B07DXCSD2N,adadadadada
B07DX93H6N,adadadadada
B07DX8L4XZ,adadadadada
B07DX8L4XT,adadadadada
B07DX6CLWR,adadadadada
B07DVKYGVK,adadadadada
B07DCD2SGG,adadadadada
B07B3KG6PC,adadadadada
B076XSBF2P,adadadadada
B076DS3C45,adadadadada
B076DRSY56,adadadadada
B076DRGLQT,adadadadada
B076DPCZJD,adadadadada
B08KHHX8R8,adadadadada
B08KHDZYJB,adadadadada
B08J82L976,adadadadada
B08GFJJBNX,adadadadada
B08FR5D5V7,adadadadada
B089P49MD6,adadadadada
B0874WFFGC,adadadadada
B0874W8GMX,adadadadada
B0874V828C,adadadadada
B086L2GW9T,adadadadada
B0867FQZJ6,adadadadada
B083TNBZG8,adadadadada
B08274DTLC,adadadadada
B07ZWCDFTV,adadadadada
B07YSYFWJX,adadadadada
B07VQVT6KF,adadadadada
B00WTKN4Q6,adadadadada
B00T5DM8RG,adadadadada
B00DZ7YXTE,adadadadada
B00C8C2W6I,adadadadada
B009DJXF38,adadadadada
B009DJTVK4,adadadadada
B009DJJP3C,adadadadada
B002V9PSSW,adadadadada
B002V9I730,adadadadada
B0014FKGJ0,adadadadada
B000XQ16H2,adadadadada
B0DPHD5X18,adadadadada
B0DPCXGLKB,adadadadada
B0DPCWPBFT,adadadadada
B0DPB1C7BF,adadadadada
B0DP2R2RVY,adadadadada
B0DP27C5S1,adadadadada
B0DMCWCXDB,adadadadada
B0DM6344X4,adadadadada
B0DM5ZGN9V,adadadadada
B0DM5SLFBM,adadadadada
B0DLH57NDQ,adadadadada
B0DLGKN8WX,adadadadada
B0DL56NHRR,adadadadada
B0DKN6BND7,adadadadada
B0DHTT27WW,adadadadada
B0DHHB9F9F,adadadadada
B076DPCZJ8,adadadadada
B076DFMD1P,adadadadada
B076DFFWNJ,adadadadada
B076DDQX1Q,adadadadada
B076D7MFF3,adadadadada
B072LQ4MVG,adadadadada
B06XYVM2YD,adadadadada
B06X9WK94P,adadadadada
B06X954659,adadadadada
B06WD85G3T,adadadadada
B01FVPNI6Q,adadadadada
B0169M2TIS,adadadadada
B013IMXZZ8,adadadadada
B013IMKMKO,adadadadada
B013IMA0N8,adadadadada
B00WTKNGHS,adadadadada
B076DNM9HF,adadadadada
B00WTL022O,adadadadada
B0D1C7PN8P,adadadadada
B07V715BMK,adadadadada
B073V996TV,adadadadada
B06W59LX4Q,adadadadada
B01049W82Y,adadadadada
B00WTKHGE2,adadadadada
B00TQZECEK,adadadadada
B0F1N2NL9Z,adadadadada
B0F186R1FQ,adadadadada
B0DZP297GN,adadadadada
B0DZNZC983,adadadadada
B0DZGZ2TCW,adadadadada
B0DYDVDM2G,adadadadada
B0DWV89DS6,adadadadada
B0DJV5178G,adadadadada
B0DHPH6QR4,adadadadada
B0DHD1SHB9,adadadadada
B0DH22ZTXD,adadadadada
B0DF285YLK,adadadadada
B0DB57R2NW,adadadadada
B0D9P4835K,adadadadada
B0D98S59CW,adadadadada
B0D87KDBJZ,adadadadada
B0D87HSXMZ,adadadadada
B0D869D3ZP,adadadadada
B0D6R27NMV,adadadadada
B0D6J2GMPV,adadadadada
B0D5Y838SD,adadadadada
B0D5D37JKZ,adadadadada
B0D262PCYB,adadadadada
B0DT8WKYL7,adadadadada
B0DRJYWFVB,adadadadada
B0DR1F3YDP,adadadadada
B0DQZXGQXK,adadadadada
B0DQTY3NZL,adadadadada
B0DQCZ6KTX,adadadadada
B0DQCX59LN,adadadadada
B0DPJP352F,adadadadada
B0DPCWQGHP,adadadadada
B0DM61BB3G,adadadadada
B0DLNYLKPK,adadadadada
B0DLKP1V85,adadadadada
B0DK2RBKDQ,adadadadada
B0DK2R67LM,adadadadada
B0DK2R3HTQ,adadadadada
B0DJWBW1F8,adadadadada
B0D1BTX59F,adadadadada
B0CXPJ7NK9,adadadadada
B0CXHKYQHS,adadadadada
B0CX1DS5ZW,adadadadada
B0CWZSJ2N7,adadadadada
B0CW654QSN,adadadadada
B0CW18H2KD,adadadadada
B0CTQ5W1LG,adadadadada
B0CSSNGMR1,adadadadada
B0CSDQJ1H5,adadadadada
B0CSDMLB98,adadadadada
B0CRVTHFPL,adadadadada
B0CQMXL4FP,adadadadada
B0CP83S9P9,adadadadada
B0CNKPXLRC,adadadadada
B0CNCYYTRV,adadadadada
B0CM8MZB4B,adadadadada
B0CKSFHF8F,adadadadada
B0CJTWKLYS,adadadadada
B0CJTHVC1K,adadadadada
B0CJRHQMXM,adadadadada
B0CGWK529S,adadadadada
B0CGDSTLK3,adadadadada
B0CFH8J96W,adadadadada
B0CDC13JSF,adadadadada
B0CD7QG9C8,adadadadada
B0CB8KSS6T,adadadadada
B0C8TLFY47,adadadadada
B0C6KTVXGD,adadadadada
B0C5RCSNX6,adadadadada
B0C3VBNS2F,adadadadada
B0BZNMKX72,adadadadada
B093JB7C36,adadadadada
B091F8Q8DB,adadadadada
B08VQHRW4Q,adadadadada
B08RS2FYT8,adadadadada
B08R39WWYD,adadadadada
B08R39H7PZ,adadadadada
B08R34J1GZ,adadadadada
B08QZCF51H,adadadadada
B08HRB3HBH,adadadadada
B0874WJGBJ,adadadadada
B0829G3MV3,adadadadada
B07YKQFJLN,adadadadada
B07W1PZXHX,adadadadada
B07V6LNTTJ,adadadadada
B07TP8944V,adadadadada
B07TP58Z4B,adadadadada
B0BWL8JFSK,adadadadada
B0BWL83V97,adadadadada
B0BVDMW5LS,adadadadada
B0BT762PV5,adadadadada
B0BT4LYY65,adadadadada
B0BSR3CHCL,adadadadada
B0BRK45XM5,adadadadada
B0BQZLSJNS,adadadadada
B0BQZKWMNQ,adadadadada
B0BNV6R6B9,adadadadada
B0BHYPRK8P,adadadadada
B0BHVJFZ4L,adadadadada
B0BGT4QB44,adadadadada
B0BGT4FFXB,adadadadada
B0BGMQXRSH,adadadadada
B0BF19YGC3,adadadadada
B0B8Q3K1B4,adadadadada
B0B4F9QCYT,adadadadada
B0B2TD5GFB,adadadadada
B09XGGYH7W,adadadadada
B09WD9VTB9,adadadadada
B09S8RD9F4,adadadadada
B09P1883ZD,adadadadada
B09NQVKW99,adadadadada
B09DRTPB6V,adadadadada
B0978NR135,adadadadada
B09785P6Z1,adadadadada
B096QW1N95,adadadadada
B094SHGYWD,adadadadada
B094S74WJ2,adadadadada
B0948M3CN7,adadadadada
B0948LR7XG,adadadadada
B07SRDGT1P,adadadadada
B07RLY4MLF,adadadadada
B07RJTBL57,adadadadada
B07RGLZHJQ,adadadadada
B07RFNGHMJ,adadadadada
B07Q6PZ79H,adadadadada
B07Q6MXVM1,adadadadada
B07PVRLJFH,adadadadada
B07PVM11RH,adadadadada
B07ND638FP,adadadadada
B07N8LBJVM,adadadadada
B07MY1B73P,adadadadada
B07MXZFY27,adadadadada
B07MXYR4H1,adadadadada
B07LFKJ1PV,adadadadada
B07JN85V46,adadadadada
B07DXCVKMW,adadadadada
B07DX8379S,adadadadada
B07DX6D2T5,adadadadada
B07DCF7BBC,adadadadada
B07DCF5DTR,adadadadada
B07DCDZN67,adadadadada
B07DCDWWC9,adadadadada
B07DCDFNSS,adadadadada
B07DCDFL27,adadadadada
B07DCD8HGL,adadadadada
B07DCD4LV3,adadadadada
B07DCD2V42,adadadadada
B07DCD189Y,adadadadada
B07BH24371,adadadadada
B078P33MYJ,adadadadada
B076HM6Y6M,adadadadada
B076HLMDTZ,adadadadada
B076HLMDTQ,adadadadada
B076HGHZYS,adadadadada
B076DS67Q2,adadadadada
B076DS67L5,adadadadada
B076DS67L3,adadadadada
B076DRT1JT,adadadadada
B076DRSZHW,adadadadada
B076DFHW4X,adadadadada
B076DF5NX2,adadadadada
B076DF13V2,adadadadada
B076DDQZRS,adadadadada
B076DD2NV8,adadadadada
B076DD2NPW,adadadadada
B076D7QZZQ,adadadadada
B075NTC7N9,adadadadada
B0758TXCDX,adadadadada
B06Y16P3B2,adadadadada
B06XCB6LRF,adadadadada
B06XC4YPR1,adadadadada
B06X9ZSYB4,adadadadada
B06X9Z59HC,adadadadada
B06X9YPYWY,adadadadada
B06X9XCSQ4,adadadadada
B06X9WYT5K,adadadadada
B06X9WYQGP,adadadadada
B06X9W1DBT,adadadadada
B06X9VXFS8,adadadadada
B06X9SPZ6V,adadadadada
B06X9SKLD2,adadadadada
B06X967YL1,adadadadada
B06X95TFG4,adadadadada
B06X94TBFC,adadadadada
B06X6M1VFP,adadadadada
B06X1FF6T6,adadadadada
B06WRWWX88,adadadadada
B06WLQGYWM,adadadadada
B06VY87Z3D,adadadadada
B06VY25KJY,adadadadada
B01MFCUABU,adadadadada
B01M0XMRMK,adadadadada
B01LYZLBIO,adadadadada
B0140MOKKO,adadadadada
B0140MN2NK,adadadadada
B013ILWMNK,adadadadada
B0104A5ZQ4,adadadadada
B0104A2XWI,adadadadada
B01049V8IO,adadadadada
B01049V0WS,adadadadada
B01049QGR2,adadadadada
B00WTL52ZG,adadadadada
B00WTKV9AE,adadadadada
B00WTKV1KM,adadadadada
B00WTKFKFE,adadadadada
B00TR6L04I,adadadadada
B00TR6B7BE,adadadadada
B00HEAEGY0,adadadadada
B00H7UQFMS,adadadadada
B00GYPHH5G,adadadadada
B00GYOOF20,adadadadada
B00GXU01VO,adadadadada
B00CHO9UQ2,adadadadada
B00B29TDV0,adadadadada
B00B29TDOC,adadadadada
B00A2GGMIQ,adadadadada
B009DK3FLE,adadadadada
B002V9PU2Q,adadadadada
B002V9PSY6,adadadadada
B002V9PQ7U,adadadadada
B002V9IB7M,adadadadada
B002V9I7HQ,adadadadada
B002V9I6RW,adadadadada
B002V9I6QI,adadadadada
B0028GJ9G0,adadadadada
B001C7YEFM,adadadadada
B001C7WHOM,adadadadada
B000XQ10H8,adadadadada
B000XPVEFC,adadadadada
B000VZ7S54,adadadadada
B000KBA3F6,adadadadada
B014EQ9R4A,adadadadada
B00TQYVW9Y,adadadadada
B08T6PD1M4,adadadadada
B07VCV3SJZ,adadadadada
B01M01GQ2T,adadadadada
B06X1FF9C9,adadadadada
B06WRWWTBB,adadadadada
B01MQ1WG2S,adadadadada
B0F6N9MTGR,adadadadada
B0F1CNJQFP,adadadadada
B0F1BC9N6H,adadadadada
B0DZ6PMYKS,adadadadada
B0DZ6LKHR3,adadadadada
B0DZ2RT8WB,adadadadada
B0DYV8ZFKN,adadadadada
B0DYGGNSBG,adadadadada
B07JCTFDP6,adadadadada
B07HHJKMYB,adadadadada
B07H1BCTY1,adadadadada
B07GVBCTVH,adadadadada
B07GTJSH5B,adadadadada
B07GL9KRZH,adadadadada
B07G5BN7NW,adadadadada
B07FQHCZ1J,adadadadada
B07FQH9QQL,adadadadada
B07FQGYKRG,adadadadada
B07FQBX5LL,adadadadada
B07FQ2LW7Y,adadadadada
B07FNZZSS5,adadadadada
B07DYJTR7V,adadadadada
B07DYJH12J,adadadadada
B07DXD1RH4,adadadadada
B0DXK7JXBG,adadadadada
B0DX6QK4VQ,adadadadada
B0DWWY1LKW,adadadadada
B0DV2HCW9Z,adadadadada
B0DTTDSPPK,adadadadada
B0DTK4MP1B,adadadadada
B0DTHMK114,adadadadada
B0DSZ996S5,adadadadada
B0DRJY771X,adadadadada
B0DRG1SPM3,adadadadada
B0DQZXZWV1,adadadadada
B0DQY4V77K,adadadadada
B0DQ1GD7SN,adadadadada
B0DPZHP9V4,adadadadada
B0DPX4KVW1,adadadadada
B0DPR6T69S,adadadadada
B0DPCXKHXJ,adadadadada
B0DPCWP8WR,adadadadada
B0DN68JCDJ,adadadadada
B0DLP15H2C,adadadadada
B0DLN3RF9Q,adadadadada
B0DL58H3GL,adadadadada
B0DL576PHY,adadadadada
B0DK442F5P,adadadadada
B0DJQDZ8NQ,adadadadada
B0DHRBTBVH,adadadadada
B0DH28R5D6,adadadadada
B0DGXR8JW1,adadadadada
B0DGXJ9RCL,adadadadada
B0DG8LNV36,adadadadada
B0DFLRB7MJ,adadadadada
B0DFC4TCL9,adadadadada
B0DF2KTMNZ,adadadadada
B0DD2L5P4R,adadadadada
B0DD2DTTCD,adadadadada
B0DCVSFSJ5,adadadadada
B0DCJ71VPC,adadadadada
B0DB44XJ9K,adadadadada
B0D8DBX3CY,adadadadada
B0D88RT27S,adadadadada
B0D7M58GGM,adadadadada
B0D6LPFKCS,adadadadada
B0D6LNWJLF,adadadadada
B0D6LLLN99,adadadadada
B0D6LLL7WP,adadadadada
B0D6D7PS2Z,adadadadada
B0D5XM855R,adadadadada
B0D5775676,adadadadada
B0D575TS7S,adadadadada
B0D575NHFD,adadadadada
B0D41TZ229,adadadadada
B0D3TX944Q,adadadadada
B0D3Q5L4HW,adadadadada
B0D2S149D9,adadadadada
B0D25SQB42,adadadadada
B0D1G9LMKG,adadadadada
B0D1G8F3MG,adadadadada
B0D1G6JW2G,adadadadada
B0CZPCXHDJ,adadadadada
B0CZNZ5WB2,adadadadada
B0CZNTDG52,adadadadada
B0CXPJVMVN,adadadadada
B0CXLZZ7BQ,adadadadada
B0CWGKYLXV,adadadadada
B0CW14LQQ4,adadadadada
B0CVVR6WG8,adadadadada
B0CV9S8FDC,adadadadada
B0CV9BVK5C,adadadadada
B0CV5CT2J4,adadadadada
B0CTJ7H6ZQ,adadadadada
B0CSYZ6MC6,adadadadada
B0CRVMPJTP,adadadadada
B0CRV1488S,adadadadada
B0CQT154J1,adadadadada
B0CQRLQV78,adadadadada
B0CPJKBMP5,adadadadada
B0CPJDMGGJ,adadadadada
B0CP9CBXCF,adadadadada
B0CP83FQYJ,adadadadada
B0CP3X5M3W,adadadadada
B0CNTVC316,adadadadada
B0CN32JC6R,adadadadada
B0CL9H6SRH,adadadadada
B0CKYSZRP6,adadadadada
B0CJJ1JDP9,adadadadada
B0CHP2GB58,adadadadada
B0CGMVHJVR,adadadadada
B0CGJKQPFS,adadadadada
B0CG2Y963S,adadadadada
B0CFY62K9Y,adadadadada
B0CFR944C3,adadadadada
B0CFH5KMKT,adadadadada
B0CF5PS896,adadadadada
B0CBPHLHZP,adadadadada
B0CB9WGXX8,adadadadada
B0C77M545Z,adadadadada
B0C4F616C4,adadadadada
B0C3VVDXF4,adadadadada
B0BZSXJLDN,adadadadada
B0BSMX7QJB,adadadadada
B0BPNFSL1D,adadadadada
B0BKHBZX7N,adadadadada
B0BK4LF1T4,adadadadada
B0BJRVPG4W,adadadadada
B0BGT6QRQQ,adadadadada
B0BGT4ZHBH,adadadadada
B0BGT4J61X,adadadadada
B0BD6W4JT6,adadadadada
B0BBTYK1S6,adadadadada
B0B5G5QDN5,adadadadada
B0B347PGNG,adadadadada
B09Z6Q64MK,adadadadada
B09YFVDMYP,adadadadada
B09VCY9SW3,adadadadada
B09V7R6XCM,adadadadada
B09V6RHJJ4,adadadadada
B09TX5M2PF,adadadadada
B09TTDHF3V,adadadadada
B09SCRZ2V9,adadadadada
B09PVFV6KQ,adadadadada
B09MTBC178,adadadadada
B097TR8VW2,adadadadada
B0948M329B,adadadadada
B0948LRBZ5,adadadadada
B0948KH4JL,adadadadada
B0948KGYM3,adadadadada
B0948K5ZRK,adadadadada
B08QCXNCLD,adadadadada
B08NPKZRPG,adadadadada
B08MVLMNSH,adadadadada
B08M5LND4N,adadadadada
B08M5KHW9G,adadadadada
B08HMSN1K4,adadadadada
B08FKR26R5,adadadadada
B088FMXN39,adadadadada
B0874WMHJB,adadadadada
B0874V53SP,adadadadada
B085HHGXP1,adadadadada
B07ZPR24HY,adadadadada
B07YKPTPLN,adadadadada
B07W86H6RY,adadadadada
B07VXZ2VQ8,adadadadada
B07TP8C2LB,adadadadada
B07RDM68B2,adadadadada
B07R1ZSLL7,adadadadada
B07PWKB6X1,adadadadada
B07N4LGTGT,adadadadada
B07KB9G6QV,adadadadada
B07H183NKF,adadadadada
B07GL74HGC,adadadadada
B07GC9TYYS,adadadadada
B07GC9PLLK,adadadadada
B07GC9GS1Q,adadadadada
B07FX4V739,adadadadada
B07FQDKH6W,adadadadada
B07FQD4Q13,adadadadada
B07FQ8CQ6Y,adadadadada
B07FP2VG4D,adadadadada
B07FGQXK2V,adadadadada
B07DX7XWLW,adadadadada
B07C32M629,adadadadada
B07BLNMQ1R,adadadadada
B07BF5Z6MH,adadadadada
B076HLMDV8,adadadadada
B076DPCZKR,adadadadada
B076DN1SKZ,adadadadada
B076DFJCQN,adadadadada
B076DF5NTS,adadadadada
B076DF12WT,adadadadada
B076D8HHZX,adadadadada
B076D89K34,adadadadada
B076D7QZVW,adadadadada
B06XKJKZKF,adadadadada
B06X9XSLMC,adadadadada
B06X9XNCYN,adadadadada
B06X9XBZX6,adadadadada
B06X9X7DYG,adadadadada
B06X9X3TCH,adadadadada
B06X9VTF28,adadadadada
B06X9FSVYD,adadadadada
B06X9BVZJK,adadadadada
B06X967YMH,adadadadada
B06X95F845,adadadadada
B06X413MKD,adadadadada
B06X413L5Q,adadadadada
B06WRWWWCW,adadadadada
B06WP9RRSX,adadadadada
B06WLQH45R,adadadadada
B06WGV5H7K,adadadadada
B06WGV5GBG,adadadadada
B06WGV5FN2,adadadadada
B06W5HCZ9D,adadadadada
B06W5HCWVC,adadadadada
B06W59LY7L,adadadadada
B01M71YHTY,adadadadada
B01H4U1DCC,adadadadada
B01D9ADRNY,adadadadada
B01D988G6E,adadadadada
B0140MSP8M,adadadadada
B013IMUIJO,adadadadada
B01049XSAA,adadadadada
B01049XJ6S,adadadadada
B01049RP8Q,adadadadada
B01049QDDY,adadadadada
B01049QAX2,adadadadada
B00WTL0PCQ,adadadadada
B00WTKK8X8,adadadadada
B00TR6BBYW,adadadadada
B00TQZBW0C,adadadadada
B00TQZ463M,adadadadada
B00JMAJAPU,adadadadada
B00GYS4IKK,adadadadada
B00GYL7XI6,adadadadada
B00GXUCTFU,adadadadada
B0087HX0IW,adadadadada
B007SCMSWQ,adadadadada
B005ETWXI4,adadadadada
B004A65YA6,adadadadada
B004A64MC2,adadadadada
B002V9O1C6,adadadadada
B002V9I9NS,adadadadada
B0024WVAC4,adadadadada
B0024WQKHE,adadadadada
B001C7YHOU,adadadadada
B001C7Y9FC,adadadadada
B001C7WR5Q,adadadadada
B000XPVI1M,adadadadada
B000KBGDJQ,adadadadada
B000KBE80M,adadadadada
B0DZ6LQXF7,adadadadada
B0DZ6KGXCH,adadadadada
B0DZ22QB9B,adadadadada
B0DXT5FSXX,adadadadada
B0DWT215FH,adadadadada
B0DWMXBCS8,adadadadada
B0DW92PPH5,adadadadada
B0DV2B6NK8,adadadadada
B0DTZ192SF,adadadadada
B0DT9M19R1,adadadadada
B0DSZ53X4Y,adadadadada
B0DSPWKV9B,adadadadada
B0DSJC14LG,adadadadada
B0DRHYF655,adadadadada
B0DR9ZQK38,adadadadada
B0DR3TD987,adadadadada
B00TR60UYO,adadadadada
B09TTT3X2S,adadadadada
B01MRKG4QT,adadadadada
B01M32CD11,adadadadada
B07DGLHHK3,adadadadada
B001C83LRI,adadadadada
B000Y2O172,adadadadada
B0F6NC52K8,adadadadada
B0F43NMT69,adadadadada
B0F1C51CK5,adadadadada
B0F18DTWD5,adadadadada
B0DZNXXDDG,adadadadada
B0DZLRWKDD,adadadadada
B0DZ6PLR8Q,adadadadada
B0DZ6MLH6Q,adadadadada
B0DG5TYP33,adadadadada
B0DFWBN49X,adadadadada
B0DD7GDF7R,adadadadada
B0DD3DL391,adadadadada
B0DCJYNLDT,adadadadada
B0DC99H7P4,adadadadada
B0DBQFGY9S,adadadadada
B0D95QC8M8,adadadadada
B0D8SRYGPV,adadadadada
B0D7C4893D,adadadadada
B0D5LJL38X,adadadadada
B0D25TJNXR,adadadadada
B0D222SQMM,adadadadada
B0D1G6JBQX,adadadadada
B0CZDY1MFN,adadadadada
B0CXSLWKMS,adadadadada
B0DR14RD2F,adadadadada
B0DQZXHJ49,adadadadada
B0DPQKWQ6D,adadadadada
B0DPHF5P4F,adadadadada
B0DPCXZJQR,adadadadada
B0DPCXZ6MJ,adadadadada
B0DNLWQ26J,adadadadada
B0DMF8TXBR,adadadadada
B0DLP3J8Y7,adadadadada
B0DL56385S,adadadadada
B0DK4Z9HJS,adadadadada
B0DK2TBFM2,adadadadada
B0DK2T6CJ2,adadadadada
B0DK2SJGR4,adadadadada
B0DHX2MB4M,adadadadada
B0DH1X8MVC,adadadadada
B0964H5H7M,adadadadada
B0948LPTFB,adadadadada
B0948KHZR8,adadadadada
B0948K7318,adadadadada
B0948HN57H,adadadadada
B08ZJ8B28Q,adadadadada
B08XXDDV1H,adadadadada
B08VJDCNG5,adadadadada
B08SBLV56Z,adadadadada
B08P7P3SLJ,adadadadada
B08P4KZ76H,adadadadada
B08MVJ5VVP,adadadadada
B08KHFCHZN,adadadadada
B08HRLS4RZ,adadadadada
B08BFJW1NK,adadadadada
B08BFGC9WL,adadadadada
B0CKRCBWQN,adadadadada
B0CKL3W3KJ,adadadadada
B0CJRKDDW2,adadadadada
B0CGDFDPXY,adadadadada
B0CGDCJ61M,adadadadada
B0CD2XPZHY,adadadadada
B0CBDCP5YK,adadadadada
B0C9JC1LRY,adadadadada
B0C86MFKP8,adadadadada
B0C83Q85LC,adadadadada
B0C82NQK7C,adadadadada
B0C46VRG5R,adadadadada
B0C3HGSF4T,adadadadada
B0C3HFBDRY,adadadadada
B0BZYJT114,adadadadada
B0BZJ8FDYD,adadadadada
B0BNSPMQQ1,adadadadada
B0BNPSN16H,adadadadada
B0BLVKMB2M,adadadadada
B0BKRFKYQV,adadadadada
B0BJBJ2GFZ,adadadadada
B0BFFJRV5K,adadadadada
B0BCZXBTWV,adadadadada
B0BCR5ZD6D,adadadadada
B0B2JLY34Q,adadadadada
B09WHWJYFN,adadadadada
B09WF22W9W,adadadadada
B09TTSVFCJ,adadadadada
B09RDNRGG3,adadadadada
B09NFGSS4L,adadadadada
B09M7ZFDJ8,adadadadada
B097GXG2L8,adadadadada
B0BYMG83LJ,adadadadada
B0BY4SK6W1,adadadadada
B0BX4SX2D1,adadadadada
B0BVDN7M7Q,adadadadada
B0BTRZNZ95,adadadadada
B0BTMD1DJX,adadadadada
B0BSMN5VWS,adadadadada
B0BSML37W5,adadadadada
B0BSMK1JCD,adadadadada
B0BSMGVDCP,adadadadada
B0BSMFFTDX,adadadadada
B0BSLZJ7VR,adadadadada
B0BRFCB49S,adadadadada
B0BRBMFBT7,adadadadada
B0BPNGZCQB,adadadadada
B0CX1BC4C5,adadadadada
B0CWNJLFNN,adadadadada
B0CW5Y7FKH,adadadadada
B0CW31C14L,adadadadada
B0CVNVG9V4,adadadadada
B0CTZJHXPK,adadadadada
B0CT6B5WTG,adadadadada
B0CSYV5JB6,adadadadada
B0CRSVPR3P,adadadadada
B0CRL63652,adadadadada
B0CR5VFVHJ,adadadadada
B0CQL2MNW1,adadadadada
B0CP82CG9P,adadadadada
B0CNCYB8BS,adadadadada
B0CN9FXWZN,adadadadada
B0CN38H8GG,adadadadada
B07FQFR4VG,adadadadada
B07FQFFWN5,adadadadada
B07FQ73KY6,adadadadada
B07DXPS7YK,adadadadada
B07DXFFVC6,adadadadada
B07DXF64NP,adadadadada
B07DX8MVN7,adadadadada
B07DX6D1FM,adadadadada
B07DCDR1Y4,adadadadada
B07CMBK7S8,adadadadada
B076HWKXLD,adadadadada
B076DN6QP2,adadadadada
B076DFN32J,adadadadada
B076DF13V5,adadadadada
B076DF12WW,adadadadada
B076DDQXW1,adadadadada
B08BF3YW46,adadadadada
B0874WWVCM,adadadadada
B0874WS2B8,adadadadada
B0874VZNMM,adadadadada
B0874TWQXH,adadadadada
B0855C2JR8,adadadadada
B0842MNP9L,adadadadada
B07YSY5Y6W,adadadadada
B07VXMFVCJ,adadadadada
B07V7Z7N57,adadadadada
B07TN49W28,adadadadada
B07TN2KMZ5,adadadadada
B07TM1NTSX,adadadadada
B07S16PW3Z,adadadadada
B07R5CHCM2,adadadadada
B07PQDMQSZ,adadadadada
B07N6D3741,adadadadada
B07N4LN4DV,adadadadada
B07N4L1299,adadadadada
B07N4KDM1M,adadadadada
B07N4HRD63,adadadadada
B07MXXKZ2F,adadadadada
B07LDZ3PZD,adadadadada
B07JY5S9CK,adadadadada
B07JC5FVFG,adadadadada
B07H18WB7B,adadadadada
B07GLJ4R7R,adadadadada
B07GLC327H,adadadadada
B07GL55MR9,adadadadada
B07GL46D5R,adadadadada
B07FXVZXL3,adadadadada
B013ILQPSS,adadadadada
B01049YT62,adadadadada
B01049W2S4,adadadadada
B00WTL2WF4,adadadadada
B00WTL2C4K,adadadadada
B00WTL27YA,adadadadada
B00WTL14CQ,adadadadada
B00WTKW4PS,adadadadada
B00WTKSEUM,adadadadada
B00WTKPZG8,adadadadada
B00TR6HBG4,adadadadada
B00TQZ6PQS,adadadadada
B00KRSMKFS,adadadadada
B00ICQM016,adadadadada
B00DP2N10G,adadadadada
B00CA63DHE,adadadadada
B06XKGWP35,adadadadada
B06X9ZHH5Y,adadadadada
B06X9XRX9L,adadadadada
B06X9X144G,adadadadada
B06X9VX6HH,adadadadada
B06X9SHNFR,adadadadada
B06X9R9BC1,adadadadada
B06WP9RQYS,adadadadada
B06WGV5FNF,adadadadada
B06VXZP89J,adadadadada
B01N53CIMD,adadadadada
B01MG5KZE1,adadadadada
B01M7UTBUF,adadadadada
B01M5GH8CV,adadadadada
B013IMFEMK,adadadadada
B013IM44GM,adadadadada
B00BOVHGCO,adadadadada
B00B6U5NGO,adadadadada
B009DJT01Y,adadadadada
B009DJSWL8,adadadadada
B006X8BJ76,adadadadada
B004A699KC,adadadadada
B004A6990W,adadadadada
B004A679RC,adadadadada
B002V9Q822,adadadadada
B002V9PTVS,adadadadada
B002V9PTEK,adadadadada
B002V9PT72,adadadadada
B002V9O7H0,adadadadada
B002V9O75W,adadadadada
B002V9O6QW,adadadadada
B002V9O62Q,adadadadada
B001C7YHWC,adadadadada
B001C7Y9AM,adadadadada
B000Y2O15O,adadadadada
B000Y2O0XM,adadadadada
B000XQ11WW,adadadadada
B000XPZ6GU,adadadadada
B000XPZ4IA,adadadadada
B000XPX6K8,adadadadada
B000XPX626,adadadadada
B000WO6N00,adadadadada
B000KBGENQ,adadadadada
B000KBE71M,adadadadada
B000KBC408,adadadadada
B000KBC3H2,adadadadada
B000KBA4QE,adadadadada
B0024X2UIG,adadadadada
B0024WZQQ0,adadadadada
B0024WZNUE,adadadadada
B0024WZ1OM,adadadadada
B0024WX6LM,adadadadada
B0024WX3MO,adadadadada
B0024WWFMS,adadadadada
B0024WW65Y,adadadadada
B0024WR94M,adadadadada
B0024WNC2A,adadadadada
B0024WKT4Y,adadadadada
B0024WK77S,adadadadada
B0024WF3IQ,adadadadada
B001C83LDC,adadadadada
B001C81H1K,adadadadada
B001C7YHXG,adadadadada
B002V9O5S6,adadadadada
B002V9O3F6,adadadadada
B002V9NQYK,adadadadada
B002V9NQPY,adadadadada
B002V9NQC2,adadadadada
B002V9I7DA,adadadadada
B002V9I5PA,adadadadada
B002V2G2MK,adadadadada
B0028GQO18,adadadadada
B0028GQNT6,adadadadada
B0024XBPH8,adadadadada
B0024X94RQ,adadadadada
B0024X8OCW,adadadadada
B0024X7WLG,adadadadada
B0024X5QXM,adadadadada
B0024X5592,adadadadada
B0DFPZXJKC,adadadadada
B0DFPXHPNP,adadadadada
B0DBV8W9MN,adadadadada
B0D95HT45Y,adadadadada
B0D9466V77,adadadadada
B0D91MQQT7,adadadadada
B0D66X6DLD,adadadadada
B0D5CT1C2V,adadadadada
B0D5CJP5J6,adadadadada
B0D46CG5LB,adadadadada
B0D147RXV2,adadadadada
B0CX17RDJ3,adadadadada
B0CWRZLGMS,adadadadada
B0CTB74RKV,adadadadada
B0CSDNZ6GQ,adadadadada
B0CS5R8JCJ,adadadadada
B0DP6KQY31,adadadadada
B0DP6HG1PM,adadadadada
B0DNQTBCQB,adadadadada
B0DM6347NY,adadadadada
B0DLWM9KH8,adadadadada
B0DLWD3ZQQ,adadadadada
B0DLNHCQBD,adadadadada
B0DL55CK6S,adadadadada
B0DKXSB7S2,adadadadada
B0DKS75BP3,adadadadada
B0DK8N8Q1B,adadadadada
B0DK6XPDM9,adadadadada
B0DK1BY1RD,adadadadada
B0DJBP1B5J,adadadadada
B0DHVR6ZR8,adadadadada
B0DHGRVNLW,adadadadada
B07TFSYC8P,adadadadada
B07TDPGG7Q,adadadadada
B07TD3LDDH,adadadadada
B07TCK6YLV,adadadadada
B07T9JJWGN,adadadadada
B07T9J5MGY,adadadadada
B07T9J3YJY,adadadadada
B07T8DY89Z,adadadadada
B07T8DJ19D,adadadadada
B07RKY9NWP,adadadadada
B07RG882MS,adadadadada
B07QWN7PB8,adadadadada
B07PXQGCBN,adadadadada
B07P5H9MZS,adadadadada
B07N96LGKZ,adadadadada
B07N91KGF5,adadadadada
B09MQYTRKZ,adadadadada
B09K4JGRDF,adadadadada
B09HBN1VMH,adadadadada
B09GHFD3W3,adadadadada
B09BJH3K2N,adadadadada
B099RMZ7MN,adadadadada
B099RLL8J4,adadadadada
B099RLJPB3,adadadadada
B099RKC6PW,adadadadada
B099NHMCCY,adadadadada
B099NGW93H,adadadadada
B096K9SHGJ,adadadadada
B095R49HZJ,adadadadada
B0948K9MHM,adadadadada
B08YRKK7X1,adadadadada
B08T6MRRHH,adadadadada
B08NTBHYX4,adadadadada
B08MCR8X63,adadadadada
B08KHFV3KH,adadadadada
B08KH6T66J,adadadadada
B08GS7T1V4,adadadadada
B0874BH1M8,adadadadada
B083ZQNHHK,adadadadada
B083ZQF49N,adadadadada
B081V47MN9,adadadadada
B081J52P7D,adadadadada
B0813ZSRHR,adadadadada
B07ZQPMN4R,adadadadada
B07ZPSZ353,adadadadada
B07ZN6FH7Y,adadadadada
B07TN36S83,adadadadada
B07TFTLT3Q,adadadadada
B0CS5H3QJR,adadadadada
B0CS5GJ84K,adadadadada
B0CR1CXQDP,adadadadada
B0CQ52GH1G,adadadadada
B0CP5W5RD6,adadadadada
B0CP5W3MS3,adadadadada
B0CP5VWS98,adadadadada
B0CNKP6Q2Z,adadadadada
B0CKYJHZ2J,adadadadada
B0CK2G2C7G,adadadadada
B0C636714F,adadadadada
B0BZSY73NP,adadadadada
B0BZP9W6YP,adadadadada
B0BZ6P1WS4,adadadadada
B0BXRFM8TZ,adadadadada
B0BXCKPRX3,adadadadada
B076D89KJ9,adadadadada
B0758Q5VDS,adadadadada
B01N8S4QN7,adadadadada
B01N52F0Y5,adadadadada
B01N354Y6Q,adadadadada
B01M0QOC89,adadadadada
B01M0QM01P,adadadadada
B01LWIBEQB,adadadadada
B01G3A5H9Y,adadadadada
B01BFMIA8U,adadadadada
B01B2440GC,adadadadada
B0104A0M62,adadadadada
B01049ZA8I,adadadadada
B01049WGDA,adadadadada
B01049W5DQ,adadadadada
B00IMNHX6G,adadadadada
B0095FYJ3A,adadadadada
B0084UIM0I,adadadadada
B0084UIDZM,adadadadada
B002V9PUDU,adadadadada
B002V9I79Y,adadadadada
B002KEB8AU,adadadadada
B0024X60RI,adadadadada
B0024X06XC,adadadadada
B0024WVHCM,adadadadada
B0024WQIIK,adadadadada
B001C7ZZMI,adadadadada
B001C7WPEY,adadadadada
B0BW8KBD43,adadadadada
B0BTRN5YWC,adadadadada
B0BTRM2BHW,adadadadada
B0BTHF73MZ,adadadadada
B0BT9L889J,adadadadada
B0BT4KB5L5,adadadadada
B0BRMYR5PP,adadadadada
B0BQLZ51JF,adadadadada
B0BQLST6KT,adadadadada
B0BQLR75YJ,adadadadada
B0BP9T9K39,adadadadada
B0BP16TCMP,adadadadada
B0BK735X6D,adadadadada
B0BJ1SPMRR,adadadadada
B0B56J69R6,adadadadada
B09TX71TYT,adadadadada
B07N8KC1QY,adadadadada
B07N4MK6XN,adadadadada
B07N4KQBPC,adadadadada
B07MXZBG16,adadadadada
B07LFM4B4T,adadadadada
B07LFLNR1P,adadadadada
B07L2ZLKT2,adadadadada
B07KK5FH85,adadadadada
B07KK5BN25,adadadadada
B07KK53NX8,adadadadada
B07KK44YNM,adadadadada
B07KJZWNV2,adadadadada
B07KJZWCL7,adadadadada
B07KJYPK2M,adadadadada
B07JRCS2LS,adadadadada
B07JQL7XDS,adadadadada
B07J24RZJT,adadadadada
B07H38GMBV,adadadadada
B07GZC4B86,adadadadada
B07GZ7CWY4,adadadadada
B07FQLSXQ1,adadadadada
B07FQ9THWQ,adadadadada
B07DX9TNMJ,adadadadada
B07DX8L4Y5,adadadadada
B07DX6D1FQ,adadadadada
B07BHQ3JB9,adadadadada
B079P8RF2V,adadadadada
B076TP8ZB7,adadadadada
B076DS3QBV,adadadadada
B076DN1T2G,adadadadada
B076DDQYKW,adadadadada
B076D8HVQ8,adadadadada
B0DZXF4MJ4,adadadadada
B0DZSBFL23,adadadadada
B0DZS76CTB,adadadadada
B0DY7R64TJ,adadadadada
B0DXF3ZWX4,adadadadada
B0DW8T5CVM,adadadadada
B0DTYCD9HR,adadadadada
B0DTS93H8G,adadadadada
B0DRJYLB7J,adadadadada
B0DR8WCVNP,adadadadada
B0DQPZGC2Z,adadadadada
B0DQNYNYQH,adadadadada
B0DQCZ14G1,adadadadada
B0DPCX69RB,adadadadada
B0DPC7FF52,adadadadada
B0DP8ZS6WV,adadadadada
B0DN1M77NW,adadadadada
B0DMCJHH44,adadadadada
B0DM4LPSNC,adadadadada
B0DM4JLLCJ,adadadadada
B0DL2Q6QBM,adadadadada
B0DK2RFBN1,adadadadada
B0DK2RBRZH,adadadadada
B0DK2QG2RP,adadadadada
B0DJQWZ1H9,adadadadada
B0DJP6TYV4,adadadadada
B0DHYNRP1G,adadadadada
B0DFPZYNKX,adadadadada
B0DFPZRXSL,adadadadada
B0DF2XC6LN,adadadadada
B0DD7GL67Q,adadadadada
B0DD2QDBGB,adadadadada
B0DBHKLKC2,adadadadada
B0D9PST7J6,adadadadada
B0D9GZ55P8,adadadadada
B0D97QBRRH,adadadadada
B0D946WYDF,adadadadada
B0D8SGZHPM,adadadadada
B0D8J7FC2F,adadadadada
B0D83NX98Z,adadadadada
B0D7S7P98B,adadadadada
B0D7S727P2,adadadadada
B0D7Q5GDDR,adadadadada
B0D6KGVXXR,adadadadada
B0D63CRMK3,adadadadada
B0D5QT2P8Y,adadadadada
B0D5HWMMPH,adadadadada
B0D4QH7VSF,adadadadada
B0CPQ5CPYX,adadadadada
B0CNRP38MM,adadadadada
B0CN35YCRN,adadadadada
B0CKXVVWDV,adadadadada
B0CKNKQ7Q6,adadadadada
B0CJ2PQ7KB,adadadadada
B0CGDFGV93,adadadadada
B0CDH42KNN,adadadadada
B0CB86KSHQ,adadadadada
B0C85T3LL7,adadadadada
B0C77TSSPY,adadadadada
B0C5JJS8P6,adadadadada
B0C5HRRBPH,adadadadada
B0C491X3B5,adadadadada
B0C32P5T63,adadadadada
B0C2S5KSMM,adadadadada
B0B7PBSD64,adadadadada
B0B1JGNT1X,adadadadada
B09WZX1TJK,adadadadada
B09W91NHDK,adadadadada
B09QVZHDK1,adadadadada
B09QBTQYYT,adadadadada
B09LSN4PW9,adadadadada
B09LSMV7CX,adadadadada
B09LDD3KF3,adadadadada
B09JLFF6ZQ,adadadadada
B09GXLDX6T,adadadadada
B09GHDCVZB,adadadadada
B09D1HRH7V,adadadadada
B09CVXFH1D,adadadadada
B099RLDTD2,adadadadada
B094Z7ZBY6,adadadadada
B0BV6MYPQP,adadadadada
B0BTRV1KCQ,adadadadada
B0BTRTL861,adadadadada
B0BTRQ5KRW,adadadadada
B0BTRMGRW6,adadadadada
B0BT2LDY6G,adadadadada
B0BRDJ6DJN,adadadadada
B0BQSN93G3,adadadadada
B0BQFQQ559,adadadadada
B0BKPT286G,adadadadada
B0BKPPSKXM,adadadadada
B0BK3514X5,adadadadada
B0BGT4PP1M,adadadadada
B0BCJMCH3Q,adadadadada
B0BC4RHKKF,adadadadada
B0B95VR7LQ,adadadadada
B0D3XGFVSY,adadadadada
B0D2WDBWSR,adadadadada
B0CZNZ99WF,adadadadada
B0CZDBTC9K,adadadadada
B0CYLVGW54,adadadadada
B0CWKDCLMF,adadadadada
B0CVX97XWZ,adadadadada
B0CVKK2YQJ,adadadadada
B0CV9VS4M5,adadadadada
B0CSDMT7CB,adadadadada
B0CS5XQWVW,adadadadada
B0CS5Q3YLN,adadadadada
B0CRNGLBV2,adadadadada
B0CR5D871Q,adadadadada
B0CR1CRBV3,adadadadada
B0CQYCNGMH,adadadadada
B07ZPSV8Y8,adadadadada
B07ZPSNPBN,adadadadada
B07ZPSLFBS,adadadadada
B07ZPS1275,adadadadada
B07Y1QSRDS,adadadadada
B07VNJFBZ4,adadadadada
B07TPRMLRZ,adadadadada
B07TP57J54,adadadadada
B07TP3GM14,adadadadada
B07TH9GNJY,adadadadada
B07TGTSP9G,adadadadada
B07TGTMTVY,adadadadada
B07TGSP58Q,adadadadada
B07TFSB7TK,adadadadada
B07TCK7LBM,adadadadada
B07TBHZ9NL,adadadadada
B0948HN57D,adadadadada
B08X37GWVM,adadadadada
B08PSHNZPY,adadadadada
B08P3ZCYB3,adadadadada
B08KZJDMG4,adadadadada
B08JJMZ6FC,adadadadada
B08G4D384V,adadadadada
B089F693KK,adadadadada
B088GSYKGM,adadadadada
B0877C88F6,adadadadada
B0874WCZVC,adadadadada
B085ZH1HFB,adadadadada
B085HKRNX6,adadadadada
B0844KMRCC,adadadadada
B083ZR62QW,adadadadada
B082HRPCPV,adadadadada
B07JRD9ZZ8,adadadadada
B07JQMS5VW,adadadadada
B07J34FJFH,adadadadada
B07H38KF8D,adadadadada
B07H18N5L3,adadadadada
B07GX36MCF,adadadadada
B07GVPFG3X,adadadadada
B07GL656LQ,adadadadada
B07FQ6T65F,adadadadada
B07DYHDK5M,adadadadada
B07DXL49PR,adadadadada
B07DXK3T4C,adadadadada
B07DXD6YT8,adadadadada
B07DXCYSD2,adadadadada
B07DX8WZW4,adadadadada
B07DX8WQFY,adadadadada
B0140MYM2U,adadadadada
B0140LUWIY,adadadadada
B01049RGNU,adadadadada
B00GYSQ9L6,adadadadada
B00GYONI4Q,adadadadada
B00A1GD7PS,adadadadada
B007KFNUNM,adadadadada
B005K8Y4T0,adadadadada
B005GN80EY,adadadadada
B0024X8J22,adadadadada
B0024WJ6SY,adadadadada
B0024WIY0A,adadadadada
B000XPX3RO,adadadadada
B000W8JL9Q,adadadadada
B07T8G3GHW,adadadadada
B07QWN7HFB,adadadadada
B07PY1S8XB,adadadadada
B07N964728,adadadadada
B07MY1J69J,adadadadada
B07MXZZRTW,adadadadada
B07MXZQXQ6,adadadadada
B07MXZHWCB,adadadadada
B07MK3YC2Y,adadadadada
B07LFL8WM4,adadadadada
B07LFKZRJL,adadadadada
B07L37ZL2Z,adadadadada
B07KWR2PTD,adadadadada
B07KK67HHF,adadadadada
B07KJZWNVS,adadadadada
B07KJYPRC6,adadadadada
B0DZS9F77V,adadadadada
B0DXTTN2RD,adadadadada
B0DXTMYD3S,adadadadada
B0DWMTBPZG,adadadadada
B0DWFNNXZC,adadadadada
B0DTP9BZCS,adadadadada
B0DSVSJSMF,adadadadada
B0DSTPSLPR,adadadadada
B0DRNDHLL3,adadadadada
B0DRJZ44D2,adadadadada
B0DRJYJ831,adadadadada
B0DRJVR1YL,adadadadada
B0DR8WZN2X,adadadadada
B0DR1JGJJF,adadadadada
B0DQL68KM9,adadadadada
B0DQKFKMDC,adadadadada
B07DX7NJ7W,adadadadada
B07DX6CLX3,adadadadada
B07D417W8W,adadadadada
B078XPH8F3,adadadadada
B078XNQSCD,adadadadada
B076HGHXM7,adadadadada
B01N756S1J,adadadadada
B01N52F9BF,adadadadada
B01N2GUF39,adadadadada
B01MSM1WIQ,adadadadada
B01M0QO7YY,adadadadada
B01M056GDR,adadadadada
B01LYGQCQI,adadadadada
B019439MY8,adadadadada
B018MQY612,adadadadada
B0140MYNUQ,adadadadada
B0DQCW17MY,adadadadada
B0DPJQDZ1L,adadadadada
B0DPHDL5M9,adadadadada
B0DPHCM8PT,adadadadada
B0DPH6CTFZ,adadadadada
B0DPFMKVBW,adadadadada
B0DP4H7WDW,adadadadada
B0DN1C1K34,adadadadada
B0DHVXT4CM,adadadadada
B0DHS27QN3,adadadadada
B0DGV9XXQS,adadadadada
B0D9GS7W61,adadadadada
B0D8RLQG33,adadadadada
B0D7S5VQ4Y,adadadadada
B0D6GLPS5Z,adadadadada
B0D1C5RN41,adadadadada
B0CYYYYN7X,adadadadada
B0CX5BBSF9,adadadadada
B0CX52PGHK,adadadadada
B0CWRRPRG3,adadadadada
B0CW9FZ6B4,adadadadada
B0CW3LJXM1,adadadadada
B0CVXGZFC2,adadadadada
B0CV9HTS4P,adadadadada
B0CTTQ1SL9,adadadadada
B0CTG3K3KX,adadadadada
B0CSCY934L,adadadadada
B0CS87LX68,adadadadada
B0CRNGVV43,adadadadada
B0CRK66RS6,adadadadada
B0CPPVS55J,adadadadada
B0CP5TTT3T,adadadadada
B0BTLZJZWW,adadadadada
B0BT297KQP,adadadadada
B0BRDHY4CF,adadadadada
B0BRDHDK88,adadadadada
B0BRDGDN1H,adadadadada
B0BRDFM1TL,adadadadada
B0BR63SN26,adadadadada
B0BQLSHX7M,adadadadada
B0BPNGZMM4,adadadadada
B0BPNGV9CC,adadadadada
B0BPNGTT5F,adadadadada
B0BPNFXTTM,adadadadada
B0BM5X6H1P,adadadadada
B0BKPY6W45,adadadadada
B0BKPQ788N,adadadadada
B0BKPMJV27,adadadadada
B09QH755T9,adadadadada
B09M7ZCYMR,adadadadada
B09M7XR65L,adadadadada
B09BTQDVSZ,adadadadada
B09B3GKKMD,adadadadada
B08XYMWSDX,adadadadada
B08QYYYY8H,adadadadada
B08KGTVYKH,adadadadada
B08F9V4Y9Q,adadadadada
B08F1WH7SD,adadadadada
B089F63M2D,adadadadada
B087X63RTN,adadadadada
B0874WT48F,adadadadada
B0874WMSSZ,adadadadada
B082DS2YD5,adadadadada
B081LNKMGD,adadadadada
B0BK75LVBK,adadadadada
B0BGT65HG3,adadadadada
B0BGT4R9BR,adadadadada
B0BGT3CFHR,adadadadada
B0BGS8TT4W,adadadadada
B0BG3X2FHB,adadadadada
B0B7ZWTF6T,adadadadada
B0B79KL65M,adadadadada
B0B6Z2L756,adadadadada
B0B628MFFR,adadadadada
B0B2ZMNVP7,adadadadada
B0B1JGDQ1Z,adadadadada
B09ZNP326V,adadadadada
B09ZNMBKY4,adadadadada
B09Z4S2QSX,adadadadada
B09R645KDH,adadadadada
B0CLY6D26C,adadadadada
B0CLV9D6WF,adadadadada
B0CH5KTFXL,adadadadada
B0C9JCCY9Y,adadadadada
B0C65MT1T2,adadadadada
B0C3893VRN,adadadadada
B0BTS14XK7,adadadadada
B0BTRWNB41,adadadadada
B0BTRV78QG,adadadadada
B0BTRTZV82,adadadadada
B0BTRQ4JPX,adadadadada
B0BTRNC6SY,adadadadada
B0BTRN6X3J,adadadadada
B0BTRN38XM,adadadadada
B0BTN64Y3J,adadadadada
B0BTM1XRBS,adadadadada
B07ZPRS69V,adadadadada
B07ZDMLKGQ,adadadadada
B07YSX5XD9,adadadadada
B07YKR7ZT6,adadadadada
B07TGTYL6Y,adadadadada
B07TGSMF2P,adadadadada
B07TFSMXZ4,adadadadada
B07TDP5KSW,adadadadada
B07TDP4MRR,adadadadada
B07TCK949B,adadadadada
B07T9H5P4L,adadadadada
B07T2PYR6D,adadadadada
B07QZTJ69L,adadadadada
B07QYPL8S5,adadadadada
B07P68FZ78,adadadadada
B07NH8H7W3,adadadadada
B07NG1Z1MQ,adadadadada
B07N8LZFVP,adadadadada
B07N4K5BLQ,adadadadada
B07MY1CW7M,adadadadada
B07MY1BV7X,adadadadada
B07MXZY4JT,adadadadada
B07MXZWCYS,adadadadada
B07MXZPG22,adadadadada
B07MXZ4LQ1,adadadadada
B07M8Q4JVT,adadadadada
B07M5JKQ8N,adadadadada
B07LFMWSXR,adadadadada
B07LFKQ398,adadadadada
B07KWR6BFC,adadadadada
B07KK5FY6W,adadadadada
B07KK5FH79,adadadadada
B01049YTB2,adadadadada
B00GXTY9X6,adadadadada
B0095FYHGE,adadadadada
B003AVCFRC,adadadadada
B002E58X6M,adadadadada
B0024WL95W,adadadadada
B07KK5BN16,adadadadada
B07KJZWK3N,adadadadada
B07KJZWK3J,adadadadada
B07H1851H3,adadadadada
B07GWV7JY1,adadadadada
B07GTHP7J2,adadadadada
B07GTH2D2K,adadadadada
B07FGPFV27,adadadadada
B07DYDXMKW,adadadadada
B07DYDTJ1R,adadadadada
B07DXG6GSL,adadadadada
B07DXCYV2Y,adadadadada
B07DX8MSV6,adadadadada
B07DRRQ1MS,adadadadada
B07DCFLNH4,adadadadada
B07DCF5GTM,adadadadada
B0DP342TSX,adadadadada
B0DN8SHRCL,adadadadada
B0DM4MC97W,adadadadada
B0DM4LRQZC,adadadadada
B0DKN4J3DK,adadadadada
B0DK9GMHTL,adadadadada
B0DK2ZHXSS,adadadadada
B0DJQXZ6MP,adadadadada
B0DHTF924P,adadadadada
B0DHTD3MWD,adadadadada
B0DHL5XJD6,adadadadada
B0DDHFH5YW,adadadadada
B0DDHBV96T,adadadadada
B0DCVCQQMQ,adadadadada
B0DBYTLQ25,adadadadada
B0DBCBFFTW,adadadadada
B07DCDPSTY,adadadadada
B07DCD5K5K,adadadadada
B07DCD1Z1J,adadadadada
B07D3ZXJZY,adadadadada
B07D3ZP397,adadadadada
B07BN42LXC,adadadadada
B076DRHC71,adadadadada
B076DFN2ML,adadadadada
B076DFKTG4,adadadadada
B06XK449WG,adadadadada
B06XDVQQMD,adadadadada
B01N142X7E,adadadadada
B01LX5TCW6,adadadadada
B01B244EPE,adadadadada
B01B2446K2,adadadadada
B019439NTM,adadadadada
B0C8HTVX9T,adadadadada
B0C4583PPS,adadadadada
B0C36N68VZ,adadadadada
B0BZYGXR2K,adadadadada
B0BY8FSSLR,adadadadada
B0BTSWMNYW,adadadadada
B0BTRWY1NL,adadadadada
B0BTRQ2TH3,adadadadada
B0BTRQ2FBL,adadadadada
B0BTRKTFG5,adadadadada
B0BSM9SB9W,adadadadada
B0BQPWNP1H,adadadadada
B0BPNHDXBB,adadadadada
B0BPNH8YGW,adadadadada
B0BPNH2FBJ,adadadadada
B0BPNGVM6Q,adadadadada
B0CXX9P2BH,adadadadada
B0CX4XHVLM,adadadadada
B0CWV9T6P9,adadadadada
B0CWTWLZ1R,adadadadada
B0CWTRFY7K,adadadadada
B0CWK8J28W,adadadadada
B0CVX6FMNC,adadadadada
B0CTZMZW4K,adadadadada
B0CTKHG748,adadadadada
B0CTGBB1QM,adadadadada
B0CSVVGSDH,adadadadada
B0CSF78Y54,adadadadada
B0CSD96G1Z,adadadadada
B0CS5SSSJ9,adadadadada
B0CRHYVDNM,adadadadada
B0CR1DK3Y6,adadadadada
B0DZCNF44M,adadadadada
B0DXQ2TPS3,adadadadada
B0DXKLK3YZ,adadadadada
B0DWN2DKM3,adadadadada
B0DWJG1S64,adadadadada
B0DV1VCDPZ,adadadadada
B0DT9L52P2,adadadadada
B0DRPLZVRH,adadadadada
B0DRJ49PNJ,adadadadada
B0DQV17GGV,adadadadada
B0DQNJ8VTZ,adadadadada
B0DQ7JCG1W,adadadadada
B0DPZG8NLJ,adadadadada
B0DP8ZS9RC,adadadadada
B09Z7F6LRT,adadadadada
B09WHW9TNP,adadadadada
B09VW7KTN3,adadadadada
B09S8JN4H1,adadadadada
B09RDS6LYB,adadadadada
B09QH7NQXB,adadadadada
B09P3DBY4Y,adadadadada
B09NR88BFV,adadadadada
B09NNG2GB2,adadadadada
B09NNDCFFF,adadadadada
B09MQXQDRR,adadadadada
B09M814V3X,adadadadada
B09LS1J214,adadadadada
B09DFM7F3H,adadadadada
B09DFH8KXW,adadadadada
B09D4T8BD7,adadadadada
B0D94NZL8X,adadadadada
B0D93V6Y12,adadadadada
B0D92XLCRH,adadadadada
B0D91JBS84,adadadadada
B0D8VRT9BZ,adadadadada
B0D8J6YCD4,adadadadada
B0D7QR87Q1,adadadadada
B0D6KG6RYX,adadadadada
B0D6KG44DM,adadadadada
B0D6KFQLLY,adadadadada
B0D6J7247M,adadadadada
B0D4CXYLDZ,adadadadada
B0D3KW64B6,adadadadada
B0CZLJ1SX5,adadadadada
B0CZDLRBQ4,adadadadada
B0CYGTN4H4,adadadadada
B0CQYVVS8S,adadadadada
B0CQY6D9PX,adadadadada
B0CQY4ZQPJ,adadadadada
B0CQXPSCLC,adadadadada
B0CQJT6ZDM,adadadadada
B0CPV4Z1GT,adadadadada
B0CN8YMW5C,adadadadada
B0CMVZKJRW,adadadadada
B0CMVR72DM,adadadadada
B0CKXBW6QN,adadadadada
B0CJRDLZYJ,adadadadada
B0CGQWKMGK,adadadadada
B0CG6P6P7H,adadadadada
B0CD7LTST1,adadadadada
B0CBPZ839X,adadadadada
B0C9JBPZMQ,adadadadada
B099RKSBCJ,adadadadada
B099RJT5TP,adadadadada
B097NNZPWG,adadadadada
B0967W17HR,adadadadada
B09672Q5KQ,adadadadada
B0948KHP21,adadadadada
B08R17J2YS,adadadadada
B08P832T63,adadadadada
B08P7ZZ2P8,adadadadada
B087CGR6NG,adadadadada
B0874WF9H7,adadadadada
B0874W9JNW,adadadadada
B086PWKHSG,adadadadada
B085H8C5WG,adadadadada
B084RLMN3M,adadadadada
B083ZSNC4S,adadadadada
B0BPNFYQPP,adadadadada
B0BPNFNBLP,adadadadada
B0BNWFFP27,adadadadada
B0BN7C3P3C,adadadadada
B0BN7B42PM,adadadadada
B0BM3P5B6S,adadadadada
B0BKPSB5CC,adadadadada
B0BKPRRJ13,adadadadada
B0BHXJ5MJM,adadadadada
B0BGT5WYCM,adadadadada
B0BCV6XR73,adadadadada
B0BB8S7YF4,adadadadada
B0B823T8FB,adadadadada
B0B1PH26KL,adadadadada
B0B1JGYDHK,adadadadada
B0B1JGWM16,adadadadada
B07MXW3KJT,adadadadada
B07MCVYCFV,adadadadada
B07M864DS9,adadadadada
B07LFMNLC3,adadadadada
B07LFMHQFN,adadadadada
B07LFLPBBV,adadadadada
B07LFLKMJ6,adadadadada
B07LFBKXGD,adadadadada
B07LFB35YW,adadadadada
B07LB92PFT,adadadadada
B07LB912KW,adadadadada
B07LB8H9MG,adadadadada
B07L37TM9B,adadadadada
B07KWQ3DDR,adadadadada
B07KCXPXTQ,adadadadada
B07JQWF2FT,adadadadada
B083ZRRVZX,adadadadada
B083ZR13SM,adadadadada
B083ZQYVWH,adadadadada
B083X65J5W,adadadadada
B083VWB39B,adadadadada
B07ZPT5RKR,adadadadada
B07ZPT1TVC,adadadadada
B07ZPSQ4CG,adadadadada
B07ZPS5YZX,adadadadada
B07Y1QYCNH,adadadadada
B07XNBL85R,adadadadada
B07W1WM51R,adadadadada
B07VVQ4SKC,adadadadada
B07VB1Z9SM,adadadadada
B07TKZN5L9,adadadadada
B07TDQ4CGS,adadadadada
B07T8DKPB9,adadadadada
B07T8DHBXR,adadadadada
B07RKYB8SF,adadadadada
B07QVMZ5G5,adadadadada
B07QS5RHH1,adadadadada
B07QMTXNFJ,adadadadada
B07PXV28YQ,adadadadada
B07PWVVJL3,adadadadada
B07P15Y6NT,adadadadada
B07NV14L7W,adadadadada
B07N4LFGZH,adadadadada
B07MY1FWTC,adadadadada
B07MY15V5L,adadadadada
B07MXZT5XK,adadadadada
B07MXZPB3B,adadadadada
B07MXZ9D1Z,adadadadada
B07JCRLB69,adadadadada
B07HL9JNQ7,adadadadada
B07GL8FXZ1,adadadadada
B07DXL49Q8,adadadadada
B07DX8MVNK,adadadadada
B07DX8MQF1,adadadadada
B07DCF1NTY,adadadadada
B07DCDZN66,adadadadada
B07DCDFTFC,adadadadada
B07DCDCKV1,adadadadada
B07DCDBHZB,adadadadada
B07DCD4JWV,adadadadada
B07DCCTQ6C,adadadadada
B07DCCBP8W,adadadadada
B07DCC1NPJ,adadadadada
B07D3ZMR25,adadadadada
B01MQJ175M,adadadadada
B01MFCS7KP,adadadadada
B01LZM7U1K,adadadadada
B01LZFS5TW,adadadadada
B01LXHIAU4,adadadadada
B01IC20MXC,adadadadada
B01B244B84,adadadadada
B019439UOA,adadadadada
B019439KQS,adadadadada
B019437OJI,adadadadada
B018MQY2IY,adadadadada
B018MOCYKY,adadadadada
B00TQZAZRI,adadadadada
B00F6DYL7E,adadadadada
B007KFMGX2,adadadadada
B0024WXI8S,adadadadada
B07C91PW24,adadadadada
B07BQMZ4XP,adadadadada
B07BQ63CVK,adadadadada
B07BL6CPVV,adadadadada
B07BL5QMH5,adadadadada
B079PB7L97,adadadadada
B076HLMFVS,adadadadada
B076DFK6DR,adadadadada
B076D8HHSP,adadadadada
B075X3PV5Q,adadadadada
B0758QPFKB,adadadadada
B074ZN3MPM,adadadadada
B073TPF96Q,adadadadada
B06XKH5QKJ,adadadadada
B06XDTHPSH,adadadadada
B01MTNIMX6,adadadadada
B0CCNBKFJB,adadadadada
B08T6PGFTR,adadadadada
B07BDR46FQ,adadadadada
B000LO8NVI,adadadadada
B07TQ86VXV,adadadadada
B0F4XJ7RJT,adadadadada
B0F2J34CV8,adadadadada
B0F28QHVXH,adadadadada
B0F24L4D83,adadadadada
B081LN8254,adadadadada
B07F9687DR,adadadadada
B07LB8TMS8,adadadadada
B07FWXD651,adadadadada
B0F24C33MB,adadadadada
B0F21SCWV7,adadadadada
B0DXBP9S1K,adadadadada
B0024WQ3GW,adadadadada
B0024WLNGM,adadadadada
B001C7YCPE,adadadadada
B001C7WP4E,adadadadada
B000XPX608,adadadadada
B000AUU4S8,adadadadada
B0F4XTQDG4,adadadadada
B0DZP1C844,adadadadada
B0DWFHJ41W,adadadadada
B0DTQ4ZJC8,adadadadada
B0DSLW43XG,adadadadada
B0DSBTK7N8,adadadadada
B0DRV1RPT2,adadadadada
B0DQPVJ9F9,adadadadada
B0DPZWWR2V,adadadadada
B0DPJVRSM2,adadadadada
B0DPQRBTM3,adadadadada
B0DPHB3THT,adadadadada
B0DP26CFWP,adadadadada
B0DNDQQGBY,adadadadada
B0DN183NXV,adadadadada
B0DMW3G49S,adadadadada
B0DM68TK3Q,adadadadada
B0DLL622HH,adadadadada
B0DLBN9M6Y,adadadadada
B0DK94RQ4T,adadadadada
B0DK8T8Y59,adadadadada
B0DGPWK4X3,adadadadada
B0DG8K4GY2,adadadadada
B0DDKST96T,adadadadada
B0DCBHRYKR,adadadadada
B0D9QW2VS2,adadadadada
B0F18TV89N,adadadadada
B0DYTBFQ5T,adadadadada
B0DXJQS2F6,adadadadada
B0DW9DJD6H,adadadadada
B0DRQYDC6T,adadadadada
B0DR157SSK,adadadadada
B0CTZSTJTW,adadadadada
B0CSDQ9HTP,adadadadada
B0CSDPKGXH,adadadadada
B0CS5VZNRW,adadadadada
B0CS56GHGB,adadadadada
B0CQK65TLV,adadadadada
B0CNKR1P65,adadadadada
B0CNKQX3FG,adadadadada
B0CMZWKSWH,adadadadada
B0CMCVLYJ3,adadadadada
B0CL6RYSV8,adadadadada
B0CL5V4H1G,adadadadada
B0CFVC2N8N,adadadadada
B0CCVV79JZ,adadadadada
B0CB418G9J,adadadadada
B0C9MGJRFV,adadadadada
B0DW84DD13,adadadadada
B0DTK87BJD,adadadadada
B0DTJZBLFN,adadadadada
B0DTJ657NF,adadadadada
B0DTHWF8TW,adadadadada
B0DSVT1LPV,adadadadada
B0DRMZDDY4,adadadadada
B0DRLC67NN,adadadadada
B0DRJZ1GSV,adadadadada
B0DRJXBB6X,adadadadada
B0DRJV51CS,adadadadada
B0DRDBKJSX,adadadadada
B0DQZV4K6K,adadadadada
B0DQCZHD23,adadadadada
B0DQ4B3JWX,adadadadada
B0DPWN7YTS,adadadadada
B08R6192TZ,adadadadada
B08NPFVM8V,adadadadada
B08N4DLXDW,adadadadada
B08KHZ8YXV,adadadadada
B08JQ5CTBM,adadadadada
B08FXZ91XJ,adadadadada
B08B511SQN,adadadadada
B089F5B5T1,adadadadada
B0878ZJXRM,adadadadada
B08594MWLR,adadadadada
B084ZZBMFB,adadadadada
B083ZSH29V,adadadadada
B07ZDMFT6B,adadadadada
B07Z8BM8S3,adadadadada
B07YKRVSGF,adadadadada
B07VWNPZ5M,adadadadada
B0D9N5JBF2,adadadadada
B0D4Z5TW6Y,adadadadada
B0D3WT2G2D,adadadadada
B0D2LCJZ8V,adadadadada
B0D2KLFMRQ,adadadadada
B0D1KJQ7K5,adadadadada
B0D12VJB3Q,adadadadada
B0CZNF9SYW,adadadadada
B0CZDHPHYG,adadadadada
B0CYGTYB2J,adadadadada
B0CY6C6GN1,adadadadada
B0CW9QT67W,adadadadada
B0CVNP3D8M,adadadadada
B0CVHCPV2G,adadadadada
B0CV36XT8W,adadadadada
B0CTZX1BFY,adadadadada
B0BXRQX8LY,adadadadada
B0BXQWDF2T,adadadadada
B0BXCKKH66,adadadadada
B0BWXNSPGJ,adadadadada
B0BWCP3N8W,adadadadada
B0BW2ZGMRT,adadadadada
B0BTVQCNZ3,adadadadada
B0BTRTK972,adadadadada
B0BRGM4NFF,adadadadada
B0BRDK5BRJ,adadadadada
B0BQQ4NRCH,adadadadada
B0BPNHL67C,adadadadada
B0BPNH8ZHQ,adadadadada
B0BPNGCMKK,adadadadada
B0BPNGBWFZ,adadadadada
B0BNVPXQ79,adadadadada
B0C8TKVNH6,adadadadada
B0C8HW2Q9W,adadadadada
B0C6WTCZD8,adadadadada
B0C6SMCZTS,adadadadada
B0C6SLLV2X,adadadadada
B0C69RSD8F,adadadadada
B0C5PYKDDX,adadadadada
B0C4DM7N6J,adadadadada
B0C44V3Q9N,adadadadada
B0C3HDFC74,adadadadada
B0C2V94L7C,adadadadada
B0C1Z6Y4C3,adadadadada
B0BZYJT4J2,adadadadada
B0BZNNC7W8,adadadadada
B0BZNN3MDM,adadadadada
B0BYRFLW8R,adadadadada
B07KJZWFPL,adadadadada
B07KJYKF7D,adadadadada
B07JR99HL3,adadadadada
B07JKDDX62,adadadadada
B07H37SVCK,adadadadada
B07GZB3W33,adadadadada
B07GX2887B,adadadadada
B07GTGZHL6,adadadadada
B07GLF9PRW,adadadadada
B07FQ9T84N,adadadadada
B07FP157YN,adadadadada
B07DXKF7T8,adadadadada
B07DXJVD9Y,adadadadada
B07DXCYTHC,adadadadada
B07DXCRK2L,adadadadada
B07DX96DFD,adadadadada
B07DCDQ5XP,adadadadada
B07DCD8HGJ,adadadadada
B07DCD8F82,adadadadada
B07DCD448Q,adadadadada
B07DCD2BZJ,adadadadada
B07DCCQ7PF,adadadadada
B07D41GGSL,adadadadada
B07D41FGXY,adadadadada
B07D3ZSJ8T,adadadadada
B07D3ZN98Q,adadadadada
B07D3ZK1WB,adadadadada
B07BNXRNVN,adadadadada
B07B433FS6,adadadadada
B079P9S2V3,adadadadada
B076TJ11FP,adadadadada
B076DFJM93,adadadadada
B09M7ZMRB4,adadadadada
B09M7XMGVX,adadadadada
B09LSNW6JF,adadadadada
B09LD9B4B7,adadadadada
B09K4JCKYS,adadadadada
B09J1RYY33,adadadadada
B09DGB4CXZ,adadadadada
B09D1LRYCS,adadadadada
B09BSVY6DQ,adadadadada
B09BJH6QSP,adadadadada
B09BJFV4ZS,adadadadada
B09B3HHJLD,adadadadada
B0948KRFYG,adadadadada
B0948KM3RB,adadadadada
B08VNFZ3ZQ,adadadadada
B08VN24PKY,adadadadada
B01N2OTG29,adadadadada
B01N0DTSAX,adadadadada
B01MXL9LA5,adadadadada
B01MTNIMR3,adadadadada
B01MSSOKSK,adadadadada
B01MRKG4A2,adadadadada
B01MF62MR3,adadadadada
B01M6C1WPD,adadadadada
B01M11V5Y0,adadadadada
B01M11V5WK,adadadadada
B01M0QQ0YD,adadadadada
B01M0QOCMV,adadadadada
B01LYSD3CU,adadadadada
B01LWIBEMB,adadadadada
B01HSCZOA8,adadadadada
B01AMN9T24,adadadadada
B0BN6Z1T58,adadadadada
B0BK77WHQZ,adadadadada
B0BK75XH6V,adadadadada
B0BK73J9Y3,adadadadada
B0BK73B6KS,adadadadada
B0BJ6G2C6X,adadadadada
B0BHS6MR48,adadadadada
B0BGT5FQ7V,adadadadada
B0BGT4FP2B,adadadadada
B0BGT3QNQW,adadadadada
B0BGT3P9XP,adadadadada
B0B75Q9298,adadadadada
B0B5JYP2FB,adadadadada
B09TX7NKBS,adadadadada
B09RGJSZWH,adadadadada
B09QKTN66Y,adadadadada
B019437JM0,adadadadada
B018MOCKO4,adadadadada
B013IMPSGW,adadadadada
B0087AD1E2,adadadadada
B005GN7MV6,adadadadada
B004BTFFII,adadadadada
B004A6753A,adadadadada
B004A3FE6S,adadadadada
B0024XI97M,adadadadada
B0024X5JNO,adadadadada
B0024WZQ1K,adadadadada
B0024WOZNK,adadadadada
B001G70FLU,adadadadada
B000XPV7OA,adadadadada
B076DF1GM1,adadadadada
B076DF11X8,adadadadada
B076D8PCKT,adadadadada
B076D879JW,adadadadada
B076D879G3,adadadadada
B076BVD3ZQ,adadadadada
B076BV3KX6,adadadadada
B076BT8MZL,adadadadada
B075X3NCCD,adadadadada
B072MQZBXD,adadadadada
B071LN2JQJ,adadadadada
B01NACQO0F,adadadadada
B01N8RYKNS,adadadadada
B01N759FZE,adadadadada
B01N63TORO,adadadadada
B01N2RRJJF,adadadadada
B07T8CHVYL,adadadadada
B07QWJQ11T,adadadadada
B07QK3MQR7,adadadadada
B07Q8XL3KZ,adadadadada
B07PYZSDTW,adadadadada
B07PYRNF2P,adadadadada
B07P5HRVYM,adadadadada
B07N4LHR1H,adadadadada
B07N4KWWD2,adadadadada
B07N4KP4WV,adadadadada
B07MXZ9P1P,adadadadada
B07MXZ9LP4,adadadadada
B07LFJY1K1,adadadadada
B07KRTPGBY,adadadadada
B07KK5FY68,adadadadada
B07KK4F3GY,adadadadada
B07RFQY4Z9,adadadadada
B07QZTHL3N,adadadadada
B07MY18HVP,adadadadada
B076DRHC7G,adadadadada
B0DZH1DGX2,adadadadada
B0DYF2NY6D,adadadadada
B0DW8SGSQ6,adadadadada
B0DW8S5B7Q,adadadadada
B0DRNVKG6Z,adadadadada
B07VTRDDBP,adadadadada
B07VBYNS1N,adadadadada
B07V3TSGQG,adadadadada
B07TFTDYY5,adadadadada
B07TDPG426,adadadadada
B07TCL1W3J,adadadadada
B07TCKW2MK,adadadadada
B07TCKJN12,adadadadada
B07TC1PFMZ,adadadadada
B07TBJ63QH,adadadadada
B07TBHX7SL,adadadadada
B07T9J37B3,adadadadada
B07T9HNMNQ,adadadadada
B07T8G36Y3,adadadadada
B07T8G2J34,adadadadada
B07T8DWCF1,adadadadada
B07B3KCW37,adadadadada
B00WL0APHK,adadadadada
B0F2MJMZ58,adadadadada
B0F12WDKZN,adadadadada
B0DZP1N12T,adadadadada
B0DZD8W6B5,adadadadada
B0DZ2DRW8G,adadadadada
B0F2HQMHBK,adadadadada
B0DY14R4XJ,adadadadada
B0DTJY3RHC,adadadadada
B0DRNQMVKP,adadadadada
B0DQKDMGY5,adadadadada
B0DPHD5B7D,adadadadada
B0F4WSRL1G,adadadadada
B0F3JB1WGV,adadadadada
B0F18D849H,adadadadada
B0F144KM4Z,adadadadada
B0DWMV7693,adadadadada
B0DSL6382G,adadadadada
B0DZT7K32W,adadadadada
B0DTJ49RF1,adadadadada
B0DQNJ586X,adadadadada
B0DP8Z855C,adadadadada
B0DHTFTKKJ,adadadadada
B0DHTFCJ4F,adadadadada
B0DGWZGSQW,adadadadada
B0DD2WQTLF,adadadadada
B0D9LTJLG9,adadadadada
B0D8B6CR3K,adadadadada
B0D814X1FM,adadadadada
B0DZNPFYVQ,adadadadada
B0DX1SY28Q,adadadadada
B0DSW29WNP,adadadadada
B0DSB97ZQZ,adadadadada
B0DRTZWX7Z,adadadadada
B0DQNRJPVQ,adadadadada
B0DPYNVMY3,adadadadada
B0DPHDLGQ4,adadadadada
B0DP91VWSG,adadadadada
B0DMFRQ138,adadadadada
B0DQ4BL2WL,adadadadada
B0DQ125CCF,adadadadada
B0DPW95LBX,adadadadada
B0DPHF2HVX,adadadadada
B0DPHCCV7S,adadadadada
B0DMW35BN3,adadadadada
B0DMVM3QXH,adadadadada
B0DMJ56LMR,adadadadada
B0DMF2R5LL,adadadadada
B0DLNSSPY5,adadadadada
B0DK692WP8,adadadadada
B0DK2RP13C,adadadadada
B0DK2RC4HZ,adadadadada
B0DK2QYJLP,adadadadada
B0DJSFKRQ5,adadadadada
B0DH1QZMH5,adadadadada
B0DG8JVC6M,adadadadada
B0DFQ3RY8W,adadadadada
B0DFPV2QLN,adadadadada
B0DFLQXHHJ,adadadadada
B0DFKKHVZR,adadadadada
B0DF16VBPP,adadadadada
B0DDXRMXTN,adadadadada
B0DCJTR9XL,adadadadada
B0D8VV72JJ,adadadadada
B0D8PP37RV,adadadadada
B0D89XSGYD,adadadadada
B0D8798WNL,adadadadada
B0D6R5CDDW,adadadadada
B0D3X86ZCM,adadadadada
B0D3PPNJV9,adadadadada
B0D2R71QHM,adadadadada
B0D12RKHFN,adadadadada
B0D12MXBL8,adadadadada
B0CZNZK46M,adadadadada
B0CZ3J2Y4L,adadadadada
B0CYHF4NW4,adadadadada
B0CY5KS3FF,adadadadada
B0CY5GFSWD,adadadadada
B0CXTGQQF5,adadadadada
B0CXHFXQF9,adadadadada
B0CX8NTVGW,adadadadada
B0CWMKGSMM,adadadadada
B0CW3PH917,adadadadada
B0CTZR6G6Y,adadadadada
B0CTGZ5ZJN,adadadadada
B0CSFRZ1VN,adadadadada
B0CSDNZQ58,adadadadada
B0CS5X6QKT,adadadadada
B0CR1CVQR2,adadadadada
B0CR1BX49S,adadadadada
B0CQ837R4V,adadadadada
B0CPKHYT3Z,adadadadada
B0CPJMK8LF,adadadadada
B0CP7XC369,adadadadada
B0CNYY79FR,adadadadada
B0CNR7HLXW,adadadadada
B0CNKQR81K,adadadadada
B0CMHHJZZR,adadadadada
B0CLVDCLYH,adadadadada
B0CKYX428X,adadadadada
B0CJXPSYK7,adadadadada
B0CFTR6BCH,adadadadada
B0CFH521G3,adadadadada
B0BGT7P3DR,adadadadada
B0BGT62MP5,adadadadada
B0BGT5P5FR,adadadadada
B0BGT4VQTV,adadadadada
B0BGT4KDK5,adadadadada
B0BGT3XG3R,adadadadada
B0BGT3PYQX,adadadadada
B0BGT3LCMR,adadadadada
B0BGT3DZCZ,adadadadada
B0BGT39W5P,adadadadada
B0B9S1KJHH,adadadadada
B0B8MFTW3R,adadadadada
B0B41FQPFR,adadadadada
B0B3RDH7FZ,adadadadada
B0B2WJ8DW4,adadadadada
B09XGTHQP9,adadadadada
B0CDPWC4G2,adadadadada
B0CBTJ1PB2,adadadadada
B0CBTH1W7L,adadadadada
B0C9SZGYYJ,adadadadada
B0C9LCVJZM,adadadadada
B0C2CLR9CM,adadadadada
B0BXCLPGWW,adadadadada
B0BTRY6BK4,adadadadada
B0BTRT89LW,adadadadada
B0BTRMPHGD,adadadadada
B0BTPX5RSL,adadadadada
B0BT3NFXM6,adadadadada
B0BSV77C31,adadadadada
B0BSP372HW,adadadadada
B0BSL6XQHY,adadadadada
B0BSL5CXK9,adadadadada
B0BS2J137D,adadadadada
B0BRSKCG31,adadadadada
B0BRRNMMR6,adadadadada
B0BPNFNDP9,adadadadada
B0BPNFKK1N,adadadadada
B0BPHD9PQ3,adadadadada
B0BN7V21GK,adadadadada
B0BN78ZT46,adadadadada
B0BM54CCXH,adadadadada
B0BLG9662P,adadadadada
B0BKRCKM3H,adadadadada
B0BK73B6KY,adadadadada
B0BJC9HS8P,adadadadada
B0BHT22C5K,adadadadada
B0BHT1J8FF,adadadadada
B0BHSX5SPD,adadadadada
B0F249ZWND,adadadadada
B0DZP2Z1SK,adadadadada
B0DZP1QXKS,adadadadada
B0DYY1DQXL,adadadadada
B0DYJJTRH7,adadadadada
B0DT1DPMZS,adadadadada
B0DSVSB1P7,adadadadada
B0DSSRYDJ7,adadadadada
B0DSKY5KS4,adadadadada
B0DRJXRH8S,adadadadada
B0DR2WSH9J,adadadadada
B0DR1KY65G,adadadadada
B0DQCXWR3T,adadadadada
B0DQCXTX4Q,adadadadada
B0DQ4C1GPM,adadadadada
B07ZWPM5SZ,adadadadada
B07YGS3S4F,adadadadada
B07VXVKR6R,adadadadada
B07VXNRD9J,adadadadada
B07VXM1DHZ,adadadadada
B07VWND7SC,adadadadada
B07V7W5FZ7,adadadadada
B07TH9J6P7,adadadadada
B07TBJJL8N,adadadadada
B07RV9CZDQ,adadadadada
B07RKYB6MG,adadadadada
B07RG8CWHP,adadadadada
B07RFR1B59,adadadadada
B07RDPQCVX,adadadadada
B07QVMYZ5B,adadadadada
B07QVMYY9K,adadadadada
B09WGTK3D8,adadadadada
B09W2JQXXQ,adadadadada
B09TTH9Y6S,adadadadada
B09TTFGWH2,adadadadada
B09M7XRDLR,adadadadada
B09LQ8F1J1,adadadadada
B09L9BYRBG,adadadadada
B0948KJW8L,adadadadada
B08WKBY4JJ,adadadadada
B08R39PTCF,adadadadada
B08NFDL5D3,adadadadada
B08LQLWSDG,adadadadada
B08BF9P6X9,adadadadada
B08B892565,adadadadada
B085L9HGCX,adadadadada
B084RBSPGK,adadadadada
B07PYRLK2F,adadadadada
B07PVMBG5Y,adadadadada
B07PJWR4N5,adadadadada
B07P7LMGMP,adadadadada
B07P5HCNV4,adadadadada
B07P1G2FW1,adadadadada
B07P1CG972,adadadadada
B07N9655HR,adadadadada
B07N8LXJ6R,adadadadada
B07N7P8KXW,adadadadada
B07N7K25GM,adadadadada
B07N4J7KSS,adadadadada
B07MY1YPS8,adadadadada
B07MXZD12F,adadadadada
B07MXZ7PYZ,adadadadada
B07MXYKZ9J,adadadadada
B07MMNZW86,adadadadada
B07MMNPRF1,adadadadada
B07MDZD3C6,adadadadada
B07MCW31FL,adadadadada
B07LFJY1K2,adadadadada
B07L37XWXN,adadadadada
B07KWR3YXB,adadadadada
B07KWQMKWV,adadadadada
B07KSJSSDG,adadadadada
B07KSJ9WJ1,adadadadada
B07KK5YS2X,adadadadada
B07KJYKSK3,adadadadada
B07H3BBRRT,adadadadada
B07GZDDCSN,adadadadada
B07GZCHT4M,adadadadada
B07GZ53X2N,adadadadada
B07GZ3QQWZ,adadadadada
B07GVQ83CS,adadadadada
B07GV88LT3,adadadadada
B07GTGD8L2,adadadadada
B07GL517ZM,adadadadada
B07GDTGDZH,adadadadada
B07G5TH5TF,adadadadada
B07FYCDNM1,adadadadada
B07FQ7TC6T,adadadadada
B07FK74Z3R,adadadadada
B07DXPRPNB,adadadadada
B07DXL2FG1,adadadadada
B07DXGXHMX,adadadadada
B07DXDD5XC,adadadadada
B07DXD2GDY,adadadadada
B07DXD1RG3,adadadadada
B07D415DH7,adadadadada
B07D412G19,adadadadada
B07D3ZPGF4,adadadadada
B07D3ZFCBS,adadadadada
B07BN42MKG,adadadadada
B07BMVVR6H,adadadadada
B07BMBY21X,adadadadada
B07B3KCV2W,adadadadada
B07B315R5M,adadadadada
B079SM5MQ5,adadadadada
B079P8W931,adadadadada
B079P728HX,adadadadada
B078WKW127,adadadadada
B074P8KQDS,adadadadada
B074P7WVRH,adadadadada
B0736KXJ6P,adadadadada
B07DXCVWB9,adadadadada
B07DXBT2YS,adadadadada
B07DXBCM6M,adadadadada
B07DXBCL6M,adadadadada
B07DX9TD36,adadadadada
B07DX8X2V7,adadadadada
B07DWKPBJW,adadadadada
B07DWKNQGF,adadadadada
B07DVPQ34W,adadadadada
B07DCF2P34,adadadadada
B07DCDWBWX,adadadadada
B07DCDPS31,adadadadada
B07DCD7PY2,adadadadada
B07D41WPGN,adadadadada
B07D41GFLZ,adadadadada
B07D4185G7,adadadadada
B0721WTCDT,adadadadada
B06XK4KB5B,adadadadada
B06XDNQ9X7,adadadadada
B06XB1ZQHR,adadadadada
B01NCNHE5J,adadadadada
B01N9VM490,adadadadada
B01N8RRDVH,adadadadada
B01N758ZYA,adadadadada
B01N63SWX0,adadadadada
B01N52F8ET,adadadadada
B01MTNILHD,adadadadada
B01MTNIL0C,adadadadada
B01MSM1Y9F,adadadadada
B01MRKG5BN,adadadadada
B01MRKG3GQ,adadadadada
B01M1LA9VU,adadadadada
B01M1DH7E2,adadadadada
B01M0QO926,adadadadada
B01M038V86,adadadadada
B01LZFU0CX,adadadadada
B01LZFSFQ1,adadadadada
B01LZFSCPM,adadadadada
B01LXT8473,adadadadada
B01LXT841L,adadadadada
B01LXHJYIQ,adadadadada
B01LX1AINW,adadadadada
B01LWU144K,adadadadada
B01LWIBHET,adadadadada
B01J7A008U,adadadadada
B01B3EXFM6,adadadadada
B01B243YSW,adadadadada
B018MQYH98,adadadadada
B018MQY8QK,adadadadada
B018MQY4TQ,adadadadada
B013IMGMDA,adadadadada
B013IM8CDI,adadadadada
B00WTL3EPQ,adadadadada
B00WTKUBM6,adadadadada
B00WTKHWHI,adadadadada
B00OS4C2SW,adadadadada
B00IQ0NIPU,adadadadada
B009DJU7AC,adadadadada
B009DJKYHS,adadadadada
B009AA3KBW,adadadadada
B0084UIQQS,adadadadada
B007SCO6A8,adadadadada
B0055V6BJS,adadadadada
B0DK2Q6F4G,adadadadada
B0DK2PLYGR,adadadadada
B0DH29GJGB,adadadadada
B0DH2757ST,adadadadada
B0DFGP79HT,adadadadada
B0DDCG2DYL,adadadadada
B0DBDHX91C,adadadadada
B0D9NWWWN9,adadadadada
B0D7M67YY5,adadadadada
B0D6RBQ895,adadadadada
B0D4LSR9TJ,adadadadada
B0D4LL8VC3,adadadadada
B0D477FNWV,adadadadada
B0D1VBWRSK,adadadadada
B0D1CBDH81,adadadadada
B0D12H6CH7,adadadadada
B0DQ473G4P,adadadadada
B0DQ45QW77,adadadadada
B0DNFH4WKC,adadadadada
B0DNFF1YB3,adadadadada
B0DNFCM64G,adadadadada
B0DN61JYY3,adadadadada
B0DN5T4NF4,adadadadada
B0DMFCXR2P,adadadadada
B0DMF3C2VT,adadadadada
B0DM59Y1T4,adadadadada
B0DLZKTMCM,adadadadada
B0DLS35J76,adadadadada
B0DK2RTTH8,adadadadada
B0DK2RQ57X,adadadadada
B0DK2RKG9V,adadadadada
B0DK2QSTS8,adadadadada
B0DXQ4FPZZ,adadadadada
B0DXPD4WW5,adadadadada
B0DXP6GGLS,adadadadada
B0DXP2G4Z8,adadadadada
B0DXNR3MST,adadadadada
B0DXKS2NDJ,adadadadada
B0DXKLDKKW,adadadadada
B0DXKDSR7V,adadadadada
B0DXJY5N9Y,adadadadada
B0DXJVNQ3G,adadadadada
B0DWTFSTSC,adadadadada
B0DTPXPX9Y,adadadadada
B0DTHWMJD7,adadadadada
B0DS193RC6,adadadadada
B0DRTF95BK,adadadadada
B0DRSN72ZQ,adadadadada
B0CQV8W4QV,adadadadada
B0CQM6PPGG,adadadadada
B0CNSYPJJ8,adadadadada
B0CNSXHFZX,adadadadada
B0CNSQVD8R,adadadadada
B0CMQGLK17,adadadadada
B0CMD6MSB5,adadadadada
B0CLYHL2P7,adadadadada
B0CLVPRN33,adadadadada
B0CLGW1GMJ,adadadadada
B0CLBM2V3M,adadadadada
B0CL5D1K1W,adadadadada
B0CL2Q94MT,adadadadada
B0CKZ917GM,adadadadada
B0CK7NXNJ2,adadadadada
B0CJFJDCKY,adadadadada
B0BGT3R43R,adadadadada
B0BG8J1BG8,adadadadada
B0BCZS6L5Z,adadadadada
B0BC268W63,adadadadada
B0B9HWDM4C,adadadadada
B0B94QDLZB,adadadadada
B0B4VKNY58,adadadadada
B0B1JGDT9P,adadadadada
B0B1JFZK96,adadadadada
B0B1JFHHMV,adadadadada
B09P4L41HR,adadadadada
B09MQX5QKM,adadadadada
B09MQX2ND8,adadadadada
B09MQWC9CW,adadadadada
B09M7Y8Z4W,adadadadada
B09LDCPXB2,adadadadada
B07TKZMSXB,adadadadada
B07RZVTT9H,adadadadada
B07L5FVY34,adadadadada
B07JR8YTDQ,adadadadada
B07JMRXQYZ,adadadadada
B07J35B3FW,adadadadada
B07J33C4NG,adadadadada
B07J33BX5Q,adadadadada
B07FQLN7CM,adadadadada
B07FQH1PHM,adadadadada
B07FQ42WFL,adadadadada
B07F7NFDM2,adadadadada
B07F3W8FCF,adadadadada
B07DYLFSXF,adadadadada
B07DYH7FJH,adadadadada
B07DYCHXCS,adadadadada
B09L9JHT9F,adadadadada
B09BSM6582,adadadadada
B09B4F9BXP,adadadadada
B095RHWBLT,adadadadada
B0948MFJJB,adadadadada
B08YMTTJL3,adadadadada
B08NNJSVVN,adadadadada
B088PL2M5N,adadadadada
B088LDWRY7,adadadadada
B088K5BB5W,adadadadada
B081V45T3N,adadadadada
B081PN6NXR,adadadadada
B0814NZZWD,adadadadada
B07ZN71RRM,adadadadada
B07Y564D25,adadadadada
B07X5SNGHF,adadadadada
B0CJFHF8MB,adadadadada
B0CGJ2MCVR,adadadadada
B0CDPS8XL1,adadadadada
B0CB6D6C3Q,adadadadada
B0C9SQC5CN,adadadadada
B0C5MNR95X,adadadadada
B0C5JHJ3NK,adadadadada
B0BZCCMM4M,adadadadada
B0BWSMQZML,adadadadada
B0BWM8HNH6,adadadadada
B0BS78HRR4,adadadadada
B0BS5SH2XN,adadadadada
B0BRDLQVK2,adadadadada
B0BRDDWSKC,adadadadada
B0BQZ4R2N8,adadadadada
B07DX7XWKL,adadadadada
B07DX7XGTZ,adadadadada
B07DX7XGTY,adadadadada
B07DX6D2RW,adadadadada
B07DX6D2RR,adadadadada
B07DCFWJPY,adadadadada
B07DCFQVFB,adadadadada
B07DCDZKHV,adadadadada
B07DCDYN57,adadadadada
B07BQN2GXQ,adadadadada
B07BQJZV2P,adadadadada
B07BQCTRH5,adadadadada
B0777XPPG3,adadadadada
B0771S8DYD,adadadadada
B076RPHYS2,adadadadada
B0749SJP8Z,adadadadada
B0CYYSFNCJ,adadadadada
B0CXXGVJ2Q,adadadadada
B0CXM6HTTW,adadadadada
B0CX4YW34Z,adadadadada
B0CWK8XJWJ,adadadadada
B0CW9QGR1T,adadadadada
B0CW2MS67N,adadadadada
B0CV9L7DDX,adadadadada
B0CTHL867Z,adadadadada
B0CT5PPYX8,adadadadada
B0CSNB9P8H,adadadadada
B0CSFYDZ7F,adadadadada
B0CS5MHXNL,adadadadada
B0CS31YHQC,adadadadada
B0CRN6XX3V,adadadadada
B0CR411D8D,adadadadada
B0BQTZ48WQ,adadadadada
B0BQ2622N2,adadadadada
B0BPNGXS96,adadadadada
B0BN7CTQWL,adadadadada
B0BLYFD57C,adadadadada
B0BLMNQPBT,adadadadada
B0BL8RPHMX,adadadadada
B0BKRFBDDK,adadadadada
B0BK75KVCS,adadadadada
B0BGT674WP,adadadadada
B0BGT5J5DL,adadadadada
B0BGT56BK2,adadadadada
B0BGT53ZSN,adadadadada
B0BGT43G2M,adadadadada
B0BGT3VX7G,adadadadada
B0BGT3T44Q,adadadadada
B07DXL9HCD,adadadadada
B07DXL49PZ,adadadadada
B07DXL2FDL,adadadadada
B07DXKF7SK,adadadadada
B07DXK3PJD,adadadadada
B07DXFFVBQ,adadadadada
B07DXFFV9P,adadadadada
B07DXC19FF,adadadadada
B07DXBT5K3,adadadadada
B07DX96DCZ,adadadadada
B07DX8MQCK,adadadadada
B07DX8MQC5,adadadadada
B07DX8CCJY,adadadadada
B07DX8CBJG,adadadadada
B07DX8C4HX,adadadadada
B07DX8378K,adadadadada
B0749QRKZW,adadadadada
B072QD5X49,adadadadada
B071KLVLGG,adadadadada
B071JPMCHC,adadadadada
B01N2OTEPN,adadadadada
B01N1N8CCD,adadadadada
B00CNI3WMA,adadadadada
B004V9LR1W,adadadadada
B002L1CL80,adadadadada
B001NFZXFS,adadadadada
B0DZP2BD7W,adadadadada
B0DZNY9SXG,adadadadada
B0DZBWKGYX,adadadadada
B0DWMVXFQ5,adadadadada
B0DRJX93ZD,adadadadada
B0DRHTP1WB,adadadadada
B0DPWHYDLC,adadadadada
B0DPCWVYHN,adadadadada
B0DP5WMYB9,adadadadada
B0DNYYCZ56,adadadadada
B0DM8BGM8S,adadadadada
B0DLNK7CX6,adadadadada
B0DLB643T1,adadadadada
B0DL56K3HC,adadadadada
B0DKNC4KS8,adadadadada
B0DK3GQH5B,adadadadada
B0DK2RXM6V,adadadadada
B0DK2RKFC9,adadadadada
B0DFMBGCZV,adadadadada
B0DDT933M4,adadadadada
B0DCJRS32P,adadadadada
B0DB5HQ38N,adadadadada
B0D9PZPGKJ,adadadadada
B0D8F4SRZY,adadadadada
B0D8BL2P1W,adadadadada
B0D7Z36TZB,adadadadada
B0D7YSR6GM,adadadadada
B0D6RKNQNM,adadadadada
B0D6RF3VQX,adadadadada
B0D6LLKSJP,adadadadada
B0D6KLSNZD,adadadadada
B0D6DXL3GT,adadadadada
B0CQXMZZPC,adadadadada
B0CQMN1SJW,adadadadada
B0CPSXVBHK,adadadadada
B0CPKBBQL4,adadadadada
B0CNCZZ7NR,adadadadada
B0CN4382TZ,adadadadada
B0CDPLRM2Z,adadadadada
B0CBTRN1DR,adadadadada
B0CB3Y6FFY,adadadadada
B0C9SY448R,adadadadada
B0C6XH9BF4,adadadadada
B0C6X13X55,adadadadada
B0C5Q5Y8ZW,adadadadada
B0C31649P5,adadadadada
B0BZNMQWJ8,adadadadada
B0BZJM37JW,adadadadada
B0D6DXL3GS,adadadadada
B0D6DNW86D,adadadadada
B0D6DHTXBV,adadadadada
B0D6DGWJKZ,adadadadada
B0D6DCTCYC,adadadadada
B0D6D6DTYL,adadadadada
B0D6D2SP9R,adadadadada
B0D6D2RN21,adadadadada
B0D575T6MT,adadadadada
B0D2S1GM9D,adadadadada
B0CX1F51V8,adadadadada
B0CW3NM48D,adadadadada
B0CSN3RMWT,adadadadada
B0CSDMK85T,adadadadada
B0CR69DLG7,adadadadada
B0CR2VLKVC,adadadadada
B0BZGYXN5H,adadadadada
B0BXRCK768,adadadadada
B0BX82ZD7K,adadadadada
B0BTRXTN17,adadadadada
B0BTRW4BGC,adadadadada
B0BTRTZ4PG,adadadadada
B0BTRTYGX6,adadadadada
B0BTRTX5SD,adadadadada
B0BTRQ6Z51,adadadadada
B0BRDJC9J3,adadadadada
B0BRDHFQK2,adadadadada
B0BR8L38CR,adadadadada
B0BQFR4CP2,adadadadada
B0BPNHYCYP,adadadadada
B0BPNHJYYW,adadadadada
B0BPNHHMSN,adadadadada
B0BPNHFW96,adadadadada
B0BPNGW9QC,adadadadada
B0BPNGSGPC,adadadadada
B0BPNG7Z9Y,adadadadada
B0BPNF7KST,adadadadada
B0BNT1YGKX,adadadadada
B0BN78QKF7,adadadadada
B0BN77XTXS,adadadadada
B0BM8XH75Z,adadadadada
B0BM546XC7,adadadadada
B0BLSK2FRS,adadadadada
B0BK76X4HG,adadadadada
B0BK4JHC4G,adadadadada
B0BJ5X26Y5,adadadadada
B0BGT6KKF7,adadadadada
B0BGT68HFX,adadadadada
B0BGT5SSH3,adadadadada
B0BGT5BTG2,adadadadada
B0BGT4JMCS,adadadadada
B0BGT441DD,adadadadada
B0BGT3PMHM,adadadadada
B0BGMR4RX9,adadadadada
B0B9HT8LGQ,adadadadada
B0B7KGRHRB,adadadadada
B0B1L46HGB,adadadadada
B09ZNPXB57,adadadadada
B09ZKGCVFZ,adadadadada
B09XY3X9Q8,adadadadada
B09V73FCMC,adadadadada
B09TSJ7YSM,adadadadada
B09QQ2YRDV,adadadadada
B09M7YD3TC,adadadadada
B07N8M2FLS,adadadadada
B07N4KB5VN,adadadadada
B07MY1CRHK,adadadadada
B07MY14PC4,adadadadada
B07MXZSPNB,adadadadada
B07MXZR3ZY,adadadadada
B07MXZQGG5,adadadadada
B07MXZD12H,adadadadada
B07MXW2QMC,adadadadada
B07MXVVVT3,adadadadada
B07MRKJL9P,adadadadada
B07MHL7B3F,adadadadada
B07MDZS8J1,adadadadada
B07M6T3JYQ,adadadadada
B07LFM3V57,adadadadada
B07LFL9VJB,adadadadada
B09L9QG94S,adadadadada
B09KS65NN8,adadadadada
B09D1F3DKW,adadadadada
B09B9Z9CS2,adadadadada
B0948KQ83D,adadadadada
B0948KQ836,adadadadada
B0944BV8SB,adadadadada
B08WRH4HTM,adadadadada
B08T6PR3JJ,adadadadada
B08N5LDNFC,adadadadada
B08MTNR5J5,adadadadada
B08MFFC7YL,adadadadada
B08L6PD473,adadadadada
B08JJN24ZP,adadadadada
B0874WMT1T,adadadadada
B0842ZMYR7,adadadadada
B07LFL35YS,adadadadada
B07LFKQHJH,adadadadada
B07LFKPVP8,adadadadada
B07LFKFXJ5,adadadadada
B07LFK4LR6,adadadadada
B07KWRW35V,adadadadada
B07KK5FY67,adadadadada
B07KK5FY56,adadadadada
B07KK4F3J6,adadadadada
B07KJYPH6Q,adadadadada
B07K8GX65H,adadadadada
B07H394C4H,adadadadada
B07H384VG4,adadadadada
B07H37S82H,adadadadada
B07H36F36J,adadadadada
B07H15D33G,adadadadada
B07YY2FFQ3,adadadadada
B07VTTX3D1,adadadadada
B07VQRTTPL,adadadadada
B07TF5Q6T4,adadadadada
B07TDPLMKZ,adadadadada
B07TD3KHF4,adadadadada
B07TD2PY3Y,adadadadada
B07TCKBC16,adadadadada
B07TBHWMPP,adadadadada
B07T9JKTF1,adadadadada
B07T9JKJ2Q,adadadadada
B07T8DRRHL,adadadadada
B07R6CBVRF,adadadadada
B07QXM5YRR,adadadadada
B07QMKHF64,adadadadada
B07PVRM5FK,adadadadada
B07D41SNM3,adadadadada
B07D41K52W,adadadadada
B07D413HTJ,adadadadada
B07D3ZZX9J,adadadadada
B07D3ZJZ72,adadadadada
B07D3ZD9QB,adadadadada
B07CJN6J4Z,adadadadada
B07B312BCZ,adadadadada
B079P5WDXN,adadadadada
B078WYMX5Z,adadadadada
B076L3MB5Z,adadadadada
B076KWSS2R,adadadadada
B076HSM5VH,adadadadada
B076BWG5RR,adadadadada
B076BRZJN9,adadadadada
B0758M2GMS,adadadadada
B07GZJ7B42,adadadadada
B07GZ49LLY,adadadadada
B07GTGXVYF,adadadadada
B07G1H8R21,adadadadada
B07FQSHQH8,adadadadada
B07FP48FBV,adadadadada
B07F9RK3S2,adadadadada
B07DXPSH2T,adadadadada
B07DXMBFDQ,adadadadada
B07DXC8R1G,adadadadada
B07DXC8PBF,adadadadada
B07DXC4PPQ,adadadadada
B07DX8CBKH,adadadadada
B07DWMY4MQ,adadadadada
B07DD6KLVC,adadadadada
B07DCFVJR2,adadadadada
B06XKQNGWH,adadadadada
B06XDV4N62,adadadadada
B01N2HHKSQ,adadadadada
B01N0P2AVC,adadadadada
B01LY4XGMB,adadadadada
B01A1E4XB6,adadadadada
B01049VOIS,adadadadada
B00YTFB8NU,adadadadada
B00WTL4ZO0,adadadadada
B00WTKEOAQ,adadadadada
B005KRQ7VE,adadadadada
B004OKHWG2,adadadadada
B003GW9HFI,adadadadada
B002V9I7GC,adadadadada
B0024WWORO,adadadadada
B000WO6N8M,adadadadada
B07DCFSNS9,adadadadada
B07DCFPJYJ,adadadadada
B07DCFG73Z,adadadadada
B07DCFG6QL,adadadadada
B07DCDWNG7,adadadadada
B07DCDVLY9,adadadadada
B07DCDQ5H7,adadadadada
B07DCDQ16G,adadadadada
B07DCDMH3G,adadadadada
B07DCDLDQ9,adadadadada
B07DCD79WT,adadadadada
B07DCCZ5VQ,adadadadada
B07DCCSZ4Z,adadadadada
B07DCCSYNQ,adadadadada
B07DCCGKF1,adadadadada
B0DXK2GGGJ,adadadadada
B0DXJQZFLN,adadadadada
B0DWTYGJGF,adadadadada
B0DWKFZJKX,adadadadada
B0DSJFVSX6,adadadadada
B0DRPNXZST,adadadadada
B0DQCYN6YR,adadadadada
B0DPHXPJBV,adadadadada
B0DPG6V4RY,adadadadada
B0DP4G3TKP,adadadadada
B0DMZRJN98,adadadadada
B0DM6F5F37,adadadadada
B0DLSGH4V2,adadadadada
B0DLSGF6YZ,adadadadada
B0DLS8V12P,adadadadada
B0DLS41TDY,adadadadada
B0DLN8LXVP,adadadadada
B0DJNVFDKS,adadadadada
B0DGXLQ9WT,adadadadada
B0DGCLBLRD,adadadadada
B0DFFL9D58,adadadadada
B0DD3K9V8W,adadadadada
B0DCFTQFVR,adadadadada
B0DB4CJLNT,adadadadada
B0D9GW4VS5,adadadadada
B0D9GTMFY4,adadadadada
B0D5B6K623,adadadadada
B0D3LX2L1Q,adadadadada
B0D3LX1KW4,adadadadada
B0CYLPB5ZK,adadadadada
B0CXTF15K6,adadadadada
B0CXHPQYYN,adadadadada
B0CXDSMT2P,adadadadada
B0CW2V5ZJG,adadadadada
B0CTZV47WV,adadadadada
B0CTZSFTWJ,adadadadada
B0CTT23SQZ,adadadadada
B0CTKD2HN9,adadadadada
B0CTFYPPPG,adadadadada
B0CSYMFK6K,adadadadada
B0CSG79F42,adadadadada
B0CRTVFZXC,adadadadada
B0CRJTV1NT,adadadadada
B0CR1CYXLW,adadadadada
B0CR1CP5BX,adadadadada
B0CR1CDVWD,adadadadada
B0CQYN364J,adadadadada
B0CQM6Y9XX,adadadadada
B0CQLP5BYW,adadadadada
B0CPHSBNF6,adadadadada
B0CN4WBBTG,adadadadada
B0CKQK66C6,adadadadada
B0CKPJDQVW,adadadadada
B0CK58C84K,adadadadada
B0CJXSMXW6,adadadadada
B0CJXP1VLW,adadadadada
B0CHVKWCFN,adadadadada
B0CHVGBRGZ,adadadadada
B0CFJK3YCM,adadadadada
B0CBPKC4V5,adadadadada
B0CBLZ3G3X,adadadadada
B0C716GLNC,adadadadada
B0C6MHF3PJ,adadadadada
B0C6MG9D5B,adadadadada
B0C592BW4M,adadadadada
B0C3R5JJB1,adadadadada
B0BX6F69ZJ,adadadadada
B0BRDLTNST,adadadadada
B0BQRV4PC8,adadadadada
B0BQ22P7ZX,adadadadada
B0BQ1ZT442,adadadadada
B0BQ1W7DLY,adadadadada
B0BN4G4RC2,adadadadada
B0BKH7RGNC,adadadadada
B0BGT52T6Y,adadadadada
B0BGT2XH2B,adadadadada
B0BG2DSYG8,adadadadada
B0B3DJ251P,adadadadada
B09ZQC2B16,adadadadada
B09YLB3GZX,adadadadada
B09P4J3WP7,adadadadada
B09MQX9MKZ,adadadadada
B09L3Z38K7,adadadadada
B09GL77SKP,adadadadada
B099756D5S,adadadadada
B09863P45Z,adadadadada
B0948J4SC3,adadadadada
B08ZXTCHCT,adadadadada
B08ZN8RR4T,adadadadada
B08X4SGDQ7,adadadadada
B08QZK9QZ4,adadadadada
B08KH9T4QZ,adadadadada
B08C37VSNZ,adadadadada
B087J5V264,adadadadada
B0879FYNVP,adadadadada
B0878T8QTM,adadadadada
B0844QR9J6,adadadadada
B083ZRLGJX,adadadadada
B07Y9L2CCF,adadadadada
B07XC9HPPD,adadadadada
B07V4QXBSJ,adadadadada
B07TDPF2R9,adadadadada
B07JBS93B6,adadadadada
B07GY2XT9N,adadadadada
B07GC892M1,adadadadada
B07FQD79GF,adadadadada
B07DXLC7TQ,adadadadada
B07DXL2FDN,adadadadada
B07DXKF7SQ,adadadadada
B07DXFMWCD,adadadadada
B07DXFFVR2,adadadadada
B07DX96G7J,adadadadada
B07DX96DCX,adadadadada
B07DX8CCJS,adadadadada
B07DX86FFQ,adadadadada
B07DX7XMSR,adadadadada
B07DG2R8ZP,adadadadada
B07D9XDPCF,adadadadada
B07BQLSFG7,adadadadada
B07BQK43RF,adadadadada
B0749RKRG2,adadadadada
B0749QZ7HY,adadadadada
B073Q4CQFH,adadadadada
B0731Q5PGB,adadadadada
B00AASOG98,adadadadada
B004V9LV54,adadadadada
B004V9E39K,adadadadada
B004A64LB4,adadadadada
B00415ZEDS,adadadadada
B002L1FC86,adadadadada
B0F13CVGCC,adadadadada
B0DZP2RT26,adadadadada
B0DZNVG51Y,adadadadada
B0DZMPTW7W,adadadadada
B0DZD9469T,adadadadada
B0DZBLKTS6,adadadadada
B0DXQ58P38,adadadadada
B0DWWWGDVC,adadadadada
B0DWN7KG97,adadadadada
B0DWFMWCSX,adadadadada
B0DSZNXK7D,adadadadada
B0DN1Q5ZK1,adadadadada
B0DMFC844V,adadadadada
B0DMF13KB7,adadadadada
B0DKTFLL25,adadadadada
B0DH2KT9M4,adadadadada
B0DGXF589X,adadadadada
B0DGX98BYT,adadadadada
B0DDK6MQZ9,adadadadada
B0DD3QVLKK,adadadadada
B0DCLDC89C,adadadadada
B0D84JTTRJ,adadadadada
B0D2H96257,adadadadada
B0CWN2K8P2,adadadadada
B0CW9Q17S7,adadadadada
B0CV4X8YC4,adadadadada
B0CTWW2KCF,adadadadada
B0CSDP3XY3,adadadadada
B0CRNF9GY1,adadadadada
B0CQ583RYN,adadadadada
B0CNJXVWQ3,adadadadada
B0CNG95JKK,adadadadada
B0CMZVB5XD,adadadadada
B0CHSG5KD9,adadadadada
B0CGTDS2Q1,adadadadada
B0CCR8WTMW,adadadadada
B0CB9TS4BW,adadadadada
B0C8TLF1Q3,adadadadada
B0C7WDVYJ6,adadadadada
B0C7W9WV1K,adadadadada
B0C6JVJYSS,adadadadada
B0BTRXVN68,adadadadada
B0BR8DM895,adadadadada
B0BR8DLXY2,adadadadada
B0BPNFR715,adadadadada
B0BPNFN11V,adadadadada
B0BNSQ2HVY,adadadadada
B0BKPSJSNW,adadadadada
B0BKPHBTR3,adadadadada
B0BGT6HCPF,adadadadada
B0BGT5HJ3D,adadadadada
B0BGT3QPRH,adadadadada
B0BGT3G19R,adadadadada
B0B316TFZ9,adadadadada
B0B1XPR1QV,adadadadada
B09WHWG9BB,adadadadada
B09V6W929P,adadadadada
B09LNPG5CM,adadadadada
B0948KCXLT,adadadadada
B0948K8ZFH,adadadadada
B08PW26J7J,adadadadada
B08PVZXTMV,adadadadada
B08DR7XNZQ,adadadadada
B08B5CLFCH,adadadadada
B0878Z1M3S,adadadadada
B0876CSQYK,adadadadada
B086LFZQ7R,adadadadada
B083ZRP6FD,adadadadada
B082BL8948,adadadadada
B07ZPT6YT3,adadadadada
B07ZPSVXGN,adadadadada
B07YY245J9,adadadadada
B07YBFR533,adadadadada
B07W2W5WNQ,adadadadada
B07W21R6JB,adadadadada
B07VXPHFX7,adadadadada
B07VXN5VTP,adadadadada
B07TF58WR9,adadadadada
B07TD28WHS,adadadadada
B07RLW3VZ9,adadadadada
B07RHQ5F46,adadadadada
B07R4D8ZLV,adadadadada
B07PYWRPJ3,adadadadada
B07PYQD49F,adadadadada
B07PYPMX9D,adadadadada
B07PXQDQPQ,adadadadada
B07PVMBSTN,adadadadada
B07P6DSGJX,adadadadada
B07P5HFC7Y,adadadadada
B07N4JWQCS,adadadadada
B07MY19C8Z,adadadadada
B07MY18247,adadadadada
B07MXZPC17,adadadadada
B07MXZ8FCN,adadadadada
B07LFMPV67,adadadadada
B07LFMDJVL,adadadadada
B07LFLNZSK,adadadadada
B07LFL18HG,adadadadada
B07LFKQHJJ,adadadadada
B07JRBDPTT,adadadadada
B07JR4WN8T,adadadadada
B07J33TL2Y,adadadadada
B07GTHCN3H,adadadadada
B07GTG6SK9,adadadadada
B07G5V2NQX,adadadadada
B07FGQSS7N,adadadadada
B07FGG5ZJJ,adadadadada
B07FGF8S3R,adadadadada
B07DXD24V1,adadadadada
B07DXCS8K6,adadadadada
B07DXC8QSX,adadadadada
B07DXC4X7Q,adadadadada
B07DX9TQ4M,adadadadada
B07DX9J529,adadadadada
B07DX8LRLG,adadadadada
B07DCH4ZBM,adadadadada
B07DCDXZ52,adadadadada
B07DCDW3S1,adadadadada
B07DCCS2WY,adadadadada
B07D3ZK1W9,adadadadada
B07D3Z2CH3,adadadadada
B07B8B7SSM,adadadadada
B07B5DQD2B,adadadadada
B07B3MWPXP,adadadadada
B07B3KBD35,adadadadada
B076DFKWDK,adadadadada
B06XCB2C3J,adadadadada
B06XC4YPLT,adadadadada
B00WTKWQ1A,adadadadada
B00WTKVVES,adadadadada
B00WTKVE3G,adadadadada
B00WTKUKW2,adadadadada
B00WTKUKFY,adadadadada
B00WTKSCTU,adadadadada
B009DJSKS8,adadadadada
B00263MT8K,adadadadada
B01MQJ17FC,adadadadada
B01M0ZYF01,adadadadada
B01M0XYQE1,adadadadada
B01M0M558Q,adadadadada
B01LYIMOPZ,adadadadada
B01LYGQCW7,adadadadada
B01LY0HUBA,adadadadada
B01G3A5WOE,adadadadada
B01B2444YA,adadadadada
B013IN0VTK,adadadadada
B013IM531W,adadadadada
B013IM1XQG,adadadadada
B013ILPFPM,adadadadada
B00WTL2XL2,adadadadada
B00WTL00B2,adadadadada
B00WTKY7KI,adadadadada
B0DVH6JJ71,adadadadada
B0DSZKSVFS,adadadadada
B0DSVVW1Z1,adadadadada
B0DSVRGQFF,adadadadada
B0DRZF24T5,adadadadada
B0DRK2D6FG,adadadadada
B0DRJW53ZR,adadadadada
B0DQPVC9Y2,adadadadada
B0DQ5CQBB7,adadadadada
B0DPCWJTDR,adadadadada
B0DN1LLQLY,adadadadada
B0DMNTM42C,adadadadada
B0DK954N5N,adadadadada
B0DFLPXY2X,adadadadada
B0DF7C8RF3,adadadadada
B0DDP16ZCT,adadadadada
B0CN6WRN47,adadadadada
B0CN1BXR2P,adadadadada
B0CLY2X97Z,adadadadada
B0CLY2GD61,adadadadada
B0CJ665JDB,adadadadada
B0CHVXR5YJ,adadadadada
B0C9TQGZHS,adadadadada
B0C9J8Y1QT,adadadadada
B0C998GZLQ,adadadadada
B0BZSVZLNR,adadadadada
B0BZDJQFMZ,adadadadada
B0BXMFLMSQ,adadadadada
B0BX6G6ZQ4,adadadadada
B0BVLYPM64,adadadadada
B0BTRSKM72,adadadadada
B0BTRQ8MT3,adadadadada
B0DBQ43KHJ,adadadadada
B0D9Y94GMJ,adadadadada
B0D9J5GG7T,adadadadada
B0D8VWBC82,adadadadada
B0D8FNMHKL,adadadadada
B0D8439KF6,adadadadada
B0D815LM8L,adadadadada
B0D7HDFK2C,adadadadada
B0D72PXHGQ,adadadadada
B0D12VCT2B,adadadadada
B0CZ95DS56,adadadadada
B0CYHJDLPL,adadadadada
B0CS892W2P,adadadadada
B0CR6LXBYB,adadadadada
B0CR1CTG6R,adadadadada
B0CN8KLGSW,adadadadada
B0BTRQ2HJZ,adadadadada
B0BTRQ1YJ7,adadadadada
B0BTRKR5M8,adadadadada
B0BHPR129X,adadadadada
B0BGT336WN,adadadadada
B0B7JN38X7,adadadadada
B0B1PKTL5H,adadadadada
B09Y3QXCY7,adadadadada
B09RF4F5JM,adadadadada
B09NNG9F5R,adadadadada
B09NNG93KB,adadadadada
B09LTZPZZS,adadadadada
B09CVZSH45,adadadadada
B092KBCR55,adadadadada
B08ZRYG1KV,adadadadada
B08P1DH3DM,adadadadada
B0874WM14R,adadadadada
B0872KTDNR,adadadadada
B083C5G18Q,adadadadada
B082C5KVT2,adadadadada
B081V2X2KV,adadadadada
B07Z47CJZJ,adadadadada
B07YGVYDDV,adadadadada
B07W1396H6,adadadadada
B07W13827X,adadadadada
B07VWMSRWZ,adadadadada
B07RJWYVXZ,adadadadada
B07RJWY6N4,adadadadada
B07RJTH6X6,adadadadada
B07RJTH4VC,adadadadada
B07RGPKMJP,adadadadada
B07RFR1RRS,adadadadada
B07R95F6WV,adadadadada
B07PYQW3ZQ,adadadadada
B07PYQTC26,adadadadada
B07PYPQ5W8,adadadadada
B07PY1SH6D,adadadadada
B07PWKCP31,adadadadada
B07N4LM834,adadadadada
B07N4LJXS9,adadadadada
B07N4L1M24,adadadadada
B07N4KQZXY,adadadadada
B07N4KM3RH,adadadadada
B07N4JL5BR,adadadadada
B07N4HYZXT,adadadadada
B07MY1DM86,adadadadada
B07MY11LW3,adadadadada
B07MXWW7D3,adadadadada
B01M1LCFAZ,adadadadada
B01M196RH2,adadadadada
B01M196879,adadadadada
B01LZFSF0P,adadadadada
B01LYZL9P1,adadadadada
B01LYSCNDA,adadadadada
B01LY4XDPF,adadadadada
B01LXD2EZ0,adadadadada
B019437GGY,adadadadada
B015WUXQ2Q,adadadadada
B013IMXV3Y,adadadadada
B013ILXJP0,adadadadada
B013ILWJG0,adadadadada
B013ILSIHE,adadadadada
B00WTL3W8U,adadadadada
B00WTL1VKG,adadadadada
B07MQ2JKBP,adadadadada
B07MLT49HX,adadadadada
B07MGJ453J,adadadadada
B07M62NM44,adadadadada
B07LFLDRLS,adadadadada
B07LFBKXG9,adadadadada
B07LF9B7PK,adadadadada
B07LB9GSKH,adadadadada
B07L37D868,adadadadada
B07JR2YKV8,adadadadada
B07JQG4NDY,adadadadada
B07HS213JC,adadadadada
B07H38N7ZT,adadadadada
B07H1B7VBX,adadadadada
B07GDV7N1R,adadadadada
B07FQG97NM,adadadadada
B078WCSSQ7,adadadadada
B076DRHCL7,adadadadada
B076DN1TDC,adadadadada
B076DN1T4N,adadadadada
B076DGDFVT,adadadadada
B076DFKTFW,adadadadada
B076DFJMDK,adadadadada
B075NRFD9R,adadadadada
B074G3GPKZ,adadadadada
B071XH7W23,adadadadada
B06XC29XTQ,adadadadada
B01N8S1YHF,adadadadada
B01N52F8Z4,adadadadada
B01N1UETWF,adadadadada
B01N0DTZLG,adadadadada
B01MY0BIWH,adadadadada
B07DXPR9DN,adadadadada
B07DXK3T4F,adadadadada
B07DXJXWWC,adadadadada
B07DXJGWNQ,adadadadada
B07DXFMWDN,adadadadada
B07DXCYV2P,adadadadada
B07DXCYTY6,adadadadada
B07DXCNQLD,adadadadada
B07DXCDXBG,adadadadada
B07DXC8S5Z,adadadadada
B07DX92X7S,adadadadada
B07DX8312C,adadadadada
B07D41GFLX,adadadadada
B07D3Z5LD8,adadadadada
B07B3P4WH5,adadadadada
B07B3GD42B,adadadadada
B00WTKWXEU,adadadadada
B00WTKVK80,adadadadada
B00WTKV54E,adadadadada
B00WTKU4S2,adadadadada
B00WTKR8NG,adadadadada
B00WTKQQ5W,adadadadada
B00WTKEV54,adadadadada
B00WTKEQCM,adadadadada
B00SLKY5MA,adadadadada
B00OCSZ89Y,adadadadada
B00G12WGMG,adadadadada
B001C7Y9FM,adadadadada
B0CS88DP4D,adadadadada
B0CQNZ1NN6,adadadadada
B0CNKPVL9Y,adadadadada
B0CN3672T7,adadadadada
B0CMTLPZQ7,adadadadada
B0CLNHDV4N,adadadadada
B0CCYD3YMM,adadadadada
B0CB3ZWN85,adadadadada
B0C6LRCF2M,adadadadada
B0C5QM5ZX1,adadadadada
B0C5PWHZYB,adadadadada
B0BY2DD6ST,adadadadada
B0BTRX1187,adadadadada
B0BTRTRJ1M,adadadadada
B0BTRS67PZ,adadadadada
B0BTRKCHTX,adadadadada
B0DPJQFX28,adadadadada
B0DPFW8637,adadadadada
B0DPCW8Q3P,adadadadada
B0DP92Q26K,adadadadada
B0DN61YLY2,adadadadada
B0DLNF2DGR,adadadadada
B0DL568744,adadadadada
B0DJQVQCX6,adadadadada
B0DB1SKMS9,adadadadada
B0D6LN7RBD,adadadadada
B0D5785Q19,adadadadada
B0D22G2QPZ,adadadadada
B0D1KGQM4W,adadadadada
B0CWRXHPTZ,adadadadada
B0CTDLCWZL,adadadadada
B0CSVVFDPL,adadadadada
B0BTL7VKH4,adadadadada
B0BT2PW4J8,adadadadada
B0BSFLRWWQ,adadadadada
B0BS6FFJ9G,adadadadada
B0BPNHKKJX,adadadadada
B0BPNH2QH3,adadadadada
B0BPNGX1QT,adadadadada
B0BPNGF5C9,adadadadada
B0BPNG53L6,adadadadada
B0BPNF92J8,adadadadada
B0BGT7FQH5,adadadadada
B0BG5NZVZN,adadadadada
B0B1XNPYVX,adadadadada
B0B17RKCJT,adadadadada
B09ZNS78M7,adadadadada
B09VSZHPZS,adadadadada
B07TD2PSCZ,adadadadada
B07TCKFQDR,adadadadada
B07TC1YZC7,adadadadada
B07TBJHN78,adadadadada
B07T9GTVB6,adadadadada
B07T8DX9SB,adadadadada
B07RKYBQZC,adadadadada
B07RJTH6T6,adadadadada
B07RJTGPQF,adadadadada
B07RFNC4SY,adadadadada
B07RDM65ST,adadadadada
B07RDM65DB,adadadadada
B07RBM877K,adadadadada
B07QYPMVK7,adadadadada
B07QVMZDS8,adadadadada
B07QK2VDSY,adadadadada
B07FK2TC5L,adadadadada
B07DXK1JWX,adadadadada
B07DXD23VD,adadadadada
B07DXCKN9D,adadadadada
B07DX9Q8MV,adadadadada
B07DCF7CJ5,adadadadada
B07DCF59HJ,adadadadada
B07DCDWN4J,adadadadada
B07D7ZM4PL,adadadadada
B07D411T2G,adadadadada
B07D3YX69D,adadadadada
B07CGYTX3P,adadadadada
B07B31824M,adadadadada
B077BTBQD8,adadadadada
B076TS2C94,adadadadada
B076TPCT7V,adadadadada
B09D8QVHJX,adadadadada
B0948M5C1M,adadadadada
B08V4R8PRV,adadadadada
B08T6MFPL7,adadadadada
B08G3MS98H,adadadadada
B089NN4BGN,adadadadada
B0874W9P8X,adadadadada
B0874W9HSH,adadadadada
B085HBYDB6,adadadadada
B083WLQ9KL,adadadadada
B082WZRSSC,adadadadada
B07ZWC7QSY,adadadadada
B07ZDLP4T6,adadadadada
B07W2WQF44,adadadadada
B07VWN9762,adadadadada
B07QJYWV7X,adadadadada
B07QFY5BY4,adadadadada
B07NMVNBSV,adadadadada
B07N4KPQ6W,adadadadada
B07MY1LHSJ,adadadadada
B07MXZX3XY,adadadadada
B07MXZN8QB,adadadadada
B07MXZ13L1,adadadadada
B07L2ZYLWP,adadadadada
B07KJZWNVR,adadadadada
B07H38LV18,adadadadada
B07H37G7RD,adadadadada
B07GZ4FXF6,adadadadada
B07GL9KXGT,adadadadada
B07FXW3GHX,adadadadada
B01LWU0Y0P,adadadadada
B01LWIBFQS,adadadadada
B01B2449GS,adadadadada
B018MQYJNW,adadadadada
B018MOCUNU,adadadadada
B00R3YVQXQ,adadadadada
B001DBKDOI,adadadadada
B01M0QOF19,adadadadada
B01M0EYD13,adadadadada
B01M0EYA5Q,adadadadada
B01M038TOS,adadadadada
B01M038ONZ,adadadadada
B01LZFSD5Y,adadadadada
B01LZFSCLQ,adadadadada
B01LZFS98V,adadadadada
B01LZ41QC9,adadadadada
B01LYSEQGH,adadadadada
B01LYSD3V3,adadadadada
B01LYGQAP5,adadadadada
B01LY4XEIK,adadadadada
B01LXT85Z3,adadadadada
B01LXHIA6C,adadadadada
B01LXHI9QB,adadadadada
B0CX15S3CD,adadadadada
B0CVYJLZ1P,adadadadada
B0CT2V619C,adadadadada
B0CSDN72JB,adadadadada
B0CRVMPGVS,adadadadada
B0CR42TR5X,adadadadada
B0CR1DR1VH,adadadadada
B0CPJNCHYT,adadadadada
B0CP991PB7,adadadadada
B0CNR8C6FN,adadadadada
B0CL2146F6,adadadadada
B0CG2XTH28,adadadadada
B0CDHKW65X,adadadadada
B0CBTSCNTW,adadadadada
B0CB9WZ437,adadadadada
B0C776MFZW,adadadadada
B0DQQ22T86,adadadadada
B0DPMWQVYY,adadadadada
B0DMW7ZFGZ,adadadadada
B0DM9MQ6X1,adadadadada
B0DK7HSQK8,adadadadada
B0DG5CJ7Y5,adadadadada
B0DD35TSRK,adadadadada
B0D8153WVG,adadadadada
B0D7PS7RSN,adadadadada
B0D5LLRV7K,adadadadada
B0D25Z84XZ,adadadadada
B0D21MYX78,adadadadada
B0D1G5ZK3T,adadadadada
B0D143Y9WK,adadadadada
B0CZDR6567,adadadadada
B0CZDJ8CHW,adadadadada
B0BZYFHTGX,adadadadada
B0BTS31H6K,adadadadada
B0BTRQ689N,adadadadada
B0BTRPZZ6K,adadadadada
B0BTRM5W48,adadadadada
B0BSKS8RWB,adadadadada
B0BRDH3S2V,adadadadada
B0BQ7M9FSM,adadadadada
B0BPNH5CLJ,adadadadada
B0BPNGHC35,adadadadada
B0BPNFXLB6,adadadadada
B0BPNFX4RY,adadadadada
B0BPNFGGBR,adadadadada
B0BPNFGCXG,adadadadada
B0BLGLNDCG,adadadadada
B0BKPS7SCH,adadadadada
B0B2Z12LC8,adadadadada
B0B2DBRPX1,adadadadada
B0B1PLRP4B,adadadadada
B0B1PGWYFN,adadadadada
B09WHVCV5K,adadadadada
B09V1MDRLK,adadadadada
B09R9SBPQ9,adadadadada
B09M7XJ319,adadadadada
B09KM5WP6J,adadadadada
B09GXD7KSJ,adadadadada
B09B3GKL3N,adadadadada
B0948NG3SS,adadadadada
B0948M2LFW,adadadadada
B0948LZC52,adadadadada
B08FBRY34Z,adadadadada
B07YY216BW,adadadadada
B07Y2XGCL5,adadadadada
B07W22TLQ1,adadadadada
B07S2XRS3G,adadadadada
B07RGLZGLW,adadadadada
B07QWJLHCK,adadadadada
B07QDVSVHN,adadadadada
B07PYSYP44,adadadadada
B07PXQPX81,adadadadada
B07PDPP86V,adadadadada
B07PDPLQZ3,adadadadada
B07N98GH9D,adadadadada
B07N97QY19,adadadadada
B07MXZWBDF,adadadadada
B07MXZGGYW,adadadadada
B07MXZ7GMV,adadadadada
B06WD4BWGT,adadadadada
B01N8S6Q91,adadadadada
B01N756F89,adadadadada
B01N754XNY,adadadadada
B01N52FCY7,adadadadada
B01N48U6VA,adadadadada
B01N40XDA4,adadadadada
B01N40X86Z,adadadadada
B01N1FYPSF,adadadadada
B01MY6Z03G,adadadadada
B01MXL9RQY,adadadadada
B01MTNIKAI,adadadadada
B01MRE8451,adadadadada
B01MQF6MSK,adadadadada
B01MAUZ3V3,adadadadada
B01M11UM8B,adadadadada
B07MQXKF7T,adadadadada
B07MQV7TQ6,adadadadada
B07MGJ3ZND,adadadadada
B07LFND8MD,adadadadada
B07LFLV8RF,adadadadada
B07L38F16F,adadadadada
B07KK44YM1,adadadadada
B07J23QMFB,adadadadada
B07HF82NWK,adadadadada
B07GZ6NBB4,adadadadada
B07GL7SW45,adadadadada
B07GDTGHY4,adadadadada
B07G1MKGLY,adadadadada
B07FQD42CQ,adadadadada
B07FK2TL96,adadadadada
B07FGNW2J5,adadadadada
B07DYFWW3X,adadadadada
B07DCF5968,adadadadada
B07D3ZZQK5,adadadadada
B07D3ZZDJJ,adadadadada
B07BN3QZ8W,adadadadada
B07B3HL1XK,adadadadada
B07B2YZ9X7,adadadadada
B076DN1T28,adadadadada
B0758PS4DS,adadadadada
B072KQTVKG,adadadadada
B01NBDX42Z,adadadadada
B01N8S6U0M,adadadadada
B01N8S0JID,adadadadada
B01N8RQFRS,adadadadada
B01N6EOQ5N,adadadadada
B0024WUUR0,adadadadada
B000XPVCLI,adadadadada
B0CW3P2KCK,adadadadada
B0CV5DHNZB,adadadadada
B0CTX2G9TZ,adadadadada
B0CTFZZT7G,adadadadada
B0CR3S7QHY,adadadadada
B0CPJNQXFY,adadadadada
B0CNKPTMDL,adadadadada
B0CNCYTQ54,adadadadada
B0CMVXJ71F,adadadadada
B0CMCRLYZ7,adadadadada
B0CKYWKNL3,adadadadada
B0CDPVF9MX,adadadadada
B0CCHZCN6V,adadadadada
B0CB3ZBLRN,adadadadada
B0C9TPK2T9,adadadadada
B0C4DNB3FL,adadadadada
B01N6AXKQM,adadadadada
B01N63TU09,adadadadada
B01N63TTCI,adadadadada
B01N63TP84,adadadadada
B01N4BSJQ9,adadadadada
B01MZ97N0N,adadadadada
B01MXRTX4X,adadadadada
B01MXL9TFW,adadadadada
B01MXHCZ80,adadadadada
B01MTJQ2A7,adadadadada
B01MSSOJWN,adadadadada
B01MSM1YRW,adadadadada
B01MSM1Y8O,adadadadada
B01M120TTZ,adadadadada
B01M11V5VV,adadadadada
B01M11S1B1,adadadadada
B01M0EYFLS,adadadadada
B01M0EYETX,adadadadada
B01M038SD7,adadadadada
B01LZRLAZO,adadadadada
B01LZN1W1G,adadadadada
B01LYGQDWF,adadadadada
B01LXT9VFO,adadadadada
B01HSCXWHU,adadadadada
B01B2449ZY,adadadadada
B01B24487I,adadadadada
B01B2445OO,adadadadada
B01B2441OI,adadadadada
B01B243ZMC,adadadadada
B01B231WU0,adadadadada
B0084UIUVE,adadadadada
B0025OZZFE,adadadadada
B0BWJC4ZZN,adadadadada
B0BT4LNDWJ,adadadadada
B0BRMZZT1M,adadadadada
B0BNPQVZ63,adadadadada
B0BKPR9KDQ,adadadadada
B0BJS38HBN,adadadadada
B0BHSX5LB6,adadadadada
B0BHSWT172,adadadadada
B0BGT76XBQ,adadadadada
B0BGT6M9TD,adadadadada
B0BGT618G5,adadadadada
B0BGT4JKQB,adadadadada
B0BGT463VR,adadadadada
B0BGT3WZ8Q,adadadadada
B0BGT3WZ8L,adadadadada
B0BG1GZQR4,adadadadada
B0DRJZ5LR1,adadadadada
B0DRJXCCY2,adadadadada
B0DQD18H3V,adadadadada
B0DQ824Z78,adadadadada
B0DPHDR6RB,adadadadada
B0DPCXR92K,adadadadada
B0DP22G1YC,adadadadada
B0DMWCSHXW,adadadadada
B0DH1K53SG,adadadadada
B0DCJKLP7D,adadadadada
B0DB1D24J4,adadadadada
B0D927B48P,adadadadada
B0D7M858V1,adadadadada
B0D5QHDXBZ,adadadadada
B0D3TJJ4ZD,adadadadada
B0D1TC3RN5,adadadadada
B0B6KWL5L2,adadadadada
B0B5VWBVHB,adadadadada
B09VY67KHX,adadadadada
B09RDSVPG3,adadadadada
B09P9YLLW9,adadadadada
B09L9HG1HL,adadadadada
B09BJFXTYW,adadadadada
B097YCNRSX,adadadadada
B0977W8FMH,adadadadada
B094Z7837L,adadadadada
B091575FWY,adadadadada
B08V881BN8,adadadadada
B08T9977VF,adadadadada
B08P17J2QB,adadadadada
B08DL8FYQ8,adadadadada
B0874VZD9Y,adadadadada
B0874VYZYV,adadadadada
B084WPWWJM,adadadadada
B081TZ1KX1,adadadadada
B07Y2XWXS1,adadadadada
B07VYYDS9W,adadadadada
B07VYYD2JM,adadadadada
B07VVJNLCG,adadadadada
B07TZ9R1J8,adadadadada
B07TFT7FSF,adadadadada
B07TC1YT3X,adadadadada
B07STGFBSX,adadadadada
B07SQBDJ48,adadadadada
B07RLYK153,adadadadada
B07RLT2HBY,adadadadada
B07RL1WZ27,adadadadada
B07RKXZR67,adadadadada
B07RGPJFRT,adadadadada
B07RFQY3LK,adadadadada
B07RDPQDDW,adadadadada
B07RDM65TB,adadadadada
B07R2M31Y2,adadadadada
B07QYPMWFB,adadadadada
B07QJ7ZZY8,adadadadada
B07PGS3KVR,adadadadada
B07PFMK4TD,adadadadada
B07P5GSZ5Q,adadadadada
B07NHWWR7Y,adadadadada
B07MY1V2QB,adadadadada
B07MXZV7LP,adadadadada
B07MXZNDBS,adadadadada
B07MQTS9M7,adadadadada
B07MK3YLY3,adadadadada
B01NBIGWHI,adadadadada
B01N959RWR,adadadadada
B01N757G99,adadadadada
B01N63TR2N,adadadadada
B01N51UURC,adadadadada
B01N2GUG8O,adadadadada
B01N1Q6NYL,adadadadada
B01N0DTZ36,adadadadada
B01MYMSDMB,adadadadada
B01MYMS9A0,adadadadada
B01MXL9VM8,adadadadada
B01MRSCRWP,adadadadada
B01MRE89F1,adadadadada
B01M0QOC87,adadadadada
B01M0EYFPS,adadadadada
B01M038OQP,adadadadada
B07FNYDSVX,adadadadada
B07FK3TKQJ,adadadadada
B07FK3SMBT,adadadadada
B07FGPFV28,adadadadada
B07DXCYSCV,adadadadada
B07DX6D2T7,adadadadada
B07DCCTQ68,adadadadada
B07D411GCL,adadadadada
B07D3ZWDPL,adadadadada
B07D3ZHSKX,adadadadada
B07BNY2N4P,adadadadada
B07B3PR2BH,adadadadada
B079PB29YQ,adadadadada
B0721XBD4J,adadadadada
B06XZRK1D8,adadadadada
B01NH55K3A,adadadadada
B07MK3W685,adadadadada
B07LFKZRJM,adadadadada
B07LFK8RJG,adadadadada
B07LB814TF,adadadadada
B07L7FJV5T,adadadadada
B07KWQV481,adadadadada
B07KPPSR3H,adadadadada
B07JRD99KH,adadadadada
B07GZ6SNMW,adadadadada
B07GL65C8L,adadadadada
B07GDW4TFT,adadadadada
B07GDV2L8Y,adadadadada
B07GCC5YYV,adadadadada
B07FP3LWWX,adadadadada
B07FP2V5R7,adadadadada
B07FP1YNCG,adadadadada
B0DXDXDGDF,adadadadada
B0DR8DLND5,adadadadada
B0DQCWKH6Y,adadadadada
B0DPHD8LMK,adadadadada
B0DPHC1LSS,adadadadada
B0DM671XJW,adadadadada
B0DLNCPKMK,adadadadada
B0DKXS1T71,adadadadada
B0DKX9V2R3,adadadadada
B0DHK9S8CP,adadadadada
B0DGXQTNZF,adadadadada
B0DF7C5XT6,adadadadada
B0DDBRK7RC,adadadadada
B0DCZL3DFS,adadadadada
B0D9J264L4,adadadadada
B0D93WLF9B,adadadadada
B01LZFSATV,adadadadada
B01LZ41Q2F,adadadadada
B01LY4XHK5,adadadadada
B01LY4XGTF,adadadadada
B01LX5TA5G,adadadadada
B01LWIBK8H,adadadadada
B01B24437I,adadadadada
B013IMOZS4,adadadadada
B013IMMEOQ,adadadadada
B013IMC8OW,adadadadada
B013IMC2EI,adadadadada
B013ILPA8O,adadadadada
B00WTL51AC,adadadadada
B00WTKUVL2,adadadadada
B00OAV3BXS,adadadadada
B00F6DYJYE,adadadadada
B00F6DYJFI,adadadadada
B002V9PTKY,adadadadada
B002V9PSGY,adadadadada
B002V9OBHQ,adadadadada
B0D8J61N3X,adadadadada
B0D8B512HS,adadadadada
B0D7Z9432J,adadadadada
B0D5RBVM86,adadadadada
B0D3ZRM4C4,adadadadada
B0D2YCLDZ5,adadadadada
B0CY22Y4Z5,adadadadada
B0CXXG5WV9,adadadadada
B0CWN6Z35H,adadadadada
B0CTMJ14XZ,adadadadada
B0CR41V9MM,adadadadada
B0CR112QYJ,adadadadada
B0CQXCQ75C,adadadadada
B0CQJD7NK5,adadadadada
B0CPJNFBZS,adadadadada
B0CNKQPG1X,adadadadada
B0CNKQGN6T,adadadadada
B0CNKQ1LQT,adadadadada
B0CND1HS5V,adadadadada
B0CMLMRKPD,adadadadada
B0CM9KB174,adadadadada
B0CLGQ38S2,adadadadada
B0CG5W6XB2,adadadadada
B0CDC218M3,adadadadada
B0CDC19YN7,adadadadada
B0CD2VDL4Y,adadadadada
B0CCV247F7,adadadadada
B0CB9RPFZB,adadadadada
B0C8344RRT,adadadadada
B0C4SPH6ZX,adadadadada
B0C4DL6CSZ,adadadadada
B0BZJ5TNS5,adadadadada
B0BYRPLK72,adadadadada
B0BYQ2SNKW,adadadadada
B0BY2D5BCV,adadadadada
B0BW8CCY7Q,adadadadada
B0BVTD865S,adadadadada
B0BVMXM2G8,adadadadada
B0BTLH5FFQ,adadadadada
B0BPNGXSGF,adadadadada
B0BPNFD1K1,adadadadada
B0BHWC4J54,adadadadada
B0BGT6M518,adadadadada
B0BGT6C6FW,adadadadada
B0BGT4XXLM,adadadadada
B0BGT4DQFY,adadadadada
B0BGT44V7H,adadadadada
B0BGT42C1Y,adadadadada
B0BGT39W5J,adadadadada
B0BFHSRNZP,adadadadada
B0B2S578FC,adadadadada
B09YG84LQN,adadadadada
B09TTCR38G,adadadadada
B09KP7Q7NM,adadadadada
B09J1T22FN,adadadadada
B09BTFHMFN,adadadadada
B097ZSBLFW,adadadadada
B097YBNPH8,adadadadada
B0948MN49X,adadadadada
B0948KJTGB,adadadadada
B092KXCTNJ,adadadadada
B08XW39WJ3,adadadadada
B08W4SYS59,adadadadada
B08L5YH5VL,adadadadada
B08HR9GDDG,adadadadada
B088GZC24V,adadadadada
B0874W8BCY,adadadadada
B07XHNS6WW,adadadadada
B07TTYJD4J,adadadadada
B07RL1WWF1,adadadadada
B07RL1WMPZ,adadadadada
B07RL1VRQZ,adadadadada
B07RDPQ4MB,adadadadada
B07R1ZSLL6,adadadadada
B07PYSMGCN,adadadadada
B07PYRDLGW,adadadadada
B07PXV1RF5,adadadadada
B07PXQJBXV,adadadadada
B07NLVQRBL,adadadadada
B07N97FPG5,adadadadada
B07N4L1533,adadadadada
B07N4HXMBH,adadadadada
B07MY18ZXC,adadadadada
B07MXZGGYV,adadadadada
B07MGJ3MX1,adadadadada
B07MCW35L6,adadadadada
B07LFMT3C1,adadadadada
B07KWPRZCR,adadadadada
B07KK5RQSW,adadadadada
B07KJZWCK7,adadadadada
B07KJYP3W8,adadadadada
B07JYGNY6M,adadadadada
B07H39ZKDF,adadadadada
B07H39SHTQ,adadadadada
B07GLGB7GS,adadadadada
B07GL9W24F,adadadadada
B01N8RRDVN,adadadadada
B01N63TQJZ,adadadadada
B01N63TOTV,adadadadada
B01N52EXZL,adadadadada
B01N3T1YV0,adadadadada
B01N3845UL,adadadadada
B01N2GUCA6,adadadadada
B01MYTSV6H,adadadadada
B01MYMSBN8,adadadadada
B01MYMS621,adadadadada
B01MXRTXDL,adadadadada
B01MXL9V1T,adadadadada
B01MXL9U64,adadadadada
B01MXL9U5K,adadadadada
B01MU9E2NX,adadadadada
B01MTNINAF,adadadadada
B07FY9WT2Y,adadadadada
B07FNZSLCV,adadadadada
B07DXGRCWH,adadadadada
B07DXBYCNZ,adadadadada
B07DX7XWLV,adadadadada
B07DCFB15H,adadadadada
B07DCDPWP9,adadadadada
B07D4134WY,adadadadada
B07D3ZWWPL,adadadadada
B078WYQW1Q,adadadadada
B076HGBRBV,adadadadada
B076FJDY22,adadadadada
B06Y19HZJ4,adadadadada
B06XYRWMBL,adadadadada
B06XB2FQHT,adadadadada
B01NARXJUJ,adadadadada
B01MR7CWDN,adadadadada
B01M122O5Q,adadadadada
B01M038U4I,adadadadada
B01M038OMY,adadadadada
B01LZRLAYD,adadadadada
B01IGK9GUA,adadadadada
B018MOCOCM,adadadadada
B013IM1MDA,adadadadada
B013ILUTIK,adadadadada
B00WTL29WU,adadadadada
B00WTL0J4K,adadadadada
B00WTKUT32,adadadadada
B00WTKQFMG,adadadadada
B00WTKHY1M,adadadadada
B001J65LC6,adadadadada
B0DN53DD9T,adadadadada
B0DLGV6FR6,adadadadada
B0DL566NVD,adadadadada
B0DJNG5XQV,adadadadada
B0DHTCP9D8,adadadadada
B0DG92FT28,adadadadada
B0DCBHQ7HZ,adadadadada
B0D9GV4XLZ,adadadadada
B0D92X5DR2,adadadadada
B0D8KS5ZM8,adadadadada
B0D7W596YN,adadadadada
B0D7PKFPK9,adadadadada
B0D6DHLB3F,adadadadada
B0D4QB7WBB,adadadadada
B0D2YD5DS7,adadadadada
B0D1QQXTSG,adadadadada
B0CYPRDZB5,adadadadada
B0CYBTZT8P,adadadadada
B0CX5LGKNQ,adadadadada
B0CWNDPD2W,adadadadada
B0CTZPH28X,adadadadada
B0CT3JPXPR,adadadadada
B0CT382VTK,adadadadada
B0CQM78WKN,adadadadada
B0CN35YT72,adadadadada
B0CN1389MB,adadadadada
B0CBB7Q761,adadadadada
B0CB82NKKF,adadadadada
B0CB3X18FP,adadadadada
B0C9SYZ76Z,adadadadada
B0C8HSKHM2,adadadadada
B0C7L4983G,adadadadada
B0BXRLGY74,adadadadada
B0BTRSMC1R,adadadadada
B0BRDKK9DP,adadadadada
B0BRDJC9J5,adadadadada
B0BR36NNJQ,adadadadada
B0BQ6T3C78,adadadadada
B0BKRDQGJZ,adadadadada
B0BKPYSQG6,adadadadada
B0BGRT7WRD,adadadadada
B0BFGKRPJT,adadadadada
B0BF4CT3YD,adadadadada
B0B96BNWGW,adadadadada
B0B88YMQR5,adadadadada
B0B4DHPXZW,adadadadada
B0B2K83YND,adadadadada
B0B18SHRSL,adadadadada
B08M99GWXH,adadadadada
B08DL9MB5C,adadadadada
B08CBBZ8QV,adadadadada
B0874XT5ZP,adadadadada
B07ZRDB28V,adadadadada
B07W7W9SVS,adadadadada
B07VWNXSKC,adadadadada
B07VVJJCD6,adadadadada
B07VLF6TLL,adadadadada
B07TN3B8VN,adadadadada
B07RW65SR1,adadadadada
B07RFT383C,adadadadada
B07RDPPNC1,adadadadada
B07QXM6B35,adadadadada
B07QXM65ZK,adadadadada
B07Q6RJP3T,adadadadada
B09V6RG7VH,adadadadada
B09M7YGFVZ,adadadadada
B09L9B5HJS,adadadadada
B09L96PZKT,adadadadada
B09D1KV6R5,adadadadada
B09C1LYH85,adadadadada
B0997G16G7,adadadadada
B097YCQ73G,adadadadada
B0948K6WLW,adadadadada
B08ZJRB64K,adadadadada
B08R3BL6CW,adadadadada
B08R39MYGP,adadadadada
B08N5KYW2D,adadadadada
B08MTSW1BP,adadadadada
B08MTGF4FS,adadadadada
B08MBGVFQW,adadadadada
B07PYSCY1B,adadadadada
B07P5HVDQC,adadadadada
B07N974FMG,adadadadada
B07N4KJFNV,adadadadada
B07MY19C8X,adadadadada
B07MXZS216,adadadadada
B07M5JM5TZ,adadadadada
B07LFL7TQX,adadadadada
B07L399BSH,adadadadada
B07KWQM89V,adadadadada
B07KWQF3BP,adadadadada
B07KK577GV,adadadadada
B07J9LMKXC,adadadadada
B07GZ47BJR,adadadadada
B07GTFLXQV,adadadadada
B07GLB6BNC,adadadadada
B07DCF3JNL,adadadadada
B07DCDYN9Z,adadadadada
B07DCDWY33,adadadadada
B07DCDT7N9,adadadadada
B07DCDRNQV,adadadadada
B07DCCJPPC,adadadadada
B07D413YPF,adadadadada
B07D3ZT8WS,adadadadada
B07CTXHN1Y,adadadadada
B07B3MVPTY,adadadadada
B07B3HKRF4,adadadadada
B07B3DKKR9,adadadadada
B076DRSZ33,adadadadada
B076DF1GHM,adadadadada
B074G3ZZCC,adadadadada
B071KTTTZ1,adadadadada
B07FQH691Y,adadadadada
B07FGQSJ8Q,adadadadada
B07DYHCY2K,adadadadada
B07DXPTBRJ,adadadadada
B07DXPRLHZ,adadadadada
B07DXJ7YNC,adadadadada
B07DXDJPSF,adadadadada
B07DXDG2P6,adadadadada
B07DXCNQL9,adadadadada
B07DX9QJ4B,adadadadada
B07DX8X2VJ,adadadadada
B07DX8WQG8,adadadadada
B07DVS3BPG,adadadadada
B07DCFNRL3,adadadadada
B07DCFJ2B5,adadadadada
B07DCF7NWL,adadadadada
B06XKQ66T9,adadadadada
B01N9B6GPD,adadadadada
B01N63TI16,adadadadada
B01N40XCQR,adadadadada
B01N1FBPDA,adadadadada
B01N1FBE35,adadadadada
B01N0KFCC0,adadadadada
B01MTNILQJ,adadadadada
B01MTNILET,adadadadada
B01MTGFDA6,adadadadada
B01MSUSSBH,adadadadada
B01MRKG51W,adadadadada
B01MQJ16TW,adadadadada
B01M1LCFAO,adadadadada
B01M1222LM,adadadadada
B01M11SR2S,adadadadada
B01M0M2MCE,adadadadada
B01LZRLAM7,adadadadada
B01LZ43I0R,adadadadada
B01LYNY6ZM,adadadadada
B01LYJS89N,adadadadada
B01LYC4180,adadadadada
B01LYC3ZWO,adadadadada
B01LY4Z78Z,adadadadada
B01LY0HVRI,adadadadada
B01LY0HVG9,adadadadada
B01LXT843L,adadadadada
B01LXHIEHJ,adadadadada
B01LWU30YP,adadadadada
B01LWIBDWA,adadadadada
B018MQYIGA,adadadadada
B018MQY2P2,adadadadada
B0DS5CSGV5,adadadadada
B0DRJW242L,adadadadada
B0DRCWNJR6,adadadadada
B0DQZRRW8M,adadadadada
B0DQ494DLF,adadadadada
B0DNNF7J66,adadadadada
B0DMJHSMFD,adadadadada
B0DJ8QN9YD,adadadadada
B0DJ2B7KY2,adadadadada
B0DHGVFJ1X,adadadadada
B0DGXV5QD8,adadadadada
B0DGXHBHLR,adadadadada
B0DGXCSQTX,adadadadada
B0DFLP5TG8,adadadadada
B0D8J1K9JP,adadadadada
B0D6LLLVYT,adadadadada
B018MOCNEQ,adadadadada
B013IMW2RU,adadadadada
B013ILUW3C,adadadadada
B013ILUQQA,adadadadada
B013ILUFHU,adadadadada
B00WTL32R6,adadadadada
B00WTKXEVG,adadadadada
B00WTKJYWE,adadadadada
B00VN21IY6,adadadadada
B00GX5JJZ8,adadadadada
B004A675N0,adadadadada
B000WO4II4,adadadadada
B0D6DVKSPV,adadadadada
B0D6D8D6FB,adadadadada
B0D65JPPW5,adadadadada
B0D1VV7KRW,adadadadada
B0CZDQT6CL,adadadadada
B0CXXRYJPD,adadadadada
B0CRHHQJSK,adadadadada
B0CN4FWCXD,adadadadada
B0CM9K6DRB,adadadadada
B0CM631VYS,adadadadada
B0CF8ZSVFF,adadadadada
B0C9TK2J3J,adadadadada
B0C6X4NSR9,adadadadada
B0C6SJHFGZ,adadadadada
B0BZNPNFN2,adadadadada
B0BZNN7D79,adadadadada
B0BZ798RXL,adadadadada
B0BTRS639R,adadadadada
B0BTRRQ36R,adadadadada
B0BRDKQYNJ,adadadadada
B0BKQN1GBD,adadadadada
B0BK8Y1JTC,adadadadada
B0BJ26G1WR,adadadadada
B0BHWD2F5T,adadadadada
B0BHTWGXJ9,adadadadada
B0BGK2J9VC,adadadadada
B0BD4LNBDL,adadadadada
B0BCTGW45L,adadadadada
B0B5G5STMN,adadadadada
B09V6VLD8J,adadadadada
B09N7QF7FR,adadadadada
B09DFQ9YJX,adadadadada
B0948FV9J1,adadadadada
B08XM9W9VQ,adadadadada
B08NXZZW4R,adadadadada
B08JLV8MZ3,adadadadada
B08DMKQXC4,adadadadada
B0878PW1BN,adadadadada
B0872L82S3,adadadadada
B084Z8Z3RR,adadadadada
B084H94PT1,adadadadada
B0843KRF6P,adadadadada
B083ZS5NF3,adadadadada
B081LMX32Y,adadadadada
B07Y2Y5QR4,adadadadada
B07Y2XNGRG,adadadadada
B07WKS4CSG,adadadadada
B07TD1R8M7,adadadadada
B07TCKW2ML,adadadadada
B07T8D692L,adadadadada
B07T8D692K,adadadadada
B07RH8Y6P6,adadadadada
B07RD8L5HR,adadadadada
B07R99J824,adadadadada
B07QZTKGFZ,adadadadada
B07QS63YFV,adadadadada
B07QR1HMXP,adadadadada
B07PVXKGNZ,adadadadada
B07MY1RVB9,adadadadada
B07MY1DMC9,adadadadada
B07MY1DCVR,adadadadada
B07MY19S7X,adadadadada
B07MY18VWD,adadadadada
B07MY17J6P,adadadadada
B07MY16PBY,adadadadada
B07MY16JSL,adadadadada
B07MY138JW,adadadadada
B07MXZW4JF,adadadadada
B07MXZVMG9,adadadadada
B07MXZP4NM,adadadadada
B07MXZM32V,adadadadada
B07MXZKR97,adadadadada
B07MXZHJJV,adadadadada
B07MXZGYMD,adadadadada
B07MXZDMQP,adadadadada
B07MXZ874Q,adadadadada
B07MXWDV1X,adadadadada
B07LFM57MK,adadadadada
B07LFM3K1W,adadadadada
B07LFLVMCD,adadadadada
B07LFLTJT6,adadadadada
B07LFLLCFF,adadadadada
B07LFLJPFQ,adadadadada
B07LFLGH96,adadadadada
B07LFL9MLJ,adadadadada
B07LFKXB7P,adadadadada
B07LFKX94P,adadadadada
B07LFKW6HZ,adadadadada
B07LFKSHLC,adadadadada
B07LFKKGTB,adadadadada
B07LFKDFNB,adadadadada
B07LFB1678,adadadadada
B07LCGK327,adadadadada
B07L1LZFBY,adadadadada
B07KK8V17X,adadadadada
B07DCCZV8V,adadadadada
B07DCCZB75,adadadadada
B07DCCQ7PG,adadadadada
B07D41K5HH,adadadadada
B07D4115H7,adadadadada
B07D3ZT6BX,adadadadada
B07D3ZQHX9,adadadadada
B07D3ZKPH1,adadadadada
B07D3YX2F5,adadadadada
B07BF9NZJK,adadadadada
B079P7KH7P,adadadadada
B078VD7KJD,adadadadada
B076DFHH9S,adadadadada
B076DDQYM3,adadadadada
B076BVDN47,adadadadada
B076BTWPLM,adadadadada
B07HCY1BQ5,adadadadada
B07H39ZKDC,adadadadada
B07GV83Q8Z,adadadadada
B07GKWMWVR,adadadadada
B07G5V3MCZ,adadadadada
B07FQBYJKZ,adadadadada
B07FP2898Z,adadadadada
B07DXPSB59,adadadadada
B07DXPRDKC,adadadadada
B07DXGFPQQ,adadadadada
B07DXCRNSV,adadadadada
B07DXC8D55,adadadadada
B07DXBXB3Q,adadadadada
B07DX837B6,adadadadada
B07DRQ9GMP,adadadadada
B07DCDCJ8S,adadadadada
B07544Z8GD,adadadadada
B074P7GWJF,adadadadada
B0731Q6FMM,adadadadada
B06XKH7NQY,adadadadada
B01MDO6K0E,adadadadada
B01LZM7YE3,adadadadada
B01LZFSBPD,adadadadada
B01LZ41QB7,adadadadada
B013IMPCZO,adadadadada
B013IMO9TY,adadadadada
B013ILYUI0,adadadadada
B01049ZC90,adadadadada
B01049W7HU,adadadadada
B00WTKU3P6,adadadadada
B00VP99P4C,adadadadada
B0084UIX3E,adadadadada
B004RFHYDK,adadadadada
B000C7DGCK,adadadadada
B0D6LN2M2T,adadadadada
B0D6DMHJW2,adadadadada
B0D577PVXY,adadadadada
B0D4VDBTP7,adadadadada
B0D2LB8GGH,adadadadada
B0D1G7PQ2B,adadadadada
B0CW3PDQ12,adadadadada
B0CV9RP52Q,adadadadada
B0CSSMBSZ1,adadadadada
B0CSRX8WFH,adadadadada
B0CS3HPP6X,adadadadada
B0CQ4L4TC7,adadadadada
B0CPQ66Z9P,adadadadada
B0CNRMPQ1T,adadadadada
B0CNR85W77,adadadadada
B0CNQGDGCX,adadadadada
B07TN4998P,adadadadada
B07TFQM1LC,adadadadada
B07TDPV5W9,adadadadada
B07TDP19K4,adadadadada
B07T9HNBRG,adadadadada
B07RL1X3KZ,adadadadada
B07RJWZ7SR,adadadadada
B07R971BDN,adadadadada
B07QK3MNY4,adadadadada
B07NTYPMPZ,adadadadada
B07NN3JZXB,adadadadada
B07N4MD8FL,adadadadada
B07MY1JP3X,adadadadada
B07MY1JJ33,adadadadada
B07MY19Z67,adadadadada
B07MXZWFSY,adadadadada
B0CNKHD1CW,adadadadada
B0CNJXRM3C,adadadadada
B0CLRGMX53,adadadadada
B0CLR12PPN,adadadadada
B0CJJZ28ZG,adadadadada
B0CB8QB6LT,adadadadada
B0CB4M26L4,adadadadada
B0C5PVS1RC,adadadadada
B0C44TVFYG,adadadadada
B0C2CLPFXJ,adadadadada
B0BZNMDCSB,adadadadada
B0BZNKW2GM,adadadadada
B0BZ7774YB,adadadadada
B0BYRG8N6F,adadadadada
B0BTRZVLJ3,adadadadada
B0BTRXR3M5,adadadadada
B0BPNHHC7C,adadadadada
B0BPNG4ZH4,adadadadada
B0BPLXVF12,adadadadada
B0BP162HDC,adadadadada
B0BN787X48,adadadadada
B0BLMP4Q26,adadadadada
B0BLH24156,adadadadada
B0BKQNWKFW,adadadadada
B0BGT55VGN,adadadadada
B0BGT517FJ,adadadadada
B0BGT3XMJB,adadadadada
B0B9HP8SZV,adadadadada
B0B92CNXX1,adadadadada
B09Y3S3DBB,adadadadada
B09TTFBG4N,adadadadada
B09MQWZSD8,adadadadada
B09LS2CSJB,adadadadada
B09CX8P8XF,adadadadada
B0916N6YYV,adadadadada
B08N6TGPKX,adadadadada
B08MTGGKQH,adadadadada
B08M9GF6LZ,adadadadada
B08GNZ5X36,adadadadada
B08CRJBK1W,adadadadada
B08CR388V1,adadadadada
B08B16MXHQ,adadadadada
B084QLNVW3,adadadadada
B082HRT4TR,adadadadada
B07ZDLG8SK,adadadadada
B07VBP8Z6K,adadadadada
B07V8M744S,adadadadada
B07TP3M1P8,adadadadada
B07MXZKLQN,adadadadada
B07LFKVKWR,adadadadada
B07LFKQHJG,adadadadada
B07LFKJL5W,adadadadada
B07JR3WWQ1,adadadadada
B07H19PBKK,adadadadada
B07H1575NP,adadadadada
B07GVPX3HX,adadadadada
B07FGQTH89,adadadadada
B07FGQSPMQ,adadadadada
B07DYH29KK,adadadadada
B07DXFQ757,adadadadada
B07DXCYT77,adadadadada
B07DXCYSCR,adadadadada
B07DXBWKM1,adadadadada
B07DX9QH49,adadadadada
B018MOCJNG,adadadadada
B013IMLQR2,adadadadada
B00X45EM84,adadadadada
B00WTL15PC,adadadadada
B00WTKSL3C,adadadadada
B00GYSR6PY,adadadadada
B0084UK7U6,adadadadada
B004A64LVO,adadadadada
B000C7DJ2W,adadadadada
B07DX96G9C,adadadadada
B07DX8NSVT,adadadadada
B07DCCZS95,adadadadada
B07DCCZ349,adadadadada
B07DCCF21M,adadadadada
B07D3ZJ7G1,adadadadada
B07C8LYLNF,adadadadada
B07BN1KQSY,adadadadada
B07B8576QJ,adadadadada
B07B3SWVT4,adadadadada
B07B3DSFDZ,adadadadada
B079SP1NJS,adadadadada
B079P65L3T,adadadadada
B076DFMK4P,adadadadada
B076DDMP5Q,adadadadada
B076DDMP5P,adadadadada
B01NCFG8LE,adadadadada
B01N758ZUV,adadadadada
B01N2GU5XN,adadadadada
B01N1FBKYP,adadadadada
B01M6C1UIF,adadadadada
B01LZFSE9R,adadadadada
B01LZFS7SD,adadadadada
B01LYZLEOY,adadadadada
B01LYGOLMV,adadadadada
B01LXHICJH,adadadadada
B01LWU31U2,adadadadada
B01B3EXDZU,adadadadada
B01B3EXBWU,adadadadada
B01B244D6E,adadadadada
B01B24428S,adadadadada
B019439TRS,adadadadada
B0DM62NKPP,adadadadada
B0DLNX6Q54,adadadadada
B0DLNFC1FK,adadadadada
B0DH257WKW,adadadadada
B0DCNSWZWG,adadadadada
B0DBLML3YF,adadadadada
B0D8J8K95S,adadadadada
B0D69K2BFK,adadadadada
B0D1G7M3S9,adadadadada
B0CZNK9HP4,adadadadada
B0CX8WXV5M,adadadadada
B0CX1HV3JC,adadadadada
B0CWFF5J71,adadadadada
B0CW18848R,adadadadada
B0CRVJSM58,adadadadada
B0CRHGKMST,adadadadada
B08KWND584,adadadadada
B08D7W4HVT,adadadadada
B0892D6J4D,adadadadada
B088P8VJK2,adadadadada
B087QTFXCT,adadadadada
B0874W89WC,adadadadada
B0874V4SX8,adadadadada
B085PZZJ1J,adadadadada
B07ZWDMYH8,adadadadada
B07W1Q2WXG,adadadadada
B07VWW26D5,adadadadada
B07TF5W2FP,adadadadada
B07TD2X5FD,adadadadada
B07QZTJ1N1,adadadadada
B07QH3N9SW,adadadadada
B07QH3N46Q,adadadadada
B07QFYTT9G,adadadadada
B07Q4RBL4W,adadadadada
B07PYRQ419,adadadadada
B07PXQQCF9,adadadadada
B07P57KHFQ,adadadadada
B07NDRP6JN,adadadadada
B07N4M6JWF,adadadadada
B07N4LBZ37,adadadadada
B07N4KBKD8,adadadadada
B07MXZP4NP,adadadadada
B07MXZL8J6,adadadadada
B07MXZBTFH,adadadadada
B07MDLFNY8,adadadadada
B07KK58DVV,adadadadada
B07KK52RCJ,adadadadada
B07KJYPQ7D,adadadadada
B07JX92W1Y,adadadadada
B07H38M659,adadadadada
B07H382D8C,adadadadada
B07H37DQ5T,adadadadada
B07GZ79L3Q,adadadadada
B07GDSWG3Y,adadadadada
B07DXPS5Y5,adadadadada
B07DXDM2CR,adadadadada
B07DXD7Q5V,adadadadada
B07DXCKLH1,adadadadada
B07DX7XK8Y,adadadadada
B07DX6NMPL,adadadadada
B07DX6CW27,adadadadada
B07DD5GXCQ,adadadadada
B07DCF55V2,adadadadada
B07DCDZXTB,adadadadada
B0CQMN9D3K,adadadadada
B0CPJMR1BG,adadadadada
B0CNVX5FRX,adadadadada
B0CNQHKG2Z,adadadadada
B0CNKYGLJD,adadadadada
B0CM8SFVL4,adadadadada
B0CLF1FGG3,adadadadada
B0CJDV7S1B,adadadadada
B0CJ5SX1BW,adadadadada
B0CH11DW8B,adadadadada
B0C6S6QR5D,adadadadada
B0BZYGMSJ9,adadadadada
B0BZNQN36Y,adadadadada
B0BVGVBCJZ,adadadadada
B0BTRWRDMS,adadadadada
B0BTRS4C43,adadadadada
B0BTRQ19DB,adadadadada
B0BPNGCG7H,adadadadada
B0BPLYVRK1,adadadadada
B0BLGTK78Z,adadadadada
B0BHSZ2YBR,adadadadada
B0BGT6TPLZ,adadadadada
B0BGT3HVY2,adadadadada
B0B96KHC69,adadadadada
B09YR2TM5J,adadadadada
B09P17T9L6,adadadadada
B09BT1SYTZ,adadadadada
B098QYBD3Y,adadadadada
B0948KL9DT,adadadadada
B0948JWCTW,adadadadada
B08R39QW4Q,adadadadada
B08MSYDB3W,adadadadada
B07DCDY2WT,adadadadada
B07DCDW7LV,adadadadada
B07DCDV9GG,adadadadada
B07DCDL9B6,adadadadada
B07DCD8DHW,adadadadada
B07DCD1T4L,adadadadada
B07DCD1T4J,adadadadada
B07DCCS8DT,adadadadada
B07DCC1NPL,adadadadada
B07D41PKQQ,adadadadada
B07D4126Z6,adadadadada
B07D411Q93,adadadadada
B079P6HFGY,adadadadada
B076HM998S,adadadadada
B076HM6Z9P,adadadadada
B076DN8XJP,adadadadada
B076DFHH9G,adadadadada
B076DFF7RF,adadadadada
B076D89KHN,adadadadada
B06XDTB591,adadadadada
B01NBIH2F8,adadadadada
B01N757T9N,adadadadada
B01N757T7X,adadadadada
B01N2NFXJX,adadadadada
B01MSZI7VL,adadadadada
B01M0QOCN1,adadadadada
B01LZRL9UA,adadadadada
B01LYGONJN,adadadadada
B01LXOQHX1,adadadadada
B01LWIBH39,adadadadada
B00WTKFK9U,adadadadada
B00B29TE7I,adadadadada
B009DJYB90,adadadadada
B007KFNU8C,adadadadada
B004A674R2,adadadadada
B004A3FCN8,adadadadada
B001C7Y9H0,adadadadada
B0DPN8HDS7,addkajljdad
B0CGXFTGWF,addkajljdad
B0C1LJVNTP,addkajljdad
B0DQYH2BMR,addkajljdad
B07HYGZSK7,addkajljdad
B00FDX99II,addkajljdad
B002XQHWJG,addkajljdad
B0D7VN9L8C,addkajljdad
B0CLS8Z91H,addkajljdad
B0B672SRB1,addkajljdad
B0CZJZJPP4,addkajljdad
B0DCFTN57J,addkajljdad
B0CT2NPJH1,addkajljdad
B0D1G682GD,addkajljdad
B0B8T9F98X,addkajljdad
B0CSRXGSGJ,addkajljdad
B008HQ60QW,addkajljdad
B0B15KDZXB,addkajljdad
B0D9WG2NKS,addkajljdad
B0CJ21SJV5,addkajljdad
B0D3J47MVZ,addkajljdad
B0DHGSQD8P,addkajljdad
B0CN2G8P14,addkajljdad
B0BBM3YKW5,addkajljdad
B0C5RBMV9V,addkajljdad
B00DOSYA74,addkajljdad
B0CP8C865Y,addkajljdad
B0BSDB6F86,addkajljdad
B0B5LWR1CK,addkajljdad
B092MVX2SP,addkajljdad
B0B6BQ4YK8,addkajljdad
B0BNKW3DVD,addkajljdad
B0173MO0CG,addkajljdad
B0D62TNF65,addkajljdad
B0B1VZQ4Y6,addkajljdad
B088QVCDQ8,addkajljdad
B0CB8R4ZM5,addkajljdad
B0CNX3LZSH,addkajljdad
B0D1CK7QHP,addkajljdad
B0D5Y2T4LH,addkajljdad
B0CSS3ZTRX,addkajljdad
B08RS4256C,addkajljdad
B0DPLZFT2T,addkajljdad
B0BN3RHCJS,addkajljdad
B0CQL17HZ9,addkajljdad
B09QSC3ZDV,addkajljdad
B0B3JCMBVN,addkajljdad
B0CYGSFLQS,addkajljdad
B0F18QCTXZ,addkajljdad
B07PCVRMLK,addkajljdad
B0CHB9SST7,addkajljdad
B0971Y375Y,addkajljdad
B0D5DFK75P,addkajljdad
B07PPJ8VD5,addkajljdad
B0DZNL3YHJ,addkajljdad
B08549HDNG,addkajljdad
B0CRYVXHLK,addkajljdad
B0CSC35HRY,addkajljdad
B0DPY7XWTQ,addkajljdad
B0CD234F98,addkajljdad
B0D7ZR2NK5,addkajljdad
B0BZPTLKBL,addkajljdad
B0CZCW6KHB,addkajljdad
B0D4K7SBB7,addkajljdad
B0DKTNX6P4,addkajljdad
B01D8TSK6K,addkajljdad
B0CNXY1FMH,addkajljdad
B0D2B9MZKH,addkajljdad
B005JUHJ0A,addkajljdad
B0C7LV57NZ,addkajljdad
B0CCYTYKKQ,addkajljdad
B0DTYSNYDD,addkajljdad
B0BFCWBGCR,addkajljdad
B0BKV9XS1Z,addkajljdad
B0D7VDKZ4Q,addkajljdad
B08LYQR1JH,addkajljdad
B08Y7CWQQ1,addkajljdad
B01EILRFHW,addkajljdad
B0DGWW461V,addkajljdad
B0BBQVPSGD,addkajljdad
B07CX6SRD8,addkajljdad
B0DG969KQY,addkajljdad
B0D8P59XSV,addkajljdad
B0DKDXLDX9,addkajljdad
B0CNNL7NDN,addkajljdad
B0DK4Y3X81,addkajljdad
B0DDQCL94Y,addkajljdad
B0DB6CC3V1,addkajljdad
B0D87RP1GM,addkajljdad
B0CZLF5Z33,addkajljdad
B0CZ94GBL8,addkajljdad
B0CWTR3H31,addkajljdad
B0CKZB6V2L,addkajljdad
B0CHS4NVJC,addkajljdad
B0DDT347L3,addkajljdad
B07ZCM2BN4,addkajljdad
B0D72RNW2G,addkajljdad
B0D7Q7PMTV,addkajljdad
B0CKSZ8BRS,addkajljdad
B0D5R3S6J4,addkajljdad
B0D5B192J9,addkajljdad
B0CYZBDLYL,addkajljdad
B0DKDPGTBD,addkajljdad
B0DMCPKPZ7,addkajljdad
B07T958JCJ,addkajljdad
B0DMCZ2ZFW,addkajljdad
B0006RGCRC,addkajljdad
B0DDVF68CG,addkajljdad
B0DDKMYDGR,addkajljdad
B0DRTNP22J,addkajljdad
B0CP2BD84Q,addkajljdad
B0DCFRH9Y1,addkajljdad
B0B4NP4LMT,addkajljdad
B0D2NQ4P2R,addkajljdad
B0DC6MJF86,addkajljdad
B0DFMK75SH,addkajljdad
B004HCI8Z6,addkajljdad
B09H2JQ49S,addkajljdad
B093T8HSJX,addkajljdad
B0DD7XJ8M6,addkajljdad
B0DJ2V57TL,addkajljdad
B0CGVBW4V4,addkajljdad
B000R72OU0,addkajljdad
B08MW8HN7W,addkajljdad
B0DDXYPPGL,addkajljdad
B001PO6NSS,addkajljdad
B0C6X4LXC5,addkajljdad
B00JRWCQLS,addkajljdad
B09782TTC9,addkajljdad
B08238HB56,addkajljdad
B0CJJRNT2Z,addkajljdad
B09FNDNFH6,addkajljdad
B0C1V1J1VF,addkajljdad
B0BWF956PB,addkajljdad
B0D12HJ77W,addkajljdad
B0C13PGCQ3,addkajljdad
B0BPB8VC5D,addkajljdad
B0DMJSG4MB,addkajljdad
B0CYKQQHT5,addkajljdad
B06X3XCN4Q,addkajljdad
B00FGED110,addkajljdad
B0C4J7GYPF,addkajljdad
B071G6FXGK,addkajljdad
B0C5P4Y777,addkajljdad
B07Z1BRN6P,addkajljdad
B0DNSHYM6D,addkajljdad
B0D31QXRVK,addkajljdad
B0CTQZ5G9T,addkajljdad
B0C23WFJGR,addkajljdad
B005L5AF4A,addkajljdad
B0DCZ5XN3Q,addkajljdad
B0DCC8ML9N,addkajljdad
B0DB66GYPG,addkajljdad
B0D9N6VB6F,addkajljdad
B0D924GTBN,addkajljdad
B0D8T7M1S9,addkajljdad
B0D8J95RZG,addkajljdad
B0D8J37KBS,addkajljdad
B0D8DSN4CJ,addkajljdad
B0D7VL3XNH,addkajljdad
B0D6KXMFSS,addkajljdad
B0D5MJYX6X,addkajljdad
B0D5MH3DM1,addkajljdad
B0D5B73BWK,addkajljdad
B0D41X4DNW,addkajljdad
B0D3Q6PRNT,addkajljdad
B0C35VXTKS,addkajljdad
B0CN3BHWR7,addkajljdad
B002XUYF9C,addkajljdad
B0DPLY5Z39,addkajljdad
B0DPG3ZYQX,addkajljdad
B0DPCT3MYY,addkajljdad
B0DP6XYY6R,addkajljdad
B0DP5FFXX9,addkajljdad
B0DP5D8VJS,addkajljdad
B0DNJ7Z943,addkajljdad
B0DN1H7TDR,addkajljdad
B0DMJPS49D,addkajljdad
B0DMD74HJ3,addkajljdad
B0DM63DNDG,addkajljdad
B0DKY73QW2,addkajljdad
B0DK18TZVJ,addkajljdad
B0DJS6V6YS,addkajljdad
B0DJ1CYPQ3,addkajljdad
B0DHFQX9SV,addkajljdad
B0CRPG46FF,addkajljdad
B09313PTCK,addkajljdad
B0DDL3J79B,addkajljdad
B0D5HRX6LG,addkajljdad
B0CW1YNG2G,addkajljdad
B0CFVHBSG3,addkajljdad
B0DY7VS588,addkajljdad
B0DY4973BN,addkajljdad
B0DXPTSRCW,addkajljdad
B0DX6LWX3V,addkajljdad
B0DSQ9QTHX,addkajljdad
B0DSFKQR4V,addkajljdad
B0DQNSWT46,addkajljdad
B0DQ8Y7XXR,addkajljdad
B0DQ8F6QYN,addkajljdad
B0DPWQCTLV,addkajljdad
B0DF5D1F7M,addkajljdad
B0BP2V7QHD,addkajljdad
B0B9H8ZYSF,addkajljdad
B09L4V8LCW,addkajljdad
B0DT99ZGXD,addkajljdad
B08YQKCSFF,addkajljdad
B0D6BKB21H,addkajljdad
B07DL1F87C,addkajljdad
B07TZ87QR9,addkajljdad
B00FF0574O,addkajljdad
B0CJR76CBT,addkajljdad
B0DG5VVFSM,addkajljdad
B0DDTBY6QK,addkajljdad
B0D4ZC9NZX,addkajljdad
B07KTQLBB7,addkajljdad
B0CYZKW4X4,addkajljdad
B0D1TC1SKJ,addkajljdad
B0D9VQQXPX,addkajljdad
B08XLXYH2B,addkajljdad
B0D7LMGDSD,addkajljdad
B08QLLCN5M,addkajljdad
B0D76NLZGD,addkajljdad
B08FG2SW2J,addkajljdad
B07MZXLHRC,addkajljdad
B0CYPR4WWC,addkajljdad
B00B3UMTS2,addkajljdad
B0CQWNZ1RH,addkajljdad
B0CTH379BF,addkajljdad
B0CJV183K1,addkajljdad
B0CJ2QGN2D,addkajljdad
B0CT822MX3,addkajljdad
B0CGX1DR3H,addkajljdad
B0D3HNSP9K,addkajljdad
B0D31J4817,addkajljdad
B0D2QWTQC3,addkajljdad
B0D293DCWX,addkajljdad
B0D22SH8TZ,addkajljdad
B0D221CNH8,addkajljdad
B0D1RCRY13,addkajljdad
B0CYP365L8,addkajljdad
B0CXXKHG5D,addkajljdad
B0CXHGTTCB,addkajljdad
B0CX97MH86,addkajljdad
B0CW2HQTSW,addkajljdad
B0CTLJLHKB,addkajljdad
B0CSXZ34HF,addkajljdad
B0CSMFS12F,addkajljdad
B0CRVTV366,addkajljdad
B0CYGZKMSN,addkajljdad
B0DR2356LX,addkajljdad
B07WJHCTP8,addkajljdad
B0CRLD5VG2,addkajljdad
B0CD82K1C4,addkajljdad
B09HP5MPG4,addkajljdad
B0DR1ZZHG8,addkajljdad
B0BWH5SYZT,addkajljdad
B01FT58GSI,addkajljdad
B0D5GQ8J9Y,addkajljdad
B09YVS8MNH,addkajljdad
B0DR1JG6ZP,addkajljdad
B08GJMDXL9,addkajljdad
B0DH2RMXF9,addkajljdad
B0DGY3WQR2,addkajljdad
B0DGXXFVSQ,addkajljdad
B0DGWWFT5R,addkajljdad
B0DGGNNV4J,addkajljdad
B0DFT41G5B,addkajljdad
B0DFH1RFW7,addkajljdad
B0DFCJBHNM,addkajljdad
B0DF76N9H7,addkajljdad
B0DF5D75TV,addkajljdad
B0DF559KGZ,addkajljdad
B0DDT843YD,addkajljdad
B0DDQ6765S,addkajljdad
B0DDPRMCYL,addkajljdad
B0DDCNLHB6,addkajljdad
B0DD47X4K8,addkajljdad
B0CRT5RHDH,addkajljdad
B0CRDLYLZS,addkajljdad
B0CQWD35QR,addkajljdad
B0CQTX1Z75,addkajljdad
B0CQLQX4JS,addkajljdad
B0CPWD7ZTN,addkajljdad
B0CPLT7W72,addkajljdad
B0CPDCBG81,addkajljdad
B0CNHDF3DP,addkajljdad
B0CMNY2L7D,addkajljdad
B0CJR1PPNP,addkajljdad
B0CHNZXPG9,addkajljdad
B0CGX657F2,addkajljdad
B0CGLNTBNS,addkajljdad
B0CG8Z5CRQ,addkajljdad
B0CG8P857G,addkajljdad
B0CFVQM8FD,addkajljdad
B0CDP6DVSM,addkajljdad
B0CDHQCHJX,addkajljdad
B0CBSVKV1N,addkajljdad
B0C8J2L918,addkajljdad
B0C7K8W21M,addkajljdad
B0C6B4J2FL,addkajljdad
B0C5N6KWCR,addkajljdad
B0C3GJF9DN,addkajljdad
B0C1RRSRZQ,addkajljdad
B0C19LH1Z4,addkajljdad
B0BZRDYDN7,addkajljdad
B0BX3P7T4W,addkajljdad
B0BNMDQN1R,addkajljdad
B0BL7TDVLT,addkajljdad
B0BGPXMHNK,addkajljdad
B00VKEGGGC,addkajljdad
B00N6X9U9A,addkajljdad
B00DSD5M1I,addkajljdad
B0BFB5Q9C9,addkajljdad
B0BBH2BCPK,addkajljdad
B0BB735PVN,addkajljdad
B0BB2YYHM9,addkajljdad
B0B9BZ1NL4,addkajljdad
B09Z9Z4L9V,addkajljdad
B09XBLL2FG,addkajljdad
B09HCQGDBC,addkajljdad
B095LD7KMW,addkajljdad
B08YJY3QQL,addkajljdad
B08HW12WCL,addkajljdad
B08C4SPPGY,addkajljdad
B0893G9HZN,addkajljdad
B07NS7BK45,addkajljdad
B07L34TLBH,addkajljdad
B07JYTCQV6,addkajljdad
B085DTY4VS,addkajljdad
B00002DDN5,addkajljdad
B0D3XB9JXR,addkajljdad
B0D8VK429Q,addkajljdad
B0CNKZ2QPT,addkajljdad
B00CO7O21A,addkajljdad
B0CZ6T5KZZ,addkajljdad
B0DGPHF46L,addkajljdad
B0B5XS1X5P,addkajljdad
B09V32T2F2,addkajljdad
B0978WBHNQ,addkajljdad
B07GT8RN6Z,addkajljdad
B0CKX7XT59,addkajljdad
B07PXCTPV7,addkajljdad
B0D5B3C6NK,addkajljdad
B0057JD2HC,addkajljdad
B0C2WKGPFD,addkajljdad
B0B9S6ZF4H,addkajljdad
B0CQYWCJ8S,addkajljdad
B0CNH77PJL,addkajljdad
B0CKVZ2MPN,addkajljdad
B0BSFX1R9D,addkajljdad
B0CGX8CFGW,addkajljdad
B00UVAYQB8,addkajljdad
B0CZJ8NGZR,addkajljdad
B014EFDLYI,addkajljdad
B0DLQ2T7PM,addkajljdad
B00262O5ZG,addkajljdad
B0D7VG9SHN,addkajljdad
B0CDWRX8DM,addkajljdad
B07CWBX6VG,addkajljdad
B0C3M7JPYG,addkajljdad
B0DPMP15RL,addkajljdad
B0CN2TJX96,addkajljdad
B098DBK1T7,addkajljdad
B077NJYZQ2,addkajljdad
B0D6QZJ3S5,addkajljdad
B0D6S2B2C9,addkajljdad
B0BVDTKF7M,addkajljdad
B0D8VL8Q1L,addkajljdad
B085NY3RJQ,addkajljdad
B0DHVGSZB5,addkajljdad
B0BQMRHDSR,addkajljdad
B0CSFW9VF1,addkajljdad
B0CF9PF593,addkajljdad
B0DPSCCR7V,addkajljdad
B0D8VJXC6Z,addkajljdad
B00CAO0T9G,addkajljdad
B0DGX7KSM9,addkajljdad
B0CGHVPQGQ,addkajljdad
B097JJJSTD,addkajljdad
B07GDT5D18,addkajljdad
B0DP29WW5B,addkajljdad
B09N75JCL1,addkajljdad
B0D8Q2RDJP,addkajljdad
B0DPDZ3KFD,addkajljdad
B0B6GMY2JV,addkajljdad
B089311NNR,addkajljdad
B0D1FVFD3Y,addkajljdad
B0DKHLKC8Z,addkajljdad
B0CTG5W8JV,addkajljdad
B0DSJXCYF8,addkajljdad
B0C6TC9PKN,addkajljdad
B0F3HTR738,addkajljdad
B07JRHGVS7,addkajljdad
B0CF8NL6PG,addkajljdad
B0CM8SYYVF,addkajljdad
B0BC18ZQ2Q,addkajljdad
B0DFCYXRN2,addkajljdad
B00QLUORE8,addkajljdad
B0DPKWDKWR,addkajljdad
B0BJLD2S25,addkajljdad
B0D65XH13N,addkajljdad
B0BQMVXXQP,addkajljdad
B0C9TRB73G,addkajljdad
B08JTY68QQ,addkajljdad
B0D1472BZR,addkajljdad
B01IVYG9SS,addkajljdad
B0CZ92L5JZ,addkajljdad
B0C2VPQG3Z,addkajljdad
B0CPPCYPR8,addkajljdad
B0C9FV3ZZ2,addkajljdad
B09C3X15GC,addkajljdad
B003UN6LB6,addkajljdad
B0C4W8M23V,addkajljdad
B0D83L4C2Q,addkajljdad
B0CCLHT3WH,addkajljdad
B0C7C9G8V5,addkajljdad
B0CCSYYPD5,addkajljdad
B0DQ4TZ63C,addkajljdad
B0C77PMRG8,addkajljdad
B0C9Y7KW3Q,addkajljdad
B008MNVO2K,addkajljdad
B00HAZQIC2,addkajljdad
B0DJ75RGF4,addkajljdad
B0DHZPF3HF,addkajljdad
B0DTG9RBC9,addkajljdad
B0845R1TYV,addkajljdad
B0CL9XHGKW,addkajljdad
B0D9W6NMLZ,addkajljdad
B07FB3CYCF,addkajljdad
B0CRYWGZS9,addkajljdad
B0CQPN4MKB,addkajljdad
B0D3GGD2WG,addkajljdad
B0DCFSRGWD,addkajljdad
B0C8NQVQBQ,addkajljdad
B0DRD35T9V,addkajljdad
B0DTHJH3H1,addkajljdad
B0D3TFTDD4,addkajljdad
B0DB5S8N5F,addkajljdad
B0DCZ625NH,addkajljdad
B0CNGMNXWG,addkajljdad
B0DSCGDFLS,addkajljdad
B0DGWJP3B2,addkajljdad
B07579QQ6X,addkajljdad
B0C975VS1B,addkajljdad
B0CLJCD3QT,addkajljdad
B0BW8HGRRD,addkajljdad
B07VFBNTL4,addkajljdad
B07NVVBN2B,addkajljdad
B0CQZGHBJK,addkajljdad
B0C1MF8LDB,addkajljdad
B002UD6C16,addkajljdad
B0CLY51GS3,addkajljdad
B0BY9YWR42,addkajljdad
B0746RBK2M,addkajljdad
B07VJLL784,addkajljdad
B003VSCGD2,addkajljdad
B07SG1NCGS,addkajljdad
B0DR16TGWF,addkajljdad
B0DMVS1NMV,addkajljdad
B0CL973P24,addkajljdad
B000E7SS4O,addkajljdad
B01M9F7P6R,addkajljdad
B0CL42YFS4,addkajljdad
B0CJ3FS849,addkajljdad
B0CTJL767H,addkajljdad
B0DZFSBXYF,addkajljdad
B077ZRP3GD,addkajljdad
B0CQL8RHKD,addkajljdad
B0C48TR31F,addkajljdad
B07WNT1B4P,addkajljdad
B0DKFB69BT,addkajljdad
B0C1J42XSH,addkajljdad
B07FK33TDH,addkajljdad
B0D3PVN7ZS,addkajljdad
B0B8YXC1M4,addkajljdad
B0DPH3XXR1,addkajljdad
B0B4RDR576,addkajljdad
B0D3B3P2Q4,addkajljdad
B0C6X9HZ5R,addkajljdad
B0DMJK89KP,addkajljdad
B0CYPZYZL1,addkajljdad
B0C5RLWMJG,addkajljdad
B0BGJFCT6M,addkajljdad
B0CKQB24M5,addkajljdad
B0CNBWX1GS,addkajljdad
B0CR3N6CJ6,addkajljdad
B07ZGJ1RFW,addkajljdad
B0CHF79RZW,addkajljdad
B0BTJ943ZP,addkajljdad
B0DHXC18WX,addkajljdad
B00005BIGB,addkajljdad
B0CL5Y55Q6,addkajljdad
B0DKB8ZS8N,addkajljdad
B0BGP3FLTX,addkajljdad
B0D3PVB8Q8,addkajljdad
B0D8JJ7BH8,addkajljdad
B0DGRSMHQK,addkajljdad
B0B6JTKBQS,addkajljdad
B083RV4DKY,addkajljdad
B0CSHFRLY2,addkajljdad
B0DNYFHWGV,addkajljdad
B0DNYXCPDN,addkajljdad
B0CNGWSWHX,addkajljdad
B0BNKB1NCQ,addkajljdad
B0885K8CPR,addkajljdad
B0DCBT7ZTK,addkajljdad
B0BHL24CRJ,addkajljdad
B0CNCS6RVN,addkajljdad
B0CJQN9TCG,addkajljdad
B0BSGPX6DN,addkajljdad
B0D4TPZL15,addkajljdad
B08VH7DGSK,addkajljdad
B099R6HK3T,addkajljdad
B0BXDVWP5N,addkajljdad
B09ZG75TFJ,addkajljdad
B0DLVTXRT1,addkajljdad
B0DKJ5S8DD,addkajljdad
B0CVVPWMHM,addkajljdad
B0C1DGR2Z5,addkajljdad
B0DJT2JVPP,addkajljdad
B00BSGBB2Q,addkajljdad
B0CPPVWJHJ,addkajljdad
B0DF75TLL5,addkajljdad
B0D34X9WXF,addkajljdad
B0DF52LC4V,addkajljdad
B0DWRNW4DR,addkajljdad
B0DDCG6943,addkajljdad
B0CDCJ48XY,addkajljdad
B0DB2B6RRD,addkajljdad
B0D9GQQCWW,addkajljdad
B0D9NB9NK9,addkajljdad
B094VBLXKB,addkajljdad
B0D95FZYTN,addkajljdad
B0BN88M6YG,addkajljdad
B0D6BKKPZM,addkajljdad
B0D4QVNSZ7,addkajljdad
B0D5Y9XVTT,addkajljdad
B0DHKSZSWL,addkajljdad
B0D21N355P,addkajljdad
B0CK1NGK6C,addkajljdad
B0CYL4C9Y7,addkajljdad
B0C1YX6WN7,addkajljdad
B0CVX85TBT,addkajljdad
B002WZEU1G,addkajljdad
B0CTT7VXJY,addkajljdad
B0CSN39TVQ,addkajljdad
B0CTMGPYZW,addkajljdad
B0C9ZYJ98S,addkajljdad
B0CJ8X5JP6,addkajljdad
B0BWRC8H7N,addkajljdad
B0CFRD9SSR,addkajljdad
B07TYLG525,addkajljdad
B0CDC279LM,addkajljdad
B071P81RQK,addkajljdad
B0CC2MDBMY,addkajljdad
B0DXFHQTBL,addkajljdad
B0C9Z3Y79J,addkajljdad
B0DX1PXJ9K,addkajljdad
B0C3Q79BXK,addkajljdad
B0DVM9L3TL,addkajljdad
B0C241W6M1,addkajljdad
B0DTSQ8GSV,addkajljdad
B0BVLSC9LF,addkajljdad
B0DTNDQC9L,addkajljdad
B0BRK8T6Y8,addkajljdad
B0DT9BLJD5,addkajljdad
B0BMFZCZVV,addkajljdad
B0DSP3D574,addkajljdad
B0BCZ8FQSP,addkajljdad
B0DSMBWGMH,addkajljdad
B0DP99Q8ZJ,addkajljdad
B0D45W6JN1,addkajljdad
B0CFZXL7BN,addkajljdad
B0DDXZPXRR,addkajljdad
B0BTNY9ZZD,addkajljdad
B072FSB5ZL,addkajljdad
B0BT27TL2K,addkajljdad
B0D66KSPRY,addkajljdad
B0DQQ7HJ1K,addkajljdad
B0DWFLV12C,addkajljdad
B0DGQ4YS2K,addkajljdad
B0D41CY69M,addkajljdad
B0DG536CRR,addkajljdad
B0DJVZC1MZ,addkajljdad
B0DFLG9N9Q,addkajljdad
B0BQN4PJZ5,addkajljdad
B0764GYNTQ,addkajljdad
B0DP43P578,addkajljdad
B06ZY4N6SS,addkajljdad
B0DNPTKN55,addkajljdad
B00SRSADL8,addkajljdad
B0DNJJN4XS,addkajljdad
B0DNJHGCWH,addkajljdad
B0DMNL1LS3,addkajljdad
B0DLM7Y83H,addkajljdad
B0DLGYMQ43,addkajljdad
B0DKXCBQ1M,addkajljdad
B0DK1PPG2W,addkajljdad
B0DJY851C1,addkajljdad
B0DHRFN34W,addkajljdad
B0DHRCV9XH,addkajljdad
B0DHGVKJKJ,addkajljdad
B09ZYK6943,addkajljdad
B0DS7MMRLS,addkajljdad
B09X35KWK8,addkajljdad
B0DRJKH9MK,addkajljdad
B09WCNB3TT,addkajljdad
B0DQXPQWP2,addkajljdad
B097R54J4W,addkajljdad
B0DQW3F36N,addkajljdad
B08X1SV2TW,addkajljdad
B0DQ817L53,addkajljdad
B08GFKG39Z,addkajljdad
B0DPNFGD4G,addkajljdad
B0814T328T,addkajljdad
B0DPHK7ZH8,addkajljdad
B07BFGJ4FH,addkajljdad
B0DP4GRVM4,addkajljdad
B0DHG1CJRT,addkajljdad
B0DGWXJ78C,addkajljdad
B0DGQ1RBL3,addkajljdad
B0DGK8WGVT,addkajljdad
B0DGD3V36X,addkajljdad
B0DG2PJ68R,addkajljdad
B0DFMNK184,addkajljdad
B0DF79JP4W,addkajljdad
B0DDGBB1LR,addkajljdad
B0DDC8V3XN,addkajljdad
B0DD97XLD4,addkajljdad
B0DD11LY7Z,addkajljdad
B0DCZ1L925,addkajljdad
B0DCGD84PM,addkajljdad
B0DC45VX98,addkajljdad
B0DBZ9Y19T,addkajljdad
B0DBZ2LW2H,addkajljdad
B0DBW32BTZ,addkajljdad
B0DBGX9J5Q,addkajljdad
B0DB4QCSVZ,addkajljdad
B0DB2MPLDD,addkajljdad
B0D9PVSRYX,addkajljdad
B0D9LNFLTF,addkajljdad
B0D9GBHWQJ,addkajljdad
B0D7VPHT32,addkajljdad
B0D7V3T7LS,addkajljdad
B0D6W4GM11,addkajljdad
B0D6L4JJHR,addkajljdad
B0D6D7MBWH,addkajljdad
B0D5BHGNJ5,addkajljdad
B0D4YYQ73V,addkajljdad
B0D4V318GP,addkajljdad
B07QZ45K4M,addkajljdad
B07NK7DDVG,addkajljdad
B07MH186BM,addkajljdad
B07CD587ZV,addkajljdad
B076HRVH61,addkajljdad
B072PYZ2Y1,addkajljdad
B01MS1FJZV,addkajljdad
B01KKXJZRK,addkajljdad
B01JSG3BXO,addkajljdad
B00IZJIADM,addkajljdad
B006UP4PWS,addkajljdad
B004VRE7RA,addkajljdad
B004OWISAO,addkajljdad
B000M4FEGO,addkajljdad
B000HHOM2I,addkajljdad
B0CNWGQD6R,addkajljdad
B0CL21C1PB,addkajljdad
B0CKRTPGS4,addkajljdad
B0CJ2C179L,addkajljdad
B0CGLZ6N1V,addkajljdad
B0CB9D3KRN,addkajljdad
B0CB4P1N4X,addkajljdad
B0CB4LNSZ5,addkajljdad
B0CB3WHJVX,addkajljdad
B0C88DSZ2C,addkajljdad
B0C5TD6CTG,addkajljdad
B0C4GTT3VJ,addkajljdad
B0C2ZN442V,addkajljdad
B0BXKJ2991,addkajljdad
B0BTHCT6VP,addkajljdad
B0BQMDS1P8,addkajljdad
B0D3YCXKXM,addkajljdad
B0D37PP7YL,addkajljdad
B0D2N89934,addkajljdad
B0D1Y8BRGV,addkajljdad
B0D1FT6FZZ,addkajljdad
B0CZ8YWVJF,addkajljdad
B0CZ669SVZ,addkajljdad
B0CZ53WJ7P,addkajljdad
B0CY8C4BJH,addkajljdad
B0CXPY439D,addkajljdad
B0CX6CTY99,addkajljdad
B0CX543QTY,addkajljdad
B0CX4HCBGZ,addkajljdad
B0CX1NL473,addkajljdad
B0CQRJSCD7,addkajljdad
B0CQ21QZYK,addkajljdad
B0BFWVGCTM,addkajljdad
B0CCLYK4RK,addkajljdad
B09ZPTPBDW,addkajljdad
B0CC23P963,addkajljdad
B09Y6C8D67,addkajljdad
B084CYR55Y,addkajljdad
B07YPZDBJ6,addkajljdad
B0DZT87X65,addkajljdad
B07W95C1BJ,addkajljdad
B0DY1VN4FP,addkajljdad
B07JGLNRS8,addkajljdad
B0DXFDFHLC,addkajljdad
B07CTV88K6,addkajljdad
B0DXBB1WWK,addkajljdad
B077VWP7B5,addkajljdad
B0DX6RDQHC,addkajljdad
B0CYH57DSN,addkajljdad
B0DBHMG8QX,addkajljdad
B0BW9D8Q3J,addkajljdad
B07T57H153,addkajljdad
B0D7BL2KNN,addkajljdad
B0DNQ4CPHT,addkajljdad
B0D6YXRPVH,addkajljdad
B0CRH75RVZ,addkajljdad
B0D5CFC8WR,addkajljdad
B07D9WNTT2,addkajljdad
B0CZNXP6Z5,addkajljdad
B0D6R7CSM8,addkajljdad
B0CXPGD645,addkajljdad
B07DCGRR6S,addkajljdad
B0CSFDWKFC,addkajljdad
B0CFLGMSG2,addkajljdad
B0BL351RGG,addkajljdad
B0BG8GGMHM,addkajljdad
B0B6SBTQLK,addkajljdad
B09XV6P1RN,addkajljdad
B09TWQ68CN,addkajljdad
B09TV2LRJK,addkajljdad
B09NC1H2T3,addkajljdad
B09BZ7JNSX,addkajljdad
B09BCSZK1N,addkajljdad
B097YLGY6L,addkajljdad
B08ZJZ67J6,addkajljdad
B08R3TN4N9,addkajljdad
B08HSCVC5P,addkajljdad
B07ZCXBXDZ,addkajljdad
B07SQ3HXYY,addkajljdad
B07RZ48G9Z,addkajljdad
B0CP12TR7X,addkajljdad
B08GGC5F7M,addkajljdad
B0CH3D3SQD,addkajljdad
B0DB84N9SB,addkajljdad
B0CCVXWR47,addkajljdad
B0CQC341F4,addkajljdad
B0C7NB7J5S,addkajljdad
B0CNQ76BD3,addkajljdad
B0C6HSK6N4,addkajljdad
B0CHPK1YSH,addkajljdad
B0BZZB2ZGV,addkajljdad
B0D5QN4XZY,addkajljdad
B0BM9J99PR,addkajljdad
B0CTQCP7Y4,addkajljdad
B0BKSPL7FQ,addkajljdad
B0CCRNPN5B,addkajljdad
B0DTCNGZV4,addkajljdad
B0DSLT1H8X,addkajljdad
B0DSKH9M2K,addkajljdad
B0DRN5KP4R,addkajljdad
B0DR1M37TQ,addkajljdad
B0DQRNSHNV,addkajljdad
B0DQ1GYRZR,addkajljdad
B0DPWVXZ1G,addkajljdad
B0DPRPMXZG,addkajljdad
B0DPGZYXMF,addkajljdad
B0DP9F3KDS,addkajljdad
B0DP6R8QDZ,addkajljdad
B0DNK72VFP,addkajljdad
B0DM8YSFZ5,addkajljdad
B0DLKWP9NH,addkajljdad
B0DKNQ9GWW,addkajljdad
B0DKN36GHH,addkajljdad
B0DK8DLCXZ,addkajljdad
B0DK2RPHP8,addkajljdad
B0DJS96723,addkajljdad
B0DJ78SXP7,addkajljdad
B0DHZ7C5FT,addkajljdad
B0DHWV3MX1,addkajljdad
B0DH1VY87B,addkajljdad
B0DGQXGFC5,addkajljdad
B0DG97LWBP,addkajljdad
B0DG5J3SK6,addkajljdad
B0DFY2SJ6D,addkajljdad
B0DFW5GNP8,addkajljdad
B0DDXHN794,addkajljdad
B0DDTHN2C8,addkajljdad
B0DCBXY3DY,addkajljdad
B0DBZZ54R3,addkajljdad
B0DBQRMYXD,addkajljdad
B0DBD859DQ,addkajljdad
B0D9VCBB5R,addkajljdad
B0D9N5HYDK,addkajljdad
B0D8YP3PHW,addkajljdad
B0D7V6MY2F,addkajljdad
B0D794RZB5,addkajljdad
B0D736QQ15,addkajljdad
B0D6717FX5,addkajljdad
B0D4YQJ9PH,addkajljdad
B0D4YPM14X,addkajljdad
B0D4C7CH1Y,addkajljdad
B0D2XF1RD7,addkajljdad
B0D2KTP3DW,addkajljdad
B0D17975YS,addkajljdad
B0CZDN6ZL3,addkajljdad
B0CYLS9CZX,addkajljdad
B0CY57HVZ9,addkajljdad
B0CXSDV1GQ,addkajljdad
B0CW9R5GXJ,addkajljdad
B0CW9JQN54,addkajljdad
B0CSDLX3J5,addkajljdad
B0CSDF2LLG,addkajljdad
B0CRKPK91L,addkajljdad
B0CRKP6CZQ,addkajljdad
B0CR9RZRSW,addkajljdad
B0CQ4TDS4N,addkajljdad
B0CNP6H8VY,addkajljdad
B0CMCXJ4YD,addkajljdad
B0CMCK7Z9B,addkajljdad
B0CLD1YKW7,addkajljdad
B0CL5Y1RJX,addkajljdad
B0CK12P351,addkajljdad
B0CHYF8FWG,addkajljdad
B0CHVZY8DR,addkajljdad
B0CHVT1MVG,addkajljdad
B0CHM92HYF,addkajljdad
B0CFXPHRQ9,addkajljdad
B0CC277L3W,addkajljdad
B0C7BZK1X3,addkajljdad
B0C65M13HJ,addkajljdad
B0C5C3289D,addkajljdad
B0C36G1D76,addkajljdad
B0BZWYZGYX,addkajljdad
B0BZLJ65JZ,addkajljdad
B0BVM28BB7,addkajljdad
B0BRD4WMTY,addkajljdad
B0DQLJ5PGH,addkajljdad
B0DNJL1PR6,addkajljdad
B0B1BDWMH1,addkajljdad
B0CFK1ZTL4,addkajljdad
B0DK4Q62Z1,addkajljdad
B0887ZZBLW,addkajljdad
B0010YXJ1C,addkajljdad
B0DDTVWGSH,addkajljdad
B0DWKFK739,addkajljdad
B0BQT5587X,addkajljdad
B0BDGP7B2T,addkajljdad
B0B57L2N9L,addkajljdad
B09W28DXVB,addkajljdad
B09VG3V13S,addkajljdad
B09PYVDXBP,addkajljdad
B09NN9MDYD,addkajljdad
B09HS8YVBG,addkajljdad
B08SBDY863,addkajljdad
B08G59H1G1,addkajljdad
B086N2HXHB,addkajljdad
B07SBH95NB,addkajljdad
B07Q3RC7BB,addkajljdad
B07CHVYLCB,addkajljdad
B002SIVY9S,addkajljdad
B0BX5ZT7FN,addkajljdad
B09TK9R3GP,addkajljdad
B0D9H8RH2S,addkajljdad
B0DR97NBXR,addkajljdad
B0CGL78MD9,addkajljdad
B0DPZLNR58,addkajljdad
B0044F77US,addkajljdad
B0CYLVK8BZ,addkajljdad
B0CXQYX86W,addkajljdad
B0BVKWMM63,addkajljdad
B001FA6FB2,addkajljdad
B092QPVK1M,addkajljdad
B0DJBSWRZL,addkajljdad
B0CCM4FHWG,addkajljdad
B0CRYM5SV1,addkajljdad
B0D5MRHZY4,addkajljdad
B0CBMG1CHF,addkajljdad
B0D4YN1K42,addkajljdad
B09V119N1Q,addkajljdad
B0BZRZ6MKJ,addkajljdad
B0D9LF8GPN,addkajljdad
B0DDXFZC4B,addkajljdad
B07MYMNHZ2,addkajljdad
B0CY8FYNYM,addkajljdad
B0CPHJMMRW,addkajljdad
B0D8HYDS8G,addkajljdad
B09P4WY83X,addkajljdad
B0CNVQRHQT,addkajljdad
B0B6383V6Z,addkajljdad
B0CP553SKD,addkajljdad
B0D1QFJX45,addkajljdad
B0BQMBPHHB,addkajljdad
B0D8HXNR8L,addkajljdad
B0D3XCL3X5,addkajljdad
B0DMJLWXYC,addkajljdad
B0BXNC17XK,addkajljdad
B0DGGRCLL4,addkajljdad
B0DK3CG5B1,addkajljdad
B0CNVM3GL5,addkajljdad
B0CX8MR32D,addkajljdad
B0CRKKTZ9R,addkajljdad
B0CQBZ93PC,addkajljdad
B09GKMKZHJ,addkajljdad
B0DK1BW51V,addkajljdad
B0C5Y57S3T,addkajljdad
B08RCJR77R,addkajljdad
B0DF75RP4X,addkajljdad
B0CYLSK9CJ,addkajljdad
B0DBZ1Y23P,addkajljdad
B0DS6D3GDX,addkajljdad
B0D6BFRZK3,addkajljdad
B0DPZPYK22,addkajljdad
B0DP4F7BD3,addkajljdad
B0CGQCNR3D,addkajljdad
B0BYZQ48QK,addkajljdad
B0D1X3NJL2,addkajljdad
B0BRY5LWYX,addkajljdad
B0DM99F82L,addkajljdad
B09NWZY9P3,addkajljdad
B0CDV3NPZZ,addkajljdad
B089FF3JH3,addkajljdad
B0BFF1YPH6,addkajljdad
B07YJW4TJR,addkajljdad
B0BG5T6CPF,addkajljdad
B0DQGVDJVH,addkajljdad
B0DCRNZQP1,addkajljdad
B0C2YPKX43,addkajljdad
B0CZ9KFW49,addkajljdad
B09NPWPQV6,addkajljdad
B0CLP1NX32,addkajljdad
B09FS9V269,addkajljdad
B0CBM5R1LF,addkajljdad
B0D2HPCRD6,addkajljdad
B0C9XDSHMV,addkajljdad
B0CXTF9JTH,addkajljdad
B0BZPD8M64,addkajljdad
B09SPPZTJS,addkajljdad
B0BJJCVD4S,addkajljdad
B09QX9SG1D,addkajljdad
B0B9H9JZHH,addkajljdad
B08ZDGXC39,addkajljdad
B0B122ZH1K,addkajljdad
B01MXPUAKT,addkajljdad
B09QKMY91Q,addkajljdad
B0CP7GJP5H,addkajljdad
B08MC6K8M7,addkajljdad
B09WY5TGD6,addkajljdad
B0823H74RG,addkajljdad
B07G99N7BN,addkajljdad
B07FMHP29H,addkajljdad
B0CH7P7RXJ,addkajljdad
B0C5K1VSM7,addkajljdad
B0D6WN62G5,addkajljdad
B0D54956J9,addkajljdad
B0CZ6VK4R8,addkajljdad
B0CWSDCJHT,addkajljdad
B0CHFL9DXR,addkajljdad
B0DQ17BHYH,addkajljdad
B0CXHTM3SY,addkajljdad
B0DP67MC39,addkajljdad
B0D8TG3C74,addkajljdad
B0DM9GQ9R7,addkajljdad
B0D817XS25,addkajljdad
B0DPWPTMP1,addkajljdad
B0DPHDJCHY,addkajljdad
B0DPF9VVK6,addkajljdad
B0DP9WZ233,addkajljdad
B0DP9KWG3W,addkajljdad
B0DP4L8KTS,addkajljdad
B0DP4HTQY5,addkajljdad
B0DNZ1GB8S,addkajljdad
B0DNMQDYC3,addkajljdad
B0DNM7KFB7,addkajljdad
B0DNJG8YNR,addkajljdad
B0DN5Z5Q3X,addkajljdad
B0DN5HBS6H,addkajljdad
B0DN1XWP1Q,addkajljdad
B0DMSTLDS3,addkajljdad
B0DMF871K4,addkajljdad
B0DH3GJZHG,addkajljdad
B0DGQGGXDN,addkajljdad
B0DGLMK11T,addkajljdad
B0DG5DKLKW,addkajljdad
B0DFPQJ3KM,addkajljdad
B0DFM5TP7D,addkajljdad
B0DFBXHRY9,addkajljdad
B0DF27F6MJ,addkajljdad
B0DDXXVC2X,addkajljdad
B0DD2XK6ZY,addkajljdad
B0DCZ6Y7XH,addkajljdad
B0DCP15GBP,addkajljdad
B0DCMX24J1,addkajljdad
B0DCDV36ZK,addkajljdad
B0DBL2Y7PH,addkajljdad
B0DBGLWGSX,addkajljdad
B0CTH9JNDJ,addkajljdad
B0CSSGL1H7,addkajljdad
B0CSK68Y78,addkajljdad
B0CSDYVYF4,addkajljdad
B0CQQ78SXW,addkajljdad
B0CQMFHPWH,addkajljdad
B0CQC8N82W,addkajljdad
B0CQ48ZRHR,addkajljdad
B0CPWQJYKT,addkajljdad
B0CPPS56CB,addkajljdad
B0CP75R8FJ,addkajljdad
B0CP4PJZT4,addkajljdad
B0CNRB4G3N,addkajljdad
B0CMHV18L8,addkajljdad
B0CLK8JM39,addkajljdad
B0CLCWGK6Q,addkajljdad
B0DM5Z52MW,addkajljdad
B0DLNXFVTV,addkajljdad
B0DLGS4W3Y,addkajljdad
B0DKXP6W3R,addkajljdad
B0DKN48Q6W,addkajljdad
B0DKJYVJ73,addkajljdad
B0DKJPLPRB,addkajljdad
B0DKFDSQ4W,addkajljdad
B0DJZKKDPM,addkajljdad
B0DJM4JLCP,addkajljdad
B0DJKRJWGY,addkajljdad
B0DJCJR7MF,addkajljdad
B0DJ33G8WL,addkajljdad
B0DHKV2WVB,addkajljdad
B0DHKKXYFP,addkajljdad
B0DHGPV2M8,addkajljdad
B0BLCSRXHX,addkajljdad
B0BJL5ZL69,addkajljdad
B0BB3D11SF,addkajljdad
B09XXPYTB2,addkajljdad
B08SWDJX4L,addkajljdad
B006GDB518,addkajljdad
B00606HTAC,addkajljdad
B0F1C8RGHQ,addkajljdad
B0DZ26JR5F,addkajljdad
B0DYZW8R3F,addkajljdad
B0DYD7H31F,addkajljdad
B0DY7WGYL9,addkajljdad
B0DY7V553V,addkajljdad
B0DXP7B37C,addkajljdad
B0DXD624SJ,addkajljdad
B0DWX471ZK,addkajljdad
B0DWW6TFLQ,addkajljdad
B0DTY7WN5C,addkajljdad
B0DTTL9DV2,addkajljdad
B0DT41TSZS,addkajljdad
B0DSZLBKZ4,addkajljdad
B0DSW6GCSX,addkajljdad
B0DSSHM7LN,addkajljdad
B0DSG9NLKX,addkajljdad
B0DS44X6D8,addkajljdad
B0DRNCYSKG,addkajljdad
B0DRG5S854,addkajljdad
B0DRG22D4B,addkajljdad
B0DRDNY5J2,addkajljdad
B0DR4GB4LS,addkajljdad
B0DQ3NTTKL,addkajljdad
B0DQ1SC7VX,addkajljdad
B0D3B22DXP,addkajljdad
B0D2DT7M8G,addkajljdad
B0D1NWLY2F,addkajljdad
B0D141T26T,addkajljdad
B0D12CQG9M,addkajljdad
B0CZNWYT1T,addkajljdad
B0CZLP3D2K,addkajljdad
B0CYZZQN92,addkajljdad
B0CYZXFSRB,addkajljdad
B0CYXY5T1G,addkajljdad
B0CYBSXM4F,addkajljdad
B0CXH2VDY4,addkajljdad
B0CWS6L946,addkajljdad
B0CWRHY718,addkajljdad
B0CWGLYT5W,addkajljdad
B0CVXKG45Y,addkajljdad
B0DB5WXRRD,addkajljdad
B0D9XGNC75,addkajljdad
B0D979ZLJP,addkajljdad
B0D8WMRVPZ,addkajljdad
B0D8WBP6DG,addkajljdad
B0D87CL348,addkajljdad
B0D7NYBQXV,addkajljdad
B0D78R2YY4,addkajljdad
B0D6FFS5N2,addkajljdad
B0D6BLLPBV,addkajljdad
B0D57X35KX,addkajljdad
B0D4F8LXXC,addkajljdad
B0D4DTSMWY,addkajljdad
B0D3TC1Z7Q,addkajljdad
B0D3FCMZXK,addkajljdad
B0D3D3S584,addkajljdad
B0C53L12FK,addkajljdad
B0C4T6DX4F,addkajljdad
B0C244Q4LR,addkajljdad
B0BYXGVL1B,addkajljdad
B0BV9L2H8F,addkajljdad
B0BV9JXW82,addkajljdad
B0BTZ2FL61,addkajljdad
B0BT7ZQVQJ,addkajljdad
B0BRNLHGSW,addkajljdad
B0BM1M1N2D,addkajljdad
B0BLH6T8WZ,addkajljdad
B0BLBH3NLV,addkajljdad
B0BKSW442T,addkajljdad
B0BGYBLLZ4,addkajljdad
B0BDRNYM11,addkajljdad
B0B7242GC7,addkajljdad
B0B2K7T62L,addkajljdad
B0B1MWWGXG,addkajljdad
B09S7ZZM59,addkajljdad
B09S7H71TH,addkajljdad
B09P624T18,addkajljdad
B09NLS7XFL,addkajljdad
B09LVRVLBG,addkajljdad
B098JR7JCV,addkajljdad
B095SZNN33,addkajljdad
B08R752K6K,addkajljdad
B08Q39VK8R,addkajljdad
B08HW12R8M,addkajljdad
B08HRSLGYJ,addkajljdad
B08GZ345SC,addkajljdad
B0894QLNQV,addkajljdad
B088877VPC,addkajljdad
B0CKLTX86Q,addkajljdad
B0CKHM7F61,addkajljdad
B0CK51PZPR,addkajljdad
B0CK2D556K,addkajljdad
B0CJC96ST7,addkajljdad
B0CJ244KKM,addkajljdad
B0CHNYSGSC,addkajljdad
B0CHGLT9JR,addkajljdad
B0CGHGZHQ2,addkajljdad
B0CG1C67RF,addkajljdad
B0CFDVZSVV,addkajljdad
B0CCJ2DTPS,addkajljdad
B0C9VCCNXF,addkajljdad
B0C9V7NFRQ,addkajljdad
B0C89DVCKC,addkajljdad
B0C5BZDHN4,addkajljdad
B083W9RLZW,addkajljdad
B07ZHP5B8D,addkajljdad
B07YQQ9R8D,addkajljdad
B07R3RR7Q8,addkajljdad
B07MVVGRVJ,addkajljdad
B019KOJJEE,addkajljdad
B00XAKBGIC,addkajljdad
B00DV9090S,addkajljdad
B006Z9VY82,addkajljdad
B0CYLWN9TY,addkajljdad
B0DBR9BG1Q,addkajljdad
B07SBH5BSZ,addkajljdad
B0D8THS7CS,addkajljdad
B0D9MF1VHK,addkajljdad
B0D4QG7P4M,addkajljdad
B0CDM9BMCY,addkajljdad
B0D3HP5KQ4,addkajljdad
B0CV511QVL,addkajljdad
B0CYSSL5LN,addkajljdad
B0BZR8LV96,addkajljdad
B0CX7VXD54,addkajljdad
B00EJXT6AY,addkajljdad
B0CW5YQQ7P,addkajljdad
B0C6M58J7M,addkajljdad
B0CSG9CNH9,addkajljdad
B0DBQMWP14,addkajljdad
B0CZRVXM2J,addkajljdad
B0D1C89XLW,addkajljdad
B0DYF13CC8,addkajljdad
B0DRCTMR13,addkajljdad
B0B76NRV81,addkajljdad
B0D12N2VV5,addkajljdad
B0DQ517H83,addkajljdad
B0CYHH9GZ5,addkajljdad
B0DPK45K1B,addkajljdad
B0CLXYZF1X,addkajljdad
B0DHGVN9ZK,addkajljdad
B08MQMBX74,addkajljdad
B0DFLBH4PJ,addkajljdad
B0DG3K27GJ,addkajljdad
B0DCYYHP4B,addkajljdad
B0058W7X6E,addkajljdad
B0CQ7972RJ,addkajljdad
B0CKRD29XV,addkajljdad
B0CPBPV2ZG,addkajljdad
B0CNV9CW6K,addkajljdad
B0CJZMMNJX,addkajljdad
B0CB3M37YV,addkajljdad
B0CGLD6B71,addkajljdad
B0DQ9K1L28,addkajljdad
B0CG5W95X6,addkajljdad
B0DHKCNSCN,addkajljdad
B0CF92R81S,addkajljdad
B0C61DP879,addkajljdad
B0C7VLSCXM,addkajljdad
B0BX5BFMDZ,addkajljdad
B0C5QBJ41B,addkajljdad
B0DPV12NSK,addkajljdad
B0DPPRCT9P,addkajljdad
B0DPN9G6RQ,addkajljdad
B0DPMMT4ZP,addkajljdad
B0DPK821XZ,addkajljdad
B0DPBXZ54V,addkajljdad
B0DP8KQ3HP,addkajljdad
B0DNQ539D4,addkajljdad
B0DNMSTFFR,addkajljdad
B0DNMSFYRQ,addkajljdad
B0DNLYP5PF,addkajljdad
B0DNLNTJ2M,addkajljdad
B0DNJH9HV7,addkajljdad
B0DNFRHBH3,addkajljdad
B0DN5PGHVL,addkajljdad
B0DMSC33MC,addkajljdad
B0CXPY3NTD,addkajljdad
B0C5M5T5KC,addkajljdad
B0CM64CPPC,addkajljdad
B0C4NWRPLQ,addkajljdad
B0BZ4D1VSD,addkajljdad
B0C3GPQ7Z9,addkajljdad
B082VLQQPN,addkajljdad
B0BTM5D8XQ,addkajljdad
B082P7739G,addkajljdad
B0BSFG1PHK,addkajljdad
B00BM8FMHU,addkajljdad
B0BHR3V133,addkajljdad
B0DG643QZ2,addkajljdad
B0BG5VMLG7,addkajljdad
B0DF8757RG,addkajljdad
B09VMYS84C,addkajljdad
B0F1FFWK93,addkajljdad
B07KVRVS53,addkajljdad
B0DZBXW8JV,addkajljdad
B07G34TTL2,addkajljdad
B0DYJYFLGL,addkajljdad
B00EN480CY,addkajljdad
B0DYDB5DD7,addkajljdad
B0DXPQBZ28,addkajljdad
B0DXPNQHSH,addkajljdad
B0DX6NY3VC,addkajljdad
B0DX1N93S6,addkajljdad
B0DWX3MYGH,addkajljdad
B0DWMV2HNF,addkajljdad
B0DW8WBSMX,addkajljdad
B0DW8W68Q1,addkajljdad
B0DTPSZ2C5,addkajljdad
B0DTP4CRG5,addkajljdad
B0DTJ3N5Q7,addkajljdad
B0DT9NKMGS,addkajljdad
B0DT8SD5RS,addkajljdad
B0DT4C7KN7,addkajljdad
B0DT1HNYFK,addkajljdad
B0DT19K1MZ,addkajljdad
B0DSJ37L4G,addkajljdad
B0DRFC66FZ,addkajljdad
B0DR8CCXPK,addkajljdad
B0DQWX5NGR,addkajljdad
B0DQVMPLS6,addkajljdad
B0DQTP948L,addkajljdad
B0DQPLKGRC,addkajljdad
B0DQLMK1MY,addkajljdad
B0DQ576SVJ,addkajljdad
B0DJ2Z3VPT,addkajljdad
B0DJ28XH51,addkajljdad
B0DJ1B2J57,addkajljdad
B0DHXBNX62,addkajljdad
B0DHQV85BG,addkajljdad
B0DHKKNG35,addkajljdad
B0DFPQR14L,addkajljdad
B0DFM4LM8Z,addkajljdad
B0DF67X9BR,addkajljdad
B0DDKRKYNV,addkajljdad
B0DDGXL2NQ,addkajljdad
B0DDG3DDK3,addkajljdad
B0DDFY3WZ2,addkajljdad
B0DD75KCQK,addkajljdad
B0DCZ2VR6V,addkajljdad
B0DCFYQ772,addkajljdad
B0DCBDCRC3,addkajljdad
B0DC6QD2Q4,addkajljdad
B0DC57XZYH,addkajljdad
B0DBZ8R9RW,addkajljdad
B0D9Y45HY5,addkajljdad
B0D9VG3374,addkajljdad
B0D9V7MYV6,addkajljdad
B0D9MKQBT2,addkajljdad
B0D9F66S6M,addkajljdad
B0D99ZPGD5,addkajljdad
B0D964YVD6,addkajljdad
B0D93BLYLR,addkajljdad
B0D8T8JL75,addkajljdad
B0D8DKPM3P,addkajljdad
B0D876JTQP,addkajljdad
B0D81G9Y16,addkajljdad
B0D7W8V6BD,addkajljdad
B0D7T8CMX5,addkajljdad
B0D7PX1N4S,addkajljdad
B0D7J6KWH4,addkajljdad
B0D7BK6ZJK,addkajljdad
B0D6KKWFY4,addkajljdad
B0D6GHGS1M,addkajljdad
B0D5YTH8BQ,addkajljdad
B0D4YTWLQC,addkajljdad
B0D4QLVZV4,addkajljdad
B0D495GR3L,addkajljdad
B0D3XK7YPV,addkajljdad
B0D3QM92FS,addkajljdad
B0D3Q2WKNS,addkajljdad
B0D3FKNXHR,addkajljdad
B0D2VZWNTX,addkajljdad
B0DMKMPRVM,addkajljdad
B0DM4W753P,addkajljdad
B0DM4VM1DW,addkajljdad
B0DLWCJGKM,addkajljdad
B0DLP35WKG,addkajljdad
B0DLNJ5ZVR,addkajljdad
B0DLHDCB91,addkajljdad
B0DLGFP612,addkajljdad
B0DKXZ4L7K,addkajljdad
B0DKXCBQ8S,addkajljdad
B0DKNWH1H3,addkajljdad
B0DKN7KSDK,addkajljdad
B0DK9SNH2F,addkajljdad
B0DJST129J,addkajljdad
B0DJR4PV5G,addkajljdad
B0DJPB2S1Q,addkajljdad
B0CQ833PF4,addkajljdad
B0CPHQ8MGK,addkajljdad
B0CPHMTL62,addkajljdad
B0CPC55LWV,addkajljdad
B0CNP999XL,addkajljdad
B0CN4GQFY5,addkajljdad
B0CLVWK8QL,addkajljdad
B0CLD2FS1X,addkajljdad
B0CKYD8J66,addkajljdad
B0CKPH543W,addkajljdad
B0CKH4LFMT,addkajljdad
B0CJFSBYHZ,addkajljdad
B0CGWTHJVB,addkajljdad
B0CGTCXFKR,addkajljdad
B0CD727KL2,addkajljdad
B0CCPQHRDM,addkajljdad
B0CCMRXG8X,addkajljdad
B0CCK5ZCZ2,addkajljdad
B0CB5QNKQX,addkajljdad
B0C7K6VN6M,addkajljdad
B0C3TJ2RML,addkajljdad
B0C2QNP351,addkajljdad
B0C2K29KWC,addkajljdad
B0C1ZCH87D,addkajljdad
B0C1RTZ5D7,addkajljdad
B0C1FX5F1Y,addkajljdad
B0C146RL12,addkajljdad
B0BZMH5HZS,addkajljdad
B0BYC97M8Z,addkajljdad
B0BVQ6WGFC,addkajljdad
B0BV6Q71CF,addkajljdad
B0BMPWRXWT,addkajljdad
B0D2HJ4TMT,addkajljdad
B0D2CHD1S3,addkajljdad
B0D1XZ6R4N,addkajljdad
B0D1VD78JV,addkajljdad
B0D1PC46G4,addkajljdad
B0D1KPPJXG,addkajljdad
B0D1HS76WQ,addkajljdad
B0D1G2DJPV,addkajljdad
B0CZDLFZSP,addkajljdad
B0CZ6QSVGP,addkajljdad
B0CZ44Z5NK,addkajljdad
B0CYX3CHSF,addkajljdad
B0CYQ8R5W3,addkajljdad
B0CWG8WQP4,addkajljdad
B0CW1TL5YW,addkajljdad
B0CRVNY46S,addkajljdad
B0BMB9KW56,addkajljdad
B0BM46HQWP,addkajljdad
B0BFQVY68Y,addkajljdad
B0B8D8SHH7,addkajljdad
B0B4PNY4CL,addkajljdad
B0B4KG566Y,addkajljdad
B09WWVGX6C,addkajljdad
B09T35GV7L,addkajljdad
B09SCL12SN,addkajljdad
B09PQS5N7Q,addkajljdad
B09JSYG5JN,addkajljdad
B09FY23N5B,addkajljdad
B09C1JJS2V,addkajljdad
B07XJB53MW,addkajljdad
B074PPZM96,addkajljdad
B01G71XWDW,addkajljdad
B0DM5CD3TZ,addkajljdad
B0DS2H78B3,addkajljdad
B0DK5QDCLJ,addkajljdad
B0DR15XYZM,addkajljdad
B0CHJ6LJYB,addkajljdad
B0DHBW265F,addkajljdad
B0D8XS5CGM,addkajljdad
B09FJXBWQF,addkajljdad
B0D5DGXFWH,addkajljdad
B08QYVFMQD,addkajljdad
B0CWVJL456,addkajljdad
B08PFG6NGZ,addkajljdad
B0CD5XMKG8,addkajljdad
B08P1CXFTK,addkajljdad
B0BS6QKQPQ,addkajljdad
B089Y3MJSX,addkajljdad
B01MG0G81K,addkajljdad
B0899WT9J9,addkajljdad
B015FKLH06,addkajljdad
B087ZX2SDB,addkajljdad
B00ZO7HN5Y,addkajljdad
B07W6WK4F6,addkajljdad
B017OKZPXK,addkajljdad
B016ZEN21I,addkajljdad
B005EM5W8O,addkajljdad
B004VNU6XS,addkajljdad
B0BTMB1CYK,addkajljdad
B01C3H1G3C,addkajljdad
B06X3VQ5GL,addkajljdad
B0BK8R6TBM,addkajljdad
B0B835MVY6,addkajljdad
B0CDPZ5LP1,addkajljdad
B0D6R3SCPV,addkajljdad
B0BXS4CG48,addkajljdad
B07R5SZBWB,addkajljdad
B0DR8CLGHZ,addkajljdad
B0D6G467RS,addkajljdad
B07CQ57MYW,addkajljdad
B07D54T7PX,addkajljdad
B0D1K4245N,addkajljdad
B0DT2WRGXN,addkajljdad
B00OXTQSHS,addkajljdad
B0DSVZYFDS,addkajljdad
B0CXH172JT,addkajljdad
B07ZPF7L3R,addkajljdad
B0D7ZWWM1C,addkajljdad
B0CS3MFM6P,addkajljdad
B0BLTMKV43,addkajljdad
B0DPL6KX78,addkajljdad
B0B4W6DQYG,addkajljdad
B0CG3CRCSH,addkajljdad
B0DHGT9625,addkajljdad
B0CLNZFKK5,addkajljdad
B0BWHBMVS4,addkajljdad
B0C9LLW56W,addkajljdad
B08CR9GJVY,addkajljdad
B0048YXCFE,addkajljdad
B074FFHVFP,addkajljdad
B0BDVQ8M1T,addkajljdad
B01N11UYLY,addkajljdad
B0DM8ZP7Z4,addkajljdad
B0BX97GCYV,addkajljdad
B000AAW0BW,addkajljdad
B0DK3ND4BN,addkajljdad
B008HQ47LW,addkajljdad
B0DHXYHXNV,addkajljdad
B0DJBK9T4S,addkajljdad
B0CCZ6HL18,addkajljdad
B0CSJNQMPR,addkajljdad
B08LHG3955,addkajljdad
B0BH58KZK4,addkajljdad
B0C6F762L3,addkajljdad
B0D3YCDJNW,addkajljdad
B07HXWQ3MZ,addkajljdad
B06ZZS3KYW,addkajljdad
B0C4H9JMBG,addkajljdad
B0D92DR5V7,addkajljdad
B07FXVL4BK,addkajljdad
B01MZCNZGT,addkajljdad
B0DM23K1TH,addkajljdad
B0C6PH3PJT,addkajljdad
B07R7VH8D5,addkajljdad
B0BGLTNZ7T,addkajljdad
B0DMSS3TQ7,addkajljdad
B0D88PYV2V,addkajljdad
B074JG6JV7,addkajljdad
B0CJJWBL7C,addkajljdad
B07ZJYHG8B,addkajljdad
B08PQHCPV5,addkajljdad
B071LHZ4HR,addkajljdad
B0CH9QL4S5,addkajljdad
B0CC5755LR,addkajljdad
B0CKSRBBGX,addkajljdad
B0BG6L714H,addkajljdad
B0BVS9BJ5P,addkajljdad
B0B8MWJRPW,addkajljdad
B005RS5JYM,addkajljdad
B016C4YH4C,addkajljdad
B08SYBVTJD,addkajljdad
B07N4KCZGK,addkajljdad
B0CD1XQLB7,addkajljdad
B0881Y1PS4,addkajljdad
B0DB6Q1QXV,addkajljdad
B0CNXWMKTX,addkajljdad
B0186D7Q54,addkajljdad
B0DPXL48ZZ,addkajljdad
B0BRHWGR9K,addkajljdad
B0D34DF93F,addkajljdad
B0DP2YCB7L,addkajljdad
B0C8NJXWB4,addkajljdad
B00FW6VMD6,addkajljdad
B0DHKHTH77,addkajljdad
B0CM6N79D9,addkajljdad
B0DDPVC22N,addkajljdad
B0BT9Q2D95,addkajljdad
B0DCFWPBDF,addkajljdad
B00TAHPGJO,addkajljdad
B0DHD3J7XC,addkajljdad
B0DGGPD58N,addkajljdad
B0B6HYSFBF,addkajljdad
B0CCS5PKJY,addkajljdad
B0D7H9GQWY,addkajljdad
B0DDBRJ8M4,addkajljdad
B0CSYRG4QR,addkajljdad
B0B2P7H5MW,addkajljdad
B0D28TJCMV,addkajljdad
B0DYQFRJ56,addkajljdad
B01MCR84QY,addkajljdad
B0CZ3YRKL6,addkajljdad
B0CM8MZR2C,addkajljdad
B0CS6HWNV5,addkajljdad
B0CVRW93R1,addkajljdad
B0C4GZLC12,addkajljdad
B0C6QCRJYN,addkajljdad
B0C3VPQN2V,addkajljdad
B09SFBDNMJ,addkajljdad
B0BB7HK4T2,addkajljdad
B08R983PT1,addkajljdad
B0D4LMLMH5,addkajljdad
B0CLZMB9WZ,addkajljdad
B0CCJBN8GP,addkajljdad
B0CSPQYGH8,addkajljdad
B0C1SDLMGY,addkajljdad
B0DK1SWW9X,addkajljdad
B0CVQ8J33M,addkajljdad
B07T7FSCN1,addkajljdad
B00VWIGSAK,addkajljdad
B0CDWJM582,addkajljdad
B0BS6M5KFZ,addkajljdad
B0CWPG4LKC,addkajljdad
B0CRL45KDX,addkajljdad
B0CQFKGYBD,addkajljdad
B0DG1TTG88,addkajljdad
B0CMLWBFP1,addkajljdad
B0DLT25VJC,addkajljdad
B0CJQZP7D1,addkajljdad
B0D1VFXT59,addkajljdad
B0CHMSYVKL,addkajljdad
B0D12T5QR4,addkajljdad
B0CC2QKBQW,addkajljdad
B09BK342CT,addkajljdad
B0CBL2DBX1,addkajljdad
B0813T5Z35,addkajljdad
B0BTDH55ZH,addkajljdad
B002EL85EG,addkajljdad
B0C1FQY3T8,addkajljdad
B0013625TY,addkajljdad
B0D9GQ7WVS,addkajljdad
B0C2J14KLM,addkajljdad
B0D1C4Z5Q6,addkajljdad
B0CF2BQ7CP,addkajljdad
B0C9PTWS2P,addkajljdad
B0BQM7Z1QH,addkajljdad
B0D58XR8T6,addkajljdad
B09MRVW5D2,addkajljdad
B00IVBF352,addkajljdad
B0D1KGV361,addkajljdad
B0CBXPBLR7,addkajljdad
B0BZSPD5MB,addkajljdad
B0BX75N2P5,addkajljdad
B0DBTRBZ8V,addkajljdad
B0BM8SVG9F,addkajljdad
B0CHZXRNX8,addkajljdad
B0BLJZ8TNG,addkajljdad
B0D5R3CZSG,addkajljdad
B0B28XHLSS,addkajljdad
B0CFHR3891,addkajljdad
B0819B62YV,addkajljdad
B0BL77R8QG,addkajljdad
B0D7ZSSN9L,addkajljdad
B07X6JGFSD,addkajljdad
B074P4T56Z,addkajljdad
B06XJKS6XD,addkajljdad
B08Y73TQH3,addkajljdad
B00KTD8PLE,addkajljdad
B0CRCVLJBS,addkajljdad
B09ZPJMJPC,addkajljdad
B0D3P8TXWT,addkajljdad
B0CQV316ZC,addkajljdad
B0CJC9YLYZ,addkajljdad
B0C7BX5DXK,addkajljdad
B08938C36Z,addkajljdad
B0F1CDL1CG,addkajljdad
B0DTJWG764,addkajljdad
B0DTF9DZZG,addkajljdad
B0DT4KFTMZ,addkajljdad
B0DT34ZN4Q,addkajljdad
B0DSYXS6JX,addkajljdad
B0DSBW518G,addkajljdad
B0DS6G8BKT,addkajljdad
B0DS4482PF,addkajljdad
B0DS2S4XNP,addkajljdad
B0DPMH7G12,addkajljdad
B0DPM3GCPR,addkajljdad
B0DPKXRT1G,addkajljdad
B0DP8ZHLM1,addkajljdad
B0DNZ35FJ2,addkajljdad
B0DNYZ6YVH,addkajljdad
B0DMVNSFN1,addkajljdad
B0DM78YLPJ,addkajljdad
B0DM26Q85L,addkajljdad
B0DLX25ZXN,addkajljdad
B0DLB1CBFF,addkajljdad
B0DL5R25FS,addkajljdad
B0DKNHLXB9,addkajljdad
B0DJNDV7RJ,addkajljdad
B0DHZ5YSDG,addkajljdad
B0DHWX98M4,addkajljdad
B0DRZF6NRZ,addkajljdad
B0DRVG6L8J,addkajljdad
B0DRSQ6W18,addkajljdad
B0DRJF239N,addkajljdad
B0DRG2H2F1,addkajljdad
B0DRDD8GD4,addkajljdad
B0DR8LFVS7,addkajljdad
B0DR7QBY8Y,addkajljdad
B0DR4DQZB4,addkajljdad
B0DQPQHBL9,addkajljdad
B0DQKGCF98,addkajljdad
B0DQ989C9F,addkajljdad
B0DQ7YXBPX,addkajljdad
B0DQ4GXZG6,addkajljdad
B0DPQB1YFN,addkajljdad
B0DPPJDJ72,addkajljdad
B0DBQF7NV3,addkajljdad
B0D9VTB9DF,addkajljdad
B0D9GH669W,addkajljdad
B0D9BFJ3WX,addkajljdad
B0D95XYZLF,addkajljdad
B0D8TSH1V8,addkajljdad
B0D8TJX2KF,addkajljdad
B0D7P5P6GQ,addkajljdad
B0D6KX5RR1,addkajljdad
B0D69HXXRG,addkajljdad
B0D66S6GF2,addkajljdad
B0D4DQ8KKY,addkajljdad
B0D4D89253,addkajljdad
B0D498LGCM,addkajljdad
B0D3SWS92Z,addkajljdad
B0D3PRVJL1,addkajljdad
B0DHRNZ74J,addkajljdad
B0DHPP612W,addkajljdad
B0DHGNGHXX,addkajljdad
B0DH356VZH,addkajljdad
B0DGG1B7SK,addkajljdad
B0DGFZVP7Z,addkajljdad
B0DFQLGPBX,addkajljdad
B0DFJ1TFTW,addkajljdad
B0DF5GKL6R,addkajljdad
B0DF2L8V33,addkajljdad
B0DDKSFD5X,addkajljdad
B0DDKDCQZH,addkajljdad
B0DCJ9FKF4,addkajljdad
B0DC97WJ5C,addkajljdad
B0DBZJ31Q3,addkajljdad
B0DBRCXNMB,addkajljdad
B0CTJYN7RG,addkajljdad
B0CTH6KT9X,addkajljdad
B0CTCC49M7,addkajljdad
B0CT5JRK8X,addkajljdad
B0CSRBJJHW,addkajljdad
B0CRSVRJM2,addkajljdad
B0CRDBDN1K,addkajljdad
B0CQV3DW7C,addkajljdad
B0CQCTK53P,addkajljdad
B0CQ8CKVBZ,addkajljdad
B0CQ514LYC,addkajljdad
B0CPXQKYPD,addkajljdad
B0CPSPNP72,addkajljdad
B0CNCN1PJB,addkajljdad
B0CMZS7FLB,addkajljdad
B0CLRMYC86,addkajljdad
B0D3LVY95W,addkajljdad
B0D3HTT2ZX,addkajljdad
B0D3B8LDBJ,addkajljdad
B0D2Y5ZHWJ,addkajljdad
B0D2TNKRXS,addkajljdad
B0D2HL4K8G,addkajljdad
B0CZ11QSX7,addkajljdad
B0CYRSJCLH,addkajljdad
B0CXYBWW5X,addkajljdad
B0CXBK5HZC,addkajljdad
B0CX1PJY19,addkajljdad
B0CWVJ1NLN,addkajljdad
B0CWRGDBV8,addkajljdad
B0CWN5RVST,addkajljdad
B0CVNGRD3D,addkajljdad
B0CTMQ894R,addkajljdad
B0CL298ZCD,addkajljdad
B0CK6JHBZM,addkajljdad
B0CK6HCF2X,addkajljdad
B0CJQXW8MY,addkajljdad
B0CGR97JK7,addkajljdad
B0CF9RYT6K,addkajljdad
B0CCNFRJQ7,addkajljdad
B0CCMMY4SW,addkajljdad
B0C7W7QDGT,addkajljdad
B0C7FR67MJ,addkajljdad
B0C784D7T7,addkajljdad
B0C2QP5XXF,addkajljdad
B0C21RXZKX,addkajljdad
B0BY9QPKKB,addkajljdad
B0BPN24FYT,addkajljdad
B0BMM62C8S,addkajljdad
B094PFJM6K,addkajljdad
B08QZWNMWQ,addkajljdad
B08GQG8HGV,addkajljdad
B08BSZ1ZS6,addkajljdad
B087T2G61M,addkajljdad
B086QQRXQ7,addkajljdad
B084BXMD98,addkajljdad
B07VMH7FHQ,addkajljdad
B07N33J2PX,addkajljdad
B07GVSFX2T,addkajljdad
B07G4M1NZY,addkajljdad
B01NB1MSX8,addkajljdad
B01J4HRD3G,addkajljdad
B01C7PDSRW,addkajljdad
B018FLZHXA,addkajljdad
B015B497S0,addkajljdad
B0BLMJD6DY,addkajljdad
B0BKQDP3CM,addkajljdad
B0BKKQ6JPH,addkajljdad
B0BDDWGF22,addkajljdad
B0B61DNYS1,addkajljdad
B09ZL79R4T,addkajljdad
B09VG197SZ,addkajljdad
B09TRYQVYK,addkajljdad
B09QBD9VP4,addkajljdad
B09NM761Q1,addkajljdad
B09MJ2KPZW,addkajljdad
B09HV3DQCF,addkajljdad
B099ZC7929,addkajljdad
B095LCSRG2,addkajljdad
B0957ZMGCB,addkajljdad
B094RGZWDD,addkajljdad
B010GC1E42,addkajljdad
B00ZQEJI0S,addkajljdad
B00ZG9T32Q,addkajljdad
B00NO1XFFO,addkajljdad
B00LPYOKH4,addkajljdad
B00LPYOG64,addkajljdad
B00GT5N70A,addkajljdad
B00GPA76QK,addkajljdad
B009HUFDO2,addkajljdad
B0090S9536,addkajljdad
B0066867FW,addkajljdad
B005QUUKFY,addkajljdad
B0052CP5TW,addkajljdad
B004VS89YQ,addkajljdad
B004SIFQ36,addkajljdad
B004JUUTXA,addkajljdad
B0049VUE9S,addkajljdad
B000IDXC0E,addkajljdad
B0009ALW58,addkajljdad
B0CGMNT7FK,addkajljdad
B0D3DSFRZ6,addkajljdad
B0C9VY7BZ7,addkajljdad
B0DNR27SGJ,addkajljdad
B0C4TDYBV9,addkajljdad
B0DG5S1PLH,addkajljdad
B0BSGF17ST,addkajljdad
B0CSTGV34D,addkajljdad
B0BLK4433T,addkajljdad
B0C6T651FS,addkajljdad
B0B64BH5S7,addkajljdad
B0C6HKMSLR,addkajljdad
B09W4WT4MN,addkajljdad
B008FVCTX2,addkajljdad
B09VXPLZ3F,addkajljdad
B0D1CC68D8,addkajljdad
B0C8ZNYVW8,addkajljdad
B0CSKF7P7F,addkajljdad
B0DBV1K2WT,addkajljdad
B0DCYR7KCB,addkajljdad
B0D2L4YG59,addkajljdad
B008LXQH32,addkajljdad
B0CN2VKQG5,addkajljdad
B0D2KLPRFY,addkajljdad
B08CXD1L7X,addkajljdad
B0B6BWKR6S,addkajljdad
B0CWLGGKH1,addkajljdad
B0D7CFR3ZN,addkajljdad
B0CSYM6QP7,addkajljdad
B0CYZBMJRL,addkajljdad
B0CP3TZV4F,addkajljdad
B0CTK7LG3S,addkajljdad
B08W9MKQWW,addkajljdad
B0CLL3PR21,addkajljdad
B07QYL139F,addkajljdad
B0DM4KG9K5,addkajljdad
B07K428GR5,addkajljdad
B0CQX9VSGR,addkajljdad
B079NLQKK2,addkajljdad
B0DNFFVL7Z,addkajljdad
B077MX8K3Z,addkajljdad
B0BWHL6M95,addkajljdad
B077G1WJZ5,addkajljdad
B09MH7LZTR,addkajljdad
B01B4JU1E0,addkajljdad
B08DBYWS5S,addkajljdad
B0BJ7L498M,addkajljdad
B07VBGLFQ6,addkajljdad
B07BR45XQZ,addkajljdad
B09WXQGH2B,addkajljdad
B08J3Q8SZD,addkajljdad
B00RD3QX08,addkajljdad
B0DL918S2V,addkajljdad
B0CY796YGX,addkajljdad
B0CJMX2XDZ,addkajljdad
B0C61G76WG,addkajljdad
B0C49J6DKZ,addkajljdad
B09NM9DHQ7,addkajljdad
B08TX7BB65,addkajljdad
B00HJAA62G,addkajljdad
B0F1C25V4L,addkajljdad
B0DZHMHLC6,addkajljdad
B0DTPVJM7S,addkajljdad
B0DSVD17HV,addkajljdad
B0DQCMMW4J,addkajljdad
B0DQBZH612,addkajljdad
B0DQ7JGXV2,addkajljdad
B0DPZNK9BB,addkajljdad
B0DPYZM6SK,addkajljdad
B0DPWKGP17,addkajljdad
B0DPMMLNYF,addkajljdad
B0DPHSBNDS,addkajljdad
B0DPFTTCB8,addkajljdad
B0DP4JBMWN,addkajljdad
B0DP217SLN,addkajljdad
B0DNW5LB64,addkajljdad
B0DNQ5GZL4,addkajljdad
B0DNMBLM23,addkajljdad
B0DN6Q37HN,addkajljdad
B0DN5Y5SK1,addkajljdad
B0DSL4RKZ4,addkajljdad
B0DSHX96WB,addkajljdad
B0DSBRSGS9,addkajljdad
B0DS9NTLLT,addkajljdad
B0DS5BJ494,addkajljdad
B0DRX4K3TQ,addkajljdad
B0DRSCN7S4,addkajljdad
B0DRP223R7,addkajljdad
B0DRNNF8LT,addkajljdad
B0DRLCP54B,addkajljdad
B0DRLBJJR1,addkajljdad
B0DRGTR66V,addkajljdad
B0DRG5TGTX,addkajljdad
B0DRCP6NT7,addkajljdad
B0DR92HX6Y,addkajljdad
B0DQCVXZHN,addkajljdad
B0DJLSKQJB,addkajljdad
B0DJ38G5JZ,addkajljdad
B0DHZPFB1L,addkajljdad
B0DHC5CTK3,addkajljdad
B0DHC3DKRC,addkajljdad
B0DHBYS5KJ,addkajljdad
B0DH28YDPX,addkajljdad
B0DH254LVB,addkajljdad
B0DG99DVYH,addkajljdad
B0DG8NY3T9,addkajljdad
B0DFQK9TP8,addkajljdad
B0DFQJSPRY,addkajljdad
B0DF76XY4X,addkajljdad
B0DF56K75X,addkajljdad
B0DCYWW7F4,addkajljdad
B0DBTNC6L8,addkajljdad
B0DBLRR54Y,addkajljdad
B0DBGBJVSB,addkajljdad
B0DB5B4WLK,addkajljdad
B0DB212H3R,addkajljdad
B0D9YVLP1J,addkajljdad
B0D9JKPRYK,addkajljdad
B0D9F7X7SK,addkajljdad
B0D92WM4DH,addkajljdad
B0D8JBL6T9,addkajljdad
B0D8BLTCBS,addkajljdad
B0D8945QTX,addkajljdad
B0D87D8B7Q,addkajljdad
B0D871SRZZ,addkajljdad
B0D7VXLXN7,addkajljdad
B0D7MF9TJX,addkajljdad
B0D7H567P8,addkajljdad
B0DMS8D6RZ,addkajljdad
B0DMS66T87,addkajljdad
B0DMDYGKR6,addkajljdad
B0DM8MTRH1,addkajljdad
B0DM59S1SR,addkajljdad
B0DM4VV71V,addkajljdad
B0DLKWC6PJ,addkajljdad
B0DKNXJG6T,addkajljdad
B0DKJG6MCQ,addkajljdad
B0DKJ7M41D,addkajljdad
B0DKHL27PT,addkajljdad
B0DK6ZCF9H,addkajljdad
B0DK2ZDSNN,addkajljdad
B0DK1TK4HR,addkajljdad
B0DJP37QYH,addkajljdad
B0DJM4QG3M,addkajljdad
B0D7C53QWV,addkajljdad
B0D6YRC2K7,addkajljdad
B0D5Q6FS2N,addkajljdad
B0D5CSDF1J,addkajljdad
B0D59GXPGH,addkajljdad
B0D58FR1WJ,addkajljdad
B0D4VHXRN5,addkajljdad
B0D4HMDQ3L,addkajljdad
B0D464HY9N,addkajljdad
B0D45XBFM5,addkajljdad
B0D3QGXJDY,addkajljdad
B0D2CWJV7S,addkajljdad
B0D265VPPW,addkajljdad
B0D262KFQK,addkajljdad
B0D14K4WYM,addkajljdad
B0CZLC9PD1,addkajljdad
B0CYZST2LT,addkajljdad
B0CXX7BLQ2,addkajljdad
B0CX42BVJM,addkajljdad
B0CX1TTZTS,addkajljdad
B0CWY1T1N4,addkajljdad
B0CW9P8TFV,addkajljdad
B0CVZQFC56,addkajljdad
B0CTTBPFND,addkajljdad
B0CT5S4YN3,addkajljdad
B0CT39KHTK,addkajljdad
B0CT2GZ6K9,addkajljdad
B0CSM6G17B,addkajljdad
B0CS6DZNXN,addkajljdad
B0CRVR8S3N,addkajljdad
B0CQMGRXJS,addkajljdad
B0CPY4SXRW,addkajljdad
B0CPY323VJ,addkajljdad
B0CPLCW28H,addkajljdad
B0CN2YPQZJ,addkajljdad
B0CN1GRP47,addkajljdad
B0CM6WMZ34,addkajljdad
B0CL75W6F5,addkajljdad
B0CKSKVMGG,addkajljdad
B0CKRG3LBV,addkajljdad
B0CK1HXBR6,addkajljdad
B0CHZB3X45,addkajljdad
B0CHY45RTT,addkajljdad
B0CHVTHGKT,addkajljdad
B0CH2LXNRB,addkajljdad
B0CG9GKCWN,addkajljdad
B0CG6C3THV,addkajljdad
B0CCRYYXWN,addkajljdad
B0CBCX5FXL,addkajljdad
B0C9TMMCZB,addkajljdad
B0C9LYQRZJ,addkajljdad
B0C893JJNR,addkajljdad
B0C7QR5B8H,addkajljdad
B0C6XLDW83,addkajljdad
B0BYVY12Q3,addkajljdad
B0BWMBX79R,addkajljdad
B0BSHGZ1JL,addkajljdad
B0BQLBYLSB,addkajljdad
B0BPH2HV3B,addkajljdad
B0BNH68FQH,addkajljdad
B0BMB5H284,addkajljdad
B0BH6JRBC6,addkajljdad
B0BG3LL1L5,addkajljdad
B0B7KLRK81,addkajljdad
B0B57MDYCJ,addkajljdad
B0B2239RXT,addkajljdad
B09XH8XT4K,addkajljdad
B09WMP86N4,addkajljdad
B09VT34BKQ,addkajljdad
B09S1D49K2,addkajljdad
B09QMVCHVM,addkajljdad
B09PNLB5BB,addkajljdad
B09MC5BB4R,addkajljdad
B09KGMHLJP,addkajljdad
B09KC1S1LV,addkajljdad
B09G5XYVGZ,addkajljdad
B0979CXZSY,addkajljdad
B08R5WTCMN,addkajljdad
B08K3RXCJJ,addkajljdad
B08F4DSDXM,addkajljdad
B08D51CF2C,addkajljdad
B08BY3WWQR,addkajljdad
B08BJHDH6V,addkajljdad
B08B8WH7N7,addkajljdad
B081HYZ74Z,addkajljdad
B07YBLVQ1Q,addkajljdad
B07S5HMFV4,addkajljdad
B07NBVJ43Z,addkajljdad
B07L5FTM2D,addkajljdad
B07J6SFP9S,addkajljdad
B07FYT9L2W,addkajljdad
B07CYZV79P,addkajljdad
B079PC1GZX,addkajljdad
B077V8X5QJ,addkajljdad
B0772M717T,addkajljdad
B076LF2JSY,addkajljdad
B075DZRD7S,addkajljdad
B0725G9XD6,addkajljdad
B06ZY375M5,addkajljdad
B00INFDQ5K,addkajljdad
B00FF575OY,addkajljdad
B00B0C1AJW,addkajljdad
B0069EHXQ0,addkajljdad
B005PP3RQ4,addkajljdad
B005CB6X7Q,addkajljdad
B002095O8W,addkajljdad
B000J4OHQU,addkajljdad
B09PSS7P7B,addkajljdad
B0CGHVDHBC,addkajljdad
B0C288RQ94,addkajljdad
B000C9LX9Q,addkajljdad
B0DFHCRVZW,addkajljdad
B0CCSMKMRT,addkajljdad
B07D7J7YY8,addkajljdad
B0D6LHBZCB,addkajljdad
B093BXFVC4,addkajljdad
B0CNPJ4VW8,addkajljdad
B0DGCTG8NB,addkajljdad
B0D8K9TQ7P,addkajljdad
B0CBX4CM9R,addkajljdad
B0DFYDF8XJ,addkajljdad
B01LX1YWWX,addkajljdad
B0DKF7B8XL,addkajljdad
B00249BFVS,addkajljdad
B0DBPYK6Y3,addkajljdad
B0D31LJ8WQ,addkajljdad
B0CPHWKT53,addkajljdad
B0DB7F563V,addkajljdad
B0C3L5Z3ZS,addkajljdad
B0D9LX86L8,addkajljdad
B0D6Y94Z4N,addkajljdad
B0D9YHVHP5,addkajljdad
B0C23NZL5V,addkajljdad
B0D17RKNZB,addkajljdad
B0CN537RP8,addkajljdad
B0D3HSNP6K,addkajljdad
B0CZZTF8Y2,addkajljdad
B0BG37LTCN,addkajljdad
B0CX554FB8,addkajljdad
B0C4HB4NR8,addkajljdad
B0CWQP48KB,addkajljdad
B07Y1THTGP,addkajljdad
B0CLLC5YGR,addkajljdad
B0D66Q586T,addkajljdad
B0B8ZZC54T,addkajljdad
B0CKMWKS4M,addkajljdad
B0D7BMXHRQ,addkajljdad
B0CK5W8MW9,addkajljdad
B0CBX3NFS7,addkajljdad
B01MTCB25X,addkajljdad
B0BYZB6R73,addkajljdad
B06Y3P4SWS,addkajljdad
B0BYNQ3STK,addkajljdad
B0D8TG9JPV,addkajljdad
B0BVW3YY4B,addkajljdad
B0BY25X1MX,addkajljdad
B0BSVKLQWB,addkajljdad
B07QWRQ7TR,addkajljdad
B0BNKPWX77,addkajljdad
B0DG283WSN,addkajljdad
B09JN2Y8F9,addkajljdad
B09ZPJW3NJ,addkajljdad
B09B4JLGB2,addkajljdad
B06VYHSYVH,addkajljdad
B07ZDDJHFK,addkajljdad
B01M9I9H93,addkajljdad
B07QQ2JQPM,addkajljdad
B0CCRMCFQL,addkajljdad
B07Q7Z2P4F,addkajljdad
B08P49XY2K,addkajljdad
B07FGB1S5Y,addkajljdad
B07DQP1PTK,addkajljdad
B075XJNWG3,addkajljdad
B0F2HYKFQD,addkajljdad
B00GO591P0,addkajljdad
B0F2FLKDJQ,addkajljdad
B0DWR3RL95,addkajljdad
B0DW8TYK94,addkajljdad
B0DTHK28V7,addkajljdad
B0DSFZJ19F,addkajljdad
B0DRT8X3FP,addkajljdad
B0DRJ3532R,addkajljdad
B0DR86MBML,addkajljdad
B0DR781HJS,addkajljdad
B0DR2VJNDC,addkajljdad
B0DPY8ZYLZ,addkajljdad
B0DPQB981B,addkajljdad
B0DPKP8X3M,addkajljdad
B0DPJXHV9R,addkajljdad
B0DP6R6WGR,addkajljdad
B0DP4RXN8T,addkajljdad
B0DP2D9M43,addkajljdad
B0DMQWC6QK,addkajljdad
B0DM5W735P,addkajljdad
B0DL64S6RT,addkajljdad
B0DKXJQKPG,addkajljdad
B0DK8ZBPWL,addkajljdad
B0DJQQTMP1,addkajljdad
B0DJ4FT7FN,addkajljdad
B0DHWT1S7P,addkajljdad
B0DH2TK89X,addkajljdad
B0DH22ZY16,addkajljdad
B0DG9BZK9Z,addkajljdad
B0DG987LLS,addkajljdad
B0DG96H3FC,addkajljdad
B0DFXS46W5,addkajljdad
B0DFQLYKLK,addkajljdad
B0DFPZT68F,addkajljdad
B0DD7DC243,addkajljdad
B0D9VXQBKQ,addkajljdad
B0D8KHHKRQ,addkajljdad
B0D8BGHFG7,addkajljdad
B0D84CDYR2,addkajljdad
B0D8119YX7,addkajljdad
B0D7HKFK6N,addkajljdad
B0D6Z1J5P9,addkajljdad
B0D66PB66Q,addkajljdad
B0D62QQJ9B,addkajljdad
B0D5HHFS82,addkajljdad
B0D478C1QM,addkajljdad
B0D3CVDP7M,addkajljdad
B0D381MSD7,addkajljdad
B0D2XZWQMJ,addkajljdad
B0D1JTJ4M1,addkajljdad
B0D1FXTF9R,addkajljdad
B0D13944Y6,addkajljdad
B0CYH7PGY1,addkajljdad
B0CYBHT2CC,addkajljdad
B0CXJ5JSR2,addkajljdad
B0CTZNGDTK,addkajljdad
B0CS6DLKG4,addkajljdad
B0CRYVJRW8,addkajljdad
B0CR2Q2744,addkajljdad
B0CQPBBN5N,addkajljdad
B0CQ7ND7D7,addkajljdad
B0CNT957MG,addkajljdad
B0CM7NKXSV,addkajljdad
B0CLNCWLT8,addkajljdad
B0CLGZFGFP,addkajljdad
B0CHWMWSXJ,addkajljdad
B0CH9RH7L2,addkajljdad
B0CFV3YZBJ,addkajljdad
B0CF1MHCD9,addkajljdad
B0CC86NKDF,addkajljdad
B0CBMW7GP3,addkajljdad
B0CBBL312G,addkajljdad
B0C6SQJGG7,addkajljdad
B0C59JSFLN,addkajljdad
B0C4JN58MP,addkajljdad
B0BWDK1MTS,addkajljdad
B0BV71NF2T,addkajljdad
B07P1B17PF,addkajljdad
B07HFGWCM6,addkajljdad
B07H74VZDW,addkajljdad
B01KIFDCXI,addkajljdad
B01C9UV6C4,addkajljdad
B01BNMXJAQ,addkajljdad
B01A0PQ5T4,addkajljdad
B00V8R3AZ6,addkajljdad
B00PUS5YO4,addkajljdad
B00L84535O,addkajljdad
B000NBCDQU,addkajljdad
B0BNKCJK2C,addkajljdad
B0BK2TC2ZJ,addkajljdad
B0BD6JMCCB,addkajljdad
B0B2RLSFRP,addkajljdad
B09L6JPZTV,addkajljdad
B09HSPDVN1,addkajljdad
B09BQ5S4YW,addkajljdad
B09B27X575,addkajljdad
B099DR9N46,addkajljdad
B0888W7K26,addkajljdad
B08889XQGL,addkajljdad
B0874WH3GD,addkajljdad
B082VJ5DHR,addkajljdad
B07W9JMJN9,addkajljdad
B07TLZD23L,addkajljdad
B07P8QGG91,addkajljdad
B0D83F4HG7,addkajljdad
B0B9JSJYVF,addkajljdad
B0D17F2H9R,addkajljdad
B0D98ZGYK2,addkajljdad
B0CGLN15GH,addkajljdad
B0CH3CKGVQ,addkajljdad
B0CF3HQZDH,addkajljdad
B0D8PP4R6Y,addkajljdad
B0CD3HB8FT,addkajljdad
B0D2RCBXRR,addkajljdad
B0C8HBKJM8,addkajljdad
B086DLCN5C,addkajljdad
B0C7MR4PQM,addkajljdad
B0CB3HMNTB,addkajljdad
B09TBHL2FQ,addkajljdad
B07712WVQN,addkajljdad
B09P8B6QX3,addkajljdad
B09NCV9CZ2,addkajljdad
B09P4YL8SB,addkajljdad
B0CNGWHWB7,addkajljdad
B09HKF8K3K,addkajljdad
B0C41H32T6,addkajljdad
B093BYVJDM,addkajljdad
B00V1VSTAA,addkajljdad
B08HNBPGQL,addkajljdad
B0DZTCW5RN,addkajljdad
B01N80ZX2V,addkajljdad
B0DZCW85HQ,addkajljdad
B0DWP3BMPZ,addkajljdad
B0DS8WSMHH,addkajljdad
B0DS1P8Y13,addkajljdad
B0DRNRJ17H,addkajljdad
B0DQ4M4P1W,addkajljdad
B0DQ37R6VS,addkajljdad
B0DPSHF9RJ,addkajljdad
B0DPRZMPJB,addkajljdad
B0DPMNYP4Y,addkajljdad
B0DPG2Y5PQ,addkajljdad
B0DPFX2RQN,addkajljdad
B0DP9XKLDY,addkajljdad
B0DP8H7S8M,addkajljdad
B0DP4YD7XY,addkajljdad
B0DP2KK4W4,addkajljdad
B0DNYM1341,addkajljdad
B0DNPWNDW9,addkajljdad
B0DNMVFLJ4,addkajljdad
B0DNCVXYH2,addkajljdad
B0DN98PJL5,addkajljdad
B0D69KQWYN,addkajljdad
B0D69KBPCP,addkajljdad
B0D4LRMFCS,addkajljdad
B0D4L8VCZW,addkajljdad
B0D469TRK8,addkajljdad
B0D41Q3WMX,addkajljdad
B0D3F1WPXP,addkajljdad
B0D2WDVF1D,addkajljdad
B0D2VMLBF9,addkajljdad
B0D26X77GF,addkajljdad
B0CZDS38TG,addkajljdad
B0CZDL4FYK,addkajljdad
B0CYP3JV37,addkajljdad
B0CWR8Q95K,addkajljdad
B0CW8LBRSK,addkajljdad
B0CTZX2GWG,addkajljdad
B0DN6B2JN3,addkajljdad
B0DMVD8Q6Q,addkajljdad
B0DMT76MR7,addkajljdad
B0DMLXHMLN,addkajljdad
B0DM9KG684,addkajljdad
B0DM8ZCYKB,addkajljdad
B0DLH8HG1H,addkajljdad
B0DL2WPDTG,addkajljdad
B0DL2WL7QL,addkajljdad
B0DK1MC2HG,addkajljdad
B0DJYLS41Z,addkajljdad
B0DJVRHRC9,addkajljdad
B0DJT6KGLL,addkajljdad
B0DJT4L7C3,addkajljdad
B0DJC3NG48,addkajljdad
B0DJ86ND6Z,addkajljdad
B0DJ2FB9ZW,addkajljdad
B0DHTPFPHJ,addkajljdad
B0DHDBJYRV,addkajljdad
B0DH7R299C,addkajljdad
B0DGQ4R4SV,addkajljdad
B0DGF5NYN6,addkajljdad
B0DG27D5NN,addkajljdad
B0DFW1D787,addkajljdad
B0DF7S2FGW,addkajljdad
B0DF6L9H23,addkajljdad
B0DDXTKCBB,addkajljdad
B0DDXS6XKC,addkajljdad
B0DDPQYLLV,addkajljdad
B0DDKNTV2J,addkajljdad
B0DCVR33N4,addkajljdad
B0DCVKRFMB,addkajljdad
B0DCJH4LKK,addkajljdad
B0DCFTM72S,addkajljdad
B0DBZ4MZZ7,addkajljdad
B0DBV3PRHJ,addkajljdad
B0DBV16T69,addkajljdad
B0DBLHG1H2,addkajljdad
B0DB8G4NK2,addkajljdad
B0DB7BF2S9,addkajljdad
B0D9LT2VNY,addkajljdad
B0D8SH5FLH,addkajljdad
B0D8437DCN,addkajljdad
B0D7Z7TF7C,addkajljdad
B0D7HRMGSK,addkajljdad
B0D7H56QPM,addkajljdad
B0D79BS1S4,addkajljdad
B0D6V7D7VH,addkajljdad
B0CL598YSL,addkajljdad
B0CJ2CZX5Z,addkajljdad
B0CH7WK1NC,addkajljdad
B0CGL18VCF,addkajljdad
B0CG9KWJCY,addkajljdad
B0CG591531,addkajljdad
B0CFXYJ5R7,addkajljdad
B0CD86JYBN,addkajljdad
B0C2HY831R,addkajljdad
B0BYZGPMXT,addkajljdad
B0BX45HR67,addkajljdad
B0BTY7MS7B,addkajljdad
B0BJ8SQ7B1,addkajljdad
B0B6TPFC5N,addkajljdad
B0B2PJC3RS,addkajljdad
B09WYLPW53,addkajljdad
B09TJ6YCLT,addkajljdad
B09MNHKMVN,addkajljdad
B097D78FJ4,addkajljdad
B08VJM2X1M,addkajljdad
B086PQ59XM,addkajljdad
B085S6ZGXL,addkajljdad
B07JGP7CX1,addkajljdad
B0752C3S2S,addkajljdad
B001LJUDM4,addkajljdad
B000DZKU48,addkajljdad
B09TR9FH33,addkajljdad
B09XTDV91Y,addkajljdad
B08F52XDGP,addkajljdad
B0C8BFCGRP,addkajljdad
B07PFPTXP3,addkajljdad
B0CCVW2B6S,addkajljdad
B07L2TTG4Z,addkajljdad
B0C1J22W2D,addkajljdad
B0BS3S1TG3,addkajljdad
B0BRWJJ3WN,addkajljdad
B09CGZ3GZP,addkajljdad
B07Q56VRGD,addkajljdad
B01HWSWXO8,addkajljdad
B0153F4MXM,addkajljdad
B0F227BNR2,addkajljdad
B0F1XYRSQD,addkajljdad
B0CRLZFV4J,addkajljdad
B0BY1J7GWT,addkajljdad
B0CPXMQM54,addkajljdad
B0DJ7H6QGH,addkajljdad
B0CN47LLJK,addkajljdad
B093NW6RBT,addkajljdad
B0C4L3HBGB,addkajljdad
B0D8HTC5WD,addkajljdad
B0BV9YPMLK,addkajljdad
B0CLGZM7LB,addkajljdad
B0B4S9HH4T,addkajljdad
B09N3LCJ4F,addkajljdad
B0B1F5PQN8,addkajljdad
B0CNQX2RP6,addkajljdad
B0B11JZ4NG,addkajljdad
B0D6V1RK9W,addkajljdad
B0DP8DXDSY,addkajljdad
B0DNRNZ2QR,addkajljdad
B0DMT3XSTS,addkajljdad
B0DM5S99PW,addkajljdad
B0DL6F86PF,addkajljdad
B0DL2ZRGZL,addkajljdad
B0DKX8B4D7,addkajljdad
B0DKJVF8YC,addkajljdad
B0DKF2M68N,addkajljdad
B0DK99DQCK,addkajljdad
B0DK2RP4QG,addkajljdad
B0DJPH1KYP,addkajljdad
B0DJ77QJQ6,addkajljdad
B0DH8644GC,addkajljdad
B0DGY32HDQ,addkajljdad
B0DFLP4CDS,addkajljdad
B0DZT8TZ7L,addkajljdad
B0DZC4F9GC,addkajljdad
B0DXVKLXQ8,addkajljdad
B0DXBRV3LV,addkajljdad
B0DXBCK8WB,addkajljdad
B0DX5YJG5C,addkajljdad
B0DWFD5JF1,addkajljdad
B0DT5HV966,addkajljdad
B0DSSLN2LP,addkajljdad
B0DSPW3P9M,addkajljdad
B0DSBL4LFC,addkajljdad
B0DS1NVG83,addkajljdad
B0DQXWX3ZF,addkajljdad
B0DQ4TNXN3,addkajljdad
B0DPPNZWCG,addkajljdad
B0DP8MB9SX,addkajljdad
B0D73LQ9JQ,addkajljdad
B0D6N2SXLC,addkajljdad
B0D6BK721J,addkajljdad
B0D63528YQ,addkajljdad
B0D4H9P1CV,addkajljdad
B0D2HPXLDT,addkajljdad
B0D2949NPQ,addkajljdad
B0D1XFMW3M,addkajljdad
B0D1R5PR4Q,addkajljdad
B0D1QPC2M8,addkajljdad
B0D1GPZYSF,addkajljdad
B0D1CBC533,addkajljdad
B0D17KM3KP,addkajljdad
B0D17B1Y7D,addkajljdad
B0CZRXVHXX,addkajljdad
B0CZ34Z8HB,addkajljdad
B0CTRRGRRR,addkajljdad
B0CSYDQ7Y3,addkajljdad
B0CSXXYZB6,addkajljdad
B0CSXXJLVQ,addkajljdad
B0CSDBLFJL,addkajljdad
B0CRB3VCYD,addkajljdad
B0CR6VYZKX,addkajljdad
B0CQXFNJLP,addkajljdad
B0CQQZZLD6,addkajljdad
B0CQCQLH8Y,addkajljdad
B0CP7DJHSK,addkajljdad
B0CP4532H6,addkajljdad
B0CM5W1FHF,addkajljdad
B0CLVB7H5H,addkajljdad
B0CLLSRDWX,addkajljdad
B0CLG5MHGV,addkajljdad
B0DFH6Z1CL,addkajljdad
B0DDTC2HJ9,addkajljdad
B0DDJMPCSD,addkajljdad
B0DD31SJWZ,addkajljdad
B0DCNCK1NS,addkajljdad
B0DCFPP753,addkajljdad
B0DBQH8JBG,addkajljdad
B0DB8JDK3R,addkajljdad
B0D9TKMWHD,addkajljdad
B0D9LRBWJB,addkajljdad
B0D96HQSNQ,addkajljdad
B0D95LNM8R,addkajljdad
B0D921PVZY,addkajljdad
B0D7M1DQ72,addkajljdad
B0D7L348YF,addkajljdad
B0D7DJSCMQ,addkajljdad
B0CYBQLXP8,addkajljdad
B0CSS234BN,addkajljdad
B0CR34MZ8V,addkajljdad
B0CQXLB1Q1,addkajljdad
B0CQBZD74L,addkajljdad
B0CPL6BS4S,addkajljdad
B0CP2TT32Q,addkajljdad
B0CMMDVDDZ,addkajljdad
B0CL42KTKQ,addkajljdad
B0CKT9TNKS,addkajljdad
B0CHJ3RQ3S,addkajljdad
B0CH7DSW96,addkajljdad
B0CG6F5YTL,addkajljdad
B0CF91GC13,addkajljdad
B0CF892S8S,addkajljdad
B0CF286484,addkajljdad
B0BR9XV1WY,addkajljdad
B0BMZ2X2Q8,addkajljdad
B0BBQ9GP8J,addkajljdad
B0BB3D5QR4,addkajljdad
B0B8T6DMMM,addkajljdad
B0B84PCP48,addkajljdad
B09BZ4FQT9,addkajljdad
B08YR4GB2K,addkajljdad
B08957B1B7,addkajljdad
B088QFGJC7,addkajljdad
B086SSLKYH,addkajljdad
B07CZ4RFLT,addkajljdad
B071WJ7TS4,addkajljdad
B0719PP1NT,addkajljdad
B00TJ98T2E,addkajljdad
B00R5K1BXI,addkajljdad
B0CCLL6BC9,addkajljdad
B0CBVHFRKT,addkajljdad
B0CBM6KJZ3,addkajljdad
B0C8LYHWNT,addkajljdad
B0C7PCSF9G,addkajljdad
B0C7CX2WR3,addkajljdad
B0C6HFGJ5K,addkajljdad
B0C2M9ZRX9,addkajljdad
B0C1HG7QWL,addkajljdad
B0C1FYBN8J,addkajljdad
B0C157LYVJ,addkajljdad
B0BZL6KLVL,addkajljdad
B0BW48T166,addkajljdad
B0BTZ5FFY3,addkajljdad
B0BTYNJN7V,addkajljdad
B0BRFVV4NP,addkajljdad
B001443HZG,addkajljdad
B0CZ6GC23K,addkajljdad
B09684JCCP,addkajljdad
B0CW8FRM4S,addkajljdad
B08RHVBMKZ,addkajljdad
B0CTKKDNBT,addkajljdad
B0DB87BMHY,addkajljdad
B0CTHD7H8J,addkajljdad
B0D1YBHF1R,addkajljdad
B0CSK1NKD2,addkajljdad
B0957LJ8H9,addkajljdad
B0CQP27V81,addkajljdad
B08YY4S4PJ,addkajljdad
B0CGLJWSK6,addkajljdad
B085YKHXY2,addkajljdad
B0CDFML3DP,addkajljdad
B0DKNYJ8G8,addkajljdad
B0DF2C23LY,addkajljdad
B0CSYK3QBR,addkajljdad
B0DB73VZ7F,addkajljdad
B07JK24DMR,addkajljdad
B0D97TRF1T,addkajljdad
B0B4JX74TH,addkajljdad
B0D8P8M2SK,addkajljdad
B0DPZJWZ6C,addkajljdad
B0D6R52R45,addkajljdad
B0C6L653QK,addkajljdad
B0D66X829V,addkajljdad
B0CXJCY75C,addkajljdad
B0D5TVYLVP,addkajljdad
B0B77LLHDZ,addkajljdad
B0D2XPWWRW,addkajljdad
B0DJVY7RFJ,addkajljdad
B0C655V3ZW,addkajljdad
B0CCF5WM9H,addkajljdad
B0C4KKT85S,addkajljdad
B0BZ87SZ9C,addkajljdad
B0C286W7CL,addkajljdad
B0BQ9M4NTK,addkajljdad
B0C23YBHMK,addkajljdad
B0BDK86HWC,addkajljdad
B0C1ZCFJ7R,addkajljdad
B097VYWXZ4,addkajljdad
B0BZ859Y4K,addkajljdad
B00K96YY34,addkajljdad
B0BYVPNVH9,addkajljdad
B0D7HMTBGJ,addkajljdad
B0BYDRSCJM,addkajljdad
B0CCNZZKXY,addkajljdad
B000035XP0,addkajljdad
B0DKDYPSXP,addkajljdad
B0BL1X25SH,addkajljdad
B0169FPYD2,addkajljdad
B0C7NYR858,addkajljdad
B0DDXHWRGW,addkajljdad
B0DRHTK5J1,addkajljdad
B0BBM6M4HQ,addkajljdad
B0CYP296D2,addkajljdad
B0DQ64B8XP,addkajljdad
B0B9298F5Y,addkajljdad
B0DKHKYPCG,addkajljdad
B0DPHVMPX9,addkajljdad
B0CJ5QJ25F,addkajljdad
B0DL566D91,addkajljdad
B0BVB3TLJ7,addkajljdad
B0BK194G98,addkajljdad
B0DW3JXHD5,addkajljdad
B0BCTSWW6Y,addkajljdad
B0DT9CRPNM,addkajljdad
B0B4SJJ76S,addkajljdad
B0DT7G3ND3,addkajljdad
B0B1JPVPYW,addkajljdad
B0DT6KCH3Z,addkajljdad
B09NXP4P1R,addkajljdad
B0DT5X9F5Y,addkajljdad
B0912JZCTM,addkajljdad
B0DT483CG1,addkajljdad
B08VSBTD44,addkajljdad
B0DSJVWSK8,addkajljdad
B08N5WV7GB,addkajljdad
B0DSJP1GX3,addkajljdad
B08J4GDVJN,addkajljdad
B0DSJFHJVL,addkajljdad
B08BG41X3F,addkajljdad
B0DSJ4VHWH,addkajljdad
B07BK4LRSW,addkajljdad
B0DSFDV3FS,addkajljdad
B078XGHJTN,addkajljdad
B0DS8ZC9FT,addkajljdad
B01M4GNL06,addkajljdad
B0DS5WBCL3,addkajljdad
B017ZBNTN6,addkajljdad
B0DRV9D2G3,addkajljdad
B00YQLVXG4,addkajljdad
B0DRQM6V7J,addkajljdad
B0DRCNMXV6,addkajljdad
B0DQTMP7VF,addkajljdad
B0DKP2P7WQ,addkajljdad
B0DKM8KDVS,addkajljdad
B0DKCV7RBB,addkajljdad
B0DK35V81C,addkajljdad
B0DK2QWRY5,addkajljdad
B0DJWZ745Q,addkajljdad
B0DJV6XWHR,addkajljdad
B0DJNKXNS9,addkajljdad
B0DJKP3196,addkajljdad
B0DJHSZHSG,addkajljdad
B0DJ4V7J9Y,addkajljdad
B0DHRYPN1N,addkajljdad
B0DH2NVWZ3,addkajljdad
B0DGTP38CC,addkajljdad
B0DGT744F7,addkajljdad
B0DG985SH4,addkajljdad
B0BXSZD284,addkajljdad
B0CCB27GK7,addkajljdad
B0BWY7XWKH,addkajljdad
B0BN8F6Y1H,addkajljdad
B0BS9KBR87,addkajljdad
B07D9YRDT2,addkajljdad
B0BS3Q9LZW,addkajljdad
B0DZNGXPGW,addkajljdad
B0BRSGC46X,addkajljdad
B0DYV18SK2,addkajljdad
B0BN2B8P1D,addkajljdad
B0DXC8Q6D8,addkajljdad
B0BLZXTX5K,addkajljdad
B0DWDQBP29,addkajljdad
B0BKG79QHH,addkajljdad
B0DW6SJCBM,addkajljdad
B0DQSDVP24,addkajljdad
B0DQJ7BK1K,addkajljdad
B0DQG561RG,addkajljdad
B0DQ4WQQH1,addkajljdad
B0DPLYHK3Q,addkajljdad
B0DPH3CF9Z,addkajljdad
B0DPG51GKS,addkajljdad
B0DP9NB5L7,addkajljdad
B0DNJYTHZP,addkajljdad
B0DN6TB7MT,addkajljdad
B0DMT18T8Y,addkajljdad
B0DMSMMF68,addkajljdad
B0DM4G5Q3Q,addkajljdad
B0DLNSK16P,addkajljdad
B0DLNBFR2B,addkajljdad
B0DKXQGRWP,addkajljdad
B0D7CYS5TF,addkajljdad
B0D6RG9FK1,addkajljdad
B0D4FVMYBN,addkajljdad
B0D44T1ZSC,addkajljdad
B0D2L3VXWY,addkajljdad
B0D2J69DMD,addkajljdad
B0D1SZCHJC,addkajljdad
B0D1SRGSXN,addkajljdad
B0CY9ZPKV5,addkajljdad
B0CX95Z2ZG,addkajljdad
B0CVVXNV3H,addkajljdad
B0CTHTCVJG,addkajljdad
B0CTCPZNKW,addkajljdad
B0CSW8BGZC,addkajljdad
B0CQTFDWST,addkajljdad
B0CQQ12NS8,addkajljdad
B0CMZQW9DL,addkajljdad
B0CMMH1HCT,addkajljdad
B0CMK4LD2W,addkajljdad
B0CJFDQ4WS,addkajljdad
B0CHRQWQCF,addkajljdad
B0CH85BH8Z,addkajljdad
B0CGLVYM67,addkajljdad
B0CGDNZ84Q,addkajljdad
B0CDW1KVF7,addkajljdad
B0CCCS4DQM,addkajljdad
B0CC63824Z,addkajljdad
B0CC5CWKR6,addkajljdad
B0CBVBM7NF,addkajljdad
B0C9HWKYPW,addkajljdad
B0C8DTMH97,addkajljdad
B0C5J7JY8K,addkajljdad
B09HSQXS46,addkajljdad
B09HH7DVW9,addkajljdad
B0916GTWTT,addkajljdad
B08PG2LRXF,addkajljdad
B08HJ8RRV4,addkajljdad
B07XGQHMY1,addkajljdad
B07RWN9N9N,addkajljdad
B01L80XAH0,addkajljdad
B017CF304I,addkajljdad
B00KAXILN0,addkajljdad
B001TDKODA,addkajljdad
B000BF707U,addkajljdad
1598329812,addkajljdad
B0BCH537BB,addkajljdad
B0BXTN1B5Y,addkajljdad
B0CJ94T3X2,addkajljdad
B0CHJ4B4MJ,addkajljdad
B0DP2DD2QK,addkajljdad
B0B3MRKVZ5,addkajljdad
B0CRLFYG6B,addkajljdad
B0DJFVGZZ4,addkajljdad
B08XMJGB78,addkajljdad
B0DFM6PFTD,addkajljdad
B0DGTG8PBJ,addkajljdad
B0DK517C2X,addkajljdad
B0CN47LK37,addkajljdad
B0DG88T1ZJ,addkajljdad
B0CHRWMQNR,addkajljdad
B0CKW7858Y,addkajljdad
B0C1P8M4Q8,addkajljdad
B0BZMHBL84,addkajljdad
B0BYDZCC14,addkajljdad
B0BXVY3S3K,addkajljdad
B0BQDK6XKD,addkajljdad
B0BLP8137C,addkajljdad
B0B6J13VM4,addkajljdad
B0B6H5R3N8,addkajljdad
B0B5GF4RGD,addkajljdad
B0B45T34C7,addkajljdad
B09WVHDYGK,addkajljdad
B09VX4P1NK,addkajljdad
B09SVXD7Y3,addkajljdad
B09R4WQBP6,addkajljdad
B09MLSMWMH,addkajljdad
B09L8GX9M8,addkajljdad
B0DG96XRNJ,addkajljdad
B0DG8F4SZF,addkajljdad
B0DFQM5R43,addkajljdad
B0DDSYLHGF,addkajljdad
B0DDPNC69V,addkajljdad
B0DCJYR53V,addkajljdad
B0DB8HC3WV,addkajljdad
B0DB5ZSQ8F,addkajljdad
B0D9YXNSNY,addkajljdad
B0D9P33LTM,addkajljdad
B0D9LN6629,addkajljdad
B0D99LJ1HD,addkajljdad
B0D988KPD4,addkajljdad
B0D97WJQSL,addkajljdad
B0D91D8HBG,addkajljdad
B0D83M6V3H,addkajljdad
B0DCNG7173,addkajljdad
B0CHMGD9HV,addkajljdad
B0D9CS8FNX,addkajljdad
B0D56W8GRW,addkajljdad
B0D8JLWB3Y,addkajljdad
B0CX4YJBGP,addkajljdad
B0D61YW87M,addkajljdad
B0D1JZZ7VG,addkajljdad
B0CRSZSTPY,addkajljdad
B000QE9OWU,addkajljdad
B0CPLW5B92,addkajljdad
B0CJRH24P2,addkajljdad
B0CPHZSQR9,addkajljdad
B0DFQ7W16K,addkajljdad
B0CJ82GHMR,addkajljdad
B0DNCNMPLT,addkajljdad
B0CJ7ZJLXB,addkajljdad
B0C73PS4PN,addkajljdad
B0CFXRFMTZ,addkajljdad
B01GVS5TCS,addkajljdad
B0CF9NLGGY,addkajljdad
B0CRHCQ8CX,addkajljdad
B0CC1WC17Q,addkajljdad
B0DBW2BSHM,addkajljdad
B0C9H6DFPR,addkajljdad
B0C39RMF8M,addkajljdad
B0C6MXZRM1,addkajljdad
B07KJ8VFVJ,addkajljdad
B0C6571VNX,addkajljdad
B0087489F4,addkajljdad
B0C6559MHZ,addkajljdad
B0714FN99M,addkajljdad
B0C3Q9S44H,addkajljdad
B0D7V89C8W,addkajljdad
B0C2C5KZ4J,addkajljdad
B0CNRTBQWM,addkajljdad
B0BRZYRKLG,addkajljdad
B094V1M348,addkajljdad
B0BQMZJYM2,addkajljdad
B0B24QHNZN,addkajljdad
B0BQCQTBMT,addkajljdad
B09K7PM5GZ,addkajljdad
B0BNC1MY79,addkajljdad
B004J6VTJW,addkajljdad
B0BN2BWBD8,addkajljdad
B0DFXW7VHC,addkajljdad
B0BCFV2BC8,addkajljdad
B0D99RGYTR,addkajljdad
B0DP9GTD76,addkajljdad
B0DP3DV7H8,addkajljdad
B0DNWMSGH1,addkajljdad
B0DNHY1QC3,addkajljdad
B0DNG4B9MP,addkajljdad
B0DNDSTG3H,addkajljdad
B0DN9CYZJN,addkajljdad
B0DMTGR5P7,addkajljdad
B0DMP19J8F,addkajljdad
B0DMJPYMG8,addkajljdad
B0DMF6X73M,addkajljdad
B0DM8Q6S8T,addkajljdad
B0DM6G39ZP,addkajljdad
B0DM61HKTB,addkajljdad
B0DM5TFWJF,addkajljdad
B0DLNWN74Q,addkajljdad
B08K8G2MP9,addkajljdad
B0DWXFNM3Z,addkajljdad
B078JZF92H,addkajljdad
B0DWT3WVJF,addkajljdad
B074RP4GP4,addkajljdad
B0DWSK6RJD,addkajljdad
B0DWMHM9BQ,addkajljdad
B0DTJXSV3L,addkajljdad
B0DTFD8GLL,addkajljdad
B0DT9KY6NG,addkajljdad
B0DT17775Q,addkajljdad
B0DR6QHSX4,addkajljdad
B0DPWVHFNB,addkajljdad
B0DPJZQ911,addkajljdad
B0DPCQ2P9N,addkajljdad
B0DP9X3FRH,addkajljdad
B0D78WFSZ9,addkajljdad
B0D78VJM8Y,addkajljdad
B0D6YR7HFD,addkajljdad
B0D6VH3D2R,addkajljdad
B0D6R4WTHL,addkajljdad
B0D5YFNQR3,addkajljdad
B0D5R5BRJW,addkajljdad
B0D4MP5YFB,addkajljdad
B0D4LG32P8,addkajljdad
B0D361KPYH,addkajljdad
B0D2BM8F8V,addkajljdad
B0D12ZK6QB,addkajljdad
B0CZ8Y4Z48,addkajljdad
B0CXT4WS6B,addkajljdad
B0CWBTBWJG,addkajljdad
B0CTZTJHV6,addkajljdad
B0B68CQGT6,addkajljdad
B0D8KSM19S,addkajljdad
B0B3SKM5V6,addkajljdad
B0D3X77ZGN,addkajljdad
B0B1HVTSZ5,addkajljdad
B0CL12P3ZQ,addkajljdad
B09ZRSKLL6,addkajljdad
B0CHF8YPQV,addkajljdad
B09X2JGCGT,addkajljdad
B01DDADAY6,addkajljdad
B09Q1ZZ4KP,addkajljdad
B00SRTEU52,addkajljdad
B0957PGPDR,addkajljdad
B0DZX7687R,addkajljdad
B08LHCLDH8,addkajljdad
B0DX5HHVZ8,addkajljdad
B0DK6WC971,addkajljdad
B0DJTD5KCZ,addkajljdad
B0DJHTL37M,addkajljdad
B0DHGSML1C,addkajljdad
B0DH2C3BN4,addkajljdad
B0DG93PRXS,addkajljdad
B0DG4XZS2D,addkajljdad
B0DFXR56TN,addkajljdad
B0DFQK9P9Y,addkajljdad
B0DDXDH698,addkajljdad
B0DCJMNTV3,addkajljdad
B0D9MKQWC1,addkajljdad
B0D9LC97T4,addkajljdad
B0D9L9XVMC,addkajljdad
B0D9441QGX,addkajljdad
B0D7HDLF93,addkajljdad
B0BX6LN66J,addkajljdad
B0BVYK1D9Y,addkajljdad
B0BSVGCZFL,addkajljdad
B0BQYRH2BX,addkajljdad
B0BLLNHHTC,addkajljdad
B0BFHN6XXG,addkajljdad
B0B1T7XSMZ,addkajljdad
B0B1PWFXB6,addkajljdad
B09MLTHTF7,addkajljdad
B09MLSPV4R,addkajljdad
B09DFNYQNM,addkajljdad
B0936WFDQP,addkajljdad
B08NZ4PPMD,addkajljdad
B08NGRG5D2,addkajljdad
B08HH189PG,addkajljdad
B08CKP128D,addkajljdad
B08B1GWGVH,addkajljdad
B084BGW7M4,addkajljdad
B07HKM1TZK,addkajljdad
B072JZXYPV,addkajljdad
B00SZHJYJI,addkajljdad
B00FBDXVY8,addkajljdad
B00D5RZ9SI,addkajljdad
B0068SOW7A,addkajljdad
B005HOOUFA,addkajljdad
B004GD9JXG,addkajljdad
B0CTQHY7HZ,addkajljdad
B0CS1RPNMG,addkajljdad
B0CQ4X2YWT,addkajljdad
B0CN6SC92B,addkajljdad
B0CMYYQFWC,addkajljdad
B0CKVLLCJH,addkajljdad
B0CHXYW4ML,addkajljdad
B0CFXXJXYW,addkajljdad
B0CFTPJ6V6,addkajljdad
B0CBT29D4L,addkajljdad
B0C4T7YWF8,addkajljdad
B0C4GYGXJC,addkajljdad
B0C27X3WV3,addkajljdad
B0C24XRKSQ,addkajljdad
B0C1K1KFPW,addkajljdad
B0C1FMH14L,addkajljdad
B0CTNN2NZR,addkajljdad
B01LZBCJLQ,addkajljdad
B000Y1V55Y,addkajljdad
B0DMLMSWD9,addkajljdad
B0BVZPD6KW,addkajljdad
B0DCJWHZ94,addkajljdad
B08T8V5Y1Q,addkajljdad
B0D7BKBP8P,addkajljdad
B0BN2X94GQ,addkajljdad
B0D69MK7D3,addkajljdad
B0974XR9R2,addkajljdad
B0D1KJV9XY,addkajljdad
B0CZKYYG7W,addkajljdad
B0CMNDVS3K,addkajljdad
B0CJDVPQ57,addkajljdad
B0CDLZKPTZ,addkajljdad
B0DPWVVV6F,addkajljdad
B0DPTVK558,addkajljdad
B0DPQG38XJ,addkajljdad
B0DNK5D6R8,addkajljdad
B0DN94KKB2,addkajljdad
B0DN68PJ8H,addkajljdad
B0DMWMYPYK,addkajljdad
B0DMSY76XK,addkajljdad
B0DM1S8C4K,addkajljdad
B0DLLD67XG,addkajljdad
B0DKTFFXL4,addkajljdad
B0DK6RVD5B,addkajljdad
B0DJVWFKC3,addkajljdad
B0DJVJK5JW,addkajljdad
B0DJSM8CZR,addkajljdad
B0DJ7MBR6S,addkajljdad
B0C32LNCGR,addkajljdad
B0C9BZHRSQ,addkajljdad
B0BVM91TMM,addkajljdad
B0C65SG8SR,addkajljdad
B09TSM1WMS,addkajljdad
B0BHP3JM55,addkajljdad
B071KCM838,addkajljdad
B09XMJ2DK9,addkajljdad
B006Z7C7GM,addkajljdad
B09BC5MTJQ,addkajljdad
B0DQ45BZ8W,addkajljdad
B096ZD5F68,addkajljdad
B0DK2VMJVM,addkajljdad
B08JY59WCB,addkajljdad
B0D66XZSGP,addkajljdad
B07H58XGQZ,addkajljdad
B0DBVMQB1L,addkajljdad
B0DBJ4YQPN,addkajljdad
B0DB7X3NTL,addkajljdad
B0DB5TMDWB,addkajljdad
B0D9XKN5F5,addkajljdad
B0D9JJTSVY,addkajljdad
B0D8KGY8G5,addkajljdad
B0D6VWV7PB,addkajljdad
B0D6RQYMBT,addkajljdad
B0D5QTRTY9,addkajljdad
B0D3LG3SVM,addkajljdad
B0D1Y4522N,addkajljdad
B0CZF2Q9CP,addkajljdad
B0CZ9KCF8M,addkajljdad
B0CZ36J93S,addkajljdad
B0CY1N73RX,addkajljdad
B0CPPFBPKR,addkajljdad
B0C9WBHL28,addkajljdad
B09BDJ6G1H,addkajljdad
B077MW1QHZ,addkajljdad
B0DZGVKTP8,addkajljdad
B0DZCQHS15,addkajljdad
B0DZ21R5LH,addkajljdad
B0DYJ8DL11,addkajljdad
B0DXPMN5KK,addkajljdad
B0DWK764DQ,addkajljdad
B0DTJX1KVD,addkajljdad
B0DTFMQ264,addkajljdad
B0DS2G8WP9,addkajljdad
B0DRK7ZBTW,addkajljdad
B0DQPFNNJB,addkajljdad
B0DQPBJGR8,addkajljdad
B0DHX7SWQS,addkajljdad
B0DHKGWC2L,addkajljdad
B0DHH6LJ3F,addkajljdad
B0DHD1RH58,addkajljdad
B0DH96CL7N,addkajljdad
B0DGGCP9RQ,addkajljdad
B0DGG1WMQ3,addkajljdad
B0DGFG615D,addkajljdad
B0DFYXWMQ9,addkajljdad
B0DFWPXH5D,addkajljdad
B0DDH2TTZF,addkajljdad
B0DDBFHP2M,addkajljdad
B0DD8PBXFQ,addkajljdad
B0DCNLZXPG,addkajljdad
B0DCFYHB9K,addkajljdad
B0DC6QRR86,addkajljdad
B0BMGZGFDC,addkajljdad
B0BL1M4XT9,addkajljdad
B0BG1WQXMQ,addkajljdad
B0B6SQG2CD,addkajljdad
B09WZWHN46,addkajljdad
B09Q2WH1JR,addkajljdad
B08XXXW9JT,addkajljdad
B08NK3RPVQ,addkajljdad
B07WRFSRL9,addkajljdad
B07F7PQ649,addkajljdad
B072SG3XZS,addkajljdad
B0725SQWKT,addkajljdad
B06Y57NQL7,addkajljdad
B016YQS6F4,addkajljdad
B00I6ZO8WC,addkajljdad
B00DSD79IW,addkajljdad
B079WC686Z,addkajljdad
B0DFCHCB91,addkajljdad
B000GHTHM4,addkajljdad
B097C28448,addkajljdad
B0DBZKK7XJ,addkajljdad
B0DHC2XTWC,addkajljdad
B0D8J3QY3H,addkajljdad
B0DHH57RNK,addkajljdad
B0D5CGZKVS,addkajljdad
B0CGV72N3B,addkajljdad
B0D2TWXSCF,addkajljdad
B07QGZJBDT,addkajljdad
B0CZ159213,addkajljdad
B0DP7WC97Y,addkajljdad
B0CQYKHCJF,addkajljdad
B0CSYBX5LQ,addkajljdad
B0CGKWVSR7,addkajljdad
B0CG86WMKD,addkajljdad
B0CDPNR3ND,addkajljdad
B0CBX589SM,addkajljdad
B0C8MCP3Y8,addkajljdad
B0C85KDYGT,addkajljdad
B0C5WRSFLV,addkajljdad
B0C54WMS8K,addkajljdad
B0C4GN6KM6,addkajljdad
B0C3LC18ZC,addkajljdad
B0C3C5JY8T,addkajljdad
B0C1V8XYDN,addkajljdad
B0BY8V92GY,addkajljdad
B0BW64P3F2,addkajljdad
B0BPC3BN2X,addkajljdad
B0BN5CYZSX,addkajljdad
B0CX961RLP,addkajljdad
B0CWGNJLR8,addkajljdad
B0CW5M5RLK,addkajljdad
B0CW1LNCTK,addkajljdad
B0CTQQ5ZT6,addkajljdad
B0CRFBGVSC,addkajljdad
B0CQY7PYTT,addkajljdad
B0CQS4QTCY,addkajljdad
B0CP5F3FN5,addkajljdad
B0CN3NF1D5,addkajljdad
B0CMLFLPZ9,addkajljdad
B0CMJ92HTB,addkajljdad
B0CKVNMM1M,addkajljdad
B0CK8FZLQR,addkajljdad
B0CJLPVB6S,addkajljdad
B0CHDTKRFK,addkajljdad
B0CPDKTQ2C,addkajljdad
B0DS22N7VQ,addkajljdad
B0CJ73SVJQ,addkajljdad
B09WJ6MXR2,addkajljdad
B0CFV8RR5X,addkajljdad
B0CN96HCM6,addkajljdad
B0CFBC4NDR,addkajljdad
B0CBMMP91Q,addkajljdad
B0C9GQN9BD,addkajljdad
B0CY1ZWWZ3,addkajljdad
B0C997QPSG,addkajljdad
B0775LG7GT,addkajljdad
B0C6LNJCSB,addkajljdad
B07VMMJVQQ,addkajljdad
B0C53F81TR,addkajljdad
B0D5CW2XKP,addkajljdad
B09T746H7Y,addkajljdad
B09F9NDMRT,addkajljdad
B08NHBTLJN,addkajljdad
B08TTL4P7X,addkajljdad
B07JF2FWBL,addkajljdad
B00WDEJ4ZS,addkajljdad
B07GX8KSY9,addkajljdad
B008WB0BI0,addkajljdad
B0D1VTZY7X,addkajljdad
B0CZ6YJP12,addkajljdad
B0CRSRWG13,addkajljdad
B0CPFXTXWX,addkajljdad
B0C8Z6Z1CG,addkajljdad
B0C4JB234Q,addkajljdad
B08FFNDQVB,addkajljdad
B0DY7VWG3C,addkajljdad
B0C3D252DT,addkajljdad
B09N7135HQ,addkajljdad
B0BGPTVY5Z,addkajljdad
B079P9D35K,addkajljdad
B0BGMYJ1Z9,addkajljdad
B00ZBK8ZV0,addkajljdad
B0BCJM2SGQ,addkajljdad
B0DJX3XXGZ,addkajljdad
B0B9BDFLHR,addkajljdad
B0DDPMW1QF,addkajljdad
B0B96D2SMX,addkajljdad
B0CLNV7D7P,addkajljdad
B0B7RH2PPZ,addkajljdad
B0BXWYLYLS,addkajljdad
B09V28K5Y8,addkajljdad
B0BJQMDC94,addkajljdad
B0DXVFN6WG,addkajljdad
B0DXKRWRN9,addkajljdad
B0DWWZH5GY,addkajljdad
B0DWDSLCC9,addkajljdad
B0DV4PZH27,addkajljdad
B0DT65FCMN,addkajljdad
B0DSVSMKQR,addkajljdad
B0DSHT9L5B,addkajljdad
B0DSC3DRR8,addkajljdad
B0DSBKBV3R,addkajljdad
B0DSBB99PV,addkajljdad
B0DS5NP2S9,addkajljdad
B0DRT2X716,addkajljdad
B0DRHR7XBQ,addkajljdad
B0DRGH2LT3,addkajljdad
B0DR742GKN,addkajljdad
B0DQSWNLSG,addkajljdad
B0DQSMQFT3,addkajljdad
B0DQP5K9HR,addkajljdad
B0DQKZDC35,addkajljdad
B0DQH864LJ,addkajljdad
B0DPZY61BC,addkajljdad
B0DPHT3BLD,addkajljdad
B0DPBS7DV7,addkajljdad
B0DP67BRGV,addkajljdad
B0DP4F27KX,addkajljdad
B0DNMTD8FM,addkajljdad
B0DNJW8ZY4,addkajljdad
B0DN9NB94X,addkajljdad
B0DN67ZGC9,addkajljdad
B0DMQM179Q,addkajljdad
B0DMDV58VQ,addkajljdad
B0DM5L4J7R,addkajljdad
B0DLB5VQGQ,addkajljdad
B0DKTNTPLD,addkajljdad
B0DKT2FMFK,addkajljdad
B0DKJKK574,addkajljdad
B0DK197Y9Q,addkajljdad
B0DK18GG4F,addkajljdad
B0DK11C8VZ,addkajljdad
B0DJK213JX,addkajljdad
B0DJFVDJ2D,addkajljdad
B0DJ2F9CF8,addkajljdad
B0DHY7MMV9,addkajljdad
B0DHHC2T57,addkajljdad
B0DH7LMDJW,addkajljdad
B0DGQJ7R31,addkajljdad
B0DFBLHY5S,addkajljdad
B0D9M2QFVN,addkajljdad
B0D9JL74W6,addkajljdad
B0D981P5LF,addkajljdad
B0D92DGZBR,addkajljdad
B0D91GSHXY,addkajljdad
B0D8F2FKSW,addkajljdad
B0D8BMC4XM,addkajljdad
B0D83RR36F,addkajljdad
B0D7CTNC64,addkajljdad
B0D73ZYCWQ,addkajljdad
B0D6Z2TT4T,addkajljdad
B0D6R866VX,addkajljdad
B0D5LKQ9RY,addkajljdad
B0D5CRPNWH,addkajljdad
B0D4JF6W4N,addkajljdad
B0D4C5GRKM,addkajljdad
B0DF7MHBJD,addkajljdad
B0DF71HD4N,addkajljdad
B0DDNZBKB4,addkajljdad
B0DDJVHBJ2,addkajljdad
B0DDFTCH5Q,addkajljdad
B0DDCPLNVN,addkajljdad
B0DD7D1F4D,addkajljdad
B0DD4D966X,addkajljdad
B0DD3LQR4B,addkajljdad
B0DCWHRP1F,addkajljdad
B0DCNNBDLC,addkajljdad
B0DCC8WDMC,addkajljdad
B0DCBWLCTR,addkajljdad
B0DBR8JMVS,addkajljdad
B0DBHPM2TV,addkajljdad
B0D9RSNXMS,addkajljdad
B0D499C6DV,addkajljdad
B0D46MMP59,addkajljdad
B0D3B64JBQ,addkajljdad
B0D1RLJWPR,addkajljdad
B0D1KJH27N,addkajljdad
B0D17TV96G,addkajljdad
B0D1414YYV,addkajljdad
B0D12ML1KS,addkajljdad
B0CYGS7WX8,addkajljdad
B0CX58XHKL,addkajljdad
B0CWP241N6,addkajljdad
B0CW1F3VH7,addkajljdad
B0CV8493YF,addkajljdad
B0CTDJ4VQ9,addkajljdad
B0CT648VXJ,addkajljdad
B0CSX93MLC,addkajljdad
B09QBZ8QG2,addkajljdad
B09NN9CGSL,addkajljdad
B09NCRFMJD,addkajljdad
B09MVZGF1S,addkajljdad
B09MHYM7D1,addkajljdad
B09MHVVG6Z,addkajljdad
B09MHVGJ7J,addkajljdad
B0964D9HFT,addkajljdad
B08VJ5NKFB,addkajljdad
B08RHGGRSM,addkajljdad
B08LQ8N1Q6,addkajljdad
B08LPMYVN4,addkajljdad
B08DM4DQFJ,addkajljdad
B08C7XFGCJ,addkajljdad
B086HN55ZJ,addkajljdad
B084B7FQ1S,addkajljdad
B0CPY46MX1,addkajljdad
B0CPPST88H,addkajljdad
B0CPPN5G1R,addkajljdad
B0CPHN1C91,addkajljdad
B0CP5GN4N6,addkajljdad
B0CNWWL6SJ,addkajljdad
B0CN32T4Z8,addkajljdad
B0CKWR4Q3Z,addkajljdad
B0CKVRZ8Y4,addkajljdad
B0CKMRRX8P,addkajljdad
B0CJ5Q44MK,addkajljdad
B0CGV79VLP,addkajljdad
B0CFYLHPR4,addkajljdad
B0CFTS15XL,addkajljdad
B0CCRZN481,addkajljdad
B0CCPS74CM,addkajljdad
B0CB8SV2HV,addkajljdad
B0CB5X4HLZ,addkajljdad
B0C9ZQ8RXK,addkajljdad
B0C9GS5JZ7,addkajljdad
B0C7CG637L,addkajljdad
B0C6GNBYCR,addkajljdad
B0C65KXY6X,addkajljdad
B0C5M951HM,addkajljdad
B0BYZ15GH5,addkajljdad
B0BY8BB4Z6,addkajljdad
B0BPT3YJKG,addkajljdad
B0BNZ9C1Q6,addkajljdad
B0BD82L4RV,addkajljdad
B0BCF7FZMY,addkajljdad
B0B9MKB1HQ,addkajljdad
B0B7S4PSRL,addkajljdad
B083J3JTB3,addkajljdad
B07ZPFBJM8,addkajljdad
B07SFGFMD4,addkajljdad
B07FNGZGTS,addkajljdad
B07D43XRZ3,addkajljdad
B07CPGQVJ8,addkajljdad
B079ZJNTRM,addkajljdad
B072NBQ8X3,addkajljdad
B01M0AYY78,addkajljdad
B0BR6N2DD1,addkajljdad
B0DBZ1WHSD,addkajljdad
B08TCH9F2T,addkajljdad
B0D9GZYJRG,addkajljdad
B0BMWTGP6J,addkajljdad
B0D9GZMGR6,addkajljdad
B0DC63D1XQ,addkajljdad
B0D9GYTC1G,addkajljdad
B008Q0EFCK,addkajljdad
B0D9GYH686,addkajljdad
B0BZD5Z9MQ,addkajljdad
B0D9GX66ZL,addkajljdad
B0DKJ2BLZT,addkajljdad
B0D8VMJ9K2,addkajljdad
B0CMBRZ7K6,addkajljdad
B0D7Z2VY7Q,addkajljdad
B0B4P3X5BX,addkajljdad
B0CDQXTXNM,addkajljdad
B07VN4Q1DH,addkajljdad
B0CB7S7QVX,addkajljdad
B01FG3PHD0,addkajljdad
B0C2HY95ML,addkajljdad
B009Z9QHA4,addkajljdad
B0C14H94P8,addkajljdad
B0DXVJDYRW,addkajljdad
B0BY4QZ41W,addkajljdad
B0DXNBY1NV,addkajljdad
B0BTYDC1X9,addkajljdad
B0DWXNVQ2S,addkajljdad
B0BNHF8NZM,addkajljdad
B0DWX776TX,addkajljdad
B0B4981C96,addkajljdad
B0DR7RGXLV,addkajljdad
B0775P9JD1,addkajljdad
B0DR62PRJY,addkajljdad
B0DR5WY43D,addkajljdad
B0DQPRMJ5Z,addkajljdad
B0DQ4T3QS8,addkajljdad
B0DPG5LDJH,addkajljdad
B0DNT6L7W2,addkajljdad
B0DNJQ3FNM,addkajljdad
B0DNFDM7F5,addkajljdad
B0DNF4X2K3,addkajljdad
B0DMTDTC65,addkajljdad
B0DMSQVKY9,addkajljdad
B0DMFDJRG4,addkajljdad
B0DLKV6VLG,addkajljdad
B0DLBSGCCZ,addkajljdad
B0DT98DTC9,addkajljdad
B09XJCVL12,addkajljdad
B0DT3NZCH5,addkajljdad
B09BR2VMKN,addkajljdad
B0DSTDHWPT,addkajljdad
B094Q1K3YX,addkajljdad
B0DSPV63HN,addkajljdad
B08Y7JSJFQ,addkajljdad
B0DSLSLLFN,addkajljdad
B08KGYGD9K,addkajljdad
B0DSLH49MK,addkajljdad
B08K8WJ8QD,addkajljdad
B0DSD5PG6Q,addkajljdad
B08K8HC5VX,addkajljdad
B0DRHN6XV5,addkajljdad
B07W6RRR83,addkajljdad
B077YHDXZ1,addkajljdad
B0D6KLJRZV,addkajljdad
B0DFPWYY79,addkajljdad
B0D5GXGGPM,addkajljdad
B0D7ZV7ZDQ,addkajljdad
B0D3CWJ2WH,addkajljdad
B0CHVLM78W,addkajljdad
B0CYLSMPP4,addkajljdad
B07YC8CNZL,addkajljdad
B0CXMJ5QW4,addkajljdad
B0CN6D287L,addkajljdad
B0CRR3DJWB,addkajljdad
B0BRNQRLJG,addkajljdad
B0CJ52W8WT,addkajljdad
B0BJNYHNVB,addkajljdad
B0CFHDTLJ4,addkajljdad
B0D9NBVHW3,addkajljdad
B0D9817BXP,addkajljdad
B0D8SDLR8F,addkajljdad
B0D87DDLVS,addkajljdad
B0D82F6WCY,addkajljdad
B0D5Y6ZCNV,addkajljdad
B0D4YL87R7,addkajljdad
B0D25G56DR,addkajljdad
B0CZRYHW7M,addkajljdad
B0CYPVLRT7,addkajljdad
B0CYKNQVT9,addkajljdad
B0CYG7TSKK,addkajljdad
B0CSTDKD7Q,addkajljdad
B0CRYDK223,addkajljdad
B0CRHFVC81,addkajljdad
B0CQP9YPJZ,addkajljdad
B0DKNZ59FM,addkajljdad
B0DJVW2K1N,addkajljdad
B0DJ71KSDQ,addkajljdad
B0DJ6P3KBF,addkajljdad
B0DHVPXGCT,addkajljdad
B0DGQ5BXBL,addkajljdad
B0DGG5JTK2,addkajljdad
B0DG97F7JF,addkajljdad
B0DG7ZNS7R,addkajljdad
B0DFH27KL8,addkajljdad
B0DDKF8KCB,addkajljdad
B0DDKD8C6M,addkajljdad
B0DCG2SG5W,addkajljdad
B0DC3FHGJS,addkajljdad
B0D9W9L114,addkajljdad
B0034B7VQS,addkajljdad
B0CLS3RHY8,addkajljdad
B0CHP2Q4MQ,addkajljdad
B0CH845JV4,addkajljdad
B0CF28RMLK,addkajljdad
B0CF1M77KR,addkajljdad
B0C7Q3VN3L,addkajljdad
B0C464PWKQ,addkajljdad
B0C3GRHTVR,addkajljdad
B0BNW3C6TK,addkajljdad
B0BHSJVR3Y,addkajljdad
B0BG1FFYHY,addkajljdad
B0BFHBFHWP,addkajljdad
B0BF93J7GZ,addkajljdad
B0BDJ6SWQL,addkajljdad
B0B5R6YZX4,addkajljdad
B0B4538R8Q,addkajljdad
B09N1KYH13,addkajljdad
B09FY38VDZ,addkajljdad
B08TV98RCB,addkajljdad
B088TYF33V,addkajljdad
B082MQ88KR,addkajljdad
B07PQWYKVB,addkajljdad
B07N33654H,addkajljdad
B07MFGCDW9,addkajljdad
B07JHJNQ77,addkajljdad
B07C6VWLSL,addkajljdad
B0776N2CHY,addkajljdad
B076VQJF4D,addkajljdad
B075XHNMGR,addkajljdad
B0719HQQ71,addkajljdad
B01A937AIC,addkajljdad
B0DNQ93FCZ,addkajljdad
B07YSH75Q4,addkajljdad
B0D54LV4D9,addkajljdad
B0DK1PLN3D,addkajljdad
B0DR2NLHJY,addkajljdad
B0DH1S1FQQ,addkajljdad
B0DHGXBB83,addkajljdad
B0DD3W64FV,addkajljdad
B0083UY6O0,addkajljdad
B0D9GSVLF8,addkajljdad
B09QCG5R5T,addkajljdad
B0D2WXP315,addkajljdad
B0B726TLXF,addkajljdad
B0CZRVVZ8N,addkajljdad
B0BC1F7JXZ,addkajljdad
B0CYXYHJ9W,addkajljdad
B0CP25CB3Y,addkajljdad
B0CH356V9C,addkajljdad
B0891B1X7Q,addkajljdad
B0CDPLNTLQ,addkajljdad
B084H6VW9P,addkajljdad
B0C6H116GX,addkajljdad
B01JHK5JZ4,addkajljdad
B0C4FWXJ9L,addkajljdad
B0DZ2JJWT5,addkajljdad
B0C4B51ZXQ,addkajljdad
B0DYTPYBXN,addkajljdad
B0C17JH484,addkajljdad
B0DXVGQ2KN,addkajljdad
B0BWYB97JN,addkajljdad
B0DXK2JJYH,addkajljdad
B0BWTL5HG7,addkajljdad
B0DX6GKWL3,addkajljdad
B0BQMKHTVT,addkajljdad
B0DTTP3GL2,addkajljdad
B0BFW53N6V,addkajljdad
B0DTJZW1ZZ,addkajljdad
B0BCK84WRY,addkajljdad
B0DTH1T4QP,addkajljdad
B0B85QFW94,addkajljdad
B0DSVWT6LC,addkajljdad
B0B7ZV9M9S,addkajljdad
B0DSFR4151,addkajljdad
B0B28M69TY,addkajljdad
B0DSC41KWY,addkajljdad
B09XB6BSGY,addkajljdad
B0DRFN8P9J,addkajljdad
B09N8NLF7V,addkajljdad
B08G4PCYFP,addkajljdad
B0CY2D5SS3,addkajljdad
B08H1S4G3B,addkajljdad
B0CT3FZXZR,addkajljdad
B0DMV97NT6,addkajljdad
B0CRKJRZ3F,addkajljdad
B0BHWK9LMG,addkajljdad
B0CR9V7T4T,addkajljdad
B07X2S67GH,addkajljdad
B0CQK13SST,addkajljdad
B0CR5ZW58V,addkajljdad
B0CPLY5XYV,addkajljdad
B093CZCZDF,addkajljdad
B0CMW923QX,addkajljdad
B0DGY32CV7,addkajljdad
B0CJHSBM2W,addkajljdad
B0DQSR834P,addkajljdad
B07YQ1RTT2,addkajljdad
B0DQSNG8WX,addkajljdad
B01MXFE25E,addkajljdad
B0DQSK9SB7,addkajljdad
B008US078O,addkajljdad
B0DQKR3C3Z,addkajljdad
B0DQKQCJFV,addkajljdad
B0DQ57S6DX,addkajljdad
B0DQ4V5979,addkajljdad
B0DPWSYM61,addkajljdad
B0DPGWCSPK,addkajljdad
B0DP4B2HHY,addkajljdad
B0DP473CPX,addkajljdad
B0DNXYYYX3,addkajljdad
B0DKTCS5QQ,addkajljdad
B0DKHGN1BF,addkajljdad
B0DKFKNC4V,addkajljdad
B0DKCQWKTG,addkajljdad
B0DK5S919J,addkajljdad
B0DK3FC47F,addkajljdad
B0DK387V48,addkajljdad
B0DK1ZFT8B,addkajljdad
B0DJR4YRWM,addkajljdad
B0DHXFKWYZ,addkajljdad
B0DHWSWHZS,addkajljdad
B0DGTDLG9B,addkajljdad
B0DFPV1DLP,addkajljdad
B0DFCQQTVS,addkajljdad
B0DDCHP88D,addkajljdad
B0DD3WW2XT,addkajljdad
B0DCSLSQ3T,addkajljdad
B0DBLS5HLB,addkajljdad
B0DB4SKPDH,addkajljdad
B0D8Q9WKMS,addkajljdad
B0D8KVN8TG,addkajljdad
B0D8B1ZR84,addkajljdad
B0D874J4ZX,addkajljdad
B0D818WNZR,addkajljdad
B0D69G889W,addkajljdad
B0D5B662FR,addkajljdad
B0D4YH79PK,addkajljdad
B0D455TLSK,addkajljdad
B0D3784QD3,addkajljdad
B0D348TMS4,addkajljdad
B0CZHG7NPV,addkajljdad
B0CZF32F6R,addkajljdad
B0CY2J5T9Y,addkajljdad
B0CY2C74QW,addkajljdad
B0CXXSW43M,addkajljdad
B0CWRDZC94,addkajljdad
B0CWNNZ5WX,addkajljdad
B0CWGYPVHM,addkajljdad
B0CS9SL8RV,addkajljdad
B0CQTF3HXW,addkajljdad
B0CMCS1P87,addkajljdad
B0CLLJMYRY,addkajljdad
B0CHJMZCJ2,addkajljdad
B0CDLS18D8,addkajljdad
B0CCWSFQDL,addkajljdad
B0CCKYNJ4N,addkajljdad
B0CCJKXQZS,addkajljdad
B0C913RH7D,addkajljdad
B0C5JTV9B8,addkajljdad
B006WAYGOS,addkajljdad
B0C5J75S82,addkajljdad
B0C53PGJ57,addkajljdad
B0C3WZGSNY,addkajljdad
B0C3BTTJXY,addkajljdad
B0BRD6K58Y,addkajljdad
B0BQ6X8PQY,addkajljdad
B0BNLYTPBY,addkajljdad
B0BBLZKNQL,addkajljdad
B09YH5G3K2,addkajljdad
B09VM9SRG5,addkajljdad
B097RWK4Z2,addkajljdad
B0847S7N6Z,addkajljdad
B071KZZFZ7,addkajljdad
B01N1UGGYB,addkajljdad
B017CF37FK,addkajljdad
B00PI1JN86,addkajljdad
B08MF99P6C,addkajljdad
B0CXJGD92S,addkajljdad
B0BQ5Z7YSZ,addkajljdad
B0CSDBC5SY,addkajljdad
B07WZRCWS8,addkajljdad
B0CP7VS2RJ,addkajljdad
B0DF7K3LZJ,addkajljdad
B0CP6P7XST,addkajljdad
B0C8DKJJWS,addkajljdad
B0CLZKZQR7,addkajljdad
B0C8153WWS,addkajljdad
B0CKT3F2PS,addkajljdad
B09GBJSQP2,addkajljdad
B0CBJSV63Z,addkajljdad
B094JFRW48,addkajljdad
B0C4PN9CLC,addkajljdad
B0CJRRRND8,addkajljdad
B0DJLZW1MP,addkajljdad
B0CDGVZPL5,addkajljdad
B0DHXP9JX5,addkajljdad
B0C43HD8TV,addkajljdad
B0DH3QTW1K,addkajljdad
B002309ITO,addkajljdad
B0DH1X8DB2,addkajljdad
B078JT8XV4,addkajljdad
B0DB71SWS9,addkajljdad
B0DP8JFY4N,addkajljdad
B0D56X25F2,addkajljdad
B0DHXP4WM8,addkajljdad
B0D45V4RWZ,addkajljdad
B0C3M9KR1W,addkajljdad
B0CY5DXL83,addkajljdad
B0DSBF6SSV,addkajljdad
B0B4N5QDX6,addkajljdad
B0DS861R2T,addkajljdad
B0B2MVNFXF,addkajljdad
B0DRVSVPDQ,addkajljdad
B09SCN1D5B,addkajljdad
B0DRV2ZTKC,addkajljdad
B09QCDQN14,addkajljdad
B0DR8HWWR4,addkajljdad
B09LYKM31M,addkajljdad
B0DQWM8215,addkajljdad
B09KCC5646,addkajljdad
B0DPZHW4BG,addkajljdad
B09F9BMNZ1,addkajljdad
B0DPWYJPPZ,addkajljdad
B0996BP81R,addkajljdad
B07H7S1ZXS,addkajljdad
B0BZ3FJ88D,addkajljdad
B001B8B798,addkajljdad
B0BYJKN7SF,addkajljdad
B0DYYHY6H6,addkajljdad
B0BXS6LXDM,addkajljdad
B0DYJPP5K3,addkajljdad
B0BX48LNM4,addkajljdad
B0DXCRJW11,addkajljdad
B0BWHR1JXS,addkajljdad
B0DXC4H9YJ,addkajljdad
B0BRN6KN1J,addkajljdad
B0DW83ZYMH,addkajljdad
B0BG62SZ5T,addkajljdad
B0DTNXJ4XL,addkajljdad
B0B9M2XCNB,addkajljdad
B0DJMRD24N,addkajljdad
B0DJM3QS25,addkajljdad
B0DJ2W8R1L,addkajljdad
B0DHY4YWS4,addkajljdad
B0DHRQJ8W3,addkajljdad
B0DHGFGLJ5,addkajljdad
B0DHDFTFTZ,addkajljdad
B0DGX1GP21,addkajljdad
B0DGQCW2CW,addkajljdad
B0DGNXP8Q9,addkajljdad
B0DFWZMW9D,addkajljdad
B0DF75JFKS,addkajljdad
B0DD561Z4L,addkajljdad
B0DCTTRZYP,addkajljdad
B0DCP2LZKN,addkajljdad
B0DCNGVWWF,addkajljdad
B0DBZJNFHT,addkajljdad
B0DBVBPMT6,addkajljdad
B0DB61H66C,addkajljdad
B0DB1D64VR,addkajljdad
B0D9T91BQV,addkajljdad
B0D9NL5CVB,addkajljdad
B0D97Q4T3K,addkajljdad
B0D93RHCF3,addkajljdad
B0D93Q7TJJ,addkajljdad
B0D83MBBSM,addkajljdad
B0D7CFFM9Z,addkajljdad
B0D7CDSVMH,addkajljdad
B0D7CD6H46,addkajljdad
B0D7C92KV5,addkajljdad
B0D7BPHP8X,addkajljdad
B0D78J32MG,addkajljdad
B0D6XNCMQB,addkajljdad
B0D6S1N12F,addkajljdad
B0D4V3X74L,addkajljdad
B0D4M98BXW,addkajljdad
B0D4DQKS1C,addkajljdad
B0D3FHVT8K,addkajljdad
B0D35BG486,addkajljdad
B0D21R3G3R,addkajljdad
B0D21PF5QV,addkajljdad
B0D1N9YTDZ,addkajljdad
B0D1BYJQRP,addkajljdad
B0D13ZGHV6,addkajljdad
B0CYZLXMRB,addkajljdad
B0CYLNG1YY,addkajljdad
B0CY7WYBLG,addkajljdad
B0CY52187G,addkajljdad
B0CXHCLG3X,addkajljdad
B0CXDLQWP4,addkajljdad
B0CXCYJWYR,addkajljdad
B0CTLRSGMN,addkajljdad
B0CTLN2WHV,addkajljdad
B0CSNBZMGB,addkajljdad
B0CS5MSBG8,addkajljdad
B0CQYMH7J5,addkajljdad
B0CQ2CT64H,addkajljdad
B0CPHW831S,addkajljdad
B0CP45VSFS,addkajljdad
B0CNXH9B5K,addkajljdad
B0CMLTJ4V5,addkajljdad
B0CMLBZ386,addkajljdad
B0CLZ2WJXB,addkajljdad
B0CKL6FFB8,addkajljdad
B0DMVRSQM8,addkajljdad
B07GZ8M8FH,addkajljdad
B0DMSSB9BK,addkajljdad
B078XQJ1JT,addkajljdad
B0DMS4H4VS,addkajljdad
B0DMBKMKSS,addkajljdad
B0DLNYGNFJ,addkajljdad
B0DKXVG6H4,addkajljdad
B0DKXF5KR1,addkajljdad
B0DKPJZYBC,addkajljdad
B0DKBCL9QY,addkajljdad
B0DK6ZRGHQ,addkajljdad
B0DK5194MP,addkajljdad
B0DJVHVTFT,addkajljdad
B0DJVGTL3H,addkajljdad
B0DJQZYPBF,addkajljdad
B0CJHXP68S,addkajljdad
B0CJFGZXTY,addkajljdad
B0CH8T1RKQ,addkajljdad
B0CF5HFS53,addkajljdad
B0CCSTRZKL,addkajljdad
B0CCDB2QJ1,addkajljdad
B0C4D3RJL5,addkajljdad
B0BY25WLGY,addkajljdad
B0BX5YQ9W4,addkajljdad
B0BVFM4ZZ5,addkajljdad
B0BQMBWHY5,addkajljdad
B0BNWSH3ZS,addkajljdad
B0BNLLDGR4,addkajljdad
B0BN5KQ3FB,addkajljdad
B0BC6X3488,addkajljdad
B0B5BBC4BB,addkajljdad
B0DPMS4ZQC,addkajljdad
B08KSTTTJ2,addkajljdad
B0DPH1167D,addkajljdad
B08D96KNKB,addkajljdad
B0DPGZ2D69,addkajljdad
B0875MYY1R,addkajljdad
B0DPF25DGY,addkajljdad
B084VFBY32,addkajljdad
B0DP46MSSY,addkajljdad
B07Z8XMFYD,addkajljdad
B0DNFB8GJD,addkajljdad
B07WPGD1FV,addkajljdad
B0DMZX5D6T,addkajljdad
B07V6SMHY2,addkajljdad
B0DMVYL315,addkajljdad
B07QL5TY2L,addkajljdad
B0B1P6L3WB,addkajljdad
B09Y9BLJ1N,addkajljdad
B09DVQ8LZJ,addkajljdad
B0925G6HM7,addkajljdad
B08DK4WXYG,addkajljdad
B07VX5L4N8,addkajljdad
B072S8FBBL,addkajljdad
B072F7KQFQ,addkajljdad
B00BQ3YBO6,addkajljdad
B003U8BE54,addkajljdad
B001LJQIAK,addkajljdad
B001LJN8L2,addkajljdad
B0BDZW67DF,addkajljdad
B0BB23TGZC,addkajljdad
B0BD7Q46LJ,addkajljdad
B0CYL6MC66,addkajljdad
B0B7DBDVJC,addkajljdad
B0CLY5YPLB,addkajljdad
B0B2VDGXSJ,addkajljdad
B0CF9YRW94,addkajljdad
B09YV3SMDV,addkajljdad
B0C749HQWP,addkajljdad
B095LH3N1Z,addkajljdad
B08ZCMZSTR,addkajljdad
B09191M5PT,addkajljdad
B089R7ZRBG,addkajljdad
B08X9V47JV,addkajljdad
B07BY6VG4P,addkajljdad
B0BGJQQ3M9,addkajljdad
B0DDK842FN,addkajljdad
B09M77F42F,addkajljdad
B0D22MKTQX,addkajljdad
B0C9QXPRVY,addkajljdad
B0CZP19HWG,addkajljdad
B07YP6YXDK,addkajljdad
B0CWZ217CR,addkajljdad
B0CRRXHX6H,addkajljdad
B0C8893BKJ,addkajljdad
B0CHB5HJBT,addkajljdad
B0BY6JW6JS,addkajljdad
B00TJ8E6B8,addkajljdad
B0BS3QNTK6,addkajljdad
B085WBXQ26,addkajljdad
B08G4GK5MM,addkajljdad
B0F25ZPJJ6,addkajljdad
B07ZLSMN9W,addkajljdad
B0DY7R2L27,addkajljdad
B001EX28CK,addkajljdad
B0DXC7Z6QH,addkajljdad
B0DWSJX3NJ,addkajljdad
B0DWMR87TS,addkajljdad
B0DW9GSSJ6,addkajljdad
B0DTPDB5JY,addkajljdad
B0DTG16B5M,addkajljdad
B0DTDZQLWL,addkajljdad
B0DSPKKT34,addkajljdad
B0DSLPXMVJ,addkajljdad
B0DSDFTRT8,addkajljdad
B0DSBQK9R2,addkajljdad
B0DS9LCRYC,addkajljdad
B0DS85C5LZ,addkajljdad
B0DS8574H7,addkajljdad
B0DS542QJV,addkajljdad
B0DS3XD7PB,addkajljdad
B0DRPH2TZ4,addkajljdad
B0DRCQ9VLD,addkajljdad
B0DQQ1T4SW,addkajljdad
B0DQL5WQFD,addkajljdad
B0DQ9QCRPD,addkajljdad
B0DQ8SQ8QX,addkajljdad
B0DQ84ZPTV,addkajljdad
B0DPZ5D7ZY,addkajljdad
B0DPT3L8KD,addkajljdad
B0DPBBPK43,addkajljdad
B0DP6K1HQX,addkajljdad
B0DP6JRDSV,addkajljdad
B0DNF4D4R8,addkajljdad
B0DMVWB8N6,addkajljdad
B0DMVN7P86,addkajljdad
B0DLSVGCB3,addkajljdad
B0DLKYBXCR,addkajljdad
B0DLGJRGJJ,addkajljdad
B0DL9MGZ25,addkajljdad
B0DKTM5K4W,addkajljdad
B0DKPGMDCY,addkajljdad
B0DK9DCBYZ,addkajljdad
B0DK9B4GVK,addkajljdad
B0DK6Z683M,addkajljdad
B0DJW64C25,addkajljdad
B0DJVXZ1C5,addkajljdad
B0DJM4MC9G,addkajljdad
B0D342GMS7,addkajljdad
B0CZF493HV,addkajljdad
B0CZ76HHSL,addkajljdad
B0CXHMTRPK,addkajljdad
B0CW231PC2,addkajljdad
B0CTDGJQ6S,addkajljdad
B0CP1X2RRJ,addkajljdad
B0CNK7CRG7,addkajljdad
B0CN3PVKY1,addkajljdad
B0CJFDMJNR,addkajljdad
B0CHRBX525,addkajljdad
B0CH3VR5RV,addkajljdad
B0CFVYL9P2,addkajljdad
B0CFTPYZLD,addkajljdad
B0CF2FPG1S,addkajljdad
B0CDWMJ24W,addkajljdad
B0CDP4YBYN,addkajljdad
B0CCYHTNZ4,addkajljdad
B0CB59KBYK,addkajljdad
B0C4DDBBSF,addkajljdad
B0C2KGVL35,addkajljdad
B0BZ3L8WG7,addkajljdad
B0BY8BT9HC,addkajljdad
B0BWH9DZTF,addkajljdad
B0BTLBQ9PX,addkajljdad
B0BFB9PS6S,addkajljdad
B0BD6RHW22,addkajljdad
B0BB78KB4S,addkajljdad
B0B9BCHR9S,addkajljdad
B0B5B7RBS3,addkajljdad
B09YNM23M9,addkajljdad
B09X88MR65,addkajljdad
B0DJFSJZX3,addkajljdad
B0DJ6Q65S1,addkajljdad
B0DHXNHRTG,addkajljdad
B0DHBLN65Z,addkajljdad
B0DH3BY66P,addkajljdad
B0DG4VT83Y,addkajljdad
B0DFVCTBTC,addkajljdad
B0DFBLSPJY,addkajljdad
B0DCZQLN81,addkajljdad
B0DCZNTWZ9,addkajljdad
B0DCZFMH65,addkajljdad
B0DCNX85ZW,addkajljdad
B0DCGBW6QF,addkajljdad
B0DCG5P4K1,addkajljdad
B0DC4833G9,addkajljdad
B0DBZ9VPFH,addkajljdad
B09TF33YX2,addkajljdad
B09H6X6W8T,addkajljdad
B096Z8N3XZ,addkajljdad
B095RYBXJZ,addkajljdad
B095P4R9QS,addkajljdad
B07X1F5VMG,addkajljdad
B07Q25ZZTP,addkajljdad
B074STJ5HB,addkajljdad
B00ZAAFZ96,addkajljdad
B00GXJFPMA,addkajljdad
B00EVHDE4C,addkajljdad
B006T59O5C,addkajljdad
B0DBQG2XY7,addkajljdad
B0DBKY65LY,addkajljdad
B0D8ZNBCD9,addkajljdad
B0D8W33NY6,addkajljdad
B0D8T1PRYL,addkajljdad
B0D8KP2ZCD,addkajljdad
B0D8JQL7C5,addkajljdad
B0D8JB8P1Z,addkajljdad
B0D7WFKMQC,addkajljdad
B0D7TJSRNT,addkajljdad
B0D7MPCDF5,addkajljdad
B0D7HK2L8N,addkajljdad
B0D6XPFXB1,addkajljdad
B0D6GBC44V,addkajljdad
B0D6BX1LYF,addkajljdad
B0D45C3TRK,addkajljdad
B0CZGQ9FZ2,addkajljdad
B0CWL9YYHX,addkajljdad
B0D53WXDBF,addkajljdad
B0CTFBZPFP,addkajljdad
B0C4KP9HLH,addkajljdad
B0CRKN17G3,addkajljdad
B0D8HMQ852,addkajljdad
B0CGJ7DFLH,addkajljdad
B0CDM4LQH7,addkajljdad
B0CFCN35FP,addkajljdad
B09F5TJJ46,addkajljdad
B0C4P28J5W,addkajljdad
B0CMTHFXXT,addkajljdad
B0C3RPDB41,addkajljdad
B0DJJQ26NG,addkajljdad
B0C13GP8XX,addkajljdad
B0DCZGFSNH,addkajljdad
B0BTD1LBYZ,addkajljdad
B0CDWB15J9,addkajljdad
B0BRSRC8RC,addkajljdad
B0BBVTFPGV,addkajljdad
B0BBTDBPBY,addkajljdad
B07X2XX7WD,addkajljdad
B0B95NYL99,addkajljdad
B0F2HLJQQJ,addkajljdad
B09YQHJPG1,addkajljdad
B0DYGYXJ1X,addkajljdad
B09TPGRVQB,addkajljdad
B0DY15H39F,addkajljdad
B09P33NR1X,addkajljdad
B0DXZ5KM73,addkajljdad
B09MTWY9FX,addkajljdad
B0DR345H4D,addkajljdad
B086QPXBL6,addkajljdad
B0DR1ZYRF5,addkajljdad
B00PHMUK60,addkajljdad
B0DQPPFJN8,addkajljdad
B0DQLJ2S6D,addkajljdad
B0DQ4LNN8Q,addkajljdad
B0DPFYF4S7,addkajljdad
B0DPFTMHNV,addkajljdad
B0DPF44H62,addkajljdad
B0DMKQMMDH,addkajljdad
B0DM4LGFD7,addkajljdad
B0DLZG6SB9,addkajljdad
B0DL5N2399,addkajljdad
B0DL3828V2,addkajljdad
B0DKNYGXNX,addkajljdad
B0DDX29NGL,addkajljdad
B0DD7VH9PX,addkajljdad
B0DD75TGTJ,addkajljdad
B0DD3J1T5H,addkajljdad
B0DCYXYC64,addkajljdad
B0DC4ZR4BS,addkajljdad
B0DB716GF4,addkajljdad
B0D9ZWQ5R1,addkajljdad
B0D9S3VPM6,addkajljdad
B0D9QGDGYV,addkajljdad
B0D9JBM6S5,addkajljdad
B0D9BB24CX,addkajljdad
B0D963TMYV,addkajljdad
B0D961MTPD,addkajljdad
B0D8QCLHRH,addkajljdad
B0D6THTYG5,addkajljdad
B09XLLFD9L,addkajljdad
B0C7L9WMC3,addkajljdad
B0DYDMLMTN,addkajljdad
B0DG8Y1JG9,addkajljdad
B0BZ4C6M2B,addkajljdad
B0D9X1XF3B,addkajljdad
B0055QHFS4,addkajljdad
B0D9NY6GMK,addkajljdad
B0C3XR3DKG,addkajljdad
B0D78FW3NR,addkajljdad
B0CHYQTKHX,addkajljdad
B0D5MG1R36,addkajljdad
B0CH9TG6JW,addkajljdad
B0D2DPMWNT,addkajljdad
B079HN5HTJ,addkajljdad
B0CYLHNZFQ,addkajljdad
B0DKHTRDDH,addkajljdad
B0DKF9G6YK,addkajljdad
B0DK72F5PZ,addkajljdad
B0DK43JBP7,addkajljdad
B0DK1F7NYC,addkajljdad
B0DJQTL8RP,addkajljdad
B0DJQPNLF8,addkajljdad
B0DHL863H2,addkajljdad
B0DH1TZPZR,addkajljdad
B0DGTJSPTW,addkajljdad
B0DGPVZG5T,addkajljdad
B0DGLY83DT,addkajljdad
B0DGGF5H8P,addkajljdad
B0DFLZZ6JB,addkajljdad
B0DFCVP4Z8,addkajljdad
B0DF4WYZ4N,addkajljdad
B0D5Z1G2HY,addkajljdad
B0D5H8S2PP,addkajljdad
B0D4PY4YZ1,addkajljdad
B0D4MNR3SW,addkajljdad
B0D4DD6LN4,addkajljdad
B0D3T2Q5JL,addkajljdad
B0D2WM1VCY,addkajljdad
B0D2VNTLYY,addkajljdad
B0D1XKDYCS,addkajljdad
B0D1MKDMDH,addkajljdad
B0D1CK99SH,addkajljdad
B0D17TDJM3,addkajljdad
B0D16WYDJF,addkajljdad
B0CZDKFM8V,addkajljdad
B0CZD8H6SV,addkajljdad
B0CZ9C87W5,addkajljdad
B0DXVYWPQK,addkajljdad
B09BYC41WX,addkajljdad
B0DXF8FZDT,addkajljdad
B09729K4XD,addkajljdad
B0DWMS76RT,addkajljdad
B08Z72XYSR,addkajljdad
B0DWFN6D7Z,addkajljdad
B08TR9YV3Q,addkajljdad
B0DT6SDP3K,addkajljdad
B08R7WV39Y,addkajljdad
B0DSJJJF4F,addkajljdad
B089FYBWVZ,addkajljdad
B0DSB5S6ZN,addkajljdad
B0899KXMM3,addkajljdad
B0DRFNDQQV,addkajljdad
B087V4X32P,addkajljdad
B0CZ3HGFVX,addkajljdad
B0CS623PWH,addkajljdad
B0CRDX9LG3,addkajljdad
B0CMLNRVT3,addkajljdad
B0CM3RCK1C,addkajljdad
B0CLXPZSRF,addkajljdad
B0CLRN686Z,addkajljdad
B0CLGX8VT8,addkajljdad
B0CGRMHYMS,addkajljdad
B0CGRJDCMH,addkajljdad
B0CFXTZNGC,addkajljdad
B0C6XNQMFC,addkajljdad
B0C2KGY4C3,addkajljdad
B0BXF9GB3T,addkajljdad
B0BX6SPFYZ,addkajljdad
B0BTH9WVPM,addkajljdad
B0B79YV2P1,addkajljdad
B0B635S3YC,addkajljdad
B09ZHDX56G,addkajljdad
B099JB8TZ6,addkajljdad
B09276YVTL,addkajljdad
B091C2BPVJ,addkajljdad
B08H5L9S5S,addkajljdad
B085VKDMFV,addkajljdad
B07ZZH4VDL,addkajljdad
B07Y3CLKGW,addkajljdad
B07RYQHFJW,addkajljdad
B07GY3ZB4K,addkajljdad
B071DNBBYD,addkajljdad
B00EPDLLEW,addkajljdad
B00COHL1PA,addkajljdad
B009SCX9FO,addkajljdad
B0BG3LZ5JF,addkajljdad
B0DJZZYF4V,addkajljdad
B0CGJKZ9CL,addkajljdad
B0DJ19BQ1P,addkajljdad
B09N1CC2V4,addkajljdad
B0DH23N6RF,addkajljdad
B005DIPY32,addkajljdad
B0DDWGL9VY,addkajljdad
B0CW1S2THN,addkajljdad
B0DD735VPB,addkajljdad
B0CRD8XWC9,addkajljdad
B0D7S5FQ5K,addkajljdad
B0DD3C8SCM,addkajljdad
B0D5M92DFK,addkajljdad
B0D3776FVK,addkajljdad
B0D3HRHJ86,addkajljdad
B0093F3J6A,addkajljdad
B0F3DJLW1S,addkajljdad
B0B7QYFJPD,addkajljdad
B0DXFDTZ2M,addkajljdad
B0B4CDD99B,addkajljdad
B0DWSVF6JJ,addkajljdad
B08SW3JK9L,addkajljdad
B0DTD4CVDB,addkajljdad
B08MBG55DF,addkajljdad
B0DSZJNVWL,addkajljdad
B08HWK9FR7,addkajljdad
B0DSMV45Q1,addkajljdad
B07R4884N9,addkajljdad
B0DSJ4NKJN,addkajljdad
B01ABHNPB2,addkajljdad
B0DRTRM2C3,addkajljdad
B0DRNXSL6Z,addkajljdad
B0DRCXWRNW,addkajljdad
B0DR61RXR5,addkajljdad
B0DQ9XBYN7,addkajljdad
B0DQ525DWC,addkajljdad
B0DPHGYR5R,addkajljdad
B0DNK7Q5CL,addkajljdad
B0DNB5Y71F,addkajljdad
B0DN18ZJGB,addkajljdad
B0DMDXVKHQ,addkajljdad
B0DLB8SRRX,addkajljdad
B0DK4VWW6X,addkajljdad
B0DJSBJQQJ,addkajljdad
B0DHWRYH4F,addkajljdad
B0DHGQLKBH,addkajljdad
B0DGT3JWFL,addkajljdad
B0DGD275ZM,addkajljdad
B0D2ZRNM34,addkajljdad
B0D2KKXFQW,addkajljdad
B0D1V3YB26,addkajljdad
B0D1RGXQPR,addkajljdad
B0CZL1C3FS,addkajljdad
B0CZKPYJSX,addkajljdad
B0CZ97Z9CG,addkajljdad
B0CYZ6D7FW,addkajljdad
B0CYB7QFMJ,addkajljdad
B0CY9GDLJ8,addkajljdad
B0CXF4YJVR,addkajljdad
B0CTJT229P,addkajljdad
B0CTHCZG7K,addkajljdad
B0CSXT53Z4,addkajljdad
B0CSJ6KLD7,addkajljdad
B0CRVPB4LP,addkajljdad
B0BV5L7FZ8,addkajljdad
B0CHYK7GBJ,addkajljdad
B0DHVJCF5X,addkajljdad
B0CGHS82CN,addkajljdad
B0D6TYYJ97,addkajljdad
B0CF1PWHJ6,addkajljdad
B0CWTHCS6H,addkajljdad
B0CD3W73KM,addkajljdad
B0C5CBMZG2,addkajljdad
B0CCDNB98L,addkajljdad
B0B8TWWLBC,addkajljdad
B0CCCQRJFY,addkajljdad
B097LQH3RR,addkajljdad
B0B8NZ9J9X,addkajljdad
B00O8KM8MG,addkajljdad
B0B881CC44,addkajljdad
B0DFY46WCM,addkajljdad
B0DFPTVN8G,addkajljdad
B0DDKY3QX3,addkajljdad
B0DDKSZ77P,addkajljdad
B0DD7H38RK,addkajljdad
B0DCCD6ZCZ,addkajljdad
B0DCBB5LB8,addkajljdad
B0D9Y2121Z,addkajljdad
B0D9XDB5NQ,addkajljdad
B0D9Q8X51W,addkajljdad
B0D83NYZYT,addkajljdad
B0D766HPQX,addkajljdad
B0D5YFW367,addkajljdad
B0D4Z9WPB4,addkajljdad
B0D4QWCLRJ,addkajljdad
B0D423XNKZ,addkajljdad
B0CRBHG33V,addkajljdad
B0CQTSWZK2,addkajljdad
B0CP8NCRL1,addkajljdad
B0CP42SSY3,addkajljdad
B0CNCD3J51,addkajljdad
B0CM6DQTCP,addkajljdad
B0CJLTH3R6,addkajljdad
B0CHSTGDPR,addkajljdad
B0CHP6RMMJ,addkajljdad
B0CGXNKYKZ,addkajljdad
B0CGKZL4BC,addkajljdad
B0CFXFN84V,addkajljdad
B0CCZLG579,addkajljdad
B0CCYNFNJ3,addkajljdad
B0CBFQTV89,addkajljdad
B0C9C7FGTM,addkajljdad
B0C8M3Y7LB,addkajljdad
B0C7W3D7JZ,addkajljdad
B0C7CY6C57,addkajljdad
B0BXWL37TY,addkajljdad
B0BWJ573V8,addkajljdad
B0BMPQL2ZP,addkajljdad
B0BMPBP1G3,addkajljdad
B0BLBW61KR,addkajljdad
B0BJZKXJKJ,addkajljdad
B0BJCXGQSS,addkajljdad
B0B9K8J8LM,addkajljdad
B09ZK34GB1,addkajljdad
B09T9ZBL9K,addkajljdad
B09BYW858Y,addkajljdad
B09BFJ3TY7,addkajljdad
B098D6KJDB,addkajljdad
B0DS283JF2,addkajljdad
B0D17GSN75,addkajljdad
B0D2S3KXDD,addkajljdad
B0CZL7ML7C,addkajljdad
B00FSFMBU4,addkajljdad
B0CZF18Y1R,addkajljdad
B0D31NPB68,addkajljdad
B0CWRSNN9N,addkajljdad
B0BGHY6D48,addkajljdad
B0CWLF26D4,addkajljdad
B089GM5V7L,addkajljdad
B0CWL2J294,addkajljdad
B0DQGBHP57,addkajljdad
B0CNXBJVHT,addkajljdad
B0B5FVC444,addkajljdad
B0CL3YJ68P,addkajljdad
B0DJR158TW,addkajljdad
B07B2W6DJC,addkajljdad
B0DHXNW4WF,addkajljdad
B01N45A6LQ,addkajljdad
B0DH22HRG8,addkajljdad
B0BRVRSH4G,addkajljdad
B0DGTRTMGQ,addkajljdad
B0CFCZ2KBL,addkajljdad
B0DCF8Q3PH,addkajljdad
B09K66S24H,addkajljdad
B0D9QGS7V7,addkajljdad
B0CG9FHKZC,addkajljdad
B0D965GBY4,addkajljdad
B0C9KTGZNH,addkajljdad
B0D87BGHVT,addkajljdad
B0D6V7CF73,addkajljdad
B08ZSQF4C5,addkajljdad
B087GMJK4G,addkajljdad
B08761RFFD,addkajljdad
B07VFRQ36N,addkajljdad
B079HT5179,addkajljdad
B074SB8MTB,addkajljdad
B01LYPM9NJ,addkajljdad
B00QMSK3TC,addkajljdad
B00K79EDPM,addkajljdad
B0DS117K6N,addkajljdad
B0DRWBCZ7Z,addkajljdad
B0DR29P2SJ,addkajljdad
B0DQWNQWCW,addkajljdad
B0DQ9PMWWT,addkajljdad
B0DQ4ZL369,addkajljdad
B0DPYT6NDL,addkajljdad
B0DPX6RJW1,addkajljdad
B0DPWW8M96,addkajljdad
B0DPV3KT2J,addkajljdad
B0DPRXTHJG,addkajljdad
B0DPHRNRRR,addkajljdad
B0DPGYRXSS,addkajljdad
B0DP9Y8Q4V,addkajljdad
B0DP6H2VGB,addkajljdad
B0DP2KSL7C,addkajljdad
B0D6G6Y77D,addkajljdad
B0D49GRWYP,addkajljdad
B0D2TS6SYX,addkajljdad
B0BZN8L3NF,addkajljdad
B0D2K4TVYG,addkajljdad
B0DYHGKFV4,addkajljdad
B0CWYV85FZ,addkajljdad
B0DYCN6X3K,addkajljdad
B0CWYTRJ99,addkajljdad
B0DY88889T,addkajljdad
B0CGTYS96L,addkajljdad
B0DWX22L6G,addkajljdad
B0CF8DKCYM,addkajljdad
B0DWSZJB9P,addkajljdad
B09WVW1G33,addkajljdad
B0DTPFR2Z3,addkajljdad
B09VNXLX61,addkajljdad
B0DTPCBVL7,addkajljdad
B09K5BN934,addkajljdad
B0DTHMBXZW,addkajljdad
B074L7JK9S,addkajljdad
B0DT6WS7BK,addkajljdad
B01FON00DE,addkajljdad
B0DT1H8W1B,addkajljdad
B018R7N6BC,addkajljdad
B0DSTQQCWL,addkajljdad
B00YFHRZ20,addkajljdad
B0DSG67HK7,addkajljdad
B0DSFV5BNP,addkajljdad
B0DSFJSZS3,addkajljdad
B0DSC3DPZ7,addkajljdad
B0DS1LGBW2,addkajljdad
B0DP2CTM8T,addkajljdad
B0DNYMT4LN,addkajljdad
B0DNMNKKZC,addkajljdad
B0DNMJ7MM4,addkajljdad
B0DNLXKFNX,addkajljdad
B0DN67DYQX,addkajljdad
B0DMDNNRQ6,addkajljdad
B0DLSY1NQL,addkajljdad
B0DK9SK3QL,addkajljdad
B0DJZLSTN9,addkajljdad
B0DJX1W3K2,addkajljdad
B0DJWDJN2T,addkajljdad
B0DJVQPDLC,addkajljdad
B0DJQPQJ41,addkajljdad
B0DJQPF362,addkajljdad
B0DJQP9S3D,addkajljdad
B0DBZB2XC3,addkajljdad
B0DBSMFNXV,addkajljdad
B0D9NX5771,addkajljdad
B0D8XPZ779,addkajljdad
B0D8W1W7QG,addkajljdad
B0D6KL3WQD,addkajljdad
B0D66PYLFW,addkajljdad
B0D66GTF92,addkajljdad
B0D5L6PCFN,addkajljdad
B0D53R9JBK,addkajljdad
B0D4ZBWLLY,addkajljdad
B0D4973ZRP,addkajljdad
B0D1XZD95Y,addkajljdad
B0D1XK7X94,addkajljdad
B0CZHQVRQM,addkajljdad
B0CZ9D78VN,addkajljdad
B0DHX3T8BP,addkajljdad
B0DHVGPJS2,addkajljdad
B0DHP9KZZD,addkajljdad
B0DHP2NKGF,addkajljdad
B0DH3KCVR6,addkajljdad
B0DGKYJ3LP,addkajljdad
B0DGGKKPX6,addkajljdad
B0DGDZKQQS,addkajljdad
B0DFCR3XH7,addkajljdad
B0DF7QFN9M,addkajljdad
B0DF5GL6PZ,addkajljdad
B0DDLCDNWT,addkajljdad
B0DDC9R7RS,addkajljdad
B0DCZ5212T,addkajljdad
B0DCV9GLF1,addkajljdad
B0DC69CL9V,addkajljdad
B0C3D5DTFY,addkajljdad
B0C2J6474J,addkajljdad
B0BYS1TWGB,addkajljdad
B0BYDFXSJN,addkajljdad
B0BY85YFZS,addkajljdad
B0BK8ZBJZ9,addkajljdad
B0BJDWKMGB,addkajljdad
B0BG81WJ9P,addkajljdad
B0BD6NSYTH,addkajljdad
B0BBCD9Y1R,addkajljdad
B0B6G2HY5T,addkajljdad
B0B5ZFNQX3,addkajljdad
B0B2L8CNQB,addkajljdad
B0B28QZQHR,addkajljdad
B09Y8MH53R,addkajljdad
B09TPC41LJ,addkajljdad
B0CP8W84WX,addkajljdad
B0CP38QYS5,addkajljdad
B0CLCBPLSX,addkajljdad
B0CJXN7BTF,addkajljdad
B0CJM63N9F,addkajljdad
B0CJ97B2MG,addkajljdad
B0CH8W813B,addkajljdad
B0CH82M5P2,addkajljdad
B0CH4N896P,addkajljdad
B0CGK7MV4N,addkajljdad
B0CFJ1Z58Z,addkajljdad
B0CDLQWBR9,addkajljdad
B0CB8G3CKY,addkajljdad
B0C9X99NP3,addkajljdad
B0C4359JG1,addkajljdad
B0C3TNZ51K,addkajljdad
B0CZ6NY2P3,addkajljdad
B0CYX8P63Z,addkajljdad
B0CYBPLFV3,addkajljdad
B0CY2JWZH2,addkajljdad
B0CY2137W3,addkajljdad
B0CX8TMBVS,addkajljdad
B0CX44M4TH,addkajljdad
B0CX3W1MQX,addkajljdad
B0CWXWMF8K,addkajljdad
B0CWKPGHXX,addkajljdad
B0CW5QZJ1W,addkajljdad
B0CSPB58W9,addkajljdad
B0CSFH2DNL,addkajljdad
B0CQLVMQG7,addkajljdad
B0CQ1MB8J9,addkajljdad
B0CPKJQB8M,addkajljdad
B09S2Z2L62,addkajljdad
B09PTNGRTW,addkajljdad
B091YVKF89,addkajljdad
B08T12HXBQ,addkajljdad
B07MMPFQND,addkajljdad
B07M7V9P2R,addkajljdad
B078NRHXX2,addkajljdad
B074XHNBJR,addkajljdad
B06WD2XG9Z,addkajljdad
B00D8WZ4O4,addkajljdad
B0F1DJMXK1,addkajljdad
B0BG5DCVKH,addkajljdad
B0DZY3CJL2,addkajljdad
B09DC7SK8X,addkajljdad
B0DZHCM118,addkajljdad
B09CT9X5KT,addkajljdad
B0DXV9SF8X,addkajljdad
B08XB2F3RW,addkajljdad
B0DXV942G9,addkajljdad
B08X9H2HYB,addkajljdad
B0DXDWDP61,addkajljdad
B08L39VZ1J,addkajljdad
B0DWMQ6HL7,addkajljdad
B089CGS99B,addkajljdad
B0DW47CVM5,addkajljdad
B0837B8Z7B,addkajljdad
B0CP4HQCX8,addkajljdad
B0DGYNF2PB,addkajljdad
B09M6ZCBSZ,addkajljdad
B0DFQ3FMP4,addkajljdad
B0D5W557CN,addkajljdad
B0DDSBZPFN,addkajljdad
B0DCYRFLMY,addkajljdad
B0D427DPT4,addkajljdad
B0CZDWX7D9,addkajljdad
B0D3D8J7B2,addkajljdad
B0C2VLKBHP,addkajljdad
B0D2RMZX2T,addkajljdad
B0BVHQ2SB7,addkajljdad
B0CS5X1YWG,addkajljdad
B0BBBYXHW5,addkajljdad
B0CK5F4CKQ,addkajljdad
B0DVY6MBZ6,addkajljdad
B07V26NFSM,addkajljdad
B0DTDZXY8X,addkajljdad
B07G5QZGSG,addkajljdad
B0DTDYJ31F,addkajljdad
B071Y83R2W,addkajljdad
B0DT9P8MWB,addkajljdad
B0105OQQTE,addkajljdad
B0DT49SHWC,addkajljdad
B0DSZXGBGP,addkajljdad
B0DSPK94MQ,addkajljdad
B0DSKCVZ5S,addkajljdad
B0DSKC6CNQ,addkajljdad
B0DSK5SN5X,addkajljdad
B0DSJF6R6G,addkajljdad
B0DSFXSTLN,addkajljdad
B0B8YTXHZ4,addkajljdad
B0CHQGMCZ7,addkajljdad
B0B4C221HF,addkajljdad
B0CC2N784W,addkajljdad
B0D48NYM79,addkajljdad
B0CBTK4R9T,addkajljdad
B0CXQ6B8VV,addkajljdad
B0C4GKBRJ4,addkajljdad
B0CHF87L26,addkajljdad
B0C2Y9DXK6,addkajljdad
B0F2G5XRQJ,addkajljdad
B0BVLZFNJQ,addkajljdad
B0F24G555R,addkajljdad
B0BVJ6P6V8,addkajljdad
B0F1Y82938,addkajljdad
B0BHX972PC,addkajljdad
B0DSD2KQX1,addkajljdad
B0DSC4XPXC,addkajljdad
B0DSBX1RT4,addkajljdad
B0DS1RL47G,addkajljdad
B0DRPP69H7,addkajljdad
B0DRNW3YP7,addkajljdad
B0DRGJB5F1,addkajljdad
B0DR54V9H8,addkajljdad
B0DR2QL9V9,addkajljdad
B0DQW2DWYW,addkajljdad
B0DQNJ4X1D,addkajljdad
B0DQKWX9RG,addkajljdad
B0DQH7F73D,addkajljdad
B0DPVPX8SH,addkajljdad
B0DPLFBWZD,addkajljdad
B0DP8SYH3Q,addkajljdad
B0DL9R1Z5X,addkajljdad
B0DL8JW9MP,addkajljdad
B0DKX98BPM,addkajljdad
B0DKX7V4C9,addkajljdad
B0DKTPDW9Q,addkajljdad
B0DKFQWQ89,addkajljdad
B0DKC9BL3D,addkajljdad
B0DK724CZP,addkajljdad
B0DK6XBF47,addkajljdad
B0DJQR84NQ,addkajljdad
B0DJQQ6DZC,addkajljdad
B0DJQP9437,addkajljdad
B0DJLKYYMB,addkajljdad
B0DJ3QFB83,addkajljdad
B0DHXVPLGV,addkajljdad
B0DHRQ1HSZ,addkajljdad
B0DP4D34YC,addkajljdad
B0DP3XHHKD,addkajljdad
B0DP2VHYVJ,addkajljdad
B0DP2FXWQH,addkajljdad
B0DNVRXNKQ,addkajljdad
B0DNSMB1YZ,addkajljdad
B0DNQGP7L2,addkajljdad
B0DNMV8GN3,addkajljdad
B0DNJHSK26,addkajljdad
B0DN66D7CB,addkajljdad
B0DMW5VHSN,addkajljdad
B0DMVYYX4H,addkajljdad
B0DMS4FFPZ,addkajljdad
B0DLSQ53V6,addkajljdad
B0DLGGC618,addkajljdad
B0DLB86QMW,addkajljdad
B0DB1Y6B2M,addkajljdad
B0DB1KNMC8,addkajljdad
B0D9VQNYGX,addkajljdad
B0D9L5PM3Q,addkajljdad
B0D9B7K37B,addkajljdad
B0D93YWS1B,addkajljdad
B0D8WQCD4Y,addkajljdad
B0D89KLS57,addkajljdad
B0D7ZFZBKX,addkajljdad
B0D7YT3F1Z,addkajljdad
B0D7Y3Y5LT,addkajljdad
B0D79FNV9P,addkajljdad
B0D6YP3RQK,addkajljdad
B0D6YKSRGL,addkajljdad
B0D6XZVDQJ,addkajljdad
B0D631DR9R,addkajljdad
B0D4LKY5FH,addkajljdad
B0D4J79K45,addkajljdad
B0D3KPXLL5,addkajljdad
B0D35SBZFX,addkajljdad
B0D2JBJQ85,addkajljdad
B0D2G4X1Q6,addkajljdad
B0D1XY6Z9B,addkajljdad
B0D1VHGQ97,addkajljdad
B0D1NN9HFG,addkajljdad
B0D1FQMD2W,addkajljdad
B0D11FGQNV,addkajljdad
B0CZ7LCLCT,addkajljdad
B0CZ3HL1L4,addkajljdad
B0CYXY5N8S,addkajljdad
B0CYXRQKYJ,addkajljdad
B0CYWZ7NTS,addkajljdad
B0CYKKWTM3,addkajljdad
B0CY7J1Z1C,addkajljdad
B0CXQ71BJN,addkajljdad
B0CXPZ77JX,addkajljdad
B0CXDG8FJP,addkajljdad
B0CWRS6FXW,addkajljdad
B0CTTGC32Y,addkajljdad
B0CTKG8JQB,addkajljdad
B0CTH4N3ND,addkajljdad
B0CSZ9JN97,addkajljdad
B0CRB4YMPS,addkajljdad
B0CPDHV455,addkajljdad
B0CP5N3FXB,addkajljdad
B0CNNCQMS2,addkajljdad
B0CNGHQY4C,addkajljdad
B0CN3DSJ4Q,addkajljdad
B0DGT7383D,addkajljdad
B0DGK7ZFVB,addkajljdad
B0DGG76VTT,addkajljdad
B0DG5J39S2,addkajljdad
B0DFZ91CSS,addkajljdad
B0DF7M9ZSP,addkajljdad
B0DF551T7C,addkajljdad
B0DDXTL9HF,addkajljdad
B0DDXBBTL7,addkajljdad
B0DCYWTTRR,addkajljdad
B0DCSFWFRL,addkajljdad
B0DCK1FKV5,addkajljdad
B0DCHTMLJB,addkajljdad
B0DCFMHPZW,addkajljdad
B0DBQD1H69,addkajljdad
B0DB5MR9S9,addkajljdad
B0CMPLQV5Z,addkajljdad
B0CM3N6RF6,addkajljdad
B0CJJJJY38,addkajljdad
B0CJ5KCYN4,addkajljdad
B0CHW3C69Q,addkajljdad
B0CHMM3KKR,addkajljdad
B0CFV46L91,addkajljdad
B0CFKB35Y5,addkajljdad
B0CF5DB62Z,addkajljdad
B0CDXNRGF2,addkajljdad
B0CCSDQYFG,addkajljdad
B0CCRGKLBD,addkajljdad
B0CCRG31XJ,addkajljdad
B0CBM8JGFK,addkajljdad
B0C9LQZ95Y,addkajljdad
B0C8GB3LNS,addkajljdad
B0C7Z3J7YP,addkajljdad
B0C6R4JNFN,addkajljdad
B0C62YWTXL,addkajljdad
B0C5C2Y5Y8,addkajljdad
B0C3JCSX3B,addkajljdad
B0C2YSY793,addkajljdad
B0C2HPBKK6,addkajljdad
B0C23TP1YK,addkajljdad
B0C185S4Y1,addkajljdad
B0C137XS25,addkajljdad
B0BZ49HPJN,addkajljdad
B0BZ3M8MNW,addkajljdad
B0BYSTY7T3,addkajljdad
B0BSCDBNMZ,addkajljdad
B0BR6GWH38,addkajljdad
B0BNDN1ZV6,addkajljdad
B0BM5Z8KVL,addkajljdad
B0BJW63BZF,addkajljdad
B0BG5CBTLT,addkajljdad
B0BDKWWP4R,addkajljdad
B0B7F8LMZY,addkajljdad
B0B7B7FLP4,addkajljdad
B0B4G74MNR,addkajljdad
B09ZXD82Z3,addkajljdad
B09ZH87XM2,addkajljdad
B09YLBQBBT,addkajljdad
B09R4238XL,addkajljdad
B09NFN1R6C,addkajljdad
B09G66XMJ2,addkajljdad
B09DQ6QXBY,addkajljdad
B09CH85CKY,addkajljdad
B09BDFHWCZ,addkajljdad
B0C2T1SJMJ,addkajljdad
B0CK273727,addkajljdad
B0DFCDLQJ5,addkajljdad
B0CDPWYWSB,addkajljdad
B0D3L4872S,addkajljdad
B0C9M1F6S4,addkajljdad
B0B6SHR234,addkajljdad
B0C7MS22RF,addkajljdad
B08Y1LXPYR,addkajljdad
B0BYS8QL8Q,addkajljdad
B0DDC9X45G,addkajljdad
B0BG81Q8PG,addkajljdad
B0BFM42QCR,addkajljdad
B0B8YZRN8Q,addkajljdad
B0B6935T9J,addkajljdad
B09VBCPWLT,addkajljdad
B0060QA0IU,addkajljdad
B00479XUN4,addkajljdad
B098JPZTZW,addkajljdad
B097RT7B4K,addkajljdad
B0954T1CQG,addkajljdad
B094TLGMYT,addkajljdad
B08YR6HWWB,addkajljdad
B08T8RWFQJ,addkajljdad
B08R9H9N4X,addkajljdad
B08PFBDDQF,addkajljdad
B08KGV8VW7,addkajljdad
B08DG4HTBR,addkajljdad
B08BRSFVG8,addkajljdad
B08BQ7LR4F,addkajljdad
B084QH3VC1,addkajljdad
B072552XRP,addkajljdad
B00FN0L1RI,addkajljdad
B00BEIP6G0,addkajljdad
B0DCNQZ3V4,addkajljdad
B0DDPBFRBY,addkajljdad
B07DX3D8YZ,addkajljdad
B0DCZ5RJ3H,addkajljdad
B09SB35PPB,addkajljdad
B0DB1YP5NW,addkajljdad
B0CPT8D2GD,addkajljdad
B0D45SMF2G,addkajljdad
B0C1NKPNJC,addkajljdad
B0D3WSGLQ8,addkajljdad
B0BNGF9LNS,addkajljdad
B0D28PQ575,addkajljdad
B00886CS3A,addkajljdad
B0D21WNNC4,addkajljdad
B0CL1YZJCG,addkajljdad
B0CS9Y7Y9D,addkajljdad
B0DL63DH8C,addkajljdad
B0DKNQRMDQ,addkajljdad
B0DJG5938Y,addkajljdad
B0DHJNRJS6,addkajljdad
B0DH8ZDRWD,addkajljdad
B0DGTGMS3K,addkajljdad
B0DGPP2KZ8,addkajljdad
B0DF6C364F,addkajljdad
B0DCT3SW6K,addkajljdad
B0DBYS2C9V,addkajljdad
B0D8XVWZD6,addkajljdad
B0D61Y14L1,addkajljdad
B0D542J71V,addkajljdad
B0D3V9DXKN,addkajljdad
B0D38SFY5Q,addkajljdad
B0D2JJCJ3M,addkajljdad
B09H43ZL9Z,addkajljdad
B09DR8ZRY8,addkajljdad
B0DSW4F7PQ,addkajljdad
B082T5SSYC,addkajljdad
B07V2Q3MCZ,addkajljdad
B0DQZSHK1V,addkajljdad
B07PZ4FL82,addkajljdad
B0DQ841VFD,addkajljdad
B07DJ5RK2C,addkajljdad
B0DQ7XLJRB,addkajljdad
B0DPX68BTT,addkajljdad
B0DPQVFZ3D,addkajljdad
B0DPB1V24V,addkajljdad
B0DP6356M9,addkajljdad
B0DNMH6J81,addkajljdad
B0DLKC11NV,addkajljdad
B0D1YPP5X1,addkajljdad
B0D1VH3QB7,addkajljdad
B0CXSXH93P,addkajljdad
B0CWQTF32Y,addkajljdad
B0CTDHWYXX,addkajljdad
B0CQXM3DGQ,addkajljdad
B0CPV87QGV,addkajljdad
B0CN965HK5,addkajljdad
B0CJRYWCDR,addkajljdad
B0CGV1B8V8,addkajljdad
B0CFHHPZM9,addkajljdad
B0C9JVBL6T,addkajljdad
B0C9CL663K,addkajljdad
B0C5X6KCTK,addkajljdad
B0BXB5N6MR,addkajljdad
B0BMQ2584P,addkajljdad
B0BJFFFDJR,addkajljdad
B0BGNKMK7H,addkajljdad
B0BD92TY5L,addkajljdad
B0B4N3QNQ6,addkajljdad
B09YNYHD4K,addkajljdad
B09W2LC38G,addkajljdad
B09V51FGLD,addkajljdad
B09QT2ZPXT,addkajljdad
B09N3N1QMH,addkajljdad
B097QK356M,addkajljdad
B07TPB9L7C,addkajljdad
B072JDF85R,addkajljdad
B01KW9U65C,addkajljdad
B00I6OEWJM,addkajljdad
B00B24JR1Q,addkajljdad
B004FWBXOG,addkajljdad
B0DHXMY8LJ,addkajljdad
B0DPX8Y9SR,addkajljdad
B0DFVY5XKQ,addkajljdad
B09QJPL4ML,addkajljdad
B0D8KXQ14D,addkajljdad
B0CVQ8MSYB,addkajljdad
B0CYZQ1P86,addkajljdad
B0000AUVTJ,addkajljdad
B0CX5BHY7L,addkajljdad
B08X1TTFQB,addkajljdad
B0CL6D3HHM,addkajljdad
B0BWMVHMBN,addkajljdad
B0CGV4MLXB,addkajljdad
B0CMQNCP33,addkajljdad
B0B74RDFWM,addkajljdad
B0D1JLCBNC,addkajljdad
B0DY4G9LN7,addkajljdad
B0DY1FVSWX,addkajljdad
B0DXV9WQ2W,addkajljdad
B0DX26VMG8,addkajljdad
B0DWMSKXZQ,addkajljdad
B0DW415MFV,addkajljdad
B0DTPDGHSM,addkajljdad
B0DTKBX8SL,addkajljdad
B0DTHWWP6S,addkajljdad
B0DTGBCCBX,addkajljdad
B0DT9JQNH9,addkajljdad
B0DT98XXVZ,addkajljdad
B0DSZFNBP1,addkajljdad
B0DSVZ2Q21,addkajljdad
B0DSTRG6TL,addkajljdad
B0DSPL3DTV,addkajljdad
B096ZBRKMY,addkajljdad
B0B8C7CK1T,addkajljdad
B07VVQ1F7T,addkajljdad
B07FXX8GY9,addkajljdad
B07JYS2Y9S,addkajljdad
B0D8W7669S,addkajljdad
B00LALZULW,addkajljdad
