item,source
B0DG6LYP8F,ladjgdlg
B0DYTXJRNQ,ladjgdlg
B0D93QR1P2,ladjgdlg
B0DQWG6SZ2,ladjgdlg
B00X9OJPNM,ladjgdlg
B0DP75THBQ,ladjgdlg
B0BNK78JZS,ladjgdlg
B0DQKLSGSJ,ladjgdlg
B07W71H81V,ladjgdlg
B0D6W2924B,ladjgdlg
B09XB8SV15,ladjgdlg
B0C8J2C798,ladjgdlg
B0D93QTVV1,ladjgdlg
B0CRSS2ZGN,ladjgdlg
B0CXDKXGQJ,ladjgdlg
B0DNMWQSHG,ladjgdlg
B0BRK52W2R,ladjgdlg
B09DRLDK6J,ladjgdlg
B08TCJ69C1,ladjgdlg
B08RJG26YW,ladjgdlg
B096X97PG5,ladjgdlg
B07PV11HQ5,ladjgdlg
B085DNT57M,ladjgdlg
B0D1C4Z5Q6,ladjgdlg
B0BKNZ22S4,ladjgdlg
B07HDQJ6H4,ladjgdlg
B07LCGJGQP,ladjgdlg
B0DHKPWMHK,ladjgdlg
B01F7SGE72,ladjgdlg
B0CQW4QQ8W,ladjgdlg
B0D2KY6M5N,ladjgdlg
B0DHVSTCWP,ladjgdlg
B0CJLV374L,ladjgdlg
B0CFB96JBQ,ladjgdlg
B0CJV2HDMC,ladjgdlg
B0BNQ7Y8GX,ladjgdlg
B01MUCAKZ5,ladjgdlg
B0BN4TM6Y3,ladjgdlg
B0BN8B636N,ladjgdlg
B091YQ9W6G,ladjgdlg
B0DQGTLV7J,ladjgdlg
B0DQ78FYQT,ladjgdlg
B07S7BWQKN,ladjgdlg
B0DNYYH5ZG,ladjgdlg
B0CV3LTBJP,ladjgdlg
B0BG43ZQ7Z,ladjgdlg
B0CF9GJ8F6,ladjgdlg
B0BBKXX3GR,ladjgdlg
B08GQBK8PY,ladjgdlg
B01N028C75,ladjgdlg
B0D2RDP7SQ,ladjgdlg
B0BYK7FHWK,ladjgdlg
B01BI6ILF0,ladjgdlg
B0D1CH4GHN,ladjgdlg
B0C1Z9VT9J,ladjgdlg
B099YHGTLP,ladjgdlg
B08689G3BQ,ladjgdlg
B078WXMVXJ,ladjgdlg
B076GB5J11,ladjgdlg
B0DCBRBQLR,ladjgdlg
B0D3PK53DW,ladjgdlg
B0CKP9PBSJ,ladjgdlg
B0CJ4JMX4H,ladjgdlg
B0C6XVB5TQ,ladjgdlg
B0C3J9PX3F,ladjgdlg
B0BJJRQB3P,ladjgdlg
B09YZ4SQ3J,ladjgdlg
B08FB7GSPZ,ladjgdlg
B07S4DJTZG,ladjgdlg
B07H1D8F87,ladjgdlg
B076G9QM9W,ladjgdlg
B073G9TTQJ,ladjgdlg
B014VB184U,ladjgdlg
B00U1VJHBQ,ladjgdlg
B0DYHQW33H,ladjgdlg
B0DWSM7B3W,ladjgdlg
B0DWMMJ9N7,ladjgdlg
B0DSKMLG9N,ladjgdlg
B0DQTLPFBV,ladjgdlg
B0DQP5YCYD,ladjgdlg
B0DQL3KDBN,ladjgdlg
B0DQBZH612,ladjgdlg
B0DQ51GMQ2,ladjgdlg
B0DPV34RDD,ladjgdlg
B0DPQCLJF1,ladjgdlg
B0DPL8DLB5,ladjgdlg
B0DP4HDSNF,ladjgdlg
B0DP42J33K,ladjgdlg
B0DP2R7J9H,ladjgdlg
B0DNYSM8JD,ladjgdlg
B0DNP3R74S,ladjgdlg
B0DNF8VT16,ladjgdlg
B0DN6HHCJR,ladjgdlg
B0DMVYQ28M,ladjgdlg
B0DMNPYPKH,ladjgdlg
B0DM8M8GN6,ladjgdlg
B0DLL6QRCB,ladjgdlg
B0DKBPGPBK,ladjgdlg
B0DK6WHFRN,ladjgdlg
B0DJGFJ6CL,ladjgdlg
B0DJ98QTX8,ladjgdlg
B0DJ5FW7JD,ladjgdlg
B0DG5SFDSN,ladjgdlg
B0DF6XPZ9R,ladjgdlg
B0DDPYHDTP,ladjgdlg
B0DDCFCQN2,ladjgdlg
B0DCPB4TN5,ladjgdlg
B0DB5LBPNZ,ladjgdlg
B0DB2D6RQP,ladjgdlg
B0DB1XKXXK,ladjgdlg
B0D9V8XT86,ladjgdlg
B0D98NQX4G,ladjgdlg
B0D8B84417,ladjgdlg
B0D86QVRY5,ladjgdlg
B0D7MG8W5R,ladjgdlg
B0D6LN1B1D,ladjgdlg
B0D3XDBWLR,ladjgdlg
B0D3DVGFP7,ladjgdlg
B0D3DV3VHK,ladjgdlg
B0D2TTNCDR,ladjgdlg
B0D265SN8N,ladjgdlg
B0CZHRX814,ladjgdlg
B0CY867TBR,ladjgdlg
B0CXP94Y2Q,ladjgdlg
B0CX912BN7,ladjgdlg
B0CW48YX2H,ladjgdlg
B0CG62GK1P,ladjgdlg
B0CG5YY52F,ladjgdlg
B0CD7QSFFJ,ladjgdlg
B0CCY6DY6C,ladjgdlg
B0CCC3LFZ9,ladjgdlg
B0CBBW5NPS,ladjgdlg
B0C9X2ZRVM,ladjgdlg
B0C3C52CNZ,ladjgdlg
B0C2Q5PFLR,ladjgdlg
B0C2KJTRSH,ladjgdlg
B0C1WQNDC4,ladjgdlg
B0C1SDMMPH,ladjgdlg
B0C1C4BTTJ,ladjgdlg
B0BYCKTY7D,ladjgdlg
B0BRK6W4QT,ladjgdlg
B0BMGS1QB5,ladjgdlg
B0CTX8XZM6,ladjgdlg
B0CT5WD7WX,ladjgdlg
B0CSVVZB79,ladjgdlg
B0CSPQQK8W,ladjgdlg
B0CRDQG8ZT,ladjgdlg
B0CQX6F5DY,ladjgdlg
B0CQTD3Y42,ladjgdlg
B0CPXDLK1D,ladjgdlg
B0CPLNTQNZ,ladjgdlg
B0CP2NLJJS,ladjgdlg
B0CNP3QYL6,ladjgdlg
B0CMGLFR86,ladjgdlg
B0CL6SJ3J4,ladjgdlg
B0CL4QBW92,ladjgdlg
B0CKWFQTYZ,ladjgdlg
B0CJXHW8YD,ladjgdlg
B0BFLM7ZFQ,ladjgdlg
B0B7QZ9L51,ladjgdlg
B0B51Q82YJ,ladjgdlg
B0B1PBVTLP,ladjgdlg
B09TQWYCDL,ladjgdlg
B08TWGY86N,ladjgdlg
B07Y2928WX,ladjgdlg
B07QV8V33T,ladjgdlg
B07QP15BTM,ladjgdlg
B01GJOWF2G,ladjgdlg
B00K0E8ZF8,ladjgdlg
B00GP3KVJ6,ladjgdlg
B005QCMF50,ladjgdlg
B003K7P6XG,ladjgdlg
B002DHQSQ8,ladjgdlg
B00079HYZI,ladjgdlg
B0DB56CNZQ,ladjgdlg
B0BGYB8DBC,ladjgdlg
B0BQCN5343,ladjgdlg
B0CN2TJX96,ladjgdlg
B0CLRP4D7K,ladjgdlg
B0DS817VDJ,ladjgdlg
B07CNDRMS8,ladjgdlg
B0042PENNO,ladjgdlg
B0CJ95BMQC,ladjgdlg
B0DPMP15RL,ladjgdlg
B0B1SFSMJ6,ladjgdlg
B0CP1ZWTZK,ladjgdlg
B0085EG5YS,ladjgdlg
B0DRNGKNM3,ladjgdlg
B0D1G9G6ST,ladjgdlg
B0BGT22VJ3,ladjgdlg
B0BPY7XKHM,ladjgdlg
B0CZV4BBW4,ladjgdlg
B0CSG19JQG,ladjgdlg
B0C2VKQJ78,ladjgdlg
B08CPLM1LL,ladjgdlg
B07K7SSSPM,ladjgdlg
B0CY1SK15N,ladjgdlg
B07VWH3CC3,ladjgdlg
B0926VFD1L,ladjgdlg
B0C2Z532H1,ladjgdlg
B07L94DN39,ladjgdlg
B0BFFVDNL2,ladjgdlg
B09GSZP94W,ladjgdlg
B0DTZ3GHXW,ladjgdlg
B0D93W16K4,ladjgdlg
B0B8TK5H42,ladjgdlg
B0DTDYSSTB,ladjgdlg
B0DLWB9MMK,ladjgdlg
B0C578BVQ6,ladjgdlg
B09PGJD1SP,ladjgdlg
B0CVLJB733,ladjgdlg
B0DNBQBYPT,ladjgdlg
B000RY9CBW,ladjgdlg
B07KMZCZZJ,ladjgdlg
B07XV2WBBY,ladjgdlg
B0D1CKNS74,ladjgdlg
B0D3SY8WZ4,ladjgdlg
B07TJCDL8W,ladjgdlg
B00447Q6CG,ladjgdlg
B0DMVS1NMV,ladjgdlg
B08K3NMS19,ladjgdlg
B0D3HP4XK3,ladjgdlg
B09P1V5WZC,ladjgdlg
B004M5PL1W,ladjgdlg
B09RZNZ397,ladjgdlg
B0BW4LC7FM,ladjgdlg
B096LL741P,ladjgdlg
B0C85C3ZJY,ladjgdlg
B0CZ6PFMFT,ladjgdlg
B01M4QPBV1,ladjgdlg
B0DCNX5M45,ladjgdlg
B0BKVX1JPW,ladjgdlg
B07ZVF4N82,ladjgdlg
B08DH91SN9,ladjgdlg
B0C4PPY6V5,ladjgdlg
B0CQXBDZV7,ladjgdlg
B0DMDJ8P32,ladjgdlg
B07B8VZSDS,ladjgdlg
B0DB7BL544,ladjgdlg
B0D2Z5GVS2,ladjgdlg
B0B3J6CYB9,ladjgdlg
B0CCY74SG8,ladjgdlg
B0DM81GYNP,ladjgdlg
B0CFXPT9WT,ladjgdlg
B0CJ21SJV5,ladjgdlg
B0DWMFCVYY,ladjgdlg
B0CSPFM1T5,ladjgdlg
B0CTGMVCRM,ladjgdlg
B0DJNGDD54,ladjgdlg
B0CP4XXY1D,ladjgdlg
B00HHGPLCW,ladjgdlg
B08GL6PFZ9,ladjgdlg
B0CB1T8P67,ladjgdlg
B0CDGLT22R,ladjgdlg
B0CFTWQ6KC,ladjgdlg
B0CQWRPJL2,ladjgdlg
B0DQ6HZ389,ladjgdlg
B0CCY6N112,ladjgdlg
B0CHQJRS3K,ladjgdlg
B08RSPBFMD,ladjgdlg
B07DZ1FGR5,ladjgdlg
B0BBL7TB3X,ladjgdlg
B0D4Z4CH4V,ladjgdlg
B0C9V11VVH,ladjgdlg
B0CMXG4LVL,ladjgdlg
B00FRUV7QY,ladjgdlg
B0B6D3NM82,ladjgdlg
B0CXKFT1SG,ladjgdlg
B0CHXZ7KBG,ladjgdlg
B0DHS4DW5G,ladjgdlg
B0D663VSQY,ladjgdlg
B0D14FHCN7,ladjgdlg
B0DPV45DN3,ladjgdlg
B0D1JLMXT2,ladjgdlg
B01601JGYS,ladjgdlg
B00UGQ4FE0,ladjgdlg
B0C8TLHQBZ,ladjgdlg
B0DKCT5KF5,ladjgdlg
B0042LE3UG,ladjgdlg
B07DXCKQPR,ladjgdlg
B0B6GMY2JV,ladjgdlg
B09WV34HGY,ladjgdlg
B08JPGWTPG,ladjgdlg
B0CJ2CZZ7L,ladjgdlg
B0CB5KFKNR,ladjgdlg
B0BW7Z17V2,ladjgdlg
B0CRZC14PM,ladjgdlg
B0C9TBR6QV,ladjgdlg
B0BXL1YS3R,ladjgdlg
B09235R826,ladjgdlg
B0CH8924B9,ladjgdlg
B0DRNSMJZL,ladjgdlg
B0CKVHP4HC,ladjgdlg
B0CL9R14TM,ladjgdlg
B0DBKW3LWH,ladjgdlg
B0BMV54GY9,ladjgdlg
B08MW7SWGB,ladjgdlg
B0CYGL25XZ,ladjgdlg
B0BCZ2JRHZ,ladjgdlg
B0CWTV7ZGM,ladjgdlg
B0CYT8BT8M,ladjgdlg
B0CVNBLMBQ,ladjgdlg
B076TMGYGW,ladjgdlg
B0CVQK7FLF,ladjgdlg
B07TFKZD6L,ladjgdlg
B0B74DLMSW,ladjgdlg
B0DX62Y1GF,ladjgdlg
B0DXF6VPYV,ladjgdlg
B08QH67ZCT,ladjgdlg
B0DDT347L3,ladjgdlg
B06ZXRJ6LM,ladjgdlg
B0CPDJCN1Z,ladjgdlg
B0DQL65SM7,ladjgdlg
B0C6GBYJ1Y,ladjgdlg
B0CKTWQTFZ,ladjgdlg
B0B826D99W,ladjgdlg
B0D7T3Z8K2,ladjgdlg
B09Z7YWHRY,ladjgdlg
B07NN68JPN,ladjgdlg
B0CPJMQV81,ladjgdlg
B0D7PQK6DQ,ladjgdlg
B0DGVB7LKF,ladjgdlg
B09PGYK7HS,ladjgdlg
B0DFQ1SHZ9,ladjgdlg
B07GT8RN6Z,ladjgdlg
B0BLRQM4TH,ladjgdlg
B0C5H6XPQR,ladjgdlg
B0CYPZYZL1,ladjgdlg
B0CL3VV18T,ladjgdlg
B0BY66LVLN,ladjgdlg
B0BK5MTJB1,ladjgdlg
B09TQ4NT8B,ladjgdlg
B0DP4MJG8J,ladjgdlg
B0C8S5BC54,ladjgdlg
B0895N78MV,ladjgdlg
B09NXY5FLC,ladjgdlg
B0D66WWS9S,ladjgdlg
B08B7ZL7JF,ladjgdlg
B0CL8PV6LK,ladjgdlg
B0DB67VNDX,ladjgdlg
B0DSJXCYF8,ladjgdlg
B00DQRGDHI,ladjgdlg
B0DSPLYG3W,ladjgdlg
B0BFR15Z47,ladjgdlg
B077CSSSW9,ladjgdlg
B08ZD3LQY2,ladjgdlg
B07GDR4151,ladjgdlg
B09XC681MR,ladjgdlg
B0B4BMDS7D,ladjgdlg
B0CBRLCWKP,ladjgdlg
B0D5B65FTP,ladjgdlg
B0B6ZFXNFW,ladjgdlg
B0CFQGJ79Y,ladjgdlg
B0DWZFD8BP,ladjgdlg
B07RNJN74D,ladjgdlg
B09BTV351Z,ladjgdlg
B08H5LLFQH,ladjgdlg
B001CH32LO,ladjgdlg
B0D1YCF62Z,ladjgdlg
B0C7VFTGBT,ladjgdlg
B0DL2WXV3H,ladjgdlg
B09S3PHMKM,ladjgdlg
B0DL9ZBDKB,ladjgdlg
B0D1BTSTND,ladjgdlg
B0DB15JRYB,ladjgdlg
B0C8D5TRFT,ladjgdlg
B0D76J777T,ladjgdlg
B08ZLYLPDH,ladjgdlg
B08LKGQ678,ladjgdlg
B009CCTSIM,ladjgdlg
B0C2QBKDRB,ladjgdlg
B09BNTW2JR,ladjgdlg
B01IVXWA46,ladjgdlg
B0BYH5V868,ladjgdlg
B09FLJ1JQZ,ladjgdlg
B0BZT6WC2C,ladjgdlg
B0CHM47HSG,ladjgdlg
B0CBPWKZ6C,ladjgdlg
B07VJ91GQX,ladjgdlg
B07TKTG7SL,ladjgdlg
B0BJQ4FJ6L,ladjgdlg
B0CFHMXS2F,ladjgdlg
B0CXCC9PLF,ladjgdlg
B0DYRZ1HW3,ladjgdlg
B0933411WT,ladjgdlg
B0CSFYGL8J,ladjgdlg
B0DJQK18ZC,ladjgdlg
B09H9JTL6J,ladjgdlg
B0CNLK919F,ladjgdlg
B0D8VXNZGN,ladjgdlg
B0BY2JQSQG,ladjgdlg
B0CGZV292L,ladjgdlg
B07538PYYY,ladjgdlg
B0C4P1BKFV,ladjgdlg
B0D9GVGHLB,ladjgdlg
B0BW8VV46P,ladjgdlg
B0B1XVLRK9,ladjgdlg
B0918YKSHF,ladjgdlg
B0D2YB7W6J,ladjgdlg
B08ND3YR1R,ladjgdlg
B099QJTF7V,ladjgdlg
B08K4SSZQN,ladjgdlg
B08ZSCCK9S,ladjgdlg
B08FVGMH5K,ladjgdlg
B09H5YW7BV,ladjgdlg
B0DF857KHX,ladjgdlg
B00U0UV0L8,ladjgdlg
B07SG3NKLY,ladjgdlg
B0DDC86C62,ladjgdlg
B0CR5PYRW1,ladjgdlg
B0C5D6GRSZ,ladjgdlg
B0B1B6FJYL,ladjgdlg
B088YH1C74,ladjgdlg
B0D5XVMNV6,ladjgdlg
B0BN3KC6BF,ladjgdlg
B0BJ6G8M12,ladjgdlg
B0B2JMD9N8,ladjgdlg
B089K3RYPP,ladjgdlg
B082P8DRYM,ladjgdlg
B002CZNCPG,ladjgdlg
B0CQX46QFQ,ladjgdlg
B0CSYBCHKF,ladjgdlg
B0CH6XSH96,ladjgdlg
B00DLCUB8K,ladjgdlg
B0CRDYC6SH,ladjgdlg
B093QFML9R,ladjgdlg
B01N54IMRC,ladjgdlg
B01LY8FHI6,ladjgdlg
B0BY74XY77,ladjgdlg
B0D258LHZN,ladjgdlg
B0CMPMJGXR,ladjgdlg
B0CPYH1KGZ,ladjgdlg
B0BHKT3FHP,ladjgdlg
B07KYL24SP,ladjgdlg
B0968GG27T,ladjgdlg
B0BYDDZYQH,ladjgdlg
B0CDC7RW4X,ladjgdlg
B01MY3K30M,ladjgdlg
B09XN9V27X,ladjgdlg
B09Y8L1VD4,ladjgdlg
B097PX9Y5V,ladjgdlg
B07FK7GZRY,ladjgdlg
B0D9VZW6CM,ladjgdlg
B0CZDT47B9,ladjgdlg
B0C2C8XHGT,ladjgdlg
B09YTYNQG9,ladjgdlg
B09BTTNPZD,ladjgdlg
B0CCRN6PJB,ladjgdlg
B0844V43RP,ladjgdlg
B0C746GXDJ,ladjgdlg
B0CQRLX85X,ladjgdlg
B0BR4TRW3Z,ladjgdlg
B0BGCZFLK3,ladjgdlg
B07BB4LZYQ,ladjgdlg
B0C9LFDZR6,ladjgdlg
B08JSSFLD3,ladjgdlg
B073XQ8TBG,ladjgdlg
B0722VN67Q,ladjgdlg
B0C892ZJM8,ladjgdlg
B08CSSW4DF,ladjgdlg
B0CNP7TRPY,ladjgdlg
B0BM6KBXGF,ladjgdlg
B08PYHDKSY,ladjgdlg
B00IPILZEO,ladjgdlg
B0C72PCLSF,ladjgdlg
B0B9XH4D3V,ladjgdlg
B0B1MJRCWB,ladjgdlg
B07V81KQTB,ladjgdlg
B00UL3YGWO,ladjgdlg
B0CYKXBKFW,ladjgdlg
B0BKYB44CD,ladjgdlg
B09P211B7G,ladjgdlg
B0888SG1QP,ladjgdlg
B008SP4VT0,ladjgdlg
B0D6KY4MM7,ladjgdlg
B0CYP5H7ZD,ladjgdlg
B0CG5JGT73,ladjgdlg
B0C4H6Y27K,ladjgdlg
B0DWMFZ4S1,ladjgdlg
B0DR241RD1,ladjgdlg
B0DP5Z157L,ladjgdlg
B0DMJCY7DL,ladjgdlg
B0DM1BDVWH,ladjgdlg
B0DJM3YKH5,ladjgdlg
B0DJ577W71,ladjgdlg
B0DHTWDL2G,ladjgdlg
B0DGJ9GHXM,ladjgdlg
B0DGG48VSG,ladjgdlg
B0D9W1KWF9,ladjgdlg
B0D962PXZK,ladjgdlg
B0D6X32WLQ,ladjgdlg
B0D6R1YJ58,ladjgdlg
B0D6GC3PP8,ladjgdlg
B0D46BD6YS,ladjgdlg
B0BNLV1K7W,ladjgdlg
B0BGNJCM7X,ladjgdlg
B0B6FVRDWH,ladjgdlg
B09KL13TZB,ladjgdlg
B08R2629NJ,ladjgdlg
B08L7L39K6,ladjgdlg
B07C4RVH39,ladjgdlg
B076FB8RQV,ladjgdlg
B01LZP4LDP,ladjgdlg
B00FX720BC,ladjgdlg
B00BK70X36,ladjgdlg
B000IZABLU,ladjgdlg
B0DYN9HLM9,ladjgdlg
B0DYJ7188T,ladjgdlg
B0DWXMRTD6,ladjgdlg
B0D2HN1517,ladjgdlg
B0D1VHDZWK,ladjgdlg
B0D1PK54PY,ladjgdlg
B0CXT1VGDR,ladjgdlg
B0CXSNHCYF,ladjgdlg
B0CWVFNGR8,ladjgdlg
B0CW59SHTR,ladjgdlg
B0CSDVHRXN,ladjgdlg
B0CS3P63KH,ladjgdlg
B0CRQZCZZ3,ladjgdlg
B0CQ43VSQQ,ladjgdlg
B0CNBVDQWV,ladjgdlg
B0CLR2DS7B,ladjgdlg
B0CKSTLF2C,ladjgdlg
B0CHVM86QB,ladjgdlg
B0CGZS7JJR,ladjgdlg
B0BXYTPDFK,ladjgdlg
B0BXDN2T7X,ladjgdlg
B0BWN68PQR,ladjgdlg
B0BJV7FZVB,ladjgdlg
B0BJ9QGDYX,ladjgdlg
B09Z39W8JN,ladjgdlg
B09YYSQWBV,ladjgdlg
B09T292D79,ladjgdlg
B09PTHLGYX,ladjgdlg
B09MDJQZ13,ladjgdlg
B09MCWS4VF,ladjgdlg
B09M7WHLJZ,ladjgdlg
B09K3ZPYRQ,ladjgdlg
B09JVW5K94,ladjgdlg
B09H2PN28S,ladjgdlg
B09G6LW6D1,ladjgdlg
B0CF9KQDRR,ladjgdlg
B0CD3FCDCS,ladjgdlg
B0CCPH675W,ladjgdlg
B0CC4BCJSF,ladjgdlg
B0C995161L,ladjgdlg
B0C92PVVRP,ladjgdlg
B0C8JW52Y8,ladjgdlg
B0C89GWB5R,ladjgdlg
B0C81GM2CS,ladjgdlg
B0C6Q1TL96,ladjgdlg
B0C65DZ9TZ,ladjgdlg
B0C5MRRD1Q,ladjgdlg
B0C32YPND4,ladjgdlg
B0C2QS14DS,ladjgdlg
B0C24Q6Q59,ladjgdlg
B09DLBJ7Q1,ladjgdlg
B08NXX6FT8,ladjgdlg
B08NRHLWST,ladjgdlg
B08KY4WZB4,ladjgdlg
B08GL6F9W2,ladjgdlg
B085LBXPJM,ladjgdlg
B07ZFHHT6C,ladjgdlg
B07TWBJV41,ladjgdlg
B07L5H6LF7,ladjgdlg
B07HZ39T1N,ladjgdlg
B07G46MZ1M,ladjgdlg
B06XVV12JD,ladjgdlg
B01MDV3P95,ladjgdlg
B01LWNHSBP,ladjgdlg
B00AFLE3NE,ladjgdlg
B0D87DTCML,ladjgdlg
B0CQP9Q5CZ,ladjgdlg
B0CQL33XXJ,ladjgdlg
B09Z2J17G7,ladjgdlg
B0D8GPVSKS,ladjgdlg
B0CVDT5Y19,ladjgdlg
B0CML4NC5G,ladjgdlg
B00IAZPBJM,ladjgdlg
B0DWWV6S8Q,ladjgdlg
B0BXFM3G78,ladjgdlg
B0CRDKW1LF,ladjgdlg
B0CSZDYJ11,ladjgdlg
B085C2PNK3,ladjgdlg
B07TRTV452,ladjgdlg
B0DBZHSSXB,ladjgdlg
B0D8741865,ladjgdlg
B07RTZT27J,ladjgdlg
B081DV9HD2,ladjgdlg
B0DPGHDBRC,ladjgdlg
B0D95FCH23,ladjgdlg
B092XKQPD9,ladjgdlg
B07JW783D8,ladjgdlg
B089FSCH49,ladjgdlg
B0BTSWZSVG,ladjgdlg
B0DCLSBKMP,ladjgdlg
B08PZBPXLZ,ladjgdlg
B0BC3VRHYB,ladjgdlg
B00CRO9Q02,ladjgdlg
B0C58QP194,ladjgdlg
B0C341RYHG,ladjgdlg
B084ZSV5H2,ladjgdlg
B0C6LHTVHL,ladjgdlg
B0BVJLNY7X,ladjgdlg
B00N9CE98K,ladjgdlg
B0BWN6MFJG,ladjgdlg
B0DSZBT14Q,ladjgdlg
B0BYYGM38R,ladjgdlg
B08NCBG8C2,ladjgdlg
B0C2CX4SWC,ladjgdlg
B0BXP2L2ZS,ladjgdlg
B0BTHKLXL3,ladjgdlg
B0D25Z845X,ladjgdlg
B07YF2VKKB,ladjgdlg
B006I47T6A,ladjgdlg
B0BXKV2MBZ,ladjgdlg
B08BYL3HMQ,ladjgdlg
B0C38TSTHG,ladjgdlg
B0BWLYM6FM,ladjgdlg
B0CJFYF6VG,ladjgdlg
B08ZQPXV7F,ladjgdlg
B0D8QLJJDQ,ladjgdlg
B09NXZ41Y7,ladjgdlg
B0BXNZRHVL,ladjgdlg
B0CBS6N1SF,ladjgdlg
B09DY54L7M,ladjgdlg
B08FTG56C5,ladjgdlg
B0DF71H9CR,ladjgdlg
B0DY6D1NFH,ladjgdlg
B000RPXSXO,ladjgdlg
B0DMJBHQ4X,ladjgdlg
B08BYMPDCL,ladjgdlg
B0DL2TQL3S,ladjgdlg
B0D2K7VHVQ,ladjgdlg
B0CHMBSZVQ,ladjgdlg
B0BZNLSDVG,ladjgdlg
B0C85Q3NN2,ladjgdlg
B0D575H47X,ladjgdlg
B0C65PT7VN,ladjgdlg
B0B6VQHYJR,ladjgdlg
B0BYSNFPCX,ladjgdlg
B0CZL6SV9J,ladjgdlg
B0BXWTDT5Y,ladjgdlg
B01967FCF0,ladjgdlg
B0B3HCBC97,ladjgdlg
B0D7PY8NJQ,ladjgdlg
B0957Q7SGR,ladjgdlg
B0BYND4GH5,ladjgdlg
B0891R8GK8,ladjgdlg
B0BCL97WRQ,ladjgdlg
B0DGKJ5T5D,ladjgdlg
B076DL8YHT,ladjgdlg
B0D95GQH2Q,ladjgdlg
B005Z7OX0G,ladjgdlg
B0D3HLMZ36,ladjgdlg
B0D4QK237Y,ladjgdlg
B0CZ6G745V,ladjgdlg
B0C85W2X9K,ladjgdlg
B0CSTC3PZ8,ladjgdlg
B0DSHDC2GN,ladjgdlg
B0CLRKCGXW,ladjgdlg
B0CMTXSRBQ,ladjgdlg
B0CLD7HBSV,ladjgdlg
B07Y8T5154,ladjgdlg
B0CLCTH4V5,ladjgdlg
B092RJV1NG,ladjgdlg
B07WC5P88X,ladjgdlg
B079DHGNSB,ladjgdlg
B0DNQ1R55V,ladjgdlg
B0CWNRZS37,ladjgdlg
B0CDP4CJX4,ladjgdlg
B0815QHGQW,ladjgdlg
B0BY69RL8B,ladjgdlg
B0957JXWDY,ladjgdlg
B09SP27YR7,ladjgdlg
B0BVLNKZRQ,ladjgdlg
B0B3QLRW65,ladjgdlg
B0CM1Y2KC2,ladjgdlg
B01G5ZM3NU,ladjgdlg
B0BDSCH5H1,ladjgdlg
B0DFZRJ2H4,ladjgdlg
B0CMTLLXLM,ladjgdlg
B0C1CSL2FP,ladjgdlg
B0BPHV3YRC,ladjgdlg
B0BHX7GZ9D,ladjgdlg
B096L51R6Y,ladjgdlg
B07HF8KNKY,ladjgdlg
B07CGB4G8L,ladjgdlg
B0D1KDBZKG,ladjgdlg
B093JF3VD8,ladjgdlg
B08881MG1Y,ladjgdlg
B07HDMX82Z,ladjgdlg
B06XGLZ3LC,ladjgdlg
B0DJ971T7S,ladjgdlg
B0DDBSH4W5,ladjgdlg
B0CZ7Y7C36,ladjgdlg
B0CYL6MC66,ladjgdlg
B0CQJWG8VZ,ladjgdlg
B0CMM258T9,ladjgdlg
B0CJ2P9X5M,ladjgdlg
B0CJ1W5GLK,ladjgdlg
B0CGHV1Z89,ladjgdlg
B0CDTB38Z6,ladjgdlg
B0C89HSFNR,ladjgdlg
B0C81FGGQ5,ladjgdlg
B0C5JXHTFY,ladjgdlg
B0C1SPNL34,ladjgdlg
B0BZ41BL42,ladjgdlg
B0BN3MZ39W,ladjgdlg
B0BGHKXQ34,ladjgdlg
B0BFQM46PW,ladjgdlg
B0BFB851G4,ladjgdlg
B0B65C6K36,ladjgdlg
B0B1ZJ342W,ladjgdlg
B0DF7P3BT8,ladjgdlg
B0D93C3NMY,ladjgdlg
B0D8FSTX39,ladjgdlg
B0D8DSC2YV,ladjgdlg
B0D5Z2C9V4,ladjgdlg
B0D5XZ5692,ladjgdlg
B0D5X9HPV6,ladjgdlg
B0D4QK5SC6,ladjgdlg
B0D2QCY35H,ladjgdlg
B0CZJLXT2Y,ladjgdlg
B0CRL4TWZS,ladjgdlg
B0CRBLXXL5,ladjgdlg
B0CQX5CJPZ,ladjgdlg
B0CQV8Y1ZH,ladjgdlg
B0CNVG2616,ladjgdlg
B0CNPYKQPQ,ladjgdlg
B09H76DZFC,ladjgdlg
B07FZJXRBW,ladjgdlg
B00ZGSTILS,ladjgdlg
B0BWMVHMBN,ladjgdlg
B00N8KMGUQ,ladjgdlg
B0CZ9FBXLK,ladjgdlg
B0CFDD522F,ladjgdlg
B0C9ZK9GGP,ladjgdlg
B0C9JM759C,ladjgdlg
B0C7R38NBG,ladjgdlg
B0C6LWWRG7,ladjgdlg
B0D45M1G6X,ladjgdlg
B0D21RP69C,ladjgdlg
B0CB7KRLDD,ladjgdlg
B0C5DQ3S2Y,ladjgdlg
B088M8TX9T,ladjgdlg
B0DBVZ8FH7,ladjgdlg
B085N233VS,ladjgdlg
B0BYWY91PV,ladjgdlg
B07BH247NB,ladjgdlg
B09QJPL4ML,ladjgdlg
B078JJVCKF,ladjgdlg
B07T3PF2BN,ladjgdlg
B017PEUGCA,ladjgdlg
B0DYTXFMDY,ladjgdlg
B0C96HN76V,ladjgdlg
B019M5QG7E,ladjgdlg
B0CST6D7DT,ladjgdlg
B0CGV4TQF3,ladjgdlg
B083Z7FW7R,ladjgdlg
B01MEEUB2A,ladjgdlg
B0B1Y3FBXL,ladjgdlg
B09V2HF3YD,ladjgdlg
B09QGLLWT3,ladjgdlg
B09MDHSWML,ladjgdlg
B098LR4KP1,ladjgdlg
B094J5CTCZ,ladjgdlg
B08G8WSS1Z,ladjgdlg
B07S5B9VT4,ladjgdlg
B07LGY34B6,ladjgdlg
B07FM74FFS,ladjgdlg
B07C4ZTKXT,ladjgdlg
B005Y09CKA,ladjgdlg
B0CKHSRRVN,ladjgdlg
B0BYZFP71H,ladjgdlg
B0BY45B87Q,ladjgdlg
B0BTHHYKCL,ladjgdlg
B09N39VZ47,ladjgdlg
B09HZ72KY1,ladjgdlg
B09DL71PC6,ladjgdlg
B098XBZ7P2,ladjgdlg
B082HQ2PS3,ladjgdlg
B075MMSXDM,ladjgdlg
B00F65JQMC,ladjgdlg
B0DY69B3L3,ladjgdlg
B0DL5LZMJM,ladjgdlg
B0DK372JZF,ladjgdlg
B0DHP5JBWW,ladjgdlg
B0CR6J41KV,ladjgdlg
B0D6WCGJQN,ladjgdlg
B0DKHQFY2G,ladjgdlg
B0CPP37525,ladjgdlg
B0D2L1TR3D,ladjgdlg
B0BZNF7J65,ladjgdlg
B0CJMD3VW8,ladjgdlg
B077J3HLJY,ladjgdlg
B096WVFG9P,ladjgdlg
B0DLW7DKH2,ladjgdlg
B0C3WB4Q5M,ladjgdlg
B0C1NKNTFY,ladjgdlg
B0C1NJLLCZ,ladjgdlg
B0CPY6HGGQ,ladjgdlg
B0BPC972GP,ladjgdlg
B096SVPCVH,ladjgdlg
B0BN8BS3GV,ladjgdlg
B08XDS4XNW,ladjgdlg
B07RPRTZZ8,ladjgdlg
B08GFSTYR9,ladjgdlg
B0CM98XV6Q,ladjgdlg
B0CN986CCW,ladjgdlg
B092H3XC3Z,ladjgdlg
B0DBDQCNPK,ladjgdlg
B0B95VGWD5,ladjgdlg
B0CPHTJPLH,ladjgdlg
B07ZNM3B6D,ladjgdlg
B008FPTID2,ladjgdlg
B0C6QL7XR9,ladjgdlg
B01F60AY1S,ladjgdlg
B0DL5VT757,ladjgdlg
B0CQXQYYSG,ladjgdlg
B0CBXJJZH9,ladjgdlg
B0DP3ZKJ8X,ladjgdlg
B0CS3S9GVB,ladjgdlg
B0C39QZDK8,ladjgdlg
B01DM0NMYU,ladjgdlg
B0D9MK5VN9,ladjgdlg
B08RYL65F6,ladjgdlg
B0DJ75H2PM,ladjgdlg
B0DHK1TWNT,ladjgdlg
B0D92S716D,ladjgdlg
B0D8VL88K4,ladjgdlg
B0CM9PTJDK,ladjgdlg
B08P4PB27X,ladjgdlg
B0DGDKFKJD,ladjgdlg
B0DG8X15HX,ladjgdlg
B0BL2FWL9M,ladjgdlg
B0CP9FGCXD,ladjgdlg
B0BQLRXGJZ,ladjgdlg
B0B44RZ7SW,ladjgdlg
B0894MBV61,ladjgdlg
B0D3STSDBS,ladjgdlg
B0DDPYZ6DN,ladjgdlg
B0CPM2BNF9,ladjgdlg
B0CN3LB9Z1,ladjgdlg
B0BLD15MQ8,ladjgdlg
B0963X6B5V,ladjgdlg
B092H5R7G7,ladjgdlg
B0BJVT5RW5,ladjgdlg
B086B8TCBQ,ladjgdlg
B0DK8YKMG8,ladjgdlg
B0D8KPDK8T,ladjgdlg
B0D73B733S,ladjgdlg
B0D47DZ76L,ladjgdlg
B0D3XPS31V,ladjgdlg
B0D3TYKBZ3,ladjgdlg
B0D3HNV49W,ladjgdlg
B0D2635YL4,ladjgdlg
B0CX96T2WL,ladjgdlg
B0CP7VGMDY,ladjgdlg
B0CP3YLX52,ladjgdlg
B0CNT3J25W,ladjgdlg
B0CMLC636K,ladjgdlg
B0CM8KQF3H,ladjgdlg
B0CJVT76HR,ladjgdlg
B0CGZN4752,ladjgdlg
B0CG9PLN8R,ladjgdlg
B0CC26JWDQ,ladjgdlg
B0CDW452VB,ladjgdlg
B0CB7Z1NHT,ladjgdlg
B0BZNMMMR7,ladjgdlg
B09MFKQDB5,ladjgdlg
B08P53H65C,ladjgdlg
B0DNSWHVM5,ladjgdlg
B0DK1415YF,ladjgdlg
B0DJTCD8P4,ladjgdlg
B0DHZ4C9HC,ladjgdlg
B0DGGFD6VL,ladjgdlg
B0DDK9CBRS,ladjgdlg
B0DDJMG42G,ladjgdlg
B0DDGGF28P,ladjgdlg
B0DC72CZL4,ladjgdlg
B0DBLJYSBX,ladjgdlg
B0D9VW77TR,ladjgdlg
B0C9TH8ZGC,ladjgdlg
B0C6D6W933,ladjgdlg
B0BWXTKYZR,ladjgdlg
B0BVGZZSBX,ladjgdlg
B0BS48VY6D,ladjgdlg
B0BGMW91RK,ladjgdlg
B09ZRBHCLT,ladjgdlg
B09LH6N8M9,ladjgdlg
B09LH11QJ1,ladjgdlg
B092SV48SP,ladjgdlg
B08T7N6FK7,ladjgdlg
B08NPMVJGQ,ladjgdlg
B08KRWVWK7,ladjgdlg
B08GZ345SC,ladjgdlg
B073V5NNY4,ladjgdlg
B06X8YQ3ZT,ladjgdlg
B0CKWJCQQ7,ladjgdlg
B0CPKVB14V,ladjgdlg
B09JVXXNG5,ladjgdlg
B07MVRX6H7,ladjgdlg
B0B7VF2JFG,ladjgdlg
B0DXF4WVM6,ladjgdlg
B09N6DFBVN,ladjgdlg
B0BYYGQRRL,ladjgdlg
B0BWHD11SD,ladjgdlg
B0D5P41126,ladjgdlg
B0D3TDM6P4,ladjgdlg
B0DGKTNW1Q,ladjgdlg
B09P76FY3C,ladjgdlg
B0CS63YTTN,ladjgdlg
B07LFHNTKP,ladjgdlg
B096Y5NYT5,ladjgdlg
B0CD1GSQ7W,ladjgdlg
B0D8Q2RDJP,ladjgdlg
B0CM88YY3M,ladjgdlg
B0DHVYWK5T,ladjgdlg
B01NAXQECG,ladjgdlg
B0DQ4LF2SY,ladjgdlg
B0DCZ2LF99,ladjgdlg
B0B3RJDF7H,ladjgdlg
B01MXFA615,ladjgdlg
B0DB7DVK61,ladjgdlg
B0CG2VK8WV,ladjgdlg
B07JK14ZH6,ladjgdlg
B08GKJPBWG,ladjgdlg
B0D5V4CF77,ladjgdlg
B09XMCXRRK,ladjgdlg
B0D9H7DD1N,ladjgdlg
B0CRY9S8J4,ladjgdlg
B0BYK29TLS,ladjgdlg
B09G6JHFD5,ladjgdlg
B0CM8ZF1QF,ladjgdlg
B0CG5QC623,ladjgdlg
B09ZQ6PSS6,ladjgdlg
B0CLRJNDHY,ladjgdlg
B0CHMB72BX,ladjgdlg
B0CGWK33SM,ladjgdlg
B0DGLQ3YVS,ladjgdlg
B0CGVDP98L,ladjgdlg
B01N8PM5F5,ladjgdlg
B09D7S5YH2,ladjgdlg
B0BZHKCDZ6,ladjgdlg
B0D4YGM4TN,ladjgdlg
B09N3VFVSR,ladjgdlg
B0CCDK1D8B,ladjgdlg
B0DNXW8RMG,ladjgdlg
B0CJJDXV9V,ladjgdlg
B09RMX68R6,ladjgdlg
B08NWC1J47,ladjgdlg
B08SBJ9T7W,ladjgdlg
B0795VR79W,ladjgdlg
B0C5J6Z2GX,ladjgdlg
B0CMWZSJZ4,ladjgdlg
B0CRVCDFS7,ladjgdlg
B0CGTWDSFQ,ladjgdlg
B0DLWLSRVS,ladjgdlg
B0CD145Q6Z,ladjgdlg
B0CGVB4F6T,ladjgdlg
B09YD6NMP1,ladjgdlg
B0D8WHB466,ladjgdlg
B0CXH958T5,ladjgdlg
B09MT78VX5,ladjgdlg
B0BDLQL2W8,ladjgdlg
B09QX1H8P1,ladjgdlg
B07YBMDWTL,ladjgdlg
B0DJQP7PW5,ladjgdlg
B0CP6B16PK,ladjgdlg
B08MVLQGWV,ladjgdlg
B093CZPFKP,ladjgdlg
B0DDC9SC7V,ladjgdlg
B07BD59SGP,ladjgdlg
B0002DL1PI,ladjgdlg
B073XSJ8SR,ladjgdlg
B0CZ3BZTVZ,ladjgdlg
B0CTXB8BDV,ladjgdlg
B08RDRNGLT,ladjgdlg
B0DS6C44WY,ladjgdlg
B0DQW8HJ3V,ladjgdlg
B09H7H4PXR,ladjgdlg
B07Z56SXNC,ladjgdlg
B07VF9HB6R,ladjgdlg
B0CBP4ZL5N,ladjgdlg
B0BYZ1RG2S,ladjgdlg
B08K7NF8GB,ladjgdlg
B0BC1SPQNS,ladjgdlg
B07RWM3B25,ladjgdlg
B0CCP5SPTQ,ladjgdlg
B09G6JV265,ladjgdlg
B0CZ6P7JY6,ladjgdlg
B0CL4DVGY3,ladjgdlg
B0DW87TW51,ladjgdlg
B01M0GW0PI,ladjgdlg
B0DMSXZWWV,ladjgdlg
B0C2GZGS17,ladjgdlg
B07H9CLFY5,ladjgdlg
B07GLWP27H,ladjgdlg
B0CKT2WD5K,ladjgdlg
B0B3Z2JR4F,ladjgdlg
B0DFV13M34,ladjgdlg
B0BWRLV693,ladjgdlg
B0DMM46ZWZ,ladjgdlg
B0DCZ4FM2W,ladjgdlg
B07Q3PLLHG,ladjgdlg
B0DJ7H6QGH,ladjgdlg
B0C2V9QH2R,ladjgdlg
B09Y5H74G8,ladjgdlg
B0BYCPV3B4,ladjgdlg
B08CGC9MQK,ladjgdlg
B0CQFQZX2G,ladjgdlg
B0CLGFLQ3B,ladjgdlg
B0C85BBCVM,ladjgdlg
B0BWFF127L,ladjgdlg
B09TTRT1VP,ladjgdlg
B07VX6JB97,ladjgdlg
B0776JSM5S,ladjgdlg
B0D2G2YYNP,ladjgdlg
B0D1YP3NJ6,ladjgdlg
B0C7VNCVGP,ladjgdlg
B0C5SHZWM8,ladjgdlg
B0DCYRHTFZ,ladjgdlg
B0D7BTC4QP,ladjgdlg
B0CS3VXXYR,ladjgdlg
B07FYJHPLQ,ladjgdlg
B08YWPQTTW,ladjgdlg
B07B1NVG7R,ladjgdlg
B0CB8NW157,ladjgdlg
B085C7SW5D,ladjgdlg
B0DJ5C9C73,ladjgdlg
B0D89L5BBL,ladjgdlg
B019ALQ166,ladjgdlg
B0DNPYJ1SY,ladjgdlg
B0DXPZVCFB,ladjgdlg
B0D7MDLRNJ,ladjgdlg
B0CNLRQXWG,ladjgdlg
B0BY1GGP8S,ladjgdlg
B0C6TQSBCT,ladjgdlg
B0B81H2B1B,ladjgdlg
B07MLL23T3,ladjgdlg
B08WQ68CNY,ladjgdlg
B07RYWHX9C,ladjgdlg
B078R2RK1J,ladjgdlg
B0DPWW273K,ladjgdlg
B0BZVLWXZT,ladjgdlg
B0BY89XS16,ladjgdlg
B0BQY3FYLQ,ladjgdlg
B0BJKQ7Z63,ladjgdlg
B00W4JOCQS,ladjgdlg
B00B8KH9FK,ladjgdlg
B004WLR66O,ladjgdlg
B000LJC6J8,ladjgdlg
B0DB22LBY5,ladjgdlg
B0D8PGPVXV,ladjgdlg
B0CYGFH81K,ladjgdlg
B0CX1R77DH,ladjgdlg
B0C7CYDD6P,ladjgdlg
B0BXD58CVZ,ladjgdlg
B0BNQ9D79H,ladjgdlg
B09YVW6NX8,ladjgdlg
B08YR3FCF1,ladjgdlg
B00A32MJ68,ladjgdlg
B0DWTWSJV3,ladjgdlg
B0D6YNMXD8,ladjgdlg
B0CNSMQK2D,ladjgdlg
B0CG29XCP4,ladjgdlg
B0BLK8D2Y8,ladjgdlg
B0BGN2Y44V,ladjgdlg
B0BDG6R73C,ladjgdlg
B0BD5JJ4BV,ladjgdlg
B09SZGD3GM,ladjgdlg
B091YQW15D,ladjgdlg
B0D4VCYC43,ladjgdlg
B0D2L1NDG3,ladjgdlg
B0D26FMD4C,ladjgdlg
B0D264MF73,ladjgdlg
B0D25NL8KT,ladjgdlg
B0D1YDCYQY,ladjgdlg
B0D1MGGR5P,ladjgdlg
B0CY24BCX4,ladjgdlg
B0CXCTKSFS,ladjgdlg
B0CWSMKTCV,ladjgdlg
B0CWP4TX49,ladjgdlg
B0CWCYC8TY,ladjgdlg
B0CW11T5GJ,ladjgdlg
B0CT5DJDDB,ladjgdlg
B0CSYT82JR,ladjgdlg
B0CS3KJT8X,ladjgdlg
B0CN32LYY3,ladjgdlg
B0CJYWTQ2M,ladjgdlg
B0CGVJ7J48,ladjgdlg
B0C3CSSCC7,ladjgdlg
B0BT9MLK6V,ladjgdlg
B0BRWJJ3WN,ladjgdlg
B0BNN3VZZX,ladjgdlg
B0BBRGWQ8P,ladjgdlg
B0B3JGR8HL,ladjgdlg
B09JW6TP8N,ladjgdlg
B09B6F39DL,ladjgdlg
B096LWVL15,ladjgdlg
B07HH9TF1T,ladjgdlg
B07FDHLXG9,ladjgdlg
B07C4Y9NTP,ladjgdlg
B074J5RN86,ladjgdlg
B0CCSNFWV9,ladjgdlg
B0CCHQ9XCR,ladjgdlg
B0CC55DG9G,ladjgdlg
B0CBXHHRMH,ladjgdlg
B0CB45DJFM,ladjgdlg
B0C89LV458,ladjgdlg
B0C85JWP3L,ladjgdlg
B0C7PWVV7P,ladjgdlg
B0C6GBS3Y6,ladjgdlg
B0BZY7SS98,ladjgdlg
B0BRFZZRF7,ladjgdlg
B0BN4DY72Z,ladjgdlg
B0BHQM3X8Z,ladjgdlg
B0B967R2JF,ladjgdlg
B09QMSFR42,ladjgdlg
B09Q8RN1N6,ladjgdlg
B06XFN1TKL,ladjgdlg
B0F291B59S,ladjgdlg
B0F1TVVLL4,ladjgdlg
B0DYZFXKM5,ladjgdlg
B0DXSVLTK6,ladjgdlg
B0DWT3TFBT,ladjgdlg
B0DT76YBSQ,ladjgdlg
B0DS1VVZM3,ladjgdlg
B0DRK93MT3,ladjgdlg
B0DQ4S56HP,ladjgdlg
B0DPQPK9KS,ladjgdlg
B0DNZGWY7R,ladjgdlg
B0DLJYHHRR,ladjgdlg
B0DKD2HWT5,ladjgdlg
B0DK6WNR83,ladjgdlg
B0DK1XK5J7,ladjgdlg
B0DJ6NLRQH,ladjgdlg
B0DH5XVCKJ,ladjgdlg
B0DFVH34CV,ladjgdlg
B0DFKSK55G,ladjgdlg
B0DFD1YQ1B,ladjgdlg
B0DDXSZ1BX,ladjgdlg
B0DDBSPQ8H,ladjgdlg
B0DC6H5L79,ladjgdlg
B0D9WH2B6R,ladjgdlg
B0D9MFN2R1,ladjgdlg
B0D8WMRVPZ,ladjgdlg
B0D8VVN9W1,ladjgdlg
B0D7TNJF64,ladjgdlg
B0D6GH1STQ,ladjgdlg
B0CRKN914S,ladjgdlg
B0CQLMLLH5,ladjgdlg
B0CPT1HTRY,ladjgdlg
B0CNXCRL35,ladjgdlg
B0CMP18471,ladjgdlg
B0CM34YTGK,ladjgdlg
B0CLJC3ZKD,ladjgdlg
B0CJVSWDTT,ladjgdlg
B0CJC3YWM4,ladjgdlg
B0CJ799WSF,ladjgdlg
B0CH8LP9CZ,ladjgdlg
B0CGZNZRJG,ladjgdlg
B0CGJV4PGZ,ladjgdlg
B0CGDHDTWX,ladjgdlg
B0CDQ6GN4C,ladjgdlg
B0CD1YY742,ladjgdlg
B098QCZSDM,ladjgdlg
B091PM893V,ladjgdlg
B08G4SKVPJ,ladjgdlg
B08C261VJQ,ladjgdlg
B085HKWM2P,ladjgdlg
B07KGLN418,ladjgdlg
B07K3VMNB1,ladjgdlg
B07H7NVTZQ,ladjgdlg
B07G9Q3PBV,ladjgdlg
B07F36HKPX,ladjgdlg
B07CP4N71S,ladjgdlg
B072ZNTDTR,ladjgdlg
B00K2FBDRM,ladjgdlg
B00IA6ENKE,ladjgdlg
B00GIU6IY8,ladjgdlg
B00291AKEO,ladjgdlg
B0CDRQV269,ladjgdlg
B078JWGB3Z,ladjgdlg
B0DXDRYPK1,ladjgdlg
B00T57TVP4,ladjgdlg
B08FTLZ5WJ,ladjgdlg
B08GV77VP9,ladjgdlg
B07WT6GCZ7,ladjgdlg
B0BVB5V99R,ladjgdlg
B0CLDHQT9P,ladjgdlg
B0D3HQTW91,ladjgdlg
B09RX1J5NR,ladjgdlg
B0CTJQH1J4,ladjgdlg
B07G268L1F,ladjgdlg
B0C3VF47WT,ladjgdlg
B0BXP6G61N,ladjgdlg
B0833TVZ99,ladjgdlg
B0CSM1BN5X,ladjgdlg
B01IK2G0PS,ladjgdlg
B0BS8DH36Q,ladjgdlg
B0DT66SCFG,ladjgdlg
B01M0HGOTV,ladjgdlg
B0DNFBMW2J,ladjgdlg
B07H737LLZ,ladjgdlg
B0BX33CMXH,ladjgdlg
B0DMJW37J1,ladjgdlg
B0BZR8ZVPR,ladjgdlg
B08C45BSF6,ladjgdlg
B0D72HQQ6Y,ladjgdlg
B08ZSLZCW1,ladjgdlg
B0D323NPYH,ladjgdlg
B0CPYBNWJG,ladjgdlg
B0C5Y1DS9X,ladjgdlg
B08RMX2CPC,ladjgdlg
B0DSL2QK9S,ladjgdlg
B0CGHTJZ6K,ladjgdlg
B097F6TVLL,ladjgdlg
B0DNT6DTQK,ladjgdlg
B0C364C3H4,ladjgdlg
B07TCQR57B,ladjgdlg
B0048K5GU2,ladjgdlg
B0D7VRLYDD,ladjgdlg
B09VBJP796,ladjgdlg
B00IQFMQQM,ladjgdlg
B0DCBC55ZH,ladjgdlg
B0C2YMFZPN,ladjgdlg
B0DBLX4LX4,ladjgdlg
B0D6G6Y77D,ladjgdlg
B081YKQ1RY,ladjgdlg
B09XB24GZ9,ladjgdlg
B0D2WFRHZX,ladjgdlg
B0CLJD8CBX,ladjgdlg
B0C532YB7P,ladjgdlg
B0CCPHZRSF,ladjgdlg
B0CMXYW9CH,ladjgdlg
B0CBTWXKQR,ladjgdlg
B00PC248S6,ladjgdlg
B0CB8QJMZP,ladjgdlg
B0C9M3634L,ladjgdlg
B0C886MY62,ladjgdlg
B0D8VMSPPW,ladjgdlg
B0C4NYMN39,ladjgdlg
B0CXT8DJWK,ladjgdlg
B0C2YR8LR8,ladjgdlg
B0CQSQMK7Z,ladjgdlg
B0BZVMSR8T,ladjgdlg
B00YWWWW3K,ladjgdlg
B08NT8734F,ladjgdlg
B0DWJTNVFL,ladjgdlg
B08LY9JHZN,ladjgdlg
B0C84TBVDM,ladjgdlg
B07VGD8ZQK,ladjgdlg
B07JNHKR8K,ladjgdlg
B07N32HXQP,ladjgdlg
B0DRNPYTSP,ladjgdlg
B07MY3H9ZL,ladjgdlg
B093TB39ZR,ladjgdlg
B0CL8G1MBM,ladjgdlg
B0D6TFV9X9,ladjgdlg
B0CWRCXG69,ladjgdlg
B0CBM51KPQ,ladjgdlg
B0B8FV8MQR,ladjgdlg
B005FHXTN8,ladjgdlg
B0CNN1J5TL,ladjgdlg
B0CN2RH2DJ,ladjgdlg
B0BKKDVQLP,ladjgdlg
B08YS4R1MY,ladjgdlg
B0CJ5MWWZR,ladjgdlg
B09V8DPRC5,ladjgdlg
B0CLCZ95YM,ladjgdlg
B012BJVJ7K,ladjgdlg
B0DGTJV7QZ,ladjgdlg
B0CMCWS5DB,ladjgdlg
B0B5D7ZQPB,ladjgdlg
B0BMWXNJS7,ladjgdlg
B0DLLHJSM9,ladjgdlg
B09SH93CTG,ladjgdlg
B0D44XN3CW,ladjgdlg
B0CPT6Q4BH,ladjgdlg
B09KL6GCP8,ladjgdlg
B07YYKQYWN,ladjgdlg
B0D8LVYGLG,ladjgdlg
B07F4392DP,ladjgdlg
B082P81VXK,ladjgdlg
B0DG2M46BL,ladjgdlg
B0D9645B4M,ladjgdlg
B0B6BVF2ZR,ladjgdlg
B0D9NL8BHK,ladjgdlg
B0BFCKB93H,ladjgdlg
B071LGH3FM,ladjgdlg
B0DM8HB28C,ladjgdlg
B0CDCFNVFN,ladjgdlg
B0BQ6R4J75,ladjgdlg
B0D3LXV44M,ladjgdlg
B07G3F6389,ladjgdlg
B0BYXBJJNH,ladjgdlg
B017PEUFUI,ladjgdlg
B0BVHYMZ7S,ladjgdlg
B0B3HVLMWR,ladjgdlg
B09LCMDD4W,ladjgdlg
B0CZP6CDZK,ladjgdlg
B0DT53DSJT,ladjgdlg
B0D1CBKQ43,ladjgdlg
B09ZLBRQQ7,ladjgdlg
B0B29LSJ1K,ladjgdlg
B007BGA1QE,ladjgdlg
B00IED62IE,ladjgdlg
B0DJQYDFGR,ladjgdlg
B0778XN65C,ladjgdlg
B083G5HNMR,ladjgdlg
B07FMGBVZN,ladjgdlg
B06Y5X6N1Z,ladjgdlg
B0CPPDY6CM,ladjgdlg
B0C9TCDLLN,ladjgdlg
B0C4LWM75W,ladjgdlg
B0BCQ7HZKN,ladjgdlg
B092ZJVQDG,ladjgdlg
B07T827HQY,ladjgdlg
B0DHVRD3VW,ladjgdlg
B0D9N48YYQ,ladjgdlg
B0CJ2H37G5,ladjgdlg
B0C5BF9T7H,ladjgdlg
B0BZCVPBTG,ladjgdlg
B09MCMY3QG,ladjgdlg
B09KC3Q7QL,ladjgdlg
B0B564NRLH,ladjgdlg
B01LZR8UUD,ladjgdlg
B0DHKJHM87,ladjgdlg
B09Q3HWFBW,ladjgdlg
B0844QDD9M,ladjgdlg
B0005ZJ5JC,ladjgdlg
B07G21WLJG,ladjgdlg
B0D7Q6JDQ2,ladjgdlg
B0CT5L94B5,ladjgdlg
B0BZJB8FSG,ladjgdlg
B0BN4WTPYR,ladjgdlg
B0BW2VTVLC,ladjgdlg
B0BB12R5NC,ladjgdlg
B09NQX6SHS,ladjgdlg
B087JL8B28,ladjgdlg
B0C67ST3GW,ladjgdlg
B0953T6KSZ,ladjgdlg
B082P831RV,ladjgdlg
B082P7GD6B,ladjgdlg
B07JZ3YHVY,ladjgdlg
B0174HXOHC,ladjgdlg
B000DLB2C6,ladjgdlg
B0D5QPSSLZ,ladjgdlg
B0D4Z48CZV,ladjgdlg
B0CRKXSJVL,ladjgdlg
B0CQWBNSN3,ladjgdlg
B0CQ21Y3WS,ladjgdlg
B0CJM9NKBH,ladjgdlg
B0CD73FK5Z,ladjgdlg
B0C6XMJGL3,ladjgdlg
B0C6NXLYJJ,ladjgdlg
B0C3RQCD9B,ladjgdlg
B0CYL6ZN3Z,ladjgdlg
B0CYHF53WF,ladjgdlg
B0CY2974W7,ladjgdlg
B0CW68XMF6,ladjgdlg
B0CRR3MH6P,ladjgdlg
B0CR4GT8J1,ladjgdlg
B0CQHMGP77,ladjgdlg
B0CPV3FY1V,ladjgdlg
B0CP368F2F,ladjgdlg
B0CMXG9R7R,ladjgdlg
B0CMCKZ8LN,ladjgdlg
B0CKZJQD8L,ladjgdlg
B0CJP6DZXR,ladjgdlg
B0CJDPVS16,ladjgdlg
B0CJ9DGGX7,ladjgdlg
B0CHF928NX,ladjgdlg
B0BPPGKV4K,ladjgdlg
B0BKWDMG63,ladjgdlg
B09KYDKYVZ,ladjgdlg
B08JMFQM4V,ladjgdlg
B082P8JCYP,ladjgdlg
B01DCUJZ64,ladjgdlg
B00IKC0OJW,ladjgdlg
B00GK6MWZ4,ladjgdlg
B0DWXF93ND,ladjgdlg
B0DTCRFVL9,ladjgdlg
B0DT17BBHC,ladjgdlg
B0DR7RY97L,ladjgdlg
B0DR4P7VWB,ladjgdlg
B0DR2DZXC3,ladjgdlg
B0DQ4T75ZP,ladjgdlg
B0DQ3LHHPR,ladjgdlg
B0DNS3B67B,ladjgdlg
B0DMRN1D5D,ladjgdlg
B0DM1PVDD6,ladjgdlg
B0DJVBQKBV,ladjgdlg
B0DJ2P3YBT,ladjgdlg
B0DGTP7GBS,ladjgdlg
B0DG9C8NC3,ladjgdlg
B0DD41QY69,ladjgdlg
B0DC3H5PXC,ladjgdlg
B0D6XR3865,ladjgdlg
B0D5RKVB5B,ladjgdlg
B0D3TKK9MV,ladjgdlg
B0D3LRPGLW,ladjgdlg
B0D3CG8S47,ladjgdlg
B0D3B8GMF4,ladjgdlg
B0D2RTM4F7,ladjgdlg
B0CHF8QDL6,ladjgdlg
B0CFF353TV,ladjgdlg
B0CBRN3BMN,ladjgdlg
B0C8THCWS1,ladjgdlg
B0C6SQM8WV,ladjgdlg
B0C5QK4FMG,ladjgdlg
B0BS1GM3CT,ladjgdlg
B0BQVYZ4TF,ladjgdlg
B0B91JX91F,ladjgdlg
B0B7N21VBM,ladjgdlg
B0B1XT3JJZ,ladjgdlg
B09WMBQZ8X,ladjgdlg
B09VT15S8W,ladjgdlg
B09KYHQBGB,ladjgdlg
B09J1FBJLH,ladjgdlg
B096ZX1ZZ9,ladjgdlg
B096LZQLFS,ladjgdlg
B093DTBQF3,ladjgdlg
B08VDFV69B,ladjgdlg
B08LTHS2G1,ladjgdlg
B08BKLYHC3,ladjgdlg
B082P8H68J,ladjgdlg
B082P832CD,ladjgdlg
B082P7ZVNY,ladjgdlg
B082P7991T,ladjgdlg
B08123K24M,ladjgdlg
B07Y2BXVKM,ladjgdlg
B07NV1Q1SM,ladjgdlg
B072S3N23V,ladjgdlg
B0019M0YIG,ladjgdlg
B0DB835YR7,ladjgdlg
B0BNNDL57W,ladjgdlg
B002LEEHXY,ladjgdlg
B07Q14K8X8,ladjgdlg
B0CX864KLV,ladjgdlg
B0C3HQKM75,ladjgdlg
B0DMPK555P,ladjgdlg
B0CGZCD1D4,ladjgdlg
B0CW9NV1WZ,ladjgdlg
B0C2HQ9978,ladjgdlg
B0BYYJBQNW,ladjgdlg
B0DHC9PN34,ladjgdlg
B00O92ODH6,ladjgdlg
B0B645CTJY,ladjgdlg
B0BQBFYLBT,ladjgdlg
B0CM3GZK7L,ladjgdlg
B0CJ4KQSHH,ladjgdlg
B0C5N2DR9H,ladjgdlg
B07T9LL2JY,ladjgdlg
B0BG5WNVBX,ladjgdlg
B09F9K9FHX,ladjgdlg
B003EAKOGS,ladjgdlg
B0CMHXK6DN,ladjgdlg
B0BVH166T8,ladjgdlg
B09JZJP8GZ,ladjgdlg
B0D6RZ3CYT,ladjgdlg
B0C6ZRJXFS,ladjgdlg
B0BRTPHSKV,ladjgdlg
B0BZWR5SY8,ladjgdlg
B09935VD6K,ladjgdlg
B0CJ2DYJ9Q,ladjgdlg
B0CM8MS712,ladjgdlg
B005U5VI7E,ladjgdlg
B0B1246Y2J,ladjgdlg
B003I5ZPFY,ladjgdlg
B0CJ4FW9Z1,ladjgdlg
B0BCJTXWZK,ladjgdlg
B07XR737P9,ladjgdlg
B0BHR5LGZB,ladjgdlg
B0CYGY5537,ladjgdlg
B0CDBRSDZ1,ladjgdlg
B0CW5P4ZKV,ladjgdlg
B0CPJFPQ1M,ladjgdlg
B0CBKSNNMK,ladjgdlg
B0BBWGSXQD,ladjgdlg
B07JYCZDPQ,ladjgdlg
B0C3771CGW,ladjgdlg
B0CPM1VKVW,ladjgdlg
B0CNNL9XP1,ladjgdlg
B0DRN63CCP,ladjgdlg
B09BRK677M,ladjgdlg
B0B1LMNCWH,ladjgdlg
B09HTFGHZT,ladjgdlg
B08XWFSQ8H,ladjgdlg
B0C7FV469T,ladjgdlg
B0B9642RSG,ladjgdlg
B0DC66DMQS,ladjgdlg
B0C6HWXBKQ,ladjgdlg
B0C2PX96BY,ladjgdlg
B0BBVH3MF9,ladjgdlg
B0D9LQJ3R7,ladjgdlg
B0D83MYW7N,ladjgdlg
B0BFGP3H6C,ladjgdlg
B08SJNK6SY,ladjgdlg
B0DSBYSJZR,ladjgdlg
B0CWNQJFX9,ladjgdlg
B0CB66RFZ9,ladjgdlg
B094GZ6CPZ,ladjgdlg
B0BVHCHP52,ladjgdlg
B0BPJHTKLM,ladjgdlg
B0CSYM7ZRS,ladjgdlg
B0C8927V9F,ladjgdlg
B078JBY1K6,ladjgdlg
B0CZ8G73GH,ladjgdlg
B076JKPD5S,ladjgdlg
B0D7CLMRQG,ladjgdlg
B09PGBJ9GY,ladjgdlg
B08HRKW9WM,ladjgdlg
B0D9FPP722,ladjgdlg
B0DDP6RS3F,ladjgdlg
B08N44LJ1S,ladjgdlg
B000AA4DBM,ladjgdlg
B0D8WL4LNB,ladjgdlg
B0CX1B2XCC,ladjgdlg
B0CHFLPT28,ladjgdlg
B0C36YQ86L,ladjgdlg
B0BVVMNP72,ladjgdlg
B0BMB5XCNC,ladjgdlg
B09JSS4NJX,ladjgdlg
B091ZF69M4,ladjgdlg
B07VT2862M,ladjgdlg
B0793YY69D,ladjgdlg
B00Q1UHD6C,ladjgdlg
B0F1CWCRYT,ladjgdlg
B0DTY2Z4KD,ladjgdlg
B0DT424NWZ,ladjgdlg
B0DPMDDS2Q,ladjgdlg
B0DP8PTJ1M,ladjgdlg
B0DP5ZNJ74,ladjgdlg
B0DMJPY25C,ladjgdlg
B0DM8Y2HPL,ladjgdlg
B0DL2FDGDT,ladjgdlg
B0DJQVLQ37,ladjgdlg
B0DJH6C8YC,ladjgdlg
B0DHGYCGVP,ladjgdlg
B0DH372XF9,ladjgdlg
B0DH28WCJ2,ladjgdlg
B0DG4SPT9V,ladjgdlg
B0DFCLNVNZ,ladjgdlg
B0DB5SNFV7,ladjgdlg
B0D9XCV4YG,ladjgdlg
B0D9W6TM4Y,ladjgdlg
B0CCV4PPJK,ladjgdlg
B07JGVDRQC,ladjgdlg
B07DPDFS89,ladjgdlg
B07CZ64KX8,ladjgdlg
B07C75FKQX,ladjgdlg
B0CL9JW3P5,ladjgdlg
B0CJFJ6YT6,ladjgdlg
B0CBCSYVDT,ladjgdlg
B0CBCH1LMC,ladjgdlg
B0BY4HZYXJ,ladjgdlg
B0BHZK4C19,ladjgdlg
B09WH6C1ZX,ladjgdlg
B0777LCDJN,ladjgdlg
B0DGKNPGT9,ladjgdlg
B0CB8SFS45,ladjgdlg
B0BDSRT3LL,ladjgdlg
B0D97BXLSS,ladjgdlg
B0D7VRDJSN,ladjgdlg
B0D762BJCG,ladjgdlg
B0D4MMLCJY,ladjgdlg
B0D3HN61VZ,ladjgdlg
B0D3866CLM,ladjgdlg
B0D263H8MZ,ladjgdlg
B0D12CQG9M,ladjgdlg
B0CZ3WDP41,ladjgdlg
B0CYLC15V9,ladjgdlg
B0CX5P23MW,ladjgdlg
B0CX26GPPJ,ladjgdlg
B0CRH49PXB,ladjgdlg
B0CRB1ZCW7,ladjgdlg
B0CR42P66M,ladjgdlg
B0CPLSFVPG,ladjgdlg
B0CPJ4921F,ladjgdlg
B0CPFRKWXF,ladjgdlg
B0CN2JMD9D,ladjgdlg
B0CM3W4TSH,ladjgdlg
B0CM3353X1,ladjgdlg
B0CLGSJ4XL,ladjgdlg
B0CKYL13L6,ladjgdlg
B0CHWJRJ35,ladjgdlg
B0CHRCZ21M,ladjgdlg
B0CHN54SRX,ladjgdlg
B0CHMW5VTY,ladjgdlg
B0CFTDSW65,ladjgdlg
B0CF1XV11V,ladjgdlg
B0CDW55MJ4,ladjgdlg
B0CD7JYJ97,ladjgdlg
B0CCKXJ6MB,ladjgdlg
B0CC55WWLT,ladjgdlg
B0CBWMMTW7,ladjgdlg
B0C6K2D72Y,ladjgdlg
B0C3PRTXHQ,ladjgdlg
B0C36S1FHM,ladjgdlg
B0C33XKQLD,ladjgdlg
B0C1ZHQP6F,ladjgdlg
B0C1MQWM8M,ladjgdlg
B0C1FZPQWJ,ladjgdlg
B0BZP6R1TT,ladjgdlg
B0BZHSZX32,ladjgdlg
B0BZCT8D36,ladjgdlg
B0BWCPFG1Z,ladjgdlg
B0BVVDS9J6,ladjgdlg
B0BPMD1VB4,ladjgdlg
B0BN4Z285S,ladjgdlg
B0BJBPDHK6,ladjgdlg
B0BC8Q53YP,ladjgdlg
B0B95W6PFX,ladjgdlg
B0B72TQNF9,ladjgdlg
B0B5ZY5KN9,ladjgdlg
B09LH25122,ladjgdlg
B09HT5DT1K,ladjgdlg
B09B6F62CB,ladjgdlg
B08ZT3735Z,ladjgdlg
B08LNBRSHS,ladjgdlg
B07H7STZ9R,ladjgdlg
B07FDY9J71,ladjgdlg
B07C4ZSQSN,ladjgdlg
B079LXZTC1,ladjgdlg
B076SL8KTB,ladjgdlg
B07548VW73,ladjgdlg
B072KL5PKZ,ladjgdlg
B01F1G8YR8,ladjgdlg
B00W64DJ0G,ladjgdlg
B07628BLQ2,ladjgdlg
B0CYGZKMSN,ladjgdlg
B0BC8H67P9,ladjgdlg
B0CZ8QJ958,ladjgdlg
B0DBQMWP14,ladjgdlg
B0D5DR1NQ2,ladjgdlg
B0CHMHNWCF,ladjgdlg
B01IAI3AM8,ladjgdlg
B0BFR23N3B,ladjgdlg
B0B7QWMFYP,ladjgdlg
B0CH9XKNWK,ladjgdlg
B07GTRLB1L,ladjgdlg
B0DMFDK6MV,ladjgdlg
B0D9BB2J1D,ladjgdlg
B0CPYBMTXC,ladjgdlg
B0CL2FPJHZ,ladjgdlg
B0D8ZGLRXW,ladjgdlg
B0DP39NLM2,ladjgdlg
B0DP9K4F23,ladjgdlg
B0CJDVZYWF,ladjgdlg
B0D72FJX34,ladjgdlg
B0DCQS8MVJ,ladjgdlg
B0BJ2KSV92,ladjgdlg
B0CX1NN1SX,ladjgdlg
B0CMCZSKQC,ladjgdlg
B0D4DGYKYP,ladjgdlg
B0CWV6WZCH,ladjgdlg
B0DPZVT5L4,ladjgdlg
B09YYW3HM5,ladjgdlg
B0CQN26M8X,ladjgdlg
B09V7XZZJP,ladjgdlg
B0DWFJNJD9,ladjgdlg
B0CLRJJTQ2,ladjgdlg
B08GHZCY1H,ladjgdlg
B07CPR21X7,ladjgdlg
B0CKS3XJN3,ladjgdlg
B0CY2M4NY2,ladjgdlg
B0C4NY54ZY,ladjgdlg
B0D7S8ZYDK,ladjgdlg
B0B6HS8RDD,ladjgdlg
B09SYNSPYV,ladjgdlg
B093XQ8MN5,ladjgdlg
B0DRNX7PY9,ladjgdlg
B07S4B3CYV,ladjgdlg
B00K6QZ06M,ladjgdlg
B094ZQV9JD,ladjgdlg
B0CF2H5RZS,ladjgdlg
B0091WZ1A2,ladjgdlg
B0DYK7RRYL,ladjgdlg
B0CC3JVNT7,ladjgdlg
B0BH8JF66C,ladjgdlg
B0CX5C78BH,ladjgdlg
B0D7CP5Y55,ladjgdlg
B0DT6HYK7G,ladjgdlg
B0DQKVCXLF,ladjgdlg
B0BQG2WKFC,ladjgdlg
B0C3YVLV2S,ladjgdlg
B0DSLN7XQ7,ladjgdlg
B0D5QTZGPY,ladjgdlg
B07H8G78XF,ladjgdlg
B09T9LW6CD,ladjgdlg
B003TU3ZBE,ladjgdlg
B0D9J3LZBW,ladjgdlg
B0CJ964VPP,ladjgdlg
B0D5LH4LQJ,ladjgdlg
B0BTZ68TZB,ladjgdlg
B0CY4RWN7C,ladjgdlg
B0CQTGDBPZ,ladjgdlg
B0D1Q6WQX7,ladjgdlg
B0CX92WD54,ladjgdlg
B0CJHWRJN1,ladjgdlg
B09CYDS9Y8,ladjgdlg
B07T7VFJW7,ladjgdlg
B0C36T7YWX,ladjgdlg
B0BXW6P431,ladjgdlg
B0CS3956TJ,ladjgdlg
B0D496NVTD,ladjgdlg
B0CV52KPYG,ladjgdlg
B08TZJQYHG,ladjgdlg
B0CDBMDDM1,ladjgdlg
B07X9VTT9X,ladjgdlg
B092VRVQ57,ladjgdlg
B0C5T8SWDY,ladjgdlg
B09C1MC1F2,ladjgdlg
B0BL7DS8XK,ladjgdlg
B0823QY1R6,ladjgdlg
B07X8MMZ1V,ladjgdlg
B006C0UW78,ladjgdlg
B093PZLPWY,ladjgdlg
B0CQLVX3KZ,ladjgdlg
B08GJRQ5SC,ladjgdlg
B0CQT5BTNL,ladjgdlg
B07Z56N15Z,ladjgdlg
B08R7V2LZ7,ladjgdlg
B0CN6ZVRYF,ladjgdlg
B0B87XVSJT,ladjgdlg
B07CV1K7XY,ladjgdlg
B00HK28N6Y,ladjgdlg
B0CCS3QWYK,ladjgdlg
B09GPTS2X3,ladjgdlg
B0885QBRGK,ladjgdlg
B0B1QR4ZYM,ladjgdlg
B0DGPPYJKY,ladjgdlg
B0DHY24P8M,ladjgdlg
B0DHJQNMJK,ladjgdlg
B0936VYVJ3,ladjgdlg
B07HMPYKC6,ladjgdlg
B007XL648Q,ladjgdlg
B007D7ZU3A,ladjgdlg
B0CMHYNM19,ladjgdlg
B0BZ3YC97W,ladjgdlg
B0BJQW1CMR,ladjgdlg
B09J4NXF35,ladjgdlg
B09J1YJ6X4,ladjgdlg
B09DYJK7G9,ladjgdlg
B09CCJFMWC,ladjgdlg
B0914CZF9L,ladjgdlg
B08K748BR7,ladjgdlg
B078883ST2,ladjgdlg
B0D896T4R3,ladjgdlg
B0D5QFQVFS,ladjgdlg
B0CTG4NM5C,ladjgdlg
B0CR5S5NZ5,ladjgdlg
B0CQXKQ2J6,ladjgdlg
B0CDLL6FDJ,ladjgdlg
B0CC3GLNY6,ladjgdlg
B0C53JMKTW,ladjgdlg
B09W9XRZ1S,ladjgdlg
B09SLMD9Y9,ladjgdlg
B09QRLMFT9,ladjgdlg
B095336KX6,ladjgdlg
B087R3LG5J,ladjgdlg
B07RT33KGH,ladjgdlg
B00U2H4OCG,ladjgdlg
B0DZHVCWH8,ladjgdlg
B0DYMQZKT5,ladjgdlg
B0DYDBHM9T,ladjgdlg
B0DT6JB1RL,ladjgdlg
B0DSG26DY8,ladjgdlg
B0DRD14N52,ladjgdlg
B0DQYW5TW5,ladjgdlg
B0DPNK5RSJ,ladjgdlg
B0DNF8F2H8,ladjgdlg
B0DLBBN2NS,ladjgdlg
B0DJXMH2BQ,ladjgdlg
B0DFHK7DQW,ladjgdlg
B0DFCBPK46,ladjgdlg
B0DFC7HQTJ,ladjgdlg
B0DDP7HDX2,ladjgdlg
B0DBZR1FY5,ladjgdlg
B0DBHPNFRS,ladjgdlg
B0D74Q3RMN,ladjgdlg
B0D5GP2WF6,ladjgdlg
B0D4PKYZZH,ladjgdlg
B0D3Q6YP7N,ladjgdlg
B0D3CZXGLT,ladjgdlg
B0D2LWVSDD,ladjgdlg
B0D29GPCPN,ladjgdlg
B0D1NPMXSR,ladjgdlg
B0CYZTFM9V,ladjgdlg
B0CY7WZH5G,ladjgdlg
B0CV9DSKD5,ladjgdlg
B0CSVT58YX,ladjgdlg
B0CQKJHMTB,ladjgdlg
B0CPY675PH,ladjgdlg
B0CNLYVQFV,ladjgdlg
B0CN33W4M8,ladjgdlg
B0CM99SDVF,ladjgdlg
B0CL4DPS43,ladjgdlg
B0CKVL6G24,ladjgdlg
B0CHN7F1T5,ladjgdlg
B0CF5VT2X6,ladjgdlg
B0CD1F3CLR,ladjgdlg
B0CCJCP66P,ladjgdlg
B0CC97MH9T,ladjgdlg
B0CBHFVBVS,ladjgdlg
B0C9QP3BTK,ladjgdlg
B0C9QKSX4K,ladjgdlg
B0C89FJ1D1,ladjgdlg
B0C5XF9MTB,ladjgdlg
B0C4B7P1BC,ladjgdlg
B0BVG49JFG,ladjgdlg
B0BMWR3G38,ladjgdlg
B0BMFWDRB8,ladjgdlg
B0BLHN681W,ladjgdlg
B0BJ6S9VXW,ladjgdlg
B0BF5BZ2R3,ladjgdlg
B0B8CLCS8Z,ladjgdlg
B0B56N15VZ,ladjgdlg
B09Z36H21J,ladjgdlg
B09TVL5MCY,ladjgdlg
B09KZTXW1N,ladjgdlg
B094XQDR9K,ladjgdlg
B08K99YWVW,ladjgdlg
B08H7MC8GK,ladjgdlg
B08FSLK214,ladjgdlg
B08FGFGFWL,ladjgdlg
B07S3WQY68,ladjgdlg
B07P6F5CK7,ladjgdlg
B07H3BV7VY,ladjgdlg
B07B4J94QD,ladjgdlg
B01LRX0MS8,ladjgdlg
B009QMEX0G,ladjgdlg
B000Q5NOQQ,ladjgdlg
B0CP4N8V34,ladjgdlg
B0DQ5K7BT9,ladjgdlg
B07CGJCNDJ,ladjgdlg
B07Q1YHWL3,ladjgdlg
B0DSLMRPY3,ladjgdlg
B0D6QNT757,ladjgdlg
B07NYZGCC5,ladjgdlg
B0D5HJB4SG,ladjgdlg
B0BRVJFMDH,ladjgdlg
B0BWF3JNH9,ladjgdlg
B0D31281P4,ladjgdlg
B0BL946S15,ladjgdlg
B095VMQ5LR,ladjgdlg
B0DQKGBR5S,ladjgdlg
B0D73BQ2MX,ladjgdlg
B0DQVG86TF,ladjgdlg
B0CJXRCB3P,ladjgdlg
B0CHJJY2QJ,ladjgdlg
B0CPPK7XLD,ladjgdlg
B09FQ51M6Y,ladjgdlg
B07V3N1DRL,ladjgdlg
B0DLGN57WC,ladjgdlg
B06XR5T5KC,ladjgdlg
B079KQPJ9Y,ladjgdlg
B0BW1XKNTP,ladjgdlg
B0D6TG4N19,ladjgdlg
B0BLTTXGXW,ladjgdlg
B06XQ4ZYBF,ladjgdlg
B076QGV1XM,ladjgdlg
B0DDX95L85,ladjgdlg
B0DSTN46FD,ladjgdlg
B09X27JCWX,ladjgdlg
B0D8BSNQ8D,ladjgdlg
B01KKW7G7C,ladjgdlg
B0B3QYQ9YL,ladjgdlg
B0D6CV9J1J,ladjgdlg
B01MUDIN1O,ladjgdlg
B09PC4QXD4,ladjgdlg
B0CY825614,ladjgdlg
B08185CWQ1,ladjgdlg
B0CHPH7BPD,ladjgdlg
B0D7VSP9R1,ladjgdlg
B0CGM1VY4L,ladjgdlg
B0C4PFTXX7,ladjgdlg
B0CGHRSN1F,ladjgdlg
B0CB3WKG5S,ladjgdlg
B0CGHLKN12,ladjgdlg
B08FKRKLGZ,ladjgdlg
B0CFJHJXJF,ladjgdlg
B00R4WTIC8,ladjgdlg
B0CCJGV1L9,ladjgdlg
B0CY1SQX86,ladjgdlg
B0C7CRDP5T,ladjgdlg
B07QR4GKL3,ladjgdlg
B0C2KP4ZHT,ladjgdlg
B08LSZRYBP,ladjgdlg
B0B5CYTT1G,ladjgdlg
B0CY5GG5RB,ladjgdlg
B09WVD5WS9,ladjgdlg
B0CP483GXT,ladjgdlg
B09VBPDC47,ladjgdlg
B0CZ6P85VK,ladjgdlg
B09KXZVL7P,ladjgdlg
B08XTP3N51,ladjgdlg
B06XCJL2MR,ladjgdlg
B0D453DNRX,ladjgdlg
B0D79F4SFL,ladjgdlg
B0BZ3J8XQJ,ladjgdlg
B00GAAJJUG,ladjgdlg
B0D9NLXYLP,ladjgdlg
B0BZKS3MLB,ladjgdlg
B0BY676MWZ,ladjgdlg
B0CNS2KFBK,ladjgdlg
B07X7YQSXG,ladjgdlg
B0CYH3L2LQ,ladjgdlg
B0CHMYK179,ladjgdlg
B0CR4DYD8F,ladjgdlg
B0C4YDS8X3,ladjgdlg
B0C58XBNWQ,ladjgdlg
B003DR0Z0W,ladjgdlg
B0B1CSXLQQ,ladjgdlg
B071P8CFRS,ladjgdlg
B07FZT9PTY,ladjgdlg
B0BFFKXMDP,ladjgdlg
B089NJ5DDF,ladjgdlg
B00KMQBR40,ladjgdlg
B0DQDHCLWM,ladjgdlg
B0D6429VT1,ladjgdlg
B0C5MPPHCS,ladjgdlg
B08MLGF789,ladjgdlg
B07Y8VQ1PW,ladjgdlg
B0CJNFQ9Q6,ladjgdlg
B0C5VYNM52,ladjgdlg
B0CH136CD1,ladjgdlg
B0B3T2KVX8,ladjgdlg
B08P1PTR14,ladjgdlg
B0CJ925S8Z,ladjgdlg
B0C6K43116,ladjgdlg
B096KHQF5H,ladjgdlg
B00OMCTODQ,ladjgdlg
B0DR913K4D,ladjgdlg
B0BL88G9VW,ladjgdlg
B0B1KFD8LS,ladjgdlg
B0D3TX8YLL,ladjgdlg
B0CJXG876S,ladjgdlg
B0BYK9GGXZ,ladjgdlg
B07Q3HDR6V,ladjgdlg
B0D1194GT1,ladjgdlg
B0BWJNTQT9,ladjgdlg
B0B4K114PD,ladjgdlg
B07SHFSLJ4,ladjgdlg
B0791BD9M9,ladjgdlg
B01FA1HT6Q,ladjgdlg
B0CPRH1WWG,ladjgdlg
B0BJLC5PL1,ladjgdlg
B09Z1Y1518,ladjgdlg
B09Y5L1GPY,ladjgdlg
B075SXZ16L,ladjgdlg
B073ZF644T,ladjgdlg
B00Z77CE7S,ladjgdlg
B0034E2CNC,ladjgdlg
B0DGQN57FC,ladjgdlg
B0D83R2KYY,ladjgdlg
B0CYVBD3Q9,ladjgdlg
B0CYBYWSTP,ladjgdlg
B0C1YYMRBD,ladjgdlg
B0B62L4CH4,ladjgdlg
B09V9QRSYN,ladjgdlg
B0CYPN9QFM,ladjgdlg
B0BTBJ4YX2,ladjgdlg
B09TVM5LNL,ladjgdlg
B09QQRM4BC,ladjgdlg
B085DM2QPD,ladjgdlg
B071XN3R32,ladjgdlg
B0DZD2N2F1,ladjgdlg
B0D9SXSY5P,ladjgdlg
B0D3VDF3KS,ladjgdlg
B014J2G8U0,ladjgdlg
B0DCZJ4KS8,ladjgdlg
B0BQWY1ZVW,ladjgdlg
B09BJ5YPYY,ladjgdlg
B0CX1FZ9Z2,ladjgdlg
B0CSYF245K,ladjgdlg
B0CR14YPBS,ladjgdlg
B09SXT77HL,ladjgdlg
B09N8RT7KC,ladjgdlg
B096G58Y7G,ladjgdlg
B091TWZH4T,ladjgdlg
B07F59KDZ3,ladjgdlg
B07CRKBHPX,ladjgdlg
B074QNMQYM,ladjgdlg
B00W8I93R8,ladjgdlg
B0026ST9QK,ladjgdlg
B0DXKZY72Y,ladjgdlg
B0DWX8LWRR,ladjgdlg
B0DWSKK15L,ladjgdlg
B0DTJ18MV4,ladjgdlg
B0DT766YQ4,ladjgdlg
B0DRV8QXM8,ladjgdlg
B0DR7R2HWC,ladjgdlg
B0DQ45J1PQ,ladjgdlg
B0DNQPBNFG,ladjgdlg
B0DLMBL8CY,ladjgdlg
B0DHZHXJQQ,ladjgdlg
B0DHZ59Z3H,ladjgdlg
B0DHV13W6H,ladjgdlg
B0DHR3TK3J,ladjgdlg
B0DHLST9Y2,ladjgdlg
B0DHKMXXWR,ladjgdlg
B0DGFX2X2W,ladjgdlg
B0DFTTW9RY,ladjgdlg
B0DFPR52LB,ladjgdlg
B0DCVK6L3M,ladjgdlg
B0DB6NJBGX,ladjgdlg
B0D9J8YF9T,ladjgdlg
B0D97BZNL6,ladjgdlg
B0D83LZCHV,ladjgdlg
B0D7VT1JM6,ladjgdlg
B0D6VGZC1H,ladjgdlg
B0D459GQNS,ladjgdlg
B0D3TG455W,ladjgdlg
B0D3SY7RKC,ladjgdlg
B0D1M5S875,ladjgdlg
B0D17L3CXB,ladjgdlg
B0CZ8J6LFN,ladjgdlg
B0CZ6Y2X1K,ladjgdlg
B0CXSL666P,ladjgdlg
B0CQX58GMV,ladjgdlg
B0CP3SJDXL,ladjgdlg
B0CNPN1T5D,ladjgdlg
B0CM9K44SB,ladjgdlg
B0CM9G9DCJ,ladjgdlg
B07JB3XGMY,ladjgdlg
B0711FKQ2Z,ladjgdlg
B01MTPIZ50,ladjgdlg
B01DZ0SKYE,ladjgdlg
B01AN0VLHM,ladjgdlg
B0CKD9DXXX,ladjgdlg
B0CJYHGPC2,ladjgdlg
B0CJP6HSS3,ladjgdlg
B0CHRVB8CP,ladjgdlg
B0CHRTC2XR,ladjgdlg
B0CHQNPX4H,ladjgdlg
B0CFDNQMHM,ladjgdlg
B0CF2GQTXG,ladjgdlg
B0CDG6YMCN,ladjgdlg
B0C8HJCMB4,ladjgdlg
B0C5JV8B9T,ladjgdlg
B0C3Z42PX6,ladjgdlg
B0C3D5DSVP,ladjgdlg
B0C2Q4KLTN,ladjgdlg
B0BRCXM73P,ladjgdlg
B0BN1983GW,ladjgdlg
B0DLB8TKSP,ladjgdlg
B0D9Y15T3D,ladjgdlg
B0D46VJSDH,ladjgdlg
B0BP7JQCPK,ladjgdlg
B0DHTTL2ZV,ladjgdlg
B07H811P23,ladjgdlg
B0DN6SBH5N,ladjgdlg
B079YMTJ4D,ladjgdlg
B0CV39Q5LG,ladjgdlg
B0D5M85C39,ladjgdlg
B0CP96R8P6,ladjgdlg
B09ND9H7M4,ladjgdlg
B0D88LN7JH,ladjgdlg
B0DP2PTT49,ladjgdlg
B0BDCNVYLN,ladjgdlg
B009IUIV4A,ladjgdlg
B0BFCJS8CG,ladjgdlg
B0BB7WVPRW,ladjgdlg
B0B982TVWR,ladjgdlg
B0B56M7PPC,ladjgdlg
B09ZY278CG,ladjgdlg
B09NMLSC37,ladjgdlg
B092TZ188S,ladjgdlg
B08LQ3D14K,ladjgdlg
B08K2VTS51,ladjgdlg
B08G5CTQ1P,ladjgdlg
B082P7ZBLC,ladjgdlg
B07ZP9HT83,ladjgdlg
B07XCMWT3J,ladjgdlg
B07M94JBBF,ladjgdlg
B07KK94DTX,ladjgdlg
B07KFRJN2M,ladjgdlg
B0BYHVJKQY,ladjgdlg
B0D65VPF8C,ladjgdlg
B0CRTG97BN,ladjgdlg
B0D9VCGXZ6,ladjgdlg
B09FJW1YYN,ladjgdlg
B0D12PCMFW,ladjgdlg
B0DRXVTML7,ladjgdlg
B082BFCMGM,ladjgdlg
B0CP67R5TN,ladjgdlg
B0DKF2NGYL,ladjgdlg
B0DQTBM763,ladjgdlg
B0DYJFQ4BV,ladjgdlg
B0DJM7488P,ladjgdlg
B0CZPH8DRT,ladjgdlg
B09MYLZYKN,ladjgdlg
B01J6KKBGM,ladjgdlg
B0B9H8Y145,ladjgdlg
B0CR8WYNT9,ladjgdlg
B0DMNZQDLR,ladjgdlg
B0D1TMDWTS,ladjgdlg
B0DDH9S4WG,ladjgdlg
B00PHLM3EI,ladjgdlg
B0CHPQYSQR,ladjgdlg
B0BWND5112,ladjgdlg
B0CSFNZJ9Y,ladjgdlg
B0CDX4XW61,ladjgdlg
B0DNML2LJC,ladjgdlg
B0C7KN54PS,ladjgdlg
B08NBZS3WL,ladjgdlg
B0DGXP2RQ4,ladjgdlg
B0CGZXH357,ladjgdlg
B08LQXY2QK,ladjgdlg
B07TB37S9M,ladjgdlg
B0D5LKW7P5,ladjgdlg
B0DJ2FT79G,ladjgdlg
B0DC18KGMK,ladjgdlg
B00GU19DIS,ladjgdlg
B0CHTTZZLF,ladjgdlg
B0BF8LTXT7,ladjgdlg
B0C4TJDHFJ,ladjgdlg
B0DHVJS3FM,ladjgdlg
B0DBZN2ZDJ,ladjgdlg
B0BRXPSWY6,ladjgdlg
B0DNYMGJ2F,ladjgdlg
B0D831XKTW,ladjgdlg
B018RRVL0K,ladjgdlg
B0DJZ9N6T4,ladjgdlg
B0CYTKVSHB,ladjgdlg
B07K7615SM,ladjgdlg
B000HQMS2U,ladjgdlg
B00E3OAHH0,ladjgdlg
B0DLL6XTSK,ladjgdlg
B0CS3DRSL1,ladjgdlg
B0DDXKRTC5,ladjgdlg
B0D9Y13C4J,ladjgdlg
B01EXCKPG4,ladjgdlg
B0D2RFDN4C,ladjgdlg
B0BDG793FZ,ladjgdlg
B0CP7JZ9Y7,ladjgdlg
B0C89ZJB36,ladjgdlg
B0C1SM9RH9,ladjgdlg
B0C7QG9X9Y,ladjgdlg
B09FZXW3YP,ladjgdlg
B07WZG9371,ladjgdlg
B0DF738CB8,ladjgdlg
B0DLKTXC6T,ladjgdlg
B0D4M6D3BJ,ladjgdlg
B0D5QQNFT7,ladjgdlg
B07CLCBW7D,ladjgdlg
B0DFM5SL3W,ladjgdlg
B0CNSK2CTR,ladjgdlg
B0BP9SC5L8,ladjgdlg
B0DM5CNZX3,ladjgdlg
B00NGUJZ7A,ladjgdlg
B09Y2JF3BD,ladjgdlg
B0D5BDSLVJ,ladjgdlg
B0BZ7RDTL2,ladjgdlg
B0DS22F8Q5,ladjgdlg
B0C7NP4JPR,ladjgdlg
B0BMTTGGZ1,ladjgdlg
B015NGKI6G,ladjgdlg
B0D1BPJ2G6,ladjgdlg
B0C6B49QGQ,ladjgdlg
B0BB96BH1R,ladjgdlg
B09RD3KPNK,ladjgdlg
B0CXXC26CK,ladjgdlg
B0CTJF2WF4,ladjgdlg
B0CQJR8HNB,ladjgdlg
B0CM3JJMM9,ladjgdlg
B0CHDFYBP4,ladjgdlg
B0CBK76JWL,ladjgdlg
B0CB8PZV1F,ladjgdlg
B0C1WNXTSH,ladjgdlg
B0978L2D34,ladjgdlg
B07XXMR1MQ,ladjgdlg
B07T81XZ53,ladjgdlg
B092D3QPDN,ladjgdlg
B08Y2KYY8Z,ladjgdlg
B081GDGFYB,ladjgdlg
B07VN4ZP1W,ladjgdlg
B07QG7F4WQ,ladjgdlg
B07NDJZ6XL,ladjgdlg
B07G4JX8Z8,ladjgdlg
B072MW9RKD,ladjgdlg
B01N6D5VZC,ladjgdlg
B01N6D08C8,ladjgdlg
B01N28JLF6,ladjgdlg
B01GNBJ26W,ladjgdlg
B01GJPNTLG,ladjgdlg
B00KFU8K8Y,ladjgdlg
B00A6ZE0EQ,ladjgdlg
B0DJ26KDD2,ladjgdlg
B0DHJBRKQY,ladjgdlg
B0DFWGYWBJ,ladjgdlg
B0DDBFZNFX,ladjgdlg
B0DD7XNL5Q,ladjgdlg
B0DCDYQZTK,ladjgdlg
B0DBTR85J2,ladjgdlg
B0D9VDPZ5F,ladjgdlg
B0D95XYZLF,ladjgdlg
B0D6YXGSP5,ladjgdlg
B0D6YLQLTT,ladjgdlg
B0D6YDQ8LD,ladjgdlg
B0D6KM5RDN,ladjgdlg
B0D5HNGF7N,ladjgdlg
B0D47PHK5T,ladjgdlg
B0D3Y3MQRS,ladjgdlg
B07QDKFKHG,ladjgdlg
B079V644GQ,ladjgdlg
B074ZNQ6JW,ladjgdlg
B073GDB2KS,ladjgdlg
B00J49MFHY,ladjgdlg
B0DSKMH674,ladjgdlg
B0DR8639K5,ladjgdlg
B0DPYPTCB2,ladjgdlg
B0DPM611S1,ladjgdlg
B0DMW5HZLZ,ladjgdlg
B0DMTVVV7W,ladjgdlg
B0DKJG3CBT,ladjgdlg
B0DK53VGPQ,ladjgdlg
B0DJR41Z6R,ladjgdlg
B0DJKL4XQD,ladjgdlg
B0DJ8X91J6,ladjgdlg
B0C9G24FG7,ladjgdlg
B0C8H887XS,ladjgdlg
B0C6CSGMBH,ladjgdlg
B0C1V93J6H,ladjgdlg
B0BZR6Z7KZ,ladjgdlg
B0BVMDWWV6,ladjgdlg
B0BTNTRYJY,ladjgdlg
B0BRMBTLZ8,ladjgdlg
B0BRK36HNG,ladjgdlg
B0BLSHQJ2B,ladjgdlg
B0BLR2B936,ladjgdlg
B0BBQKW6J8,ladjgdlg
B0B18M7JVW,ladjgdlg
B09YZ4J927,ladjgdlg
B099J9T8QW,ladjgdlg
B096TTWBRD,ladjgdlg
B0D3VBN4FV,ladjgdlg
B0D2XPSW71,ladjgdlg
B0CZP334DQ,ladjgdlg
B0CYT2TBB6,ladjgdlg
B0CY27P18M,ladjgdlg
B0CTFRVMVR,ladjgdlg
B0CQ2DB9M8,ladjgdlg
B0CN6H21YT,ladjgdlg
B0CMV8N99W,ladjgdlg
B0CMCBLP4F,ladjgdlg
B0CLTQT68C,ladjgdlg
B0CJHKCT2X,ladjgdlg
B0CJC5TD3D,ladjgdlg
B0CBQX17F6,ladjgdlg
B0C9Q3B4VG,ladjgdlg
B0C9HZ5FCG,ladjgdlg
B0BP7NQXKN,ladjgdlg
B0BRPTFGRL,ladjgdlg
B00PL5J18Q,ladjgdlg
B09XBB59CZ,ladjgdlg
B0CLLVQXL4,ladjgdlg
B083F2QBZJ,ladjgdlg
B0BGRTM17W,ladjgdlg
B0DT1L1ML7,ladjgdlg
B0BRFY6C2J,ladjgdlg
B0C18YND12,ladjgdlg
B0BFQXVF1X,ladjgdlg
B0D3L6WLW6,ladjgdlg
B0C44M7KZB,ladjgdlg
B083W6NXSM,ladjgdlg
B099457LFF,ladjgdlg
B0CZF4R8J5,ladjgdlg
B00UGQ9QQC,ladjgdlg
B0CS8WW46L,ladjgdlg
B01EM1U4J4,ladjgdlg
B085R74M3G,ladjgdlg
B01CGQMWWO,ladjgdlg
B0C9W8311L,ladjgdlg
B0CGJ5H238,ladjgdlg
B00B1G3VW6,ladjgdlg
B0CTZRXG9J,ladjgdlg
B09NTFLWN2,ladjgdlg
B0D9H56L4D,ladjgdlg
B08DCN63CW,ladjgdlg
B0DJ5629WP,ladjgdlg
B003M3A80E,ladjgdlg
B092ZJ5GTZ,ladjgdlg
B0D9Y35YZJ,ladjgdlg
B0CHRY2L39,ladjgdlg
B0DGSWBPD3,ladjgdlg
B0CP39C2F4,ladjgdlg
B0CQ5GPY2J,ladjgdlg
B005A4J5M0,ladjgdlg
B00176X5BM,ladjgdlg
B0CSG91RJD,ladjgdlg
B0DK981XHC,ladjgdlg
B0CNT9DWV6,ladjgdlg
B004IKPUL2,ladjgdlg
B0BSGPX6DN,ladjgdlg
B01FXDHOKC,ladjgdlg
B07CJT4BRH,ladjgdlg
B08FWX48G9,ladjgdlg
B0978PGNS8,ladjgdlg
B0CXWBDYHK,ladjgdlg
B071RXQ73Q,ladjgdlg
B0DJJT921M,ladjgdlg
B0CGHGNQH9,ladjgdlg
B0CYXZ8VQ1,ladjgdlg
B0DBLPDB1M,ladjgdlg
B09M2DHZ5T,ladjgdlg
B0BXBCHYTH,ladjgdlg
B01G7AZGQO,ladjgdlg
B0DJVZC2WT,ladjgdlg
B0BY583S25,ladjgdlg
B0D2NQFF8M,ladjgdlg
B0CWNZPLYF,ladjgdlg
B0DDXWTNML,ladjgdlg
B0C2PQTCTS,ladjgdlg
B0CTY5119Q,ladjgdlg
B0BKK9YZN5,ladjgdlg
B0C2HP1Z29,ladjgdlg
B09LSK9VSL,ladjgdlg
B0D2QGXBN2,ladjgdlg
B0CNSX6CMY,ladjgdlg
B09B9SR44Y,ladjgdlg
B0DLV1NVPK,ladjgdlg
B0D6GFRBGK,ladjgdlg
B0CJ93HGJ5,ladjgdlg
B01N215PNJ,ladjgdlg
B00005OR9J,ladjgdlg
B0CVJ4FYTZ,ladjgdlg
B0D9LV1LDY,ladjgdlg
B0BDR3T7DK,ladjgdlg
B0D95GSL89,ladjgdlg
B00VSEWEZ6,ladjgdlg
B079236F1N,ladjgdlg
B013O3FGYE,ladjgdlg
B0DBFJQ7TT,ladjgdlg
B0DLNPTM3V,ladjgdlg
B00PUWG8F4,ladjgdlg
B0CSDCDBPN,ladjgdlg
B00P2N3RBY,ladjgdlg
B0DP71G21M,ladjgdlg
B0DPH3XXR1,ladjgdlg
B00JDCORSC,ladjgdlg
B0DXKHJTTQ,ladjgdlg
B0BSP48YH7,ladjgdlg
B0CYLB3VFR,ladjgdlg
B078GXDGDN,ladjgdlg
B0C974VC2J,ladjgdlg
B00TYO30UK,ladjgdlg
B07HXWQ3MZ,ladjgdlg
B0DPJYQ2NY,ladjgdlg
B001HNXW5Y,ladjgdlg
B0CWGM25WX,ladjgdlg
B07TYKGMTC,ladjgdlg
B0DKFB69BT,ladjgdlg
B0CLLJ5XTJ,ladjgdlg
B0C1NFPX3R,ladjgdlg
B01JGDV8UM,ladjgdlg
B07KN9TM7K,ladjgdlg
B0D7MLHR5P,ladjgdlg
B0C378N3C7,ladjgdlg
B007H9OPT4,ladjgdlg
B0CW625WQD,ladjgdlg
B0C7BDKF92,ladjgdlg
B09CLQL26Q,ladjgdlg
B086X64DQT,ladjgdlg
B0D498MYMT,ladjgdlg
B07DCYT2F7,ladjgdlg
B00BGD6LMG,ladjgdlg
B0D2P99PQQ,ladjgdlg
B0C7LRPPGC,ladjgdlg
B08P4L2T9D,ladjgdlg
B0CT87M44V,ladjgdlg
B0CLZQH5DD,ladjgdlg
B000BSM28E,ladjgdlg
B0DQVQCDVK,ladjgdlg
B08G84VLJY,ladjgdlg
B00164AXPQ,ladjgdlg
B09RX1ZHQR,ladjgdlg
B0DPQHQ8FD,ladjgdlg
B00GXPF4G6,ladjgdlg
B0CSPVNGHS,ladjgdlg
B00CO7O21A,ladjgdlg
B0DD7FZD97,ladjgdlg
B08VDZ7G32,ladjgdlg
B09TW8F11G,ladjgdlg
B07DDHT27D,ladjgdlg
B077GGBSWV,ladjgdlg
B08WWT3GQM,ladjgdlg
B0DK9C9BMW,ladjgdlg
B0BXSCJ9HY,ladjgdlg
B0B5R1FFRG,ladjgdlg
B0BFHGD8L6,ladjgdlg
B0B6RHT3VQ,ladjgdlg
B0CKTXHXYZ,ladjgdlg
B08K3L2F67,ladjgdlg
B0B2QVHM88,ladjgdlg
B09TRVQYM8,ladjgdlg
B0DPM9R9W2,ladjgdlg
B0CYLVK8BZ,ladjgdlg
B08HVHQ4PF,ladjgdlg
B0CG9R6DNX,ladjgdlg
B0DK49ZR8G,ladjgdlg
B08DZ9FDBW,ladjgdlg
B01MSLGAJF,ladjgdlg
B0CQZS4MXP,ladjgdlg
B09YRWY8NC,ladjgdlg
B0CDMCLGMB,ladjgdlg
B09YRKFG9L,ladjgdlg
B096LCPK8K,ladjgdlg
B071VK5YZY,ladjgdlg
B0DXF5D7SM,ladjgdlg
B0C2PSCW86,ladjgdlg
B0DPZNQ1W6,ladjgdlg
B00JDHVTQA,ladjgdlg
B0CF2BBTJ3,ladjgdlg
B092LT4B6Q,ladjgdlg
B00OIHJIKE,ladjgdlg
B0DVC1LK9S,ladjgdlg
B09VGDHV89,ladjgdlg
B00E0MGSX2,ladjgdlg
B08G891C7W,ladjgdlg
B078HTW273,ladjgdlg
B0DHSPBZCD,ladjgdlg
B0B8ZB197Y,ladjgdlg
B07GTB7ZHT,ladjgdlg
B09NPVWDJN,ladjgdlg
B0DSBK9MR2,ladjgdlg
B0BN46JM28,ladjgdlg
B0CYVS2KH1,ladjgdlg
B0CC9CQHZ3,ladjgdlg
B0BL79ZS7C,ladjgdlg
B0CP7GSB6B,ladjgdlg
B0CBMG1CHF,ladjgdlg
B0CVZVLK94,ladjgdlg
B0CP1MWDC2,ladjgdlg
B0CH2L34P3,ladjgdlg
B0BJFD6KQQ,ladjgdlg
B0B5X5X51T,ladjgdlg
B0DCF1QV49,ladjgdlg
B07H923QNM,ladjgdlg
B0DK1S61XM,ladjgdlg
B0B1W4MJV5,ladjgdlg
B0C64P5HDQ,ladjgdlg
B0DHZJZ2DT,ladjgdlg
B09WRQPL6Y,ladjgdlg
B06XQKQLK7,ladjgdlg
B09MR7D3FM,ladjgdlg
B0D8FPBL2Q,ladjgdlg
B0BS62XL69,ladjgdlg
B004F1Y6B4,ladjgdlg
B0DK17T3QQ,ladjgdlg
B0BVW3WSCS,ladjgdlg
B07X2LPTL7,ladjgdlg
B0BV21QFKJ,ladjgdlg
B01M9JTKOT,ladjgdlg
B0B3981636,ladjgdlg
B00858F414,ladjgdlg
B0CS2VPPNF,ladjgdlg
B093X4J2C9,ladjgdlg
B09N6SRTFG,ladjgdlg
B00INXWO5A,ladjgdlg
B0DF22G3VL,ladjgdlg
B0716XMNCG,ladjgdlg
B07Z7WLWD5,ladjgdlg
B0D77J3ZMS,ladjgdlg
B0C7Z8JFYS,ladjgdlg
B0CKDZ8WCQ,ladjgdlg
B0CLV1P67W,ladjgdlg
B0D737X252,ladjgdlg
B0CT5W2S36,ladjgdlg
B0CNR2D9G3,ladjgdlg
B08NLJXDCK,ladjgdlg
B0DSR7JGXD,ladjgdlg
B0DC3PK76K,ladjgdlg
B0DS1SW5HB,ladjgdlg
B0BJTZJBD8,ladjgdlg
B00YJP92NI,ladjgdlg
B0CFMB3LTJ,ladjgdlg
B0C58MGPS2,ladjgdlg
B0B1J6HZW2,ladjgdlg
B0CKPDSPVX,ladjgdlg
B0DDL2BPY4,ladjgdlg
B08T4T8VSR,ladjgdlg
B0C83FXJH8,ladjgdlg
B0D95VR7Z4,ladjgdlg
B0BVW642FJ,ladjgdlg
B0CZ3L7ZLR,ladjgdlg
B0B1VZHLFV,ladjgdlg
B096SZSV5X,ladjgdlg
B09VXQWG99,ladjgdlg
B0D6RN1H4G,ladjgdlg
B093VMMMLF,ladjgdlg
B0CKVFFDBN,ladjgdlg
B0CBBGZ2TN,ladjgdlg
B0CC4PJZ55,ladjgdlg
B07S42P888,ladjgdlg
B0DJLWXBMG,ladjgdlg
B0CWRX16C2,ladjgdlg
B0CGRL5B29,ladjgdlg
B0DDQ9XZQW,ladjgdlg
B0BS9HJF57,ladjgdlg
B005CIZLOK,ladjgdlg
B0CCRH8Q7V,ladjgdlg
B07RP1DG2B,ladjgdlg
B0D49NB4L9,ladjgdlg
B0BZY3SSSH,ladjgdlg
B0CWYR3JBG,ladjgdlg
B0DGC7NRXQ,ladjgdlg
B0CCRX6531,ladjgdlg
B0D9YHVHP5,ladjgdlg
B0DFQ44L6C,ladjgdlg
B0C37K6QK8,ladjgdlg
B0CJBFKCPS,ladjgdlg
B0D7Q9P9RW,ladjgdlg
B0D3HSNP6K,ladjgdlg
B0DF2KJLTG,ladjgdlg
B0D3PN6N68,ladjgdlg
B0DD7YZS6V,ladjgdlg
B0DDKVMJKM,ladjgdlg
B0D3D57XGK,ladjgdlg
B087JXB5BY,ladjgdlg
B076H8Q2YW,ladjgdlg
B0CSFV7RW6,ladjgdlg
B0DGSP8X2K,ladjgdlg
B0CQ3RTYXC,ladjgdlg
B0CGTZPSWP,ladjgdlg
B0BDFB5HQT,ladjgdlg
B092PDRTPJ,ladjgdlg
B01BP68GBC,ladjgdlg
B0DFCQR75C,ladjgdlg
B0DRFNPRSG,ladjgdlg
B0DF73TX31,ladjgdlg
B0D9QK8RYZ,ladjgdlg
B0DPHJR79V,ladjgdlg
B074928XP4,ladjgdlg
B0CMLTJW8M,ladjgdlg
B0DLWCDT4S,ladjgdlg
B0BKSV41GH,ladjgdlg
B0D9Y66Y5K,ladjgdlg
B0DFLHKZNV,ladjgdlg
B0C54W593X,ladjgdlg
B004N5BJR6,ladjgdlg
B0D96MYHKJ,ladjgdlg
B0BYLPBV92,ladjgdlg
B0B5R7VY22,ladjgdlg
B00DUQOA2K,ladjgdlg
B0BW877PBF,ladjgdlg
B0DQL6VKF1,ladjgdlg
B0DNQGN6NT,ladjgdlg
B0CQ52N9V9,ladjgdlg
B0DG2W1MRB,ladjgdlg
B07FYZG4B5,ladjgdlg
B0D6Y8ZS2S,ladjgdlg
B0C9XGLPY3,ladjgdlg
B0C2KJGSNV,ladjgdlg
B0DKSQ6C67,ladjgdlg
B0CZRSBXHG,ladjgdlg
B0D6W459QV,ladjgdlg
B0CQFT4FDD,ladjgdlg
B0D62PHS6W,ladjgdlg
B0DJK3JHM7,ladjgdlg
B0CLNCZFBM,ladjgdlg
B0D9VYVH9Z,ladjgdlg
B0B9LJZTP2,ladjgdlg
B0DPHNY1WT,ladjgdlg
B0B8ZZC54T,ladjgdlg
B075ZQ1589,ladjgdlg
B0CTP8JZQ9,ladjgdlg
B09MRZHRXW,ladjgdlg
B0DJJJRLYQ,ladjgdlg
B0CVVNHKPQ,ladjgdlg
B08KTTJ9ZM,ladjgdlg
B07YZDJQWK,ladjgdlg
B0D6GKRL97,ladjgdlg
B0C49RSKC5,ladjgdlg
B0D81LSM22,ladjgdlg
B0BGK2BSWN,ladjgdlg
B0B3955VTM,ladjgdlg
B0CV3GC785,ladjgdlg
B0CTQ9YJKR,ladjgdlg
B0C5Y391LW,ladjgdlg
B0D1Q7YDDH,ladjgdlg
B0C8SLW7G8,ladjgdlg
B0DCHVRBBY,ladjgdlg
B094XNHL8H,ladjgdlg
B0B6WW6HZ4,ladjgdlg
B0D4M988LP,ladjgdlg
B09QKVDTMC,ladjgdlg
B09WLKDWL3,ladjgdlg
B09T2W7L9N,ladjgdlg
B09CZ5DJZB,ladjgdlg
B0C2PBH79R,ladjgdlg
B08GQF4DTC,ladjgdlg
B07THHXY29,ladjgdlg
B073PQFQV3,ladjgdlg
B095K44ZCL,ladjgdlg
B0D5CPFT6F,ladjgdlg
B0CFBK1FRP,ladjgdlg
B0772XDWBQ,ladjgdlg
B0BR389CN7,ladjgdlg
B095KN8Z2J,ladjgdlg
B0DMJ9HF1X,ladjgdlg
B074TXQCBD,ladjgdlg
B0D41KY4X3,ladjgdlg
B0CQX3H3DL,ladjgdlg
B0CF9JMLV5,ladjgdlg
B0BT2T83ZX,ladjgdlg
B093299XPR,ladjgdlg
B07D9FJ4LK,ladjgdlg
B0BFG6271B,ladjgdlg
B0D6YDKDZN,ladjgdlg
B0D542MW8C,ladjgdlg
B0D2VKDX6B,ladjgdlg
B0CWCSCVLX,ladjgdlg
B0CFQF22MQ,ladjgdlg
B0C9XWD68C,ladjgdlg
B0C6TKRZFN,ladjgdlg
B0BL7G3BG8,ladjgdlg
B0983S7HX2,ladjgdlg
B0DK54JH6V,ladjgdlg
B0DJQFD38X,ladjgdlg
B0DDXVTMLD,ladjgdlg
B0DD4M5DNN,ladjgdlg
B0DB8Q4R3V,ladjgdlg
B0D98PBTMG,ladjgdlg
B0D8VX8KKN,ladjgdlg
B0D8KVG6N8,ladjgdlg
B0D7BYH6P5,ladjgdlg
B0D6YRBJ69,ladjgdlg
B0D4LRBPW3,ladjgdlg
B0D3LSTX2C,ladjgdlg
B0D2WFDLJK,ladjgdlg
B0CZ78QZHP,ladjgdlg
B0CXY8WNSF,ladjgdlg
B0CWBTCHTV,ladjgdlg
B0C1YMYNB7,ladjgdlg
B0BXLBVNBR,ladjgdlg
B0BVLX8ZTN,ladjgdlg
B0BPPTYPPJ,ladjgdlg
B0BLK2WP3Y,ladjgdlg
B0BFF1SH9C,ladjgdlg
B0BCFKRXJ1,ladjgdlg
B0B9GSQ8JF,ladjgdlg
B0B6J62YP1,ladjgdlg
B09Q8RL9KX,ladjgdlg
B09CPBRGNN,ladjgdlg
B098DJLRDT,ladjgdlg
B092VLBZSY,ladjgdlg
B08LLH57HG,ladjgdlg
B082F1LKZH,ladjgdlg
B07R75PRK9,ladjgdlg
B00823T0TO,ladjgdlg
B0052WT6BU,ladjgdlg
B00LNAJTEE,ladjgdlg
B0CQLLCNTF,ladjgdlg
B0CNK7VJRM,ladjgdlg
B0CB5T34HV,ladjgdlg
B0BY7S5XP9,ladjgdlg
B0BXX59CFC,ladjgdlg
B0B36PFFM6,ladjgdlg
B09F717RW8,ladjgdlg
B07ZG2G68R,ladjgdlg
B0DTH3YBVB,ladjgdlg
B0DSSZM8NG,ladjgdlg
B0DQ735FV2,ladjgdlg
B0DP2K5Z33,ladjgdlg
B0DNHTRJPX,ladjgdlg
B0DMS1S75M,ladjgdlg
B0DLL72BJW,ladjgdlg
B0CW9QYK7D,ladjgdlg
B0CSFPC6W6,ladjgdlg
B0CRH1KQZJ,ladjgdlg
B0CRGWFXQS,ladjgdlg
B0CQCBQZPY,ladjgdlg
B0CN97D8XS,ladjgdlg
B0CMLKWGGP,ladjgdlg
B0CMG7NZK3,ladjgdlg
B0CM65C1LL,ladjgdlg
B0CLH8Z8Y3,ladjgdlg
B0CHYRYHR4,ladjgdlg
B0CG69PP6L,ladjgdlg
B0CFQWQX1Z,ladjgdlg
B0CFF4LJ1K,ladjgdlg
B0CF9J64MR,ladjgdlg
B0C2JYK2PZ,ladjgdlg
B08DSV9R86,ladjgdlg
B0B799TF35,ladjgdlg
B0DQ1YH1G1,ladjgdlg
B09P9MQ6KS,ladjgdlg
B07DVX2MGR,ladjgdlg
B0CPS4HKZL,ladjgdlg
B0CH3JN3P3,ladjgdlg
B0DHGKHW48,ladjgdlg
B0DJ8GXNRH,ladjgdlg
B072VFMPKH,ladjgdlg
B09781VYVW,ladjgdlg
B0742JVGND,ladjgdlg
B07HRK4LLW,ladjgdlg
B0CB5PPNMW,ladjgdlg
B0CQC8FCT2,ladjgdlg
B0BSDB6F86,ladjgdlg
B0BMTQQ3K9,ladjgdlg
B0DPJW5FBS,ladjgdlg
B07D98BNBB,ladjgdlg
B0D4TDTY4J,ladjgdlg
B0CTG7PYLP,ladjgdlg
B088KVTFRY,ladjgdlg
B0BC5CFR2Q,ladjgdlg
B0CM97W9G2,ladjgdlg
B0B2NXWT8F,ladjgdlg
B0D1JCWKX6,ladjgdlg
B0D1CLKZTS,ladjgdlg
B0CPDN3LGH,ladjgdlg
B0BHYCM4YK,ladjgdlg
B0C9QQZ1NT,ladjgdlg
B0BL16VGYV,ladjgdlg
B08WZJP38W,ladjgdlg
B0D5H52TVY,ladjgdlg
B09YL5WLWL,ladjgdlg
B0CJVL943V,ladjgdlg
B0CNXWMKTX,ladjgdlg
B0B64QM2X4,ladjgdlg
B0D8R483KF,ladjgdlg
B09K4HK54Y,ladjgdlg
B0D25ZG9PJ,ladjgdlg
B0B33PZLD7,ladjgdlg
B0CCNZQPQ2,ladjgdlg
B0DLL375B5,ladjgdlg
B0D22YY6TY,ladjgdlg
B0CQPXRG9G,ladjgdlg
B09YRWWR8M,ladjgdlg
B0DBJDDBNZ,ladjgdlg
B0B97K7M15,ladjgdlg
B0CX1B6XWZ,ladjgdlg
B0D2Z37FZ9,ladjgdlg
B06Y1WJQJF,ladjgdlg
B0CG8BCBLL,ladjgdlg
B01GWCAQ08,ladjgdlg
B0CLQ333V3,ladjgdlg
B0DBD3PRYR,ladjgdlg
B0DDC2K6DL,ladjgdlg
B0B5XF1JTV,ladjgdlg
B0BSNSB4D3,ladjgdlg
B0DLFWKMRS,ladjgdlg
B000HVXNWO,ladjgdlg
B0D966H8HM,ladjgdlg
B0DQ41DPWL,ladjgdlg
B09BG37BSG,ladjgdlg
B0C2ZBQ9R9,ladjgdlg
B0CZNZT9FX,ladjgdlg
B0D6SY16VJ,ladjgdlg
B0DHVL2ZW5,ladjgdlg
B0DL5DJ9BW,ladjgdlg
B0BD4B4K7L,ladjgdlg
B07PBZ14RJ,ladjgdlg
B0B5GPKGDM,ladjgdlg
B08C9J1X2R,ladjgdlg
B08HWC9HRN,ladjgdlg
B0C2Y2TW8Q,ladjgdlg
B0BZFXBFMH,ladjgdlg
B0CHQK5TXV,ladjgdlg
B08ZCK6DX8,ladjgdlg
B09MF87GSP,ladjgdlg
B0CXNSY7SB,ladjgdlg
B0DPKHF5RJ,ladjgdlg
B0D1K4659Y,ladjgdlg
B0DWL5XZ1V,ladjgdlg
B09NZMSGW6,ladjgdlg
B0D9JNXG4S,ladjgdlg
B0D77RYDHQ,ladjgdlg
B0CQXDJQMK,ladjgdlg
B09KWBGBJW,ladjgdlg
B07Y66MKP8,ladjgdlg
B0B5S2XV18,ladjgdlg
B0CL3VQ4PQ,ladjgdlg
B0861BD5TG,ladjgdlg
B0CYFTBWPS,ladjgdlg
B0CM3XVYQL,ladjgdlg
B002WQ4I7Q,ladjgdlg
B0B1V2J1XS,ladjgdlg
B09DB1613T,ladjgdlg
B0BB755SJC,ladjgdlg
B0CL6DZ7JF,ladjgdlg
B0D94LP9XB,ladjgdlg
B09WYZFN89,ladjgdlg
B0CDTWC736,ladjgdlg
B0CD1RVSKY,ladjgdlg
B0BRTJTWV8,ladjgdlg
B0C2P7L4NX,ladjgdlg
B09QPVM8ZY,ladjgdlg
B0C3HRM7BT,ladjgdlg
B0009KVDMU,ladjgdlg
B09YLGDL57,ladjgdlg
B086JDGPTS,ladjgdlg
B088KP3ZKQ,ladjgdlg
B09WYV3CHT,ladjgdlg
B09WMVM6JB,ladjgdlg
B09BW5SM4H,ladjgdlg
B08SKG6R62,ladjgdlg
B0C2Y7BN5C,ladjgdlg
B0CHP54HCL,ladjgdlg
B0DN5SQ5YP,ladjgdlg
B0CQWZZSXF,ladjgdlg
B0CH18YX78,ladjgdlg
B0D8VL64BW,ladjgdlg
B0BCKY598K,ladjgdlg
B0DB5C2PLS,ladjgdlg
B0DDXT7G5V,ladjgdlg
B0DGTG3ZS3,ladjgdlg
B0D5H8HWKW,ladjgdlg
B0DPXJF9S4,ladjgdlg
B09KJN9HKX,ladjgdlg
B0D1C7LNPN,ladjgdlg
B0CJBCVXV2,ladjgdlg
B0DSP2TZ8W,ladjgdlg
B0CMQ3QLZW,ladjgdlg
B09HBJS3JP,ladjgdlg
B0D9HYFZL6,ladjgdlg
B0C3H2Y3SZ,ladjgdlg
B06XK2R1P6,ladjgdlg
B0C2Y3FZBW,ladjgdlg
B0D3JGJJR1,ladjgdlg
B07JNYM68Y,ladjgdlg
B0C39Y9297,ladjgdlg
B004ROGVCG,ladjgdlg
B07BFMSD14,ladjgdlg
B0BL95KF33,ladjgdlg
B0D6M8VCC7,ladjgdlg
B0CWL8P6SV,ladjgdlg
B0DCLZLF6Y,ladjgdlg
B0B1D5J29P,ladjgdlg
B0DQ51VK4X,ladjgdlg
B0F1DLT73P,ladjgdlg
B0C3VQ13QD,ladjgdlg
B0D8JG7ZPQ,ladjgdlg
B0DB5ZNP8V,ladjgdlg
B0DGWW461V,ladjgdlg
B0BFLVQV1J,ladjgdlg
B0D7ZTZ4W7,ladjgdlg
B09GVQTSS8,ladjgdlg
B0CMWJ5PTH,ladjgdlg
B086PYD11M,ladjgdlg
B00C3HNSK2,ladjgdlg
B07PX2TZD6,ladjgdlg
B0DK45KB73,ladjgdlg
B0D9VS1Y94,ladjgdlg
B0DDBQFYPP,ladjgdlg
B0D9BKF1FP,ladjgdlg
B0CS8XSVS9,ladjgdlg
B0CYSD7JPQ,ladjgdlg
B09RQG8Y88,ladjgdlg
B0DBM472D9,ladjgdlg
B09N978GN2,ladjgdlg
B0DDBYZX2L,ladjgdlg
B075CWCD2R,ladjgdlg
B0DTDQ5T1P,ladjgdlg
B0CGLYY4ZY,ladjgdlg
B0DGG1JDRQ,ladjgdlg
B08TRVFSPP,ladjgdlg
B0DG91D9KT,ladjgdlg
B0CGX1SKST,ladjgdlg
B0D8Q9H4HN,ladjgdlg
B09TXPXTMY,ladjgdlg
B000BUUFIQ,ladjgdlg
B000OLI44Y,ladjgdlg
B0DJQLZLC3,ladjgdlg
B0C8H6TSJC,ladjgdlg
B0C5CSCX5Y,ladjgdlg
B0B38HFV5T,ladjgdlg
B0D3YRN52L,ladjgdlg
B0D2DH18HL,ladjgdlg
B0CFDTBLXL,ladjgdlg
B01M7X04X3,ladjgdlg
B0CZDVMGX9,ladjgdlg
B0D45HBX9H,ladjgdlg
B01AVG7QEK,ladjgdlg
B0DL5ZMRBZ,ladjgdlg
B0DBCCQ3WD,ladjgdlg
B0D7BL37J9,ladjgdlg
B076FV53QG,ladjgdlg
B0D5HYKKP8,ladjgdlg
B0C3LC4J4K,ladjgdlg
B07VCCLDZ6,ladjgdlg
B0DJQYDY4P,ladjgdlg
B0CZW9JQW9,ladjgdlg
B0CVL32MMW,ladjgdlg
B0CGKXF5VX,ladjgdlg
B0CB536H4B,ladjgdlg
B0CC9YB1NX,ladjgdlg
B0B39B3BRF,ladjgdlg
B082VLH8YV,ladjgdlg
B0CN3LJ8WL,ladjgdlg
B07M8ZDJ9M,ladjgdlg
B07C6DSYXH,ladjgdlg
B0DDG5M892,ladjgdlg
B0B855S4Z1,ladjgdlg
B08L4NK1N9,ladjgdlg
B07CNRN566,ladjgdlg
B072WRDRYN,ladjgdlg
B0D8PP4R6Y,ladjgdlg
B0C3C6RJDX,ladjgdlg
B09BN88YHG,ladjgdlg
B08F2ZKG5T,ladjgdlg
B07C6BRHRB,ladjgdlg
B0D2VM54FS,ladjgdlg
B0CY27L89H,ladjgdlg
B0CNM91QPP,ladjgdlg
B0CHBNGMBS,ladjgdlg
B0C1BXL1M7,ladjgdlg
B0BRQJWWWS,ladjgdlg
B0B9NGXS76,ladjgdlg
B09N777VNV,ladjgdlg
B002HNW6PK,ladjgdlg
B002DQ8U6U,ladjgdlg
B0DDCP4W9V,ladjgdlg
B0CM26Z47F,ladjgdlg
B0C2DFYL33,ladjgdlg
B0BYK3NNPL,ladjgdlg
B0B5WH47DX,ladjgdlg
B09V7NWZN9,ladjgdlg
B08FY5XBNG,ladjgdlg
B07CV1SCKT,ladjgdlg
B007HD5P3A,ladjgdlg
B0DK2VMJVM,ladjgdlg
B07ZZMFQD1,ladjgdlg
B0CV4Z6T6P,ladjgdlg
B0CY2B94T4,ladjgdlg
B0C1KFNWR9,ladjgdlg
B0BMQ93XXV,ladjgdlg
B0CC24YT31,ladjgdlg
B0DJT9VVQ6,ladjgdlg
B0CCKYG5MY,ladjgdlg
B088RG87TZ,ladjgdlg
B0CXTCFDR5,ladjgdlg
B0CCNZMKD2,ladjgdlg
B0CWLPZ4HB,ladjgdlg
B0C43G1HFP,ladjgdlg
B0DNKBWHFR,ladjgdlg
B0CKTD7Z3D,ladjgdlg
B07THCMYM1,ladjgdlg
B07C4THHF9,ladjgdlg
B0DZFM2PRD,ladjgdlg
B0DZC4F9GC,ladjgdlg
B0DYNS8LT1,ladjgdlg
B0DYMGPTDX,ladjgdlg
B0DWSV3R8X,ladjgdlg
B0DT7BSL7V,ladjgdlg
B0DSJCH7PZ,ladjgdlg
B0DSG28H23,ladjgdlg
B0DS1YN3DR,ladjgdlg
B0DRJXVN9C,ladjgdlg
B0DR56RXJL,ladjgdlg
B0DQ4QJFQC,ladjgdlg
B0DPTW9WQ3,ladjgdlg
B0DP6M2JCL,ladjgdlg
B0DMRCMNH6,ladjgdlg
B0CZ3Y6CLQ,ladjgdlg
B0CYZW6NFY,ladjgdlg
B0CYWWD5FR,ladjgdlg
B0CXLXLCCL,ladjgdlg
B0CVLGJSYQ,ladjgdlg
B0CSVQM8FG,ladjgdlg
B0CSS73HS6,ladjgdlg
B0CQXJSWF4,ladjgdlg
B0CQMJR6Q9,ladjgdlg
B0CNKFKHW9,ladjgdlg
B0CNKDXX1X,ladjgdlg
B0CMT9SJTF,ladjgdlg
B0CMQH82VV,ladjgdlg
B0CM3335ZW,ladjgdlg
B0CL4GJLLZ,ladjgdlg
B0CKX3NH9W,ladjgdlg
B0D4VH5JR7,ladjgdlg
B0D1Y6LYND,ladjgdlg
B0CZKSB775,ladjgdlg
B0CYP41D55,ladjgdlg
B0CTQ875JK,ladjgdlg
B0CRF7KGXL,ladjgdlg
B0CP8W1VFW,ladjgdlg
B0CDRCDNYL,ladjgdlg
B0CB8HM19J,ladjgdlg
B0BZ8GZQD8,ladjgdlg
B09NLKMHF5,ladjgdlg
B09LDCNZFX,ladjgdlg
B08XK52T29,ladjgdlg
B08XJRGXSK,ladjgdlg
B082KMPGH7,ladjgdlg
B07FF3Q487,ladjgdlg
B0DLWBCQ48,ladjgdlg
B0DGQJLCSY,ladjgdlg
B0DG8CSRVZ,ladjgdlg
B0DFWG9Q84,ladjgdlg
B0DDSTSQF9,ladjgdlg
B0DBLH18Y6,ladjgdlg
B0DB2YMLH5,ladjgdlg
B0D8L58D16,ladjgdlg
B0D7PFTKVJ,ladjgdlg
B0D4DVMC4K,ladjgdlg
B0D2P8K69J,ladjgdlg
B0D29XZ1SK,ladjgdlg
B0D1NQZX6Q,ladjgdlg
B0D12BPX9F,ladjgdlg
B0CZLH8BM1,ladjgdlg
B0CZ8TYY7H,ladjgdlg
B09J8GGG7C,ladjgdlg
B095783H44,ladjgdlg
B09322MRG3,ladjgdlg
B08XB66YYH,ladjgdlg
B087PXKMH4,ladjgdlg
B08362G86Y,ladjgdlg
B07C91P34C,ladjgdlg
B0723DSJR1,ladjgdlg
B0CKSTYRFJ,ladjgdlg
B0CKLRGF49,ladjgdlg
B0CKBL789L,ladjgdlg
B0CJDZMW22,ladjgdlg
B0CHS4NVJC,ladjgdlg
B0CDH27H87,ladjgdlg
B0CCPPKKQ9,ladjgdlg
B0CCCRH71K,ladjgdlg
B0CBJQLXLB,ladjgdlg
B0C78HCRXD,ladjgdlg
B0C7819NRN,ladjgdlg
B0C6J4LKLB,ladjgdlg
B0C6D177LV,ladjgdlg
B0C5VY5MVB,ladjgdlg
B0C4YK84S7,ladjgdlg
B0C2N4M3HN,ladjgdlg
B0C26KJTDS,ladjgdlg
B0BVYTBVHH,ladjgdlg
B0BPQMD8ZS,ladjgdlg
B0BJ9649YQ,ladjgdlg
B0BF5BV8KP,ladjgdlg
B0BBRGQB1F,ladjgdlg
B0B7L8YGBY,ladjgdlg
B0B53PBYV3,ladjgdlg
B0B53DSTN4,ladjgdlg
B0B4HDRQNB,ladjgdlg
B09YQPQM2J,ladjgdlg
B09YL2WJY9,ladjgdlg
B09RGX6VLV,ladjgdlg
B09P7X9L8V,ladjgdlg
B09NLL7QF5,ladjgdlg
B09N3BV5YT,ladjgdlg
B0CP8WC9ZW,ladjgdlg
B005HFWNZI,ladjgdlg
B0CK9MJY2Y,ladjgdlg
B0DGQQNFDJ,ladjgdlg
B0DY11CNPW,ladjgdlg
B0DFPRHHGH,ladjgdlg
B0DWX2NVY1,ladjgdlg
B0CLKNDKQ5,ladjgdlg
B0DS9LRSPY,ladjgdlg
B07KQF3RPL,ladjgdlg
B0CNX51CRJ,ladjgdlg
B0B975QHCF,ladjgdlg
B0BFLXMVVW,ladjgdlg
B0CG13DCWT,ladjgdlg
B0C8914QY4,ladjgdlg
B0D7HN61QK,ladjgdlg
B0CDVQK7FG,ladjgdlg
B0CSWZFYRD,ladjgdlg
B0BFWYGN4G,ladjgdlg
B0CCHYDZXX,ladjgdlg
B0CXP9TFS2,ladjgdlg
B0C8SLQHQ1,ladjgdlg
B09XMQ72RL,ladjgdlg
B097GFZN5D,ladjgdlg
B0CKGVT8RV,ladjgdlg
B0C9PFHHZL,ladjgdlg
B08SVMRTQT,ladjgdlg
B01E6IPWXQ,ladjgdlg
B0B5M5NSHV,ladjgdlg
B0CRR34J39,ladjgdlg
B0C78JVMNQ,ladjgdlg
B098XG9CLB,ladjgdlg
B08FY5NSN7,ladjgdlg
B07NW6J7VT,ladjgdlg
B0DTCZKGGZ,ladjgdlg
B0DSG272DJ,ladjgdlg
B0DRTYT9FG,ladjgdlg
B0DNWPSDRD,ladjgdlg
B0DDHM646Q,ladjgdlg
B0D9D3YGX7,ladjgdlg
B0D7371T9J,ladjgdlg
B0D4DM4F7F,ladjgdlg
B0D3WPJPHW,ladjgdlg
B0D2NR2B1Y,ladjgdlg
B0D12CLMHC,ladjgdlg
B0CZJLBLN2,ladjgdlg
B0CXHQW8G2,ladjgdlg
B017S1VJJ4,ladjgdlg
B0044F77US,ladjgdlg
B0CT7ZVL3P,ladjgdlg
B085B3ZF8G,ladjgdlg
B0DJ72CGD6,ladjgdlg
B09QYBY1Q4,ladjgdlg
B0CT34L2KB,ladjgdlg
B0BYHJJZ4S,ladjgdlg
B08MFSWWYJ,ladjgdlg
B0CJJJP3ZC,ladjgdlg
B076WS9181,ladjgdlg
B0DDFTJ9R3,ladjgdlg
B0CLCKPP3B,ladjgdlg
B0CX6TMQNZ,ladjgdlg
B0DWKFK739,ladjgdlg
B0CJW9GXZV,ladjgdlg
B0DLJWWWWX,ladjgdlg
B079C3DC33,ladjgdlg
B0DHP37SWM,ladjgdlg
B0DHG68MH3,ladjgdlg
B083DTYNJP,ladjgdlg
B0DHG291RQ,ladjgdlg
B0DCJP93K1,ladjgdlg
B0D8ZLZT1J,ladjgdlg
B0CX7VTBZY,ladjgdlg
B0DB5BN1QV,ladjgdlg
B084JB6DJR,ladjgdlg
B09NMPFYQX,ladjgdlg
B0CZ939W15,ladjgdlg
B0DKT21Q39,ladjgdlg
B09KLQDVRZ,ladjgdlg
B0CNX383BM,ladjgdlg
B0CS6HSMYK,ladjgdlg
B0CH8RYC62,ladjgdlg
B0CGRK1LPC,ladjgdlg
B0C6QMGPNP,ladjgdlg
B0C542W9DQ,ladjgdlg
B0C4GKSG9F,ladjgdlg
B0C2N6DB7H,ladjgdlg
B0C2H6DX6V,ladjgdlg
B0BPB6MKCT,ladjgdlg
B0B98XMXWM,ladjgdlg
B0B1XVHGT8,ladjgdlg
B09VBG1PZM,ladjgdlg
B09Q3J73F3,ladjgdlg
B09DV49P3X,ladjgdlg
B09577BS9M,ladjgdlg
B093V6BCV9,ladjgdlg
B09PLBSQGS,ladjgdlg
B09577PJ8M,ladjgdlg
B08ZCBNXGW,ladjgdlg
B08BTVL6ZT,ladjgdlg
B088C1YBCQ,ladjgdlg
B07Q383G3B,ladjgdlg
B07K3Y56K4,ladjgdlg
B0747LRF6K,ladjgdlg
B01LXEUR9K,ladjgdlg
B00CMVQTZK,ladjgdlg
B0DS5WNHMD,ladjgdlg
B0C4XJ1DL9,ladjgdlg
B09TG6G4Y6,ladjgdlg
B0DFW4MNM5,ladjgdlg
B0C5J61NP5,ladjgdlg
B09H5KXSS1,ladjgdlg
B09NCZTC1B,ladjgdlg
B0DFCRX1XJ,ladjgdlg
B091YXT596,ladjgdlg
B0DH1SQ3SJ,ladjgdlg
B0CMHYXGY6,ladjgdlg
B08L7KJKLM,ladjgdlg
B0DLH2745J,ladjgdlg
B0BQWKHS76,ladjgdlg
B0BDKWF536,ladjgdlg
B093PY7VHP,ladjgdlg
B0B37924Q5,ladjgdlg
B0CBM95JF2,ladjgdlg
B0CSVJMWNF,ladjgdlg
B0BL965SNR,ladjgdlg
B0BR838F3Y,ladjgdlg
B0BQYXN61N,ladjgdlg
B09S6SGG9N,ladjgdlg
B0CTQ4735X,ladjgdlg
B0BBTBM79D,ladjgdlg
B07KCVTP7X,ladjgdlg
B0CPDJ4NVX,ladjgdlg
B079C5FMC5,ladjgdlg
B0DY17TZXL,ladjgdlg
B09RZLWY71,ladjgdlg
B0DB67F4JN,ladjgdlg
B0DMLTH7TT,ladjgdlg
B0CTY7MHCR,ladjgdlg
B0CPFH4TXG,ladjgdlg
B0CM9PSBST,ladjgdlg
B0CL4DMB7H,ladjgdlg
B0CKYWY1Q7,ladjgdlg
B0CGRJ4ZQW,ladjgdlg
B0CCN7ZGQ3,ladjgdlg
B0CBFVL22V,ladjgdlg
B0C8167V33,ladjgdlg
B0C4PXLGNB,ladjgdlg
B0C2N68S28,ladjgdlg
B0C2KHKKCT,ladjgdlg
B0C2H9D8WM,ladjgdlg
B0C17R4JY4,ladjgdlg
B0BJ6RVH9X,ladjgdlg
B0BC8SHMMW,ladjgdlg
B0DTCVDK21,ladjgdlg
B0DPMPN9V8,ladjgdlg
B0DMJ9VGCX,ladjgdlg
B0DHVQMH2H,ladjgdlg
B0DHGH4V3T,ladjgdlg
B0DG4FJQ8S,ladjgdlg
B0DFYM38XY,ladjgdlg
B0DCQ71GDT,ladjgdlg
B0DBDQ79G6,ladjgdlg
B0D9D2CGY8,ladjgdlg
B0D7ZL3FBD,ladjgdlg
B0D5XQQHT7,ladjgdlg
B0D4DYGLGB,ladjgdlg
B0D12CN7X9,ladjgdlg
B0CY23XD9Z,ladjgdlg
B0CXDR59PK,ladjgdlg
B0DY7MR4BM,ladjgdlg
B0C9TH2Z6T,ladjgdlg
B0CKPFMXBC,ladjgdlg
B0CF9M4WD1,ladjgdlg
B0DB9L7TBB,ladjgdlg
B0C12T1JGG,ladjgdlg
B0DY5ZS7PZ,ladjgdlg
B0DR55TGBR,ladjgdlg
B09GVRJPPR,ladjgdlg
B089367113,ladjgdlg
B07R6R8RFQ,ladjgdlg
B07CMMLK3G,ladjgdlg
B0BNNM7R55,ladjgdlg
B076ZKGYF7,ladjgdlg
B0D9ZPWQ5Z,ladjgdlg
B00OWMPX7C,ladjgdlg
B08T8V5Y1Q,ladjgdlg
B0C9DZQJ4J,ladjgdlg
B087VXYKF1,ladjgdlg
B0CFTYKSD7,ladjgdlg
B0D9H82TJT,ladjgdlg
B093CDQH25,ladjgdlg
B0BZ8HPFR3,ladjgdlg
B08YJPDDWZ,ladjgdlg
B0D62RSX9L,ladjgdlg
B0CWNSKWKV,ladjgdlg
B0CN66Q5QD,ladjgdlg
B0CJ4K5YLF,ladjgdlg
B0B4MT29J3,ladjgdlg
B09MTJDM44,ladjgdlg
B01A1G96ZW,ladjgdlg
B00L1L4S4G,ladjgdlg
B0CK219S22,ladjgdlg
B0D5HHVNQB,ladjgdlg
B0DH2RTZ5Y,ladjgdlg
B0C4FWRVLW,ladjgdlg
B0D3Q7GKYT,ladjgdlg
B0DCJY3G3P,ladjgdlg
B0CQ78SLNF,ladjgdlg
B0DJ2F5KP1,ladjgdlg
B0CY523YL1,ladjgdlg
B0CD1D9CXG,ladjgdlg
B0CXTF8XRH,ladjgdlg
B0CPDQF7CR,ladjgdlg
B0CJ99LN9T,ladjgdlg
B01DMD8PL2,ladjgdlg
B0CH114WR8,ladjgdlg
B09VGKKC81,ladjgdlg
B0CDRMJNKM,ladjgdlg
B0BNF9GZ37,ladjgdlg
B0C2T1SF9X,ladjgdlg
B09Y8KQ1HG,ladjgdlg
B0BZVNBL9P,ladjgdlg
B0CVQT7KWN,ladjgdlg
B08KWK9PJQ,ladjgdlg
B0D8VQYCXM,ladjgdlg
B08333C8W2,ladjgdlg
B0DR97D2N3,ladjgdlg
B07R47YY4F,ladjgdlg
B09XB3MW9R,ladjgdlg
B07HH3WNXG,ladjgdlg
B0C5B7V3R6,ladjgdlg
B07KWSCR34,ladjgdlg
B01EX4EDUQ,ladjgdlg
B07VGLKBYG,ladjgdlg
B0CFRDM186,ladjgdlg
B0DYTMS34H,ladjgdlg
B0DJQWS69Y,ladjgdlg
B091T95ZM5,ladjgdlg
B0DCGTMBDD,ladjgdlg
B0CNPK2F72,ladjgdlg
B09FS275SQ,ladjgdlg
B09QYLNT89,ladjgdlg
B08J7N1F76,ladjgdlg
B0CFTKLXQX,ladjgdlg
B0D4YRJGSJ,ladjgdlg
B07DP61THQ,ladjgdlg
B0CLD2L597,ladjgdlg
B0BYC9R289,ladjgdlg
B08PPCPYP4,ladjgdlg
B08BZGV9MF,ladjgdlg
B07T7DTHJ1,ladjgdlg
B00U2H4AKM,ladjgdlg
B0CPDY12DV,ladjgdlg
B0C78JF59Z,ladjgdlg
B0BP2TBX3V,ladjgdlg
B09J2BRFMV,ladjgdlg
B08YWZZHN3,ladjgdlg
B08VWJ52CT,ladjgdlg
B07XDPTZQ2,ladjgdlg
B0DNB5XGYN,ladjgdlg
B0CQP77XHD,ladjgdlg
B0CKYZP3QH,ladjgdlg
B0C1YP24LD,ladjgdlg
B0C1M4QJWL,ladjgdlg
B0B211QZMF,ladjgdlg
B07YYTR1FK,ladjgdlg
B07BW8MNG2,ladjgdlg
B075RQD34M,ladjgdlg
B01MRN9MXC,ladjgdlg
B0184G6GEK,ladjgdlg
B0CH5LBC2X,ladjgdlg
B0C3QTH4NQ,ladjgdlg
B0C32LNCGR,ladjgdlg
B0BGBGNHMN,ladjgdlg
B09NLPDTT1,ladjgdlg
B0928L1Q2N,ladjgdlg
B08XYK6P97,ladjgdlg
B06Y4RLBC7,ladjgdlg
B002KFFOMW,ladjgdlg
B0CKNT19JG,ladjgdlg
B08L7KYMZ8,ladjgdlg
B076PJZDLN,ladjgdlg
B0CZKYX9CD,ladjgdlg
B0CXHY4XSH,ladjgdlg
B0CQSN3CGZ,ladjgdlg
B0C6HTFH57,ladjgdlg
B0C33F9B67,ladjgdlg
B0C157M2H4,ladjgdlg
B0C14MY6V9,ladjgdlg
B0BZ362TF3,ladjgdlg
B0BVDWDWHJ,ladjgdlg
B0BMVB5PCQ,ladjgdlg
B0BDKNM589,ladjgdlg
B09FL555SR,ladjgdlg
B07YTR4R1B,ladjgdlg
B07DP5K2HT,ladjgdlg
B008ACVH1Q,ladjgdlg
B0F3CCR3Q2,ladjgdlg
B0DZ58L4R6,ladjgdlg
B0DSG26ZKZ,ladjgdlg
B0DR56NF4F,ladjgdlg
B0DR321TB9,ladjgdlg
B0D2HNQ8JM,ladjgdlg
B0D29G3W5K,ladjgdlg
B0D25TP5RQ,ladjgdlg
B0D2398M6F,ladjgdlg
B0D131KFGZ,ladjgdlg
B0CZNTMTJ7,ladjgdlg
B0CX228MSX,ladjgdlg
B0CVLCC6JZ,ladjgdlg
B0CV4ZPYGH,ladjgdlg
B0CRB24KKP,ladjgdlg
B0CQCS4R56,ladjgdlg
B0CP1NYPSK,ladjgdlg
B0CNPLJ47P,ladjgdlg
B0CNKB3C4G,ladjgdlg
B0CN34YH1H,ladjgdlg
B0CKXYDDBK,ladjgdlg
B0DPWW8M96,ladjgdlg
B0DMV9V3VD,ladjgdlg
B0DLK9VKW4,ladjgdlg
B0DK8MTLGJ,ladjgdlg
B0DK3KVXTX,ladjgdlg
B0DK1XHNJS,ladjgdlg
B0DJ72HHM4,ladjgdlg
B0DFWL5PFZ,ladjgdlg
B0DDNSV2NW,ladjgdlg
B0DD7J65K4,ladjgdlg
B0DD79TWGK,ladjgdlg
B0DB7YLX9M,ladjgdlg
B0DB2227RK,ladjgdlg
B0D8HYF628,ladjgdlg
B0D7VSXF2C,ladjgdlg
B0D4LRMFCS,ladjgdlg
B0CKVZGWNQ,ladjgdlg
B0CKDMLYFD,ladjgdlg
B0CHHZZN2P,ladjgdlg
B0CH1F8JW6,ladjgdlg
B0CBXSF791,ladjgdlg
B0CBB65MLB,ladjgdlg
B0C8H78ZPN,ladjgdlg
B0C89VHDCF,ladjgdlg
B0C859D66K,ladjgdlg
B0C85768JH,ladjgdlg
B0C7BZZ4RT,ladjgdlg
B0C5D1BQYD,ladjgdlg
B0C3R8W69F,ladjgdlg
B0C32M9BKG,ladjgdlg
B0BZNTG8KL,ladjgdlg
B0BZC6FYZR,ladjgdlg
B0BYWZ1XYK,ladjgdlg
B0BY1MKRSB,ladjgdlg
B0BSBSVRQ7,ladjgdlg
B0BRB29B86,ladjgdlg
B09WL8JV1P,ladjgdlg
B09TDXWSS3,ladjgdlg
B09KC5VJDF,ladjgdlg
B09575782X,ladjgdlg
B0859TW29Z,ladjgdlg
B07XKY9ZP1,ladjgdlg
B07FQVJZHQ,ladjgdlg
B072JX6FQ3,ladjgdlg
B09Y5GM87R,ladjgdlg
B0BXP1J1B5,ladjgdlg
B0CTNN2NZR,ladjgdlg
B0BVFPHYNT,ladjgdlg
B0B3DQYMLQ,ladjgdlg
B0BRPZP68N,ladjgdlg
B0C6CVCHJ3,ladjgdlg
B0BLL688KB,ladjgdlg
B07H7ZZ5KP,ladjgdlg
B09TDL5H8K,ladjgdlg
B07CVMV558,ladjgdlg
B08M9RKQVQ,ladjgdlg
B0DM8D2JPN,ladjgdlg
B07Q2BG7DC,ladjgdlg
B0DBLKF9HS,ladjgdlg
B07MTMYPRD,ladjgdlg
B0CRZDL3PF,ladjgdlg
B0BDSC16RT,ladjgdlg
B0CPWSMZGN,ladjgdlg
B0CM3CK3T7,ladjgdlg
B0BY4S92BR,ladjgdlg
B08D2S33XB,ladjgdlg
B0CLP3QDJ5,ladjgdlg
B0DKXDDQFM,ladjgdlg
B0DSWKN74Z,ladjgdlg
B0CHRZNB6K,ladjgdlg
B0CJ96HK8V,ladjgdlg
B0CHRY1387,ladjgdlg
B0DL51Y98Q,ladjgdlg
B0C4T3VZ43,ladjgdlg
B0DW8HCRPM,ladjgdlg
B0C3H438LK,ladjgdlg
B09QFZHVDJ,ladjgdlg
B094Y51GXT,ladjgdlg
B0BMQMT3NH,ladjgdlg
B0D6DCYQD4,ladjgdlg
B0DNJFVZ5L,ladjgdlg
B08M16N8PM,ladjgdlg
B09FLM8MRL,ladjgdlg
B09R41DKY1,ladjgdlg
B00IJVQVN2,ladjgdlg
B0CY4QS5JL,ladjgdlg
B09ZV63JFV,ladjgdlg
B0BYJT26QV,ladjgdlg
B0D5QX83WN,ladjgdlg
B09Y3BL6H5,ladjgdlg
B0DMJP9FWV,ladjgdlg
B07HB7NSTL,ladjgdlg
B0CMR1Y238,ladjgdlg
B0DHXJWXQD,ladjgdlg
B0DDVXY3LW,ladjgdlg
B0BWXSFDY4,ladjgdlg
B0DGPNV9LM,ladjgdlg
B09LLNV34L,ladjgdlg
B0DK2T9K3N,ladjgdlg
B0DBZJKKNK,ladjgdlg
B092FX4RSN,ladjgdlg
B09S3193GP,ladjgdlg
B0D72HCRF5,ladjgdlg
B0DDJM1MBH,ladjgdlg
B0CLYPY2YV,ladjgdlg
B0D12LHT4T,ladjgdlg
B0DDHD6447,ladjgdlg
B0CKYK9QD9,ladjgdlg
B0D8TN2CNW,ladjgdlg
B00QB49B2W,ladjgdlg
B0CRRWGJM9,ladjgdlg
B08TQBMRFH,ladjgdlg
B0CQ29QBN8,ladjgdlg
B094Y51WHZ,ladjgdlg
B00OBS9U6W,ladjgdlg
B07KXPY7BR,ladjgdlg
B0C1NJGMM8,ladjgdlg
B0D4L3ZC52,ladjgdlg
B091M9R79G,ladjgdlg
B0BWDTQPWM,ladjgdlg
B0BFFYVGHT,ladjgdlg
B0DK1DM2ZQ,ladjgdlg
B08NCYTJFW,ladjgdlg
B0CN2K3T8Z,ladjgdlg
B0BMCZWRY1,ladjgdlg
B00CLXIUOW,ladjgdlg
B0CQYGG7XN,ladjgdlg
B0D4TJVY7S,ladjgdlg
B0CZD28Y7C,ladjgdlg
B09SHD2ZT9,ladjgdlg
B0BZVJV4X4,ladjgdlg
B0CDP95PB7,ladjgdlg
B0BLK74PMR,ladjgdlg
B07ZYVFXYG,ladjgdlg
B07K68PFLB,ladjgdlg
B01JGI77HU,ladjgdlg
B0C7VXBTZJ,ladjgdlg
B0BZJZLB33,ladjgdlg
B0BV8XPJSG,ladjgdlg
B09Q7SW4LH,ladjgdlg
B09FJG37MB,ladjgdlg
B0CN1BT185,ladjgdlg
B09RVJYFWS,ladjgdlg
B08M31J4CH,ladjgdlg
B0CNL1GPTT,ladjgdlg
B0C7KH63GJ,ladjgdlg
B09HRFD65T,ladjgdlg
B08NFSW849,ladjgdlg
B0CWZZZVRK,ladjgdlg
B07WCSFCV2,ladjgdlg
B0CYGLC2HC,ladjgdlg
B0CXDJ663C,ladjgdlg
B0BX35ZWKF,ladjgdlg
B0DBL6NQRN,ladjgdlg
B0886CMT72,ladjgdlg
B0DHR7SY9G,ladjgdlg
B0CS6H89B2,ladjgdlg
B0BTYSPWLY,ladjgdlg
B08V1LLC7M,ladjgdlg
B0DG2XV7GR,ladjgdlg
B0D6VYCL5G,ladjgdlg
B0BJ9Q77KF,ladjgdlg
B09N77F9QN,ladjgdlg
B00BSWTK3C,ladjgdlg
B0D2HSXP7X,ladjgdlg
B0C862ZBG2,ladjgdlg
B0BLK75Y29,ladjgdlg
B09PG679G5,ladjgdlg
B099DQT94Y,ladjgdlg
B096K19VP1,ladjgdlg
B072BRM2TP,ladjgdlg
B083XC5VF7,ladjgdlg
B010OKUAZ0,ladjgdlg
B00SZI4OTW,ladjgdlg
B0CJ55G1RJ,ladjgdlg
B0CF7J8SSM,ladjgdlg
B0C23XVJLF,ladjgdlg
B0BV7Z4RK1,ladjgdlg
B0BMM3P59L,ladjgdlg
B0B3Y94ZB1,ladjgdlg
B09Q27WG91,ladjgdlg
B01M230RB4,ladjgdlg
B01F1F7DL2,ladjgdlg
B0D5HH9BBR,ladjgdlg
B0CZ6YJP12,ladjgdlg
B0CST5JM4K,ladjgdlg
B0CLNQF2DT,ladjgdlg
B0CJQ6SWRS,ladjgdlg
B0C58PJN15,ladjgdlg
B0C13T2FKW,ladjgdlg
B0BTCZX5JD,ladjgdlg
B0BPK1DTM8,ladjgdlg
B0BMQQF8XF,ladjgdlg
B0BKXFWS6B,ladjgdlg
B0B6C25MWY,ladjgdlg
B09JS2ND11,ladjgdlg
B07VRQGW57,ladjgdlg
B071HLRCLY,ladjgdlg
B0DYNQR3GY,ladjgdlg
B0DT5PNGNT,ladjgdlg
B0DSHY9RP7,ladjgdlg
B0DR26HY95,ladjgdlg
B0DQSRB8ZV,ladjgdlg
B0DQL4XM19,ladjgdlg
B0DP9362DY,ladjgdlg
B0DMBLLZ84,ladjgdlg
B0DH8N1VGW,ladjgdlg
B0DGTRS9V5,ladjgdlg
B0DGCWTK8F,ladjgdlg
B0DG5D8QPQ,ladjgdlg
B0DFY5YCB8,ladjgdlg
B0DFVMYDT7,ladjgdlg
B0DDXDQZCX,ladjgdlg
B0DDLY83L3,ladjgdlg
B0DDC87HFK,ladjgdlg
B0DCZJ5BYH,ladjgdlg
B0DBZ6F2SV,ladjgdlg
B0DB7H43NJ,ladjgdlg
B0D9PVMSQH,ladjgdlg
B0CXPPJ4JK,ladjgdlg
B0CWQG7WZS,ladjgdlg
B0CW1LNCTK,ladjgdlg
B0CV49TQPK,ladjgdlg
B0CSYBMP8D,ladjgdlg
B0CSXC45MN,ladjgdlg
B0CQVJGT63,ladjgdlg
B0CPHN1C91,ladjgdlg
B0CPDTBS52,ladjgdlg
B0CP8B3V8H,ladjgdlg
B0CP1NPDVY,ladjgdlg
B0CNRB4G3N,ladjgdlg
B0CNPLR9L5,ladjgdlg
B0CN5MP7J9,ladjgdlg
B0CM11JB6G,ladjgdlg
B0CLVJYXTB,ladjgdlg
B0D9NHH9G4,ladjgdlg
B0D9K24QPT,ladjgdlg
B0D8HW6325,ladjgdlg
B0D7VJQW2C,ladjgdlg
B0D5HKTR4Q,ladjgdlg
B0D56WHQJF,ladjgdlg
B0D52KRH4W,ladjgdlg
B0D4VDV5NY,ladjgdlg
B0D4LGJ5H6,ladjgdlg
B0D41SLVRB,ladjgdlg
B0D3D78ZP3,ladjgdlg
B0D2XJRSPM,ladjgdlg
B0D2NJ4J87,ladjgdlg
B0D29BPS7V,ladjgdlg
B0CZ3FDCL5,ladjgdlg
B0CYM2CQP8,ladjgdlg
B0CKS9JKLM,ladjgdlg
B0CJF35N4V,ladjgdlg
B0CHMQNK5V,ladjgdlg
B0CGN22KDC,ladjgdlg
B0CD3Z58CL,ladjgdlg
B0CCN9J8R1,ladjgdlg
B0CBB63SGS,ladjgdlg
B0C89DT66Q,ladjgdlg
B0C4L9X4NT,ladjgdlg
B0C3XVKYSB,ladjgdlg
B0C3GW8ZWK,ladjgdlg
B0C38V314L,ladjgdlg
B0BY49VDQC,ladjgdlg
B0BWQVY199,ladjgdlg
B0BVG7HLR3,ladjgdlg
B0BQRFFZB6,ladjgdlg
B0BDKG38DC,ladjgdlg
B0BBWL154B,ladjgdlg
B0B9HR1YZG,ladjgdlg
B0B5239VHZ,ladjgdlg
B0B4V4DZFV,ladjgdlg
B0B1HT81H7,ladjgdlg
B09V12S1DW,ladjgdlg
B09C5XYGX3,ladjgdlg
B0969LR9GY,ladjgdlg
B095XJZGP6,ladjgdlg
B09577QT75,ladjgdlg
B08Y7FZ1GR,ladjgdlg
B07V83G69R,ladjgdlg
B07BTJ3T1M,ladjgdlg
B077H5BWHB,ladjgdlg
B076PJNHMP,ladjgdlg
B0BKQPYZWR,ladjgdlg
B0BF9KTYX7,ladjgdlg
B07GJ46WTH,ladjgdlg
B0C4DHXLQ8,ladjgdlg
B0CH9VHLZZ,ladjgdlg
B0DWR24J6T,ladjgdlg
B0CVWZRPRB,ladjgdlg
B0BX3JC7VC,ladjgdlg
B0DFM7YSZD,ladjgdlg
B0C2ZYKXJ5,ladjgdlg
B0CZLCYFQH,ladjgdlg
B0DMVF9Y4P,ladjgdlg
B0CR1DNKVD,ladjgdlg
B01N8T1PKK,ladjgdlg
B0C3QR9CS8,ladjgdlg
B0CY3JZXRP,ladjgdlg
B0CKRVN5BD,ladjgdlg
B0CR16RX3K,ladjgdlg
B0CY2BTLQ9,ladjgdlg
B0D8VSB75R,ladjgdlg
B0CXCXH19F,ladjgdlg
B0DK5XWCKC,ladjgdlg
B0CSXD5XQ2,ladjgdlg
B0BW147SRK,ladjgdlg
B0CHRTQPWX,ladjgdlg
B0DQ56F582,ladjgdlg
B0CD26PMHW,ladjgdlg
B0BD8W731Y,ladjgdlg
B0C7VDXSFH,ladjgdlg
B0BBKX3QRF,ladjgdlg
B0BWHCZCGP,ladjgdlg
B0CRTTL1DV,ladjgdlg
B0C1MWG7YC,ladjgdlg
B0DFGNLQZW,ladjgdlg
B0C36M3R3L,ladjgdlg
B0DXFRFSHY,ladjgdlg
B07PBC8JLV,ladjgdlg
B0B6CQK4Y2,ladjgdlg
B0DF2BCM58,ladjgdlg
B0BV9YPDJV,ladjgdlg
B08NZ6S8VD,ladjgdlg
B0DBZKMQQG,ladjgdlg
B0BXTSC8YN,ladjgdlg
B08FX3Q93Z,ladjgdlg
B0CZXG98QG,ladjgdlg
B0CMPMWZN3,ladjgdlg
B0B2NQFB2Y,ladjgdlg
B0CZ9KH6T5,ladjgdlg
B0BQ1SMZC3,ladjgdlg
B0DB7VHFWB,ladjgdlg
B0B9N9QFXX,ladjgdlg
B0DP3ZB71V,ladjgdlg
B08M9PFSDS,ladjgdlg
B0D298WQJV,ladjgdlg
B082MYC64T,ladjgdlg
B0BVHTQMDZ,ladjgdlg
B07CT427P9,ladjgdlg
B0CJVMB95F,ladjgdlg
B0D78VP47M,ladjgdlg
B09X2FWPHW,ladjgdlg
B0DF71XRY4,ladjgdlg
B0B3RL36M1,ladjgdlg
B0BXJG4CV2,ladjgdlg
B09VB5YB91,ladjgdlg
B0C3CGSSM2,ladjgdlg
B0C4LHGWXM,ladjgdlg
B0CT89F8DS,ladjgdlg
B0CX4KM551,ladjgdlg
B0CY23V5FL,ladjgdlg
B0DFH55ZMK,ladjgdlg
B006H3RAVQ,ladjgdlg
B0CNN1N22C,ladjgdlg
B08R7HG2CY,ladjgdlg
B0BW8V21SG,ladjgdlg
B08CSNSY95,ladjgdlg
B0CRTF5RDH,ladjgdlg
B0B636QDCZ,ladjgdlg
B09FS5J3P1,ladjgdlg
B0C8J3NG8W,ladjgdlg
B0DSTCF78Q,ladjgdlg
B0BPBTHJP1,ladjgdlg
B0CGZNG3LL,ladjgdlg
B0CDKN4GZ3,ladjgdlg
B092PZLTDL,ladjgdlg
B0DHVN819S,ladjgdlg
B0C5JTBSW1,ladjgdlg
B0C32N33RW,ladjgdlg
B0C28MC8XL,ladjgdlg
B0BWQD8B5K,ladjgdlg
B0BHH8KCCJ,ladjgdlg
B08THHT6KN,ladjgdlg
B082FNLWTG,ladjgdlg
B0DBGB1YFR,ladjgdlg
B0CYZ88DMB,ladjgdlg
B09NNZZDSL,ladjgdlg
B09N128WT8,ladjgdlg
B0DGXDKR9L,ladjgdlg
B09KCN9TQF,ladjgdlg
B0927JLPPQ,ladjgdlg
B0CMHYC1SC,ladjgdlg
B0C53J24ZL,ladjgdlg
B087D2MQZL,ladjgdlg
B0BLKBCQW1,ladjgdlg
B0BHN7K52L,ladjgdlg
B07XQZYLGB,ladjgdlg
B07VGHLRTQ,ladjgdlg
B0BGQZWMGJ,ladjgdlg
B0934V1QHQ,ladjgdlg
B09HBZNX7H,ladjgdlg
B09PY72LCV,ladjgdlg
B08HZ29Q4P,ladjgdlg
B0C745MSP8,ladjgdlg
B0CGHNJ87T,ladjgdlg
B0CCKW3HJH,ladjgdlg
B0C9WKPK5K,ladjgdlg
B0C8SXXV9W,ladjgdlg
B0C89GHG6N,ladjgdlg
B0C3QKSWCT,ladjgdlg
B0C38HRW5J,ladjgdlg
B0BZVW3LX5,ladjgdlg
B0BYXGB7TB,ladjgdlg
B0BYVHWVK5,ladjgdlg
B0BPHSL5YJ,ladjgdlg
B0B7WMNY6Z,ladjgdlg
B0B1BD5TY7,ladjgdlg
B0B12D7JML,ladjgdlg
B09Z37VYCS,ladjgdlg
B09WVJ4SXT,ladjgdlg
B0DRW6GV3Y,ladjgdlg
B0DPN2DZFS,ladjgdlg
B0DLTCVMBR,ladjgdlg
B0DL5QV81W,ladjgdlg
B0DKW6WCV6,ladjgdlg
B0DDXX2F9P,ladjgdlg
B0DD2YXFYZ,ladjgdlg
B0DBL41X1C,ladjgdlg
B0D7VVHDRW,ladjgdlg
B0D7VV9PNR,ladjgdlg
B0D7RMBTSR,ladjgdlg
B0D7C8CV7V,ladjgdlg
B0D6NGMH25,ladjgdlg
B0D6385V79,ladjgdlg
B0D5CZF61F,ladjgdlg
B0D57BQYJX,ladjgdlg
B0D4DW5LD1,ladjgdlg
B0D3XM76WC,ladjgdlg
B0D2ZLCLY9,ladjgdlg
B0D2LCL6WT,ladjgdlg
B0CYWWFZM5,ladjgdlg
B0CYWST98S,ladjgdlg
B0CY2FXZY2,ladjgdlg
B0CY1SQY9Q,ladjgdlg
B0CVXLYVZM,ladjgdlg
B0CTG5TRWM,ladjgdlg
B0CT93VCJT,ladjgdlg
B0CSX3G5NZ,ladjgdlg
B0CN34TW9N,ladjgdlg
B0CM332NNN,ladjgdlg
B0CLYLFN52,ladjgdlg
B0CGHPPQMS,ladjgdlg
B0C1N1X6S2,ladjgdlg
B08QD25CRC,ladjgdlg
B08MQ564GS,ladjgdlg
B007J9E8CG,ladjgdlg
B0CQX5BWX3,ladjgdlg
B0CPXWTBXR,ladjgdlg
B0CPJLJGPQ,ladjgdlg
B0CL6VSXDG,ladjgdlg
B0CJB3JWC1,ladjgdlg
B0CBKBYBFW,ladjgdlg
B0BGN73PLT,ladjgdlg
B08FY4P539,ladjgdlg
B083PZYRJR,ladjgdlg
B0002XJZMY,ladjgdlg
B0DX1QV3GM,ladjgdlg
B0DT79H7TJ,ladjgdlg
B09NGVYB21,ladjgdlg
B09L4L9S2D,ladjgdlg
B09FX4LDHH,ladjgdlg
B0995TMVWF,ladjgdlg
B09575S4FZ,ladjgdlg
B08R1RLHYK,ladjgdlg
B08NWP5Y4H,ladjgdlg
B089G2RYWR,ladjgdlg
B08471ZLQ9,ladjgdlg
B07MLZ3MDR,ladjgdlg
B07CN7L8X2,ladjgdlg
B07B665519,ladjgdlg
B0796V5H1C,ladjgdlg
B074Q4SSZ7,ladjgdlg
B000LRH5U0,ladjgdlg
B0CX989RKG,ladjgdlg
B00365Z3V2,ladjgdlg
B0D3836PHL,ladjgdlg
B0BDRM7KWL,ladjgdlg
B0DLKZXBSC,ladjgdlg
B0C7984698,ladjgdlg
B09JSBMT11,ladjgdlg
B08756MCS2,ladjgdlg
B0DKXZFKSD,ladjgdlg
B07Z8XPNK5,ladjgdlg
B0D9SVVWCH,ladjgdlg
B07WCSYTP6,ladjgdlg
B00CFH9I6I,ladjgdlg
B000FL1OOA,ladjgdlg
B0C3WLH48H,ladjgdlg
B0D69PQLM7,ladjgdlg
B01H379Z3K,ladjgdlg
B09YD8GCG9,ladjgdlg
B0D41PN8RW,ladjgdlg
B0BJ1HPCWN,ladjgdlg
B0D1RN92Q5,ladjgdlg
B0DB57Q1MZ,ladjgdlg
B0B28D7BJ3,ladjgdlg
B07L8JNPF2,ladjgdlg
B07WP54ZVC,ladjgdlg
B0D6BG8R1X,ladjgdlg
B0CXPJT72Q,ladjgdlg
B0BKGH3KLM,ladjgdlg
B0CNCRLN51,ladjgdlg
B0D8HXNR8L,ladjgdlg
B0BLTPBRZS,ladjgdlg
B0CZLBN3F8,ladjgdlg
B06XG2Q91R,ladjgdlg
B0BS1QGW9R,ladjgdlg
B0C5786GMT,ladjgdlg
B07BHV9PY7,ladjgdlg
B093S93BXR,ladjgdlg
B00CJICDWO,ladjgdlg
B0C7CL87PY,ladjgdlg
B0BF32SYW7,ladjgdlg
B0B5WVRR5H,ladjgdlg
B0DL8VW9CJ,ladjgdlg
B0DSB541CH,ladjgdlg
B0DKXPGXJZ,ladjgdlg
B07SYBJGX1,ladjgdlg
B0BR8L7H9Z,ladjgdlg
B088K23B9J,ladjgdlg
B0DD7FFPFR,ladjgdlg
B096TDSCKR,ladjgdlg
B0DJQ1SQ75,ladjgdlg
B0DGFFCXT3,ladjgdlg
B0CC8R4SN8,ladjgdlg
B012767DSG,ladjgdlg
B0CY56ZFWK,ladjgdlg
B07Q35PRYP,ladjgdlg
B0C7R2ZNBN,ladjgdlg
B0CJXBL7DQ,ladjgdlg
B004O3LKEO,ladjgdlg
B0B247KNSK,ladjgdlg
B0CSYNMJ9T,ladjgdlg
B09SZ2YPFJ,ladjgdlg
B07ZJF7RN9,ladjgdlg
B0DGWYYVDG,ladjgdlg
B0C2NXDHYG,ladjgdlg
B0CLNGYS3C,ladjgdlg
B0BSH89RNZ,ladjgdlg
B0D12LM4GH,ladjgdlg
B08GYZYNM8,ladjgdlg
B0CM4JJL2Q,ladjgdlg
B0CP48Z2L2,ladjgdlg
B082TR3XKF,ladjgdlg
B0C5B26YSF,ladjgdlg
B09H5KGY2L,ladjgdlg
B0CDGKDSVF,ladjgdlg
B0978W8PVV,ladjgdlg
B086XBCFHM,ladjgdlg
B0CP7TW4PW,ladjgdlg
B0CX1FCP8M,ladjgdlg
B0CN72H675,ladjgdlg
B0C5RFCB6V,ladjgdlg
B0BJ68NJJB,ladjgdlg
B0CXXWNHQZ,ladjgdlg
B0CX8SSDQ1,ladjgdlg
B0CTX5L13W,ladjgdlg
B0CSPFWW6G,ladjgdlg
B0C89DNF52,ladjgdlg
B0C3Z4XWST,ladjgdlg
B0C22HD125,ladjgdlg
B0BYZ44DML,ladjgdlg
B0BVCJ9W8N,ladjgdlg
B09YYW7BM1,ladjgdlg
B09VG3M37V,ladjgdlg
B09577CQ8Q,ladjgdlg
B0874K63KM,ladjgdlg
B0812DCRY6,ladjgdlg
B07ZCTM3JD,ladjgdlg
B07V7Y85NC,ladjgdlg
B0BY7S8CLP,ladjgdlg
B0B8C7CK1T,ladjgdlg
B08JH96XBV,ladjgdlg
B0CBJJ5RSC,ladjgdlg
B0B7Q9KB9L,ladjgdlg
B0852HX9HV,ladjgdlg
B0813CQ4C9,ladjgdlg
B01KZ6RFBA,ladjgdlg
B0DYJBRRGC,ladjgdlg
B0DTHWRK8T,ladjgdlg
B0DJSCBXS4,ladjgdlg
B0DF7L85PW,ladjgdlg
B0D9TLXSRY,ladjgdlg
B0D962QPHZ,ladjgdlg
B0CZJV8R5Y,ladjgdlg
B0CYSZ1SMJ,ladjgdlg
B0CRZ2J9FD,ladjgdlg
B0C4W8M23V,ladjgdlg
B0CH9Z8DLW,ladjgdlg
B0CGTYN7ZB,ladjgdlg
B0002Z8PAA,ladjgdlg
B0CKPG1QWY,ladjgdlg
B07KRMMV3D,ladjgdlg
B094ZJBZ5C,ladjgdlg
B0BW263MWF,ladjgdlg
B018GCBZ5C,ladjgdlg
B08BQNQR8M,ladjgdlg
B0DMLQV2T1,ladjgdlg
B0CKVBW4ZW,ladjgdlg
B09VDYP65D,ladjgdlg
B0DL2YH1GP,ladjgdlg
B0D12NSJ2C,ladjgdlg
B09DFTKDKF,ladjgdlg
B0CY9SV7ZH,ladjgdlg
B0D9NZLMQY,ladjgdlg
B0C7GYFHZZ,ladjgdlg
B0DHXYHXNV,ladjgdlg
B0CTVS572V,ladjgdlg
B08S42T1YH,ladjgdlg
B0D4M6DCWY,ladjgdlg
B0CNLKG81W,ladjgdlg
B0DNTFT4R2,ladjgdlg
B0BZZK2BD5,ladjgdlg
B0CLD6QV2Y,ladjgdlg
B0DK5L2QH1,ladjgdlg
B0B64X77P7,ladjgdlg
B0CLCV651P,ladjgdlg
B0D41TT21D,ladjgdlg
B0C7R4JVMT,ladjgdlg
B0D42838HF,ladjgdlg
B0CQZKZ9B3,ladjgdlg
B0DFLS7945,ladjgdlg
B0CJTXBPR3,ladjgdlg
B005W0NZ9G,ladjgdlg
B0CY1WRYDK,ladjgdlg
B0D6YY2SDY,ladjgdlg
B0DGQC7K13,ladjgdlg
B06XS5536P,ladjgdlg
B0C5RC8TF9,ladjgdlg
B0BGLCK4ZD,ladjgdlg
B08JBGCT21,ladjgdlg
B084P21VYT,ladjgdlg
B0CMZNPD7B,ladjgdlg
B0CR4FJKGK,ladjgdlg
B0BJK1FKLV,ladjgdlg
B0918XLQM1,ladjgdlg
B09645KYL1,ladjgdlg
B07S9X5KJB,ladjgdlg
B0CSPT1GHY,ladjgdlg
B0DP2G8G7P,ladjgdlg
B09P4PGSFX,ladjgdlg
B0BWXHJTQD,ladjgdlg
B0D5HJKBNZ,ladjgdlg
B0DMLPPSJ1,ladjgdlg
B0C3B533Z3,ladjgdlg
B0CQK2WX1R,ladjgdlg
B0DL2YLWBH,ladjgdlg
B09TX9P81R,ladjgdlg
B0CRVHFDRC,ladjgdlg
B0DBZNN3Y2,ladjgdlg
B0CKPF24Q2,ladjgdlg
B0DP2RF55K,ladjgdlg
B0C9TGLT8G,ladjgdlg
B0D2HLQQF1,ladjgdlg
B0C3H53XZ6,ladjgdlg
B08BWS2VV2,ladjgdlg
B0C2YQ2XKB,ladjgdlg
B07JLTL5WW,ladjgdlg
B0BCK2WVRT,ladjgdlg
B07RSY52ZB,ladjgdlg
B0CGJ53LFN,ladjgdlg
B0BT4S7Y5D,ladjgdlg
B0C7CFTQLS,ladjgdlg
B0BS427KGG,ladjgdlg
B00AY272EG,ladjgdlg
B0D49K1RBD,ladjgdlg
B0DKNWKHZB,ladjgdlg
B0CQM2Z6RR,ladjgdlg
B0BWCW7GB2,ladjgdlg
B0CJM7KZPH,ladjgdlg
B0CDV237GD,ladjgdlg
B09MCLXGWZ,ladjgdlg
B07Q2RHXT3,ladjgdlg
B07CNJHGYZ,ladjgdlg
B0DDQ1TTWP,ladjgdlg
B0DD7KGFV8,ladjgdlg
B0CLG3XD58,ladjgdlg
B0BG8CLJRP,ladjgdlg
B0B2PTV2S3,ladjgdlg
B0D7LJQHT3,ladjgdlg
B0D65V2DCF,ladjgdlg
B0CYPFT418,ladjgdlg
B0BZRR7LLS,ladjgdlg
B0BWYDZ76K,ladjgdlg
B07B8DT9YT,ladjgdlg
B0CNGSYG7G,ladjgdlg
B0CDFKY9FT,ladjgdlg
B0CW1CXCBD,ladjgdlg
B0D1DQ97ZB,ladjgdlg
B0CM6WZ952,ladjgdlg
B09TRMND7M,ladjgdlg
B00ZCE4BH2,ladjgdlg
B0D93BS41F,ladjgdlg
B0DL9BP8J4,ladjgdlg
B09PXYS9NX,ladjgdlg
B081B3MC8N,ladjgdlg
B0BQQBX6FK,ladjgdlg
B097PNTKVQ,ladjgdlg
B0CHWDF6B4,ladjgdlg
B0CGX585SP,ladjgdlg
B0CFKH29F3,ladjgdlg
B0BG88J5JB,ladjgdlg
B094HRWJTG,ladjgdlg
B08C22V7YM,ladjgdlg
B0CZNYFKNM,ladjgdlg
B0CVYXK39F,ladjgdlg
B0CN2YKMYR,ladjgdlg
B0C9KTGZNH,ladjgdlg
B0BYZJYTZL,ladjgdlg
B0BWFK8DV1,ladjgdlg
B0BM36QZXJ,ladjgdlg
B09Z6BFDRF,ladjgdlg
B08FB3GC34,ladjgdlg
B00MX6GKXA,ladjgdlg
B0CQWBW67C,ladjgdlg
B0CV52YQN9,ladjgdlg
B09L6YR5SM,ladjgdlg
B097NL2VV9,ladjgdlg
B0CHRXW96K,ladjgdlg
B0C2JC1CTX,ladjgdlg
B00E78EE2G,ladjgdlg
B07YYYFJ1D,ladjgdlg
B0CTH8R645,ladjgdlg
B0DGWW6LG7,ladjgdlg
B0BG9YVF2C,ladjgdlg
B09KC28Z68,ladjgdlg
B09D2NWSXH,ladjgdlg
B088WC7S35,ladjgdlg
B0DGLCQMRY,ladjgdlg
B07W1254LV,ladjgdlg
B0CG5H8KF5,ladjgdlg
B0C7GTLRDC,ladjgdlg
B0C4LVXXWQ,ladjgdlg
B0C16ZTWP7,ladjgdlg
B0BXX3XJL7,ladjgdlg
B0BRFXCHG2,ladjgdlg
B0BPY8LZ3J,ladjgdlg
B0B8G41123,ladjgdlg
B0B7F7TJR9,ladjgdlg
B082P7GCK7,ladjgdlg
B082P78WY8,ladjgdlg
B07GGG15QV,ladjgdlg
B0DZHF8VN5,ladjgdlg
B0DSG59HZH,ladjgdlg
B0DRTY8H4T,ladjgdlg
B0DRNPTP32,ladjgdlg
B00AFLDJ1Q,ladjgdlg
B0D5QKJVQ8,ladjgdlg
B0D4DDZZHK,ladjgdlg
B0D325S8PT,ladjgdlg
B0D2L4MCV1,ladjgdlg
B0D1CD6SNV,ladjgdlg
B0CZ71XHGM,ladjgdlg
B0CWNT2MG4,ladjgdlg
B0CVRMK1K6,ladjgdlg
B0CT61X531,ladjgdlg
B0CSWSGQMQ,ladjgdlg
B0CRQPB6LH,ladjgdlg
B0CRL79BQN,ladjgdlg
B0CPM1KZHN,ladjgdlg
B0CP2QDWH6,ladjgdlg
B0CNHDX9M3,ladjgdlg
B0CKGM8V3Z,ladjgdlg
B0CJP7F4S1,ladjgdlg
B0CJFHZGVN,ladjgdlg
B0CJ58Y78R,ladjgdlg
B0CBQHYZ93,ladjgdlg
B0CB12NFN8,ladjgdlg
B0C993SJD2,ladjgdlg
B0C89MDHZ7,ladjgdlg
B0C6DKSL6B,ladjgdlg
B0C5DRYCCZ,ladjgdlg
B0C4SVF1P2,ladjgdlg
B0C3LVMJY1,ladjgdlg
B0C14P4BBV,ladjgdlg
B0C13N8N6H,ladjgdlg
B0BZV38NSW,ladjgdlg
B0BY2SX47J,ladjgdlg
B0BXJ81BRR,ladjgdlg
B0DM91NG4D,ladjgdlg
B0DLSQL4XV,ladjgdlg
B0DHGZK4TG,ladjgdlg
B0DGRY1CQY,ladjgdlg
B0DFCRRR4F,ladjgdlg
B0DCGF2KZR,ladjgdlg
B0DC44ZJ2P,ladjgdlg
B0DBJ47FGH,ladjgdlg
B0DB5N5J1B,ladjgdlg
B0D93J9V5C,ladjgdlg
B0D8WPHHTB,ladjgdlg
B0D8HSN8NC,ladjgdlg
B0D7HWTM37,ladjgdlg
B0D78Z89ST,ladjgdlg
B0D6XQS889,ladjgdlg
B0D6RDL85W,ladjgdlg
B0BV19WXGT,ladjgdlg
B0BQG1VB84,ladjgdlg
B0BB7V46Q9,ladjgdlg
B0B7L4K421,ladjgdlg
B0B6LRDY56,ladjgdlg
B0B5GBV3M7,ladjgdlg
B09WTVV6JR,ladjgdlg
B09TSW5Y2N,ladjgdlg
B09S3HW26W,ladjgdlg
B09QT2ZPXT,ladjgdlg
B09P1BHS51,ladjgdlg
B09J6NB2PG,ladjgdlg
B09DY8HMFB,ladjgdlg
B08VMYPTF6,ladjgdlg
B08KFPJP9Y,ladjgdlg
B08F4FXZNN,ladjgdlg
B0868CF91Y,ladjgdlg
B0829MD7P9,ladjgdlg
B07PW4KY74,ladjgdlg
B07MDZNGJ6,ladjgdlg
B077NTKRZ8,ladjgdlg
B072W93B72,ladjgdlg
B0185JD9LO,ladjgdlg
B004OKGV78,ladjgdlg
B0C66BZ6T8,ladjgdlg
B07DMLQ1GB,ladjgdlg
B0BX5HSM4X,ladjgdlg
B0DTKF1LGH,ladjgdlg
B0DBVKJH2L,ladjgdlg
B07C58GRPD,ladjgdlg
B0D5LTLGZB,ladjgdlg
B09L3S5L15,ladjgdlg
B0CTJCNQ1W,ladjgdlg
B0CY4SXQ29,ladjgdlg
B0CLGT4FWZ,ladjgdlg
B0CSXCFDFW,ladjgdlg
B0CTF6N316,ladjgdlg
B0CLD66W48,ladjgdlg
B0CZ1217PB,ladjgdlg
B0CL27TJ2X,ladjgdlg
B07J9JPSM9,ladjgdlg
B0BZCR3K3N,ladjgdlg
B07F3GW2H9,ladjgdlg
B0B9GNCJNS,ladjgdlg
B0D9GZGBB3,ladjgdlg
B0B2DKWTPB,ladjgdlg
B08NP9X5C5,ladjgdlg
B07FDYW11N,ladjgdlg
B0B654N9KW,ladjgdlg
B08R5QM9PC,ladjgdlg
B09S7WCS7Z,ladjgdlg
B0CVHB8MH2,ladjgdlg
B00K3WAWSA,ladjgdlg
B0CJL4LW2X,ladjgdlg
B08WRRRZJF,ladjgdlg
B0D7H74WV6,ladjgdlg
B0DPC9DJC4,ladjgdlg
B0CQG2WHQ9,ladjgdlg
B09KPLFDJS,ladjgdlg
B09JKHVR2Y,ladjgdlg
B0D8J1Z29F,ladjgdlg
B0CPT8D2GD,ladjgdlg
B0BHJJ9QMG,ladjgdlg
B00IY0JXI8,ladjgdlg
B0CVHD23S3,ladjgdlg
B0CNH2V7PD,ladjgdlg
B0BNKWDQMB,ladjgdlg
B00JG0A6KE,ladjgdlg
B0BRKC2K6W,ladjgdlg
B09N1QSKC8,ladjgdlg
B085TS1D14,ladjgdlg
B0CL246P3Q,ladjgdlg
B09V25YPJW,ladjgdlg
B09QGD7Q68,ladjgdlg
B07CJW3PVT,ladjgdlg
B0DHL44P4V,ladjgdlg
B0BXL2HB9T,ladjgdlg
B00ACOBHL0,ladjgdlg
B0CZKY75JN,ladjgdlg
B0BWW4WRRY,ladjgdlg
B0B9ZV5BZ6,ladjgdlg
B09DBJS83J,ladjgdlg
B083KGNSNV,ladjgdlg
B002MP1XRA,ladjgdlg
B0DT787B6B,ladjgdlg
B0DRD1F3RR,ladjgdlg
B0DB82VMG9,ladjgdlg
B0BYD918Z5,ladjgdlg
B0BPHMYN2S,ladjgdlg
B0BD84N829,ladjgdlg
B0B44T788L,ladjgdlg
B0B1JLBJBG,ladjgdlg
B09V5QP27Y,ladjgdlg
B09PDR1CNY,ladjgdlg
B09N8NF6XY,ladjgdlg
B098L4R9P2,ladjgdlg
B093HZJ5T2,ladjgdlg
B083JT9LBK,ladjgdlg
B07Z74JSLX,ladjgdlg
B07RMXNPZ3,ladjgdlg
B07BYL3RWB,ladjgdlg
B0D6TMT6N9,ladjgdlg
B0D3TVG155,ladjgdlg
B0D3Q5LZVM,ladjgdlg
B0D1FZ7LFL,ladjgdlg
B0CYSXFDZY,ladjgdlg
B0CYRX9LRB,ladjgdlg
B0CY1X1P71,ladjgdlg
B0CL4T8JX8,ladjgdlg
B0CJ98ZZ6G,ladjgdlg
B0CFCW4WZZ,ladjgdlg
B0C8M1P33B,ladjgdlg
B0C85VRZLP,ladjgdlg
B0C77F3CVR,ladjgdlg
B0C3QNDVKH,ladjgdlg
B0C32J18H5,ladjgdlg
B0BYDFXSJN,ladjgdlg
B0BPHYYG4Y,ladjgdlg
B0CS2VVTPV,ladjgdlg
B0DLZVYXXZ,ladjgdlg
B0BRXW8TN9,ladjgdlg
B0C2D61GP3,ladjgdlg
B0DBVH1JQG,ladjgdlg
B08LQTKMW6,ladjgdlg
B09QK67NZK,ladjgdlg
B0D6D1FJ3C,ladjgdlg
B07HKVFB41,ladjgdlg
B08CPXXW1Q,ladjgdlg
B0CNC4LKG7,ladjgdlg
B0DT19PD12,ladjgdlg
B0CYPLHPP1,ladjgdlg
B097TRQY3T,ladjgdlg
B0DJQZ6CRG,ladjgdlg
B0D44XXQDV,ladjgdlg
B07HWVJP7H,ladjgdlg
B0DJ2FCK5D,ladjgdlg
B08XWZQZ7T,ladjgdlg
B092NYKZT6,ladjgdlg
B0DFD4DNQ1,ladjgdlg
B0CQD579Q1,ladjgdlg
B0D91Z116Y,ladjgdlg
B07W77D2Q3,ladjgdlg
B0B64DCNST,ladjgdlg
B0DDZ7D7TC,ladjgdlg
B00DPVMY5A,ladjgdlg
B0DLFRXNNK,ladjgdlg
B0CFB5SV3V,ladjgdlg
B0DP4K5DCQ,ladjgdlg
B000028186,ladjgdlg
B0BXT25VH7,ladjgdlg
B01LXY7B75,ladjgdlg
B0DLT22B83,ladjgdlg
B07P5H8XS9,ladjgdlg
B00VBHTFBG,ladjgdlg
B0C7QN6VZG,ladjgdlg
B0BQWT14FW,ladjgdlg
B09K8ZNXFS,ladjgdlg
B01GUEHR2S,ladjgdlg
B08Y5KLDHH,ladjgdlg
B0D1VJ221T,ladjgdlg
B09ZB65MHX,ladjgdlg
B0DS231P89,ladjgdlg
B0CW1B5J8L,ladjgdlg
B0D3PLGL74,ladjgdlg
B0B76D7NVS,ladjgdlg
B09YYBQWMC,ladjgdlg
B0CK9N2YJF,ladjgdlg
B0DKSTLRCS,ladjgdlg
B0C4TKN6KX,ladjgdlg
B07ZYN28GR,ladjgdlg
B0DRJ7TJKB,ladjgdlg
B0CZ3MFWD5,ladjgdlg
B0CWR16ZWG,ladjgdlg
B0CFYKCYB9,ladjgdlg
B0CVF88FKY,ladjgdlg
B0CS6R6WT6,ladjgdlg
B0DQ7547JV,ladjgdlg
B0CZLBHBR4,ladjgdlg
B0DHJXZ4NR,ladjgdlg
B0D8KQWPWB,ladjgdlg
B004W1V94O,ladjgdlg
B09WRCP6G7,ladjgdlg
B0D8PPJVS9,ladjgdlg
B09DCV81CK,ladjgdlg
B07QYBT3X5,ladjgdlg
B0DPDH1BW9,ladjgdlg
B0DC618RB5,ladjgdlg
B0CW26MGQ5,ladjgdlg
B0CRB1S4Q5,ladjgdlg
B0C17NLZNH,ladjgdlg
B00HOFX0P6,ladjgdlg
B0DD7LVHX6,ladjgdlg
B0CXSXXX5K,ladjgdlg
B0C8CXDFP2,ladjgdlg
B07BPLJR71,ladjgdlg
B0B12CMZJK,ladjgdlg
B09TDLKZM8,ladjgdlg
B08NSYBPHY,ladjgdlg
B0D9TLCYZQ,ladjgdlg
B0D9PRVGDY,ladjgdlg
B0D8PHSDZB,ladjgdlg
B0D7HPYJ5M,ladjgdlg
B0D79FXV84,ladjgdlg
B0D6BQPNG5,ladjgdlg
B0D668FM32,ladjgdlg
B0D4Z1F9G8,ladjgdlg
B0D48QW7JM,ladjgdlg
B0D46M1J8F,ladjgdlg
B0D3VD2X6C,ladjgdlg
B0D1KWCZYR,ladjgdlg
B0D1C9VLNV,ladjgdlg
B0CYZK4CYJ,ladjgdlg
B0CYP79TTC,ladjgdlg
B0CYGT65YS,ladjgdlg
B00Q6U4H66,ladjgdlg
B00D0DODXO,ladjgdlg
B0BR65DPBF,ladjgdlg
B0B5GZYFCN,ladjgdlg
B07QFNNTNS,ladjgdlg
B0DS7TQQ7L,ladjgdlg
B0DR8MZZL5,ladjgdlg
B0DR2WK7HM,ladjgdlg
B0DPWZ6W5L,ladjgdlg
B0DLPF4FQL,ladjgdlg
B0DK727KSF,ladjgdlg
B0DJM7RV79,ladjgdlg
B0DJ8PL7RJ,ladjgdlg
B0DFWGTC11,ladjgdlg
B0DDBSB5RN,ladjgdlg
B0DD4G1WLB,ladjgdlg
B0CL249GL1,ladjgdlg
B0C9MG64FB,ladjgdlg
B09X9RCB61,ladjgdlg
B004GQGN50,ladjgdlg
B0D3TM58LX,ladjgdlg
B0B4DJC26R,ladjgdlg
B07L163WTT,ladjgdlg
B0DSFBNVKS,ladjgdlg
B07772JL8G,ladjgdlg
B004FEKPSE,ladjgdlg
B0CGC85MPH,ladjgdlg
B0C9XXB3P4,ladjgdlg
B09TF87QM2,ladjgdlg
B0CD7JQ968,ladjgdlg
B0DF73Y438,ladjgdlg
B0DC647PC8,ladjgdlg
B08VN7FXSN,ladjgdlg
B08L9DVX86,ladjgdlg
B08FRRVBDD,ladjgdlg
B07SFCM45V,ladjgdlg
B0793LH8X9,ladjgdlg
B072QF1368,ladjgdlg
B0BPSLZ1T5,ladjgdlg
B09ZY2F31X,ladjgdlg
B0D56SCWJK,ladjgdlg
B0C64GHF5P,ladjgdlg
B0BMW9W4NQ,ladjgdlg
B09HH8PQQP,ladjgdlg
B09B1Z7DV9,ladjgdlg
B0006TIM96,ladjgdlg
B0C9TBC5R6,ladjgdlg
B07D9FY1LS,ladjgdlg
B00BSWO9BK,ladjgdlg
B0D9W1K1XV,ladjgdlg
B0D9KWW2Q6,ladjgdlg
B0CX6W1D64,ladjgdlg
B0C6KFMFRD,ladjgdlg
B082XW5TFS,ladjgdlg
B0CRD4F23Q,ladjgdlg
B0CQZ223NW,ladjgdlg
B0CQPGJKQJ,ladjgdlg
B0CPYBC9F3,ladjgdlg
B0CKVGG3TT,ladjgdlg
B0CK18SRMG,ladjgdlg
B0CFV1GHRK,ladjgdlg
B0CF5637R4,ladjgdlg
B0CBBL312G,ladjgdlg
B0C89TXYJH,ladjgdlg
B0C3B3LBBL,ladjgdlg
B0BHNXWHK2,ladjgdlg
B0B7TFRXYD,ladjgdlg
B0B4S3F5CK,ladjgdlg
B0B28GF9H2,ladjgdlg
B09528DYB5,ladjgdlg
B0CT5KYY4H,ladjgdlg
B0CQVJNYDX,ladjgdlg
B08PP457P5,ladjgdlg
B0CPV3LKP2,ladjgdlg
B0C5WNDMKD,ladjgdlg
B0CV5T3C8G,ladjgdlg
B0D4D7XXLD,ladjgdlg
B0BXWBRH1G,ladjgdlg
B089QVLMJJ,ladjgdlg
B08K14QPKX,ladjgdlg
B09M313QFR,ladjgdlg
B07FN8CXCB,ladjgdlg
B0DHLG1CDY,ladjgdlg
B0BWPY9JRR,ladjgdlg
B0CB6BZM1K,ladjgdlg
B0CSD9DV4J,ladjgdlg
B07TVC1MSP,ladjgdlg
B0BN6CSCQ5,ladjgdlg
B0CXXK43WV,ladjgdlg
B0D65JFRX4,ladjgdlg
B0C2HMKQHB,ladjgdlg
B0DSFJ9J4Q,ladjgdlg
B0C52S997C,ladjgdlg
B0C33HYFNN,ladjgdlg
B0DP4KWNHW,ladjgdlg
B0CYZH9LH5,ladjgdlg
B0CM8DXWYJ,ladjgdlg
B0DK15GJNC,ladjgdlg
B0CGJ8B46X,ladjgdlg
B095136QCP,ladjgdlg
B0D9P12MKH,ladjgdlg
B0CQPMRXMF,ladjgdlg
B07HZ1QMVP,ladjgdlg
B0DWXDW9JR,ladjgdlg
B0DP6MP46X,ladjgdlg
B0BBFQN5R1,ladjgdlg
B0DWL68SS9,ladjgdlg
B0DSG5F7TX,ladjgdlg
B0CXTBNWL8,ladjgdlg
B0CKRGXC1Z,ladjgdlg
B0CNN78VJM,ladjgdlg
B01J7AAMEW,ladjgdlg
B0C8H2DJ38,ladjgdlg
B0DSVX3D8S,ladjgdlg
B01CJYB1Q6,ladjgdlg
B0CK5NMZTV,ladjgdlg
B0DDCD6XJD,ladjgdlg
B0CRGCWBCM,ladjgdlg
B08SC13FLS,ladjgdlg
B07C9N1DPH,ladjgdlg
B0DPWXVKFT,ladjgdlg
B0BN2WCNWR,ladjgdlg
B0BMZCZCQV,ladjgdlg
B09SG6YR52,ladjgdlg
B07646Q4JH,ladjgdlg
B000A3V2JA,ladjgdlg
B0C69R1NX4,ladjgdlg
B07TRDG8ZQ,ladjgdlg
B07V9NPXWC,ladjgdlg
B074HCJR6F,ladjgdlg
B07PFH4ZR5,ladjgdlg
B07Y54K3RC,ladjgdlg
B081234CYX,ladjgdlg
B0CC35GBN8,ladjgdlg
B0C85LRDG6,ladjgdlg
B0D2BHNGBD,ladjgdlg
B00JZZ554C,ladjgdlg
B0D4QQMMGN,ladjgdlg
B087P4D59T,ladjgdlg
B07B4D68TF,ladjgdlg
B00BMEN1BI,ladjgdlg
B0CMXCJT1Z,ladjgdlg
B09FL9KRY4,ladjgdlg
B0D148M6HX,ladjgdlg
B0DSKGQDV9,ladjgdlg
B0DKDZYQV8,ladjgdlg
B0CT5LYNHT,ladjgdlg
B0C57S1HKQ,ladjgdlg
B002RT2W1M,ladjgdlg
B0BWMXC5PK,ladjgdlg
B0D9NMW2BD,ladjgdlg
B0CT3DWT8S,ladjgdlg
B07CTXDV2S,ladjgdlg
B00N4OIOCK,ladjgdlg
B0F12QMHTN,ladjgdlg
B0CP9WLCDG,ladjgdlg
B001NXUYZ4,ladjgdlg
B0CQMMZ21J,ladjgdlg
B087NGHN44,ladjgdlg
B07Q3H1Z38,ladjgdlg
B0BTM72R34,ladjgdlg
B0C1JYG33C,ladjgdlg
B0B38G8DK9,ladjgdlg
B08W291H7F,ladjgdlg
B076DS44Y6,ladjgdlg
B092TYZ5HL,ladjgdlg
B08KVX799P,ladjgdlg
B0CZRW28L7,ladjgdlg
B09SD83ZT5,ladjgdlg
B0DJXKXLVK,ladjgdlg
B0CCTLDV64,ladjgdlg
B0BKTH6MWM,ladjgdlg
B0BS152KK9,ladjgdlg
B0B3J9DB36,ladjgdlg
B0B1QVQ82S,ladjgdlg
B0182PAS74,ladjgdlg
B0CFX8PKPX,ladjgdlg
B0CCNQXHVY,ladjgdlg
B0BXY7NSP5,ladjgdlg
B07XFQ8J2Z,ladjgdlg
B01E7FQ03O,ladjgdlg
B0CBFB596M,ladjgdlg
B0BYT1C9H5,ladjgdlg
B0BYSWYM64,ladjgdlg
B0B53D8255,ladjgdlg
B0B3R5QQVB,ladjgdlg
B0B2R7N1RN,ladjgdlg
B094CZDXSM,ladjgdlg
B08L7KPBP7,ladjgdlg
B07GRPFTQR,ladjgdlg
B00SG6TPHO,ladjgdlg
B000DLB24Y,ladjgdlg
B0DJ2R3SMQ,ladjgdlg
B0CP4G5DVX,ladjgdlg
B0CMJ15TLT,ladjgdlg
B0CGV8LKVL,ladjgdlg
B0CBBLTPN8,ladjgdlg
B0BHZJS9RF,ladjgdlg
B08594S84N,ladjgdlg
B07VD6CD3L,ladjgdlg
B079YXKMD2,ladjgdlg
B0D2RSRJ7G,ladjgdlg
B0D2DM1FWP,ladjgdlg
B0CCDF6M2L,ladjgdlg
B09KS67DC7,ladjgdlg
B08QHWYHDB,ladjgdlg
B0037AL0PY,ladjgdlg
B0DGG685KT,ladjgdlg
B0DD7XJBLJ,ladjgdlg
B0D8VP8TR6,ladjgdlg
B0CZ93982T,ladjgdlg
B0CWMYMPV6,ladjgdlg
B0CPYPJWLQ,ladjgdlg
B0CW92FXPK,ladjgdlg
B0CKW5FP5D,ladjgdlg
B07F1NDVTJ,ladjgdlg
B00PBGB6V0,ladjgdlg
B0BVMBN1CJ,ladjgdlg
B0BV1KLP1Z,ladjgdlg
B0BJ6XDK1S,ladjgdlg
B0BFGZDPMT,ladjgdlg
B09NFT2KLX,ladjgdlg
B0DY87DRHH,ladjgdlg
B0D9SBGP4K,ladjgdlg
B0CZKV3MJM,ladjgdlg
B0CRHDKC7J,ladjgdlg
B0CKMX7FJ9,ladjgdlg
B0C342PYNB,ladjgdlg
B0BJ6SZR8Y,ladjgdlg
B07XSFVPBR,ladjgdlg
B07X2C49YV,ladjgdlg
B07FN4CVF9,ladjgdlg
B0DZM597PJ,ladjgdlg
B0DYDJKZ44,ladjgdlg
B0DYD5S7JS,ladjgdlg
B0DS2LCTV6,ladjgdlg
B0DRY9R3PJ,ladjgdlg
B0DRDHW6J9,ladjgdlg
B0DQL1262F,ladjgdlg
B0DNQQCJC8,ladjgdlg
B0DM5FN2XB,ladjgdlg
B0DJ2MNN1D,ladjgdlg
B0DHCKCZZV,ladjgdlg
B0DGFX7FP1,ladjgdlg
B0DG9C8CY2,ladjgdlg
B0DFB8J3Q7,ladjgdlg
B0DFB7X5JK,ladjgdlg
B0DDKPCBQG,ladjgdlg
B0DBSTNP2P,ladjgdlg
B0DBGDBVQN,ladjgdlg
B0DB5PX5NM,ladjgdlg
B0D72VSWBT,ladjgdlg
B0D6WTLHGV,ladjgdlg
B0D31HF9KS,ladjgdlg
B0D1KH732X,ladjgdlg
B0CYHGB3DX,ladjgdlg
B0CY2PGD5K,ladjgdlg
B0CX8KH3NV,ladjgdlg
B0CX5RLHZQ,ladjgdlg
B0CWGL3VZ7,ladjgdlg
B0CWD44N61,ladjgdlg
B0C73T1MPT,ladjgdlg
B0C2PZM5NH,ladjgdlg
B0C1GCFHPS,ladjgdlg
B0BZ38NLPX,ladjgdlg
B0BY8QMHXT,ladjgdlg
B0BY6P16QZ,ladjgdlg
B0BRQXQ2SY,ladjgdlg
B0BGG7JXM4,ladjgdlg
B0B9JSJM48,ladjgdlg
B0B56MQ55Z,ladjgdlg
B0B1PZRCL2,ladjgdlg
B09VGMN2DK,ladjgdlg
B09NP746GY,ladjgdlg
B08FY5MYDM,ladjgdlg
B087CB447J,ladjgdlg
B0CTQKVLFW,ladjgdlg
B0CSXCDDQZ,ladjgdlg
B0CSPKVPVW,ladjgdlg
B0CQXN2V87,ladjgdlg
B0CQX3RDHZ,ladjgdlg
B0CQM41Q5R,ladjgdlg
B0CQK68GQH,ladjgdlg
B0CQK161S9,ladjgdlg
B0CP76PPQ3,ladjgdlg
B0CNNKFT9S,ladjgdlg
B0CN9DBFSK,ladjgdlg
B0CMCNCRJJ,ladjgdlg
B0CM9GVR6P,ladjgdlg
B0CLVJKWZ7,ladjgdlg
B0CL7JNTG7,ladjgdlg
B0CKZGYJMC,ladjgdlg
B0CJC363ZB,ladjgdlg
B0CJ9BN7FP,ladjgdlg
B0CJ8STKV4,ladjgdlg
B0CHNS5XMN,ladjgdlg
B0CH7TPB4R,ladjgdlg
B0C9951LND,ladjgdlg
B0C8ZFLL8F,ladjgdlg
B0C8HJML45,ladjgdlg
B0C89GDQCY,ladjgdlg
B0C7HLHGQF,ladjgdlg
B0C6CYT6RC,ladjgdlg
B0C5R3S34Y,ladjgdlg
B0C53DJFMF,ladjgdlg
B0C3B4ZRH3,ladjgdlg
B0C33HDHDZ,ladjgdlg
B0C2GKX61Z,ladjgdlg
B09XB3S1H5,ladjgdlg
B09VGWMQ7G,ladjgdlg
B09MSVXWKR,ladjgdlg
B09M84LM3G,ladjgdlg
B09K41X62P,ladjgdlg
B09H1ZJXPH,ladjgdlg
B09D9BKNXR,ladjgdlg
B094VJVLPQ,ladjgdlg
B093HMN2ZP,ladjgdlg
B08TVJWR47,ladjgdlg
B08SR2VZC4,ladjgdlg
B08P3B8JQS,ladjgdlg
B0854KN6LV,ladjgdlg
B0837K5NQV,ladjgdlg
B0812D6LBW,ladjgdlg
B07Y7HL11F,ladjgdlg
B07QRZFWZ7,ladjgdlg
B07H5PSGF2,ladjgdlg
B079J65GM1,ladjgdlg
B009GJW6LW,ladjgdlg
B0077GF2IK,ladjgdlg
B0C17G5627,ladjgdlg
B0BZTXD2J1,ladjgdlg
B0BWXW1TJD,ladjgdlg
B0BWTGGRJ1,ladjgdlg
B0BW94BVXW,ladjgdlg
B0BVZ39LTZ,ladjgdlg
B0BRQZ24JT,ladjgdlg
B0BRMXH62X,ladjgdlg
B0BQG2SS53,ladjgdlg
B0BDRJS2QN,ladjgdlg
B0BDDLDXR6,ladjgdlg
B0BBCD479N,ladjgdlg
B0B7DTMQQL,ladjgdlg
B0B4W9FJ9R,ladjgdlg
B09YLS2N6F,ladjgdlg
B0DJVZGPSV,ladjgdlg
B0BVBG31BB,ladjgdlg
B0DJX6Q5NZ,ladjgdlg
B0DGQMCGBH,ladjgdlg
B0CCJFHYHW,ladjgdlg
B000A6VPU8,ladjgdlg
B0DGQG8G7Q,ladjgdlg
B0CTTSMBPP,ladjgdlg
B0CZ43TBRX,ladjgdlg
B0CTG54HSM,ladjgdlg
B0CXJBJ4GK,ladjgdlg
B0DRPKDJ84,ladjgdlg
B0CF1RNJQN,ladjgdlg
B09BHWHFGY,ladjgdlg
B0CDRQ1YS5,ladjgdlg
B0D8NW5L8Y,ladjgdlg
B0C6549N8S,ladjgdlg
B09JKP8SZZ,ladjgdlg
B0BJK7VSFX,ladjgdlg
B09CD7H5WT,ladjgdlg
B0CH8BTVPK,ladjgdlg
B07R5SZBWB,ladjgdlg
B09FHGF5YS,ladjgdlg
B00M16DANU,ladjgdlg
B0CTCP6ZTB,ladjgdlg
B0CH16BXS6,ladjgdlg
B01N4VBR3W,ladjgdlg
B0C4L5GXPR,ladjgdlg
B09VKV9VJ4,ladjgdlg
B077FTMM9Y,ladjgdlg
B0D3QLTRWD,ladjgdlg
B0D6BCV214,ladjgdlg
B0C6KDW5PH,ladjgdlg
B0DFVS21G3,ladjgdlg
B09KV7LZ3Y,ladjgdlg
B07HCNJZ2F,ladjgdlg
B08C4RS2H4,ladjgdlg
B0C6SLZ4BY,ladjgdlg
B0D2BHLYS6,ladjgdlg
B0B614VBDW,ladjgdlg
B0C9LHFC2X,ladjgdlg
B08GBY9WBP,ladjgdlg
B0DKHZ4F94,ladjgdlg
B0CNWZFBT4,ladjgdlg
B0B7NS11DH,ladjgdlg
B0CLGSQTMV,ladjgdlg
B00G1S5ICA,ladjgdlg
B0D5QR9L5J,ladjgdlg
B0C69TF6HG,ladjgdlg
B09XM4SFN2,ladjgdlg
B0CYTFG7VK,ladjgdlg
B09W9LTYL2,ladjgdlg
B07VTR1412,ladjgdlg
B06Y25DSJK,ladjgdlg
B0D48P971R,ladjgdlg
B093KYF9SL,ladjgdlg
B08L3JJV7P,ladjgdlg
B085N7PKNL,ladjgdlg
B0D423J4HB,ladjgdlg
B0CJF5G1CN,ladjgdlg
B0CB3L47R8,ladjgdlg
B0BPQS2PCB,ladjgdlg
B07RKTC2Z2,ladjgdlg
B001QNE21I,ladjgdlg
B0CBBLJZ2T,ladjgdlg
B0BYRQ18WR,ladjgdlg
B0BDMGKB6G,ladjgdlg
B0CSX96SB8,ladjgdlg
B07JKYB6M3,ladjgdlg
B09N42RJKW,ladjgdlg
B0CNJ3FBPS,ladjgdlg
B0C9TW2Q3P,ladjgdlg
B088T1L226,ladjgdlg
B0BTMB1CYK,ladjgdlg
B0BZ89C6QS,ladjgdlg
B07QF3XVKC,ladjgdlg
B0CP5LY9R1,ladjgdlg
B0DTDYKB5V,ladjgdlg
B0D3F98JND,ladjgdlg
B0C7MQTFR8,ladjgdlg
B0D6V46W3V,ladjgdlg
B0D4DVHG7H,ladjgdlg
B0D47416F4,ladjgdlg
B0D46MD7F7,ladjgdlg
B0D235R8W3,ladjgdlg
B0CQGMRG12,ladjgdlg
B0CN9D39RW,ladjgdlg
B0CMXVZ83K,ladjgdlg
B0CM9J16Q5,ladjgdlg
B0CLTXTYF3,ladjgdlg
B0CLP1R8R6,ladjgdlg
B0CJP7V2RL,ladjgdlg
B0CJBT53VY,ladjgdlg
B0CHRSWYLS,ladjgdlg
B0CFF1G5JX,ladjgdlg
B0CDGC4PVJ,ladjgdlg
B0CM993R41,ladjgdlg
B0CGWT96Y9,ladjgdlg
B0C7XHRHNT,ladjgdlg
B0C3QT47N7,ladjgdlg
B08T63ZFWH,ladjgdlg
B000C4OHXA,ladjgdlg
B0DWXBY9M3,ladjgdlg
B0DWFL9YJ6,ladjgdlg
B0DNPYTDJF,ladjgdlg
B0DLB1RVGM,ladjgdlg
B0DKB16W6X,ladjgdlg
B0DHK2RVV7,ladjgdlg
B0DGXYCKWJ,ladjgdlg
B0DG2LGZG7,ladjgdlg
B0DBGY5B6C,ladjgdlg
B0D97CQK3J,ladjgdlg
B0BN557BLK,ladjgdlg
B0C7KZP8ZL,ladjgdlg
B0CT4MT2D9,ladjgdlg
B0CT4KQV4M,ladjgdlg
B0C5HR69TK,ladjgdlg
B00BBFRL3W,ladjgdlg
B0D7L5X76P,ladjgdlg
B0CBS12ZCT,ladjgdlg
B0C7P57Q66,ladjgdlg
B0BY1MX1JS,ladjgdlg
B0BWCM2QFW,ladjgdlg
B0BTTCN1BB,ladjgdlg
B0BN5J9MW5,ladjgdlg
B0BBSZKL6T,ladjgdlg
B0BBBW5453,ladjgdlg
B0B2VXHBG3,ladjgdlg
B09ZSJ48YW,ladjgdlg
B09N9B1JWZ,ladjgdlg
B095KB922K,ladjgdlg
B08Q3DSQMP,ladjgdlg
B08FNSPV32,ladjgdlg
B08D8VVDKX,ladjgdlg
B087C9VZF9,ladjgdlg
B09ZT6QC5J,ladjgdlg
B00TQ5SEAI,ladjgdlg
B0B43KW8DM,ladjgdlg
B0DT197JJC,ladjgdlg
B0CZHNXN3S,ladjgdlg
B0DNJSBSBK,ladjgdlg
B0D4DWDS4G,ladjgdlg
B0C23W5Z5C,ladjgdlg
B0C5WTFR45,ladjgdlg
B0D3D6413W,ladjgdlg
B0C4F4W5N6,ladjgdlg
B0DSQ6HSX1,ladjgdlg
B0CKN61VFV,ladjgdlg
B0CHVVRGHR,ladjgdlg
B0D3KZDCJ5,ladjgdlg
B0CPP2GW5D,ladjgdlg
B019DZTMMO,ladjgdlg
B07TWGHQVY,ladjgdlg
B0BQW51FF4,ladjgdlg
B09H2ZB2LD,ladjgdlg
B0DB5S8N5F,ladjgdlg
B0D5HG2CYL,ladjgdlg
B0D4YS5XHS,ladjgdlg
B0DMV58HZQ,ladjgdlg
B0DCPBCFFF,ladjgdlg
B07TX5TGBK,ladjgdlg
B07KF2LM5G,ladjgdlg
B07HDW7VX5,ladjgdlg
B07DS4VSZY,ladjgdlg
B072HQ9B39,ladjgdlg
B00GVGGHSG,ladjgdlg
B0817PPFJT,ladjgdlg
B0DR2Q4Q4Q,ladjgdlg
B0BN8WGHQV,ladjgdlg
B07C61MNBP,ladjgdlg
B07C659QQ8,ladjgdlg
B09NJKF2D6,ladjgdlg
B0CS8WQP2C,ladjgdlg
B01379BRFM,ladjgdlg
B0D2NT666M,ladjgdlg
B0DGV5N65F,ladjgdlg
B0B785GPTC,ladjgdlg
B0C5Y439HJ,ladjgdlg
B09RWX6F4S,ladjgdlg
B09XWNMVV1,ladjgdlg
B09LCNWRMT,ladjgdlg
B0DMND4BJ3,ladjgdlg
B0DRNGG9M2,ladjgdlg
B0BKY4RWNZ,ladjgdlg
B08R5R7W1Y,ladjgdlg
B0DFM36938,ladjgdlg
B06XTWCHLP,ladjgdlg
B0CPTBRJ58,ladjgdlg
B002YPS6T6,ladjgdlg
B0CXLZ8CKS,ladjgdlg
B0CT8L5DTT,ladjgdlg
B07VFXNGRD,ladjgdlg
B0DDBZ5TM7,ladjgdlg
B0DBHGMLQN,ladjgdlg
B08Z3PZKDB,ladjgdlg
B0CBTJS3CJ,ladjgdlg
B0BF9MJFB7,ladjgdlg
B07H1NJ42Z,ladjgdlg
B0CN6XB9QP,ladjgdlg
B0C23PTG4T,ladjgdlg
B08JD2VC3H,ladjgdlg
B08NSNDZVG,ladjgdlg
B0D2J7LKQJ,ladjgdlg
B0CPJ41JZ7,ladjgdlg
B09B6DDWT1,ladjgdlg
B0CRB25JTX,ladjgdlg
B09B1L9W2J,ladjgdlg
B07K7YBJGG,ladjgdlg
B01N7U4O1C,ladjgdlg
B0CDNRXVX5,ladjgdlg
B01N8YJPHK,ladjgdlg
B0DRD83SB1,ladjgdlg
B0DP4V9NT4,ladjgdlg
B0C9PGV7JH,ladjgdlg
B007VZN8X8,ladjgdlg
B0DCDCFRVZ,ladjgdlg
B0C4KPFZPP,ladjgdlg
B0BBL9JNBS,ladjgdlg
B09F85DR5V,ladjgdlg
B08ZSMTSVP,ladjgdlg
B0DJXYM2DP,ladjgdlg
B0CMQC4K1L,ladjgdlg
B0CLVG52J3,ladjgdlg
B0CCPPXJ1P,ladjgdlg
B0BQHS2MMZ,ladjgdlg
B07WWG1S2N,ladjgdlg
B07Q55H8JW,ladjgdlg
B06XTFJ3Q1,ladjgdlg
B00866NTJY,ladjgdlg
B0DZCN98DB,ladjgdlg
B0DRJ25LLZ,ladjgdlg
B0DR2YG24K,ladjgdlg
B0DP2KV352,ladjgdlg
B0DNZ3BJLJ,ladjgdlg
B0DLL73592,ladjgdlg
B0DLGL65R8,ladjgdlg
B0DKWVFN6V,ladjgdlg
B0DHQXNTYX,ladjgdlg
B0DF2VZ88F,ladjgdlg
B0DD47LRH7,ladjgdlg
B0DCSHN83J,ladjgdlg
B0D9VD7SYN,ladjgdlg
B0D72K1T82,ladjgdlg
B0D62Z3KMK,ladjgdlg
B0D5YPCGMM,ladjgdlg
B0D5H4QTNR,ladjgdlg
B09L5CQPCJ,ladjgdlg
B099ZQSRLR,ladjgdlg
B08P9VRXPY,ladjgdlg
B087Q2T19R,ladjgdlg
B07XMKCSN6,ladjgdlg
B07NW44SW8,ladjgdlg
B0040QILTW,ladjgdlg
B0DB4W22HL,ladjgdlg
B0D7RZJ4FT,ladjgdlg
B0D5GR4D8Q,ladjgdlg
B00NMEW9G4,ladjgdlg
B0DB87LP39,ladjgdlg
B0C27B4KBB,ladjgdlg
B0BJXPCGBS,ladjgdlg
B0CCRYLQ2R,ladjgdlg
B0DHXHMCXH,ladjgdlg
B0CFX5K2HV,ladjgdlg
B0D3V9RW4K,ladjgdlg
B0CYX1D38P,ladjgdlg
B0CTLVZSJW,ladjgdlg
B0CLXY6FMB,ladjgdlg
B0CLRNQMSP,ladjgdlg
B0CH83JR3R,ladjgdlg
B0CG1D8ZWJ,ladjgdlg
B0CCY94R4Z,ladjgdlg
B0C8H98NH8,ladjgdlg
B0C5QN2KRZ,ladjgdlg
B0BWR3MP22,ladjgdlg
B0BMWBWWN5,ladjgdlg
B0BKT6RQDZ,ladjgdlg
B0BDFC54DY,ladjgdlg
B09RFZ6W3M,ladjgdlg
B09NHST6RX,ladjgdlg
B0C7N1G8H1,ladjgdlg
B08D4PBYJ5,ladjgdlg
B0D9XZGMY4,ladjgdlg
B0D92KJXF5,ladjgdlg
B091965671,ladjgdlg
B0CW2G9513,ladjgdlg
B0DK8J2799,ladjgdlg
B0BX4DH18K,ladjgdlg
B09MDY6DWR,ladjgdlg
B0D3D3373J,ladjgdlg
B0C9XYWZP6,ladjgdlg
B0B7FS5PPR,ladjgdlg
B08MFT3JRT,ladjgdlg
B0D2RF7TJ4,ladjgdlg
B08N2XT8DL,ladjgdlg
B0BXGBP2V4,ladjgdlg
B08G1YGJ6J,ladjgdlg
B0D3LGH4RT,ladjgdlg
B0B3WWH25L,ladjgdlg
B08N62ZFS3,ladjgdlg
B0CP7FBZMK,ladjgdlg
B0DR4X1MFB,ladjgdlg
B0CL4Q4Z58,ladjgdlg
B0DRVD8TH8,ladjgdlg
B0BP6MJ2BP,ladjgdlg
B09JGSC8VZ,ladjgdlg
B07S13RDT5,ladjgdlg
B0DRFZWMXY,ladjgdlg
B0BHL24CRJ,ladjgdlg
B00008QODZ,ladjgdlg
B0CL4C2LGQ,ladjgdlg
B0D6N58FTB,ladjgdlg
B0B4NP4LMT,ladjgdlg
B07NLKCBFK,ladjgdlg
B0CHMV2VTG,ladjgdlg
B01DLYXX6E,ladjgdlg
B0CN8YDTXP,ladjgdlg
B0D22KYDWN,ladjgdlg
B0DB63L2CX,ladjgdlg
B0D9PY355Y,ladjgdlg
B0DGL3NG95,ladjgdlg
B0CXJD68HR,ladjgdlg
B0BZJLLXZ9,ladjgdlg
B0CW5ZN3HM,ladjgdlg
B0CFV1CG6S,ladjgdlg
B0CLD57FKX,ladjgdlg
B003YHMJ3C,ladjgdlg
B0CKPG665Y,ladjgdlg
B0DSYZ3XTS,ladjgdlg
B0C64W6T15,ladjgdlg
B0CPY6H9D7,ladjgdlg
B0C4557MGL,ladjgdlg
B0849Q5N45,ladjgdlg
B0BRTMQNP6,ladjgdlg
B09XQRX7R9,ladjgdlg
B0CPYBM2R2,ladjgdlg
B0C4MNM526,ladjgdlg
B0D54LLYR6,ladjgdlg
B0DH8HK8QC,ladjgdlg
B0CSJZ2NKX,ladjgdlg
B0D7C8W8CC,ladjgdlg
B0CMSKRSLY,ladjgdlg
B07V726Y4J,ladjgdlg
B0B6VXBXYK,ladjgdlg
B0CX4QWNL7,ladjgdlg
B0BBVQ7P9N,ladjgdlg
B09HC1YLKG,ladjgdlg
B0DCZ2ZQKQ,ladjgdlg
B07H32LY38,ladjgdlg
B0DLJS5L8C,ladjgdlg
B0B45BYF1X,ladjgdlg
B098L5F3VV,ladjgdlg
B07Q3Y12TC,ladjgdlg
B00MOW52L4,ladjgdlg
B00DFMZELK,ladjgdlg
B008LVLM0C,ladjgdlg
B0D95CS7JJ,ladjgdlg
B0CXPTCW8G,ladjgdlg
B0CQ23GGQ1,ladjgdlg
B0C9LB4N3X,ladjgdlg
B0BX8W2CBV,ladjgdlg
B09QV188F9,ladjgdlg
B093Y5JBR5,ladjgdlg
B0DYTSN23K,ladjgdlg
B0DJYXF13J,ladjgdlg
B0DHLXK6DX,ladjgdlg
B0CP76F6SJ,ladjgdlg
B08NY8357Y,ladjgdlg
B078HY39P1,ladjgdlg
B0CG14SZ7V,ladjgdlg
B0CPPNX31R,ladjgdlg
B0BW9M2YRT,ladjgdlg
B0DLWYT1S3,ladjgdlg
B0D5YB9Y55,ladjgdlg
B083NSFNLY,ladjgdlg
B00SR29ZOU,ladjgdlg
B0C9T296YD,ladjgdlg
B0BN4Z2FX6,ladjgdlg
B07FNLV1C2,ladjgdlg
B0CXN53T21,ladjgdlg
B0CXJ45DZF,ladjgdlg
B0CTWVHYK7,ladjgdlg
B0DFXWMTS9,ladjgdlg
B0DBQ4XY1N,ladjgdlg
B0D8V6DV2V,ladjgdlg
B0D5MMTGJN,ladjgdlg
B0D4YFC86B,ladjgdlg
B0D44RNRY3,ladjgdlg
B0D3C9MTH6,ladjgdlg
B0D181VP35,ladjgdlg
B0CZLBF428,ladjgdlg
B0CY2CT9T8,ladjgdlg
B0CX8YZ7HJ,ladjgdlg
B0CWTTZKHC,ladjgdlg
B0CJVDF1WR,ladjgdlg
B0CG8XZ8F9,ladjgdlg
B0CG8JYT23,ladjgdlg
B0CJFHY1XQ,ladjgdlg
B0BC1MJVQV,ladjgdlg
B07JN6FNZ4,ladjgdlg
B072LCXYZP,ladjgdlg
B0BZ1V9TS4,ladjgdlg
B0CCM86J91,ladjgdlg
B0CCCLKXJD,ladjgdlg
B0CBFDMHML,ladjgdlg
B0C8V7BGMG,ladjgdlg
B0C8T17ZCV,ladjgdlg
B0C8KVBHLK,ladjgdlg
B0C77T5Q7N,ladjgdlg
B0C3RNLPGH,ladjgdlg
B0B7F8QHFX,ladjgdlg
B08R95FXXN,ladjgdlg
B087CB7W5R,ladjgdlg
B082P8L9KS,ladjgdlg
B07FXTM44J,ladjgdlg
B000A3IOZK,ladjgdlg
B0D2R8N3M6,ladjgdlg
B0BXF5KDL8,ladjgdlg
B0D2KWSK1S,ladjgdlg
B0DBL2JXZT,ladjgdlg
B0C4H6JYFS,ladjgdlg
B0D3PVJ4RS,ladjgdlg
B0CCVH23WT,ladjgdlg
B0DF72ZKZW,ladjgdlg
B09VF3CLGN,ladjgdlg
B0BRKLP32G,ladjgdlg
B0CNPTB53B,ladjgdlg
B07JCG1BKY,ladjgdlg
B0CGHVDHBC,ladjgdlg
B09H6Z6PKP,ladjgdlg
B0DR7QDC9J,ladjgdlg
B0B2KCH2TG,ladjgdlg
B012DZ4RJY,ladjgdlg
B07X7GQKYM,ladjgdlg
B0BD4N6WZ6,ladjgdlg
B0DCBJFPZP,ladjgdlg
B0D127N8XY,ladjgdlg
B007IHJZXG,ladjgdlg
B0BS9GT7HF,ladjgdlg
B00NEWZI3A,ladjgdlg
B0CJDL2ZDB,ladjgdlg
B0CCXYZXKB,ladjgdlg
B08G4BB55Y,ladjgdlg
B086ZH149X,ladjgdlg
B0CNXN29PK,ladjgdlg
B0CSFYX1C5,ladjgdlg
B098DFX4D1,ladjgdlg
B0D8JLZNSP,ladjgdlg
B073Z6ZSR8,ladjgdlg
B0CPMVDQ2Y,ladjgdlg
B0C9QT6SY1,ladjgdlg
B093HBH8HL,ladjgdlg
B0CSDFFH3S,ladjgdlg
B0DS2TZMP8,ladjgdlg
B0BY383MWW,ladjgdlg
B092QRT3RP,ladjgdlg
B076L4D63P,ladjgdlg
B0DP9H6MRC,ladjgdlg
B0BL1G5M4T,ladjgdlg
B0D3YCDJNW,ladjgdlg
B0D14G3CBN,ladjgdlg
B0DCZFF3X4,ladjgdlg
B08Y66FFWJ,ladjgdlg
B0C27YGMJH,ladjgdlg
B07H3K6QC5,ladjgdlg
B0D17V4Y83,ladjgdlg
B0CCDKFRH9,ladjgdlg
B09XQJMYGG,ladjgdlg
B0BLSKH28R,ladjgdlg
B0CM8V2JTC,ladjgdlg
B0BWYH9GGS,ladjgdlg
B0CN65KB8H,ladjgdlg
B07P7QXQWL,ladjgdlg
B0CH332133,ladjgdlg
B0BVMTQKB8,ladjgdlg
B0D1JZX5L9,ladjgdlg
B0CFLD4RV7,ladjgdlg
B06Y2HW844,ladjgdlg
B0DBKSNCW4,ladjgdlg
B0CGK5LL2Q,ladjgdlg
B0BQQHW4XV,ladjgdlg
B08437FNDX,ladjgdlg
B09NM221JM,ladjgdlg
B0CCV77Q3K,ladjgdlg
B0D1GCQY57,ladjgdlg
B0D4M8PFMD,ladjgdlg
B0CJRTFGQR,ladjgdlg
B09MJ6ZXW1,ladjgdlg
B097XHK2PG,ladjgdlg
B08GLXVRFQ,ladjgdlg
B0D4M6BQR7,ladjgdlg
B00VL9Q4WW,ladjgdlg
B07XQGKXXP,ladjgdlg
B0BYRMVSJB,ladjgdlg
B07VK995K3,ladjgdlg
B0D3B7TVGB,ladjgdlg
B01J0NHU9Q,ladjgdlg
B0DFH3Y3D9,ladjgdlg
B0D3SWN6JP,ladjgdlg
B0C8KPRQD8,ladjgdlg
B0CJTTWQR2,ladjgdlg
B002H4WNWK,ladjgdlg
B0CRRV7ZLF,ladjgdlg
B07WLP1SH5,ladjgdlg
B07HWLGF21,ladjgdlg
B09VRN4JVM,ladjgdlg
B0B8MRRCKS,ladjgdlg
B002GJRE48,ladjgdlg
B08PYKGGPB,ladjgdlg
B07VD4GW3N,ladjgdlg
B0CQ298928,ladjgdlg
B0CJQVLQD8,ladjgdlg
B09WV57JSP,ladjgdlg
B0C61NFC2B,ladjgdlg
B082D71XQT,ladjgdlg
B0972ZYQ7T,ladjgdlg
B0D1MX9D6S,ladjgdlg
B0DQ5H1JGW,ladjgdlg
B081RCVZRD,ladjgdlg
B0CLC4FYGS,ladjgdlg
B0DGWJP3B2,ladjgdlg
B0D3CZYCH2,ladjgdlg
B0DDC1YMPT,ladjgdlg
B0BX44CLXL,ladjgdlg
B002LEVAX4,ladjgdlg
B019E82RPO,ladjgdlg
B0DT96H42N,ladjgdlg
B0C1HGBWN8,ladjgdlg
B08GY2FHF6,ladjgdlg
B081MRG8BT,ladjgdlg
B0BY2P73Z8,ladjgdlg
B0BLSC1PND,ladjgdlg
B003DQRH40,ladjgdlg
B0DLWQS7PL,ladjgdlg
B0781Z7TW2,ladjgdlg
B0BYRSGXXK,ladjgdlg
B0D35X3F96,ladjgdlg
B0BZD9DBWM,ladjgdlg
B0CT869YFG,ladjgdlg
B07N2RJ37P,ladjgdlg
B0C22WS937,ladjgdlg
B0BZVKYCCR,ladjgdlg
B087YS15V4,ladjgdlg
B00466ZNTM,ladjgdlg
B0773BQ3QK,ladjgdlg
B0BTWC7JJB,ladjgdlg
B0D5QXRWN7,ladjgdlg
B0CPPT7WRM,ladjgdlg
B0CQLLTS4X,ladjgdlg
B0DFTKX21X,ladjgdlg
B00SVCEGN6,ladjgdlg
B0C8KXD15F,ladjgdlg
B075DPKD46,ladjgdlg
B0BFJ5ZTF5,ladjgdlg
B0C39QVH35,ladjgdlg
B0CBR9DDLJ,ladjgdlg
B0CHJM7DV2,ladjgdlg
B074JG6JV7,ladjgdlg
B079B4JDHK,ladjgdlg
B0DSGYQK2M,ladjgdlg
B0DDK13HCV,ladjgdlg
B09JQWFVY3,ladjgdlg
B0CL9FWMTH,ladjgdlg
B0DSL718J9,ladjgdlg
B0D96RZD17,ladjgdlg
B0BDYQCB79,ladjgdlg
B0DZNGKXW7,ladjgdlg
B0CWLG8KZ6,ladjgdlg
B098R7S94J,ladjgdlg
B0BN3MJFDQ,ladjgdlg
B0CC5SBDBL,ladjgdlg
B081NK8JW3,ladjgdlg
B000634JIA,ladjgdlg
B06XNNSV7R,ladjgdlg
B07LB6FTWM,ladjgdlg
B0D9BSDSDH,ladjgdlg
B0BGKV75C7,ladjgdlg
B0D51X4CWR,ladjgdlg
B08X14JDFS,ladjgdlg
B09R3Y7Z53,ladjgdlg
B0BFZTX1QG,ladjgdlg
B07T81DVC2,ladjgdlg
B0D4YT293P,ladjgdlg
B0170BXLPW,ladjgdlg
B0CXD1MVM8,ladjgdlg
B0D12ZHN4C,ladjgdlg
B0DT4DXM34,ladjgdlg
B0B3MRKVZ5,ladjgdlg
B0C9Q9ZRYY,ladjgdlg
B084PZ638F,ladjgdlg
B09MTSNV3X,ladjgdlg
B0CZDPZJLL,ladjgdlg
B0BFXMKYJW,ladjgdlg
B08MQ5SWTV,ladjgdlg
B09BNBYB21,ladjgdlg
B0DFXXYNTW,ladjgdlg
B07KB6CL2R,ladjgdlg
B0BS3XRD8R,ladjgdlg
B0D6YK9QGJ,ladjgdlg
B0CWMT6Q7F,ladjgdlg
B0C7V4LB28,ladjgdlg
B0CXT7BBJK,ladjgdlg
B0CP2HBLBC,ladjgdlg
B0DGCB6YD6,ladjgdlg
B0CRNSGWRW,ladjgdlg
B0CP8TCBXN,ladjgdlg
B0DCJQG81T,ladjgdlg
B0CWY1KKTR,ladjgdlg
B0CQ546DG4,ladjgdlg
B0D92JW6SB,ladjgdlg
B06VW3WWTD,ladjgdlg
B09NB1XG6T,ladjgdlg
B0D7JS36Z7,ladjgdlg
B092QP25RD,ladjgdlg
B0CFV8MPGD,ladjgdlg
B0CY843MJB,ladjgdlg
B0BVH95FGK,ladjgdlg
B0C5CWLQR2,ladjgdlg
B01BAZUCQU,ladjgdlg
B083DNFKWW,ladjgdlg
B0D3D4Z216,ladjgdlg
B0BPXMXP7B,ladjgdlg
B0DKQKGP25,ladjgdlg
B0D14BT4CG,ladjgdlg
B0D3HT5F8X,ladjgdlg
B000Z4KUK6,ladjgdlg
B0CKNBCGF1,ladjgdlg
B09TD8H17T,ladjgdlg
B0BWDJPVJD,ladjgdlg
B0C8ZMF62L,ladjgdlg
B0D9B4NTGZ,ladjgdlg
B0D3KWNR9J,ladjgdlg
B0BMZZ7HWV,ladjgdlg
B0D4DNL9HG,ladjgdlg
B081TKFQJ7,ladjgdlg
B0CFKLLXJ2,ladjgdlg
B0B5YQ7MQ8,ladjgdlg
B0BR215HY1,ladjgdlg
B00E5T87LQ,ladjgdlg
B0DLT8ZQ79,ladjgdlg
B0C852F8QY,ladjgdlg
B09CG6VJ2M,ladjgdlg
B0D98RK8ZM,ladjgdlg
B091M9YXSQ,ladjgdlg
B0CF589H8D,ladjgdlg
B0DMNZQZWK,ladjgdlg
B0CQK4CYXB,ladjgdlg
B0D367SLPF,ladjgdlg
B0DQTMKBY7,ladjgdlg
B0DPDKTLWQ,ladjgdlg
B091T2952D,ladjgdlg
B0C4HB4NR8,ladjgdlg
B0CZWVN8L8,ladjgdlg
B0CW9MB5CZ,ladjgdlg
B09BZN46JH,ladjgdlg
B07D3NQNXN,ladjgdlg
B0DCVWQ61D,ladjgdlg
B0D9W4NQSW,ladjgdlg
B0D5M9DLWV,ladjgdlg
B0CRH7B7PD,ladjgdlg
B0B8SDCM1P,ladjgdlg
B0CLPQMCV4,ladjgdlg
B08SJFDWPJ,ladjgdlg
B0BVH6GLCY,ladjgdlg
B0D2RTVMYF,ladjgdlg
B0DRX2J581,ladjgdlg
B0D1C3JHDN,ladjgdlg
B07T5RWCWB,ladjgdlg
B07QX4FSNZ,ladjgdlg
B0C9LDN899,ladjgdlg
B007AGU69W,ladjgdlg
B06X9X6HL4,ladjgdlg
B0BBZLQ25N,ladjgdlg
B0BL37NMQQ,ladjgdlg
B0BS9TQBY6,ladjgdlg
B06XPV8MSJ,ladjgdlg
B0C6KNYM65,ladjgdlg
B0C78R1TYW,ladjgdlg
B0D2HJ9Z9D,ladjgdlg
B07VKQMFY3,ladjgdlg
B0C1GQCC33,ladjgdlg
B0716CFKLL,ladjgdlg
B0BN8D5VHR,ladjgdlg
B0CCMNGYH3,ladjgdlg
B0BZRZ149Z,ladjgdlg
B09B21KTDQ,ladjgdlg
B087YZXHNL,ladjgdlg
B000YAWKL8,ladjgdlg
B0DS6DNDLW,ladjgdlg
B0BLKDNPGY,ladjgdlg
B00WBC65A4,ladjgdlg
B0DBPHPY45,ladjgdlg
B0C7NP8L55,ladjgdlg
B09X2T8QP6,ladjgdlg
B0DLWPJ1CY,ladjgdlg
B0D5QRKGDV,ladjgdlg
B0CCRMCFQL,ladjgdlg
B0B7DC9M1L,ladjgdlg
B0773XF912,ladjgdlg
B0CND95XVG,ladjgdlg
B0CL2HSGBM,ladjgdlg
B0CHJMGDNC,ladjgdlg
B0CGJ4C22C,ladjgdlg
B0CCYXWJNG,ladjgdlg
B0C9XY3PMM,ladjgdlg
B0C9M4DQ4B,ladjgdlg
B0BRMFCPP1,ladjgdlg
B0BPPSSHK7,ladjgdlg
B0BKTD43SQ,ladjgdlg
B0BKF6ZKBB,ladjgdlg
B0BJPLLS3F,ladjgdlg
B0B9LMBZ31,ladjgdlg
B09ZPG83HM,ladjgdlg
B09XVNTYQY,ladjgdlg
B09T4XV1N3,ladjgdlg
B0DGTB3S2D,ladjgdlg
B0CXDM6Z24,ladjgdlg
B0CNLYKSDY,ladjgdlg
B0BMQ3PSCX,ladjgdlg
B09TW3RYKL,ladjgdlg
B07DNH82H5,ladjgdlg
B01LM0ZBNW,ladjgdlg
B0DRG8W73B,ladjgdlg
B0DQGQJY8M,ladjgdlg
B0DPK8L38K,ladjgdlg
B0DP97VXSC,ladjgdlg
B0DP2D6SJG,ladjgdlg
B0DKJF42FW,ladjgdlg
B0DK6DMFYK,ladjgdlg
B0DJP8RX71,ladjgdlg
B0DFWGB3S2,ladjgdlg
B0DLW194QZ,ladjgdlg
B0CQ7SF648,ladjgdlg
B008RB7XGI,ladjgdlg
B0CYP5QQ7F,ladjgdlg
B00GBFUN6O,ladjgdlg
B00MXI8YKK,ladjgdlg
B0B7JJY2XH,ladjgdlg
B092PS7TLG,ladjgdlg
B0CJXMGY96,ladjgdlg
B0BNKHVQ1B,ladjgdlg
B0DK1B9GM8,ladjgdlg
B01M5BI1DZ,ladjgdlg
B0DTKDV1NK,ladjgdlg
B0DHS1NPBV,ladjgdlg
B0BXNVS1MY,ladjgdlg
B0995QDXB8,ladjgdlg
B0DFP9CVNT,ladjgdlg
B0DFCP8TNN,ladjgdlg
B0DDXVHS3T,ladjgdlg
B0DBR294FQ,ladjgdlg
B0D9XJRQXC,ladjgdlg
B0D8KSZ466,ladjgdlg
B0D5YN4TFD,ladjgdlg
B0D5HZY5GG,ladjgdlg
B0D5BNZBL8,ladjgdlg
B0D46KH25B,ladjgdlg
B0D3VKFW1N,ladjgdlg
B0D2MF7TSK,ladjgdlg
B0CYWZRVYW,ladjgdlg
B0CXCWZ6MM,ladjgdlg
B0CW9R1GQL,ladjgdlg
B0CPY6MLM5,ladjgdlg
B0BRB5PC7Z,ladjgdlg
B07WNBBK8V,ladjgdlg
B0D837DTLJ,ladjgdlg
B091KNKD6K,ladjgdlg
B0DDPDTVR6,ladjgdlg
B0D3D7HZP7,ladjgdlg
B0D6J2RV27,ladjgdlg
B0BXK5RFY8,ladjgdlg
B0CY8HQ2TK,ladjgdlg
B0CBQ8ZPXP,ladjgdlg
B0DLMXXZXJ,ladjgdlg
B0CTS24ZS5,ladjgdlg
B0C1YG9PH2,ladjgdlg
B0DC6CYCSD,ladjgdlg
B0CRYXJQJM,ladjgdlg
B0D9BFV1GS,ladjgdlg
B0D9J1JR5F,ladjgdlg
B0D5CG6CW7,ladjgdlg
B0D7VYZ15T,ladjgdlg
B0CSK6HZHY,ladjgdlg
B086CYX8WB,ladjgdlg
B0DG5P2BCJ,ladjgdlg
B0DRCNKTBC,ladjgdlg
B087YTLC3X,ladjgdlg
B0CHV9YF67,ladjgdlg
B0CBX4CM9R,ladjgdlg
B0078O1VLI,ladjgdlg
B0DPMFYVF1,ladjgdlg
B0DLKZ6V6Y,ladjgdlg
B0CTTT54X8,ladjgdlg
B0BY7DW1NX,ladjgdlg
B0DL2PDM73,ladjgdlg
B09NKQ6Y4X,ladjgdlg
B09DS3PRLD,ladjgdlg
B08J3W7TJQ,ladjgdlg
B08255VNL7,ladjgdlg
B07V1BVXBH,ladjgdlg
B07MPT333J,ladjgdlg
B07KLQRHLW,ladjgdlg
B07D3LWCJZ,ladjgdlg
B075HHKZM3,ladjgdlg
B01ISN6A36,ladjgdlg
B00C0TEJWY,ladjgdlg
B0CW9SYD1Y,ladjgdlg
B0C69MZ8L3,ladjgdlg
B09C12JQWM,ladjgdlg
B0DN17SM5B,ladjgdlg
B0BPRM5MGX,ladjgdlg
B0DD3CBR18,ladjgdlg
B0D9B3K1FC,ladjgdlg
B0BP2BXX6Y,ladjgdlg
B0CHRSXRGN,ladjgdlg
B0BT4WBNW2,ladjgdlg
B08YNX9DM9,ladjgdlg
B0BXC88LKX,ladjgdlg
B00U5XUVL0,ladjgdlg
B06ZYTXL7F,ladjgdlg
B07P71Q62Z,ladjgdlg
B09M46X2FJ,ladjgdlg
B0C5H98238,ladjgdlg
B0BLLWDSVD,ladjgdlg
B08Z8KVZVG,ladjgdlg
B0CBRG3GDR,ladjgdlg
B09XC3RQ3J,ladjgdlg
B0CDGFP5KF,ladjgdlg
B0D9GFH9XZ,ladjgdlg
B0D3FNC9RH,ladjgdlg
B0D2D6ZCGZ,ladjgdlg
B01J7NQ35G,ladjgdlg
B0CPKWZTCK,ladjgdlg
B0C1YZ4R8F,ladjgdlg
B00F9DQXSG,ladjgdlg
B0D582VWP7,ladjgdlg
B0DLLDBNCD,ladjgdlg
B0C37NZFMZ,ladjgdlg
B0BBR6PYDF,ladjgdlg
B0D2R6QB81,ladjgdlg
B0BM91B5ZL,ladjgdlg
B0DK3YT5BY,ladjgdlg
B0CQ1FCB5C,ladjgdlg
B0CJBMG5SQ,ladjgdlg
B07MZFJPY6,ladjgdlg
B0BP951TVK,ladjgdlg
B0D2DFX7C9,ladjgdlg
B09Y2Y56GD,ladjgdlg
B08CDYF6LF,ladjgdlg
B0D93KR4MC,ladjgdlg
B003I87BDA,ladjgdlg
B08HR5GQX2,ladjgdlg
B0BQQP9PP9,ladjgdlg
B0C4B52JYN,ladjgdlg
B082BFKNTR,ladjgdlg
B089YTXTQ8,ladjgdlg
B084SSP6L1,ladjgdlg
B099RZ6BB7,ladjgdlg
B09PTJ5QGP,ladjgdlg
B0CJCHYLNT,ladjgdlg
B0DQYK9MVR,ladjgdlg
B0CLTPGLJ7,ladjgdlg
B0BQTKX571,ladjgdlg
B07G8MGBZJ,ladjgdlg
B0CKXKQQPM,ladjgdlg
B0BMW9V6MS,ladjgdlg
B09Y5S1VK5,ladjgdlg
B0CGWRG1YP,ladjgdlg
B00HS5MAYY,ladjgdlg
B0B1C1T7DV,ladjgdlg
B0B87N55FB,ladjgdlg
B08D3DG2KL,ladjgdlg
B0CP8ZHD5M,ladjgdlg
B099DS9CMT,ladjgdlg
B0DGQCYB94,ladjgdlg
B01BFZD8U2,ladjgdlg
B0BPFDHM9J,ladjgdlg
B0B4SB1R6B,ladjgdlg
B0734XQ4Q1,ladjgdlg
B0CPHY98HN,ladjgdlg
B0CFL1BVCD,ladjgdlg
B0D8YJLSYC,ladjgdlg
B086YJYR6Y,ladjgdlg
B0CRCWHCZV,ladjgdlg
B0CS5Z3PMJ,ladjgdlg
B0B43143P5,ladjgdlg
B014VA0LG2,ladjgdlg
B0D9LVX3VT,ladjgdlg
B0CY4YNCTV,ladjgdlg
B0CP5K6P11,ladjgdlg
B0CM9H6PBH,ladjgdlg
B0CKPMZ8YX,ladjgdlg
B0C5M4LMLR,ladjgdlg
B09JVSFK56,ladjgdlg
B08357WX8K,ladjgdlg
B072Q81M4L,ladjgdlg
B09ZPJW3NJ,ladjgdlg
B09WLJVZQB,ladjgdlg
B07VH6PLTV,ladjgdlg
B0DFWFL98N,ladjgdlg
B0DDXZ6JYY,ladjgdlg
B0CSYX4RGY,ladjgdlg
B0C6KQ9DFS,ladjgdlg
B0BXWQZDSM,ladjgdlg
B0BPCK6PD1,ladjgdlg
B0BHNY7C7R,ladjgdlg
B0BG3FL1FL,ladjgdlg
B0D6VTDT5Y,ladjgdlg
B0D22DYDB4,ladjgdlg
B0CWVDB3TG,ladjgdlg
B0CW2DXT64,ladjgdlg
B0CP7NBXN8,ladjgdlg
B0C7TNCMJ8,ladjgdlg
B0C1YM4DBV,ladjgdlg
B0BDM1V7RY,ladjgdlg
B0BBZ8HNTF,ladjgdlg
B0B9YN3294,ladjgdlg
B0B9NCXYLM,ladjgdlg
B0D5Y1Q2X5,ladjgdlg
B0D5QSTG3R,ladjgdlg
B0D47QW9WC,ladjgdlg
B0D46M2B2D,ladjgdlg
B0D2RV6LQC,ladjgdlg
B0D2QJPR7D,ladjgdlg
B0D135N5XR,ladjgdlg
B0CZRCJYF2,ladjgdlg
B0CZLHBMQ2,ladjgdlg
B0CYY47TW2,ladjgdlg
B0CYX1RFFT,ladjgdlg
B0CW23G3SY,ladjgdlg
B0CSVVM4R8,ladjgdlg
B0CRH7Q931,ladjgdlg
B0CQJSYJM9,ladjgdlg
B0CN989FN7,ladjgdlg
B0B63CJBF2,ladjgdlg
B09QBYVP8C,ladjgdlg
B08R11WVKN,ladjgdlg
B009L5ACLM,ladjgdlg
B0DT9K55DH,ladjgdlg
B0DS4V731J,ladjgdlg
B0DK71P9KL,ladjgdlg
B0DHXBMCKV,ladjgdlg
B0DHJXSQCV,ladjgdlg
B0DFPDLN1C,ladjgdlg
B0DDXY54CG,ladjgdlg
B0DBR3WCS9,ladjgdlg
B0D98NTVDJ,ladjgdlg
B0D93WY537,ladjgdlg
B0D87399F3,ladjgdlg
B0D7YTPGSW,ladjgdlg
B0CN3BTWX4,ladjgdlg
B0CLQ2G7JJ,ladjgdlg
B0CKWK471F,ladjgdlg
B0CHRZ9C45,ladjgdlg
B0CGZ99CK9,ladjgdlg
B0CBLCJY94,ladjgdlg
B0C4TGBC45,ladjgdlg
B0C4DSNJYJ,ladjgdlg
B0C4DM5NWT,ladjgdlg
B0C1Z4P8V8,ladjgdlg
B0C1SFRDDC,ladjgdlg
B0BWR41V3J,ladjgdlg
B0BVBKGLWB,ladjgdlg
B0BFDZT9R1,ladjgdlg
B0BB9YXD78,ladjgdlg
B0B4JKTPTG,ladjgdlg
B09YYDC665,ladjgdlg
B09SFY7KSZ,ladjgdlg
B08VVYVZ3W,ladjgdlg
B08T1HHVLR,ladjgdlg
B08P6H8KLC,ladjgdlg
B081LRXVF6,ladjgdlg
B00P7DMYIG,ladjgdlg
B00BC138WI,ladjgdlg
B001QFYCDE,ladjgdlg
B0D3WJ7217,ladjgdlg
B0DM4R7FG9,ladjgdlg
B0CB1YFQ7C,ladjgdlg
B0C6R647PT,ladjgdlg
B0CZL4QVBB,ladjgdlg
B0C657S7WF,ladjgdlg
B07XYB3FB7,ladjgdlg
B012CKSXOU,ladjgdlg
B0CT2P54BY,ladjgdlg
B01D50SK5S,ladjgdlg
B0B6C33SW6,ladjgdlg
B0BXYS7RWL,ladjgdlg
B0D2P39CCS,ladjgdlg
B09YRK2WBW,ladjgdlg
B07GSHCLNG,ladjgdlg
B0CZ6VY1X5,ladjgdlg
B0D22S5671,ladjgdlg
B0CPSP7QK6,ladjgdlg
B0DDXQNZX4,ladjgdlg
B0CP7Y93QK,ladjgdlg
B0D5M5DCNH,ladjgdlg
B0D9JNCD3D,ladjgdlg
B0CJPCN7Q1,ladjgdlg
B0CQZD53XN,ladjgdlg
B095KPYJF1,ladjgdlg
B0C6YV1TZL,ladjgdlg
B0D9JGFQWQ,ladjgdlg
B0DN6RC7C8,ladjgdlg
B0DH8G8NT6,ladjgdlg
B0DJJS2F6Z,ladjgdlg
B0DN19MXJ9,ladjgdlg
B07C24N61X,ladjgdlg
B0CM9GWLYM,ladjgdlg
B0DMF7TT16,ladjgdlg
B0CXMGX3RV,ladjgdlg
B0D8HYFKK8,ladjgdlg
B0DM8GCMMH,ladjgdlg
B0DBW41NR6,ladjgdlg
B0CJYHGPW6,ladjgdlg
B0D76KBTZJ,ladjgdlg
B0CFL8JY3K,ladjgdlg
B0CCW3QFTP,ladjgdlg
B0CZ6RC64W,ladjgdlg
B0BQMVF65Y,ladjgdlg
B0DJ35GS9T,ladjgdlg
B0CTKPBQTW,ladjgdlg
B0CFVC3F2J,ladjgdlg
B0DHSMLD1F,ladjgdlg
B0CSSVXCZJ,ladjgdlg
B07XNTS253,ladjgdlg
B0CGNM8HYB,ladjgdlg
B0C7TN3RVZ,ladjgdlg
B0BXZ87BPQ,ladjgdlg
B0D5BDGFG9,ladjgdlg
B0C48V5BVQ,ladjgdlg
B00SLXZASK,ladjgdlg
B0C287CYK2,ladjgdlg
B0DSVNL9LX,ladjgdlg
B0BLG7NWYX,ladjgdlg
B01MA65MA8,ladjgdlg
B0BCK67DYF,ladjgdlg
B0C1H6PRX5,ladjgdlg
B0B2QSZMDL,ladjgdlg
B0C7BDTF3F,ladjgdlg
B0D48FP7MC,ladjgdlg
B0CCW68R81,ladjgdlg
B08QYVXQ7Y,ladjgdlg
B0DB81PV8X,ladjgdlg
B08F4M7C6V,ladjgdlg
B002UNHTGI,ladjgdlg
B0DNSDP4CZ,ladjgdlg
B0DMNHZ5B2,ladjgdlg
B089LHQN5W,ladjgdlg
B07Z8SQ6T5,ladjgdlg
B0B4RV7ZTR,ladjgdlg
B0DNS4LNDC,ladjgdlg
B0DBPZV2PG,ladjgdlg
B07JL8Y9R7,ladjgdlg
B08GKLBFF8,ladjgdlg
B0CTMJHMBS,ladjgdlg
B07TW52CZF,ladjgdlg
B0CJN4SHJQ,ladjgdlg
B0D7CH2Q18,ladjgdlg
B0D3QHBJFH,ladjgdlg
B0B6FDS95P,ladjgdlg
B09B1MKT37,ladjgdlg
B07PQYSZTC,ladjgdlg
B0CM4VP61X,ladjgdlg
B0BF8YYGDJ,ladjgdlg
B0CJYJF7ZJ,ladjgdlg
B076MHTWPP,ladjgdlg
B06XSD6SX3,ladjgdlg
B0CG65RGFC,ladjgdlg
B0BP9ZL337,ladjgdlg
B0CRHCQ8CX,ladjgdlg
B0BL79HLV6,ladjgdlg
B0DMTFFNF5,ladjgdlg
B0DJSQQQLR,ladjgdlg
B0D9VJLMM2,ladjgdlg
B0D9LC9T9Q,ladjgdlg
B0BWJ39PDH,ladjgdlg
B01NBRN3PV,ladjgdlg
B0DGFVMCGH,ladjgdlg
B0BNYKD1B1,ladjgdlg
B0BL6JSY3J,ladjgdlg
B0CC855655,ladjgdlg
B0CK7KSPBS,ladjgdlg
B082XJYTHB,ladjgdlg
B0D1R3KBH7,ladjgdlg
B0CKF3C4S2,ladjgdlg
B0BNBCLJLR,ladjgdlg
B0124HJRBE,ladjgdlg
B09L1LQ8G8,ladjgdlg
B09SFXCG2K,ladjgdlg
B085T48N6P,ladjgdlg
B0CHJGQLBX,ladjgdlg
B09KLR2V4F,ladjgdlg
B0CG39LML7,ladjgdlg
B0D9BJ2VMC,ladjgdlg
B08RN9W828,ladjgdlg
B0BGXDSQ7V,ladjgdlg
B01GIADVE2,ladjgdlg
B0D8NXLBD5,ladjgdlg
B0CSW7T782,ladjgdlg
B08ZBLV7BX,ladjgdlg
B07BS4CK22,ladjgdlg
B0CR32C9X3,ladjgdlg
B0D4QK3DGN,ladjgdlg
B07ZVXL27F,ladjgdlg
B0BTNWV9Y2,ladjgdlg
B0B6Z74P77,ladjgdlg
B0D7GWL1J2,ladjgdlg
B08CV123GF,ladjgdlg
B0DCVNHTZC,ladjgdlg
B0CLV7K4XX,ladjgdlg
B0CG1M4T5B,ladjgdlg
B0C179XCW8,ladjgdlg
B08P2YCQY4,ladjgdlg
B0DFCLBYZ7,ladjgdlg
B0D6SPX8SG,ladjgdlg
B0BXKJF8WR,ladjgdlg
B0BFBSZX1W,ladjgdlg
B0DJWHCF4V,ladjgdlg
B0D3856NYH,ladjgdlg
B0CZ7T7LG4,ladjgdlg
B0CTHK7JGP,ladjgdlg
B0CRH8KH7V,ladjgdlg
B0B4MMMMYY,ladjgdlg
B08M39FVQ1,ladjgdlg
B08JYDXB7X,ladjgdlg
B08DHSQYCN,ladjgdlg
B07Z5Q1KYL,ladjgdlg
B07G8F1R26,ladjgdlg
B07CPDP5SM,ladjgdlg
B06XPTLT3G,ladjgdlg
B00JK5KBIM,ladjgdlg
B0DDKYDWQ4,ladjgdlg
B0D95N8TD6,ladjgdlg
B0D59MHN3Q,ladjgdlg
B0D4ZFBV35,ladjgdlg
B0CD6R1L5L,ladjgdlg
B0C8Z9T9KY,ladjgdlg
B0C33HPVSD,ladjgdlg
B0BT293ZDM,ladjgdlg
B0BPPS4R5B,ladjgdlg
B0BKZ6T4DT,ladjgdlg
B0BB79JKMB,ladjgdlg
B09Z61Y7CN,ladjgdlg
B08XP2Y5WJ,ladjgdlg
B08CJD61XL,ladjgdlg
B083JMXVJ8,ladjgdlg
B0077POMG4,ladjgdlg
B0F1T6QV8V,ladjgdlg
B0DY73DM9R,ladjgdlg
B0DT6MMCDG,ladjgdlg
B0DSKM2H5P,ladjgdlg
B0DBVLZ4T1,ladjgdlg
B0DBHQYQ8C,ladjgdlg
B0D9PPL2RB,ladjgdlg
B0D8ZDZDYS,ladjgdlg
B0D8T2VV96,ladjgdlg
B0D831JSB9,ladjgdlg
B0D6RHHC1J,ladjgdlg
B0D62529TN,ladjgdlg
B0D5LTVL5T,ladjgdlg
B0D4YQ67HQ,ladjgdlg
B0D3LGD8DX,ladjgdlg
B0D3H9V1W2,ladjgdlg
B0D314RSWW,ladjgdlg
B0D2BDFVK4,ladjgdlg
B0CZ45324V,ladjgdlg
B0CYGYP1ZF,ladjgdlg
B0CY1Q1C4V,ladjgdlg
B0CY1PHG9X,ladjgdlg
B0CWR8HWTG,ladjgdlg
B0CW4R9H6Q,ladjgdlg
B0CV3RQ8C6,ladjgdlg
B0CSPG2CRQ,ladjgdlg
B0CRYJMMND,ladjgdlg
B0CQ4WDJ28,ladjgdlg
B0CPPYZF74,ladjgdlg
B0CPLQP2VF,ladjgdlg
B0CNT65BTW,ladjgdlg
B0CNLTMXTM,ladjgdlg
B0CNBJ5XFF,ladjgdlg
B0CN9FW68W,ladjgdlg
B0CN79DZPX,ladjgdlg
B0CM988645,ladjgdlg
B0CM3QBRJY,ladjgdlg
B0CLS31GG1,ladjgdlg
B0CJJRQQ2X,ladjgdlg
B0CJCQ2V2T,ladjgdlg
B0CJ55YDD3,ladjgdlg
B0CHNY7JVG,ladjgdlg
B0CH39STN5,ladjgdlg
B0CFQ9BL6M,ladjgdlg
B0CCH3XD6R,ladjgdlg
B0C98Z25L9,ladjgdlg
B0C89K93NZ,ladjgdlg
B0C4GTWFGG,ladjgdlg
B0BYSG4MHV,ladjgdlg
B0BXKVGYQ6,ladjgdlg
B0BVYQZ84Y,ladjgdlg
B0BPCWMRHX,ladjgdlg
B0DFWJ2KR2,ladjgdlg
B0CBMN7JNZ,ladjgdlg
B0B25D3T7B,ladjgdlg
B0DCZBWYML,ladjgdlg
B0D9H3H173,ladjgdlg
B0CCRQ3SK3,ladjgdlg
B095RT4WWW,ladjgdlg
B076HFF15F,ladjgdlg
B0CKZ3R8FB,ladjgdlg
B0BBQJ5K2T,ladjgdlg
B0D4YGNZZT,ladjgdlg
B0CLRSQYL3,ladjgdlg
B0DGFFNGHB,ladjgdlg
B06XGQGC61,ladjgdlg
B0BLYT27VX,ladjgdlg
B09835PCT7,ladjgdlg
B0DSH15XQM,ladjgdlg
B0DRVBYDM1,ladjgdlg
B0DQTVF4Q4,ladjgdlg
B0DQKCM3RM,ladjgdlg
B0DQ7V167B,ladjgdlg
B0DQ66XQFD,ladjgdlg
B0DQ66KM95,ladjgdlg
B0DQ46BDCV,ladjgdlg
B0DN5KPVBF,ladjgdlg
B0DLGRH17G,ladjgdlg
B0DL9617L8,ladjgdlg
B0DHXHN4TK,ladjgdlg
B0DHS4PSHS,ladjgdlg
B0DGJFDPD8,ladjgdlg
B0DFPXWDR7,ladjgdlg
B0DF27SFXM,ladjgdlg
B0BGSQVGJH,ladjgdlg
B0BDZ3ZC52,ladjgdlg
B0BB6WVHTF,ladjgdlg
B0BB69YJ2J,ladjgdlg
B0B9VJTQRH,ladjgdlg
B0B9GPFKGY,ladjgdlg
B0B157BQGJ,ladjgdlg
B09ZLGK8VT,ladjgdlg
B09JFYPFC1,ladjgdlg
B0932994LZ,ladjgdlg
B08MWTWJ6V,ladjgdlg
B08M96QQ9P,ladjgdlg
B08KD8S987,ladjgdlg
B081PZ9V8L,ladjgdlg
B07YY5T5CL,ladjgdlg
B07G2HJXBS,ladjgdlg
B01A2LLO60,ladjgdlg
B0DPSK5THB,ladjgdlg
B0DMFF4TMZ,ladjgdlg
B0CBFGM4GX,ladjgdlg
B0DDXPQCH6,ladjgdlg
B0CSCVV5YJ,ladjgdlg
B07TV972JT,ladjgdlg
B0DC6CCP6B,ladjgdlg
B0D91SKRD5,ladjgdlg
B0BYZ1ZYVD,ladjgdlg
B0DBHM4KFJ,ladjgdlg
B09534GJZF,ladjgdlg
B0C9DJDZDV,ladjgdlg
B0D7H3TV7M,ladjgdlg
B0CH9Y6SX6,ladjgdlg
B07SD7TR24,ladjgdlg
B0D4DV655B,ladjgdlg
B0C747L2PX,ladjgdlg
B0DBYN3QNH,ladjgdlg
B07CNQZCDL,ladjgdlg
B0CZ3QZ63K,ladjgdlg
B09YRW12SX,ladjgdlg
B0B46PP8FB,ladjgdlg
B000E7WFVQ,ladjgdlg
B09NR9XHC7,ladjgdlg
B0CB95LK32,ladjgdlg
B084TSNR79,ladjgdlg
B0725GKNCP,ladjgdlg
B0CFLB1LPN,ladjgdlg
B0BXTHN437,ladjgdlg
B0DTHW7KQ7,ladjgdlg
B0DJCKFM9X,ladjgdlg
B0D1R4FDQG,ladjgdlg
B0CMZXSFDX,ladjgdlg
B099ZVBDTP,ladjgdlg
B0D9GXJM3L,ladjgdlg
B0C1Y899WF,ladjgdlg
B0CBBZYFCY,ladjgdlg
B0DMCJSLD6,ladjgdlg
B0BP2CPSV9,ladjgdlg
B0CPB2NSPM,ladjgdlg
B07KS52BF2,ladjgdlg
B0DR2RCYQ2,ladjgdlg
B0DPJSKCBH,ladjgdlg
B0CJ9FK2YH,ladjgdlg
B0DRS1K5J5,ladjgdlg
B0D7989QBQ,ladjgdlg
B0D4YFPKV4,ladjgdlg
B0CSFS3L1L,ladjgdlg
B0CNT4WJJ9,ladjgdlg
B08TRWN63Z,ladjgdlg
B07YLG6ZC3,ladjgdlg
B0CW9BT3FY,ladjgdlg
B09N8RHPRP,ladjgdlg
B07JLTQV7C,ladjgdlg
B0BXYY81G3,ladjgdlg
B0D9S4D3H1,ladjgdlg
B0BCQS1KR8,ladjgdlg
B0987JWYH2,ladjgdlg
B0CWYP5GDS,ladjgdlg
B0CJNGZWDH,ladjgdlg
B00694YT3U,ladjgdlg
B0B5CVXGQZ,ladjgdlg
B0CJM6Q49Y,ladjgdlg
B0B3WZ4HYC,ladjgdlg
B0BKSZLHVB,ladjgdlg
B09NCZLLWB,ladjgdlg
B08P1F3KFG,ladjgdlg
B075XR79HQ,ladjgdlg
B06XP4H8ZP,ladjgdlg
B0CHM9CDQ9,ladjgdlg
B0BXMWPHYD,ladjgdlg
B0BX33CH1Z,ladjgdlg
B0BQG5DY8Q,ladjgdlg
B0BKQ3W9WM,ladjgdlg
B0B6GQFH36,ladjgdlg
B0B6BQN4NV,ladjgdlg
B09KY925L2,ladjgdlg
B09JFXFP52,ladjgdlg
B09CNRF2PV,ladjgdlg
B093NXR5QV,ladjgdlg
B08X9YRKGP,ladjgdlg
B08S39WT7J,ladjgdlg
B08HJKMC34,ladjgdlg
B074ZFT4FR,ladjgdlg
B010DFQ960,ladjgdlg
B0DY4X6RSF,ladjgdlg
B0DX6GKWL3,ladjgdlg
B0DV8V4Q9X,ladjgdlg
B0DT9QDJFX,ladjgdlg
B0DT9P6DP8,ladjgdlg
B0DSW29F4M,ladjgdlg
B0DR8C8DBR,ladjgdlg
B0DPDS1FBH,ladjgdlg
B0DLL56D9Y,ladjgdlg
B0DLK378Z8,ladjgdlg
B0DLGHFPNH,ladjgdlg
B00F5VUJIC,ladjgdlg
B0B883HQWQ,ladjgdlg
B0CT3G946T,ladjgdlg
B0BWY14DZB,ladjgdlg
B0CGWFJNFW,ladjgdlg
B08C2WBZ7F,ladjgdlg
B0CG9P4ZT6,ladjgdlg
B0BC8F511Q,ladjgdlg
B0C9PJ6YQ8,ladjgdlg
B0C9XWQNCS,ladjgdlg
B0C49KRTNK,ladjgdlg
B005AXXMLG,ladjgdlg
B0BL7YMBG6,ladjgdlg
B00AC2OBLU,ladjgdlg
B0BDKMGYFQ,ladjgdlg
B0CN9HH9P7,ladjgdlg
B0DKFTPJKC,ladjgdlg
B0DKCV7RBB,ladjgdlg
B0DGZ57CG5,ladjgdlg
B0DGKZ2YVY,ladjgdlg
B0DCVQ6J5Y,ladjgdlg
B0DBT951RT,ladjgdlg
B0D9XBL8W5,ladjgdlg
B0D9J8ZG74,ladjgdlg
B0D73KRFGS,ladjgdlg
B0D674RVPJ,ladjgdlg
B0D5Y6ZCNV,ladjgdlg
B0D4YL87R7,ladjgdlg
B0D45NV8YD,ladjgdlg
B0D2XFS4LT,ladjgdlg
B0D1YDFW2V,ladjgdlg
B0D1J6TH2R,ladjgdlg
B09TX4CW5H,ladjgdlg
B0CJGQVC9R,ladjgdlg
B0CDPPXDQ5,ladjgdlg
B0CM65MYVP,ladjgdlg
B0CLGWVLB2,ladjgdlg
B0B6YSMMD1,ladjgdlg
B0B5LC8NB2,ladjgdlg
B0113ZHYYK,ladjgdlg
B0BG5TP2G9,ladjgdlg
B08JS4233Z,ladjgdlg
B0D9C1NLZJ,ladjgdlg
B0BWXSGV2B,ladjgdlg
B07L1FWKDN,ladjgdlg
B0B69Z77GP,ladjgdlg
B08PZ2PRL4,ladjgdlg
B0DB3F7699,ladjgdlg
B0D14PZJRX,ladjgdlg
B0CZRMHCX6,ladjgdlg
B0CYZTMCM3,ladjgdlg
B0CYGTFGVQ,ladjgdlg
B0CXDBTG8M,ladjgdlg
B0CR7HGB1X,ladjgdlg
B0CQLD8KCY,ladjgdlg
B0CMXF2N7H,ladjgdlg
B0CMSZVQD8,ladjgdlg
B0CMDWVTFD,ladjgdlg
B0CMCHNH7P,ladjgdlg
B0CMC9M42M,ladjgdlg
B0CM2XCZ5Z,ladjgdlg
B0CJTWGX28,ladjgdlg
B0CJQT9456,ladjgdlg
B0B4RTTR77,ladjgdlg
B0DR2NLHJY,ladjgdlg
B09X49DGJD,ladjgdlg
B0CWGY254D,ladjgdlg
B08SLRT4XJ,ladjgdlg
B096LZC2D9,ladjgdlg
B085TCVC9Q,ladjgdlg
B0CXN9VJPM,ladjgdlg
B07KQWYFPJ,ladjgdlg
B0BLSSCB93,ladjgdlg
B00N47NP1C,ladjgdlg
B0BKG8PVX1,ladjgdlg
B0CGQ529J7,ladjgdlg
B00C1T2REK,ladjgdlg
B07MVVTGHD,ladjgdlg
B0DBDMP96C,ladjgdlg
B0BQYNPTC6,ladjgdlg
B0BKPP12D5,ladjgdlg
B0BB791KBN,ladjgdlg
B0BB1ZNDVG,ladjgdlg
B0B8QF86GW,ladjgdlg
B0B81PBFZ4,ladjgdlg
B0B75SKSZV,ladjgdlg
B09XLG5F8F,ladjgdlg
B09V2B36RG,ladjgdlg
B09TS3PR9W,ladjgdlg
B09QPLX4WD,ladjgdlg
B09GBL43MC,ladjgdlg
B098DMNJXB,ladjgdlg
B09896VTXL,ladjgdlg
B097WXJ7XC,ladjgdlg
B095VQXG13,ladjgdlg
B0CJFDH32P,ladjgdlg
B0CJFDFHNR,ladjgdlg
B0CJ6RRVKK,ladjgdlg
B0CGWF212N,ladjgdlg
B0CGNCZ3JM,ladjgdlg
B0CF8GVQTZ,ladjgdlg
B0CD198YQV,ladjgdlg
B0CBS5QG23,ladjgdlg
B0C63CGCB4,ladjgdlg
B0C5SSBNS4,ladjgdlg
B0C592DVH9,ladjgdlg
B0C4K8V4HB,ladjgdlg
B0C2BS5ZL9,ladjgdlg
B0C1TW221B,ladjgdlg
B0BZZ3DBC1,ladjgdlg
B08VRSQVCL,ladjgdlg
B08M99PSLS,ladjgdlg
B085BMG1VP,ladjgdlg
B07QHXPPLP,ladjgdlg
B07MDPJG7H,ladjgdlg
B0788GMFRN,ladjgdlg
B077J9F9HR,ladjgdlg
B00DE2T9XK,ladjgdlg
B000WFKW92,ladjgdlg
B0BN5T6CY6,ladjgdlg
B0D1YH31FB,ladjgdlg
B0DNSHRYWC,ladjgdlg
B009HXPBJQ,ladjgdlg
B0CML42DZG,ladjgdlg
B0DCNZCPLS,ladjgdlg
B0DJP8CRFC,ladjgdlg
B0CHMLSZK6,ladjgdlg
B0DBLGYXY9,ladjgdlg
B00MBVD9SG,ladjgdlg
B0B51FM66R,ladjgdlg
B0DBHLD81C,ladjgdlg
B0DTPZHW11,ladjgdlg
B0D8BLN2SB,ladjgdlg
B0D4LZJDL8,ladjgdlg
B0D1KC58Q5,ladjgdlg
B0CK5QYXXL,ladjgdlg
B0D6VLCJPV,ladjgdlg
B0D38Q3DCY,ladjgdlg
B0CDKFFMKF,ladjgdlg
B00RZTOLPO,ladjgdlg
B09CZJ79BC,ladjgdlg
B0CL4VK3FW,ladjgdlg
B0DD6X3QTH,ladjgdlg
B0DQGYCZC1,ladjgdlg
B083TJKDP2,ladjgdlg
B0CKJWKFZC,ladjgdlg
B08PV92S78,ladjgdlg
B0BRZV56SB,ladjgdlg
B0CGS2KTPF,ladjgdlg
B0C3QMVMCM,ladjgdlg
B0CC5R6R9S,ladjgdlg
B094668JWZ,ladjgdlg
B008N4687O,ladjgdlg
B0D8J57L83,ladjgdlg
B0BBFNXD35,ladjgdlg
B0013K4EG2,ladjgdlg
B0D8ZQSG5H,ladjgdlg
B0D5GZ9RJ2,ladjgdlg
B0CZJKYMMP,ladjgdlg
B0CNW4CF3X,ladjgdlg
B0CKW4GBQY,ladjgdlg
B0CJGVJX4V,ladjgdlg
B0CJ8RTG36,ladjgdlg
B0CBXSFBBC,ladjgdlg
B0C4FQFGPM,ladjgdlg
B0C3JLBYZX,ladjgdlg
B0BNHZJXL6,ladjgdlg
B0CYCDH54W,ladjgdlg
B0B247W7VM,ladjgdlg
B0CNT8BYNM,ladjgdlg
B0DT7FJKPJ,ladjgdlg
B0C3GM3R2F,ladjgdlg
B07PYYBM91,ladjgdlg
B0BQMW152V,ladjgdlg
B0D77CKNNB,ladjgdlg
B0BQ34JJLP,ladjgdlg
B0DF7DX6SC,ladjgdlg
B0BJ6D3LK7,ladjgdlg
B081K77K75,ladjgdlg
B0BCK635F1,ladjgdlg
B0DTK5DR8Y,ladjgdlg
B0B6MKFXJC,ladjgdlg
B0DNFF1DQX,ladjgdlg
B01AILHQL6,ladjgdlg
B082XMMHS1,ladjgdlg
B09SWBW5ZB,ladjgdlg
B0CY1S3QCS,ladjgdlg
B0BN3PLF6Y,ladjgdlg
B0C64SF6MC,ladjgdlg
B0D9VCW8LQ,ladjgdlg
B0BY4DY2W8,ladjgdlg
B0D5J2BVZB,ladjgdlg
B018PA1QOA,ladjgdlg
B0DHCQ9XVR,ladjgdlg
B0DLP964GL,ladjgdlg
B0CH2VGJ3X,ladjgdlg
B0CTH9HVP2,ladjgdlg
B08JCN7SMT,ladjgdlg
B0CVP8P7F6,ladjgdlg
B016JVI9JW,ladjgdlg
B0CH8DL8CR,ladjgdlg
B06XW49KV8,ladjgdlg
B0CX96HV8T,ladjgdlg
B0CP7C92DP,ladjgdlg
B0CHSDGZWN,ladjgdlg
B0BKPWRVTC,ladjgdlg
B073Z8PP2L,ladjgdlg
B0BCKBT5LN,ladjgdlg
B09DLBZ75T,ladjgdlg
B07MRDVP99,ladjgdlg
B0DLWM3GF1,ladjgdlg
B0C9TDGPRP,ladjgdlg
B0D8VM45R5,ladjgdlg
B0CTR36KK9,ladjgdlg
B0CJRJBNF6,ladjgdlg
B098X64WS3,ladjgdlg
B0DG2VF9KJ,ladjgdlg
B096QRTHCT,ladjgdlg
B0BW34XNFN,ladjgdlg
B0112P0MD6,ladjgdlg
B0DHLDHJHB,ladjgdlg
B0C6K4RPQF,ladjgdlg
B089ZZG21G,ladjgdlg
B0DFWN9196,ladjgdlg
B0CMDBLRP1,ladjgdlg
B0DHW415JP,ladjgdlg
B0BPXYFKTY,ladjgdlg
B07QTZTJJC,ladjgdlg
B0BFMBBRKQ,ladjgdlg
B08R5SQCLN,ladjgdlg
B0DHGVTR4X,ladjgdlg
B0C1GQNGXR,ladjgdlg
B08XX3BJ3C,ladjgdlg
B0819DX3WR,ladjgdlg
B0DG2SM34G,ladjgdlg
B0D9VZZCWW,ladjgdlg
B0CKVTT92V,ladjgdlg
B0CFW1XJKY,ladjgdlg
B07M7XT59P,ladjgdlg
B011L2PU8W,ladjgdlg
B0DW7M4ZWV,ladjgdlg
B0DTJPX6CB,ladjgdlg
B0DNQCVH9Q,ladjgdlg
B0DLT1G8Q6,ladjgdlg
B0DLL76R3T,ladjgdlg
B0DLB5HB23,ladjgdlg
B0DK8Y8RZX,ladjgdlg
B0D3ZX2D3Q,ladjgdlg
B0CYGX21KQ,ladjgdlg
B0CWRJ7XR7,ladjgdlg
B0CTJPP6RW,ladjgdlg
B0CSXHR3P7,ladjgdlg
B0CSVW29Q1,ladjgdlg
B0CS6HGR4X,ladjgdlg
B0CNWYKQN7,ladjgdlg
B0CMX415JP,ladjgdlg
B0CKV168MX,ladjgdlg
B0CJN5GSBC,ladjgdlg
B0CJMVQW5M,ladjgdlg
B0CJ37NN29,ladjgdlg
B0CHB4BJN7,ladjgdlg
B0CH35CVG9,ladjgdlg
B0CF98KFWY,ladjgdlg
B0DK3G11RZ,ladjgdlg
B0DGG2QWS2,ladjgdlg
B0DG2CX9S4,ladjgdlg
B0DFWD9CHX,ladjgdlg
B0DFDZKSSR,ladjgdlg
B0DF21TDZ1,ladjgdlg
B0DDK9HLVB,ladjgdlg
B0DC9M6MFK,ladjgdlg
B0DBZJFTZZ,ladjgdlg
B0D9PX4GRW,ladjgdlg
B0D922WQWB,ladjgdlg
B0D8P8NYLZ,ladjgdlg
B0D7ZTWY1T,ladjgdlg
B0D7VNBG7Q,ladjgdlg
B0D7MB66C5,ladjgdlg
B0D46M618W,ladjgdlg
B0CC6J9QVT,ladjgdlg
B0CB2VST1V,ladjgdlg
B0C8H8Z5M2,ladjgdlg
B0C85LXDHD,ladjgdlg
B0C6TMWDHJ,ladjgdlg
B0C64RLMKV,ladjgdlg
B0C56P16ZD,ladjgdlg
B0BZP7VKH8,ladjgdlg
B0BZMXJPJX,ladjgdlg
B0BYZ7GM2Y,ladjgdlg
B0BTD95KC4,ladjgdlg
B0BR4M18BD,ladjgdlg
B0BBZS67XZ,ladjgdlg
B0B9MQ3X1D,ladjgdlg
B09ZK2GV5G,ladjgdlg
B09QPFLMZ2,ladjgdlg
B09LQPB98S,ladjgdlg
B08ZKPVPMQ,ladjgdlg
B08TB4NMRF,ladjgdlg
B08L6HDNL3,ladjgdlg
B07WJRD9CT,ladjgdlg
B07RPQHF9T,ladjgdlg
B07QGTDBR8,ladjgdlg
B014ISFR84,ladjgdlg
B004UR6FNU,ladjgdlg
B0CXQYX86W,ladjgdlg
B0CN5ZZWC6,ladjgdlg
B0BPYJ5RSG,ladjgdlg
B0B6Z45FHC,ladjgdlg
B0DN1R6V66,ladjgdlg
B0B72F64LS,ladjgdlg
B0DB14S3WZ,ladjgdlg
B0CQTZSLDB,ladjgdlg
B0DN6VHYJB,ladjgdlg
B09ZQRH3HR,ladjgdlg
B0B7MHHYB1,ladjgdlg
B08N9Y5M8L,ladjgdlg
B0DDL6Z5Z9,ladjgdlg
B0CKQZLXMZ,ladjgdlg
B0C3VMVL2B,ladjgdlg
B0CGRK82H5,ladjgdlg
B0CXDZK4C7,ladjgdlg
B00NMEW91Y,ladjgdlg
B0D8KWFD79,ladjgdlg
B0D3HFBR5K,ladjgdlg
B0CMZTQH2R,ladjgdlg
B08SYBVTJD,ladjgdlg
B0BGJFCT6M,ladjgdlg
B0B8DD4PFH,ladjgdlg
B09MK9TQSH,ladjgdlg
B07JFF21R4,ladjgdlg
B0045EQUBK,ladjgdlg
B0D6B4KLBC,ladjgdlg
B0BS2S71LQ,ladjgdlg
B0D5GX3GK8,ladjgdlg
B0BHW94D29,ladjgdlg
B0CFZRG9T4,ladjgdlg
B0C4P3KVXZ,ladjgdlg
B00Q2L3PZI,ladjgdlg
B0CJTW5PXR,ladjgdlg
B0D4YTX5SH,ladjgdlg
B0DLVDD7K9,ladjgdlg
B01AVFQ2OQ,ladjgdlg
B09NZBFN76,ladjgdlg
B0D1V7MHF8,ladjgdlg
B0D62Y2Q3F,ladjgdlg
B0CMNPZJ2G,ladjgdlg
B0D8VJXC6Z,ladjgdlg
B0CQLDVQ65,ladjgdlg
B0CCKMX7VV,ladjgdlg
B0C7RRMDVQ,ladjgdlg
B0CGHVPQGQ,ladjgdlg
B0CXDPML8T,ladjgdlg
B07V1GX6HL,ladjgdlg
B0CSZDRWJF,ladjgdlg
B0CHMMTP94,ladjgdlg
B0D5DN6ZRN,ladjgdlg
B094B7J6MS,ladjgdlg
B0CJHY5DVT,ladjgdlg
B0CXT89TMJ,ladjgdlg
B0DMWBS6H2,ladjgdlg
B0BCZ1WFXF,ladjgdlg
B088FX4Y32,ladjgdlg
B0CPJ6KR96,ladjgdlg
B0DMFDLNY4,ladjgdlg
B0DG2G28BG,ladjgdlg
B084QFDVDT,ladjgdlg
B0DBHNT967,ladjgdlg
B0B9Q64FW1,ladjgdlg
B0CHMKL5JL,ladjgdlg
B09WRC5YTL,ladjgdlg
B0BJDHG49J,ladjgdlg
B00D3557D4,ladjgdlg
B0BJ6HZHGJ,ladjgdlg
B00M5AX1YK,ladjgdlg
B09HRYYRGJ,ladjgdlg
B000E48LUI,ladjgdlg
B08RSLFD99,ladjgdlg
B07W86BRWF,ladjgdlg
B089SDY8LQ,ladjgdlg
B0CZNJTG1V,ladjgdlg
B07ZVB23BX,ladjgdlg
B0D6G9QK1P,ladjgdlg
B097XS3CTK,ladjgdlg
B0BNJ8KR2V,ladjgdlg
B089Q2NLNF,ladjgdlg
B0D5Y9XVTT,ladjgdlg
B00OL4AKP6,ladjgdlg
B0050I6KII,ladjgdlg
B0CWGV4SMP,ladjgdlg
B0849ZFDJN,ladjgdlg
B0CL3YP4KZ,ladjgdlg
B0CW65CD6B,ladjgdlg
B08M49DBZZ,ladjgdlg
B0DJP93LMK,ladjgdlg
B0CG7T2ZMD,ladjgdlg
B07KCH5WB8,ladjgdlg
B0CBTGP5YY,ladjgdlg
B0CVX5G4ZZ,ladjgdlg
B0C13X3JRG,ladjgdlg
B0BNLP9X2J,ladjgdlg
B0BZDN9DYJ,ladjgdlg
B016C5M3VU,ladjgdlg
B07Q6L826P,ladjgdlg
B0CDPXL52Z,ladjgdlg
B0D9G9PD9D,ladjgdlg
B0D3LJ521Q,ladjgdlg
B0CZ452Z37,ladjgdlg
B0CKWD26Q7,ladjgdlg
B08WZ8Q4XN,ladjgdlg
B081C7Z523,ladjgdlg
B0CCXWJ9CP,ladjgdlg
B0CNPG7LRG,ladjgdlg
B0DDX26Z86,ladjgdlg
B0BVJKNLP1,ladjgdlg
B0B9S7857S,ladjgdlg
B0D46Z81QL,ladjgdlg
B09B21W7DB,ladjgdlg
B0CHY1TLQL,ladjgdlg
B0CMGKV11B,ladjgdlg
B0D2RRBFR1,ladjgdlg
B09LZL9NZ5,ladjgdlg
B0CSZGZ6WF,ladjgdlg
B082VXZL4J,ladjgdlg
B0894FW7Y7,ladjgdlg
B0CFY2D3NR,ladjgdlg
B0C6LL5HCC,ladjgdlg
B07NR36XFC,ladjgdlg
B0829TVYYN,ladjgdlg
B0BR3MFNFF,ladjgdlg
B0DHYZ8ZFZ,ladjgdlg
B0D879V59M,ladjgdlg
B09YM3MKYH,ladjgdlg
B0DC81934C,ladjgdlg
B08G1DGZSY,ladjgdlg
B082VC6JCZ,ladjgdlg
B00D353N5I,ladjgdlg
B0CN9DM7CB,ladjgdlg
B0C1FZQYL2,ladjgdlg
B0BT3X7L8G,ladjgdlg
B0B6PTWFMY,ladjgdlg
B0B632BTFV,ladjgdlg
B08VWPSXZG,ladjgdlg
B08RCJ87M2,ladjgdlg
B07YDCDSXH,ladjgdlg
B07B8RLX91,ladjgdlg
B0787KFHJ3,ladjgdlg
B01MUBJ2TK,ladjgdlg
B00JYCK37K,ladjgdlg
B00JYCJZBU,ladjgdlg
B0DNJV1G2G,ladjgdlg
B0DMS872WR,ladjgdlg
B0DM84KK17,ladjgdlg
B0DLB5QWYD,ladjgdlg
B0DKMG8CY3,ladjgdlg
B0DK564VVH,ladjgdlg
B0DG5B9YCS,ladjgdlg
B0DFWJ8Q1X,ladjgdlg
B0DC364ZS2,ladjgdlg
B0DBMNJZ6M,ladjgdlg
B0DB5V8Y1R,ladjgdlg
B0D8PXQHS3,ladjgdlg
B0D7HGRYW1,ladjgdlg
B0D1YCJ5B1,ladjgdlg
B0D1R5XC16,ladjgdlg
B0CYGMGBWG,ladjgdlg
B0BSGQXG3M,ladjgdlg
B0BRB2PQGX,ladjgdlg
B0BCKZ7SG9,ladjgdlg
B0B2PJV9VB,ladjgdlg
B09BZHGQ9G,ladjgdlg
B093P7MWGC,ladjgdlg
B09225HRMB,ladjgdlg
B089YWC9GJ,ladjgdlg
B089KR125L,ladjgdlg
B07WHKHQCM,ladjgdlg
B07QCP7W9V,ladjgdlg
B07QBN56F6,ladjgdlg
B07GDFDL4Z,ladjgdlg
B07FN6MBH6,ladjgdlg
B07FK3VZBH,ladjgdlg
B07D8Q4SJK,ladjgdlg
B01N4FPO2C,ladjgdlg
B01F65HMCM,ladjgdlg
B0CYM317N4,ladjgdlg
B08GGC5F7M,ladjgdlg
B087CQ3RLG,ladjgdlg
B09L4ZS7RY,ladjgdlg
B075V5FTVJ,ladjgdlg
B0D3H2SQ3R,ladjgdlg
B0CXDYL4ZL,ladjgdlg
B0CC6HMHJ7,ladjgdlg
B0BJV4XCM8,ladjgdlg
B0BB1JK9P5,ladjgdlg
B0B8SCDJKC,ladjgdlg
B074FHMZVL,ladjgdlg
B0DGL39HNW,ladjgdlg
B0D7V6SY7Y,ladjgdlg
B0DF76CFB2,ladjgdlg
B0CRYZP1VS,ladjgdlg
B09RMN93SY,ladjgdlg
B0DKNRTXFC,ladjgdlg
B08B858FPC,ladjgdlg
B0DQKVM7NJ,ladjgdlg
B017CN5L4C,ladjgdlg
B0B97M9JCX,ladjgdlg
B0BL1X25SH,ladjgdlg
B0CW9SHNHS,ladjgdlg
B0CW68VHB9,ladjgdlg
B0CVKGTLG7,ladjgdlg
B0CV2XC1B1,ladjgdlg
B0CT8DX3G6,ladjgdlg
B0CQ53VGQ8,ladjgdlg
B0CPP8L6ML,ladjgdlg
B0CN36BXTC,ladjgdlg
B0CLJL7WLM,ladjgdlg
B0CL4J4TMX,ladjgdlg
B0CDC3RLTQ,ladjgdlg
B0CB5Y1FGZ,ladjgdlg
B0C4CW7R95,ladjgdlg
B0C37P78VH,ladjgdlg
B0C2YP5MFY,ladjgdlg
B0BVQVDHF1,ladjgdlg
B0CPXDZY9T,ladjgdlg
B0DJZMMBCZ,ladjgdlg
B0CSYQ9WXK,ladjgdlg
B0DGCG37GB,ladjgdlg
B0CL5XMHM8,ladjgdlg
B07C7HRV4P,ladjgdlg
B0BJ2PTV49,ladjgdlg
B0DMDRY46L,ladjgdlg
B0BLK1WLZX,ladjgdlg
B0D9JPV21C,ladjgdlg
B079SWWMV4,ladjgdlg
B0DSJ4LQ8C,ladjgdlg
B092JFDNZ6,ladjgdlg
B0CZP3Z1BB,ladjgdlg
B0D5H7XN4Z,ladjgdlg
B0DMDSZ75T,ladjgdlg
B07PDV135V,ladjgdlg
B0CPRJX79T,ladjgdlg
B0D5JGGXYD,ladjgdlg
B0DPNDVWC9,ladjgdlg
B0BKK4YBH4,ladjgdlg
B0D7H3SFRW,ladjgdlg
B08S3MV41L,ladjgdlg
B094861G2N,ladjgdlg
B0CSXYM7TD,ladjgdlg
B00BTJAC2M,ladjgdlg
B0CT7GWSQB,ladjgdlg
B0CR9TVJKY,ladjgdlg
B0BLJ9Y69Y,ladjgdlg
B004J6VTRY,ladjgdlg
B0CR9SQBZQ,ladjgdlg
B00PG2LRL8,ladjgdlg
B0CPHXT7ZN,ladjgdlg
B0BLV817QX,ladjgdlg
B0CN8NG4YL,ladjgdlg
B0CVQHLHPC,ladjgdlg
B0CJLWZ1VJ,ladjgdlg
B0CVVGKJFB,ladjgdlg
B0CF9CTZ87,ladjgdlg
B017N3SW8S,ladjgdlg
B0CR17NGXW,ladjgdlg
B0DJCCC94G,ladjgdlg
B0CLY41L7X,ladjgdlg
B007PRZ722,ladjgdlg
B09YSQY6TH,ladjgdlg
B0BN5FVSWK,ladjgdlg
B0BG949YZ9,ladjgdlg
B08MYNPH9V,ladjgdlg
B0BRSQSZ71,ladjgdlg
B00I0GVX52,ladjgdlg
B0BSFN91QZ,ladjgdlg
B0BJYX9DPB,ladjgdlg
B0DK37Z2TX,ladjgdlg
B0BX2CGHFD,ladjgdlg
B00J8LAEHQ,ladjgdlg
B0DB2941HM,ladjgdlg
B0CSMK99HG,ladjgdlg
B0DKX7HVDP,ladjgdlg
B0D5HG385F,ladjgdlg
B00V6OF0ZY,ladjgdlg
B01MCYV75P,ladjgdlg
B0D2RDKWQY,ladjgdlg
B09YDPSJZ3,ladjgdlg
B0195V6AMQ,ladjgdlg
B0CYC8K76Q,ladjgdlg
B0DS1Q5WHJ,ladjgdlg
B0D9BXPTR2,ladjgdlg
B0B72KR1GW,ladjgdlg
B0BQ26FG6W,ladjgdlg
B0DL8PSG8Z,ladjgdlg
B0BLC7GLXX,ladjgdlg
B017US5ILA,ladjgdlg
B00A0O85TE,ladjgdlg
B0CDGBHFYW,ladjgdlg
B0BRZVDFN4,ladjgdlg
B08T25Y9LQ,ladjgdlg
B0CKBZK1QN,ladjgdlg
B0DZS3WQCP,ladjgdlg
B08S7GBMTF,ladjgdlg
B001GSKUUU,ladjgdlg
B0DHNY5FCZ,ladjgdlg
B0C5Y2SY9J,ladjgdlg
B0BJVPKTH3,ladjgdlg
B0CZDC3665,ladjgdlg
B0BMKP7YYV,ladjgdlg
B0CD1T3YFR,ladjgdlg
B06XMXRRJS,ladjgdlg
B0C55DSZGC,ladjgdlg
B0C6CZ1D5R,ladjgdlg
B0CJ9GFQ44,ladjgdlg
B0C3TT12J9,ladjgdlg
B074XHFNFL,ladjgdlg
B0C2P3K2QQ,ladjgdlg
B0C73HHKMF,ladjgdlg
B0BL6WX1WP,ladjgdlg
B0BKTBRNQ3,ladjgdlg
B0BKRK3656,ladjgdlg
B0C9D4J7WK,ladjgdlg
B0BJDHQDNM,ladjgdlg
B0CKXGRKBB,ladjgdlg
B09GLZRVWX,ladjgdlg
B0CTY4Q9FZ,ladjgdlg
B08N5WSDBZ,ladjgdlg
B0C6T8254V,ladjgdlg
B085KGB4YJ,ladjgdlg
B085B1ZLG3,ladjgdlg
B07SHV136X,ladjgdlg
B08ZBZB6JK,ladjgdlg
B085D77B13,ladjgdlg
B09PYPXGQ3,ladjgdlg
B0CPLWRPNP,ladjgdlg
B07YNVMTWC,ladjgdlg
B0CMLLCFL3,ladjgdlg
B0BHR81ZR3,ladjgdlg
B0D9W4TF5Y,ladjgdlg
B0DHGMC6YF,ladjgdlg
B09QCG5R5T,ladjgdlg
B0DF7PMGBP,ladjgdlg
B0DGCFHNZQ,ladjgdlg
B07YGTN6W1,ladjgdlg
B0DLLH8W6G,ladjgdlg
B0BP74JQMM,ladjgdlg
B09152VVVS,ladjgdlg
B007C5VEBU,ladjgdlg
B096HM5M7J,ladjgdlg
B0CFL9CSM6,ladjgdlg
B0CB6TG9NX,ladjgdlg
B000URVDRW,ladjgdlg
B0DDBX5RB1,ladjgdlg
B0CS3CZGFJ,ladjgdlg
B0CJN561SD,ladjgdlg
B0CQZD8M6R,ladjgdlg
B0C9VX4MNR,ladjgdlg
B06ZYBM5MQ,ladjgdlg
B0D9GL1HKR,ladjgdlg
B0CBRMBCB3,ladjgdlg
B0CB8XVQ41,ladjgdlg
B0C7KLPT1S,ladjgdlg
B0C4VKV97C,ladjgdlg
B0C2HF7WL6,ladjgdlg
B0BQZFSZP2,ladjgdlg
B0BNG4PQ2X,ladjgdlg
B0BLK9CG3J,ladjgdlg
B0BB773RHL,ladjgdlg
B0B9GQG1GY,ladjgdlg
B0B7NKC53K,ladjgdlg
B09YYD9QTV,ladjgdlg
B09KBSMBK6,ladjgdlg
B09H76BDDC,ladjgdlg
B09C5JWH38,ladjgdlg
B09B825H69,ladjgdlg
B004XX1WWU,ladjgdlg
B0CNPXKSKV,ladjgdlg
B0CGD1H38C,ladjgdlg
B0C1TMQKP1,ladjgdlg
B0B5D9NBKW,ladjgdlg
B093CZCZDF,ladjgdlg
B075STTG3Z,ladjgdlg
B0D7YZYKR6,ladjgdlg
B0CYPVLK5X,ladjgdlg
B0CLL385Q8,ladjgdlg
B0BQV1RG6H,ladjgdlg
B09P55VGWP,ladjgdlg
B09C4DBSWJ,ladjgdlg
B08M9FT85Z,ladjgdlg
B07DC9PK3T,ladjgdlg
B01M2Z91A7,ladjgdlg
B07D8YX8R7,ladjgdlg
B0095ZXTO0,ladjgdlg
B0CRHQ4JTH,ladjgdlg
B00M97K2OQ,ladjgdlg
B0D9PT33PN,ladjgdlg
B0CCPPKJ6S,ladjgdlg
B0BYYLRKKY,ladjgdlg
B0BDF6TGPN,ladjgdlg
B09ZQBZG9B,ladjgdlg
B0DP9YNVZ6,ladjgdlg
B0CNT4193N,ladjgdlg
B0C5HBGKH8,ladjgdlg
B09MSZTNKD,ladjgdlg
B0DF7K5JYX,ladjgdlg
B0C2YQ47KT,ladjgdlg
B09ZSW66FR,ladjgdlg
B08JGDN2V2,ladjgdlg
B0DFYBM312,ladjgdlg
B0BSP1RBDG,ladjgdlg
B0BHVZW7DB,ladjgdlg
B09SHRVSKJ,ladjgdlg
B01HDHDIFQ,ladjgdlg
B0D96M3C5F,ladjgdlg
B0D7HR13FB,ladjgdlg
B0CX1XS7ZV,ladjgdlg
B0BYNHJMMT,ladjgdlg
B0BN1R25PB,ladjgdlg
B09B3G7T1S,ladjgdlg
B0CCCR6PFW,ladjgdlg
B0BQZ1KHYB,ladjgdlg
B0BG8JT67F,ladjgdlg
B0977V1XS2,ladjgdlg
B0D46YXMHW,ladjgdlg
B0D1GBPVPF,ladjgdlg
B0CY27XR3H,ladjgdlg
B0CVN8DJJC,ladjgdlg
B0CTPJT1YJ,ladjgdlg
B0CRH6BRFK,ladjgdlg
B0CPY5X6NZ,ladjgdlg
B0CPL79P1W,ladjgdlg
B0CMHKFBJM,ladjgdlg
B0CJ95RF6F,ladjgdlg
B0CJ6TT15M,ladjgdlg
B0CHYLZ329,ladjgdlg
B0CHJMZCJ2,ladjgdlg
B0CDPNPTHK,ladjgdlg
B0CCJFKG8F,ladjgdlg
B0CBVYYX9K,ladjgdlg
B003C1Q1ZW,ladjgdlg
B0DZ18DYDH,ladjgdlg
B0DXQ33VJC,ladjgdlg
B0DS276KZV,ladjgdlg
B0DRHQNLNK,ladjgdlg
B0DN14PJRS,ladjgdlg
B0DLWNYSNP,ladjgdlg
B0DLB43Y52,ladjgdlg
B0DL5QGS3V,ladjgdlg
B0DJ6PNMZ1,ladjgdlg
B0DDN8CL9C,ladjgdlg
B0D9QSJXG5,ladjgdlg
B0D9QN3Y4Q,ladjgdlg
B0D94NQH63,ladjgdlg
B0D7QQ5R96,ladjgdlg
B0D4LYTY48,ladjgdlg
B01N171WS4,ladjgdlg
B00502BBW4,ladjgdlg
B081X2V18K,ladjgdlg
B0D3Z1K3YB,ladjgdlg
B07ZGJ1RFW,ladjgdlg
B0B2PH38Z4,ladjgdlg
B08LNLH8DK,ladjgdlg
B0CFTYVJN6,ladjgdlg
B00FGINEMC,ladjgdlg
B0D2RNVTXR,ladjgdlg
B0D17BS2XT,ladjgdlg
B0C6PH31VR,ladjgdlg
B0CL4DP8V9,ladjgdlg
B09ZXNSWGM,ladjgdlg
B092M7VPQS,ladjgdlg
B0DB4Y6G1Z,ladjgdlg
B0992RPY5G,ladjgdlg
B08RYVBKV8,ladjgdlg
B085ZL6D1N,ladjgdlg
B081273KTB,ladjgdlg
B07QS694KB,ladjgdlg
B07KKB6PQK,ladjgdlg
B079RLD3KC,ladjgdlg
B00C7WEKN2,ladjgdlg
B009SRA1VE,ladjgdlg
B00006IDJX,ladjgdlg
B09ZNZRF8L,ladjgdlg
B009NN2O86,ladjgdlg
B0DKT5S9CD,ladjgdlg
B00DXOQBF8,ladjgdlg
B01M5L8NLL,ladjgdlg
B0DG8JTYS4,ladjgdlg
B08JCV4398,ladjgdlg
B07K811CQV,ladjgdlg
B0D78GS4JN,ladjgdlg
B00B1X8WKU,ladjgdlg
B0CGLRRKFH,ladjgdlg
B0D59K8292,ladjgdlg
B09Z9535RP,ladjgdlg
B01LDT0KRE,ladjgdlg
B0CQY8Q1TZ,ladjgdlg
B0DP9524R4,ladjgdlg
B0BV5WCQ1L,ladjgdlg
B0C9ZWBSGH,ladjgdlg
B07LC1S44K,ladjgdlg
B0BSSVDRSS,ladjgdlg
B0C2K2JK6B,ladjgdlg
B08PDR5DPB,ladjgdlg
B0CQQCY3JH,ladjgdlg
B0C14KMJYH,ladjgdlg
B009BZLE3C,ladjgdlg
B0BTYKWR21,ladjgdlg
B0CRXCSLTX,ladjgdlg
B0B8CG7W2P,ladjgdlg
B0D5PVZPLD,ladjgdlg
B0B73MJ87D,ladjgdlg
B0195V4YC4,ladjgdlg
B0B3X9J5GM,ladjgdlg
B0DRC7V1ZZ,ladjgdlg
B09QKG3X4V,ladjgdlg
B003P4SOVU,ladjgdlg
B09NPT5GQT,ladjgdlg
B0DNSZBKYJ,ladjgdlg
B09F64NKC6,ladjgdlg
B0CP546G3V,ladjgdlg
B097XZD3KH,ladjgdlg
B0B12KQMMP,ladjgdlg
B07VV256VJ,ladjgdlg
B09Z2Q8WKP,ladjgdlg
B07CSPN5RC,ladjgdlg
B0DJNVSSHL,ladjgdlg
B07YNNF9HC,ladjgdlg
B07W4XDV8X,ladjgdlg
B0D7VQ1PM4,ladjgdlg
B0DHFW3MK3,ladjgdlg
B09S3362XW,ladjgdlg
B0CM979JMC,ladjgdlg
B0D3LTL2K2,ladjgdlg
B09M662L9D,ladjgdlg
B0CQLZJG4G,ladjgdlg
B0D31H12ZD,ladjgdlg
B0DN11FHVT,ladjgdlg
B004XNMG4S,ladjgdlg
B0CBJSW336,ladjgdlg
B01K9A371Y,ladjgdlg
B0DJVQ47XF,ladjgdlg
B0DT7PH914,ladjgdlg
B0D8KYPD3X,ladjgdlg
B0CHJDDBLJ,ladjgdlg
B0DPKBRXWT,ladjgdlg
B0D69JVXZX,ladjgdlg
B0928J7BDY,ladjgdlg
B0C3CYH8Z6,ladjgdlg
B0C84V3X1Y,ladjgdlg
B0B68Y6791,ladjgdlg
B07W6CS91G,ladjgdlg
B09DCXQGQW,ladjgdlg
B07PWBCND6,ladjgdlg
B095L9JHSG,ladjgdlg
B0CCJD2R69,ladjgdlg
B0BFKM1W39,ladjgdlg
B0BDD9HBRQ,ladjgdlg
B0CY9B8LJL,ladjgdlg
B08962J8KQ,ladjgdlg
B0D66P5TVS,ladjgdlg
B0B1QVJ8L1,ladjgdlg
B0BPC2CSL7,ladjgdlg
B0BGJHL6V3,ladjgdlg
B0034CKTOI,ladjgdlg
B0CBR93CDR,ladjgdlg
B0BZXZX3J7,ladjgdlg
B0794BNB97,ladjgdlg
B07YXPF7T8,ladjgdlg
B0DSCYGSBF,ladjgdlg
B0CWVC9CDK,ladjgdlg
B0CWPD48T1,ladjgdlg
B09NBKFC5B,ladjgdlg
B09BD5D4MC,ladjgdlg
B07D3CXKC2,ladjgdlg
B0DFMWWKHJ,ladjgdlg
B0DNPDG19C,ladjgdlg
B09WRMDQMD,ladjgdlg
B097R6DKW2,ladjgdlg
B0CWNT8V9K,ladjgdlg
B0BCV6MRJC,ladjgdlg
B08NSY7VXJ,ladjgdlg
B0827NJ1SY,ladjgdlg
B07HMKYFN2,ladjgdlg
B0DR8WQTJY,ladjgdlg
B0D1FJ5T9D,ladjgdlg
B0CQK5F6V2,ladjgdlg
B0CKF1YTJ2,ladjgdlg
B0CJ9WM1H6,ladjgdlg
B0BZXLN6VL,ladjgdlg
B093ZVNC37,ladjgdlg
B081F454LL,ladjgdlg
B01N5T9Y5Y,ladjgdlg
B0DR8WV6GF,ladjgdlg
B0C1P8XZB9,ladjgdlg
B0BW361HHT,ladjgdlg
B0BRTYLVYV,ladjgdlg
B0BLK3LPDT,ladjgdlg
B0BLJPY6G9,ladjgdlg
B0BGPZVSHH,ladjgdlg
B0BFXP8H8Q,ladjgdlg
B0BFX43F1K,ladjgdlg
B0B6ZT6ZC5,ladjgdlg
B0B4DX4YNM,ladjgdlg
B09XK84GQ4,ladjgdlg
B09XDN4KPS,ladjgdlg
B09TPDZL2S,ladjgdlg
B09P3S6N7X,ladjgdlg
B092VQRNDT,ladjgdlg
B08LLDVGK7,ladjgdlg
B0D3D7JG3K,ladjgdlg
B0CSYD6XN4,ladjgdlg
B0CP9CFYST,ladjgdlg
B0CP4FMRNV,ladjgdlg
B0CMHLXRP8,ladjgdlg
B0C6LT7GQG,ladjgdlg
B0C15NXHG9,ladjgdlg
B0BYNRR9D3,ladjgdlg
B0BPY9FFC9,ladjgdlg
B09PHGG5XF,ladjgdlg
B09JW96YKF,ladjgdlg
B08TVPB9N9,ladjgdlg
B07M7TT66G,ladjgdlg
B07D8ZWD29,ladjgdlg
B00WNE9LZQ,ladjgdlg
B00GB636J4,ladjgdlg
B0DSFZFKTM,ladjgdlg
B0DJR9HZZY,ladjgdlg
B0DHLHGHHY,ladjgdlg
B0DGGPS4JD,ladjgdlg
B0DCF282JG,ladjgdlg
B0DBQ6K195,ladjgdlg
B0D9N6L37L,ladjgdlg
B0D9LY6HQ1,ladjgdlg
B0D9416YND,ladjgdlg
B0D8GM2M5Q,ladjgdlg
B0D1M9TFJF,ladjgdlg
B0D1174DJX,ladjgdlg
B0CYT34WLB,ladjgdlg
B0CYSXFW5J,ladjgdlg
B0CWYS65XL,ladjgdlg
B0CS9ZD92Z,ladjgdlg
B0DF63NCNR,ladjgdlg
B000PCMTBQ,ladjgdlg
B0CDPHG65B,ladjgdlg
B09YY1Z27P,ladjgdlg
B0DC6CFWR6,ladjgdlg
B0D7ZWLPTV,ladjgdlg
B0B1WXR8FG,ladjgdlg
B0BTGTWRHJ,ladjgdlg
B0D3CXMG3L,ladjgdlg
B09Q77PYQW,ladjgdlg
B0CG14Q4MF,ladjgdlg
B0D6QZHS2S,ladjgdlg
B09GYVM1WM,ladjgdlg
B0DPWPG7ZS,ladjgdlg
B0D7PJWDQ4,ladjgdlg
B00RKVDTNC,ladjgdlg
B0CRDTGVMF,ladjgdlg
B0CQVCMF68,ladjgdlg
B0CP1P2YWW,ladjgdlg
B0CLG6J47V,ladjgdlg
B0CL5R433F,ladjgdlg
B0CKHLTXSC,ladjgdlg
B0CJPBP3TJ,ladjgdlg
B0CHMHNK6K,ladjgdlg
B0CHJRH3VR,ladjgdlg
B0CH845KVP,ladjgdlg
B0CGZWP6ZW,ladjgdlg
B0CG5DYGP7,ladjgdlg
B0CF47PG9B,ladjgdlg
B0C6QHH3VR,ladjgdlg
B0C5R68F6L,ladjgdlg
B0C3935JSM,ladjgdlg
B08KGFDGC6,ladjgdlg
B08B3V8VVG,ladjgdlg
B087R2DYTV,ladjgdlg
B07MMHB1XT,ladjgdlg
B0721J5YZY,ladjgdlg
B01N7YQRWV,ladjgdlg
B00RLIAJ28,ladjgdlg
B0BBRMC5S5,ladjgdlg
B01N7S4AJ4,ladjgdlg
B0DCZCX8FB,ladjgdlg
B09KYCF5JT,ladjgdlg
B09TT2X7Z6,ladjgdlg
B0DBVH1CHY,ladjgdlg
B00021MRK8,ladjgdlg
B0CR7ZNK9X,ladjgdlg
B0DB1X9234,ladjgdlg
B005ESRWMM,ladjgdlg
B0D5H2N5VR,ladjgdlg
B0D8SP2HFZ,ladjgdlg
B085G1G92N,ladjgdlg
B0936N5R56,ladjgdlg
B0D5LX9G1M,ladjgdlg
B0C9JX73BX,ladjgdlg
B0DJCHZQ73,ladjgdlg
B002R3E65S,ladjgdlg
B08P5XQWPQ,ladjgdlg
B0DH2BZ6Z3,ladjgdlg
B0CQPGTTQ2,ladjgdlg
B0BVVTRXGN,ladjgdlg
B07SZ79WGH,ladjgdlg
B0BWMW62GD,ladjgdlg
B0B4C9YVXP,ladjgdlg
B0DPK7MJXM,ladjgdlg
B00VUN783S,ladjgdlg
B076H1RBJW,ladjgdlg
B0DMJMRVQF,ladjgdlg
B0DQY3H5BX,ladjgdlg
B00DWJ3KY4,ladjgdlg
B0DKT5277X,ladjgdlg
B0B2872GTN,ladjgdlg
B0CXDV8HQX,ladjgdlg
B0F1D2PXRL,ladjgdlg
B0DJ2LXZHV,ladjgdlg
B0CS9MH48H,ladjgdlg
B0DFG85CXK,ladjgdlg
B076JL75P9,ladjgdlg
B0CP6PB1Y4,ladjgdlg
1087503698,ladjgdlg
B093T2JGTW,ladjgdlg
B0CKYYX8M4,ladjgdlg
B0CNY9WBX5,ladjgdlg
B0CBLQT118,ladjgdlg
B093TKGZX4,ladjgdlg
B0CBCDF9GD,ladjgdlg
B0BTW8ZVD4,ladjgdlg
B09PV4BSXM,ladjgdlg
B0DZBK5D2T,ladjgdlg
B09HBJV97P,ladjgdlg
B09CKMZ8DV,ladjgdlg
B08PFM8DTQ,ladjgdlg
B0DBYZJMP8,ladjgdlg
B07KQV1MZL,ladjgdlg
B09WSR2X3N,ladjgdlg
B005TY23A2,ladjgdlg
B00B1V4GXY,ladjgdlg
B0DJ7B6J9G,ladjgdlg
B0BVJ82ZJS,ladjgdlg
B0DMRTRN9L,ladjgdlg
B0D5B2K2BG,ladjgdlg
B0CRHJZHWJ,ladjgdlg
B0DQ7C52CF,ladjgdlg
B0BWS3QRXH,ladjgdlg
B08LXK5BM2,ladjgdlg
B09ZNS9JZ9,ladjgdlg
B01GCLFCI0,ladjgdlg
B09BZKGT9T,ladjgdlg
B0D345232N,ladjgdlg
B0C5Y19H92,ladjgdlg
B0DHFZZRB9,ladjgdlg
B0BVPQZBKB,ladjgdlg
B0CT3BBDZL,ladjgdlg
B0DHGHLDWR,ladjgdlg
B0C2D33JJH,ladjgdlg
B0BRSF6TNR,ladjgdlg
B0DK125DDC,ladjgdlg
B0DNRZRPX6,ladjgdlg
B08Z9NBD4V,ladjgdlg
B0DBZ81P1Z,ladjgdlg
B0BG793KCV,ladjgdlg
B09576C56M,ladjgdlg
B0CWKZRK13,ladjgdlg
B0CFL9YYTH,ladjgdlg
B0C1FDHLR9,ladjgdlg
B0D174QCDS,ladjgdlg
B07PWGZDMQ,ladjgdlg
B0BXSNBYTQ,ladjgdlg
B00VXW77NC,ladjgdlg
B00Q6S2DYQ,ladjgdlg
B0DPCH6Y7V,ladjgdlg
B0BKPJTY7W,ladjgdlg
B00FBL493W,ladjgdlg
B0837ZNWVW,ladjgdlg
B07NMNW1NN,ladjgdlg
B0CH7X8X8C,ladjgdlg
B0CF8GNW8G,ladjgdlg
B0BMLK1B3T,ladjgdlg
B0DHWVLCWQ,ladjgdlg
B0DFMZ3FQW,ladjgdlg
B0C7TS4528,ladjgdlg
B09XMQBN25,ladjgdlg
B07HJCJTXP,ladjgdlg
B0CRS6FDQH,ladjgdlg
B07K1X2XKC,ladjgdlg
B0DQ4NT8VT,ladjgdlg
B0CZRQJ5DH,ladjgdlg
B0CQBVRVQ8,ladjgdlg
B0C5RX8ZNF,ladjgdlg
B0DG2W9GN9,ladjgdlg
B0D2NLM188,ladjgdlg
B0BYYNG3MW,ladjgdlg
B07YZG4NJ5,ladjgdlg
B07SW2DD41,ladjgdlg
B07QXDJXVZ,ladjgdlg
B0BT9J3KJM,ladjgdlg
B09TRVPPW9,ladjgdlg
B099K4Y2J8,ladjgdlg
B08SK9W351,ladjgdlg
B07KX332TS,ladjgdlg
B0BY2N52MT,ladjgdlg
B08NCVRDST,ladjgdlg
B0D5WT7SW4,ladjgdlg
B0D3859R5Q,ladjgdlg
B0CXJBPLL8,ladjgdlg
B0BY2W34W8,ladjgdlg
B0B8HQ2R3J,ladjgdlg
B09Z2647RH,ladjgdlg
B08955193T,ladjgdlg
B01M0OLS2L,ladjgdlg
B0DJ58SW4P,ladjgdlg
B0C9M1WLCM,ladjgdlg
B0C7BP81FR,ladjgdlg
B0C2HVLQ92,ladjgdlg
B0BW162X56,ladjgdlg
B0B2WDFJ6W,ladjgdlg
B09XDLLQJG,ladjgdlg
B095C9QC28,ladjgdlg
B00F2QFD5O,ladjgdlg
B0CGTPTJF9,ladjgdlg
B0CF8DTL3D,ladjgdlg
B0BLKK9MMD,ladjgdlg
B0BKPCW9L4,ladjgdlg
B0B9794QP4,ladjgdlg
B07WBYYDCK,ladjgdlg
B01N47V0AK,ladjgdlg
B003AYIAR8,ladjgdlg
B0DR8Z1WK8,ladjgdlg
B0DJYN5328,ladjgdlg
B0D6V95DQ1,ladjgdlg
B0D45YMMDL,ladjgdlg
B0D3DQPLMB,ladjgdlg
B0CQ3LJ318,ladjgdlg
B0CM95DTBM,ladjgdlg
B0CH28ZWT3,ladjgdlg
B0CDL684P2,ladjgdlg
B0C5C5JBRH,ladjgdlg
B0BXTC84Q6,ladjgdlg
B0DG5XVNSL,ladjgdlg
B0DFWHT3PX,ladjgdlg
B0DDBPD4BL,ladjgdlg
B0D99L5LD1,ladjgdlg
B0D7NR792K,ladjgdlg
B0D7HDJW89,ladjgdlg
B0D6B3KXZR,ladjgdlg
B0D62LJ7L4,ladjgdlg
B0D4LMR5JH,ladjgdlg
B0D2Y3L9N1,ladjgdlg
B0D2Q7KH1V,ladjgdlg
B0D2JLLJXH,ladjgdlg
B0D1NDR871,ladjgdlg
B0CWGM4PS3,ladjgdlg
B0CW3NMYX1,ladjgdlg
B0CMCVWJVG,ladjgdlg
B0BRKQ3V2N,ladjgdlg
B0BL9X3RC9,ladjgdlg
B0BFYX2NHD,ladjgdlg
B0B1V733DP,ladjgdlg
B0978WYPV9,ladjgdlg
B08VS8GZL7,ladjgdlg
B087NHCY6S,ladjgdlg
B0161W6QQM,ladjgdlg
B0DVZ5K269,ladjgdlg
B0DPHNZQ72,ladjgdlg
B0DLL5RM3B,ladjgdlg
B0DL9FTF1V,ladjgdlg
B0DK4121WZ,ladjgdlg
B0DK3HL3HH,ladjgdlg
B0DHXRTBXH,ladjgdlg
B0DHLH422T,ladjgdlg
B0CLNV9K7K,ladjgdlg
B0CHFG3DMX,ladjgdlg
B0CHDZMPL5,ladjgdlg
B0CFY1DQQT,ladjgdlg
B0CF1JN4VG,ladjgdlg
B0CCPG86CH,ladjgdlg
B0CBTXQW14,ladjgdlg
B0CB211V6L,ladjgdlg
B0C9QZ7S9H,ladjgdlg
B0C89TKB3B,ladjgdlg
B0C81DY4DF,ladjgdlg
B0C7QXV9B7,ladjgdlg
B0C73CCMBB,ladjgdlg
B0C6M1WQLH,ladjgdlg
B0C3BD2QCY,ladjgdlg
B0C22NQY6Q,ladjgdlg
B0BX7ZS4Z9,ladjgdlg
B0BV6BBBH5,ladjgdlg
B0BTCNCR9G,ladjgdlg
B0BSG47JCC,ladjgdlg
B0BNPNLXX9,ladjgdlg
B0B89P8PDW,ladjgdlg
B0B6HS6M6H,ladjgdlg
B0B4656NQZ,ladjgdlg
B0B24WXHQC,ladjgdlg
B09ZB7Z85H,ladjgdlg
B09W5VFMHL,ladjgdlg
B09W19ZM36,ladjgdlg
B09P16H5PG,ladjgdlg
B09NTSVSBZ,ladjgdlg
B09DPFB9NX,ladjgdlg
B09314KFQY,ladjgdlg
B0928JKM6T,ladjgdlg
B08WPWX5HC,ladjgdlg
B08SW3VMZF,ladjgdlg
B07R28GFZ1,ladjgdlg
B07KKMBXNT,ladjgdlg
B07CLLYMZ5,ladjgdlg
B07CJJ66PZ,ladjgdlg
B0763ZQ7KT,ladjgdlg
B06XP3Z8TQ,ladjgdlg
B01M0K2HPM,ladjgdlg
B015TGBLNO,ladjgdlg
B00ZO2E2I0,ladjgdlg
B099SJKMLG,ladjgdlg
B0D8SY46NJ,ladjgdlg
B0DCV4LYR2,ladjgdlg
B07DGQHHXN,ladjgdlg
B09V1TN1TQ,ladjgdlg
B0DSLN4XGZ,ladjgdlg
B0CG9RN1G3,ladjgdlg
B07D8ZD3WX,ladjgdlg
B099SHG6NJ,ladjgdlg
B07RFSY4Y2,ladjgdlg
B0CY2HMR53,ladjgdlg
B0DQDFMJ2F,ladjgdlg
B0C9PMMWQM,ladjgdlg
B0B4NSTDM9,ladjgdlg
B07FN2SW3X,ladjgdlg
B09YC1SKMM,ladjgdlg
B0BHZSDHCV,ladjgdlg
B0D9H2YLQ5,ladjgdlg
B0CYLDYF8C,ladjgdlg
B08DLZWZX1,ladjgdlg
B0BZL24MNT,ladjgdlg
B08D3C9CG5,ladjgdlg
B0D9LCQNRP,ladjgdlg
B0BTPC871R,ladjgdlg
B0B5XH5JSD,ladjgdlg
B0C4NT7MCT,ladjgdlg
B0B4RMYCDV,ladjgdlg
B0DG12NBYF,ladjgdlg
B0BKGBXH35,ladjgdlg
B0DN6SPL8H,ladjgdlg
B00U88EE6K,ladjgdlg
B0DLK82K11,ladjgdlg
B0BQJKJBDL,ladjgdlg
B082LVM449,ladjgdlg
B0D9JDH93C,ladjgdlg
B0BYCK63LV,ladjgdlg
B0BXZV3KH1,ladjgdlg
B0BRZW3J2H,ladjgdlg
B08NPJBQ3M,ladjgdlg
B07YTFD73D,ladjgdlg
B0BBRGST8D,ladjgdlg
B079ZX483W,ladjgdlg
B0C7RTPD5D,ladjgdlg
B0BJK25VQQ,ladjgdlg
B0DPL5Z6TS,ladjgdlg
B0CMPR8D5Z,ladjgdlg
B01FEXE4JK,ladjgdlg
B0BSLY49N5,ladjgdlg
B0DGD2C1VF,ladjgdlg
B0CTH1P36H,ladjgdlg
B0CNPHPNT5,ladjgdlg
B0DDSN1CYP,ladjgdlg
B0C6KCGHKR,ladjgdlg
B0CW9NN539,ladjgdlg
B0DCK3N69Q,ladjgdlg
B0DHZRVK4M,ladjgdlg
B0DBHK32XR,ladjgdlg
B0D6SP96NC,ladjgdlg
B0D9BZ3TJ5,ladjgdlg
B0BKQ9RFGH,ladjgdlg
B0CWY9F81S,ladjgdlg
B0DKPWLZNG,ladjgdlg
B0CJNKP1DF,ladjgdlg
B0CJ5QVGST,ladjgdlg
B0BG4WSFH3,ladjgdlg
B00ZYVPO5G,ladjgdlg
B0BFW2PTQ3,ladjgdlg
B09CKT36BC,ladjgdlg
B0B7M85LQR,ladjgdlg
B001E96M58,ladjgdlg
B08S6TKB8C,ladjgdlg
B0CJRH24P2,ladjgdlg
B08B4HW9T7,ladjgdlg
B085B1RT6S,ladjgdlg
B07ZJCNXB4,ladjgdlg
B0DFQ7W16K,ladjgdlg
B07786L76H,ladjgdlg
B0B387QPDM,ladjgdlg
B0CHRTTS9X,ladjgdlg
B0CLDKYL8M,ladjgdlg
B0CCD8T4G2,ladjgdlg
B0D2XJ24BF,ladjgdlg
B0C48X9SKB,ladjgdlg
B0CTCRF5FV,ladjgdlg
B0C2Z39J23,ladjgdlg
B0BW8NRYQX,ladjgdlg
B0BQMFG7SL,ladjgdlg
B07C727GDR,ladjgdlg
B0BQDCRB9J,ladjgdlg
B07FJZYGNZ,ladjgdlg
B0BL72LLYD,ladjgdlg
B0DSFV1QTC,ladjgdlg
B0BJDH33ZT,ladjgdlg
B0B58Q9F7N,ladjgdlg
B0BGXNHFBK,ladjgdlg
B09W8RQML4,ladjgdlg
B0CNRJ9ZWD,ladjgdlg
B08839L43J,ladjgdlg
B0BSP2YDBZ,ladjgdlg
B0B7KRS6NN,ladjgdlg
B0C281N8DB,ladjgdlg
B09YM7BRYT,ladjgdlg
B0CHS3XDMR,ladjgdlg
B09VDRLPBM,ladjgdlg
B08JB3V33L,ladjgdlg
B0C1YGKRJT,ladjgdlg
B00845ATKY,ladjgdlg
B0DHRJ6Z11,ladjgdlg
B0CYY3HJFL,ladjgdlg
B07XYGG1QJ,ladjgdlg
B0DSGS2FNT,ladjgdlg
B0CJPVDHYN,ladjgdlg
B0CH2SLD24,ladjgdlg
B0CM3T5CRX,ladjgdlg
B0B84KK8JD,ladjgdlg
B09Q2NVSQF,ladjgdlg
B0BNT2XC6X,ladjgdlg
B0D7TQNNK8,ladjgdlg
B0DLVFZF26,ladjgdlg
B0B81DHXVT,ladjgdlg
B0CPDZ6NPK,ladjgdlg
B08YWVLXC9,ladjgdlg
B0DFCHX8HG,ladjgdlg
B07H5SDC59,ladjgdlg
B0CFL5KQ3D,ladjgdlg
B0DWRNW4DR,ladjgdlg
B0BZ8XWX5D,ladjgdlg
B0CFMB1F46,ladjgdlg
B08Z7HD1QR,ladjgdlg
B0D7VFCGSQ,ladjgdlg
B0CBVTKP97,ladjgdlg
B078S5ZL5D,ladjgdlg
B0DJXYPYZC,ladjgdlg
B0CBWJ532Q,ladjgdlg
B0BJYV14ZP,ladjgdlg
B09S3KD7DT,ladjgdlg
B07VNBYTF5,ladjgdlg
B0CNX1J9FP,ladjgdlg
B07Y5VLPNW,ladjgdlg
B004GFNF98,ladjgdlg
B0DG5JL6C1,ladjgdlg
B0DCZ7S7N8,ladjgdlg
B0CSD9HFVD,ladjgdlg
B0CCDWCD82,ladjgdlg
B0BFMR5X12,ladjgdlg
B0BFBQYFSL,ladjgdlg
B09XB5G78F,ladjgdlg
B08XZD41MW,ladjgdlg
B0893744S5,ladjgdlg
B07MFFZ1ZM,ladjgdlg
B0D4YWTHRL,ladjgdlg
B0CZMWT1H9,ladjgdlg
B0CWYSK9VL,ladjgdlg
B0CPLVQ88K,ladjgdlg
B0CGSXGHT8,ladjgdlg
B0CC9ZYBS2,ladjgdlg
B0C56NXDTS,ladjgdlg
B0BTTMD896,ladjgdlg
B098BF3DCX,ladjgdlg
B08SWBK69F,ladjgdlg
B087NCYWXC,ladjgdlg
B07MFN3QBR,ladjgdlg
B07KS6CZRW,ladjgdlg
B00DYARXO4,ladjgdlg
B00DBSAUAS,ladjgdlg
B0DZ17LN5P,ladjgdlg
B0DXF6PHYB,ladjgdlg
B0DWMBYVVN,ladjgdlg
B0DSVPTKTS,ladjgdlg
B0DQD5D7W4,ladjgdlg
B0DNDPN2KY,ladjgdlg
B0DMSDCVQK,ladjgdlg
B0DMN4Z6Q5,ladjgdlg
B0DLQHWYYG,ladjgdlg
B0DL5PSWS2,ladjgdlg
B0DJG31XVF,ladjgdlg
B0CX233STF,ladjgdlg
B0CSSFRPVK,ladjgdlg
B0CRYJ3LDH,ladjgdlg
B0CN9GVKDV,ladjgdlg
B0CMT1ZNNW,ladjgdlg
B0CM9J6PHX,ladjgdlg
B0CM3KSVM1,ladjgdlg
B0CKYL94F7,ladjgdlg
B0CJJFXJ3Y,ladjgdlg
B0CJ6VR7MF,ladjgdlg
B0CH3BFQYW,ladjgdlg
B0CGGT9PZK,ladjgdlg
B0C9XV8JH8,ladjgdlg
B0C9PV3H8S,ladjgdlg
B0C9JCFSH8,ladjgdlg
B0C7K1LML2,ladjgdlg
B0C7HGNKY7,ladjgdlg
B0C4FB7CZL,ladjgdlg
B0BB77Z9SG,ladjgdlg
B09VC13Q4D,ladjgdlg
B09TQ75L6R,ladjgdlg
B09SDJTRHH,ladjgdlg
B09H75KYNK,ladjgdlg
B08NXKRPK8,ladjgdlg
B08C812S9R,ladjgdlg
B086MDC4RT,ladjgdlg
B086CCZNKQ,ladjgdlg
B07YWRV3FK,ladjgdlg
B07RX3HXM8,ladjgdlg
B0DDNLYBYD,ladjgdlg
B0DCS3CS8P,ladjgdlg
B0DBY6K33R,ladjgdlg
B0DBH165TS,ladjgdlg
B0D9QQC1QJ,ladjgdlg
B0D91J54ZP,ladjgdlg
B0D7NYZFNH,ladjgdlg
B0D6GRMGKT,ladjgdlg
B0D53VK24W,ladjgdlg
B0D52Q9K5G,ladjgdlg
B0D46KGRXG,ladjgdlg
B0D4553N1Q,ladjgdlg
B0D3Q5TLNN,ladjgdlg
B0CZLGSBZV,ladjgdlg
B0CYZVPZXC,ladjgdlg
B0CXSS1VP1,ladjgdlg
B0CSP756YB,ladjgdlg
B096BNRM5N,ladjgdlg
B07MYMNHZ2,ladjgdlg
B08L8LFS2S,ladjgdlg
B0DD7X2NW3,ladjgdlg
B00ILOOHEW,ladjgdlg
B0CSSJ1LSJ,ladjgdlg
B07T7V2NVV,ladjgdlg
B0CJDN1KDQ,ladjgdlg
B007E88PU8,ladjgdlg
B0C6LM754H,ladjgdlg
B0CGFCTHWF,ladjgdlg
B0DKR9PDC6,ladjgdlg
B0843833CK,ladjgdlg
B0DGGQSCWP,ladjgdlg
B07F1FCPZH,ladjgdlg
B07DCQ3RSB,ladjgdlg
B0DK38PVH6,ladjgdlg
B076LR7KXN,ladjgdlg
B09C1X9MC2,ladjgdlg
B09W5QVD6R,ladjgdlg
B09BVJ765M,ladjgdlg
B078SP9W7M,ladjgdlg
B0F387JR6M,ladjgdlg
B0BT9Q2D95,ladjgdlg
B0DR7WWYGS,ladjgdlg
B01A5UJ06O,ladjgdlg
B07VM5NLDJ,ladjgdlg
B0B4N57KYJ,ladjgdlg
B0CQX2ZLWL,ladjgdlg
B00DDVU6EI,ladjgdlg
B0D6BQWKRX,ladjgdlg
B0C69DM5CH,ladjgdlg
B0DDSW3RYM,ladjgdlg
B0CT5F7X67,ladjgdlg
B076CLL4ZL,ladjgdlg
B0C8SXN2FK,ladjgdlg
B0D827M4XP,ladjgdlg
B0DK17W7C8,ladjgdlg
B0D25GDFMJ,ladjgdlg
B0DNMP1QCT,ladjgdlg
B0CZ6WTRVH,ladjgdlg
B0DQBW5B4Y,ladjgdlg
B0D47GBHBG,ladjgdlg
B08QVNBWHK,ladjgdlg
B0CJJWBL7C,ladjgdlg
B082PX4F3J,ladjgdlg
B0D9NTNX95,ladjgdlg
B0DPWMGBFT,ladjgdlg
B09M6MTLKY,ladjgdlg
B0DNTSSL5W,ladjgdlg
B0BMTYHH73,ladjgdlg
B0D1GCQKVS,ladjgdlg
B0CQFTYVG1,ladjgdlg
B0DJ4F79KR,ladjgdlg
B0C53DCZZJ,ladjgdlg
B08NG1HBC8,ladjgdlg
B0CQ1X1C4N,ladjgdlg
B07JJTMR7R,ladjgdlg
B0BZ3RCX4G,ladjgdlg
B0CN2T2BDS,ladjgdlg
B09MVBLDT2,ladjgdlg
B0D4VQ39KN,ladjgdlg
B0C7NYR858,ladjgdlg
B09ZYXH2Y2,ladjgdlg
B0BWXX1P36,ladjgdlg
B07Z8N2X8G,ladjgdlg
B0BVKH9SDB,ladjgdlg
B0C1SJ14MB,ladjgdlg
B0BR6PTMK6,ladjgdlg
B0CHWKY8JW,ladjgdlg
B09YD2G1KM,ladjgdlg
B0CN97PNYC,ladjgdlg
B09QC515M7,ladjgdlg
B09NR7XPJX,ladjgdlg
B092945QL9,ladjgdlg
B07Y5QFHYG,ladjgdlg
B08Y61GVV7,ladjgdlg
B0BSK334BF,ladjgdlg
B07S9WDG9G,ladjgdlg
B0BWS9ZV2Q,ladjgdlg
B0D7RB2J6K,ladjgdlg
B0D73GHZTY,ladjgdlg
B0BGGF6FGQ,ladjgdlg
B01J9D6LMY,ladjgdlg
B0DQVJ3WW4,ladjgdlg
B0D46M2Q68,ladjgdlg
B09DKS49MC,ladjgdlg
B0CL426R5S,ladjgdlg
B0CCP6PWQJ,ladjgdlg
B0BRXQTWXN,ladjgdlg
B084M4PK29,ladjgdlg
B0CJBW8L96,ladjgdlg
B0C8HBQ8NS,ladjgdlg
B08LLFYXCL,ladjgdlg
B0DGGL699P,ladjgdlg
B07J1N1582,ladjgdlg
B0DPKBZ9TM,ladjgdlg
B0C271Y2SB,ladjgdlg
B0DMR2G7P2,ladjgdlg
B004XICGAM,ladjgdlg
B0D8ZNGBDN,ladjgdlg
B0D8Q1P58K,ladjgdlg
B0D78GVNXQ,ladjgdlg
B0CJ2RHWP5,ladjgdlg
B0D6QMDRW9,ladjgdlg
B0DK2S7Q6T,ladjgdlg
B0D3G39NBP,ladjgdlg
B0CZHC1P6K,ladjgdlg
B0D1BGQQWM,ladjgdlg
B004W2FI8G,ladjgdlg
B0CZRQ1XDR,ladjgdlg
B09MJMWVRD,ladjgdlg
B07ZPYKL46,ladjgdlg
B07934TPV1,ladjgdlg
B007YLTP3G,ladjgdlg
B0D14L69Q5,ladjgdlg
B0C5XFRW4B,ladjgdlg
B09TG2WW1Y,ladjgdlg
B07TYX1LCK,ladjgdlg
B07HRBSHKM,ladjgdlg
B0DRVBZ2WL,ladjgdlg
B0C1ZYCXDS,ladjgdlg
B0B97H3Q5Z,ladjgdlg
B09X4547ZC,ladjgdlg
B095XH38WN,ladjgdlg
B089QWM5QL,ladjgdlg
B085H6S3JJ,ladjgdlg
B0CY53XPMZ,ladjgdlg
B0CYBWZ8MQ,ladjgdlg
B0D5DC39Y4,ladjgdlg
B0CWD5698R,ladjgdlg
B0DFY44SJD,ladjgdlg
B0CTSX4VK7,ladjgdlg
B0D5S86LTM,ladjgdlg
B0CTKPBMS5,ladjgdlg
B0C5MPZTM5,ladjgdlg
B0CPSHW7T3,ladjgdlg
B0C1S8K6PC,ladjgdlg
B0CJ622YFP,ladjgdlg
B0BB1ZTVD1,ladjgdlg
B0C37C3FGL,ladjgdlg
B0DLKC1W6C,ladjgdlg
B0C234ZJH2,ladjgdlg
B08HG8Z4P1,ladjgdlg
B07RXYQ63Z,ladjgdlg
B01FZ4RGQ6,ladjgdlg
B07CHBJ2L7,ladjgdlg
B0CPPNNJ9D,ladjgdlg
B0BXSN6ZPR,ladjgdlg
B09SVNVZJ4,ladjgdlg
B0DL3ZC3K4,ladjgdlg
B07TTLZC8R,ladjgdlg
B07KJYP46S,ladjgdlg
B0CGLYH4SS,ladjgdlg
B09H69561T,ladjgdlg
B0D1V7MGTG,ladjgdlg
B07TTQH3B5,ladjgdlg
B0DLFBDN86,ladjgdlg
B0CCP6XFRT,ladjgdlg
B07NCN4BVZ,ladjgdlg
B0DJDBD17J,ladjgdlg
B0C18YVFTQ,ladjgdlg
B0BX9HBH56,ladjgdlg
B079FRWC5B,ladjgdlg
B0CMQKWCNS,ladjgdlg
B0CLZBVW9X,ladjgdlg
B0CHYMJC9Z,ladjgdlg
B0C78N199T,ladjgdlg
B0BZQ74J3K,ladjgdlg
B0B4JKDKC9,ladjgdlg
B01MREYSAD,ladjgdlg
B0DYV6NR82,ladjgdlg
B0DRW37DH2,ladjgdlg
B0DRV7FTWL,ladjgdlg
B0DNJW985Q,ladjgdlg
B0BR9VDL7W,ladjgdlg
B0BQBJD44C,ladjgdlg
B0BK94VL3B,ladjgdlg
B0B67P1R3N,ladjgdlg
B0B42ZG3YV,ladjgdlg
B09X2K3F9K,ladjgdlg
B09WQHHHXS,ladjgdlg
B09QH87W2V,ladjgdlg
B09BZH5NHC,ladjgdlg
B096RQDWQK,ladjgdlg
B093DR2TPG,ladjgdlg
B08LL8PFDV,ladjgdlg
B08KRL4YNR,ladjgdlg
B08K4GN88W,ladjgdlg
B08GS636ST,ladjgdlg
B08F521GFZ,ladjgdlg
B089FPVKTD,ladjgdlg
B085VN7S4T,ladjgdlg
B082ML7MTJ,ladjgdlg
B07ZHL1KW1,ladjgdlg
B07GX4YVGX,ladjgdlg
B0DLL66V3D,ladjgdlg
B0DKNBZVV6,ladjgdlg
B0DKMPZ95T,ladjgdlg
B0DK5H85GW,ladjgdlg
B0DGTB43Y5,ladjgdlg
B0DFW55S8B,ladjgdlg
B0DCP8WK25,ladjgdlg
B0DCKF92B1,ladjgdlg
B0DBQ6K3PW,ladjgdlg
B0D9GLPW6M,ladjgdlg
B0D3HSPWJN,ladjgdlg
B0D2PXSH14,ladjgdlg
B0D2PV3LFY,ladjgdlg
B0D1TS2HL3,ladjgdlg
B0D17SGP43,ladjgdlg
B0CZ6RFXJR,ladjgdlg
B0CX5962QW,ladjgdlg
B0CWNCJH6K,ladjgdlg
B0CW3152CF,ladjgdlg
B0CPLGXZZ8,ladjgdlg
B0CPDSLST9,ladjgdlg
B0CLV6HBTH,ladjgdlg
B0CGBM72WG,ladjgdlg
B0CFVF6JFB,ladjgdlg
B0CFDZCB14,ladjgdlg
B0CFDMQCH2,ladjgdlg
B0CDT95YJ8,ladjgdlg
B0CB832T1G,ladjgdlg
B0CB3VVWM6,ladjgdlg
B0C5WL985Q,ladjgdlg
B0BS8P1CMR,ladjgdlg
B0BS3KCX2H,ladjgdlg
B002D48QIE,ladjgdlg
B09LR5ZVZG,ladjgdlg
B0CHWDDPKW,ladjgdlg
B0CL744KMN,ladjgdlg
B081W78JDN,ladjgdlg
B078WJ42JC,ladjgdlg
B0CJT5FNH1,ladjgdlg
B07GSJH78N,ladjgdlg
B0B6GDQS1G,ladjgdlg
B0B23937KH,ladjgdlg
B0CG9QS9ZD,ladjgdlg
B0C991SPQB,ladjgdlg
B0D2ZBY47G,ladjgdlg
B0C3C8X6KF,ladjgdlg
B0DJWGN94L,ladjgdlg
B09BBHLWS8,ladjgdlg
B0CLD4Z8C8,ladjgdlg
B0D7344D3C,ladjgdlg
B0794YZ51S,ladjgdlg
B0BCZ35YY9,ladjgdlg
B0DPFZ2PSM,ladjgdlg
B099SH25ZM,ladjgdlg
B09PFWCHTC,ladjgdlg
B01MU722EN,ladjgdlg
B094PQVM8Z,ladjgdlg
B0DG7WDWVF,ladjgdlg
B077817L9S,ladjgdlg
B0DS265Z8S,ladjgdlg
B0DFM93SQD,ladjgdlg
B0833WJLRS,ladjgdlg
B0BLK41QH8,ladjgdlg
B0DBLH7QY9,ladjgdlg
B0CYZ7Q5C5,ladjgdlg
B0B3Z2K1MB,ladjgdlg
B0CQC5VMST,ladjgdlg
B0DPQM2RH5,ladjgdlg
B0CNW5BPVW,ladjgdlg
B0CPPSS7NH,ladjgdlg
B0CX4MZCS2,ladjgdlg
B0CLCDCDY2,ladjgdlg
B0B27YCVCM,ladjgdlg
B0CF9BWLJG,ladjgdlg
B0D3DVJ2QR,ladjgdlg
B0CCNNN19J,ladjgdlg
B07WCBXFKG,ladjgdlg
B0CCD8KV4R,ladjgdlg
B0DJXSC12C,ladjgdlg
B0CBKHSNW6,ladjgdlg
B0C498WL3T,ladjgdlg
B0C5YHNDTC,ladjgdlg
B0D6YPXX9K,ladjgdlg
B0BM9DJRZ5,ladjgdlg
B0CHNTTP32,ladjgdlg
B0BCK7BWDX,ladjgdlg
B09GFK4JBV,ladjgdlg
B09V7KK4VF,ladjgdlg
B00405WMS4,ladjgdlg
B096374PFS,ladjgdlg
B092223QCM,ladjgdlg
B08N4CTBG2,ladjgdlg
B0DSZGQDKG,ladjgdlg
B01KGWRCO8,ladjgdlg
B0DFLWJX44,ladjgdlg
B0DBLSND9C,ladjgdlg
B01FV0SAY6,ladjgdlg
B0DJK2H1QG,ladjgdlg
B07L8CDW5C,ladjgdlg
B0DCZM4SQS,ladjgdlg
B09SWD3JPF,ladjgdlg
B0BR7LD3R1,ladjgdlg
B0DRVR9WFQ,ladjgdlg
B0CRHXH1LL,ladjgdlg
B0DFGX6G8F,ladjgdlg
B0CRH6ZGPG,ladjgdlg
B0BX4K3MQX,ladjgdlg
B09JK8J279,ladjgdlg
B08FSRS56P,ladjgdlg
B07D98SNFB,ladjgdlg
B0D44DXBRC,ladjgdlg
B000GUTP00,ladjgdlg
B0CZQRML28,ladjgdlg
B075L4NDRR,ladjgdlg
B0CWDMVV56,ladjgdlg
B006B3PWLW,ladjgdlg
B0DP3YT31Q,ladjgdlg
B01IA9BPIS,ladjgdlg
B00HYZXX3U,ladjgdlg
B0DNJZFHKD,ladjgdlg
B0DCZBM5Y9,ladjgdlg
B07FVQH5ZB,ladjgdlg
B0054Y0WLY,ladjgdlg
B0C9XWPNTG,ladjgdlg
B0DR31HQHP,ladjgdlg
B0BCP3T11W,ladjgdlg
B07F5M8PGB,ladjgdlg
B0DQPDQG67,ladjgdlg
B00KRFF9RC,ladjgdlg
B001I6S3ZY,ladjgdlg
B0DP4QJK3B,ladjgdlg
B09D8SGG5T,ladjgdlg
B0DFXVSTG6,ladjgdlg
B0DFCH4XSX,ladjgdlg
B0BHR75HLD,ladjgdlg
B0C2YRQLML,ladjgdlg
B0DCVM341Q,ladjgdlg
B0CTPQQS92,ladjgdlg
B0DJRPGQRZ,ladjgdlg
B0D5Y6FZMW,ladjgdlg
B0D14PY2CX,ladjgdlg
B0B82FS4V9,ladjgdlg
B09JXRY734,ladjgdlg
B0D8H3VLPC,ladjgdlg
B0DZ61RRCK,ladjgdlg
B0DV5ST2RL,ladjgdlg
B0DLSN8W29,ladjgdlg
B0DL918RGD,ladjgdlg
B0DG5QB5V9,ladjgdlg
B0DFWJN2TS,ladjgdlg
B0DDXYQ3DS,ladjgdlg
B0DCKN79GK,ladjgdlg
B0DCC8DW88,ladjgdlg
B0DB5F4CY9,ladjgdlg
B0D9VDZSKJ,ladjgdlg
B0D9S2Q8SN,ladjgdlg
B0D9QNMS9H,ladjgdlg
B0D93K5THH,ladjgdlg
B0D8KSV2H6,ladjgdlg
B0D8JDZFQ1,ladjgdlg
B0CQTK95K6,ladjgdlg
B0CSCYWVBQ,ladjgdlg
B0BFFS7WNB,ladjgdlg
B09S3412XW,ladjgdlg
B088B7TRGD,ladjgdlg
B07PPDRJ1B,ladjgdlg
B0BWK12C1L,ladjgdlg
B0BDF8NHXY,ladjgdlg
B09DLDQ9GL,ladjgdlg
B08RJTNQ7F,ladjgdlg
B08QQRWDWS,ladjgdlg
B081DC3GT8,ladjgdlg
B07MX4FPLF,ladjgdlg
B077P4W2DH,ladjgdlg
B076PSJ3J7,ladjgdlg
B01JTWX6GY,ladjgdlg
B0D5XLS5QY,ladjgdlg
B0D47Y8ZB8,ladjgdlg
B0D33NCLML,ladjgdlg
B0D2QWTNBR,ladjgdlg
B0D25CS5DW,ladjgdlg
B0D12HBHG9,ladjgdlg
B0CY541ZDP,ladjgdlg
B0CV16NB1D,ladjgdlg
B0CR47D3CY,ladjgdlg
B0CM9JFWJ9,ladjgdlg
B0CBQ41R76,ladjgdlg
B0C4T3YDDD,ladjgdlg
B0C4GNMF26,ladjgdlg
B0C2K14GH7,ladjgdlg
B0C27GXDKB,ladjgdlg
B0BWXLRTFV,ladjgdlg
B01DQNE71K,ladjgdlg
B0DHKCVV8M,ladjgdlg
B0DCZDTB1C,ladjgdlg
B0DC3XLQ4J,ladjgdlg
B0D3HDLM1S,ladjgdlg
B0D1R7F6ZN,ladjgdlg
B0D1JKKRHJ,ladjgdlg
B0CQX87CTJ,ladjgdlg
B0CJJVKHNT,ladjgdlg
B0CCBRKBLD,ladjgdlg
B0C5XN1VT7,ladjgdlg
B0BTKGLZPM,ladjgdlg
B0BG8KFQX3,ladjgdlg
B0B9NDLL58,ladjgdlg
B089P2RDHK,ladjgdlg
B01JUYR7A2,ladjgdlg
B097HP7DQ6,ladjgdlg
B0D6TR9FB9,ladjgdlg
B0DJVM1L13,ladjgdlg
B0DLQKDN3Y,ladjgdlg
B09YC5WFB5,ladjgdlg
B0DJS9ZJ6T,ladjgdlg
B0CNY83Z4S,ladjgdlg
B0C6Q4JXKT,ladjgdlg
B0DH4S74MZ,ladjgdlg
B0BVJJ7T2H,ladjgdlg
B0DCPYNGT3,ladjgdlg
B0DGXSL36C,ladjgdlg
B09LS718PL,ladjgdlg
B0CNLSNNCS,ladjgdlg
B0DDLG2QTM,ladjgdlg
B0CC4QJ5PW,ladjgdlg
B0BKRR2KGQ,ladjgdlg
B0BHVXN63W,ladjgdlg
B0B28HPP8T,ladjgdlg
B09PHMK1TR,ladjgdlg
B09C654XFT,ladjgdlg
B0982VB2CZ,ladjgdlg
B097J2JKLQ,ladjgdlg
B095BFB8BL,ladjgdlg
B0876QVQWX,ladjgdlg
B00R3KE466,ladjgdlg
B00C6QEW5U,ladjgdlg
B009IEXRCW,ladjgdlg
B00856TMYG,ladjgdlg
B002Z86O5U,ladjgdlg
B000LLMAU6,ladjgdlg
B07BZXYQ2M,ladjgdlg
B0DBLFFRVN,ladjgdlg
B0D2Y55BHJ,ladjgdlg
B077Z1C65W,ladjgdlg
B0CQLWBC1Q,ladjgdlg
B0DK1GZ3YK,ladjgdlg
B0CBV62XGF,ladjgdlg
B0DFP55ZV8,ladjgdlg
B0BZZBFCDV,ladjgdlg
B074B89XL6,ladjgdlg
B07R5415DX,ladjgdlg
B0CG62HQ4J,ladjgdlg
B077RCHDLV,ladjgdlg
B0C3JHV2R4,ladjgdlg
B09NL4KMYP,ladjgdlg
B0041HVXKO,ladjgdlg
B0C4DD5FD2,ladjgdlg
B0B1ZPHLMB,ladjgdlg
B085NY3RJQ,ladjgdlg
B01LO0OY7Y,ladjgdlg
B0B8WZDG6T,ladjgdlg
B087CQWZDW,ladjgdlg
B0DJXWLJ17,ladjgdlg
B08MX9CF7V,ladjgdlg
B08QSG8L85,ladjgdlg
B0D1V5W37M,ladjgdlg
B07PVC97TZ,ladjgdlg
B08LCZB5SY,ladjgdlg
B0CF9PF593,ladjgdlg
B0C2GTMDCN,ladjgdlg
B07WWYQS7B,ladjgdlg
B0BCZ2SZ6F,ladjgdlg
B0BF9FT8TD,ladjgdlg
B06ZYKDFDY,ladjgdlg
B0CT5ZKZLB,ladjgdlg
B0D65XH13N,ladjgdlg
B0CYTCFN1S,ladjgdlg
B0CMT153TV,ladjgdlg
B0962SB9J7,ladjgdlg
B0DNSFW5T5,ladjgdlg
B0C29R8HFW,ladjgdlg
B0DJKS27VG,ladjgdlg
B0716HLKPG,ladjgdlg
B0CX91HKYC,ladjgdlg
B0DZHQM2ZP,ladjgdlg
B0D2SPTX6S,ladjgdlg
B0BP49MPH7,ladjgdlg
B0DNSFXZCC,ladjgdlg
B009NKUW7Y,ladjgdlg
B07TMNZPXK,ladjgdlg
B07PGMG14S,ladjgdlg
B0CP9J7DF3,ladjgdlg
B07C3THJHW,ladjgdlg
B0CJLPTF8P,ladjgdlg
B08L8CCSZF,ladjgdlg
B0D7M8VBT9,ladjgdlg
B0DRHWC5L3,ladjgdlg
B0C4CWJTFR,ladjgdlg
B0CFXRW2JT,ladjgdlg
B08XSGLQD3,ladjgdlg
B09BZKX365,ladjgdlg
B000634JM6,ladjgdlg
B0CNYM994X,ladjgdlg
B0C9XZKGJR,ladjgdlg
B00OP8RYY8,ladjgdlg
B0D7CBL91P,ladjgdlg
B0CBMR7MS1,ladjgdlg
B0DVBGF639,ladjgdlg
B0BZ59NVYW,ladjgdlg
B0BLBX4CTD,ladjgdlg
B0D93K7MQR,ladjgdlg
B0CQCHHB3P,ladjgdlg
B0BWXXHDKD,ladjgdlg
B09M78P7HD,ladjgdlg
B01N4GOSSN,ladjgdlg
B0DN12DTQP,ladjgdlg
B08JM7ZQX3,ladjgdlg
B0981WK53H,ladjgdlg
B0BZRY3C4K,ladjgdlg
B0DH4R5QNK,ladjgdlg
B0DD298NX6,ladjgdlg
B0CJ2S97TJ,ladjgdlg
B0C5ZT5JKX,ladjgdlg
B07XQNPDR7,ladjgdlg
B0DXWSF367,ladjgdlg
B07GYX27BQ,ladjgdlg
B0792BG3GH,ladjgdlg
B0D3Y38VRJ,ladjgdlg
B0006G5M4C,ladjgdlg
B0CS2MD9FP,ladjgdlg
B08JHZ5W7P,ladjgdlg
B00VBVJ760,ladjgdlg
B0DFXQFQH6,ladjgdlg
B0B6GJFYZQ,ladjgdlg
B008B93BCG,ladjgdlg
B0CFLGMSG2,ladjgdlg
B0C5QVR2VB,ladjgdlg
B0BB96QJP1,ladjgdlg
B0B3J8F55P,ladjgdlg
B07M7V5LKZ,ladjgdlg
B07HKLLFZG,ladjgdlg
B0BS521GM9,ladjgdlg
B0BQYNXPXL,ladjgdlg
B0BB7H1PQ4,ladjgdlg
B01JUYR74S,ladjgdlg
B09SZF8X6T,ladjgdlg
B079G52ZPF,ladjgdlg
B0DH1WG9KC,ladjgdlg
B0D89HXQLR,ladjgdlg
B0D4JMMZXX,ladjgdlg
B0D1CLXJCZ,ladjgdlg
B01DQNE6WK,ladjgdlg
B0DWMMBY6Q,ladjgdlg
B0DW8YGX6G,ladjgdlg
B0DR8MSRG5,ladjgdlg
B0DPGHBBCP,ladjgdlg
B0DP2BFFHS,ladjgdlg
B0DMSDNGCQ,ladjgdlg
B0DJWX7X7F,ladjgdlg
B0DJT1LHHG,ladjgdlg
B0DG2W39TX,ladjgdlg
B0DFXYBQGZ,ladjgdlg
B0DFWG18XY,ladjgdlg
B0DDXVCJYQ,ladjgdlg
B0D9QQBRMS,ladjgdlg
B0D98NS916,ladjgdlg
B0D7CFQRP7,ladjgdlg
B0C8H7Z63N,ladjgdlg
B0976QSB1R,ladjgdlg
B085RJDDFC,ladjgdlg
B0DPH8XQXC,ladjgdlg
B0DCHGTQTT,ladjgdlg
B0D1G9GRF5,ladjgdlg
B0CTQCP7Y4,ladjgdlg
B0CQCLJN4Q,ladjgdlg
B0CM6KGTKS,ladjgdlg
B0CKWY5V5B,ladjgdlg
B0BTXVM587,ladjgdlg
B0B8SDTLFL,ladjgdlg
B0B7KWHW61,ladjgdlg
B09NKS4L5V,ladjgdlg
B08XMXSMJH,ladjgdlg
B07GZCBMQP,ladjgdlg
B0CTFDQ4R3,ladjgdlg
B0CHRV59PM,ladjgdlg
B0B9KYL41H,ladjgdlg
B0CGC8HR3V,ladjgdlg
B0BY8SQBDG,ladjgdlg
B0CVMTG4YQ,ladjgdlg
B0CCMDRKT4,ladjgdlg
B0BK2HGYDX,ladjgdlg
B0CVS4WXM9,ladjgdlg
B0C2P1Y6D6,ladjgdlg
B0DCFNZ15Q,ladjgdlg
B0C6L244ZM,ladjgdlg
B0BNVR2VK5,ladjgdlg
B005VR2DJ8,ladjgdlg
B0CJFBS7DM,ladjgdlg
B0BCZY8MTF,ladjgdlg
B0D6GCD3L3,ladjgdlg
B0D4VHGLCP,ladjgdlg
B0D4D54W1Q,ladjgdlg
B0CW2XDP25,ladjgdlg
B0CTSZJTBJ,ladjgdlg
B0CSVRDKNL,ladjgdlg
B0CSFRCXRH,ladjgdlg
B0CN2WQYHY,ladjgdlg
B0CLTSK4FY,ladjgdlg
B0CHDLHCRP,ladjgdlg
B0CD2212HL,ladjgdlg
B0CC6KB8RZ,ladjgdlg
B0C9HK18VS,ladjgdlg
B0C6MRV36X,ladjgdlg
B0C3QZB558,ladjgdlg
B0CRVKZ9Q4,ladjgdlg
B0BZRCTZCX,ladjgdlg
B08R7VWLGV,ladjgdlg
B0D8VL8Q1L,ladjgdlg
B0D9N7P3HJ,ladjgdlg
B0CQ3PGYPL,ladjgdlg
B081QVQS7N,ladjgdlg
B092JDRJF7,ladjgdlg
B07PG4BZYG,ladjgdlg
B0BZCCR2NT,ladjgdlg
B0DRRYSZWS,ladjgdlg
B0DCFGCYHR,ladjgdlg
B000E7YK0U,ladjgdlg
B0DBLH3W8P,ladjgdlg
B08NCZ2PW5,ladjgdlg
B0B4KLZK1R,ladjgdlg
B075GZ9K9F,ladjgdlg
B0192JLKQC,ladjgdlg
B0D5CPW2WG,ladjgdlg
B01B508RHQ,ladjgdlg
B0D5QKQXY7,ladjgdlg
B0713X3Z3Q,ladjgdlg
B0D9VJB4SS,ladjgdlg
B00BSVNRN2,ladjgdlg
B0CRJZT9Z1,ladjgdlg
B09SWBS7T2,ladjgdlg
B08R6FQP3N,ladjgdlg
B0DGHBWLGV,ladjgdlg
B009AYJ0VW,ladjgdlg
B0D4YM5KF6,ladjgdlg
B0CW1DBX9L,ladjgdlg
B079KZ1WPD,ladjgdlg
B0BZQ2QMFF,ladjgdlg
B0BXRXWSYY,ladjgdlg
B0BRMTRYH5,ladjgdlg
B0BRD5JGHW,ladjgdlg
B0BG5JNQQG,ladjgdlg
B08TFBKNBG,ladjgdlg
B08R5R3HLK,ladjgdlg
B08CCVY7BK,ladjgdlg
B07RV1LF2L,ladjgdlg
B01DOBZONY,ladjgdlg
B0150XJ8AO,ladjgdlg
B006TTEDMW,ladjgdlg
B00153RCAM,ladjgdlg
B0D2VVFNJ9,ladjgdlg
B0BRMCY3Y5,ladjgdlg
B005DN52RK,ladjgdlg
B0DPKBHZJ7,ladjgdlg
B0D1GFRBHP,ladjgdlg
B0CYBVNBJT,ladjgdlg
B08P6ZTXB8,ladjgdlg
B0CVQH1PCP,ladjgdlg
B0CTH8NNDT,ladjgdlg
B0CSCN411X,ladjgdlg
B0C81BVPVM,ladjgdlg
B09WKXLYZ4,ladjgdlg
B09MFKPF5F,ladjgdlg
B08CBLLBN1,ladjgdlg
B083QNNZY1,ladjgdlg
B0DB1YY68Q,ladjgdlg
B07DJ6BG3T,ladjgdlg
B0DS4HGG9W,ladjgdlg
B09NZDPGCK,ladjgdlg
B0DT9F8XGT,ladjgdlg
B085FQKBQ9,ladjgdlg
B0DHX46P56,ladjgdlg
B07HKVC7XQ,ladjgdlg
B0CQTJXLMN,ladjgdlg
B0C1NPZWQH,ladjgdlg
B0DMCQ97L5,ladjgdlg
B0DJ224213,ladjgdlg
B0CKS9H64D,ladjgdlg
B0BMFHS7J2,ladjgdlg
B0D3XHY8XN,ladjgdlg
B01N216YBR,ladjgdlg
B001NTZNRW,ladjgdlg
B0C1BVQFT9,ladjgdlg
B07T2QBCS4,ladjgdlg
B0B5TN5GHW,ladjgdlg
B08C94QJKL,ladjgdlg
B0CXPXB7NT,ladjgdlg
B0BDF6WMXX,ladjgdlg
B0CN114WDV,ladjgdlg
B0CJR5FG9D,ladjgdlg
B09159B2QF,ladjgdlg
B0D1G6HCSZ,ladjgdlg
B0C3R1ZCXQ,ladjgdlg
B0C583173G,ladjgdlg
B0CXSNQDB4,ladjgdlg
B08FCLNXTW,ladjgdlg
B0CN6NBP2C,ladjgdlg
B07DJ5XQHW,ladjgdlg
B0BV6LRM3S,ladjgdlg
B09QC9SSR4,ladjgdlg
B09C9SWNP4,ladjgdlg
B099Q1NHKD,ladjgdlg
B08TLMHZKX,ladjgdlg
B08HQ2X3R6,ladjgdlg
B07WP2LX3H,ladjgdlg
B07GVRFXFF,ladjgdlg
B00AEVMGT8,ladjgdlg
B00856TD6I,ladjgdlg
B0DSSTTV7B,ladjgdlg
B0DS2G5Y99,ladjgdlg
B0DS27MKZV,ladjgdlg
B0DRHSVV1D,ladjgdlg
B0DPG6JVPR,ladjgdlg
B0DMS6M39K,ladjgdlg
B0DLL4VM1M,ladjgdlg
B0DJT1Q7LL,ladjgdlg
B0DHSXHQ82,ladjgdlg
B0DHRM1N68,ladjgdlg
B0DHKJ5TV8,ladjgdlg
B0DHCPNNCV,ladjgdlg
B0DH4VGGWX,ladjgdlg
B0DGTBDCRX,ladjgdlg
B0DFWJ5MLT,ladjgdlg
B0DCBWZDYF,ladjgdlg
B0DC3XPL27,ladjgdlg
B0D9VXGL8S,ladjgdlg
B0D9KHF9N8,ladjgdlg
B0D8FFPBHX,ladjgdlg
B0D89ZTFNY,ladjgdlg
B0D83T2P4G,ladjgdlg
B0DRJHB72J,ladjgdlg
B0CRR784CY,ladjgdlg
B07MYSJ8QF,ladjgdlg
B0CZ6PTRWC,ladjgdlg
B0BRG8V5QP,ladjgdlg
B0DMV97NT6,ladjgdlg
B0DBZPYHKN,ladjgdlg
B0D2S3456K,ladjgdlg
B0D2Q1QX96,ladjgdlg
B09VTL1HRT,ladjgdlg
B089NKPNFD,ladjgdlg
B07DFHCG7T,ladjgdlg
B0DJR176VC,ladjgdlg
B0DCHJ3DW7,ladjgdlg
B0D6S7DZDM,ladjgdlg
B0C4VDLX9L,ladjgdlg
B01M0QOQKQ,ladjgdlg
B01HQGRZKI,ladjgdlg
B01AV1SBR6,ladjgdlg
B0052WT5IY,ladjgdlg
B001EO5ZEM,ladjgdlg
B0D83LVRZH,ladjgdlg
B0D8337MX7,ladjgdlg
B0D7VTFLPY,ladjgdlg
B0D5H8TZRH,ladjgdlg
B0D4VRR15X,ladjgdlg
B0D46MKXHK,ladjgdlg
B0D1QXNXQZ,ladjgdlg
B0CYLLY1TP,ladjgdlg
B0CX8YF68F,ladjgdlg
B0CRH6JC47,ladjgdlg
B0CQH7Q9BC,ladjgdlg
B0CQH5SVPJ,ladjgdlg
B0CP4CWMYW,ladjgdlg
B0CM9GRYG3,ladjgdlg
B0C6S6KYNS,ladjgdlg
B0BWCP277G,ladjgdlg
B0BSGPZXJ5,ladjgdlg
B0BRM2WPF3,ladjgdlg
B0BQLMNCYD,ladjgdlg
B0BP244S9V,ladjgdlg
B0BHSVBR1G,ladjgdlg
B0BFMN9NHW,ladjgdlg
B0BCW9VZX4,ladjgdlg
B0BB822WZZ,ladjgdlg
B09ZQL5T4P,ladjgdlg
B09SPS12CX,ladjgdlg
B097J3567F,ladjgdlg
B094V73NTF,ladjgdlg
B08CX9RC6H,ladjgdlg
B088DKXRN8,ladjgdlg
B07L5SPCD5,ladjgdlg
B07D1PPVRS,ladjgdlg
B0CBSFSRZQ,ladjgdlg
B09GTYHWZL,ladjgdlg
B00BAZW46M,ladjgdlg
B0DRV9TPLZ,ladjgdlg
B0BPQSHSN2,ladjgdlg
B0B3CL7GGQ,ladjgdlg
B007HAUP0G,ladjgdlg
B0C6DSTN95,ladjgdlg
B0D18MY22Y,ladjgdlg
B0D19CZ3JF,ladjgdlg
B084389C7J,ladjgdlg
B07T8C61QW,ladjgdlg
B0B9JWGBMK,ladjgdlg
B0D7P9CZF1,ladjgdlg
B09XQCGHXM,ladjgdlg
B0DLGJHHZD,ladjgdlg
B0D2RF6J2Y,ladjgdlg
B0DCVBF4MQ,ladjgdlg
B0D1KCKGKS,ladjgdlg
B0CQZPM7XV,ladjgdlg
B0CJM97F36,ladjgdlg
B0C8S2WV65,ladjgdlg
B0CJ639VG4,ladjgdlg
B003P4VDGS,ladjgdlg
B0CGHTF4WK,ladjgdlg
B0BYCTC4NY,ladjgdlg
B0CC94R4LQ,ladjgdlg
B0BRNKRCX5,ladjgdlg
B0BJC179BX,ladjgdlg
B0D8VJYL8L,ladjgdlg
B0B2WJ9F49,ladjgdlg
B0C2HLRZVF,ladjgdlg
B0D5CJ8PM3,ladjgdlg
B0BY2B1KS4,ladjgdlg
B00KHVW6BI,ladjgdlg
B0D3BPYL68,ladjgdlg
B0CN28DWBV,ladjgdlg
B07X8FNQHL,ladjgdlg
B0DZNNC18H,ladjgdlg
B08CK2NPFJ,ladjgdlg
B0D1V2BD1T,ladjgdlg
B0DSDJJRB9,ladjgdlg
B07S3XTDMZ,ladjgdlg
B0CMZX47YT,ladjgdlg
B0DF7PY5QS,ladjgdlg
B09G2Q7JX3,ladjgdlg
B0DDJKQFC3,ladjgdlg
B01I7FHCV4,ladjgdlg
B0CNJWQQQY,ladjgdlg
B0BRXLVY5W,ladjgdlg
B0CDBWST91,ladjgdlg
B0BZDCG18C,ladjgdlg
B08FJBXX5F,ladjgdlg
B0BF91BXF9,ladjgdlg
B08LVWPPXN,ladjgdlg
B0BJ1HG4M5,ladjgdlg
B0DFG3CQC7,ladjgdlg
B0CFRH1XWP,ladjgdlg
B07K1YPMP8,ladjgdlg
B0CYKXKF6B,ladjgdlg
B01IAIOW9I,ladjgdlg
B0DSKJTDT5,ladjgdlg
B0D17S34HH,ladjgdlg
B0D6W4CD5F,ladjgdlg
B0C4KY279L,ladjgdlg
B0BZJ27MB4,ladjgdlg
B09428N2RT,ladjgdlg
B07PGBCMV2,ladjgdlg
B0D94PWGPV,ladjgdlg
B0BSF95HFS,ladjgdlg
B0B5HBBHHW,ladjgdlg
B097LPP2GN,ladjgdlg
B08DLJ1951,ladjgdlg
B07CBPBCLW,ladjgdlg
B071WSZJ14,ladjgdlg
B01ELOUC30,ladjgdlg
B0DP5ZV4SJ,ladjgdlg
B0CYT96F8G,ladjgdlg
B0CHTJDTZN,ladjgdlg
B0CH18N6C4,ladjgdlg
B0D1KHHXG2,ladjgdlg
B0B12PNPRV,ladjgdlg
B09F7VYQPR,ladjgdlg
B0DRL18H21,ladjgdlg
B0CC5KT4CS,ladjgdlg
B0B9G2VH41,ladjgdlg
B0DRVBJNNW,ladjgdlg
B0DP65QR1W,ladjgdlg
B0CHYP2KG1,ladjgdlg
B0BL2D6FQK,ladjgdlg
B0D2QQXQVP,ladjgdlg
B0C3PFXYZ1,ladjgdlg
B0D6TPF8Y5,ladjgdlg
B09MZQ6KCM,ladjgdlg
B07T7DLBTT,ladjgdlg
B0C2K391DJ,ladjgdlg
B09QQ53MD6,ladjgdlg
B09ZVHZCQF,ladjgdlg
B09HC5M4Q6,ladjgdlg
B0DRNPTWXP,ladjgdlg
B0714LBPDM,ladjgdlg
B07HGG6QVN,ladjgdlg
B075CLR9SG,ladjgdlg
B0CKNPK9GH,ladjgdlg
B008RRXC7Q,ladjgdlg
B087QVZKHY,ladjgdlg
B09JC1556H,ladjgdlg
B07WT1GXSR,ladjgdlg
B0CBDC7QZ9,ladjgdlg
B07KBQCJBX,ladjgdlg
B0CS64HR76,ladjgdlg
B0BL9PY6CJ,ladjgdlg
B08BG1XTNP,ladjgdlg
B07K25BK8V,ladjgdlg
B0799LTCYW,ladjgdlg
B0CB7Z7KF2,ladjgdlg
B0D6S23811,ladjgdlg
B09V4X78ZB,ladjgdlg
B09Q8834CF,ladjgdlg
B07Y65HVZQ,ladjgdlg
B0CJ8Q2SN8,ladjgdlg
B09B4Z2N6Z,ladjgdlg
B0DG342V8S,ladjgdlg
B0CD21WZGT,ladjgdlg
B0CGX1CYQ4,ladjgdlg
B0CCS5VKVH,ladjgdlg
B09FL2LMY8,ladjgdlg
B0CL4T4QWS,ladjgdlg
B0D2XDMHN3,ladjgdlg
B0CYC2PCS3,ladjgdlg
B0CW3H3WFB,ladjgdlg
B0CSPK1W23,ladjgdlg
B0CSK2WYR7,ladjgdlg
B0CRZ4RKLH,ladjgdlg
B0CQ723KMR,ladjgdlg
B0CPJNCRTV,ladjgdlg
B0CNVDTRGJ,ladjgdlg
B0CN9DWN4F,ladjgdlg
B0CM23Z5HY,ladjgdlg
B0CJFDMS5Z,ladjgdlg
B0CJ5CH4HZ,ladjgdlg
B0CHJS1BHH,ladjgdlg
B0CH9TNX4W,ladjgdlg
B0CFF2Z157,ladjgdlg
B09DPK39X6,ladjgdlg
B09BZHBTH8,ladjgdlg
B08SWF3TGL,ladjgdlg
B08LZKRQQM,ladjgdlg
B07BS2DT92,ladjgdlg
B01MZ2R4RK,ladjgdlg
B015JN6L3W,ladjgdlg
B015IJBOAM,ladjgdlg
B001O8PV7Y,ladjgdlg
B0CBPTGX6T,ladjgdlg
B0CBPB68CV,ladjgdlg
B0CB83JFJP,ladjgdlg
B0C2HDSM6F,ladjgdlg
B0C2H86ZT5,ladjgdlg
B0BZKS9H5J,ladjgdlg
B0BTSZVSR6,ladjgdlg
B0BS3K9BFV,ladjgdlg
B0BHSQWGNY,ladjgdlg
B0BGPZYQ1X,ladjgdlg
B0BF4Y27KL,ladjgdlg
B0B1MJJBJS,ladjgdlg
B09VDC78F2,ladjgdlg
B09V7PK8WH,ladjgdlg
B09RQ69NF7,ladjgdlg
B0CSXJGMN1,ladjgdlg
B0CP71YMY3,ladjgdlg
B000WQ21JA,ladjgdlg
B0CW91WNSL,ladjgdlg
B0D5HJY1ZX,ladjgdlg
B09P44Y6ZH,ladjgdlg
B0BJ26YPHL,ladjgdlg
B09QQ5HNG6,ladjgdlg
B0B2YXKRB2,ladjgdlg
B00NIXBEF6,ladjgdlg
B0DZNT9VP6,ladjgdlg
B08GPCC32G,ladjgdlg
B0C84WNGBR,ladjgdlg
B0DRF72LMG,ladjgdlg
B0B3184R6V,ladjgdlg
B01JDSWEIK,ladjgdlg
B0CGDLPGNY,ladjgdlg
B0C2DKPLMS,ladjgdlg
B0BFQG9CGZ,ladjgdlg
B0DTTN9WGM,ladjgdlg
B0DMJBNQH1,ladjgdlg
B0DLL63GKS,ladjgdlg
B0DGKJ173J,ladjgdlg
B0DDWWK2ZB,ladjgdlg
B0D9NGM3JB,ladjgdlg
B0D9GK6V79,ladjgdlg
B0D9BFS5H6,ladjgdlg
B0D814DBV6,ladjgdlg
B0D78M2F6V,ladjgdlg
B0D6D7KSJ8,ladjgdlg
B0D4YYDWK5,ladjgdlg
B0DPKB3LDC,ladjgdlg
B07ZPF4R85,ladjgdlg
B0DHS718K8,ladjgdlg
B0DMR1XT3G,ladjgdlg
B0BTK87Q84,ladjgdlg
B0D6R7F683,ladjgdlg
B0BBJCQCC5,ladjgdlg
B0CTY2M8S6,ladjgdlg
B0D47GXYVR,ladjgdlg
B09GPQVGQ4,ladjgdlg
B0BZJSR7JS,ladjgdlg
B0CL5V2GZC,ladjgdlg
B0053D5MYS,ladjgdlg
B0C1ZC2KKQ,ladjgdlg
B0CJ629SNH,ladjgdlg
B08RWLP8M2,ladjgdlg
B0CGK92PDG,ladjgdlg
B0CHMZ488K,ladjgdlg
B0C8SVRQDB,ladjgdlg
B0DQS8DN6X,ladjgdlg
B0CC1D5GB6,ladjgdlg
B079G5TB8X,ladjgdlg
B0CQ2TFP42,ladjgdlg
B0B3978JLF,ladjgdlg
B09D2JPDTD,ladjgdlg
B0CFDRMJWV,ladjgdlg
B09HBH8HQ3,ladjgdlg
B08SHK8CNX,ladjgdlg
B0CP2X6S8D,ladjgdlg
B08HZ189QK,ladjgdlg
B09LRFD6L7,ladjgdlg
B01JP79Y0A,ladjgdlg
B07W21MV56,ladjgdlg
B0BNM14BLW,ladjgdlg
B0CWNPGQMB,ladjgdlg
B07RW4X8KC,ladjgdlg
B0C96KMM5N,ladjgdlg
B07RV9N61R,ladjgdlg
B000KU934E,ladjgdlg
B07K32FX97,ladjgdlg
B0C7KZ13N6,ladjgdlg
B07GXD8W45,ladjgdlg
B09B5G18B3,ladjgdlg
B07CSMH98F,ladjgdlg
B0DM3VB749,ladjgdlg
B071SGBXYD,ladjgdlg
B0D5R8R7ZT,ladjgdlg
B01ANGHUGM,ladjgdlg
B0DPLKYZQ5,ladjgdlg
B0BMY36FQ1,ladjgdlg
B09Q6BB18Y,ladjgdlg
B0CWPR1HSQ,ladjgdlg
B0BN1CBHM3,ladjgdlg
B0CY5PKDBG,ladjgdlg
B0CW8JRMV5,ladjgdlg
B0CH3PFB6T,ladjgdlg
B0BHDZCQ4B,ladjgdlg
B09B2MGQBH,ladjgdlg
B0CWNNJGKJ,ladjgdlg
B0CRR8M1LL,ladjgdlg
B0D7ZK1QQ2,ladjgdlg
B0BXJ7Z32Z,ladjgdlg
B08L7L27KD,ladjgdlg
B0C379PPT1,ladjgdlg
B06XQYZMTY,ladjgdlg
B0CWS9C5LW,ladjgdlg
B0CLDYW176,ladjgdlg
B0D5QNJW3H,ladjgdlg
B0BVD3DMML,ladjgdlg
B0DP6NRXBH,ladjgdlg
B0CBYQ89BZ,ladjgdlg
B0CV517JSL,ladjgdlg
B088ZVXGRQ,ladjgdlg
B0DR7X6YRC,ladjgdlg
B0CCPQSDT9,ladjgdlg
B005FFHLUM,ladjgdlg
B083FN32HC,ladjgdlg
B09YY83Q78,ladjgdlg
B08H2JZJC1,ladjgdlg
B077VTG2J1,ladjgdlg
B07GXZVH2Q,ladjgdlg
B08BNLVFVM,ladjgdlg
B0B6VXD4MK,ladjgdlg
B085ZSMK8P,ladjgdlg
B0DLL17QRZ,ladjgdlg
B0DLVW2VD1,ladjgdlg
B0C2HZ79CF,ladjgdlg
B0C3Z2LY7T,ladjgdlg
B0CZ8K1ST1,ladjgdlg
B0C7QHQ858,ladjgdlg
B0CDQ8NXCL,ladjgdlg
B0CFQHPP5G,ladjgdlg
B0BS9KY7BV,ladjgdlg
B0B72DC25S,ladjgdlg
B07WW2CNGP,ladjgdlg
B00403590O,ladjgdlg
B0DF6JFJYH,ladjgdlg
B0D14MCYB7,ladjgdlg
B0CYPLKVK2,ladjgdlg
B09Y8VMSDB,ladjgdlg
B0D47GG1WS,ladjgdlg
B0D17SRKN7,ladjgdlg
B0B65GGJQW,ladjgdlg
B003P4VYDU,ladjgdlg
B0DBQGVG81,ladjgdlg
B0CGV32SKX,ladjgdlg
B0CD7MPL5R,ladjgdlg
B0BX424T7J,ladjgdlg
B0BTBTC292,ladjgdlg
B0BNGYC2JB,ladjgdlg
B0BGC1DNG4,ladjgdlg
B085KDBGR2,ladjgdlg
B00BL4CJ94,ladjgdlg
B0005XMSSO,ladjgdlg
B0B6T1G193,ladjgdlg
B08SC6P76Y,ladjgdlg
B072R6YBN9,ladjgdlg
B0DB7ZYY6R,ladjgdlg
B0D93HBHJ3,ladjgdlg
B0CCKP1222,ladjgdlg
B0C8193RK4,ladjgdlg
B0B5KY5MC1,ladjgdlg
B07WGRPD9G,ladjgdlg
B0C77J36T3,ladjgdlg
B09FJRWCRB,ladjgdlg
B09JFT55VT,ladjgdlg
B07W121Z3D,ladjgdlg
B000FNM5PU,ladjgdlg
B08FMWVF6D,ladjgdlg
B0D9JTLM59,ladjgdlg
B0BYCVXCP9,ladjgdlg
B002BUL5CY,ladjgdlg
B0DQPHWXF2,ladjgdlg
B0DFD2QQBG,ladjgdlg
B0018T7PIW,ladjgdlg
B0CSQY2TDN,ladjgdlg
B0D2D89L32,ladjgdlg
B0BRYKKW8L,ladjgdlg
B0BPJQXYDZ,ladjgdlg
B00FLK9Z1O,ladjgdlg
B0CTF9JJNM,ladjgdlg
B07GT8C9KH,ladjgdlg
B08599SGY3,ladjgdlg
B0DCZP8Y81,ladjgdlg
B082P7LG38,ladjgdlg
B07W7PJTW5,ladjgdlg
B003EUQL9C,ladjgdlg
B0D6Z1VGG9,ladjgdlg
B0CQVJCKZT,ladjgdlg
B0CKXTBW72,ladjgdlg
B0BZPKG2YV,ladjgdlg
B0BXJRMBY5,ladjgdlg
B0BKSGZCFL,ladjgdlg
B09RX4DZV6,ladjgdlg
B09N7HPBB8,ladjgdlg
B08P25BDR5,ladjgdlg
B08M97P3KH,ladjgdlg
B08GZYWTG5,ladjgdlg
B083ZM98VD,ladjgdlg
B01N9D3P8O,ladjgdlg
B09P7X3Q2K,ladjgdlg
B09P15HYZF,ladjgdlg
B09NNZ3FLD,ladjgdlg
B09KRDYM1B,ladjgdlg
B09J8FX9KJ,ladjgdlg
B09FLLMFNM,ladjgdlg
B09BZJNZBG,ladjgdlg
B08RS5RZH6,ladjgdlg
B08PNMBXYF,ladjgdlg
B08FYR51QC,ladjgdlg
B081MYWFKZ,ladjgdlg
B081D9HJ4Y,ladjgdlg
B07WK1K6JF,ladjgdlg
B07SDC5TZ8,ladjgdlg
B07DFLNZYK,ladjgdlg
B077NDLYMF,ladjgdlg
B0F1TJFXYT,ladjgdlg
B0DYSKM99F,ladjgdlg
B0DYDRQ3NH,ladjgdlg
B0DS7W8HX3,ladjgdlg
B0DS64ZLGS,ladjgdlg
B0DQDK9HH3,ladjgdlg
B0DMW93ZM1,ladjgdlg
B0DLFYQHR5,ladjgdlg
B0DLBBF1SH,ladjgdlg
B0DFXXPS55,ladjgdlg
B0D9GM6BRF,ladjgdlg
B0D8G5JRW5,ladjgdlg
B0D66WJMN7,ladjgdlg
B0D59X6918,ladjgdlg
B0D3FKZP7W,ladjgdlg
B0D2VSVBQK,ladjgdlg
B0B41GD6CF,ladjgdlg
B0DT7XTBRX,ladjgdlg
B0DKBL4Q4T,ladjgdlg
B0CL7NC319,ladjgdlg
B0DJQG6HS8,ladjgdlg
B088DJK5RZ,ladjgdlg
B0881YKR62,ladjgdlg
B0DHXHK1NM,ladjgdlg
B0D2HL9NNS,ladjgdlg
B0DDXQ3P8G,ladjgdlg
B0D72GB1FQ,ladjgdlg
B0BNQN8NLT,ladjgdlg
B07FS8SZWW,ladjgdlg
B0CHWCFY49,ladjgdlg
B0D943DS96,ladjgdlg
B0BPLQKFWK,ladjgdlg
B0D1271GK9,ladjgdlg
B07VQQVVRV,ladjgdlg
B000KZ8J0S,ladjgdlg
B0BNMWKQBL,ladjgdlg
B0B9D5761C,ladjgdlg
B0B97HXSW6,ladjgdlg
B0CY2BTQ8Q,ladjgdlg
B091M72FRG,ladjgdlg
B0B79JGLVL,ladjgdlg
B0D72ZP1BC,ladjgdlg
B0B2CXQ4KX,ladjgdlg
B098DQVT4W,ladjgdlg
B0D8721M8P,ladjgdlg
B0C98WTWCH,ladjgdlg
B07ZPD5BTG,ladjgdlg
B003VBK1E0,ladjgdlg
B0C13ZXLHL,ladjgdlg
B0BZRQDRTP,ladjgdlg
B0DCZ6QSG7,ladjgdlg
B0BG7VXDMB,ladjgdlg
B0DBHJTGCF,ladjgdlg
B0BXP6PM13,ladjgdlg
B0BFCGGDQZ,ladjgdlg
B07QD2SHNX,ladjgdlg
B0BLYC1VK5,ladjgdlg
B0B1CL68J6,ladjgdlg
B0B3SNCNKW,ladjgdlg
B0CQ4LSR72,ladjgdlg
B09R621NNC,ladjgdlg
B0DR2K8KSP,ladjgdlg
B0CWF1241Q,ladjgdlg
B07PDKWFRM,ladjgdlg
B0CJLYNTMQ,ladjgdlg
B0CHFZZ4KT,ladjgdlg
B0CHDL96Y1,ladjgdlg
B0CDGTKSRZ,ladjgdlg
B0C81F5N4D,ladjgdlg
B0C6PHG8PM,ladjgdlg
B0C4TDL7B9,ladjgdlg
B0C3BBTHYZ,ladjgdlg
B0BZCFFRCK,ladjgdlg
B0BXFSBBW4,ladjgdlg
B0BRL7Z9KF,ladjgdlg
B0BF4X2T6S,ladjgdlg
B0BBWHLTYD,ladjgdlg
B0B9BVHBWB,ladjgdlg
B09WM9G2PZ,ladjgdlg
B09SF99YCD,ladjgdlg
B0CN2FYV72,ladjgdlg
B09D7H6MK5,ladjgdlg
B094B4XHL3,ladjgdlg
B09DPH3WNK,ladjgdlg
B0D3L6QQ4R,ladjgdlg
B0CRY6DBS8,ladjgdlg
B0CYH9QZBW,ladjgdlg
B0D2LPDJCN,ladjgdlg
B01LXXWTSV,ladjgdlg
B0BJVB1P3D,ladjgdlg
B0DH28QCP1,ladjgdlg
B0CQLMVPZ2,ladjgdlg
B07PG8CVD5,ladjgdlg
B0D1JWL848,ladjgdlg
B0DCDQNDHF,ladjgdlg
B01DBTZPUQ,ladjgdlg
B0002U3LAE,ladjgdlg
B0DQBMZZ2T,ladjgdlg
B0D6YWRLGR,ladjgdlg
B0DJVHG4D1,ladjgdlg
B0DG5R47HZ,ladjgdlg
B0DRC8BPPB,ladjgdlg
B0CHS6PMQG,ladjgdlg
B0BRY25FQB,ladjgdlg
B0DKDWQP1G,ladjgdlg
B09HX2DM6K,ladjgdlg
B0CJJ1G1C4,ladjgdlg
B09HWKL1KY,ladjgdlg
B0B4J5TXB1,ladjgdlg
B004REIXS6,ladjgdlg
B0BPC8YPZC,ladjgdlg
B0BWJ2ZZ4P,ladjgdlg
B0C6QBDGQQ,ladjgdlg
B0881WXV9V,ladjgdlg
B007OUL8QY,ladjgdlg
B0CGF4FPW7,ladjgdlg
B0CQV6N8NZ,ladjgdlg
B09C2JNGKK,ladjgdlg
B0D78D34WD,ladjgdlg
B01DEUZPDE,ladjgdlg
B0DSCM44QV,ladjgdlg
B0BTHLB2WB,ladjgdlg
B0BRMYD19M,ladjgdlg
B0CYSR6TRN,ladjgdlg
B01LX8UFRB,ladjgdlg
B0DQPH9BKY,ladjgdlg
B0CL8F2SHD,ladjgdlg
B09BCT7VZN,ladjgdlg
B0090NJI88,ladjgdlg
B0BZQ7KNRT,ladjgdlg
B0BZ6RXXM8,ladjgdlg
B09SFWFB4K,ladjgdlg
B000BR766S,ladjgdlg
B0D36FRCBT,ladjgdlg
B0D1VGKTMV,ladjgdlg
B0BXS4JYBY,ladjgdlg
B084Q6BTGH,ladjgdlg
B0C4HXWMB4,ladjgdlg
B078RN13Z7,ladjgdlg
B0BRN5Q86F,ladjgdlg
B0DG8GDN5Q,ladjgdlg
B0CFGN42JK,ladjgdlg
B0DB4QK247,ladjgdlg
B0CZRR3NJS,ladjgdlg
B0CWYLN1ZF,ladjgdlg
B0CJJVBZ71,ladjgdlg
B0C6R2YF2T,ladjgdlg
B0BXX5S7HB,ladjgdlg
B0BHNDLJSQ,ladjgdlg
B0DLGL3LWW,ladjgdlg
B0CXPQFT4W,ladjgdlg
B0CQJLH5LB,ladjgdlg
B0CH4WFCCX,ladjgdlg
B0CD3YQ1BX,ladjgdlg
B0DM1X1JC5,ladjgdlg
B0D52SC8N3,ladjgdlg
B0D4HKW2D7,ladjgdlg
B0D45VTJZ1,ladjgdlg
B0CYQ6FSNP,ladjgdlg
B0CCJ9B89V,ladjgdlg
B0C9Q7PF8D,ladjgdlg
B0C9JQT587,ladjgdlg
B0C22K4Y65,ladjgdlg
B0BV66YK9X,ladjgdlg
B0B4B6SG9R,ladjgdlg
B0B3X7G2J6,ladjgdlg
B09ZTY9VWK,ladjgdlg
B09ZNT2X1L,ladjgdlg
B09PFC76G7,ladjgdlg
B08G1TXL5N,ladjgdlg
B08DQJMJ59,ladjgdlg
B07Y3D75RJ,ladjgdlg
B01M6V3BO0,ladjgdlg
B017ABEZWK,ladjgdlg
B00ARVP2UA,ladjgdlg
B0D9YKGFY1,ladjgdlg
B07KLPYTG2,ladjgdlg
B0DQL3R33N,ladjgdlg
B0CBBCLZ4M,ladjgdlg
B0B83T7RTR,ladjgdlg
B00MU0C5X8,ladjgdlg
B0BDRSYFDF,ladjgdlg
B09J59LJNT,ladjgdlg
B0CX4WFFTG,ladjgdlg
B0CRB4FXWS,ladjgdlg
B0D2L19XGM,ladjgdlg
B0CF6Q2N21,ladjgdlg
B0BS3KKX1X,ladjgdlg
B0B35JJ6LD,ladjgdlg
B09YCQL8SS,ladjgdlg
B07FSKCFGX,ladjgdlg
B0DSPXDQXD,ladjgdlg
B0DLZSJTRM,ladjgdlg
B0DK14CCYM,ladjgdlg
B0DHLF6B8Y,ladjgdlg
B0DGJ7XBWB,ladjgdlg
B0DDCC1JPC,ladjgdlg
B0DCV9YQY9,ladjgdlg
B0D78X8FV2,ladjgdlg
B0D61WR2VY,ladjgdlg
B0D5D6PM66,ladjgdlg
B0D45KSNVH,ladjgdlg
B0D3DS3JXF,ladjgdlg
B0D2XKZJ62,ladjgdlg
B0D2RBLHPY,ladjgdlg
B0D2HK6DXT,ladjgdlg
B071R2QXVZ,ladjgdlg
B01CA19ITK,ladjgdlg
B0D2PPJRYZ,ladjgdlg
B0D2HYJXKB,ladjgdlg
B0CZKYRH6C,ladjgdlg
B0CZDRJ49C,ladjgdlg
B0CZ46PXJC,ladjgdlg
B0CZ35MS5H,ladjgdlg
B0CYT46G6B,ladjgdlg
B0CYT1PZY1,ladjgdlg
B0CY9F8WW5,ladjgdlg
B0CXP93PFR,ladjgdlg
B0CW5M8D3Z,ladjgdlg
B0CSYPSLXQ,ladjgdlg
B0CPDV56R9,ladjgdlg
B0CNNMGQRV,ladjgdlg
B0CMZTFXGJ,ladjgdlg
B0CMCNBQHG,ladjgdlg
B0CBR7ZRB6,ladjgdlg
B0C9T62H8F,ladjgdlg
B0C9Q69QDL,ladjgdlg
B0C8P3FTK1,ladjgdlg
B0C6H91NCV,ladjgdlg
B0C2RF6GJR,ladjgdlg
B0C2JZTMLY,ladjgdlg
B0BX9V6JB8,ladjgdlg
B0BW742J4W,ladjgdlg
B0BTV6NKQ3,ladjgdlg
B0BPS3C2JP,ladjgdlg
B0BNPCY43B,ladjgdlg
B0BJW3T7PH,ladjgdlg
B0BGPZT8KT,ladjgdlg
B0BF44HFR3,ladjgdlg
B0BDKMHNNW,ladjgdlg
B0DGSZDNCJ,ladjgdlg
B0CFM32TFF,ladjgdlg
B09HBXSHVM,ladjgdlg
B087N2HQVT,ladjgdlg
B0DHCP2H5K,ladjgdlg
B091YJDNL1,ladjgdlg
B09BSBS66R,ladjgdlg
B0CNYZBHF7,ladjgdlg
B07GXF26QP,ladjgdlg
B0B58W27XC,ladjgdlg
B07SSRGT1T,ladjgdlg
B0D3D4KMBY,ladjgdlg
B01N7ODWVX,ladjgdlg
B0BV48C3XJ,ladjgdlg
B00HRY1RTA,ladjgdlg
B0D3J5HLH7,ladjgdlg
B0DK8TCNRP,ladjgdlg
B0CJRP1PFY,ladjgdlg
B0DGN9H8WL,ladjgdlg
B00OWHGFJM,ladjgdlg
B0BTZ7YHHZ,ladjgdlg
B0DGQQZ9KH,ladjgdlg
B09Z6J7CNB,ladjgdlg
B07BNT1SVZ,ladjgdlg
B0C5QC4W1H,ladjgdlg
B07FTD4QCJ,ladjgdlg
B09VDX7FM9,ladjgdlg
B089GQBG77,ladjgdlg
B0CFDRDJ9L,ladjgdlg
B0D8S3SM9R,ladjgdlg
B0D3TV424J,ladjgdlg
B0CMTXJ956,ladjgdlg
B0D14PY6G6,ladjgdlg
B0CZ4LZP53,ladjgdlg
B0CX9J8S1L,ladjgdlg
B09J1PBX1K,ladjgdlg
B0DFCMXJ52,ladjgdlg
B0D3LS258Q,ladjgdlg
B0CKQFM118,ladjgdlg
B0BJV9WD3T,ladjgdlg
B0D2YBBSV9,ladjgdlg
B07GX34D34,ladjgdlg
B0C9R5LVKY,ladjgdlg
B0CGHSWVPZ,ladjgdlg
B0BKSYCP61,ladjgdlg
B07GX39XS7,ladjgdlg
B09JW2LK6S,ladjgdlg
B0C7FP3LPG,ladjgdlg
B0CX93CD4D,ladjgdlg
B0CX4BM4DF,ladjgdlg
B0CX1GLTHL,ladjgdlg
B0CSXT4FV3,ladjgdlg
B0CSVVS3XC,ladjgdlg
B0CSBFT192,ladjgdlg
B0CNRT6SMN,ladjgdlg
B0CMZD9GXV,ladjgdlg
B0CM9JNKNM,ladjgdlg
B0CLM97TGJ,ladjgdlg
B0CKHKQHX1,ladjgdlg
B0CJJ3PQNV,ladjgdlg
B0CDPWLZ4P,ladjgdlg
B0CDK6VD3R,ladjgdlg
B0CD7WZ39N,ladjgdlg
B0CD4XCBX8,ladjgdlg
B0B8TCKX6F,ladjgdlg
B0DDKFY3PG,ladjgdlg
B0D6F7FGDP,ladjgdlg
B0DS1T48WM,ladjgdlg
B0D2PY9T6T,ladjgdlg
B0BZ4NZTPS,ladjgdlg
B0CQG1HNFN,ladjgdlg
B0B5GS1S2N,ladjgdlg
B07DNGMBPK,ladjgdlg
B0CZ3NYFH1,ladjgdlg
B0CQCML27P,ladjgdlg
B0B38CWV3G,ladjgdlg
B0017T0KLC,ladjgdlg
B0B55Y5SM6,ladjgdlg
B0DR8C77RK,ladjgdlg
B09C5RTGXG,ladjgdlg
B0CW8XVTL6,ladjgdlg
B07V492K65,ladjgdlg
B0794FFB4W,ladjgdlg
B0BW4WLPDS,ladjgdlg
B0CF4FBNCJ,ladjgdlg
B0BWGZD3RW,ladjgdlg
B07G58NBMG,ladjgdlg
B0CDTTB8M3,ladjgdlg
B07NKVDD87,ladjgdlg
B0CZKVFTYF,ladjgdlg
B0C2Z29V6X,ladjgdlg
B07X3G7GTL,ladjgdlg
B0CP5M3RMH,ladjgdlg
B0DJLZ3FXY,ladjgdlg
B0CN93DDBN,ladjgdlg
B0DJ6NDNT4,ladjgdlg
B0CCP9HGGW,ladjgdlg
B0BYNR7VTK,ladjgdlg
B09Z29J33H,ladjgdlg
B0BPH7VGYJ,ladjgdlg
B0D1DB4CZG,ladjgdlg
B0BK6FXRNZ,ladjgdlg
B0BN5XBJDG,ladjgdlg
B00XQFFJQ6,ladjgdlg
B06XS2ZZND,ladjgdlg
B0BCXTRGC8,ladjgdlg
B01BPL2IAM,ladjgdlg
B0BG1TFJHC,ladjgdlg
B0B7SQRCB6,ladjgdlg
B0CYSR5P9B,ladjgdlg
B0079SVOME,ladjgdlg
B0B4W1X1MF,ladjgdlg
B0CJ9YSS43,ladjgdlg
B09X22LQTG,ladjgdlg
B01N102AHQ,ladjgdlg
B0DS17KKQ4,ladjgdlg
B0D5H4JTT7,ladjgdlg
B00KFP9XM6,ladjgdlg
B0D3PZKRTH,ladjgdlg
B0CRTHG9DN,ladjgdlg
B0DHVDBJ71,ladjgdlg
B0CK19JMR5,ladjgdlg
B0CQJQW5XS,ladjgdlg
B0C1SHMVG7,ladjgdlg
B0DNWZCTDC,ladjgdlg
B0CJ648VNH,ladjgdlg
B0899CW2RQ,ladjgdlg
B0B9WYXN8X,ladjgdlg
B0CZL786G8,ladjgdlg
B0CGPX13K2,ladjgdlg
B0DK6T48R7,ladjgdlg
B0C2383X2H,ladjgdlg
B09L7F67HW,ladjgdlg
B0DKMM1TMB,ladjgdlg
B0CYT631ZC,ladjgdlg
B06ZY5RMVK,ladjgdlg
B09Y5KWPVJ,ladjgdlg
B08ZN8XVBW,ladjgdlg
B0CZ17JSBR,ladjgdlg
B0CFYV175V,ladjgdlg
B0DGHMNN8D,ladjgdlg
B0BQWNXVDC,ladjgdlg
B09ZT21962,ladjgdlg
B0CFGMVYSH,ladjgdlg
B0BV7FRD43,ladjgdlg
B0CTHVSTLY,ladjgdlg
B0DK5BBZT3,ladjgdlg
B0CRHJ3QC2,ladjgdlg
B0BDDTGC6D,ladjgdlg
B078T3F7MW,ladjgdlg
B00X4M4U7U,ladjgdlg
B0CFL5BWMS,ladjgdlg
B0C62FSBD6,ladjgdlg
B0BCG5Q3GR,ladjgdlg
B09636RFTN,ladjgdlg
B074DB3VFN,ladjgdlg
B0D8RMXKQX,ladjgdlg
B0BZCPLDV1,ladjgdlg
B0BYN8Q4WZ,ladjgdlg
B09MCKMQ8Q,ladjgdlg
B0B68RY8WN,ladjgdlg
B0B66KCZYN,ladjgdlg
B095SQH11J,ladjgdlg
B089VRHM9Q,ladjgdlg
B087N74Y9Y,ladjgdlg
B075KVP7YB,ladjgdlg
B0DWLBNN94,ladjgdlg
B0DTKNNRHJ,ladjgdlg
B0DPP9C2H4,ladjgdlg
B0DPG2YQB1,ladjgdlg
B0DLG62Z5V,ladjgdlg
B0DL9DZW9N,ladjgdlg
B0DKF9K1XN,ladjgdlg
B0DHZJX5RT,ladjgdlg
B0DHRXLBD8,ladjgdlg
B0DH16BRD9,ladjgdlg
B0CH2RMDHV,ladjgdlg
B0BD8C8PF4,ladjgdlg
B096XNKHGL,ladjgdlg
B0CRH6FLP3,ladjgdlg
B08FXLMNYQ,ladjgdlg
B0DH3P5446,ladjgdlg
B0DCN8VMHD,ladjgdlg
B0D3VDB5J4,ladjgdlg
B0CJN6716S,ladjgdlg
B0BRKPRBNV,ladjgdlg
B0B6WMXVYC,ladjgdlg
B0B15229K9,ladjgdlg
B08LD4SQ8P,ladjgdlg
B089LTPGP8,ladjgdlg
B075F1YXCH,ladjgdlg
B00YY71Q4Y,ladjgdlg
B0DGTNMZXZ,ladjgdlg
B0DGL1HKZZ,ladjgdlg
B0DDXTZ3FH,ladjgdlg
B0DDPJZ94V,ladjgdlg
B0DDKTMX4M,ladjgdlg
B0DB8MBVFQ,ladjgdlg
B0D9GL3HYH,ladjgdlg
B0D8CT6HB9,ladjgdlg
B0D781JXB5,ladjgdlg
B0D6TXJ7VJ,ladjgdlg
B0D54G237M,ladjgdlg
B0D3Q5P2VN,ladjgdlg
B0D3KWNQ7R,ladjgdlg
B0D2Q8QXJC,ladjgdlg
B0D2LGS1JN,ladjgdlg
B0D26F7W3B,ladjgdlg
B0DMFCSYT4,ladjgdlg
B07HXVVPWT,ladjgdlg
B0DKX6KVFC,ladjgdlg
B0DVM117X6,ladjgdlg
B0DM5Z4PNB,ladjgdlg
B0CPFFVM5F,ladjgdlg
B0D2R6SSTK,ladjgdlg
B0C8JHF4RH,ladjgdlg
B0DHV6VS35,ladjgdlg
B0CTGZ6S28,ladjgdlg
B0DBH7QCXT,ladjgdlg
B0DDXPPK2L,ladjgdlg
B0D8P6Z896,ladjgdlg
B0B3QPV1M3,ladjgdlg
B0DCFQZ3GH,ladjgdlg
B0D2XFWP7Z,ladjgdlg
B0C1HYGXLF,ladjgdlg
B0B5DGC27R,ladjgdlg
B0DBM58TY9,ladjgdlg
B07QPWX9V2,ladjgdlg
B0CF6RTNC2,ladjgdlg
B09WSTBTJ8,ladjgdlg
B011E0WUIY,ladjgdlg
1503726533,ladjgdlg
B0B9WZDKW4,ladjgdlg
B0DRV5PR6J,ladjgdlg
B0CTJ7KM4N,ladjgdlg
B0CWK1QCJG,ladjgdlg
B0DRG6FWK4,ladjgdlg
B07ZHQ5W9D,ladjgdlg
B0CGY3HYDK,ladjgdlg
B0CC94H2HG,ladjgdlg
B0CKKR96C7,ladjgdlg
B0CHXJ67LP,ladjgdlg
B0CCSW42RC,ladjgdlg
B0CCP94KB6,ladjgdlg
B0C6F767L5,ladjgdlg
B0C5WNW7QT,ladjgdlg
B0C5R4Q4CT,ladjgdlg
B0C3BBH9C3,ladjgdlg
B0BYYFHD27,ladjgdlg
B0BWN422FY,ladjgdlg
B0BV7DSS7W,ladjgdlg
B0BTYP9G9C,ladjgdlg
B0BR9THH1T,ladjgdlg
B0BM8XG1QF,ladjgdlg
B0BLSLFSJZ,ladjgdlg
B0BL11CK8Y,ladjgdlg
B0D1183N42,ladjgdlg
B0CZRMLL1K,ladjgdlg
B0CZP5ZVQR,ladjgdlg
B0CYT3NF39,ladjgdlg
B0CXPBNZ2Q,ladjgdlg
B0CX4MJ7VM,ladjgdlg
B0CWNTP9KP,ladjgdlg
B0CWGN29QF,ladjgdlg
B0CVCWW7TK,ladjgdlg
B0CTCLG379,ladjgdlg
B0CR2YZPN7,ladjgdlg
B0CN34Y6ZJ,ladjgdlg
B0CMXFY55L,ladjgdlg
B0CMQG3DW7,ladjgdlg
B0CLZF1BSB,ladjgdlg
B0CLM7W2WR,ladjgdlg
B0B82P65NJ,ladjgdlg
B09X626ZF7,ladjgdlg
B09FLS8XD8,ladjgdlg
B09FLCJKMQ,ladjgdlg
B09BDHYPG8,ladjgdlg
B08H8PYKPH,ladjgdlg
B087TJQQQZ,ladjgdlg
B081SHH5BZ,ladjgdlg
B07S7QBL3J,ladjgdlg
B07HG4Q246,ladjgdlg
B01H42L1KY,ladjgdlg
B01F1ECNVS,ladjgdlg
B01H3QBB7E,ladjgdlg
B00MOI2Q9O,ladjgdlg
B00M959NK2,ladjgdlg
B06XP8KG4G,ladjgdlg
B0D8RVY1RN,ladjgdlg
B07L61ZZP1,ladjgdlg
B0CT5WS9ZR,ladjgdlg
B0CZCXSR5D,ladjgdlg
B0DGKKJ7ZG,ladjgdlg
B0CDGNFLN7,ladjgdlg
B0CW6LQ8B2,ladjgdlg
B09GTJ1ZRZ,ladjgdlg
B0D9C9ZWVV,ladjgdlg
B0CMSZ8Y7N,ladjgdlg
B0DR1BSKLL,ladjgdlg
B0BRSCBLWX,ladjgdlg
B0CHF3Y3M1,ladjgdlg
B08R3MNRYM,ladjgdlg
B09BTKCMZQ,ladjgdlg
B0BGD991R2,ladjgdlg
B0B3CPP5NS,ladjgdlg
B09YH84X86,ladjgdlg
B09Y1T4H7C,ladjgdlg
B09KPKXRMK,ladjgdlg
B09DP9HR98,ladjgdlg
B0983M5DV7,ladjgdlg
B092QYH7Q6,ladjgdlg
B091GZG5ST,ladjgdlg
B08S2S12BM,ladjgdlg
B08HCTJJQR,ladjgdlg
B085VVTGJV,ladjgdlg
B07NS612X8,ladjgdlg
B07FCWLD4J,ladjgdlg
B07BN2PW8C,ladjgdlg
B07B2LTLPG,ladjgdlg
B0CBJTXSPC,ladjgdlg
B09SBGBW9K,ladjgdlg
B0DMVW125Y,ladjgdlg
B0BP1LPCD7,ladjgdlg
B0CM3HQ57D,ladjgdlg
B08PTX6GS2,ladjgdlg
B09YL8YGGS,ladjgdlg
B01BVYTWQ6,ladjgdlg
B0DDBWRSFX,ladjgdlg
B09HC5YZLN,ladjgdlg
B09Q38C7P8,ladjgdlg
B0CCJBN8GP,ladjgdlg
B09786R1WH,ladjgdlg
B0CKXVYGWB,ladjgdlg
B0CNLCX6ZM,ladjgdlg
B07Q6WCLGT,ladjgdlg
B0D14QQWJZ,ladjgdlg
B0CJQXYYH1,ladjgdlg
B0BFC43PG5,ladjgdlg
B0CLRX2V47,ladjgdlg
B097Y926VK,ladjgdlg
B0C2M5G54V,ladjgdlg
B09RF9P823,ladjgdlg
B07YLKMRR1,ladjgdlg
B0D8PQHLF5,ladjgdlg
B0B3SHXYTC,ladjgdlg
B0C1BRSWVX,ladjgdlg
B0CWYKWC7J,ladjgdlg
B0BW31G2F6,ladjgdlg
B00U0OEP2K,ladjgdlg
B00RC2GI4G,ladjgdlg
B08JMF3MPM,ladjgdlg
B004XDMLAW,ladjgdlg
B0C7P1HXW6,ladjgdlg
B09QKJCMYP,ladjgdlg
B07KRDHRWB,ladjgdlg
B0DGG21CT4,ladjgdlg
B07Q396D2N,ladjgdlg
B0C23LJ6LJ,ladjgdlg
B0DFYCP2RW,ladjgdlg
B0D4LWR3Q2,ladjgdlg
B0DLGZJSDW,ladjgdlg
B0D75TSTKS,ladjgdlg
B0DBQ35X73,ladjgdlg
B08XYNXPB1,ladjgdlg
B0DK93HG99,ladjgdlg
B0C5DYHQLK,ladjgdlg
B0CLR2TBV9,ladjgdlg
B07TWKXGPL,ladjgdlg
B08FTH36C2,ladjgdlg
B075NWBX66,ladjgdlg
B0DGQC42G5,ladjgdlg
B0DFVXDVP3,ladjgdlg
B0CYT62SCK,ladjgdlg
B082TNZHHP,ladjgdlg
B0D2JJ3Q4J,ladjgdlg
B07WTVZ952,ladjgdlg
B09MD6B52R,ladjgdlg
B0BBQHL6GK,ladjgdlg
B094NXVY89,ladjgdlg
B0CG9F3J3L,ladjgdlg
B07QS16BYP,ladjgdlg
B07QK1K57J,ladjgdlg
B0D1VB4MW6,ladjgdlg
B00M23TYBO,ladjgdlg
B0002DVMZ2,ladjgdlg
B0DHRRQW9Y,ladjgdlg
B0D7QXPR23,ladjgdlg
B0D6G29YZR,ladjgdlg
B0D45X8GWZ,ladjgdlg
B0D2P2QMBX,ladjgdlg
B0CQLYK1ST,ladjgdlg
B0CMD9GWCK,ladjgdlg
B0CH9QYJ2F,ladjgdlg
B0C4LBBH13,ladjgdlg
B0C4DJ2QJG,ladjgdlg
B0BYFD87C6,ladjgdlg
B0BKZJGQWD,ladjgdlg
B0BHZNQWF7,ladjgdlg
B0B93R981P,ladjgdlg
B0DB8F7GDN,ladjgdlg
B0B9NGDXZZ,ladjgdlg
B0D79F6XPT,ladjgdlg
B07Y42H1VV,ladjgdlg
B0B9JT5KK6,ladjgdlg
B085BS3C14,ladjgdlg
B09FTPFFXP,ladjgdlg
B07PVZ2HGJ,ladjgdlg
B07DCM84ZF,ladjgdlg
B01MZ6TWU9,ladjgdlg
B0CLS3M1B3,ladjgdlg
B0CDH8D85N,ladjgdlg
B0CBLYHB77,ladjgdlg
B09Q38J9Q1,ladjgdlg
B0CM1YMWLM,ladjgdlg
B07XN4YBGH,ladjgdlg
B0C1PB5V7V,ladjgdlg
B0BR2KJ56Y,ladjgdlg
B0BK2HH9S6,ladjgdlg
B0BG6RH9SY,ladjgdlg
B0BDLD6JMJ,ladjgdlg
B0B5XH4WG8,ladjgdlg
B0956SM3K2,ladjgdlg
B008QZOYGW,ladjgdlg
B0DJ21QGPM,ladjgdlg
B0D2L13M8P,ladjgdlg
B0D22ZQL7R,ladjgdlg
B0CMTQQBBJ,ladjgdlg
B0CCYGLX15,ladjgdlg
B0C6KCWRZH,ladjgdlg
B0C39W5GZH,ladjgdlg
B0BWRQ1DPN,ladjgdlg
B0719CZY2Z,ladjgdlg
B0D9LL247W,ladjgdlg
B0D1CB87P2,ladjgdlg
B08T6M85VX,ladjgdlg
B0BW5R9F45,ladjgdlg
B08F384QQT,ladjgdlg
B07QWC4FZY,ladjgdlg
B0D9LDRJWP,ladjgdlg
B0CJ8RBY4X,ladjgdlg
B0B35LK6LV,ladjgdlg
B07SQB8KRX,ladjgdlg
B073G6ZHC6,ladjgdlg
B00I7C0RAQ,ladjgdlg
B0DSJ58QW9,ladjgdlg
B0DH3V43T8,ladjgdlg
B0CQXDQGMY,ladjgdlg
B09MK5MSPB,ladjgdlg
B09HX4R246,ladjgdlg
B08KPJ4G9X,ladjgdlg
B07WDPWCZH,ladjgdlg
B071DK1K2V,ladjgdlg
B0DXXSP7C7,ladjgdlg
B0DSJ1ZKZD,ladjgdlg
B0DMTFKZ1F,ladjgdlg
B0DMSFNQMW,ladjgdlg
B0DMMVCLHN,ladjgdlg
B0DMLWN6W8,ladjgdlg
B0DM762CPF,ladjgdlg
B0DM1RY3BW,ladjgdlg
B0DK72RKFH,ladjgdlg
B0DJNXDMW5,ladjgdlg
B0DJDBVTY1,ladjgdlg
B0CB81SWVH,ladjgdlg
B0C9LBT8HK,ladjgdlg
B0C72L2R1B,ladjgdlg
B0C6SHS7G5,ladjgdlg
B0C658KXZ7,ladjgdlg
B0C55F82GX,ladjgdlg
B0C4YPR9TV,ladjgdlg
B0C3B2X5VL,ladjgdlg
B0BYC69MJD,ladjgdlg
B0BXFSDNJZ,ladjgdlg
B0BVRHCQJG,ladjgdlg
B0BVB8ZQXY,ladjgdlg
B0BLZXQQ2Y,ladjgdlg
B0BFMNZ1QK,ladjgdlg
B0BDSDPVD9,ladjgdlg
B0B1LLHYSF,ladjgdlg
B0DFY89PKF,ladjgdlg
B0DFWD1CYD,ladjgdlg
B0DC14TX3H,ladjgdlg
B0DB257BXG,ladjgdlg
B0D9JY12VL,ladjgdlg
B0D8T5TL81,ladjgdlg
B0D8KXVJG2,ladjgdlg
B0D7ZNWCFS,ladjgdlg
B0D7VYBBGK,ladjgdlg
B0D7HB8MH4,ladjgdlg
B0D5H5G6V9,ladjgdlg
B0D4TTH8WR,ladjgdlg
B0D46M7J2H,ladjgdlg
B0D2Q79LXX,ladjgdlg
B0CZRXTGB3,ladjgdlg
B0CZRM9QDK,ladjgdlg
B0CZNDS7Q4,ladjgdlg
B0CYZ9XTJZ,ladjgdlg
B0CYT1HL55,ladjgdlg
B0CYK79QCF,ladjgdlg
B0CXC5VTGH,ladjgdlg
B0CX4HCL8H,ladjgdlg
B0CWNJSSHQ,ladjgdlg
B0CTKJW49D,ladjgdlg
B0CTK5GN31,ladjgdlg
B0CSBDRS9X,ladjgdlg
B0CQS5RFYZ,ladjgdlg
B0CP54L2XV,ladjgdlg
B0CL6KG8YK,ladjgdlg
B0CHJ4XBKW,ladjgdlg
B0CHDY5L1Y,ladjgdlg
B09YC625DV,ladjgdlg
B09TW6QLKF,ladjgdlg
B09NTTMWZD,ladjgdlg
B09LY7KL5Y,ladjgdlg
B09LSWJJ42,ladjgdlg
B09BVNNCW6,ladjgdlg
B094N2RMHT,ladjgdlg
B08PNSLTBT,ladjgdlg
B08KGWR1MJ,ladjgdlg
B088DK21FQ,ladjgdlg
B086T6WCH4,ladjgdlg
B083CWR73Y,ladjgdlg
B07XYBWG5M,ladjgdlg
B07WJ6TRRF,ladjgdlg
B07TDRGWJC,ladjgdlg
B07PHNPXMC,ladjgdlg
B07CXMP3XM,ladjgdlg
B00VGWPUQA,ladjgdlg
B000634JH6,ladjgdlg
B0CP93ZYTY,ladjgdlg
B07BH1KHH9,ladjgdlg
B0C6MSNRY5,ladjgdlg
B00OWMPQ6A,ladjgdlg
B09LHSP12N,ladjgdlg
B0DMVVZC43,ladjgdlg
B07VRKRSXJ,ladjgdlg
B08LG9M1SX,ladjgdlg
B0CB48TJ7X,ladjgdlg
B0D11KZSN1,ladjgdlg
B08DP35JZL,ladjgdlg
B0762WS3QS,ladjgdlg
B0C9BLN2FC,ladjgdlg
B0CBM151HR,ladjgdlg
B0DMX8RCDW,ladjgdlg
B0CGV72N3B,ladjgdlg
B0B4WCKC9T,ladjgdlg
B0BZ52XMSR,ladjgdlg
B0CQ2Q5PLK,ladjgdlg
B0B8FRG9WJ,ladjgdlg
B0DFCW1QN1,ladjgdlg
B0CSB145YV,ladjgdlg
B0C5J14MXM,ladjgdlg
B0DS22N7VQ,ladjgdlg
B0BX313X9M,ladjgdlg
B0005ZITDU,ladjgdlg
B0CY8PTDB6,ladjgdlg
B0CLNYG7HD,ladjgdlg
B0BLK8JGSQ,ladjgdlg
B08J86CKST,ladjgdlg
B0DP628W5D,ladjgdlg
B0C1W4464K,ladjgdlg
B0091C02PQ,ladjgdlg
B0CRT4NZSQ,ladjgdlg
B0CM9JBV92,ladjgdlg
B0CCXQ3YJJ,ladjgdlg
B0BZ41KV3Y,ladjgdlg
B0936NZHK1,ladjgdlg
B08TVRH7YK,ladjgdlg
B0DBTKTN2N,ladjgdlg
B0CT5GDDLD,ladjgdlg
B08SWC2MTT,ladjgdlg
B0DT7B7HJV,ladjgdlg
B0DRBTMK5Y,ladjgdlg
B0DDCJC3LB,ladjgdlg
B0D83KQCTN,ladjgdlg
B0D4VJL73X,ladjgdlg
B0CYFZB64V,ladjgdlg
B0CWV289MB,ladjgdlg
B0CTQCFNXQ,ladjgdlg
B0CN4GCV1C,ladjgdlg
B0C5T7P5LL,ladjgdlg
B0C3RPJT6D,ladjgdlg
B0BYXFFZB9,ladjgdlg
B0BVRD9BT4,ladjgdlg
B0895W8PYG,ladjgdlg
B082RJ2687,ladjgdlg
B07C5TT3RN,ladjgdlg
B0CRX3D34Z,ladjgdlg
B0CQLXCP9L,ladjgdlg
B0DGPN23WY,ladjgdlg
B0CC939SND,ladjgdlg
B0C7VDR4FH,ladjgdlg
B09S5XPN5T,ladjgdlg
B098NR5MPV,ladjgdlg
B0C2T5JZJT,ladjgdlg
B083R758YC,ladjgdlg
B0CV52JWB7,ladjgdlg
B09BDG8NZ4,ladjgdlg
B09J5GCNVP,ladjgdlg
B091YY34CN,ladjgdlg
B0DRVLP8G5,ladjgdlg
B09H7GHGPC,ladjgdlg
B079DWMQ1M,ladjgdlg
B0CRGSW52H,ladjgdlg
B0CR1CZ5WH,ladjgdlg
B0CMLGKRW9,ladjgdlg
B0CL37HTX2,ladjgdlg
B0CHRBX525,ladjgdlg
B0C9LK77TP,ladjgdlg
B0C89CNP62,ladjgdlg
B0C5XMCKF3,ladjgdlg
B0C4NH24Z7,ladjgdlg
B0C3B98H23,ladjgdlg
B0C1NDTZ2R,ladjgdlg
B09XKM43BF,ladjgdlg
B07FFKHRC1,ladjgdlg
B0C8FRGGGF,ladjgdlg
B0DF71GRQH,ladjgdlg
B0D5VM2PYD,ladjgdlg
B0CRNLKFX5,ladjgdlg
B0C85M44N5,ladjgdlg
B09TS18H14,ladjgdlg
B07VNKDQ6J,ladjgdlg
B08T5NSWNX,ladjgdlg
B0DWWYVXJJ,ladjgdlg
B0D8LDWBNB,ladjgdlg
B0BJ6VLYFY,ladjgdlg
B0DFCTYRXZ,ladjgdlg
B0DF7PNWQK,ladjgdlg
B0DDB8CVKF,ladjgdlg
B0D7HV7H3G,ladjgdlg
B0D46M3DBX,ladjgdlg
B07X8YHV92,ladjgdlg
B0DXFQCXFW,ladjgdlg
B0DK749B8L,ladjgdlg
B0DTYNJ7GN,ladjgdlg
B0DMLQV2SW,ladjgdlg
B0CQ4T5XH8,ladjgdlg
B0DT939RVR,ladjgdlg
B0DD3BHTBF,ladjgdlg
B07BD2BKYJ,ladjgdlg
B0CDLSMVFC,ladjgdlg
B0D9RYQHJY,ladjgdlg
B0CQN3WFZV,ladjgdlg
B085ZVM2R7,ladjgdlg
B0D9NZN4MK,ladjgdlg
B0DPF5P2MC,ladjgdlg
B0C43PSCYS,ladjgdlg
B0CSXCZRYM,ladjgdlg
B0CV9KBCDV,ladjgdlg
B0DJR1K1QY,ladjgdlg
B0CS6CJPFV,ladjgdlg
B07VQPN42W,ladjgdlg
B002KLTNH8,ladjgdlg
B0CNX5QYC6,ladjgdlg
B0CH4GHW18,ladjgdlg
B0C4P23VPS,ladjgdlg
B07F9NXSNB,ladjgdlg
B0BXP25SCR,ladjgdlg
B0DLBW47N5,ladjgdlg
B0BFVX4M96,ladjgdlg
B0DHQLD9CC,ladjgdlg
B09HGKN5P4,ladjgdlg
B0C8MXT28V,ladjgdlg
B07GLVS8KQ,ladjgdlg
B0D86ZMBYM,ladjgdlg
B0D56Y6P42,ladjgdlg
B0CGZLRXRX,ladjgdlg
B09ST1MD49,ladjgdlg
B08N4SCN9Z,ladjgdlg
B07GSL8YBY,ladjgdlg
B0D3WGX4KM,ladjgdlg
B0CS2R28WB,ladjgdlg
B0C4DJ5B3Q,ladjgdlg
B09HKRGL4T,ladjgdlg
B07GXCS9Q8,ladjgdlg
B0DCZD45TF,ladjgdlg
B09XQJD4ZR,ladjgdlg
B09P592WJX,ladjgdlg
B0041UOOWK,ladjgdlg
B084GH3KQL,ladjgdlg
B0DSBPZ815,ladjgdlg
B0CNR44BXW,ladjgdlg
B08H7C5788,ladjgdlg
B0DPRXDGD8,ladjgdlg
B0DK2DD8QY,ladjgdlg
B0DB5XD8YR,ladjgdlg
B0D7D5HTH5,ladjgdlg
B07F8QTNL9,ladjgdlg
B0C95R8CKL,ladjgdlg
B0D9D2LWFZ,ladjgdlg
B0CR9FP8CK,ladjgdlg
B0732YQL42,ladjgdlg
B0BQW97Q9H,ladjgdlg
B0BM9B5Z6Y,ladjgdlg
B0C61NLY62,ladjgdlg
B01GB2PQNG,ladjgdlg
B09C4L4F4W,ladjgdlg
B0CX4ZJDKS,ladjgdlg
B08VRWDG8Z,ladjgdlg
B07SM4LK24,ladjgdlg
B08F5BBVRG,ladjgdlg
B01B5DBSRE,ladjgdlg
B07MTSBT9Q,ladjgdlg
B0B591N59Y,ladjgdlg
B09CPMWCR2,ladjgdlg
B0DNMJGX6F,ladjgdlg
B0BJQ3MCHN,ladjgdlg
B09FT2GZF9,ladjgdlg
B08P6CRJBR,ladjgdlg
B09SNRQ8DF,ladjgdlg
B0DBQ9V556,ladjgdlg
B0C2XJ5ZNV,ladjgdlg
B0BXCVZHWG,ladjgdlg
B0BRXG3Q88,ladjgdlg
B0BFHPCPJD,ladjgdlg
B0DQL33D5C,ladjgdlg
B0CRKMNJ2Y,ladjgdlg
B0CN35MB9H,ladjgdlg
B0BLTZV2JN,ladjgdlg
B0CVXCZBHY,ladjgdlg
B0C9YHWXT9,ladjgdlg
B0BPQYT5RQ,ladjgdlg
B09MSX9YRX,ladjgdlg
B08CR3X6L4,ladjgdlg
B0DBSTXTWL,ladjgdlg
B0D4578RNN,ladjgdlg
B0C5T7TLLV,ladjgdlg
B082M15M8Y,ladjgdlg
B0BG1RKXL3,ladjgdlg
B09KPLF7J3,ladjgdlg
B09BRF79W9,ladjgdlg
B095XLSCRD,ladjgdlg
B09B166MPL,ladjgdlg
B08FKTVPD5,ladjgdlg
B07LC787K3,ladjgdlg
B0DFM6CCVD,ladjgdlg
B07W97MDSS,ladjgdlg
B0C1S96F1J,ladjgdlg
B08KG5BD1R,ladjgdlg
B0CKHKM42Q,ladjgdlg
B0CFF6NWVG,ladjgdlg
B0CWNQWJS4,ladjgdlg
B0CT8CR3ZK,ladjgdlg
B0CSP5ZVFG,ladjgdlg
B0CPC9143N,ladjgdlg
B0CHWMTXVH,ladjgdlg
B0CFKQP9X3,ladjgdlg
B0BTFVWWPM,ladjgdlg
B0BS3PGP1R,ladjgdlg
B0BGM8R2MM,ladjgdlg
B0BG4FGGVY,ladjgdlg
B0B56PD86V,ladjgdlg
B09826PQGW,ladjgdlg
B08LN1C6TX,ladjgdlg
B07C91XVTZ,ladjgdlg
B0DXD6V3BR,ladjgdlg
B0DWXDXHTV,ladjgdlg
B0DSZ9T4HB,ladjgdlg
B0DSPQKDD5,ladjgdlg
B0DSG2C7XW,ladjgdlg
B0DSBQBQVD,ladjgdlg
B0DQTR65S1,ladjgdlg
B0DNSSKRV3,ladjgdlg
B0DMSKVZDN,ladjgdlg
B0DMQLMDCN,ladjgdlg
B0DJMJB3DY,ladjgdlg
B0DJ5JDBB2,ladjgdlg
B0DH3NC2QY,ladjgdlg
B0DDXXLXQH,ladjgdlg
B0DDTW9VY2,ladjgdlg
B0DDKXB5WS,ladjgdlg
B0DD6VMVZW,ladjgdlg
B0DC35HQ53,ladjgdlg
B0DB85VSZR,ladjgdlg
B0D9QFKC5X,ladjgdlg
B0D8VTFJWB,ladjgdlg
B0D78JQCBQ,ladjgdlg
B0D61QJ9YT,ladjgdlg
B0D3VB7DS8,ladjgdlg
B0D312N4XP,ladjgdlg
B0D1NRKRNZ,ladjgdlg
B0CZDLVZWV,ladjgdlg
B0CYZ3MT35,ladjgdlg
B0CX1JBMKZ,ladjgdlg
B0CX1H73N2,ladjgdlg
B0CWKJWRCB,ladjgdlg
B0CSVTY9BN,ladjgdlg
B0CSJPHX8T,ladjgdlg
B0CRL5Y7T9,ladjgdlg
B0CRF2LM1X,ladjgdlg
B0CRDHCXTZ,ladjgdlg
B0CQM46VKN,ladjgdlg
B0CP2Q28FY,ladjgdlg
B0CN36DNMZ,ladjgdlg
B0CM9JBV8X,ladjgdlg
B0CLC3YKYF,ladjgdlg
B0CL2M84CG,ladjgdlg
B0CGNB954D,ladjgdlg
B0CGLWZGH2,ladjgdlg
B0CFXW23DP,ladjgdlg
B0CD7GVKWZ,ladjgdlg
B0CCPQ5M2K,ladjgdlg
B0CBWVT4ND,ladjgdlg
B0CB892CBJ,ladjgdlg
B0C99GB4L7,ladjgdlg
B099X23JBJ,ladjgdlg
B095XK1BBG,ladjgdlg
B09577HX4X,ladjgdlg
B093T5CGDD,ladjgdlg
B093NW7K56,ladjgdlg
B08V98YCFG,ladjgdlg
B08R16J4YG,ladjgdlg
B08NVRMQFM,ladjgdlg
B083V29W8T,ladjgdlg
B07TYWD3RC,ladjgdlg
B0756NZXSG,ladjgdlg
B073XZ8KJY,ladjgdlg
B0C6DPHPKM,ladjgdlg
B0C2N72383,ladjgdlg
B0BW2XQKP3,ladjgdlg
B0BSCW2KF2,ladjgdlg
B0BRCRL3PK,ladjgdlg
B0BNBDX668,ladjgdlg
B0BMYFWT3Q,ladjgdlg
B0BLK78MRF,ladjgdlg
B0BL88DP99,ladjgdlg
B0BHH4QT6N,ladjgdlg
B0B75PR8XQ,ladjgdlg
B0B4D9TF9X,ladjgdlg
B09YG98F2L,ladjgdlg
B09DGHDVMN,ladjgdlg
B09D2VRXJ8,ladjgdlg
B0DT7BW3LD,ladjgdlg
B0CBK2R1BC,ladjgdlg
B0CKWWBS3J,ladjgdlg
B0D6W7LS67,ladjgdlg
B0CWTWRCNK,ladjgdlg
B09GM5WSH9,ladjgdlg
B0CKZ1P65J,ladjgdlg
B0CR376ZZY,ladjgdlg
B0CKPFGJ6P,ladjgdlg
B0CQYKWYDT,ladjgdlg
B0CGZX3P75,ladjgdlg
B0CMLYT4FF,ladjgdlg
B0DKS75KZ2,ladjgdlg
B0CWQ6GD3H,ladjgdlg
B0CQNPM129,ladjgdlg
B0CN35C3J4,ladjgdlg
B09H448PWD,ladjgdlg
B0CV43XGX2,ladjgdlg
B07LBKHNQX,ladjgdlg
B0DX2GJ33H,ladjgdlg
B0CSXF6S38,ladjgdlg
B0046S0O4E,ladjgdlg
B07Q3Z5525,ladjgdlg
B0CKS3XN2T,ladjgdlg
B08T61GV26,ladjgdlg
B0BZCTF1X3,ladjgdlg
B0CZNBDJ19,ladjgdlg
B0BWXWFPH4,ladjgdlg
B0DM11C6FJ,ladjgdlg
B07V4G6WQ4,ladjgdlg
B0DK8ZPPQB,ladjgdlg
B0C9PY2RWL,ladjgdlg
B09SPCDWT9,ladjgdlg
B0BZZLYC7P,ladjgdlg
B07Z76WWLP,ladjgdlg
B0D1QGQN43,ladjgdlg
B0CFHXV8G1,ladjgdlg
B0CF1RRTFS,ladjgdlg
B0CCXH3HVP,ladjgdlg
B0BTMSKZ5H,ladjgdlg
B0BBVMTR7L,ladjgdlg
B0B1QFC8G7,ladjgdlg
B07FD1R3DQ,ladjgdlg
B073WQMMQS,ladjgdlg
B00CVWXHTG,ladjgdlg
B004YTZYV8,ladjgdlg
B0F3DPSPT9,ladjgdlg
B0F191PZ51,ladjgdlg
B0DRPVW2QF,ladjgdlg
B0CCP15TT6,ladjgdlg
B07MKHWTKP,ladjgdlg
B0CFPHHD1J,ladjgdlg
B0BLXS5PZQ,ladjgdlg
B0BBTS8TG6,ladjgdlg
B0D6V5QC8J,ladjgdlg
B0CGM1S8J9,ladjgdlg
B0C2BJ3HCN,ladjgdlg
B0B5QS1G92,ladjgdlg
B094HFF25N,ladjgdlg
B093QJ35VN,ladjgdlg
B0781Z7TW3,ladjgdlg
B0CSS5LN9H,ladjgdlg
B0CM94S71J,ladjgdlg
B0C7PP9NTW,ladjgdlg
B07HQDN8PW,ladjgdlg
B00TD4S94S,ladjgdlg
B00NYIDXDQ,ladjgdlg
B0CBPY4FTM,ladjgdlg
B0BX9LPWFP,ladjgdlg
B07N9N9HW2,ladjgdlg
B09NGHS156,ladjgdlg
B0CKVQS22L,ladjgdlg
B08BLKRRNZ,ladjgdlg
B0DGWY148X,ladjgdlg
B0CM5Z8ZH1,ladjgdlg
B0BGM8X5QJ,ladjgdlg
B07B7HCQM8,ladjgdlg
B0BNN5RQ19,ladjgdlg
B0BZLJ4NRB,ladjgdlg
B0BX43ZGJB,ladjgdlg
B0C85BVTM8,ladjgdlg
B0C858Z7SQ,ladjgdlg
B0C6X6S382,ladjgdlg
B0C4TWGD45,ladjgdlg
B0C4TVRB7W,ladjgdlg
B0C1FZ81BB,ladjgdlg
B0C1679J21,ladjgdlg
B0BWW5J2PJ,ladjgdlg
B0BR9DBSGX,ladjgdlg
B0BFXLK3KZ,ladjgdlg
B0B857W3F8,ladjgdlg
B0B7B1QMR7,ladjgdlg
B0B1TKHPDD,ladjgdlg
B09N8T34B4,ladjgdlg
B09J5CLSZH,ladjgdlg
B08SF96WDF,ladjgdlg
B0888TH1SW,ladjgdlg
B07WDSH6DX,ladjgdlg
B07PG43MJH,ladjgdlg
B06ZYTN2LH,ladjgdlg
B00EW6D7FS,ladjgdlg
B000VG7GDW,ladjgdlg
B0D12XFKVN,ladjgdlg
B0B1L4BSJT,ladjgdlg
B0BJTHMT2Y,ladjgdlg
B09XB3YN1W,ladjgdlg
B0D11MJVMC,ladjgdlg
B0746RBK2M,ladjgdlg
B0D473QTFB,ladjgdlg
B00JI715QO,ladjgdlg
B0CTVWZ2KG,ladjgdlg
B0D5MNXGY7,ladjgdlg
B0B3136XD6,ladjgdlg
B0CT5RD2YF,ladjgdlg
B0DSWNWZLY,ladjgdlg
B00VDRRLJC,ladjgdlg
B0CJ4VBFMH,ladjgdlg
B0CTKBXTMB,ladjgdlg
B0BZJSZ1YY,ladjgdlg
B0C8NNR1QB,ladjgdlg
B0C7BXFW2D,ladjgdlg
B089QXZ8RS,ladjgdlg
B09M2QJK21,ladjgdlg
B00UA74JXW,ladjgdlg
B0CP1FWZGD,ladjgdlg
B003BEDUAY,ladjgdlg
B09QJ39JHN,ladjgdlg
B01G5EJJ7E,ladjgdlg
B0D4JMPNVD,ladjgdlg
B0CLNBHXBZ,ladjgdlg
B00Q170H9A,ladjgdlg
B0CQT2HL7M,ladjgdlg
B0BQL61R68,ladjgdlg
B0BTY92V2W,ladjgdlg
B0BM4Q2992,ladjgdlg
B09T2CZHYC,ladjgdlg
B07D7MW12T,ladjgdlg
B0DF65R5GS,ladjgdlg
B0DT6DWT2N,ladjgdlg
B0CYQ8BVLX,ladjgdlg
B0BQN9GNX8,ladjgdlg
B0795BFH9Q,ladjgdlg
B073G38S6Z,ladjgdlg
B01N8XF244,ladjgdlg
B0CGHHZ5WL,ladjgdlg
B0DB5SG2Z8,ladjgdlg
B0CQ4TKMYC,ladjgdlg
B09N8XSYTX,ladjgdlg
B0CPV6YWJT,ladjgdlg
B0DGL76FQZ,ladjgdlg
B0D22C4PKM,ladjgdlg
B0CXS8N824,ladjgdlg
B0CX8XYSL5,ladjgdlg
B0CRHDWQ36,ladjgdlg
B0CNVG1PPR,ladjgdlg
B0CNGHQD8X,ladjgdlg
B0CMTF86WK,ladjgdlg
B0CJYGKXNP,ladjgdlg
B0CJP6DPR8,ladjgdlg
B0CJDNW57Q,ladjgdlg
B0CHXZW39Z,ladjgdlg
B0CF1XWCMG,ladjgdlg
B0CBKWRMFN,ladjgdlg
B0C8LYD174,ladjgdlg
B0C8K87RZB,ladjgdlg
B0BRPD3YW6,ladjgdlg
B0DK3T4DF1,ladjgdlg
B0BZZM7ZJV,ladjgdlg
B0BBTR5GCY,ladjgdlg
B0CRZ344G3,ladjgdlg
B0D8JJRDML,ladjgdlg
B07M65XXFZ,ladjgdlg
B0CH9R761T,ladjgdlg
B0D3Q7H3YK,ladjgdlg
B0CFB2CB5K,ladjgdlg
B0C2GTW8SS,ladjgdlg
B094HQT4T1,ladjgdlg
B01M1DISGH,ladjgdlg
B0D3ZRL8T2,ladjgdlg
B0CFB3BWZ2,ladjgdlg
B0C2VLKBHP,ladjgdlg
B0D6NHKXH1,ladjgdlg
B0CKXCGR89,ladjgdlg
B0BMKM7SCL,ladjgdlg
B071DT5VBR,ladjgdlg
B0C1GH2C98,ladjgdlg
B016A31ULS,ladjgdlg
B0CB6HHBH5,ladjgdlg
B01BFLVFZG,ladjgdlg
B07Z5FKTQW,ladjgdlg
B07NWXW4ZK,ladjgdlg
B0BN4KTLJV,ladjgdlg
B0B9JJ96HQ,ladjgdlg
B0BCQZ4L2Z,ladjgdlg
B0B76DJYB9,ladjgdlg
B0B1VB5PL3,ladjgdlg
B0D6XKLN6Y,ladjgdlg
B0D8B97BK6,ladjgdlg
B08BFBDN4F,ladjgdlg
B0BP1RN9K4,ladjgdlg
B0B4P8VQPX,ladjgdlg
B0CRHGXKQG,ladjgdlg
B0CGM33Z9R,ladjgdlg
B0CF73JXLN,ladjgdlg
B0BLZ45H8Z,ladjgdlg
B0B4K35S49,ladjgdlg
B09TQQ9GXQ,ladjgdlg
B08YDFHC73,ladjgdlg
B07G4PWXQ9,ladjgdlg
B00YB4SPL2,ladjgdlg
B0D6XNKFHY,ladjgdlg
B09MCPW7PK,ladjgdlg
B09L4JD6WM,ladjgdlg
B074CY4R1K,ladjgdlg
B01M3NFAW9,ladjgdlg
B0DLYGMD4S,ladjgdlg
B0DCJ3Z442,ladjgdlg
B0D8FQCT8Z,ladjgdlg
B0D7CRWKNS,ladjgdlg
B0D69QTRHQ,ladjgdlg
B0D5R81J8B,ladjgdlg
B0D4Z1TM2Q,ladjgdlg
B0CMHW9XMH,ladjgdlg
B0CMFYR344,ladjgdlg
B0CKYLPG59,ladjgdlg
B0CF1JCZ55,ladjgdlg
B0BZR4BC5N,ladjgdlg
B0BYNX12YW,ladjgdlg
B0B9GF6J7R,ladjgdlg
B09245TNZD,ladjgdlg
B0842CLJ61,ladjgdlg
B0821TXK76,ladjgdlg
B0DWX6891Y,ladjgdlg
B0DTHY3XNZ,ladjgdlg
B0DLT36J4L,ladjgdlg
B0DK8LSQHP,ladjgdlg
B0DJXT6K1X,ladjgdlg
B0DHZHNFPP,ladjgdlg
B0DG8NYK2H,ladjgdlg
B0DFLVP2V7,ladjgdlg
B0DF28H7MX,ladjgdlg
B0DD4JB33L,ladjgdlg
B0D96NRDLY,ladjgdlg
B0D8VK6KBH,ladjgdlg
B0D6R2MTXY,ladjgdlg
B0D63228FP,ladjgdlg
B0D62MF6XS,ladjgdlg
B0D5GNFBCY,ladjgdlg
B0D3TT1NH1,ladjgdlg
B0D2ZWXRT7,ladjgdlg
B0D1PCX36F,ladjgdlg
B0CZ6J7LGM,ladjgdlg
B0CYZXHXWS,ladjgdlg
B0CW5ZG3FG,ladjgdlg
B0CTG1TR4D,ladjgdlg
B0CS8RH11J,ladjgdlg
B0CRD8TPYZ,ladjgdlg
B0CKBVL7SX,ladjgdlg
B0CJP61MM2,ladjgdlg
B0CJBX62XM,ladjgdlg
B0CJ5CTH14,ladjgdlg
B08TJ29M9P,ladjgdlg
B0895FT17Q,ladjgdlg
B086MS4RCS,ladjgdlg
B07VRW24FK,ladjgdlg
B07Q3343MJ,ladjgdlg
B0BCHWBQ11,ladjgdlg
B075M49MGJ,ladjgdlg
