item,source
B0160TER3A,aldjgkhsalad
B088TD6647,aldjgkhsalad
B08NPJBQ3M,aldjgkhsalad
B079ZX483W,aldjgkhsalad
B08F2RRHDW,aldjgkhsalad
B09ZTV2SXV,aldjgkhsalad
B015DRQ36E,aldjgkhsalad
B07LGL9X7Q,aldjgkhsalad
B09D97SBTB,aldjgkhsalad
B07J629TS5,aldjgkhsalad
B01BQLO8Q8,aldjgkhsalad
B00CLHKHLM,aldjgkhsalad
B00BSGBJ7S,aldjgkhsalad
B008JA7PD8,aldjgkhsalad
B004UL0FFA,aldjgkhsalad
B003VV1IF6,aldjgkhsalad
B000BQS3I4,aldjgkhsalad
B0001745GC,aldjgkhsalad
B0000510Y4,aldjgkhsalad
B01MU722EN,aldjgkhsalad
B098TTDPZV,aldjgkhsalad
B07H39FDJT,aldjgkhsalad
B0CL4QV64V,aldjgkhsalad
B07D8563V7,aldjgkhsalad
B07TJ1L1TJ,aldjgkhsalad
B09LM67P3S,aldjgkhsalad
B072JY3XGG,aldjgkhsalad
B09X1WJRYG,aldjgkhsalad
B01H5YQJBM,aldjgkhsalad
B0CNPXF84Q,aldjgkhsalad
B0B2LHH99Q,aldjgkhsalad
B0B9T5X24K,aldjgkhsalad
B09RZ6V596,aldjgkhsalad
B08BH2XDGH,aldjgkhsalad
B083GSTFDT,aldjgkhsalad
B0BNYKD1B1,aldjgkhsalad
B0BGXNHFBK,aldjgkhsalad
B08JM7ZQX3,aldjgkhsalad
B0BCPVZX9Y,aldjgkhsalad
B0BJ2CCQHJ,aldjgkhsalad
B0B7DDRTBR,aldjgkhsalad
B00M1OG7YG,aldjgkhsalad
B0B4FJF221,aldjgkhsalad
B0B9NFBSR4,aldjgkhsalad
B09VLC234S,aldjgkhsalad
B0CV4JN2SN,aldjgkhsalad
B09RKQMLCP,aldjgkhsalad
B01MXDYK38,aldjgkhsalad
B09GVBLSPS,aldjgkhsalad
B008L2VQBG,aldjgkhsalad
B095BVNC5V,aldjgkhsalad
B0D9JSLJ1R,aldjgkhsalad
B081SV53YN,aldjgkhsalad
B08LVR1PJP,aldjgkhsalad
B07ZKY2TP6,aldjgkhsalad
B0BC8F511Q,aldjgkhsalad
B07VBVFVMR,aldjgkhsalad
B014SJ22JU,aldjgkhsalad
B0D9JPV21C,aldjgkhsalad
B00C0BRWGC,aldjgkhsalad
B0CR9SQBZQ,aldjgkhsalad
B00405WMS4,aldjgkhsalad
B0C1HX5M9J,aldjgkhsalad
B072JW2Q68,aldjgkhsalad
B0BTT35P6Z,aldjgkhsalad
B00K5V78CC,aldjgkhsalad
B0BS127MM7,aldjgkhsalad
B088ZGC9CF,aldjgkhsalad
B07T9JDMMM,aldjgkhsalad
B001JK22YM,aldjgkhsalad
B07RRCFFFC,aldjgkhsalad
B01N2REA7G,aldjgkhsalad
B07J1W82K4,aldjgkhsalad
B0CJL9YRQK,aldjgkhsalad
B07841VX4Z,aldjgkhsalad
B08CFZ5KTQ,aldjgkhsalad
B017ODBIX8,aldjgkhsalad
B00J9XXUYW,aldjgkhsalad
B00KIP9XQ4,aldjgkhsalad
B07YS8BKQN,aldjgkhsalad
B008VERR3A,aldjgkhsalad
B0CJR5FG9D,aldjgkhsalad
B0017Q33SW,aldjgkhsalad
B09TMX8KXL,aldjgkhsalad
B09CD63CNX,aldjgkhsalad
B01H21XV9G,aldjgkhsalad
B0068ENYPK,aldjgkhsalad
B07JVN9YG6,aldjgkhsalad
B099DGLR75,aldjgkhsalad
B0C93CZBRF,aldjgkhsalad
B08Z7HD1QR,aldjgkhsalad
B07S9VSM9X,aldjgkhsalad
B01N9WYLMN,aldjgkhsalad
B00G3I7EX4,aldjgkhsalad
B0CJ2NSCLF,aldjgkhsalad
B00VZ5GDMI,aldjgkhsalad
B0C5DN5JFV,aldjgkhsalad
B0933317ZT,aldjgkhsalad
B085W97VTQ,aldjgkhsalad
B07JGRJPLJ,aldjgkhsalad
B0CX56ZQ3J,aldjgkhsalad
B0CVVVMRXC,aldjgkhsalad
B09DGW7PCL,aldjgkhsalad
B0991NTGVQ,aldjgkhsalad
B008MV8GZ0,aldjgkhsalad
B0CX56PPSX,aldjgkhsalad
B0C2CL6WQP,aldjgkhsalad
B0BRKCBQ5T,aldjgkhsalad
B0BFVNX7YL,aldjgkhsalad
B09J87CWGK,aldjgkhsalad
B08CMVQSL2,aldjgkhsalad
B00A16FR24,aldjgkhsalad
B0CK1L5NRB,aldjgkhsalad
B0C7QMZKFC,aldjgkhsalad
B0BV5X179P,aldjgkhsalad
B09QB12WQV,aldjgkhsalad
B096FVTVCV,aldjgkhsalad
B08FR9SGR3,aldjgkhsalad
B089GQQXSF,aldjgkhsalad
B07XY12YP7,aldjgkhsalad
B07X2L4NRN,aldjgkhsalad
B07GXXMTFS,aldjgkhsalad
B07CR73KHG,aldjgkhsalad
B0711RTHBP,aldjgkhsalad
B00JYCJZ9W,aldjgkhsalad
B004H2N44Q,aldjgkhsalad
B002Y7QCUE,aldjgkhsalad
B0018IC916,aldjgkhsalad
B0D82F6WCY,aldjgkhsalad
B0D4553N1Q,aldjgkhsalad
B0CXLSQQD5,aldjgkhsalad
B0CNWWP1FB,aldjgkhsalad
B0CHDLHCRP,aldjgkhsalad
B0CGNCZ3JM,aldjgkhsalad
B0C7HGNKY7,aldjgkhsalad
B0C5CJR9DP,aldjgkhsalad
B0C1BY47BT,aldjgkhsalad
B0BZKHYQGB,aldjgkhsalad
B0BYSG4MHV,aldjgkhsalad
B0BYRQLJLW,aldjgkhsalad
B0BXPCPRXW,aldjgkhsalad
B0BWT36RN2,aldjgkhsalad
B0BV59LN4W,aldjgkhsalad
B0BTS9R7Y9,aldjgkhsalad
B0BP24XR9X,aldjgkhsalad
B0B1PNLS52,aldjgkhsalad
B09V7DXXVG,aldjgkhsalad
B099WNNC57,aldjgkhsalad
B097TR8BHK,aldjgkhsalad
B08NJBWDZ9,aldjgkhsalad
B07XXNCNTY,aldjgkhsalad
B07V6NM64B,aldjgkhsalad
B06XPTLT3G,aldjgkhsalad
B01HFPYT04,aldjgkhsalad
B013E5767W,aldjgkhsalad
B00AM1T38C,aldjgkhsalad
B0DC3XLQ4J,aldjgkhsalad
B0CQYB2DXB,aldjgkhsalad
B0CPLVQ88K,aldjgkhsalad
B0CKP16WCQ,aldjgkhsalad
B0CC1WNL4C,aldjgkhsalad
B0BT293ZDM,aldjgkhsalad
B0B2KT39Z9,aldjgkhsalad
B09QGZS2WD,aldjgkhsalad
B09KPLGJGM,aldjgkhsalad
B09K6YT8NY,aldjgkhsalad
B0914XS1T4,aldjgkhsalad
B08W1PGDKQ,aldjgkhsalad
B087ZPJBJD,aldjgkhsalad
B08766JYYS,aldjgkhsalad
B08725KNS9,aldjgkhsalad
B086NKY2QZ,aldjgkhsalad
B0859DRLVJ,aldjgkhsalad
B082KQ5QYN,aldjgkhsalad
B07ZGGXQ2L,aldjgkhsalad
B07YBXF9SX,aldjgkhsalad
B07WK828Y3,aldjgkhsalad
B07VL5VV5L,aldjgkhsalad
B07PXN4JGV,aldjgkhsalad
B07GRDVVS9,aldjgkhsalad
B06XYHH2Z8,aldjgkhsalad
B01NACWJBY,aldjgkhsalad
B00VIMCBYC,aldjgkhsalad
B00OHMQF5Q,aldjgkhsalad
B00HV7UADW,aldjgkhsalad
B004YNOYVK,aldjgkhsalad
B003KWIW9G,aldjgkhsalad
B00345RZK6,aldjgkhsalad
B08RJRDRZ8,aldjgkhsalad
B07F2TD9KS,aldjgkhsalad
B081ZXWR8L,aldjgkhsalad
B07LGHTCLG,aldjgkhsalad
B09X793NQ7,aldjgkhsalad
B000PY5LZ0,aldjgkhsalad
B0BJ36VMTB,aldjgkhsalad
B000C9NYZ2,aldjgkhsalad
B0B3MJCNRX,aldjgkhsalad
B08D3Z2N6R,aldjgkhsalad
B06XRF69SR,aldjgkhsalad
B0BJ5YMR4N,aldjgkhsalad
B096197NN3,aldjgkhsalad
B09S3JFNLF,aldjgkhsalad
B075GJ8136,aldjgkhsalad
B07CLPXB8D,aldjgkhsalad
B079F5TZVL,aldjgkhsalad
B0B8XMLZRL,aldjgkhsalad
B01MZY238J,aldjgkhsalad
B07RXVFM74,aldjgkhsalad
B00GIYHLGS,aldjgkhsalad
B005GICA4U,aldjgkhsalad
B01MD1BBWX,aldjgkhsalad
B0CWPH3JFN,aldjgkhsalad
B0CNR2D9G3,aldjgkhsalad
B076Q4WTY4,aldjgkhsalad
B08VDPYJPM,aldjgkhsalad
B0CGTZPSWP,aldjgkhsalad
B00O7X0FJW,aldjgkhsalad
B0DB23BR8Q,aldjgkhsalad
B07KK6GNZ3,aldjgkhsalad
B0BDHHCJ82,aldjgkhsalad
B0B83ZZPHR,aldjgkhsalad
B0CGRGX4PB,aldjgkhsalad
B0CJQV7BVG,aldjgkhsalad
B0BKSV41GH,aldjgkhsalad
B0B57KPC1H,aldjgkhsalad
B07665SNW4,aldjgkhsalad
B0CDN2T7M4,aldjgkhsalad
B09PYGSC3Q,aldjgkhsalad
B00LXT23RU,aldjgkhsalad
B0817PPFJT,aldjgkhsalad
B07ZRYZJ67,aldjgkhsalad
B001PYTM7C,aldjgkhsalad
B07Z6138Q2,aldjgkhsalad
B0000AXNNI,aldjgkhsalad
B09KR7MNBB,aldjgkhsalad
B0064QE3M0,aldjgkhsalad
B0D3KXKM8D,aldjgkhsalad
B09D9X553B,aldjgkhsalad
B01E64WLS4,aldjgkhsalad
B017I5K26G,aldjgkhsalad
B07HFHXR27,aldjgkhsalad
B01N5TK37G,aldjgkhsalad
B0BFC248JS,aldjgkhsalad
B07MHQZ893,aldjgkhsalad
B09C3NF5HL,aldjgkhsalad
B08KYFF31F,aldjgkhsalad
B0899W4VBP,aldjgkhsalad
B0C4GPCXH5,aldjgkhsalad
B0CHZ651DY,aldjgkhsalad
B07YJS417C,aldjgkhsalad
B0BSP53RV8,aldjgkhsalad
B08B4XR55R,aldjgkhsalad
B07XFPM7WM,aldjgkhsalad
B0198NI9Z2,aldjgkhsalad
B07GY2WMSP,aldjgkhsalad
B01N10CWEH,aldjgkhsalad
B098F49F5T,aldjgkhsalad
B08KSLDV7J,aldjgkhsalad
B06XPK6DV8,aldjgkhsalad
B0CJCGN7BB,aldjgkhsalad
B0CGXRJ7Q7,aldjgkhsalad
B073HYPDV4,aldjgkhsalad
B0D5HNDB5B,aldjgkhsalad
B0BB787HQB,aldjgkhsalad
B01B6VE408,aldjgkhsalad
B000J07NF6,aldjgkhsalad
B088FJD6D5,aldjgkhsalad
B0CQ7953DC,aldjgkhsalad
B0BVR74Z5G,aldjgkhsalad
B08G63T55F,aldjgkhsalad
B07R95CN15,aldjgkhsalad
B0BLZMR77K,aldjgkhsalad
B07JMJ14TW,aldjgkhsalad
B006GL6N9E,aldjgkhsalad
B092JRG4XM,aldjgkhsalad
B08HTZPK91,aldjgkhsalad
B086113SMH,aldjgkhsalad
B099ZDX7Y2,aldjgkhsalad
B08GQF4DTC,aldjgkhsalad
B07Z6JYX7V,aldjgkhsalad
B073PQFQV3,aldjgkhsalad
B00L2TUFLM,aldjgkhsalad
B0C588QZ5W,aldjgkhsalad
B07CCG9DF5,aldjgkhsalad
B09ZV43DHF,aldjgkhsalad
B07656RPQD,aldjgkhsalad
B07TKB8MMX,aldjgkhsalad
B07HKD111Y,aldjgkhsalad
B000OLWW92,aldjgkhsalad
B07RYB6QRB,aldjgkhsalad
B097T82L5T,aldjgkhsalad
B08MQKM7LP,aldjgkhsalad
B08D7VHR19,aldjgkhsalad
B0D41KY4X3,aldjgkhsalad
B0C1KJLS4T,aldjgkhsalad
B093299XPR,aldjgkhsalad
B07VM5C3MC,aldjgkhsalad
B0792PTCFP,aldjgkhsalad
B075FGQLGY,aldjgkhsalad
B00KFU49K2,aldjgkhsalad
B0CWV6WHBN,aldjgkhsalad
B0BFG6271B,aldjgkhsalad
B0B8Y75XQL,aldjgkhsalad
B087HDSK2Q,aldjgkhsalad
B082PFVXVM,aldjgkhsalad
B07PR31XSB,aldjgkhsalad
B0C49L3H4K,aldjgkhsalad
B0BDLVSG5M,aldjgkhsalad
B09NMGKF9Q,aldjgkhsalad
B091YK8PXX,aldjgkhsalad
B08Y6S1F34,aldjgkhsalad
B07ZKYHKHH,aldjgkhsalad
B0784R6LJT,aldjgkhsalad
B0725RXT1X,aldjgkhsalad
B06XHW2RL8,aldjgkhsalad
B01B5BKXEA,aldjgkhsalad
B00VE75224,aldjgkhsalad
B009VDW4OW,aldjgkhsalad
B0D3TVBX7B,aldjgkhsalad
B0CG9ZJ1VB,aldjgkhsalad
B0CDM3WX2D,aldjgkhsalad
B0CCPC3SZZ,aldjgkhsalad
B0C2CGLTJ2,aldjgkhsalad
B0BWPM37BW,aldjgkhsalad
B0BJTVGSVY,aldjgkhsalad
B0B2ZDPL9Q,aldjgkhsalad
B09KCB1L9N,aldjgkhsalad
B08X3LV78T,aldjgkhsalad
B08CD6Y3T9,aldjgkhsalad
B08298PD98,aldjgkhsalad
B07ZG2G68R,aldjgkhsalad
B07NLGNZ5S,aldjgkhsalad
B07BM8C6SS,aldjgkhsalad
B078XQW7M5,aldjgkhsalad
B01EOM4W4O,aldjgkhsalad
B00Y82CAZY,aldjgkhsalad
B00RPKEZSQ,aldjgkhsalad
B0CZL8P87V,aldjgkhsalad
B0CZ97WQBW,aldjgkhsalad
B0CX1C2726,aldjgkhsalad
B0CTLVZSJW,aldjgkhsalad
B0CRH1KQZJ,aldjgkhsalad
B0CQXBBX8X,aldjgkhsalad
B0CLF77715,aldjgkhsalad
B0CJJHVNZ2,aldjgkhsalad
B0CFDZS9SH,aldjgkhsalad
B0C5QN2KRZ,aldjgkhsalad
B0C2JYK2PZ,aldjgkhsalad
B0BYYV8PG1,aldjgkhsalad
B0BXLBVNBR,aldjgkhsalad
B0BP7HTRC2,aldjgkhsalad
B0BLK37C3R,aldjgkhsalad
B0BDRC8G2Z,aldjgkhsalad
B0B3D2Z4GQ,aldjgkhsalad
B09Y7PF1JV,aldjgkhsalad
B09T2TY25Y,aldjgkhsalad
B09NHST6RX,aldjgkhsalad
B09LRDYR27,aldjgkhsalad
B09KRB4VRH,aldjgkhsalad
B098DJLRDT,aldjgkhsalad
B097HFMBM1,aldjgkhsalad
B08XLV5W4H,aldjgkhsalad
B08S7F6L9N,aldjgkhsalad
B08JY6W5XT,aldjgkhsalad
B085GLDM8X,aldjgkhsalad
B07YK4DL3Z,aldjgkhsalad
B07X3QMNGS,aldjgkhsalad
B07L2968PP,aldjgkhsalad
B07KVHZ9HQ,aldjgkhsalad
B07DRBLP7K,aldjgkhsalad
B07D9JYKCQ,aldjgkhsalad
B0785RWBCK,aldjgkhsalad
B074PNMSFR,aldjgkhsalad
B06XYVKRGT,aldjgkhsalad
B01E6GFB5M,aldjgkhsalad
B00R0I8BVU,aldjgkhsalad
B00MKBBDUI,aldjgkhsalad
B005OS2CNQ,aldjgkhsalad
B002ZNJI80,aldjgkhsalad
B08K3TFD93,aldjgkhsalad
B0C9LCMZM1,aldjgkhsalad
B0042RUT5S,aldjgkhsalad
B00QU0WQYW,aldjgkhsalad
B07YS49YHQ,aldjgkhsalad
B00QXU3LRU,aldjgkhsalad
B09KG8CXJV,aldjgkhsalad
B0BW2PBTT3,aldjgkhsalad
B08XZ5NCQ5,aldjgkhsalad
B0C1SB7W43,aldjgkhsalad
B07WNK58JR,aldjgkhsalad
B00JBHDA1Y,aldjgkhsalad
B0CSFV7RW6,aldjgkhsalad
B07566YMMW,aldjgkhsalad
B09XGTJ176,aldjgkhsalad
B08Y57Y63Y,aldjgkhsalad
B0BFRD5HC2,aldjgkhsalad
B0D238TWLP,aldjgkhsalad
B0B43KW8DM,aldjgkhsalad
B0BC8TWVNG,aldjgkhsalad
B07TN2NY4H,aldjgkhsalad
B07SQYBLJJ,aldjgkhsalad
B09Z7K6WLM,aldjgkhsalad
B00YYFDB44,aldjgkhsalad
B097TRQY3T,aldjgkhsalad
B09QKWCRTQ,aldjgkhsalad
B07RM49MCH,aldjgkhsalad
B0013Y83ME,aldjgkhsalad
B08XXL74NF,aldjgkhsalad
B07VQCH6HC,aldjgkhsalad
B0D8W2PX1X,aldjgkhsalad
B07VTXLWBJ,aldjgkhsalad
B0000E2V3X,aldjgkhsalad
B07MWFXKDH,aldjgkhsalad
B0BMBD8PXN,aldjgkhsalad
B00FN7UQVS,aldjgkhsalad
B07DKRGTFD,aldjgkhsalad
B07XHTCTW8,aldjgkhsalad
B0BQBKFXYM,aldjgkhsalad
B06XWJXPGM,aldjgkhsalad
B0C855DRM4,aldjgkhsalad
B07TWNBPL8,aldjgkhsalad
B01N114D8K,aldjgkhsalad
B09X6WL223,aldjgkhsalad
B0007VVYL6,aldjgkhsalad
B010NUA8CG,aldjgkhsalad
B06ZY328XR,aldjgkhsalad
B00JAHWQ10,aldjgkhsalad
B01C2316NC,aldjgkhsalad
B07WNJ2ND3,aldjgkhsalad
B0B81RV7CD,aldjgkhsalad
B09X2454W9,aldjgkhsalad
B08T7K36VV,aldjgkhsalad
B004GQGN50,aldjgkhsalad
B0CFQNMHVL,aldjgkhsalad
B07XDZ3F26,aldjgkhsalad
B00Z7MOM78,aldjgkhsalad
B000J53QVQ,aldjgkhsalad
B09JKHFJ55,aldjgkhsalad
B08RWCS57R,aldjgkhsalad
B07W5Z3V13,aldjgkhsalad
B07TY5J854,aldjgkhsalad
B08NVDQJ6Z,aldjgkhsalad
B00GM2VJKU,aldjgkhsalad
B00QD5EDB8,aldjgkhsalad
B0C9TB1TBK,aldjgkhsalad
B09P62YXPX,aldjgkhsalad
B081DVWYXH,aldjgkhsalad
B07TDCLHDR,aldjgkhsalad
B0792BVT41,aldjgkhsalad
B01EUQ0EXC,aldjgkhsalad
B0D9W1K1XV,aldjgkhsalad
B0CPS8TD7G,aldjgkhsalad
B0CF9KNMHM,aldjgkhsalad
B0C6KFMFRD,aldjgkhsalad
B0C4KPFZPP,aldjgkhsalad
B0BMZWR4L7,aldjgkhsalad
B09B9N2G6X,aldjgkhsalad
B08ZMSWNNC,aldjgkhsalad
B0797KWGFB,aldjgkhsalad
B01MR9O55V,aldjgkhsalad
B0C17NLZNH,aldjgkhsalad
B005IN5W5M,aldjgkhsalad
B07DCZVXL8,aldjgkhsalad
B096R1RPRJ,aldjgkhsalad
B095PSZNHV,aldjgkhsalad
B08PVGH7P9,aldjgkhsalad
B0CV82W4G5,aldjgkhsalad
B0CFYKMQ4Z,aldjgkhsalad
B07DQQDDDZ,aldjgkhsalad
B003IWKTMG,aldjgkhsalad
B0D8LHNQBZ,aldjgkhsalad
B096RZW388,aldjgkhsalad
B094XV2VN5,aldjgkhsalad
B07MC9JT41,aldjgkhsalad
B07H1R8XPR,aldjgkhsalad
B074PCCXCS,aldjgkhsalad
B0722TSN6H,aldjgkhsalad
B01MG5Z6FX,aldjgkhsalad
B0D12RN3JY,aldjgkhsalad
B0CQ1PPSTP,aldjgkhsalad
B0C3C4XCM6,aldjgkhsalad
B0B6FKPC6W,aldjgkhsalad
B09VXBXR92,aldjgkhsalad
B09K358496,aldjgkhsalad
B08DCVML5N,aldjgkhsalad
B082KRZKTY,aldjgkhsalad
B07KXPDPS6,aldjgkhsalad
B00C13OAMS,aldjgkhsalad
B000M82Q84,aldjgkhsalad
B0D95GRNB6,aldjgkhsalad
B0D2CVCKMT,aldjgkhsalad
B0D1XJPHGX,aldjgkhsalad
B0CZJQX85R,aldjgkhsalad
B0CRKSX8SW,aldjgkhsalad
B0CLBGH6WT,aldjgkhsalad
B0CJMNJ7TB,aldjgkhsalad
B0CJC7Q6HS,aldjgkhsalad
B0CDRXFVJ9,aldjgkhsalad
B0C37W9GY5,aldjgkhsalad
B0C2HHS6MX,aldjgkhsalad
B0BZTQXJ6P,aldjgkhsalad
B0BYZDLRWN,aldjgkhsalad
B0BHXXTHJX,aldjgkhsalad
B0BHTX2S78,aldjgkhsalad
B0B7WKJBDQ,aldjgkhsalad
B0B5YJ192Z,aldjgkhsalad
B09WMY3YTY,aldjgkhsalad
B09VP7G69L,aldjgkhsalad
B09SPQ7MQC,aldjgkhsalad
B091SW8QJL,aldjgkhsalad
B08LNZ1K2P,aldjgkhsalad
B08C75K936,aldjgkhsalad
B08949XVMF,aldjgkhsalad
B082K64Q26,aldjgkhsalad
B07Z3382PC,aldjgkhsalad
B07V69HH5N,aldjgkhsalad
B07PKRR9H2,aldjgkhsalad
B07KQNBB9V,aldjgkhsalad
B07772CD8C,aldjgkhsalad
B071HSX362,aldjgkhsalad
B06XPQ4D6X,aldjgkhsalad
B017OY2A4S,aldjgkhsalad
B00XIWAK9I,aldjgkhsalad
B00JFEK2I2,aldjgkhsalad
B00FKF6J96,aldjgkhsalad
B003VV32MI,aldjgkhsalad
B01MSPL5CM,aldjgkhsalad
B0CX1B6XWZ,aldjgkhsalad
B097PMXKPJ,aldjgkhsalad
B0BGKLTC3T,aldjgkhsalad
B0CGHX7DYG,aldjgkhsalad
B01LCTBD1C,aldjgkhsalad
B00HR6CGTI,aldjgkhsalad
B099ZTVP3Z,aldjgkhsalad
B0D1BP8NW6,aldjgkhsalad
B07G7HJJBL,aldjgkhsalad
B0DG2PVGTB,aldjgkhsalad
B08Z6SZ8R4,aldjgkhsalad
B077PDSXN2,aldjgkhsalad
B01BAZUCQU,aldjgkhsalad
B072ZKW1JP,aldjgkhsalad
B0BL1X25SH,aldjgkhsalad
B082BFCTGV,aldjgkhsalad
B07DYPFZWR,aldjgkhsalad
B01COPHAHY,aldjgkhsalad
B09CBZL7QL,aldjgkhsalad
B0C6NF31Q4,aldjgkhsalad
B085198LF5,aldjgkhsalad
B08BRK9D9X,aldjgkhsalad
B0DKY7K77T,aldjgkhsalad
B08DKB9STB,aldjgkhsalad
B07V2B3CPP,aldjgkhsalad
B006GQOF6C,aldjgkhsalad
B0C3LCZJPW,aldjgkhsalad
B0CGRB5QM2,aldjgkhsalad
B0C2RY19JP,aldjgkhsalad
B0D5Y24QMJ,aldjgkhsalad
B07HPRVSBV,aldjgkhsalad
B0CRYKMCY7,aldjgkhsalad
B0B4XTTHP9,aldjgkhsalad
B01N2RY5D3,aldjgkhsalad
B07YBWFSLD,aldjgkhsalad
B0CJ9YFCX4,aldjgkhsalad
B0B288VH3N,aldjgkhsalad
B00PNG4AWA,aldjgkhsalad
B013429LSC,aldjgkhsalad
B09HZ2G1FJ,aldjgkhsalad
B07LDFD6XH,aldjgkhsalad
B0D1FRMTMW,aldjgkhsalad
1934490121,aldjgkhsalad
B08XZ1862X,aldjgkhsalad
B07G7HZRQD,aldjgkhsalad
B0CRVJ16JC,aldjgkhsalad
B00QAMKNYK,aldjgkhsalad
B09ZTW4X2X,aldjgkhsalad
B000R5CPAQ,aldjgkhsalad
B00YATHTP6,aldjgkhsalad
B08P7MMNP8,aldjgkhsalad
B001F7GJMK,aldjgkhsalad
B0859J68FZ,aldjgkhsalad
B07G4N2V1D,aldjgkhsalad
B0BD3256FB,aldjgkhsalad
B0CQ28YS4F,aldjgkhsalad
B07VQLYGB9,aldjgkhsalad
B00AI3UC0W,aldjgkhsalad
B07FMWMYRM,aldjgkhsalad
B0BY1CM162,aldjgkhsalad
B00BB119CU,aldjgkhsalad
B081GG3X7V,aldjgkhsalad
B00RFSTNA8,aldjgkhsalad
B00PFC490A,aldjgkhsalad
B0B8SRPC7D,aldjgkhsalad
B00IKC6M0C,aldjgkhsalad
B019K70PK8,aldjgkhsalad
B0D474VW4C,aldjgkhsalad
B06VVCTC6G,aldjgkhsalad
B08PKM3QVW,aldjgkhsalad
B07CNKLVTD,aldjgkhsalad
B08L68KTXG,aldjgkhsalad
B09WMGFBVY,aldjgkhsalad
B0BRR6X1P1,aldjgkhsalad
B09G5H4XS2,aldjgkhsalad
B0BZFS2TWN,aldjgkhsalad
B08D9BPN9F,aldjgkhsalad
B001KQ43RE,aldjgkhsalad
B00DYCADXU,aldjgkhsalad
B019QYLY64,aldjgkhsalad
B09CGF4NNB,aldjgkhsalad
B01LXIS8XO,aldjgkhsalad
B0BKSX7T6D,aldjgkhsalad
B08BYZN74M,aldjgkhsalad
B0CG5XH2SJ,aldjgkhsalad
B08PRVS4W8,aldjgkhsalad
B00BOQZBCG,aldjgkhsalad
B0C7VQ8P8M,aldjgkhsalad
B07GY2CS68,aldjgkhsalad
B0B4MVT3YN,aldjgkhsalad
B01CLLBZ6S,aldjgkhsalad
B0CKTPTTMH,aldjgkhsalad
B09PWHJ19J,aldjgkhsalad
B0CP8QDSWQ,aldjgkhsalad
B096Z2J68Y,aldjgkhsalad
B07RSB6PMN,aldjgkhsalad
B078TMRY2J,aldjgkhsalad
B0779MH63S,aldjgkhsalad
B0CTSB6BBF,aldjgkhsalad
B0B5DMBPZ7,aldjgkhsalad
B07Y339JHG,aldjgkhsalad
B07VRFZ393,aldjgkhsalad
B075VYGML9,aldjgkhsalad
B01BFOJ8O8,aldjgkhsalad
B0CP4YFRVW,aldjgkhsalad
B0C3C44LQS,aldjgkhsalad
B09N3D2STC,aldjgkhsalad
B07B6557YN,aldjgkhsalad
B077BVP64P,aldjgkhsalad
B0CJCQJFRF,aldjgkhsalad
B0B7DMJT5R,aldjgkhsalad
B001H31UOY,aldjgkhsalad
B0B382BQQ8,aldjgkhsalad
B00160620A,aldjgkhsalad
B000HQMS2U,aldjgkhsalad
B085DNT57M,aldjgkhsalad
B001OM1L7E,aldjgkhsalad
B09JWBDK5Z,aldjgkhsalad
B08LP89GDP,aldjgkhsalad
B095C8RSMY,aldjgkhsalad
B07PKCVR71,aldjgkhsalad
B0C5KB1HFG,aldjgkhsalad
B09N79HNNX,aldjgkhsalad
B09N22M5JF,aldjgkhsalad
B0972SNW7L,aldjgkhsalad
B096XQ55Y8,aldjgkhsalad
B08Y6GVPPS,aldjgkhsalad
B0B2LM5V7N,aldjgkhsalad
B097YDJG1K,aldjgkhsalad
B07N716W14,aldjgkhsalad
B00K8673PG,aldjgkhsalad
B0002SRGTI,aldjgkhsalad
B0CJM2XPLY,aldjgkhsalad
B000KAZUQY,aldjgkhsalad
B07BSB9Y41,aldjgkhsalad
B091SG9XYQ,aldjgkhsalad
B00TA2JYM4,aldjgkhsalad
B099DFT7W2,aldjgkhsalad
B01COA8T3I,aldjgkhsalad
B00LEXOY3Q,aldjgkhsalad
B07GY2337D,aldjgkhsalad
B0995GR79P,aldjgkhsalad
B00K9SYPAE,aldjgkhsalad
B0B51H829X,aldjgkhsalad
B08FB7GSPZ,aldjgkhsalad
B0874TWQV2,aldjgkhsalad
B083TFSM5Q,aldjgkhsalad
B008DH97XS,aldjgkhsalad
B0D56MKDDF,aldjgkhsalad
B0CTY7N83R,aldjgkhsalad
B0CK2LBL7D,aldjgkhsalad
B0CC885NTB,aldjgkhsalad
B0C8929PM3,aldjgkhsalad
B0C1MSQSXX,aldjgkhsalad
B0BZP81B9D,aldjgkhsalad
B0BYJKXDVQ,aldjgkhsalad
B0BWDK6B66,aldjgkhsalad
B0BV2VWLSX,aldjgkhsalad
B0BS3VYSJQ,aldjgkhsalad
B0BQDRHVMR,aldjgkhsalad
B0BPSHKGPY,aldjgkhsalad
B0B7MRDLHF,aldjgkhsalad
B0B5L1164H,aldjgkhsalad
B0B3GN3R52,aldjgkhsalad
B0B2RRGWX1,aldjgkhsalad
B09HZFZQRF,aldjgkhsalad
B091N9SHZC,aldjgkhsalad
B08XJ64796,aldjgkhsalad
B08WRJ69QL,aldjgkhsalad
B08W29DTWC,aldjgkhsalad
B08T1ZQH8P,aldjgkhsalad
B084TCLNBY,aldjgkhsalad
B084333DRK,aldjgkhsalad
B081DPKD76,aldjgkhsalad
B07Z5JV2NS,aldjgkhsalad
B07VGZJHSQ,aldjgkhsalad
B07RYR267B,aldjgkhsalad
B07LBN4Z5L,aldjgkhsalad
B07FQTCDDV,aldjgkhsalad
B07F1DKH2K,aldjgkhsalad
B0753BQ6JR,aldjgkhsalad
B01H5QKYCK,aldjgkhsalad
B01FZYJU42,aldjgkhsalad
B01FT3SKOA,aldjgkhsalad
B00WAKAHBU,aldjgkhsalad
B00P9TF192,aldjgkhsalad
B00N99TV5Y,aldjgkhsalad
B00IKC6V6C,aldjgkhsalad
B00FXHK0T6,aldjgkhsalad
B003QZVIL6,aldjgkhsalad
B003LPUWIQ,aldjgkhsalad
B003C5LMZW,aldjgkhsalad
B000FVZOIW,aldjgkhsalad
B000AQMSK4,aldjgkhsalad
B08C59GKZB,aldjgkhsalad
B00Y1KZN0W,aldjgkhsalad
B09Z2Q6V2Q,aldjgkhsalad
B0CCSRCPW7,aldjgkhsalad
B01N8ZWVCQ,aldjgkhsalad
B09RYYZ7M7,aldjgkhsalad
B08SZ4PY6K,aldjgkhsalad
B07CKT8TW5,aldjgkhsalad
B08BLRHKZS,aldjgkhsalad
B0CRKVP5HN,aldjgkhsalad
B087QY131H,aldjgkhsalad
B0147JPQAI,aldjgkhsalad
B009OVU93E,aldjgkhsalad
B074Q3WNVM,aldjgkhsalad
B0786XX6Q7,aldjgkhsalad
B0CZXLWMNY,aldjgkhsalad
B0018VFGYU,aldjgkhsalad
B00KRNBO6Y,aldjgkhsalad
B09YY192YM,aldjgkhsalad
B0CZDPMHPM,aldjgkhsalad
B009EC76NO,aldjgkhsalad
B07X259LVK,aldjgkhsalad
B0011RP7FY,aldjgkhsalad
B07D61QQGZ,aldjgkhsalad
B081MSK1Z5,aldjgkhsalad
B0CJ9QTQ3P,aldjgkhsalad
B0069P0OG0,aldjgkhsalad
B0BL7ML3K1,aldjgkhsalad
B0C2CL7NHR,aldjgkhsalad
B082DM7B84,aldjgkhsalad
B07KRGPWBF,aldjgkhsalad
B0BZHWH45M,aldjgkhsalad
B000H7EE26,aldjgkhsalad
B0BBQ972PW,aldjgkhsalad
B0BLMKW6RX,aldjgkhsalad
B0C663DTZ2,aldjgkhsalad
B01MTDZFDZ,aldjgkhsalad
B0B6DNCD6X,aldjgkhsalad
B08BZNRVXN,aldjgkhsalad
B0889R6GWZ,aldjgkhsalad
B0B581YX4S,aldjgkhsalad
B08S31BPMD,aldjgkhsalad
B08ZSJPCS5,aldjgkhsalad
B0B3JCD6V4,aldjgkhsalad
B01CU5Y6JS,aldjgkhsalad
B0B2VGCGTX,aldjgkhsalad
B07JC4WT2L,aldjgkhsalad
B09QT8X5NW,aldjgkhsalad
B0CQSZQCZG,aldjgkhsalad
B09LCGQCGG,aldjgkhsalad
B00XA30DTM,aldjgkhsalad
B08T5XHJ9T,aldjgkhsalad
B093ZP61CZ,aldjgkhsalad
B08SJRJ1DL,aldjgkhsalad
B004BN7WM6,aldjgkhsalad
B07ZHKRB75,aldjgkhsalad
B07MWBJHCT,aldjgkhsalad
B07Y2YNH1F,aldjgkhsalad
B07V6FNM6Z,aldjgkhsalad
B07HRBKXN4,aldjgkhsalad
B0C432KT9Z,aldjgkhsalad
B01G8BW1YC,aldjgkhsalad
B018LIEDY6,aldjgkhsalad
B00X6DMVGE,aldjgkhsalad
B0CXN9VJPM,aldjgkhsalad
B0011RSNUU,aldjgkhsalad
B07TKQFSKD,aldjgkhsalad
B0011RN42M,aldjgkhsalad
B086P8NJF4,aldjgkhsalad
B0011RN3OG,aldjgkhsalad
B08CVVS167,aldjgkhsalad
B08QMKGCR7,aldjgkhsalad
B0B1L3TSVV,aldjgkhsalad
B077W72S4M,aldjgkhsalad
B089T7RG6L,aldjgkhsalad
B0BX2WN29N,aldjgkhsalad
B09XJRWD3Y,aldjgkhsalad
B07J15G66P,aldjgkhsalad
B0BFYW74D5,aldjgkhsalad
B01KN0T2DW,aldjgkhsalad
B08KG77DQN,aldjgkhsalad
B00GHO0D4G,aldjgkhsalad
B07PHNT23K,aldjgkhsalad
B07RWWXN8Z,aldjgkhsalad
B0CXXY84LX,aldjgkhsalad
B01FMFEPEE,aldjgkhsalad
B0BB2GNXGT,aldjgkhsalad
B00LD8RY4S,aldjgkhsalad
B0BV4B8GK6,aldjgkhsalad
B07DJ34VQ4,aldjgkhsalad
B09LLZNDKD,aldjgkhsalad
B08H1XCT41,aldjgkhsalad
B07GPB7KSW,aldjgkhsalad
B01CDEWSNM,aldjgkhsalad
B011VLLUQ4,aldjgkhsalad
B004430KSG,aldjgkhsalad
B09TX4CW5H,aldjgkhsalad
B09XQR4HTH,aldjgkhsalad
B08Y96RQ9W,aldjgkhsalad
B07FK6WMRC,aldjgkhsalad
B0D5LSMTFY,aldjgkhsalad
B0B5LC8NB2,aldjgkhsalad
B08P6R53LD,aldjgkhsalad
B08H8GTV9X,aldjgkhsalad
B002HNKEVI,aldjgkhsalad
B0C9M39VLD,aldjgkhsalad
B0749BG1D2,aldjgkhsalad
B0CBPJZSFJ,aldjgkhsalad
B09Z1K8G2L,aldjgkhsalad
B09TH2KL6B,aldjgkhsalad
B08B8DGLWG,aldjgkhsalad
B07YYGHDNN,aldjgkhsalad
B01H78AXOK,aldjgkhsalad
B08DSCD3BB,aldjgkhsalad
B08542G6L3,aldjgkhsalad
B01N2XVTXM,aldjgkhsalad
B0D1VSH32D,aldjgkhsalad
B088DTHWFR,aldjgkhsalad
B06XRNYLP9,aldjgkhsalad
B0CP8P5PTQ,aldjgkhsalad
B0BVFJ3RS8,aldjgkhsalad
B0BDV24Y9T,aldjgkhsalad
B095K38M6C,aldjgkhsalad
B094XM8LDH,aldjgkhsalad
B08R24NYDJ,aldjgkhsalad
B089YBRNL9,aldjgkhsalad
B07RY5N5S6,aldjgkhsalad
B078KP3FLL,aldjgkhsalad
B017T2J2NC,aldjgkhsalad
B0CYC5WGFC,aldjgkhsalad
B0BYFD53PP,aldjgkhsalad
B0BMDMNG3D,aldjgkhsalad
B08RRJMY66,aldjgkhsalad
B08CY7K2N6,aldjgkhsalad
B086BMR1R8,aldjgkhsalad
B00CB9DKV4,aldjgkhsalad
B0CVXB4HML,aldjgkhsalad
B0CNW4CF3X,aldjgkhsalad
B0CMQJM6X9,aldjgkhsalad
B0CJ2NGLF6,aldjgkhsalad
B0C8DCTX52,aldjgkhsalad
B0BV75RS99,aldjgkhsalad
B0B7WTVXK2,aldjgkhsalad
B09PDQ36B8,aldjgkhsalad
B09P8B4FFZ,aldjgkhsalad
B09886GWR4,aldjgkhsalad
B08RJKVDDL,aldjgkhsalad
B08P6JKNRH,aldjgkhsalad
B08HQ1B9H5,aldjgkhsalad
B088CT325B,aldjgkhsalad
B086WNX8P8,aldjgkhsalad
B07ZM2R4B5,aldjgkhsalad
B06XP2YNYP,aldjgkhsalad
B00JK5KBIM,aldjgkhsalad
B006DYCRBC,aldjgkhsalad
B0D9GBBFX2,aldjgkhsalad
B0D41RR33J,aldjgkhsalad
B0CBS7JDHP,aldjgkhsalad
B0C2TR5WT3,aldjgkhsalad
B0BY2BCRVW,aldjgkhsalad
B0BPJBSSBS,aldjgkhsalad
B0BBPHJXF6,aldjgkhsalad
B0BBLF42MM,aldjgkhsalad
B0B8N8MTTD,aldjgkhsalad
B09XQNHB8N,aldjgkhsalad
B09PFV35G4,aldjgkhsalad
B09H5B366W,aldjgkhsalad
B092ZZVPSF,aldjgkhsalad
B088BQ6J8N,aldjgkhsalad
B0827L8VRR,aldjgkhsalad
B07X6NL9Q7,aldjgkhsalad
B07MBDJYK2,aldjgkhsalad
B07DVJB865,aldjgkhsalad
B07D55DJNK,aldjgkhsalad
B07CZZ12ZZ,aldjgkhsalad
B07CZ9WZZV,aldjgkhsalad
B013C7A3KO,aldjgkhsalad
B00KO8VZI4,aldjgkhsalad
B00FBQAV98,aldjgkhsalad
B007CLR3LY,aldjgkhsalad
B006DHOHFI,aldjgkhsalad
B0CZDVYXHG,aldjgkhsalad
B0CRJQN5RW,aldjgkhsalad
B0CP1QK1ST,aldjgkhsalad
B0CNQMG52Z,aldjgkhsalad
B0CL3THRH1,aldjgkhsalad
B0CKDWNFC4,aldjgkhsalad
B0CJNGNJVM,aldjgkhsalad
B0CHS4176T,aldjgkhsalad
B0CHLMLSPR,aldjgkhsalad
B0CHB27FPV,aldjgkhsalad
B0CCKP1K5P,aldjgkhsalad
B0C7444CBN,aldjgkhsalad
B0C48FWLFH,aldjgkhsalad
B0BYRPQ42J,aldjgkhsalad
B0BWRJWKTN,aldjgkhsalad
B0BN5TBV62,aldjgkhsalad
B0BJDYJFPL,aldjgkhsalad
B0BHKMF9HH,aldjgkhsalad
B0BC3Z1S7Z,aldjgkhsalad
B0B7GB6JM8,aldjgkhsalad
B0B5FF52VV,aldjgkhsalad
B0B1ZNZGK2,aldjgkhsalad
B09YH7MDMF,aldjgkhsalad
B09XTD5PQ5,aldjgkhsalad
B09WMPNJWK,aldjgkhsalad
B09LCC11QT,aldjgkhsalad
B09K48238F,aldjgkhsalad
B07DNBC4KL,aldjgkhsalad
B07D8K8NLW,aldjgkhsalad
B079D7NGJC,aldjgkhsalad
B078QGL3K8,aldjgkhsalad
B077D49S2F,aldjgkhsalad
B072QCXVLB,aldjgkhsalad
B01LW5V4KV,aldjgkhsalad
B01DVYEK6Q,aldjgkhsalad
B01A7OGRX2,aldjgkhsalad
B014JWD222,aldjgkhsalad
B00MP70QPU,aldjgkhsalad
B00FBLZQJI,aldjgkhsalad
B00D41ZHTQ,aldjgkhsalad
B00B4IFVWO,aldjgkhsalad
B004Z0ODCW,aldjgkhsalad
B01COPHAGU,aldjgkhsalad
B07QS1VY4Z,aldjgkhsalad
B09ZV1983R,aldjgkhsalad
B01N0ECW2W,aldjgkhsalad
B0032U5R30,aldjgkhsalad
B07FBYXPD7,aldjgkhsalad
B0798X7TVP,aldjgkhsalad
B004QQPQRQ,aldjgkhsalad
B07FHVCJJN,aldjgkhsalad
B07GRHFDZZ,aldjgkhsalad
B0CHJQHQW8,aldjgkhsalad
B0CQL3G9J2,aldjgkhsalad
B0DDSFPC8J,aldjgkhsalad
B08MYNPH9V,aldjgkhsalad
B07CSL6BLS,aldjgkhsalad
B07TV972JT,aldjgkhsalad
B001A8YX1I,aldjgkhsalad
B002GHBYZ0,aldjgkhsalad
B00ZHN3NYU,aldjgkhsalad
B0CZ73X4X6,aldjgkhsalad
B0CP7ZWV9P,aldjgkhsalad
B09ST6JPPX,aldjgkhsalad
B0CLYK8K9Q,aldjgkhsalad
B0CYLNYWJZ,aldjgkhsalad
B0CJ5K5LB1,aldjgkhsalad
B07JWCDD7H,aldjgkhsalad
B0CHLRPVXF,aldjgkhsalad
B08DY4SNZG,aldjgkhsalad
B0C1HNFMLP,aldjgkhsalad
B07J66YQKK,aldjgkhsalad
B0BYSJWP64,aldjgkhsalad
B08KJNT5C5,aldjgkhsalad
B0BTS2S5HP,aldjgkhsalad
B07WHS2MCJ,aldjgkhsalad
B07M9ZJKHV,aldjgkhsalad
B08NFBG39B,aldjgkhsalad
B087NBZB19,aldjgkhsalad
B07JNL8RGB,aldjgkhsalad
B01NH024WV,aldjgkhsalad
B07HKV22LQ,aldjgkhsalad
B09S138YM3,aldjgkhsalad
B07P7G8SZK,aldjgkhsalad
B07CL5J4HZ,aldjgkhsalad
B07QRX9DWL,aldjgkhsalad
B06X916NRS,aldjgkhsalad
B077H6PFH3,aldjgkhsalad
B0013JYDEG,aldjgkhsalad
B08W542XRW,aldjgkhsalad
B0BN63WSQW,aldjgkhsalad
B0B4P7B286,aldjgkhsalad
B0BC3TDSJ2,aldjgkhsalad
B01GGN8A6K,aldjgkhsalad
B0B98ZMQ18,aldjgkhsalad
B01KTKHO5O,aldjgkhsalad
B0B8DYKKTR,aldjgkhsalad
B01AYEZB6O,aldjgkhsalad
B0B5KT22VD,aldjgkhsalad
B0BCF22R22,aldjgkhsalad
B09TX56LR4,aldjgkhsalad
B01LWJE2UX,aldjgkhsalad
B09NSM4491,aldjgkhsalad
B00KT5ANVM,aldjgkhsalad
B09NKHYFFH,aldjgkhsalad
B0C2HK1YHF,aldjgkhsalad
B08YKDW7P4,aldjgkhsalad
B01C0QT1OW,aldjgkhsalad
B08PKKRB7S,aldjgkhsalad
B004PICKDS,aldjgkhsalad
B08LBT8S5V,aldjgkhsalad
B00P1KC27S,aldjgkhsalad
B079FSQDLK,aldjgkhsalad
B08ML956K3,aldjgkhsalad
B073HYF3NX,aldjgkhsalad
B09D75FNXF,aldjgkhsalad
B01M6E772K,aldjgkhsalad
B09WDPSNR4,aldjgkhsalad
B004Z7R8EA,aldjgkhsalad
B0CMGXTY98,aldjgkhsalad
B0006U6BK2,aldjgkhsalad
B0CGTHB8GQ,aldjgkhsalad
B07KWMK8D2,aldjgkhsalad
B0018AIJR2,aldjgkhsalad
B0CQQSQ8WC,aldjgkhsalad
B0BRHN442R,aldjgkhsalad
B08YYG99QP,aldjgkhsalad
B009LPDNPO,aldjgkhsalad
B0885RDBS1,aldjgkhsalad
B077LPXVPZ,aldjgkhsalad
B0B7Z4ZSMR,aldjgkhsalad
B00T5J7S02,aldjgkhsalad
B07JQCGCJ5,aldjgkhsalad
B00F34772M,aldjgkhsalad
B08QD8W6ML,aldjgkhsalad
B00WFT4XDY,aldjgkhsalad
B0825YNHG9,aldjgkhsalad
B0006MKF2K,aldjgkhsalad
B0BTNWV9Y2,aldjgkhsalad
B07DGW7JRH,aldjgkhsalad
B0CVTHX8PK,aldjgkhsalad
B000CCSWPQ,aldjgkhsalad
B0C179XCW8,aldjgkhsalad
B08KJ8G79S,aldjgkhsalad
B007KFMMN6,aldjgkhsalad
B0B62Q81F9,aldjgkhsalad
B09B66631L,aldjgkhsalad
B088ZPSN82,aldjgkhsalad
B085D8N5P1,aldjgkhsalad
B07P6JVT44,aldjgkhsalad
B07FDQQ4L5,aldjgkhsalad
B073SN8VHB,aldjgkhsalad
B0D1QXGB62,aldjgkhsalad
B0C9CDPPLD,aldjgkhsalad
B09L8BS5KP,aldjgkhsalad
B08N66T88J,aldjgkhsalad
B07WNRLTBS,aldjgkhsalad
B06XR6GJ3S,aldjgkhsalad
B0C53TTHZP,aldjgkhsalad
B09L83TTLV,aldjgkhsalad
B08TM15FFP,aldjgkhsalad
B08CWK7M8F,aldjgkhsalad
B0832ZJTCS,aldjgkhsalad
B004GFNF98,aldjgkhsalad
B0CMHRTNQ4,aldjgkhsalad
B0BCHQNDZB,aldjgkhsalad
B0B14FDVR3,aldjgkhsalad
B09NML1QK6,aldjgkhsalad
B08XZD41MW,aldjgkhsalad
B08J8GGCXS,aldjgkhsalad
B087CHLWG7,aldjgkhsalad
B07TS161D9,aldjgkhsalad
B07QQ2HMVB,aldjgkhsalad
B078HMYHZM,aldjgkhsalad
B006USAR6I,aldjgkhsalad
B0CYT1H8JW,aldjgkhsalad
B0CN1KQ2WH,aldjgkhsalad
B0CMZG1WH9,aldjgkhsalad
B0BW3B339L,aldjgkhsalad
B0B6BQN4NV,aldjgkhsalad
B09QVGXMNF,aldjgkhsalad
B09GTSLQ5N,aldjgkhsalad
B09F1DZ49V,aldjgkhsalad
B08BNP2KT8,aldjgkhsalad
B07P97C7X1,aldjgkhsalad
B07KRNB9G7,aldjgkhsalad
B07489JYQW,aldjgkhsalad
B01MXLKEHO,aldjgkhsalad
B00K358ZMM,aldjgkhsalad
B00JYCK37K,aldjgkhsalad
B004WNZHN6,aldjgkhsalad
B0D2SZ6TNN,aldjgkhsalad
B0D2BF9DYN,aldjgkhsalad
B0CTHJ4RNL,aldjgkhsalad
B0CS35G6T6,aldjgkhsalad
B0CRQYWMGC,aldjgkhsalad
B0CNLMDT87,aldjgkhsalad
B0CJ6VR7MF,aldjgkhsalad
B0CCC5NL76,aldjgkhsalad
B0CC1W588S,aldjgkhsalad
B0C89K93NZ,aldjgkhsalad
B0C85HN97T,aldjgkhsalad
B0C6NJ11JJ,aldjgkhsalad
B0BXLRHVVL,aldjgkhsalad
B0BWQZ39KR,aldjgkhsalad
B0BLRHSQX7,aldjgkhsalad
B0BLK9CG3J,aldjgkhsalad
B0BLK3NFV8,aldjgkhsalad
B0BG4XY3GL,aldjgkhsalad
B0BCW25J22,aldjgkhsalad
B0BC84HWB1,aldjgkhsalad
B0B9YSSVZZ,aldjgkhsalad
B0B8MGW396,aldjgkhsalad
B0B699XT9L,aldjgkhsalad
B0B5V5Q5TB,aldjgkhsalad
B0B3CV7XC8,aldjgkhsalad
B0B173DZLL,aldjgkhsalad
B09V4YNB9W,aldjgkhsalad
B09SV74C7L,aldjgkhsalad
B09M2H3HW7,aldjgkhsalad
B091BQM5SD,aldjgkhsalad
B08J3VWFL5,aldjgkhsalad
B08C4RNM4X,aldjgkhsalad
B088D696ZH,aldjgkhsalad
B07ZH3958F,aldjgkhsalad
B07W72GXZR,aldjgkhsalad
B07QRWDS4T,aldjgkhsalad
B07CVG1X9N,aldjgkhsalad
B07B496Z7G,aldjgkhsalad
B0001FSWZE,aldjgkhsalad
B07KZLJ7PB,aldjgkhsalad
B0829VSK6M,aldjgkhsalad
B07MJCGW5G,aldjgkhsalad
B0D6GNNSJQ,aldjgkhsalad
B002YQA7GK,aldjgkhsalad
B0147W2VKS,aldjgkhsalad
B07QJ3HCB4,aldjgkhsalad
0578518279,aldjgkhsalad
B09LQSQCGX,aldjgkhsalad
B08G84BWGB,aldjgkhsalad
B001P2ZWD2,aldjgkhsalad
B0C6RB4T7N,aldjgkhsalad
B0DBVZSNLT,aldjgkhsalad
B0CRTRNNB7,aldjgkhsalad
B08KLXB8KC,aldjgkhsalad
B094YP67SK,aldjgkhsalad
B09H4C8L52,aldjgkhsalad
B09CDVJRZQ,aldjgkhsalad
B09C5Y1ZCC,aldjgkhsalad
B09BJQRY6Z,aldjgkhsalad
B095K48RSP,aldjgkhsalad
B08X381DZR,aldjgkhsalad
B08SHFKWQ2,aldjgkhsalad
B08S7WLJH3,aldjgkhsalad
B08NGSS5GT,aldjgkhsalad
B08L4QCXZ8,aldjgkhsalad
B08H4SBMLX,aldjgkhsalad
B086SMHH7G,aldjgkhsalad
B0836FSQMP,aldjgkhsalad
B082FS77GK,aldjgkhsalad
B07V5B9Q5J,aldjgkhsalad
B07L8NKR8R,aldjgkhsalad
B09V7GZC2J,aldjgkhsalad
B000C2GFBY,aldjgkhsalad
B0C4DNFJ2B,aldjgkhsalad
B0CFVS2XFQ,aldjgkhsalad
B0B5KXBSLP,aldjgkhsalad
B07KPLMYX2,aldjgkhsalad
B06XGQGC61,aldjgkhsalad
B071749XB4,aldjgkhsalad
B00REPL81O,aldjgkhsalad
B07WLY9N48,aldjgkhsalad
B07CQ1F6NZ,aldjgkhsalad
B0D82RBQ5Y,aldjgkhsalad
B0CCW3QFTP,aldjgkhsalad
B07Q12WYZ3,aldjgkhsalad
B07MH39STD,aldjgkhsalad
B09LVSVSBX,aldjgkhsalad
B01IA97HD0,aldjgkhsalad
B0CG9RQF5N,aldjgkhsalad
B08953NX78,aldjgkhsalad
B014172L0E,aldjgkhsalad
B0BCQKZRQG,aldjgkhsalad
B09BT1FSWG,aldjgkhsalad
B001150J36,aldjgkhsalad
B0987G97BY,aldjgkhsalad
B0C4L6VHF5,aldjgkhsalad
B07MD5KR9Z,aldjgkhsalad
B08RJ8LNT5,aldjgkhsalad
B01B87TMOS,aldjgkhsalad
B0D5HGZWDX,aldjgkhsalad
B00HNS1PA6,aldjgkhsalad
B0CGKRYJH1,aldjgkhsalad
B087BT63Q9,aldjgkhsalad
B0C7XKG1JP,aldjgkhsalad
B08RN89RRN,aldjgkhsalad
B0BXCMMF6Y,aldjgkhsalad
B00MOV0EXQ,aldjgkhsalad
B0BKLFY617,aldjgkhsalad
B07BS4CK22,aldjgkhsalad
B0BBZZ26KM,aldjgkhsalad
B00BYS6JES,aldjgkhsalad
B00GHT7QYG,aldjgkhsalad
B0B8HJ7251,aldjgkhsalad
B000BYCTWW,aldjgkhsalad
B0B2ZVZ9MB,aldjgkhsalad
B008BJ7KPU,aldjgkhsalad
B09V85SXDR,aldjgkhsalad
B08F44RKT5,aldjgkhsalad
B09SV5R67V,aldjgkhsalad
B08YYFBR8M,aldjgkhsalad
B07QTDSDS5,aldjgkhsalad
B0017Z5J1W,aldjgkhsalad
B07H3M9563,aldjgkhsalad
B006Y1W7DM,aldjgkhsalad
B07GY1L7KQ,aldjgkhsalad
B09BK41C1P,aldjgkhsalad
B07BVB466H,aldjgkhsalad
B08FJCH68V,aldjgkhsalad
B074W2SDDF,aldjgkhsalad
B0011VFIGS,aldjgkhsalad
B0BJPZQPGX,aldjgkhsalad
B00O41FC7C,aldjgkhsalad
B002CO40LC,aldjgkhsalad
B0C1YGKRJT,aldjgkhsalad
B08T263ZJ2,aldjgkhsalad
B08PY3VD7N,aldjgkhsalad
B092J11RLB,aldjgkhsalad
B07L2R4282,aldjgkhsalad
B08MPYFV1C,aldjgkhsalad
B099272TNC,aldjgkhsalad
B08H25126J,aldjgkhsalad
B08R8DD8S1,aldjgkhsalad
B08FRMFRBZ,aldjgkhsalad
B01I122K42,aldjgkhsalad
B083LFXPF9,aldjgkhsalad
B0BC1FM2GS,aldjgkhsalad
B07ZV9QG5P,aldjgkhsalad
B0B8CS2PX8,aldjgkhsalad
B07V8RB5MH,aldjgkhsalad
B089LM2F32,aldjgkhsalad
B07RBBN48B,aldjgkhsalad
B0B6VBJ9ZT,aldjgkhsalad
B08T3JWFFD,aldjgkhsalad
B07RP1PR13,aldjgkhsalad
B0CS3HHYY2,aldjgkhsalad
B07YSSML54,aldjgkhsalad
B07T65MYS1,aldjgkhsalad
B07ND58735,aldjgkhsalad
B09P6DY2TD,aldjgkhsalad
B087CJ9YGG,aldjgkhsalad
B0CFCC88JS,aldjgkhsalad
B09G2DM9BW,aldjgkhsalad
B098LLWWYT,aldjgkhsalad
B0057FDDQ6,aldjgkhsalad
B0C9ZCZTV4,aldjgkhsalad
B083XCZSDX,aldjgkhsalad
B083Q8NF2F,aldjgkhsalad
B0B4T69QG9,aldjgkhsalad
B071W1G84Y,aldjgkhsalad
B0147D2JT0,aldjgkhsalad
B000LIKB46,aldjgkhsalad
B09TFFVDTH,aldjgkhsalad
B09X1PLLVR,aldjgkhsalad
B07MXN546R,aldjgkhsalad
B073M6CT24,aldjgkhsalad
B08T88F7RG,aldjgkhsalad
B00221Q2PC,aldjgkhsalad
B0B6FDS95P,aldjgkhsalad
B096MW2PFQ,aldjgkhsalad
B0D95L954G,aldjgkhsalad
B08BH69WGP,aldjgkhsalad
B07QWMP71C,aldjgkhsalad
B0CNXS4YJ2,aldjgkhsalad
B07VJNQC3P,aldjgkhsalad
B0756JWQY3,aldjgkhsalad
B0BMTM3C6Q,aldjgkhsalad
B07K7DSYH9,aldjgkhsalad
B07DL26FMY,aldjgkhsalad
B01JU85084,aldjgkhsalad
B0BQMKX1M4,aldjgkhsalad
B0BDMMWPYY,aldjgkhsalad
B094QKKGB9,aldjgkhsalad
B08G1GCCCP,aldjgkhsalad
B07Q19P9B3,aldjgkhsalad
B01IT303DI,aldjgkhsalad
B09FZMVJW4,aldjgkhsalad
B092VSB7CR,aldjgkhsalad
B0855MJS2G,aldjgkhsalad
B07S58RW3C,aldjgkhsalad
B07J9WRBZ7,aldjgkhsalad
B014SJ2I44,aldjgkhsalad
B0093Y89DE,aldjgkhsalad
B004WMURHS,aldjgkhsalad
B0002IHGAC,aldjgkhsalad
B0CMPJ8GF1,aldjgkhsalad
B0BHX9121W,aldjgkhsalad
B0BFLS1X4J,aldjgkhsalad
B07QS9BGKK,aldjgkhsalad
B00Q57MO5G,aldjgkhsalad
B0D928ZHBP,aldjgkhsalad
B0CSJWXG5Q,aldjgkhsalad
B0CNRDF7VM,aldjgkhsalad
B0BFWL1D6D,aldjgkhsalad
B0B9C1LBFM,aldjgkhsalad
B08PNTW3XB,aldjgkhsalad
B0CPXZWWD9,aldjgkhsalad
B0CPJ4Y4MF,aldjgkhsalad
B0CMXF2N7H,aldjgkhsalad
B0CLY8Y8CV,aldjgkhsalad
B0CLBMRCS1,aldjgkhsalad
B0CHLDKGY6,aldjgkhsalad
B0CGWF212N,aldjgkhsalad
B0C9S8N3ZG,aldjgkhsalad
B0C86DBGBM,aldjgkhsalad
B0C63CGCB4,aldjgkhsalad
B0C4YH81H9,aldjgkhsalad
B0C2TCB7YS,aldjgkhsalad
B0C28791SS,aldjgkhsalad
B0BX5F8DPZ,aldjgkhsalad
B0BWNCVV54,aldjgkhsalad
B0BWJJVSLL,aldjgkhsalad
B08FDLZ2CQ,aldjgkhsalad
B07739YBSL,aldjgkhsalad
B00T63RL2C,aldjgkhsalad
B00CSPML52,aldjgkhsalad
B0007XTOBG,aldjgkhsalad
B0CZL7Z321,aldjgkhsalad
B0BKRVVXPB,aldjgkhsalad
B0B73RKS3B,aldjgkhsalad
B09G19N7J6,aldjgkhsalad
B098SBSWQL,aldjgkhsalad
B08XP2Y5WJ,aldjgkhsalad
B08DK67P1T,aldjgkhsalad
B07X28SH5X,aldjgkhsalad
B07RZZ2GR4,aldjgkhsalad
B07QQ2H5JG,aldjgkhsalad
B07QNHTVLG,aldjgkhsalad
B071VRQZJL,aldjgkhsalad
B06ZYR1YW2,aldjgkhsalad
B06ZY2VYPC,aldjgkhsalad
B01M8IJ81D,aldjgkhsalad
B00LA75U5C,aldjgkhsalad
B0D7KRSMPL,aldjgkhsalad
B0D7HJY6C4,aldjgkhsalad
B0D7612SP2,aldjgkhsalad
B0D5QCJS2Z,aldjgkhsalad
B0D2SZG2DT,aldjgkhsalad
B0D2SZ625Q,aldjgkhsalad
B0D2SZ5NZS,aldjgkhsalad
B0CXDN8LZD,aldjgkhsalad
B0CXDBDJN9,aldjgkhsalad
B0CQZKTRQ9,aldjgkhsalad
B0CQNW3JQQ,aldjgkhsalad
B0BVVMSMPK,aldjgkhsalad
B0BR6HYMF9,aldjgkhsalad
B0BKPY4LBZ,aldjgkhsalad
B0BF2GJW7Z,aldjgkhsalad
B0B96DLGMP,aldjgkhsalad
B0B28NTB3K,aldjgkhsalad
B0B14839FZ,aldjgkhsalad
B09WJZ8YRW,aldjgkhsalad
B09VC9G6L1,aldjgkhsalad
B09V66C343,aldjgkhsalad
B09TY8R1WV,aldjgkhsalad
B09TBGGQJ6,aldjgkhsalad
B09L4MCWRH,aldjgkhsalad
B09JP2YDB5,aldjgkhsalad
B09D9KR44B,aldjgkhsalad
B08WHWL257,aldjgkhsalad
B08S72V9X2,aldjgkhsalad
B08HZ2L2N8,aldjgkhsalad
B08BCJTKHR,aldjgkhsalad
B086JCQK47,aldjgkhsalad
B082B25H65,aldjgkhsalad
B0813CM5SX,aldjgkhsalad
B07ZGGQ9SG,aldjgkhsalad
B07SGZHKMR,aldjgkhsalad
B07P2VDDL5,aldjgkhsalad
B07D8M8JLV,aldjgkhsalad
B07B3M1SVS,aldjgkhsalad
B078SCNKV1,aldjgkhsalad
B01N1QFI59,aldjgkhsalad
B01MUKRAXH,aldjgkhsalad
B01MS8UFG3,aldjgkhsalad
B01GON1HOY,aldjgkhsalad
B01C6WXSGW,aldjgkhsalad
B00ONI39QW,aldjgkhsalad
B000X0BDYY,aldjgkhsalad
B09RSPHTF8,aldjgkhsalad
B07CRTMZKF,aldjgkhsalad
B00X528FNE,aldjgkhsalad
B004CR456M,aldjgkhsalad
B08YY4CYKM,aldjgkhsalad
B07T8BZ5D2,aldjgkhsalad
B01F975Z7G,aldjgkhsalad
B0CDRTXHSY,aldjgkhsalad
B083D58RWV,aldjgkhsalad
B01MZE0QSL,aldjgkhsalad
B07Z5JG9K3,aldjgkhsalad
B07BTL4GHD,aldjgkhsalad
B08TMD7HDC,aldjgkhsalad
B07JVBLWLT,aldjgkhsalad
B00AQ6HO0M,aldjgkhsalad
B00VS9IPAO,aldjgkhsalad
B00YYUGP4W,aldjgkhsalad
B06Y4B8XZ9,aldjgkhsalad
9813290129,aldjgkhsalad
B0CF66XYL5,aldjgkhsalad
B08XN3Y3QL,aldjgkhsalad
B00864SW6Q,aldjgkhsalad
B0BCYT965Z,aldjgkhsalad
B0BGP3FLTX,aldjgkhsalad
B0BG18P5KZ,aldjgkhsalad
B006MHTF1U,aldjgkhsalad
B0CH3CN4TY,aldjgkhsalad
B0C42DF7S6,aldjgkhsalad
B09YQRKKKD,aldjgkhsalad
B0BTL7J3WB,aldjgkhsalad
B084RPZTV7,aldjgkhsalad
B0C1ZGY9K6,aldjgkhsalad
B07BPB3X22,aldjgkhsalad
B0BX8CBCCJ,aldjgkhsalad
B000RTPBWQ,aldjgkhsalad
B07QMNBG88,aldjgkhsalad
B002XITC5G,aldjgkhsalad
B00FYRXFCO,aldjgkhsalad
B000MV8XP6,aldjgkhsalad
B06Y5KQH21,aldjgkhsalad
B087B7Z72W,aldjgkhsalad
B00NVFS2ZG,aldjgkhsalad
B000FQ0EXM,aldjgkhsalad
B0924X2MC1,aldjgkhsalad
B0B5STCX1L,aldjgkhsalad
B0007W60QE,aldjgkhsalad
B008WCWX3A,aldjgkhsalad
B07XNWKYND,aldjgkhsalad
B0052HT3UO,aldjgkhsalad
B0D113QPP8,aldjgkhsalad
B09FPTZFLN,aldjgkhsalad
B08DD6PPTY,aldjgkhsalad
B0CCRXCLL6,aldjgkhsalad
B083Z4JG4M,aldjgkhsalad
B077Y86FDQ,aldjgkhsalad
B015Y5KXNE,aldjgkhsalad
B0BW96G213,aldjgkhsalad
B002HRENYI,aldjgkhsalad
B0799RXQBC,aldjgkhsalad
B06VYGFGR7,aldjgkhsalad
B00W8EXDF0,aldjgkhsalad
B00CLS8LLE,aldjgkhsalad
B0C2TCM2L2,aldjgkhsalad
B0C1P961BX,aldjgkhsalad
B08NVCRFGL,aldjgkhsalad
B07V3NY4K6,aldjgkhsalad
B08H576X1W,aldjgkhsalad
B003NAVLZC,aldjgkhsalad
B0006PJE9M,aldjgkhsalad
B09KRMH5H9,aldjgkhsalad
B09CPNSHKQ,aldjgkhsalad
B015IK5R7C,aldjgkhsalad
B077745RXX,aldjgkhsalad
B00LQZPDOG,aldjgkhsalad
B007YYVI1A,aldjgkhsalad
B007O5DY20,aldjgkhsalad
B000WIYN8K,aldjgkhsalad
B0B6WG6C6S,aldjgkhsalad
B07PQYS1ZL,aldjgkhsalad
B07P9TXQWZ,aldjgkhsalad
B07KBDQ7CT,aldjgkhsalad
B01N9XB5RA,aldjgkhsalad
B000LQGVKQ,aldjgkhsalad
B0CS2X159T,aldjgkhsalad
B0CP8L7XZ1,aldjgkhsalad
B09WQHNTBL,aldjgkhsalad
B09314BMKC,aldjgkhsalad
B08HHB3M8S,aldjgkhsalad
B009IUEC1G,aldjgkhsalad
B0CQNQG8Q8,aldjgkhsalad
B0CQ7KBW9K,aldjgkhsalad
B0BW3GYMTK,aldjgkhsalad
B08RDF39PP,aldjgkhsalad
B08P2MV9JZ,aldjgkhsalad
B00LCEWR4A,aldjgkhsalad
B00HNQ7T6W,aldjgkhsalad
B008MPO0SI,aldjgkhsalad
B085HH72WR,aldjgkhsalad
B001B1C8Q6,aldjgkhsalad
B0CW6DG6HB,aldjgkhsalad
B01MZXJI7L,aldjgkhsalad
B07842RDWV,aldjgkhsalad
B09HPDQT7X,aldjgkhsalad
B0128FBU4E,aldjgkhsalad
B099F1S8BX,aldjgkhsalad
B075D194VN,aldjgkhsalad
B08Z3NQQYN,aldjgkhsalad
B09DRJZXHD,aldjgkhsalad
B08RF22472,aldjgkhsalad
B000BK43IY,aldjgkhsalad
B08CZBPDRQ,aldjgkhsalad
B07M95R1HV,aldjgkhsalad
B07JM4YW4D,aldjgkhsalad
B07B4L59C5,aldjgkhsalad
B079HHQR9X,aldjgkhsalad
B01MFAX21F,aldjgkhsalad
B0142F6CMS,aldjgkhsalad
B00K915TUQ,aldjgkhsalad
B00K90HLS0,aldjgkhsalad
B0DHZS1LXC,aldjgkhsalad
B0CYKC2SN5,aldjgkhsalad
B0CXTPDZX7,aldjgkhsalad
B0BLKK47FT,aldjgkhsalad
B0BL2R5335,aldjgkhsalad
B0B982BW96,aldjgkhsalad
B08YQD12MP,aldjgkhsalad
B088WSC47R,aldjgkhsalad
B07NWZW91C,aldjgkhsalad
B01MRH05S2,aldjgkhsalad
B01AWYZBAC,aldjgkhsalad
B005IEHF4C,aldjgkhsalad
B003X5J3IO,aldjgkhsalad
B0D1RCXR5N,aldjgkhsalad
B0CTCPBNNN,aldjgkhsalad
B0CRYXNTJ5,aldjgkhsalad
B0CKMX7WYL,aldjgkhsalad
B0CJXMZ79G,aldjgkhsalad
B0CJB785QB,aldjgkhsalad
B0CF4WB44L,aldjgkhsalad
B0CC552HGZ,aldjgkhsalad
B0C9SG3CFK,aldjgkhsalad
B07K46FWKN,aldjgkhsalad
B08XM9QTNG,aldjgkhsalad
B0CN8NVQBQ,aldjgkhsalad
B07TP526XJ,aldjgkhsalad
B08N5F8J1J,aldjgkhsalad
B081R35BXY,aldjgkhsalad
B09B2JN41L,aldjgkhsalad
B082XJFQQ1,aldjgkhsalad
B0CN6TBTZJ,aldjgkhsalad
B005LD2E32,aldjgkhsalad
B07G4KQRPZ,aldjgkhsalad
B083S8HNPS,aldjgkhsalad
B077K3V8SX,aldjgkhsalad
B08RDB3342,aldjgkhsalad
B087C7LT2T,aldjgkhsalad
B019T9EPQM,aldjgkhsalad
B094YZG4F8,aldjgkhsalad
B0C2PNGJCC,aldjgkhsalad
B00AAHC28G,aldjgkhsalad
B0CXY7K2BD,aldjgkhsalad
B000NHTH0O,aldjgkhsalad
B074RXNDNY,aldjgkhsalad
B00O8ODHOA,aldjgkhsalad
B0CF61BYHZ,aldjgkhsalad
B07J43CWC3,aldjgkhsalad
B000QDZ0PG,aldjgkhsalad
B0CRDY5WNB,aldjgkhsalad
B0B8DDTNSW,aldjgkhsalad
B08ZJFFZXM,aldjgkhsalad
B087T8M57M,aldjgkhsalad
B09Y2H77DZ,aldjgkhsalad
B001ASMGNU,aldjgkhsalad
B097YFFRDG,aldjgkhsalad
B091YJD631,aldjgkhsalad
B08XNK65LW,aldjgkhsalad
B07Z6RNYDN,aldjgkhsalad
B07RJR2PZB,aldjgkhsalad
B07DHVLRVH,aldjgkhsalad
B072WHSRX6,aldjgkhsalad
B06XPM1TWD,aldjgkhsalad
B01N6L2VVQ,aldjgkhsalad
B01EL3NDA0,aldjgkhsalad
B00GM0ELAC,aldjgkhsalad
B004UB541U,aldjgkhsalad
B004FXIUSM,aldjgkhsalad
B000WURY1G,aldjgkhsalad
B000JQG1BM,aldjgkhsalad
B0C4G7PQVP,aldjgkhsalad
B0BYD4C8WR,aldjgkhsalad
B0BKZJT321,aldjgkhsalad
B0BFWKCKMW,aldjgkhsalad
B0BFJQ9SHT,aldjgkhsalad
B0BF9FN6JS,aldjgkhsalad
B0B4S1QCM8,aldjgkhsalad
B0B41MNM9H,aldjgkhsalad
B09ZC1VT74,aldjgkhsalad
B09S5GCVGV,aldjgkhsalad
B09RBGMVHH,aldjgkhsalad
B09PPJDZQL,aldjgkhsalad
B09J8H6YW5,aldjgkhsalad
B099FLSW63,aldjgkhsalad
B098PCG6MD,aldjgkhsalad
B000OCFF2W,aldjgkhsalad
B09NHS319M,aldjgkhsalad
B00L4OA452,aldjgkhsalad
B07KXPHM5L,aldjgkhsalad
B0BCGHNNG7,aldjgkhsalad
B07Z3VQP89,aldjgkhsalad
B0B2SKQRHG,aldjgkhsalad
B07G98MPHV,aldjgkhsalad
B0B76D7NVS,aldjgkhsalad
B081C3XNHK,aldjgkhsalad
B076QF4BXW,aldjgkhsalad
B07VFQNLSK,aldjgkhsalad
B0B983QCLK,aldjgkhsalad
B09VJ888B8,aldjgkhsalad
B0869M9M3R,aldjgkhsalad
B08M8Y3Q1R,aldjgkhsalad
B002S3ZSJU,aldjgkhsalad
B09QX929J2,aldjgkhsalad
B08BKMLBJZ,aldjgkhsalad
B07HT746LQ,aldjgkhsalad
B01FWLD54O,aldjgkhsalad
B00M08TI7Q,aldjgkhsalad
B007F0WNVW,aldjgkhsalad
B016LTQL7E,aldjgkhsalad
B001HY4EI2,aldjgkhsalad
B09GP58N2C,aldjgkhsalad
B002N6PAMM,aldjgkhsalad
B003SHGDKI,aldjgkhsalad
B08P3454YC,aldjgkhsalad
B0BG172MZW,aldjgkhsalad
B09M8BMT2T,aldjgkhsalad
B0CJ8W6JX5,aldjgkhsalad
B09K7RQXKY,aldjgkhsalad
B08FSKYKQP,aldjgkhsalad
B0BLC1TSW8,aldjgkhsalad
B09RZM9KJL,aldjgkhsalad
B0845RDF87,aldjgkhsalad
B00IKC68SI,aldjgkhsalad
B0CT31BVJV,aldjgkhsalad
B09TGC7JCC,aldjgkhsalad
B089W8YCR8,aldjgkhsalad
B00X04M6V4,aldjgkhsalad
B0CF9JMLV5,aldjgkhsalad
B07LFK96WY,aldjgkhsalad
B00GDJ25RS,aldjgkhsalad
B00CEEZ57S,aldjgkhsalad
B0CB15TFYT,aldjgkhsalad
B0D12GMK2D,aldjgkhsalad
B0CZ17L6PY,aldjgkhsalad
B0CM5NVSNB,aldjgkhsalad
B0BN82Y9M6,aldjgkhsalad
B0BHS7KL49,aldjgkhsalad
B07BR5Y62B,aldjgkhsalad
B073ZZN1PM,aldjgkhsalad
B01EHMC8J2,aldjgkhsalad
B0D3PQ6225,aldjgkhsalad
B0CH2M3LWG,aldjgkhsalad
B0C6PNLRXK,aldjgkhsalad
B0C244664H,aldjgkhsalad
B09V85LSHM,aldjgkhsalad
B09PK67HJP,aldjgkhsalad
B089CRSNN8,aldjgkhsalad
B086TTLT3T,aldjgkhsalad
B081PTGJBX,aldjgkhsalad
B07FSBH6XY,aldjgkhsalad
B07CHZC5BR,aldjgkhsalad
B00U1VJHBQ,aldjgkhsalad
B0D5CBDNS2,aldjgkhsalad
B0D2S3MDGC,aldjgkhsalad
B0CX91B961,aldjgkhsalad
B0CT7RN4HJ,aldjgkhsalad
B0CCJ6FFVJ,aldjgkhsalad
B0CB1WX412,aldjgkhsalad
B0C3G84Q5P,aldjgkhsalad
B0BW4YR49L,aldjgkhsalad
B0B6DPH6RF,aldjgkhsalad
B09YLPB6M8,aldjgkhsalad
B09Q8TVVNH,aldjgkhsalad
B09NB81LWT,aldjgkhsalad
B09L3LCJP5,aldjgkhsalad
B09JFHZBWF,aldjgkhsalad
B09542CNBL,aldjgkhsalad
B093SJXQT3,aldjgkhsalad
B093G6XFV2,aldjgkhsalad
B08WRFMJ62,aldjgkhsalad
B07S6K26VN,aldjgkhsalad
B07RKVY5V3,aldjgkhsalad
B07MWC84YH,aldjgkhsalad
B07KJTSHMC,aldjgkhsalad
B079B5JYNG,aldjgkhsalad
B0765XFZQ8,aldjgkhsalad
B071WL6LLV,aldjgkhsalad
B009XUNXCA,aldjgkhsalad
B00629UQ84,aldjgkhsalad
B004NG8ZW2,aldjgkhsalad
B00002N6JC,aldjgkhsalad
B0CTJ67H5D,aldjgkhsalad
B07951XZ5R,aldjgkhsalad
B09V6MBLVH,aldjgkhsalad
B0BGYC8C5L,aldjgkhsalad
B07PFYM5F7,aldjgkhsalad
B07R3XL3KV,aldjgkhsalad
B0BDGLJXGN,aldjgkhsalad
B07B3X12GD,aldjgkhsalad
B00004RA3F,aldjgkhsalad
B09Y2GHQX2,aldjgkhsalad
B08BQBF2VH,aldjgkhsalad
B08SYGM68Z,aldjgkhsalad
B09TT2PDNJ,aldjgkhsalad
B06XKKGSYJ,aldjgkhsalad
B08LSR7PYK,aldjgkhsalad
B07G4LR2X8,aldjgkhsalad
B0BXBMS4X8,aldjgkhsalad
B0CNNKP268,aldjgkhsalad
B0747RQGF5,aldjgkhsalad
B09JWYKRRY,aldjgkhsalad
B002OG2N08,aldjgkhsalad
B09SLZCVCG,aldjgkhsalad
B0047918ZG,aldjgkhsalad
B083P4HZPD,aldjgkhsalad
B00K864F0W,aldjgkhsalad
B07V2B3YKV,aldjgkhsalad
B085T917GC,aldjgkhsalad
B001K7IDVU,aldjgkhsalad
B07R3WRCHD,aldjgkhsalad
B07TB4QSCH,aldjgkhsalad
B0D7HYXWF3,aldjgkhsalad
B0DCZBY337,aldjgkhsalad
B09YM3LMX1,aldjgkhsalad
B0B5CXG6TP,aldjgkhsalad
B08KWQV6LB,aldjgkhsalad
B004VTGDZC,aldjgkhsalad
B0BLKHFTZ6,aldjgkhsalad
B0BCJNN8FL,aldjgkhsalad
B09FFPFY2M,aldjgkhsalad
B0BVQPRWNC,aldjgkhsalad
B0CBVJKBP7,aldjgkhsalad
B018EWRBNY,aldjgkhsalad
B0BFWP21MT,aldjgkhsalad
B0998ZYPGS,aldjgkhsalad
B099NHCFJ2,aldjgkhsalad
B000E60G18,aldjgkhsalad
B09C2RRXTR,aldjgkhsalad
B08GNX74XF,aldjgkhsalad
B00GP3KVLE,aldjgkhsalad
B078NDQVQK,aldjgkhsalad
B07P7M1NH8,aldjgkhsalad
B085ZFJPK5,aldjgkhsalad
B08NJNQ6GT,aldjgkhsalad
B0BX7RKFVM,aldjgkhsalad
B00DSMESW8,aldjgkhsalad
B00D7YU3K8,aldjgkhsalad
B0CNC5725K,aldjgkhsalad
B0CFHY8Q9Q,aldjgkhsalad
B07N6ZDL2F,aldjgkhsalad
B0160G2HZI,aldjgkhsalad
B0BP8GLKR4,aldjgkhsalad
B07WWJMQFW,aldjgkhsalad
B07F4KMN3G,aldjgkhsalad
B00JH8MZBI,aldjgkhsalad
B09WK6B2RS,aldjgkhsalad
B008L2VAJ4,aldjgkhsalad
B01B1WYAG0,aldjgkhsalad
B003A2U9JM,aldjgkhsalad
B00KGGIAK0,aldjgkhsalad
B0CH8PV6ZV,aldjgkhsalad
B0CYWSX4GZ,aldjgkhsalad
B07BPF1H9Q,aldjgkhsalad
B0CLYXZRW7,aldjgkhsalad
B08GQ4LJCR,aldjgkhsalad
B086DWWVHW,aldjgkhsalad
B081C2GHSP,aldjgkhsalad
B0CWQKQ35C,aldjgkhsalad
B011S6ZKTA,aldjgkhsalad
B0BXFN7CTM,aldjgkhsalad
B07JLXT6ZD,aldjgkhsalad
B0BN536RN1,aldjgkhsalad
B00MWE7Y60,aldjgkhsalad
B0CJP7HF29,aldjgkhsalad
B08G8JP7CS,aldjgkhsalad
B01NAQNOE1,aldjgkhsalad
B00BFJ3YMQ,aldjgkhsalad
B0D7C5YCWN,aldjgkhsalad
B089D3Y5DM,aldjgkhsalad
B07WVB1K97,aldjgkhsalad
B00JJ47GAK,aldjgkhsalad
B0B888N573,aldjgkhsalad
B08ZHQBCBK,aldjgkhsalad
B08468CRS9,aldjgkhsalad
B07957SJWJ,aldjgkhsalad
B075SYBQMD,aldjgkhsalad
B01N6MYOHS,aldjgkhsalad
B00768A3TW,aldjgkhsalad
B0CD7LG4QG,aldjgkhsalad
B09XVL6TGK,aldjgkhsalad
B09FJGBVKG,aldjgkhsalad
B0087QDFBA,aldjgkhsalad
B003NAXRTK,aldjgkhsalad
B0CWRX15J1,aldjgkhsalad
B0C8HGVXZS,aldjgkhsalad
B0C66KFKLC,aldjgkhsalad
B0BTTJPL2G,aldjgkhsalad
B0BJPKCKG4,aldjgkhsalad
B09YCYRS9D,aldjgkhsalad
B09MYXH35C,aldjgkhsalad
B08T3LZ47F,aldjgkhsalad
B08G1NQTYS,aldjgkhsalad
B07MDC5LMX,aldjgkhsalad
B0D9LJFXX7,aldjgkhsalad
B0D98XC7CB,aldjgkhsalad
B0D6YK2WPN,aldjgkhsalad
B0D2XH9HP3,aldjgkhsalad
B0CZ411MQ5,aldjgkhsalad
B0CYBR5DQG,aldjgkhsalad
B0CX912BN7,aldjgkhsalad
B0CRD4RZSM,aldjgkhsalad
B0CJ57G7BS,aldjgkhsalad
B0C64Y53Y9,aldjgkhsalad
B0C28D557F,aldjgkhsalad
B0BZS1H1Y5,aldjgkhsalad
B0BY8Q714L,aldjgkhsalad
B0BNK8XS4Q,aldjgkhsalad
B0BF5T89Y5,aldjgkhsalad
B09QT9JCXT,aldjgkhsalad
B00F77RE6E,aldjgkhsalad
B00D2O6AT6,aldjgkhsalad
B004C04KK0,aldjgkhsalad
B002YOJRX6,aldjgkhsalad
B002Q0WSMK,aldjgkhsalad
B000ZJOD5Y,aldjgkhsalad
B000WURXR6,aldjgkhsalad
B000BVQ9GM,aldjgkhsalad
B09QKP1N2C,aldjgkhsalad
B09MYC5WFW,aldjgkhsalad
B09KR9V2LL,aldjgkhsalad
B09K4DNTD2,aldjgkhsalad
B09B1CMQW5,aldjgkhsalad
B098RLL168,aldjgkhsalad
B097ZP1NTK,aldjgkhsalad
B08MDNLX4J,aldjgkhsalad
B08JSKNHT2,aldjgkhsalad
B08FZT24BG,aldjgkhsalad
B07JP6FNMZ,aldjgkhsalad
B074ZLQHSP,aldjgkhsalad
B074NFYKBM,aldjgkhsalad
B01N4MRGOX,aldjgkhsalad
B00NUDAX38,aldjgkhsalad
B08MZKF3SJ,aldjgkhsalad
B07V7ZSF7X,aldjgkhsalad
B0CSFW4W64,aldjgkhsalad
B0082JX4ZY,aldjgkhsalad
1589944968,aldjgkhsalad
B00KFQ3M1S,aldjgkhsalad
B07ZF43L1S,aldjgkhsalad
B08XC9DJWT,aldjgkhsalad
B07MG8BKPS,aldjgkhsalad
B00VS3TRO8,aldjgkhsalad
B008FOIUYQ,aldjgkhsalad
B0BKL5C9NJ,aldjgkhsalad
B0055E179O,aldjgkhsalad
B07TGKVFL8,aldjgkhsalad
B01D0FNAWQ,aldjgkhsalad
B0B4G4YFR9,aldjgkhsalad
B09RN22HDQ,aldjgkhsalad
B018J3OH26,aldjgkhsalad
B08XZ5DQPY,aldjgkhsalad
B081QFX1F1,aldjgkhsalad
B07N315QKS,aldjgkhsalad
B08P55MV5S,aldjgkhsalad
B09FHHYMVM,aldjgkhsalad
B0828KV9N8,aldjgkhsalad
B0CQY86T6L,aldjgkhsalad
B0B3MHVHYV,aldjgkhsalad
B00PJWCR9Q,aldjgkhsalad
B0D451TBM8,aldjgkhsalad
B07MFSHX9V,aldjgkhsalad
B0CJ9GDZ6D,aldjgkhsalad
B00BQO1MQA,aldjgkhsalad
B0BCR5MQ8S,aldjgkhsalad
B07W86CFX6,aldjgkhsalad
B0B6GMZFPX,aldjgkhsalad
B00BUTGJ00,aldjgkhsalad
B08T5SCQ8K,aldjgkhsalad
B00NHDTJMM,aldjgkhsalad
B07NLLL15M,aldjgkhsalad
B0BQQP75HK,aldjgkhsalad
B07F8Z4SHG,aldjgkhsalad
B0C4C7YMXB,aldjgkhsalad
B0762BJKF2,aldjgkhsalad
B07NP6JP5P,aldjgkhsalad
B000IZCETW,aldjgkhsalad
B08YJ221D6,aldjgkhsalad
B0BZ56LQM1,aldjgkhsalad
B01CJRH19Y,aldjgkhsalad
B00LU09HO4,aldjgkhsalad
B0CPVJ11CR,aldjgkhsalad
B08LSWQFZB,aldjgkhsalad
B08B13DPYY,aldjgkhsalad
B082YK4GX2,aldjgkhsalad
B07MJ6WHP8,aldjgkhsalad
B01D2445EC,aldjgkhsalad
B09X1WJSWJ,aldjgkhsalad
B07M63HH4B,aldjgkhsalad
B07H7VPGXX,aldjgkhsalad
B0BXSDH6CQ,aldjgkhsalad
B09FC17SZ9,aldjgkhsalad
B09CTM6SNS,aldjgkhsalad
B08QVNX1B3,aldjgkhsalad
B07Q9LWQ35,aldjgkhsalad
B01F9A8ULG,aldjgkhsalad
B08GQZN8DJ,aldjgkhsalad
B08BRK51NJ,aldjgkhsalad
B07YCTQWJ4,aldjgkhsalad
B07KXCNS54,aldjgkhsalad
B06ZYTN2SQ,aldjgkhsalad
B0CBTFY89F,aldjgkhsalad
B09WKCK2Q8,aldjgkhsalad
B09WDCPQVS,aldjgkhsalad
B07WVS5RBX,aldjgkhsalad
B07KS5VBNF,aldjgkhsalad
B071W7DSZS,aldjgkhsalad
B003U32XGS,aldjgkhsalad
B0B9HSWPSR,aldjgkhsalad
B07ZW9QP69,aldjgkhsalad
B07W5DPJYC,aldjgkhsalad
B07R3D5ZVB,aldjgkhsalad
B0060BC57Y,aldjgkhsalad
B003SO9QZA,aldjgkhsalad
B07KJ8G6LY,aldjgkhsalad
B00FLCKOZI,aldjgkhsalad
B08GPWW5NW,aldjgkhsalad
B07JNRPV6J,aldjgkhsalad
B018BI1NXK,aldjgkhsalad
B09KX36DV4,aldjgkhsalad
B08RBQJ61H,aldjgkhsalad
B08HSLRNLH,aldjgkhsalad
B00VKVFIK0,aldjgkhsalad
B09DCV81CK,aldjgkhsalad
B0868W5YF8,aldjgkhsalad
B08DTNHHFS,aldjgkhsalad
B01K50C5UM,aldjgkhsalad
B0BFT2D2RK,aldjgkhsalad
B008EUVRIM,aldjgkhsalad
B0D2HK33M5,aldjgkhsalad
B0CFQF22MQ,aldjgkhsalad
B0C9T9PB9H,aldjgkhsalad
B0C7S7NPMX,aldjgkhsalad
B0BCJ4WM6F,aldjgkhsalad
B08YP8SP6G,aldjgkhsalad
B08NDK83NM,aldjgkhsalad
B08DYCGL2Y,aldjgkhsalad
B0D8SGVBB7,aldjgkhsalad
B0CNWLD1ZT,aldjgkhsalad
B0CB7HZ4SZ,aldjgkhsalad
B0C377F6GR,aldjgkhsalad
B0B4VKFRKM,aldjgkhsalad
B09YD3LVSK,aldjgkhsalad
B07RLG3B8D,aldjgkhsalad
B07888LX1R,aldjgkhsalad
B005SUYCP6,aldjgkhsalad
B0D2616Z6S,aldjgkhsalad
B0D1FMSZG9,aldjgkhsalad
B0CTCGJHSP,aldjgkhsalad
B0CP7MNZ27,aldjgkhsalad
B0CD7Y4K6Z,aldjgkhsalad
B0CBBL312G,aldjgkhsalad
B0C9K1Q57K,aldjgkhsalad
B0C42YMLLT,aldjgkhsalad
B0BYCHCBXJ,aldjgkhsalad
B0BSG4KCCL,aldjgkhsalad
B0BJDCQHC2,aldjgkhsalad
B0B42XB61L,aldjgkhsalad
B0B2HZCXZ8,aldjgkhsalad
B09W5V2137,aldjgkhsalad
B00VKAO8P2,aldjgkhsalad
B00TO69VRE,aldjgkhsalad
B00NI5TDA2,aldjgkhsalad
B008BU67DK,aldjgkhsalad
B000WUTW3E,aldjgkhsalad
B09NPTBBGK,aldjgkhsalad
B09LQNJNPS,aldjgkhsalad
B09HL9FP26,aldjgkhsalad
B09D3RL5LP,aldjgkhsalad
B097R2PKCC,aldjgkhsalad
B094ZLTT19,aldjgkhsalad
B08SW2ZN1C,aldjgkhsalad
B08QPS6LFZ,aldjgkhsalad
B08PTGVVN5,aldjgkhsalad
B08G536JTN,aldjgkhsalad
B07WHL1NRS,aldjgkhsalad
B07SFCM45V,aldjgkhsalad
B01N7OT6Q4,aldjgkhsalad
B01E977K48,aldjgkhsalad
B01CUDL3QY,aldjgkhsalad
B00WDRM3VC,aldjgkhsalad
B0875LV9QX,aldjgkhsalad
B09VR7G4GV,aldjgkhsalad
B0B2QVHM88,aldjgkhsalad
B0CDPHLDJM,aldjgkhsalad
B096LCPK8K,aldjgkhsalad
B0BLHD478T,aldjgkhsalad
B0813XXC7X,aldjgkhsalad
B08CSBP117,aldjgkhsalad
B085W8BT9L,aldjgkhsalad
B08ZDVZ8WR,aldjgkhsalad
B00G4ER7BG,aldjgkhsalad
B0BVM7FHBF,aldjgkhsalad
B000O78KY2,aldjgkhsalad
B09LHKM322,aldjgkhsalad
B0D63Q8CRY,aldjgkhsalad
B000C9RN2C,aldjgkhsalad
B07GDCPKJY,aldjgkhsalad
B011KYOBYA,aldjgkhsalad
B0BVH95FGK,aldjgkhsalad
B0BMKP7YYV,aldjgkhsalad
B071VK5YZY,aldjgkhsalad
B00D1WYZ1Y,aldjgkhsalad
B0CBMN7JNZ,aldjgkhsalad
B00832SZZ4,aldjgkhsalad
B004TA7B04,aldjgkhsalad
B09TZZLPW4,aldjgkhsalad
B0C3M8R1M9,aldjgkhsalad
B013FA39VI,aldjgkhsalad
B0763ZK56Q,aldjgkhsalad
B09YRK2WBW,aldjgkhsalad
B079ZP7TBG,aldjgkhsalad
B076FBG39N,aldjgkhsalad
B00DVRODCU,aldjgkhsalad
B007PRZ722,aldjgkhsalad
B0CC8S49LM,aldjgkhsalad
B00H4HWTEC,aldjgkhsalad
B091DV7WRQ,aldjgkhsalad
B0839H7SSD,aldjgkhsalad
B01FT3FY0I,aldjgkhsalad
B0CHK39BV6,aldjgkhsalad
B06VSQ9FXS,aldjgkhsalad
B08ST8QH1C,aldjgkhsalad
B06Y4TTPJY,aldjgkhsalad
B096CCDL5Q,aldjgkhsalad
B0CFPTQTKK,aldjgkhsalad
B01DV8J23I,aldjgkhsalad
B08VMP85CJ,aldjgkhsalad
B08Z7KN3D2,aldjgkhsalad
B08YBTFYVX,aldjgkhsalad
B00RPAE8J2,aldjgkhsalad
B07NPRBQBM,aldjgkhsalad
B0BCJRX9J4,aldjgkhsalad
B0BRL8FNBT,aldjgkhsalad
B0BR89MBBH,aldjgkhsalad
B0CJVN78D2,aldjgkhsalad
B0C4XGZ799,aldjgkhsalad
B003D19U0O,aldjgkhsalad
B0B68D79GQ,aldjgkhsalad
B085PWW2QN,aldjgkhsalad
B07K6SLX6W,aldjgkhsalad
B09SWQHS25,aldjgkhsalad
B07V23YRR9,aldjgkhsalad
B0D5R8QPYD,aldjgkhsalad
B094MTLFFJ,aldjgkhsalad
B003V4QUDI,aldjgkhsalad
B09LQNMV2M,aldjgkhsalad
B0039NN9JO,aldjgkhsalad
B0099QQTWY,aldjgkhsalad
B00CTS7AAE,aldjgkhsalad
B0011RP5S8,aldjgkhsalad
B00KSANBTY,aldjgkhsalad
B08THH4FK9,aldjgkhsalad
B0CBBLM7KV,aldjgkhsalad
B0875STZPL,aldjgkhsalad
B0C6YCRCQR,aldjgkhsalad
B07Y81714G,aldjgkhsalad
B0C3739F4R,aldjgkhsalad
B07WCM9B9H,aldjgkhsalad
B0C1G8JSTC,aldjgkhsalad
B000A7DAPA,aldjgkhsalad
B0BFD797MT,aldjgkhsalad
B09GDT4LLX,aldjgkhsalad
B0B9JVSK3P,aldjgkhsalad
B074GYFPL4,aldjgkhsalad
B0B8X6CNKY,aldjgkhsalad
B08X3QX62Z,aldjgkhsalad
B0B5X3LJKV,aldjgkhsalad
B0CJ5QVGST,aldjgkhsalad
B095C3Q8V2,aldjgkhsalad
B0CGD66RC1,aldjgkhsalad
B095BZFLDN,aldjgkhsalad
B09QKQTY4M,aldjgkhsalad
B07VFCJZ72,aldjgkhsalad
B085DR7RVJ,aldjgkhsalad
B07V7TFJVV,aldjgkhsalad
B09198NHMN,aldjgkhsalad
B07NW8T56Y,aldjgkhsalad
B0CCXBPCKG,aldjgkhsalad
B07KXV124Q,aldjgkhsalad
B09G2YGF3D,aldjgkhsalad
B07H8ZTTSG,aldjgkhsalad
B0048923JU,aldjgkhsalad
B07D1MYZ2Q,aldjgkhsalad
B08QHZN4L5,aldjgkhsalad
B07BBT47BB,aldjgkhsalad
B09RF468NN,aldjgkhsalad
B01GVLKUGA,aldjgkhsalad
B0CC855655,aldjgkhsalad
B0BJV1GCR6,aldjgkhsalad
B09PRPPQRX,aldjgkhsalad
B08TCH9F2T,aldjgkhsalad
B08WYT8CLD,aldjgkhsalad
B0CJ4Q62Y1,aldjgkhsalad
B0BZHMVKGX,aldjgkhsalad
B077D4VNN9,aldjgkhsalad
B09LQ78QVY,aldjgkhsalad
B095T19C5P,aldjgkhsalad
B08QYVXQ7Y,aldjgkhsalad
B088LYQKY3,aldjgkhsalad
B00211XJUY,aldjgkhsalad
B07MYXHH8W,aldjgkhsalad
B09HX5CZN2,aldjgkhsalad
B0CJ2PR1XF,aldjgkhsalad
B085RK367N,aldjgkhsalad
B08P5P6VDJ,aldjgkhsalad
B076Z9MPPX,aldjgkhsalad
B0013JYDF0,aldjgkhsalad
B00WMTRXTI,aldjgkhsalad
B0CJNGZWDH,aldjgkhsalad
B09M3KD7V5,aldjgkhsalad
B07KRC2LK3,aldjgkhsalad
B01I5MVH3S,aldjgkhsalad
B0C8D5TKCD,aldjgkhsalad
B0CD7RQ7M2,aldjgkhsalad
B085B1P649,aldjgkhsalad
B00FVEE48E,aldjgkhsalad
B0CDKRYDGC,aldjgkhsalad
B08KVSNNRG,aldjgkhsalad
B003KH8SUE,aldjgkhsalad
B08GS8K7JZ,aldjgkhsalad
B0C4TKJZRQ,aldjgkhsalad
B0BL79HLV6,aldjgkhsalad
B08B5T3C4Q,aldjgkhsalad
B017WN6EJ8,aldjgkhsalad
B09F3FDX5T,aldjgkhsalad
B08TLK3N7P,aldjgkhsalad
B09BTJVFC6,aldjgkhsalad
B08QGYBV26,aldjgkhsalad
B08YZ378FD,aldjgkhsalad
B07GFJ9TT8,aldjgkhsalad
B0CLV7K4XX,aldjgkhsalad
B0829LKJ4X,aldjgkhsalad
B01N9NVNEK,aldjgkhsalad
B0BVBSD8KC,aldjgkhsalad
B09PG8B17M,aldjgkhsalad
B08G155KMT,aldjgkhsalad
B08BHNWTQB,aldjgkhsalad
B07H821N1B,aldjgkhsalad
B00XA30CT8,aldjgkhsalad
B0B2W6DV75,aldjgkhsalad
B08X19CFNX,aldjgkhsalad
B08N59GPWQ,aldjgkhsalad
B08JYDXB7X,aldjgkhsalad
B08FXPSLW2,aldjgkhsalad
B087LB6P1R,aldjgkhsalad
B07JMZH2ZZ,aldjgkhsalad
B07DX4PL1M,aldjgkhsalad
B00DBSAYFY,aldjgkhsalad
B005H9144K,aldjgkhsalad
B005C09Y7I,aldjgkhsalad
B002ORQMY0,aldjgkhsalad
B000CRFJNE,aldjgkhsalad
B0D7ZWPPHG,aldjgkhsalad
B0CGF7M289,aldjgkhsalad
B0C5M667KF,aldjgkhsalad
B0BY3GV1WL,aldjgkhsalad
B0BK566SYM,aldjgkhsalad
B0B75N7RD5,aldjgkhsalad
B0B6GQFH36,aldjgkhsalad
B09SP9SQDH,aldjgkhsalad
B09DC9DKHW,aldjgkhsalad
B08BWSZPHF,aldjgkhsalad
B085FYXXHG,aldjgkhsalad
B07W14RLQV,aldjgkhsalad
B073ZM8TQ9,aldjgkhsalad
B0DL61NDHJ,aldjgkhsalad
B0D78N8ZS2,aldjgkhsalad
B0D6WDJHLD,aldjgkhsalad
B0CZ8CG96L,aldjgkhsalad
B0CR1PNMRX,aldjgkhsalad
B0CMHZNZGZ,aldjgkhsalad
B0CKYLJ6G3,aldjgkhsalad
B09WVGK9D9,aldjgkhsalad
B09671NRBK,aldjgkhsalad
B085HKP4G5,aldjgkhsalad
B09YMNZKJM,aldjgkhsalad
B093W3D77R,aldjgkhsalad
B07Y5VLPNW,aldjgkhsalad
B07CHC1XRX,aldjgkhsalad
B00UVNXJEU,aldjgkhsalad
B00JV19TDI,aldjgkhsalad
B0CFYGD9X8,aldjgkhsalad
B0CBXSFBBC,aldjgkhsalad
B0C5XFB2G3,aldjgkhsalad
B0BRSP9WHT,aldjgkhsalad
B0B4MMMMYY,aldjgkhsalad
B097TTHD48,aldjgkhsalad
B091P3ZFY6,aldjgkhsalad
B0CKN92SK4,aldjgkhsalad
B0CG623Z1L,aldjgkhsalad
B0CF8GVQTZ,aldjgkhsalad
B0CDL8TXZZ,aldjgkhsalad
B0CCXTZ3XX,aldjgkhsalad
B0C7HLYL6N,aldjgkhsalad
B0C3QDQRLM,aldjgkhsalad
B0BV6L6CWB,aldjgkhsalad
B0BTHVLVVS,aldjgkhsalad
B0BS8SX4SP,aldjgkhsalad
B0BPX3CW2G,aldjgkhsalad
B0BPBRLTSL,aldjgkhsalad
B0BGSQVGJH,aldjgkhsalad
B0B9T4PDXN,aldjgkhsalad
B0B84K894C,aldjgkhsalad
B0B66FBRH2,aldjgkhsalad
B0BMQSTKH4,aldjgkhsalad
B07WZJWGBZ,aldjgkhsalad
B0DCV4LYR2,aldjgkhsalad
B097TG5J6P,aldjgkhsalad
B017F093VO,aldjgkhsalad
B0C1P78TK2,aldjgkhsalad
B0BVWPCSKP,aldjgkhsalad
B08GCB4LNV,aldjgkhsalad
B07PGZH1CD,aldjgkhsalad
B00IS7B0XI,aldjgkhsalad
B09DL5WT67,aldjgkhsalad
B01B578648,aldjgkhsalad
B014THN4OI,aldjgkhsalad
B0BYCKQHRP,aldjgkhsalad
B088395BPB,aldjgkhsalad
B08JGX56SL,aldjgkhsalad
B07V6W132G,aldjgkhsalad
B07Q6XDB5T,aldjgkhsalad
B08KJH2NN4,aldjgkhsalad
B07QBDDT6Q,aldjgkhsalad
B07NXXFRZN,aldjgkhsalad
B00829RHE8,aldjgkhsalad
B07RS21T1N,aldjgkhsalad
B084N57RML,aldjgkhsalad
B0BXTHN437,aldjgkhsalad
B01726HE94,aldjgkhsalad
B088SJB2SY,aldjgkhsalad
B08RMRD1B5,aldjgkhsalad
B00E4MRHSI,aldjgkhsalad
B07GSJH78N,aldjgkhsalad
B08Z79T1PQ,aldjgkhsalad
B0CWY7HB3M,aldjgkhsalad
B0B5Y9FM29,aldjgkhsalad
B0B516HD1D,aldjgkhsalad
B09X9BJ79X,aldjgkhsalad
B09R97LRZ3,aldjgkhsalad
B09N9YHQJM,aldjgkhsalad
B09LHNCNY3,aldjgkhsalad
B08C9GLBWK,aldjgkhsalad
B0888SB8KK,aldjgkhsalad
B07WCKNQCR,aldjgkhsalad
B07S6N1QB5,aldjgkhsalad
B00JXIG158,aldjgkhsalad
B002Z86O5U,aldjgkhsalad
B088NDD45V,aldjgkhsalad
B07YLL38RF,aldjgkhsalad
B07SY9PCZ5,aldjgkhsalad
B07VQ75QJ6,aldjgkhsalad
B004QAARX0,aldjgkhsalad
B082XJYTHB,aldjgkhsalad
B08JGGV86B,aldjgkhsalad
B00FP19LAE,aldjgkhsalad
B0C281N8DB,aldjgkhsalad
B0BFDLR1YP,aldjgkhsalad
B089LHQN5W,aldjgkhsalad
B01CIMC8JI,aldjgkhsalad
B07F75K1WR,aldjgkhsalad
B083C2DY35,aldjgkhsalad
B01M33AQQO,aldjgkhsalad
B09Y2WVJ59,aldjgkhsalad
B07TBGT6D3,aldjgkhsalad
B07QF1LRBP,aldjgkhsalad
B0B58298ZR,aldjgkhsalad
B07QRYZ45Y,aldjgkhsalad
B098768LT2,aldjgkhsalad
B07QFSVWS8,aldjgkhsalad
B0BW892LW3,aldjgkhsalad
B08PD4PJGD,aldjgkhsalad
B0C7N41MQR,aldjgkhsalad
B016QHMSUA,aldjgkhsalad
B000H226N0,aldjgkhsalad
B0B4151LWK,aldjgkhsalad
B0D12J9SMJ,aldjgkhsalad
B0CJLLRFHY,aldjgkhsalad
B0CLGWVLB2,aldjgkhsalad
B089XGX9MT,aldjgkhsalad
B0BB7GJ58Z,aldjgkhsalad
B0872D1T3Z,aldjgkhsalad
B01DVPW512,aldjgkhsalad
B0CJLKVP15,aldjgkhsalad
B0912GB1DM,aldjgkhsalad
B08PWZ1Y2Z,aldjgkhsalad
B08LMJ5333,aldjgkhsalad
B08HLDT8TC,aldjgkhsalad
B081C9JV3W,aldjgkhsalad
B07J5TMNM1,aldjgkhsalad
B003YOCLO2,aldjgkhsalad
B000BKD38A,aldjgkhsalad
B0CB1MTD4S,aldjgkhsalad
B0BZJQP8VJ,aldjgkhsalad
B0BTH5JJJT,aldjgkhsalad
B0BGBXS4CJ,aldjgkhsalad
B0BY6S5Z9X,aldjgkhsalad
B09QZLWS71,aldjgkhsalad
B08Y988LYP,aldjgkhsalad
B085G9J8B6,aldjgkhsalad
B083DY5JBS,aldjgkhsalad
B07YDJBGDN,aldjgkhsalad
B07LGVN6ZJ,aldjgkhsalad
B07H2CTQ8D,aldjgkhsalad
B0C6W5XMLY,aldjgkhsalad
B0C4FQFGPM,aldjgkhsalad
B0C2JY5H31,aldjgkhsalad
B08W2NW81L,aldjgkhsalad
B08K8RZ5G5,aldjgkhsalad
B087CKRP8C,aldjgkhsalad
B0822KXPF4,aldjgkhsalad
B07KS221PM,aldjgkhsalad
B07G8F1R26,aldjgkhsalad
B072VWSND1,aldjgkhsalad
B0714LM6WY,aldjgkhsalad
B00U1T0AP0,aldjgkhsalad
B008Q0EF1Q,aldjgkhsalad
B0CLD818L9,aldjgkhsalad
B0B8NVST81,aldjgkhsalad
B09CNRF2PV,aldjgkhsalad
B08Z7XQG9M,aldjgkhsalad
B08YYFM4MY,aldjgkhsalad
B08PTVLT8M,aldjgkhsalad
B08NCBRJ4W,aldjgkhsalad
B08G4WBQ1C,aldjgkhsalad
B089WLNW4L,aldjgkhsalad
B088C4VTFB,aldjgkhsalad
B086TV77LC,aldjgkhsalad
B0BNNPRL22,aldjgkhsalad
B07MKPK8JD,aldjgkhsalad
B01KGRHC0C,aldjgkhsalad
B0CQ7HQG85,aldjgkhsalad
B0BN57XFD8,aldjgkhsalad
B0CJJYSRXZ,aldjgkhsalad
B0BN3NPQ5R,aldjgkhsalad
B0CGDVJP56,aldjgkhsalad
B097MNW1VG,aldjgkhsalad
B0CCY4WH9T,aldjgkhsalad
B07GL3479V,aldjgkhsalad
B0BL7YMBG6,aldjgkhsalad
B08FB1T4T3,aldjgkhsalad
B091DJRZCX,aldjgkhsalad
B08SHKGF25,aldjgkhsalad
B089R2ST91,aldjgkhsalad
B0CH33HP2M,aldjgkhsalad
B0CCRGJ894,aldjgkhsalad
B0CBQVD3LX,aldjgkhsalad
B0C9CP7J2M,aldjgkhsalad
B0C85QVBS4,aldjgkhsalad
B0C74NX3KK,aldjgkhsalad
B0BZHMN5DP,aldjgkhsalad
B0BYNKCXJX,aldjgkhsalad
B0BV17GTDD,aldjgkhsalad
B0BP88GKFB,aldjgkhsalad
B0BMLN28YS,aldjgkhsalad
B0BHZNDHHM,aldjgkhsalad
B0BF9R7PW8,aldjgkhsalad
B0B49SHH55,aldjgkhsalad
B0B2KMKNFC,aldjgkhsalad
B09YSV6MPH,aldjgkhsalad
B0BJ2PTV49,aldjgkhsalad
B0B511LHFB,aldjgkhsalad
B08TZTB1Z5,aldjgkhsalad
B088SKJPD8,aldjgkhsalad
B08B4DNB5T,aldjgkhsalad
B07S2SPQ27,aldjgkhsalad
B000BT0M9Y,aldjgkhsalad
B07L5N2DLM,aldjgkhsalad
B002IZDMFA,aldjgkhsalad
B00W3V4B72,aldjgkhsalad
B0D5H72GK8,aldjgkhsalad
B0BXSNW2LT,aldjgkhsalad
B0B1MH3LTF,aldjgkhsalad
B0B4RMYCDV,aldjgkhsalad
B014I1VAGY,aldjgkhsalad
B09KXLSKZK,aldjgkhsalad
B07YVJWZMJ,aldjgkhsalad
B07TXNJGJK,aldjgkhsalad
B07SN23FWG,aldjgkhsalad
B07QLCLJ2Q,aldjgkhsalad
B07GMVJV7X,aldjgkhsalad
B076QXG11J,aldjgkhsalad
B00ET5W14A,aldjgkhsalad
B0010CGJZM,aldjgkhsalad
B0D2SY2XJK,aldjgkhsalad
B0CRYR7NBQ,aldjgkhsalad
B0CQTCHRNC,aldjgkhsalad
B0CPLWH334,aldjgkhsalad
B0CNR9L7CC,aldjgkhsalad
B0CNG8JY6Y,aldjgkhsalad
B0CMC9M42M,aldjgkhsalad
B0CHLHG1PC,aldjgkhsalad
B09XZTSCG3,aldjgkhsalad
B09TS3PR9W,aldjgkhsalad
B09NVQSKBG,aldjgkhsalad
B093GR21FP,aldjgkhsalad
B08X4CPXMY,aldjgkhsalad
B08X39FXHD,aldjgkhsalad
B08TMDMXLS,aldjgkhsalad
B08ML14363,aldjgkhsalad
B08HWVL4SV,aldjgkhsalad
B086CCZNKQ,aldjgkhsalad
B07TJ3P734,aldjgkhsalad
B07KH1RC91,aldjgkhsalad
B077G214BW,aldjgkhsalad
B076BZ3W7T,aldjgkhsalad
B07637DCDC,aldjgkhsalad
B07489YNKN,aldjgkhsalad
B08NXGHPZB,aldjgkhsalad
B08NWY28XH,aldjgkhsalad
B08LKJHR3D,aldjgkhsalad
B08G1GGRPQ,aldjgkhsalad
B073TV97H7,aldjgkhsalad
B085GKDV3J,aldjgkhsalad
B07BLSK6J9,aldjgkhsalad
B07B7PMDSC,aldjgkhsalad
B075NS4TSJ,aldjgkhsalad
B085VHZZW6,aldjgkhsalad
B00S70LL9Y,aldjgkhsalad
B001A5F7LQ,aldjgkhsalad
B0D8J57L83,aldjgkhsalad
B0D7BSTMW6,aldjgkhsalad
B0CR5JC7J8,aldjgkhsalad
B0CNX1J9FP,aldjgkhsalad
B071WD52WG,aldjgkhsalad
B01N53ARBX,aldjgkhsalad
B00T3438CQ,aldjgkhsalad
B00DE2T9XK,aldjgkhsalad
B0051U0FN6,aldjgkhsalad
B004NQ9K6C,aldjgkhsalad
B005FYN7OM,aldjgkhsalad
B088T9MGFF,aldjgkhsalad
B07DNGJSG9,aldjgkhsalad
B08B8Y6PB1,aldjgkhsalad
B0876Y5QFL,aldjgkhsalad
B0B3PZSVX9,aldjgkhsalad
B003G5A60A,aldjgkhsalad
B07LGMYM55,aldjgkhsalad
B08RTFPH2J,aldjgkhsalad
B097HT29XB,aldjgkhsalad
B07GSHCLNG,aldjgkhsalad
B09ST46FSL,aldjgkhsalad
B007ZN4H5O,aldjgkhsalad
B015DTARQ4,aldjgkhsalad
B01LSHRXI0,aldjgkhsalad
B09877KDS9,aldjgkhsalad
B0CC8RYBRJ,aldjgkhsalad
B008B8XFBY,aldjgkhsalad
B00X4WQMAS,aldjgkhsalad
B07T1D9J9J,aldjgkhsalad
B00BISHVAA,aldjgkhsalad
B0BFBBH1D2,aldjgkhsalad
B09Q8W7VXD,aldjgkhsalad
B08GP7NNTM,aldjgkhsalad
B096XKKSV3,aldjgkhsalad
B01E5G8CHC,aldjgkhsalad
B0CZ419VVJ,aldjgkhsalad
B09RCFH12Y,aldjgkhsalad
B074QCG8JF,aldjgkhsalad
B074PK5R48,aldjgkhsalad
B07PWLWZ7J,aldjgkhsalad
B005P4N2YM,aldjgkhsalad
B009L8QDMQ,aldjgkhsalad
B09RX2MZX5,aldjgkhsalad
B0BCP65RF8,aldjgkhsalad
B0CFTPHXSZ,aldjgkhsalad
B0BCJR5YNM,aldjgkhsalad
B08GYLB55H,aldjgkhsalad
B08QYJ4T3M,aldjgkhsalad
B007KAYW9I,aldjgkhsalad
B08HGP5S7G,aldjgkhsalad
B0BKQ9RFGH,aldjgkhsalad
B07LCWL4S8,aldjgkhsalad
B0845TBCML,aldjgkhsalad
B07JFBYVQ3,aldjgkhsalad
B005AXXMLG,aldjgkhsalad
B07HWS719Q,aldjgkhsalad
B087D8GYJR,aldjgkhsalad
B07V44B5SH,aldjgkhsalad
B0CCW68R81,aldjgkhsalad
B07JN23RTH,aldjgkhsalad
B0BDFSHPHJ,aldjgkhsalad
B0722XS7GH,aldjgkhsalad
B089S2D3RM,aldjgkhsalad
B07HC87TFC,aldjgkhsalad
B0078A0BM2,aldjgkhsalad
B0046F2EYU,aldjgkhsalad
B084T56BF8,aldjgkhsalad
B0751SPZTQ,aldjgkhsalad
B086W2S5LV,aldjgkhsalad
B077CJS2QJ,aldjgkhsalad
B097Y1P9QY,aldjgkhsalad
B08NVPTBQM,aldjgkhsalad
B07997QV4Z,aldjgkhsalad
B0CKN6L8PN,aldjgkhsalad
B0CB8JTWP9,aldjgkhsalad
B0CHLXZ8QN,aldjgkhsalad
B08LF2L2K7,aldjgkhsalad
B0CF9VVDWD,aldjgkhsalad
B0CL98HDH1,aldjgkhsalad
B0C6YG43N1,aldjgkhsalad
B0D6B92BR2,aldjgkhsalad
B0BWLZGVYS,aldjgkhsalad
B09JS8C44S,aldjgkhsalad
B0BT45TPCR,aldjgkhsalad
B009A7L256,aldjgkhsalad
B0BD99ZRJQ,aldjgkhsalad
B08HYS8C7G,aldjgkhsalad
B0B8785LT4,aldjgkhsalad
B0CYLNXR9T,aldjgkhsalad
B09SWKP1LF,aldjgkhsalad
B085B1ZLG3,aldjgkhsalad
B09KNWK46D,aldjgkhsalad
B099ZVBDTP,aldjgkhsalad
B09KCQ89F1,aldjgkhsalad
B07PF67DKD,aldjgkhsalad
B09GF9QRJJ,aldjgkhsalad
B08534QRZX,aldjgkhsalad
B09BYRLTM5,aldjgkhsalad
B07DGVJ7K1,aldjgkhsalad
B08SJ8WRB1,aldjgkhsalad
B088ZLL7RP,aldjgkhsalad
B089DRMM8F,aldjgkhsalad
B07QH96W3C,aldjgkhsalad
B08811GX1H,aldjgkhsalad
B07WBVLT5W,aldjgkhsalad
B0B4RV7ZTR,aldjgkhsalad
B08Z7B9LYW,aldjgkhsalad
B07W4LY4X4,aldjgkhsalad
B07VH4MBC9,aldjgkhsalad
B07VFBQMST,aldjgkhsalad
B01GOEJ9W0,aldjgkhsalad
B0173QBX5E,aldjgkhsalad
B0CNWG6YHF,aldjgkhsalad
B0948G5X6B,aldjgkhsalad
B084WRN1XZ,aldjgkhsalad
B079MGBRPN,aldjgkhsalad
B0C1ZCNGL7,aldjgkhsalad
B092R43DXY,aldjgkhsalad
B007SMJ82E,aldjgkhsalad
B0BF8YYGDJ,aldjgkhsalad
B0BF51L3Y8,aldjgkhsalad
B0B1PGMVVY,aldjgkhsalad
B07ZF48T7Y,aldjgkhsalad
B07DWNGSG1,aldjgkhsalad
B0786HY59M,aldjgkhsalad
B00942X1UQ,aldjgkhsalad
B0088Q50BM,aldjgkhsalad
B0CG65RGFC,aldjgkhsalad
B09HJYRDKG,aldjgkhsalad
B08BYT21JR,aldjgkhsalad
B097Q4M8ZH,aldjgkhsalad
B01JKCY2SY,aldjgkhsalad
B006RDX7F4,aldjgkhsalad
B0CYRYJQ5Y,aldjgkhsalad
B0C3VWPGXB,aldjgkhsalad
B09PDDL97D,aldjgkhsalad
B085SNW26S,aldjgkhsalad
B07XFDGPD5,aldjgkhsalad
B00OGLNBJQ,aldjgkhsalad
B000BL281C,aldjgkhsalad
B0C2YRQLML,aldjgkhsalad
B08M5QLDSL,aldjgkhsalad
B082LZDD2H,aldjgkhsalad
B07SJV3FXW,aldjgkhsalad
B07DVLKR5J,aldjgkhsalad
B0BYCYGCNL,aldjgkhsalad
B08T9VZDFT,aldjgkhsalad
B08JS4233Z,aldjgkhsalad
B08C5FB2YG,aldjgkhsalad
B0BFG59594,aldjgkhsalad
B07X3ZJY95,aldjgkhsalad
B07MR3M78G,aldjgkhsalad
B07G5JCNB9,aldjgkhsalad
B006ZZCWQE,aldjgkhsalad
B0BX479V7R,aldjgkhsalad
B0B5898GBC,aldjgkhsalad
B08H286R34,aldjgkhsalad
B07G547MDW,aldjgkhsalad
B07319C69H,aldjgkhsalad
B0CR5VV7CP,aldjgkhsalad
B0CL8NC5CQ,aldjgkhsalad
B0BYMRMS3W,aldjgkhsalad
B09ZTT8BF7,aldjgkhsalad
B07H18233L,aldjgkhsalad
B075SJBS7R,aldjgkhsalad
B01NBT0JPH,aldjgkhsalad
B00JPL48Y4,aldjgkhsalad
B0CMC7HHPT,aldjgkhsalad
B0CLYR8XSW,aldjgkhsalad
B0895KVGK6,aldjgkhsalad
B07XJNFD5F,aldjgkhsalad
B07QCT6BQR,aldjgkhsalad
B003WP3Z5C,aldjgkhsalad
B0DFCGFPHY,aldjgkhsalad
B0DB1XBX65,aldjgkhsalad
B0D2T1GZN7,aldjgkhsalad
B0D2SZVJH5,aldjgkhsalad
B0D2SYY94M,aldjgkhsalad
B0D2SYV8NR,aldjgkhsalad
B0D2SYHTB5,aldjgkhsalad
B0D1R2ZPL8,aldjgkhsalad
B0CZNQ684G,aldjgkhsalad
B0CZ8JZC1F,aldjgkhsalad
B0CY99J8H8,aldjgkhsalad
B0CQ4WDJ28,aldjgkhsalad
B0CL6V1XVF,aldjgkhsalad
B0BZ3GGKM6,aldjgkhsalad
B09PB9G5K7,aldjgkhsalad
B08VMRGSHX,aldjgkhsalad
B0895P45BY,aldjgkhsalad
B07RVD9XBY,aldjgkhsalad
B077PPH5QL,aldjgkhsalad
B0CR19GNJ1,aldjgkhsalad
B09TPP3FLZ,aldjgkhsalad
B09CPJ1N6M,aldjgkhsalad
B09C5VVVPB,aldjgkhsalad
B08NXSGLPD,aldjgkhsalad
B07Z29F28S,aldjgkhsalad
B077N34CSV,aldjgkhsalad
B00IGY1JB6,aldjgkhsalad
B0DCVJYFRW,aldjgkhsalad
B0CNLTMXTM,aldjgkhsalad
B0CMQ8FC1D,aldjgkhsalad
B0CLVKWLRX,aldjgkhsalad
B0CLM88ZQP,aldjgkhsalad
B0CLLMQ1RB,aldjgkhsalad
B0CL6RTYBJ,aldjgkhsalad
B0CKJ772RJ,aldjgkhsalad
B0CBT2F7WV,aldjgkhsalad
B0C4PNFP51,aldjgkhsalad
B0C4GTWFGG,aldjgkhsalad
B0C3QCBB15,aldjgkhsalad
B0C2YY2F8B,aldjgkhsalad
B0C1KQ9MGB,aldjgkhsalad
B0C1BTHW83,aldjgkhsalad
B0BZYRD7DL,aldjgkhsalad
B0BW5VZ4JK,aldjgkhsalad
B0BTHS7F2P,aldjgkhsalad
B0BQQX3TXD,aldjgkhsalad
B0BP7HPN3K,aldjgkhsalad
B0BM5CJKTG,aldjgkhsalad
B0BFLJ8DR9,aldjgkhsalad
B0B7HYHYGR,aldjgkhsalad
B0B71N66W5,aldjgkhsalad
B0B4J6S3LT,aldjgkhsalad
B0B2VRKZR7,aldjgkhsalad
B09CNPNZJQ,aldjgkhsalad
B09C6R715Y,aldjgkhsalad
B093GRXB1Y,aldjgkhsalad
B0925MRD8V,aldjgkhsalad
B08NLC3HSP,aldjgkhsalad
B08GVYJ4G7,aldjgkhsalad
B08FRCKTJ7,aldjgkhsalad
B08DFHHZRF,aldjgkhsalad
B08BLT1GM7,aldjgkhsalad
B086MDC4RT,aldjgkhsalad
B07YHJ5Q6P,aldjgkhsalad
B07XDK6G7Z,aldjgkhsalad
B07TYB4DCL,aldjgkhsalad
B07TVYB5L9,aldjgkhsalad
B07PQXCH2S,aldjgkhsalad
B07MGQMC9L,aldjgkhsalad
B07L6RHFC3,aldjgkhsalad
B07KWWJLC2,aldjgkhsalad
B07DKRK2RH,aldjgkhsalad
B07D8T41Z4,aldjgkhsalad
B073XZ7Q58,aldjgkhsalad
B06X9F8RRB,aldjgkhsalad
B06W9MKZD4,aldjgkhsalad
B01N0Z4TTM,aldjgkhsalad
B019IPF86S,aldjgkhsalad
B014EA0AS8,aldjgkhsalad
B000EM98K2,aldjgkhsalad
B0CKXZM51M,aldjgkhsalad
B089TVCHJZ,aldjgkhsalad
B09N8SZM6D,aldjgkhsalad
B07BTGKP34,aldjgkhsalad
B07NC7VNKR,aldjgkhsalad
B01LZ9V5M5,aldjgkhsalad
B07Q9J8ZPV,aldjgkhsalad
B08TTVKWKF,aldjgkhsalad
B07N8GNMT5,aldjgkhsalad
B0047RNG9E,aldjgkhsalad
B01MRE4WOW,aldjgkhsalad
B005P1YJZG,aldjgkhsalad
B0CY82SBVT,aldjgkhsalad
B0BJ2B461T,aldjgkhsalad
B0D41N74GV,aldjgkhsalad
B01EIG6KLE,aldjgkhsalad
B07DY2CGP3,aldjgkhsalad
B000HKN2Y4,aldjgkhsalad
B08XBKY6Q4,aldjgkhsalad
B0C3V6QRFV,aldjgkhsalad
B08BF8FRTC,aldjgkhsalad
B07RM3BS44,aldjgkhsalad
B019Z3QDOE,aldjgkhsalad
B07F6Z2X98,aldjgkhsalad
9988647379,aldjgkhsalad
B07ZJPB5GY,aldjgkhsalad
B0897CXPR7,aldjgkhsalad
B0747Z4Z9C,aldjgkhsalad
B08S431MDZ,aldjgkhsalad
B09HZC1QGS,aldjgkhsalad
B0C86S3ZZT,aldjgkhsalad
B098SF1T57,aldjgkhsalad
B07P5Y7RL5,aldjgkhsalad
B07B1KD5LY,aldjgkhsalad
B09GL296GD,aldjgkhsalad
B08P7X1MPR,aldjgkhsalad
B07G4KX7G2,aldjgkhsalad
B098LDMP49,aldjgkhsalad
B08DV121BW,aldjgkhsalad
B07VVDRJT2,aldjgkhsalad
B08WX4FTZD,aldjgkhsalad
B08FKMTXQ4,aldjgkhsalad
B08MS6SYPB,aldjgkhsalad
B09NVZ6TSW,aldjgkhsalad
B08LBXX6SV,aldjgkhsalad
B08LY4P64M,aldjgkhsalad
B08GTPXJ17,aldjgkhsalad
B0CQV9GX75,aldjgkhsalad
B0CG5P9HX5,aldjgkhsalad
B0D94HBB8C,aldjgkhsalad
B003O4OPJG,aldjgkhsalad
B07VPXWD4X,aldjgkhsalad
B08TLSJZ31,aldjgkhsalad
B0BTGY5NHR,aldjgkhsalad
B09S3XJC81,aldjgkhsalad
B0039HDB0W,aldjgkhsalad
B005MG96DE,aldjgkhsalad
B0BKQ6S6QD,aldjgkhsalad
B0CZF9ZX6Q,aldjgkhsalad
B072ZW22LJ,aldjgkhsalad
B09Q91YPR3,aldjgkhsalad
B001FA7854,aldjgkhsalad
B015QMC77K,aldjgkhsalad
B09L6X1VH7,aldjgkhsalad
B0D95N8TD6,aldjgkhsalad
B0CT571XP7,aldjgkhsalad
B0CPJF9J81,aldjgkhsalad
B0CKTFSPSB,aldjgkhsalad
B0CCY5FVTZ,aldjgkhsalad
B0BNJRQTZD,aldjgkhsalad
B0BN68CPWY,aldjgkhsalad
B0B7LYLK13,aldjgkhsalad
B0B4ZFJXRH,aldjgkhsalad
B09Y8STHF3,aldjgkhsalad
B09X2XQML2,aldjgkhsalad
B09G9BG27Y,aldjgkhsalad
B0963BYCRS,aldjgkhsalad
B09573P1PB,aldjgkhsalad
B08L548JB4,aldjgkhsalad
B08GK17K94,aldjgkhsalad
B009EH010E,aldjgkhsalad
B085CNQ554,aldjgkhsalad
B08FBFTW29,aldjgkhsalad
B0C84ZDW7N,aldjgkhsalad
B079649SSG,aldjgkhsalad
B08BFH9XT5,aldjgkhsalad
B07H5MMLCV,aldjgkhsalad
B08FF5GBCP,aldjgkhsalad
B01J6KKBGM,aldjgkhsalad
B01IRNGWDK,aldjgkhsalad
B00GU19DIS,aldjgkhsalad
B09S5LG1DV,aldjgkhsalad
B07JD9ZYLY,aldjgkhsalad
B0B2T4QKFS,aldjgkhsalad
B0733LW766,aldjgkhsalad
B0DDKBWTPD,aldjgkhsalad
B084TRVSY3,aldjgkhsalad
B0CXT9GTZY,aldjgkhsalad
B0DBSDZX7R,aldjgkhsalad
B01N2ZCC07,aldjgkhsalad
B0B79GM7X5,aldjgkhsalad
B00PHLM3EI,aldjgkhsalad
B00I1AI8FU,aldjgkhsalad
B0B545ZY66,aldjgkhsalad
B07Z8G3QTM,aldjgkhsalad
B00HYQBBVK,aldjgkhsalad
B07WC2RLYL,aldjgkhsalad
B0B2CQ1S21,aldjgkhsalad
B0CB3KPDYG,aldjgkhsalad
B0847SHPHJ,aldjgkhsalad
B0CGSNT1F9,aldjgkhsalad
B01MY7R1IE,aldjgkhsalad
B00155CWS2,aldjgkhsalad
B079H54VZN,aldjgkhsalad
B0BSHGXQXS,aldjgkhsalad
B08WJMJFZW,aldjgkhsalad
B07RLV6HZB,aldjgkhsalad
B0B1P9XW3J,aldjgkhsalad
B09MV2388Z,aldjgkhsalad
B00AI284QC,aldjgkhsalad
B078WT55CZ,aldjgkhsalad
B01BLT2BG4,aldjgkhsalad
B000P6UT2I,aldjgkhsalad
B0C4GVWXQZ,aldjgkhsalad
B0CF4WL22H,aldjgkhsalad
B09YBT7N7G,aldjgkhsalad
B00AJWXWZY,aldjgkhsalad
B07GKG5LQX,aldjgkhsalad
B08596YTTB,aldjgkhsalad
B01JKZDRF0,aldjgkhsalad
B002NOV91U,aldjgkhsalad
B084MF8QHQ,aldjgkhsalad
B08W255B39,aldjgkhsalad
B0009MFUVS,aldjgkhsalad
B0BQB5F24G,aldjgkhsalad
B0BKNWR36G,aldjgkhsalad
B0CVWZ6TYQ,aldjgkhsalad
B00TQZX5RA,aldjgkhsalad
B004VRIU78,aldjgkhsalad
B07V5P6PCN,aldjgkhsalad
B085749845,aldjgkhsalad
B0C2QVC62B,aldjgkhsalad
B01KG58UWS,aldjgkhsalad
B07SPCCYBC,aldjgkhsalad
B0047EKI3O,aldjgkhsalad
B0CY4YNC6L,aldjgkhsalad
B088TXBP8Q,aldjgkhsalad
B0C6K3RDXH,aldjgkhsalad
B09FJKMHP4,aldjgkhsalad
B071S7KWDL,aldjgkhsalad
B01MV7JXNT,aldjgkhsalad
B0BMX6PCCR,aldjgkhsalad
B08626CYMW,aldjgkhsalad
B078M36K6W,aldjgkhsalad
B00XNMMO2E,aldjgkhsalad
B0D5BDSLVJ,aldjgkhsalad
B07L4JFR3Q,aldjgkhsalad
B00008IHTJ,aldjgkhsalad
B0D3BRKSNN,aldjgkhsalad
B076WTQNZZ,aldjgkhsalad
B0D9NKG97S,aldjgkhsalad
B09FXXMRFM,aldjgkhsalad
B09BV65M9R,aldjgkhsalad
B083DDLDNX,aldjgkhsalad
B0CW9MC2V9,aldjgkhsalad
B09DT77SHW,aldjgkhsalad
B07X3M66MJ,aldjgkhsalad
B07GR6RFKL,aldjgkhsalad
B0044ZQ01K,aldjgkhsalad
B0CQ1WZJZ2,aldjgkhsalad
B07F4MNZLN,aldjgkhsalad
B07D1CDJK8,aldjgkhsalad
B07CJQGSJH,aldjgkhsalad
B01MRUVZF7,aldjgkhsalad
B01LW3TBWG,aldjgkhsalad
B00413IC8Y,aldjgkhsalad
B01EZ6P4KA,aldjgkhsalad
B0B19HG8XR,aldjgkhsalad
B07PDQRKV9,aldjgkhsalad
B06Y4QSYDL,aldjgkhsalad
B08BX6D9S8,aldjgkhsalad
B0C89PHXLK,aldjgkhsalad
B071HWY1VT,aldjgkhsalad
B0718VWPL7,aldjgkhsalad
B01HU5JI5U,aldjgkhsalad
B07KNQ1M6Y,aldjgkhsalad
B09YLJXGJL,aldjgkhsalad
B091HCKCDY,aldjgkhsalad
B08HCPHTFZ,aldjgkhsalad
B07PWKX44S,aldjgkhsalad
B07H2PT7SQ,aldjgkhsalad
B07G881TH2,aldjgkhsalad
B0BY81CPMZ,aldjgkhsalad
B0BS1XP9G5,aldjgkhsalad
B0BPT974X2,aldjgkhsalad
B0BNT9882D,aldjgkhsalad
B0BG87RSRM,aldjgkhsalad
B0BF19LTSX,aldjgkhsalad
B0B1Q26B97,aldjgkhsalad
B097YC2V7D,aldjgkhsalad
B09229YJX1,aldjgkhsalad
B08KCC3VWN,aldjgkhsalad
B07Z6R15Z5,aldjgkhsalad
B07Y8D7GPT,aldjgkhsalad
B07QH7X36L,aldjgkhsalad
B07KVJNJSY,aldjgkhsalad
B071XNLLC3,aldjgkhsalad
B00BT5LPBS,aldjgkhsalad
B003ZU21JK,aldjgkhsalad
B001LG12KO,aldjgkhsalad
B0C19LZXWN,aldjgkhsalad
B0BQHN9DFP,aldjgkhsalad
B0BMQ6DGY7,aldjgkhsalad
B0B7W5KQVQ,aldjgkhsalad
B09HP18YN8,aldjgkhsalad
B084NZYFCH,aldjgkhsalad
B0822HCG21,aldjgkhsalad
B07GWYLR5F,aldjgkhsalad
B01NB9YMIJ,aldjgkhsalad
B01DGHXWVM,aldjgkhsalad
B015NGKI6G,aldjgkhsalad
B004EKVOU2,aldjgkhsalad
B0D41NQQ1Y,aldjgkhsalad
B0CYQFWY99,aldjgkhsalad
B0CPHTJZSF,aldjgkhsalad
B0CDC3LFQ8,aldjgkhsalad
B0BRT3MZPG,aldjgkhsalad
B0BMVQM47M,aldjgkhsalad
B0B457BSNF,aldjgkhsalad
B0B315WW3Q,aldjgkhsalad
B08ZSMTSVP,aldjgkhsalad
B0854FBHPJ,aldjgkhsalad
B07CR36QY6,aldjgkhsalad
B071JR2C9W,aldjgkhsalad
B01CMM9AI6,aldjgkhsalad
B001JJ8RMO,aldjgkhsalad
B0D4VSXHH6,aldjgkhsalad
B0D2HJHMPY,aldjgkhsalad
B0CW33CY1H,aldjgkhsalad
B0CSYL8MH9,aldjgkhsalad
B003E7HMZM,aldjgkhsalad
B0D2PK8CP3,aldjgkhsalad
B0CY27P18M,aldjgkhsalad
B0CXNRQ4FS,aldjgkhsalad
B0CWNSVJHN,aldjgkhsalad
B0CT8STK9B,aldjgkhsalad
B0CR2S93ZK,aldjgkhsalad
B0CQM24NRF,aldjgkhsalad
B0CLTQT68C,aldjgkhsalad
B0CKXP3DSM,aldjgkhsalad
B0CF4ZWKLV,aldjgkhsalad
B0CBBQKHJ2,aldjgkhsalad
B0C8T1TQFX,aldjgkhsalad
B0C7ZT49JG,aldjgkhsalad
B0C61XMXXZ,aldjgkhsalad
B0C2JYF76J,aldjgkhsalad
B0BY8B5R3H,aldjgkhsalad
B0BVBGDPW7,aldjgkhsalad
B0BM4MSYXR,aldjgkhsalad
B0BKT3MP7F,aldjgkhsalad
B0BDLDTFT2,aldjgkhsalad
B0BB23HN46,aldjgkhsalad
B0B6NJ19BJ,aldjgkhsalad
B0B5DB6H8N,aldjgkhsalad
B0B4S5K3GN,aldjgkhsalad
B09YKX8TZJ,aldjgkhsalad
B09XSYL4QQ,aldjgkhsalad
B09V2FZT15,aldjgkhsalad
B09LVT4YV3,aldjgkhsalad
B09D59WPGX,aldjgkhsalad
B09BG2FGDF,aldjgkhsalad
B08WR9NJVH,aldjgkhsalad
B01I3H4N3Q,aldjgkhsalad
B016O5FM8Y,aldjgkhsalad
B013CRDYJ6,aldjgkhsalad
B00X57TKWE,aldjgkhsalad
B00VM68BB6,aldjgkhsalad
B00T0WKHWK,aldjgkhsalad
B00OABAWGW,aldjgkhsalad
B00NL44HS8,aldjgkhsalad
B00J422P30,aldjgkhsalad
B009UYHK3C,aldjgkhsalad
B007HB0KU0,aldjgkhsalad
B0058WSNUE,aldjgkhsalad
B001VP84II,aldjgkhsalad
B001LNETJI,aldjgkhsalad
B000LEJ7KY,aldjgkhsalad
B08VJM77B3,aldjgkhsalad
B08V1V2MK6,aldjgkhsalad
B08JGGKW2H,aldjgkhsalad
B07X83HTKN,aldjgkhsalad
B07QG7F4WQ,aldjgkhsalad
B07PPTS84C,aldjgkhsalad
B07NQQ523F,aldjgkhsalad
B07NDJZ6XL,aldjgkhsalad
B07L4Z69DT,aldjgkhsalad
B079MDWGSB,aldjgkhsalad
B077VRKG1M,aldjgkhsalad
B074ZQL68T,aldjgkhsalad
B06Y5GZSLJ,aldjgkhsalad
B01MS47XC9,aldjgkhsalad
B01JQUUQQC,aldjgkhsalad
B01ITPJTY0,aldjgkhsalad
B09TT54RLT,aldjgkhsalad
B00H1LLP2I,aldjgkhsalad
B08CRZFJYB,aldjgkhsalad
B00HMQ1SHO,aldjgkhsalad
B08DQY5DFY,aldjgkhsalad
B074WNLK3Z,aldjgkhsalad
B07MY1V9YX,aldjgkhsalad
B0969FNQNB,aldjgkhsalad
B01E7TU77A,aldjgkhsalad
B07RQBGFYD,aldjgkhsalad
B0CMW72NND,aldjgkhsalad
B003EZXMS0,aldjgkhsalad
B00QN6OK5Q,aldjgkhsalad
B0CC2F1876,aldjgkhsalad
B07RM1P9Z9,aldjgkhsalad
B07Q39GSGW,aldjgkhsalad
B0BN4TM6Y3,aldjgkhsalad
B0BCQ9R6VZ,aldjgkhsalad
B07BKLMJ82,aldjgkhsalad
B00GPZCH50,aldjgkhsalad
B0CSSN8M1S,aldjgkhsalad
B002958PLK,aldjgkhsalad
B0BMT8ZTHL,aldjgkhsalad
B07Y3SR7RD,aldjgkhsalad
B06XRGB858,aldjgkhsalad
B001J89HGU,aldjgkhsalad
B08X4J8GVH,aldjgkhsalad
B00U2KG9D0,aldjgkhsalad
B09SQGN6MG,aldjgkhsalad
B09GLWB9MW,aldjgkhsalad
B0B1L8QBRF,aldjgkhsalad
B008HLHKCA,aldjgkhsalad
B07NPKHBT9,aldjgkhsalad
B07F1YB5LX,aldjgkhsalad
B00TGOKASI,aldjgkhsalad
B00ENPZE5Y,aldjgkhsalad
B0B22LG9V1,aldjgkhsalad
B09THG48MV,aldjgkhsalad
B08N5RY8B9,aldjgkhsalad
B0CS6G3JB4,aldjgkhsalad
B00A3VAKE2,aldjgkhsalad
B07DR679Z8,aldjgkhsalad
B000Z9C2JI,aldjgkhsalad
B09NVRJ34R,aldjgkhsalad
B09WR2S2RP,aldjgkhsalad
B01DP0HKJK,aldjgkhsalad
B00GM49KUE,aldjgkhsalad
B07H75Q748,aldjgkhsalad
B004B24TZU,aldjgkhsalad
B0C4P5Y4BQ,aldjgkhsalad
B00KAHI1YA,aldjgkhsalad
B000XFDENW,aldjgkhsalad
B00THMG94I,aldjgkhsalad
B0BG4XFDLZ,aldjgkhsalad
B00004R9UK,aldjgkhsalad
B0DB56HDMM,aldjgkhsalad
B08KYJ2FPF,aldjgkhsalad
B0C4V5LZBW,aldjgkhsalad
B084Z1SDYD,aldjgkhsalad
B00IUK8PEA,aldjgkhsalad
B08XB9LCFS,aldjgkhsalad
B0B3WX4L4J,aldjgkhsalad
B018UTHGPE,aldjgkhsalad
B0BDF4K95Q,aldjgkhsalad
B01LXFZA7N,aldjgkhsalad
B08BRPSYS7,aldjgkhsalad
B0BW8CX1VP,aldjgkhsalad
B0819BF6RK,aldjgkhsalad
B076TH3XFL,aldjgkhsalad
B00QXNPJCM,aldjgkhsalad
B01NC0GADQ,aldjgkhsalad
B08HGMY8KV,aldjgkhsalad
B0BL3TPSJT,aldjgkhsalad
B01H2BK9FU,aldjgkhsalad
B09ZRKHXK6,aldjgkhsalad
B01CDG0SQ4,aldjgkhsalad
B0BW2XQSWS,aldjgkhsalad
B0B5CGBRFY,aldjgkhsalad
B0D6XHNH3B,aldjgkhsalad
B0C98WDHMY,aldjgkhsalad
B0CDP1VXJJ,aldjgkhsalad
B0C7H3QX5D,aldjgkhsalad
B001CITVNQ,aldjgkhsalad
B0CBRPC1FV,aldjgkhsalad
B0956ZG5L3,aldjgkhsalad
B0B87ZD9NF,aldjgkhsalad
B0B1T5RT7M,aldjgkhsalad
B09FPLGYF2,aldjgkhsalad
B00W8Z1QTE,aldjgkhsalad
B0CTHJ26JP,aldjgkhsalad
B0BTSH2WFQ,aldjgkhsalad
B0B5VYTSTN,aldjgkhsalad
B096ZFV1ZZ,aldjgkhsalad
B08KDDPG8C,aldjgkhsalad
B07NRK7D8P,aldjgkhsalad
B079Z9RJST,aldjgkhsalad
B00N9CASRG,aldjgkhsalad
B00IKVD02G,aldjgkhsalad
B00BWFR7CQ,aldjgkhsalad
B000UJAKC4,aldjgkhsalad
B0CJY2DYLP,aldjgkhsalad
B07VV6W75Z,aldjgkhsalad
B001GH1NUW,aldjgkhsalad
B0CFF3LN6T,aldjgkhsalad
B0CD1S3FQ5,aldjgkhsalad
B0C86G5V91,aldjgkhsalad
B0C5D7MQZY,aldjgkhsalad
B0BBHS6GJH,aldjgkhsalad
B09PCYSBS6,aldjgkhsalad
B08VDGM2S6,aldjgkhsalad
B075V4HRLH,aldjgkhsalad
B073HXVN51,aldjgkhsalad
B0C6LQN2YY,aldjgkhsalad
B0C65TMDBG,aldjgkhsalad
B0C2CM9JTF,aldjgkhsalad
B0BZPBDNRP,aldjgkhsalad
B0BM6VCFKM,aldjgkhsalad
B0BJTW43GK,aldjgkhsalad
B0B5W8TS1V,aldjgkhsalad
B0B5VXFQCB,aldjgkhsalad
B09VT5RWCY,aldjgkhsalad
B09KRCZH5V,aldjgkhsalad
B08VMWWC6F,aldjgkhsalad
B08LCWPJF1,aldjgkhsalad
B08761JVMM,aldjgkhsalad
B08689ZR3S,aldjgkhsalad
B083Q8P5BS,aldjgkhsalad
B07ZL4VDDM,aldjgkhsalad
B000ZJMZVI,aldjgkhsalad
B000ZGQ0J4,aldjgkhsalad
B000A0H62U,aldjgkhsalad
B0DDKRKGPQ,aldjgkhsalad
B07WJNDLNL,aldjgkhsalad
B0BFN8QTWM,aldjgkhsalad
B07QSXXHST,aldjgkhsalad
B00ZUHWO8E,aldjgkhsalad
B075RH91V7,aldjgkhsalad
B077YD53WM,aldjgkhsalad
B0D81DHXWH,aldjgkhsalad
B07GDTH9RF,aldjgkhsalad
B0C9ZHFKT3,aldjgkhsalad
B09647X35M,aldjgkhsalad
B07V5X5HP4,aldjgkhsalad
B06Y66K3XD,aldjgkhsalad
B01N7M4M2M,aldjgkhsalad
B01CDGC50Q,aldjgkhsalad
B000067S12,aldjgkhsalad
B01MR2I13C,aldjgkhsalad
B08JFZGKWR,aldjgkhsalad
B09ZLFRWHR,aldjgkhsalad
B0CQTL14RF,aldjgkhsalad
B01MXSD6B8,aldjgkhsalad
B077WKNKL2,aldjgkhsalad
B09Y2GL1NL,aldjgkhsalad
B0C3NK52XQ,aldjgkhsalad
B084R6KWDM,aldjgkhsalad
B0CPS7QXXF,aldjgkhsalad
B00KGIDI8M,aldjgkhsalad
B07NJP56BW,aldjgkhsalad
B096D7RCSH,aldjgkhsalad
B0D8KJ73HW,aldjgkhsalad
B079PSSD6N,aldjgkhsalad
B0BJPJKHZV,aldjgkhsalad
B00PH5O5OU,aldjgkhsalad
B00FJWKDVA,aldjgkhsalad
B00C3M6HO6,aldjgkhsalad
B0DF55Q7DL,aldjgkhsalad
B0DDWG1CDK,aldjgkhsalad
B0DCNK4CRW,aldjgkhsalad
B0D8VG5G8R,aldjgkhsalad
B0D7VK4127,aldjgkhsalad
B0CY26NFLR,aldjgkhsalad
B0CSVVZB79,aldjgkhsalad
B0CKQJXD4V,aldjgkhsalad
B0CHMQLVS1,aldjgkhsalad
B0CHM6QL1C,aldjgkhsalad
B0CH2TTLT7,aldjgkhsalad
B0CGWZR1XP,aldjgkhsalad
B0C92V786R,aldjgkhsalad
B07YQ2LGBV,aldjgkhsalad
B000NCV07C,aldjgkhsalad
B095S6FSL1,aldjgkhsalad
B0C9D78XLX,aldjgkhsalad
B0C9YGWZ4X,aldjgkhsalad
B09V7NJCD8,aldjgkhsalad
B0BN4QJS1Y,aldjgkhsalad
B01G96Z19I,aldjgkhsalad
B076Q9RG1R,aldjgkhsalad
B08TCDCYV9,aldjgkhsalad
B07MVMYRZK,aldjgkhsalad
B094V67QPP,aldjgkhsalad
B00CQ0VZNS,aldjgkhsalad
B078RL5XJ2,aldjgkhsalad
B0D1XRYTFT,aldjgkhsalad
B001P0KQQW,aldjgkhsalad
B07VL7BCK4,aldjgkhsalad
B07TZ3L8WR,aldjgkhsalad
B07LFZRB9M,aldjgkhsalad
B07DQS8Z2Z,aldjgkhsalad
B07D8CSNJN,aldjgkhsalad
B079SND1G6,aldjgkhsalad
B0744ZCXG7,aldjgkhsalad
B071F1PWBF,aldjgkhsalad
B01FYZYYBQ,aldjgkhsalad
B0161PI7RA,aldjgkhsalad
B014GC5DTK,aldjgkhsalad
B00ISJ1LWG,aldjgkhsalad
B00FK3VP4M,aldjgkhsalad
B00CKJBDP0,aldjgkhsalad
B00BNHZ7C0,aldjgkhsalad
B0078RA2Q0,aldjgkhsalad
B00TPZUK1U,aldjgkhsalad
B000I198J0,aldjgkhsalad
B0BK95M3VC,aldjgkhsalad
B0C13ZPT8F,aldjgkhsalad
B01JGX4FBQ,aldjgkhsalad
B08CH278XY,aldjgkhsalad
B07QX6TGRY,aldjgkhsalad
B002JM7NSO,aldjgkhsalad
B0BFG127ZX,aldjgkhsalad
B08B8NZ27C,aldjgkhsalad
B0BNL8W176,aldjgkhsalad
B010OPRD14,aldjgkhsalad
B00BRFE242,aldjgkhsalad
B01LYF0OHX,aldjgkhsalad
B00MB26L1M,aldjgkhsalad
B0C4LWSM3J,aldjgkhsalad
B00GTLE4NI,aldjgkhsalad
B0CNPTB8C9,aldjgkhsalad
B07QGGZBSX,aldjgkhsalad
B07VCB3G81,aldjgkhsalad
B07DJ2FBJY,aldjgkhsalad
B0C7LH4FX6,aldjgkhsalad
B0D53D4KQ4,aldjgkhsalad
B013YPIVB2,aldjgkhsalad
B08293TSPM,aldjgkhsalad
B07T6SVSWW,aldjgkhsalad
B07G5PC5CJ,aldjgkhsalad
B00S9XKZNW,aldjgkhsalad
B004SZ2HXQ,aldjgkhsalad
B003DL8OS8,aldjgkhsalad
B0747ZZTCW,aldjgkhsalad
B071NF53VC,aldjgkhsalad
B00IKVCXWO,aldjgkhsalad
B096VL5RBS,aldjgkhsalad
B096KZPLZC,aldjgkhsalad
B086PC1TR6,aldjgkhsalad
B076VSMVJP,aldjgkhsalad
B08VYFC2JZ,aldjgkhsalad
B01NAZQF16,aldjgkhsalad
B016O0YEEM,aldjgkhsalad
B003672ZKM,aldjgkhsalad
B001VXXZJS,aldjgkhsalad
B0C6YQQRSK,aldjgkhsalad
B0BPLM8K99,aldjgkhsalad
B09QFYGK8J,aldjgkhsalad
B06VVY5CBX,aldjgkhsalad
B01L6ON0F0,aldjgkhsalad
B0CFTV1GPF,aldjgkhsalad
B0CYLVB2Y2,aldjgkhsalad
B0CX8X56QB,aldjgkhsalad
B0CTWPPQ9L,aldjgkhsalad
B0CPT91XSY,aldjgkhsalad
B0CDMW339N,aldjgkhsalad
B0C397QVGW,aldjgkhsalad
B0BWRBBYNL,aldjgkhsalad
B0BVVGCDNQ,aldjgkhsalad
B0BPP2PMRF,aldjgkhsalad
B0BMTWV43F,aldjgkhsalad
B0BJ8J4MCR,aldjgkhsalad
B0BHFG1486,aldjgkhsalad
B0B637GLGH,aldjgkhsalad
B09SPN2S12,aldjgkhsalad
B09S8FT2QJ,aldjgkhsalad
B09R1SSG45,aldjgkhsalad
B00CTSAXN0,aldjgkhsalad
B00CK90LV2,aldjgkhsalad
B008QYRNCA,aldjgkhsalad
B005963C2S,aldjgkhsalad
B0009QWAQ2,aldjgkhsalad
B0002I9PBU,aldjgkhsalad
B0C3QJR5M3,aldjgkhsalad
B0B5Y86BPS,aldjgkhsalad
B097TS7T97,aldjgkhsalad
B0964TY314,aldjgkhsalad
B08PVWKHPS,aldjgkhsalad
B07QY5L9LK,aldjgkhsalad
B07GDMSYNK,aldjgkhsalad
B077D41HCB,aldjgkhsalad
B06XTLMJ28,aldjgkhsalad
B01M1SJ2D0,aldjgkhsalad
B00EMZBFLM,aldjgkhsalad
B004I63GJO,aldjgkhsalad
B002F58M12,aldjgkhsalad
B001B12TBA,aldjgkhsalad
B0D7H8TG4Y,aldjgkhsalad
B000GAKJ6Y,aldjgkhsalad
B077Z8LTLZ,aldjgkhsalad
B079RSDSD2,aldjgkhsalad
B07FC1R4V9,aldjgkhsalad
B00S06GGVS,aldjgkhsalad
B08GBY9QXX,aldjgkhsalad
B07P9N47NF,aldjgkhsalad
B09QHBZ63C,aldjgkhsalad
B074G3V2LK,aldjgkhsalad
B0D45KNM5V,aldjgkhsalad
B08FJ2H3SG,aldjgkhsalad
B01ITL88Y6,aldjgkhsalad
B07R81XJR6,aldjgkhsalad
B0BWWMD77S,aldjgkhsalad
B004HL7UJ2,aldjgkhsalad
B000XFC53W,aldjgkhsalad
B0992PQV2Z,aldjgkhsalad
B08M41HTWZ,aldjgkhsalad
B08FT2SJNM,aldjgkhsalad
B085XS9QW3,aldjgkhsalad
B0836S91YX,aldjgkhsalad
B07ZL43Y5D,aldjgkhsalad
B07WKKXGBX,aldjgkhsalad
B07G5LJCQ9,aldjgkhsalad
B077V4T7QH,aldjgkhsalad
B0716NTC7B,aldjgkhsalad
B06Y148424,aldjgkhsalad
B01DN3ZN34,aldjgkhsalad
B01DJB4YHG,aldjgkhsalad
B016912AXI,aldjgkhsalad
B00XR5GMWU,aldjgkhsalad
B00MEPIRQ8,aldjgkhsalad
B0CZYT2LQJ,aldjgkhsalad
B095HC45NT,aldjgkhsalad
B0818T77J3,aldjgkhsalad
B0CSZ9VZDR,aldjgkhsalad
B096V674GL,aldjgkhsalad
B07YM4NHBL,aldjgkhsalad
B0C9VRY69N,aldjgkhsalad
B07S4GPM66,aldjgkhsalad
B0009K8SJ6,aldjgkhsalad
B09GKZWQM3,aldjgkhsalad
B07V6HLXZR,aldjgkhsalad
B08BYYT2YL,aldjgkhsalad
B08BHXG19F,aldjgkhsalad
B0C3RVX2PK,aldjgkhsalad
B07YTN1FQS,aldjgkhsalad
B07WZLVQTV,aldjgkhsalad
B00GEJX2VU,aldjgkhsalad
B0856WKT97,aldjgkhsalad
B0BWSLF43H,aldjgkhsalad
B083FLR4YZ,aldjgkhsalad
B09HZ7QD12,aldjgkhsalad
B0CFY4M89G,aldjgkhsalad
B08RJ9R51L,aldjgkhsalad
B00008IHSK,aldjgkhsalad
B006QADUXC,aldjgkhsalad
B01IBBKZNG,aldjgkhsalad
B083QCS3MG,aldjgkhsalad
B01L0J0Z3Q,aldjgkhsalad
B09SBSL7N8,aldjgkhsalad
B01E7T1EF4,aldjgkhsalad
B0CKPB5G32,aldjgkhsalad
B07NYB1GRR,aldjgkhsalad
B0B6C2VQFJ,aldjgkhsalad
B07GTL73VY,aldjgkhsalad
B07KRDS7MC,aldjgkhsalad
B093GLZN8P,aldjgkhsalad
B01EVHWNQQ,aldjgkhsalad
B00RW5LECO,aldjgkhsalad
B00489Q0VM,aldjgkhsalad
B07L3NBFVS,aldjgkhsalad
B006ZYZEMY,aldjgkhsalad
B07J1X7NDW,aldjgkhsalad
B08G8MBWZ8,aldjgkhsalad
B0CSHJG3BD,aldjgkhsalad
B092CZDZXT,aldjgkhsalad
B0868ZFHBR,aldjgkhsalad
B09LGZQNG3,aldjgkhsalad
B077KFNNBK,aldjgkhsalad
B0037TVZZ0,aldjgkhsalad
B06XBLNRNM,aldjgkhsalad
B00URYOB2W,aldjgkhsalad
B08YYF6BB1,aldjgkhsalad
B08GY25T28,aldjgkhsalad
B0031XFO2M,aldjgkhsalad
B07DPMG3VW,aldjgkhsalad
B00UG8TN2M,aldjgkhsalad
B09KZYVTWX,aldjgkhsalad
B0B7J1FF85,aldjgkhsalad
B071HPW81L,aldjgkhsalad
B08P37V8CB,aldjgkhsalad
B08J6R12NR,aldjgkhsalad
B004LGW9N0,aldjgkhsalad
B08D9MP9RG,aldjgkhsalad
B0C9SCYCTJ,aldjgkhsalad
B078QW6363,aldjgkhsalad
B01D84TALO,aldjgkhsalad
B0BMPL6KZ2,aldjgkhsalad
B071HPWJN6,aldjgkhsalad
B00DDZOPVO,aldjgkhsalad
B0CLLFY4JM,aldjgkhsalad
B0B3JJX4PY,aldjgkhsalad
B09B4CX3GS,aldjgkhsalad
B08F9JPR1R,aldjgkhsalad
B0160IBUFY,aldjgkhsalad
B0C2SCBK62,aldjgkhsalad
B0BCYWPGTN,aldjgkhsalad
B0971SJGW1,aldjgkhsalad
B08FWJ7986,aldjgkhsalad
B07F4C87FS,aldjgkhsalad
B00569AEUQ,aldjgkhsalad
B08P34RQZM,aldjgkhsalad
B07HZ5B9QX,aldjgkhsalad
B01BU47P52,aldjgkhsalad
B00HTCESXC,aldjgkhsalad
B09D8X5GLP,aldjgkhsalad
B00S5JRZAG,aldjgkhsalad
B07CL5ZQ2L,aldjgkhsalad
B09M61NX7G,aldjgkhsalad
B08R63QWG4,aldjgkhsalad
B0819BMCSV,aldjgkhsalad
B0BK4NN9WN,aldjgkhsalad
B07NW2LDPV,aldjgkhsalad
B07JBSHLYH,aldjgkhsalad
B087B44ZS4,aldjgkhsalad
B0CCNLFM2P,aldjgkhsalad
B01K5LC434,aldjgkhsalad
B0CC1LFQG4,aldjgkhsalad
B0BM8LT5FN,aldjgkhsalad
B085C1DX93,aldjgkhsalad
B07D8932CT,aldjgkhsalad
B0773LXNRQ,aldjgkhsalad
B010TPRKAS,aldjgkhsalad
B0B758W3YP,aldjgkhsalad
B086Z33YFX,aldjgkhsalad
B07R3DTZ4C,aldjgkhsalad
B000Q0VU12,aldjgkhsalad
B0CWKVBY4K,aldjgkhsalad
B0CNWBT56H,aldjgkhsalad
B0CGLX5P9D,aldjgkhsalad
B0CGLW5KP4,aldjgkhsalad
B0C6T74KXV,aldjgkhsalad
B09RTMYR7P,aldjgkhsalad
B089FTK9F1,aldjgkhsalad
B08689G3BQ,aldjgkhsalad
B082KSRLDK,aldjgkhsalad
B000VIMO7I,aldjgkhsalad
B0CWLJFHW5,aldjgkhsalad
B0CTWW8143,aldjgkhsalad
B0CMGDKLWF,aldjgkhsalad
B0C7NDW648,aldjgkhsalad
B0C1NSBVJG,aldjgkhsalad
B0C1J369QY,aldjgkhsalad
B09MCNTKMH,aldjgkhsalad
B09LXXWFTH,aldjgkhsalad
B09C6MG691,aldjgkhsalad
B08P5Q9RWG,aldjgkhsalad
B08JPPZJ1N,aldjgkhsalad
B082VFXKB4,aldjgkhsalad
B07XYB7L91,aldjgkhsalad
B07RD11869,aldjgkhsalad
B01LZM5C9Y,aldjgkhsalad
B0079TSN6I,aldjgkhsalad
B0DP1Y645X,aldjgkhsalad
B0DFGP2SFJ,aldjgkhsalad
B0D3QTQN62,aldjgkhsalad
B0D2KR1WV7,aldjgkhsalad
B0CZ97VFL3,aldjgkhsalad
B0CTQ4XL92,aldjgkhsalad
B0CT2PY1N4,aldjgkhsalad
B0CQYPWCVL,aldjgkhsalad
B0CLLJDHH5,aldjgkhsalad
B0CL2BG5MF,aldjgkhsalad
B0CCPPZ4SL,aldjgkhsalad
B0CC91Y8MS,aldjgkhsalad
B0C9XB3LSF,aldjgkhsalad
B0C9GX8KCR,aldjgkhsalad
B0C39CR2DK,aldjgkhsalad
B0BJ99NLVJ,aldjgkhsalad
B0BFLM7ZFQ,aldjgkhsalad
B0B9XV1M3K,aldjgkhsalad
B09ZKTN18G,aldjgkhsalad
B09KR6857V,aldjgkhsalad
B09FKVKPZL,aldjgkhsalad
B08WR3HRG3,aldjgkhsalad
B08MDQ2QGW,aldjgkhsalad
B08G4GCBPD,aldjgkhsalad
B08267TPJH,aldjgkhsalad
B07RJR1R4F,aldjgkhsalad
B07RGJ2LHB,aldjgkhsalad
B07MYMCTGT,aldjgkhsalad
B07MPRQLFH,aldjgkhsalad
B07J148MF2,aldjgkhsalad
B07GR6M7QM,aldjgkhsalad
B07BK78PCJ,aldjgkhsalad
B0792B483F,aldjgkhsalad
B0763KLL4D,aldjgkhsalad
B073V4GYHK,aldjgkhsalad
B06ZYK2TQB,aldjgkhsalad
B06XXY8D2X,aldjgkhsalad
B06VSWV1FZ,aldjgkhsalad
B01N754NE8,aldjgkhsalad
B01N3YKJAU,aldjgkhsalad
B015NSQF52,aldjgkhsalad
B010OJTZ3O,aldjgkhsalad
B00NDRY8QO,aldjgkhsalad
B0CZL4NXLC,aldjgkhsalad
B0756ZH55V,aldjgkhsalad
B0B12LK9MJ,aldjgkhsalad
B0082K00WS,aldjgkhsalad
B01B3TOFZW,aldjgkhsalad
B002R6DW1O,aldjgkhsalad
B011TMYBDO,aldjgkhsalad
B073V9DRPB,aldjgkhsalad
B01M0DSROK,aldjgkhsalad
B08G85Q2GW,aldjgkhsalad
B07YL7YFLK,aldjgkhsalad
B09S5X85YK,aldjgkhsalad
B01N11X0EI,aldjgkhsalad
B089H18ZZB,aldjgkhsalad
B000N5MK8M,aldjgkhsalad
B06ZYLQJWN,aldjgkhsalad
B00HWRU9XW,aldjgkhsalad
B00CTS80CG,aldjgkhsalad
B00CB1LAO6,aldjgkhsalad
B00BNHZ680,aldjgkhsalad
B0097W7RWG,aldjgkhsalad
B000WUTW7K,aldjgkhsalad
B0002F5AAI,aldjgkhsalad
B0D61WNMG8,aldjgkhsalad
B09YHKTYDB,aldjgkhsalad
B0CNPYCRMD,aldjgkhsalad
B07B31XJ1S,aldjgkhsalad
B0D2N68HVR,aldjgkhsalad
B079JBMVFW,aldjgkhsalad
B07HWTT4WY,aldjgkhsalad
B0BT1W2W89,aldjgkhsalad
B0CSNLWXN4,aldjgkhsalad
B08T1WPYRQ,aldjgkhsalad
B082Y5FMQN,aldjgkhsalad
B0000AZ878,aldjgkhsalad
B0CRDZ5JKK,aldjgkhsalad
B0D1X5Q5DX,aldjgkhsalad
B016186PQC,aldjgkhsalad
B0D6FKL7L8,aldjgkhsalad
B07KXPJQT3,aldjgkhsalad
B09W94K8Y5,aldjgkhsalad
B01ID40MG6,aldjgkhsalad
B07FQNL54S,aldjgkhsalad
B07F2BQJ7V,aldjgkhsalad
B00FFE1W4E,aldjgkhsalad
B01N41DA0N,aldjgkhsalad
B0BJKSGWYV,aldjgkhsalad
B0C9JWJLLC,aldjgkhsalad
B087ZFFDRB,aldjgkhsalad
B0C2HHDY3Y,aldjgkhsalad
B008ZL5II0,aldjgkhsalad
B083NZN883,aldjgkhsalad
B0CFW9T9SJ,aldjgkhsalad
B0014E9WJG,aldjgkhsalad
B0B8GRCXB6,aldjgkhsalad
B0CPH63P2L,aldjgkhsalad
B09TCLWW5J,aldjgkhsalad
B09M7WWTFP,aldjgkhsalad
B0CM85D4T1,aldjgkhsalad
B0BGJJDFZX,aldjgkhsalad
B077Z6LF91,aldjgkhsalad
B087VVYJ3S,aldjgkhsalad
B0BD2KFX7W,aldjgkhsalad
B09HGVN6Y9,aldjgkhsalad
B07ZL5C47D,aldjgkhsalad
B0B1MWMZDW,aldjgkhsalad
B0B2WGMYRP,aldjgkhsalad
B001DX5O6I,aldjgkhsalad
B09G94MJFY,aldjgkhsalad
B00SQ4FSN6,aldjgkhsalad
B0CLHWD2FK,aldjgkhsalad
B0733677R6,aldjgkhsalad
B0016QT0OE,aldjgkhsalad
B000063CK5,aldjgkhsalad
B0BBLJL45P,aldjgkhsalad
B09TW54SP2,aldjgkhsalad
B0D5CRDY5G,aldjgkhsalad
B00DTLJ1B6,aldjgkhsalad
B0CJZYKB36,aldjgkhsalad
B0CQGB9LGQ,aldjgkhsalad
B00IWMX0BY,aldjgkhsalad
B0B4CSGNMZ,aldjgkhsalad
B0109IY4KE,aldjgkhsalad
B09Q89PWV5,aldjgkhsalad
B07N6ZRF9N,aldjgkhsalad
B078SL62TT,aldjgkhsalad
B0BG9F2BD6,aldjgkhsalad
B075ZSW7F6,aldjgkhsalad
B08GPTFCBQ,aldjgkhsalad
B0776VL7JQ,aldjgkhsalad
B01HGWE1KE,aldjgkhsalad
B014V7YLDE,aldjgkhsalad
B0D6RK2KKM,aldjgkhsalad
B0831PQSSJ,aldjgkhsalad
B08KGX56D4,aldjgkhsalad
B01M0L562P,aldjgkhsalad
B0B315RM3N,aldjgkhsalad
B07VTY5TP6,aldjgkhsalad
B09RW9QLSZ,aldjgkhsalad
B07NSFFW4R,aldjgkhsalad
B07ZL2LSS5,aldjgkhsalad
B0753GD1C6,aldjgkhsalad
B07V6Z7V4D,aldjgkhsalad
B0CSF8VN8H,aldjgkhsalad
B0983L6Y9V,aldjgkhsalad
B00LZQVXGS,aldjgkhsalad
B08PBK2C6G,aldjgkhsalad
B004NEWEUS,aldjgkhsalad
B07PQQDV4H,aldjgkhsalad
B083JYR6Y8,aldjgkhsalad
B073PNB2L1,aldjgkhsalad
B01ES9DK9G,aldjgkhsalad
B01LZSNHA4,aldjgkhsalad
B00FLCKL7Y,aldjgkhsalad
B00OD4ZGB2,aldjgkhsalad
B0BGNX9GQY,aldjgkhsalad
B09JB8CSXX,aldjgkhsalad
B000KOPRL8,aldjgkhsalad
B08SFW3TPC,aldjgkhsalad
B004SG3702,aldjgkhsalad
B000MN4KQ0,aldjgkhsalad
B09NPXS77F,aldjgkhsalad
B018URXZKG,aldjgkhsalad
B07RGVJTGK,aldjgkhsalad
B00YTZ594E,aldjgkhsalad
B09XBMK8R8,aldjgkhsalad
B09WSSH289,aldjgkhsalad
B09V4WZH34,aldjgkhsalad
B088X4BNNR,aldjgkhsalad
B07V8KQMDR,aldjgkhsalad
B00NMEWEHS,aldjgkhsalad
B096JZX89H,aldjgkhsalad
B00JFK0ZZG,aldjgkhsalad
B0CP3JFYG6,aldjgkhsalad
B0C6SK51XQ,aldjgkhsalad
B0C8CDFSRW,aldjgkhsalad
B0C3RSZMLH,aldjgkhsalad
B09WSC859Z,aldjgkhsalad
B07ZN9S6HP,aldjgkhsalad
B07CPZ2XC6,aldjgkhsalad
B01MXCQE5H,aldjgkhsalad
B01FV3NKOI,aldjgkhsalad
B00DZW42F4,aldjgkhsalad
B0009FHR48,aldjgkhsalad
B0BXDPQB5G,aldjgkhsalad
B09MYXKCJ4,aldjgkhsalad
B0969GM8QR,aldjgkhsalad
B093232D2M,aldjgkhsalad
B08S5LWKWN,aldjgkhsalad
B08FHBRKSK,aldjgkhsalad
B084YW83V7,aldjgkhsalad
B08CLXM9F6,aldjgkhsalad
B07QZZJW62,aldjgkhsalad
B07PS6BXLR,aldjgkhsalad
B07K5BBY66,aldjgkhsalad
B07J3FLN7B,aldjgkhsalad
B00JJ5GXSK,aldjgkhsalad
B09W759ZYN,aldjgkhsalad
B087NRSVSQ,aldjgkhsalad
B07JQHMMVM,aldjgkhsalad
B00C6M9Y3O,aldjgkhsalad
B08NJLB6PY,aldjgkhsalad
B07KG4JK3X,aldjgkhsalad
B000HHSDWS,aldjgkhsalad
B0B14D5244,aldjgkhsalad
B07H2LPWWL,aldjgkhsalad
B0C89H7YJC,aldjgkhsalad
B081LSWZBN,aldjgkhsalad
B07VC3VJBK,aldjgkhsalad
B07BSNGY1C,aldjgkhsalad
B00YOJQX4U,aldjgkhsalad
B00GHS00TK,aldjgkhsalad
B0CQVTLHV5,aldjgkhsalad
B0CPSFCVBV,aldjgkhsalad
B0CPDQ2347,aldjgkhsalad
B0CGPTML11,aldjgkhsalad
B0CB7VTL1Q,aldjgkhsalad
B0C1GV3WLZ,aldjgkhsalad
B0B56BHRLL,aldjgkhsalad
B09SHD4KTY,aldjgkhsalad
B09QKP62GG,aldjgkhsalad
B09J4WVTLW,aldjgkhsalad
B096YDX51Q,aldjgkhsalad
B0B5LPM6TG,aldjgkhsalad
B09W6CFXCX,aldjgkhsalad
B01AKRORB0,aldjgkhsalad
B095723JFP,aldjgkhsalad
B00LZQW6GO,aldjgkhsalad
B005FQXESY,aldjgkhsalad
B0CH9N27X1,aldjgkhsalad
B09CYY1276,aldjgkhsalad
B08ZJ23WS2,aldjgkhsalad
B07X3H7JF4,aldjgkhsalad
B079P3KDCZ,aldjgkhsalad
B0751F1R85,aldjgkhsalad
B00T8CZNZS,aldjgkhsalad
B00F6WGEVQ,aldjgkhsalad
B0CLLSNC2J,aldjgkhsalad
B0CB472KXW,aldjgkhsalad
B0CSDF978B,aldjgkhsalad
B0CLD37WZ5,aldjgkhsalad
B0CCY6DY6C,aldjgkhsalad
B0CBCMMBYY,aldjgkhsalad
B0C9G24FG7,aldjgkhsalad
B0C531MWG9,aldjgkhsalad
B0BTNTRYJY,aldjgkhsalad
B0BTLMSXD2,aldjgkhsalad
B0BT7N2PWY,aldjgkhsalad
B0BRPRBDGC,aldjgkhsalad
B0BQWW4MCH,aldjgkhsalad
B0BGKN66NR,aldjgkhsalad
B0BBGXP8L8,aldjgkhsalad
B0B9GD8879,aldjgkhsalad
B0B7RQGQ9D,aldjgkhsalad
B0B41GZFM7,aldjgkhsalad
B08W3133DM,aldjgkhsalad
B08R7FL34S,aldjgkhsalad
B0876BZD9C,aldjgkhsalad
B086TSWVWQ,aldjgkhsalad
B07VWHJSFK,aldjgkhsalad
B079Y821HR,aldjgkhsalad
B01MQM3GTX,aldjgkhsalad
B01EE8SG0E,aldjgkhsalad
B01EA3MBFE,aldjgkhsalad
B019TQQTNM,aldjgkhsalad
B006AVA3TQ,aldjgkhsalad
B0D7QHXSHB,aldjgkhsalad
B0CWTP49QC,aldjgkhsalad
B0CW3CQFRM,aldjgkhsalad
B0CTH1NTB5,aldjgkhsalad
B0CT87SSFH,aldjgkhsalad
B09XP2FCSQ,aldjgkhsalad
B09XHLJMR6,aldjgkhsalad
B09WH3VYPN,aldjgkhsalad
B09THLCQQB,aldjgkhsalad
B09SH3KWL2,aldjgkhsalad
B09L84V242,aldjgkhsalad
B09K68VYS5,aldjgkhsalad
B091P56FH4,aldjgkhsalad
B08X7HVCL2,aldjgkhsalad
B08WRFDQY8,aldjgkhsalad
B08HKR3X4B,aldjgkhsalad
B08DFQWC85,aldjgkhsalad
B07XZ8VBMF,aldjgkhsalad
B07THGW4PW,aldjgkhsalad
B07PLX58V5,aldjgkhsalad
B07B319Y74,aldjgkhsalad
B0CGZWNNFH,aldjgkhsalad
B009LPDMUA,aldjgkhsalad
B07TCSVWBY,aldjgkhsalad
B08LMFQNTZ,aldjgkhsalad
B0007UQKXY,aldjgkhsalad
B0CCRHYHZF,aldjgkhsalad
B0BN4HGMMT,aldjgkhsalad
B0B6N7N8D4,aldjgkhsalad
B0C86S4NKW,aldjgkhsalad
B0B4BFRQ6P,aldjgkhsalad
B07DF4TFXH,aldjgkhsalad
B087F3NMNP,aldjgkhsalad
B09FJ9KWXF,aldjgkhsalad
B07Q7GR914,aldjgkhsalad
B01EX4WASS,aldjgkhsalad
B07L5RJLN1,aldjgkhsalad
B09B9YP27M,aldjgkhsalad
B0000AYAAO,aldjgkhsalad
B00C6M98AI,aldjgkhsalad
B093CXG29S,aldjgkhsalad
B0CYTCFN1S,aldjgkhsalad
B0CVXBG67Q,aldjgkhsalad
B09465WPTM,aldjgkhsalad
B09CZJ79BC,aldjgkhsalad
B09PZW6B8Q,aldjgkhsalad
B01CP16YC4,aldjgkhsalad
B00H2BBWA2,aldjgkhsalad
B00BB3N35O,aldjgkhsalad
B07MNXP52K,aldjgkhsalad
B00162NTQI,aldjgkhsalad
B0752ZXTSZ,aldjgkhsalad
B094YMLWBD,aldjgkhsalad
B0111LLPH8,aldjgkhsalad
B0DBLD4SWT,aldjgkhsalad
B01NBMNIGW,aldjgkhsalad
B0D9D7VY3M,aldjgkhsalad
B0BN364XSG,aldjgkhsalad
B0CTFC5VFG,aldjgkhsalad
B01N4GOSSN,aldjgkhsalad
B0CH5LBVFD,aldjgkhsalad
B07F22DQVB,aldjgkhsalad
B0B1HLQPMB,aldjgkhsalad
B001DKRMCA,aldjgkhsalad
B08N4CTBG2,aldjgkhsalad
B08FTFJ4MD,aldjgkhsalad
B083CDHPK7,aldjgkhsalad
B09BKV4R2J,aldjgkhsalad
B082TVK8KQ,aldjgkhsalad
B07GY42W99,aldjgkhsalad
B08K3J419V,aldjgkhsalad
B0744ZKD8W,aldjgkhsalad
B08411JL4L,aldjgkhsalad
B0741G3YX8,aldjgkhsalad
B0D7BT8621,aldjgkhsalad
B002CO2X7A,aldjgkhsalad
B01KN2DRLI,aldjgkhsalad
B0C7FR816G,aldjgkhsalad
B09WF8MY1F,aldjgkhsalad
B09WKXLYZ4,aldjgkhsalad
B0BR3MFNFF,aldjgkhsalad
B01AAOJSLC,aldjgkhsalad
B0CYPSRPGZ,aldjgkhsalad
B00K6PGBHU,aldjgkhsalad
B06ZYBM5MQ,aldjgkhsalad
B0B4GSC6GF,aldjgkhsalad
B01N2ORLLA,aldjgkhsalad
B0BTPJZV3R,aldjgkhsalad
B08NJPFHSL,aldjgkhsalad
B09738MCZW,aldjgkhsalad
B0D2BBWYBQ,aldjgkhsalad
B0C375Y1ZH,aldjgkhsalad
B096KYCZGH,aldjgkhsalad
B0002SPCBC,aldjgkhsalad
B0CX1XS7ZV,aldjgkhsalad
B0D2J9DM8L,aldjgkhsalad
B09Q36JH73,aldjgkhsalad
B08BZYTM4C,aldjgkhsalad
B005VOOHUE,aldjgkhsalad
B0BCV13DX2,aldjgkhsalad
B0B397XWZT,aldjgkhsalad
B09ZXY3TH3,aldjgkhsalad
B09Q824W9B,aldjgkhsalad
B08D7GCCFW,aldjgkhsalad
B082VC6JCZ,aldjgkhsalad
B07SKRVJF4,aldjgkhsalad
B01L8BRR4Q,aldjgkhsalad
B00BSGF1MC,aldjgkhsalad
B0D72WNC1C,aldjgkhsalad
B0CY2YJXLD,aldjgkhsalad
B0CM8XPSF9,aldjgkhsalad
B0CM66CP3X,aldjgkhsalad
B0BXHBJ4FR,aldjgkhsalad
B0BGL8NN3N,aldjgkhsalad
B08KJ88XQV,aldjgkhsalad
B0732DV3MQ,aldjgkhsalad
B00GIIHD4O,aldjgkhsalad
B08WG685ZG,aldjgkhsalad
B07PDZY2L3,aldjgkhsalad
B074N61LMD,aldjgkhsalad
B071K6TKL9,aldjgkhsalad
B00VRIVY8G,aldjgkhsalad
B003NI3MSS,aldjgkhsalad
B003C1Q1ZW,aldjgkhsalad
B000EMK586,aldjgkhsalad
B0DBSXJWJZ,aldjgkhsalad
B0D5B5HBHW,aldjgkhsalad
B0CHYLZ329,aldjgkhsalad
B0C5XVFRZV,aldjgkhsalad
B0C49VNMCT,aldjgkhsalad
B0C3BX1V5L,aldjgkhsalad
B0BXRXWSYY,aldjgkhsalad
B0BL6PPSHJ,aldjgkhsalad
B0BHW3ND96,aldjgkhsalad
B0B6F57DY5,aldjgkhsalad
B0B3M49XK6,aldjgkhsalad
B0B3HFB5XP,aldjgkhsalad
B09G5LHS2G,aldjgkhsalad
B097L9V326,aldjgkhsalad
B073HFY3MT,aldjgkhsalad
B01DV2MA1U,aldjgkhsalad
B00ZBCU2JG,aldjgkhsalad
B00WI0CPOO,aldjgkhsalad
B004HIM45U,aldjgkhsalad
B001G7JBU6,aldjgkhsalad
B000CRLTYW,aldjgkhsalad
B07PK5TWVH,aldjgkhsalad
B0000541WJ,aldjgkhsalad
B08FVHS5R1,aldjgkhsalad
B07GRQ7R92,aldjgkhsalad
B004C629AM,aldjgkhsalad
B0CPFDD32X,aldjgkhsalad
B08281V4F7,aldjgkhsalad
B00T20RJX0,aldjgkhsalad
B09FLSZRYP,aldjgkhsalad
B07Q9JQVL9,aldjgkhsalad
B0834KBW5M,aldjgkhsalad
B08QTJHT6G,aldjgkhsalad
B07J2RLMWB,aldjgkhsalad
B0C991SPQB,aldjgkhsalad
B0B23937KH,aldjgkhsalad
B0B4X48F3Z,aldjgkhsalad
B00KO8W1QE,aldjgkhsalad
B00W6Y3I3O,aldjgkhsalad
B09QG4W4DP,aldjgkhsalad
B0CTYGRXBS,aldjgkhsalad
B08B14XFBL,aldjgkhsalad
B08D8SQ31W,aldjgkhsalad
B0CNXR3TM4,aldjgkhsalad
B00FRSYS12,aldjgkhsalad
B09P3LBYBG,aldjgkhsalad
B07C7QWGWF,aldjgkhsalad
B082VWZX7F,aldjgkhsalad
B0C1NLKPL3,aldjgkhsalad
B07GXZ23KG,aldjgkhsalad
B08FX8FHGJ,aldjgkhsalad
B09QTQFVHL,aldjgkhsalad
B07YBQQSBC,aldjgkhsalad
B08Y5ZVMHK,aldjgkhsalad
B07WCBXFKG,aldjgkhsalad
B08BW91QR3,aldjgkhsalad
B0029F1OKE,aldjgkhsalad
B076VSH2RF,aldjgkhsalad
B09WRC5YTL,aldjgkhsalad
B0CVSF4RBX,aldjgkhsalad
B00M5AX1YK,aldjgkhsalad
B0CNGDLL2K,aldjgkhsalad
B0BB2BNY3P,aldjgkhsalad
B0CLHG56WR,aldjgkhsalad
B00LPTY2HM,aldjgkhsalad
B0C3GM3R2F,aldjgkhsalad
B0826XG5KQ,aldjgkhsalad
B0B21FTFGS,aldjgkhsalad
B07DK8JJ16,aldjgkhsalad
B09ZP7CW5Z,aldjgkhsalad
B09K3X69S1,aldjgkhsalad
B08PVX9P7F,aldjgkhsalad
B07JR2HQLM,aldjgkhsalad
B08HQ562XL,aldjgkhsalad
B07DTLS4BS,aldjgkhsalad
B074DR6LJ2,aldjgkhsalad
B0CPSV5HBL,aldjgkhsalad
B005MS96EG,aldjgkhsalad
B07BS6VB65,aldjgkhsalad
B002CO2X34,aldjgkhsalad
B0B5ZR6J5L,aldjgkhsalad
B01C1XXALY,aldjgkhsalad
B00ISJ1SZ6,aldjgkhsalad
B00EG0A1YK,aldjgkhsalad
B004VQXWFY,aldjgkhsalad
B08QVFBRV3,aldjgkhsalad
B077PB5MRY,aldjgkhsalad
B00NJ0HZ8I,aldjgkhsalad
B00LP4CB9S,aldjgkhsalad
B00JQM6HD2,aldjgkhsalad
B009PG1FBI,aldjgkhsalad
B004VDD5JU,aldjgkhsalad
B0BP2WJYTS,aldjgkhsalad
B09PJ8BLJS,aldjgkhsalad
B07GBP8ZWZ,aldjgkhsalad
B076PSJ3J7,aldjgkhsalad
B06XTR3LH3,aldjgkhsalad
B01DQNE71K,aldjgkhsalad
B0CQCLJN4Q,aldjgkhsalad
B0C68MDJKK,aldjgkhsalad
B0C5WF57KJ,aldjgkhsalad
B0CZKX7MNM,aldjgkhsalad
B07GSP9Z5Z,aldjgkhsalad
B085NDYYJV,aldjgkhsalad
B07JD2HX87,aldjgkhsalad
B01IU441UC,aldjgkhsalad
B08B54CT28,aldjgkhsalad
B09159B2QF,aldjgkhsalad
B08FTGRPV3,aldjgkhsalad
B0841182S1,aldjgkhsalad
B0924SX973,aldjgkhsalad
B0BCGYYTYD,aldjgkhsalad
B09Y32N2DL,aldjgkhsalad
B09Y16CP1L,aldjgkhsalad
B0002F73PS,aldjgkhsalad
B0C9CGPS9X,aldjgkhsalad
B094V7S7B9,aldjgkhsalad
B07Z9R3FYL,aldjgkhsalad
B0748WKC87,aldjgkhsalad
B08VGZN6VZ,aldjgkhsalad
B07SRXKBYP,aldjgkhsalad
B08KYJRH9W,aldjgkhsalad
B00YP1PD7U,aldjgkhsalad
B07PFR7CJJ,aldjgkhsalad
B09JXRY734,aldjgkhsalad
B08CXL8B5C,aldjgkhsalad
B07774K4ZG,aldjgkhsalad
B0BSP5WMT4,aldjgkhsalad
B07D4JC7QC,aldjgkhsalad
B00U335DXS,aldjgkhsalad
B0CMQLB2WC,aldjgkhsalad
B0BQ375K21,aldjgkhsalad
B09B6WXCRT,aldjgkhsalad
B0BS2PDTW8,aldjgkhsalad
B0BFWK6Y9Q,aldjgkhsalad
B0B12CBGFN,aldjgkhsalad
B09NXH6D7V,aldjgkhsalad
B09LQK9RVT,aldjgkhsalad
B09D8M1GK6,aldjgkhsalad
B08YS41XZ9,aldjgkhsalad
B08G1G1BKX,aldjgkhsalad
B089P2RDHK,aldjgkhsalad
B07Y8TRNF6,aldjgkhsalad
B07XRJ2217,aldjgkhsalad
B07GYW57V3,aldjgkhsalad
B073XTXXGY,aldjgkhsalad
B0002MRUVI,aldjgkhsalad
B0DHZ3L2D3,aldjgkhsalad
B0D9RMS326,aldjgkhsalad
B089ZW4H8J,aldjgkhsalad
B083GD56GP,aldjgkhsalad
B07QJVGJV7,aldjgkhsalad
B0752SQ17Q,aldjgkhsalad
B01E0HWN3U,aldjgkhsalad
B014ISFR84,aldjgkhsalad
B00R3KE466,aldjgkhsalad
B0C7RRMDVQ,aldjgkhsalad
B07NF3G29P,aldjgkhsalad
B084VS2KLS,aldjgkhsalad
B0855SMWT1,aldjgkhsalad
B0B6VPR75Y,aldjgkhsalad
B0BG6HZ9LH,aldjgkhsalad
B01ID3HOJK,aldjgkhsalad
B089SXFCHY,aldjgkhsalad
B08M9DNJR7,aldjgkhsalad
B07YLM8HZH,aldjgkhsalad
B0B51HPHKG,aldjgkhsalad
B08KFP3PJX,aldjgkhsalad
B09Y25B58R,aldjgkhsalad
B07SPFF2W1,aldjgkhsalad
B09LMNYPS2,aldjgkhsalad
B0C6Q4JXKT,aldjgkhsalad
B0D83QMTNG,aldjgkhsalad
B0CQ81WKLK,aldjgkhsalad
B0CHVRJPC2,aldjgkhsalad
B0CH8WH98G,aldjgkhsalad
B0CD3WYJLS,aldjgkhsalad
B0BWJCNCB1,aldjgkhsalad
B0BPSH323F,aldjgkhsalad
B0BFVQH9BN,aldjgkhsalad
B0BCPRJJ6H,aldjgkhsalad
B0B741VVRL,aldjgkhsalad
B09XSSNHK7,aldjgkhsalad
B09NBWGGFQ,aldjgkhsalad
B09813B5YJ,aldjgkhsalad
B08ZMT9QWJ,aldjgkhsalad
B08ZJPXWQN,aldjgkhsalad
B08KVZVK51,aldjgkhsalad
B07PV5CYL5,aldjgkhsalad
B01G9868V6,aldjgkhsalad
B07TK27JF1,aldjgkhsalad
B0CLD4Z8C8,aldjgkhsalad
B0CF2NL3YJ,aldjgkhsalad
B000X2W6LQ,aldjgkhsalad
B07XDHLWJ9,aldjgkhsalad
B0B3Z2K1MB,aldjgkhsalad
B0CQ9H7L1P,aldjgkhsalad
B09ZYSLH61,aldjgkhsalad
B0CMZRZWSD,aldjgkhsalad
B07VGWZ7C7,aldjgkhsalad
B0BNVQYCNJ,aldjgkhsalad
B08PK3DTDK,aldjgkhsalad
B0B7F346Q4,aldjgkhsalad
B000G666HE,aldjgkhsalad
B09SF1KNFH,aldjgkhsalad
B07WCM4B32,aldjgkhsalad
B09PNTJ5V9,aldjgkhsalad
B009AYJ0VW,aldjgkhsalad
B09J12MFPQ,aldjgkhsalad
B0B524C51X,aldjgkhsalad
B08YNKTKS3,aldjgkhsalad
B01G97XSN8,aldjgkhsalad
B08L4Y184J,aldjgkhsalad
B00QSLAAUK,aldjgkhsalad
B0855GYFBJ,aldjgkhsalad
B09LVB7D8F,aldjgkhsalad
B082W1GR5K,aldjgkhsalad
B098FGXMF6,aldjgkhsalad
B07YZCCPWL,aldjgkhsalad
B08948J7Z4,aldjgkhsalad
B00FE95FJI,aldjgkhsalad
B07VXDZXWB,aldjgkhsalad
B0CQR9M6LD,aldjgkhsalad
B07RT22JV6,aldjgkhsalad
B07G5LDDN4,aldjgkhsalad
B07Q1K4NLS,aldjgkhsalad
B082FY8K7W,aldjgkhsalad
B06XB2NT8T,aldjgkhsalad
B09B6X4FKQ,aldjgkhsalad
B01EXKYCXS,aldjgkhsalad
B00OEQ8UG2,aldjgkhsalad
B014JMR750,aldjgkhsalad
B09SZ399KP,aldjgkhsalad
B00NQNB6BA,aldjgkhsalad
B07TTX7FF5,aldjgkhsalad
B001VGE27O,aldjgkhsalad
B0DF4VTFRZ,aldjgkhsalad
B0DDNL4S2C,aldjgkhsalad
B0DB6GC99Y,aldjgkhsalad
B0D4DNB9NK,aldjgkhsalad
B0CYGMGBWG,aldjgkhsalad
B0CRJXTM1G,aldjgkhsalad
B0CLRHL4X4,aldjgkhsalad
B0CHBC9V95,aldjgkhsalad
B0CGLQ59RN,aldjgkhsalad
B0B967C38Q,aldjgkhsalad
B0B8MBQTDM,aldjgkhsalad
B0B8CZJRKC,aldjgkhsalad
B0B28HM6PX,aldjgkhsalad
B09RWJ46S6,aldjgkhsalad
B09P13M7G9,aldjgkhsalad
B09M6N7L5H,aldjgkhsalad
B07DC1XTGT,aldjgkhsalad
B0D7V6SY7Y,aldjgkhsalad
B095GQLG79,aldjgkhsalad
B07H5S1YK1,aldjgkhsalad
B0CVNKW9QS,aldjgkhsalad
B0CLJNRSCS,aldjgkhsalad
B0C9PWDJRY,aldjgkhsalad
B0BTXVM587,aldjgkhsalad
B0BTKGLZPM,aldjgkhsalad
B0937F5RYV,aldjgkhsalad
B08THL7N1V,aldjgkhsalad
B088ZCDF8W,aldjgkhsalad
B07YCQ6MVM,aldjgkhsalad
B07B8RLX91,aldjgkhsalad
B0088PR45I,aldjgkhsalad
B0018IDIRU,aldjgkhsalad
B09J4ZLF3H,aldjgkhsalad
B07JCH8878,aldjgkhsalad
B07G6CQZ7H,aldjgkhsalad
B008WCIPIW,aldjgkhsalad
B0CPDPRCC4,aldjgkhsalad
B071P4X3LQ,aldjgkhsalad
B0943MJYCD,aldjgkhsalad
B093BH6BDQ,aldjgkhsalad
B078TD5XY2,aldjgkhsalad
B0D8Q6BKFR,aldjgkhsalad
B0CYZK67SX,aldjgkhsalad
B0CDL8Q431,aldjgkhsalad
B0CC6HMHJ7,aldjgkhsalad
B0C6MPBL62,aldjgkhsalad
B0C1YT9L85,aldjgkhsalad
B099QZ4VJJ,aldjgkhsalad
B091SMN64F,aldjgkhsalad
B08N6TJDM7,aldjgkhsalad
B08BW6RVCB,aldjgkhsalad
B07N8F8K2X,aldjgkhsalad
B07CQGMDV6,aldjgkhsalad
B0798TK3FB,aldjgkhsalad
B013BZSGM4,aldjgkhsalad
B00OC1SQF4,aldjgkhsalad
B00AXK9TT0,aldjgkhsalad
B009IEXRCW,aldjgkhsalad
B000WBCLCW,aldjgkhsalad
B0BXBMNTZ3,aldjgkhsalad
B08289N3G7,aldjgkhsalad
B0CHYDSCH4,aldjgkhsalad
B002MYQTEI,aldjgkhsalad
B073CJXL9Q,aldjgkhsalad
B07C7HRV4P,aldjgkhsalad
B0CYP41DHJ,aldjgkhsalad
B008W0DRNM,aldjgkhsalad
B0BRZVDFN4,aldjgkhsalad
B0CRDSLCKX,aldjgkhsalad
B085R9NHXK,aldjgkhsalad
B08DKBCGTB,aldjgkhsalad
B08YJJ9B97,aldjgkhsalad
B00305H6UO,aldjgkhsalad
B07XP75ZZ8,aldjgkhsalad
B079SWWMV4,aldjgkhsalad
B0B4WT6QQ2,aldjgkhsalad
B09P2NRDRT,aldjgkhsalad
B077KFFQHX,aldjgkhsalad
B0B9H6QBZY,aldjgkhsalad
B00AKZGIHO,aldjgkhsalad
B0DLK82K11,aldjgkhsalad
B08FVGCVVL,aldjgkhsalad
B09K7X7FDC,aldjgkhsalad
B09LS718PL,aldjgkhsalad
B07VZB6C54,aldjgkhsalad
B08BWCCPSL,aldjgkhsalad
B07ZPCNHPL,aldjgkhsalad
B0CDGSBZ47,aldjgkhsalad
B0CQLV62Y9,aldjgkhsalad
B08P14G3LF,aldjgkhsalad
B07H5V41BM,aldjgkhsalad
B0CNH2W1TC,aldjgkhsalad
B0BRVTK9Z1,aldjgkhsalad
B0C1HM7LBY,aldjgkhsalad
B07TSZZQDJ,aldjgkhsalad
B0BJDFM6JR,aldjgkhsalad
B0BYV9FVSS,aldjgkhsalad
B0BFHB5D3Y,aldjgkhsalad
B0BQC1J556,aldjgkhsalad
B0B9G2T3KJ,aldjgkhsalad
B08XQFPJB9,aldjgkhsalad
B0B81624J9,aldjgkhsalad
B01N6IW11E,aldjgkhsalad
B0B312HZJP,aldjgkhsalad
B089ZZG21G,aldjgkhsalad
B09TDNYKKT,aldjgkhsalad
B00S0DAMN4,aldjgkhsalad
B008VFVV5E,aldjgkhsalad
B0060ON1XI,aldjgkhsalad
B01J1APUUE,aldjgkhsalad
B0D8KS94MM,aldjgkhsalad
B0819NHT43,aldjgkhsalad
B09NS6R4GH,aldjgkhsalad
B07ZR5WV5X,aldjgkhsalad
B07KT8ZP8Y,aldjgkhsalad
B074SCBKG4,aldjgkhsalad
B0CL6N57V1,aldjgkhsalad
B07T3G5CH9,aldjgkhsalad
B09994BBQN,aldjgkhsalad
B08CDRPN2B,aldjgkhsalad
B0091VQGNY,aldjgkhsalad
B003NAAQ4E,aldjgkhsalad
B003EW0EJI,aldjgkhsalad
B0BXWRH7FK,aldjgkhsalad
B07YGTN6W1,aldjgkhsalad
B01H77IG7C,aldjgkhsalad
B082H84TXR,aldjgkhsalad
B0BP74JQMM,aldjgkhsalad
B0BL2K8ZTW,aldjgkhsalad
B084VCQL9Q,aldjgkhsalad
B07J6QYTVY,aldjgkhsalad
1616615354,aldjgkhsalad
B089LTG4XV,aldjgkhsalad
B0116EYSG0,aldjgkhsalad
B0B1Y5551H,aldjgkhsalad
B09XMPF2P8,aldjgkhsalad
B0063XMVSM,aldjgkhsalad
B078NL4YCJ,aldjgkhsalad
B07V4N5CBX,aldjgkhsalad
B09Q1X6X61,aldjgkhsalad
B074PD9PMM,aldjgkhsalad
B07YZC8Q7S,aldjgkhsalad
B01N2IJ64A,aldjgkhsalad
B07C9YX4CF,aldjgkhsalad
B07WQTV19X,aldjgkhsalad
B075G22LW5,aldjgkhsalad
B07YNVMTWC,aldjgkhsalad
B07454K5FW,aldjgkhsalad
B0CXVXZPQV,aldjgkhsalad
B071YYPRDX,aldjgkhsalad
B0CP9J7DF3,aldjgkhsalad
B08Z7CCDDC,aldjgkhsalad
B01CPQHARW,aldjgkhsalad
B087H6334J,aldjgkhsalad
B0BY4XL4Q6,aldjgkhsalad
B0CCKY85WK,aldjgkhsalad
B0CBT1Q6WS,aldjgkhsalad
B0BYDGVQ47,aldjgkhsalad
B0BSGPZXJ5,aldjgkhsalad
B0BQR522Y6,aldjgkhsalad
B0BGZRH2QM,aldjgkhsalad
B0BGLPV6HQ,aldjgkhsalad
B0B5Z3815C,aldjgkhsalad
B09P4CG8YG,aldjgkhsalad
B09D8YYGRP,aldjgkhsalad
B095SF92MP,aldjgkhsalad
B0913JK7SC,aldjgkhsalad
B08J7FKNZP,aldjgkhsalad
B08CX9RC6H,aldjgkhsalad
B08CK8N79D,aldjgkhsalad
B08766RMX5,aldjgkhsalad
B079LQHKBJ,aldjgkhsalad
B077ZLXNMY,aldjgkhsalad
B075BHJKKS,aldjgkhsalad
B01MQUPGYY,aldjgkhsalad
B0B4JV1ZPD,aldjgkhsalad
B09JSDLVFS,aldjgkhsalad
B085LD1M18,aldjgkhsalad
B07DFHCG7T,aldjgkhsalad
B0C1FZQYL2,aldjgkhsalad
B0B1DKJVQ8,aldjgkhsalad
B08K8K8S1N,aldjgkhsalad
B07MTSSR5L,aldjgkhsalad
B079C4T8WK,aldjgkhsalad
B01FXCKYL4,aldjgkhsalad
B01DNMFK74,aldjgkhsalad
B0CT3L66N9,aldjgkhsalad
B0CR169TZ6,aldjgkhsalad
B0CPM37MC2,aldjgkhsalad
B0CPLLFG23,aldjgkhsalad
B0CH9XQ4CN,aldjgkhsalad
B0079NBSE8,aldjgkhsalad
B004EXF9AU,aldjgkhsalad
B00IBIN9PG,aldjgkhsalad
B0029562II,aldjgkhsalad
B08P5M2FX1,aldjgkhsalad
B07ST4LJ4F,aldjgkhsalad
B071158C9P,aldjgkhsalad
B004HE8CSC,aldjgkhsalad
B0CLBBDTSW,aldjgkhsalad
B09WJJ95D4,aldjgkhsalad
B09MSG6ZXV,aldjgkhsalad
B01MS4DORI,aldjgkhsalad
B09MMKDT2V,aldjgkhsalad
B077N736SN,aldjgkhsalad
B0BPWY22KR,aldjgkhsalad
B07JLJY89Y,aldjgkhsalad
B0D1KZ6PWN,aldjgkhsalad
B0D2K2JH9J,aldjgkhsalad
B0CSHFRLY2,aldjgkhsalad
B08R32WWFV,aldjgkhsalad
B0CQTZ4ST8,aldjgkhsalad
B07MPSDD2W,aldjgkhsalad
B0BXFQGK7Y,aldjgkhsalad
B09MYPTC16,aldjgkhsalad
B07VQ2RZSN,aldjgkhsalad
B00KA8YC6A,aldjgkhsalad
B0BL8R31M5,aldjgkhsalad
B0002YVPQW,aldjgkhsalad
B00NTT2JO4,aldjgkhsalad
B008PPPRUK,aldjgkhsalad
B09MZ1HHW5,aldjgkhsalad
B007OULQSY,aldjgkhsalad
B0002SRGXY,aldjgkhsalad
B0BMFJN15F,aldjgkhsalad
B095HY31Z2,aldjgkhsalad
B0CVTSL1PB,aldjgkhsalad
B00GJ03IGI,aldjgkhsalad
B0001YW2NI,aldjgkhsalad
B093BK2NVT,aldjgkhsalad
B00NTT2JQM,aldjgkhsalad
B08DRKD249,aldjgkhsalad
B07WQYDGHZ,aldjgkhsalad
B075M1BMB6,aldjgkhsalad
B07KJX5QT6,aldjgkhsalad
B079VT2ZPT,aldjgkhsalad
B07FMZHDPV,aldjgkhsalad
B092P45Q4H,aldjgkhsalad
B09RQ9DWJF,aldjgkhsalad
B00F2QMR5I,aldjgkhsalad
B07BNTBFXX,aldjgkhsalad
B07FKH3VPV,aldjgkhsalad
B0CR9QZWXF,aldjgkhsalad
B09RD24SV2,aldjgkhsalad
B09792FB54,aldjgkhsalad
B07C3WK867,aldjgkhsalad
B002C645GA,aldjgkhsalad
B0CJ91Y7W7,aldjgkhsalad
B004TABTWU,aldjgkhsalad
B0CB8XPZBM,aldjgkhsalad
B09PB7G341,aldjgkhsalad
B06Y2DMBF4,aldjgkhsalad
B08HSRD1WJ,aldjgkhsalad
B088R9QNXM,aldjgkhsalad
B01M3OC32L,aldjgkhsalad
B0078U8SCM,aldjgkhsalad
B0017I0KFY,aldjgkhsalad
B0D6G9DTVF,aldjgkhsalad
B0D5L3DXV4,aldjgkhsalad
B0D2WWSSHF,aldjgkhsalad
B0D231P8QG,aldjgkhsalad
B0CZNS4598,aldjgkhsalad
B0CYQKR4XH,aldjgkhsalad
B0CXHNG8KP,aldjgkhsalad
B0CQLDWB48,aldjgkhsalad
B0CM3PP4KT,aldjgkhsalad
B0CLLF57YL,aldjgkhsalad
B0CF9RZJN7,aldjgkhsalad
B0CF4ZH6WK,aldjgkhsalad
B0CC5H7LWN,aldjgkhsalad
B0CBYJBBK8,aldjgkhsalad
B098XDFZ9L,aldjgkhsalad
B07C2SF76G,aldjgkhsalad
B074JFJHH2,aldjgkhsalad
B00XLHTJLK,aldjgkhsalad
B07YVMXY6V,aldjgkhsalad
B07Y8Q3XVV,aldjgkhsalad
B07JD1W9GP,aldjgkhsalad
B075R4QVGM,aldjgkhsalad
B01N028C75,aldjgkhsalad
B0C6MDD12B,aldjgkhsalad
B0C33CD41P,aldjgkhsalad
B0BQ6LT8MQ,aldjgkhsalad
B0B4B2BS2Y,aldjgkhsalad
B08W78KC99,aldjgkhsalad
B085CN6G4L,aldjgkhsalad
B07SQ5BVLL,aldjgkhsalad
B07BPFJ9BQ,aldjgkhsalad
B09S5YBF88,aldjgkhsalad
B00JRE6YMS,aldjgkhsalad
B0BX3Y6YFM,aldjgkhsalad
B09BZ1VCBM,aldjgkhsalad
B08MQX7XRS,aldjgkhsalad
B001UNXM6U,aldjgkhsalad
B0CMQL2C6S,aldjgkhsalad
B0BKQD2PBF,aldjgkhsalad
B0B32TVC3K,aldjgkhsalad
B09S22CX16,aldjgkhsalad
B085Z8WBBS,aldjgkhsalad
B00HV7U4EC,aldjgkhsalad
B0CZR5XXDT,aldjgkhsalad
B0C4471WMQ,aldjgkhsalad
B0BZL5FC2T,aldjgkhsalad
B0C9446ZZ2,aldjgkhsalad
B0C8J21T6W,aldjgkhsalad
B0C8CQYX5L,aldjgkhsalad
B0C7XQBDXS,aldjgkhsalad
B0C39YKGX7,aldjgkhsalad
B0C1HS81WM,aldjgkhsalad
B0BT9PK8ZV,aldjgkhsalad
B0BS28PBDC,aldjgkhsalad
B0BQ65Y6GD,aldjgkhsalad
B0BMPX4CNJ,aldjgkhsalad
B0BM5K6B3C,aldjgkhsalad
B0BFJ61GTY,aldjgkhsalad
B0BBL9T3M1,aldjgkhsalad
B0B66JRT4T,aldjgkhsalad
B0B55ZYT7C,aldjgkhsalad
B0B2PL8KTY,aldjgkhsalad
B07C9C1NQ3,aldjgkhsalad
B0D8LDNF2V,aldjgkhsalad
B0C8445NCX,aldjgkhsalad
B0C48LFQMN,aldjgkhsalad
B09QJL4B85,aldjgkhsalad
B087CS3P79,aldjgkhsalad
B07YBQ3Q3R,aldjgkhsalad
B07QS6JML4,aldjgkhsalad
B07NJYCDZT,aldjgkhsalad
B072XCBQPW,aldjgkhsalad
B01BKSDE26,aldjgkhsalad
B00RYEUBBI,aldjgkhsalad
B004VTFW9K,aldjgkhsalad
B000HZCAT2,aldjgkhsalad
B0DP69P45T,aldjgkhsalad
B0CSFXGKGK,aldjgkhsalad
B0CKY4RHRD,aldjgkhsalad
B0CH81K281,aldjgkhsalad
B0CG623MW4,aldjgkhsalad
B0C5CY1KMH,aldjgkhsalad
B0BB1DVVQC,aldjgkhsalad
B0924MB268,aldjgkhsalad
B08XC26V3C,aldjgkhsalad
B07HL7744J,aldjgkhsalad
B07FT2ZZHP,aldjgkhsalad
B079G8VM8C,aldjgkhsalad
B079DLS6PJ,aldjgkhsalad
B0793LBDGY,aldjgkhsalad
B0756ZV3X6,aldjgkhsalad
B00COT8K70,aldjgkhsalad
B00BBU0350,aldjgkhsalad
B0078UAMBM,aldjgkhsalad
B0095ZDZCQ,aldjgkhsalad
B07XBBBBRG,aldjgkhsalad
B01CDG08ZU,aldjgkhsalad
B005VFBNWS,aldjgkhsalad
B07RG2XGWQ,aldjgkhsalad
B07VFMKJ86,aldjgkhsalad
B071ZPJ7JY,aldjgkhsalad
B07PSKXCR2,aldjgkhsalad
B07PHMQ7X2,aldjgkhsalad
B086YDK4PB,aldjgkhsalad
B084DBZ859,aldjgkhsalad
B081QVFJMM,aldjgkhsalad
B00CMT9DS2,aldjgkhsalad
B00TXW0UQK,aldjgkhsalad
B0D22PP5FX,aldjgkhsalad
B08D1VMZTL,aldjgkhsalad
B085GLW1M2,aldjgkhsalad
B07VXRQK6H,aldjgkhsalad
B07V9X5BSR,aldjgkhsalad
B07V7DY61K,aldjgkhsalad
B07TN2BMNQ,aldjgkhsalad
B07TJ8KTD5,aldjgkhsalad
B07Q5NXL76,aldjgkhsalad
B07PZ7M7M6,aldjgkhsalad
B07NGT2QRY,aldjgkhsalad
B07N6QMRGC,aldjgkhsalad
B07G5N8SVT,aldjgkhsalad
B07BMTPQPN,aldjgkhsalad
B078GX7WB9,aldjgkhsalad
B077V1WXFD,aldjgkhsalad
B075V2YS44,aldjgkhsalad
B075KZPVTK,aldjgkhsalad
B09VN6XFFL,aldjgkhsalad
B09VF683WJ,aldjgkhsalad
B09QKMWD1W,aldjgkhsalad
B09Q8PNKKQ,aldjgkhsalad
B09NMQM3QQ,aldjgkhsalad
B09NJKCNLX,aldjgkhsalad
B09M3NRB25,aldjgkhsalad
B09DTLK3WP,aldjgkhsalad
B09C2R4QFP,aldjgkhsalad
B098TPYFQ6,aldjgkhsalad
B093LJQPR1,aldjgkhsalad
B08YH4JC4Q,aldjgkhsalad
B08XYM68JC,aldjgkhsalad
B08PMFC23V,aldjgkhsalad
B08L6WV2GR,aldjgkhsalad
B088WMLZ58,aldjgkhsalad
B074ZR932W,aldjgkhsalad
B074YHNF8H,aldjgkhsalad
B06Y2SJFB8,aldjgkhsalad
B0191KFKM2,aldjgkhsalad
B014OOSFK4,aldjgkhsalad
B00TJS2FH0,aldjgkhsalad
B00FXKW2B2,aldjgkhsalad
B00BNHZBRQ,aldjgkhsalad
B00AKKJ0FG,aldjgkhsalad
B00A6GBEIA,aldjgkhsalad
B0086875TC,aldjgkhsalad
B006YW760A,aldjgkhsalad
B004VTGT2E,aldjgkhsalad
B002ZMESFE,aldjgkhsalad
B01GOUNZ10,aldjgkhsalad
B001CCFKE6,aldjgkhsalad
B076C3F3QD,aldjgkhsalad
B08LPBXGC5,aldjgkhsalad
B07PW83BFW,aldjgkhsalad
B0B96CFY2Z,aldjgkhsalad
B01AIIPHOM,aldjgkhsalad
B00CTKI5WO,aldjgkhsalad
B0D1TR331H,aldjgkhsalad
B00DQV4ULA,aldjgkhsalad
B09B44Y23G,aldjgkhsalad
B001JECAM2,aldjgkhsalad
B07PHVSKNR,aldjgkhsalad
B00F30BEZM,aldjgkhsalad
B000QS2XQK,aldjgkhsalad
B011AE3V6Y,aldjgkhsalad
B0BDFS9SS6,aldjgkhsalad
B0C2DJ4G1N,aldjgkhsalad
B007CNDAX2,aldjgkhsalad
B00SKFBMHC,aldjgkhsalad
B07R4CD5KS,aldjgkhsalad
B09GBMPBPS,aldjgkhsalad
B0829FH5DF,aldjgkhsalad
B0CW9J2FV5,aldjgkhsalad
B0BRNC92KC,aldjgkhsalad
B00E0EO594,aldjgkhsalad
B08XBXHT7V,aldjgkhsalad
B09FDV5VXB,aldjgkhsalad
B08HFN1JM6,aldjgkhsalad
B01AITJT9A,aldjgkhsalad
B00F30BFSS,aldjgkhsalad
B0BJY8PBR1,aldjgkhsalad
B09B2GN2JC,aldjgkhsalad
B07146M3QW,aldjgkhsalad
B06X9Q9XW3,aldjgkhsalad
B07TP5F1KS,aldjgkhsalad
B0976X9M21,aldjgkhsalad
B08R5XVX2B,aldjgkhsalad
B0BYJKM1FM,aldjgkhsalad
B00MLCT4UW,aldjgkhsalad
B07FYTBHNV,aldjgkhsalad
B08LD65DC7,aldjgkhsalad
B08F3YRVJV,aldjgkhsalad
B0CBM3JDLT,aldjgkhsalad
B00ZAQVMJC,aldjgkhsalad
B0CDWK53J3,aldjgkhsalad
B07N8LVT6F,aldjgkhsalad
B0D2NSRCF6,aldjgkhsalad
B0D26FCHNJ,aldjgkhsalad
B0C784LNY1,aldjgkhsalad
B0C6LRXY2Q,aldjgkhsalad
B0BRPXQ322,aldjgkhsalad
B08H242RLY,aldjgkhsalad
B07XJGP4HS,aldjgkhsalad
B07JMYPW9Z,aldjgkhsalad
B0D9HSV8C2,aldjgkhsalad
B0CYZHSZWC,aldjgkhsalad
B0CX6V7K3G,aldjgkhsalad
B0CSXZM8CJ,aldjgkhsalad
B0CBMCHMB4,aldjgkhsalad
B0BYHHGLQK,aldjgkhsalad
B0BSBBCK2F,aldjgkhsalad
B0BCT7WWX4,aldjgkhsalad
B0BBFN8LZC,aldjgkhsalad
B0B75RRW3Q,aldjgkhsalad
B0B59Q2HT8,aldjgkhsalad
B09SSS421G,aldjgkhsalad
B08WRR1SRM,aldjgkhsalad
B08WRQWDDL,aldjgkhsalad
B08VNP32KZ,aldjgkhsalad
B08SQ7Z5FB,aldjgkhsalad
B08S7M25QN,aldjgkhsalad
B08JB3DFL3,aldjgkhsalad
B088BMRN79,aldjgkhsalad
B085H6MJPS,aldjgkhsalad
B07GDHM8HP,aldjgkhsalad
B07BGBRFD8,aldjgkhsalad
B077BHS7R6,aldjgkhsalad
B071LQ3G4K,aldjgkhsalad
B01MEE7T2B,aldjgkhsalad
B01KBAE7OI,aldjgkhsalad
B01JRNCM74,aldjgkhsalad
B01CR03PKC,aldjgkhsalad
B01CMM7M4K,aldjgkhsalad
B00SF1AOAM,aldjgkhsalad
B00BOUJV6E,aldjgkhsalad
B00BOUJTRU,aldjgkhsalad
B00BNHZ8JW,aldjgkhsalad
B009497M9A,aldjgkhsalad
B000AQQQ34,aldjgkhsalad
B000AQPRES,aldjgkhsalad
B0002JMU3E,aldjgkhsalad
B079HGK8VC,aldjgkhsalad
B08GFZPXT1,aldjgkhsalad
B01F443Y9K,aldjgkhsalad
B0C7GYFHZZ,aldjgkhsalad
B08CSL69Y6,aldjgkhsalad
B086KYH7ZQ,aldjgkhsalad
B0BTP42G15,aldjgkhsalad
B072HG4DJQ,aldjgkhsalad
B074C3TMGM,aldjgkhsalad
B07V231QK3,aldjgkhsalad
B08FKRKLGZ,aldjgkhsalad
B01MRHB47F,aldjgkhsalad
B0088PD52O,aldjgkhsalad
B07RN3GS7B,aldjgkhsalad
B08CSZ3SCV,aldjgkhsalad
B0DCBVKZMP,aldjgkhsalad
B08MB6GP3T,aldjgkhsalad
B0C7V98ZV5,aldjgkhsalad
B0C9CLGS4Y,aldjgkhsalad
B0BZCTF1X3,aldjgkhsalad
B0BTY92V2W,aldjgkhsalad
B09682CY87,aldjgkhsalad
B07X911TGC,aldjgkhsalad
B07GXV3SWG,aldjgkhsalad
B071KLNPR4,aldjgkhsalad
B07G55YQG8,aldjgkhsalad
B008ZDP65I,aldjgkhsalad
B01MS601AK,aldjgkhsalad
B09R4Z97WB,aldjgkhsalad
B08V8YHXGT,aldjgkhsalad
B00CMFWYX2,aldjgkhsalad
B00IGEVBG4,aldjgkhsalad
B08LSH694R,aldjgkhsalad
B09PMTTT1T,aldjgkhsalad
B07X2WXZDD,aldjgkhsalad
B075NK3VG5,aldjgkhsalad
B09TXQ6BR1,aldjgkhsalad
B01IJ7U9U6,aldjgkhsalad
B0CXCPTVS5,aldjgkhsalad
B0CH9R761T,aldjgkhsalad
B086Q6XLDQ,aldjgkhsalad
B0792G315T,aldjgkhsalad
B0B55RVW76,aldjgkhsalad
B081SL25XV,aldjgkhsalad
B09L75ZPWC,aldjgkhsalad
B081FG3S75,aldjgkhsalad
B0CFB3BWZ2,aldjgkhsalad
B0B6HDL649,aldjgkhsalad
B07Z6RFVBQ,aldjgkhsalad
B07HPZ5976,aldjgkhsalad
B07FCK35TQ,aldjgkhsalad
B007IJC4PA,aldjgkhsalad
B0BWTCLLQ8,aldjgkhsalad
B0B2JQW8BF,aldjgkhsalad
B09QGD5ST9,aldjgkhsalad
B07CZP8XR9,aldjgkhsalad
B00OV8OW4M,aldjgkhsalad
B00NK7O5A6,aldjgkhsalad
B00IXPXEN4,aldjgkhsalad
B0CMHW9XMH,aldjgkhsalad
B0BY8T5JDH,aldjgkhsalad
B09GPWTXTL,aldjgkhsalad
B09DY69ZSN,aldjgkhsalad
B09NN3ZCBY,aldjgkhsalad
B08JQJYG5R,aldjgkhsalad
B08F1VFBWB,aldjgkhsalad
B081HG731L,aldjgkhsalad
B0BB12R5NC,aldjgkhsalad
B0B4P8VQPX,aldjgkhsalad
B092Z299YN,aldjgkhsalad
B0836HMY4Y,aldjgkhsalad
B0BXWLVTJ9,aldjgkhsalad
B0B2JMY8R9,aldjgkhsalad
B097Z2YS3N,aldjgkhsalad
B015ZQEID8,aldjgkhsalad
B00P8BUO8Y,aldjgkhsalad
B00K1MQXKS,aldjgkhsalad
B0CGM1S8J9,aldjgkhsalad
B0C2BJ3HCN,aldjgkhsalad
B09TFL6LCX,aldjgkhsalad
B09SHKFLRY,aldjgkhsalad
B099DKSYXV,aldjgkhsalad
B08LH1J19L,aldjgkhsalad
B0871XYJ2W,aldjgkhsalad
B07ZP9HT83,aldjgkhsalad
B07TCJNNXH,aldjgkhsalad
B07GCL4JP8,aldjgkhsalad
B077W27XHN,aldjgkhsalad
B072KQX63G,aldjgkhsalad
B00X22KB2K,aldjgkhsalad
B00N24YHXC,aldjgkhsalad
B00FKXKSC2,aldjgkhsalad
B08G9VFVWH,aldjgkhsalad
B08952VZ14,aldjgkhsalad
B07Q2B1TBP,aldjgkhsalad
B0777L1XVK,aldjgkhsalad
B06XDV12LC,aldjgkhsalad
B00JOSHXNQ,aldjgkhsalad
B004KL0H9E,aldjgkhsalad
B002ZJ1KXU,aldjgkhsalad
B0017T0J0E,aldjgkhsalad
B0CMXMND8W,aldjgkhsalad
B0CH4MGD33,aldjgkhsalad
B0CDP6MQ3Y,aldjgkhsalad
B0C177WG1R,aldjgkhsalad
B0BYD918Z5,aldjgkhsalad
B0BF9Y364Q,aldjgkhsalad
B0BC16RMSN,aldjgkhsalad
B0763SJCLP,aldjgkhsalad
B000005C92,aldjgkhsalad
B01N4DF2GR,aldjgkhsalad
B07TVPB538,aldjgkhsalad
B0B8D1PRKN,aldjgkhsalad
B00I8J19OQ,aldjgkhsalad
B09X12FKB5,aldjgkhsalad
B08NYG59R9,aldjgkhsalad
B0BYC9DFZB,aldjgkhsalad
B07FBCJ7HQ,aldjgkhsalad
B0DBZWN2XM,aldjgkhsalad
B01EKC2QK0,aldjgkhsalad
B0D6R1B5JH,aldjgkhsalad
B0BWYH9GGS,aldjgkhsalad
B08V8NNL62,aldjgkhsalad
B09SHSZL2C,aldjgkhsalad
B07Y7XD6FC,aldjgkhsalad
B07DLC7BRX,aldjgkhsalad
B07Y7R6XQJ,aldjgkhsalad
B07RYCV8DG,aldjgkhsalad
B0BQL3QXS8,aldjgkhsalad
B0D5HKKWJD,aldjgkhsalad
B07KB7JLDS,aldjgkhsalad
B086W5FBN4,aldjgkhsalad
B08HSKRFBC,aldjgkhsalad
B0BC3XWND7,aldjgkhsalad
B07JQ2QJ1H,aldjgkhsalad
B081F4N798,aldjgkhsalad
B0CDVZ5YS7,aldjgkhsalad
B07JMVGZ8L,aldjgkhsalad
B0CKFG71DQ,aldjgkhsalad
B0141HU1AG,aldjgkhsalad
B0CB1559LR,aldjgkhsalad
B0BG2K9CR1,aldjgkhsalad
B07VVYZ8YS,aldjgkhsalad
B0C532YB7P,aldjgkhsalad
B08P1RX1Y5,aldjgkhsalad
B0854JJL6N,aldjgkhsalad
B08J2CCPHX,aldjgkhsalad
B0BVLH5CSB,aldjgkhsalad
B07JVP18MJ,aldjgkhsalad
B08J2BS5TX,aldjgkhsalad
B08SQB6SNH,aldjgkhsalad
B07JM9N6VP,aldjgkhsalad
B0007WXPHQ,aldjgkhsalad
B0768BBQTB,aldjgkhsalad
B06XG8DD1Z,aldjgkhsalad
B07CB1MSLY,aldjgkhsalad
B00HM3YNBU,aldjgkhsalad
B08V518Z6G,aldjgkhsalad
B0D4HGPRMB,aldjgkhsalad
B0CZM8WS6B,aldjgkhsalad
B0D2CWMP2L,aldjgkhsalad
B075QF7M3D,aldjgkhsalad
B0CH9GWWGJ,aldjgkhsalad
B082M33Q3R,aldjgkhsalad
B0CFJGZ1J7,aldjgkhsalad
B001YGWTL2,aldjgkhsalad
B0CC966G99,aldjgkhsalad
B09VDFZK14,aldjgkhsalad
B0BBF48NGY,aldjgkhsalad
B004AECSDO,aldjgkhsalad
B0B9RP61G5,aldjgkhsalad
B0C5X1DQYC,aldjgkhsalad
B002E0H3Q8,aldjgkhsalad
B008214ZDW,aldjgkhsalad
B07648PKHC,aldjgkhsalad
B08Z36H8JC,aldjgkhsalad
B07XFDKX86,aldjgkhsalad
999642233X,aldjgkhsalad
B01CACTIB2,aldjgkhsalad
B07SPXZKBV,aldjgkhsalad
B0C2C8VNH1,aldjgkhsalad
B07TCQR57B,aldjgkhsalad
B07MJWXWGF,aldjgkhsalad
B0811ML1FL,aldjgkhsalad
B0C2TX963C,aldjgkhsalad
B0064OLRH6,aldjgkhsalad
B0BXBDZKJN,aldjgkhsalad
B00J40VKPG,aldjgkhsalad
B07D7MW12T,aldjgkhsalad
B0BRNQ535H,aldjgkhsalad
B0B7J2W2Y3,aldjgkhsalad
B0BWJ3FJW5,aldjgkhsalad
B0B6Z2Y3YF,aldjgkhsalad
B0042YBOY6,aldjgkhsalad
B09MW56S19,aldjgkhsalad
B07C239YV6,aldjgkhsalad
B08RD4D2HL,aldjgkhsalad
B095NQYYVW,aldjgkhsalad
B089Y3MQ4L,aldjgkhsalad
B08DYD323F,aldjgkhsalad
B07ZVBV3XH,aldjgkhsalad
B0B2DBV9JP,aldjgkhsalad
B07PVCN794,aldjgkhsalad
B07M64NVPB,aldjgkhsalad
B09QSNHR4R,aldjgkhsalad
B07GNGXCWF,aldjgkhsalad
B07RH9R8RX,aldjgkhsalad
B07FKGTK4W,aldjgkhsalad
B0B6GJZ5RY,aldjgkhsalad
B001NXUYZ4,aldjgkhsalad
B07B54JTR1,aldjgkhsalad
B07KQNMQ7K,aldjgkhsalad
B0744CJ925,aldjgkhsalad
B07FZT9PTY,aldjgkhsalad
B01M2ZGP9X,aldjgkhsalad
B094Y61CTK,aldjgkhsalad
B01IRVQCUU,aldjgkhsalad
B08CZJ163L,aldjgkhsalad
B00X22GV88,aldjgkhsalad
B007F07W4U,aldjgkhsalad
B09SRV5PRJ,aldjgkhsalad
B01BVAZK8E,aldjgkhsalad
B094HQT4T1,aldjgkhsalad
B093YP186F,aldjgkhsalad
B08QYP4MCF,aldjgkhsalad
B07N4CXXK7,aldjgkhsalad
B07HL4YDNH,aldjgkhsalad
B00O72KX54,aldjgkhsalad
B0BZHQLF67,aldjgkhsalad
B0B96WK1DZ,aldjgkhsalad
B0928GN51N,aldjgkhsalad
B0894YNN1F,aldjgkhsalad
B07PFBZY3Z,aldjgkhsalad
B07G767PFS,aldjgkhsalad
B0CW92FXPK,aldjgkhsalad
B08JQ3G8N7,aldjgkhsalad
B07FDS3G67,aldjgkhsalad
B078HLP437,aldjgkhsalad
B00X22F9DQ,aldjgkhsalad
B09NKB6HF1,aldjgkhsalad
B0D3TX8YLL,aldjgkhsalad
B0CRHGXKQG,aldjgkhsalad
B0CJV3PY7M,aldjgkhsalad
B0B8S5X3LL,aldjgkhsalad
B0B54YB1YV,aldjgkhsalad
B08W1P8W37,aldjgkhsalad
B07CZ34F6X,aldjgkhsalad
B079YXKMD2,aldjgkhsalad
B0792JSGG6,aldjgkhsalad
B0BZKJBXFC,aldjgkhsalad
B07M6JHJ7B,aldjgkhsalad
B06XRCSHSX,aldjgkhsalad
B01DCKCRTG,aldjgkhsalad
B003WHP9A4,aldjgkhsalad
B0D5QPSSLZ,aldjgkhsalad
B0CRD9X7LK,aldjgkhsalad
B0CHB2CH4B,aldjgkhsalad
B0CFHXV8G1,aldjgkhsalad
B0CF1RRTFS,aldjgkhsalad
B0CD71J4BX,aldjgkhsalad
B0C1YYMRBD,aldjgkhsalad
B0BZJP6C3Z,aldjgkhsalad
B0BRCD95MD,aldjgkhsalad
B0BF9X49X9,aldjgkhsalad
B0B984VFLF,aldjgkhsalad
B09XM487C7,aldjgkhsalad
B09X2VS6XL,aldjgkhsalad
B09K83S8GX,aldjgkhsalad
B08R5R3K96,aldjgkhsalad
B08P3PFR9B,aldjgkhsalad
B07SKHVSH6,aldjgkhsalad
B07QPB9MGN,aldjgkhsalad
B07FZCSHSF,aldjgkhsalad
B075FWBBBV,aldjgkhsalad
B00TH0Q1RU,aldjgkhsalad
B0BY5CDG7G,aldjgkhsalad
B0BTHP36MR,aldjgkhsalad
B0BMZXQT1Q,aldjgkhsalad
B08LGLT9SW,aldjgkhsalad
B08BNNNP25,aldjgkhsalad
B088PJNQ2Z,aldjgkhsalad
B08D7DYZRW,aldjgkhsalad
B087FY3BP7,aldjgkhsalad
B084PYQD9C,aldjgkhsalad
B07XKVFBMY,aldjgkhsalad
B07Q38CJGC,aldjgkhsalad
B07PVJN4F4,aldjgkhsalad
B07PSBPJP6,aldjgkhsalad
B07BVR2N3L,aldjgkhsalad
B0742ZBXCY,aldjgkhsalad
B00IKPPULQ,aldjgkhsalad
B0D5GNFBCY,aldjgkhsalad
B0D2KK9YX1,aldjgkhsalad
B0D1QHZ5RM,aldjgkhsalad
B0D1FLF8NX,aldjgkhsalad
B0CRR7JZ6Z,aldjgkhsalad
B0CQ4BZKY5,aldjgkhsalad
B0CLQY7LK2,aldjgkhsalad
B0CG2XYZT6,aldjgkhsalad
B0CCH2DXS1,aldjgkhsalad
B0CBTV7FTB,aldjgkhsalad
B0C8KPV4GK,aldjgkhsalad
B0C85VH9C4,aldjgkhsalad
B0C7ZJM8GH,aldjgkhsalad
B0C6SQM8WV,aldjgkhsalad
B0C64Q7L6D,aldjgkhsalad
B0C5SMKJD2,aldjgkhsalad
B0C4NH24Z7,aldjgkhsalad
B0C4LFQH4C,aldjgkhsalad
B0C2H5XPPB,aldjgkhsalad
B0BZD927R7,aldjgkhsalad
B0BQLPH3GP,aldjgkhsalad
B0BFCJS8CG,aldjgkhsalad
B0BF918ZB4,aldjgkhsalad
B0BDRSDBQS,aldjgkhsalad
B0BDRJS2QN,aldjgkhsalad
B0B63GJXST,aldjgkhsalad
B0B5TZDG4Y,aldjgkhsalad
B09V7VLXJZ,aldjgkhsalad
B09V51MS93,aldjgkhsalad
B09TPZKCMT,aldjgkhsalad
B09Q6H2QK3,aldjgkhsalad
B09NQFYBFP,aldjgkhsalad
B09CN7XH1J,aldjgkhsalad
B098PD35KY,aldjgkhsalad
B097G7GNZ6,aldjgkhsalad
B096PYDVXM,aldjgkhsalad
B08WLTQR12,aldjgkhsalad
B08PYSM894,aldjgkhsalad
B08D9698CB,aldjgkhsalad
B08BFR7LCQ,aldjgkhsalad
B089DX3HQ5,aldjgkhsalad
B0895GW4NK,aldjgkhsalad
B0892LK5R5,aldjgkhsalad
B0888TH1SW,aldjgkhsalad
B07Y6KLGDX,aldjgkhsalad
B07WGG355X,aldjgkhsalad
B07VXVQP2X,aldjgkhsalad
B07S8RPVSK,aldjgkhsalad
B07Q3XP4SS,aldjgkhsalad
B07PG43MJH,aldjgkhsalad
B07P7BMPRD,aldjgkhsalad
B07N6LPQ8D,aldjgkhsalad
B07M64Z6VL,aldjgkhsalad
B00CPO5EIC,aldjgkhsalad
B001ILFUPA,aldjgkhsalad
B000UPOSL2,aldjgkhsalad
B07J58GYFN,aldjgkhsalad
B07H6Q3SHL,aldjgkhsalad
B07FBZBJCR,aldjgkhsalad
B07DBDPLRX,aldjgkhsalad
B07CRJGWRL,aldjgkhsalad
B079Y8PGKD,aldjgkhsalad
B079XZBS5S,aldjgkhsalad
B079M4PJC1,aldjgkhsalad
B0794Z131P,aldjgkhsalad
B077R8YYS9,aldjgkhsalad
B01LWZ5VAZ,aldjgkhsalad
B01CYXR7CO,aldjgkhsalad
B013TEZC88,aldjgkhsalad
B00ZAIVSKS,aldjgkhsalad
B00LJ77NWQ,aldjgkhsalad
B0CHCJ8BBT,aldjgkhsalad
B003IWNFV8,aldjgkhsalad
B093N1X2TT,aldjgkhsalad
B07P78VGXN,aldjgkhsalad
B0CF9F159D,aldjgkhsalad
B08PCMMVCY,aldjgkhsalad
B0B247W7VM,aldjgkhsalad
B005MM1TEM,aldjgkhsalad
B0875PGC11,aldjgkhsalad
B0D361FKXB,aldjgkhsalad
B0C6Q2565M,aldjgkhsalad
B0CRHQDWDJ,aldjgkhsalad
B0BNKNJJLR,aldjgkhsalad
B0CNT8BYNM,aldjgkhsalad
B08HZGBXRQ,aldjgkhsalad
B0CLTPGWS1,aldjgkhsalad
B0BZVR4J9S,aldjgkhsalad
B0B433Y9XB,aldjgkhsalad
B00NABCBWQ,aldjgkhsalad
B0B3HBMZWX,aldjgkhsalad
B07V1GX6HL,aldjgkhsalad
B00I0WV8C4,aldjgkhsalad
B09CKY8BRV,aldjgkhsalad
B0C1NM1HKJ,aldjgkhsalad
B0948VK5Z5,aldjgkhsalad
B0C7KW8132,aldjgkhsalad
B08B5THZP9,aldjgkhsalad
B09YPX7VJH,aldjgkhsalad
B0828T5TFM,aldjgkhsalad
B000C2WKMC,aldjgkhsalad
B07JHCSQRD,aldjgkhsalad
B082CXY7X5,aldjgkhsalad
B0713X3Z3Q,aldjgkhsalad
B0CBND4DMC,aldjgkhsalad
B01D11ZOEQ,aldjgkhsalad
B0BQMW152V,aldjgkhsalad
B0C53KTRH9,aldjgkhsalad
B0BGWRC5QL,aldjgkhsalad
B07NLYNN36,aldjgkhsalad
B0BDHLT2KF,aldjgkhsalad
B09RDSSYZ8,aldjgkhsalad
B0B2ZLYCM3,aldjgkhsalad
B094FJYYQL,aldjgkhsalad
B09Q6FKZ8C,aldjgkhsalad
B001D1D02K,aldjgkhsalad
B09PB4YDN5,aldjgkhsalad
B09ZQLXGGT,aldjgkhsalad
B093YSWTSM,aldjgkhsalad
B09XGXXX3P,aldjgkhsalad
B08QJ4LXT6,aldjgkhsalad
B07CS9V439,aldjgkhsalad
B08PP5VKNV,aldjgkhsalad
B07VNDFTBT,aldjgkhsalad
B08BMY9N3T,aldjgkhsalad
B08P6ZTXB8,aldjgkhsalad
B086BN7L4S,aldjgkhsalad
B00JLMKGIO,aldjgkhsalad
B084S8RCJR,aldjgkhsalad
B00HNQCQQA,aldjgkhsalad
B07T14Y3M5,aldjgkhsalad
B07WD39Q6P,aldjgkhsalad
B07NNGV8CW,aldjgkhsalad
B00TMS62EY,aldjgkhsalad
B07JDKBJX1,aldjgkhsalad
B08BFQ7TYC,aldjgkhsalad
B07VXNTR17,aldjgkhsalad
B07B69PL58,aldjgkhsalad
B0CH8DL8CR,aldjgkhsalad
B0CN6NBP2C,aldjgkhsalad
B08NH9XYZY,aldjgkhsalad
B0CJTZ9HC9,aldjgkhsalad
B0978H9L6T,aldjgkhsalad
B0839DR2VH,aldjgkhsalad
B0BFZRMD36,aldjgkhsalad
B09MFCS7R4,aldjgkhsalad
B0CYTBM7V9,aldjgkhsalad
B07MR4KLMC,aldjgkhsalad
B07GYPB6DQ,aldjgkhsalad
B00Y7FX5WE,aldjgkhsalad
B0CW5NY1VR,aldjgkhsalad
B08BJPWBNL,aldjgkhsalad
B07J2SQQT3,aldjgkhsalad
B07Z91ZSYC,aldjgkhsalad
B01JDE1NT0,aldjgkhsalad
B07DSPQKL8,aldjgkhsalad
B001LQZOZS,aldjgkhsalad
B07GYX27BQ,aldjgkhsalad
B0978GSDLT,aldjgkhsalad
B089ZZ51SC,aldjgkhsalad
B079RZBRFM,aldjgkhsalad
B0050ILEKW,aldjgkhsalad
B07NLT4TKM,aldjgkhsalad
B088DB2KP8,aldjgkhsalad
B00G7P3ALI,aldjgkhsalad
B09698PZMR,aldjgkhsalad
B07TXYWXRV,aldjgkhsalad
B0CRR2R5CF,aldjgkhsalad
B084TSQKR1,aldjgkhsalad
B07YHGPD2Z,aldjgkhsalad
B07HJBMS62,aldjgkhsalad
B07H37STF9,aldjgkhsalad
B0766PT8BB,aldjgkhsalad
B08JXCT97Q,aldjgkhsalad
B081D6NV34,aldjgkhsalad
B07LDDMXPP,aldjgkhsalad
B0C4DLRG9X,aldjgkhsalad
B0BD7S47BT,aldjgkhsalad
B09HM2RB3V,aldjgkhsalad
B0C6KLRCTT,aldjgkhsalad
B09DY2KV3K,aldjgkhsalad
B09C9SWNP4,aldjgkhsalad
B091JZKX6Z,aldjgkhsalad
B0CWQXSY22,aldjgkhsalad
B0CSXHR3P7,aldjgkhsalad
B0CS6HGR4X,aldjgkhsalad
B0CRH48DXR,aldjgkhsalad
B0CPDWG58N,aldjgkhsalad
B0CN6CC9N8,aldjgkhsalad
B0CJMVQW5M,aldjgkhsalad
B0CG2BF1RK,aldjgkhsalad
B0CFXR24G4,aldjgkhsalad
B0CFFKG156,aldjgkhsalad
B0CF89LCKN,aldjgkhsalad
B0CBTHWCFL,aldjgkhsalad
B0CBFKTKPM,aldjgkhsalad
B0CB5RM4R4,aldjgkhsalad
B0BZP6VV27,aldjgkhsalad
B0BNVM1L12,aldjgkhsalad
B0BMPY9VQ9,aldjgkhsalad
B0B654LC9H,aldjgkhsalad
B0B3XJP5N8,aldjgkhsalad
B09Y8M2N96,aldjgkhsalad
B09V3DX7TG,aldjgkhsalad
B09NKFX7HC,aldjgkhsalad
B09N8XJFCN,aldjgkhsalad
B09M6MQRXS,aldjgkhsalad
B09B5HZMXF,aldjgkhsalad
B08NGBLSMH,aldjgkhsalad
B083RKBW4P,aldjgkhsalad
B07L896KFT,aldjgkhsalad
B078Y4HGX5,aldjgkhsalad
B01NAMXW83,aldjgkhsalad
B01M34TUE1,aldjgkhsalad
B01ICENSCM,aldjgkhsalad
B08JZJ4ZTQ,aldjgkhsalad
B087PZFHT3,aldjgkhsalad
B0872RZFC1,aldjgkhsalad
B081DBXF2S,aldjgkhsalad
B07W733CF5,aldjgkhsalad
B07QY57CBL,aldjgkhsalad
B07QGY2LYZ,aldjgkhsalad
B07NQWJKSM,aldjgkhsalad
B076CMDGPM,aldjgkhsalad
B06XGBRM7P,aldjgkhsalad
B0113Z8BBU,aldjgkhsalad
B00D4DP5FA,aldjgkhsalad
B0D2X7PP1P,aldjgkhsalad
B0D1TRFXYW,aldjgkhsalad
B0D1472ZJH,aldjgkhsalad
B0CZ722G8X,aldjgkhsalad
B0BNPCCH9R,aldjgkhsalad
B07GT75HKV,aldjgkhsalad
B08NCZ2PW5,aldjgkhsalad
B01CP17022,aldjgkhsalad
B07Q33RFHN,aldjgkhsalad
B000W9JN4S,aldjgkhsalad
B0BSG4ZKCP,aldjgkhsalad
B00J8LAEHQ,aldjgkhsalad
B07X3W35QX,aldjgkhsalad
B08PKTPYZG,aldjgkhsalad
B072HXNRT2,aldjgkhsalad
B00OL4AKP6,aldjgkhsalad
B088JVMPLM,aldjgkhsalad
B004J4W5Z6,aldjgkhsalad
B08M49DBZZ,aldjgkhsalad
B0D9S8GLB8,aldjgkhsalad
B00OLG2MP0,aldjgkhsalad
B097QWC8CV,aldjgkhsalad
B0D361HJXF,aldjgkhsalad
B08J962LCY,aldjgkhsalad
B0CKRWWJCD,aldjgkhsalad
B08DLLSRKW,aldjgkhsalad
B0CG3KG716,aldjgkhsalad
B079VRJTM6,aldjgkhsalad
B09ZJ8627S,aldjgkhsalad
B01HTL4OSQ,aldjgkhsalad
B098PKVNVB,aldjgkhsalad
B0BFHMGBQL,aldjgkhsalad
B093SSJY13,aldjgkhsalad
B0BPD5DQM6,aldjgkhsalad
B08YNGM8TB,aldjgkhsalad
B07P183J3S,aldjgkhsalad
B00H7ZFLFA,aldjgkhsalad
B00F9GIS5O,aldjgkhsalad
B005HNW15M,aldjgkhsalad
B004NBY2QK,aldjgkhsalad
B0037W5BIE,aldjgkhsalad
B06XHH22M9,aldjgkhsalad
B001R631B6,aldjgkhsalad
B0BCVB79YL,aldjgkhsalad
B08KRRK9M4,aldjgkhsalad
B0839D2PM3,aldjgkhsalad
B07Z4RWTYK,aldjgkhsalad
B074G1X469,aldjgkhsalad
B0CCYZHMGY,aldjgkhsalad
B0C5YD8TM9,aldjgkhsalad
B0BFF3K726,aldjgkhsalad
B0B5VP7222,aldjgkhsalad
B071DGYLCR,aldjgkhsalad
B00WGTY61W,aldjgkhsalad
B00LM8XFY2,aldjgkhsalad
B0CWNYRY48,aldjgkhsalad
B0BKGTVFYS,aldjgkhsalad
B08PNQ4NSS,aldjgkhsalad
B0B4WRZTQS,aldjgkhsalad
B08N1LK5F1,aldjgkhsalad
B08BXHZBY3,aldjgkhsalad
B08G1CB8R8,aldjgkhsalad
B092RVCLH1,aldjgkhsalad
B08G1BR4QC,aldjgkhsalad
B0CB8MNHLL,aldjgkhsalad
B08FSZH9TW,aldjgkhsalad
B004W6RECU,aldjgkhsalad
B085HD6RW6,aldjgkhsalad
B000F3WDT8,aldjgkhsalad
B082W21N9K,aldjgkhsalad
B0C3R1ZCXQ,aldjgkhsalad
B0753JQLPL,aldjgkhsalad
B0B6911M7L,aldjgkhsalad
B073QPCSQQ,aldjgkhsalad
B011CMYWVW,aldjgkhsalad
B0BGT469LM,aldjgkhsalad
B09YLVV2KF,aldjgkhsalad
B072MP4V2Z,aldjgkhsalad
B01N1UB9W3,aldjgkhsalad
B0BVJKNLP1,aldjgkhsalad
B07447NBPG,aldjgkhsalad
B0CL6LXPHC,aldjgkhsalad
B07F26X16K,aldjgkhsalad
B075FZQXC3,aldjgkhsalad
B01F65HMCM,aldjgkhsalad
B00KDQ2ED2,aldjgkhsalad
B004G5EEL6,aldjgkhsalad
B0BHF95GNG,aldjgkhsalad
B08GGC5F7M,aldjgkhsalad
B0B4WW5R1B,aldjgkhsalad
B09XSCYFNK,aldjgkhsalad
B08PSWZDQF,aldjgkhsalad
B078N3JYW1,aldjgkhsalad
B007Q2B3J2,aldjgkhsalad
B0C8LXL2Y4,aldjgkhsalad
B08WHKXDD7,aldjgkhsalad
B08N4CLWTC,aldjgkhsalad
B086X87QHR,aldjgkhsalad
B0030JMAP6,aldjgkhsalad
B0BQV1RG6H,aldjgkhsalad
B0B2DH3Z3Q,aldjgkhsalad
B09XM3MCQV,aldjgkhsalad
B09SFR1N5Q,aldjgkhsalad
B09QW8WY7G,aldjgkhsalad
B09PKXXN17,aldjgkhsalad
B0CFPYK9KK,aldjgkhsalad
B0BYTDJ7CY,aldjgkhsalad
B0BVKBDZPN,aldjgkhsalad
B0BRB2PQGX,aldjgkhsalad
B0B8K4WCRQ,aldjgkhsalad
B0B6J61Y5T,aldjgkhsalad
B0B63BR6GT,aldjgkhsalad
B0B57DJYNQ,aldjgkhsalad
B0B4C8WS9X,aldjgkhsalad
B09QM5C1GV,aldjgkhsalad
B096G7FF42,aldjgkhsalad
B07WK2HNXS,aldjgkhsalad
B07V1KHP23,aldjgkhsalad
B07N8CWHG1,aldjgkhsalad
B07J6HQQJH,aldjgkhsalad
B07B2T8TWY,aldjgkhsalad
B08TLMHZKX,aldjgkhsalad
B08S77SBZT,aldjgkhsalad
B08M9ZTY91,aldjgkhsalad
B08HQ2X3R6,aldjgkhsalad
B01MZH6HZA,aldjgkhsalad
B01MUBJ2TK,aldjgkhsalad
B00TUDHMB8,aldjgkhsalad
B00KRN7OQS,aldjgkhsalad
B000U8W9A6,aldjgkhsalad
B0D9R1PX59,aldjgkhsalad
B0D5BCXD5Q,aldjgkhsalad
B0CTK726R8,aldjgkhsalad
B0CR732FJ9,aldjgkhsalad
B0CQ9XFGM6,aldjgkhsalad
B0CGVD1VVZ,aldjgkhsalad
B0CFX8KW6B,aldjgkhsalad
B0796H219H,aldjgkhsalad
B01IY4PN32,aldjgkhsalad
B0156SKPH8,aldjgkhsalad
B00957L0EY,aldjgkhsalad
B005HJHPLG,aldjgkhsalad
B07622L6X8,aldjgkhsalad
B0BWMXJWY1,aldjgkhsalad
B0887XYWPM,aldjgkhsalad
B0928VH13B,aldjgkhsalad
B007L8WHIC,aldjgkhsalad
B007L919KS,aldjgkhsalad
B0CCQS7PN6,aldjgkhsalad
B07M7XT66F,aldjgkhsalad
B0BMFG2R2S,aldjgkhsalad
B083VPDTSV,aldjgkhsalad
B08SBBRGD1,aldjgkhsalad
B073GGKYR1,aldjgkhsalad
B0D83TGGZ3,aldjgkhsalad
B0BNQWRKGH,aldjgkhsalad
B0D369DJP2,aldjgkhsalad
B0CKS9H64D,aldjgkhsalad
B007L8Z17Q,aldjgkhsalad
B0B2449L3W,aldjgkhsalad
B06XJB3N5H,aldjgkhsalad
B003FV3DAU,aldjgkhsalad
B0BS2H1SZY,aldjgkhsalad
B0BP49MPH7,aldjgkhsalad
B0928VTXRB,aldjgkhsalad
B07NYV83XH,aldjgkhsalad
B078Y6G469,aldjgkhsalad
B088FX4Y32,aldjgkhsalad
B0BBXX8XY9,aldjgkhsalad
B083M7PDK5,aldjgkhsalad
B07R4S9KNX,aldjgkhsalad
B07NQ6G3NJ,aldjgkhsalad
B0D1VL3QRX,aldjgkhsalad
B00PBE7Y86,aldjgkhsalad
B0D367GDL2,aldjgkhsalad
B00OP8RYY8,aldjgkhsalad
B0C9C5499R,aldjgkhsalad
B0041HVXKO,aldjgkhsalad
B0C4G43FCR,aldjgkhsalad
B0CYGYHVYH,aldjgkhsalad
B0C2Q4ZKKJ,aldjgkhsalad
B0BLBX4CTD,aldjgkhsalad
B0BX9GC6KW,aldjgkhsalad
B09M78P7HD,aldjgkhsalad
B097L9BHWX,aldjgkhsalad
B0D1FYVZ7P,aldjgkhsalad
B08VDR4YCH,aldjgkhsalad
B07FLHNXWK,aldjgkhsalad
B08TLRDRV5,aldjgkhsalad
B0957V41Z5,aldjgkhsalad
B08LNXCMR5,aldjgkhsalad
B0B4B8PXTZ,aldjgkhsalad
B01M1O3PVF,aldjgkhsalad
B07Y28KKVS,aldjgkhsalad
B0D7M8VBT9,aldjgkhsalad
B07HSSZBNH,aldjgkhsalad
B07FMMQCZN,aldjgkhsalad
B01N43ITCG,aldjgkhsalad
B0C4CWJTFR,aldjgkhsalad
B00MG1DYWM,aldjgkhsalad
B08T1CWKHN,aldjgkhsalad
B07ZBF18WH,aldjgkhsalad
B08XSGLQD3,aldjgkhsalad
B09NDGRZBV,aldjgkhsalad
B079392R1S,aldjgkhsalad
B008LTBJFM,aldjgkhsalad
B0B8WC46NT,aldjgkhsalad
B07WN3DY7Y,aldjgkhsalad
B0CNW52JCT,aldjgkhsalad
B000FTUTL6,aldjgkhsalad
B09G665WQZ,aldjgkhsalad
B093BXXBHW,aldjgkhsalad
B098QH8X1X,aldjgkhsalad
B0773S8S37,aldjgkhsalad
B0087TMUQ8,aldjgkhsalad
B01NAO374I,aldjgkhsalad
B0768FFYC1,aldjgkhsalad
B00VBVJ760,aldjgkhsalad
B07K8Y3P76,aldjgkhsalad
B0CP7C92DP,aldjgkhsalad
B00HYJPU8W,aldjgkhsalad
B07H47Y122,aldjgkhsalad
B00S04P18E,aldjgkhsalad
B00L3G153G,aldjgkhsalad
B00E3EKQAI,aldjgkhsalad
B002UJZ01S,aldjgkhsalad
B001LNN2J6,aldjgkhsalad
B07BYV5YPN,aldjgkhsalad
B0CD7PWHPT,aldjgkhsalad
B09NB4M274,aldjgkhsalad
B07K685PYJ,aldjgkhsalad
B077Z7DBRT,aldjgkhsalad
B0CB8GM871,aldjgkhsalad
B0B1ZNX9YC,aldjgkhsalad
B09D8F7FCK,aldjgkhsalad
B0815RQ2XH,aldjgkhsalad
B072M32J71,aldjgkhsalad
B01G97XU40,aldjgkhsalad
B01E6EYW5E,aldjgkhsalad
B0CB7DQG2V,aldjgkhsalad
B0C1B3WPMM,aldjgkhsalad
B0B8W9LYSF,aldjgkhsalad
B08S7CFXXY,aldjgkhsalad
B089Q8M4PZ,aldjgkhsalad
B084YVN45L,aldjgkhsalad
B082MZDFHH,aldjgkhsalad
B07Z5D4YPX,aldjgkhsalad
B07QVZFX16,aldjgkhsalad
B07QFSHPQK,aldjgkhsalad
B07QBJWH34,aldjgkhsalad
B07G1SDXG6,aldjgkhsalad
B07CTHXGSV,aldjgkhsalad
B078X7JQTQ,aldjgkhsalad
B078X5Y5ZR,aldjgkhsalad
B076YC12RZ,aldjgkhsalad
B07659XDPL,aldjgkhsalad
B0722YPG9T,aldjgkhsalad
B01JZSZK0M,aldjgkhsalad
B00T1RSMUI,aldjgkhsalad
B08PPVL4ZH,aldjgkhsalad
B083YWH73B,aldjgkhsalad
B07Q4SLL5H,aldjgkhsalad
B072289DBT,aldjgkhsalad
B06ZZDP2X5,aldjgkhsalad
B00XH81MWM,aldjgkhsalad
B001VXS2SW,aldjgkhsalad
B0CN9DM7CB,aldjgkhsalad
B0CGGNLQSH,aldjgkhsalad
B0C9K11T8B,aldjgkhsalad
B0C53L6RFY,aldjgkhsalad
B0B7KWHW61,aldjgkhsalad
B09Y8F8HV3,aldjgkhsalad
B09WHPFRRZ,aldjgkhsalad
B08PSXGHX7,aldjgkhsalad
B085LTM1TD,aldjgkhsalad
B0C1FVMR7T,aldjgkhsalad
B0BXB1VR62,aldjgkhsalad
B0BW8VPSMC,aldjgkhsalad
B0BQ3G7GG5,aldjgkhsalad
B0BFWJKMVT,aldjgkhsalad
B0BFPHNX5L,aldjgkhsalad
B0B77682F5,aldjgkhsalad
B0B6FZ28VT,aldjgkhsalad
B0B2PJ1CXH,aldjgkhsalad
B0B1HFMQBQ,aldjgkhsalad
B09NK9KW3Y,aldjgkhsalad
B09LT9S424,aldjgkhsalad
B08T9716FP,aldjgkhsalad
B08MQRNC58,aldjgkhsalad
B08G5CVR5X,aldjgkhsalad
B08B3DHX7M,aldjgkhsalad
B082H7XRGW,aldjgkhsalad
B07P7RJ3S6,aldjgkhsalad
B07GYW2C1H,aldjgkhsalad
B07DQSDSXK,aldjgkhsalad
B078H123GD,aldjgkhsalad
B0195URM4W,aldjgkhsalad
B008YFIALY,aldjgkhsalad
B0D2T13FR1,aldjgkhsalad
B0D2SZG9JJ,aldjgkhsalad
B0D2KRD9PH,aldjgkhsalad
B0CX58LN66,aldjgkhsalad
B0CWKX5NQ2,aldjgkhsalad
B0CJDQ4S98,aldjgkhsalad
B0CJ364L2Z,aldjgkhsalad
B0CDGPL857,aldjgkhsalad
B0C1GL155L,aldjgkhsalad
B00061MPLU,aldjgkhsalad
B00363CW7W,aldjgkhsalad
B00S15SK9O,aldjgkhsalad
B006W1DABM,aldjgkhsalad
B0017UIB30,aldjgkhsalad
B07PVC97TZ,aldjgkhsalad
B0D16X9VFS,aldjgkhsalad
B0D8VJXC6Z,aldjgkhsalad
B01N332D19,aldjgkhsalad
B07GBKR6GC,aldjgkhsalad
B081V6WJ4H,aldjgkhsalad
B01NAB328R,aldjgkhsalad
B0DDW478WQ,aldjgkhsalad
B07DTMP3L1,aldjgkhsalad
B078PH9DCB,aldjgkhsalad
B0DB5LH2D4,aldjgkhsalad
B0C3MK7Q4G,aldjgkhsalad
B09JNWRHK9,aldjgkhsalad
B09PB1QKVW,aldjgkhsalad
B08F9X528J,aldjgkhsalad
B0CNPG7LRG,aldjgkhsalad
B00H009PVS,aldjgkhsalad
B0058PCTH4,aldjgkhsalad
B004OFMU4G,aldjgkhsalad
B07PMXDFQG,aldjgkhsalad
B07F8QLDP2,aldjgkhsalad
B08R9R2W79,aldjgkhsalad
B072MJ3YDG,aldjgkhsalad
B00JEMLH02,aldjgkhsalad
B00BLPU68Y,aldjgkhsalad
B091J5CSG5,aldjgkhsalad
B0BB2GVN7C,aldjgkhsalad
B0B4K7HCHH,aldjgkhsalad
B01J2TFA6I,aldjgkhsalad
B0BGFCZ1X3,aldjgkhsalad
B095CBPXSB,aldjgkhsalad
B07DL7K1TC,aldjgkhsalad
B01A932ISE,aldjgkhsalad
B0B9YW8ZZH,aldjgkhsalad
B0CXDYL4ZL,aldjgkhsalad
B09JWTRN62,aldjgkhsalad
B08NJKZ2X9,aldjgkhsalad
B01FS2YY1K,aldjgkhsalad
B00U2QERW4,aldjgkhsalad
B000C9KPX6,aldjgkhsalad
B0CXF57N8K,aldjgkhsalad
B09V5PRH8S,aldjgkhsalad
B09PQL7FL9,aldjgkhsalad
B08FHZLTZS,aldjgkhsalad
B078H17NFL,aldjgkhsalad
B07811SGXR,aldjgkhsalad
B076N528GT,aldjgkhsalad
B075M8F4VV,aldjgkhsalad
B0714F9KVT,aldjgkhsalad
B06XWDQKPT,aldjgkhsalad
B01G9K8U5G,aldjgkhsalad
B0CZLDSTK6,aldjgkhsalad
B0CQ75CNN3,aldjgkhsalad
B0CB7796VK,aldjgkhsalad
B0C99BJXS6,aldjgkhsalad
B0C49TQJ33,aldjgkhsalad
B0BYNQG9G2,aldjgkhsalad
B0BYCPH3T3,aldjgkhsalad
B0BL7KP5LT,aldjgkhsalad
B0C74Y4CRB,aldjgkhsalad
B07RQKXS98,aldjgkhsalad
B079VK4WH4,aldjgkhsalad
B00199FBQY,aldjgkhsalad
B074WCFLXF,aldjgkhsalad
B0BXJGB1K2,aldjgkhsalad
B0CL3YV6B5,aldjgkhsalad
B0C74WV6KD,aldjgkhsalad
B07LDZ9ZHH,aldjgkhsalad
B07HJR4WGD,aldjgkhsalad
B0BKSMNBTG,aldjgkhsalad
B0C74WW42M,aldjgkhsalad
B0D89KWQQD,aldjgkhsalad
B08KZS91KW,aldjgkhsalad
B07SFZJCLG,aldjgkhsalad
B00FXI9R1W,aldjgkhsalad
B0BFZWX5GN,aldjgkhsalad
B0BFWVTZXZ,aldjgkhsalad
B0BBM5F26H,aldjgkhsalad
B0B56NVFBH,aldjgkhsalad
B0B51CB1QH,aldjgkhsalad
B0B1H6NJSZ,aldjgkhsalad
B097CJJX9X,aldjgkhsalad
B0963FCXNG,aldjgkhsalad
B0937M4ZL2,aldjgkhsalad
B08TFBKNBG,aldjgkhsalad
B08P6JNZBG,aldjgkhsalad
B08N15T2G6,aldjgkhsalad
B08HK9Q4B1,aldjgkhsalad
B089LT31KK,aldjgkhsalad
B07LB5JVPM,aldjgkhsalad
B07LB4YZ7B,aldjgkhsalad
B07JYYT7Z7,aldjgkhsalad
B09FS8Q7QW,aldjgkhsalad
B0CNNSMKX9,aldjgkhsalad
B0B6ZTR9TF,aldjgkhsalad
B086X82B1W,aldjgkhsalad
B086SFF3WB,aldjgkhsalad
B08NLGT1NF,aldjgkhsalad
B07S9TXRR4,aldjgkhsalad
B09QRVN5LD,aldjgkhsalad
B09L4ZS7RY,aldjgkhsalad
B09D3QWX58,aldjgkhsalad
B09D35HYS8,aldjgkhsalad
B09C61113C,aldjgkhsalad
B08R8MGG7V,aldjgkhsalad
B084CVYPBD,aldjgkhsalad
B0D7CJPVTG,aldjgkhsalad
B08YRJ4TVK,aldjgkhsalad
B083FYTNH6,aldjgkhsalad
B09VY28K8S,aldjgkhsalad
B07NDZWMXF,aldjgkhsalad
B0BXLPH9DN,aldjgkhsalad
B01L3ZTXS0,aldjgkhsalad
B08K8K51NT,aldjgkhsalad
B06VW3WJ78,aldjgkhsalad
B0893YMN4R,aldjgkhsalad
B0C74VV76R,aldjgkhsalad
B0B9BNDKMD,aldjgkhsalad
B07X44YR9H,aldjgkhsalad
B09XDPNGVK,aldjgkhsalad
B07KCH5WB8,aldjgkhsalad
B0CRYW3LR1,aldjgkhsalad
B07H2WPS9W,aldjgkhsalad
B0BJ1WY34Z,aldjgkhsalad
B001W2CEYA,aldjgkhsalad
B0868HFWWB,aldjgkhsalad
B000E48LUI,aldjgkhsalad
B07TDN9683,aldjgkhsalad
B0CFGV4RCB,aldjgkhsalad
B07CBZ9CMQ,aldjgkhsalad
B000PWDDR0,aldjgkhsalad
B004BPYMKE,aldjgkhsalad
B0BZ2Q11BM,aldjgkhsalad
B0CCDT1D5L,aldjgkhsalad
B0BNJ8KR2V,aldjgkhsalad
B0C74XTXQF,aldjgkhsalad
B084C1RV69,aldjgkhsalad
B0C74WVP5N,aldjgkhsalad
B08D3H7XQB,aldjgkhsalad
B07HGDTMKV,aldjgkhsalad
B07BBTCRS3,aldjgkhsalad
B07FPV3SV9,aldjgkhsalad
B07Q6L826P,aldjgkhsalad
B07CDR96W5,aldjgkhsalad
B0C3TBSCG5,aldjgkhsalad
B071RBH176,aldjgkhsalad
B08SQM4Q9C,aldjgkhsalad
B06Y6B21PT,aldjgkhsalad
B008BW5SE2,aldjgkhsalad
B0147URMJK,aldjgkhsalad
B0BY3P4ZYC,aldjgkhsalad
B0BLNRCQ3T,aldjgkhsalad
B08XN2CF18,aldjgkhsalad
B0BN1VBPWY,aldjgkhsalad
B07QC4CTLF,aldjgkhsalad
B098SZZ89Z,aldjgkhsalad
B0CYKNRGZF,aldjgkhsalad
B0979K9M7Y,aldjgkhsalad
B083W1TW3V,aldjgkhsalad
B08PZ43TS4,aldjgkhsalad
B00BLPU6UW,aldjgkhsalad
B08PP3LQ29,aldjgkhsalad
B01N3B0NDQ,aldjgkhsalad
B08MX8QGPG,aldjgkhsalad
B00SMKMU9Y,aldjgkhsalad
B07VN56K42,aldjgkhsalad
B0002YWMD2,aldjgkhsalad
B07PZWD76B,aldjgkhsalad
B07K3WFN4L,aldjgkhsalad
B07N6L18F1,aldjgkhsalad
B07H3BV15M,aldjgkhsalad
B0C6L4R1LW,aldjgkhsalad
B0C3T6742P,aldjgkhsalad
B0C3H9KNKH,aldjgkhsalad
B0C1K9KFT8,aldjgkhsalad
B0BTPXZZQL,aldjgkhsalad
B0BR3BHRFF,aldjgkhsalad
B0BL3FD73P,aldjgkhsalad
B0BCH63PN6,aldjgkhsalad
B0B9JDFLWR,aldjgkhsalad
B0B6D6MZ5R,aldjgkhsalad
B0B12FMK1N,aldjgkhsalad
B09VBZCN2F,aldjgkhsalad
B09PVQKC8M,aldjgkhsalad
B09M7W6V3B,aldjgkhsalad
B09H76GSNX,aldjgkhsalad
B09DFWWQ53,aldjgkhsalad
B072MJ3WSX,aldjgkhsalad
B0B9Q64FW1,aldjgkhsalad
B0CKYMZK3Y,aldjgkhsalad
B0B92C7GGR,aldjgkhsalad
B09RW36J55,aldjgkhsalad
B0CBTXL875,aldjgkhsalad
B07G2RLMBL,aldjgkhsalad
B088R54FB3,aldjgkhsalad
B0BY81Z138,aldjgkhsalad
B077Z1C65W,aldjgkhsalad
B0BNVQSVVR,aldjgkhsalad
B0CHMS42ZL,aldjgkhsalad
B09XFBKTDM,aldjgkhsalad
B09NDDJZ53,aldjgkhsalad
B09PBCTC4S,aldjgkhsalad
B09NL4KMYP,aldjgkhsalad
B08VDJK2Z9,aldjgkhsalad
B01K0JKXMK,aldjgkhsalad
B08PNQBGJR,aldjgkhsalad
B08LPQLZTN,aldjgkhsalad
B08L8CCSZF,aldjgkhsalad
B087SRLTP1,aldjgkhsalad
B0D78RS5DG,aldjgkhsalad
B07PXB1SWZ,aldjgkhsalad
B0CJ4NBBPJ,aldjgkhsalad
B07H2YDDPM,aldjgkhsalad
B0CFXRW2JT,aldjgkhsalad
B076T4Z5LC,aldjgkhsalad
B0C6LL5HCC,aldjgkhsalad
B0B99LPXDJ,aldjgkhsalad
B08FZRQKKL,aldjgkhsalad
B00JR8XJH2,aldjgkhsalad
B078179TTM,aldjgkhsalad
B074PNLTDL,aldjgkhsalad
B01NCUVTEL,aldjgkhsalad
B00CTS6FSC,aldjgkhsalad
B00ATJBCDQ,aldjgkhsalad
B000WUO072,aldjgkhsalad
B094XV5DR1,aldjgkhsalad
B0925ML88N,aldjgkhsalad
B08TP6PP4Y,aldjgkhsalad
B08RHLNBD9,aldjgkhsalad
B08LZ76QS9,aldjgkhsalad
B08FMF281L,aldjgkhsalad
B089W6JDWR,aldjgkhsalad
B089Q7SX14,aldjgkhsalad
B087B58XXN,aldjgkhsalad
B084T119FB,aldjgkhsalad
B07ZL34MWL,aldjgkhsalad
B07ZDRTFQH,aldjgkhsalad
B07L541RZM,aldjgkhsalad
B07GMLH3FZ,aldjgkhsalad
B07FT2QG9Q,aldjgkhsalad
B07DXH17SN,aldjgkhsalad
B0BXN8P36Y,aldjgkhsalad
B07T414J6J,aldjgkhsalad
B0C1YFFCS3,aldjgkhsalad
B0B9T44PX3,aldjgkhsalad
B08BTW3XQ2,aldjgkhsalad
B007UWQZ6E,aldjgkhsalad
B09B1CJQ7T,aldjgkhsalad
B006MYBP0W,aldjgkhsalad
B08MF83M9C,aldjgkhsalad
B07VVRHMCZ,aldjgkhsalad
B084D26FBZ,aldjgkhsalad
B0B79XPGTX,aldjgkhsalad
B07FYZJYKR,aldjgkhsalad
B07L2LW126,aldjgkhsalad
B07CZP6FZV,aldjgkhsalad
B0CFNB69ZC,aldjgkhsalad
B07KGQ6KK1,aldjgkhsalad
B07J25C3LS,aldjgkhsalad
B071DTTRF2,aldjgkhsalad
B01D3LMWU8,aldjgkhsalad
B006TTEDMW,aldjgkhsalad
B0052P23TY,aldjgkhsalad
B003GDJ1IU,aldjgkhsalad
B09WPF6MKN,aldjgkhsalad
B07Y1C7D87,aldjgkhsalad
B0DMVMS79V,aldjgkhsalad
B01HUC7GV6,aldjgkhsalad
B00WJU39IE,aldjgkhsalad
B0B3XDVP4P,aldjgkhsalad
B0D25KKT57,aldjgkhsalad
B086S5SX4N,aldjgkhsalad
B07F22HS1X,aldjgkhsalad
B07NGKSNHB,aldjgkhsalad
B0022BUT2O,aldjgkhsalad
B0B31H67B4,aldjgkhsalad
B082LS9X2Z,aldjgkhsalad
B0CJBN6PKG,aldjgkhsalad
B01J4FS7HO,aldjgkhsalad
B09BV9945K,aldjgkhsalad
B09B7JG3VW,aldjgkhsalad
B07RWVWCZG,aldjgkhsalad
B07BK45CHM,aldjgkhsalad
B016C5M3VU,aldjgkhsalad
B07QLYF88C,aldjgkhsalad
B01N41UVRD,aldjgkhsalad
B09Z9DMJW7,aldjgkhsalad
B08SMMP43L,aldjgkhsalad
B07W92KBFZ,aldjgkhsalad
B01EA62SW2,aldjgkhsalad
B0B9S7857S,aldjgkhsalad
B01AK9BHFM,aldjgkhsalad
B0045L7DSM,aldjgkhsalad
B09JBDRGLB,aldjgkhsalad
B07XM62SD7,aldjgkhsalad
B0CHJBPKCP,aldjgkhsalad
B09Z27VVG9,aldjgkhsalad
B09R5WFYT4,aldjgkhsalad
B07JDRWXF5,aldjgkhsalad
B07HJB3RNR,aldjgkhsalad
B00KP60AHC,aldjgkhsalad
B098QK5RJC,aldjgkhsalad
B0924MMMR7,aldjgkhsalad
B08KH12HBJ,aldjgkhsalad
B07ZH3NK37,aldjgkhsalad
B07QCGPG7C,aldjgkhsalad
B0792RG915,aldjgkhsalad
B074XTJ75S,aldjgkhsalad
B00CYT7ZIA,aldjgkhsalad
B0C8MXP56H,aldjgkhsalad
B0C5LCMYFQ,aldjgkhsalad
B0BZWNXBNX,aldjgkhsalad
B015VXWZ9O,aldjgkhsalad
B000J4HXUC,aldjgkhsalad
B0CTY1TFV4,aldjgkhsalad
B0C86RTZBY,aldjgkhsalad
B0BVFBWHZ4,aldjgkhsalad
B0B9G3TVS7,aldjgkhsalad
B0B6PTWFMY,aldjgkhsalad
B09QLY1WP8,aldjgkhsalad
B08LGV6P3K,aldjgkhsalad
B07HB69QML,aldjgkhsalad
B07C6CR9LM,aldjgkhsalad
B00HUYEDAW,aldjgkhsalad
B0D985YVCJ,aldjgkhsalad
B0D8438BB6,aldjgkhsalad
B0CZRK7ZVB,aldjgkhsalad
B0CR144PNZ,aldjgkhsalad
B0CNYP6TB5,aldjgkhsalad
B0CB5Y1FGZ,aldjgkhsalad
B0C9TCK3QQ,aldjgkhsalad
B0C3T8CMHP,aldjgkhsalad
B0BTPXPLVV,aldjgkhsalad
B0BSGQXG3M,aldjgkhsalad
B0BQFKJ78Y,aldjgkhsalad
B0BN4GCTVC,aldjgkhsalad
B0BFRR186D,aldjgkhsalad
B09S5WJWRN,aldjgkhsalad
B09PXDLCPN,aldjgkhsalad
B09KM72XRS,aldjgkhsalad
B09GWB9HK5,aldjgkhsalad
B094XC4RRS,aldjgkhsalad
B0925MG8PV,aldjgkhsalad
B08Z7Z8734,aldjgkhsalad
B087214CHZ,aldjgkhsalad
B082PFR61V,aldjgkhsalad
B07GZ9GNFQ,aldjgkhsalad
B07874391Y,aldjgkhsalad
B0727SNRPH,aldjgkhsalad
B01M2CUIZP,aldjgkhsalad
B00EVW2DRG,aldjgkhsalad
B00AZM7GRI,aldjgkhsalad
B0052QBQKA,aldjgkhsalad
B00474JIRG,aldjgkhsalad
B0030MG4WI,aldjgkhsalad
B08TR44DMJ,aldjgkhsalad
B0B1F2FSZW,aldjgkhsalad
B01N0NRD0M,aldjgkhsalad
B0834KSLD9,aldjgkhsalad
B0CJHY5DVT,aldjgkhsalad
B0C2CYQ7RM,aldjgkhsalad
B094PY8179,aldjgkhsalad
B06XPPZ112,aldjgkhsalad
B0CQLDVQ65,aldjgkhsalad
B094B7J6MS,aldjgkhsalad
B0CLTLYS8J,aldjgkhsalad
B07KF3GXJ1,aldjgkhsalad
B08PDR9P7M,aldjgkhsalad
B0C2622C4K,aldjgkhsalad
B0CF8Z5LMJ,aldjgkhsalad
B00JX4X6QY,aldjgkhsalad
B08ZKM6Q22,aldjgkhsalad
B08XQSSJMG,aldjgkhsalad
B0865TDJ9R,aldjgkhsalad
B075K3CC97,aldjgkhsalad
B01M12WFUD,aldjgkhsalad
B00Y9WTORA,aldjgkhsalad
B0DN1LTDNC,aldjgkhsalad
B0D9B3L4RP,aldjgkhsalad
B0D3KZG7T3,aldjgkhsalad
B0D1THGLS1,aldjgkhsalad
B0CSSW9LSN,aldjgkhsalad
B0CQF7PMTN,aldjgkhsalad
B0CMPT9J25,aldjgkhsalad
B0CL27BZZ6,aldjgkhsalad
B0C98XVDY2,aldjgkhsalad
B0C6SQFNPW,aldjgkhsalad
B00005NX1F,aldjgkhsalad
B0046MOVCQ,aldjgkhsalad
B08V3QWR9X,aldjgkhsalad
B07H9W7QBV,aldjgkhsalad
B07SLKS5P4,aldjgkhsalad
B07H3NRKLF,aldjgkhsalad
B0031SGP2U,aldjgkhsalad
B005NISMBI,aldjgkhsalad
B08RSC4M87,aldjgkhsalad
B08KHP1GGM,aldjgkhsalad
B0CNGMNXWG,aldjgkhsalad
B09ZKV9DP6,aldjgkhsalad
B01JZQV79C,aldjgkhsalad
B0B92ZNLDB,aldjgkhsalad
B08NJ7KSVM,aldjgkhsalad
B09QRTVCLP,aldjgkhsalad
B08FSNGV7Y,aldjgkhsalad
B01N0Q425Q,aldjgkhsalad
B01DWVQGNS,aldjgkhsalad
B0C6JFMD8V,aldjgkhsalad
B0BYJF6K87,aldjgkhsalad
B0BJ22BYWD,aldjgkhsalad
B0852QMCSW,aldjgkhsalad
B01N3OHUA3,aldjgkhsalad
B01IT7PWXK,aldjgkhsalad
B0130JBN9O,aldjgkhsalad
B00202SZ2Q,aldjgkhsalad
B0D98Z2T1K,aldjgkhsalad
B0CKP8DSXL,aldjgkhsalad
B0C5CY6HTJ,aldjgkhsalad
B09TY94369,aldjgkhsalad
B098NL2NVH,aldjgkhsalad
B08QMGS98Q,aldjgkhsalad
B09SHGLKVP,aldjgkhsalad
B0C78KYY2H,aldjgkhsalad
B0872RJH5S,aldjgkhsalad
B001AMBETS,aldjgkhsalad
B09NLCD81Q,aldjgkhsalad
B0725JXHSK,aldjgkhsalad
B0B7QWMFYP,aldjgkhsalad
B00XSJCHWE,aldjgkhsalad
B08JYGYC7X,aldjgkhsalad
B07XHJTD9Y,aldjgkhsalad
B07KVZ8TH7,aldjgkhsalad
B0BG27CYMM,aldjgkhsalad
B086W66M88,aldjgkhsalad
B0B4F6GZBC,aldjgkhsalad
B08BL6VY85,aldjgkhsalad
B0BRXFRXMH,aldjgkhsalad
B09CY4H2DL,aldjgkhsalad
B07B8V774Y,aldjgkhsalad
B0C9TTKHSP,aldjgkhsalad
B017OAACSI,aldjgkhsalad
B0B6HHLSVT,aldjgkhsalad
B09KNKZRBD,aldjgkhsalad
B00DYDW940,aldjgkhsalad
B07TWWJBL7,aldjgkhsalad
B0BFXN8Y72,aldjgkhsalad
B09BNLJV53,aldjgkhsalad
B07RM1GHBC,aldjgkhsalad
B005GQXF3W,aldjgkhsalad
B006MOF8A0,aldjgkhsalad
B0B3QPNSW3,aldjgkhsalad
B0BHT6RVP8,aldjgkhsalad
B07N66WXHF,aldjgkhsalad
B0CHY13R7L,aldjgkhsalad
B07BP73N3W,aldjgkhsalad
B0D4M31F73,aldjgkhsalad
B0D3PM43J2,aldjgkhsalad
B096P1DXQ1,aldjgkhsalad
B0D2K8725Q,aldjgkhsalad
B0C1M3LC2W,aldjgkhsalad
B0CJDC3VR3,aldjgkhsalad
B093GR4M7V,aldjgkhsalad
B0CHVXNTM5,aldjgkhsalad
B09LPKPNYZ,aldjgkhsalad
B0BYZ3RKRX,aldjgkhsalad
B08Y8MSBQT,aldjgkhsalad
B0BLNY22Q4,aldjgkhsalad
B07R28JPRK,aldjgkhsalad
B09WDDZ2N1,aldjgkhsalad
B09K3LGVP3,aldjgkhsalad
B0DMS3GYTD,aldjgkhsalad
B00ICR7I4Y,aldjgkhsalad
B01BFBVUYM,aldjgkhsalad
B08L9T9367,aldjgkhsalad
B07RJRYHSP,aldjgkhsalad
B08185CWQ1,aldjgkhsalad
B0CHW3WLGB,aldjgkhsalad
B00H8ZVH70,aldjgkhsalad
B088FJFQJK,aldjgkhsalad
B07J17Z3W6,aldjgkhsalad
B085F32SX9,aldjgkhsalad
B07JM1JXZT,aldjgkhsalad
B07X9KWY75,aldjgkhsalad
B07V68F3J9,aldjgkhsalad
B0B1PHBR34,aldjgkhsalad
B003B13IEA,aldjgkhsalad
B09QC515M7,aldjgkhsalad
B082YHVCZT,aldjgkhsalad
B09FF1YGHN,aldjgkhsalad
B0828JVHDZ,aldjgkhsalad
B099WJZD7F,aldjgkhsalad
B078WK4SBV,aldjgkhsalad
B096L1FLF5,aldjgkhsalad
B08YX1YJSJ,aldjgkhsalad
B092ZQN2R4,aldjgkhsalad
B07Z46XD7X,aldjgkhsalad
B08XBBQPYB,aldjgkhsalad
B09TSG6M8C,aldjgkhsalad
B08MVQCD2F,aldjgkhsalad
B07V3H5FMK,aldjgkhsalad
B09PMR1NQ9,aldjgkhsalad
B08QQRWDWS,aldjgkhsalad
B085RJDDFC,aldjgkhsalad
B01LD4ZCTU,aldjgkhsalad
B01G3VPI7Y,aldjgkhsalad
B006JN1WOU,aldjgkhsalad
B0CY1VJ2BZ,aldjgkhsalad
B0CTJ7FW5T,aldjgkhsalad
B0CM66RBZ5,aldjgkhsalad
B0C3BD714W,aldjgkhsalad
B0BSG4244H,aldjgkhsalad
B0BRXRC2ZX,aldjgkhsalad
B09WVKP888,aldjgkhsalad
B091YPDSRX,aldjgkhsalad
B08ZWQ5LDR,aldjgkhsalad
B08XBNRNNY,aldjgkhsalad
B0B4R2RHCX,aldjgkhsalad
B08SBN9TK7,aldjgkhsalad
B00V2XESKC,aldjgkhsalad
B0C65Z3XFS,aldjgkhsalad
B07CQKDRFK,aldjgkhsalad
B01CTDUT6U,aldjgkhsalad
B0CQJX31P7,aldjgkhsalad
B0CDBWWYRQ,aldjgkhsalad
B0BHDZW2MY,aldjgkhsalad
B0B38XL69V,aldjgkhsalad
B08FY2TWFR,aldjgkhsalad
B07B1RXVW1,aldjgkhsalad
B00D4L6VWS,aldjgkhsalad
B00D0FZGBU,aldjgkhsalad
B001EQ5FEU,aldjgkhsalad
B0CR6HLTY4,aldjgkhsalad
B089Q6QH1X,aldjgkhsalad
B089NCN3HW,aldjgkhsalad
B0BYYGKL9M,aldjgkhsalad
B08RLNMCLZ,aldjgkhsalad
B07W7CHHJZ,aldjgkhsalad
B01N8U420N,aldjgkhsalad
B0B9N1P6WW,aldjgkhsalad
B08MF31YZD,aldjgkhsalad
B005K2WAV0,aldjgkhsalad
B003F2EXDK,aldjgkhsalad
B09WXWBGD2,aldjgkhsalad
B09N8P7N9G,aldjgkhsalad
B08M5W81W6,aldjgkhsalad
B072KGWVJ6,aldjgkhsalad
B0BFFQM3MJ,aldjgkhsalad
B09QCHV7Q8,aldjgkhsalad
B07NYWRWYS,aldjgkhsalad
B005GZ86ZA,aldjgkhsalad
B0CR4FVY36,aldjgkhsalad
B0BR8VXQX8,aldjgkhsalad
B0BKGSTFMD,aldjgkhsalad
B09X6PSRLB,aldjgkhsalad
B095S115NW,aldjgkhsalad
B092BNVH92,aldjgkhsalad
B08ZBZ97KY,aldjgkhsalad
B08R7LMCJ6,aldjgkhsalad
B07CQBVBJ9,aldjgkhsalad
B071NYV62P,aldjgkhsalad
B071KWDSTJ,aldjgkhsalad
B01LFKYHNY,aldjgkhsalad
B01HSNDPYY,aldjgkhsalad
B00CICR3HG,aldjgkhsalad
B0DP4S6SL1,aldjgkhsalad
B0CZ47QYW4,aldjgkhsalad
B0CXSBQD6C,aldjgkhsalad
B0CWN574GC,aldjgkhsalad
B0CQBTS1WX,aldjgkhsalad
B0CCPCQ1YB,aldjgkhsalad
B0C7NSWSTG,aldjgkhsalad
B0C6PXWCZK,aldjgkhsalad
B0C14JCHH7,aldjgkhsalad
B0B715TJLV,aldjgkhsalad
B0B2DFVD1B,aldjgkhsalad
B09ZKYJPNM,aldjgkhsalad
B09YH99PQN,aldjgkhsalad
B09KXSHLCV,aldjgkhsalad
B094Z82JLD,aldjgkhsalad
B08M5RCD1P,aldjgkhsalad
B0CCRQM6R4,aldjgkhsalad
B0CB618MGG,aldjgkhsalad
B0C9WHMZG2,aldjgkhsalad
B0C9TBDQD2,aldjgkhsalad
B0C5J8KL5B,aldjgkhsalad
B0BW5H5VDC,aldjgkhsalad
B0BV1X1GL8,aldjgkhsalad
B0BTY23YPZ,aldjgkhsalad
B0BQJ57WZM,aldjgkhsalad
B0BQC8JVYZ,aldjgkhsalad
B0BML29VFR,aldjgkhsalad
B0BL13PBDK,aldjgkhsalad
B0BGNBDD2L,aldjgkhsalad
B0BBVPCF5D,aldjgkhsalad
B0B9NZP8CB,aldjgkhsalad
B0B71HRDH3,aldjgkhsalad
B07R8T6WYC,aldjgkhsalad
B073HLP1R7,aldjgkhsalad
B01N0XF2Y5,aldjgkhsalad
B00X230HGY,aldjgkhsalad
B00QHE9I74,aldjgkhsalad
B0DCG65Z18,aldjgkhsalad
B0D5CPRGFP,aldjgkhsalad
B0CZDDP9C2,aldjgkhsalad
B0CZ8MVDPR,aldjgkhsalad
B0CWY3NC6X,aldjgkhsalad
B0CT8WHJ4N,aldjgkhsalad
B0CNVLMDFP,aldjgkhsalad
B0CKT9XCNM,aldjgkhsalad
B0CKMWJL2Q,aldjgkhsalad
B0CJJ1QTD8,aldjgkhsalad
B0CHFGQR98,aldjgkhsalad
B076BGQ69T,aldjgkhsalad
B072HQLBVT,aldjgkhsalad
B01M5G1UM3,aldjgkhsalad
B01H8MK5YS,aldjgkhsalad
B00GP4FTCE,aldjgkhsalad
B00724ZQ9C,aldjgkhsalad
B09FLKRVMY,aldjgkhsalad
B00X22XTJW,aldjgkhsalad
B0CQLR3JP6,aldjgkhsalad
B09WMYVRTX,aldjgkhsalad
B00BYF8DP4,aldjgkhsalad
B0BDD5F5R6,aldjgkhsalad
B0B17HFJWP,aldjgkhsalad
B00SXP8XDU,aldjgkhsalad
B07PQC459Z,aldjgkhsalad
B09YV1LHJ2,aldjgkhsalad
B0742Z4R3T,aldjgkhsalad
B079Q9HCV2,aldjgkhsalad
B07PPM35PB,aldjgkhsalad
B074PR72TT,aldjgkhsalad
B0C9P7G4NF,aldjgkhsalad
B07WG69YMR,aldjgkhsalad
B07SD9B8FZ,aldjgkhsalad
B07F8CZGL2,aldjgkhsalad
B0CQXQVHRP,aldjgkhsalad
B077GVJD2S,aldjgkhsalad
B0CQYMBS6C,aldjgkhsalad
B0CNJW3DWJ,aldjgkhsalad
B0CC1G1XSN,aldjgkhsalad
B0C34FV5GC,aldjgkhsalad
B0BRQ26W6L,aldjgkhsalad
B0BKGS9RFV,aldjgkhsalad
B0BJF51J5Z,aldjgkhsalad
B0BHP5H4P5,aldjgkhsalad
B0BFRHGVTF,aldjgkhsalad
B0B5XDQ45N,aldjgkhsalad
B0B5R6P6DF,aldjgkhsalad
B01DY6O1FG,aldjgkhsalad
B01N35WYXJ,aldjgkhsalad
B07D95C6PW,aldjgkhsalad
B07C5CLYNT,aldjgkhsalad
B08HCL6592,aldjgkhsalad
B000KC009O,aldjgkhsalad
B087JKYR4Z,aldjgkhsalad
B07H1D267F,aldjgkhsalad
B09LGVGD49,aldjgkhsalad
B07B3QR76F,aldjgkhsalad
B097Z1KQXW,aldjgkhsalad
B08969CCB2,aldjgkhsalad
B07QTQ8TC5,aldjgkhsalad
B07VSTNMV8,aldjgkhsalad
B071GTMGLD,aldjgkhsalad
B0B314RBFM,aldjgkhsalad
B09GXGLMNX,aldjgkhsalad
B093KVLXVM,aldjgkhsalad
B08NNFM6WN,aldjgkhsalad
B085NDRL21,aldjgkhsalad
B082P7ZBLC,aldjgkhsalad
B081GC1SG6,aldjgkhsalad
B07XXSWG1C,aldjgkhsalad
B073ZK7PS6,aldjgkhsalad
B06XJNDGD4,aldjgkhsalad
B015R1BBHC,aldjgkhsalad
B00CYQB8AY,aldjgkhsalad
B00BQ2JSJK,aldjgkhsalad
B07FMHKSKQ,aldjgkhsalad
B0CPFQNNB6,aldjgkhsalad
B08BKQ1JW4,aldjgkhsalad
B07MR628BJ,aldjgkhsalad
B0C2P72SCX,aldjgkhsalad
B08N4ZC4VJ,aldjgkhsalad
B01M24DAE4,aldjgkhsalad
B00VPW38CY,aldjgkhsalad
B0D7PSMFRZ,aldjgkhsalad
B09QC2LYCY,aldjgkhsalad
B091YKFBX8,aldjgkhsalad
B00TZ02D5G,aldjgkhsalad
B07L4JKVL9,aldjgkhsalad
B07DC3F4PP,aldjgkhsalad
B0B5KMYYYX,aldjgkhsalad
B091B1SRZL,aldjgkhsalad
B08G4R4PJP,aldjgkhsalad
B0BJTHMT2Y,aldjgkhsalad
B09N77LMHZ,aldjgkhsalad
B085RXHTNR,aldjgkhsalad
B009AQBUBS,aldjgkhsalad
B09TP9S1TD,aldjgkhsalad
B089D333G4,aldjgkhsalad
B00G7P39M8,aldjgkhsalad
B0713XGYHX,aldjgkhsalad
B07VMP4QJ9,aldjgkhsalad
B07RTW1R1V,aldjgkhsalad
B0CCSWWDK7,aldjgkhsalad
B07D62P1FQ,aldjgkhsalad
B08BPK17F3,aldjgkhsalad
B0BX49RNVV,aldjgkhsalad
B01N074DEA,aldjgkhsalad
B08HSQ3D8P,aldjgkhsalad
B07GZYSCNP,aldjgkhsalad
B083D9WK2F,aldjgkhsalad
B0BJZ6XS8T,aldjgkhsalad
B07KY69NLW,aldjgkhsalad
B07DHWDQ3G,aldjgkhsalad
B0B785YZ8W,aldjgkhsalad
B075QDBGGP,aldjgkhsalad
B09CCLLQX4,aldjgkhsalad
B01L7OOD5U,aldjgkhsalad
B09M3QYZPT,aldjgkhsalad
B08RLNGR7D,aldjgkhsalad
B0037ZLW98,aldjgkhsalad
B0C14KSZVL,aldjgkhsalad
B09VX4N878,aldjgkhsalad
B08FCG8P2M,aldjgkhsalad
B0863KGMHG,aldjgkhsalad
B01MUWHP80,aldjgkhsalad
B0BGGGRJQL,aldjgkhsalad
B08NSC61J5,aldjgkhsalad
B084SZT5F1,aldjgkhsalad
B00UAQFS8I,aldjgkhsalad
B083JPKYZ8,aldjgkhsalad
B09PMGFL76,aldjgkhsalad
B08L6ZRS1S,aldjgkhsalad
B00O719OAA,aldjgkhsalad
B09PTHVPLP,aldjgkhsalad
B08VFC7SYQ,aldjgkhsalad
B0811TQD2P,aldjgkhsalad
B093LT35F1,aldjgkhsalad
B08HFP2T5W,aldjgkhsalad
B08B5J3PNQ,aldjgkhsalad
B09VCLRHBT,aldjgkhsalad
B0C6TC9DMT,aldjgkhsalad
B08NN9KHWS,aldjgkhsalad
B08R2RVP6M,aldjgkhsalad
B07MY4F3BH,aldjgkhsalad
B098RCZMMV,aldjgkhsalad
B077N2J5R9,aldjgkhsalad
B08KNRH2M6,aldjgkhsalad
B074SK67WG,aldjgkhsalad
B0C7GT7L3R,aldjgkhsalad
B002DVM750,aldjgkhsalad
B09LYH5YT6,aldjgkhsalad
B077S3H8DD,aldjgkhsalad
B09247667B,aldjgkhsalad
B09L558LRC,aldjgkhsalad
B08L3JH2HF,aldjgkhsalad
B0922NVH2X,aldjgkhsalad
B0897M9N4B,aldjgkhsalad
B07BZ4SWSW,aldjgkhsalad
B075FT5RTW,aldjgkhsalad
B01EL8I6AM,aldjgkhsalad
B018JLUUMY,aldjgkhsalad
B089DW7FHJ,aldjgkhsalad
B07NP6TJPG,aldjgkhsalad
B074M6GWNW,aldjgkhsalad
B01N5RDJQ0,aldjgkhsalad
B003B10DKW,aldjgkhsalad
B0CB3J1JDL,aldjgkhsalad
B0B3R42D4W,aldjgkhsalad
B09XRFNT2G,aldjgkhsalad
B08XJKDMJ2,aldjgkhsalad
B08NF39Y1Q,aldjgkhsalad
B093D4LYQW,aldjgkhsalad
B08BHN2NN1,aldjgkhsalad
B0CM68MTY3,aldjgkhsalad
B0CJ521M9S,aldjgkhsalad
B09V2SPK8B,aldjgkhsalad
B084YT9S7W,aldjgkhsalad
B00U5X32YS,aldjgkhsalad
B010W2KXJI,aldjgkhsalad
B081SHTR6P,aldjgkhsalad
B00KQ151WA,aldjgkhsalad
B0BBVQ7P9N,aldjgkhsalad
B07QF7ZZ7H,aldjgkhsalad
B07BF7QT84,aldjgkhsalad
B07JMFBFW3,aldjgkhsalad
B0B28RHKXB,aldjgkhsalad
B07PWN1VWD,aldjgkhsalad
B0C14BNX1K,aldjgkhsalad
B0BBW2ZF4X,aldjgkhsalad
B09L3D2W2K,aldjgkhsalad
B08HR4FJ4M,aldjgkhsalad
B07QSJRXB3,aldjgkhsalad
B0CPJ3SH3F,aldjgkhsalad
B0B28F594K,aldjgkhsalad
B07WHZ74FW,aldjgkhsalad
B07PGDK5DC,aldjgkhsalad
B09VH443K4,aldjgkhsalad
B09B39RQ9C,aldjgkhsalad
B08ZHNPF3X,aldjgkhsalad
B09T37VRP3,aldjgkhsalad
B0986SC6KN,aldjgkhsalad
B07SD2BFLB,aldjgkhsalad
B0BX8PF9N9,aldjgkhsalad
B0B593K884,aldjgkhsalad
B0B56JL6TP,aldjgkhsalad
B0B48BFLQ2,aldjgkhsalad
B0B391HJN3,aldjgkhsalad
B09YXVLXN6,aldjgkhsalad
B09YTZZZJM,aldjgkhsalad
B09P57CZSR,aldjgkhsalad
B09KXS87JW,aldjgkhsalad
B09DXCDFPV,aldjgkhsalad
B09C4464YR,aldjgkhsalad
B099DXR3T2,aldjgkhsalad
B0993JQ338,aldjgkhsalad
B08VNGPDMJ,aldjgkhsalad
B08V4R1L29,aldjgkhsalad
B08TR7N5SM,aldjgkhsalad
B08SC3ZC69,aldjgkhsalad
B09VGKDD5L,aldjgkhsalad
B07SZ3QMHK,aldjgkhsalad
B07G8S2DPD,aldjgkhsalad
B079YBNQQV,aldjgkhsalad
B075TDRDT5,aldjgkhsalad
B0D3L134B3,aldjgkhsalad
B0BX66GW2S,aldjgkhsalad
B0B7JNLG16,aldjgkhsalad
B09W8NDJFW,aldjgkhsalad
B07V3N7HQ3,aldjgkhsalad
B01KVWIKHG,aldjgkhsalad
B01KL9WLN8,aldjgkhsalad
B01ITO1AN4,aldjgkhsalad
B00VS0T7IC,aldjgkhsalad
B00FXKKSBI,aldjgkhsalad
B0CGQ4W6ZT,aldjgkhsalad
B0B81CBL8G,aldjgkhsalad
B0B5DBWWBV,aldjgkhsalad
B0B49ZBLGM,aldjgkhsalad
B0B241SQ9V,aldjgkhsalad
B09YSQVHT6,aldjgkhsalad
B09V4GN7L2,aldjgkhsalad
B09TG6DLN5,aldjgkhsalad
B09NB44R9X,aldjgkhsalad
B09CF1TCHC,aldjgkhsalad
B099DTKCZB,aldjgkhsalad
B0949FZ7JN,aldjgkhsalad
B08Z7D4KKV,aldjgkhsalad
B08XJP4G6R,aldjgkhsalad
B08V8QGP4D,aldjgkhsalad
B08T866LYW,aldjgkhsalad
B08S35BS8W,aldjgkhsalad
B08PVL9V1G,aldjgkhsalad
B08FFTFH7N,aldjgkhsalad
B0897MK5QL,aldjgkhsalad
B082WW1PKT,aldjgkhsalad
B07ZNHHGB1,aldjgkhsalad
B07HZ5Y258,aldjgkhsalad
B07CRQ9HN5,aldjgkhsalad
B0743JSFXH,aldjgkhsalad
B06XBJP57R,aldjgkhsalad
B08N1FSR9N,aldjgkhsalad
B08KHPMJFD,aldjgkhsalad
B08F521PXB,aldjgkhsalad
B0859C1K6S,aldjgkhsalad
B08485S8J9,aldjgkhsalad
B0824YHND3,aldjgkhsalad
B07ZBQFBLC,aldjgkhsalad
B07Z4Q1N41,aldjgkhsalad
B07YJ85ZR2,aldjgkhsalad
B07VBLCWZM,aldjgkhsalad
B07V71S9MY,aldjgkhsalad
B07CMQ9Q11,aldjgkhsalad
B07CHQYWBL,aldjgkhsalad
B078RSRRT9,aldjgkhsalad
B077BWLLMC,aldjgkhsalad
B0778GVLHY,aldjgkhsalad
B0DFH8X8N5,aldjgkhsalad
B0D3SY7RKC,aldjgkhsalad
B0D1BZL2N8,aldjgkhsalad
B0CYLFKMLK,aldjgkhsalad
B0CQ4C5M2C,aldjgkhsalad
B0CP3SH4VD,aldjgkhsalad
B0CMXL381Z,aldjgkhsalad
B0C8KBBLY3,aldjgkhsalad
B0C5HQT3SD,aldjgkhsalad
B0C37RGGPX,aldjgkhsalad
B0C2Q4KLTN,aldjgkhsalad
B0BXTDJNH7,aldjgkhsalad
B0BV89WPDP,aldjgkhsalad
B0BTTN1RVM,aldjgkhsalad
B0BR5L4FPT,aldjgkhsalad
B0BLC4MYLD,aldjgkhsalad
B00TP1UA00,aldjgkhsalad
B09S63BK71,aldjgkhsalad
B0BNK3FJTX,aldjgkhsalad
B07K9L2H7C,aldjgkhsalad
B0BBRK2JN6,aldjgkhsalad
B08YWLPVTF,aldjgkhsalad
B08C4LR3P7,aldjgkhsalad
B0BCYTHTPH,aldjgkhsalad
B009TDS8H6,aldjgkhsalad
B076BGQ8C1,aldjgkhsalad
B097MWPTSR,aldjgkhsalad
B00NWIZ61K,aldjgkhsalad
B07L58GQ9C,aldjgkhsalad
B00T5GIY8U,aldjgkhsalad
B07PP45QGC,aldjgkhsalad
B07MCGX6B5,aldjgkhsalad
B0B21D873P,aldjgkhsalad
B0B6SNQDD3,aldjgkhsalad
B07B4W13KR,aldjgkhsalad
B0B15NZVJR,aldjgkhsalad
B086V2FH4N,aldjgkhsalad
B07TRQFHXP,aldjgkhsalad
B085PX2H1G,aldjgkhsalad
B0B9R1JFD3,aldjgkhsalad
B07XYGML1B,aldjgkhsalad
B07VDZ78HZ,aldjgkhsalad
B07DQ685B3,aldjgkhsalad
B01MQ6HPY4,aldjgkhsalad
B0B19FG6TZ,aldjgkhsalad
B09L3MZQ81,aldjgkhsalad
B09Z2B3HS4,aldjgkhsalad
B0CYGKC9YM,aldjgkhsalad
B09XB4YK97,aldjgkhsalad
B01EXE3BZE,aldjgkhsalad
B08B1KWNP2,aldjgkhsalad
B01LTF8QSM,aldjgkhsalad
B00CB3PLOE,aldjgkhsalad
B08Z2VP4KS,aldjgkhsalad
B0BBDY91TG,aldjgkhsalad
B07K9CYXK7,aldjgkhsalad
B0BQWY1ZVW,aldjgkhsalad
1531939899,aldjgkhsalad
B0CP5HXYM2,aldjgkhsalad
B0CX4QWNL7,aldjgkhsalad
B098BPLZML,aldjgkhsalad
B081PLDPB6,aldjgkhsalad
B07SV1K9B4,aldjgkhsalad
B081D9H4JC,aldjgkhsalad
B09CMFRLRX,aldjgkhsalad
B0912Y61XT,aldjgkhsalad
B0BQL3MNGW,aldjgkhsalad
B096KHQF5H,aldjgkhsalad
B09FG31HYQ,aldjgkhsalad
B07PJ4FWY3,aldjgkhsalad
B07K1XC8XV,aldjgkhsalad
B07F1LRJP7,aldjgkhsalad
B0BNNB267B,aldjgkhsalad
B08G89JPHM,aldjgkhsalad
B07DL1PKK9,aldjgkhsalad
B0CJXG876S,aldjgkhsalad
B0B7JMJ68Y,aldjgkhsalad
B0882QBW9F,aldjgkhsalad
B085DQ74J7,aldjgkhsalad
B07RK4V6F2,aldjgkhsalad
B0CFXXVW68,aldjgkhsalad
B09MRBHKTZ,aldjgkhsalad
B092LFQT9D,aldjgkhsalad
B08XTRQ7NQ,aldjgkhsalad
B08MZ9FNHH,aldjgkhsalad
B08JZFZFP7,aldjgkhsalad
B08BHK1S4P,aldjgkhsalad
B084BVLXP8,aldjgkhsalad
B07PFKRFGH,aldjgkhsalad
B07P32M58B,aldjgkhsalad
B0781ZTCXH,aldjgkhsalad
B0731HXKLQ,aldjgkhsalad
B072N7Y587,aldjgkhsalad
B06WLJ3MBS,aldjgkhsalad
B00FJ1DP6Q,aldjgkhsalad
B003O9YGPY,aldjgkhsalad
B07DHYKCD1,aldjgkhsalad
B0722GFQJ1,aldjgkhsalad
B01N1XCEXW,aldjgkhsalad
B09CGDR4ZM,aldjgkhsalad
B08S39DR5D,aldjgkhsalad
B08RS3XCFR,aldjgkhsalad
B08R9CTH4J,aldjgkhsalad
B0786NX8PQ,aldjgkhsalad
B077FFZYZ2,aldjgkhsalad
B0CYP8QKMP,aldjgkhsalad
B0CDVVVC5M,aldjgkhsalad
B0BRXWBKQC,aldjgkhsalad
B09WYHSMXJ,aldjgkhsalad
B097CM91V7,aldjgkhsalad
B091JBGB4N,aldjgkhsalad
B0781VC2DK,aldjgkhsalad
B00E4OHBNM,aldjgkhsalad
B0062PABNS,aldjgkhsalad
B0CK1LG2WC,aldjgkhsalad
B0BG8ZPDQF,aldjgkhsalad
B0B8DRZSFB,aldjgkhsalad
B094DF5D5W,aldjgkhsalad
B08XQPN2JF,aldjgkhsalad
B08NTXJTHM,aldjgkhsalad
B089Y8JJPG,aldjgkhsalad
B07D8F81CR,aldjgkhsalad
B07212VMJ7,aldjgkhsalad
B06XC7VZL4,aldjgkhsalad
B01DM7RS84,aldjgkhsalad
B00WL1X3E6,aldjgkhsalad
B0026ST9QK,aldjgkhsalad
B0CFZX9W4B,aldjgkhsalad
B07MNX9V8H,aldjgkhsalad
B078RZXFMJ,aldjgkhsalad
B075QNHM7K,aldjgkhsalad
B0725D19V3,aldjgkhsalad
B06ZZCXTW4,aldjgkhsalad
B018Y307H0,aldjgkhsalad
B004ILRHQM,aldjgkhsalad
B008Y12YI8,aldjgkhsalad
B07W5FZZQX,aldjgkhsalad
B011G9XZLE,aldjgkhsalad
B08CJMY9TT,aldjgkhsalad
B0DCYW7HK2,aldjgkhsalad
B0CTG54HSM,aldjgkhsalad
B0D2HV82T6,aldjgkhsalad
B0B8LDP8ZH,aldjgkhsalad
B0D1RH2RG9,aldjgkhsalad
B07YBJSZGR,aldjgkhsalad
B0CH5D4Q5F,aldjgkhsalad
B09BLX7ZNG,aldjgkhsalad
B0CF5BFQDW,aldjgkhsalad
B0C8T64C6Y,aldjgkhsalad
B0B87W3C5H,aldjgkhsalad
B0000AUX3T,aldjgkhsalad
B0BS9X3F4F,aldjgkhsalad
B09CKRLYW9,aldjgkhsalad
B082V2C4GS,aldjgkhsalad
B07YC1CMYM,aldjgkhsalad
B0B2PFC5R1,aldjgkhsalad
B09TDSXGXT,aldjgkhsalad
B084VK4H4S,aldjgkhsalad
B09NSMC78F,aldjgkhsalad
B08PQ8PXYF,aldjgkhsalad
B07TZTFN9R,aldjgkhsalad
B07TXPCYCJ,aldjgkhsalad
B07GHXJHVK,aldjgkhsalad
B0091FS4MG,aldjgkhsalad
B0CX58GTF1,aldjgkhsalad
B0CFR2QD1M,aldjgkhsalad
B0C74M9HGC,aldjgkhsalad
B09W9DWYSX,aldjgkhsalad
B0CY5GG5RB,aldjgkhsalad
B09SFQ7C6K,aldjgkhsalad
B09NLS9TK4,aldjgkhsalad
B07T9KJ2YZ,aldjgkhsalad
B07VKLLL5Y,aldjgkhsalad
B07SRJZ1HM,aldjgkhsalad
B07V374F3Y,aldjgkhsalad
B07SM9F1V3,aldjgkhsalad
B07RJ1BYKV,aldjgkhsalad
B07NM5ZZPJ,aldjgkhsalad
B079KZHXG8,aldjgkhsalad
B07J2MQGSD,aldjgkhsalad
B0BVPFRF4V,aldjgkhsalad
B07D17BXK2,aldjgkhsalad
B09ZYXH2Y2,aldjgkhsalad
B089SLZ428,aldjgkhsalad
B00JED5XK6,aldjgkhsalad
B0CY4B6ZRB,aldjgkhsalad
B07SPTD4CP,aldjgkhsalad
B0CJLGLTLD,aldjgkhsalad
B0C9M48V7R,aldjgkhsalad
B0BYDZ1T34,aldjgkhsalad
B08XXCS437,aldjgkhsalad
B07S9L87JL,aldjgkhsalad
B0BNN5RQ19,aldjgkhsalad
B0B311MJ4W,aldjgkhsalad
B006LMBQQS,aldjgkhsalad
B0DD7DPNJM,aldjgkhsalad
B094MR31DG,aldjgkhsalad
B07664DNNC,aldjgkhsalad
B0CPSDRG3C,aldjgkhsalad
B0757764KZ,aldjgkhsalad
B09B2MGQBH,aldjgkhsalad
B08YP3PW8C,aldjgkhsalad
B095GQSMHK,aldjgkhsalad
B08DG5DBS4,aldjgkhsalad
B0007TQWK6,aldjgkhsalad
B09Y93DV9F,aldjgkhsalad
B00VY9UD5I,aldjgkhsalad
B0CR1WJ5YX,aldjgkhsalad
B000R89KM4,aldjgkhsalad
B00CXGQOFO,aldjgkhsalad
B0BWD685B5,aldjgkhsalad
B0CR791J5P,aldjgkhsalad
B092TYZ5HL,aldjgkhsalad
B01LYBLHMP,aldjgkhsalad
B08H54MX98,aldjgkhsalad
B0CNXYXFSG,aldjgkhsalad
B08SC2LHV2,aldjgkhsalad
B07QMTDCK7,aldjgkhsalad
B09HFPKS9V,aldjgkhsalad
B0BTWJ9Q37,aldjgkhsalad
B07YNHFRXS,aldjgkhsalad
B08BP8D6B9,aldjgkhsalad
B0BWJ8CT5H,aldjgkhsalad
B085PQJ47W,aldjgkhsalad
B001DKF08S,aldjgkhsalad
B07Q1YMMQZ,aldjgkhsalad
B09D7DTP6P,aldjgkhsalad
B004TS04QO,aldjgkhsalad
B07PKQT1N1,aldjgkhsalad
B0CFMLYJPX,aldjgkhsalad
B0CKT4Q6ZP,aldjgkhsalad
B09STGYDD7,aldjgkhsalad
B09QZT7S4Y,aldjgkhsalad
B09Q2TMF8V,aldjgkhsalad
B09NPMHMJS,aldjgkhsalad
B09DVQV3ZP,aldjgkhsalad
B08RD9JB2P,aldjgkhsalad
B08KJSRBWG,aldjgkhsalad
B088BK3R2D,aldjgkhsalad
B086K5BPNT,aldjgkhsalad
B07XXL4HN2,aldjgkhsalad
B07RXRQJRM,aldjgkhsalad
B07R7JVJN3,aldjgkhsalad
B07GTYKNM6,aldjgkhsalad
B07DWHL9NM,aldjgkhsalad
B00Z6CNVRG,aldjgkhsalad
B008ZIUVYO,aldjgkhsalad
B0BTCQ9T3D,aldjgkhsalad
B0BC12H6N7,aldjgkhsalad
B0B5XDHRPP,aldjgkhsalad
B0B2J3H514,aldjgkhsalad
B08GHNFTND,aldjgkhsalad
B08BNNXMRW,aldjgkhsalad
B07K8WVX81,aldjgkhsalad
B07DTG6JZX,aldjgkhsalad
B07BD3KWNL,aldjgkhsalad
B06XRGLB2M,aldjgkhsalad
B00T36NUTU,aldjgkhsalad
B0CWQD3CTV,aldjgkhsalad
B0CJ8LN4FS,aldjgkhsalad
B0C629PT3C,aldjgkhsalad
B0BW44MMLM,aldjgkhsalad
B0BB1RSB5W,aldjgkhsalad
B000A3IP0E,aldjgkhsalad
B0C1H9ZHGC,aldjgkhsalad
B08GBY9WBP,aldjgkhsalad
B0B8R41CVV,aldjgkhsalad
B075VR5G9V,aldjgkhsalad
B096TLHBCL,aldjgkhsalad
B09JC7THHC,aldjgkhsalad
B0CYVSDPNB,aldjgkhsalad
B00EFTGNEY,aldjgkhsalad
B0D22C1C41,aldjgkhsalad
B09LGXTX6J,aldjgkhsalad
B08MF67NXB,aldjgkhsalad
B0721JK6R4,aldjgkhsalad
B088ZG7GK7,aldjgkhsalad
B087R65W99,aldjgkhsalad
B07FCCCPP1,aldjgkhsalad
B0D2NKXBYB,aldjgkhsalad
B0D2DCGCZN,aldjgkhsalad
B0D12KPLVD,aldjgkhsalad
B0CXPDLMY6,aldjgkhsalad
B0CSYR5FBH,aldjgkhsalad
B0CRDZP428,aldjgkhsalad
B0CPJJCY1C,aldjgkhsalad
B0CPDFYC3B,aldjgkhsalad
B0CFLQ7HJN,aldjgkhsalad
B0CDG6YMCN,aldjgkhsalad
B0C8CN618Y,aldjgkhsalad
B0BZY7STXT,aldjgkhsalad
B0BZNT6X7M,aldjgkhsalad
B0BXG5752J,aldjgkhsalad
B0BVG1N54C,aldjgkhsalad
B0BQRH3PFR,aldjgkhsalad
B0C9PVR5TX,aldjgkhsalad
B0BZHK2468,aldjgkhsalad
B0BWQRRX8K,aldjgkhsalad
B0BWDQ1BV3,aldjgkhsalad
B0BSRTG7LM,aldjgkhsalad
B0B3T2WXD2,aldjgkhsalad
B0B14XVRZB,aldjgkhsalad
B09ZB3SC68,aldjgkhsalad
B09WMP39JR,aldjgkhsalad
B09QD142VM,aldjgkhsalad
B09NNFRZPK,aldjgkhsalad
B09HXNH2TD,aldjgkhsalad
B09DKZM5CL,aldjgkhsalad
B08WPR6B4K,aldjgkhsalad
B07S1RSQ11,aldjgkhsalad
B07QYXFWLN,aldjgkhsalad
B0BM7BCQX8,aldjgkhsalad
B0B9XCV162,aldjgkhsalad
B0B85D33QZ,aldjgkhsalad
B0B44T788L,aldjgkhsalad
B09XF59VSQ,aldjgkhsalad
B09WHLLGKD,aldjgkhsalad
B09TRF8JRQ,aldjgkhsalad
B09QHLP9K3,aldjgkhsalad
B09ND91NRF,aldjgkhsalad
B09MK2SHBQ,aldjgkhsalad
B09M978TF4,aldjgkhsalad
B09B9GDSMW,aldjgkhsalad
B098L3MHJH,aldjgkhsalad
B08XZTXGVV,aldjgkhsalad
B08SQRHNZ9,aldjgkhsalad
B08PPCQ574,aldjgkhsalad
B08L9NYZX3,aldjgkhsalad
B08KSDH4FR,aldjgkhsalad
B07WSXXGNC,aldjgkhsalad
B07S7YDZFF,aldjgkhsalad
B07RZ9J2TR,aldjgkhsalad
B07MGPRJPL,aldjgkhsalad
B07LBY85F6,aldjgkhsalad
B07GRGF3XN,aldjgkhsalad
B07D8RB4D5,aldjgkhsalad
B07771XDZW,aldjgkhsalad
B072KZ7GBC,aldjgkhsalad
B06ZY8TFSW,aldjgkhsalad
B06Y64141Q,aldjgkhsalad
B011KQBHRM,aldjgkhsalad
B011D07AMG,aldjgkhsalad
B000ENUC3S,aldjgkhsalad
B0C65VZXKJ,aldjgkhsalad
B08NCN1VZW,aldjgkhsalad
B07SKBRRP1,aldjgkhsalad
B09V7ZNL99,aldjgkhsalad
B008CFOCQ8,aldjgkhsalad
B0CF53TQQW,aldjgkhsalad
B07SDLNF5X,aldjgkhsalad
B09691PQHX,aldjgkhsalad
B00SAXK22K,aldjgkhsalad
B01MYTO3T4,aldjgkhsalad
B07CBBFYQ7,aldjgkhsalad
B07RSHPWVM,aldjgkhsalad
B006JCF0E4,aldjgkhsalad
B0CL14Z3VX,aldjgkhsalad
B083TM6BMX,aldjgkhsalad
B07PHNC4NH,aldjgkhsalad
B0CYZKM5NG,aldjgkhsalad
B0B8GWYZZS,aldjgkhsalad
B0C234ZJH2,aldjgkhsalad
B09G19RX92,aldjgkhsalad
B0C14P5N2V,aldjgkhsalad
B0BBRLJ9WT,aldjgkhsalad
B0BPTFGMJC,aldjgkhsalad
B088JS13T4,aldjgkhsalad
B09F6JPD7K,aldjgkhsalad
B0B1C2GS6T,aldjgkhsalad
B095W5NT76,aldjgkhsalad
B07HM9J6LR,aldjgkhsalad
B08W9MPR3N,aldjgkhsalad
B08NCJMSBZ,aldjgkhsalad
B07CN494KW,aldjgkhsalad
B0BWJF7GMV,aldjgkhsalad
B01LWZ6VVO,aldjgkhsalad
B07JW2FPPT,aldjgkhsalad
B01IA9S2GG,aldjgkhsalad
B07GWL6BM5,aldjgkhsalad
B000VZ1S32,aldjgkhsalad
B0BXXFJ73K,aldjgkhsalad
B0B48K6S6Q,aldjgkhsalad
B000RQ0O0I,aldjgkhsalad
B07TJ61V6N,aldjgkhsalad
B08Y8ZFVZQ,aldjgkhsalad
B08HK243YP,aldjgkhsalad
B0915D97HJ,aldjgkhsalad
B00DF136ES,aldjgkhsalad
B09SWJ3PYH,aldjgkhsalad
B08S3B8PFV,aldjgkhsalad
B0CR14YPBS,aldjgkhsalad
B0B9FS8S6K,aldjgkhsalad
B07L8S6RNF,aldjgkhsalad
B00CTQ73BW,aldjgkhsalad
B0046VZG30,aldjgkhsalad
B0C4SJ37WR,aldjgkhsalad
B07YKLSQ56,aldjgkhsalad
B0086D59PE,aldjgkhsalad
B09Z1XN9ZY,aldjgkhsalad
B08G35B3WB,aldjgkhsalad
B0755367M5,aldjgkhsalad
B09X1CWBRZ,aldjgkhsalad
B0D6NM49D9,aldjgkhsalad
B09D3PXWQD,aldjgkhsalad
B088PQVXYH,aldjgkhsalad
B0D7VY9KZ3,aldjgkhsalad
B0CF58WQKP,aldjgkhsalad
B000C2EDSQ,aldjgkhsalad
B0872RWF7Y,aldjgkhsalad
B07KGMZT4M,aldjgkhsalad
B09K3ZNX4N,aldjgkhsalad
B0B5WQVSSW,aldjgkhsalad
B0042AK9TQ,aldjgkhsalad
B081D9PWXS,aldjgkhsalad
B07CDDGXZ8,aldjgkhsalad
B000C9QB8Y,aldjgkhsalad
B09247CKWG,aldjgkhsalad
B0CQBL7V49,aldjgkhsalad
B0CLB1CTG2,aldjgkhsalad
B0BW9M2YRT,aldjgkhsalad
B0B1ZDFPCW,aldjgkhsalad
B072M5Z7N3,aldjgkhsalad
B01K0Z9QYK,aldjgkhsalad
B084JJQC83,aldjgkhsalad
B07VZ99JWW,aldjgkhsalad
B07P3GTNNL,aldjgkhsalad
B07NXPQ718,aldjgkhsalad
B00M307HWE,aldjgkhsalad
B001KVM2G8,aldjgkhsalad
B0CN6LKBR4,aldjgkhsalad
B0CDB755XD,aldjgkhsalad
B0BF5JSTT4,aldjgkhsalad
B0B6HC1ZV7,aldjgkhsalad
B09P1FC16Q,aldjgkhsalad
B097N6WFBK,aldjgkhsalad
B08P6MHH6Z,aldjgkhsalad
B08N6CJHTD,aldjgkhsalad
B0854414XK,aldjgkhsalad
B07V3V8VBT,aldjgkhsalad
B07BNQ298C,aldjgkhsalad
B07693T982,aldjgkhsalad
B00ICR2VR8,aldjgkhsalad
B0D14FHTW2,aldjgkhsalad
B0CRNSJLHL,aldjgkhsalad
B0CJ4L2YGS,aldjgkhsalad
B0C6SBTBTQ,aldjgkhsalad
B0C6Q6D6QX,aldjgkhsalad
B0C1N6FX4T,aldjgkhsalad
B0BQR5X79P,aldjgkhsalad
B0BN28T9FW,aldjgkhsalad
B0BGH9Y2P1,aldjgkhsalad
B0B978T1Z5,aldjgkhsalad
B0B4DZD88V,aldjgkhsalad
B09TSL7L1Q,aldjgkhsalad
B09QZQNZSM,aldjgkhsalad
B07864V352,aldjgkhsalad
B0781Z7TW8,aldjgkhsalad
B0742FFKQ6,aldjgkhsalad
B071HFMJBB,aldjgkhsalad
B01JRK431K,aldjgkhsalad
B018WPKJ2S,aldjgkhsalad
B07YT7R2C8,aldjgkhsalad
B0BQR7XBY2,aldjgkhsalad
B0CP3YMQPY,aldjgkhsalad
B06Y2H7LMY,aldjgkhsalad
B07HGKP64D,aldjgkhsalad
B00V47UVNY,aldjgkhsalad
B07S868JSB,aldjgkhsalad
B08LPYZ7R5,aldjgkhsalad
B07QZGKM22,aldjgkhsalad
B00PULVHW4,aldjgkhsalad
B0C3MB1Z53,aldjgkhsalad
B07MTMWFFZ,aldjgkhsalad
B088XSM75Z,aldjgkhsalad
B00FV2Q4EI,aldjgkhsalad
B07HSYK3C5,aldjgkhsalad
B0CMQTMSNS,aldjgkhsalad
B0C8LYBNW2,aldjgkhsalad
B0B91YPFPL,aldjgkhsalad
B094J5Q2GY,aldjgkhsalad
B07P7BN386,aldjgkhsalad
B07J6S8JRK,aldjgkhsalad
B006ODHC6W,aldjgkhsalad
B095W5RB3S,aldjgkhsalad
B092VZ7F3T,aldjgkhsalad
B08T7PGF3G,aldjgkhsalad
B07QL9W3LZ,aldjgkhsalad
B074P4VYYK,aldjgkhsalad
B01M3YA18I,aldjgkhsalad
B00YB4SPL2,aldjgkhsalad
B0CCXZYNBF,aldjgkhsalad
B0C9QMGR4R,aldjgkhsalad
B074FTWNR3,aldjgkhsalad
B00IVC4Y5G,aldjgkhsalad
B07ZQTKR35,aldjgkhsalad
B00498HPWK,aldjgkhsalad
B0761166F6,aldjgkhsalad
B08DK9T796,aldjgkhsalad
B071RYQTYP,aldjgkhsalad
B01N9C2OYN,aldjgkhsalad
B0B8N54H9R,aldjgkhsalad
B01MRXT4CY,aldjgkhsalad
B09CKRDFTH,aldjgkhsalad
B0B71VM4P2,aldjgkhsalad
B0781Z7TW2,aldjgkhsalad
B008L33U4Q,aldjgkhsalad
B08TLJSL2B,aldjgkhsalad
B07JHNJLYH,aldjgkhsalad
B09GKNH2VQ,aldjgkhsalad
B09FDV8CWN,aldjgkhsalad
B09BCBZK4X,aldjgkhsalad
B098LJ5C9F,aldjgkhsalad
B093WZ9TWQ,aldjgkhsalad
B093K51FB9,aldjgkhsalad
B092TB64SF,aldjgkhsalad
B08K2FQ2N3,aldjgkhsalad
B08JQPL487,aldjgkhsalad
B08JQNS448,aldjgkhsalad
B08D9PLL4K,aldjgkhsalad
B07ZM6F72G,aldjgkhsalad
B07KXH1SFH,aldjgkhsalad
B07DLGB2GM,aldjgkhsalad
B07DK77QMY,aldjgkhsalad
B00IJ868GK,aldjgkhsalad
B07W2WTDY4,aldjgkhsalad
B07TLZSWSL,aldjgkhsalad
B0856Z9XY7,aldjgkhsalad
B07T59HFT3,aldjgkhsalad
B0797MLYBW,aldjgkhsalad
B0CRDRJDVH,aldjgkhsalad
B098K6PWTC,aldjgkhsalad
B0BXNKFDTC,aldjgkhsalad
B07Q2GTWBM,aldjgkhsalad
B07SPVJSDB,aldjgkhsalad
B01M1YSDIR,aldjgkhsalad
B07VKQ1BDW,aldjgkhsalad
B01BEAXXQC,aldjgkhsalad
B077BMHNRH,aldjgkhsalad
B00J9UI0F4,aldjgkhsalad
B097RR3B47,aldjgkhsalad
177036417X,aldjgkhsalad
B0CGRD3DMK,aldjgkhsalad
B07WZR4LQT,aldjgkhsalad
B09DCQX7LJ,aldjgkhsalad
B078216Q7K,aldjgkhsalad
B075R5C65F,aldjgkhsalad
B00ZC2B4TC,aldjgkhsalad
B0BZQ7TFT1,aldjgkhsalad
B074SBYS72,aldjgkhsalad
B0B5MVBXHT,aldjgkhsalad
B017JCBVAY,aldjgkhsalad
B09HZHFBXK,aldjgkhsalad
B08C7BTPJB,aldjgkhsalad
B07LD2F3HT,aldjgkhsalad
B0BYMJ82HB,aldjgkhsalad
B07DPY2J7L,aldjgkhsalad
B07VVFF32F,aldjgkhsalad
B077ZRTRXN,aldjgkhsalad
B09JS7H5Z7,aldjgkhsalad
B01N2O1QGP,aldjgkhsalad
B074S5W3WC,aldjgkhsalad
B012EHM3MY,aldjgkhsalad
B0B1CR5GQD,aldjgkhsalad
B0DFG9YG8L,aldjgkhsalad
B08JFT9KZM,aldjgkhsalad
B0CYT7T1ZQ,aldjgkhsalad
B08CDW2WHP,aldjgkhsalad
B0CRVJ5W7V,aldjgkhsalad
B08NP9X5C5,aldjgkhsalad
B0C45XNWSB,aldjgkhsalad
B0787BW3F4,aldjgkhsalad
B0C33DD57M,aldjgkhsalad
B09Z6H1JV7,aldjgkhsalad
B0BLSJS98H,aldjgkhsalad
B01KI7RU16,aldjgkhsalad
B09TS65BZ9,aldjgkhsalad
B0CT2GWGYB,aldjgkhsalad
B0943X57PZ,aldjgkhsalad
B077TQCY4F,aldjgkhsalad
B08J79DXXL,aldjgkhsalad
B09PLMLP9V,aldjgkhsalad
B089PL3KGG,aldjgkhsalad
B08P6MD33X,aldjgkhsalad
B085PYCY6J,aldjgkhsalad
B0BFGRB3JB,aldjgkhsalad
B07KP8J3DS,aldjgkhsalad
B08V57JP57,aldjgkhsalad
B07K5B7PGY,aldjgkhsalad
B09V3BN9TY,aldjgkhsalad
B07JWBSX7N,aldjgkhsalad
B0DGKDHS8X,aldjgkhsalad
B07G41LF3Q,aldjgkhsalad
B0BTDVNG25,aldjgkhsalad
B0CD9T85FV,aldjgkhsalad
B07Q44YSHD,aldjgkhsalad
B08JFXFMXZ,aldjgkhsalad
B0C33Q3FT3,aldjgkhsalad
B0BWDQM27N,aldjgkhsalad
B0B1QFY2LT,aldjgkhsalad
B08JK541KM,aldjgkhsalad
B0B4JJL4HG,aldjgkhsalad
B07MQNC6ZX,aldjgkhsalad
B081P91PQ1,aldjgkhsalad
B08CV186P3,aldjgkhsalad
B07FB386TR,aldjgkhsalad
B073WXNS1T,aldjgkhsalad
1733221913,aldjgkhsalad
B07Z1J4CHJ,aldjgkhsalad
B07PGL51N5,aldjgkhsalad
B07HDYV6TW,aldjgkhsalad
B076Y2FHM6,aldjgkhsalad
B0B6BDVCHN,aldjgkhsalad
B08FC5RJ4D,aldjgkhsalad
B07YDSDJMB,aldjgkhsalad
B07KMV44HF,aldjgkhsalad
B07HL2TXVQ,aldjgkhsalad
B07FSKPBSY,aldjgkhsalad
B01E5FUS3Y,aldjgkhsalad
B00JFXR9FC,aldjgkhsalad
B0C431N5VN,aldjgkhsalad
B0BSLM1D59,aldjgkhsalad
B09ZB3XTQZ,aldjgkhsalad
B09XMF2X36,aldjgkhsalad
B099J6TY41,aldjgkhsalad
B083XBXXSM,aldjgkhsalad
B07Z572RJX,aldjgkhsalad
B07RNVYP3Y,aldjgkhsalad
B07MM2T53D,aldjgkhsalad
B009XPL0IE,aldjgkhsalad
B0CJPTBKK5,aldjgkhsalad
B09ZTHRD3G,aldjgkhsalad
B09HHQT9TV,aldjgkhsalad
B08BNFGLBM,aldjgkhsalad
B07YSWB48V,aldjgkhsalad
B07H9TMGJ7,aldjgkhsalad
B0945CK3FT,aldjgkhsalad
B07YVLQM6K,aldjgkhsalad
B01M3RKFAA,aldjgkhsalad
B0B7P9JNCT,aldjgkhsalad
B071JC9FSF,aldjgkhsalad
B07RV1L365,aldjgkhsalad
B09ZM93BRW,aldjgkhsalad
B08GKXHL6P,aldjgkhsalad
B07VSQFSVR,aldjgkhsalad
B071KD6C8B,aldjgkhsalad
B09V15RPCH,aldjgkhsalad
B07Y7JV8LF,aldjgkhsalad
B07BGBS5TR,aldjgkhsalad
B09MVT9Y98,aldjgkhsalad
B07QRMPQXV,aldjgkhsalad
B07PWV8T39,aldjgkhsalad
B07P5F6GXL,aldjgkhsalad
B07K4PQG8P,aldjgkhsalad
B077H2CS98,aldjgkhsalad
B07521T3KW,aldjgkhsalad
B01926WM3K,aldjgkhsalad
B00XLV9LCS,aldjgkhsalad
1601442718,aldjgkhsalad
B0CZKY75JN,aldjgkhsalad
B0CLNL424W,aldjgkhsalad
B0B87VS55W,aldjgkhsalad
B0B1KC7N7J,aldjgkhsalad
B09L72MR4R,aldjgkhsalad
B09FJDJMFR,aldjgkhsalad
B08YX7KY74,aldjgkhsalad
B08WCFXLNV,aldjgkhsalad
B08FB7HWDP,aldjgkhsalad
B000YTA4TO,aldjgkhsalad
B07F7PWFM2,aldjgkhsalad
B07F485GS3,aldjgkhsalad
B0CDPQKVTK,aldjgkhsalad
B0BQ96P489,aldjgkhsalad
B0887TMXW8,aldjgkhsalad
B0821MM143,aldjgkhsalad
B0CH136CD1,aldjgkhsalad
B09Q8CNJN4,aldjgkhsalad
B09CL4QD1Q,aldjgkhsalad
B08P1PTR14,aldjgkhsalad
B07YVMYBL8,aldjgkhsalad
B07TLM3ZVT,aldjgkhsalad
B07QH6CMLM,aldjgkhsalad
B07B3KWLY4,aldjgkhsalad
B06X1FP7ZC,aldjgkhsalad
B0BQVSPY1Y,aldjgkhsalad
B0BG92WYJR,aldjgkhsalad
B0B9VM92H5,aldjgkhsalad
B0B9P28XH7,aldjgkhsalad
B0B5X9WRM2,aldjgkhsalad
B09WGR6CLK,aldjgkhsalad
B09QJQDYVC,aldjgkhsalad
B09N8G2LGM,aldjgkhsalad
B09MTZPWZC,aldjgkhsalad
B09MSWDM3G,aldjgkhsalad
B09J4DHL22,aldjgkhsalad
B09HC1J8JR,aldjgkhsalad
B09B3F8S93,aldjgkhsalad
B097D5WQW4,aldjgkhsalad
B08THTXLD8,aldjgkhsalad
B08SW7VSN8,aldjgkhsalad
B08PV2YZ3V,aldjgkhsalad
B08NF1R6C9,aldjgkhsalad
B08C1SLZ63,aldjgkhsalad
B089SD5SJQ,aldjgkhsalad
B086YKG72G,aldjgkhsalad
B0861V82B9,aldjgkhsalad
B0848WM3RV,aldjgkhsalad
B07VJKW7ZC,aldjgkhsalad
B07TQCH5X9,aldjgkhsalad
B07LGXM4Y3,aldjgkhsalad
B07KQV3FFL,aldjgkhsalad
B07D6M9NDF,aldjgkhsalad
B07CN2X8QS,aldjgkhsalad
B07B9V8ZN6,aldjgkhsalad
B07B8KD6NB,aldjgkhsalad
B077H4C65Q,aldjgkhsalad
B06XS4NQD2,aldjgkhsalad
B01MT5FFF0,aldjgkhsalad
B01I79HN0K,aldjgkhsalad
B00X22R79U,aldjgkhsalad
B005MXKK0U,aldjgkhsalad
B000LZR6II,aldjgkhsalad
B0CCVG76LL,aldjgkhsalad
B0BJLC5PL1,aldjgkhsalad
B09TNJ7RG8,aldjgkhsalad
B09KRH4Q6G,aldjgkhsalad
B095TSZPLL,aldjgkhsalad
B092DW6K82,aldjgkhsalad
B08R82CM44,aldjgkhsalad
B08GF23M4M,aldjgkhsalad
B08DFH1DCR,aldjgkhsalad
B07V582TF1,aldjgkhsalad
B0722JFMRR,aldjgkhsalad
B071YW8MRK,aldjgkhsalad
B071WJFXTY,aldjgkhsalad
B071D223XQ,aldjgkhsalad
B01N7PGHPI,aldjgkhsalad
B01E6BCKZ6,aldjgkhsalad
B01BDUVEW8,aldjgkhsalad
B00X22VFSY,aldjgkhsalad
B00H5VM2QW,aldjgkhsalad
B00FBL334I,aldjgkhsalad
B0070P202Y,aldjgkhsalad
B00307615S,aldjgkhsalad
B001RD546O,aldjgkhsalad
B083WMSYYB,aldjgkhsalad
B07S95TDC5,aldjgkhsalad
B0711RQP33,aldjgkhsalad
B01N5GCZ33,aldjgkhsalad
B008DC042G,aldjgkhsalad
B004FOITMS,aldjgkhsalad
B0D14F6CHC,aldjgkhsalad
B0CYMT1W1Z,aldjgkhsalad
B0CJF7KLJ8,aldjgkhsalad
B0CJ2RZRVM,aldjgkhsalad
B0CCK2QSM6,aldjgkhsalad
B0C9TDHSMM,aldjgkhsalad
B0C2MHYVC1,aldjgkhsalad
B0BZTYHBMZ,aldjgkhsalad
B0BXKGBL4Q,aldjgkhsalad
B0BRPX4B1B,aldjgkhsalad
B07SM1NF15,aldjgkhsalad
B085RD5BFL,aldjgkhsalad
B019IZZKUC,aldjgkhsalad
B01LXIEIFB,aldjgkhsalad
B009IF2I7G,aldjgkhsalad
B07RK5WCK7,aldjgkhsalad
B00G7P39MS,aldjgkhsalad
B0C14NHVZC,aldjgkhsalad
B01M4M3S7G,aldjgkhsalad
B07WRXWXT8,aldjgkhsalad
B01N36APG9,aldjgkhsalad
B00C6PFVHO,aldjgkhsalad
B0882JL2CC,aldjgkhsalad
B075FB9JD3,aldjgkhsalad
B07YNJ1RV4,aldjgkhsalad
B0B8T9PMJ2,aldjgkhsalad
B09HFRS7Q9,aldjgkhsalad
B08CT18XMB,aldjgkhsalad
B075RND37T,aldjgkhsalad
B07G4X2MK6,aldjgkhsalad
B00028A0Z0,aldjgkhsalad
B07G1832RX,aldjgkhsalad
B09WTVD8L7,aldjgkhsalad
B00JH80WL8,aldjgkhsalad
B0CJ5MDZL8,aldjgkhsalad
B0CGHRMR8D,aldjgkhsalad
B08YZ8QXC9,aldjgkhsalad
B0C5WSPF2J,aldjgkhsalad
B07HMCG366,aldjgkhsalad
B0BG9PMQDW,aldjgkhsalad
B004DJEYK6,aldjgkhsalad
B09MMW3QSC,aldjgkhsalad
B00H2A4EK8,aldjgkhsalad
B0C4F15YHD,aldjgkhsalad
B07DQ64QGP,aldjgkhsalad
B00H4J7WLU,aldjgkhsalad
B07G4TKWX5,aldjgkhsalad
B0773GQ4KD,aldjgkhsalad
B01728GGFU,aldjgkhsalad
B0B9RYKJ7X,aldjgkhsalad
B09N19X5LH,aldjgkhsalad
B076FJ6NH8,aldjgkhsalad
B0CM3BWYHW,aldjgkhsalad
B08P36JXM9,aldjgkhsalad
B07KXX92CL,aldjgkhsalad
B01MU1EO3B,aldjgkhsalad
B0C39R626M,aldjgkhsalad
B08HW7SY91,aldjgkhsalad
B0CG1B6Z9W,aldjgkhsalad
B09L623HM3,aldjgkhsalad
B07XD3P22D,aldjgkhsalad
B08YTHFZB6,aldjgkhsalad
B00VOVAFZ4,aldjgkhsalad
B08HWK9FR7,aldjgkhsalad
B076N5VMJ6,aldjgkhsalad
B07N2Z1ZG6,aldjgkhsalad
B017O2ZM8Q,aldjgkhsalad
B0742JHQHR,aldjgkhsalad
B0C4FP31F2,aldjgkhsalad
B00X22RFUG,aldjgkhsalad
B0D7H74D7W,aldjgkhsalad
B0C5MH76H7,aldjgkhsalad
B0BMVCGTZW,aldjgkhsalad
B093C8RG6L,aldjgkhsalad
B08CMRCS4Q,aldjgkhsalad
B01I054PM0,aldjgkhsalad
B06Y25DSJK,aldjgkhsalad
B00RNC794I,aldjgkhsalad
B0CGQ38C31,aldjgkhsalad
B08V8K5R3S,aldjgkhsalad
B07ZMHNY87,aldjgkhsalad
B07939N4XD,aldjgkhsalad
B01MS3TK00,aldjgkhsalad
B00KGVJQA8,aldjgkhsalad
B00FL3OBCY,aldjgkhsalad
B0C7H6ZHMG,aldjgkhsalad
B0BJ94MW3Y,aldjgkhsalad
B09Y5L1GPY,aldjgkhsalad
B0858YCYGS,aldjgkhsalad
B07VSFPQTP,aldjgkhsalad
B07MZPXS3J,aldjgkhsalad
B078213MH1,aldjgkhsalad
B00HXMOBW6,aldjgkhsalad
B0B9ZV5BZ6,aldjgkhsalad
B0B9T222KL,aldjgkhsalad
B0B6372PXM,aldjgkhsalad
B087JF1HHM,aldjgkhsalad
B081HYH8KL,aldjgkhsalad
B0CL9ZJTPJ,aldjgkhsalad
B0CL9YQJFJ,aldjgkhsalad
B0CGWHMWHS,aldjgkhsalad
B0CFKHN5XX,aldjgkhsalad
B0C6521LVK,aldjgkhsalad
B0C5R3BY5G,aldjgkhsalad
B0BVFWD7QY,aldjgkhsalad
B0BFHKFQLX,aldjgkhsalad
B08T1M94T6,aldjgkhsalad
B00Q2G2NRY,aldjgkhsalad
B08CVFDKZF,aldjgkhsalad
B0BB1ZR456,aldjgkhsalad
B08132BKHK,aldjgkhsalad
B07MR5FX8M,aldjgkhsalad
B07WSK15X5,aldjgkhsalad
B082VHTGW7,aldjgkhsalad
B07G5JS5LH,aldjgkhsalad
B013EHUKZA,aldjgkhsalad
B07997SFY1,aldjgkhsalad
B002ODG7XA,aldjgkhsalad
B00RDECOGO,aldjgkhsalad
B09DKL2JN9,aldjgkhsalad
B004S7UARO,aldjgkhsalad
B081HFM14B,aldjgkhsalad
B0B5G4PWL1,aldjgkhsalad
B0B3XN7N51,aldjgkhsalad
B0B3HYZXKP,aldjgkhsalad
B0B18LGPJ6,aldjgkhsalad
B09J1G6MLW,aldjgkhsalad
B096BK97LP,aldjgkhsalad
B092RV1BZW,aldjgkhsalad
B08XYPKBVF,aldjgkhsalad
B08G5FCT2R,aldjgkhsalad
B081J9N7WL,aldjgkhsalad
B07W86CC1P,aldjgkhsalad
B07MBK35N1,aldjgkhsalad
B07H2RZKSX,aldjgkhsalad
B06Y2LKMSB,aldjgkhsalad
B01LWN0Q46,aldjgkhsalad
B0CCP2HLJP,aldjgkhsalad
B008SAYXSY,aldjgkhsalad
2916721487,aldjgkhsalad
B083ZMC89W,aldjgkhsalad
B087LGS8JP,aldjgkhsalad
B01MAYE5YS,aldjgkhsalad
B08542H4TF,aldjgkhsalad
B07XPXBHLR,aldjgkhsalad
B019PD2RKS,aldjgkhsalad
B08F1QVT8Q,aldjgkhsalad
B07TJHJFHL,aldjgkhsalad
B09H1N74VY,aldjgkhsalad
B00EE84I4S,aldjgkhsalad
B00E8LVKEW,aldjgkhsalad
B014ZH8A4Q,aldjgkhsalad
B00A2F7JBG,aldjgkhsalad
B08DMRVVX9,aldjgkhsalad
B08GTJXVL3,aldjgkhsalad
B07B4HGV6C,aldjgkhsalad
B0BT19LL14,aldjgkhsalad
B07G4VJPYM,aldjgkhsalad
B0BR4N6BSK,aldjgkhsalad
B01FKZRCEG,aldjgkhsalad
B08D3SGFSL,aldjgkhsalad
B0D4YYGKCP,aldjgkhsalad
B07S61SDT4,aldjgkhsalad
B0CM3KM484,aldjgkhsalad
B09S7WCS7Z,aldjgkhsalad
B0B3D9F396,aldjgkhsalad
B01549W35Q,aldjgkhsalad
B09QKD2NMX,aldjgkhsalad
B09RKJF11W,aldjgkhsalad
B099DRJ48N,aldjgkhsalad
B082YDGDPF,aldjgkhsalad
B07CK9MCSZ,aldjgkhsalad
B07BJ8S2TW,aldjgkhsalad
B071R8PS66,aldjgkhsalad
B0CNL7DSC7,aldjgkhsalad
B08HL9382Z,aldjgkhsalad
B078214N7R,aldjgkhsalad
B0BX9DDM91,aldjgkhsalad
B0BCKPTH17,aldjgkhsalad
B0B5R2NKNY,aldjgkhsalad
B09YS2CS37,aldjgkhsalad
B0927PWDPD,aldjgkhsalad
B000KA1Z9U,aldjgkhsalad
B0D8L92PSQ,aldjgkhsalad
B0D2D7S84D,aldjgkhsalad
B0CZ8NLGNF,aldjgkhsalad
B0CQ76CYRG,aldjgkhsalad
B0CKGCL8BZ,aldjgkhsalad
B0CH31GK8W,aldjgkhsalad
B0BXR9JW1Q,aldjgkhsalad
B0BW3L6VF7,aldjgkhsalad
B0BTDDB86N,aldjgkhsalad
B0BFSLV5KT,aldjgkhsalad
B0BB3TRCWL,aldjgkhsalad
B0B7B6GM4C,aldjgkhsalad
B09ZBBMLTH,aldjgkhsalad
B09Z7VWBPF,aldjgkhsalad
B09M92ML6V,aldjgkhsalad
B09KX6YZ5S,aldjgkhsalad
B0992LMQNM,aldjgkhsalad
B092Z5HCZ1,aldjgkhsalad
B00XO0ITJM,aldjgkhsalad
B0DFHBZT7C,aldjgkhsalad
B0B5XQRT6L,aldjgkhsalad
B09X45DJ9J,aldjgkhsalad
B08YRJDN6X,aldjgkhsalad
B07G7H98Q1,aldjgkhsalad
B0002GTZSK,aldjgkhsalad
B095WSGF9F,aldjgkhsalad
B008JDX3ZO,aldjgkhsalad
B0B1PN88RG,aldjgkhsalad
B099X9DP8M,aldjgkhsalad
B07LCH5MD8,aldjgkhsalad
B01APNB5F0,aldjgkhsalad
B07WHW6CF4,aldjgkhsalad
B08NCX71B4,aldjgkhsalad
B081ZB6K3W,aldjgkhsalad
B092RJZC9X,aldjgkhsalad
B01HBZ2Z86,aldjgkhsalad
B0BR6B4Z1L,aldjgkhsalad
B08L49D7XV,aldjgkhsalad
B07Q19D9BH,aldjgkhsalad
B07KGCTGMC,aldjgkhsalad
B07F7Q4V4T,aldjgkhsalad
B00UB2BVXC,aldjgkhsalad
B008BW474O,aldjgkhsalad
B082YC4MZ9,aldjgkhsalad
B077H6HMVN,aldjgkhsalad
B01MV1OWB4,aldjgkhsalad
B01LX29QYN,aldjgkhsalad
B006Z9XSSQ,aldjgkhsalad
B0D1XPXD1M,aldjgkhsalad
B09NFR8LJC,aldjgkhsalad
B08Y5Z8PJ1,aldjgkhsalad
B08QYL7RTH,aldjgkhsalad
B08NJRKHSB,aldjgkhsalad
B08FSK5RTK,aldjgkhsalad
B088TSB694,aldjgkhsalad
B07XYRVMQH,aldjgkhsalad
B07R9J4QDY,aldjgkhsalad
B07Q5XDK55,aldjgkhsalad
B07B3X4HH5,aldjgkhsalad
B01HOR1OX8,aldjgkhsalad
B01BJ6LH46,aldjgkhsalad
B00PBADL46,aldjgkhsalad
B007ZDRUYE,aldjgkhsalad
B004XI9GR8,aldjgkhsalad
B003H00JQK,aldjgkhsalad
B007VENU00,aldjgkhsalad
B002DZAMTO,aldjgkhsalad
B002FOQXYG,aldjgkhsalad
B0BNP9K85N,aldjgkhsalad
B0B3HGPM2H,aldjgkhsalad
B01JPXW7DK,aldjgkhsalad
B07DPM7VRX,aldjgkhsalad
B006H7FSDY,aldjgkhsalad
B010C7MF4E,aldjgkhsalad
B07ND3ZRLK,aldjgkhsalad
B004XNMG4S,aldjgkhsalad
B01N0J45BG,aldjgkhsalad
B0991LDFSW,aldjgkhsalad
B0BXLK4566,aldjgkhsalad
B08N4SBGHY,aldjgkhsalad
B003OF7AGU,aldjgkhsalad
B0001LATN6,aldjgkhsalad
B06XWQW4SD,aldjgkhsalad
B0049OL6OW,aldjgkhsalad
B07BMF3C8Y,aldjgkhsalad
B0BM42SC1W,aldjgkhsalad
B073WBN1SW,aldjgkhsalad
B00X22OETQ,aldjgkhsalad
B07VKHK46W,aldjgkhsalad
B000VZJGPO,aldjgkhsalad
B0060JJPAQ,aldjgkhsalad
B09QXSTSGQ,aldjgkhsalad
B082FP84S6,aldjgkhsalad
B0BVMW7BVS,aldjgkhsalad
B01MUDIN1O,aldjgkhsalad
B0D6RXL52F,aldjgkhsalad
B08PP5RK2N,aldjgkhsalad
B01K5FEYLK,aldjgkhsalad
B07RWMG842,aldjgkhsalad
B0061JNMJK,aldjgkhsalad
B09TSSRWSF,aldjgkhsalad
B002XULO6O,aldjgkhsalad
B07GBZ3PY4,aldjgkhsalad
B002D47WRA,aldjgkhsalad
B07DCLV65H,aldjgkhsalad
B09QFPFCZC,aldjgkhsalad
B09666XSN1,aldjgkhsalad
B01MAVTPQC,aldjgkhsalad
B088R9FRQD,aldjgkhsalad
B07P6H1ZK9,aldjgkhsalad
B084VST3MW,aldjgkhsalad
B076MMBBLC,aldjgkhsalad
B07XNST7SR,aldjgkhsalad
B06XSMMKPH,aldjgkhsalad
B07SCHWFD2,aldjgkhsalad
B07VBZ56PR,aldjgkhsalad
B07D6KSRBT,aldjgkhsalad
B0CLHHNDPC,aldjgkhsalad
B07CGYGD7F,aldjgkhsalad
B00OBXJ2T2,aldjgkhsalad
B0BWDRL14P,aldjgkhsalad
B0DF7PY5QS,aldjgkhsalad
B07JP1GPM6,aldjgkhsalad
B000IHJZD8,aldjgkhsalad
B0C4HFSM37,aldjgkhsalad
B01F4I0IEA,aldjgkhsalad
B09GM7YSBG,aldjgkhsalad
B0BYFB7YY9,aldjgkhsalad
B079BWHLQM,aldjgkhsalad
B0B3JB4B8P,aldjgkhsalad
B08QV8R4Z1,aldjgkhsalad
B0002AQ1OC,aldjgkhsalad
B07TZPH9KN,aldjgkhsalad
B0BZ8YCB7Q,aldjgkhsalad
B09QQ6P9XK,aldjgkhsalad
B0BH4L4Z47,aldjgkhsalad
B07K5QP31S,aldjgkhsalad
B0D4F1BDTX,aldjgkhsalad
B0BZCX57J7,aldjgkhsalad
B09KLKC2HB,aldjgkhsalad
B09682W1GV,aldjgkhsalad
B08HRBCRWB,aldjgkhsalad
B0CLCN2HK5,aldjgkhsalad
B0CBS71QTF,aldjgkhsalad
B09VFNJL38,aldjgkhsalad
B098JNWFSY,aldjgkhsalad
B076VW9J9D,aldjgkhsalad
B09MS79JRJ,aldjgkhsalad
B005HZHLNW,aldjgkhsalad
B097CNM2XR,aldjgkhsalad
B08L28RSWK,aldjgkhsalad
B07RSPB6H8,aldjgkhsalad
B08XZCPBG2,aldjgkhsalad
B07DJVHXLR,aldjgkhsalad
B0BZSNV6QK,aldjgkhsalad
B079VRHVF6,aldjgkhsalad
B0967NV5NM,aldjgkhsalad
B079CQJQK7,aldjgkhsalad
B07D2X22RM,aldjgkhsalad
B074D9SGNB,aldjgkhsalad
B00KTJ7CP8,aldjgkhsalad
B016CE48XW,aldjgkhsalad
B09T3FYRT1,aldjgkhsalad
B09CGRJ8W7,aldjgkhsalad
B0924545PV,aldjgkhsalad
B07864X8VL,aldjgkhsalad
B09MG5HDDP,aldjgkhsalad
B08RCB3CGK,aldjgkhsalad
B07Y7X82F5,aldjgkhsalad
B07WZKFN8Q,aldjgkhsalad
B07T53SC2T,aldjgkhsalad
B07HYF9FFY,aldjgkhsalad
B01N579G7Y,aldjgkhsalad
B00SLOB72M,aldjgkhsalad
B002HQM9M2,aldjgkhsalad
B0CSW1XRHN,aldjgkhsalad
B0C9M1FCWV,aldjgkhsalad
B0BPS6FY3Q,aldjgkhsalad
B0BN6T21TJ,aldjgkhsalad
B0BMW6J84G,aldjgkhsalad
B09N38297G,aldjgkhsalad
B09BD9XQSH,aldjgkhsalad
B07ZSDCZWN,aldjgkhsalad
B01HSNDQ7A,aldjgkhsalad
B00RU9ALWQ,aldjgkhsalad
B00ICR2UL0,aldjgkhsalad
B0009OA17Y,aldjgkhsalad
B0CR1BDWRS,aldjgkhsalad
B0CJTCWVLC,aldjgkhsalad
B09ZB6JHC5,aldjgkhsalad
B097P1WHBW,aldjgkhsalad
B08MVSW8JF,aldjgkhsalad
B01F7MDWNC,aldjgkhsalad
B006C3TRWQ,aldjgkhsalad
B0015TER4A,aldjgkhsalad
B0CWK773PC,aldjgkhsalad
B0CGCNL1VG,aldjgkhsalad
B0CFLH3CVM,aldjgkhsalad
B0BZYFW7SZ,aldjgkhsalad
B0BG4J8GSJ,aldjgkhsalad
B0B6HMFN4G,aldjgkhsalad
B0B3ZG7FVB,aldjgkhsalad
B09TKW57Y3,aldjgkhsalad
B09D9KLX2S,aldjgkhsalad
B08Y89QPBF,aldjgkhsalad
B08Y88Z86Y,aldjgkhsalad
B08GZHPH7W,aldjgkhsalad
B088YW7B72,aldjgkhsalad
B07XPVHWM9,aldjgkhsalad
B07TK13C9T,aldjgkhsalad
B08KVXHV6X,aldjgkhsalad
B08HGPG2GL,aldjgkhsalad
B07S9Y1XDV,aldjgkhsalad
B083M7LRSW,aldjgkhsalad
B07MLTDYG2,aldjgkhsalad
B08M9WT5FR,aldjgkhsalad
B0BRSWYVKD,aldjgkhsalad
B07TFDN34V,aldjgkhsalad
B09Z8MGW15,aldjgkhsalad
B09WN3TNSV,aldjgkhsalad
B0924QRQPL,aldjgkhsalad
B08HGYFGLR,aldjgkhsalad
B07YMTL9MB,aldjgkhsalad
B072R3ZFSS,aldjgkhsalad
B07P3YHMM9,aldjgkhsalad
B01M59Y26V,aldjgkhsalad
B07BQHZGTQ,aldjgkhsalad
B078BQ2MKY,aldjgkhsalad
B00AQ0X9IY,aldjgkhsalad
B0D4QL1XV2,aldjgkhsalad
B0D1R5DTJ2,aldjgkhsalad
B0CVZX7R5M,aldjgkhsalad
B0CPHSV3T9,aldjgkhsalad
B0CP222TTH,aldjgkhsalad
B0CH9M2DJK,aldjgkhsalad
B0CC97HBRT,aldjgkhsalad
B0C5HRMBVN,aldjgkhsalad
B0C4YS1HPZ,aldjgkhsalad
B0BXW7MWJR,aldjgkhsalad
B0BX9T1MTN,aldjgkhsalad
B0BVMWKJGM,aldjgkhsalad
B0BV18VRZP,aldjgkhsalad
B0BTYV2Z9D,aldjgkhsalad
B0BBMMK3QX,aldjgkhsalad
B09XWTPZJS,aldjgkhsalad
B09X2S143W,aldjgkhsalad
B09NRX4W4Q,aldjgkhsalad
B09MTB8BC2,aldjgkhsalad
B09KT98CZ1,aldjgkhsalad
B09K3PDMBL,aldjgkhsalad
B097GGWN4X,aldjgkhsalad
B08NLJTL3X,aldjgkhsalad
B08NJ77H3B,aldjgkhsalad
B08G8KNKGD,aldjgkhsalad
B089SVXTGQ,aldjgkhsalad
B088PGLQQL,aldjgkhsalad
B08132DR7Y,aldjgkhsalad
B07ZPC91ZW,aldjgkhsalad
B07Y51NJ8C,aldjgkhsalad
B07XQGRGW3,aldjgkhsalad
B07Q854BY1,aldjgkhsalad
B07N5Q97TM,aldjgkhsalad
B07C4SRC9Y,aldjgkhsalad
B078SKR8MY,aldjgkhsalad
B01MQFRCGF,aldjgkhsalad
B00X22DYGA,aldjgkhsalad
B00FPR89BU,aldjgkhsalad
B0078DTWJC,aldjgkhsalad
B003YNJ0LK,aldjgkhsalad
B00359NLRM,aldjgkhsalad
B0031BN1Z6,aldjgkhsalad
B002BUCK64,aldjgkhsalad
B00192GRY6,aldjgkhsalad
B0CLD8RCLX,aldjgkhsalad
B0824SGZY7,aldjgkhsalad
B08D3SSG55,aldjgkhsalad
B086HTSBS6,aldjgkhsalad
B07KKHN942,aldjgkhsalad
B0CF1DFXHM,aldjgkhsalad
B08BZX1JG9,aldjgkhsalad
B0BJ1GPHJG,aldjgkhsalad
B0711J734Q,aldjgkhsalad
B09PYTQC95,aldjgkhsalad
B08813F8JJ,aldjgkhsalad
B09PF48LB6,aldjgkhsalad
B07XPDK5Q9,aldjgkhsalad
B07XXM8NLR,aldjgkhsalad
B098X7BVWB,aldjgkhsalad
B07DXK6JKD,aldjgkhsalad
B0BLWK5QGM,aldjgkhsalad
B01JN0NYBO,aldjgkhsalad
B0BHVZH7PC,aldjgkhsalad
B07PFH4ZR5,aldjgkhsalad
B08YYJW5X8,aldjgkhsalad
B0865J2VB4,aldjgkhsalad
B08L36MMLN,aldjgkhsalad
B0B8RCKNS7,aldjgkhsalad
B08GJ9V6HD,aldjgkhsalad
B0B3SDW6DB,aldjgkhsalad
B08C4RS2H4,aldjgkhsalad
B0B7QN8M57,aldjgkhsalad
B07KJZJTXL,aldjgkhsalad
B083WPP9NK,aldjgkhsalad
B07J6QS1KR,aldjgkhsalad
B07343HCXD,aldjgkhsalad
B09M9S3F39,aldjgkhsalad
B07QVQ9RMF,aldjgkhsalad
B07Q2T4DJW,aldjgkhsalad
B01196JFHM,aldjgkhsalad
B0982QMVLL,aldjgkhsalad
B07CRHQGTF,aldjgkhsalad
B08HCQCRK7,aldjgkhsalad
B08CDBRS97,aldjgkhsalad
B0796QK9GS,aldjgkhsalad
B07BHP5QKN,aldjgkhsalad
B01EKB599Q,aldjgkhsalad
B071XCWM2J,aldjgkhsalad
B0D4LZD9RT,aldjgkhsalad
B0BDSJ7KYK,aldjgkhsalad
B0CYT6SJ6L,aldjgkhsalad
B0BJP517DP,aldjgkhsalad
B08KZMXDD1,aldjgkhsalad
B07X131GL1,aldjgkhsalad
B007LZ5PDY,aldjgkhsalad
B000QDYBAQ,aldjgkhsalad
B0CMGQR2XG,aldjgkhsalad
B0C9TCDLLN,aldjgkhsalad
B0B3WRRZSB,aldjgkhsalad
B089M2WCQQ,aldjgkhsalad
B00S4RJVSI,aldjgkhsalad
B002CBU1KO,aldjgkhsalad
B0B9BHJ3JL,aldjgkhsalad
B09Z1Y1518,aldjgkhsalad
B09K9RXHLN,aldjgkhsalad
B08G4WWJ98,aldjgkhsalad
B081TLMYH7,aldjgkhsalad
B07MXMXTDZ,aldjgkhsalad
B07F8686B4,aldjgkhsalad
B0034E2CNC,aldjgkhsalad
B0CZ6ZDF1B,aldjgkhsalad
B0C3WDJHG8,aldjgkhsalad
B0892DXLHS,aldjgkhsalad
B07TWGR88M,aldjgkhsalad
B07H28V1Z5,aldjgkhsalad
B005OJ5P6Q,aldjgkhsalad
B0DGL76FQZ,aldjgkhsalad
B0D9VNT831,aldjgkhsalad
B0D12RDNZZ,aldjgkhsalad
B0CL9XSTM3,aldjgkhsalad
B0CKQSS3RL,aldjgkhsalad
B0CJJRQQ2X,aldjgkhsalad
B0CD44MZDJ,aldjgkhsalad
B0CCXGDV9F,aldjgkhsalad
B079JVM1PT,aldjgkhsalad
B007ZXPIGQ,aldjgkhsalad
B06ZY7FHYG,aldjgkhsalad
B07T3J76KQ,aldjgkhsalad
B0B3T2KVX8,aldjgkhsalad
B09N1QSKC8,aldjgkhsalad
B07Q5W712F,aldjgkhsalad
B0012ZLRX6,aldjgkhsalad
B0BRQY89CJ,aldjgkhsalad
B09VGH8Q9Y,aldjgkhsalad
B07CVCTS5G,aldjgkhsalad
B0C45ZY2VT,aldjgkhsalad
B09WGRG2D6,aldjgkhsalad
B01EBJWL20,aldjgkhsalad
B0BY42N19B,aldjgkhsalad
B08T5SF22R,aldjgkhsalad
B07NBSJHS4,aldjgkhsalad
B07MNL1WS7,aldjgkhsalad
B01E56K9J6,aldjgkhsalad
B01E4EJDTQ,aldjgkhsalad
B00W3EI3M8,aldjgkhsalad
B00MKKWZVK,aldjgkhsalad
B0892RWVKS,aldjgkhsalad
B010WAD9E6,aldjgkhsalad
B0778XZ7PF,aldjgkhsalad
B07XPR68KQ,aldjgkhsalad
B09X27JCWX,aldjgkhsalad
B088R5F7WZ,aldjgkhsalad
B00ADJE2XY,aldjgkhsalad
B0828K3JSZ,aldjgkhsalad
B09HN76RFQ,aldjgkhsalad
B07Q9Q1P8N,aldjgkhsalad
B08Q7RQKPY,aldjgkhsalad
B06XJRVNJP,aldjgkhsalad
B08NN8QDSR,aldjgkhsalad
B074W7MN5L,aldjgkhsalad
B08HSGDCTQ,aldjgkhsalad
B07S8MQF74,aldjgkhsalad
B0BTJB7JRZ,aldjgkhsalad
B0BR9DBSGX,aldjgkhsalad
B0BLN4YJSK,aldjgkhsalad
B0BJ1F8B3S,aldjgkhsalad
B0BC8LGP4P,aldjgkhsalad
B0B4DQVXMJ,aldjgkhsalad
B09YLS2N6F,aldjgkhsalad
B09M6BG5R8,aldjgkhsalad
B098SL9ZKB,aldjgkhsalad
B08N54VZNG,aldjgkhsalad
B08FNSPV32,aldjgkhsalad
B0859QPB94,aldjgkhsalad
B082M3H1ZK,aldjgkhsalad
B081NNZ82N,aldjgkhsalad
B07XYS48DM,aldjgkhsalad
B07P67J8BX,aldjgkhsalad
B07DK89PF3,aldjgkhsalad
B0C65XNP3W,aldjgkhsalad
B0BQHVRGTG,aldjgkhsalad
B07HZ1QMVP,aldjgkhsalad
B0BJVVX1VP,aldjgkhsalad
B0C5WL67JV,aldjgkhsalad
B09LD1WX98,aldjgkhsalad
B09LM3WDPF,aldjgkhsalad
B08JFZ9772,aldjgkhsalad
B07QXGY2DN,aldjgkhsalad
B0817JH3ZF,aldjgkhsalad
B08L4K56B1,aldjgkhsalad
B07XCTGV18,aldjgkhsalad
B07J9JPSM9,aldjgkhsalad
B07RWJ85T3,aldjgkhsalad
B06Y6JSCZ3,aldjgkhsalad
B0773CC93J,aldjgkhsalad
B08278T8PZ,aldjgkhsalad
B071YXDZ45,aldjgkhsalad
B08LMH61DB,aldjgkhsalad
B089F213VR,aldjgkhsalad
B07R8YTGLS,aldjgkhsalad
B0BZKS3MLB,aldjgkhsalad
B0B56JBXD9,aldjgkhsalad
B07H2K69HV,aldjgkhsalad
B0CQQ87TDT,aldjgkhsalad
B00S6Y5B74,aldjgkhsalad
B08X452Q88,aldjgkhsalad
B07THD7FWC,aldjgkhsalad
B000H61JAW,aldjgkhsalad
B08PBQJW4Q,aldjgkhsalad
B07VKFSR69,aldjgkhsalad
B08FBCMH82,aldjgkhsalad
B084ZM9T8R,aldjgkhsalad
B07YYYFJ1D,aldjgkhsalad
B07RNK7STW,aldjgkhsalad
B0CKP4B773,aldjgkhsalad
B089226QTT,aldjgkhsalad
B0BXX2FJM6,aldjgkhsalad
B0BKFMBDBM,aldjgkhsalad
B0BMPDXX28,aldjgkhsalad
B086LB2XRZ,aldjgkhsalad
B074FSPVSZ,aldjgkhsalad
B001BAFJL8,aldjgkhsalad
B0D6D9D7WP,aldjgkhsalad
B0BQHVVJHK,aldjgkhsalad
B077BQYCBC,aldjgkhsalad
B06ZZNJ9Y4,aldjgkhsalad
B07QNQ7B19,aldjgkhsalad
B004DHQVTA,aldjgkhsalad
B0CDMB6PLF,aldjgkhsalad
B09TQDHKTQ,aldjgkhsalad
B09QGD7Q68,aldjgkhsalad
B09BKNV6V6,aldjgkhsalad
B08KSWQ9N4,aldjgkhsalad
B07LGYQ7NF,aldjgkhsalad
B012BJVMKY,aldjgkhsalad
B000WWVPCS,aldjgkhsalad
B08KSTJKRZ,aldjgkhsalad
B07XDKGQXW,aldjgkhsalad
B07KDGB8ZF,aldjgkhsalad
B07F6YM4J6,aldjgkhsalad
B00CSS3ZQ8,aldjgkhsalad
B00BITQVK0,aldjgkhsalad
B0C32PRBCG,aldjgkhsalad
B0B11J2JWQ,aldjgkhsalad
B096P86DB4,aldjgkhsalad
B08C2BS1DP,aldjgkhsalad
B088H4FP14,aldjgkhsalad
B01JRK444G,aldjgkhsalad
B0CPSCYVPH,aldjgkhsalad
B0CGRNRM41,aldjgkhsalad
B0BTH8XR7J,aldjgkhsalad
B0BFFLB423,aldjgkhsalad
B0B4DR79KT,aldjgkhsalad
B08YLW75GW,aldjgkhsalad
B0842Z623L,aldjgkhsalad
B07DCZZSM8,aldjgkhsalad
B0755R3M7W,aldjgkhsalad
B0062B47KU,aldjgkhsalad
B0BFFMV3WR,aldjgkhsalad
B0BFBN6WW7,aldjgkhsalad
B0BDZ426PR,aldjgkhsalad
B0B71B1QPL,aldjgkhsalad
B0B6BWSLHZ,aldjgkhsalad
B0B3D4KSWF,aldjgkhsalad
B0B387K3X7,aldjgkhsalad
B09TSXFB2R,aldjgkhsalad
B09T4GNYX3,aldjgkhsalad
B09MMNCRYL,aldjgkhsalad
B09GFGQ18Z,aldjgkhsalad
B09FLD7JC8,aldjgkhsalad
B09FC5JR5W,aldjgkhsalad
B09BQVG2YB,aldjgkhsalad
B0992MB938,aldjgkhsalad
B0986TCNW7,aldjgkhsalad
B0D6R8WXL9,aldjgkhsalad
B0CVFJH5LK,aldjgkhsalad
B0CQP4H75X,aldjgkhsalad
B0CN2B6Q44,aldjgkhsalad
B0CJP74BPK,aldjgkhsalad
B0CF5DT8BL,aldjgkhsalad
B0CDGC77YQ,aldjgkhsalad
B0C69PXCZH,aldjgkhsalad
B0C366FFFW,aldjgkhsalad
B0C144VW8N,aldjgkhsalad
B0BWRSH8V3,aldjgkhsalad
B0BV6RSLT9,aldjgkhsalad
B0BP6FTF23,aldjgkhsalad
B0BNSNB7FC,aldjgkhsalad
B0BN1983GW,aldjgkhsalad
B0BHNC5TTJ,aldjgkhsalad
B003RS9MME,aldjgkhsalad
B000JM77PU,aldjgkhsalad
B0833SVMG2,aldjgkhsalad
B0000589YY,aldjgkhsalad
B001U9O5VA,aldjgkhsalad
B01FGXQFCW,aldjgkhsalad
B0C851TGVV,aldjgkhsalad
B081264VVH,aldjgkhsalad
B0B8MRRCKS,aldjgkhsalad
B077GGBSWV,aldjgkhsalad
B0861BD5TG,aldjgkhsalad
B0CLS9HHY2,aldjgkhsalad
B07JP7QSVS,aldjgkhsalad
B09KCRDV11,aldjgkhsalad
B07YYZJXLC,aldjgkhsalad
B0CLB2DBLT,aldjgkhsalad
B0DB8VCHVN,aldjgkhsalad
B07QNPRYN7,aldjgkhsalad
B076J6QBV8,aldjgkhsalad
B07ZLPTPKC,aldjgkhsalad
B09M5SJZX1,aldjgkhsalad
B07QWZ9P7M,aldjgkhsalad
B08JH7GG1T,aldjgkhsalad
B09JQWFVY3,aldjgkhsalad
B08D2P88MK,aldjgkhsalad
B08PP9M3Q9,aldjgkhsalad
B0837K5NQV,aldjgkhsalad
B07V2KJTB1,aldjgkhsalad
B07R112R88,aldjgkhsalad
B07QBQ8HFV,aldjgkhsalad
B07BBMDD1T,aldjgkhsalad
B075N5PLSF,aldjgkhsalad
B0743KVHYG,aldjgkhsalad
B06WWL4G54,aldjgkhsalad
B01KW9Y4QY,aldjgkhsalad
B01504VURW,aldjgkhsalad
B010GG7BPO,aldjgkhsalad
B00X22ZO36,aldjgkhsalad
B00JG3T378,aldjgkhsalad
B00IDF6UX0,aldjgkhsalad
B00GGMJPD4,aldjgkhsalad
B0B6VVTRCC,aldjgkhsalad
B08PKT8BS9,aldjgkhsalad
B08F12YM93,aldjgkhsalad
B07KC5LZJ7,aldjgkhsalad
B0BJJST3JN,aldjgkhsalad
B00NNQJRFC,aldjgkhsalad
B07TL9WJP9,aldjgkhsalad
B00B1G3VW6,aldjgkhsalad
B004HK7RR8,aldjgkhsalad
B001C6Q8CK,aldjgkhsalad
B000KC89C4,aldjgkhsalad
B0BCKX8W6Y,aldjgkhsalad
B082JRQ7M9,aldjgkhsalad
B07MC6ZRXV,aldjgkhsalad
B000AM8C62,aldjgkhsalad
B0C1HGBWN8,aldjgkhsalad
B001DRGBPM,aldjgkhsalad
B0D429528J,aldjgkhsalad
B00IY2BB0Y,aldjgkhsalad
B0BG3FWGQ3,aldjgkhsalad
B0BC93V7YS,aldjgkhsalad
B098XXFFV4,aldjgkhsalad
B00JJP2LQI,aldjgkhsalad
B003D8TIPY,aldjgkhsalad
B0DCBC55ZH,aldjgkhsalad
B09FG4NYFG,aldjgkhsalad
B0CXCSQZB3,aldjgkhsalad
B0BJP9X5ZN,aldjgkhsalad
B0CDBH6HKT,aldjgkhsalad
B087M2TS4X,aldjgkhsalad
B0C8YSGGZ3,aldjgkhsalad
B07W3R9CW7,aldjgkhsalad
B09S8S7VGC,aldjgkhsalad
B0B5D7ZQPB,aldjgkhsalad
B09CQ4Z1YS,aldjgkhsalad
B07X1RLSNZ,aldjgkhsalad
B098T983RQ,aldjgkhsalad
B0CF1F9V2B,aldjgkhsalad
B08W3W5JB7,aldjgkhsalad
B07SBJQRWY,aldjgkhsalad
B01HG5O3GS,aldjgkhsalad
B00GHTE2IO,aldjgkhsalad
B0B8PZT3VC,aldjgkhsalad
B099NCHWN4,aldjgkhsalad
B07RV4H826,aldjgkhsalad
B07KCJJM82,aldjgkhsalad
B07YT7MYCX,aldjgkhsalad
B001CICTZS,aldjgkhsalad
B07YKRCFH5,aldjgkhsalad
B0002IXIXG,aldjgkhsalad
B0C4DP47JK,aldjgkhsalad
B074JH1T1N,aldjgkhsalad
B08HRG8DCN,aldjgkhsalad
B0B7BLNK2W,aldjgkhsalad
B07TSJXXKB,aldjgkhsalad
B086MNCPNX,aldjgkhsalad
B00A56DUQA,aldjgkhsalad
B07RP842Q2,aldjgkhsalad
B0896R2BVD,aldjgkhsalad
B09V59X253,aldjgkhsalad
B088WC7S35,aldjgkhsalad
B002PNHYBI,aldjgkhsalad
B09NBMF7GN,aldjgkhsalad
B0045JSQQW,aldjgkhsalad
B0CH2YNQRQ,aldjgkhsalad
B075X2RFXM,aldjgkhsalad
B0822229RR,aldjgkhsalad
B00FIT2AAQ,aldjgkhsalad
B08D7S42CX,aldjgkhsalad
B0C4YHYGSH,aldjgkhsalad
B08KH15ZZV,aldjgkhsalad
B096TDSCKR,aldjgkhsalad
B07PWX17WM,aldjgkhsalad
B0B684JMSD,aldjgkhsalad
B0008JF9OK,aldjgkhsalad
B08ZT2FM5F,aldjgkhsalad
B09MG565VT,aldjgkhsalad
B093TP2FXT,aldjgkhsalad
B08BCGR7SK,aldjgkhsalad
B07RQVPGSF,aldjgkhsalad
B073GVJYKK,aldjgkhsalad
B08N6SMWYH,aldjgkhsalad
B07WC5P88X,aldjgkhsalad
B000WJX3WG,aldjgkhsalad
B084SL3ZWP,aldjgkhsalad
B00O8OLQWU,aldjgkhsalad
B08MT9VLN8,aldjgkhsalad
B07VJ47H98,aldjgkhsalad
B00FL7KRDC,aldjgkhsalad
B0C77GNDL9,aldjgkhsalad
B09GL8BKFJ,aldjgkhsalad
B07XFFXHR7,aldjgkhsalad
B07D45YFHS,aldjgkhsalad
B06XVG2Y4S,aldjgkhsalad
B003O7CV4E,aldjgkhsalad
B0CJ8QL3YZ,aldjgkhsalad
B0BY7S8CLP,aldjgkhsalad
B0BY5YTH12,aldjgkhsalad
B09Y8SWMRH,aldjgkhsalad
B09WW18TFK,aldjgkhsalad
B08Z3T397R,aldjgkhsalad
B07TYKFS8K,aldjgkhsalad
B0188PGJW6,aldjgkhsalad
B00ACOBHL0,aldjgkhsalad
B000DLB2C6,aldjgkhsalad
B0CW1CZJK2,aldjgkhsalad
B0CCXH3HVP,aldjgkhsalad
B0C9DCDRPX,aldjgkhsalad
B0BRCWD8GS,aldjgkhsalad
B0B9JSJM48,aldjgkhsalad
B0B3M7LLZF,aldjgkhsalad
B09QL4441W,aldjgkhsalad
B09N3S177F,aldjgkhsalad
B09HT683QP,aldjgkhsalad
B08L7JYF33,aldjgkhsalad
B07F7JQ8YL,aldjgkhsalad
B0CT5W8GR6,aldjgkhsalad
B0CSZ2B2FX,aldjgkhsalad
B0CQ2JXR6L,aldjgkhsalad
B0CNDD5FYZ,aldjgkhsalad
B0CJBX544M,aldjgkhsalad
B0CFCTM289,aldjgkhsalad
B0CD5NKHJZ,aldjgkhsalad
B0C76WRPMG,aldjgkhsalad
B0C22DW7H9,aldjgkhsalad
B0C1TC8TXP,aldjgkhsalad
B0BQZDJVZB,aldjgkhsalad
B0BL8CGRK6,aldjgkhsalad
B0BKGW6RYY,aldjgkhsalad
B0BGHTB227,aldjgkhsalad
B0BGHKXQ34,aldjgkhsalad
B0BG9FGCTP,aldjgkhsalad
B0B9MSHV3V,aldjgkhsalad
B0B6ZCZ7KR,aldjgkhsalad
B0B1TTDLPW,aldjgkhsalad
B09YDFVW1B,aldjgkhsalad
B09J8B2HL3,aldjgkhsalad
B09HKN57XM,aldjgkhsalad
B09GKQY518,aldjgkhsalad
B091GLLXKM,aldjgkhsalad
B08PZ31PWQ,aldjgkhsalad
B08KY9JT76,aldjgkhsalad
B0878TKXGM,aldjgkhsalad
B07XK5LC34,aldjgkhsalad
B07MKP2L77,aldjgkhsalad
B07L89HJCY,aldjgkhsalad
B07GD5Q44T,aldjgkhsalad
B079HRLCTW,aldjgkhsalad
B075V3HRB1,aldjgkhsalad
B071Y3JNS9,aldjgkhsalad
B0716BK746,aldjgkhsalad
B06Y2T63PX,aldjgkhsalad
B06Y2LBC35,aldjgkhsalad
B06XPCY7QZ,aldjgkhsalad
B01C44J0Z0,aldjgkhsalad
B00NIORNKA,aldjgkhsalad
B00CPO4G1I,aldjgkhsalad
B00CDU4QP0,aldjgkhsalad
B009GJW6LW,aldjgkhsalad
B0077GF2IK,aldjgkhsalad
B089R9GKS5,aldjgkhsalad
B09NLDS27D,aldjgkhsalad
B08J6FZHDL,aldjgkhsalad
B08YGQBSBW,aldjgkhsalad
B07LG8XMJD,aldjgkhsalad
B09D3S598S,aldjgkhsalad
B08V1436D6,aldjgkhsalad
B000000UPA,aldjgkhsalad
B07N5N5GLH,aldjgkhsalad
B07C3QF586,aldjgkhsalad
B08T22MTH5,aldjgkhsalad
B0D879W9WM,aldjgkhsalad
B07CL8BCT8,aldjgkhsalad
B07TVC1MSP,aldjgkhsalad
B08JVLV6LR,aldjgkhsalad
B077T17R8G,aldjgkhsalad
B00HNXGQ4G,aldjgkhsalad
B010C7M7OM,aldjgkhsalad
B0C3B533Z3,aldjgkhsalad
B0CQK2WX1R,aldjgkhsalad
B0B7HPMRBZ,aldjgkhsalad
B07WTT24KP,aldjgkhsalad
B074TYB6NW,aldjgkhsalad
B07FR7VQ8S,aldjgkhsalad
B0B24W38H3,aldjgkhsalad
B072C2M261,aldjgkhsalad
B00C3HNSK2,aldjgkhsalad
B09TZV9212,aldjgkhsalad
B0B9MCT89W,aldjgkhsalad
B08X6K1KVY,aldjgkhsalad
B0D49K1RBD,aldjgkhsalad
B07WPT3Y2S,aldjgkhsalad
B078JB7SW8,aldjgkhsalad
B09XMHNYW9,aldjgkhsalad
B0CND4G4S7,aldjgkhsalad
B08P1QD469,aldjgkhsalad
B084BYGVN2,aldjgkhsalad
B01EHP2EHA,aldjgkhsalad
B0C7R38NBG,aldjgkhsalad
B07NBNJF3M,aldjgkhsalad
B07L8CQKPS,aldjgkhsalad
B077SP2JHF,aldjgkhsalad
B00SR29ZOU,aldjgkhsalad
B0BG88J5JB,aldjgkhsalad
B0B6RN1FZT,aldjgkhsalad
B097CG3HZB,aldjgkhsalad
B08KXGRDMQ,aldjgkhsalad
B0CNVKV8MY,aldjgkhsalad
B002032N5U,aldjgkhsalad
B07V5CM866,aldjgkhsalad
B0755WR3XR,aldjgkhsalad
B0CNKN6WY7,aldjgkhsalad
B09YYXFS5F,aldjgkhsalad
B0CCP4ZR3X,aldjgkhsalad
B07SYBJGX1,aldjgkhsalad
B0B1281WTM,aldjgkhsalad
B08FRNLB89,aldjgkhsalad
B096RGMV7P,aldjgkhsalad
B09TB9MRHL,aldjgkhsalad
B08FBJC6MP,aldjgkhsalad
B08TZD6TKZ,aldjgkhsalad
B083LKQ21M,aldjgkhsalad
B082MHD7JX,aldjgkhsalad
B07DX7L2P1,aldjgkhsalad
B0BN3KC6BF,aldjgkhsalad
B07CMZVT6T,aldjgkhsalad
B08SM9BYHJ,aldjgkhsalad
B0006I89XQ,aldjgkhsalad
B07W6D1GQV,aldjgkhsalad
B003HAMJ0O,aldjgkhsalad
B07SFVGVT1,aldjgkhsalad
B0BDKR9D5P,aldjgkhsalad
B01MS22AJV,aldjgkhsalad
B08MTM5C7C,aldjgkhsalad
B07VLPS9ZK,aldjgkhsalad
B07DWK72RK,aldjgkhsalad
B08T9JNQRW,aldjgkhsalad
B015ZUOVOU,aldjgkhsalad
B0CZ8P1VSR,aldjgkhsalad
B0B2PQ1RQ9,aldjgkhsalad
B0C9NRXJQS,aldjgkhsalad
B0BZ4D1VSD,aldjgkhsalad
B0BD6BXQM2,aldjgkhsalad
B09DSZRDBB,aldjgkhsalad
B098T3BB6Z,aldjgkhsalad
B00G2NZ92I,aldjgkhsalad
B00172PC80,aldjgkhsalad
B0CQT3PNMC,aldjgkhsalad
B0CQP5DQ5B,aldjgkhsalad
B0BWRPCMVL,aldjgkhsalad
B09L6HMGWG,aldjgkhsalad
B08B88P76R,aldjgkhsalad
B07X2C49YV,aldjgkhsalad
B07WX37C4X,aldjgkhsalad
B07VKFR7B2,aldjgkhsalad
B07TB2PMWQ,aldjgkhsalad
B09YD5W1RQ,aldjgkhsalad
B09TTZLT8W,aldjgkhsalad
B098QB2ZKM,aldjgkhsalad
B08RDFSVD1,aldjgkhsalad
B08NLXLRFW,aldjgkhsalad
B08KW7Q6T4,aldjgkhsalad
B07W11BR2T,aldjgkhsalad
B07TYCTTSV,aldjgkhsalad
B07N1S5MBT,aldjgkhsalad
B07JQLCMX4,aldjgkhsalad
B07FKNBV6N,aldjgkhsalad
B06XXLQTGZ,aldjgkhsalad
B01M8MIGOB,aldjgkhsalad
B01LSZMP8A,aldjgkhsalad
B019ZUOIWQ,aldjgkhsalad
B016OBET7I,aldjgkhsalad
B09NB6T46K,aldjgkhsalad
B07N2GRFSC,aldjgkhsalad
B0922NG2ZN,aldjgkhsalad
B07Z4MHLPH,aldjgkhsalad
B08SLPHVWM,aldjgkhsalad
B077W1CSNY,aldjgkhsalad
B08R2G69JK,aldjgkhsalad
B08NVCSQ4G,aldjgkhsalad
B083GMXP91,aldjgkhsalad
B0016ZX7AI,aldjgkhsalad
B07MXXT4D2,aldjgkhsalad
B07Z4PKBC5,aldjgkhsalad
B07KYHYJ49,aldjgkhsalad
B07FVBWF27,aldjgkhsalad
B07KPMT6BL,aldjgkhsalad
B08CRB7FXD,aldjgkhsalad
B00S4GMSOI,aldjgkhsalad
B0CJ3DXLJN,aldjgkhsalad
B087Q85BPS,aldjgkhsalad
B07PVCQBYR,aldjgkhsalad
B07XRGPJJ1,aldjgkhsalad
B09TX9P81R,aldjgkhsalad
B07HK8WCMC,aldjgkhsalad
B004DK5CRO,aldjgkhsalad
B09YS37Q24,aldjgkhsalad
B09Y5CTG36,aldjgkhsalad
B08BQNQR8M,aldjgkhsalad
B07FF5D8GF,aldjgkhsalad
B07HNJNYRR,aldjgkhsalad
B095NG8BJ3,aldjgkhsalad
B0B184TRF2,aldjgkhsalad
B010X8FAHQ,aldjgkhsalad
B07GJCZP9L,aldjgkhsalad
B07PYWNQ5T,aldjgkhsalad
B0B3J2X151,aldjgkhsalad
B07W56HTJP,aldjgkhsalad
B09954JZN8,aldjgkhsalad
B07YBRYB95,aldjgkhsalad
B01M5GW91T,aldjgkhsalad
B07W7NV83C,aldjgkhsalad
B07RSY52ZB,aldjgkhsalad
B0D7C98S11,aldjgkhsalad
B08GXXMRWM,aldjgkhsalad
B07HCRXW5S,aldjgkhsalad
B0CCJ92CHH,aldjgkhsalad
B07Y8T5154,aldjgkhsalad
B0D2D6LWN5,aldjgkhsalad
B07Z5X3HMY,aldjgkhsalad
B07RSYFM2Z,aldjgkhsalad
B07PFLGZD9,aldjgkhsalad
B004034VNK,aldjgkhsalad
B0DPXBZWD3,aldjgkhsalad
B0D6XQS889,aldjgkhsalad
B0D1XX3XYD,aldjgkhsalad
B0CWS5Z36D,aldjgkhsalad
B0CR37V3Q8,aldjgkhsalad
B0CF2K65VC,aldjgkhsalad
B0C6NSTKFM,aldjgkhsalad
B0BY2SX47J,aldjgkhsalad
B0BVZX3QW9,aldjgkhsalad
B0BV19WXGT,aldjgkhsalad
B0BKGPGW8V,aldjgkhsalad
B0BHY481XZ,aldjgkhsalad
B09YQ3VDF8,aldjgkhsalad
B07JG54HY2,aldjgkhsalad
B004C7NLDK,aldjgkhsalad
B07CWM4N89,aldjgkhsalad
B07SHT5KPR,aldjgkhsalad
B077D6YHWP,aldjgkhsalad
B0BQQBX6FK,aldjgkhsalad
B0779CQNT4,aldjgkhsalad
B0BHQRCNQ9,aldjgkhsalad
B07798D462,aldjgkhsalad
B087YZYS4X,aldjgkhsalad
B0D2NFWFDT,aldjgkhsalad
B00X21UY82,aldjgkhsalad
B01N5P4Q7B,aldjgkhsalad
B0B9PVV43T,aldjgkhsalad
B08YYFMYS2,aldjgkhsalad
B07TPDQWCJ,aldjgkhsalad
B0C8HDPJT8,aldjgkhsalad
B09JSH6R7Z,aldjgkhsalad
B01J61NQT0,aldjgkhsalad
B07S6QFGDD,aldjgkhsalad
B00BGDQN5Q,aldjgkhsalad
B09XX3Y8BZ,aldjgkhsalad
B07XRVGR98,aldjgkhsalad
B078RQN3CW,aldjgkhsalad
B095P6SQM6,aldjgkhsalad
B07JJJW98L,aldjgkhsalad
B076PS548Z,aldjgkhsalad
B01CHBFM02,aldjgkhsalad
B0C892ZJM8,aldjgkhsalad
B0BFWF2ZHH,aldjgkhsalad
B0B4RDV1LP,aldjgkhsalad
B09RKH7V13,aldjgkhsalad
B07D5HKQH5,aldjgkhsalad
B01FM53DTW,aldjgkhsalad
B0B3MGB9HX,aldjgkhsalad
B09CZ484KN,aldjgkhsalad
B08FG4BS9T,aldjgkhsalad
B08DF7ZXJV,aldjgkhsalad
B0012CO68M,aldjgkhsalad
B0D78RSTVX,aldjgkhsalad
B0C4TNXY9D,aldjgkhsalad
B0C34B1299,aldjgkhsalad
B0BJDQML6Q,aldjgkhsalad
B0C1TGZ6Z5,aldjgkhsalad
B09X2VYR9S,aldjgkhsalad
B0CMK548QS,aldjgkhsalad
B0CLG18CQ1,aldjgkhsalad
B0CG5H8KF5,aldjgkhsalad
B0BW4JX7P8,aldjgkhsalad
B0BBGKQYVQ,aldjgkhsalad
B09Y5TY726,aldjgkhsalad
B09PQP69QR,aldjgkhsalad
B093P2CC1T,aldjgkhsalad
B081ZNB5QD,aldjgkhsalad
B07RQW9YHT,aldjgkhsalad
B07MQF3L8B,aldjgkhsalad
B06XHTJMB9,aldjgkhsalad
B06WV78QQN,aldjgkhsalad
B002DXCQWW,aldjgkhsalad
B0D965ZZPC,aldjgkhsalad
B0CZDLVZWV,aldjgkhsalad
B0CVRMK1K6,aldjgkhsalad
B0CV154GRN,aldjgkhsalad
B0CP28Z25Y,aldjgkhsalad
B0CM9JFSQC,aldjgkhsalad
B0CLGQ91ND,aldjgkhsalad
B0CH4F26T5,aldjgkhsalad
B0CC4BCJSF,aldjgkhsalad
B0CBM6KLNK,aldjgkhsalad
B0C1RXR7KN,aldjgkhsalad
B0BZV38NSW,aldjgkhsalad
B0BX5FWG7X,aldjgkhsalad
B0BM3VCS6J,aldjgkhsalad
B0BLTSN9DH,aldjgkhsalad
B0BJ7PFJS4,aldjgkhsalad
B0BD8HR9TQ,aldjgkhsalad
B0BCNQ7349,aldjgkhsalad
B0BBV7BXBX,aldjgkhsalad
B0B6V53W2V,aldjgkhsalad
B0B4D3NF1S,aldjgkhsalad
B0B1LCPY2D,aldjgkhsalad
B09YQ4T2M1,aldjgkhsalad
B09X13TVZZ,aldjgkhsalad
B09T353N4J,aldjgkhsalad
B09MVPJSTB,aldjgkhsalad
B0991Q6QQZ,aldjgkhsalad
B0936JPYWF,aldjgkhsalad
B08X7DHWYB,aldjgkhsalad
B08NXX6FT8,aldjgkhsalad
B08NG7W5MN,aldjgkhsalad
B089SVGS6W,aldjgkhsalad
B089RP446X,aldjgkhsalad
B0895GYC79,aldjgkhsalad
B07XPSM7G8,aldjgkhsalad
B07T2FWVL6,aldjgkhsalad
B07NYNQG7P,aldjgkhsalad
B07N1R1PYW,aldjgkhsalad
B07GZJBGNY,aldjgkhsalad
B07FKL4JQC,aldjgkhsalad
B07CQJGS12,aldjgkhsalad
B07C2B7GP9,aldjgkhsalad
B07BFQQL8H,aldjgkhsalad
B079WFNFV1,aldjgkhsalad
B07815QVVR,aldjgkhsalad
B077LJQYN5,aldjgkhsalad
B0759HQY9X,aldjgkhsalad
B072ZNP9FW,aldjgkhsalad
B071DJXLTQ,aldjgkhsalad
B01N7MG87T,aldjgkhsalad
B01FKOLIOC,aldjgkhsalad
B00WHO5TCG,aldjgkhsalad
B00D8DJU6G,aldjgkhsalad
B00C7ZXHQA,aldjgkhsalad
B00BITRC7G,aldjgkhsalad
B0CM3XVYQL,aldjgkhsalad
B0CRYWPZTJ,aldjgkhsalad
B08T1MY1NH,aldjgkhsalad
B07TNVX5ZN,aldjgkhsalad
B071FJF8C8,aldjgkhsalad
B0B7RLLZHC,aldjgkhsalad
B010S2QXMS,aldjgkhsalad
B09VRN4JVM,aldjgkhsalad
B07FCT5PQH,aldjgkhsalad
B095L16V7Y,aldjgkhsalad
B0786MXZ32,aldjgkhsalad
B073YFRCXD,aldjgkhsalad
B08CRGMDSG,aldjgkhsalad
B0007US82K,aldjgkhsalad
B095C5BRRJ,aldjgkhsalad
B00004Y308,aldjgkhsalad
B0CPF1M25T,aldjgkhsalad
B07FSCMFLW,aldjgkhsalad
B0B5R1FFRG,aldjgkhsalad
B07T7HRT5H,aldjgkhsalad
B00QQU2BZA,aldjgkhsalad
B08RQZNYNY,aldjgkhsalad
B07HKQ4GC3,aldjgkhsalad
B09W21F3K5,aldjgkhsalad
B08D6YSH7M,aldjgkhsalad
B01MQFMGR7,aldjgkhsalad
B00V111JMU,aldjgkhsalad
B00BNY09FI,aldjgkhsalad
B07SG7PB1Y,aldjgkhsalad
6978513245,aldjgkhsalad
B0D3KMSSDW,aldjgkhsalad
B09SHGH7SH,aldjgkhsalad
B07D3YBLK2,aldjgkhsalad
B004KB3MPU,aldjgkhsalad
B0067OHTJS,aldjgkhsalad
B0968R5PV3,aldjgkhsalad
B004XIXWV4,aldjgkhsalad
B07TL9VC87,aldjgkhsalad
B0918NNKDM,aldjgkhsalad
B00B2KV5D8,aldjgkhsalad
B07VCP4PNH,aldjgkhsalad
B07L2PXZK2,aldjgkhsalad
B0BQ5SJQBD,aldjgkhsalad
B00INT0G9U,aldjgkhsalad
B09GTYHWZL,aldjgkhsalad
B0B5DFCPKS,aldjgkhsalad
B0B126PX5J,aldjgkhsalad
B07ZDNWSZY,aldjgkhsalad
B0006BVRXW,aldjgkhsalad
B09XTYBBW6,aldjgkhsalad
B0B11VVZM2,aldjgkhsalad
B07VTL4NX4,aldjgkhsalad
B07P1Y2JT8,aldjgkhsalad
B0BTLTNN95,aldjgkhsalad
B01EIRSO8A,aldjgkhsalad
B0BLQZQF85,aldjgkhsalad
B08LCGS9L4,aldjgkhsalad
B0007WJSN6,aldjgkhsalad
B0BGT41STS,aldjgkhsalad
B07WNVND8T,aldjgkhsalad
B085GKNJMC,aldjgkhsalad
B0BWS88K4V,aldjgkhsalad
B0756SM5D5,aldjgkhsalad
B09BFY1BZ3,aldjgkhsalad
B0BN3MKFPF,aldjgkhsalad
B01BGLBZTQ,aldjgkhsalad
B0832Q91V1,aldjgkhsalad
B0D46KC1MZ,aldjgkhsalad
B0843833CK,aldjgkhsalad
B072FMZ3ZR,aldjgkhsalad
B07WP8V3LS,aldjgkhsalad
B07ZSCMV4N,aldjgkhsalad
B0CL6SHS3Y,aldjgkhsalad
B0787GSK5M,aldjgkhsalad
B0CJ2NP5FS,aldjgkhsalad
B0992MKJJM,aldjgkhsalad
B00K35U8KY,aldjgkhsalad
B0CHYG4298,aldjgkhsalad
B0007LRO2Y,aldjgkhsalad
B01GWLOHIG,aldjgkhsalad
B08548BQCD,aldjgkhsalad
B000ID8A10,aldjgkhsalad
B078ZNZLKQ,aldjgkhsalad
B0CX8RD72F,aldjgkhsalad
B00IFJHYFC,aldjgkhsalad
B09W4JZGT4,aldjgkhsalad
B0CG5VWKV8,aldjgkhsalad
B0BXJ7Z32Z,aldjgkhsalad
B01MUBPX23,aldjgkhsalad
B0DGLBTF3X,aldjgkhsalad
B0C7J72SVG,aldjgkhsalad
B07XDNJGPM,aldjgkhsalad
B0CZ3NYFH1,aldjgkhsalad
B0C2YK1217,aldjgkhsalad
B01DYLPRFO,aldjgkhsalad
B0CQCLJMXV,aldjgkhsalad
B0BX44JLWY,aldjgkhsalad
B0DK38PVH6,aldjgkhsalad
B07871VJ12,aldjgkhsalad
B0B4S6QNLY,aldjgkhsalad
B08V8TY9LR,aldjgkhsalad
B09W5QVD6R,aldjgkhsalad
B09TB49FQD,aldjgkhsalad
B0C9GKH53F,aldjgkhsalad
B08D75C8PY,aldjgkhsalad
B07HBJM7BP,aldjgkhsalad
B07L4XVHKV,aldjgkhsalad
B08LKL9766,aldjgkhsalad
B07BVCHRCZ,aldjgkhsalad
B07CPYXNQN,aldjgkhsalad
B07367N191,aldjgkhsalad
B09J56DJYR,aldjgkhsalad
B07CQP3BD6,aldjgkhsalad
B0056JIHNM,aldjgkhsalad
B001VXZTZG,aldjgkhsalad
B085ZDZSB7,aldjgkhsalad
B07JW88XYV,aldjgkhsalad
B00YYUZ51Q,aldjgkhsalad
B09FR5BDBF,aldjgkhsalad
B097QH33CL,aldjgkhsalad
B08CXKVNXM,aldjgkhsalad
B0771FXWLF,aldjgkhsalad
B0067NNDJ4,aldjgkhsalad
B08XSL7FKW,aldjgkhsalad
B079C1FDPJ,aldjgkhsalad
B00JD06DA4,aldjgkhsalad
B0C61RWPTJ,aldjgkhsalad
B08QTNRD4B,aldjgkhsalad
B08L6Y81KL,aldjgkhsalad
B08GPZLDYJ,aldjgkhsalad
B07Y1MHGBR,aldjgkhsalad
B07TYX1LCK,aldjgkhsalad
B00ICR2TJI,aldjgkhsalad
B0BRD1CNZ6,aldjgkhsalad
B0B6WFCFMM,aldjgkhsalad
B09SKXT38C,aldjgkhsalad
B074T3L6X4,aldjgkhsalad
B01LZ3Q9RD,aldjgkhsalad
B00TO61UTG,aldjgkhsalad
B0D76M3ZY3,aldjgkhsalad
B0BXRW51VB,aldjgkhsalad
B091BJL7SY,aldjgkhsalad
B08LNFFMNH,aldjgkhsalad
B06X152Q3X,aldjgkhsalad
B07TXTL76N,aldjgkhsalad
B07LG2LV6B,aldjgkhsalad
B01FOQJHGW,aldjgkhsalad
B09Y6414VC,aldjgkhsalad
B08MF4Q327,aldjgkhsalad
B08KGGKKLN,aldjgkhsalad
B06ZXWSJD4,aldjgkhsalad
B09ZLQ7KDV,aldjgkhsalad
B08HRCNWNM,aldjgkhsalad
B07V1D6LXW,aldjgkhsalad
B08KW247VH,aldjgkhsalad
B07QGX31JC,aldjgkhsalad
B0055PIUFW,aldjgkhsalad
B0798LH1FN,aldjgkhsalad
B098SR9Z2C,aldjgkhsalad
B07ZV6HBXK,aldjgkhsalad
B006Y0S41M,aldjgkhsalad
B0CZ6SJ35T,aldjgkhsalad
B0CR1115C9,aldjgkhsalad
B0CMCNGR2X,aldjgkhsalad
B0CH57PBKH,aldjgkhsalad
B0CF8LNLLM,aldjgkhsalad
B0BHYDZS4S,aldjgkhsalad
B0BGXGZ6RP,aldjgkhsalad
B0BFFC1G9J,aldjgkhsalad
B09WV37J5S,aldjgkhsalad
B08ZJCLN96,aldjgkhsalad
B08GK4M4RB,aldjgkhsalad
B086M946Q4,aldjgkhsalad
B0818DLZXP,aldjgkhsalad
B07Y7XF2SX,aldjgkhsalad
B08NN7XM6M,aldjgkhsalad
B07SCJL4X6,aldjgkhsalad
B07BKTTDFB,aldjgkhsalad
B091BWPMJ7,aldjgkhsalad
B0915PXCS3,aldjgkhsalad
B08PDN9HWQ,aldjgkhsalad
B01CTBL24U,aldjgkhsalad
B0031KJP7K,aldjgkhsalad
B0CHHTZFDK,aldjgkhsalad
B09M3P5Z9B,aldjgkhsalad
B097MZ58ZX,aldjgkhsalad
B08N6VP51J,aldjgkhsalad
B00ON02OLQ,aldjgkhsalad
B00ICR7AAQ,aldjgkhsalad
B000R74VL0,aldjgkhsalad
B09273LS1L,aldjgkhsalad
B07XBS2GRB,aldjgkhsalad
B0787S6SH9,aldjgkhsalad
B00OGLN1JQ,aldjgkhsalad
B00E1CS5JQ,aldjgkhsalad
B0CY5GDXCB,aldjgkhsalad
B0CTC39PD1,aldjgkhsalad
B0CT2GYMWW,aldjgkhsalad
B0CRNWWGCH,aldjgkhsalad
B0CQ4DHYHW,aldjgkhsalad
B0CN9P82ZT,aldjgkhsalad
B0CJF8XD9W,aldjgkhsalad
B0CJF8W3KR,aldjgkhsalad
B0CHYC8GFS,aldjgkhsalad
B0CBPB68CV,aldjgkhsalad
B0C4QTT76B,aldjgkhsalad
B0C4LB477V,aldjgkhsalad
B0C38SHJL4,aldjgkhsalad
B0BYNCD84G,aldjgkhsalad
B0BYJVQNSY,aldjgkhsalad
B0BSWB2VMX,aldjgkhsalad
B0BS3KCX2H,aldjgkhsalad
B0BG5B6VP9,aldjgkhsalad
B0B24Y7CV5,aldjgkhsalad
B09ZTT7GF8,aldjgkhsalad
B09X9YGS3M,aldjgkhsalad
B09PTJYPQX,aldjgkhsalad
B09NB2VLZW,aldjgkhsalad
B09MVM5D3S,aldjgkhsalad
B09HS2JJB8,aldjgkhsalad
B09HRG5WMR,aldjgkhsalad
B097PCZS7W,aldjgkhsalad
B07YZ5JS17,aldjgkhsalad
B07HDG8F35,aldjgkhsalad
B07H36WP4G,aldjgkhsalad
B07C1TJ5R4,aldjgkhsalad
B07BHXTVTY,aldjgkhsalad
B078YQTG4V,aldjgkhsalad
B078H5THND,aldjgkhsalad
B078211G3V,aldjgkhsalad
B0741CWHRK,aldjgkhsalad
B072M77K8Y,aldjgkhsalad
B01J9LZQP4,aldjgkhsalad
B00PC9PGYO,aldjgkhsalad
B00FBL3V22,aldjgkhsalad
B089GLM4WM,aldjgkhsalad
B09NLDK8HZ,aldjgkhsalad
B07HGH1PLM,aldjgkhsalad
B08HVLMP9G,aldjgkhsalad
B0C7QKGFPT,aldjgkhsalad
B09NNDVD56,aldjgkhsalad
B074PHRHNQ,aldjgkhsalad
B08WM4K21L,aldjgkhsalad
B0CGV3P6R8,aldjgkhsalad
B0BSFN91QZ,aldjgkhsalad
B0861F67JD,aldjgkhsalad
B07RHBSWPT,aldjgkhsalad
B08LGWPLSM,aldjgkhsalad
B07N7ST6BW,aldjgkhsalad
B00C2DLTR6,aldjgkhsalad
B081475J2M,aldjgkhsalad
B09FC6ZHC7,aldjgkhsalad
B000BKIGFA,aldjgkhsalad
B074G5Z3X2,aldjgkhsalad
B07TRTV452,aldjgkhsalad
B09L6SDY8Q,aldjgkhsalad
B01FKZW34K,aldjgkhsalad
B08P3N827R,aldjgkhsalad
B0CXJ2J8TQ,aldjgkhsalad
B07DHF4D6V,aldjgkhsalad
B07QYVRFR8,aldjgkhsalad
B0BZVNY512,aldjgkhsalad
B000PF0BAO,aldjgkhsalad
B07VPFY95V,aldjgkhsalad
B09X6PGDGP,aldjgkhsalad
B0895Z6ZL1,aldjgkhsalad
B07QT2YVVM,aldjgkhsalad
B071WQSG35,aldjgkhsalad
B07MD6WYYM,aldjgkhsalad
B0CHPGS5PH,aldjgkhsalad
B00GDJKHU0,aldjgkhsalad
B08KTM1RJ7,aldjgkhsalad
B0DJ6MH3YT,aldjgkhsalad
B0746JS43P,aldjgkhsalad
B0D6WPR1S4,aldjgkhsalad
B07H28SCC9,aldjgkhsalad
B0D4R5RY53,aldjgkhsalad
B07J136DY5,aldjgkhsalad
B0CQ4J3QVJ,aldjgkhsalad
B0BBSK5Z3Q,aldjgkhsalad
B0BYN57M7L,aldjgkhsalad
B0BW8J1NT4,aldjgkhsalad
B0BN6832X6,aldjgkhsalad
B08HQZ686N,aldjgkhsalad
B008BUJVA6,aldjgkhsalad
B07YM34GQ7,aldjgkhsalad
B07N8KL59B,aldjgkhsalad
B0CR3QYJ8Y,aldjgkhsalad
B0BFJSYH8J,aldjgkhsalad
B0CQTZSLDB,aldjgkhsalad
B07XBLGPCY,aldjgkhsalad
B073PFVB7D,aldjgkhsalad
B087TJMD87,aldjgkhsalad
B06Y3MVFSS,aldjgkhsalad
B07FMNLHD3,aldjgkhsalad
B09YYHJD8X,aldjgkhsalad
B094YJQSTL,aldjgkhsalad
B0B6G9NPFW,aldjgkhsalad
B0871TXF73,aldjgkhsalad
B08Q4MLY9G,aldjgkhsalad
B07S42RN4H,aldjgkhsalad
B0131ROXCO,aldjgkhsalad
B08D3FPTFZ,aldjgkhsalad
B08R74NTNV,aldjgkhsalad
B07B7B345B,aldjgkhsalad
B001DYJZIA,aldjgkhsalad
B09MKD6FND,aldjgkhsalad
B07W4XF78S,aldjgkhsalad
B08M97HP1F,aldjgkhsalad
B0BHNXQSCD,aldjgkhsalad
B0CXHNJ2VK,aldjgkhsalad
B07S5QWD3W,aldjgkhsalad
B09KL57KGH,aldjgkhsalad
B09B55Z27R,aldjgkhsalad
B08J8F6H1K,aldjgkhsalad
B00ZSE93LA,aldjgkhsalad
B00VSGRUTO,aldjgkhsalad
B0946SZ663,aldjgkhsalad
B08FT15P71,aldjgkhsalad
B08FHHWZSL,aldjgkhsalad
B085TBJLYC,aldjgkhsalad
B0B4K1G7SB,aldjgkhsalad
B09YPYJX6G,aldjgkhsalad
B09DP5L9QM,aldjgkhsalad
B09729WXWG,aldjgkhsalad
B08PC318MN,aldjgkhsalad
B07V9LQX9D,aldjgkhsalad
B0C1HLNVX9,aldjgkhsalad
B0B3VLLF74,aldjgkhsalad
B0981PGS2J,aldjgkhsalad
B096RZ42JJ,aldjgkhsalad
B09CPKQXGW,aldjgkhsalad
B0CXJ47X46,aldjgkhsalad
B09NJ7KXGP,aldjgkhsalad
B08N5MQBXL,aldjgkhsalad
B085TBZHL5,aldjgkhsalad
B00NNX57YK,aldjgkhsalad
B09NJ3J83Z,aldjgkhsalad
B0842HZ96V,aldjgkhsalad
B07S82GPX1,aldjgkhsalad
B08FCMHH35,aldjgkhsalad
B07QXV4LC9,aldjgkhsalad
B07DFKGPXW,aldjgkhsalad
B00SNSTJ44,aldjgkhsalad
B0BZQ8KFL4,aldjgkhsalad
B07BYR86K4,aldjgkhsalad
B077W69BQC,aldjgkhsalad
B01N703UF1,aldjgkhsalad
B0BCHM5PDB,aldjgkhsalad
B071DXTVD1,aldjgkhsalad
B0BBVF9W33,aldjgkhsalad
B095M5X7T4,aldjgkhsalad
B0B8ZPZ7SS,aldjgkhsalad
B083GC8WWG,aldjgkhsalad
B0B4VZGG84,aldjgkhsalad
B07QH9S46V,aldjgkhsalad
B08HSRGV12,aldjgkhsalad
B09ZH5G95X,aldjgkhsalad
B08GS3P9JL,aldjgkhsalad
B0CFD5WBTQ,aldjgkhsalad
B08G1BYT8W,aldjgkhsalad
B0BXKK4W73,aldjgkhsalad
B07TXXZ8TT,aldjgkhsalad
B0CXN8VHPQ,aldjgkhsalad
B0CHV217DT,aldjgkhsalad
B0CC4S7T2W,aldjgkhsalad
B0CBC2QND4,aldjgkhsalad
B0C8JYVJF4,aldjgkhsalad
B0BNTWS22F,aldjgkhsalad
B0B3X7G2J6,aldjgkhsalad
B09YNQM6PD,aldjgkhsalad
B0872GNZZV,aldjgkhsalad
B07T88GGMM,aldjgkhsalad
B07SS5TSXC,aldjgkhsalad
B07MLSDXCK,aldjgkhsalad
B07J6BZNMN,aldjgkhsalad
B07H87N6LT,aldjgkhsalad
B06XX6G7MD,aldjgkhsalad
B06XSMQK7Z,aldjgkhsalad
B00FZSUMWI,aldjgkhsalad
B07TSNRLZ3,aldjgkhsalad
B07PWHJ45J,aldjgkhsalad
B079KBJK21,aldjgkhsalad
B0CGRQJXFY,aldjgkhsalad
B077RWQCTW,aldjgkhsalad
B00XIRH1CC,aldjgkhsalad
B01M31ZZF7,aldjgkhsalad
B004I7MUF4,aldjgkhsalad
B016ZINC14,aldjgkhsalad
B07YKWKK9X,aldjgkhsalad
B0059EXC3O,aldjgkhsalad
B0D9NNCWGL,aldjgkhsalad
B0969WMWY6,aldjgkhsalad
B074MCTYY6,aldjgkhsalad
B0052W1CTY,aldjgkhsalad
B08699512H,aldjgkhsalad
B07V8DN4B4,aldjgkhsalad
B01DCJW9F4,aldjgkhsalad
B0CTZZKHV5,aldjgkhsalad
B0CTTR1ZN7,aldjgkhsalad
B0CSFPP2NN,aldjgkhsalad
B0CJFLJW41,aldjgkhsalad
B0CC63SS9L,aldjgkhsalad
B0BVRMTGCP,aldjgkhsalad
B0BQ6PSWX2,aldjgkhsalad
B0BC83X7FT,aldjgkhsalad
B08QJQHDST,aldjgkhsalad
B08GSWK9MB,aldjgkhsalad
B07Z4JT8TC,aldjgkhsalad
B01M2CBS7Q,aldjgkhsalad
B00KQTJBH8,aldjgkhsalad
B083WLLSQK,aldjgkhsalad
B009EZC564,aldjgkhsalad
B005HHDC1A,aldjgkhsalad
B09VXN4FYJ,aldjgkhsalad
B09SWNCLTX,aldjgkhsalad
B093CMW73M,aldjgkhsalad
B09137K4P6,aldjgkhsalad
B08VDMKF14,aldjgkhsalad
B08TG9YKPY,aldjgkhsalad
B08P4CWYN3,aldjgkhsalad
B08NM51DX3,aldjgkhsalad
B08LMR23FL,aldjgkhsalad
B08FJD1JPX,aldjgkhsalad
B08BC249V7,aldjgkhsalad
B08B625VTJ,aldjgkhsalad
B086WYJSVC,aldjgkhsalad
B0D8T3LY5D,aldjgkhsalad
B0D826BD61,aldjgkhsalad
B0D1FQMWT2,aldjgkhsalad
B0CYH51Y1S,aldjgkhsalad
B0CYGX7BYR,aldjgkhsalad
B0CVQHFW81,aldjgkhsalad
B0CLZ7XCQS,aldjgkhsalad
B0CL76B13J,aldjgkhsalad
B0CD25J1L6,aldjgkhsalad
B0C6489F6V,aldjgkhsalad
B0BVTJ3X66,aldjgkhsalad
B0BRCX4FHN,aldjgkhsalad
B0BPBSTHVN,aldjgkhsalad
B0BN7T8F7T,aldjgkhsalad
B0BM273YHR,aldjgkhsalad
B0BFH8TSK7,aldjgkhsalad
B0BB1QVJ99,aldjgkhsalad
B0B9XMML2X,aldjgkhsalad
B0B7Y26P4D,aldjgkhsalad
B09SYPZGB7,aldjgkhsalad
B09KNL5SW1,aldjgkhsalad
B09BZQL5NN,aldjgkhsalad
B09BJYXQJ3,aldjgkhsalad
B099KFPMN9,aldjgkhsalad
B098TSY5Y6,aldjgkhsalad
B08XQ5YKFC,aldjgkhsalad
B08TWZ13N9,aldjgkhsalad
B08HMP3CMJ,aldjgkhsalad
B08FGJCFS4,aldjgkhsalad
B08CGLS35M,aldjgkhsalad
B07ZFZ9YYF,aldjgkhsalad
B07XF5PWH3,aldjgkhsalad
B07PYJ45JN,aldjgkhsalad
B08NFZ28TF,aldjgkhsalad
B07N4958PG,aldjgkhsalad
B09H1JR7P8,aldjgkhsalad
B00GSVYCP4,aldjgkhsalad
B0CRSZTDST,aldjgkhsalad
B0D4VQ39KN,aldjgkhsalad
B01MSJEBBO,aldjgkhsalad
B06Y11WLT2,aldjgkhsalad
B08N9Y5M8L,aldjgkhsalad
B07Z9KGG5L,aldjgkhsalad
B00394DPGU,aldjgkhsalad
B079ZQWM1T,aldjgkhsalad
B005LY5F6Y,aldjgkhsalad
B09CN7C3GL,aldjgkhsalad
B0B88WYMW4,aldjgkhsalad
B07VF72455,aldjgkhsalad
B07N8KH4YG,aldjgkhsalad
B07H2XVRN6,aldjgkhsalad
B07B26FCGJ,aldjgkhsalad
B079B4JGDX,aldjgkhsalad
B077L2LXL2,aldjgkhsalad
B01NALRPVF,aldjgkhsalad
B00TWNDLJI,aldjgkhsalad
B01L26VUJA,aldjgkhsalad
B0CRH1TZSV,aldjgkhsalad
B083XGR8TG,aldjgkhsalad
B089VSJT6N,aldjgkhsalad
B0C85HBQ69,aldjgkhsalad
B08R8TPQFR,aldjgkhsalad
B06XH9GB75,aldjgkhsalad
B0BSP7TPKC,aldjgkhsalad
B09JZ6Z3X2,aldjgkhsalad
B076CVRCGM,aldjgkhsalad
B07YM31KBB,aldjgkhsalad
B08G8JS55B,aldjgkhsalad
B00021MRK8,aldjgkhsalad
B0BYGZ45D8,aldjgkhsalad
B0CJRHWYNW,aldjgkhsalad
B08HLB85QX,aldjgkhsalad
B078KJPKSN,aldjgkhsalad
B002HV201M,aldjgkhsalad
B0CZ91S4KP,aldjgkhsalad
B08GZTLX65,aldjgkhsalad
B0CGCXDMG1,aldjgkhsalad
B08762CRRR,aldjgkhsalad
B07Y6WX2ZP,aldjgkhsalad
B097CB5WPK,aldjgkhsalad
B00CDPQYIW,aldjgkhsalad
B0BWJD5H63,aldjgkhsalad
B0CJHYQJYD,aldjgkhsalad
B0827DCXWB,aldjgkhsalad
B004P4H9CE,aldjgkhsalad
B08BN5VRN3,aldjgkhsalad
B07NLH77SY,aldjgkhsalad
B07645HYKK,aldjgkhsalad
B08Q868YH6,aldjgkhsalad
B093F7CV87,aldjgkhsalad
B0779QCNJ1,aldjgkhsalad
B08CKYRQ7C,aldjgkhsalad
B09B9NR9KF,aldjgkhsalad
B07Z1JD4PN,aldjgkhsalad
B07CTM9755,aldjgkhsalad
B07VRBZ9LK,aldjgkhsalad
B093GJMWRQ,aldjgkhsalad
B01AUMUNM2,aldjgkhsalad
B086QC9YVG,aldjgkhsalad
B0D3XCH67J,aldjgkhsalad
B0CDP9VBKG,aldjgkhsalad
B0CMT38YPJ,aldjgkhsalad
B0B56JX4T4,aldjgkhsalad
B0CF18PDQB,aldjgkhsalad
B087CJQHVQ,aldjgkhsalad
B0CC421VG5,aldjgkhsalad
B0BLSSCB93,aldjgkhsalad
B0CBS65BNR,aldjgkhsalad
B01G3NE00S,aldjgkhsalad
B0CBCGBZ8S,aldjgkhsalad
B08M3WM15J,aldjgkhsalad
B0BF479TC2,aldjgkhsalad
B07KWG5LP7,aldjgkhsalad
B09RWPVQQ4,aldjgkhsalad
B0C7TFZHTZ,aldjgkhsalad
B09NRBMF96,aldjgkhsalad
B07MTNLF69,aldjgkhsalad
B0965CM28S,aldjgkhsalad
B07J4FM86X,aldjgkhsalad
B092HLB4SX,aldjgkhsalad
B07GHYRTNC,aldjgkhsalad
B08RQDV679,aldjgkhsalad
B00KASJ2V0,aldjgkhsalad
B08LYGY7J9,aldjgkhsalad
B08YNCQYVZ,aldjgkhsalad
B084LYG4QK,aldjgkhsalad
B0BN4J254R,aldjgkhsalad
B07THHL7V4,aldjgkhsalad
B0170FNZV8,aldjgkhsalad
B07MJWCDHT,aldjgkhsalad
B0C4TVCPG5,aldjgkhsalad
B07KSZDX1N,aldjgkhsalad
B0B4H35LX8,aldjgkhsalad
B07H229WN4,aldjgkhsalad
B07F3NBLMH,aldjgkhsalad
B074QM4GNJ,aldjgkhsalad
B07ZSGFPMN,aldjgkhsalad
B01CL3G78W,aldjgkhsalad
B07QH9NLQD,aldjgkhsalad
B01BI7ETW8,aldjgkhsalad
B0CJ2VHFX4,aldjgkhsalad
B00KIOSTA6,aldjgkhsalad
B07CBYYST1,aldjgkhsalad
B0756NWNDJ,aldjgkhsalad
B086LDH3XH,aldjgkhsalad
B00Z2BXF7M,aldjgkhsalad
B09X1VNBYK,aldjgkhsalad
B07GGLQTG2,aldjgkhsalad
B09N9W929W,aldjgkhsalad
1616610395,aldjgkhsalad
B00N94TC44,aldjgkhsalad
B09NM72SWV,aldjgkhsalad
B0BC429FQM,aldjgkhsalad
B09SHZ9YK5,aldjgkhsalad
B08M9KXWWB,aldjgkhsalad
B08KHM3QK9,aldjgkhsalad
B009LPDR96,aldjgkhsalad
B0C7VVDL55,aldjgkhsalad
B0BQKY8NX6,aldjgkhsalad
B0B9BJTFTN,aldjgkhsalad
B09WYMJHSR,aldjgkhsalad
B098T9K7QW,aldjgkhsalad
B0856Y3631,aldjgkhsalad
B07YKK2K32,aldjgkhsalad
B07W8SG7N1,aldjgkhsalad
B07JPYMFXT,aldjgkhsalad
B0784TWMNR,aldjgkhsalad
B0026SVLAC,aldjgkhsalad
B073Q3B3WF,aldjgkhsalad
B01N43UELZ,aldjgkhsalad
B01AYQVW1U,aldjgkhsalad
B0002F70II,aldjgkhsalad
B0CS69JB2D,aldjgkhsalad
B0CJ9V67S5,aldjgkhsalad
B0CF3W9Q5Z,aldjgkhsalad
B0CBB2D2Q6,aldjgkhsalad
B0C89KYG13,aldjgkhsalad
B0C4V8T159,aldjgkhsalad
B0BY27RP59,aldjgkhsalad
B0BVZK3ZX5,aldjgkhsalad
B0BKK4ZCFW,aldjgkhsalad
B0B8DYDW9C,aldjgkhsalad
B0B7GTT4JB,aldjgkhsalad
B0B38KBFGG,aldjgkhsalad
B0D3L1QPC4,aldjgkhsalad
B0B4NK66QT,aldjgkhsalad
B07ZL1CGSN,aldjgkhsalad
B097JQWFPY,aldjgkhsalad
B08W3VB6JR,aldjgkhsalad
B07W4XJJKL,aldjgkhsalad
B09RFBJ2B6,aldjgkhsalad
B0D73TJD2L,aldjgkhsalad
B08GCBKH5F,aldjgkhsalad
B0824WFHQG,aldjgkhsalad
B0C3C1DBRV,aldjgkhsalad
B08137YC4G,aldjgkhsalad
B071FC2GPK,aldjgkhsalad
B0CG5J269S,aldjgkhsalad
B09CMYK4S7,aldjgkhsalad
B0BZVGLZLS,aldjgkhsalad
B0D4ZFBV35,aldjgkhsalad
B0D2NBZ653,aldjgkhsalad
B0C3GM11GH,aldjgkhsalad
B0C1GKDK28,aldjgkhsalad
B0BPC6R88V,aldjgkhsalad
B0BKKMDFP3,aldjgkhsalad
B0B2W3FJWN,aldjgkhsalad
B09XC3MZPR,aldjgkhsalad
B09B66KGPB,aldjgkhsalad
B097XXZB6C,aldjgkhsalad
B08ZKQPRYM,aldjgkhsalad
B08LQT4DYB,aldjgkhsalad
B08235B5VK,aldjgkhsalad
B07P6R1FK9,aldjgkhsalad
B07NYMC52N,aldjgkhsalad
B07H5SZCFR,aldjgkhsalad
B0B58FPQ3V,aldjgkhsalad
B08GYLD2QY,aldjgkhsalad
B08D7MFKPL,aldjgkhsalad
B07Q7NC2KR,aldjgkhsalad
B01J46HEO0,aldjgkhsalad
B0072B4024,aldjgkhsalad
B0CYHKXM6N,aldjgkhsalad
B0CTBHFXPK,aldjgkhsalad
B07ZC4C9W4,aldjgkhsalad
B07Z4L5YF9,aldjgkhsalad
B07ML4VDSP,aldjgkhsalad
B07HKGKQQF,aldjgkhsalad
B0774Z28H5,aldjgkhsalad
B073R448B6,aldjgkhsalad
B06XQQ9N5W,aldjgkhsalad
B00725EO1M,aldjgkhsalad
B09WV2V4KR,aldjgkhsalad
B09G2KFJ56,aldjgkhsalad
B09FJ5JZL5,aldjgkhsalad
B09B1SD92H,aldjgkhsalad
B092RVW3HT,aldjgkhsalad
B08JY74LSX,aldjgkhsalad
B0878PQRXN,aldjgkhsalad
B084DJPTL5,aldjgkhsalad
B079574H89,aldjgkhsalad
B073X51L1V,aldjgkhsalad
B06XQ74WT5,aldjgkhsalad
B01LZJTW2X,aldjgkhsalad
B00TR8RESW,aldjgkhsalad
B000000O81,aldjgkhsalad
B0009GX1XI,aldjgkhsalad
B0CJ3D6G3Q,aldjgkhsalad
B017MXDYZU,aldjgkhsalad
B001EXR0UU,aldjgkhsalad
B000C59Y82,aldjgkhsalad
B07FTKPWBL,aldjgkhsalad
B0BC7W75JX,aldjgkhsalad
B0002IXIQI,aldjgkhsalad
B09VGRQHWV,aldjgkhsalad
B076FN7QS8,aldjgkhsalad
B001OXEPOE,aldjgkhsalad
B007EG9A8G,aldjgkhsalad
B0CY2Q2WBH,aldjgkhsalad
B07VKGYXNL,aldjgkhsalad
B00U9VPI2A,aldjgkhsalad
B0BKTRM96K,aldjgkhsalad
B0C246GYGR,aldjgkhsalad
B01GOXJ4OO,aldjgkhsalad
B09CPRY5YN,aldjgkhsalad
B01MRKQCXP,aldjgkhsalad
B08FJ4RR1Z,aldjgkhsalad
B0728DQ8YD,aldjgkhsalad
B0BG1TFJHC,aldjgkhsalad
B0C7THMCQH,aldjgkhsalad
B07Q78Y767,aldjgkhsalad
B088NFSJVC,aldjgkhsalad
B09CKPXJGQ,aldjgkhsalad
B085N382GB,aldjgkhsalad
B00WKQ6JSY,aldjgkhsalad
B07V6LFXT6,aldjgkhsalad
B07789LQC5,aldjgkhsalad
B00KCGE3LY,aldjgkhsalad
B08949NQYX,aldjgkhsalad
B016AS47RW,aldjgkhsalad
B00SKSAB8U,aldjgkhsalad
B07J46H7YM,aldjgkhsalad
B09MJZ3PGZ,aldjgkhsalad
B07ZSWCY61,aldjgkhsalad
B09B7JM19F,aldjgkhsalad
B094B4XHL3,aldjgkhsalad
B07S793KXL,aldjgkhsalad
B093PWSKZL,aldjgkhsalad
B00PA1KJLY,aldjgkhsalad
B07Z4TW9WJ,aldjgkhsalad
B09HSKJ6G6,aldjgkhsalad
B011PU8WYY,aldjgkhsalad
B0BT644WHF,aldjgkhsalad
B0C9QCPG43,aldjgkhsalad
B0956YTB3Q,aldjgkhsalad
B08RQTTNQ6,aldjgkhsalad
B09ZJ27TPV,aldjgkhsalad
B0829JLW75,aldjgkhsalad
B082V4RLQ8,aldjgkhsalad
B0D7ZF3JP7,aldjgkhsalad
B000GLNFNW,aldjgkhsalad
B096DW7CQ2,aldjgkhsalad
B08DNCFMZJ,aldjgkhsalad
B08LB4DLKC,aldjgkhsalad
B01LDSESZU,aldjgkhsalad
B08CKZF2VV,aldjgkhsalad
B01BKKTXRE,aldjgkhsalad
B07195ZZMG,aldjgkhsalad
B0BGJHL6V3,aldjgkhsalad
B0847SKZVW,aldjgkhsalad
B081NK8JW3,aldjgkhsalad
B00FT739RA,aldjgkhsalad
B0D1C7S9JM,aldjgkhsalad
B00745IFR4,aldjgkhsalad
B08B858FPC,aldjgkhsalad
B09PTDDXHB,aldjgkhsalad
B00BWY4X06,aldjgkhsalad
B0B6QD82X7,aldjgkhsalad
B0000AXY97,aldjgkhsalad
B01MR96PL5,aldjgkhsalad
B07DB7FZ2H,aldjgkhsalad
B0BR2P8YMQ,aldjgkhsalad
B07SNC28N8,aldjgkhsalad
B07ZPD5BTG,aldjgkhsalad
B09PLJTM1D,aldjgkhsalad
B01AUMUNQ8,aldjgkhsalad
B01MDUWZ29,aldjgkhsalad
B0D14RMX6D,aldjgkhsalad
B07T1F6DJR,aldjgkhsalad
B09YTRY1VL,aldjgkhsalad
B07YNK2LCP,aldjgkhsalad
B09QJVS5BQ,aldjgkhsalad
B07G69621P,aldjgkhsalad
B09QHN31CD,aldjgkhsalad
B01N2HX3K1,aldjgkhsalad
B09Q2XTK94,aldjgkhsalad
B09251KBM5,aldjgkhsalad
B09M3QFN78,aldjgkhsalad
B009RK7RTG,aldjgkhsalad
B095PBQG56,aldjgkhsalad
B07SQ74LN6,aldjgkhsalad
B082MBMBT1,aldjgkhsalad
B0DGFS7TM8,aldjgkhsalad
B0C3XX749Q,aldjgkhsalad
B0BYD9VRXR,aldjgkhsalad
B0BB6NZZ3M,aldjgkhsalad
B09NBNXL1G,aldjgkhsalad
B08KFZ5VK5,aldjgkhsalad
B08JFWYXBS,aldjgkhsalad
B08CYDPKZB,aldjgkhsalad
B079D8CB4D,aldjgkhsalad
B074D3Y8WM,aldjgkhsalad
B01D6I4SAU,aldjgkhsalad
B0131RL53Y,aldjgkhsalad
B0D6VNF82M,aldjgkhsalad
B0CSX4J89D,aldjgkhsalad
B0CLYCXWF3,aldjgkhsalad
B0BM4XX5NB,aldjgkhsalad
B09XMT12HL,aldjgkhsalad
B097QGNZR3,aldjgkhsalad
B0BR1GBLLS,aldjgkhsalad
B07H4DDYQ3,aldjgkhsalad
B07PVZ2HGJ,aldjgkhsalad
B07D4QYL1X,aldjgkhsalad
B0CLTLZ6YV,aldjgkhsalad
B0B1543J94,aldjgkhsalad
B00H4GB2N2,aldjgkhsalad
B0C4F6KPPL,aldjgkhsalad
B082KG39Q7,aldjgkhsalad
B07KP23ZL6,aldjgkhsalad
B08SQP64ZD,aldjgkhsalad
B08KXH46DW,aldjgkhsalad
B01DT4SPUU,aldjgkhsalad
B00267SFK2,aldjgkhsalad
B0CH2RMDHV,aldjgkhsalad
B07GQ4S12X,aldjgkhsalad
B074ZDJK91,aldjgkhsalad
B074TTHFD8,aldjgkhsalad
B074MBTDS4,aldjgkhsalad
B007TKIRYK,aldjgkhsalad
B0BN5QLHWL,aldjgkhsalad
B08CHHSQH3,aldjgkhsalad
B0747SHZDB,aldjgkhsalad
B01J40P7Z4,aldjgkhsalad
B00FZ0WO6S,aldjgkhsalad
B0CG98CRGT,aldjgkhsalad
B09FLYD64C,aldjgkhsalad
B098JSSRRD,aldjgkhsalad
B085QHMC7H,aldjgkhsalad
B0CC5ZGJZR,aldjgkhsalad
B0BJQNDRX1,aldjgkhsalad
B09JVQJKDH,aldjgkhsalad
B09G3LRWG2,aldjgkhsalad
B0998PP2T5,aldjgkhsalad
B084PCXV1N,aldjgkhsalad
B07S9SDQVR,aldjgkhsalad
B07KQLXWY8,aldjgkhsalad
B00ALSU132,aldjgkhsalad
B005LA9ZQE,aldjgkhsalad
B005A76NYU,aldjgkhsalad
B0D3TTQJ7F,aldjgkhsalad
B0D3LX2BSH,aldjgkhsalad
B0D1TSFFGG,aldjgkhsalad
B0CR5KY5SY,aldjgkhsalad
B0CH29KCVG,aldjgkhsalad
B09RF9P823,aldjgkhsalad
B0875K5JK1,aldjgkhsalad
B08P394N22,aldjgkhsalad
B085LSX4RX,aldjgkhsalad
B0BZ3VG82Q,aldjgkhsalad
B08X9F94T7,aldjgkhsalad
B00U0OEP2K,aldjgkhsalad
B0B2JTH6W3,aldjgkhsalad
B09B5T7KBH,aldjgkhsalad
B08Y7KHKF2,aldjgkhsalad
B07HJGTNY3,aldjgkhsalad
B06Y5PDF2X,aldjgkhsalad
B07P9PMQ1P,aldjgkhsalad
B09VF7PGTN,aldjgkhsalad
B085BS3C14,aldjgkhsalad
B07G35Z5MK,aldjgkhsalad
B084JT8LR6,aldjgkhsalad
B07Z1SKRNQ,aldjgkhsalad
B07TJ2TQPK,aldjgkhsalad
B07QX8MPTF,aldjgkhsalad
B07FS589Q4,aldjgkhsalad
B06XJTLGVV,aldjgkhsalad
B01NAHHF3W,aldjgkhsalad
B00SATOPP4,aldjgkhsalad
B00MAPUKYY,aldjgkhsalad
B003JOI2XQ,aldjgkhsalad
B000V5LT4U,aldjgkhsalad
B0CGNF91QF,aldjgkhsalad
B0CD23BVNY,aldjgkhsalad
B0C7QYHK5C,aldjgkhsalad
B0C6B5VLPR,aldjgkhsalad
B0C4DL7C8R,aldjgkhsalad
B0C3CZQ4VH,aldjgkhsalad
B0BNN5M9ZC,aldjgkhsalad
B0BKGT6BP7,aldjgkhsalad
B0BHTNKFBB,aldjgkhsalad
B0BCFVYG69,aldjgkhsalad
B09XB811V7,aldjgkhsalad
B09V2SXJMD,aldjgkhsalad
B09P81FTMM,aldjgkhsalad
B09CQBRD3L,aldjgkhsalad
B08XPLFQQJ,aldjgkhsalad
B084ZVGQ3W,aldjgkhsalad
B086JR5CXR,aldjgkhsalad
B00VJRPE0E,aldjgkhsalad
B07HGHWNTM,aldjgkhsalad
B08CXQZV7K,aldjgkhsalad
B00BMTEI06,aldjgkhsalad
B00ZYZSDZU,aldjgkhsalad
B00KDKKD1I,aldjgkhsalad
B00CHJHB22,aldjgkhsalad
B001OKA0AU,aldjgkhsalad
B09B3HWTG2,aldjgkhsalad
B092PYP1GW,aldjgkhsalad
B00N0JIL54,aldjgkhsalad
B088QLBZ3N,aldjgkhsalad
B0856S6DK2,aldjgkhsalad
B0C7KML3B4,aldjgkhsalad
B09YNSTQ68,aldjgkhsalad
B0D5RCY6LB,aldjgkhsalad
B0BPCHR33W,aldjgkhsalad
B074JDYN28,aldjgkhsalad
B0747LT65Q,aldjgkhsalad
B0B3MRX23G,aldjgkhsalad
B07TG9JMJS,aldjgkhsalad
B09WHM23PS,aldjgkhsalad
B09V7SVY8N,aldjgkhsalad
B0B3FXQBJM,aldjgkhsalad
B0B97HXSW6,aldjgkhsalad
B01L04YDU2,aldjgkhsalad
B00T6TBNX4,aldjgkhsalad
B06XZMN4H1,aldjgkhsalad
B0967M5H5J,aldjgkhsalad
B08Z84XJBM,aldjgkhsalad
B0BX7GH721,aldjgkhsalad
B08SHFV6NZ,aldjgkhsalad
B0C68MNBWP,aldjgkhsalad
B0C7MMCYC5,aldjgkhsalad
B07RRJ682X,aldjgkhsalad
B082FRWY5T,aldjgkhsalad
B07DKRRTHS,aldjgkhsalad
B087MY1ZGS,aldjgkhsalad
B000VIWTE6,aldjgkhsalad
B0B21RDC91,aldjgkhsalad
B07Q9JTPCC,aldjgkhsalad
B08Q9FHBG5,aldjgkhsalad
B07T8BTMXC,aldjgkhsalad
B08JTWXHVY,aldjgkhsalad
B08BS1G65K,aldjgkhsalad
B09M14XH7V,aldjgkhsalad
B07X2THJ8J,aldjgkhsalad
B0B55WFDYS,aldjgkhsalad
B0BTPC871R,aldjgkhsalad
B0BWLX3LD5,aldjgkhsalad
B07F6Q7K69,aldjgkhsalad
B0CCL1KLM9,aldjgkhsalad
B0DCFGFGJ9,aldjgkhsalad
B07Z6G6XDK,aldjgkhsalad
B0D12RJ328,aldjgkhsalad
B086MF736T,aldjgkhsalad
B0C2JXR3SY,aldjgkhsalad
B07MH76WNB,aldjgkhsalad
B0BY2G2NCT,aldjgkhsalad
B001JT5CFY,aldjgkhsalad
B0BWHJWQTG,aldjgkhsalad
B0CN8ZY6JV,aldjgkhsalad
B0B8YY6XRP,aldjgkhsalad
B004XM4IO0,aldjgkhsalad
B078Y515JT,aldjgkhsalad
B01KV7SXUU,aldjgkhsalad
B005GEYS94,aldjgkhsalad
B08DCJ5541,aldjgkhsalad
B016AS4K2O,aldjgkhsalad
B08SG9QWTV,aldjgkhsalad
B08VWMCLW1,aldjgkhsalad
B0081V0BRM,aldjgkhsalad
B07DP1P8XP,aldjgkhsalad
B0BGQJHL9G,aldjgkhsalad
B00ZHASGDQ,aldjgkhsalad
B01MXSQOVI,aldjgkhsalad
B0995NM413,aldjgkhsalad
B0BVTV28Z7,aldjgkhsalad
B01AN9DEFK,aldjgkhsalad
B00CE2PTC6,aldjgkhsalad
B0002SR57Q,aldjgkhsalad
B07NVLS582,aldjgkhsalad
B07GNVCRV2,aldjgkhsalad
B07J9SGSC8,aldjgkhsalad
B0979QBWLK,aldjgkhsalad
B0BTSC4RS6,aldjgkhsalad
B0B821PCZ4,aldjgkhsalad
B0BL19YBZ9,aldjgkhsalad
B01L4WHOY2,aldjgkhsalad
B00GSVV1JE,aldjgkhsalad
B09HSK8D6W,aldjgkhsalad
B0893BTNT2,aldjgkhsalad
B082LW5PY9,aldjgkhsalad
B01FU1BHG4,aldjgkhsalad
B088Z1LM68,aldjgkhsalad
B07JW6ZX1W,aldjgkhsalad
B0B34CXMK1,aldjgkhsalad
B000E7YKGE,aldjgkhsalad
B09Y1DRKZS,aldjgkhsalad
B0CCNG7MXS,aldjgkhsalad
B09WPCMGFX,aldjgkhsalad
B08JCD9F59,aldjgkhsalad
B09QKVNGRZ,aldjgkhsalad
B07RM2Z9ZT,aldjgkhsalad
B097HGXDKW,aldjgkhsalad
B01KHLMAPE,aldjgkhsalad
B08XB4YGN2,aldjgkhsalad
B08G1DDD4X,aldjgkhsalad
B08VW9RZ96,aldjgkhsalad
B07W86FK6L,aldjgkhsalad
B07BK3C877,aldjgkhsalad
B09NPVMVSL,aldjgkhsalad
B09HC7G3PH,aldjgkhsalad
B00N1247MG,aldjgkhsalad
B0B259NQR2,aldjgkhsalad
B0771P2ZJR,aldjgkhsalad
B00JWX2XLA,aldjgkhsalad
B0BG25MFJP,aldjgkhsalad
B08SM7YCDX,aldjgkhsalad
B0CJHXR1VV,aldjgkhsalad
B0C9V4614W,aldjgkhsalad
B0B77LLHDZ,aldjgkhsalad
B08ZMCS29J,aldjgkhsalad
B08M3LFPXX,aldjgkhsalad
B07CRMTMVR,aldjgkhsalad
B09QHQH19W,aldjgkhsalad
B09CTNQWFB,aldjgkhsalad
B01CXA42XK,aldjgkhsalad
B0B96NJBF4,aldjgkhsalad
B07B2SGNL3,aldjgkhsalad
B09XGN7L5J,aldjgkhsalad
B01N74XNKQ,aldjgkhsalad
B07SDMNZ92,aldjgkhsalad
B01MCYYSG0,aldjgkhsalad
B09PQMY2JK,aldjgkhsalad
B016MZP7T0,aldjgkhsalad
B0BSP1ZLJG,aldjgkhsalad
B010687NOQ,aldjgkhsalad
B0813QYGC7,aldjgkhsalad
B09SFWFB4K,aldjgkhsalad
B0B71D9WDW,aldjgkhsalad
B07PBWSTS3,aldjgkhsalad
B0BVMSXD3J,aldjgkhsalad
B08XM63F27,aldjgkhsalad
B09SW57NBR,aldjgkhsalad
B07SFXDP12,aldjgkhsalad
B0CTXST113,aldjgkhsalad
B0BB757W4B,aldjgkhsalad
B0B92281HP,aldjgkhsalad
B09YL4JFFR,aldjgkhsalad
B09S3ZFZWY,aldjgkhsalad
B0897M28DK,aldjgkhsalad
B07XT5SB5G,aldjgkhsalad
B078SXWH21,aldjgkhsalad
B0CD2WLSCF,aldjgkhsalad
B0BY7SLSV1,aldjgkhsalad
B07X1LBBTC,aldjgkhsalad
B013LM4RE8,aldjgkhsalad
B00LI7HG9M,aldjgkhsalad
B0CDWCJF61,aldjgkhsalad
B0BZ83KCNN,aldjgkhsalad
B09DKPWTP5,aldjgkhsalad
B09728WL5M,aldjgkhsalad
B08SC4876H,aldjgkhsalad
B08HPV3L73,aldjgkhsalad
B081R88DQC,aldjgkhsalad
B07FXZS6SV,aldjgkhsalad
B00K95TPO8,aldjgkhsalad
B0CFQYSZKB,aldjgkhsalad
B0BXG7MW22,aldjgkhsalad
B0BPY9FFC9,aldjgkhsalad
B0B97PLJT4,aldjgkhsalad
B09W5DMKW2,aldjgkhsalad
B09LS2DMYY,aldjgkhsalad
B096QWHRQK,aldjgkhsalad
B08NPVPNQC,aldjgkhsalad
B08JJD3JZM,aldjgkhsalad
B085NNLTGC,aldjgkhsalad
B07TDH66G7,aldjgkhsalad
B07HM8FRSV,aldjgkhsalad
B076MQP1BW,aldjgkhsalad
B01N6F4NUK,aldjgkhsalad
B00GXKM3FG,aldjgkhsalad
B008I4ZW94,aldjgkhsalad
B0D5LJ5WLK,aldjgkhsalad
B0D2SYHN84,aldjgkhsalad
B0D2SXZC3D,aldjgkhsalad
B0D1K9TJFH,aldjgkhsalad
B0CZ8S12B8,aldjgkhsalad
B0CP9BBZZM,aldjgkhsalad
B0CNKHS6YC,aldjgkhsalad
B0CN93SM8L,aldjgkhsalad
B0CN9216G7,aldjgkhsalad
B0CMXWJYP8,aldjgkhsalad
B0CMX6R9NJ,aldjgkhsalad
B0CJ9SFC28,aldjgkhsalad
B0CDZVC3WZ,aldjgkhsalad
B0CCT5V7MW,aldjgkhsalad
B0CC534BYK,aldjgkhsalad
B0C4V93T5X,aldjgkhsalad
B0BXSXJX96,aldjgkhsalad
B0BVQJBQ65,aldjgkhsalad
B0BT7124TM,aldjgkhsalad
B0BHJG69LD,aldjgkhsalad
B0BGQ4CXTG,aldjgkhsalad
B0BBTCRNY2,aldjgkhsalad
B0B8Z2M3S6,aldjgkhsalad
B08X4SK2Y9,aldjgkhsalad
B08VMRHMLC,aldjgkhsalad
B08QZBD41T,aldjgkhsalad
B08QCJRN2J,aldjgkhsalad
B07V7VM59B,aldjgkhsalad
B07T25F3R9,aldjgkhsalad
B07PLXQSL2,aldjgkhsalad
B07KKBJWD4,aldjgkhsalad
B07HBL29Y4,aldjgkhsalad
B0796JP1Q9,aldjgkhsalad
B0767RX24G,aldjgkhsalad
B06XTS7NTX,aldjgkhsalad
B004YEJINS,aldjgkhsalad
B001730ICY,aldjgkhsalad
B0012QE35O,aldjgkhsalad
B000CEV6OI,aldjgkhsalad
B000KLZ5Z4,aldjgkhsalad
B09375GYJX,aldjgkhsalad
B00OWHGFJM,aldjgkhsalad
B08PFV6XG4,aldjgkhsalad
B087D6521J,aldjgkhsalad
B07Q423YN6,aldjgkhsalad
B09V7HGDS8,aldjgkhsalad
B07XW8V8GQ,aldjgkhsalad
B08XWFQ836,aldjgkhsalad
B07YZ88QY9,aldjgkhsalad
B000A7UQES,aldjgkhsalad
B074ZZ8NSW,aldjgkhsalad
B07L4L1KJS,aldjgkhsalad
B07TW2FYNV,aldjgkhsalad
B09J7WQVVX,aldjgkhsalad
B07J9LL2M8,aldjgkhsalad
B076VSB4JP,aldjgkhsalad
B0BYNR7VTK,aldjgkhsalad
B0C2KH2FY3,aldjgkhsalad
B09WD594WT,aldjgkhsalad
B086JKRSW1,aldjgkhsalad
B0046CERZ2,aldjgkhsalad
B07SRW9L73,aldjgkhsalad
B00NP9O77U,aldjgkhsalad
B000TYTS3C,aldjgkhsalad
B075NT5P1V,aldjgkhsalad
B0BBJCQCC5,aldjgkhsalad
B08GPNM4BV,aldjgkhsalad
B06Y43969C,aldjgkhsalad
B0C5HY7FZ9,aldjgkhsalad
B085ZK46YW,aldjgkhsalad
B09GKG631X,aldjgkhsalad
B0CCL1NZW3,aldjgkhsalad
B0CFGRPQZV,aldjgkhsalad
B08D6YYHYR,aldjgkhsalad
B001G0YLXA,aldjgkhsalad
B00004XSC5,aldjgkhsalad
B0CC8LTC95,aldjgkhsalad
B01I0KCRKC,aldjgkhsalad
B094XZZ4ZP,aldjgkhsalad
B009BZLE3C,aldjgkhsalad
B07TXY18M3,aldjgkhsalad
B07K88YB2L,aldjgkhsalad
B01MD1O4WJ,aldjgkhsalad
B002BUL5CY,aldjgkhsalad
B016MW5QB2,aldjgkhsalad
B074GMCGZX,aldjgkhsalad
B0CGP3519L,aldjgkhsalad
B0B82P65NJ,aldjgkhsalad
B0B7SFVNKT,aldjgkhsalad
B0B386B7JK,aldjgkhsalad
B0B1ZKMZGT,aldjgkhsalad
B0B12S9XWM,aldjgkhsalad
B09Q62B8DL,aldjgkhsalad
B09MRXVP84,aldjgkhsalad
B09M3PTFFQ,aldjgkhsalad
B09GYBQDSM,aldjgkhsalad
B09BYNNW4X,aldjgkhsalad
B097Z42JFR,aldjgkhsalad
B0972N9336,aldjgkhsalad
B0961BKYPZ,aldjgkhsalad
B093WLF1HN,aldjgkhsalad
B0923Z9R47,aldjgkhsalad
B08Y5MXW58,aldjgkhsalad
B09Q13K3GK,aldjgkhsalad
B0C6QCTSDF,aldjgkhsalad
B0D3F9PNN7,aldjgkhsalad
B09YQ1JP74,aldjgkhsalad
B004071SZA,aldjgkhsalad
B08ZK727WQ,aldjgkhsalad
B09ZNS9JZ9,aldjgkhsalad
B07PDKWFRM,aldjgkhsalad
B0869BG7S8,aldjgkhsalad
B07GJWCYWJ,aldjgkhsalad
B08SGQBRLY,aldjgkhsalad
B07482BF7Y,aldjgkhsalad
B09F8PMJ5F,aldjgkhsalad
B09Q6BB18Y,aldjgkhsalad
B00CII47PQ,aldjgkhsalad
B07TFF2XVL,aldjgkhsalad
B07GZ9BXTG,aldjgkhsalad
B0C63XQXJT,aldjgkhsalad
B09PYLD3GV,aldjgkhsalad
B0CJQS719D,aldjgkhsalad
B00PBF7I2W,aldjgkhsalad
B097DC5T1C,aldjgkhsalad
B095W6WXH7,aldjgkhsalad
B088H9PHXM,aldjgkhsalad
B0BTGTWRHJ,aldjgkhsalad
B08HGV68H3,aldjgkhsalad
B0B55Y5SM6,aldjgkhsalad
B07XDLJPY2,aldjgkhsalad
B0C47J1MS9,aldjgkhsalad
B00A6GIPZA,aldjgkhsalad
B06XVZ28LV,aldjgkhsalad
B019U61J6I,aldjgkhsalad
B081PRXRC9,aldjgkhsalad
B08D815LF2,aldjgkhsalad
B07YMVG61T,aldjgkhsalad
B06XTBCPDW,aldjgkhsalad
B0CLGWHN9T,aldjgkhsalad
B0BKZJ182L,aldjgkhsalad
B08GPHW428,aldjgkhsalad
B0876YSXWT,aldjgkhsalad
B0842BBJRV,aldjgkhsalad
B0049ENIWK,aldjgkhsalad
B0BQBYGDY8,aldjgkhsalad
B0BLH6BFBR,aldjgkhsalad
B09YC5ZMH1,aldjgkhsalad
B08DD6WNB2,aldjgkhsalad
B08CTTLQG3,aldjgkhsalad
B086PJP38H,aldjgkhsalad
B09LC1DL38,aldjgkhsalad
B08QYZV111,aldjgkhsalad
B08Q8R5RZC,aldjgkhsalad
B08791ZT7J,aldjgkhsalad
B083QNWRWP,aldjgkhsalad
B07WNZ8JL2,aldjgkhsalad
B07H37LF5Q,aldjgkhsalad
B079TMWDMV,aldjgkhsalad
B078S3SNPK,aldjgkhsalad
B01IRNN6A2,aldjgkhsalad
B0170ZUFCU,aldjgkhsalad
B00WNE9LZQ,aldjgkhsalad
B00TDMA16E,aldjgkhsalad
B003ZZS4V4,aldjgkhsalad
B0D9W5B5JZ,aldjgkhsalad
B0D5YK97F9,aldjgkhsalad
B08PBGVQDQ,aldjgkhsalad
B00004R90X,aldjgkhsalad
B095LH58DP,aldjgkhsalad
B07JYJCK9G,aldjgkhsalad
B01N0TGKJ9,aldjgkhsalad
B01KXGG70M,aldjgkhsalad
B0BRSF22W3,aldjgkhsalad
B001QUZG66,aldjgkhsalad
B01HDUTJC4,aldjgkhsalad
B09M8MNCTD,aldjgkhsalad
B09H3FM5MF,aldjgkhsalad
B0C5XDZB3C,aldjgkhsalad
B09MPVGX53,aldjgkhsalad
B0CDBXWR3L,aldjgkhsalad
B0B3BRYB93,aldjgkhsalad
B08CZ7WWDD,aldjgkhsalad
B073G6ZHC6,aldjgkhsalad
B01MRH28ZS,aldjgkhsalad
B007OWPWOG,aldjgkhsalad
B0C7L1FJTK,aldjgkhsalad
B09FFSYWK1,aldjgkhsalad
B08DNDGH2Y,aldjgkhsalad
B07Q1C556S,aldjgkhsalad
B07J569FGY,aldjgkhsalad
B0758W9SV6,aldjgkhsalad
B01HUBIEWC,aldjgkhsalad
B00NEV41I4,aldjgkhsalad
B00CSVAEVE,aldjgkhsalad
B0CY8HPF48,aldjgkhsalad
B0C6LT7GQG,aldjgkhsalad
B0BXFHZCYV,aldjgkhsalad
B09YN9JS1Y,aldjgkhsalad
B0B9RG33ST,aldjgkhsalad
B0B9BVHBWB,aldjgkhsalad
B0B26WNM89,aldjgkhsalad
B09T5RTQZZ,aldjgkhsalad
B09T2FG6GM,aldjgkhsalad
B09M9G9NXV,aldjgkhsalad
B09H42FGHB,aldjgkhsalad
B09FXMCBZV,aldjgkhsalad
B098QMTJTG,aldjgkhsalad
B08Z38PZ1K,aldjgkhsalad
B08XTXSDZX,aldjgkhsalad
B08WX4H2BD,aldjgkhsalad
B08T21BSDQ,aldjgkhsalad
B07WG1DG65,aldjgkhsalad
B07QKR528N,aldjgkhsalad
B07PD17H2R,aldjgkhsalad
B07NY3GCCW,aldjgkhsalad
B07NJ8TQCP,aldjgkhsalad
B07GTGM5LD,aldjgkhsalad
B077GHTH23,aldjgkhsalad
B0747V7K6R,aldjgkhsalad
B073Z7RK9B,aldjgkhsalad
B01N2RSVOV,aldjgkhsalad
B01F7Q5VIM,aldjgkhsalad
B01A7VE4OE,aldjgkhsalad
B00Q346PO2,aldjgkhsalad
B00MFT9PIW,aldjgkhsalad
B00KCQZETE,aldjgkhsalad
B000BO4XK8,aldjgkhsalad
B0CZ9GB69D,aldjgkhsalad
B0CZ6XKGGL,aldjgkhsalad
B0CYT3NF39,aldjgkhsalad
B0CYC2BG9W,aldjgkhsalad
B0CW3HWDPJ,aldjgkhsalad
B0CTJ2W8TT,aldjgkhsalad
B0CS9ZD92Z,aldjgkhsalad
B0CS98H5Y1,aldjgkhsalad
B0CS31T6WR,aldjgkhsalad
B0CQXK1V6X,aldjgkhsalad
B0CKKR96C7,aldjgkhsalad
B0CHMHNK6K,aldjgkhsalad
B0CCV3P3N9,aldjgkhsalad
B0C2PZSPDF,aldjgkhsalad
B0C131NWNW,aldjgkhsalad
B0BN5RWZ96,aldjgkhsalad
B085F2HVXS,aldjgkhsalad
B0186D7Q54,aldjgkhsalad
B0BBB5QRRF,aldjgkhsalad
B01N1OQGTC,aldjgkhsalad
B07D9WND3B,aldjgkhsalad
B0CD7M1ZVX,aldjgkhsalad
B0B2VJY3T7,aldjgkhsalad
B07DHXQPC2,aldjgkhsalad
B09L186FF8,aldjgkhsalad
B004UMG3HI,aldjgkhsalad
B0CQL84SXH,aldjgkhsalad
B079ZRR9VC,aldjgkhsalad
B07C2ZYFSJ,aldjgkhsalad
B004UMG3GY,aldjgkhsalad
B0BD8KJ7KH,aldjgkhsalad
B07DZQZ28Y,aldjgkhsalad
B0894SLZ9F,aldjgkhsalad
B09FFSY5C1,aldjgkhsalad
B074JJ4H1W,aldjgkhsalad
B01MTYBIMW,aldjgkhsalad
B076ZQC3VW,aldjgkhsalad
B0CZ6WTRVH,aldjgkhsalad
B017L40LNS,aldjgkhsalad
B07MXRSRY9,aldjgkhsalad
B0015MNJS2,aldjgkhsalad
B0BNN7G3N6,aldjgkhsalad
B0053D5N7O,aldjgkhsalad
B000F5NRBE,aldjgkhsalad
B09L8658TD,aldjgkhsalad
B09D77MK17,aldjgkhsalad
B09BSZJ1WV,aldjgkhsalad
B003L83FO6,aldjgkhsalad
B07YC9JCBC,aldjgkhsalad
B07DYXCWLL,aldjgkhsalad
B00NQZAEN4,aldjgkhsalad
B00ACIG2XE,aldjgkhsalad
B004XDMLAW,aldjgkhsalad
B0CCHYJCKP,aldjgkhsalad
B000KU934E,aldjgkhsalad
B0C7BXCPL2,aldjgkhsalad
B07K3S836H,aldjgkhsalad
B08LYZ16NB,aldjgkhsalad
B07BH224HY,aldjgkhsalad
B08FZX5G84,aldjgkhsalad
B07V6CHSNV,aldjgkhsalad
B083CD7661,aldjgkhsalad
B0CBKZWKSN,aldjgkhsalad
B0819V2Z93,aldjgkhsalad
B07CLYH6ZX,aldjgkhsalad
B0D6VDZMJ2,aldjgkhsalad
B009S98B8W,aldjgkhsalad
B0CZ93X25F,aldjgkhsalad
B0D4LWR3Q2,aldjgkhsalad
B0CYH5HRRX,aldjgkhsalad
B08Q3LSN38,aldjgkhsalad
B0CP8VQ5BH,aldjgkhsalad
B008RRXC7Q,aldjgkhsalad
B0BQCHH11V,aldjgkhsalad
B0186E545C,aldjgkhsalad
B0B9LDMZG2,aldjgkhsalad
B083KJYJDF,aldjgkhsalad
B09K7K1GH1,aldjgkhsalad
B0B8Z8Q4TH,aldjgkhsalad
B09F64NKC6,aldjgkhsalad
B088PQTYJT,aldjgkhsalad
B00X218WMM,aldjgkhsalad
B09B7QQP3T,aldjgkhsalad
B0BRYNX492,aldjgkhsalad
B09Y5Q1JHF,aldjgkhsalad
B07Q34F4RL,aldjgkhsalad
B07SRTXD5Y,aldjgkhsalad
B09PBBVV6Q,aldjgkhsalad
B08HCSZ143,aldjgkhsalad
B08BTL536G,aldjgkhsalad
B0C6J56VYW,aldjgkhsalad
B07MDYKVWS,aldjgkhsalad
B0D5QNJW3H,aldjgkhsalad
B08GP5ZMFH,aldjgkhsalad
B000TTDDWE,aldjgkhsalad
B0BKPJTY7W,aldjgkhsalad
B096F5DM4H,aldjgkhsalad
B091YJDNL1,aldjgkhsalad
B07KBQCJBX,aldjgkhsalad
B08LKSV9KK,aldjgkhsalad
B0895CS96S,aldjgkhsalad
B08JTC68VK,aldjgkhsalad
B01LYNWORP,aldjgkhsalad
B08B7SMYM3,aldjgkhsalad
B001GPUSIW,aldjgkhsalad
B07TZG53HV,aldjgkhsalad
B08ZCNNG8T,aldjgkhsalad
B07MCH8P29,aldjgkhsalad
B07L71BL2C,aldjgkhsalad
B0774G3THV,aldjgkhsalad
B09STP5GLY,aldjgkhsalad
B073NPB8W8,aldjgkhsalad
B089ZNXB47,aldjgkhsalad
B07YKHVH61,aldjgkhsalad
B07CQHXVP3,aldjgkhsalad
B08Z2Y84MT,aldjgkhsalad
B08T62WFZ1,aldjgkhsalad
B07PWN67G9,aldjgkhsalad
B091F2QV4L,aldjgkhsalad
B083PVR9KF,aldjgkhsalad
B07Y4VPGPF,aldjgkhsalad
B07MQRF528,aldjgkhsalad
B07B4J1QFF,aldjgkhsalad
B00PUQS5DI,aldjgkhsalad
B00UDRL29I,aldjgkhsalad
B0CNN9YMR6,aldjgkhsalad
B08RM29Q5J,aldjgkhsalad
B08D1TYQ9P,aldjgkhsalad
B0BDLKJ7R3,aldjgkhsalad
B09T5Q9M5G,aldjgkhsalad
B099PHN3VM,aldjgkhsalad
B085FS5NVY,aldjgkhsalad
B07VRS7KJT,aldjgkhsalad
B07Q4R4R45,aldjgkhsalad
B07N1DM999,aldjgkhsalad
B07B4LNT7C,aldjgkhsalad
B01NBK95IR,aldjgkhsalad
B0CYSMZZZP,aldjgkhsalad
B0BXNK1TF2,aldjgkhsalad
B0BV6QNNFP,aldjgkhsalad
B0BTRTJW97,aldjgkhsalad
B0BLKK9MMD,aldjgkhsalad
B0BK2HH9S6,aldjgkhsalad
B0B9KZQL8R,aldjgkhsalad
B08BHK4PPW,aldjgkhsalad
B083WNNTJP,aldjgkhsalad
B07V5CRLR1,aldjgkhsalad
B06XD2KK9N,aldjgkhsalad
B01MXCV9V4,aldjgkhsalad
B00TD8FFR8,aldjgkhsalad
B0007VTDNW,aldjgkhsalad
B0D7PYCXHY,aldjgkhsalad
B0CDL684P2,aldjgkhsalad
B0C7HM6W5P,aldjgkhsalad
B0B5XC37Y1,aldjgkhsalad
B09J4P3L3Q,aldjgkhsalad
B08FHT8YN7,aldjgkhsalad
B083BJT15K,aldjgkhsalad
B07Y7XM7G2,aldjgkhsalad
B07Q5WLSVJ,aldjgkhsalad
B07CJRYXXG,aldjgkhsalad
B071LML552,aldjgkhsalad
B00FXJXWC6,aldjgkhsalad
B0DCY5P1V3,aldjgkhsalad
B0DCW3ZM8D,aldjgkhsalad
B0D6RY19YR,aldjgkhsalad
B0CZH28L9D,aldjgkhsalad
B0CY1QCJYF,aldjgkhsalad
B0CW8WH6L9,aldjgkhsalad
B0CS326FDC,aldjgkhsalad
B0CQPPWLB9,aldjgkhsalad
B0CNG8Z4XW,aldjgkhsalad
B0CJRJLX8M,aldjgkhsalad
B0CD264MYR,aldjgkhsalad
B0CB8MWSGN,aldjgkhsalad
B0C9QN8RCR,aldjgkhsalad
B0C95KJ4GG,aldjgkhsalad
B0C8NDJVNH,aldjgkhsalad
B0C6KBK55T,aldjgkhsalad
B0C61J2L2Q,aldjgkhsalad
B0C55F82GX,aldjgkhsalad
B0C3QWNYG6,aldjgkhsalad
B0C1N9SL65,aldjgkhsalad
B0BVYM711L,aldjgkhsalad
B0BTCNCR9G,aldjgkhsalad
B0BR86X5S1,aldjgkhsalad
B0BQQP6G8H,aldjgkhsalad
B0BP1W4S39,aldjgkhsalad
B0BM3P5KFV,aldjgkhsalad
B0BKP3FZ72,aldjgkhsalad
B0BJ8FMLC6,aldjgkhsalad
B0BCXC81TW,aldjgkhsalad
B07XSMJFHW,aldjgkhsalad
B07VKV48F7,aldjgkhsalad
B07V4MXCNP,aldjgkhsalad
B07FCL6M9X,aldjgkhsalad
B077MF6SSN,aldjgkhsalad
B06XWJJ1M7,aldjgkhsalad
B01N4K41BK,aldjgkhsalad
B018ILP8AE,aldjgkhsalad
B015IJBOAM,aldjgkhsalad
B00UEV3GEM,aldjgkhsalad
B00SHSVWLS,aldjgkhsalad
B00QEMSB18,aldjgkhsalad
B00KXAQZWY,aldjgkhsalad
B00FBLYDMO,aldjgkhsalad
B00893OQIM,aldjgkhsalad
B0067OHUS8,aldjgkhsalad
B07TGK2RDK,aldjgkhsalad
B074HNBXWT,aldjgkhsalad
B00BITPVNI,aldjgkhsalad
B0C3R31RJV,aldjgkhsalad
B071NJWMCD,aldjgkhsalad
B0C39LTXJ9,aldjgkhsalad
B0BGXF9KR9,aldjgkhsalad
B07DPX1FD9,aldjgkhsalad
B08LH5NWKF,aldjgkhsalad
B00V2M9BQO,aldjgkhsalad
B0C77J36T3,aldjgkhsalad
B08YMMFC6K,aldjgkhsalad
B08BTQ116N,aldjgkhsalad
B07T7ZMGL2,aldjgkhsalad
B07DKWKJKR,aldjgkhsalad
B00WQB2CBG,aldjgkhsalad
B09Q3D2BFT,aldjgkhsalad
B078PTRXDR,aldjgkhsalad
B093XML67B,aldjgkhsalad
B09GCJW7DV,aldjgkhsalad
B09SBWS6W1,aldjgkhsalad
B091J53NS3,aldjgkhsalad
B08HGZ59NH,aldjgkhsalad
B0CNXWMKTX,aldjgkhsalad
B0BNT4JLYG,aldjgkhsalad
B0CNNXZHV2,aldjgkhsalad
B0BG6ZRYMC,aldjgkhsalad
B0CRL3RV58,aldjgkhsalad
B09BYYNYRZ,aldjgkhsalad
B0BBR3264V,aldjgkhsalad
B073PM5CWW,aldjgkhsalad
B08W24PYQS,aldjgkhsalad
B08Z8L4PK2,aldjgkhsalad
B07YC9QR81,aldjgkhsalad
B014269XKA,aldjgkhsalad
B0C9PCKTHG,aldjgkhsalad
B071KF6791,aldjgkhsalad
B07XSJC6BN,aldjgkhsalad
B0C5J26X9T,aldjgkhsalad
B00MLS3PWO,aldjgkhsalad
B08JD8NZ9Q,aldjgkhsalad
B07FK5JM8S,aldjgkhsalad
B073Q37VKL,aldjgkhsalad
B08YX68WJD,aldjgkhsalad
B0B7B927FQ,aldjgkhsalad
B086YJ91NS,aldjgkhsalad
B0B5229KQ5,aldjgkhsalad
B08P8MQ8CR,aldjgkhsalad
B0B94HNL5J,aldjgkhsalad
B0B4JDX6ZY,aldjgkhsalad
B0B49SRVM4,aldjgkhsalad
B0B12HNLLY,aldjgkhsalad
B09YH84X86,aldjgkhsalad
B09VX1GPQL,aldjgkhsalad
B09NSFL6XZ,aldjgkhsalad
B09CYSH8YT,aldjgkhsalad
B09974JKLS,aldjgkhsalad
B098NBDJG9,aldjgkhsalad
B094VPGT5Y,aldjgkhsalad
B08Y7SDZS5,aldjgkhsalad
B08MF5MXQL,aldjgkhsalad
B08F3CVD4V,aldjgkhsalad
B089H262DL,aldjgkhsalad
B088G118Z9,aldjgkhsalad
B0B572S35G,aldjgkhsalad
B081DCM6JH,aldjgkhsalad
B087BP9V2F,aldjgkhsalad
B01I1NRMA8,aldjgkhsalad
B07ZJVRVNH,aldjgkhsalad
B015FENW6E,aldjgkhsalad
B0785VKZK6,aldjgkhsalad
B07TJ6TJ7M,aldjgkhsalad
B0DHYLHQDJ,aldjgkhsalad
B0BK4NHK91,aldjgkhsalad
B07QD2SHNX,aldjgkhsalad
B0D4VCPHP5,aldjgkhsalad
B0837L9VMZ,aldjgkhsalad
B08R983PT1,aldjgkhsalad
B0CGVVYTDY,aldjgkhsalad
B08WZB3WD1,aldjgkhsalad
B09ND5B3Z3,aldjgkhsalad
B07L69DMGQ,aldjgkhsalad
B095MVQPXD,aldjgkhsalad
B077G8X8F4,aldjgkhsalad
B07B8DZHQH,aldjgkhsalad
B017MBUXGK,aldjgkhsalad
B0164FBAUI,aldjgkhsalad
B008LOBJFM,aldjgkhsalad
B01CKDXBBE,aldjgkhsalad
B07PSGG7Y7,aldjgkhsalad
B08RN5PSR8,aldjgkhsalad
B07HFTZH7F,aldjgkhsalad
B07KCQ7D5H,aldjgkhsalad
B0C68TM571,aldjgkhsalad
B07X3G7GTL,aldjgkhsalad
B00HHMPJ64,aldjgkhsalad
B08BYCNTPC,aldjgkhsalad
B08Y5SJNY5,aldjgkhsalad
B0BW31G2F6,aldjgkhsalad
B08R8K6T7F,aldjgkhsalad
B01MY84RCG,aldjgkhsalad
B0B3MRWSTL,aldjgkhsalad
B08SM7CJ2H,aldjgkhsalad
B087BMVRSW,aldjgkhsalad
B07JH1SWB7,aldjgkhsalad
B07GZ4XBN8,aldjgkhsalad
B00MMT8XH4,aldjgkhsalad
B0BM8V751D,aldjgkhsalad
B08GYL2YJ4,aldjgkhsalad
B09DXYHNC1,aldjgkhsalad
B07BMYN763,aldjgkhsalad
B08FC61V6L,aldjgkhsalad
B0C1R99PG2,aldjgkhsalad
B0BQGSNPM8,aldjgkhsalad
B08CT43CRN,aldjgkhsalad
B08C31HB2M,aldjgkhsalad
B076ZZ1FGP,aldjgkhsalad
B0BBFXD7RT,aldjgkhsalad
B09R3YGCR2,aldjgkhsalad
B09FF3LZSW,aldjgkhsalad
B07TTG8N81,aldjgkhsalad
B07K5CMVFM,aldjgkhsalad
B06XY8W3LX,aldjgkhsalad
B014QZEYEW,aldjgkhsalad
B00IGD6ALG,aldjgkhsalad
B00D6LSFE8,aldjgkhsalad
B00A0J4RS2,aldjgkhsalad
B000CIBVP8,aldjgkhsalad
B0843NC2LS,aldjgkhsalad
B0047D71DA,aldjgkhsalad
B0B3CL7GGQ,aldjgkhsalad
B0765D7QYF,aldjgkhsalad
B0BV5PV9SG,aldjgkhsalad
B002NNK6OW,aldjgkhsalad
B07215XFYF,aldjgkhsalad
B07K82KDRC,aldjgkhsalad
B08LP2LPJ4,aldjgkhsalad
B0D19CZ3JF,aldjgkhsalad
B08LB3ZZVK,aldjgkhsalad
B089W2CZRS,aldjgkhsalad
B01N7FR2OR,aldjgkhsalad
B01FCT54GS,aldjgkhsalad
B07V48Y8MP,aldjgkhsalad
B003YKGS4A,aldjgkhsalad
B07VVMHM24,aldjgkhsalad
B077Q2HYMW,aldjgkhsalad
B0B7LRLTC5,aldjgkhsalad
B08LN2WPCV,aldjgkhsalad
B07C7X2H37,aldjgkhsalad
B00BL4CJ94,aldjgkhsalad
B0D6QRFPJY,aldjgkhsalad
B097Z7QBN5,aldjgkhsalad
B08LNXHT6J,aldjgkhsalad
B07K1X2XKC,aldjgkhsalad
B0CFL798LX,aldjgkhsalad
B07MFJBH8J,aldjgkhsalad
B07XGL2Z26,aldjgkhsalad
B077KDW8DF,aldjgkhsalad
B00RM0VSN4,aldjgkhsalad
B00C4TSBC4,aldjgkhsalad
B0BDGNWR11,aldjgkhsalad
B0B8HLMFNW,aldjgkhsalad
B09JRPB423,aldjgkhsalad
B08DD4NQXR,aldjgkhsalad
B088DVC2QV,aldjgkhsalad
B07JN3CH5J,aldjgkhsalad
B07JJ65RZ3,aldjgkhsalad
B0D3YTBDB1,aldjgkhsalad
B0C771XZHJ,aldjgkhsalad
B08T6M85VX,aldjgkhsalad
B08QCW216Y,aldjgkhsalad
B087CLDP64,aldjgkhsalad
B085MZNZQ7,aldjgkhsalad
B081HML7KF,aldjgkhsalad
B00YYXTCDA,aldjgkhsalad
B00T8U6DJU,aldjgkhsalad
B0BY2W34W8,aldjgkhsalad
B003WHP9FE,aldjgkhsalad
B0BXX5S7HB,aldjgkhsalad
B0BFGLR6LB,aldjgkhsalad
B09GVPC9TJ,aldjgkhsalad
B000X2A05A,aldjgkhsalad
B0D8TRZSQY,aldjgkhsalad
B0BKZQF15S,aldjgkhsalad
B0BGMBRFBX,aldjgkhsalad
B08QRVMVQ8,aldjgkhsalad
B08K75MT1H,aldjgkhsalad
B085WLLPKW,aldjgkhsalad
B07TVJB7QN,aldjgkhsalad
B074XK5SW5,aldjgkhsalad
B073RQYNKP,aldjgkhsalad
B014C108H2,aldjgkhsalad
B00X22YABS,aldjgkhsalad
B00M23TYBO,aldjgkhsalad
B0CQ3LJ318,aldjgkhsalad
B0BZVNLWK2,aldjgkhsalad
B0BHGT9N2M,aldjgkhsalad
B0B68VW89Y,aldjgkhsalad
B09HX4R246,aldjgkhsalad
B0994G2F56,aldjgkhsalad
B00CD710NE,aldjgkhsalad
B007GQHF2M,aldjgkhsalad
B0D1XHNPFX,aldjgkhsalad
B0D1C7XHP2,aldjgkhsalad
B0CRL2FWLH,aldjgkhsalad
B0CMQ1F2QN,aldjgkhsalad
B0CLGNKGQC,aldjgkhsalad
B0CK14GM3T,aldjgkhsalad
B09TVNG77K,aldjgkhsalad
B09DYCGZHT,aldjgkhsalad
B099JFNMSS,aldjgkhsalad
B093V2DSGX,aldjgkhsalad
B093KQK8R1,aldjgkhsalad
B09373S1C7,aldjgkhsalad
B08BJTL8F3,aldjgkhsalad
B0896QGV3T,aldjgkhsalad
B085H3LF4V,aldjgkhsalad
B07VPG511B,aldjgkhsalad
B07FCCC2Q6,aldjgkhsalad
B07C34ZV93,aldjgkhsalad
B07BGS8KJ1,aldjgkhsalad
B078V11CRZ,aldjgkhsalad
B078G6VS98,aldjgkhsalad
B0781VST49,aldjgkhsalad
B0CHDHGNVL,aldjgkhsalad
B0CFXYKVDC,aldjgkhsalad
B0C9R396NH,aldjgkhsalad
B0C6949TFB,aldjgkhsalad
B0C4L322QJ,aldjgkhsalad
B0C3BCBWB4,aldjgkhsalad
B0BZYJJ3HH,aldjgkhsalad
B0BXSBS8J7,aldjgkhsalad
B0BXKQKQLS,aldjgkhsalad
B0BG2HB4KG,aldjgkhsalad
B0BG1KH824,aldjgkhsalad
B0BFRS6QLF,aldjgkhsalad
B0B3BRN8RN,aldjgkhsalad
B09Y1T4H7C,aldjgkhsalad
B09XWQM7YT,aldjgkhsalad
B09W7X2Z2V,aldjgkhsalad
B00TJSYQW2,aldjgkhsalad
B09MRKBZ3J,aldjgkhsalad
B088DCWSV7,aldjgkhsalad
B00KFP9XM6,aldjgkhsalad
B09M74NCXV,aldjgkhsalad
B0BNL8Z6S9,aldjgkhsalad
B0CN4WR826,aldjgkhsalad
B07K914G41,aldjgkhsalad
B087F1N9GG,aldjgkhsalad
B08MXT7NLW,aldjgkhsalad
B07XNC82H7,aldjgkhsalad
B079ZPHN29,aldjgkhsalad
B01MZ1XET2,aldjgkhsalad
B09XK9258Y,aldjgkhsalad
B09FZ8LBYC,aldjgkhsalad
B08G8CDB49,aldjgkhsalad
B0BP1WQS7K,aldjgkhsalad
B07KNYKW6L,aldjgkhsalad
B07DZQX5VM,aldjgkhsalad
B09N7V3GCQ,aldjgkhsalad
B074N7R2LQ,aldjgkhsalad
B0CNKFMV53,aldjgkhsalad
B09NW92T8Q,aldjgkhsalad
B0D3LQHZ6C,aldjgkhsalad
B07XRZ7HP6,aldjgkhsalad
B071D4CH4B,aldjgkhsalad
B0D3JM7FKJ,aldjgkhsalad
B08KD8879D,aldjgkhsalad
B019HVTUGM,aldjgkhsalad
B0CLHBLZBQ,aldjgkhsalad
B07WS3T2YS,aldjgkhsalad
B0CJRXHK6H,aldjgkhsalad
B0CHK5LHHW,aldjgkhsalad
