item,source
B0B2DL9QQK,qwrtetyry
B09LVF24NG,qwrtetyry
B08YQH39Y5,qwrtetyry
B0CJC2TY1B,qwrtetyry
B09J13M11N,qwrtetyry
B096S42FY4,qwrtetyry
B079NMJN1T,qwrtetyry
B0DLWJL593,qwrtetyry
B0DK2T3WD7,qwrtetyry
B0DJ25GBPR,qwrtetyry
B0DHGCK67W,qwrtetyry
B0DDX398FC,qwrtetyry
B0D9613Q3Y,qwrtetyry
B0D7PYZZK4,qwrtetyry
B0D5LCD92M,qwrtetyry
B0D4ZD3815,qwrtetyry
B0D3PR6ZLP,qwrtetyry
B0D3PJ25V7,qwrtetyry
B0D3735MTD,qwrtetyry
B0D1FNTLBT,qwrtetyry
B0D18Z3837,qwrtetyry
B0D17KD7HQ,qwrtetyry
B0D17C9Y34,qwrtetyry
B09W23RMK8,qwrtetyry
B000Z8GJMK,qwrtetyry
B00LGYWUBQ,qwrtetyry
B0C14DZ711,qwrtetyry
B0BRKGW7VM,qwrtetyry
B07FKGDKV7,qwrtetyry
B0CF1WQ8J3,qwrtetyry
B074TDNY7L,qwrtetyry
B0CCXKMFSM,qwrtetyry
B0C3CZ5N8C,qwrtetyry
B083NPYJQW,qwrtetyry
B07JDRLHQ6,qwrtetyry
B0784DDXMC,qwrtetyry
B0CXTLDJGS,qwrtetyry
B0BN1BT7GG,qwrtetyry
B09QM6QZ6F,qwrtetyry
B0B5MGTLTG,qwrtetyry
B0B3HSYGHH,qwrtetyry
B01E1KFGZS,qwrtetyry
B09GFJ1RGY,qwrtetyry
B07R324PXP,qwrtetyry
B09FXFP48Z,qwrtetyry
B07XT4RKNP,qwrtetyry
B0843XC4QX,qwrtetyry
B0B8HJZSJY,qwrtetyry
B079LZNJ1T,qwrtetyry
B07GNLNJ61,qwrtetyry
B014WDGNJM,qwrtetyry
B0B5KPCVY1,qwrtetyry
B011B8WSUE,qwrtetyry
B07G83V9G7,qwrtetyry
B0BB66B6X2,qwrtetyry
B00O5NEWQG,qwrtetyry
B0CQC37MPS,qwrtetyry
B08B1G6D65,qwrtetyry
B09PYB4ZNQ,qwrtetyry
B0BV9TY7L1,qwrtetyry
B0002H3364,qwrtetyry
B08BL4QM8F,qwrtetyry
B08C36FKPR,qwrtetyry
B001VKYAC2,qwrtetyry
B07GPRY62L,qwrtetyry
B07Q3J8YMR,qwrtetyry
B08CKLGGMB,qwrtetyry
B0BWDLKXCJ,qwrtetyry
B08Q7PP7B4,qwrtetyry
B098L5CJH4,qwrtetyry
B0979MNXY3,qwrtetyry
B0B2D56X9W,qwrtetyry
B09Y91SLKP,qwrtetyry
B09KRL7BM2,qwrtetyry
B096FNV2JQ,qwrtetyry
B0966MSS6Q,qwrtetyry
B091J1R644,qwrtetyry
B0916FTCK4,qwrtetyry
B08BG2BQB8,qwrtetyry
B0899YN86Y,qwrtetyry
B087CSFL68,qwrtetyry
B085VW269C,qwrtetyry
B085MZX5NC,qwrtetyry
B07VDM5PMC,qwrtetyry
B07GZ39HRK,qwrtetyry
B01N4RKCZE,qwrtetyry
B0DPQJKGGF,qwrtetyry
B0DL2X3KT8,qwrtetyry
B0DKHRBZKX,qwrtetyry
B0DKDT9WW5,qwrtetyry
B0DJVYYHNT,qwrtetyry
B0DJ79LWHP,qwrtetyry
B0DJ75SK4T,qwrtetyry
B0DJ6R7P48,qwrtetyry
B0DHKKVBFH,qwrtetyry
B0DD3D7ZL1,qwrtetyry
B0DCZL45WY,qwrtetyry
B0DBHSTZZ9,qwrtetyry
B0DB276TC4,qwrtetyry
B0D96665FY,qwrtetyry
B0D896TY4M,qwrtetyry
B0D86WCV4W,qwrtetyry
B0D5FS6RLT,qwrtetyry
B09NM1PPVM,qwrtetyry
B09LLY9HV1,qwrtetyry
B094J3GY48,qwrtetyry
B07RK3KY9C,qwrtetyry
B009L28VTA,qwrtetyry
B000PY6OJM,qwrtetyry
B0D184VBBK,qwrtetyry
B0CTK5CC9L,qwrtetyry
B0CKP1MBFG,qwrtetyry
B0CD8BB8YT,qwrtetyry
B0CCRGF6HQ,qwrtetyry
B0C4P62H16,qwrtetyry
B0BKPCPW3V,qwrtetyry
B0B76SK74N,qwrtetyry
B0B4KDSZMT,qwrtetyry
B0B49MH25B,qwrtetyry
B0D53STCC5,qwrtetyry
B0D3PVS8ZH,qwrtetyry
B0D3PCJD5C,qwrtetyry
B0D3LNVSY8,qwrtetyry
B0D2VLNCJV,qwrtetyry
B0D2TZR3GS,qwrtetyry
B0D2NV622Z,qwrtetyry
B0D2B7T6N9,qwrtetyry
B0D25ZGG7H,qwrtetyry
B0D1MYTSWR,qwrtetyry
B0D1C23FVT,qwrtetyry
B0D1456LXL,qwrtetyry
B0D126TP9Z,qwrtetyry
B0CZNWSLX6,qwrtetyry
B0CZMJR4H8,qwrtetyry
B0CZJS37B8,qwrtetyry
B0CZ94RF5T,qwrtetyry
B0CX6DCLDS,qwrtetyry
B0CX1337KM,qwrtetyry
B0CWY7GDT4,qwrtetyry
B0CWR56ZS7,qwrtetyry
B0CTHLK2T2,qwrtetyry
B0CTFHT9ZJ,qwrtetyry
B0CTF98JBR,qwrtetyry
B0CRR5PDGY,qwrtetyry
B0CQT7KR1V,qwrtetyry
B0CQRF1KJ6,qwrtetyry
B0CQPKRY2S,qwrtetyry
B0CQC7BRXR,qwrtetyry
B0CPX8PB8H,qwrtetyry
B0CP2CGHFP,qwrtetyry
B0CNSV4Z13,qwrtetyry
B0CMW44VXZ,qwrtetyry
B0CM65C2ZR,qwrtetyry
B0CM5JMJ4Q,qwrtetyry
B0CM3FKVC9,qwrtetyry
B0CLWCJRSN,qwrtetyry
B0CLLHY2BG,qwrtetyry
B0CLH2F8KT,qwrtetyry
B0CKSZGG5T,qwrtetyry
B0CKPGB6KZ,qwrtetyry
B0CK6SV54C,qwrtetyry
B0CJJHWYP7,qwrtetyry
B0CHDRVWT2,qwrtetyry
B0CH8KKVQX,qwrtetyry
B0CH522BBX,qwrtetyry
B0CH5184N2,qwrtetyry
B0BR6J9786,qwrtetyry
B0BPRQJ65G,qwrtetyry
B0BNXC9ZV8,qwrtetyry
B0BNK88H2V,qwrtetyry
B0BN36TG84,qwrtetyry
B0BLZ2M448,qwrtetyry
B0BLHCWBMS,qwrtetyry
B0BKHZDTFG,qwrtetyry
B0BKFV8TTF,qwrtetyry
B0BJZV3LTS,qwrtetyry
B0BD56RQ8J,qwrtetyry
B0BCSKVWYG,qwrtetyry
B0B6Z63532,qwrtetyry
B0B5D4P12S,qwrtetyry
B0B4Q2S1P8,qwrtetyry
B0B3CRGLBK,qwrtetyry
B0CGXQ2KWY,qwrtetyry
B0CGR6WH1P,qwrtetyry
B0CG6B6H4H,qwrtetyry
B0CG4X9HQC,qwrtetyry
B0CFLKZNZ6,qwrtetyry
B0CCVGV9Q9,qwrtetyry
B0CCL3NNSX,qwrtetyry
B0CCJ6Y496,qwrtetyry
B0CCF9PWLT,qwrtetyry
B0CC966JXD,qwrtetyry
B0C9HG41Q9,qwrtetyry
B0C8M9V5LT,qwrtetyry
B0C85L1BHX,qwrtetyry
B0C71KN1WW,qwrtetyry
B0C6V1Z624,qwrtetyry
B0C61T29P2,qwrtetyry
B0C5WSP4CC,qwrtetyry
B0C5MKVR47,qwrtetyry
B0C5HTSV7M,qwrtetyry
B0C3KZ96WW,qwrtetyry
B0C3DH16XF,qwrtetyry
B0C3C2L9F2,qwrtetyry
B0C2THTF6Z,qwrtetyry
B0C2H8HCPW,qwrtetyry
B0C27HCDVY,qwrtetyry
B0BZVRFZGC,qwrtetyry
B0BXKVPQF8,qwrtetyry
B0BXH6B71W,qwrtetyry
B0BXCY3B9F,qwrtetyry
B0BX2YZ3WY,qwrtetyry
B0BS8TL4TG,qwrtetyry
B0BRZZSLWF,qwrtetyry
B0B285879L,qwrtetyry
B0B1PZFDFH,qwrtetyry
B0B1CF4MCR,qwrtetyry
B09ZZN3PL1,qwrtetyry
B09Y8YRH7W,qwrtetyry
B09VP4Z23X,qwrtetyry
B09VFHS7QF,qwrtetyry
B09VC17PL2,qwrtetyry
B09V8CS2SP,qwrtetyry
B09T8DR178,qwrtetyry
B09S5H2K36,qwrtetyry
B09S2Y631B,qwrtetyry
B09QS2Z2ZS,qwrtetyry
B09QHKBWJ2,qwrtetyry
B09Q16SDQ1,qwrtetyry
B09MSYNVWF,qwrtetyry
B08ND51GLT,qwrtetyry
B08GFNCXGD,qwrtetyry
B08FHZZR33,qwrtetyry
B08FC912BN,qwrtetyry
B08DY9KFB5,qwrtetyry
B08D3C3NTH,qwrtetyry
B08CRD9JZ7,qwrtetyry
B08CMP9X1N,qwrtetyry
B08CGVQ557,qwrtetyry
B08BZ6J32Q,qwrtetyry
B0895N33J5,qwrtetyry
B088ZG2GTW,qwrtetyry
B088THVBZF,qwrtetyry
B087TLF1ZX,qwrtetyry
B085XNVG96,qwrtetyry
B085MBKT2L,qwrtetyry
B09LQXTZCX,qwrtetyry
B09LM834YS,qwrtetyry
B09K7KWQMH,qwrtetyry
B09JWBQ2PQ,qwrtetyry
B09J8PLXQ3,qwrtetyry
B09FZBSHRD,qwrtetyry
B096HM78G7,qwrtetyry
B095SF9M4H,qwrtetyry
B0937H4GM6,qwrtetyry
B08XKJR9CN,qwrtetyry
B08SK5W3XT,qwrtetyry
B08RMND4KW,qwrtetyry
B08QN6HD31,qwrtetyry
B08P7B2WGT,qwrtetyry
B08P49M6L5,qwrtetyry
B08P164867,qwrtetyry
B081S33NXV,qwrtetyry
B081R11L9Q,qwrtetyry
B07YL8W7MK,qwrtetyry
B07XKWL54V,qwrtetyry
B07VZXZGNN,qwrtetyry
B07T4H6PBX,qwrtetyry
B07SV54KKZ,qwrtetyry
B07RQD7KJH,qwrtetyry
B07PSM3WMF,qwrtetyry
B07MMWDRS9,qwrtetyry
B07FXVL7GH,qwrtetyry
B07BKQH5XS,qwrtetyry
B076C6LK4P,qwrtetyry
B0768KVLPH,qwrtetyry
B075DZHRBS,qwrtetyry
B0731YB48C,qwrtetyry
B01N5YGY73,qwrtetyry
B00MOIF416,qwrtetyry
B00EV6JOVK,qwrtetyry
B00354YU1S,qwrtetyry
B0016O9TCE,qwrtetyry
B000TXZZPS,qwrtetyry
B000AO3IZK,qwrtetyry
B0CMXKHGC4,qwrtetyry
B09JNKM37T,qwrtetyry
B00UVQIPKU,qwrtetyry
B0D1YH31FB,qwrtetyry
B098R4GB6F,qwrtetyry
B0827ZFF67,qwrtetyry
B0BXNCZTYS,qwrtetyry
B002ESEMBY,qwrtetyry
B0C2YTRFS6,qwrtetyry
B09ZDP9N9J,qwrtetyry
B0BDWCC4JZ,qwrtetyry
B0BD7ZV868,qwrtetyry
B09ZY48WTK,qwrtetyry
B07TY4SJL2,qwrtetyry
B07C95JS1J,qwrtetyry
B007INS6KS,qwrtetyry
B0CV4ZPFWQ,qwrtetyry
B09DWY12S6,qwrtetyry
B004H42XZU,qwrtetyry
B09XB95JGG,qwrtetyry
B0887GQNLC,qwrtetyry
B08FX7TN6L,qwrtetyry
B089SRXK7N,qwrtetyry
B09CX1S654,qwrtetyry
B003PDO1NQ,qwrtetyry
B09ZL99RB1,qwrtetyry
B09BR8B3LQ,qwrtetyry
B0BGBRYLCT,qwrtetyry
B08926JRF9,qwrtetyry
B07RCYS22N,qwrtetyry
B078W1P1PQ,qwrtetyry
B00U5OKH22,qwrtetyry
B09KMW52LQ,qwrtetyry
B075Z6139S,qwrtetyry
B09J898X8W,qwrtetyry
B07D7YDXB8,qwrtetyry
B07Y418XZ6,qwrtetyry
B09F3TZVYW,qwrtetyry
B07D7P1K34,qwrtetyry
B01MPXATY2,qwrtetyry
B01N2KC25Z,qwrtetyry
B09R6C7VZW,qwrtetyry
B08F9RP8ZF,qwrtetyry
B0CHF8X8BP,qwrtetyry
B097D85442,qwrtetyry
B087D68YQ2,qwrtetyry
B078P9Y5XB,qwrtetyry
B076FFXJ2B,qwrtetyry
B0C83BNGRK,qwrtetyry
B0C6FHZFZW,qwrtetyry
B0BMVXHVCY,qwrtetyry
B091TLSK2T,qwrtetyry
B08K719Y25,qwrtetyry
B07V9RHVKV,qwrtetyry
B07DKCXB2D,qwrtetyry
B07BJJDY6D,qwrtetyry
B09H4K69BH,qwrtetyry
B08GKNVLTV,qwrtetyry
B0CXJMBXLC,qwrtetyry
B09HFWH8J6,qwrtetyry
B08M6GKLZH,qwrtetyry
B01MR2XKH2,qwrtetyry
B00UYZWI74,qwrtetyry
B00BE9NW24,qwrtetyry
B0BR4WCTYR,qwrtetyry
B0BNTB48DS,qwrtetyry
B0BJ6Z6VDP,qwrtetyry
B0BC3CXR6V,qwrtetyry
B0B453S552,qwrtetyry
B09VYMKY4J,qwrtetyry
B09PHFNLTP,qwrtetyry
B08FX9F4R7,qwrtetyry
B07W4X6Z5K,qwrtetyry
B07VWFGRDX,qwrtetyry
B07DDC3BDX,qwrtetyry
B079C8B51P,qwrtetyry
B074SMM6YY,qwrtetyry
B00SLYCEME,qwrtetyry
B00IA5W14U,qwrtetyry
B009OJ5CSI,qwrtetyry
B0CJDYXQNX,qwrtetyry
B0CDW4P7CD,qwrtetyry
B0C3T9PGH8,qwrtetyry
B0BZ7Y1XG7,qwrtetyry
B0BTHQGYQR,qwrtetyry
B0BCVR2RKF,qwrtetyry
B09TGV9SJ2,qwrtetyry
B092DNDVCG,qwrtetyry
B086LG1RSW,qwrtetyry
B0010KO39I,qwrtetyry
B0DDXGG26F,qwrtetyry
B0CYP8KLKC,qwrtetyry
B0CMR33K2P,qwrtetyry
B0CFS477HT,qwrtetyry
B0CBS4J4Y2,qwrtetyry
B0C8VHBM32,qwrtetyry
B0D6GMBQKF,qwrtetyry
B0D67CZT9L,qwrtetyry
B0D4ZKJVFB,qwrtetyry
B0D4VF23FX,qwrtetyry
B0D4TYG7F9,qwrtetyry
B0D41RTTGV,qwrtetyry
B0D3FFBMD3,qwrtetyry
B0D29JQ5Z3,qwrtetyry
B0D1RJVG6C,qwrtetyry
B0CZ8V65VF,qwrtetyry
B0CYSQF15H,qwrtetyry
B0CXXY5F56,qwrtetyry
B0CX1XZYJK,qwrtetyry
B0CVMTHTB9,qwrtetyry
B0CTJ6S1JR,qwrtetyry
B0CRGGTNX5,qwrtetyry
B0CRDQTGSL,qwrtetyry
B0CQV1872P,qwrtetyry
B0CQTYFGP3,qwrtetyry
B0CQKFQKRH,qwrtetyry
B0CPJ4YBF1,qwrtetyry
B0CP3BVLG8,qwrtetyry
B0CNP6MP7J,qwrtetyry
B0CN6FQZP3,qwrtetyry
B0CN5R2L8P,qwrtetyry
B0CJFJ825V,qwrtetyry
B0CJ76Q3Q7,qwrtetyry
B0CFVHC8QL,qwrtetyry
B0CFQ9HYM5,qwrtetyry
B0CDLC1P9Z,qwrtetyry
B0CDL94XRB,qwrtetyry
B0CDBXKK57,qwrtetyry
B0CCXT6LVF,qwrtetyry
B0CCP6X7VX,qwrtetyry
B0CBRW95NH,qwrtetyry
B0C9WRH8SG,qwrtetyry
B0C9SM88BT,qwrtetyry
B0C8FJJND8,qwrtetyry
B0C85KWBHN,qwrtetyry
B0C81L19NH,qwrtetyry
B0C7Q6KFJM,qwrtetyry
B0C7H97867,qwrtetyry
B0C61K5YPB,qwrtetyry
B0C27VGCVZ,qwrtetyry
B0BZMTN9ZB,qwrtetyry
B0BYVZYM2Z,qwrtetyry
B0BY2KXY4W,qwrtetyry
B0BXG9NSPW,qwrtetyry
B000SHSCGY,qwrtetyry
B0DS3WGKGT,qwrtetyry
B0DNGLRND7,qwrtetyry
B0DLS7DYQ4,qwrtetyry
B0DJP339QS,qwrtetyry
B0DHP8XL29,qwrtetyry
B0DG92DGQV,qwrtetyry
B0DFQDR9DG,qwrtetyry
B0DFM5D84C,qwrtetyry
B0DCJWZM5K,qwrtetyry
B0DCBF8SYB,qwrtetyry
B0D9BBFBBD,qwrtetyry
B0D8BFGFH9,qwrtetyry
B0D86B3DT5,qwrtetyry
B0D7MTQZ1W,qwrtetyry
B0D7L31WQS,qwrtetyry
B0BXDNYNMR,qwrtetyry
B0BNY39Z4R,qwrtetyry
B0BN52Z764,qwrtetyry
B0BN3XRVVS,qwrtetyry
B0BMVZJGVG,qwrtetyry
B0BL92GD3L,qwrtetyry
B0BL3MMJKS,qwrtetyry
B0BJXPNTVN,qwrtetyry
B0BGK446J2,qwrtetyry
B0BFVZ7Z2V,qwrtetyry
B0BFPX43SH,qwrtetyry
B0BCYTYL99,qwrtetyry
B0BCDT7YRL,qwrtetyry
B0BBPZNM2G,qwrtetyry
B0BB2J9L78,qwrtetyry
B0B9MMC5CQ,qwrtetyry
B0B96K9HNL,qwrtetyry
B0B8NBWC3D,qwrtetyry
B0B8H48HF9,qwrtetyry
B0B8CB4QDV,qwrtetyry
B0B7K5T9R9,qwrtetyry
B0B7BHQS2Y,qwrtetyry
B0B6HQWXZ6,qwrtetyry
B0B6375K82,qwrtetyry
B0B469QPZD,qwrtetyry
B0B2FBL25S,qwrtetyry
B09Y1QLSMY,qwrtetyry
B09XXG7937,qwrtetyry
B09X7GN1YP,qwrtetyry
B09WYR7TCY,qwrtetyry
B09W5G5CMH,qwrtetyry
B09VQ3BM2K,qwrtetyry
B09QW384HQ,qwrtetyry
B09QLSYKKW,qwrtetyry
B09NN65124,qwrtetyry
B09N3SLC5T,qwrtetyry
B09K85NX1B,qwrtetyry
B09JNT617X,qwrtetyry
B09JBWDRCH,qwrtetyry
B09HGKTVKZ,qwrtetyry
B09FV9MFR1,qwrtetyry
B09F9DTHZ9,qwrtetyry
B09DKXKGMB,qwrtetyry
B09CMFGLZW,qwrtetyry
B09CKHSC82,qwrtetyry
B09C34SH9Y,qwrtetyry
B09BJYCLVZ,qwrtetyry
B099PKJDSG,qwrtetyry
B06X3SXK15,qwrtetyry
B01MSRI1RW,qwrtetyry
B01KW9Y4MI,qwrtetyry
B01KW26JI2,qwrtetyry
B01GS3M92E,qwrtetyry
B01FL2NNN2,qwrtetyry
B00IVJETGS,qwrtetyry
B00DCNOKK8,qwrtetyry
B000LN5BNC,qwrtetyry
B0995TV8WJ,qwrtetyry
B097TL45S7,qwrtetyry
B0976TC2CP,qwrtetyry
B096FX8ZW9,qwrtetyry
B094HR5RJ9,qwrtetyry
B093HBR3F2,qwrtetyry
B092W45SM3,qwrtetyry
B0919KC89Q,qwrtetyry
B08V87SLJN,qwrtetyry
B08RHLRN3G,qwrtetyry
B08R9WY2ZP,qwrtetyry
B08R8DVP5V,qwrtetyry
B08QHBJDYX,qwrtetyry
B08Q5T5KZW,qwrtetyry
B08NM15PW7,qwrtetyry
B08KPH12FF,qwrtetyry
B08HJPD3SQ,qwrtetyry
B08G5WLBSB,qwrtetyry
B08F1YRYNF,qwrtetyry
B08DY36C16,qwrtetyry
B08CK3ZK7G,qwrtetyry
B08BTG392G,qwrtetyry
B08BC599M8,qwrtetyry
B08952FT58,qwrtetyry
B08951RQ4Q,qwrtetyry
B087XCDC7F,qwrtetyry
B086VTTGV1,qwrtetyry
B07ZS48SZC,qwrtetyry
B07ZPKMNVD,qwrtetyry
B07ZGP2T1F,qwrtetyry
B07XMM557D,qwrtetyry
B07WSQNZ8D,qwrtetyry
B07W3DMHK7,qwrtetyry
B07TBLBY72,qwrtetyry
B07SJVP4XT,qwrtetyry
B07QWSMZNH,qwrtetyry
B07PZVZ812,qwrtetyry
B07PT7GPNJ,qwrtetyry
B07JCHF7ZT,qwrtetyry
B07H4LV859,qwrtetyry
B07GVH7D3K,qwrtetyry
B07CBMFDDV,qwrtetyry
B07B9YV259,qwrtetyry
B079LJJ213,qwrtetyry
B07895F1F7,qwrtetyry
B0781ZTCXL,qwrtetyry
B074B63K8Z,qwrtetyry
B0719B7KV5,qwrtetyry
B0BM4NXHYQ,qwrtetyry
B00G2GCZ0Y,qwrtetyry
B07RV2YPQ3,qwrtetyry
B0D1JYGCTX,qwrtetyry
B0DCVP4S1N,qwrtetyry
B0D14JCN4Z,qwrtetyry
B0CJPQ8WY1,qwrtetyry
B0BL3B1S7P,qwrtetyry
B0946M72M7,qwrtetyry
B0D2SJCJ7Q,qwrtetyry
B0C6JJ5X7M,qwrtetyry
B0BMMC1TJJ,qwrtetyry
B0BJ1TPMML,qwrtetyry
B00AA2QV74,qwrtetyry
B0BD3HDV75,qwrtetyry
B082TZWRRX,qwrtetyry
B0D7QBJYP4,qwrtetyry
B0B3J937B6,qwrtetyry
B0D4TPXBZH,qwrtetyry
B092ZS7K98,qwrtetyry
B0D2S6P1NM,qwrtetyry
B00N9P8HK8,qwrtetyry
B0C4Z6BF84,qwrtetyry
B00OBSO9FO,qwrtetyry
B0BHY9STMM,qwrtetyry
B0CWL73B6D,qwrtetyry
B00N0Y0SVY,qwrtetyry
B0C1VJ7PQ2,qwrtetyry
B0BS6CY22G,qwrtetyry
B0CFVFV8DN,qwrtetyry
B0C7Z4379N,qwrtetyry
B095BTCNNP,qwrtetyry
B07P79KBBL,qwrtetyry
B0B4NTTSYY,qwrtetyry
B08VQ7CGPB,qwrtetyry
B089YS8QM5,qwrtetyry
B07Q22DKCX,qwrtetyry
B0BRBMK3LR,qwrtetyry
B09FWM51ZC,qwrtetyry
B010JMZBQ6,qwrtetyry
B004W479SQ,qwrtetyry
B0C86S7Q2X,qwrtetyry
B094318J9J,qwrtetyry
B081989KK6,qwrtetyry
B07FKQL8N1,qwrtetyry
B0BX9C7W7P,qwrtetyry
B06XZ7X8Z5,qwrtetyry
B0CK8NYCCW,qwrtetyry
B0BDCYB6P3,qwrtetyry
B09LHLZK9T,qwrtetyry
B095WN72C3,qwrtetyry
B000K01Z54,qwrtetyry
B0D81153JM,qwrtetyry
B0BY564BKK,qwrtetyry
B0BCY68XBT,qwrtetyry
B09V7SNWMV,qwrtetyry
B09SFTCD4V,qwrtetyry
B08ZN5D8S2,qwrtetyry
B08RRWS7NG,qwrtetyry
B08QVCPFKD,qwrtetyry
B08PQNPPMF,qwrtetyry
B08N6CJHTD,qwrtetyry
B0170QPL9G,qwrtetyry
B00C2T66VE,qwrtetyry
B0CHL83LT1,qwrtetyry
B0CG2XWVMQ,qwrtetyry
B0CFXFN84V,qwrtetyry
B0CFWKPYL1,qwrtetyry
B0CDPVV47G,qwrtetyry
B0CDBRSRWJ,qwrtetyry
B0C63FC4K2,qwrtetyry
B0C584XFSM,qwrtetyry
B0C3C69RDN,qwrtetyry
B0C25VJ84W,qwrtetyry
B0BZHK2468,qwrtetyry
B0BZGMPS7C,qwrtetyry
B0BLKJ2N1G,qwrtetyry
B0BJ8KB143,qwrtetyry
B0BJ1KZRH7,qwrtetyry
B0BGGL4HSL,qwrtetyry
B0CZYXR6JD,qwrtetyry
B0CZKLPB3B,qwrtetyry
B0CZ95MKML,qwrtetyry
B0CY1X1Y5J,qwrtetyry
B0CWLG97W9,qwrtetyry
B0CTKBGL2Q,qwrtetyry
B0CRS298FW,qwrtetyry
B0CR1YFMLL,qwrtetyry
B0CQX5PJV8,qwrtetyry
B0CQ5GJNZ7,qwrtetyry
B0CPDZZTLB,qwrtetyry
B0CMZ7MG5W,qwrtetyry
B0CM3D1ZDV,qwrtetyry
B0CL1RZL99,qwrtetyry
B0CJDTHVNJ,qwrtetyry
B0CJ2NG6C6,qwrtetyry
B0BFF4DMD5,qwrtetyry
B0BCY759GX,qwrtetyry
B0BCY5VMHY,qwrtetyry
B0BBF66BXR,qwrtetyry
B0BBBW5453,qwrtetyry
B0B877LVZ8,qwrtetyry
B0B655TVD3,qwrtetyry
B0B5GX2R1W,qwrtetyry
B0B47VXJN6,qwrtetyry
B0B45P78XK,qwrtetyry
B0B38WRV9P,qwrtetyry
B0B1M4N177,qwrtetyry
B0B1DGV9HK,qwrtetyry
B09ZV6BKX7,qwrtetyry
B09YLDNQHB,qwrtetyry
B09Y96HF66,qwrtetyry
B09SFW92X1,qwrtetyry
B09RKCSJB2,qwrtetyry
B09PG523MW,qwrtetyry
B09P1BLRMJ,qwrtetyry
B09MZSS1TL,qwrtetyry
B09MZRXMWV,qwrtetyry
B09MW18ZDZ,qwrtetyry
B09MVWVX29,qwrtetyry
B09LCWLLFS,qwrtetyry
B09LCF4NCV,qwrtetyry
B0983G5DZC,qwrtetyry
B0976SRXPQ,qwrtetyry
B096M3JCYY,qwrtetyry
B095Y3J515,qwrtetyry
B09325J7NP,qwrtetyry
B091C2KRL4,qwrtetyry
B0DSBD6TJX,qwrtetyry
B0DPJ6GR2Z,qwrtetyry
B0DP65Y5R9,qwrtetyry
B0DNT3VJQ7,qwrtetyry
B0DL8R4XQT,qwrtetyry
B0DHVM9MZD,qwrtetyry
B0DHRZMRP6,qwrtetyry
B0DFTXYQHJ,qwrtetyry
B0DDTMRJSJ,qwrtetyry
B0DDNQCLKR,qwrtetyry
B0DBHLD3W3,qwrtetyry
B0D6YKFQSB,qwrtetyry
B0D5YJ5MGP,qwrtetyry
B0D5HQ3YFT,qwrtetyry
B0D3Z854C4,qwrtetyry
B0D2CYHN15,qwrtetyry
B08S3JD98L,qwrtetyry
B08QHP1RNG,qwrtetyry
B08NT6J7SM,qwrtetyry
B08KHNK76P,qwrtetyry
B083F8N41M,qwrtetyry
B07Q114QDT,qwrtetyry
B07H91RB9J,qwrtetyry
B07BQDVB7D,qwrtetyry
B07BDV289P,qwrtetyry
B07768H56B,qwrtetyry
B071ZZCJKH,qwrtetyry
B01N1Z2ICG,qwrtetyry
B01MTNJ98C,qwrtetyry
B01HBZFX0I,qwrtetyry
B019BJBKXG,qwrtetyry
B0149IFCHO,qwrtetyry
B013CRDM34,qwrtetyry
B0088LVC32,qwrtetyry
B01M8QNUW3,qwrtetyry
B01J64BSSI,qwrtetyry
B0B6WSWNLG,qwrtetyry
B0CHFBRRX9,qwrtetyry
B088BM9RLQ,qwrtetyry
B09NDD5R3Z,qwrtetyry
B018S18860,qwrtetyry
B06WWJXLFL,qwrtetyry
B07SYYJ5VB,qwrtetyry
B07R3GVWPV,qwrtetyry
B09CTBT9QM,qwrtetyry
B00OYC7UGM,qwrtetyry
B0BD5TX2CZ,qwrtetyry
B09CL2PTN6,qwrtetyry
B009D4HYQW,qwrtetyry
B09XB8VPYR,qwrtetyry
B09QM8DL7Q,qwrtetyry
B081DSJFDW,qwrtetyry
B07TDBWKXD,qwrtetyry
B01LVVF6FB,qwrtetyry
B00DTXC1D4,qwrtetyry
B0CDWXM8PB,qwrtetyry
B0C6K48DB2,qwrtetyry
B0B8BS33DZ,qwrtetyry
B0B6JC1L15,qwrtetyry
B09L84G8K3,qwrtetyry
B094NZ3P2C,qwrtetyry
B08VHR4B25,qwrtetyry
B08R5ZWGT1,qwrtetyry
B07VJDPV9M,qwrtetyry
B07H6KB71D,qwrtetyry
B0DSBDCH2H,qwrtetyry
B0DMVD8MQC,qwrtetyry
B0DLG2ZHDQ,qwrtetyry
B0DJ7WQT5T,qwrtetyry
B0DHLBVTDM,qwrtetyry
B0DHKMXXWR,qwrtetyry
B0DHCCB9N8,qwrtetyry
B0DGQ34MQG,qwrtetyry
B0DD7C1M9B,qwrtetyry
B0DB5MMKVK,qwrtetyry
B0D9VYNNGS,qwrtetyry
B0D9VPRYL2,qwrtetyry
B0D4GFC3SX,qwrtetyry
B0D41G23LF,qwrtetyry
B0D3WTWGDY,qwrtetyry
B0D2DK87L1,qwrtetyry
B0D28P3DS1,qwrtetyry
B0CJM3DJYG,qwrtetyry
B0CJ8W8LKM,qwrtetyry
B0CHNBG8DT,qwrtetyry
B0CGV9NZT8,qwrtetyry
B0CDVM1LZ9,qwrtetyry
B0CC2N1P2R,qwrtetyry
B0CB6T6ZHP,qwrtetyry
B0C9ZR421R,qwrtetyry
B0C9PRKQJ4,qwrtetyry
B0C81N18JR,qwrtetyry
B0C6XPT585,qwrtetyry
B0C6HYTWXG,qwrtetyry
B0C6GM82WG,qwrtetyry
B0C6546K3M,qwrtetyry
B0C2TWQ325,qwrtetyry
B0C23DVTL4,qwrtetyry
B0C1N6SL3R,qwrtetyry
B0BY922XPW,qwrtetyry
B0BWK2L9YV,qwrtetyry
B0BS1GKYJQ,qwrtetyry
B0BPSH2PDF,qwrtetyry
B0BKPKXQ6N,qwrtetyry
B0BJZCNRD4,qwrtetyry
B0BFPYHWDY,qwrtetyry
B0BD7C5393,qwrtetyry
B0B8GNF1MM,qwrtetyry
B0B88RTXVF,qwrtetyry
B0B7P8D4P6,qwrtetyry
B0B7L7B5B9,qwrtetyry
B0B56FMDSM,qwrtetyry
B0B1LRT7QG,qwrtetyry
B09ZDT3RPX,qwrtetyry
B0D12HH6F9,qwrtetyry
B0CYLVKPW2,qwrtetyry
B0CVV8QNWG,qwrtetyry
B0CTLWNVQY,qwrtetyry
B0CTB9GW3L,qwrtetyry
B0CRXV67L6,qwrtetyry
B0CQR74L4K,qwrtetyry
B0CQJN5F4D,qwrtetyry
B0CPL8JG9K,qwrtetyry
B0CP7PKQ68,qwrtetyry
B0CNMYBD42,qwrtetyry
B0CN4CW7L6,qwrtetyry
B0CMH9TQQN,qwrtetyry
B0CMCB5QVF,qwrtetyry
B0CLK9RDTG,qwrtetyry
B0CL4HMYKY,qwrtetyry
B091FWTTZ1,qwrtetyry
B08XPWC4CD,qwrtetyry
B08T1HN7MT,qwrtetyry
B08QS1VLCQ,qwrtetyry
B08P4GVJJT,qwrtetyry
B08KW8JWMS,qwrtetyry
B08KF5RGD1,qwrtetyry
B08JCHVWS5,qwrtetyry
B08FV8MWQT,qwrtetyry
B0892HB1ZQ,qwrtetyry
B0841RVMGR,qwrtetyry
B0814XD24S,qwrtetyry
B07ZFCDG4R,qwrtetyry
B07TK52MHD,qwrtetyry
B07T8G5TKJ,qwrtetyry
B07RWMXBP6,qwrtetyry
B09YKYPTNJ,qwrtetyry
B09TL8ZXYQ,qwrtetyry
B09SQ7QNNN,qwrtetyry
B09PSCWTGB,qwrtetyry
B09NZH3M71,qwrtetyry
B09NCC85K3,qwrtetyry
B09N77TWG3,qwrtetyry
B09N77PMDB,qwrtetyry
B09LTY5YK9,qwrtetyry
B09L8J653C,qwrtetyry
B09GN9G5S9,qwrtetyry
B09DFDY4J3,qwrtetyry
B099RHKQSB,qwrtetyry
B0971NHFC9,qwrtetyry
B093WNVPB4,qwrtetyry
B091T8FGN2,qwrtetyry
B00BITREWO,qwrtetyry
B0084V9NYG,qwrtetyry
B003XU7J3A,qwrtetyry
B07RMJN8D4,qwrtetyry
B07NPVQV34,qwrtetyry
B07JZQ65NF,qwrtetyry
B07FMYGWMY,qwrtetyry
B07DYPM7XB,qwrtetyry
B07DLQCQKN,qwrtetyry
B07DCC91DN,qwrtetyry
B077P62V2V,qwrtetyry
B076DZFXLY,qwrtetyry
B01N6G7AH3,qwrtetyry
B019BJBKYK,qwrtetyry
B0191Y97ZY,qwrtetyry
B011T00STM,qwrtetyry
B00RNCTAWC,qwrtetyry
B00REX42Y6,qwrtetyry
B00REX3Q3O,qwrtetyry
B0BLVGZHPX,qwrtetyry
B08PPJCB61,qwrtetyry
B07VDX3DGC,qwrtetyry
B01E46NC50,qwrtetyry
B09KWNSMWP,qwrtetyry
B0D56XFY4G,qwrtetyry
B0BY7MGRBY,qwrtetyry
B08QF1S9PW,qwrtetyry
B0BRBQDL6G,qwrtetyry
B01J37YQC8,qwrtetyry
B08GJJWXYM,qwrtetyry
B09X5S8LJ3,qwrtetyry
B09N9NMDDY,qwrtetyry
B0BG24Z121,qwrtetyry
B0B4MR7HBK,qwrtetyry
B0C7GV8DFN,qwrtetyry
B0B5DQ8QSQ,qwrtetyry
B08KX7M34G,qwrtetyry
B08DS4YJDM,qwrtetyry
B071JR9M12,qwrtetyry
B0DFTQD447,qwrtetyry
B0DCVLWFRR,qwrtetyry
B0CG8P96CD,qwrtetyry
B07HNGQXPH,qwrtetyry
B07DHWGFJM,qwrtetyry
B072C8R297,qwrtetyry
B00V4GJ3WK,qwrtetyry
B0DF7JYWGB,qwrtetyry
B0D3X4BCY3,qwrtetyry
B0D3FBC94R,qwrtetyry
B0CYSYTKFS,qwrtetyry
B0CQ3VGVRG,qwrtetyry
B09V1GF86R,qwrtetyry
B094Y58QLZ,qwrtetyry
B0CH862YJK,qwrtetyry
B0BHL5QJ1V,qwrtetyry
B0C5HB2CFH,qwrtetyry
B0C3BX8SFC,qwrtetyry
B0BCKBBKMJ,qwrtetyry
B0B5DYCWZ6,qwrtetyry
B0B3WS39CC,qwrtetyry
B09V7H67VJ,qwrtetyry
B07Y42HWZL,qwrtetyry
B09D7BD66K,qwrtetyry
B092VT3KRP,qwrtetyry
B0D36M5Z69,qwrtetyry
B0BJKL4JHL,qwrtetyry
B0BJF2JQVB,qwrtetyry
B0CPHXXSM5,qwrtetyry
B0CF6FQ4LB,qwrtetyry
B0BRV9GDDW,qwrtetyry
B0BR888J24,qwrtetyry
B0B3Y96K1G,qwrtetyry
B0B3Y3MY2T,qwrtetyry
B0B2KDPSCJ,qwrtetyry
B09K3Y4ZP5,qwrtetyry
B09BLCFHVP,qwrtetyry
B099PJBGND,qwrtetyry
B08H4HN2SB,qwrtetyry
B0828PB5QB,qwrtetyry
B07YDK97VH,qwrtetyry
B07CH9S1DS,qwrtetyry
B07BDN4XLL,qwrtetyry
B072VMKDN6,qwrtetyry
B0D3B11QX5,qwrtetyry
B0D2VTTV26,qwrtetyry
B0D2RLQSZG,qwrtetyry
B0D2L7XTHX,qwrtetyry
B0D2943H19,qwrtetyry
B0D292LD16,qwrtetyry
B0D1Y4FG31,qwrtetyry
B0D1XPVPM9,qwrtetyry
B0D1JYDCYZ,qwrtetyry
B0D1298WF3,qwrtetyry
B0CZX2VTR1,qwrtetyry
B0CYLP1R9S,qwrtetyry
B0CYBM3LJF,qwrtetyry
B0CY2KZTRW,qwrtetyry
B0CXTB2MT8,qwrtetyry
B0CXPKWXX7,qwrtetyry
B0CXP683NW,qwrtetyry
B0CXKSNWZP,qwrtetyry
B0CXKPHQ6K,qwrtetyry
B0CXCNG5PL,qwrtetyry
B0CX95347S,qwrtetyry
B0CX4HMBMJ,qwrtetyry
B0CX1HBKBF,qwrtetyry
B0CX17MXBF,qwrtetyry
B0CWP64K2T,qwrtetyry
B0CVFYJQDY,qwrtetyry
B0CTQGBSTH,qwrtetyry
B0CTQ8RQY7,qwrtetyry
B0CTMN2GC9,qwrtetyry
B0CSXXK4LD,qwrtetyry
B0CSFN87L7,qwrtetyry
B0CSDQQ84T,qwrtetyry
B01K7OC4Q6,qwrtetyry
B0DNJG8YNR,qwrtetyry
B0DMJS319Q,qwrtetyry
B0DKTVW3HT,qwrtetyry
B0DFPCJK2P,qwrtetyry
B0DBTZ8FFL,qwrtetyry
B0D9JK1RS6,qwrtetyry
B0D8ZR4MCP,qwrtetyry
B0D8KVC18W,qwrtetyry
B0D7VHFPKF,qwrtetyry
B0D7HJ77H6,qwrtetyry
B0D6YDRK5L,qwrtetyry
B0D6LRN8RB,qwrtetyry
B0D4MF6HBZ,qwrtetyry
B0D3VG8N57,qwrtetyry
B0D3F8MMZX,qwrtetyry
B0CRZ2Z8ZK,qwrtetyry
B0CRP2C6YQ,qwrtetyry
B0CRB4Z7XR,qwrtetyry
B0CR7N89HS,qwrtetyry
B0CQXG8Y3X,qwrtetyry
B0CQWNB74V,qwrtetyry
B0CQT9HCJ7,qwrtetyry
B0CQS83BLG,qwrtetyry
B0CQK7J11F,qwrtetyry
B0CQC8S39V,qwrtetyry
B0CQ6Z79PV,qwrtetyry
B0CPWBT98F,qwrtetyry
B0CPP82D5Y,qwrtetyry
B0CMX66KDC,qwrtetyry
B0CMR22CKG,qwrtetyry
B0CMCYH2RK,qwrtetyry
B0CLZDYH7Z,qwrtetyry
B0CKTHT4TL,qwrtetyry
B0CKSR7T96,qwrtetyry
B0CKQRP8DP,qwrtetyry
B0CKMZDSCH,qwrtetyry
B0CJRSGG53,qwrtetyry
B0CJ9JKYQP,qwrtetyry
B0CHYCYHC6,qwrtetyry
B0CHRSP71X,qwrtetyry
B0CHRN9XYZ,qwrtetyry
B0CHR9VJ4B,qwrtetyry
B0CHNTNB2N,qwrtetyry
B0CHMG88RQ,qwrtetyry
B0CG9MSPQM,qwrtetyry
B0CFZZ6SLF,qwrtetyry
B0CF1T21BJ,qwrtetyry
B0CDVTVGRB,qwrtetyry
B0CCY6KGP6,qwrtetyry
B0CCD4QYFH,qwrtetyry
B0CC8V42GF,qwrtetyry
B0CBKXBLZ5,qwrtetyry
B0CBKVRMFG,qwrtetyry
B0CBGWNS8Z,qwrtetyry
B0CB123SH7,qwrtetyry
B0C9P7HM6T,qwrtetyry
B0C8NMP2D4,qwrtetyry
B0C8JB3BP1,qwrtetyry
B0C7ZVL32X,qwrtetyry
B0C7G3Q887,qwrtetyry
B0C6Z6VYYQ,qwrtetyry
B0C6YHLMJ5,qwrtetyry
B0C653MPCS,qwrtetyry
B0BZ4BDBL5,qwrtetyry
B0BYVYTB6N,qwrtetyry
B0BYNCFB2F,qwrtetyry
B0BYD7HNSK,qwrtetyry
B0BXW8QXRT,qwrtetyry
B0BXTBLJX6,qwrtetyry
B0BX6HRX18,qwrtetyry
B0BWRW2479,qwrtetyry
B0BSLP2F5L,qwrtetyry
B0BR2D3GWT,qwrtetyry
B0BQJ1HSCW,qwrtetyry
B0BQ64NXC3,qwrtetyry
B0BPXW33DW,qwrtetyry
B0BPHDKZZB,qwrtetyry
B0BP6NRLT5,qwrtetyry
B0BNKZD5NS,qwrtetyry
B0BNHWYPFB,qwrtetyry
B0BL41B9C1,qwrtetyry
B0BKFRJWNX,qwrtetyry
B0BJPLLDJK,qwrtetyry
B0BJDJXHN6,qwrtetyry
B0BJ73V6H7,qwrtetyry
B0BGM1ZGSD,qwrtetyry
B0BD8MT2YQ,qwrtetyry
B0BCQ6STWJ,qwrtetyry
B0BBVJFC9M,qwrtetyry
B0BBCF7B39,qwrtetyry
B0B9WJC29W,qwrtetyry
B0B9CG1QC1,qwrtetyry
B0B7RLR9XK,qwrtetyry
B0B6T5KLXN,qwrtetyry
B0B5NF7PG6,qwrtetyry
B09C5CQZNM,qwrtetyry
B098KLTF2N,qwrtetyry
B0983SKWV7,qwrtetyry
B0971FNWM2,qwrtetyry
B095XX9C6T,qwrtetyry
B094QMYLRZ,qwrtetyry
B0937LNSR1,qwrtetyry
B092RFXCBT,qwrtetyry
B08ZHXHSDV,qwrtetyry
B08YJXFDZW,qwrtetyry
B08X6Z2JHS,qwrtetyry
B08WRTJK23,qwrtetyry
B08WH292S9,qwrtetyry
B08QCVK9PN,qwrtetyry
B08F21RJ98,qwrtetyry
B08DV6R1PN,qwrtetyry
B0B3RC4RLP,qwrtetyry
B0B2JMXWH3,qwrtetyry
B09Y1DSYVY,qwrtetyry
B09XV6G56W,qwrtetyry
B09XJH6T9Z,qwrtetyry
B09WKKYYQ4,qwrtetyry
B09WDP9NJ6,qwrtetyry
B09W8ZTW4S,qwrtetyry
B09W8NXGDB,qwrtetyry
B09V8DHVL7,qwrtetyry
B09V2F3N8J,qwrtetyry
B09TXYZP84,qwrtetyry
B09SKSN1ZX,qwrtetyry
B09R97RPPH,qwrtetyry
B09QPSX2QJ,qwrtetyry
B09M3DQLCR,qwrtetyry
B0C615T2TF,qwrtetyry
B0C5ZX5MCH,qwrtetyry
B0C55SDC26,qwrtetyry
B0C4TVZ759,qwrtetyry
B0C49MDWL7,qwrtetyry
B0C3MRLR5B,qwrtetyry
B0C3LP8QK7,qwrtetyry
B0C3C1T2BN,qwrtetyry
B0C2HT6JF4,qwrtetyry
B0C2D21W5P,qwrtetyry
B0C1P4YWTW,qwrtetyry
B0C1BR4GNH,qwrtetyry
B0C135RV8X,qwrtetyry
B0BZXG3WJB,qwrtetyry
B0BZNSJVPN,qwrtetyry
B0BZL28X7Q,qwrtetyry
B08CXRZ571,qwrtetyry
B089CM5Y1B,qwrtetyry
B08813C2FQ,qwrtetyry
B085KZTHPF,qwrtetyry
B085DL4GJZ,qwrtetyry
B08281BF8X,qwrtetyry
B0823WBDV3,qwrtetyry
B07ZNYLM7D,qwrtetyry
B07ZNF1XYL,qwrtetyry
B07ZK3649D,qwrtetyry
B07ZCPPTVG,qwrtetyry
B07Z2YPL62,qwrtetyry
B07YCXWMKN,qwrtetyry
B07W9683HS,qwrtetyry
B07V8M691Q,qwrtetyry
B07TRFGFFD,qwrtetyry
B00PL28YM8,qwrtetyry
B00LTKP9QA,qwrtetyry
B0085K72O4,qwrtetyry
B006PKJYJ2,qwrtetyry
B000ANNR48,qwrtetyry
B07SJ67MDJ,qwrtetyry
B07Q2K45YK,qwrtetyry
B07GJHXSLH,qwrtetyry
B07FLT3P6R,qwrtetyry
B07D731F2Q,qwrtetyry
B07CH39PS4,qwrtetyry
B076JKSP3Z,qwrtetyry
B074H6XXV2,qwrtetyry
B071X9PW1H,qwrtetyry
B071VZFPW4,qwrtetyry
B06XZNZML1,qwrtetyry
B06XQT838N,qwrtetyry
B06XC9TW57,qwrtetyry
B01F5X2M6G,qwrtetyry
B014FVR4TY,qwrtetyry
B00RCDXCMG,qwrtetyry
B0CTK2H9H9,qwrtetyry
B0CT2C9N85,qwrtetyry
B0CSS3Y62T,qwrtetyry
B0CPWDQGJD,qwrtetyry
B0CLPKH6DY,qwrtetyry
B0CLCWGK6Q,qwrtetyry
B0CL41ZHV4,qwrtetyry
B0CG9PLN8R,qwrtetyry
B0CF8PS7LC,qwrtetyry
B0CDQJ66JL,qwrtetyry
B0CCKPTXX5,qwrtetyry
B0CBKSZBQ9,qwrtetyry
B0CB7X5P39,qwrtetyry
B0BYVJB9QT,qwrtetyry
B0BVKKCSDR,qwrtetyry
B0BQ6G5MCQ,qwrtetyry
B0CKT6S726,qwrtetyry
B08C7TDCGN,qwrtetyry
B09MZJL8PL,qwrtetyry
B095P4LHCL,qwrtetyry
B0BZ8391MT,qwrtetyry
B08JHPVWND,qwrtetyry
B0D3QFF7Z2,qwrtetyry
B088RD58PZ,qwrtetyry
B0D2WYHJTT,qwrtetyry
B0CKZ4ZTB5,qwrtetyry
B0BNFZTZK5,qwrtetyry
B0BN12LWSY,qwrtetyry
B0BFW3Q864,qwrtetyry
B0B7MJD7B6,qwrtetyry
B0B7MFYVFR,qwrtetyry
B09WCTJHZM,qwrtetyry
B0924K8M1B,qwrtetyry
B08ZS7QPDJ,qwrtetyry
B08YJ8V634,qwrtetyry
B08KZGXYWN,qwrtetyry
B08BFD4F3M,qwrtetyry
B083WNYNM5,qwrtetyry
B07ZCP94HW,qwrtetyry
B07XKX9Q7W,qwrtetyry
B07VWLFZGQ,qwrtetyry
B07TGTT8SJ,qwrtetyry
B0CVZWWDRK,qwrtetyry
B0CQ7NSW8Z,qwrtetyry
B09NW4K134,qwrtetyry
B0BY7VH1NR,qwrtetyry
B0D5LNB8XY,qwrtetyry
B07WW8LRQP,qwrtetyry
B0CGRYWFM8,qwrtetyry
B07BGJ4NP6,qwrtetyry
B01JI7L12Q,qwrtetyry
B09RSC266D,qwrtetyry
B0CXM3W4YM,qwrtetyry
B0C6KLY2M9,qwrtetyry
B09B2PM3Y5,qwrtetyry
B0BBLJ1FNR,qwrtetyry
B095PG15GL,qwrtetyry
B0D669JP74,qwrtetyry
B09JSPHCC2,qwrtetyry
B07WDVF84V,qwrtetyry
B09FYD5SFP,qwrtetyry
B0B5D16XGJ,qwrtetyry
B08746K6K6,qwrtetyry
B075341XT7,qwrtetyry
B0CJRMVS2G,qwrtetyry
B07KR6WKD5,qwrtetyry
B0CHZB5MMX,qwrtetyry
B08PBW9RCC,qwrtetyry
B0C9LZ26LK,qwrtetyry
B095W5FPL4,qwrtetyry
B0C6QDK33N,qwrtetyry
B0CCK1QYSB,qwrtetyry
B0C5VL8944,qwrtetyry
B01IRIAGVY,qwrtetyry
B08BP3FYJ3,qwrtetyry
B0D315FYYD,qwrtetyry
B0BNB49GWF,qwrtetyry
B0BNM14BLW,qwrtetyry
B0CVHF66RP,qwrtetyry
B07CKXLYK8,qwrtetyry
B0827ZBBQP,qwrtetyry
B08LGBYDK5,qwrtetyry
B0CHJWN1YK,qwrtetyry
B0DBZKS6L1,qwrtetyry
B008HQQU1W,qwrtetyry
B0D8839DVF,qwrtetyry
B01MZ5XU1G,qwrtetyry
B0C1JXSN5G,qwrtetyry
B09QFMRX43,qwrtetyry
B0C68XKLL8,qwrtetyry
B078WHGTT3,qwrtetyry
B0B6TBP1N3,qwrtetyry
B0B59K9WC4,qwrtetyry
B0C2TZC443,qwrtetyry
B07XC8SXLZ,qwrtetyry
B0B74TBVVV,qwrtetyry
B0DDKLZ22T,qwrtetyry
B07ZYQQWNJ,qwrtetyry
B07HYXZYMN,qwrtetyry
B0BBF9DQN5,qwrtetyry
B0B3RSDY8M,qwrtetyry
B07G8Z5W4Q,qwrtetyry
B08MDM3KDQ,qwrtetyry
B09NJN3Q9K,qwrtetyry
B08NCJHMN6,qwrtetyry
B0D7BYZ931,qwrtetyry
B0CC1FJDKG,qwrtetyry
B0CBCZZ74F,qwrtetyry
B09ND7GX2C,qwrtetyry
B08W51N52K,qwrtetyry
B08FXNKV16,qwrtetyry
B06ZZCH8BK,qwrtetyry
B0D1QW55N2,qwrtetyry
B005UN73ZW,qwrtetyry
B09Y3791CQ,qwrtetyry
B0DGMQJNZQ,qwrtetyry
B08JQ2Y2PY,qwrtetyry
B0DBTPZ5DV,qwrtetyry
B087B7VPBM,qwrtetyry
B08TCJ3PLR,qwrtetyry
B094CZCDCR,qwrtetyry
B0C999LD4Y,qwrtetyry
B07MDWKY86,qwrtetyry
B09DG2B5VC,qwrtetyry
B0DJR946J1,qwrtetyry
B074RCPD6P,qwrtetyry
B07HF2LZJF,qwrtetyry
B08MZQTGR9,qwrtetyry
B0BZHQ75MZ,qwrtetyry
B06XCQ7P8R,qwrtetyry
B0CCNW4HR5,qwrtetyry
B09MG7P2X8,qwrtetyry
B0CYPQKJMV,qwrtetyry
B0D76HVBFX,qwrtetyry
B087WZRPC5,qwrtetyry
B0B4RXQDWQ,qwrtetyry
B0CS34J6LS,qwrtetyry
B0BW8DJG7D,qwrtetyry
B0C2VZ378W,qwrtetyry
B0C42T4LBV,qwrtetyry
B0B48QC95X,qwrtetyry
B01KI3DDOI,qwrtetyry
B0D7PNM457,qwrtetyry
B0C7CBDQP8,qwrtetyry
B002BB1WQM,qwrtetyry
B08MQ9HDSW,qwrtetyry
B0CN7C13NS,qwrtetyry
B09H3MMMYF,qwrtetyry
B00TTF1QX2,qwrtetyry
B0DQ85PC41,qwrtetyry
B0DHGTLKKK,qwrtetyry
B0DG8NX4NL,qwrtetyry
B0D31SRSMZ,qwrtetyry
B0BZR15S9H,qwrtetyry
B0BP9QB282,qwrtetyry
B0BJNVLM6D,qwrtetyry
B0B6B61BHH,qwrtetyry
B07FVN2RX3,qwrtetyry
B0C58RGN9D,qwrtetyry
B076GMXRGD,qwrtetyry
B0B2K73VJL,qwrtetyry
B0C5MK8LV6,qwrtetyry
B08G5F7YPK,qwrtetyry
B096PZ5LGD,qwrtetyry
B075J5BCMY,qwrtetyry
B0CJZG4Q9Y,qwrtetyry
B01L847EB4,qwrtetyry
B072JMQTV9,qwrtetyry
B0D9MHZYSK,qwrtetyry
B07BR2G8PD,qwrtetyry
B0BPW9CJBZ,qwrtetyry
B07Z9QNPPL,qwrtetyry
B010OB9JHO,qwrtetyry
B096ZBGB7F,qwrtetyry
B086ZFFKSJ,qwrtetyry
B0BR7PQS8X,qwrtetyry
B07D8J3KWG,qwrtetyry
B0C13G54X3,qwrtetyry
B081R3P1MP,qwrtetyry
B07HWKG9XV,qwrtetyry
B07Q7FHVLL,qwrtetyry
B07FSZ2WN8,qwrtetyry
B0DGKZCCFG,qwrtetyry
B0DFLZ1GRL,qwrtetyry
B0DDPQKDMT,qwrtetyry
B0DD3KGMN4,qwrtetyry
B0DD1S7GPD,qwrtetyry
B0DC599HD4,qwrtetyry
B0DBG766N7,qwrtetyry
B0D8BDR4BX,qwrtetyry
B0D7PWDX7V,qwrtetyry
B0D6RS2JFB,qwrtetyry
B0D5YJMN6Q,qwrtetyry
B0D5KLD4TS,qwrtetyry
B0D4VMWV85,qwrtetyry
B0D3QF8DTH,qwrtetyry
B0D3LTHST9,qwrtetyry
B0CZP27TJD,qwrtetyry
B0CYXT23ZV,qwrtetyry
B0CYPRXKX3,qwrtetyry
B0CYCJ6MWM,qwrtetyry
B0CY1HPYW7,qwrtetyry
B0CWYYQBJW,qwrtetyry
B0CVWYN77K,qwrtetyry
B0CTYP5SXB,qwrtetyry
B0CT33BQHL,qwrtetyry
B0CS3W1FYX,qwrtetyry
B0CQD4TMWG,qwrtetyry
B0CNLMQWV7,qwrtetyry
B0CN6PJRVV,qwrtetyry
B0CN19BK2H,qwrtetyry
B0CMCF7L88,qwrtetyry
B0CM5R3WJJ,qwrtetyry
B0CKTBTBT9,qwrtetyry
B0CDLF89S2,qwrtetyry
B0CD78MLM2,qwrtetyry
B0CBMRVF46,qwrtetyry
B0C8MK5N7R,qwrtetyry
B0C8H8K4V8,qwrtetyry
B0C6Q6MH2D,qwrtetyry
B0C465FDQL,qwrtetyry
B0C3M95WVW,qwrtetyry
B0BZBRJCHG,qwrtetyry
B0BYXL3CXD,qwrtetyry
B0BYNG5WQ7,qwrtetyry
B0BYJ77T6H,qwrtetyry
B0BNWC5SC3,qwrtetyry
B0BNQ4Q87H,qwrtetyry
B0BLVJSRDS,qwrtetyry
B0BFBDM5XM,qwrtetyry
B0BDZZH62J,qwrtetyry
B0BD5GJF2Y,qwrtetyry
B0B9LXVTTQ,qwrtetyry
B0B9KMQ4PP,qwrtetyry
B0B7MFJJSV,qwrtetyry
B0B31HWMZZ,qwrtetyry
B0B1CKRB2F,qwrtetyry
B09W5FWDNP,qwrtetyry
B09T2ZKZX8,qwrtetyry
B09P5Y4BVC,qwrtetyry
B089T3N29B,qwrtetyry
B08695XMYP,qwrtetyry
B0834D8Y8Q,qwrtetyry
B0833JS6ZX,qwrtetyry
B08176TWY2,qwrtetyry
B07V6HF8WP,qwrtetyry
B07V6CKBMS,qwrtetyry
B07TBH4FZ7,qwrtetyry
B07SJ4DWNB,qwrtetyry
B07M88WYLP,qwrtetyry
B074MPTWVY,qwrtetyry
B01D2F7S36,qwrtetyry
B00WUBZ48U,qwrtetyry
B00CFT0XVK,qwrtetyry
B09P3HP6KN,qwrtetyry
B09JKBVPKP,qwrtetyry
B09HQSDTJY,qwrtetyry
B09H5R6MYK,qwrtetyry
B09G1C6LZV,qwrtetyry
B097B39YMJ,qwrtetyry
B095545ZYL,qwrtetyry
B094QRNRGB,qwrtetyry
B09164SSCQ,qwrtetyry
B08YR4GB2K,qwrtetyry
B08Y8M5H3K,qwrtetyry
B08XP6QNQJ,qwrtetyry
B08VN3G7K3,qwrtetyry
B08SQ7N6W5,qwrtetyry
B08LZTRQFB,qwrtetyry
B08J83LFQ3,qwrtetyry
B09267LSQ4,qwrtetyry
B0D7M4YYGX,qwrtetyry
B0B8CY5YS6,qwrtetyry
B0CP2218JL,qwrtetyry
B0948W2X1P,qwrtetyry
B07RX5VFDF,qwrtetyry
B001K26LJQ,qwrtetyry
B06ZZCSZHL,qwrtetyry
B073TLM7FC,qwrtetyry
B0040CWYUI,qwrtetyry
B0BZSM7GV8,qwrtetyry
B07JM6YGPD,qwrtetyry
B07QJ7ZJ8F,qwrtetyry
B0BM9P1JJK,qwrtetyry
B08S57NYBJ,qwrtetyry
B07N7FKD4V,qwrtetyry
B014RW3XD2,qwrtetyry
B0D5QLPZHJ,qwrtetyry
B0D5LK42YV,qwrtetyry
B0CYCPJM5R,qwrtetyry
B09D3RJBYB,qwrtetyry
B0CD3RZ43P,qwrtetyry
B08NJXFMLC,qwrtetyry
B01LZED548,qwrtetyry
B01LWJA51Q,qwrtetyry
B0B7JWG2NN,qwrtetyry
B08YD12ZY8,qwrtetyry
B0DC671V62,qwrtetyry
B094RD8HWB,qwrtetyry
B0CP1TZHNW,qwrtetyry
B082FCKBY6,qwrtetyry
B0BMZX96KM,qwrtetyry
B086RTPDHV,qwrtetyry
B0C1BZ14ZQ,qwrtetyry
B00RYDAJ3Y,qwrtetyry
B0C8HBNWWM,qwrtetyry
B0C5JTVVLD,qwrtetyry
B0BJZS9R54,qwrtetyry
B09DXFPZFG,qwrtetyry
B099K3JX5R,qwrtetyry
B083HC53Y3,qwrtetyry
B07PRGW6T8,qwrtetyry
B07KJSGV3T,qwrtetyry
B000YQIEI0,qwrtetyry
B0DT4SX54W,qwrtetyry
B0DPSPCXZZ,qwrtetyry
B0DJPH34GY,qwrtetyry
B0DFPP98V7,qwrtetyry
B0D8KQLR4L,qwrtetyry
B0D8JQVY5H,qwrtetyry
B0D7C3JKSV,qwrtetyry
B0D6Z4F8YJ,qwrtetyry
B0C2LB9J2C,qwrtetyry
B0BZCDDXQ6,qwrtetyry
B0BGMFBXPV,qwrtetyry
B0CYL2TXJW,qwrtetyry
B0CZR763S9,qwrtetyry
B0CH89XJFM,qwrtetyry
B09C3QNZ7X,qwrtetyry
B08J4CNS5J,qwrtetyry
B0CKQDF3RH,qwrtetyry
B0CGHJL4WK,qwrtetyry
B0BL2T8PG4,qwrtetyry
B0BTLMNFB1,qwrtetyry
B0CLHK3Z7W,qwrtetyry
B0CL5874NV,qwrtetyry
B0CKHPLJGD,qwrtetyry
B0CJ2W6HFC,qwrtetyry
B0CHRND99H,qwrtetyry
B0CGD8FSBG,qwrtetyry
B0CF1W7WW9,qwrtetyry
B0CDLV172G,qwrtetyry
B0CB57TH73,qwrtetyry
B0C7PWY7FY,qwrtetyry
B0C5DKHDK4,qwrtetyry
B0C2V1RC3Y,qwrtetyry
B0C2HQSK4T,qwrtetyry
B0BYYQTZJY,qwrtetyry
B0BXNKX8B7,qwrtetyry
B0BWW76D76,qwrtetyry
B0D2XKQQQN,qwrtetyry
B0D28S4LTF,qwrtetyry
B0D1RD91YW,qwrtetyry
B0D1Q4NSYH,qwrtetyry
B0D17WYMV7,qwrtetyry
B0CYZGS615,qwrtetyry
B0CYWST44P,qwrtetyry
B0CYTH9X8M,qwrtetyry
B0CYT93H99,qwrtetyry
B0CXPYVYRS,qwrtetyry
B0CTF8KJRF,qwrtetyry
B0CRZGTJD4,qwrtetyry
B0CQZSGTZP,qwrtetyry
B0CQM95STT,qwrtetyry
B0CPDC53C4,qwrtetyry
B0CLPKNY3C,qwrtetyry
B09Z7KQ1G2,qwrtetyry
B09XK6HRDJ,qwrtetyry
B09L1732Q6,qwrtetyry
B09CH6WDC6,qwrtetyry
B097D43GT4,qwrtetyry
B0914MK7PJ,qwrtetyry
B08KJPD55S,qwrtetyry
B08F9S4FSV,qwrtetyry
B088WS9272,qwrtetyry
B085WWR992,qwrtetyry
B085TRH81X,qwrtetyry
B08293JZ79,qwrtetyry
B07Z2H8D1M,qwrtetyry
B07WXPLSK3,qwrtetyry
B07S7BL1ZK,qwrtetyry
B07RZVND6N,qwrtetyry
B0BTVF1H6S,qwrtetyry
B0BRXMLGMD,qwrtetyry
B0BPLZW79Q,qwrtetyry
B0BMGBJFGM,qwrtetyry
B0BK8D6H8H,qwrtetyry
B0BK8BXGLN,qwrtetyry
B0BK8BPD29,qwrtetyry
B0BJYZ68R7,qwrtetyry
B0BJV72JFZ,qwrtetyry
B0BBRMGZW2,qwrtetyry
B0BB2LJFRK,qwrtetyry
B0B9GMMDKX,qwrtetyry
B0B97W1DW8,qwrtetyry
B0B38R7BBR,qwrtetyry
B0B2MVRNRH,qwrtetyry
B0B19DYZ8K,qwrtetyry
B07QWFT7WD,qwrtetyry
B07QW7K9JH,qwrtetyry
B07Q5TLN99,qwrtetyry
B07P1QHGNS,qwrtetyry
B07MYDMKJ8,qwrtetyry
B07CXFWT3H,qwrtetyry
B07BK9RTQY,qwrtetyry
B078RPSJML,qwrtetyry
B077VTLDK8,qwrtetyry
B077CZ626Y,qwrtetyry
B076R8Q99H,qwrtetyry
B01NBKP0R3,qwrtetyry
B01N2HHPO9,qwrtetyry
B01LXKGSUZ,qwrtetyry
B00X5JRX6W,qwrtetyry
B0019LXPCE,qwrtetyry
B0BHZLNNJK,qwrtetyry
B0755YN5TV,qwrtetyry
B0BR5HNMFQ,qwrtetyry
B0BNHDN9VG,qwrtetyry
B07FCW1HWD,qwrtetyry
B07JY5MYLS,qwrtetyry
B08RBZ2PG8,qwrtetyry
B09B9X3YLF,qwrtetyry
B07YZ4D737,qwrtetyry
B098KP5C7H,qwrtetyry
B09JZXK8KN,qwrtetyry
B0CRGNKNDH,qwrtetyry
B08JCL3CCM,qwrtetyry
B000N8GV6G,qwrtetyry
B0CSN4V7GP,qwrtetyry
B0CH1LH1S3,qwrtetyry
B07H186T2Y,qwrtetyry
B0D9GYZ4KL,qwrtetyry
B0C2HKZB6B,qwrtetyry
B0D7MSW15Q,qwrtetyry
B0B19TPXS9,qwrtetyry
B0CD7L1VXB,qwrtetyry
B0B4K2VHQC,qwrtetyry
B0BN891L6G,qwrtetyry
B07QX7Y35T,qwrtetyry
B000Q0VU6M,qwrtetyry
B0D6G99QC8,qwrtetyry
B0CXXMC18K,qwrtetyry
B07WGQ1WX9,qwrtetyry
B0CKPDMJQX,qwrtetyry
B0C27D2JMN,qwrtetyry
B07SZXT6N7,qwrtetyry
B000C2GHK8,qwrtetyry
B0B3M3WG1Q,qwrtetyry
B07JPD9VTX,qwrtetyry
B0B1M5NWKB,qwrtetyry
B09PHB4S14,qwrtetyry
B085D9HHXH,qwrtetyry
B0CQRNZ2BR,qwrtetyry
B0CJ29GMJ9,qwrtetyry
B0C53HH6CW,qwrtetyry
B0CKMYNMK5,qwrtetyry
B0BWZN2D4F,qwrtetyry
B07HF5YDB6,qwrtetyry
B0BCHB5ZJK,qwrtetyry
B0CPL17YL9,qwrtetyry
B0B9GRCWH1,qwrtetyry
B09JWJDHKX,qwrtetyry
B07L14BY6Y,qwrtetyry
B01N5PVWEW,qwrtetyry
B0CC3WPYQQ,qwrtetyry
B0B442NQDF,qwrtetyry
B0CD21ZQZW,qwrtetyry
B07T11FDF6,qwrtetyry
B0CNVMZ39V,qwrtetyry
B0C2WYMVVN,qwrtetyry
B08VVYJGCH,qwrtetyry
B007CMXOVQ,qwrtetyry
B0BKW1697Y,qwrtetyry
B0B1ZBJ2F6,qwrtetyry
B0CH9Y6SX6,qwrtetyry
B00J0HBEDQ,qwrtetyry
B07QSCW2LK,qwrtetyry
B0C2XX19C4,qwrtetyry
B09YH3KVFG,qwrtetyry
B07F27W16P,qwrtetyry
B09QYSCCTN,qwrtetyry
B09XCYQ9R4,qwrtetyry
B0BW3JKHMS,qwrtetyry
B07GZ11D2J,qwrtetyry
B08L5YB4Y5,qwrtetyry
B001DLP4EM,qwrtetyry
B09QM5PLBD,qwrtetyry
B0CCQXWRG4,qwrtetyry
B0BM4Y4L2S,qwrtetyry
B08T9WLDSJ,qwrtetyry
B09BWM2RDJ,qwrtetyry
B07ZNVNM7X,qwrtetyry
B088HGTCPY,qwrtetyry
B07W61Y4GB,qwrtetyry
B0CRSZH7KT,qwrtetyry
B07P45MYTQ,qwrtetyry
B0D627F2CZ,qwrtetyry
B0D9YDRRY7,qwrtetyry
B0CRQP7L8T,qwrtetyry
B0BLTQKC8T,qwrtetyry
B0BR7VR4M2,qwrtetyry
B0C87V9134,qwrtetyry
B0CBS36LTS,qwrtetyry
B0C1X1CCFD,qwrtetyry
B0CQFL1JVK,qwrtetyry
B0BPWTM64T,qwrtetyry
B01N8XKIBJ,qwrtetyry
B09M4YH1XD,qwrtetyry
B00DQSKVIY,qwrtetyry
B09J9XJ41V,qwrtetyry
B0C3VSD1MW,qwrtetyry
B07NHQQ31G,qwrtetyry
B09NVQ8SJM,qwrtetyry
B0B8BT5J2Z,qwrtetyry
B0009LKI98,qwrtetyry
B00Z7NUY2Y,qwrtetyry
B098KJSM8M,qwrtetyry
B01NCVSW7A,qwrtetyry
B0868HTJXP,qwrtetyry
B0C37FXNYL,qwrtetyry
B0859N14FS,qwrtetyry
B07RY98JKW,qwrtetyry
B09LS73XPR,qwrtetyry
B002QCTQ8C,qwrtetyry
B00QYO7T9G,qwrtetyry
B01D8VLWV8,qwrtetyry
B006K8WS4W,qwrtetyry
B0C4YFLC39,qwrtetyry
B09HT1TFWR,qwrtetyry
B079NBY547,qwrtetyry
B0107NB2EC,qwrtetyry
B07VF44XFS,qwrtetyry
B081JP2Y53,qwrtetyry
B0BVLNP6TY,qwrtetyry
B08MTDGTLB,qwrtetyry
B08FFYZ4S3,qwrtetyry
B0CXSH78YL,qwrtetyry
B0BDSWN118,qwrtetyry
B08DKQFFPC,qwrtetyry
B07NWWNQ5J,qwrtetyry
B08SMDDWFC,qwrtetyry
B01G7LZTVK,qwrtetyry
B0BZNQNTL1,qwrtetyry
B0BNV34715,qwrtetyry
B0BPSBWJSS,qwrtetyry
B0BXC56Q3S,qwrtetyry
B0CLZQLLQ4,qwrtetyry
B08QLBH8FM,qwrtetyry
B0BGXHNPHW,qwrtetyry
B09QC4NFPK,qwrtetyry
B09QPLLPCL,qwrtetyry
B0D5Y6LK4D,qwrtetyry
B089VS8GGN,qwrtetyry
B0B3DPZN3Y,qwrtetyry
B0D1FZT226,qwrtetyry
B074PBDTVH,qwrtetyry
B0D148SLL1,qwrtetyry
B09NLFFL2Q,qwrtetyry
B0BSD6XVR6,qwrtetyry
B0B1HQQFF4,qwrtetyry
B096XMYSLZ,qwrtetyry
B0CG95T7NC,qwrtetyry
B096Z9FH2D,qwrtetyry
B0CT56VNWK,qwrtetyry
B095S8ZJ8D,qwrtetyry
B076GNS918,qwrtetyry
B08R81PJWS,qwrtetyry
B0B7WFB13Z,qwrtetyry
B0B6FDPRCH,qwrtetyry
B08PH5VG6D,qwrtetyry
B0CP7B49B9,qwrtetyry
B0C77W38KD,qwrtetyry
B085WTXXMS,qwrtetyry
B096G63KSV,qwrtetyry
B084PYYCDN,qwrtetyry
B08GYBBPR5,qwrtetyry
B0B28NC7VN,qwrtetyry
B0CYXXFLT6,qwrtetyry
B08R299MNK,qwrtetyry
B0BRNB7BCP,qwrtetyry
B0CRP3Q24Q,qwrtetyry
B0CQ52H2M3,qwrtetyry
B0BB3BNNFV,qwrtetyry
B0CQKHLCY8,qwrtetyry
B075FTTQ8X,qwrtetyry
B00KT5A740,qwrtetyry
B0DPMY1KSN,qwrtetyry
B0D1FQ4KVW,qwrtetyry
B0852Z248V,qwrtetyry
B083NDWYTC,qwrtetyry
B0CZ2JQT39,qwrtetyry
B003DW6O7A,qwrtetyry
B08HV1JTLB,qwrtetyry
B0CBRSCVSH,qwrtetyry
B0795S5Z45,qwrtetyry
B0CNYX8F82,qwrtetyry
B0CJ2QRFXX,qwrtetyry
B07CKXR75H,qwrtetyry
B0CX114RVL,qwrtetyry
B09QHW2DS4,qwrtetyry
B095YCVSFT,qwrtetyry
B07VC7RS6F,qwrtetyry
B007YRA4OO,qwrtetyry
B0CKS5653Q,qwrtetyry
B09V2LX2FL,qwrtetyry
B09B3QL2C8,qwrtetyry
B096K6PDZK,qwrtetyry
B095XX949B,qwrtetyry
B0852YK9PL,qwrtetyry
B07V4J4M4M,qwrtetyry
B0DPS6MDBD,qwrtetyry
B0DHKXGNKT,qwrtetyry
B0DC1GKWRQ,qwrtetyry
B0D6LDXKGB,qwrtetyry
B0D69TQMB1,qwrtetyry
B0D69R33MG,qwrtetyry
B0D5RC74WB,qwrtetyry
B0D5PW6DTW,qwrtetyry
B0D47F4JTL,qwrtetyry
B0D45LH6XQ,qwrtetyry
B0D2XZVZCV,qwrtetyry
B0D29JWT4P,qwrtetyry
B0CZSTCXYJ,qwrtetyry
B0CZ8TJBDV,qwrtetyry
B0CDFWTKYV,qwrtetyry
B0CC2X22GN,qwrtetyry
B0CBM7DR74,qwrtetyry
B0C9WDY4RF,qwrtetyry
B0C9PCPVPL,qwrtetyry
B0C65QPMMP,qwrtetyry
B0C5LSVMK4,qwrtetyry
B0C4NCL62K,qwrtetyry
B0C3CFH6CT,qwrtetyry
B0C2JX2DTD,qwrtetyry
B0C1693V3F,qwrtetyry
B0C13NFRGQ,qwrtetyry
B0BZQ2ZRR5,qwrtetyry
B0BYHQ6Y8G,qwrtetyry
B0BXGNNSWR,qwrtetyry
B0BL88GRR6,qwrtetyry
B0CXHNGXQ9,qwrtetyry
B0CX1HCW4V,qwrtetyry
B0CWTT9TCF,qwrtetyry
B0CT5Q1F8L,qwrtetyry
B0CSFD678D,qwrtetyry
B0CRDKYD1C,qwrtetyry
B0CQFFPMC8,qwrtetyry
B0CP9C1MCH,qwrtetyry
B0CNNXKQYZ,qwrtetyry
B0CN9J7H1P,qwrtetyry
B0CN34KMN6,qwrtetyry
B0CN19W131,qwrtetyry
B0CKMP86BQ,qwrtetyry
B0CJM254HC,qwrtetyry
B0CGDP8YNP,qwrtetyry
B0CFXB7YPN,qwrtetyry
B0BKLNVJF9,qwrtetyry
B0BJYTKVL7,qwrtetyry
B0BJPZC3RQ,qwrtetyry
B0BJPYTJ5H,qwrtetyry
B0BJP475NN,qwrtetyry
B0BHT4YW6R,qwrtetyry
B0BGHH6BNJ,qwrtetyry
B0BFKSK8NS,qwrtetyry
B0B4NYBCV2,qwrtetyry
B0B3CXK5VV,qwrtetyry
B09Y5N2XJ6,qwrtetyry
B09Y3CLTBM,qwrtetyry
B09VYSW179,qwrtetyry
B09TZKV7HP,qwrtetyry
B09SYWLD54,qwrtetyry
B09SSX9QYS,qwrtetyry
B09P39BNZY,qwrtetyry
B09NYJHG9W,qwrtetyry
B09LZ8234M,qwrtetyry
B09LLFDN2R,qwrtetyry
B09K3SDVKN,qwrtetyry
B09HY1V6YF,qwrtetyry
B09FF61C23,qwrtetyry
B09DQ3FCF3,qwrtetyry
B099359T32,qwrtetyry
B09817DBVY,qwrtetyry
B097ZBX3MM,qwrtetyry
B0929GZHQL,qwrtetyry
B08ZJMNZ8G,qwrtetyry
B08YMR9MVN,qwrtetyry
B08X9WCSL9,qwrtetyry
B08V8KG8NX,qwrtetyry
B075MPY67L,qwrtetyry
B072PQSLP9,qwrtetyry
B01LNF1KYA,qwrtetyry
B01JCQGWSQ,qwrtetyry
B004133R6Q,qwrtetyry
B09FNZMJ66,qwrtetyry
B01MVAQ7EH,qwrtetyry
B0B9G4HM4Z,qwrtetyry
B08K2RW66V,qwrtetyry
B09Y8TRYK7,qwrtetyry
B0BXL8JLX3,qwrtetyry
B002EOZ2R6,qwrtetyry
B0BP7LGHRT,qwrtetyry
B0B1HKTBRY,qwrtetyry
B00Y3GZHAU,qwrtetyry
B08NX5VTBT,qwrtetyry
B081VFG9VJ,qwrtetyry
B0BH52CV49,qwrtetyry
B08H1STY5M,qwrtetyry
B095BQBVPK,qwrtetyry
B08ZYFV2XZ,qwrtetyry
B074ZP9JTZ,qwrtetyry
B00OG1WXJK,qwrtetyry
B0DNHS8WFJ,qwrtetyry
B0DH23S9LP,qwrtetyry
B0DGLHR15J,qwrtetyry
B0DCRSFZWK,qwrtetyry
B0DCC1HZGQ,qwrtetyry
B0DBV9CMZ8,qwrtetyry
B0D9JVRH5K,qwrtetyry
B0D8GHRCRY,qwrtetyry
B0D89VT8J4,qwrtetyry
B0D836B2S9,qwrtetyry
B0D7HGF1NZ,qwrtetyry
B0D6W1TB1R,qwrtetyry
B0D452DYY4,qwrtetyry
B0D3FD13LJ,qwrtetyry
B0B1HQTW4C,qwrtetyry
B098NZ9KJT,qwrtetyry
B08L3LYVRR,qwrtetyry
B07H9Y3F2Z,qwrtetyry
B01N6NVDKH,qwrtetyry
B013Y75Q7W,qwrtetyry
B0DM21ZSC1,qwrtetyry
B0D7MM1QM5,qwrtetyry
B0CJGRM3J1,qwrtetyry
B0BTX83JJD,qwrtetyry
B0BTHGK6WH,qwrtetyry
B0B3WS3B8G,qwrtetyry
B0825JS92C,qwrtetyry
B07YGRC6HD,qwrtetyry
B07FWM6TBH,qwrtetyry
B07FF3Q487,qwrtetyry
B0D2KVBY8B,qwrtetyry
B0D2CRSD4D,qwrtetyry
B0D1XRM3VW,qwrtetyry
B0D1VJ77WT,qwrtetyry
B0D1MX8592,qwrtetyry
B0D1KJBJ9J,qwrtetyry
B0CYLG2D6N,qwrtetyry
B0CYKY6PS9,qwrtetyry
B0CXM8KQJ9,qwrtetyry
B0CX56B4C7,qwrtetyry
B0CW1RM54X,qwrtetyry
B0CT2DXYPB,qwrtetyry
B0CS2X9HH5,qwrtetyry
B0CRKPJ3DS,qwrtetyry
B0CQJSQN9Z,qwrtetyry
B0CQD5NLX9,qwrtetyry
B0CG1P1WQW,qwrtetyry
B0CFX9C5ZJ,qwrtetyry
B0CD1WM24Q,qwrtetyry
B0C9QN9716,qwrtetyry
B0C8NTBNPC,qwrtetyry
B0C8BG45SD,qwrtetyry
B0C893Q96P,qwrtetyry
B0C7VXBQ4V,qwrtetyry
B0C7VMMF5M,qwrtetyry
B0C7PC9KSD,qwrtetyry
B0C7GZKV1B,qwrtetyry
B0C52YN6DK,qwrtetyry
B0C3MYVZ9K,qwrtetyry
B0C3LD6VKL,qwrtetyry
B0C3C5N77P,qwrtetyry
B0C2P9PZQP,qwrtetyry
B0CPYFSTH5,qwrtetyry
B0CPSK2DCP,qwrtetyry
B0CPLK4XCV,qwrtetyry
B0CP46VKV5,qwrtetyry
B0CN6Z7XNQ,qwrtetyry
B0CM3VLK69,qwrtetyry
B0CLPKZP2W,qwrtetyry
B0CLP3NMB9,qwrtetyry
B0CLGX2D88,qwrtetyry
B0CLG6V3SV,qwrtetyry
B0CKVQT78Y,qwrtetyry
B0CK19C26M,qwrtetyry
B0CJRND6NB,qwrtetyry
B0CHY3W2YP,qwrtetyry
B0CHFS2GLX,qwrtetyry
B0CGZP5CJ4,qwrtetyry
B0C289GY5Y,qwrtetyry
B0C23KQF5Q,qwrtetyry
B0C1V8XYDN,qwrtetyry
B0BYZ7VXFB,qwrtetyry
B0BY8K6KP3,qwrtetyry
B0BT81QGPN,qwrtetyry
B0BRXKBKPP,qwrtetyry
B0BQJRSTST,qwrtetyry
B0BPLR95FT,qwrtetyry
B0BNL4Z64B,qwrtetyry
B0BMXV4B9P,qwrtetyry
B0BJXVBCXX,qwrtetyry
B0BHJJCGNL,qwrtetyry
B0BGM1Y1RK,qwrtetyry
B0BG4QDQRZ,qwrtetyry
B0BD7748ND,qwrtetyry
B09G544ZTZ,qwrtetyry
B09F3CWJ7J,qwrtetyry
B09F35YTXV,qwrtetyry
B09DCHTGXJ,qwrtetyry
B096TZGFJW,qwrtetyry
B095W64X12,qwrtetyry
B094Y3KS1L,qwrtetyry
B094GSWWKF,qwrtetyry
B0947364F7,qwrtetyry
B092SNWGBQ,qwrtetyry
B092S3R4RT,qwrtetyry
B092S2S1MB,qwrtetyry
B092CGX3LS,qwrtetyry
B0922FWWM5,qwrtetyry
B091DJ3275,qwrtetyry
B08XPRHVRX,qwrtetyry
B08VH7PRY5,qwrtetyry
B08V1MQWPF,qwrtetyry
B08S2RYRT4,qwrtetyry
B08R1MK2GJ,qwrtetyry
B08KFKD33F,qwrtetyry
B08HPGHCSQ,qwrtetyry
B08HGZB95C,qwrtetyry
B08HCZXLGR,qwrtetyry
B08GX7GSG7,qwrtetyry
B08D6P1SF5,qwrtetyry
B0873BM96S,qwrtetyry
B083R85BT8,qwrtetyry
B081K6NBNK,qwrtetyry
B07ZYJGC94,qwrtetyry
B07ZXK47T4,qwrtetyry
B07VKMHXLC,qwrtetyry
B0CJTSMXMD,qwrtetyry
B0C3VW4FGF,qwrtetyry
B0BWH7VT2M,qwrtetyry
B0CYPFNNLQ,qwrtetyry
B00OZVMX5A,qwrtetyry
B094FDZWVH,qwrtetyry
B0947DBB1J,qwrtetyry
B09DX38DYT,qwrtetyry
B085RH6ZFL,qwrtetyry
B09M9JGK3Z,qwrtetyry
B016ACXJI6,qwrtetyry
B07YM1RHSQ,qwrtetyry
B08MBDSZKK,qwrtetyry
B08TWK5W8P,qwrtetyry
B0CB6D2S8Y,qwrtetyry
B07215T466,qwrtetyry
B0D5Y9476Y,qwrtetyry
B0CLNX9JBT,qwrtetyry
B0CY5CYTZL,qwrtetyry
B0BJV2S53N,qwrtetyry
B0BYZ2J4N7,qwrtetyry
B082QZ4CZV,qwrtetyry
B087JHGLXF,qwrtetyry
B0BKQ7FC8H,qwrtetyry
B09QCGLJLR,qwrtetyry
B00FGHRDXE,qwrtetyry
B0CDL6FPT8,qwrtetyry
B09JKXKHGH,qwrtetyry
B0BFQBZS9N,qwrtetyry
B0CZ97R749,qwrtetyry
B09Z9BP2BQ,qwrtetyry
B0BNF5GDPX,qwrtetyry
B09PMMK32D,qwrtetyry
B07V36LDPQ,qwrtetyry
B08DR3VX1J,qwrtetyry
B08GV2YDH9,qwrtetyry
B01JROABYY,qwrtetyry
B01COPH45M,qwrtetyry
B078SGHWHJ,qwrtetyry
B0C4FTQYWZ,qwrtetyry
B08B18JKXB,qwrtetyry
B09S9R195K,qwrtetyry
B0D12HGGM6,qwrtetyry
B0BMGXP78M,qwrtetyry
B0BM4BSDBS,qwrtetyry
B09PRCMXDH,qwrtetyry
B08PJQDV8D,qwrtetyry
B0CQCW8JZL,qwrtetyry
B0CJ8S542Y,qwrtetyry
B0C2C31TJ2,qwrtetyry
B0C276HYL2,qwrtetyry
B0BTBPL46S,qwrtetyry
B09QGC36LQ,qwrtetyry
B09MK6JTGH,qwrtetyry
B097B4LQT1,qwrtetyry
B092VWJR99,qwrtetyry
B08S3JJKCB,qwrtetyry
B0D2W4F9WT,qwrtetyry
B000IY65ES,qwrtetyry
B09BW46154,qwrtetyry
B08SPXCNXX,qwrtetyry
B0C1GX6S6B,qwrtetyry
B0CCJC6J3S,qwrtetyry
B0C4NT7MCT,qwrtetyry
B08JLWH28M,qwrtetyry
B08JC4NKNK,qwrtetyry
B08DNV6HTX,qwrtetyry
B089SR1DRM,qwrtetyry
B089DC7X9D,qwrtetyry
B088Q17KR3,qwrtetyry
B0879F6QMC,qwrtetyry
B083Q9TRVQ,qwrtetyry
B07ZDFWJQH,qwrtetyry
B07Y4XGZH3,qwrtetyry
B07V7SYSBC,qwrtetyry
B07V5KZRC8,qwrtetyry
B07R1PGGVF,qwrtetyry
B07QSFPFXM,qwrtetyry
B07HHQJ3NN,qwrtetyry
B07B8CNJMJ,qwrtetyry
B08HLX2K35,qwrtetyry
B07KQHFK9V,qwrtetyry
B0DR21LV8J,qwrtetyry
B0DLNQ9ZHN,qwrtetyry
B0DL5NSYDV,qwrtetyry
B0DBYGFQMQ,qwrtetyry
B0D6RS66H6,qwrtetyry
B0D6QCZJJZ,qwrtetyry
B0D62ZJSQ5,qwrtetyry
B0D2Y86K89,qwrtetyry
B0D1JTFVFG,qwrtetyry
B0CZRVPVVF,qwrtetyry
B0CZLH441Y,qwrtetyry
B0CYZKFJ1D,qwrtetyry
B0CYLDB46C,qwrtetyry
B0CYGMF2DM,qwrtetyry
B0CJF1B4H7,qwrtetyry
B0CJCCJ9KM,qwrtetyry
B0CGX5J7DW,qwrtetyry
B0CGCMJ47H,qwrtetyry
B0CDX4NZBS,qwrtetyry
B0CCY3D7YC,qwrtetyry
B0C89J83D4,qwrtetyry
B0C7K6V1LC,qwrtetyry
B0C6LHWWJ2,qwrtetyry
B0C6D9S61S,qwrtetyry
B0C571JXRG,qwrtetyry
B0C55G4MZF,qwrtetyry
B0C4TF4Q7Z,qwrtetyry
B0BZZL8M8K,qwrtetyry
B0BY2SMZFY,qwrtetyry
B0BX981V6D,qwrtetyry
B0CYGL14X1,qwrtetyry
B0CXCFGMTB,qwrtetyry
B0CWZLNMRL,qwrtetyry
B0CWTZGLXL,qwrtetyry
B0CWTWGB15,qwrtetyry
B0CTY5HS1G,qwrtetyry
B0CTLTYNFL,qwrtetyry
B0CS6FNSL7,qwrtetyry
B0CS33952F,qwrtetyry
B0CNXVRP3D,qwrtetyry
B0CNVHDGML,qwrtetyry
B0CNRG98GW,qwrtetyry
B0CNM9F4NZ,qwrtetyry
B0CMD7VSS4,qwrtetyry
B0CLP146C3,qwrtetyry
B0CJR4DNHV,qwrtetyry
B0BWDPF8C3,qwrtetyry
B0BVGG1ZMJ,qwrtetyry
B0BVFPXY7G,qwrtetyry
B0BTHJC6QK,qwrtetyry
B0BQ6FZSS6,qwrtetyry
B0BMGYJVFS,qwrtetyry
B0BKFH7GT8,qwrtetyry
B0BJDPT34S,qwrtetyry
B0B39H52XG,qwrtetyry
B0B1T9M8QX,qwrtetyry
B0B1MXSVWQ,qwrtetyry
B0B179NYDT,qwrtetyry
B09Z2Q4PY7,qwrtetyry
B09XXDY21W,qwrtetyry
B09XQVKQDY,qwrtetyry
B09V3492LY,qwrtetyry
B0BCP34QCJ,qwrtetyry
B0BC9W1C2L,qwrtetyry
B0B8LG8T25,qwrtetyry
B0B825S487,qwrtetyry
B0B7DLP839,qwrtetyry
B0B76PYQRF,qwrtetyry
B0B62N824X,qwrtetyry
B0B5M9GX4Y,qwrtetyry
B0B1J2R43T,qwrtetyry
B09SL8PZCQ,qwrtetyry
B09RZP7FPT,qwrtetyry
B09PBD6FB2,qwrtetyry
B09MY898RJ,qwrtetyry
B09MQVBTQM,qwrtetyry
B09K57S1P8,qwrtetyry
B09J4NHM7K,qwrtetyry
B095C81X3M,qwrtetyry
B094JDTS6G,qwrtetyry
B093BZRJXT,qwrtetyry
B092HYHJRM,qwrtetyry
B08ZSNX683,qwrtetyry
B08ZCKBM9M,qwrtetyry
B08YDPK3CW,qwrtetyry
B08TQT3467,qwrtetyry
B08RDGJ478,qwrtetyry
B08QR84WWR,qwrtetyry
B08NXG689R,qwrtetyry
B08LG2L4WG,qwrtetyry
B08L9BZ66T,qwrtetyry
B08KKX3QDJ,qwrtetyry
B08KK9X9ZN,qwrtetyry
B08GCQ5BWF,qwrtetyry
B09QT4BMRV,qwrtetyry
B09QGMMRW1,qwrtetyry
B09QC234SC,qwrtetyry
B09PQD1RF5,qwrtetyry
B09PL42B8G,qwrtetyry
B09KV29488,qwrtetyry
B09K7F3WFG,qwrtetyry
B09JYGHGRZ,qwrtetyry
B09JP1V5GS,qwrtetyry
B09HS8V6QJ,qwrtetyry
B09GBGDMRC,qwrtetyry
B09C3GX2S9,qwrtetyry
B0992L452X,qwrtetyry
B096K81ZBB,qwrtetyry
B0965GH7HS,qwrtetyry
B095V8SHX2,qwrtetyry
B08FFLB2JL,qwrtetyry
B08DNSLDLX,qwrtetyry
B08CRK6S7Q,qwrtetyry
B08C6C5XT2,qwrtetyry
B08BF9HQ7Y,qwrtetyry
B08B9JJ8C4,qwrtetyry
B08B9DTBLT,qwrtetyry
B088Q158QR,qwrtetyry
B088KQ5BHH,qwrtetyry
B083Y521NS,qwrtetyry
B07YLG5N19,qwrtetyry
B07W5X2JK4,qwrtetyry
B07VQD2C2N,qwrtetyry
B07S43N4TY,qwrtetyry
B07FN4QW22,qwrtetyry
B07BNG9Y83,qwrtetyry
B07TYK2F7G,qwrtetyry
B07S9L281N,qwrtetyry
B07RHFFVKW,qwrtetyry
B07JQ7Z4H4,qwrtetyry
B07GXBHQF7,qwrtetyry
B07BK9KCJW,qwrtetyry
B078RTTMW1,qwrtetyry
B06XWXSNMZ,qwrtetyry
B01N66H5CB,qwrtetyry
B01CI3ZMHM,qwrtetyry
B0197MHINI,qwrtetyry
B00MB8YFJQ,qwrtetyry
B00EDT5E2S,qwrtetyry
B006PKMW4Q,qwrtetyry
B0049MDT1W,qwrtetyry
B000NNK6O4,qwrtetyry
B0779BZKRQ,qwrtetyry
B0776LKXBJ,qwrtetyry
B075T9JP79,qwrtetyry
B074HWXWJX,qwrtetyry
B06XWJH7W2,qwrtetyry
B01H84OOLG,qwrtetyry
B001L5QG60,qwrtetyry
B08Y1XJ8K9,qwrtetyry
B083DC1CG9,qwrtetyry
B0816PS7S6,qwrtetyry
B07435GFKN,qwrtetyry
B01LX9M95P,qwrtetyry
B007IV5MH0,qwrtetyry
B0C3YT14FP,qwrtetyry
B0BW3LL6VV,qwrtetyry
B08YN9WF3C,qwrtetyry
B08THJCNXG,qwrtetyry
B088H5KRSV,qwrtetyry
B07T85VNBJ,qwrtetyry
B07P3XG3C2,qwrtetyry
B07GT9V9YD,qwrtetyry
B071CTGKJY,qwrtetyry
B01LZS65MJ,qwrtetyry
B0D3TVNQ36,qwrtetyry
B0757YGMJT,qwrtetyry
B0B7RF55KN,qwrtetyry
B0CXQ7LPTS,qwrtetyry
B0BZVPCRR5,qwrtetyry
B00M8E6IKW,qwrtetyry
B0C5RSS4HN,qwrtetyry
B074TZDXBC,qwrtetyry
B0BV18SLJH,qwrtetyry
B0C5MLQMH4,qwrtetyry
B0044UR9GK,qwrtetyry
B0B31JYHLN,qwrtetyry
B0BYVGC7XP,qwrtetyry
B08J8HDQCB,qwrtetyry
B0B7JQ9MCG,qwrtetyry
B09ZTX83SG,qwrtetyry
B083CYX7W6,qwrtetyry
B009FF6DN4,qwrtetyry
B08L2522DF,qwrtetyry
B0946RLP36,qwrtetyry
B0141XV6AE,qwrtetyry
B08LNFKP45,qwrtetyry
B08NVJZB7V,qwrtetyry
B092ZWZYNV,qwrtetyry
B08H1XYMNX,qwrtetyry
B07KPSZ731,qwrtetyry
B003CK0FQY,qwrtetyry
B08F7HGQQX,qwrtetyry
B06XVDJG6C,qwrtetyry
B0CGL6RR9W,qwrtetyry
B09336RX24,qwrtetyry
B07ZV7BZHV,qwrtetyry
B01CB4KB10,qwrtetyry
B00BVX5FX2,qwrtetyry
B001PPUI8S,qwrtetyry
B0DMNQFQ6L,qwrtetyry
B0DK92MWWK,qwrtetyry
B0DHG8BN53,qwrtetyry
B0DG2XFM6Q,qwrtetyry
B0DFYDJ3KB,qwrtetyry
B0DFVZVDWM,qwrtetyry
B0DFD3L4RZ,qwrtetyry
B0DCZ2BHMJ,qwrtetyry
B0D9Y8Z4WW,qwrtetyry
B0D9VGPDNQ,qwrtetyry
B0D7ZQW9RY,qwrtetyry
B0D7Z3B628,qwrtetyry
B0D7QB2TZ1,qwrtetyry
B07ZDPM6PM,qwrtetyry
B07Y7XFVD3,qwrtetyry
B0CCXHBL7T,qwrtetyry
B09M7JHCSP,qwrtetyry
B0B5RM6NLP,qwrtetyry
B0CBTBCZW7,qwrtetyry
B0BX89CR3J,qwrtetyry
B0B2ZYHJKP,qwrtetyry
B09JNVPY36,qwrtetyry
B08ZN9L181,qwrtetyry
B07ZJTFZW5,qwrtetyry
B06WGP26S6,qwrtetyry
B005GDGA0K,qwrtetyry
B0C5JVQTMR,qwrtetyry
B0B96JP6BS,qwrtetyry
B0B1WY36W8,qwrtetyry
B0CYZLNZSV,qwrtetyry
B0CYSTYM9W,qwrtetyry
B0CYLBZ798,qwrtetyry
B0CX16CC3N,qwrtetyry
B0CTS2FV9Q,qwrtetyry
B0CTFCYLZN,qwrtetyry
B0CQLWPQ2Z,qwrtetyry
B0CQK38B6P,qwrtetyry
B0CPW74TCB,qwrtetyry
B0CPLZFDMF,qwrtetyry
B0CPLGW7PJ,qwrtetyry
B0CMZZLNS9,qwrtetyry
B0CMZRWT1W,qwrtetyry
B0CLRYJ52W,qwrtetyry
B0CKVBCSDL,qwrtetyry
B0CJJFKC6D,qwrtetyry
B0D7MQ27R9,qwrtetyry
B0D77F6MXP,qwrtetyry
B0D72HQT88,qwrtetyry
B0D6Y3J78M,qwrtetyry
B0D6GKNF7P,qwrtetyry
B0D59N6HMK,qwrtetyry
B0D54PPDS8,qwrtetyry
B0D4CWFNKM,qwrtetyry
B0D45GJMJD,qwrtetyry
B0D31VX5C9,qwrtetyry
B0D2J9R3F9,qwrtetyry
B0D21VSQLD,qwrtetyry
B0D1PRYQ1D,qwrtetyry
B0D1KDMQQ5,qwrtetyry
B0D17C68XZ,qwrtetyry
B0CZ82L93F,qwrtetyry
B0CHXQGKH7,qwrtetyry
B0CHFMJCMV,qwrtetyry
B0CH9GJLQ4,qwrtetyry
B0CH1192V8,qwrtetyry
B0CGRB4NNV,qwrtetyry
B0CGPTLRM8,qwrtetyry
B0CGKXXC4R,qwrtetyry
B0CFL95ZKG,qwrtetyry
B0CCJDMLN6,qwrtetyry
B0CBM23TGC,qwrtetyry
B0C95LRCK9,qwrtetyry
B0C8HWJ8N8,qwrtetyry
B0C7CDF4BP,qwrtetyry
B0C61R7YM6,qwrtetyry
B0C61L2966,qwrtetyry
B0C5ZXYDJD,qwrtetyry
B0C5CNP8WG,qwrtetyry
B0C4SKBZR5,qwrtetyry
B0C3Q9KSL2,qwrtetyry
B0C3MG74LD,qwrtetyry
B0C3BBCPQ1,qwrtetyry
B0C36B29YY,qwrtetyry
B0C2PFY63H,qwrtetyry
B0C2JWZWNJ,qwrtetyry
B0C1RTLTCH,qwrtetyry
B0C1492YB9,qwrtetyry
B0BZNZM49J,qwrtetyry
B0BZHR69JC,qwrtetyry
B0BZ38KG9B,qwrtetyry
B0BYZ4PC8J,qwrtetyry
B0BYSD9QHK,qwrtetyry
B0BYJ9627L,qwrtetyry
B0BXWC6N3P,qwrtetyry
B0BWD54VJH,qwrtetyry
B0BW17S8BW,qwrtetyry
B0BRC83P1R,qwrtetyry
B0BQJ8HTYL,qwrtetyry
B0BQ1NGHVK,qwrtetyry
B0BPMGNF6B,qwrtetyry
B0BNL2L6Y6,qwrtetyry
B0BN8R1KBL,qwrtetyry
B0BN8Q1V45,qwrtetyry
B0BN7HGZGC,qwrtetyry
B0BN2QTYJL,qwrtetyry
B0BLZ47SR2,qwrtetyry
B0BL782P8X,qwrtetyry
B0BJ78Q8R2,qwrtetyry
B0BHH9GFM1,qwrtetyry
B0BGS94NLM,qwrtetyry
B0BGGMMPY9,qwrtetyry
B0BG8XNPJR,qwrtetyry
B0BG7YZ3PT,qwrtetyry
B0BG2688VH,qwrtetyry
B0BFQN5CFW,qwrtetyry
B0BD82L4RV,qwrtetyry
B0BD3XZH8Z,qwrtetyry
B0BB8ZQ23V,qwrtetyry
B0B81G7PG3,qwrtetyry
B0B76KKRCD,qwrtetyry
B0B6PC1SSF,qwrtetyry
B0B6D1FHL6,qwrtetyry
B0B5QW5PKT,qwrtetyry
B0B3TN3CFM,qwrtetyry
B0B2VZWKTG,qwrtetyry
B09MK4983J,qwrtetyry
B09G9LB6F7,qwrtetyry
B09G58VHGD,qwrtetyry
B09FZB9YF1,qwrtetyry
B09F96WYR9,qwrtetyry
B098NKYFF5,qwrtetyry
B098G137YX,qwrtetyry
B097T1QXJ7,qwrtetyry
B097SHHRFW,qwrtetyry
B097JQ88YR,qwrtetyry
B097B42S2W,qwrtetyry
B095RSLNL4,qwrtetyry
B094GPX9PR,qwrtetyry
B093KFGCQ4,qwrtetyry
B0933JYW6J,qwrtetyry
B092D6KFN9,qwrtetyry
B0B2JYSHS2,qwrtetyry
B0B1HS597Y,qwrtetyry
B0B12DZYP9,qwrtetyry
B09ZP197M1,qwrtetyry
B09Z37VYCS,qwrtetyry
B09YHH9PKC,qwrtetyry
B09XXDK37R,qwrtetyry
B09V2C7M91,qwrtetyry
B09TQ6F7XL,qwrtetyry
B09SLLJQ3P,qwrtetyry
B09QLC7HBC,qwrtetyry
B09QGPGFF2,qwrtetyry
B09NRYF3DC,qwrtetyry
B09NDFFJZ9,qwrtetyry
B09MWHHQMH,qwrtetyry
B09MTSXLNV,qwrtetyry
B06XX5HS8M,qwrtetyry
B018XN2AOY,qwrtetyry
B00U2H5FW4,qwrtetyry
B00KCEERWG,qwrtetyry
B0924KJM52,qwrtetyry
B091GPRC1D,qwrtetyry
B08W3CSHBF,qwrtetyry
B08RJ74K2V,qwrtetyry
B08PYYMC7X,qwrtetyry
B08M1885SZ,qwrtetyry
B08LKL1NJZ,qwrtetyry
B08LC4BLHS,qwrtetyry
B08C56Z24V,qwrtetyry
B089V7C9S2,qwrtetyry
B089RJF8F2,qwrtetyry
B088KPZQPZ,qwrtetyry
B087TBVRD7,qwrtetyry
B085PQCS9D,qwrtetyry
B0856X6VRG,qwrtetyry
B08311PZDQ,qwrtetyry
B078PJDK8D,qwrtetyry
B081Q45WT1,qwrtetyry
B0811SXNHW,qwrtetyry
B07Z7XGMTS,qwrtetyry
B07YY18V9H,qwrtetyry
B07VWHMV4F,qwrtetyry
B07SPY3LY7,qwrtetyry
B07QRT1V9L,qwrtetyry
B07PPYMK74,qwrtetyry
B07MBKY9YF,qwrtetyry
B07HVVM6TZ,qwrtetyry
B07D1RJ91J,qwrtetyry
B077XBX34K,qwrtetyry
B077D13YTG,qwrtetyry
B076FSXFSC,qwrtetyry
B07477NW8P,qwrtetyry
B0725J5WFV,qwrtetyry
B096RKFZW6,qwrtetyry
B0BFWC34QJ,qwrtetyry
B08M5BVCWS,qwrtetyry
B08LKGVTLQ,qwrtetyry
B08HGZH29H,qwrtetyry
B0C2P51BN5,qwrtetyry
B07YWD8G5P,qwrtetyry
B000EQQOSW,qwrtetyry
B0D91GBM6N,qwrtetyry
B07C5G5Z3X,qwrtetyry
B01NBVZD0T,qwrtetyry
B01IF3QS8G,qwrtetyry
B07FQ4GRHV,qwrtetyry
B0B4DGLGR5,qwrtetyry
B09FWKF9Y3,qwrtetyry
B0BZ88HKY5,qwrtetyry
B0CQ74MYD6,qwrtetyry
B0BRR6HXB1,qwrtetyry
B0CBRS12P7,qwrtetyry
B08M5YN3LQ,qwrtetyry
B0B4SNHD6F,qwrtetyry
B0CXP9TFS2,qwrtetyry
B0865JY1KR,qwrtetyry
B0DGCWJFHJ,qwrtetyry
B08P6MJ3B3,qwrtetyry
B093L3V35J,qwrtetyry
B075JF7QJZ,qwrtetyry
B07F2GBHMG,qwrtetyry
B091T12KRM,qwrtetyry
B08D7NJKQK,qwrtetyry
B09CR42SC4,qwrtetyry
B0C9L7VC6C,qwrtetyry
B0C2WRQ5W6,qwrtetyry
B08PD59GM6,qwrtetyry
B09XPYZ4GQ,qwrtetyry
B07ZDMDLM2,qwrtetyry
B07KX3CHYT,qwrtetyry
B07FKJTVKF,qwrtetyry
B0DHZSW2NG,qwrtetyry
B0CXMW9LZJ,qwrtetyry
B0CLVNYSSV,qwrtetyry
B0C52Z6BPP,qwrtetyry
B0B9RJYSMT,qwrtetyry
B0B5MK8L68,qwrtetyry
B0B5DF3G9W,qwrtetyry
B09BFTGQ7J,qwrtetyry
B096PLCJPZ,qwrtetyry
B0CP3DPGFJ,qwrtetyry
B0CN4CJ43D,qwrtetyry
B0CLNZGKD3,qwrtetyry
B0CLMJK8Q1,qwrtetyry
B0CLL4KD1M,qwrtetyry
B0CL75YZ7N,qwrtetyry
B0CK563WBF,qwrtetyry
B0CJM65Z4R,qwrtetyry
B0CJJLYHXX,qwrtetyry
B0CJJ66YZZ,qwrtetyry
B0CJBXHLST,qwrtetyry
B0CFQBSC7T,qwrtetyry
B0CF4JVBQD,qwrtetyry
B0CDXWFR2G,qwrtetyry
B0CDQY33S2,qwrtetyry
B0CDGCV8VD,qwrtetyry
B093GR3H62,qwrtetyry
B08XY7D98L,qwrtetyry
B08G5D5988,qwrtetyry
B07W6FJNRS,qwrtetyry
B01HQDCYVG,qwrtetyry
B00RL845RI,qwrtetyry
B0040CVYMW,qwrtetyry
B0DLKZBNJT,qwrtetyry
B0DJNRTS7M,qwrtetyry
B0DJ2S3J83,qwrtetyry
B0DFCNXZMT,qwrtetyry
B0DD31L42K,qwrtetyry
B0DB4ZGR5B,qwrtetyry
B0D95DMHZ5,qwrtetyry
B0D8KR84X8,qwrtetyry
B0D8J6DHJB,qwrtetyry
B0D83G9ZBG,qwrtetyry
B0D83F2M9S,qwrtetyry
B0D6YQHTYG,qwrtetyry
B0D4TWGCJF,qwrtetyry
B0D372V1T8,qwrtetyry
B0D2HMD2LQ,qwrtetyry
B0D2H6CKW2,qwrtetyry
B0D1G93BFJ,qwrtetyry
B0D1127B1K,qwrtetyry
B0CYGQ5R77,qwrtetyry
B0CY4S236P,qwrtetyry
B0CXPYDRFN,qwrtetyry
B0CW54H5JV,qwrtetyry
B0CQZJPPKM,qwrtetyry
B0CQXLTQWQ,qwrtetyry
B0CPF6JQRX,qwrtetyry
B0BV6SCJ8Z,qwrtetyry
B0BV1SXLFK,qwrtetyry
B0BRZ4RSZ5,qwrtetyry
B0BRJPBGL3,qwrtetyry
B0BN877C4D,qwrtetyry
B0BKXQM7P4,qwrtetyry
B0BKPQY91N,qwrtetyry
B0BJDY8BMX,qwrtetyry
B0BHZ58B7C,qwrtetyry
B0BD3XXDWL,qwrtetyry
B0BB7FP5RV,qwrtetyry
B0B7MDQ67L,qwrtetyry
B0B689JG3R,qwrtetyry
B0B2828ZFR,qwrtetyry
B09XQJ9WFR,qwrtetyry
B09WTT5T6D,qwrtetyry
B0CBZ65MT8,qwrtetyry
B0CBBTYKN3,qwrtetyry
B0C89PKPJH,qwrtetyry
B0C894LLGG,qwrtetyry
B0C64X86D9,qwrtetyry
B0C5D1YST2,qwrtetyry
B0C4NC4N6M,qwrtetyry
B0C3QNJKWM,qwrtetyry
B0C36CXBBM,qwrtetyry
B0C2PHY5QQ,qwrtetyry
B0C2N3QQCL,qwrtetyry
B0C2MV1LD5,qwrtetyry
B0BZYQJ69L,qwrtetyry
B0BZJNLQRS,qwrtetyry
B0BXL4NQ53,qwrtetyry
B09TNB9G6Q,qwrtetyry
B09QPC4WKC,qwrtetyry
B09KZY6Y69,qwrtetyry
B09KNH49R2,qwrtetyry
B09K6XZK5P,qwrtetyry
B09H4DDBHD,qwrtetyry
B09F6DHW6W,qwrtetyry
B09C5PHN5K,qwrtetyry
B09B2N5GXJ,qwrtetyry
B0987FTHV7,qwrtetyry
B096V4LYLR,qwrtetyry
B095L45HSV,qwrtetyry
B094CY5J5H,qwrtetyry
B091QB1WR5,qwrtetyry
B08Z9PY7GL,qwrtetyry
B08XZXXM4V,qwrtetyry
B08TM183YL,qwrtetyry
B08RHPX9L2,qwrtetyry
B08RDH37YP,qwrtetyry
B08RCHZPHS,qwrtetyry
B08RCHXXQK,qwrtetyry
B08QC51DP9,qwrtetyry
B08M3MJSLR,qwrtetyry
B08L861JXD,qwrtetyry
B08HXX2NK5,qwrtetyry
B08G8XK4BP,qwrtetyry
B08C366CQZ,qwrtetyry
B08BWYDPR3,qwrtetyry
B08BL4HPRV,qwrtetyry
B087TMJFTZ,qwrtetyry
B07Z5X3L2D,qwrtetyry
B07S9H914G,qwrtetyry
B07R9SV342,qwrtetyry
B07PRT5SYY,qwrtetyry
B07L64GY3D,qwrtetyry
B07JJ9W8JF,qwrtetyry
B07HL91DTW,qwrtetyry
B07FY7FV6D,qwrtetyry
B07B2R7LZF,qwrtetyry
B01JJXQ7JQ,qwrtetyry
B00XT238JQ,qwrtetyry
B00XAGTHCS,qwrtetyry
B00J6NCCQ2,qwrtetyry
B0132J9YTI,qwrtetyry
B0C9T5ZYZG,qwrtetyry
B07D583KFJ,qwrtetyry
B0BG828Q3L,qwrtetyry
B09VFDF938,qwrtetyry
B0B6PJHS5G,qwrtetyry
B098NKGV29,qwrtetyry
B0B6PGQ7R8,qwrtetyry
B07Q7Q8Q5G,qwrtetyry
B0B5VKVDJB,qwrtetyry
B09R82JGK1,qwrtetyry
B0B5GSH7H4,qwrtetyry
B00EBBBYOA,qwrtetyry
B07XB1D8YS,qwrtetyry
B0BMQFPKP1,qwrtetyry
B07D9JD6PM,qwrtetyry
B07ZNSCCWF,qwrtetyry
B093Q9WXYF,qwrtetyry
B08GYFFGLW,qwrtetyry
B0B2HMZDJ6,qwrtetyry
B09LLV9CW2,qwrtetyry
B09HGK8Y6T,qwrtetyry
B0C667854Z,qwrtetyry
B01KGAEAYA,qwrtetyry
B09B99HF43,qwrtetyry
B09B77XFB3,qwrtetyry
B08PBVLF5Y,qwrtetyry
B07PJT3LNY,qwrtetyry
B079853ZLC,qwrtetyry
B074HNDPBM,qwrtetyry
B01NATFA2Y,qwrtetyry
B01M1RKU27,qwrtetyry
B08G1VSNBP,qwrtetyry
B08ZLYGXY7,qwrtetyry
B0819SGGZ5,qwrtetyry
B004A8I4RE,qwrtetyry
B07TSC6SGZ,qwrtetyry
B003CJWOT6,qwrtetyry
B0C3MDC9NG,qwrtetyry
B08Y8PX6BR,qwrtetyry
B0C768NC8N,qwrtetyry
B0BGB29BZ8,qwrtetyry
B0140XMB2C,qwrtetyry
B0BXYBCQ2W,qwrtetyry
B09VQ5TGL8,qwrtetyry
B09P54FJTS,qwrtetyry
B08SHXPW5F,qwrtetyry
B07JFD1WHV,qwrtetyry
B01M1EW13Q,qwrtetyry
B0BDKC9N5S,qwrtetyry
B0B3Y85FLJ,qwrtetyry
B09XLV3BQK,qwrtetyry
B08MFNVLTB,qwrtetyry
B08952CYLY,qwrtetyry
B07WYF7NHK,qwrtetyry
B07B67PVY6,qwrtetyry
B01LKEVLLQ,qwrtetyry
B0CNSR4Y98,qwrtetyry
B0CB5NNTM8,qwrtetyry
B0C749HQWP,qwrtetyry
B0C5WWRBPB,qwrtetyry
B0C3VXJCL2,qwrtetyry
B0BHP31WQ3,qwrtetyry
B09SWG7Q9D,qwrtetyry
B0BP2DRLQP,qwrtetyry
B0BL81NQ9T,qwrtetyry
B0BKWDC668,qwrtetyry
B0BG1V2GQT,qwrtetyry
B0BCPMQWSY,qwrtetyry
B0BCPLSSF6,qwrtetyry
B0BB8XKZBR,qwrtetyry
B0B9795L1F,qwrtetyry
B0B8NDL5K2,qwrtetyry
B0B8H3PJZV,qwrtetyry
B0B8BS6VXG,qwrtetyry
B0B7RWSVSV,qwrtetyry
B0B7LC5K1Q,qwrtetyry
B0B1ZPXQ7W,qwrtetyry
B0B1V24L4H,qwrtetyry
B0B1TD3ZC5,qwrtetyry
B09BVLDDC4,qwrtetyry
B09BPV5Q2F,qwrtetyry
B0995ZFY5M,qwrtetyry
B097B5N5WZ,qwrtetyry
B092PH2V25,qwrtetyry
B091B4N1SL,qwrtetyry
B08ZCMZSTR,qwrtetyry
B08C2HTBNL,qwrtetyry
B083XBBXJM,qwrtetyry
B07YBMV7MW,qwrtetyry
B075HHXWST,qwrtetyry
B072Q1M1SK,qwrtetyry
B071GYBLV2,qwrtetyry
B00X31CNLM,qwrtetyry
B001CTI8MK,qwrtetyry
B0DQWX58W1,qwrtetyry
B0C32M9PL1,qwrtetyry
B0C2YZLCJ3,qwrtetyry
B0C2TFN1YN,qwrtetyry
B0BY8MP6K5,qwrtetyry
B0BXH9C1KL,qwrtetyry
B0BXH8C26Q,qwrtetyry
B0BXGGHG7K,qwrtetyry
B0BX8WP6Y6,qwrtetyry
B0BWX9Q5PL,qwrtetyry
B0BTP6MPYH,qwrtetyry
B0BRPVVKMQ,qwrtetyry
B0BRNCL346,qwrtetyry
B0BRHMY7JC,qwrtetyry
B0BQSVDFRG,qwrtetyry
B0BPSQ4SVH,qwrtetyry
B0BPMNFWTM,qwrtetyry
B0DHTQSBMM,qwrtetyry
B0DHCNNDZT,qwrtetyry
B0DFB1K4KL,qwrtetyry
B0DBHR2GR1,qwrtetyry
B0D9XZ6ZY3,qwrtetyry
B0D98FZ27B,qwrtetyry
B0D86C8W65,qwrtetyry
B0D7CH57RP,qwrtetyry
B0D7CD9V9M,qwrtetyry
B0D6VYJ95D,qwrtetyry
B0D6V1747X,qwrtetyry
B0D3C1CNFX,qwrtetyry
B0D1PGRJHK,qwrtetyry
B0D17JF1C6,qwrtetyry
B0CZXWMJM1,qwrtetyry
B0CZL4Y1XN,qwrtetyry
B0CYPTSNFP,qwrtetyry
B0CX1LWXCT,qwrtetyry
B0CVWZKJXP,qwrtetyry
B0CTBVTBWB,qwrtetyry
B0CT5271KK,qwrtetyry
B0CSYD2LNV,qwrtetyry
B0CSD5XTTW,qwrtetyry
B0CRYKQ91D,qwrtetyry
B0CRTYGRBW,qwrtetyry
B0CRQSMGQN,qwrtetyry
B0CR9VWFF9,qwrtetyry
B0CPJ7NGXW,qwrtetyry
B0CP384J3J,qwrtetyry
B0CNGJY8TH,qwrtetyry
B0CN91JWK6,qwrtetyry
B0CN11NBWQ,qwrtetyry
B0CM6FYF64,qwrtetyry
B0CM2X4LLW,qwrtetyry
B0CL9P3JMQ,qwrtetyry
B0CKZH13XT,qwrtetyry
B0CJXLL541,qwrtetyry
B0CJFRT89Q,qwrtetyry
B0CJ52HKFT,qwrtetyry
B0CHMP7BFC,qwrtetyry
B0CDXX4DR2,qwrtetyry
B0CCTPXVPF,qwrtetyry
B0CBJLQYTB,qwrtetyry
B0CBBLHTZ6,qwrtetyry
B0CB7H9ZJN,qwrtetyry
B0C81SDFZ8,qwrtetyry
B0C33W1JBH,qwrtetyry
B091L5X9WR,qwrtetyry
B08ZS1774Y,qwrtetyry
B08X6F1SRS,qwrtetyry
B08RB7HWX4,qwrtetyry
B08R5W9NN2,qwrtetyry
B08JZG8X8M,qwrtetyry
B08HCXQB1T,qwrtetyry
B08CL11B95,qwrtetyry
B0895CN7DR,qwrtetyry
B088FZQVBP,qwrtetyry
B084ZCW8JQ,qwrtetyry
B0833Q53XL,qwrtetyry
B07ZVVG45Y,qwrtetyry
B07YFZDDV5,qwrtetyry
B07VHH9J3S,qwrtetyry
B07TX638NC,qwrtetyry
B0B1MGFF64,qwrtetyry
B0B1HCXMKT,qwrtetyry
B0B1D458GY,qwrtetyry
B09XWQ68F7,qwrtetyry
B09WK348M6,qwrtetyry
B09TTP3HMZ,qwrtetyry
B09STF5CYW,qwrtetyry
B09PRCX71K,qwrtetyry
B09P1GWMHV,qwrtetyry
B09NNBFRXB,qwrtetyry
B09KRFR5G9,qwrtetyry
B09K5TQMHP,qwrtetyry
B09K56TPKR,qwrtetyry
B09JP3Q1GR,qwrtetyry
B09J93Z2FN,qwrtetyry
B09H37NNN8,qwrtetyry
B07TP487QL,qwrtetyry
B07RL1NDG5,qwrtetyry
B07RJ57V8Q,qwrtetyry
B07QYWHDDS,qwrtetyry
B07QWRKCHB,qwrtetyry
B07P1QPB5Q,qwrtetyry
B07NS5YCH5,qwrtetyry
B07NNL2228,qwrtetyry
B07MZN326J,qwrtetyry
B07MLPRNXP,qwrtetyry
B07JHVV24R,qwrtetyry
B07H59NJ2G,qwrtetyry
B07GNYS9NG,qwrtetyry
B07G56W4M8,qwrtetyry
B07D694B57,qwrtetyry
B079VNZCNQ,qwrtetyry
B0786RKFWZ,qwrtetyry
B075MD145K,qwrtetyry
B074STJ5HB,qwrtetyry
B0742Z5YJF,qwrtetyry
B071Y7FW1M,qwrtetyry
B071H4TWXP,qwrtetyry
B071GL18TB,qwrtetyry
B01N6KIPDH,qwrtetyry
B01FS4T8E6,qwrtetyry
B00LCXWBPG,qwrtetyry
B00JQGRVOM,qwrtetyry
B000TNC5DS,qwrtetyry
B000EQET34,qwrtetyry
B09G2XVXBG,qwrtetyry
B09FLHS1PX,qwrtetyry
B09FJF9LCV,qwrtetyry
B09DVSKZDY,qwrtetyry
B09C2ZH282,qwrtetyry
B09BCT13RF,qwrtetyry
B099NDTKKT,qwrtetyry
B098TVCG1L,qwrtetyry
B098MFVQL7,qwrtetyry
B0978LPTRJ,qwrtetyry
B096M83F8V,qwrtetyry
B095C82XX5,qwrtetyry
B094VDZWZN,qwrtetyry
B092VVC364,qwrtetyry
B092NZ6RJQ,qwrtetyry
B0924WV3Y1,qwrtetyry
B085QKYJHP,qwrtetyry
B0BKQYNQ9P,qwrtetyry
B071LS8SFT,qwrtetyry
B09N2V1XN2,qwrtetyry
B07GH719WB,qwrtetyry
B09FYHJ5V9,qwrtetyry
B0B64CTDPC,qwrtetyry
B09CV2SWKK,qwrtetyry
B083LLSNZK,qwrtetyry
B096PJ1F5X,qwrtetyry
B0CJZMMDNY,qwrtetyry
B07ZP166HV,qwrtetyry
B00Q86ZQTK,qwrtetyry
B07TD2L5VZ,qwrtetyry
B0B4543NNJ,qwrtetyry
B07HHJVKD1,qwrtetyry
B07BJ5NYR4,qwrtetyry
B0757M228H,qwrtetyry
B087V8GVF1,qwrtetyry
B072JGVBKX,qwrtetyry
B0BF5LH971,qwrtetyry
B0BX8VD8JX,qwrtetyry
B09KNFL2XC,qwrtetyry
B08ZYGVTZP,qwrtetyry
B08T5VY71Q,qwrtetyry
B0875PX8S9,qwrtetyry
B08B41CBDR,qwrtetyry
B09BQNFS4F,qwrtetyry
B08RJJDW52,qwrtetyry
B08J4FZ8BQ,qwrtetyry
B07Q6TD5D2,qwrtetyry
B0B2WHSQ9P,qwrtetyry
B087TF3D15,qwrtetyry
B07Z3GMRHK,qwrtetyry
B07XVKMZ67,qwrtetyry
B078HHC85T,qwrtetyry
B078BCQRDY,qwrtetyry
B0788QLG3R,qwrtetyry
B071Z6FW94,qwrtetyry
B071FQ5BGM,qwrtetyry
B01MCUQXPG,qwrtetyry
B00D7HN0LE,qwrtetyry
B0DKXB2F92,qwrtetyry
B0DJVH8JGX,qwrtetyry
B0DGSH282C,qwrtetyry
B0DCMQ5W33,qwrtetyry
B0DC1P9ZTD,qwrtetyry
B0DB1RQ1T9,qwrtetyry
B0CYFVD1CZ,qwrtetyry
B0CX1NK42T,qwrtetyry
B0CWNLQNGW,qwrtetyry
B0CVS38J9W,qwrtetyry
B0CV9GMXKB,qwrtetyry
B0CS9H7KS4,qwrtetyry
B0CRYGGYJM,qwrtetyry
B0CRV4NYGS,qwrtetyry
B0CQT9H49N,qwrtetyry
B0CQFVZNQ3,qwrtetyry
B0CP3YSW81,qwrtetyry
B0CP1MMR5J,qwrtetyry
B0CNQWPVXD,qwrtetyry
B0CNPLJ47P,qwrtetyry
B0CNCMH2H1,qwrtetyry
B0CN8XK12K,qwrtetyry
B0D9YDT2XS,qwrtetyry
B0D93KTJFQ,qwrtetyry
B0D8HZ192R,qwrtetyry
B0D87LXVMT,qwrtetyry
B0D7BYXJKW,qwrtetyry
B0D6BBLFC7,qwrtetyry
B0D4YJXDQY,qwrtetyry
B0D4R5HFJ9,qwrtetyry
B0D4M4PF5J,qwrtetyry
B0D4M3JCTB,qwrtetyry
B0D44VW8TN,qwrtetyry
B0D2RS52N8,qwrtetyry
B0D2CTSD2Q,qwrtetyry
B0D294FWWB,qwrtetyry
B0D175T7QX,qwrtetyry
B0CZXVQMYN,qwrtetyry
B08KH38XQJ,qwrtetyry
B0D5CTSNY7,qwrtetyry
B0CG88641C,qwrtetyry
B093NTBBZ5,qwrtetyry
B089M59MY9,qwrtetyry
B078RTYWNP,qwrtetyry
B07581XC54,qwrtetyry
B0CJ28F4J3,qwrtetyry
B0C3N1SVSX,qwrtetyry
B0B4DN1Y6R,qwrtetyry
B09WMQ97NM,qwrtetyry
B09VYZ6JF7,qwrtetyry
B092Q84C8D,qwrtetyry
B091T7D8WZ,qwrtetyry
B08GX37QN1,qwrtetyry
B08CSRTNBH,qwrtetyry
B0CL2JYSVR,qwrtetyry
B0CKZGQW2Y,qwrtetyry
B0CKXHN2PH,qwrtetyry
B0CKST4X6C,qwrtetyry
B0CKP2KKN5,qwrtetyry
B0CJC4CXQ7,qwrtetyry
B0CJ7TSB1B,qwrtetyry
B0CJ74CTLB,qwrtetyry
B0CJ6T12BL,qwrtetyry
B0CGX2FLKW,qwrtetyry
B0CGNTY65N,qwrtetyry
B0CGKW7WQB,qwrtetyry
B0CGHTQL38,qwrtetyry
B0CG84GSLH,qwrtetyry
B0CG55B1GN,qwrtetyry
B0CF3XS7X7,qwrtetyry
B0C5WXZHQF,qwrtetyry
B0C3V3KT3L,qwrtetyry
B0C3B7YR4J,qwrtetyry
B0C2YB36YN,qwrtetyry
B0C2H8DQ8G,qwrtetyry
B0C1SFL4CP,qwrtetyry
B0C16WZ82H,qwrtetyry
B0BZSNRHGS,qwrtetyry
B0BZP64YQS,qwrtetyry
B0BZMVFVLY,qwrtetyry
B0BYJ8VD97,qwrtetyry
B0BY51HTJK,qwrtetyry
B0BXFS1LQK,qwrtetyry
B0BX8DCFJR,qwrtetyry
B0BWLZYLNV,qwrtetyry
B0BW66LXMR,qwrtetyry
B0BDXYQWVF,qwrtetyry
B0BDSDKVWG,qwrtetyry
B0BCPFKW6K,qwrtetyry
B0B9T4QXPG,qwrtetyry
B0B9GYVKQJ,qwrtetyry
B0B94PFYS5,qwrtetyry
B0B8BX5QBV,qwrtetyry
B0B8BGS6GT,qwrtetyry
B0B7MQBD5W,qwrtetyry
B0B67LYWHB,qwrtetyry
B0B4D9NCPC,qwrtetyry
B0B4292T4X,qwrtetyry
B0B2ZSRLH4,qwrtetyry
B09Y5GMXSC,qwrtetyry
B09XQQ2BCW,qwrtetyry
B09WY7H68H,qwrtetyry
B0CD2GXFH8,qwrtetyry
B0CCRVQD9W,qwrtetyry
B0CCMSF32H,qwrtetyry
B0CC28M9LX,qwrtetyry
B0CBJTM7BM,qwrtetyry
B0CBDMH1KT,qwrtetyry
B0C9YGCT7B,qwrtetyry
B0C9G4ZDH6,qwrtetyry
B0C99F35KC,qwrtetyry
B0C8JCG3RJ,qwrtetyry
B0C7VBVZKN,qwrtetyry
B0C7V1HYJC,qwrtetyry
B0C7GQ3WX6,qwrtetyry
B0C73XVPKK,qwrtetyry
B0C6TSXCS5,qwrtetyry
B0C61YJPDT,qwrtetyry
B09K3TJS6S,qwrtetyry
B09K3N9D9W,qwrtetyry
B09H4VS23M,qwrtetyry
B09F5QZW23,qwrtetyry
B09CMFFNZT,qwrtetyry
B09BK16G5F,qwrtetyry
B098XD3DCH,qwrtetyry
B096ZBX64B,qwrtetyry
B096FNLS4D,qwrtetyry
B093PXY4CY,qwrtetyry
B0936GG2LN,qwrtetyry
B0922JS37Q,qwrtetyry
B0912XYXQ2,qwrtetyry
B08RK1CLJJ,qwrtetyry
B08QJ17DRY,qwrtetyry
B08PYTLNH2,qwrtetyry
B07VPHJX1T,qwrtetyry
B07TYZ6QW9,qwrtetyry
B07TJQYGP8,qwrtetyry
B07R9PPXNS,qwrtetyry
B07R1625BJ,qwrtetyry
B07K69XW8R,qwrtetyry
B07JXZ6PHD,qwrtetyry
B07JD7GFLG,qwrtetyry
B07FTCC5T2,qwrtetyry
B07FMM9QDF,qwrtetyry
B07F1BBMWS,qwrtetyry
B07DNBFS32,qwrtetyry
B07CW7QBKP,qwrtetyry
B07BYSSPXM,qwrtetyry
B07BD4FPH3,qwrtetyry
B07B3K7JCR,qwrtetyry
B09VY3JHWM,qwrtetyry
B09VW27N9R,qwrtetyry
B09V4NXK2D,qwrtetyry
B09TT6DSN9,qwrtetyry
B09TQ5GPNT,qwrtetyry
B09RWG7DH2,qwrtetyry
B09RVTLSZJ,qwrtetyry
B09PKWNGPD,qwrtetyry
B09PFNWZPM,qwrtetyry
B09MSDCZZX,qwrtetyry
B09MRS759V,qwrtetyry
B09MQK1KR9,qwrtetyry
B09LV9VP3M,qwrtetyry
B09L15QT31,qwrtetyry
B09KCQ3G7M,qwrtetyry
B09K594Z6W,qwrtetyry
B0BW643SZK,qwrtetyry
B0BTHH53PV,qwrtetyry
B0BRVFVYKW,qwrtetyry
B0BNH6JWHH,qwrtetyry
B0BMZCK8WS,qwrtetyry
B0BMPTVKNB,qwrtetyry
B0BL3B8MSZ,qwrtetyry
B0BJV5YXYJ,qwrtetyry
B0BJQNJ1RD,qwrtetyry
B0BJ2ZC3FK,qwrtetyry
B0BHXV7KGD,qwrtetyry
B0BHQJRFRS,qwrtetyry
B0BHJKWNG9,qwrtetyry
B0BGDYJ8D7,qwrtetyry
B0BF9XLGWY,qwrtetyry
B0791WDBRD,qwrtetyry
B078TKTYS6,qwrtetyry
B0776T1SDG,qwrtetyry
B076H188C7,qwrtetyry
B0745QG13J,qwrtetyry
B0719PY9Q2,qwrtetyry
B06X9MG8VS,qwrtetyry
B01MU1G4S0,qwrtetyry
B01MSYMJJT,qwrtetyry
B01BN57T18,qwrtetyry
B01B5TBCQK,qwrtetyry
B013XV9MGA,qwrtetyry
B00XQBBPGS,qwrtetyry
B00X5GHLK8,qwrtetyry
B00LSVJ9HA,qwrtetyry
B006GESMIG,qwrtetyry
B08LVH11PP,qwrtetyry
B08JSTPGMV,qwrtetyry
B08HDJ3KQH,qwrtetyry
B08H4KYDFY,qwrtetyry
B08FTMGYTY,qwrtetyry
B08C7SM5J3,qwrtetyry
B08BHKHCND,qwrtetyry
B085FVG6N6,qwrtetyry
B084GYH1YJ,qwrtetyry
B081R495VF,qwrtetyry
B081H1P8BT,qwrtetyry
B07Y2RHX65,qwrtetyry
B07WYCTNCM,qwrtetyry
B07VZZ6XFT,qwrtetyry
B0DQSG51Y8,qwrtetyry
B0DHK9H4ZV,qwrtetyry
B0DHFRVHBZ,qwrtetyry
B0DFC21ZYG,qwrtetyry
B0DC6B8G38,qwrtetyry
B0DC488VN4,qwrtetyry
B0DBFX633K,qwrtetyry
B0D9M8W5SS,qwrtetyry
B0D9CKX8QV,qwrtetyry
B0D7ZFHP82,qwrtetyry
B0D7Z8FK8G,qwrtetyry
B0D78V174W,qwrtetyry
B0D735THB5,qwrtetyry
B0D5WD3LCP,qwrtetyry
B0D4JYW7FR,qwrtetyry
B0D2HKRB93,qwrtetyry
B0D1VG2VB5,qwrtetyry
B0D12LR7X2,qwrtetyry
B0CXPJDX34,qwrtetyry
B0CXLVKW4T,qwrtetyry
B0CWGM5TYB,qwrtetyry
B0CTC1L826,qwrtetyry
B0CT58NRX1,qwrtetyry
B0CQX2915Q,qwrtetyry
B0CQ7YPHKP,qwrtetyry
B0CPY3V13Z,qwrtetyry
B0CPDHWNBT,qwrtetyry
B0CPDH1MX8,qwrtetyry
B0CP472FZ7,qwrtetyry
B0CM9DMQL5,qwrtetyry
B0CLDXSSFG,qwrtetyry
B0CLCWKP5H,qwrtetyry
B06XYB46HT,qwrtetyry
B082M9CMX5,qwrtetyry
B07R56B7WD,qwrtetyry
B09M8PYGGJ,qwrtetyry
B08H5T4SY3,qwrtetyry
B07S4QJJZD,qwrtetyry
B083FLTJKF,qwrtetyry
B0CNQY64FQ,qwrtetyry
B001OK6QBM,qwrtetyry
B001BADV0O,qwrtetyry
B0CB3XMMN2,qwrtetyry
B0C27N24FZ,qwrtetyry
B0BQLG7G9W,qwrtetyry
B0B19CFCNQ,qwrtetyry
B08QMSN4GY,qwrtetyry
B07QCXPFHK,qwrtetyry
B0CL6P5T8B,qwrtetyry
B0CL4VPWNT,qwrtetyry
B0CKBWXZVN,qwrtetyry
B0CK426B9N,qwrtetyry
B0CJ4ND3F4,qwrtetyry
B0CGJDXTVN,qwrtetyry
B0CGHBNMNR,qwrtetyry
B0CFL5G4YW,qwrtetyry
B0CFHGYV9L,qwrtetyry
B0CFFB76KJ,qwrtetyry
B0CF91F8YY,qwrtetyry
B0CF1S6PZB,qwrtetyry
B0CC96W4PZ,qwrtetyry
B0CBRZ9TGQ,qwrtetyry
B0CB55GDM6,qwrtetyry
B0C8TZCYDF,qwrtetyry
B0C857YJC8,qwrtetyry
B0C63LVF23,qwrtetyry
B0C61ZHLHC,qwrtetyry
B0C53GG3Z3,qwrtetyry
B0C3LPCXM5,qwrtetyry
B0C3CQ4NNP,qwrtetyry
B0C3BZ1N7X,qwrtetyry
B0C2P95HHT,qwrtetyry
B0C28RJQ2Y,qwrtetyry
B0C1F1W7MZ,qwrtetyry
B0C1BCZK8N,qwrtetyry
B0C148WRL7,qwrtetyry
B0BYVQ8N8P,qwrtetyry
B0BS8SYHH1,qwrtetyry
B0BQ6GTZK9,qwrtetyry
B0BPJX71PJ,qwrtetyry
B0BN5HTH1M,qwrtetyry
B0BMLMSHBK,qwrtetyry
B0BM42Q4MX,qwrtetyry
B0BKQKSSB8,qwrtetyry
B0BK4QS16L,qwrtetyry
B0BG7J9ZTH,qwrtetyry
B0BDRQPPB9,qwrtetyry
B0BD8CP98F,qwrtetyry
B0BC2CTDF6,qwrtetyry
B0BC19M3SX,qwrtetyry
B0B8TZVK6Y,qwrtetyry
B0B4NBVML3,qwrtetyry
B0B2X4JCY4,qwrtetyry
B09ZRFHNQX,qwrtetyry
B09ZHXN415,qwrtetyry
B09YD2CXVB,qwrtetyry
B09Y2WJB2F,qwrtetyry
B09XMC3JRS,qwrtetyry
B09TP65V68,qwrtetyry
B09R2CPZ2Z,qwrtetyry
B09KXGR1CS,qwrtetyry
B09KV73B7J,qwrtetyry
B09J9172GT,qwrtetyry
B09FPPZZMD,qwrtetyry
B09D8YVCXN,qwrtetyry
B098R72NTR,qwrtetyry
B097VQR4QL,qwrtetyry
B0972FK4DC,qwrtetyry
B095P443P9,qwrtetyry
B08VS96D6L,qwrtetyry
B08TFDXLPX,qwrtetyry
B08PW755BK,qwrtetyry
B06XWKGNYQ,qwrtetyry
B01LXLRU8Z,qwrtetyry
B00547HA0W,qwrtetyry
B000FEK8TE,qwrtetyry
B000E0TFA2,qwrtetyry
B08XXQYRKS,qwrtetyry
B0757NWLR3,qwrtetyry
B0768SNQS3,qwrtetyry
B09L4J1VHY,qwrtetyry
B096RVK56X,qwrtetyry
B07T1WP5CY,qwrtetyry
B01LQP665U,qwrtetyry
B017E0869A,qwrtetyry
B092J3HH6J,qwrtetyry
B0CFYQBLSY,qwrtetyry
B091DLBH3L,qwrtetyry
B07S1LD7YQ,qwrtetyry
B079V4JN1L,qwrtetyry
B015OSHRHG,qwrtetyry
B0BX5BFN14,qwrtetyry
B0B55V5TXS,qwrtetyry
B08NDJPG3C,qwrtetyry
B08M5RZSDN,qwrtetyry
B08LNCJBTM,qwrtetyry
B08GLW4DHB,qwrtetyry
B08G8S3LXQ,qwrtetyry
B08DXYH63Q,qwrtetyry
B08D32YH6D,qwrtetyry
B0894VDDJB,qwrtetyry
B088LZTC5X,qwrtetyry
B07WCCNJTH,qwrtetyry
B07TYC83BD,qwrtetyry
B07P7N6GZ8,qwrtetyry
B07LHGQ6KS,qwrtetyry
B07HXYS3PZ,qwrtetyry
B07985FQ97,qwrtetyry
B0796RMP3H,qwrtetyry
B0DP21K2KC,qwrtetyry
B0DNQFNQFH,qwrtetyry
B0DK6ZZCT6,qwrtetyry
B0DJ75RF9X,qwrtetyry
B0DHCGV71Y,qwrtetyry
B0DCVG88J9,qwrtetyry
B0DBLW3QJK,qwrtetyry
B0D91GRC82,qwrtetyry
B0D8Y5G4JS,qwrtetyry
B0D8JDTC81,qwrtetyry
B0D8J16WYD,qwrtetyry
B0D8HQ7XND,qwrtetyry
B0D87JB551,qwrtetyry
B0D6K2P32K,qwrtetyry
B0D6GJHXJ9,qwrtetyry
B0D69D12KY,qwrtetyry
B0CTQGG9GH,qwrtetyry
B0CQRTRJVK,qwrtetyry
B0CPDJ1WCC,qwrtetyry
B0CP3WK4VZ,qwrtetyry
B0CNZGSZMX,qwrtetyry
B0CNVT7C7S,qwrtetyry
B0CNMYW2YM,qwrtetyry
B0CNKQ7RBL,qwrtetyry
B0CNG9XB56,qwrtetyry
B0CN6GYZ2Z,qwrtetyry
B0CN441XMW,qwrtetyry
B0CLZTNLX5,qwrtetyry
B0CLY85GRX,qwrtetyry
B0CKVRXNKH,qwrtetyry
B0CGDNLFGV,qwrtetyry
B0CFX73G2N,qwrtetyry
B0D4M3Y4S4,qwrtetyry
B0D4JLXVHG,qwrtetyry
B0D4D4WG3X,qwrtetyry
B0D41SDCDG,qwrtetyry
B0D2STD412,qwrtetyry
B0D2KFKD59,qwrtetyry
B0D2D8893Y,qwrtetyry
B0D297R7FX,qwrtetyry
B0D21Y2C4S,qwrtetyry
B0CZ9GMGLH,qwrtetyry
B0CYZXW584,qwrtetyry
B0CYZGPCLK,qwrtetyry
B0CY91Z4BP,qwrtetyry
B0CY2DWD1N,qwrtetyry
B0CWTNNL3T,qwrtetyry
B0CWGTPJ5R,qwrtetyry
B0C1BFHZJ9,qwrtetyry
B0BZNWGG61,qwrtetyry
B0BYYMC83Z,qwrtetyry
B0BYSVHP8G,qwrtetyry
B0BYJX4RBP,qwrtetyry
B0BY1H5X2R,qwrtetyry
B0BXW89V79,qwrtetyry
B0BX3BSYF4,qwrtetyry
B0BWXCVFX8,qwrtetyry
B0BWRM7P27,qwrtetyry
B0BWMF25JG,qwrtetyry
B0BVBC6S6L,qwrtetyry
B0BRK47HWW,qwrtetyry
B0BRK2M2P2,qwrtetyry
B0BPGW5XT1,qwrtetyry
B0BJVN6RWL,qwrtetyry
B09Q5XSRQD,qwrtetyry
B09Q2ZYTHX,qwrtetyry
B09P2X2VPF,qwrtetyry
B09NDY1G6W,qwrtetyry
B09N3MPC53,qwrtetyry
B09M525H56,qwrtetyry
B09J3XBTK1,qwrtetyry
B09CT6WPCY,qwrtetyry
B098SWWCT3,qwrtetyry
B09878DCT9,qwrtetyry
B0986RQYQ8,qwrtetyry
B0977N8QKZ,qwrtetyry
B096WZ61TV,qwrtetyry
B096LPR83H,qwrtetyry
B093B7XZW6,qwrtetyry
B0927JDJ2Z,qwrtetyry
B0CFVDFRSF,qwrtetyry
B0CF18VTW5,qwrtetyry
B0CCTS7QBP,qwrtetyry
B0CCJ4N48X,qwrtetyry
B0CBR93DCL,qwrtetyry
B0CB7Q1D2R,qwrtetyry
B0C9ZDKFY7,qwrtetyry
B0C6STL99Y,qwrtetyry
B0C6SRWC16,qwrtetyry
B0C5RH2PTF,qwrtetyry
B0C5DY7688,qwrtetyry
B0C5D5GDH2,qwrtetyry
B0C4DF5H14,qwrtetyry
B0C3RQ43R2,qwrtetyry
B0C3MLCSQP,qwrtetyry
B0C3LVVWYZ,qwrtetyry
B0CHN78CRK,qwrtetyry
B0C73GMDCJ,qwrtetyry
B09S3331GH,qwrtetyry
B09DGS46K5,qwrtetyry
B09CGR3NT3,qwrtetyry
B08ZRZ2FK1,qwrtetyry
B08X6CKLXC,qwrtetyry
B01EWBY9UY,qwrtetyry
B0CFKQP9X3,qwrtetyry
B0C23NGGGD,qwrtetyry
B09FZ86DDP,qwrtetyry
B09D8WBSNZ,qwrtetyry
B08BYHB3D4,qwrtetyry
B07ZNFFQ3Z,qwrtetyry
B00Z7NFM3U,qwrtetyry
B0DPMSLSB4,qwrtetyry
B0BHZ4L2DD,qwrtetyry
B0BG7KKQWZ,qwrtetyry
B0BG7FMNF2,qwrtetyry
B0BFZJCG3J,qwrtetyry
B0BC6BNSB3,qwrtetyry
B0BBBDC82N,qwrtetyry
B0B8D6JZSJ,qwrtetyry
B0B7DX76W7,qwrtetyry
B0B77FY7YY,qwrtetyry
B0B5R4TB4J,qwrtetyry
B0B4P192QN,qwrtetyry
B09YLN8HKH,qwrtetyry
B09YD4FVPM,qwrtetyry
B09Y5BW3T6,qwrtetyry
B09TZR2BP8,qwrtetyry
B09SYZJFPP,qwrtetyry
B09238WHBV,qwrtetyry
B08ZXPVCL6,qwrtetyry
B08VFL3SV9,qwrtetyry
B08QFKTQGM,qwrtetyry
B08QCZ3RK4,qwrtetyry
B08P6WZ5MR,qwrtetyry
B08MJJH3CB,qwrtetyry
B08LGSY6SH,qwrtetyry
B08J6PWLPJ,qwrtetyry
B08GJH28NG,qwrtetyry
B08DXYYKG4,qwrtetyry
B08CR97Q1G,qwrtetyry
B08B8HM7Y9,qwrtetyry
B087CXCNPW,qwrtetyry
B0837989ZK,qwrtetyry
B082X3JSDN,qwrtetyry
B00X5JRZ7E,qwrtetyry
B00FQD52YK,qwrtetyry
B00916F1AI,qwrtetyry
B081D8KYC4,qwrtetyry
B07ZTX7GMX,qwrtetyry
B07VVMLLNF,qwrtetyry
B07TCDNMLZ,qwrtetyry
B07TB416CY,qwrtetyry
B07RZSFM4N,qwrtetyry
B07RYTJL4D,qwrtetyry
B07P1TFQBG,qwrtetyry
B07NDLD3N6,qwrtetyry
B07HHZQ6PV,qwrtetyry
B079BFS976,qwrtetyry
B07964GNYQ,qwrtetyry
B0792BHJQ8,qwrtetyry
B076JFM3YX,qwrtetyry
B018XHPITE,qwrtetyry
B00YJKZQXI,qwrtetyry
B098J4R2D8,qwrtetyry
B07FDKS22P,qwrtetyry
B016MI1TOO,qwrtetyry
B004HGSPT6,qwrtetyry
B0DQWVQLL4,qwrtetyry
B0DNHSPKWV,qwrtetyry
B0DJZ82X5J,qwrtetyry
B0DBQRDXSR,qwrtetyry
B0DBHPRBBF,qwrtetyry
B0D93BPPB5,qwrtetyry
B0D91ZJMF7,qwrtetyry
B0D8VYYH7L,qwrtetyry
B0D89YFNM8,qwrtetyry
B0D6VKST8B,qwrtetyry
B0D698TBHX,qwrtetyry
B0D25RZ696,qwrtetyry
B094XXNN58,qwrtetyry
B097P7FRR6,qwrtetyry
B08FB5Y9XV,qwrtetyry
B0BN935XGR,qwrtetyry
B09TF2TVCQ,qwrtetyry
B08Q7NW1Y4,qwrtetyry
B01CIPUB0S,qwrtetyry
B0CZHPSQ3S,qwrtetyry
B06XGQRD4M,qwrtetyry
B0CTQD1DWW,qwrtetyry
B0CRVS71W2,qwrtetyry
B0C7RKCR6B,qwrtetyry
B0C4D6MFHN,qwrtetyry
B0BY7VJVTW,qwrtetyry
B09NKRK2KP,qwrtetyry
B09JVXPGQ1,qwrtetyry
B0D1VWLZXK,qwrtetyry
B0D1KM3LR7,qwrtetyry
B0CWVPFR1M,qwrtetyry
B0CTMTBTGQ,qwrtetyry
B0CS9LZ8DR,qwrtetyry
B0CRDV5JQ3,qwrtetyry
B0CPV7M7NC,qwrtetyry
B0CMX857QX,qwrtetyry
B0CLLRSCTH,qwrtetyry
B0CLDFGNGW,qwrtetyry
B0CKKXKV14,qwrtetyry
B0CJGMCKCM,qwrtetyry
B0CJFGCD12,qwrtetyry
B0CGTMM6X1,qwrtetyry
B0CFL4S1CX,qwrtetyry
B0CBLQ69TH,qwrtetyry
B0CB3H9DLF,qwrtetyry
B0C9T9ZQSY,qwrtetyry
B0C9LN8SDL,qwrtetyry
B0C814Z156,qwrtetyry
B0C61928KH,qwrtetyry
B0C5VYLLR9,qwrtetyry
B0C4KSVBG9,qwrtetyry
B0C43WKWHQ,qwrtetyry
B0C2PJJJ3V,qwrtetyry
B0C2N6DB7H,qwrtetyry
B0BXS86PTR,qwrtetyry
B0BWLZX1PB,qwrtetyry
B0BNL2XJTP,qwrtetyry
B0BJDP9HXR,qwrtetyry
B0BGX142YT,qwrtetyry
B0BBTC7JLK,qwrtetyry
B07FMDBL8P,qwrtetyry
B07FGD59CQ,qwrtetyry
B07DWVQRKG,qwrtetyry
B07BLLPT7J,qwrtetyry
B078M2R8NV,qwrtetyry
B077RJDHZL,qwrtetyry
B075XRR75M,qwrtetyry
B071F7R2G2,qwrtetyry
B06X1C337P,qwrtetyry
B00I6AMLUI,qwrtetyry
B00E4OKJPO,qwrtetyry
B00D4FHZEM,qwrtetyry
B0B7SML96K,qwrtetyry
B0B635XZQG,qwrtetyry
B0B5RJM1NK,qwrtetyry
B0B52SJ76H,qwrtetyry
B0B4FZ249V,qwrtetyry
B0B49TX392,qwrtetyry
B09Z2S2NGJ,qwrtetyry
B09YCGF6VG,qwrtetyry
B09W3ZT1YX,qwrtetyry
B09SL7TQMX,qwrtetyry
B09QS1ZQSP,qwrtetyry
B09QM9G9WD,qwrtetyry
B09H5J57TG,qwrtetyry
B099PLYTSD,qwrtetyry
B094GRH8N2,qwrtetyry
B09376BWVJ,qwrtetyry
B00BVX5GXQ,qwrtetyry
B0B19FV6VL,qwrtetyry
B0BXNRC51S,qwrtetyry
B08G52GFH1,qwrtetyry
B082T228QP,qwrtetyry
B0CSFVVX4Q,qwrtetyry
B0052IPNUC,qwrtetyry
B0CQRL1GQP,qwrtetyry
B082Q4WBS3,qwrtetyry
B07SFM51P1,qwrtetyry
B002P4NOU2,qwrtetyry
B0C1VL4R75,qwrtetyry
B0BX754ZTM,qwrtetyry
B08ZY8GRYS,qwrtetyry
B00OTQP4IO,qwrtetyry
B0CZ3RKR89,qwrtetyry
B0CJR66X4P,qwrtetyry
B0CB3CRW58,qwrtetyry
B0B2DYHH4P,qwrtetyry
B09G7TGS1S,qwrtetyry
B09C9QNNFD,qwrtetyry
B098QZQ8FT,qwrtetyry
B08MVLMHDR,qwrtetyry
B07YKJV7PD,qwrtetyry
B07BPWFSX8,qwrtetyry
B0CJ6BK5YZ,qwrtetyry
B0C4P7W17B,qwrtetyry
B0BNZ6WFDY,qwrtetyry
B09WJXCDG8,qwrtetyry
B09T38ZY8J,qwrtetyry
B09KBW75HX,qwrtetyry
B08GHT8Y4P,qwrtetyry
B0936P72LH,qwrtetyry
B08ZCC97L1,qwrtetyry
B08QHM2XC1,qwrtetyry
B08MQ1TJ9F,qwrtetyry
B08LKNQSQ4,qwrtetyry
B08DHT4GHV,qwrtetyry
B08BNMWWGR,qwrtetyry
B08BFH847D,qwrtetyry
B087651RQT,qwrtetyry
B081J5PPHD,qwrtetyry
B07W4GWSDF,qwrtetyry
B07TT3CPM7,qwrtetyry
B07SDG4NGG,qwrtetyry
B07S1Y81ZT,qwrtetyry
B07JC56RDZ,qwrtetyry
B07GG66FCM,qwrtetyry
B084TQTHR2,qwrtetyry
B082NMBW7F,qwrtetyry
B01DB2PEPY,qwrtetyry
B0DLL3RDK8,qwrtetyry
B0DJM5FXG9,qwrtetyry
B0DCYLKTBV,qwrtetyry
B0DCVGZVQM,qwrtetyry
B0DBLGYHNK,qwrtetyry
B0DBKVRB4F,qwrtetyry
B0D9XXH9VP,qwrtetyry
B0D9MLSFHC,qwrtetyry
B0D9H6FPH3,qwrtetyry
B0D7LT85KC,qwrtetyry
B0D735ZPM2,qwrtetyry
B0D45LM5CF,qwrtetyry
B0D42843SN,qwrtetyry
B0D3GYYSRK,qwrtetyry
B0D2QV9T6Q,qwrtetyry
B0D2HGRHDS,qwrtetyry
B0D221FRJ4,qwrtetyry
B0D1PDQJ6V,qwrtetyry
B0D1JYP58Q,qwrtetyry
B0D1C4YBCF,qwrtetyry
B0D14RTF7C,qwrtetyry
B0CYY5M39V,qwrtetyry
B0CYCB4LSG,qwrtetyry
B0CWLB3GD3,qwrtetyry
B0CRR4C2R4,qwrtetyry
B0CQW1T1VZ,qwrtetyry
B0CQQ8SNN3,qwrtetyry
B0CQCCN5C1,qwrtetyry
B0CPPDLPZT,qwrtetyry
B0CP8SGVLK,qwrtetyry
B0CP5F4BL9,qwrtetyry
B0CLLRCMN8,qwrtetyry
B0CKPS8BFH,qwrtetyry
B0CJM5FWFY,qwrtetyry
B0CHM1HZW5,qwrtetyry
B0CGRJQ9QF,qwrtetyry
B0CGR2V272,qwrtetyry
B0CGL5H9R5,qwrtetyry
B0CFQF15PR,qwrtetyry
B0CFJM1GCD,qwrtetyry
B0CDX15GH2,qwrtetyry
B0CC2MH6CT,qwrtetyry
B0C9WKPK5K,qwrtetyry
B0C7VLW2FC,qwrtetyry
B0C7C19ZMZ,qwrtetyry
B0C61Q6WDK,qwrtetyry
B0C5M5J4L4,qwrtetyry
B0C4TG3Z8M,qwrtetyry
B0C49JWXV1,qwrtetyry
B0C3X83LXL,qwrtetyry
B0C3MX8ZZ1,qwrtetyry
B0BZ7V1Z12,qwrtetyry
B0BYV2QXR9,qwrtetyry
B0BYJLVG2N,qwrtetyry
B0BXJ1Q5GC,qwrtetyry
B0BVFDG63Y,qwrtetyry
B0BPMF835K,qwrtetyry
B0BNZ9C1Q6,qwrtetyry
B0BNL2HDRL,qwrtetyry
B0BMTW8GLH,qwrtetyry
B0BMPXVDYJ,qwrtetyry
B0BKVBDYH1,qwrtetyry
B0BKFWZJGW,qwrtetyry
B0BFDXP49G,qwrtetyry
B0BCK8RV8L,qwrtetyry
B0BB1Y75T3,qwrtetyry
B0B99NZW7J,qwrtetyry
B0B84BM1JM,qwrtetyry
B0B77FZVY9,qwrtetyry
B0B6YQ4NFF,qwrtetyry
B0B5G4C3HH,qwrtetyry
B0B5863X92,qwrtetyry
B0B4ZZFQGV,qwrtetyry
B0B49WVVL4,qwrtetyry
B0B49VGH8T,qwrtetyry
B0B49VBTQ4,qwrtetyry
B0B49TPZF3,qwrtetyry
B0B49TGW4N,qwrtetyry
B0B49SYJL6,qwrtetyry
B0B45SCK29,qwrtetyry
B0B2R8LXD1,qwrtetyry
B0B1QFX8PG,qwrtetyry
B09ZKT3BSQ,qwrtetyry
B09Y1LPCHC,qwrtetyry
B09WTV4VH1,qwrtetyry
B09TZQBWW6,qwrtetyry
B09S4QCNX8,qwrtetyry
B09QJBPDG9,qwrtetyry
B09MZ4N2BD,qwrtetyry
B09MHVDCBW,qwrtetyry
B09GJP168K,qwrtetyry
B094VHXQ7C,qwrtetyry
B094DK5SW5,qwrtetyry
B094BF3FXZ,qwrtetyry
B0948Y8YFG,qwrtetyry
B091C2JQMN,qwrtetyry
B08Z7Z5CW4,qwrtetyry
B08Z3DNBRM,qwrtetyry
B08YJNGN1H,qwrtetyry
B08VX87N8Z,qwrtetyry
B08VWW87VL,qwrtetyry
B08VJ7GMX9,qwrtetyry
B08T64HH3C,qwrtetyry
B08PKJ1CQ8,qwrtetyry
B08NTHQLH5,qwrtetyry
B08N6TGYH5,qwrtetyry
B08G4M8SQG,qwrtetyry
B08C21LL3V,qwrtetyry
B0772FSM7Q,qwrtetyry
B06X3XCXNJ,qwrtetyry
B01M9K3X8F,qwrtetyry
B019K0CV34,qwrtetyry
B000P4LPDC,qwrtetyry
B0CBFQ6X6X,qwrtetyry
B09PC6G831,qwrtetyry
B0C27T9HT5,qwrtetyry
B09GFKZHSX,qwrtetyry
B09SFZB4PK,qwrtetyry
B09P17NP1Y,qwrtetyry
B08TWLTS9R,qwrtetyry
B0CF86MFVH,qwrtetyry
B0C5JVCHVL,qwrtetyry
B07LCKY5WN,qwrtetyry
B0944QCN4V,qwrtetyry
B002E0B2BK,qwrtetyry
B0DBZJN82R,qwrtetyry
B07V1JF8LT,qwrtetyry
B08HZ1SDS4,qwrtetyry
B07P1QRLJ4,qwrtetyry
B0C6XNCDJY,qwrtetyry
B093SRSFCB,qwrtetyry
B0BGKFQT1R,qwrtetyry
B07DQ7N7MR,qwrtetyry
B0777PYSM4,qwrtetyry
B019NTH2ZY,qwrtetyry
B0C2J61XDQ,qwrtetyry
B0B9BSMMHC,qwrtetyry
B087M7BGH8,qwrtetyry
B0CKDWQYV2,qwrtetyry
B0B3VT9FK5,qwrtetyry
B09HXM3STH,qwrtetyry
B09DPQD4B9,qwrtetyry
B07HZ11L67,qwrtetyry
B077VTZ9WH,qwrtetyry
B015QWIWPG,qwrtetyry
B09CDZGDZN,qwrtetyry
B08HYLMKBC,qwrtetyry
B08GNRNZCK,qwrtetyry
B083RZY4K2,qwrtetyry
B07TXN8TD8,qwrtetyry
B07M9CN3WV,qwrtetyry
B07H7ZM6ZL,qwrtetyry
B07DFRS7H5,qwrtetyry
B07CJSXNZ5,qwrtetyry
B078SJJYYP,qwrtetyry
B0755CLYT5,qwrtetyry
B00DV53TG8,qwrtetyry
B0DXDSL1RT,qwrtetyry
B0DSJ4HZY8,qwrtetyry
B0DQWWBMLS,qwrtetyry
B0DPX3QWHC,qwrtetyry
B0DPJ5HJFJ,qwrtetyry
B0DMVNX4L1,qwrtetyry
B0DHY4YWS4,qwrtetyry
B0DHXHH64R,qwrtetyry
B0DG5P9MWR,qwrtetyry
B0DDTK4PKV,qwrtetyry
B0DD3TTDZ5,qwrtetyry
B0DC9DQJD4,qwrtetyry
B0DB7XRBZL,qwrtetyry
B0D9T8G7MX,qwrtetyry
B0D9LW45P7,qwrtetyry
B0D9GYT9B8,qwrtetyry
B0D8LBKZ2M,qwrtetyry
B0D6NGS9TW,qwrtetyry
B0D69TSKGF,qwrtetyry
B0D5YM314H,qwrtetyry
B089CVNHXW,qwrtetyry
B0895548PG,qwrtetyry
B084JCK3L6,qwrtetyry
B0813FF4H1,qwrtetyry
B07Z635SXP,qwrtetyry
B07VV67ZB6,qwrtetyry
B07TFCDTSL,qwrtetyry
B07S41SX6F,qwrtetyry
B07QQ8T2VZ,qwrtetyry
B07PHB491R,qwrtetyry
B07H285P3S,qwrtetyry
B07F7W7RVB,qwrtetyry
B07CNNZSD2,qwrtetyry
B078ZCTS3D,qwrtetyry
B078BPSLHF,qwrtetyry
B077NCPVZ9,qwrtetyry
B0BR4DKQ22,qwrtetyry
B0922BX84P,qwrtetyry
B08N6B2D2W,qwrtetyry
B07Y87N1VF,qwrtetyry
B073ZB3SS2,qwrtetyry
B0009IRNGW,qwrtetyry
B0D8955Y19,qwrtetyry
B0D6TR49G9,qwrtetyry
B0CP34YVNJ,qwrtetyry
B0CL5YKWW6,qwrtetyry
B0CFX1R997,qwrtetyry
B0CBX5JDQP,qwrtetyry
B0C3M11LL5,qwrtetyry
B0BWH8HDQD,qwrtetyry
B0BT9MLK6V,qwrtetyry
B0B1WBLGPX,qwrtetyry
B0D12JVP2H,qwrtetyry
B0CZKX6VFC,qwrtetyry
B0CZJPFRXH,qwrtetyry
B0CYZWQ1C9,qwrtetyry
B0CYPSPH36,qwrtetyry
B0CYP2Z9FR,qwrtetyry
B0CYM5WW5Y,qwrtetyry
B0CXY367LF,qwrtetyry
B0CXXT92PK,qwrtetyry
B0CXM1CKNZ,qwrtetyry
B0CXHFSP5V,qwrtetyry
B0CWV88K1L,qwrtetyry
B0CTXJND24,qwrtetyry
B0CSVFKLJJ,qwrtetyry
B0CSSWDDVN,qwrtetyry
B0CSSVV4RS,qwrtetyry
B0CSDJZT1V,qwrtetyry
B0CS6GBTXV,qwrtetyry
B0CRR8K86M,qwrtetyry
B0CR7KSZLT,qwrtetyry
B0CR6KLH5S,qwrtetyry
B0CQZ6QLSR,qwrtetyry
B0CP4VVBBG,qwrtetyry
B0CNYZJJXR,qwrtetyry
B0CNVRJSLF,qwrtetyry
B0CN74BX74,qwrtetyry
B0CN31X8CH,qwrtetyry
B0CKMRHHRV,qwrtetyry
B0CJQTSGVQ,qwrtetyry
B0CJF6VVHK,qwrtetyry
B0CJ2GR8LF,qwrtetyry
B0CJ2BXMT5,qwrtetyry
B0CHVNK77N,qwrtetyry
B0CHDTHS8M,qwrtetyry
B0CGTL255P,qwrtetyry
B0CG3CNX5C,qwrtetyry
B0CFTML2TB,qwrtetyry
B0CF4BZK13,qwrtetyry
B0CDVYYMBT,qwrtetyry
B0CC4ZFRNF,qwrtetyry
B0CC1H1WZG,qwrtetyry
B0CB5KQ52N,qwrtetyry
B0C9PLFBPV,qwrtetyry
B0C8H8DWLJ,qwrtetyry
B0C892DGYL,qwrtetyry
B0C7K8LH2F,qwrtetyry
B0C6JZ7M25,qwrtetyry
B0C69GMXYG,qwrtetyry
B0D4ZDF3FP,qwrtetyry
B0D4HHSDZJ,qwrtetyry
B0D4548CLP,qwrtetyry
B0D4228T9X,qwrtetyry
B0D3XM76WC,qwrtetyry
B0D3THB8HX,qwrtetyry
B0D3T87FXP,qwrtetyry
B0D3P9ZP4J,qwrtetyry
B0D2ZC2YG3,qwrtetyry
B0D2NXRFL2,qwrtetyry
B0D2BBJG7D,qwrtetyry
B0D25JRCHJ,qwrtetyry
B0D1N4BDTX,qwrtetyry
B0D1B8L2V3,qwrtetyry
B0D17R9HGB,qwrtetyry
B0D14MLH6K,qwrtetyry
B0C624GXTB,qwrtetyry
B0C5HN9DCF,qwrtetyry
B0C3LBXC1P,qwrtetyry
B0BZQ2LJS2,qwrtetyry
B0BWQ4Y2GS,qwrtetyry
B0BWM7RBFM,qwrtetyry
B0BW59Q9H2,qwrtetyry
B0BVZCNGFS,qwrtetyry
B0BVG49JFG,qwrtetyry
B0BVDQ292G,qwrtetyry
B0BS48W3GK,qwrtetyry
B0BPBQFBDF,qwrtetyry
B0BNPTCJX3,qwrtetyry
B0BNH2GPLR,qwrtetyry
B0BM5TPHZ1,qwrtetyry
B0BLCWTCRW,qwrtetyry
B0BJTTQHJM,qwrtetyry
B0BJDM3X3V,qwrtetyry
B0BJ2ZVG5N,qwrtetyry
B0BD6K531M,qwrtetyry
B0BCNSSLNJ,qwrtetyry
B0BB964GPT,qwrtetyry
B0B9SQ377F,qwrtetyry
B0B947YMXP,qwrtetyry
B0B818WW5Q,qwrtetyry
B0B5Y33KJM,qwrtetyry
B09ZY6FZ98,qwrtetyry
B09ZPX6BB9,qwrtetyry
B09Z31PW2X,qwrtetyry
B09WM7SNRX,qwrtetyry
B09WHVMM6B,qwrtetyry
B09W4FB13Z,qwrtetyry
B09W2N4WCY,qwrtetyry
B09VXBZLNW,qwrtetyry
B09SYY1LXQ,qwrtetyry
B09RZWX8XG,qwrtetyry
B09PBGBG46,qwrtetyry
B09NM33RXJ,qwrtetyry
B09FDJP9GK,qwrtetyry
B09DYMX12F,qwrtetyry
B09CKMB6GV,qwrtetyry
B09C5WNVG2,qwrtetyry
B09B46WLQL,qwrtetyry
B096R9PSVD,qwrtetyry
B0948TM5VG,qwrtetyry
B092DD92LZ,qwrtetyry
B091C34V4P,qwrtetyry
B08WGBSTFP,qwrtetyry
B075JNRJGP,qwrtetyry
B074TGVW9H,qwrtetyry
B06W2M72X8,qwrtetyry
B01N703CL3,qwrtetyry
B01N5EZTTT,qwrtetyry
B01M12Y5VR,qwrtetyry
B01D2NQN34,qwrtetyry
B018XN2AO4,qwrtetyry
B014C99Z82,qwrtetyry
B001PYK4MO,qwrtetyry
B07F2PHHWV,qwrtetyry
B085LRQSH5,qwrtetyry
B07F1MXGYW,qwrtetyry
B01KCBHYVY,qwrtetyry
B071FQ4WF3,qwrtetyry
B09FL12SQX,qwrtetyry
B08VNWGGF1,qwrtetyry
B09R84FGY3,qwrtetyry
B08P8P2N4J,qwrtetyry
B071G2ZCQ2,qwrtetyry
B08QV2GTWH,qwrtetyry
B09JVYV5NW,qwrtetyry
B07VM75WPY,qwrtetyry
B07KZMJFL5,qwrtetyry
B07X6T79WF,qwrtetyry
B0BGFDQC67,qwrtetyry
B0BTVZ2Q4D,qwrtetyry
B09B97N8GQ,qwrtetyry
B0002T4ZLO,qwrtetyry
B0C24R2H9X,qwrtetyry
B08C724XWR,qwrtetyry
B0BVVX9C32,qwrtetyry
B0CQJRBBWS,qwrtetyry
B0CB4WTPS1,qwrtetyry
B0C4P2MKH6,qwrtetyry
B0CFK6H7YV,qwrtetyry
B0181SV7N6,qwrtetyry
B0BGS9N4VW,qwrtetyry
B0D4QFLSTQ,qwrtetyry
B08NH7J1YZ,qwrtetyry
B089N7JRD2,qwrtetyry
B07BWKC8RM,qwrtetyry
B0CGCXGKY6,qwrtetyry
B0CX8LK1B6,qwrtetyry
B07W8WPRDW,qwrtetyry
B0CBB443F1,qwrtetyry
B0B87MJX5J,qwrtetyry
B0B7HZ4Q8Z,qwrtetyry
B0C4NK691B,qwrtetyry
B0D57ZVYPD,qwrtetyry
B08SHG4MJ6,qwrtetyry
B07YF3NYNR,qwrtetyry
B07X8TQ8PD,qwrtetyry
B07SPG8MY1,qwrtetyry
B0CQ84FBYZ,qwrtetyry
B0BQ8ZT3TN,qwrtetyry
B0BV24QLNL,qwrtetyry
B07D4321M3,qwrtetyry
B0741FL9R9,qwrtetyry
B0C1T8T141,qwrtetyry
B08N5GSDGK,qwrtetyry
B09FJDLXPJ,qwrtetyry
B01KGY1MJ2,qwrtetyry
B08QRT86S6,qwrtetyry
B0BSLX9T4Y,qwrtetyry
B0D31742BW,qwrtetyry
B0B8RGX7CW,qwrtetyry
B0CDGKYK4Z,qwrtetyry
B0CG59KLC4,qwrtetyry
B081KK6QB4,qwrtetyry
B0CB4Y4P9R,qwrtetyry
B00NOPV4JY,qwrtetyry
B07WGXWBRG,qwrtetyry
B09953W8G6,qwrtetyry
B003E2LWUS,qwrtetyry
B00GHT7ARE,qwrtetyry
B09169L7F2,qwrtetyry
B0BQ7MZH58,qwrtetyry
B0CMXYBCXW,qwrtetyry
B0BZTWFD5C,qwrtetyry
B09J32G2Z2,qwrtetyry
B0DF36Y5CP,qwrtetyry
B0CQVDB2FQ,qwrtetyry
B0CSGMKGTB,qwrtetyry
B0BNZTGLQS,qwrtetyry
B0CP8C576X,qwrtetyry
B0BWRV5MSP,qwrtetyry
B00TA7J8CA,qwrtetyry
B0CFQLGTGZ,qwrtetyry
B0BZ43BKS9,qwrtetyry
B08RWD3PNF,qwrtetyry
B08NVGTXG3,qwrtetyry
B08MYGGBF4,qwrtetyry
B08MTH1N9B,qwrtetyry
B08MB2MKZZ,qwrtetyry
B08HC97C78,qwrtetyry
B08BHMJVX3,qwrtetyry
B089VCWT2J,qwrtetyry
B086H2BG8V,qwrtetyry
B085WGNG9W,qwrtetyry
B0859YHPGW,qwrtetyry
B0811MHTFX,qwrtetyry
B07ZV5XYPM,qwrtetyry
B07YY293XD,qwrtetyry
B07GFBS38G,qwrtetyry
B07864YKL3,qwrtetyry
B0CMCHT3CR,qwrtetyry
B0BM4XX8K7,qwrtetyry
B0CW2HFKKP,qwrtetyry
B08F4TFFK4,qwrtetyry
B009BQWA4I,qwrtetyry
B0D9Y97CK4,qwrtetyry
B0CWC5NQ11,qwrtetyry
B09Y5DLGVJ,qwrtetyry
B0CFB3QPXJ,qwrtetyry
B0D6V5C3LJ,qwrtetyry
B08Z47BTP4,qwrtetyry
B09VT81KNL,qwrtetyry
B0CP27NTV4,qwrtetyry
B085PVLMYW,qwrtetyry
B0CF1RS3DY,qwrtetyry
B0C36CYB94,qwrtetyry
B08B3JR4TM,qwrtetyry
B0BVDM2P9N,qwrtetyry
B0D3KV244Z,qwrtetyry
B087CRWHDC,qwrtetyry
B07VXHQVPR,qwrtetyry
B0CXHC9WBP,qwrtetyry
B0DCKB5YZK,qwrtetyry
B07GNPZK1S,qwrtetyry
B0C4FSFBNP,qwrtetyry
B0B87M766F,qwrtetyry
B079TK59J2,qwrtetyry
B0C4L5WX8S,qwrtetyry
B0B1V2D83S,qwrtetyry
B0CWXJ9XP1,qwrtetyry
B08F567T6Q,qwrtetyry
B0C6PY36Q2,qwrtetyry
B099Q247QY,qwrtetyry
B08FRHP7MQ,qwrtetyry
B0758RFX5B,qwrtetyry
B07YDMJ2VF,qwrtetyry
B0B2WLB8V2,qwrtetyry
B08ZKK16VY,qwrtetyry
B0BZP69RBQ,qwrtetyry
B0BZ424233,qwrtetyry
B08XFTK2VQ,qwrtetyry
B0CGLVP8C7,qwrtetyry
B08769N9F3,qwrtetyry
B01K1SRM0G,qwrtetyry
B0CP84XN14,qwrtetyry
B0CBLM4B7C,qwrtetyry
B0BX62G7ZQ,qwrtetyry
B08YJSBF8V,qwrtetyry
B088TF5S4R,qwrtetyry
B07Z1Q3RNT,qwrtetyry
B007S3MRBW,qwrtetyry
B000EQARRQ,qwrtetyry
B0C65F4FDL,qwrtetyry
B0BP6VGW14,qwrtetyry
B0BB5L8SNS,qwrtetyry
B0B2RP64MH,qwrtetyry
B0B1M3QR1R,qwrtetyry
B09M7QZ55W,qwrtetyry
B08KHLV543,qwrtetyry
B07CJNPQRB,qwrtetyry
B00RM4PT6W,qwrtetyry
B001V9V7XS,qwrtetyry
B000S2SJO4,qwrtetyry
B000022554,qwrtetyry
B0DYTJFZTD,qwrtetyry
B0DRTYHPCR,qwrtetyry
B0DRCK99H1,qwrtetyry
B0DR27THWD,qwrtetyry
B0DR21QS4X,qwrtetyry
B0DM83LJHT,qwrtetyry
B0DKTQVHN7,qwrtetyry
B0DKPFM3MB,qwrtetyry
B0DKN4KJPH,qwrtetyry
B0DJWC4476,qwrtetyry
B0DJ2V8V5D,qwrtetyry
B0DHVQ2FZS,qwrtetyry
B0DH245WGC,qwrtetyry
B0DGX3BTNM,qwrtetyry
B0DFLZHDTV,qwrtetyry
B0DDXYMWVK,qwrtetyry
B0CXM66622,qwrtetyry
B0CXDBSB23,qwrtetyry
B0CX58ZNTW,qwrtetyry
B0CVXZ419R,qwrtetyry
B0CTBNCJ7X,qwrtetyry
B0CSYT8YHH,qwrtetyry
B0CS5KNQ1Z,qwrtetyry
B0CNGHYD4D,qwrtetyry
B0CMQDXQ5M,qwrtetyry
B0CLDZ9L71,qwrtetyry
B0CL9RMTP6,qwrtetyry
B0CJXVWDQ3,qwrtetyry
B0CJPSXY3K,qwrtetyry
B0CJBYQPLV,qwrtetyry
B0CH4S6DNN,qwrtetyry
B0CDKN58P9,qwrtetyry
B0DCG42887,qwrtetyry
B0DBQN7Q9H,qwrtetyry
B0DBPWF3WM,qwrtetyry
B0D9V9PZKK,qwrtetyry
B0D9PWVCPT,qwrtetyry
B0D9L7DZ31,qwrtetyry
B0D9K2DV4V,qwrtetyry
B0D8HY5ZRZ,qwrtetyry
B0D7VMWFGW,qwrtetyry
B0D6VQNN32,qwrtetyry
B0D5HMP3RD,qwrtetyry
B0D2VRZ6G5,qwrtetyry
B0D1DSYJZP,qwrtetyry
B0D12K6SZ4,qwrtetyry
B0CZ6KHZVL,qwrtetyry
B0CY3S497V,qwrtetyry
B09XTS4CSW,qwrtetyry
B09VB13ZTV,qwrtetyry
B09P85GQ6R,qwrtetyry
B09L9JZR3Z,qwrtetyry
B09KR6G3MD,qwrtetyry
B09FJLYXTC,qwrtetyry
B09FDYXNWX,qwrtetyry
B0991VJK8P,qwrtetyry
B0986Q9LDF,qwrtetyry
B097PHBP87,qwrtetyry
B0922JQ7KX,qwrtetyry
B08YQNBDG9,qwrtetyry
B08M5YB2WH,qwrtetyry
B08LQB6323,qwrtetyry
B08HKYYJ8X,qwrtetyry
B084LF2ZV1,qwrtetyry
B0CCDL6NQH,qwrtetyry
B0C8ZQ8RDB,qwrtetyry
B0C8MQCZDF,qwrtetyry
B0C8J4R8TT,qwrtetyry
B0C7D1JDM2,qwrtetyry
B0C5WQ9G7T,qwrtetyry
B0C5MN3R3Y,qwrtetyry
B0C4T8BR5T,qwrtetyry
B0C47HVD6H,qwrtetyry
B0C3PXGTVV,qwrtetyry
B0BZTY8WNG,qwrtetyry
B0BZ3YT8BP,qwrtetyry
B0BYZ8Y1ZK,qwrtetyry
B0BYZ2Q3GK,qwrtetyry
B0BYVCB4KZ,qwrtetyry
B0BXFKKXZN,qwrtetyry
B0BW96Q6LG,qwrtetyry
B0BTSTHM9W,qwrtetyry
B0BS5BDLH9,qwrtetyry
B0BRXCBM3G,qwrtetyry
B0BRKWWXYS,qwrtetyry
B0BMB68QX8,qwrtetyry
B0BLBRRN7B,qwrtetyry
B0BKN85N6T,qwrtetyry
B0BHYPYSFG,qwrtetyry
B0BHYN2M7Z,qwrtetyry
B0BGHQNNFG,qwrtetyry
B0BFDCC26C,qwrtetyry
B0BBKYWTFY,qwrtetyry
B0B9TYXW6L,qwrtetyry
B0B21637Z4,qwrtetyry
B09ZJV19W2,qwrtetyry
B081TZ7Q7T,qwrtetyry
B081B98TXJ,qwrtetyry
B07VKSNGWJ,qwrtetyry
B07RP5PX89,qwrtetyry
B07QST6F38,qwrtetyry
B07QCN831Y,qwrtetyry
B07NTWFXXD,qwrtetyry
B07K4SBD72,qwrtetyry
B07H7T2P97,qwrtetyry
B07F6GMGWH,qwrtetyry
B07CJHYBYH,qwrtetyry
B074QJVB1Y,qwrtetyry
B072F7HTJP,qwrtetyry
B06XHYRYLG,qwrtetyry
B01DWQVIXQ,qwrtetyry
B00B4L4EMO,qwrtetyry
B0B4K85B2Z,qwrtetyry
B009P8K3DM,qwrtetyry
B08FT164JN,qwrtetyry
B071GQLDP4,qwrtetyry
B000C2EDQS,qwrtetyry
B08QF6G214,qwrtetyry
B009GHRA6U,qwrtetyry
B0D2X753R9,qwrtetyry
B0811JKKNX,qwrtetyry
B0CMXDL1G8,qwrtetyry
B0DDJVCWW9,qwrtetyry
B09MK731BY,qwrtetyry
B07B3JZL2Q,qwrtetyry
B079N5G92C,qwrtetyry
B00BTLLA6M,qwrtetyry
B003TQLP3I,qwrtetyry
B08CZKQ7SQ,qwrtetyry
B076F5MD9H,qwrtetyry
B083Q1GHRY,qwrtetyry
B00AR1IABI,qwrtetyry
B09LM4BPNB,qwrtetyry
B0938VT8G3,qwrtetyry
B0055B0ICE,qwrtetyry
B07M8H5NZF,qwrtetyry
B0D7HB52S3,qwrtetyry
B0BN15ZC5X,qwrtetyry
B07KXP92FZ,qwrtetyry
B00ABMCHOO,qwrtetyry
B0BFDVFK1B,qwrtetyry
B00N5MSCL4,qwrtetyry
B0B28GRC31,qwrtetyry
B08GC5CT7T,qwrtetyry
B01MUYO7SC,qwrtetyry
B01CEAXP4G,qwrtetyry
B003CYL6HC,qwrtetyry
B0CTH59LX8,qwrtetyry
B0CP8S543P,qwrtetyry
B0BPMGXSW3,qwrtetyry
B0BC2JW91X,qwrtetyry
B07CHJ3XDK,qwrtetyry
B07968N47Z,qwrtetyry
B0BKD29LXL,qwrtetyry
B0BFB1FMKV,qwrtetyry
B0B9799TGP,qwrtetyry
B0B3DLY49P,qwrtetyry
B097299HXV,qwrtetyry
B0963FHPR3,qwrtetyry
B07GRXQH69,qwrtetyry
B000H435K6,qwrtetyry
B0DB1ZRZLN,qwrtetyry
B0DB1FGQXG,qwrtetyry
B0D9BMSHSL,qwrtetyry
B0D8KP435V,qwrtetyry
B0D8CJ3ZBF,qwrtetyry
B0D7D45MQ9,qwrtetyry
B0D6VNLLTS,qwrtetyry
B0D4C37SZ4,qwrtetyry
B0D3T5ZTB1,qwrtetyry
B0D3QFS262,qwrtetyry
B0D256PJ33,qwrtetyry
B0D1YB29YG,qwrtetyry
B0CZLJ8WC5,qwrtetyry
B0CZD79XTF,qwrtetyry
B0CZ6NLXGB,qwrtetyry
B0CYC6XLNR,qwrtetyry
B0CJR87GFT,qwrtetyry
B0CJN9C91L,qwrtetyry
B0CJF1T6S8,qwrtetyry
B0CHBHGPF1,qwrtetyry
B0CH9YL91P,qwrtetyry
B0CGZRK8NY,qwrtetyry
B0CFXWLKL2,qwrtetyry
B0CBTN43TK,qwrtetyry
B0CBRGCHH5,qwrtetyry
B0CB72GH41,qwrtetyry
B0C9VKPQK4,qwrtetyry
B0C81CL3TY,qwrtetyry
B0C6F622TQ,qwrtetyry
B0C37W9G23,qwrtetyry
B0C1MRQD53,qwrtetyry
B0C18V2TQN,qwrtetyry
B0CY3W1VP7,qwrtetyry
B0CXSW4DNT,qwrtetyry
B0CXDQJWZ2,qwrtetyry
B0CWNYVGVJ,qwrtetyry
B0CW97P4R7,qwrtetyry
B0CW38JJFH,qwrtetyry
B0CTQ72W7P,qwrtetyry
B0CT92NXRN,qwrtetyry
B0CRDMLFHD,qwrtetyry
B0CQ4V4QVW,qwrtetyry
B0CPPHHKL8,qwrtetyry
B0CNVTPNF5,qwrtetyry
B0CN96MKV6,qwrtetyry
B0CN3QX7ZT,qwrtetyry
B0CMCG8F9H,qwrtetyry
B0CLCXCFFJ,qwrtetyry
B0BZX44V62,qwrtetyry
B0BZJR1WM1,qwrtetyry
B0BY91Q22J,qwrtetyry
B0BY8JXMR4,qwrtetyry
B0BXHFSP7G,qwrtetyry
B0BWY17Y42,qwrtetyry
B0BWMYY247,qwrtetyry
B0BVM8S4ML,qwrtetyry
B0BTYC7MSH,qwrtetyry
B0BTGKRRSL,qwrtetyry
B0BQMMW9T1,qwrtetyry
B0BQBV1CKY,qwrtetyry
B0BPP518M3,qwrtetyry
B0BP71WNY7,qwrtetyry
B0BNT55LKM,qwrtetyry
B0BJKVJXW6,qwrtetyry
B00KMZ21QE,qwrtetyry
B00JW263YE,qwrtetyry
B00009R6OI,qwrtetyry
B0DTHVGHPH,qwrtetyry
B0DRJZHF6L,qwrtetyry
B0DQTWCZ69,qwrtetyry
B0DQJYDQ54,qwrtetyry
B0DPSNSHKS,qwrtetyry
B0DMNXCK8Q,qwrtetyry
B0DM8Z44PL,qwrtetyry
B0DK7BMYKT,qwrtetyry
B0DHH7P1P8,qwrtetyry
B0DG5LF1K6,qwrtetyry
B0DCDRXCDQ,qwrtetyry
B0DBPS3SX4,qwrtetyry
B0DBHMTMBL,qwrtetyry
B09PY96GDV,qwrtetyry
B09LCJWCG1,qwrtetyry
B09KN5QPKB,qwrtetyry
B097DJSQBC,qwrtetyry
B09282SCM9,qwrtetyry
B091FYXZBB,qwrtetyry
B08Y8LCTXN,qwrtetyry
B08XNFSVLW,qwrtetyry
B08P33XSMS,qwrtetyry
B08LHCKKJM,qwrtetyry
B08KYDYNZX,qwrtetyry
B081GR6MPL,qwrtetyry
B07Y7YDHCW,qwrtetyry
B07WF6L24L,qwrtetyry
B07RXC9GQR,qwrtetyry
B07R8WJS75,qwrtetyry
B0BJ8YTGVT,qwrtetyry
B0BJ28419F,qwrtetyry
B0BGT33N77,qwrtetyry
B0B8ZJVBR2,qwrtetyry
B0B786JCWP,qwrtetyry
B0B5G5J3T4,qwrtetyry
B0B4WBZ7G1,qwrtetyry
B0B2QF6LY7,qwrtetyry
B0B1LYNNLW,qwrtetyry
B09XGXHW8R,qwrtetyry
B09W5SX7GZ,qwrtetyry
B09VSPZLGR,qwrtetyry
B09VKBF5Z4,qwrtetyry
B09V8HF7HZ,qwrtetyry
B09SFZ3LBH,qwrtetyry
B09QRKC65Y,qwrtetyry
B07K53Y9FW,qwrtetyry
B078XR4XYK,qwrtetyry
B075SVS8WK,qwrtetyry
B0757XVHXN,qwrtetyry
B01K279HD6,qwrtetyry
B01D8VMIIY,qwrtetyry
B01A7PYEKE,qwrtetyry
B01908WX2K,qwrtetyry
B015ORXC3U,qwrtetyry
B00S0QPDB2,qwrtetyry
B00FWFT61M,qwrtetyry
B008SGEFD6,qwrtetyry
B005WYZ23O,qwrtetyry
B0000C854I,qwrtetyry
B07YJS417C,qwrtetyry
B07R43NCXD,qwrtetyry
B09JC92TBJ,qwrtetyry
B000C9J8T8,qwrtetyry
B084RGR94P,qwrtetyry
B0CXS6V351,qwrtetyry
B0C33BD61H,qwrtetyry
B07ZL13RBQ,qwrtetyry
B0C2VB68C3,qwrtetyry
B07R95CN15,qwrtetyry
B08MXB7214,qwrtetyry
B0DG5SG9ZT,qwrtetyry
B0BBPFTSXH,qwrtetyry
B0C88Z6KXL,qwrtetyry
B08GKLZ9VZ,qwrtetyry
B079N2SGGZ,qwrtetyry
B08BJGFD1R,qwrtetyry
B074QM11BT,qwrtetyry
B074P25KL2,qwrtetyry
B00432S99U,qwrtetyry
B0010YTO5W,qwrtetyry
B0D6VQNZZN,qwrtetyry
B0CDKVL93H,qwrtetyry
B0C9LW1PZS,qwrtetyry
B0C7G58R4S,qwrtetyry
B0BX2KVXWG,qwrtetyry
B0BNQ6S3LT,qwrtetyry
B0B8TLB7KF,qwrtetyry
B0B4278CV6,qwrtetyry
B0995RMYC3,qwrtetyry
B096RF7MTK,qwrtetyry
B07TZPR4QW,qwrtetyry
B0CYT1YW7Q,qwrtetyry
B0CMCGNJWY,qwrtetyry
B0CBK26K8M,qwrtetyry
B0B3T51B86,qwrtetyry
B09RG5G111,qwrtetyry
B09F2VP913,qwrtetyry
B08NMVWW8H,qwrtetyry
B089Y2XZPP,qwrtetyry
B082WZC417,qwrtetyry
B06XDP1YB1,qwrtetyry
B0033YJW0E,qwrtetyry
B0CTG5F6P4,qwrtetyry
B0CB4NHG1T,qwrtetyry
B0BP2GT4KG,qwrtetyry
B09CYQGPNS,qwrtetyry
B08D3H1HV1,qwrtetyry
B004HV5OBS,qwrtetyry
B0CYQ17S69,qwrtetyry
B0BPDGXVM7,qwrtetyry
B09YRGZMSQ,qwrtetyry
B0CKSX6PWM,qwrtetyry
B0BG8N3MMK,qwrtetyry
B08XNGDZ4R,qwrtetyry
B07DWN9GCJ,qwrtetyry
B0CKVKVYW4,qwrtetyry
B003YMX0OY,qwrtetyry
B09GVLW3GZ,qwrtetyry
B099PMJ4JC,qwrtetyry
B01ETVSP5W,qwrtetyry
B003YMVOM4,qwrtetyry
B07HQM6Z7H,qwrtetyry
B00JW1ZVDO,qwrtetyry
B01E979TAG,qwrtetyry
B00Z6LMBFU,qwrtetyry
B000C9JMR6,qwrtetyry
B0DS7KY29P,qwrtetyry
B0DRVBB1LB,qwrtetyry
B0DRHNP49H,qwrtetyry
B0DRCJN44C,qwrtetyry
B0DQP318NK,qwrtetyry
B0DP8X489W,qwrtetyry
B0DN511BSF,qwrtetyry
B0DM83KQL6,qwrtetyry
B0DJPY75NT,qwrtetyry
B0DHXMD8XM,qwrtetyry
B0DGL5FQFJ,qwrtetyry
B0DFC5VWS5,qwrtetyry
B0DB5MVVZB,qwrtetyry
B0D9YFP1QJ,qwrtetyry
B0D9F42JLL,qwrtetyry
B0D53W9GWK,qwrtetyry
B0D4RCSLDQ,qwrtetyry
B0D412742N,qwrtetyry
B0D3F9FYZW,qwrtetyry
B0D2KR3VCK,qwrtetyry
B0D29334N3,qwrtetyry
B0D1XHJ2BJ,qwrtetyry
B0D1C2V5JV,qwrtetyry
B0CY8Y5ZQ2,qwrtetyry
B0CXXSYVBL,qwrtetyry
B0CXXB81XL,qwrtetyry
B0CXSTV59D,qwrtetyry
B0CXDJDYKW,qwrtetyry
B0CWV4Q1LY,qwrtetyry
B0CWLNCJMS,qwrtetyry
B0CT5WRJ4J,qwrtetyry
B0CT5584Q7,qwrtetyry
B0CSPHWXFQ,qwrtetyry
B0CSJC37VS,qwrtetyry
B0CSCW744B,qwrtetyry
B0CS31X1XV,qwrtetyry
B0CRSYF1WD,qwrtetyry
B0CR5F2TNQ,qwrtetyry
B0CR3694VL,qwrtetyry
B0CPT3RPZX,qwrtetyry
B0CPJDN661,qwrtetyry
B0CPJ4D75H,qwrtetyry
B0CPDD3FC5,qwrtetyry
B0CP63XDWS,qwrtetyry
B0CNBX7TY3,qwrtetyry
B0CN36NPJW,qwrtetyry
B0CM6TD3RJ,qwrtetyry
B0CM6N65SV,qwrtetyry
B0CM39JJYX,qwrtetyry
B0CLXZ27GZ,qwrtetyry
B0CLTV8ZGG,qwrtetyry
B0CLDBKZ9J,qwrtetyry
B0CL3MS86V,qwrtetyry
B0CL2HGYRY,qwrtetyry
B0CKYTQ442,qwrtetyry
B0CKX28G63,qwrtetyry
B0CKPP1WW9,qwrtetyry
B0CJX4XPN9,qwrtetyry
B0CHRF5VY5,qwrtetyry
B0CHJMRM97,qwrtetyry
B0CGRMT454,qwrtetyry
B0CGR3847V,qwrtetyry
B0CFXN33Z4,qwrtetyry
B0CDQ7FLYW,qwrtetyry
B0CDLFMGDN,qwrtetyry
B0CB7K578C,qwrtetyry
B0CB6LFBLJ,qwrtetyry
B0C9Y6HC9T,qwrtetyry
B0C8MLCTFL,qwrtetyry
B0C7CKH8T3,qwrtetyry
B0C6SLW7SK,qwrtetyry
B0C6M6JGZ8,qwrtetyry
B0C6DLMJ2S,qwrtetyry
B0C4KS2FRR,qwrtetyry
B0C3MPPLBX,qwrtetyry
B0C3GPKSDR,qwrtetyry
B0C23T89T4,qwrtetyry
B0BZTVGRKQ,qwrtetyry
B0BZJ8CC1J,qwrtetyry
B0BZ49SZ49,qwrtetyry
B0BZ3CJKRF,qwrtetyry
B0BVM4TW6K,qwrtetyry
B0BVHLH5W1,qwrtetyry
B0BRTD3GHS,qwrtetyry
B0BQYNR9MS,qwrtetyry
B0BNVHP3JT,qwrtetyry
B0BNTSMZ46,qwrtetyry
B0BNT2FHVT,qwrtetyry
B0BNKJSKR2,qwrtetyry
B0BNBRPHS4,qwrtetyry
B0BN59G5QP,qwrtetyry
B0BMLMSRK1,qwrtetyry
B0BM28KX5B,qwrtetyry
B0BLNP3PLZ,qwrtetyry
B0BKKMZM15,qwrtetyry
B0BKK78M9Q,qwrtetyry
B0BKJSJGF5,qwrtetyry
B0BKH5PBBN,qwrtetyry
B0BBR5P2G6,qwrtetyry
B0B7MY7X25,qwrtetyry
B0B6B74ZW6,qwrtetyry
B0B5DD845F,qwrtetyry
B0B56TM4N5,qwrtetyry
B0B4D2VJN3,qwrtetyry
B0B2P9JHK2,qwrtetyry
B09ZFCKFFZ,qwrtetyry
B09YH3CRC1,qwrtetyry
B09X1SHWMG,qwrtetyry
B09VGJ5W5T,qwrtetyry
B08H8BQDBS,qwrtetyry
B08DKMDBVD,qwrtetyry
B0892BYL4L,qwrtetyry
B0841KZGQP,qwrtetyry
B082BH7LTP,qwrtetyry
B08156T4KX,qwrtetyry
B07ZSDRVHF,qwrtetyry
B07VYVJZBC,qwrtetyry
B07T7LJ29P,qwrtetyry
B07GW2SB2Q,qwrtetyry
B07DLTX5L4,qwrtetyry
B07CMJ2N89,qwrtetyry
B0757MNF91,qwrtetyry
B074SS3617,qwrtetyry
B06Y112FR2,qwrtetyry
B01MZH6TPT,qwrtetyry
B09VD2TGHN,qwrtetyry
B09V8FJSNL,qwrtetyry
B09TBDMTXD,qwrtetyry
B09PYBGWZD,qwrtetyry
B09MJXHRVL,qwrtetyry
B09JZ8MJYW,qwrtetyry
B09F72TTZP,qwrtetyry
B094XQQCVN,qwrtetyry
B093Q8HS6C,qwrtetyry
B092ZWB362,qwrtetyry
B0925BG6F4,qwrtetyry
B08YWQSJKB,qwrtetyry
B08SSHLD95,qwrtetyry
B08RB3VZWH,qwrtetyry
B08HW4PG6N,qwrtetyry
B08HRW3VCS,qwrtetyry
B0DP4KK3T9,qwrtetyry
B0018BNFAM,qwrtetyry
B0BBRC21V4,qwrtetyry
B0DPSNKTPV,qwrtetyry
B0D3WV7Q18,qwrtetyry
B07C2NFSMH,qwrtetyry
B09GLW1MRG,qwrtetyry
B0BVBLZRKH,qwrtetyry
B01D24ITDU,qwrtetyry
B0C39SFGGX,qwrtetyry
B0714KZZ5B,qwrtetyry
B0C5CGR6M9,qwrtetyry
B09FS3T48Q,qwrtetyry
B0BW57SJRQ,qwrtetyry
B00Y831WPW,qwrtetyry
B07X497Y2L,qwrtetyry
B01M73ERXO,qwrtetyry
B019NFS2W0,qwrtetyry
B00YBIOM3I,qwrtetyry
B00NOVW1IQ,qwrtetyry
B008QYPG0Q,qwrtetyry
B003S5VF0S,qwrtetyry
B001YRVCSW,qwrtetyry
B000CSEPE2,qwrtetyry
B0BDGLP1Y4,qwrtetyry
B09DTBFBYL,qwrtetyry
B071HNC5X9,qwrtetyry
B07L9HKYQZ,qwrtetyry
B0C1BD5W76,qwrtetyry
B01CS3KBDM,qwrtetyry
B0C5S2YD75,qwrtetyry
B0BGHJMNR3,qwrtetyry
B09CZJB16M,qwrtetyry
B0964QVMWM,qwrtetyry
B08WG7TMTJ,qwrtetyry
B00GHT84LA,qwrtetyry
B0170E4MHK,qwrtetyry
B00N1BRNBO,qwrtetyry
B0CH2NGN4J,qwrtetyry
B0BHWDYNRB,qwrtetyry
B0CGZLYJZK,qwrtetyry
B0BWFNNQ1Y,qwrtetyry
B0BPLL9WVR,qwrtetyry
B0BKQ52PZW,qwrtetyry
B0BBKJWKL2,qwrtetyry
B0B19TC1WD,qwrtetyry
B09VL4VWJ7,qwrtetyry
B08RWGVCLH,qwrtetyry
B08NSDVJ4L,qwrtetyry
B0832RK4X9,qwrtetyry
B07LBGD3LB,qwrtetyry
B07L517CNR,qwrtetyry
B071QY8NVR,qwrtetyry
B00SFFP7A0,qwrtetyry
B00DKA3SRO,qwrtetyry
B0DM82RDW4,qwrtetyry
B0B2LJ659D,qwrtetyry
B08LH9SHB2,qwrtetyry
B085ZT5LX7,qwrtetyry
B01HOVQLCI,qwrtetyry
B018NG8MZM,qwrtetyry
B00JW270XM,qwrtetyry
B000CSSS68,qwrtetyry
B0BCG341ZH,qwrtetyry
B09PBN4TPX,qwrtetyry
B08P8NR5S8,qwrtetyry
B07Q5Y8XVS,qwrtetyry
B003SOJUFQ,qwrtetyry
B0D45H5HP3,qwrtetyry
B0CY1XSVBG,qwrtetyry
B0CSK1SCSY,qwrtetyry
B0CQJ5QXHH,qwrtetyry
B0DHK7K51X,qwrtetyry
B0DH2559CR,qwrtetyry
B0DGQH2N6G,qwrtetyry
B0DGQ9R1DP,qwrtetyry
B0DFY9GL7R,qwrtetyry
B0DCVZQ19R,qwrtetyry
B0DBHGWM1Q,qwrtetyry
B0D7P8VPBG,qwrtetyry
B0D6VX5B4C,qwrtetyry
B0D54JKW7C,qwrtetyry
B0D3KW8ZFL,qwrtetyry
B0D3FBQR9L,qwrtetyry
B0D2P3W3XB,qwrtetyry
B0D2ND3WYK,qwrtetyry
B0D1PFK3GH,qwrtetyry
B0D17C6YVR,qwrtetyry
B0CZP1Q4RY,qwrtetyry
B0CYT8FKQJ,qwrtetyry
B0CXT96W8V,qwrtetyry
B0CXSN1D8Q,qwrtetyry
B0CXSCPWRD,qwrtetyry
B0CX8KDS6N,qwrtetyry
B0CWLLV9Y8,qwrtetyry
B0CW31FVRF,qwrtetyry
B0CV47FB9K,qwrtetyry
B0CTF77TNS,qwrtetyry
B0CT7L11QD,qwrtetyry
B0CSD5Y7C2,qwrtetyry
B0CQ225145,qwrtetyry
B0CPY373ZN,qwrtetyry
B0CPS7NM4R,qwrtetyry
B0CP27NR4M,qwrtetyry
B0CNXQWTRZ,qwrtetyry
B0CM396F1G,qwrtetyry
B0CK1C2CM2,qwrtetyry
B0CJVJZHS5,qwrtetyry
B0CJRQPLDC,qwrtetyry
B0CJMJGWFG,qwrtetyry
B0CJFYKNYY,qwrtetyry
B0CHRCBP89,qwrtetyry
B0CHR9WR85,qwrtetyry
B0CHJP76L4,qwrtetyry
B0CDPT4R7N,qwrtetyry
B0CDPMKC99,qwrtetyry
B0CDLDGR8S,qwrtetyry
B0CDBR3JXS,qwrtetyry
B0CCXJ9GV6,qwrtetyry
B0CCDJWYBH,qwrtetyry
B0C9Q73FFC,qwrtetyry
B0C8N9P6S9,qwrtetyry
B0C8MK8SFK,qwrtetyry
B0C6ZH9R58,qwrtetyry
B0C65MCFVV,qwrtetyry
B0C4P2D3TS,qwrtetyry
B0C3R6MWWC,qwrtetyry
B0C3GH7CBD,qwrtetyry
B0C2YH98K8,qwrtetyry
B0C2HDWJW2,qwrtetyry
B0BZ89NDWN,qwrtetyry
B0BY8CBFB7,qwrtetyry
B0BY2NRD4W,qwrtetyry
B0BVFPSY1P,qwrtetyry
B0BQ393R8G,qwrtetyry
B0BPKVJ7PY,qwrtetyry
B0BNPS2T4F,qwrtetyry
B0BN1R4W25,qwrtetyry
B0BM3SCN24,qwrtetyry
B0BLZ2C5VQ,qwrtetyry
B0BKFPKQG1,qwrtetyry
B0BHZ7KS5T,qwrtetyry
B0B87WWF7M,qwrtetyry
B0B6M3F78N,qwrtetyry
B0B5TZCJQ2,qwrtetyry
B0B4J213VQ,qwrtetyry
B0B4DPP7FB,qwrtetyry
B0B216J1HS,qwrtetyry
B0B1HT4WD5,qwrtetyry
B09YGNTQLM,qwrtetyry
B09WY4MK8P,qwrtetyry
B09W2D7BRT,qwrtetyry
B08GKK4ZPF,qwrtetyry
B088SZWP43,qwrtetyry
B088GP5Z2X,qwrtetyry
B086VWR7YN,qwrtetyry
B086DVK4WM,qwrtetyry
B082B51K85,qwrtetyry
B07WDHNBXP,qwrtetyry
B07VPH8PSZ,qwrtetyry
B07V5Y33ZT,qwrtetyry
B07T7HGCMK,qwrtetyry
B07T5Z8JQX,qwrtetyry
B07SRCZ213,qwrtetyry
B07RKVLSY5,qwrtetyry
B07RJLY9KH,qwrtetyry
B07R3JKTQ7,qwrtetyry
B07PXDWWFK,qwrtetyry
B07PV918HG,qwrtetyry
B07NWHCS84,qwrtetyry
B07K89R28W,qwrtetyry
B07GHZ6T85,qwrtetyry
B07FVN2YRG,qwrtetyry
B07FS3H23R,qwrtetyry
B078XNZGSS,qwrtetyry
B0765XGG7S,qwrtetyry
B074DZVQNK,qwrtetyry
B0711HM3Z3,qwrtetyry
B01N3B4H4J,qwrtetyry
B01B6HLQIU,qwrtetyry
B00YLUIA6Q,qwrtetyry
B00KIYTN56,qwrtetyry
B00GZHVQLO,qwrtetyry
B005C02TK2,qwrtetyry
B01N23462S,qwrtetyry
B0C9LSW2NF,qwrtetyry
B0844QDNJH,qwrtetyry
B092Q41HS2,qwrtetyry
B00Q9M4BYO,qwrtetyry
B006K4091A,qwrtetyry
B0D72BCQ2G,qwrtetyry
B0CD898JD4,qwrtetyry
B09MM33GZP,qwrtetyry
B0B4KMC31P,qwrtetyry
B08FRKJJDM,qwrtetyry
B0BHW81D76,qwrtetyry
B079Q1DBNG,qwrtetyry
B09PZ9JXH4,qwrtetyry
B0CZ6WK9L8,qwrtetyry
B0DCK8SJNC,qwrtetyry
B0BC138DV9,qwrtetyry
B09BC6XMNG,qwrtetyry
B0BN4W8FQ1,qwrtetyry
B01H0HWE54,qwrtetyry
B082BDGDMT,qwrtetyry
B0CJCL7SND,qwrtetyry
B0BZP7SYWS,qwrtetyry
B07CL6PMXD,qwrtetyry
B0D4Z32LMF,qwrtetyry
B0B6SJL6Q3,qwrtetyry
B09JS96GYM,qwrtetyry
B0874S4MPS,qwrtetyry
B083JLQSKJ,qwrtetyry
B07SBCRJY5,qwrtetyry
B09NZYRLJQ,qwrtetyry
B08319RCYC,qwrtetyry
B0CGGSYP3Z,qwrtetyry
B08CBTBJMK,qwrtetyry
B082ZDDXPZ,qwrtetyry
B08V6J7S9D,qwrtetyry
B0D9VSD88Z,qwrtetyry
B01IPPHLVM,qwrtetyry
B0BZYB483S,qwrtetyry
B0BHB7WH8J,qwrtetyry
B0CYC5LBLC,qwrtetyry
B0BR5KLPYF,qwrtetyry
B08GC84RCY,qwrtetyry
B00Z7O37LI,qwrtetyry
B07DHHHLT1,qwrtetyry
B0CQ2QV7T7,qwrtetyry
B07QGS9BQ3,qwrtetyry
B0C7CQTWDK,qwrtetyry
B092JPQYWP,qwrtetyry
B0885VQPCD,qwrtetyry
B01NA79F83,qwrtetyry
B0031I9KV8,qwrtetyry
B09TPSFJ3Q,qwrtetyry
B08MD68SGS,qwrtetyry
B083KMCZ56,qwrtetyry
B008JAY2TI,qwrtetyry
B0CQ4X5YLM,qwrtetyry
B0BHWGT31W,qwrtetyry
B0D8M2JMS9,qwrtetyry
B0BKVWS1F9,qwrtetyry
B08G1GKYBM,qwrtetyry
B0DJ3PM5RR,qwrtetyry
B0CKLG5GDF,qwrtetyry
B0B9GBZZDD,qwrtetyry
B09V2DL144,qwrtetyry
B09R69RFR5,qwrtetyry
B09NRW95CW,qwrtetyry
B09MCWN9RV,qwrtetyry
B09LLPQ38F,qwrtetyry
B09LCRN1HL,qwrtetyry
B09KT2YYCG,qwrtetyry
B09BTGCP6Z,qwrtetyry
B098QSY2T4,qwrtetyry
B096ZH7K63,qwrtetyry
B095C31362,qwrtetyry
B094MJBDYN,qwrtetyry
B093XYDBKX,qwrtetyry
B09268NK5F,qwrtetyry
B08SVZKYV4,qwrtetyry
B08GYBD8SP,qwrtetyry
B09KN85HVP,qwrtetyry
B09HQGHM9V,qwrtetyry
B08CYZPBMJ,qwrtetyry
B082325KW2,qwrtetyry
B0D7P329DJ,qwrtetyry
B0CPJL43SK,qwrtetyry
B09JBTD9LY,qwrtetyry
B07RNGK1X1,qwrtetyry
B07QL37GPN,qwrtetyry
B006VN2M9C,qwrtetyry
B0039POL08,qwrtetyry
B000EQ8GRE,qwrtetyry
B0DPSPSVXL,qwrtetyry
B0DNJVVTTP,qwrtetyry
B0DNHXTWLR,qwrtetyry
B0DJV6TFMB,qwrtetyry
B0DHSLTBXV,qwrtetyry
B0DGQJQ4BQ,qwrtetyry
B0DGPTP467,qwrtetyry
B0DG7W33HC,qwrtetyry
B0DFLSFYHL,qwrtetyry
B0DCJTB8LV,qwrtetyry
B0DBV2NS6F,qwrtetyry
B0DBQ4VJMC,qwrtetyry
B0DBPN4C8Z,qwrtetyry
B0DBHF6X9F,qwrtetyry
B0DBGZ2V84,qwrtetyry
B0DB1Y3WL2,qwrtetyry
B0D9LYCM6K,qwrtetyry
B0D9F2BSSG,qwrtetyry
B0D7VK1JYT,qwrtetyry
B0D7PZJNJK,qwrtetyry
B0D7H916YM,qwrtetyry
B0D4YVXMZ9,qwrtetyry
B0D4XZS1M3,qwrtetyry
B0D4Q9SDY9,qwrtetyry
B0D4HV9Y19,qwrtetyry
B0D2VLR2M5,qwrtetyry
B0D1VJTKC1,qwrtetyry
B0D1SLD1P8,qwrtetyry
B0D1S3Q5SM,qwrtetyry
B0D1788PCH,qwrtetyry
B0CZF47LC3,qwrtetyry
B0CZ77HDLK,qwrtetyry
B0CY2MQ229,qwrtetyry
B0CVWYCP7K,qwrtetyry
B0CTHKJGQ4,qwrtetyry
B0CTDHXB1T,qwrtetyry
B0C79RJSWZ,qwrtetyry
B0C6SH971J,qwrtetyry
B0C36DY999,qwrtetyry
B0C2VL1K8H,qwrtetyry
B0C2P5HQ8V,qwrtetyry
B0C2GW749Q,qwrtetyry
B0C27ZTJBR,qwrtetyry
B0BZJ82XBB,qwrtetyry
B0BY7V2464,qwrtetyry
B0BXNVNJV8,qwrtetyry
B0BVTSJKMN,qwrtetyry
B0BVLNTYBN,qwrtetyry
B0BTHN6VTC,qwrtetyry
B0BRYYDHW7,qwrtetyry
B0BPX8D8N7,qwrtetyry
B0BPH48TT8,qwrtetyry
B0CT5LBRFF,qwrtetyry
B0CRK8VZLK,qwrtetyry
B0CRDJJMHJ,qwrtetyry
B0CRB6YTCT,qwrtetyry
B0CR12D8YJ,qwrtetyry
B0CQCFJ9JY,qwrtetyry
B0CPSHJF66,qwrtetyry
B0CPP9YC4G,qwrtetyry
B0CPLQ628N,qwrtetyry
B0CP4BX4SK,qwrtetyry
B0CNJMG3Q7,qwrtetyry
B0CNCQGC1R,qwrtetyry
B0CLCGLDHP,qwrtetyry
B0CL92HC91,qwrtetyry
B0CKSCGP4D,qwrtetyry
B0CKGZ6QKN,qwrtetyry
B0CK1CSWMF,qwrtetyry
B0CJJD98X6,qwrtetyry
B0CHDND4GR,qwrtetyry
B0CGXLN27W,qwrtetyry
B0CGRBG62F,qwrtetyry
B0CGQZP383,qwrtetyry
B0CG1ZCZJF,qwrtetyry
B0CFVKSZ7K,qwrtetyry
B0CFFMYKZK,qwrtetyry
B0CDLGVMGL,qwrtetyry
B0CCN5DF19,qwrtetyry
B0CC2YH9QR,qwrtetyry
B0C9MX3KQK,qwrtetyry
B0C8MH5N6T,qwrtetyry
B0C8HSF4VB,qwrtetyry
B0C7GH238L,qwrtetyry
B0BNDZR233,qwrtetyry
B0BM46KFCB,qwrtetyry
B0BF9Q266C,qwrtetyry
B0BDF6B14M,qwrtetyry
B0B9XNG2BB,qwrtetyry
B0B7W9YBHC,qwrtetyry
B0B4GFBMMY,qwrtetyry
B0B457YBLY,qwrtetyry
B0B2WDRKK9,qwrtetyry
B0B1361SMD,qwrtetyry
B09W8PB997,qwrtetyry
B09V28B592,qwrtetyry
B09T2ZCGF5,qwrtetyry
B09QFLKRYG,qwrtetyry
B09PJKB5FF,qwrtetyry
B09MMTZP54,qwrtetyry
B087TN2Y1L,qwrtetyry
B087CKBGBB,qwrtetyry
B086383HR9,qwrtetyry
B084JMD53K,qwrtetyry
B0833PH7PR,qwrtetyry
B082QTDWBK,qwrtetyry
B07Y2QN17W,qwrtetyry
B07VFF3PN6,qwrtetyry
B07T8JLJT4,qwrtetyry
B07QPPQSGR,qwrtetyry
B07NWBMM7H,qwrtetyry
B07K4Q2BBG,qwrtetyry
B07F8FFX7P,qwrtetyry
B07DLVG8X2,qwrtetyry
B07DKZPY8M,qwrtetyry
B0719QYX79,qwrtetyry
B09J8MGWQJ,qwrtetyry
B09G97PDWV,qwrtetyry
B09DG44BG2,qwrtetyry
B09D38YYS5,qwrtetyry
B09C8KLG7K,qwrtetyry
B0995BSJHQ,qwrtetyry
B098WHL8X9,qwrtetyry
B09317XVTQ,qwrtetyry
B0925WDMF8,qwrtetyry
B08Y6L72BH,qwrtetyry
B08VWV9ZGR,qwrtetyry
B08VFDWHWR,qwrtetyry
B08TMFPSLV,qwrtetyry
B08NSDSH5L,qwrtetyry
B08LD4GNKS,qwrtetyry
B08CG2X31F,qwrtetyry
B00GXKG0Q4,qwrtetyry
B00DOS0PAU,qwrtetyry
B009S825NU,qwrtetyry
B003YMPQZA,qwrtetyry
B001BZJ5K4,qwrtetyry
B01I02IRXQ,qwrtetyry
B0CKM28PB3,qwrtetyry
B0BN4QTW25,qwrtetyry
B0B6PR1HDD,qwrtetyry
B09XMW77T9,qwrtetyry
B0BVQT3KWY,qwrtetyry
B0BZ7VTLR2,qwrtetyry
B00BL7KMEU,qwrtetyry
B0C9RTMN2Z,qwrtetyry
B07GBYTLPQ,qwrtetyry
B09YNMMNXD,qwrtetyry
B09TPRVFLM,qwrtetyry
B0B83ZBW89,qwrtetyry
B09MKCZY6X,qwrtetyry
B09G2BW7WJ,qwrtetyry
B07BV7HPZN,qwrtetyry
B09125ZG6L,qwrtetyry
B087N96T61,qwrtetyry
B0BWLSBLGG,qwrtetyry
B0BMZVRQRQ,qwrtetyry
B07GB9NLQP,qwrtetyry
B09Y46RD85,qwrtetyry
B071745ZRG,qwrtetyry
B00URV4DC8,qwrtetyry
B0DGL8QK7B,qwrtetyry
B0D9YJVYY9,qwrtetyry
B0CQ2287SK,qwrtetyry
B0C4XYW5RG,qwrtetyry
B0C2CW3J8P,qwrtetyry
B0BDLVSG5M,qwrtetyry
B08YRPSV43,qwrtetyry
B089K6GW2Q,qwrtetyry
B086T5QRVN,qwrtetyry
B08244QNLH,qwrtetyry
B078XRMKXH,qwrtetyry
B01NAFNJ02,qwrtetyry
B01ELZWF34,qwrtetyry
B00LRCLPY0,qwrtetyry
B00B5EJG8M,qwrtetyry
B003YMPR22,qwrtetyry
B0DQP9F1V7,qwrtetyry
B0D631HCS2,qwrtetyry
B0CQ84XT6F,qwrtetyry
B0CJ4LL51S,qwrtetyry
B0C2CGLTJ2,qwrtetyry
B0BZD782BD,qwrtetyry
B019IO0G52,qwrtetyry
B00WN5KXWK,qwrtetyry
B00EFBD098,qwrtetyry
B0DS4D6X2F,qwrtetyry
B0DNZ3BJLJ,qwrtetyry
B0DNHVFHMV,qwrtetyry
B0DM1XY4DN,qwrtetyry
B0DKBGFV5N,qwrtetyry
B0DJS5VTGK,qwrtetyry
B0DHZ3F6CY,qwrtetyry
B0DHSGJXB5,qwrtetyry
B0DG5KY7KQ,qwrtetyry
B0DF25N98R,qwrtetyry
B0DCZW2225,qwrtetyry
B0DBT84542,qwrtetyry
B0D9RKTYTQ,qwrtetyry
B0BZ8RZ8YD,qwrtetyry
B0BX3QXWHC,qwrtetyry
B0BWC6W5L2,qwrtetyry
B0BGSPZ6TF,qwrtetyry
B0B6C6SNCH,qwrtetyry
B0B2KSC5JW,qwrtetyry
B0B1M1K6ZQ,qwrtetyry
B09YV3WQFL,qwrtetyry
B09SL96GQK,qwrtetyry
B098PBSCN4,qwrtetyry
B08329MVB5,qwrtetyry
B07Z4WKXY5,qwrtetyry
B07Z1CD718,qwrtetyry
B07NBZGYSN,qwrtetyry
B07FMKF78D,qwrtetyry
B06Y1TCS2M,qwrtetyry
B0D9Q8HWF1,qwrtetyry
B0D8CJ7C8Z,qwrtetyry
B0D7ZQRT13,qwrtetyry
B0D7HCC164,qwrtetyry
B0D7C2ZSSL,qwrtetyry
B0D732XSDL,qwrtetyry
B0D6FR1GLB,qwrtetyry
B0D6376BP4,qwrtetyry
B0D5XVL9MY,qwrtetyry
B0D4Q9MRFL,qwrtetyry
B0D38W6HLT,qwrtetyry
B0D2WX1XCT,qwrtetyry
B0D1C22SK7,qwrtetyry
B0D16TD6Q1,qwrtetyry
B0CZ9K3W3R,qwrtetyry
B0CYGTXNVZ,qwrtetyry
B0CY5BSMJJ,qwrtetyry
B0CXD2Y85G,qwrtetyry
B0CWNXRMK8,qwrtetyry
B0CTCG994Z,qwrtetyry
B0CQXYTCSJ,qwrtetyry
B0CQC6HFGX,qwrtetyry
B0CQ777NPK,qwrtetyry
B0CPTVHKXD,qwrtetyry
B0CP81ZGVT,qwrtetyry
B0CP6RGRHB,qwrtetyry
B0CNV7JQ71,qwrtetyry
B0CNTG4FBC,qwrtetyry
B0CMQ3WNCR,qwrtetyry
B0CMHRVYHG,qwrtetyry
B0CMCXB2P5,qwrtetyry
B0CLLFGSRX,qwrtetyry
B0CL4KYVHR,qwrtetyry
B0CKRJXDHK,qwrtetyry
B0CJ683BCW,qwrtetyry
B0CJ2GL8NW,qwrtetyry
B0CGV2JVST,qwrtetyry
B0CGRJTB57,qwrtetyry
B0CGK7GKMQ,qwrtetyry
B0CFY66MZG,qwrtetyry
B0CFL7L87P,qwrtetyry
B0CDWVTPJW,qwrtetyry
B0CD7J3SRC,qwrtetyry
B0CCRPPMTQ,qwrtetyry
B0CBRPKM7H,qwrtetyry
B0C8N2FFC1,qwrtetyry
B0C81G1Z4B,qwrtetyry
B0C3CLRQDV,qwrtetyry
B0C2PJ55B8,qwrtetyry
B0C1N9KJWW,qwrtetyry
B0C16PKYX1,qwrtetyry
B0BYJLJ2CB,qwrtetyry
B0BY9F52YP,qwrtetyry
B0BX38RB3J,qwrtetyry
B0BWWNW6GG,qwrtetyry
B0BSVK2YVX,qwrtetyry
B0BRSQHLZD,qwrtetyry
B0BQ33BS5S,qwrtetyry
B0BP7HTRC2,qwrtetyry
B0BMQ1MKJ8,qwrtetyry
B0BLN8DDS8,qwrtetyry
B0BKZKWZNN,qwrtetyry
B0BKDCNK6B,qwrtetyry
B0BK4C2654,qwrtetyry
B0BJJM891W,qwrtetyry
B0BGS8P83L,qwrtetyry
B0BBTX66D9,qwrtetyry
B0BBTKTQ4X,qwrtetyry
B0B999J2LW,qwrtetyry
B0B6ZN3637,qwrtetyry
B0B4FL87GR,qwrtetyry
B0B4FL5CJ2,qwrtetyry
B0B4B2LR86,qwrtetyry
B0B3XHBTR5,qwrtetyry
B0B3WX9KRS,qwrtetyry
B0B21632H3,qwrtetyry
B09ZVJQJVF,qwrtetyry
B09XXFY331,qwrtetyry
B09WXYNF3J,qwrtetyry
B09RT6VGYX,qwrtetyry
B09QHWS6YT,qwrtetyry
B09Q8WRNGP,qwrtetyry
B09PJB9SR2,qwrtetyry
B09NM1Y3JZ,qwrtetyry
B09MLG4BD3,qwrtetyry
B09JYWRVPY,qwrtetyry
B09FYHYZGW,qwrtetyry
B09F1CMFYQ,qwrtetyry
B09DWTLTT8,qwrtetyry
B09CCMPWBL,qwrtetyry
B09C1PFQ85,qwrtetyry
B0989RXTHZ,qwrtetyry
B08X7GZQQL,qwrtetyry
B08X6HHPYP,qwrtetyry
B08T6B81JP,qwrtetyry
B07VF7DDDR,qwrtetyry
B07NYH2BNC,qwrtetyry
B07HQCP64W,qwrtetyry
B07H3TV5LC,qwrtetyry
B07D3FP3BC,qwrtetyry
B07BDFJ1DK,qwrtetyry
B077TFNY6J,qwrtetyry
B06XXPF9MQ,qwrtetyry
B01K9M42JI,qwrtetyry
B01K0GDCOY,qwrtetyry
B007QBCA5Y,qwrtetyry
B007HR0OW8,qwrtetyry
B001PYO146,qwrtetyry
B000NSLFF8,qwrtetyry
B000HULTXU,qwrtetyry
B08SM8KXQ8,qwrtetyry
B08QHG5ZMC,qwrtetyry
B08NC134MX,qwrtetyry
B08L9P6MLH,qwrtetyry
B08KGJCF53,qwrtetyry
B08H5Y1CGK,qwrtetyry
B08GPD26RC,qwrtetyry
B08G511Z1N,qwrtetyry
B088H572KT,qwrtetyry
B0884BWM3S,qwrtetyry
B084GXVY1Y,qwrtetyry
B0842CR8VD,qwrtetyry
B083CZS8C8,qwrtetyry
B07ZG22XQQ,qwrtetyry
B07YCSD1NZ,qwrtetyry
B07X2LW9WZ,qwrtetyry
B0DD3CBR18,qwrtetyry
B08SVZ9T5W,qwrtetyry
B07YD5939L,qwrtetyry
B01F3ZPKHY,qwrtetyry
B0853WPRSN,qwrtetyry
B0CQKYZ1X4,qwrtetyry
B078TV11J6,qwrtetyry
B095QFF77H,qwrtetyry
B0B4CKT5JS,qwrtetyry
B09P3NVRYV,qwrtetyry
B086MYKGLS,qwrtetyry
B07L4PCTVS,qwrtetyry
B0B77G77JB,qwrtetyry
B09T322K4Q,qwrtetyry
B0BW82X7M4,qwrtetyry
B0DFGDTN42,qwrtetyry
B0DF72ZKZW,qwrtetyry
B08CXL5JXM,qwrtetyry
B091MMV13J,qwrtetyry
B00B064YGO,qwrtetyry
B09N6ZCFJN,qwrtetyry
B07XCHYBVC,qwrtetyry
B079H3F2H4,qwrtetyry
B0BVW2W3R8,qwrtetyry
B09MB779ZY,qwrtetyry
B00CBLY85E,qwrtetyry
B0DGFSHSXM,qwrtetyry
B0B1DHN7SH,qwrtetyry
B089XXJVBW,qwrtetyry
B07JHNT3DJ,qwrtetyry
B07ZRB2FDF,qwrtetyry
B0DB5BZ1WC,qwrtetyry
B0CX4MDNGG,qwrtetyry
B08C7TB3QP,qwrtetyry
B09N71WGLF,qwrtetyry
B0CB7HG1D1,qwrtetyry
B08JPVWLB8,qwrtetyry
B00OZHIN0S,qwrtetyry
B0CTT4TH8Z,qwrtetyry
B079K9SP31,qwrtetyry
B07TLHZSXP,qwrtetyry
B00GAPN5BU,qwrtetyry
B0D44LQSQH,qwrtetyry
B093B4ZCSX,qwrtetyry
B0BBW2WVT1,qwrtetyry
B071VTG6KY,qwrtetyry
B09P1CV1DD,qwrtetyry
B09ZQ155VQ,qwrtetyry
B07VSSTK6P,qwrtetyry
B0BJTJMYVJ,qwrtetyry
B08863MGXB,qwrtetyry
B07YWXSB4G,qwrtetyry
B0CRHMLQL4,qwrtetyry
B09YXTVPG4,qwrtetyry
B095PSZNHV,qwrtetyry
B0CD3RP4SR,qwrtetyry
B0BZS7TY1J,qwrtetyry
B0D14K933J,qwrtetyry
B0C1YHLMLD,qwrtetyry
B07VCLWVCV,qwrtetyry
B085DSMS3Y,qwrtetyry
B07B4NCBZ9,qwrtetyry
B08KBHMFGW,qwrtetyry
B0CCQP7JMQ,qwrtetyry
B0C1BZ4D9F,qwrtetyry
B0BTLX8676,qwrtetyry
B088W75KCC,qwrtetyry
B0847CZTQ5,qwrtetyry
B08BYW6T91,qwrtetyry
B093684M8V,qwrtetyry
B098423FR2,qwrtetyry
B0D25R2GWZ,qwrtetyry
B0CJMR2349,qwrtetyry
B085Q32123,qwrtetyry
B01N5SJ67F,qwrtetyry
B07DHVL4PC,qwrtetyry
B0CRTT9M7Z,qwrtetyry
B0CRZ4NS4G,qwrtetyry
B08ZYRCNFY,qwrtetyry
B0DNZDH5K7,qwrtetyry
B0DLNPJJK4,qwrtetyry
B0DK6DNR6R,qwrtetyry
B0DK1GDFNW,qwrtetyry
B0DJNPLGNV,qwrtetyry
B0DHXTCFHL,qwrtetyry
B0DFGK86JW,qwrtetyry
B0DDKRBTLQ,qwrtetyry
B0DDCWDJ4Y,qwrtetyry
B0DDCN55F5,qwrtetyry
B0DCB72S9S,qwrtetyry
B0DBQMHFTJ,qwrtetyry
B0DBLJDHGQ,qwrtetyry
B0D8KT2CJ3,qwrtetyry
B0D7LYHVHT,qwrtetyry
B084GN77JM,qwrtetyry
B07Y5SRJQP,qwrtetyry
B07WCQG194,qwrtetyry
B07HL48ZNM,qwrtetyry
B07G3C8CH9,qwrtetyry
B0728CSNBP,qwrtetyry
B01LWYON59,qwrtetyry
B01F5QP6RU,qwrtetyry
B00JW1WCNQ,qwrtetyry
B005OUNOUY,qwrtetyry
B0006HNUCM,qwrtetyry
B0DW19GPFT,qwrtetyry
B0DRV1G621,qwrtetyry
B0DPSP2XC4,qwrtetyry
B0DPQJPWT5,qwrtetyry
B0DP77M8ZW,qwrtetyry
B0D6DG6XYK,qwrtetyry
B0D3LSGH1B,qwrtetyry
B0D3HFHYDZ,qwrtetyry
B0D3GCDWBD,qwrtetyry
B0D38VY1DW,qwrtetyry
B0D2HHP6Z1,qwrtetyry
B0D2D9Z1WJ,qwrtetyry
B0D224S6VX,qwrtetyry
B0D1Y9TQ2N,qwrtetyry
B0D1VJNH1M,qwrtetyry
B0D17LCW4S,qwrtetyry
B0D1395C82,qwrtetyry
B0CZSGYDXG,qwrtetyry
B0CXP4KKS5,qwrtetyry
B0CXDS21D4,qwrtetyry
B0CWL3L2NH,qwrtetyry
B07KQ56HH1,qwrtetyry
B0CP9BV85M,qwrtetyry
B0CCY4CRH4,qwrtetyry
B09MF2PMBF,qwrtetyry
B09JY2D8S6,qwrtetyry
B0D48K17FF,qwrtetyry
B0CVTK3N3M,qwrtetyry
B0C3CVPX6K,qwrtetyry
B0BZ774171,qwrtetyry
B0BYCX24LR,qwrtetyry
B0BPLFYHX5,qwrtetyry
B0B9GK72K6,qwrtetyry
B0B69SV695,qwrtetyry
B09L152KG3,qwrtetyry
B08V1RWV2Q,qwrtetyry
B08K8ZB34F,qwrtetyry
B0CLTT3L77,qwrtetyry
B0CLTNK2JC,qwrtetyry
B0CLDC8QVW,qwrtetyry
B0CL4YX123,qwrtetyry
B0CKQXB686,qwrtetyry
B0CKBYZ1PF,qwrtetyry
B0CHY9C5GV,qwrtetyry
B0CFFF15C5,qwrtetyry
B0CF9KZ8DW,qwrtetyry
B0CF1SF88M,qwrtetyry
B0CDL21Q6Y,qwrtetyry
B0CBP646LP,qwrtetyry
B0CB7R4CLW,qwrtetyry
B0CB1RVL3N,qwrtetyry
B0C9MTNC6F,qwrtetyry
B0C5RC9X5Z,qwrtetyry
B0BS6P2MLJ,qwrtetyry
B0BS6NJ59T,qwrtetyry
B0BS5T8J8N,qwrtetyry
B0BRXKG193,qwrtetyry
B0BRMS7D2N,qwrtetyry
B0BR3QG481,qwrtetyry
B0BQZ6QVFN,qwrtetyry
B0BQRG866L,qwrtetyry
B0BQJ28BG3,qwrtetyry
B0BNV9R23X,qwrtetyry
B0BNDS3FK7,qwrtetyry
B0BN4TRD7V,qwrtetyry
B0BKTNK2K7,qwrtetyry
B0BKK89BQ6,qwrtetyry
B0BJMWYC21,qwrtetyry
B0BHVHLRSB,qwrtetyry
B0C5DM17J5,qwrtetyry
B0C36GJCKF,qwrtetyry
B0C1P8R8BT,qwrtetyry
B0C1KT2228,qwrtetyry
B0BZYQ2WPJ,qwrtetyry
B0BZRP4PKP,qwrtetyry
B0BZQC6K5S,qwrtetyry
B0BYT548H2,qwrtetyry
B0BYH528FD,qwrtetyry
B0BY8ZV4KS,qwrtetyry
B0BY8ZTHHH,qwrtetyry
B0BY8FZ8Y9,qwrtetyry
B0BY5DPZLB,qwrtetyry
B0BX3MMB8X,qwrtetyry
B0BVYYJSRG,qwrtetyry
B0BV6QV1CW,qwrtetyry
B0CW3GQZJW,qwrtetyry
B0CTCGBL6G,qwrtetyry
B0CT1LWZ72,qwrtetyry
B0CS6B7B9M,qwrtetyry
B0CS36QQSM,qwrtetyry
B0CR9Q3CQ6,qwrtetyry
B0CPPGPH6L,qwrtetyry
B0CP4W7CNC,qwrtetyry
B0CP3K1P8N,qwrtetyry
B0CNYVJLSX,qwrtetyry
B0CNJRLNQ8,qwrtetyry
B0CNGHQ7TB,qwrtetyry
B0CN2YQTNV,qwrtetyry
B0CM5CF331,qwrtetyry
B0CM3K98V8,qwrtetyry
B0CLY1GLHD,qwrtetyry
B0BHF3PN5C,qwrtetyry
B0BFHK9GGP,qwrtetyry
B0BC7BNC36,qwrtetyry
B0BB7GCRHV,qwrtetyry
B0BB6J1T3M,qwrtetyry
B0B96BFZM7,qwrtetyry
B0B8RNYFQD,qwrtetyry
B0B81CGQCY,qwrtetyry
B0B28GZ264,qwrtetyry
B09Y8QLCBR,qwrtetyry
B09WY219D9,qwrtetyry
B09WK4GHMS,qwrtetyry
B09VDFQJ57,qwrtetyry
B09T2N5G2Y,qwrtetyry
B09SLKXCYG,qwrtetyry
B09LGM2ZDS,qwrtetyry
B08DQXVZV8,qwrtetyry
B082LTNP3Z,qwrtetyry
B0B1N61BSW,qwrtetyry
B08PBR77HQ,qwrtetyry
B00IKHVK5O,qwrtetyry
B0833M8CLS,qwrtetyry
B08B1LB3R7,qwrtetyry
B0CKT345NT,qwrtetyry
B09YP7J1DC,qwrtetyry
B09Y9FQ48L,qwrtetyry
B0D5CDVBF3,qwrtetyry
B07QBMY1KX,qwrtetyry
B0811YRZ2H,qwrtetyry
B000NNNZ9W,qwrtetyry
B0D86PN1MC,qwrtetyry
B0CX5CMZKS,qwrtetyry
B09LCTQSWX,qwrtetyry
B09D3874XX,qwrtetyry
B0993L2FFF,qwrtetyry
B09928T8MX,qwrtetyry
B08YNSGZ9M,qwrtetyry
B08XGHN4WP,qwrtetyry
B08X2NVK68,qwrtetyry
B08VHYM7XR,qwrtetyry
B08V95YQPS,qwrtetyry
B08RN848M5,qwrtetyry
B08R5K3CCW,qwrtetyry
B08L9MYD3M,qwrtetyry
B08L4NSV53,qwrtetyry
B08G1VLV2C,qwrtetyry
B08BJDFKVH,qwrtetyry
B089K2CYRD,qwrtetyry
B00JW27PQY,qwrtetyry
B00JW253K4,qwrtetyry
B00HEDYCCI,qwrtetyry
B00E6O7PRC,qwrtetyry
B007467EZ2,qwrtetyry
B003H4VNWA,qwrtetyry
B08266QTXJ,qwrtetyry
B07YH8L28Z,qwrtetyry
B07Y7XZTJK,qwrtetyry
B07QN39CP2,qwrtetyry
B07QD2DT2M,qwrtetyry
B07NW9YCYF,qwrtetyry
B07KXNC9PG,qwrtetyry
B07K38Y587,qwrtetyry
B07CL6SZ1T,qwrtetyry
B07BYTPJ61,qwrtetyry
B078X3G5M7,qwrtetyry
B071YC6CKH,qwrtetyry
B06WWP5G4G,qwrtetyry
B00V8IBTEY,qwrtetyry
B00SV0KUPG,qwrtetyry
B0CSN4Q2K1,qwrtetyry
B081SQZX2S,qwrtetyry
B01BWV775G,qwrtetyry
B0D299246X,qwrtetyry
B0BZYLH1RQ,qwrtetyry
B0B6J1LT4N,qwrtetyry
B09PJ6XG47,qwrtetyry
B09HX77DFZ,qwrtetyry
B08SBKV4SP,qwrtetyry
B08P38R138,qwrtetyry
B00CA1NJEG,qwrtetyry
B0BX9BR24D,qwrtetyry
B0BLC5G9JQ,qwrtetyry
B00MTZB4RW,qwrtetyry
B09DCLP6L7,qwrtetyry
B00B5HORCO,qwrtetyry
B0DQXTX1M5,qwrtetyry
B0DQSV81F2,qwrtetyry
B0DPZQWGT5,qwrtetyry
B0DPWT5K7X,qwrtetyry
B0DPSPTRSN,qwrtetyry
B0DM1VS5JP,qwrtetyry
B0DLWJ339B,qwrtetyry
B0DLL5KVPX,qwrtetyry
B0DJPZ7VQL,qwrtetyry
B0DJNH5YS6,qwrtetyry
B0DHZR1GM9,qwrtetyry
B0DGL1X2FQ,qwrtetyry
B0DG93S7JN,qwrtetyry
B0DG8HKSBR,qwrtetyry
B0DFMYLG48,qwrtetyry
B07BNVM9RF,qwrtetyry
B001RIHQM4,qwrtetyry
B0CQNPYPK7,qwrtetyry
B0CKSVN5G3,qwrtetyry
B09KM5VTC3,qwrtetyry
B093KHJTCK,qwrtetyry
B08Y57J85J,qwrtetyry
B07TB942FM,qwrtetyry
B01J9RQR56,qwrtetyry
B0CSNF9CQ8,qwrtetyry
B0CJ97S4N4,qwrtetyry
B0CCTDM5Q8,qwrtetyry
B0BQZVYW54,qwrtetyry
B0BKG1F3Z6,qwrtetyry
B082G66LGK,qwrtetyry
B07MXV951T,qwrtetyry
B0CPDH9YWZ,qwrtetyry
B0CP545B4D,qwrtetyry
B0CP28SD4Q,qwrtetyry
B0CN8YW2K3,qwrtetyry
B0CN6JR7WR,qwrtetyry
B0CN3DK293,qwrtetyry
B0CLJHB21S,qwrtetyry
B0CLBGH6WT,qwrtetyry
B0CL3YH4F9,qwrtetyry
B0CKV4K45H,qwrtetyry
B0CKP466FK,qwrtetyry
B0CKNXTJMD,qwrtetyry
B0CJV7VWY3,qwrtetyry
B0CJM836Q7,qwrtetyry
B0CJ2RD5LT,qwrtetyry
B0CHJS1V4J,qwrtetyry
B09LPH1W6Z,qwrtetyry
B09JM58PNB,qwrtetyry
B09JBCZQBF,qwrtetyry
B09J2HH8ND,qwrtetyry
B09F9Q3GT3,qwrtetyry
B09BVMJL66,qwrtetyry
B097M4Y5NQ,qwrtetyry
B095HXPGPK,qwrtetyry
B095BTXGL7,qwrtetyry
B0956L8LVH,qwrtetyry
B093BZFR3M,qwrtetyry
B08ZLQQ6BP,qwrtetyry
B08W5BJKK4,qwrtetyry
B08SLTDHWN,qwrtetyry
B08MF4Y3XM,qwrtetyry
B08KGTP3LC,qwrtetyry
B0DDQ58BJ6,qwrtetyry
B0DDCNYK4B,qwrtetyry
B0DCY88GLR,qwrtetyry
B0DCK17L9S,qwrtetyry
B0DCGBHBCV,qwrtetyry
B0DB86Q5CB,qwrtetyry
B0DB5FKYS8,qwrtetyry
B0D9VQJTLG,qwrtetyry
B0D9V6RNCH,qwrtetyry
B0D8T1SRVN,qwrtetyry
B0D5QMPPJM,qwrtetyry
B0D4ZF16F3,qwrtetyry
B0D3LHZQNX,qwrtetyry
B0D3HPYL63,qwrtetyry
B0D3FDJP1F,qwrtetyry
B0D3D4VQHD,qwrtetyry
B0CGV4DJ39,qwrtetyry
B0CFTKK27D,qwrtetyry
B0CFL5M46N,qwrtetyry
B0CF8QY3N9,qwrtetyry
B0CD4LPZX3,qwrtetyry
B0CCVF3ZS2,qwrtetyry
B0CCTJ9RSQ,qwrtetyry
B0C9RH9F8T,qwrtetyry
B0C9MH75NV,qwrtetyry
B0C9KT7Y8B,qwrtetyry
B0C9J55GC9,qwrtetyry
B0C9CX1SZT,qwrtetyry
B0C8MGBV5S,qwrtetyry
B0C89LY4PT,qwrtetyry
B0C73B273T,qwrtetyry
B0C6STFMYY,qwrtetyry
B0C6LZ7L4D,qwrtetyry
B0C6FFZS5N,qwrtetyry
B0C6F8Z1C6,qwrtetyry
B0C5CYPBX1,qwrtetyry
B0C3B2915R,qwrtetyry
B0C1V8WFQ4,qwrtetyry
B0C1GF87J8,qwrtetyry
B0C1B3WDGW,qwrtetyry
B0BXHVF7QL,qwrtetyry
B0BXGRDJQX,qwrtetyry
B0BWN32YKX,qwrtetyry
B0BTY9BZQ6,qwrtetyry
B0BRV7YMH3,qwrtetyry
B0BQMDX51Y,qwrtetyry
B0BQJ362XF,qwrtetyry
B0BQ6W334K,qwrtetyry
B0BNDQTMY9,qwrtetyry
B0BKL33WH6,qwrtetyry
B0BJP7RSCN,qwrtetyry
B0BHWB4FZJ,qwrtetyry
B0BHHGCJND,qwrtetyry
B0B9RGWP3H,qwrtetyry
B0B9BPP87H,qwrtetyry
B0B7SLN4W6,qwrtetyry
B0B6HMM1S6,qwrtetyry
B0B2K1PYBG,qwrtetyry
B09YFXKLJ4,qwrtetyry
B09Q113KRZ,qwrtetyry
B09NSJTZS8,qwrtetyry
B09M694QSB,qwrtetyry
B09M3KFCR1,qwrtetyry
B089K5S5VQ,qwrtetyry
B086MP1TRK,qwrtetyry
B0825R6V6G,qwrtetyry
B07Z22XBJL,qwrtetyry
B07Y1W9KCF,qwrtetyry
B07WBWQDTT,qwrtetyry
B07VL3FDST,qwrtetyry
B07T35JGNP,qwrtetyry
B07S2KTNC7,qwrtetyry
B07MD3DQZH,qwrtetyry
B071J5J786,qwrtetyry
B015XW3OVG,qwrtetyry
B00S0QJ2OQ,qwrtetyry
B0055B0EI2,qwrtetyry
B00196QKD0,qwrtetyry
B000EEZ8OA,qwrtetyry
B08P4TFYCB,qwrtetyry
B0CWVLH99P,qwrtetyry
B0CT2DDXV8,qwrtetyry
B087Q6DN97,qwrtetyry
B0C57ZKXNX,qwrtetyry
B004XVV254,qwrtetyry
B0D792XFK1,qwrtetyry
B0BTCWRG2T,qwrtetyry
B08K8YJ1P1,qwrtetyry
B0744PHLRR,qwrtetyry
B0BJYDMRNW,qwrtetyry
B07MFFTJMF,qwrtetyry
B0B1LV3DX6,qwrtetyry
B07MXN92DK,qwrtetyry
B0D3Q9P5Z8,qwrtetyry
B0D14JN12G,qwrtetyry
B09QPQLQ29,qwrtetyry
B095YNQD3B,qwrtetyry
B08R7KSG8B,qwrtetyry
B08KXX9DY1,qwrtetyry
B01M1CBARH,qwrtetyry
B09HN4LZFM,qwrtetyry
B001G8Q6E4,qwrtetyry
B001CZ5JE4,qwrtetyry
B07FCF7Z3G,qwrtetyry
B08C2KQT8R,qwrtetyry
B0B7KY9V3H,qwrtetyry
B09WV5Y77M,qwrtetyry
B09WHHPD9T,qwrtetyry
B07WJ5SDPX,qwrtetyry
B07ZPBRQ99,qwrtetyry
B0C8T31QW8,qwrtetyry
B0BGS1ZLC6,qwrtetyry
B0BC92HHZR,qwrtetyry
B0B7HVT1WL,qwrtetyry
B0B1384CS2,qwrtetyry
B09ZPFLGVC,qwrtetyry
B09DDHRDSV,qwrtetyry
B07HPSMHHR,qwrtetyry
B0CMZ9K54P,qwrtetyry
B0CHM9XHBZ,qwrtetyry
B0DHZ74PK9,qwrtetyry
B0CLY8J9R6,qwrtetyry
B0CDL1G2VM,qwrtetyry
B0CC5DM11N,qwrtetyry
B0C2Y95BJT,qwrtetyry
B09SPZXXV4,qwrtetyry
B09NZM2V7M,qwrtetyry
B095BSX4QY,qwrtetyry
B0954GL23B,qwrtetyry
B08V4X7JL6,qwrtetyry
B08TMDXNN3,qwrtetyry
B08DQ5QCKK,qwrtetyry
B07BXTXB7S,qwrtetyry
B00JW289BO,qwrtetyry
B00EJOYNBU,qwrtetyry
B086GND4SM,qwrtetyry
B08H6Z2JJF,qwrtetyry
B0BCTKXH97,qwrtetyry
B08CD8KQCJ,qwrtetyry
B0C3GX9RT9,qwrtetyry
B083DN62D6,qwrtetyry
B077J5GM9K,qwrtetyry
B0CQ1W9F76,qwrtetyry
B09WV15J3F,qwrtetyry
B00PUM3KVO,qwrtetyry
B0C8GH1RDD,qwrtetyry
B099DQ64YX,qwrtetyry
B01BDL4DWU,qwrtetyry
B0CRYVP2RD,qwrtetyry
B0CFVJDV83,qwrtetyry
B0CCYM7TMF,qwrtetyry
B09N91H2PC,qwrtetyry
B07WPWG67B,qwrtetyry
B07GZJP248,qwrtetyry
B01L09OWK8,qwrtetyry
B00CXV3E6Q,qwrtetyry
B0031I5Z80,qwrtetyry
B000EQRLUW,qwrtetyry
B0DRHTP72D,qwrtetyry
B0BWCQC37F,qwrtetyry
B0BBYM15JX,qwrtetyry
B0BBVF8YBQ,qwrtetyry
B09TK2FSG3,qwrtetyry
B09DGCQ942,qwrtetyry
B07TMPWS6Q,qwrtetyry
B07TFG1163,qwrtetyry
B077XJC9SL,qwrtetyry
B086JTB88Q,qwrtetyry
B0D9K1LGJV,qwrtetyry
B0BJVN835N,qwrtetyry
B001WWVOGY,qwrtetyry
B09S349SJ6,qwrtetyry
B0CJ28GCGX,qwrtetyry
B07G58KG2T,qwrtetyry
B0D52PKLSD,qwrtetyry
B0D4YVZ16C,qwrtetyry
B0D4NRYGH4,qwrtetyry
B0D3Q2SSZW,qwrtetyry
B0D3F9H8KP,qwrtetyry
B0D2N53RNL,qwrtetyry
B0CZ3R3PHC,qwrtetyry
B0CYLS11G2,qwrtetyry
B0CYKPPFRG,qwrtetyry
B0CYBQVH8X,qwrtetyry
B0CXJ13LJN,qwrtetyry
B0CXDSNGYJ,qwrtetyry
B0CX91G7SL,qwrtetyry
B0CVTMCTB5,qwrtetyry
B0CRDLJSNM,qwrtetyry
B0CR6Y4HNY,qwrtetyry
B0DFMC5WRJ,qwrtetyry
B0D7CC5GQQ,qwrtetyry
B0CV7DZWKC,qwrtetyry
B0CKRL1L67,qwrtetyry
B0CJ2CBKLG,qwrtetyry
B0CG98J1QG,qwrtetyry
B0C5GF7JNH,qwrtetyry
B0C28XSJF7,qwrtetyry
B0BYYPRVYT,qwrtetyry
B0BRNRPWZR,qwrtetyry
B0BNBF4VGD,qwrtetyry
B0BCVKT73Q,qwrtetyry
B0B3XCH1BX,qwrtetyry
B09XXBM9DN,qwrtetyry
B09TZT6G8D,qwrtetyry
B09SPVRDQ9,qwrtetyry
B0CF5PGL9C,qwrtetyry
B0CD9TSV38,qwrtetyry
B0CD6SPNPY,qwrtetyry
B0CCYSPVK1,qwrtetyry
B0CCS2TVPR,qwrtetyry
B0CB3KS8D1,qwrtetyry
B0C9Z548PN,qwrtetyry
B0C87CLLJD,qwrtetyry
B0C7QTRS8R,qwrtetyry
B0C6LMT8PJ,qwrtetyry
B0C6DQ5875,qwrtetyry
B0C65DFQ9Y,qwrtetyry
B0C5FGKF57,qwrtetyry
B0C556P9MF,qwrtetyry
B0C4GKJPTG,qwrtetyry
B0C37MFX8J,qwrtetyry
B0D38WH48C,qwrtetyry
B0D2DK92BY,qwrtetyry
B0CZ6MPS1W,qwrtetyry
B0CYNHDWGC,qwrtetyry
B0CY3RY1SS,qwrtetyry
B0CY3DYG8W,qwrtetyry
B0CX44XNKQ,qwrtetyry
B0CT5QL9J9,qwrtetyry
B0CT5MRCJV,qwrtetyry
B0CT5FVKGS,qwrtetyry
B0CSFTWGXH,qwrtetyry
B0CRRBB3GR,qwrtetyry
B0CRB5KPPK,qwrtetyry
B0CQSH5S5Q,qwrtetyry
B0CQR7CLTP,qwrtetyry
B0CPTRZ31R,qwrtetyry
B09QBYVP8C,qwrtetyry
B09NCRLY51,qwrtetyry
B099DV3XQ1,qwrtetyry
B085HZ7R8T,qwrtetyry
B081455LS1,qwrtetyry
B07ZK4Z8YJ,qwrtetyry
B07ZCMCB25,qwrtetyry
B07JNS1SYC,qwrtetyry
B0DRFS9SXZ,qwrtetyry
B0DPX4TJ8W,qwrtetyry
B0DPPVR4P8,qwrtetyry
B0DNPZR2DK,qwrtetyry
B0DMNQ3RY2,qwrtetyry
B0DLNNF3MH,qwrtetyry
B0DKF92KJR,qwrtetyry
B0DK89HH8D,qwrtetyry
B0DJ4MHCJR,qwrtetyry
B0DGG4LKTY,qwrtetyry
B0DG5CPRST,qwrtetyry
B0DFWW67CC,qwrtetyry
B0DDWSLNDB,qwrtetyry
B0DDTF88WX,qwrtetyry
B0DDCD536P,qwrtetyry
B0DCZK7P7S,qwrtetyry
B0DCS5RJ2Z,qwrtetyry
B0D9YFFN7D,qwrtetyry
B0D9W376PS,qwrtetyry
B0D95WGHHF,qwrtetyry
B0D91Q9BDS,qwrtetyry
B0D83BN9MM,qwrtetyry
B0D811XS2G,qwrtetyry
B0D59M2WK9,qwrtetyry
B0BG83P861,qwrtetyry
B0BDKW8LJ8,qwrtetyry
B0BD97MPST,qwrtetyry
B0BB24QZDQ,qwrtetyry
B0B7RM5TR4,qwrtetyry
B0B768BVJN,qwrtetyry
B0B74GR484,qwrtetyry
B0B5HLZCKB,qwrtetyry
B0B4KHV16J,qwrtetyry
B0B463S3Q8,qwrtetyry
B0B42818VL,qwrtetyry
B0B3XCS5Z1,qwrtetyry
B0B28ZLXTF,qwrtetyry
B0B25511BT,qwrtetyry
B0B1DVQGG9,qwrtetyry
B0B1D79RV3,qwrtetyry
B005IPLGU0,qwrtetyry
B0048DWYEK,qwrtetyry
B003MW0FMQ,qwrtetyry
B000QGNE42,qwrtetyry
B0CR42TWD1,qwrtetyry
B0CPHRM8C8,qwrtetyry
B0CNVXH8X6,qwrtetyry
B0CNJTSDT3,qwrtetyry
B0CNJGK6FZ,qwrtetyry
B0CLNYHZN6,qwrtetyry
B0CKKM5FBR,qwrtetyry
B0CJV6YKQW,qwrtetyry
B0CJRB3ZRZ,qwrtetyry
B0CJNVXSPC,qwrtetyry
B0CJBKMC75,qwrtetyry
B0CHY11F9Y,qwrtetyry
B0CH9Z8DVT,qwrtetyry
B0CH4RCW4K,qwrtetyry
B0CH3KFS7Q,qwrtetyry
B0CFVCQHMD,qwrtetyry
B0BRMSH1GJ,qwrtetyry
B0BRK53CLT,qwrtetyry
B0BRB6TBZT,qwrtetyry
B0BPB1LN9Q,qwrtetyry
B0BNB44GTP,qwrtetyry
B0BLNGQ92T,qwrtetyry
B0BL6VNXLR,qwrtetyry
B0BKTCKTQQ,qwrtetyry
B0BKKL4MN1,qwrtetyry
B0BK8SMWY4,qwrtetyry
B0BJ6N12FY,qwrtetyry
B0BJ1N8CW9,qwrtetyry
B0BHYR1MXX,qwrtetyry
B0BHL5NQ59,qwrtetyry
B0BHHPT5M5,qwrtetyry
B0BGRDFZSL,qwrtetyry
B089CWPSZN,qwrtetyry
B0854H4VX4,qwrtetyry
B07Z1XQMBB,qwrtetyry
B07Y5WZL9D,qwrtetyry
B07W9KLFBS,qwrtetyry
B07TN7LTSB,qwrtetyry
B07TLLRYRB,qwrtetyry
B07RZCWP5J,qwrtetyry
B07RSWJ6GD,qwrtetyry
B07R4826BD,qwrtetyry
B07Q71LX8N,qwrtetyry
B07M5NR1NQ,qwrtetyry
B07L4LLWV3,qwrtetyry
B07L28W1ZH,qwrtetyry
B07K8T8PNM,qwrtetyry
B07FVPHDN3,qwrtetyry
B09D34258R,qwrtetyry
B09B1L78M7,qwrtetyry
B098QHSDB6,qwrtetyry
B098LDPM6Y,qwrtetyry
B097PH8LJN,qwrtetyry
B095SB8LBQ,qwrtetyry
B09173S1H2,qwrtetyry
B08TM46DJ2,qwrtetyry
B08SSVMTRB,qwrtetyry
B08PNY3DB8,qwrtetyry
B08PHRB3JX,qwrtetyry
B08LN1B8XJ,qwrtetyry
B08JQFT1HX,qwrtetyry
B08GQPW7J6,qwrtetyry
B08FMC451W,qwrtetyry
B08CJ2YZNR,qwrtetyry
B07F67SHPZ,qwrtetyry
B0779GSX47,qwrtetyry
B0756DYTMB,qwrtetyry
B074W3CMVC,qwrtetyry
B074MJ8BVG,qwrtetyry
B07259BNQ6,qwrtetyry
B06XXDZFSN,qwrtetyry
B01KHLLDVQ,qwrtetyry
B01D9T1SKE,qwrtetyry
B01D3BUI68,qwrtetyry
B01D2731XA,qwrtetyry
B01BDWRPG0,qwrtetyry
B00H2VIPQG,qwrtetyry
B00D3HD8YC,qwrtetyry
B00B9GX5NS,qwrtetyry
B006C47L3M,qwrtetyry
B0CFR4FH8Q,qwrtetyry
B09XX4Y84X,qwrtetyry
B0D7SBNZF1,qwrtetyry
B0CB76MGRW,qwrtetyry
B084HQJ6NW,qwrtetyry
B0D2NYZBVX,qwrtetyry
B0C2X47JK2,qwrtetyry
B0BTY7S9Y4,qwrtetyry
B0B9WGCYZ2,qwrtetyry
B09ZYD7R7T,qwrtetyry
B09YGBSDBW,qwrtetyry
B09X9RGRDL,qwrtetyry
B09WYQCK3G,qwrtetyry
B09WDPM1R1,qwrtetyry
B09VXR6L51,qwrtetyry
B09VRZ459F,qwrtetyry
B09VB6SNPR,qwrtetyry
B09V2SF4LX,qwrtetyry
B09SH5KNTQ,qwrtetyry
B09QPYMZSW,qwrtetyry
B09QCLCF9P,qwrtetyry
B09Q3C7YBM,qwrtetyry
B09N3HZGHC,qwrtetyry
B09LRRJV18,qwrtetyry
B09HVD52T9,qwrtetyry
B07MG5D349,qwrtetyry
B0D7B6SMY8,qwrtetyry
B0CP3PLZSJ,qwrtetyry
B09YYV546Z,qwrtetyry
B0CFY9QQ3C,qwrtetyry
B097QMVZJC,qwrtetyry
B0D2X7DKYQ,qwrtetyry
B06Y4Z4CZG,qwrtetyry
B078BC2FCL,qwrtetyry
B0C16C2VDS,qwrtetyry
B0BD8M9BKH,qwrtetyry
B0D92392Y5,qwrtetyry
B0DHXXZBQ7,qwrtetyry
B0991X3CW3,qwrtetyry
B0BY7ZWD4G,qwrtetyry
B083VQR75S,qwrtetyry
B0C2Y17NP8,qwrtetyry
B0C2TJNWQK,qwrtetyry
B0C16S4WZY,qwrtetyry
B0BZSBJQP5,qwrtetyry
B0BZGPMSXB,qwrtetyry
B0BZCBSVCP,qwrtetyry
B0BYVF4HPZ,qwrtetyry
B0BYT1PYXD,qwrtetyry
B0BYMJR8T5,qwrtetyry
B0BX66D5Q9,qwrtetyry
B0BW8H2CM1,qwrtetyry
B0BTTXH1WC,qwrtetyry
B0BSVVDCSL,qwrtetyry
B0BSGGRCC3,qwrtetyry
B0BRZ7DNYY,qwrtetyry
B0BRP3ZMHN,qwrtetyry
B0BQCWQS31,qwrtetyry
B0BVPY7NGX,qwrtetyry
B00NAJ529C,qwrtetyry
B0897S3PD5,qwrtetyry
B0059AXLES,qwrtetyry
B009JLQAQY,qwrtetyry
B0014A454M,qwrtetyry
B0972ZYQ7T,qwrtetyry
B0CSFC5W67,qwrtetyry
B0CPLMCPD5,qwrtetyry
B005VRA746,qwrtetyry
B07CQJG5H8,qwrtetyry
B0CFFC9R5S,qwrtetyry
B07VZTXTVW,qwrtetyry
B0CPB1NB18,qwrtetyry
B09XQD4JKZ,qwrtetyry
B09J4BHQN3,qwrtetyry
B09VH8MQ1Y,qwrtetyry
B09DP5P6X2,qwrtetyry
B01BH4V0QA,qwrtetyry
B0CK2PSCZL,qwrtetyry
B072143GQX,qwrtetyry
B09SLZYHDY,qwrtetyry
B0CC7594C9,qwrtetyry
B07V4JS2WF,qwrtetyry
B0CR9TCTDH,qwrtetyry
B0DCVJW6DQ,qwrtetyry
B0C77KZRBG,qwrtetyry
B0BYZ6SGPX,qwrtetyry
B0CFTHTKF8,qwrtetyry
B08PDRCNYN,qwrtetyry
B0CTH2152M,qwrtetyry
B08ZHRYQS2,qwrtetyry
B07PH42R3H,qwrtetyry
B0C9W2R3WT,qwrtetyry
B0BJ1TT556,qwrtetyry
B078X2YZQW,qwrtetyry
B09Y5TZ4CF,qwrtetyry
B07MJHKHKT,qwrtetyry
B0CY8FWYHG,qwrtetyry
B0B59D86RG,qwrtetyry
B09ZNTGMVG,qwrtetyry
B0D2K9NHRQ,qwrtetyry
B08KDWBBM5,qwrtetyry
B08VCR5TVP,qwrtetyry
B0897F1CV3,qwrtetyry
B000YAIGRU,qwrtetyry
B0D1R73R6N,qwrtetyry
B01N0QQ1V6,qwrtetyry
B0CHS6VNZ3,qwrtetyry
B0C85GX1KL,qwrtetyry
B08DR237NR,qwrtetyry
B0C83ST2JC,qwrtetyry
B0BTFVG1Q8,qwrtetyry
B0C2W2PF14,qwrtetyry
B0BD8QVSCK,qwrtetyry
B0B3R1NZMF,qwrtetyry
B08JZHJQZH,qwrtetyry
B09F31S481,qwrtetyry
B008E07DA8,qwrtetyry
B09DL515FQ,qwrtetyry
B0CJ2YSM7R,qwrtetyry
B07KLB8WZD,qwrtetyry
B0CHMBN4H8,qwrtetyry
B000X2W6LQ,qwrtetyry
B0CG1PBVGT,qwrtetyry
B0BP2FP7DX,qwrtetyry
B0CBR1DVXF,qwrtetyry
B0CP9CH2DM,qwrtetyry
B0B1WL8GGH,qwrtetyry
B005G6SXZM,qwrtetyry
B084QDSJ21,qwrtetyry
B0D1YD5XDZ,qwrtetyry
B0CHYSGWGT,qwrtetyry
B0012S4APK,qwrtetyry
B0CJB2L63R,qwrtetyry
B0BSGFXQ1B,qwrtetyry
B09LQLMCSS,qwrtetyry
B0B6CML94W,qwrtetyry
B08KYFN823,qwrtetyry
B095JPFMJS,qwrtetyry
B0CBK6C55J,qwrtetyry
B0BR5BKGRP,qwrtetyry
B0869DK66M,qwrtetyry
B07JWMJVFV,qwrtetyry
B017E28YEK,qwrtetyry
B076H92R8F,qwrtetyry
B0CBJZJJS2,qwrtetyry
B07RJTB7BL,qwrtetyry
B07R9KQMQD,qwrtetyry
B00TI5X7O4,qwrtetyry
B09SFWLDST,qwrtetyry
B07RJT891D,qwrtetyry
B09TWLVJTV,qwrtetyry
B09R6KHM37,qwrtetyry
B08D94WKYT,qwrtetyry
B000ZLUGQM,qwrtetyry
B084JNQ5P6,qwrtetyry
B0DF2B99Q2,qwrtetyry
B0BRSFG63M,qwrtetyry
B07KLSHGWC,qwrtetyry
B09V1Q91G2,qwrtetyry
B0C5HTGVC7,qwrtetyry
B0CQ1VS4PV,qwrtetyry
B08K4F5QMJ,qwrtetyry
B0CB7K6T4Y,qwrtetyry
B07VPB4V5T,qwrtetyry
1928965245,qwrtetyry
B0D8XSZVX4,qwrtetyry
B0BZNP1RRV,qwrtetyry
B0BRRM2CZ1,qwrtetyry
B08FSSFNLC,qwrtetyry
B09SHV5N1F,qwrtetyry
B09TXQYNTS,qwrtetyry
B08BFPFRKZ,qwrtetyry
B0DCZ7N61D,qwrtetyry
B07H2BMQN5,qwrtetyry
B07948MZLW,qwrtetyry
B09B5C7J3G,qwrtetyry
B0CT5JHN2T,qwrtetyry
B0CSD74KY9,qwrtetyry
B07HK9GXD2,qwrtetyry
B0CKQTGC8T,qwrtetyry
B013K5K826,qwrtetyry
B0BRXNPQHJ,qwrtetyry
B0BB717XWM,qwrtetyry
B099SGFFQK,qwrtetyry
B00SZUS36K,qwrtetyry
B0BW91PLKB,qwrtetyry
B08W3RM861,qwrtetyry
B0BNB54J8M,qwrtetyry
B01EGZBNFA,qwrtetyry
B01M5KFS5S,qwrtetyry
B005FHZ2SI,qwrtetyry
B01N0E2LT1,qwrtetyry
B082RMK1KC,qwrtetyry
B00GHTO4Z0,qwrtetyry
B0CZXWMFK4,qwrtetyry
B0CTLX2954,qwrtetyry
B0CN6Q52N5,qwrtetyry
B0CJ2SKBXW,qwrtetyry
B0C81598XD,qwrtetyry
B0BZKWNPTB,qwrtetyry
B0B1X1PFJL,qwrtetyry
B08NTFXDHG,qwrtetyry
B08MF9SJ7G,qwrtetyry
B07SRZ5Z4N,qwrtetyry
B0D89YW91G,qwrtetyry
B0CNC28J6Y,qwrtetyry
B0CL9YCJ7N,qwrtetyry
B0CK8H31Y1,qwrtetyry
B0DFP9KJKY,qwrtetyry
B07K4XTR7D,qwrtetyry
B07CZZQ62V,qwrtetyry
B086MNJ1HC,qwrtetyry
B07QBFR927,qwrtetyry
B07J9XG1PT,qwrtetyry
B01MQGZW2O,qwrtetyry
B004CHLLFK,qwrtetyry
B000DZDS1K,qwrtetyry
B0C2CNLBLR,qwrtetyry
B094TY1S7F,qwrtetyry
B07FZ6DWT1,qwrtetyry
B01LJUY00U,qwrtetyry
B0CP6KMMKM,qwrtetyry
B0CCRJNMDP,qwrtetyry
B0BRH7JMN7,qwrtetyry
B0BP74CNKQ,qwrtetyry
B0B2S2B491,qwrtetyry
B09VNS417M,qwrtetyry
B09TJZJ8MV,qwrtetyry
B08R8JR32D,qwrtetyry
B082PFTN23,qwrtetyry
B0813BFDRY,qwrtetyry
B07X3Y16Y5,qwrtetyry
B07GL1M8B8,qwrtetyry
B07F7T6LGD,qwrtetyry
B073GDB2KS,qwrtetyry
B073G9TTQJ,qwrtetyry
B00JW26X9E,qwrtetyry
B00A6EU9ZQ,qwrtetyry
B005OVDCE6,qwrtetyry
B005MTDPBK,qwrtetyry
B000C2EACU,qwrtetyry
B0DSVSHKDL,qwrtetyry
B0DPSMJHMD,qwrtetyry
B0DP41PWR8,qwrtetyry
B0DGKZ6C5F,qwrtetyry
B0DG573HHT,qwrtetyry
B0DCJN6DMM,qwrtetyry
B0D9LN3Q19,qwrtetyry
B0D99J1ZXG,qwrtetyry
B0D542T5GK,qwrtetyry
B0D52JQ845,qwrtetyry
B0D4YPBJMV,qwrtetyry
B0D4H691DF,qwrtetyry
B0D49NZHPJ,qwrtetyry
B0D3TNM7G9,qwrtetyry
B0D21PN9JK,qwrtetyry
B0D12SH8KM,qwrtetyry
B0CYKW3MGB,qwrtetyry
B0CY7PNGZK,qwrtetyry
B0CXYV7QDV,qwrtetyry
B0CX49MHV7,qwrtetyry
B0CVDMBCW7,qwrtetyry
B0CTHD42VR,qwrtetyry
B0CSXVQJP3,qwrtetyry
B0CSNFBJTR,qwrtetyry
B0CSMFTWL9,qwrtetyry
B0CRR5N5B5,qwrtetyry
B0CP7VPF5Q,qwrtetyry
B0CJJZ37YR,qwrtetyry
B0CJG19P1R,qwrtetyry
B0CGRCQKRP,qwrtetyry
B0CFTP194Z,qwrtetyry
B0CFCJ5W73,qwrtetyry
B0CF1RK2CK,qwrtetyry
B0CDB819MG,qwrtetyry
B0CD9P5XPB,qwrtetyry
B0CC8QK2CD,qwrtetyry
B0CB5WDPBG,qwrtetyry
B0C9938H6B,qwrtetyry
B0C8CJB9JF,qwrtetyry
B0C89HN99N,qwrtetyry
B0C7W9X96V,qwrtetyry
B0C6JB2YYC,qwrtetyry
B0C4H7Q262,qwrtetyry
B0C4DX7R6V,qwrtetyry
B0C2PHQ31Z,qwrtetyry
B0C2PGDMDJ,qwrtetyry
B0C1N1X1PR,qwrtetyry
B0C1FRLNG6,qwrtetyry
B0BZYPF5CZ,qwrtetyry
B0BY9NRRVG,qwrtetyry
B0BXYB69JL,qwrtetyry
B0BXSCQ1XM,qwrtetyry
B0BTMMSN3D,qwrtetyry
B0BRX6Y3YN,qwrtetyry
B0BRX5FYW4,qwrtetyry
B0BQJBLMVS,qwrtetyry
B0BPX318KR,qwrtetyry
B0BP69ZFYB,qwrtetyry
B0BNB4M1R9,qwrtetyry
B0BN6V5G2D,qwrtetyry
B0BN2Z835N,qwrtetyry
B0BM32XNGG,qwrtetyry
B0BL2BT482,qwrtetyry
B0BL13559N,qwrtetyry
B0BKMZ46KR,qwrtetyry
B0BJKMXJPC,qwrtetyry
B0BJ6MP8BG,qwrtetyry
B0BGLQXNMJ,qwrtetyry
B0BG13S4XS,qwrtetyry
B0BDZ784JM,qwrtetyry
B0BBVKJ26R,qwrtetyry
B0BBG4VWXL,qwrtetyry
B0BB5S7FWX,qwrtetyry
B0B58RY985,qwrtetyry
B0B2WH14W3,qwrtetyry
B0B2RSCH1J,qwrtetyry
B0B2KN5W9H,qwrtetyry
B0B1J1S2LR,qwrtetyry
B0B18XCRGP,qwrtetyry
B0B17VYYQ7,qwrtetyry
B09RT24XDS,qwrtetyry
B09QK86JC1,qwrtetyry
B09PTCR8K6,qwrtetyry
B09NQX6WZD,qwrtetyry
B09N3P4GTT,qwrtetyry
B09KN6C2VX,qwrtetyry
B09G789P63,qwrtetyry
B098CTVP8J,qwrtetyry
B096QYB61R,qwrtetyry
B0919LGT3P,qwrtetyry
B08PNL7K5Q,qwrtetyry
B08LSPCLMH,qwrtetyry
B08KZN4669,qwrtetyry
B08B37BNNL,qwrtetyry
B085G7KSX4,qwrtetyry
B084RXW3MC,qwrtetyry
B082MW536K,qwrtetyry
B082H9G44W,qwrtetyry
B08149KVP2,qwrtetyry
B07VVT7H1Q,qwrtetyry
B07VBHMR2D,qwrtetyry
B07TD9G29S,qwrtetyry
B07SL83Y2K,qwrtetyry
B07PVZK449,qwrtetyry
B07P7LQZLK,qwrtetyry
B07HPSDRRZ,qwrtetyry
B07BB6NC8L,qwrtetyry
B07B12WDGF,qwrtetyry
B079W5G234,qwrtetyry
B06WLM6CXY,qwrtetyry
B01LYB93EC,qwrtetyry
B01HV79IT8,qwrtetyry
B01D2Y7EKO,qwrtetyry
B00T3MN65C,qwrtetyry
B00LCYUWOC,qwrtetyry
B00JHDT00W,qwrtetyry
B00JFEV312,qwrtetyry
B00ES3FG6I,qwrtetyry
B008GVU1UO,qwrtetyry
B004D02UL0,qwrtetyry
B00488HE40,qwrtetyry
B000ZZ8MBY,qwrtetyry
B000TVUTO2,qwrtetyry
B000GU0IV0,qwrtetyry
B07XH33PMZ,qwrtetyry
B0C7MP9MBP,qwrtetyry
B09NLPQ1WN,qwrtetyry
B0BRCTTQSR,qwrtetyry
B081MZNB5R,qwrtetyry
B09699JSS5,qwrtetyry
B085KY7L5J,qwrtetyry
B07G7H1WKL,qwrtetyry
B0BXMYYHCH,qwrtetyry
B0D2P2NL99,qwrtetyry
B0BKTJHNZC,qwrtetyry
B0B92GPQ5L,qwrtetyry
B081QSDW1Q,qwrtetyry
B0B6QKXH37,qwrtetyry
B097B9W5XS,qwrtetyry
B0CQXFN6WK,qwrtetyry
B0CSFNZJ9Y,qwrtetyry
B075H6W5YK,qwrtetyry
B0CN8ZW65W,qwrtetyry
B07DQ124XW,qwrtetyry
B0BY2MK7PB,qwrtetyry
B0076NB4PY,qwrtetyry
B0D1QGXMJV,qwrtetyry
B07TBXH5BP,qwrtetyry
B0BG49VHXG,qwrtetyry
B09J4B51FS,qwrtetyry
B09R6M1KMJ,qwrtetyry
B0CG1W6HX6,qwrtetyry
B0CBW7YYC9,qwrtetyry
B00JHPR520,qwrtetyry
B07D4VNK4B,qwrtetyry
B09YL99GLK,qwrtetyry
B08RB4Z9FL,qwrtetyry
B074SFVR8D,qwrtetyry
B08GNZW2J4,qwrtetyry
B079SYKVQQ,qwrtetyry
B0CCRT2JPB,qwrtetyry
B0C5T15H73,qwrtetyry
B0C2WQ8G64,qwrtetyry
B09FS5GKTG,qwrtetyry
B096LN639Q,qwrtetyry
B089SVWXZ1,qwrtetyry
B07MJTGXRK,qwrtetyry
B07JDQ49T9,qwrtetyry
B07JCHPJ7Q,qwrtetyry
B01N41QQ02,qwrtetyry
B00P7K65HK,qwrtetyry
B000E347P2,qwrtetyry
B07D9RR46Q,qwrtetyry
B0852HBL5V,qwrtetyry
B001UC352M,qwrtetyry
B0C2HN9S46,qwrtetyry
B0BVM9PNNX,qwrtetyry
B08P8RY7F7,qwrtetyry
B08D37BJRV,qwrtetyry
B07RFBFG4H,qwrtetyry
B0D22BTYJ5,qwrtetyry
B09KM6T2M6,qwrtetyry
B082DMZ2M7,qwrtetyry
B0C5FSSZTD,qwrtetyry
B07JDBDCQN,qwrtetyry
B01N5DOCMO,qwrtetyry
B07BS9V7HT,qwrtetyry
B01N0AQ89N,qwrtetyry
B0D1Q6ZRLW,qwrtetyry
B0CMCHJT1S,qwrtetyry
B0C23JLJXB,qwrtetyry
B0BWQ32KZX,qwrtetyry
B0BJNP5FWN,qwrtetyry
B098FC3Y4H,qwrtetyry
B08LCT6FGT,qwrtetyry
B08L5P25HV,qwrtetyry
B08G8RWWG9,qwrtetyry
B08G4VZM2Y,qwrtetyry
B088RL49Y9,qwrtetyry
B085N7HTL9,qwrtetyry
B0DQY588BK,qwrtetyry
B0DPYQ6FYL,qwrtetyry
B0DPW4G2BK,qwrtetyry
B0DPSQ5DMT,qwrtetyry
B0D3TSZ9RG,qwrtetyry
B0D3Q2T82C,qwrtetyry
B0D3174H2W,qwrtetyry
B0D2ZTQP38,qwrtetyry
B0D2C42ZLZ,qwrtetyry
B0D251H9RK,qwrtetyry
B0D1JTJFP9,qwrtetyry
B0CXMZRKNN,qwrtetyry
B0CW343JHG,qwrtetyry
B0CS32FKG3,qwrtetyry
B0CRDQM73C,qwrtetyry
B0CR6TP341,qwrtetyry
B0CR32G9G2,qwrtetyry
B0CQLM4XW2,qwrtetyry
B0CQLM3ZJL,qwrtetyry
B0CPS5MP6Q,qwrtetyry
B0DP4W4RY5,qwrtetyry
B0DP2MHRV8,qwrtetyry
B0DLGKKS9S,qwrtetyry
B0DJ979F94,qwrtetyry
B0DHSNQKL1,qwrtetyry
B0DHCHB9MV,qwrtetyry
B0DGKJ1ZJQ,qwrtetyry
B0DG4RFDBP,qwrtetyry
B0DCZN1Z9N,qwrtetyry
B0D967H53S,qwrtetyry
B0D92JLC9Y,qwrtetyry
B0D91ZFWM2,qwrtetyry
B0D8KXLGCJ,qwrtetyry
B0D5GZTDBS,qwrtetyry
B0D4TWRN7V,qwrtetyry
B0D415W2NQ,qwrtetyry
B07YYFCZSW,qwrtetyry
B08T6ZRS8K,qwrtetyry
B077GJ4JD7,qwrtetyry
B00KY0LT3I,qwrtetyry
B09B1ZQT9W,qwrtetyry
B07T777JLC,qwrtetyry
B0BS2MLKGW,qwrtetyry
B08BTRC86X,qwrtetyry
B0116T74Q6,qwrtetyry
B0BGQ8D475,qwrtetyry
B085S6V9L3,qwrtetyry
B0BG8TP9GR,qwrtetyry
B08RBQS3TB,qwrtetyry
B000C2AI7Q,qwrtetyry
B0BWLPZ5T3,qwrtetyry
B07HQRCN7X,qwrtetyry
B0CC5255C1,qwrtetyry
B0C9CGZD3F,qwrtetyry
B0C7ZLG9F9,qwrtetyry
B0C7QNT6NT,qwrtetyry
B0C6YN5FHZ,qwrtetyry
B0C6J4V6DT,qwrtetyry
B0C52Z62XZ,qwrtetyry
B0BZFKC8BR,qwrtetyry
B0BZ89ZLF4,qwrtetyry
B0BYKD4JY3,qwrtetyry
B0BYD9FDPQ,qwrtetyry
B0BXWL65LN,qwrtetyry
B0BXLDWNH8,qwrtetyry
B0BWXR13LS,qwrtetyry
B0BWMZ9TFS,qwrtetyry
B0BS253V73,qwrtetyry
B0BRPXB7TT,qwrtetyry
B0BQN7XL9M,qwrtetyry
B0BPS8FCL6,qwrtetyry
B0BLKGMGZF,qwrtetyry
B0BL11FVGX,qwrtetyry
B0BJS1JFJH,qwrtetyry
B0BGK9CNZR,qwrtetyry
B0BF9DBVGS,qwrtetyry
B0BC82JD3M,qwrtetyry
B0BB6P9MTY,qwrtetyry
B0B9MTF5CW,qwrtetyry
B0B91LMYXH,qwrtetyry
B0B885PMF5,qwrtetyry
B09ZHMHZ6L,qwrtetyry
B09XJTQPB1,qwrtetyry
B09XJHPK2G,qwrtetyry
B0CPHZ9DC7,qwrtetyry
B0CP9FVNYR,qwrtetyry
B0CP3ZHB5F,qwrtetyry
B0CNS6SNRF,qwrtetyry
B0CM3FRV4W,qwrtetyry
B0CLHCKNYJ,qwrtetyry
B0CJBJ8X5Q,qwrtetyry
B0CHRQZW5C,qwrtetyry
B0CGXBWTK8,qwrtetyry
B0CGSTYMWM,qwrtetyry
B0CGL3YCZW,qwrtetyry
B0CG8YDRNY,qwrtetyry
B0CFT7QZY1,qwrtetyry
B0CF9JXRLY,qwrtetyry
B0CF2N4ZNW,qwrtetyry
B0CCRQPQRV,qwrtetyry
B072Y985DL,qwrtetyry
B071RJGHJ1,qwrtetyry
B06ZYGN8T8,qwrtetyry
B06XKC3NX7,qwrtetyry
B0199GEBVE,qwrtetyry
B00ZOS0CLK,qwrtetyry
B00YXD7Z1M,qwrtetyry
B00Q3A3NTQ,qwrtetyry
B00IDEKJA6,qwrtetyry
B00EJQDQ34,qwrtetyry
B00A3V9JPI,qwrtetyry
B008VND36G,qwrtetyry
B004MTACZI,qwrtetyry
B004FF5V0A,qwrtetyry
B00488GIXI,qwrtetyry
B09QK7SFZQ,qwrtetyry
B09NY5V5KM,qwrtetyry
B09MDXNW5F,qwrtetyry
B09LSCXYW7,qwrtetyry
B09KSWYWQ4,qwrtetyry
B09KN8XJQV,qwrtetyry
B09KC45BVB,qwrtetyry
B09J3L32RD,qwrtetyry
B09J2CG8VN,qwrtetyry
B09GLLBCK7,qwrtetyry
B09FX58FML,qwrtetyry
B09DCVH29N,qwrtetyry
B09C9XHM8R,qwrtetyry
B0995KS739,qwrtetyry
B095SW1NVG,qwrtetyry
B093RLRMJ4,qwrtetyry
B093QQDKGZ,qwrtetyry
B093PQGDCK,qwrtetyry
B092CW9RDH,qwrtetyry
B0923KLS4Z,qwrtetyry
B091JTY4Y1,qwrtetyry
B08ZH86NQN,qwrtetyry
B08XYZSFCB,qwrtetyry
B08W9PCQQ3,qwrtetyry
B08W2B1J1L,qwrtetyry
B08R6VW3VW,qwrtetyry
B08PNS7C53,qwrtetyry
B08NV8T7Z1,qwrtetyry
B08NS1NQKB,qwrtetyry
B08M3X5JLP,qwrtetyry
B08L4N2C27,qwrtetyry
B08K26TD6K,qwrtetyry
B0CW2PLRCT,qwrtetyry
B001CUURLY,qwrtetyry
B0942FF36Z,qwrtetyry
B0CLN9TLZX,qwrtetyry
B09S5NPYLB,qwrtetyry
B09LQ877DB,qwrtetyry
B09B3J6QVQ,qwrtetyry
B0CRK8YNZM,qwrtetyry
B07G5JNXS3,qwrtetyry
B09YRZJ3X7,qwrtetyry
B098PF69SJ,qwrtetyry
B08DNW9GRQ,qwrtetyry
B088DB3PTW,qwrtetyry
B084HLXNRR,qwrtetyry
B09JC9PQ17,qwrtetyry
B06XJP866B,qwrtetyry
B08769YZ96,qwrtetyry
B081JKJB73,qwrtetyry
B081BMP7LS,qwrtetyry
B081BMMN82,qwrtetyry
B07ZPF326D,qwrtetyry
B07ZK36R64,qwrtetyry
B07VLGDZS2,qwrtetyry
B07PJMLTSJ,qwrtetyry
B07J2B176T,qwrtetyry
B07F35Z3GQ,qwrtetyry
B07DFPPMQ3,qwrtetyry
B07BB6J8ZY,qwrtetyry
B079XWSXB7,qwrtetyry
B077QLTL68,qwrtetyry
B076CYF29T,qwrtetyry
B0747N5BRR,qwrtetyry
B0CKV1JCSB,qwrtetyry
B0CJMBV8K9,qwrtetyry
B0C36NW9QP,qwrtetyry
B0BNT2Q1R8,qwrtetyry
B0BG38BGGF,qwrtetyry
B07FL8B9YY,qwrtetyry
B07CZS78R5,qwrtetyry
B075SDKFQZ,qwrtetyry
B01CNX6BLS,qwrtetyry
B00NT95S4M,qwrtetyry
B00J3Q4DM8,qwrtetyry
B008PU126I,qwrtetyry
B000E5R3DS,qwrtetyry
B0D9BLQPCD,qwrtetyry
B0CQBSCPRS,qwrtetyry
B0BYSF1GCL,qwrtetyry
B0DPSNQNHN,qwrtetyry
B0CCJ48RJ9,qwrtetyry
B0747Q3BBS,qwrtetyry
B0BBFHVCB8,qwrtetyry
B092JDZ47T,qwrtetyry
B08QJ5P1CV,qwrtetyry
B08DHC81G9,qwrtetyry
B0CYZ9PHWN,qwrtetyry
B0BNC3DCGG,qwrtetyry
B089GZ2JCQ,qwrtetyry
B077MT6MLD,qwrtetyry
B09414Z4V6,qwrtetyry
B09TKHSX7Y,qwrtetyry
B097NW8HLG,qwrtetyry
B0CQXYDZLB,qwrtetyry
B0CMZBCYR1,qwrtetyry
B0BPX1ZZBY,qwrtetyry
B0BK4KY7ZS,qwrtetyry
B0B9HQSWPW,qwrtetyry
B09KMH16BB,qwrtetyry
B09K36NRHC,qwrtetyry
B09BCRDQLX,qwrtetyry
B0992V1WH4,qwrtetyry
B08WPB6J6R,qwrtetyry
B08R883WB5,qwrtetyry
B08PMJF5CN,qwrtetyry
B07K27FYPM,qwrtetyry
B07D2JPVK9,qwrtetyry
B077MGPM1D,qwrtetyry
B06ZZY3512,qwrtetyry
B01N6G8WG9,qwrtetyry
B01N1YY1YX,qwrtetyry
B00S0JLKSY,qwrtetyry
B00O4Q512I,qwrtetyry
B00JW1YX6A,qwrtetyry
B0010GHARO,qwrtetyry
B000Q0R4UI,qwrtetyry
B000FVWA66,qwrtetyry
B0DYDRB2D6,qwrtetyry
B0DQPHSHGQ,qwrtetyry
B0DPGWY2SP,qwrtetyry
B0DMRPX2K3,qwrtetyry
B0DLWK3RD5,qwrtetyry
B0DKST2DFX,qwrtetyry
B0DKFCQ8N4,qwrtetyry
B0DK8Z96KC,qwrtetyry
B0DJV6C3LL,qwrtetyry
B0DJ8MBBDB,qwrtetyry
B0DHZ71CSQ,qwrtetyry
B0DGTC3WMX,qwrtetyry
B0DGR9Q7VH,qwrtetyry
B0DGPXTCZT,qwrtetyry
B0DGFY4221,qwrtetyry
B0DFP6QNXQ,qwrtetyry
B0DF7YP77N,qwrtetyry
B0DD7PXZYD,qwrtetyry
B0DC6N9L46,qwrtetyry
B0DBVFD9LK,qwrtetyry
B0DBQQ1JDQ,qwrtetyry
B0D9D9SPNY,qwrtetyry
B0D96CY74Z,qwrtetyry
B0D8KY86Z7,qwrtetyry
B0D7HGLVXF,qwrtetyry
B0D4TRLJ47,qwrtetyry
B0D415L2KR,qwrtetyry
B0D3PSQW5R,qwrtetyry
B0D381CMXX,qwrtetyry
B0D2XPSW71,qwrtetyry
B0D2NJDK7G,qwrtetyry
B0D1KCPDP4,qwrtetyry
B0CZY32RVL,qwrtetyry
B0CZLBYRN7,qwrtetyry
B0CYKQNCY1,qwrtetyry
B0CWGS34NB,qwrtetyry
B0CSJW4PDM,qwrtetyry
B0CRZ357QY,qwrtetyry
B0CRYWXTP2,qwrtetyry
B0CRGKTH49,qwrtetyry
B0CQSZ5NHJ,qwrtetyry
B0CP8S85Z6,qwrtetyry
B0CN6VGN1R,qwrtetyry
B0CMPTKP74,qwrtetyry
B0CMCH9G3C,qwrtetyry
B0CM29FSY3,qwrtetyry
B0CLP68BYT,qwrtetyry
B0CLGSPKGS,qwrtetyry
B0CLD9M9P6,qwrtetyry
B0CL9VTY1V,qwrtetyry
B0CK2PD9G1,qwrtetyry
B0CK1CGS3S,qwrtetyry
B0CH8KBF94,qwrtetyry
B0CGXMGRXP,qwrtetyry
B0CGCY6Y1S,qwrtetyry
B0CF8N2LLM,qwrtetyry
B0CDCBSQFC,qwrtetyry
B0CCXV3X2Y,qwrtetyry
B0CBLQ5769,qwrtetyry
B0CB3HQDZY,qwrtetyry
B0C8DRK6NW,qwrtetyry
B0C7BKXJ39,qwrtetyry
B0C6MK6FQ6,qwrtetyry
B0C5MQGPGT,qwrtetyry
B0C4X5MSPD,qwrtetyry
B0C2BVZ962,qwrtetyry
B0C22T9TDS,qwrtetyry
B0C172W2RY,qwrtetyry
B0BZK1J2ZH,qwrtetyry
B0BZ43WXC5,qwrtetyry
B0BTPHZWQF,qwrtetyry
B0BTP9XGR7,qwrtetyry
B0BQC5BYXP,qwrtetyry
B0BPS726KJ,qwrtetyry
B0BMLC6SDB,qwrtetyry
B0BMG1JCTX,qwrtetyry
B0BJZBW2Y5,qwrtetyry
B0BJPGM3K9,qwrtetyry
B0BC8DHY4Y,qwrtetyry
B0B8P8S77M,qwrtetyry
B0B7WD9D3Q,qwrtetyry
B0B5Z88MY8,qwrtetyry
B0B4NRRM5W,qwrtetyry
B0B1TM9LTP,qwrtetyry
B09YRNBHHY,qwrtetyry
B09V55CK17,qwrtetyry
B09T8DK6CW,qwrtetyry
B09SZ884P9,qwrtetyry
B09NPMNKPN,qwrtetyry
B09LSGS97N,qwrtetyry
B09LCV9BGZ,qwrtetyry
B09LCV7FP6,qwrtetyry
B09DHTPZ9D,qwrtetyry
B09838M644,qwrtetyry
B097B593RX,qwrtetyry
B094C11M9M,qwrtetyry
B093PTF6R8,qwrtetyry
B092ZCZMT2,qwrtetyry
B091JFMQVX,qwrtetyry
B091HYZRRN,qwrtetyry
B091FVNNT6,qwrtetyry
B09151DVPG,qwrtetyry
B08WHVR689,qwrtetyry
B08SC3JT5F,qwrtetyry
B08LPWJMK9,qwrtetyry
B08JKB33YS,qwrtetyry
B01LXAW3GG,qwrtetyry
B0CZL345DT,qwrtetyry
B0BWRZWY11,qwrtetyry
B09RMT5KPJ,qwrtetyry
B0BZ3M719T,qwrtetyry
B07N7JNTSM,qwrtetyry
B07D2B13DF,qwrtetyry
B00D4CA42U,qwrtetyry
B0CSFGC2YB,qwrtetyry
B0D5KDDDY6,qwrtetyry
B086V544QC,qwrtetyry
B0CWNPRCS7,qwrtetyry
B085KW65F4,qwrtetyry
B085H2XB6G,qwrtetyry
B081BN9HY9,qwrtetyry
B07Z6RQ22D,qwrtetyry
B07YQLBWG7,qwrtetyry
B07WC9CQ3J,qwrtetyry
B07VX7DW2W,qwrtetyry
B07QSPXYMX,qwrtetyry
B07QQS21R5,qwrtetyry
B07QDKRKD7,qwrtetyry
B07PMT27ND,qwrtetyry
B07KSRN9S5,qwrtetyry
B07KJDSH23,qwrtetyry
B07H53QT9V,qwrtetyry
B07GNJVBNF,qwrtetyry
B07BB5T29Z,qwrtetyry
B07GPHSKQF,qwrtetyry
B010OWA4KO,qwrtetyry
B0CQLVJL1P,qwrtetyry
B079K77JMS,qwrtetyry
B075S548WT,qwrtetyry
B073YT1BBH,qwrtetyry
B073X7KFMD,qwrtetyry
B01MTVSM7O,qwrtetyry
B01MTLEASG,qwrtetyry
B014MVWPCI,qwrtetyry
B00EOPGF60,qwrtetyry
B00DYUOD6A,qwrtetyry
B004FF2DQA,qwrtetyry
B00488FYEW,qwrtetyry
B002DHSSHA,qwrtetyry
B00153UY7K,qwrtetyry
B000EQQXBU,qwrtetyry
B000C01BMO,qwrtetyry
B0778S5ZR7,qwrtetyry
B0B2147HQG,qwrtetyry
B0C3BCCWZC,qwrtetyry
B089RGQVJS,qwrtetyry
B07DYD8F6M,qwrtetyry
B07JJSCVXQ,qwrtetyry
B0CF56FFC3,qwrtetyry
B08S7652FG,qwrtetyry
B0B38R2B2F,qwrtetyry
B0BR759J2R,qwrtetyry
B07DFP7P2S,qwrtetyry
B0BB23TD7J,qwrtetyry
B075MDZ9R1,qwrtetyry
B09NN7BLX5,qwrtetyry
B0CG5XH2SJ,qwrtetyry
B0B2NNZ4BQ,qwrtetyry
B0B9L4TZW3,qwrtetyry
B093ZQFNPD,qwrtetyry
B084H4GGY4,qwrtetyry
B076VZJD54,qwrtetyry
B097MM9D3G,qwrtetyry
B07RHD2M6R,qwrtetyry
B0CHYY25LV,qwrtetyry
B08BC3HVV7,qwrtetyry
B08B7X9LQ7,qwrtetyry
B0DGKT8YWV,qwrtetyry
B08PBK5VRF,qwrtetyry
B0CGNMLN9B,qwrtetyry
B0CYP696CX,qwrtetyry
B0BCPMB2B9,qwrtetyry
B0CSFR3GL4,qwrtetyry
B0CN927XTW,qwrtetyry
B08NPDL798,qwrtetyry
B08KJB4R7G,qwrtetyry
B08GPYDN6P,qwrtetyry
B0898LZGSK,qwrtetyry
B082P6V9VR,qwrtetyry
B0813BBS4K,qwrtetyry
B07W963VB1,qwrtetyry
B07BW12LRP,qwrtetyry
B07BDQSMVZ,qwrtetyry
B072W9B76N,qwrtetyry
B072BZKKRC,qwrtetyry
B009LNY4DQ,qwrtetyry
B008ZCEE3Y,qwrtetyry
B0DSVQR3CM,qwrtetyry
B0DPYQ4XD8,qwrtetyry
B0DPWRFXBS,qwrtetyry
B0BSVWY1XV,qwrtetyry
B09QX7579L,qwrtetyry
B07N317GMW,qwrtetyry
B00D5FLUJ2,qwrtetyry
B0CSYH3K2S,qwrtetyry
B0CGJB3VKP,qwrtetyry
B0BZGR9LB7,qwrtetyry
B0BYYP25KT,qwrtetyry
B09HY5SNZ9,qwrtetyry
B08ZY9GTJV,qwrtetyry
B07C3ZP1RF,qwrtetyry
B06XXB43YH,qwrtetyry
B06XK4SL7P,qwrtetyry
B01A9HZRVU,qwrtetyry
B00JW1XDYI,qwrtetyry
B0CQVKQ2PT,qwrtetyry
B0DK12SF3H,qwrtetyry
B0CHDTMM9Z,qwrtetyry
B00PED4TBO,qwrtetyry
B09KT752FS,qwrtetyry
B088BDHHTZ,qwrtetyry
B0D1Q6Y242,qwrtetyry
B0C5CM48L1,qwrtetyry
B07WVSB1KL,qwrtetyry
B01GQR9ETI,qwrtetyry
B07ZMH92DF,qwrtetyry
B0C659W28P,qwrtetyry
B07P61NPWL,qwrtetyry
B019GUJ2BW,qwrtetyry
B09NMD2S4V,qwrtetyry
B0CSYZ9LPZ,qwrtetyry
B0CSYR3Z98,qwrtetyry
B0CN9DK6LJ,qwrtetyry
B0C64HZSRX,qwrtetyry
B0BZ49QJX4,qwrtetyry
B0B8G28SVP,qwrtetyry
B000MKIHVC,qwrtetyry
B0DB85SBPQ,qwrtetyry
B0CDP7S6G2,qwrtetyry
B0C1WQLTLD,qwrtetyry
B0BXXM95MS,qwrtetyry
B0BWR8C8FJ,qwrtetyry
B0BP5Y32D1,qwrtetyry
B0BLH34KW9,qwrtetyry
B09PG3JSCP,qwrtetyry
B09DWMPDKL,qwrtetyry
B09C59BWB8,qwrtetyry
B0964FM6KD,qwrtetyry
B0D7M1CTVG,qwrtetyry
B0D78R843Y,qwrtetyry
B0D6YCM6CP,qwrtetyry
B0D5XTS7PK,qwrtetyry
B0D3LBC8TT,qwrtetyry
B0D3J52DNS,qwrtetyry
B0D3G7RPW7,qwrtetyry
B0D3CB4Y39,qwrtetyry
B0D1XSVKPX,qwrtetyry
B0D12QHMB2,qwrtetyry
B0CZSK5LCG,qwrtetyry
B0CZ6Q4L56,qwrtetyry
B0CYT4J9RF,qwrtetyry
B0CYKY9D4M,qwrtetyry
B0CY5KTQT8,qwrtetyry
B0CY4P6PWG,qwrtetyry
B0DNJTR6DJ,qwrtetyry
B0DMCLPLH2,qwrtetyry
B0DKX9GQ1D,qwrtetyry
B0DKF6MJNX,qwrtetyry
B0DJ8MG5TD,qwrtetyry
B0DH183CHF,qwrtetyry
B0DGQFRF74,qwrtetyry
B0DGG7MK86,qwrtetyry
B0DG96LKS9,qwrtetyry
B0DFWD9MN3,qwrtetyry
B0DFRGPR6K,qwrtetyry
B0DDKZTFJF,qwrtetyry
B0DBSL5QK6,qwrtetyry
B0D9NJC5YW,qwrtetyry
B0D9LYT35B,qwrtetyry
B0D91Z333B,qwrtetyry
B0CP52T1ZZ,qwrtetyry
B0CNYZT86S,qwrtetyry
B0CKJ6KSYY,qwrtetyry
B0CJT7VWPW,qwrtetyry
B0CJBWJ44W,qwrtetyry
B0CH9LR98T,qwrtetyry
B0CGHG5DCR,qwrtetyry
B0CDBDYSCP,qwrtetyry
B0CCJFJCMR,qwrtetyry
B0CCJDP7Z1,qwrtetyry
B0CBMFZC15,qwrtetyry
B0CBJVM1Q2,qwrtetyry
B0C9LPWZWZ,qwrtetyry
B0C5WL5831,qwrtetyry
B0C4SPF7GJ,qwrtetyry
B0C4HKGJJB,qwrtetyry
B0CY3VSHVK,qwrtetyry
B0CX8SKVLY,qwrtetyry
B0CX4YZF57,qwrtetyry
B0CX4C48CH,qwrtetyry
B0CX245GV5,qwrtetyry
B0CX12L4VH,qwrtetyry
B0CTWZQ7M5,qwrtetyry
B0CTD1BC6Y,qwrtetyry
B0CSPJYYCD,qwrtetyry
B0CRV5M3J8,qwrtetyry
B0CRRGJTT8,qwrtetyry
B0CRKZ7JWH,qwrtetyry
B0CRGGV99H,qwrtetyry
B0CQXGVGNR,qwrtetyry
B0CQTV46LN,qwrtetyry
B0CPL23S1P,qwrtetyry
B0C49716KT,qwrtetyry
B0C47M36VP,qwrtetyry
B0C3VR1RL1,qwrtetyry
B0C37VRWYC,qwrtetyry
B0C33TQDPP,qwrtetyry
B0BY8FWJHQ,qwrtetyry
B0BXNXWBCJ,qwrtetyry
B0BX8HJVQT,qwrtetyry
B0BWT553LB,qwrtetyry
B0BW11QCT1,qwrtetyry
B0BVVPG426,qwrtetyry
B0BRZW5M8Z,qwrtetyry
B0BRST15C4,qwrtetyry
B0BQNC5JF5,qwrtetyry
B0BPWVXGW5,qwrtetyry
B0BPSJ6ZH2,qwrtetyry
B08FD9TT8P,qwrtetyry
B08F2T7GFP,qwrtetyry
B08F2SC57B,qwrtetyry
B08B7TJVQR,qwrtetyry
B089GGTMY5,qwrtetyry
B088KR2GLW,qwrtetyry
B083LYWWCX,qwrtetyry
B081TP3DXW,qwrtetyry
B081BNRD58,qwrtetyry
B07Z6Q6XDX,qwrtetyry
B07SDFBTRF,qwrtetyry
B07PDV9Z6B,qwrtetyry
B07NWJQ4MN,qwrtetyry
B07N1F2ZZ1,qwrtetyry
B07LFJM7KH,qwrtetyry
B07KLKKF7B,qwrtetyry
B0BN1282RJ,qwrtetyry
B0BLC869QT,qwrtetyry
B0BKH4XDNF,qwrtetyry
B0BGRG41H1,qwrtetyry
B0BG9FP4T3,qwrtetyry
B0BFZ77QRJ,qwrtetyry
B0BFHWM6BW,qwrtetyry
B0BC849LNP,qwrtetyry
B0BBF8ZZYT,qwrtetyry
B0BB1GW8G6,qwrtetyry
B0B8MP8LPP,qwrtetyry
B0B8HJ9DL6,qwrtetyry
B0B45V5SWP,qwrtetyry
B0B44PP2BN,qwrtetyry
B0B1M2C7XL,qwrtetyry
B09ZTVRG2L,qwrtetyry
B07DQ8K71T,qwrtetyry
B07CLF7ZJW,qwrtetyry
B07BB62CTN,qwrtetyry
B078MDNXDY,qwrtetyry
B075PJ5S4F,qwrtetyry
B01MRA26K4,qwrtetyry
B01MDNZK64,qwrtetyry
B01DUSGLN8,qwrtetyry
B0178GXDBQ,qwrtetyry
B015JCRIX0,qwrtetyry
B010GJMCJG,qwrtetyry
B00LVXTVJQ,qwrtetyry
B00I6AI558,qwrtetyry
B00HEEXK3O,qwrtetyry
B00EOPH9X8,qwrtetyry
B00A2ACZJC,qwrtetyry
B09XJ9QLLF,qwrtetyry
B09WMN6S19,qwrtetyry
B09V56RGQ9,qwrtetyry
B09L6BV2NR,qwrtetyry
B09GK2YX89,qwrtetyry
B09F67TPV2,qwrtetyry
B0995JMZGX,qwrtetyry
B0968GWKHB,qwrtetyry
B095PNHD5L,qwrtetyry
B08YYBCG4G,qwrtetyry
B08NQZN2JR,qwrtetyry
B08NFMNKTB,qwrtetyry
B08LNJG8G1,qwrtetyry
B08HCFGDX1,qwrtetyry
B08G6JXSC7,qwrtetyry
B08FZB4DGK,qwrtetyry
B0DDT5WW75,qwrtetyry
B01IB8D932,qwrtetyry
B0D2R6QB81,qwrtetyry
B005HE1KTY,qwrtetyry
B07YXBM4SZ,qwrtetyry
B0C9STW34S,qwrtetyry
B0CLV3ZDCD,qwrtetyry
B092T1ZW3G,qwrtetyry
B089RH5PN3,qwrtetyry
B0CPLYYC37,qwrtetyry
B0BQDH71TC,qwrtetyry
B00NDG51Q6,qwrtetyry
B0BC93VNJN,qwrtetyry
B0BP62XWL5,qwrtetyry
B0D9TKHM1M,qwrtetyry
B0DJM2PB74,qwrtetyry
B09MYJXS47,qwrtetyry
B07MV86P8P,qwrtetyry
B007J49D6M,qwrtetyry
B0CG8X1W4L,qwrtetyry
B09WGXXJKM,qwrtetyry
B088DGM7YR,qwrtetyry
B004N25JVQ,qwrtetyry
B0C2HTMMG9,qwrtetyry
B07L9RZ225,qwrtetyry
B0BRLDDRFP,qwrtetyry
B091F649J2,qwrtetyry
B0D2CKVMXQ,qwrtetyry
B0CTZY3X6D,qwrtetyry
B0BP75KWD6,qwrtetyry
B016OXDYYU,qwrtetyry
B000LQITXS,qwrtetyry
B0BZGSF999,qwrtetyry
B09LNG78CK,qwrtetyry
B08YFDMYNS,qwrtetyry
B0863CKWBQ,qwrtetyry
B0D1R1ZYLK,qwrtetyry
B0D1KC2CH3,qwrtetyry
B0C3LPWPTC,qwrtetyry
B0C2PCJPP8,qwrtetyry
B09NXRCLJC,qwrtetyry
B08JQ3RHLS,qwrtetyry
B0814KC6BH,qwrtetyry
B075XKB16J,qwrtetyry
B006C43HE4,qwrtetyry
B0D7W42555,qwrtetyry
B0CNV35VRH,qwrtetyry
B0C38391DN,qwrtetyry
B005TU5IU8,qwrtetyry
B0057IV5VI,qwrtetyry
B004FEX5C2,qwrtetyry
B0047T6JY6,qwrtetyry
B003TLOZVW,qwrtetyry
B000B9S6II,qwrtetyry
B0BNHK49W2,qwrtetyry
B0B5KM33TH,qwrtetyry
B09QM5YCPS,qwrtetyry
B08X1QFXQ1,qwrtetyry
B071FFSBQ6,qwrtetyry
B017RUN8MC,qwrtetyry
B0031I9KUO,qwrtetyry
B0DB81K9KY,qwrtetyry
B0CJTWPBY7,qwrtetyry
B0CHM7GNM8,qwrtetyry
B0CCJHJ3P4,qwrtetyry
B0CB8MBKPX,qwrtetyry
B0BZDL6G5F,qwrtetyry
B0BKZLHYMZ,qwrtetyry
B0BJ1JTZSP,qwrtetyry
B0BG4YJ5RN,qwrtetyry
B0DL8XG7XH,qwrtetyry
B0DKF3LZWK,qwrtetyry
B0DK4RF77N,qwrtetyry
B0DK1FHN2F,qwrtetyry
B0DJVQNTWG,qwrtetyry
B0DGGRWF7M,qwrtetyry
B0DF7D9KT6,qwrtetyry
B0DDQ164NK,qwrtetyry
B0DDL18KY2,qwrtetyry
B0DCR123ZH,qwrtetyry
B0DC48ZSJL,qwrtetyry
B0DBTZFVLB,qwrtetyry
B0D9V9L21Z,qwrtetyry
B0D9TD462M,qwrtetyry
B0D9Q5VWJH,qwrtetyry
B0D9MGN69S,qwrtetyry
B0D9BJXYLS,qwrtetyry
B0D99PV3GP,qwrtetyry
B0D986G4LW,qwrtetyry
B0D8L7363F,qwrtetyry
B0D7YTCWY7,qwrtetyry
B0D7CMWSSL,qwrtetyry
B0D4TKWJFF,qwrtetyry
B0D4JDFRS9,qwrtetyry
B0D3PSQKLT,qwrtetyry
B0D3FQWMSS,qwrtetyry
B0D3DBLZGM,qwrtetyry
B0D2KH63PP,qwrtetyry
B0D2HG6T6Z,qwrtetyry
B0D2GRK5NJ,qwrtetyry
B0D266Y19D,qwrtetyry
B0C7G5GBW8,qwrtetyry
B0C77LBCLR,qwrtetyry
B0C6M6JPZ2,qwrtetyry
B0C6KJQ2ZS,qwrtetyry
B0C6J5JPZF,qwrtetyry
B0C5WXQ9GL,qwrtetyry
B0C5HW8SC7,qwrtetyry
B0C4TNN94D,qwrtetyry
B0C37M1N95,qwrtetyry
B0C2PJ5HQW,qwrtetyry
B0C279D49K,qwrtetyry
B0C1V1YCKL,qwrtetyry
B0C1C7VV6Y,qwrtetyry
B0BWRVYT6H,qwrtetyry
B0BWN34F5M,qwrtetyry
B0BWLYRYXC,qwrtetyry
B0BFWMJ4ZG,qwrtetyry
B0BB1N8KHL,qwrtetyry
B09NCTRP9S,qwrtetyry
B09MJPYX24,qwrtetyry
B08PMVTC7X,qwrtetyry
B08NF2NJRT,qwrtetyry
B089YHFGPM,qwrtetyry
B07CX844HR,qwrtetyry
B077YGJ1DL,qwrtetyry
B00TM18QNQ,qwrtetyry
B004BRO6LM,qwrtetyry
B0DT76KTX8,qwrtetyry
B0DRBFY9K6,qwrtetyry
B0DQK9TZ93,qwrtetyry
B0DN159K3N,qwrtetyry
B0DMDPSCPJ,qwrtetyry
B0D1VD8FJJ,qwrtetyry
B0D1TR5HRJ,qwrtetyry
B0D1QVQZG5,qwrtetyry
B0D1QMKH1J,qwrtetyry
B0D1KDSY3G,qwrtetyry
B0D17YXHNG,qwrtetyry
B0D1298WQN,qwrtetyry
B0CZL26HGQ,qwrtetyry
B0CYZJCFGT,qwrtetyry
B0CYSNWL54,qwrtetyry
B0CY4GQSJC,qwrtetyry
B0CXXDMRFR,qwrtetyry
B0CXSXV8FG,qwrtetyry
B0CWRF8Q1R,qwrtetyry
B0CWN45KLH,qwrtetyry
B0CV45QRXW,qwrtetyry
B0CV3GPHLH,qwrtetyry
B0CTCN5DZ7,qwrtetyry
B0CSSRBHL8,qwrtetyry
B0CRKVGKL7,qwrtetyry
B0CRHDDT1P,qwrtetyry
B0CQ7X7YYZ,qwrtetyry
B0CQ2CGMLB,qwrtetyry
B0CPS2FYTV,qwrtetyry
B0CNSX9PZC,qwrtetyry
B0CNGKZT93,qwrtetyry
B0CMTJ7932,qwrtetyry
B0CM3BSZZB,qwrtetyry
B0CL9FN3N2,qwrtetyry
B0CL75Z3ZY,qwrtetyry
B0CKYL5ZSK,qwrtetyry
B0CKPDYZWB,qwrtetyry
B0B7X3W49D,qwrtetyry
B0B7W9KQD4,qwrtetyry
B0B7RMQK3W,qwrtetyry
B0B6TZBV46,qwrtetyry
B0B6TYM2KT,qwrtetyry
B0B5R6C8ZM,qwrtetyry
B0B4K6NH8G,qwrtetyry
B0B3T4VT1X,qwrtetyry
B0B28GMJDF,qwrtetyry
B09X2FRF5B,qwrtetyry
B09TFY3V3D,qwrtetyry
B09S7G6YPW,qwrtetyry
B09S6TPVXT,qwrtetyry
B09QRV4R8X,qwrtetyry
B09MZ5JJ2M,qwrtetyry
B09MMX4CQC,qwrtetyry
B0CKNXLPSY,qwrtetyry
B0CJXXXLS7,qwrtetyry
B0CJMG8897,qwrtetyry
B0CHHX81YN,qwrtetyry
B0CHDLM5X2,qwrtetyry
B0CH9ZRHNT,qwrtetyry
B0CH87FVTJ,qwrtetyry
B0CGZ19DT9,qwrtetyry
B0CGK5PC56,qwrtetyry
B0CDRJDTM5,qwrtetyry
B0CDGL22XW,qwrtetyry
B0CDC6KC59,qwrtetyry
B0CCD37X8Q,qwrtetyry
B0CBV8MY4Z,qwrtetyry
B0CBT76H4B,qwrtetyry
B0C9J2DMPN,qwrtetyry
B0BVZD418R,qwrtetyry
B0BVTT92YS,qwrtetyry
B0BTY35HNL,qwrtetyry
B0BTVXYZ14,qwrtetyry
B0BSBHRVPQ,qwrtetyry
B0BR5NYQJG,qwrtetyry
B0BPSNPLY2,qwrtetyry
B0BPN1S749,qwrtetyry
B0BP7GL7V5,qwrtetyry
B0BJ8MBXHT,qwrtetyry
B0BG3MFH8D,qwrtetyry
B0BDJZRYF5,qwrtetyry
B0BCFZ5K6J,qwrtetyry
B0BBF1YV8B,qwrtetyry
B0B9BQ7FW1,qwrtetyry
B0B8DB2291,qwrtetyry
B09KPC59JW,qwrtetyry
B09BN1L6M1,qwrtetyry
B08YY96NCR,qwrtetyry
B08YJ5GX91,qwrtetyry
B08XSYYXVG,qwrtetyry
B08SCGGYVG,qwrtetyry
B08RMS4TT4,qwrtetyry
B08R5XBNQM,qwrtetyry
B08NNMLWBZ,qwrtetyry
B08NDQ88W5,qwrtetyry
B08LVR2DJ8,qwrtetyry
B08JX8FLJ1,qwrtetyry
B08JLS1PVC,qwrtetyry
B08HH74Q4R,qwrtetyry
B08DLGM37L,qwrtetyry
B089YK424K,qwrtetyry
B076MQ3G8R,qwrtetyry
B0768MWXHD,qwrtetyry
B074GQ6TT1,qwrtetyry
B073X76MDL,qwrtetyry
B01MED0CY8,qwrtetyry
B01KPIU99I,qwrtetyry
B01D910QH8,qwrtetyry
B004O2LCGG,qwrtetyry
B002V3FDMO,qwrtetyry
B000OVA2QM,qwrtetyry
B000JWM5VQ,qwrtetyry
B000C9MGGK,qwrtetyry
B0CTD1P57V,qwrtetyry
B00W4KAQG2,qwrtetyry
B0155N9G9W,qwrtetyry
B08C7J2T7F,qwrtetyry
B0D367SLPF,qwrtetyry
B0CP27G92K,qwrtetyry
B0BVR8KD7H,qwrtetyry
B01MSYIN75,qwrtetyry
B0CYT6GQTD,qwrtetyry
B09S5VMNVC,qwrtetyry
B09DKPPC94,qwrtetyry
B0B6FW2VNL,qwrtetyry
B0D3WPY6TP,qwrtetyry
B07G3X93VF,qwrtetyry
B0CT4KQV8B,qwrtetyry
B0BWML1QKJ,qwrtetyry
B085HMGYZT,qwrtetyry
B0831T4J1G,qwrtetyry
B07FZ1Y9V5,qwrtetyry
B000P4LNKW,qwrtetyry
B0BLKDNPGY,qwrtetyry
B0BG8MBBQ6,qwrtetyry
B07YS81RC7,qwrtetyry
B01N6XBRGY,qwrtetyry
B0CF8XX4NC,qwrtetyry
B0BW9PZQSL,qwrtetyry
B0B4X4J295,qwrtetyry
B0B499F1FX,qwrtetyry
B08K79JVJY,qwrtetyry
B07QKP433W,qwrtetyry
B07CPY3YQV,qwrtetyry
B01L1892TE,qwrtetyry
B087WGNJD8,qwrtetyry
B085SX1HS6,qwrtetyry
B07ZJ2L3F4,qwrtetyry
B07ZH145CZ,qwrtetyry
B07Z9QW3PF,qwrtetyry
B07YG1WGXD,qwrtetyry
B07W4NWS6F,qwrtetyry
B07TKNZLY5,qwrtetyry
B07NJ282BD,qwrtetyry
B07F11QK3H,qwrtetyry
B07D439WBB,qwrtetyry
B07C74Y6M3,qwrtetyry
B07BMMH1CV,qwrtetyry
B07BGMV56D,qwrtetyry
B079DCX2FF,qwrtetyry
B078ZQR9SP,qwrtetyry
B0C65VXQ57,qwrtetyry
B0BDWKB15Q,qwrtetyry
B09YM23D61,qwrtetyry
B0968P1NMB,qwrtetyry
B07FZ7ZH9K,qwrtetyry
B06WGRTWQT,qwrtetyry
B00914Q6UY,qwrtetyry
B0DL5N2SVB,qwrtetyry
B0D14KW83L,qwrtetyry
B0CT3D6JKX,qwrtetyry
B0C9MZF24F,qwrtetyry
B0C5R7GBC8,qwrtetyry
B0BXWW6SPY,qwrtetyry
B09YM2QNL1,qwrtetyry
B09PRDG41G,qwrtetyry
B09M7QMYZ8,qwrtetyry
B09C5HTJDN,qwrtetyry
B099WHKYYG,qwrtetyry
B08SQF3KQQ,qwrtetyry
B08PF67W74,qwrtetyry
B08CTMR666,qwrtetyry
B0862C33J5,qwrtetyry
B07N71PFZG,qwrtetyry
B07B4MPHTQ,qwrtetyry
B074R7V2TZ,qwrtetyry
B01D3BLUDS,qwrtetyry
B00JW237UW,qwrtetyry
B008BZRI6A,qwrtetyry
B0049CCT6S,qwrtetyry
B0DRWXKVQ7,qwrtetyry
B0DPH2KXPK,qwrtetyry
B0DNS3CLSK,qwrtetyry
B0DNPZGP8Y,qwrtetyry
B0DLVRLN55,qwrtetyry
B0DKCVVC7H,qwrtetyry
B0DHZNLHNH,qwrtetyry
B0DHXS1J1V,qwrtetyry
B0DHXP99PV,qwrtetyry
B0DG966RGD,qwrtetyry
B0DG5L2XHG,qwrtetyry
B0DDPYJ2C5,qwrtetyry
B0D91J4WLG,qwrtetyry
B0D6BMYRH2,qwrtetyry
B0D5V4DTTR,qwrtetyry
B0D5TS8K9Y,qwrtetyry
B0D5CFQ2PY,qwrtetyry
B0D41JL9LR,qwrtetyry
B0D3L33JQR,qwrtetyry
B0D34CH2JF,qwrtetyry
B0D2Q5BDL8,qwrtetyry
B0D2CSHNQ7,qwrtetyry
B0D1V9GW2X,qwrtetyry
B0D1Q7N37B,qwrtetyry
B0D1KGVFTT,qwrtetyry
B0CZ6FKDWS,qwrtetyry
B0CXWZF828,qwrtetyry
B0CXSNSMVY,qwrtetyry
B0CX4YRV55,qwrtetyry
B0CW8XBQJ3,qwrtetyry
B0CRR7G2RD,qwrtetyry
B0CRHD2VG3,qwrtetyry
B0CR6VCV1D,qwrtetyry
B0CR1CM4HH,qwrtetyry
B0CNSY8Y9W,qwrtetyry
B0CC2PM9MV,qwrtetyry
B0C9SN3QTF,qwrtetyry
B0C89RBGJ1,qwrtetyry
B0C7K6H6TG,qwrtetyry
B0C77HZ162,qwrtetyry
B0C6XFZCZL,qwrtetyry
B0C6SLMS5R,qwrtetyry
B0C5QXG7SJ,qwrtetyry
B0C5M28WN6,qwrtetyry
B0C49KVQ11,qwrtetyry
B0C2Y3XR4W,qwrtetyry
B0BZ49HMBT,qwrtetyry
B0BYSFC2ZK,qwrtetyry
B0BYNKKQKS,qwrtetyry
B0BY7TPY2R,qwrtetyry
B0BXJ5M1XR,qwrtetyry
B0BVTLTWW9,qwrtetyry
B0BVGZW9L8,qwrtetyry
B0BV169KSC,qwrtetyry
B0BTSQ7Z7T,qwrtetyry
B0BTHLLFFS,qwrtetyry
B0BT6T2G2K,qwrtetyry
B0BSF9B88V,qwrtetyry
B0BNV3LJPH,qwrtetyry
B0BLB33W4C,qwrtetyry
B0B9SX2QM9,qwrtetyry
B0B76YQDRX,qwrtetyry
B0B71J2NG2,qwrtetyry
B0B69NDBH4,qwrtetyry
B0B63C4NRV,qwrtetyry
B0B5XK3NM7,qwrtetyry
B0B56N9L2V,qwrtetyry
B07QDPXT9C,qwrtetyry
B07PVRFVFM,qwrtetyry
B07NW1NYCZ,qwrtetyry
B07LD5K3FF,qwrtetyry
B07K4X5DTV,qwrtetyry
B07CHYDJB7,qwrtetyry
B0756F68NP,qwrtetyry
B01MXMB784,qwrtetyry
B01E3Z4RUQ,qwrtetyry
B016YXR1JE,qwrtetyry
B00KY0K3BC,qwrtetyry
B00JKCSWP4,qwrtetyry
B0099O2A9W,qwrtetyry
B007P54BI0,qwrtetyry
B0051IFXA8,qwrtetyry
B0014692G2,qwrtetyry
B0CNK77XTN,qwrtetyry
B0CNGPZXNX,qwrtetyry
B0CMP1C1HW,qwrtetyry
B0CMC8244R,qwrtetyry
B0CM2W3SPY,qwrtetyry
B0CLPFLCCP,qwrtetyry
B0CLNVLWB7,qwrtetyry
B0CL2GJJ5V,qwrtetyry
B0CKVRXG3J,qwrtetyry
B0CH4MR3N5,qwrtetyry
B0CG67DYBC,qwrtetyry
B0CG5RPHH8,qwrtetyry
B0CFF35SVW,qwrtetyry
B0CDRNY4F6,qwrtetyry
B0CD1YQ9N2,qwrtetyry
B0CCW8M7CD,qwrtetyry
B099N1HC93,qwrtetyry
B094DP1YFH,qwrtetyry
B092D5VCJ1,qwrtetyry
B08ZMQL2FZ,qwrtetyry
B08YWW1YYT,qwrtetyry
B08XLYRHFZ,qwrtetyry
B08X1B657M,qwrtetyry
B08ST69HVN,qwrtetyry
B08PJKSNTB,qwrtetyry
B08P2JYRVF,qwrtetyry
B08MXB87WR,qwrtetyry
B08LV26TTC,qwrtetyry
B08H4QRZ6H,qwrtetyry
B07YZ4VX4L,qwrtetyry
B07WDHBY3L,qwrtetyry
B07V1BVXBH,qwrtetyry
B0B4JR2L5N,qwrtetyry
B0B2L7RWGJ,qwrtetyry
B09ZL3B9S8,qwrtetyry
B09YGM4HDH,qwrtetyry
B09X2V82L8,qwrtetyry
B09WCT6GS6,qwrtetyry
B09TXMLSVF,qwrtetyry
B09S2JVDGQ,qwrtetyry
B09RT4Q552,qwrtetyry
B09KX78DGW,qwrtetyry
B09G3PHB4Z,qwrtetyry
B09FJKVHF9,qwrtetyry
B09F3C8YZ7,qwrtetyry
B09DSMHNZL,qwrtetyry
B09CGRFH52,qwrtetyry
B09C3RP3KH,qwrtetyry
B000L3TOFI,qwrtetyry
B093RBNMC5,qwrtetyry
B0CT5KYDJR,qwrtetyry
B009KWY2NA,qwrtetyry
B000MQL66Y,qwrtetyry
B0CRYGKLNJ,qwrtetyry
B0BRPXYXQK,qwrtetyry
B08CFWQNQT,qwrtetyry
B07VRZWYJT,qwrtetyry
B07ZL5ZG81,qwrtetyry
B00JW27OOM,qwrtetyry
B08G4XNDTG,qwrtetyry
B0B188XW6R,qwrtetyry
B094RZCD46,qwrtetyry
B08F22GPJW,qwrtetyry
B07PQ66VLM,qwrtetyry
B07BXH656G,qwrtetyry
B008N30YWA,qwrtetyry
B005TLIKXO,qwrtetyry
B005E5IRR4,qwrtetyry
B0D1QFF53F,qwrtetyry
B0CHVXJZBB,qwrtetyry
B0CF1RN6C6,qwrtetyry
B0BN62GBHX,qwrtetyry
B0BJ74DYJC,qwrtetyry
B09NCH3QJZ,qwrtetyry
B08XH382TP,qwrtetyry
B08V112PW6,qwrtetyry
B08RWCSGRZ,qwrtetyry
B08QD5KWPG,qwrtetyry
B07VPF5NCH,qwrtetyry
B07VJGCKGF,qwrtetyry
B07JZL3WZ9,qwrtetyry
B0D411K9XS,qwrtetyry
B0C7N8N27J,qwrtetyry
B095KM4FL9,qwrtetyry
B07SKJKMY8,qwrtetyry
B07BNSRNSX,qwrtetyry
B0CQ52RPN1,qwrtetyry
B0CKR8NHT5,qwrtetyry
B0C9XWD68C,qwrtetyry
B0BRKB2K9F,qwrtetyry
B0B51KR8JN,qwrtetyry
B09GXNQPN2,qwrtetyry
B089CKZTD8,qwrtetyry
B08688NR6K,qwrtetyry
B07R8FZJCW,qwrtetyry
B07GJV8BLT,qwrtetyry
B072LY6X1P,qwrtetyry
B00EMK02PC,qwrtetyry
B001EYH3BK,qwrtetyry
B001AQB05W,qwrtetyry
B0DNMZ6GMG,qwrtetyry
B0DMNWYK4Z,qwrtetyry
B0DM64TR56,qwrtetyry
B0DM22LWLS,qwrtetyry
B0DKTBPDT7,qwrtetyry
B0DK3P5CPP,qwrtetyry
B0DJ952VN4,qwrtetyry
B0DH267WK1,qwrtetyry
B0DG92TN4D,qwrtetyry
B0DDXKKYNX,qwrtetyry
B0DCSXMLJC,qwrtetyry
B0DCK428ZY,qwrtetyry
B0D866NJT9,qwrtetyry
B0D7LWQLD7,qwrtetyry
B0D62KP7PY,qwrtetyry
B0D3KKSSSB,qwrtetyry
B0D2VYQH53,qwrtetyry
B0D2RLJSCN,qwrtetyry
B0D19SBF28,qwrtetyry
B0D178YPD2,qwrtetyry
B0D12VCB4C,qwrtetyry
B0CYZTYSVL,qwrtetyry
B0CYNP79V2,qwrtetyry
B0CYLF18YP,qwrtetyry
B0CXXC8L7G,qwrtetyry
B0CWNC5YGJ,qwrtetyry
B0CTDKFXZX,qwrtetyry
B0CTDCXX4G,qwrtetyry
B0CRDNJ6RM,qwrtetyry
B0CQFBRPDJ,qwrtetyry
B0CNGHNRHH,qwrtetyry
B0CMX9GDBH,qwrtetyry
B0CMFZNMQ3,qwrtetyry
B0CM5BGH7J,qwrtetyry
B0CLJ45KBN,qwrtetyry
B0CKZD344C,qwrtetyry
B0CK1JZF89,qwrtetyry
B0CJTNV1XD,qwrtetyry
B0CJ8TL6RQ,qwrtetyry
B0CHQYF1T1,qwrtetyry
B0CH9ZFVLX,qwrtetyry
B0CGQYRTPZ,qwrtetyry
B0CDLGFSS7,qwrtetyry
B0CCP9J5SL,qwrtetyry
B0C9MSP4T9,qwrtetyry
B0C9MJ1TW4,qwrtetyry
B0C9CHBQ22,qwrtetyry
B0C9C5G8QC,qwrtetyry
B0C8TDBR1H,qwrtetyry
B0C81BW8FZ,qwrtetyry
B0C77FJJKX,qwrtetyry
B0C6ZXNVFK,qwrtetyry
B0C6PVNN29,qwrtetyry
B0C6LYHJGQ,qwrtetyry
B0C5R3SS9F,qwrtetyry
B0C4XYPJK1,qwrtetyry
B0C4HK3VRM,qwrtetyry
B0C3VRZYGX,qwrtetyry
B0C2BLR38T,qwrtetyry
B0C1Z94234,qwrtetyry
B0C1HK51P7,qwrtetyry
B0BZS4B4Q8,qwrtetyry
B0BZS24532,qwrtetyry
B0BXN6512Y,qwrtetyry
B0BWYH5CHL,qwrtetyry
B0BVTJMTSN,qwrtetyry
B0BTCYZ7XD,qwrtetyry
B0BSNKKM52,qwrtetyry
B0BR86G72N,qwrtetyry
B0BNDWTV7G,qwrtetyry
B0BLG3YYR1,qwrtetyry
B0BLC6B5W4,qwrtetyry
B0BHW5WKJM,qwrtetyry
B0BHHK2HM5,qwrtetyry
B0BF9NJCYS,qwrtetyry
B0BDXPRMSL,qwrtetyry
B0BBS4TSG3,qwrtetyry
B0BBR1YPWC,qwrtetyry
B0B6J2QFZH,qwrtetyry
B0B63VGMVG,qwrtetyry
B0B5GYZNW1,qwrtetyry
B0B1PGPTFF,qwrtetyry
B09YXNMM49,qwrtetyry
B09XN2VY5B,qwrtetyry
B09WXYMFTG,qwrtetyry
B09SVL17MK,qwrtetyry
B09MQH5J3Y,qwrtetyry
B09M7G2GKR,qwrtetyry
B09JB2N6M9,qwrtetyry
B09DSFVVSV,qwrtetyry
B09DPD79Y5,qwrtetyry
B09DCCCCWS,qwrtetyry
B09CLMGPGX,qwrtetyry
B097XPXRHN,qwrtetyry
B091PVHGPP,qwrtetyry
B08Y6MBH5Q,qwrtetyry
B08XNGJKVR,qwrtetyry
B08SLSKGPP,qwrtetyry
B08QKVT5GN,qwrtetyry
B08PDTHRTC,qwrtetyry
B08NPFKWBV,qwrtetyry
B08NFKV326,qwrtetyry
B08FX2DYWM,qwrtetyry
B08DK312J2,qwrtetyry
B089LNVGZ8,qwrtetyry
B088GXKZFN,qwrtetyry
B082KG6P97,qwrtetyry
B0812B27BP,qwrtetyry
B07YY6LKFB,qwrtetyry
B07W6MVS3V,qwrtetyry
B07S3HV13J,qwrtetyry
B07PK68PGQ,qwrtetyry
B07NVQJB34,qwrtetyry
B07LBX5432,qwrtetyry
B07KR2Z79N,qwrtetyry
B07K4384P8,qwrtetyry
B07K2D7ZD7,qwrtetyry
B07D3FQM63,qwrtetyry
B01K9M44MI,qwrtetyry
B01JT5X7A6,qwrtetyry
B00G2530KE,qwrtetyry
B0087P8BJM,qwrtetyry
B007HBC0SK,qwrtetyry
B0071J03ZU,qwrtetyry
B0066SFK32,qwrtetyry
B08Z3GYCNV,qwrtetyry
B07BVMSPD1,qwrtetyry
B01E0LXP5G,qwrtetyry
B00P49W82K,qwrtetyry
B0CS6YP59Q,qwrtetyry
B006G36PKE,qwrtetyry
B09KBR78GB,qwrtetyry
B0C9F3SX3M,qwrtetyry
B08T5TH1WZ,qwrtetyry
B0BN5JNV7M,qwrtetyry
B08WR8S62C,qwrtetyry
B09MP3BGJ6,qwrtetyry
B0BN7PFZJV,qwrtetyry
B0BTRP81G5,qwrtetyry
B004TDMVA6,qwrtetyry
B0CBV9F373,qwrtetyry
B004034QA8,qwrtetyry
B0038KNJQ6,qwrtetyry
B0019SQWWC,qwrtetyry
B000L3XPCG,qwrtetyry
B0BKL2WQM7,qwrtetyry
B01M97RFMO,qwrtetyry
B09BTQ97V3,qwrtetyry
B081V8WVKY,qwrtetyry
B07Y88QTYS,qwrtetyry
B007JUW340,qwrtetyry
B09G2Z3FCG,qwrtetyry
B082V5F4F9,qwrtetyry
B0813ZJFC9,qwrtetyry
B0BWNKYMZV,qwrtetyry
B07VPHDK4S,qwrtetyry
B07V5H36HC,qwrtetyry
B01M7VA13N,qwrtetyry
B009FWWAMA,qwrtetyry
B08LPK97VV,qwrtetyry
B0B3RQFJY7,qwrtetyry
B0115RA2C2,qwrtetyry
B00B4L534W,qwrtetyry
B0DP9RVM37,qwrtetyry
B0DNQ2W421,qwrtetyry
B0DM21RM9S,qwrtetyry
B0DHVGKV44,qwrtetyry
B0DHKMGTRM,qwrtetyry
B0DGPLDXTF,qwrtetyry
B0DFM1S4N1,qwrtetyry
B0DFG51BJB,qwrtetyry
B0DDXTTQZY,qwrtetyry
B0DDPJ167R,qwrtetyry
B0DDKW2JH1,qwrtetyry
B0DDKB821C,qwrtetyry
B0DDBP5QGT,qwrtetyry
B0D954WWJK,qwrtetyry
B0D78H7G5W,qwrtetyry
B0D6XY4QCT,qwrtetyry
B0D6B78SKK,qwrtetyry
B0D66R46ZN,qwrtetyry
B0D62YCXK7,qwrtetyry
B0D62SC4NR,qwrtetyry
B0D5668T3D,qwrtetyry
B0D4RF1KVQ,qwrtetyry
B0D4DWN2BH,qwrtetyry
B0D2DBTCWK,qwrtetyry
B0D25KC3D7,qwrtetyry
B0D1QTNLBK,qwrtetyry
B0D12L1L23,qwrtetyry
B0CZQLKDXR,qwrtetyry
B0CZ7D7763,qwrtetyry
B0CYT4YWJG,qwrtetyry
B0CYGR2FX7,qwrtetyry
B0CXS2J3J5,qwrtetyry
B0CXP3CR3Z,qwrtetyry
B0CWN82TW9,qwrtetyry
B0CWH376GJ,qwrtetyry
B0CTLPP3DX,qwrtetyry
B0CTJ1N62J,qwrtetyry
B0CTDGNZ55,qwrtetyry
B0CT4ZQM76,qwrtetyry
B0CSD59N4H,qwrtetyry
B0CS32KVSP,qwrtetyry
B0CRKSV6TX,qwrtetyry
B0CQZJZ322,qwrtetyry
B0CQMVCL8Z,qwrtetyry
B0CPTS56CS,qwrtetyry
B0CP25JZ9P,qwrtetyry
B0CN69Y22G,qwrtetyry
B0CM2V3B7X,qwrtetyry
B0CLNSNJ5T,qwrtetyry
B0CLLFVV3M,qwrtetyry
B0CLGWLJ4N,qwrtetyry
B0CLG71ZXX,qwrtetyry
B0CLDFT4GJ,qwrtetyry
B0CHYXKDW3,qwrtetyry
B0CHJ8XSZR,qwrtetyry
B0CH12LJ4W,qwrtetyry
B0CGRP7WMZ,qwrtetyry
B0CGR6MC73,qwrtetyry
B0CGDFQDTP,qwrtetyry
B0CDLPKVXV,qwrtetyry
B0CDLGWD1D,qwrtetyry
B0CDHGRZ2Q,qwrtetyry
B0CDC57WLJ,qwrtetyry
B0CD7B5BC9,qwrtetyry
B0CCRZ2SF8,qwrtetyry
B0CBWW39RP,qwrtetyry
B0C76N918K,qwrtetyry
B0C6KMNDKT,qwrtetyry
B0C5CCXX2P,qwrtetyry
B0C58RF3T1,qwrtetyry
B0C3TX7RGP,qwrtetyry
B0C3R7VNM5,qwrtetyry
B0C336RJZ8,qwrtetyry
B0C1C9QP8C,qwrtetyry
B0C18VZ842,qwrtetyry
B0BZPVC53Q,qwrtetyry
B0BZHW1NGD,qwrtetyry
B0BZ4F2NWG,qwrtetyry
B0BYNCTQSH,qwrtetyry
B0BXNP9ZP5,qwrtetyry
B0BXFKCHB9,qwrtetyry
B0BV6DJ8CS,qwrtetyry
B0BQ6WJ8TC,qwrtetyry
B0BN2YWJ6V,qwrtetyry
B0BC1HNJVL,qwrtetyry
B0BBZ3R2PB,qwrtetyry
B0BB73WN3M,qwrtetyry
B0B99C8PCR,qwrtetyry
B0B7RT1JS8,qwrtetyry
B0B6BPN1NJ,qwrtetyry
B0B68MZ61Q,qwrtetyry
B0B5XFY8VM,qwrtetyry
B0B5WC511V,qwrtetyry
B0B5VRP7PL,qwrtetyry
B0B5TGN6J4,qwrtetyry
B0B56LGNX6,qwrtetyry
B0B43TPZC6,qwrtetyry
B0B2RP5CW8,qwrtetyry
B09TZMKC7D,qwrtetyry
B09T6CNKH9,qwrtetyry
B09N3K8KZW,qwrtetyry
B09MJW72DJ,qwrtetyry
B09LYF5GC9,qwrtetyry
B09L632W4Z,qwrtetyry
B09D2VKXNQ,qwrtetyry
B09BF7TM1R,qwrtetyry
B098QTMLMB,qwrtetyry
B096F8KMCG,qwrtetyry
B0967GBRMH,qwrtetyry
B09541SSC3,qwrtetyry
B0CF9MGY31,qwrtetyry
B0C6PHB1B8,qwrtetyry
B0C5CPJN6X,qwrtetyry
B0BQCN3H8N,qwrtetyry
B0BN81M7T8,qwrtetyry
B0BKPT2B3X,qwrtetyry
B0BDRXN64T,qwrtetyry
B0B4246NZH,qwrtetyry
B09V2L3GPB,qwrtetyry
B09MCNQJH4,qwrtetyry
B09KMHZ418,qwrtetyry
B08XJTJJ6R,qwrtetyry
B08TMBVGT6,qwrtetyry
B08TM4QQNP,qwrtetyry
B085QM91J2,qwrtetyry
B081SQ8B7V,qwrtetyry
B0BJYH7KXC,qwrtetyry
B0CJXN1NH4,qwrtetyry
B0CGDSJ9KZ,qwrtetyry
B092NWV3YX,qwrtetyry
B07VSQTKRC,qwrtetyry
B007QBKC4U,qwrtetyry
B09VB277P4,qwrtetyry
B0CKMS2YQR,qwrtetyry
B01JBL7TSO,qwrtetyry
B000YAWKL8,qwrtetyry
B0D874PSFQ,qwrtetyry
B0BC1273WV,qwrtetyry
B0CS3VZK5V,qwrtetyry
B0BZ8784LW,qwrtetyry
B0B8H5RM6Z,qwrtetyry
B0B3RQ3HVN,qwrtetyry
B094XTL7TH,qwrtetyry
B093WFJLW1,qwrtetyry
B08M5ZFVB4,qwrtetyry
B08LMWTKMT,qwrtetyry
B08CBBHPJD,qwrtetyry
B089FSXWCF,qwrtetyry
B086Q3L287,qwrtetyry
B0858XCHFZ,qwrtetyry
B083YVJ2X9,qwrtetyry
B07X5BR45S,qwrtetyry
B07WLVD5R6,qwrtetyry
B07VKZH7P7,qwrtetyry
B07TJKC55B,qwrtetyry
B07RYF2685,qwrtetyry
B07RVKR11C,qwrtetyry
B07D3LWCJZ,qwrtetyry
B001KO6FWW,qwrtetyry
B000C9G00S,qwrtetyry
B079YYHJ8M,qwrtetyry
B078Z1SQBH,qwrtetyry
B077NY43VV,qwrtetyry
B0773M7J5V,qwrtetyry
B076BYR9HX,qwrtetyry
B06XXNP97R,qwrtetyry
B01MRWYGS6,qwrtetyry
B01EBBQYHQ,qwrtetyry
B00N8Q4YAK,qwrtetyry
B00JW21IJY,qwrtetyry
B00FQD3A3U,qwrtetyry
B00FLX6CRQ,qwrtetyry
B00E89TX5C,qwrtetyry
B00B9H4CUW,qwrtetyry
B00AIMR4GI,qwrtetyry
B0D1CTWY8R,qwrtetyry
B0CH1DBKX3,qwrtetyry
B07RDGCF38,qwrtetyry
B09NV9FX1W,qwrtetyry
B0CH1BXCY7,qwrtetyry
B005OVBYH8,qwrtetyry
B0D66BJ3PV,qwrtetyry
B08QRBGGYX,qwrtetyry
B0D62PHS6W,qwrtetyry
B000C14HI8,qwrtetyry
B000NW4PXI,qwrtetyry
B0C85F7XBR,qwrtetyry
B07BPJ7MQM,qwrtetyry
B0C2PBH79R,qwrtetyry
B0033DNA5S,qwrtetyry
B0CFQ9G82F,qwrtetyry
B097RMKY9Y,qwrtetyry
B096CXQFDJ,qwrtetyry
B08K4R5VN3,qwrtetyry
B07T53KDFJ,qwrtetyry
B07SD3W979,qwrtetyry
B00JW206C4,qwrtetyry
B00E60SLEM,qwrtetyry
B000C9J58C,qwrtetyry
B0CD7XYFG6,qwrtetyry
B0C7P1T4L2,qwrtetyry
B0C1PDC2V2,qwrtetyry
B0BYJFGBHD,qwrtetyry
B0BV3BT44Y,qwrtetyry
B0BQV1KW8Y,qwrtetyry
B09Y31P3K1,qwrtetyry
B09T5L117M,qwrtetyry
B09NY7PQL8,qwrtetyry
B099WGNCZ2,qwrtetyry
B096SKFFHD,qwrtetyry
B0847DGV4D,qwrtetyry
B07ZCMK5KD,qwrtetyry
B07YYPSVQM,qwrtetyry
B07DXHHVK7,qwrtetyry
B01N4IETBW,qwrtetyry
B00JW22M94,qwrtetyry
B0DPSVDD2T,qwrtetyry
B0DPMCHR8M,qwrtetyry
B0DPHPT56V,qwrtetyry
B0DMNQ335D,qwrtetyry
B0DKJZ2YTT,qwrtetyry
B0DK1B9CNP,qwrtetyry
B0DHV9QKYB,qwrtetyry
B0D2DB8VYC,qwrtetyry
B0D17V94JZ,qwrtetyry
B0D12NRR3K,qwrtetyry
B0CY4KV39F,qwrtetyry
B0CX4RG3CV,qwrtetyry
B0CWZ3RQ7S,qwrtetyry
B0CWXXRL76,qwrtetyry
B0CVTY68C2,qwrtetyry
B0CV45WXYM,qwrtetyry
B0CT5YS5HG,qwrtetyry
B0CRRMB8H5,qwrtetyry
B0CRKMXMSB,qwrtetyry
B0CR7WSYC1,qwrtetyry
B0CQNZQ3CG,qwrtetyry
B0CQNVY816,qwrtetyry
B0CPXW4PMW,qwrtetyry
B0CP2889WC,qwrtetyry
B0CNMXTQ7H,qwrtetyry
B0CN6WN4SN,qwrtetyry
B0CMTM8KP4,qwrtetyry
B0CLXQYMMB,qwrtetyry
B0CLR4YJ9V,qwrtetyry
B0CLNJ5L73,qwrtetyry
B0CLGWDDQL,qwrtetyry
B0CL6J1B51,qwrtetyry
B0CJKGPYD4,qwrtetyry
B0CGLXSHFJ,qwrtetyry
B0CGKZWWL1,qwrtetyry
B0CG1MSLYC,qwrtetyry
B0CFL45D6C,qwrtetyry
B0CF1B1HP1,qwrtetyry
B0CDX2LNWN,qwrtetyry
B0DF2MQ4N7,qwrtetyry
B0DDKLSPKL,qwrtetyry
B0DDGLVNP9,qwrtetyry
B0DCK5P8XZ,qwrtetyry
B0DBHCG5PJ,qwrtetyry
B0D93GFBTY,qwrtetyry
B0D7VNLB7F,qwrtetyry
B0D7P7SLFT,qwrtetyry
B0D7D82JKZ,qwrtetyry
B0D5CDVDKK,qwrtetyry
B0D5BNZBL8,qwrtetyry
B0D4DRMFH5,qwrtetyry
B0D49PSD2B,qwrtetyry
B0D44LWV7M,qwrtetyry
B0D3ZZRFR2,qwrtetyry
B0D31XD64H,qwrtetyry
B0CC8PN4ZP,qwrtetyry
B0CB73T3CB,qwrtetyry
B0C811DT5K,qwrtetyry
B0C7R24NSP,qwrtetyry
B0C6KC8D27,qwrtetyry
B0C6D31628,qwrtetyry
B0C64KFNX6,qwrtetyry
B0C5XG2M1D,qwrtetyry
B0C572DRFT,qwrtetyry
B0C2ZQD6P9,qwrtetyry
B0C27Y6CH6,qwrtetyry
B0C1GWMHQP,qwrtetyry
B0C15FGZDV,qwrtetyry
B0BZJZT6J7,qwrtetyry
B0BX64CY72,qwrtetyry
B0BX3QP3SD,qwrtetyry
B0BX1YDGPC,qwrtetyry
B0BRQ1NTLB,qwrtetyry
B0BRNXPH75,qwrtetyry
B0BNXN12R8,qwrtetyry
B0BNQ5JVZK,qwrtetyry
B0BJDDFN33,qwrtetyry
B0BC95L85Q,qwrtetyry
B0B5XFQ1C3,qwrtetyry
B0B4NQ9C65,qwrtetyry
B0B4JX9LYT,qwrtetyry
B0B28GFT1Q,qwrtetyry
B09WHLK5NJ,qwrtetyry
B09VXHRPTW,qwrtetyry
B09V563517,qwrtetyry
B09TQQQG32,qwrtetyry
B09S4NLDCN,qwrtetyry
B0185RSG78,qwrtetyry
B011XMXWXA,qwrtetyry
B00TNQ5KWA,qwrtetyry
B00L341AVA,qwrtetyry
B009ZM0KIG,qwrtetyry
B005GQNPPA,qwrtetyry
B003M92FAE,qwrtetyry
B0039235BC,qwrtetyry
B002YCE2I8,qwrtetyry
B000C2CHBG,qwrtetyry
B00020M6QE,qwrtetyry
B09R1LMQ7H,qwrtetyry
B09PTYJHDB,qwrtetyry
B09M81JC2D,qwrtetyry
B09LD6GXHN,qwrtetyry
B09JX54HT5,qwrtetyry
B09JSKKYC7,qwrtetyry
B09GMG69PR,qwrtetyry
B09G1F5DZL,qwrtetyry
B09BFCHSL2,qwrtetyry
B09B4R417F,qwrtetyry
B094XS7H87,qwrtetyry
B093P6LM64,qwrtetyry
B0936P5NQ3,qwrtetyry
B0922Y2TV4,qwrtetyry
B0915XRQBC,qwrtetyry
B08SC6MZSP,qwrtetyry
B08RW82WDT,qwrtetyry
B08RK32Z7X,qwrtetyry
B08P5GGWCF,qwrtetyry
B08GXDCLRJ,qwrtetyry
B08DCWGRWX,qwrtetyry
B089Y1N1TB,qwrtetyry
B08314KCJH,qwrtetyry
B07X5CB1NG,qwrtetyry
B07S1YX792,qwrtetyry
B07R81NZLD,qwrtetyry
B07D8BD6XK,qwrtetyry
B07D3FWLRG,qwrtetyry
B06XXDYGLM,qwrtetyry
B01N7CKNOM,qwrtetyry
B01N7BTDGB,qwrtetyry
B01D273PEA,qwrtetyry
B01LCCWQN8,qwrtetyry
B0CHRSXRGN,qwrtetyry
B01CFLA36W,qwrtetyry
B0CNGYQ43N,qwrtetyry
B0CYZ32JDD,qwrtetyry
B08N9FD813,qwrtetyry
B06XCS4VH5,qwrtetyry
B0DJNDCQRM,qwrtetyry
B09QLDMSJX,qwrtetyry
B09DYHKCNP,qwrtetyry
B00VS4C456,qwrtetyry
B0CL31XSP2,qwrtetyry
B0C2P6ZY3T,qwrtetyry
B0CHP5WK29,qwrtetyry
B08JM19SNW,qwrtetyry
B0C4HB4NR8,qwrtetyry
B07S37G291,qwrtetyry
B01H40THT8,qwrtetyry
B00VN0YPYI,qwrtetyry
B008K1VWJO,qwrtetyry
B0D12HPLNS,qwrtetyry
B0CKMJVXG7,qwrtetyry
B0C4V6GCZV,qwrtetyry
B0B3DLFPR9,qwrtetyry
B09FX997XN,qwrtetyry
B07FPNYMYY,qwrtetyry
B073LGF7HF,qwrtetyry
B00LNAJTEE,qwrtetyry
B007MA7568,qwrtetyry
B0CQC28Z2V,qwrtetyry
B0CJ2V7HW1,qwrtetyry
B0CHRZ43H6,qwrtetyry
B07ZSPM1CQ,qwrtetyry
B0BNPK61Z7,qwrtetyry
B08QMWW96N,qwrtetyry
B0D6CHPSY7,qwrtetyry
B092LVT2RX,qwrtetyry
B0CBFBXJ9T,qwrtetyry
B0757KS4L8,qwrtetyry
B0CBD42681,qwrtetyry
B0B2LNJMHK,qwrtetyry
B08J8JLQ6F,qwrtetyry
B0CSXM2J16,qwrtetyry
B07X2JXMH2,qwrtetyry
B09ZPRTZGZ,qwrtetyry
B0C3LR723Y,qwrtetyry
B07JWJ9ZLY,qwrtetyry
B0CYS7HN9L,qwrtetyry
B01NAUDG6E,qwrtetyry
B0CPLC5ZN7,qwrtetyry
B08T81ZZ1W,qwrtetyry
B07G545J1W,qwrtetyry
B0BWXQZVX6,qwrtetyry
B096RKXKY3,qwrtetyry
B09HGS6SRP,qwrtetyry
B0BL2638QM,qwrtetyry
B07SZH1TW9,qwrtetyry
B0BPNWN793,qwrtetyry
B08HM76Q5G,qwrtetyry
B00J7SQ6FE,qwrtetyry
B0B78HRYQT,qwrtetyry
B0051UMTNK,qwrtetyry
B0CXH92QLK,qwrtetyry
B08S3JSN3X,qwrtetyry
B082KCWD3F,qwrtetyry
B07RNQQKJC,qwrtetyry
B095Y5V592,qwrtetyry
B08XVV7VMJ,qwrtetyry
B082K8XVC1,qwrtetyry
B0BY1DYHHR,qwrtetyry
B09W91ZS9Z,qwrtetyry
B0B2L6XMXF,qwrtetyry
B0813CYPY1,qwrtetyry
B078Q51ZQM,qwrtetyry
B088GSD1HY,qwrtetyry
B0D3XJB1M8,qwrtetyry
B07F38HVQL,qwrtetyry
B09M7PGCGX,qwrtetyry
B0CFQGCHF6,qwrtetyry
B06XS4RH73,qwrtetyry
B09RSDP92X,qwrtetyry
B094YFSC8N,qwrtetyry
B082X3738D,qwrtetyry
B07F6BDGQ9,qwrtetyry
B06Y5S2W3Y,qwrtetyry
B0CPFSSR6L,qwrtetyry
B0CMHP3BTZ,qwrtetyry
B0CK1KD7V3,qwrtetyry
B0CDKF93CC,qwrtetyry
B0BB23TGZC,qwrtetyry
B09WT2JTGW,qwrtetyry
B098K2GKJD,qwrtetyry
B095S63RS2,qwrtetyry
B0922GRFG4,qwrtetyry
B08V1BY712,qwrtetyry
B06XDD2XW6,qwrtetyry
B00VLQYEF4,qwrtetyry
B0CNVZFXQS,qwrtetyry
B0CMHD833N,qwrtetyry
B0CGJPQZMS,qwrtetyry
B0C4XVJ92C,qwrtetyry
B0C4KVCPBF,qwrtetyry
B0C33WCX52,qwrtetyry
B0B8GBZW8M,qwrtetyry
B0B4NWPTZ5,qwrtetyry
B0B1QBQG5N,qwrtetyry
B0B13739GP,qwrtetyry
B09SL286R1,qwrtetyry
B09QPJ29KP,qwrtetyry
B09NQKKPDH,qwrtetyry
B09M7N2RCX,qwrtetyry
B09C83TVYR,qwrtetyry
B0BWJ4S5M4,qwrtetyry
B000EPLLQI,qwrtetyry
B08FTJN3SG,qwrtetyry
B0852LYF19,qwrtetyry
B01IAZ7HU2,qwrtetyry
B09BYZJ8F3,qwrtetyry
B08TQHJJLB,qwrtetyry
B00XIQ83DE,qwrtetyry
B09W2RKJRT,qwrtetyry
B09MYHH1WX,qwrtetyry
B08L57WBBC,qwrtetyry
B07YQC45JL,qwrtetyry
B07VNKDQ6J,qwrtetyry
B07J2MYDVT,qwrtetyry
B0C4TS1YLN,qwrtetyry
B09WTHTX8P,qwrtetyry
B0D83T63PV,qwrtetyry
B0D737RJVC,qwrtetyry
B0D72CW8VJ,qwrtetyry
B0D6BCWT7S,qwrtetyry
B0D69MLX84,qwrtetyry
B0D5WQZWR6,qwrtetyry
B0D5VJN6YB,qwrtetyry
B0D4HYPDNR,qwrtetyry
B0D49J162P,qwrtetyry
B0D47NMYW8,qwrtetyry
B0D2NF4SM5,qwrtetyry
B0D2G2YMQV,qwrtetyry
B0D1N3H1KY,qwrtetyry
B0D1K2PF5Y,qwrtetyry
B0CZSCCPBS,qwrtetyry
B0CZL38NL8,qwrtetyry
B0CLVH4X16,qwrtetyry
B0CLNWTV1D,qwrtetyry
B0CJR97Y94,qwrtetyry
B0CJJNG9D9,qwrtetyry
B0CJ5NCYLC,qwrtetyry
B0CHXTV951,qwrtetyry
B0CHM2Y6VJ,qwrtetyry
B0CHJLG7KY,qwrtetyry
B0CH7MV845,qwrtetyry
B0CGKWQNHW,qwrtetyry
B0CGHN8BBH,qwrtetyry
B0CFTQLPVL,qwrtetyry
B0CFL98RZ6,qwrtetyry
B0CDCQ57RL,qwrtetyry
B0CDC9NMJB,qwrtetyry
B0CCLBFK8V,qwrtetyry
B0CZ6J9XN5,qwrtetyry
B0CXHMTRPK,qwrtetyry
B0CWL53DPL,qwrtetyry
B0CW2MZ44J,qwrtetyry
B0CVTSD31S,qwrtetyry
B0CSY8N67V,qwrtetyry
B0CSVZF3RM,qwrtetyry
B0CSFKKRP8,qwrtetyry
B0CRV7Q9F8,qwrtetyry
B0CQ29MLRZ,qwrtetyry
B0CPJDT3DY,qwrtetyry
B0CP2VMCNV,qwrtetyry
B0CP16JCR8,qwrtetyry
B0CN8GK678,qwrtetyry
B0CN45JJ9Y,qwrtetyry
B0CML6LJ5Z,qwrtetyry
B0CCD9Z9BH,qwrtetyry
B0CBPRWJHM,qwrtetyry
B0CBBPLQYG,qwrtetyry
B0C89QH9VV,qwrtetyry
B0C89GFPQC,qwrtetyry
B0C85DW7QR,qwrtetyry
B0C7KM7C98,qwrtetyry
B0C6XW5V6V,qwrtetyry
B0C6LNTNT9,qwrtetyry
B0C64VQLKL,qwrtetyry
B0C4M9T467,qwrtetyry
B0C4FV571V,qwrtetyry
B0C4BFXP3T,qwrtetyry
B0C3YWC4DN,qwrtetyry
B0C3C25W1D,qwrtetyry
B0C33CC2R8,qwrtetyry
B0977JH47F,qwrtetyry
B08XMYYJ58,qwrtetyry
B08WDY8GLQ,qwrtetyry
B08B8ZQQC6,qwrtetyry
B07M6PB86J,qwrtetyry
B07L6CS3HG,qwrtetyry
B07JJ4Y3DL,qwrtetyry
B07DVNKH3G,qwrtetyry
B079ZYNLRV,qwrtetyry
B01M1OUUWR,qwrtetyry
B0DNMVWDQM,qwrtetyry
B0DN5G8F8S,qwrtetyry
B0DF4NBCQC,qwrtetyry
B0DDT34ZLJ,qwrtetyry
B0DDPZJLLP,qwrtetyry
B0DCPY842Q,qwrtetyry
B0C2TF1T9H,qwrtetyry
B0C1BQYH73,qwrtetyry
B0BZR8FGT4,qwrtetyry
B0BY133WDF,qwrtetyry
B0BVHT3TG5,qwrtetyry
B0BV9YGYLN,qwrtetyry
B0BV2CJ6D3,qwrtetyry
B0BTYPV83S,qwrtetyry
B0BRPVTMKY,qwrtetyry
B0BRGGN2W4,qwrtetyry
B0BQG46D37,qwrtetyry
B0BPSRSKFP,qwrtetyry
B0BPSPM2C2,qwrtetyry
B0BPMG3MTM,qwrtetyry
B0BPMCGHMS,qwrtetyry
B0BNPX8TD3,qwrtetyry
B0BL3F3D8Z,qwrtetyry
B0BKGSC33M,qwrtetyry
B0BJPVRJHT,qwrtetyry
B0BFXM6D13,qwrtetyry
B0BCWNGBQF,qwrtetyry
B0BBLL4GWS,qwrtetyry
B0BBFXQ7N8,qwrtetyry
B0B9WTKBJM,qwrtetyry
B0B9V63XKR,qwrtetyry
B0B9BM62TB,qwrtetyry
B0B8MHZZKZ,qwrtetyry
B0B8HNLWYY,qwrtetyry
B0B7SHTZRJ,qwrtetyry
B0B7B69DP7,qwrtetyry
B0B3W8YSY4,qwrtetyry
B0B3J2LF37,qwrtetyry
B0B1MTBXNX,qwrtetyry
B09XWD93SM,qwrtetyry
B09XR4NZ2D,qwrtetyry
B09X564LK8,qwrtetyry
B09WQMQGHD,qwrtetyry
B09WJF4HJJ,qwrtetyry
B09VXJ5VCX,qwrtetyry
B09TD2PXWD,qwrtetyry
B09T619WQL,qwrtetyry
B09SHP8GFH,qwrtetyry
B09QRXV6F4,qwrtetyry
B09NR8CF82,qwrtetyry
B09NPZKTZY,qwrtetyry
B09L16K7LZ,qwrtetyry
B09H75JTL9,qwrtetyry
B09H6N3649,qwrtetyry
B08RW6RZ72,qwrtetyry
B08LYGVBG8,qwrtetyry
B08KQ4X6JT,qwrtetyry
B08H1J6RV2,qwrtetyry
B08GHBNVFC,qwrtetyry
B08CXX8F18,qwrtetyry
B08CBPMDBX,qwrtetyry
B08BNK7PZR,qwrtetyry
B08B5Y8NK6,qwrtetyry
B0897DW1G3,qwrtetyry
B088WPGLFF,qwrtetyry
B085G4XT87,qwrtetyry
B0854197YD,qwrtetyry
B08536JPK9,qwrtetyry
B07ZTBTGL7,qwrtetyry
B07ZFNJQH6,qwrtetyry
B0BXLWC9LJ,qwrtetyry
B0BX323VM2,qwrtetyry
B0C6Q5W8PM,qwrtetyry
B09TZTSNVQ,qwrtetyry
B07D7W7M39,qwrtetyry
B00NQ9MISY,qwrtetyry
B08PL5H5L2,qwrtetyry
B0871T5FTK,qwrtetyry
B09GXLSC68,qwrtetyry
B09GFCDNFV,qwrtetyry
B09G9DSXRP,qwrtetyry
B09DXF9ZGJ,qwrtetyry
B09CNC18Y6,qwrtetyry
B09BG2JGHR,qwrtetyry
B098LDPWY8,qwrtetyry
B095Y7KR7H,qwrtetyry
B095JT9TMM,qwrtetyry
B093RXM2LM,qwrtetyry
B092M8Q29B,qwrtetyry
B092LNMKCX,qwrtetyry
B092GJ4675,qwrtetyry
B092CDMNMT,qwrtetyry
B08VF2HXLD,qwrtetyry
B08TM5PKHN,qwrtetyry
B07Z1LCG3Q,qwrtetyry
B07XXQ44P4,qwrtetyry
B07V4WJSCS,qwrtetyry
B07S32547Y,qwrtetyry
B07R5NQG4S,qwrtetyry
B07KTX95P2,qwrtetyry
B07JXYXTR1,qwrtetyry
B07FC8VG19,qwrtetyry
B07F27JQL5,qwrtetyry
B07C5W2JKK,qwrtetyry
B07BN77MVY,qwrtetyry
B0752CWYHH,qwrtetyry
B074TLLYN9,qwrtetyry
B073YBC1KH,qwrtetyry
B072Q653T8,qwrtetyry
B0725C5N9B,qwrtetyry
B08T8KSH5D,qwrtetyry
B0D3LW93VL,qwrtetyry
B08JMD996N,qwrtetyry
B0CS6PZDSL,qwrtetyry
B07D7XS91K,qwrtetyry
B0875ZCT6B,qwrtetyry
B07BSZMYFD,qwrtetyry
B097SMTHF4,qwrtetyry
B071ZF1TH8,qwrtetyry
B06XV7DNBM,qwrtetyry
B06W2LQQRN,qwrtetyry
B01MZHYV7W,qwrtetyry
B01M3Y7I0M,qwrtetyry
B01LYIO6SH,qwrtetyry
B01LOXU4CU,qwrtetyry
B01ABTQ80A,qwrtetyry
B01103ONJO,qwrtetyry
B00WKINTPI,qwrtetyry
B00J0XTDWE,qwrtetyry
B006HA7ML2,qwrtetyry
B000FV9SKC,qwrtetyry
B09L5B8RQY,qwrtetyry
B084BZ9K6V,qwrtetyry
B0CJQW124Q,qwrtetyry
B09DY49W7G,qwrtetyry
B0D9PWZJYC,qwrtetyry
B099YZFX34,qwrtetyry
B0CZJNBBCS,qwrtetyry
B085N333DR,qwrtetyry
B0C5MF49X4,qwrtetyry
B0993HT7JK,qwrtetyry
B06Y1WT6GP,qwrtetyry
B0BZ54BD2H,qwrtetyry
B08V8Z9ZLK,qwrtetyry
B09GMFTY78,qwrtetyry
B09WQ6MDNK,qwrtetyry
B0CKYF7SST,qwrtetyry
B0CSSW3V1N,qwrtetyry
B08KJPWTW5,qwrtetyry
B0CLZT2T6G,qwrtetyry
B000E0KP38,qwrtetyry
B0B7MHPV4K,qwrtetyry
B0BYCC9ZPN,qwrtetyry
B0B292DRGL,qwrtetyry
B08BFBW72C,qwrtetyry
B0DLKNM2LG,qwrtetyry
B0C2VK4XDD,qwrtetyry
B0B7JBDMY6,qwrtetyry
B0C1F2N7YY,qwrtetyry
B0D7PW4LPG,qwrtetyry
B0D3LKCVGV,qwrtetyry
B07YNF7BWW,qwrtetyry
B08Z3BWZ61,qwrtetyry
B0BC8KFW7B,qwrtetyry
B0BGBL6WTL,qwrtetyry
B0BNHL47V3,qwrtetyry
B08CDRRDLF,qwrtetyry
B0733LW766,qwrtetyry
B07N514QVN,qwrtetyry
B09VTHNT2F,qwrtetyry
B0765YDVNB,qwrtetyry
B0D964DZT8,qwrtetyry
B00JW1ZUBC,qwrtetyry
B0B9S4TS5C,qwrtetyry
B08TX3MJSF,qwrtetyry
B07DQM9WD4,qwrtetyry
B0CXWFXW5Q,qwrtetyry
B07Q7GW12Q,qwrtetyry
B00LCD5C7K,qwrtetyry
B0D2KL8M3H,qwrtetyry
B0B1HPLNQH,qwrtetyry
B0CRB21SVX,qwrtetyry
B01MZ7D613,qwrtetyry
B01GWO9E54,qwrtetyry
B08WHJZ9DV,qwrtetyry
B07XD2Y641,qwrtetyry
B0B2WDTY9J,qwrtetyry
B08ZYPPNLC,qwrtetyry
B082GL6F6F,qwrtetyry
B08LQ8QT5C,qwrtetyry
B0DCFMDRMX,qwrtetyry
B0B3TH7KTT,qwrtetyry
B0BRXSCQ58,qwrtetyry
B0CZKGYP39,qwrtetyry
B0DDK8R42W,qwrtetyry
B0BHNTF2LL,qwrtetyry
B08JNYWJ6K,qwrtetyry
B0711RRDFX,qwrtetyry
B0CGR782PK,qwrtetyry
B0BR3C7T2F,qwrtetyry
B0BPWYLRNP,qwrtetyry
B0B7XCBGXK,qwrtetyry
B000CC66KO,qwrtetyry
B08FHF69X2,qwrtetyry
B0CY3JST22,qwrtetyry
B07D1MLQCV,qwrtetyry
B07CJMWGS2,qwrtetyry
B01N9U1I4H,qwrtetyry
B085XGLY5D,qwrtetyry
B07K8WS47T,qwrtetyry
B0CVVMRTF3,qwrtetyry
B0CBR6H65J,qwrtetyry
B0BFJP7XXK,qwrtetyry
B0B7DC9M1L,qwrtetyry
B09R8SXDGK,qwrtetyry
B09R4G4GMB,qwrtetyry
B09NQD8F7S,qwrtetyry
B092C7Y1F7,qwrtetyry
B08R746QPF,qwrtetyry
B07B6SNRVR,qwrtetyry
B0BFFW7XDD,qwrtetyry
B0B18CMG5D,qwrtetyry
B0CXT6NTYZ,qwrtetyry
B0D8FX2WR5,qwrtetyry
B0BXSLFLG9,qwrtetyry
B0CQWWBPHP,qwrtetyry
B07HZLD4FS,qwrtetyry
B07GV1XPWH,qwrtetyry
B07BTLJCVK,qwrtetyry
B071CR6N15,qwrtetyry
B0D5Y969H5,qwrtetyry
B0D25Y3CP2,qwrtetyry
B0BPXRPNND,qwrtetyry
B09Y1CF6JT,qwrtetyry
B09V5678VZ,qwrtetyry
B09PTXT2MD,qwrtetyry
B09LV6178H,qwrtetyry
B09JG2DNZ5,qwrtetyry
B08VNBX44M,qwrtetyry
B08NVBJ3WK,qwrtetyry
B084H47FY4,qwrtetyry
B07XZPPLQX,qwrtetyry
B07XKC1YWT,qwrtetyry
B07CV4SWJX,qwrtetyry
B0799YH3B5,qwrtetyry
B00O47QBP8,qwrtetyry
B00G6PZM74,qwrtetyry
B000C9HRRS,qwrtetyry
B0000AV90C,qwrtetyry
B0DWHHQYQQ,qwrtetyry
B0DS2D772S,qwrtetyry
B0DRWJVNRD,qwrtetyry
B0DPHDYJKV,qwrtetyry
B0DMSYS5Z3,qwrtetyry
B0DMNNS31V,qwrtetyry
B0DLZJFW2L,qwrtetyry
B0DLGN7V72,qwrtetyry
B0DJ7JHDFJ,qwrtetyry
B0D6ZMV3NB,qwrtetyry
B0D6V14F7J,qwrtetyry
B0D5QVX9Q3,qwrtetyry
B0D5LKC6FW,qwrtetyry
B0D4TS63PW,qwrtetyry
B0D4TS22TN,qwrtetyry
B0D4LPVSPC,qwrtetyry
B0D3ZZ2M4D,qwrtetyry
B0D3PT36BS,qwrtetyry
B0D3JZLXFF,qwrtetyry
B0D3CCFBVR,qwrtetyry
B0D2Z4KGRT,qwrtetyry
B0D2H2WXTB,qwrtetyry
B0D2227J1F,qwrtetyry
B0D1X8BS4Y,qwrtetyry
B0D1Q4BFQF,qwrtetyry
B0DHV8NZKZ,qwrtetyry
B0DHKQJNGW,qwrtetyry
B0DH1WD6MJ,qwrtetyry
B0DGLCCNCM,qwrtetyry
B0DFVWW9RR,qwrtetyry
B0DFBTYC2G,qwrtetyry
B0DDMV4Q4S,qwrtetyry
B0DDGV6JHX,qwrtetyry
B0DCVS5BN1,qwrtetyry
B0DCF9H8LK,qwrtetyry
B0DC5L2WHT,qwrtetyry
B0D9YDGRBW,qwrtetyry
B0D963T56C,qwrtetyry
B0D93CDLWY,qwrtetyry
B0D81JDNKY,qwrtetyry
B0D7683CLB,qwrtetyry
B0CPGKKDTV,qwrtetyry
B0CPF4NQMJ,qwrtetyry
B0CP29635P,qwrtetyry
B0CNNLZK9H,qwrtetyry
B0CNLQVS21,qwrtetyry
B0CMQM7XDQ,qwrtetyry
B0CMD4JNJZ,qwrtetyry
B0CJXV11J9,qwrtetyry
B0CJJG5K96,qwrtetyry
B0CJ97CN94,qwrtetyry
B0CJ5G37JK,qwrtetyry
B0CHRW66QW,qwrtetyry
B0CH3N4W23,qwrtetyry
B0CGDSY2G4,qwrtetyry
B0CFXQMCHL,qwrtetyry
B0CFXHY3NH,qwrtetyry
B0C1VQD79Y,qwrtetyry
B0BYZ64GD6,qwrtetyry
B0BXD5KPMJ,qwrtetyry
B0BX98H1LD,qwrtetyry
B0BWYP5FB2,qwrtetyry
B0BSGHCJX1,qwrtetyry
B0BQ6P82M9,qwrtetyry
B0BQ5J6JGQ,qwrtetyry
B0BPR646WX,qwrtetyry
B0BPM8D8W8,qwrtetyry
B0BN8CX52F,qwrtetyry
B0BMG26NC2,qwrtetyry
B0BJ8MW14X,qwrtetyry
B0BJ6HX81H,qwrtetyry
B0BHCFLZH3,qwrtetyry
B0BFDZKB4Q,qwrtetyry
B0CDLD119Y,qwrtetyry
B0CCW7YBTK,qwrtetyry
B0CCBMYBQ6,qwrtetyry
B0CBMJPS7N,qwrtetyry
B0CBKY7PMK,qwrtetyry
B0C9HRX9N6,qwrtetyry
B0C9DG63DK,qwrtetyry
B0C95XB863,qwrtetyry
B0C8MXRMBH,qwrtetyry
B0C7Z661VJ,qwrtetyry
B0C6SQHCYX,qwrtetyry
B0C6K7MD5M,qwrtetyry
B0C5443BMZ,qwrtetyry
B0C4KS4LBM,qwrtetyry
B0C3CVPQ8V,qwrtetyry
B0C2YL9JBX,qwrtetyry
B0CZRHZ2N1,qwrtetyry
B0CZDSX7YX,qwrtetyry
B0CYC88WXZ,qwrtetyry
B0CXM8JQZD,qwrtetyry
B0CWKG2QY8,qwrtetyry
B0CW1SYV63,qwrtetyry
B0CTS52GZW,qwrtetyry
B0CT5LHYFN,qwrtetyry
B0CT4M115Y,qwrtetyry
B0CSVLN6QT,qwrtetyry
B0CSSCJ1B9,qwrtetyry
B0CSRQQD9Y,qwrtetyry
B0CSJT14K6,qwrtetyry
B0CRKVMS17,qwrtetyry
B0CQYZLR4P,qwrtetyry
B0CPHSVN6Q,qwrtetyry
B0BCX4FNJR,qwrtetyry
B0BBR4BMKS,qwrtetyry
B0BB7DZMXW,qwrtetyry
B0B9TCNF24,qwrtetyry
B0B8YY2PXC,qwrtetyry
B0B7WCQJR6,qwrtetyry
B0B4JRZ837,qwrtetyry
B0B1PZ1B1W,qwrtetyry
B09ZQMH7N8,qwrtetyry
B09YR9S32V,qwrtetyry
B09YGJRKZY,qwrtetyry
B09X3GZWJD,qwrtetyry
B09WXLX768,qwrtetyry
B09WHTTT6B,qwrtetyry
B09QZRX4VW,qwrtetyry
B09QG6YXNV,qwrtetyry
B09Q3G5CRX,qwrtetyry
B09PG131TB,qwrtetyry
B09N6VK1SN,qwrtetyry
B09MF7Z6WW,qwrtetyry
B09MF7HMSF,qwrtetyry
B09HTQSNSG,qwrtetyry
B09HBNNT6K,qwrtetyry
B09H6QCWG3,qwrtetyry
B09GXQXXTM,qwrtetyry
B09FXSTQWY,qwrtetyry
B09BP3W926,qwrtetyry
B099MZGL4T,qwrtetyry
B095SJS8C8,qwrtetyry
B095PF3J5G,qwrtetyry
B092ZCGVVJ,qwrtetyry
B091SLCQ49,qwrtetyry
B08XVPJL58,qwrtetyry
B08VCDXSWD,qwrtetyry
B08T7N7M91,qwrtetyry
B08S463MMW,qwrtetyry
B08PFSZ6R2,qwrtetyry
B08L7KV6Y9,qwrtetyry
B08K38MXVT,qwrtetyry
B08J25T1W9,qwrtetyry
B08GYS8YN2,qwrtetyry
B08FKVJLL4,qwrtetyry
B086MG16H7,qwrtetyry
B085T23FJD,qwrtetyry
B085FRQ3DX,qwrtetyry
B083BNYLQC,qwrtetyry
B07Z22YXJT,qwrtetyry
B07TWQXZQD,qwrtetyry
B00BT5DE4Y,qwrtetyry
B0042Q7C4K,qwrtetyry
B0DFYF1RNC,qwrtetyry
B0CYWV2GWY,qwrtetyry
B072KRQVZ2,qwrtetyry
B07VJFL6D6,qwrtetyry
B07LBBPB4J,qwrtetyry
B08DTNDJT4,qwrtetyry
B09Q5VQ7NS,qwrtetyry
B076JJ7516,qwrtetyry
B096TY41L4,qwrtetyry
B08TTXQXPG,qwrtetyry
B09ZF4645Y,qwrtetyry
B07BBCTD8H,qwrtetyry
B09BVLWFLQ,qwrtetyry
B01FWQFWSQ,qwrtetyry
B07218HJ5D,qwrtetyry
B007PZC4DE,qwrtetyry
B07PFHMZTP,qwrtetyry
B07P1JSXDG,qwrtetyry
B07NK6M5N1,qwrtetyry
B07N2H1X48,qwrtetyry
B07N1C7K8V,qwrtetyry
B07K2VHW9R,qwrtetyry
B07GLM2X8V,qwrtetyry
B07D2B9LFN,qwrtetyry
B079FFT1Y7,qwrtetyry
B077YCWWVS,qwrtetyry
B072WSW5H2,qwrtetyry
B0711BJ9HL,qwrtetyry
B06XGNPWVJ,qwrtetyry
B016KBK31I,qwrtetyry
B00TU6E5IS,qwrtetyry
B00O6PWGZC,qwrtetyry
B09DDD15S7,qwrtetyry
B08WJP42HH,qwrtetyry
B08P3BTFVD,qwrtetyry
B08MKVZ6SQ,qwrtetyry
B06VX9QZCK,qwrtetyry
B001D52EKU,qwrtetyry
B09YLXH4L3,qwrtetyry
B08B3L731G,qwrtetyry
B07PVQ4HCL,qwrtetyry
B0142F6CMS,qwrtetyry
B00MPKRFMO,qwrtetyry
B0D5435KRK,qwrtetyry
B0C7D264GS,qwrtetyry
B0C62HRL7Y,qwrtetyry
B0C1FXXQY1,qwrtetyry
B0BLKKFKXJ,qwrtetyry
B09VYTF4MH,qwrtetyry
B07V2RRRB9,qwrtetyry
B07PV3QMFY,qwrtetyry
B07N2PNN7T,qwrtetyry
B078JTZ3J3,qwrtetyry
B075QM2QSK,qwrtetyry
B01FWIFZEU,qwrtetyry
B01DKBA758,qwrtetyry
B00SWXS6HG,qwrtetyry
B00JW27INY,qwrtetyry
B0DX23B9CK,qwrtetyry
B0DQTXLC5K,qwrtetyry
B0DQKJV2LH,qwrtetyry
B0DPQC7DWZ,qwrtetyry
B0DJS6S4H4,qwrtetyry
B0DGD9K5LJ,qwrtetyry
B0CQP413HL,qwrtetyry
B0CQHCRBLD,qwrtetyry
B0CQC3M2L7,qwrtetyry
B0CPLSGSGJ,qwrtetyry
B0CNT1Q1CV,qwrtetyry
B0CNGL14QW,qwrtetyry
B0CN8KZ54K,qwrtetyry
B0CMQ41YJV,qwrtetyry
B0CLYHHPWH,qwrtetyry
B0CL8BN7TB,qwrtetyry
B0CKSQ3WTR,qwrtetyry
B0CJX8NSYJ,qwrtetyry
B0CJJMHWMW,qwrtetyry
B0CJ9LR9CS,qwrtetyry
B0CJ3TD2BG,qwrtetyry
B0CGKLP5D1,qwrtetyry
B0DDG1NSW3,qwrtetyry
B0DCDTYW6F,qwrtetyry
B0DBZCW8VS,qwrtetyry
B0DBLKCTJH,qwrtetyry
B0DB5N5JNG,qwrtetyry
B0D9YV7CRH,qwrtetyry
B0D9D7VL5M,qwrtetyry
B0D9B4T83V,qwrtetyry
B0D99R62MG,qwrtetyry
B0D8KYXRDG,qwrtetyry
B0D7GSS1KG,qwrtetyry
B0D7C2CTBN,qwrtetyry
B0D77C9WMY,qwrtetyry
B0D6HYQCQC,qwrtetyry
B0D5M2YRQP,qwrtetyry
B0D4R1GLQL,qwrtetyry
B0CGCH8QLD,qwrtetyry
B0CFD1X912,qwrtetyry
B0CFBGQBZ5,qwrtetyry
B0CCJ1L93G,qwrtetyry
B0C9TNM2VH,qwrtetyry
B0C9M6QTLS,qwrtetyry
B0C9J3ZX36,qwrtetyry
B0C6ZZNZCL,qwrtetyry
B0C5JXJB43,qwrtetyry
B0C4ST5F6W,qwrtetyry
B0C39874Q3,qwrtetyry
B0C23MD7N2,qwrtetyry
B0BZYX916G,qwrtetyry
B0BYD6Q9RW,qwrtetyry
B0BW98JXSQ,qwrtetyry
B0BVTK96XV,qwrtetyry
B0D45YC1QX,qwrtetyry
B0D3XND3GN,qwrtetyry
B0D3TLPQJ4,qwrtetyry
B0D2NQ1FJQ,qwrtetyry
B0CZR6V6K7,qwrtetyry
B0CZ3RVYWZ,qwrtetyry
B0CYKRLQCD,qwrtetyry
B0CX1R73M7,qwrtetyry
B0CWZSDBBB,qwrtetyry
B0CWGZ67JQ,qwrtetyry
B0CVP6GBLN,qwrtetyry
B0CT3CXSH7,qwrtetyry
B0CSS9RGJ8,qwrtetyry
B0CSPK9HJQ,qwrtetyry
B0CR4GK5XX,qwrtetyry
B0CR391SF5,qwrtetyry
B08G1XLMDB,qwrtetyry
B08DXTLZ89,qwrtetyry
B08DSVHLKX,qwrtetyry
B08BW6TRVX,qwrtetyry
B089Y6V8ZX,qwrtetyry
B083NVV853,qwrtetyry
B081BN9HJV,qwrtetyry
B081391DXT,qwrtetyry
B07YQL6W1J,qwrtetyry
B07XKDJVZC,qwrtetyry
B07WP2TCJN,qwrtetyry
B07R89K4XY,qwrtetyry
B07N6PJZ79,qwrtetyry
B07KQ5HLDT,qwrtetyry
B07JPHWJFT,qwrtetyry
B07GQ8K6LX,qwrtetyry
B0792VCK8J,qwrtetyry
B0785NC2LC,qwrtetyry
B077QLTRPP,qwrtetyry
B077JFS3G8,qwrtetyry
B077BXHY1W,qwrtetyry
B074T23J9L,qwrtetyry
B0728DSHQ1,qwrtetyry
B0714PJ7KB,qwrtetyry
B01D9T3KZA,qwrtetyry
B00WNL45EQ,qwrtetyry
B00SVYJDT6,qwrtetyry
B0073QUP9U,qwrtetyry
B004RTRRP6,qwrtetyry
B004FF19XI,qwrtetyry
B001DNZ5D0,qwrtetyry
B00125L632,qwrtetyry
B0B1J6L8MS,qwrtetyry
B09Z6KSC76,qwrtetyry
B09YVSR88X,qwrtetyry
B09YJ5J4BK,qwrtetyry
B09RT5FDPV,qwrtetyry
B09QRPXVP6,qwrtetyry
B09NM28X4B,qwrtetyry
B09NBKZD6H,qwrtetyry
B09N3BX5WK,qwrtetyry
B09L4KZ91L,qwrtetyry
B099DYGSD5,qwrtetyry
B09727XQRP,qwrtetyry
B096TX7FTY,qwrtetyry
B094HFW6MC,qwrtetyry
B091YMCNTH,qwrtetyry
B08QG3X7DB,qwrtetyry
B0BR92PFNR,qwrtetyry
B0BQZZFQY1,qwrtetyry
B0BNBM5TVH,qwrtetyry
B0BN88B9CJ,qwrtetyry
B0BD83B1T2,qwrtetyry
B0BBLYMVGL,qwrtetyry
B0B9YRHW2B,qwrtetyry
B0B9MCB611,qwrtetyry
B0B928CFR6,qwrtetyry
B0B888G6VH,qwrtetyry
B0B7WJ1XNX,qwrtetyry
B0B7J1H517,qwrtetyry
B0B775ZK3P,qwrtetyry
B0B5QV8QXQ,qwrtetyry
B0B5LFQ99V,qwrtetyry
B0B1W9ZBGP,qwrtetyry
B0CSG99WRS,qwrtetyry
B0038OCRUG,qwrtetyry
B0D9KH29NN,qwrtetyry
B0BY7RC33X,qwrtetyry
B088W5816N,qwrtetyry
B07SQDZ9SV,qwrtetyry
B0CM7R4J23,qwrtetyry
B0BBR598SK,qwrtetyry
B0C4NL1F6F,qwrtetyry
B07LH5MXHT,qwrtetyry
B08G3TCP84,qwrtetyry
B07T9D5YK7,qwrtetyry
B0C3HCNB2D,qwrtetyry
B000EQ2IU0,qwrtetyry
B07GCYC7LC,qwrtetyry
B0C1P6C4N4,qwrtetyry
B0C23V7TGN,qwrtetyry
B0BYMWFTTN,qwrtetyry
B0B2KLX6V2,qwrtetyry
B09WYPQRF1,qwrtetyry
B09QFRFJNJ,qwrtetyry
B08KCWFRCB,qwrtetyry
B01JC1G77W,qwrtetyry
B017WZ2PM6,qwrtetyry
B00UJXCNIU,qwrtetyry
B0CD7K9T51,qwrtetyry
B0B7BH1N58,qwrtetyry
B07MM8BYC1,qwrtetyry
B071LM98FR,qwrtetyry
B017ZE6DMW,qwrtetyry
B00IY2B4HO,qwrtetyry
B0012A8UYK,qwrtetyry
B000IYUBI4,qwrtetyry
B0D3PVHPCW,qwrtetyry
B0D1C4W2LD,qwrtetyry
B0CVXM5Y2B,qwrtetyry
B0CSSCQR7L,qwrtetyry
B0CSFXDJ7Z,qwrtetyry
B0CLD8SW68,qwrtetyry
B0CDV8C4JV,qwrtetyry
B0CD77SP8D,qwrtetyry
B0CC5BFFZW,qwrtetyry
B0C7VWYGHC,qwrtetyry
B0C7K8M13H,qwrtetyry
B0BKQWZNMC,qwrtetyry
B0BBV5VG2N,qwrtetyry
B0BBSDTLBL,qwrtetyry
B0B3BZWJY4,qwrtetyry
B09Y9JDVRH,qwrtetyry
B08ZY5ZD78,qwrtetyry
B00T7CSOGO,qwrtetyry
B0784T5FPM,qwrtetyry
B00TQT4ZNY,qwrtetyry
B00AYKTA66,qwrtetyry
B0CJHNWSXP,qwrtetyry
B0B68NMKP3,qwrtetyry
B07PWKX44S,qwrtetyry
B000C02DVW,qwrtetyry
B0C1S34T1B,qwrtetyry
B08NTQQG8B,qwrtetyry
B07W77GSQJ,qwrtetyry
B00CBKVLVY,qwrtetyry
B0DCWHS726,qwrtetyry
B0BL8GT6GM,qwrtetyry
B085ZWQVQK,qwrtetyry
B09XM2BC5V,qwrtetyry
B09WKJM6DS,qwrtetyry
B09B9RSNDM,qwrtetyry
B07ZF87HQP,qwrtetyry
B07NQV4WN8,qwrtetyry
B07MZSG4VC,qwrtetyry
B07DX6465S,qwrtetyry
B01M4LGMLO,qwrtetyry
B01EUXUJ3K,qwrtetyry
B01E6J09JW,qwrtetyry
B01D9824JE,qwrtetyry
B013K5IQGQ,qwrtetyry
B00TEFKVA6,qwrtetyry
B00I8CD4UU,qwrtetyry
B009SKC34E,qwrtetyry
B0DGFVJ55K,qwrtetyry
B0DG4MNBFR,qwrtetyry
B0DFLYWXRX,qwrtetyry
B0DFLRDB84,qwrtetyry
B0DF7P2DW3,qwrtetyry
B0DCZPSZ48,qwrtetyry
B0DCNPZF4R,qwrtetyry
B0DB86Q7ZF,qwrtetyry
B0D9Y4H1QR,qwrtetyry
B0D9XV5HS5,qwrtetyry
B0D93Z8FR6,qwrtetyry
B0D91Z4W1F,qwrtetyry
B0D8ZL32BF,qwrtetyry
B0D89JKFYC,qwrtetyry
B0D78S4TWQ,qwrtetyry
B0D66YQGXB,qwrtetyry
B0CSYRDTZJ,qwrtetyry
B0CSCZG754,qwrtetyry
B0CS34426Q,qwrtetyry
B0CRRN32M5,qwrtetyry
B0CRHQ5663,qwrtetyry
B0CRCXWMKN,qwrtetyry
B0CR33W6FB,qwrtetyry
B0CNKHT89Q,qwrtetyry
B0CN8XDPK8,qwrtetyry
B0CMZQ1VCF,qwrtetyry
B0CMX6N1ZS,qwrtetyry
B0CM3MZBFM,qwrtetyry
B0CKY7NHN1,qwrtetyry
B0CGFW5NXF,qwrtetyry
B0CGD7C9CY,qwrtetyry
B0CFGWTS8B,qwrtetyry
B0CDPQ3MPH,qwrtetyry
B0CDMWJ9T3,qwrtetyry
B0CD7N2S8T,qwrtetyry
B0CCB228ZB,qwrtetyry
B0CBX95FJ7,qwrtetyry
B0CBK6Y7ZQ,qwrtetyry
B0CB15PGLS,qwrtetyry
B0C891RGN3,qwrtetyry
B0C818VY1D,qwrtetyry
B0C6JPB71D,qwrtetyry
B0C5MQ4Q47,qwrtetyry
B0C5MNQFJ7,qwrtetyry
B0C5J771ZF,qwrtetyry
B0C37SC5HB,qwrtetyry
B0C3684QK3,qwrtetyry
B0C2YXL5SL,qwrtetyry
B0019HVGV0,qwrtetyry
B0DPW4WCS7,qwrtetyry
B0DP4BZRRX,qwrtetyry
B0DNLY55ZN,qwrtetyry
B0DN12Q7WM,qwrtetyry
B0DMT2P8ML,qwrtetyry
B0DL8TK5CL,qwrtetyry
B0DKP1KJ77,qwrtetyry
B0DK1BKKXX,qwrtetyry
B0DJNF95F6,qwrtetyry
B0DJBTJJNZ,qwrtetyry
B0DJB2LSQL,qwrtetyry
B0DJ2QMSX2,qwrtetyry
B0DHXKZLX3,qwrtetyry
B0DHV9B4KS,qwrtetyry
B0DHS6R7DZ,qwrtetyry
B0BFWHF5MZ,qwrtetyry
B0BF4H1KSY,qwrtetyry
B0BBFM5NC7,qwrtetyry
B0BBC87VXS,qwrtetyry
B0BB2TNK3F,qwrtetyry
B0B6P2RB1K,qwrtetyry
B0B6FYDQ7J,qwrtetyry
B0B6BJLJ17,qwrtetyry
B0B63KRFBY,qwrtetyry
B09YVC6ZWR,qwrtetyry
B09Y55SX74,qwrtetyry
B09XHFRKQ1,qwrtetyry
B09WXY6YGN,qwrtetyry
B09VSQV49D,qwrtetyry
B09VP9FJGW,qwrtetyry
B09VNRS6MY,qwrtetyry
B0D17TLN3R,qwrtetyry
B0CZP53MC4,qwrtetyry
B0CZP4SNZM,qwrtetyry
B0CYZRNNCW,qwrtetyry
B0CYT6GY3R,qwrtetyry
B0CYHBB1GD,qwrtetyry
B0CY3NQ6DY,qwrtetyry
B0CY3M4XCJ,qwrtetyry
B0CXTMP1FY,qwrtetyry
B0CWLKM768,qwrtetyry
B0CWGXBRY4,qwrtetyry
B0CWG3R59K,qwrtetyry
B0CW9N5X3W,qwrtetyry
B0CW685MRM,qwrtetyry
B0CW2S4QP1,qwrtetyry
B0CVVW89B3,qwrtetyry
B0C2YP8L2H,qwrtetyry
B0C1N9WWSG,qwrtetyry
B0BZTYTQ35,qwrtetyry
B0BYN6F6PD,qwrtetyry
B0BXP8G1SS,qwrtetyry
B0BXHG9LM3,qwrtetyry
B0BXBLRGW8,qwrtetyry
B0BW8TF2LM,qwrtetyry
B0BVR3RKLZ,qwrtetyry
B0BSR2D7RW,qwrtetyry
B0BR3S2S3R,qwrtetyry
B0BQ38XW5C,qwrtetyry
B0BN3CGMT9,qwrtetyry
B0BKQX4TX8,qwrtetyry
B0BJJXNJVL,qwrtetyry
B0BHZDM5VB,qwrtetyry
B08LSTVNZ8,qwrtetyry
B08L3CT49L,qwrtetyry
B08GRZ29W6,qwrtetyry
B08DKYNZLL,qwrtetyry
B08B3L1BCC,qwrtetyry
B089RSLFFV,qwrtetyry
B087WJFDYJ,qwrtetyry
B07Y7X7V2P,qwrtetyry
B07WQGGT77,qwrtetyry
B07WDHFQBS,qwrtetyry
B07RZCVKG8,qwrtetyry
B07PLNZQBQ,qwrtetyry
B07MFP3CND,qwrtetyry
B07KBWYT88,qwrtetyry
B07JJKYKY3,qwrtetyry
B07FRG9ZZM,qwrtetyry
B0D5GRJWDK,qwrtetyry
B0D5CFG9W2,qwrtetyry
B0D59VB3GJ,qwrtetyry
B0D4Z19KKT,qwrtetyry
B0D4P4SQ4N,qwrtetyry
B0D4L8RKL1,qwrtetyry
B0D3X383XZ,qwrtetyry
B0D3VBR7YM,qwrtetyry
B0D3G7MWNX,qwrtetyry
B0D31J59S4,qwrtetyry
B0D2XMG28B,qwrtetyry
B0D2NCSDFJ,qwrtetyry
B0D2HJF2M1,qwrtetyry
B0D2D6NYT1,qwrtetyry
B0D227R29D,qwrtetyry
B0D1GD9V12,qwrtetyry
B07DKX7KF2,qwrtetyry
B07CPJ2S85,qwrtetyry
B07CN16564,qwrtetyry
B07BB5WT2R,qwrtetyry
B077V7SRWF,qwrtetyry
B072KLNWQL,qwrtetyry
B01LX0U3EI,qwrtetyry
B00XVH4B72,qwrtetyry
B00HFAW42U,qwrtetyry
B00EOPEM0Q,qwrtetyry
B00BNOAEH6,qwrtetyry
B005WK3I9S,qwrtetyry
B005GWWKBO,qwrtetyry
B004FF298C,qwrtetyry
B002Z6V84Y,qwrtetyry
B000B9SEUI,qwrtetyry
B09RT354TD,qwrtetyry
B09QD5HQJR,qwrtetyry
B09PYDG57X,qwrtetyry
B09P44ZTTG,qwrtetyry
B09M2NRTFB,qwrtetyry
B09JYSNW32,qwrtetyry
B09GY7ZMJ5,qwrtetyry
B09BBN41DK,qwrtetyry
B0983GBGL2,qwrtetyry
B0924XJL1Q,qwrtetyry
B091M45BVD,qwrtetyry
B08XPBHKMN,qwrtetyry
B08X6ZH93C,qwrtetyry
B08VC4RC9G,qwrtetyry
B08TM1BB8L,qwrtetyry
B08MXDG7NV,qwrtetyry
B0007Q74XI,qwrtetyry
B0BP8GLKR4,qwrtetyry
B0B49GDFK8,qwrtetyry
B0B1J4XV3C,qwrtetyry
B0CS6G2PQT,qwrtetyry
B087RP5V5D,qwrtetyry
B008PFHGUY,qwrtetyry
B008N9NHFA,qwrtetyry
B071HRVYWX,qwrtetyry
B00INB3SMU,qwrtetyry
B09C7WPW36,qwrtetyry
B0C2Z2ZPND,qwrtetyry
B07Y2LDVPX,qwrtetyry
B0156WY3SG,qwrtetyry
B007923CU2,qwrtetyry
B0B8ZP7JSQ,qwrtetyry
B0844Y449K,qwrtetyry
B093X4Y7S3,qwrtetyry
B08RNGJL6X,qwrtetyry
B01ID2VY3I,qwrtetyry
B00OBLIAFG,qwrtetyry
B00O4CWFO4,qwrtetyry
B0DPJXQQF1,qwrtetyry
B0DJWTXQ88,qwrtetyry
B0DHVBQF9G,qwrtetyry
B0DGX749WY,qwrtetyry
B0DCGV69NW,qwrtetyry
B0DBZDZQSN,qwrtetyry
B0D92Z4D11,qwrtetyry
B0D8L4VB8V,qwrtetyry
B0D7Z8XV8X,qwrtetyry
B0D2XQ2Y6D,qwrtetyry
B0D2KW4Y73,qwrtetyry
B01N2GZ4AK,qwrtetyry
B01DIUN4CO,qwrtetyry
B017ZE6DM2,qwrtetyry
B0BM38RKPL,qwrtetyry
B09YV6Z2S1,qwrtetyry
B08WHHN2D3,qwrtetyry
B00EIS6VX0,qwrtetyry
B0BZP5WVST,qwrtetyry
B0BHC3T57W,qwrtetyry
B0B9411KCJ,qwrtetyry
B07KSRK9RX,qwrtetyry
B0CRDXWNJ1,qwrtetyry
B0CG1CGN54,qwrtetyry
B0B9MJH5LP,qwrtetyry
B0B3W36S71,qwrtetyry
B09C1FKNG7,qwrtetyry
B0D1QY9DB6,qwrtetyry
B0CZT1T52N,qwrtetyry
B0CZJ1WJ7H,qwrtetyry
B0CYL1TVCB,qwrtetyry
B0CY4ZFQCQ,qwrtetyry
B0CY3NNX6Q,qwrtetyry
B0CX9FC5BS,qwrtetyry
B0CW9GGR32,qwrtetyry
B0CTN1QZ2Q,qwrtetyry
B0CSG5TJRP,qwrtetyry
B0CR1JQYKN,qwrtetyry
B0CQ48VB9B,qwrtetyry
B0CPDVTKGJ,qwrtetyry
B0CLD2QS7V,qwrtetyry
B0CL6G3MJG,qwrtetyry
B0CHVR6BVC,qwrtetyry
B0BHYSTJML,qwrtetyry
B0BGSBN8F5,qwrtetyry
B0B8S9QJTZ,qwrtetyry
B0B7WQDL3M,qwrtetyry
B0B6FX5KY1,qwrtetyry
B0B5TKY4QQ,qwrtetyry
B0B5G55BKY,qwrtetyry
B0B44WWBB7,qwrtetyry
B0B3MT8VRF,qwrtetyry
B09X6LZMRJ,qwrtetyry
B09S9PL6WR,qwrtetyry
B09RT6PR2M,qwrtetyry
B09KT8W6CC,qwrtetyry
B098352FMS,qwrtetyry
B094F89QR2,qwrtetyry
B093SJXQT3,qwrtetyry
B07RKDH12X,qwrtetyry
B07ND4K637,qwrtetyry
B07JB9ZTCK,qwrtetyry
B07HJ7Y7ZR,qwrtetyry
B07H4XYJQF,qwrtetyry
B07D1C7H2J,qwrtetyry
B077BTSJTG,qwrtetyry
B0771VNV5H,qwrtetyry
B075S6LRF9,qwrtetyry
B06W9G8PP9,qwrtetyry
B01N9B2FB7,qwrtetyry
B01MU28RKO,qwrtetyry
B017DVYMG6,qwrtetyry
B0102793DA,qwrtetyry
B00Z7NKVTA,qwrtetyry
B00IYO1N82,qwrtetyry
B0922KDY2R,qwrtetyry
B091D55236,qwrtetyry
B08VSJSGRS,qwrtetyry
B08SYQV4NC,qwrtetyry
B08RBBD6BD,qwrtetyry
B08LQ7VJFB,qwrtetyry
B08JV9ZCFK,qwrtetyry
B08JSKNHT2,qwrtetyry
B08F2T2WRW,qwrtetyry
B08F1TB9CY,qwrtetyry
B08DNRNC1Q,qwrtetyry
B087BMVY8Z,qwrtetyry
B085RPJPNJ,qwrtetyry
B081P31SYW,qwrtetyry
B07YJPGPMC,qwrtetyry
B07TZ5ZTPG,qwrtetyry
B0CHCHHPKT,qwrtetyry
B0CDM9164Y,qwrtetyry
B0CC23RKCM,qwrtetyry
B0CBW15C9G,qwrtetyry
B0CBBZQ52C,qwrtetyry
B0CBB1H4VM,qwrtetyry
B0CB73BHR2,qwrtetyry
B0C8LV4KLD,qwrtetyry
B0C68MG6QZ,qwrtetyry
B0BZYYYXB1,qwrtetyry
B0BZS63FLV,qwrtetyry
B0BQMT68D6,qwrtetyry
B0BPHXLZ55,qwrtetyry
B0BNL149S3,qwrtetyry
B0BLZ1TWLK,qwrtetyry
B0BLS82LF1,qwrtetyry
B08KKCWJJ6,qwrtetyry
B089KPLT6B,qwrtetyry
B01MQXQP34,qwrtetyry
B0DJM82B4T,qwrtetyry
B000FVAJBY,qwrtetyry
B0BWM74PHW,qwrtetyry
B07WZJM122,qwrtetyry
B07SPDXVV9,qwrtetyry
B07CZFSGJ8,qwrtetyry
B00DQ5RGTO,qwrtetyry
B0C538GMW4,qwrtetyry
B0C2QLZBN9,qwrtetyry
B0BBDNMYQ5,qwrtetyry
B09WDNHRSD,qwrtetyry
B0B1ZQ9G8L,qwrtetyry
B083P587SW,qwrtetyry
B07YX53V1S,qwrtetyry
B07FPGX9BT,qwrtetyry
B07CKZ4F3X,qwrtetyry
B0CYWT2CJH,qwrtetyry
B09LLYX2KJ,qwrtetyry
B085RRPGBN,qwrtetyry
B07WZQ59MP,qwrtetyry
B07WLLBSVH,qwrtetyry
B07RWZHY7R,qwrtetyry
B07GWCF7WP,qwrtetyry
B00Y3I3XXG,qwrtetyry
B00X8JDTXU,qwrtetyry
B00JW22UHS,qwrtetyry
B000C15DW2,qwrtetyry
B0DXF5QV2F,qwrtetyry
B0DRHXN8QM,qwrtetyry
B0DQTHGX7F,qwrtetyry
B0DG2Y9Y85,qwrtetyry
B0DFR2TQM6,qwrtetyry
B0DFPQ7QRC,qwrtetyry
B0DFG8DF9V,qwrtetyry
B0DCGSQG19,qwrtetyry
B0DB57SYD5,qwrtetyry
B0D9D8W62N,qwrtetyry
B0D91YBMP9,qwrtetyry
B0D7Q21769,qwrtetyry
B0D7BZR197,qwrtetyry
B0D5Y92J3X,qwrtetyry
B0D5QQ69TB,qwrtetyry
B0D5GTD17M,qwrtetyry
B0D4YJ55BX,qwrtetyry
B0D4D6Q1TK,qwrtetyry
B00IY254XE,qwrtetyry
B00GJ1FZFO,qwrtetyry
B0057IVE32,qwrtetyry
B004AIS18Q,qwrtetyry
B003WP1SQK,qwrtetyry
B0039235XK,qwrtetyry
B0026ZPP7K,qwrtetyry
B001LR3GWK,qwrtetyry
B000C01BZ6,qwrtetyry
B0CRR9X5L4,qwrtetyry
B0CRDSH2XD,qwrtetyry
B0CR12KPWQ,qwrtetyry
B0CQRKLTNF,qwrtetyry
B0CQCBN1VQ,qwrtetyry
B0CPZLY2XR,qwrtetyry
B0CPX7JH24,qwrtetyry
B0CPLN2DBD,qwrtetyry
B0CNWY23GH,qwrtetyry
B0CNV8S19X,qwrtetyry
B0CNLSL1FK,qwrtetyry
B0CLRWN4VY,qwrtetyry
B0CLNXQZ1K,qwrtetyry
B0CL9H7XLP,qwrtetyry
B0CKT2QVH6,qwrtetyry
B0CKR7NQZP,qwrtetyry
B0D3D1DTB9,qwrtetyry
B0D2K5X5YJ,qwrtetyry
B0D1MZHPLJ,qwrtetyry
B0D1G2DCP1,qwrtetyry
B0CY56K7JR,qwrtetyry
B0CY4SXNGD,qwrtetyry
B0CY3SHMCY,qwrtetyry
B0CY3SC497,qwrtetyry
B0CY3M2BXL,qwrtetyry
B0CXP7TY3R,qwrtetyry
B0CWQ81D2D,qwrtetyry
B0CW9G2C1S,qwrtetyry
B0CV63TPR7,qwrtetyry
B0CTBS87GK,qwrtetyry
B0CT2KFVDG,qwrtetyry
B0CT28LHLJ,qwrtetyry
B0BN7MQ1LK,qwrtetyry
B0BKPP1WMK,qwrtetyry
B0BCK37P4Q,qwrtetyry
B0BCFL335D,qwrtetyry
B0B7WH83SC,qwrtetyry
B0B4LRN7N1,qwrtetyry
B0B3CLJRPK,qwrtetyry
B09Y64KLJ8,qwrtetyry
B09X22VYTQ,qwrtetyry
B09PRM6CL6,qwrtetyry
B09LQ23Q2F,qwrtetyry
B09LCQCBF4,qwrtetyry
B0964G1FZC,qwrtetyry
B08YN46LCT,qwrtetyry
B08X68WKGH,qwrtetyry
B08W2Z2HRB,qwrtetyry
B0CKHLNK5L,qwrtetyry
B0CJF3F1Y7,qwrtetyry
B0CHJC4PG1,qwrtetyry
B0CHDRMMNG,qwrtetyry
B0CH82LWHK,qwrtetyry
B0CH3FGQ3T,qwrtetyry
B0CH37LPVT,qwrtetyry
B0CGQYV1XT,qwrtetyry
B0CG655MZC,qwrtetyry
B0CF4CPXKM,qwrtetyry
B0CCYF5NGB,qwrtetyry
B0CCXLL9FL,qwrtetyry
B0CB6SD6NN,qwrtetyry
B0C9PHWW29,qwrtetyry
B0C8MZZ8KK,qwrtetyry
B0C7KLZRT9,qwrtetyry
B0C6WTBNZ2,qwrtetyry
B0C61FVF5H,qwrtetyry
B0C5R97D3X,qwrtetyry
B0C4H4YPWL,qwrtetyry
B0C42HVHBH,qwrtetyry
B0C3VFTY6C,qwrtetyry
B0C33CHQ7W,qwrtetyry
B0C28GWJJJ,qwrtetyry
B0BZBTJQCG,qwrtetyry
B0BYHYFJK6,qwrtetyry
B0BXL294FF,qwrtetyry
B0BVLM7HBJ,qwrtetyry
B0BRXNB8DZ,qwrtetyry
B0BQHHH9P8,qwrtetyry
B0BQ9BJP2F,qwrtetyry
B0BPSPJXF4,qwrtetyry
B08TCHRQ82,qwrtetyry
B08JG3J68V,qwrtetyry
B08FZSBY7T,qwrtetyry
B08DHNNMF5,qwrtetyry
B08B518NRV,qwrtetyry
B089KQT481,qwrtetyry
B084Q5D7JM,qwrtetyry
B084DW97BP,qwrtetyry
B081GLS9KQ,qwrtetyry
B07XF3SX6P,qwrtetyry
B07L2MS844,qwrtetyry
B07H1VVCN3,qwrtetyry
B07GKS4DWX,qwrtetyry
B07BB6FMS9,qwrtetyry
B079G756FC,qwrtetyry
B079FGBPBG,qwrtetyry
B0757MNFD7,qwrtetyry
B0714BX42B,qwrtetyry
B06XXKH75L,qwrtetyry
B01KB4AGCG,qwrtetyry
B01I0E3OJQ,qwrtetyry
B0141DKJT8,qwrtetyry
B00MK2DO7W,qwrtetyry
B00FOOTLR0,qwrtetyry
B00E1SQI08,qwrtetyry
B007S0IB3I,qwrtetyry
B004C04KK0,qwrtetyry
B000GD58K8,qwrtetyry
B003XGZ08U,qwrtetyry
B0BTM2M9SQ,qwrtetyry
B09JBP8DM4,qwrtetyry
B0DGWY3LJH,qwrtetyry
B0CBRT5MR4,qwrtetyry
B0BPX3CGWS,qwrtetyry
B07W684CNQ,qwrtetyry
B0CKS1Q5QN,qwrtetyry
B0BYYNDC3R,qwrtetyry
B00IJGAMXW,qwrtetyry
B0CHRM2SDV,qwrtetyry
B08P1TLKRB,qwrtetyry
B07MN2PKXQ,qwrtetyry
B0D977YYLP,qwrtetyry
B0C811GT61,qwrtetyry
B01I4F14XO,qwrtetyry
B08J6LVSQJ,qwrtetyry
B075QL7H2J,qwrtetyry
B004SK6ADY,qwrtetyry
B002Z6V8I0,qwrtetyry
B0DQXSQBJT,qwrtetyry
B0DPJY13NK,qwrtetyry
B0DPCKMVT3,qwrtetyry
B0DKBV39Z9,qwrtetyry
B0DJNJC2ZC,qwrtetyry
B0DJM8LYGP,qwrtetyry
B0DJ967YMP,qwrtetyry
B0DHGHN8CG,qwrtetyry
B0DFYDBJGG,qwrtetyry
B0DFCVLFCQ,qwrtetyry
B0DBV698DQ,qwrtetyry
B0D9QSVZQK,qwrtetyry
B0D6Y9DGL4,qwrtetyry
B0D62Q9BK2,qwrtetyry
B0D3TVGQ3X,qwrtetyry
B0D33BN4W8,qwrtetyry
B0D2XQ1ZXP,qwrtetyry
B0D2RGVMVR,qwrtetyry
B0D2L1LS1X,qwrtetyry
B0CXTBBS77,qwrtetyry
B0CWVCQRC2,qwrtetyry
B0CW387F6W,qwrtetyry
B0CVG2JF7V,qwrtetyry
B0CTQ6WQJ8,qwrtetyry
B0CTKN8NFP,qwrtetyry
B0CSZT637S,qwrtetyry
B0CSCTHNXQ,qwrtetyry
B0CRSZ8ZW4,qwrtetyry
B01424DLTQ,qwrtetyry
B0CQX3KN63,qwrtetyry
B0B7BD6VMV,qwrtetyry
B0B216SS5V,qwrtetyry
B085RSRZ4N,qwrtetyry
B082XSRFP3,qwrtetyry
B00G8R3EPM,qwrtetyry
B0DCZTPFJJ,qwrtetyry
B0BRKQBXH3,qwrtetyry
B0BMT5SQN2,qwrtetyry
B0BGKFBLRZ,qwrtetyry
B0BDM3LGF1,qwrtetyry
B0B8G6SZT2,qwrtetyry
B09SB2DFBJ,qwrtetyry
B09J12G788,qwrtetyry
B08VFPLBXL,qwrtetyry
B075QLQCY3,qwrtetyry
B0757JCX6D,qwrtetyry
B073XQN5H8,qwrtetyry
B071R3VJW7,qwrtetyry
B01D9T2B0A,qwrtetyry
B00TY82B1A,qwrtetyry
B00JW1YRUM,qwrtetyry
B00GZJRHOC,qwrtetyry
B0002U2R9U,qwrtetyry
B0CQY6ZZJL,qwrtetyry
B0CQT777WK,qwrtetyry
B0CQCWHFR9,qwrtetyry
B0CQ3VWWPT,qwrtetyry
B0CPSPVK51,qwrtetyry
B0CP4K9M1J,qwrtetyry
B0CMZGV52Y,qwrtetyry
B0CJJV28D4,qwrtetyry
B0CJJ33GVP,qwrtetyry
B0CDP823T8,qwrtetyry
B0CDH1PPL3,qwrtetyry
B0CD7N6ZPQ,qwrtetyry
B0CC5SKN8B,qwrtetyry
B0C9Y52QP1,qwrtetyry
B0C9HWNJJ8,qwrtetyry
B0C7H5PCDQ,qwrtetyry
B0C61LQW3L,qwrtetyry
B0C5R6VP5J,qwrtetyry
B0C59BMQHV,qwrtetyry
B0C47JVRPR,qwrtetyry
B0C3TBGGD4,qwrtetyry
B0C1RVHYL6,qwrtetyry
B0BZL7LY16,qwrtetyry
B0BZHZS5GH,qwrtetyry
B0BXN7JTB7,qwrtetyry
B0BVC1YVDM,qwrtetyry
B0BV6KCDHF,qwrtetyry
B0BTM767CG,qwrtetyry
B0BRPSHXYC,qwrtetyry
B0BR4B1GKB,qwrtetyry
B0BN6WJJZ3,qwrtetyry
B0BFDZCJHG,qwrtetyry
B07S7HH6TM,qwrtetyry
B01MS75ZMY,qwrtetyry
B07KMBP2TK,qwrtetyry
B08GV36KQH,qwrtetyry
B076FCMFVR,qwrtetyry
B075D1DDF1,qwrtetyry
B09D37R3S2,qwrtetyry
B09CKBB8JN,qwrtetyry
B08ZGV776S,qwrtetyry
B08GCQ8BWD,qwrtetyry
B08FDBKSJN,qwrtetyry
B083DPQFQ8,qwrtetyry
B07X8SDXZM,qwrtetyry
B07TCR94KW,qwrtetyry
B07QG8PD3X,qwrtetyry
B07N8JLKS5,qwrtetyry
B07LD6DNG1,qwrtetyry
B07JP6FNMZ,qwrtetyry
B07HW2PMQL,qwrtetyry
B07HR34M8P,qwrtetyry
B077JF9N4S,qwrtetyry
B076KRHN5J,qwrtetyry
B0BFGJFVTL,qwrtetyry
B0762N87SW,qwrtetyry
B08BTW1VGR,qwrtetyry
B0BL6K2R7M,qwrtetyry
B075MDW48K,qwrtetyry
B0D4QB1SL8,qwrtetyry
B0CR3L4J34,qwrtetyry
B093X2FJQY,qwrtetyry
B07YYWHY7H,qwrtetyry
B09T9BXKW9,qwrtetyry
B0CSFWGQDL,qwrtetyry
B0DFXN3W81,qwrtetyry
B0C1HG5JBH,qwrtetyry
B081JQMGQN,qwrtetyry
B0BG3DXTBD,qwrtetyry
B07QDRFD9C,qwrtetyry
B0CTR11WHK,qwrtetyry
B0CCR9QN98,qwrtetyry
B08WHY3WSP,qwrtetyry
B00JW1XOPG,qwrtetyry
B0BW23SSCB,qwrtetyry
B0BPXNW5VB,qwrtetyry
B0BNHLQRP1,qwrtetyry
B0BMQ1KRSL,qwrtetyry
B0BHQNSYDM,qwrtetyry
B073WLD7ZZ,qwrtetyry
B0C5X4GF8B,qwrtetyry
B08LGBNTRW,qwrtetyry
B09B3GL8KQ,qwrtetyry
B08M68B4G9,qwrtetyry
B0BZNTX9KH,qwrtetyry
B074W3673P,qwrtetyry
B073PNB2L1,qwrtetyry
B0BGYFWNMP,qwrtetyry
B09CX6LCBJ,qwrtetyry
B086DVH9DH,qwrtetyry
B0D9BLTTLP,qwrtetyry
B00FO7K2CA,qwrtetyry
B08DJ71XRR,qwrtetyry
B0CKQP2VSZ,qwrtetyry
B0912NDF52,qwrtetyry
B07P38PKYB,qwrtetyry
B004M6A1VG,qwrtetyry
B000U0E6IW,qwrtetyry
B000Q0K2WU,qwrtetyry
B0DQXFZZGS,qwrtetyry
B0CR6BJ3LQ,qwrtetyry
B0CPL5JZ18,qwrtetyry
B0CGV1TT4G,qwrtetyry
B0CFDKDFHS,qwrtetyry
B0CBHF2YXL,qwrtetyry
B0C7KSRB58,qwrtetyry
B0BYFC23M4,qwrtetyry
B0BWXHZRRQ,qwrtetyry
B0BLHKCZ65,qwrtetyry
B0B48JQPJ5,qwrtetyry
B098756MPL,qwrtetyry
B095Y224RS,qwrtetyry
B0DRG56J96,qwrtetyry
B00N09WJSY,qwrtetyry
B08N327DBB,qwrtetyry
B08BNTMJ3D,qwrtetyry
B07PGRNXWW,qwrtetyry
B095V2DVTP,qwrtetyry
B001PYNSEU,qwrtetyry
B0BTYBJFPB,qwrtetyry
B07T8KKJXF,qwrtetyry
B0BQHZ86MW,qwrtetyry
B07N15H73N,qwrtetyry
B01E6IWZW2,qwrtetyry
B0BGX26M7J,qwrtetyry
B0876CL7F4,qwrtetyry
B07HNCYZM2,qwrtetyry
B09FTK2QM7,qwrtetyry
B0DLVQFQJ8,qwrtetyry
B0DLKPKQ95,qwrtetyry
B0DKT355NC,qwrtetyry
B0DK6YQMJ1,qwrtetyry
B0DJX6VDS6,qwrtetyry
B0DJW4GQMP,qwrtetyry
B0DHV722GC,qwrtetyry
B0DHS6CJ1S,qwrtetyry
B0DH1SS8YN,qwrtetyry
B0DGK9VTS1,qwrtetyry
B0DG4VGFC1,qwrtetyry
B0DG27DMPD,qwrtetyry
B0DFM9DDH3,qwrtetyry
B0DFH9F6NL,qwrtetyry
B0DFH15KL9,qwrtetyry
B0DF7KPDS7,qwrtetyry
B095P84283,qwrtetyry
B087356GMV,qwrtetyry
B07SJT2XS3,qwrtetyry
B07QYPCYYR,qwrtetyry
B07NWB7J91,qwrtetyry
B07FZ6YYX2,qwrtetyry
B07444VTB5,qwrtetyry
B01KQR64FQ,qwrtetyry
B00HEFGRX8,qwrtetyry
B00E6TY2NW,qwrtetyry
B002YR8752,qwrtetyry
B0DX3RRCFW,qwrtetyry
B0DQWN86HR,qwrtetyry
B0DPZMF6DV,qwrtetyry
B0DNFHPXR9,qwrtetyry
B0DMCPRYYB,qwrtetyry
B0BB9M6642,qwrtetyry
B0B9J229YD,qwrtetyry
B0B656GX26,qwrtetyry
B0B11Y11JC,qwrtetyry
B09TW3772J,qwrtetyry
B09RT4DB4R,qwrtetyry
B09R9X8HZ1,qwrtetyry
B09PD3ZVQ4,qwrtetyry
B09P4SH7JX,qwrtetyry
B09NNL42HS,qwrtetyry
B09MRHDX2V,qwrtetyry
B09L3S1MJ3,qwrtetyry
B09KXMCNJ4,qwrtetyry
B09HF9FHRN,qwrtetyry
B09GYS8ZSB,qwrtetyry
B09GH9Q6XH,qwrtetyry
B0CTSCJFRX,qwrtetyry
B0CRWMFJJR,qwrtetyry
B09PR9WHSP,qwrtetyry
B086HT8ZK3,qwrtetyry
B000R6U52U,qwrtetyry
B0CY7NMV4Y,qwrtetyry
B0CS6B5PVC,qwrtetyry
B0CQLHD31B,qwrtetyry
B0C371MJ27,qwrtetyry
B09V16CH9G,qwrtetyry
B086PCVWXH,qwrtetyry
B071SBM7LH,qwrtetyry
B01N4GD2S7,qwrtetyry
B00JW200MA,qwrtetyry
B00FY8LFUC,qwrtetyry
B007T5KRGG,qwrtetyry
B0DDPH7P7D,qwrtetyry
B0DCVHMGQY,qwrtetyry
B0DCRXQFXG,qwrtetyry
B0DBHKYMZM,qwrtetyry
B0D9PW2V43,qwrtetyry
B0D9K2JBFT,qwrtetyry
B0D9D8YYX6,qwrtetyry
B0D983MF32,qwrtetyry
B0D94F2YY9,qwrtetyry
B0D7HFDJ1K,qwrtetyry
B0D78GD8W2,qwrtetyry
B0D6RB126V,qwrtetyry
B0D59QD3MV,qwrtetyry
B0D4XBY55K,qwrtetyry
B0D4R192B2,qwrtetyry
B0D4LHTGNM,qwrtetyry
B0D412HD2M,qwrtetyry
B0D3XMNT6Q,qwrtetyry
B0D3G4328K,qwrtetyry
B0D3DDXVXF,qwrtetyry
B0D2DSXS9N,qwrtetyry
B0D2CYHS8M,qwrtetyry
B0D1CGJW6X,qwrtetyry
B0D1BXNKYW,qwrtetyry
B0D14QN87F,qwrtetyry
B0CZQKN221,qwrtetyry
B0CZ6VXNPL,qwrtetyry
B0CYLW7BPT,qwrtetyry
B0CYKVNZXF,qwrtetyry
B0CY5KQVWS,qwrtetyry
B0CXHNHPXW,qwrtetyry
B0CX8WTKWG,qwrtetyry
B0CWLKYM69,qwrtetyry
B0CWGT29XZ,qwrtetyry
B0CWG7QXST,qwrtetyry
B0CW38CHP9,qwrtetyry
B0CTY3JGKZ,qwrtetyry
B0CTKKDM2B,qwrtetyry
B0CTHPSD58,qwrtetyry
B0CS3BJP26,qwrtetyry
B0CRZD2YWP,qwrtetyry
B0CRYQ7KQL,qwrtetyry
B0CRYJLT85,qwrtetyry
B0CRRW2B19,qwrtetyry
B0CR6D22XG,qwrtetyry
B0CQYK6LZH,qwrtetyry
B0CP7DR5NL,qwrtetyry
B0CNX2695P,qwrtetyry
B0B68LP629,qwrtetyry
B0B2W5RWGY,qwrtetyry
B0B1H59GMJ,qwrtetyry
B09ZQBWYKF,qwrtetyry
B09YCJ4CPL,qwrtetyry
B09XSYL4QQ,qwrtetyry
B09XQM7LVF,qwrtetyry
B09XP2FCSQ,qwrtetyry
B09XMML1Q6,qwrtetyry
B09W5BKTRQ,qwrtetyry
B09VS4DHT4,qwrtetyry
B09V2DQ763,qwrtetyry
B09TQLQZ5M,qwrtetyry
B09TP4X76H,qwrtetyry
B09RT288WV,qwrtetyry
B09NYCFM36,qwrtetyry
B0BTNTRYJY,qwrtetyry
B0BRX8M2NB,qwrtetyry
B0BRSQCCVQ,qwrtetyry
B0BNT8CY41,qwrtetyry
B0BN548L9H,qwrtetyry
B0BLZ3GJLY,qwrtetyry
B0BJ2NMTGZ,qwrtetyry
B0BGLM9L61,qwrtetyry
B0BGBPKBC9,qwrtetyry
B0BD89CKML,qwrtetyry
B0BCVVXGN7,qwrtetyry
B0BBGWCRP1,qwrtetyry
B0BB2ML1L5,qwrtetyry
B0B9BN529F,qwrtetyry
B0B7WPF6DQ,qwrtetyry
B0B7WFVVFD,qwrtetyry
B0CNS38B2H,qwrtetyry
B0CNL1ZBTW,qwrtetyry
B0CMCG9NSB,qwrtetyry
B0CLSZWJJD,qwrtetyry
B0CLRWZW12,qwrtetyry
B0CLGWV9KF,qwrtetyry
B0CKXHCR9V,qwrtetyry
B0CKRPKTHD,qwrtetyry
B0CKDKRYMD,qwrtetyry
B0CJV39SSJ,qwrtetyry
B0CJCSRLJD,qwrtetyry
B0CJ6DXNTT,qwrtetyry
B0CHYLLB5F,qwrtetyry
B0CHJNDYY2,qwrtetyry
B0CGRGXJH7,qwrtetyry
B0CGKHWT9Q,qwrtetyry
B01BVPRD02,qwrtetyry
B015LHN1IE,qwrtetyry
B013H41H5C,qwrtetyry
B00ZZ5CHG0,qwrtetyry
B00PGRGQQE,qwrtetyry
B00KFU8K8Y,qwrtetyry
B00EJNRHN2,qwrtetyry
B009FRTNAC,qwrtetyry
B004FF2D24,qwrtetyry
B003LVO89O,qwrtetyry
B002EWYNH8,qwrtetyry
B000C2GBZ4,qwrtetyry
B0009Q5988,qwrtetyry
B09R9RZCK4,qwrtetyry
B07ST4DJS9,qwrtetyry
B00104Y9T8,qwrtetyry
B0C5DJ1KJP,qwrtetyry
B07WZCY6JD,qwrtetyry
B08CR2SDN8,qwrtetyry
B08HNBY4JH,qwrtetyry
B0839HN5RC,qwrtetyry
B08JZFGX4D,qwrtetyry
B07PKR3ZNX,qwrtetyry
B09MS9T33M,qwrtetyry
B00PFHHBHI,qwrtetyry
B09XFKPW87,qwrtetyry
B07YL8CVGM,qwrtetyry
B0CFD6PW8X,qwrtetyry
B0CD3W71G6,qwrtetyry
B0CCS9XVYQ,qwrtetyry
B0CBJGMVMM,qwrtetyry
B0CBBZRP3Y,qwrtetyry
B0CB75X9MW,qwrtetyry
B0CB5XBN4Q,qwrtetyry
B0C8H5XQC9,qwrtetyry
B0C7WMLCG2,qwrtetyry
B0C6DJ1M6K,qwrtetyry
B0C3RSXDY7,qwrtetyry
B0C39HJS4Y,qwrtetyry
B0C1GWV1LW,qwrtetyry
B0BY8J2X82,qwrtetyry
B0BY1PWP61,qwrtetyry
B0BXHFX4XJ,qwrtetyry
B09MVS82H9,qwrtetyry
B097S6Q8ML,qwrtetyry
B095K78961,qwrtetyry
B093BVWV2K,qwrtetyry
B092TPFMN3,qwrtetyry
B091DT7642,qwrtetyry
B08YY8NT6W,qwrtetyry
B08YX53H44,qwrtetyry
B08XX6SPZ3,qwrtetyry
B08RS9DY3L,qwrtetyry
B08RRT3Y9Q,qwrtetyry
B08RB4SCQ9,qwrtetyry
B08NCNFHWL,qwrtetyry
B08M41MLQ1,qwrtetyry
B08KJFX7LJ,qwrtetyry
B08DD1M7ZH,qwrtetyry
B0849M6H7W,qwrtetyry
B07X3FL2Y8,qwrtetyry
B07VM9DGWK,qwrtetyry
B07R3YKRR6,qwrtetyry
B07QL83RD3,qwrtetyry
B07Q8GCHKC,qwrtetyry
B07JG1M7Z2,qwrtetyry
B07JDZB3JT,qwrtetyry
B07BRVL2BS,qwrtetyry
B07575B75N,qwrtetyry
B072KKF3JF,qwrtetyry
B07252S965,qwrtetyry
B071JXCYWK,qwrtetyry
B01KUYX66A,qwrtetyry
B01DURKO0U,qwrtetyry
B01BVXEI5C,qwrtetyry
B09JNRFW8T,qwrtetyry
B09NBV15X7,qwrtetyry
B0D4WKVK81,qwrtetyry
B09CD39Z2R,qwrtetyry
B0CPT22TDK,qwrtetyry
B0BT9GBX5K,qwrtetyry
B0CC4FCGP4,qwrtetyry
B076DVVV93,qwrtetyry
B09B7L73LX,qwrtetyry
B0B5R8485P,qwrtetyry
B08G1WY948,qwrtetyry
B09B621SCJ,qwrtetyry
B07P8BSDWG,qwrtetyry
B0CR625SH9,qwrtetyry
B0CY4GHXHN,qwrtetyry
B0CW1B5J8L,qwrtetyry
B0BD7P7B5S,qwrtetyry
B0BW8KTL6R,qwrtetyry
B07R8WV59N,qwrtetyry
B0009EUA0M,qwrtetyry
B07R5QBZFF,qwrtetyry
B07MP1CB2Z,qwrtetyry
B0DLT8ZQ79,qwrtetyry
B0CWW2MNDC,qwrtetyry
B0B8S7YYP4,qwrtetyry
B01FU2SYJQ,qwrtetyry
B088JN9VZ3,qwrtetyry
B09QHTPTV1,qwrtetyry
B0CDRQT84Z,qwrtetyry
B0C68VGBRS,qwrtetyry
B0B3LMVYH7,qwrtetyry
B07MW8LHT9,qwrtetyry
B07LBPWXQ4,qwrtetyry
B08XP7LXRC,qwrtetyry
B0CRKWYYT1,qwrtetyry
B07Q8FKQ8S,qwrtetyry
B0BXSW3ZMJ,qwrtetyry
B09BKJKYJC,qwrtetyry
B0D9K1BFQJ,qwrtetyry
1947792296,qwrtetyry
B0CJVMBK1C,qwrtetyry
B0CBQTZC33,qwrtetyry
B0D9PVM6Z4,qwrtetyry
B08SWTT6DX,qwrtetyry
B00VXML35U,qwrtetyry
B01CGQRU8K,qwrtetyry
B00WI09NM6,qwrtetyry
B019IO08Y6,qwrtetyry
B0BHW12CJX,qwrtetyry
B0CPM3W7GN,qwrtetyry
B0CNYRZN7H,qwrtetyry
B078GXDGDN,qwrtetyry
B0839B69LK,qwrtetyry
B0C736YYBD,qwrtetyry
B0DJ8774SH,qwrtetyry
B07TP5QQRT,qwrtetyry
B00CHWZXF6,qwrtetyry
B0BVY27N6G,qwrtetyry
B0BTMXVTJW,qwrtetyry
B0CDKNFCDR,qwrtetyry
B01CHUZF46,qwrtetyry
B091BN9X4L,qwrtetyry
B0DLW9VMKJ,qwrtetyry
B0BHZRKZKF,qwrtetyry
B0B2DR15PC,qwrtetyry
B0CP2J1ZDY,qwrtetyry
B07KQ7GND2,qwrtetyry
B07F31RQ35,qwrtetyry
B08F1XQDF7,qwrtetyry
B075VX2QHP,qwrtetyry
B09HK8MG7X,qwrtetyry
B00CSS6ZPQ,qwrtetyry
B000LZ91WC,qwrtetyry
B0CTMLYRL6,qwrtetyry
B08257Z26W,qwrtetyry
B07MB4P5SQ,qwrtetyry
B0CF1NLK8H,qwrtetyry
B0BLCSQNYB,qwrtetyry
B07X1TYGX7,qwrtetyry
B075W88V8X,qwrtetyry
B0CB65X7WR,qwrtetyry
B0BG3GFJ4L,qwrtetyry
B07MTV28KP,qwrtetyry
B005CCNI46,qwrtetyry
B07GC7DVF9,qwrtetyry
B0986GVSKZ,qwrtetyry
B0749QSHLN,qwrtetyry
B0C611L35X,qwrtetyry
B07DCGVCZS,qwrtetyry
B01C5OR68C,qwrtetyry
B0CLZTVX3W,qwrtetyry
B0BY13R2ZS,qwrtetyry
B08HGZV8LY,qwrtetyry
B07WV6KD75,qwrtetyry
B073YK5Z5G,qwrtetyry
B0BL1GK9B9,qwrtetyry
B077YC76RR,qwrtetyry
B0CKD8SNH9,qwrtetyry
B09BBKGMBB,qwrtetyry
B0D25SV2V7,qwrtetyry
B075QG8Y8G,qwrtetyry
B0CNK2NC32,qwrtetyry
B07CZ6M2SQ,qwrtetyry
B07K4SKDQ9,qwrtetyry
B08377C3JD,qwrtetyry
B0B6FGH6TD,qwrtetyry
B0C6THV7H7,qwrtetyry
B0CBJQQ7DZ,qwrtetyry
B0B1D8BHBN,qwrtetyry
B0BN6SCQTN,qwrtetyry
B0134Q5TV6,qwrtetyry
B00MR4UVOC,qwrtetyry
B0CCTNBJYD,qwrtetyry
B0BW8JZSHH,qwrtetyry
B0856WBRBX,qwrtetyry
B0CFQFSJGX,qwrtetyry
B07D1SHSJD,qwrtetyry
B0CFWSBCSS,qwrtetyry
B07G9BBJBB,qwrtetyry
B0BW5MGF75,qwrtetyry
B0BX4K3MQX,qwrtetyry
B0B6GT3R5X,qwrtetyry
B00H1IPC3E,qwrtetyry
B072FSB5ZL,qwrtetyry
B08JSMJP2M,qwrtetyry
B0B41QH32H,qwrtetyry
B08DF6Q4L7,qwrtetyry
B0C4VJ2V1P,qwrtetyry
B085T5NM6P,qwrtetyry
B098K8QDV7,qwrtetyry
B0B6Q6DYSF,qwrtetyry
B0B5R39L6J,qwrtetyry
B08FCBZJ1T,qwrtetyry
B08774VVMN,qwrtetyry
B08392FRMM,qwrtetyry
B07Z8586TY,qwrtetyry
B07CL2BHGK,qwrtetyry
B0792F5YVB,qwrtetyry
B06XZ7YP2Y,qwrtetyry
B01MCZZEAH,qwrtetyry
B01KYVH2BE,qwrtetyry
B0080CAE06,qwrtetyry
B003YOELWM,qwrtetyry
B0DP445XLL,qwrtetyry
B0DNVHDKZ3,qwrtetyry
B0DNFN5DZ9,qwrtetyry
B0D8Q1KSXP,qwrtetyry
B0D6R5MFXW,qwrtetyry
B0D6FTY986,qwrtetyry
B0D5Y3MHQP,qwrtetyry
B0D5DDL379,qwrtetyry
B0D4V3R2LR,qwrtetyry
B0D4HJD4P2,qwrtetyry
B0D46LZG1K,qwrtetyry
B0D3LM6HWH,qwrtetyry
B0D3F6T226,qwrtetyry
B0D22212YT,qwrtetyry
B0D1V4J3S4,qwrtetyry
B0D17TQBGY,qwrtetyry
B0D12NS3W8,qwrtetyry
B0D12M52WB,qwrtetyry
B0CZL144Z5,qwrtetyry
B09NKM9MRF,qwrtetyry
B09MZKV239,qwrtetyry
B07MQJJ73R,qwrtetyry
B07LF3K3FK,qwrtetyry
B0BQ6G4JZW,qwrtetyry
B093KBDG2S,qwrtetyry
B09LCQB6TC,qwrtetyry
B08JLY4BVM,qwrtetyry
B00PRUUTCM,qwrtetyry
B0CQCPTM3H,qwrtetyry
B09PV5VFCH,qwrtetyry
B0C2P3ZLNL,qwrtetyry
B081K5TX81,qwrtetyry
B07L97166S,qwrtetyry
B07DSQXTDR,qwrtetyry
B00K54S922,qwrtetyry
B0CZDKFY1X,qwrtetyry
B0CYKMTTLD,qwrtetyry
B0CY53PMM4,qwrtetyry
B0CY1SS8YZ,qwrtetyry
B0CXXCFBRB,qwrtetyry
B0CWGQP5DB,qwrtetyry
B0CW367M66,qwrtetyry
B0CTCQJD9R,qwrtetyry
B0CSXQMJKD,qwrtetyry
B0CSWN16FZ,qwrtetyry
B0CRDV8GGD,qwrtetyry
B0CRB3CNJ1,qwrtetyry
B0CQNZP6KR,qwrtetyry
B0CPPNPPBT,qwrtetyry
B0CPKS8D2F,qwrtetyry
B0CP7RH9VM,qwrtetyry
B0CNBVC9LG,qwrtetyry
B0CN6GM8DG,qwrtetyry
B0CMM12FXG,qwrtetyry
B0CL9SVNRN,qwrtetyry
B0CKT4MV97,qwrtetyry
B0CJVCHPHK,qwrtetyry
B0CJ53B6GP,qwrtetyry
B0CJ2L7NM1,qwrtetyry
B0CHRD14JQ,qwrtetyry
B0CHJ79CSN,qwrtetyry
B0CGRDJKZZ,qwrtetyry
B0CFQG6BHM,qwrtetyry
B0CF9NWXJJ,qwrtetyry
B0CF8WNY6F,qwrtetyry
B0CC1D737M,qwrtetyry
B0CBPM8XZK,qwrtetyry
B0CBFKH8CY,qwrtetyry
B0C9978MP8,qwrtetyry
B0C7QF7PXX,qwrtetyry
B0C7Q3BB49,qwrtetyry
B0C7PVLLFJ,qwrtetyry
B0C7L5Z95C,qwrtetyry
B0C74HHYN3,qwrtetyry
B0C6MCMF83,qwrtetyry
B0C65GRZHW,qwrtetyry
B0C4GSMMQL,qwrtetyry
B0C3LN1NLM,qwrtetyry
B0C1S77C8P,qwrtetyry
B0BZPJVHF5,qwrtetyry
B0BZBXN913,qwrtetyry
B0BZ3P96JF,qwrtetyry
B0BYN7KBHB,qwrtetyry
B0DL5WZNFL,qwrtetyry
B0DKY3SQZH,qwrtetyry
B0DKW9P75V,qwrtetyry
B0DJVLSMDP,qwrtetyry
B0DH2993BR,qwrtetyry
B0DG99BQK2,qwrtetyry
B0DG8MCJLM,qwrtetyry
B0DFCHZS6Y,qwrtetyry
B0DF2MC7C3,qwrtetyry
B0DCZ7VVM6,qwrtetyry
B0DBV161JN,qwrtetyry
B0DBPTZ6ZL,qwrtetyry
B0DBLCPL4D,qwrtetyry
B0DBH571WG,qwrtetyry
B0DB5TWHSJ,qwrtetyry
B0D9449WQ4,qwrtetyry
B0BY8PKVLC,qwrtetyry
B0BXKJC845,qwrtetyry
B0BXFLVFC4,qwrtetyry
B0BWM42GD7,qwrtetyry
B0BW3Z4H7H,qwrtetyry
B0BVZ1FQT3,qwrtetyry
B0BVVJGHL4,qwrtetyry
B0BVFDFTPM,qwrtetyry
B0BVCS2PMT,qwrtetyry
