item,source
B071GQ426Q,uopogh
B06Y1NGVJH,uopogh
B01HAFU8X6,uopogh
B00DP5D51I,uopogh
B0BCN47F77,uopogh
B084TG2GGB,uopogh
B076ZR2ZNL,uopogh
B00BOJC2RK,uopogh
B006LB70SW,uopogh
B0BGQP7RKF,uopogh
B0B3GRZZBQ,uopogh
B0822RNVW9,uopogh
B072K11ZYL,uopogh
B00ASQ2TQO,uopogh
B09ST7MWBS,uopogh
B09KTS4HJD,uopogh
B07ML1VMPD,uopogh
B01MS4SXWH,uopogh
B07P64XZKC,uopogh
B00009R8W7,uopogh
B0B933Q8CV,uopogh
B07DBWZ2KJ,uopogh
B07FM58Z42,uopogh
B07WV9MPWG,uopogh
B07YBFQSB4,uopogh
B07QH9NLQD,uopogh
B08RCZJZ83,uopogh
B00D3V0G2U,uopogh
B083MVZ8Y3,uopogh
B07G9XMDHR,uopogh
B0B5QZYVSF,uopogh
B004FLS2U0,uopogh
B07RR6V492,uopogh
B0BBTRZLHQ,uopogh
B08P6BSSSB,uopogh
B08HLBQSXR,uopogh
B0CR6GNMY4,uopogh
B0C4F6KPPL,uopogh
B082KG39Q7,uopogh
B0CLS81ZJN,uopogh
B0BNVDTP8C,uopogh
B0B8NSC37W,uopogh
B0B2X3FLMB,uopogh
B09Z6JLWVT,uopogh
B092QRPMNF,uopogh
B08QL53RFN,uopogh
B07PYGPSZF,uopogh
B008KIST2K,uopogh
B08PDPPF4H,uopogh
B0CQ1WGG47,uopogh
B09P4XCY1M,uopogh
B08861DX1C,uopogh
B07Y3VL9S7,uopogh
B07WRW8953,uopogh
B00WJF87J0,uopogh
B0C544J2KM,uopogh
B0C3CZQ4VH,uopogh
B0BYV9SJJH,uopogh
B0BTPZ4J4W,uopogh
B0B19ZRR72,uopogh
B0B152MCBY,uopogh
B09TPFG7SS,uopogh
B09Q8THLBT,uopogh
B09LCVD24J,uopogh
B095T1VR7B,uopogh
B09ZQQNWXX,uopogh
B0BW8RLZ26,uopogh
B08MV6P11V,uopogh
B0B6GMY2JV,uopogh
B01FLACQGY,uopogh
B078392L1H,uopogh
B00QMWFYS8,uopogh
B0CYLVK8BZ,uopogh
B00N9HDUWQ,uopogh
B0C8D7641V,uopogh
B0CNPRLPGY,uopogh
B0BVKWMM63,uopogh
B081FJGR1Q,uopogh
B076TF26D5,uopogh
B0BZQK3SW3,uopogh
B085WNTMDH,uopogh
B08GYD3KBC,uopogh
B07GQ4S12X,uopogh
B08TVLHBZQ,uopogh
B08JGCQ86C,uopogh
B07M5ZCQRK,uopogh
B01J40P7Z4,uopogh
B09KDQPYP7,uopogh
B09BP25WYB,uopogh
B0976ZF998,uopogh
B082MBMBT1,uopogh
B07MK4GK9R,uopogh
B0BTJ8V17B,uopogh
B0BFHNM9QB,uopogh
B0B1J6BL99,uopogh
B09XMND9DJ,uopogh
B0CRKPFPSW,uopogh
B095SYHZ2X,uopogh
B092LPDRC7,uopogh
B08BZ73DX1,uopogh
B0831B7GZ7,uopogh
B07TRKJ8JG,uopogh
B07JFPKFB3,uopogh
B07HNBDKZH,uopogh
B01N35F46Q,uopogh
B0BVYM74W8,uopogh
B00T6TBNX4,uopogh
B00EOGVJMY,uopogh
B07KRLFS1Z,uopogh
B07QW9YY6Y,uopogh
B09D55T2CN,uopogh
B0CCQJ43HD,uopogh
B078FR9CND,uopogh
B00S9RJGCO,uopogh
B07PPYWGNH,uopogh
B01MT1QRPX,uopogh
B0051C0WOQ,uopogh
B0DBX96WKY,uopogh
B07NH1PVL1,uopogh
B0CCS3L7NT,uopogh
B004R49DT4,uopogh
B08QJS8L6D,uopogh
B01ARJ7SBM,uopogh
B07W4XF78S,uopogh
B07YVP8SXF,uopogh
B09GFCRHX8,uopogh
B0B6WR2FV5,uopogh
B0CQPMW2N9,uopogh
B09MY13GPP,uopogh
B08GVSVWVM,uopogh
B09S2N6P36,uopogh
B001JT5CFY,uopogh
B08H1Y9GVP,uopogh
B08JCD9F59,uopogh
B0CJJ5TVGQ,uopogh
B09QCRGTCT,uopogh
B003HKDMU0,uopogh
B0D3N6B1FK,uopogh
B09FM6N51Z,uopogh
B00DH3WNRA,uopogh
B0CCRN4M6D,uopogh
B09B4KP49X,uopogh
B08K913C4H,uopogh
B078NH92BZ,uopogh
B08BK51D6P,uopogh
B00GUYHEK4,uopogh
B002CO2XBQ,uopogh
B07VYLPK42,uopogh
B00FY55A0Q,uopogh
B07KKZFKFH,uopogh
B0C1YNY252,uopogh
B0B1H53Y9X,uopogh
B07P79KYSZ,uopogh
B07SJYTBQZ,uopogh
B0C7MMCYC5,uopogh
B0B322QX3Y,uopogh
B0C71JJP5Q,uopogh
B0B86J1JPS,uopogh
B001FX85W6,uopogh
B09853W93F,uopogh
B08HDGXBTM,uopogh
B005EL6VOY,uopogh
B07GB74JJL,uopogh
B072BLL7T9,uopogh
B003AKH2GC,uopogh
B0B4DDGHRR,uopogh
B0D8T8GNDP,uopogh
B06XHBPMDX,uopogh
B08HWG42M6,uopogh
B0C1M1DLP6,uopogh
B09VK2NTVP,uopogh
B00DNND9UE,uopogh
B09HC7G3PH,uopogh
B091YDZ6QX,uopogh
B085TBZHL5,uopogh
B0978Q2WNT,uopogh
B0CD7VF446,uopogh
B01MT87UFK,uopogh
B0B77LLHDZ,uopogh
B09YPQM72R,uopogh
B08M3LFPXX,uopogh
B08CB6GZH6,uopogh
B072N31T4Y,uopogh
B09S8PRJSV,uopogh
B07R9L7BPW,uopogh
B09PYB4ZNQ,uopogh
B097TD7SDJ,uopogh
B0B9RR9LHQ,uopogh
B00A49LXOY,uopogh
B076Z9MPPX,uopogh
B017ML6SF0,uopogh
B00KSLRG4E,uopogh
B0002SR57Q,uopogh
B07T17C2GB,uopogh
B09Y5G34V2,uopogh
B0014KO11O,uopogh
B08CMNWFLH,uopogh
B00E0EUED0,uopogh
B000FLH5N4,uopogh
B097ML62NW,uopogh
B0C7NXBGMX,uopogh
B0CXDDNYWD,uopogh
B07XT5SB5G,uopogh
B00P8ID6FK,uopogh
B092VC4WND,uopogh
B0CDWCJF61,uopogh
B0CDPGLPJ3,uopogh
B09PL7FGTM,uopogh
B081R88DQC,uopogh
B002NKM1SO,uopogh
B0C37PJJKP,uopogh
B0B7WYSNRG,uopogh
B097T8LF71,uopogh
B08LPS56ZH,uopogh
B001DNAK2G,uopogh
B0DK75DLD5,uopogh
B0DBRGJHX4,uopogh
B0CVNCQN84,uopogh
B0CQC682QZ,uopogh
B0BFH9DKXY,uopogh
B09P4XNYFG,uopogh
B09P4WHSTZ,uopogh
B092MW1CGH,uopogh
B08P49W29P,uopogh
B08D3T6JK5,uopogh
B088LQW3XG,uopogh
B082QWTQST,uopogh
B081D3Y5TX,uopogh
B07ZG5QWDV,uopogh
B077YMF5M4,uopogh
B00L9U4QTG,uopogh
B0DT7LCKMP,uopogh
B01G97Y418,uopogh
B01N0ST8B8,uopogh
B0B31Y9FQH,uopogh
B00LSV81LU,uopogh
B06X3Z9Q8V,uopogh
B08ZC9YV8W,uopogh
B09VFGT8Q9,uopogh
B0CRZC14PM,uopogh
B005JPIMQU,uopogh
B01NAWEBSA,uopogh
B00LC65VG4,uopogh
B004N84D0S,uopogh
B01LFXD1JW,uopogh
B09TRN65ZK,uopogh
B0CX1B6XWZ,uopogh
B0CN8TJGT4,uopogh
B08HWNZQ7F,uopogh
B0885W1592,uopogh
B08HQL1CLQ,uopogh
B0B61ZCGXC,uopogh
B082XX8XYJ,uopogh
B0885W7FVZ,uopogh
B00S1UPL96,uopogh
B000X39SYI,uopogh
B00FJTMD2A,uopogh
B09BMNLX6S,uopogh
B09ZTNYH7N,uopogh
B09JG9K8C5,uopogh
B001MEK8R8,uopogh
B0BJ22F7SS,uopogh
B0B8D415J4,uopogh
B08Q3ZFYGT,uopogh
B01COPHAHY,uopogh
B00XFN7AXO,uopogh
B08RF2YNYF,uopogh
B08LD6B1WC,uopogh
B0B41TD91K,uopogh
B008CGTXTI,uopogh
B09GV9CX8Q,uopogh
B08JD3Z578,uopogh
B0BKYZF627,uopogh
B07XQBLYGC,uopogh
B01DTWVW98,uopogh
B0D4LV3X41,uopogh
B08FBHVLWB,uopogh
B000RLJTLS,uopogh
B01N1ITAY0,uopogh
B079ZQWM1T,uopogh
B01M1H4QRX,uopogh
B08MPYFV1C,uopogh
B00NL4DI2E,uopogh
B08QG5CKGN,uopogh
B08KTWW52H,uopogh
B0160TER3A,uopogh
B0BTBQ3G66,uopogh
B08KTVC1Q7,uopogh
B0D4KDVSZ3,uopogh
B08G8JS55B,uopogh
B0CJRHWYNW,uopogh
B0BFDL9BGW,uopogh
B08HLB85QX,uopogh
B09TTLRQCJ,uopogh
B0BFLY88LS,uopogh
B0BT8K1DVY,uopogh
B088W435KX,uopogh
B0CGCXDMG1,uopogh
B004MRRENI,uopogh
B0BB5K95YP,uopogh
B01G6SJW8U,uopogh
B0D9HTW67X,uopogh
B00LTXR168,uopogh
B07RHWBTS5,uopogh
B001QU69L2,uopogh
B06X9H3B9V,uopogh
B09J8V2HMV,uopogh
B06Y47XXY2,uopogh
B07XNVCY79,uopogh
B097CB5WPK,uopogh
B000CD5HAS,uopogh
B01MQHECUR,uopogh
B08BRK9D9X,uopogh
B0DKY7K77T,uopogh
B08S33T7RB,uopogh
B09KFBMLPG,uopogh
B01MTJDQ2G,uopogh
B071NLYQGR,uopogh
B084DT2S25,uopogh
B01H7TGSLG,uopogh
B06Y3WTVHH,uopogh
B007ZU5YUO,uopogh
B0006JGW8Y,uopogh
B01D46JHGO,uopogh
B084WP5DXW,uopogh
B009YZ4RLA,uopogh
B08RQDV679,uopogh
B0D763QFF3,uopogh
B0BH4NMS35,uopogh
B0C1CTHNKR,uopogh
B07TKN6FPB,uopogh
B01GSWHSLC,uopogh
B0145Q0N2E,uopogh
B00443EUD2,uopogh
B01LWJE2UX,uopogh
B07J4FM86X,uopogh
B0017U7QD6,uopogh
B07F3NBLMH,uopogh
B0002YMZLG,uopogh
B09Y65QRRN,uopogh
B07CBYYST1,uopogh
B0756NWNDJ,uopogh
B08RN2NH9R,uopogh
B083FKQDZ3,uopogh
B0BRYLKFVD,uopogh
B07TJ446TL,uopogh
B00T40LMWW,uopogh
B0B58FPQ3V,uopogh
B08KRM6T17,uopogh
B07WNRLTBS,uopogh
B06XQQ9N5W,uopogh
B00WSDFMAK,uopogh
B001LQHUBE,uopogh
B09SPNQ6N5,uopogh
B09SHZ9YK5,uopogh
B09QMSP1V6,uopogh
B082ZY4Y34,uopogh
B07MGGFZ9B,uopogh
B00OMZZ93M,uopogh
B0CQQSQ8WC,uopogh
B01M6VDJR2,uopogh
B0CT5XQJ63,uopogh
B09N9W929W,uopogh
B07D1H1DS3,uopogh
B00L21UAN8,uopogh
B0C88Z4YJ6,uopogh
B01DXO4G1S,uopogh
B00N94TC44,uopogh
B098F34D18,uopogh
B000TZQXXO,uopogh
B09QD4J616,uopogh
B07TV8ZTZL,uopogh
B07PQFGXN1,uopogh
B01MU589ZQ,uopogh
B0B57VJ4BX,uopogh
B09LCYJ84P,uopogh
B09BS3TRS3,uopogh
B0792MJM54,uopogh
B075GPPHM7,uopogh
B0751M7HHY,uopogh
B09F2K6XGL,uopogh
B08FDLZ2CQ,uopogh
B077WRX83R,uopogh
B0BKFQ3KC8,uopogh
B09BKSYP2R,uopogh
B08DYDXL5H,uopogh
B07H27F7PC,uopogh
B01E7WLP28,uopogh
B00UDIZ0XG,uopogh
B0D4M3R9FL,uopogh
B0D1V2DZ7D,uopogh
B0CPBCR1MR,uopogh
B0CMTSR73L,uopogh
B0BVTGZ8DV,uopogh
B0BVT6SMKZ,uopogh
B0BN41GCMH,uopogh
B0777BN5TC,uopogh
B0C7QKGFPT,uopogh
B08DM7T1YC,uopogh
B0CNYF9Y6M,uopogh
B0034D97CC,uopogh
B08TM9VLM9,uopogh
B0C1SMSYRP,uopogh
B08HSWHX5J,uopogh
B0CZW3QB79,uopogh
B01G7L72LU,uopogh
B08NT9B4J8,uopogh
B07S42RN4H,uopogh
B07G4DWBMW,uopogh
B09DZRRCF7,uopogh
B07NLH77SY,uopogh
B08B4DNB5T,uopogh
B077D7S4GQ,uopogh
B00N48LB12,uopogh
B06XZKJN5Z,uopogh
B0023NVV7I,uopogh
B01IAICVKA,uopogh
B07SSKRYPR,uopogh
B073KCF2Z3,uopogh
B0CGHX7DYG,uopogh
B01I5PGED8,uopogh
B09NQVXQ94,uopogh
B0160XNY5I,uopogh
B09QMDY3NT,uopogh
B0797V8QZP,uopogh
B017CN5L4C,uopogh
B004IZKL2A,uopogh
B09YFH8Q9S,uopogh
B096ZLP4KW,uopogh
B07YD1TNNT,uopogh
B07XBLGPCY,uopogh
B09L3Y2NL9,uopogh
B077CC21CF,uopogh
B0CT29VSXC,uopogh
B07Q5BKR4G,uopogh
B01FWLWOYG,uopogh
B0000DD5TL,uopogh
B01EMC06X2,uopogh
B00P2YV1Y8,uopogh
B082CHRBPK,uopogh
B0BNGZH438,uopogh
B09SGXNWD1,uopogh
B00DIJPH5I,uopogh
B096CCDL5Q,uopogh
B09MQ6Q6LY,uopogh
B07FNXVT3L,uopogh
B0DCGMMSY5,uopogh
B000BZZ71G,uopogh
B0C9M4PG2C,uopogh
B01LWX5L37,uopogh
B0BHNXQSCD,uopogh
B00BWUMYUG,uopogh
B0B7D7SC97,uopogh
B08D5M4L9Q,uopogh
B003EELN1Y,uopogh
B08JMB154N,uopogh
B0B4P7B286,uopogh
B0CHF9FQ9B,uopogh
B0DGPGR2W9,uopogh
B0CP6M5GPY,uopogh
B088X56N2P,uopogh
B07H28SCC9,uopogh
B06ZZRQ6JX,uopogh
B0BJRYCZTD,uopogh
B07HFZ5RC3,uopogh
B0170FNZV8,uopogh
B012OYEKPA,uopogh
B07PMF8SQQ,uopogh
B08GWVJD56,uopogh
B0BK4RJ5BN,uopogh
B00439TSUC,uopogh
B09ZDVHBYS,uopogh
B00FZSUMWI,uopogh
B0BB5MWW5P,uopogh
B0B5QBV44Y,uopogh
B008UW7NO6,uopogh
B07PJNQ9HP,uopogh
B003UQXKIU,uopogh
B07WWXDHXK,uopogh
B07C1H7HDR,uopogh
B09GL5BKQ2,uopogh
B08S59RLSY,uopogh
B000XBIIVY,uopogh
B0777QXY9L,uopogh
B081P61RRQ,uopogh
B08CBTHN7T,uopogh
B084ZTLFPD,uopogh
B07WYRTHPK,uopogh
B00TIXP6EU,uopogh
B0992SKBXZ,uopogh
B08X7JWVBQ,uopogh
B073WLYDFP,uopogh
B0C4TKJZRQ,uopogh
B09FFR238Y,uopogh
B09873N25Y,uopogh
B07T66Z99T,uopogh
B0CDB18X8B,uopogh
B092B3L6PP,uopogh
B08BNNV3JY,uopogh
B00VSGRUTO,uopogh
0692986014,uopogh
B0CG5J269S,uopogh
B0CD9V9295,uopogh
B07ZCTDMWW,uopogh
B09F2PY4V8,uopogh
B07R6CR39N,uopogh
B07DNTN135,uopogh
B0D98TWG5S,uopogh
B0BX6BKHMG,uopogh
B0B1VDFTJD,uopogh
B08235B5VK,uopogh
B07SVP17GG,uopogh
B0D41TT9FW,uopogh
B0D2Y9Z2L7,uopogh
B0CFLJN47M,uopogh
B0BNB9DJ6K,uopogh
B0B9G8V4RW,uopogh
B0B8M8KT8R,uopogh
B0B153F6TL,uopogh
B09QHPTZFY,uopogh
B08TWZ13N9,uopogh
B08LMGP9DJ,uopogh
B08CGLS35M,uopogh
B0831RP982,uopogh
B0CKHMZ876,uopogh
B0B8CHF9C1,uopogh
B08KG4HMN5,uopogh
B0C171ZQKR,uopogh
B087SS5R4C,uopogh
B07SC4LBZM,uopogh
B07JMP6H52,uopogh
B0B75P1YRW,uopogh
B08CC7SF9W,uopogh
B017Y382XC,uopogh
B001QV3JBO,uopogh
B0BBQ972PW,uopogh
B078VZXN68,uopogh
B07CMFYLBX,uopogh
B088Z8XB52,uopogh
B0CDLHSB17,uopogh
B07H3YCXV3,uopogh
B07GM8XQ6T,uopogh
B0088LVAU2,uopogh
B00435HAW4,uopogh
B0CZ6Z4DSZ,uopogh
B004JHIXO0,uopogh
B0DCVQSQ4F,uopogh
B082FSHXX1,uopogh
B0CYBZJ5HP,uopogh
B00QIUZUB0,uopogh
B001C7OX2G,uopogh
B0006KQH7O,uopogh
B0CYBZFBWB,uopogh
B0BDCN4JWN,uopogh
B0CNGKDTVL,uopogh
B073ZMSTZK,uopogh
B0BZQK8H7D,uopogh
B0BSD6XVR6,uopogh
B0BYSFRXKZ,uopogh
B017AD5I5G,uopogh
B0BR8H1L4C,uopogh
B0147JPQAI,uopogh
B0B1XCHS1N,uopogh
B00IY2AFHY,uopogh
B0BFWBYDYJ,uopogh
B00EPC9D9I,uopogh
B0CP9SQQNC,uopogh
B0B6BGNYKQ,uopogh
B06Y1JWZW9,uopogh
B09CBV99ZH,uopogh
B0928NTK4B,uopogh
B0BLZ5C67J,uopogh
B0069P0OG0,uopogh
B008S385M6,uopogh
B0CRK1VJSG,uopogh
B0793PT2VH,uopogh
B0BYSJHX21,uopogh
B085Q2WHMR,uopogh
B07SVY5CNB,uopogh
B07YWPD1XY,uopogh
B07CDCF335,uopogh
B0BXYVM5PF,uopogh
B001Q8KP5A,uopogh
B07KMCRTVV,uopogh
B06Y1WJQJF,uopogh
B01N14INC7,uopogh
B08XZ1862X,uopogh
B00194D72O,uopogh
B01JISOTD8,uopogh
B0D1BP8NW6,uopogh
B09HXPRGFY,uopogh
B0BYZ1ZYVD,uopogh
B00EMINYQ8,uopogh
B07PWM691B,uopogh
B0CWRN4JCV,uopogh
B0012MA352,uopogh
B0BP1DTZSD,uopogh
B0746BTQDH,uopogh
B0BKL5QJPQ,uopogh
B0818BL77F,uopogh
B07FHYJV1L,uopogh
B01D3ULAN4,uopogh
B0BQV21ZYY,uopogh
B0875WCR58,uopogh
B0B8S9H2XD,uopogh
B00DYQQ178,uopogh
B093PZWVMZ,uopogh
B09C2M5HJF,uopogh
B08W5CBTJ2,uopogh
B093CMW73M,uopogh
B08NM51DX3,uopogh
B08699512H,uopogh
B07NSL61QW,uopogh
B07KND5WF2,uopogh
B07C4516YL,uopogh
B000WW45KW,uopogh
B0CJJV741J,uopogh
B0BXNHYGLD,uopogh
B0B3N5VSV4,uopogh
B09Q82RFYR,uopogh
B08N51G5XG,uopogh
B07D7PLBGW,uopogh
B0C3TY9DCX,uopogh
B08H81SB95,uopogh
B073G9K7MB,uopogh
B00014CEXG,uopogh
B08HV18KYM,uopogh
B07F7LJWN6,uopogh
B0BYCYL63H,uopogh
B07FSLJCLW,uopogh
B01MS8UCON,uopogh
B00502Y95U,uopogh
B0CCRQTGS3,uopogh
B09LLZNDKD,uopogh
B07S5KJ8DR,uopogh
B087JMRVW5,uopogh
B082P9FZ6C,uopogh
B078CXLS1J,uopogh
B018ZONTOQ,uopogh
B07P5THV95,uopogh
B00LSP660Y,uopogh
B0C9M39VLD,uopogh
B0CB1ZJ8T2,uopogh
B09XLWQ85B,uopogh
B088JRQLDZ,uopogh
B0BB7SCZ2W,uopogh
B09G8RBRQF,uopogh
B09CPX85BT,uopogh
B09BQQMZ96,uopogh
B0896294SV,uopogh
B07XXG5L1H,uopogh
B01N2XVTXM,uopogh
B09HG939V2,uopogh
B085G56V73,uopogh
B00EWUE5KK,uopogh
B008JHOE12,uopogh
B000LEMWGK,uopogh
B0CGG19X3L,uopogh
B0C819JLHJ,uopogh
B0BXZ1PW2D,uopogh
B0BC1W8HRW,uopogh
B087JLVYP9,uopogh
B0BWN8L855,uopogh
B08PC9F2DB,uopogh
B0CMPR9854,uopogh
B0DCJMKP6C,uopogh
B0CMX5PYRH,uopogh
B0C995H2P6,uopogh
B0C1YZDBP9,uopogh
B09YY37VWP,uopogh
B081RGRM6Q,uopogh
B000KL4VOK,uopogh
B0D1K785V7,uopogh
B09J3R7NGD,uopogh
B019PHGV3I,uopogh
B00CRKKYN4,uopogh
B0B2QH13RH,uopogh
B0BPFGVXVR,uopogh
B01M5K2WWC,uopogh
B0BHST4CDW,uopogh
B0D8JLYZ88,uopogh
B08SPZFJRY,uopogh
B0B7B65CLT,uopogh
B0013JGGH8,uopogh
B09RKRYZ6H,uopogh
B01M63M6SF,uopogh
B075TXZ693,uopogh
B07MBX9KNR,uopogh
B06XDSGYXC,uopogh
B01M22FBQZ,uopogh
B00S5CVQQ2,uopogh
B07RN2VW9G,uopogh
B0131RL53Y,uopogh
B0CJRJ5KQX,uopogh
B09X66VW1F,uopogh
B08XQ5VWTK,uopogh
B0D2SZ6Q4J,uopogh
B0CJ4M26JD,uopogh
B0CH6CZB8P,uopogh
B0C3QW2QW5,uopogh
B0C1P6H1HC,uopogh
B0BYSNMQL5,uopogh
B09M8JK7DB,uopogh
B09LCW9P88,uopogh
B08YJC3XTN,uopogh
B08DY5TPVR,uopogh
B0891T64ZF,uopogh
B001FA6FB2,uopogh
B0BHJLTK1H,uopogh
B08ZDVZ8WR,uopogh
B005C2AW2C,uopogh
B08HVZD2M6,uopogh
B09S8L5F6J,uopogh
B0BQPRC853,uopogh
B01F1PNU00,uopogh
B07B1673YW,uopogh
B00DEXYERU,uopogh
B0BL1X25SH,uopogh
B09QTTW8ZY,uopogh
B001G0MRUY,uopogh
B06XR7SYF7,uopogh
B07M6KRVCY,uopogh
B0015B2RAO,uopogh
B09L7DWMPK,uopogh
B07L9Y1RFQ,uopogh
B09L53K4CS,uopogh
B000VWAYZS,uopogh
B07F51C8KZ,uopogh
B082VP313L,uopogh
B0C4DNFJ2B,uopogh
B08YFKKRY3,uopogh
B0751JBSCW,uopogh
B08ZYVCQ7B,uopogh
B091F43FPN,uopogh
B0011RR9VE,uopogh
B09P9MQ6KS,uopogh
B08JVKYH92,uopogh
B0D3VBLLJV,uopogh
B00GXJF3E0,uopogh
B00461G3MS,uopogh
B07JKQ2QNW,uopogh
B0C1GMN9H7,uopogh
B000K4YO80,uopogh
B0BC9WWR55,uopogh
B0BNK8ZJJ1,uopogh
B01CU6DFHG,uopogh
B07L894HKC,uopogh
B08JSMY81D,uopogh
B07NNSMRMN,uopogh
B09843K8N5,uopogh
B0B2PQYS2R,uopogh
B0782HVXP1,uopogh
B00BG3X45I,uopogh
B000SI6G5W,uopogh
B0B8Q3VS88,uopogh
B00HEARZLQ,uopogh
B07WVRSMJP,uopogh
B0BXZ2YHB9,uopogh
B08C2P9Y2Y,uopogh
B00IN8K0JW,uopogh
B09TFSY1FG,uopogh
B09TV2X3VQ,uopogh
B077KSZ6XC,uopogh
B01FTC0AZ8,uopogh
B07Z4JS1CJ,uopogh
B08P1J3M2Q,uopogh
B00028PDO8,uopogh
B0979P6VGD,uopogh
B000INQTUO,uopogh
163344127X,uopogh
B09GLVWPWC,uopogh
B0827L8VRR,uopogh
B07N13P2GR,uopogh
B0CYNYFZXV,uopogh
B0CXJ3FJV1,uopogh
B0BTP8WL26,uopogh
B0B8M785QZ,uopogh
B0B15259S4,uopogh
B09ZNJLWJ8,uopogh
B09V44FKYJ,uopogh
B09LQHWPTM,uopogh
B09BS3NHCK,uopogh
B075DWSD85,uopogh
B0757XVJ1X,uopogh
B007IBH9J4,uopogh
B004U5PV5A,uopogh
B08778WFCX,uopogh
B07Q2LS6ZK,uopogh
B08B4W5KXH,uopogh
B078SFKVMG,uopogh
B01MR29NCC,uopogh
B01GUKNNB6,uopogh
B07ZH6TSD7,uopogh
B07B3XKCJX,uopogh
B07N98BFD2,uopogh
B000CLQOOS,uopogh
B09Q57LCG2,uopogh
B0BFYX77ZJ,uopogh
B0BC9C5Z32,uopogh
B089117RBR,uopogh
B09YVY93YX,uopogh
B01N7JEZG5,uopogh
B07NPNX7PW,uopogh
B0D73349WD,uopogh
B0D1YBHF1R,uopogh
B0C5PYDRQ8,uopogh
B09WJZMD2F,uopogh
B09TXBLK26,uopogh
B08W4QQQGD,uopogh
B07YH3D3X4,uopogh
B0CF59N58X,uopogh
B09123TG3B,uopogh
B07QS9BGKK,uopogh
B004XC6DPM,uopogh
B09YC4HDGL,uopogh
B09W36Q6P3,uopogh
B097BHLP19,uopogh
B082TGVB3W,uopogh
B08BZTWYSF,uopogh
B07X2LPTL7,uopogh
B09L54DBVZ,uopogh
B00LT0T3MG,uopogh
B07PWCJF9W,uopogh
B07G7HZRQD,uopogh
B09WY692W6,uopogh
B074WC787F,uopogh
B00DS5H0W0,uopogh
B0CPN99PBJ,uopogh
B0B6WPSN4L,uopogh
B0857JDR92,uopogh
B07XXF9NJ7,uopogh
B0CN5ZZWC6,uopogh
B003BHYY3S,uopogh
B06XZ4KT6Z,uopogh
B082F3GR2S,uopogh
B0CP9LF65W,uopogh
B0BH8PBHD9,uopogh
B07PF25B3C,uopogh
B009DNN822,uopogh
B0BXRD2L26,uopogh
B01AAU43UC,uopogh
B00Q4B36DW,uopogh
B09NLMH7M8,uopogh
B078RC2ZPC,uopogh
B000KKQ8LA,uopogh
B00EW149GY,uopogh
B00K71F4W6,uopogh
B088Q35QQT,uopogh
B09LH49KCR,uopogh
B0C817L254,uopogh
B00000J3LL,uopogh
B097SXMQT2,uopogh
B01N1RLXR8,uopogh
B08CGJJJWK,uopogh
B084SX54WQ,uopogh
B08LSTYWSD,uopogh
B0C13WL5FM,uopogh
B00E5PNCYC,uopogh
B001JT1EEM,uopogh
B082F4FKNN,uopogh
B0BXYS7RWL,uopogh
B07KZLJ7PB,uopogh
B0C38LVMJF,uopogh
B0CG9RQF5N,uopogh
B00GRRJ8IK,uopogh
B07HMTQCRS,uopogh
B08BLRHKZS,uopogh
B08WZ6H977,uopogh
B006Y1W7DM,uopogh
B0832MJHKK,uopogh
B08KRNNL5T,uopogh
B00QIYWPUA,uopogh
B004HS8KAI,uopogh
B08GCZZSVX,uopogh
B00MPXF7LW,uopogh
B07KYH8QQM,uopogh
B0CMZNRYGP,uopogh
B078J6TWZR,uopogh
B081LN3HTR,uopogh
B0BXYY81G3,uopogh
B086XLF3GD,uopogh
B098TRZXMP,uopogh
B08DXTSL7H,uopogh
B0C6YV1TZL,uopogh
B0CM1BNDNC,uopogh
B0C4H4FL3D,uopogh
B0DKG5QVF1,uopogh
B07PRQ3RWL,uopogh
B0BQZ9PGM9,uopogh
B07N98PY5L,uopogh
B007ZTHV6U,uopogh
B0BGLQH741,uopogh
B001CGRELE,uopogh
B08FBSL7P1,uopogh
B09PG2D94N,uopogh
B006HI8HYA,uopogh
B07L3JLBT5,uopogh
B07ML26N8F,uopogh
B00LV666I2,uopogh
B002RL8NKY,uopogh
B0C4XYQP3R,uopogh
B0BTSV255C,uopogh
B0BFF21MVN,uopogh
B09B8SPY9F,uopogh
B087QD76KR,uopogh
B07GN1BLC4,uopogh
B07DVJB865,uopogh
B0DTKCFX53,uopogh
B0CLRC77QK,uopogh
B0CLJN6SXR,uopogh
B0CLCCDX2N,uopogh
B0CK12TDZ4,uopogh
B0C5XR64G4,uopogh
B0C5VNYWMT,uopogh
B0C5VL54ZW,uopogh
B07BYFTPC5,uopogh
B01KKITMZU,uopogh
B0CDBVQR68,uopogh
B09L14DM93,uopogh
B07YLKS88G,uopogh
B0010OFE0Q,uopogh
B0D22YCS4F,uopogh
B08YC7MK27,uopogh
B08DD9VZN4,uopogh
B086KR2TB9,uopogh
B07ZFBHMVQ,uopogh
B07QZ585RS,uopogh
B06XP2YNYP,uopogh
B00IUFSYNM,uopogh
B005WU50P8,uopogh
B0049EMQYG,uopogh
B0BYNL5WR3,uopogh
B08BZNRVXN,uopogh
B07YN1L3KS,uopogh
B097XN2YKR,uopogh
B08S31BPMD,uopogh
B07JY1YY6T,uopogh
B073YPP2TH,uopogh
B09TTYS897,uopogh
B08ZSJPCS5,uopogh
B0B7J1FMSZ,uopogh
B0C5HF23YY,uopogh
B08HT1TK86,uopogh
B09323ZM9F,uopogh
B08RN89RRN,uopogh
B07TVSHK4B,uopogh
B073SS13L5,uopogh
B00LTY51WS,uopogh
B0CY16GSTL,uopogh
B083WDWKSP,uopogh
B00TI49Q7W,uopogh
B001KIGKVE,uopogh
B01J3UMH9E,uopogh
B075K45RCN,uopogh
B071CV86LZ,uopogh
B0DF7Q3HFM,uopogh
B0C3L6PK7T,uopogh
B08LD9PCRG,uopogh
B088NDD45V,uopogh
B089T7RG6L,uopogh
B0BWF814S9,uopogh
B08P25YS4R,uopogh
B08YYFBR8M,uopogh
B07QY9TS2C,uopogh
B09WWK8985,uopogh
B011KKZ8NM,uopogh
B07GPB7KSW,uopogh
B08Y12T8S4,uopogh
B003V4A73C,uopogh
B07DFY6Z9N,uopogh
B00073JU10,uopogh
B08CXVYPJY,uopogh
B00H407C14,uopogh
B0C9WC3D31,uopogh
B09HJKYGCL,uopogh
B00Y7W0NCW,uopogh
B097B6PK6Z,uopogh
B0893P24NQ,uopogh
B07S58RW3C,uopogh
B09BZX8B72,uopogh
B00GMPF5CU,uopogh
B0CQMXMJS6,uopogh
B008H40LG4,uopogh
B0042SSQMU,uopogh
B0B77Y2T4S,uopogh
B084JS1DXL,uopogh
B082MSVWVW,uopogh
B07G3KVZT3,uopogh
B07H42MZZJ,uopogh
B00GTZWD1Y,uopogh
B07RX8PLR2,uopogh
B01ACBHMEI,uopogh
B003868FJG,uopogh
B09HVB22ZR,uopogh
B09BN3LMCL,uopogh
B0BVRTV57X,uopogh
B0BMXNLS84,uopogh
B0B4J6S3LT,uopogh
B0B1549PZ5,uopogh
B09Y5FCZXG,uopogh
B08Y14LVQS,uopogh
B089YC4B28,uopogh
B00IMEP2QI,uopogh
B00FBQAXA0,uopogh
B00FGED110,uopogh
B08DDDMVLQ,uopogh
B0787HBYX7,uopogh
B08N2BZZTZ,uopogh
B06XQNXDZ3,uopogh
B010E1PEQO,uopogh
B09TRN2PZX,uopogh
B0948BK5D4,uopogh
B07CVXCBLY,uopogh
B01N0D1CML,uopogh
B0BXPLVWT4,uopogh
B09LQSQCGX,uopogh
B000E75E8C,uopogh
B098R7S94J,uopogh
B0CYTC83S1,uopogh
B08KLXB8KC,uopogh
B079C5K7CF,uopogh
B009H9ZBT0,uopogh
B01N94B724,uopogh
B01ABDENBW,uopogh
B001EMB2A0,uopogh
B009CQIW1M,uopogh
B07JDW29Y2,uopogh
B0D8721M8P,uopogh
B0843HDC1B,uopogh
B095RT4WWW,uopogh
B07PPD6T6B,uopogh
B08G84BWGB,uopogh
B009OVU93E,uopogh
B001P2ZWD2,uopogh
B000IENPWS,uopogh
B0C6SDR9YD,uopogh
B072Q1Z6BB,uopogh
B07PJ23D5F,uopogh
B07L9KPQDS,uopogh
B093ZP61CZ,uopogh
B019W5AZS0,uopogh
B002711V44,uopogh
B0B7R3762V,uopogh
B09VYG6CS7,uopogh
B01C1YH74O,uopogh
B0778XN2Q7,uopogh
B01I122K42,uopogh
B00TY8ZQVW,uopogh
B07PWZDX6F,uopogh
B085CC136P,uopogh
B0C5CR94ZF,uopogh
B0BXB6B9TM,uopogh
B00845ATKY,uopogh
B0000E2VTM,uopogh
B0B31WCW5B,uopogh
B07KFC2V7H,uopogh
B07JP4H1CL,uopogh
B076MNF671,uopogh
B08SWGXDGL,uopogh
B07QRYZ45Y,uopogh
B07X9XCKJ2,uopogh
B01H40309G,uopogh
B01DLPMJ9A,uopogh
B0BXXC8PDJ,uopogh
B0B4BR513M,uopogh
B09ZP68BNG,uopogh
B07NDJ4TRX,uopogh
B07R85T9X4,uopogh
B07RP1PR13,uopogh
B01LY2NOQN,uopogh
B01MSRE1FC,uopogh
B0BG4XWZQJ,uopogh
B09G2DM9BW,uopogh
B09BTJVFC6,uopogh
B07M79JJW2,uopogh
B0D73DZRGJ,uopogh
B071LGPYVH,uopogh
B0CC5ZJ9WS,uopogh
B09DBYJLRM,uopogh
B08RZ38171,uopogh
B085KV5193,uopogh
B003F125SQ,uopogh
B000CORT9O,uopogh
B0DHVQZDLC,uopogh
B07W67WYQS,uopogh
B0DDBPQY96,uopogh
B09P3N5HGP,uopogh
B0D4R17GYG,uopogh
B0BXZ87BPQ,uopogh
B0BNPRRFZG,uopogh
B08R299MNK,uopogh
B087G5MFN1,uopogh
B08VSCWYZR,uopogh
B009AGDYOY,uopogh
B01COA90SQ,uopogh
B0B2X2BGD4,uopogh
B09FXXDGRJ,uopogh
B00HNS1PA6,uopogh
B0CT29V9BN,uopogh
B0797YSVHR,uopogh
B004RDONIQ,uopogh
B099ZTVP3Z,uopogh
B00ZRPQTD0,uopogh
B08JGV17JS,uopogh
B07PDV135V,uopogh
B0DK4Q1DBG,uopogh
B08DRCYP2F,uopogh
B0B5KB7HRQ,uopogh
B076MRW1H2,uopogh
B0DKJR893P,uopogh
B08P4S1F13,uopogh
B00S8J0E9C,uopogh
B07H91488K,uopogh
B0BBSRY5H4,uopogh
B004N7TB4W,uopogh
B09K835RV4,uopogh
B00504QUQY,uopogh
B06XGQGC61,uopogh
B08R3CKHX8,uopogh
B09H1LF54L,uopogh
B083TG19K1,uopogh
B0CKXZZLH2,uopogh
B01MSYS8VU,uopogh
B07QHKJ77B,uopogh
B0CRH9XRT8,uopogh
B076FJZKVY,uopogh
B09TVQ7TJ2,uopogh
B07KRGPWBF,uopogh
B0CCW3QFTP,uopogh
B0C77Z6F6D,uopogh
B003WE9872,uopogh
B0D1W14CRT,uopogh
B009GGTM30,uopogh
B0BVZ99NJZ,uopogh
B000I19I7C,uopogh
B08Q3RYNPF,uopogh
B0BBRXDZ8W,uopogh
B09JKNFYLD,uopogh
B0CT4QD7QW,uopogh
B079SK56H8,uopogh
B0725B4R5J,uopogh
B0CKZF5RN3,uopogh
B08MVJ5Y8Y,uopogh
B08575Z3Y2,uopogh
B08R77SFSM,uopogh
B07X3WF49J,uopogh
B0B5SJY3BJ,uopogh
B09BK6ZGQ7,uopogh
B0C7M3J5WN,uopogh
B08PVB5XFF,uopogh
B0C7Z9VZKL,uopogh
B0BDKTGWMC,uopogh
B07W4WWYY8,uopogh
B0CDJPBTBQ,uopogh
B0B73RKS3B,uopogh
B09WYYFDYB,uopogh
B09Q3QVP4N,uopogh
B09BKTBV8P,uopogh
B08LZ14SBW,uopogh
B07J5Q9W6C,uopogh
B0D5QQWB3Y,uopogh
B0CFZDRRBM,uopogh
B0BKLMS6DC,uopogh
B0BGPP1J6D,uopogh
B0BGKKXYQS,uopogh
B0B5857F43,uopogh
B09L16YMTY,uopogh
B08X9P6RKM,uopogh
B01GMZ5AP6,uopogh
B00GN8625A,uopogh
B000EEND0G,uopogh
B09FD8B5YY,uopogh
B07MJCGW5G,uopogh
B074JDYN28,uopogh
B0B6Q9QBRV,uopogh
B07MD9PDPT,uopogh
B01M6UVR1X,uopogh
B07N6MJ51V,uopogh
B07TG9JMJS,uopogh
B01I9NGYO0,uopogh
B00DS4Q1IK,uopogh
B009AG9Q3C,uopogh
B07GYBN2FN,uopogh
B0CQ4H8HWL,uopogh
B00005BX4Z,uopogh
B0DBH7QCXT,uopogh
B0C7QD1V2Y,uopogh
B079T2JC2W,uopogh
B00P2BB2PE,uopogh
B0BXMST456,uopogh
B089GLM4WM,uopogh
B07M8P4HTJ,uopogh
B09561CXSZ,uopogh
B07CN2C93T,uopogh
B0CFS65LM4,uopogh
B08NPMZ16T,uopogh
B091NTD9JJ,uopogh
B07PYZCF81,uopogh
B08KWMVCP3,uopogh
B00QB1MEVA,uopogh
B0CHYR8YL1,uopogh
B08B42F1TB,uopogh
B0C6Q3SZD3,uopogh
B0C282T6YZ,uopogh
B089N886V7,uopogh
B0BX7GH721,uopogh
B0CPJMJLFC,uopogh
B085NM5JGR,uopogh
B08JGX56SL,uopogh
B07GL9W1VQ,uopogh
B078SKQXZ7,uopogh
B01CZOI53M,uopogh
B09HSMNFKS,uopogh
B0035LKIZS,uopogh
0692164308,uopogh
B07DKRRTHS,uopogh
B0833JZZY8,uopogh
B096HYFWKS,uopogh
B005GEYS94,uopogh
B0CYGVKTGY,uopogh
B00HDNGXAS,uopogh
B08FHD2PGQ,uopogh
B071GC28QT,uopogh
B00C0OH2R8,uopogh
B01J47HFWA,uopogh
B0CP8RCKQM,uopogh
B07RL4MS6V,uopogh
B07RQSDBPX,uopogh
B0875X4DS6,uopogh
B087CJQHVQ,uopogh
B000BYCTWW,uopogh
B0CGR8RJRD,uopogh
B0CQ4SQJKX,uopogh
B07FV1G3W3,uopogh
B0D7ZP1CYV,uopogh
B07CZKGFFM,uopogh
B0B3SGK7RT,uopogh
B083WKDJ3G,uopogh
B07S8GX3Q4,uopogh
B00OOEYKSG,uopogh
B0C1HLNVX9,uopogh
B0BN5QLHWL,uopogh
B09XW26S1P,uopogh
B09P837ZYJ,uopogh
B08BT29YCT,uopogh
B084CYCFLZ,uopogh
B07MDDCHNB,uopogh
B07HKGKQQF,uopogh
B09QFZ6W9L,uopogh
B089X23DL7,uopogh
B086WYJSVC,uopogh
B000QNMKTK,uopogh
B0D2SYNW5L,uopogh
B0D1TYR2KD,uopogh
B0CW6DCT1W,uopogh
B0CVNDJTYH,uopogh
B0CVNBLS2D,uopogh
B0B9XMML2X,uopogh
B0B8QHMXNB,uopogh
B09KNL5SW1,uopogh
B092HYGNYQ,uopogh
B091SM5MVS,uopogh
B08YNMV6N8,uopogh
B01HSRVAEC,uopogh
B01BY1K4EA,uopogh
B01A0HMFJQ,uopogh
B08MT5N52D,uopogh
B000R37Q02,uopogh
B09XB63D6X,uopogh
B00L4O8TR2,uopogh
B0BL19YBZ9,uopogh
B005DL7LF8,uopogh
B0977ZRFVW,uopogh
B07KFQGXV5,uopogh
B01FU1BHG4,uopogh
B000N3IA6A,uopogh
B011D0DS2M,uopogh
B00JWX2XLA,uopogh
B0C9V4614W,uopogh
B0C34YC5XM,uopogh
B07GD8P1ZH,uopogh
B075VRDS53,uopogh
B081MWSBDG,uopogh
B01I2MKWGO,uopogh
B000UH1R2I,uopogh
B08BLXDGKM,uopogh
B0888MJR4J,uopogh
B08LB7FY8B,uopogh
B01H2C6XQ8,uopogh
B004INMG98,uopogh
B085VNY9HJ,uopogh
B0995NM413,uopogh
B00PFZC404,uopogh
B07MQJYGSL,uopogh
B0BY674HJX,uopogh
B07S3V5M93,uopogh
B0CGZB8H23,uopogh
B08QMBJC4G,uopogh
B07VSMFPB9,uopogh
B095MS4SPR,uopogh
B08T8WPM5R,uopogh
B08PMH8F89,uopogh
B08DF5PQJL,uopogh
B078KYYQY3,uopogh
B0CLF75RC5,uopogh
B09Y562666,uopogh
B09LCX64H9,uopogh
B09CK6XZW5,uopogh
B07QV9H1SN,uopogh
B07K76WBXV,uopogh
B07B2RR1HW,uopogh
B079NTC2FT,uopogh
B005LA9ZQE,uopogh
B0010OFE1A,uopogh
B083QVYMJH,uopogh
B01AUMUNQ8,uopogh
B001E4AQHS,uopogh
B09CLT4GB6,uopogh
B008BUJVA6,uopogh
B0B3T6CMMY,uopogh
B0CZF328YX,uopogh
B008FOQ32W,uopogh
B000ROFXDI,uopogh
B01789DR4G,uopogh
B0CN6MNXSS,uopogh
B07D6DMXZL,uopogh
B08CZQ4QJQ,uopogh
B01JKRCC18,uopogh
B0C7QBZBMR,uopogh
B01MSQTEUY,uopogh
B086MF736T,uopogh
B002ZP0QFM,uopogh
B088BV24XR,uopogh
B00KASJ2V0,uopogh
B00O7CY4ZY,uopogh
B083GC8WWG,uopogh
B0B27VY6MZ,uopogh
B092PYP1GW,uopogh
B00TBEPWEA,uopogh
B0BNZYS13L,uopogh
B00EP05MP4,uopogh
B0B31ZXGR3,uopogh
B086QK72QB,uopogh
B0BPXV8GB6,uopogh
B082KV855B,uopogh
B0BBM4Q6K9,uopogh
B09ZNRMPHT,uopogh
B0031OTIUK,uopogh
B07TRM9F43,uopogh
B06XXGGN6D,uopogh
B0018SJLFS,uopogh
B0B1Q81CN9,uopogh
B01LYBQUP5,uopogh
B08RMDG6ZP,uopogh
B096QHXKRX,uopogh
B08X7K6ZZB,uopogh
B008L11DVA,uopogh
B00DAUYOF4,uopogh
B01KGFF6GG,uopogh
B08LNPC6CZ,uopogh
B0B94N7BM7,uopogh
B086TT46FM,uopogh
B097FCNC3F,uopogh
B08JV4HSZY,uopogh
B07QSCJKG6,uopogh
B0BGR6MQ1F,uopogh
B09HJYJF4X,uopogh
B08GZGD4FF,uopogh
B01N5UXE19,uopogh
B07Q55H98D,uopogh
B07ZJSTRFR,uopogh
B07H8PNHRC,uopogh
B08578PFPF,uopogh
B0C9QLPG7H,uopogh
B0B52H6NQG,uopogh
B07V1J8V25,uopogh
B00OBTK682,uopogh
B09WGW2ZL4,uopogh
B01G97XZ40,uopogh
B00LJOJDWW,uopogh
B01BW0V2DK,uopogh
B0CGMJD4HL,uopogh
B08LGNQ7R4,uopogh
B09WYV3CHT,uopogh
B09XGJH2RH,uopogh
B06XZMJDT8,uopogh
B001J4K43Y,uopogh
B0007ZG9T4,uopogh
B0BGJFCT6M,uopogh
B003ZLLAZA,uopogh
B08M85C2HN,uopogh
B01LXDARMZ,uopogh
B07V8W5QS8,uopogh
B0006V7Y8Y,uopogh
B06XH9GB75,uopogh
B07QDB6DJT,uopogh
B0B74TC2ZX,uopogh
B09B7VFWWD,uopogh
B0C7THMCQH,uopogh
B01CHRS1RC,uopogh
B01BYKCIHW,uopogh
B00WBC17N4,uopogh
B07GSRDL6H,uopogh
B01MQGJSPI,uopogh
B08YJHLBVN,uopogh
B00C2DLTR6,uopogh
B07T44BK21,uopogh
B09X9927Q3,uopogh
B08X6S1TRW,uopogh
B0163L5ZUY,uopogh
B0CD79FFZX,uopogh
B0BTD52J7S,uopogh
B01MQX93QP,uopogh
B0D4DY959M,uopogh
B0CKPKNWP2,uopogh
B0969WVW8M,uopogh
B08TGF3N62,uopogh
B082XYYBR6,uopogh
B00KLO5F78,uopogh
B005UMBISG,uopogh
B0D9NNCWGL,uopogh
B09C9SNSDT,uopogh
B08GX3PP15,uopogh
B07NPM9C49,uopogh
B078G81CHS,uopogh
B073B1P2JV,uopogh
B07S5QWD3W,uopogh
B08R66HF8W,uopogh
B0BGX98LD7,uopogh
B08P51DPYK,uopogh
B01L4WHP0A,uopogh
B0CY2F7P8Q,uopogh
B08NBZXGZ2,uopogh
B0016BJA3K,uopogh
B07D7WCT75,uopogh
B08D34TSQQ,uopogh
B006QXF2QC,uopogh
B07RG73Z4K,uopogh
B079RL8S2W,uopogh
B075G64S7D,uopogh
B073XGGG4V,uopogh
B09CSY1CYD,uopogh
B09DP5L9QM,uopogh
B08PC318MN,uopogh
B01J46HEO0,uopogh
B0CCNGH9DS,uopogh
B09HXKCK6K,uopogh
B083WLLSQK,uopogh
B07FNXGCF6,uopogh
B0DFPQBNWH,uopogh
B08VFSZDHY,uopogh
B08VDMKF14,uopogh
B08T189Y5J,uopogh
B089DXTVRV,uopogh
B00WJ3ANXK,uopogh
B08TBW7RYV,uopogh
B08PHSXV4M,uopogh
B076C6XNSS,uopogh
B0BNTWS22F,uopogh
B09T9MDYPB,uopogh
B097XXZB6C,uopogh
B092LX53D2,uopogh
B08ZKQPRYM,uopogh
B07DNJ9VJX,uopogh
B01N2OJLFF,uopogh
B0D2SXZC3D,uopogh
B0CQBZ6TP1,uopogh
B0B8M1WP98,uopogh
B08XQFDJN3,uopogh
B08DGSRTK6,uopogh
B089SYYN9V,uopogh
B0878ZTT6X,uopogh
B081VYGNDQ,uopogh
B07W1615BC,uopogh
B073QGPQT1,uopogh
B00PO14ZRE,uopogh
B083ZL7RWW,uopogh
B07PWBYWBX,uopogh
B07B87FJF5,uopogh
B01C5TFNPA,uopogh
B0932TB3Z6,uopogh
B07VQPCQM1,uopogh
B01BLPDEVY,uopogh
B097QGXBYY,uopogh
B08C8JMTLM,uopogh
B0C5XGNMSB,uopogh
B097XXG18S,uopogh
B01BFJDTW0,uopogh
B089Q44M5P,uopogh
B09V2D4Q73,uopogh
B08K91L6Y6,uopogh
B00EWLNMGC,uopogh
B07ZL1CGSN,uopogh
B07RLMK3XH,uopogh
B076P7C1HN,uopogh
B004SIILGU,uopogh
B08N5MQBXL,uopogh
B083WLN45B,uopogh
B008YQ4ZLM,uopogh
B09C2KH233,uopogh
B07F6YLHKC,uopogh
B00ZSE93LA,uopogh
B005IN5W48,uopogh
B0BGBXS4CJ,uopogh
B0BFWVPMF3,uopogh
B08QF1CKH7,uopogh
B0B5QZDSTQ,uopogh
B0B4K1G7SB,uopogh
B07SH6YHKC,uopogh
B0BSLYC1YZ,uopogh
B07VXB8CJ7,uopogh
B001BE3UM4,uopogh
B000C2ALVO,uopogh
B01KKI9GTM,uopogh
B07ZHQ12ZV,uopogh
B000AS45LC,uopogh
B09HZP8XJ9,uopogh
B01LWZDM25,uopogh
B01MQDL3WO,uopogh
B07ZGJ1RFW,uopogh
B000E7RPZM,uopogh
B001V2Y3GS,uopogh
B00Q5LQWO6,uopogh
B003Z948DS,uopogh
B08QW69454,uopogh
B0C39RPXLL,uopogh
B08K1NJVKM,uopogh
B00AHNS5HK,uopogh
B07BPQXJB4,uopogh
B09VCP5G72,uopogh
B074H8311L,uopogh
B076ZVS8P3,uopogh
B08WPL344Z,uopogh
B003AK3S2E,uopogh
B093X4SSK3,uopogh
B087CKY8SV,uopogh
B07ZTB326B,uopogh
B0787KWZPS,uopogh
B01N3LF9UG,uopogh
B07K7XXV9F,uopogh
B07FD4B9RY,uopogh
B00HGH05FU,uopogh
B0C1N2MLR1,uopogh
B07P7ZM7JN,uopogh
B000H96B70,uopogh
B09D6ZDDRJ,uopogh
B07GNWGNPR,uopogh
B0BBRMC5S5,uopogh
B000G72W1C,uopogh
B00M4GHAQK,uopogh
B000C01APC,uopogh
B07D45BLRN,uopogh
B07KV6XNHN,uopogh
B07CJ8KG41,uopogh
B0DQBW5B4Y,uopogh
B0CGLXS2VX,uopogh
B0BP9CRVF7,uopogh
B01MYGJI6N,uopogh
B08JHTWNL3,uopogh
B09RQCT68S,uopogh
B006O1VRY2,uopogh
B0B4WF5NBL,uopogh
B007LHITGC,uopogh
B0C3GWJ53N,uopogh
B0BNLBS6XF,uopogh
B00IYPIEBA,uopogh
B00MV8MWEQ,uopogh
B0CZ5S6VY5,uopogh
B08Y89XLWF,uopogh
B07ZG19Q8W,uopogh
B01D2QH5QU,uopogh
B00AFALKEU,uopogh
B08XYYNG1G,uopogh
B08ZCK31P9,uopogh
B07C83T2TY,uopogh
B0CWYCXJBH,uopogh
B01CGT96T8,uopogh
B0BVGZPSV8,uopogh
B0722QH3F4,uopogh
B01N2V5KHQ,uopogh
B08PZ8G5GF,uopogh
B0BTB9BM48,uopogh
B08JSHKGT1,uopogh
B07FWS5T1L,uopogh
B07Z5XXRS8,uopogh
B0B3D3LDWS,uopogh
B084DBP9XB,uopogh
B08QW5J752,uopogh
B098G4THNH,uopogh
B06VVBRKVZ,uopogh
B0845WJQCK,uopogh
B0CM92CW4Q,uopogh
B07VLY45RW,uopogh
B012ID4XAE,uopogh
B074W8FCPP,uopogh
B08RBR7R4M,uopogh
B08MB3T5Q6,uopogh
B00Y14O40S,uopogh
B09CKMZ8DV,uopogh
B074FXY9P7,uopogh
B0CQRDT8Q4,uopogh
B01J26HR9Y,uopogh
B000N5UKU2,uopogh
B07V6G6DVV,uopogh
B006X8TYQ4,uopogh
B095PBM5X8,uopogh
B008FKKNMC,uopogh
B0CC64D1R9,uopogh
B091BXTK7T,uopogh
B00GRRJ8J4,uopogh
B0CN6BFGNV,uopogh
B01MTL0PJ7,uopogh
B0CGCZG3N6,uopogh
B072VY38CD,uopogh
B0BSYSY2GW,uopogh
B0B8SC4KC6,uopogh
B06XXCP2G9,uopogh
B0CL4CCFC2,uopogh
B08TDWNV36,uopogh
B0B4BPPP3T,uopogh
B07WV6N3GK,uopogh
B00735I65G,uopogh
B08FK7J42B,uopogh
B086R97ZF7,uopogh
B07RFBM7CT,uopogh
B06Y5P9SYN,uopogh
B07MTQ9RQM,uopogh
B088HH1GPY,uopogh
B01N30EWPO,uopogh
B07S598RV5,uopogh
B09DSZ3LFW,uopogh
B01FI1XXC2,uopogh
B0B8TCKX6F,uopogh
B01NCSRTK7,uopogh
B088LL6VG4,uopogh
B082DNW8ND,uopogh
B0BRT6WLVW,uopogh
B08P71DCSM,uopogh
B09BKDPXJH,uopogh
B083NRF3F8,uopogh
B07BFXCK9D,uopogh
B00XASV3TG,uopogh
B092V2315Q,uopogh
B08B6CDL17,uopogh
B07KXMLCL2,uopogh
B0BD228JJ6,uopogh
B09N19JNS2,uopogh
B08LQ7828T,uopogh
B081PC123C,uopogh
B01MY6NH6P,uopogh
B01LW4HE7I,uopogh
B00NCWCA4C,uopogh
B000VYHX1E,uopogh
B0C9W92W25,uopogh
B0CQZ3DYMW,uopogh
B078NFVSGY,uopogh
B01DKHGVZC,uopogh
B003Z0DCLG,uopogh
B0C287TM3J,uopogh
B09NC9QDL7,uopogh
B08Z1RPW9T,uopogh
B07R6H8VGW,uopogh
B07F3RBFXC,uopogh
B09JZKK3KS,uopogh
B098TT4HFT,uopogh
B08ZC8FGH9,uopogh
B0BYCGT792,uopogh
B09NSL6HFV,uopogh
B078XKHXWR,uopogh
B0776XXNBR,uopogh
B0187VZ7IS,uopogh
B00WW5HRGG,uopogh
B00CBKPRKK,uopogh
B0CFX461ZX,uopogh
B09PJ2HVHN,uopogh
B09G494TYB,uopogh
B087QGSGWV,uopogh
B07DC72DX1,uopogh
B00534NRYE,uopogh
B004UOMF50,uopogh
B0CM9395X4,uopogh
B0CJZWLZ93,uopogh
B0CGWK4W3M,uopogh
B0CGWJ1Z51,uopogh
B09N6SRTFG,uopogh
B00005A43X,uopogh
B09JKY4YKF,uopogh
B08NDHJBK6,uopogh
B06WGN776Z,uopogh
B09RMN93SY,uopogh
B00EBSR7CQ,uopogh
B07CY34QG8,uopogh
B07DF5JVDW,uopogh
B0021UGAL0,uopogh
B0CWH3L6NG,uopogh
B0B143Q5QC,uopogh
B07ZZHP4DB,uopogh
B0BTJ8RT2F,uopogh
B08ZQ5RF96,uopogh
B09NNPYRLM,uopogh
B00DV54EJY,uopogh
B007TH6PTM,uopogh
B0DHXC18WX,uopogh
B08YDSSN15,uopogh
B08NC4XNM6,uopogh
B074CNPDJY,uopogh
B0BLP78L8T,uopogh
B089P4BPVN,uopogh
B00DUFPYNU,uopogh
B0CCCQ8BY7,uopogh
B08L566QSF,uopogh
B087CL141B,uopogh
B06XDP42T5,uopogh
B07VRXSHBB,uopogh
B073QN3GVW,uopogh
B00PFY0M90,uopogh
B005VXFCSQ,uopogh
B018ZBH0SA,uopogh
B0899CW2RQ,uopogh
B08SF86HN6,uopogh
B077P3XQQC,uopogh
B0BPLQKFWK,uopogh
B09QC965NY,uopogh
B0B85YF7Z1,uopogh
B08PJWBTL4,uopogh
B0BBJCQCC5,uopogh
B08DXVVKJJ,uopogh
B07RTTFH16,uopogh
B08JZ6K9H1,uopogh
B07Y8TV1P7,uopogh
B07QNMDZ8B,uopogh
B0936N5R56,uopogh
B0B2872GTN,uopogh
B005VRN32O,uopogh
B083K3BFJX,uopogh
B00XAISQC8,uopogh
1957311398,uopogh
B07YS5DX7Y,uopogh
B0BDL53GL3,uopogh
B082V4RLQ8,uopogh
B000GLNFNW,uopogh
B0BMZDRLJN,uopogh
B08NXSWCRK,uopogh
B0CF1D4D4H,uopogh
B08F81WYSQ,uopogh
B0D2FG8836,uopogh
B07WLXJY29,uopogh
B09251KBM5,uopogh
B00162UHL8,uopogh
B00EP06HH6,uopogh
B07BZJC47T,uopogh
B07GQ6LDFB,uopogh
B07R5MQF3W,uopogh
B071ZYDB14,uopogh
B07SDMNZ92,uopogh
B0D4J4KB45,uopogh
B08HCL1QHV,uopogh
B07L9YRWT4,uopogh
B00GS8C0EC,uopogh
B000NNE2GW,uopogh
B0BV4B8GK6,uopogh
B094J3FQF9,uopogh
B001RY61OW,uopogh
B09SG532Q8,uopogh
B01N30JZVA,uopogh
B00XIRH1CC,uopogh
B00BIQER0E,uopogh
B09C5R2KJ3,uopogh
B083R93PV3,uopogh
B01MA6NB83,uopogh
B00KH9F4GE,uopogh
B09JLXQNFS,uopogh
B00794MJD6,uopogh
B09G6M9TW8,uopogh
B0834MCKS7,uopogh
B07Z5KYVHN,uopogh
B01LA47BBA,uopogh
B07TNDB3RG,uopogh
B06VVR2XYT,uopogh
B000VYNPV6,uopogh
B09FXBHVJ8,uopogh
B09BZ1NM3Y,uopogh
B08F7H2PT6,uopogh
B08C52GL47,uopogh
B083LXYBZ4,uopogh
B081S39FCM,uopogh
B07RLLNM18,uopogh
B07CRMTMVR,uopogh
B002APO7RU,uopogh
B09PFSYYJG,uopogh
B088KDDSJG,uopogh
B0719CZY2Z,uopogh
B0CM9BWZXW,uopogh
B0CHJT9WS8,uopogh
B09HN6JVPV,uopogh
B082TF2PDS,uopogh
B09P4XCPNL,uopogh
B097DZ8X6S,uopogh
B0BX619NN7,uopogh
B09P215CNQ,uopogh
B01BW7QHWY,uopogh
B00JAJLYUC,uopogh
B009P8C7B8,uopogh
B0CLLKCF5S,uopogh
B08T5LZSRJ,uopogh
B07HMQNDQB,uopogh
B07C847RYF,uopogh
B071WSZJ14,uopogh
B09GVXWR93,uopogh
B09FV3TZVP,uopogh
B09FB1TLC5,uopogh
B092MV6NXF,uopogh
B08WRL4MBQ,uopogh
B08LC2Y62C,uopogh
B08GQ9G2V5,uopogh
B085M1MJCM,uopogh
B073QG775X,uopogh
B0BWXHXX5F,uopogh
B00BYH6C1E,uopogh
B07N1B25NX,uopogh
B0018N22FO,uopogh
B0747N5NFG,uopogh
B0002YTPZ0,uopogh
B0BYS1314P,uopogh
B06XJ8C8Z2,uopogh
B0017QFDQW,uopogh
B011AO2FHA,uopogh
B09HRVHVYL,uopogh
B0DB1DC6Z2,uopogh
B0B7NQB14S,uopogh
B084Q9ZY2W,uopogh
B00GVHXQDE,uopogh
B07RT4LWYY,uopogh
B0BX4GN7F8,uopogh
B06X9MQRT3,uopogh
B01GFY9Z8C,uopogh
B091V3X5QG,uopogh
B087G2YNR2,uopogh
B07K22JM3W,uopogh
B078JLVZRK,uopogh
B06XC8S45J,uopogh
B00PCL8QIK,uopogh
B00886E6RG,uopogh
B0BBRXK8PH,uopogh
B07S5Z965W,uopogh
B000UYA18C,uopogh
B09VF7PGTN,uopogh
B01KYHSRJO,uopogh
B0191ZFSHO,uopogh
B00KRDIZJI,uopogh
B08K8ZDRNM,uopogh
B08GLQ2XVH,uopogh
B0C7KJZ2XH,uopogh
B0861F67JD,uopogh
B079N6DCSK,uopogh
B09G6B5DTD,uopogh
B08K919D8C,uopogh
B0CT5XWB1D,uopogh
B0B7VNJ5FB,uopogh
B011PU8WYY,uopogh
B088DJK5RZ,uopogh
B07LGT9GNP,uopogh
B08M6M4FX6,uopogh
B00UULGIPU,uopogh
B08FJ4RR1Z,uopogh
B096DW7CQ2,uopogh
B00PHKMSPS,uopogh
B00745IFR4,uopogh
B07S239WPN,uopogh
B08B858FPC,uopogh
B01DB9Z5LA,uopogh
B085WBFZNN,uopogh
B07L4ZQVB4,uopogh
9788075622,uopogh
B08LDVM3Y2,uopogh
B0CC94H2HG,uopogh
B095C1JLJT,uopogh
B0CTCF4PHY,uopogh
B08F4RW5XQ,uopogh
B07QYXB7TX,uopogh
B079VSLGHY,uopogh
B0BR2P8YMQ,uopogh
B089GQLN4P,uopogh
B08HNCSVL3,uopogh
B07TFS9VGW,uopogh
B00BQMIGL6,uopogh
B0847S8P2G,uopogh
B08CPP9MGG,uopogh
B01M12BATB,uopogh
B0BSNZSZ22,uopogh
B0B55WFDYS,uopogh
B004GBMS36,uopogh
B07MW74XFC,uopogh
B00L22D7QE,uopogh
B07XLD1KY9,uopogh
B09G6LMYL4,uopogh
B07QH5SCRP,uopogh
B01MZ68J36,uopogh
B00HTDE9EO,uopogh
B071W2HM1S,uopogh
B0CN6MLRJM,uopogh
B09WY4CBWS,uopogh
B09TTZ7PWT,uopogh
B0CN6LWNHP,uopogh
B07SBXDMZQ,uopogh
B08KHG2Y36,uopogh
B0CN6LNXBG,uopogh
B005SJU3ZA,uopogh
B087B194R7,uopogh
B0CN6KF9BM,uopogh
B0096E7ZGI,uopogh
B07Z8G8CFN,uopogh
B0BZQL29FG,uopogh
B009XUA9ZY,uopogh
B07ZTTGBY4,uopogh
B01MZEDO25,uopogh
B084TFB755,uopogh
B0C2383X2H,uopogh
B07XLBLGW4,uopogh
B00IVAQHYE,uopogh
B0D1238SGH,uopogh
B0BZQGQVD1,uopogh
B07JQXVSY7,uopogh
B004B6OVL8,uopogh
B07J9SGSC8,uopogh
B07BRXQSCM,uopogh
B08BNDFKC2,uopogh
B089LWCXXL,uopogh
B01KYG01G2,uopogh
B014VXAIWQ,uopogh
B0B25QX6WC,uopogh
B0BHX688GM,uopogh
B01AX2M78C,uopogh
B00LNHOFEQ,uopogh
B0BFDWF6N8,uopogh
B0D9WXKD1S,uopogh
B005ZF94VQ,uopogh
B09Q3C9ZVY,uopogh
B07C9TYDR4,uopogh
B0D1G9NMHX,uopogh
B09L49C7H9,uopogh
B07TJGTHD5,uopogh
B081475J2M,uopogh
B08LGMNC6Y,uopogh
B004WE9I3K,uopogh
B00LWU29AQ,uopogh
B0BDKV7G7H,uopogh
B00A4298RK,uopogh
B0C713YJWP,uopogh
B07HF68Y3J,uopogh
B09ZV2KKS8,uopogh
B08F7WBS9D,uopogh
B08G1DDD4X,uopogh
B000ZRXO88,uopogh
B008RQ4YDS,uopogh
B08QTPS7T9,uopogh
B07Q5GWHLG,uopogh
B0BT8KQDY8,uopogh
B083Q1GVF6,uopogh
B09PQMY2JK,uopogh
B09RF9P823,uopogh
B07PJTQGL3,uopogh
B08KXH46DW,uopogh
B0069UVB8U,uopogh
B08MNKXYWR,uopogh
B08FC359KL,uopogh
B074TTHFD8,uopogh
B074FTBWW1,uopogh
B01BKZDWDK,uopogh
B000EH2GDI,uopogh
B0C8SWNDPT,uopogh
B01M1P1VVJ,uopogh
B085QHMC7H,uopogh
B01I3LA5M0,uopogh
B0C7G3G1HJ,uopogh
B0C7CDPVDV,uopogh
B0BB6NZZ3M,uopogh
B09WYMJHSR,uopogh
B09SH6C9WG,uopogh
B08TWPKWKV,uopogh
B07PPP7SN4,uopogh
B0C3VCJKQ6,uopogh
B0BZ3MG9WV,uopogh
B0B6BQLTGY,uopogh
B0953GQMCJ,uopogh
B092BFMPG4,uopogh
B08WJNLSJ2,uopogh
B07Q2BHHRM,uopogh
B07BGYN58S,uopogh
B0D9BG6NBH,uopogh
B0D697754G,uopogh
B0BVHD6HRC,uopogh
B09W4Q7WDK,uopogh
B09W4LJHKH,uopogh
B0012BL8LG,uopogh
B08CVCXTLW,uopogh
B07MBJ18G9,uopogh
B07KDZ431N,uopogh
B07D1KNGLG,uopogh
B09XMT12HL,uopogh
B07G5TQV1G,uopogh
B07H4DDYQ3,uopogh
B0BGQG181H,uopogh
B07PVZ2HGJ,uopogh
B07D4QYL1X,uopogh
B093RCV7WH,uopogh
B0BG25MFJP,uopogh
B0787SH8GW,uopogh
B077W69BQC,uopogh
B09FY86YK9,uopogh
B09TPGXJM7,uopogh
B09N1FYK2H,uopogh
B09KNKXTXR,uopogh
B091TCWPPY,uopogh
B089SK4552,uopogh
B08791BSJ7,uopogh
B07B1NFQHY,uopogh
B0BKTRM96K,uopogh
B00NE66GWI,uopogh
B0C9M145SR,uopogh
B00SS1SNOS,uopogh
B0C8HZG13D,uopogh
B0C9CL8DF6,uopogh
B0BB3BLYZW,uopogh
B07RG83T6K,uopogh
B08ZSX862J,uopogh
B0BLC4QQ3G,uopogh
B008RBFTT6,uopogh
B0CDZXPV4N,uopogh
B084QDVDHV,uopogh
B0DC6LJY1K,uopogh
B07YYHRGJ8,uopogh
B0B41GD6CF,uopogh
B0B4J1T5JD,uopogh
B09XRCF1C7,uopogh
B00DB5NNVE,uopogh
B00LV5260U,uopogh
B00EWOBM16,uopogh
B00BN4QVEG,uopogh
B00NJ3SQYW,uopogh
B07VRXZSPS,uopogh
B0B6Z45FHC,uopogh
B0BPYJ5RSG,uopogh
B0BJFD6KQQ,uopogh
B08DVF5LJV,uopogh
B073F5HPVB,uopogh
B07BJFH158,uopogh
B071KL5WXH,uopogh
B0BZDDGB8F,uopogh
B08XPGBRK4,uopogh
B0C2HGNBJL,uopogh
B09QD55GLN,uopogh
B08KHXTPWZ,uopogh
B0BRD1J3YN,uopogh
B004D5KJJA,uopogh
B003VN85A0,uopogh
B08LGQGGWK,uopogh
B0B5MD8GJG,uopogh
B08ZKTJ8NN,uopogh
B092CV7G5B,uopogh
B00FFJ56CS,uopogh
B0CPFFVM5F,uopogh
B07TJM3GGW,uopogh
B00ULNFVDC,uopogh
B076H1RBJW,uopogh
B01MQCHQHD,uopogh
B09L554B8H,uopogh
B0BMQBHB4B,uopogh
B0BWF42XXQ,uopogh
B01N6PA05B,uopogh
B0BZRW1XVR,uopogh
B08SHYZG93,uopogh
B09N42JRJM,uopogh
B0CG6HCMBJ,uopogh
B005AWXHVM,uopogh
B098SNNLTN,uopogh
B07HNNMQGT,uopogh
B007JOCKAI,uopogh
B08DDGW1GC,uopogh
B09RZMZMVB,uopogh
B09J8PBHYN,uopogh
B0C6B2LW8Z,uopogh
B0C5VMBK8P,uopogh
B0BJDYNCDS,uopogh
B0B14YYP9G,uopogh
B09685PF16,uopogh
B08TGVN88H,uopogh
B0878TPL13,uopogh
B07WZ7SR8S,uopogh
B07N8ZR8XD,uopogh
B07N77RQ2J,uopogh
B00H9036JG,uopogh
B0056B58AU,uopogh
B0BLTPJZG6,uopogh
B07VV6QZ7N,uopogh
B0929C9LHW,uopogh
B017N9GWAW,uopogh
B00KCGE3LY,uopogh
B0BTXQZHGJ,uopogh
B08Z8KSVHN,uopogh
B08YRJS3XZ,uopogh
B0038D8OSG,uopogh
B07ZSWCY61,uopogh
B08SG9QWTV,uopogh
B08HSRPWV7,uopogh
B08DNCFMZJ,uopogh
B0BN5K9B2T,uopogh
B07M5BZRR2,uopogh
B08PNN4163,uopogh
B07VDHRJLX,uopogh
B0822J9M2D,uopogh
B09NV7HWNX,uopogh
B07KMWZQYS,uopogh
B07QV2QK4N,uopogh
B07GHX2M35,uopogh
B0B1ZQNLTF,uopogh
B09LCNC5R5,uopogh
B007OUL8QY,uopogh
B07JW6ZX1W,uopogh
B08TQLLCTR,uopogh
B092185TDR,uopogh
B01G45LCKQ,uopogh
B095M5X7T4,uopogh
B01DFK4YK8,uopogh
B0B1HKQZZ5,uopogh
B07HPCJCVW,uopogh
B0741BTGY4,uopogh
B06XXTX6Y2,uopogh
B0CQCML27P,uopogh
B07NVKVMQK,uopogh
B0B3SHXYTC,uopogh
B07KL4MM6J,uopogh
B0039ZCUCO,uopogh
B07GBDQ3VV,uopogh
B00DYC5K7E,uopogh
B0BC1PKC17,uopogh
B0BX786RJ4,uopogh
B0B2JTH6W3,uopogh
B07P5552PJ,uopogh
B077ST8RKB,uopogh
B01L0J4Z5A,uopogh
B0BN2ZV444,uopogh
B091SPWZPX,uopogh
B084GPS6KR,uopogh
B0BM36R4XK,uopogh
B07YTJ23V7,uopogh
B07RN9F8JP,uopogh
B072224968,uopogh
B0BC7JHFRV,uopogh
B09W63BTY1,uopogh
B09YL4JFFR,uopogh
B09336YV9H,uopogh
B08CBVB2FX,uopogh
B07MP93B6X,uopogh
B008EM88BE,uopogh
B0C4SDWG51,uopogh
B00J9U2OCE,uopogh
B009EC7NCS,uopogh
B00186PSDE,uopogh
B09KYDBNX2,uopogh
B00NY43HPY,uopogh
B0D9LQFRSN,uopogh
B0CVJTJB4J,uopogh
B09BC49M77,uopogh
B08JRWJJDT,uopogh
B07XLP3GZ5,uopogh
B003IFI722,uopogh
B0BYLYC8XM,uopogh
B0849NR2L5,uopogh
B07YFNRRKV,uopogh
B07FYJ4MHT,uopogh
B06Y1HX1H5,uopogh
B01LX1PDET,uopogh
B003N9MQCK,uopogh
B002VMGRHA,uopogh
B0CYZRNNMZ,uopogh
B0CC5ZGJZR,uopogh
B0BZ13BC1V,uopogh
B0BCWTSF97,uopogh
B0B188G87D,uopogh
B07RV7WR9B,uopogh
B07QVF2TT3,uopogh
B078RDZ9S9,uopogh
B0D7VFY3NK,uopogh
B0CNW8V43J,uopogh
B0CBP3P9XS,uopogh
B0C6ZL44CC,uopogh
B0BYNHS87S,uopogh
B09TXKH8RH,uopogh
B0985446CD,uopogh
B0130PYIUO,uopogh
B0CVQNBQC4,uopogh
B0BKL1S767,uopogh
B075XZJW6V,uopogh
B0B1MZ6R9G,uopogh
B0CKMHWP42,uopogh
B000VOJB50,uopogh
B094CPCL6K,uopogh
B08NLJXDCK,uopogh
B0CJTDTR8Q,uopogh
B0DB23BR8Q,uopogh
B0C6Q67TT6,uopogh
B00N3YPOUG,uopogh
B0BTHJDHRR,uopogh
B0DLGKVR68,uopogh
B0BTBWYSYQ,uopogh
B07H39ZWY5,uopogh
B0BW8D56HG,uopogh
B07PPCWWLX,uopogh
B08X49YZ7Z,uopogh
B0788V21G7,uopogh
B07MYTQK46,uopogh
B0DH1K553B,uopogh
B0CSL6ZCWX,uopogh
B0002WRRSO,uopogh
B0859NRQ2P,uopogh
B00884PA32,uopogh
B095NQV6Y5,uopogh
B0D8J9BH34,uopogh
B07MYV4KD3,uopogh
B08LB169VS,uopogh
B09MF2LP3Z,uopogh
B09M3PTFFQ,uopogh
B09DGM7W3K,uopogh
B092MXCG5W,uopogh
B092MVSQ5C,uopogh
B0831BMM81,uopogh
B09YD6B9Q5,uopogh
B0BHC2S7G5,uopogh
B01871AHTC,uopogh
B07XLTJN6T,uopogh
B09TQVJKGB,uopogh
B08XQWPFJY,uopogh
B09L55YLJC,uopogh
B00E5P5WO0,uopogh
B074928XP4,uopogh
B087JYRPMZ,uopogh
B075GJ8136,uopogh
B01NAWN07W,uopogh
B09KP1NQH3,uopogh
B0BJ28DS24,uopogh
B0D3KZDCJ5,uopogh
B09F2WM3XQ,uopogh
B08R6ZH8S3,uopogh
B0D2J231V4,uopogh
B0CJBZ8LYK,uopogh
B0BZ91H1P6,uopogh
B0CZ9FL4KB,uopogh
B0CR752CLT,uopogh
B07DGYGGSF,uopogh
B07JZR5HMM,uopogh
B09445MXV7,uopogh
B00PDGXI0U,uopogh
B00EIJRUCU,uopogh
B0CNJZVKH8,uopogh
B0899W4VBP,uopogh
B08GLNQLDK,uopogh
B09JBFB2Y7,uopogh
B094DJRG4C,uopogh
B08RHTFR5R,uopogh
B0D1CTWY8R,uopogh
B09GRTMRFG,uopogh
B09MCHJCYS,uopogh
B08F9P1MVF,uopogh
B07PP9TPRZ,uopogh
B0CH1BXCY7,uopogh
B07PXWCPS1,uopogh
B0B27V5RZ2,uopogh
B08KSLDV7J,uopogh
B07JZFCC22,uopogh
B07956K6NP,uopogh
B00NEU2INA,uopogh
B099X835JG,uopogh
B091F5LBJS,uopogh
B01158Q4HS,uopogh
B0BLZMR77K,uopogh
B071G26344,uopogh
B099ZDX7Y2,uopogh
B00TPLG44Q,uopogh
B0C588QZ5W,uopogh
B09QLV7Y7X,uopogh
B09K9757Y9,uopogh
B0B3M82JZF,uopogh
B08NVLT6JK,uopogh
B0CKP5FD53,uopogh
B085GM2HKF,uopogh
B077MT43VT,uopogh
B09N4XJFS7,uopogh
B005UMCAK6,uopogh
B0C6Q18YFV,uopogh
B07ZL5ZG81,uopogh
B0BHSMJGM2,uopogh
B09V1TGT2R,uopogh
B07DNR6RK1,uopogh
B01EOM4W4O,uopogh
B004DKKZNK,uopogh
B0DGTC53RM,uopogh
B0CW2RHQGW,uopogh
B0CSF43Z63,uopogh
B0CLDCVJTZ,uopogh
B08JSHRVGB,uopogh
B087N7M3YM,uopogh
B07YBRJD64,uopogh
B075B6BPXL,uopogh
B0719PPHVY,uopogh
B00R6ZX4GE,uopogh
B016UC3IS2,uopogh
B00V5I6S16,uopogh
B0038KVYJ0,uopogh
B0C9TB1TBK,uopogh
B07TP5PZ67,uopogh
B01649C5J4,uopogh
B0002YVIQ4,uopogh
B0CH42MKKB,uopogh
B0B8Y75XQL,uopogh
B00Y1U4M3Q,uopogh
B0CKXDBXBY,uopogh
B0BRRYJDVF,uopogh
B09MRJGX6N,uopogh
B09DYFNWKS,uopogh
B085HJGKP4,uopogh
B0797KWGFB,uopogh
B0105VOPJU,uopogh
B01N7HRONK,uopogh
B01MZY238J,uopogh
B078RHKJMW,uopogh
B09PZHWH3M,uopogh
B0BRZ7K4VM,uopogh
B01ACRGV8K,uopogh
B08L6CPFNQ,uopogh
B0CCZMW3QG,uopogh
B07W7XNVLT,uopogh
B01AMXT6SG,uopogh
B0B1LMDNSX,uopogh
B0031575ZO,uopogh
B0C9SWGVCV,uopogh
B078G9QVND,uopogh
B09GV3GSPD,uopogh
B00C8W7X9Y,uopogh
B096MD7SR6,uopogh
B01N1RMK0X,uopogh
B09QXSZLD1,uopogh
B01DL8ODCS,uopogh
B07566YMMW,uopogh
B0CZ4H6676,uopogh
B0D238TWLP,uopogh
B0C6FMV9WY,uopogh
B01HMNCRLC,uopogh
B000AM8C5I,uopogh
B09YLWBFVK,uopogh
B09KN4MRL4,uopogh
B00K85G1GO,uopogh
B0BLVCTXZ9,uopogh
B07RM49MCH,uopogh
B0D721YPH4,uopogh
B0BN8WGHQV,uopogh
B0DH2JCJ9X,uopogh
B088FCFNTR,uopogh
B003LM63KK,uopogh
B0BYND519J,uopogh
B010NUA8CG,uopogh
B0042WWMA8,uopogh
B098WSX74S,uopogh
B0C24R9S22,uopogh
B017I5K26G,uopogh
B016PF084Q,uopogh
B09XWNMVV1,uopogh
B08XNH1YN9,uopogh
B0BJX97L5S,uopogh
B0BKY4RWNZ,uopogh
B0C5WTFR45,uopogh
B07R1PC8K2,uopogh
B09DD17QW8,uopogh
B00OYR7OXQ,uopogh
B07ZMPLNDT,uopogh
B08HMN3MF2,uopogh
B0CJNTK6VL,uopogh
B0C6WFL12P,uopogh
B00IPIWQLA,uopogh
B0D9LX86L8,uopogh
B071PDGN2H,uopogh
B00C505WCE,uopogh
B0CZP64LVL,uopogh
B00NG789Y8,uopogh
B08J7M1MPL,uopogh
B0D7VP6TLN,uopogh
B0BHTR99X8,uopogh
B07M5ZJVJT,uopogh
B0BQQP75HK,uopogh
B01FSICWOK,uopogh
B01MZFKX8B,uopogh
B0B4CPVHGL,uopogh
B009DHFI80,uopogh
B08XF7BWV7,uopogh
B0006967ES,uopogh
B00GR6MPKE,uopogh
B09BG92DW9,uopogh
B096T7JKNY,uopogh
B0C1H59KSQ,uopogh
B01IPP2TX2,uopogh
B09KX8Q6HK,uopogh
B0BXFSSL7H,uopogh
B07MB3BTMG,uopogh
B075ZXSXH1,uopogh
B0859NCFRN,uopogh
B09GLW1MRG,uopogh
B08CN64XF7,uopogh
B0CQ5K4CM1,uopogh
B018M0ST2U,uopogh
B09L1NVZW7,uopogh
B07RQ8CRNZ,uopogh
B0002HNNL4,uopogh
B09ZYNWTKJ,uopogh
B07F33N6L9,uopogh
B09HMXJ2ZD,uopogh
B0B9N26FLK,uopogh
B01MS6HO05,uopogh
B0CJCGN7BB,uopogh
B01LYWCHSY,uopogh
B09XJ58V8H,uopogh
B09H6Y7B8Q,uopogh
B09777TQF7,uopogh
B0928D1S9R,uopogh
B07P6MBB35,uopogh
B01F5X1HJE,uopogh
B01DT4XHP8,uopogh
B003BF87YM,uopogh
B09WB148SX,uopogh
B07WNND8KD,uopogh
B07KXCNS54,uopogh
B07KFZ88X7,uopogh
B01HGCOXC0,uopogh
B0DKY113LS,uopogh
B09YL5KQRF,uopogh
B09JKHFJ55,uopogh
B0973G718Q,uopogh
B00AANK33G,uopogh
B07FKWHG16,uopogh
B093BQ9CWQ,uopogh
B071F9VKSH,uopogh
B07Z6PCWH7,uopogh
B01DYX4JAG,uopogh
B086113SMH,uopogh
B07QYTPTG1,uopogh
B08NXWGKT7,uopogh
B0833NJH7C,uopogh
B0C1G5DQ2Q,uopogh
B0CH4YL2L9,uopogh
B07WNPK6MH,uopogh
B076BNLDLS,uopogh
B09CF3XPQ1,uopogh
B07TP4VTMJ,uopogh
B08XP2BQ29,uopogh
B07X7DV496,uopogh
B01HOVQLCI,uopogh
B09SW77ZZ6,uopogh
B089SD42YT,uopogh
B078749HH5,uopogh
B06Y2DTDLN,uopogh
B0CG137Y5N,uopogh
B0B8TLB7KF,uopogh
B0B3CKVWT8,uopogh
B09VT5N7RM,uopogh
B09LCW474N,uopogh
B08298PD98,uopogh
B07R2YWWVQ,uopogh
B001DZX7C4,uopogh
B07SY9V4CJ,uopogh
B00VT6DIJO,uopogh
B0CWMT6Q7F,uopogh
B00RAWXS2S,uopogh
B0D8HZ3Q1T,uopogh
B0CNR2D9G3,uopogh
B07VNHN8MM,uopogh
B08MWMC5CP,uopogh
B009ZBSBMO,uopogh
B005CV6E66,uopogh
B091X56YTG,uopogh
B07K8669Z6,uopogh
B07SG8FLJK,uopogh
B09GXZRZMS,uopogh
B07WNBBK8V,uopogh
B08W6RSXMY,uopogh
B07DTMXRQF,uopogh
B079FJ21DV,uopogh
B01N1Z63IL,uopogh
B07VYLY26W,uopogh
B0716XMNCG,uopogh
B0CD1KWW78,uopogh
B0819M2VQ3,uopogh
B0C6XGY493,uopogh
B01MQ40K33,uopogh
B0BQ34Y9SY,uopogh
B000HDMUDU,uopogh
B0BWXSLJS9,uopogh
B00BGSFJUG,uopogh
B00W3VRRCS,uopogh
B009EC4Q3W,uopogh
B01MUNVJB9,uopogh
B012U3FNT2,uopogh
B00TU49QZ2,uopogh
B0CW2J5QK1,uopogh
B0CPSCF5YR,uopogh
B0C8M4QP43,uopogh
B0BFDT6DTD,uopogh
B09VDFQJ57,uopogh
B086KYJXFR,uopogh
B01A7QYGX8,uopogh
B009053DEQ,uopogh
B09CLQ9XF5,uopogh
B002LMLCFW,uopogh
B0BKZXM3SK,uopogh
B0CY82ZJK7,uopogh
B00HXOI3U0,uopogh
B09H74Z4FS,uopogh
B01M2WN2RF,uopogh
B08L5WQTBL,uopogh
B09MCR1XL1,uopogh
B09GP4T74B,uopogh
B091ZD9VJ3,uopogh
B08CZYZN2G,uopogh
B0CCCP3X54,uopogh
B07LCWLM52,uopogh
B0BFC248JS,uopogh
B0B5HX4397,uopogh
B0749JVQ43,uopogh
B0117PHGP8,uopogh
B07PKXC4ZT,uopogh
B0BM61TTLW,uopogh
B017ES1OVO,uopogh
B00L27AAJQ,uopogh
B0766692NX,uopogh
B0BV27NPJW,uopogh
B0B1L8PD1C,uopogh
B07CHLMDKP,uopogh
B00KVRY6KC,uopogh
B09JS96GYM,uopogh
B098T2VLFG,uopogh
B08P2QPP2F,uopogh
B087B85YHY,uopogh
B0CJ4GF8R1,uopogh
B0B5NHMDDC,uopogh
B08WJWTJPS,uopogh
B08MK4K9HQ,uopogh
B08862JVVJ,uopogh
B085LCC5WN,uopogh
B0C5F4V2TP,uopogh
B09HLBH3TX,uopogh
B08YYFNKRZ,uopogh
B08X3L93PF,uopogh
B08M66XFCQ,uopogh
B089SF4CT1,uopogh
B00NWF7YHW,uopogh
B0C3GL5W7C,uopogh
B09F2CR1Q2,uopogh
B093Q96ZL3,uopogh
B091M6F1TZ,uopogh
B0BGLCF1FT,uopogh
B0BFFK9BMN,uopogh
B0B7Z6TGDN,uopogh
B07P6Z7TV3,uopogh
B005TLWJI6,uopogh
B0B71WRQZW,uopogh
B087JYCBCF,uopogh
B07Q64CFGV,uopogh
B073G32D1L,uopogh
B08319RCYC,uopogh
B0792DX7WN,uopogh
B09YDP3S5Q,uopogh
B00HWWK9UU,uopogh
B01DVJ66H2,uopogh
B083TBT8CP,uopogh
B0892LWGK7,uopogh
B0BN8D5VHR,uopogh
B01I289OZ8,uopogh
B0744PHLRR,uopogh
B07MQK95KF,uopogh
B09R8YX1CC,uopogh
B0BVLZVQJ4,uopogh
B0C2V4TMD1,uopogh
B0C4K6711K,uopogh
B098T6X68V,uopogh
B0CXGPM1FH,uopogh
B08SF95BL2,uopogh
B09NFDGBR5,uopogh
B08FHZMJH7,uopogh
B0C8J6YLM9,uopogh
B00DUQOA2K,uopogh
B0BF535T9S,uopogh
B08MQDH8S4,uopogh
B01N2SBEK6,uopogh
B00065CZ7A,uopogh
B003KJC2F4,uopogh
B00SK9J1BM,uopogh
B06XGXJQ2Y,uopogh
B07Y9RX99K,uopogh
B0044SEK0A,uopogh
B01N3UYYWZ,uopogh
B0CMGLGGWY,uopogh
B07X85ZZ82,uopogh
B0CM3KFX4X,uopogh
B0859VRSRX,uopogh
B08G891C7W,uopogh
B0BS3XRD8R,uopogh
B09PZTZ1L8,uopogh
B08J2D8GPM,uopogh
B08V1RKT7G,uopogh
B08BKNFHKB,uopogh
B087FYTMC9,uopogh
B011MOW8U2,uopogh
B003T07QKU,uopogh
B08SSCZSNX,uopogh
B083NJKY3X,uopogh
B0784R6LJT,uopogh
B00BR4K2RE,uopogh
B006Y404R0,uopogh
B00380IQGO,uopogh
B0BFF5LG3Y,uopogh
B08ND87Q4J,uopogh
B085BP21VG,uopogh
B000IE6V0Q,uopogh
B0D3PRLJGQ,uopogh
B0C1ZL65G1,uopogh
B0BHQN52S8,uopogh
B0B7RMGVP2,uopogh
B0B2KPKSJS,uopogh
B09LCW1S16,uopogh
B09J1ZQ9J1,uopogh
B08L1V2NHX,uopogh
B084WMMPNK,uopogh
B075B4WT9P,uopogh
B00DXORLT8,uopogh
B07XVVKFVH,uopogh
B084Z75N58,uopogh
B00KFFQIFG,uopogh
B00GGI6OLO,uopogh
B0CH9LY2VV,uopogh
B09KV1BT8P,uopogh
B0CFF1766Y,uopogh
B00J0HCDTA,uopogh
B08J5SBK3V,uopogh
B0C4M9QR6S,uopogh
B09B2HRLVB,uopogh
B096YLDN3C,uopogh
B0CGTZPSWP,uopogh
B07MYVJ4SH,uopogh
B07VWL69LY,uopogh
B09HVC7YX4,uopogh
B09XJZ77BV,uopogh
B00RWK1TIS,uopogh
B07NBR63QY,uopogh
B0728NY6XK,uopogh
B0758ZMRZD,uopogh
B009WCRDH0,uopogh
B08CV3HFQV,uopogh
B01MCRSMPZ,uopogh
B07TN5NHY6,uopogh
B08NQ5CPPG,uopogh
B082HSNNWD,uopogh
B075ZX9G4H,uopogh
B01AAP3GVE,uopogh
B08FCS155K,uopogh
B08NMRGYCB,uopogh
B09K41V8HQ,uopogh
B089747C6S,uopogh
B0B5HC85G6,uopogh
B07L44HRM7,uopogh
B003VK8Q20,uopogh
B084CS3DCH,uopogh
B07NQJW6R2,uopogh
B085JXS2TC,uopogh
B07HQHYYJY,uopogh
B093RBNMC5,uopogh
B0B87TBHT3,uopogh
B01IIGOAC6,uopogh
B01GWO9E54,uopogh
B088FJD6D5,uopogh
B0BFD6ST16,uopogh
B08ZYPPNLC,uopogh
B0792K5D1S,uopogh
B0D45Y45TN,uopogh
B098SWH71G,uopogh
B00FN7UQVS,uopogh
B07BC1QGXG,uopogh
B0874X1S3Y,uopogh
B0817PPFJT,uopogh
B07H2KHM87,uopogh
B0D6RHKHJR,uopogh
B09GXJ1L3H,uopogh
B0BC1DLVNZ,uopogh
B0011O0YDW,uopogh
B07RWX27M9,uopogh
B07XXYDWSX,uopogh
B003C182FO,uopogh
B0BRBTJHM5,uopogh
B07KVYFXN6,uopogh
B08P5398XB,uopogh
B096LNK2JC,uopogh
B08QFBHBSQ,uopogh
B09V4YZG27,uopogh
B08RCQD6WR,uopogh
B0867GYNR2,uopogh
B01LYA6Q45,uopogh
B08JCQ41FJ,uopogh
B016DO3UQ2,uopogh
B000AO3H42,uopogh
B0D45BML3P,uopogh
B0CMHPFYCJ,uopogh
B0BFB47SPG,uopogh
B096L92NF3,uopogh
B07VLJ13L2,uopogh
B0BPSM3CS9,uopogh
B09L1P5QXP,uopogh
B07G7FDPTD,uopogh
B09B3C1ZV9,uopogh
B0852TWSPQ,uopogh
B000CKBHCI,uopogh
B0DF1TXBDQ,uopogh
B0D8V68CGP,uopogh
B0CPXZY5Z6,uopogh
B0CHMWFJC3,uopogh
B0B7RMWK4W,uopogh
B09MMTZP54,uopogh
B09LCVS7G5,uopogh
B09JYBNCG1,uopogh
B07QJWSK3K,uopogh
B00BJOIECM,uopogh
B01N7IZMPG,uopogh
B000C238QE,uopogh
B09QXW75WX,uopogh
B0BHX8KW3X,uopogh
B0BJC4NRNY,uopogh
B07HFHXR27,uopogh
B005LX8PSU,uopogh
B0C5LHJ8QJ,uopogh
B0BZC9B3LM,uopogh
B00BYS6T2U,uopogh
B0D4ZBNTYG,uopogh
B08M4FD4WR,uopogh
B08ZHP4KJH,uopogh
B087X7D35Y,uopogh
B0CSSJ87MS,uopogh
B0CG2LYC36,uopogh
B004D46T5O,uopogh
B01MQSSL85,uopogh
B004AKN1C0,uopogh
B0DKFKV7N2,uopogh
B0874F52TQ,uopogh
B086H48JTN,uopogh
B08Z7FYSWG,uopogh
B0CCRNR78F,uopogh
B09DYMF94N,uopogh
B091HMFRYY,uopogh
B01IRX0DZ8,uopogh
B00VU7KNDG,uopogh
B004S9SL5A,uopogh
B07HSX6RBV,uopogh
B01BOGU07Q,uopogh
B00D3XVH0I,uopogh
B07MJ7QL3K,uopogh
B07VSY9MSC,uopogh
B072MK922G,uopogh
B07MJP4ZQV,uopogh
B0CCCLSRMC,uopogh
B01LXJ25R7,uopogh
B08HVM5RHV,uopogh
B07RHWKWFP,uopogh
B005LY5F6Y,uopogh
B00O1HKYMW,uopogh
B0050ILYRA,uopogh
B06XXFVJXS,uopogh
B005ZEQKYQ,uopogh
B08MZZ3WTX,uopogh
B09XGSXLLJ,uopogh
B00NL4DCIO,uopogh
B01800KJWA,uopogh
B07JCD6GNK,uopogh
B011H3WEA2,uopogh
B0BVPH7NHP,uopogh
B0B47RTXKY,uopogh
B08NFZ28TF,uopogh
B0BRD368SV,uopogh
B0000AXY97,uopogh
B0763JJ6J4,uopogh
B09ZYSYPKL,uopogh
B08KLDLNDL,uopogh
B08QCFJ7JC,uopogh
B09334BTSC,uopogh
B07YC9KVVR,uopogh
B083K37988,uopogh
B08QMM2MND,uopogh
B000F630II,uopogh
B07KBBRLJ6,uopogh
B091P7KDMS,uopogh
B01C393K2K,uopogh
B0BZVN3T5F,uopogh
B0CNLR168G,uopogh
B09QG46SKW,uopogh
B0BMF4RGWH,uopogh
B08X68R9HY,uopogh
B0BJ2L78RK,uopogh
B00LBHEP3O,uopogh
B008RBRR32,uopogh
B08CDT29MN,uopogh
B088NS2VTH,uopogh
B07CTBT5C9,uopogh
B07CGZ19K4,uopogh
B088R489F4,uopogh
B08LMWKRJZ,uopogh
B01N4PFU1H,uopogh
B001KNWD9C,uopogh
B076CVRCGM,uopogh
B0CSK6DQ3Y,uopogh
B0BBRKKK7W,uopogh
B08CHK97XN,uopogh
B07LBJ44G4,uopogh
B00BCOWXA8,uopogh
B0BT8MSDBC,uopogh
B0BZYNMY88,uopogh
B0CZ91S4KP,uopogh
B084L7K532,uopogh
B00BISHVAA,uopogh
B07YCZD1KH,uopogh
B072JTXD9D,uopogh
B07FZ5YKXT,uopogh
B004P4H9CE,uopogh
B09ZQSQQHC,uopogh
B08R74NTNV,uopogh
B0BZCJRJML,uopogh
B08PZ111VC,uopogh
B000C01AV6,uopogh
B07CTM9755,uopogh
B0BC3QPYPC,uopogh
B0BB6N5G4P,uopogh
B07JQ7P6RD,uopogh
B00FJ98XJC,uopogh
B09252CTSV,uopogh
B09DYKPM3W,uopogh
B08CNFGR52,uopogh
B085N11BDJ,uopogh
B07P625YQL,uopogh
B07DKRP5JC,uopogh
B01M2U9SOJ,uopogh
B0CRSMM2H9,uopogh
B0BN5P2655,uopogh
B08PVZQMM2,uopogh
B07D79M4FJ,uopogh
B00O53HXAI,uopogh
B08PHWY7D5,uopogh
B07FB8WM5Y,uopogh
B0CRQ6Y61D,uopogh
B09WQNBVP1,uopogh
B08JYZD5XY,uopogh
B07KB9VV2Y,uopogh
B00PM9AZ1S,uopogh
B07L91L8QQ,uopogh
B00L4GW0JI,uopogh
B005F19WJ4,uopogh
B0CZ3XH4LW,uopogh
B082NVYTF4,uopogh
B07M93DH43,uopogh
B07W7WPPF2,uopogh
B01NGTABAJ,uopogh
B0DJ2CS3F5,uopogh
B07SH3Z8P9,uopogh
B01LX1EO3W,uopogh
B07B3LXZJ9,uopogh
B09LD44ZXS,uopogh
B0948GHN1D,uopogh
B08GCBKH5F,uopogh
B08T5QQ1F6,uopogh
B014I5KQOC,uopogh
9881450950,uopogh
B07DWMQWFG,uopogh
B000C20ZHE,uopogh
B01MDTCT2F,uopogh
B00BJ4EF0C,uopogh
B09FPZLRLS,uopogh
B009EU8T96,uopogh
B008L0AH4U,uopogh
B0C6GF67CW,uopogh
B079NJ9ZWR,uopogh
B09H1JR7P8,uopogh
B0973G8JT1,uopogh
B0883GNH2G,uopogh
B01N21S6VY,uopogh
B0000223UD,uopogh
B0C2JY5H31,uopogh
B08W1MNN6N,uopogh
B01MCX8UZT,uopogh
B00SYFSYPQ,uopogh
B0CC61W4HD,uopogh
B094NB4F8R,uopogh
B07WSNS677,uopogh
B07H5SZCFR,uopogh
B019TCRD36,uopogh
B0DF4D4MCZ,uopogh
B0BQ2WWJCZ,uopogh
B0B152FGSL,uopogh
B09R8YJQHJ,uopogh
B09JBC5NM5,uopogh
B09J8WZ6PT,uopogh
B09FTN3V9G,uopogh
B09JLQCS71,uopogh
B084ZQVW1W,uopogh
B0934L83KP,uopogh
B0BQVD84MC,uopogh
B07BKMWX7D,uopogh
B09HRRZ8WT,uopogh
B0BRD1CFM2,uopogh
B07DQN1G3H,uopogh
B0BM8W88F8,uopogh
B0D3TDWMZ8,uopogh
B08RQTTNQ6,uopogh
B000PT191U,uopogh
B07Z9KGG5L,uopogh
B007X49RVE,uopogh
B07R5S8S1Y,uopogh
B0BFBVHT4R,uopogh
B07WLZDHYR,uopogh
B01MUEF9QB,uopogh
B072JKYD65,uopogh
B07XXFMTGC,uopogh
B07Z1JD4PN,uopogh
B07MVX9DXT,uopogh
B08VND63NQ,uopogh
B01DOEPFNU,uopogh
B09VTJRGBJ,uopogh
B0BT73XYQG,uopogh
B0CQ4HPK64,uopogh
B0D9JWW2M5,uopogh
B07PX3ZLTQ,uopogh
B08NVLC5TY,uopogh
B09R9YG4QZ,uopogh
B085Q74N2M,uopogh
B00CZ4L2AQ,uopogh
B09FZGN6SY,uopogh
B005FA0QIG,uopogh
B082MS5ZJN,uopogh
B08BTNJ764,uopogh
B009L6P19E,uopogh
B097QH7TWZ,uopogh
B004XZETTG,uopogh
B000X1EOTO,uopogh
B00LDFFCE0,uopogh
B00021MRK8,uopogh
B07CSDSSVC,uopogh
B00URZSBOA,uopogh
B07MD3HFRJ,uopogh
B084DQ4RFV,uopogh
B00TVIOMQA,uopogh
B0D2LT8Q5C,uopogh
B074BH7NTX,uopogh
B097BG1FXP,uopogh
B00HZNT9AW,uopogh
B0813S4T4D,uopogh
B0BWHKM33P,uopogh
B074BM3B68,uopogh
B01N9OVQMV,uopogh
B00JB2JYI2,uopogh
B00RW5RV08,uopogh
B0986VFBWQ,uopogh
B000C01AP2,uopogh
B0C5VZZ8Q2,uopogh
B0DN2JPK8H,uopogh
B07TDJCKHF,uopogh
B01NCLFCYV,uopogh
B00271FK5A,uopogh
B0052EF720,uopogh
B07P5637QM,uopogh
B08QYKNTQ2,uopogh
B07VPB4QC4,uopogh
B0BJV1GCR6,uopogh
B074CPW4DJ,uopogh
B07X4C9R1M,uopogh
B08TX566KW,uopogh
B07S68CXJD,uopogh
B0C8PN5369,uopogh
B08HY1YYKJ,uopogh
B07SY9PCZ5,uopogh
B07G9K6GCY,uopogh
B07J4VWP1M,uopogh
B08GJZV7KB,uopogh
B07RB571Q1,uopogh
B087Y79MMH,uopogh
B004V0I4ZS,uopogh
B08DVBMXXW,uopogh
B08225J551,uopogh
B07J9TBHPL,uopogh
B0017T0KLC,uopogh
B098713JBR,uopogh
B01N5MTNDO,uopogh
B08GKLBFF8,uopogh
B08GF7BPPT,uopogh
B014WT7GFG,uopogh
B08H1VTMP3,uopogh
B0BW5GKPGV,uopogh
B09V58VL9K,uopogh
B09RBB3L3J,uopogh
B088D5P4WN,uopogh
B005DC0IRA,uopogh
B0B7N2Q1NQ,uopogh
B08R38C93J,uopogh
B007USQZWM,uopogh
B0DGTNN4B6,uopogh
B0BKKMDFP3,uopogh
B09MFHXP1L,uopogh
B07PMDDM4B,uopogh
B07K361FLJ,uopogh
B0D7ZXR8QG,uopogh
B0D5Y1K5Z2,uopogh
B0BL757KQ7,uopogh
B0BKK4ZCFW,uopogh
B09XB811V7,uopogh
B09TPCHSWQ,uopogh
B09SH8F1M6,uopogh
B0751Z1NKW,uopogh
B0B1TTRVCC,uopogh
B09QD61MGG,uopogh
B0C6SYHNVF,uopogh
B089JZJN71,uopogh
B076BDY5XH,uopogh
B08XC1Z4SS,uopogh
B07G7H33TX,uopogh
B0CFFW11RD,uopogh
B0B75JJQ9Q,uopogh
B07QJFW4VT,uopogh
B07D4CHHMW,uopogh
B01N311XXS,uopogh
B00Y0O3MMK,uopogh
B087RP7L5J,uopogh
B08FHHWZSL,uopogh
B084KRB3CC,uopogh
B00QAFDHQI,uopogh
B00101KWYW,uopogh
B08GYLD2QY,uopogh
B07QPWDJ2Q,uopogh
B0C45TRCXP,uopogh
B08X659QGT,uopogh
B09MYR85LK,uopogh
B089F845DS,uopogh
B07VQF2YL6,uopogh
B008OVHP4G,uopogh
B000CIOM54,uopogh
B0CJZXZQR9,uopogh
B0C3GGBFZL,uopogh
B0BT9RT865,uopogh
B0BJZ2DS4K,uopogh
B0B87C6X6T,uopogh
B007EWP908,uopogh
B01M0ZRXRN,uopogh
B0B97ZLV46,uopogh
B008U83PFQ,uopogh
B08W5HH5FD,uopogh
B071ZZLFQR,uopogh
B0CWRPVW79,uopogh
B0884ZCFVP,uopogh
B00829A61O,uopogh
B09WMJ83N3,uopogh
B00QHURLCW,uopogh
B01MXSD6B8,uopogh
B0DKT4CFDD,uopogh
B0001Y91DW,uopogh
B01N6SZ742,uopogh
B003GISCDK,uopogh
B0CKH5QDFH,uopogh
B0BJ15B5P9,uopogh
B0C3NK52XQ,uopogh
B00HCZ0XBM,uopogh
B07G4V5PGJ,uopogh
B07PLDRCGW,uopogh
B0888CBD7B,uopogh
B001MS6WKQ,uopogh
B000KC0XJQ,uopogh
B07ZKR2RPJ,uopogh
B07RJ45B78,uopogh
B00STHFARY,uopogh
B09J1B126P,uopogh
B0DC1T1F36,uopogh
B001QVQH7W,uopogh
B002BQ4VBU,uopogh
B07JX5YDW5,uopogh
B005CKC68M,uopogh
B0DHP5ZFLR,uopogh
B083JJRHH6,uopogh
B07FF8W76Z,uopogh
B008EQIOMS,uopogh
B0BJPJKHZV,uopogh
B0C4Y498W6,uopogh
B0BWGS8N5T,uopogh
B0CJJB4HXQ,uopogh
B0BVYYKQMX,uopogh
B0083RO3VE,uopogh
B08LSJQJ2W,uopogh
B009JCWJ2C,uopogh
B096L3DDJ3,uopogh
B01BVY2TWA,uopogh
B014RUOSF6,uopogh
B08GR62ZDR,uopogh
B0042FUBSK,uopogh
B01L9HUG38,uopogh
B09NLDX721,uopogh
B004NG90Z8,uopogh
B0009PURIQ,uopogh
B08JH6W566,uopogh
B09F19GDWN,uopogh
B007KDXH5U,uopogh
B07V6HLXZR,uopogh
B0B9GCJYF4,uopogh
B092LBZFBS,uopogh
B07255QCN4,uopogh
B071CPH9Q2,uopogh
B00G8QKAFU,uopogh
B0BMQKMH9S,uopogh
B0CCY5XQ48,uopogh
B0CR1NKM1H,uopogh
B07HF1CFNH,uopogh
B0D3D395SF,uopogh
B0B5TMDN52,uopogh
B0BZFQT5KL,uopogh
B0931Y4GHP,uopogh
B0B7XSL4TD,uopogh
B08SSRPQW1,uopogh
B013F9WFVO,uopogh
B00HS4YZB6,uopogh
B0D2KQD41B,uopogh
B00KR9ZI3S,uopogh
B09N1FF8FQ,uopogh
B0031CC2MS,uopogh
B08F8W9Y9F,uopogh
B001THCJB6,uopogh
B09ZK9FKHQ,uopogh
B0D81679KS,uopogh
B00Y0O3CFC,uopogh
B075Z72FZD,uopogh
B07J3R84N7,uopogh
B0B8T5XJZK,uopogh
B000N7GO3M,uopogh
B00ADPBF06,uopogh
B0D3V4HW1Z,uopogh
B074S74FQC,uopogh
B0CF56GQGF,uopogh
B0C7HLCWLH,uopogh
B089VSYLCL,uopogh
B0B6JSZ4P4,uopogh
B0CZJPG76V,uopogh
B0BSVMST3C,uopogh
B0086E23JI,uopogh
B00827Z0JE,uopogh
B0BX952F7D,uopogh
B0755H39HB,uopogh
B07R1XBWY9,uopogh
B095165RF4,uopogh
B086WDJ4MC,uopogh
B01J4LBAW2,uopogh
B000N5BV5K,uopogh
B086Q2GQHL,uopogh
B086L2VX97,uopogh
B091CPYTH3,uopogh
B087SFN4LR,uopogh
B08YYDW8WD,uopogh
B015VJPPNG,uopogh
B00QVZK60W,uopogh
B0924NNS3X,uopogh
B083TKCPZR,uopogh
B0BNMT13QF,uopogh
B06XH1GB26,uopogh
B003YZ20O2,uopogh
B06XQ5FXHJ,uopogh
B011WT29HO,uopogh
B00KRUZN6O,uopogh
B007I017VQ,uopogh
B0038L5CZ6,uopogh
B07G5QDNGP,uopogh
B0083RON78,uopogh
B0CLZZC6FS,uopogh
B08SJDR649,uopogh
B084GVLXSF,uopogh
B00THMGGZK,uopogh
B0BHH8LX6V,uopogh
B07GNQPJ8N,uopogh
B0BG44812L,uopogh
B085C1DX93,uopogh
B07FCM82ZJ,uopogh
B01BIVVU44,uopogh
B0BD5XGZKZ,uopogh
B08FDYBWRP,uopogh
B07FCMNSHC,uopogh
B0BJDLVNNC,uopogh
B09PK5X7L3,uopogh
B082KSRLDK,uopogh
B0D3Q8DZQY,uopogh
B0CNC2F7G4,uopogh
B0BJ91NZQP,uopogh
B08RBM8S61,uopogh
B0DQC2Z3VW,uopogh
B0DQC12J9R,uopogh
B0D6QYVR24,uopogh
B0D41TG8LL,uopogh
B0D2PD2JD3,uopogh
B0CS5MQRN5,uopogh
B0CR5C52GJ,uopogh
B0CKW2WR6P,uopogh
B0CKT5SZHS,uopogh
B0CJG2S9KQ,uopogh
B0CJ7CHDCY,uopogh
B0BRKTQZZF,uopogh
B09PFXR5SG,uopogh
B09PFXB46G,uopogh
B09PFWNVXM,uopogh
B09664P7DQ,uopogh
B0949QPBJT,uopogh
B0842H46XC,uopogh
B07RBVV6RN,uopogh
B07KQWKB3N,uopogh
B07H8YWHQZ,uopogh
B07FP5X11G,uopogh
B01LWRKR54,uopogh
B003B1BZXQ,uopogh
B01ITL88ZA,uopogh
B088GSC89B,uopogh
B09RCFN8JG,uopogh
B018LRUDUU,uopogh
B0161PG4Y8,uopogh
B0BZ2VJ84B,uopogh
B0CL4NLBQF,uopogh
B07CQ5P94W,uopogh
B01MTZ8EBE,uopogh
B07DHVMTPM,uopogh
B010S5Q0IW,uopogh
B07SXCZWKG,uopogh
B072N49K13,uopogh
B07Y1G7FFS,uopogh
B0D3MDJWVC,uopogh
B010RYBQ3I,uopogh
B01K087Z0O,uopogh
B01IBBKZNG,uopogh
B08HC6WCCT,uopogh
B005IV6E9M,uopogh
B09SL491F6,uopogh
B07RM1P9Z9,uopogh
B08CTVQ35X,uopogh
B0BC8T4XFM,uopogh
B01L0J0Z3Q,uopogh
B06XJNSTGW,uopogh
B085Q55T1Q,uopogh
B09BC16PQB,uopogh
B0BSP84P3T,uopogh
B0C4P5Y4BQ,uopogh
B0CYC7LTSR,uopogh
B07XF3J1QZ,uopogh
B01GC51XLG,uopogh
B0CHRWLM5Z,uopogh
B07BC9F98J,uopogh
B0795537V4,uopogh
B0040HOKGE,uopogh
B07S4GPM66,uopogh
B0CWQK2YRM,uopogh
B0B64KPJCR,uopogh
B06WVCB862,uopogh
B0C3RVX2PK,uopogh
B07DM6VH2P,uopogh
B00LLL9FXU,uopogh
B00A422NV8,uopogh
B0106BYBPM,uopogh
B07BFYLXZ6,uopogh
B0B6C2VQFJ,uopogh
B09NR8WY8G,uopogh
B0CDNP62VJ,uopogh
B0BPN2Y7XQ,uopogh
B08LRKXC1G,uopogh
B0DBQFWR1X,uopogh
B00OGTOC9G,uopogh
B00CFQ24II,uopogh
B07144ZY8Z,uopogh
B00ENPZE5Y,uopogh
B01L9HVXYE,uopogh
B07PM6Q8D4,uopogh
B0CDNVQ9F6,uopogh
B00EB12AIO,uopogh
B096M37C3V,uopogh
B0040HS3QW,uopogh
B09BP5Q4RH,uopogh
B0CRSPKF5C,uopogh
B09J8V2CXF,uopogh
B08FDG6RT7,uopogh
B0C3T7T9WX,uopogh
B0002AYZUO,uopogh
B01M1V1WP2,uopogh
B077KFNNBK,uopogh
B0843J11JW,uopogh
B0C65SVZLZ,uopogh
B0037TVZZ0,uopogh
B01LXFZA7N,uopogh
B09VH132W3,uopogh
B0064ES7RO,uopogh
B0031XFO2M,uopogh
B000095SGF,uopogh
B01GQS3JAC,uopogh
B0C2P5D5P5,uopogh
B0DC4NQT82,uopogh
B0CP626QNM,uopogh
B07YSTGKMG,uopogh
B09FQCXV8J,uopogh
B08X6R77VX,uopogh
B08L67XB37,uopogh
B0176L1HU2,uopogh
B09KZYVTWX,uopogh
B09SV4TDH9,uopogh
B08TRR3FBY,uopogh
B071HPW81L,uopogh
B07XLCTLRY,uopogh
B08J6R12NR,uopogh
B089KM2SV3,uopogh
B08ML96VR9,uopogh
B00IB1V842,uopogh
B004LGW9N0,uopogh
B00569AEUQ,uopogh
B092ZNXC7J,uopogh
B07DXFLXWK,uopogh
B01BU47P52,uopogh
B0C2YYBLC1,uopogh
B00S5JRZAG,uopogh
B07CL5ZQ2L,uopogh
B0BN3L2ZZN,uopogh
B09ZB2RF8V,uopogh
B01DL4IH2Y,uopogh
B07Z8GVKBS,uopogh
B087SHPYZ4,uopogh
B0861B41VX,uopogh
B0815RTY4S,uopogh
B078QW6363,uopogh
B005BOMJW2,uopogh
B0CCP2GV48,uopogh
B09G2CQ3KW,uopogh
B071HPWJN6,uopogh
B0CDP1VXJJ,uopogh
B0C7H3QX5D,uopogh
B00L72K46K,uopogh
B07BFHC4BL,uopogh
B0BM8LT5FN,uopogh
B0B6VK4YHF,uopogh
B09KB7WKD9,uopogh
B08G1LNCCC,uopogh
B005JBZ668,uopogh
B0BV548NGL,uopogh
B0BKG3KVR8,uopogh
B09QKC54WK,uopogh
B07PXLLWX8,uopogh
B00IKVD02G,uopogh
B000UJAKC4,uopogh
B0992NHCFQ,uopogh
B08SR7XWK2,uopogh
B07XC3B9CF,uopogh
B0BN7MZ65C,uopogh
B00FFHKP3U,uopogh
B001CHHLRA,uopogh
B0DG96MH2F,uopogh
B0D6GCD2B9,uopogh
B0CTZM6L2R,uopogh
B0CSM3CHNN,uopogh
B0CS5K6N7W,uopogh
B0CJHY9BP1,uopogh
B001DNVN5E,uopogh
B08QZ6K4WM,uopogh
B089VX35FR,uopogh
B08CMFNMBL,uopogh
B0936BXLYR,uopogh
B077D31XYM,uopogh
B09ZQ55M72,uopogh
B08K3DH1F8,uopogh
B098RMZY5V,uopogh
B08FCK4G4Q,uopogh
B00R1V66SG,uopogh
B001L1R3PM,uopogh
B016L63GSY,uopogh
B00R1EIMA8,uopogh
B00622K1Q8,uopogh
B0002F7KS8,uopogh
B0CJ7BQYYR,uopogh
B0C16KJP5B,uopogh
B0BQJCSFQF,uopogh
B0B3X7NG1G,uopogh
B09XMKYFBT,uopogh
B09QKCRLVK,uopogh
B09HKBZGM9,uopogh
B086978LQL,uopogh
B084WKY3MB,uopogh
B07TS8CMHH,uopogh
B07KWL35BW,uopogh
B07F45BJRR,uopogh
B01M8KP80I,uopogh
B018M130GO,uopogh
B00CTS7Z40,uopogh
B005CKC5W4,uopogh
B0006HHJU6,uopogh
B094V71KZW,uopogh
B09QLTDS1P,uopogh
B07N8GNMT5,uopogh
B078G7PLVR,uopogh
B0BB1ZCZD6,uopogh
B01MRE4WOW,uopogh
B01EIG6KLE,uopogh
B004IH3HAQ,uopogh
B009L1VUA8,uopogh
B08596YTTB,uopogh
B07CMNND82,uopogh
B0B3F54SLZ,uopogh
B004P81FMU,uopogh
B0C2F5XGZ6,uopogh
B08MZMRXGV,uopogh
B01LZ9V5M5,uopogh
B00GEJX2VU,uopogh
B01C8XR7J8,uopogh
B004H4EBHI,uopogh
B0CK9FWYF1,uopogh
B00AJMPXLU,uopogh
B096D7RCSH,uopogh
B0CGLSZK49,uopogh
B0CQZS7KN5,uopogh
B09XJXB7T5,uopogh
B006QADUXC,uopogh
B08BCMQZP3,uopogh
B005MMN75G,uopogh
B071VT46V5,uopogh
B0CPLNPKN3,uopogh
B07VPRFZ39,uopogh
B01LY87ZZ9,uopogh
B01MR96I32,uopogh
B08FJ2H3SG,uopogh
B0C81CCMTM,uopogh
B006ZYZBMW,uopogh
B08MBQ5VTR,uopogh
B07JGJ2KWT,uopogh
B0BPS9TBL5,uopogh
B017Y451GM,uopogh
B002YR63BW,uopogh
B00KHVWQHW,uopogh
B08DMQJSCL,uopogh
B09NS6TQND,uopogh
B0028PMN3W,uopogh
B01M0KFP4X,uopogh
B09SLKTCM2,uopogh
B083QPH4VT,uopogh
B0B8QL7PXG,uopogh
B00OVAT2H2,uopogh
B07B8BFF6N,uopogh
B00THQ4O1Y,uopogh
B09YYG44R6,uopogh
B0DPM9R9W2,uopogh
B09PMZZ3X6,uopogh
B09CGHT22L,uopogh
B0D6Y97VXC,uopogh
B0C9H2F7PV,uopogh
B00MP1LF42,uopogh
B0BL2HMMXD,uopogh
B0BD85YYGD,uopogh
B0BMQPP3Y6,uopogh
B096LCPK8K,uopogh
B017XLWJK2,uopogh
B09BZDC8CH,uopogh
B0BHYQM956,uopogh
B00Y1KZN0W,uopogh
B07S242C6R,uopogh
B01MG12T0L,uopogh
B0CFQSHL6M,uopogh
B00N5F9NMS,uopogh
B0CCSRCPW7,uopogh
B08T5XH25X,uopogh
B01K6T6XT6,uopogh
B0CF5BPNMR,uopogh
B07N8M4Y2W,uopogh
B09LM8S53S,uopogh
B004DR29R8,uopogh
B08DKB9STB,uopogh
B0BQR6P76Y,uopogh
B0BZQKFY96,uopogh
B0DBVG12R4,uopogh
B0744J2CLL,uopogh
B08MYJJZ3S,uopogh
B0BQSTP24T,uopogh
B073Z55CQS,uopogh
B06Y3MVFSS,uopogh
B08MTHK65R,uopogh
B07SBYDXLW,uopogh
B06WLHPQT4,uopogh
B08KHBNXX2,uopogh
B00D9UDK8W,uopogh
B0CL4MJ1LL,uopogh
B08812FK37,uopogh
B07R182WCK,uopogh
B08P1QNVS6,uopogh
B0B5CJG56F,uopogh
B002WKS85K,uopogh
B00UO4ADNG,uopogh
B07ZSWFFZ6,uopogh
B09TRNLX3Z,uopogh
B07H57SJ28,uopogh
B0BT61CVHM,uopogh
B07XYDG2J9,uopogh
B06XRG1QGQ,uopogh
B085198LF5,uopogh
B094VLZY44,uopogh
B096L3VDGS,uopogh
B08F3LT42W,uopogh
B09NCM4652,uopogh
B0BMGFV6SR,uopogh
B0CQN724GY,uopogh
B00O19B4BU,uopogh
B07MYS5C9F,uopogh
B00W1BT1GU,uopogh
B002DXXE7S,uopogh
B006INRLMI,uopogh
B0B3F493ND,uopogh
B09D5KS2TT,uopogh
B08S6SZ54F,uopogh
B08CHNDJBY,uopogh
B00PKHWLVO,uopogh
B00CSVWUFW,uopogh
B07HM9DMNQ,uopogh
B0025UABMA,uopogh
B01FXTHRSA,uopogh
B09T3L3LFR,uopogh
B08JD7DLRF,uopogh
B09NRD9B2J,uopogh
B000T2DDF8,uopogh
B00449PRJ2,uopogh
B087CKFZQV,uopogh
B08RMRD1B5,uopogh
B01C6DBGV0,uopogh
1839060697,uopogh
B07YL9HLQH,uopogh
B074PN1536,uopogh
B004VIAAOS,uopogh
B017GAGHMQ,uopogh
B0B1J3PWCD,uopogh
B0DC9TLNQB,uopogh
B07N4XPCMD,uopogh
B00BK7M2VW,uopogh
B015RLN1DY,uopogh
B07VM9FMY4,uopogh
B011FPPZ8A,uopogh
B077KFFZNX,uopogh
B01LX8RI1V,uopogh
B07VR51358,uopogh
B097CNQ5W1,uopogh
B07BNVBNDL,uopogh
B07BN2WC32,uopogh
B071JNZHJ2,uopogh
B01HQP54M0,uopogh
B07ZH5WQRQ,uopogh
B07RWY75LC,uopogh
B07CLC6V2G,uopogh
B09SHQBX68,uopogh
B07DNYZCH6,uopogh
B01M12DZLM,uopogh
B0178D18ZC,uopogh
B0B2KZV4LR,uopogh
B089P2LRQJ,uopogh
B07C4YX1HX,uopogh
B07CTPTG7Z,uopogh
B0CCW3HMKN,uopogh
B07ST5NLD1,uopogh
B0B71GSQ6T,uopogh
B07HC87TFC,uopogh
B01D4VJD5O,uopogh
B0B12KSYR1,uopogh
B08R9GVCJW,uopogh
B01N13RLHW,uopogh
B099Z93FGF,uopogh
B0BXKK9ZFB,uopogh
B0735PZW4H,uopogh
B006E5A3PW,uopogh
B002HWRSAY,uopogh
B06XXHP46M,uopogh
B071ZN45WD,uopogh
B09QC7WW49,uopogh
B00JNRMMVG,uopogh
B07NMKWX5W,uopogh
B09BF9N371,uopogh
B08KBNG7SM,uopogh
B09118Q461,uopogh
B0BN3NPQ5R,uopogh
B01IU6SSYK,uopogh
B09QKQTY4M,uopogh
B087ZYJXBF,uopogh
B012U9NCIA,uopogh
B097WD65G9,uopogh
B0921DZ61Z,uopogh
B08QG9PPYY,uopogh
B09M6BSCGM,uopogh
B09DKVHNV4,uopogh
B099X3HRNK,uopogh
B098SBSWQL,uopogh
B091MW7S4J,uopogh
B08ZNCX4WB,uopogh
B07VDH4TGD,uopogh
B00O13PADO,uopogh
B0D5Y34FVG,uopogh
B0D2R9PZW9,uopogh
B0D1GD59LY,uopogh
B0CT8NK1DV,uopogh
B0CDRJYNNX,uopogh
B010F6HLNM,uopogh
B00942X1UQ,uopogh
B0BVBG7YGJ,uopogh
B00YFPQ7YY,uopogh
B09MLRX9R8,uopogh
B09V39RMNT,uopogh
B086S2FFNC,uopogh
B0CD4HZJR9,uopogh
B09288BHDP,uopogh
B000H136JY,uopogh
B0BMLW1LDM,uopogh
B08B8DGLWG,uopogh
B07WPB6HQW,uopogh
B08KSTB3F5,uopogh
B081N85ZH4,uopogh
B07J5TMNM1,uopogh
B0C5XT6FQJ,uopogh
B0C5XQJR4F,uopogh
B0C2JY77GL,uopogh
B09TZV3WWT,uopogh
B09PQ9KF8Z,uopogh
B09LCV1CJK,uopogh
B085PWQKMF,uopogh
B07Z9MNVNC,uopogh
B07STYKB9L,uopogh
B07MW49PLG,uopogh
B07G8NDR3L,uopogh
B07CC9GMM7,uopogh
B000BZZ3E2,uopogh
B000BKD38A,uopogh
B0CDG7LD62,uopogh
B08F4SFB4J,uopogh
B07K7DSYH9,uopogh
B0BX4CNRRK,uopogh
B094QKKGB9,uopogh
B0927GK8ZB,uopogh
B08Z7NP2KX,uopogh
B00S0KNLYY,uopogh
B09Q8J827T,uopogh
B09GV37HB4,uopogh
B092MVQCB5,uopogh
B0D99DGMNT,uopogh
B0CNV9ZL8M,uopogh
B0BPM92Y56,uopogh
B08RHDWTW1,uopogh
B00AX9E3OC,uopogh
B08F44RKT5,uopogh
B07TN1S3KQ,uopogh
B0CW7HF47W,uopogh
B079ZT8ZGS,uopogh
B07RKWF9KH,uopogh
B07CYPQJRM,uopogh
B00H4GG78W,uopogh
B0DPLNL4NH,uopogh
B082G4KS88,uopogh
B07W5FFHZF,uopogh
B07KD7KV4X,uopogh
B07FK4BGXZ,uopogh
B00DE3FIYS,uopogh
B000X4PMRY,uopogh
B0CJW6W8S9,uopogh
B08T23DR2P,uopogh
B09P1BBFP2,uopogh
B099GDCCG4,uopogh
B098CWPKD2,uopogh
B09RNC6BB9,uopogh
B0BVGGGBBW,uopogh
B0D3QR87HT,uopogh
B016B8YZ3W,uopogh
B0CFR8NK8P,uopogh
B0CSDCW9RP,uopogh
B08QMLHL52,uopogh
B06ZZ4Z5SS,uopogh
B06ZYS21TD,uopogh
B00F87742M,uopogh
B004SIFXUC,uopogh
B09F6V1XJC,uopogh
B017N3SW8S,uopogh
B08B2GFJ1C,uopogh
B000VWFOC6,uopogh
B0B8GZ536C,uopogh
B0D8PMLMG1,uopogh
B07V6NLDJ5,uopogh
B004PBIKHU,uopogh
B09FJFK526,uopogh
B09BC2G3V6,uopogh
B09G2C6V78,uopogh
B00GHVO9M6,uopogh
B07MMNYC39,uopogh
B00TE447HU,uopogh
B08ZJTD53Z,uopogh
B01BE5SK6U,uopogh
B09XB68ZB8,uopogh
B0C9M65KH3,uopogh
B0BGV4STT8,uopogh
B07GXW87ND,uopogh
B001U0274Q,uopogh
B09GV54C3B,uopogh
B00D7OCNDI,uopogh
B08GKB95J5,uopogh
B081ZSN2K5,uopogh
B0C9C9NVLL,uopogh
B008PB4FOI,uopogh
B07RJRW75H,uopogh
0578518279,uopogh
B0BZQJRF6F,uopogh
B07YFVJJ2S,uopogh
B006VS0622,uopogh
B0D1FRMTMW,uopogh
1616611359,uopogh
B082BFCTGV,uopogh
B01NASTL52,uopogh
B085W8BT9L,uopogh
B01FV3RDXW,uopogh
B0BTZ7Y4RR,uopogh
B08K92XQVW,uopogh
B00FBMUIA4,uopogh
B0DNMHX531,uopogh
B097TDZ5XQ,uopogh
B096ZRWGPC,uopogh
B0B68TRW3K,uopogh
B003VT5MZK,uopogh
B0BVM7FHBF,uopogh
B0CN8FQC12,uopogh
B0B56FDDT8,uopogh
B013MX1JIS,uopogh
B0002JKE6Y,uopogh
B09HJF2ZK9,uopogh
B0BRWJSLBT,uopogh
B07G9KXHFQ,uopogh
B096FYS3SK,uopogh
B07GB66Z8B,uopogh
B075SKZCVR,uopogh
B07FTMNKNT,uopogh
B07D61QQGZ,uopogh
B0CHRVLJ8L,uopogh
B0754KXV3J,uopogh
B0CFRF6N15,uopogh
B081CHBPNS,uopogh
B01MQDH7KV,uopogh
B0148K37K2,uopogh
B00HFYINSA,uopogh
B00E4MRHSI,uopogh
B00NO1E6TS,uopogh
B081ZSCZTV,uopogh
B00OHISL0W,uopogh
B08Z79T1PQ,uopogh
B099DZV1H7,uopogh
B07WNPQ3ZW,uopogh
B06X6GNV3Z,uopogh
B07X943XYF,uopogh
B07K4J18QX,uopogh
B0BBPJ44RR,uopogh
B0BJVWS5HQ,uopogh
B08H8N4KCH,uopogh
B091T45F7M,uopogh
B09MCYQ3BQ,uopogh
B0028AED1M,uopogh
B08NRN8WTJ,uopogh
B06XX6DLPY,uopogh
B00JWTZPB4,uopogh
B07193L8X6,uopogh
B0BL6NL6DS,uopogh
B0CZPC36GT,uopogh
B01KGRHC0C,uopogh
B0BD5QQ2DQ,uopogh
B09WPSCLGT,uopogh
B09B382JK4,uopogh
B018QDR0DC,uopogh
B01FV0SAY6,uopogh
B07YC6CJGQ,uopogh
B0BGRN5CP1,uopogh
B0013JGG8M,uopogh
B01AO9ZASI,uopogh
B01GSMZQ20,uopogh
B07HNH2FWD,uopogh
B072Q1BKHD,uopogh
B017F02L2M,uopogh
B0817DQLM4,uopogh
B08W9BV633,uopogh
B07VV32QBD,uopogh
B08JD59BDZ,uopogh
B07S6BT43B,uopogh
B07S5KTC6T,uopogh
B0BXTHN437,uopogh
B013XATFU4,uopogh
B0C5RM8RJ1,uopogh
B01726HE94,uopogh
B089S2D3RM,uopogh
B07FSTLNKF,uopogh
B09YQ42B8M,uopogh
B07KCK13GS,uopogh
B083C2DY35,uopogh
B07RWWXN8Z,uopogh
B01M33AQQO,uopogh
B004JARV90,uopogh
B0B58298ZR,uopogh
B09NM533JP,uopogh
B01KI7GFF8,uopogh
B08C7B8GF9,uopogh
B01I5MVH3S,uopogh
B0BG71DGXC,uopogh
B08HJZQ5K5,uopogh
B07K1XTDKV,uopogh
B08RSJRPXX,uopogh
B01CKF7M8K,uopogh
B006TJTOFI,uopogh
B01JQ85YWK,uopogh
B0973F1MQS,uopogh
B09MF4C5VS,uopogh
B077W72S4M,uopogh
B071X5JYXV,uopogh
B0CLDKYL8M,uopogh
B08XWS7KBJ,uopogh
B00FP19LAE,uopogh
B0B9ZR9S4N,uopogh
B076MJWWK9,uopogh
B07CG97PPP,uopogh
B09PRP87SD,uopogh
B0C45ZRHYN,uopogh
B0055DRMT4,uopogh
B0CNQBQZG1,uopogh
B08DSCD3BB,uopogh
B07F946Z1V,uopogh
B0BB2FFDSK,uopogh
B0B4FWR38R,uopogh
B08M186L2B,uopogh
B08BHY6JN3,uopogh
B089QVCVRL,uopogh
B07G5JCNB9,uopogh
B078S5ZL5D,uopogh
B00E9F8V58,uopogh
B0B2T1CSJ7,uopogh
B09CX2WCTF,uopogh
B00QW2M8AU,uopogh
B0DDHDJ5G6,uopogh
B09WY1LKSS,uopogh
B07WWV3PHX,uopogh
B00ZZB0FB8,uopogh
B0CNX1J9FP,uopogh
B0B7WVJXKY,uopogh
B0B2WPQNM1,uopogh
B09QZLWS71,uopogh
B08KSVBYFM,uopogh
B083DY5JBS,uopogh
B07QN524T4,uopogh
B07KDWLWF7,uopogh
B079SFMVHH,uopogh
B01JB0SPEC,uopogh
B0CF93TY5P,uopogh
B0BP77NW8L,uopogh
B07NPZPR1Z,uopogh
B07DWRLGYN,uopogh
B0CSVPTTS7,uopogh
B07ZF48T7Y,uopogh
B09Q8XV5XD,uopogh
B09JGD7WVQ,uopogh
B085XXH649,uopogh
B07NDMVCNM,uopogh
B07DPWTCQ8,uopogh
B09QRXT89K,uopogh
B01GZXFE6K,uopogh
B08PF9RMHK,uopogh
B0CD9DW4HT,uopogh
B09F3FDX5T,uopogh
B07SHX21KF,uopogh
B0C8S1QB4Y,uopogh
B07J66PB9P,uopogh
B077MVDR52,uopogh
B00PULZJ64,uopogh
B0B8M3LX7V,uopogh
B09WY8MQZD,uopogh
B08J7R5X37,uopogh
B085FYXXHG,uopogh
B0000BYCMO,uopogh
B0DBRQ751Y,uopogh
B0CW6C1NW7,uopogh
B0CCW5KKT8,uopogh
B0B8NHT4G7,uopogh
B0B582SJ3L,uopogh
B09FTM2F8V,uopogh
B08ZNBRPXF,uopogh
B08BGB8G1V,uopogh
B085QVQ3P6,uopogh
B083S8RFZ5,uopogh
B07X6GWHRK,uopogh
B07C6V95RY,uopogh
B01N6RDKCQ,uopogh
B01K4R6DY0,uopogh
B01F5LXA3C,uopogh
B00N5UYVZW,uopogh
B08FNQCCCV,uopogh
B003TSMR38,uopogh
B0BFXMKYJW,uopogh
B00ZCFH8HG,uopogh
B0C6M8GFXN,uopogh
B088HFHWLQ,uopogh
B0083H5W0K,uopogh
B094N11VW3,uopogh
B01KFH1EGG,uopogh
B0BVH95FGK,uopogh
B00DQSHTWK,uopogh
B07VSH3Z6Y,uopogh
B011KYOBYA,uopogh
B0BMKP7YYV,uopogh
B0DGKX8C89,uopogh
B078W1NJ5W,uopogh
B07BSN5DGF,uopogh
B08Z7B9LYW,uopogh
B09N37SYPB,uopogh
B08YYG99QP,uopogh
B09Q7Z7HVC,uopogh
B01FMFEPEE,uopogh
B0013JYDF0,uopogh
B0BNH5ZK2K,uopogh
B084WRN1XZ,uopogh
B085B1P649,uopogh
B01N3NWPTX,uopogh
B09CD63CNX,uopogh
B08KVSNNRG,uopogh
B07NJDSKS6,uopogh
B000DZH9XS,uopogh
B0D5LSMTFY,uopogh
B0BY1PX33X,uopogh
B09RDQCQX9,uopogh
B0BHS1WZHQ,uopogh
B0D17NZ6B6,uopogh
B086Z26TXX,uopogh
B07C3WN4HQ,uopogh
B0099QQTWY,uopogh
B07CGCD7JH,uopogh
B00EUCJCG2,uopogh
B0BWQ3XFJN,uopogh
B00KSANBTY,uopogh
B0002YPD1A,uopogh
B0788HYTN3,uopogh
B000RH1758,uopogh
B0875STZPL,uopogh
B01AMOB3AY,uopogh
B088QQ3JZ5,uopogh
B000PS8VK8,uopogh
B06XHLKLB3,uopogh
B07MYS7DXS,uopogh
B00H4HWTEC,uopogh
B0CBGCS57D,uopogh
B002CO2Y4W,uopogh
B00P0KN5GG,uopogh
B073SZJXR7,uopogh
B081MSK1Z5,uopogh
B015DRQ36E,uopogh
B07HLWX1KQ,uopogh
B07MMDGF52,uopogh
B0BL7ML3K1,uopogh
B07KP7M85R,uopogh
B09V2BFSCZ,uopogh
B097F58KH5,uopogh
B08P6R53LD,uopogh
B08H8GTV9X,uopogh
B087Q1ZTL2,uopogh
B0BLJLG5BN,uopogh
B0BD6YHW41,uopogh
B0749BG1D2,uopogh
B07114VSZB,uopogh
B00LN7X920,uopogh
B08HHR79RY,uopogh
B07S18WNCP,uopogh
B073TV97H7,uopogh
B0B5898GBC,uopogh
B09RSRNWXP,uopogh
B09Q2RVGDV,uopogh
B0991SPS4L,uopogh
B074M9XL6R,uopogh
B07RTB2QCL,uopogh
B0BXTN1B5Y,uopogh
B0C2K2FDCW,uopogh
B097BQNJGX,uopogh
B00RYZR3SG,uopogh
B0763ZK56Q,uopogh
B07HWS719Q,uopogh
B00HYOGUM2,uopogh
B0B9HB4SF2,uopogh
B0CXDTP94L,uopogh
B07HR1VTR3,uopogh
B0B1LMN3X4,uopogh
B00L5RLCIG,uopogh
B0BT2677XP,uopogh
B0BR8H7HN4,uopogh
B0BMQ1D2DT,uopogh
B0B7BPGZW5,uopogh
B0B75N7RD5,uopogh
B09NNF1Y2B,uopogh
B09DC9DKHW,uopogh
B08V1277FB,uopogh
B08SK5LDD3,uopogh
B07K7BT5C1,uopogh
B07JNM113D,uopogh
B00G6YHDR2,uopogh
B0CW6CQZWW,uopogh
B0CT8MWPF8,uopogh
B0C5VN1BQL,uopogh
B0C5VMJ1D3,uopogh
B0BZJHFXGK,uopogh
B0BFH9VN4S,uopogh
B09M7VK4G8,uopogh
B092MY8PR5,uopogh
B08XQFMDPL,uopogh
B08QDC6YZC,uopogh
B08P3472F6,uopogh
B084WGTFQH,uopogh
B07XVTN3R8,uopogh
B07DQD1459,uopogh
B076DBZLTN,uopogh
B00B4IFVWO,uopogh
B00A3VBNMA,uopogh
B000C2WIPQ,uopogh
B01CU5Y6JS,uopogh
B0C2CJ1Z24,uopogh
B015Z6MDQW,uopogh
B01AHASKK4,uopogh
B004BN7WM6,uopogh
B0BL11C81Q,uopogh
B00P6NUFJ2,uopogh
B07RGK3FLX,uopogh
B0160TRIS6,uopogh
B09G2YGF3D,uopogh
B094Y38W9C,uopogh
B01B8XJIIW,uopogh
B08QHZN4L5,uopogh
B0D4JDPHW4,uopogh
B0BX9H99C3,uopogh
B0981WK53H,uopogh
B0829VSK6M,uopogh
B0CZCT3J1K,uopogh
B00006JNU2,uopogh
B0C9WDQ3FM,uopogh
B0CDMCLGMB,uopogh
B088T4W2KT,uopogh
B0CCPPH3SP,uopogh
B00C92GH9K,uopogh
B07QRXXQ34,uopogh
B07BBT2ZNH,uopogh
B078W2DC3F,uopogh
B0BHFK774G,uopogh
B0C3QX4F11,uopogh
B0BNLDM3M5,uopogh
B07N96X87B,uopogh
B01DV8J23I,uopogh
B08WVBSGJF,uopogh
B0089HDZYY,uopogh
B08315LHJQ,uopogh
B00ZS3XQN2,uopogh
B0BN1FSCXN,uopogh
B0BNSP8YKT,uopogh
B08QNJRT5H,uopogh
B07VNGQRGM,uopogh
B00REPL81O,uopogh
B00QL4HB4M,uopogh
B0789TB3JV,uopogh
B07VDGJ68B,uopogh
B081LSXKZ9,uopogh
B00YX8KZGO,uopogh
B0C22RSWWZ,uopogh
B014ZOU9E8,uopogh
B0BS142L9P,uopogh
B09XBLSPRH,uopogh
B00QSLNI18,uopogh
B00629W99I,uopogh
B0CLFDRNQB,uopogh
B0040304GI,uopogh
B0085W30DO,uopogh
B082PRT9BT,uopogh
B07NDP7ZTX,uopogh
B0BBH9CJBC,uopogh
B003G5A60A,uopogh
B07NDP7HYC,uopogh
B094YP67SK,uopogh
B06VSQ9FXS,uopogh
B07MYRFJ95,uopogh
B08N3XQDLD,uopogh
B01BHGYJFC,uopogh
B004XUC984,uopogh
B09FZMVJW4,uopogh
B094Q86N14,uopogh
B07YNH1DWV,uopogh
B003XS5SVC,uopogh
B0BYKG4JQR,uopogh
B09HK6VG92,uopogh
B00UVNXJEU,uopogh
B0CG8Y3NQK,uopogh
B0BV5X179P,uopogh
B0B7WTVXK2,uopogh
B09P4WHM1Z,uopogh
B07PG3FGHJ,uopogh
B00AM1Z67O,uopogh
B0BXZ4BJS6,uopogh
B0B5KXBSLP,uopogh
B09NQQFJLG,uopogh
B00KPXGNS0,uopogh
B000IENPX2,uopogh
B07S7152R8,uopogh
B09CNZ7N98,uopogh
B005XUIX24,uopogh
B0C627H7NT,uopogh
B0BQW1XPFR,uopogh
B0BR89MBBH,uopogh
B0BW3V7LRM,uopogh
B001FSJHHI,uopogh
B07Q12WYZ3,uopogh
B01IA97HD0,uopogh
B096XKKSV3,uopogh
B0CZ419VVJ,uopogh
B08TCH9F2T,uopogh
B081331V95,uopogh
B078WYWTNV,uopogh
B0C4PC6CN3,uopogh
B07X2Q2XGF,uopogh
B07MV2YL9J,uopogh
B01KN0T2DW,uopogh
B0BFDLR1YP,uopogh
B078GX5FNX,uopogh
B08CS19VQQ,uopogh
B00GHO0D4G,uopogh
B00J3PKK5S,uopogh
B003I4EJZC,uopogh
B005FYNCJW,uopogh
B0C9PTKN7J,uopogh
B07SRR8C72,uopogh
B00MOV0EXQ,uopogh
B08GJYQHKS,uopogh
B09JS8C44S,uopogh
B08T98M567,uopogh
B0048923JU,uopogh
B00I8CAA5M,uopogh
B099ZVBDTP,uopogh
B004B4066E,uopogh
B0BC1FM2GS,uopogh
B002H9XHNE,uopogh
B004WCJI6E,uopogh
B09TKYRGHC,uopogh
B0CPSBM3VH,uopogh
B084T56BF8,uopogh
B076YGFMNZ,uopogh
B08NVPTBQM,uopogh
B00AMNCYNQ,uopogh
B007WDT40A,uopogh
B09RX2MZX5,uopogh
B0CGZZFDXH,uopogh
B00T1S6C5E,uopogh
B0C4L6VHF5,uopogh
B07L4K78X4,uopogh
B081D6Y6HC,uopogh
B0CHTWR29C,uopogh
B01FWQ1OIS,uopogh
B001DYJZIA,uopogh
B01KCSURKC,uopogh
B08GYLB55H,uopogh
B07NXX5JL8,uopogh
B09ZSPK3HZ,uopogh
B091TD11WC,uopogh
B07997QV4Z,uopogh
B002MQ7ERW,uopogh
B09Y2WVJ59,uopogh
B0013C2TZS,uopogh
B0BXRXZBD2,uopogh
B07MXN546R,uopogh
B0C5XHJ8QG,uopogh
B096MW2PFQ,uopogh
B007SMJ82E,uopogh
B07DWNGSG1,uopogh
B00FZG8Z56,uopogh
B09R3XSC6H,uopogh
B09NM696J2,uopogh
B0B6VBJ9ZT,uopogh
B084NB5TPD,uopogh
B07YSSML54,uopogh
B09C2L81G4,uopogh
B078P7GK14,uopogh
B07456X6BG,uopogh
B001TESH9W,uopogh
B0BMLNJ16V,uopogh
B09RZWJ67H,uopogh
B0895P45BY,uopogh
B07W85RZCF,uopogh
B00B5QL09S,uopogh
B0CDRSV118,uopogh
B0BVVPFXJB,uopogh
B0BPMH2B14,uopogh
B08NG2S3XS,uopogh
B07XS881XM,uopogh
B0C9ZXPWWY,uopogh
B0B4ZFJXRH,uopogh
B07W85SF3F,uopogh
B0057FDDQ6,uopogh
B0DHVNMVS3,uopogh
B08HXVTM6W,uopogh
B083XCZSDX,uopogh
B07J4NXQXK,uopogh
B0756JWQY3,uopogh
B08XWC68VY,uopogh
B07MR3M78G,uopogh
B0B62Q81F9,uopogh
B08G1GCCCP,uopogh
B083CDD83Z,uopogh
B01GI66SDM,uopogh
B0096DK87C,uopogh
B0D3V18QVG,uopogh
B0BM852B7K,uopogh
B01BQLL49W,uopogh
B014JWD222,uopogh
B000VUBZVM,uopogh
B01DPVJ6FK,uopogh
B00H2VU9CY,uopogh
B09TS452XX,uopogh
B0CCW7M9RK,uopogh
B07JKV245P,uopogh
B09Q5Q4LFM,uopogh
B005TFSDF0,uopogh
B0C3M4DYJW,uopogh
B0BBB1ZZYG,uopogh
B0719WXWFV,uopogh
B00N122L5Q,uopogh
B07W62CCL2,uopogh
B0BMKB3L47,uopogh
B000T3OV1C,uopogh
B01NCZLLI5,uopogh
B0844RMPKM,uopogh
B09X9FWDXK,uopogh
B09PD8VDX1,uopogh
B09P55NFY9,uopogh
B08SJV7R8S,uopogh
B07H3D3QJM,uopogh
B0D99XZP6T,uopogh
B0D2SXD4JG,uopogh
B0CTK4CMCY,uopogh
B0CT8LC3DJ,uopogh
B0CCNC7QRS,uopogh
B0C16DKK15,uopogh
B0B14LVXN5,uopogh
B09X9D2VLD,uopogh
B09P895P6K,uopogh
B086339RQS,uopogh
B07PSH6MV3,uopogh
B00NETKGB2,uopogh
B000ND3GQY,uopogh
B0BZSDB1BS,uopogh
B07NQ9778S,uopogh
B017EEUMF2,uopogh
B08XWM558P,uopogh
B0D9PTS9BJ,uopogh
B08DHMMBFF,uopogh
B09NX6SFJX,uopogh
B07WDQYL6Y,uopogh
B0BZD3F72F,uopogh
B0002LNP5O,uopogh
B005GRG6PA,uopogh
B07THR3R3J,uopogh
B004SOX1LO,uopogh
B071JHH3TX,uopogh
B0C74V5Q39,uopogh
B07R5773RS,uopogh
B07WVFL8KN,uopogh
B091P3DY4X,uopogh
B07X1ZYQN7,uopogh
B086Z4MQP2,uopogh
B07S18WCB2,uopogh
B077Z2Z7BL,uopogh
B0CT2MDV2D,uopogh
B011KZ87L2,uopogh
B076KDDPVH,uopogh
B0CZPGFT3M,uopogh
B004EHZ63G,uopogh
B002CO2V40,uopogh
B0B3G5Z7DR,uopogh
B08HM3X3D3,uopogh
B07WHZVLH8,uopogh
B00QW29WXQ,uopogh
B0D678R6WC,uopogh
B095SZG5RK,uopogh
B0CZL8JQXB,uopogh
B097CFVGHN,uopogh
B0B7JJY2XH,uopogh
B072LCXYZP,uopogh
B0CZL857MG,uopogh
B076W2BNT9,uopogh
B0012XYIM0,uopogh
B008G4GMOU,uopogh
B0CB1TPVRZ,uopogh
B08LPC4WBJ,uopogh
B000LI37B0,uopogh
B09LQ5YN26,uopogh
B09XB9C9H8,uopogh
B0DFCKHWTK,uopogh
B00GZ0QGH0,uopogh
B01FG8DGC4,uopogh
B07MZTFBYQ,uopogh
B074PXC61F,uopogh
B01ALB940Y,uopogh
B08C9QXSRZ,uopogh
B006PAD68C,uopogh
B0CMP42738,uopogh
B0D98VR2ND,uopogh
B002CO2U50,uopogh
B0DNJFZBWV,uopogh
B003DKZE5A,uopogh
B002CCLOLS,uopogh
B0CZL81PPR,uopogh
B0CGZYFZKF,uopogh
B08KFNR4QS,uopogh
B09K825TDS,uopogh
B004EPT6WK,uopogh
B09ZY142J4,uopogh
B09YRMJJF3,uopogh
B08Z66967M,uopogh
B018DA6KS4,uopogh
B092RG2TQG,uopogh
B0D2MFZHV2,uopogh
B076CL2H8D,uopogh
B002TQSFK0,uopogh
B000BY56FO,uopogh
B077Y8TWVB,uopogh
B07X65H253,uopogh
B0017WDX3G,uopogh
B073J2CBDZ,uopogh
B0030HL5O0,uopogh
B0BGQW5S9D,uopogh
B09FPD62WM,uopogh
B07RWCRVS5,uopogh
B08N5CHR72,uopogh
B014ZQCHVY,uopogh
B075VGVHNL,uopogh
B00V57N7RK,uopogh
B07NDRJ1Z7,uopogh
B09Y14R5MN,uopogh
B0BL6P5FY2,uopogh
B014U1HLRY,uopogh
B06Y2G2YP5,uopogh
B0185RU6LM,uopogh
B09TP9WY4F,uopogh
B08NW9C7Z7,uopogh
B003ES2HNI,uopogh
B0C4KWPTMC,uopogh
B0DDPT8D6Q,uopogh
B0D3GZG7FQ,uopogh
B081PZFTN1,uopogh
B0042SR5R2,uopogh
B01J2QH9RO,uopogh
B0BRHCTD1B,uopogh
B0007LTXVY,uopogh
B0CR75DVCL,uopogh
B07TN4XR76,uopogh
B00M7LCXY6,uopogh
B0047A6WLA,uopogh
B08BY8KF5Y,uopogh
B00DS0KQBC,uopogh
B06XVYWXJW,uopogh
B07P9TXL12,uopogh
B0773ZN1YR,uopogh
B0BY122L8P,uopogh
B07JZDZKYL,uopogh
B004CK9E4C,uopogh
B08Q7DSKG7,uopogh
B07TWS5QQR,uopogh
B0CGH9VMX9,uopogh
B07JDSHTP6,uopogh
B083RS727R,uopogh
B0CYSC4P1C,uopogh
B08GYQJWTR,uopogh
B07XJ4NMYY,uopogh
B07GH2R9GJ,uopogh
B01BPT6ULW,uopogh
B08BS35NT5,uopogh
B001AH5B6U,uopogh
B007XD3T1O,uopogh
B09Y2JDMKQ,uopogh
B09327KMD9,uopogh
B0BLW9DRD6,uopogh
B0B14ZDBDV,uopogh
B01J2QWPBO,uopogh
B00P6LDV7W,uopogh
B000F5MB02,uopogh
B0CQXMY6NP,uopogh
B0B73M85ZR,uopogh
B083CBZ2FK,uopogh
B0BQHYCL9P,uopogh
B0B4ZMH2MH,uopogh
B07MZDS842,uopogh
B00FRJ9LUE,uopogh
B094XP9FRX,uopogh
B092Q3QTLR,uopogh
B01M186DXT,uopogh
B0CL6MNKCV,uopogh
B07RFRWFSF,uopogh
B06XKSXK41,uopogh
B09YGGWSX1,uopogh
B0946Q2DF2,uopogh
B096WHC287,uopogh
B07GBF4KPS,uopogh
B010CV1ZBE,uopogh
B00D1W5IBK,uopogh
B0BNJWH92W,uopogh
B0B9RXYDK4,uopogh
B08K41PN3M,uopogh
B08FTF6LJ7,uopogh
B07F8K2TM6,uopogh
B08224CR7X,uopogh
B092KCY8PX,uopogh
B073BGPZSJ,uopogh
B09L7P8YCM,uopogh
B08GK32C37,uopogh
B08DKQKD32,uopogh
B0725FH5DF,uopogh
B0C2TB8B4C,uopogh
B0B1PFJ1Z4,uopogh
B09MFDG4HW,uopogh
B091YRVW2W,uopogh
B07Y5NBTX9,uopogh
B072Z6SGDK,uopogh
B00J9LSVG6,uopogh
B0D8QMCQFN,uopogh
B0B4R1LMCK,uopogh
B09X9937SY,uopogh
B09QLSX3R2,uopogh
B09C1VC3B4,uopogh
B098Q9V7C3,uopogh
B094XX5CGQ,uopogh
B08D36R6BR,uopogh
B0827L8P2M,uopogh
B012510HC2,uopogh
B00KRD8GS8,uopogh
B0080ED3G6,uopogh
B0D1H61C3L,uopogh
B0C2JX3G3H,uopogh
B09BZ3892Y,uopogh
B07TWYPXRK,uopogh
B0D7S7N3TD,uopogh
B0D2DNQCB8,uopogh
B0CX8W74W3,uopogh
B0CWLMTZBG,uopogh
B0CNTK51P1,uopogh
B0CFXP8HVV,uopogh
B0C4XX8VBK,uopogh
B0BYN6JTB4,uopogh
B09NBRQ2SZ,uopogh
B092MWL81T,uopogh
B08M981D1B,uopogh
B08CB642WV,uopogh
B0885YSXR8,uopogh
B07QVJ3V4K,uopogh
B07J6T51N4,uopogh
B07BZW8L8C,uopogh
B017X6IBQ8,uopogh
B003KR7B34,uopogh
B0C288RQ94,uopogh
B0BNZSF1YR,uopogh
B0CYJ7Z2Z1,uopogh
B08B3Z9LL3,uopogh
B0743L2JQF,uopogh
B00X04JRMU,uopogh
B07QKH9YK5,uopogh
B0CBC8K9YP,uopogh
B0CYHDBM4Q,uopogh
B0B27ZW3MJ,uopogh
B0CMPXGN61,uopogh
B0C25XYMTF,uopogh
B09MV2JH39,uopogh
B099LPKVPB,uopogh
B0DM3BFX46,uopogh
B07MYVZVB5,uopogh
B0C1CCP3YT,uopogh
B079FK5QKD,uopogh
B0CVQJYJ7Q,uopogh
B08B3YTGWB,uopogh
B008SGMHOA,uopogh
B0CYC3HRZ7,uopogh
B084HK7B57,uopogh
B08BH2MPBW,uopogh
B0DG511JDK,uopogh
B005FY0TJ8,uopogh
B0BSLVC3FK,uopogh
B00J3961WK,uopogh
B0037NKDSG,uopogh
B0BR7QZW81,uopogh
B07MM65T3H,uopogh
B0BCGD8S4X,uopogh
B07CZLQTD6,uopogh
B00Q9GLT4K,uopogh
B019HJOVVI,uopogh
B0BYDRG3VR,uopogh
B0CL6N6DK1,uopogh
B01N7Y5IW1,uopogh
B0BLK49K9N,uopogh
B00811WQT8,uopogh
B076H2B7YS,uopogh
B09LJGP866,uopogh
B0C2ZTMR9F,uopogh
B00PYVOTX4,uopogh
B00KWGQO3Y,uopogh
B0D3XSWYQV,uopogh
B00WPSKTBA,uopogh
B0CJPJN2PY,uopogh
B097R6SXHP,uopogh
B0061XH2GK,uopogh
B0CJF4FH5C,uopogh
B086H36NSM,uopogh
B07RK58Y65,uopogh
B07BGHGMNP,uopogh
B0042FWEJ4,uopogh
B07LB9PDYR,uopogh
B0BHDW7NV4,uopogh
B0CNQX288Q,uopogh
B0C6N3NMPB,uopogh
B00EUBD14C,uopogh
B07XW6XWM7,uopogh
B000BYAKDC,uopogh
B07M5V4N43,uopogh
B07PMXQ69J,uopogh
B0BGT22VJ3,uopogh
B00GBFUN6O,uopogh
B008DZ1724,uopogh
B086X47D2T,uopogh
B01H7IUAKW,uopogh
B08JZC1H6F,uopogh
B00ENY5BNU,uopogh
B0CLH812WG,uopogh
B09LM82DP3,uopogh
B0B7HBC4DP,uopogh
B009EMKLCC,uopogh
B07C4LLK1B,uopogh
B0DRFZWMXY,uopogh
B007AHDMTM,uopogh
B08B3ZPP4G,uopogh
B0D2VN4PB6,uopogh
B00K87LUHM,uopogh
B00788GC6S,uopogh
B017Y7NARQ,uopogh
B07MYV1KCQ,uopogh
B06X6BPCKV,uopogh
B00EP8BRNC,uopogh
B01HNDAF2E,uopogh
B07HKLC9JJ,uopogh
B0B9Y46M11,uopogh
B08HKKFYGP,uopogh
B0BMM7HH3Q,uopogh
B07HKKWXTS,uopogh
B075JZ3V79,uopogh
B0B2K4PG6W,uopogh
B09PGQYX48,uopogh
B07CZPCBHZ,uopogh
B07F84X2NL,uopogh
B0DC9NPL2J,uopogh
B07CZNS2MM,uopogh
B09TRYM9N4,uopogh
B0836D5HY4,uopogh
B07CZN3W31,uopogh
B0071NLPCG,uopogh
B08KWMGRSF,uopogh
B07CZMYVS6,uopogh
B07B1FKJ72,uopogh
B0C2LJ9VGH,uopogh
B004BQ3LUU,uopogh
B07P196CYS,uopogh
B002CO2Y06,uopogh
B0CFZFSRFY,uopogh
B00LOQRB74,uopogh
B06Y2FDYZW,uopogh
B09QKVRS4C,uopogh
B07CC2N7WR,uopogh
B0BB8PYH2J,uopogh
B00TOFGGSC,uopogh
B0CD1R3ND9,uopogh
B001ADL1SG,uopogh
B0BZ69NZ1V,uopogh
B07774K7RW,uopogh
B00JW2776W,uopogh
B0BZG3G9HS,uopogh
B07MM346NF,uopogh
B0C5MLQRQ8,uopogh
B0B135FD3H,uopogh
B0CJCL7SND,uopogh
B0B4NP8GZN,uopogh
B009ZJELCU,uopogh
B0037KMA26,uopogh
B0BKSSFT2J,uopogh
B07G293CSY,uopogh
B00B2VC4S2,uopogh
B0CFQFMC4F,uopogh
B0763TVWW4,uopogh
B0CXHC9WBP,uopogh
B00ZDTLRR8,uopogh
B000CCXYS6,uopogh
B085WTGQ4Y,uopogh
B06XSTBZN9,uopogh
B01DD0V4QC,uopogh
B01L2DGT80,uopogh
B07DKSFXW4,uopogh
B0BXSPBFX6,uopogh
B08LMXQDDK,uopogh
B0BZR6YBHK,uopogh
B09X1H4WQX,uopogh
B0B4GF28RK,uopogh
B0B2L2C6DS,uopogh
B08RHRS212,uopogh
B0BL3MXGVH,uopogh
B09WKGL1WB,uopogh
B07LDJY662,uopogh
B07CC2WHMF,uopogh
B00R12YENE,uopogh
B004Y0OIGO,uopogh
B099S2DB85,uopogh
B08SC289BM,uopogh
B07VXC1HB9,uopogh
B07G2H63P3,uopogh
B078STL957,uopogh
B01H7VD9MU,uopogh
B0BVJC47XK,uopogh
B0BFFBW37L,uopogh
B0BBRHB99X,uopogh
B09GB4DSFR,uopogh
B08SK8TW1P,uopogh
B0832J9X1C,uopogh
B07MSDNB6C,uopogh
B0DPFBD4NS,uopogh
B0DPFB4Z1P,uopogh
B0DLKTRTZL,uopogh
B0DGF3FPP3,uopogh
B0DFQK384D,uopogh
B0DDXWPL31,uopogh
B0D9BHKKXD,uopogh
B01MY0BMCQ,uopogh
B08RNYQ257,uopogh
B07X6MH4Z8,uopogh
B0070OBHU6,uopogh
B0892XB22C,uopogh
B082PDGCWW,uopogh
B07MK3MHNV,uopogh
B01FVVKGBK,uopogh
B07YBNNG35,uopogh
B01BOWN66C,uopogh
B088679M58,uopogh
B01JNHPWLW,uopogh
B0BL1K4ZNH,uopogh
B0B8YH263W,uopogh
B09SH3119N,uopogh
B09Q88LM6G,uopogh
B072BM4VCW,uopogh
B00RZSOWYU,uopogh
B095K9ZGY5,uopogh
B08D5XZ2JX,uopogh
B0BY2PFY62,uopogh
B018XXFBOK,uopogh
B09C5YD6PJ,uopogh
B009HXPBJQ,uopogh
B0CW7JVR62,uopogh
B00FTEWZB4,uopogh
B0D14F2WVG,uopogh
B007K813C4,uopogh
B07B5MB2W3,uopogh
B09DRT257H,uopogh
B0C3CDPLW7,uopogh
B091YFJHTL,uopogh
B08BS22WLJ,uopogh
B07WWTC4VM,uopogh
B0711LYJRH,uopogh
B01ND1SVY0,uopogh
B00JIU8RDU,uopogh
B09BX9L9B1,uopogh
B095BZ3PTZ,uopogh
B08T1KZ2N3,uopogh
B08HCK5GD8,uopogh
B08BS398CG,uopogh
B0859MQ2YB,uopogh
B07Q5R1P97,uopogh
B0788SZK96,uopogh
B015O53V06,uopogh
B00PG8JFM0,uopogh
B08ZRVVFNT,uopogh
B082SHFCQN,uopogh
B01CH0XO3K,uopogh
B0B9YN4DMJ,uopogh
B09VB7QFB9,uopogh
B08DCJZQN5,uopogh
B08BY7XWC7,uopogh
B07SSJJGKF,uopogh
B074V63W3G,uopogh
B0015RC4MY,uopogh
B08XXBQPVS,uopogh
B08L5XYWXS,uopogh
B08HXT2RN7,uopogh
B00PPPPEGU,uopogh
B0CKVD96P7,uopogh
B0C24B9LT8,uopogh
B0CX23V988,uopogh
B0BGSL2M6L,uopogh
B09LQLY8SD,uopogh
B094YJYQKR,uopogh
B08B3VXMDN,uopogh
B07T2B4B5D,uopogh
B0050BSFPQ,uopogh
B0021WH04E,uopogh
B001OK8K0M,uopogh
B0BPBSYGY9,uopogh
B0B1QBFPWB,uopogh
B09Q8RPBQW,uopogh
B07C1PJL11,uopogh
B01IBXEMTC,uopogh
B001REZ8FK,uopogh
B0DB64DYJY,uopogh
B08BRNLZ2L,uopogh
B0915TL82Y,uopogh
B00KCZQC32,uopogh
B07GFVK13N,uopogh
B09YHKTYDB,uopogh
B09JZTLMTC,uopogh
B006DU42JG,uopogh
B01LXJEJUM,uopogh
B0CT8JSBLR,uopogh
B0002YTNJ8,uopogh
B0DJVGXK5G,uopogh
B0CPQQS2XG,uopogh
B0D5Y24QMJ,uopogh
B00J2P4TKQ,uopogh
B0DK2WSTMF,uopogh
B01D42QH2U,uopogh
B0792PLHC2,uopogh
B0DL5X4GLN,uopogh
B001DUNW7Y,uopogh
B0892GXGKD,uopogh
B08YY87XBT,uopogh
B000EANNDM,uopogh
B0CJHQMP7D,uopogh
B0CBN9RWYT,uopogh
B089H18ZZB,uopogh
B0768H889Q,uopogh
B07R67GB7W,uopogh
B0CCK2VYTX,uopogh
B018FF58EE,uopogh
B098BJ13DF,uopogh
B06XY5PJVZ,uopogh
B0DG33HGWB,uopogh
B00N2DE1LG,uopogh
B00DVWQTD6,uopogh
B004D42L4W,uopogh
B001B3UP96,uopogh
B0C8CSTRGW,uopogh
B01NCP3S71,uopogh
B0BDJBQL22,uopogh
B09TCLWW5J,uopogh
B084RPF15R,uopogh
B000H5S96A,uopogh
B013429LSC,uopogh
B07S85S371,uopogh
B08GKD9FYZ,uopogh
B07VWCXQRV,uopogh
B07WSJ2H8C,uopogh
B087VVYJ3S,uopogh
B07WS92SJM,uopogh
B0BLYVXM65,uopogh
B09S3HWW77,uopogh
B08Y9BWQH5,uopogh
B0D8VVBFXY,uopogh
B0D2DMLH8Q,uopogh
B0CKHGQ7WM,uopogh
B0CGXJ2RRS,uopogh
B0C6G12GKY,uopogh
B0C3QQWMLS,uopogh
B0BS9Y8LPB,uopogh
B0B7X31PJ5,uopogh
B0B69R5DZG,uopogh
B0991VS69J,uopogh
B097F8YSB2,uopogh
B082C9THRT,uopogh
B07XF5911Z,uopogh
B07QCWY5W9,uopogh
B07JFJ9KZF,uopogh
B079H3F6TS,uopogh
B01AWX6MTW,uopogh
B0793FB2K9,uopogh
B01BQASPWW,uopogh
B077BG4T9C,uopogh
B07939QG2P,uopogh
B06X6GGYHT,uopogh
B07FMWMYRM,uopogh
B0857132QH,uopogh
B0CLNW8BLL,uopogh
B01BE6LL3I,uopogh
B0C9JWJLLC,uopogh
B00QIZ518C,uopogh
B0832J34S6,uopogh
B09QQ8PHN2,uopogh
B086XMVBLN,uopogh
B07KB9HC7X,uopogh
B0B1ZG94FV,uopogh
B00I59XQ72,uopogh
B01BFYA6G2,uopogh
B07ZL3RDP1,uopogh
B09G2STKF8,uopogh
B073PNB2L1,uopogh
B0C13LDV58,uopogh
B09K9MMZPD,uopogh
B07KRQ33BK,uopogh
B08PRVS4W8,uopogh
B00OD4ZGB2,uopogh
B06WGMKW4B,uopogh
B09JB8CSXX,uopogh
B0002F4MKW,uopogh
B001IH6WJW,uopogh
B00DTLJ1B6,uopogh
B07FXQ6VWK,uopogh
B0B8GRCXB6,uopogh
B0014E9WJG,uopogh
B0CFW9T9SJ,uopogh
B014V7YLDE,uopogh
B08TQYZHDP,uopogh
B07ZS5BQV4,uopogh
B01M0L562P,uopogh
B0CSYKFQK7,uopogh
B005E0MR7K,uopogh
B07NJ8PXWN,uopogh
B000N8JZL4,uopogh
B0753GD1C6,uopogh
B07D279PR3,uopogh
B0014FNW8M,uopogh
B07TDT7NJG,uopogh
B0CMHX19L6,uopogh
B08LP89GDP,uopogh
B0C5KB1HFG,uopogh
B09N79HNNX,uopogh
B09N22M5JF,uopogh
B093H1VTBY,uopogh
B01N2GP0OO,uopogh
B009PD25CY,uopogh
B09WQHNTBL,uopogh
B07Y339JHG,uopogh
B07PP23KLX,uopogh
B07M7K6DCQ,uopogh
B093232D2M,uopogh
B0CC1M31SB,uopogh
B0BJ7P72Y4,uopogh
B08ZGHY25K,uopogh
B0D5CRDY5G,uopogh
B096Z2J68Y,uopogh
B0000223VK,uopogh
B0064QDMJ0,uopogh
B0083RONQY,uopogh
B0BG9F2BD6,uopogh
B0BRB4B75V,uopogh
B09W759ZYN,uopogh
B079GF1J25,uopogh
B073J61P62,uopogh
B0D9Y468T6,uopogh
B07H2LPWWL,uopogh
B0CTCW29BQ,uopogh
B01LXHZU2S,uopogh
B082RN1CHS,uopogh
B00CLS8LLE,uopogh
B001OJXVKW,uopogh
B0CYFZC55J,uopogh
B09NPVWDJN,uopogh
B0BD84CYFV,uopogh
B0184XPZ40,uopogh
B0CWDVJT2S,uopogh
B00HX2PJ90,uopogh
B00E0MGSX2,uopogh
B08ZM7PGWS,uopogh
B00KQ10BSY,uopogh
B07T88QSL6,uopogh
B06X3T1ZV2,uopogh
B07M9G5Y3C,uopogh
B08W1THSM8,uopogh
B07TK1BH1D,uopogh
B095XSP45T,uopogh
B08XWKGQ9H,uopogh
B08HGY2LMR,uopogh
B0CVVMZVHY,uopogh
B00B8L5UMS,uopogh
B07WRYXTGV,uopogh
B0C5KVXLSY,uopogh
B09B79MV2C,uopogh
B0CTQH1Q83,uopogh
B077M3GMJT,uopogh
B00780UIXO,uopogh
B0C8D1Y2R1,uopogh
B07CVNVXCB,uopogh
B09LSK9VSL,uopogh
B0B443BWM2,uopogh
B007T58N80,uopogh
B0C74VJJXV,uopogh
B074921Y9B,uopogh
B01L6W7HHE,uopogh
B019G5DM36,uopogh
B0BNKHVQ1B,uopogh
B0CTTTXHLB,uopogh
B07W732QDY,uopogh
B004VYURT0,uopogh
B00V6193NW,uopogh
B0BVQ6B7K7,uopogh
B07LBQH5PV,uopogh
B01DCIPU0G,uopogh
B06VYH4BK4,uopogh
B085CMXR3V,uopogh
B0000CF8ZV,uopogh
B0D9VYWJDQ,uopogh
B00TJ3UG4Y,uopogh
B071RNP51H,uopogh
B00QKPIWWC,uopogh
B001RPWKZU,uopogh
B000FVWA66,uopogh
B0DQBYQWS5,uopogh
B0CS6KXM69,uopogh
B0CRYHQXTQ,uopogh
B0CR62NNZM,uopogh
B0C531MWG9,uopogh
B0B7RQGQ9D,uopogh
B07RWFB77Q,uopogh
B075B6RT6G,uopogh
B010TRDA3W,uopogh
B0006VBQX8,uopogh
B0D5HGCXL3,uopogh
B07HNX6858,uopogh
B0759T1WFK,uopogh
B0BZ7DWSR6,uopogh
B07R8PBXWS,uopogh
B09LMFCR1R,uopogh
B06XBXNL8W,uopogh
B002HMAHR0,uopogh
B08TH42BSR,uopogh
B0B3JW66HM,uopogh
B002OIP2P4,uopogh
B07B2PPXCM,uopogh
B0BZZ65DYQ,uopogh
B0B2KNCZ3P,uopogh
B09K4W3M9X,uopogh
B07YWYGFGT,uopogh
B01C6VWBKM,uopogh
B081D6HTX6,uopogh
B00ELNHNQQ,uopogh
B0B9DC37PF,uopogh
B0CZ9NGD7K,uopogh
B09NZG4TY4,uopogh
B078GTYD32,uopogh
B08BL771HQ,uopogh
B004KYNXB0,uopogh
B09CGYLD8Z,uopogh
B00U6DDE4U,uopogh
B07KP421QH,uopogh
B08B3VCZVG,uopogh
B0BBRJQB2W,uopogh
B013X7D25G,uopogh
B07FQX7Y9H,uopogh
B00MPQX0AY,uopogh
B09WFZV3TN,uopogh
B0777SHCMG,uopogh
B0BVJ1KL96,uopogh
B085BB42ZY,uopogh
B0CLVS1BF6,uopogh
B0DDYM6ZTH,uopogh
B089MDVP2W,uopogh
B00FYV9P4W,uopogh
B0CTHR9Z3L,uopogh
B0B4X3ZJY6,uopogh
B07D3NQNXN,uopogh
B09GXK1ZBW,uopogh
B0B8N456SJ,uopogh
B000VVOI74,uopogh
B0CFMRLMBJ,uopogh
B09NRT84FW,uopogh
B08DPW7FYF,uopogh
B07R2Y1P8V,uopogh
B089DCGBH8,uopogh
B07L62VKHK,uopogh
B09NKSKHS5,uopogh
B09DCFGGFH,uopogh
B000SLTYUS,uopogh
B00J6209RW,uopogh
B0B75JYRRQ,uopogh
B01D1B7ZNO,uopogh
B07WNF4JFF,uopogh
B09C5MP32P,uopogh
B099DQ64YX,uopogh
B0954DZRSV,uopogh
B00T8PZKNA,uopogh
B0BWXRDJ4V,uopogh
B0B1HTSV4L,uopogh
B083CBN77C,uopogh
B0CG7BVX4T,uopogh
B0815V7WKM,uopogh
B01KV4OTU6,uopogh
B0C3R3BK7B,uopogh
B08LPVRWJV,uopogh
B075GVSK1R,uopogh
B0076SFE9Q,uopogh
B097XM68R6,uopogh
B08747C4M1,uopogh
B07TP4DN25,uopogh
B01CSTJDN0,uopogh
B0D5BC9XZ4,uopogh
B0D6VBWZJH,uopogh
B07CVQNL79,uopogh
B0C9LDN899,uopogh
B000FK2DR8,uopogh
B083BFKH2T,uopogh
B0BG7428TJ,uopogh
B0BBXSSMMV,uopogh
B09FMM9YK3,uopogh
B0017JGAB6,uopogh
B098M8PB5P,uopogh
B08XQXQS73,uopogh
B08XXJVH28,uopogh
B003DQU8P0,uopogh
B08CBHS5XS,uopogh
B08QM8F2J2,uopogh
B0BHKJLYVG,uopogh
B0D8QHD3KT,uopogh
B09ZTVK63W,uopogh
B01N31DW77,uopogh
B07PQG8KG4,uopogh
B07KJH4BMM,uopogh
B006OOODAO,uopogh
B0CKWG49H8,uopogh
B0B2KMM8XK,uopogh
B098741NVR,uopogh
B0CLRSK9HN,uopogh
B0BX4RF3W4,uopogh
B099RZ2YLD,uopogh
B07SB7PMRC,uopogh
B0027AALOG,uopogh
B0C5QLKHTL,uopogh
B09FFV9GLT,uopogh
B09BYP8QWN,uopogh
B099FBHXPT,uopogh
B08R3X1R1T,uopogh
B08B6J1Z7L,uopogh
B079Z9PXWF,uopogh
B0CB7ZFD4H,uopogh
B0B9LZYTN9,uopogh
B09NVFH6ZD,uopogh
B08XNM3XRG,uopogh
B08R9HDYM6,uopogh
B08CVMTXGV,uopogh
B08BH7ZQV9,uopogh
B08634YHMP,uopogh
B07XB5YYGY,uopogh
B01H4USFYQ,uopogh
B019A6P9NM,uopogh
B0C1Z3C6T1,uopogh
B094Q1LMLZ,uopogh
B08B5PMF6L,uopogh
B083J75H3L,uopogh
B000WBLFWY,uopogh
B000C7QJCE,uopogh
B0B45KF8J4,uopogh
B0B41QGZQV,uopogh
B07RB2MNV4,uopogh
B01DKLUEYW,uopogh
B00CC726RY,uopogh
B007XYDFUS,uopogh
B0DC6B6Q37,uopogh
B0D9W157NK,uopogh
B0D1XTFMNM,uopogh
B0D1MP5YHT,uopogh
B0CZPHNLVT,uopogh
B0CZPDW2GY,uopogh
B0CZD625PY,uopogh
B0CX8R9DBH,uopogh
B0BPHS1CRT,uopogh
B09Q61JQMJ,uopogh
B09LCTJ8LG,uopogh
B09CPPGQJZ,uopogh
B08HZ3QVGQ,uopogh
B08C2G1RWC,uopogh
B07XVRRZRS,uopogh
B002SW380W,uopogh
B0CFXWFD1W,uopogh
B00N8S7KYK,uopogh
B0B4N9W699,uopogh
B000BZYYJC,uopogh
B07FY313PP,uopogh
B0D7W7XXBM,uopogh
B08TM8RTNH,uopogh
B083KNFXMM,uopogh
B0BFVW435F,uopogh
B00PC3JYYS,uopogh
B01HUZ7KHI,uopogh
B0DBQ933LH,uopogh
B07HB86XDN,uopogh
B087HFF2T6,uopogh
B07RP4PC3V,uopogh
B09R853NNH,uopogh
B00147I3CK,uopogh
B08HMRSG58,uopogh
B0C2Z57PFW,uopogh
B08TLPNNGY,uopogh
B09Q6K5CGW,uopogh
B01DLYXX6E,uopogh
B09DPD5F1W,uopogh
B08SPXXVBR,uopogh
B018F0SHR4,uopogh
B0CJBWWMPZ,uopogh
B00QY3GY20,uopogh
B07BWRF535,uopogh
B08VDSP938,uopogh
B00XNQZ4B8,uopogh
B075ST4H1W,uopogh
B01LXV1LU5,uopogh
B09DYB9NQT,uopogh
B0DQR9T72S,uopogh
B0033YW0FS,uopogh
B07W7P2BTN,uopogh
B071S9TLRB,uopogh
B0D9CDQ1X5,uopogh
B0082LFAI6,uopogh
B0727KW5YP,uopogh
B000F5YYDE,uopogh
B01A9EZHK4,uopogh
B0CVQTBD32,uopogh
B00W3VS8TY,uopogh
B07XZKK4WZ,uopogh
B0821V1MNQ,uopogh
B00DFZYZFI,uopogh
B002CO2YH4,uopogh
B085P25DX7,uopogh
B074PCP7PG,uopogh
B09HVC1NV3,uopogh
B07PN6Q46H,uopogh
B0011VND6A,uopogh
B0BY583S25,uopogh
B002J1U8TQ,uopogh
B087WH2P8Z,uopogh
B00KC39BE6,uopogh
B093LLW8T6,uopogh
B086PJDPLL,uopogh
B01BZBTVQG,uopogh
B07M7XDJSS,uopogh
B0C8RQMBXB,uopogh
B0CMQ51RQW,uopogh
B08HPQVJMW,uopogh
B07VPR94Y9,uopogh
B0D9MMPQ5S,uopogh
B007QUNHOS,uopogh
B002CO2YBA,uopogh
B08JJ9G9JK,uopogh
B015HZVZN8,uopogh
B0B565PNHG,uopogh
B002CO2VOA,uopogh
B0BQYM8GFK,uopogh
B08PVYWFWX,uopogh
B002CO2VDG,uopogh
B00AANK1FQ,uopogh
B0BFW998C9,uopogh
B002CO2VCC,uopogh
B008SX2FYA,uopogh
B0BVGRYRCQ,uopogh
B002CO2V90,uopogh
B07SFVNVMW,uopogh
B0051T8Y1W,uopogh
B002CO2UZA,uopogh
B0052ME2BO,uopogh
B0177RBNHW,uopogh
B002CO2UQO,uopogh
B07RT76Q8S,uopogh
B01690T97E,uopogh
B002CO2UL4,uopogh
B008LEQENE,uopogh
B01NAU8J6D,uopogh
B099ZBJSYC,uopogh
B09TPC2TP9,uopogh
B0D47GN4S8,uopogh
B085J1L94P,uopogh
B08BZWLJQR,uopogh
B00PBEKWJO,uopogh
B0CZRV1VHS,uopogh
B0C1YC72FQ,uopogh
B07YX682W4,uopogh
B01JGQVQBU,uopogh
B09DG4JYZ8,uopogh
B0BRQHTMLR,uopogh
B00ARL4XJQ,uopogh
B072JZ5VHP,uopogh
B0BKRRBC46,uopogh
B0038TOGNW,uopogh
B07YSVKQJ2,uopogh
B094NBCZL9,uopogh
B00CH59OAS,uopogh
B0D7Q8LN9C,uopogh
B0CCP5P49P,uopogh
B0058OENJ2,uopogh
B0DK47Z4VM,uopogh
B073QMWYGK,uopogh
B07Z6KLBP3,uopogh
B07L1P9RWD,uopogh
B0BKP1PD7B,uopogh
B082KP7SFW,uopogh
B07YBQ6QD4,uopogh
B088FGNS5L,uopogh
B00DCH75WO,uopogh
B0B2R4Q9GX,uopogh
B0874YMM11,uopogh
B08LBXJX3T,uopogh
B0C8CP2K6M,uopogh
B0919JCZRR,uopogh
B07VNBRVSM,uopogh
B0CMWWGZCB,uopogh
B0743LQSD1,uopogh
B07K48DCXT,uopogh
B0BPJYXBKK,uopogh
B09TQ6NX1B,uopogh
B07FB3R9JG,uopogh
B07T62TXL6,uopogh
B00IZ604TS,uopogh
B00NI5TGJK,uopogh
B0BZZZPRM9,uopogh
B0CJJ1G1C4,uopogh
B01ABIHS64,uopogh
B00B04IP5M,uopogh
B00284TTG2,uopogh
B09XWCTKMH,uopogh
B07FZZV3KJ,uopogh
B0CF642TT1,uopogh
B0CN9SKHJ1,uopogh
B09WGFKRG1,uopogh
B000PIF9PI,uopogh
B072JVKQGQ,uopogh
B07C9C6NSL,uopogh
B06XQLBQBF,uopogh
B09SBWQ6P6,uopogh
B005QKNUOW,uopogh
B0D4PZPCB3,uopogh
B0B9TTT1ZS,uopogh
B083L8JTKT,uopogh
B0CD898JD4,uopogh
B08NFH4BQ8,uopogh
B08DFGD36V,uopogh
B00IG0LA82,uopogh
B004XW77H0,uopogh
B0BFDQY7CN,uopogh
B0B8YYB9MC,uopogh
B08MPTXZ61,uopogh
B08DLSYSR8,uopogh
B087Z1136V,uopogh
B084YKP83N,uopogh
B07DPNPR4D,uopogh
B0B6NZRJTR,uopogh
B082ZFBLF4,uopogh
B07ZJW2DMG,uopogh
B07KF9H5CR,uopogh
B07D8NLPCX,uopogh
B004GYIE5E,uopogh
B095GX1SGY,uopogh
B0C713GN3X,uopogh
B09QY19TXC,uopogh
B09BP32VKX,uopogh
B08J268PWT,uopogh
B07DHLSTLV,uopogh
B09W991HTW,uopogh
B08FXRMCBJ,uopogh
B0894C82LW,uopogh
B0CBPQ4DCM,uopogh
B084LF265J,uopogh
B0839C71LS,uopogh
B07Y9V6H3Y,uopogh
B00EVIOJHM,uopogh
B0C5982TSZ,uopogh
B0BLBXP2FR,uopogh
B08CX7694J,uopogh
B08M31MZ22,uopogh
B0894M9L79,uopogh
B083NST39D,uopogh
B0795WTC5K,uopogh
B074NL3RVD,uopogh
B0725KP56V,uopogh
B00IKYPTG8,uopogh
B09HV1ZSS5,uopogh
B09B98D1YC,uopogh
B08X6HP2TD,uopogh
B07P68C7Y7,uopogh
B07KVT1NHD,uopogh
B00004T7WL,uopogh
B0CRR1NMH7,uopogh
B0CFKMP23C,uopogh
B0BLNN8NKP,uopogh
B08TX192F8,uopogh
B009W85OUC,uopogh
B00GSUBB18,uopogh
B07MXMN1MY,uopogh
B07HMFGBHC,uopogh
B0B4NT7BNP,uopogh
B08R6K6DBP,uopogh
B0859VZ53W,uopogh
B01MYMR4E7,uopogh
B07BKN4986,uopogh
B00557N7K8,uopogh
B005MVB4D4,uopogh
B08MWXB6N3,uopogh
B07Z696ZJW,uopogh
B0025UJMRA,uopogh
B0CG6LWPFS,uopogh
B0B7BJ9LM3,uopogh
B09FDNRS19,uopogh
B08VHWQ1HZ,uopogh
B081HZP9C9,uopogh
B09LCTNPTY,uopogh
B09GKBG54Z,uopogh
B089SDFT67,uopogh
B07YR8HWZP,uopogh
B07DM3SXCS,uopogh
B000LQB49O,uopogh
B000C59XYC,uopogh
B0DH1CVB45,uopogh
B0DFXTB1Q6,uopogh
B0DDTF6SZY,uopogh
B0CMX7H5DK,uopogh
B0C98S5Z9Z,uopogh
B07X851T2T,uopogh
B09VBJK4ZC,uopogh
B074J8GGHF,uopogh
B0002P3IJ8,uopogh
B08RRRM9KM,uopogh
B006MY6F48,uopogh
B079F5TZVL,uopogh
B005EM1RQA,uopogh
B0084DY308,uopogh
B09XF6N9HY,uopogh
B095YD5QVG,uopogh
B0CN85J1BC,uopogh
B0CDGLYMMY,uopogh
B0CCSK878M,uopogh
B00P3D28XQ,uopogh
B000VYHVWU,uopogh
B0C7VMJP5N,uopogh
B00BAZXF2O,uopogh
B07B9SYSCF,uopogh
B000HQHBSQ,uopogh
B0BJQV5LX8,uopogh
B07F8D6W73,uopogh
B09TS3FJT6,uopogh
B09GVGD4C8,uopogh
B097J63QGM,uopogh
B084G6F6K3,uopogh
B08TCC1PM5,uopogh
B0BJ63FDZW,uopogh
B01869Y4RG,uopogh
B0CCHQRV6Q,uopogh
B00W6V6LJK,uopogh
B0CNPTB53B,uopogh
B0C5RZGNSZ,uopogh
B0C2JXRCD3,uopogh
B0B6FQR2FK,uopogh
B09LCW3Z5C,uopogh
B08C26ZGW4,uopogh
B07TYQ3VDQ,uopogh
B07BPFCNFG,uopogh
B00UTQ8LGA,uopogh
B00TJRT54M,uopogh
B087YTLC3X,uopogh
B07HPWPWFL,uopogh
B07MGJ1JT1,uopogh
B089493FZW,uopogh
B071FXMMQL,uopogh
B09W4P4BQQ,uopogh
B0BPZ373FH,uopogh
B01LWVUFKO,uopogh
B0D9BDP6QL,uopogh
B005VQD4SI,uopogh
B097TC3MC7,uopogh
B09TD8H17T,uopogh
B0B32PGNWW,uopogh
B01JRH68P2,uopogh
B0DFXT6M44,uopogh
B000JL33QI,uopogh
B07Q5J7X3B,uopogh
B07YLFHNVF,uopogh
B0B9BRHN73,uopogh
B009CEQTTQ,uopogh
B07Y9RS8T4,uopogh
B08CD2YQLX,uopogh
B0CHDST3P5,uopogh
B08RP54JVK,uopogh
B0D964DZT8,uopogh
B0B58DJ3PX,uopogh
B09B9FFPLY,uopogh
B00Z7PDNO8,uopogh
B0BGH8WZSN,uopogh
B000H1TBW0,uopogh
B075ZV2D7B,uopogh
B087PXBMQS,uopogh
B07PFYLYW8,uopogh
B08F3GR2T8,uopogh
B09Q64TTW4,uopogh
B01482M74W,uopogh
B00SLH03R4,uopogh
B07FN7BLLV,uopogh
B07B74W36Q,uopogh
B0777NSGSH,uopogh
B0B136Y361,uopogh
B079MN755T,uopogh
B07RQW6JZH,uopogh
B00WO6EK54,uopogh
B0014A454M,uopogh
B076MJ7LL3,uopogh
B0CJLSQH16,uopogh
B0BN2DRBZY,uopogh
B0085RPVZE,uopogh
B09XHHVL57,uopogh
B0917LBGJX,uopogh
B06XXP1NJX,uopogh
B0C58RDVRF,uopogh
B09QKLS1MH,uopogh
B001F0IEP2,uopogh
B0B6P697M2,uopogh
B088KRZBGD,uopogh
B07P1DWX9Q,uopogh
B08ZN3J5YW,uopogh
B092928YVL,uopogh
B0BCP3TW7Y,uopogh
B0BD89Q6CC,uopogh
B08CDYF6LF,uopogh
B00U0FP8ZW,uopogh
B0757JX8K3,uopogh
B000N4L2LO,uopogh
B08TLJK8ZT,uopogh
B009UCE6XG,uopogh
B071HWHZ4M,uopogh
B076DMSCHZ,uopogh
B005O0DMKQ,uopogh
B000CSXSN6,uopogh
B0BHYZZLYK,uopogh
B0C83QFYNN,uopogh
B09VLDJY49,uopogh
B09V17J1ZC,uopogh
B01KVWFCOU,uopogh
B0BMLKY1T6,uopogh
B0D13N2VTL,uopogh
B0BTMGYKC4,uopogh
B08318N7M3,uopogh
B07HKKVZN1,uopogh
B07BGFNYFR,uopogh
B01CNKYPJQ,uopogh
B009AV3VJC,uopogh
B0B9FWQNK2,uopogh
B0B2KPC3CF,uopogh
B09HV29GKR,uopogh
B0972MX4JV,uopogh
B089H2N6Q7,uopogh
B00EJOYNBA,uopogh
B09ZXSGQZ3,uopogh
B08F9BR235,uopogh
B079ZP5TCN,uopogh
B07M5SPH2Z,uopogh
B0D7VQXN5K,uopogh
B0BFRWLSFX,uopogh
B076DMC9H5,uopogh
B0BY8KTF37,uopogh
B095QGRF4K,uopogh
B07NHH3R79,uopogh
B0C487BM6F,uopogh
B08X12Y47P,uopogh
B087Z1GKLZ,uopogh
B08HYZNTTJ,uopogh
B0CQN8KKGV,uopogh
B084HJFZZF,uopogh
B07TBGP54C,uopogh
B07D445MFC,uopogh
B0768TYQ1D,uopogh
B0DFGLKZ6Z,uopogh
B0DF2BC391,uopogh
B0D7VY3PPP,uopogh
B09NL88CS7,uopogh
B0989WQQ13,uopogh
B08TMCFJSZ,uopogh
B08F4T4KDC,uopogh
B07GLNPGHV,uopogh
B07BYCS3BQ,uopogh
B074QKM3PB,uopogh
B004VTG7EE,uopogh
B08W8Y1WST,uopogh
B07L4YMZPG,uopogh
B07R4Q2ZKF,uopogh
B0CZ6JSNVT,uopogh
B00TOF6T98,uopogh
B07C7DGSBV,uopogh
B09X5BMN99,uopogh
B07921L8WJ,uopogh
B0837WS38N,uopogh
B0C6QC48WC,uopogh
B08SQ3454H,uopogh
B077BHRDWK,uopogh
B002R0DRA6,uopogh
B07KKMXN8Z,uopogh
B0CZ3LGNGH,uopogh
B0BVBP7D7H,uopogh
B09V58BWD2,uopogh
B076BQQFPT,uopogh
B08L7NQ393,uopogh
B087M9CQH3,uopogh
B00G5K88Z8,uopogh
B08NV3325S,uopogh
B08PC692Y4,uopogh
B097C7J2M2,uopogh
B07TN2VPK4,uopogh
B0DBQH2YSH,uopogh
B009P8HBH8,uopogh
B07MV4V2GJ,uopogh
B003WP5MKI,uopogh
B09LMSWRZB,uopogh
B08LB52LTB,uopogh
B0D498Z55L,uopogh
B07Y1C6GDS,uopogh
B0961GQMWB,uopogh
B00FR6SV62,uopogh
B07CRPCBBJ,uopogh
B01M63UHOX,uopogh
B07VTH2V7P,uopogh
B00WT3VJQ0,uopogh
B00A1LUFK8,uopogh
B0CMQ4R5Z3,uopogh
B07MYV24WL,uopogh
B09V7SZK2X,uopogh
B07DK157VT,uopogh
B0B1QGRMTW,uopogh
B076H9Q15H,uopogh
B09ZX2BKQQ,uopogh
B09FM65WQ4,uopogh
B002CO2XQG,uopogh
B081ZGZPXZ,uopogh
B0B449B89W,uopogh
B002CO2UYQ,uopogh
B07TBBWNPN,uopogh
B006GC9TKI,uopogh
B002CO2U2S,uopogh
B06XBWYJ3W,uopogh
B0000WU828,uopogh
B074GRYLBN,uopogh
B0D1THQYXR,uopogh
B0BNB8KQMS,uopogh
B08X7K1WNT,uopogh
B00QTZC314,uopogh
B07QNM7575,uopogh
B0BX1QHTX4,uopogh
B0917RG6S8,uopogh
B00DNNJPXY,uopogh
B00555DCAA,uopogh
B0C7RGRXYG,uopogh
B082WTBQ4T,uopogh
B09F4YX4J9,uopogh
B0BHBZCY3W,uopogh
B09MM33GZP,uopogh
B08DTTLRTN,uopogh
B0D9B3K1FC,uopogh
B0BMRZHY5Z,uopogh
B01LA8LL12,uopogh
B096CRS84T,uopogh
B0CMXD6KYD,uopogh
B0C7BH5ZJ8,uopogh
B07QGS9BQ3,uopogh
B08HC9CJ7H,uopogh
B09YPZ65W1,uopogh
B08SBK4NYD,uopogh
B09QBXTCPV,uopogh
B07T1P5VY3,uopogh
B0787GL9TW,uopogh
B0742HGSK7,uopogh
B0B724D41D,uopogh
B09XVKHMHR,uopogh
B09C33Y5JL,uopogh
B0B3981WPZ,uopogh
B0D52C579B,uopogh
B000215NZO,uopogh
B0CC92M1JS,uopogh
B08FF6X75N,uopogh
B01MSETT0X,uopogh
B0016BS29S,uopogh
B07JR4Q8WN,uopogh
B09K8NZQLB,uopogh
B07R3TBVKG,uopogh
B06XBHF42Q,uopogh
B0912QR4JL,uopogh
B0BSGCMR69,uopogh
B09XC3RQ3J,uopogh
B07VMF313W,uopogh
B072K1B91Q,uopogh
B07RDX4NBD,uopogh
B0CDGFP5KF,uopogh
B0C4NLQ4SZ,uopogh
B07KGPP8V7,uopogh
B0CLGPNS7M,uopogh
B0CST2DBCV,uopogh
B09NCTY8LM,uopogh
B000OD5V8E,uopogh
B0D14JN12G,uopogh
B0B1GDT5GQ,uopogh
B08RRWLFKF,uopogh
B0723CNGZR,uopogh
B0016NK22Q,uopogh
B0B9V8SWM5,uopogh
B09WXD3R66,uopogh
B0CJY57G8W,uopogh
B00JC99UCO,uopogh
B0C3GX9RT9,uopogh
B0BQCSMQ7J,uopogh
B0BCDX76PR,uopogh
B0B138NY3X,uopogh
B0BHCFWC65,uopogh
B07PGDNP9J,uopogh
B07QQVRDD5,uopogh
B09YS12QW4,uopogh
B00ILFD8N2,uopogh
B09L5PKHHL,uopogh
B097YXCZ8G,uopogh
B093SZB893,uopogh
B07MY55FYY,uopogh
B07KDW9W91,uopogh
B0BRZ4WWVG,uopogh
B0182W7KGY,uopogh
B0BQC4MCT4,uopogh
B09PNP36YR,uopogh
B0BWXRCJV8,uopogh
B081QNYRXZ,uopogh
B07TKZMYKZ,uopogh
B07QT9B1JQ,uopogh
B07DHGFY7Q,uopogh
B0795SGRCX,uopogh
B00WROQYXE,uopogh
B0C9TB9N86,uopogh
B0C5GXXS9G,uopogh
B0BYYQ35K3,uopogh
B09NYCCFDV,uopogh
B09DCR9F6M,uopogh
B08Z36Z3DJ,uopogh
B077SGLRR8,uopogh
B004NG9GYI,uopogh
B0B7C78C6K,uopogh
B09XTXPD8V,uopogh
B08C2M7Q3H,uopogh
B004VTG07I,uopogh
B0C7TNCMJ8,uopogh
B0C1GQ9MXT,uopogh
B0BJWB5H9Y,uopogh
B09Q5TCXBN,uopogh
B0939YQWDK,uopogh
B091P2FL47,uopogh
B091BRW28C,uopogh
B08R89DTMH,uopogh
B08D8NQ5WR,uopogh
B087TPLQH4,uopogh
B07JPJDQ33,uopogh
B07D1LX9YB,uopogh
B07CLL98V3,uopogh
B0DPBZF1HH,uopogh
B009AVVPZ4,uopogh
B0B7VQQ1FT,uopogh
B07HRQ9BQ6,uopogh
B01N5EGJQX,uopogh
B00X8BQYVM,uopogh
B00DYOGJLI,uopogh
B0CGR769GD,uopogh
B09TDFHY6S,uopogh
B0799HTZB5,uopogh
B00JNRNFYO,uopogh
B004DB7XCA,uopogh
B0BWT13NH2,uopogh
B08L5P8ZCN,uopogh
B0C6SH6VXF,uopogh
B0B3TGR8ZP,uopogh
B0B17BR15K,uopogh
B00HRTXEZA,uopogh
B09JYHPHQL,uopogh
B0856RB1JB,uopogh
B0734XQ4Q1,uopogh
B0BFKHMLZG,uopogh
B088QC3DSR,uopogh
B07FK9QWWL,uopogh
B00E8GYAW6,uopogh
B08GD1D5DB,uopogh
B074G2961J,uopogh
B00S1K1DF2,uopogh
B00PM90GJY,uopogh
B09LRHMJFP,uopogh
B097YYJVNP,uopogh
B08128W7M3,uopogh
B07ZKHVQB3,uopogh
B000VRJGOI,uopogh
B0DLKSC7WW,uopogh
B0DKBBGHM1,uopogh
B0DC6CHQX3,uopogh
B0DB62YFY2,uopogh
B0DB5H3C92,uopogh
B0D9Y1R8SL,uopogh
B0CTB8SGP1,uopogh
B0CJJKNTXR,uopogh
B0C612TQB5,uopogh
B0BZVDXLPL,uopogh
B0B4SQMV9V,uopogh
B0B1ZTW95T,uopogh
B09P9PC856,uopogh
B08JPVRFW1,uopogh
B087WTQPT9,uopogh
B0741FC121,uopogh
B0DD5GX4D2,uopogh
B0CBBLM7KV,uopogh
B0B2YFDKZN,uopogh
B0CC9CQHZ3,uopogh
B0CTG7PYLP,uopogh
B0899WTH85,uopogh
B0BYCFR3LZ,uopogh
B00G5PTWT4,uopogh
B074SFXC3C,uopogh
B09ZP4P5KG,uopogh
B08PBNHRJ6,uopogh
B0B33KSK8L,uopogh
B08PJGWWG9,uopogh
B004TA7B04,uopogh
B08KWMMM9D,uopogh
B09V1TN1TQ,uopogh
B07ZQ2875V,uopogh
B01MS4HKW7,uopogh
B07X3RSBJ5,uopogh
B0CNKC7Y1V,uopogh
B01D8V2FW8,uopogh
B012CKSXOU,uopogh
B07VFCJZ72,uopogh
B07NTMYY3R,uopogh
B01COPHAGU,uopogh
B08N572K5J,uopogh
B07VF9VWDW,uopogh
B0D8M2L8DW,uopogh
B07S8CPXCJ,uopogh
B00T40SN9W,uopogh
B002CO2YVU,uopogh
B07Y81714G,uopogh
B0CR15HJTZ,uopogh
B00HRG875K,uopogh
B09NSGXTX6,uopogh
B074GYFPL4,uopogh
B0C6K6ZC1Y,uopogh
B00C0BRWGC,uopogh
B00ES3PX6G,uopogh
B0CR32C9X3,uopogh
B0CGD66RC1,uopogh
B09BW63SS1,uopogh
B00494PJLS,uopogh
B08ML73PLB,uopogh
B0CFZTV5DG,uopogh
B075SDRSZC,uopogh
B0045LXM8C,uopogh
B0CP52Y67K,uopogh
B08FD487XC,uopogh
B08398VKJZ,uopogh
B0D31N8KJ4,uopogh
B0CB8NRQNJ,uopogh
B07S71ZDTF,uopogh
B07R6V22DB,uopogh
B07PWYPGK7,uopogh
B00JV19TDI,uopogh
B009ZLZHBM,uopogh
B0CQVBX528,uopogh
B00N510C5E,uopogh
B0067NM1KG,uopogh
B0DBKJTZ86,uopogh
B0BCX4GD7F,uopogh
B09SP9SQDH,uopogh
B089LP7TLG,uopogh
B0828QDTZB,uopogh
B0CKF3C4S2,uopogh
B09LQ78QVY,uopogh
B09HS14ZQH,uopogh
B007L6OIPE,uopogh
B08JY6W9NL,uopogh
B0BGS9G497,uopogh
B09ZV53ZTJ,uopogh
B09Q1X6ZLN,uopogh
B09NPYMY3H,uopogh
B09KN3FHVD,uopogh
B092RDQTD7,uopogh
B07YS84Z8F,uopogh
B071WPW8L3,uopogh
B00VTOH0VI,uopogh
B0C9TT4YCK,uopogh
B0CJL9YRQK,uopogh
B09JMSRDX4,uopogh
B07GXNYRPV,uopogh
B07B3PY5HZ,uopogh
B08CHPQGWC,uopogh
B07MDRDBN8,uopogh
B07FK34CCK,uopogh
B0B6HDWB4B,uopogh
B001HA5KNO,uopogh
B0B23Z8HN4,uopogh
B08X3234KX,uopogh
B0852XTTJ5,uopogh
B06XRGDP6Z,uopogh
B07HS1D3XZ,uopogh
B0CYRYJQ5Y,uopogh
B09KRZ4RZ4,uopogh
B08BS3NFFK,uopogh
B07QNCBL7S,uopogh
B002CO2YGA,uopogh
B01HD2KQ6U,uopogh
B0027N00D0,uopogh
B07JQ161KL,uopogh
B08B6363PP,uopogh
B00E1NZ9OO,uopogh
B09ST46FSL,uopogh
B08NFBG39B,uopogh
B0BSN35PQJ,uopogh
B01I289NKE,uopogh
B08H54LGMH,uopogh
B089WGNML5,uopogh
B07RWDN281,uopogh
B0BBLZHDQM,uopogh
B092SVM1GY,uopogh
B085TH5DML,uopogh
B0CBPQZN7G,uopogh
B0B6Z74P77,uopogh
B09DL7KY4K,uopogh
B08RN1S4KW,uopogh
B077L9YQK9,uopogh
B08CS2B781,uopogh
B07ZJ3XDKT,uopogh
B0B6HYX8SX,uopogh
B08PSW5H4T,uopogh
B09NDCPT1Y,uopogh
B07TDSC2L3,uopogh
B07H821N1B,uopogh
B00XA30CT8,uopogh
B07XM9YKKR,uopogh
B07T24X3PS,uopogh
B071VZXVL8,uopogh
B0DCZDRYY2,uopogh
B0DCZC92PR,uopogh
B0D9BJBYFK,uopogh
B0D1V7GXQ2,uopogh
B0CZ9F5VS6,uopogh
B0CZ8JZC1F,uopogh
B0CQY6FH2L,uopogh
B0C5VLNZ3Y,uopogh
B0BNB8NJJP,uopogh
B0B4JZDKMJ,uopogh
B09VL9PQPY,uopogh
B09JB15YN6,uopogh
B09GXD4KQ5,uopogh
B072VSLPZL,uopogh
B0BDSWXV43,uopogh
B07BGJNGBN,uopogh
B09FVDDKXP,uopogh
B085CNC78S,uopogh
B00LW7U37U,uopogh
B0B58BRBN3,uopogh
B003PWS9AI,uopogh
B07ZL19MYX,uopogh
B07NWC11T6,uopogh
B08RJYN685,uopogh
B07CJP9BPM,uopogh
B00TDZ26MI,uopogh
B000IXBH1U,uopogh
B01GZXF5GE,uopogh
B003ZT817W,uopogh
B095NLNK6T,uopogh
B092QK4G58,uopogh
B084XWZHKN,uopogh
B07BZ2YM2Z,uopogh
B0753HRZSF,uopogh
B0052ZWISU,uopogh
B076M4PS4X,uopogh
B084RNFX5N,uopogh
B082SB7X7Q,uopogh
B07DLSMZ7M,uopogh
B000XSAZVS,uopogh
B0BZH2Q1HZ,uopogh
B0B68F5P1X,uopogh
B07G7JY5LY,uopogh
B0871M666N,uopogh
B0CDPHLDJM,uopogh
B0CHVRWYQV,uopogh
B0D7JS36Z7,uopogh
B07R4PL77X,uopogh
B0881F6F2V,uopogh
B09MB8VVP4,uopogh
B0002L5GKG,uopogh
B07JBX6Q52,uopogh
B087NBZB19,uopogh
B0BRL8FNBT,uopogh
B003D19U0O,uopogh
B095XJ1BDB,uopogh
B016OLQOIK,uopogh
B0D4LVK289,uopogh
B07J65QXK3,uopogh
B07RHBSWPT,uopogh
B003V4QUDI,uopogh
B07PJKF7HH,uopogh
B00EGPN0YS,uopogh
B000S2L0AY,uopogh
B0BJCMX48H,uopogh
B07RKPZZJ9,uopogh
B000H7MM7K,uopogh
B082Q6CMY3,uopogh
B088SKJPD8,uopogh
B0030GF36M,uopogh
B00UV3Z7PY,uopogh
B08DRBTPGY,uopogh
B094MTLFFJ,uopogh
B00VXEJ6PC,uopogh
B0188IHETK,uopogh
B0DMWQ78SJ,uopogh
B08GJHXVV9,uopogh
B08PQ7SB8X,uopogh
B0049ESKAU,uopogh
B08PY8B8CZ,uopogh
B07Y1DBWTW,uopogh
B0C9W9XDS5,uopogh
B099DZ6Y8J,uopogh
B0BFWB8GSW,uopogh
B00F9IAZDK,uopogh
B01N0QVLLD,uopogh
B0B17MFKZ9,uopogh
B007SXGAZQ,uopogh
B001VNKZFK,uopogh
B08T1Z7FP1,uopogh
B009VKINQ8,uopogh
B000TNI4JW,uopogh
B08T1HZLMW,uopogh
B0058K3IG0,uopogh
B09877KDS9,uopogh
B08RHT74VP,uopogh
B08T5VXJ7P,uopogh
B085B1ZLG3,uopogh
B001C622TI,uopogh
B0B8HDZKL8,uopogh
B07V9DJ2X7,uopogh
B07C491R4P,uopogh
B0D9HZZ759,uopogh
B09WY7H8DL,uopogh
B00M1OG7YG,uopogh
B09LTV2WDM,uopogh
B08J4B4M34,uopogh
B00XWCTYZ0,uopogh
B0DCZ4G81B,uopogh
B0B2BXZZMS,uopogh
B015D9VG14,uopogh
B0B5VBH162,uopogh
B08CBS4X91,uopogh
B0BYCFGL5V,uopogh
B08CFZ5KTQ,uopogh
B076MPT362,uopogh
B001BXJVNC,uopogh
B0B1CYG2ZW,uopogh
B07VX8S24J,uopogh
B00Q77A5GE,uopogh
B079RYRSLK,uopogh
B01CKF7NR0,uopogh
B0B2WZT152,uopogh
B08PC53BTM,uopogh
B07H9L1RW9,uopogh
B07FN6MH5S,uopogh
B07G2XK4MD,uopogh
B0BHL74N3C,uopogh
B0849HSXDJ,uopogh
B099ZKV347,uopogh
B07CZP6FZV,uopogh
B008B8XFBY,uopogh
B008Y2L65O,uopogh
B0B99T2R3L,uopogh
B01N0B60DA,uopogh
B08GP7NNTM,uopogh
B08HFSYZ2M,uopogh
B082YJV68K,uopogh
B07PDHD912,uopogh
B0C2256Q3H,uopogh
B07X9KXH34,uopogh
B01MZ1HEAK,uopogh
B0DL6JC82F,uopogh
B0D1KDG8TJ,uopogh
B01J9IGAYI,uopogh
B0D7LZGJRJ,uopogh
B09C88DNBM,uopogh
B08JS4233Z,uopogh
B087W59FL5,uopogh
B097M5PZL8,uopogh
B08QMRP3S2,uopogh
B07X3ZJY95,uopogh
B07HRZ9S66,uopogh
B00VZ5GDMI,uopogh
B00QSLNLJC,uopogh
B00J5JA2SW,uopogh
B0C5DN5JFV,uopogh
B0BGXT9W17,uopogh
B09F8PXH8F,uopogh
B082PS2NLF,uopogh
B01I5PGDG6,uopogh
B0932ZV12J,uopogh
B0BCG1F16P,uopogh
B004A7SVS2,uopogh
B000UOE6CY,uopogh
B002L6K2CW,uopogh
B0711HMPG8,uopogh
B08LF2L2K7,uopogh
B09RPM6M5B,uopogh
B097MNW1VG,uopogh
B0CL98HDH1,uopogh
B08CZP8RJK,uopogh
B09RF2VW8R,uopogh
B01MQX8Q63,uopogh
B072C38ZR7,uopogh
B085DQ8RC6,uopogh
B07CVR649G,uopogh
B0BRSTVL5F,uopogh
B0B8S8CF42,uopogh
B09ZTT8BF7,uopogh
B07QDWFKLJ,uopogh
B00LZD254K,uopogh
B0DPKHW2BH,uopogh
B07NPFFDZG,uopogh
B07JQSYT9H,uopogh
B0CMHRTNQ4,uopogh
B0CHG3251Z,uopogh
B09R46BJH5,uopogh
B08B5XK5V4,uopogh
B082KHTNKP,uopogh
B07XXNCNTY,uopogh
B07FFC4NF1,uopogh
B0C2K1TZ8L,uopogh
B0DCF1QV49,uopogh
B09PR62XG3,uopogh
B08TQS1NQS,uopogh
B088SJB2SY,uopogh
B0BS9X1TC2,uopogh
B01JU5VSBU,uopogh
B07QXQ9HW9,uopogh
B08K933M1P,uopogh
B07GD8WL5V,uopogh
B0C4LVQQ6Q,uopogh
B0D9LXVJQ8,uopogh
B088SCRTTF,uopogh
B00B8EJOOA,uopogh
B07S73JWW3,uopogh
B06XKF7WR6,uopogh
B092863ZHD,uopogh
B08KSWCSD8,uopogh
B00B8WHOLM,uopogh
B003JWMB6C,uopogh
B0BVGXQVF9,uopogh
B002PNEOJ8,uopogh
B0010XECWI,uopogh
B0C4TRXBCW,uopogh
B0922MXHCK,uopogh
B08CN7N1X8,uopogh
B07NYTZYQL,uopogh
B07N1JVS4H,uopogh
B00VVJXXE4,uopogh
B0CT2C59G5,uopogh
B07J1R94K1,uopogh
B072LFCCW9,uopogh
B09QS9Q83L,uopogh
B09LYHGJFF,uopogh
B07SY6VH4R,uopogh
B00G6YH35O,uopogh
B088SK5ZVM,uopogh
B07CSL6BLS,uopogh
B089H16312,uopogh
B0DCGF7ZB8,uopogh
B0CM59YQF6,uopogh
B07F3T2M6B,uopogh
B0BJVP8QT1,uopogh
B07H4VTKNM,uopogh
B0BTS2S5HP,uopogh
B0B1J3L12H,uopogh
B08GCB4LNV,uopogh
B002TUR4NK,uopogh
B09P21FTLD,uopogh
B006U111TC,uopogh
B079ZX483W,uopogh
B07VF8VX1M,uopogh
B004VILI4Y,uopogh
B0951YXJJ7,uopogh
B002EYZM4O,uopogh
B07SZGQFZS,uopogh
B08LGBQ74Q,uopogh
B0CBP597QR,uopogh
B00M9NKISK,uopogh
B00B5FJHIU,uopogh
B009DNKMIA,uopogh
B0D2CYZ4TG,uopogh
B07VYJRLZH,uopogh
B089R138FL,uopogh
B09YVV54Y4,uopogh
B07TJ1L1TJ,uopogh
B09KSC9325,uopogh
B07TV972JT,uopogh
B09PRPPQRX,uopogh
B08N5X23XV,uopogh
B01CKF7N5W,uopogh
B07P1YSF74,uopogh
B08JGGV86B,uopogh
B00BMJNWE4,uopogh
B002HI6FJI,uopogh
B07D2916VY,uopogh
B0CBPR2WLM,uopogh
B0B191R2TY,uopogh
B09QD593GF,uopogh
B07YHTL9V4,uopogh
B08B43VTWK,uopogh
B07QGC6MG7,uopogh
B0018AIJR2,uopogh
B0D48ZR4F8,uopogh
B083B677V7,uopogh
B0B6QB9K3T,uopogh
B06Y2NR7XC,uopogh
B086BYH8LJ,uopogh
B002IZDMFA,uopogh
B0CVV52413,uopogh
B07JWCDD7H,uopogh
B00JAYZDSG,uopogh
B0BN57XFD8,uopogh
B098RCGW1Y,uopogh
B07BHN2DG6,uopogh
B0006MZOS0,uopogh
B0BG72CS6V,uopogh
B07STLQ47Z,uopogh
B0CDRWNX82,uopogh
B0CWXR1VBX,uopogh
B098768LT2,uopogh
B0749HB5QT,uopogh
B001FCC7BW,uopogh
B00T5J7S02,uopogh
B00P80G72M,uopogh
B0CK61K6JR,uopogh
B07JQCGCJ5,uopogh
B0049ENIZ2,uopogh
B0B4151LWK,uopogh
B07MLJ4SQG,uopogh
B09JGLG1YP,uopogh
B09246S98F,uopogh
B089XGX9MT,uopogh
B0068ENYPK,uopogh
B09JDGSZD1,uopogh
B086VXSBNW,uopogh
B06XPTLT3G,uopogh
B00BHF99VI,uopogh
B0DCVJYFRW,uopogh
B0CMWNPSGF,uopogh
B0CC8FFMV9,uopogh
B0C4YMJ3VR,uopogh
B0BZRX7DLR,uopogh
B09ZHQLRD5,uopogh
B09F1DZ49V,uopogh
B07QCT6BQR,uopogh
B07PSGJ3R7,uopogh
B0D5GXCXSM,uopogh
B0CYZNBYBM,uopogh
B0CCW5F4QQ,uopogh
B0BX5F8DPZ,uopogh
B0BN6786PL,uopogh
B0DD43Y7TP,uopogh
B0C5Y6JJP9,uopogh
B0BFVNX7YL,uopogh
B096W6DMD9,uopogh
B092YZG9V8,uopogh
B01FSZ3ET0,uopogh
B0CB5SBNLF,uopogh
B0BCHQNDZB,uopogh
B0BC3LDQ24,uopogh
B09VPHN35Y,uopogh
B08N59GPWQ,uopogh
B08K8RZ5G5,uopogh
B088ZYX734,uopogh
B01MSI1N9W,uopogh
B0DCB8SMXK,uopogh
B0C2YMMZQQ,uopogh
B07YCRR3G2,uopogh
B075HW5573,uopogh
B0CN4TFCGQ,uopogh
B078XNZNGH,uopogh
B0CHX9MDTF,uopogh
B01N9WYLMN,uopogh
B09DQ2X8K8,uopogh
B096KYCZGH,uopogh
B08VWC65NH,uopogh
B07FNV4J55,uopogh
B0769BQR1N,uopogh
B096WY8FD5,uopogh
B088R1DNM5,uopogh
B085GKDV3J,uopogh
B09YMWG1TW,uopogh
B019ZRRVT6,uopogh
B09VGQKT4X,uopogh
B08PTVLT8M,uopogh
B07JYTHJ1K,uopogh
B01JYPA1LE,uopogh
B004A3VT26,uopogh
B0DB649CMV,uopogh
B0CZPP3QN2,uopogh
B0CTSJXGZ4,uopogh
B0CNR9L7CC,uopogh
B0C49K8DXP,uopogh
B0C2Y97NXH,uopogh
B0C2TY5F66,uopogh
B0BX2RP2JL,uopogh
B0BDGGH5DT,uopogh
B09R97LRZ3,uopogh
B09G2CN1X4,uopogh
B07XGNJFJ8,uopogh
B074QCG8JF,uopogh
B09W7Q66WK,uopogh
B0BJLD2S25,uopogh
B01MS67M75,uopogh
B0015IVR9Y,uopogh
B0BXLPVC5P,uopogh
B088TLFY1N,uopogh
B0D475K847,uopogh
B081W18R1M,uopogh
B07LCWL4S8,uopogh
B086W7LV4K,uopogh
B0CVTWXQQ1,uopogh
B0CD3V8B1M,uopogh
B0CNLCNX92,uopogh
B00ZSTMXXK,uopogh
B08M3JMFM6,uopogh
B07W9LVT9G,uopogh
B078BDPPGF,uopogh
B09T88ZCZ8,uopogh
B07TDVS3WY,uopogh
B0BCPHLJZK,uopogh
B00080QKNI,uopogh
B09MTSNV3X,uopogh
B0B68RW43P,uopogh
B08PK4V4NQ,uopogh
B0C1MQHPQW,uopogh
B00IF2RBHU,uopogh
B075W2GBL5,uopogh
B087JYKPTX,uopogh
B07QF8XDCQ,uopogh
B004OUUZZC,uopogh
B097HT29XB,uopogh
B08TB3T43F,uopogh
B0CMPR8D5Z,uopogh
B09R8TMYVZ,uopogh
B0049OTC5C,uopogh
B0CYZV6CWQ,uopogh
B00NRD030O,uopogh
B08534QRZX,uopogh
B0DFGX6G8F,uopogh
B07WJSY2G8,uopogh
B08BNMCP48,uopogh
B075FY9MJ3,uopogh
B09CGQ5H56,uopogh
B0CJSBVWZM,uopogh
B08DJBDGDD,uopogh
B01N2REA7G,uopogh
B07XYGG1QJ,uopogh
B01GOEJ9W0,uopogh
B001IMI37Q,uopogh
B0DPL5Z6TS,uopogh
B0BS67D54X,uopogh
B078WMLD9C,uopogh
B0711JRQ44,uopogh
B089YHY2VH,uopogh
B08DLZWZX1,uopogh
B0745LSPRD,uopogh
B0914SWQGY,uopogh
B00943D1JQ,uopogh
B0D8SBBFYY,uopogh
B0983BMFYS,uopogh
B06W5JXG8N,uopogh
B0BGGY5RQF,uopogh
B0845TBCML,uopogh
B09N42JSVZ,uopogh
B004LF8RPU,uopogh
B009S97ZK2,uopogh
B0D9XY5Z31,uopogh
B0BS98RT33,uopogh
B004Q4HFOA,uopogh
B000056OVS,uopogh
B0BGG5XXSJ,uopogh
B00WJAFE5A,uopogh
B08QMMBSR3,uopogh
B06XZX37Q4,uopogh
B0CLBBCGGP,uopogh
B0C6ZV64XZ,uopogh
B0BYJJCZ79,uopogh
B0BB7N5893,uopogh
B0B27GRGM3,uopogh
B0BN68CPWY,uopogh
B09GTSLQ5N,uopogh
B08SR68WFD,uopogh
B01M1VWUWL,uopogh
B00K93PTGS,uopogh
B0DD86ZQG8,uopogh
B0786HY59M,uopogh
B077SPYT6Q,uopogh
B0B4VBK25G,uopogh
B01JKCY2SY,uopogh
B0CPLP58KP,uopogh
B0BHF1Q5MR,uopogh
B07P8W1V9S,uopogh
B092W7F6NB,uopogh
B08XBJCFPK,uopogh
B08C5FB2YG,uopogh
B07PFYLYRJ,uopogh
B075FWCF7J,uopogh
B091G1QDXD,uopogh
B07TV3L2MY,uopogh
B01FG7HT14,uopogh
B000HHDWOW,uopogh
B07KBYLVBW,uopogh
B01MCUV4YR,uopogh
B09P2P3PZM,uopogh
B087D8MN6T,uopogh
B0DBHGNVJK,uopogh
B08M3VTYHV,uopogh
B07JP7QSVS,uopogh
B097CJYLGM,uopogh
B0CPL99QHN,uopogh
B0BR5JWV8W,uopogh
B09Q81RFCB,uopogh
B08JH7GG1T,uopogh
B09DSWLT42,uopogh
B09DPHG9M1,uopogh
B09839LWWB,uopogh
B08BZXFK3G,uopogh
B089FHX12D,uopogh
B085L8Z946,uopogh
B01HAFR8JS,uopogh
B00BK7MLKE,uopogh
B0D2SYHTB5,uopogh
B0CJRNFDMG,uopogh
B0CCNDPXYP,uopogh
B0BQB9XPHM,uopogh
B0B1L67QDM,uopogh
B0B14YJCN1,uopogh
B09VB1DHCN,uopogh
B09V7JP1JT,uopogh
B09LCV4JT7,uopogh
B09LCTS3HR,uopogh
B09JVZP261,uopogh
B0993CBDM2,uopogh
B08GB35VG8,uopogh
B07TYTX1TZ,uopogh
B00TRUJ8TS,uopogh
B01DWEZB5E,uopogh
B00W2ED5RW,uopogh
B06ZXRJ6LM,uopogh
B07VMBK91C,uopogh
B00AWJX6TQ,uopogh
B07BZSJLXV,uopogh
B00HJATBFO,uopogh
B07RWMVQM5,uopogh
B07C72GWLT,uopogh
B0892QW868,uopogh
B0814ZHHST,uopogh
B07BTL786T,uopogh
B07L6T1N1K,uopogh
B0B8JTZ3JM,uopogh
B07R7QXXW8,uopogh
B07SMGGWLD,uopogh
B08GKBDSTN,uopogh
B07RTJDTBX,uopogh
B085YG5QLM,uopogh
B009MIUELG,uopogh
B00MHZ8BBQ,uopogh
B07GWKTG14,uopogh
B07WW2PSSY,uopogh
B09W9365KJ,uopogh
B016P3SI7W,uopogh
B089H1VJT3,uopogh
B079V3XSL3,uopogh
B08T1PDBRX,uopogh
B003B6K01O,uopogh
B07SRS2QS6,uopogh
B087CLRF8H,uopogh
B074TWM288,uopogh
B0D17V4Y83,uopogh
B07K8C41PT,uopogh
B0D257NXM7,uopogh
B09ZVKGD62,uopogh
1839064498,uopogh
B07BZJ4QYD,uopogh
B0BG8GPDG2,uopogh
B0BDDZVV1F,uopogh
B0865JFBLX,uopogh
B0CKP1DGK4,uopogh
B011AHT59S,uopogh
B01M7V5MD0,uopogh
B097Z3D876,uopogh
B0B928JQMS,uopogh
B081Y7686F,uopogh
B079KZ37S7,uopogh
B0D1V6BHMN,uopogh
B01MYMUVLW,uopogh
B09F37FWLG,uopogh
B091B3CWBN,uopogh
B08XXB26S8,uopogh
B0919ZCQ8W,uopogh
B00TD97A4S,uopogh
B0919Z3RD9,uopogh
B00P7INE1M,uopogh
B07JV9T4ZN,uopogh
B092H9JNFQ,uopogh
B07D91Q2LN,uopogh
B08PKF9316,uopogh
B07D8ZLV69,uopogh
B07F912Y2W,uopogh
B089N227P5,uopogh
B07STZDCTL,uopogh
B01M0U9HKH,uopogh
B005GQ7S6C,uopogh
B01IWW5TD0,uopogh
B00ULKTT2O,uopogh
B082MZ48TL,uopogh
B0B8YWWGW9,uopogh
B08Q3HFN7V,uopogh
B08FJB1FY3,uopogh
B0822WRFGW,uopogh
B07ZRWLL38,uopogh
B0C62WZVDK,uopogh
B00C7WEAAK,uopogh
B07TXTL76N,uopogh
B07LG2LV6B,uopogh
B08PZLPNY2,uopogh
B01NBO32PK,uopogh
B0055DN23Y,uopogh
B08MF4Q327,uopogh
B06XZRSHWB,uopogh
B0CRMY7YLM,uopogh
B09TKLS3WS,uopogh
B08DRXDMY8,uopogh
B07Y9WX5L5,uopogh
B07V3P27T2,uopogh
B00IDA4J74,uopogh
B092M2FXB8,uopogh
B08KW8V5BR,uopogh
B002BUBWHM,uopogh
B07J588H5V,uopogh
B08RZ8BT3X,uopogh
B00FHAXYY2,uopogh
B0002X8H8C,uopogh
B0D7MQ62Z4,uopogh
B09D7H9HQP,uopogh
B07XYT4BL4,uopogh
B07CS3NGPB,uopogh
B075VY9K49,uopogh
B00UN4CMPY,uopogh
B00CBJLPMA,uopogh
B09V4TS71L,uopogh
B00E45CFIW,uopogh
B0CBPG9B29,uopogh
B0B5WCNQXQ,uopogh
B08RNCDYQ5,uopogh
B01BUAPEUY,uopogh
B07FL7TSS2,uopogh
B00DPU26PY,uopogh
B09VXXZ478,uopogh
B09TX41DMV,uopogh
B0B1Z7T3J2,uopogh
B085MCTRK5,uopogh
B08KXD6WFY,uopogh
B081K2JWGF,uopogh
B085XHFHCQ,uopogh
B08L482LPF,uopogh
B08CDQ76Q8,uopogh
B005K091ZU,uopogh
B0198CTWLS,uopogh
B0D6W1JTGJ,uopogh
B09B63WFVS,uopogh
B07QSDMKCV,uopogh
B074KJ6CYL,uopogh
B00EWNL3Z2,uopogh
B09HTYJDVP,uopogh
B07MKPNXV3,uopogh
B0BP79CJCV,uopogh
B0BGQQ5RCL,uopogh
B07ZLVZCMJ,uopogh
B082RZNJFY,uopogh
B07NJRL6FX,uopogh
B0BH52XX32,uopogh
B09YNKSH22,uopogh
B09TVL9BYM,uopogh
B0932VSL6D,uopogh
B08X2VWMHL,uopogh
B0CBQXLQX1,uopogh
B07D8YL2MH,uopogh
B00NODVL8K,uopogh
B07D8X98RF,uopogh
B0DHBZ9CR4,uopogh
B00KB43X9U,uopogh
B07J1PVBG1,uopogh
B0C6YH266J,uopogh
B07KRB3QZY,uopogh
B09MRSSYV6,uopogh
B0CK7KYL2K,uopogh
B07QQ2DFMQ,uopogh
B093TQRMK3,uopogh
B07DJ34MVH,uopogh
B00W9SLOMO,uopogh
B002V9AO18,uopogh
B07KFQ3S5V,uopogh
B07G881YVD,uopogh
B08QCRG588,uopogh
B07HFT3DCN,uopogh
B074KH4T7T,uopogh
B088R3F6KJ,uopogh
B00NER9PMK,uopogh
B00O59UTBW,uopogh
B0016IZIJI,uopogh
B08TC81R26,uopogh
B07TYGB7V1,uopogh
B07CRPYQ9C,uopogh
B08JC7GS75,uopogh
B001T6I9T8,uopogh
B09KKRCTYC,uopogh
B08FLN9VMR,uopogh
B0CZ4LZP53,uopogh
B096MZ3MWX,uopogh
B095L83D46,uopogh
B085WL93LG,uopogh
B07BNGV1FG,uopogh
B0DG2BPDTH,uopogh
B0D7C6CRPF,uopogh
B0C5DMFY7Y,uopogh
B09TJX65ZM,uopogh
B08YYZX38S,uopogh
B08T7R2624,uopogh
B0812ZSGHW,uopogh
B07W16KLC3,uopogh
B07CBVLJ3H,uopogh
B06XF1XJPY,uopogh
B00IMESD8C,uopogh
B015IXZQ3Y,uopogh
B012BR5TT6,uopogh
B017C1H0IO,uopogh
B00FHXDVXS,uopogh
B0CCWZG2D6,uopogh
B0BS2SHXY2,uopogh
B09MYS3GZ1,uopogh
B09G62MB2X,uopogh
B08YWW3549,uopogh
B08L8YWVRV,uopogh
B086CF8XKB,uopogh
B07S9FXKZQ,uopogh
B01LFKYHNY,uopogh
B09SR3Y2R8,uopogh
B09QXRXNBQ,uopogh
B09GHLLRPS,uopogh
B076J5W3SS,uopogh
B01MED6RBK,uopogh
B0754SWQND,uopogh
B074JG6JV7,uopogh
B07XNHS6CN,uopogh
B07ZDNWSZY,uopogh
B00C7GLTIC,uopogh
B000C02BKA,uopogh
B089RGQRXN,uopogh
B09B78VPT8,uopogh
B0BLQZQF85,uopogh
B0CK19JMR5,uopogh
B079CCRBCN,uopogh
B01GO9ICU0,uopogh
B09NZG6HC9,uopogh
B075QBNSYH,uopogh
B09FX88Y5V,uopogh
B0C7MT9KRX,uopogh
B08NWSSF7K,uopogh
B01MR2XKS0,uopogh
B08K9BVBTQ,uopogh
B08BJD5C31,uopogh
B0992MKJJM,uopogh
B0B9QY31YF,uopogh
B0D5Y89FKL,uopogh
B088CN482Y,uopogh
B08PYS1YKW,uopogh
B076Q3DBBM,uopogh
B01MYZHPND,uopogh
B09VSHD114,uopogh
B00EP05XW6,uopogh
B089SVB58F,uopogh
B0B4NH43Q6,uopogh
B01NH0N409,uopogh
B0CCRPV3JR,uopogh
B099ZPNHZ8,uopogh
B091PDSQR9,uopogh
B0C28THGLK,uopogh
B000XXBLPC,uopogh
B07SFYWJRJ,uopogh
B09229WKY3,uopogh
B07XKW2P36,uopogh
B08X22912P,uopogh
B06XPS62XY,uopogh
B077QHV364,uopogh
B09YYSBQ8Q,uopogh
B08B37MXX9,uopogh
B0784XY6B7,uopogh
B01HFX7JZ8,uopogh
B004BGM3HC,uopogh
B0BZJ27MB4,uopogh
B07759HG7Y,uopogh
B08WS5N75G,uopogh
B0891S47DB,uopogh
B07T2J6V1Q,uopogh
B07P4X6W9D,uopogh
B07FXVPSTN,uopogh
B09GXHBNYZ,uopogh
B07P3ZBNQ1,uopogh
B07DB488M9,uopogh
B074L81ZLF,uopogh
B00IXSATOS,uopogh
B0D1P8GFF7,uopogh
B0CD7PVYTJ,uopogh
B076X2QYW4,uopogh
B004DJTHNU,uopogh
B0042SRF22,uopogh
B002M1NSTA,uopogh
B01N7AZLNC,uopogh
B0015RDKKY,uopogh
B004VRIU78,uopogh
B01ALB94JU,uopogh
B01LVVAKUF,uopogh
B0C9WV1PB7,uopogh
B07VXWBHWF,uopogh
B0CDDFJ54K,uopogh
B0CNVXM8FW,uopogh
B07XX347WP,uopogh
B084ZT4VX8,uopogh
B0BQL6T1SK,uopogh
B00YV0ODF8,uopogh
B07JQTY2MQ,uopogh
B07HGW8PKV,uopogh
B0CG5P9HX5,uopogh
B0BH7K11KX,uopogh
B019JBFC0I,uopogh
B08P52X5H9,uopogh
B07X24KK8C,uopogh
B0D5YXCSR2,uopogh
B09WWRW3VR,uopogh
B07XZFZJD1,uopogh
B07J47WVVR,uopogh
B00P9TBG1O,uopogh
B01BLJ9UZ4,uopogh
B07LCMBKK3,uopogh
B013JLZCLS,uopogh
B08FBFTW29,uopogh
B09W72WPQ7,uopogh
B0CC3S928S,uopogh
B08GNXJ9ST,uopogh
B077PL16Y8,uopogh
B01NAIFHCE,uopogh
B077DCYTP9,uopogh
B01E0472TI,uopogh
B0BLG939KC,uopogh
B00UUG8150,uopogh
B083FG8F6S,uopogh
B0CWTLZXJ2,uopogh
B00UO1CGEI,uopogh
B0072O2WF8,uopogh
B0B315VN76,uopogh
B00HR8517A,uopogh
B08BRJ83HS,uopogh
B0CCC3YR44,uopogh
B08GQD51Z9,uopogh
B0C59NC2FT,uopogh
B07V2JFY2Z,uopogh
B0BRXPSWY6,uopogh
B002IN3VBM,uopogh
B08Z5SXYJ4,uopogh
B07Q42QZJK,uopogh
B00VV7KXWG,uopogh
B0028JNRW4,uopogh
B0CSYLBW1N,uopogh
B0BYJR9F1W,uopogh
B0CPJ75PKP,uopogh
B0000V2ETO,uopogh
B0008EWSEO,uopogh
B07ZFY6524,uopogh
B018WO1108,uopogh
B08CWQY7FH,uopogh
B094F6WCTN,uopogh
B016AW410G,uopogh
B07LFK29F2,uopogh
B01N09VFQW,uopogh
B09W5H2MY5,uopogh
B09M297632,uopogh
B01KQI8TQW,uopogh
B004Z1VEXC,uopogh
B0BV9ZSW61,uopogh
B09MCT8M1Q,uopogh
B08ZYXYCKG,uopogh
B08VS44D1H,uopogh
B07G893ZCJ,uopogh
B09JSCF9TT,uopogh
B0BQQXZ2LJ,uopogh
B0BHNVGN3T,uopogh
B081F25FYP,uopogh
B07HCX5J15,uopogh
B083HN1DM3,uopogh
B01HYSPRQ2,uopogh
B07HMBJFGP,uopogh
B08VF4PFZX,uopogh
B07Z9J5CP3,uopogh
B000BTAQIG,uopogh
B07MHY6QJK,uopogh
B00901LMSE,uopogh
B08BG5RFS9,uopogh
B005E5ITSQ,uopogh
B0918LXJGR,uopogh
B07RT8V5LZ,uopogh
B09STZDLX8,uopogh
B07GC9GP98,uopogh
B0C7PZWYLX,uopogh
B07RSXQV6G,uopogh
B06XQBLKH1,uopogh
B08YM68QQW,uopogh
B00EOMCJE0,uopogh
B00BJ7YHB6,uopogh
B0948LYDC5,uopogh
B08BJ5T79B,uopogh
B08WWZ8L1M,uopogh
B07MXZV597,uopogh
B07FCPSBNZ,uopogh
B07ND3SFQP,uopogh
B08XQYTM1Q,uopogh
B09S35HTVJ,uopogh
B09MKBYQ2L,uopogh
B01BVWWT4K,uopogh
B09QV7SCJN,uopogh
B0CBQQ3CML,uopogh
B0B7RHZNZX,uopogh
B09TN5CL8Z,uopogh
B09NNMLKQF,uopogh
B09BP5QWKC,uopogh
B07SMQ1SYH,uopogh
B0BHVVMRD9,uopogh
B0899RF2MN,uopogh
B0DPFBGCRH,uopogh
B0DHTQNCV6,uopogh
B0DGPYSGXG,uopogh
B0D95XYZLF,uopogh
B0CSKFXDL2,uopogh
B0CN1813L8,uopogh
B0CJJ1HFLT,uopogh
B0C4P3SQHY,uopogh
B0C3QR1438,uopogh
B0C2CPDSLS,uopogh
B0B6HM2ZZV,uopogh
B08VBT7KKW,uopogh
B08T1XH1ZV,uopogh
B08BJD3PZX,uopogh
B07SH6796G,uopogh
B07MM1MGFF,uopogh
B079ZP3QSL,uopogh
B01LFIRY5Y,uopogh
B0BRHZ429S,uopogh
B0B7SL9SWV,uopogh
B000J45H0U,uopogh
B01AY0DN9A,uopogh
B0D1KBW7CS,uopogh
B0CGRCSKP6,uopogh
B0009JKG9M,uopogh
B001U3ULQO,uopogh
B07N56GBVQ,uopogh
B001B1JHHO,uopogh
B07V8L2NYG,uopogh
B01NCQO3KY,uopogh
B01LYXCH6V,uopogh
B005I4ONB0,uopogh
B08B4F115V,uopogh
B00W3VQTUE,uopogh
B07S8XV1Z1,uopogh
B00LBGNHE8,uopogh
B0CS3DWF6W,uopogh
B0CH14GJFP,uopogh
B00X2ICQ4A,uopogh
B0CL5Y55Q6,uopogh
B09DCLTVFV,uopogh
B0B823DTYT,uopogh
B0B4G5HHGQ,uopogh
B074WYSCF6,uopogh
B0BGRTM17W,uopogh
B078H8B324,uopogh
B0066NHIP0,uopogh
B07N661Y5K,uopogh
B0C9S414MH,uopogh
B01NBCKCG0,uopogh
B09YLWNTSJ,uopogh
B00KIF6HGS,uopogh
B0BFM2N3PC,uopogh
B0BLFPNJ2V,uopogh
B0BHLCVY2W,uopogh
B09Q2XHRWM,uopogh
B0CFW9TNQQ,uopogh
B0BY923Y4S,uopogh
B081VSJBZC,uopogh
B00OLAJ3W6,uopogh
B00OKTHR58,uopogh
B00DQE5ZMK,uopogh
B0CHLMJ817,uopogh
B0CPM3W7GN,uopogh
B0CJWXZMM8,uopogh
B00D7DOHGA,uopogh
B00ASYDI7K,uopogh
B00NL48TFK,uopogh
B07MF1KWD7,uopogh
B09CG1P9LH,uopogh
B071Z4F3BM,uopogh
B00E5O4792,uopogh
B08HRYCM9V,uopogh
B07F9LCYRT,uopogh
B0DFCRTNNN,uopogh
B0BQM75XWL,uopogh
B08TPXQN4M,uopogh
B09QKDJNQN,uopogh
B000VH804A,uopogh
B07ZP9T7ML,uopogh
B00VXML35U,uopogh
B0BW4X72V3,uopogh
B08LPHVCZ7,uopogh
B08132R7LR,uopogh
B07CVQ13N8,uopogh
B0BLC32XJL,uopogh
B091V6V4Z3,uopogh
B08P2ZNL3T,uopogh
B0CCB71BRM,uopogh
B08LZ6SKZC,uopogh
B0C8CFLNPD,uopogh
B09SBQJ963,uopogh
B09KF8L39S,uopogh
B08MXBWRNY,uopogh
B00TPKOYH6,uopogh
B0D9H6WWT3,uopogh
B08GD1YVZV,uopogh
B076384RYJ,uopogh
B073VS3BY6,uopogh
B09CFVM1XL,uopogh
B09QWDCHXN,uopogh
B0092OSTS0,uopogh
B09MS9T33M,uopogh
B08N4JW12B,uopogh
B08917V7W7,uopogh
B01FY9ZPXI,uopogh
B082XJ352K,uopogh
B0D2PC4S4B,uopogh
B07D3KF1HY,uopogh
B0015DMJZ0,uopogh
B0BHM4R3P2,uopogh
B01N6NL766,uopogh
B098M5NTVW,uopogh
B01CS3J3TU,uopogh
B0B5W5HQ3T,uopogh
B01HSZ57T8,uopogh
B00LIZWDWO,uopogh
B0CLT4VJTS,uopogh
B0BXBKJVVN,uopogh
B09336QNGR,uopogh
B0BHVFBV9S,uopogh
B09W563LBS,uopogh
B08WPFSJN9,uopogh
B07P7HWL46,uopogh
B01N54662J,uopogh
B00AUIJMLA,uopogh
B0CHJBPKCP,uopogh
B07HMRG5D4,uopogh
B0D6QZL596,uopogh
B0C22S8SC7,uopogh
B07MP4B5B8,uopogh
B01CYTP8EM,uopogh
B00HF41DA0,uopogh
B007VWRUQC,uopogh
B003XU7J6C,uopogh
B08BZR7R49,uopogh
B0BZ8HQ1P8,uopogh
B0B7MXKC6C,uopogh
B0B62PZB8Y,uopogh
B07TXNWF3H,uopogh
B07QM1N9KG,uopogh
B077JPDRB1,uopogh
B0DHS87FVY,uopogh
B0CZP1TRLH,uopogh
B0C6CNYY15,uopogh
B0BR3FTHMT,uopogh
B09TT1L42D,uopogh
B09SFZR7GQ,uopogh
B09K39Y11L,uopogh
B09K36RR9Z,uopogh
B084WC6XSN,uopogh
