item,source
B0C9TLTMNK,asdfkghj
B0DR9CNR99,asdfkghj
B0BZW8NNTX,asdfkghj
B0DNDP2QND,asdfkghj
B0BGJPPKP9,asdfkghj
B0718VZ4W4,asdfkghj
B0DTL6QN2J,asdfkghj
B0C6MGQ1HR,asdfkghj
B06WLJW2FR,asdfkghj
B0CJ9QLLQ5,asdfkghj
B0DP1WSJ6S,asdfkghj
B0CCRZ8HRZ,asdfkghj
B0BZF8PK9G,asdfkghj
B0DNTWGKXQ,asdfkghj
B0CNCH24VF,asdfkghj
B0DCK2N95S,asdfkghj
B0DMDGQ3MS,asdfkghj
B0C6PY36Q2,asdfkghj
B0DLKS87L1,asdfkghj
B0C54BQN1R,asdfkghj
B0DKNLYLHG,asdfkghj
B0717195LV,asdfkghj
B0DF2HY261,asdfkghj
B0CM9LLFH8,asdfkghj
B0DBZBHWP3,asdfkghj
B0D9JX83QM,asdfkghj
B0DBQ8X91P,asdfkghj
B01GK1X9U0,asdfkghj
B0CDH3H2R5,asdfkghj
B0BYD4CQY4,asdfkghj
B08PKFN2NL,asdfkghj
B0C38GWYBM,asdfkghj
B0DGK1RPD7,asdfkghj
B0BGBRTJ87,asdfkghj
B0CWR6RBRN,asdfkghj
B0B96CNF3S,asdfkghj
B0CLF65445,asdfkghj
B09ZPGLG7Z,asdfkghj
B0D1K8CPMW,asdfkghj
B09ZPDHPHD,asdfkghj
B0DDPLJT67,asdfkghj
B07F9QSHDY,asdfkghj
B0C1N5RBJ2,asdfkghj
B0DG5M4GFB,asdfkghj
B0DDCG7M3J,asdfkghj
B0CX23V988,asdfkghj
B0CJ918HHK,asdfkghj
B0BGKGSZHF,asdfkghj
B09XQ2H79K,asdfkghj
B07N684TJG,asdfkghj
B07N1X7NLH,asdfkghj
B06XXJM7JR,asdfkghj
B0DZ6CNG9C,asdfkghj
B0DZ62Z5JV,asdfkghj
B0DYF9DQ1S,asdfkghj
B0DXV1GLFF,asdfkghj
B0DWZ5R7NL,asdfkghj
B0DWMMGFJ2,asdfkghj
B0DVC5NHQ6,asdfkghj
B0DT6Q3T5L,asdfkghj
B0DSW3X2VM,asdfkghj
B0DSVQS7TQ,asdfkghj
B0DSBXQJLW,asdfkghj
B0DSBWGGPY,asdfkghj
B0DRVZFTP3,asdfkghj
B0DRSV5GB7,asdfkghj
B0DQL7XFCW,asdfkghj
B0DQ4PT6WY,asdfkghj
B0DPFZTZHL,asdfkghj
B0DP2NRBKV,asdfkghj
B0DP219437,asdfkghj
B0DNQBJ911,asdfkghj
B0DMW2QB9V,asdfkghj
B0DKTF91QN,asdfkghj
B0DKJ48FF5,asdfkghj
B0DK25YSW4,asdfkghj
B0DHZXF8DJ,asdfkghj
B0DHVHLGKL,asdfkghj
B0DHRKPM2S,asdfkghj
B0DG5BW8X6,asdfkghj
B0DF7Z9QBS,asdfkghj
B0D7H1XCKJ,asdfkghj
B0D7951G8N,asdfkghj
B0D2K712SG,asdfkghj
B0D2K4ZC5R,asdfkghj
B0D16W7992,asdfkghj
B0CZ9FM85V,asdfkghj
B0CY2C3YXZ,asdfkghj
B0CTJPD26D,asdfkghj
B0CQ8DD8QR,asdfkghj
B0CLBC63JT,asdfkghj
B0CL6156NS,asdfkghj
B0C5J7G9PH,asdfkghj
B0C23T2JYT,asdfkghj
B0BZ4GQLJP,asdfkghj
B0BXQ1FPS2,asdfkghj
B0BP2M965H,asdfkghj
B0BLS7BDLH,asdfkghj
B09WMQG23F,asdfkghj
B09J1LX8G5,asdfkghj
B098RB718R,asdfkghj
B07PQBBJ8N,asdfkghj
B01NBJ6ZA0,asdfkghj
B00Y0MAOVY,asdfkghj
B092Q73SBK,asdfkghj
B0D3M86Y5X,asdfkghj
B073MMDFBS,asdfkghj
B0CR6N36LF,asdfkghj
B01LZQBO4S,asdfkghj
B0DGCFWPCJ,asdfkghj
B0D1QR6W3V,asdfkghj
B0C53S4FLX,asdfkghj
B0DT9PFMHN,asdfkghj
B0CQXKVMFF,asdfkghj
B09X472HGG,asdfkghj
B0DKTDVL5Y,asdfkghj
B0CQLCNP33,asdfkghj
B0B5GB5FDC,asdfkghj
B0CCK7N45L,asdfkghj
B0D1XT982S,asdfkghj
B0DSHQG2CS,asdfkghj
B0D4K4N8DB,asdfkghj
B0DNSFW5T5,asdfkghj
B0DS1NDTN3,asdfkghj
B08D6CQCBV,asdfkghj
B001O8644S,asdfkghj
B0DQV935SQ,asdfkghj
B09TP7CS2R,asdfkghj
B0C236V2CL,asdfkghj
B0DQSQTRG2,asdfkghj
B0BRSFG63M,asdfkghj
B0CR33NNCW,asdfkghj
B0DQH5YMSK,asdfkghj
B0D57ZVYPD,asdfkghj
B0040ZORPK,asdfkghj
B0DN1T26YC,asdfkghj
B0CQ1R5RXD,asdfkghj
B0D5B6PHRP,asdfkghj
B0D83MBJ9V,asdfkghj
B0D4YH5TQC,asdfkghj
B0CG2X9KXQ,asdfkghj
B0D46BVG8T,asdfkghj
B0CMXP8D2W,asdfkghj
B0CX97SBGC,asdfkghj
B0DBYZN6J3,asdfkghj
B0CQT9CFF9,asdfkghj
B0D97TLDZ8,asdfkghj
B0CPN82LRM,asdfkghj
B0CCDNJ26R,asdfkghj
B0CNZCGQPC,asdfkghj
B0DHGKY1QS,asdfkghj
B0CNSBPGQ1,asdfkghj
B000NYOZ3Q,asdfkghj
B0BSVG82X7,asdfkghj
B0DLM8247S,asdfkghj
B00FXF2ELU,asdfkghj
B0C1MZ8KC2,asdfkghj
B0DL35XT5V,asdfkghj
B0CYTDVMVD,asdfkghj
B0DF2QYJXQ,asdfkghj
B0DS1Y6VZG,asdfkghj
B0D9GWWKX2,asdfkghj
B0CPGHCKP5,asdfkghj
B0D91X8H6D,asdfkghj
B0DN77CRYN,asdfkghj
B0D5QW3S7L,asdfkghj
B07KTKV27D,asdfkghj
B0D5QRG5N1,asdfkghj
B0BWYYR49L,asdfkghj
B09JGHRFR7,asdfkghj
B0BNMY8PS6,asdfkghj
B0D6QSNSW7,asdfkghj
B0BDRKLTG3,asdfkghj
B0D7M872NH,asdfkghj
B0B5L8WB15,asdfkghj
B0CL4SDCB8,asdfkghj
B09FLKJLVN,asdfkghj
B0DB55GNCD,asdfkghj
B099DG6VPB,asdfkghj
B0CJ264WBG,asdfkghj
B098QQNXWM,asdfkghj
B09Q7VHJH1,asdfkghj
B09338SY8Q,asdfkghj
B0CJQ5BHGG,asdfkghj
B08S6LV45M,asdfkghj
B0895WKY4J,asdfkghj
B0D8F4JKXJ,asdfkghj
B0D65Z246Z,asdfkghj
B0CXZ1RDMD,asdfkghj
B09NLNJ7CB,asdfkghj
B08NFCJV2Q,asdfkghj
B0C53JW577,asdfkghj
B06XJ45FJB,asdfkghj
B0DDXYQ28V,asdfkghj
B0D141K22R,asdfkghj
B0C376XV4Z,asdfkghj
B0956TG5LD,asdfkghj
B0CWCW3PCJ,asdfkghj
B0CRGSG8C5,asdfkghj
B0CP6T5BXC,asdfkghj
B0D9J9JF31,asdfkghj
B0CNBHW5FJ,asdfkghj
B0DQTH1PXP,asdfkghj
B0CN6CZ47Y,asdfkghj
B0CHYMGWDX,asdfkghj
B0CMQ9XQQQ,asdfkghj
B0D8QGR2BW,asdfkghj
B0BGYVHXSL,asdfkghj
B0CL492L2N,asdfkghj
B0CWXZ52ZZ,asdfkghj
B0CJHBNHKV,asdfkghj
B081NTW9TM,asdfkghj
B0CCDN4174,asdfkghj
B08DFKCWX4,asdfkghj
B0BZQH6DQ4,asdfkghj
B07FRPSD8N,asdfkghj
B0CC3PV7H5,asdfkghj
B0BZSHJG1Z,asdfkghj
B0BZDJKBS1,asdfkghj
B0BYCN789W,asdfkghj
B0BYCKLWC7,asdfkghj
B01JP571L6,asdfkghj
B0DWS9PMR3,asdfkghj
B0DWF8Z4JF,asdfkghj
B0DTJ6Y5GN,asdfkghj
B0DTFTX8GP,asdfkghj
B0DTB2QLGN,asdfkghj
B0DT9D3SC1,asdfkghj
B0DT8HL3WX,asdfkghj
B0DT3KBWSD,asdfkghj
B0DT1GYLLW,asdfkghj
B0DT19CX3C,asdfkghj
B0DNZB8ST6,asdfkghj
B0DM212MT5,asdfkghj
B0DL9V9PCB,asdfkghj
B0DL57TPFZ,asdfkghj
B0DKT6BD8G,asdfkghj
B0DKJRZ48J,asdfkghj
B0DKF4B3F7,asdfkghj
B0DJSCHSMN,asdfkghj
B0DHMBYSXK,asdfkghj
B0DFW4XNT7,asdfkghj
B0DF7RTMHR,asdfkghj
B0DDHBJ1FM,asdfkghj
B0DDCQD1SD,asdfkghj
B0DCHGHZ4H,asdfkghj
B0D9RZHLFN,asdfkghj
B0D9Q5C8L7,asdfkghj
B0DSZZLHQF,asdfkghj
B0DSVKKQ1K,asdfkghj
B0DSCQPXV8,asdfkghj
B0DS5Z2RZH,asdfkghj
B0DS5M5J57,asdfkghj
B0DRW18HBY,asdfkghj
B0DRSDN4HT,asdfkghj
B0DR8PQ7NG,asdfkghj
B0DR8PL2K4,asdfkghj
B0DQJF8V3Z,asdfkghj
B0DQDBH8F8,asdfkghj
B0DQ97K7FB,asdfkghj
B0DQ3Y2XRM,asdfkghj
B0DQ3VQ6B6,asdfkghj
B0DPJWGCKH,asdfkghj
B0DPHYF6QL,asdfkghj
B0BJ8M52FB,asdfkghj
B09XVDKCJK,asdfkghj
B09KPQLQG7,asdfkghj
B09GB6WJ46,asdfkghj
B08XYS7FH3,asdfkghj
B08NWKM7W1,asdfkghj
B089Q4RRBP,asdfkghj
B07GHZYGJ5,asdfkghj
B01END9FIM,asdfkghj
B0D78H7S8P,asdfkghj
B0D5YCLC6W,asdfkghj
B0D3Q9KC1T,asdfkghj
B0D2XS268G,asdfkghj
B0D1VD5VMR,asdfkghj
B0CT2HZT2H,asdfkghj
B0CSJV14RF,asdfkghj
B0CQ52BR46,asdfkghj
B0CN5G2JD2,asdfkghj
B0CJYK2V7P,asdfkghj
B0CGZY8FZ9,asdfkghj
B0CF5RX16K,asdfkghj
B0C5D4KGH4,asdfkghj
B0BYYLJZCD,asdfkghj
B0BVPXX1GW,asdfkghj
B0BSTCPXR4,asdfkghj
B0DFXSPLWL,asdfkghj
B0DG5MBRW4,asdfkghj
B0D98KV4SM,asdfkghj
B0DK1B9GM8,asdfkghj
B0C9NFL1GS,asdfkghj
B09D3BMQYL,asdfkghj
B0D83CCYTD,asdfkghj
B0CPYJWDPZ,asdfkghj
B099PCM7QK,asdfkghj
B07VBZTDQQ,asdfkghj
B0CZHDZJSP,asdfkghj
B00EK9583Q,asdfkghj
B0CXHSQC7S,asdfkghj
B0BB4XVJNC,asdfkghj
B0DRBZYJT4,asdfkghj
B0BZ9JJV4X,asdfkghj
B08GC9NSRC,asdfkghj
B0CRRWYY92,asdfkghj
B0CK15Q8MQ,asdfkghj
B09XMRW1XF,asdfkghj
B0D1C62335,asdfkghj
B0DCVSTQHM,asdfkghj
B0D8YWYWTJ,asdfkghj
B0D1Y4321K,asdfkghj
B0D3V5X8CT,asdfkghj
B0CXXX5W7S,asdfkghj
B0DFCKJ3XC,asdfkghj
B0CP378Z4D,asdfkghj
B0DQYWCC6B,asdfkghj
B007AZ89WO,asdfkghj
B006VOUYBE,asdfkghj
B0DPX3PYDS,asdfkghj
B0CQJXYTXG,asdfkghj
B0D3KQXV8W,asdfkghj
B0D9K967ZV,asdfkghj
B0CTGZL92S,asdfkghj
B0CMX848D2,asdfkghj
B0D6YVGZ15,asdfkghj
B0D2H2CZZM,asdfkghj
B0CW65CBJ8,asdfkghj
B09YRPQ7DQ,asdfkghj
B0CTD2ZW9P,asdfkghj
B0DXF8J2Z1,asdfkghj
B0CYTBSC92,asdfkghj
B0CNSNX3GF,asdfkghj
B0D57T724Z,asdfkghj
B0DJ2M2VGR,asdfkghj
B0B8MJ2Y4D,asdfkghj
B09GFKCX4Z,asdfkghj
B0D7ZSTB2P,asdfkghj
B0CZRVBDRK,asdfkghj
B0CCRR6NGF,asdfkghj
B08JGF18N2,asdfkghj
B004NQEALC,asdfkghj
B0DD48P98T,asdfkghj
B0DCJWZG3M,asdfkghj
B0DCJ75DCV,asdfkghj
B0D7HH73QZ,asdfkghj
B0CSFNWTD4,asdfkghj
B0CSFBKJD6,asdfkghj
B0DG7H2FL4,asdfkghj
B09DQCFYD8,asdfkghj
B095CTS3CC,asdfkghj
B0D3M2N6CP,asdfkghj
B0CMHM9CZS,asdfkghj
B0B6GPB2KL,asdfkghj
B0DCNT38VF,asdfkghj
B0C7L1MJPL,asdfkghj
B015ULU8HI,asdfkghj
B0CRRVHPNB,asdfkghj
B09ZVLKHSS,asdfkghj
B09X4MC7C2,asdfkghj
B0DBZP5VB4,asdfkghj
B0C2HLKXVP,asdfkghj
B0D9FP4D7B,asdfkghj
B0CV7K476P,asdfkghj
B0CGHVDHBC,asdfkghj
B0DS5CVRLQ,asdfkghj
B00Q9M4AIG,asdfkghj
B00VS57EFA,asdfkghj
B0CNBPYTVR,asdfkghj
B0DB84HL4H,asdfkghj
B0CKHKS2W7,asdfkghj
B0CF5RCG3N,asdfkghj
B0B7XPV4PG,asdfkghj
B0DM1BD4TG,asdfkghj
B0B5R85ZF6,asdfkghj
B0DLVX7689,asdfkghj
B09NVL5HJ8,asdfkghj
B0DK14DXNW,asdfkghj
B0BMVDG81P,asdfkghj
B01IDWRPHW,asdfkghj
B0CLJ46LRK,asdfkghj
B0D3XYXWGT,asdfkghj
B09Q7XRMC2,asdfkghj
B0DLNZPTZX,asdfkghj
B0DWMQFBX7,asdfkghj
B0DT9N7Z75,asdfkghj
B0DSHY38SW,asdfkghj
B0DS9VQZZ4,asdfkghj
B0DS5LQ83D,asdfkghj
B0DS527BK3,asdfkghj
B0DRY6MP7N,asdfkghj
B0DRXDMLKK,asdfkghj
B0DQPWJ8HH,asdfkghj
B0DQPJ7D8C,asdfkghj
B0DPQJV428,asdfkghj
B0DP975J6T,asdfkghj
B0DP5YRHMQ,asdfkghj
B0DNFMCJYR,asdfkghj
B0DNFDF427,asdfkghj
B0DMSBQ4B3,asdfkghj
B0CLR12XM3,asdfkghj
B0DK4M8MK5,asdfkghj
B0DDPKJDFR,asdfkghj
B0D7Q635YG,asdfkghj
B0D7H2C2CJ,asdfkghj
B0D2CPTJ9N,asdfkghj
B0CL4R7SLT,asdfkghj
B0CDG1NGQN,asdfkghj
B0B6LVCS7L,asdfkghj
B0B241CBSF,asdfkghj
B08LCQJJN1,asdfkghj
B086P7L1XV,asdfkghj
B082YGB1Y5,asdfkghj
B0DYMDVL51,asdfkghj
B0DY7BQR7J,asdfkghj
B0DXDYJNXJ,asdfkghj
B0DLL1YX52,asdfkghj
B0DK57288F,asdfkghj
B0DJ8Y6RR3,asdfkghj
B0DHXSCZ6B,asdfkghj
B0DHD98H9Y,asdfkghj
B0DFGXZGR4,asdfkghj
B0DDTJ2GP6,asdfkghj
B0DCNXLGPL,asdfkghj
B0DC6RZBJQ,asdfkghj
B0D24WZPJM,asdfkghj
B0D22GRFPC,asdfkghj
B0CWNZGVYL,asdfkghj
B0CPSN41W9,asdfkghj
B0CNR72SJ5,asdfkghj
B0CC4SPR2V,asdfkghj
B0C5H76Y7K,asdfkghj
B0C6T5BNBC,asdfkghj
B094B7J6MS,asdfkghj
B0D8JP9C7G,asdfkghj
B0CZ3WR4WQ,asdfkghj
B09NMC3M38,asdfkghj
B076T8LCXH,asdfkghj
B0DP6J7DR4,asdfkghj
B0CWML43V6,asdfkghj
B0DMNHZGYC,asdfkghj
B0C8STQR21,asdfkghj
B0DJP93LMK,asdfkghj
B0DWFBGJSH,asdfkghj
B0D737HH4W,asdfkghj
B0DVC6HQ5Z,asdfkghj
B0D736RS4L,asdfkghj
B0DRVBSRFV,asdfkghj
B0BTS49JTK,asdfkghj
B0BQMRHJNL,asdfkghj
B0BHZ31TDH,asdfkghj
B0B1WF4BNB,asdfkghj
B0B11LSM1H,asdfkghj
B09RJ4JBM1,asdfkghj
B09HCSPH4K,asdfkghj
B08VC6MCZV,asdfkghj
B08LGKMDBP,asdfkghj
B07FKS59Y7,asdfkghj
B01E2R25UY,asdfkghj
B0CXHVFJNL,asdfkghj
B0DCG3Z13G,asdfkghj
B0D1BZYPT5,asdfkghj
B0DS3ZXXMR,asdfkghj
B0CQTLW436,asdfkghj
B0D62Y2Q3F,asdfkghj
B0C777CXK8,asdfkghj
B00FLXU6HS,asdfkghj
B0D3HSB3LT,asdfkghj
B07622L6X8,asdfkghj
B0CL3YV6B5,asdfkghj
B0D38Q3DCY,asdfkghj
B09Q2YVGYF,asdfkghj
B0DPNF6ZD8,asdfkghj
B0CWMY8LZC,asdfkghj
B0D14FS87T,asdfkghj
B08CS6F8VN,asdfkghj
B0DQQYMRJH,asdfkghj
B0DNQMP3VN,asdfkghj
B0DK1BQXB2,asdfkghj
B0BNQWRKGH,asdfkghj
B0DJ74JLQ7,asdfkghj
B0DNNYKC79,asdfkghj
B0DJ5MMMY3,asdfkghj
B0DFH9B6C8,asdfkghj
B0D9NJGW5B,asdfkghj
B0DHF63BQW,asdfkghj
B0D4ZG3253,asdfkghj
B0C3JHV2R4,asdfkghj
B0D2XQ79TR,asdfkghj
B0CGSQS82B,asdfkghj
B0D2XHDF1N,asdfkghj
B0C9D22YCZ,asdfkghj
B0D17LNZQ9,asdfkghj
B0D17V27F9,asdfkghj
B0CSKKPTCV,asdfkghj
B0D36X6V2Y,asdfkghj
B0CPM8PDNW,asdfkghj
B0CQPPB5L3,asdfkghj
B0CK7MWP1W,asdfkghj
B0CJHNPLB4,asdfkghj
B0DNXRMZ4N,asdfkghj
B0CF9SBGKY,asdfkghj
B0CZD8HLHG,asdfkghj
B0BVBJLJ2L,asdfkghj
B0DDNKK38Y,asdfkghj
B0BJZ8643Y,asdfkghj
B0CDXJB2DD,asdfkghj
B0BH5CG3PL,asdfkghj
B0CD9DW76X,asdfkghj
B09Z7T2Q5M,asdfkghj
B008FPPDT0,asdfkghj
B09TSFW43L,asdfkghj
B09WDMB54W,asdfkghj
B09TCP5CQH,asdfkghj
B0DFQF7X12,asdfkghj
B09MLH287W,asdfkghj
B0829TYDRK,asdfkghj
B08WRK5JXH,asdfkghj
B0CSVK9P5L,asdfkghj
B08651JVG3,asdfkghj
B0DJT1GBRC,asdfkghj
B07M8NQPLK,asdfkghj
B0D2RWNTFF,asdfkghj
B01532I1B4,asdfkghj
B0DR1GQ2FL,asdfkghj
B0CH9ST891,asdfkghj
B01KR7E5MY,asdfkghj
B0CP734K2T,asdfkghj
B081C7Z523,asdfkghj
B0DKPG9N51,asdfkghj
B0DK52XFSX,asdfkghj
B09MBV377F,asdfkghj
B08DVDDYV1,asdfkghj
B0CG2D87KV,asdfkghj
B07Y1CW18R,asdfkghj
B0CKN2VM5P,asdfkghj
B0B99HXS3G,asdfkghj
B09VSVSH1H,asdfkghj
B0DCJD6GSZ,asdfkghj
B0C1YGYHLT,asdfkghj
B09KHN3C5Y,asdfkghj
B08S78H7MD,asdfkghj
B0728D1MGP,asdfkghj
B00MHO65O2,asdfkghj
B0057NCJEA,asdfkghj
B0DYHT8BKY,asdfkghj
B0DYHQLH2R,asdfkghj
B0DYHCQ44K,asdfkghj
B0DY3WXP1B,asdfkghj
B0DW92TJ1X,asdfkghj
B0DTWLVKWZ,asdfkghj
B0DTCQ8BB5,asdfkghj
B0DT79Y3BK,asdfkghj
B0DT47RGX2,asdfkghj
B0DT45DJBT,asdfkghj
B0DNSY7TQW,asdfkghj
B0DN1DFHCJ,asdfkghj
B0DLXP3L5V,asdfkghj
B0DLGTB9BT,asdfkghj
B0DKSXDWBB,asdfkghj
B0DK8LRTBL,asdfkghj
B0DJKHB9VY,asdfkghj
B0DHGKHXNR,asdfkghj
B0DHGG7V71,asdfkghj
B0DFL9BN9S,asdfkghj
B0DDX8YMDN,asdfkghj
B0DDWJYT3L,asdfkghj
B0DC58663T,asdfkghj
B0DBV1XRL7,asdfkghj
B0DB1T2F9N,asdfkghj
B0D9MYT4X7,asdfkghj
B0D9GTJQSQ,asdfkghj
B0D8ZWC2JR,asdfkghj
B0D8KDWQZ5,asdfkghj
B0D7RSQJS5,asdfkghj
B0D7Q38XLB,asdfkghj
B0D73K3P92,asdfkghj
B0D25GHD3X,asdfkghj
B0CV4JHBGG,asdfkghj
B0CT5815X7,asdfkghj
B0CSSW9LSN,asdfkghj
B0CRJXJVTV,asdfkghj
B0CLTGH7YK,asdfkghj
B0CH9JW1NP,asdfkghj
B0CDLBFJ25,asdfkghj
B0CD3YNNR7,asdfkghj
B0CCYG27QL,asdfkghj
B0C85J3DM1,asdfkghj
B0C1N8XM38,asdfkghj
B0BG9QQ4Q9,asdfkghj
B0BZVHG4GT,asdfkghj
B0BZP8FYYT,asdfkghj
B09X3W7V9D,asdfkghj
B0CH2WLTV1,asdfkghj
B0C4PN3SYG,asdfkghj
B0D413FDLD,asdfkghj
B0CY259ZC1,asdfkghj
B0CLH6NCH6,asdfkghj
B089W65TZP,asdfkghj
B0DG2MKSDJ,asdfkghj
B0DFDQJPSB,asdfkghj
B0D3ZSGJHB,asdfkghj
B0CFV1K3FN,asdfkghj
B0CBB1CW87,asdfkghj
B0CB1FQBHF,asdfkghj
B0C8B2J6FD,asdfkghj
B0BYFG9SYF,asdfkghj
B0BRTBL3VV,asdfkghj
B09N35XW4Z,asdfkghj
B099738SZ9,asdfkghj
B08S436WJP,asdfkghj
B08NS6ZT9Z,asdfkghj
B0868KHSP2,asdfkghj
B084T1Y48X,asdfkghj
B07WJWTW4B,asdfkghj
B07WHW734Z,asdfkghj
B004BP426S,asdfkghj
B0DSKGGYLR,asdfkghj
B0DSBV3TC9,asdfkghj
B0DS9KQ2TK,asdfkghj
B0DRWM917L,asdfkghj
B0DRV7MPD9,asdfkghj
B0DRNW66RM,asdfkghj
B0DRJZ29WJ,asdfkghj
B0DRHPVDC3,asdfkghj
B0DRC8ZKVY,asdfkghj
B0DQXYRWWS,asdfkghj
B0DQVGB6YQ,asdfkghj
B0DQLWCX4R,asdfkghj
B0DQ86W7HY,asdfkghj
B0DPQ9NXN8,asdfkghj
B0DPMNQ6SD,asdfkghj
B0DNWMPLY1,asdfkghj
B0D8RNX734,asdfkghj
B0BCG3TGNH,asdfkghj
B0C6R5XFCP,asdfkghj
B0CB9ZFQ9K,asdfkghj
B079VM8C3L,asdfkghj
B001G0MC40,asdfkghj
B0CQYWVF2W,asdfkghj
B09KV4L65N,asdfkghj
B095SSX9N6,asdfkghj
B0D6VLCJPV,asdfkghj
B0CKR5TN61,asdfkghj
B0BR8F4B2R,asdfkghj
B0C7KW8132,asdfkghj
B0CGZSKGCL,asdfkghj
B084QFDVDT,asdfkghj
B0B9Q64FW1,asdfkghj
B0D6RF234X,asdfkghj
B0D841JM6S,asdfkghj
B0BL6SYXJN,asdfkghj
B0D8VP3H6C,asdfkghj
B0D8HTPM5T,asdfkghj
B06XKPPGNV,asdfkghj
B0D3PSW4N1,asdfkghj
B09W99B4S9,asdfkghj
B0B9VQH82K,asdfkghj
B0936LPZKQ,asdfkghj
B0CLQSD7MF,asdfkghj
B00B4HPGTI,asdfkghj
B0C3C8X6KF,asdfkghj
B0C3CJ5M5Q,asdfkghj
B00V6OF0ZY,asdfkghj
B0BMLJT3LM,asdfkghj
B07PRHCYD5,asdfkghj
B0DT12QP9Z,asdfkghj
B0D8T9VN2D,asdfkghj
B0DSB4H749,asdfkghj
B0DCW4Z3Q6,asdfkghj
B0DQ3P7FQF,asdfkghj
B0BZRY3C4K,asdfkghj
B0DP5YR6TW,asdfkghj
B0CRVTMSLT,asdfkghj
B0DP1ZLT12,asdfkghj
B0BNP6C9DR,asdfkghj
B0DNSHRYWC,asdfkghj
B0C4BDZRG6,asdfkghj
B0DNJZJXHM,asdfkghj
B0DGXQHWXK,asdfkghj
B0BWD64LZH,asdfkghj
B0DFMR8WPX,asdfkghj
B0D59Q1MLS,asdfkghj
B0D9F9DN53,asdfkghj
B0C3V6VWVQ,asdfkghj
B0D6BFBD87,asdfkghj
B0D4QK8JSY,asdfkghj
B0D59B3Y17,asdfkghj
B0DM25CFVR,asdfkghj
B0CN2NCKK5,asdfkghj
B0CXX93C25,asdfkghj
B0DBLJMYF5,asdfkghj
B0CSCW6RJS,asdfkghj
B0CMQ5TZK7,asdfkghj
B0CPJ4ZFNK,asdfkghj
B0CN1NP23P,asdfkghj
B0CGCPTCNY,asdfkghj
B0CJBYFWK4,asdfkghj
B0CGCLPCQC,asdfkghj
B0DNPYZ6RJ,asdfkghj
B0C6YH8LQ4,asdfkghj
B0DK1JWMNV,asdfkghj
B0C4TGDJP6,asdfkghj
B0D9GL1HKR,asdfkghj
B0BHC953D9,asdfkghj
B0DN6SHVJJ,asdfkghj
B0B6BPNKXT,asdfkghj
B0DHLD8QMB,asdfkghj
B093CH7D1S,asdfkghj
B0BXH4Y66F,asdfkghj
B08RDXMJRT,asdfkghj
B0DD6PT9TH,asdfkghj
B08KYJJ5QK,asdfkghj
B0DWMH4NSW,asdfkghj
B0DDT2JD2W,asdfkghj
B0DB8N4S6H,asdfkghj
B0CH8BLPR8,asdfkghj
B09T6WMK61,asdfkghj
B0B6N7N8D4,asdfkghj
B0DDM4M6BT,asdfkghj
B01N5HZJK3,asdfkghj
B0D78RB9BW,asdfkghj
B01GGWRWHE,asdfkghj
B0CWF6D6FS,asdfkghj
B0DPW28THR,asdfkghj
B0F1T67VHJ,asdfkghj
B0D848755L,asdfkghj
B07R54M692,asdfkghj
B0D6R1TC23,asdfkghj
B0D7HR2Z2N,asdfkghj
B0D2BBWYBQ,asdfkghj
B0CX1XS7ZV,asdfkghj
B0DPP6C4X1,asdfkghj
B0CC6HMHJ7,asdfkghj
B0C191HY6C,asdfkghj
B0BV98WT2P,asdfkghj
B0BB1JK9P5,asdfkghj
B09LTYL212,asdfkghj
B005VOOHUE,asdfkghj
B0CJ7QBQX8,asdfkghj
B0BKSZLHVB,asdfkghj
B0BBP496W9,asdfkghj
B09MN41YFP,asdfkghj
B0D4F5BXHY,asdfkghj
B0CF52B915,asdfkghj
B0C8YRKNXF,asdfkghj
B0C8XRWP1R,asdfkghj
B0C5XN1VT7,asdfkghj
B0C16GR6DZ,asdfkghj
B09SF1BCNH,asdfkghj
B08JZHSCYX,asdfkghj
B00D4DP5FA,asdfkghj
B0DYHVR3QG,asdfkghj
B0DWSSJTVN,asdfkghj
B0DW7TD77C,asdfkghj
B0DT68KV85,asdfkghj
B0DSZRJWPK,asdfkghj
B0DSW8H5P6,asdfkghj
B0DSVQFYW8,asdfkghj
B0DSFTJJFC,asdfkghj
B0DSBDYB41,asdfkghj
B0DRRTRPP2,asdfkghj
B0DRP8B2NQ,asdfkghj
B0DQLBS4MC,asdfkghj
B0DQH5TKXK,asdfkghj
B0DQ829H8X,asdfkghj
B0DPYXV3JH,asdfkghj
B0DPVN1HH2,asdfkghj
B0DPFSB1GX,asdfkghj
B0DPF8C9RR,asdfkghj
B0DP21WVQJ,asdfkghj
B0DN63W36K,asdfkghj
B0DM5V96ZW,asdfkghj
B0DKJ63MM7,asdfkghj
B0DJGBYB7R,asdfkghj
B0DHWQ2HBX,asdfkghj
B0DH8599W4,asdfkghj
B0DG7RGLDN,asdfkghj
B0DG5H212N,asdfkghj
B0DF6Z33V1,asdfkghj
B0DDPCRH8W,asdfkghj
B0D8Y5P9XZ,asdfkghj
B0D7GH69SX,asdfkghj
B0D7BNQ5XT,asdfkghj
B0D6LDD8ZQ,asdfkghj
B0D629H79L,asdfkghj
B0D3F65PNZ,asdfkghj
B0CZL7NL29,asdfkghj
B0CXJ29XSX,asdfkghj
B0CXDQ2L3P,asdfkghj
B0CX1J986C,asdfkghj
B0CRJVRYG1,asdfkghj
B0CQY5T75W,asdfkghj
B0CQRBHVZ9,asdfkghj
B0CQN4W41B,asdfkghj
B0CM3DKJ55,asdfkghj
B0CHYLZ329,asdfkghj
B0CFY176DD,asdfkghj
B0CBL31ZGC,asdfkghj
B0CBHD9635,asdfkghj
B0C6K9R6DQ,asdfkghj
B0C5CQV9YB,asdfkghj
B0BZM6BJH4,asdfkghj
B0BRD5JGHW,asdfkghj
B0BQRPS7M4,asdfkghj
B0BPS94S49,asdfkghj
B09NR89C1P,asdfkghj
B091CGMS11,asdfkghj
B08XMB71R5,asdfkghj
B07YCBDBPC,asdfkghj
B0159AULG8,asdfkghj
B012MC2K1K,asdfkghj
B0C1ZXQLP4,asdfkghj
B0DQ4KHD7Y,asdfkghj
B0C93G6XM4,asdfkghj
B0DKG4LMNZ,asdfkghj
B0C1ML97VX,asdfkghj
B0DKFDFDKC,asdfkghj
B0CN8RQYDG,asdfkghj
B0DK55YLZF,asdfkghj
B06XXXQQTN,asdfkghj
B0DD5H31F8,asdfkghj
B0C9CKRHKQ,asdfkghj
B0DCSFKSR9,asdfkghj
B0D9GTZ2XD,asdfkghj
B0DBLM3X8L,asdfkghj
B0CJBMG5SQ,asdfkghj
B0D7VD9QB5,asdfkghj
B0C54C8NWR,asdfkghj
B0D7NLVSH4,asdfkghj
B0DDWFDL7B,asdfkghj
B0D6XZ354S,asdfkghj
B0CWRLYH6G,asdfkghj
B0D4TL9DRM,asdfkghj
B0CBPYRVJK,asdfkghj
B0D4QK83FD,asdfkghj
B08HR5GQX2,asdfkghj
B0CJLBX3K9,asdfkghj
B0BRCFR54D,asdfkghj
B0CJHVDVP8,asdfkghj
B086D9X8TP,asdfkghj
B0CG1MV1JX,asdfkghj
B07MXN92DK,asdfkghj
B0BS6JWX7M,asdfkghj
B0D2N7W57R,asdfkghj
B09L73X48C,asdfkghj
B0CT9SXGTX,asdfkghj
B0CPBSS7S9,asdfkghj
B01N4S1Y22,asdfkghj
B0CJJ4HSYC,asdfkghj
B0D9VVT6L6,asdfkghj
B0DSBHY4JL,asdfkghj
B00O719MH0,asdfkghj
B0CFR4FH8Q,asdfkghj
B0DS469KG2,asdfkghj
B0D3XJHWZM,asdfkghj
B0DD3CBR18,asdfkghj
B0DRYMT2WR,asdfkghj
B0C3XGQ5Y8,asdfkghj
B0DRC41VCR,asdfkghj
B0CQ1W9F76,asdfkghj
B0B58KJV9J,asdfkghj
B0CZDD599Z,asdfkghj
B08KTJQ3MZ,asdfkghj
B0CPCGSSFD,asdfkghj
B0BD4MVJ2F,asdfkghj
B0CM273M93,asdfkghj
B08KSTHWH9,asdfkghj
B07B4WPKGS,asdfkghj
B0D8HZ3LRM,asdfkghj
B0D1T4HBJ8,asdfkghj
B0CYLR2ZMW,asdfkghj
B07BNYR1V7,asdfkghj
B0D9WHDRW1,asdfkghj
B0CSK78WQS,asdfkghj
B093MT53YV,asdfkghj
B07BVCDC59,asdfkghj
B0CM9H6PBH,asdfkghj
B0BRMH39Z6,asdfkghj
B07L12Y4SN,asdfkghj
B0D7MHVYFW,asdfkghj
B0CF61DV67,asdfkghj
B0BZJFMMF1,asdfkghj
B0BX92M5HH,asdfkghj
B0D4DQ9TMY,asdfkghj
B0CTZC3PNC,asdfkghj
B09TH5RJRT,asdfkghj
B07MJZ1RFB,asdfkghj
B0DHS3YK7X,asdfkghj
B0DFMC5WRJ,asdfkghj
B0CWVQK1N5,asdfkghj
B0CWQ8G5W8,asdfkghj
B0CJFP1QB1,asdfkghj
B0CG98J1QG,asdfkghj
B0BZWN76JN,asdfkghj
B0BM3CTKVQ,asdfkghj
B0BM37Z3SF,asdfkghj
B0B9YN3294,asdfkghj
B0F17GH8RD,asdfkghj
B0DX76DFJP,asdfkghj
B0DWSPFSJ2,asdfkghj
B0DW982ZX1,asdfkghj
B0DVLRJWS1,asdfkghj
B0DVLLBWKV,asdfkghj
B0DVL9194J,asdfkghj
B0DTDSX2VW,asdfkghj
B0DT6RNQH5,asdfkghj
B0DSWHH4Y6,asdfkghj
B0BPXM1PFS,asdfkghj
B0BCF8MSF5,asdfkghj
B09XVMJQ44,asdfkghj
B08645GC9F,asdfkghj
B084X7WZYS,asdfkghj
B0827MMF5J,asdfkghj
B0DSWF28HV,asdfkghj
B0DSCBS92M,asdfkghj
B0DS76PH9R,asdfkghj
B0DS671F1N,asdfkghj
B0DRTV65TV,asdfkghj
B0DR6V2LM7,asdfkghj
B0DQGRL4JJ,asdfkghj
B0DPL9D7CM,asdfkghj
B0DPKB6FRT,asdfkghj
B0DPH1NN82,asdfkghj
B0DP8TD21C,asdfkghj
B0DP2FMPZW,asdfkghj
B0DNZ4ZC7N,asdfkghj
B0DNSSP933,asdfkghj
B0DM5BZ2K6,asdfkghj
B0DLNFSV4H,asdfkghj
B0D628GQ73,asdfkghj
B0D4Q9Q6JV,asdfkghj
B0D4PGC5Z2,asdfkghj
B0D223RRXH,asdfkghj
B0D13W939Y,asdfkghj
B0CSLZTNMS,asdfkghj
B0CQXDDFHZ,asdfkghj
B0CQCDXMVK,asdfkghj
B0CM95P41Q,asdfkghj
B0CJF64DX8,asdfkghj
B0CDC5652G,asdfkghj
B0CCD97GJ4,asdfkghj
B0C9CWN5HD,asdfkghj
B0C8JDVYRN,asdfkghj
B0C7QHSMHR,asdfkghj
B0C5X88K3Z,asdfkghj
B0DL7S1WZX,asdfkghj
B0DK2XNW9Y,asdfkghj
B0DGXR62YX,asdfkghj
B0DGTRV381,asdfkghj
B0DF67T3V8,asdfkghj
B0DF2DFPS1,asdfkghj
B0DBHSW44R,asdfkghj
B0D9RX7RYN,asdfkghj
B0D9B8VFQG,asdfkghj
B0D95X42BS,asdfkghj
B0D8W2BHHZ,asdfkghj
B0D8LGMMKC,asdfkghj
B0D83BN9MM,asdfkghj
B0D7ZYCXDW,asdfkghj
B0D7CC267R,asdfkghj
B0D66CYYYR,asdfkghj
B0000541WJ,asdfkghj
B07GSFVVDB,asdfkghj
B0DD7XJ8M6,asdfkghj
B0DVBJ8QD8,asdfkghj
B0D6BLF735,asdfkghj
B000ILYZ2K,asdfkghj
B085NY3RJQ,asdfkghj
B0DK54FR1Q,asdfkghj
B0C61PDPXD,asdfkghj
B0BVM52VPS,asdfkghj
B0DFBMPQDH,asdfkghj
B0CB1P62Z1,asdfkghj
B0CX1CLHD2,asdfkghj
B098DBK1T7,asdfkghj
B09P2QPGW1,asdfkghj
B0BK2HGYDX,asdfkghj
B0DW3YKR28,asdfkghj
B0DM8Z48QP,asdfkghj
B0DTJRVKSV,asdfkghj
B0C77N9PQC,asdfkghj
B0DS6Y5WQM,asdfkghj
B0CFB8TQXD,asdfkghj
B0DS11P89V,asdfkghj
B0CRJZT9Z1,asdfkghj
B0DQ1254XJ,asdfkghj
B0C5WJFT7Z,asdfkghj
B0DMTK5D39,asdfkghj
B09NZV16D6,asdfkghj
B0DKJ25FN4,asdfkghj
B0D8VPS526,asdfkghj
B0DK98RBZZ,asdfkghj
B0D66Q7WSL,asdfkghj
B0CKTBL3T3,asdfkghj
B0CQCG4DDT,asdfkghj
B0CG8PKXK5,asdfkghj
B09FH24TF2,asdfkghj
B0CFY1L9JL,asdfkghj
B08HPWWM4W,asdfkghj
B0BRC8FKQS,asdfkghj
B0CLL2SDTZ,asdfkghj
B08D7FNY7N,asdfkghj
B0CBMR7MS1,asdfkghj
B0DZXS6R28,asdfkghj
B0758NGNGT,asdfkghj
B0DZXPCC2Y,asdfkghj
B01N4GOSSN,asdfkghj
B0DYV2PDFK,asdfkghj
B0CGTG8RY9,asdfkghj
B0DHRQJ22M,asdfkghj
B0C77SBTH8,asdfkghj
B0DCNDMN58,asdfkghj
B08P6ZTXB8,asdfkghj
B0DC1VYM71,asdfkghj
B0DTK4HNP5,asdfkghj
B0DBL9C1J6,asdfkghj
B0BR3MFNFF,asdfkghj
B0DB6ZRCPY,asdfkghj
B08BJPWBNL,asdfkghj
B0D9Q7MK17,asdfkghj
B0CJCM9PJZ,asdfkghj
B0D986LMWY,asdfkghj
B0D9R2ZZN8,asdfkghj
B0D97LPYBZ,asdfkghj
B0D1QKCV4S,asdfkghj
B0D93KYKCN,asdfkghj
B00KRFF9RC,asdfkghj
B0D8KZVYZ3,asdfkghj
B0CKWD26Q7,asdfkghj
B0D45Z2245,asdfkghj
B0DQ1CRRZR,asdfkghj
B0D2XV5HBL,asdfkghj
B0CGXNYH9W,asdfkghj
B0CX179HHL,asdfkghj
B08QZCD7RZ,asdfkghj
B0CVSF4RBX,asdfkghj
B0D46ZXT4X,asdfkghj
B0CNCK8D83,asdfkghj
B0B6GJFYZQ,asdfkghj
B0CFRC2KM2,asdfkghj
B0DLNFPTNG,asdfkghj
B0CST2DBCV,asdfkghj
B0BNP673LJ,asdfkghj
B0D9XL8GQJ,asdfkghj
B0B683VQ97,asdfkghj
B0DQYK9MVR,asdfkghj
B07TF2GK4B,asdfkghj
B0D46YNGBH,asdfkghj
B07D7QN6Q2,asdfkghj
B0C89TV2V4,asdfkghj
B00QG4DVM8,asdfkghj
B0BYP1DLVD,asdfkghj
B0CTR3XH9Z,asdfkghj
B0BCL3QH9P,asdfkghj
B0CX5C6XQQ,asdfkghj
B0DCN172MS,asdfkghj
B0DM8QJX5F,asdfkghj
B0C799VRWR,asdfkghj
B0CX96HV8T,asdfkghj
B0C3HBB66W,asdfkghj
B0CR5QXCXV,asdfkghj
B0BS6J8237,asdfkghj
B0CQZJ6DGM,asdfkghj
B0BH6F5XGH,asdfkghj
B0BVQKVWJ3,asdfkghj
B093PYZKLV,asdfkghj
B0BVJH8BR3,asdfkghj
B08Z8HP8PZ,asdfkghj
B09YTLPPVJ,asdfkghj
B071W142JY,asdfkghj
B08D7J3V3P,asdfkghj
B014E6ALQ8,asdfkghj
B0D9PYRQXX,asdfkghj
B0DK5T2FTH,asdfkghj
B0CCNXFJ85,asdfkghj
B07J5C6J9V,asdfkghj
B0D945L6XX,asdfkghj
B0CGRFDZH1,asdfkghj
B0BRM9V7HP,asdfkghj
B0D4VV1FK8,asdfkghj
B07YJYBGFZ,asdfkghj
B0B92C7GGR,asdfkghj
B0D7C52XLT,asdfkghj
B0CHMMTP94,asdfkghj
B0DT9F8XGT,asdfkghj
B0BJTWGPSZ,asdfkghj
B0CLM1CCDQ,asdfkghj
B0CMQBJVHT,asdfkghj
B0087OTTPI,asdfkghj
B07DC1XTGT,asdfkghj
B079YXK2CF,asdfkghj
B0DCBW1JT7,asdfkghj
B0CTJGCXV3,asdfkghj
B0CQS6HB8X,asdfkghj
B0CMHS17KT,asdfkghj
B0C6MBWTDC,asdfkghj
B0BLVJ7B3W,asdfkghj
B09PVJ51KY,asdfkghj
B07B54R7LZ,asdfkghj
B0DGKDW6KT,asdfkghj
B0DG2SM34G,asdfkghj
B0DCZ3SS7Z,asdfkghj
B0DCYY4YVY,asdfkghj
B0D1V6D7CJ,asdfkghj
B0CW33KGKF,asdfkghj
B0CTQCP7Y4,asdfkghj
B0CRHN1DL9,asdfkghj
B0CJ8YCX9X,asdfkghj
B0CHVBLQJZ,asdfkghj
B0CCNRH7WD,asdfkghj
B0C4SRMXB1,asdfkghj
B0BYGJDHWS,asdfkghj
B0BQV1RG6H,asdfkghj
B09M5XHV1Q,asdfkghj
B08FBXXZNF,asdfkghj
B0DX1GB7X9,asdfkghj
B0DWFY9N6V,asdfkghj
B0DTHD2RST,asdfkghj
B0DSZQPVD4,asdfkghj
B0DSGZ1QJQ,asdfkghj
B0DS8Y9SBR,asdfkghj
B0DS75HFK1,asdfkghj
B0DS45D17K,asdfkghj
B0DS21X3SD,asdfkghj
B0DRW3M9VM,asdfkghj
B0DRP3MB54,asdfkghj
B0DRJPLKQ5,asdfkghj
B0DQPTCV37,asdfkghj
B0DQ1C62DN,asdfkghj
B0DPSNT5V1,asdfkghj
B0DP2GBKJF,asdfkghj
B0DMN6G614,asdfkghj
B0DLWJ4QS1,asdfkghj
B0DLFMRLLL,asdfkghj
B0DKFBBPXK,asdfkghj
B0DJ2V58PZ,asdfkghj
B0DHX6RHZ7,asdfkghj
B0DHSHLH32,asdfkghj
B0DH2HPCJR,asdfkghj
B0DGGBDHWX,asdfkghj
B0DFM8JGLP,asdfkghj
B0DF6XMT4K,asdfkghj
B0DCY8L4GV,asdfkghj
B0DC5RY8R9,asdfkghj
B0D93DQWXD,asdfkghj
B0D7VCT8PG,asdfkghj
B0D728VN39,asdfkghj
B0D6VV49JR,asdfkghj
B0D6LG3GN9,asdfkghj
B0D46FB5NN,asdfkghj
B0D2XK2T1F,asdfkghj
B0D2X7PP1P,asdfkghj
B0CWPKPQ4T,asdfkghj
B0CC6L15H4,asdfkghj
B0C64RLMKV,asdfkghj
B0C2Q512N8,asdfkghj
B0C1FW3SMM,asdfkghj
B0BZ7PP4FF,asdfkghj
B0B9435666,asdfkghj
B0B941W9GY,asdfkghj
B0B93ZK7X9,asdfkghj
B09ZZPGYDB,asdfkghj
B09M7PGH9M,asdfkghj
B09M6MQRXS,asdfkghj
B09GF9JG8F,asdfkghj
B09D74HJN8,asdfkghj
B08LTVN8XG,asdfkghj
B08DYZ7QR6,asdfkghj
B08CRJKVGS,asdfkghj
B07TXDVVV3,asdfkghj
B01M0IEYB5,asdfkghj
B00E3OSDDU,asdfkghj
B00D2C5JCW,asdfkghj
B0CT2TYNDH,asdfkghj
B0CS56SB97,asdfkghj
B0CPLDSMBC,asdfkghj
B0CPHSVHFN,asdfkghj
B0CP3MQD4N,asdfkghj
B0CP1PGWPX,asdfkghj
B0CN786126,asdfkghj
B0CN36LFGB,asdfkghj
B0CKVKTHH3,asdfkghj
B0CHMHJ35M,asdfkghj
B0CH8G69Y6,asdfkghj
B0CG1FP3FC,asdfkghj
B0CFV4HM56,asdfkghj
B0CF2T5MR2,asdfkghj
B0CDTN2XPT,asdfkghj
B0CCR86CC7,asdfkghj
B0BMGVT1DX,asdfkghj
B0D1G3Q4GQ,asdfkghj
B0DFH1F92S,asdfkghj
B0CC2BGQTJ,asdfkghj
B07YDSXZ7B,asdfkghj
B0CSDBTJVY,asdfkghj
B0C7BHJFF5,asdfkghj
B0CGGVYV3X,asdfkghj
B0DP25CDX6,asdfkghj
B0C4LM3ZMY,asdfkghj
B0BGN7FXHD,asdfkghj
B0DBLQ8QPC,asdfkghj
B0CT5QV1QN,asdfkghj
B0DBHCW4R9,asdfkghj
B0CDGFP5KF,asdfkghj
B0D3GFTTXM,asdfkghj
B07M96LN9J,asdfkghj
B0D2N34ZT4,asdfkghj
B0DFYB1Z9Q,asdfkghj
B0CXXMJNLP,asdfkghj
B0C4KWPTMC,asdfkghj
B0CXDHZ327,asdfkghj
B08X17HC9X,asdfkghj
B0CR374BJQ,asdfkghj
B08X1L62YR,asdfkghj
B0CQLXG3RH,asdfkghj
B0BS1DFY4W,asdfkghj
B0CM1P8PRM,asdfkghj
B09CPFZN2S,asdfkghj
B0CBRG4QXG,asdfkghj
B0D8194R98,asdfkghj
B0C9NTWTXN,asdfkghj
B0733MZW2X,asdfkghj
B0CHJTS4W2,asdfkghj
B0CH9HY8L1,asdfkghj
B0D66CHPBW,asdfkghj
B0D22NMTFV,asdfkghj
B0CBD4LXV9,asdfkghj
B0DFWFL98N,asdfkghj
B0DDCJ6CJS,asdfkghj
B0CWRNRW8N,asdfkghj
B0C2CC65B2,asdfkghj
B0DD1RQ4ZN,asdfkghj
B0C9DJ1Y76,asdfkghj
B0C8JTHXQ5,asdfkghj
B0BVG5NHW7,asdfkghj
B0BP2CGDBW,asdfkghj
B09Q28F3Y1,asdfkghj
B0CKYGR7DX,asdfkghj
B0BYKB7MQM,asdfkghj
B0CVWV266P,asdfkghj
B0B4SL33T5,asdfkghj
B0BCGFL5HF,asdfkghj
B082HPT47V,asdfkghj
B0BQHYCL9P,asdfkghj
B0C6JZKL2G,asdfkghj
B0C35RSLT3,asdfkghj
B0813VCC81,asdfkghj
B0CZL376C3,asdfkghj
B0DNNTJ6W8,asdfkghj
B0CY1WNYD4,asdfkghj
B0B9RXYDK4,asdfkghj
B0DG2N4NJ2,asdfkghj
B0CY212ZMW,asdfkghj
B0DYVX819N,asdfkghj
B0DXFBQ7TN,asdfkghj
B0DX47R4NW,asdfkghj
B0DTJ5Y6LH,asdfkghj
B0DT15NKKK,asdfkghj
B0DSVQ32L4,asdfkghj
B0DSS7X5L7,asdfkghj
B0DSRHVL1C,asdfkghj
B0DSKSJW57,asdfkghj
B0DS645XFT,asdfkghj
B0DS58XNS5,asdfkghj
B0DS4KQPQ2,asdfkghj
B0DS2KH25N,asdfkghj
B0DRJFNV5W,asdfkghj
B0DRHYXMYB,asdfkghj
B0DQWYLF9W,asdfkghj
B0DP2D3NX2,asdfkghj
B0DNZ412Z1,asdfkghj
B0DM6BWS2H,asdfkghj
B0DLK84T8F,asdfkghj
B0DLK1YBLW,asdfkghj
B0DKXRPT3V,asdfkghj
B0DK4VJC2J,asdfkghj
B0DK1DZNLB,asdfkghj
B0DHXLY9DC,asdfkghj
B0DHCPTRQF,asdfkghj
B0DD7Q4NMS,asdfkghj
B0DD6FJKNJ,asdfkghj
B0DB1NTZGG,asdfkghj
B0D9VDCNZ1,asdfkghj
B0D8JBMS6F,asdfkghj
B0D8FMHNNZ,asdfkghj
B0D72G5L7R,asdfkghj
B0D6R45SBB,asdfkghj
B0D6K576PS,asdfkghj
B0D3V2NPYM,asdfkghj
B0CW62GS9D,asdfkghj
B0CR8PPWLT,asdfkghj
B0CLLSFKZ1,asdfkghj
B0BYKC7DXX,asdfkghj
B0BHBVPTLD,asdfkghj
B0B73PVJ6H,asdfkghj
B0B55NQ6XT,asdfkghj
B09Q67452R,asdfkghj
B09MTLQD66,asdfkghj
B0983NPVLF,asdfkghj
B0757ZS8YH,asdfkghj
B014N0U1RE,asdfkghj
B0CLKRNHRB,asdfkghj
B07SN259RP,asdfkghj
B07N437B4J,asdfkghj
B0CN2PZXFH,asdfkghj
B0CND58L2N,asdfkghj
B0DMVDX35X,asdfkghj
B0D41KKRHW,asdfkghj
B0CKQY3SCJ,asdfkghj
B0CMZD6YWN,asdfkghj
B00N8C7UVE,asdfkghj
B07M9WPTVH,asdfkghj
B01EKOHV62,asdfkghj
B0DR2BPDNR,asdfkghj
B0C4X9BBX8,asdfkghj
B0DK8HZNH5,asdfkghj
B0CDS7CKT7,asdfkghj
B0DRYZ5W5V,asdfkghj
B0DRD4G972,asdfkghj
B0DQ7ZQ9W1,asdfkghj
B0DND16L85,asdfkghj
B0DN9YZSBC,asdfkghj
B0DMW8HJTY,asdfkghj
B0DMNXVC1V,asdfkghj
B0DKXKHZX6,asdfkghj
B0DKTLBXTQ,asdfkghj
B0DKFDJJ3S,asdfkghj
B0DGLGR9PB,asdfkghj
B0DCFMCDYR,asdfkghj
B0D5CJYPBT,asdfkghj
B0D2W37LJ8,asdfkghj
B0D1LWTX8Z,asdfkghj
B0D1K7GHQV,asdfkghj
B0DK2ZSNFV,asdfkghj
B0BVT6XMW6,asdfkghj
B0DK1C9NF2,asdfkghj
B0D3XSWYQV,asdfkghj
B0DHVRZF9X,asdfkghj
B0CSBMB6T3,asdfkghj
B0D7H7C3NQ,asdfkghj
B0DSKH5P2G,asdfkghj
B0CT5ZSJ8D,asdfkghj
B0CMLJD39V,asdfkghj
B0BVDM2P9N,asdfkghj
B0CR75DVCL,asdfkghj
B0BGGY6XZ5,asdfkghj
B0BVZPTZHZ,asdfkghj
B0BGB4LZ15,asdfkghj
B0DKK3878G,asdfkghj
B07XYF5S5B,asdfkghj
B0DHR1T4RL,asdfkghj
B07MXNFY7C,asdfkghj
B0CMV6HX4Y,asdfkghj
B00FY336UY,asdfkghj
B0CPY3P6HX,asdfkghj
B0CFFBTW24,asdfkghj
B0DKDV8SCB,asdfkghj
B0CZ346LP8,asdfkghj
B09VTKY237,asdfkghj
B0CYKKYHVH,asdfkghj
B0D9PTS9BJ,asdfkghj
B0BWNNKH8T,asdfkghj
B00TQG6DRI,asdfkghj
B0DMRL4NHV,asdfkghj
B0D62WGP99,asdfkghj
B0002H0RUE,asdfkghj
B0002H0RT0,asdfkghj
B0CP6VVKMH,asdfkghj
B0BJ6M3JDW,asdfkghj
B0DJMVZ7DQ,asdfkghj
B0D78CS73J,asdfkghj
B0D1DQXGKR,asdfkghj
B0DMNKS398,asdfkghj
B0D8T4ZTJF,asdfkghj
B0BTYV753L,asdfkghj
B07MVY96MM,asdfkghj
B01733YYAS,asdfkghj
B0DPWZ4ZYF,asdfkghj
B0D3KSRK2S,asdfkghj
B0CYSQVCRQ,asdfkghj
B0CG8XRKTQ,asdfkghj
B0C2Z2PNV4,asdfkghj
B0B87C6W8B,asdfkghj
B094NGFCW3,asdfkghj
B08WZ7QHLM,asdfkghj
B0CZX8YK9Q,asdfkghj
B0CW2Z6PBH,asdfkghj
B0CN6Z7P86,asdfkghj
B0BWY419GG,asdfkghj
B0DWYJVGGV,asdfkghj
B0DWMPL8BS,asdfkghj
B0DW3MY834,asdfkghj
B0DTDT4WK7,asdfkghj
B0DT6MZX3C,asdfkghj
B0DT68LMZS,asdfkghj
B0DSVZ647B,asdfkghj
B0DSPJ7HTY,asdfkghj
B0CY1ZRMS5,asdfkghj
B0CR18722L,asdfkghj
B0CCPQBX62,asdfkghj
B0C8JZ4NR4,asdfkghj
B0C6L2VHK9,asdfkghj
B0C4VL24L1,asdfkghj
B0BMT51M2V,asdfkghj
B0BK9H6B1D,asdfkghj
B09RWCCSBR,asdfkghj
B09KQDCCC1,asdfkghj
B09G6836ZC,asdfkghj
B07ZK5CXZD,asdfkghj
B07Q3SP4H1,asdfkghj
B01BTJ81II,asdfkghj
B0DNV1BVBB,asdfkghj
B0CYH5L5K6,asdfkghj
B0DMNGMQKW,asdfkghj
B0BN5FF929,asdfkghj
B0DLKLBZ55,asdfkghj
B0BMRT76VB,asdfkghj
B0DKNKPZLP,asdfkghj
B0D3GZG7FQ,asdfkghj
B0DK1HL3LV,asdfkghj
B0759QRNP3,asdfkghj
B0DJ4SWTKC,asdfkghj
B0DDTFF7M9,asdfkghj
B0DDWZB7NY,asdfkghj
B0DG8NMYM1,asdfkghj
B0D959SC2J,asdfkghj
B0CHY4HWHL,asdfkghj
B0D8JM37F4,asdfkghj
B07Z29ZD3P,asdfkghj
B0D7CCBD8N,asdfkghj
B0DK334MRN,asdfkghj
B0D6YDW3HT,asdfkghj
B0D9CM66FM,asdfkghj
B0CWXX66PV,asdfkghj
B0CJ8WPD3J,asdfkghj
B0CSNKBM5N,asdfkghj
B0CDC3PW5R,asdfkghj
B0CKSWCWLR,asdfkghj
B0DD3RGZXF,asdfkghj
B0CJVPZH79,asdfkghj
B01MSYKV9K,asdfkghj
B0C1FZ1DPZ,asdfkghj
B0DC879N2Y,asdfkghj
B0BLZJNFCV,asdfkghj
B0CQ21S5VM,asdfkghj
B0BGT421F6,asdfkghj
B0CC4RWCB8,asdfkghj
B0BDPPNVQ9,asdfkghj
B0CS3C9JZK,asdfkghj
B0B85F9K4Z,asdfkghj
B0CPFFR6TC,asdfkghj
B08QHVXWXY,asdfkghj
B0CBC6CN8T,asdfkghj
B07Z3GKWH8,asdfkghj
B0D7CSCT1Y,asdfkghj
B0BZZTDKPJ,asdfkghj
B0CX9BLV3L,asdfkghj
B0977LGSQH,asdfkghj
B0DC6G7285,asdfkghj
B0CTC9Y2X3,asdfkghj
B0C2JXKM9X,asdfkghj
B072N8PSNR,asdfkghj
B0DPQDKWDD,asdfkghj
B0DBQ2V8P8,asdfkghj
B0CRH97G5X,asdfkghj
B0882TKG6Y,asdfkghj
B0DBDHXGRB,asdfkghj
B0DDZR5BVJ,asdfkghj
B0CJ56PF39,asdfkghj
B0C7VWK934,asdfkghj
B0C3V9FW47,asdfkghj
B0DKXWW5JJ,asdfkghj
B0DFHBLKPG,asdfkghj
B0DCCZZWNR,asdfkghj
B0D7LXZRNG,asdfkghj
B0D1YPZ8GY,asdfkghj
B0D1B4GMY8,asdfkghj
B0CWL4GZD6,asdfkghj
B0CQSVBZC5,asdfkghj
B0CDVTXHCD,asdfkghj
B0C539N19P,asdfkghj
B0BP6GK6TK,asdfkghj
B0BN5QVCCB,asdfkghj
B08CY7N8V8,asdfkghj
B00C5TUVXU,asdfkghj
B0DZ6GZVH2,asdfkghj
B0DZ69YRNL,asdfkghj
B0DYJXWPZR,asdfkghj
B0DXKVLSX3,asdfkghj
B0DWKN8JMR,asdfkghj
B0DWK5818M,asdfkghj
B0DV5XSVK6,asdfkghj
B0DTYQZ1MP,asdfkghj
B0DSW817H5,asdfkghj
B0DSPCJ1SX,asdfkghj
B0DSKMYYCB,asdfkghj
B0DSFX1RTW,asdfkghj
B0DSC9LF7D,asdfkghj
B0DSBQ41Q3,asdfkghj
B0DS1W3T1Z,asdfkghj
B0DRV6B6ZX,asdfkghj
B0DRPFWQLP,asdfkghj
B0DRHYHLQ8,asdfkghj
B0DRHY49NB,asdfkghj
B0DRCR6B2P,asdfkghj
B0DR2D66BF,asdfkghj
B0DQTPK4FY,asdfkghj
B08LLG3GZK,asdfkghj
B0D44YVFJG,asdfkghj
B0CZLHS6S7,asdfkghj
B07D9GWMW6,asdfkghj
B0CH15RY37,asdfkghj
B0C7QL2YWS,asdfkghj
B0D4MNFJ77,asdfkghj
B0DSWDPJVC,asdfkghj
B0C4FSFBNP,asdfkghj
B0CNQX288Q,asdfkghj
B0DSC26G69,asdfkghj
B0DJXW9PDQ,asdfkghj
B0DHCBKTP4,asdfkghj
B0DQGRRZ5Z,asdfkghj
B083ZZ531W,asdfkghj
B09LF2GPBH,asdfkghj
B0DQ43TJV1,asdfkghj
B0DK73BVG6,asdfkghj
B0DDTR2S2Z,asdfkghj
B0DD7QNWFM,asdfkghj
B0D8HYN8KC,asdfkghj
B0D7G6GY99,asdfkghj
B0D6GT88QH,asdfkghj
B0D319YR8W,asdfkghj
B0D2LQP5WD,asdfkghj
B0CY2MK3CC,asdfkghj
B0CWNYC8QB,asdfkghj
B0CW9Y7YVY,asdfkghj
B0CSSQZ24J,asdfkghj
B0CKXNW5QH,asdfkghj
B0CHNLQFR5,asdfkghj
B0CB1RTB8Q,asdfkghj
B0C9N2ZZ37,asdfkghj
B0C81L3LRR,asdfkghj
B0C3GSXC96,asdfkghj
B0BNVX7XZT,asdfkghj
B0BGS5123K,asdfkghj
B0BCQFY9PL,asdfkghj
B0B7HH93Z3,asdfkghj
B0B245LT1C,asdfkghj
B08CDDFBCZ,asdfkghj
B0CWXWZXZK,asdfkghj
B004P4H9CE,asdfkghj
B0DGX5LF5R,asdfkghj
B0D1VVJ8GH,asdfkghj
B073CJMDBY,asdfkghj
B0DCJQTQF6,asdfkghj
B00K243IXU,asdfkghj
B0DC5K495Q,asdfkghj
B09XZXLM3M,asdfkghj
B0D9RLFD3F,asdfkghj
B092JD3FCW,asdfkghj
B0D69Y48GY,asdfkghj
B071DXTVD1,asdfkghj
B0D2R8QK56,asdfkghj
B0C1HBQ6QM,asdfkghj
B0CYGNTNM9,asdfkghj
B07F3X126L,asdfkghj
B000PON0JE,asdfkghj
B0BNQXJ2FG,asdfkghj
B0BWF7MK6K,asdfkghj
B0DJ6N9H24,asdfkghj
B0CZ72PVC9,asdfkghj
B0CRYQV398,asdfkghj
B0CMPWLKLW,asdfkghj
B0CNVXHFXZ,asdfkghj
B07F21M533,asdfkghj
B0BVM5PR5D,asdfkghj
B0BXCRH596,asdfkghj
B076755F2G,asdfkghj
B0CLVHMM4K,asdfkghj
B0CBP6THXJ,asdfkghj
B0BSFY6NQR,asdfkghj
B0D56NHXLK,asdfkghj
B0CFY5SQPN,asdfkghj
B08F1SZDD1,asdfkghj
B0CCJ5VSNC,asdfkghj
B09NPQ2PXT,asdfkghj
B0BVJP3HBY,asdfkghj
B0CNRD2LX6,asdfkghj
B0BRX7VSP6,asdfkghj
B0BW8KJL25,asdfkghj
B0BNL279K5,asdfkghj
B0DHKQRJQC,asdfkghj
B0BJW6P2JY,asdfkghj
B01M6DFYJH,asdfkghj
B0BFDZ81ZQ,asdfkghj
B0018T5UK2,asdfkghj
B07XLBQF7X,asdfkghj
B09SFNNL6S,asdfkghj
B0B74TC2ZX,asdfkghj
B0DJ4MW2K1,asdfkghj
B0F18ZV75K,asdfkghj
B0BBRKKK7W,asdfkghj
B0C7MMCYC5,asdfkghj
B0DQVDJ5XD,asdfkghj
B0CGCXDMG1,asdfkghj
B0DLGCYKXN,asdfkghj
B0DQF11TJ8,asdfkghj
B0CT9TGYDW,asdfkghj
B0DVHWR9C9,asdfkghj
B0DNZ1RM7G,asdfkghj
B0D12ZXZPR,asdfkghj
B0C574995N,asdfkghj
B0DMP7C7J9,asdfkghj
B0DTK24LLK,asdfkghj
B0DTJWV9HK,asdfkghj
B0DTHB9H45,asdfkghj
B0DT184116,asdfkghj
B0DSVQZPP1,asdfkghj
B0DSSC5KDG,asdfkghj
B0DSRSTRBK,asdfkghj
B0DSLB9LG6,asdfkghj
B0DS7XF5V8,asdfkghj
B0DS7DQLL3,asdfkghj
B0DRV3N7FR,asdfkghj
B0DRDGNM5V,asdfkghj
B0DR63S9FB,asdfkghj
B0DQLF4MZ6,asdfkghj
B0DQH3B9J3,asdfkghj
B0DMFGDC9H,asdfkghj
B0D877SGQY,asdfkghj
B0D44JNXMD,asdfkghj
B0CZRS1W37,asdfkghj
B0CB8CZC61,asdfkghj
B0C6KQBY52,asdfkghj
B0C5T2BVGF,asdfkghj
B0BX6BKHMG,asdfkghj
B0BJVBB2ZF,asdfkghj
B08P6HGDYT,asdfkghj
B08KD7DMN6,asdfkghj
B07M6MWT44,asdfkghj
B0DZCXNK2Z,asdfkghj
B0DWDK29YB,asdfkghj
B0DVQ8G4N9,asdfkghj
B0DTYC88NV,asdfkghj
B0DTPCJVF5,asdfkghj
B0C68MNBWP,asdfkghj
B0C6K3CTP2,asdfkghj
B0BXP2VHZC,asdfkghj
B0B4B42MNM,asdfkghj
B0CR1T1VYG,asdfkghj
B0DWXBNBPG,asdfkghj
B0B86J1JPS,asdfkghj
B0DSPKHZF9,asdfkghj
B0BLYXGZJ5,asdfkghj
B0DR1RTQV6,asdfkghj
B0C8HSC8NH,asdfkghj
B09N3JRL8C,asdfkghj
B0DHRKGKKR,asdfkghj
B06Y47XXY2,asdfkghj
B0CF361DKF,asdfkghj
B0DHCKGKVY,asdfkghj
B0CCGZXQMX,asdfkghj
B0CBLZ3PF7,asdfkghj
B0CB4Q7P96,asdfkghj
B0C4DMJ1CG,asdfkghj
B0C23NM7Z2,asdfkghj
B0BYD2SR1J,asdfkghj
B0BXCVYPJR,asdfkghj
B0BVVF4VKF,asdfkghj
B0BNPCY43B,asdfkghj
B0B2D7SBXH,asdfkghj
B09QT7KTL5,asdfkghj
B08R3CYPFK,asdfkghj
B0DJ272LD9,asdfkghj
B0DHJ8HGP6,asdfkghj
B0DHGXGD35,asdfkghj
B0DGWX631Y,asdfkghj
B0DGG91XVJ,asdfkghj
B0DB1CBTF8,asdfkghj
B0D9YDBSF4,asdfkghj
B0D7W8NWJF,asdfkghj
B0D6KHWQF2,asdfkghj
B0D5DBD3XJ,asdfkghj
B0CZLHC521,asdfkghj
B0CX1DGQQ7,asdfkghj
B0CQKKY46K,asdfkghj
B0CP9177HP,asdfkghj
B0CN37TYJT,asdfkghj
B0CMQCGHDR,asdfkghj
B0DY18Q39D,asdfkghj
B007HC8E7U,asdfkghj
B0C289WJPD,asdfkghj
B08YJQBG6N,asdfkghj
B018KRPLH6,asdfkghj
B0DH37QQZN,asdfkghj
B0CWP7HM8N,asdfkghj
B0BBM6M4HQ,asdfkghj
B0DPW49HLP,asdfkghj
B08GWRJWJC,asdfkghj
B0DR2W9K9R,asdfkghj
B0BTBQ3G66,asdfkghj
B0D3GVPZ2W,asdfkghj
B0D7ZZKHG7,asdfkghj
B0C2P49HPV,asdfkghj
B0C3J8PWD8,asdfkghj
B084MGMHM5,asdfkghj
B0D4QPHR2X,asdfkghj
B0DNZD979D,asdfkghj
B0D1FQ4KVW,asdfkghj
B09NBC2QGQ,asdfkghj
B0CZF1QG79,asdfkghj
B0DBZ8Y6X1,asdfkghj
B0CX957R3W,asdfkghj
B09W4S2W78,asdfkghj
B0CV3FQ3GV,asdfkghj
B0D5VGF4HW,asdfkghj
B0CFFDPNYZ,asdfkghj
B0CLY3MH85,asdfkghj
B0BRTCBQJB,asdfkghj
B0D78ZRB73,asdfkghj
B0BGF39PTY,asdfkghj
B08CB6GZH6,asdfkghj
B0D4J43RCD,asdfkghj
B00C9QYLSA,asdfkghj
B0DGTJLH4C,asdfkghj
B0D1YBHF1R,asdfkghj
B0CQ4H528X,asdfkghj
B09QMFBKGV,asdfkghj
B0CJM448NV,asdfkghj
B00L0QOZ72,asdfkghj
B0CLKGQB9J,asdfkghj
B0CHRYGKRS,asdfkghj
B0C2KQHJG3,asdfkghj
B09M9XVDVK,asdfkghj
B0D3HDKKWL,asdfkghj
B0CVMQ2YH5,asdfkghj
B0CR7CT1GD,asdfkghj
B0BBRD968S,asdfkghj
B0D9JSTXHD,asdfkghj
B0CF9SSKTG,asdfkghj
B0CF1RRP8V,asdfkghj
B0DFMZ3FQW,asdfkghj
B0D4526WWQ,asdfkghj
B0B1TTRVCC,asdfkghj
B0CRRDBHNZ,asdfkghj
B0CRH4LZS9,asdfkghj
B0DK5D5SMB,asdfkghj
B07Z4KNXBT,asdfkghj
B06Y4M4Y92,asdfkghj
B0BZZB71CM,asdfkghj
B0BPPPGNR1,asdfkghj
B0D4YWH5DZ,asdfkghj
B0DHRB8HKV,asdfkghj
B0DPM2MBLJ,asdfkghj
B0DNF86VQQ,asdfkghj
B0DMNLLCV5,asdfkghj
B0DKP1NWG3,asdfkghj
B0DK5KPYNM,asdfkghj
B0DK56XHK2,asdfkghj
B0DJKYHZ61,asdfkghj
B0DJBTQNLM,asdfkghj
B0DHKXJY6Z,asdfkghj
B0DGFY4F3L,asdfkghj
B0DG2HTTXJ,asdfkghj
B0DBPTYVD8,asdfkghj
B0DB2MH6T9,asdfkghj
B0D9QL1W72,asdfkghj
B0D8695RBH,asdfkghj
B0D6VKFZ2L,asdfkghj
B08XN1G73Z,asdfkghj
B08Q4JSQ16,asdfkghj
B073X7WBHR,asdfkghj
B002QBDMDI,asdfkghj
B0DD5QJTFF,asdfkghj
B0C4Y8MPS6,asdfkghj
B0D3X3CJRL,asdfkghj
B0CR6KZ5D1,asdfkghj
B0C49KFDD7,asdfkghj
B0BD4N2KFS,asdfkghj
B0DHRRN57G,asdfkghj
B0DFH13DXQ,asdfkghj
B0D86JZQVG,asdfkghj
B0D4J9DLH9,asdfkghj
B0CZ41BLPT,asdfkghj
B0CZ39LNSR,asdfkghj
B0CK1GJTH3,asdfkghj
B0CF1W9HWB,asdfkghj
B0B8H27VLH,asdfkghj
B09KQ1HN7S,asdfkghj
B08CB48ZGJ,asdfkghj
B089SLMLRQ,asdfkghj
B07TXR6NK3,asdfkghj
B0DNLWH6M5,asdfkghj
B09YRKFG9L,asdfkghj
B0DKGGDL2B,asdfkghj
B0BTHKY77Q,asdfkghj
B09N6SRTFG,asdfkghj
B0061DIMUA,asdfkghj
B099F5YFWQ,asdfkghj
B0993T5WLM,asdfkghj
B09NCMGJCL,asdfkghj
B003TZKEO0,asdfkghj
B0DMQFSZP6,asdfkghj
B09NR9XHC7,asdfkghj
B0CSK6DQ3Y,asdfkghj
B0D6BM9VZR,asdfkghj
B0D5XMG9BV,asdfkghj
B0D3F78H47,asdfkghj
B0D186B8GF,asdfkghj
B0CZ9N7974,asdfkghj
B0CYJFJW93,asdfkghj
B0CS71MW83,asdfkghj
B0CBSC1ZTV,asdfkghj
B0C9L23VML,asdfkghj
B0C8SY7L8V,asdfkghj
B0C3CRR4J5,asdfkghj
B0C2YGY6BG,asdfkghj
B0BWRJC6TY,asdfkghj
B09YT4L18J,asdfkghj
B09WTT1R9J,asdfkghj
B09MC3Q49F,asdfkghj
B0CMXFZN93,asdfkghj
B0B5VRZG5X,asdfkghj
B08G81NDZW,asdfkghj
B071S7KZ3W,asdfkghj
B088CP417Y,asdfkghj
B0C1NGH4X6,asdfkghj
B0D3HBNRKB,asdfkghj
B0CNGJHCHK,asdfkghj
B0DKXJ6X8X,asdfkghj
B09H5P4MY3,asdfkghj
B0D453CQSD,asdfkghj
B0D1VGKTMV,asdfkghj
B0C8H33HZV,asdfkghj
B0B9LDDDLC,asdfkghj
B00BWBU1U0,asdfkghj
B0BQ5VHF4F,asdfkghj
B0CQSDL9C9,asdfkghj
B0DG8GT9CG,asdfkghj
B0D4PQNMMV,asdfkghj
B0DFD26WYG,asdfkghj
B0D8T8GNDP,asdfkghj
B0DDTLDVBN,asdfkghj
B0D6YYC6MC,asdfkghj
B0DD6QLLGV,asdfkghj
B0DK8YPSGL,asdfkghj
B0D9LS6PWN,asdfkghj
B0CHY4WRL3,asdfkghj
B0D7CJBK6H,asdfkghj
B0CRPKF3D9,asdfkghj
B0D78F9SS9,asdfkghj
B01K2JRE2U,asdfkghj
B0D5BJC835,asdfkghj
B0CHF4GFTH,asdfkghj
B0BP1Q17XP,asdfkghj
B0CX8KCQD7,asdfkghj
B0CZ6JVL3R,asdfkghj
B0CTQL4WBT,asdfkghj
B0D8PS1CHK,asdfkghj
B0DG8PV5Y9,asdfkghj
B0CTKJ69LS,asdfkghj
B0DB8358X5,asdfkghj
B092QP25RD,asdfkghj
B0DT133CNG,asdfkghj
B0CRPXKK1Y,asdfkghj
B0CCNV5KS4,asdfkghj
B0CYZDMK7C,asdfkghj
B0CJCC9FNK,asdfkghj
B0872QN8W4,asdfkghj
B085Y64PTR,asdfkghj
B0BQWN7D9F,asdfkghj
B0D2WHHJ57,asdfkghj
B0CQTFVQWR,asdfkghj
B09MQBWS69,asdfkghj
B0D9XPR786,asdfkghj
B0D2SVKTG2,asdfkghj
B0CNTJ1LJW,asdfkghj
B0DPLQT72R,asdfkghj
B0BTKKLB3N,asdfkghj
B0BNN12JCZ,asdfkghj
B09N448M21,asdfkghj
B0D1CC2TZT,asdfkghj
B0BLVFTZQQ,asdfkghj
B09Z6NG8NM,asdfkghj
B08S2Z7MV7,asdfkghj
B0D6YCKVC3,asdfkghj
B0CWP8R4PX,asdfkghj
B0D6LNGFF9,asdfkghj
B0D1KQ3BB5,asdfkghj
B0D3Q3R2XF,asdfkghj
B0CYZTWT18,asdfkghj
B0CB4NJMXB,asdfkghj
B0DJBDTNRX,asdfkghj
B0C7GV5KS2,asdfkghj
B0D4745BMS,asdfkghj
B0C6Q9B53C,asdfkghj
B09W8Y8PXC,asdfkghj
B0BHSXSM29,asdfkghj
B0CK7379R1,asdfkghj
B09WYSJQCD,asdfkghj
B0BZY653BN,asdfkghj
B0DS64JN6F,asdfkghj
B0DRPGM1B6,asdfkghj
B0DRNCD7YK,asdfkghj
B0DQXPH47L,asdfkghj
B0DQWSYLN4,asdfkghj
B0DPZNG7C4,asdfkghj
B0DN1FC7BH,asdfkghj
B0DK7QFK54,asdfkghj
B0DJST155M,asdfkghj
B0DJKMYR71,asdfkghj
B0DJKBQWZR,asdfkghj
B0DG8JZ8VR,asdfkghj
B0DDXHG234,asdfkghj
B0DD3X697N,asdfkghj
B0DBPSBWJQ,asdfkghj
B0D9Y42V68,asdfkghj
B0BWLX3LD5,asdfkghj
B0CM2YJR3D,asdfkghj
B0DL5WB9TJ,asdfkghj
B0CH9S77GT,asdfkghj
B091K2RK3C,asdfkghj
B0C3VZ55BW,asdfkghj
B0D8SMT1LD,asdfkghj
B0C32N3FJ5,asdfkghj
B0BS46JDT9,asdfkghj
B0BKF71THJ,asdfkghj
B0CH9KR5ZS,asdfkghj
B0B5CYSDM5,asdfkghj
B0DKH5NXVB,asdfkghj
B09X69BC4N,asdfkghj
B0CJP4SSVM,asdfkghj
B09Q2167MS,asdfkghj
B0CNPPNZ2H,asdfkghj
B0CLM3ZNJ6,asdfkghj
B0CL5T93N8,asdfkghj
B09LLR7FRW,asdfkghj
B08GG5JZDQ,asdfkghj
B083HW5F7C,asdfkghj
B00L4Z86PG,asdfkghj
B0DMNZPHQP,asdfkghj
B0D5D81H2S,asdfkghj
B0D33ZPMJF,asdfkghj
B0CC4S7T2W,asdfkghj
B09TL3R1JB,asdfkghj
B0DYY29Q3R,asdfkghj
B0DWMHBCN7,asdfkghj
B0DW83CG5J,asdfkghj
B0DT1X61L2,asdfkghj
B0DSWH9DHN,asdfkghj
B0DSW73BNX,asdfkghj
B0DSW4L79B,asdfkghj
B0DSVJPNTK,asdfkghj
B0DSFLSHXC,asdfkghj
B0DS8LNQVZ,asdfkghj
B0DS6G9QPK,asdfkghj
B0DRXC9WX3,asdfkghj
B0DRVD2TC7,asdfkghj
B0DQPWB26V,asdfkghj
B0DQC5HRDN,asdfkghj
B0DPJZQQ7N,asdfkghj
B0DMSS4C83,asdfkghj
B0DMN82R47,asdfkghj
B0DLV2TXD6,asdfkghj
B0DGXD3W2W,asdfkghj
B0DFZ2QST3,asdfkghj
B0DFQX98L2,asdfkghj
B0DBQF6T66,asdfkghj
B0DB596MRF,asdfkghj
B0D73NTLF2,asdfkghj
B0D17TH3MT,asdfkghj
B0CZRY2B8F,asdfkghj
B0CSDXCLF9,asdfkghj
B0CS688HXF,asdfkghj
B0CRYV35FL,asdfkghj
B0CNRLCTS4,asdfkghj
B0CKYXVGVZ,asdfkghj
B0CKD7CVY5,asdfkghj
B0CGH28DH4,asdfkghj
B0CBSL84MX,asdfkghj
B0C2BQ12ZS,asdfkghj
B0C6DW9SR3,asdfkghj
B0DCG91FT3,asdfkghj
B0DQVK969K,asdfkghj
B0C45GL8JT,asdfkghj
B0D4J3FMFZ,asdfkghj
B0DQSZ185G,asdfkghj
B09MSHCK6Q,asdfkghj
B0DQ51G2R4,asdfkghj
B0BN5K9B2T,asdfkghj
B0CXDNGWHK,asdfkghj
B0D3D2D53W,asdfkghj
B0CXDM85S3,asdfkghj
B0C4J9N8BM,asdfkghj
B0CXDD7NYX,asdfkghj
B0D48PVMKT,asdfkghj
B0CWXJB2KV,asdfkghj
B0CM632RYR,asdfkghj
B095XGVCQM,asdfkghj
B0008EJIQA,asdfkghj
B08KFK7KXD,asdfkghj
B0DJX5W9X5,asdfkghj
B0B7DXJFXH,asdfkghj
B0C4L3R283,asdfkghj
B0DCSD815V,asdfkghj
B0BZP1ZS2D,asdfkghj
B0CM8W7QHJ,asdfkghj
B0CRBG2J96,asdfkghj
B0CGR1WWRB,asdfkghj
B0C8JQ3CHR,asdfkghj
B07W8W7W2B,asdfkghj
B0D66B71M4,asdfkghj
B0D8ZMBMSY,asdfkghj
B0BYD3YPDJ,asdfkghj
B0BN4R23NC,asdfkghj
B0BM7CW4DC,asdfkghj
B0B7L26MC9,asdfkghj
B09P3924VC,asdfkghj
B09786RF99,asdfkghj
B08Y5MQMCC,asdfkghj
B08TB1SLD5,asdfkghj
9620443632,asdfkghj
B0BF99QKCL,asdfkghj
B0C8W2PM25,asdfkghj
B018QRGMW8,asdfkghj
B0BQHNHPF7,asdfkghj
B0CQSGVYK4,asdfkghj
B0CRSYMLY3,asdfkghj
B009D3D322,asdfkghj
B0DBLMP5GN,asdfkghj
B0DXFKKP44,asdfkghj
B0DCZ6QSG7,asdfkghj
B0D1YMT465,asdfkghj
B0DQ9KKMR6,asdfkghj
B0C6H765MG,asdfkghj
B09CKPXJGQ,asdfkghj
B0DP2TW832,asdfkghj
B0D5Y1YLDM,asdfkghj
B094XZ9TVD,asdfkghj
B0DRV5PR6J,asdfkghj
B0D62JDZLL,asdfkghj
B0BR3QQJ79,asdfkghj
B079JGLRXM,asdfkghj
B0C4H3WZLL,asdfkghj
B0CMGJ7TBD,asdfkghj
B0CZCGVS4P,asdfkghj
B0CN35NTND,asdfkghj
B0BG6ZRYMC,asdfkghj
B0CNSMDW6P,asdfkghj
B08P5XQWPQ,asdfkghj
B0DFK53YCD,asdfkghj
B0DL31B32C,asdfkghj
B00CYLZC4M,asdfkghj
B0DNVXKDXY,asdfkghj
B0DF7754G7,asdfkghj
B0D3Q5D5C6,asdfkghj
B0CQP7NP8X,asdfkghj
B0C54XY11J,asdfkghj
B09MTH3V14,asdfkghj
B08M68YC52,asdfkghj
B0854JR696,asdfkghj
B07GPQX7BP,asdfkghj
B074VXFZBH,asdfkghj
B01HDRGCE0,asdfkghj
B0DYJRYT9J,asdfkghj
B0DWDSVTRL,asdfkghj
B0DTH6RGV8,asdfkghj
B0DSZWX3KF,asdfkghj
B0DSVHPNYM,asdfkghj
B0D8TPCRNK,asdfkghj
B0D6WGH17K,asdfkghj
B0D5D3WF4N,asdfkghj
B0D4ML19TS,asdfkghj
B0CMXXBYK7,asdfkghj
B0CJFN6YBV,asdfkghj
B0BZTZ82RZ,asdfkghj
B09V51PFZZ,asdfkghj
B09M63GDFF,asdfkghj
B07R5ZSCC8,asdfkghj
B0C6526QJL,asdfkghj
B0C4XY37DM,asdfkghj
B0BZVK25L2,asdfkghj
B0C5DYHQLK,asdfkghj
B0BYFV7ZKR,asdfkghj
B01IVTF5G0,asdfkghj
B0BPSVTVX9,asdfkghj
B0CHTS73J9,asdfkghj
B09VDMCSZN,asdfkghj
B0CKQNVVJD,asdfkghj
B09KPDDLW2,asdfkghj
B0BZWDDBT7,asdfkghj
B07V5WTRYV,asdfkghj
B0D1PF85RZ,asdfkghj
B015Z1W7CC,asdfkghj
B0BG793KCV,asdfkghj
B0D9CNB4BC,asdfkghj
B0DR4HSPYL,asdfkghj
B0DKTFH76Z,asdfkghj
B0DPYWHLFG,asdfkghj
B09WZ3CH7J,asdfkghj
B0DJLVVH6Q,asdfkghj
B0CJHKRVDX,asdfkghj
B07XT935M9,asdfkghj
B0CZKZ9T9Y,asdfkghj
B0DFM53D1M,asdfkghj
B0CPXP3TC1,asdfkghj
B0CCRKZHWM,asdfkghj
B0CP1MZZMZ,asdfkghj
B0CY8GHGSC,asdfkghj
B0CN6LDVKC,asdfkghj
B0DFYCPDCP,asdfkghj
B0DSBZMXWR,asdfkghj
B0DS1STPTP,asdfkghj
B0DR8GHR4X,asdfkghj
B0DR5MQ6N4,asdfkghj
B0DQKN1ZJ1,asdfkghj
B0DQKJJPBP,asdfkghj
B0DNMNC1C2,asdfkghj
B0DJ2Q1JMW,asdfkghj
B0DFM7F4J4,asdfkghj
B0DCC251W1,asdfkghj
B0D97DL92N,asdfkghj
B0D83QR8FM,asdfkghj
B0D7WGFQPZ,asdfkghj
B0D2L8YNN1,asdfkghj
B0CZQ7SH9S,asdfkghj
B0CY5BKZNC,asdfkghj
B0BZVHRBJS,asdfkghj
B0BWBXB15H,asdfkghj
B0BGHS98PH,asdfkghj
B09LC4KS84,asdfkghj
B09FZ2285C,asdfkghj
B07FGFFFJ9,asdfkghj
B006LM9AIO,asdfkghj
B00028PUAU,asdfkghj
B0DXDBTD6C,asdfkghj
B0DX6VQ7TY,asdfkghj
B0DWMLKZG3,asdfkghj
B0DTPC5Q81,asdfkghj
B0DTFBYKKL,asdfkghj
B0DSZJPQZP,asdfkghj
B0DSP979TQ,asdfkghj
B0DSH4XT5Z,asdfkghj
B07NV9QS83,asdfkghj
B0DWWSRSH6,asdfkghj
B0DTP3FKQT,asdfkghj
B0DTJZFGG4,asdfkghj
B0DTDV72TS,asdfkghj
B0DT6W9D6Q,asdfkghj
B0DSZLZ4H2,asdfkghj
B0DSW61P6F,asdfkghj
B0DSVWZ3LB,asdfkghj
B0DSTTHPN5,asdfkghj
B0DSPN25V3,asdfkghj
B0DSHLV7N8,asdfkghj
B0DSHHXJMV,asdfkghj
B0DSBXTKPS,asdfkghj
B0DRFN2MTY,asdfkghj
B0DRFF8YW7,asdfkghj
B0DCS119RQ,asdfkghj
B0CKV8L7PQ,asdfkghj
B0C3R4ZD47,asdfkghj
B0D5J64YXG,asdfkghj
B0CT89T66G,asdfkghj
B08VF6Y5LW,asdfkghj
B0B2JTH6W3,asdfkghj
B00C0DXD7M,asdfkghj
B0DJSPXP5M,asdfkghj
B09CS3487S,asdfkghj
B07PVZ2HGJ,asdfkghj
B0BG6D9ZQK,asdfkghj
B0899JCGDH,asdfkghj
B07ZV5SWXQ,asdfkghj
B0DKNKL2WD,asdfkghj
B0C2CGH2QL,asdfkghj
B0046EZ5A6,asdfkghj
B0CTS5TZZZ,asdfkghj
B0CC52KM6T,asdfkghj
B0CYGDNR1M,asdfkghj
B0CXN8NSSF,asdfkghj
B0B2X65JMV,asdfkghj
B09CMYK4S7,asdfkghj
B09QBSQKMF,asdfkghj
B005FIFM14,asdfkghj
B09J27MHFZ,asdfkghj
B00MY839IQ,asdfkghj
B0DGKT1YQ7,asdfkghj
B0D19XK4VB,asdfkghj
B0CD2WLSCF,asdfkghj
B09VYSC53H,asdfkghj
B001TOAB64,asdfkghj
B0828K1S5L,asdfkghj
B07Z9YGGNQ,asdfkghj
B095NKYB25,asdfkghj
B09L4KNR83,asdfkghj
B0DVV6XKS4,asdfkghj
B0C7FTPV7L,asdfkghj
B0DPCBJ2JB,asdfkghj
B0BWXJT19Q,asdfkghj
B0DP2WSVVJ,asdfkghj
B0CJLH2BPW,asdfkghj
B0DNPY15V2,asdfkghj
B0CRYQ9KJ8,asdfkghj
B0DHPGVM3F,asdfkghj
B0BK8XPGF1,asdfkghj
B0D7GN2WQP,asdfkghj
B0DJR2LR5K,asdfkghj
B0D791M3FX,asdfkghj
B07F7LDYJF,asdfkghj
B0BD6T5P6S,asdfkghj
B094L7DHSW,asdfkghj
B0DHTVSHZJ,asdfkghj
B0BSHBJXZP,asdfkghj
B0CB829M3L,asdfkghj
B0DM8JNRFX,asdfkghj
B06XH1492W,asdfkghj
B09YVLN6RN,asdfkghj
B078VK9FMR,asdfkghj
B0BB79WT96,asdfkghj
B003ZTDZVY,asdfkghj
B0BR4R3N2R,asdfkghj
B0BWQD4FF9,asdfkghj
B0B6G9NPFW,asdfkghj
B0CFL42WM9,asdfkghj
B0834XGRK1,asdfkghj
B0CKZ9KDLT,asdfkghj
B0BXKBDWDN,asdfkghj
B0CHB8BX67,asdfkghj
B078SZFLJ4,asdfkghj
B0CFFLRXCW,asdfkghj
B09GLGWLCN,asdfkghj
B0CC99D13V,asdfkghj
B071JB879G,asdfkghj
B0CB85S9B1,asdfkghj
B0BKWX4P6L,asdfkghj
B0C5D88WJ6,asdfkghj
B0D6VCV48Q,asdfkghj
B0C2YRJY9Q,asdfkghj
B0DLZPW73T,asdfkghj
B0C26ZZ4GM,asdfkghj
B0CC2JPT1X,asdfkghj
B0DRCTDBP2,asdfkghj
B0BPSJBYZP,asdfkghj
B0CGDFWQJC,asdfkghj
B0BG1TFJHC,asdfkghj
B0BPXJ4G8V,asdfkghj
B09JCJHCG5,asdfkghj
B0C689ZM2D,asdfkghj
B0DD6YVBPH,asdfkghj
B0DYXYD1TP,asdfkghj
B0DBV8WBHD,asdfkghj
B0D3NFT8HJ,asdfkghj
B0DTHPNHV8,asdfkghj
B0B3W84YJR,asdfkghj
B0D9NWZRZR,asdfkghj
B0DSXP5VLB,asdfkghj
B08RMW3L2W,asdfkghj
B0DC49GRZS,asdfkghj
B09MT4WTCL,asdfkghj
B0D97ST4YF,asdfkghj
B0CGKWJ5DK,asdfkghj
B0D8KRN5PW,asdfkghj
B0BCJ8MJWY,asdfkghj
B0D72GB1FQ,asdfkghj
B0DFWG48MJ,asdfkghj
B0D21LM455,asdfkghj
B0D8HYFZSW,asdfkghj
B0CQZ48P28,asdfkghj
B0DRFRS7VM,asdfkghj
B0CPFFQY51,asdfkghj
B0D2X194G7,asdfkghj
B0CP9H1JSM,asdfkghj
B0D17KC62L,asdfkghj
B005HHDC1A,asdfkghj
B0DK1K3RWL,asdfkghj
B0CWGNGNSJ,asdfkghj
B0C5ZWCZJV,asdfkghj
B0BXSWG54L,asdfkghj
B08G1DCY43,asdfkghj
B07VQF2YL6,asdfkghj
B075428WP7,asdfkghj
B0CDTP5G1T,asdfkghj
B0BBVQ4W89,asdfkghj
B0831SY5TF,asdfkghj
B0DRCTB2QY,asdfkghj
B0DJJMG35W,asdfkghj
B0CXSBSXQH,asdfkghj
B0CSDXXNKX,asdfkghj
B0CLV59XTH,asdfkghj
B09V6SKXBB,asdfkghj
B08ZRZRSBY,asdfkghj
B07VLPKG4X,asdfkghj
B0CQ1VKQQZ,asdfkghj
B0C1HLNVX9,asdfkghj
B0CGX83KS1,asdfkghj
B0C8M9L8KG,asdfkghj
B0BMLQK6Y5,asdfkghj
B0DCFMDNCT,asdfkghj
B0D3V8Z75Y,asdfkghj
B0D1CYGMZC,asdfkghj
B0CRRDG34G,asdfkghj
B0BYSJ16NL,asdfkghj
B07SNPH9V6,asdfkghj
B07Q1C556S,asdfkghj
B0CQRDBD1X,asdfkghj
B0BMB3L897,asdfkghj
B0DSL1GSX2,asdfkghj
B0BD4XFYP1,asdfkghj
B0DPC1NB41,asdfkghj
B0B7ZL4LDT,asdfkghj
B0017T0KLC,asdfkghj
B0B5CMJC3B,asdfkghj
B0DHZ99RKC,asdfkghj
B09VDMZQZL,asdfkghj
B0CYWW1BC5,asdfkghj
B09QZ23TCZ,asdfkghj
B00761AZRE,asdfkghj
B09LXK3HGK,asdfkghj
B09SVH6SQY,asdfkghj
B09JYMF9ZP,asdfkghj
B0C7ZRB4RS,asdfkghj
B099RXRR43,asdfkghj
B0DJ6KSB23,asdfkghj
B099RC1CCF,asdfkghj
B0DJ2CS3F5,asdfkghj
B0999BJTS7,asdfkghj
B0D3L1QPC4,asdfkghj
B096D4TX8F,asdfkghj
B076P7C1HN,asdfkghj
B0DPMFW3VY,asdfkghj
B0C5RLWMJG,asdfkghj
B0CQTFZC1Y,asdfkghj
B0B2KQG76S,asdfkghj
B08B4R5569,asdfkghj
B08WPLK22Q,asdfkghj
B0D7TKH1BQ,asdfkghj
B00FZ0WO6S,asdfkghj
B09ZSJFYGT,asdfkghj
B01JT5PGYQ,asdfkghj
B000NZV8I0,asdfkghj
B0DZNGXPGW,asdfkghj
B0DYZRYBCQ,asdfkghj
B0DYWXTMF8,asdfkghj
B0DYWRDR4X,asdfkghj
B0DYWHMC5M,asdfkghj
B0DYP2BL6H,asdfkghj
B0DYN95TFP,asdfkghj
B0DXYN1XDG,asdfkghj
B0DWSPRZWF,asdfkghj
B0DWJ63PMW,asdfkghj
B0DWHXZXYM,asdfkghj
B0DTHLJ6ZD,asdfkghj
B0DT7GN8FB,asdfkghj
B0CPYK4C8V,asdfkghj
B0CL5XSP7R,asdfkghj
B0CG8XD69N,asdfkghj
B0CB5L2MCH,asdfkghj
B0C5CHV9CP,asdfkghj
B0C3RQR8PM,asdfkghj
B0BQB2SZLM,asdfkghj
B0BNPQ6VZR,asdfkghj
B0BM8YB6JX,asdfkghj
B0BJ14H36T,asdfkghj
B0B9S4G6BN,asdfkghj
B0B9M3F5XQ,asdfkghj
B0B5DH9WY1,asdfkghj
B09JKNCZD5,asdfkghj
B09126N7Z2,asdfkghj
B087NQ1WF9,asdfkghj
B0DSVRZ2FL,asdfkghj
B0DSPLMB6D,asdfkghj
B0DSJHQJK6,asdfkghj
B0DSG5VNZS,asdfkghj
B0DSFSWHMV,asdfkghj
B0DS5HWQN5,asdfkghj
B0DS2G64K4,asdfkghj
B0DS2B4K7M,asdfkghj
B0DS1Z1VMM,asdfkghj
B0DRVFCFHH,asdfkghj
B0DRJPJ4NB,asdfkghj
B0DRJ732QX,asdfkghj
B0DRCYXW31,asdfkghj
B0DR8NHYPX,asdfkghj
B0DR8LDFYF,asdfkghj
B0DR7S9R5Q,asdfkghj
B0DQXRC6D4,asdfkghj
B0DQ7M3VNP,asdfkghj
B0DQ5KN83S,asdfkghj
B0DPWTLGH2,asdfkghj
B0DMN9D6K8,asdfkghj
B0DLGW22ML,asdfkghj
B0DKT886RY,asdfkghj
B0DKT23CKL,asdfkghj
B0DK36MPXL,asdfkghj
B0DK1RKTCC,asdfkghj
B0DJ5PQX5D,asdfkghj
B0DJ21TX1B,asdfkghj
B0DHY6TVTB,asdfkghj
B0DGDTXBSS,asdfkghj
B0DG5YWYHY,asdfkghj
B0DG2LMKCV,asdfkghj
B0DDZJ9HKL,asdfkghj
B0DD35QBRM,asdfkghj
B0DC6K4T45,asdfkghj
B0DC11347P,asdfkghj
B0D9W21RB9,asdfkghj
B0D7C7VFXC,asdfkghj
B0D597VJGV,asdfkghj
B0D4ZLJ2JP,asdfkghj
B0D4M3GD1K,asdfkghj
B0D49PSWY1,asdfkghj
B0D2NGV5ZH,asdfkghj
B0D2NGH1P7,asdfkghj
B0D1749W2S,asdfkghj
B0CZSCW8KJ,asdfkghj
B0CZ9FQSDF,asdfkghj
B0CZ44RLK3,asdfkghj
B0CFJB7B5F,asdfkghj
B0C7FPR539,asdfkghj
B0C34B1R3D,asdfkghj
B0C2TRM993,asdfkghj
B0BZ48HMBT,asdfkghj
B0BYTR1CF9,asdfkghj
B0BXSXJX96,asdfkghj
B0BXRHSPMK,asdfkghj
B0BW82CCBC,asdfkghj
B0BVDNYKFZ,asdfkghj
B0BTGHX3Z7,asdfkghj
B0BNYZF18R,asdfkghj
B0BDFR3HTR,asdfkghj
B0B7J1HSBH,asdfkghj
B0B3N65TWD,asdfkghj
B09XBC7C19,asdfkghj
B09WYC8VWX,asdfkghj
B09WVL7R8S,asdfkghj
B09MQ7ZQGG,asdfkghj
B09F63Y9XQ,asdfkghj
B09D8L3LRL,asdfkghj
B09D8H1XTY,asdfkghj
B08JP9248Q,asdfkghj
B0878PQRXN,asdfkghj
B07T528B9R,asdfkghj
B07FSMKZSZ,asdfkghj
B07BQX2QSB,asdfkghj
B0753HD67P,asdfkghj
B01CNQZJEU,asdfkghj
B019TT6GNM,asdfkghj
B08R8PT1RC,asdfkghj
B0C99N4VTR,asdfkghj
B0BJ1F1PHL,asdfkghj
B08R8PJ8TF,asdfkghj
B0CQMVHDH9,asdfkghj
B0BZRQH414,asdfkghj
B0DCJVPCSB,asdfkghj
B0791MS2CT,asdfkghj
B0BV287J4Y,asdfkghj
B0D8T22Y16,asdfkghj
B08R8QVYVL,asdfkghj
B0DHXLF7B6,asdfkghj
B0DY1BG1GJ,asdfkghj
B0BP9CPDB3,asdfkghj
B0DTYZ8LRL,asdfkghj
B0BXP7HJ91,asdfkghj
B0CYJ4DPD7,asdfkghj
B0CWGDSP2N,asdfkghj
B0CSP3L1TT,asdfkghj
B0CRMK5F5D,asdfkghj
B0CQR6WLKL,asdfkghj
B0CNZD6BGN,asdfkghj
B0CNSND217,asdfkghj
B0CNPVFM8P,asdfkghj
B0CM6C3SBV,asdfkghj
B0CKVST6FH,asdfkghj
B0CJX18WBC,asdfkghj
B0CJM2FSWQ,asdfkghj
B0CJ2XQZ1K,asdfkghj
B0CHF3B8J4,asdfkghj
B0CH75GQHQ,asdfkghj
B0CGXGP5NN,asdfkghj
B096YGRLW9,asdfkghj
B0DRXP3V69,asdfkghj
B0CJVL8TZC,asdfkghj
B01NCNK382,asdfkghj
B0DQBDD983,asdfkghj
B0DHBZ2P9M,asdfkghj
B0DM89268P,asdfkghj
B0CS6CK86T,asdfkghj
B0DLK5TTQC,asdfkghj
B0CB2CPVRC,asdfkghj
B0DL35Y63J,asdfkghj
B0C5VZZ8Q2,asdfkghj
B0DG8CSBNW,asdfkghj
B0D9CWX8KV,asdfkghj
B0DCBL7GGH,asdfkghj
B0BVTV28Z7,asdfkghj
B09S3JXZMP,asdfkghj
B0C5QCR8MK,asdfkghj
B0DK3J4MBF,asdfkghj
B0CNXR19LP,asdfkghj
B0CHJG8N8M,asdfkghj
B0DCTTH93X,asdfkghj
B0D7W3BRZ1,asdfkghj
B0D6WKT6X1,asdfkghj
B0D6R1X65Y,asdfkghj
B0CTZNLF2F,asdfkghj
B0C9C5HVNL,asdfkghj
B0BVMM32RW,asdfkghj
B07WDPWCZH,asdfkghj
B019D143RM,asdfkghj
B0DXF2P9KQ,asdfkghj
B0DWSL8TJQ,asdfkghj
B0DTP96WSR,asdfkghj
B0DTHZD1TN,asdfkghj
B0DTCHK12V,asdfkghj
B0DST3YPJH,asdfkghj
B0DSFL6ZXQ,asdfkghj
B0DS9FZT7C,asdfkghj
B0DS28JK25,asdfkghj
B0DRZ162DQ,asdfkghj
B0DRVNHSXD,asdfkghj
B0DRFBBJYG,asdfkghj
B0DRCKGZZT,asdfkghj
B0DRBLYSKY,asdfkghj
B0DQXSWR5F,asdfkghj
B0DQCNH61W,asdfkghj
B0DPGNMQR7,asdfkghj
B0DLV9BHNT,asdfkghj
B0DSZTN24X,asdfkghj
B09MQ84PMQ,asdfkghj
B0DST5CNLJ,asdfkghj
B0CCSCQMNX,asdfkghj
B0DS5YV6YG,asdfkghj
B0CYLVBC9H,asdfkghj
B0DR2BJYRC,asdfkghj
B0C61YP2LZ,asdfkghj
B0DQTY5YQD,asdfkghj
B06WRSWG6M,asdfkghj
B0DMZGD9CY,asdfkghj
B0CWQ726LX,asdfkghj
B0DMNDCNXW,asdfkghj
B0CQYMSG1W,asdfkghj
B0DJY68KBC,asdfkghj
B0CQC37MPS,asdfkghj
B0DFQ3CNSY,asdfkghj
B0D8J2LGJC,asdfkghj
B0D89WHL28,asdfkghj
B0D6N52HX6,asdfkghj
B0D2918373,asdfkghj
B0D1R38ZC2,asdfkghj
B0D1MQP7RQ,asdfkghj
B0CY4VLFBT,asdfkghj
B0CXT6WQML,asdfkghj
B0CWPB4277,asdfkghj
B0CTJTKJV5,asdfkghj
B0CT4ZQXF1,asdfkghj
B0CSKQTT6L,asdfkghj
B0CS265CHJ,asdfkghj
B0CRJZDNDR,asdfkghj
B0CR7LRW83,asdfkghj
B0CNCN9XZL,asdfkghj
B0CGV7LZMD,asdfkghj
B0CBLXQW92,asdfkghj
B0CBLTHCFP,asdfkghj
B0CBLRCYJ1,asdfkghj
B0C959RS7Z,asdfkghj
B0BM81ZK4S,asdfkghj
B0B74XJLM6,asdfkghj
B0B73WP2PJ,asdfkghj
B085M1PBG4,asdfkghj
B07Y1WMMW3,asdfkghj
B005UB236S,asdfkghj
B09F3RM3T3,asdfkghj
B0BXSNGXNN,asdfkghj
B09TZ52PQF,asdfkghj
B0BVXL5PLL,asdfkghj
B01MQCGIEM,asdfkghj
B0BPCHR33W,asdfkghj
B0DSCNGS2J,asdfkghj
B094DJY6M9,asdfkghj
B08TZQ677J,asdfkghj
B0DGG65Z3K,asdfkghj
B0DRPQ5D26,asdfkghj
B09WMVM6JB,asdfkghj
B09TK57ZKG,asdfkghj
B01N102AHQ,asdfkghj
B0D5HQLWNV,asdfkghj
B0D9JDN65F,asdfkghj
B08Y5Q28YW,asdfkghj
B0D1VHYZGS,asdfkghj
B0D2HBD4ZZ,asdfkghj
B082CX181B,asdfkghj
B076P8PS3Y,asdfkghj
B0CXX147CC,asdfkghj
B0CSZ94DKC,asdfkghj
B07X2THJ8J,asdfkghj
B0D78L15ZL,asdfkghj
B0B6WPYRRB,asdfkghj
B0B9WZDKW4,asdfkghj
B07SPJJ3Y8,asdfkghj
B07YJMMSPV,asdfkghj
B01IW13AVY,asdfkghj
B07T8BTMXC,asdfkghj
B0BB6V3BD6,asdfkghj
B09VBV9FCV,asdfkghj
B0C9D88GMG,asdfkghj
B0BF2NQSFT,asdfkghj
B0DSP1CRBD,asdfkghj
B0BTXQZHGJ,asdfkghj
B0D8GQHYVS,asdfkghj
B0DSC73J6F,asdfkghj
B08PTX6GS2,asdfkghj
B094B4XHL3,asdfkghj
B0DS51JJ2J,asdfkghj
B0DFCMXJ52,asdfkghj
B0DRGC4YT6,asdfkghj
B0D7TJDLKG,asdfkghj
B0DQVHMSSD,asdfkghj
B0CPSHQYDG,asdfkghj
B0DPYRGTT4,asdfkghj
B08J7YLHKJ,asdfkghj
B0DDKL4DPB,asdfkghj
B0D78D34WD,asdfkghj
B0D98N6DYK,asdfkghj
B0CP5QTMX2,asdfkghj
B0D98MQHBH,asdfkghj
B0CHP8CMC7,asdfkghj
B0D982Y8JX,asdfkghj
B09Y32M9KL,asdfkghj
B0D91LDFWZ,asdfkghj
B09RF9P823,asdfkghj
B0D8JS51TX,asdfkghj
B09NP2VXJL,asdfkghj
B0D83BC8FG,asdfkghj
B096LRTHM3,asdfkghj
B0D7JX5BQ3,asdfkghj
B0DRG7BVBQ,asdfkghj
B0DPJJ88VV,asdfkghj
B0D5XT4FSC,asdfkghj
B0DP66NJ2Z,asdfkghj
B001QQ7LOA,asdfkghj
B0DN5VMVXL,asdfkghj
B0DF9FFY7T,asdfkghj
B0DMZY2FMB,asdfkghj
B0BZNN5BGK,asdfkghj
B0DKDGD2M2,asdfkghj
B0CRTT21LR,asdfkghj
B0DK572SQH,asdfkghj
B0C3K4W6QC,asdfkghj
B0DJ4KB7HB,asdfkghj
B0DPB91PZ9,asdfkghj
B0DHY6HB41,asdfkghj
B0D4J4KB45,asdfkghj
B0D73HTV3G,asdfkghj
B0DPLCHM9S,asdfkghj
B0D517C2RZ,asdfkghj
B0CTNXPL33,asdfkghj
B0D46YSLC8,asdfkghj
B0CGD7JFLL,asdfkghj
B0CZLGKPKZ,asdfkghj
B0CJ91YNCS,asdfkghj
B0CXM2VMZN,asdfkghj
B08866VQKZ,asdfkghj
B0CT89RT3V,asdfkghj
B0DQ94L23V,asdfkghj
B0CSKCW6TB,asdfkghj
B0DB4QK247,asdfkghj
B0CQ1WZMYD,asdfkghj
B0D3TP5T79,asdfkghj
B0CP3CG9WZ,asdfkghj
B0CLM63XW3,asdfkghj
B0CMT4B3YC,asdfkghj
B0D5MR82ZN,asdfkghj
B0CJVR6QKQ,asdfkghj
B0D8GV8SJ6,asdfkghj
B0CC5QQKD8,asdfkghj
B0761YQ25F,asdfkghj
B0C7W5TJ58,asdfkghj
B0D9N8L474,asdfkghj
B0C5LVJ747,asdfkghj
B0CQ7VRH3N,asdfkghj
B0C2HKF3LG,asdfkghj
B0CJM3T218,asdfkghj
B0BWDLZ78H,asdfkghj
B08FSNDV52,asdfkghj
B0C7NP2LZP,asdfkghj
B0BG4S2MJZ,asdfkghj
B0B5N7SXZG,asdfkghj
B01MSES1Y2,asdfkghj
B0773ML8ZQ,asdfkghj
B0CNPMFDDG,asdfkghj
B0C3VR7NFL,asdfkghj
B0BTLGTP29,asdfkghj
B0DQL3R33N,asdfkghj
B00QFVFV20,asdfkghj
B0CNCYPKTT,asdfkghj
B0BZWBLGFC,asdfkghj
B0CLS3M1B3,asdfkghj
B0BN2ZV444,asdfkghj
B081Z19RD5,asdfkghj
B0D3WTYQM8,asdfkghj
B0CJJVBZ71,asdfkghj
B0CH8BT79C,asdfkghj
B0BKQBZQF1,asdfkghj
B095C9QC28,asdfkghj
B08FWXZKBY,asdfkghj
B089FZ79CS,asdfkghj
B0DLNVV2NL,asdfkghj
B0CQJLH5LB,asdfkghj
B0B92XQ65R,asdfkghj
B08VS1C9DY,asdfkghj
B01NBHS30K,asdfkghj
B01B4ZYYYC,asdfkghj
B0006N9Q3S,asdfkghj
B0DNW6CGVW,asdfkghj
B0DMW4571X,asdfkghj
B0DBYF3WFZ,asdfkghj
B0D8J3WFL1,asdfkghj
B0D8BMX1ZJ,asdfkghj
B0D7HTLHYV,asdfkghj
B0D4W19BHX,asdfkghj
B0D4B6RS6C,asdfkghj
B0D1187H1T,asdfkghj
B0CYC64RH8,asdfkghj
B0CY8CCS4J,asdfkghj
B0CY89156Q,asdfkghj
B0CW8C38HM,asdfkghj
B0CQK3RQTQ,asdfkghj
B0CPPS7ZDH,asdfkghj
B0CJYL6SWJ,asdfkghj
B0CJQTJZH1,asdfkghj
B0CHB18GVQ,asdfkghj
B0073WRBS2,asdfkghj
B0DB5N14YG,asdfkghj
B0D9679LMN,asdfkghj
B0D845BV59,asdfkghj
B0D5B56PWT,asdfkghj
B0CTZZMT23,asdfkghj
B0CP3WZS4P,asdfkghj
B0C36GJRGH,asdfkghj
B09NCS421T,asdfkghj
B086KZPW3D,asdfkghj
B07RV7WR9B,asdfkghj
B07K1HVB5F,asdfkghj
B0754WG6VL,asdfkghj
B004TH7RBK,asdfkghj
B0DYWSZB68,asdfkghj
B0DXLDMVCK,asdfkghj
B0DX5X7F24,asdfkghj
B0DPWZW35W,asdfkghj
B0DPN3ZY76,asdfkghj
B0DPKC453W,asdfkghj
B0DPJW1NJQ,asdfkghj
B0DPHK5BHJ,asdfkghj
B0DPFTB5SZ,asdfkghj
B0DNFLZFQX,asdfkghj
B0DLKFHDHT,asdfkghj
B0DL4FLRB1,asdfkghj
B0DKXZTTN8,asdfkghj
B0DKSM8SN8,asdfkghj
B0DK36DD1L,asdfkghj
B0DJXY1QBS,asdfkghj
B0DJ6RCWPV,asdfkghj
B0DG55DDP8,asdfkghj
B0DF97STT5,asdfkghj
B0DWXRBHSJ,asdfkghj
B0DWRPBYGY,asdfkghj
B0DWK1Q4ML,asdfkghj
B0DTF8GL5S,asdfkghj
B0DT9S7WLX,asdfkghj
B0DT88CZVS,asdfkghj
B0DT45TJYR,asdfkghj
B0DT447NXQ,asdfkghj
B0DSVVHTWW,asdfkghj
B0DSVNJCXG,asdfkghj
B0DSHYQNP3,asdfkghj
B0DS64KX9G,asdfkghj
B0DRZCMCG6,asdfkghj
B0DRCMYB5N,asdfkghj
B0DQ4ZKWH7,asdfkghj
B0DQ18BGRG,asdfkghj
B07B3ND27W,asdfkghj
B08R983PT1,asdfkghj
B0DK39XKKK,asdfkghj
B0BXRTNCTH,asdfkghj
B0CR1HG7LP,asdfkghj
B0DJLNXN6B,asdfkghj
B0CN8YM3H2,asdfkghj
B0DGX6PVHG,asdfkghj
B09P2L7ZM3,asdfkghj
B0DB6TB7PY,asdfkghj
B0CGQWGVBN,asdfkghj
B0D69XXLYG,asdfkghj
B0D4YZCCD6,asdfkghj
B0D28Q1YW1,asdfkghj
B0D3L4NVH8,asdfkghj
B0CZ93TRSG,asdfkghj
B0CLLVMPF6,asdfkghj
B0CFLHWW3Y,asdfkghj
B0D53K638C,asdfkghj
B0DB1GC4JV,asdfkghj
B07W7L5XW2,asdfkghj
B0CG6HCMBJ,asdfkghj
B0D3F393XY,asdfkghj
B0D2N5HN9K,asdfkghj
B07FKSXHXG,asdfkghj
B09ZXL1BLK,asdfkghj
B0CTSR5DK9,asdfkghj
B09KBLW2FM,asdfkghj
B0DQN6D7CJ,asdfkghj
B07BL2Y6VG,asdfkghj
B0CGWL2WLB,asdfkghj
B0DP4D9JSR,asdfkghj
B0D14LWZVN,asdfkghj
B0CZ6T8QP3,asdfkghj
B0DKDWQP1G,asdfkghj
B0CHDM2TPW,asdfkghj
B0DF7ZPDJ1,asdfkghj
B0C659TVGZ,asdfkghj
B0B9ZNSBMD,asdfkghj
B0BX8LZW5J,asdfkghj
B0D95RWVP8,asdfkghj
B0BCFLY55K,asdfkghj
B0DBDPSZ4W,asdfkghj
B08LMQJYNR,asdfkghj
B07KWV6BSX,asdfkghj
B0CFXYSX11,asdfkghj
B0BLBK86B6,asdfkghj
B0D7CH8HJH,asdfkghj
B0CZP3P96X,asdfkghj
B0CLCMZS2R,asdfkghj
B0CB8ZSKPS,asdfkghj
B0DD6KSNTG,asdfkghj
B0D25JKDLL,asdfkghj
B0DG9B8XZG,asdfkghj
B0CN356P5K,asdfkghj
B0DXV8GTBF,asdfkghj
B0CDCPZYFQ,asdfkghj
B0979QBWLK,asdfkghj
B0BZHHGPLD,asdfkghj
B000CPIMNA,asdfkghj
B07S388824,asdfkghj
B0CVN6ZF94,asdfkghj
B0CQ4HZGDF,asdfkghj
B0BN9MZTW4,asdfkghj
B0DQLKHCMH,asdfkghj
B0BRP5RTLC,asdfkghj
B0CN939XL6,asdfkghj
B09XJCSP88,asdfkghj
B09NCMRR37,asdfkghj
B09G31GFNJ,asdfkghj
B0CX4WFFTG,asdfkghj
B09CLNK83V,asdfkghj
B07XN4YBGH,asdfkghj
B098SCMQTS,asdfkghj
B0CH2RMDHV,asdfkghj
B01MXSD049,asdfkghj
B0BPZH7DF9,asdfkghj
B08S9QVXLL,asdfkghj
B000PBSH5E,asdfkghj
B0DF7BXDKM,asdfkghj
B0D54PT4NT,asdfkghj
B0BZWWKCKP,asdfkghj
B0D28ZNW6T,asdfkghj
B0CMFD2RYG,asdfkghj
B0CB718K2L,asdfkghj
B0D8J28WMJ,asdfkghj
B0D76GDJBG,asdfkghj
B0CPPJMLXP,asdfkghj
B0CP968LWV,asdfkghj
B0CFM83R8V,asdfkghj
B0CDWCJF61,asdfkghj
B0DBDR5DQ9,asdfkghj
B0D879J5Q2,asdfkghj
B0CJF764FV,asdfkghj
B0C7GGNN19,asdfkghj
B0C23P48Q2,asdfkghj
B08LN5NXS6,asdfkghj
B0DHV65ZZV,asdfkghj
B0CB6BRSYF,asdfkghj
B0DHD9RB63,asdfkghj
B0D69P2QG9,asdfkghj
B0DBSNRHJT,asdfkghj
B07SQF7MLT,asdfkghj
B0DB4KDYWF,asdfkghj
B0DHZZPJ21,asdfkghj
B0D93BBQ27,asdfkghj
B0D2LT685M,asdfkghj
B0D91XRHL3,asdfkghj
B0B63DLQSS,asdfkghj
B0D6YSJ96S,asdfkghj
B07TCZWGSK,asdfkghj
B0D374XQXC,asdfkghj
B07P6R1FK9,asdfkghj
B010GNX822,asdfkghj
B0DZJ2PK93,asdfkghj
B0DYYQTBLB,asdfkghj
B0DY7ZMRJY,asdfkghj
B0DT9GX2CD,asdfkghj
B0DT62JLMC,asdfkghj
B0DT5T6JVS,asdfkghj
B0DT3JPDY4,asdfkghj
B0DSWLCZ2N,asdfkghj
B0DSJ7NX7J,asdfkghj
B0DS9K4Y6R,asdfkghj
B0DS9FPK7G,asdfkghj
B0DS74J5W5,asdfkghj
B0DS1TBLQL,asdfkghj
B0DRYGVMRT,asdfkghj
B0DRP7WSDR,asdfkghj
B0DRL9X1N3,asdfkghj
B0DRJYLVCH,asdfkghj
B0DRF9BGJT,asdfkghj
B0DRD8XJSJ,asdfkghj
B0DR1KSTJQ,asdfkghj
B0DQLB2KBW,asdfkghj
B0DQ8TNBQ3,asdfkghj
B0DPTBH9QM,asdfkghj
B0DNSWF38K,asdfkghj
B0DNMJ7JZ4,asdfkghj
B0DNF43DY1,asdfkghj
B0DN6SNYT9,asdfkghj
B0DMDXK22S,asdfkghj
B0DJRF3H6N,asdfkghj
B0DJ6PXGX9,asdfkghj
B0C856G8D7,asdfkghj
B0BYRKFG87,asdfkghj
B0BXHBQNLF,asdfkghj
B0BRSHLTC3,asdfkghj
B0BLYKSN4L,asdfkghj
B08BYSG799,asdfkghj
B084P3K5V3,asdfkghj
B0834MTSYG,asdfkghj
B08148Z5G3,asdfkghj
B07Y3XNVC8,asdfkghj
B07VHK2R7D,asdfkghj
B07DZ9C4J6,asdfkghj
B07D35LJZC,asdfkghj
B077BQVHP8,asdfkghj
B06XP3Z8TQ,asdfkghj
B01MT177RA,asdfkghj
B0CLJ95G37,asdfkghj
B0CJV5PH6D,asdfkghj
B0CF1PVBKM,asdfkghj
B0CCR1J15G,asdfkghj
B0C6MK4LZK,asdfkghj
B0C5MJR1TP,asdfkghj
B0C2F269Z1,asdfkghj
B0BXKXGLSY,asdfkghj
B0BTPKJGMR,asdfkghj
B0BR7MHTF3,asdfkghj
B0BG1CCSXD,asdfkghj
B0BF2GNFPN,asdfkghj
B0B386B7JK,asdfkghj
B0B1JMS4BZ,asdfkghj
B09X7K4PYT,asdfkghj
B09N94R1P4,asdfkghj
B086V18GY9,asdfkghj
B083GPQLYK,asdfkghj
B01ACWBFIG,asdfkghj
B0DFY9DS5C,asdfkghj
B0DD4JB1R1,asdfkghj
B0D7V999YN,asdfkghj
B0D6WG4PJS,asdfkghj
B0D66FTVDY,asdfkghj
B0D5Y8F25X,asdfkghj
B0D5TPPLDH,asdfkghj
B0D496MQH3,asdfkghj
B0D46PVQ5Q,asdfkghj
B0D2M7SF9V,asdfkghj
B0D1C3X3ZD,asdfkghj
B0D1733D6S,asdfkghj
B0CZ6G5JMJ,asdfkghj
B0CRDQPL42,asdfkghj
B0CQCY8Q2D,asdfkghj
B0CLRNR63G,asdfkghj
B0CWK1QCJG,asdfkghj
B07MR8XG91,asdfkghj
B09GG98D1C,asdfkghj
B003XGJGBW,asdfkghj
B0CD3XWQ6D,asdfkghj
B0B5LSZ4JC,asdfkghj
B0DWSJGTP7,asdfkghj
B0CV6TDGBJ,asdfkghj
B0CJB1Y7RZ,asdfkghj
B09Y2K8N8X,asdfkghj
B0CJHR8FKD,asdfkghj
B002OIMVO4,asdfkghj
B0D9GP22WR,asdfkghj
B09PGKQ52T,asdfkghj
B0CFT8VQHQ,asdfkghj
B079N6DCSK,asdfkghj
B0C1BSYJ8Z,asdfkghj
B08DQCFWTY,asdfkghj
B096TQ4VDP,asdfkghj
B0DCBT3DFF,asdfkghj
B07DZPKQ8J,asdfkghj
B0CSS47XRP,asdfkghj
B017Y4CBLU,asdfkghj
B0DDXQ3P8G,asdfkghj
B0DT97NZMB,asdfkghj
B09JL8C6YB,asdfkghj
B00009ZK64,asdfkghj
B09T9KVMTH,asdfkghj
B0DT66PRKS,asdfkghj
B0CN2P4YKZ,asdfkghj
B0B5DJ7YNX,asdfkghj
B0DSGX7RCT,asdfkghj
B0CRR5CCDX,asdfkghj
B0C34TNHN5,asdfkghj
B0DRGF3B1G,asdfkghj
B0BZQ5JMTC,asdfkghj
B0BN94DLYW,asdfkghj
B0DR2F8JYL,asdfkghj
B0CR7ZNK9X,asdfkghj
B0DHZRVXPN,asdfkghj
B0DPFC13MX,asdfkghj
B0CY8N5GH6,asdfkghj
B0DJ2LXZHV,asdfkghj
B0DLNTNSCF,asdfkghj
B0DFG85CXK,asdfkghj
B0D2NLSKCZ,asdfkghj
B0DJFH9T9B,asdfkghj
B0C43S1DVM,asdfkghj
B0DRWN3LNX,asdfkghj
B0DJ8WCCQH,asdfkghj
B0CP2FMDW8,asdfkghj
B07RRV63FY,asdfkghj
B0DHKLJVK5,asdfkghj
B0018T7PIW,asdfkghj
B0DBSZJ9V6,asdfkghj
B0D6YWRLGR,asdfkghj
B0D6BBG9R7,asdfkghj
B097Y4CGDQ,asdfkghj
B0D5R12VYS,asdfkghj
B09NNBBHNW,asdfkghj
B0D3Q5Y58F,asdfkghj
B08VNTCB1H,asdfkghj
B0CZL6FJ71,asdfkghj
B00HHMPJ64,asdfkghj
B0CY9M3PHX,asdfkghj
B0BPSTZF43,asdfkghj
B0CWGBMBSC,asdfkghj
B0C5DDG8T8,asdfkghj
B0CQZ5CL4S,asdfkghj
B0BLCQB78V,asdfkghj
B0CNGVHSGZ,asdfkghj
B0DJPMDH9R,asdfkghj
B0C7TVT9GR,asdfkghj
B0D482JSWD,asdfkghj
B0C741SJC5,asdfkghj
B0CN8M4K9V,asdfkghj
B0C38C6XSK,asdfkghj
B0DDK7LZBC,asdfkghj
B0BZ42YHMZ,asdfkghj
B092VN9LQC,asdfkghj
B0BYDRSCJM,asdfkghj
B0DK6J2T26,asdfkghj
B0BX8NVSJQ,asdfkghj
B0CC5CQS2T,asdfkghj
B0BQR6T9QC,asdfkghj
B07YLKMRR1,asdfkghj
B0BLSMNHT4,asdfkghj
B0DQKC9M3Y,asdfkghj
B0BLSC3B3B,asdfkghj
B0CZL786G8,asdfkghj
B0BHF1666C,asdfkghj
B00GS8C0EC,asdfkghj
B0B814ZB5C,asdfkghj
B0C6PQM457,asdfkghj
B08WL18F4C,asdfkghj
B0CYCGWFYG,asdfkghj
B0D46CYWF5,asdfkghj
B0D3KXNBB9,asdfkghj
B0B2WJY2D2,asdfkghj
B0DM8ZCTP3,asdfkghj
B0CXSPM89Y,asdfkghj
B0B8HQ2R3J,asdfkghj
B0DFH52KZ2,asdfkghj
B0DCTRRWR8,asdfkghj
B0D9LDRJWP,asdfkghj
B01GKRZ0PQ,asdfkghj
B0DH3V43T8,asdfkghj
B0CPDQ8DSK,asdfkghj
B0CHB1T8H6,asdfkghj
B0CBRLZM6L,asdfkghj
B0BDJ8RTKP,asdfkghj
B0D62GZBDN,asdfkghj
B0CLF5JZX8,asdfkghj
B0CDQJQBR2,asdfkghj
B0B1ZDFK1T,asdfkghj
B08CKRM2K8,asdfkghj
B07Y3D75RJ,asdfkghj
B07TC86PSY,asdfkghj
B07Q2BHHRM,asdfkghj
B074WNLW9P,asdfkghj
B0DZWYLTB4,asdfkghj
B0DXXTZYSC,asdfkghj
B0DXVJPW7V,asdfkghj
B0DXKLRVL8,asdfkghj
B0DWSGCD39,asdfkghj
B0DTPHD3SV,asdfkghj
B0DTKHR6WP,asdfkghj
B0DTKFJTFC,asdfkghj
B0DTFGBWQD,asdfkghj
B0DSV285L2,asdfkghj
B0DSLLQSSG,asdfkghj
B0DSLCZNVV,asdfkghj
B0DS58HPHL,asdfkghj
B0DS49BRJ2,asdfkghj
B0DS1TQBDR,asdfkghj
B0DS1TBYSB,asdfkghj
B0DRV6N97H,asdfkghj
B0DRS35XGW,asdfkghj
B0DRK2NRCC,asdfkghj
B0DR8V7BH1,asdfkghj
B0DQW8SFKY,asdfkghj
B0DQDDRP66,asdfkghj
B0DQ68JYHS,asdfkghj
B0DPMB8PSN,asdfkghj
B08NJSRMGH,asdfkghj
B0CKW7PDZW,asdfkghj
B07RT3TYC3,asdfkghj
B0DKXDX2W8,asdfkghj
B07DDCNMFG,asdfkghj
B0D59Q7ZKT,asdfkghj
B078KQ57XW,asdfkghj
B07GSHF37G,asdfkghj
B06Y5JVHX8,asdfkghj
B0D3X9WNBP,asdfkghj
B09ZY7468J,asdfkghj
B0DNS2KY9N,asdfkghj
B0CZ4M5ZNP,asdfkghj
B0CRYQZWW7,asdfkghj
B0C536F1TZ,asdfkghj
B0BY8Z876K,asdfkghj
B0D2ZKPXNZ,asdfkghj
B0D1YBHG32,asdfkghj
B0CZPDQ1KK,asdfkghj
B0CYLN2XFY,asdfkghj
B0CX9DR9ZH,asdfkghj
B0CW9LGXQ6,asdfkghj
B0CT2TVHQ2,asdfkghj
B0CT2Q2YBH,asdfkghj
B0CSFM9SZK,asdfkghj
B0CP4PRVZ4,asdfkghj
B0CLCXC9V8,asdfkghj
B0CJ4KS13L,asdfkghj
B0CFVHBJ64,asdfkghj
B0CD5NXL8L,asdfkghj
B0CBLHMMZ8,asdfkghj
B0C74X8HKH,asdfkghj
B0DPM2LC7Y,asdfkghj
B0DPKJFWXJ,asdfkghj
B0DMTHFQVB,asdfkghj
B0DLB4CVX2,asdfkghj
B0DKT59KW8,asdfkghj
B0DK7353HP,asdfkghj
B0DJXMVMRX,asdfkghj
B0DHWWWNBH,asdfkghj
B0DHH7HGZ5,asdfkghj
B0DDT543W6,asdfkghj
B0DBLMDWLN,asdfkghj
B0DBHJ3XWS,asdfkghj
B0DB5XH7SG,asdfkghj
B0D8Y99Z6M,asdfkghj
B0D8W1TBRK,asdfkghj
B0D3T6XF98,asdfkghj
B0C73KJCJX,asdfkghj
B0C6MJ27Q3,asdfkghj
B0C5R7K7ZZ,asdfkghj
B0C3XWK8JN,asdfkghj
B0C2YGS7RV,asdfkghj
B0C2VBSD16,asdfkghj
B0BXDGRXK7,asdfkghj
B0BTDMYYPQ,asdfkghj
B0BS94TXX4,asdfkghj
B0BNM9F8KN,asdfkghj
B0BN3PLFHC,asdfkghj
B0BGM86DG4,asdfkghj
B0BBZQMC22,asdfkghj
B0BBPP1Y3L,asdfkghj
B0B9ZSS6CL,asdfkghj
B0B52LD3DJ,asdfkghj
B0B11Q31HT,asdfkghj
B09YCXY83G,asdfkghj
B09SGYL4XH,asdfkghj
B09FSBK529,asdfkghj
B095WQWC15,asdfkghj
B08Y5KDWH6,asdfkghj
B07ZYZFWKY,asdfkghj
B07YLC9C1J,asdfkghj
B07XT19RD4,asdfkghj
B000LKVSOG,asdfkghj
B0D8P6Z896,asdfkghj
B0C7KK2SP7,asdfkghj
B0BV5PV9SG,asdfkghj
B0D92QYZQH,asdfkghj
B0CJXM3H7K,asdfkghj
B0D8PYTQMR,asdfkghj
B0BMGWF5W8,asdfkghj
B0D92QPQSJ,asdfkghj
B0DKT7GRWY,asdfkghj
B097QXZN62,asdfkghj
B01BPL2IAM,asdfkghj
B0D92Q8N1T,asdfkghj
B0D8NCPNZH,asdfkghj
B0CKYTDZ69,asdfkghj
B0CH4LD8CZ,asdfkghj
B0BBJCQCC5,asdfkghj
B0DP253L8F,asdfkghj
B0BL1HM9HX,asdfkghj
B0DQ2TJFWZ,asdfkghj
B0D4TV9ML1,asdfkghj
B0C1MSLFQK,asdfkghj
B0972GTS8W,asdfkghj
B0DJSZBJ7N,asdfkghj
B07KRZ7F9X,asdfkghj
B0DT3NRRBP,asdfkghj
B0D3LTL2K2,asdfkghj
B09LXNQRV5,asdfkghj
B0CR77PB44,asdfkghj
B0CN2BTM75,asdfkghj
B0DC6FJKST,asdfkghj
B0CTBY97KN,asdfkghj
B0DGX5NYJD,asdfkghj
B094FVDMSS,asdfkghj
B0CL1WLW4H,asdfkghj
B09S6M19D9,asdfkghj
B0D4L3Y24F,asdfkghj
B07ZY769HH,asdfkghj
B000WZIXRK,asdfkghj
B0DXK8S9N7,asdfkghj
B0D9PZZX32,asdfkghj
B0CS1NM68P,asdfkghj
B0DT9983SN,asdfkghj
B0CFGRPQZV,asdfkghj
B0CL9N8219,asdfkghj
B0DSVWX4V1,asdfkghj
B09MMQQSKP,asdfkghj
B0D3D4KMBY,asdfkghj
B0DSPTNMM4,asdfkghj
B0DMVW125Y,asdfkghj
B0CNVX5PK3,asdfkghj
B0DRW2G7BD,asdfkghj
B0DRJL94MV,asdfkghj
B0DGQG6411,asdfkghj
B000G79AS0,asdfkghj
B0DGLDVM46,asdfkghj
B0CBWG6115,asdfkghj
B0DFXNYPJT,asdfkghj
B0CQZPM7XV,asdfkghj
B0DF753KZL,asdfkghj
B0CQ9NXWNX,asdfkghj
B0DF68GS8C,asdfkghj
B0CKNPK9GH,asdfkghj
B0DBJ2F4B3,asdfkghj
B008RRXC7Q,asdfkghj
B0D3WVCX52,asdfkghj
B0C7CVP6F1,asdfkghj
B0CKP72QVC,asdfkghj
B0C5Y1LZNG,asdfkghj
B0BXNGZ1RY,asdfkghj
B0CT314CLL,asdfkghj
B07Y42H1VV,asdfkghj
B0C3CYH8Z6,asdfkghj
B0CJDSR7KH,asdfkghj
B07W6CS91G,asdfkghj
B0CGDKMFN9,asdfkghj
B086WMG3C7,asdfkghj
B0DT18FCHV,asdfkghj
B0DG27F8BT,asdfkghj
B0CJDTMWYW,asdfkghj
B0CJJJLNS7,asdfkghj
B0BY7ST2H1,asdfkghj
B0DPJSWFV6,asdfkghj
B0BRZT2VN3,asdfkghj
B0CNQS3P3K,asdfkghj
B0BHS89NFL,asdfkghj
B0DFVXDVP3,asdfkghj
B095XXN9BP,asdfkghj
B08FQXQSH7,asdfkghj
B091PNW3BH,asdfkghj
B01N0EWH9S,asdfkghj
B08GPFCPTD,asdfkghj
B0CDPHG65B,asdfkghj
B07MCH8P29,asdfkghj
B09MH8SPVJ,asdfkghj
B07FN47JJX,asdfkghj
B0DPW4HF49,asdfkghj
B0D4D55C2T,asdfkghj
B0C6Q12GC3,asdfkghj
B0CYSCR85T,asdfkghj
B071KGJLMJ,asdfkghj
B0CSW326BJ,asdfkghj
B0D3FL2ST7,asdfkghj
B0CS6CPHCZ,asdfkghj
B083G82TTQ,asdfkghj
B0CLD79MVT,asdfkghj
B0D5LCVRLM,asdfkghj
B0CG6GS7WV,asdfkghj
B0186E544S,asdfkghj
B0C33HXNFL,asdfkghj
B0DCTQW6SJ,asdfkghj
B0BY7VH1NR,asdfkghj
B0DGTL359T,asdfkghj
B08NSY7VXJ,asdfkghj
B081JBHCHF,asdfkghj
B0DJQYF5WL,asdfkghj
B0DGLLBG44,asdfkghj
B0DDFYTVF3,asdfkghj
B0DCJP6CW2,asdfkghj
B0D3CXL6SZ,asdfkghj
B0D1B2NGVG,asdfkghj
B0CWNGZVZ5,asdfkghj
B0CP3KXS5B,asdfkghj
B0CKF1YTJ2,asdfkghj
B07W7PJTW5,asdfkghj
B075F1YXCH,asdfkghj
B0DB5BNQK8,asdfkghj
B0D3PLQ394,asdfkghj
B0D17GXY57,asdfkghj
B0DT4LD1L5,asdfkghj
B0DT45MP1T,asdfkghj
B0DSJJXS2Z,asdfkghj
B0DSJ76RQ5,asdfkghj
B0DSFW1XC2,asdfkghj
B0DSBW94Q2,asdfkghj
B0DS9JN7WB,asdfkghj
B0DS2VDH4S,asdfkghj
B0DS25H2V3,asdfkghj
B0DS1TGF73,asdfkghj
B0DS1S5ZS5,asdfkghj
B0DRTHQ8JS,asdfkghj
B0DRD9KYNV,asdfkghj
B0DR6VJHX6,asdfkghj
B0DR4HJMLM,asdfkghj
B0DQXLYSTQ,asdfkghj
B0CZ1L78YX,asdfkghj
B0CPYTQGH6,asdfkghj
B0CNXJ5D11,asdfkghj
B0CCYGLX15,asdfkghj
B08LKBXBPT,asdfkghj
B08GYWXFSR,asdfkghj
B0862HQ5GK,asdfkghj
B07ZTGB3KM,asdfkghj
B0DY7BRGLJ,asdfkghj
B0DWWYRPJY,asdfkghj
B0DW88F9XH,asdfkghj
B0DVDVNMSC,asdfkghj
B0DTFZFP84,asdfkghj
B0DTFZ72KG,asdfkghj
B0DTCH7M7N,asdfkghj
B0DT9PNT21,asdfkghj
B0CY4VB86D,asdfkghj
B0CQX2Q8MK,asdfkghj
B0CQ2HY23V,asdfkghj
B0CMV3MZG6,asdfkghj
B0CMT27HM1,asdfkghj
B0CMQKW2G5,asdfkghj
B0CM3CQM7G,asdfkghj
B0CLV4CF4T,asdfkghj
B0CJF9V75S,asdfkghj
B0CFL7JQ5W,asdfkghj
B0CDPP9KG6,asdfkghj
B0CCCSP28T,asdfkghj
B0CB112S7M,asdfkghj
B0BST7VWRX,asdfkghj
B0BRC3T5T7,asdfkghj
B0BNC6CYZ8,asdfkghj
B0DJVTZ3PD,asdfkghj
B0DGPYRXFC,asdfkghj
B0DGLLB482,asdfkghj
B0DFG8DGYK,asdfkghj
B0DF23PSDP,asdfkghj
B0D9YX2H5C,asdfkghj
B0D8BM2N41,asdfkghj
B0D83PT6S2,asdfkghj
B0D7L68D3D,asdfkghj
B0D77JR3BD,asdfkghj
B0D41TQDYQ,asdfkghj
B0D3TG6HVR,asdfkghj
B0D2HG9PJK,asdfkghj
B0CZJTKQT3,asdfkghj
B0CZ6CS8MG,asdfkghj
B0CYQC6XRW,asdfkghj
B0DQJF56HG,asdfkghj
B0DQGSJRGQ,asdfkghj
B0DQCLD2LC,asdfkghj
B0DQ4Z97NJ,asdfkghj
B0DQ4BHSL9,asdfkghj
B0DPGDDG7K,asdfkghj
B0DMK3PS4C,asdfkghj
B0DM8VQ9RC,asdfkghj
B0DM6MD9T5,asdfkghj
B0DM2HT1LX,asdfkghj
B0DM1QHMDN,asdfkghj
B0DLSK1D7V,asdfkghj
B0DKXS2XNH,asdfkghj
B0DK71VBJJ,asdfkghj
B0DJX9ZH1W,asdfkghj
B0DJVXPGJ8,asdfkghj
B0BLZ2RSP9,asdfkghj
B0BLJPY6G9,asdfkghj
B0B9MWSR9F,asdfkghj
B0B61YY6PY,asdfkghj
B09PB278YL,asdfkghj
B09M95XC74,asdfkghj
B09FXG2HH4,asdfkghj
B08YRHYBSS,asdfkghj
B08GWP3L7D,asdfkghj
B074195T1L,asdfkghj
B015IJBOAM,asdfkghj
B07W5KH86P,asdfkghj
B0D47Q4PZL,asdfkghj
B09YLTWZ47,asdfkghj
B07XYNBZC1,asdfkghj
B008BCQB6G,asdfkghj
B0D9Q6NMWS,asdfkghj
B0CY9PNW5N,asdfkghj
B0CXNHF712,asdfkghj
B0CLYRHQR1,asdfkghj
B0C771XZHJ,asdfkghj
B0DMS7NQ7W,asdfkghj
B0CFWM4CZ4,asdfkghj
B0BM878WSS,asdfkghj
B0946W23Z5,asdfkghj
B0DMWNHTL9,asdfkghj
B0CZ9BSGJN,asdfkghj
B0CNVMZ39V,asdfkghj
B0CV5GSRPZ,asdfkghj
B0CSKJTPQ5,asdfkghj
B0DQ4WK3D4,asdfkghj
B0BXTHN437,asdfkghj
B071X39JXK,asdfkghj
B0CRR1MTXH,asdfkghj
B0DP42HPZS,asdfkghj
B0CQC2P1XW,asdfkghj
B0DKHZMXF4,asdfkghj
B0CKF5TJ7N,asdfkghj
B0DFLXXXMB,asdfkghj
B0CWGY254D,asdfkghj
B0DD6S2Z2G,asdfkghj
B0DFCV239M,asdfkghj
B0DCZK27HZ,asdfkghj
B0D1C2T6JX,asdfkghj
B0DCVYYW1W,asdfkghj
B0CJVBSRBP,asdfkghj
B0D7PY84GZ,asdfkghj
B0CGR3GL99,asdfkghj
B0D1KGK6FR,asdfkghj
B08FJCH68V,asdfkghj
B0CYSXP8RQ,asdfkghj
B0D5HWRT79,asdfkghj
B0CXP1Q5N3,asdfkghj
B0BMDX15VH,asdfkghj
B0CQZRW137,asdfkghj
B0CHQNMT5K,asdfkghj
B0CC8QD4JR,asdfkghj
B0DHGNNV2R,asdfkghj
B0BRMLWVHH,asdfkghj
B0D34PQCSL,asdfkghj
B0BN96JL1W,asdfkghj
B0DR19DT13,asdfkghj
B0BF7H777T,asdfkghj
B0936WL4T5,asdfkghj
B09ZHGXLKL,asdfkghj
B0BCVS6GLM,asdfkghj
B09HT9VZQ7,asdfkghj
B0D8VMQ2J2,asdfkghj
B09HT9B11J,asdfkghj
B0D6B7FTDX,asdfkghj
B09324YTMW,asdfkghj
B07T58451J,asdfkghj
B081ZKG54Y,asdfkghj
B0C3WF2VJL,asdfkghj
B07TH1Y1NR,asdfkghj
B0DT9HL6SC,asdfkghj
B0DT4CL7RT,asdfkghj
B0DSZP5G9R,asdfkghj
B0DSKBSSD4,asdfkghj
B0DSHQQ6V1,asdfkghj
B0DSDDVNRN,asdfkghj
B0DS811XY4,asdfkghj
B0DS1PJMZQ,asdfkghj
B0DRRNJRHX,asdfkghj
B0DRHSJ16J,asdfkghj
B0DQH2K3C2,asdfkghj
B0DQDV7KYG,asdfkghj
B0DQ66KM95,asdfkghj
B0DPMC3K43,asdfkghj
B0DNW1RWYB,asdfkghj
B0DNSTGGNB,asdfkghj
B0BPTHJ9S8,asdfkghj
B07QB7D334,asdfkghj
B0CJLKVP15,asdfkghj
B07F2S97PC,asdfkghj
B0BS9Z3QVR,asdfkghj
B0DTFTBB8J,asdfkghj
B0C9ZCZTV4,asdfkghj
B01N6PBJRO,asdfkghj
B0DGHDFKH6,asdfkghj
B0CPXF3MP9,asdfkghj
B0CG5PYHLL,asdfkghj
B097QCDGZQ,asdfkghj
B08C25ZD6S,asdfkghj
B0DHRNJQ19,asdfkghj
B0D6JGN6TG,asdfkghj
B07FZ1HFFS,asdfkghj
B0DN5Q59YS,asdfkghj
B0DMTG2LT2,asdfkghj
B0DLWGJ56Z,asdfkghj
B0DLVLW1MQ,asdfkghj
B0DK53L3XV,asdfkghj
B0DK25Z8L5,asdfkghj
B0DDXTYVGG,asdfkghj
B0DD74P4YC,asdfkghj
B0DB7RTKW2,asdfkghj
B0D2BCTPRN,asdfkghj
B0CYZQC682,asdfkghj
B0CPYPKWZY,asdfkghj
B0CPCNRJDZ,asdfkghj
B0CKKG73T8,asdfkghj
B0CK2PN5F5,asdfkghj
B0CHF4MB2M,asdfkghj
B0CCVQSCZW,asdfkghj
B0C7BM4MVL,asdfkghj
B0C6QKMYDH,asdfkghj
B0C1X3P4BK,asdfkghj
B0BL9TNP75,asdfkghj
B0BFWRBLJZ,asdfkghj
B091F51LGL,asdfkghj
B088R38RLX,asdfkghj
B07DPLYPNG,asdfkghj
B07CR5M4KJ,asdfkghj
B072MDXZ3K,asdfkghj
B005OIGBQA,asdfkghj
B00024OQD6,asdfkghj
B0DB4SR18Y,asdfkghj
B0DNFL2HS5,asdfkghj
B08FJF122C,asdfkghj
B07G4D6W4Y,asdfkghj
B0C73VDD1G,asdfkghj
B0BXPM429F,asdfkghj
B0BRKLPV7S,asdfkghj
B09TXQ2PCN,asdfkghj
B093CXHKLV,asdfkghj
B08SWBK69F,asdfkghj
B07L8G7MJY,asdfkghj
B07JK3YJJK,asdfkghj
B01MT9U41U,asdfkghj
B0DX277P32,asdfkghj
B0DTJRZJLL,asdfkghj
B0DT9PJLFX,asdfkghj
B07MS58HKJ,asdfkghj
B0D25GDFMJ,asdfkghj
B0DJ7158T8,asdfkghj
B0B3184R6V,asdfkghj
B0DDKP4DFC,asdfkghj
B0D9JFHWZG,asdfkghj
B0D5B2K2BG,asdfkghj
B0D72CVDMR,asdfkghj
B0C4Y78YG5,asdfkghj
B095HHK6JJ,asdfkghj
B0CZ8NXF5N,asdfkghj
B0CFV8ZWT1,asdfkghj
B00A6GIPZA,asdfkghj
B0CHN12GTQ,asdfkghj
B0CBXGLYMZ,asdfkghj
B0D83NHY6K,asdfkghj
B07X5JSSRF,asdfkghj
B0D2GRST59,asdfkghj
B0C28XKMS6,asdfkghj
B0CFHMBB7S,asdfkghj
B0D66SSXGG,asdfkghj
B0CRDV9YJY,asdfkghj
B0CTMHQR96,asdfkghj
B07FZLP8FF,asdfkghj
B0CR1BBD1N,asdfkghj
B0C2D2T7Z9,asdfkghj
B0088YZFZA,asdfkghj
B0DZ2KLRPB,asdfkghj
B0DXVX91K4,asdfkghj
B0DXQ19QKK,asdfkghj
B0DSMFGS89,asdfkghj
B0DSLLYF8B,asdfkghj
B09TQHD565,asdfkghj
B08X9YQ9FB,asdfkghj
B08LC6PNNV,asdfkghj
B07HHV3S6M,asdfkghj
B003TJ9H2Q,asdfkghj
B0DSFPYDTQ,asdfkghj
B0DRVBV4CZ,asdfkghj
B0DRNY9SBN,asdfkghj
B0DRKVS1RS,asdfkghj
B0DRGVJFJV,asdfkghj
B0DQSDJFJN,asdfkghj
B0DQ12282V,asdfkghj
B0DPZP3LC1,asdfkghj
B0DNBSTXYH,asdfkghj
B0DMRFPSC9,asdfkghj
B0DBGXWKQJ,asdfkghj
B0D8VZY9NN,asdfkghj
B0CSFFFXK4,asdfkghj
B0CPL15M7H,asdfkghj
B0BYZMCPH8,asdfkghj
B09W5MZD57,asdfkghj
B0D469PTCG,asdfkghj
B08QMM2MND,asdfkghj
0578518279,asdfkghj
B08JL8LQYK,asdfkghj
B0DBVZSNLT,asdfkghj
B07WS3JPFP,asdfkghj
B0CRYM5SV1,asdfkghj
B09V3BF51C,asdfkghj
B0DGT6S2QJ,asdfkghj
B0D97R5NPW,asdfkghj
B0D41KK56V,asdfkghj
B0DP4GZ63W,asdfkghj
B0DFWJ2KR2,asdfkghj
B0CHRVLJ8L,asdfkghj
B07D61QQGZ,asdfkghj
B09LM747D2,asdfkghj
B0DRP2BGGW,asdfkghj
B0CD26LRZB,asdfkghj
B0DQ8GF7ZG,asdfkghj
B093R25QRG,asdfkghj
B0738QTBKT,asdfkghj
B0DQ1FDWST,asdfkghj
B0DHVLQXJ8,asdfkghj
B0DMF8932Y,asdfkghj
B0CSPC6HPY,asdfkghj
B0DL9T2T5F,asdfkghj
B0DCFZ5Q9W,asdfkghj
B0DK7BY7SW,asdfkghj
B0851VQCJS,asdfkghj
B0DK5DLZ5X,asdfkghj
B0D4JDPHW4,asdfkghj
B0DG4MP3TY,asdfkghj
B0DPLNL4NH,asdfkghj
B0DG25ZRZB,asdfkghj
B0B1L3TSVV,asdfkghj
B0D418SNCX,asdfkghj
B0D4DNQBZF,asdfkghj
B0D33TMKVY,asdfkghj
B0DL5JBMQD,asdfkghj
B0CV6RMHG8,asdfkghj
B00HYLB87C,asdfkghj
B0CSD5P3P6,asdfkghj
B096Z9MCWJ,asdfkghj
B0CR9T22CR,asdfkghj
B0D8MYXYJF,asdfkghj
B0CMTXRRNX,asdfkghj
B0BVLWCNSZ,asdfkghj
B0CJ7TVXLL,asdfkghj
B0DC9TLNQB,asdfkghj
B0CHJJL3SZ,asdfkghj
B0DB258VT1,asdfkghj
B0DLQW6QFZ,asdfkghj
B0BZL24MNT,asdfkghj
B0771VMJYS,asdfkghj
B09YRW99WV,asdfkghj
B0CMT3Y23C,asdfkghj
B095KPYJF1,asdfkghj
B01IRVUCOM,asdfkghj
B0DYDKDLL2,asdfkghj
B086MQPG1Y,asdfkghj
B0DTP3GRZ6,asdfkghj
B0DPHM8QW4,asdfkghj
B0DSVN7SMD,asdfkghj
B0CPYD8V8C,asdfkghj
B0CZ7L6X4K,asdfkghj
B0C3HHMZ1L,asdfkghj
B0BRPGCGSH,asdfkghj
B0CT8WJF5L,asdfkghj
B0BLNGB1YY,asdfkghj
B0CJB55QVQ,asdfkghj
B0BJDWTZCK,asdfkghj
B0DCG5LN31,asdfkghj
B07YXS5PCZ,asdfkghj
B0D1NFMMRY,asdfkghj
B07XDBC5DF,asdfkghj
B09WQGXSR5,asdfkghj
B07KQ13VXD,asdfkghj
B09RBB3L3J,asdfkghj
B09J89S5JK,asdfkghj
B0CYYWXPZ6,asdfkghj
B0D17BJGVB,asdfkghj
B0CPZFSJVT,asdfkghj
B07T7WVB2W,asdfkghj
B0DLW1Q3DV,asdfkghj
B0C5D9JTPS,asdfkghj
B078P81GGD,asdfkghj
B0CZ7TKJ4G,asdfkghj
B0D14P6GQL,asdfkghj
B0CZ3FKDZR,asdfkghj
B0CW8Z66ZP,asdfkghj
B0D5CZ467S,asdfkghj
B0CSG3JF2D,asdfkghj
B0CNYKGWCZ,asdfkghj
B0CHMB9JP6,asdfkghj
B0D9NBMDTQ,asdfkghj
B0D14P3D4S,asdfkghj
0994124104,asdfkghj
B0F1FR4D2Q,asdfkghj
B0DZ4HTM16,asdfkghj
B0DTHKNPB9,asdfkghj
B0DT4HZS3X,asdfkghj
B0DSZKNKFT,asdfkghj
B0DSZGQZ8R,asdfkghj
B0DSLDXXMZ,asdfkghj
B0DSBS6JS2,asdfkghj
B0DS94MC8D,asdfkghj
B0DRV31PY9,asdfkghj
B0DRNX6KPH,asdfkghj
B0DRG6JSSB,asdfkghj
B0DRCQFL4X,asdfkghj
B0DR322KN6,asdfkghj
B0DR1HVKFS,asdfkghj
B0DHGB47GN,asdfkghj
B0DFCBMVQZ,asdfkghj
B0D59QHT75,asdfkghj
B0CXLNT3QG,asdfkghj
B0CWQ4YGZ5,asdfkghj
B0CTBBJLW1,asdfkghj
B0CR5KW4MJ,asdfkghj
B0CP25CB3Y,asdfkghj
B0CN67TTGK,asdfkghj
B0C287P8S9,asdfkghj
B09XV676BQ,asdfkghj
B09XGXYNPV,asdfkghj
B09NPZ2383,asdfkghj
B08XP2Y5WJ,asdfkghj
B083J6D5ZK,asdfkghj
B0077POMG4,asdfkghj
B0CQF6TDJD,asdfkghj
B0CJGZ743Y,asdfkghj
B0BVQQV424,asdfkghj
B0D7VF2BDB,asdfkghj
B0BC4DJVH6,asdfkghj
B0DRHPLJPK,asdfkghj
B0DPZR279L,asdfkghj
B0D928ZHBP,asdfkghj
B0CNW4CF3X,asdfkghj
B0CMTLJKQQ,asdfkghj
B0CJ5VNZKW,asdfkghj
B0CG7NVKG6,asdfkghj
B0CDRSV118,asdfkghj
B0BWMMQMM5,asdfkghj
B09886GWR4,asdfkghj
B08R2P2H11,asdfkghj
B0D8H28BBQ,asdfkghj
B0D8F6NZCC,asdfkghj
B0D7612SP2,asdfkghj
B0D63GLFZP,asdfkghj
B0D4ZMDLNQ,asdfkghj
B0D3GW9YH9,asdfkghj
B0D1X92MRW,asdfkghj
B0CYZSNQLC,asdfkghj
B0CY5BQJHV,asdfkghj
B0CR1QSZDK,asdfkghj
B0CJFNLQY8,asdfkghj
B0CJ8K2T7K,asdfkghj
B0CG3RH3GF,asdfkghj
B0CCPNGP8H,asdfkghj
B0CC2CLQXT,asdfkghj
B0C5DDBY5C,asdfkghj
B0C4N9XS13,asdfkghj
B0C24RYTPV,asdfkghj
B0BRD83JD5,asdfkghj
B0BNB6JJ9G,asdfkghj
B0BLCN19K5,asdfkghj
B0BD7J2XBT,asdfkghj
B0BC4XCCVR,asdfkghj
B0B6VMDYVB,asdfkghj
B09PFLYZKV,asdfkghj
B096FRGZJ6,asdfkghj
B0935NDS5D,asdfkghj
B083DW1ZW6,asdfkghj
B0818YB1FL,asdfkghj
B074W6TCNS,asdfkghj
B00SSVYYXW,asdfkghj
B0DQPRQ5VZ,asdfkghj
B0DQKW163D,asdfkghj
B0DQ53156H,asdfkghj
B0DPQ57MN8,asdfkghj
B0DNZFLPXZ,asdfkghj
B0DMSPMRMX,asdfkghj
B0DMFGTCCL,asdfkghj
B0DMDT8MFZ,asdfkghj
B0DLPJJY9T,asdfkghj
B0DH23LRG6,asdfkghj
B0DGPMJHQH,asdfkghj
B0DDXTFBRN,asdfkghj
B0DB81Y8P5,asdfkghj
B0D9LNNZ1J,asdfkghj
B0D8YW3VY9,asdfkghj
B0D8JKB2P3,asdfkghj
B08R34CD62,asdfkghj
B0DB5R7YKQ,asdfkghj
B0C577ZN6G,asdfkghj
B0CJYHGPW6,asdfkghj
B0CWL1VL2B,asdfkghj
B0D9H3H173,asdfkghj
B0D8HVZ7JR,asdfkghj
B0C9LKRVCB,asdfkghj
B09X4C7WN1,asdfkghj
B08LGRP33M,asdfkghj
B0CR17CJM8,asdfkghj
B0DFYPW882,asdfkghj
B0CBFGM4GX,asdfkghj
B0DSBJCFC2,asdfkghj
B0CFJSBBVY,asdfkghj
B0D66XKWSS,asdfkghj
B0DP71G21M,asdfkghj
B0DGBXQJK2,asdfkghj
B0DBGBCWKH,asdfkghj
B0DPH3XXR1,asdfkghj
B0D4TDQQ83,asdfkghj
B00HE0F7ES,asdfkghj
B07P57M4ZR,asdfkghj
B0BHVML9HV,asdfkghj
B09MHCMGTH,asdfkghj
B0C36S7S5X,asdfkghj
B0BB9QSFTZ,asdfkghj
B0CF2M6SQF,asdfkghj
B07F1FCPZH,asdfkghj
B0DJ8YMSV1,asdfkghj
B0DPFPL7VQ,asdfkghj
B00NG7FATU,asdfkghj
B0DGFRJDQ2,asdfkghj
B0CQFDRYPB,asdfkghj
B0D8SWYSPX,asdfkghj
B0CYZJZ47Q,asdfkghj
B0D8Q8FVYR,asdfkghj
B01GSOV4B0,asdfkghj
B0D5VJ71GR,asdfkghj
B00AAKZ1IG,asdfkghj
B0D48FNZQF,asdfkghj
B0B5GR7YLJ,asdfkghj
B0CQ5C7HRX,asdfkghj
B0CSKSV2PP,asdfkghj
B0C5MGMFDF,asdfkghj
B0DLBCTBLN,asdfkghj
B0C32YRFBD,asdfkghj
B0DBR1CMZX,asdfkghj
B0CXSGBZ4M,asdfkghj
B07DDCGZ89,asdfkghj
B0D3KTL22F,asdfkghj
B0D179MYCH,asdfkghj
B0C7VPMY1Q,asdfkghj
B00O3N7S32,asdfkghj
B0D1K5B8W3,asdfkghj
B0CWGNTD6R,asdfkghj
B0DRGN5D1R,asdfkghj
B01KJJS8F0,asdfkghj
B0000E6FMH,asdfkghj
B0CRPJ3M2G,asdfkghj
B0DK39M3MM,asdfkghj
B0CMZX47YT,asdfkghj
B01I8F7E0W,asdfkghj
B0BYWJ1ZR8,asdfkghj
B0CM38GVR8,asdfkghj
B0CKWTYWBM,asdfkghj
B0C6Z9WYF8,asdfkghj
B0BNK7PB6Y,asdfkghj
B0BG2DSC1J,asdfkghj
B0BFBPMGF6,asdfkghj
B0B7R2RSD2,asdfkghj
B09VBRXJ2T,asdfkghj
B09DS87WDT,asdfkghj
B098SVK365,asdfkghj
B0F1F61MLB,asdfkghj
B0DX21H7SP,asdfkghj
B0DWSWM7T1,asdfkghj
B0DTTQ7K1T,asdfkghj
B0DTHT387K,asdfkghj
B0DT9GJW1J,asdfkghj
B0BYCPT9GH,asdfkghj
B0CJLXRDRP,asdfkghj
B09XQG642H,asdfkghj
B0BCV1MRCF,asdfkghj
B07WXJ7VZC,asdfkghj
B0B1LLPLZT,asdfkghj
B07JBH2R2Y,asdfkghj
B07SBLV2VY,asdfkghj
B0CQLYR1BQ,asdfkghj
B0B8JWKXKM,asdfkghj
B000795Z6I,asdfkghj
B0C53XB37S,asdfkghj
B0B18M5B3R,asdfkghj
B0D7PJWDQ4,asdfkghj
B0BW2XJGT1,asdfkghj
B0C6D89BQJ,asdfkghj
B0BB9S9XP3,asdfkghj
B0DMSZNDFL,asdfkghj
B0D2P2NHSY,asdfkghj
B0DNGDDMTB,asdfkghj
B0D8B11H6W,asdfkghj
B0D5MFYXC9,asdfkghj
B0CBS651XY,asdfkghj
B0D7448JQQ,asdfkghj
B0CG9416XL,asdfkghj
B0CB7Z7KF2,asdfkghj
B0CZQJGNXL,asdfkghj
B0CRRRB8X8,asdfkghj
B0CBRVPRKC,asdfkghj
B09BJZ2MGP,asdfkghj
B0D4M5CYYH,asdfkghj
B0CPHL7BR5,asdfkghj
B0DB7MR3BS,asdfkghj
B07XM1J91B,asdfkghj
B01LVZ1WI5,asdfkghj
B0DN13WQRC,asdfkghj
B0B6FQTKLV,asdfkghj
B095XH38WN,asdfkghj
B0D12PCMWY,asdfkghj
B0CYNRRL6L,asdfkghj
B0CNXGWLSD,asdfkghj
B0CLJ65Q3J,asdfkghj
B0C4SP3B3T,asdfkghj
B07RSQ8KDQ,asdfkghj
B005ELP9KQ,asdfkghj
B0DBZGB789,asdfkghj
B0D95TJ5VZ,asdfkghj
B0D6LSVJH5,asdfkghj
B0DT9GGYBS,asdfkghj
B0DT9CNZMT,asdfkghj
B0DT979N63,asdfkghj
B0DT3Z8B4R,asdfkghj
B0DSWHH32D,asdfkghj
B0DSLRHM4C,asdfkghj
B0DSJHSMXL,asdfkghj
B0DSHCJ1GR,asdfkghj
B0DS6GJT15,asdfkghj
B0DS6DZWNX,asdfkghj
B0DS1VY4CY,asdfkghj
B0DRWW7P5N,asdfkghj
B0DRP785J9,asdfkghj
B0DQWWDSPX,asdfkghj
B0DQ89KGR7,asdfkghj
B0DPZQFRFS,asdfkghj
B0D3LK2WKH,asdfkghj
B0D2C9NWH8,asdfkghj
B0CYBSRGJS,asdfkghj
B0CWP4JJ56,asdfkghj
B0CR919TSN,asdfkghj
B0CQSZZMKT,asdfkghj
B0CNT78Z3V,asdfkghj
B0CJFPCWK9,asdfkghj
B0C1X2V4WF,asdfkghj
B0BXKLNM7H,asdfkghj
B0BWDKW816,asdfkghj
B0BTP4D497,asdfkghj
B0BC1QGSQC,asdfkghj
B0B4QVMG2Z,asdfkghj
B08ZH6HJNT,asdfkghj
B08G6BZ3VV,asdfkghj
B0DPY8P4RZ,asdfkghj
B0DPW8YC5S,asdfkghj
B0DNSN2TM5,asdfkghj
B0DNLY7F93,asdfkghj
B0DN9VYQL5,asdfkghj
B0DMSPPZMX,asdfkghj
B0DL5ZRV68,asdfkghj
B0DL42BXLN,asdfkghj
B0DK8Y2YDX,asdfkghj
B0DJ3HDG5F,asdfkghj
B0DGKX6HLD,asdfkghj
B0DFHB865D,asdfkghj
B0DDXY78N2,asdfkghj
B0D8PTQP47,asdfkghj
B0D66P9KND,asdfkghj
B0D4YRRD9W,asdfkghj
B087JL9XW4,asdfkghj
B07LFY2C7K,asdfkghj
B0786SRGWZ,asdfkghj
B01EAU0Z14,asdfkghj
B0B48V5SMM,asdfkghj
B00TTV7WNY,asdfkghj
B07ST9NZ1K,asdfkghj
B0D6R6TLFX,asdfkghj
B001V9EZKU,asdfkghj
B0C7GGG3SZ,asdfkghj
B0DLKC1W6C,asdfkghj
B0DHRT7PZQ,asdfkghj
B0DR8C77RK,asdfkghj
B0CFRH1XWP,asdfkghj
B0CQCLJMXV,asdfkghj
B0CC2D5T75,asdfkghj
B09DXHNKFC,asdfkghj
B0C4PGTFF1,asdfkghj
B0CPT2JRWT,asdfkghj
B0DLH2SFM4,asdfkghj
B0CSF9YJ92,asdfkghj
B0CNVTQ86J,asdfkghj
B0CHJMH3CG,asdfkghj
B0CPJJX6NF,asdfkghj
B092ZPD573,asdfkghj
B0CCNDF6CX,asdfkghj
B0CFYPMM4Y,asdfkghj
B0BCPMLK42,asdfkghj
B0C6F12NDN,asdfkghj
B0DS6CWTWP,asdfkghj
B0CC51G36L,asdfkghj
B0DF44H72M,asdfkghj
B0DF2X4KPL,asdfkghj
B0C7TS4528,asdfkghj
B0CL67NHJZ,asdfkghj
B0DYTB7CSV,asdfkghj
B0DT9TMDKF,asdfkghj
B0DT4QTF5N,asdfkghj
B0DSZRVGJQ,asdfkghj
B0DS46W6XL,asdfkghj
B0DRK1D9S6,asdfkghj
B0DNZ5XVDH,asdfkghj
B0DN15HLWG,asdfkghj
B0DKJPNSVT,asdfkghj
B0DKFL24RM,asdfkghj
B0DGFK725M,asdfkghj
B0D813B9HS,asdfkghj
B0D66QGRD5,asdfkghj
B0CZSTY7L9,asdfkghj
B0CZ876N43,asdfkghj
B0CW39VSBN,asdfkghj
B0DJ349P6G,asdfkghj
B0DF5GSMVF,asdfkghj
B0DH1KH9ZD,asdfkghj
B0DG58KQ2B,asdfkghj
B0C7YSS3FV,asdfkghj
B0DFMJL11B,asdfkghj
B0BKZH4GSY,asdfkghj
B0DB2H5W73,asdfkghj
B0C232PWJZ,asdfkghj
B0D8KTM72Z,asdfkghj
B0CWK6X67G,asdfkghj
B0D7YMQ6CR,asdfkghj
B0DQ8HX1PY,asdfkghj
B0D6R79KQ9,asdfkghj
B0B48K6S6Q,asdfkghj
B0D29FDVN6,asdfkghj
B0CTTB5V3J,asdfkghj
B0CR2YBBV3,asdfkghj
B0CNRCDSVQ,asdfkghj
B0CGTHTFGH,asdfkghj
B0CB3VVWM6,asdfkghj
B0C1M56KCW,asdfkghj
B0BXMH82F2,asdfkghj
B0BRPQBVZK,asdfkghj
B09W95GFN8,asdfkghj
B08R3L5PJ8,asdfkghj
B0CGXGB9D1,asdfkghj
B0D91PNX3L,asdfkghj
B0DFBHT8VK,asdfkghj
B0CQCC1JTJ,asdfkghj
B0CHYCM4FD,asdfkghj
B07TWJCZZC,asdfkghj
B09QCQ2HCK,asdfkghj
B0CG39K63K,asdfkghj
B0BP12BS3Y,asdfkghj
B0CR5VTT61,asdfkghj
B07MNNS6T4,asdfkghj
B0DHZD7HQL,asdfkghj
B0DHG7P72H,asdfkghj
B0D8HZMKVH,asdfkghj
B0CGQDZ3L1,asdfkghj
B0BS8MMB9Q,asdfkghj
B0DHZ72MJ4,asdfkghj
B0DFQ597HM,asdfkghj
B0DF722SGX,asdfkghj
B0D8QNJCQ3,asdfkghj
B0D76571W8,asdfkghj
B0D67DQP7C,asdfkghj
B0D58D1ST1,asdfkghj
B0D4TJWRW8,asdfkghj
B0D3BP4S5H,asdfkghj
B0D1XPW56P,asdfkghj
B0D1G89371,asdfkghj
B0CZG9YBY9,asdfkghj
B0CSWTWK5G,asdfkghj
B0CQTBWVWD,asdfkghj
B0CPWV3SPF,asdfkghj
B0CNVDZ6NM,asdfkghj
B0C1ZYCXDS,asdfkghj
B0DCN48KR4,asdfkghj
B0CL4QLS6R,asdfkghj
B0BXCD7SZW,asdfkghj
B0BV61NHNY,asdfkghj
B0B88LRH9V,asdfkghj
B09MT9RPHD,asdfkghj
B07L9LPPT2,asdfkghj
B0DZ6MQMWM,asdfkghj
B0DXLCN7F2,asdfkghj
B0DXF2ZVH9,asdfkghj
B0DXDRFT6J,asdfkghj
B0DTK5KK4R,asdfkghj
B0DSVNFLCM,asdfkghj
B0DS8RWFSN,asdfkghj
B0DQCRKTTH,asdfkghj
B0BF5RXX2B,asdfkghj
B09P3S5MBJ,asdfkghj
B0BTZ7YHHZ,asdfkghj
B07GYZXXLQ,asdfkghj
B003TNR1WK,asdfkghj
B0B9WQL3FD,asdfkghj
B08735KFNK,asdfkghj
B0BN8W1F4K,asdfkghj
B0CDNQKBPL,asdfkghj
B0DXL74DDZ,asdfkghj
B0D6VQWPDS,asdfkghj
B00NIXBEF6,asdfkghj
B0DPXCZGP5,asdfkghj
B01JDSWEIK,asdfkghj
B09FFSY5C1,asdfkghj
B0DK9BNV2T,asdfkghj
B0DB79FS14,asdfkghj
B0CRB6CB3Z,asdfkghj
B0CCP6PWQJ,asdfkghj
B0845QJT64,asdfkghj
B0CZRRXZGP,asdfkghj
B0CWRFDBC7,asdfkghj
B0BPPCMT2Q,asdfkghj
B08HLJ2G8Y,asdfkghj
B08H81HJ5D,asdfkghj
B01LXG2LJQ,asdfkghj
B0D82F37NV,asdfkghj
B0CHHTZFDK,asdfkghj
B0DSWFNVP2,asdfkghj
B0DRT67VHJ,asdfkghj
B0DRVBZ2WL,asdfkghj
B0D83TY73T,asdfkghj
B0843833CK,asdfkghj
B0D5D7F3LW,asdfkghj
B075VWW5FG,asdfkghj
B0BHYLVL1P,asdfkghj
B0D6YPCS6N,asdfkghj
B0C3X2T46J,asdfkghj
B0788XV91D,asdfkghj
B0CDJ98SWV,asdfkghj
B0CM1X27P2,asdfkghj
B0BWQFFGZH,asdfkghj
B079VDV9XD,asdfkghj
B0CKF4XPN6,asdfkghj
B0792DFWJZ,asdfkghj
B0BTCR9QH2,asdfkghj
B08P4D4CY4,asdfkghj
B0BG2N365L,asdfkghj
B07QD2SHNX,asdfkghj
B0BVBKPKJJ,asdfkghj
B0DGPNL296,asdfkghj
B0DBQLVHCN,asdfkghj
B0D5HGVLV9,asdfkghj
B0D8JQHRZ8,asdfkghj
B0CJQ9813P,asdfkghj
B0DLLGV254,asdfkghj
B0D5RDS6X9,asdfkghj
B0D8Y1PV7D,asdfkghj
B093T2JGTW,asdfkghj
B0D45HFWB1,asdfkghj
B0BG98MRR8,asdfkghj
B0CY5H7Z3Q,asdfkghj
B0C9R5LVKY,asdfkghj
B0CSW8LP9J,asdfkghj
B0DRK3SDYD,asdfkghj
B0DRJ9MZQF,asdfkghj
B0DRJ94KWF,asdfkghj
B0DRJ5DZBN,asdfkghj
B0DR8CWJTM,asdfkghj
B0DQ953L36,asdfkghj
B0DQ72R1H4,asdfkghj
B0DPRSKGX2,asdfkghj
B0DPRR9L9R,asdfkghj
B0DNVXHJW7,asdfkghj
B0DM6K422P,asdfkghj
B0DKHZL612,asdfkghj
B0DDKY5PPZ,asdfkghj
B0DCVWNGHH,asdfkghj
B0D95WCHVN,asdfkghj
B0D7PY91TG,asdfkghj
B0CTBW5QVD,asdfkghj
B07HJCFV4T,asdfkghj
B0B1WXR8FG,asdfkghj
B0B84Z49FQ,asdfkghj
B071JP2RPS,asdfkghj
B093TNJHN7,asdfkghj
B0928HGNQQ,asdfkghj
B0BP272412,asdfkghj
B0CNN9YMR6,asdfkghj
B0C4KZL6BR,asdfkghj
B0D18RD26L,asdfkghj
B0CFL5BWMS,asdfkghj
B0C59BKS4X,asdfkghj
B09M4CC596,asdfkghj
B0CS3KHDM1,asdfkghj
B0BC5WG8XK,asdfkghj
B0D7VQ1PM4,asdfkghj
B0CS5DLQVB,asdfkghj
B0CRHJZHWJ,asdfkghj
B0CLZPD6LD,asdfkghj
B07YXPF7T8,asdfkghj
B0BTD432DZ,asdfkghj
B0D9M5CYLN,asdfkghj
B09PL2V7DJ,asdfkghj
B0D345232N,asdfkghj
B07V5LN75D,asdfkghj
B0BM5NFXT1,asdfkghj
B0DPB8MQXN,asdfkghj
B0BZ8QHN54,asdfkghj
B0DD3CMJMS,asdfkghj
B08L417LL6,asdfkghj
B0DS6WFXFZ,asdfkghj
B07NCLXQ59,asdfkghj
B0DWSS96J4,asdfkghj
B0DW91FC1X,asdfkghj
B0DVYR4FZ1,asdfkghj
B0DTK3SQXJ,asdfkghj
B0DTJXY2X8,asdfkghj
B0DT9N2ZLD,asdfkghj
B0DT8ZN8BV,asdfkghj
B0DT6CRHX7,asdfkghj
B0DT441MP2,asdfkghj
B0DSZD1VZJ,asdfkghj
B0DSPN3C5K,asdfkghj
B0DSPM699T,asdfkghj
B0DS7W8HX3,asdfkghj
B0DS273SMY,asdfkghj
B0DS216YPP,asdfkghj
B0DG2M1W12,asdfkghj
B0CSWV7K88,asdfkghj
B0CNGY728D,asdfkghj
B0BHW1Q4B7,asdfkghj
B0B81ZFNR6,asdfkghj
B09W8KMR3F,asdfkghj
B003P4VYDU,asdfkghj
B0DMJ9QN3T,asdfkghj
B0BVQXQ1Y7,asdfkghj
B01GQNVDDW,asdfkghj
B00M23TYBO,asdfkghj
B0DQP9VQP5,asdfkghj
B0DQBCJ3ZZ,asdfkghj
B0D8ZMC3QZ,asdfkghj
B0BDGDBJFG,asdfkghj
B09MBCNZS4,asdfkghj
B0D6V5CS83,asdfkghj
B0D62KQJC8,asdfkghj
B0D41JCQWT,asdfkghj
B0D2NBVQ5B,asdfkghj
B0CZWV9F3Z,asdfkghj
B0CY5FFQ7K,asdfkghj
B0CTYCPKG7,asdfkghj
B0CTMXDFMS,asdfkghj
B0CTKL7DMG,asdfkghj
B0CSBZCPCZ,asdfkghj
B0CQHLB3KK,asdfkghj
B0CMCQ57YH,asdfkghj
B0CM6F3T8T,asdfkghj
B0CHM8NJLH,asdfkghj
B0CH76JC7M,asdfkghj
B0CH38RRYW,asdfkghj
B0CCYG69VX,asdfkghj
B0C5T6MGXV,asdfkghj
B0BXXD18S5,asdfkghj
B0BMXWL3YK,asdfkghj
B0BGZS27HL,asdfkghj
B0BDCX8TBG,asdfkghj
B0BB164XRZ,asdfkghj
B0B6TPX82P,asdfkghj
B09HYVSZT1,asdfkghj
B09B1SWJKW,asdfkghj
B08T44TRJW,asdfkghj
B07R61Z2PG,asdfkghj
B0DCK1DKQ6,asdfkghj
B0CXPX6VHT,asdfkghj
B0DS84728X,asdfkghj
B0CT3WVYPX,asdfkghj
B0DPKHKN89,asdfkghj
B0CPGLF184,asdfkghj
B0CN97PNYC,asdfkghj
B0CLJDRK4Z,asdfkghj
B0D6F7FGDP,asdfkghj
B0C9GNSXFD,asdfkghj
B004LOWF7W,asdfkghj
B0C8HVBRM5,asdfkghj
B0C1BRSWVX,asdfkghj
B0C5MH232Z,asdfkghj
B0CQLS5YQ2,asdfkghj
B0BZHYMRWH,asdfkghj
B0CG9913XQ,asdfkghj
B0C9N285Q7,asdfkghj
B0BWHBT4YV,asdfkghj
B0BM3SZV5D,asdfkghj
B0BJNL2L6B,asdfkghj
B0BF4XMW3M,asdfkghj
B0B59K48MW,asdfkghj
B0B52J9NHZ,asdfkghj
B0B2LJD6ZP,asdfkghj
B09Y15MFBW,asdfkghj
B09XXHLH84,asdfkghj
B09LD94GRR,asdfkghj
B08J7Y93TF,asdfkghj
B089FPVKTD,asdfkghj
B07ZHKHKT6,asdfkghj
B000R72SQ0,asdfkghj
B0D78M6STB,asdfkghj
B0B8MN3HV9,asdfkghj
B0DCVW1TNK,asdfkghj
B0B1DD95F9,asdfkghj
B0977LCBYD,asdfkghj
B0BKPJTY7W,asdfkghj
B0CCL53HGP,asdfkghj
B07SKL9GCR,asdfkghj
B0D73D1DHC,asdfkghj
B0CH1858DK,asdfkghj
B0D79F6XPT,asdfkghj
B0CHYN76KN,asdfkghj
B0DCBW1Z5B,asdfkghj
B0BWMTCL5J,asdfkghj
B0CMPZFKC4,asdfkghj
B0053YPXAA,asdfkghj
B0DDBDKKCQ,asdfkghj
B0CFDRMJWV,asdfkghj
B000W9TUSM,asdfkghj
B0DCK5WX4R,asdfkghj
B0CZB7ZJ6R,asdfkghj
B0DCFT3K17,asdfkghj
B0C5SM46X8,asdfkghj
B0D9N9VLTS,asdfkghj
B0BLJ7M3Z4,asdfkghj
B0D7Q6CL6C,asdfkghj
B0B56BZBNP,asdfkghj
B0D6GNDKGH,asdfkghj
B0DPQLV5Q4,asdfkghj
B0D5GYVZR8,asdfkghj
B0DHGHLDWR,asdfkghj
B0CYZSHRQQ,asdfkghj
B0CXXJ4G2G,asdfkghj
B01ISN65ZY,asdfkghj
B09M91JCQZ,asdfkghj
B0BN26N81D,asdfkghj
B0DRCQHFY1,asdfkghj
B0CYJRG4G2,asdfkghj
B0C7FSHJM2,asdfkghj
B0DNYKJ4QB,asdfkghj
B0D3DD9M1J,asdfkghj
B0CB7PWZ1L,asdfkghj
B0DHG5DKT9,asdfkghj
B0CDPQJSGJ,asdfkghj
B0CLTX1LNG,asdfkghj
B0DG81QB8W,asdfkghj
B0DGKKJ7ZG,asdfkghj
B0DSP1NLMQ,asdfkghj
B0D4TYV1Q2,asdfkghj
B0CSTB2F5F,asdfkghj
B0CNWQQ5T1,asdfkghj
B0B57P2D6W,asdfkghj
B0B23GCVZ7,asdfkghj
B08YF18NHR,asdfkghj
B08FHCNFPK,asdfkghj
B0DZ77QZH4,asdfkghj
B0DXD3L88L,asdfkghj
B0DX98NYKQ,asdfkghj
B0DWS2GHLT,asdfkghj
B0DWK7SSJY,asdfkghj
B0DWK1YYLB,asdfkghj
B0DW7NGZVR,asdfkghj
B0DTFS1YMG,asdfkghj
B0DT3GHHZB,asdfkghj
B0CRS6FDQH,asdfkghj
B0D2KT3CGH,asdfkghj
B0CHV21LHY,asdfkghj
B0DGPRK85R,asdfkghj
B0D4MDGVD4,asdfkghj
B0CJJDY3X3,asdfkghj
B0D9VXZHWQ,asdfkghj
B07T93V11H,asdfkghj
B0DK6SB33M,asdfkghj
B0D73FVSJR,asdfkghj
B0D6WLW1T1,asdfkghj
B0C4KY279L,asdfkghj
B0B3D9RCDV,asdfkghj
B0BV6QNNFP,asdfkghj
B0BCHVZMB2,asdfkghj
B0B14S9YPL,asdfkghj
B0CYBR7FM2,asdfkghj
B0CXPTHHWW,asdfkghj
B0CWGM4PS3,asdfkghj
B0CWCYX9BR,asdfkghj
B0CV654R23,asdfkghj
B0CTHNZKCW,asdfkghj
B0CSKCK824,asdfkghj
B0CRYYJ9Q4,asdfkghj
B0CRR7NLP3,asdfkghj
B0CRQJQ3MK,asdfkghj
B0CQ8TH4LT,asdfkghj
B0CPPKDC2K,asdfkghj
B0CJLYNTMQ,asdfkghj
B0CFF5S92W,asdfkghj
B0CF4RCHGQ,asdfkghj
B0CCVN3TKR,asdfkghj
B0BDZQQCM6,asdfkghj
B0CV7F66F8,asdfkghj
B0DBLCX7SB,asdfkghj
B0CSL6ZCWX,asdfkghj
B0D7MGYMLW,asdfkghj
B0DDBKND2R,asdfkghj
B000T1WIXM,asdfkghj
B0DP34ZY8L,asdfkghj
B0D9S4RNTQ,asdfkghj
B0D9LVYFBR,asdfkghj
B0D6YK9QGJ,asdfkghj
B004ZAFUN8,asdfkghj
B0D8HZ3Q1T,asdfkghj
B077PVRJ45,asdfkghj
B0DJMDPKW1,asdfkghj
B0DPQ7KNW2,asdfkghj
B0CC7QP43J,asdfkghj
B0CBTJVP6P,asdfkghj
B0CBRDQZL8,asdfkghj
B0CBR7ZRB6,asdfkghj
B0CB9T12PN,asdfkghj
B0C7K895VZ,asdfkghj
B0C4GYLX63,asdfkghj
B0C3VHGQQB,asdfkghj
B0BM51FSG7,asdfkghj
B0B94HNL5J,asdfkghj
B096RWRNXC,asdfkghj
B07D13N5YX,asdfkghj
B079F7TZ9C,asdfkghj
B077F78Q7T,asdfkghj
B00U9W9UL4,asdfkghj
B0DT1BXHKD,asdfkghj
B0DSP4YGVY,asdfkghj
B0DSKY4G4G,asdfkghj
B0DSJ9WN43,asdfkghj
B0DSBL9YX2,asdfkghj
B0DS1T7RWF,asdfkghj
B0DRJV8PSJ,asdfkghj
B0DRGF4X2J,asdfkghj
B0DQPML6ZQ,asdfkghj
B0DQ9BLH1V,asdfkghj
B0DQ61GFPG,asdfkghj
B0DPRXY8R9,asdfkghj
B0DPG3Z9R4,asdfkghj
B0DNNSZK18,asdfkghj
B0DMVZFQLM,asdfkghj
B0DMNPV9SS,asdfkghj
B0DMNF99V9,asdfkghj
B0DLG62Z5V,asdfkghj
B0DJP12MWW,asdfkghj
B0DG8R1CXH,asdfkghj
B0DDPN9MTH,asdfkghj
B0DDPC3PX4,asdfkghj
B0DCBFJMQF,asdfkghj
B0D8WB5CZV,asdfkghj
B0D8W8KS45,asdfkghj
B0D83CN3H3,asdfkghj
B0D53R58D6,asdfkghj
B0D3WD94RY,asdfkghj
B0D2XRZFT4,asdfkghj
B0D17LFLD5,asdfkghj
B0CZKVLL1T,asdfkghj
B0CYZG78SC,asdfkghj
B0C5R9BBD6,asdfkghj
B0C781C9D2,asdfkghj
B0C9ST51QK,asdfkghj
B0BW2PBTT3,asdfkghj
B0CT3HZZTQ,asdfkghj
B0CP39C2F4,asdfkghj
B0CYBMKFVY,asdfkghj
B0DT19PD12,asdfkghj
B0CWP4BYNL,asdfkghj
B08Y57Y63Y,asdfkghj
B0BM3BFZ35,asdfkghj
B0DQPWPNLV,asdfkghj
B0D6YLHKR5,asdfkghj
B0D72H1M3J,asdfkghj
B0DQ16Z1T2,asdfkghj
B0CWY1KKTR,asdfkghj
B08556VC9P,asdfkghj
B0DPMD8ML7,asdfkghj
B0DK1LR7QQ,asdfkghj
B0D9QK8RYZ,asdfkghj
B0DCHY17B7,asdfkghj
B0CN8G34ZY,asdfkghj
B0CD2QKDGC,asdfkghj
B0D9CNBJ28,asdfkghj
B0D1Q9J59Z,asdfkghj
B0DBSDYTL2,asdfkghj
B0D6R8XWZH,asdfkghj
B0CQD579Q1,asdfkghj
B0C2C46P64,asdfkghj
B0D5RZTTWZ,asdfkghj
B0D9LX86L8,asdfkghj
B0DFVHF64V,asdfkghj
B0CRYKZTF9,asdfkghj
B0C582H1PD,asdfkghj
B0CT3457N7,asdfkghj
B0CQTCN9NJ,asdfkghj
B0D721YPH4,asdfkghj
B0CGL3B7XQ,asdfkghj
B0CNXF5389,asdfkghj
B0C27FRQZB,asdfkghj
B0D3JF923N,asdfkghj
B0CKDZ9HVY,asdfkghj
B0DW83RNX6,asdfkghj
B08CC2JWN6,asdfkghj
B0CJHZH49W,asdfkghj
B0CT3PC52V,asdfkghj
B0D741NQ6F,asdfkghj
B0CCSBVRFY,asdfkghj
B00BQO1MQA,asdfkghj
B0CCDNNJ8C,asdfkghj
B0D2Q8YCKC,asdfkghj
B0BZCFQZPW,asdfkghj
B0CDQ5LF7Y,asdfkghj
B0BD7518CY,asdfkghj
B01L0E9GLI,asdfkghj
B0B5FH2FVG,asdfkghj
B06XTWCHLP,asdfkghj
B09G32Z681,asdfkghj
B0D7VS64PM,asdfkghj
B09993J5JR,asdfkghj
B0B181BQJV,asdfkghj
B01LWOMCRG,asdfkghj
B09Y9FQ48L,asdfkghj
B0DKZZ8396,asdfkghj
B0CQF5WNLM,asdfkghj
B0B4DJC26R,asdfkghj
B0DFQF3MQF,asdfkghj
B0DDP6N7XM,asdfkghj
B0D4HRL3CM,asdfkghj
B094QQZ2QC,asdfkghj
B0DK36LFV7,asdfkghj
B0CGCVTZDD,asdfkghj
B0CSFW2MK3,asdfkghj
B00BLW5NNA,asdfkghj
B0DB6949QY,asdfkghj
B0DC647PC8,asdfkghj
B0CSNBTGP3,asdfkghj
B0C4BF5RMJ,asdfkghj
B0DFYG31X7,asdfkghj
B0CPPGCWYK,asdfkghj
B0BDDZCZ9G,asdfkghj
B09TDLKZM8,asdfkghj
B0CNXJBQ2P,asdfkghj
B0CHJP67LB,asdfkghj
B0D3HQF1WD,asdfkghj
B0C89HRZZQ,asdfkghj
B0DRFV849W,asdfkghj
B0D41LMB7H,asdfkghj
B0CLGQYRJ4,asdfkghj
B0BJDVP2HT,asdfkghj
B0BJ78D147,asdfkghj
B08WT5K5KX,asdfkghj
B078PJHCNC,asdfkghj
B0D9B58NQV,asdfkghj
B0D8VX47GN,asdfkghj
B0D6YNGM24,asdfkghj
B0DRT52J1F,asdfkghj
B0DDBZ5TM7,asdfkghj
B07XB2H913,asdfkghj
B0CMGPZS7W,asdfkghj
B01MRNXS2J,asdfkghj
B07RPD6DN5,asdfkghj
B08XB6JTFV,asdfkghj
B0CGCWWT33,asdfkghj
B0D491GQZJ,asdfkghj
B0D3F3DT6H,asdfkghj
B0B5R7VY22,asdfkghj
B0CRGX6MVM,asdfkghj
B0D1QH4FL1,asdfkghj
B0CN6XB9QP,asdfkghj
B0BXSCYZXQ,asdfkghj
B0BMPSCXBT,asdfkghj
B0D5Y3C7N3,asdfkghj
B0D5XS4N3Q,asdfkghj
B0D41F84X2,asdfkghj
B0D2HK33M5,asdfkghj
B0BBL9JNBS,asdfkghj
B097S5YNXT,asdfkghj
B0DT6GLFLL,asdfkghj
B0DJM6RZX8,asdfkghj
B0DGG9J3JJ,asdfkghj
B0DDX94F96,asdfkghj
B0D8SGVBB7,asdfkghj
B0D8NL4VLV,asdfkghj
B0D5HDH7TD,asdfkghj
B0CTBVSN8X,asdfkghj
B0CKX1D7W6,asdfkghj
B0CH2QDHZR,asdfkghj
B07QYBT3X5,asdfkghj
B0DJ36WBC6,asdfkghj
B0CJNS1RG8,asdfkghj
B09MLR8BC6,asdfkghj
B07RQR1XZF,asdfkghj
B0DDXKSTN8,asdfkghj
B0CHW5HTQQ,asdfkghj
B000YB862E,asdfkghj
B0DPK79GS4,asdfkghj
B07M63HH4B,asdfkghj
B0DDT7G5J2,asdfkghj
B0C8CXDFP2,asdfkghj
B08YWYMSPB,asdfkghj
B0DF2Y2JKJ,asdfkghj
B0BP1X1Y7F,asdfkghj
B0BN15ZC5X,asdfkghj
B0C5XR973C,asdfkghj
B0C2Y95BJT,asdfkghj
B0BCXZVY9C,asdfkghj
B0B89XDPZ2,asdfkghj
B0851GZ8YK,asdfkghj
B081Z224BT,asdfkghj
B07MW1W2SD,asdfkghj
B077J4XP1Z,asdfkghj
B0DY1JZNKV,asdfkghj
B0DWY38JFW,asdfkghj
B0DWC23YN9,asdfkghj
B0DW8S2B65,asdfkghj
B0DTQ1FMNQ,asdfkghj
B0DT62T4BR,asdfkghj
B0DSSZM8NG,asdfkghj
B0DSCBJJ7L,asdfkghj
B0DSBJDQNZ,asdfkghj
B0DS1P7NMK,asdfkghj
B0DRYRJB2S,asdfkghj
B0DRY41GSG,asdfkghj
B0DRV85RLP,asdfkghj
B0DRTZBMJT,asdfkghj
B0DRF5DL2V,asdfkghj
B0DRDV33BY,asdfkghj
B0DR2WK7HM,asdfkghj
B0DR1WVKSP,asdfkghj
B0DQSP3QR3,asdfkghj
B0DQQB8X6Y,asdfkghj
B0DPW4WXJG,asdfkghj
B0DPVN1ZCS,asdfkghj
B0DPMWKVR3,asdfkghj
B0DPMK12S8,asdfkghj
B0DPFZKG8Q,asdfkghj
B0DP6518V1,asdfkghj
B0DP4YWWM9,asdfkghj
B0DP4Y8KMC,asdfkghj
B0DP3YX4SZ,asdfkghj
B0DP2KST45,asdfkghj
B0DNK29H5X,asdfkghj
B0DNDYHG36,asdfkghj
B0DMVFGXWY,asdfkghj
B0DMTYJPC6,asdfkghj
B0DL2B9KMQ,asdfkghj
B0DJQFD38X,asdfkghj
B0DJPB3FRX,asdfkghj
B0DHGMD2DZ,asdfkghj
B0DHBT9PH9,asdfkghj
B0DG2LCGZS,asdfkghj
B0D2WY1XDS,asdfkghj
B0D2GRV8CS,asdfkghj
B0D12R9WQR,asdfkghj
B0CZRDMSMR,asdfkghj
B0CZBW14NF,asdfkghj
B0CYRD572Q,asdfkghj
B0CYG3Y5GR,asdfkghj
B0CSFTWMS2,asdfkghj
B0CN6Q957M,asdfkghj
B0CMQ62HP9,asdfkghj
B0CLNZG6G6,asdfkghj
B0CLCZB7J4,asdfkghj
B0CL75G1BZ,asdfkghj
B0CJHN6CTD,asdfkghj
B0C85MF5KY,asdfkghj
B0BWJ4M4K6,asdfkghj
B0BV1DL8WD,asdfkghj
B0BQYH4B2D,asdfkghj
B0BMWBWWN5,asdfkghj
B0BM2HW6VY,asdfkghj
B0B3HZQFZ2,asdfkghj
B0B226TFGV,asdfkghj
B0B1M9ZBLG,asdfkghj
B0B1DD3NQT,asdfkghj
B09VGH8MZZ,asdfkghj
B09RKQLQBL,asdfkghj
B09P9SSSRZ,asdfkghj
B09MHZN2XD,asdfkghj
B085NG12D5,asdfkghj
B01F63UAIC,asdfkghj
B00YTB20HC,asdfkghj
B0096B5GQ2,asdfkghj
B0DFTMHPLK,asdfkghj
B0DFLNXJWS,asdfkghj
B0DDY946MK,asdfkghj
B0DDXXMN3W,asdfkghj
B0DD6BLDNF,asdfkghj
B0DCY95W4W,asdfkghj
B0D9V6RNCH,asdfkghj
B0D97PXPVP,asdfkghj
B0D8T6H6HP,asdfkghj
B0D8758X2N,asdfkghj
B0D7LZKPSV,asdfkghj
B0D6L116HX,asdfkghj
B0D6GDSX6B,asdfkghj
B0D5LF4VV8,asdfkghj
B0D5KXBK8H,asdfkghj
B0D3QCJKB7,asdfkghj
B0CSP22517,asdfkghj
B0CKNGB7DW,asdfkghj
B0CCLBXDW6,asdfkghj
B0CR5P1KNL,asdfkghj
B0CWTZT4S4,asdfkghj
B009VBSRJK,asdfkghj
B0CHR7H4QD,asdfkghj
B0DBYZBJ3J,asdfkghj
B09YCDC2KR,asdfkghj
B0C1JD4BB1,asdfkghj
B0CW11ZT21,asdfkghj
B0CFTTCNFX,asdfkghj
B0DTHG4WQL,asdfkghj
B0CHJQSJ8R,asdfkghj
B0DC6PSMJG,asdfkghj
B0DJLV6SHN,asdfkghj
B007HB0DDO,asdfkghj
B0DCS75Q1S,asdfkghj
B0C2SRGYLX,asdfkghj
B0DH4PWPLB,asdfkghj
B0CR8WYNT9,asdfkghj
B0CCRMSDMP,asdfkghj
B0D9JL655D,asdfkghj
B0D6JY8T53,asdfkghj
B0BK8Z7TYZ,asdfkghj
B0D6YXDSQQ,asdfkghj
B09FQFM81K,asdfkghj
B09QX69QGR,asdfkghj
B0CP7X3948,asdfkghj
B08KFX34NC,asdfkghj
B0CMPV65YV,asdfkghj
B0CP54W41P,asdfkghj
B0BX8TQ4TZ,asdfkghj
B0C7KN54PS,asdfkghj
B0CJ8Y1YJW,asdfkghj
B000IO6SSG,asdfkghj
B07BNG3Z1B,asdfkghj
B0CH88FH23,asdfkghj
B0DRXVTML7,asdfkghj
B0D1T55XLD,asdfkghj
B0BK94RB8V,asdfkghj
B0CPPR3W78,asdfkghj
B0BCNN2DG9,asdfkghj
B0D3ZV2K5Z,asdfkghj
B07ZJSYSRB,asdfkghj
B0DJ2N3YYF,asdfkghj
B0BW46R9KF,asdfkghj
B0C1KBRVB1,asdfkghj
B0CQ8FT1JL,asdfkghj
B09MYT45BQ,asdfkghj
B0BRXPSWY6,asdfkghj
B0C8HFZTLJ,asdfkghj
B0D83BSTFP,asdfkghj
B0D9P9D38X,asdfkghj
B0DQCYJGRF,asdfkghj
B0CPP84W9G,asdfkghj
B06XPCZ3ZZ,asdfkghj
B07RRW5NHX,asdfkghj
B0CCNZYBM7,asdfkghj
B0DBYS369R,asdfkghj
B07HH4W6F6,asdfkghj
B0CRB15WXY,asdfkghj
B0C5GTB6Z6,asdfkghj
B0B2NQCD1L,asdfkghj
B0CZZZRC1F,asdfkghj
B087ZMJ98M,asdfkghj
B0DGTDZ8PV,asdfkghj
B0CCXYWWVZ,asdfkghj
B0BN5DCKN3,asdfkghj
B0D35GQBZN,asdfkghj
B0CWGVH152,asdfkghj
B0D9Q8GM8Y,asdfkghj
B0D93HQTH3,asdfkghj
B0CQY2C6GD,asdfkghj
B0C33N17KT,asdfkghj
B0DF78WVKK,asdfkghj
B0C4SX8NLT,asdfkghj
B07G893ZCJ,asdfkghj
B0CF4N4QQ7,asdfkghj
B07TB39ZCM,asdfkghj
B0D7TC38WW,asdfkghj
B0CWXGXSHY,asdfkghj
B0CKWHPP55,asdfkghj
B0918LXJGR,asdfkghj
B0BTPL8HWC,asdfkghj
B098861NYT,asdfkghj
B0DBKL8H16,asdfkghj
B0D8KN5T8H,asdfkghj
B0C9ZL4J1X,asdfkghj
B0DG5T6HDQ,asdfkghj
B0DDTJP3Z7,asdfkghj
B0CW64RDR3,asdfkghj
B0CLH8NRXF,asdfkghj
B06WWP47BL,asdfkghj
B0DNYJYWZM,asdfkghj
B0CVTW2NPX,asdfkghj
B0CQTFHSX9,asdfkghj
B0CZY113L4,asdfkghj
B0C5W14676,asdfkghj
B073X4843G,asdfkghj
B0DKBR8RTF,asdfkghj
B0D5SNJM72,asdfkghj
B0C4SZXHWP,asdfkghj
B09NVCNPK4,asdfkghj
B09NPK78HT,asdfkghj
B09HJSRTGL,asdfkghj
B0D8V6VLDS,asdfkghj
B0CR45S4YB,asdfkghj
B00Q6U4H66,asdfkghj
B001E4S6MU,asdfkghj
B0CY82DC4W,asdfkghj
B0CMTG3C4D,asdfkghj
B08R9J695P,asdfkghj
B0DG5CNXYV,asdfkghj
B0DDPNYSB7,asdfkghj
B0DDCWSMFD,asdfkghj
B0DCZJ9FGP,asdfkghj
B0DCYXW68C,asdfkghj
B0DBZFHWBS,asdfkghj
B0DB5ZKTFJ,asdfkghj
B0D83RQXL5,asdfkghj
B0D7ZMSGWH,asdfkghj
B0D7C86KXL,asdfkghj
B0D5LY6KLV,asdfkghj
B0D56LB779,asdfkghj
B0D4D7VRW6,asdfkghj
B0D42WR7SD,asdfkghj
B0D25ZC43V,asdfkghj
B0D1GHV7HW,asdfkghj
B08BX37K84,asdfkghj
B078LWJJYT,asdfkghj
B019DVQUYG,asdfkghj
B011J3IK7Q,asdfkghj
B00ASMYU3I,asdfkghj
B008BTM12W,asdfkghj
B0DZ2G8WT5,asdfkghj
B0DYJMHXL8,asdfkghj
B0DYDMXYRD,asdfkghj
B0DX72R8L4,asdfkghj
B0DW9GGC5W,asdfkghj
B0DTPWHL54,asdfkghj
B0DTK8M282,asdfkghj
B0DSPJJ2PL,asdfkghj
B0DSK6HHZD,asdfkghj
B0DS1S6GWL,asdfkghj
B0DRVJWSN3,asdfkghj
B0DRD9F4FP,asdfkghj
B0DRBHWNLK,asdfkghj
B0DQX2BVK6,asdfkghj
B0DQKSQSNG,asdfkghj
B0DQ88PV1K,asdfkghj
B0DQ3V9WS4,asdfkghj
B0DPSP3MRL,asdfkghj
B0DN9FRBHR,asdfkghj
B0DLT3KCKZ,asdfkghj
B0DKN7DZBY,asdfkghj
B0DK4QS9TT,asdfkghj
B0DK36X7JB,asdfkghj
B0DJM8TDL5,asdfkghj
B0DGQ9TT2P,asdfkghj
B0DG8SLN3G,asdfkghj
B0BRK36HNG,asdfkghj
B0BLZ1WL18,asdfkghj
B0BCTXCBTX,asdfkghj
B09CTRWP19,asdfkghj
B0916FRHQT,asdfkghj
B08ZCJ6V73,asdfkghj
B08LW3QV2X,asdfkghj
B07Z3LMJ9R,asdfkghj
B07TXPTSKR,asdfkghj
B07T9Q926T,asdfkghj
B07MX9NVSP,asdfkghj
B076KP8RWZ,asdfkghj
B01C1RV1NE,asdfkghj
B007HB0KI2,asdfkghj
B0040RIYDE,asdfkghj
B0CZWX6BL1,asdfkghj
B0CTJCVJ1Y,asdfkghj
B0CT7TF653,asdfkghj
B0CR9ZBGBS,asdfkghj
B0CP985786,asdfkghj
B0CNGGQVNP,asdfkghj
B0CNCRRFCT,asdfkghj
B0CNCPLN2J,asdfkghj
B0CKVMJB6F,asdfkghj
B0CG5J6WMX,asdfkghj
B0CFTFS5WY,asdfkghj
B0CFFK8G2V,asdfkghj
B0CF4B1LJP,asdfkghj
B0C1JFJSZ7,asdfkghj
B0BXBKRTBD,asdfkghj
B0BVT96FTK,asdfkghj
B0DKS8WRVL,asdfkghj
B09XJXKTHZ,asdfkghj
B0C33MQP5S,asdfkghj
B0DHVLRM15,asdfkghj
B0BN2KX1XC,asdfkghj
B0C859WGXD,asdfkghj
B0D5QH5XD6,asdfkghj
B08Y669G2F,asdfkghj
B0CP5M3RMH,asdfkghj
B0DWMRYCTK,asdfkghj
B0D49CMJXV,asdfkghj
B0DS2NTDH6,asdfkghj
B09Z2BT8NM,asdfkghj
B0DR85PRCC,asdfkghj
B0D7VN9T4K,asdfkghj
B0DQXMW1X5,asdfkghj
B0C572N3NY,asdfkghj
B0DNWMXY73,asdfkghj
B0CJ8N6X25,asdfkghj
B0DL2C9M55,asdfkghj
B01H3IISMS,asdfkghj
B0DH2GCL1F,asdfkghj
B0DRVTXRRL,asdfkghj
B0DDXV1SDY,asdfkghj
B0DT4FYPMG,asdfkghj
B0D2XC6YD3,asdfkghj
B0D3TDXKSD,asdfkghj
B0CXM8BR3D,asdfkghj
B08L85WSF2,asdfkghj
B0CQWK9R9B,asdfkghj
B08PPM3Q47,asdfkghj
B0CPHSNSW7,asdfkghj
B0BDVXB3T7,asdfkghj
B0BCFQXD26,asdfkghj
B0DN6LQDSL,asdfkghj
B0B3MN8RJP,asdfkghj
B0DHCBC9SH,asdfkghj
B09ZL8JDSL,asdfkghj
B0C6STWRWR,asdfkghj
B0D3X6YMWK,asdfkghj
B095L9JHSG,asdfkghj
B0D92H1R1L,asdfkghj
B0D6KLSTP4,asdfkghj
B0CK49S1SS,asdfkghj
B0BNH44V4P,asdfkghj
B0D45HK2GY,asdfkghj
B0C6KPQSXM,asdfkghj
B0C49W4Z3M,asdfkghj
B0DTGY5V93,asdfkghj
B0DT1P7F6P,asdfkghj
B0DSHXHXWS,asdfkghj
B0DS656BGW,asdfkghj
B0DS5BW345,asdfkghj
B0DS48M4FF,asdfkghj
B0DS22RTTB,asdfkghj
B0DRW87TW2,asdfkghj
B0DRFWWZ4Y,asdfkghj
B0DRDGDV8R,asdfkghj
B0DQJ443H1,asdfkghj
B0DQ46FJL4,asdfkghj
B0DPWMT1C6,asdfkghj
B0DPHT8CZF,asdfkghj
B0DP8BWV5W,asdfkghj
B0DLDL75RD,asdfkghj
B0DD7WTCPF,asdfkghj
B0CYY54R2C,asdfkghj
B0DP2HRTPQ,asdfkghj
B0DLW8D9M4,asdfkghj
B0D7PX7ZKS,asdfkghj
B0D4YZKJNK,asdfkghj
B0D2NR81DY,asdfkghj
B0CWKGT9F4,asdfkghj
B0CSFQFPYD,asdfkghj
B0CP9CFYST,asdfkghj
B0CLQTW9NL,asdfkghj
B0BZ8QPH7S,asdfkghj
B0BXFHZCYV,asdfkghj
B09CK9SMYJ,asdfkghj
B0DWXGGSMS,asdfkghj
B0DTT7BDSB,asdfkghj
B087R2DYTV,asdfkghj
B0DK32QHBZ,asdfkghj
B0DK31W8SF,asdfkghj
B0DCW2FBL4,asdfkghj
B0D6Z7YDVH,asdfkghj
B0D2D6KQQW,asdfkghj
B0D1QQRGZM,asdfkghj
B0CTY1C6G9,asdfkghj
B0CSDWZNRC,asdfkghj
B0CHDXC2XF,asdfkghj
B0CDRXBDWC,asdfkghj
B0BYKTMGLK,asdfkghj
B0BYDBJL56,asdfkghj
B0BF5RTXY7,asdfkghj
B0B67YTG3Z,asdfkghj
B09ZXVJ6QB,asdfkghj
B09KY8F1XG,asdfkghj
B0DJQHN282,asdfkghj
B0DRCQV3DN,asdfkghj
B0D8HXDKNL,asdfkghj
B0DM7DMLKD,asdfkghj
B0D4F9G2Y7,asdfkghj
B0DM2M5DT2,asdfkghj
B07DWFF9D9,asdfkghj
B0D9ZXYY2Q,asdfkghj
B0CW8JRMV5,asdfkghj
B0D1LP65ZV,asdfkghj
B0CH3PFB6T,asdfkghj
B0CZL662Y4,asdfkghj
B0DB796KTT,asdfkghj
B0CSY7V821,asdfkghj
B0B8JCMGCC,asdfkghj
B0CQX4W6GK,asdfkghj
B0DDKKSRMS,asdfkghj
B09877P9CF,asdfkghj
B0C6MG7R6N,asdfkghj
B0CDC3BC3P,asdfkghj
B0DK17W7C8,asdfkghj
B07MX1N456,asdfkghj
B0833SNK7V,asdfkghj
B0DDKB3574,asdfkghj
B09Q11WG4Z,asdfkghj
B0DW58FJRK,asdfkghj
B00H43066Y,asdfkghj
B0CP8Q6223,asdfkghj
B0DSBT9PKK,asdfkghj
B08RWLP8M2,asdfkghj
B0CGFCTHWF,asdfkghj
B0DS1RKVDP,asdfkghj
B0D5GP115M,asdfkghj
B0CQX4TYG6,asdfkghj
B096BKVYRR,asdfkghj
B0CQL5211Y,asdfkghj
B0DNZFFMTK,asdfkghj
B0BZSFVTPF,asdfkghj
B01FZ4RGQ6,asdfkghj
B0BQ21S181,asdfkghj
B09WHL9KQZ,asdfkghj
B0BHWPFLBM,asdfkghj
B0D17S34HH,asdfkghj
B09F6375ZF,asdfkghj
B08YJ1YBB4,asdfkghj
B084CXVYJY,asdfkghj
B0DCYRLRTZ,asdfkghj
B0CGLYH4SS,asdfkghj
B0BZN3TT58,asdfkghj
B09T767WCS,asdfkghj
B0BJ1JCBX1,asdfkghj
B0DKFBTKHH,asdfkghj
B08MFT52PS,asdfkghj
B0845MYTXT,asdfkghj
B0DD6RRZKW,asdfkghj
B0CPL8LJGY,asdfkghj
B0CKZDW9L5,asdfkghj
B0BDQBRQSG,asdfkghj
B0C3QRGRZN,asdfkghj
B09X1XBZPY,asdfkghj
B083GSCKCM,asdfkghj
B0CGPSWZ9R,asdfkghj
B007YLTP3G,asdfkghj
B0CQTZ5XPP,asdfkghj
B0C6V813WW,asdfkghj
B0B4S63WV6,asdfkghj
B0DQ4QCBF7,asdfkghj
B0DHCJC85M,asdfkghj
B0D8VYFYZ7,asdfkghj
B0CXXBNG4J,asdfkghj
B07ZTZBJ2K,asdfkghj
B07XGJVFDB,asdfkghj
B07NCNSTD2,asdfkghj
B0CQ4F8HMP,asdfkghj
B0C4TY8C7J,asdfkghj
B0DS29SZ1S,asdfkghj
B0D14N56HZ,asdfkghj
B0CZDKV5P9,asdfkghj
B0CYCJ2841,asdfkghj
B0CQRBTYTZ,asdfkghj
B0CXPNMY5V,asdfkghj
B0CRQHQQ5V,asdfkghj
B0CK49815K,asdfkghj
B0CGQS7M53,asdfkghj
B0CBRVVT4Q,asdfkghj
B0C9M9CF45,asdfkghj
B0C3Q9RW6W,asdfkghj
B0BMK9W6LJ,asdfkghj
B0BHZ5WNNQ,asdfkghj
B0B9Y8WP9S,asdfkghj
B0B7YH15KB,asdfkghj
B0B42YH4J8,asdfkghj
B09WYCVVZ7,asdfkghj
B09RX4GMQ7,asdfkghj
B09BYPHW1S,asdfkghj
B0968RQ5JP,asdfkghj
B0C3QDQGRZ,asdfkghj
B0BZB9D8JR,asdfkghj
B0BXFRZ4KM,asdfkghj
B09KT9BWVP,asdfkghj
B095N7JVPH,asdfkghj
B01IU8N1FY,asdfkghj
B00MT676YG,asdfkghj
B0DXVFWSQY,asdfkghj
B0DWS6XWYV,asdfkghj
B0DWLWNHTF,asdfkghj
B0DWDJTKSS,asdfkghj
B0DSSHNM7X,asdfkghj
B0DSLDTZ4N,asdfkghj
B0DS8CSDP9,asdfkghj
B0DS1WCNW4,asdfkghj
B0DRW37DH2,asdfkghj
B08LZKRQQM,asdfkghj
B086H65Z7G,asdfkghj
B084DLMXX2,asdfkghj
B07QYXHJ3R,asdfkghj
B005STVXE0,asdfkghj
B005H79CKK,asdfkghj
B0DQP58L1B,asdfkghj
B0DQ87YSL1,asdfkghj
B0DPWPVBXY,asdfkghj
B0DPLZC9NM,asdfkghj
B0DPHSPQRP,asdfkghj
B0DMTMD93T,asdfkghj
B0DMSVL9Y5,asdfkghj
B0DJVNQ8TS,asdfkghj
B0DDXYHF5Q,asdfkghj
B0DD1NDDG6,asdfkghj
B0D8CD8RTV,asdfkghj
B0D6V32XXL,asdfkghj
B0D2PTLXDD,asdfkghj
B0D1GDC81L,asdfkghj
B0D1CTJFG7,asdfkghj
B0CYXRRL9Z,asdfkghj
B0DG2KTBDY,asdfkghj
B0DPV4938X,asdfkghj
B0CT8TY7CW,asdfkghj
B0DSVHQY8C,asdfkghj
B08Z39DL4D,asdfkghj
B0DRRYM7GL,asdfkghj
B091FYRZ4H,asdfkghj
B0DSVGZDXV,asdfkghj
B08JTT1FRT,asdfkghj
B00009KX5U,asdfkghj
B0DQTSKTJN,asdfkghj
B0CYTB2K2D,asdfkghj
B0DPJTXZ1W,asdfkghj
B0DQLCMXHH,asdfkghj
B0D93JVS26,asdfkghj
B08XWZQZ7T,asdfkghj
B0DQBRT8W8,asdfkghj
B09PTGZMXB,asdfkghj
B0C797P2QM,asdfkghj
B0DGTP2DP7,asdfkghj
B0D48DWD1B,asdfkghj
B0D5QK3HG9,asdfkghj
B0DD3GD2F4,asdfkghj
B0DJ4QWG8V,asdfkghj
B0BRSNSLVX,asdfkghj
B0D7C5ZN8K,asdfkghj
B0D8BK7Q5C,asdfkghj
B0B64DCNST,asdfkghj
B0CWB4BZZ8,asdfkghj
B0DDZ7D7TC,asdfkghj
B08WS3B5FK,asdfkghj
B0CJB9D875,asdfkghj
B0BTYDDKSP,asdfkghj
B06X3WRMMR,asdfkghj
B0DB25KXX1,asdfkghj
B0DK4Y66Q2,asdfkghj
B0CSFH43V9,asdfkghj
B0CM3Y818D,asdfkghj
B0DCBHW4PW,asdfkghj
B0DM6H1Y5N,asdfkghj
B0BR6GQ1FW,asdfkghj
B0CHQWR2B2,asdfkghj
B0CRDN69Y4,asdfkghj
B0CR6FY3Y1,asdfkghj
B0C71B9M18,asdfkghj
B08JD2VC3H,asdfkghj
B0CGZY6VK3,asdfkghj
B07VPB676Y,asdfkghj
B0C7BYLW8X,asdfkghj
B0C2YZYJY2,asdfkghj
B0D9D5GR6B,asdfkghj
B0CQJX6L9T,asdfkghj
B0CKL5WN69,asdfkghj
B0CC58QTZB,asdfkghj
B0BZ9SNVPJ,asdfkghj
B0BR65DPBF,asdfkghj
B00NP4U4TA,asdfkghj
B0DZ6LFD5Y,asdfkghj
B0DZ6DPXVM,asdfkghj
B0DXPDMNQN,asdfkghj
B0DXF4RF4S,asdfkghj
B0DX12V7KD,asdfkghj
B0DWJZMQ3S,asdfkghj
B0DW7PL11H,asdfkghj
B0C19YRPVL,asdfkghj
B0DRD83SB1,asdfkghj
B0DQ4DM2MZ,asdfkghj
B0D797VTG6,asdfkghj
B0D1V5C656,asdfkghj
B07HR42B57,asdfkghj
B0DGFWC11D,asdfkghj
B0CHW2RRFH,asdfkghj
B0CB5H4JT1,asdfkghj
B0C5XM8TLR,asdfkghj
B0C5JWQ47K,asdfkghj
B0DCB7W7RJ,asdfkghj
B0D9NCJVBT,asdfkghj
B0DPDH1BW9,asdfkghj
B0CPHXBBVP,asdfkghj
B0CL9P9H12,asdfkghj
B0CTDNHZTZ,asdfkghj
B0CSSZCQN5,asdfkghj
B0CRQWNWX5,asdfkghj
B0C7MS5HGJ,asdfkghj
B0CRF7NSS4,asdfkghj
B0CGX6PZKT,asdfkghj
B0913FMN74,asdfkghj
B01N28B6JD,asdfkghj
B0D1Y3KXPQ,asdfkghj
B0C9LWW4G9,asdfkghj
B0BZY1TZMB,asdfkghj
B08X37LN65,asdfkghj
B09DSK91PD,asdfkghj
B0DBPZB3B1,asdfkghj
B0DG4HNLXF,asdfkghj
B0DCVJXYD2,asdfkghj
B0DR2QQLNQ,asdfkghj
B0DR2FYZXG,asdfkghj
B0DQL15FDP,asdfkghj
B0DQBM7HJF,asdfkghj
B0DPZQY5H9,asdfkghj
B0DPW3R9D9,asdfkghj
B0DPLY73J3,asdfkghj
B0DPB94Z91,asdfkghj
B0DP8L3Y3C,asdfkghj
B0DP6QVPQN,asdfkghj
B0DP4CR6X6,asdfkghj
B0DNZ3YZBT,asdfkghj
B0DN1QP74G,asdfkghj
B0DKNJP6DP,asdfkghj
B0DJSTQ64D,asdfkghj
B0DJP7BHYY,asdfkghj
B0DJ6YT2Q7,asdfkghj
B0DJ4S27CS,asdfkghj
B0DGFXPSC2,asdfkghj
B0DFW9CL3J,asdfkghj
B0DD2VWYFZ,asdfkghj
B0DCZTWJCP,asdfkghj
B0DCJ4X56Z,asdfkghj
B0DBHT66RP,asdfkghj
B0DBGMDVF2,asdfkghj
B0DB82XTV3,asdfkghj
B0D9Y3BD3V,asdfkghj
B0D9JCN57Z,asdfkghj
B0D947YHX2,asdfkghj
B0D8W4B35S,asdfkghj
B0D8NRQQ6G,asdfkghj
B0D8L7TG4F,asdfkghj
B0CJR6B93B,asdfkghj
B0C65K2V3D,asdfkghj
B082FN69QH,asdfkghj
B075DDJBWV,asdfkghj
B0D56SCWJK,asdfkghj
B0CSDJKF2L,asdfkghj
B0B9RDZC3Y,asdfkghj
B09FX7LNRV,asdfkghj
B0CXY7QN5H,asdfkghj
B0CXNDCBHW,asdfkghj
B0CL99YCQP,asdfkghj
B0784B2RC5,asdfkghj
B071NF7Q6B,asdfkghj
B0DJ3LK4YR,asdfkghj
B0D45KRXKD,asdfkghj
B0D44Z7JYT,asdfkghj
B0DGXP2RQ4,asdfkghj
B0CQQG12MX,asdfkghj
B0CGF46M5T,asdfkghj
B0DGF6RZ47,asdfkghj
B0748CGVS2,asdfkghj
B0CCVG6BFP,asdfkghj
B0BQWT14FW,asdfkghj
B0CCDKTG4L,asdfkghj
B0CHXGGB3T,asdfkghj
B0BWTBNHTP,asdfkghj
B0C5Y439HJ,asdfkghj
B09GCRMVFP,asdfkghj
B09ZB65MHX,asdfkghj
B0829T1W4C,asdfkghj
B0CGV6ZTFV,asdfkghj
B074V3NRZJ,asdfkghj
B0DTKCTD6V,asdfkghj
B0DTHW9ZYY,asdfkghj
B0DSZ67MRV,asdfkghj
B0DSVNC656,asdfkghj
B0DSF7TPSX,asdfkghj
B0DS9R75BB,asdfkghj
B0DS8PC769,asdfkghj
B0DS8HS9T6,asdfkghj
B0DS61JKC4,asdfkghj
B0DS56RPFN,asdfkghj
B0DRYWPK9R,asdfkghj
B0DRX2KYBS,asdfkghj
B0DRNZ38MJ,asdfkghj
B0DRJCCSYW,asdfkghj
B0DR74V74Y,asdfkghj
B0DR5GJ9ZK,asdfkghj
B0D7T6V8M9,asdfkghj
B0D5YQG2TS,asdfkghj
B0D5GNCJY3,asdfkghj
B0D46M1J8F,asdfkghj
B0D3KWYLXH,asdfkghj
B0D1KJQZ2G,asdfkghj
B0CZ6QVD1G,asdfkghj
B0CZ1422Z5,asdfkghj
B0CYZQRPGL,asdfkghj
B0CYCFDHRG,asdfkghj
B0CX4WTJH6,asdfkghj
B0CTTQX3Q1,asdfkghj
B0CQPHX9D2,asdfkghj
B0CN2SF1GF,asdfkghj
B0CJRPKQN5,asdfkghj
B0CJ2FV5V5,asdfkghj
B0CGCZJYLH,asdfkghj
B0CFV22ZHX,asdfkghj
B0CFC24JCV,asdfkghj
B0CCT8PNQN,asdfkghj
B0C6XFN1YX,asdfkghj
B0C6P98S3B,asdfkghj
B0C4VSN476,asdfkghj
B0BXSGYP9K,asdfkghj
B0BW3HXS62,asdfkghj
B0BP28TVBB,asdfkghj
B0BGS1GQXX,asdfkghj
B09VPQ22GF,asdfkghj
B09JYW3XSD,asdfkghj
B09GKCB2F7,asdfkghj
B097TQWV5S,asdfkghj
B07ZPZNPT8,asdfkghj
B07PJKTQPS,asdfkghj
B07C2QCMD8,asdfkghj
B00LNAH1W6,asdfkghj
B0CG9BGHTK,asdfkghj
B0BR87SWSQ,asdfkghj
B0BLCBYGLQ,asdfkghj
B0747RQGF5,asdfkghj
B0D8JJ7BH8,asdfkghj
B09YTGXLJB,asdfkghj
B09QG3D5L1,asdfkghj
B0DNZGVRPZ,asdfkghj
B0DJ799568,asdfkghj
B0BLH1KKST,asdfkghj
B0DJC78GV5,asdfkghj
B079Y7YBG1,asdfkghj
B0DQCXD3QQ,asdfkghj
B0DFGQJMFT,asdfkghj
B0CLHDRYLG,asdfkghj
B0CN6TBTZJ,asdfkghj
B0CWLFNF78,asdfkghj
B0DC62DR4R,asdfkghj
B07JVBLWLT,asdfkghj
B0CSP7956Y,asdfkghj
B0DD7YBRWT,asdfkghj
B0DBHC5BXS,asdfkghj
B0CGMBGVRS,asdfkghj
B0D4Z4D4H7,asdfkghj
B0C592WBP8,asdfkghj
B0CCHFWFJP,asdfkghj
B0B5CXG6TP,asdfkghj
B0CNQRBSGS,asdfkghj
B0CBVMP7CH,asdfkghj
B0DC11TZ13,asdfkghj
B0C69RW2G7,asdfkghj
B0B2QL8JBX,asdfkghj
B08KWQV6LB,asdfkghj
B0CPCWPH57,asdfkghj
B09SLYB4LJ,asdfkghj
B0B5D5G16H,asdfkghj
B08WPKTVSF,asdfkghj
B0DSZRMR9D,asdfkghj
B07XHP7SXC,asdfkghj
B0CYPPFYCZ,asdfkghj
B0BKQG8HVG,asdfkghj
B0B76D7NVS,asdfkghj
B0CSKR7ZL3,asdfkghj
B07J2RWQM9,asdfkghj
B0CJDMNM76,asdfkghj
B0C4HNB12F,asdfkghj
B0C1ZGY9K6,asdfkghj
B0CCRNT76W,asdfkghj
B0CYKLJ7KX,asdfkghj
B0CLYXZRW7,asdfkghj
B0C6B3T63J,asdfkghj
B0CF3DXTRX,asdfkghj
B0BDWSG3WH,asdfkghj
B0DMDG3W1P,asdfkghj
B0BZPFD9NJ,asdfkghj
B0BHN7DR8G,asdfkghj
B0CT879LJF,asdfkghj
B0CJ8W6JX5,asdfkghj
B0DBKRQM9B,asdfkghj
B0CT31BVJV,asdfkghj
B0CNT428PH,asdfkghj
B0CM5GHPHL,asdfkghj
B09F38BD16,asdfkghj
B0DM84NYYX,asdfkghj
B0CCHPZ99H,asdfkghj
B0C6162QTF,asdfkghj
B0CK5KNNWK,asdfkghj
B07PBF726M,asdfkghj
B0DNP2RHWL,asdfkghj
B0D3DGFXPH,asdfkghj
B0D3HG7Y2R,asdfkghj
B0DFM3PKMN,asdfkghj
B0CHJBB58Q,asdfkghj
B0CTQ932DS,asdfkghj
B0CYLT4RQG,asdfkghj
B0D113QPP8,asdfkghj
B0CH8PV6ZV,asdfkghj
B0CF9Y4CQ7,asdfkghj
B0CZKV754Z,asdfkghj
B0DK3BZHHT,asdfkghj
B0D1RGQF8L,asdfkghj
B0CNVQYBJM,asdfkghj
B0CG1KH9LM,asdfkghj
B0B5WDQGLL,asdfkghj
B0DHXB7RHT,asdfkghj
B0D7C5YCWN,asdfkghj
B0CR368QKW,asdfkghj
B0C2PFBXHS,asdfkghj
B09FSX37F4,asdfkghj
B083MZD44P,asdfkghj
B07P9TXQWZ,asdfkghj
B0DQPZTJ4F,asdfkghj
B0DPZY677X,asdfkghj
B0CH2PWW2S,asdfkghj
B0C89HV6F5,asdfkghj
B0BRKVSBCR,asdfkghj
B0CD6ZWKRL,asdfkghj
B0C244664H,asdfkghj
B0BMPWQ5XS,asdfkghj
B0B982BW96,asdfkghj
B081K89VWY,asdfkghj
B07YXFDPHM,asdfkghj
B0002Y1OXQ,asdfkghj
B0F3HRFLY4,asdfkghj
B0DYHQW33H,asdfkghj
B0DY13P4G9,asdfkghj
B0DXKCLYHY,asdfkghj
B0DX8K97ND,asdfkghj
B0DVB9K6M3,asdfkghj
B0DTYX7NGW,asdfkghj
B0DTGCX2Q8,asdfkghj
B0DT725Q2L,asdfkghj
B0DNYMGJ2F,asdfkghj
B0D33XRPTN,asdfkghj
B0DNN4J59G,asdfkghj
B0BX8CBCCJ,asdfkghj
B09ZKTX9D4,asdfkghj
B0DJKYSX8J,asdfkghj
B0CRD2KX22,asdfkghj
B085RW49C9,asdfkghj
B0DGKGFV9N,asdfkghj
B0DRPBS3PN,asdfkghj
B0DBTRBZ8V,asdfkghj
B0D45TFRH2,asdfkghj
B097P6R11D,asdfkghj
B0DN18ZZ32,asdfkghj
B0002IZQLI,asdfkghj
B0CM9TQSMX,asdfkghj
B0DT6PQCF9,asdfkghj
B0DT43VM3N,asdfkghj
B0DT3X6X34,asdfkghj
B0DSZM67QH,asdfkghj
B0DSVLQ351,asdfkghj
B0DSL29MSH,asdfkghj
B0DSFVX7YJ,asdfkghj
B0DSFV2HN2,asdfkghj
B0DS9H5F6B,asdfkghj
B0DS2DTBX6,asdfkghj
B0DRY3QPFD,asdfkghj
B0DRPDRR27,asdfkghj
B0DR8291RD,asdfkghj
B0DQWSLFQS,asdfkghj
B0DQSW1C8P,asdfkghj
B0DQPQDPVR,asdfkghj
B09NRCWP1M,asdfkghj
B01MXR0TX5,asdfkghj
B0DJ71Q1YZ,asdfkghj
B0D77CNJ44,asdfkghj
B0CT65XFF2,asdfkghj
B0CQNQG8Q8,asdfkghj
B0CG2DC8H9,asdfkghj
B0BYGFXWRH,asdfkghj
B0BVM3LQLR,asdfkghj
B08TTZVN21,asdfkghj
B08P2MV9JZ,asdfkghj
B01MFAX21F,asdfkghj
B0DB5C7J4D,asdfkghj
B0D1KD1CYK,asdfkghj
B0CSYHV2D7,asdfkghj
B0CMSW3SM6,asdfkghj
B0CYT1F5T5,asdfkghj
B0CX8FMDT1,asdfkghj
B0CWS57HR1,asdfkghj
B0CWQ89RV3,asdfkghj
B0CW5SMXVS,asdfkghj
B0CTBXXQS9,asdfkghj
B0CQTB6QJC,asdfkghj
B0CQT2BKZ6,asdfkghj
B0CPPF1NSJ,asdfkghj
B0CN67YHH8,asdfkghj
B0CMZL64LL,asdfkghj
B0CML91P6T,asdfkghj
B0CMBJ3CLW,asdfkghj
B0CLGG6KLW,asdfkghj
B0CK754JCC,asdfkghj
B0CJX8NNJX,asdfkghj
B0DQ7MQHNV,asdfkghj
B0DPZ9S4WL,asdfkghj
B0DPYCSRJG,asdfkghj
B0DPMJSMFB,asdfkghj
B0DPC6W4N9,asdfkghj
B0DNYFQ56S,asdfkghj
B0DNJYL45J,asdfkghj
B0DM7PCQG6,asdfkghj
B0DKFPVFGV,asdfkghj
B0DK18MDBQ,asdfkghj
B0DJR1PW5X,asdfkghj
B0DJQXCS69,asdfkghj
B0DJ6PNLNM,asdfkghj
B0DJ2XHP79,asdfkghj
B0DGY1KCL8,asdfkghj
B0DGXYSKNL,asdfkghj
B0DGX8Y2N4,asdfkghj
B0DGQ8C6R4,asdfkghj
B0DCJFLLG3,asdfkghj
B0D9LMNGRY,asdfkghj
B0D9D7DW2D,asdfkghj
B0D91X8L73,asdfkghj
B0D83Q3KQH,asdfkghj
B0D6DGSFXX,asdfkghj
B0D5MLH8SH,asdfkghj
B0D5HR2SPX,asdfkghj
B0D5377PHL,asdfkghj
B0D2HS5ZFM,asdfkghj
B0CZMZPTRQ,asdfkghj
B0CZL3DGL4,asdfkghj
B0CZHQS22F,asdfkghj
B0CZ3R255M,asdfkghj
B0CHVDVGJH,asdfkghj
B0CDMDPYCB,asdfkghj
B0CC8P36TW,asdfkghj
B0CC4H6TN2,asdfkghj
B0C5X1996V,asdfkghj
B0C26ND8TX,asdfkghj
B0BZ3FLQJN,asdfkghj
B0BYCKTY7D,asdfkghj
B0BXV4MY4H,asdfkghj
B0BWNQ249Q,asdfkghj
B0BR65L4SP,asdfkghj
B0BPSGVF8C,asdfkghj
B0B3J5R6ZB,asdfkghj
B09YQT7PNH,asdfkghj
B09V6N9KN9,asdfkghj
B09CKD56B9,asdfkghj
B07VXKKSPY,asdfkghj
B07TCR94KW,asdfkghj
B07S29G6XM,asdfkghj
B073ZPJBW6,asdfkghj
B06XPW1WX3,asdfkghj
B00ZQ32ZTU,asdfkghj
B00065UFPE,asdfkghj
B0CFF66RM3,asdfkghj
B0DK8X9WRC,asdfkghj
B0DJ9VBJFG,asdfkghj
B00EZHQDZU,asdfkghj
B0C4Y498W6,asdfkghj
B0DHXKZ4XB,asdfkghj
B0CJJB4HXQ,asdfkghj
B0CM17Y1TH,asdfkghj
B0D53LWNNY,asdfkghj
B09B2JN41L,asdfkghj
B08YXTMSSK,asdfkghj
B0CVS24FF1,asdfkghj
B0DKFD6KKY,asdfkghj
B0CKN36GSW,asdfkghj
B0CGPTTLKQ,asdfkghj
B0CRQ5586J,asdfkghj
B0DY4KYL2T,asdfkghj
B0D6Y8ZS2S,asdfkghj
B0CK6M9WMR,asdfkghj
B0CR9V6VCV,asdfkghj
B09V6WL727,asdfkghj
B0CVX394Q3,asdfkghj
B0C8HS9MQV,asdfkghj
B0CL6MVJCQ,asdfkghj
B0D12CDYQF,asdfkghj
B0CJV2HDMC,asdfkghj
B085DND7GT,asdfkghj
B0CPPFXJ3K,asdfkghj
B0BDFJBLFX,asdfkghj
B0C1YSQ61M,asdfkghj
B0DY6FDHXR,asdfkghj
B0CTB13ZS9,asdfkghj
B0CK5MLX9N,asdfkghj
B0CGCTGLBG,asdfkghj
B0DN4P4FGX,asdfkghj
B0DGPKGR5T,asdfkghj
B0CM3SDJV7,asdfkghj
B0DCW275VX,asdfkghj
B000MRN0LM,asdfkghj
B0DFQMBZJP,asdfkghj
B0B76ZLWPX,asdfkghj
B0CDPGQHTR,asdfkghj
B0DP64RQWQ,asdfkghj
B0D1DVNXG1,asdfkghj
B0DPW4C8T8,asdfkghj
B0D7C9P4C3,asdfkghj
B0B24GDQ9Y,asdfkghj
B0C9WJ2VWF,asdfkghj
B0DHBT761M,asdfkghj
B09MZ2SDMD,asdfkghj
B0B4JDGT8Y,asdfkghj
B0CR1NKM1H,asdfkghj
B09MRKM9KX,asdfkghj
B0D8W6NBFT,asdfkghj
B0D7MMJRSG,asdfkghj
B08WPBRBTM,asdfkghj
B0D62C28KR,asdfkghj
B0C1P6GFZ9,asdfkghj
B07TLXXC7N,asdfkghj
B0DBVM6PC2,asdfkghj
B0DGQD8K48,asdfkghj
B006KJK17C,asdfkghj
B07453DVYM,asdfkghj
B0CQZTYJTG,asdfkghj
B0DMNCJX49,asdfkghj
B0DCBKHR8T,asdfkghj
B091TQLY4K,asdfkghj
B0CR6BJ2VD,asdfkghj
B0BNQC65KZ,asdfkghj
B01GIKQELE,asdfkghj
B00D5WJ5U6,asdfkghj
B0CWYHBSTC,asdfkghj
B0CLRL36YV,asdfkghj
B0CKXBCZ7T,asdfkghj
B0CGVDN9HJ,asdfkghj
B0DG8K4GXZ,asdfkghj
B0D2HW6GGM,asdfkghj
B0CWMLDRS2,asdfkghj
B0CNP7C375,asdfkghj
B0CHX8BWP1,asdfkghj
B0DR8VKTBC,asdfkghj
B0DR825PHF,asdfkghj
B0DQPWV8CY,asdfkghj
B0DQP5YCYD,asdfkghj
B0DQKY8DKY,asdfkghj
B0DQ7Z1CMM,asdfkghj
B0DQ4Y9H3B,asdfkghj
B0DPFXH1JZ,asdfkghj
B0DNQGMJV5,asdfkghj
B0DM22MW8C,asdfkghj
B0DLP2NRC9,asdfkghj
B0DLB25Z3C,asdfkghj
B0DJL45WD3,asdfkghj
B0DJ2SHLTF,asdfkghj
B0DJ2PS88H,asdfkghj
B0DHR886YB,asdfkghj
B0CCL68ZDK,asdfkghj
B0B6VGCBY1,asdfkghj
B09XLFVTN4,asdfkghj
B091YZZCS6,asdfkghj
B0D47MBZ8L,asdfkghj
B0CYX11D1D,asdfkghj
B0CSDKDCGD,asdfkghj
B0CJBZZ7LX,asdfkghj
B0CH9RF1QV,asdfkghj
B0BYZ9J3CK,asdfkghj
B09N6WGHFL,asdfkghj
B09MZMCZN4,asdfkghj
B097MV4719,asdfkghj
B0919GSTRJ,asdfkghj
B07P935XXP,asdfkghj
B0F1868XZZ,asdfkghj
B0F12825VG,asdfkghj
B0DZ626CHH,asdfkghj
B0DY7N5TCW,asdfkghj
B0DXV7VVRM,asdfkghj
B0DXDBCLLM,asdfkghj
B0DXC1KZM1,asdfkghj
B0DTGHLWVW,asdfkghj
B0DTDN3Z73,asdfkghj
B0DT9GLTKK,asdfkghj
B0DT3N7637,asdfkghj
B0DSGN8DVT,asdfkghj
B0DS4HXKK4,asdfkghj
B0DS28DCM3,asdfkghj
B0DS279LBW,asdfkghj
B0DRY8XSRZ,asdfkghj
B0DRPHKR6G,asdfkghj
B0CX58VDYW,asdfkghj
B0CWGTFTTB,asdfkghj
B0CTHNVV29,asdfkghj
B0CRZ25HBF,asdfkghj
B0CRDCW5T6,asdfkghj
B0CNGTYNBP,asdfkghj
B0CLRVDCMX,asdfkghj
B0CLNRDP2B,asdfkghj
B0CJZL62VD,asdfkghj
B0CJR9YH3Y,asdfkghj
B0C8H2FL1T,asdfkghj
B0C7BGC17C,asdfkghj
B0C79CF6PM,asdfkghj
B0C73TSG5S,asdfkghj
B0C5NBR8NC,asdfkghj
B0C4T5LJKV,asdfkghj
B0C3LNPDDV,asdfkghj
B000RRTBQK,asdfkghj
B0DQP71FFQ,asdfkghj
B0CKSVDPK5,asdfkghj
B0CHJG5XRD,asdfkghj
B06ZYRLJ59,asdfkghj
B09PB9XWTM,asdfkghj
B0DHTV9JXC,asdfkghj
B0DFCKNCLX,asdfkghj
B0D2W9916V,asdfkghj
B0CSG23PBS,asdfkghj
B0C9GXS3ZL,asdfkghj
B0BYNJ5L2J,asdfkghj
B01N6OHC2D,asdfkghj
B0CRZC21L4,asdfkghj
B09VC9VYT2,asdfkghj
B0CQ2TFP42,asdfkghj
B0D3Q2P4QS,asdfkghj
B096VQ7GTV,asdfkghj
B0DTTX9D82,asdfkghj
B0DBQLV4P5,asdfkghj
B0CZF2HXHG,asdfkghj
B0DK38PVH6,asdfkghj
B0DT99W4HN,asdfkghj
B0DC6JNBCC,asdfkghj
B0CWPKFCSC,asdfkghj
B0CPDJB721,asdfkghj
B0DT98JSDW,asdfkghj
B0CZ4LZP53,asdfkghj
B0CR1BNGYC,asdfkghj
B0DQTP8VG3,asdfkghj
B0CGHTFKKW,asdfkghj
B0DGXZ5PH7,asdfkghj
B0DGX499WR,asdfkghj
B0DGL8VXWD,asdfkghj
B0DDXQRK2Q,asdfkghj
B0DDNZ71ZF,asdfkghj
B0DD7HKVS9,asdfkghj
B0DBY6WGHY,asdfkghj
B0DBHFDX4H,asdfkghj
B0D9BB9NZ9,asdfkghj
B0D8QCF9LK,asdfkghj
B0D7HMB4DX,asdfkghj
B0D4F63X1K,asdfkghj
B0D2SH4KH1,asdfkghj
B0D2R81MBN,asdfkghj
B0D1XTRBDJ,asdfkghj
B0CZ4H1NG5,asdfkghj
B00VJANGGA,asdfkghj
B0C4QQWL2C,asdfkghj
B0C4NCMYBD,asdfkghj
B0C43FLNGV,asdfkghj
B0BZ3X97N9,asdfkghj
B0BVLPF9T2,asdfkghj
B0BT97KSTG,asdfkghj
B0BPJQDSVV,asdfkghj
B0B5D6R1RL,asdfkghj
B09SGH44VN,asdfkghj
B09PZR15R5,asdfkghj
B09JLVZ2HH,asdfkghj
B09GWCB5WC,asdfkghj
B0972QTCJ7,asdfkghj
B07QTP96M2,asdfkghj
B06XNFRZZZ,asdfkghj
B01G96ZF44,asdfkghj
B0D3PZKRTH,asdfkghj
9356371695,asdfkghj
B0BYSMFBGF,asdfkghj
B0CD1LF57G,asdfkghj
B0CFPYBR6K,asdfkghj
B0DTKJZP3X,asdfkghj
B0D46KC1MZ,asdfkghj
B0B915MRJC,asdfkghj
B0D3T67D9N,asdfkghj
B0DJ5LRLTT,asdfkghj
B0DF75QT1V,asdfkghj
B07YWJVS2C,asdfkghj
B0DPQ3YWG9,asdfkghj
B0D9KK2X1M,asdfkghj
B0B424VWGX,asdfkghj
B0C79Q7LBX,asdfkghj
B0BHTXYM56,asdfkghj
B0DQHCM2BK,asdfkghj
B0D8VJYL8L,asdfkghj
B0DPV8ZGJL,asdfkghj
B0CSQY2TDN,asdfkghj
B0DNZGC1M7,asdfkghj
B0CD45RMRT,asdfkghj
B0DMJX87H6,asdfkghj
B0C8HXL3TK,asdfkghj
B0DM95BQ95,asdfkghj
B08H1SKB3B,asdfkghj
B0DKTCYPBN,asdfkghj
B0C9Q8515G,asdfkghj
B0DK5BZ1TC,asdfkghj
B00R9TVCU2,asdfkghj
B0DJL39HY4,asdfkghj
B0BZPC2YNW,asdfkghj
B0CHMZ961R,asdfkghj
B0DGHMNN8D,asdfkghj
B0CBTQG8QL,asdfkghj
B0CZL4T724,asdfkghj
B0CBLXZGGS,asdfkghj
B07VFBGYQM,asdfkghj
B0C9MJ2LLD,asdfkghj
B0D3WPYFD8,asdfkghj
B0C698WL12,asdfkghj
B0D563JP7D,asdfkghj
B0BRPWMNKR,asdfkghj
B0C8CBY3L9,asdfkghj
B0BNBK64BB,asdfkghj
B0BN1DWFNK,asdfkghj
B0B3963ZLL,asdfkghj
B0D8ZLD558,asdfkghj
B0CZ7HXHWR,asdfkghj
B0CWKZJC3S,asdfkghj
B0BFBWG64N,asdfkghj
B0C66K3MR6,asdfkghj
B0C2H738PX,asdfkghj
B0BQWJCJX5,asdfkghj
B0B9SF213K,asdfkghj
B09MJGDZZ5,asdfkghj
B082QPM7DH,asdfkghj
B0797TRF9B,asdfkghj
B018VLOG5Y,asdfkghj
B0DK86N661,asdfkghj
B0DHCJ7PPD,asdfkghj
B0D3B1CSLM,asdfkghj
B0CZD8615P,asdfkghj
B0CPMBV6K4,asdfkghj
B0CHMJCKJS,asdfkghj
B0CGDLPGNY,asdfkghj
B0B93R981P,asdfkghj
B08DNMS261,asdfkghj
B006HGZRZ4,asdfkghj
B0DZ6ZH6NZ,asdfkghj
B0DXTTJY7Z,asdfkghj
B0DWMVW51L,asdfkghj
B0DWK6LMY5,asdfkghj
B0DWK1T899,asdfkghj
B0DT6QBP2W,asdfkghj
B0DSWBCYB3,asdfkghj
B0DSS75WHS,asdfkghj
B0DSLKXH2T,asdfkghj
B0DSFS7MZJ,asdfkghj
B09636RFTN,asdfkghj
B09FXFQ5JT,asdfkghj
B087D4J9X8,asdfkghj
B09CGYP5HY,asdfkghj
B0CCL4ZZ2L,asdfkghj
B0928YTMH6,asdfkghj
B0BL75VJ4G,asdfkghj
B0874M1WB9,asdfkghj
B0BGDBS23F,asdfkghj
B09HC1BDJD,asdfkghj
B0DGSPS9YN,asdfkghj
B0DG342V8S,asdfkghj
B0D9V9423G,asdfkghj
B09X32NB7N,asdfkghj
B07MHNS8KL,asdfkghj
B0DDCVKC4F,asdfkghj
B0CBNSMZ1N,asdfkghj
B0DHJG4PT3,asdfkghj
B0CZDR4FQR,asdfkghj
B0D95W35ZY,asdfkghj
B0BZ4NZTPS,asdfkghj
B0D52W2V2G,asdfkghj
B09C5RTGXG,asdfkghj
B0CW5HP5NM,asdfkghj
B0CS6Q6YZ4,asdfkghj
B0CSVKGC1S,asdfkghj
B0D3FD7ZBP,asdfkghj
B0CSN5CRMH,asdfkghj
B0CWGM1CM1,asdfkghj
B0CN6VHM7N,asdfkghj
B0CYGSG7R8,asdfkghj
B0CJR94NR6,asdfkghj
B0DSF7JD8C,asdfkghj
B0DSD2ZZWD,asdfkghj
B0DSB8JKW1,asdfkghj
B0DS9L1XN3,asdfkghj
B0DS8PFD2D,asdfkghj
B0DS7YYJPW,asdfkghj
B0DS6QP3PH,asdfkghj
B0DS1DJ8VN,asdfkghj
B0DRRC1S9W,asdfkghj
B0DRJJB23D,asdfkghj
B0DRHTPXTG,asdfkghj
B0DRHQS5F8,asdfkghj
B0DRCGS6XP,asdfkghj
B0DQPMF66X,asdfkghj
B0DQNKTQMH,asdfkghj
B0DQGRN8HX,asdfkghj
B0DPZP1TKC,asdfkghj
B0DPXDG8W1,asdfkghj
B0DPDJQJQQ,asdfkghj
B0DPBGN5HP,asdfkghj
B0DP42ZHYP,asdfkghj
B0DLSK8JH8,asdfkghj
B0DL632QRW,asdfkghj
B0DKMFCL3C,asdfkghj
B0DJH9R7X7,asdfkghj
B0DJH21PHG,asdfkghj
B0DHZQ8TC2,asdfkghj
B0DHC6GG9S,asdfkghj
B0DGT6DBHP,asdfkghj
B0DG8G3569,asdfkghj
B0DFT5BPJ9,asdfkghj
B0DD778P5N,asdfkghj
B0DCJPXY5G,asdfkghj
B0DC6G16Y4,asdfkghj
B0DBLRCYQ5,asdfkghj
B0DB5BNPF4,asdfkghj
B0D7LYLY2M,asdfkghj
B0D6KHH89X,asdfkghj
B0D63HS6DM,asdfkghj
B0D3Q55FRG,asdfkghj
B0D3368QF4,asdfkghj
B0D2PPJRYZ,asdfkghj
B0D2574N29,asdfkghj
B0D255YNGK,asdfkghj
B0D17FT1NK,asdfkghj
B0D14LKF2S,asdfkghj
B0CZHFK1R4,asdfkghj
B0CXKMVM5M,asdfkghj
B0CBPTGX6T,asdfkghj
B0CBJH1M2M,asdfkghj
B0C1NWJ7V8,asdfkghj
B0BZYQ5WB1,asdfkghj
B0BYNCD84G,asdfkghj
B0BN3GQNQ8,asdfkghj
B0BMPSMD2X,asdfkghj
B0BJKTHVJT,asdfkghj
B0BFG87TSF,asdfkghj
B0BF5BSDS3,asdfkghj
B0BF4TCD9P,asdfkghj
B0BBYX31MT,asdfkghj
B0B778R48Y,asdfkghj
B09TWQD5ZL,asdfkghj
B09NM18CK4,asdfkghj
B09MJGLF8M,asdfkghj
B09KPL42HQ,asdfkghj
B096G156FJ,asdfkghj
B08T6YMSQH,asdfkghj
B08R7BZ25H,asdfkghj
B08GKKWCVL,asdfkghj
B081MYWFKZ,asdfkghj
B00H0QT38C,asdfkghj
B0CF268H3L,asdfkghj
B0DK52WH99,asdfkghj
B0DPZ1VSHK,asdfkghj
B0DR8P6B3L,asdfkghj
B0B3D1FW21,asdfkghj
B0CC2472V3,asdfkghj
B0C774FJTT,asdfkghj
B0916YP5LD,asdfkghj
B097PK838G,asdfkghj
B0DK133GHL,asdfkghj
B0D7L1LG1Q,asdfkghj
B0DJ91HDXL,asdfkghj
B0D9VDFBTD,asdfkghj
B0D9H1BQN6,asdfkghj
B0CV4VTLMT,asdfkghj
B0CDR74J9B,asdfkghj
B0CT58MBZP,asdfkghj
B0CSRVL51M,asdfkghj
B0CSBDHF9D,asdfkghj
B0CS6Q81D4,asdfkghj
B0CR4BY93H,asdfkghj
B0CQ84F8WJ,asdfkghj
B0CNGSZ8RD,asdfkghj
B0CKZ32SMC,asdfkghj
B0CJXWTV3Y,asdfkghj
B0CJ2M787S,asdfkghj
B0CHYMV3WC,asdfkghj
B0CGHZL35F,asdfkghj
B0CFTZN5BD,asdfkghj
B0CDDCW9BR,asdfkghj
B0CD5QQ1C9,asdfkghj
B0CCV45T9F,asdfkghj
B00F2QMR5I,asdfkghj
B07TXLMWVF,asdfkghj
B0B5VDBQ7M,asdfkghj
B0D9Y7YL92,asdfkghj
B000QRKVNI,asdfkghj
B07ZQ55M6L,asdfkghj
B0BMXNKR8V,asdfkghj
B0DR7XD11Z,asdfkghj
B0DQXP56PS,asdfkghj
B0DQWG6SZ2,asdfkghj
B09Q67RLDS,asdfkghj
B0D7PDWFWT,asdfkghj
B0D9J8L8RP,asdfkghj
B0CT2968C5,asdfkghj
B0CH86TQHX,asdfkghj
B0BDZTPZ32,asdfkghj
B09RW16LH4,asdfkghj
B0CLXVMC1G,asdfkghj
B0CYLK67KR,asdfkghj
B0CLZ32KXS,asdfkghj
B0C1Z9VT9J,asdfkghj
B0B6G9T393,asdfkghj
B0B5VSK52K,asdfkghj
B07G5M2QP5,asdfkghj
B01GIKQTAK,asdfkghj
B0069Q3CFE,asdfkghj
B0DNBFNB7Z,asdfkghj
B0D8QR2R8J,asdfkghj
B0D1C8F9WC,asdfkghj
B0CCC8N39Y,asdfkghj
B0B5YY6YPY,asdfkghj
B08NRX616H,asdfkghj
B0DSFX8H1K,asdfkghj
B0DSBC7ZL5,asdfkghj
B0DRXB5TB7,asdfkghj
B0DRFT1YMB,asdfkghj
B0DRFH9PXF,asdfkghj
B0DR5HM914,asdfkghj
B0DQLKWK6M,asdfkghj
B0DQJ7C6TK,asdfkghj
B0DNH874HN,asdfkghj
B0DMRL9RQR,asdfkghj
B0DMNHVB3N,asdfkghj
B0DMMFBTY4,asdfkghj
B0DMLXS3RH,asdfkghj
B0DM79SGGT,asdfkghj
B0DK86T4KQ,asdfkghj
B0DFWSR7JX,asdfkghj
B08DFXD7HF,asdfkghj
B07TPNM391,asdfkghj
B01HN1LPPC,asdfkghj
B00KWM561O,asdfkghj
B00BBU0350,asdfkghj
B0F2JBN4X2,asdfkghj
B0DYNTKRF4,asdfkghj
B0DY7WD6GM,asdfkghj
B0DY7KQPCF,asdfkghj
B0DXV61Y3P,asdfkghj
B0DX6559RS,asdfkghj
B0DW8ZB547,asdfkghj
B0DV65CH8W,asdfkghj
B0DTHX3FTP,asdfkghj
B0DT6MKX3Q,asdfkghj
B0DT48N4FL,asdfkghj
B0DDXQWPRR,asdfkghj
B0DDWQ9JDW,asdfkghj
B0DDWLMJW4,asdfkghj
B0DCVYH8R1,asdfkghj
B0D792W9CH,asdfkghj
B0D5LRZDK4,asdfkghj
B0D5L3DXV4,asdfkghj
B0D46ZLX6R,asdfkghj
B0D3TM4BFZ,asdfkghj
B0D2K5WBJS,asdfkghj
B0D1G4CM3V,asdfkghj
B0CZDL46HD,asdfkghj
B0CYQ3HH1S,asdfkghj
B0CY5NHQFK,asdfkghj
B0CWNLFD32,asdfkghj
B0CRDHYJB9,asdfkghj
B0CQYM96SF,asdfkghj
B0CPP8GVD2,asdfkghj
B0CPDTZSSC,asdfkghj
B0CLRC9Q1F,asdfkghj
B0CG15YBWK,asdfkghj
B0C9ZQBFL3,asdfkghj
B0C7BDWLH5,asdfkghj
B0C42MZ16D,asdfkghj
B0BVMX8F2R,asdfkghj
B0BM6CZXFY,asdfkghj
B0BM5K6B3C,asdfkghj
B09MHD4QYY,asdfkghj
B08PY1CFQ2,asdfkghj
B08GB2PFHT,asdfkghj
B07RZ3H33F,asdfkghj
B00EQ466DQ,asdfkghj
B0D966PLQL,asdfkghj
B0DL46C4VQ,asdfkghj
B0DBQ4WP9Y,asdfkghj
B0CZF6G4S8,asdfkghj
B0CQM3XBVK,asdfkghj
B0C8HZQ6D6,asdfkghj
B0DPMHFYB1,asdfkghj
B0DHXXL5J7,asdfkghj
B0DCJ4757R,asdfkghj
B0B96N2LWQ,asdfkghj
B0DHXPCPB6,asdfkghj
B0C39QP567,asdfkghj
B0CB58KC2K,asdfkghj
B08V8KFC26,asdfkghj
B0D8FG625F,asdfkghj
B0DG4NS1M8,asdfkghj
B00E1SPLRO,asdfkghj
B006YW760A,asdfkghj
B0CPV1HT58,asdfkghj
B08287W818,asdfkghj
B0BB9ZH583,asdfkghj
B0DFH6Y5FW,asdfkghj
B0CZ38DSSY,asdfkghj
B09VPSZQHN,asdfkghj
B0C2TVVLKL,asdfkghj
B0C3BC5HMN,asdfkghj
B08XD7YZLL,asdfkghj
B0CNMR1FLL,asdfkghj
B0C4YTW8S2,asdfkghj
B0CSKDYYFH,asdfkghj
B0DCVBF4MQ,asdfkghj
B0885Z6S8J,asdfkghj
B0BKLDS8H2,asdfkghj
B0DY7ZGXMF,asdfkghj
B0B6VS9181,asdfkghj
B0D2NZ11V3,asdfkghj
B0D1TVHG6N,asdfkghj
B09P44Y6ZH,asdfkghj
B0CGC729WW,asdfkghj
B0BJJSJJC8,asdfkghj
B0CTKM8GGY,asdfkghj
B0CQYSQ2NN,asdfkghj
B0DZCLQSF3,asdfkghj
B0B41QK4TW,asdfkghj
B0C8SXN2FK,asdfkghj
B0CJTXX99Y,asdfkghj
B0DFBZ52WZ,asdfkghj
B0DQV9PWD6,asdfkghj
B0DC6K497S,asdfkghj
B0D963387W,asdfkghj
B073V3W83Z,asdfkghj
B0DPG6WL2Z,asdfkghj
B0C6M2RQ79,asdfkghj
B0DP4MVDG4,asdfkghj
B0D7BYTC15,asdfkghj
B0DKFRCJXH,asdfkghj
B0D5CGHMSD,asdfkghj
B0DK1ZNMFM,asdfkghj
B085ZSMK8P,asdfkghj
B0DHRFVCM7,asdfkghj
B0D77QBKND,asdfkghj
B0DHGJS8T6,asdfkghj
B0BF91BXF9,asdfkghj
B0DGWZ9PTP,asdfkghj
B0DMT3RGNX,asdfkghj
B0DF71S6B8,asdfkghj
B0DZBK5D2T,asdfkghj
B0DTHFD5JG,asdfkghj
B0BXL4399R,asdfkghj
B0DSZZQGWK,asdfkghj
B0BWR991WR,asdfkghj
B0DSMT6KD5,asdfkghj
B0C1Z3Q3G1,asdfkghj
B0DSKY4DX6,asdfkghj
B0CXF6342W,asdfkghj
B0DSK41FJS,asdfkghj
B0CMK2KDVT,asdfkghj
B0DRCYN6HW,asdfkghj
B0B3SV1GN6,asdfkghj
B0DR2JMWHW,asdfkghj
B08P3TD39P,asdfkghj
B0DQL7V79K,asdfkghj
B0D9R68PCK,asdfkghj
B0D9ZD17CZ,asdfkghj
B0DC6CFWR6,asdfkghj
B0D943X8GS,asdfkghj
B0B72DC25S,asdfkghj
B0D8Y4XFSS,asdfkghj
B09YM4Q6KD,asdfkghj
B0D8TFVV9X,asdfkghj
B0CGPX13K2,asdfkghj
B0D8839DVF,asdfkghj
B07TTLZC8R,asdfkghj
B0C64GLSHZ,asdfkghj
B0D6W462YJ,asdfkghj
B0BJ32WZZJ,asdfkghj
B0D5GZQGPH,asdfkghj
B0DP6NRXBH,asdfkghj
B0CSKMBCTZ,asdfkghj
B0CBYQ89BZ,asdfkghj
B0CNK8VS2V,asdfkghj
B0D8KBKV2X,asdfkghj
B0CMCWCVDW,asdfkghj
B0D2QQXQVP,asdfkghj
B0DR7X6YRC,asdfkghj
B0CCNHMCF4,asdfkghj
B0CRB25P45,asdfkghj
B0BN4CTXC7,asdfkghj
B0DBHDL86D,asdfkghj
B0B2LP9BBG,asdfkghj
B0D47QVZPV,asdfkghj
B09PYH3XNQ,asdfkghj
B0C3QTVL1C,asdfkghj
B09J8XSDSX,asdfkghj
B0CKD4XH8V,asdfkghj
B094J41821,asdfkghj
B07PF4HDZ7,asdfkghj
B07ZY71Q21,asdfkghj
B0D3HKFYMW,asdfkghj
B07XJMF46B,asdfkghj
B0D9NVDK95,asdfkghj
B07NWGDW26,asdfkghj
B0C9HKSVD1,asdfkghj
B074C74DQT,asdfkghj
B06VSST6J9,asdfkghj
B0BQRNFX54,asdfkghj
B0DF247745,asdfkghj
B0CPJC34KV,asdfkghj
B09XCCM86G,asdfkghj
B0CCYJ2DCY,asdfkghj
B0C7Z3B2LM,asdfkghj
B075RTSGCC,asdfkghj
B0DNJR5RB1,asdfkghj
B0CJ5D8KJX,asdfkghj
B0CGX1CYQ4,asdfkghj
B0CB3QDZMD,asdfkghj
B0D4M628ZN,asdfkghj
B0CZT5X632,asdfkghj
B0CR9V8FZR,asdfkghj
B08FSPML4K,asdfkghj
B07CM7G69G,asdfkghj
B0DHYD4CJ8,asdfkghj
B0DHS43RD7,asdfkghj
B0DHKZ4WYM,asdfkghj
B0D5CMLPLR,asdfkghj
B0D445Z3R9,asdfkghj
B0BBYY8PFL,asdfkghj
B09HSNJ7CD,asdfkghj
B09HH6ZF1B,asdfkghj
B097RCZG3Q,asdfkghj
B07HZ3FQ93,asdfkghj
B01IADZFGW,asdfkghj
B0DYDBT7GS,asdfkghj
B0DV3ZKVW9,asdfkghj
B0DTP5TNFM,asdfkghj
B0DTK498J8,asdfkghj
B0DT1GQCCD,asdfkghj
B0DT16NNWB,asdfkghj
B0DT15C8P6,asdfkghj
B0DSZF9WND,asdfkghj
B0DSW8LDGX,asdfkghj
B0DSL8J89N,asdfkghj
B0DSGXLV3B,asdfkghj
B0DS6FDY74,asdfkghj
B0DS6F59W8,asdfkghj
B0DS64ZLGS,asdfkghj
B0DS59ZZQT,asdfkghj
B0DS3VZHY2,asdfkghj
B0DRXVNT8K,asdfkghj
B0DRSGWGC5,asdfkghj
B0DRJYDWGG,asdfkghj
B0DRJQCX7V,asdfkghj
B0DRJLMHV3,asdfkghj
B0DRG6W96B,asdfkghj
B0DRCWHQQK,asdfkghj
B0DRCB29GM,asdfkghj
B0DR6PSZKL,asdfkghj
B0DQVHGJYR,asdfkghj
B0CWMW9NMC,asdfkghj
B0CRQZGML5,asdfkghj
B0CPFT14RQ,asdfkghj
B0BLCMRKR4,asdfkghj
B07T81513P,asdfkghj
B0DG2YQH3P,asdfkghj
B0CX4X1FKC,asdfkghj
B0CQM37NXK,asdfkghj
B0CP9R86YF,asdfkghj
B0CNVB2HQH,asdfkghj
B0CMDCV245,asdfkghj
B0CLNNR9Q1,asdfkghj
B0CL4FTFMR,asdfkghj
B0CHYSCXN8,asdfkghj
B0C7ZC1JW3,asdfkghj
B0BL2QZG6D,asdfkghj
B0DQLGB98L,asdfkghj
B0DQKVHFLF,asdfkghj
B0DQ5916PV,asdfkghj
B0DQ3Y3811,asdfkghj
B0DPW9M9B5,asdfkghj
B0DPQBVTJ1,asdfkghj
B0DP4DXSRJ,asdfkghj
B0DNJQBQBB,asdfkghj
B0DKNGCMZL,asdfkghj
B0DGXVDX3B,asdfkghj
B0DGG5DBZR,asdfkghj
B0DFP9P3BH,asdfkghj
B0DFCPLFNS,asdfkghj
B0DF2FMTHL,asdfkghj
B0DDKNYZ4D,asdfkghj
B0DC59VHN8,asdfkghj
B0D9YD9QL8,asdfkghj
B0D9Q5872C,asdfkghj
B0D986VX6D,asdfkghj
B0D8WBV2Y9,asdfkghj
B0D7L9VJFM,asdfkghj
B0D56NQPY3,asdfkghj
B0D56BM2JB,asdfkghj
B0D3WXBDX4,asdfkghj
B0CXN7C8GJ,asdfkghj
B0CXJKK7FF,asdfkghj
B0CT8Z8X7X,asdfkghj
B0CSW9TKZ8,asdfkghj
B0CQZKRQB1,asdfkghj
B0CQ2CCLPC,asdfkghj
B0CP4F8NNK,asdfkghj
B0CKR33WSF,asdfkghj
B0CJNSYNP2,asdfkghj
B0CJNFF4JF,asdfkghj
B0CJ5QWTWG,asdfkghj
B0CHDNLS5N,asdfkghj
B0C73YY8NB,asdfkghj
B0C2CF9XSN,asdfkghj
B0BZYSFPTS,asdfkghj
B0BVD2F79D,asdfkghj
B0BM83D169,asdfkghj
B0BD1HJM8X,asdfkghj
B0BCGMQV23,asdfkghj
B0B84X7K89,asdfkghj
B0B6HNG44D,asdfkghj
B09VT2DBKB,asdfkghj
B09VH5MW7C,asdfkghj
B09V2B3JQS,asdfkghj
B09SF99YCD,asdfkghj
B09R27F4FK,asdfkghj
B09QZNV2D2,asdfkghj
B09PNV8GC1,asdfkghj
B09P15HYZF,asdfkghj
B094D5GSX9,asdfkghj
B0928WJLJ3,asdfkghj
B08KRY3Y12,asdfkghj
B08JGQ8B3Q,asdfkghj
B08HJVCHL2,asdfkghj
B0002F5G6Q,asdfkghj
B01DR55P1S,asdfkghj
B008RPRJUY,asdfkghj
B0DC6LV1X1,asdfkghj
B0CMXNPHJ2,asdfkghj
B0CYGKC9YM,asdfkghj
B0DTHWK632,asdfkghj
B073YK5Z5F,asdfkghj
B0DNJBGKP2,asdfkghj
B0DLN44NW4,asdfkghj
B0DBFKWNS9,asdfkghj
B0DFXSZTC1,asdfkghj
B0D66R3KRC,asdfkghj
B0CRLBGTBN,asdfkghj
B0D3MB6HMJ,asdfkghj
B08F53FQ67,asdfkghj
B0D3HT2F4W,asdfkghj
B0CLRWS9XR,asdfkghj
B0D3CTJGS2,asdfkghj
B0CYLRZKSK,asdfkghj
B0D2W4VHWK,asdfkghj
B0BCQZ4L2Z,asdfkghj
B0D1VJFXQT,asdfkghj
B0CYY1WDGW,asdfkghj
B0CYNYKPBD,asdfkghj
B0DQJ33DPX,asdfkghj
B0CT2BWP9L,asdfkghj
B0DG5DR1KL,asdfkghj
B0C6QCLTNZ,asdfkghj
B0D6GRTNY5,asdfkghj
B0C1ZMF7JS,asdfkghj
B0C34D46YY,asdfkghj
B0BWMT351H,asdfkghj
B0DHPHDVHX,asdfkghj
B0BRRTKQMW,asdfkghj
B0D5XPX9SP,asdfkghj
B09TQLPTRJ,asdfkghj
B0CGVPBB8Y,asdfkghj
B079HRG4XZ,asdfkghj
B0D9GY192N,asdfkghj
B095XCQT3T,asdfkghj
B0CRYT3QZL,asdfkghj
B0D1G4CM5P,asdfkghj
B0CGNGRFNZ,asdfkghj
B07RCYS22N,asdfkghj
B0BVRHK1VP,asdfkghj
B0CW1H87KW,asdfkghj
B0DJPMXR42,asdfkghj
B0CPT5DD1F,asdfkghj
B0C9BXTTV6,asdfkghj
B0BX66GW2S,asdfkghj
B0DK1D5CNM,asdfkghj
B0DJ26H98F,asdfkghj
B0CZRK88X8,asdfkghj
B0CQRHV8HC,asdfkghj
B0CMD5YNJY,asdfkghj
B0CLWT65M5,asdfkghj
B0BYNX12YW,asdfkghj
B09VDGK65R,asdfkghj
B08HKJ79VW,asdfkghj
B0DSZPD5PZ,asdfkghj
B0DSMJZGRN,asdfkghj
B0DS1X8ZH6,asdfkghj
B0DRTTLSXN,asdfkghj
B0DQTNPPF7,asdfkghj
B0D7MCPN72,asdfkghj
B0D4QT2SHG,asdfkghj
B0D4HPB5Q2,asdfkghj
B0D1R66KGB,asdfkghj
B0CYCB32KC,asdfkghj
B0CY5598J8,asdfkghj
B0CX17SGK6,asdfkghj
B0CVRQBPTL,asdfkghj
B0CN357X9G,asdfkghj
B0CMWD97C1,asdfkghj
B0CLC1R3LC,asdfkghj
B0CH7SSGN9,asdfkghj
B0CG5BY3WC,asdfkghj
B0CDJ8WC12,asdfkghj
B0BRGLFYDG,asdfkghj
B09WCVR2MP,asdfkghj
B0DQ4YR8VS,asdfkghj
B0DPPNVGJD,asdfkghj
B0DP29QR53,asdfkghj
B0DNFMNQTT,asdfkghj
B0DMVR6Y5F,asdfkghj
B0DJXV4VTC,asdfkghj
B0DJLTLN49,asdfkghj
B0DJ2CZF5S,asdfkghj
B0DGLR45CM,asdfkghj
B0DG8SHJ25,asdfkghj
B0DFW9QL2S,asdfkghj
B0DFH4ZXG4,asdfkghj
B0DDC935VV,asdfkghj
B0DD7DDTXP,asdfkghj
B0D9B949R6,asdfkghj
B0D8K28RV4,asdfkghj
B09WCF7RL9,asdfkghj
B09V11T5MG,asdfkghj
B09B7HF872,asdfkghj
B08XYFLMR1,asdfkghj
B087LQX9KX,asdfkghj
B0828JHC3Q,asdfkghj
B07THFZZYN,asdfkghj
B07JFTCSRP,asdfkghj
B0B8MYNK2P,asdfkghj
B0BXLK4566,asdfkghj
B0DMK6WP8V,asdfkghj
B0C39RTM55,asdfkghj
B0DNJPHRWJ,asdfkghj
B0CJDW7ML4,asdfkghj
B0DMF1QXWT,asdfkghj
B0DQ5P9167,asdfkghj
B0DDBVMG7G,asdfkghj
B0CY8BXJ5W,asdfkghj
B0DK5WPP9Y,asdfkghj
B0D83YRRW1,asdfkghj
B0D9VP8B3Z,asdfkghj
B0DJW9SVHZ,asdfkghj
B0CSXKXBF6,asdfkghj
B0D5FX8MKN,asdfkghj
B0DGX4L7DD,asdfkghj
B0CJXC36G2,asdfkghj
B0D2WXPWGF,asdfkghj
B0DDC6JFTB,asdfkghj
B0D1BG95KK,asdfkghj
B0CWRC6BMT,asdfkghj
B0DBTFB8XZ,asdfkghj
B09BZW3S2X,asdfkghj
B0CL46HXS2,asdfkghj
B0D8L6M2PF,asdfkghj
B09QRWNFTL,asdfkghj
B0CY3J14VC,asdfkghj
B0D2VZ2L4M,asdfkghj
B0CMXM6CVJ,asdfkghj
B08BC3VHXC,asdfkghj
B0CBMGDW48,asdfkghj
B08H2KF17Y,asdfkghj
B0BW8VNGNW,asdfkghj
B09TNPNYRJ,asdfkghj
B09Q2SMPSH,asdfkghj
B0DJMRH8RV,asdfkghj
B0DRJ8YZ8S,asdfkghj
B0C4721GQV,asdfkghj
B0CJ2K4WST,asdfkghj
B0D7341FHZ,asdfkghj
B0BY35PM1Z,asdfkghj
B0CT5KSGBV,asdfkghj
B0CM39P7CN,asdfkghj
B0CFLGCMW6,asdfkghj
B0CV4ZZLR1,asdfkghj
B0CW3774Q4,asdfkghj
B0CG9JPQV4,asdfkghj
B08L5FX84F,asdfkghj
B0B1Z93G2C,asdfkghj
B0CCTBNKN3,asdfkghj
B0DFY4LKNJ,asdfkghj
B0CLDT37ZT,asdfkghj
B09FZD78XM,asdfkghj
B0CQ7CYY81,asdfkghj
B0DBQG9Q37,asdfkghj
B0DDSTSRT7,asdfkghj
B005346QC4,asdfkghj
B0DNF1J6GF,asdfkghj
B0DK68YHJX,asdfkghj
B0D8SKCFMZ,asdfkghj
B0C8SJ41XV,asdfkghj
B0BPBTRDHN,asdfkghj
B0DKSFS1QL,asdfkghj
B0DDLDS5GT,asdfkghj
B0CJ83WQ7H,asdfkghj
B0B48TP63B,asdfkghj
B0B1HK24S5,asdfkghj
B07KMBHWD3,asdfkghj
B0DKS8FM6R,asdfkghj
B0DG8KBDR1,asdfkghj
B0CDWQXP8P,asdfkghj
B0BLZ9585W,asdfkghj
B09XB6XQ7P,asdfkghj
B09RZHB1CX,asdfkghj
B07Y4SNG32,asdfkghj
B0DD2WB469,asdfkghj
B0DB8PZF1X,asdfkghj
B0D7VCKN2V,asdfkghj
B0D2R14LHX,asdfkghj
B0D25HF7SL,asdfkghj
B0CQKTY1SQ,asdfkghj
B0CJHN7DY7,asdfkghj
B0C38LXC1G,asdfkghj
B0BPN8HJ93,asdfkghj
B01FJ3AJBC,asdfkghj
B00JA3DWDA,asdfkghj
B0DYDQWNYG,asdfkghj
B0DY4G2HLM,asdfkghj
B0DX65CMX9,asdfkghj
B0DWX6JV7R,asdfkghj
B0DWMLRN3D,asdfkghj
B0DWFJ9HCY,asdfkghj
B0DT9Q8Z2D,asdfkghj
B0DT79SK1G,asdfkghj
B0DSZSFCB1,asdfkghj
B0DSVW692L,asdfkghj
B0DSVVYN18,asdfkghj
B0DSVT45TP,asdfkghj
B0DSG3G2TP,asdfkghj
B0DSFYPF94,asdfkghj
B0DS9K1KWY,asdfkghj
B0DS1T58M9,asdfkghj
B0DR2LJGW7,asdfkghj
B0DQSK9PKG,asdfkghj
B0DQP32ZWL,asdfkghj
B0DQNHVD7Z,asdfkghj
B0DQDK7DLF,asdfkghj
B0DQ8CJTLS,asdfkghj
B0DNF82BBG,asdfkghj
B0DNF7LZYY,asdfkghj
B0DK9NWGMD,asdfkghj
B0DK1W4NJQ,asdfkghj
B0DJVTLJ29,asdfkghj
B0DJV9KBBD,asdfkghj
B0DGKWVDY4,asdfkghj
B0D964BB1Y,asdfkghj
B0D8V5VF5S,asdfkghj
B0D56GL2S1,asdfkghj
B0D3GL11XV,asdfkghj
B0CYZSS4ZK,asdfkghj
B0CY2CTQZX,asdfkghj
B0CW9WJSJW,asdfkghj
B0CTH8XKZ9,asdfkghj
B0CQXT9P1C,asdfkghj
B0CMWQBSQK,asdfkghj
B0CMHFQX89,asdfkghj
B0CLNJJJ6V,asdfkghj
B0CDFZ2KV5,asdfkghj
B0CCJCG3SX,asdfkghj
B0CB751V45,asdfkghj
B0C9BY8ZDX,asdfkghj
B0C813ZYBB,asdfkghj
B0C6Z727L2,asdfkghj
B0BZC7RJ3Y,asdfkghj
B0BP6FTM66,asdfkghj
B0BL2F1ZBH,asdfkghj
B0BHSGS4L9,asdfkghj
B0BCFWWLJC,asdfkghj
B09WL7SSWL,asdfkghj
B091THJGHZ,asdfkghj
B0919C9LS4,asdfkghj
B07ZS8X1BC,asdfkghj
B06XX6MNB4,asdfkghj
B00IIEHSDW,asdfkghj
B0CDSKKTHR,asdfkghj
B0C53XQGNW,asdfkghj
B0BVM9PNNX,asdfkghj
B0BXH224B9,asdfkghj
B07YH2Q8Z8,asdfkghj
B0CR32VKFD,asdfkghj
B081MZNB5R,asdfkghj
B0DKWML5TB,asdfkghj
B0CQM7PMYK,asdfkghj
B0D4135V4F,asdfkghj
B07GF3QWZD,asdfkghj
B0D9GZGBB3,asdfkghj
B0DYMBLSVQ,asdfkghj
B0D6GRYZPH,asdfkghj
B0DNSXFZS3,asdfkghj
B0DF9ZJ3WY,asdfkghj
B0DMP6559Y,asdfkghj
B0CJNH4SWX,asdfkghj
B0DK958D11,asdfkghj
B095K5ZGJV,asdfkghj
B0DHH8GCRF,asdfkghj
B072F27WLZ,asdfkghj
B0D4THG6GF,asdfkghj
B0D671G9LP,asdfkghj
B0D3Q5PPWX,asdfkghj
B0CFPNDRDD,asdfkghj
B0D3HRW8MP,asdfkghj
B0D4NL726J,asdfkghj
B0CZTJF7CJ,asdfkghj
B0D2TMXLCW,asdfkghj
B0CPX54LL5,asdfkghj
B0DFQM8WDX,asdfkghj
B0CN45D3N2,asdfkghj
B0CL3519BK,asdfkghj
B0C8D8B1JX,asdfkghj
B09X2KK9ML,asdfkghj
B0C85P4X2Y,asdfkghj
B0DZVPMYDY,asdfkghj
B09WDLC95M,asdfkghj
B0C72VMSB2,asdfkghj
B09887V656,asdfkghj
B0D9TCL1G6,asdfkghj
B08SMKFWM9,asdfkghj
B0C3CRGCMW,asdfkghj
B089LPFWWM,asdfkghj
B089RWB9KD,asdfkghj
B008VTLQ9Q,asdfkghj
B0B6HWJGYY,asdfkghj
B08BJB8Y2D,asdfkghj
B07ZJ5JRLC,asdfkghj
B0DK711G1J,asdfkghj
B0D1Y57M1P,asdfkghj
B0CPSNK64H,asdfkghj
B0CJFH7ZLS,asdfkghj
B0CCYBBZ58,asdfkghj
B0C4P766SP,asdfkghj
B09V23NTYD,asdfkghj
B09K7G5VW8,asdfkghj
B0DK8PV79S,asdfkghj
B0DHNQCHZG,asdfkghj
B0DBLGRT3Y,asdfkghj
B0CYGMMHQ3,asdfkghj
B0CMQJXGSV,asdfkghj
B09X2X6F18,asdfkghj
B09HKBPZDX,asdfkghj
B07TSLHC8M,asdfkghj
B00384G7W0,asdfkghj
B0DYJHR433,asdfkghj
B0DY6G5LVH,asdfkghj
B0DWL7S5PY,asdfkghj
B0DWL6Q8GT,asdfkghj
B0DTQ95C1J,asdfkghj
B0DTHH98YC,asdfkghj
B0DSVXTNJM,asdfkghj
B0DSB5589Y,asdfkghj
B0DRTDB7V8,asdfkghj
B0DRJXZMC3,asdfkghj
B0DRJJSFVJ,asdfkghj
B0DRFWZYGD,asdfkghj
B0CWYNKF24,asdfkghj
B0BW8P136B,asdfkghj
B0CJXWD71Y,asdfkghj
B0C72VBCT2,asdfkghj
B0DHS5F1VM,asdfkghj
B0DGT4NX6D,asdfkghj
B0BZGSHJCP,asdfkghj
B0D8BDLX8P,asdfkghj
B0CT56W5QF,asdfkghj
B08DQ9Q9X3,asdfkghj
B0DRF8R99F,asdfkghj
B0D3HJWJPN,asdfkghj
B0CYBZVF1Z,asdfkghj
B0BJVF7RNB,asdfkghj
B0DMN348BM,asdfkghj
B0D22FB8QN,asdfkghj
B0DQD3K2FX,asdfkghj
B0DQ53XXFF,asdfkghj
B0DQ4R97NH,asdfkghj
B0DPDXVL8F,asdfkghj
B0DMDW2KM6,asdfkghj
B0DLKT3SG9,asdfkghj
B0DHXPPL36,asdfkghj
B0DHR341F3,asdfkghj
B0DHGZGYWT,asdfkghj
B0DDKN4JVV,asdfkghj
B0DCW7TK9L,asdfkghj
B0D5CS8YR8,asdfkghj
B0D4MBLNKZ,asdfkghj
B0D368XMCB,asdfkghj
B0CW6GS7K3,asdfkghj
B0CSK2Y93X,asdfkghj
B0CLRL9XGP,asdfkghj
B0CFRBT275,asdfkghj
B0C39312PN,asdfkghj
B0BVMWKJGM,asdfkghj
B0BVMNTD52,asdfkghj
B0B8TJ1NWX,asdfkghj
B09WHJWQX6,asdfkghj
B09DG9G9XZ,asdfkghj
B087T6LPLW,asdfkghj
B077ZHHB1V,asdfkghj
B01HYURHFE,asdfkghj
B0CJ4PFJXK,asdfkghj
B0BS1YRNDZ,asdfkghj
B0CSW56KQ8,asdfkghj
B0CH7ZZF88,asdfkghj
B07VHY7DDW,asdfkghj
B0DXPRQK8L,asdfkghj
B0C5XF4QGS,asdfkghj
B08R294CS7,asdfkghj
B0DSWC6QX6,asdfkghj
B0CJ5MDZL8,asdfkghj
B0DN98QJV4,asdfkghj
B074JKTH6H,asdfkghj
B0D9RH9HCM,asdfkghj
B0B6WSWNLG,asdfkghj
B0D96H6KPD,asdfkghj
B095R2HWT2,asdfkghj
B07DNDBHYG,asdfkghj
B0D94CS1D3,asdfkghj
B003YYIJ16,asdfkghj
B0D25XMH4D,asdfkghj
B0D62Z5379,asdfkghj
B0CRGMH26W,asdfkghj
B07ZL3H648,asdfkghj
B0D3ZQ165Z,asdfkghj
B09QXCGCVF,asdfkghj
B0D93GDFV7,asdfkghj
B0BTPBBZKV,asdfkghj
B0BJDWXB29,asdfkghj
B0DSZV669V,asdfkghj
B0DSKX4G3Q,asdfkghj
B0DS8PJL7Y,asdfkghj
B0DMFPJ622,asdfkghj
B0DJ8NP7HR,asdfkghj
B0D9BJSHZ3,asdfkghj
B0D2RH5HJ1,asdfkghj
B084T91423,asdfkghj
B083WDQ3KV,asdfkghj
B07D7ZGRDV,asdfkghj
B089NP8PDT,asdfkghj
B0DHRBNHWP,asdfkghj
B0CMTQD3DP,asdfkghj
B007H9OPT4,asdfkghj
B0DHQLS8NF,asdfkghj
B0F13MTJV5,asdfkghj
B0DS88DR8R,asdfkghj
B0C4MBPK6M,asdfkghj
B005EVVF0E,asdfkghj
B0DRFGJNCR,asdfkghj
B0D7VW6ZY3,asdfkghj
B0DJW1YJ1C,asdfkghj
B0CX1HM7YS,asdfkghj
B0DPFCFKLG,asdfkghj
B07CG84HZ7,asdfkghj
B0D7VR7G7D,asdfkghj
B0CFJHVM4G,asdfkghj
B07L6VW5Y1,asdfkghj
B0DS1SB2SD,asdfkghj
B0BQJPG36S,asdfkghj
B0DCFMHHRB,asdfkghj
B0B298LKJW,asdfkghj
B0D2HZQ682,asdfkghj
B07S41DXBL,asdfkghj
B0CVTV77MC,asdfkghj
B01LWUJ2K5,asdfkghj
B0CNGK3HG1,asdfkghj
B0CKR2CVZ4,asdfkghj
B0CHMZNKDB,asdfkghj
B0DKJFL67N,asdfkghj
B09F29WWC6,asdfkghj
B0CQ5GMGH9,asdfkghj
B0DJ8Z6HBC,asdfkghj
B0DLKWDVK5,asdfkghj
B0D3Y15TZY,asdfkghj
B0CXP71PT8,asdfkghj
B0DJPCCP2G,asdfkghj
B09TH34LRH,asdfkghj
B0DHC2YXM1,asdfkghj
B0D4M31F73,asdfkghj
B0D6FVN646,asdfkghj
B0CLRM9FR1,asdfkghj
B0D1V89MNV,asdfkghj
B0DPJHHYSL,asdfkghj
B0CYLSV6R4,asdfkghj
B0CYSZM2YH,asdfkghj
B0CFJJSTRB,asdfkghj
B07S3193XD,asdfkghj
B076J5SG98,asdfkghj
B0CXPPL1NK,asdfkghj
B01DY6O4O4,asdfkghj
B0C2Z9Z8WQ,asdfkghj
B09LCVT5LY,asdfkghj
B0011VFIGS,asdfkghj
B0D866VH9M,asdfkghj
B0B6DTM15Q,asdfkghj
B08LKGH9KW,asdfkghj
B0DJNKGNWH,asdfkghj
B0D8J1Z29F,asdfkghj
B0CTS2PC75,asdfkghj
B0BQF1BGTT,asdfkghj
B0D5D9KN2Z,asdfkghj
B0792PP8JX,asdfkghj
B0CNGTW755,asdfkghj
B0C9JHWG3D,asdfkghj
B0BZ4S8XZS,asdfkghj
B0DNC3XHZT,asdfkghj
B0DDXPLR93,asdfkghj
B0D92DQGM5,asdfkghj
B09J2WKSTM,asdfkghj
B08P6MS6S7,asdfkghj
B07PS5WHKG,asdfkghj
B0D2N3TZ6H,asdfkghj
B0CGV8S8DF,asdfkghj
B0CBFMRNX4,asdfkghj
B0C84F48LD,asdfkghj
B09TP66R17,asdfkghj
B0D97C52XY,asdfkghj
B0D7Q5BVZM,asdfkghj
B0D7BW6YX8,asdfkghj
B0DG5NYTZF,asdfkghj
B0DK1V1J9T,asdfkghj
B0BY8VWTRV,asdfkghj
B091F8XCVS,asdfkghj
B0D9PYTL3Q,asdfkghj
B0DD76ZTXZ,asdfkghj
B09WTLFRDD,asdfkghj
B0DR1ZW872,asdfkghj
B0DM1R2K3J,asdfkghj
B0CN2LZV94,asdfkghj
B0CT4YRP2X,asdfkghj
B0CS624S6J,asdfkghj
B0CNT22PPD,asdfkghj
B0BQLCY4W8,asdfkghj
B0CNRCV9PK,asdfkghj
B09HWP34XM,asdfkghj
B0D2X1MVL5,asdfkghj
B0CQYL4JDH,asdfkghj
B0CNYMWL8Z,asdfkghj
B09VQ3NFPK,asdfkghj
B09HT683QP,asdfkghj
B08JWH88ZK,asdfkghj
B084P5ZWM1,asdfkghj
B0DZ2YNDD7,asdfkghj
B0DW31DH4W,asdfkghj
B0DT19QWSL,asdfkghj
B0DS5WS8PW,asdfkghj
B0DS2KF9T4,asdfkghj
B0DRV9FNG7,asdfkghj
B0DRJV34TJ,asdfkghj
B0DQTR55G9,asdfkghj
B0DQ4PP1CY,asdfkghj
B0CWV7MCMX,asdfkghj
B0CSX6VLF1,asdfkghj
B0CNYNFJBV,asdfkghj
B0CLNPTL7N,asdfkghj
B0CLHXZ9ZM,asdfkghj
B0CKZDQNHD,asdfkghj
B0CJFKZYHZ,asdfkghj
B0CHQNSL98,asdfkghj
B0CHNWF8X2,asdfkghj
B0CGH65RXZ,asdfkghj
B0CCYHX3P7,asdfkghj
B0C88R9GD9,asdfkghj
B0C85DYJWB,asdfkghj
B0C6Q4XNQH,asdfkghj
B0BZPC3NJQ,asdfkghj
B0BFHYHD4S,asdfkghj
B0B2P98RYR,asdfkghj
B09VNSN7GD,asdfkghj
B09B3Q1ZZ1,asdfkghj
B0DP6H5VD3,asdfkghj
B0DP5VGXYY,asdfkghj
B0DNFDMY4G,asdfkghj
B0DMT67YMZ,asdfkghj
B0DLJVBX9G,asdfkghj
B0DKRPZSPY,asdfkghj
B0DKC7SP9D,asdfkghj
B0DK73HBDZ,asdfkghj
B0DJM3TT2L,asdfkghj
B0DJ516C7M,asdfkghj
B0DHMWGJW6,asdfkghj
B0DGL3WZBP,asdfkghj
B0D9JZQGK2,asdfkghj
B0D2J73MPZ,asdfkghj
B0D1GDG4MK,asdfkghj
B0CZ7GHGRD,asdfkghj
B0D6T8GGBW,asdfkghj
B0039GU8SQ,asdfkghj
B01MY90ALO,asdfkghj
B0DNZCZHXC,asdfkghj
B0DR22NX81,asdfkghj
B0CKFNYPB2,asdfkghj
B08HK243YP,asdfkghj
B0DFQL18MX,asdfkghj
B0DC6MQQVM,asdfkghj
B09BBSPZMR,asdfkghj
B0DJ91H6DN,asdfkghj
B00UXIE2EO,asdfkghj
B07TJKCCTS,asdfkghj
B00B1G3VW6,asdfkghj
B0B1S2TXL7,asdfkghj
B00ERNTKQG,asdfkghj
B078MGZ281,asdfkghj
B0DJC93LGX,asdfkghj
B095QMFSHG,asdfkghj
B0CXCQQQRH,asdfkghj
B01B9ZNBA0,asdfkghj
B0CMQBM8RM,asdfkghj
B08QTNPSH7,asdfkghj
B095T1KZWX,asdfkghj
B0DCZQG6JX,asdfkghj
B07WRT3GNV,asdfkghj
B0DM6NTR4N,asdfkghj
B0CQQ1849F,asdfkghj
B0BNPKXR6Y,asdfkghj
B09T2YDTSK,asdfkghj
B095HY5JSH,asdfkghj
B0DH52B1GD,asdfkghj
B011Q2B0KY,asdfkghj
B087638R1Z,asdfkghj
B010WAD9E6,asdfkghj
B0CWD1PCXH,asdfkghj
B09RQXX7LC,asdfkghj
B0CF1VB1KF,asdfkghj
B0F23GZ27P,asdfkghj
B00HUQCA28,asdfkghj
B0D22V4641,asdfkghj
B0DRVF2MBZ,asdfkghj
B0B3SL4K2N,asdfkghj
B0DKDTH8CD,asdfkghj
B0DFXZ29DB,asdfkghj
B0DK51TYQW,asdfkghj
B0D9GW65TM,asdfkghj
B0D9BPW4BP,asdfkghj
B0B15M7FVZ,asdfkghj
B0D9LHNW9C,asdfkghj
B0BW7JXF1Z,asdfkghj
B0D7BHBMLJ,asdfkghj
B0CGQV5W9S,asdfkghj
B0CSZ5XS2W,asdfkghj
B0DM8LSQ99,asdfkghj
B0CQXBVPY5,asdfkghj
B0C37FVLHV,asdfkghj
B0C2BZ9836,asdfkghj
B09372M9GS,asdfkghj
B0B1MJ3ZV3,asdfkghj
B00VYDI5V8,asdfkghj
B07F64KSNZ,asdfkghj
B0BKZQZ2XM,asdfkghj
B072WLGK2D,asdfkghj
B0DNCYRY31,asdfkghj
B0DQJ5GMXF,asdfkghj
B0DSD9T9YD,asdfkghj
B0DQ3X3JXB,asdfkghj
B07SGWB9L8,asdfkghj
B0DP6LF1MH,asdfkghj
B0C6ZB7VKB,asdfkghj
B0DKSDQC3V,asdfkghj
B0BGN4BVHW,asdfkghj
B0DKBHFPFL,asdfkghj
B0CHYQTKHX,asdfkghj
B0DJVFDBHR,asdfkghj
B0C5GFNRXP,asdfkghj
B0DJ5PWXBP,asdfkghj
B0D94C1GS1,asdfkghj
B0DGG6DSLT,asdfkghj
B09V7SNWMV,asdfkghj
B09V7H8B3V,asdfkghj
B09V2CXQHW,asdfkghj
B09V26PQQY,asdfkghj
B094WDVD51,asdfkghj
B08TKBPLHH,asdfkghj
B0DX1HY7M1,asdfkghj
B0DW3Y4QCM,asdfkghj
B0DTJW1RJ8,asdfkghj
B0DT1C89MF,asdfkghj
B0DSPWQTN8,asdfkghj
B0DS7GJ9S2,asdfkghj
B0DRSP1VGJ,asdfkghj
B0DRRTS7FP,asdfkghj
B0DRBKPRV8,asdfkghj
B0DR6WK8QK,asdfkghj
B0DDPYJH7X,asdfkghj
B00FBLHK60,asdfkghj
B0CFTH91T9,asdfkghj
B000XJDH4E,asdfkghj
B0D2QF1XLD,asdfkghj
B0CM9LP1ML,asdfkghj
B07Y9LC5BM,asdfkghj
B0BQ2N9SMG,asdfkghj
B0DJRMSJZK,asdfkghj
B0B5Z16FCY,asdfkghj
B0DXH8Z23Z,asdfkghj
B0DG88DLD8,asdfkghj
B0DFHHWSQC,asdfkghj
B0CW93ZX2H,asdfkghj
B0BVGT15KP,asdfkghj
B0BLJ9HHKJ,asdfkghj
B0DQLBSBCR,asdfkghj
B0DQKWL87L,asdfkghj
B0DJQ8JSB7,asdfkghj
B0DGTMQLX3,asdfkghj
B0DG8TDFPQ,asdfkghj
B0DG7RGLTM,asdfkghj
B0DCSCSH87,asdfkghj
B0DBGYD94K,asdfkghj
B0D8G1KBK4,asdfkghj
B0D6JY5R1F,asdfkghj
B0D6FLSF69,asdfkghj
B0D47JBCW4,asdfkghj
B0D2LRSCT9,asdfkghj
B0CZ4HFN5M,asdfkghj
B0CYBZB3GB,asdfkghj
B0CW65DXYP,asdfkghj
B0CT7NK21P,asdfkghj
B0CT5F9XN5,asdfkghj
B0CSK2X3GZ,asdfkghj
B0CPPFCLXZ,asdfkghj
B0CLJDVRMZ,asdfkghj
B0CHX99HZR,asdfkghj
B0BLR9SFDQ,asdfkghj
B0B7JSBYRF,asdfkghj
B09ZQBKMFT,asdfkghj
B09VGFF17R,asdfkghj
B09V6ZBWWD,asdfkghj
B09C15FJSW,asdfkghj
B08TM5DXX2,asdfkghj
B08S7F4D46,asdfkghj
B08DQZD49Z,asdfkghj
B07VPX9G1V,asdfkghj
B07VJHMXBY,asdfkghj
B0DS1T9SLR,asdfkghj
B0CQWNWL3J,asdfkghj
B0CFQGJ79Y,asdfkghj
B07Y34J7LK,asdfkghj
B09DY54L7M,asdfkghj
B0CWKQ15K2,asdfkghj
B07VT4Z3JK,asdfkghj
B07HYZM9S4,asdfkghj
B08X6K1KVY,asdfkghj
B00YWWWW62,asdfkghj
B078BXLFKP,asdfkghj
B0DHVDCHS4,asdfkghj
B0CJJ4C1KW,asdfkghj
B0CCFM19CD,asdfkghj
B08KJHNKTT,asdfkghj
B0DLH4BLPR,asdfkghj
B0CY22NYC5,asdfkghj
B0CXXJTVMY,asdfkghj
B0CX4MGVR6,asdfkghj
B0CRR777B9,asdfkghj
B0CJXV9K2L,asdfkghj
B0BJ6NZ29Q,asdfkghj
B0B7HMNHXW,asdfkghj
B0B28D2GD9,asdfkghj
B0B1WFBB6G,asdfkghj
B09SPDYVQ3,asdfkghj
B0DKNQBWVB,asdfkghj
B0DP2LSPD7,asdfkghj
B01MYF7YX5,asdfkghj
B0C33HYFNN,asdfkghj
B0C717GBG8,asdfkghj
B0C5C1FNPM,asdfkghj
B0DM5RN5TF,asdfkghj
B08VJKZCM3,asdfkghj
B0DKDT5GB1,asdfkghj
B0D1RL6DBN,asdfkghj
B0CLCKPP3B,asdfkghj
B0C9FY5KXR,asdfkghj
B0CPWC18LC,asdfkghj
B0C6HFZ9ZK,asdfkghj
B098BMG84P,asdfkghj
B0DGSN7YCV,asdfkghj
B09SVWVG4P,asdfkghj
B08YD3Y694,asdfkghj
B0CKLZ9JYV,asdfkghj
B0CXZPJ3YM,asdfkghj
B0CNR7H8L4,asdfkghj
B0C8HRQ29Q,asdfkghj
B0CKM1P6BW,asdfkghj
B0BYPM9N6H,asdfkghj
B09QT4P7BP,asdfkghj
B0B7Y1TLF6,asdfkghj
B09PXYS9NX,asdfkghj
B0B6DSH7DW,asdfkghj
B08D3W7NNF,asdfkghj
B0B1BSPJ4D,asdfkghj
B07W76GH4L,asdfkghj
B09VLFGHLQ,asdfkghj
B0DGLTFVSL,asdfkghj
B01N5LBRWT,asdfkghj
B09VFJ2QNN,asdfkghj
B09BF13PCH,asdfkghj
B07FMGBVZN,asdfkghj
B01HWVSJZM,asdfkghj
B0CWMYMPV6,asdfkghj
B0CBQW9SHC,asdfkghj
B07PFF4JGC,asdfkghj
B01K7ZOL9I,asdfkghj
B0CPWT7XJ2,asdfkghj
B07G7CGXJX,asdfkghj
B01LD460QE,asdfkghj
B0DZW2N14S,asdfkghj
B0DXFDFW2D,asdfkghj
B0DTDC8HJV,asdfkghj
B0DT8ZTKMH,asdfkghj
B0DSPWQP68,asdfkghj
B0DSP3CRYY,asdfkghj
B0DRZY86MW,asdfkghj
B0DRCPCYJS,asdfkghj
B0DR2MB1SF,asdfkghj
B0DR1QQQYB,asdfkghj
B0DJP8JF7J,asdfkghj
B0D9NXQKSD,asdfkghj
B0D22YM892,asdfkghj
B0CRL79BQN,asdfkghj
B0CKCMV2G4,asdfkghj
B0CJV21TDN,asdfkghj
B0C1PCHXCJ,asdfkghj
B0BYRKZDY4,asdfkghj
B0BLZMSD87,asdfkghj
B0B8QTKBW4,asdfkghj
B07DBX8WBY,asdfkghj
B06Y2J8HN8,asdfkghj
B0040Z1FS2,asdfkghj
B0DDB8DWRB,asdfkghj
B0DCBTLVZV,asdfkghj
B0DC4L2CJZ,asdfkghj
B0D3FX9D2T,asdfkghj
B0CZ6F4955,asdfkghj
B0CY1RZZST,asdfkghj
B0CVV49JVK,asdfkghj
B0CTRYRK37,asdfkghj
B0CSWJGCGP,asdfkghj
B0CRHJS4CT,asdfkghj
B0CLLPYDCR,asdfkghj
B0CKXVKRQ6,asdfkghj
B0BRWH9Q1W,asdfkghj
B09WKHSCJ3,asdfkghj
B09Q8RWH44,asdfkghj
B09F96WYR9,asdfkghj
B0CXP9TFS2,asdfkghj
B0CQP8TS5K,asdfkghj
B0CPWQZ4ZW,asdfkghj
B0C5SGQBVL,asdfkghj
B0DH1SQ3SJ,asdfkghj
B0C2CXMFPP,asdfkghj
B0DHS1Z5WT,asdfkghj
B08332RNFB,asdfkghj
B0DDTRRQH4,asdfkghj
B0BXC9VCFB,asdfkghj
B07VNVRPKG,asdfkghj
B0036OJEFO,asdfkghj
B0DNQJ2FKG,asdfkghj
B0DNMPK6KC,asdfkghj
B0DLH6LZ4H,asdfkghj
B0DJT88YMV,asdfkghj
B097PVW3SP,asdfkghj
B08J3RH2RM,asdfkghj
B08BC6FD3T,asdfkghj
B07YTG86WS,asdfkghj
B071R6Y3F3,asdfkghj
B0DHH57RNK,asdfkghj
B0DK8S23VN,asdfkghj
B0C2PGD8JN,asdfkghj
B0DS2BKBJH,asdfkghj
B0D53FZ7W3,asdfkghj
B0CJFCQBYT,asdfkghj
B0D93NJRWB,asdfkghj
B01M60UY8A,asdfkghj
B0D2PCRNWJ,asdfkghj
B00JI715QO,asdfkghj
B09BN5NHTZ,asdfkghj
B0CT5KYY4H,asdfkghj
B0CTGY3BGL,asdfkghj
B08DZWVG2L,asdfkghj
B0CLXHTCY8,asdfkghj
B082FJ2KKZ,asdfkghj
B0C4ZNH356,asdfkghj
B0DH4KW2ZL,asdfkghj
B000UTPLGO,asdfkghj
B0D924TBSJ,asdfkghj
B0D47PN621,asdfkghj
B0D6YK8W23,asdfkghj
B074XBPNV6,asdfkghj
B0CPKVB14V,asdfkghj
B0C96F29YZ,asdfkghj
B0D5QX83WN,asdfkghj
B07YF7SGWN,asdfkghj
B01H5OR498,asdfkghj
B0C7LV57NZ,asdfkghj
B003NTXUV6,asdfkghj
B0CNT6SWYG,asdfkghj
B085C3HFF1,asdfkghj
B0DC69DZX9,asdfkghj
B0DLL5ZM5H,asdfkghj
B0CTLN4HDV,asdfkghj
B07VQPN42W,asdfkghj
B01BXII1HQ,asdfkghj
B0C7KRR3XT,asdfkghj
B0BY87LR29,asdfkghj
B0BLYVY8SC,asdfkghj
B0B4MMSGQR,asdfkghj
B09CT4HPZG,asdfkghj
B092376J8G,asdfkghj
B08J78Z58X,asdfkghj
B078WSWSWX,asdfkghj
B08RP7VTGY,asdfkghj
B09X2L5XY2,asdfkghj
B0CR1HZFTY,asdfkghj
B09TDR3NL3,asdfkghj
B07RXNCNZX,asdfkghj
B0CJ55HQJQ,asdfkghj
B0DTBR7R7S,asdfkghj
B0D3G24SJ2,asdfkghj
B0D1C9Q7Z1,asdfkghj
B0CZHJPQPL,asdfkghj
B0CXPPJ4JK,asdfkghj
B0CSYHHCH7,asdfkghj
B0CSKG6X79,asdfkghj
B0CLRPMM43,asdfkghj
B0CJM36WL1,asdfkghj
B0CB5X4HLZ,asdfkghj
B00100JCYY,asdfkghj
B09YR1HV9T,asdfkghj
B0CGRFZTJK,asdfkghj
B0C5MC5TY1,asdfkghj
B0C3LSN9KF,asdfkghj
B0BNBXJX33,asdfkghj
B093V6BCV9,asdfkghj
B00EF4YVFM,asdfkghj
B0DQLKT16G,asdfkghj
B0CC29ZDHZ,asdfkghj
B000087KY9,asdfkghj
B0DY22HNJ9,asdfkghj
B0DSJBFFBT,asdfkghj
B0DLJT9JC4,asdfkghj
B0CTKKW7Q5,asdfkghj
B0C2HH1JNF,asdfkghj
B08XJR2DJ6,asdfkghj
B07C3PZ7GN,asdfkghj
B0C27ZV8S4,asdfkghj
B0BX9567FC,asdfkghj
B0B45RJ7XZ,asdfkghj
B07RSVFLM6,asdfkghj
B07FQTFMYX,asdfkghj
B07B4J94QD,asdfkghj
B0DPXJF9S4,asdfkghj
B00ESNVNPQ,asdfkghj
B0DB67F4JN,asdfkghj
B09HBJS3JP,asdfkghj
B0DT9GBGDF,asdfkghj
B0DJTDN7CP,asdfkghj
B0DL37LF4C,asdfkghj
B07HYJN1GB,asdfkghj
B0D9Q5ZRSX,asdfkghj
B0D6QJTGN5,asdfkghj
B0CQLVX3KZ,asdfkghj
B07Z56N15Z,asdfkghj
B0CSD1T53B,asdfkghj
B0CM71HCTL,asdfkghj
B00N8ODBUQ,asdfkghj
B0D65TR5M9,asdfkghj
B0CDX3LNH4,asdfkghj
B0DB7TFMGC,asdfkghj
B0D2NS275N,asdfkghj
B0CQYKJFZ4,asdfkghj
B09X699X1D,asdfkghj
B0CS611GGM,asdfkghj
B0C572T6G5,asdfkghj
B0C44J1CWR,asdfkghj
B0DS41WLVS,asdfkghj
B0BQ3686JJ,asdfkghj
B0D6QZJ3S5,asdfkghj
B0DK2VR97P,asdfkghj
B0C2Z5N3LR,asdfkghj
B08ZMQM11C,asdfkghj
B0DJVHM95G,asdfkghj
B0D14P14NG,asdfkghj
B0DCW7332M,asdfkghj
B0CXJ1CV1V,asdfkghj
B0B5T6GQRQ,asdfkghj
B0CW5R3Y8L,asdfkghj
B0DJS8PJDR,asdfkghj
B0CTGX4H6Y,asdfkghj
B0BZSYYYMJ,asdfkghj
B0CSSFQ8D8,asdfkghj
B09DSMN5WG,asdfkghj
B0CP8VJ2GJ,asdfkghj
B0CYKNRGZF,asdfkghj
B0CJJ1GLVG,asdfkghj
B0CWQCS3TW,asdfkghj
B0CG1PBVGT,asdfkghj
B0CJBN6PKG,asdfkghj
B0CFLB12LX,asdfkghj
B0CWH4GFLM,asdfkghj
B0924CMFQN,asdfkghj
B0DDCGLR8Q,asdfkghj
B088C53KNS,asdfkghj
B0D7HD52TM,asdfkghj
B07GH4FPG3,asdfkghj
B0D7M3M5SK,asdfkghj
B0DBDQG8FP,asdfkghj
B0DSW6WKJ2,asdfkghj
B0BY8ZZXD1,asdfkghj
B0D3KM75SN,asdfkghj
B07Z22X6NC,asdfkghj
B0DW3VJN7L,asdfkghj
B0DCNHQNDG,asdfkghj
B0BZPLMMFZ,asdfkghj
B0BL8H6324,asdfkghj
B0DKWCCRTB,asdfkghj
B0DJ71BW72,asdfkghj
B0CRD1NTNK,asdfkghj
B07B1RXVW1,asdfkghj
B0D9Y27B5F,asdfkghj
B0BWJT77L5,asdfkghj
B0B9H46W8S,asdfkghj
B0DJV7K46Y,asdfkghj
B07FD2PH52,asdfkghj
B0D48VFBMX,asdfkghj
B0CJRJBNF6,asdfkghj
B0BQQX8TVZ,asdfkghj
B0BJNT36Q2,asdfkghj
1944135839,asdfkghj
B0DB7SQRGV,asdfkghj
B0DQSLV3NL,asdfkghj
B0BG5NCM77,asdfkghj
B0DHN582KX,asdfkghj
B0BY4R1QNS,asdfkghj
B0DGFR3J5J,asdfkghj
B0BD8C6626,asdfkghj
B0DF39552V,asdfkghj
B0D4VY77YV,asdfkghj
B0DCVWMF25,asdfkghj
B0CW999QGX,asdfkghj
B0DCC9YB19,asdfkghj
B0D9H94VS4,asdfkghj
B0D6VVCKXL,asdfkghj
B0DGT3KCH6,asdfkghj
B0D1YD5XDZ,asdfkghj
B0DP9BTDFW,asdfkghj
B0D2WGDW84,asdfkghj
B0CSXJF31F,asdfkghj
B0BWDPVP7T,asdfkghj
B0BJDVZSWP,asdfkghj
B0B7479YT3,asdfkghj
B0B4CB7PSP,asdfkghj
B09DFWWPB6,asdfkghj
B0DWD8WMKF,asdfkghj
B0DW437FDS,asdfkghj
B0DT3YYBYX,asdfkghj
B0DSTWNW28,asdfkghj
B0DSHP7DY3,asdfkghj
B0DSG22GT4,asdfkghj
B0DS5XKB7R,asdfkghj
B0DS5Q81YC,asdfkghj
B0DRYGW2W3,asdfkghj
B0DR6Y6G5N,asdfkghj
B0DQ48TT8R,asdfkghj
B0DPWYBR7X,asdfkghj
B0DPL5SNNH,asdfkghj
B0DPKNDCBT,asdfkghj
B0DMNL54VS,asdfkghj
B0DJSWT9LW,asdfkghj
B0DGL849SY,asdfkghj
B0DFH2YNNY,asdfkghj
B0DFGT156N,asdfkghj
B0DCZD1122,asdfkghj
B0DCSHB8Q1,asdfkghj
B0D86QG2HL,asdfkghj
B0D6VMZGCB,asdfkghj
B0D5D3ZL8V,asdfkghj
B0D5D3SKN3,asdfkghj
B0CYQ72MH7,asdfkghj
B0CXTJD7RK,asdfkghj
B0CS8Y3BQX,asdfkghj
B0CQMT9W3S,asdfkghj
B0CMCJXY5Y,asdfkghj
B0CL4S87YN,asdfkghj
B0CDLJNXV4,asdfkghj
B0CCW8KKS9,asdfkghj
B0CBMT7FYY,asdfkghj
B0C147XPZC,asdfkghj
B0BJVFDSWX,asdfkghj
B09YH45W77,asdfkghj
B09R284MFD,asdfkghj
B08YJG88RX,asdfkghj
B00W2F4KRA,asdfkghj
B0062CQO1E,asdfkghj
B0CCRYLQ2R,asdfkghj
B0DPMKQM51,asdfkghj
B0055RME2U,asdfkghj
B00Q2L3PZI,asdfkghj
B0B6PQ3B8N,asdfkghj
B0B2KCH2TG,asdfkghj
B0CNVDPK1L,asdfkghj
B0DGL5BV8S,asdfkghj
B0CHCCCJDK,asdfkghj
B088D21MY2,asdfkghj
B0DB914L5D,asdfkghj
B0DC6FBMK5,asdfkghj
B0CJC9DW9N,asdfkghj
B09R1XKFWR,asdfkghj
B0BDQPLGBM,asdfkghj
B0CBBQ3MYB,asdfkghj
B0BKSMNBTG,asdfkghj
B09RJ8Y789,asdfkghj
B0D9X2P1BP,asdfkghj
B0BNL4F5KL,asdfkghj
B0BGHGS7YJ,asdfkghj
B0CJNXMHC2,asdfkghj
B07QMHFYG7,asdfkghj
B09D7M9JSN,asdfkghj
B0DDTN8XHP,asdfkghj
B0D5NF4YB9,asdfkghj
B0CTD2KZT9,asdfkghj
B07LFPSHVW,asdfkghj
B0BRV2RD75,asdfkghj
B0C6T575S2,asdfkghj
B0BNFSV4SF,asdfkghj
B0915F8DP4,asdfkghj
B0DHMT5G1Z,asdfkghj
B0BR15DHQD,asdfkghj
B0CWDWJN9Z,asdfkghj
B09ZWB7HDM,asdfkghj
B0CCT9QN2F,asdfkghj
B097QHYZD4,asdfkghj
B0D947T2P4,asdfkghj
B0DMVMS79V,asdfkghj
B0CP1PHXQV,asdfkghj
B0DJX3GVH6,asdfkghj
B0CNYY35MS,asdfkghj
B08L7LMTVK,asdfkghj
B0CJHY5DVT,asdfkghj
B0DQ6JP67F,asdfkghj
B0C4HK5DX4,asdfkghj
B0BKGVNT33,asdfkghj
B0DW43J5B8,asdfkghj
B086S5SX4N,asdfkghj
B0DS7NM92S,asdfkghj
B0D2GSHB15,asdfkghj
B0DPFZ4HXR,asdfkghj
B007248K7W,asdfkghj
B0DM1WY6D1,asdfkghj
B0BP24C91Y,asdfkghj
B0DJSLV2XK,asdfkghj
B0CTG7X3WT,asdfkghj
B0DHP35LPK,asdfkghj
B0856YLWGB,asdfkghj
B0DH2G37RG,asdfkghj
B0DP3YT31Q,asdfkghj
B0DF2B99Q2,asdfkghj
B0D4QFN9GJ,asdfkghj
B0B9FZP73J,asdfkghj
B086RM3WWG,asdfkghj
B09NJHZLYS,asdfkghj
B0DCMX4CT7,asdfkghj
B09N3HWFQD,asdfkghj
B00VBVJ760,asdfkghj
B09H7JGLLN,asdfkghj
B0CG375WGX,asdfkghj
B092TQVDZC,asdfkghj
B0DCMHZSTT,asdfkghj
B087RBXBWR,asdfkghj
B0DDX5T6TQ,asdfkghj
B08HH7H7BL,asdfkghj
B0D44SPBN4,asdfkghj
B0CWLQT7QV,asdfkghj
B0C5M9T4Z3,asdfkghj
B09SVGQW69,asdfkghj
B0995FJ97G,asdfkghj
B0D7CJPVTG,asdfkghj
B0CB112WFW,asdfkghj
B0BJQ5PV6B,asdfkghj
B08T1P6W3P,asdfkghj
B08B3V2YHH,asdfkghj
B0D7X3BML6,asdfkghj
B0D4QGV1WL,asdfkghj
B0C22DXF29,asdfkghj
B0BX8LQ5YD,asdfkghj
B09J4MM6T9,asdfkghj
B085QCP7J6,asdfkghj
B014JSTW02,asdfkghj
B0DJ3KNLX2,asdfkghj
B0D8JNXVPY,asdfkghj
B0D7D9FWYH,asdfkghj
B0933G81MT,asdfkghj
B00D38EF0C,asdfkghj
B009HZ8PT2,asdfkghj
B000MNCDCI,asdfkghj
B0DZX4DDG6,asdfkghj
B0DXTTJZBQ,asdfkghj
B0DVLRZ3RJ,asdfkghj
B0DTZ4X6BN,asdfkghj
B0DTSWRYVN,asdfkghj
B0DT5HTKG6,asdfkghj
B0DT4LK9HT,asdfkghj
B0DT3MXW66,asdfkghj
B0DT1DD6V6,asdfkghj
B0DT16SG16,asdfkghj
B0DSZLHJXH,asdfkghj
B0DSWND9X6,asdfkghj
B0DSVW2VJK,asdfkghj
B0DSVPWG7Z,asdfkghj
B0DSVKV29X,asdfkghj
B0DSSHG85L,asdfkghj
B0DRP76JSQ,asdfkghj
B0DRP6JVFG,asdfkghj
B0DRJ93FQL,asdfkghj
B0DRBCPFMJ,asdfkghj
B0DR2S8CFY,asdfkghj
B0DQD4TQ36,asdfkghj
B0DQ3KWBRB,asdfkghj
B0DPXJH835,asdfkghj
B0DPX42VD6,asdfkghj
B0DPNBXTS7,asdfkghj
B0DPKP1G9S,asdfkghj
B0DD3C23GH,asdfkghj
B0DD298NX6,asdfkghj
B0DBQQ3K6J,asdfkghj
B0CZDMD146,asdfkghj
B0D3PXSTMW,asdfkghj
B0BDFDF4LX,asdfkghj
B0CS5VC9TD,asdfkghj
B0DG5CLYDB,asdfkghj
B0CKXZ1YD3,asdfkghj
B0DMQ2SPHH,asdfkghj
B0C5HX44FR,asdfkghj
B0DK58L17K,asdfkghj
B0C4GL3FXB,asdfkghj
B0DK5FG151,asdfkghj
B0BXKJW1V2,asdfkghj
B0CKGQTSZD,asdfkghj
B0DNSWSFDK,asdfkghj
B0DMZQL47C,asdfkghj
B0DMSSFDX1,asdfkghj
B0DLK2S8BK,asdfkghj
B0DLH4P7MC,asdfkghj
B0DL9V7F5C,asdfkghj
B0DL5QF5YB,asdfkghj
B0DKXV53LL,asdfkghj
B0DHKSPF7Z,asdfkghj
B0DFQC777B,asdfkghj
B0DFH7R163,asdfkghj
B0DDJ7XJL1,asdfkghj
B0DDBTS4GL,asdfkghj
B0DCVGLRN2,asdfkghj
B0D9XPPF7L,asdfkghj
B0D9J8QXKP,asdfkghj
B0CLYZ3TQJ,asdfkghj
B0CLDF9X16,asdfkghj
B0CC6J7S8Z,asdfkghj
B0C9539C5B,asdfkghj
B0C7HXMM1R,asdfkghj
B0BSGQXG3M,asdfkghj
B0B18GDXQM,asdfkghj
B09D7TP9XT,asdfkghj
B086KXFNWK,asdfkghj
B0D95WQKQS,asdfkghj
B0D928VFYP,asdfkghj
B0D8T1R8SP,asdfkghj
B0D88BLM6C,asdfkghj
B0D875R159,asdfkghj
B0D6W5RF9M,asdfkghj
B0D66C17HT,asdfkghj
B0D5JGHCNP,asdfkghj
B0D34LCPPK,asdfkghj
B0D2W47F81,asdfkghj
B0CZST6TSJ,asdfkghj
B0CSYRCC3T,asdfkghj
B0CR458KRR,asdfkghj
B0CPMCXP1R,asdfkghj
B0CP4D8BRX,asdfkghj
B0CN8M9MJ3,asdfkghj
B0DB1ZB48L,asdfkghj
B07PY57B8J,asdfkghj
B0BVQYHWY6,asdfkghj
B0DN6PPJTM,asdfkghj
B07TK27JF1,asdfkghj
B09YH7TJ4G,asdfkghj
B0DFP6RJ9L,asdfkghj
B0DG7LF1YT,asdfkghj
B00FXOFXC8,asdfkghj
B08M49DBZZ,asdfkghj
B0DT6BJ6JL,asdfkghj
B0BLV817QX,asdfkghj
B0DS5ZFFPY,asdfkghj
B0CHMS42ZL,asdfkghj
B0DRJ61P6W,asdfkghj
B0CF9F159D,asdfkghj
B0DCMRLN91,asdfkghj
B0DQKM835T,asdfkghj
B0CCRDS31T,asdfkghj
B0CSVK2KFC,asdfkghj
B0CXJCCNRJ,asdfkghj
B0DK17T3QQ,asdfkghj
B09NZBFN76,asdfkghj
B0DCJFGTJ5,asdfkghj
9985588665,asdfkghj
B0C5XR73Q8,asdfkghj
B0D7397B4T,asdfkghj
B0CF9PF593,asdfkghj
B0B6GDQS1G,asdfkghj
B09YPX7VJH,asdfkghj
B0D93SZQW3,asdfkghj
B0DJ23K4D2,asdfkghj
B0CHF2WJ2B,asdfkghj
B0CTYD5GQL,asdfkghj
B0BP49MPH7,asdfkghj
B09QKVTQCG,asdfkghj
B08NCZ2PW5,asdfkghj
B0BY4DG4QC,asdfkghj
B09HH7WGRW,asdfkghj
B07V1GX6HL,asdfkghj
B0CGS2KTPF,asdfkghj
B07NSD6M4J,asdfkghj
B0DFW56N5F,asdfkghj
B0CHWLWJCV,asdfkghj
B0DK8VB15V,asdfkghj
B0D9W19131,asdfkghj
B0D1VL3QRX,asdfkghj
B0D6BLVNSL,asdfkghj
B0C3V55WW5,asdfkghj
B0DR5N3Y69,asdfkghj
B096QRTHCT,asdfkghj
B0DQQ5M1V6,asdfkghj
B0BZ59NVYW,asdfkghj
B0DHXSNT9Q,asdfkghj
B083FY91JP,asdfkghj
B0D9Y8DC4X,asdfkghj
B0DJ73J5GG,asdfkghj
B0D3V4XFSC,asdfkghj
B0BPXYFKTY,asdfkghj
B0CZ9J1M8L,asdfkghj
B0CNN412NL,asdfkghj
B0CZ74F8ZN,asdfkghj
B0B47P1NYN,asdfkghj
B0CSW4J7NV,asdfkghj
B0D4KS5GF2,asdfkghj
B096KCCBJH,asdfkghj
B0CTYH9VZ1,asdfkghj
B075PY4MS6,asdfkghj
B06ZYBM5MQ,asdfkghj
B015NW1CAG,asdfkghj
B0D62PVP28,asdfkghj
B0C1HGYHSQ,asdfkghj
B07447NBPG,asdfkghj
B0DJN27D2W,asdfkghj
B0CYH5N27Q,asdfkghj
B0D3CZMLWL,asdfkghj
B0DT3VJF6C,asdfkghj
B0CZNJN4S9,asdfkghj
B0CP3M2BM3,asdfkghj
B0DKTBM8VS,asdfkghj
B0CY7193CX,asdfkghj
B0BZ8366Y2,asdfkghj
B0BRG8V5QP,asdfkghj
B0DS4ZLNH6,asdfkghj
B0CL4HRFM2,asdfkghj
B0CDCBG6PL,asdfkghj
B087YKM6KS,asdfkghj
B075V5FTVJ,asdfkghj
B013TFXL12,asdfkghj
B0D1SCFGP8,asdfkghj
B0CB8GM871,asdfkghj
B0B6FP92F1,asdfkghj
B0D1CLXJCZ,asdfkghj
B0CTR36KK9,asdfkghj
B07TJZYR94,asdfkghj
B0DN6PLL11,asdfkghj
B0DB5KLVCW,asdfkghj
B0D5BBQH36,asdfkghj
B0CTJ7FW5T,asdfkghj
B07DLL262T,asdfkghj
B0DZLXWW1S,asdfkghj
B0DXGLPCVZ,asdfkghj
B0DTHS12F1,asdfkghj
B0DT4CGYJX,asdfkghj
B0DT18RWX6,asdfkghj
B0DSXKZQVZ,asdfkghj
B0DSVYC39W,asdfkghj
B0DSHMJ7R6,asdfkghj
B0DS22KPC3,asdfkghj
B0DS22CDNQ,asdfkghj
B0DR8M9JQH,asdfkghj
B0DQQCKVQ3,asdfkghj
B0DN1D9P5B,asdfkghj
B0CQP91SFQ,asdfkghj
B0D5LFDNN2,asdfkghj
B0CPJKNZ55,asdfkghj
B0C64SF6MC,asdfkghj
B0CLCDCDY2,asdfkghj
B01BDCAWUG,asdfkghj
B0CKZFC9Z3,asdfkghj
B0DJQXXCNP,asdfkghj
B0CKRWWJCD,asdfkghj
B0CFXRW2JT,asdfkghj
B0CF277JMD,asdfkghj
B09WZB2QVV,asdfkghj
B0BDPMCV3P,asdfkghj
B0CCSJ7JFF,asdfkghj
B0B4ZLFP95,asdfkghj
B0DQPKG1FH,asdfkghj
B0DP8STLH8,asdfkghj
B0DP6Q98RL,asdfkghj
B0DNQ5C3CP,asdfkghj
B0DNFHF393,asdfkghj
B0DMV9JFPW,asdfkghj
B0DMNNKJK8,asdfkghj
B0DM8QYBRL,asdfkghj
B0DL5N96WW,asdfkghj
B0DKBQ5H1P,asdfkghj
B0DK8Y8RZX,asdfkghj
B0DJVP35VY,asdfkghj
B0DJ5SN9P9,asdfkghj
B0DJ2NMXY6,asdfkghj
B0DG2WTZ4Y,asdfkghj
B0DDNL4S2C,asdfkghj
B0DCV682C1,asdfkghj
B0DCN74BJX,asdfkghj
B0D86977XY,asdfkghj
B0D76CG468,asdfkghj
B0D6NL6B5H,asdfkghj
B0D22W1VH2,asdfkghj
B0CZLF93JH,asdfkghj
B0CZGZ886P,asdfkghj
B0CZ722G8X,asdfkghj
B0CYQWPJH9,asdfkghj
B0CY4HQXKX,asdfkghj
B0CXXP8VF7,asdfkghj
B0CWVB24M1,asdfkghj
B0CWNC6ZPF,asdfkghj
B0CV82Y5KH,asdfkghj
B0CSZ1ZG6W,asdfkghj
B0CQMFG37M,asdfkghj
B0CNGH47CZ,asdfkghj
B0CN2LYH6Y,asdfkghj
B0CLV65SXN,asdfkghj
B0CJPGCGBL,asdfkghj
B0CJMB1Y6J,asdfkghj
B0CGZRYFRB,asdfkghj
B0CCD198F6,asdfkghj
B0CC6K4VFS,asdfkghj
B0C8CB157B,asdfkghj
B0C3QWN352,asdfkghj
B0BZWZNL18,asdfkghj
B0BXXLPMJ6,asdfkghj
B0BQDPXJJV,asdfkghj
B0BMQ2WTVX,asdfkghj
B0BKQZFNJ6,asdfkghj
B09WTKXM67,asdfkghj
B0995GM3NR,asdfkghj
B084YDRTMC,asdfkghj
B00T7T6BTE,asdfkghj
837458002X,asdfkghj
B0C9D53FKM,asdfkghj
B072HXNRT2,asdfkghj
B0D9SQS29M,asdfkghj
B0DW4363KN,asdfkghj
B09NL4KMYP,asdfkghj
B0DRYNJLYZ,asdfkghj
B0DM1ZWV6T,asdfkghj
B0DNTYTTNR,asdfkghj
B0D4CRRT62,asdfkghj
B0DLN4KTPM,asdfkghj
B0DXFWT75C,asdfkghj
B0D78Z5L4S,asdfkghj
B0D5LPJR5D,asdfkghj
B0D5B67F84,asdfkghj
B0CXPDJP71,asdfkghj
B0CT5X6WXQ,asdfkghj
B075TLSWC4,asdfkghj
B0CQPR7C19,asdfkghj
B0D49BDC7J,asdfkghj
B0CD1YLZPH,asdfkghj
B0D9L8KH39,asdfkghj
B0CC5CZLP4,asdfkghj
B0BJYZ4N98,asdfkghj
B0C6V3TDGX,asdfkghj
B08LVHYQWG,asdfkghj
B09G97RMKP,asdfkghj
B004PCJTR4,asdfkghj
B07543CLDL,asdfkghj
B0BFDK2JQT,asdfkghj
B0CSN4R3TQ,asdfkghj
B0DCYZ4W4X,asdfkghj
B0CKZ2RK16,asdfkghj
B0CGKY5HD4,asdfkghj
B07WSCNMC3,asdfkghj
B0BPTDSG26,asdfkghj
B0CYFY9Z6Y,asdfkghj
B0CG27KHK4,asdfkghj
B0DDGWPVJM,asdfkghj
B0CN2P7NDS,asdfkghj
B0BY39K7TG,asdfkghj
B07CXCWX4J,asdfkghj
B0BRSNTR9D,asdfkghj
B0171WL21U,asdfkghj
B0DP2SGNRL,asdfkghj
B0D41LLD1Z,asdfkghj
B0C4L2CBG7,asdfkghj
B08GPBQ595,asdfkghj
B0DHFWMDTD,asdfkghj
B0CQC5KM1G,asdfkghj
B0BYJW5FS2,asdfkghj
B0BRSXQT6J,asdfkghj
B0BR8VK6J9,asdfkghj
B0BJQ3VHWH,asdfkghj
B0BJ6GZX9Y,asdfkghj
B0BB8BWPD6,asdfkghj
B00622FI8E,asdfkghj
B001C6JA2A,asdfkghj
1802810099,asdfkghj
B0F327Q8VR,asdfkghj
B0DT1FHJPR,asdfkghj
B0DSWMSC5N,asdfkghj
B0DSVTFX1R,asdfkghj
B0DS23QM4P,asdfkghj
B0DRVC87CS,asdfkghj
B0DRJTYYQ7,asdfkghj
B0DQKPR663,asdfkghj
B0DQ891Y2P,asdfkghj
B0DPPJ279Y,asdfkghj
B0DN1KZH2G,asdfkghj
B0DLG1MVKN,asdfkghj
B0DK77JJBQ,asdfkghj
B0DK732WK7,asdfkghj
B0DJ8N5CCX,asdfkghj
B0DH4C4FXK,asdfkghj
B0DFYPMBL5,asdfkghj
B0D41CVLSQ,asdfkghj
B0CWS9YLKT,asdfkghj
B0CWN2D2L9,asdfkghj
B0CWN1GS7M,asdfkghj
B0CRNQ1PRZ,asdfkghj
B0C5X2KLZT,asdfkghj
B0DPZPDS7L,asdfkghj
B08W78VJWP,asdfkghj
B000BUT9VU,asdfkghj
B0DHKH28FH,asdfkghj
B0DKXF3832,asdfkghj
B08MQ5SWTV,asdfkghj
B07Q31WDCQ,asdfkghj
B0BXYS7RWL,asdfkghj
B0BVGGX7N2,asdfkghj
B0C38LVMJF,asdfkghj
B002OOURQM,asdfkghj
B07Q958VPZ,asdfkghj
B08TV5ZYXR,asdfkghj
B0C9Q3RT7Z,asdfkghj
B0CQQGYTC4,asdfkghj
B0DK9RZQGS,asdfkghj
B0BPFNZMZG,asdfkghj
B072ZLVPTD,asdfkghj
B0DJRV2Q38,asdfkghj
B0CHWYFRCY,asdfkghj
B01HGX8ZXM,asdfkghj
B0DJ9Y9SMR,asdfkghj
B0BNQT1SJ6,asdfkghj
B00NMVUTXM,asdfkghj
B0DB2CG43J,asdfkghj
B0CQRDT8Q4,asdfkghj
B004BYLXA2,asdfkghj
B0D87PVMGQ,asdfkghj
B0DNMWR54Y,asdfkghj
B0015H4IMS,asdfkghj
B0D2NL4ZS9,asdfkghj
B0CR3SZQXY,asdfkghj
B0CPPG4W4V,asdfkghj
B0CPLWKBRR,asdfkghj
B0CFFQQ69S,asdfkghj
B0CDPN2HSN,asdfkghj
B0BY1J8KPN,asdfkghj
B0BKHDPHTR,asdfkghj
B09YCZ18FN,asdfkghj
B09VBHZS5W,asdfkghj
B09S5NK1KD,asdfkghj
B09FZKWKS4,asdfkghj
B08C75WDHF,asdfkghj
B000V72AZU,asdfkghj
B0C1HD3FPJ,asdfkghj
B0DLKMV3HN,asdfkghj
B0CJP7HX7F,asdfkghj
B07DJWH1MV,asdfkghj
B0DX2C328S,asdfkghj
B0BLGY2CZ1,asdfkghj
B07QK5CY6Z,asdfkghj
B09NSZP8N3,asdfkghj
B072WDXBWW,asdfkghj
B09T65WM3S,asdfkghj
B0DNWT8B94,asdfkghj
B077R4K3SR,asdfkghj
B0CM1BNDNC,asdfkghj
B0DRBGNKN7,asdfkghj
B0CRK1VJSG,asdfkghj
B07KTMDQRC,asdfkghj
B01CZOI53M,asdfkghj
B0DR2R4X7M,asdfkghj
B0C388RXPF,asdfkghj
B012AN18PU,asdfkghj
B09GRVKS55,asdfkghj
B0DPYW6DWT,asdfkghj
B0BXXDP2NX,asdfkghj
B01180FCR6,asdfkghj
B0D94VX6DL,asdfkghj
B0DPQCJTRT,asdfkghj
B0D2KXXV8D,asdfkghj
B08VSCWYZR,asdfkghj
B0DK9SRH2Z,asdfkghj
B0C5H7868K,asdfkghj
B076TF2N63,asdfkghj
B09VZZV3DZ,asdfkghj
B07N39CVS4,asdfkghj
B0999DP6XS,asdfkghj
B0D8XS57VY,asdfkghj
B07VQMG4LL,asdfkghj
B0D1VCFY1T,asdfkghj
B004QC1N54,asdfkghj
B0DDP77FKT,asdfkghj
B0D479R2QT,asdfkghj
B0CGX5C35T,asdfkghj
B0F1DMBGKV,asdfkghj
B00AY4W5VO,asdfkghj
B0DXHSHLY2,asdfkghj
B0CP975KB7,asdfkghj
B0BXYY81G3,asdfkghj
B0D9B53R41,asdfkghj
B07RVLJQ71,asdfkghj
B0DL9MTXMP,asdfkghj
B0DGLQY53Q,asdfkghj
B0D14BCLFB,asdfkghj
B0C9BNQ8SJ,asdfkghj
B0B76YXTD4,asdfkghj
B09KLCRG94,asdfkghj
B0D59CF8PD,asdfkghj
B0BML6KB21,asdfkghj
B0BHVYM455,asdfkghj
B0DMSRZL6G,asdfkghj
B0DJWJM8NQ,asdfkghj
B0DG96ZBK5,asdfkghj
B0CSJ73Z8R,asdfkghj
B0CJ4W1DS4,asdfkghj
B0CGRW53PK,asdfkghj
B0D1P93TM2,asdfkghj
B0009WDVUK,asdfkghj
B0CRSY8C2G,asdfkghj
B0D231TR6Q,asdfkghj
B0CFHGXQGT,asdfkghj
B08DZ4R6GK,asdfkghj
B0C9ZXW649,asdfkghj
B0CKVD3YMG,asdfkghj
B0C4SM57JF,asdfkghj
B0DRN7WXMB,asdfkghj
B0BP78LWN8,asdfkghj
B0DW8X336V,asdfkghj
B0BKZ9HQLM,asdfkghj
B0DFPVZF56,asdfkghj
B0BGKMJKJ1,asdfkghj
B08WZFK9KT,asdfkghj
B09XJC9JQR,asdfkghj
B095LM3FD2,asdfkghj
B08JTP9NYN,asdfkghj
B08G1G5DDF,asdfkghj
B003CAVQLW,asdfkghj
B0DZ5MYQZ1,asdfkghj
B0DYJH8NM8,asdfkghj
B0DYJBQY4J,asdfkghj
B0DYDQBJJJ,asdfkghj
B0DVRTSXQ7,asdfkghj
B0DTQB87YD,asdfkghj
B0DTP5T2Y5,asdfkghj
B0DT9Q1T9F,asdfkghj
B0DT5W823V,asdfkghj
B0DT5MV3JG,asdfkghj
B0DSZQ1RQH,asdfkghj
B0DHV4RDZ5,asdfkghj
B0DHK526PS,asdfkghj
B0DFXXS65W,asdfkghj
B0DFT9XB93,asdfkghj
B0DDYF4T39,asdfkghj
B0DDTJ4QFW,asdfkghj
B0DCNQN2R1,asdfkghj
B0DBZZGH6V,asdfkghj
B0D92QR3GB,asdfkghj
B0D8V63F7H,asdfkghj
B0D73KCVJ6,asdfkghj
B0D6LVHFX4,asdfkghj
B0D14LXTW7,asdfkghj
B0CZM5345Q,asdfkghj
B0CZBCNQYY,asdfkghj
B0CZ7L35VP,asdfkghj
B0DSVW73W9,asdfkghj
B0DSPQXD43,asdfkghj
B0DSMVZRNR,asdfkghj
B0DSFT1Q6N,asdfkghj
B0DSBVWKY9,asdfkghj
B0DSBFQXZH,asdfkghj
B0DS8ZW9V8,asdfkghj
B0DS7HK1B4,asdfkghj
B0DRRPVMTK,asdfkghj
B0DRFLGFRL,asdfkghj
B0DPQNCGM8,asdfkghj
B0DPP69C4C,asdfkghj
B0DPF7JZPH,asdfkghj
B0DMSFHKM6,asdfkghj
B0DJSXJHRS,asdfkghj
B0DJ58J15V,asdfkghj
B0BG39W67N,asdfkghj
B0DJWCCG3Z,asdfkghj
B0DBTC3K8R,asdfkghj
B0CCD5DKKJ,asdfkghj
B0BY3FV252,asdfkghj
B0B8N5JNWN,asdfkghj
B0B31KJ691,asdfkghj
B0D6C4N599,asdfkghj
B0C5LCJ1MP,asdfkghj
B0DFM5XT1N,asdfkghj
B0D547NLDZ,asdfkghj
B0D2K7Q46L,asdfkghj
B0CY9DR5XD,asdfkghj
B0CJTN2Z1N,asdfkghj
B0B981GSWS,asdfkghj
B08W4QQQGD,asdfkghj
B09KZCLMRZ,asdfkghj
B09K9HJBX3,asdfkghj
B08H4RXBPT,asdfkghj
B08DKX612D,asdfkghj
B0822CJ9PZ,asdfkghj
B0818Z1WDL,asdfkghj
B07Y46WG7J,asdfkghj
B01NC1WP0G,asdfkghj
B01MPZ8CMZ,asdfkghj
B01M73YM9G,asdfkghj
B0CY9C1D9F,asdfkghj
B0CRHX18GW,asdfkghj
B0CRHMGY2Z,asdfkghj
B0CPF87FG6,asdfkghj
B0CMLSYMLF,asdfkghj
B0CKQZ7X6G,asdfkghj
B0CJTWDYQK,asdfkghj
B0CH9JTVKJ,asdfkghj
B0CF8RK5XT,asdfkghj
B0CDBJ6XNX,asdfkghj
B0CCD99FB3,asdfkghj
B0C8HBQB2P,asdfkghj
B0BRQDHSW5,asdfkghj
B0BP1B2Z9W,asdfkghj
B0BLHBJNDR,asdfkghj
B0BGHPK5D1,asdfkghj
B0D8PGR1XD,asdfkghj
B0BRN8JTY6,asdfkghj
B094668JWZ,asdfkghj
B0893P24NQ,asdfkghj
B0D4QFSTVT,asdfkghj
B0D3856NYH,asdfkghj
B0CJ8RTG36,asdfkghj
B0BXJDN5FV,asdfkghj
B0BXCSDNJ2,asdfkghj
B0BDTZYLJC,asdfkghj
B0D96V5J8Y,asdfkghj
B0CLH3NCCY,asdfkghj
B09DJQH2BH,asdfkghj
B08ZBR7B56,asdfkghj
B08L6V9JRZ,asdfkghj
B0DYVBPW4F,asdfkghj
B003EV7DVQ,asdfkghj
B09ZL9SHJW,asdfkghj
B099Y1H8RR,asdfkghj
B0BC8ZV4S1,asdfkghj
B003E48FXS,asdfkghj
B0DS9JRKX8,asdfkghj
B0CQFL45PT,asdfkghj
B002E19HHU,asdfkghj
B0DR5H5M6X,asdfkghj
B08Z6ZWRR2,asdfkghj
B0DK1VBMLN,asdfkghj
B0DPRZLB8S,asdfkghj
B0C7KX53RL,asdfkghj
B0D8T56XJC,asdfkghj
B0DPB6FPSY,asdfkghj
B0B82TQB11,asdfkghj
B0CCL8D1D2,asdfkghj
B0DFW1SNTK,asdfkghj
B07HNNK3T6,asdfkghj
B09XM8N35M,asdfkghj
B0DFTTLCNY,asdfkghj
B0CWYQ68DB,asdfkghj
B0DBH4SB7Q,asdfkghj
B0DFW1MGP2,asdfkghj
B0D8JSJ3T2,asdfkghj
B0DBDMP96C,asdfkghj
B0D8HPRX6K,asdfkghj
B0D98943QQ,asdfkghj
B0D7VWJLQ8,asdfkghj
B0B3X8WVJY,asdfkghj
B0CKVHK9JC,asdfkghj
B0D4YZJPYC,asdfkghj
B0DXDP7S38,asdfkghj
B0DX26V8QP,asdfkghj
B0DT4B117Z,asdfkghj
B0DSZKT7H7,asdfkghj
B0DR792KK9,asdfkghj
B0DPZBXX8S,asdfkghj
B0DPX4Q4WF,asdfkghj
B0DPJB44HB,asdfkghj
B0DP6TCHN9,asdfkghj
B0DNSPN998,asdfkghj
B0DNMJ1JZW,asdfkghj
B0DN6NRDDR,asdfkghj
B0DN5XWR4J,asdfkghj
B0DMTQC7V9,asdfkghj
B0DMNPNHHQ,asdfkghj
B0DM1ZX5BR,asdfkghj
B0DHYV6492,asdfkghj
B0DFB7SLVF,asdfkghj
B0DBYK89WT,asdfkghj
B0D9PT2XW5,asdfkghj
B0CY2VJ2BN,asdfkghj
B0CXTB9F14,asdfkghj
B0CW9RM429,asdfkghj
B0CSW5SWR5,asdfkghj
B0CSG15YGR,asdfkghj
B0CQF74Y2N,asdfkghj
B0CH8GRB72,asdfkghj
B0CGW88MCH,asdfkghj
B0CCSC99MP,asdfkghj
B0C234NQ93,asdfkghj
B0BDGK77LN,asdfkghj
B095VQXG13,asdfkghj
B07YK2C12H,asdfkghj
B07L61ZZP1,asdfkghj
B0CY4Y9BZN,asdfkghj
B0CHDSKYRR,asdfkghj
B0D8BHB58Q,asdfkghj
B0CKX9XL4V,asdfkghj
B0951V54JZ,asdfkghj
B0DPLNCVB3,asdfkghj
B0CSY8MWG8,asdfkghj
B0DVRLQKFQ,asdfkghj
B0D2JDPX9W,asdfkghj
B07B4YP4MZ,asdfkghj
B0D3J6WSR1,asdfkghj
B0DW42GPJG,asdfkghj
B0D273FTRV,asdfkghj
B0DVSPG23Y,asdfkghj
B09BNQ9PZN,asdfkghj
B0CDPQFM2H,asdfkghj
B07CPBXF3S,asdfkghj
B0C5TBDLTH,asdfkghj
B0B785V2NF,asdfkghj
B0C1Z9WN5M,asdfkghj
B0C7G4FZ3Q,asdfkghj
B0B7QDFLHL,asdfkghj
B0CY9P1K33,asdfkghj
B09VSPX7RY,asdfkghj
B098PXLT1G,asdfkghj
B094FZKK58,asdfkghj
B0DJ2K6FYN,asdfkghj
B08R9JTCTM,asdfkghj
B0CP6YZ11S,asdfkghj
B088RBMXDG,asdfkghj
B0CGWV5KJ6,asdfkghj
B0DSJ8N91R,asdfkghj
B0CN3686YG,asdfkghj
B0DQTN6SBP,asdfkghj
B0D7PTTRJD,asdfkghj
B0DCFQZ3GH,asdfkghj
B0C6XF2188,asdfkghj
B0D8VSCNPB,asdfkghj
B0B76N6PJW,asdfkghj
B0D76KNJ5S,asdfkghj
B0DSKB5CLT,asdfkghj
B0D11DJ4HL,asdfkghj
B0C9SZGQGF,asdfkghj
B0BVHX44XM,asdfkghj
B0BXPNJ63Y,asdfkghj
B0B2KVWGFX,asdfkghj
B0D8KH2M1M,asdfkghj
B0D3QHZ1MD,asdfkghj
B09XV43NKV,asdfkghj
B07F9NLD47,asdfkghj
B07Z91H8K6,asdfkghj
B074QVZ7DS,asdfkghj
B07N4FXVBL,asdfkghj
B0CR3N6CJ6,asdfkghj
B0D82B1FCV,asdfkghj
B0DKBL4Q4T,asdfkghj
B01LQ9WA2O,asdfkghj
B0DJ8W6KH2,asdfkghj
B09S3362XW,asdfkghj
B0BTYGYGYV,asdfkghj
B0055T3GUW,asdfkghj
B07P431GZV,asdfkghj
B0CSPQLHS2,asdfkghj
B0CC5JKRDP,asdfkghj
B00ECKNZC4,asdfkghj
B088KFX87Z,asdfkghj
B0D2L2CFWD,asdfkghj
B0D12BQ9CQ,asdfkghj
B0B9RXYV2F,asdfkghj
B0DQKVXG2V,asdfkghj
B0DHCHJ3DB,asdfkghj
B0CBFVLYX3,asdfkghj
B0C5CR6RGM,asdfkghj
B09RWHVDDB,asdfkghj
B0DZ4V5BQC,asdfkghj
B0DWMPW3Y6,asdfkghj
B0DWMNXFLK,asdfkghj
B0DT4Q2SKN,asdfkghj
B0DT3Y2XZZ,asdfkghj
B0DSJ1ZKZD,asdfkghj
B0DS23XN1J,asdfkghj
B0DRS95KF1,asdfkghj
B0DRJZ2XDY,asdfkghj
B0DRJKNQYM,asdfkghj
B0DR8DC243,asdfkghj
B0DR8BWGNQ,asdfkghj
B0DQSJ7JBJ,asdfkghj
B0DPG39T67,asdfkghj
B0DPFHBSCZ,asdfkghj
B0DDPXZCWR,asdfkghj
B0D4V9F8C5,asdfkghj
B0CZTCWQBC,asdfkghj
B0CC61KW12,asdfkghj
B0BY6Q53M2,asdfkghj
B0BLC1JKPZ,asdfkghj
B0B3CLP4CT,asdfkghj
B08F7VJTDS,asdfkghj
B08556FBYS,asdfkghj
B01K87X7BS,asdfkghj
B00H9036JG,asdfkghj
B07DXCKQPR,asdfkghj
B0CB6HWDQC,asdfkghj
B0DQT1RS8T,asdfkghj
B0DSG335K8,asdfkghj
B01G8S8BJE,asdfkghj
B0DQQ5SW18,asdfkghj
B012AN26VU,asdfkghj
B0CMY376QK,asdfkghj
B0DPDHLGZ6,asdfkghj
B0026LYMKA,asdfkghj
B07Q396D2N,asdfkghj
B0DPC6JK9K,asdfkghj
B001B2U1BE,asdfkghj
1988884659,asdfkghj
B0DP657TNP,asdfkghj
B07NQMNPQL,asdfkghj
B0DSPLYG3W,asdfkghj
B0044GG6AE,asdfkghj
B0CLNXGMN4,asdfkghj
B0DGL7FC15,asdfkghj
B09SFBDNMJ,asdfkghj
B0CVNJDYP3,asdfkghj
B085G4R4CX,asdfkghj
B08FQX5H7B,asdfkghj
B0DB8Y14SX,asdfkghj
B08M2LSFPG,asdfkghj
B0CB99JMND,asdfkghj
B00E45BODY,asdfkghj
B07HWW924L,asdfkghj
B077BT8NW7,asdfkghj
B0DR8DY3NG,asdfkghj
B00SA6RXUG,asdfkghj
B0B9DPRV41,asdfkghj
B0DMP6MJ93,asdfkghj
B07J35GDLJ,asdfkghj
B0794BNB97,asdfkghj
B0DKTJRJH1,asdfkghj
B077TM82MV,asdfkghj
B08XJTHLGR,asdfkghj
B0DGQJGFHZ,asdfkghj
B071KW174L,asdfkghj
B0BL9PY6CJ,asdfkghj
B0DDK1G7M3,asdfkghj
B004V1ITSE,asdfkghj
B0CWPD48T1,asdfkghj
B0DCZ7TQMP,asdfkghj
B000N3AMPC,asdfkghj
B0BRSF6TNR,asdfkghj
B0B45WVMG9,asdfkghj
B0786MQZJ3,asdfkghj
B06XPRH8VV,asdfkghj
B0DRK2M4TZ,asdfkghj
B0D2XRQ97F,asdfkghj
B0CPPBRBL3,asdfkghj
B0BXTC84Q6,asdfkghj
B0BJ9G2J4F,asdfkghj
B0BF4N3C8L,asdfkghj
B096Z75TG9,asdfkghj
B089CT6MC9,asdfkghj
B017KKHWDU,asdfkghj
B00ARVP2UA,asdfkghj
B0F27ZF8WC,asdfkghj
B0DYF3YJNZ,asdfkghj
B0DWM8R218,asdfkghj
B000JWX9P2,asdfkghj
B0BX8NM29L,asdfkghj
B0BL1TDTD2,asdfkghj
B0BS6QSWGG,asdfkghj
B0BHXPWDJ8,asdfkghj
B07ML4WKWJ,asdfkghj
B0CP6GDLX6,asdfkghj
B01MCUZE71,asdfkghj
B07X5YGK2Q,asdfkghj
B01ELB0SL4,asdfkghj
B0CY24MZ79,asdfkghj
B0CHZ7KW8V,asdfkghj
B0D1V6527J,asdfkghj
B0C1ZK1RTF,asdfkghj
B09LCBQSK3,asdfkghj
B0F18N13MY,asdfkghj
B0DTHGMTWT,asdfkghj
B0DT43LXXX,asdfkghj
B0DSFRVDCY,asdfkghj
B0DS9S9XP5,asdfkghj
B0DS21RT9D,asdfkghj
B0DRWPKRQY,asdfkghj
B0DRHNJGBQ,asdfkghj
B0DQTZ4GZB,asdfkghj
B0DQTTN2TQ,asdfkghj
B0DQJ9VL9R,asdfkghj
B0DQ2RLXLX,asdfkghj
B0DPWYQ546,asdfkghj
B0DPJW1NN9,asdfkghj
B0DP4XVRG7,asdfkghj
B0DN69PNQC,asdfkghj
B0DKJ5V6YB,asdfkghj
B0D4YKBS97,asdfkghj
B0CHJSV812,asdfkghj
B074DB3VFN,asdfkghj
B01M66SCY5,asdfkghj
B0CPBSKPZS,asdfkghj
B0C9SRW33Q,asdfkghj
B0CQM2931W,asdfkghj
B0C9Q7FQJ4,asdfkghj
B0CGXDTTLP,asdfkghj
B0CCSSSJZV,asdfkghj
B07PWF1ZW4,asdfkghj
B074DZSKV6,asdfkghj
B0DLBQVBLG,asdfkghj
B0CRR1NXRS,asdfkghj
B0CH4WFCCX,asdfkghj
B0B9794QP4,asdfkghj
B0DKG4LRG4,asdfkghj
B0DK2SSYGK,asdfkghj
B0DJNTJRYF,asdfkghj
B0DHCXP1MG,asdfkghj
B0DGFYQX9F,asdfkghj
B0D66N1RMP,asdfkghj
B0D2HRTCQP,asdfkghj
B0D25K8497,asdfkghj
B0CT2YXNBG,asdfkghj
B0CSBFT192,asdfkghj
B0CRL9Z8VZ,asdfkghj
B0CPM7JMWQ,asdfkghj
B0CNK1KCR1,asdfkghj
B0CMCKNJ95,asdfkghj
B0CLK4XLG5,asdfkghj
B0CK54V41R,asdfkghj
B0CHDZ92ZK,asdfkghj
B0C7745QYM,asdfkghj
B0BP73Y2TQ,asdfkghj
B0BNHK8N2F,asdfkghj
B0BLV2VVQH,asdfkghj
B0B567CXNN,asdfkghj
B09S2N9G52,asdfkghj
B08VQFYB7X,asdfkghj
B087TJQQQZ,asdfkghj
B07ZY5Z3SG,asdfkghj
B07VDFLMML,asdfkghj
B07V3DCJN3,asdfkghj
B07JFCM1HY,asdfkghj
B074DZKCZW,asdfkghj
B06Y66SNR5,asdfkghj
B01DW4UXUW,asdfkghj
B07FX68WJ8,asdfkghj
B0D976YRBY,asdfkghj
B09NVN5C5Y,asdfkghj
B0D3HWM4DV,asdfkghj
B0CQYR5LTL,asdfkghj
B0CBTNRDTM,asdfkghj
B0C36XJ3DV,asdfkghj
B0BGL6X3QW,asdfkghj
B0DYMDY72W,asdfkghj
B0DSVZR91D,asdfkghj
B0DSVTW7ZN,asdfkghj
B0DS2H95LP,asdfkghj
B0DQL5CF2X,asdfkghj
B0DLWBMCXB,asdfkghj
B0DJQTVYRV,asdfkghj
B0DH2JW6CW,asdfkghj
B0DCSC8KWF,asdfkghj
B0DK18NLN2,asdfkghj
B0D17PHPDW,asdfkghj
B0C4YWFCRR,asdfkghj
B0DBHNSDLR,asdfkghj
B09W9VZX6W,asdfkghj
B0C7YT31HX,asdfkghj
B0D9B7P839,asdfkghj
B09SVNVZJ4,asdfkghj
B0C819VDBY,asdfkghj
B0CHN2RMLL,asdfkghj
B0CR6B7PHZ,asdfkghj
B086YMNPG7,asdfkghj
B07YQZRDKG,asdfkghj
B0D66MVVF7,asdfkghj
B0BXCQBT9W,asdfkghj
B0D83B1VR8,asdfkghj
B0D6PZRPJY,asdfkghj
B0D1KDCGYH,asdfkghj
B00007JO6Y,asdfkghj
B084GK3GJ9,asdfkghj
B0CXXXFP88,asdfkghj
B0C9LYSTQ2,asdfkghj
B0CTHKXX5M,asdfkghj
B0BFC43PG5,asdfkghj
B0CMZT991F,asdfkghj
B097Y926VK,asdfkghj
B0CDNT857R,asdfkghj
B0951YT887,asdfkghj
B0C73ZNYRX,asdfkghj
B0D73HXD3S,asdfkghj
B0BX96V2F5,asdfkghj
B0CP27FK7P,asdfkghj
B0CKVGCJFV,asdfkghj
B00EDM2RMA,asdfkghj
B00NJSZLNG,asdfkghj
B0DDT2CY22,asdfkghj
B0D5137RRJ,asdfkghj
B09SW4Y32M,asdfkghj
B09M6MTLKY,asdfkghj
B0D6YCKM98,asdfkghj
B08VDP26T5,asdfkghj
B0DJR73T6N,asdfkghj
B0BZPMYTDZ,asdfkghj
B07DBW6P5T,asdfkghj
B0D9SPH9SB,asdfkghj
B09MJMWVRD,asdfkghj
B0C96T4T7V,asdfkghj
B07HFHXR27,asdfkghj
B00TABVE4G,asdfkghj
B0DQKHG4VP,asdfkghj
B0BHTR99X8,asdfkghj
B0CFJHD11V,asdfkghj
B0C5LHJ8QJ,asdfkghj
B0BZC9B3LM,asdfkghj
B0D9GVHK5T,asdfkghj
B0DBHGMLQN,asdfkghj
B08C2KR5QL,asdfkghj
B0CBTJS3CJ,asdfkghj
B0BXFSSL7H,asdfkghj
B0CQ52N9V9,asdfkghj
B0D25WBCV1,asdfkghj
B0CQPK1HSQ,asdfkghj
B0C9XGLPY3,asdfkghj
B0DGG22K7P,asdfkghj
B0DBKCCY2N,asdfkghj
B0D3GR7TWJ,asdfkghj
B0D31JSZDD,asdfkghj
B0CW2FGHWT,asdfkghj
B0CRNLHG27,asdfkghj
B0CQ1RZHQM,asdfkghj
B0CGVNHMC8,asdfkghj
B0CDPVV663,asdfkghj
B0C6185D77,asdfkghj
B0BP9BWD7P,asdfkghj
B09J83XPLK,asdfkghj
B09B3FRS4T,asdfkghj
B08MBXBYS2,asdfkghj
B0B8XMLZRL,asdfkghj
B0DPV4GBRB,asdfkghj
B0DGSWBPD3,asdfkghj
B0D9VZSCHG,asdfkghj
B0B64XVQLZ,asdfkghj
B0CNR2D9G3,asdfkghj
B0C5DCNCM4,asdfkghj
B0CNVLVRVW,asdfkghj
B0DB23BR8Q,asdfkghj
B0CT81RY4N,asdfkghj
B0CN5DVTJS,asdfkghj
B0D91GHZX2,asdfkghj
B0B97R87GF,asdfkghj
B0CFLDQ3C3,asdfkghj
B0DHG6C4FQ,asdfkghj
B0DP68YN9Z,asdfkghj
B0C3731245,asdfkghj
B0DJ8Z67VN,asdfkghj
B0DKX5VRHR,asdfkghj
B09XTT4LZ7,asdfkghj
B0BKSV41GH,asdfkghj
B0CC5RPW6F,asdfkghj
B08H1FHQY6,asdfkghj
B0DRTJXXJW,asdfkghj
B0B5ZTX4W5,asdfkghj
B07W86BNFF,asdfkghj
B0CHJ4YMV3,asdfkghj
B0CJYD1JP4,asdfkghj
B01M0L6XLA,asdfkghj
B07YMRNPXS,asdfkghj
B07DGYGGSF,asdfkghj
B0CFBHSB19,asdfkghj
B0BG42GCB1,asdfkghj
B0BFG6271B,asdfkghj
B0D2VN39DZ,asdfkghj
B0CZ75T4DK,asdfkghj
B0CB7KRG2Z,asdfkghj
B0C9H7V4KB,asdfkghj
B09FZ96DT5,asdfkghj
B07D11C1X6,asdfkghj
B073WKYKQK,asdfkghj
B0DBPHVQLG,asdfkghj
B0D6VR9D17,asdfkghj
B0CRQZL7ZR,asdfkghj
B0C4XT5Q1D,asdfkghj
B0B5331B2K,asdfkghj
B08WR3J7V2,asdfkghj
B082YCQB1X,asdfkghj
B073PQFQV3,asdfkghj
B0CPHY98HN,asdfkghj
B0C22YCJHS,asdfkghj
B0DRPNB2W9,asdfkghj
B0DRC9F2D8,asdfkghj
B0DBHCRF15,asdfkghj
B0D8J8ZC96,asdfkghj
B0C6Q18YFV,asdfkghj
B0BV2TWLMR,asdfkghj
B083RLFZS9,asdfkghj
B07YBFC2MH,asdfkghj
B0BR8GVV87,asdfkghj
B0DX6N6ZX6,asdfkghj
B0DS62Z68G,asdfkghj
B0CRKBZ35L,asdfkghj
B093299XPR,asdfkghj
B0C4XF8YKW,asdfkghj
B0BM9G9GKK,asdfkghj
B0DJK3JHM7,asdfkghj
B0DK8J2799,asdfkghj
B0C9TZ2N3H,asdfkghj
B0BB787HQB,asdfkghj
B09YM3MKYH,asdfkghj
B0C6QCFRPT,asdfkghj
B0D1W2QJZ7,asdfkghj
B0CK9DLL2B,asdfkghj
B0DFWKLKFY,asdfkghj
B0DC6G95N2,asdfkghj
B0D8HQCS5J,asdfkghj
B0CKGZX1MH,asdfkghj
B0DFLSZBYQ,asdfkghj
B0BY23VQQQ,asdfkghj
B0C4NJZ2TC,asdfkghj
B0BZMB24TM,asdfkghj
B0BNFNW6PF,asdfkghj
B0BKZX5YK2,asdfkghj
B0BKLSYJV4,asdfkghj
B0BJKHR9W7,asdfkghj
B0B7D4426X,asdfkghj
B09Q3C15J6,asdfkghj
B08WFLPTJ9,asdfkghj
B07YBRJD64,asdfkghj
B07N8LZCW2,asdfkghj
B0040QILTW,asdfkghj
B0DHGTH5SN,asdfkghj
B0DGPP7QB6,asdfkghj
B0DFGLM9P2,asdfkghj
B0DB1VFDDN,asdfkghj
B0D9YBGD6T,asdfkghj
B0D7PYMRV9,asdfkghj
B0D6BF5XS4,asdfkghj
B0D5M25SGJ,asdfkghj
B0D3LM3ZNC,asdfkghj
B0D2L87BJN,asdfkghj
B0CZR31YMZ,asdfkghj
B0CZNX9YZQ,asdfkghj
B0CYX1D38P,asdfkghj
B0CVQSSB38,asdfkghj
B0CJTYR7B9,asdfkghj
B0C6V89JPQ,asdfkghj
B093VM1N3S,asdfkghj
B0CGTZPSWP,asdfkghj
B0CTJHXB8T,asdfkghj
B0DL2HFDYY,asdfkghj
B0CYZSD5Q6,asdfkghj
B0BG6WMBNB,asdfkghj
B0DFQ44L6C,asdfkghj
B0CQ546DG4,asdfkghj
B06VW3WWTD,asdfkghj
B0DBVJ9Z9C,asdfkghj
B0DB8K1H4S,asdfkghj
B0DS5YZMFQ,asdfkghj
B0D95TWYY9,asdfkghj
B0DDXZSJ7V,asdfkghj
B0CPP2GW5D,asdfkghj
B0CNG9T418,asdfkghj
B0DSP82WGM,asdfkghj
B0D189MWH5,asdfkghj
B0DQNZNY8B,asdfkghj
B0DQL6VKF1,asdfkghj
B0C4YP748G,asdfkghj
B06XPK6DV8,asdfkghj
B0D2R54V9V,asdfkghj
B0DJ2CG8WG,asdfkghj
B0DJJJRLYQ,asdfkghj
B09QKVDTMC,asdfkghj
B0CJM9WDVG,asdfkghj
B0C2PBH79R,asdfkghj
B0DNK2PCWG,asdfkghj
B0CT9CXVSY,asdfkghj
B0DJ35ZWS8,asdfkghj
B09N4XJFS7,asdfkghj
B0DLNX32C6,asdfkghj
B078JHNM1G,asdfkghj
B0BNQNPKPF,asdfkghj
B0D3HSNP6K,asdfkghj
B08P14QCN1,asdfkghj
B09V8FR6CF,asdfkghj
B0CR752CLT,asdfkghj
B0CP48C64Y,asdfkghj
B0852BC3L9,asdfkghj
B0CRNPY3NV,asdfkghj
B07Q2ZHSX4,asdfkghj
B0DZ2K26Y1,asdfkghj
B01D66JP3W,asdfkghj
B07Y3ZNB7C,asdfkghj
B0D8BS6GNY,asdfkghj
B0CFTZYZ19,asdfkghj
B0D89W9FQG,asdfkghj
B0D66J6T3T,asdfkghj
B0BS3JGGSP,asdfkghj
B0B7BCZLQK,asdfkghj
B09RPS64SY,asdfkghj
B0DRNPV25J,asdfkghj
B0D3HDHXDP,asdfkghj
B0D8BCX9X5,asdfkghj
B0BYJQLTN5,asdfkghj
B0DJF4CRCG,asdfkghj
B0CT57ZRJ4,asdfkghj
B0BHKXF1BK,asdfkghj
B0B2NYJBGD,asdfkghj
B09SW77ZZ6,asdfkghj
B0DH1VMCZW,asdfkghj
B0CQKGFFLW,asdfkghj
B0DPX4S2M5,asdfkghj
B0DP45WCLJ,asdfkghj
B0DP239YLM,asdfkghj
B0DMCM6T3T,asdfkghj
B0DLS42K2V,asdfkghj
B0DK6KDWQW,asdfkghj
B0DJ2TT1T2,asdfkghj
B0DGPC35ZP,asdfkghj
B0DGD846KP,asdfkghj
B0DDXYTJFB,asdfkghj
B0D62J2TLK,asdfkghj
B0D2V87WLH,asdfkghj
B0D2HHP6Z1,asdfkghj
B0D14P478Q,asdfkghj
B0CZMS7NDF,asdfkghj
B0CZ78QZHP,asdfkghj
B0CHJP1V4D,asdfkghj
B0CDC4W7XB,asdfkghj
B0BK8ZF391,asdfkghj
B096MRXVKX,asdfkghj
B096MQ7NYH,asdfkghj
B010GEWJWG,asdfkghj
B0DXVMW4MJ,asdfkghj
B0DW31XWHG,asdfkghj
B0DW1JLPHK,asdfkghj
B0DTPBZZQ9,asdfkghj
B0DSPL8GM1,asdfkghj
B0DSG2NJ6C,asdfkghj
B0DRRYCZ27,asdfkghj
B0DRFPQKKJ,asdfkghj
B0DR78NCJS,asdfkghj
B0DQKSQFV6,asdfkghj
B0CYBFSYMX,asdfkghj
B0CXFDGKXQ,asdfkghj
B0CTQN5B1N,asdfkghj
B0CRR1P9KY,asdfkghj
B0CRKSV6TX,asdfkghj
B0CPV6WJDD,asdfkghj
B0CJR99LG4,asdfkghj
B0CHYQK5NK,asdfkghj
B0CHQ85WV8,asdfkghj
B0CG8HDZ29,asdfkghj
B0C61F1Y66,asdfkghj
B0BZYQ2WPJ,asdfkghj
B0BWYBDFBY,asdfkghj
B0B8TBQCZF,asdfkghj
B09YLVJJPR,asdfkghj
B09MN4NZNF,asdfkghj
B09M1STDVJ,asdfkghj
B094DRGLDW,asdfkghj
B07SN111VX,asdfkghj
B00W97L8YY,asdfkghj
B005H1NW20,asdfkghj
B0CMW72NND,asdfkghj
B0CTJF9PFX,asdfkghj
B0BSB83VJ7,asdfkghj
B0D3CZQZ59,asdfkghj
B0DB8DVZ2X,asdfkghj
B0728HSB8K,asdfkghj
B0CRMR14TS,asdfkghj
B095S6FSL1,asdfkghj
B0DPMKV24F,asdfkghj
B07GVB4WMP,asdfkghj
B0DN42L7GL,asdfkghj
B0DLMCXC1J,asdfkghj
B0DGLCZ54H,asdfkghj
B0DDL9YV5L,asdfkghj
B0CDXGVZV9,asdfkghj
B0D5CYDMJZ,asdfkghj
B077XQ7WF5,asdfkghj
B0F183X8ZV,asdfkghj
B0DTHMBRKB,asdfkghj
B0DSQQP18R,asdfkghj
B0DSQ5RV3R,asdfkghj
B0DSCJSLNW,asdfkghj
B0DSBJTYB4,asdfkghj
B0DS62SW6D,asdfkghj
B0DR92TJF9,asdfkghj
B0DQKZ92QP,asdfkghj
B0DP5G24RT,asdfkghj
B0DP4QTBMC,asdfkghj
B0DP2KDPKY,asdfkghj
B0DMSQM4GY,asdfkghj
B0DLKLX2VJ,asdfkghj
B0DK38DKR7,asdfkghj
B0DRPF84NS,asdfkghj
B0D6VNH5YD,asdfkghj
B0DFWT3LM5,asdfkghj
B0CRTJHMWR,asdfkghj
B004F1S9C6,asdfkghj
B0CHMHYBB5,asdfkghj
B0CN11LWGB,asdfkghj
B0CQ8DWLJH,asdfkghj
B0CPYDJY39,asdfkghj
B06VY1KB42,asdfkghj
B0CDWT91KN,asdfkghj
B0CF19DYDP,asdfkghj
B0DY654XLD,asdfkghj
B0BXH8FHWH,asdfkghj
B08YSBZBNS,asdfkghj
B0CLNHBPQJ,asdfkghj
B0CBS14VLX,asdfkghj
B0CQF9MDMR,asdfkghj
B0CS5Y8BLW,asdfkghj
B0CH9Y7DNG,asdfkghj
B0DHXVG69N,asdfkghj
B0CB9SP6SS,asdfkghj
B0D2D1NJPQ,asdfkghj
B0C9VTGFKN,asdfkghj
B0D2ND5QDK,asdfkghj
B0C9VMNKTB,asdfkghj
B0DYTXJRNQ,asdfkghj
B09PLPHQVD,asdfkghj
B0D6W2924B,asdfkghj
B07997QDGP,asdfkghj
B0CMQWFM48,asdfkghj
B0CHC97WPD,asdfkghj
B0CV79GZ57,asdfkghj
B0CFTV1GPF,asdfkghj
B0CFHR3VVP,asdfkghj
B0CD87BLTJ,asdfkghj
B0CC94XRR3,asdfkghj
B0C68HYHXN,asdfkghj
B0C4WTT9J1,asdfkghj
B0BFDYLPHP,asdfkghj
B08R5BY8B8,asdfkghj
B08PVWKHPS,asdfkghj
B087GPY5D5,asdfkghj
B07QY5L9LK,asdfkghj
B07GDMSYNK,asdfkghj
B00WEFUBTE,asdfkghj
B00E5YHJ74,asdfkghj
B0038FLP5I,asdfkghj
B0DRCJLFC3,asdfkghj
B0D9GV8X7R,asdfkghj
B0CRDHGB2H,asdfkghj
B0CBWKRBWX,asdfkghj
B07GX3XZG9,asdfkghj
B0CT5ZY96S,asdfkghj
B0CCHZPWPZ,asdfkghj
B0C4DKNFL3,asdfkghj
B0BKT2S42L,asdfkghj
B0BJQS3C3M,asdfkghj
B001FLO6A8,asdfkghj
B0DK91C3N3,asdfkghj
B0DFGL1JLG,asdfkghj
B0D4Q9R8DC,asdfkghj
B0CX15647V,asdfkghj
B0CVQMDZFD,asdfkghj
B001B12TBA,asdfkghj
B0F1DVM5C8,asdfkghj
B0DX6WVRML,asdfkghj
B0DVLQVZC2,asdfkghj
B0DT3CS3PT,asdfkghj
B0DSKYSRR4,asdfkghj
B0DSKGFZ7C,asdfkghj
B0DSJ41WZY,asdfkghj
B0DSBTZ322,asdfkghj
B0DSBTSWBY,asdfkghj
B0DSBCHTMV,asdfkghj
B0DS8LRL3Q,asdfkghj
B0DS5CBBMC,asdfkghj
B0DRVJFDYZ,asdfkghj
B0DRRZDCCD,asdfkghj
B0DRRH7LPG,asdfkghj
B0DR236Q7B,asdfkghj
B0DQXCWQFP,asdfkghj
B0DQL62L53,asdfkghj
B0DQG232ZK,asdfkghj
B0DQ5G4CLX,asdfkghj
B0DQ3ZLJ4W,asdfkghj
B0DPZNSGZN,asdfkghj
B0DPKYFLKN,asdfkghj
B0DPGDYN96,asdfkghj
B0DMM6K23W,asdfkghj
B0DKN7BN66,asdfkghj
B0DJL4JVXQ,asdfkghj
B0DHJXTD2Y,asdfkghj
B0DGQDYG5Y,asdfkghj
B0DFZ2RXHV,asdfkghj
B0DDCFF2RV,asdfkghj
B0DD75XBRZ,asdfkghj
B0DCJR9P1V,asdfkghj
B0D9LX41P2,asdfkghj
B0D9GDF43L,asdfkghj
B0D87FFTTX,asdfkghj
B0D73LP7HP,asdfkghj
B0D5LY86MW,asdfkghj
B0D25P85JQ,asdfkghj
B0CSK4R555,asdfkghj
B0CRZ14B5N,asdfkghj
B0CRQW863L,asdfkghj
B0CQVH35W4,asdfkghj
B0CPLVKZHF,asdfkghj
B0CP9X7LZY,asdfkghj
B0CNX2C88W,asdfkghj
B0CJXZQH68,asdfkghj
B07F3G47DP,asdfkghj
B0D6QD5635,asdfkghj
B0D2LC64V3,asdfkghj
B07TV1ZFT4,asdfkghj
B0CK1KJN41,asdfkghj
B0C6K7YR64,asdfkghj
B0BMT8ZTHL,asdfkghj
B0CP8WV6JG,asdfkghj
B0DKJLHL5H,asdfkghj
B0CZDMR7V6,asdfkghj
B0CM21FTVS,asdfkghj
B0C6Q36YLM,asdfkghj
B0DM5TBZ5L,asdfkghj
B0D66Q944T,asdfkghj
B0CVZH2RVN,asdfkghj
B0CJTV12BJ,asdfkghj
B0BHNB3GGD,asdfkghj
B095TG3GF4,asdfkghj
B0D8LH17CP,asdfkghj
B0DGH259X2,asdfkghj
B0C4KHNHW9,asdfkghj
B088NH37HR,asdfkghj
B0CLTWX61Z,asdfkghj
B0B5YNBHSF,asdfkghj
B0CP6W2NW7,asdfkghj
B0DHXTGF68,asdfkghj
B0CSRSCDLZ,asdfkghj
B0859RVJ96,asdfkghj
B0CDNY4JTG,asdfkghj
B0BBG9NZS9,asdfkghj
B0747WHG3J,asdfkghj
B0CBCNPCXD,asdfkghj
B0CHRPXZ6B,asdfkghj
B0CH162J37,asdfkghj
B0C9HFQXPR,asdfkghj
B0C5C57MST,asdfkghj
B0C4TSC3BQ,asdfkghj
B0C1C4BTTJ,asdfkghj
B0BWRL4H57,asdfkghj
B0BRGVJDCB,asdfkghj
B0BH38RFS2,asdfkghj
B0BG4VSQHQ,asdfkghj
B0B8RTDYG5,asdfkghj
B0B562CQL9,asdfkghj
B0B1Q5YBBG,asdfkghj
B09Z5ZYZB1,asdfkghj
B09SVGNQZD,asdfkghj
B0992PQV2Z,asdfkghj
B0CWRKDNSF,asdfkghj
B0CB61CR6N,asdfkghj
B0D1R6FRH6,asdfkghj
B0DFXWNJK4,asdfkghj
B09TZL5G2R,asdfkghj
B0CQJYRSN3,asdfkghj
B0CGM2T7XX,asdfkghj
B0C94RD8Q4,asdfkghj
B0CG5QLS5Q,asdfkghj
B0DKBR2C2R,asdfkghj
B0DC4FK56M,asdfkghj
B004SZ2HXQ,asdfkghj
B09QGSYCMB,asdfkghj
B0DK59FCCX,asdfkghj
B0CQLJ32TC,asdfkghj
B0C9GKRJPW,asdfkghj
B0DQ1M95PQ,asdfkghj
B0DPKNPF71,asdfkghj
B0DNQKPJBG,asdfkghj
B0DLZGM7FN,asdfkghj
B0DLKFMQHW,asdfkghj
B0DL8WKND6,asdfkghj
B0DKXMVCLN,asdfkghj
B0DHX7718X,asdfkghj
B0DG1VF2KF,asdfkghj
B0DF2FDQYZ,asdfkghj
B0DF1CW53M,asdfkghj
B0DDTHH6VD,asdfkghj
B0DD3VYRMN,asdfkghj
B0DD3HXDHL,asdfkghj
B0D9PTDFS7,asdfkghj
B0D99WH3MR,asdfkghj
B0D5YG72NG,asdfkghj
B0D5QMSDBL,asdfkghj
B0D2WWSSHF,asdfkghj
B0D2CWN7RB,asdfkghj
B0CZNPC87C,asdfkghj
B0CP3T7Q2B,asdfkghj
B0CLNZWGQV,asdfkghj
B0CHJDYDT2,asdfkghj
B0CCMKR1GX,asdfkghj
B0BXP2V5R4,asdfkghj
B0BPPQ11W1,asdfkghj
B0BNQ68STR,asdfkghj
B0BKPRK4MP,asdfkghj
B0B1Q7ZKQB,asdfkghj
B09V27K24H,asdfkghj
B093ZW6PZ1,asdfkghj
B0DXQGNNWY,asdfkghj
B0DSJFXM2W,asdfkghj
B0DSFCN8DT,asdfkghj
B0DSDRD7XC,asdfkghj
B0DSDKDTKG,asdfkghj
B0DSDJW4CP,asdfkghj
B0DSBSVFSZ,asdfkghj
B0DS65QPGC,asdfkghj
B0DRYQ8CSB,asdfkghj
B0DRVKM1ZD,asdfkghj
B0DRMT4J7M,asdfkghj
B0DRD1FFYX,asdfkghj
B0DRCRMYFN,asdfkghj
B0DQYBTSRD,asdfkghj
B0DQG1RPMR,asdfkghj
B0DQ7H731V,asdfkghj
B089NNS5Q7,asdfkghj
B0D152CSVM,asdfkghj
B0CRYXQ4P2,asdfkghj
B094YQSZ5Q,asdfkghj
B0CQYD55TH,asdfkghj
B09M49DJF3,asdfkghj
B09YHBPW9W,asdfkghj
B0B2WKNWFT,asdfkghj
B0CYZ6TVXD,asdfkghj
B0CKTJ7YQM,asdfkghj
B09NN9WSJY,asdfkghj
B0DDTFZ8NM,asdfkghj
B0D44HS2S9,asdfkghj
B0CYTFG7VK,asdfkghj
B0CQT55V6R,asdfkghj
B0DXPJWT1S,asdfkghj
B0DXP4LMP9,asdfkghj
B0DSJC1G9Z,asdfkghj
B0DRFZTQF5,asdfkghj
B0DQX5SLG2,asdfkghj
B0DQJ98TR9,asdfkghj
B0DN67FYJB,asdfkghj
B0D75Y6G3G,asdfkghj
B0CTD8HMD7,asdfkghj
B0CQL531NN,asdfkghj
B0CB61D2PH,asdfkghj
B0C8642CMM,asdfkghj
B0C3HCCQ8G,asdfkghj
B0BWDQ1BV3,asdfkghj
B0BPYLTN4P,asdfkghj
B0BJVX78N1,asdfkghj
B0B8RL4BZ2,asdfkghj
B0B8NPNYF4,asdfkghj
B0D6D15NDB,asdfkghj
B09SBK91BF,asdfkghj
B0DH8L9LLC,asdfkghj
B093LB9B3N,asdfkghj
B0C9LJP3TM,asdfkghj
B09YQWNGZY,asdfkghj
B0BZ4C6M2B,asdfkghj
B0C9D7SWVG,asdfkghj
B0DDSRS86G,asdfkghj
B094XBB1Q2,asdfkghj
B094PTRH34,asdfkghj
B00OBSO9FO,asdfkghj
B0CCYQJNC8,asdfkghj
B07G2TJGWL,asdfkghj
B07YH3NLVG,asdfkghj
B0D49Q187X,asdfkghj
B09VYTSSCT,asdfkghj
B07P6NWJJ3,asdfkghj
B015GDCGL6,asdfkghj
B0BF561BWK,asdfkghj
B0D3V4HS69,asdfkghj
B00C7BXWGO,asdfkghj
B0D9YCJ4Y5,asdfkghj
B08JQPN2XX,asdfkghj
B09DZ5GHPB,asdfkghj
B0DTHFW6HR,asdfkghj
B0DSVT6T4C,asdfkghj
B0DPWTYD1B,asdfkghj
B09NS9RM9Q,asdfkghj
B08CLXPJPK,asdfkghj
B07F7S98PM,asdfkghj
1586176420,asdfkghj
B0BLTVZCRN,asdfkghj
B0BXD9PJSP,asdfkghj
B0925R21HG,asdfkghj
B0CQ9G3X2P,asdfkghj
B07T1TPHBY,asdfkghj
B0DX2MVP5C,asdfkghj
B0CZ8MVDPR,asdfkghj
B0BCYB69FT,asdfkghj
B08HLN36JC,asdfkghj
B097PV4BT2,asdfkghj
B08TWQFDLT,asdfkghj
B07VZPRHPV,asdfkghj
B07TYRJBQ1,asdfkghj
B07P89JVBR,asdfkghj
B075V33Y41,asdfkghj
B013UFEKE8,asdfkghj
B00PM8866U,asdfkghj
B000Y3UKYO,asdfkghj
B09ZV5S2KY,asdfkghj
B0DWL4NNG5,asdfkghj
B0DTHQWXSW,asdfkghj
B0DRCTDCPX,asdfkghj
B0DQV7CBH6,asdfkghj
B0DQN8W1TM,asdfkghj
B0CLRQ8CZH,asdfkghj
B0CCRP8T8R,asdfkghj
B0C2ZSZ2SZ,asdfkghj
B09V4JLQW4,asdfkghj
B09MZ5HMCS,asdfkghj
B07X56V8H9,asdfkghj
B07HCM6TW5,asdfkghj
B07GT7CJ4R,asdfkghj
B00FOEDYSW,asdfkghj
B076MGG655,asdfkghj
B0D1R67XM5,asdfkghj
B0BRHWGR9K,asdfkghj
B0D5CHS2GX,asdfkghj
B00008V2UV,asdfkghj
B08C81MCPL,asdfkghj
B08V578XFM,asdfkghj
B0CRWQGWPD,asdfkghj
B0DF7ZQJNB,asdfkghj
B0CXPM312J,asdfkghj
B0CPXZRD36,asdfkghj
B08NZQQ9P7,asdfkghj
B0DNK6VQBT,asdfkghj
B0BRKSY1RF,asdfkghj
B0CLP1NX32,asdfkghj
B0BR9Y7MKZ,asdfkghj
B09TVGKSSX,asdfkghj
B0B9Y6D76N,asdfkghj
B0B9M5YFZG,asdfkghj
B0D83BSKVD,asdfkghj
B0CBDV3V5M,asdfkghj
B07TGFQNCV,asdfkghj
B0D66FXN6T,asdfkghj
B0D2XT3WKK,asdfkghj
B0DJBCNZ21,asdfkghj
B0CM6C3VNC,asdfkghj
B0C8J3Z3M1,asdfkghj
B0BMTY55PX,asdfkghj
B093L8TFDL,asdfkghj
B084DJ7VHL,asdfkghj
B00COT8K70,asdfkghj
B0F19184VX,asdfkghj
B0DYJ474SV,asdfkghj
B08XNGXCMP,asdfkghj
B0D45BBGMX,asdfkghj
B0D5BCWJ18,asdfkghj
B0BP5XTLR6,asdfkghj
B0CV43XGX2,asdfkghj
B0CBSNLG37,asdfkghj
B0B91WMYN6,asdfkghj
B07C4B3XRV,asdfkghj
B0DSV2X97R,asdfkghj
B0DLS7DYQ4,asdfkghj
B0CRZ7BJFC,asdfkghj
B0998BGJ6T,asdfkghj
B09T8WLTHM,asdfkghj
B0BJZ8ZWCX,asdfkghj
B0CVL8J3JP,asdfkghj
B079FXW91R,asdfkghj
B09LYJKZVD,asdfkghj
B07PRXNB1V,asdfkghj
B0BM36QZXJ,asdfkghj
B0D132MXVL,asdfkghj
B07PQSPSKY,asdfkghj
B0DJ953L36,asdfkghj
B0CZ5S6TR3,asdfkghj
B0C46VZG9K,asdfkghj
B085LBXPJM,asdfkghj
B004K2RVWE,asdfkghj
B07C2ZBV21,asdfkghj
B0D98JYVKC,asdfkghj
B0CVS2TV9F,asdfkghj
B0DGX8T4K7,asdfkghj
B0C68Z7L4B,asdfkghj
B0CYBX49M2,asdfkghj
B0CCYB6C6F,asdfkghj
B0BHZ9G11Q,asdfkghj
B093HBM8QQ,asdfkghj
B08GWR9MZ7,asdfkghj
B0B3J9J1SY,asdfkghj
B0BCK6ZBXP,asdfkghj
B0BB8Q57XX,asdfkghj
B00HJ9VUNG,asdfkghj
B0DSLFMRCM,asdfkghj
B0D4536JX7,asdfkghj
B08LMWKNZJ,asdfkghj
B0855V8V8V,asdfkghj
B0DWG41J6Y,asdfkghj
B0CBMF65YH,asdfkghj
B0DKG1V219,asdfkghj
B06W2KSJJQ,asdfkghj
B0DFY17KJX,asdfkghj
B0D44R33D4,asdfkghj
B0D2D7X781,asdfkghj
B0D294CMTC,asdfkghj
B0CKFFL8HW,asdfkghj
B0CHHYCCB1,asdfkghj
B0CH1SZS2V,asdfkghj
B0C49TKVZR,asdfkghj
B079CBXYD2,asdfkghj
B019NFVUG0,asdfkghj
B001C48028,asdfkghj
B0BYMQDK67,asdfkghj
B0D3J8GTX7,asdfkghj
B0DT9K499K,asdfkghj
B0CKJ5J6VW,asdfkghj
B0CZJK9X9L,asdfkghj
B0BB12R5NC,asdfkghj
B09H85RS38,asdfkghj
B0B74VNPWB,asdfkghj
B09VC3QHPH,asdfkghj
B0DMNGRVXS,asdfkghj
B0DDPQZTKC,asdfkghj
B0C5HS39VR,asdfkghj
B09NB7MY96,asdfkghj
B0CRL7X6ZH,asdfkghj
B09V538CYC,asdfkghj
B0DST2Z4ZC,asdfkghj
B0DPGWB9KT,asdfkghj
B0D4JP2BYV,asdfkghj
B0D1XSKZ5L,asdfkghj
B00N6ZVQ18,asdfkghj
B0CTJCNQ1W,asdfkghj
B0757655RY,asdfkghj
B0DSGHFR7T,asdfkghj
B0BS427KGG,asdfkghj
B0D17BSH8M,asdfkghj
B005VWPAF2,asdfkghj
B0DLYGMD4S,asdfkghj
B0CJC7F5CV,asdfkghj
B09Q15P4ZG,asdfkghj
B0CP42HW6R,asdfkghj
B0CF5CZX6P,asdfkghj
B0C7HJDRC5,asdfkghj
B0BZPLY3BK,asdfkghj
B0BB1G8J2N,asdfkghj
B09V2HJPD1,asdfkghj
B01MYMQ2OO,asdfkghj
B0D8DQ64J3,asdfkghj
B07LC787K3,asdfkghj
B07W45PDNW,asdfkghj
B09XHV74WD,asdfkghj
B0DQGNNTKK,asdfkghj
B0C5RH3PSH,asdfkghj
B0C56QNKMB,asdfkghj
B0D2X51GYP,asdfkghj
B0C5JDQKR1,asdfkghj
B0C2J6KL6H,asdfkghj
B096H8YZLP,asdfkghj
B0CDVV9N5C,asdfkghj
B0BP7BVHB3,asdfkghj
B09RF521TY,asdfkghj
B08XBNR572,asdfkghj
B07SR9GM29,asdfkghj
B0BW147SRK,asdfkghj
B0DNJ3JFTB,asdfkghj
B0D9ZPWQ5Z,asdfkghj
B0DK3GKL2B,asdfkghj
B01GB2PQNG,asdfkghj
B0D77X8Z7Y,asdfkghj
B09MLNZ3BJ,asdfkghj
B0D66HY3R7,asdfkghj
B0C7QV4NHZ,asdfkghj
B0CYZLSRG3,asdfkghj
B0BDPHTNLJ,asdfkghj
B0CNRNXVPP,asdfkghj
B0D387BSXM,asdfkghj
B0BXF8ZMJR,asdfkghj
B092C6ZCXT,asdfkghj
B0C6LJP1R7,asdfkghj
B0C4ST4VLH,asdfkghj
B00HJ6Y7Y8,asdfkghj
B0DYF65KT4,asdfkghj
B0DVRQZLTY,asdfkghj
B0DSVMR9CW,asdfkghj
B0DQY8SDZC,asdfkghj
B0D9C2X224,asdfkghj
B0D44C7NZC,asdfkghj
B0D3MCJFR6,asdfkghj
B0D2LWVSDD,asdfkghj
B0CXM9X12S,asdfkghj
B0CKL9J582,asdfkghj
B0CGCVCN8K,asdfkghj
B0CCJRM8C7,asdfkghj
B0BX73SVP7,asdfkghj
B0B6M52V6N,asdfkghj
B09TQ3TS2C,asdfkghj
B09NV1QWQ7,asdfkghj
B09F357ZTJ,asdfkghj
B07T7FCSV2,asdfkghj
B07HJ83BZJ,asdfkghj
B012OZ1YX0,asdfkghj
B00N506AUG,asdfkghj
B084RG8RSF,asdfkghj
B0CY23JQN6,asdfkghj
B0BBWFZGY2,asdfkghj
B0C9ZW9RX7,asdfkghj
B00DFMZELK,asdfkghj
B0DZH15Q18,asdfkghj
B0DSFRQY81,asdfkghj
B0DJ8HMWM9,asdfkghj
B0DFQBVHQP,asdfkghj
B0DDB8VBKH,asdfkghj
B09SKR42J7,asdfkghj
B09J1C4DCS,asdfkghj
B08K3NMS19,asdfkghj
B09GXPCRX1,asdfkghj
B083H9WBBG,asdfkghj
B0C7W3NRV2,asdfkghj
B07LG2BKLL,asdfkghj
B0DJR3W5V1,asdfkghj
B0CBPSX2SL,asdfkghj
B0D6KQYWMG,asdfkghj
B09KR87TQ6,asdfkghj
B0DTQ9ZXJM,asdfkghj
B0DSZYBVYQ,asdfkghj
B0DS8VT8JH,asdfkghj
B0DS46SJ5L,asdfkghj
B0DS2X3NQ2,asdfkghj
B0DQL49WHG,asdfkghj
B0DJJXK1CP,asdfkghj
B0CQG4PC8T,asdfkghj
B013O3FGYE,asdfkghj
B0DKDPGTBD,asdfkghj
B073PS4PFQ,asdfkghj
B01MRNDP4F,asdfkghj
B0CRRV7ZLF,asdfkghj
B0959YL492,asdfkghj
B002PA0QO8,asdfkghj
B0CZ8PV2Z4,asdfkghj
B005T9KMDW,asdfkghj
B0CCJGP1BV,asdfkghj
B000271LV8,asdfkghj
B00P2N3RBY,asdfkghj
B0BNDQL2SK,asdfkghj
B01EQM8IL0,asdfkghj
B0C9LW2CJ7,asdfkghj
B0C36D15L8,asdfkghj
B0BH95316H,asdfkghj
B00OBQXHT0,asdfkghj
B0D58KH7VZ,asdfkghj
B0797KBGD5,asdfkghj
B0D1VTZY7X,asdfkghj
B0BP7T6NB5,asdfkghj
B07FM8238Z,asdfkghj
B0DWFG3G2D,asdfkghj
B0DDTQ4VB5,asdfkghj
B0D4B64915,asdfkghj
B0CLG6V3SV,asdfkghj
B0BCSHNCC1,asdfkghj
B093278J8L,asdfkghj
B0DQ7L9TPW,asdfkghj
B09ZL1VR2Q,asdfkghj
B0D3TZ22FJ,asdfkghj
B0CNC7YPZX,asdfkghj
B0DRV2GQ17,asdfkghj
B0DQH2NYVQ,asdfkghj
B0DG86486N,asdfkghj
B0DBHMKSZF,asdfkghj
B0D8HPPQ7S,asdfkghj
B0D81RCTK8,asdfkghj
B0D5GYHKV7,asdfkghj
B0CWS8VHMC,asdfkghj
B08GFX3ML5,asdfkghj
B0002ABTLW,asdfkghj
B0B86B8HQY,asdfkghj
B0D7CRJ11J,asdfkghj
B0D3QLTRWD,asdfkghj
B0DRSDLMJ9,asdfkghj
B006LM0TUM,asdfkghj
B0BF9C5X8G,asdfkghj
B0DRG98SW5,asdfkghj
B004TCRQTS,asdfkghj
B0DJGSLN93,asdfkghj
B0DRL5TCG7,asdfkghj
B0DB5R2QZK,asdfkghj
B0DPPHCNLM,asdfkghj
B0CRSN3LYR,asdfkghj
B0DMF6M88K,asdfkghj
B0CZ8QJ958,asdfkghj
B071F382C3,asdfkghj
B004HK7RR8,asdfkghj
B089W44YZR,asdfkghj
B07YG1BKBV,asdfkghj
B0D2JGWCYX,asdfkghj
B0CY2GQJ4W,asdfkghj
B01CK3YEPQ,asdfkghj
B00250AREC,asdfkghj
B0BQM8758D,asdfkghj
B0C78KYY2H,asdfkghj
B00KPZJVCI,asdfkghj
B00080ZGXI,asdfkghj
B09JFC9S16,asdfkghj
B09XQ8QB68,asdfkghj
B08T22MTH5,asdfkghj
B0DKW8N41R,asdfkghj
B0D89XHVLP,asdfkghj
B0D7VY2FPL,asdfkghj
B0C1FY37C5,asdfkghj
B09BPJJCNM,asdfkghj
B07DQKRBCM,asdfkghj
B0DMDZNXTW,asdfkghj
B01N2VOL2C,asdfkghj
B0BG4V696L,asdfkghj
B07N4653C1,asdfkghj
B0BPC5XC2T,asdfkghj
B07VGMJG9J,asdfkghj
B07K6JVKF7,asdfkghj
B0DSVW5KTV,asdfkghj
B0CB3G2W25,asdfkghj
B0DSHQF7VH,asdfkghj
B09TWNNJWQ,asdfkghj
B0DS4GH7S3,asdfkghj
B09G19RX92,asdfkghj
B0DRVD5T41,asdfkghj
B0D1CCTD1P,asdfkghj
B0DRS8B4Q2,asdfkghj
9089709886,asdfkghj
B0CC9183HW,asdfkghj
B09YTXLTCQ,asdfkghj
B0CX5N5WGL,asdfkghj
908970938X,asdfkghj
B0CWV8X1M7,asdfkghj
B01J0NHU9Q,asdfkghj
9089707212,asdfkghj
B07N56DW9C,asdfkghj
B0DKDWZC4V,asdfkghj
B0DTLQT76D,asdfkghj
9089705805,asdfkghj
B091HXYQ6B,asdfkghj
B0CGX3QP4H,asdfkghj
B0DPCFJNH1,asdfkghj
B0DBVGMKXS,asdfkghj
B0CS61VGQ4,asdfkghj
B0DRND244L,asdfkghj
B0CZ6P75BL,asdfkghj
B0DRG5WK7H,asdfkghj
B0B5YSQH4V,asdfkghj
B0DQKDBVY3,asdfkghj
B09818X8YK,asdfkghj
B0DMR3512F,asdfkghj
B0DCVH3FTV,asdfkghj
B0DKXZ3J26,asdfkghj
B0DBHB4RML,asdfkghj
B0DK958T76,asdfkghj
B082GP1TLM,asdfkghj
B0DH3GQ1B7,asdfkghj
B09W4B22Q5,asdfkghj
B0DD44RFFG,asdfkghj
B0DDT2Q2FS,asdfkghj
B09H4XJYCD,asdfkghj
B0CS5VB5LX,asdfkghj
B0932YCFGF,asdfkghj
B0DDGGZ19L,asdfkghj
B091GWBVLQ,asdfkghj
B09PTHVPLP,asdfkghj
B08XXDB86Q,asdfkghj
B0DB7RCB4R,asdfkghj
B08DCFXC9N,asdfkghj
B0CP7DSN53,asdfkghj
B08CSLTMM4,asdfkghj
B0C3TCD49K,asdfkghj
B07S4CXP8N,asdfkghj
B08DTKLMK5,asdfkghj
B078YH8K1W,asdfkghj
B08H7YMFNR,asdfkghj
B0DB7NB1JS,asdfkghj
B0CRGKBHM4,asdfkghj
B0D9K2R2CX,asdfkghj
B0B93JRGKC,asdfkghj
B0D9FXNQC4,asdfkghj
B0BXXJTG5T,asdfkghj
B0D96CC33F,asdfkghj
B097KRCS87,asdfkghj
B0D8VK7B2W,asdfkghj
B08ZJMQ27B,asdfkghj
B0D8VK3FYW,asdfkghj
B08XMCS24B,asdfkghj
B0D2RKJ68C,asdfkghj
B07MQ2MZ79,asdfkghj
B0D29F24P7,asdfkghj
B0CSN3WDS3,asdfkghj
B01M35BLZX,asdfkghj
B0BMFD7TFG,asdfkghj
B0DMZBRKQF,asdfkghj
B0D25W6LBY,asdfkghj
B0CPFQNNB6,asdfkghj
B0CDGQTQGV,asdfkghj
B09351J56P,asdfkghj
B091N1YLBF,asdfkghj
B01DBRYNTM,asdfkghj
B0DTFF89QY,asdfkghj
B0D5QWK5KP,asdfkghj
B0D5CW7XKN,asdfkghj
B0C3BGDY3Z,asdfkghj
B0BX9WN43Y,asdfkghj
B0DBQDHQ1W,asdfkghj
B0C3783K1Q,asdfkghj
B0CYQ47LKN,asdfkghj
B0CRYCXVSD,asdfkghj
B0CTFK8LV8,asdfkghj
B0CZN3CLWS,asdfkghj
B0CSSY7YZ5,asdfkghj
B0DQNP2LJP,asdfkghj
B0CJM8WSR4,asdfkghj
B0DK3Y28DR,asdfkghj
B0C5SLH7SS,asdfkghj
B0BD3BQGJ9,asdfkghj
B0C57626TT,asdfkghj
B074F3PXJ2,asdfkghj
B0BZSBQZ9Z,asdfkghj
B08F9ZX1PT,asdfkghj
B09R16JNH6,asdfkghj
B0CJM772X7,asdfkghj
B0C4HN1ZH5,asdfkghj
B0BZHY7R63,asdfkghj
B0BXNSW2RQ,asdfkghj
B09Y22F6R5,asdfkghj
B09PV2HQVV,asdfkghj
B093L2FQXM,asdfkghj
B084BS38R9,asdfkghj
B078T2L5L2,asdfkghj
B014OB8WQY,asdfkghj
B0F28WK7PB,asdfkghj
B0DYVCMLZ6,asdfkghj
B0DYK5XZWW,asdfkghj
B0DXTK7CGV,asdfkghj
B0DXPJP63K,asdfkghj
B0DWX9GSLG,asdfkghj
B0CTSX6RRQ,asdfkghj
B0CKR6XRV6,asdfkghj
B0BGC93Q71,asdfkghj
B00GSXY52C,asdfkghj
B0DG8WG4RY,asdfkghj
B0DBGZRHWR,asdfkghj
B0D7WDM46K,asdfkghj
B0CZ2YTBYG,asdfkghj
B0CMLM1YHD,asdfkghj
B09V9QLWSZ,asdfkghj
B087WZ953T,asdfkghj
B005JSBWRS,asdfkghj
B0CTCS151Y,asdfkghj
B0CSDDXF2P,asdfkghj
B0CS8VQ9QH,asdfkghj
B0CQXQVHRP,asdfkghj
B0DWFZVX5M,asdfkghj
B0DV44XX4Q,asdfkghj
B0DT43SZQ2,asdfkghj
B0DS5X8MV4,asdfkghj
B0DRYHDGD8,asdfkghj
B0DRJZS9HJ,asdfkghj
B0DRJV7GF3,asdfkghj
B0DR2F3LZZ,asdfkghj
B0DQXMQ81S,asdfkghj
B0DQP4YSGV,asdfkghj
B0DQ8Y1345,asdfkghj
B0DQ7JMGV5,asdfkghj
B0DQ4XKL7C,asdfkghj
B0DPR1G9C8,asdfkghj
B0DNMH4YT1,asdfkghj
B0DM97TFPK,asdfkghj
B0DLYVL932,asdfkghj
B0DLYNMLSN,asdfkghj
B0DLWBQQNX,asdfkghj
B0DLVMGFGD,asdfkghj
B0DLFVVT91,asdfkghj
B0DHJQQZJ9,asdfkghj
B0DH2VFPW5,asdfkghj
B0DGT7SHWV,asdfkghj
B0DGPGQQC2,asdfkghj
B0DGFZF6JB,asdfkghj
B0DGCSDTKM,asdfkghj
B0DD7TLRQJ,asdfkghj
B0DD7LCBBN,asdfkghj
B0D8Y5MDBJ,asdfkghj
B0D7LQR2G8,asdfkghj
B0D6YJXX84,asdfkghj
B0CC959FVT,asdfkghj
B0C8S8RZK2,asdfkghj
B0C8HNYK5B,asdfkghj
B0C7VFGQDG,asdfkghj
B0C2K12QQS,asdfkghj
B0C2887FS2,asdfkghj
B0C1K2QYYT,asdfkghj
B0BY2GSH79,asdfkghj
B0BHX3LTHC,asdfkghj
B0BGRZWQLW,asdfkghj
B0BDY7C7FL,asdfkghj
B0BBPXPW2C,asdfkghj
B0BBPRD2BM,asdfkghj
B0B7D9JFXQ,asdfkghj
B0B5LY7HYP,asdfkghj
B09XBLZ36L,asdfkghj
B0D6L3NTPP,asdfkghj
B0D65GG3MW,asdfkghj
B0D49SD8WJ,asdfkghj
B0D47MW8P9,asdfkghj
B0D1TH5JJF,asdfkghj
B0CZ9753KX,asdfkghj
B0CXPMMH8M,asdfkghj
B0CTCTPLNS,asdfkghj
B0CS5Y9465,asdfkghj
B0CRRJMY5W,asdfkghj
B0CR1F3ZRD,asdfkghj
B0CQYL3VCK,asdfkghj
B0CM28ZPK3,asdfkghj
B0CL9CWRY1,asdfkghj
B0CGLLVG92,asdfkghj
B0CFV4JBPZ,asdfkghj
B09V7J4S2X,asdfkghj
B09HXWB1JJ,asdfkghj
B09H48MWPH,asdfkghj
B09GW3DX5Z,asdfkghj
B094J663T1,asdfkghj
B08Z7DSM2C,asdfkghj
B08BCGSRB1,asdfkghj
B07YZJBT85,asdfkghj
B07TBR5MH5,asdfkghj
B01N5VMQJ4,asdfkghj
B09JZ32R4M,asdfkghj
B09876NH1K,asdfkghj
B08HTDVJXW,asdfkghj
B07SM72VW6,asdfkghj
B09JQWFVY3,asdfkghj
B0DQ86C7DV,asdfkghj
B015WO4UZ4,asdfkghj
B08HX55B1Q,asdfkghj
B0D5QXRWN7,asdfkghj
B0CSDT2KKB,asdfkghj
B085HMS3WW,asdfkghj
B0CHJS2F5Y,asdfkghj
B0CFH68PJV,asdfkghj
B0C1JWY9W9,asdfkghj
B0DGKWWSWV,asdfkghj
B0DTJ9CRQ2,asdfkghj
B0D3QKCYDX,asdfkghj
B07DQ5MCFT,asdfkghj
B0859GZDDL,asdfkghj
B0CY8D2VL4,asdfkghj
B0CF57KWK4,asdfkghj
B0DRFTBYDN,asdfkghj
B0CGTWQ8T3,asdfkghj
B0C2V86G9K,asdfkghj
B0CHR132V5,asdfkghj
B081Y35817,asdfkghj
B0BYNGY37P,asdfkghj
B07BQFBMYQ,asdfkghj
B09R16SDW5,asdfkghj
B08XW73YVV,asdfkghj
B076CPHRGN,asdfkghj
B0C2D43MQ9,asdfkghj
B0DNZC7QT4,asdfkghj
B0D299P2TN,asdfkghj
B0CG37CTML,asdfkghj
B0CCRGQ5J8,asdfkghj
B0CD21FQPP,asdfkghj
B0CWRYQ8NB,asdfkghj
B0C72PGX5R,asdfkghj
B0BH717WDC,asdfkghj
B09BMY1QB5,asdfkghj
B0CXSBNHS6,asdfkghj
B07TZHVSBQ,asdfkghj
B0B1T7NCNZ,asdfkghj
B0DWG24SG1,asdfkghj
B0D94GB47Z,asdfkghj
B0DT6XB47J,asdfkghj
B09XN6FSVT,asdfkghj
B0DS5WX769,asdfkghj
B0D95L6W5J,asdfkghj
B0DS257WYX,asdfkghj
B06ZXXQSKM,asdfkghj
B0DRD1PZ2R,asdfkghj
B0CMCJFLXF,asdfkghj
B0DR8GKXBN,asdfkghj
B0DDPHWH1B,asdfkghj
B0DPMGRKCS,asdfkghj
B0DQ7TRKDM,asdfkghj
B0DJQRBG45,asdfkghj
B0CRBK31RN,asdfkghj
B0DHX9HTZT,asdfkghj
B00H5WB4U6,asdfkghj
B0DG5KBL3M,asdfkghj
B09SB5NZ3Q,asdfkghj
B0DCF2G55N,asdfkghj
B0CL4VD72W,asdfkghj
B0D3PFQ6VJ,asdfkghj
B0CQ8WNMJN,asdfkghj
B0CMN615B5,asdfkghj
B0D3XFKKQR,asdfkghj
B0CLV1HTWZ,asdfkghj
B0CBFWW9DW,asdfkghj
B0CL91P7FG,asdfkghj
B0CDH7LTVF,asdfkghj
B0C8CLMZZJ,asdfkghj
B0DJXT9FLC,asdfkghj
B0C4XKNM75,asdfkghj
B07285NXNS,asdfkghj
B0C4XGX9NH,asdfkghj
B0CW1K5Q4D,asdfkghj
B0C4JKZ3LP,asdfkghj
B09JYS8NS8,asdfkghj
B0C13BWQHK,asdfkghj
B0D9GHHMV1,asdfkghj
B0BC9J45QX,asdfkghj
B0B3KWSTKH,asdfkghj
B09MHGYQRP,asdfkghj
B0DFH28TM5,asdfkghj
B09BV837KV,asdfkghj
B0BN4MLVGS,asdfkghj
B08JPLR3YC,asdfkghj
B0B24J7Y2C,asdfkghj
B07VJDY4QF,asdfkghj
B09DFSFSRN,asdfkghj
B0794XWZ74,asdfkghj
B0DHS6B5RT,asdfkghj
B01DY6O4DK,asdfkghj
B09KC8785W,asdfkghj
B007NFX2AA,asdfkghj
B0DK89WXD5,asdfkghj
B0CJFLPCBG,asdfkghj
B0DP6RK4WG,asdfkghj
B0CH4K5G7G,asdfkghj
B07DYM34WS,asdfkghj
B077L9742K,asdfkghj
B0D6S3C92J,asdfkghj
B0DL2D2DX1,asdfkghj
B0D83Q96NW,asdfkghj
B0CW1NCSH8,asdfkghj
B07HCYDCS1,asdfkghj
B0DLW9Y326,asdfkghj
B0D3TKPG8H,asdfkghj
B0DWNH47GD,asdfkghj
B0DWMMDC3P,asdfkghj
B0DT9C2Z78,asdfkghj
B0DSZS8JRZ,asdfkghj
B0DSZQ7QTS,asdfkghj
B0DSZQ52MM,asdfkghj
B0DSZJ524B,asdfkghj
B0DSWCQG9M,asdfkghj
B0DST5YQCJ,asdfkghj
B0DSPLRQW2,asdfkghj
B0DSFFJGQT,asdfkghj
B0DSF2Y11G,asdfkghj
B0DSBY429N,asdfkghj
B0DSBB3RG8,asdfkghj
B0DS5K9N2T,asdfkghj
B0DRYF9J8H,asdfkghj
B0CTDRPLDC,asdfkghj
B0BR634ZLG,asdfkghj
B0BMW6J84G,asdfkghj
B09Y53M33V,asdfkghj
B07X3XRJJQ,asdfkghj
B074RZDZT1,asdfkghj
B0DKRT46PL,asdfkghj
B0D99844KB,asdfkghj
B0D7QQSKZD,asdfkghj
B0CX581294,asdfkghj
B0C3BCPD4M,asdfkghj
B0BQ42Y3LR,asdfkghj
B09ZX91PB8,asdfkghj
B08NGJN91Z,asdfkghj
B0DQNF43XS,asdfkghj
B0DK4MQ4S3,asdfkghj
B0DRJW2BBX,asdfkghj
B0DQ897PYG,asdfkghj
B0DPR7TYPY,asdfkghj
B0DPKMJWBD,asdfkghj
B0DPGBZB9C,asdfkghj
B0DP3DMGWZ,asdfkghj
B0DN126HN7,asdfkghj
B0DKMPLBXC,asdfkghj
B0DKJTV2DY,asdfkghj
B0DK3BJ313,asdfkghj
B0DHK9FL7B,asdfkghj
B0DHG75BJG,asdfkghj
B0DHCS2N9T,asdfkghj
B0D9XKRSWV,asdfkghj
B0D9NNB3H2,asdfkghj
B0D97CQ3PV,asdfkghj
B0CRNNBM9F,asdfkghj
B0CL37PTLS,asdfkghj
B0CKR55FBT,asdfkghj
B0CKH4QTG6,asdfkghj
B0CJWWM7BT,asdfkghj
B0CFLH3CVM,asdfkghj
B0BZV2V6SF,asdfkghj
B0BTMVWSK9,asdfkghj
B0BNTLZBKG,asdfkghj
B0BMKD1JQN,asdfkghj
B0B8DVM3ZP,asdfkghj
B098FB34T4,asdfkghj
B089M6Y92H,asdfkghj
B0DYL465Q7,asdfkghj
B0DY74X6MT,asdfkghj
B0DX6CG2HR,asdfkghj
B0D7ZGZFKS,asdfkghj
B0D733YD72,asdfkghj
B0D5WFVNCZ,asdfkghj
B0D5MP1LQL,asdfkghj
B0D3TYKC7L,asdfkghj
B0D3CDFTHH,asdfkghj
B0D1VBNDW5,asdfkghj
B0CZ9B5PD5,asdfkghj
B0CTLKMPFW,asdfkghj
B0CT5QTMYV,asdfkghj
B0CSDTC87Z,asdfkghj
B0CR5TBSJG,asdfkghj
B0CQMLZ9K2,asdfkghj
B0CN6C1V6F,asdfkghj
B0CGRZCND1,asdfkghj
B0CGDHBJV2,asdfkghj
B0CD42KW9W,asdfkghj
B0CBN92KPP,asdfkghj
B0C95ZWXQ9,asdfkghj
B0C7RL8788,asdfkghj
B0C5D2G9XT,asdfkghj
B0C2H4N2D6,asdfkghj
B0BTSZVSR6,asdfkghj
B0B155Y1LK,asdfkghj
B09HX7WGWR,asdfkghj
B0992TDXFN,asdfkghj
B0932XC427,asdfkghj
B08R7J35FH,asdfkghj
B08P73W8MD,asdfkghj
B07NQL17TG,asdfkghj
B015QOGLL6,asdfkghj
B0C3V8H9BF,asdfkghj
B098SWN3SX,asdfkghj
B0CYBPFVG4,asdfkghj
B0DFWQTHHP,asdfkghj
B0CNL65D6P,asdfkghj
B0CKYHZ4X4,asdfkghj
B0D78NHC7W,asdfkghj
B0CNBM35HV,asdfkghj
B0C6JSSHVJ,asdfkghj
B0811MD1HD,asdfkghj
B0BNCZMFBT,asdfkghj
B0DCNZW163,asdfkghj
B0DHCS9ZWP,asdfkghj
B0B1VRB8K7,asdfkghj
B0DC622LQS,asdfkghj
B089GLCLFF,asdfkghj
B07P45MC8B,asdfkghj
B0DXJTN7GK,asdfkghj
B0DTYXSLT7,asdfkghj
B0DSVZKL4V,asdfkghj
B0DSVXT9YJ,asdfkghj
B0DSLK3CV4,asdfkghj
B0DS46TCC6,asdfkghj
B0DR7RFBYJ,asdfkghj
B0DQSPGDBP,asdfkghj
B0DMBQ844P,asdfkghj
B0DHL24QZ9,asdfkghj
B0DF756FYW,asdfkghj
B0D6QY4Q6Z,asdfkghj
B0D6376QPK,asdfkghj
B0D1TH2KFC,asdfkghj
B0CX57T29B,asdfkghj
B0CL2WHYDB,asdfkghj
B0C7GXQ19R,asdfkghj
B0C58L251Z,asdfkghj
B0BVG2PHT7,asdfkghj
B0BR88677C,asdfkghj
B0BCK7YMPQ,asdfkghj
B0BC2XV4HN,asdfkghj
B0B9NB7PYH,asdfkghj
B0B1TQDRBC,asdfkghj
B07J5NTGJ3,asdfkghj
B0B1CTRQNR,asdfkghj
B0CGTLXKPS,asdfkghj
B0BX35ZWKF,asdfkghj
B0BH585N7T,asdfkghj
B0CS6H89B2,asdfkghj
B0DM8Q48KM,asdfkghj
B07BDFS2N9,asdfkghj
B0DK1ZCVD5,asdfkghj
B01KEQAXV0,asdfkghj
B0BK1QYF11,asdfkghj
B0BFRMYL9W,asdfkghj
B074MPMLJR,asdfkghj
B0CCHYJRP1,asdfkghj
B01MDM7CBZ,asdfkghj
B0B76GK9D1,asdfkghj
B076N4NPPD,asdfkghj
B07RWJD1SX,asdfkghj
B0DH9RYZ3V,asdfkghj
B0F13GMV3T,asdfkghj
B08WCJZP83,asdfkghj
B00OYUTETK,asdfkghj
B0C33VNMGZ,asdfkghj
B0DWSV27JH,asdfkghj
B0CQV3H3SX,asdfkghj
B0C38WFMH1,asdfkghj
B0DP6Y5W4B,asdfkghj
B0D9QD8GFS,asdfkghj
B0BC9Z2DCB,asdfkghj
B001ILHYAY,asdfkghj
B0BN6CSCQ5,asdfkghj
B0DS1VZ8XL,asdfkghj
B0C39XDQZV,asdfkghj
B0D8Y9R5CD,asdfkghj
B00BM8RYAS,asdfkghj
B0DL2C82TM,asdfkghj
B0C85LRDG6,asdfkghj
B0CP21KMS1,asdfkghj
B0D4QHW4V2,asdfkghj
B0BS2XQ6J9,asdfkghj
B099X31J2S,asdfkghj
B0993HBGFH,asdfkghj
B0CN2GGP6F,asdfkghj
B0D2NJVB2J,asdfkghj
B000CSUNRU,asdfkghj
B0BY4MTBNV,asdfkghj
B0953R76TL,asdfkghj
B082PQ2YV2,asdfkghj
B0BMKCWSX4,asdfkghj
B00TFY5TQW,asdfkghj
B08TB7YZVR,asdfkghj
B082JKSW6Z,asdfkghj
B0C6QL6YH5,asdfkghj
B019PESFQW,asdfkghj
B0CSXKK7PD,asdfkghj
B0896YT9MY,asdfkghj
B0DHKK9ZKL,asdfkghj
B0CYZWD5QM,asdfkghj
B0DHZ8N9SG,asdfkghj
B06Y5MZ8P6,asdfkghj
B00DCRE50O,asdfkghj
B0C36M3R3L,asdfkghj
B0C3C7NXHK,asdfkghj
B0BS4JZNGD,asdfkghj
B0B8MMFPNR,asdfkghj
B000MZQG1K,asdfkghj
B0CY1ZFT8G,asdfkghj
B0CJJ3W89G,asdfkghj
B0DBQ3J2DX,asdfkghj
B0DJWWZ1GD,asdfkghj
B07JC7LLV9,asdfkghj
B0CK1BYBNH,asdfkghj
B078JJVF1P,asdfkghj
B0007ZKHLU,asdfkghj
B0DM28ZCML,asdfkghj
B0CWP942YM,asdfkghj
B0DLW3TNBH,asdfkghj
B095W2SSL7,asdfkghj
B0DDTVWGSH,asdfkghj
B07GY45T3P,asdfkghj
B0DB5C2PLS,asdfkghj
B0CCNZMKD2,asdfkghj
B0BQW1F88D,asdfkghj
B0CZ71S57Y,asdfkghj
B0BLL3YD1B,asdfkghj
B096756M3Y,asdfkghj
B07WCT51MS,asdfkghj
B0CMQVNWG2,asdfkghj
B0CLH9G7HK,asdfkghj
B0DXF38K5F,asdfkghj
B0CX4FGPWB,asdfkghj
B0D62BYD3M,asdfkghj
B07Q464LPV,asdfkghj
B011W865VQ,asdfkghj
B0DS6D5XLT,asdfkghj
B0DDKDLFQQ,asdfkghj
B0D2R6KQ92,asdfkghj
B0BBFKDTQN,asdfkghj
B09ZBJ3RH5,asdfkghj
B0BLHBVKZR,asdfkghj
B0D1QNS2DJ,asdfkghj
B00BDZV7GM,asdfkghj
B0C72H5SHT,asdfkghj
B0B87SD7SY,asdfkghj
B0CW3WSP63,asdfkghj
B076BJ7246,asdfkghj
B00S8LC5W4,asdfkghj
B0DWMGRY5V,asdfkghj
B005EHGGMA,asdfkghj
B0017H413M,asdfkghj
B0DPWQQ51Z,asdfkghj
B0B2JDV4Z4,asdfkghj
B000JM77PU,asdfkghj
B0DPM9V76Y,asdfkghj
B007GCBWDO,asdfkghj
B088P5CZ8N,asdfkghj
B0DM97YVQR,asdfkghj
B0DBWMMXMN,asdfkghj
B07765H5JX,asdfkghj
B0CB9YRV1Z,asdfkghj
B07QCP9X1R,asdfkghj
B01EGWAQI8,asdfkghj
B0C51SMYDG,asdfkghj
B01MFA39FE,asdfkghj
B00IC13N9E,asdfkghj
B09ZQFPCFG,asdfkghj
B0CP3BC84D,asdfkghj
B00D9BY2Q0,asdfkghj
B098DYFHRF,asdfkghj
B0DG585SLY,asdfkghj
B008D6CIL2,asdfkghj
B08VG56KSZ,asdfkghj
B007R7V3MS,asdfkghj
B0DL5MKBXW,asdfkghj
B007I6LHN8,asdfkghj
B0CDRRBYZR,asdfkghj
B0017H413C,asdfkghj
B018QOVRYE,asdfkghj
B00029NMCC,asdfkghj
B09S7Y6ZW1,asdfkghj
B09M4DMNGS,asdfkghj
B0CJL7MZJR,asdfkghj
B08WTKV7ZC,asdfkghj
B07FTXL444,asdfkghj
B09SQ94W67,asdfkghj
B0C61VVQT5,asdfkghj
B09CRK7WYM,asdfkghj
B07939N4XD,asdfkghj
B0CR7HHSPV,asdfkghj
B0CCWZG2D6,asdfkghj
B07SQ683PN,asdfkghj
B07SH3J5R6,asdfkghj
B0DK77SKR1,asdfkghj
B08DXW3TNQ,asdfkghj
0998069302,asdfkghj
B0DYHQTCV2,asdfkghj
B0DWKGGRCZ,asdfkghj
B0DW6VKFL1,asdfkghj
B0DQPJKPBZ,asdfkghj
B0DK327R2D,asdfkghj
B0CGD5XFGG,asdfkghj
B0C8SPGJXY,asdfkghj
B0B32P14FZ,asdfkghj
B09BKY9JQJ,asdfkghj
B07R6NV54S,asdfkghj
B06XJP8P3N,asdfkghj
B0DS9NVXGG,asdfkghj
B0DFWRTN4V,asdfkghj
B0DHQMF8WN,asdfkghj
B0C4XKWB2H,asdfkghj
B0D3HNW4D3,asdfkghj
B0CTMCQV2J,asdfkghj
B0CH53MFPD,asdfkghj
B0DG8LDH5K,asdfkghj
B0CBRVMY8Z,asdfkghj
B0CZNB3WSC,asdfkghj
B0C73JFQSG,asdfkghj
B0CZMW4R2Z,asdfkghj
B0BQ2TT1K6,asdfkghj
B0CZ8L9P4T,asdfkghj
B0B5242T4X,asdfkghj
B07XSD98M1,asdfkghj
B07VK8TSL3,asdfkghj
B07JYDL31C,asdfkghj
