item,source
B0DP1WHDJZ,akdjgakjg
B0DNJ39K7D,akdjgakjg
B0DKBS4343,akdjgakjg
B0DHZKVGPW,akdjgakjg
B0DHWR7W9C,akdjgakjg
B0DHCPTRQF,akdjgakjg
B0DG2PKTZR,akdjgakjg
B0DF4SZ5Y6,akdjgakjg
B0DDTF88WX,akdjgakjg
B0DD1WFDBX,akdjgakjg
B0DCSXC668,akdjgakjg
B0DCS5WLKN,akdjgakjg
B0DCS5FLNG,akdjgakjg
B0DCKBBYGN,akdjgakjg
B0DBV59QZZ,akdjgakjg
B0DBQHRWYC,akdjgakjg
B0DB1PFNXY,akdjgakjg
B0D95H6N42,akdjgakjg
B0D8CHKVDT,akdjgakjg
B0D5HZY5GG,akdjgakjg
B0D5CQ4615,akdjgakjg
B0D3DTYG98,akdjgakjg
B0D1FYJ7NF,akdjgakjg
B0D1C4S7SZ,akdjgakjg
B0CZST1Z6X,akdjgakjg
B0CZRCJYF2,akdjgakjg
B0CZ3X7H9D,akdjgakjg
B0CYX1RFFT,akdjgakjg
B0CY2D2D8Y,akdjgakjg
B0CXSZLS6G,akdjgakjg
B0CRVN22PG,akdjgakjg
B0CQ53Y23N,akdjgakjg
B0CPY64ZTX,akdjgakjg
B0CP72DFPN,akdjgakjg
B0CP3RY3TK,akdjgakjg
B0CNKR27JC,akdjgakjg
B0CNGQJW7L,akdjgakjg
B0CN369JKG,akdjgakjg
B0CM2WB243,akdjgakjg
B0CLYTCFW3,akdjgakjg
B0CH35XGFV,akdjgakjg
B0CG9DSK2M,akdjgakjg
B0CF92PSGP,akdjgakjg
B0CDGL3WS1,akdjgakjg
B0CCR738CC,akdjgakjg
B0CC935SBZ,akdjgakjg
B0CBWZ1FL9,akdjgakjg
B0CB6MYTF3,akdjgakjg
B0CB5QSTW4,akdjgakjg
B0C9JTBLR9,akdjgakjg
B0C7CY4RRQ,akdjgakjg
B0C6ZZQ32C,akdjgakjg
B0C2TJNWQK,akdjgakjg
B0BZJTDMVX,akdjgakjg
B0BXLTWBPT,akdjgakjg
B09P72ZHZT,akdjgakjg
B09J13LNJ5,akdjgakjg
B09FF6XP7B,akdjgakjg
B0993NXV17,akdjgakjg
B095KLPXB8,akdjgakjg
B08T1HHVLR,akdjgakjg
B08N6N32LJ,akdjgakjg
B08MSP6ZD2,akdjgakjg
B08JH8ZBHL,akdjgakjg
B08G9QZY42,akdjgakjg
B087N5RZ9G,akdjgakjg
B085S6N7B8,akdjgakjg
B084HJVRMD,akdjgakjg
B082F3F78W,akdjgakjg
B07YX678RN,akdjgakjg
B07YS7NZFD,akdjgakjg
B0BWR41V3J,akdjgakjg
B0BTZWPWHX,akdjgakjg
B0BS8PCVBK,akdjgakjg
B0BR3XDGTM,akdjgakjg
B0BQ6QBS64,akdjgakjg
B0BQ64SN93,akdjgakjg
B0BPSN1RKB,akdjgakjg
B0BK8SMWY4,akdjgakjg
B0BCYYLC9H,akdjgakjg
B0B7RPZCBV,akdjgakjg
B0B6FWM623,akdjgakjg
B0B5MQV52X,akdjgakjg
B0B45ZRY9N,akdjgakjg
B09YR3MKJK,akdjgakjg
B09XDMQB1G,akdjgakjg
B09TH4CJD3,akdjgakjg
B07D3FPBYN,akdjgakjg
B07CZQ4HPV,akdjgakjg
B075W4SH3W,akdjgakjg
B01LOE4LFK,akdjgakjg
B01J2UO88I,akdjgakjg
B019PROO00,akdjgakjg
B0108SZIXW,akdjgakjg
B00S0MBJKK,akdjgakjg
B00AIS86IW,akdjgakjg
B004D488AI,akdjgakjg
B001QAH3AS,akdjgakjg
B0DC773ZK7,akdjgakjg
B0BXR3XDHP,akdjgakjg
B000VYOW9U,akdjgakjg
B0CBPRYMZG,akdjgakjg
B0925LCWBH,akdjgakjg
B0CM3J7BVZ,akdjgakjg
B0C5MS4WNY,akdjgakjg
B08BFZG8F1,akdjgakjg
B08FCS155K,akdjgakjg
B0BYYRGNNT,akdjgakjg
B09TD8H17T,akdjgakjg
B0CWSPSQSJ,akdjgakjg
B0BXLGJ66Q,akdjgakjg
B0CJY5FQYT,akdjgakjg
B08DMPD1ZP,akdjgakjg
B0BFK67FBY,akdjgakjg
B017X7FJD0,akdjgakjg
B00GUEV7WU,akdjgakjg
B0CYZWFZHV,akdjgakjg
B0009IY838,akdjgakjg
B0C7VLD6Q9,akdjgakjg
B09WQRGRWT,akdjgakjg
B072S971DR,akdjgakjg
B01N1UAQ15,akdjgakjg
B08CDYF6LF,akdjgakjg
B07THVLZ16,akdjgakjg
B004K1N0S4,akdjgakjg
B07FNKHDRS,akdjgakjg
B07N8HVCL2,akdjgakjg
B00UZZITC6,akdjgakjg
B0CGGB4KDP,akdjgakjg
B0C1GP3B8S,akdjgakjg
B0CXTLWNBX,akdjgakjg
B0CCCXVP24,akdjgakjg
B0C7KC61DK,akdjgakjg
B0B1PHR9SJ,akdjgakjg
B09QCJ7Q8J,akdjgakjg
B09N35YQNC,akdjgakjg
B09MNBQQ9Q,akdjgakjg
B087CB6W4L,akdjgakjg
B06Y5YHSHH,akdjgakjg
B0CV7BNJ6J,akdjgakjg
B0CJXXT7P3,akdjgakjg
B0C745MVS5,akdjgakjg
B0B7DC9M1L,akdjgakjg
B09YM1PMRN,akdjgakjg
B096XY5KGR,akdjgakjg
B091BK9F53,akdjgakjg
B0899KC6JR,akdjgakjg
B0BP1X753Q,akdjgakjg
B0B2LKR98Y,akdjgakjg
B07HNGKMQM,akdjgakjg
B0D5LSBGSX,akdjgakjg
B085FQS9HW,akdjgakjg
B0B92KLLD2,akdjgakjg
B012C76U7U,akdjgakjg
B0CFL1BVCD,akdjgakjg
B0BTRP81G5,akdjgakjg
B09VKVY27V,akdjgakjg
B0BC84W7Q2,akdjgakjg
B0B3XQL784,akdjgakjg
B0DFHQKPR6,akdjgakjg
B0C61D62QL,akdjgakjg
B0BZS2XT7J,akdjgakjg
B0BKPFTCY1,akdjgakjg
B09LLGQVYX,akdjgakjg
B0BW8NC225,akdjgakjg
B09ZVQ435C,akdjgakjg
B08NB9DM9J,akdjgakjg
B08HPMCPPL,akdjgakjg
B00VF040W8,akdjgakjg
B00534397O,akdjgakjg
B0BDF8VW52,akdjgakjg
B0013ABIXY,akdjgakjg
B0BLKDNPGY,akdjgakjg
B0BFGXZWPR,akdjgakjg
B081CWX533,akdjgakjg
B00WBC65A4,akdjgakjg
B0D45J3SKJ,akdjgakjg
B0D1R2WKGG,akdjgakjg
B0C1VF1W7W,akdjgakjg
B08N3XWTHW,akdjgakjg
B0DK8VDWQ3,akdjgakjg
B087YTLC3X,akdjgakjg
B017SJBTQ4,akdjgakjg
B07HPWPWFL,akdjgakjg
B07HRB78T3,akdjgakjg
B07GYBQLZJ,akdjgakjg
B08BTT83XC,akdjgakjg
B0DFVB6L7X,akdjgakjg
B0CSK8SMNK,akdjgakjg
B076617VFY,akdjgakjg
B0BVY5TF51,akdjgakjg
B07P76YWCY,akdjgakjg
B08F2KGWSM,akdjgakjg
B09ZB67TZJ,akdjgakjg
B08CDR2CV5,akdjgakjg
B071HNN58B,akdjgakjg
B0064JFL8C,akdjgakjg
B0057IVLFI,akdjgakjg
B0DGTB3S2D,akdjgakjg
B0C5GP5VSM,akdjgakjg
B0BX3VCZV8,akdjgakjg
B0B8ZDHTL6,akdjgakjg
B0B62XVCV2,akdjgakjg
B08Z3PK9WF,akdjgakjg
B089Q29F5B,akdjgakjg
B087XBXCS2,akdjgakjg
B072BNHZ6S,akdjgakjg
B01MYXRQEC,akdjgakjg
B001SB1WXY,akdjgakjg
B0DZJ3PC2Q,akdjgakjg
B0CJCHYLNT,akdjgakjg
B0B8LW2M35,akdjgakjg
B01N1XG8HW,akdjgakjg
B0CLNCZFBM,akdjgakjg
B0BM4FS7NT,akdjgakjg
B0CXY8THWW,akdjgakjg
B0CK1274KF,akdjgakjg
B0CBRHLV9F,akdjgakjg
B0BMW9V6MS,akdjgakjg
B0874S4MPS,akdjgakjg
B0057IVKT0,akdjgakjg
B0DCJH3FMS,akdjgakjg
B0BJ3FHM8W,akdjgakjg
B0B188N22T,akdjgakjg
B07KQKR56D,akdjgakjg
B006K42O0O,akdjgakjg
B0DSHXGJCB,akdjgakjg
B0DRD1LMCT,akdjgakjg
B0DR8D8JVB,akdjgakjg
B0DNYWMDG5,akdjgakjg
B0DNDTR129,akdjgakjg
B0DLZXDFND,akdjgakjg
B0DKBPZ48V,akdjgakjg
B0DK3GL7WQ,akdjgakjg
B0DHWSSTVP,akdjgakjg
B0DFWDJS2F,akdjgakjg
B0DCS4ZNQJ,akdjgakjg
B0DBR3WCS9,akdjgakjg
B0DB99D4LG,akdjgakjg
B0D9B62Z89,akdjgakjg
B0D5BNZBL8,akdjgakjg
B0D5B4628B,akdjgakjg
B0D3CVDP7M,akdjgakjg
B0CZG1T4NP,akdjgakjg
B0CZ3YP38S,akdjgakjg
B0CZ3M12KQ,akdjgakjg
B0CWP18WM7,akdjgakjg
B0CR6Z77TV,akdjgakjg
B0CQT8G24X,akdjgakjg
B0CQLL2B21,akdjgakjg
B0CPY3PSXN,akdjgakjg
B0CLXVLY2P,akdjgakjg
B0CK7NXQ3G,akdjgakjg
B0CH366BHT,akdjgakjg
B0CGTKTL6F,akdjgakjg
B0CGM6F1L2,akdjgakjg
B0CCXDL6TN,akdjgakjg
B0CB7RJJKX,akdjgakjg
B0C9929W6D,akdjgakjg
B0C6ZZ2XJ6,akdjgakjg
B0C3CVPQ8V,akdjgakjg
B0C2YTQCP7,akdjgakjg
B0BPN3LKGT,akdjgakjg
B0BNJRJLF3,akdjgakjg
B0BN5VGRFL,akdjgakjg
B0BKF6ZKBB,akdjgakjg
B0BJQ1FL6G,akdjgakjg
B0BF4WR7NS,akdjgakjg
B0B94MJKYX,akdjgakjg
B0B7RRFDGT,akdjgakjg
B0B4JKTPTG,akdjgakjg
B0B3RMZ424,akdjgakjg
B0B2MWL2GN,akdjgakjg
B09BF7TM1R,akdjgakjg
B001EYFH90,akdjgakjg
B0DKXT1WGX,akdjgakjg
B0BFJDJWW5,akdjgakjg
B0B18CMG5D,akdjgakjg
B09GP4T74B,akdjgakjg
B0B3HV9GCF,akdjgakjg
B0BFFZD1RL,akdjgakjg
B0B5N1P7F3,akdjgakjg
B09C13NMKS,akdjgakjg
B0BBY616KB,akdjgakjg
B0BD2F75JN,akdjgakjg
B08F28FFYK,akdjgakjg
B0DFPRGTV3,akdjgakjg
B08636R5T3,akdjgakjg
B074F945NM,akdjgakjg
B01MTDMV35,akdjgakjg
B0992M4TX9,akdjgakjg
B098Q271WC,akdjgakjg
B097FX4BX5,akdjgakjg
B091SLCQ49,akdjgakjg
B08ZRT5WGP,akdjgakjg
B08YMZWJK3,akdjgakjg
B08TLYV29C,akdjgakjg
B08MYTHXLP,akdjgakjg
B08BNTFMK3,akdjgakjg
B07XCCXJ9J,akdjgakjg
B07X22HCQ1,akdjgakjg
B07VPP8RXH,akdjgakjg
B07TKLNBD9,akdjgakjg
B07H7VJBZY,akdjgakjg
B0777SCHFS,akdjgakjg
B01IORDDYU,akdjgakjg
B0108SZD4G,akdjgakjg
B00K1GOIQU,akdjgakjg
B00FQD64ZG,akdjgakjg
B0D9CDQ1X5,akdjgakjg
B0D678R6WC,akdjgakjg
B009LPDU0W,akdjgakjg
B0CVNB2SCK,akdjgakjg
B08BCSC82R,akdjgakjg
B0C77V9M2N,akdjgakjg
B0DJ2ZGT5N,akdjgakjg
B07HMLTKP7,akdjgakjg
B00XIYQ9Z0,akdjgakjg
B0CJ2JZ7LD,akdjgakjg
B08PY8B8CZ,akdjgakjg
B079DSZMWM,akdjgakjg
B0BB3DXQVW,akdjgakjg
B08D8FCXVW,akdjgakjg
B09136GCNV,akdjgakjg
B078Z7W933,akdjgakjg
B072WDXBWW,akdjgakjg
B07KRRB53V,akdjgakjg
B07DNM4SQ4,akdjgakjg
B08R5VB2G4,akdjgakjg
B08G12RHBN,akdjgakjg
B0DR186FMG,akdjgakjg
B0CZC7Q48K,akdjgakjg
B0DCJG9S95,akdjgakjg
B00UK567ZC,akdjgakjg
B0DK874N6Q,akdjgakjg
B0BCGP5SYD,akdjgakjg
B0D7RYLBP9,akdjgakjg
B0D4DBWTFZ,akdjgakjg
B0C38YKXWZ,akdjgakjg
B0B6G25SF4,akdjgakjg
B0BQW185PN,akdjgakjg
B0CJ93F26P,akdjgakjg
B09Z277DYR,akdjgakjg
B098F7HG4Y,akdjgakjg
B09DYB9NQT,akdjgakjg
B0CZQKG547,akdjgakjg
B0CRDH82DY,akdjgakjg
B0BKKJYP38,akdjgakjg
B09V9XQJ87,akdjgakjg
B01D0FNAWQ,akdjgakjg
B0CQ546DG4,akdjgakjg
B0B6383H1T,akdjgakjg
B087PV146X,akdjgakjg
B08FMVTMKH,akdjgakjg
B08D3Z2N6R,akdjgakjg
B0868HBZF3,akdjgakjg
B08859BS2G,akdjgakjg
B082YL7S4T,akdjgakjg
B08XBZCXYD,akdjgakjg
B07DV33XJ5,akdjgakjg
B0CT3D65H5,akdjgakjg
B0BM3FYV3P,akdjgakjg
B08BFDV8RW,akdjgakjg
B0DHSRGN9X,akdjgakjg
B0D4C9MGHC,akdjgakjg
B09136KQNZ,akdjgakjg
B0C281TF2Q,akdjgakjg
B00ISBPK08,akdjgakjg
B0CH8WCYTP,akdjgakjg
B07MSFSHWW,akdjgakjg
B00MA47WVO,akdjgakjg
B085RMCFL4,akdjgakjg
B0DB5H3LXH,akdjgakjg
B0CQD579Q1,akdjgakjg
B0C651VTG4,akdjgakjg
B0BKSV41GH,akdjgakjg
B0CDN2T7M4,akdjgakjg
B0C2TYB4B8,akdjgakjg
B0C582H1PD,akdjgakjg
B0D25YBL22,akdjgakjg
B0BHD2XGNG,akdjgakjg
B07L5NWX7K,akdjgakjg
B0CYZNM2VQ,akdjgakjg
B09C14MB6W,akdjgakjg
B0D3JF923N,akdjgakjg
B0D99SQ1VM,akdjgakjg
B08SLQV432,akdjgakjg
B07D5MHLGD,akdjgakjg
B09VGF9YLN,akdjgakjg
B0C4XPC3CB,akdjgakjg
B0D8BCR9NW,akdjgakjg
B0CJXZBQNN,akdjgakjg
B09VTMDVGS,akdjgakjg
B09MTKQ4DF,akdjgakjg
1732189668,akdjgakjg
B0C1G5DQ2Q,akdjgakjg
B0B19N5Y3T,akdjgakjg
B09LLNL281,akdjgakjg
B076ZYZ896,akdjgakjg
B07PNDCBBR,akdjgakjg
B08JFZDT8W,akdjgakjg
B0799DYL2G,akdjgakjg
B00H9TYDFS,akdjgakjg
B09TRSDHZF,akdjgakjg
B07CJFCY2M,akdjgakjg
B08LMSVFK5,akdjgakjg
B0CDPNDBQ3,akdjgakjg
B00H86JS48,akdjgakjg
B0B7H1L16G,akdjgakjg
B07K77WKBC,akdjgakjg
B08S9TY1VQ,akdjgakjg
B078FNBR4K,akdjgakjg
B0BX2XJJNG,akdjgakjg
B089ZRXLGN,akdjgakjg
B08C5JH9TN,akdjgakjg
B0D4Z32LMF,akdjgakjg
B0CRB25JTX,akdjgakjg
B0CPT1HYTW,akdjgakjg
B0B7L3KY51,akdjgakjg
B086RG8F7D,akdjgakjg
B0CRB6D9T2,akdjgakjg
B0BPSLZ1T5,akdjgakjg
B092RNST62,akdjgakjg
B08YQTL9MF,akdjgakjg
B0D8VPNQ5B,akdjgakjg
B0CNRCS14J,akdjgakjg
B0CKSTWR8X,akdjgakjg
B07VM5C3MC,akdjgakjg
B0052PR8IU,akdjgakjg
B0B63TPQ2G,akdjgakjg
B09XDNN1TR,akdjgakjg
B09NC6CNTK,akdjgakjg
B018KHA6X0,akdjgakjg
B001SIS14U,akdjgakjg
B0D9ZV8HD4,akdjgakjg
B0B213KV6F,akdjgakjg
B07T4TMSHW,akdjgakjg
B0CJYCV9PG,akdjgakjg
B07KPX21PM,akdjgakjg
B0BZQ8XXSY,akdjgakjg
B08DD9C3GS,akdjgakjg
B078YKK94M,akdjgakjg
B0D61XJBBZ,akdjgakjg
B09V2SV243,akdjgakjg
B0002ZPSLE,akdjgakjg
B07MV9V5QR,akdjgakjg
B07YYNKVL7,akdjgakjg
B0D9PQ9LD8,akdjgakjg
B09WXVMR52,akdjgakjg
B09LQJZSRD,akdjgakjg
B0923WT94M,akdjgakjg
B08R6XHT8H,akdjgakjg
B0CKGZX1MH,akdjgakjg
B074G35RTM,akdjgakjg
B00ZZ5C3L4,akdjgakjg
B0064JFKNI,akdjgakjg
B0DTH3YBVB,akdjgakjg
B0DP4QTBMC,akdjgakjg
B0DNZ3BJLJ,akdjgakjg
B0DJ5NQ9D8,akdjgakjg
B0DHVVH1TJ,akdjgakjg
B0DHTTK586,akdjgakjg
B0DHSGJXB5,akdjgakjg
B0DHRZ5B5H,akdjgakjg
B0DGGQBG52,akdjgakjg
B0DG5G74KH,akdjgakjg
B0DBZCDZL4,akdjgakjg
B0DB876V2D,akdjgakjg
B0DB1JYHR2,akdjgakjg
B00ZDKB1ZK,akdjgakjg
B00WI09HFO,akdjgakjg
B00IQU0D94,akdjgakjg
B003B17RA6,akdjgakjg
B0DJPPG9VV,akdjgakjg
B0CMZHYMQ8,akdjgakjg
B0CJ8N951S,akdjgakjg
B0CBK6T3D9,akdjgakjg
B0BNTZBDL7,akdjgakjg
B0BCHWS19G,akdjgakjg
B09VZ23MQS,akdjgakjg
B08BS3CJPH,akdjgakjg
B088GNFS79,akdjgakjg
B07HJD121K,akdjgakjg
B079D5PR76,akdjgakjg
B074RFV58B,akdjgakjg
B0D7MQFZ8B,akdjgakjg
B0D6YR6BF4,akdjgakjg
B0D4QD6KJD,akdjgakjg
B0D4DG1QVS,akdjgakjg
B0D2VT96G1,akdjgakjg
B0CYZ5D161,akdjgakjg
B0CYP24HYC,akdjgakjg
B0CQXG5ZVN,akdjgakjg
B0CPV6WJDD,akdjgakjg
B0CNVQMJJD,akdjgakjg
B0CNT8DWV4,akdjgakjg
B0CN9Q38CJ,akdjgakjg
B0CMQBF9DV,akdjgakjg
B0CLXZ27GZ,akdjgakjg
B0CLFY5BLZ,akdjgakjg
B0CKV9ST7L,akdjgakjg
B09238CFBR,akdjgakjg
B08LQB6323,akdjgakjg
B08LD4GNKS,akdjgakjg
B0881XS68H,akdjgakjg
B0821S6RQJ,akdjgakjg
B07QDPY3C8,akdjgakjg
B07LCWYMBK,akdjgakjg
B07HJJH3V9,akdjgakjg
B07D3FJ4P4,akdjgakjg
B078SVRJH8,akdjgakjg
B074SWMDNG,akdjgakjg
B00RUGAXDQ,akdjgakjg
B007L62FQ8,akdjgakjg
B0002PS7KS,akdjgakjg
B0002D0A6Y,akdjgakjg
B0CK7N7F3Z,akdjgakjg
B0CH1CM3XJ,akdjgakjg
B0CG4HDB46,akdjgakjg
B0CF56X64F,akdjgakjg
B0C85PTD6C,akdjgakjg
B0C6XTJ8L7,akdjgakjg
B0C6KQH21Q,akdjgakjg
B0C2GSS1WZ,akdjgakjg
B0BYZPJBBK,akdjgakjg
B0BTYCNS1F,akdjgakjg
B0BMQV6Q6Z,akdjgakjg
B0BLK37C3R,akdjgakjg
B0B7RNN4L4,akdjgakjg
B0B3CFK6LH,akdjgakjg
B096K54PM3,akdjgakjg
B0C9ZLY4YF,akdjgakjg
B0CCHTPYV3,akdjgakjg
B00YX8KZGO,akdjgakjg
B0CPLWHNMW,akdjgakjg
B07WC1XJCM,akdjgakjg
B07X1WPDWT,akdjgakjg
B092D91KB8,akdjgakjg
B08J7WY12C,akdjgakjg
B0CNKC7Y1V,akdjgakjg
B092ZK8DFP,akdjgakjg
B012CKSXOU,akdjgakjg
B08GV2YDH9,akdjgakjg
B0002EWVWY,akdjgakjg
B07XJ7GDKS,akdjgakjg
B0CH9TMN22,akdjgakjg
B07HQKCCM6,akdjgakjg
B0B5T1T4RM,akdjgakjg
B0DFMHMF63,akdjgakjg
B0D3HSNP6K,akdjgakjg
B07YDR9XVQ,akdjgakjg
B012C76U6Q,akdjgakjg
B0DJJR3SPK,akdjgakjg
B00AQFAO6E,akdjgakjg
B07C659QQ8,akdjgakjg
B06XVW6GC1,akdjgakjg
B001M1JDMM,akdjgakjg
B08B42HZSC,akdjgakjg
B08T4T8VSR,akdjgakjg
B0C89VYTQT,akdjgakjg
B08XNHK2D4,akdjgakjg
B07K8TMWN2,akdjgakjg
B07ZFD1PX6,akdjgakjg
B08KT7P8CY,akdjgakjg
B08K7JFX78,akdjgakjg
B0B84NMN5M,akdjgakjg
B08H1JS22X,akdjgakjg
B06XQRNH4S,akdjgakjg
B0BFK872T1,akdjgakjg
B0CNR2D9G3,akdjgakjg
B07YBS1GJ9,akdjgakjg
B0CV8SRN1Y,akdjgakjg
B0DLGKVR68,akdjgakjg
B01GOJC77E,akdjgakjg
B01LX7PSYS,akdjgakjg
B01BCC8GCI,akdjgakjg
B0844RDZ1N,akdjgakjg
B00DNJFR6C,akdjgakjg
B0DP68YN9Z,akdjgakjg
B0BM3DQB2P,akdjgakjg
B0C4T3S85N,akdjgakjg
B0BJQ25SR1,akdjgakjg
B001E0WS3C,akdjgakjg
B09V11XN76,akdjgakjg
B0CKP3CS19,akdjgakjg
B07DP66GYB,akdjgakjg
B094XNHL8H,akdjgakjg
B09CG6VJ2M,akdjgakjg
B089MCC7YQ,akdjgakjg
3843518920,akdjgakjg
B07RDGCF38,akdjgakjg
B0B4FB36MW,akdjgakjg
B08KCSWQY4,akdjgakjg
B0CZDDL1CG,akdjgakjg
B0C3TM7PZG,akdjgakjg
B09STQMQWX,akdjgakjg
B0DHSQPYDW,akdjgakjg
B079D7XDSX,akdjgakjg
B004GE69EW,akdjgakjg
B0DC88D5MS,akdjgakjg
B0BY7DW1NX,akdjgakjg
B0CRTDSTKL,akdjgakjg
B07RY19NQK,akdjgakjg
B0DCZC9ZR3,akdjgakjg
B0CQ4K77BT,akdjgakjg
B0C1VBW21X,akdjgakjg
B003I17EGQ,akdjgakjg
B0C652ZR84,akdjgakjg
B0CQV3V9RC,akdjgakjg
B098SWH71G,akdjgakjg
B08DF7XHLJ,akdjgakjg
B00YU1PFFK,akdjgakjg
B07Z2WD6P2,akdjgakjg
B0BW56HS4N,akdjgakjg
B07D791G67,akdjgakjg
B0BZPKR6TP,akdjgakjg
B07VWQMM67,akdjgakjg
B0C9SRSM1Q,akdjgakjg
B091F5LBJS,akdjgakjg
B0CCMXJ3LF,akdjgakjg
B09RSQ42MZ,akdjgakjg
B006ZYT6IC,akdjgakjg
B088BK1G2T,akdjgakjg
B079CT29RZ,akdjgakjg
B09S4Y1B2Y,akdjgakjg
B095K44ZCL,akdjgakjg
B0C76VPBS4,akdjgakjg
B0BZRZ149Z,akdjgakjg
B09KXWW4GR,akdjgakjg
B0057IVGVM,akdjgakjg
173218965X,akdjgakjg
B0D3L14G72,akdjgakjg
B0CQX3H3DL,akdjgakjg
B0C7ZYCRJ6,akdjgakjg
B0BT2T83ZX,akdjgakjg
B0DJ36QQC2,akdjgakjg
B0CBX11WMH,akdjgakjg
B0CBK26K8M,akdjgakjg
B09PZ6L99H,akdjgakjg
B09237J81X,akdjgakjg
B082PFVXVM,akdjgakjg
B07KG2S843,akdjgakjg
B0DSBJ3D2Y,akdjgakjg
B0CZNL6314,akdjgakjg
B0BWXJWPH3,akdjgakjg
B0BSVF28HV,akdjgakjg
B09NCPBD1M,akdjgakjg
B099R75RKP,akdjgakjg
B08R59X8BT,akdjgakjg
B08NRM197N,akdjgakjg
B07628PCY2,akdjgakjg
B01N6DJUF2,akdjgakjg
B00LNAJTEE,akdjgakjg
B0CP26C414,akdjgakjg
B0CBK4BZFW,akdjgakjg
B0BBSHL2ZG,akdjgakjg
B0B7RQ1SZL,akdjgakjg
B09RPMFJXP,akdjgakjg
B0DNMTPK7Q,akdjgakjg
B0CYPGFWY4,akdjgakjg
B09MG772BD,akdjgakjg
B08RNBQNC4,akdjgakjg
B09WJX85ZS,akdjgakjg
B07F9R9BF2,akdjgakjg
B0CJDV319N,akdjgakjg
B0BRTDN7SY,akdjgakjg
B07PPCZXTY,akdjgakjg
B07F2LMPM7,akdjgakjg
B01MQSSL85,akdjgakjg
B0CX4VCPP3,akdjgakjg
B0BR389CN7,akdjgakjg
B09NC6HT4L,akdjgakjg
B07ND4PBXC,akdjgakjg
B0DS9BZ345,akdjgakjg
B096MQ7NYH,akdjgakjg
B07TYSSWWG,akdjgakjg
B07TRNZSD4,akdjgakjg
B07QML4HPQ,akdjgakjg
B07K4VNCWP,akdjgakjg
B07BB6458Y,akdjgakjg
B071KWH7MF,akdjgakjg
B01G9D2NO2,akdjgakjg
B01D4DK7NY,akdjgakjg
B012U3FNT2,akdjgakjg
B0057IVK5E,akdjgakjg
B0DQKJ66KH,akdjgakjg
B0DQGY38CF,akdjgakjg
B0DM228ZRS,akdjgakjg
B0DKT7T53Q,akdjgakjg
B0DK3P5CPP,akdjgakjg
B0DK3GNRTG,akdjgakjg
B0DHZ9BJCG,akdjgakjg
B0DFWGB3S2,akdjgakjg
B0DCSX558B,akdjgakjg
B0DBV8P15N,akdjgakjg
B0DBTR2KY5,akdjgakjg
B0DBLGYHBK,akdjgakjg
B0DBH8N8QD,akdjgakjg
B0D9ZV3725,akdjgakjg
B0D9F2VJHJ,akdjgakjg
B0D91ZKPDM,akdjgakjg
B0D8T5NFYT,akdjgakjg
B0D63SHD1B,akdjgakjg
B0D365TC2W,akdjgakjg
B0D2WFTTYM,akdjgakjg
B0D1NX513N,akdjgakjg
B0CZF4WG3K,akdjgakjg
B0CZ6TBR5H,akdjgakjg
B0CYWZRVYW,akdjgakjg
B0CY2CXC5Y,akdjgakjg
B0CWNQCDCT,akdjgakjg
B0CW5CVKV1,akdjgakjg
B0CW4NMJ8X,akdjgakjg
B0CV1CFJ7L,akdjgakjg
B0CSFPC6W6,akdjgakjg
B0CRYWGKX5,akdjgakjg
B0CQV23SRN,akdjgakjg
B0CPY373ZN,akdjgakjg
B0CPDQNJR5,akdjgakjg
B0CNYP3ZFJ,akdjgakjg
B0CNT9SGMV,akdjgakjg
B0CND893CZ,akdjgakjg
B0BR34PYJ3,akdjgakjg
B0BPN2G93D,akdjgakjg
B0BNTP8R7F,akdjgakjg
B0BLK2WP3Y,akdjgakjg
B0BJ1PTQRR,akdjgakjg
B0BDJWBZ7V,akdjgakjg
B0B3WZ62RW,akdjgakjg
B09ZL3B9S8,akdjgakjg
B09Y5QG6QS,akdjgakjg
B09VRVBX9N,akdjgakjg
B09KCM5XD4,akdjgakjg
B0961MWFQY,akdjgakjg
B0943SS386,akdjgakjg
B08WPR4GYY,akdjgakjg
B08W8GQJFH,akdjgakjg
B08VRSL1CZ,akdjgakjg
B08LLH57HG,akdjgakjg
B08LLFPZWF,akdjgakjg
B082YVRGD5,akdjgakjg
B07YFF4MXT,akdjgakjg
B07RXXPNYV,akdjgakjg
B07P4LLH41,akdjgakjg
B07MPT333J,akdjgakjg
B07KRGQQR3,akdjgakjg
B073QW2FWL,akdjgakjg
B00YBIOM3I,akdjgakjg
B00ND5EV0E,akdjgakjg
B00C0TEJWY,akdjgakjg
B0954S7KZG,akdjgakjg
B0DPJTXZ1W,akdjgakjg
B0BMQQX6VS,akdjgakjg
B0C6SWPHM9,akdjgakjg
B097TRQY3T,akdjgakjg
B0BKT39XMZ,akdjgakjg
B0BCMCP7WQ,akdjgakjg
B074G2ZJ6X,akdjgakjg
B0BJPRF5MZ,akdjgakjg
B07V4P62Z6,akdjgakjg
B0DK1LR7QQ,akdjgakjg
B09KR1GGTF,akdjgakjg
B0CPY4PB9M,akdjgakjg
B07QJW6B9W,akdjgakjg
B088VM4LLW,akdjgakjg
B0CB9VB5CX,akdjgakjg
B0CN9PKQJ3,akdjgakjg
B0CM6VZG41,akdjgakjg
B0CM3HTLCH,akdjgakjg
B0CL8YKQ84,akdjgakjg
B0CL4S3KJF,akdjgakjg
B0CL2HSGBM,akdjgakjg
B0CJCNYJ34,akdjgakjg
B0CG9DDPQS,akdjgakjg
B0CCDCY1BP,akdjgakjg
B0C692DCXD,akdjgakjg
B0C3GFRP6H,akdjgakjg
B0C2TH4WHX,akdjgakjg
B0C2CF4LX5,akdjgakjg
B0BXLBVNBR,akdjgakjg
B0BWYH5CHL,akdjgakjg
B0BWQP5BPD,akdjgakjg
B07GVC7R77,akdjgakjg
B007GE2VHI,akdjgakjg
B07KBCMTYC,akdjgakjg
B07CTNM9NP,akdjgakjg
B0DBSDYTL2,akdjgakjg
B0BRSNSLVX,akdjgakjg
B0CGLV4MCQ,akdjgakjg
B0C1VLXYBP,akdjgakjg
B01NBL0NMN,akdjgakjg
B0CNDFMMTZ,akdjgakjg
B01IFJVYGG,akdjgakjg
B0DKD2TX81,akdjgakjg
B07WWCR8XY,akdjgakjg
B0BWWRBRNS,akdjgakjg
B0C3R71QL8,akdjgakjg
B0DN23PZ61,akdjgakjg
B0D7VS64PM,akdjgakjg
B08BL75HPD,akdjgakjg
B0CMGJV493,akdjgakjg
B09BGZQLND,akdjgakjg
B08W8BM11M,akdjgakjg
B0CGCWWT33,akdjgakjg
B0009OAJXU,akdjgakjg
B0C14G3X6J,akdjgakjg
B0BYJL4MQK,akdjgakjg
B0CN6XB9QP,akdjgakjg
B08KSDXTP4,akdjgakjg
B0CQ52N9V9,akdjgakjg
B0C4SW1ZGM,akdjgakjg
B0CKSHKM1R,akdjgakjg
B0B4DJC26R,akdjgakjg
B019JY3GNA,akdjgakjg
B0B8RGHVCR,akdjgakjg
B0BSHDSWJK,akdjgakjg
B07T96MWJD,akdjgakjg
B079B3V312,akdjgakjg
B09Z7HP52W,akdjgakjg
B07B3JZL2Q,akdjgakjg
B01LZWDIPM,akdjgakjg
B08JHR7BMZ,akdjgakjg
B08HYTL92Y,akdjgakjg
B0CSN4Q2K1,akdjgakjg
B0CJNS1RG8,akdjgakjg
B0BLT35QT9,akdjgakjg
B01K50C5UM,akdjgakjg
B0050GWV9C,akdjgakjg
B0D6B74TGH,akdjgakjg
B084Z464JW,akdjgakjg
B07H8C8K1Y,akdjgakjg
B078WNWVW8,akdjgakjg
B0DPK79GS4,akdjgakjg
B0DJ37DQB8,akdjgakjg
B0CPSTTRZN,akdjgakjg
B083FNNWLP,akdjgakjg
B07P6YS73P,akdjgakjg
B071GC2BF5,akdjgakjg
B09Z2MWBTD,akdjgakjg
B07Q9LWQ35,akdjgakjg
B0BZPC3D23,akdjgakjg
B00ABMCHOO,akdjgakjg
B0069RPRHO,akdjgakjg
B0CSMHQ13M,akdjgakjg
B0CCNPCY7R,akdjgakjg
B09JCB9KNY,akdjgakjg
B0CBPGXY9C,akdjgakjg
B0C2ZR1L4R,akdjgakjg
B081SVD1SW,akdjgakjg
B07GC6NX22,akdjgakjg
B01I5RIJUW,akdjgakjg
B000GDNXIW,akdjgakjg
B0DWW2XRZ6,akdjgakjg
B0DTTR4WYJ,akdjgakjg
B0DSSZM8NG,akdjgakjg
B0DQPPSWM9,akdjgakjg
B0DNN1CHL8,akdjgakjg
B0DNDYHG36,akdjgakjg
B0DK727KSF,akdjgakjg
B0DHZML3SH,akdjgakjg
B0DF7J1THK,akdjgakjg
B0DCSKZCBH,akdjgakjg
B08LDSRB4G,akdjgakjg
B07CTRGP2V,akdjgakjg
B0CZC1BCYN,akdjgakjg
B0B7LCSP3N,akdjgakjg
B07T14WDJF,akdjgakjg
B00INJL3DS,akdjgakjg
B0CN96NSKL,akdjgakjg
B0BDVJPCTV,akdjgakjg
B0B5Z5KCSD,akdjgakjg
B09XB3DWJK,akdjgakjg
B091KD2JWG,akdjgakjg
B01N27V7RO,akdjgakjg
B0D3BPL94W,akdjgakjg
B0BSPGR6J5,akdjgakjg
B0D2D97MP2,akdjgakjg
B0CN2MFZYL,akdjgakjg
B0CCD4L2R8,akdjgakjg
B0CBBL312G,akdjgakjg
B0C664VH18,akdjgakjg
B0C42YMLLT,akdjgakjg
B0C3R7GTFY,akdjgakjg
B0C3LVG73M,akdjgakjg
B0C36GTDGX,akdjgakjg
B0BPPSVSTC,akdjgakjg
B0BNBP4R4K,akdjgakjg
B0BJVNZ85N,akdjgakjg
B0BHXYQ8GG,akdjgakjg
B0BGHR8VG3,akdjgakjg
B0B9RY7PMF,akdjgakjg
B0B1HK7ZH4,akdjgakjg
B09V2S4LRN,akdjgakjg
B09SB46Z2F,akdjgakjg
B0DBTTPB61,akdjgakjg
B0DBG54N3J,akdjgakjg
B0D9PPBLFG,akdjgakjg
B0D99PTCY7,akdjgakjg
B0D95GRNB6,akdjgakjg
B0D5B3BFK6,akdjgakjg
B0D25Y4484,akdjgakjg
B0D1FT77QN,akdjgakjg
B0CZSV7LV2,akdjgakjg
B0CZRR6B2Y,akdjgakjg
B0CTZPP7X7,akdjgakjg
B0CPDRVDYL,akdjgakjg
B0CNVR9WWC,akdjgakjg
B0CMCH9NP4,akdjgakjg
B0CLHBHBQM,akdjgakjg
B0CLBGH6WT,akdjgakjg
B06WWRG5BV,akdjgakjg
B01IJ183U0,akdjgakjg
B00ZZ5C8XM,akdjgakjg
B00WI09KE2,akdjgakjg
B00VRBWJ0U,akdjgakjg
B004D40GOY,akdjgakjg
B0048DORSG,akdjgakjg
B07PT6CLNX,akdjgakjg
B081CBCHYD,akdjgakjg
B0BBSRY5H4,akdjgakjg
B0CW9ZYM25,akdjgakjg
B08CVS6HCV,akdjgakjg
B08MQ5SWTV,akdjgakjg
B0DLKMV3HN,akdjgakjg
B08XQ17KJS,akdjgakjg
B08P9VRXPY,akdjgakjg
B08D3KMV4Q,akdjgakjg
B08BH2LJPP,akdjgakjg
B08943B8JF,akdjgakjg
B087BH4D23,akdjgakjg
B086MSLP8Q,akdjgakjg
B0821VCVHN,akdjgakjg
B07ZGFFWDX,akdjgakjg
B07PH32X95,akdjgakjg
B07LD7CHSS,akdjgakjg
B07J6NMMHP,akdjgakjg
B07FQWPF96,akdjgakjg
B07D3FM1Z9,akdjgakjg
B07914CBVV,akdjgakjg
B077Y7R4DG,akdjgakjg
B09GK3M4KD,akdjgakjg
B0DN6VHYJB,akdjgakjg
B00N9OR232,akdjgakjg
B01BAZUCQU,akdjgakjg
B0DLFNYRT8,akdjgakjg
B0D2H67TG3,akdjgakjg
B091559HRJ,akdjgakjg
B0B4JN33W5,akdjgakjg
B09DK46XP1,akdjgakjg
B08W2KKGWN,akdjgakjg
B08287BV2Z,akdjgakjg
B09F4K9Q2T,akdjgakjg
B092ZHZ33J,akdjgakjg
B07GJLHPLW,akdjgakjg
B09KXWCBL3,akdjgakjg
B08DP8F25Q,akdjgakjg
B0CMH3CNV8,akdjgakjg
B08QMM2MND,akdjgakjg
B08JLF9YCG,akdjgakjg
B0C8GTBLT9,akdjgakjg
B0CCRQ3SK3,akdjgakjg
B003H1LHA6,akdjgakjg
B0CLQKCRX2,akdjgakjg
B01CV24OGK,akdjgakjg
B07D7XCFX6,akdjgakjg
B07D8ZD3WX,akdjgakjg
B0CCXWMSHC,akdjgakjg
B07LGL9X7Q,akdjgakjg
B00JV3FW9Q,akdjgakjg
B09BZGGVRC,akdjgakjg
B08Z44RMRN,akdjgakjg
B01HD2KFW0,akdjgakjg
B08NTVK9L4,akdjgakjg
B07J629TS5,akdjgakjg
B01MTO6GF5,akdjgakjg
B0861S6G7Q,akdjgakjg
B08ZMNLZQ9,akdjgakjg
B092ZJNHNZ,akdjgakjg
B0C1MQHPQW,akdjgakjg
B0BQJKJBDL,akdjgakjg
B093Q6VRSH,akdjgakjg
B0BZ7R22B9,akdjgakjg
B0DG5H8NT8,akdjgakjg
B0CX1KKZPN,akdjgakjg
B08976NJCY,akdjgakjg
B08Y1FSGF4,akdjgakjg
B0018QV0PO,akdjgakjg
B085M9787W,akdjgakjg
B0CPLC6F8V,akdjgakjg
B08NPJBQ3M,akdjgakjg
B088WQ72SJ,akdjgakjg
B0CW1T8RKM,akdjgakjg
B07DNPFD2K,akdjgakjg
B092ZHTGYR,akdjgakjg
B0753G9WLS,akdjgakjg
B0CC91Z1JZ,akdjgakjg
B08JC83Q7H,akdjgakjg
B08Z41PQ84,akdjgakjg
B08PCD7PPR,akdjgakjg
B08L4SX47G,akdjgakjg
B0CSW7T782,akdjgakjg
B084WQWZ89,akdjgakjg
B0DCYD1Q8W,akdjgakjg
B077F2F54X,akdjgakjg
B000X9O8SI,akdjgakjg
B0DFM93SQD,akdjgakjg
B0CJC322FD,akdjgakjg
B0D8XJY535,akdjgakjg
B095K84M7B,akdjgakjg
B0CWY9F81S,akdjgakjg
B01H6Z3O86,akdjgakjg
B0CGF6LV9N,akdjgakjg
B0813RYRZP,akdjgakjg
B0925M9T1X,akdjgakjg
B0DRVYKM74,akdjgakjg
B08VHY6939,akdjgakjg
B08B8WZNNJ,akdjgakjg
B08J2HWTDY,akdjgakjg
B0CR5TCP2J,akdjgakjg
B08H8PCJBR,akdjgakjg
B0BJJJJN45,akdjgakjg
B08DP8F25R,akdjgakjg
B016YFC0K2,akdjgakjg
B084VVKZDQ,akdjgakjg
B0BL7KXFRW,akdjgakjg
B07FGFQB4W,akdjgakjg
B09GRR84BX,akdjgakjg
B074N3WHXZ,akdjgakjg
B077XN75ZG,akdjgakjg
B01N5NPT7X,akdjgakjg
B0762KVWFK,akdjgakjg
B07VCD518B,akdjgakjg
B0BRYHC72Q,akdjgakjg
B0BR7VR4M2,akdjgakjg
B07Q34R1DG,akdjgakjg
B07MB2KZNF,akdjgakjg
B08S6SYVPH,akdjgakjg
B08VJ15GGR,akdjgakjg
B086J7XRTN,akdjgakjg
B08NT6H995,akdjgakjg
B09Y2HD26Z,akdjgakjg
B07PSBHSF8,akdjgakjg
B0C4CBNQYL,akdjgakjg
B09D7JRZ8N,akdjgakjg
B07XD72MJ3,akdjgakjg
B07QD6TY6G,akdjgakjg
B0CHP8G9SK,akdjgakjg
B09WMY5ZF9,akdjgakjg
B09536CPMS,akdjgakjg
B0928S6HGW,akdjgakjg
B0CD7V1YRH,akdjgakjg
B0D7XTH1C6,akdjgakjg
B08LW17M52,akdjgakjg
B08CHMNM5L,akdjgakjg
B082Z1B318,akdjgakjg
B06XPLY52F,akdjgakjg
B0CCR192Y4,akdjgakjg
B0B62LFNFB,akdjgakjg
B07MZMM6ZF,akdjgakjg
B072DYYSWT,akdjgakjg
B00EBG2566,akdjgakjg
B0C2HJ794R,akdjgakjg
B0C85D2DJ8,akdjgakjg
B09D75FNXF,akdjgakjg
B0CX96HXRL,akdjgakjg
B0B6VH9HWV,akdjgakjg
B0CJQJV7FV,akdjgakjg
B009LPDNPO,akdjgakjg
B0C8S6JNZF,akdjgakjg
B09Q7Z7HVC,akdjgakjg
B08RHMJRWK,akdjgakjg
B0CF53M8G9,akdjgakjg
B09QH15HSS,akdjgakjg
B08RJ37ZDJ,akdjgakjg
B07SCMTLPS,akdjgakjg
B0DF7K5JYX,akdjgakjg
B0CG4DZBHZ,akdjgakjg
B0C744TC17,akdjgakjg
B0B9YQMRMZ,akdjgakjg
B09T8XXBYD,akdjgakjg
B07XF9L64V,akdjgakjg
B07VRXPQYN,akdjgakjg
B07M687BPN,akdjgakjg
B07BGKBC7M,akdjgakjg
B0CBWJ532Q,akdjgakjg
B09MF4DX3G,akdjgakjg
B07KXQB4JZ,akdjgakjg
B001D8CRB8,akdjgakjg
B0D6B8W37T,akdjgakjg
B0CVVVMRXC,akdjgakjg
B0CF9GWY7X,akdjgakjg
B0B7DQC7Y8,akdjgakjg
B0DN6RCLL3,akdjgakjg
B0D4VZC1BL,akdjgakjg
B0C3YMWSPM,akdjgakjg
B0C3B6BSSG,akdjgakjg
B09FPXBKP6,akdjgakjg
B08CDQJMFJ,akdjgakjg
B07X2YX6V5,akdjgakjg
B0D4QQVCYB,akdjgakjg
B0D3WQ1272,akdjgakjg
B0D22WHMCC,akdjgakjg
B0D1V1LB9C,akdjgakjg
B0CGD1H38C,akdjgakjg
B0C391CC4N,akdjgakjg
B08WKP2JRS,akdjgakjg
B08RCM3BGH,akdjgakjg
B0BSDTWCM7,akdjgakjg
B079B16DZ5,akdjgakjg
B0BN5B8BFP,akdjgakjg
B09SWD3JPF,akdjgakjg
B0BM65HLW3,akdjgakjg
B08JJDNFKC,akdjgakjg
B0BDK62FTZ,akdjgakjg
B0BJ2CCQHJ,akdjgakjg
B0B358W2B6,akdjgakjg
B088LRC27J,akdjgakjg
B09YQ3RXMV,akdjgakjg
B085Y6FT8Q,akdjgakjg
B09PYDR9ZK,akdjgakjg
B0CDFNMCL2,akdjgakjg
B09B3NND5G,akdjgakjg
B0CQTBFZ6T,akdjgakjg
B0DFWG6R7Q,akdjgakjg
B0DFW7FWZK,akdjgakjg
B0DDBMR1RV,akdjgakjg
B0DBZCLK3G,akdjgakjg
B0DBVFKQZ6,akdjgakjg
B0DBH3XB1P,akdjgakjg
B0DB1M99GT,akdjgakjg
B0D9PPBHQ3,akdjgakjg
B0D9LSVGWG,akdjgakjg
B0D92362YL,akdjgakjg
B0D8J5Q4KG,akdjgakjg
B0D86R7R1W,akdjgakjg
B0D2M5XB6D,akdjgakjg
B0D2LL5V4R,akdjgakjg
B0D1TSZSTF,akdjgakjg
B0D1R7L5TL,akdjgakjg
B08G1PB71J,akdjgakjg
B08669F9G7,akdjgakjg
B07WP2LX3H,akdjgakjg
B07L8G7MJY,akdjgakjg
B07FK6RFNH,akdjgakjg
B07BGJ612Z,akdjgakjg
B078Z2HX3D,akdjgakjg
B071L23BSR,akdjgakjg
B01MT9U41U,akdjgakjg
B0043OQUVC,akdjgakjg
B0DRHTF6XG,akdjgakjg
B0DPHJ6T7Y,akdjgakjg
B0DLV2RFKT,akdjgakjg
B0DK75941K,akdjgakjg
B0DHCNDMPV,akdjgakjg
B0DG2CX9S4,akdjgakjg
B0CJHKCDJQ,akdjgakjg
B0CJ91QLL9,akdjgakjg
B0CJ7VTW6N,akdjgakjg
B0CJ4WCFPF,akdjgakjg
B0CHN3YBBC,akdjgakjg
B0CG9SM3XZ,akdjgakjg
B0CDRRZ4JY,akdjgakjg
B0CCKNMXLF,akdjgakjg
B0CC89NV7Y,akdjgakjg
B0CC85TLV9,akdjgakjg
B0CBBDD2M2,akdjgakjg
B0C98DQ8NS,akdjgakjg
B0C981HWS9,akdjgakjg
B0C692244K,akdjgakjg
B0C68Z791S,akdjgakjg
B0BYX5K4WM,akdjgakjg
B0BWR45Y4N,akdjgakjg
B0BWK1W237,akdjgakjg
B0BVZFKKYP,akdjgakjg
B0BVMGY3G7,akdjgakjg
B0BVHR88NS,akdjgakjg
B0BTHSNRTG,akdjgakjg
B0BQ9LRJG9,akdjgakjg
B0BHWGLWRG,akdjgakjg
B0BH3ZGTRF,akdjgakjg
B0BDMW5H1W,akdjgakjg
B0B7H1G8KS,akdjgakjg
B0B71PQ3D3,akdjgakjg
B0B6G8T9YL,akdjgakjg
B0B6F7TN47,akdjgakjg
B0B5R11VW1,akdjgakjg
B0B3RGGGML,akdjgakjg
B09YD4VVGL,akdjgakjg
B09VKYT6MZ,akdjgakjg
B09TYM3875,akdjgakjg
B09Q3KNSMC,akdjgakjg
B09FRCDDFV,akdjgakjg
B09CGLCMGK,akdjgakjg
B097J8P3ZP,akdjgakjg
B093CKJYK7,akdjgakjg
B08ZFN8NFX,akdjgakjg
B08Q7KCBD1,akdjgakjg
B08L1F1PQR,akdjgakjg
B08J3VWFL5,akdjgakjg
B07XB3T8JX,akdjgakjg
B07N17RC54,akdjgakjg
B07JRG5VW8,akdjgakjg
B07CVRQ2G3,akdjgakjg
B087L77TL2,akdjgakjg
B07S5K9TPD,akdjgakjg
B077CJ5DPM,akdjgakjg
B076J3KRFW,akdjgakjg
B01H5CY7SQ,akdjgakjg
B018HZ53WY,akdjgakjg
B0CFWHKN11,akdjgakjg
B0CFV9FXNJ,akdjgakjg
B0C8N1BW98,akdjgakjg
B0C53M8GKZ,akdjgakjg
B0BRL1LYHS,akdjgakjg
B09ZPW98N7,akdjgakjg
B09NDGDKM8,akdjgakjg
B09417G5KD,akdjgakjg
B08ZJMSX7H,akdjgakjg
B08W8TFS75,akdjgakjg
B0CZRSSWNJ,akdjgakjg
B0CZLFTQGZ,akdjgakjg
B0CZ3ZS5Y7,akdjgakjg
B0CSFVC2JH,akdjgakjg
B0CR1N6DQN,akdjgakjg
B0CQZMXQTF,akdjgakjg
B0CQT9CT4B,akdjgakjg
B0CQFZL59N,akdjgakjg
B0CN9NJC2V,akdjgakjg
B0CN6PW9KT,akdjgakjg
B0CMZBD3K2,akdjgakjg
B0CM6VXMNY,akdjgakjg
B0CL6QXY7D,akdjgakjg
B0CL2B4GDX,akdjgakjg
B0CKSDF4GJ,akdjgakjg
B0CKS3QNKX,akdjgakjg
B07BS56CXK,akdjgakjg
B07B3QRFQT,akdjgakjg
B078XQSKDZ,akdjgakjg
B075P71KX5,akdjgakjg
B0744RGPDN,akdjgakjg
B01NBVHLKM,akdjgakjg
B01N2KCUK8,akdjgakjg
B016AW5N30,akdjgakjg
B00XRN77YY,akdjgakjg
B00KLGB98K,akdjgakjg
B00D5P16BY,akdjgakjg
B00B8OV6LY,akdjgakjg
B001SAZWAO,akdjgakjg
B0002BACSM,akdjgakjg
B08GL7TXBZ,akdjgakjg
B0C4Z7R9DX,akdjgakjg
B07T2NP4MM,akdjgakjg
B0BVVMW2WZ,akdjgakjg
B0CWL3TXSY,akdjgakjg
B096WXQK2G,akdjgakjg
B0CQLXZ5C9,akdjgakjg
B0CZCTPDNF,akdjgakjg
B0DC64Z7PS,akdjgakjg
B0C52VNR5R,akdjgakjg
B0CW6H7B1D,akdjgakjg
B09ZPX1GXX,akdjgakjg
B09NN7YTML,akdjgakjg
B0CY2QQ1VJ,akdjgakjg
B08R621DN2,akdjgakjg
B08L4T64J3,akdjgakjg
B0B99KRPS8,akdjgakjg
B09JZFGRLZ,akdjgakjg
B09P5WYCDP,akdjgakjg
B09Z2TP5JF,akdjgakjg
B098L7ZPCK,akdjgakjg
B0D6B892CP,akdjgakjg
B07TXT1LX3,akdjgakjg
B09GB3XSHZ,akdjgakjg
B07GJMWNLY,akdjgakjg
B07G6BS8G7,akdjgakjg
B01N4BRSRQ,akdjgakjg
B081NJWTFB,akdjgakjg
B01GFNIEM6,akdjgakjg
B0CYC2TYZ6,akdjgakjg
B0CDVWRJLC,akdjgakjg
B09SWBW5ZB,akdjgakjg
B09KFTYDFR,akdjgakjg
B083CNMVWR,akdjgakjg
B08JPXW713,akdjgakjg
B09Q32N4YR,akdjgakjg
B0DHFLBLDR,akdjgakjg
B08QFPSK2G,akdjgakjg
B0CQSXV1KF,akdjgakjg
B0BGQ8DP6R,akdjgakjg
B0C9TH1SBT,akdjgakjg
B084XX5TQK,akdjgakjg
B0C6DVPPVB,akdjgakjg
B0BTHTJVW3,akdjgakjg
B0BWFNGVYV,akdjgakjg
B0CJ9GFQ44,akdjgakjg
B0BDDY44CF,akdjgakjg
B07CZSXVM6,akdjgakjg
B09ZPY1C3B,akdjgakjg
B09FYGB37F,akdjgakjg
B004BNDJLO,akdjgakjg
B0C1J9F4YD,akdjgakjg
B0DFCH4XSX,akdjgakjg
B0C36PPZNM,akdjgakjg
B0B3M6RWYK,akdjgakjg
B0B3978LX7,akdjgakjg
B09ZQBZG9B,akdjgakjg
B08DHVSH6B,akdjgakjg
B0966RH3KT,akdjgakjg
B07ZZ77RQN,akdjgakjg
B0CZSBKDXX,akdjgakjg
B0BL1WW5QP,akdjgakjg
B085Y44WYX,akdjgakjg
B01CT2YV74,akdjgakjg
B0CBB5PWPL,akdjgakjg
B093JKX3N7,akdjgakjg
B07VBPBVF1,akdjgakjg
B01LPT8KQA,akdjgakjg
B01BHFQJFG,akdjgakjg
B0D1QBPQD6,akdjgakjg
B09VK2GGS3,akdjgakjg
B09SCN4CR5,akdjgakjg
B0BJTZFJD9,akdjgakjg
B09WMJB75Y,akdjgakjg
B08KF465YM,akdjgakjg
B07F3R9HRR,akdjgakjg
B0009YHROE,akdjgakjg
B0B8MBL1LT,akdjgakjg
B09XRDZYJG,akdjgakjg
B09DPQX4JJ,akdjgakjg
B0DBQMV5LB,akdjgakjg
B0D5CQ6MH1,akdjgakjg
B0D4Z1BF89,akdjgakjg
B0D4MBVMFH,akdjgakjg
B0D2X545Y9,akdjgakjg
B0CZ648DBY,akdjgakjg
B0CY3QTHB1,akdjgakjg
B0CSNFCCFR,akdjgakjg
B0CRDGFWVM,akdjgakjg
B0CP977KRF,akdjgakjg
B0CMQZ1SPK,akdjgakjg
B0CLP5WXBY,akdjgakjg
B0CLNX64XV,akdjgakjg
B0CLLH5DC4,akdjgakjg
B0CKW6R7KF,akdjgakjg
B0CJTTJ9DL,akdjgakjg
B08KTBGRVY,akdjgakjg
B08HMGLSX1,akdjgakjg
B0B1DHLN27,akdjgakjg
B09WDJDWH4,akdjgakjg
B0994D5S9P,akdjgakjg
B0886DKSJ7,akdjgakjg
B07KMY1WNM,akdjgakjg
B07B3V1XKR,akdjgakjg
B0DV8V4Q9X,akdjgakjg
B0DS7D46F1,akdjgakjg
B0DLFN1B2H,akdjgakjg
B0DJT1LHHG,akdjgakjg
B0DHVNKN89,akdjgakjg
B0DFQCV1T7,akdjgakjg
B0DCY9ZPGZ,akdjgakjg
B0DCFWQMVT,akdjgakjg
B07SKNQ9HG,akdjgakjg
B0D7PV3N6H,akdjgakjg
B0D7KW98Q6,akdjgakjg
B079KZ1WPD,akdjgakjg
B07V3V97C2,akdjgakjg
B0BJW6WDJD,akdjgakjg
B09QZCQ4GJ,akdjgakjg
B07WGWG4LK,akdjgakjg
B0BCPWM2R3,akdjgakjg
B09MLT8644,akdjgakjg
B07LGD61Z3,akdjgakjg
B07XSBY44Z,akdjgakjg
B0CB6W5V66,akdjgakjg
B01MR96EK1,akdjgakjg
B0CBXP4GRT,akdjgakjg
B0BHY4GW86,akdjgakjg
B0B57PDYD7,akdjgakjg
B0B56NBF87,akdjgakjg
B0B4PRJNVQ,akdjgakjg
B0B19VZ9BS,akdjgakjg
B09ZQS43SB,akdjgakjg
B09C2PJJP2,akdjgakjg
B09B2QTVC3,akdjgakjg
B08QH84Q1G,akdjgakjg
B08P4JXFPK,akdjgakjg
B07YYB792R,akdjgakjg
B07YY6GNB6,akdjgakjg
B07X89WQSD,akdjgakjg
B07RJ1D6JR,akdjgakjg
B07HC4JBY6,akdjgakjg
B07B4HQ4KS,akdjgakjg
B079567KVZ,akdjgakjg
B0BCYYVLXY,akdjgakjg
B094861G2N,akdjgakjg
B01DDOQNQE,akdjgakjg
B09RGLNQJN,akdjgakjg
B0DBFZXG5W,akdjgakjg
B09NN8P1YY,akdjgakjg
B0BX4SL1CZ,akdjgakjg
B09MVZP965,akdjgakjg
B07FGFCRNQ,akdjgakjg
B09D1K17WK,akdjgakjg
B09ZQSW45R,akdjgakjg
B09BTMSXGB,akdjgakjg
B08R94TCPR,akdjgakjg
B099C6ST4L,akdjgakjg
B074GYFPL4,akdjgakjg
B097ZL57JR,akdjgakjg
B075JNCP4Y,akdjgakjg
B01MYQ9A7D,akdjgakjg
B00CQ8EAQ4,akdjgakjg
B001GT945Q,akdjgakjg
B0D62TW71V,akdjgakjg
B0DBLQSYYZ,akdjgakjg
B0BVPR19X4,akdjgakjg
B0BL4481MT,akdjgakjg
B0D3SD7JQH,akdjgakjg
B0D5YBPG1V,akdjgakjg
B0DB1HSQ8J,akdjgakjg
B0CL4G1LKT,akdjgakjg
B0DS265Z8S,akdjgakjg
B0CPSZT8FM,akdjgakjg
B0BSDTYLDS,akdjgakjg
B07HNL3KM9,akdjgakjg
B0CSMK99HG,akdjgakjg
B0BDK2C33J,akdjgakjg
B07YX82W64,akdjgakjg
B0BRCNT75K,akdjgakjg
B0CSYQ9WXK,akdjgakjg
B0C7ZFHQ76,akdjgakjg
B086V6G4BS,akdjgakjg
B0BY1PXTHG,akdjgakjg
B07T2NFQT4,akdjgakjg
B07N14NHV7,akdjgakjg
B0BXKWHPDX,akdjgakjg
B09MH4ZDH5,akdjgakjg
B00JXW43OU,akdjgakjg
B07RR3GYDF,akdjgakjg
B0CWTZXLZD,akdjgakjg
B001NLH2C4,akdjgakjg
B0D9VV3B6N,akdjgakjg
B0B6DVGHSJ,akdjgakjg
B0DK2V4FF2,akdjgakjg
B07B9N22YV,akdjgakjg
B0D4TY54F3,akdjgakjg
B0928XCQ9T,akdjgakjg
B0998FLT3M,akdjgakjg
B09132J8BS,akdjgakjg
B0DHFSZ51Y,akdjgakjg
B088WLXSRG,akdjgakjg
B08K4RQKNV,akdjgakjg
B07YDFVDZ5,akdjgakjg
B086V72DQV,akdjgakjg
B07KQ2SZ6Y,akdjgakjg
B0CXSTCLX1,akdjgakjg
B07KDPDLYY,akdjgakjg
B008X6282G,akdjgakjg
B0178PA3HY,akdjgakjg
B0C4H5TF9M,akdjgakjg
B0813C9FLW,akdjgakjg
B0CNKJ5CWM,akdjgakjg
B0BR7LD3R1,akdjgakjg
B0CMLLCFL3,akdjgakjg
B0BY3JGVRN,akdjgakjg
B0D2VVFNJ9,akdjgakjg
B0CFTPQ8TJ,akdjgakjg
B07LBGFNL6,akdjgakjg
B07GFGMXRZ,akdjgakjg
B093T72GYJ,akdjgakjg
B085XY74P2,akdjgakjg
B0CJN769X7,akdjgakjg
B0157ACSA2,akdjgakjg
1912743213,akdjgakjg
B0CRB3J3DD,akdjgakjg
B0B3M5N9R9,akdjgakjg
B01017OXEU,akdjgakjg
B0CF8M7F1K,akdjgakjg
B0CCL1V8ZQ,akdjgakjg
B0C39WK1N2,akdjgakjg
B0BZCTDXGB,akdjgakjg
B0BVZC9YVG,akdjgakjg
B0BVLX47CP,akdjgakjg
B0BTS9B9DN,akdjgakjg
B0BQT26DQ2,akdjgakjg
B0BL269CHX,akdjgakjg
B0BKK49LZC,akdjgakjg
B0BK8TDL1Q,akdjgakjg
B0BFHMVPKG,akdjgakjg
B0BC1G5TYX,akdjgakjg
B0BC1CVZSV,akdjgakjg
B0B6FYDK68,akdjgakjg
B0B5L6VKDC,akdjgakjg
B0DDBX5RB1,akdjgakjg
B0BYX7BBLS,akdjgakjg
B0BPSLN7WS,akdjgakjg
B09S3L6ZBW,akdjgakjg
B00PM908V0,akdjgakjg
B09X1FS4YM,akdjgakjg
B092QV1TTL,akdjgakjg
B00Z4TSDBA,akdjgakjg
B09GNDYM2C,akdjgakjg
B07PXW8XFW,akdjgakjg
B0CDWKKXMR,akdjgakjg
B0C17177MJ,akdjgakjg
B07D8YX8R7,akdjgakjg
B094XWTM7M,akdjgakjg
B00PQEGEQY,akdjgakjg
B0BBLZHDQM,akdjgakjg
B06XPWGQVN,akdjgakjg
B000H78J9U,akdjgakjg
B0DJRPGQRZ,akdjgakjg
B0CLM6FVFT,akdjgakjg
B0BMP84BQH,akdjgakjg
B097DF74J1,akdjgakjg
B08HV9SGP9,akdjgakjg
B07DVJQGVC,akdjgakjg
B0C7JVV5QP,akdjgakjg
B09TKQZY58,akdjgakjg
B09QZDGKGG,akdjgakjg
B09MWJDJVS,akdjgakjg
B07L76PN9H,akdjgakjg
B0CQ22R2KL,akdjgakjg
B0CGWGBWBQ,akdjgakjg
B0BDZ31N4R,akdjgakjg
B0B8TNLL7Z,akdjgakjg
B09FYC7WWJ,akdjgakjg
B07MWJGXPT,akdjgakjg
B0D6RJHRJH,akdjgakjg
B0BP2B3M1N,akdjgakjg
B0B77DVCFM,akdjgakjg
B0977V1XS2,akdjgakjg
B08NKBVZLK,akdjgakjg
B07MQN736J,akdjgakjg
B0CZLR9SHW,akdjgakjg
B0CN12Q99C,akdjgakjg
B0CBWTYLR8,akdjgakjg
B09SWD8VRF,akdjgakjg
B09H92ZV7N,akdjgakjg
B093CZCZDF,akdjgakjg
B081VMKN9Q,akdjgakjg
B081GG293Q,akdjgakjg
B01IF2XLBO,akdjgakjg
B0D8B377D3,akdjgakjg
B0CD73JF6R,akdjgakjg
B0CBWPDBVF,akdjgakjg
B0BZBXW4KS,akdjgakjg
B0BFBSW724,akdjgakjg
B0BDG8TQL9,akdjgakjg
B0B5WYRZZQ,akdjgakjg
B0823LC2ZV,akdjgakjg
B07HFF91TT,akdjgakjg
B0F13Q2VQT,akdjgakjg
B0DZ61RRCK,akdjgakjg
B0DSH15XQM,akdjgakjg
B0DRVKGGPH,akdjgakjg
B0DRHTZLJX,akdjgakjg
B0DKDTX28H,akdjgakjg
B0DJT2Y1SQ,akdjgakjg
B0DHSF1PXM,akdjgakjg
B0DFWFFKDP,akdjgakjg
B0DFMRRP6V,akdjgakjg
B0DCC8DW88,akdjgakjg
B0DB6HZGPK,akdjgakjg
B0D8T36DS9,akdjgakjg
B0D83J8BB4,akdjgakjg
B0D8337MX7,akdjgakjg
B0D811RDKQ,akdjgakjg
B0D5D2PX2K,akdjgakjg
B0D47BQ1S1,akdjgakjg
B0D2JYQKWB,akdjgakjg
B0D1YCJ5B1,akdjgakjg
B0CZDG75PJ,akdjgakjg
B0BM3M7VV5,akdjgakjg
B0BK8TX9BS,akdjgakjg
B0BHWF4KJM,akdjgakjg
B0BFBTLW24,akdjgakjg
B0BCP2VJRZ,akdjgakjg
B0B8MFM2BG,akdjgakjg
B0B7NNR75H,akdjgakjg
B0B64J77LW,akdjgakjg
B0B3CSY4RF,akdjgakjg
B0B1PKXVZ4,akdjgakjg
B09Z2JLQGS,akdjgakjg
B09WH8CF23,akdjgakjg
B09WDHQ1QD,akdjgakjg
B09NB2PXGR,akdjgakjg
B09JYQQG7G,akdjgakjg
B09JBBXWHX,akdjgakjg
B0CY476T1C,akdjgakjg
B0CW9NQXVS,akdjgakjg
B0CTPGDQLY,akdjgakjg
B0CRKKYDNS,akdjgakjg
B0CQTB44W4,akdjgakjg
B0CQFWYSJJ,akdjgakjg
B0CPPGW4VX,akdjgakjg
B0CNQD58WD,akdjgakjg
B0CN9P34N4,akdjgakjg
B0CN6QN6BD,akdjgakjg
B0CMQ74JQK,akdjgakjg
B0CLY2BVJV,akdjgakjg
B0CLVJHFRF,akdjgakjg
B0CL1ZGJMX,akdjgakjg
B0CKQTTZ14,akdjgakjg
B0CKL7NYCF,akdjgakjg
B0CJBTB662,akdjgakjg
B0CF3W9CR4,akdjgakjg
B0CDGG4276,akdjgakjg
B0CCTVYBKW,akdjgakjg
B0C9PH75JF,akdjgakjg
B0C98H5Q1T,akdjgakjg
B0C7GQ9QXZ,akdjgakjg
B0C6TMWDHJ,akdjgakjg
B0C4Y66997,akdjgakjg
B0C3RGK5B6,akdjgakjg
B0C3QP4SY4,akdjgakjg
B0C27CZGRG,akdjgakjg
B0C24MG182,akdjgakjg
B0BYZKCYD2,akdjgakjg
B0BWDVMR2Q,akdjgakjg
B0BTHRQ37L,akdjgakjg
B09D6P9D4J,akdjgakjg
B09CGZC784,akdjgakjg
B09B6QG9W3,akdjgakjg
B097NH5CN4,akdjgakjg
B08ZN574BK,akdjgakjg
B08MZHWTVM,akdjgakjg
B08CB916ZG,akdjgakjg
B086MYCLZ7,akdjgakjg
B084HJMFLZ,akdjgakjg
B0836DWP89,akdjgakjg
B081T541PK,akdjgakjg
B07Y5DRGB7,akdjgakjg
B07WFJ14V1,akdjgakjg
B07W2ZTZ5R,akdjgakjg
B07KXKGLLW,akdjgakjg
B07KQKQT8R,akdjgakjg
B07JRGYQXP,akdjgakjg
B07FTFSDC4,akdjgakjg
B07FBKKNH8,akdjgakjg
B07B3WLB6J,akdjgakjg
B0736B8G4S,akdjgakjg
B00E19T8AO,akdjgakjg
B00BD1VP4A,akdjgakjg
B006HZIUYA,akdjgakjg
B0002D0AO6,akdjgakjg
B07C94ZZ57,akdjgakjg
B09DWWLVZ6,akdjgakjg
B093DLB3T5,akdjgakjg
B078KHTYW2,akdjgakjg
B077HRXP15,akdjgakjg
B077VPB6GY,akdjgakjg
B0861TQ43F,akdjgakjg
B0BCG11G79,akdjgakjg
B08LNT9YLR,akdjgakjg
B08XX8884C,akdjgakjg
B0B58Q9F7N,akdjgakjg
B071NXVHLR,akdjgakjg
B0C6T8254V,akdjgakjg
B0D7HKNBGZ,akdjgakjg
B07VQSL58S,akdjgakjg
B0CZ3ZR768,akdjgakjg
B07J9MPH4L,akdjgakjg
B0BFDX2X5N,akdjgakjg
B0CR5C22XC,akdjgakjg
B08F6WF9BR,akdjgakjg
B091MVL783,akdjgakjg
B08XNDQPHZ,akdjgakjg
B07L9GDFPJ,akdjgakjg
B0BJV41PJX,akdjgakjg
B08SWK2V1Y,akdjgakjg
B07YY2H1YG,akdjgakjg
B0B9Y3YL58,akdjgakjg
B07T92MFG3,akdjgakjg
B07R957ZL4,akdjgakjg
B01GL5S5VS,akdjgakjg
B0CCJ3JKL7,akdjgakjg
B0BF93CH9N,akdjgakjg
B09KV2KV5X,akdjgakjg
B0BYYC2ZPZ,akdjgakjg
B098Z84MCM,akdjgakjg
B089N7B7VV,akdjgakjg
B0925LZQG5,akdjgakjg
B0DPFD76KB,akdjgakjg
B07WRSD7X5,akdjgakjg
B099BRYK5J,akdjgakjg
B07S1F95G1,akdjgakjg
B0CGLGYKM4,akdjgakjg
B01MXW0YCR,akdjgakjg
B001DY4OJK,akdjgakjg
B09GDR7Q1Z,akdjgakjg
B08HVM1T85,akdjgakjg
B004WNZKPQ,akdjgakjg
B09NKM9MRF,akdjgakjg
B0008F6WMM,akdjgakjg
B0CNH2W1TC,akdjgakjg
B01MDIZ5ZA,akdjgakjg
B0C89ZNN31,akdjgakjg
B0CN8NG7BG,akdjgakjg
B0BJZ6S8CV,akdjgakjg
B09SF8M78Z,akdjgakjg
B0BJQ4WBKB,akdjgakjg
B0D9GBWGDD,akdjgakjg
B07FP924CJ,akdjgakjg
B0B1VMMMH4,akdjgakjg
B08XNBN2NX,akdjgakjg
B0B1LGBMPJ,akdjgakjg
B07D99184X,akdjgakjg
B09T5ZT4YK,akdjgakjg
B0D6CVND9Y,akdjgakjg
B0D2MSYYTG,akdjgakjg
B08HM79H96,akdjgakjg
B07XYXNC63,akdjgakjg
B0C4FW62GP,akdjgakjg
B08NGDMB2L,akdjgakjg
B08BXFTC6W,akdjgakjg
B081PHLBZP,akdjgakjg
B0CKHHRSWD,akdjgakjg
B0BNJ1CL5J,akdjgakjg
B075ZWDJ43,akdjgakjg
B0BX75CM6W,akdjgakjg
B0BLCRY63B,akdjgakjg
B0BCFFWLTN,akdjgakjg
B07YBPQVJF,akdjgakjg
B003MWCY7U,akdjgakjg
B0DF7CFP8W,akdjgakjg
B0D8TBDCQZ,akdjgakjg
B09SWB74LY,akdjgakjg
B09LV58QMN,akdjgakjg
B08PV9F45H,akdjgakjg
B0881Y166Q,akdjgakjg
B07SXDWG8J,akdjgakjg
B07HH356L5,akdjgakjg
B0CF9HVZB8,akdjgakjg
B0BV2KRRVB,akdjgakjg
B09YM2XZGR,akdjgakjg
B09JYXSJXZ,akdjgakjg
B09H98JS94,akdjgakjg
B07ZTM4ZXD,akdjgakjg
B01LXDG42Q,akdjgakjg
B0B7RB9QQM,akdjgakjg
B09ZPXCQDJ,akdjgakjg
B09MHX58N7,akdjgakjg
B08KWLPZQG,akdjgakjg
B07GNFY4XL,akdjgakjg
B00ZYCD7MC,akdjgakjg
B0DW3YTR3W,akdjgakjg
B0DS7D3GJV,akdjgakjg
B0DKNYKCZ7,akdjgakjg
B0DK6ZB76P,akdjgakjg
B0DD72B937,akdjgakjg
B0DBTXYSZF,akdjgakjg
B0D9Y698MV,akdjgakjg
B0D9PPC2NS,akdjgakjg
B0D8VGL8ST,akdjgakjg
B0D83LVRZH,akdjgakjg
B0D4VH2QJC,akdjgakjg
B0D3YD3V6H,akdjgakjg
B0D3LRRG7Q,akdjgakjg
B0D1R6JH78,akdjgakjg
B0CZRV37H6,akdjgakjg
B0CX579VNK,akdjgakjg
B0CW34T2VP,akdjgakjg
B0CRKPLS62,akdjgakjg
B0CQTB5K86,akdjgakjg
B0CN9FD3M6,akdjgakjg
B0CL6L4S8G,akdjgakjg
B0CK7LY1NJ,akdjgakjg
B0CH11DHFG,akdjgakjg
B0CGYZFB5V,akdjgakjg
B0CG5MMLT9,akdjgakjg
B0CFWXDM28,akdjgakjg
B0CFV317CY,akdjgakjg
B0CF3XQKF5,akdjgakjg
B0C97SBB7S,akdjgakjg
B0C8VB8V7B,akdjgakjg
B0C1XZD4Y8,akdjgakjg
B0C1SDW4RM,akdjgakjg
B0BWDPCKZ8,akdjgakjg
B0BVHXX6L9,akdjgakjg
B0BV2FZP31,akdjgakjg
B0BMWCF5JL,akdjgakjg
B0B6HPGJH3,akdjgakjg
B0B64H24FV,akdjgakjg
B09YM7M66K,akdjgakjg
B09WC9ZRHM,akdjgakjg
B09M3KQW9N,akdjgakjg
B09JWJ7Q4L,akdjgakjg
B09814483F,akdjgakjg
B08VRHKBKM,akdjgakjg
B08S6LMLQN,akdjgakjg
B08D7D6YS3,akdjgakjg
B08BN8K1ZT,akdjgakjg
B083S7Y6B3,akdjgakjg
B07YZD95HF,akdjgakjg
B07MP1KFHF,akdjgakjg
B07M9V7PYX,akdjgakjg
B07HJK35SS,akdjgakjg
B07D3GVH51,akdjgakjg
B07B3XRYZ3,akdjgakjg
B076FC7FFK,akdjgakjg
B06XYH177M,akdjgakjg
B06XHSHBTM,akdjgakjg
B01M4GED3A,akdjgakjg
B00Q78BZ9Y,akdjgakjg
B00405VHNK,akdjgakjg
B0D8HTPM5T,akdjgakjg
B00JXZ5K1M,akdjgakjg
B09GVN8DKF,akdjgakjg
B07XSGKMK2,akdjgakjg
B00LL4AF4U,akdjgakjg
B0BRTQJLJ2,akdjgakjg
B09Y25B58R,akdjgakjg
B09JYWMYFF,akdjgakjg
B0D497WD9F,akdjgakjg
B0CJ91HZ55,akdjgakjg
B073CJ2B2R,akdjgakjg
B08NK4T6FB,akdjgakjg
B08SM8PXVP,akdjgakjg
B07KFQK2R7,akdjgakjg
B089SXFCHY,akdjgakjg
B0CMZNBCYV,akdjgakjg
B07F71CH6V,akdjgakjg
B0BR8X1PPN,akdjgakjg
B08YH1F9Y4,akdjgakjg
B0D5XHKVL4,akdjgakjg
B0DBHMXCSQ,akdjgakjg
B0BJKK1G6C,akdjgakjg
B08L4T8MJ8,akdjgakjg
B0BLS1SWHL,akdjgakjg
B0D2GPS1NF,akdjgakjg
B0B84WKT4C,akdjgakjg
B0CS6DMTBM,akdjgakjg
B0BHSWDPNK,akdjgakjg
B0CPHZ1Z8F,akdjgakjg
B07HKTY2X2,akdjgakjg
B0CL4FBC3Y,akdjgakjg
B01EW0APQ2,akdjgakjg
B0DHSF73GH,akdjgakjg
B0DFM8BQF6,akdjgakjg
B0DDPMY97C,akdjgakjg
B0DD6ZHF7Y,akdjgakjg
B0DCS4Z3Y8,akdjgakjg
B0DBH8V1J2,akdjgakjg
B0DB6F3VNY,akdjgakjg
B0D9PNL6S3,akdjgakjg
B0D8GTH1DY,akdjgakjg
B0D5D4V258,akdjgakjg
B0D297167R,akdjgakjg
B0D1Y2K8F5,akdjgakjg
B0CZRV81CC,akdjgakjg
B0CZNW7NCL,akdjgakjg
B0CZLQ35PB,akdjgakjg
B0CY85727Q,akdjgakjg
B07M9869FJ,akdjgakjg
B07KXL1HM4,akdjgakjg
B07L9JB1SY,akdjgakjg
B002SWF47C,akdjgakjg
B09CTY55BL,akdjgakjg
B0CZTY1JTN,akdjgakjg
B0DFL6YG76,akdjgakjg
B002PO7SMM,akdjgakjg
B07C97K3P7,akdjgakjg
B00QCMEER0,akdjgakjg
B0B39B3TX9,akdjgakjg
B0BJDHPSJG,akdjgakjg
B0BB7LG4Y9,akdjgakjg
B093PXM5X8,akdjgakjg
B086S3VX2S,akdjgakjg
B0B5CV8H55,akdjgakjg
B092CCQYJW,akdjgakjg
B0BCFRJVK4,akdjgakjg
B08T73Q2D4,akdjgakjg
B081DBGHC8,akdjgakjg
B0002CZSYO,akdjgakjg
B08BZYTM4C,akdjgakjg
B07FST56CQ,akdjgakjg
B071G7FXBS,akdjgakjg
B0DBTWYPY8,akdjgakjg
B0D2Q1QX96,akdjgakjg
B0BS1KHFNB,akdjgakjg
B0BFFB2JNK,akdjgakjg
B0B2P5X15C,akdjgakjg
B09X26SK6Z,akdjgakjg
B09VKXR4DM,akdjgakjg
B09JYN4YTY,akdjgakjg
B08K3MJF7N,akdjgakjg
B078VZLKXT,akdjgakjg
B0DDX83PS7,akdjgakjg
B0CFW1XJKY,akdjgakjg
B0C65G6Y3Q,akdjgakjg
B0BNWM9PS8,akdjgakjg
B0BM3T8HHG,akdjgakjg
B09MJWMXX1,akdjgakjg
B08RZF5PTX,akdjgakjg
B074DRJD66,akdjgakjg
B0DT8HLCXT,akdjgakjg
B0DR8GFN6J,akdjgakjg
B0DQPM2H3Z,akdjgakjg
B0DQ7JSM9D,akdjgakjg
B0DKBPQ9F7,akdjgakjg
B0DK6YWSG4,akdjgakjg
B0CXMZDMLQ,akdjgakjg
B0CW367M66,akdjgakjg
B0CN11RZPV,akdjgakjg
B0CJ8WSNGT,akdjgakjg
B0CH166PXZ,akdjgakjg
B0CDPW778D,akdjgakjg
B0C9WDRPLF,akdjgakjg
B0C7QPZMVG,akdjgakjg
B0C692FFMX,akdjgakjg
B0C3H9LKRP,akdjgakjg
B0C2Y3BVC6,akdjgakjg
B0BZCJNY64,akdjgakjg
B0BWMYZHNS,akdjgakjg
B0BWH5W9H1,akdjgakjg
B0BV6VTMBL,akdjgakjg
B0BLN92RHH,akdjgakjg
B0BL24TSV2,akdjgakjg
B0B8724P4S,akdjgakjg
B0B43568SS,akdjgakjg
B09ZKF86NV,akdjgakjg
B09YM7YBPG,akdjgakjg
B09VNKNX4N,akdjgakjg
B09NCV3J22,akdjgakjg
B09699Y3FC,akdjgakjg
B08JV4GVKH,akdjgakjg
B08FT2WNVF,akdjgakjg
B07VLXN586,akdjgakjg
B07VFLRNL2,akdjgakjg
B07MZ2B2ND,akdjgakjg
B07J6QC7DG,akdjgakjg
B07HC3ZV89,akdjgakjg
B0BDJYH1Y3,akdjgakjg
B09NZV16D6,akdjgakjg
B09TN7QTN6,akdjgakjg
B0BR57CHWP,akdjgakjg
B09NBPGS2L,akdjgakjg
B0915CXGKP,akdjgakjg
B097FX3STV,akdjgakjg
B0BP8ZDV66,akdjgakjg
B096ZWRKQB,akdjgakjg
B0CXP5GSNQ,akdjgakjg
B08699MNNR,akdjgakjg
B0C7C5HHVW,akdjgakjg
B07WVGGY7Q,akdjgakjg
B08Q7WYKXR,akdjgakjg
B07QNV436K,akdjgakjg
B09VTKQXST,akdjgakjg
B095J87DN1,akdjgakjg
B0C3CJ5M5Q,akdjgakjg
B0BCPXP7ZR,akdjgakjg
B0D8PXNC9N,akdjgakjg
B093BR3176,akdjgakjg
B09H76VGMF,akdjgakjg
B094PP589B,akdjgakjg
B08K8CHP43,akdjgakjg
B08JP7CMQY,akdjgakjg
B0849ZFDJN,akdjgakjg
B0D7C52XLT,akdjgakjg
B07D8X49T7,akdjgakjg
B0DWMH4NSW,akdjgakjg
B01JAW8LV8,akdjgakjg
B07D6V7NP3,akdjgakjg
B0DPHBCNCT,akdjgakjg
B07VNDFTBT,akdjgakjg
B0BDJP8YX8,akdjgakjg
B0DHCQ9XVR,akdjgakjg
B0B59VY6YB,akdjgakjg
B0BNM83SJN,akdjgakjg
B096ZWZJSJ,akdjgakjg
B077LPT6SH,akdjgakjg
B0869CPY9X,akdjgakjg
B002SWK9UO,akdjgakjg
B07QPN7N3T,akdjgakjg
B0DT3NBR3J,akdjgakjg
B07GV1R815,akdjgakjg
B0BSKYF17C,akdjgakjg
B0739KV8D7,akdjgakjg
B08QZC4KPR,akdjgakjg
B0CN12S5MX,akdjgakjg
B079MF4ZNM,akdjgakjg
B077GQ736T,akdjgakjg
B00ZYCD6WI,akdjgakjg
B00WI221EG,akdjgakjg
B009P963BM,akdjgakjg
B0BG98D8XC,akdjgakjg
B0BXWF4BSH,akdjgakjg
B09XCP9SGK,akdjgakjg
B085DM21H1,akdjgakjg
B07TZYJXJ9,akdjgakjg
B0B8284NW5,akdjgakjg
B0002D0AGE,akdjgakjg
B0DB849KPG,akdjgakjg
B0D1G9GRF5,akdjgakjg
B0CSYDS8MV,akdjgakjg
B0C241DSKN,akdjgakjg
B0BMFMPZRT,akdjgakjg
B0BLW7XPJT,akdjgakjg
B0B86B2KG1,akdjgakjg
B0838RBBN4,akdjgakjg
B0812ZKPPM,akdjgakjg
B07PXK8CD4,akdjgakjg
B07G91L6FV,akdjgakjg
B07DV9VSL4,akdjgakjg
B07DSWGS88,akdjgakjg
B072WV8PXS,akdjgakjg
B0DRHSVV1D,akdjgakjg
B0DK5NKT4Q,akdjgakjg
B0DCS7GN9Z,akdjgakjg
B0D9PQ9DTB,akdjgakjg
B0D8J7K8YX,akdjgakjg
B0D8GSWLY1,akdjgakjg
B0D83T2P4G,akdjgakjg
B0D4YYRBK1,akdjgakjg
B0CY8569D3,akdjgakjg
B0CXJNJ2DL,akdjgakjg
B0CR6Z34VZ,akdjgakjg
B0DDM4M6BT,akdjgakjg
B0DBLSK2PW,akdjgakjg
B0C9D4J7WK,akdjgakjg
B0CT3BYV12,akdjgakjg
B00GPVZA58,akdjgakjg
B0CSJRHPLW,akdjgakjg
B08LT5W9F7,akdjgakjg
B0CPHYBM2F,akdjgakjg
B098Q6PL8X,akdjgakjg
B0C9T1TYTM,akdjgakjg
B09RWH2XD1,akdjgakjg
B0C64TXXC8,akdjgakjg
B0822FPSFT,akdjgakjg
B0C1HM7LBY,akdjgakjg
B0D9VJ5D5F,akdjgakjg
B0BPCJB8LN,akdjgakjg
B0B3B56J8J,akdjgakjg
B09ZTSD6GP,akdjgakjg
B09SWC4KR9,akdjgakjg
B09N8K18M9,akdjgakjg
B099D9PFLQ,akdjgakjg
B08JKFMDZZ,akdjgakjg
B07MZ2S2QD,akdjgakjg
B07B3WDRK7,akdjgakjg
B071K6TKL9,akdjgakjg
B019EFCATU,akdjgakjg
B00JKUDRPQ,akdjgakjg
B00CYNNRAQ,akdjgakjg
B00CYLFG2A,akdjgakjg
B0002D09SS,akdjgakjg
B07XBJNVNF,akdjgakjg
B0BBQ8LR3V,akdjgakjg
B07QY4SGT5,akdjgakjg
B0BTSX755M,akdjgakjg
B08VGF7T1G,akdjgakjg
B078HMZ2F1,akdjgakjg
B096LNQPCH,akdjgakjg
B000V9LEDM,akdjgakjg
B0CTPQQS92,akdjgakjg
B0DMSPLLKG,akdjgakjg
B0CLM72JLB,akdjgakjg
B08CDQV2NN,akdjgakjg
B07HB73QDL,akdjgakjg
B01L4OS78C,akdjgakjg
B0DD4F97TK,akdjgakjg
B0C3MYWBXQ,akdjgakjg
B0033C13KS,akdjgakjg
B0936N5R56,akdjgakjg
B09Y1QF129,akdjgakjg
B08FX8G8C6,akdjgakjg
B0CSRFKL7H,akdjgakjg
B08JYP5PSN,akdjgakjg
B0CTWXB1YP,akdjgakjg
B07CP6KT4V,akdjgakjg
B06XX42FHK,akdjgakjg
B078N8VW6G,akdjgakjg
B0BZC6J3WS,akdjgakjg
B08B8YZXP3,akdjgakjg
B08DP7JXKF,akdjgakjg
B088NH32RY,akdjgakjg
B07FLTQKK4,akdjgakjg
B0C5D6CRDY,akdjgakjg
B07VBJBB2M,akdjgakjg
B0CCJ9Y7SZ,akdjgakjg
B09JWKTKWH,akdjgakjg
B0747ZRM9X,akdjgakjg
B0C1N2MLR1,akdjgakjg
B0CQZL2HSW,akdjgakjg
B0CPM447QG,akdjgakjg
B07SPJJ3Y8,akdjgakjg
B06XZZ3P6F,akdjgakjg
B07Q7XK218,akdjgakjg
B074WF8W5R,akdjgakjg
B0CDC7SL6X,akdjgakjg
B07148FBL8,akdjgakjg
B09535DF5P,akdjgakjg
B07Q2W2P6D,akdjgakjg
B07ZPPP4KV,akdjgakjg
B01IVYSV7A,akdjgakjg
B09SBGJYNH,akdjgakjg
B088WS9ZQB,akdjgakjg
B096YMZLFZ,akdjgakjg
B071CYXPKX,akdjgakjg
B01LXXWTSV,akdjgakjg
B0DJXSNHR7,akdjgakjg
B0D72VTSD2,akdjgakjg
B08CDL4X1Q,akdjgakjg
B07GV3JQRX,akdjgakjg
B07TS5HNWK,akdjgakjg
B0963PDR2B,akdjgakjg
B0DHV7J1Z2,akdjgakjg
B08PPBFF7H,akdjgakjg
B0DH1KL9GV,akdjgakjg
B0D8VJQ7Z6,akdjgakjg
B0CM6T3Z7C,akdjgakjg
B0CLFZTG2N,akdjgakjg
B0CK7P1S33,akdjgakjg
B0CHMB7H67,akdjgakjg
B0CGLQ59RN,akdjgakjg
B0CCT6Q2X9,akdjgakjg
B0C6XQM9WS,akdjgakjg
B0C696WFJL,akdjgakjg
B0C5SSBNS4,akdjgakjg
B0BXKR7MSR,akdjgakjg
B0BQR4T6R7,akdjgakjg
B0BFK96LN3,akdjgakjg
B0BBLVCSCV,akdjgakjg
B0B8JP6CBQ,akdjgakjg
B0B641HKVD,akdjgakjg
B0B5Z3815C,akdjgakjg
B08RQBSCQL,akdjgakjg
B08Z7D433P,akdjgakjg
B08KRZS3SW,akdjgakjg
B09ZKHWPYW,akdjgakjg
B07QJ1YW1D,akdjgakjg
B00NP4U2J2,akdjgakjg
B07L3WN4YY,akdjgakjg
B07BW54XLS,akdjgakjg
B07DVGTWWM,akdjgakjg
B0D1P1N8NZ,akdjgakjg
B071J9CYX7,akdjgakjg
B0721JLNL3,akdjgakjg
B06XRCRRJ8,akdjgakjg
B089247SBB,akdjgakjg
B01M5DKRWD,akdjgakjg
B07PHXFVNG,akdjgakjg
B0DBTP7JXC,akdjgakjg
B09794CN95,akdjgakjg
B0D1JYQZ7J,akdjgakjg
B0BNBLXF3L,akdjgakjg
B0CPLX9FGT,akdjgakjg
B0BBTPFFPN,akdjgakjg
B0BSDWFYBG,akdjgakjg
B0C7VQCNC8,akdjgakjg
B0BN66VH6K,akdjgakjg
B0B2W95FD1,akdjgakjg
B09TW7MYJG,akdjgakjg
B08W8H84GQ,akdjgakjg
B09M3QYH5Z,akdjgakjg
B0CGF4FPW7,akdjgakjg
B09136G3R2,akdjgakjg
B0CWQ726LX,akdjgakjg
B0CHF974W5,akdjgakjg
B09H4KG5L6,akdjgakjg
B0B9XCZMXZ,akdjgakjg
B07S5JR1SK,akdjgakjg
B0B97B3WG2,akdjgakjg
B08DTN9M8V,akdjgakjg
B08D97VL12,akdjgakjg
B087C7M49N,akdjgakjg
B0CNC26LN7,akdjgakjg
B0B551Y6XV,akdjgakjg
B0DRJRYQQG,akdjgakjg
B0D471CLPR,akdjgakjg
B09XH3WTD7,akdjgakjg
B09D75M3GM,akdjgakjg
B075NNX96V,akdjgakjg
B0BLS6VY5Z,akdjgakjg
B00H0FO82Y,akdjgakjg
B001GJOYZ6,akdjgakjg
B0DF2P4T54,akdjgakjg
B0BGML1F25,akdjgakjg
B0B85746SH,akdjgakjg
B09XJCQG4H,akdjgakjg
B09NPLX5DX,akdjgakjg
B08SM72P2Z,akdjgakjg
B07PBCC5HJ,akdjgakjg
B09LFZ2KXW,akdjgakjg
B0957VQKYH,akdjgakjg
B08WZ3NRFF,akdjgakjg
B082XWJM6X,akdjgakjg
B07SJ5RZ6S,akdjgakjg
B0CKTD2F8J,akdjgakjg
B0CBSKG9S7,akdjgakjg
B07BGT9559,akdjgakjg
B0CJBXQ8XN,akdjgakjg
B0CBXGLYMZ,akdjgakjg
B08WJP3BJG,akdjgakjg
B07Y3SD6N4,akdjgakjg
B00GS8C0EC,akdjgakjg
B08J3D9R2D,akdjgakjg
B0CKX395R8,akdjgakjg
B09VD9BD85,akdjgakjg
B00TFNT1NK,akdjgakjg
B09DSZ7L3K,akdjgakjg
B07BQXTBKN,akdjgakjg
B0CNPJ6WVK,akdjgakjg
B0CBWS6Z75,akdjgakjg
B08K4214ZX,akdjgakjg
B01M1HK0ZW,akdjgakjg
B0C76Y8FR4,akdjgakjg
B0C2T3FPT6,akdjgakjg
B08P74M3MW,akdjgakjg
B083FGQRLC,akdjgakjg
B07S6323BL,akdjgakjg
B0D9GCB5PS,akdjgakjg
B0CNJYMJYT,akdjgakjg
B0CDHVNWPT,akdjgakjg
B0C7895JHP,akdjgakjg
B0C1C8W2GJ,akdjgakjg
B0BMPBZLV7,akdjgakjg
B09MYKT5LT,akdjgakjg
B094CQZZ1H,akdjgakjg
B08WJNLSJ2,akdjgakjg
B08L6BHRMJ,akdjgakjg
B08J7Y9J8V,akdjgakjg
B08BKXW9QG,akdjgakjg
B07SFD6L9R,akdjgakjg
B07BK2BVFP,akdjgakjg
B06Y1WJ67Z,akdjgakjg
B01IVMQ9A8,akdjgakjg
B01F0I438Q,akdjgakjg
B0DTKNNRHJ,akdjgakjg
B0DSJ1ZKZD,akdjgakjg
B0DSBGDC1N,akdjgakjg
B0DLL29XRH,akdjgakjg
B0DLGYK28V,akdjgakjg
B0DKBP36T7,akdjgakjg
B0DHVMQ2BZ,akdjgakjg
B0DHRGHDMM,akdjgakjg
B0DDCC1JPC,akdjgakjg
B0DCZLF2VR,akdjgakjg
B0DCG5FLT7,akdjgakjg
B0DB22WGDH,akdjgakjg
B0D8T5TL81,akdjgakjg
B0D8KG7XHP,akdjgakjg
B0CZD3Z574,akdjgakjg
B0CZ734H1P,akdjgakjg
B0CYZQCQWZ,akdjgakjg
B0CYCF7FGH,akdjgakjg
B0CPPGTD3K,akdjgakjg
B0CN527JFW,akdjgakjg
B0CJRHRQQ5,akdjgakjg
B0CFRC63YB,akdjgakjg
B0CD4XCBX8,akdjgakjg
B0CCZGH7SB,akdjgakjg
B0CB88M1J2,akdjgakjg
B0C91YPZHY,akdjgakjg
B0C6SHS7G5,akdjgakjg
B0C5HTXWPV,akdjgakjg
B0C4KD5ZN6,akdjgakjg
B0C2386TGF,akdjgakjg
B0C1MWP93L,akdjgakjg
B0C1DVL47N,akdjgakjg
B0BYNN5PV5,akdjgakjg
B0BXL74CYK,akdjgakjg
B0BWJG4DN9,akdjgakjg
B0BRKQNCRP,akdjgakjg
B0BJPP9167,akdjgakjg
B0BHZD5CM5,akdjgakjg
B0BD7HZ824,akdjgakjg
B0BB863YQP,akdjgakjg
B0B82S4RFJ,akdjgakjg
B0B6FFJJW3,akdjgakjg
B0CTGZ6S28,akdjgakjg
B097XQMGFL,akdjgakjg
B07QPKM61Q,akdjgakjg
B07RWXVVC1,akdjgakjg
B0BRXTHMJG,akdjgakjg
B01N8X699Z,akdjgakjg
B0C2VJZYYG,akdjgakjg
B08N47SRQH,akdjgakjg
B0CB591Y5S,akdjgakjg
B09B96PJV9,akdjgakjg
B081CMYFH6,akdjgakjg
B077P3XQQC,akdjgakjg
B0D6WXPSQ5,akdjgakjg
B00EVZP7CQ,akdjgakjg
B08BL5K3CP,akdjgakjg
B0BRZQR719,akdjgakjg
B0B3HF1SJQ,akdjgakjg
B09NFQWC34,akdjgakjg
B09KBR3BBJ,akdjgakjg
B0946CBN72,akdjgakjg
B08QRXB4LT,akdjgakjg
B08LNZTGHM,akdjgakjg
B0886K6BCX,akdjgakjg
B07WH3P5XZ,akdjgakjg
B07R3VX353,akdjgakjg
B07PYWK72B,akdjgakjg
B01NCO2L57,akdjgakjg
B01LYNIEA8,akdjgakjg
B01E8FDJ7I,akdjgakjg
B00VMU07Y6,akdjgakjg
B004WNZMQ8,akdjgakjg
B003FYJE3C,akdjgakjg
B08RVLW9KV,akdjgakjg
B07ZZKDSD3,akdjgakjg
B0C9D88GMG,akdjgakjg
B07YGWSJNR,akdjgakjg
B08MQHLNZS,akdjgakjg
B07QKN9MJ8,akdjgakjg
B07SL68VLJ,akdjgakjg
B0B91KLGRN,akdjgakjg
B08X3MNDTD,akdjgakjg
B07MD9PDPT,akdjgakjg
B01GJ9M5OY,akdjgakjg
B00W7CNJ02,akdjgakjg
B0DP5WY7XJ,akdjgakjg
B09Y3791CQ,akdjgakjg
B083J7XKXW,akdjgakjg
B0D48D4HDC,akdjgakjg
B09BVBQSZ2,akdjgakjg
B0CPLXZZ2Y,akdjgakjg
B07B2VJHJC,akdjgakjg
B0CKFL1ZV8,akdjgakjg
B0CZ3JPQS8,akdjgakjg
B0BSDTMKMP,akdjgakjg
B077NH5T4L,akdjgakjg
B0B7SNPR91,akdjgakjg
B0DJR946J1,akdjgakjg
B0B76K88RP,akdjgakjg
B00X8JGNJC,akdjgakjg
B09K945T3K,akdjgakjg
B07SV13N2K,akdjgakjg
B09C363CYN,akdjgakjg
B08SJV16M9,akdjgakjg
B096MXP464,akdjgakjg
B0CBCTZJXV,akdjgakjg
B095X6K4G4,akdjgakjg
B0CN37YW2B,akdjgakjg
B09132HWK5,akdjgakjg
B0002E3KDI,akdjgakjg
B08RR3QKRF,akdjgakjg
B08NW8RZ1Y,akdjgakjg
B07Y28HKK4,akdjgakjg
B07QJD85T5,akdjgakjg
B07KPXVCSS,akdjgakjg
B09TRPNBD1,akdjgakjg
B087RNL55D,akdjgakjg
B09DBZMM3S,akdjgakjg
B0C713YJWP,akdjgakjg
B09Y5JRSMR,akdjgakjg
B0863N15LP,akdjgakjg
B07THD9GH7,akdjgakjg
B07C3QT8RT,akdjgakjg
B005FIFM14,akdjgakjg
B003554EHM,akdjgakjg
B08T14DSGX,akdjgakjg
B0859MMCSW,akdjgakjg
B09B3Q6WGL,akdjgakjg
B095C9QC28,akdjgakjg
B08KHN5FY1,akdjgakjg
B0DHX5QV19,akdjgakjg
B0CXPQFT4W,akdjgakjg
B09C3QMWCK,akdjgakjg
B08GGSDZTB,akdjgakjg
B087M5RBTB,akdjgakjg
B084MN31GG,akdjgakjg
B07B42H3V1,akdjgakjg
B07B9K7GVX,akdjgakjg
B0BF3TLZ71,akdjgakjg
B0D482JSWD,akdjgakjg
B0118T4ZUC,akdjgakjg
B09Y32M9KL,akdjgakjg
B09M3RV3SP,akdjgakjg
B07ZFX9CBK,akdjgakjg
B0CJJL946Z,akdjgakjg
B08N6M76YH,akdjgakjg
B07Y9JXT2H,akdjgakjg
B075GNQPSY,akdjgakjg
B0B377SQ2Q,akdjgakjg
B00CKWYRIM,akdjgakjg
B0D5V855G6,akdjgakjg
B0CR5LXYYS,akdjgakjg
B01MQQIOLC,akdjgakjg
B0BM3FD2GN,akdjgakjg
B09PG14JN5,akdjgakjg
B083C613YF,akdjgakjg
B07R62K1LX,akdjgakjg
B093CLFW11,akdjgakjg
B0BWZNMYH5,akdjgakjg
B07XRGFDYP,akdjgakjg
B07D3NFRH8,akdjgakjg
B09V27RTVC,akdjgakjg
B08YH1NDGG,akdjgakjg
B08SGPL9BT,akdjgakjg
B08N4922NH,akdjgakjg
B0002COKR0,akdjgakjg
B0CHQ88T65,akdjgakjg
B0CCKGV7X1,akdjgakjg
B09RZVK46V,akdjgakjg
B071WSZJ14,akdjgakjg
B000FWAP8A,akdjgakjg
B0D6QP73FT,akdjgakjg
B0CVXFRD71,akdjgakjg
B0CQRDBD1X,akdjgakjg
B0C999RD76,akdjgakjg
B0BWBXB15H,akdjgakjg
B0994CZBLT,akdjgakjg
B097J93FH3,akdjgakjg
B08BC7DYB5,akdjgakjg
B087XB3C63,akdjgakjg
B07QJ7ZJ6P,akdjgakjg
B07Q33QSRQ,akdjgakjg
B073TRTQB7,akdjgakjg
B0070SGNU6,akdjgakjg
B004ZQ5D5W,akdjgakjg
B000H25VSM,akdjgakjg
B0DSGZTMGB,akdjgakjg
B0DQD2K95S,akdjgakjg
B0DPHK5BHJ,akdjgakjg
B0DJNXDMW5,akdjgakjg
B0DHR8F5DL,akdjgakjg
B0D9Y714W8,akdjgakjg
B0D7ZN69HS,akdjgakjg
B0D7PR3C3B,akdjgakjg
B0D78HRMYR,akdjgakjg
B0D73D92BQ,akdjgakjg
B0D4LJ598B,akdjgakjg
B0D41JCQWT,akdjgakjg
B0D1XGNWW3,akdjgakjg
B0CY99SD46,akdjgakjg
B0CWVCB5RD,akdjgakjg
B074WDL1N8,akdjgakjg
B01BJCOO4A,akdjgakjg
B0124BL4LQ,akdjgakjg
B00BD1VO96,akdjgakjg
B0085MPTS8,akdjgakjg
B00653RS24,akdjgakjg
B0030LLRBW,akdjgakjg
B001NGFR9Y,akdjgakjg
B0CVKXYGR8,akdjgakjg
B0CQXKWJ9Q,akdjgakjg
B0CQNMZQQ6,akdjgakjg
B0CPSTLLPS,akdjgakjg
B0CN9GMV66,akdjgakjg
B0CGLXL6QH,akdjgakjg
B0CFZP2WX1,akdjgakjg
B0CFL77ZK9,akdjgakjg
B0CDPMDFPK,akdjgakjg
B0CDJBDRNR,akdjgakjg
B0C993C19N,akdjgakjg
B0C5MNDXL8,akdjgakjg
B0C2YS421V,akdjgakjg
B0BXXJQK38,akdjgakjg
B0BR5HY58C,akdjgakjg
B0BN15X43S,akdjgakjg
B0BJ46NDDR,akdjgakjg
B0B72BQJ4L,akdjgakjg
B0B6PDKRLD,akdjgakjg
B0B3TRG12L,akdjgakjg
B0B14LMDZY,akdjgakjg
B09TL9S57W,akdjgakjg
B098QYK6ZV,akdjgakjg
B0949B1QRY,akdjgakjg
B08HYRTZ46,akdjgakjg
B088Y1GKV6,akdjgakjg
B085HF93NC,akdjgakjg
B07CSC133N,akdjgakjg
B078XGHRF1,akdjgakjg
B075Y8ZV79,akdjgakjg
B0757RPFF5,akdjgakjg
B09R9WBM8K,akdjgakjg
B09K92BKTW,akdjgakjg
B08Z3D64SR,akdjgakjg
B07WSKFW85,akdjgakjg
B0DS8FV2SL,akdjgakjg
B07QS69Y4R,akdjgakjg
B09X157P42,akdjgakjg
B00PUVG062,akdjgakjg
B01BVN0Z22,akdjgakjg
B07TD2K8MG,akdjgakjg
B07VMJGQXY,akdjgakjg
B0BVDDP871,akdjgakjg
B0BLHDGHHX,akdjgakjg
B08JNND2HW,akdjgakjg
B0D66QJ45H,akdjgakjg
B09BBM4222,akdjgakjg
B07CP43W2G,akdjgakjg
B0CPBWHM88,akdjgakjg
B091NTD9JJ,akdjgakjg
B01N02YV7W,akdjgakjg
B09L5N1CVF,akdjgakjg
B0CR5S5MM9,akdjgakjg
B07Y4QRPPQ,akdjgakjg
B09WZ3CH7J,akdjgakjg
B08WKXV4G7,akdjgakjg
B0BZRCB2YK,akdjgakjg
B0BZ43DG55,akdjgakjg
B097XW4C3D,akdjgakjg
B08H5THMRJ,akdjgakjg
B08RS26QJV,akdjgakjg
B07VG7P9K1,akdjgakjg
B07Q4FPK1Z,akdjgakjg
B0C7FP3LPG,akdjgakjg
B0BVCKF4CL,akdjgakjg
B07BHJ33DW,akdjgakjg
B0BSDTYSBS,akdjgakjg
B0DLGZJSDW,akdjgakjg
B081KTKJKG,akdjgakjg
B01N2HX3K1,akdjgakjg
B0DKSY2TY9,akdjgakjg
B0BQZZ13CL,akdjgakjg
B0CJP5NCXK,akdjgakjg
B09V7G267S,akdjgakjg
B0BWHLQHBY,akdjgakjg
B08QPWLJL2,akdjgakjg
B0BSDW4C5T,akdjgakjg
B0008EJIQA,akdjgakjg
B0BDRGFJQX,akdjgakjg
B0CTKR9SCD,akdjgakjg
B0C3MNHMD6,akdjgakjg
B075Y8RWLN,akdjgakjg
B06XX6RFM4,akdjgakjg
B00YTZ591M,akdjgakjg
B0D3M5RMQ4,akdjgakjg
B0B56THY21,akdjgakjg
B0BWJX982X,akdjgakjg
B083817YZ6,akdjgakjg
B078QCW66W,akdjgakjg
B01B6VNPPI,akdjgakjg
B0092T8JEO,akdjgakjg
B0DLBM84ZV,akdjgakjg
B07VYMWC75,akdjgakjg
B007KAY4HI,akdjgakjg
B08252153F,akdjgakjg
B0CWH252V5,akdjgakjg
B0CW186GXW,akdjgakjg
B0CP54L2XV,akdjgakjg
B0CK7M3QNV,akdjgakjg
B0CF3W9Q5Z,akdjgakjg
B0CCT626L8,akdjgakjg
B0CCKG8C69,akdjgakjg
B0CBR7ZRB6,akdjgakjg
B0C9M3C53F,akdjgakjg
B0C8PC2XVB,akdjgakjg
B0C77QLNP2,akdjgakjg
B0C5Q8MN5G,akdjgakjg
B0C1JR5T9D,akdjgakjg
B0BWHP26ST,akdjgakjg
B0BJV5244W,akdjgakjg
B0BC1C2P5T,akdjgakjg
B076Z6D3YJ,akdjgakjg
B001OPK3DO,akdjgakjg
B097LN5NJL,akdjgakjg
B08KZGQZHV,akdjgakjg
B0BL43JDNJ,akdjgakjg
B09HSK1BX4,akdjgakjg
B0CXX8719Z,akdjgakjg
B0C6DLPQD6,akdjgakjg
B08SC6H3VW,akdjgakjg
B078X4QPW2,akdjgakjg
B0BG5X7Y1V,akdjgakjg
B0B8HQ2R3J,akdjgakjg
B084VR5GYM,akdjgakjg
B07WPF82TX,akdjgakjg
B0771TVDYN,akdjgakjg
B0D2CW8W6N,akdjgakjg
B0CK53781C,akdjgakjg
B0C3394F6H,akdjgakjg
B08HY398B7,akdjgakjg
B08FCR48WV,akdjgakjg
B081B5WD45,akdjgakjg
B0C377N4RS,akdjgakjg
B0BFZVX2VQ,akdjgakjg
B09YP8XD6J,akdjgakjg
B088CSMRYR,akdjgakjg
B07M9CB9PD,akdjgakjg
B0CR6NXYP1,akdjgakjg
B0CFL8YYKD,akdjgakjg
B0C9Q7PF8D,akdjgakjg
B0C1C2T9CG,akdjgakjg
B09VTLRYQ6,akdjgakjg
B094VXGK2M,akdjgakjg
B0B9HPMQ7Z,akdjgakjg
B0B8ZJ4T2S,akdjgakjg
B0B7C2DKCH,akdjgakjg
B0B1HFLXWS,akdjgakjg
B09YH98CQJ,akdjgakjg
B09VWXXFBN,akdjgakjg
B09BXXGHNQ,akdjgakjg
B08MLLTBPM,akdjgakjg
B08JPPN858,akdjgakjg
B08HW4QS3F,akdjgakjg
B08B1VKKFW,akdjgakjg
B086MY9N46,akdjgakjg
B07Z1CZTY3,akdjgakjg
B07W99FD34,akdjgakjg
B07SPLLJX2,akdjgakjg
B07RFGN1KG,akdjgakjg
B08D69LRPK,akdjgakjg
B07VCM5R1S,akdjgakjg
B07KPCKXJP,akdjgakjg
B073Q2FH2G,akdjgakjg
B06XX6G7MD,akdjgakjg
B008YDVYLE,akdjgakjg
B001D0HVDA,akdjgakjg
B0DVHVT3RK,akdjgakjg
B0DR8HF8NM,akdjgakjg
B0DMLWN6W8,akdjgakjg
B0DK72RKFH,akdjgakjg
B0DK1FFC95,akdjgakjg
B0DGQ1NZTV,akdjgakjg
B0DG568S51,akdjgakjg
B0D3DS3JXF,akdjgakjg
B0CWQRPKNK,akdjgakjg
B07R3XFZ4L,akdjgakjg
B07PN7BD5Z,akdjgakjg
B07P8CV2P6,akdjgakjg
B07GBHV2FC,akdjgakjg
B0744QQ2LW,akdjgakjg
B06XC6P3NM,akdjgakjg
B01MA3TE5B,akdjgakjg
B00ZO2E2I0,akdjgakjg
B00IDG2TVQ,akdjgakjg
B00CRK9ZLG,akdjgakjg
B003A8GOG8,akdjgakjg
B0002D09N8,akdjgakjg
B009HXPBJQ,akdjgakjg
B0DJVPPV1S,akdjgakjg
B08SM9G92W,akdjgakjg
B001037L8K,akdjgakjg
B0C5CW5FD7,akdjgakjg
B0843Y5H21,akdjgakjg
B07VKKTDXN,akdjgakjg
B0CTG5996F,akdjgakjg
B07TMPBGPG,akdjgakjg
B0D98ZXHYY,akdjgakjg
B0CR6BSNKH,akdjgakjg
B07K43BJZ7,akdjgakjg
B0DFPZNS3V,akdjgakjg
B0DHWT1QK8,akdjgakjg
B0DNSG6TC2,akdjgakjg
B082H3S6F8,akdjgakjg
B0BZKNBHVS,akdjgakjg
B008LUJ02A,akdjgakjg
B0BHWCM9WT,akdjgakjg
B0BDJ4FXV8,akdjgakjg
B085L39JFF,akdjgakjg
B0B2ZLYCM3,akdjgakjg
B07YXWFC2W,akdjgakjg
B09NSFLP6P,akdjgakjg
B0BG981JNM,akdjgakjg
B09K77X112,akdjgakjg
B00UGB652A,akdjgakjg
B098ZCCV14,akdjgakjg
B004PICKDS,akdjgakjg
B0731Y2P27,akdjgakjg
B000H5QDVI,akdjgakjg
B071ZYBR41,akdjgakjg
B0DK828HQD,akdjgakjg
B07BGHZV6P,akdjgakjg
B0CTKW5FPV,akdjgakjg
B0087OTTPI,akdjgakjg
B0CBPLSDL1,akdjgakjg
B093G5Y17F,akdjgakjg
B0C9SRB65V,akdjgakjg
B09M8DTM9S,akdjgakjg
B0C88KGGTH,akdjgakjg
B0C3GZLFVR,akdjgakjg
B0C64XBMKG,akdjgakjg
B09CYK7W88,akdjgakjg
B0C4P11GW3,akdjgakjg
B0C5CN6DVP,akdjgakjg
B0C1HPZ124,akdjgakjg
B07F22DQVB,akdjgakjg
B07WSTWYGN,akdjgakjg
B01N15JBTW,akdjgakjg
B0CR68GWPZ,akdjgakjg
B08PCDNKLC,akdjgakjg
B082NFX6TJ,akdjgakjg
B075X2TTPK,akdjgakjg
B08GS7P399,akdjgakjg
B083QNNZY1,akdjgakjg
B0CMQ5TZK7,akdjgakjg
B0D3QC47CW,akdjgakjg
B0DJX55CXF,akdjgakjg
B087WN5PCN,akdjgakjg
B0CQLQ2SRK,akdjgakjg
B08C5G79D9,akdjgakjg
B07R31PSYG,akdjgakjg
B0CJFPGZN5,akdjgakjg
B09N2B29V6,akdjgakjg
B08RYDFSMQ,akdjgakjg
B0CYZK67SX,akdjgakjg
B0BHQ7LR7K,akdjgakjg
B0B4KDWDBD,akdjgakjg
B091HZSXYC,akdjgakjg
B07QZQM16D,akdjgakjg
B0C378WRQF,akdjgakjg
B0BCH1PP4P,akdjgakjg
B09TKCQ8HR,akdjgakjg
B09MCQQGZB,akdjgakjg
B07TVYHH6W,akdjgakjg
B07683FST1,akdjgakjg
B01F88PAN0,akdjgakjg
B0085E9G30,akdjgakjg
B0DQVSPGL6,akdjgakjg
B0DNYK33L3,akdjgakjg
B0DNJQHP7H,akdjgakjg
B0DHV1RKXT,akdjgakjg
B0DHG3Y4F9,akdjgakjg
B0DHCPB79P,akdjgakjg
B0DH1YPXW1,akdjgakjg
B0DFWGLF6L,akdjgakjg
B0DCVSB198,akdjgakjg
B0DBPLGGZJ,akdjgakjg
B0DBF1JMCC,akdjgakjg
B0D9ZRH715,akdjgakjg
B0D9XVGZ9D,akdjgakjg
B0D8T4JK7W,akdjgakjg
B0D415Q8NW,akdjgakjg
B0D3V3TGYB,akdjgakjg
B0D3LRMCN9,akdjgakjg
B0D2PD1VK6,akdjgakjg
B0CXN5SL57,akdjgakjg
B0CT4PPJRK,akdjgakjg
B0CSXHR3P7,akdjgakjg
B0CSG2Z4S4,akdjgakjg
B0CRPNTXSS,akdjgakjg
B0CRDLT3D7,akdjgakjg
B0CQYFZWXQ,akdjgakjg
B0CNPKV4XW,akdjgakjg
B0CNGVPLWP,akdjgakjg
B0CN13MCDV,akdjgakjg
B0CM3NG339,akdjgakjg
B0CLM6QCWN,akdjgakjg
B0CKS363P3,akdjgakjg
B0CJ8XHB9Q,akdjgakjg
B0CDS6NGLM,akdjgakjg
B0CN12GD9V,akdjgakjg
B0CG889S6D,akdjgakjg
B0CC89SKX4,akdjgakjg
B0BC6DDDLB,akdjgakjg
B09MHY6WGB,akdjgakjg
B091JZKX6Z,akdjgakjg
B08TMG3STK,akdjgakjg
B08SHTQ15R,akdjgakjg
B086BQR7KP,akdjgakjg
B07GYW57V3,akdjgakjg
B07577R4S9,akdjgakjg
B074C6GN2P,akdjgakjg
B01GX3HBT0,akdjgakjg
B00I0EYBSU,akdjgakjg
B0DXQFD7YY,akdjgakjg
B0DT9HB3QV,akdjgakjg
B0DL55VJC8,akdjgakjg
B0DK5DHLCG,akdjgakjg
B001E5E0HE,akdjgakjg
B09XJXCV5D,akdjgakjg
B07WLKSCG9,akdjgakjg
B0BM43HFJM,akdjgakjg
B07F26X16K,akdjgakjg
B00T5H0G30,akdjgakjg
B0C5QVR2VB,akdjgakjg
B083FG1MRW,akdjgakjg
B07SNST299,akdjgakjg
B014ISHVGK,akdjgakjg
B0B5D316LC,akdjgakjg
B08KRRK9M4,akdjgakjg
B07SZHDSRQ,akdjgakjg
B0BLP5DF48,akdjgakjg
B08TWBHSGQ,akdjgakjg
B08PRTKY6C,akdjgakjg
B08L8P4JJ2,akdjgakjg
B08FHRGLX5,akdjgakjg
B0888V6FKK,akdjgakjg
B0888S8T2B,akdjgakjg
B081VMJ2H8,akdjgakjg
B07WGYR2X4,akdjgakjg
B07QCT41LH,akdjgakjg
B07GD3BD7M,akdjgakjg
B075QZV33C,akdjgakjg
B0716G1R3B,akdjgakjg
B01N692XR0,akdjgakjg
B01MTR3JWT,akdjgakjg
B00CLI8R3Q,akdjgakjg
B005HH18NE,akdjgakjg
B0CC6L15H4,akdjgakjg
B0C9WDKBS1,akdjgakjg
B0C85LXDHD,akdjgakjg
B0C6THLQLD,akdjgakjg
B0C693NH27,akdjgakjg
B0C2ZW1XG7,akdjgakjg
B0BZRTC84D,akdjgakjg
B0BVHZ1GQ2,akdjgakjg
B0BMXSSQQ6,akdjgakjg
B0B96BVCPV,akdjgakjg
B09WJYWTG5,akdjgakjg
B09W2BSRY9,akdjgakjg
B09K4VYNF3,akdjgakjg
B09JG2SC9X,akdjgakjg
B09FXJJ2TK,akdjgakjg
B08W8KZVG1,akdjgakjg
B0CRSYMLY3,akdjgakjg
B092ZKL7DW,akdjgakjg
B06XB1MH45,akdjgakjg
B0DDT8B1VD,akdjgakjg
B01IFTDLPI,akdjgakjg
B0CFL66Q5X,akdjgakjg
B07TW63LD2,akdjgakjg
B0953CD96B,akdjgakjg
B07TT9T88Q,akdjgakjg
B0C9V64GQT,akdjgakjg
B0CJCX5J3X,akdjgakjg
B088JVXKJX,akdjgakjg
B0CCJBN8GP,akdjgakjg
B07WJWTJ66,akdjgakjg
B007KAXE60,akdjgakjg
B017J1TFE4,akdjgakjg
B0DQCSJHH3,akdjgakjg
B08FWVGN57,akdjgakjg
B07S632ZLN,akdjgakjg
B08DP86Q49,akdjgakjg
B0002D0A7S,akdjgakjg
B084DBP52D,akdjgakjg
B0DCHZBM37,akdjgakjg
B07QB49H59,akdjgakjg
B07SWBCLXM,akdjgakjg
B07MDK7NPL,akdjgakjg
B07XFM9R2P,akdjgakjg
B07CH4CLX6,akdjgakjg
B0D7PBSR91,akdjgakjg
B0747ZYM4Z,akdjgakjg
B0D14QQWJZ,akdjgakjg
B00TASLH5K,akdjgakjg
B07PLN8YMS,akdjgakjg
B07SDSF5B6,akdjgakjg
B087C7F7V9,akdjgakjg
B07P54YVQC,akdjgakjg
B0B915W61W,akdjgakjg
B0DP5WLR8K,akdjgakjg
B07PYYJKGR,akdjgakjg
B0D4VPR95Q,akdjgakjg
B0DRG7BVBQ,akdjgakjg
B0CPLXST18,akdjgakjg
B0D1R4MFZ3,akdjgakjg
B0BWHJHM29,akdjgakjg
B0BYZFRDWT,akdjgakjg
B0B7KGDNZK,akdjgakjg
B083G29SKW,akdjgakjg
B09YDD765H,akdjgakjg
B0CYLLK2NY,akdjgakjg
B075PDBNLP,akdjgakjg
B08VNTHJ5J,akdjgakjg
B00QUXRMNE,akdjgakjg
B0CX533CQC,akdjgakjg
B0027LSWTQ,akdjgakjg
B0002E1OYU,akdjgakjg
B09RBB3L3J,akdjgakjg
B0002D0AOQ,akdjgakjg
B08P18VRXW,akdjgakjg
B09PYJBD73,akdjgakjg
B083CMV6Z2,akdjgakjg
B09NVV75WZ,akdjgakjg
B000GZNCCW,akdjgakjg
B00184Y91S,akdjgakjg
B0CP12WSNY,akdjgakjg
B0DBQPC9WR,akdjgakjg
B0CL4V74XJ,akdjgakjg
B0CKXCVDCH,akdjgakjg
B09DKQC2WR,akdjgakjg
B0936M7QSX,akdjgakjg
B01N35DWD9,akdjgakjg
B00CYMWBS6,akdjgakjg
B000YOKCSM,akdjgakjg
B000JJO5HG,akdjgakjg
B0DQ7MTT78,akdjgakjg
B0DD74RSLB,akdjgakjg
B0D8VH76PK,akdjgakjg
B0D86ZPBR4,akdjgakjg
B0D7WGFQPZ,akdjgakjg
B0D3MDWFZR,akdjgakjg
B0D37VZV6G,akdjgakjg
B086Y8F362,akdjgakjg
B0002D0A5K,akdjgakjg
B0CB67HWXQ,akdjgakjg
B0C9JWM3F9,akdjgakjg
B0C6M3N2Z9,akdjgakjg
B0C5XZPNV2,akdjgakjg
B07WPW53RP,akdjgakjg
B000AZWXX2,akdjgakjg
B0C1TRFZ9N,akdjgakjg
B06XD8YRD4,akdjgakjg
B01DT4SPUU,akdjgakjg
B005DMJ3SK,akdjgakjg
B098KP5TLB,akdjgakjg
B08SM87PPD,akdjgakjg
B0CMCKX19Y,akdjgakjg
B09ZGS1F54,akdjgakjg
B09P8WWTBP,akdjgakjg
B09KNG15NS,akdjgakjg
B08KHLWGZ2,akdjgakjg
B08K1F1B5T,akdjgakjg
B000EEHD4I,akdjgakjg
B08SVQ2CPY,akdjgakjg
B08C7K61LM,akdjgakjg
B0C27TFFXH,akdjgakjg
B09LGZBQ13,akdjgakjg
B09G5W273T,akdjgakjg
B09DSPL9HX,akdjgakjg
B08FL5CWSQ,akdjgakjg
B081J64MP8,akdjgakjg
B076F8SG9S,akdjgakjg
B01HYWTK6G,akdjgakjg
B0002D0A82,akdjgakjg
B0D1K482J3,akdjgakjg
B0CZNW2GKR,akdjgakjg
B0CYZ2XD6X,akdjgakjg
B0CSYR4JW7,akdjgakjg
B0CJHWDNR6,akdjgakjg
B0CGZ8T35Q,akdjgakjg
B0C9T62H8F,akdjgakjg
B0C7ZNG6MW,akdjgakjg
B0C6GX4JKG,akdjgakjg
B0C4SWD8M8,akdjgakjg
B0C3MH3H1H,akdjgakjg
B0BXCMQJZ8,akdjgakjg
B0BVBFQ5NX,akdjgakjg
B0BN18WD7T,akdjgakjg
B0BKQC2M4K,akdjgakjg
B07DDQ3G4L,akdjgakjg
B076786TR7,akdjgakjg
B0744R8MXF,akdjgakjg
B01JHAG1RE,akdjgakjg
B00VMU0F5M,akdjgakjg
B004VDD4TG,akdjgakjg
B0027LWUEE,akdjgakjg
B000E3455O,akdjgakjg
B0B6P5QJH6,akdjgakjg
B0B462F7G5,akdjgakjg
B0B1Q945R2,akdjgakjg
B09VKWDLJP,akdjgakjg
B09V2SXJMD,akdjgakjg
B09NK3K7YF,akdjgakjg
B09FJLNFL7,akdjgakjg
B08LVS1QSD,akdjgakjg
B08HSZZYY4,akdjgakjg
B08FMBLMD1,akdjgakjg
B088C59VYP,akdjgakjg
B07WJ6SK8Z,akdjgakjg
B07W4DM1KM,akdjgakjg
B07V4R72VS,akdjgakjg
B07QQKQZYT,akdjgakjg
B096G9QLPC,akdjgakjg
B08SJ7CS5K,akdjgakjg
B07KXS6WS7,akdjgakjg
B08PZDCP31,akdjgakjg
B0BQJ2M4WQ,akdjgakjg
B084DC2QJN,akdjgakjg
B09BBMRVR1,akdjgakjg
B07TQSPC8W,akdjgakjg
B07V9QDQ65,akdjgakjg
B07T462S2M,akdjgakjg
B0D7PW8T3Z,akdjgakjg
B07HX24ZW5,akdjgakjg
B0BPDWQJGY,akdjgakjg
B01C0KL2QI,akdjgakjg
B073V1GFYS,akdjgakjg
B0D7VQ1PM4,akdjgakjg
B07ZNPZZQJ,akdjgakjg
B07XVTCDJX,akdjgakjg
B0147TREO4,akdjgakjg
B00EFJ6JJI,akdjgakjg
B08G19JMY4,akdjgakjg
B0865SMQ4Z,akdjgakjg
B01CK3JVLI,akdjgakjg
B0CR9VYXSL,akdjgakjg
B0BZXZQKTN,akdjgakjg
B0BLYNTYF4,akdjgakjg
B0BJ7SYQYD,akdjgakjg
B087PJYFD1,akdjgakjg
B0C9LYM427,akdjgakjg
B0CS961V85,akdjgakjg
B09HWDH9WJ,akdjgakjg
B07JDS7LL1,akdjgakjg
B0D943DS96,akdjgakjg
B08LGBYDK5,akdjgakjg
B0B4VKHC73,akdjgakjg
B074WF4522,akdjgakjg
B00EVZPE7O,akdjgakjg
B08N4CKJNW,akdjgakjg
B07P98W5YH,akdjgakjg
B0CW6M3MRR,akdjgakjg
B0DJVBQLC6,akdjgakjg
B0CBTJ8YY1,akdjgakjg
B0CJHZTYCB,akdjgakjg
B01LDT0KRE,akdjgakjg
B0CC56X6QX,akdjgakjg
B0BSDV2755,akdjgakjg
B078G6PH12,akdjgakjg
B097PLZBF3,akdjgakjg
B08DTQYN6W,akdjgakjg
B095L9YCVG,akdjgakjg
B09XGNSM9M,akdjgakjg
B07QRR3Y2W,akdjgakjg
B013KPJXZE,akdjgakjg
B06XGPWFRP,akdjgakjg
B0CW8JRMV5,akdjgakjg
B08QS6DKW3,akdjgakjg
B07ZVFD7YD,akdjgakjg
B07VW69NWZ,akdjgakjg
B0BLYSFNXN,akdjgakjg
B088ZQB37T,akdjgakjg
B0BZPV4LYC,akdjgakjg
B0B8ZP6FXX,akdjgakjg
B09PG1XC68,akdjgakjg
B07D8GGRP6,akdjgakjg
B08B8ZFZNS,akdjgakjg
B00XHUBCFW,akdjgakjg
B089ZNXB47,akdjgakjg
B0B1J7Q2BF,akdjgakjg
B08VNH3DQ7,akdjgakjg
B0B65F9ZT1,akdjgakjg
B08K8Y6GZZ,akdjgakjg
B07VR9HH95,akdjgakjg
B07VK5M3PL,akdjgakjg
B0DHWVLCWQ,akdjgakjg
B07B3K2SV9,akdjgakjg
B097SW8J7W,akdjgakjg
B07C83QF2V,akdjgakjg
B0757DKBYV,akdjgakjg
B0D93M8K23,akdjgakjg
B08D6VJQ2X,akdjgakjg
B001E5E2B8,akdjgakjg
B0C4RNNWTV,akdjgakjg
B0B11XDJXT,akdjgakjg
B09Z68Q33K,akdjgakjg
B09BFVDQHW,akdjgakjg
B08FD2FH64,akdjgakjg
B07R6N7VHC,akdjgakjg
B07H7R76X8,akdjgakjg
B00UXDWRE6,akdjgakjg
B0D8VYWSJH,akdjgakjg
B0D6V95DQ1,akdjgakjg
B0D4ZMY4PK,akdjgakjg
B0CZRJWWCL,akdjgakjg
B0C5R93WVD,akdjgakjg
B0C4L6WP7J,akdjgakjg
B0BJV49V55,akdjgakjg
B0CYBP89V5,akdjgakjg
B0CY99HK6G,akdjgakjg
B0CRKLMWF5,akdjgakjg
B0CP3S1RHV,akdjgakjg
B0CLRBK6LH,akdjgakjg
B0CK7L4461,akdjgakjg
B0CH382MZ8,akdjgakjg
B0CBFPJCHR,akdjgakjg
B0C9MB13XL,akdjgakjg
B0C93PF48N,akdjgakjg
B0C5M1PL13,akdjgakjg
B0BR49JXBG,akdjgakjg
B0BLSQRFC2,akdjgakjg
B0BF4R4P9V,akdjgakjg
B0B2WL673T,akdjgakjg
B0B2RG85D8,akdjgakjg
B0B1CSH2G6,akdjgakjg
B09MD586ND,akdjgakjg
B097JKDDXN,akdjgakjg
B094123P1G,akdjgakjg
B092L7XKKX,akdjgakjg
B08R9J7SF4,akdjgakjg
B07YTP1LXF,akdjgakjg
B07YP8CSRW,akdjgakjg
B07XV81MBC,akdjgakjg
B07XSD7B7K,akdjgakjg
B07T1HFMTD,akdjgakjg
B074MN6W63,akdjgakjg
B07234RMMT,akdjgakjg
B01B828LAY,akdjgakjg
B00LVTOOVU,akdjgakjg
B00L72JUYC,akdjgakjg
B09Z6ZBTGJ,akdjgakjg
B09HRWXKTC,akdjgakjg
B09C6B8ZYZ,akdjgakjg
B08DNJL41B,akdjgakjg
B07W3XF6VM,akdjgakjg
B07KNF5R9K,akdjgakjg
B07HBCM1GT,akdjgakjg
B079HRYJK1,akdjgakjg
B00AET0LX8,akdjgakjg
B001J88JBE,akdjgakjg
B0DS7WN6CM,akdjgakjg
B0DPX4CTDS,akdjgakjg
B0DP77WJZZ,akdjgakjg
B0D5J39T9K,akdjgakjg
B0D14GYVBP,akdjgakjg
B0CZDNGQ6D,akdjgakjg
B088WPM446,akdjgakjg
B09129DCVJ,akdjgakjg
B0BNN564Y1,akdjgakjg
B00EVZOJ98,akdjgakjg
B0DSG335K8,akdjgakjg
B0C585C842,akdjgakjg
B0CF46K3GT,akdjgakjg
B07K32J6VB,akdjgakjg
B08L6XFVKV,akdjgakjg
B08GFZPLRZ,akdjgakjg
B0CN7RPLYZ,akdjgakjg
B07VFH7P5H,akdjgakjg
B08Z36MCC4,akdjgakjg
B07VBZ7T3L,akdjgakjg
B0CT66VMN2,akdjgakjg
B07FZKPNKF,akdjgakjg
B07NSS1X4V,akdjgakjg
B0CW5TVYP9,akdjgakjg
B07TWKXGPL,akdjgakjg
B0CPLYWPQS,akdjgakjg
B0CWPR1HSQ,akdjgakjg
B0CH2JFQVZ,akdjgakjg
B00YQZGD42,akdjgakjg
B0BSDVXJ7Q,akdjgakjg
B087WRYFD4,akdjgakjg
B0BN9TX4S7,akdjgakjg
B076P7PMHX,akdjgakjg
B095P192Z6,akdjgakjg
B08BDNP1R8,akdjgakjg
B08T217F82,akdjgakjg
B07QBVK42L,akdjgakjg
B08RQFWPVV,akdjgakjg
B01N02YATG,akdjgakjg
B07VXV5PNF,akdjgakjg
B0CTBW5QVD,akdjgakjg
B07QJ19VYB,akdjgakjg
B08SJWPKG5,akdjgakjg
B07M683SNL,akdjgakjg
B07HJCFV4T,akdjgakjg
B01LWCSZAW,akdjgakjg
B0CQCML27P,akdjgakjg
B0749V8BY9,akdjgakjg
B0BC363V2V,akdjgakjg
B0B4RPDL7L,akdjgakjg
B0BK23SGHK,akdjgakjg
B0891VGWWQ,akdjgakjg
B01IR7G8YY,akdjgakjg
B0BZY81YNQ,akdjgakjg
B09VB1RN3J,akdjgakjg
B08ZN8XVBW,akdjgakjg
B083G2DF97,akdjgakjg
B00266IRPQ,akdjgakjg
B00J44M1OG,akdjgakjg
B0CNXMYB2M,akdjgakjg
B0BY432F5M,akdjgakjg
B092KF26KK,akdjgakjg
B08N6TJPQ5,akdjgakjg
B09PG1QH6Q,akdjgakjg
B00M780R7E,akdjgakjg
B008BKNMP6,akdjgakjg
B07QPR7VQ1,akdjgakjg
B0BP2TPG4P,akdjgakjg
B094XRW6KC,akdjgakjg
B085WSHG8H,akdjgakjg
B07SPXVD8P,akdjgakjg
B0D2XTYZLY,akdjgakjg
B09MKXFQMN,akdjgakjg
B099K4Y2J8,akdjgakjg
B08HVKZRM3,akdjgakjg
B087CLK46M,akdjgakjg
B07DMBDGG9,akdjgakjg
B006BUKE36,akdjgakjg
B0BQ6ZGMLT,akdjgakjg
B0BGT6Z6N1,akdjgakjg
B09281Y98P,akdjgakjg
B07N1TFFB1,akdjgakjg
B07J5R2DSN,akdjgakjg
B0CH2VHFD2,akdjgakjg
B0BZCRPL4N,akdjgakjg
B08QTZ2NRZ,akdjgakjg
B07QMXPB49,akdjgakjg
B07JW81VM5,akdjgakjg
B07JJXPTHX,akdjgakjg
B001KW5YEO,akdjgakjg
B0018EVPC4,akdjgakjg
B0D7CBQ35B,akdjgakjg
B0CGJM2XTC,akdjgakjg
B0BT56H5CD,akdjgakjg
B08D7YJX5S,akdjgakjg
B07B41WPBZ,akdjgakjg
B00SS0RTBM,akdjgakjg
B00QAJJJ3Y,akdjgakjg
B0CN47SJPN,akdjgakjg
B0CDG45LRM,akdjgakjg
B0BKL2NNW8,akdjgakjg
B0B4N8N1PM,akdjgakjg
B0CYGSRKHM,akdjgakjg
B0CRDRMW5Q,akdjgakjg
B0CR5HV6ZG,akdjgakjg
B0CQRW491X,akdjgakjg
B0CPSRWLZM,akdjgakjg
B0CNRHWTCX,akdjgakjg
B0CKZDGXHM,akdjgakjg
B0CHJ1TNXQ,akdjgakjg
B0CFM52MBF,akdjgakjg
B0CBBG6NPJ,akdjgakjg
B0C9Q69QDL,akdjgakjg
B0C6GYV6SR,akdjgakjg
B0C5VNBH2C,akdjgakjg
B0BWL49YKN,akdjgakjg
B0BR9Y7LZY,akdjgakjg
B0BR4B7DX6,akdjgakjg
B08C2L5NV3,akdjgakjg
B088XWX7XP,akdjgakjg
B07ZQXZQ8M,akdjgakjg
B07YBBCN2M,akdjgakjg
B07Q3JYL86,akdjgakjg
B07PJSWSFS,akdjgakjg
B07N7G2DM3,akdjgakjg
B07KNNPP6K,akdjgakjg
B07H9BL3TV,akdjgakjg
B07GJHVGCM,akdjgakjg
B072N6KHB1,akdjgakjg
B07226WL5Y,akdjgakjg
B01MST16IX,akdjgakjg
B01DQOFYP2,akdjgakjg
B006ZXNC7E,akdjgakjg
B0BPH5TH3W,akdjgakjg
B0BHBX1KSY,akdjgakjg
B0BD7GVMRF,akdjgakjg
B0BBGG91LX,akdjgakjg
B0B9NB92Z5,akdjgakjg
B0B6H54LPM,akdjgakjg
B09XTXLRY8,akdjgakjg
B09MYYGR6K,akdjgakjg
B09KL7MQ1T,akdjgakjg
B09H2TRRR3,akdjgakjg
B09BS71RVZ,akdjgakjg
B093FN3D2G,akdjgakjg
B09289HZPC,akdjgakjg
B08JKXJTVX,akdjgakjg
B08DZ3MJLW,akdjgakjg
B08D8Q4KB5,akdjgakjg
B09PFC76G7,akdjgakjg
B09NM549RG,akdjgakjg
B0963D2MHK,akdjgakjg
B07H9JGGN3,akdjgakjg
B073TRSGRY,akdjgakjg
B0002FP3UU,akdjgakjg
B0DCK6TPNY,akdjgakjg
B0D9F1YSQ2,akdjgakjg
B0D5R6TBQM,akdjgakjg
B0D5JVHCHH,akdjgakjg
B0D4MDTTSF,akdjgakjg
B0D3DP197P,akdjgakjg
B0D2K2JM3D,akdjgakjg
B0D1TW73SC,akdjgakjg
B0D144B9B4,akdjgakjg
B0CZ6ZN495,akdjgakjg
B08Z858V73,akdjgakjg
B0D7VYH5XR,akdjgakjg
B0C7D6B38X,akdjgakjg
B07CPNX1BK,akdjgakjg
B0D1V2BD1T,akdjgakjg
B0DRWN3LNX,akdjgakjg
B0DP5X8Z8H,akdjgakjg
B07CHWSJPL,akdjgakjg
B0DH213B2Q,akdjgakjg
B0DSK97VTR,akdjgakjg
B0CPLX65SF,akdjgakjg
B077J5H3NY,akdjgakjg
B0BZ1RCK5P,akdjgakjg
B07492M5FG,akdjgakjg
B0BSDWCRBH,akdjgakjg
B0CN69C75J,akdjgakjg
B07HNSRD4Z,akdjgakjg
B00EVZPO1U,akdjgakjg
B0833G372F,akdjgakjg
B08MT9G42F,akdjgakjg
B09N3K5K55,akdjgakjg
B005AWXHVM,akdjgakjg
B0C4YPQJKN,akdjgakjg
B07C3HRKRS,akdjgakjg
B09D6ZDDRJ,akdjgakjg
B0BXP729SF,akdjgakjg
B06XGVY2BD,akdjgakjg
B09XGZFC4L,akdjgakjg
B08JQMWJPV,akdjgakjg
B07DF2M6YW,akdjgakjg
B083XBG261,akdjgakjg
B0B25QX6WC,akdjgakjg
B07PFRS31Q,akdjgakjg
B08FHBVPJ6,akdjgakjg
B07HWKPJF2,akdjgakjg
B0CFWG67FC,akdjgakjg
B07HBYVT1G,akdjgakjg
B0BCVKVKTX,akdjgakjg
B07F3DZJC1,akdjgakjg
B0CX3X9NBZ,akdjgakjg
B01M3S4X7E,akdjgakjg
B06XXF26T1,akdjgakjg
B07D3GK8JK,akdjgakjg
B0C2HZ79CF,akdjgakjg
B07PMXQWHT,akdjgakjg
B09J2RKDJM,akdjgakjg
B0C9SZGQGF,akdjgakjg
B078HWSBWB,akdjgakjg
B0BHQW2DDS,akdjgakjg
B0C39LK5Z8,akdjgakjg
B09YV5F18W,akdjgakjg
B0DKBLP71H,akdjgakjg
B09834FF2V,akdjgakjg
B07HR3ZBJZ,akdjgakjg
B092HDZLKZ,akdjgakjg
B09V7KVN68,akdjgakjg
B08VH4GP9M,akdjgakjg
B073X898C2,akdjgakjg
B08RR6NGBX,akdjgakjg
B00L9MID2A,akdjgakjg
B08DP81N8Z,akdjgakjg
B082YLZVJK,akdjgakjg
B07RHYNK9J,akdjgakjg
B00JIB5T94,akdjgakjg
B08CKHB9JJ,akdjgakjg
B07TC56W6P,akdjgakjg
B0C7H2DT4K,akdjgakjg
B09C6HKZ41,akdjgakjg
B0002FO8CY,akdjgakjg
B0002GWJTM,akdjgakjg
B09HBJXTFM,akdjgakjg
B077SJHPRM,akdjgakjg
B0CRKG7S7P,akdjgakjg
B0BTYH4V9Y,akdjgakjg
B094HW3D2X,akdjgakjg
B082Z4GNQ7,akdjgakjg
B07RNQ4DG3,akdjgakjg
B07CMB3V3F,akdjgakjg
B08L6G2PWN,akdjgakjg
B0BWJXQ72S,akdjgakjg
B01IRDE62E,akdjgakjg
B01A3XDIQQ,akdjgakjg
B0B7KWVP3Q,akdjgakjg
B08QVGZQTK,akdjgakjg
B08NDSG4TC,akdjgakjg
B0195HL31S,akdjgakjg
B0B14GLXHY,akdjgakjg
B0932THWK9,akdjgakjg
B0839NTVQD,akdjgakjg
B07KZLFXKV,akdjgakjg
B0B5KH687G,akdjgakjg
B087QTCKDQ,akdjgakjg
B07V5J45HN,akdjgakjg
B078VHBPVQ,akdjgakjg
B0CWNDR268,akdjgakjg
B09498518Q,akdjgakjg
B0916DTSSL,akdjgakjg
B08H1GS742,akdjgakjg
B089NPHLCM,akdjgakjg
B0878F7LJV,akdjgakjg
B07WK1C6TM,akdjgakjg
B075KJRT43,akdjgakjg
B000NOAYQS,akdjgakjg
B0D2BD64L1,akdjgakjg
B0CZ1L78YX,akdjgakjg
B0CK5B1ZP3,akdjgakjg
B0C9PQMPJQ,akdjgakjg
B0C5CR6RGM,akdjgakjg
B0BZ3MG9WV,akdjgakjg
B0BVMM32RW,akdjgakjg
B0BFB5VJKT,akdjgakjg
B0B2W69W16,akdjgakjg
B09ZZYBNWC,akdjgakjg
B09N1KWHXG,akdjgakjg
B098N5T433,akdjgakjg
B08MTZ43ZB,akdjgakjg
B087BQT8Z3,akdjgakjg
B07ZVBF745,akdjgakjg
B07GQV2M3Y,akdjgakjg
B076Q8FVZB,akdjgakjg
B01M5BBZZP,akdjgakjg
B000Y01W26,akdjgakjg
B0DJRLCFMH,akdjgakjg
B0DJQB3GCT,akdjgakjg
B0DGQ1F77Z,akdjgakjg
B0DCBT1RW8,akdjgakjg
B0DBPTWHGY,akdjgakjg
B0D8KF4H3C,akdjgakjg
B0D2XWWL3B,akdjgakjg
B0CYWTB9X7,akdjgakjg
B0CVVQJY5C,akdjgakjg
B0CQSRXZFG,akdjgakjg
B0CPSLLV3W,akdjgakjg
B0CGNVC776,akdjgakjg
B0CG9VNVCP,akdjgakjg
B0CDRQ15GP,akdjgakjg
B0CBVF3C3F,akdjgakjg
B0C7451NV6,akdjgakjg
B0C5LNX7JQ,akdjgakjg
B0BRCQ19G2,akdjgakjg
B0BKLNMVZP,akdjgakjg
B0BFGXG6S2,akdjgakjg
B0B46BJJNS,akdjgakjg
B0B2V79LGJ,akdjgakjg
B0B1CXRNKV,akdjgakjg
B09P18Q66F,akdjgakjg
B09NZM7C6K,akdjgakjg
B09CH5XJCD,akdjgakjg
B09289PLCQ,akdjgakjg
B08VF6X5NL,akdjgakjg
B08SLN5SJM,akdjgakjg
B08RY665FV,akdjgakjg
B08JKY7VGS,akdjgakjg
B088XFKKSY,akdjgakjg
B07ZRZ6YYD,akdjgakjg
B07NM44NR2,akdjgakjg
B079G58T3H,akdjgakjg
B078V2NV8H,akdjgakjg
B017YGSYC8,akdjgakjg
B00TGOEYUI,akdjgakjg
B00RVMMPAS,akdjgakjg
B00M254I9U,akdjgakjg
B00GDJLKY2,akdjgakjg
B000LQ62ZK,akdjgakjg
B07SHJVXTP,akdjgakjg
B00O4CWC9W,akdjgakjg
B07YZHBZRH,akdjgakjg
B00IVP9WAA,akdjgakjg
B0153P5KZQ,akdjgakjg
B0C98ZMPHW,akdjgakjg
B005P0NPKM,akdjgakjg
B07GJJ5JF7,akdjgakjg
B08ZCK31P9,akdjgakjg
B0C58RGN9D,akdjgakjg
B00VUN783S,akdjgakjg
B07SNCH9YQ,akdjgakjg
B07QKMVB35,akdjgakjg
B0CX9HDNVQ,akdjgakjg
B091366RWL,akdjgakjg
B007TV56BG,akdjgakjg
B0CP4C6CCH,akdjgakjg
B0D3J5HLH7,akdjgakjg
B08N3ZSP9M,akdjgakjg
B0CCNWV2FZ,akdjgakjg
B00MYK566M,akdjgakjg
B09NVL6ZNQ,akdjgakjg
B0BWH5BDR3,akdjgakjg
B09696KHZR,akdjgakjg
B075LQBCFR,akdjgakjg
B09TGZQMYH,akdjgakjg
B01MFGL1HR,akdjgakjg
B09K92WQ8K,akdjgakjg
B0CSKMTVJG,akdjgakjg
B095P1HW2N,akdjgakjg
B0D5PVZPLD,akdjgakjg
B08TV2BH2B,akdjgakjg
B0BML8LTV8,akdjgakjg
B0DP5XG8F8,akdjgakjg
B08YN98LX3,akdjgakjg
B0BPSQM84W,akdjgakjg
B0CW6M5DNJ,akdjgakjg
B08X94JGJ1,akdjgakjg
B0BQ36CRJV,akdjgakjg
B0CVNG7G4G,akdjgakjg
B0CQ257X5M,akdjgakjg
B08YNM8C9Q,akdjgakjg
B0CSK8CVNF,akdjgakjg
B07V4JZKQX,akdjgakjg
B0BXP6PM13,akdjgakjg
B0CPLXVXLV,akdjgakjg
B0C2GXTQHR,akdjgakjg
B07GZM7XK6,akdjgakjg
B000BVNWJY,akdjgakjg
B08RQBS57P,akdjgakjg
B0987GQNY5,akdjgakjg
B08M3B7WF3,akdjgakjg
B0DG4NPGPY,akdjgakjg
B07TXXZ12S,akdjgakjg
B087WMS1SF,akdjgakjg
B07TD6134B,akdjgakjg
B0CZ6T54JP,akdjgakjg
B07G7H9BHY,akdjgakjg
B0BYCD1PV2,akdjgakjg
B07F2BRQ7P,akdjgakjg
B08XTGYSZV,akdjgakjg
B0184OLZE8,akdjgakjg
B0B9DPRV41,akdjgakjg
B00N0JIBRC,akdjgakjg
B000U8UVNI,akdjgakjg
B0C7QLD2DM,akdjgakjg
B07W1KMSHG,akdjgakjg
B07B8QGV1L,akdjgakjg
B0B4DD5C92,akdjgakjg
B0C2D33JJH,akdjgakjg
B07B2XBKZ4,akdjgakjg
B08PW3P13N,akdjgakjg
B09T2NBDM1,akdjgakjg
B087BGTH1Y,akdjgakjg
B07R7FKR1T,akdjgakjg
B078ZHRQN9,akdjgakjg
B092VN9LQC,akdjgakjg
B07QXJSXQL,akdjgakjg
B09FFTCM5J,akdjgakjg
B08FHN6J21,akdjgakjg
B071RQ9TCC,akdjgakjg
B0BZQ7KNRT,akdjgakjg
B012ANP4CI,akdjgakjg
B0CKX2M66H,akdjgakjg
B0D69P2QG9,akdjgakjg
B07123W96S,akdjgakjg
B07BR7BF36,akdjgakjg
B09VQQ4115,akdjgakjg
B0BL2D6FQK,akdjgakjg
B07TJ9YSXG,akdjgakjg
B08SM7CJ2H,akdjgakjg
B0BX42759N,akdjgakjg
B0CK7LJYM4,akdjgakjg
B0CCV6V4KD,akdjgakjg
B01CRTETLW,akdjgakjg
B07996B53W,akdjgakjg
B0CQFWT6TD,akdjgakjg
B0D73FR3YH,akdjgakjg
B0B4JTFJRT,akdjgakjg
B07MD1VC55,akdjgakjg
B09CY978TC,akdjgakjg
B07SW2DD41,akdjgakjg
B01N0YXGLP,akdjgakjg
B0CRXZ188F,akdjgakjg
B0C6WQD7WZ,akdjgakjg
B07691C97T,akdjgakjg
B0CQZ3DYMW,akdjgakjg
B0BHT1QBST,akdjgakjg
B00ELCDOW4,akdjgakjg
B009CZVX5A,akdjgakjg
B0DJGXW1CM,akdjgakjg
B0CC4PJPL9,akdjgakjg
B09F558X25,akdjgakjg
B07Z8L8GDX,akdjgakjg
B07DXCP7X8,akdjgakjg
B0DD6V9MBD,akdjgakjg
B0BJRMCRZ3,akdjgakjg
B09HCHT3LH,akdjgakjg
B085RFGCHB,akdjgakjg
B07FQY9K4X,akdjgakjg
B00I7C0RAQ,akdjgakjg
B0CP9BVY7J,akdjgakjg
B0CH4WFCCX,akdjgakjg
B0CCCWFK8J,akdjgakjg
B0BB3GY5VV,akdjgakjg
B0B5XH4WG8,akdjgakjg
B09L83GMZV,akdjgakjg
B08R75X9FJ,akdjgakjg
B08L88FX4G,akdjgakjg
B08H1TML9J,akdjgakjg
B07PFBPHL6,akdjgakjg
B076BWVC9K,akdjgakjg
B01N47V0AK,akdjgakjg
B0116R5UEQ,akdjgakjg
B009GO6ECE,akdjgakjg
B0DCGC8VR5,akdjgakjg
B0C9HLQL3Q,akdjgakjg
B0C8NL1W3D,akdjgakjg
B0BC1GMBY4,akdjgakjg
B09N5WP7CD,akdjgakjg
B096F6P9S1,akdjgakjg
B09447C28H,akdjgakjg
B08P4XL3KC,akdjgakjg
B08BZK5YM4,akdjgakjg
B089WSS5DV,akdjgakjg
B01M13VUKW,akdjgakjg
B01LTEBIA6,akdjgakjg
B01F0I36PC,akdjgakjg
B00ARVP2UA,akdjgakjg
B0007L712M,akdjgakjg
B0DB8PNZLF,akdjgakjg
B0D9Y6525Z,akdjgakjg
B0D9LY83HG,akdjgakjg
B0D83H57BK,akdjgakjg
B0D5DJPZN2,akdjgakjg
B0CZDBZD62,akdjgakjg
B0CX1GLTHL,akdjgakjg
B0CSY9X48T,akdjgakjg
B0CRV5FGPS,akdjgakjg
B0CQNNZ8GX,akdjgakjg
B0CLZC9K6F,akdjgakjg
B0CKNY6695,akdjgakjg
B0CKFB3SJT,akdjgakjg
B0CJ5222FQ,akdjgakjg
B0CHJ2XFJW,akdjgakjg
B0CGBYZNDF,akdjgakjg
B0CF5MJBGH,akdjgakjg
B0CC8H7YZY,akdjgakjg
B0CBQ266PB,akdjgakjg
B0C74S1QX7,akdjgakjg
B0C5CGRV24,akdjgakjg
B0C4B8SBPP,akdjgakjg
B0C14BSDVG,akdjgakjg
B0C138P1LZ,akdjgakjg
B0BYCJNCKN,akdjgakjg
B0BY8PD4SC,akdjgakjg
B082157Z6K,akdjgakjg
B07V7W1NNZ,akdjgakjg
B07CVFZYT7,akdjgakjg
B079W1XS9W,akdjgakjg
B078FZD72Q,akdjgakjg
B01BPJ0TUK,akdjgakjg
B00VIRX3OE,akdjgakjg
B007PD42PY,akdjgakjg
B0067OHZRO,akdjgakjg
B0002D0KM8,akdjgakjg
B07T51KP1Y,akdjgakjg
B002QFWBDQ,akdjgakjg
B0BKTRFKQ2,akdjgakjg
B081DP3XPS,akdjgakjg
B0BWJWG6T6,akdjgakjg
B0791BRZZJ,akdjgakjg
B09H6VVSRZ,akdjgakjg
B0BV1JPXQK,akdjgakjg
B0CFL53CGB,akdjgakjg
B0B2PK564Q,akdjgakjg
B097B2C2D6,akdjgakjg
B0BWLVBZKZ,akdjgakjg
B0BLJNC3R2,akdjgakjg
B07FX6M13M,akdjgakjg
B0BL8GKT4F,akdjgakjg
B09Y67C57L,akdjgakjg
B0DRN69L5F,akdjgakjg
B0CWB18D5R,akdjgakjg
B0DPMC9MC2,akdjgakjg
B0B7BS79GV,akdjgakjg
B0DCMLQLMZ,akdjgakjg
B0DLZYCJV8,akdjgakjg
B0D2H1SPBH,akdjgakjg
B0D7ZHF8T6,akdjgakjg
B0CGX628NP,akdjgakjg
B0CJ9HJGLB,akdjgakjg
B0BZVW3M54,akdjgakjg
B000NOORLQ,akdjgakjg
B0BV6HWQ5C,akdjgakjg
B0CJFC64YV,akdjgakjg
B0B59Y5LBH,akdjgakjg
B0BTBBYS7T,akdjgakjg
B0D9PR9PQ3,akdjgakjg
B0B148TX6R,akdjgakjg
B07544KPJL,akdjgakjg
B01LYXFCBM,akdjgakjg
B07MNSS4PB,akdjgakjg
B0CYFY9Z6Y,akdjgakjg
B0BN1RZ59R,akdjgakjg
B0973F3R5P,akdjgakjg
B07F3WYFC2,akdjgakjg
B0C4SLSJ1K,akdjgakjg
B0B934GR6J,akdjgakjg
B09MDYLLS2,akdjgakjg
B09163L2CV,akdjgakjg
B0CW1MGDJ2,akdjgakjg
B09WMFVD58,akdjgakjg
B094QM3WWD,akdjgakjg
B0BTDPR7GZ,akdjgakjg
B0BPKXTB7V,akdjgakjg
B0BNTHJLKJ,akdjgakjg
B0BLH6S654,akdjgakjg
B0BKQD9FRR,akdjgakjg
B0B1GT328R,akdjgakjg
B09YH8V1G7,akdjgakjg
B09TB6JSVB,akdjgakjg
B09CMFV315,akdjgakjg
B09CDSZ5LB,akdjgakjg
B092ZD541D,akdjgakjg
B08W9BCVNR,akdjgakjg
B08RBG6NZN,akdjgakjg
B088XNWNMG,akdjgakjg
B084KXXM3H,akdjgakjg
B084D3CQ6H,akdjgakjg
B09T5YJL92,akdjgakjg
B00P1UE9UG,akdjgakjg
B09KG8MFB1,akdjgakjg
B0CNQSHY74,akdjgakjg
B08NXRJ39V,akdjgakjg
B0D62QMLJ9,akdjgakjg
B08ND3SMYM,akdjgakjg
B004PCJTR4,akdjgakjg
B07F6VF9X2,akdjgakjg
B0CJ9JQP9Y,akdjgakjg
B01GMU4D40,akdjgakjg
B0BZSYGTBJ,akdjgakjg
B00GI285PG,akdjgakjg
B0C7QFT2HM,akdjgakjg
B08L3FP9HX,akdjgakjg
B083YNW98M,akdjgakjg
B08R9J6JBZ,akdjgakjg
B075V5FTVJ,akdjgakjg
B0DB87C74B,akdjgakjg
B0CM5NXVMF,akdjgakjg
B00T63RTUG,akdjgakjg
B0CS3QBM56,akdjgakjg
B09XMBQXKL,akdjgakjg
B08YZ225GZ,akdjgakjg
B08BP1RJ1S,akdjgakjg
B086QVSWD3,akdjgakjg
B085L64CRP,akdjgakjg
B07Q4SLL5H,akdjgakjg
B0029JZ2LW,akdjgakjg
B0D6RJLV2F,akdjgakjg
B0CQZNLRXC,akdjgakjg
B0CQCJMFTN,akdjgakjg
B0C2P2LGYX,akdjgakjg
B0B869MWZM,akdjgakjg
B07HZBHC8K,akdjgakjg
B01GSBDQRI,akdjgakjg
B00AEVMGT8,akdjgakjg
B0DS268LV2,akdjgakjg
B0DNMKHJHM,akdjgakjg
B0DKCYRK2S,akdjgakjg
B0DK5NK9D7,akdjgakjg
B0DF2SVXFD,akdjgakjg
B0DD3KJ25B,akdjgakjg
B0DD39VNTW,akdjgakjg
B0DBZDXPTC,akdjgakjg
B0DB6HBJ5Q,akdjgakjg
B0D9Y5LSCF,akdjgakjg
B0D99H5232,akdjgakjg
B0D922WTMN,akdjgakjg
B0D8B2JYN2,akdjgakjg
B0D765GB9G,akdjgakjg
B0D3T119VB,akdjgakjg
B0CYX2J4G1,akdjgakjg
B0CY298QLT,akdjgakjg
B0CY1ZGG5W,akdjgakjg
B0CWGJ9J3C,akdjgakjg
B0CW1T9QZ3,akdjgakjg
B0CSXK724V,akdjgakjg
B0CRV7JRQ9,akdjgakjg
B0CQYH48KJ,akdjgakjg
B0CP9835QC,akdjgakjg
B0CNW7JPDD,akdjgakjg
B0CNPW6VQV,akdjgakjg
B0CMKX68PM,akdjgakjg
B07K28RR9F,akdjgakjg
B07GD6QSHW,akdjgakjg
B07G7833KR,akdjgakjg
B07F81RD4G,akdjgakjg
B072MYPBB9,akdjgakjg
B01M2CUIZP,akdjgakjg
B01LYOCLOL,akdjgakjg
B0150XJ8AO,akdjgakjg
B0147DUAOQ,akdjgakjg
B011SFO9OI,akdjgakjg
B00T63RXOI,akdjgakjg
B00AIS36OQ,akdjgakjg
B0CLBDJCJ6,akdjgakjg
B0CL4J4TMX,akdjgakjg
B0CG1F6LVY,akdjgakjg
B0CG1DYYRM,akdjgakjg
B0CBLWQRDM,akdjgakjg
B0C5J6XSMN,akdjgakjg
B0C3QTHBLT,akdjgakjg
B0BZCDL3X2,akdjgakjg
B0BXSMZ3QW,akdjgakjg
B0BCKZ7SG9,akdjgakjg
B0B95PK8CM,akdjgakjg
B0B56NCJSK,akdjgakjg
B0B3XG3W9G,akdjgakjg
B08BWJYRD6,akdjgakjg
B0866D7LQ9,akdjgakjg
B07QCMQXGB,akdjgakjg
B07ZDHC9F4,akdjgakjg
B07BGJBHSC,akdjgakjg
B07D58MVDR,akdjgakjg
B0791C36JF,akdjgakjg
B0CF5BW2ZV,akdjgakjg
B09GSCB9X6,akdjgakjg
B08NXPTW2B,akdjgakjg
B0CXHNRBF3,akdjgakjg
B0CF8Z5LMJ,akdjgakjg
B0B1MY1CLV,akdjgakjg
B07QMHFYG7,akdjgakjg
B0D2SF3Y8R,akdjgakjg
B09FHSZ24V,akdjgakjg
B0B4SFGX68,akdjgakjg
B0CR8GNKXD,akdjgakjg
B07RL3VKKT,akdjgakjg
B09R1HFZSC,akdjgakjg
B07797HTS1,akdjgakjg
B0D498PKYC,akdjgakjg
B09QV7NJFX,akdjgakjg
B0C3R77BJW,akdjgakjg
B0D4VHCNQS,akdjgakjg
B07D3MBSZV,akdjgakjg
B0D2H7RT8V,akdjgakjg
B0DHRT2ZW4,akdjgakjg
B0CTF7768L,akdjgakjg
B0DP5WMK1W,akdjgakjg
B0CNT3GYX8,akdjgakjg
B0872MPJ6G,akdjgakjg
B0CNH284B2,akdjgakjg
B003F2TJZ2,akdjgakjg
B0CLR49FNT,akdjgakjg
B075TLSWC4,akdjgakjg
B0CKQW2BKW,akdjgakjg
B0D17V27F9,akdjgakjg
B0CHYP6XM2,akdjgakjg
B0DBT2NVFT,akdjgakjg
B0CFRCKD81,akdjgakjg
B0BRTRYSRG,akdjgakjg
B0CC6YY4HZ,akdjgakjg
B0CDXJB2DD,akdjgakjg
B0BKTSR7PK,akdjgakjg
B0C996X169,akdjgakjg
B09T9HK2TM,akdjgakjg
B01GW4CDOI,akdjgakjg
B09SM3PNY3,akdjgakjg
B0987L2G18,akdjgakjg
B09JWKTD8Z,akdjgakjg
B00180KAX8,akdjgakjg
B08K39R7BL,akdjgakjg
B0C8S1G7MM,akdjgakjg
B085G83Q83,akdjgakjg
B0DKCZNV11,akdjgakjg
B08356HY1G,akdjgakjg
B09RPCRVN4,akdjgakjg
B07S3995BR,akdjgakjg
B0CDGM78P9,akdjgakjg
B07P4DZNXP,akdjgakjg
B09TRYH5T8,akdjgakjg
B07F2R2M57,akdjgakjg
B0DK5FG151,akdjgakjg
B086RM3WWG,akdjgakjg
B07BQYXX8Y,akdjgakjg
B004CYE3PS,akdjgakjg
B0BN1QNZTL,akdjgakjg
B08WLTTSF8,akdjgakjg
B08BX4PYQN,akdjgakjg
B086H55ZMY,akdjgakjg
B085B1P44P,akdjgakjg
B013F3XLCC,akdjgakjg
B0BX67XL5B,akdjgakjg
B0758GV68J,akdjgakjg
B0D7Q17VL7,akdjgakjg
B0BV23XBN9,akdjgakjg
B0BC94FB3M,akdjgakjg
B09Y873MY7,akdjgakjg
B09NCTXKQ6,akdjgakjg
B08MSSHBTT,akdjgakjg
B004PVQ8B0,akdjgakjg
B08FY2TWFR,akdjgakjg
B07WC6VN4X,akdjgakjg
B0159IF14M,akdjgakjg
B0CPCWJFTW,akdjgakjg
B0CJMRYBG1,akdjgakjg
B09WMGL3QS,akdjgakjg
B09D35HYS8,akdjgakjg
B08YWWVJH9,akdjgakjg
B07Z69BDFV,akdjgakjg
B07Z3S97J7,akdjgakjg
B0CNYSQ1P9,akdjgakjg
B0BQSSWGDX,akdjgakjg
B07RQB6Q84,akdjgakjg
B07NMFTSC7,akdjgakjg
B06XJQQKLN,akdjgakjg
B0CLV5M9TF,akdjgakjg
B0CK2NJ1V5,akdjgakjg
B0D3XPTYS7,akdjgakjg
B0D2X2LQHV,akdjgakjg
B0CZHX2RCL,akdjgakjg
B0CZF7DFLW,akdjgakjg
B0CX1SKQQ6,akdjgakjg
B0CW36RHQR,akdjgakjg
B0CQ53VGQ8,akdjgakjg
B0CN9P3KLN,akdjgakjg
B0CLXZS1DJ,akdjgakjg
B0CJJHVPS4,akdjgakjg
B0CJ4QZNW5,akdjgakjg
B0CG1F145D,akdjgakjg
B0CDS9NNTZ,akdjgakjg
B0CDRR4D3W,akdjgakjg
B0C9PTMGRN,akdjgakjg
B0C6SSK8G9,akdjgakjg
B0BZV2LXFX,akdjgakjg
B0BW8827L1,akdjgakjg
B09T2X1P7H,akdjgakjg
B08CXHCBD6,akdjgakjg
B081K4GQF6,akdjgakjg
B07WG3F71D,akdjgakjg
B00INKZDWE,akdjgakjg
B0C6D3L651,akdjgakjg
B0B8MKCC16,akdjgakjg
B095H7XQ1H,akdjgakjg
B08XYG3KD2,akdjgakjg
B086DM4XYY,akdjgakjg
B07Q3VQMMH,akdjgakjg
B06XK3D2VJ,akdjgakjg
B00P7DMYM2,akdjgakjg
B008L1FD8E,akdjgakjg
B0DTHS8DW8,akdjgakjg
B0DS2GK5SB,akdjgakjg
B0DRHQNLNK,akdjgakjg
B0DR8GDTFP,akdjgakjg
B0DPWCB7LT,akdjgakjg
B0DNSF35YB,akdjgakjg
B0DLZMG7G3,akdjgakjg
B0DJVC63L2,akdjgakjg
B0DJT23ZFV,akdjgakjg
B0DGX8VB9F,akdjgakjg
B0DGKMR5DK,akdjgakjg
B0DBZLKTFG,akdjgakjg
B0D9VQBQCT,akdjgakjg
B0D9PRB3CY,akdjgakjg
B0D91Y9PP2,akdjgakjg
B0D6R6MKSK,akdjgakjg
B07X9FMCXL,akdjgakjg
B07HJH7BL6,akdjgakjg
B07GYQQTLV,akdjgakjg
B07GHZYGJ5,akdjgakjg
B07FT1CKD8,akdjgakjg
B07DHJYQ3M,akdjgakjg
B0727SNRPH,akdjgakjg
B018SK2Z6K,akdjgakjg
B00MRBYRKO,akdjgakjg
B006UK2TYY,akdjgakjg
1939472253,akdjgakjg
B0BZCWC7RZ,akdjgakjg
B0BYZ5G6VF,akdjgakjg
B0BYJTSRPB,akdjgakjg
B0BWQPR34F,akdjgakjg
B0BHNZ72QH,akdjgakjg
B0B818Z9MG,akdjgakjg
B0B53J6MVJ,akdjgakjg
B0B4NG1JP4,akdjgakjg
B09QK5BY8P,akdjgakjg
B09P13M7G9,akdjgakjg
B09MFHJTXW,akdjgakjg
B09J13J9CC,akdjgakjg
B08M7LZDDR,akdjgakjg
B08LC3Z7LH,akdjgakjg
B086MYB9LC,akdjgakjg
B083GRX4PW,akdjgakjg
B097S5LYK1,akdjgakjg
B07TTGRDL4,akdjgakjg
B076D4CCGG,akdjgakjg
B0DT9F8XGT,akdjgakjg
B0CBTW9SNF,akdjgakjg
B0DMN3D6CY,akdjgakjg
B0BVQYHWY6,akdjgakjg
B07D196CSB,akdjgakjg
B08V9298D9,akdjgakjg
B0CF9F159D,akdjgakjg
B0D72X4WMM,akdjgakjg
B07C2X9K55,akdjgakjg
B0D2HBKYWV,akdjgakjg
B096QRTHCT,akdjgakjg
B0C7RX3R7R,akdjgakjg
B0CS3BJ87X,akdjgakjg
B0160EFOKA,akdjgakjg
B081RWD4RT,akdjgakjg
B09X1Z9YZP,akdjgakjg
B0CLM6FL5W,akdjgakjg
B09Y8S4C2Y,akdjgakjg
B0DFW56N5F,akdjgakjg
B0D6QZJ3S5,akdjgakjg
B0BYJB1FLP,akdjgakjg
B01A3PO5WU,akdjgakjg
B0CSDCF4CB,akdjgakjg
B07GZ1NCNS,akdjgakjg
B0CP1MST3G,akdjgakjg
B0D4VV1FK8,akdjgakjg
B01IFH6NZK,akdjgakjg
B07ZDQRKQ6,akdjgakjg
B0DFP6RJ9L,akdjgakjg
B082G8B54Q,akdjgakjg
B0C64SF6MC,akdjgakjg
B07W6K3J92,akdjgakjg
B0D8VPS526,akdjgakjg
B07YFF4857,akdjgakjg
B004PT4RIS,akdjgakjg
B07WCKBK7L,akdjgakjg
B07JGDT4KQ,akdjgakjg
B0CDTFB7YM,akdjgakjg
B08Y5PBWLQ,akdjgakjg
B08SKGP6TL,akdjgakjg
B0CP8QQSF2,akdjgakjg
B0077D1DC2,akdjgakjg
B0DNJZFHKD,akdjgakjg
B0D67HN2K3,akdjgakjg
B0BZSWKVPV,akdjgakjg
B0BYYRZ2QS,akdjgakjg
B0BLSN5Z2S,akdjgakjg
B0BXCPJ3YL,akdjgakjg
B0BVQP7PQC,akdjgakjg
B09QKXPHL9,akdjgakjg
B083FY91JP,akdjgakjg
B09QJW4XJW,akdjgakjg
B07QSH65KJ,akdjgakjg
B09Q6JMLP2,akdjgakjg
B0CF94V9CF,akdjgakjg
B095SGZHTC,akdjgakjg
B014ISHGT2,akdjgakjg
B094D3597P,akdjgakjg
B0DJ73J5GG,akdjgakjg
B08D6K8L2X,akdjgakjg
B0C7G3YVBB,akdjgakjg
B0DHS397TP,akdjgakjg
B07WD39Q6P,akdjgakjg
B07TNJ1SFJ,akdjgakjg
B09Y68Z7TR,akdjgakjg
B0CQR2P6TK,akdjgakjg
B0CNW52JCT,akdjgakjg
B0BHKYJNP2,akdjgakjg
B07GYX27BQ,akdjgakjg
B09JZ33QWD,akdjgakjg
B09H3PGGLG,akdjgakjg
B07QF6MJPL,akdjgakjg
B0006G5M4C,akdjgakjg
B0CDRS5P4J,akdjgakjg
B07PWDPKBM,akdjgakjg
B0B6GJFYZQ,akdjgakjg
B077VW227N,akdjgakjg
B0BD4GM96R,akdjgakjg
B0B55CLNY1,akdjgakjg
B0B3DYFQ9R,akdjgakjg
B09Y8SSJ3F,akdjgakjg
B089VKP3KG,akdjgakjg
B07V1J6DYZ,akdjgakjg
B06XYQX7WB,akdjgakjg
B01MZ6Q0OW,akdjgakjg
B006SBMZRG,akdjgakjg
B0F1TPFNS7,akdjgakjg
B0DNYHBTF8,akdjgakjg
B0DNJQ5994,akdjgakjg
B0DMNJSJP2,akdjgakjg
B0DLJTYBZP,akdjgakjg
B0DK3HBDPK,akdjgakjg
B0DJFSDPWM,akdjgakjg
B0B66SJKWP,akdjgakjg
B097JF7YFY,akdjgakjg
B09289VHW1,akdjgakjg
B085FZKY69,akdjgakjg
B076ZSK43G,akdjgakjg
B0BP7G7NM6,akdjgakjg
B073V13W96,akdjgakjg
B002N4ZBE6,akdjgakjg
B0DK33BKY3,akdjgakjg
B01B36U2YI,akdjgakjg
B0CSYBTNLX,akdjgakjg
B0CNPWD6PD,akdjgakjg
B0CJRSVV44,akdjgakjg
B07V2NXG5G,akdjgakjg
B0CVX579R1,akdjgakjg
B0CR6RHYD8,akdjgakjg
B09NNM1KX1,akdjgakjg
B08GY1MN5N,akdjgakjg
B0CZ76QCT9,akdjgakjg
B0CTR36KK9,akdjgakjg
B0CKW4SV5K,akdjgakjg
B0B7XCMQF1,akdjgakjg
B09GYLVDVB,akdjgakjg
B091SJFPSW,akdjgakjg
B08YZ3Y3C3,akdjgakjg
B088LQKVDW,akdjgakjg
B07BGHCMWJ,akdjgakjg
B00YIRK96Q,akdjgakjg
B0CNYQXN66,akdjgakjg
B0C65BM7PJ,akdjgakjg
B0BTX2XNRB,akdjgakjg
B0BFTHHL2S,akdjgakjg
B0CGLTLMXD,akdjgakjg
B0C9SNYXX8,akdjgakjg
B0C6XR2Z46,akdjgakjg
B0C53K8ZH5,akdjgakjg
B0C3YMH1FD,akdjgakjg
B0C3399L5P,akdjgakjg
B0BZ3LLWDM,akdjgakjg
B0BYZ7GM2Y,akdjgakjg
B0BWHFHYVP,akdjgakjg
B0BVRSWM4C,akdjgakjg
B0BQ1V7JPQ,akdjgakjg
B0BM6M6PYQ,akdjgakjg
B0B584833D,akdjgakjg
B0B24MML17,akdjgakjg
B09ZLV1DNL,akdjgakjg
B09N6ZT57Q,akdjgakjg
B0DC9M6MFK,akdjgakjg
B0DBZJFTZZ,akdjgakjg
B0DBV8TM3B,akdjgakjg
B0DB7XYM3B,akdjgakjg
B0D8KPXMXN,akdjgakjg
B0D2M5GZCL,akdjgakjg
B0D1P1GGY9,akdjgakjg
B0D1CSLP43,akdjgakjg
B0CZDN6ZL3,akdjgakjg
B0CW37ZTH3,akdjgakjg
B0CSM8J43L,akdjgakjg
B0CQP9WNRM,akdjgakjg
B0CNRGCN9R,akdjgakjg
B0CMWHQ9SZ,akdjgakjg
B0CK7LR4KR,akdjgakjg
B0CH8F7XGH,akdjgakjg
B0796J1QX2,akdjgakjg
B01MG2AY3S,akdjgakjg
B0002GDJ3W,akdjgakjg
B09J16WN3L,akdjgakjg
B092DCKHBZ,akdjgakjg
B08Y95Z3TZ,akdjgakjg
B08TM5VJ9V,akdjgakjg
B08QZS2BSD,akdjgakjg
B08PRXLD8N,akdjgakjg
B08M4BHYT2,akdjgakjg
B08LTVZJ1X,akdjgakjg
B08G1MBJLD,akdjgakjg
B07XHMRXXJ,akdjgakjg
B07X75Y7M4,akdjgakjg
B07WWSYFCZ,akdjgakjg
B07VL5XNN1,akdjgakjg
B07T9L9ML6,akdjgakjg
B07QFPJN7P,akdjgakjg
B07GD4W6XZ,akdjgakjg
B0CJHKRVDX,akdjgakjg
B0DBTH24L7,akdjgakjg
B08VBGWXK3,akdjgakjg
B07WD8GVL6,akdjgakjg
B0CCTBC7V5,akdjgakjg
B07MR4T4DG,akdjgakjg
B0BZ46FQK6,akdjgakjg
B00WRMNKAG,akdjgakjg
B0CDRRDSNF,akdjgakjg
B01C0KKZIY,akdjgakjg
B09HC8LYQS,akdjgakjg
B0DMT3T6MQ,akdjgakjg
B0BDQV5C1H,akdjgakjg
B0DL9M5QF4,akdjgakjg
B0D53BP3RH,akdjgakjg
B0DDBKNRX7,akdjgakjg
B0C9YHXNP6,akdjgakjg
B09M3QFN78,akdjgakjg
B0957S3VCF,akdjgakjg
B09K8ZZKBY,akdjgakjg
B07ZSGFPMN,akdjgakjg
B0946DSY5J,akdjgakjg
B07DDQ2QG2,akdjgakjg
B08RQR2QY8,akdjgakjg
B0D9M3BLP6,akdjgakjg
B089W4P9FC,akdjgakjg
B08K4RMWBH,akdjgakjg
B07TGJJM6C,akdjgakjg
B07KXYY2BT,akdjgakjg
B0746719LP,akdjgakjg
B09BJ4QDQP,akdjgakjg
B086Z4D7GK,akdjgakjg
B07Q3J8YMR,akdjgakjg
B07G35Z5MK,akdjgakjg
B007KAWSU8,akdjgakjg
B076LV21XJ,akdjgakjg
B0CDKG7C8F,akdjgakjg
B09WTH6VV2,akdjgakjg
B09LD44ZXS,akdjgakjg
B08P1774CV,akdjgakjg
B000LQFLDE,akdjgakjg
B0B3C8XJS3,akdjgakjg
B07DNFJ5CD,akdjgakjg
B0746C5X1C,akdjgakjg
B0C4F6KPPL,akdjgakjg
B087RP7L5J,akdjgakjg
B0C5JNYWZD,akdjgakjg
B095BMKYNQ,akdjgakjg
B0749T89WN,akdjgakjg
B00YX3145U,akdjgakjg
B003YDY8K8,akdjgakjg
B0D9LL247W,akdjgakjg
B07Q7NC2KR,akdjgakjg
B07GV3GBBM,akdjgakjg
B00OOEYKSG,akdjgakjg
B09ZXT89ZX,akdjgakjg
B09NLMKRWY,akdjgakjg
B0CSKMFWYX,akdjgakjg
B0CHWLLY5V,akdjgakjg
B0BG4THPNS,akdjgakjg
B09137K4P6,akdjgakjg
B08VDMKF14,akdjgakjg
B08BC3DVZB,akdjgakjg
B07S77SYSN,akdjgakjg
B0CNRQGQFS,akdjgakjg
B0CBDJXBP4,akdjgakjg
B0C27QT9P8,akdjgakjg
B0BL6JCS9K,akdjgakjg
B09G9CC1B6,akdjgakjg
B08JFWYXBS,akdjgakjg
B083ZWNZ4M,akdjgakjg
B07WLW37NX,akdjgakjg
B00PQEGRKW,akdjgakjg
B005DLBJLA,akdjgakjg
B0CP8S29N3,akdjgakjg
B0CKHQ3RF4,akdjgakjg
B0B7R9VVBX,akdjgakjg
B0B2W3FJWN,akdjgakjg
B09PYTZ28X,akdjgakjg
B09NRB1HZ5,akdjgakjg
B08L4NSW6X,akdjgakjg
B07Y5FHXH6,akdjgakjg
B07N1NNSZ8,akdjgakjg
B078VYQ2WW,akdjgakjg
B0DPZZH1G5,akdjgakjg
B0DM99TZMB,akdjgakjg
B0DLJBP425,akdjgakjg
B0DK3H443J,akdjgakjg
B0D6Z2RXKG,akdjgakjg
B0D4Z39756,akdjgakjg
B0D4YM3BDT,akdjgakjg
B0D3TB5N4M,akdjgakjg
B0D39LVHTX,akdjgakjg
B0D1TFXX2J,akdjgakjg
B0CZ9C32KF,akdjgakjg
B0CW1TL1VV,akdjgakjg
B07597F3YM,akdjgakjg
B0CJP1L1J5,akdjgakjg
B0CN2GGBGN,akdjgakjg
B0C9BSL9CW,akdjgakjg
B0BS46JDT9,akdjgakjg
B0BSDW68J7,akdjgakjg
B07YNK2LCP,akdjgakjg
B0BSDVCNCW,akdjgakjg
B0BKRF8M8S,akdjgakjg
B0BF4Q95HR,akdjgakjg
B0CM632RYR,akdjgakjg
B0B2RSCPGM,akdjgakjg
B08CV86KRW,akdjgakjg
B09TNGTQTT,akdjgakjg
B00CHJHB22,akdjgakjg
B09QRW38YF,akdjgakjg
B0B75RZHHR,akdjgakjg
B09XV4JY46,akdjgakjg
B09V7L75C7,akdjgakjg
B09TW2JJ2S,akdjgakjg
B09P3PZRZC,akdjgakjg
B09MHZVPBG,akdjgakjg
B09L7M3GPK,akdjgakjg
B09HSLCKHJ,akdjgakjg
B09FDRGTS9,akdjgakjg
B09D2SZ66J,akdjgakjg
B09CDVP1LQ,akdjgakjg
B09335KTJ4,akdjgakjg
B08JPQDCHS,akdjgakjg
B08FHH9W46,akdjgakjg
B089QPQ5D8,akdjgakjg
B07WJ6TRRF,akdjgakjg
B0CS2ZDPY5,akdjgakjg
B0CRDHW6W1,akdjgakjg
B0CL6WMV83,akdjgakjg
B0CKL7HHW7,akdjgakjg
B0CKHJ31D2,akdjgakjg
B0CHWLJX8T,akdjgakjg
B0CGV256C4,akdjgakjg
B0CG5NKVCF,akdjgakjg
B0CDNWQT7W,akdjgakjg
B0CCQM83DG,akdjgakjg
B0C993F8RS,akdjgakjg
B0C71Y6GWP,akdjgakjg
B0C39QVT6M,akdjgakjg
B0BN16YQVP,akdjgakjg
B0BHRY1WQY,akdjgakjg
B0B9YS2H83,akdjgakjg
B07VZXVDTF,akdjgakjg
B07CWBFJZ9,akdjgakjg
B0757Z65BN,akdjgakjg
B07332KQ7V,akdjgakjg
B071G8YHWT,akdjgakjg
B06XJ8NMS9,akdjgakjg
B00W7CNIH6,akdjgakjg
B006C61Z5K,akdjgakjg
B09VKC39VR,akdjgakjg
B0C664V3GK,akdjgakjg
B0DK1YHRD2,akdjgakjg
B07GSNJVB2,akdjgakjg
B08HNHBC8P,akdjgakjg
B0C4GMKSTZ,akdjgakjg
B0C233X2GP,akdjgakjg
B0BZYSSCJG,akdjgakjg
B078RK5MJ2,akdjgakjg
B0BHZNPQ12,akdjgakjg
B0DRX2L2DP,akdjgakjg
B095P1H81H,akdjgakjg
B0BC8D7386,akdjgakjg
B091SNSPRR,akdjgakjg
B0CQPMW2N9,akdjgakjg
B08NCMFW58,akdjgakjg
B08CMR5W3F,akdjgakjg
B08K9B81MM,akdjgakjg
B07DTWJYFR,akdjgakjg
B0DP5WDNKB,akdjgakjg
B0BQ3TF5RJ,akdjgakjg
B0C36DF8Q3,akdjgakjg
B09CDT22ZW,akdjgakjg
B0BX6GK2S3,akdjgakjg
B08HY1YYKJ,akdjgakjg
B0BSDWDBF7,akdjgakjg
B0D14K54VJ,akdjgakjg
B09SDYXRHN,akdjgakjg
B0166PZXGS,akdjgakjg
B09462STNP,akdjgakjg
B0C9P8KKTH,akdjgakjg
B092HLB4SX,akdjgakjg
B0BVYMZH5K,akdjgakjg
B082HG6VCL,akdjgakjg
B0846B19XK,akdjgakjg
B08WRQ55DW,akdjgakjg
B092ZJN4XV,akdjgakjg
B0CRR5CCDX,akdjgakjg
B092Q2DVC2,akdjgakjg
B0CSYMQRLR,akdjgakjg
B0CJRHWYNW,akdjgakjg
B0DB1LWKXP,akdjgakjg
B00QJ9KR0E,akdjgakjg
B089YGPM97,akdjgakjg
B0CT9TGYDW,akdjgakjg
B01N3LV42C,akdjgakjg
B07G6BFJHT,akdjgakjg
B07YZQTLYS,akdjgakjg
B08997FRV2,akdjgakjg
B08HK9SHDR,akdjgakjg
B0D1R3D68G,akdjgakjg
B084DGL4LD,akdjgakjg
B0CT5XQJ63,akdjgakjg
B078Z2MSTM,akdjgakjg
B09N9W929W,akdjgakjg
B01HTDH7IS,akdjgakjg
B082M9NKGD,akdjgakjg
B07ZMPPJSS,akdjgakjg
B081P61RRQ,akdjgakjg
B0C286972V,akdjgakjg
B09PNNGRMS,akdjgakjg
B09NZX6BHD,akdjgakjg
B08CXDS9X3,akdjgakjg
B083134CJH,akdjgakjg
B07VSRYPWF,akdjgakjg
B077M346GR,akdjgakjg
B0BCH21SDF,akdjgakjg
B0B1231R8S,akdjgakjg
B09PZZ43K1,akdjgakjg
B08NXYRYKF,akdjgakjg
B0CKXHNCPH,akdjgakjg
B01LXSC43F,akdjgakjg
B0CBLYHB77,akdjgakjg
B0CNVXHFXZ,akdjgakjg
B07ZS68ZW7,akdjgakjg
B07X9PV2MS,akdjgakjg
B00VIMCC3M,akdjgakjg
B0BRKGW7VM,akdjgakjg
B08ZLJWPHT,akdjgakjg
B0CP131GFN,akdjgakjg
B0BXKM5222,akdjgakjg
B0BXCRH596,akdjgakjg
B0BQT43MGJ,akdjgakjg
B09V32CCVL,akdjgakjg
B0D9GZYZL1,akdjgakjg
B0D7M58M57,akdjgakjg
B0CFM83R8V,akdjgakjg
B0BZTVFDZ6,akdjgakjg
B0BNDPQSFL,akdjgakjg
B0BB7YXMRR,akdjgakjg
B0B9HLDGHJ,akdjgakjg
B0B5TTTHX9,akdjgakjg
B09X2457C8,akdjgakjg
B07Y5W2KLV,akdjgakjg
B0CXN8VHPQ,akdjgakjg
B0CJTSGCF6,akdjgakjg
B0CCT7VJ1Q,akdjgakjg
B0C2PT7T3W,akdjgakjg
B09QHVKPL1,akdjgakjg
B086WMN68P,akdjgakjg
B07NY4WCKZ,akdjgakjg
B07NVYN491,akdjgakjg
B011DYIK5I,akdjgakjg
B0DKM8KDVS,akdjgakjg
B0D9416YND,akdjgakjg
B0D2Q99S66,akdjgakjg
B0CZRPY8MD,akdjgakjg
B0CZHNMGR1,akdjgakjg
B0CYSPHLHV,akdjgakjg
B0CK7M2KL6,akdjgakjg
B0CJHYMKZJ,akdjgakjg
B0CHWL1X9H,akdjgakjg
B0CHS56LVX,akdjgakjg
B0CG5NBJ5T,akdjgakjg
B0CFL97XYT,akdjgakjg
B0CC1NLGNN,akdjgakjg
B0C9C9MCQN,akdjgakjg
B0C731YJN2,akdjgakjg
B0C1X5FJWD,akdjgakjg
B0BNPCY43B,akdjgakjg
B0BJF9YKL5,akdjgakjg
B0BGP6Q2JC,akdjgakjg
B0BDLK2J1J,akdjgakjg
B0B1QR9PSF,akdjgakjg
B0B1HVT5KV,akdjgakjg
B09Y2NJ6JZ,akdjgakjg
B09WTYY881,akdjgakjg
B09WR4WPVX,akdjgakjg
B00HHMPXFQ,akdjgakjg
B0C6MFVDNJ,akdjgakjg
B0CBRXV6PD,akdjgakjg
B0CY1J7951,akdjgakjg
B0DL9FQ79R,akdjgakjg
B0C4SMVP68,akdjgakjg
B07Y1T9LPL,akdjgakjg
B0C3H5FL7H,akdjgakjg
B095SJX8S6,akdjgakjg
B08GK17W5J,akdjgakjg
B0D79N4ZQL,akdjgakjg
B092VS86XG,akdjgakjg
B0DK5T2FTH,akdjgakjg
B07T5WV5QT,akdjgakjg
B0DCN8BK4G,akdjgakjg
B07FT1CLPF,akdjgakjg
B07RTGT2M5,akdjgakjg
B09WHJQK2C,akdjgakjg
B09V48KJ4Y,akdjgakjg
B09MF6B5WX,akdjgakjg
B09H2WCYZ2,akdjgakjg
B0979PDYYX,akdjgakjg
B093YJ3TFF,akdjgakjg
B08YJ8VCFM,akdjgakjg
B08SM8XKX2,akdjgakjg
B08HXPVQFS,akdjgakjg
B08FBT3CJ2,akdjgakjg
B089Q3Y5JD,akdjgakjg
B08312G2RZ,akdjgakjg
B07Z88N7QP,akdjgakjg
B07QSJLHZF,akdjgakjg
B01F0I3508,akdjgakjg
B01B1JI3GQ,akdjgakjg
B07L33DZCP,akdjgakjg
B088P53M7M,akdjgakjg
B00LD70QC6,akdjgakjg
B08LVHYQWG,akdjgakjg
B0BCQ25ZLS,akdjgakjg
B08NJ9WX67,akdjgakjg
B09YN8DKPC,akdjgakjg
B0819F7B6K,akdjgakjg
B09N113RKL,akdjgakjg
B09T33219G,akdjgakjg
B07WVP8MXJ,akdjgakjg
B0CMWVV662,akdjgakjg
1616615354,akdjgakjg
B0B5R1TWHH,akdjgakjg
B091JDYWJF,akdjgakjg
B08KVTMXZV,akdjgakjg
B07BJYG3FF,akdjgakjg
B0CRYJJYGY,akdjgakjg
B0CBR89YHS,akdjgakjg
B09L4HHLTG,akdjgakjg
B09PQQFX95,akdjgakjg
B08YZ1WXK7,akdjgakjg
B0BVWKDG53,akdjgakjg
B09TTRB8XW,akdjgakjg
B0D1R1SMQ8,akdjgakjg
B0BYCJ5ZK8,akdjgakjg
B0DK3DRHWT,akdjgakjg
B0D4YYXSW5,akdjgakjg
B09SCJDFYN,akdjgakjg
B00Z0A2HOW,akdjgakjg
B0CRVRP529,akdjgakjg
B09W2CM436,akdjgakjg
B00SX7O35U,akdjgakjg
B0CMQCKJB6,akdjgakjg
B0BS9RFS51,akdjgakjg
B09XFHR1FV,akdjgakjg
B07SZ5DDJC,akdjgakjg
B0CQMVH8N5,akdjgakjg
B0CKZFZ6LK,akdjgakjg
B09BCYL4MW,akdjgakjg
B07X1XCJLH,akdjgakjg
B075L76G9M,akdjgakjg
B0D5V9YVBV,akdjgakjg
B0CWV7W5BZ,akdjgakjg
B0914PQP36,akdjgakjg
B08QQRWDWS,akdjgakjg
B08BNP9GT5,akdjgakjg
B087VSPSV9,akdjgakjg
B0DKK3DXS2,akdjgakjg
B0DHZ5TGGP,akdjgakjg
B0DFWJ8Q1X,akdjgakjg
B0D9PNGC2H,akdjgakjg
B0D9L847F7,akdjgakjg
B0D4VHGLCP,akdjgakjg
B0CXN5WZKZ,akdjgakjg
B0CSXK69NW,akdjgakjg
B0CRKMY4KN,akdjgakjg
B0CR1D7VDF,akdjgakjg
B0CQYGY6GW,akdjgakjg
B0CQC6HHYP,akdjgakjg
B0CP7FRV12,akdjgakjg
B0CP1NH5BF,akdjgakjg
B0CNGTTBZ4,akdjgakjg
B0CKV9R7H4,akdjgakjg
B077LZJ9D7,akdjgakjg
B00ICR2Y4I,akdjgakjg
B0CYLL3VHM,akdjgakjg
B0CNSYLTJ7,akdjgakjg
B0B8SXVXR6,akdjgakjg
B09NSKJB5D,akdjgakjg
B09J12G6QP,akdjgakjg
B094R8C84N,akdjgakjg
B07GYW2C1H,akdjgakjg
B01GGAVSU8,akdjgakjg
B0DSMCSGY8,akdjgakjg
B0DR8MSRG5,akdjgakjg
B0DQ1N9XXB,akdjgakjg
B0DP2BFFHS,akdjgakjg
B0DNYY371N,akdjgakjg
B0DNYHM68X,akdjgakjg
B0CTZTMYDM,akdjgakjg
B0C6N14JN1,akdjgakjg
B07DZSMJYF,akdjgakjg
B0C7RS9S7Y,akdjgakjg
B0186RUDTQ,akdjgakjg
B0C1HNS4L1,akdjgakjg
B075GGX6DJ,akdjgakjg
B0BKTPQXRC,akdjgakjg
B00G2GCZ0Y,akdjgakjg
B0BJ171BX2,akdjgakjg
B0CHMS42ZL,akdjgakjg
B0B593X1XY,akdjgakjg
B0CKS9H64D,akdjgakjg
B09NDGP2ZM,akdjgakjg
B0DNNYKC79,akdjgakjg
B09LV874QQ,akdjgakjg
B09H1DT2FL,akdjgakjg
B08QLY8C44,akdjgakjg
B0CKW4ZKTC,akdjgakjg
B085CCK7LS,akdjgakjg
B09NL4KMYP,akdjgakjg
B0B9SKLJVP,akdjgakjg
B07YDSF12J,akdjgakjg
B0B136KTNJ,akdjgakjg
B07V4RKFC6,akdjgakjg
B088WFP6JS,akdjgakjg
B07PV66NC2,akdjgakjg
B098DPP17K,akdjgakjg
B084Z6NLBP,akdjgakjg
B0112P0MD6,akdjgakjg
B0DQ8F3R6D,akdjgakjg
B09HWXJKTR,akdjgakjg
B09537DLW9,akdjgakjg
B08L87NJ77,akdjgakjg
B086MZ75HT,akdjgakjg
B084YVN45L,akdjgakjg
B07PQK5JJZ,akdjgakjg
B07P2LHX44,akdjgakjg
B07NMCX2NF,akdjgakjg
B07KX3653P,akdjgakjg
B07GD4ZJ3W,akdjgakjg
B07B487PJ9,akdjgakjg
B076MHMTSP,akdjgakjg
B06XYW5DCV,akdjgakjg
B01N7BFINV,akdjgakjg
B01K9M3YNI,akdjgakjg
B00JYCJTDO,akdjgakjg
B00IJQLZZQ,akdjgakjg
B00FZEURMC,akdjgakjg
B0057IVBYO,akdjgakjg
B0CK7M1Q7L,akdjgakjg
B0CJ4VX6FM,akdjgakjg
B0CHL5HHW1,akdjgakjg
B0CGLHYRPC,akdjgakjg
B0CC6KB8RZ,akdjgakjg
B0C3V9GSYT,akdjgakjg
B0C3CH7X7K,akdjgakjg
B0BYCPH3T3,akdjgakjg
B0BXB1VR62,akdjgakjg
B0BWCKNLBC,akdjgakjg
B0BDZMTMMF,akdjgakjg
B0B8RKYLHY,akdjgakjg
B0B4C2SK3K,akdjgakjg
B09MQNM46P,akdjgakjg
B09JSXXP3L,akdjgakjg
B09BZHGQ9G,akdjgakjg
B095XKR3LB,akdjgakjg
B095C7JQ29,akdjgakjg
B09Y8PKCG7,akdjgakjg
B08B4NTQC7,akdjgakjg
B082X4PB5S,akdjgakjg
1478861053,akdjgakjg
B06XZLDXN3,akdjgakjg
B079MGCM47,akdjgakjg
B0DKJLQY9T,akdjgakjg
B08YDFBMGR,akdjgakjg
B09Z6VQ9W8,akdjgakjg
B07S82T1V7,akdjgakjg
B0BVM5PR5D,akdjgakjg
B07C31PCVQ,akdjgakjg
B010UPZ9SC,akdjgakjg
B0B8MTCQDD,akdjgakjg
B0BSDT8TX4,akdjgakjg
B0CWNRXBWD,akdjgakjg
B0BK3GT9F1,akdjgakjg
B0CDW9RPWK,akdjgakjg
B0B87YMTKX,akdjgakjg
B0C6Y48L38,akdjgakjg
B09ZV3F74C,akdjgakjg
B0DC9SQCM3,akdjgakjg
B0747ZHFQJ,akdjgakjg
B01CRRJXOM,akdjgakjg
B07NNZFT7H,akdjgakjg
B07GCLG2CV,akdjgakjg
B0002YMZLG,akdjgakjg
B0995R5HWW,akdjgakjg
B0CP8QBFY7,akdjgakjg
B0CZL786G8,akdjgakjg
B09321QT55,akdjgakjg
B0BDMQSZFG,akdjgakjg
B07TXB56YR,akdjgakjg
B0D8HVZ7JR,akdjgakjg
B091T3XRRR,akdjgakjg
B06XX23N7S,akdjgakjg
B08NT9B4J8,akdjgakjg
B01LX0488Z,akdjgakjg
B0DQ13WW6L,akdjgakjg
B0DBJFQVLD,akdjgakjg
B0DB5KVS9X,akdjgakjg
B09BCWVKJZ,akdjgakjg
B0CPLVRZ6K,akdjgakjg
B08KXJXN3K,akdjgakjg
B0BWH2ZX34,akdjgakjg
B004UC0GIU,akdjgakjg
B091DT7XF9,akdjgakjg
B08T62M65V,akdjgakjg
B07Q5PYRYC,akdjgakjg
B0B2RQPDMT,akdjgakjg
B081937XKS,akdjgakjg
B00X2APWDA,akdjgakjg
B003EUHLUU,akdjgakjg
B000XZYXZK,akdjgakjg
B0CH2TYCVN,akdjgakjg
B076P6S3QT,akdjgakjg
B01BYYLNK6,akdjgakjg
B002XQSVDW,akdjgakjg
B0D4ZFBV35,akdjgakjg
B0CZRS1W37,akdjgakjg
B0CYH3VZWF,akdjgakjg
B0CN1SF1QY,akdjgakjg
B0C7D3BNRV,akdjgakjg
B0BHVXC4DJ,akdjgakjg
B0BFXCF49D,akdjgakjg
B0BB7YMN3P,akdjgakjg
B0B7CXPS5B,akdjgakjg
B09VPDTN3B,akdjgakjg
B08BRFK163,akdjgakjg
B083ZKVCR4,akdjgakjg
B07HKW6PRH,akdjgakjg
B07BHGPFGS,akdjgakjg
B00YIVJNXC,akdjgakjg
B0DS7XF5V8,akdjgakjg
B0DKDT9WW5,akdjgakjg
B0DCNVVK1B,akdjgakjg
B0CZ9D3V7C,akdjgakjg
B0CYLPC2ML,akdjgakjg
B0C69QKMC6,akdjgakjg
B0C69271QT,akdjgakjg
B0C3YL4F3J,akdjgakjg
B0C2QMG963,akdjgakjg
B0BZP9W28S,akdjgakjg
B0BZ8F57ZP,akdjgakjg
B0BMWHVJ2W,akdjgakjg
B0BHWC61J7,akdjgakjg
B0BGMF62V2,akdjgakjg
B0BFBR9HQT,akdjgakjg
B09YH7JRTL,akdjgakjg
B09T5KP9H2,akdjgakjg
B09QS2Z2ZS,akdjgakjg
B09LHN7XQC,akdjgakjg
B09J8TQB3X,akdjgakjg
B08SQ2JXP1,akdjgakjg
B0CX4WF1J8,akdjgakjg
B0CSD7KP9Y,akdjgakjg
B0CR9WXB88,akdjgakjg
B0CR6YHMMZ,akdjgakjg
B0CQV7FV9M,akdjgakjg
B0CKL7BM95,akdjgakjg
B0CJTTN252,akdjgakjg
B0CJHN3SLM,akdjgakjg
B0CJ9V67S5,akdjgakjg
B0CJ4M26JD,akdjgakjg
B0CGR84KRF,akdjgakjg
B0CD2Z3263,akdjgakjg
B0CCK61HBQ,akdjgakjg
B0CBPVKQ14,akdjgakjg
B0C9Q15TMQ,akdjgakjg
B0C8HNGW3T,akdjgakjg
B08M6JHR21,akdjgakjg
B08GX6JVJ7,akdjgakjg
B087NX14G1,akdjgakjg
B07TF55YF1,akdjgakjg
B07RMKSKZW,akdjgakjg
B07RKNX9ZM,akdjgakjg
B07KNFLM3Q,akdjgakjg
B07HJQ6TJ3,akdjgakjg
B073X51L1V,akdjgakjg
B0722P74V8,akdjgakjg
B071F96PFR,akdjgakjg
B01MPZZY54,akdjgakjg
B01LORLDIU,akdjgakjg
B01F7UD3A6,akdjgakjg
B01D0F0U0Q,akdjgakjg
B006HUJHMO,akdjgakjg
B0CL3B3TWR,akdjgakjg
B00K0LJV6I,akdjgakjg
B0DP5XC5K4,akdjgakjg
B0BKKQPBC9,akdjgakjg
B003VWUB6W,akdjgakjg
B0D252RYM2,akdjgakjg
B0CS6CK86T,akdjgakjg
B0CPLVRMQQ,akdjgakjg
B00B1PDJ92,akdjgakjg
B0C9TKTNS5,akdjgakjg
B08QR9RQJ3,akdjgakjg
B0C3L9VCJK,akdjgakjg
B000II0T5K,akdjgakjg
B0BSDVDTSJ,akdjgakjg
B00I7NLSFS,akdjgakjg
B0BSDV4Y8Z,akdjgakjg
B01M7WF0T9,akdjgakjg
B08B4RC5WP,akdjgakjg
B0CQRYWCG1,akdjgakjg
B07SBM315J,akdjgakjg
B00N0JHZWE,akdjgakjg
B07JBL1S7G,akdjgakjg
B07N7ST6BW,akdjgakjg
B0CD1YV4JV,akdjgakjg
B07DNPSGLR,akdjgakjg
B09KRD41V1,akdjgakjg
B01MSIEH23,akdjgakjg
B07LG4XFS6,akdjgakjg
B07TRPQXPT,akdjgakjg
B0CQL26237,akdjgakjg
B0CX4W8KNL,akdjgakjg
B01AN9DEFK,akdjgakjg
B01CJ3TSTO,akdjgakjg
B0BN6832X6,akdjgakjg
B00HHMPXMO,akdjgakjg
B0BFL95KJ9,akdjgakjg
B0821PQKMC,akdjgakjg
B097BL7X7H,akdjgakjg
B0D4R5YCKT,akdjgakjg
B094696B14,akdjgakjg
B072BHW52W,akdjgakjg
B08RQ92QH8,akdjgakjg
B0BC1C4LLV,akdjgakjg
B08NCSMZV2,akdjgakjg
B001BKV9KI,akdjgakjg
B08DP5L1ZZ,akdjgakjg
B0C4P4HR35,akdjgakjg
B07MH4YKBL,akdjgakjg
B09XCFWKM9,akdjgakjg
B08KZGX52D,akdjgakjg
B07ZTLJXL8,akdjgakjg
B0D3L1QPC4,akdjgakjg
B0CHFSYMVZ,akdjgakjg
B000WUL5UW,akdjgakjg
B08XWN6DPX,akdjgakjg
B06XPTCDTR,akdjgakjg
B01CRRK3LE,akdjgakjg
B0054320NI,akdjgakjg
B0CCNLTLM1,akdjgakjg
B082WXQW78,akdjgakjg
B07QCXFFPR,akdjgakjg
B08SM7YCDX,akdjgakjg
B0749QH48X,akdjgakjg
B0BWDLPSB1,akdjgakjg
B0827ZMHPY,akdjgakjg
B076MNHVBK,akdjgakjg
B0CB4GW75M,akdjgakjg
B08M3HLBLD,akdjgakjg
B009H8A1JQ,akdjgakjg
B085KY37YP,akdjgakjg
B07W75MMTL,akdjgakjg
B07Q4YKRZG,akdjgakjg
B0788D578G,akdjgakjg
B008I4ZW94,akdjgakjg
B004MUIGLO,akdjgakjg
B0DSD58BW1,akdjgakjg
B0DRJLXTS9,akdjgakjg
B0DQ128M3T,akdjgakjg
B0DP24K6M1,akdjgakjg
B0DJR6BPY4,akdjgakjg
B0DFWFDDNL,akdjgakjg
B0DCS1P4MN,akdjgakjg
B0DCHKKZSW,akdjgakjg
B0D9YQMPGR,akdjgakjg
B0D83DSGZ1,akdjgakjg
B0D72WWTQD,akdjgakjg
B0D4VCQ76V,akdjgakjg
B0D46RR8SR,akdjgakjg
B0D3LX2BSH,akdjgakjg
B0CSXT4FV3,akdjgakjg
B0CQYNLV13,akdjgakjg
B0CPJ5NVNK,akdjgakjg
B0CMR2GSXT,akdjgakjg
B0CGMBL3D8,akdjgakjg
B0CCL8T2WB,akdjgakjg
B0C773SGHN,akdjgakjg
B0C9TLSR5D,akdjgakjg
B07KY7234Q,akdjgakjg
B0896VHGYS,akdjgakjg
B00OC18R6W,akdjgakjg
B00A1M0EL2,akdjgakjg
B09C2MHH55,akdjgakjg
B0B21F5MCT,akdjgakjg
B07DTBJJ9B,akdjgakjg
B01F80TA7A,akdjgakjg
B09BQ61QYV,akdjgakjg
B0CM8W7QHJ,akdjgakjg
B0D8K9N3MC,akdjgakjg
B0BQQXTYXV,akdjgakjg
B07PLTV7RC,akdjgakjg
B0B2SFTJRY,akdjgakjg
B07Y9FJWPR,akdjgakjg
B09R1CPKVX,akdjgakjg
B09Q8GBRB9,akdjgakjg
B09FR4CCWH,akdjgakjg
B08T4HKMQF,akdjgakjg
B08MPQQR4F,akdjgakjg
B08CHMR1TT,akdjgakjg
B088Y19VG4,akdjgakjg
B088M2N8QY,akdjgakjg
B085B1YN2Z,akdjgakjg
B084KX8C9B,akdjgakjg
B083X5WGBV,akdjgakjg
B07TY8KH9Z,akdjgakjg
B07M7HB1KQ,akdjgakjg
B06WVN4LF4,akdjgakjg
B074RBBLYB,akdjgakjg
B0B498SBG5,akdjgakjg
B096Q17P7G,akdjgakjg
B07QCV4Q1Y,akdjgakjg
B0CPDJB721,akdjgakjg
B0CZ4LZP53,akdjgakjg
B07BVDKQX7,akdjgakjg
B0713ZVFGR,akdjgakjg
B0C2PNBXV7,akdjgakjg
B0DQPHWXF2,akdjgakjg
B09N7YMCDD,akdjgakjg
B0CWDXY2BR,akdjgakjg
B086V26MYP,akdjgakjg
B07HHZTMMT,akdjgakjg
B072W4CQD1,akdjgakjg
B09CF21FBR,akdjgakjg
B0BZ4YZGND,akdjgakjg
B0BXS5ZYNF,akdjgakjg
B0BXP77M5N,akdjgakjg
B0BX7XN1ZW,akdjgakjg
B0BVHXGRH6,akdjgakjg
B0BP6FPVGT,akdjgakjg
B0BGQCVVVZ,akdjgakjg
B0BGNCMSFV,akdjgakjg
B0BF1B3QYX,akdjgakjg
B0B947VH69,akdjgakjg
B0B7WB2LHP,akdjgakjg
B0B6FCYWV5,akdjgakjg
B0B5CJ7GZL,akdjgakjg
B0B2R38S8J,akdjgakjg
B0B1HJ4RSF,akdjgakjg
B09YSV6MPH,akdjgakjg
B0B4MTZ8RP,akdjgakjg
B09ZQNX2SR,akdjgakjg
B09J8SP8DZ,akdjgakjg
B0BVY33Z5M,akdjgakjg
B01L4OS7QE,akdjgakjg
B00B7JVXX6,akdjgakjg
B0DRW3MXZZ,akdjgakjg
B0CPXKZ6TV,akdjgakjg
B0C3BZW3NY,akdjgakjg
B0957SGQY4,akdjgakjg
B08R6859BJ,akdjgakjg
B08JKYB1DY,akdjgakjg
B00MY839IQ,akdjgakjg
B0CWKWPWVV,akdjgakjg
B0C5ZWCZJV,akdjgakjg
B0937BM6XH,akdjgakjg
B071LD1CL2,akdjgakjg
B0BJJ7BL65,akdjgakjg
B077SKKNJB,akdjgakjg
B0DFPDK9HC,akdjgakjg
B01HOIZZUU,akdjgakjg
B07NVKRZL2,akdjgakjg
B081N1MMY7,akdjgakjg
B094NT4XV8,akdjgakjg
B07X546QFR,akdjgakjg
B07JMVMD1L,akdjgakjg
B07JVCVLP9,akdjgakjg
B001JQJTU6,akdjgakjg
B081ZFVCDV,akdjgakjg
B09NDLP9K3,akdjgakjg
B08PNRJ8FF,akdjgakjg
B083KQSYFW,akdjgakjg
B07481CF1S,akdjgakjg
B07P5FTJHF,akdjgakjg
B01MCVV2AM,akdjgakjg
B08GY4TDYL,akdjgakjg
B00DDQX5OG,akdjgakjg
B0BNGMPW66,akdjgakjg
B0B6P261DX,akdjgakjg
B07BW3LN1J,akdjgakjg
B08G1XKZ88,akdjgakjg
B0070M2BBM,akdjgakjg
B0CPW5SX57,akdjgakjg
B0DG2CCLB6,akdjgakjg
B0BYZCDWXY,akdjgakjg
B089LJ8V6X,akdjgakjg
B077YKX3DC,akdjgakjg
B09535Q5DV,akdjgakjg
B0CNQJ7Q7Z,akdjgakjg
B08H2FPQN2,akdjgakjg
B0CHMZ488K,akdjgakjg
B0D12WLWQC,akdjgakjg
B0CH2SR4TY,akdjgakjg
B08PCQJ6DF,akdjgakjg
B098XLC96C,akdjgakjg
B09BXLM5VQ,akdjgakjg
B08Y5D8S2B,akdjgakjg
B00JBAZU2S,akdjgakjg
B083Q8DGBK,akdjgakjg
B0CJNH4SWX,akdjgakjg
B07DNLM9K1,akdjgakjg
B0CZDQWXY7,akdjgakjg
B0778S4PGT,akdjgakjg
B07Z8N2X8G,akdjgakjg
B006WA7K78,akdjgakjg
B07TX73WZ9,akdjgakjg
B09V824WQ3,akdjgakjg
B0BZPC2YNW,akdjgakjg
B07Z446HKH,akdjgakjg
B0D73GHZTY,akdjgakjg
B09Y54PKRM,akdjgakjg
B09HRFHPTY,akdjgakjg
B08HDQCMN5,akdjgakjg
B08NFR7SMB,akdjgakjg
B0DHL4WVHD,akdjgakjg
B09VGFQ74T,akdjgakjg
B09M49PZQ8,akdjgakjg
B08N1LH4ZC,akdjgakjg
B07PMB4TGP,akdjgakjg
B0C21DST1Q,akdjgakjg
B07MM2FGSM,akdjgakjg
B0CCDTVWMK,akdjgakjg
B07SLL5LG9,akdjgakjg
B01AXF2O6O,akdjgakjg
B07VN93MC5,akdjgakjg
B0C73DX8HH,akdjgakjg
B09VTM9NGZ,akdjgakjg
B0CGZQJHBN,akdjgakjg
B09VGH8Q9Y,akdjgakjg
B0989SHT8Q,akdjgakjg
B094Z7WGXG,akdjgakjg
B07JQ56NSF,akdjgakjg
B09YRPVVJL,akdjgakjg
B0C5QCXR86,akdjgakjg
B09LLZY8Q7,akdjgakjg
B08D6H8NL5,akdjgakjg
B07T3SKTH5,akdjgakjg
B07KNN2TLJ,akdjgakjg
B07GL64VHM,akdjgakjg
B0DFYDGR3Q,akdjgakjg
B0CR8CHFD1,akdjgakjg
B0CL4T4QWS,akdjgakjg
B0C2KJGJ54,akdjgakjg
B0BLCDV9R7,akdjgakjg
B0BB6SQ35H,akdjgakjg
B0B8ZH2QLL,akdjgakjg
B09B5365WR,akdjgakjg
B089QWM5QL,akdjgakjg
B07TKRZTFH,akdjgakjg
B075ZKQKB5,akdjgakjg
B0156QRMS0,akdjgakjg
B0043XKHPS,akdjgakjg
B08FCDT1SX,akdjgakjg
B08BCDCJYN,akdjgakjg
B081LSL372,akdjgakjg
B07WFHZVX3,akdjgakjg
B0765683WG,akdjgakjg
B01D9CWO4U,akdjgakjg
B003EUKO0E,akdjgakjg
B00162RPPE,akdjgakjg
B0DQHJZTSN,akdjgakjg
B0DPG2YQB1,akdjgakjg
B0DP76635K,akdjgakjg
B0DKNHG6W7,akdjgakjg
B0DDXWGWS5,akdjgakjg
B0DC9M4QPP,akdjgakjg
B0DBLBPJFQ,akdjgakjg
B0D9YJHBLH,akdjgakjg
B0D97C19JX,akdjgakjg
B0D813B9HS,akdjgakjg
B0D7T2ZZZR,akdjgakjg
B0D2HYJXKB,akdjgakjg
B0D15TKNDX,akdjgakjg
B0CYSYHNG8,akdjgakjg
B0CX1S7HLT,akdjgakjg
B0CSCQS34D,akdjgakjg
B0CRQY3VT2,akdjgakjg
B0CRNWWGCH,akdjgakjg
B0CQZSSSF4,akdjgakjg
B0CPDV56R9,akdjgakjg
B0CN8PY85L,akdjgakjg
B0CMCGQ21K,akdjgakjg
B0CLRBB8RS,akdjgakjg
B0CKPZX9MJ,akdjgakjg
B0B4GRD5V1,akdjgakjg
B096KHVG8Y,akdjgakjg
B094VH892K,akdjgakjg
B094JXK2FN,akdjgakjg
B08RSSPVQN,akdjgakjg
B08HMS7PBB,akdjgakjg
B08GKB56R8,akdjgakjg
B08CDNWRTQ,akdjgakjg
B088KL3N56,akdjgakjg
B082Z4WMLF,akdjgakjg
B081MYWFKZ,akdjgakjg
B07SHRCSTJ,akdjgakjg
B07H2KVVJ1,akdjgakjg
B07FXQ26RX,akdjgakjg
B079FZ2GVF,akdjgakjg
B071KD8FBB,akdjgakjg
B0108OIADG,akdjgakjg
B00RVYKPEY,akdjgakjg
B00LVTOKYG,akdjgakjg
B00A7AU4GI,akdjgakjg
B0035MWO9A,akdjgakjg
B0CGLT2PP6,akdjgakjg
B0C783V5NX,akdjgakjg
B0C65R49QH,akdjgakjg
B0C5VMHNDQ,akdjgakjg
B0C4CPYM7X,akdjgakjg
B0C3PT11M2,akdjgakjg
B0C36CBT78,akdjgakjg
B0C2DFL8ZJ,akdjgakjg
B0BX3MW49K,akdjgakjg
B0BRY6CYLD,akdjgakjg
B0BQCS32F3,akdjgakjg
B0BPY8F7DF,akdjgakjg
B0BNHR1SFD,akdjgakjg
B0BN5WK3DR,akdjgakjg
B0BJSDZW1B,akdjgakjg
B0BHSZTQ8B,akdjgakjg
B097NCDG65,akdjgakjg
B0747ZDPVD,akdjgakjg
B0BVR8S6CJ,akdjgakjg
B0CW61N7BB,akdjgakjg
B07N3B8526,akdjgakjg
B07XJZM3S7,akdjgakjg
B08818XGZM,akdjgakjg
B0799RRFSC,akdjgakjg
B0C2TTKHWQ,akdjgakjg
B0CCV8PWFJ,akdjgakjg
B017J1TCTC,akdjgakjg
B0DK17W7C8,akdjgakjg
B07MX1N456,akdjgakjg
B09MFWBL4D,akdjgakjg
B0BRT9FC9B,akdjgakjg
B0B8L7VZVL,akdjgakjg
B0D21Z45GC,akdjgakjg
B09Q6B6DCQ,akdjgakjg
B08C7D4DN7,akdjgakjg
B08BC89VDD,akdjgakjg
B084CZKD14,akdjgakjg
B0813Z9TSM,akdjgakjg
B07P1JXJ1J,akdjgakjg
B075L7B994,akdjgakjg
B01JPDW6HW,akdjgakjg
B0B5ZKYS7S,akdjgakjg
B0B38KYS1T,akdjgakjg
B09T3M4KDC,akdjgakjg
B09FGDD26D,akdjgakjg
B099NBRCY5,akdjgakjg
B091T13F8Z,akdjgakjg
B08M5KY1LZ,akdjgakjg
B075WPY12Q,akdjgakjg
B07VFTNYMH,akdjgakjg
B0B2DK63BQ,akdjgakjg
B07G9XWN44,akdjgakjg
B097D1Q4B9,akdjgakjg
B0CQFTYVG1,akdjgakjg
B0CBTT1JJR,akdjgakjg
B09V4MQJ1R,akdjgakjg
B076Q3DBBM,akdjgakjg
B0BNQCXFF5,akdjgakjg
B0CND1G9GV,akdjgakjg
B0C4YTW8S2,akdjgakjg
B00SX9QM9S,akdjgakjg
B0B928LPSW,akdjgakjg
B08GH279L1,akdjgakjg
B0BLZC4XQ7,akdjgakjg
B085HDLP4J,akdjgakjg
B07L9KW339,akdjgakjg
B07H9Z6GNR,akdjgakjg
B008NOJ0LU,akdjgakjg
B07CH2HB7F,akdjgakjg
B0CMZC4X3P,akdjgakjg
B078G8S2PH,akdjgakjg
B07QRZHYXV,akdjgakjg
B07Q72MQM8,akdjgakjg
B08YJRF3S7,akdjgakjg
B07DJZK7Y9,akdjgakjg
B084G9MJKF,akdjgakjg
B01I2277JY,akdjgakjg
B0DGKJJSFY,akdjgakjg
B09YDQ94Z6,akdjgakjg
B0CXT8H17L,akdjgakjg
B084DC4M86,akdjgakjg
B085ZSMK8P,akdjgakjg
B07SNFL18V,akdjgakjg
B0D3PNW8J8,akdjgakjg
B07RKKZ1LY,akdjgakjg
B0BF91BXF9,akdjgakjg
B07QCKWTQZ,akdjgakjg
B0CBPNL21K,akdjgakjg
B07NKLFS9W,akdjgakjg
B08CDPB2GD,akdjgakjg
B07BVCHRCZ,akdjgakjg
B0BMQQVYS9,akdjgakjg
B01HTDG108,akdjgakjg
B08XNCX39S,akdjgakjg
B00I6A41VA,akdjgakjg
B08KZR7B64,akdjgakjg
B0828PV3HM,akdjgakjg
B08P598N93,akdjgakjg
B07MXVTZPB,akdjgakjg
B07SQBKH55,akdjgakjg
B0DNDR98M3,akdjgakjg
B07ZHWFLJS,akdjgakjg
B0D943X8GS,akdjgakjg
B07V57D83B,akdjgakjg
B0CPY3ZWLT,akdjgakjg
B08HCWJ53F,akdjgakjg
B0CH2RMNJH,akdjgakjg
B097MHDHP5,akdjgakjg
B0C283GXY5,akdjgakjg
B096NF61QP,akdjgakjg
B0BSDV83FV,akdjgakjg
B08GY1TQND,akdjgakjg
B0CT7TK259,akdjgakjg
B083THJDWW,akdjgakjg
B09PBPQQ3L,akdjgakjg
B092CGLD68,akdjgakjg
B07TTLZC8R,akdjgakjg
B07HC94QC9,akdjgakjg
B0C64GLSHZ,akdjgakjg
B0CHJCFNGX,akdjgakjg
B07LBVNH1K,akdjgakjg
B0D538JK2B,akdjgakjg
B08MZW266V,akdjgakjg
B0D9BL6YJ3,akdjgakjg
B09M2VFY53,akdjgakjg
B0BFB77DDZ,akdjgakjg
B09HRDMG62,akdjgakjg
B08JQ389FJ,akdjgakjg
B083GMFWBS,akdjgakjg
B0D7RB2J6K,akdjgakjg
B0BZJ52PBF,akdjgakjg
B097MHHVMB,akdjgakjg
B01HBL4NAS,akdjgakjg
B08CXYZ6SF,akdjgakjg
B084NS4K1W,akdjgakjg
B00478UGRI,akdjgakjg
B0B5KF9794,akdjgakjg
B08JNFQMCZ,akdjgakjg
B0D4LV2952,akdjgakjg
B0BV7FRD43,akdjgakjg
B0BTQ2FQLC,akdjgakjg
B08MFT52PS,akdjgakjg
B09L83Q9VJ,akdjgakjg
B08CXYWH7D,akdjgakjg
B07PJ9HGR1,akdjgakjg
B06Y3Z5MWR,akdjgakjg
B08RN3KS5Z,akdjgakjg
B084M4PK29,akdjgakjg
B07RZ2MX9H,akdjgakjg
B0D91PNX3L,akdjgakjg
B07BKTTDFB,akdjgakjg
B079VT4RP8,akdjgakjg
B00TZ01ZFU,akdjgakjg
B00JKUERUU,akdjgakjg
B0CH88S7XT,akdjgakjg
B09VGGHCVM,akdjgakjg
B08B3659DR,akdjgakjg
B0BDL5SR2L,akdjgakjg
B08P11M9J2,akdjgakjg
B077GRHDQM,akdjgakjg
B07QXPSX88,akdjgakjg
B07L3J5PCK,akdjgakjg
B07JZCN4R4,akdjgakjg
B07DG4JT41,akdjgakjg
B079ZZ1V87,akdjgakjg
B0791BP5RV,akdjgakjg
B0108OI8E2,akdjgakjg
B0030LLRB2,akdjgakjg
B00144IPGC,akdjgakjg
B0DHMJSRNX,akdjgakjg
B0CYLR75B2,akdjgakjg
B0CR5FFHTF,akdjgakjg
B0BZRTT9Z4,akdjgakjg
B0BZHM5WC7,akdjgakjg
B0BJV13LNG,akdjgakjg
B09T3NXSX9,akdjgakjg
B0CJ5D8KJX,akdjgakjg
B0CB3QDZMD,akdjgakjg
B0BWDJKGB1,akdjgakjg
B09YTMWN2V,akdjgakjg
B09MSZTDV5,akdjgakjg
B0BZRX5R4J,akdjgakjg
B0B99HJX6L,akdjgakjg
B09Y7ZNVQ9,akdjgakjg
B07XJNBVBJ,akdjgakjg
B01M2U3R21,akdjgakjg
B0DPBTTFH2,akdjgakjg
B0D4D2VZPN,akdjgakjg
B0BS6NBM7L,akdjgakjg
B09NSZGVMQ,akdjgakjg
B08X1DYPND,akdjgakjg
B07Z6M95GH,akdjgakjg
B0D671KZ3S,akdjgakjg
B0D5D45FZ9,akdjgakjg
B0D2XX4GW8,akdjgakjg
B0CZRGT7RB,akdjgakjg
B0CYXFDD24,akdjgakjg
B0CXMXBVH4,akdjgakjg
B0CW93435H,akdjgakjg
B0CW5XP3Y2,akdjgakjg
B0CW5G555G,akdjgakjg
B0CTCXS9GN,akdjgakjg
B0CQVCMF68,akdjgakjg
B0CQRV1V5J,akdjgakjg
B0CGHTJWBC,akdjgakjg
B0CGBLHTWZ,akdjgakjg
B0C4S5K1WK,akdjgakjg
B0C4L4CBTJ,akdjgakjg
B08VLHQVD1,akdjgakjg
B08S2RHZX9,akdjgakjg
B085HDJ1XH,akdjgakjg
B084HL4TCV,akdjgakjg
B07DWHL9NM,akdjgakjg
B076B15361,akdjgakjg
B00Q2DQ5IK,akdjgakjg
B0DSGXLV3B,akdjgakjg
B0DSFS7MZJ,akdjgakjg
B0DS64ZLGS,akdjgakjg
B0DRG5DCGD,akdjgakjg
B0DHCGN1Y9,akdjgakjg
B0DBY4GQC1,akdjgakjg
B0D91PCJGN,akdjgakjg
B0D8PQ8ZY2,akdjgakjg
B0D7ZXCLRG,akdjgakjg
B0BSDTTGQC,akdjgakjg
B0BKHDMHXK,akdjgakjg
B09R69F483,akdjgakjg
B09N948KH1,akdjgakjg
B09B9T3NYC,akdjgakjg
B072C7QQDZ,akdjgakjg
B08Z34W77L,akdjgakjg
B0DB796KTT,akdjgakjg
B08Y5Z7TKL,akdjgakjg
B08XNF5Y5L,akdjgakjg
B08Y56HSN4,akdjgakjg
B00ND450ZA,akdjgakjg
B08MCKFFRQ,akdjgakjg
B00A5UEOLG,akdjgakjg
B084H498WK,akdjgakjg
B0C3RCRRMP,akdjgakjg
B0BZ7X1JZR,akdjgakjg
B0BX46DQ5T,akdjgakjg
B0BWJFY3GN,akdjgakjg
B0BW88MTD3,akdjgakjg
B0BTVNH87K,akdjgakjg
B0BRXRTHZV,akdjgakjg
B0BHK9ZPLT,akdjgakjg
B0BD7SYLC8,akdjgakjg
B0BC5TWM45,akdjgakjg
B0BBTQK92M,akdjgakjg
B0B8MMSQV2,akdjgakjg
B0B7WRN5QJ,akdjgakjg
B0B57KGLXR,akdjgakjg
B0B2DJ1FZS,akdjgakjg
B0B1J2DKJ2,akdjgakjg
B09ZL94X58,akdjgakjg
B07KDZ11VK,akdjgakjg
B07BS9DKBY,akdjgakjg
B079VST16P,akdjgakjg
B079G51QW6,akdjgakjg
B0792QBZ6S,akdjgakjg
B074KYFG8G,akdjgakjg
B01HRIKL9W,akdjgakjg
B013E58DKQ,akdjgakjg
B00VIRWQQA,akdjgakjg
B008QYW4UQ,akdjgakjg
B0014B2S36,akdjgakjg
B09V51Q596,akdjgakjg
B09R9QR9BF,akdjgakjg
B09LC8R53S,akdjgakjg
B09H6SF5JV,akdjgakjg
B09C1Q7NZD,akdjgakjg
B099NK918S,akdjgakjg
B097YH77QP,akdjgakjg
B095W5M2B4,akdjgakjg
B094RK87GT,akdjgakjg
B093183D5X,akdjgakjg
B08P58T4FS,akdjgakjg
B08P3WTR4S,akdjgakjg
B08312CRDX,akdjgakjg
B0813YLX1F,akdjgakjg
B07XGMJCX6,akdjgakjg
B07VFBHHZT,akdjgakjg
B071473FK1,akdjgakjg
B01AHIOM8A,akdjgakjg
B07SL66WF8,akdjgakjg
B0862DL8H1,akdjgakjg
B08VW4WFLN,akdjgakjg
B07C8DWFWK,akdjgakjg
B092ZHSPG6,akdjgakjg
B0BQ3T9N5R,akdjgakjg
B08L5YB4Y5,akdjgakjg
B07CTLPN2V,akdjgakjg
B007MS8HP8,akdjgakjg
B0787WHFP5,akdjgakjg
B0B26FDWM5,akdjgakjg
B0BNQ8VC5F,akdjgakjg
B09HC3X9VJ,akdjgakjg
B09XZXXSLP,akdjgakjg
B0B3TPYHTZ,akdjgakjg
B08THBYHCT,akdjgakjg
B074R6CV73,akdjgakjg
B07WN3N7HG,akdjgakjg
B0BZYMG4HZ,akdjgakjg
B07JLQPKMW,akdjgakjg
B0D6YWRLGR,akdjgakjg
B078ZZCP2P,akdjgakjg
B0B1JPZP9H,akdjgakjg
B0DZM1551Q,akdjgakjg
B07ZMH7VR2,akdjgakjg
B0DP5WTC5H,akdjgakjg
B0CB66LB7T,akdjgakjg
B0DDB2H5BZ,akdjgakjg
B07CNM6FWQ,akdjgakjg
B0CPLX8GM5,akdjgakjg
B0D17KC62L,akdjgakjg
B0CM95HRM8,akdjgakjg
B0B1D5X85X,akdjgakjg
B0C6TMQ5WL,akdjgakjg
B0921YJ8JD,akdjgakjg
B0BGQG7SDY,akdjgakjg
B0B6285NDW,akdjgakjg
B08T6453LH,akdjgakjg
B08WLYMFJ6,akdjgakjg
B08FGWJTN9,akdjgakjg
B07JVJL6LK,akdjgakjg
B084DCRCJN,akdjgakjg
B07Z46KTH9,akdjgakjg
B07F6S7XRL,akdjgakjg
B0C2Z9J9XV,akdjgakjg
B018RU2UQ6,akdjgakjg
B07VMJF781,akdjgakjg
B0BBLVH14T,akdjgakjg
B07J1N751K,akdjgakjg
B0DG8Y67DH,akdjgakjg
B0B87QLND7,akdjgakjg
B0CZJGD96R,akdjgakjg
B0872K3XJ5,akdjgakjg
B00BWBU1U0,akdjgakjg
B001L7TIP4,akdjgakjg
B09NXG9GBC,akdjgakjg
B0B17LCDN6,akdjgakjg
B089YFG39V,akdjgakjg
B0CJYFTPYF,akdjgakjg
B0CFGJMYZV,akdjgakjg
B000WSUZ50,akdjgakjg
B0C4VR5BM5,akdjgakjg
B0BCYRK67L,akdjgakjg
B07RYYLXNS,akdjgakjg
B07L73QT9W,akdjgakjg
B0CQYDS8RB,akdjgakjg
B09SWNQPTY,akdjgakjg
B09QHQH19W,akdjgakjg
B07ZNGNMJW,akdjgakjg
B07ZJTP27Q,akdjgakjg
B07KZL5KCF,akdjgakjg
B0CDLQNQHW,akdjgakjg
B0982Z7YCB,akdjgakjg
B07FHM5DJZ,akdjgakjg
B0083UA6NA,akdjgakjg
B0BXKZSZK5,akdjgakjg
B08Q7NZPVW,akdjgakjg
B000255P7G,akdjgakjg
B08978GZBX,akdjgakjg
B07QT8D5SK,akdjgakjg
B0DM9HP771,akdjgakjg
B0DHWVM39Y,akdjgakjg
B0DCS5LKKM,akdjgakjg
B0DCNX61PV,akdjgakjg
B0D2Q4LBKT,akdjgakjg
B0D2JB2LY4,akdjgakjg
B0D148JS12,akdjgakjg
B0CYSMCRS1,akdjgakjg
B0CSXG2Y1Y,akdjgakjg
B0CRR17M83,akdjgakjg
B0CQVDDLQQ,akdjgakjg
B0CQNV3RF5,akdjgakjg
B0CQC6N2QP,akdjgakjg
B0CQ299N1G,akdjgakjg
B0CNK45LCP,akdjgakjg
B0CH2WL39L,akdjgakjg
B0C2KQHJG3,akdjgakjg
B0B31BJFCD,akdjgakjg
B08P4MD7LH,akdjgakjg
B087B6NQNQ,akdjgakjg
B0C76XJYVM,akdjgakjg
B09MFLG4CX,akdjgakjg
B0CF16H6NL,akdjgakjg
B0C46S6HLF,akdjgakjg
B0BX3Z1FT6,akdjgakjg
B0BTD1HQD7,akdjgakjg
B09Y8VBNRB,akdjgakjg
B09XBP2KY1,akdjgakjg
B09JB5YBJC,akdjgakjg
B0972CJP89,akdjgakjg
B0B6JD3LHC,akdjgakjg
B0B5YN3JGD,akdjgakjg
B0B5HNV3ZT,akdjgakjg
B09WDRFLV9,akdjgakjg
B09TGRNVSS,akdjgakjg
B09M8JK7DB,akdjgakjg
B0991H4MMZ,akdjgakjg
B097J8S924,akdjgakjg
B096PNC4ZG,akdjgakjg
B0939YPWVC,akdjgakjg
B08YJBD8BH,akdjgakjg
B08W8D22QM,akdjgakjg
B08R6TNQHY,akdjgakjg
B08GCGVHTC,akdjgakjg
B086MZ55G8,akdjgakjg
B084MFKGL1,akdjgakjg
B07X89WSLN,akdjgakjg
B07QXVXKKM,akdjgakjg
B07QLYHQD6,akdjgakjg
B07N8HPDXY,akdjgakjg
B07HK4BVQW,akdjgakjg
B07BFNB98V,akdjgakjg
B01MRWGQN9,akdjgakjg
B01KGNGI6A,akdjgakjg
B0118AW2YW,akdjgakjg
B00X8MGQJG,akdjgakjg
B0CNPJQJ97,akdjgakjg
B0CKL93D8R,akdjgakjg
B0CJ3TJ7C4,akdjgakjg
B0CH89RBKF,akdjgakjg
B0CFV84X6X,akdjgakjg
B0CD1XJXZF,akdjgakjg
B0C8TDDYVV,akdjgakjg
B0C36QTH95,akdjgakjg
B0C2VJCYLH,akdjgakjg
B0BY24MDLJ,akdjgakjg
B0BXSTXBVR,akdjgakjg
B0BM5HVK6D,akdjgakjg
B0BFLDRS8T,akdjgakjg
B0BB86C4XB,akdjgakjg
B0B92PDF37,akdjgakjg
B0B92FSR6B,akdjgakjg
B07RPLMLQ3,akdjgakjg
B07CT7Z1SY,akdjgakjg
B07M5YWVVB,akdjgakjg
B077TZP4LV,akdjgakjg
B075VWXPXM,akdjgakjg
B09T1J7DH5,akdjgakjg
B07MZ1TSSF,akdjgakjg
B0C49WYTT1,akdjgakjg
B08JZ1DBM2,akdjgakjg
B0C6166297,akdjgakjg
B0DJWX9VQ4,akdjgakjg
B0CM7XS1ZY,akdjgakjg
B08DD8V287,akdjgakjg
B08PXQBNWW,akdjgakjg
B073YBM8TH,akdjgakjg
B091JX3KLT,akdjgakjg
B00SAPSX24,akdjgakjg
B0BBMF28J4,akdjgakjg
B07X9QBR67,akdjgakjg
B0D174LYSQ,akdjgakjg
B09BFY1BZ3,akdjgakjg
B00VJF1IPG,akdjgakjg
B07R29TRZ9,akdjgakjg
B07FL7TSS2,akdjgakjg
B08RN2SKX4,akdjgakjg
B0C72H5SHT,akdjgakjg
B0BZKZMKNY,akdjgakjg
B0D5GSG7VF,akdjgakjg
B07B6R6RZN,akdjgakjg
B07G881YVD,akdjgakjg
B0CJ4HML3Z,akdjgakjg
B0BHMKW5VF,akdjgakjg
B086H6WC7Z,akdjgakjg
B08XNSMRDZ,akdjgakjg
B0DDPTVH7Q,akdjgakjg
B07H145P5M,akdjgakjg
B0BZJQFFV6,akdjgakjg
B0D7P9CZF1,akdjgakjg
B086DFDHZC,akdjgakjg
B088R8K1PW,akdjgakjg
B08DP2YVS1,akdjgakjg
B085WLM47R,akdjgakjg
B0B24XHQ97,akdjgakjg
B07YXWYM7P,akdjgakjg
B0B75H7PQ9,akdjgakjg
B07T3WQLQR,akdjgakjg
B07SNGYTTS,akdjgakjg
B07713GSRX,akdjgakjg
B01MR5NB5H,akdjgakjg
B0D5HHD2RR,akdjgakjg
B08J9YLC1K,akdjgakjg
B007XBSJDO,akdjgakjg
B09FF183S4,akdjgakjg
B07S7FD716,akdjgakjg
B09YM13ZLT,akdjgakjg
B09TWBX4RY,akdjgakjg
B09YTG5F21,akdjgakjg
B082SWB8M1,akdjgakjg
B086ZN4PJN,akdjgakjg
B07G6ZP7SX,akdjgakjg
B07F1FCPZH,akdjgakjg
B07YGVCNF5,akdjgakjg
B0D5ZZ8P44,akdjgakjg
B0198CTWVI,akdjgakjg
B096DVTMLC,akdjgakjg
B092ZMXD6Y,akdjgakjg
B012W1JGPY,akdjgakjg
B092J8RRJ7,akdjgakjg
B00KWC88DC,akdjgakjg
B08ND68SXW,akdjgakjg
B0CDRN8JZQ,akdjgakjg
B084DBP4ZL,akdjgakjg
B0D8QCHWRM,akdjgakjg
B07P7GQK2L,akdjgakjg
B0DBWMMXMN,akdjgakjg
B07L3W8PMD,akdjgakjg
B09WTVD8L7,akdjgakjg
B076J7SLMC,akdjgakjg
B0C8TN22CC,akdjgakjg
B073XQGJ6T,akdjgakjg
B0C1HD5XGG,akdjgakjg
B01MQJS9V8,akdjgakjg
B07MQPY37W,akdjgakjg
B017DAX1PA,akdjgakjg
B07CVTVKVZ,akdjgakjg
B00D3ONEG2,akdjgakjg
B0CDRNMCZ9,akdjgakjg
B0BRX9P91B,akdjgakjg
B09C3J6VV4,akdjgakjg
B08HN47DJZ,akdjgakjg
B0D4TNC1NG,akdjgakjg
B08SBF7X9Y,akdjgakjg
B082YL1W4J,akdjgakjg
B00R92C1WW,akdjgakjg
B0D1VBQ2JQ,akdjgakjg
B09VPF6NV5,akdjgakjg
B0CXDYL1L2,akdjgakjg
B0B8JWKXKM,akdjgakjg
B0B3769CGN,akdjgakjg
B0997R8J1H,akdjgakjg
B00H2A4EK8,akdjgakjg
B09QBR4MW4,akdjgakjg
B07QGFWY67,akdjgakjg
B07GLZJGTM,akdjgakjg
B0C6F12NDN,akdjgakjg
B08PKNF29C,akdjgakjg
B08GL1B4P2,akdjgakjg
B0B6H4F4P8,akdjgakjg
B00478WCHA,akdjgakjg
B09NNMW6S7,akdjgakjg
B00B5R4XWI,akdjgakjg
B0DHYZKBJ5,akdjgakjg
B08V8XH14K,akdjgakjg
B0D3HNY1JM,akdjgakjg
B093WY93G3,akdjgakjg
B0CVNFL8QK,akdjgakjg
B0CFV6GN9K,akdjgakjg
B0CRGVVW2B,akdjgakjg
B00YT21YTQ,akdjgakjg
B0CPLJ4KKX,akdjgakjg
B01GSOV4B0,akdjgakjg
B0BHQ4T2TJ,akdjgakjg
B01FLKVRC8,akdjgakjg
B0BF4C9H13,akdjgakjg
B0821T3YWR,akdjgakjg
B0B5P9HYJW,akdjgakjg
B07S84K3JD,akdjgakjg
B094F965V1,akdjgakjg
B00ICF0IMK,akdjgakjg
B0CYLSDR33,akdjgakjg
B0B4K2GG33,akdjgakjg
B09HXG4DVS,akdjgakjg
B07ZYD5RZS,akdjgakjg
B07HVS24DZ,akdjgakjg
B01A5WGS9Y,akdjgakjg
B0147TRDUO,akdjgakjg
B0CDGTG742,akdjgakjg
B093PRJ94N,akdjgakjg
B08ZXTYVGY,akdjgakjg
B07JZG7J9C,akdjgakjg
B0BWQFLQ3B,akdjgakjg
B099G7V38R,akdjgakjg
B08WPMQSFP,akdjgakjg
B07B2L8VCL,akdjgakjg
B09XMFSJTT,akdjgakjg
B0044VT1YC,akdjgakjg
B00374Q9GA,akdjgakjg
B07S7P68S8,akdjgakjg
B074TDG2S2,akdjgakjg
B01NBDB4SI,akdjgakjg
B01C8YTGRS,akdjgakjg
B0009OAJRQ,akdjgakjg
B0DL3SJ8SM,akdjgakjg
B0BJ7BXJH2,akdjgakjg
B08K36F636,akdjgakjg
B0D7448JQQ,akdjgakjg
B0BNDVTTSH,akdjgakjg
B0BHT6414R,akdjgakjg
B09Y37BGZV,akdjgakjg
B08YN219B4,akdjgakjg
B077BCW7DV,akdjgakjg
B00N4WGAJG,akdjgakjg
B0CFDWZZNX,akdjgakjg
B081D1BRVV,akdjgakjg
B08RVW1N2Z,akdjgakjg
B08NFGQYM8,akdjgakjg
B07L6LH12K,akdjgakjg
B07DPSH8ZC,akdjgakjg
B07B5N1QF8,akdjgakjg
B00ICR2UL0,akdjgakjg
B007IXMS5M,akdjgakjg
B0CQPJKMP2,akdjgakjg
B0CLTMZN5J,akdjgakjg
B0BV1BJPWG,akdjgakjg
B0BT7LXPJZ,akdjgakjg
B09ZQKSKHJ,akdjgakjg
B0C8NS96SD,akdjgakjg
B0C8B9MNJR,akdjgakjg
B0C6TZBK9N,akdjgakjg
B0C6MDVVK2,akdjgakjg
B0C65W2G2L,akdjgakjg
B0C5X29RT8,akdjgakjg
B0C3H645LK,akdjgakjg
B0C39R7PBV,akdjgakjg
B0C1S9TDBX,akdjgakjg
B0BXSZ19VG,akdjgakjg
B0BGN49W7Y,akdjgakjg
B0BG5ZJX49,akdjgakjg
B0BF8Y83C2,akdjgakjg
B0BDS48Y8S,akdjgakjg
B0B4S3PD8K,akdjgakjg
B0B1J7SG1X,akdjgakjg
B09YH7RDL4,akdjgakjg
B09W65K38F,akdjgakjg
B09SH9YN3R,akdjgakjg
B09QRTNJ7K,akdjgakjg
B09QJB6SGW,akdjgakjg
B09J29HBMZ,akdjgakjg
B097Z1BY63,akdjgakjg
B0974KJ2YW,akdjgakjg
B095J42446,akdjgakjg
B091T26DQT,akdjgakjg
B08RVKP423,akdjgakjg
B08L9B4T2B,akdjgakjg
B08FMVGB5Z,akdjgakjg
B087C97CHK,akdjgakjg
B07ZGDN8J8,akdjgakjg
B07W1ZQGNF,akdjgakjg
B09Y84MX6J,akdjgakjg
B09VZ2DSGC,akdjgakjg
B09MS1ZG45,akdjgakjg
B08MPQK9BL,akdjgakjg
B083998QDC,akdjgakjg
B07QYDHTGQ,akdjgakjg
B0CRYBR1SK,akdjgakjg
B0CR5N6W4N,akdjgakjg
B0BQ6146LL,akdjgakjg
B0BP7F111X,akdjgakjg
B0BF981LJ4,akdjgakjg
B0BF8JZGS1,akdjgakjg
B0B54HGV87,akdjgakjg
B09VF88XVJ,akdjgakjg
B095CFZ5FZ,akdjgakjg
B08FJ5ZJNV,akdjgakjg
B085ZYV33V,akdjgakjg
B07D6VXPRR,akdjgakjg
B01NH0GK0H,akdjgakjg
B01N235XOH,akdjgakjg
B01CDQ4SXI,akdjgakjg
B0DX6GJF1C,akdjgakjg
B0DTJYY7PL,akdjgakjg
B0DP73ZPK6,akdjgakjg
B0DJSR4FF5,akdjgakjg
B0DFCBPRVQ,akdjgakjg
B0DDPPZ327,akdjgakjg
B0DCZMYMY5,akdjgakjg
B0DCNLZRG4,akdjgakjg
B0D97CQ9LN,akdjgakjg
B0D5RBLH9K,akdjgakjg
B0D2LPJ8QP,akdjgakjg
B0D2HXLQHS,akdjgakjg
B0D15LJS62,akdjgakjg
B0CT88X2BF,akdjgakjg
B0CRMCMJM9,akdjgakjg
B0CQMP77JX,akdjgakjg
B0CQ3HM27Y,akdjgakjg
B0CNN6W29M,akdjgakjg
B0CLL5125S,akdjgakjg
B0CLGHY4DS,akdjgakjg
B0CK7NCF9H,akdjgakjg
B0CHHZDBNT,akdjgakjg
B0CG2YCTRL,akdjgakjg
B0CDG95PWY,akdjgakjg
B0CBV52KGW,akdjgakjg
B0C9T2RK2F,akdjgakjg
B0C992M4WF,akdjgakjg
B07T3G3DMG,akdjgakjg
B07R4WCB43,akdjgakjg
B07JCL11VW,akdjgakjg
B07H5SVTRR,akdjgakjg
B07GQZHY1X,akdjgakjg
B07G4KZ1Z8,akdjgakjg
B07F8KQV32,akdjgakjg
B07DCM2SF1,akdjgakjg
B07C8FLNHD,akdjgakjg
B077SQV8T5,akdjgakjg
B076CVRM1C,akdjgakjg
B074RL4SV6,akdjgakjg
B00AMO3U4C,akdjgakjg
B0043SMUAS,akdjgakjg
B003D5QWN8,akdjgakjg
B0DPFZ3QQK,akdjgakjg
B0BX41SSQ9,akdjgakjg
B0792MBP2Z,akdjgakjg
B09QZCXPCL,akdjgakjg
B07JJ1ZGBJ,akdjgakjg
B0CZKGVJLH,akdjgakjg
B0BJPGPXNX,akdjgakjg
B09SW57NBR,akdjgakjg
B00NTVB6PK,akdjgakjg
B007KAXYOC,akdjgakjg
B09JFYZ85J,akdjgakjg
B097711YQD,akdjgakjg
B08JHRB38Q,akdjgakjg
B0DHRVBLR2,akdjgakjg
B0CJF4V3TP,akdjgakjg
B08QF4S98Y,akdjgakjg
B076FB8GS3,akdjgakjg
B0D3QFWHZL,akdjgakjg
B0BR4R3N2R,akdjgakjg
B07RK7SZF4,akdjgakjg
B07Q8R34R9,akdjgakjg
B0DPW49HLP,akdjgakjg
B0B648996S,akdjgakjg
B0BWJM4J2T,akdjgakjg
B0777BN5TC,akdjgakjg
B09JPJMBB1,akdjgakjg
B0B74TC2ZX,akdjgakjg
B0D8YFR7LB,akdjgakjg
B09ZV5BBXR,akdjgakjg
B09QCGLJLR,akdjgakjg
B00TW27EOM,akdjgakjg
B017J1TE72,akdjgakjg
B0C2HZC2T6,akdjgakjg
B0BSDTWJX6,akdjgakjg
B07R61S3P6,akdjgakjg
B0BNQ3CB1Y,akdjgakjg
B0D3L4NVH8,akdjgakjg
B0B2ZV45QL,akdjgakjg
B07C7H25HV,akdjgakjg
B09YDBF7C6,akdjgakjg
B09XZXLM3M,akdjgakjg
B09M3NHB78,akdjgakjg
B07LFHL9FV,akdjgakjg
B09K8ZJ82H,akdjgakjg
B0957TDH94,akdjgakjg
B08GPL8KCD,akdjgakjg
B0D172HCXC,akdjgakjg
B07D3GCSNQ,akdjgakjg
B0B4B42MNM,akdjgakjg
B0DM9CH325,akdjgakjg
B0BLJJ6XW6,akdjgakjg
B0CM8TQ1M3,akdjgakjg
B0C6TKV9MV,akdjgakjg
B081331RD3,akdjgakjg
B0D4PP5Z9G,akdjgakjg
B08HDGXBTM,akdjgakjg
B07KN1STPG,akdjgakjg
B002MTSI2O,akdjgakjg
B0CJHYQJYD,akdjgakjg
B0CZ5SR8LN,akdjgakjg
B01D0XP1W0,akdjgakjg
B0CW67LPXR,akdjgakjg
B0B1LSPHSM,akdjgakjg
B0CVRGZ8TL,akdjgakjg
B00SWXKB3S,akdjgakjg
B0747ZQ1TZ,akdjgakjg
B09KTHCV41,akdjgakjg
B01HTDGIS8,akdjgakjg
B0C4D931T8,akdjgakjg
B0D8HYFZSW,akdjgakjg
B07MY2WCTC,akdjgakjg
B0B65C864J,akdjgakjg
B0CGPTQQQ7,akdjgakjg
B099DQ6K5F,akdjgakjg
B08C6RQWJR,akdjgakjg
B0CBLJN7MQ,akdjgakjg
B0B3D1CMSK,akdjgakjg
B01MXTTZBL,akdjgakjg
B0CLCMZS2R,akdjgakjg
B0C3M77G59,akdjgakjg
B08GC237WH,akdjgakjg
B083NPX9TJ,akdjgakjg
B07GNVCRV2,akdjgakjg
B08TTJ7J3S,akdjgakjg
B07GGLQTG2,akdjgakjg
B096FPKNPT,akdjgakjg
B0979QBWLK,akdjgakjg
B0721MX9JS,akdjgakjg
B07SKWTXQY,akdjgakjg
B0D9PTJP93,akdjgakjg
B0DJ6KSB23,akdjgakjg
B07S388824,akdjgakjg
B0BQHYFJ28,akdjgakjg
B012D9N4JO,akdjgakjg
B097JQWFPY,akdjgakjg
B01KMZP9AS,akdjgakjg
B08HVG3BLG,akdjgakjg
B08GS353KC,akdjgakjg
B0D7ZFVKFY,akdjgakjg
B0C14FLDM8,akdjgakjg
B09MF3R8B1,akdjgakjg
B081Q8TN8N,akdjgakjg
B07M5SKN5W,akdjgakjg
B0777MBH8G,akdjgakjg
B0D3HMN3Q6,akdjgakjg
B0CKV9FCJP,akdjgakjg
B0CGLXJRQ1,akdjgakjg
B0C1RT1ZHK,akdjgakjg
B0BFW472D9,akdjgakjg
B09ZV892CX,akdjgakjg
B09XC3MZPR,akdjgakjg
B08PV7GGM4,akdjgakjg
B0D1CCMTL3,akdjgakjg
B0CW5LFGG3,akdjgakjg
B0CSSV38ND,akdjgakjg
B0CPHLW4YT,akdjgakjg
B0CN94JFJ8,akdjgakjg
B0CH2XQS3Y,akdjgakjg
B0CDC7NM2D,akdjgakjg
B0CBVDN6F8,akdjgakjg
B0C9T66WK5,akdjgakjg
B0C585B6Z2,akdjgakjg
B0BTRP59VM,akdjgakjg
B0BTBGF1RM,akdjgakjg
B0BS9XZ4B1,akdjgakjg
B0BJ8NMBP8,akdjgakjg
B0BH7YSRVT,akdjgakjg
B0BFHTDP6Z,akdjgakjg
B0CFVD5Y14,akdjgakjg
B07NPS4HS4,akdjgakjg
B08F2ZXD6N,akdjgakjg
B0C8NVS7L8,akdjgakjg
B097BLKTG9,akdjgakjg
B0BLZ5C67J,akdjgakjg
B0B77Y2T4S,akdjgakjg
B07W9352XS,akdjgakjg
B0BZCQJXJ8,akdjgakjg
B0C2KH2FY3,akdjgakjg
B08BZTWYSF,akdjgakjg
B0CQMGSK86,akdjgakjg
B0CKXZZLH2,akdjgakjg
B09GB2Q9PS,akdjgakjg
B08M6FNYL6,akdjgakjg
B0B6TQ7BXS,akdjgakjg
B08KFHYD4G,akdjgakjg
B088CP3FW8,akdjgakjg
B087YTGTFH,akdjgakjg
B079XWTDNW,akdjgakjg
B019UF7BX4,akdjgakjg
B008YDVYMI,akdjgakjg
B0002D0AD2,akdjgakjg
B0DMZPLX3X,akdjgakjg
B0DLL6CCCN,akdjgakjg
B0DBL5K4MX,akdjgakjg
B0D5B4MDFF,akdjgakjg
B0D57GGWPX,akdjgakjg
B0D4YZMWWT,akdjgakjg
B0D4TKYQKS,akdjgakjg
B0D3L77JSK,akdjgakjg
B0D27CBMXN,akdjgakjg
B00EOSB6RA,akdjgakjg
B0085HAZX2,akdjgakjg
B0002D0ASW,akdjgakjg
B0BF94XY95,akdjgakjg
B0BDLKWVFP,akdjgakjg
B0B394D8QB,akdjgakjg
B0B1452F1S,akdjgakjg
B09XXYC1KB,akdjgakjg
B09WRPYGNJ,akdjgakjg
B099KG1ZMP,akdjgakjg
B086DMYRM1,akdjgakjg
B07YXKYTRL,akdjgakjg
B07W5JP5M6,akdjgakjg
B07S32P3YS,akdjgakjg
B07R28GFZ1,akdjgakjg
B07GXT7KW2,akdjgakjg
B074HF93KL,akdjgakjg
B0745C14C9,akdjgakjg
B01N33LJCE,akdjgakjg
B0DKD2XTT5,akdjgakjg
B094678D8K,akdjgakjg
B0885W1592,akdjgakjg
B09V1BN7ML,akdjgakjg
B0DSVNL9LX,akdjgakjg
B09CPBY4TJ,akdjgakjg
B08L5X6ZKV,akdjgakjg
B08S72L14K,akdjgakjg
B0BM3S28Y8,akdjgakjg
B078K7X7FP,akdjgakjg
B07FHYJV1L,akdjgakjg
B0D8B69CHN,akdjgakjg
B01AUA31NC,akdjgakjg
B0CW5NZ8C1,akdjgakjg
B07H8PNHRC,akdjgakjg
B0CTJW81N8,akdjgakjg
B077VV5ZGR,akdjgakjg
B09125T5B7,akdjgakjg
B004JKD00O,akdjgakjg
B07RXNMQPX,akdjgakjg
B0CP8RS3LK,akdjgakjg
B01IC3018M,akdjgakjg
B0B1J2SJDJ,akdjgakjg
B0C53HH6CW,akdjgakjg
B0C1GMN9H7,akdjgakjg
B093SV17GS,akdjgakjg
B0BB29BZTM,akdjgakjg
B07RPQPWQF,akdjgakjg
B01L1Y21XC,akdjgakjg
B0CPPMD2FM,akdjgakjg
B098BN19BD,akdjgakjg
B06XKCL6Q6,akdjgakjg
B07V9GWFBG,akdjgakjg
B07TYPXJ5Q,akdjgakjg
B08Q29DZSV,akdjgakjg
B07QMMLDZJ,akdjgakjg
B0BPFGVXVR,akdjgakjg
B078ZZ3HH5,akdjgakjg
B07GN61K1Z,akdjgakjg
B078Z37CFS,akdjgakjg
B09X15HL8Q,akdjgakjg
B07WR7BYSF,akdjgakjg
B0BNP5HNLT,akdjgakjg
B07JZJ32JK,akdjgakjg
B0B9XGB2ZW,akdjgakjg
B07FM59M78,akdjgakjg
B0D9Y6CT98,akdjgakjg
B09VXB82T5,akdjgakjg
B07HZFLZHH,akdjgakjg
B08GP98P9Z,akdjgakjg
B07Q9PSKT8,akdjgakjg
B01N12DSOT,akdjgakjg
B0CH8VHLSH,akdjgakjg
B004TPD6F8,akdjgakjg
B0014E8IPK,akdjgakjg
B0BGLHVGTX,akdjgakjg
B08BKWJH7S,akdjgakjg
B07RPBSVSC,akdjgakjg
B0C5886B3Z,akdjgakjg
B08HMSX3ZB,akdjgakjg
B0CG18BV1L,akdjgakjg
B0CBBFTH2J,akdjgakjg
B09YGXG43G,akdjgakjg
B07VRF6WL1,akdjgakjg
B0CB36RYHF,akdjgakjg
B08CVR9L53,akdjgakjg
B0861QFT88,akdjgakjg
B0CT8WTDGJ,akdjgakjg
B08SWGXDGL,akdjgakjg
B087LXHW3M,akdjgakjg
B0D6QJ5WT3,akdjgakjg
B077NH2Z3R,akdjgakjg
B0CFD9R9KK,akdjgakjg
B01MS8UCON,akdjgakjg
B07RW6DB8P,akdjgakjg
B0C2ZRNSMY,akdjgakjg
B09R9N3PBY,akdjgakjg
B0BBZVY734,akdjgakjg
B097B24R7F,akdjgakjg
B0875PX5WX,akdjgakjg
B0002L538G,akdjgakjg
B0CYSF172Y,akdjgakjg
B0CHFCR1LH,akdjgakjg
B0CGGH8KC9,akdjgakjg
B0BC83B2WG,akdjgakjg
B0B8T9XR69,akdjgakjg
B0B396Q8N5,akdjgakjg
B09TGTT1R5,akdjgakjg
B09R1L6TWD,akdjgakjg
B09Q99VQN2,akdjgakjg
B08VMV3DVL,akdjgakjg
B08M68YC52,akdjgakjg
B08FX44MVG,akdjgakjg
B086WZNMVY,akdjgakjg
B085B21J4F,akdjgakjg
B07YYL118G,akdjgakjg
B0CYSJHXT2,akdjgakjg
B089T4TYWW,akdjgakjg
B07XNMJM9B,akdjgakjg
B07F92DCB2,akdjgakjg
B004OJMQIC,akdjgakjg
B000KIED00,akdjgakjg
B0DFM7XN31,akdjgakjg
B0DC4SJCZ6,akdjgakjg
B0B5G1P6GV,akdjgakjg
B096NDMNG7,akdjgakjg
B07Z3Z7V5B,akdjgakjg
B004RV50EO,akdjgakjg
B00275G7M6,akdjgakjg
B0BW2XNQJV,akdjgakjg
B08LVZMC6G,akdjgakjg
B089PYH32J,akdjgakjg
B06XCWF6BQ,akdjgakjg
B0CPLWMFCH,akdjgakjg
B0CG2PWNYM,akdjgakjg
B0CH48JDZ3,akdjgakjg
B08HT1TK86,akdjgakjg
B0CF3B6S8W,akdjgakjg
B0872V7QK4,akdjgakjg
B0BN6768WN,akdjgakjg
B07GC919QH,akdjgakjg
B0BHZMD16Z,akdjgakjg
B08766RKTV,akdjgakjg
B08VH2ZQ7X,akdjgakjg
B0BW1322DN,akdjgakjg
B08RR39K79,akdjgakjg
B07QPMDHPV,akdjgakjg
B07WJ8C87R,akdjgakjg
B085G7C4S4,akdjgakjg
B07TLZ63S7,akdjgakjg
B07TFK2N8T,akdjgakjg
B07SST6H8L,akdjgakjg
B0D59CF8PD,akdjgakjg
B0BZCWPWH2,akdjgakjg
B09WDR1647,akdjgakjg
B09L3Q99WL,akdjgakjg
B09D7CCF7G,akdjgakjg
B08MWBG35M,akdjgakjg
B081RGRM6Q,akdjgakjg
B07GV4LKD9,akdjgakjg
B07D4CT1C2,akdjgakjg
B01ID9I3SK,akdjgakjg
B015BL7GZO,akdjgakjg
B004TPD7NE,akdjgakjg
B06XQ7HY21,akdjgakjg
B01HO8L94G,akdjgakjg
B007MS91JO,akdjgakjg
B0DPJVP76Y,akdjgakjg
B0DFH95KFL,akdjgakjg
B0DD3XF9GW,akdjgakjg
B0DBWMVCB6,akdjgakjg
B0D7PHT449,akdjgakjg
B0D6RJ3LQ4,akdjgakjg
B0D1QH4YYN,akdjgakjg
B0CZT4BGVZ,akdjgakjg
B0CWPTJB7W,akdjgakjg
B0CRYLGCS9,akdjgakjg
B0CNJZF75V,akdjgakjg
B0CNBJ5XFF,akdjgakjg
B0CL6YS6HH,akdjgakjg
B09NL7DCY5,akdjgakjg
B09D3G7ZJ1,akdjgakjg
B09D33PVYL,akdjgakjg
B09BX7R9KP,akdjgakjg
B097LNBN1D,akdjgakjg
B08ZT1XFVJ,akdjgakjg
B08W8GLQP5,akdjgakjg
B08SM8JLBJ,akdjgakjg
B08CR52QN3,akdjgakjg
B085VMR6S9,akdjgakjg
B0836N5XXV,akdjgakjg
B082T1T1VX,akdjgakjg
B07THCY4FK,akdjgakjg
B07RFSRHWN,akdjgakjg
B07Q6ZTJHN,akdjgakjg
B07MDHTTZJ,akdjgakjg
B0CL2MQFRX,akdjgakjg
B0CF5MS394,akdjgakjg
B0CDC7R66N,akdjgakjg
B0C9SF2P54,akdjgakjg
B0C71L529X,akdjgakjg
B0C6QY638T,akdjgakjg
B0C5QY1FFW,akdjgakjg
B0BYDDFF5W,akdjgakjg
B0BTYB8FJG,akdjgakjg
B0BKQ4TJ1T,akdjgakjg
B0BGS715J3,akdjgakjg
B0BGN9S4CF,akdjgakjg
B0B9BRMTKS,akdjgakjg
B0B1XR6HX6,akdjgakjg
B0B1HG2PQF,akdjgakjg
B09WRLN5HB,akdjgakjg
B07DHRDLNQ,akdjgakjg
B07BJ5SJ9N,akdjgakjg
B073V8HTJZ,akdjgakjg
B01ID9I3NU,akdjgakjg
B01FEDASKY,akdjgakjg
B018AU10T6,akdjgakjg
B0146C4JSG,akdjgakjg
B00IXR0L1A,akdjgakjg
B00BFE70X0,akdjgakjg
B00B28Z9IC,akdjgakjg
B005A0NMTG,akdjgakjg
B0051D83SW,akdjgakjg
B0002D0ASM,akdjgakjg
B09RGF59MJ,akdjgakjg
B09VTJRGBJ,akdjgakjg
B07CP51XK8,akdjgakjg
B08F52X69N,akdjgakjg
B0D7ZZKHG7,akdjgakjg
B0948GTFZW,akdjgakjg
B0CMCMD6P6,akdjgakjg
B0B35LZ8Q6,akdjgakjg
B09136PTVH,akdjgakjg
B0C6DK5M4G,akdjgakjg
B074PHRHNQ,akdjgakjg
B0BWH3J3YS,akdjgakjg
B085N1D893,akdjgakjg
B003YVP57U,akdjgakjg
B0CDPJZFWR,akdjgakjg
B0DG2VR8KN,akdjgakjg
B00A8ZB196,akdjgakjg
B007MS7VJG,akdjgakjg
B0BQHXYTZJ,akdjgakjg
B077LZBT7T,akdjgakjg
B0D1C8R7FB,akdjgakjg
B0CWGNGNSJ,akdjgakjg
B0924CG9XZ,akdjgakjg
B0B856Q39F,akdjgakjg
B0992PG844,akdjgakjg
B07W57DBNN,akdjgakjg
B0027LUYDI,akdjgakjg
B0002D0ARS,akdjgakjg
B0DKJLCZC9,akdjgakjg
B0DDTR25DT,akdjgakjg
B0BSN1R38N,akdjgakjg
B09MR66MG1,akdjgakjg
B0B9MNY1TN,akdjgakjg
B0C8HSC8NH,akdjgakjg
B0D56YGXXK,akdjgakjg
B08YD4GS3D,akdjgakjg
B093LFBJT6,akdjgakjg
B09HBWRNJP,akdjgakjg
B07XSC87FP,akdjgakjg
B09YGX31P7,akdjgakjg
B07LBDQM7D,akdjgakjg
B0CB2CPVRC,akdjgakjg
B07H92DLBT,akdjgakjg
B002LZLNCG,akdjgakjg
B00EW0ZZL8,akdjgakjg
B0C64G6MZK,akdjgakjg
B0CPLXQK5Z,akdjgakjg
B0CDBXK7YT,akdjgakjg
B0CKFPT1MD,akdjgakjg
B0CGKWJ5DK,akdjgakjg
B0CCNVG6B4,akdjgakjg
B0CRYLCZNT,akdjgakjg
B0BSDVQD81,akdjgakjg
B07MVQ2ZQL,akdjgakjg
B09ZV35VC2,akdjgakjg
B0C5QHBRJJ,akdjgakjg
B08RR5C87R,akdjgakjg
B0B5KPCVY1,akdjgakjg
B07Y29JBPN,akdjgakjg
B07G69621P,akdjgakjg
B07R3XM7RR,akdjgakjg
B0BZX3X8WC,akdjgakjg
B01M355J3V,akdjgakjg
B0C8HG7H7B,akdjgakjg
B097J82F7L,akdjgakjg
B0925R9HY1,akdjgakjg
B08R9J5797,akdjgakjg
B08JGBZ79X,akdjgakjg
B08H5FDSQQ,akdjgakjg
B084YZZDGR,akdjgakjg
B073TR6M9V,akdjgakjg
B01N3Y4S3A,akdjgakjg
B01MR7DM5G,akdjgakjg
B007VXLIY6,akdjgakjg
B0002D0ALY,akdjgakjg
B0DLNKK58G,akdjgakjg
B0DHRTV1D2,akdjgakjg
B0DFWD1CYD,akdjgakjg
B0DDZJ9HKL,akdjgakjg
B0DDC91CBS,akdjgakjg
B076P7C1HN,akdjgakjg
B088KCBYBV,akdjgakjg
B07S82GPX1,akdjgakjg
B07PJLP5V6,akdjgakjg
B0771P2ZJR,akdjgakjg
B01LXL0A7D,akdjgakjg
B07QXV4LC9,akdjgakjg
B013TN4CU8,akdjgakjg
B00RQ21SJM,akdjgakjg
B0CM8R341B,akdjgakjg
B09M2MYFZN,akdjgakjg
B09G9SW5YJ,akdjgakjg
B0DB1L83JK,akdjgakjg
B08B4R5569,akdjgakjg
B0B35JJ6LD,akdjgakjg
B07TLQ9ZZ1,akdjgakjg
B0DB1PZZWY,akdjgakjg
B0D8J1G3BF,akdjgakjg
B0D731GCMJ,akdjgakjg
B0CZRQYF6Y,akdjgakjg
B0CZR3LQKG,akdjgakjg
B0CZ9FQSDF,akdjgakjg
B0CXPG6STV,akdjgakjg
B0CL6QXY6R,akdjgakjg
B0CHJ6Z2CQ,akdjgakjg
B0CFYHSRN4,akdjgakjg
B0CDGNC9C9,akdjgakjg
B0CC8HJWJS,akdjgakjg
B0CB8L41T7,akdjgakjg
B0C7ZMQR4M,akdjgakjg
B0C5M36YRG,akdjgakjg
B0C2HS5BGZ,akdjgakjg
B01DYUM8LG,akdjgakjg
B07FM58Z42,akdjgakjg
B0002D0AC8,akdjgakjg
B07K3RM8T4,akdjgakjg
B00O7ONL5G,akdjgakjg
B0DG2HCWF3,akdjgakjg
B0CKX321NY,akdjgakjg
B0B84H7LGP,akdjgakjg
B0C232BZ53,akdjgakjg
B09L82PHCM,akdjgakjg
B08HJR1RCG,akdjgakjg
B0DB8F7GDN,akdjgakjg
B08FX95FXX,akdjgakjg
B0BP7B88HR,akdjgakjg
B09234TWRP,akdjgakjg
B086JJ361J,akdjgakjg
B07V7VM59B,akdjgakjg
B07PWY2BJ2,akdjgakjg
B07MC777HP,akdjgakjg
B07KJT31GT,akdjgakjg
B079FWWYDQ,akdjgakjg
B0759H3LDT,akdjgakjg
B0753HD67P,akdjgakjg
B06ZYYK3YR,akdjgakjg
B00R128UIE,akdjgakjg
B00O647RV6,akdjgakjg
B00H282844,akdjgakjg
B000UJHN9W,akdjgakjg
B0002EWY1M,akdjgakjg
B0BZCHFYBB,akdjgakjg
B0BXP72DTQ,akdjgakjg
B0BVZ6NJ9S,akdjgakjg
B0BKQB6V2C,akdjgakjg
B0BKQ1SJZ4,akdjgakjg
B0BJQCW1MF,akdjgakjg
B0BF9ZXBPG,akdjgakjg
B0B53JPBYF,akdjgakjg
B0B2D88F8F,akdjgakjg
B09JP8N3QP,akdjgakjg
B09CDTF4W1,akdjgakjg
B08SM6SP7D,akdjgakjg
B0865N3KTJ,akdjgakjg
B085CC7V8X,akdjgakjg
B0827T7FWX,akdjgakjg
B07ZRXNHS1,akdjgakjg
B000IG6EUG,akdjgakjg
B017J1TC3S,akdjgakjg
B071LGNVDY,akdjgakjg
B09LLKLRCB,akdjgakjg
B00I322S9I,akdjgakjg
B0CP1TDZ9K,akdjgakjg
B08LQ4DGP2,akdjgakjg
B09XY5ZWD4,akdjgakjg
B00904NZQS,akdjgakjg
B091Y12WVX,akdjgakjg
B07BVC7J1W,akdjgakjg
B09WJK2WN5,akdjgakjg
B097QLBHW3,akdjgakjg
B09JZ3Y9RY,akdjgakjg
B0DGGQSCWP,akdjgakjg
B0BDFQ8PYD,akdjgakjg
B08ZKRMFDX,akdjgakjg
B0983SHGV1,akdjgakjg
B07PQDPHGD,akdjgakjg
B0D66VQYNQ,akdjgakjg
B07H11F4L4,akdjgakjg
B0CQ2M9KQK,akdjgakjg
B08QJSGW35,akdjgakjg
B09ZNS5S36,akdjgakjg
B0D9PV9P7P,akdjgakjg
B09NZQZ4VT,akdjgakjg
B0CW6766Y5,akdjgakjg
B091SR84JP,akdjgakjg
B0C9M13DVR,akdjgakjg
B08M5WX4MP,akdjgakjg
B0C2H5GRVM,akdjgakjg
B09QM6X3CD,akdjgakjg
B09L1BV8KS,akdjgakjg
B00KZ1WECQ,akdjgakjg
B09GWVCQKT,akdjgakjg
B09XBCBPPJ,akdjgakjg
B09DC7KTXX,akdjgakjg
B08N3YC2G8,akdjgakjg
B08XLKSS62,akdjgakjg
B082YV8QFV,akdjgakjg
B08RL6HQ53,akdjgakjg
B01LJYL2MU,akdjgakjg
B07V5T9SRG,akdjgakjg
B09VDF128W,akdjgakjg
B07MRKVQTS,akdjgakjg
B092ZPD573,akdjgakjg
B01N4Q0J2O,akdjgakjg
B0B3T9KZVN,akdjgakjg
B01L7OOD5U,akdjgakjg
B01M2D0WVT,akdjgakjg
B01BI7E61W,akdjgakjg
B01290XS9S,akdjgakjg
B004IYDVHI,akdjgakjg
B09XXW3CZX,akdjgakjg
B08JG3QQJ1,akdjgakjg
B00GN70ILU,akdjgakjg
B0BMPW5SL3,akdjgakjg
B000KC0WOW,akdjgakjg
B09FM1WKK7,akdjgakjg
B082H8KR13,akdjgakjg
B00CF55PLW,akdjgakjg
B0CJLK2K17,akdjgakjg
B09DW4696M,akdjgakjg
B07ZHD7B8M,akdjgakjg
B07ZZKYLBL,akdjgakjg
B06XRGZZ8W,akdjgakjg
B0116R5UE6,akdjgakjg
B0BHRY74RY,akdjgakjg
B09XTXBQFY,akdjgakjg
B099X1Y6P8,akdjgakjg
B08XN92B6J,akdjgakjg
B0BN5JBYTQ,akdjgakjg
B0BF91GNCH,akdjgakjg
B0B5QZ1XDC,akdjgakjg
B08NDFZVDF,akdjgakjg
B08HNG31LH,akdjgakjg
B08BP699MD,akdjgakjg
B07JJNMK33,akdjgakjg
B00F9GIS6S,akdjgakjg
B0CQBYCLG5,akdjgakjg
B0C2DHMBSD,akdjgakjg
B0C1BWJ7GG,akdjgakjg
B0BFWR9KWV,akdjgakjg
B0944983ZV,akdjgakjg
B08V8JR1QX,akdjgakjg
B08JTTBJPS,akdjgakjg
B08JHSNXXK,akdjgakjg
B079VZW5NK,akdjgakjg
B06XYFDTV2,akdjgakjg
B0DR2C8STW,akdjgakjg
B0DGSQC138,akdjgakjg
B0DBHFWLFF,akdjgakjg
B0D8144Q3C,akdjgakjg
B0D59X6918,akdjgakjg
B0CY7SSQ4B,akdjgakjg
B0CX8LFLGL,akdjgakjg
B0CWS3HMDD,akdjgakjg
B0CRYVHT9K,akdjgakjg
B0CQ8F141V,akdjgakjg
B0CPY7W5P1,akdjgakjg
B0CP7D11LL,akdjgakjg
B0CJFQ9P7R,akdjgakjg
B0CFL8F61C,akdjgakjg
B0CDPS6FW2,akdjgakjg
B0CB8451QL,akdjgakjg
B0CB6MS9FP,akdjgakjg
B0C9PWKHHL,akdjgakjg
B0C8N1XN5T,akdjgakjg
B0C3PFWXBZ,akdjgakjg
B0BWJ3DSH1,akdjgakjg
B0BRTTBR7Z,akdjgakjg
B0BQR5NDHK,akdjgakjg
B0B34CJNS8,akdjgakjg
B098KBDTJ6,akdjgakjg
B08QMKS39P,akdjgakjg
B0BYSQ8TF2,akdjgakjg
B0B5KY5MC1,akdjgakjg
B07J36LF7H,akdjgakjg
B09J2BG7Z5,akdjgakjg
B09B4Z2N6Z,akdjgakjg
B091BWPMJ7,akdjgakjg
B01LE95P7I,akdjgakjg
B0D47NJL2R,akdjgakjg
B0C6ZW6XWR,akdjgakjg
B0BFB7B2XL,akdjgakjg
B08ZL3NRXB,akdjgakjg
B00UW5BP70,akdjgakjg
B08XX7QHBB,akdjgakjg
B07NZCT3W8,akdjgakjg
B07FKTY2HJ,akdjgakjg
B07CHC538W,akdjgakjg
B07BHHPT28,akdjgakjg
B075GQR9GV,akdjgakjg
B06XCNYT8Q,akdjgakjg
B00BN4WBOK,akdjgakjg
B00A7ROVN8,akdjgakjg
B001M5EREC,akdjgakjg
B001A0HYOO,akdjgakjg
B0BQBV6SW1,akdjgakjg
B0B31NL4Z9,akdjgakjg
B09ZKN39YQ,akdjgakjg
B09NW85LLX,akdjgakjg
B09G67W4ZL,akdjgakjg
B09CZGSTW7,akdjgakjg
B099Z8PR5F,akdjgakjg
B092T2G9HR,akdjgakjg
B092LNBFSM,akdjgakjg
B08GFHKH3X,akdjgakjg
B089N39PKH,akdjgakjg
B07V9X7H4T,akdjgakjg
B07TYRCP2J,akdjgakjg
B07TRJCRVV,akdjgakjg
B07R5MR5FN,akdjgakjg
B07QYY2SQH,akdjgakjg
B0BLNQXV1P,akdjgakjg
B0CKHJ1934,akdjgakjg
B0B72FNRQ3,akdjgakjg
B0846C2RL3,akdjgakjg
B07QN1TCGH,akdjgakjg
B07YYKQ28H,akdjgakjg
B08P4D4CY4,akdjgakjg
B07GBWPVPM,akdjgakjg
B093WHVT1R,akdjgakjg
B0D31FGFZ1,akdjgakjg
B001GAQJ58,akdjgakjg
B0CMXM4GPB,akdjgakjg
B0DS2V9ZGC,akdjgakjg
B0CLS7GY9R,akdjgakjg
B0BVKHSHDK,akdjgakjg
B0BYDD3888,akdjgakjg
B085QFY59G,akdjgakjg
B09D7WFDM2,akdjgakjg
B07MHZH4QF,akdjgakjg
B084DCHRSR,akdjgakjg
B08CKSLTS3,akdjgakjg
B07BS9V7HT,akdjgakjg
B0B4JSHJ9G,akdjgakjg
B01N1G1PCD,akdjgakjg
B08TKC8YF1,akdjgakjg
B00TFAT4FI,akdjgakjg
B074ZN9YLH,akdjgakjg
B01CQ75R6G,akdjgakjg
B0D7PJWDQ4,akdjgakjg
B01HXD6PD2,akdjgakjg
B08XNBPYFT,akdjgakjg
B08VGT2T42,akdjgakjg
B000MIGM4I,akdjgakjg
B0BX47BFQS,akdjgakjg
B0B7RN6PQC,akdjgakjg
B08B3KT4CB,akdjgakjg
B07PYXFCPQ,akdjgakjg
B00Z0A292M,akdjgakjg
B00J04CA64,akdjgakjg
B07X4WBKJT,akdjgakjg
B0DKNK8J36,akdjgakjg
B08JLVLRJB,akdjgakjg
B096RYCLBM,akdjgakjg
B08KGRGHJQ,akdjgakjg
B08121DS7Q,akdjgakjg
B0CBWWWYYT,akdjgakjg
B0BRD5MRX9,akdjgakjg
B09MJG3KWJ,akdjgakjg
B09M674894,akdjgakjg
B08FC3GV4D,akdjgakjg
B082WKDPWS,akdjgakjg
B07366PM3X,akdjgakjg
B00VT24ZHC,akdjgakjg
B0CG5TLP13,akdjgakjg
B0BY5L48CB,akdjgakjg
B09VP5KPYN,akdjgakjg
B09QMFH6D7,akdjgakjg
B09LRJLHK3,akdjgakjg
B0CV5NSNLW,akdjgakjg
B0BB5KM4K1,akdjgakjg
B09FJBHLQM,akdjgakjg
B08RVDCN9P,akdjgakjg
B07RMXZMWB,akdjgakjg
B01N3XC0D7,akdjgakjg
B01HRIKK5C,akdjgakjg
B00CPBPV8S,akdjgakjg
B0000BYR1Z,akdjgakjg
B0DS64WY96,akdjgakjg
B0DJSSKDJT,akdjgakjg
B0DJG7XS27,akdjgakjg
B0D6L22ZWQ,akdjgakjg
B0CSJZ84MT,akdjgakjg
B0CR2WFSV4,akdjgakjg
B0CQY8RML3,akdjgakjg
B0CNJPXRCZ,akdjgakjg
B0CNGW9R14,akdjgakjg
B0CN9DWN4F,akdjgakjg
B0CDPSP56N,akdjgakjg
B0CB6L9N9V,akdjgakjg
B0C9T96FWN,akdjgakjg
B09WQHHHXS,akdjgakjg
B09NB13PYK,akdjgakjg
B09MFHSLHP,akdjgakjg
B098B2Q542,akdjgakjg
B094QXQWDQ,akdjgakjg
B08L9BM87D,akdjgakjg
B08FNKFJFK,akdjgakjg
B088WLX6ZN,akdjgakjg
B082FS947X,akdjgakjg
B082867CT9,akdjgakjg
B07YNQMPJG,akdjgakjg
B07LBKDVCR,akdjgakjg
B07KY6ZGGM,akdjgakjg
B07CT147Y3,akdjgakjg
B073Z41R76,akdjgakjg
B073P3488L,akdjgakjg
B0C7KYCX5M,akdjgakjg
B0C5WL985Q,akdjgakjg
B0BZ4MBVNV,akdjgakjg
B0BYZFDVRY,akdjgakjg
B0BYRT8H8C,akdjgakjg
B0BY25T4TK,akdjgakjg
B0BS6TNK7Q,akdjgakjg
B0BRV4DYXK,akdjgakjg
B0BHSQWGNY,akdjgakjg
B0BFWG5CHC,akdjgakjg
B0B6VKHSCC,akdjgakjg
B0B615XCN8,akdjgakjg
B0B2QST6WN,akdjgakjg
B09Y18Z3XM,akdjgakjg
B09XXFS6VT,akdjgakjg
B09XHX9NGV,akdjgakjg
B002CGRLFW,akdjgakjg
B092KSL4YF,akdjgakjg
B07CBBFYQ7,akdjgakjg
B0D82M2CXW,akdjgakjg
B085Q16ZSX,akdjgakjg
B07WP8V3LS,akdjgakjg
B00XRPHEXG,akdjgakjg
B0951DCHC4,akdjgakjg
B0CJ4ZNF26,akdjgakjg
B09H7VWZ2Z,akdjgakjg
B09Y2LZRRG,akdjgakjg
B075WSB6B9,akdjgakjg
B0B7RTHL8T,akdjgakjg
B07PHLT6YN,akdjgakjg
B01KJJS8F0,akdjgakjg
B09SM1WNV3,akdjgakjg
B06XQTNDPF,akdjgakjg
B07BXC5QQM,akdjgakjg
B018OUNFD6,akdjgakjg
B09F2KT5CN,akdjgakjg
B0DSDLFFW5,akdjgakjg
B00M3AG9OQ,akdjgakjg
B0CYGYMXT6,akdjgakjg
B0BYVHBVN7,akdjgakjg
B0BSDVQD9H,akdjgakjg
B09XHKL6SB,akdjgakjg
B0BPKGNC1V,akdjgakjg
B08C32R38X,akdjgakjg
B09L4BFY9Q,akdjgakjg
B08115W6RR,akdjgakjg
B08XLTS93V,akdjgakjg
B07K7F7KRS,akdjgakjg
B01N10NA56,akdjgakjg
B01MZ2R4RK,akdjgakjg
B01MUAF7HN,akdjgakjg
B01H25ZIC0,akdjgakjg
B00VJMEDA6,akdjgakjg
B00F9GIS2C,akdjgakjg
B005T58MX8,akdjgakjg
B004SBOO40,akdjgakjg
B07Y8M2MY4,akdjgakjg
B0CNMR1FLL,akdjgakjg
B0BWQFFGZH,akdjgakjg
B0756SM5D5,akdjgakjg
B09YRBW6SL,akdjgakjg
B00F9GISVS,akdjgakjg
B01L7OOEC2,akdjgakjg
B0CFDVZTWF,akdjgakjg
B005TNKCMY,akdjgakjg
B005EHGGMA,akdjgakjg
B01MYBYIWS,akdjgakjg
B086JQMNFM,akdjgakjg
B08QRX4PQP,akdjgakjg
B088BTY3H7,akdjgakjg
B07TGJDX3P,akdjgakjg
B09PTWXDWW,akdjgakjg
B0CJFRCCW9,akdjgakjg
B0B8VH885Q,akdjgakjg
B0B3CKQS5V,akdjgakjg
B08FZCDNHM,akdjgakjg
B07XT6ZY3F,akdjgakjg
B07P6Y5WPB,akdjgakjg
B0D3QFTZ66,akdjgakjg
B0CJWWTQYL,akdjgakjg
B0BRD1CNZ6,akdjgakjg
B0BB64R9QG,akdjgakjg
B0B6FQTKLV,akdjgakjg
B09XVNTGTP,akdjgakjg
B096SDRF7Z,akdjgakjg
B07S5GZ5TM,akdjgakjg
B07PTPBXPJ,akdjgakjg
B073GKFZVQ,akdjgakjg
B08MY6DYJ6,akdjgakjg
B08HJW6XH9,akdjgakjg
B08LV5B3Y4,akdjgakjg
B003AVAX2G,akdjgakjg
B08L42NGSD,akdjgakjg
B0DDKRMYQH,akdjgakjg
B089ZVYBPF,akdjgakjg
B085BZ3WNX,akdjgakjg
B084DCNLM9,akdjgakjg
B00CJJ286Y,akdjgakjg
B07VJ44CBL,akdjgakjg
B0CJLXRDRP,akdjgakjg
B07HGQS9ZX,akdjgakjg
B002AZPTZO,akdjgakjg
B07H13WHFP,akdjgakjg
B0D14732S3,akdjgakjg
B07Z65HZ7S,akdjgakjg
B08YQNM96K,akdjgakjg
B08Q7Z85BW,akdjgakjg
B07FYPWNLD,akdjgakjg
B0014E4F1G,akdjgakjg
B09B1YYPGT,akdjgakjg
B093CFZZQM,akdjgakjg
B08XZ4T67L,akdjgakjg
B07DFCHVSC,akdjgakjg
B00E4WNS9K,akdjgakjg
B0CN3FBMGT,akdjgakjg
B09B51RBN4,akdjgakjg
B0BNWSZB8C,akdjgakjg
B08Y88ZLVS,akdjgakjg
B07FB6GD3X,akdjgakjg
B01JOHBHCO,akdjgakjg
B07FN7VGRX,akdjgakjg
B0BGYCT62B,akdjgakjg
B0776Q4H35,akdjgakjg
B092STQYD2,akdjgakjg
B01MQJSA92,akdjgakjg
B07QXN6RLR,akdjgakjg
B01C67IB0K,akdjgakjg
B0DSBS6XSL,akdjgakjg
B0D1KHHXG2,akdjgakjg
B0D8KBKV2X,akdjgakjg
B0C7V3J8GN,akdjgakjg
B08HCYTS98,akdjgakjg
B0822WRFGW,akdjgakjg
B0C27JQJ3G,akdjgakjg
B09NCFWZBP,akdjgakjg
B0DP1B8SHG,akdjgakjg
B0C2C44XKM,akdjgakjg
B0C244K4SK,akdjgakjg
B09JKY8YJQ,akdjgakjg
B06XSCR9NP,akdjgakjg
B00VMU0F9I,akdjgakjg
B0DC622LQS,akdjgakjg
B0D3HBS7D7,akdjgakjg
B0CW1ZCBF9,akdjgakjg
B0CLNVN3KS,akdjgakjg
B0CKRZSWTL,akdjgakjg
B0BRT7B2YC,akdjgakjg
B0BPSJ5VSC,akdjgakjg
B0BGLDP4QT,akdjgakjg
B0B8HKYSB1,akdjgakjg
B09H5HX69R,akdjgakjg
B09GF4R6RG,akdjgakjg
B09DSNCM1S,akdjgakjg
B09DCL4S6T,akdjgakjg
B0969VSYRR,akdjgakjg
B083ZM98VD,akdjgakjg
B07VD24FWB,akdjgakjg
B07CKKXWQM,akdjgakjg
B01BMVAZ96,akdjgakjg
B00904O0NU,akdjgakjg
B0DM9CH7XK,akdjgakjg
B0DKJPYTFM,akdjgakjg
B0DKHM148Q,akdjgakjg
B0DK5K5YHW,akdjgakjg
B0DBL1PX7X,akdjgakjg
B0DB7LDJYL,akdjgakjg
B0D9W2RQHD,akdjgakjg
B0D83Q71JF,akdjgakjg
B0D814MDBC,akdjgakjg
B0D7ZL3ZWJ,akdjgakjg
B0D7T4CJKS,akdjgakjg
B0D78457ZN,akdjgakjg
B0D6XS4XM9,akdjgakjg
B0D6VR55D8,akdjgakjg
B0D41K8WD7,akdjgakjg
B0CXDM6DKN,akdjgakjg
B0CTCZFHFM,akdjgakjg
B0CT861L95,akdjgakjg
B0CQY8YP47,akdjgakjg
B0CQ2JRZJL,akdjgakjg
B0CPHMC86S,akdjgakjg
B0CNJZHDZ6,akdjgakjg
B0CKQ1342P,akdjgakjg
B0CK7LYS4J,akdjgakjg
B0CJFP8X99,akdjgakjg
B0CF5C2G1J,akdjgakjg
B0CF23YY6T,akdjgakjg
B0CBBJ7GWX,akdjgakjg
B0C9Q33TZT,akdjgakjg
B0C99CD39S,akdjgakjg
B0C7KY2DKK,akdjgakjg
B0C5VN52HX,akdjgakjg
B0C3RGBJWP,akdjgakjg
B0C36XNZG4,akdjgakjg
B0C2JGPPJ7,akdjgakjg
B0BY19NJY2,akdjgakjg
B0BXH3BG3D,akdjgakjg
B0BWDPY9RX,akdjgakjg
B0BN5FY6HX,akdjgakjg
B0BDLQQK21,akdjgakjg
B0B8RTSRVN,akdjgakjg
B0B7MGS45Z,akdjgakjg
B0B66YTFTV,akdjgakjg
B0B3QHSF1Q,akdjgakjg
B09QMTTW4T,akdjgakjg
B09Q34J2QC,akdjgakjg
B098NB2W7J,akdjgakjg
B096M97MRY,akdjgakjg
B091H5S9J4,akdjgakjg
B08ZNQRS8L,akdjgakjg
B08F52TXCV,akdjgakjg
B087WWB4TH,akdjgakjg
B07PZRVGB2,akdjgakjg
B07PJ14NGD,akdjgakjg
B07HWNJQ3W,akdjgakjg
B07H2JMHBK,akdjgakjg
B07G78QN54,akdjgakjg
B074DZ6YPM,akdjgakjg
B01MZXEC00,akdjgakjg
B01B82A84G,akdjgakjg
B01ABP6336,akdjgakjg
B01I8VMOWE,akdjgakjg
B07281LL53,akdjgakjg
B092SSLPLQ,akdjgakjg
B0861S6JHV,akdjgakjg
B083Q8B2TK,akdjgakjg
B07J1GXZ7Q,akdjgakjg
B0C1D8PC9N,akdjgakjg
B096ZJQLZZ,akdjgakjg
B07Z7N5XFH,akdjgakjg
B078ZN19XY,akdjgakjg
B082NXBJNB,akdjgakjg
B07WTLLLNX,akdjgakjg
B07SL69198,akdjgakjg
B0D7VMXF8S,akdjgakjg
B0CLRQT38G,akdjgakjg
B08JPPL1Z5,akdjgakjg
B00I6A41MO,akdjgakjg
B07GV35BLS,akdjgakjg
B0B8TW12S1,akdjgakjg
B0B7LBRCBB,akdjgakjg
B0C4L5GXPR,akdjgakjg
B07WQW6H9S,akdjgakjg
B07WLXGB1V,akdjgakjg
B074ZQHSXX,akdjgakjg
B00T4B6W44,akdjgakjg
B0D3X6YMWK,akdjgakjg
B07T7N4XKK,akdjgakjg
B0002D09QK,akdjgakjg
B09T9WRV6D,akdjgakjg
B073RKPBRC,akdjgakjg
B01FX27RVE,akdjgakjg
B095M43HZG,akdjgakjg
B0786V6TVB,akdjgakjg
B01N9E147J,akdjgakjg
B0CLFHSPJ6,akdjgakjg
B09TT2CQ2X,akdjgakjg
B09Q2W4LC4,akdjgakjg
B09PQF85WH,akdjgakjg
B075FXL246,akdjgakjg
B073VDNW95,akdjgakjg
B0C5M5MHSB,akdjgakjg
B0969TJV42,akdjgakjg
B08B1F3S8P,akdjgakjg
B01MV05BXE,akdjgakjg
B00KU9QYL0,akdjgakjg
B003P4VYDU,akdjgakjg
B0CYSMZZZP,akdjgakjg
B0BXCP2FBB,akdjgakjg
B0999844MH,akdjgakjg
B07Q9ZDCCM,akdjgakjg
B096MTRJ4V,akdjgakjg
B09TN6MTJR,akdjgakjg
B08Y5DT6TY,akdjgakjg
B09M3PCD51,akdjgakjg
B08T1P6L1Z,akdjgakjg
B081V5LMWN,akdjgakjg
B084DCHXNM,akdjgakjg
B018S1CFXW,akdjgakjg
B07RBL15C4,akdjgakjg
B0BXDB2RR5,akdjgakjg
B07L3VS8BQ,akdjgakjg
B01A3NQRBO,akdjgakjg
B07F3CDVK9,akdjgakjg
B07426TY4S,akdjgakjg
B0CFV71W8X,akdjgakjg
B07WT1GXSR,akdjgakjg
B093BN8BBN,akdjgakjg
B0B7MHY6PJ,akdjgakjg
B09138P759,akdjgakjg
B0CNQS3P3K,akdjgakjg
B0BSDVS65J,akdjgakjg
B0858QF547,akdjgakjg
B0BN1KYGWW,akdjgakjg
B08W42ZH1J,akdjgakjg
B0BGQSWGLC,akdjgakjg
B07CWRC6BK,akdjgakjg
B09QYJF2BN,akdjgakjg
B097CF1Y59,akdjgakjg
B09B9DBD9F,akdjgakjg
B0BX62XTCH,akdjgakjg
B0BN5H2ND3,akdjgakjg
B0BG62J7NX,akdjgakjg
B0B5SMP4SJ,akdjgakjg
B09VYCXF1G,akdjgakjg
B09PNKRKFB,akdjgakjg
B08Y6ZXMFD,akdjgakjg
B08MTFNWC1,akdjgakjg
B07TWJFKCG,akdjgakjg
B07RSG5RNY,akdjgakjg
B01M32PWRZ,akdjgakjg
B0D6XZVCMR,akdjgakjg
B0CSYT52KB,akdjgakjg
B0CCXQXV6W,akdjgakjg
B0C7D4K5B4,akdjgakjg
B0BR6G5JHC,akdjgakjg
B0BJGL4YSL,akdjgakjg
B0BJ2B4NZZ,akdjgakjg
B0BGXGZ6RP,akdjgakjg
B0B5JMZSCJ,akdjgakjg
B098D3ZR85,akdjgakjg
B08P25BDR5,akdjgakjg
B084MMKRLT,akdjgakjg
B0DSSSB1BN,akdjgakjg
B0DNVSH6Y5,akdjgakjg
B0DHZHHRQH,akdjgakjg
B0D5R8Q2WD,akdjgakjg
B0D41J2QVN,akdjgakjg
B0D1XK4X6N,akdjgakjg
B0CXP93PFR,akdjgakjg
B0CWTYQBPC,akdjgakjg
B0CR9WNT6X,akdjgakjg
B0CQK1MZRP,akdjgakjg
B0CQJZTBBS,akdjgakjg
B0CN9DR5B1,akdjgakjg
B0CMZP6J7M,akdjgakjg
B0CMT3SK36,akdjgakjg
B0CLV3J8CB,akdjgakjg
B0CL75FQVY,akdjgakjg
B0CF9KK6CG,akdjgakjg
B0CCZ2833R,akdjgakjg
B0CCCXGBYP,akdjgakjg
B0C91LZ8PK,akdjgakjg
B0C8B3GY3J,akdjgakjg
B0C8B2BHS9,akdjgakjg
B0C6Y9JTTD,akdjgakjg
B0C692Z8N2,akdjgakjg
B0BWDBCMF1,akdjgakjg
B0BRTTF12G,akdjgakjg
B0BFBWQ7BL,akdjgakjg
B0B2DG329Y,akdjgakjg
B0B2485Z61,akdjgakjg
B09WDNP9WM,akdjgakjg
B09QC7JV8P,akdjgakjg
B09L8DYSMY,akdjgakjg
B09DKTTQYC,akdjgakjg
B09C5YP326,akdjgakjg
B096YJYR7G,akdjgakjg
B09316LWVY,akdjgakjg
B0928FJS7G,akdjgakjg
B08XK9X6TP,akdjgakjg
B08N46QD3Y,akdjgakjg
B08DP5HJHW,akdjgakjg
B086VXF3LH,akdjgakjg
B084D55FLS,akdjgakjg
B07XKW1VCJ,akdjgakjg
B07X56CWTB,akdjgakjg
B07JZGSFZY,akdjgakjg
B07G95Q82B,akdjgakjg
B07DL6FHBP,akdjgakjg
B075KZHL9D,akdjgakjg
B0746T7FHW,akdjgakjg
B073Z4XWLV,akdjgakjg
B071GS9CJG,akdjgakjg
B01H3RKA20,akdjgakjg
B00JY2WNFA,akdjgakjg
B005JEYV20,akdjgakjg
B09C7XDBSM,akdjgakjg
B0B342V1WH,akdjgakjg
B07KB35FX5,akdjgakjg
B0CL343SK7,akdjgakjg
B0046CERZ2,akdjgakjg
B003ZUPO6M,akdjgakjg
B0DM5YRB6M,akdjgakjg
B0CS6H9DWP,akdjgakjg
B0CN2Y5DNC,akdjgakjg
B09Y61JK2W,akdjgakjg
B092YLBTGM,akdjgakjg
B09BSBS66R,akdjgakjg
B093BKRB4P,akdjgakjg
B004W0QISM,akdjgakjg
B0C9YGR2WS,akdjgakjg
B07QZR9NJ8,akdjgakjg
B0BV48C3XJ,akdjgakjg
B076WW8WNN,akdjgakjg
B0DHS3WT3J,akdjgakjg
B096MWSN7Q,akdjgakjg
B0006V2LSW,akdjgakjg
B08C7HX4DP,akdjgakjg
B0D2NJ1WZY,akdjgakjg
B07TXY18M3,akdjgakjg
B08P3TLJHX,akdjgakjg
B07KSPJR6T,akdjgakjg
B01FJVERBC,akdjgakjg
B0CW6MFJFJ,akdjgakjg
B07GVMJWMB,akdjgakjg
B0CS9L1X9T,akdjgakjg
B073YK5Z5G,akdjgakjg
B0CG1SD2YM,akdjgakjg
B0991W3ZL1,akdjgakjg
B0BSDVBNYJ,akdjgakjg
B07KCMGMY7,akdjgakjg
B0BSDV5P58,akdjgakjg
B08PCC6K2Y,akdjgakjg
B09K9394N3,akdjgakjg
B08T5SNHW4,akdjgakjg
B08R978Z7C,akdjgakjg
B09WM6TV6P,akdjgakjg
B08LVFLBDF,akdjgakjg
B0CR97JGMG,akdjgakjg
B085BD6ML6,akdjgakjg
B08CS16FCJ,akdjgakjg
B079XFSCPS,akdjgakjg
B07YV578GF,akdjgakjg
B01M669QMS,akdjgakjg
B01LY8DYKX,akdjgakjg
B01N1NX9E3,akdjgakjg
B07DYXP9XJ,akdjgakjg
B01B7160KY,akdjgakjg
B07ZHMXGNN,akdjgakjg
B09FFV9MGQ,akdjgakjg
B0CNT24TGS,akdjgakjg
B0B3J2MRFB,akdjgakjg
B003U7IF0C,akdjgakjg
B0B377Y51G,akdjgakjg
B0C3PFXYZ1,akdjgakjg
B07X8VJZWQ,akdjgakjg
B0BMM9JY1L,akdjgakjg
B09FFHXBM4,akdjgakjg
B07VVBJW8X,akdjgakjg
B08SC6P76Y,akdjgakjg
B08KRSXK46,akdjgakjg
B083P1Z4Q9,akdjgakjg
B07RK9ZXX5,akdjgakjg
B07R9ZSZDH,akdjgakjg
B07KNMNDKM,akdjgakjg
B07CXMP3XM,akdjgakjg
B077XB8MWX,akdjgakjg
B0721RFFT7,akdjgakjg
B0067OHUS8,akdjgakjg
B08T5YP9GF,akdjgakjg
B08B9PYLVH,akdjgakjg
B083BJT15K,akdjgakjg
B07KK8TSXC,akdjgakjg
B07GNTQMK9,akdjgakjg
B01N141K30,akdjgakjg
B01ETN365O,akdjgakjg
B0DQHFM9WW,akdjgakjg
B0DC4Q2Q2Z,akdjgakjg
B0D7GNWF95,akdjgakjg
B0D6QR347Z,akdjgakjg
B0D4JBWGDX,akdjgakjg
B0D2R8DT3C,akdjgakjg
B0D26F7W3B,akdjgakjg
B0CRYT3K4X,akdjgakjg
B0CNVF1T5M,akdjgakjg
B0B2QR37XH,akdjgakjg
B09LVBSKC6,akdjgakjg
B099XBW3HS,akdjgakjg
B08Z23YWGZ,akdjgakjg
B08KP37RC5,akdjgakjg
B087D4G83B,akdjgakjg
B07W7PJTW5,akdjgakjg
B07JZHGM9J,akdjgakjg
B01LW4AYP4,akdjgakjg
B01FXTU7D2,akdjgakjg
B0CNJSQL69,akdjgakjg
B0CLV4MGCL,akdjgakjg
B0CD25S9HV,akdjgakjg
B0BYC1GV3L,akdjgakjg
B0B7B99Q6G,akdjgakjg
B09XHWC6MS,akdjgakjg
B09V55L83J,akdjgakjg
B08Y8CR44R,akdjgakjg
B08P74WVSK,akdjgakjg
B07MSK1KKH,akdjgakjg
B0D2N2Q3X6,akdjgakjg
B0D2938FZZ,akdjgakjg
B08ZSQBQVZ,akdjgakjg
B07D27QBP7,akdjgakjg
B09VTMGL44,akdjgakjg
B09J6M2C5K,akdjgakjg
B08BJB88CC,akdjgakjg
B07QY4WVYY,akdjgakjg
B07Q485NNR,akdjgakjg
B07DPLRPQ9,akdjgakjg
B0B4NG248K,akdjgakjg
B0064YY8PY,akdjgakjg
B08YRN87S7,akdjgakjg
B07RZTL6TK,akdjgakjg
B0846BZ8RX,akdjgakjg
B001PB75U6,akdjgakjg
B0927533YN,akdjgakjg
B07T9CWPB5,akdjgakjg
B0CJ87B2TY,akdjgakjg
B088K5N7PQ,akdjgakjg
B07KGXJ2NP,akdjgakjg
B08BBX4CXP,akdjgakjg
B0CLM4M8JB,akdjgakjg
B07VVF2JZC,akdjgakjg
B0D6R2LVMC,akdjgakjg
B07J576MMD,akdjgakjg
B0CBVDSHVJ,akdjgakjg
B08ZS4XX4S,akdjgakjg
B08QXJTC4C,akdjgakjg
B0BX9PPKMR,akdjgakjg
B07H2XQDN6,akdjgakjg
B00NEPYNYM,akdjgakjg
B07Z86V48T,akdjgakjg
B09JP9RMR5,akdjgakjg
B01M06QXLY,akdjgakjg
B0C5F3WXWK,akdjgakjg
B08K6ZJJSM,akdjgakjg
B06XS38RLN,akdjgakjg
B0DGT4NX6D,akdjgakjg
B085NDKS1M,akdjgakjg
B07Q793JPL,akdjgakjg
B07BDPDGXP,akdjgakjg
B01JQOMWQ0,akdjgakjg
B07FC9WNN5,akdjgakjg
B0CL5XLQYT,akdjgakjg
B01DL2GP70,akdjgakjg
B0BRSNFW83,akdjgakjg
B0CSJPG99H,akdjgakjg
B083166JQB,akdjgakjg
B0737C61RH,akdjgakjg
B0CB5LX538,akdjgakjg
B06Y2X9185,akdjgakjg
B0D4DRSTLF,akdjgakjg
B018FHWHW8,akdjgakjg
B000K2K6MA,akdjgakjg
B0BP1N1NHV,akdjgakjg
B07FLNX3SF,akdjgakjg
B0B5XQ17C4,akdjgakjg
B092M9RX7Y,akdjgakjg
B09YQJ232S,akdjgakjg
B07KV61STF,akdjgakjg
B09QRWNFTL,akdjgakjg
B09CD5RWJS,akdjgakjg
B099FLVTLL,akdjgakjg
B08T9QR3DL,akdjgakjg
B07FXHX6JQ,akdjgakjg
B08L44ZZH2,akdjgakjg
B0BS2RKGF9,akdjgakjg
B08BJ4VG47,akdjgakjg
B09ZYRM6LP,akdjgakjg
B085CN76SY,akdjgakjg
B0BZNJ67M6,akdjgakjg
B07CG8DY9L,akdjgakjg
B0D9Q9TN6X,akdjgakjg
B073X22VRK,akdjgakjg
B0BLN39DJX,akdjgakjg
B096MZ2ZCZ,akdjgakjg
B08B5PT15G,akdjgakjg
B01N7BKHO3,akdjgakjg
B0CGHFLGNG,akdjgakjg
B0B1D9GQD6,akdjgakjg
B09TP7KF4P,akdjgakjg
B09QYPTYYY,akdjgakjg
B095HPGHT6,akdjgakjg
B08RWBY8R6,akdjgakjg
B0D7WDM46K,akdjgakjg
B0CCCK8KCY,akdjgakjg
B0C73LB4Q9,akdjgakjg
B0C1C1BXS7,akdjgakjg
B07KBSMKSY,akdjgakjg
B0CNRF1TSV,akdjgakjg
B0D671G9LP,akdjgakjg
B01NANSU81,akdjgakjg
B09TNPNYRJ,akdjgakjg
B09JC877NZ,akdjgakjg
B01LXWSC61,akdjgakjg
B09NRJ7KT1,akdjgakjg
B07DTH13DH,akdjgakjg
B0D82XH5W5,akdjgakjg
B0C65PBLXX,akdjgakjg
B07D8FKYY5,akdjgakjg
B0CH9L2Y1C,akdjgakjg
B0CH88TY5S,akdjgakjg
B09ZNMT2R2,akdjgakjg
B0C5WL287N,akdjgakjg
B0C4TBW2PR,akdjgakjg
B0CLRY9NCS,akdjgakjg
B0CKNLS1DT,akdjgakjg
B0CK96YGPN,akdjgakjg
B0CJBT53VY,akdjgakjg
B0CGR69QVB,akdjgakjg
B0C6Q9QY9V,akdjgakjg
B0C58RP6M7,akdjgakjg
B0BXLJ4TKW,akdjgakjg
B0BRTSYT18,akdjgakjg
B0BQ6HG6XM,akdjgakjg
B0BN5HX64W,akdjgakjg
B0BJJWTBXB,akdjgakjg
B0BHN47XM9,akdjgakjg
B0B66PSNLX,akdjgakjg
B0B545ZQ6C,akdjgakjg
B0B3DL6KWC,akdjgakjg
B0CGWKCPGN,akdjgakjg
B0C92ZV63H,akdjgakjg
B0BX8QMKZG,akdjgakjg
B0BRZZK7J9,akdjgakjg
B0B2MHD9LJ,akdjgakjg
B09SVHWKPR,akdjgakjg
B09N7SY83H,akdjgakjg
B097D9JV5K,akdjgakjg
B08XXDV6JR,akdjgakjg
B08BC9872Z,akdjgakjg
B07XNTMCS3,akdjgakjg
B07XJ6QXHC,akdjgakjg
B07JMWBZPK,akdjgakjg
B01HSMZU16,akdjgakjg
B01G4FOH9E,akdjgakjg
B0B24PL515,akdjgakjg
B09YV18VBC,akdjgakjg
B09XDVX1C2,akdjgakjg
B09WCYCP9V,akdjgakjg
B09VLH3JDL,akdjgakjg
B09JFCCJB5,akdjgakjg
B09J4C3KGD,akdjgakjg
B09BLJBK6M,akdjgakjg
B094VHD2RT,akdjgakjg
B093V68KJ8,akdjgakjg
B08YN43H7K,akdjgakjg
B07ZQXKXF9,akdjgakjg
B07PQWSZ5G,akdjgakjg
B07KNF5SPS,akdjgakjg
B00MMTWQ4U,akdjgakjg
B0DT9CY8F8,akdjgakjg
B0DDPNTGQY,akdjgakjg
B0DB1Q2GXY,akdjgakjg
B0D9RJ5NJ8,akdjgakjg
B0D8KF16H3,akdjgakjg
B0D86C51Z6,akdjgakjg
B0D57FFCX7,akdjgakjg
B0D4DVHG7H,akdjgakjg
B0D17XZHMP,akdjgakjg
B0CX7F1R6N,akdjgakjg
B0CPSNKT1Z,akdjgakjg
B0CPM5Q9D3,akdjgakjg
B0CPB8J6MX,akdjgakjg
B0CNXBXG5G,akdjgakjg
B0CN9FSMMP,akdjgakjg
B0D6PRKRVX,akdjgakjg
B0CR1RNV12,akdjgakjg
B0B7SN1QKL,akdjgakjg
B01E5U3YGM,akdjgakjg
B0B3DMMG2C,akdjgakjg
B09YH6NWCF,akdjgakjg
B09JFDD3BB,akdjgakjg
B07QNV47Q1,akdjgakjg
B096MX491L,akdjgakjg
B0DFYCP2RW,akdjgakjg
B08Z3Q34ZF,akdjgakjg
B086JS77VS,akdjgakjg
B08F3J1C93,akdjgakjg
B0C6Q12GC3,akdjgakjg
B0819N4YKL,akdjgakjg
B01CRPS020,akdjgakjg
B07T94CJHB,akdjgakjg
B091SV1Z3N,akdjgakjg
B07MDL6LVT,akdjgakjg
B09Q6BB18Y,akdjgakjg
B01M29WVIL,akdjgakjg
B0D3FL2ST7,akdjgakjg
B01JOSM2BS,akdjgakjg
B08Y5H91Z9,akdjgakjg
B00ZAOY9XK,akdjgakjg
B096XDVB3M,akdjgakjg
B01N6JBWRA,akdjgakjg
B0C1BXLTWQ,akdjgakjg
B09MD6B52R,akdjgakjg
B09WCKDZFZ,akdjgakjg
B0DGPPWNK9,akdjgakjg
B01I1AZ58W,akdjgakjg
B07MCYJW51,akdjgakjg
B0C5HWK4J2,akdjgakjg
B088WN7XFM,akdjgakjg
B08RW756ZX,akdjgakjg
B078VYNF2L,akdjgakjg
B01BIM7452,akdjgakjg
B0CB99JMND,akdjgakjg
B07DP32DSX,akdjgakjg
B0BNQ3MSQG,akdjgakjg
B0B2PGJZRM,akdjgakjg
B09NMCLWC9,akdjgakjg
B0BVC7WP6M,akdjgakjg
B0CB7RDVRS,akdjgakjg
B0BW95LDZL,akdjgakjg
B086TT41R7,akdjgakjg
B08T6NF8GR,akdjgakjg
B0CM9FQVFY,akdjgakjg
B0CK7LMFTL,akdjgakjg
B0CJR4QLS4,akdjgakjg
B0CGQT3T7K,akdjgakjg
B0C47C1D1B,akdjgakjg
B0BY8GSD6P,akdjgakjg
B0BRQP3X9C,akdjgakjg
B0B94SKJBV,akdjgakjg
B0B7KKJXGF,akdjgakjg
B0B1CSZTHW,akdjgakjg
B09XB1GK39,akdjgakjg
B09FDT3FFT,akdjgakjg
B091BFPW5V,akdjgakjg
B08T1MWHQ7,akdjgakjg
B08RS5RZH6,akdjgakjg
B08LDC8SMQ,akdjgakjg
B07JH1SWB7,akdjgakjg
B0BGLVZPDJ,akdjgakjg
B085T925CK,akdjgakjg
B0895LN7QS,akdjgakjg
B0CG7VC3TK,akdjgakjg
B09QM8P8W7,akdjgakjg
B00BL4CJ94,akdjgakjg
B0DCZB33VZ,akdjgakjg
B07N7FNRB1,akdjgakjg
B07768T1TD,akdjgakjg
B08BL41J3W,akdjgakjg
B0CZPBGT51,akdjgakjg
B0CLP4CF1J,akdjgakjg
B0B5D8D648,akdjgakjg
B09Q8834CF,akdjgakjg
B0BDLYCLKM,akdjgakjg
B0CC54WX3C,akdjgakjg
B0BZL977KD,akdjgakjg
B08HGS1KSK,akdjgakjg
B00A6GIPZA,akdjgakjg
B0BTQ6ZC7K,akdjgakjg
B00TP1UABY,akdjgakjg
B0CLM7XH6F,akdjgakjg
B01LATMSGS,akdjgakjg
B00LSBGW0W,akdjgakjg
B0B753HVN3,akdjgakjg
B075ZYW5XG,akdjgakjg
B07SSFTKCC,akdjgakjg
B0BCTT3JN4,akdjgakjg
B07PJ5JQVJ,akdjgakjg
B09ZVLTJR7,akdjgakjg
B0CC1NRLRG,akdjgakjg
B0C74P7RBJ,akdjgakjg
B0C5DZN73J,akdjgakjg
B0C4NWFD56,akdjgakjg
B0BYRKX5LP,akdjgakjg
B0BL7M6G6L,akdjgakjg
B0BCW14L5V,akdjgakjg
B0B879N9B9,akdjgakjg
B0B5WZJ9SG,akdjgakjg
B0B1ZHHTTQ,akdjgakjg
B0B1WDQ9VD,akdjgakjg
B09ZVJF3RB,akdjgakjg
B09Z6ZFYCM,akdjgakjg
B09WV1DLYV,akdjgakjg
B09QT6BS7N,akdjgakjg
B09M8M2D1N,akdjgakjg
B08QCC8JPZ,akdjgakjg
B0C1R99PG2,akdjgakjg
B01H5UNK18,akdjgakjg
B000AZHOT0,akdjgakjg
B08KGHJJC3,akdjgakjg
B073CHSPX9,akdjgakjg
B0148O44AA,akdjgakjg
B0BGL1KQRY,akdjgakjg
B089T8VW27,akdjgakjg
B084MMQ2NS,akdjgakjg
B07RSH5GDN,akdjgakjg
B07PGBCMV2,akdjgakjg
B07HMKYFN2,akdjgakjg
B077D8R3Z6,akdjgakjg
B003V8AKJ4,akdjgakjg
B001LQXUU4,akdjgakjg
B07DB6BL48,akdjgakjg
B07BS34M9H,akdjgakjg
B007ZQX734,akdjgakjg
B0DWQ826XV,akdjgakjg
B0DL5M7K6N,akdjgakjg
B0DK6YYZF3,akdjgakjg
B0DJG7VBVD,akdjgakjg
B0DCML1XHD,akdjgakjg
B0DBH8L54Y,akdjgakjg
B0D5QN6MRW,akdjgakjg
B0D3LJG94C,akdjgakjg
B0CY98P9KX,akdjgakjg
B0CW3F6B1Q,akdjgakjg
B0CNJGHTM7,akdjgakjg
B0CMT27HM1,akdjgakjg
B0CLV67QRW,akdjgakjg
B0CYWXR9K1,akdjgakjg
B0CV5NS5WJ,akdjgakjg
B0CL93L8KK,akdjgakjg
B0CCKG2R2T,akdjgakjg
B0C81LZ7K6,akdjgakjg
B0B87ZCN7T,akdjgakjg
B09Z7TWF3G,akdjgakjg
B09WGVQJGW,akdjgakjg
B09C61FNZD,akdjgakjg
B08TVPB9N9,akdjgakjg
B08RMXVTDT,akdjgakjg
B08QD6SL9N,akdjgakjg
B08BCSJCDR,akdjgakjg
B07L7RPPD5,akdjgakjg
B07JYJJBTQ,akdjgakjg
B07GX9Z8S4,akdjgakjg
B0CT29WXJY,akdjgakjg
B0C4SFF5CZ,akdjgakjg
B0BRKPRBNV,akdjgakjg
B0BC1GJ2PD,akdjgakjg
B0B7XHRFKL,akdjgakjg
B08THL37GW,akdjgakjg
B08RWVR1TC,akdjgakjg
B089QH2SV8,akdjgakjg
B0838DV3WV,akdjgakjg
B01M14TCZ9,akdjgakjg
B01ELOUC30,akdjgakjg
B01E0HWN2G,akdjgakjg
B002EO555U,akdjgakjg
B0D54FHLK1,akdjgakjg
B09JB7SLYV,akdjgakjg
B09HRCWMWF,akdjgakjg
B0991WB957,akdjgakjg
B093FLQ9D3,akdjgakjg
B08TM3T1XN,akdjgakjg
B08R6VDV6L,akdjgakjg
B08QGB5G1L,akdjgakjg
B08LZKRQQM,akdjgakjg
B08HDJ571V,akdjgakjg
B08FMD916V,akdjgakjg
B08FCD3JH7,akdjgakjg
B088P72CQM,akdjgakjg
B081SQBRCT,akdjgakjg
B081H5XDYH,akdjgakjg
B07WHKL487,akdjgakjg
B07MC6N759,akdjgakjg
B07HHV3S6M,akdjgakjg
B07GDV5YT2,akdjgakjg
B07D9KBZFX,akdjgakjg
B079G58P3B,akdjgakjg
B079FGLRST,akdjgakjg
B076DTCDS2,akdjgakjg
B01NCDYPZ4,akdjgakjg
B01ABP5ZLC,akdjgakjg
B007IXIZDQ,akdjgakjg
B07YCR7FB6,akdjgakjg
B07ZPPRLC6,akdjgakjg
B09B6Y2JRS,akdjgakjg
B098NTT8X5,akdjgakjg
B083Q84S9F,akdjgakjg
B0D5HGVLV9,akdjgakjg
B07MMQQ1Y7,akdjgakjg
B0105VXV2M,akdjgakjg
B091DR4P61,akdjgakjg
B09Y5Z55KX,akdjgakjg
B0CD81J6MR,akdjgakjg
B08MTSKT28,akdjgakjg
B0CHMK2NFL,akdjgakjg
B07D3GM1J7,akdjgakjg
B09ZVLYVFC,akdjgakjg
B07T81TLT1,akdjgakjg
B08KXNLS99,akdjgakjg
B07TWV1HFZ,akdjgakjg
B0DNRZRPX6,akdjgakjg
B0C4694M7B,akdjgakjg
B07L4RZ3KC,akdjgakjg
B0BY2KQ5G4,akdjgakjg
B07Q3HV755,akdjgakjg
B0BX4SBFYQ,akdjgakjg
B0C56QT24P,akdjgakjg
B0BSDVHLZH,akdjgakjg
B0D2R4W6WB,akdjgakjg
B0B7SNLDDW,akdjgakjg
B0CN31YS84,akdjgakjg
B09K931W36,akdjgakjg
B08KXJ8K1N,akdjgakjg
B08YDF9XDK,akdjgakjg
B07CYKWSJX,akdjgakjg
B06XXL5RMG,akdjgakjg
B01NAYNAH5,akdjgakjg
B01JRK3WSU,akdjgakjg
B01HSMZTS0,akdjgakjg
B0175RYHEK,akdjgakjg
B004TS2JEO,akdjgakjg
B07SX8BT6B,akdjgakjg
B0CJN8ZYCB,akdjgakjg
B0BYP9LT3J,akdjgakjg
B08T9QX13V,akdjgakjg
B0BLXNPX8V,akdjgakjg
B017L40LNS,akdjgakjg
B0DDXX1GHQ,akdjgakjg
B0B1J6XGN7,akdjgakjg
B08FXNNH76,akdjgakjg
B096MWGT56,akdjgakjg
B07Q2MRTXQ,akdjgakjg
B091JVS2YW,akdjgakjg
B07SW3R6B5,akdjgakjg
B08QF4FCK8,akdjgakjg
B0CFV8ZWT1,akdjgakjg
B08LGKX3HX,akdjgakjg
B006VCW0O0,akdjgakjg
B08Y1LRH9V,akdjgakjg
B08TR614PK,akdjgakjg
B08KFQ6T61,akdjgakjg
B0B55Y5SM6,akdjgakjg
B08BL72J44,akdjgakjg
B088BCF345,akdjgakjg
B084DCPVFX,akdjgakjg
B005K2WFSI,akdjgakjg
B082J5HLQC,akdjgakjg
B0CSP97C75,akdjgakjg
B07TJLXFPF,akdjgakjg
B08YNL3VZ6,akdjgakjg
B07RF8CZZS,akdjgakjg
B07H4Z91ND,akdjgakjg
B07K3VFMKL,akdjgakjg
B0D1B2NGVG,akdjgakjg
B0CNX3JZWJ,akdjgakjg
B0CMH5TSP9,akdjgakjg
B0B38DZN2W,akdjgakjg
B09PNF7F76,akdjgakjg
B07WGZ9VCL,akdjgakjg
B07KNNBWDP,akdjgakjg
B071WBVVD4,akdjgakjg
B00VMU0F3O,akdjgakjg
B00RSIKIMW,akdjgakjg
B00PZLOVJK,akdjgakjg
B0D12NPK5P,akdjgakjg
B0CYSP9YX5,akdjgakjg
B0CN47VH6H,akdjgakjg
B0BZCSJTT5,akdjgakjg
B0B5XC37Y1,akdjgakjg
B09B38FJC4,akdjgakjg
B01BI7F2WE,akdjgakjg
B071JP2RPS,akdjgakjg
B0CRB25P45,akdjgakjg
B0B7WVQTFV,akdjgakjg
B07GNBWVWQ,akdjgakjg
B0CJXVG781,akdjgakjg
B07JRBHHQM,akdjgakjg
B07N14CVCR,akdjgakjg
B09FTPFFXP,akdjgakjg
B0C3R31RJV,akdjgakjg
B08DG642KT,akdjgakjg
B09ZDLT7YM,akdjgakjg
B07PG86D28,akdjgakjg
B0DMVWQL8Y,akdjgakjg
B005GYBHVG,akdjgakjg
B0D2M5S4X6,akdjgakjg
B0D1KBQ215,akdjgakjg
B0D1FQSVQJ,akdjgakjg
B0CWP2M4Z1,akdjgakjg
B0CRVMVGYM,akdjgakjg
B0CQGFDW19,akdjgakjg
B0CNSVW92W,akdjgakjg
B0CM3PPDHX,akdjgakjg
B0CJ2TQJNV,akdjgakjg
B0CHJ11PL3,akdjgakjg
B0CFDZRNCZ,akdjgakjg
B0CF6B1YTF,akdjgakjg
B0CCRG732L,akdjgakjg
B0CCJB6MNZ,akdjgakjg
B0C8TFXTVV,akdjgakjg
B0C81DY4DF,akdjgakjg
B0C785MRYB,akdjgakjg
B0C5VLVW8Y,akdjgakjg
B0C55F82GX,akdjgakjg
B0C1C7Y9K5,akdjgakjg
B0BVZ4FKPG,akdjgakjg
B0BR6GNTN9,akdjgakjg
B0BN5JWF9Q,akdjgakjg
B0BN17P36X,akdjgakjg
B0BLSB69BT,akdjgakjg
B0BCVXWYMF,akdjgakjg
B0BB6W9V1N,akdjgakjg
B0B5T3V9PP,akdjgakjg
B09YH96L4W,akdjgakjg
B09XDWCZN1,akdjgakjg
B09TKMD95K,akdjgakjg
B09PQT7F8H,akdjgakjg
B07JLBJVSX,akdjgakjg
B07G26VP8J,akdjgakjg
B07BV1PRMZ,akdjgakjg
B074HJ8MBB,akdjgakjg
B074DZH7FM,akdjgakjg
B01FGPS0N2,akdjgakjg
B00VMU085E,akdjgakjg
B00VIRWTOY,akdjgakjg
B00F7SQ34C,akdjgakjg
B09HZ17BR9,akdjgakjg
B09FL1PYWT,akdjgakjg
B09CZ9BLGD,akdjgakjg
B09C5Y7WQ9,akdjgakjg
B097QDTQ6V,akdjgakjg
B096YHLZRJ,akdjgakjg
B094ZGQFVC,akdjgakjg
B094VCVZ5N,akdjgakjg
B091QBKXPX,akdjgakjg
B08L2589C3,akdjgakjg
B08F9ZLHS2,akdjgakjg
B08CDWLDP1,akdjgakjg
B0837N9PCZ,akdjgakjg
B081H628CF,akdjgakjg
B07W96BCC7,akdjgakjg
B07QMSZT2S,akdjgakjg
B08F3JLJYQ,akdjgakjg
B072FCKRKQ,akdjgakjg
B08CXQLDKC,akdjgakjg
B088P8GZBR,akdjgakjg
B084DBH5H7,akdjgakjg
B01LYEML1W,akdjgakjg
B07FZY2H1P,akdjgakjg
B01884OU82,akdjgakjg
B07F2FNKY9,akdjgakjg
B002IVAP04,akdjgakjg
B073XQJM6Q,akdjgakjg
B0CN68ZKNS,akdjgakjg
B01NAV2MAT,akdjgakjg
B07PNCDW6V,akdjgakjg
B09WMVQ451,akdjgakjg
B01L90K35G,akdjgakjg
B0CS9MH48H,akdjgakjg
B08D7C72F7,akdjgakjg
B0BSDTQDG9,akdjgakjg
B07J9HWJQ9,akdjgakjg
B0B7KYZN3F,akdjgakjg
B0166PZXI6,akdjgakjg
B09HBXSHVM,akdjgakjg
B08ZCNNG8T,akdjgakjg
B091JTB6FJ,akdjgakjg
B0749KZVH4,akdjgakjg
B091J8KNXW,akdjgakjg
B0C5PZ6XCK,akdjgakjg
B08YDQ5TQC,akdjgakjg
B01N5LK3BL,akdjgakjg
B08M3NZV4M,akdjgakjg
B0B4NF9JCJ,akdjgakjg
B0DHVW54TY,akdjgakjg
B0846QHM1L,akdjgakjg
B0DH1M6XHP,akdjgakjg
B07C66GZ71,akdjgakjg
B085G1G92N,akdjgakjg
B06XWLMGJV,akdjgakjg
B09NQTN9K9,akdjgakjg
B08RX3Z8SV,akdjgakjg
B07D74K12G,akdjgakjg
B07GSMN4GL,akdjgakjg
B0CHS2TRXP,akdjgakjg
B0D5GM2PDF,akdjgakjg
B093VJMG56,akdjgakjg
B0D9W1KQ5N,akdjgakjg
B0894SLZ9F,akdjgakjg
B07TDJTYNV,akdjgakjg
B0BXCQBT9W,akdjgakjg
B07R7V3Q5J,akdjgakjg
B074WG51XY,akdjgakjg
B0147TRAXO,akdjgakjg
B0DHVQNYVV,akdjgakjg
B071ZRY284,akdjgakjg
B00VT253CS,akdjgakjg
B0CXJBPLL8,akdjgakjg
B0CQM2931W,akdjgakjg
B09Q35B3M2,akdjgakjg
B083FJN4V1,akdjgakjg
B079VQF4TC,akdjgakjg
B01BKZ5AHQ,akdjgakjg
B0C7BP81FR,akdjgakjg
B095Y1WCF6,akdjgakjg
B08RZ9L9QV,akdjgakjg
B09RNFFJVT,akdjgakjg
B09FFSDDP1,akdjgakjg
B08LBFXLTQ,akdjgakjg
B08B1CCMMD,akdjgakjg
B07P8H71RF,akdjgakjg
B01HMESZQ2,akdjgakjg
B00KU5A654,akdjgakjg
B0093YJ6V8,akdjgakjg
B0DZTCP4M8,akdjgakjg
B0DQKFT63Z,akdjgakjg
B0DDXWNYHY,akdjgakjg
B0DDXTZ3FH,akdjgakjg
B0D499Y3MY,akdjgakjg
B0D3Q4FFRW,akdjgakjg
B0D3KWNQ7R,akdjgakjg
B0D3HPQGCK,akdjgakjg
B0858C5XPD,akdjgakjg
B07QDGCD8H,akdjgakjg
B076JL8LBW,akdjgakjg
B003B0DCAQ,akdjgakjg
B0018ZIU3K,akdjgakjg
B0CRNY65XZ,akdjgakjg
B0C73QTB9Z,akdjgakjg
B0BC8KX3R9,akdjgakjg
B09ZXDJRTT,akdjgakjg
B099YFYZGL,akdjgakjg
B099DX1NYQ,akdjgakjg
B0956SM3K2,akdjgakjg
B08PKPT2VT,akdjgakjg
B085WLLPKW,akdjgakjg
B083FJ7GKR,akdjgakjg
B07N1SBSMS,akdjgakjg
B07GBY6TKH,akdjgakjg
B07HHYP89Z,akdjgakjg
B0C4L8J9P5,akdjgakjg
B09XJHQ7PZ,akdjgakjg
B0B6BWQB1F,akdjgakjg
B0CP7VY8YG,akdjgakjg
B08Z7368ST,akdjgakjg
B07Y8B3T44,akdjgakjg
B0986N6LHQ,akdjgakjg
B09QKJ7GMZ,akdjgakjg
B097SLFJ1H,akdjgakjg
B009SYTYVA,akdjgakjg
B06VWJQZCP,akdjgakjg
B08C9NSYZC,akdjgakjg
B0DHC61MT9,akdjgakjg
B073V3W83Z,akdjgakjg
B0B64B6G4T,akdjgakjg
B09V4PQB5V,akdjgakjg
B0BNL14XT9,akdjgakjg
B00DDXJMW8,akdjgakjg
B0CR6NDWMW,akdjgakjg
B09HR8MFPR,akdjgakjg
B0BDHL1KBK,akdjgakjg
B07DFRLYYV,akdjgakjg
B00A36SL4S,akdjgakjg
B0CGLYVNVZ,akdjgakjg
B09QQSVKVX,akdjgakjg
B09MYP5ZBZ,akdjgakjg
B09BL5SHHB,akdjgakjg
B08M3TTD21,akdjgakjg
B07Y65HVZQ,akdjgakjg
B06VYG3163,akdjgakjg
B071463HWK,akdjgakjg
B06Y1CYDN3,akdjgakjg
B00M23TYBO,akdjgakjg
B0D6XXNW3R,akdjgakjg
B0CL5W7D8Z,akdjgakjg
B0CGCPW1S2,akdjgakjg
B0CCKQT586,akdjgakjg
B0BCFV6TVN,akdjgakjg
B09Y1VCWTG,akdjgakjg
B09SGM9L6L,akdjgakjg
B07MZJ1HG6,akdjgakjg
B07D8ZWD29,akdjgakjg
B074WFKKNY,akdjgakjg
B071FS2CQ3,akdjgakjg
B00402NOS4,akdjgakjg
B0DWK3N78X,akdjgakjg
B0DQDFGB1S,akdjgakjg
B0DK524SK1,akdjgakjg
B0DK19TF3X,akdjgakjg
B0DJX5KH15,akdjgakjg
B0DGTNMZXZ,akdjgakjg
B0DDPC3PX4,akdjgakjg
B0DDCK9GQ3,akdjgakjg
B0D9VNHK5C,akdjgakjg
B0D6F8G5GH,akdjgakjg
B0D5R687SD,akdjgakjg
B0CYSXFW5J,akdjgakjg
B0CY5K8NMV,akdjgakjg
B0CWKTMW31,akdjgakjg
B0CR9XL4KG,akdjgakjg
B0CM331MK5,akdjgakjg
B0CL5QMSSJ,akdjgakjg
B0CK7MRN49,akdjgakjg
B0CJRWXKY7,akdjgakjg
B0CHM3VV1F,akdjgakjg
B0CHJ53MH2,akdjgakjg
B0CBSKNRXS,akdjgakjg
B0C9CW9F8D,akdjgakjg
B0C23WJ9T3,akdjgakjg
B0BZTKL78P,akdjgakjg
B0BZNL5Y24,akdjgakjg
B0BY1DWNJZ,akdjgakjg
B0BXCF92TD,akdjgakjg
B0BX5YVJ76,akdjgakjg
B0BQ99VDPZ,akdjgakjg
B0BN5H3NGK,akdjgakjg
B0BN17XWSH,akdjgakjg
B0BL11CK8Y,akdjgakjg
B0B71NKDP4,akdjgakjg
B0B5XFGB5V,akdjgakjg
B09ZPPXHWH,akdjgakjg
B09YCS3N89,akdjgakjg
B09QBBFVC5,akdjgakjg
B09P15HYZF,akdjgakjg
B09H3MTC4C,akdjgakjg
B08RCLXYZ9,akdjgakjg
B08HVNXH2Z,akdjgakjg
B087JB4TGR,akdjgakjg
B081VMXTK8,akdjgakjg
B07XSMJFHW,akdjgakjg
B07V6L7W41,akdjgakjg
B07SB1L3FW,akdjgakjg
B07S731HVV,akdjgakjg
B07FCL6M9X,akdjgakjg
B07X6PP17M,akdjgakjg
B00XSTAC12,akdjgakjg
B0BTS1P85B,akdjgakjg
B07KCQC265,akdjgakjg
B0BJS7L8CD,akdjgakjg
B08GBRZ1PZ,akdjgakjg
B088TQHGH7,akdjgakjg
B085B23JGD,akdjgakjg
B0859JGR2P,akdjgakjg
B0C4KY279L,akdjgakjg
B0BWDHR3K8,akdjgakjg
B0B4N9JNFP,akdjgakjg
B09YP9P36R,akdjgakjg
B071RN8Z3N,akdjgakjg
B0118FOA0G,akdjgakjg
B0DP3WF8P1,akdjgakjg
B06XWGTG53,akdjgakjg
B01G8XYSZA,akdjgakjg
B018097C7Q,akdjgakjg
B00X464BVG,akdjgakjg
B00TDMA1XW,akdjgakjg
B00EVHCQ4G,akdjgakjg
B001KW5YE4,akdjgakjg
B0002F5G6Q,akdjgakjg
B0D2HJKKSS,akdjgakjg
B0DGGGRSN1,akdjgakjg
B088WSYS3M,akdjgakjg
B0CDRLVNB4,akdjgakjg
B07V6THKL9,akdjgakjg
B09YQDG2C1,akdjgakjg
B091KN84QG,akdjgakjg
B0CN5NDY1K,akdjgakjg
B0B58Y3L5K,akdjgakjg
B098NK5BK9,akdjgakjg
B00EVZOBX2,akdjgakjg
B09H6JTVZ8,akdjgakjg
B07LFQ2MQL,akdjgakjg
B07B8DZHQH,akdjgakjg
B07DJZCGDZ,akdjgakjg
B0C3RFX5VB,akdjgakjg
B0DQ13LYTY,akdjgakjg
B07D6MBSG8,akdjgakjg
B0CQFX73K7,akdjgakjg
B07J9RFSNY,akdjgakjg
B0CMXM6CVJ,akdjgakjg
B0BG3YP3V1,akdjgakjg
B0C92GNWN3,akdjgakjg
B07GXZVH2Q,akdjgakjg
B0BSDWDCLZ,akdjgakjg
B0B93NSP9C,akdjgakjg
B0992Z5CHY,akdjgakjg
B09T2VFWG3,akdjgakjg
B08Z3LQ9MH,akdjgakjg
B07ZVH8X2M,akdjgakjg
B084DCHC5R,akdjgakjg
B01GKDBEM8,akdjgakjg
B07W838ZXZ,akdjgakjg
B07DBQKG1P,akdjgakjg
B07SND5X3N,akdjgakjg
B01MFGEKZO,akdjgakjg
B07NVH9JJS,akdjgakjg
B08QQ5T8GD,akdjgakjg
B07G4HQJ97,akdjgakjg
B081RFMZJB,akdjgakjg
B07F2K5HVP,akdjgakjg
B0D1FFHK9M,akdjgakjg
B07CMWDR8F,akdjgakjg
B09CYMNFL6,akdjgakjg
B01M7RVYUQ,akdjgakjg
B0CNX6QSNB,akdjgakjg
B0BJ221GT5,akdjgakjg
B07VW6HS6Q,akdjgakjg
B0CQ25RCT7,akdjgakjg
B0BW162X56,akdjgakjg
B08T8749G8,akdjgakjg
B08HRT9ZTB,akdjgakjg
B08C677KY9,akdjgakjg
B087QVH5QN,akdjgakjg
B07Q11C5SN,akdjgakjg
B079JZF7NS,akdjgakjg
B0BZ7WQYT4,akdjgakjg
B0BLHBZMC1,akdjgakjg
B08Q5SWZ8Y,akdjgakjg
B079ZMHN63,akdjgakjg
B01N6BABTD,akdjgakjg
B015NM4528,akdjgakjg
B002483SRI,akdjgakjg
B0CNTY8W77,akdjgakjg
B0C63C9KXJ,akdjgakjg
B0BMF1YKQP,akdjgakjg
B08G4DC2ZJ,akdjgakjg
B074N3ZGWF,akdjgakjg
B00LH1NMV0,akdjgakjg
B0B3TXWBZP,akdjgakjg
B087T3BH9B,akdjgakjg
B0B7K8SDFQ,akdjgakjg
B08PKPR3SK,akdjgakjg
B01884OU6Y,akdjgakjg
B0BBVL6B18,akdjgakjg
B08QJ1LC5H,akdjgakjg
B08Q3LY3MW,akdjgakjg
B07JZH9WXL,akdjgakjg
B079VQLZJT,akdjgakjg
B00NAQ2EKK,akdjgakjg
B0DPG2HZ12,akdjgakjg
B0DM1PR2ZD,akdjgakjg
B0DJX77483,akdjgakjg
B0DBLFKNM3,akdjgakjg
B0D7PGKZ6C,akdjgakjg
B0D3KYPB99,akdjgakjg
B0D2XM6KVQ,akdjgakjg
B0D26245BX,akdjgakjg
B0D1XWLQ5S,akdjgakjg
B0D1QH1YMT,akdjgakjg
B0CYT1PZY1,akdjgakjg
B0CWXL68Y1,akdjgakjg
B0CWNF1ZNB,akdjgakjg
B0CRGYLRQS,akdjgakjg
B0CR9XZ9Y8,akdjgakjg
B0CF56S8Y5,akdjgakjg
B09G5LHPGH,akdjgakjg
B07JJ4X5H8,akdjgakjg
B002QOOYEQ,akdjgakjg
B089ZS91W1,akdjgakjg
B079HL1PN9,akdjgakjg
B0D5LRZ4GJ,akdjgakjg
B09HC5PVQN,akdjgakjg
B0BDVXB3T7,akdjgakjg
B09PBQFPYF,akdjgakjg
B093GYYSQM,akdjgakjg
B07V6JNK3G,akdjgakjg
B08LW448L6,akdjgakjg
B07JQD74BB,akdjgakjg
B007577NLU,akdjgakjg
B08F7XLZC8,akdjgakjg
B01JW2K1BO,akdjgakjg
B0BXX4QG6Y,akdjgakjg
B0BFBRLML4,akdjgakjg
B09ZXJGV73,akdjgakjg
B09J241WRJ,akdjgakjg
B099NWHH6B,akdjgakjg
B098PSV9XL,akdjgakjg
B08SHBZ1TB,akdjgakjg
B08GKLS81X,akdjgakjg
B07SCMSMBK,akdjgakjg
B07N7F88RB,akdjgakjg
B07K1XGCHC,akdjgakjg
B07JKM667H,akdjgakjg
B073317HR3,akdjgakjg
B018RS0AW4,akdjgakjg
B0DRTYDGSW,akdjgakjg
B0DQHDZDWB,akdjgakjg
B0CCPG86CH,akdjgakjg
B0CBFRNPNC,akdjgakjg
B0C9LC8NJQ,akdjgakjg
B0C7QMPSLM,akdjgakjg
B0C5QJMXRH,akdjgakjg
B0C4B8K7C3,akdjgakjg
B0C1GMXY1F,akdjgakjg
B0BYZH5XTH,akdjgakjg
B0BRY64MGW,akdjgakjg
B0BQ1Q4JKL,akdjgakjg
B0BPD2G4RG,akdjgakjg
B0BJSK98JK,akdjgakjg
B0BJDK5LWP,akdjgakjg
B0BC13JG9W,akdjgakjg
B0B6QQ388D,akdjgakjg
B0B4L2FHLW,akdjgakjg
B0B427GJ5Y,akdjgakjg
B0B23TP15K,akdjgakjg
B09YRPLRCP,akdjgakjg
B09V58R3LF,akdjgakjg
B09R6ZN3CZ,akdjgakjg
B09NNZ3FLD,akdjgakjg
B099NBVYKH,akdjgakjg
B08RSW7RMQ,akdjgakjg
B08P2PB8MQ,akdjgakjg
B08FX99WRQ,akdjgakjg
B083BTQWHQ,akdjgakjg
B082B7M6TY,akdjgakjg
B0748MP6DT,akdjgakjg
B01F7Q5VIM,akdjgakjg
B01BQ6G9A6,akdjgakjg
B00F3LABSM,akdjgakjg
B07RNDCLDR,akdjgakjg
B0002IKANW,akdjgakjg
B0C4V35V11,akdjgakjg
B07DK422QT,akdjgakjg
B073ZN3DKF,akdjgakjg
B07PXM7K2D,akdjgakjg
B08FSYGZTY,akdjgakjg
B0CC29XVD2,akdjgakjg
B0C7XKHD46,akdjgakjg
B07TLF42JQ,akdjgakjg
B0BRTT4FD5,akdjgakjg
B0CGTWQ8T3,akdjgakjg
B079QBCPK3,akdjgakjg
B09QMR3XQR,akdjgakjg
B09MFB93H1,akdjgakjg
B0D9N2X9LC,akdjgakjg
B08TW8RQXN,akdjgakjg
B08549WMBK,akdjgakjg
B08RR5C63T,akdjgakjg
B0BXWTP4KM,akdjgakjg
B07T4ZWR6H,akdjgakjg
B07S1CMZJ8,akdjgakjg
B01JS7FBEA,akdjgakjg
B074WLJMMZ,akdjgakjg
B00CKXXMMI,akdjgakjg
B01NAEGNSC,akdjgakjg
B00CH27Q7O,akdjgakjg
B0BLTS4QXK,akdjgakjg
B005ZHYE0A,akdjgakjg
B0DGFF7V35,akdjgakjg
B0785P5D35,akdjgakjg
B081B9N635,akdjgakjg
B0B872SXHY,akdjgakjg
B088TNLXSN,akdjgakjg
B0D7LWX5M9,akdjgakjg
B00WHJ2ZGY,akdjgakjg
B0CRTY8SPW,akdjgakjg
B07YLFS3WB,akdjgakjg
B0CHMZNKDB,akdjgakjg
1601255381,akdjgakjg
B0CBK6CNPV,akdjgakjg
B07R2FCWXK,akdjgakjg
B097QWY42W,akdjgakjg
B09S3NHM6W,akdjgakjg
B091WXWQ7H,akdjgakjg
B08YJ58NB1,akdjgakjg
B08WLWMKHS,akdjgakjg
B07PDTMX9F,akdjgakjg
B0829HH2HH,akdjgakjg
B0819NS7NM,akdjgakjg
B07MKTBL13,akdjgakjg
B097FFD6Y3,akdjgakjg
B0D3ZQ165Z,akdjgakjg
B0BXL8KSY3,akdjgakjg
B0B84H6FCD,akdjgakjg
B09ZB6JHC5,akdjgakjg
B09WH2QQFR,akdjgakjg
B09QW5RFJS,akdjgakjg
B08XN89FTB,akdjgakjg
B08SWBPWFS,akdjgakjg
B08P26GSYT,akdjgakjg
B08DHNV4BZ,akdjgakjg
B088KV34DN,akdjgakjg
B07JZGHHFM,akdjgakjg
B007SNF88G,akdjgakjg
B09SYWQ1QL,akdjgakjg
B0CX6DRMB1,akdjgakjg
B0BHRYHFF2,akdjgakjg
B0CDH7LTVF,akdjgakjg
B07PT5MT4H,akdjgakjg
B07NSRLXWL,akdjgakjg
B0C7V3LNM4,akdjgakjg
B073WFS69L,akdjgakjg
B01HXD6U5A,akdjgakjg
B0CQZNB4Q2,akdjgakjg
B07Y47451C,akdjgakjg
B01HRIKMNC,akdjgakjg
B09BCV6YJ6,akdjgakjg
B01N4VBR3W,akdjgakjg
B08L5D67GD,akdjgakjg
B0844VXGFK,akdjgakjg
B01NASX954,akdjgakjg
B0BLLQW5XG,akdjgakjg
B0899M5Z8D,akdjgakjg
B003YKGS2C,akdjgakjg
B0DQVBPMVL,akdjgakjg
B091YQN85C,akdjgakjg
B0893YLVVZ,akdjgakjg
B0DRXNTSX5,akdjgakjg
B00KQ6BTQM,akdjgakjg
B09XXKJQXD,akdjgakjg
B0CZ458VHT,akdjgakjg
B09CYN1CCX,akdjgakjg
B08YWBPVZ3,akdjgakjg
B06XW2P26Y,akdjgakjg
B09J29ZXGR,akdjgakjg
B0DFWL97W3,akdjgakjg
B0DBHSGJH3,akdjgakjg
B0D97CBB45,akdjgakjg
B0D7ZZ2RX5,akdjgakjg
B0D7T4VQJ2,akdjgakjg
B0D3T11M3J,akdjgakjg
B0D2Y2GFH5,akdjgakjg
B0D1VBNDW5,akdjgakjg
B0CXSF8V3C,akdjgakjg
B0CWS62892,akdjgakjg
B0CVZX7R5M,akdjgakjg
B0CVXBM3XX,akdjgakjg
B0CRM8PG5K,akdjgakjg
B0CN9FPR7B,akdjgakjg
B0CJM831T1,akdjgakjg
B0CDPCR21S,akdjgakjg
B07B8HT6WG,akdjgakjg
B01MS4IJQH,akdjgakjg
B0081TVYVG,akdjgakjg
B0CSYNZR3L,akdjgakjg
B0CR8BVPX8,akdjgakjg
B0CNLB6PYF,akdjgakjg
B0CGCNL1VG,akdjgakjg
B0BPN8HJ93,akdjgakjg
B0939QNBYC,akdjgakjg
B08V5M9VK1,akdjgakjg
B08S75HXGZ,akdjgakjg
B08C4ZZ44W,akdjgakjg
B07FRDLRMV,akdjgakjg
B0719X79GH,akdjgakjg
B00AQ0X9IY,akdjgakjg
B0DP6GSG9F,akdjgakjg
B08WR8VJ58,akdjgakjg
B08GK9B3Q5,akdjgakjg
B08FD57VWD,akdjgakjg
B08CTPXGSC,akdjgakjg
B087RHTMN7,akdjgakjg
B085S8LJY4,akdjgakjg
B07ZPF5QSM,akdjgakjg
B07WZH5QB2,akdjgakjg
B07WPDP7CN,akdjgakjg
B07WFKLJQX,akdjgakjg
B07Q4CD7ZR,akdjgakjg
B07PYP916J,akdjgakjg
B07MKMGV44,akdjgakjg
B07DD8TMNH,akdjgakjg
B075ZMMKMV,akdjgakjg
B0B6H8VSFR,akdjgakjg
B0B378XZXV,akdjgakjg
B0B2RD776V,akdjgakjg
B09ZP8964Y,akdjgakjg
B09ZGXNT8N,akdjgakjg
B09YHM391T,akdjgakjg
B09XF2PJRL,akdjgakjg
B09TG5JQN8,akdjgakjg
B09N3GT3PK,akdjgakjg
B09LBT1TG8,akdjgakjg
B09CZJLQWG,akdjgakjg
B09BFBTSY1,akdjgakjg
B099T1XFPW,akdjgakjg
B098PZ93MP,akdjgakjg
B096M5J3KJ,akdjgakjg
B08YQYBJCX,akdjgakjg
B06XH3SNCN,akdjgakjg
B06WWHHKHJ,akdjgakjg
B01JRK5YAO,akdjgakjg
B0047ALWSS,akdjgakjg
B00402NS94,akdjgakjg
B00359NLRM,akdjgakjg
B0CJB8YHXY,akdjgakjg
B078J9BYYZ,akdjgakjg
B0915ZDMJ6,akdjgakjg
B06XQBLKH1,akdjgakjg
B0BN3VVC6X,akdjgakjg
B0D38CCP4Y,akdjgakjg
B0038JDEOY,akdjgakjg
B0BN3D8FZM,akdjgakjg
B0BZ4DB85H,akdjgakjg
B0B4BJ353W,akdjgakjg
B0CWRLK12Q,akdjgakjg
B0845X9FF2,akdjgakjg
B0CR8WYNT9,akdjgakjg
B08PQ4RT21,akdjgakjg
B071WTG6C3,akdjgakjg
B0D6JY8T53,akdjgakjg
B08N5GLR8N,akdjgakjg
B08GSP46FH,akdjgakjg
B084ZY9LG5,akdjgakjg
B071NFLB4Q,akdjgakjg
B01LZ5Y51H,akdjgakjg
B0BMW9W4NQ,akdjgakjg
B09L7T8TMB,akdjgakjg
B07T5JYGLP,akdjgakjg
B01MRUVZF7,akdjgakjg
B0DKBR8RTF,akdjgakjg
B0DGVXLJ1J,akdjgakjg
B0D3HBK7GV,akdjgakjg
B0D1N8K2YC,akdjgakjg
B0CWTTDXJV,akdjgakjg
B0CKMX593B,akdjgakjg
B0BCK1Z53P,akdjgakjg
B0BBSDTLBL,akdjgakjg
B09WJRZGWY,akdjgakjg
B085KZYWKY,akdjgakjg
B07Y46GVF3,akdjgakjg
B00I5UKNBI,akdjgakjg
B00GO5XE30,akdjgakjg
B001D4XJ14,akdjgakjg
B0DR8NFB2T,akdjgakjg
B0DQD2GCM6,akdjgakjg
B0DQ66YYS6,akdjgakjg
B0DQ617QZ3,akdjgakjg
B0DPL9BK9N,akdjgakjg
B0DJM9XW2Y,akdjgakjg
B0DJG7D3K6,akdjgakjg
B0DHCNW3X6,akdjgakjg
B0DHC6GS1K,akdjgakjg
B0C2CPFC6X,akdjgakjg
B0BR9BY9J6,akdjgakjg
B0CCDGBYW6,akdjgakjg
B0CJCQX5BW,akdjgakjg
B0CS2T27L2,akdjgakjg
B07X1TYGX7,akdjgakjg
B0CCDCT85V,akdjgakjg
B079MQZBXS,akdjgakjg
B0BY21K94B,akdjgakjg
B09MQ31ZFD,akdjgakjg
B0B4WTHQ78,akdjgakjg
B000NSVYO0,akdjgakjg
B08C53DKZR,akdjgakjg
B08ZHRZM9D,akdjgakjg
B01N4ANAPU,akdjgakjg
B0BS3VNZRD,akdjgakjg
B08LT9FLRT,akdjgakjg
B005VAI6AU,akdjgakjg
B0CCVTBJ53,akdjgakjg
B072DR42MH,akdjgakjg
B09FK5Z4H3,akdjgakjg
B09N9QD4C8,akdjgakjg
B0849WD1R5,akdjgakjg
B07TB37S9M,akdjgakjg
B09WK61KJC,akdjgakjg
B09WDKGVC5,akdjgakjg
B07HQB8T9G,akdjgakjg
B0D1V6615X,akdjgakjg
B07Z7S8DGB,akdjgakjg
B0B7RLDFFD,akdjgakjg
B0BN1Z616X,akdjgakjg
B0B8RFFFQ9,akdjgakjg
B0DFWGTC11,akdjgakjg
B0DD4G1WLB,akdjgakjg
B0DBZDJXSR,akdjgakjg
B0D9PQSJ85,akdjgakjg
B0D9L6G7SR,akdjgakjg
B0D8VZ6BC7,akdjgakjg
B0D8T58ZDF,akdjgakjg
B0D8KCGWHV,akdjgakjg
B0D6VRPY6B,akdjgakjg
B0D56LB779,akdjgakjg
B0D4YRBCX5,akdjgakjg
B0D3F59YM3,akdjgakjg
B0D3917RLR,akdjgakjg
B0D38YNWMS,akdjgakjg
B0D2V6V5D2,akdjgakjg
B0CZFR649R,akdjgakjg
B0C611T5FT,akdjgakjg
B0C5C2BPGG,akdjgakjg
B0C3B3LBBL,akdjgakjg
B0C36L27TY,akdjgakjg
B0BWR3KHXJ,akdjgakjg
B0BV95FZKR,akdjgakjg
B0BQ3RPBFW,akdjgakjg
B0BM9Q6PQ2,akdjgakjg
B0B7TFRXYD,akdjgakjg
B0B5S6SPDK,akdjgakjg
B09XTP31SD,akdjgakjg
B09HBXT2D6,akdjgakjg
B08G84P1M5,akdjgakjg
B084HJPZ1F,akdjgakjg
B084HJJF86,akdjgakjg
B082PFP4QS,akdjgakjg
B0CXDNQRR8,akdjgakjg
B0CW39LLBX,akdjgakjg
B0CS5MY4J1,akdjgakjg
B0CRNQBB9M,akdjgakjg
B0CR6B6378,akdjgakjg
B0CP7F86Z7,akdjgakjg
B0CNYPJMH6,akdjgakjg
B0CNVSGVL5,akdjgakjg
B0CMGQRMKK,akdjgakjg
B0CLHWR2S6,akdjgakjg
B0CKVGG3TT,akdjgakjg
B0CJ9FTWD9,akdjgakjg
B0CG1FWC33,akdjgakjg
B0CFXZXDCL,akdjgakjg
B0CF5MB3XK,akdjgakjg
B0C6GNS56W,akdjgakjg
B0D2J7LKQJ,akdjgakjg
B00TWXAJZ2,akdjgakjg
B0DCJ5T68C,akdjgakjg
B0DCGNBTZD,akdjgakjg
B0CRB15WXY,akdjgakjg
B000VY8INQ,akdjgakjg
B083566MYZ,akdjgakjg
B07S4LSRRJ,akdjgakjg
B08Z3BWZ61,akdjgakjg
B09QRMJX55,akdjgakjg
B07K2C94Z9,akdjgakjg
B0CZZZRC1F,akdjgakjg
B0BGBL6WTL,akdjgakjg
B07L51S8KC,akdjgakjg
B07VHQ8RFT,akdjgakjg
B001TM2A5G,akdjgakjg
B07VWKJNFJ,akdjgakjg
B07JYWBYVM,akdjgakjg
B07BGBKQ1W,akdjgakjg
B075FGX68Q,akdjgakjg
B071CG9BRR,akdjgakjg
B01M300H6L,akdjgakjg
B01HMBK4BY,akdjgakjg
B00ZZ5CHK6,akdjgakjg
B00AXT0I2S,akdjgakjg
B00A6ZE0EQ,akdjgakjg
B0078MGAA2,akdjgakjg
B000VTDJR6,akdjgakjg
B000EEH988,akdjgakjg
B0BVL7CNBW,akdjgakjg
B0CCJBQ86D,akdjgakjg
B0CXJ72JFX,akdjgakjg
B09RD51LSG,akdjgakjg
B0BRX749X2,akdjgakjg
B0828YMT5P,akdjgakjg
B0CFTTCNFX,akdjgakjg
B08RYDF1XR,akdjgakjg
B01DUADDDM,akdjgakjg
B09PV6J3YJ,akdjgakjg
B01IO12V6C,akdjgakjg
B07PLCDFBX,akdjgakjg
B00IONBY3M,akdjgakjg
B0C27RCTYL,akdjgakjg
B083Z5BPGK,akdjgakjg
B0B7NMX6D8,akdjgakjg
B0CCVLJMQF,akdjgakjg
B0CBC8DLD1,akdjgakjg
B0C9ZYQV4R,akdjgakjg
B0C99FKD68,akdjgakjg
B0C84Y7776,akdjgakjg
B0C14LT9WZ,akdjgakjg
B0BY94CC3D,akdjgakjg
B0BRCKNJ8H,akdjgakjg
B0BQR5BR44,akdjgakjg
B0BP2V66R9,akdjgakjg
B0BP1KL1K8,akdjgakjg
B0BN5HK9HN,akdjgakjg
B0BGSB9QJ2,akdjgakjg
B0BD3ND82J,akdjgakjg
B0B9SC827N,akdjgakjg
B0B7QMHN3S,akdjgakjg
B0D44XXQDV,akdjgakjg
B0DFD4MR85,akdjgakjg
B0828CFHR8,akdjgakjg
B0BWJV1Y7H,akdjgakjg
B0CD77Z4RW,akdjgakjg
B07J5S9735,akdjgakjg
B07TMZTBT4,akdjgakjg
B0CC6ZXM7L,akdjgakjg
B0D9QK8RYZ,akdjgakjg
B00EIPF6JI,akdjgakjg
B0C939DTWZ,akdjgakjg
B01M71WOGB,akdjgakjg
B0DDZ7D7TC,akdjgakjg
B0BKT1P4VM,akdjgakjg
B0CQQG12MX,akdjgakjg
B08MPTHX13,akdjgakjg
B0D1VJ221T,akdjgakjg
B0BV24V93X,akdjgakjg
B07D5ZVD1Q,akdjgakjg
B0BCP7R533,akdjgakjg
B0BL1R3VX2,akdjgakjg
B09J2MFDC3,akdjgakjg
B0CK9N2YJF,akdjgakjg
B0B9WBCK5D,akdjgakjg
B09HZTF1HB,akdjgakjg
B0BTYDDKSP,akdjgakjg
B08JZFGX4D,akdjgakjg
B07TB3SQZP,akdjgakjg
B00ABLE59K,akdjgakjg
B0CWNX16RB,akdjgakjg
B081SV2FKF,akdjgakjg
B07RR7CJ2K,akdjgakjg
B0092OSTS0,akdjgakjg
B07VWSM358,akdjgakjg
B0D9NNQMLL,akdjgakjg
B07L9FGG7P,akdjgakjg
B09Y1L3X1S,akdjgakjg
B0DNMFNSLN,akdjgakjg
B0C3R4W87D,akdjgakjg
B073Z7LM83,akdjgakjg
B01LXJG04I,akdjgakjg
B0D7VS63DG,akdjgakjg
B0C39WXZ3T,akdjgakjg
B00KPR2DBC,akdjgakjg
B000BTAQIG,akdjgakjg
B0DRD83SB1,akdjgakjg
B0CN9P2XQD,akdjgakjg
B0BRTFDRZY,akdjgakjg
B0BHY21L15,akdjgakjg
B0D3KT22JW,akdjgakjg
B0DRXVTML7,akdjgakjg
B0B3JPPW23,akdjgakjg
B0CGLWG31N,akdjgakjg
B09YH9YMX1,akdjgakjg
B088VS96V3,akdjgakjg
B0DPPPW49N,akdjgakjg
B083BY9J9C,akdjgakjg
B0DDKXWCLZ,akdjgakjg
B0D4JX6X4Q,akdjgakjg
B07WFR1DRS,akdjgakjg
B01GUEHR2S,akdjgakjg
B000Q76SC6,akdjgakjg
B0181DSJDC,akdjgakjg
B07S1FWQXV,akdjgakjg
B00ZZ5DLWO,akdjgakjg
B0C6TLSZ6D,akdjgakjg
B078W7VZT1,akdjgakjg
B087WSXN6T,akdjgakjg
B0844L83LQ,akdjgakjg
B09ZQQP1HZ,akdjgakjg
B0C88Q17D8,akdjgakjg
B0C5JV3VTZ,akdjgakjg
B09DK6MVXS,akdjgakjg
B07MRJCWKW,akdjgakjg
B07WC285LT,akdjgakjg
B098MHD5C5,akdjgakjg
B081RS6BR6,akdjgakjg
B0CKQYCQ1S,akdjgakjg
B0BDF8HB2S,akdjgakjg
B0747PHF4R,akdjgakjg
B003AYDWZS,akdjgakjg
B0DC618RB5,akdjgakjg
B07PBD3F67,akdjgakjg
B0DNYJYWZM,akdjgakjg
B08R5DBM39,akdjgakjg
B0BCPN31CP,akdjgakjg
B085SV6NDS,akdjgakjg
B083CB8ZLL,akdjgakjg
B09W2C2C3B,akdjgakjg
B07NQVW228,akdjgakjg
B002IV6JSQ,akdjgakjg
B07RJH31Z4,akdjgakjg
B0C33N17KT,akdjgakjg
B09KNVLM7M,akdjgakjg
B005ESONGK,akdjgakjg
B0CP2FPHRW,akdjgakjg
B0C4LF7P35,akdjgakjg
B001GICVAM,akdjgakjg
B0DJ35ZV8Y,akdjgakjg
B0D8H26DKX,akdjgakjg
B01N28B6JD,akdjgakjg
B0DRJHC4GM,akdjgakjg
B0BZY1TZMB,akdjgakjg
B08K364YZB,akdjgakjg
B07K1K999M,akdjgakjg
B07JLRQJ12,akdjgakjg
B0027EOTHM,akdjgakjg
B0009OAJX0,akdjgakjg
B0BRTJW6LZ,akdjgakjg
B07QBZ3VRJ,akdjgakjg
B07DX73HQM,akdjgakjg
B0DCY855PD,akdjgakjg
B0BB9DDTH4,akdjgakjg
B07K667RBJ,akdjgakjg
B07DJNK6P6,akdjgakjg
B010MQMAVI,akdjgakjg
B0002GH8LQ,akdjgakjg
B0DM4T34PK,akdjgakjg
B0D67GYY43,akdjgakjg
B0BVNZ4P72,akdjgakjg
B0BLSG1PGV,akdjgakjg
B09M81JBSM,akdjgakjg
B08WPGKVN4,akdjgakjg
B0854583VV,akdjgakjg
B0821GGPRL,akdjgakjg
B00Q6U4H66,akdjgakjg
B0DDXPSG4Z,akdjgakjg
B0BZ9SNVPJ,akdjgakjg
B0CLHB4TSG,akdjgakjg
B08XW9NXPK,akdjgakjg
B087JX2NZP,akdjgakjg
B0BHYN7MLD,akdjgakjg
B0B7N6XFZG,akdjgakjg
B0B67WQ8YR,akdjgakjg
B087CGGCWR,akdjgakjg
B07Z3PBWBS,akdjgakjg
B0D8VXTTCK,akdjgakjg
B0CDRRSLQK,akdjgakjg
B09JCC5K9Y,akdjgakjg
B08ZCNJN4G,akdjgakjg
B002YL39TC,akdjgakjg
B09XDN73M2,akdjgakjg
B09N3DBSQW,akdjgakjg
B08HJV92XN,akdjgakjg
B0BR65DPBF,akdjgakjg
B0BGM6ZQ9H,akdjgakjg
B0B8Z88LSC,akdjgakjg
B0B12CMY7Y,akdjgakjg
B09N9WQY2H,akdjgakjg
B099RSM7YV,akdjgakjg
B08Y5RT8HJ,akdjgakjg
B08R624TDY,akdjgakjg
B08MVZ2FBJ,akdjgakjg
B08G85WTG1,akdjgakjg
B0881XD6KJ,akdjgakjg
B082LN8BQ3,akdjgakjg
B07YLFJMXT,akdjgakjg
B07WZVBLT4,akdjgakjg
B01HXF2G6U,akdjgakjg
B00M8F723I,akdjgakjg
B0D766ZWHK,akdjgakjg
B0D668FM32,akdjgakjg
B0D638QHD9,akdjgakjg
B0D21ZMMCY,akdjgakjg
B0D15TQZFM,akdjgakjg
B0CY4STSRK,akdjgakjg
B0CX4YLZ44,akdjgakjg
B0CWXMBKPW,akdjgakjg
B0CWG7YQZC,akdjgakjg
B0CTJCX9QS,akdjgakjg
B0CQPHX9D2,akdjgakjg
B0CNVQP3QP,akdjgakjg
B0CNGWWNSG,akdjgakjg
B0CMJ2N8P5,akdjgakjg
B0CL4FHTZK,akdjgakjg
B0CJ22NTZ7,akdjgakjg
B006NWOAJQ,akdjgakjg
B0067NJI7A,akdjgakjg
B0057RN9JA,akdjgakjg
B003U7SJZI,akdjgakjg
B0DWHL3NJ6,akdjgakjg
B0DSSRYPC9,akdjgakjg
B0DR8RGN6F,akdjgakjg
B0DQKKPBV3,akdjgakjg
B0DNJTFDFK,akdjgakjg
B0DLKPV7Y9,akdjgakjg
B0DLG3HL8K,akdjgakjg
B0DKBS9GNV,akdjgakjg
B0DK4SFZ4K,akdjgakjg
B0DK3H8CD8,akdjgakjg
B0DJG8W7MM,akdjgakjg
B0DFWGR8LD,akdjgakjg
B0DFP9MLVP,akdjgakjg
B0DCSJKKQQ,akdjgakjg
B0DBZF4JT6,akdjgakjg
B0DBV6TBXC,akdjgakjg
B0DBQ733JX,akdjgakjg
B0DBLJ1BMY,akdjgakjg
B0DB1MZ3WB,akdjgakjg
B0D9TLCYZQ,akdjgakjg
B0D9PRVGDY,akdjgakjg
B0D9F32Z3F,akdjgakjg
B0D9D9DVK8,akdjgakjg
B0D99VMB69,akdjgakjg
B0D7THF556,akdjgakjg
B0D7MN5CBD,akdjgakjg
B0D7HDNNR2,akdjgakjg
B0D79FXV84,akdjgakjg
B0CHGQY7M9,akdjgakjg
B0CFY11KLQ,akdjgakjg
B0CB3QGBDD,akdjgakjg
B0C9T3F1CP,akdjgakjg
B0C997DRS3,akdjgakjg
B0C4NYDVYP,akdjgakjg
B0C3M8LT1Q,akdjgakjg
B0BWR3MP22,akdjgakjg
B0BSHCNRTQ,akdjgakjg
B0BPSNFBTH,akdjgakjg
B0BFD48Z3F,akdjgakjg
B0BF7N33C4,akdjgakjg
B0B6RBG4X6,akdjgakjg
B0B2DDXW77,akdjgakjg
B09RSYWFR9,akdjgakjg
B09P2SFYN4,akdjgakjg
B0756MHW7K,akdjgakjg
B00UYAE17E,akdjgakjg
B00FQDGF1O,akdjgakjg
B007PAD03M,akdjgakjg
B007L62GR6,akdjgakjg
B004EJOTXW,akdjgakjg
B001TM3XKW,akdjgakjg
B000HQR36Q,akdjgakjg
B0002F52EC,akdjgakjg
B09MSBKQMN,akdjgakjg
B094FPT851,akdjgakjg
B093YNN3PY,akdjgakjg
B093PWHJH3,akdjgakjg
B08QRH5H2Q,akdjgakjg
B08N57BV9S,akdjgakjg
B08GJZGV7B,akdjgakjg
B08CLY44GK,akdjgakjg
B089425626,akdjgakjg
B07R7MYK7R,akdjgakjg
B07R3FFX1N,akdjgakjg
B07PZWZ8KK,akdjgakjg
B07B119NB8,akdjgakjg
B077YX9LSD,akdjgakjg
B0773Q8BS4,akdjgakjg
B081V3V74M,akdjgakjg
B0DQ5KNCMW,akdjgakjg
B07XBK9X6C,akdjgakjg
B09LGVHWLD,akdjgakjg
B07DJYBX67,akdjgakjg
B00124H5EW,akdjgakjg
B078ZZJY4N,akdjgakjg
B08KDQPLC1,akdjgakjg
B0DTJXT6D5,akdjgakjg
B07PJ7VS92,akdjgakjg
B0DQKDCBMV,akdjgakjg
B0989JVQHP,akdjgakjg
B0DB8FMCSQ,akdjgakjg
B08FWYXT46,akdjgakjg
B0CVWZ47JT,akdjgakjg
B08TJ25H1R,akdjgakjg
B07RYBNJLZ,akdjgakjg
B07HR8ZKSB,akdjgakjg
B07L3W26YN,akdjgakjg
B07B5SHGJS,akdjgakjg
B07KQLNCNM,akdjgakjg
B07D6MY4BZ,akdjgakjg
B01M5DKT9S,akdjgakjg
B0CFLB75QS,akdjgakjg
B019CXCGWK,akdjgakjg
B0C2KK2HSF,akdjgakjg
B004NJLZJE,akdjgakjg
B00QFCLKR4,akdjgakjg
B0CDQ1JJJC,akdjgakjg
B0B5VF9BW1,akdjgakjg
B07JGJCB4D,akdjgakjg
B074PTZN7T,akdjgakjg
B0BZH51XK9,akdjgakjg
B093D4LYQW,akdjgakjg
B0BSDV4Q3B,akdjgakjg
B07R3V2K9W,akdjgakjg
B09L612TPR,akdjgakjg
B0BSK334BF,akdjgakjg
B09FPCZ1WD,akdjgakjg
B09NMFXMYY,akdjgakjg
B09CY48DQV,akdjgakjg
B07945Z9SX,akdjgakjg
B08TW8MX77,akdjgakjg
B0CGZX3SS4,akdjgakjg
B084DBP7QJ,akdjgakjg
B093BTBH1G,akdjgakjg
B07YGR9HGM,akdjgakjg
B08SKHC494,akdjgakjg
B0CD1NW916,akdjgakjg
B0CC8XJS5K,akdjgakjg
B0B11FH389,akdjgakjg
B08S43Q4BX,akdjgakjg
B08HPJJ43D,akdjgakjg
B07F8DL422,akdjgakjg
B0C1BSMB57,akdjgakjg
B0BK8TV7GH,akdjgakjg
B09BRFYVF9,akdjgakjg
B084ZXK7BV,akdjgakjg
B07JP4F699,akdjgakjg
B078S6MFLQ,akdjgakjg
B0CPLJ5RKH,akdjgakjg
B0BKRGVV14,akdjgakjg
B0B8SFGDLC,akdjgakjg
B08CKJY7WL,akdjgakjg
B08CZYD4NH,akdjgakjg
B081SG3Y3V,akdjgakjg
B07QDJRGB6,akdjgakjg
B07T9Y7LQ4,akdjgakjg
B081DY8VS2,akdjgakjg
B0CC6BZ92M,akdjgakjg
B07ZNJKXHS,akdjgakjg
B0CW26Y425,akdjgakjg
B07DLFR234,akdjgakjg
B0D7M9PHX3,akdjgakjg
B01H8IA2A4,akdjgakjg
B0D9K7D7BH,akdjgakjg
B0DCRQFCN7,akdjgakjg
B09NGW761L,akdjgakjg
B0CC4YJ7NJ,akdjgakjg
B07NC614XQ,akdjgakjg
B08NVX48F9,akdjgakjg
B0DR2JV8TK,akdjgakjg
B096Z87WMM,akdjgakjg
B00XY1IR70,akdjgakjg
B0CSDJVVRK,akdjgakjg
B07N7FK9V2,akdjgakjg
B07H2JW55G,akdjgakjg
B0741S3XSM,akdjgakjg
B01FL5E3DI,akdjgakjg
B0BZQ5FZCH,akdjgakjg
B096ZKLS31,akdjgakjg
B071HSF68Q,akdjgakjg
B0CYT69FF8,akdjgakjg
B0BF164ZR4,akdjgakjg
B0B55VP7WC,akdjgakjg
B0B3JCH4HX,akdjgakjg
B0187VE2IY,akdjgakjg
B00PCOIPVU,akdjgakjg
B0CN9FFLHD,akdjgakjg
B0BZP3VF6S,akdjgakjg
B0BFQNDJ9C,akdjgakjg
B09WQHQQD1,akdjgakjg
B09V4SDZCK,akdjgakjg
B07PW7LDYQ,akdjgakjg
B0DP4K54V2,akdjgakjg
B0DFWH1J59,akdjgakjg
B0D3HTP68N,akdjgakjg
B0D11RN8CS,akdjgakjg
B0CJCNR7RD,akdjgakjg
B0CHDFYBP4,akdjgakjg
B0CBDPJKPM,akdjgakjg
B0BVZBKKP1,akdjgakjg
B08YGVD8YV,akdjgakjg
B08C8MRMX1,akdjgakjg
B07VXT9ZL5,akdjgakjg
B004K6B47I,akdjgakjg
B0D2N3TZ6H,akdjgakjg
B0CP8SV472,akdjgakjg
B0CLJ4CJWX,akdjgakjg
B09V59P9H1,akdjgakjg
B08174XWQ6,akdjgakjg
B01KAHKSLI,akdjgakjg
B0D2KHGPFN,akdjgakjg
B0CX8WTFXR,akdjgakjg
B0CSD4HJPL,akdjgakjg
B0CGRBMLQW,akdjgakjg
B0C2DKPLMS,akdjgakjg
B0BRNJ6VV5,akdjgakjg
B0B6HMFN4G,akdjgakjg
B09X3584Y9,akdjgakjg
B09P4SB7HM,akdjgakjg
B09NFFYVCV,akdjgakjg
B0918X65TK,akdjgakjg
B08RCLM6PW,akdjgakjg
B08NMY8LZP,akdjgakjg
B0824QNMN7,akdjgakjg
B07MXBS26H,akdjgakjg
B07BDBDJPT,akdjgakjg
B079R3RNTS,akdjgakjg
B00YAH9DZW,akdjgakjg
B0DMSZBXNB,akdjgakjg
B0DK3LTKFX,akdjgakjg
B0DHZ9BLBX,akdjgakjg
B0DGTB43Y5,akdjgakjg
B09CZ8CFKH,akdjgakjg
B094VJRYY3,akdjgakjg
B0927PRP4K,akdjgakjg
B091MYFYQZ,akdjgakjg
B08WQ5W82Q,akdjgakjg
B08LYXJNV8,akdjgakjg
B08L98J9RB,akdjgakjg
B07WRSLZF8,akdjgakjg
B07W72Z1MK,akdjgakjg
B07VJ8BKSS,akdjgakjg
B07T3FYL14,akdjgakjg
B07HBQNLV7,akdjgakjg
B07CT494P3,akdjgakjg
B01KMZPB92,akdjgakjg
B01HSMZTWG,akdjgakjg
B01B828UJG,akdjgakjg
B0C3LYV4HS,akdjgakjg
B0BZ1LX34S,akdjgakjg
B0BY23NXDB,akdjgakjg
B0BS6TJQN2,akdjgakjg
B0BN5HNQRR,akdjgakjg
B0BLK676N7,akdjgakjg
B0B99G1Y73,akdjgakjg
B0B84VYJFD,akdjgakjg
B0B7MGZHJ9,akdjgakjg
B0B6ZPX36L,akdjgakjg
B0B6TRWNWW,akdjgakjg
B09WH6D8G8,akdjgakjg
B09TSGR6VS,akdjgakjg
B09NB2VLZW,akdjgakjg
B09MMXZT67,akdjgakjg
B09JVL5TNP,akdjgakjg
B0DG5FP6B4,akdjgakjg
B0DFKWP1WW,akdjgakjg
B0DD11FRY8,akdjgakjg
B0D97CQ3PV,akdjgakjg
B0D814DBV6,akdjgakjg
B0D66PM3Z1,akdjgakjg
B0CZXMQKPK,akdjgakjg
B0CWV8V66F,akdjgakjg
B0CR3ZZXH7,akdjgakjg
B0CNJKF676,akdjgakjg
B0CN13L3VP,akdjgakjg
B0CLNR75WQ,akdjgakjg
B0CJRQDJL9,akdjgakjg
B0CDPDZYY8,akdjgakjg
B0CBLT1C6H,akdjgakjg
B0C8B768D1,akdjgakjg
B09F6KZ1YS,akdjgakjg
B0CDN8YZ1H,akdjgakjg
B0CNGKF7H1,akdjgakjg
B016BKRQ5O,akdjgakjg
B09CS7T9JH,akdjgakjg
B0771TL691,akdjgakjg
B091JWYJSC,akdjgakjg
B08BGVNR5R,akdjgakjg
B01ETPOL88,akdjgakjg
B0BWRZWY11,akdjgakjg
B0CVNFLMKB,akdjgakjg
B0D4WZ9Z8J,akdjgakjg
B09XY4N59C,akdjgakjg
B0BWN45MDJ,akdjgakjg
B087NTTGZN,akdjgakjg
B08JHDVBY2,akdjgakjg
B00GHHGIAQ,akdjgakjg
B005VFGP6W,akdjgakjg
B00192GRY6,akdjgakjg
B0BQXQV22C,akdjgakjg
B084397969,akdjgakjg
B08NFQ7Z6R,akdjgakjg
B010JFWDHS,akdjgakjg
B07VZRHDHQ,akdjgakjg
B07L3H6N46,akdjgakjg
B008OKMNGC,akdjgakjg
B097DBHRLR,akdjgakjg
B007XBSJTI,akdjgakjg
B08GCW8H1L,akdjgakjg
B07B8NVPXW,akdjgakjg
B0CHR132V5,akdjgakjg
B07KBXBP6T,akdjgakjg
B0DB5SVD7B,akdjgakjg
B00574RNU4,akdjgakjg
B08JWQVNTQ,akdjgakjg
B000MXB4Q4,akdjgakjg
B005B92BXE,akdjgakjg
B08PCQJ43Q,akdjgakjg
B08K2SDXK8,akdjgakjg
B073Z71YY9,akdjgakjg
B0C62JR8BQ,akdjgakjg
B09GM45HTZ,akdjgakjg
B072QF7LLW,akdjgakjg
B0CKPYM8Z7,akdjgakjg
B0894JJRT1,akdjgakjg
B0C2D43MQ9,akdjgakjg
B072MRQRWG,akdjgakjg
B0CDLM2YBH,akdjgakjg
B01H8IA3XU,akdjgakjg
B082LMDK8N,akdjgakjg
B0CZ9MNK1N,akdjgakjg
B07DSR2119,akdjgakjg
B093LK9MKR,akdjgakjg
B08SLB1XHC,akdjgakjg
B08XNCMYV3,akdjgakjg
B0BVRBGD2N,akdjgakjg
B004WNZL50,akdjgakjg
B0BVMD4F5Y,akdjgakjg
B083PFQGBF,akdjgakjg
B0921S2PGY,akdjgakjg
B07YBTY1PF,akdjgakjg
B076KL3KTX,akdjgakjg
B010D2UQF8,akdjgakjg
B0C3WNZ6BT,akdjgakjg
B08LKGH9KW,akdjgakjg
B0C4LKQJKV,akdjgakjg
B07Y2Z6DH8,akdjgakjg
B081NJQJ48,akdjgakjg
B0BLW99L5Y,akdjgakjg
B0B3KWSTKH,akdjgakjg
B09PY9CV6Y,akdjgakjg
B08CXW396Y,akdjgakjg
B07H5CJJV1,akdjgakjg
B0B3MGK5NF,akdjgakjg
B096Y8G4GX,akdjgakjg
B08D7KRR7S,akdjgakjg
B09NVS9QKF,akdjgakjg
B0B7K7DN9B,akdjgakjg
B087LRYXWB,akdjgakjg
B0785T84VX,akdjgakjg
B00XZ1NXXM,akdjgakjg
B0B7K9Q7SF,akdjgakjg
B095713NXH,akdjgakjg
B08XYVBGH8,akdjgakjg
B07W4ZLD2T,akdjgakjg
B0BF1B46SH,akdjgakjg
B0BRD1KKZT,akdjgakjg
B09T3HKMBD,akdjgakjg
B09CL2DNG1,akdjgakjg
B07TCFFVTX,akdjgakjg
B0D2ZXVLJ7,akdjgakjg
B0C8CR61PM,akdjgakjg
B0B7Q9L9RJ,akdjgakjg
B07R6NJ5N1,akdjgakjg
B01HSNDPYE,akdjgakjg
B01H70R7FQ,akdjgakjg
B018MXJL06,akdjgakjg
B00P03I1RQ,akdjgakjg
B0CCBPKG5S,akdjgakjg
B09LTRLMFW,akdjgakjg
B08XYRKS55,akdjgakjg
B076BCDJZY,akdjgakjg
B01LX0AOPX,akdjgakjg
B00LZBGADO,akdjgakjg
B0030LLRV2,akdjgakjg
B0D2KF96H2,akdjgakjg
B0CSYNVGYH,akdjgakjg
B0CJM77VLZ,akdjgakjg
B0C4L5NRKW,akdjgakjg
B0C3LYL96R,akdjgakjg
B09Q2V8HKP,akdjgakjg
B09DXMGY2T,akdjgakjg
B091B7K697,akdjgakjg
B08DH9KQN8,akdjgakjg
B08C6H3QW6,akdjgakjg
B07H2FJHRR,akdjgakjg
B08DLDYHJB,akdjgakjg
B07Y8XHPYY,akdjgakjg
B08FBFZWND,akdjgakjg
B075JSDL78,akdjgakjg
B0CFYSMTKK,akdjgakjg
B0C656DJ6L,akdjgakjg
B0BX98GG91,akdjgakjg
B0BR73P3SL,akdjgakjg
B095Z415KB,akdjgakjg
B008J4OP50,akdjgakjg
B000B6NXHK,akdjgakjg
B07LFDHB1Z,akdjgakjg
B00OUD0QZC,akdjgakjg
B0B745YZ23,akdjgakjg
B0B5TZPJLZ,akdjgakjg
B081L6FXK6,akdjgakjg
B07X7MQL7D,akdjgakjg
B07LB8L236,akdjgakjg
B01KP5B25G,akdjgakjg
B00VJME6VW,akdjgakjg
B00FQISI00,akdjgakjg
B0013MS0RE,akdjgakjg
B0DP6QB23M,akdjgakjg
B0DNZGRP1R,akdjgakjg
B0DG2RP71D,akdjgakjg
B0DFGN4WPC,akdjgakjg
B0DCHWT412,akdjgakjg
B0DB25SRD5,akdjgakjg
B0D7YV1THD,akdjgakjg
B0D1KBLKJL,akdjgakjg
B09Y59YB74,akdjgakjg
B0CQS9TG3C,akdjgakjg
B0D4K4N8DB,akdjgakjg
B08D9HWD2B,akdjgakjg
B0CC1X6BGP,akdjgakjg
B01MDMR7XK,akdjgakjg
B0DNSFW5T5,akdjgakjg
B088WDWBY9,akdjgakjg
B000N8LKV2,akdjgakjg
B0BHNBR8NT,akdjgakjg
B01F52HQ40,akdjgakjg
B0CBBQ3MYB,akdjgakjg
B0CSFC5W67,akdjgakjg
B0791BS118,akdjgakjg
B07993JDD9,akdjgakjg
B0BC27M2VK,akdjgakjg
B01I5WBJW2,akdjgakjg
B01H4GER6K,akdjgakjg
B00VMU0BMY,akdjgakjg
B004BFW99K,akdjgakjg
B000B8FV6Y,akdjgakjg
B01MUP72KD,akdjgakjg
B07CGYGD7F,akdjgakjg
B09M48LBKY,akdjgakjg
B0C6MBMLWJ,akdjgakjg
B008C2CRVS,akdjgakjg
B0BYDCVGFJ,akdjgakjg
B01LZMZG5M,akdjgakjg
B0BPWZYZYR,akdjgakjg
B0DD57CN5W,akdjgakjg
B07M9Z84NP,akdjgakjg
B006J9WVIU,akdjgakjg
B07DJVDKF1,akdjgakjg
B07ZMRGXWJ,akdjgakjg
B074DWC2FQ,akdjgakjg
B0CPM13BLD,akdjgakjg
B01NANTPE9,akdjgakjg
B08GLSKLPW,akdjgakjg
B08B42PVV9,akdjgakjg
B07C2LY463,akdjgakjg
B08ZK8BDWB,akdjgakjg
B01EB48W64,akdjgakjg
B0CJR8KGG5,akdjgakjg
B00QLAUDBY,akdjgakjg
B0DDZCBKKF,akdjgakjg
B0BHL6FWD4,akdjgakjg
B0D73KD33R,akdjgakjg
B08H7RY598,akdjgakjg
B08DHYTSRL,akdjgakjg
B087RBV42J,akdjgakjg
B0C4H89VD8,akdjgakjg
B08BX61VB6,akdjgakjg
B0D12NJG68,akdjgakjg
B0CWQ1GPD6,akdjgakjg
B0CVX1RDGG,akdjgakjg
B0CPPTMZ18,akdjgakjg
B0CP5G1M6H,akdjgakjg
B0CN9DBYTJ,akdjgakjg
B0CKP48L3P,akdjgakjg
B0CKLB7HCW,akdjgakjg
B0CJ916Q57,akdjgakjg
B0CGL9JCTL,akdjgakjg
B0C93QLD7F,akdjgakjg
B0C83JX3HV,akdjgakjg
B0C5LSN4GN,akdjgakjg
B0C3VKYQXF,akdjgakjg
B0C1GJYGTG,akdjgakjg
B0BYHZ4MTC,akdjgakjg
B0BXCW7QYS,akdjgakjg
B0C5VHMQRL,akdjgakjg
B0D31FX9KX,akdjgakjg
B089SNM8SK,akdjgakjg
B000N8MXJ0,akdjgakjg
B01N021CG9,akdjgakjg
B09WCXGH94,akdjgakjg
B0DQSLV3NL,akdjgakjg
B084WXBS1J,akdjgakjg
B0D7BW9PP1,akdjgakjg
B0C9TQLTZL,akdjgakjg
B0BG5NCM77,akdjgakjg
B0D2HDD581,akdjgakjg
B09PTF3PFJ,akdjgakjg
B0CF9PYFWW,akdjgakjg
B00162PUFG,akdjgakjg
B0CC5HLBCW,akdjgakjg
B0BP1VVY3F,akdjgakjg
B0BMGMJQ5Z,akdjgakjg
B07X2S1SLQ,akdjgakjg
B0BHQTNC2K,akdjgakjg
B07N2Y1D17,akdjgakjg
B09WLZXS4W,akdjgakjg
B0BHH1TJ4B,akdjgakjg
B096ZX592Y,akdjgakjg
B0DMVMS79V,akdjgakjg
B08HT1LQPT,akdjgakjg
B0CCCX9XZS,akdjgakjg
B08D5ZDPMK,akdjgakjg
B0C1N1FMRX,akdjgakjg
B089QJ7ZCP,akdjgakjg
B09Q21J24P,akdjgakjg
B07QQS8BJT,akdjgakjg
B0BWYF9CGC,akdjgakjg
B0BVHR8R9G,akdjgakjg
B0BTVC82TY,akdjgakjg
B0BRTT1PZT,akdjgakjg
B0BQWL5Z4N,akdjgakjg
B0BPLRHKLX,akdjgakjg
B0BLVWCCN7,akdjgakjg
B0B8HPZ236,akdjgakjg
B0B4DD5CCM,akdjgakjg
B09ZX9139W,akdjgakjg
B09Y38BS3K,akdjgakjg
B09XQVBGWG,akdjgakjg
B09P6N8HYD,akdjgakjg
B09L4SX8R8,akdjgakjg
B0963FRPCG,akdjgakjg
B095JMDNDX,akdjgakjg
B00A7EMQJW,akdjgakjg
B08QR866HG,akdjgakjg
B089QBZW6T,akdjgakjg
B08G8CN7DS,akdjgakjg
B00NM14QEK,akdjgakjg
B08T9GG524,akdjgakjg
B099JHMJ64,akdjgakjg
B07XRCLHYT,akdjgakjg
B0CJ4P4Q4C,akdjgakjg
B0C3BJQKMS,akdjgakjg
B0BQ33CJKQ,akdjgakjg
B09JBD4J63,akdjgakjg
B097RCY2F4,akdjgakjg
B092CKD949,akdjgakjg
B08RNF8G1G,akdjgakjg
B07FFNB42J,akdjgakjg
B08DKQRXQK,akdjgakjg
B0794YZ51S,akdjgakjg
B0BB6NZT7R,akdjgakjg
B07YLYLY1D,akdjgakjg
B01M4OS5FP,akdjgakjg
B096MFGPMF,akdjgakjg
B094DVTLYX,akdjgakjg
B0CMZZHR7F,akdjgakjg
B09TNCKYVK,akdjgakjg
B08SM3K8FT,akdjgakjg
B0CC55WM52,akdjgakjg
B07Q3NC9WP,akdjgakjg
B0DFW5C25F,akdjgakjg
B097QK84W2,akdjgakjg
B0CPB1NB18,akdjgakjg
B0791BK83S,akdjgakjg
B0CQ7HWKLN,akdjgakjg
B07F8Z3KP1,akdjgakjg
B08KYC77XN,akdjgakjg
B01MCWQWTQ,akdjgakjg
B07XXN9CTD,akdjgakjg
B01G6C55PK,akdjgakjg
B01LW04TVJ,akdjgakjg
B0DD1JG2P7,akdjgakjg
B0BDFC2LD3,akdjgakjg
B09DGPXBJN,akdjgakjg
B0CGX49CV3,akdjgakjg
B0BYDBKX1P,akdjgakjg
B0D2GSHB15,akdjgakjg
B09NNDC3VL,akdjgakjg
B07F22HS1X,akdjgakjg
B0D2NF1WBX,akdjgakjg
B0BGNWCF3G,akdjgakjg
B09WMGHRSL,akdjgakjg
B096LMR21P,akdjgakjg
B07GLHMVW5,akdjgakjg
B0752WMP2L,akdjgakjg
B0DGQJJZFR,akdjgakjg
B0CD78MWJY,akdjgakjg
B09NKZ52XV,akdjgakjg
B0799BC6SJ,akdjgakjg
B06XJ45FJB,akdjgakjg
B0089PFCQA,akdjgakjg
B0CSXJ7XZ6,akdjgakjg
B0CP8S58D8,akdjgakjg
B0CNJZ52J7,akdjgakjg
B0C6KNP1VK,akdjgakjg
B0C4QGCDJC,akdjgakjg
B08TH6X1DH,akdjgakjg
B086DLQJWP,akdjgakjg
B08519MRLY,akdjgakjg
B0DS27MKZV,akdjgakjg
B0DRXYRDKM,akdjgakjg
B0DP98DXF2,akdjgakjg
B0DP23X1W3,akdjgakjg
B0DKCZQXTF,akdjgakjg
B0DJX78HYV,akdjgakjg
B0DJVG5D68,akdjgakjg
B0DGQ2TYRQ,akdjgakjg
B0DG267JNP,akdjgakjg
B0DBTSXK3H,akdjgakjg
B0D9VWPKGZ,akdjgakjg
B0D8VKZ7VL,akdjgakjg
B0D8GTYGLY,akdjgakjg
B0D2K5YBSW,akdjgakjg
B0CJRV9BBL,akdjgakjg
B08Q7S632W,akdjgakjg
B08NSV9R8K,akdjgakjg
B01N4FPO2C,akdjgakjg
B00NZ7IWWS,akdjgakjg
B0D4DRMGYV,akdjgakjg
B09N9CGH5Z,akdjgakjg
B0D65Z246Z,akdjgakjg
B0CWLQT7QV,akdjgakjg
B0CR2ZVRY1,akdjgakjg
B0C7L2TRZN,akdjgakjg
B0BPCCMSWS,akdjgakjg
B0B4RQNGTG,akdjgakjg
B07T5K6DRD,akdjgakjg
B0CDBS1MBX,akdjgakjg
B087JSH6VH,akdjgakjg
B07W617N8C,akdjgakjg
B00T8OF1GM,akdjgakjg
B0DB86K2CM,akdjgakjg
B0CZNDXLK1,akdjgakjg
B0CZF948QF,akdjgakjg
B0CVHGB3YX,akdjgakjg
B0CJFXBCD4,akdjgakjg
B0CJ2VBHLY,akdjgakjg
B0CFVFVR8H,akdjgakjg
B0CCRCB255,akdjgakjg
B0C2NDFML1,akdjgakjg
B0B53JG8H7,akdjgakjg
B09YY8TPSL,akdjgakjg
B09QLY1WP8,akdjgakjg
B09NDGBHT3,akdjgakjg
B0D7HLSSR4,akdjgakjg
B0D6Y99GX8,akdjgakjg
B0D6XPVJ5V,akdjgakjg
B0D5Y7JFM8,akdjgakjg
B0D5B3BVRR,akdjgakjg
B0D4YM2C91,akdjgakjg
B0D3KZK53X,akdjgakjg
B0D3DY6DDF,akdjgakjg
B0D1XT382D,akdjgakjg
B0CZ6QR7HY,akdjgakjg
B0CYBYG37W,akdjgakjg
B0CXXDHG4G,akdjgakjg
B0CVZW7M9Z,akdjgakjg
B0CTZPTFJ8,akdjgakjg
B0CSG29887,akdjgakjg
B0CRKLMJG9,akdjgakjg
B095CBFFHX,akdjgakjg
B09412D641,akdjgakjg
B08NJRKHSB,akdjgakjg
B08NJ77H3B,akdjgakjg
B08GKB6WNM,akdjgakjg
B089RGS13L,akdjgakjg
B089KC6569,akdjgakjg
B07ZJKWRH6,akdjgakjg
B07Z37ZFYS,akdjgakjg
B07VL66VQB,akdjgakjg
B07RSRX1TR,akdjgakjg
B07P7XF53S,akdjgakjg
B07NXVZSZT,akdjgakjg
B07MRCS7WM,akdjgakjg
B07H2HGVQQ,akdjgakjg
B078JJCT41,akdjgakjg
B0CQNVS9TQ,akdjgakjg
B0CPDHZLRS,akdjgakjg
B0CNKSFT66,akdjgakjg
B0CNGWW74X,akdjgakjg
B0CMQ8KP6Y,akdjgakjg
B0CLYZ3TQJ,akdjgakjg
B0CGYV8M7S,akdjgakjg
B0CGR4WTM2,akdjgakjg
B0CF3WBY52,akdjgakjg
B0CCRT8RSG,akdjgakjg
B0CCD4T28S,akdjgakjg
B0CBBHJ4K9,akdjgakjg
B0CB44WLWH,akdjgakjg
B0C7VFCPH5,akdjgakjg
B0C77GGBL2,akdjgakjg
B0C6XHZ5PL,akdjgakjg
B0C3Y14Y35,akdjgakjg
B0C3CG255T,akdjgakjg
B0C289CYLR,akdjgakjg
B0BZRCQPZ9,akdjgakjg
B0BZCHBNMD,akdjgakjg
B0BZ49ZJFW,akdjgakjg
B0BYZLRWD5,akdjgakjg
B0BXT9TKZN,akdjgakjg
B0BWYGNHL1,akdjgakjg
B0BWR4XW5M,akdjgakjg
B0BWHRM3XF,akdjgakjg
B0BVR261DG,akdjgakjg
B0BV9TVB51,akdjgakjg
B0BTVHS7PM,akdjgakjg
B0BRJS3C9H,akdjgakjg
B0BPN1F7TR,akdjgakjg
B0BM43CT1Q,akdjgakjg
B0BLMK3XVR,akdjgakjg
B0BJ6H8L4B,akdjgakjg
B0BFCK1HH3,akdjgakjg
B0BF8RG2T7,akdjgakjg
B0B5N5MB9V,akdjgakjg
B0B5CZFHL5,akdjgakjg
B0B3XBTYPW,akdjgakjg
B0B1Y5RHBK,akdjgakjg
B0B1PCHYC1,akdjgakjg
B09Y6B9FDS,akdjgakjg
B09X32JQVG,akdjgakjg
B09VTGXZRG,akdjgakjg
B09SHSCTPY,akdjgakjg
B09RX3PD6P,akdjgakjg
B09JFX6R5Z,akdjgakjg
B09J15BGLQ,akdjgakjg
B09FL2RSNR,akdjgakjg
B09CDQYRP3,akdjgakjg
B09B71ZCWQ,akdjgakjg
B094HW9JDH,akdjgakjg
B08VJ3B6ZL,akdjgakjg
B08TLRL8QR,akdjgakjg
B08RD5693K,akdjgakjg
B08QMQS3TY,akdjgakjg
B08LZ76QS9,akdjgakjg
B08CV9CTYX,akdjgakjg
B088367CG7,akdjgakjg
B087YVHQ83,akdjgakjg
B0878SWBFP,akdjgakjg
B084X7LC32,akdjgakjg
B081K4G2CR,akdjgakjg
B000F4GP6E,akdjgakjg
B0D83CCYTD,akdjgakjg
B09PZV8NX1,akdjgakjg
B07NW9PWJ7,akdjgakjg
B09GKB1KZ3,akdjgakjg
B0D2SPTX6S,akdjgakjg
B0DGXDLV2Z,akdjgakjg
B0DD6X3QTH,akdjgakjg
B0C236V2CL,akdjgakjg
B09CDKCWM5,akdjgakjg
B0BLXFTTYP,akdjgakjg
B07HJ4W7JF,akdjgakjg
B09C666C16,akdjgakjg
B0DBQSYMCF,akdjgakjg
B08HS2RCTS,akdjgakjg
B08TQXNRYG,akdjgakjg
B0CJLR88CX,akdjgakjg
B07XCPSY4H,akdjgakjg
B07WK4VY5W,akdjgakjg
B07WJRD9CT,akdjgakjg
B07V7CPVRS,akdjgakjg
B07T63TSCG,akdjgakjg
B07SK6M2RM,akdjgakjg
B07QMXQMP9,akdjgakjg
B07K6RCCQV,akdjgakjg
B07HJ5W3CQ,akdjgakjg
B07FB5757X,akdjgakjg
B079TBPPK4,akdjgakjg
B0727SP9F8,akdjgakjg
B01FWORJGQ,akdjgakjg
B01F9KPSUM,akdjgakjg
B00I6AMIJW,akdjgakjg
B001LJC58O,akdjgakjg
B0DC885VV4,akdjgakjg
B0BRV2RD75,akdjgakjg
B0DHTHXQ5M,akdjgakjg
B0D99FW1TC,akdjgakjg
B0BJKB39KT,akdjgakjg
B091GG3DFD,akdjgakjg
B0CTF8K88R,akdjgakjg
B0D3TC4N1R,akdjgakjg
B0B42G2PJW,akdjgakjg
B0CLR16QS3,akdjgakjg
B07FNQ9YVV,akdjgakjg
B0CC2RR5KF,akdjgakjg
B0CRTYX4MB,akdjgakjg
B0C5H5J4RG,akdjgakjg
B0BN31V69K,akdjgakjg
B0BXKXLG2T,akdjgakjg
B0DN5WMD3C,akdjgakjg
B0BR9RJYV7,akdjgakjg
B07HGHNPRN,akdjgakjg
B0B593L3ZG,akdjgakjg
B0CJRJ37V3,akdjgakjg
B0B2Y7BWVQ,akdjgakjg
B079JR9N9V,akdjgakjg
B09Q6HY1V3,akdjgakjg
B08J686HJ5,akdjgakjg
B09G6YVXXS,akdjgakjg
B08P3VPV6X,akdjgakjg
B096V2RSWS,akdjgakjg
B002EB8GEU,akdjgakjg
B08F4H92DM,akdjgakjg
B0BLK37J5Y,akdjgakjg
B08F2YFN3K,akdjgakjg
B0D57ZVYPD,akdjgakjg
B088KK4XC3,akdjgakjg
B0B3LXGGV7,akdjgakjg
B0CSD17Y24,akdjgakjg
B07P7PSBWL,akdjgakjg
B09N579FDT,akdjgakjg
B0CNW4VJRV,akdjgakjg
B074S77WZ1,akdjgakjg
B07BWKC8RM,akdjgakjg
B0B8S6LNJ2,akdjgakjg
B0DTKDPMDN,akdjgakjg
B08WM1TWF2,akdjgakjg
B08ZMQM11C,akdjgakjg
B0DQV935SQ,akdjgakjg
B0D5NF4YB9,akdjgakjg
B00O1C2IH6,akdjgakjg
B075CTT83V,akdjgakjg
B07QRSS5XX,akdjgakjg
B0DXF8J2Z1,akdjgakjg
B00DNJFGIG,akdjgakjg
B08JLYYN5M,akdjgakjg
B08T63ZZNW,akdjgakjg
B071NW3CLL,akdjgakjg
B098FCSCNY,akdjgakjg
B0CB1221NM,akdjgakjg
B0BW3PQWSW,akdjgakjg
B0CCD6WBSW,akdjgakjg
B0CPL8JJSX,akdjgakjg
B00U0SXNP6,akdjgakjg
B0CCQ8R899,akdjgakjg
B0CHP5Y3VL,akdjgakjg
B0BK8QTBKP,akdjgakjg
B08SQ61TYY,akdjgakjg
B0BV6KVM42,akdjgakjg
B08KPLPLDF,akdjgakjg
B0BDRLX1NB,akdjgakjg
B07F2PT3Q8,akdjgakjg
B0CWH4GFLM,akdjgakjg
B09T9J9Y6V,akdjgakjg
B07BGJTWRD,akdjgakjg
B0BQMSVXNT,akdjgakjg
B0B69M1X8G,akdjgakjg
B091TF2TRZ,akdjgakjg
B0B2P9K2GC,akdjgakjg
B09NC6BWCK,akdjgakjg
B0D3V6BVZR,akdjgakjg
B0BW47X9GK,akdjgakjg
B015ULU8HI,akdjgakjg
B0B7HXQJ65,akdjgakjg
B09BQM44MD,akdjgakjg
B0BD8JXHN8,akdjgakjg
B0B8MFS697,akdjgakjg
B09ZVLKHSS,akdjgakjg
B09VPD42C6,akdjgakjg
B06WLPZRW2,akdjgakjg
B09Z27B4MJ,akdjgakjg
B089MCMVVK,akdjgakjg
B07HF6XJSC,akdjgakjg
B0C2ZMB2SS,akdjgakjg
B0BY8GRXSP,akdjgakjg
B0918L52S8,akdjgakjg
B08DXZBY4C,akdjgakjg
B07H442PS8,akdjgakjg
B0D6QSNSW7,akdjgakjg
B0CGD7VT77,akdjgakjg
B0B13X6MV3,akdjgakjg
B09NPLKS2W,akdjgakjg
B08FY1RCGX,akdjgakjg
B00PT66JYQ,akdjgakjg
B09MHS2JJ3,akdjgakjg
B097JFKK2S,akdjgakjg
B08Z7NFLVY,akdjgakjg
B06XPSNRK8,akdjgakjg
B01BZI4BWI,akdjgakjg
B0B42FML72,akdjgakjg
B092MWT2SP,akdjgakjg
B07JKL3H7L,akdjgakjg
B07MNGQZZ4,akdjgakjg
B076T4DBWK,akdjgakjg
B0BGXKPLQR,akdjgakjg
B07YGY8FNH,akdjgakjg
B000GT9RV8,akdjgakjg
B0CGDFQZ3C,akdjgakjg
B0BN5PXGQ8,akdjgakjg
B0BF2WJCQV,akdjgakjg
B0B7J3MPN9,akdjgakjg
B09R5WFYT4,akdjgakjg
B086GP8SZG,akdjgakjg
B074JFNHBB,akdjgakjg
B0CP9FTBGW,akdjgakjg
B0CLZMJ4C6,akdjgakjg
B0BRTP7YKC,akdjgakjg
B0B53JL7V2,akdjgakjg
B08P9J8LJ7,akdjgakjg
B0886DL8WZ,akdjgakjg
B06XYG1PWJ,akdjgakjg
B00CEU4SPC,akdjgakjg
B0CVXFG2J7,akdjgakjg
B0CHVQ9T3T,akdjgakjg
B0C1NLBL9W,akdjgakjg
B0BZCTWBYY,akdjgakjg
B0BDFBL8G2,akdjgakjg
B0B6VFYPBB,akdjgakjg
B085WF49LV,akdjgakjg
B0013CBOHC,akdjgakjg
B0CYLS2VG3,akdjgakjg
B0CSVG8G6G,akdjgakjg
B0CQT7ZCR1,akdjgakjg
B0CPLTLKDB,akdjgakjg
B0CDG1NGQN,akdjgakjg
B0C169BMSS,akdjgakjg
B0BC9616J4,akdjgakjg
B0B28XHF8G,akdjgakjg
B0B1Y66STB,akdjgakjg
B09ZXB1LDY,akdjgakjg
B09S3HQQ2Q,akdjgakjg
B097C7C949,akdjgakjg
B08ZQQSCGJ,akdjgakjg
B08PZCWTRN,akdjgakjg
B07N2XXVHR,akdjgakjg
B07CZ5373R,akdjgakjg
B01N7YCUDH,akdjgakjg
B01MSDK2XA,akdjgakjg
B01B74F95I,akdjgakjg
B0DST84H8S,akdjgakjg
B0DQSYNF6C,akdjgakjg
B0DPHHKDJY,akdjgakjg
B0DP78YFVT,akdjgakjg
B0D4QQBXJ3,akdjgakjg
B0D1G7YVZ9,akdjgakjg
B0CZFLJFCR,akdjgakjg
B0CYX1VBXC,akdjgakjg
B0CY2DJMCP,akdjgakjg
B0CWNXVQB6,akdjgakjg
B0CT5L83YN,akdjgakjg
B0CSWBV4PR,akdjgakjg
B0CS4NH8ZN,akdjgakjg
B0CRL139VX,akdjgakjg
B0CPHX83F8,akdjgakjg
B0CPHJJT3B,akdjgakjg
B0CK7MDG5Z,akdjgakjg
B0CGR58VSM,akdjgakjg
B0CDPPVPB5,akdjgakjg
B0CCS1VL26,akdjgakjg
B07JJF82QJ,akdjgakjg
B07F83TP5K,akdjgakjg
B00DT8PSN4,akdjgakjg
B00B8OV6LE,akdjgakjg
B0064S1Z1K,akdjgakjg
B000I077P8,akdjgakjg
B0CCJT2TZG,akdjgakjg
B0CBMFR1YT,akdjgakjg
B0C9PR3JKQ,akdjgakjg
B0C7CLHSBL,akdjgakjg
B0C6151QJV,akdjgakjg
B0C5DJGQ5P,akdjgakjg
B0C4T3M7LS,akdjgakjg
B0C4HY95HV,akdjgakjg
B0C36F833B,akdjgakjg
B0C1N3SLN2,akdjgakjg
B0BZ7PN8FX,akdjgakjg
B0BXGWQFNQ,akdjgakjg
B0BWMPKFYN,akdjgakjg
B0BS8RQ2ZC,akdjgakjg
B0BQ8RCZZS,akdjgakjg
B0BNZB66YY,akdjgakjg
B0BM6MMHVG,akdjgakjg
B0BLYN7S7F,akdjgakjg
B0BLGN6YDB,akdjgakjg
B0B93M6BDL,akdjgakjg
B0B6VQMQGG,akdjgakjg
B09YCB4S4Q,akdjgakjg
B09SFVSMMC,akdjgakjg
B098T7TKVW,akdjgakjg
B096FHQCLW,akdjgakjg
B091F6KYNM,akdjgakjg
B08RBLT94F,akdjgakjg
B089Q4RRBP,akdjgakjg
B088T9H4J5,akdjgakjg
B084Q9X5D3,akdjgakjg
B07QGTDBR8,akdjgakjg
B07MWHF7CJ,akdjgakjg
B0DP76H5M4,akdjgakjg
B0DNFF7WLN,akdjgakjg
B0DNFDF427,akdjgakjg
B0DMM3N278,akdjgakjg
B0DM8YX2NX,akdjgakjg
B0DKNLTD3M,akdjgakjg
B0DJNLX15V,akdjgakjg
B0DGGQHQR2,akdjgakjg
B0DD2G34K9,akdjgakjg
B0DCFRW7PS,akdjgakjg
B0DBV6TBXB,akdjgakjg
B0DB1WRZM3,akdjgakjg
B0D9YRTVSS,akdjgakjg
B0D9RFF9L6,akdjgakjg
B0D5M5TPHX,akdjgakjg
B0D4VF7FVD,akdjgakjg
B00W1PH3RA,akdjgakjg
B08P4CVJFP,akdjgakjg
B0DK1B9GM8,akdjgakjg
B00K2WHORS,akdjgakjg
B0DQ4ZGLF9,akdjgakjg
B08CXFJ1HM,akdjgakjg
B09WQJ73JY,akdjgakjg
B0CQNCMSG2,akdjgakjg
B0C9LW42SB,akdjgakjg
B07M63T53W,akdjgakjg
B00M7LCUTY,akdjgakjg
B0DBM1GJSH,akdjgakjg
B0DQV8L9FF,akdjgakjg
B08MN2PF28,akdjgakjg
B0B6BCNS35,akdjgakjg
B0DC7NHVN2,akdjgakjg
B0BGDSJW7F,akdjgakjg
B0D7ZXG5BG,akdjgakjg
B0CTKTHXLM,akdjgakjg
B08XBNH6SF,akdjgakjg
B0DPK29FV4,akdjgakjg
B0CNH35K22,akdjgakjg
B08BS3MC55,akdjgakjg
B09P85T1FH,akdjgakjg
B0CN2WQTVN,akdjgakjg
B0BDDNKTL4,akdjgakjg
B0BFGQFTLS,akdjgakjg
B0CFL42SCZ,akdjgakjg
B0B1NH3TYD,akdjgakjg
B0C7MKH9QY,akdjgakjg
B0BPHNZM92,akdjgakjg
B0BZRSSM7R,akdjgakjg
B01M8LRUY0,akdjgakjg
B0BK2CYPWB,akdjgakjg
B0DN77CRYN,akdjgakjg
B08HSZJ6PM,akdjgakjg
B0CLXW8LPF,akdjgakjg
B08F2HTJWW,akdjgakjg
B08ZK69SF2,akdjgakjg
B07RS4JPZ9,akdjgakjg
B07YVMSCSV,akdjgakjg
B07BDF79TY,akdjgakjg
B0833WHWXD,akdjgakjg
B01F3ZYD54,akdjgakjg
B0CPLTRBJM,akdjgakjg
B004PT15HE,akdjgakjg
B01GK1X9U0,akdjgakjg
B0DLVX7689,akdjgakjg
B08FL849BT,akdjgakjg
B0B1V5NDBX,akdjgakjg
B09WCQK8QM,akdjgakjg
B0BFY1S748,akdjgakjg
B0D3V9PK48,akdjgakjg
B0BJ1YP19G,akdjgakjg
B072BZY3YK,akdjgakjg
B0BXKJGF75,akdjgakjg
B083CBWPG8,akdjgakjg
B092D16KHN,akdjgakjg
B09NZDTRND,akdjgakjg
B0BR47N5NB,akdjgakjg
B0BBM9SQ4P,akdjgakjg
B0002D0ADW,akdjgakjg
B07NMKRKWK,akdjgakjg
B07S1QCCMZ,akdjgakjg
B074R9QQY6,akdjgakjg
B0CQR3M3VS,akdjgakjg
B08DP48ZC8,akdjgakjg
B07VVHWFFS,akdjgakjg
B07J4JXX8Y,akdjgakjg
B0D9B3ZLW9,akdjgakjg
B08YJB4YB3,akdjgakjg
B08F1YDGDW,akdjgakjg
B0D49LJ1JV,akdjgakjg
B0CYCMMN6J,akdjgakjg
B09V1C8JRJ,akdjgakjg
B09Q335SWT,akdjgakjg
B09DGP857Y,akdjgakjg
B097RBQ5Z9,akdjgakjg
B0DFWJZ9KD,akdjgakjg
B0C1SC91TC,akdjgakjg
B0CS4SL73L,akdjgakjg
B0CR37QN9J,akdjgakjg
B0CNJN9PX5,akdjgakjg
B0CL6M5VVL,akdjgakjg
B0CH33LTN4,akdjgakjg
B0C68SD17J,akdjgakjg
B0C4PFT7XJ,akdjgakjg
B0C3H6T74L,akdjgakjg
B0C39HKRM1,akdjgakjg
B0C36BXNNX,akdjgakjg
B0C1GMNSW1,akdjgakjg
B0BXNN7XH5,akdjgakjg
B0BWYJ7YP2,akdjgakjg
B0BWDHZ8ZS,akdjgakjg
B0BVRQY1GD,akdjgakjg
B0BVHYMXT3,akdjgakjg
B0CHP4G7SR,akdjgakjg
B0CFV1CLJ7,akdjgakjg
B0BFBWN4P3,akdjgakjg
B0B6LVCS7L,akdjgakjg
B0B4JJQB26,akdjgakjg
B0B1L6B4C1,akdjgakjg
B09W2CLML6,akdjgakjg
B08DCNJCBL,akdjgakjg
B083TY6NPD,akdjgakjg
B07ZVG8NHY,akdjgakjg
B07ZS269XL,akdjgakjg
B07BHQ6ZFT,akdjgakjg
B07BGK43DD,akdjgakjg
B00ND8G794,akdjgakjg
B0DS28CGJS,akdjgakjg
B0DQYKDGGS,akdjgakjg
B01G276GHK,akdjgakjg
B0DPFT8ZPL,akdjgakjg
B0CCRR6NGF,akdjgakjg
B08CXX57M6,akdjgakjg
B087RSXSV4,akdjgakjg
B07CXK6MDQ,akdjgakjg
B0CCTGXLWK,akdjgakjg
B0C4Y7VRP1,akdjgakjg
B09NQWSTZT,akdjgakjg
B09CN5H32S,akdjgakjg
B004U5FXTY,akdjgakjg
B0DG7Y4JNC,akdjgakjg
B0D9ND6J17,akdjgakjg
B0D2HB8MP3,akdjgakjg
B0CV1FFVYN,akdjgakjg
B0CRFM5XSF,akdjgakjg
B0DL5VH2LP,akdjgakjg
B0DKBNYNK5,akdjgakjg
B0DK3NQC29,akdjgakjg
B0DJR7DPZK,akdjgakjg
B0DHG1439X,akdjgakjg
B0DFLL1L43,akdjgakjg
B0DCSGM3K7,akdjgakjg
B0DBV9SL8Z,akdjgakjg
B0D9Y68QSD,akdjgakjg
B0D9PPQ77L,akdjgakjg
B0D7LJX7PS,akdjgakjg
B0D6FFWVL3,akdjgakjg
B0D5HXZMJJ,akdjgakjg
B0D41PK5FK,akdjgakjg
B0CYX16WD3,akdjgakjg
B0CW5TQ4JB,akdjgakjg
B085R7HDCW,akdjgakjg
B084RBCQ37,akdjgakjg
B084HJRJ9X,akdjgakjg
B083SHFXMV,akdjgakjg
B07ZDTD9WZ,akdjgakjg
B07PV59NNH,akdjgakjg
B07PJPH217,akdjgakjg
B07G77XZSR,akdjgakjg
B07FSVH5BS,akdjgakjg
B074TZ7MW1,akdjgakjg
B00Q797IPI,akdjgakjg
B00KV30GIC,akdjgakjg
B00K1GOGIK,akdjgakjg
B00JFIJBWG,akdjgakjg
B004HTA5IC,akdjgakjg
B00121884G,akdjgakjg
B0BTL6XWRF,akdjgakjg
B0BTGW37VQ,akdjgakjg
B0BPN2S686,akdjgakjg
B0BPJWT6GK,akdjgakjg
B0BBVZJM9C,akdjgakjg
B0B87256QH,akdjgakjg
B0B7KHV73G,akdjgakjg
B0B1M3PXG2,akdjgakjg
B09X344LH5,akdjgakjg
B09NP9ZV6Y,akdjgakjg
B09J15F4B7,akdjgakjg
B096LP457K,akdjgakjg
B093CK24NC,akdjgakjg
B091GF9X3J,akdjgakjg
B086YP2FH1,akdjgakjg
B08633D7LK,akdjgakjg
B07RZW626W,akdjgakjg
B0D9L7BQ13,akdjgakjg
B0C3SN7DM9,akdjgakjg
B002NGOH1W,akdjgakjg
B0DCVRDR6T,akdjgakjg
B07YLZ282G,akdjgakjg
B09F6RY57J,akdjgakjg
B0928JKPQB,akdjgakjg
B098F47LPL,akdjgakjg
B0BMKB3L47,akdjgakjg
B093K7Q8NW,akdjgakjg
B07THR3R3J,akdjgakjg
B01NCZLLI5,akdjgakjg
B09PYN882Z,akdjgakjg
B0B28T7BTB,akdjgakjg
B07VCDY1BS,akdjgakjg
B085CC925C,akdjgakjg
B0CS3STD13,akdjgakjg
B0DK5G457C,akdjgakjg
B073C689D6,akdjgakjg
B0CBR9VLZN,akdjgakjg
B09LQ42D48,akdjgakjg
B0D97NB4YZ,akdjgakjg
B092MW89NJ,akdjgakjg
B0CVN77L5Q,akdjgakjg
B0C6PY36Q2,akdjgakjg
B0CTF77VLZ,akdjgakjg
B07V2L8ZVN,akdjgakjg
B0CKTGXJDR,akdjgakjg
B0BJNHL5TS,akdjgakjg
B0C654Y93P,akdjgakjg
B076TP9ZLZ,akdjgakjg
B0BZ7VPN5N,akdjgakjg
B0B8VGCG74,akdjgakjg
B0BHS3WK2Q,akdjgakjg
B08KTZDZ3C,akdjgakjg
B0BFK88V3L,akdjgakjg
B0C2ZTMR9F,akdjgakjg
B08HSZXV2K,akdjgakjg
B0848DSPH9,akdjgakjg
B08F2ZGDX9,akdjgakjg
B0C2YK9NCJ,akdjgakjg
B08BYJFLHD,akdjgakjg
B0D9JX83QM,akdjgakjg
B07TG8T2QF,akdjgakjg
B0BZ43BKS9,akdjgakjg
B015HZPBDS,akdjgakjg
B08J9WJSCD,akdjgakjg
B0BS3W6PM5,akdjgakjg
B003C18NQM,akdjgakjg
B00UY0TO3U,akdjgakjg
B008277N80,akdjgakjg
B0B48Q46J9,akdjgakjg
B09FGMQPZ8,akdjgakjg
B0D32G3WLN,akdjgakjg
B0BGJRJ875,akdjgakjg
B07BZ2KXTN,akdjgakjg
B06WGLNY6Q,akdjgakjg
B0002H0RXG,akdjgakjg
B0CYLT212H,akdjgakjg
B0C1RX8MDQ,akdjgakjg
B0BZPLRX25,akdjgakjg
B08P1NS7LV,akdjgakjg
B08MVWMW7P,akdjgakjg
B0141HU58E,akdjgakjg
B0C6KM1PYX,akdjgakjg
B08CGMRY3P,akdjgakjg
B0CPPH7VKM,akdjgakjg
B0CNWL4DY4,akdjgakjg
B0CCY8QZKM,akdjgakjg
B0BLK3VKY1,akdjgakjg
B0B1Q5CXZD,akdjgakjg
B09Z63C68G,akdjgakjg
B074NBCT9S,akdjgakjg
B00KO721QA,akdjgakjg
B0CTQPNWPY,akdjgakjg
B0CQ55ZSK8,akdjgakjg
B0C1VCR6W2,akdjgakjg
B0BWXMCY4R,akdjgakjg
B0B4DMWRB6,akdjgakjg
B07MXJM3XB,akdjgakjg
B0BVWQX1GR,akdjgakjg
B08RBNP5VR,akdjgakjg
B085G11332,akdjgakjg
B06XPZGV55,akdjgakjg
B0D2DJXJJB,akdjgakjg
B00VP577JG,akdjgakjg
B0CJ8RJRH6,akdjgakjg
B0BY4VZ327,akdjgakjg
B0DXF4627G,akdjgakjg
B0BRK9N6YB,akdjgakjg
B0CFYK4RHK,akdjgakjg
B07CZ51YC2,akdjgakjg
B0D9NTDGCJ,akdjgakjg
B0CRB21L7C,akdjgakjg
B083J98D21,akdjgakjg
B0831QSLD4,akdjgakjg
B07JBX9MZ5,akdjgakjg
B08RN2X7Q9,akdjgakjg
B013PSAWW4,akdjgakjg
B0C4761CKM,akdjgakjg
B0B55PHK62,akdjgakjg
B09X1H4WQX,akdjgakjg
B078NV7WCJ,akdjgakjg
B09J4HK4SW,akdjgakjg
B07FWYLQ5Y,akdjgakjg
B06XPVPHY2,akdjgakjg
B0CJLB8HS8,akdjgakjg
B09B126SSJ,akdjgakjg
B0946HSCQB,akdjgakjg
B0CLR93NKR,akdjgakjg
B0BW8MJNX8,akdjgakjg
B0D9NRZVCH,akdjgakjg
B07WMMDF6Y,akdjgakjg
B01M6239P4,akdjgakjg
B0055JIV20,akdjgakjg
B09CP9NLP1,akdjgakjg
B08N61R959,akdjgakjg
B08Z6TJBG7,akdjgakjg
B08LVLCVSS,akdjgakjg
B0BNZTGLQS,akdjgakjg
B0837KHS85,akdjgakjg
B097CMXRSV,akdjgakjg
B08HQVZ2PC,akdjgakjg
B0C65FG612,akdjgakjg
B0DQSBGW15,akdjgakjg
B08H2GBL9H,akdjgakjg
B0CV5GKJ7H,akdjgakjg
B0CTPPFJV2,akdjgakjg
B0CS5Q2RJ9,akdjgakjg
B0CRKB291B,akdjgakjg
B0CQ4MVTN4,akdjgakjg
B0CP7MNWLT,akdjgakjg
B0CMHQX239,akdjgakjg
B0CM6SWGRM,akdjgakjg
B0CLXXPCFW,akdjgakjg
B0CL4R9KG6,akdjgakjg
B0CKZ4HLNF,akdjgakjg
B0CFXZX3F7,akdjgakjg
B0CD9L745V,akdjgakjg
B0CBWYBY44,akdjgakjg
B0C7MJKTHV,akdjgakjg
B0C6ZWP38Y,akdjgakjg
B06Y139ZG9,akdjgakjg
B01EVJEVOG,akdjgakjg
B00IVPA8EO,akdjgakjg
B005T58NOQ,akdjgakjg
B0054RCG3I,akdjgakjg
B003YFHWNQ,akdjgakjg
B001H3LISM,akdjgakjg
B09VCRVV7K,akdjgakjg
B09L2LNSHW,akdjgakjg
B09D86QX33,akdjgakjg
B08RNG8RLQ,akdjgakjg
B085ZVBTKG,akdjgakjg
B082HDT7JW,akdjgakjg
B07N8HS6XK,akdjgakjg
B07JJXR58C,akdjgakjg
B079KQ4VR3,akdjgakjg
B00C5TUVXU,akdjgakjg
B0DR8GWXCJ,akdjgakjg
B0DMM3PDJ4,akdjgakjg
B0DLZM583P,akdjgakjg
B0DKBPTZM6,akdjgakjg
B0DHV8C3HB,akdjgakjg
B0DFVZ9QNJ,akdjgakjg
B081TP2L67,akdjgakjg
B0D8XZGSWT,akdjgakjg
B0CVQF55TL,akdjgakjg
B08QTVH884,akdjgakjg
B0BGHL5FR2,akdjgakjg
B07Y61R8SR,akdjgakjg
B07WMMQWX6,akdjgakjg
B074FGWV1M,akdjgakjg
B09ZY142J4,akdjgakjg
B0B41F8C1S,akdjgakjg
B0CGGVYV3X,akdjgakjg
B0DFY9XRCX,akdjgakjg
B0DC8LK3TL,akdjgakjg
B09PZ98LXJ,akdjgakjg
B0BZ88N2LH,akdjgakjg
B0BLBRTLDN,akdjgakjg
B0DF4TNDHX,akdjgakjg
B0DCK8JP8W,akdjgakjg
B0DCJRP3S2,akdjgakjg
B0DCG8M5DK,akdjgakjg
B0DBZCG2T8,akdjgakjg
B0DB6K83K8,akdjgakjg
B0D9PQ1KN5,akdjgakjg
B0D6QZ6RQY,akdjgakjg
B0D59WD4GW,akdjgakjg
B0D4VC9W7P,akdjgakjg
B0D25XXV8Y,akdjgakjg
B0CZRYGRJ5,akdjgakjg
B0CZLNCMT2,akdjgakjg
B0CXX733KT,akdjgakjg
B0CXHRRQCK,akdjgakjg
B0CW36DY8C,akdjgakjg
B0C6JVT8GK,akdjgakjg
B0C65GQGVM,akdjgakjg
B0C1FXYDLL,akdjgakjg
B0BZJ622VN,akdjgakjg
B0BZCPGVQG,akdjgakjg
B0BWR2CS96,akdjgakjg
B0BSHCYP2H,akdjgakjg
B0BNGBNF46,akdjgakjg
B0BN2W8R2F,akdjgakjg
B0BJ6GH17X,akdjgakjg
B0BF9C4BPG,akdjgakjg
B0B75RSP9F,akdjgakjg
B0B6FYHD89,akdjgakjg
B0B27TZ9ZT,akdjgakjg
B09XQTB9HL,akdjgakjg
B09SFVNX63,akdjgakjg
B09RQGC86K,akdjgakjg
B09QK596X1,akdjgakjg
B09J12FL68,akdjgakjg
B086X723XF,akdjgakjg
B084Q5M2CG,akdjgakjg
B0828T5NGK,akdjgakjg
B081H9S6DD,akdjgakjg
B07WJ8T4Y2,akdjgakjg
B07W5X25FP,akdjgakjg
B07RM5G6FQ,akdjgakjg
B07Q844KLR,akdjgakjg
B07NJB2L44,akdjgakjg
B07MYMMK17,akdjgakjg
B07KKJDKTT,akdjgakjg
B07HF79BPF,akdjgakjg
B07FSSD1GZ,akdjgakjg
B0BPDVZVTW,akdjgakjg
B0BJPT3Z68,akdjgakjg
B082KP7SFW,akdjgakjg
B0B48GR1SH,akdjgakjg
B0D3KZKPLP,akdjgakjg
B0B18CT2XQ,akdjgakjg
B0BLK49K9N,akdjgakjg
B077VV3QSZ,akdjgakjg
B08C7VGJPX,akdjgakjg
B01MQ2JY2T,akdjgakjg
B0CQCYSYFC,akdjgakjg
B09Z1TPT6X,akdjgakjg
B0BWXV4SH9,akdjgakjg
B0CHB2YKQT,akdjgakjg
B07573XB41,akdjgakjg
B0CJ4GQ52C,akdjgakjg
B0CBPYRVJK,akdjgakjg
B0CKBNSHHC,akdjgakjg
B07FNN38XR,akdjgakjg
B0CC2K8VZG,akdjgakjg
B0BPM6SL2X,akdjgakjg
1734836466,akdjgakjg
B07K7ZDRHS,akdjgakjg
B06ZXWSSZL,akdjgakjg
B00FBGKCHE,akdjgakjg
B076NB258F,akdjgakjg
B0C49C5N5Y,akdjgakjg
B07MXMN1MY,akdjgakjg
B0D6VP9RFC,akdjgakjg
B084QH5HFT,akdjgakjg
B0813W9MZ6,akdjgakjg
B005JM2YQW,akdjgakjg
B09W5GDD6F,akdjgakjg
B0915C5NC6,akdjgakjg
B07QS49GW2,akdjgakjg
B0C4DMHJBT,akdjgakjg
B09SZBD65P,akdjgakjg
B0D5D64R6G,akdjgakjg
B0CN9N5VNX,akdjgakjg
B0C73XXF47,akdjgakjg
B0C6651WYW,akdjgakjg
B0B6NGPSDP,akdjgakjg
B09QXK99ZJ,akdjgakjg
B0881XKBY7,akdjgakjg
B073GH3R39,akdjgakjg
B0D4TW24GL,akdjgakjg
B0BKZQWNQ9,akdjgakjg
B087MSYB4T,akdjgakjg
B0B41YLLY9,akdjgakjg
B06X9BFTGG,akdjgakjg
B00IUPP9DK,akdjgakjg
B0DG5DCP8B,akdjgakjg
B0B5XH5JSD,akdjgakjg
B092D6HJT3,akdjgakjg
B0D9GHGJMC,akdjgakjg
B0BX2CGHFD,akdjgakjg
B01N94QYQN,akdjgakjg
B0C7QHLXRL,akdjgakjg
B01MR2NJLS,akdjgakjg
B0DHJ92F29,akdjgakjg
B09C5DZ8G2,akdjgakjg
B083J4YJFL,akdjgakjg
B08JLJSLTB,akdjgakjg
B0DRPBFQ83,akdjgakjg
B0C741893L,akdjgakjg
B0C6YVBQLY,akdjgakjg
B0C692Z16X,akdjgakjg
B0C5HL954C,akdjgakjg
B0C4W1Q6YJ,akdjgakjg
B0C1BG7SN7,akdjgakjg
B0BXH7J8RS,akdjgakjg
B0BWHG4CPJ,akdjgakjg
B0B55YD5VY,akdjgakjg
B0B2P95BS7,akdjgakjg
B09WMTHHXV,akdjgakjg
B09S41P4ST,akdjgakjg
B09JZCLL7B,akdjgakjg
B09GQYDVFD,akdjgakjg
B08BJDRJG6,akdjgakjg
B08629682J,akdjgakjg
B0D82Z5LS6,akdjgakjg
B0BY66LCWQ,akdjgakjg
B0DMM2N7GH,akdjgakjg
B06WVGXZCT,akdjgakjg
B006K409QU,akdjgakjg
B08KPLWZ45,akdjgakjg
B07X8QWGQM,akdjgakjg
B07Q4SYCHG,akdjgakjg
B07HWXYB35,akdjgakjg
B006K42QOI,akdjgakjg
B08BTLPM3K,akdjgakjg
B0CZNDXCD5,akdjgakjg
B07VRQH5WC,akdjgakjg
B0C6Q4L4B9,akdjgakjg
B01LWWVD0J,akdjgakjg
B0C24NJRTK,akdjgakjg
B085RMLCML,akdjgakjg
B084Q68655,akdjgakjg
B082QPRF5Y,akdjgakjg
B081NJBP95,akdjgakjg
B07X9FHLXF,akdjgakjg
B07VW961VR,akdjgakjg
B07R7T6LZQ,akdjgakjg
B07KVYHYQZ,akdjgakjg
B07KQL8YY6,akdjgakjg
B07GS5C1RR,akdjgakjg
B077KFNZMG,akdjgakjg
B075W4XDJL,akdjgakjg
B01K82632I,akdjgakjg
B0108SZCTM,akdjgakjg
B0012AHGNQ,akdjgakjg
B0DLFT84JR,akdjgakjg
B0DK7V6F2K,akdjgakjg
B0DJ5PZYFW,akdjgakjg
B0DF4KRQVH,akdjgakjg
B0DCS6YL11,akdjgakjg
B0DBZCQL59,akdjgakjg
B0DBPBQ157,akdjgakjg
B0D8PZXCWM,akdjgakjg
B0D7HC92HM,akdjgakjg
B0D767PWMY,akdjgakjg
B0D4QPS2P2,akdjgakjg
B0D4HT76TV,akdjgakjg
B0CZP4ZGPZ,akdjgakjg
B0CWSQFZ34,akdjgakjg
B0CW35Z71K,akdjgakjg
B0CVXJLDN3,akdjgakjg
B0CS6H3PN7,akdjgakjg
B0CQ53DW71,akdjgakjg
B0CNRD74QV,akdjgakjg
B0CMJ94JYF,akdjgakjg
B0CM6V3D68,akdjgakjg
B0CKHLCFGT,akdjgakjg
B0CJCK8SR1,akdjgakjg
B0CHVHTSHW,akdjgakjg
B0CHBFBX9L,akdjgakjg
B0CFQ37T31,akdjgakjg
B0CCKW1J6H,akdjgakjg
B0CC4W9FCK,akdjgakjg
B0C9PQJGMN,akdjgakjg
B0C98S5Z9Z,akdjgakjg
B0C7C7XXXL,akdjgakjg
B0BR447XZG,akdjgakjg
B075LP8G7K,akdjgakjg
B0925TPJFG,akdjgakjg
B093PLQQYW,akdjgakjg
B078Z2D8P7,akdjgakjg
B08GXXQFXZ,akdjgakjg
B0C5X8WCWM,akdjgakjg
B0BZFPCSQF,akdjgakjg
B0BFBT39ZQ,akdjgakjg
B0BYK1HWBW,akdjgakjg
B09HBRDY26,akdjgakjg
B0BF582DQY,akdjgakjg
B09Y6C3XVT,akdjgakjg
B07R3R372M,akdjgakjg
B0D9C1NLZJ,akdjgakjg
B00HNV7NPE,akdjgakjg
