item,source
B075KQM9S4,A240TNI0UGYBWG
B075JZMJHD,A240TNI0UGYBWG
B07476WG8P,A240TNI0UGYBWG
B073V3K8J5,A240TNI0UGYBWG
B073PW54GZ,A240TNI0UGYBWG
B01M2CV9PR,A240TNI0UGYBWG
B008CG60FS,A240TNI0UGYBWG
B000NIFVM6,A240TNI0UGYBWG
B0D12VDRZS,A240TNI0UGYBWG
B07326WLWM,A240TNI0UGYBWG
B0DCFQ1MDC,A240TNI0UGYBWG
B0DBQ4HF1J,A240TNI0UGYBWG
B0DBDPH1NZ,A240TNI0UGYBWG
B0D9S64B4T,A240TNI0UGYBWG
B0D9P8L6LD,A240TNI0UGYBWG
B0D9H1FLBH,A240TNI0UGYBWG
B0D925KSN2,A240TNI0UGYBWG
B0D8W76321,A240TNI0UGYBWG
B0D7H887TF,A240TNI0UGYBWG
B0D6YF4PY9,A240TNI0UGYBWG
B0D6R2YFTX,A240TNI0UGYBWG
B0D687RXSV,A240TNI0UGYBWG
B0D5B4BT7R,A240TNI0UGYBWG
B0D586R51T,A240TNI0UGYBWG
B0D5736T8F,A240TNI0UGYBWG
B0D4ZB4RQZ,A240TNI0UGYBWG
B08QMWQBCW,A240TNI0UGYBWG
B08QD2SWCY,A240TNI0UGYBWG
B08PSRCRPZ,A240TNI0UGYBWG
B08NHWJRK3,A240TNI0UGYBWG
B08MZY56HH,A240TNI0UGYBWG
B08JX44WZ6,A240TNI0UGYBWG
B08JKHTJJK,A240TNI0UGYBWG
B08JGFJPH6,A240TNI0UGYBWG
B08HWRS2SS,A240TNI0UGYBWG
B08H7LTZJ4,A240TNI0UGYBWG
B08DFCB7QD,A240TNI0UGYBWG
B08B8CZS5C,A240TNI0UGYBWG
B089R4Y686,A240TNI0UGYBWG
B089N65HD8,A240TNI0UGYBWG
B088NL4CM5,A240TNI0UGYBWG
B0881Z9792,A240TNI0UGYBWG
B0CYBCYQHT,A240TNI0UGYBWG
B0CV6RDK5V,A240TNI0UGYBWG
B0CTHS3YKH,A240TNI0UGYBWG
B0CT4VTJNG,A240TNI0UGYBWG
B0CS6N2XXV,A240TNI0UGYBWG
B0CR3N35JH,A240TNI0UGYBWG
B0CPLWRPNP,A240TNI0UGYBWG
B0CPLGPH9Y,A240TNI0UGYBWG
B0CPDJGYL7,A240TNI0UGYBWG
B0CP7RTJ85,A240TNI0UGYBWG
B0CP3YPJV1,A240TNI0UGYBWG
B0CNJ3S99K,A240TNI0UGYBWG
B0CMC1G5B5,A240TNI0UGYBWG
B0CM38T5GP,A240TNI0UGYBWG
B0CM17459N,A240TNI0UGYBWG
B0CLB5QVSV,A240TNI0UGYBWG
B0CL7DCV9T,A240TNI0UGYBWG
B0CL3FRK33,A240TNI0UGYBWG
B0CJV5NNFV,A240TNI0UGYBWG
B0CJRB8WP1,A240TNI0UGYBWG
B0CJP52XPH,A240TNI0UGYBWG
B0CJN6ZC5B,A240TNI0UGYBWG
B0CHYF21N5,A240TNI0UGYBWG
B0CH8DH1YW,A240TNI0UGYBWG
B0CGZD7YYD,A240TNI0UGYBWG
B0CGRNLKZB,A240TNI0UGYBWG
B0CGRB3YG6,A240TNI0UGYBWG
B0CGGSV9P3,A240TNI0UGYBWG
B0CGDMLGQ1,A240TNI0UGYBWG
B0CD6XS3TQ,A240TNI0UGYBWG
B0CCTZY553,A240TNI0UGYBWG
B0CC5Q6QVM,A240TNI0UGYBWG
B0BWQFKY58,A240TNI0UGYBWG
B0BWDVZK6L,A240TNI0UGYBWG
B0BW83TD8Q,A240TNI0UGYBWG
B0BW5TDFCY,A240TNI0UGYBWG
B0BVLK5XVV,A240TNI0UGYBWG
B0BVB2TRZY,A240TNI0UGYBWG
B0BRPX76TK,A240TNI0UGYBWG
B0BPC9BG23,A240TNI0UGYBWG
B0BNN8GMVZ,A240TNI0UGYBWG
B0BNLLW9MG,A240TNI0UGYBWG
B0BMVKJ9JN,A240TNI0UGYBWG
B0BHYTZB43,A240TNI0UGYBWG
B0BHY6S9VQ,A240TNI0UGYBWG
B0BHNB19PH,A240TNI0UGYBWG
B0BGN74JB3,A240TNI0UGYBWG
B0BCJV9C31,A240TNI0UGYBWG
B0C993D46P,A240TNI0UGYBWG
B0C8TMSS5V,A240TNI0UGYBWG
B0C8S5D1BF,A240TNI0UGYBWG
B0C7Q32HT4,A240TNI0UGYBWG
B0C714M9YS,A240TNI0UGYBWG
B0C6XNW7DS,A240TNI0UGYBWG
B0C5MMB22R,A240TNI0UGYBWG
B0C539VW4Z,A240TNI0UGYBWG
B0C3Y8ZVKS,A240TNI0UGYBWG
B0C2VBC71W,A240TNI0UGYBWG
B0C2GS5PPX,A240TNI0UGYBWG
B0C245B9FJ,A240TNI0UGYBWG
B0BYZCW4D3,A240TNI0UGYBWG
B0BXL1562P,A240TNI0UGYBWG
B0BXDJST1R,A240TNI0UGYBWG
B0BXD71S6G,A240TNI0UGYBWG
B0CB8KMCK6,A240TNI0UGYBWG
B0C9PP38V5,A240TNI0UGYBWG
B0C8B3XQTG,A240TNI0UGYBWG
B0C7LHN5G8,A240TNI0UGYBWG
B0C7BNC7FG,A240TNI0UGYBWG
B0C56FXDK5,A240TNI0UGYBWG
B0C5355VMJ,A240TNI0UGYBWG
B0C37HTPMG,A240TNI0UGYBWG
B0C2TZF5NX,A240TNI0UGYBWG
B0C28BR3V5,A240TNI0UGYBWG
B0C1YC1V5J,A240TNI0UGYBWG
B0C1BTFZWN,A240TNI0UGYBWG
B0BZVPVGLK,A240TNI0UGYBWG
B0BYNS15H3,A240TNI0UGYBWG
B0BYDYDGQK,A240TNI0UGYBWG
B0BX9CMHZ9,A240TNI0UGYBWG
B0BXD28LDL,A240TNI0UGYBWG
B0BWM73W6L,A240TNI0UGYBWG
B0BWDXW9WH,A240TNI0UGYBWG
B0BW3QQTCZ,A240TNI0UGYBWG
B0BVY8FXS3,A240TNI0UGYBWG
B0BTHCTFD8,A240TNI0UGYBWG
B0BTDTJBSK,A240TNI0UGYBWG
B0BTDR8N92,A240TNI0UGYBWG
B0BRQ4T2NS,A240TNI0UGYBWG
B0BQMH3FSY,A240TNI0UGYBWG
B0BP2QJFPM,A240TNI0UGYBWG
B0BN9VT4X2,A240TNI0UGYBWG
B0BN1QRZCV,A240TNI0UGYBWG
B0BN1LSCLS,A240TNI0UGYBWG
B0BMQ7ZP5Q,A240TNI0UGYBWG
B0BLZ3NMVC,A240TNI0UGYBWG
B096V3QK63,A240TNI0UGYBWG
B096RXG6ZY,A240TNI0UGYBWG
B094V9TNQJ,A240TNI0UGYBWG
B0936SS4HF,A240TNI0UGYBWG
B092D3JMXJ,A240TNI0UGYBWG
B092764JK6,A240TNI0UGYBWG
B0922R7TQG,A240TNI0UGYBWG
B08ZYY5BVX,A240TNI0UGYBWG
B08ZMGWXHV,A240TNI0UGYBWG
B08XX3M1N4,A240TNI0UGYBWG
B08X4739RM,A240TNI0UGYBWG
B08V1SJMZD,A240TNI0UGYBWG
B08T8VMTC5,A240TNI0UGYBWG
B08SHG1HWD,A240TNI0UGYBWG
B08R34CD62,A240TNI0UGYBWG
B08R23D3FS,A240TNI0UGYBWG
B0BC9SM4DK,A240TNI0UGYBWG
B0B9RYF1RB,A240TNI0UGYBWG
B0B9Q917Y4,A240TNI0UGYBWG
B0B93MBY5G,A240TNI0UGYBWG
B0B8HGYRTC,A240TNI0UGYBWG
B0B887J6PC,A240TNI0UGYBWG
B0B7NYBZHB,A240TNI0UGYBWG
B0B76MHSLV,A240TNI0UGYBWG
B0B5G6YB46,A240TNI0UGYBWG
B0B41RLSR3,A240TNI0UGYBWG
B0B3DLF3B1,A240TNI0UGYBWG
B0B36JQGR4,A240TNI0UGYBWG
B0B2NVBD8L,A240TNI0UGYBWG
B0B14TGV61,A240TNI0UGYBWG
B09Y3PQMFR,A240TNI0UGYBWG
B09XV21H7L,A240TNI0UGYBWG
B09WTR2TL1,A240TNI0UGYBWG
B09W564LV9,A240TNI0UGYBWG
B09VBXXXRM,A240TNI0UGYBWG
B09THGNFSV,A240TNI0UGYBWG
B09T6HVL23,A240TNI0UGYBWG
B09STFK5C3,A240TNI0UGYBWG
B09Q7SS63D,A240TNI0UGYBWG
B09NKM9SZZ,A240TNI0UGYBWG
B09MY4DVFS,A240TNI0UGYBWG
B09JZ2RQX5,A240TNI0UGYBWG
B09GXQV1BS,A240TNI0UGYBWG
B09CPQ6MZT,A240TNI0UGYBWG
B09B6VWXXW,A240TNI0UGYBWG
B099P9Y89Z,A240TNI0UGYBWG
B097R52K8R,A240TNI0UGYBWG
B09698BTX6,A240TNI0UGYBWG
B0D3KPY5GW,A240TNI0UGYBWG
B0D3DTJZ4P,A240TNI0UGYBWG
B0D2X3MP6L,A240TNI0UGYBWG
B0D2HN4FYM,A240TNI0UGYBWG
B0D2H26J7Y,A240TNI0UGYBWG
B0D2948F8Q,A240TNI0UGYBWG
B0D22KNN9M,A240TNI0UGYBWG
B0D1THGFBR,A240TNI0UGYBWG
B0D1KK9BKX,A240TNI0UGYBWG
B0D187324J,A240TNI0UGYBWG
B0CZ3T78JW,A240TNI0UGYBWG
B0CYWSXCPX,A240TNI0UGYBWG
B0CYT292S6,A240TNI0UGYBWG
B0CYLKSL4M,A240TNI0UGYBWG
B0CYCSJV7V,A240TNI0UGYBWG
B0CYBP8FNT,A240TNI0UGYBWG
B094F1J8HD,A240TNI0UGYBWG
B093PHCNGZ,A240TNI0UGYBWG
B092LR45TL,A240TNI0UGYBWG
B092D7ZP5Z,A240TNI0UGYBWG
B08TWH7FVG,A240TNI0UGYBWG
B08THJW12D,A240TNI0UGYBWG
B08TB1GZT7,A240TNI0UGYBWG
B08T1LLM36,A240TNI0UGYBWG
B08SM9DWQJ,A240TNI0UGYBWG
B08SHWF7SH,A240TNI0UGYBWG
B08SBXYVP4,A240TNI0UGYBWG
B08R5M8PRX,A240TNI0UGYBWG
B08Q6HM3D8,A240TNI0UGYBWG
B08PCMCS36,A240TNI0UGYBWG
B08PCFHBH6,A240TNI0UGYBWG
B08P8HXBDH,A240TNI0UGYBWG
B0CG9PP3RG,A240TNI0UGYBWG
B0CG5B8V46,A240TNI0UGYBWG
B0CFYB4JWB,A240TNI0UGYBWG
B0CFKP3F8G,A240TNI0UGYBWG
B0CFJ5KMJC,A240TNI0UGYBWG
B0CF5SKQ6D,A240TNI0UGYBWG
B0CF579RSS,A240TNI0UGYBWG
B0CDR9T4SQ,A240TNI0UGYBWG
B0CDBTH2ZL,A240TNI0UGYBWG
B0CD4GQW2M,A240TNI0UGYBWG
B0CCP7944D,A240TNI0UGYBWG
B0CBMH1LXS,A240TNI0UGYBWG
B0CBK7WQDC,A240TNI0UGYBWG
B0CBDZ2YS7,A240TNI0UGYBWG
B0C9PK8QKJ,A240TNI0UGYBWG
B0C9DNSCZH,A240TNI0UGYBWG
B081217DLC,A240TNI0UGYBWG
B07ZYLY1D5,A240TNI0UGYBWG
B07Z8QCWKD,A240TNI0UGYBWG
B07XFYXH2W,A240TNI0UGYBWG
B07X51QSYH,A240TNI0UGYBWG
B07X2781D3,A240TNI0UGYBWG
B07WZJDXWX,A240TNI0UGYBWG
B07VQR2VY9,A240TNI0UGYBWG
B07RJSWXP8,A240TNI0UGYBWG
B07R2Q6VTQ,A240TNI0UGYBWG
B07Q1PC9SZ,A240TNI0UGYBWG
B07PCP3VQG,A240TNI0UGYBWG
B07NTRB5DD,A240TNI0UGYBWG
B07N2M52LT,A240TNI0UGYBWG
B07MT9MTNF,A240TNI0UGYBWG
B07HJ5W3CQ,A240TNI0UGYBWG
B0DG22NQYH,A240TNI0UGYBWG
B0DDCBWNWP,A240TNI0UGYBWG
B0DB53C9TS,A240TNI0UGYBWG
B0D9LF1LLT,A240TNI0UGYBWG
B0D8LDK1C7,A240TNI0UGYBWG
B0D7BZQM64,A240TNI0UGYBWG
B0D731K7TT,A240TNI0UGYBWG
B0D6786JX8,A240TNI0UGYBWG
B0D4TSJC7H,A240TNI0UGYBWG
B0D4QBXMPQ,A240TNI0UGYBWG
B0D4MRM814,A240TNI0UGYBWG
B0D3MCFLDN,A240TNI0UGYBWG
B0D3BBJZWB,A240TNI0UGYBWG
B0D2TKTRBY,A240TNI0UGYBWG
B0D1G3CTLB,A240TNI0UGYBWG
B0CZZY1LPX,A240TNI0UGYBWG
B0C9LVVXZ7,A240TNI0UGYBWG
B0C7VNXL7V,A240TNI0UGYBWG
B0C746ZYCF,A240TNI0UGYBWG
B0C5WQ9YNP,A240TNI0UGYBWG
B0C54WHMYR,A240TNI0UGYBWG
B0C4TFDPPX,A240TNI0UGYBWG
B0C4KLWC8N,A240TNI0UGYBWG
B0C3VG1STH,A240TNI0UGYBWG
B0C27MNBQZ,A240TNI0UGYBWG
B0C1YKP78Q,A240TNI0UGYBWG
B0C1YFGZ9D,A240TNI0UGYBWG
B0BYCR6VRB,A240TNI0UGYBWG
B0BY7552V9,A240TNI0UGYBWG
B0BY432F5M,A240TNI0UGYBWG
B0BY2R1BN9,A240TNI0UGYBWG
B0BY1KY6GW,A240TNI0UGYBWG
B0BXPHK65K,A240TNI0UGYBWG
B0BXJ5MGRX,A240TNI0UGYBWG
B0BVLL5HL4,A240TNI0UGYBWG
B0BVCW11NT,A240TNI0UGYBWG
B0BSN1ZT8H,A240TNI0UGYBWG
B0BS6JYWM5,A240TNI0UGYBWG
B0BR7YX5YY,A240TNI0UGYBWG
B0BMXGKB7K,A240TNI0UGYBWG
B0BMVXFRTN,A240TNI0UGYBWG
B0BMTYYG6L,A240TNI0UGYBWG
B0BMTXX37W,A240TNI0UGYBWG
B0BMJCM9FM,A240TNI0UGYBWG
B0BM3FX375,A240TNI0UGYBWG
B0BLG7HQSQ,A240TNI0UGYBWG
B0BLBC3C3D,A240TNI0UGYBWG
B0BL21GS8Q,A240TNI0UGYBWG
B088851H9J,A240TNI0UGYBWG
B0859C1RPT,A240TNI0UGYBWG
B0852Z8G14,A240TNI0UGYBWG
B084YQ2KN5,A240TNI0UGYBWG
B07XTPPRH5,A240TNI0UGYBWG
B07X4XQ667,A240TNI0UGYBWG
B07WQ37DDP,A240TNI0UGYBWG
B07WCK5ZM6,A240TNI0UGYBWG
B07VQRRRMC,A240TNI0UGYBWG
B07VK5XM2C,A240TNI0UGYBWG
B07VFRWYTJ,A240TNI0UGYBWG
B07TC6PSDN,A240TNI0UGYBWG
B07T84HSSG,A240TNI0UGYBWG
B07T84GSHK,A240TNI0UGYBWG
B07SRC724L,A240TNI0UGYBWG
B07SNCDXY9,A240TNI0UGYBWG
B0B5SNS71N,A240TNI0UGYBWG
B0B57PCCBW,A240TNI0UGYBWG
B0B52JXBQ1,A240TNI0UGYBWG
B0B4FKSH8Y,A240TNI0UGYBWG
B0B3RYDQ3Q,A240TNI0UGYBWG
B0B2QVQR33,A240TNI0UGYBWG
B0B216T4Z9,A240TNI0UGYBWG
B0B1713VSJ,A240TNI0UGYBWG
B09WDSCYSC,A240TNI0UGYBWG
B09V7L2R89,A240TNI0UGYBWG
B09V2NRSJR,A240TNI0UGYBWG
B09TKWJ5C2,A240TNI0UGYBWG
B09STC7LL9,A240TNI0UGYBWG
B09QYDBFYP,A240TNI0UGYBWG
B09PB1Z3XM,A240TNI0UGYBWG
B09NM1F914,A240TNI0UGYBWG
B093QNL3PP,A240TNI0UGYBWG
B093MKH427,A240TNI0UGYBWG
B092P4X1MW,A240TNI0UGYBWG
B08VD23WJ4,A240TNI0UGYBWG
B08T68P665,A240TNI0UGYBWG
B08SM6S16M,A240TNI0UGYBWG
B08RYHJL25,A240TNI0UGYBWG
B08PF5BYLM,A240TNI0UGYBWG
B08J4HX5Q8,A240TNI0UGYBWG
B08J2L3LWJ,A240TNI0UGYBWG
B08GB9YCSK,A240TNI0UGYBWG
B08F345QK3,A240TNI0UGYBWG
B08D8PRTW7,A240TNI0UGYBWG
B08CZMYP53,A240TNI0UGYBWG
B089LQ2K2Z,A240TNI0UGYBWG
B0894HC2DH,A240TNI0UGYBWG
B086S3Z7DN,A240TNI0UGYBWG
B085B6YRDR,A240TNI0UGYBWG
B0836WB125,A240TNI0UGYBWG
B082SBHKN2,A240TNI0UGYBWG
B07Z5SNJ1F,A240TNI0UGYBWG
B07Y9DY69B,A240TNI0UGYBWG
B07XKQXRBW,A240TNI0UGYBWG
B07X37W4YG,A240TNI0UGYBWG
B07WZPY3S1,A240TNI0UGYBWG
B07RSR4JWP,A240TNI0UGYBWG
B07RQCT13K,A240TNI0UGYBWG
B07PR9KGY4,A240TNI0UGYBWG
B07L9MHVGM,A240TNI0UGYBWG
B07KDNK5PF,A240TNI0UGYBWG
B07JBXJJ8V,A240TNI0UGYBWG
B07HJ54LTD,A240TNI0UGYBWG
B0BKXQ8BMY,A240TNI0UGYBWG
B0BKG76HBK,A240TNI0UGYBWG
B0BGPM3T4S,A240TNI0UGYBWG
B0BG7VSBDQ,A240TNI0UGYBWG
B0BFK6MNN9,A240TNI0UGYBWG
B0BC88Q1DD,A240TNI0UGYBWG
B0BBVCLPC4,A240TNI0UGYBWG
B0BB9QYXLV,A240TNI0UGYBWG
B0B8RYYZ8Z,A240TNI0UGYBWG
B0B87QVRJW,A240TNI0UGYBWG
B0B81FTR2W,A240TNI0UGYBWG
B0B7WG85XZ,A240TNI0UGYBWG
B0B6NMBM3M,A240TNI0UGYBWG
B0B4CFYQDL,A240TNI0UGYBWG
B09ZQR9T8Y,A240TNI0UGYBWG
B09ZB4HTH1,A240TNI0UGYBWG
B0759ZQH8C,A240TNI0UGYBWG
B01N3ZT6D9,A240TNI0UGYBWG
B07QH365ZX,A240TNI0UGYBWG
B0BR9G9TGY,A240TNI0UGYBWG
B0B8D5JF35,A240TNI0UGYBWG
B07HCY6XNK,A240TNI0UGYBWG
B07GCR7KTR,A240TNI0UGYBWG
B07CKLRG4B,A240TNI0UGYBWG
B07B6DBBCS,A240TNI0UGYBWG
B07B6BLRYP,A240TNI0UGYBWG
B077VTV1QD,A240TNI0UGYBWG
B077S86DGF,A240TNI0UGYBWG
B075RC44YT,A240TNI0UGYBWG
B075JBBBZW,A240TNI0UGYBWG
B071X9F3MS,A240TNI0UGYBWG
B01JZNLNCG,A240TNI0UGYBWG
B01H21XTG6,A240TNI0UGYBWG
B01B43XRJM,A240TNI0UGYBWG
B00S1UQ5MI,A240TNI0UGYBWG
B00PWW8ZE4,A240TNI0UGYBWG
B00AXB89PY,A240TNI0UGYBWG
B0CNR37SF4,A240TNI0UGYBWG
B0CN6SC92B,A240TNI0UGYBWG
B0CMT9TZB3,A240TNI0UGYBWG
B0CMQM7FSL,A240TNI0UGYBWG
B0CLHRSV3S,A240TNI0UGYBWG
B0CLG7LK3Z,A240TNI0UGYBWG
B0CK1JMF6N,A240TNI0UGYBWG
B0CJNQ32RG,A240TNI0UGYBWG
B0CJLC78C7,A240TNI0UGYBWG
B0CJ2W24YP,A240TNI0UGYBWG
B0CHJBW914,A240TNI0UGYBWG
B0CGZPHZKQ,A240TNI0UGYBWG
B0CGHWWWGS,A240TNI0UGYBWG
B0CG8SFK6R,A240TNI0UGYBWG
B0CG5J91NV,A240TNI0UGYBWG
B0CFQ9X8QX,A240TNI0UGYBWG
B0BK183JX8,A240TNI0UGYBWG
B0BHWKH3FX,A240TNI0UGYBWG
B0BGSDVDZT,A240TNI0UGYBWG
B0BGN9S4CF,A240TNI0UGYBWG
B0BGLTVSM8,A240TNI0UGYBWG
B0BFCN3GWC,A240TNI0UGYBWG
B0BDFFBLBL,A240TNI0UGYBWG
B0BB2SF3VT,A240TNI0UGYBWG
B0B8R7KST9,A240TNI0UGYBWG
B0B8NYLXVZ,A240TNI0UGYBWG
B0B8JLFG1F,A240TNI0UGYBWG
B0B8HKC3P4,A240TNI0UGYBWG
B0B8H84RJY,A240TNI0UGYBWG
B0B85XL2LF,A240TNI0UGYBWG
B0B63DXGR6,A240TNI0UGYBWG
B0B5XYP1Z9,A240TNI0UGYBWG
B0CXCH26L8,A240TNI0UGYBWG
B0CX7R5LT1,A240TNI0UGYBWG
B0CWRDRTJP,A240TNI0UGYBWG
B0CW97HLTC,A240TNI0UGYBWG
B0CVVNSGHR,A240TNI0UGYBWG
B0CT5C2KWC,A240TNI0UGYBWG
B0CSYW8SPZ,A240TNI0UGYBWG
B0CSYGY6CJ,A240TNI0UGYBWG
B0CS6DCK62,A240TNI0UGYBWG
B0CRF7H2D1,A240TNI0UGYBWG
B0CRB21PH8,A240TNI0UGYBWG
B0CQYBDKB4,A240TNI0UGYBWG
B0CQY59F9H,A240TNI0UGYBWG
B0CQXLBDRX,A240TNI0UGYBWG
B0CPF782HB,A240TNI0UGYBWG
B0CP4B81XH,A240TNI0UGYBWG
B0D2THHJ3Q,A240TNI0UGYBWG
B0D2L7LFNY,A240TNI0UGYBWG
B0D2CPWHTY,A240TNI0UGYBWG
B0D1XWJT63,A240TNI0UGYBWG
B0D1GBHR8K,A240TNI0UGYBWG
B0CZNPSWS2,A240TNI0UGYBWG
B0CZN2WVGN,A240TNI0UGYBWG
B0CZ97S72M,A240TNI0UGYBWG
B0CZ6PSJ2R,A240TNI0UGYBWG
B0CZ6JMKLV,A240TNI0UGYBWG
B0CZ3JK6Z7,A240TNI0UGYBWG
B0CZ1VTGXF,A240TNI0UGYBWG
B0CYZY8FCG,A240TNI0UGYBWG
B0CYWYSLBR,A240TNI0UGYBWG
B0CYPRJ9LM,A240TNI0UGYBWG
B0CXSFFKPG,A240TNI0UGYBWG
B0CC99YZ8T,A240TNI0UGYBWG
B0CC8V53DF,A240TNI0UGYBWG
B0CC4T3RSP,A240TNI0UGYBWG
B0CBHMGYDF,A240TNI0UGYBWG
B0C9PM5838,A240TNI0UGYBWG
B0C8VLNDDS,A240TNI0UGYBWG
B0C7BXXFLG,A240TNI0UGYBWG
B0C7BV5SZ7,A240TNI0UGYBWG
B0C6ZG43XR,A240TNI0UGYBWG
B0C5MMS935,A240TNI0UGYBWG
B0C54R4YRK,A240TNI0UGYBWG
B0C27W9733,A240TNI0UGYBWG
B0C22DVK52,A240TNI0UGYBWG
B0BZ4G7J5N,A240TNI0UGYBWG
B0BYYMKW9W,A240TNI0UGYBWG
B0BYLZDT1X,A240TNI0UGYBWG
B0CJY77MR8,A240TNI0UGYBWG
B0CJJMJQPG,A240TNI0UGYBWG
B0CJFZLPKP,A240TNI0UGYBWG
B0CJDV1Z6K,A240TNI0UGYBWG
B0CJ9FWW8D,A240TNI0UGYBWG
B0CJ5FHV59,A240TNI0UGYBWG
B0CHVJJ28V,A240TNI0UGYBWG
B0CHS3S6W9,A240TNI0UGYBWG
B0CHJ79CSN,A240TNI0UGYBWG
B0CH4HS75R,A240TNI0UGYBWG
B0CH13RCMS,A240TNI0UGYBWG
B0CGL81SND,A240TNI0UGYBWG
B0CF7R8BFC,A240TNI0UGYBWG
B0CDPK7213,A240TNI0UGYBWG
B0CDLG58B6,A240TNI0UGYBWG
B0CCBWP182,A240TNI0UGYBWG
B08P8GKTWH,A240TNI0UGYBWG
B08NN8QDT1,A240TNI0UGYBWG
B08HYNNFM2,A240TNI0UGYBWG
B08H8W3RSG,A240TNI0UGYBWG
B08H1HXKLF,A240TNI0UGYBWG
B08F48LR45,A240TNI0UGYBWG
B08B646HP4,A240TNI0UGYBWG
B08B1F6S1P,A240TNI0UGYBWG
B0895WKY4J,A240TNI0UGYBWG
B087WK3SMX,A240TNI0UGYBWG
B087BL9C1K,A240TNI0UGYBWG
B086Z8M8WJ,A240TNI0UGYBWG
B082VYBSTW,A240TNI0UGYBWG
B082V4JNSS,A240TNI0UGYBWG
B081R31HP1,A240TNI0UGYBWG
B081F2G814,A240TNI0UGYBWG
B07RN8RGZ5,A240TNI0UGYBWG
B07QNSL586,A240TNI0UGYBWG
B07Q25248J,A240TNI0UGYBWG
B07PRFZW9B,A240TNI0UGYBWG
B07PM6FPKR,A240TNI0UGYBWG
B07NQHKRXB,A240TNI0UGYBWG
B07NKBBHL6,A240TNI0UGYBWG
B07MXWTGMM,A240TNI0UGYBWG
B07K7TZ2PT,A240TNI0UGYBWG
B07JPZJK9M,A240TNI0UGYBWG
B07HKPD3SX,A240TNI0UGYBWG
B07HCV2WXH,A240TNI0UGYBWG
B07GSF8RPF,A240TNI0UGYBWG
B07GPQX7BP,A240TNI0UGYBWG
B07B4WJH1D,A240TNI0UGYBWG
B075JPW8XP,A240TNI0UGYBWG
B0CZVCRKC4,A240TNI0UGYBWG
B0CYBW8YQV,A240TNI0UGYBWG
B0CYBQXXXT,A240TNI0UGYBWG
B0CXS6WDG1,A240TNI0UGYBWG
B0CXJ7Z7ZY,A240TNI0UGYBWG
B0CX8RPL1X,A240TNI0UGYBWG
B0CWWWFZ16,A240TNI0UGYBWG
B0CWGPLQG8,A240TNI0UGYBWG
B0CVXFLY9Q,A240TNI0UGYBWG
B0CTTNVWYW,A240TNI0UGYBWG
B0CT5MGS1V,A240TNI0UGYBWG
B0CS9QMQMW,A240TNI0UGYBWG
B0CRM1B677,A240TNI0UGYBWG
B0CQ1YPMYQ,A240TNI0UGYBWG
B0CPPFKRD8,A240TNI0UGYBWG
B0CNRMB3FJ,A240TNI0UGYBWG
B0045U4MNC,A240TNI0UGYBWG
B0BJZ1JC4M,A240TNI0UGYBWG
B0D3LX192P,A240TNI0UGYBWG
B08K33SHF4,A240TNI0UGYBWG
B0826MYC3B,A240TNI0UGYBWG
B07SJPCD48,A240TNI0UGYBWG
B078SRL4DP,A240TNI0UGYBWG
B0BFNNQXWH,A240TNI0UGYBWG
B0BDKL9BXJ,A240TNI0UGYBWG
B0BC1BJ817,A240TNI0UGYBWG
B0BBW95435,A240TNI0UGYBWG
B0BB6MCL21,A240TNI0UGYBWG
B0B8CV4SS9,A240TNI0UGYBWG
B0B7JKSLSJ,A240TNI0UGYBWG
B0B5MZK718,A240TNI0UGYBWG
B0B56Y1XK6,A240TNI0UGYBWG
B0B3RW6RDL,A240TNI0UGYBWG
B0B31B3PDC,A240TNI0UGYBWG
B0B2K4PPH8,A240TNI0UGYBWG
B0B1X3KL87,A240TNI0UGYBWG
B0B1N6FG4J,A240TNI0UGYBWG
B0B14RDT32,A240TNI0UGYBWG
B09ZQBJFCB,A240TNI0UGYBWG
B09YNH5QXT,A240TNI0UGYBWG
B09YK4QMG5,A240TNI0UGYBWG
B09WDG9BYZ,A240TNI0UGYBWG
B09VGCHNC7,A240TNI0UGYBWG
B09V586N1M,A240TNI0UGYBWG
B09V2T1S92,A240TNI0UGYBWG
B09TXV7NC4,A240TNI0UGYBWG
B09TSK27PF,A240TNI0UGYBWG
B09TKKGQJP,A240TNI0UGYBWG
B09QXDRZ52,A240TNI0UGYBWG
B09Q1XFRBY,A240TNI0UGYBWG
B09MZT5LB2,A240TNI0UGYBWG
B09MCRY8TX,A240TNI0UGYBWG
B09K786V22,A240TNI0UGYBWG
B09BN8Z6WJ,A240TNI0UGYBWG
B09BHY5LNL,A240TNI0UGYBWG
B0D9RYKTMB,A240TNI0UGYBWG
B0D9NT5MXX,A240TNI0UGYBWG
B0D9GYMK3V,A240TNI0UGYBWG
B0D99DGMNT,A240TNI0UGYBWG
B0D961F67W,A240TNI0UGYBWG
B0D8T5XYKM,A240TNI0UGYBWG
B0D7ZTNFFK,A240TNI0UGYBWG
B0D79KWY9N,A240TNI0UGYBWG
B0D72Z92N3,A240TNI0UGYBWG
B0D6XW9X1Y,A240TNI0UGYBWG
B0D6K4QWTQ,A240TNI0UGYBWG
B0D6GHSG1S,A240TNI0UGYBWG
B0D66BBSW5,A240TNI0UGYBWG
B0D5CN6YH6,A240TNI0UGYBWG
B0D4Q5P8T1,A240TNI0UGYBWG
B0D4H1S3NQ,A240TNI0UGYBWG
B09ND899RW,A240TNI0UGYBWG
B09LYH5QKG,A240TNI0UGYBWG
B09LSDCH1C,A240TNI0UGYBWG
B09KH161D8,A240TNI0UGYBWG
B09K5MSXH8,A240TNI0UGYBWG
B09JBXYRXZ,A240TNI0UGYBWG
B09HBPBJCZ,A240TNI0UGYBWG
B09GJXCZL7,A240TNI0UGYBWG
B09FPSH1XX,A240TNI0UGYBWG
B09CPGGVLW,A240TNI0UGYBWG
B097R9L1PY,A240TNI0UGYBWG
B097PYBDWH,A240TNI0UGYBWG
B096V2NLWV,A240TNI0UGYBWG
B096NR435Q,A240TNI0UGYBWG
B096L61712,A240TNI0UGYBWG
B094HS8L4F,A240TNI0UGYBWG
B0D9PZXL69,A240TNI0UGYBWG
B0D9NNWS9N,A240TNI0UGYBWG
B0D9J8NYBT,A240TNI0UGYBWG
B0D9GN8GWG,A240TNI0UGYBWG
B0D8TQ2NK2,A240TNI0UGYBWG
B0D8FKPVBJ,A240TNI0UGYBWG
B0D83N73BT,A240TNI0UGYBWG
B0D6W5BS4V,A240TNI0UGYBWG
B0D5B6VTKM,A240TNI0UGYBWG
B0D4ZLQ41P,A240TNI0UGYBWG
B0D3X3N1TF,A240TNI0UGYBWG
B0D3SSFHDD,A240TNI0UGYBWG
B0D3HHCVNV,A240TNI0UGYBWG
B0D2VJVG6B,A240TNI0UGYBWG
B0D2HWN4TD,A240TNI0UGYBWG
B0D2HV9YDZ,A240TNI0UGYBWG
B0CSD4GWLY,A240TNI0UGYBWG
B0CRYTY65P,A240TNI0UGYBWG
B0CRR5Q56P,A240TNI0UGYBWG
B0CRQY45SN,A240TNI0UGYBWG
B0CRKTPL3N,A240TNI0UGYBWG
B0CRHJT5D9,A240TNI0UGYBWG
B0CRGNKHVW,A240TNI0UGYBWG
B0CR85SB75,A240TNI0UGYBWG
B0CPY8H92M,A240TNI0UGYBWG
B0CPHYM6MJ,A240TNI0UGYBWG
B0CNV9FSX3,A240TNI0UGYBWG
B0CN8SW3NH,A240TNI0UGYBWG
B0CMXHNLR1,A240TNI0UGYBWG
B0CMTLFG3Y,A240TNI0UGYBWG
B0CMTF7JRP,A240TNI0UGYBWG
B0CLHTW6BC,A240TNI0UGYBWG
B0C7MPZDCV,A240TNI0UGYBWG
B0C71N246F,A240TNI0UGYBWG
B0C6SWSNVB,A240TNI0UGYBWG
B0C6KNT6NF,A240TNI0UGYBWG
B0C5ZZMWJM,A240TNI0UGYBWG
B0C54XBSK2,A240TNI0UGYBWG
B0C4YR7WHW,A240TNI0UGYBWG
B0C3VMJC2H,A240TNI0UGYBWG
B0C3LR9RWJ,A240TNI0UGYBWG
B0C28BSD2F,A240TNI0UGYBWG
B0C1L2SGYL,A240TNI0UGYBWG
B0BZR8HH6D,A240TNI0UGYBWG
B0BZHXZM3L,A240TNI0UGYBWG
B0BZFMJS3V,A240TNI0UGYBWG
B0BZ572QD5,A240TNI0UGYBWG
B0BYRRYS11,A240TNI0UGYBWG
B0CJR5BYC1,A240TNI0UGYBWG
B0CJ4W8FZY,A240TNI0UGYBWG
B0CJ4P4J3T,A240TNI0UGYBWG
B0CH9NQYZD,A240TNI0UGYBWG
B0CGX9WJ2X,A240TNI0UGYBWG
B0CGM13JX5,A240TNI0UGYBWG
B0CG9FZLR2,A240TNI0UGYBWG
B0CG5B9T8C,A240TNI0UGYBWG
B0CG4QXTWB,A240TNI0UGYBWG
B0CDP4BZKT,A240TNI0UGYBWG
B0CDGB3M1N,A240TNI0UGYBWG
B0CCHYQ6TS,A240TNI0UGYBWG
B0CBFCY3VY,A240TNI0UGYBWG
B0CB7JXH7N,A240TNI0UGYBWG
B0C9MFS3NQ,A240TNI0UGYBWG
B0C96SM5VJ,A240TNI0UGYBWG
B0BYMCRS3N,A240TNI0UGYBWG
B0BWRCVHPD,A240TNI0UGYBWG
B0BW832JFZ,A240TNI0UGYBWG
B0BVQX3SRY,A240TNI0UGYBWG
B0BVQLPWGH,A240TNI0UGYBWG
B0BVLLS4V1,A240TNI0UGYBWG
B0BRWJ2F1W,A240TNI0UGYBWG
B0BRN8B8SD,A240TNI0UGYBWG
B0BR9Q31NN,A240TNI0UGYBWG
B0BNNC2PWT,A240TNI0UGYBWG
B0BN8BWRPC,A240TNI0UGYBWG
B0BM47NNL2,A240TNI0UGYBWG
B0BLRW2Q6K,A240TNI0UGYBWG
B0BLH51HMR,A240TNI0UGYBWG
B0BL9TP5H3,A240TNI0UGYBWG
B0BHY6GMMT,A240TNI0UGYBWG
B09DXFFP22,A240TNI0UGYBWG
B09BZ5KKH6,A240TNI0UGYBWG
B08YYMS42T,A240TNI0UGYBWG
B08XYRS8ZQ,A240TNI0UGYBWG
B08XB67V4J,A240TNI0UGYBWG
B08MJSQ3NS,A240TNI0UGYBWG
B08L8FDXZM,A240TNI0UGYBWG
B08KS1QSVM,A240TNI0UGYBWG
B08JCD9JZ4,A240TNI0UGYBWG
B08HXS3SM8,A240TNI0UGYBWG
B08GBVHDRK,A240TNI0UGYBWG
B08FQQQB63,A240TNI0UGYBWG
B08F3PTCW8,A240TNI0UGYBWG
B08F2WC4ZT,A240TNI0UGYBWG
B08D3X83L7,A240TNI0UGYBWG
B08CNN8LBB,A240TNI0UGYBWG
B088YKN549,A240TNI0UGYBWG
B084V7NHDB,A240TNI0UGYBWG
B083TDFFQN,A240TNI0UGYBWG
B07ZFRRN62,A240TNI0UGYBWG
B07WJ8FY2J,A240TNI0UGYBWG
B07W4DS2QT,A240TNI0UGYBWG
B07T9KGCZT,A240TNI0UGYBWG
B07T5RL3DM,A240TNI0UGYBWG
B07S721J45,A240TNI0UGYBWG
B07R43DHTY,A240TNI0UGYBWG
B07NX6TBK1,A240TNI0UGYBWG
B07G5FP94F,A240TNI0UGYBWG
B07FQYFBZQ,A240TNI0UGYBWG
B07FD671J8,A240TNI0UGYBWG
B07D4CHWFN,A240TNI0UGYBWG
B07CV8ZDFT,A240TNI0UGYBWG
B0DC3Z2FX1,A240TNI0UGYBWG
B0D8JC7B44,A240TNI0UGYBWG
B0D7ZS9V5L,A240TNI0UGYBWG
B0D7MPDJWL,A240TNI0UGYBWG
B0CLSFFFS8,A240TNI0UGYBWG
B0CB2R69W5,A240TNI0UGYBWG
B0C6R3DH4B,A240TNI0UGYBWG
B07C86PFB3,A240TNI0UGYBWG
B075QNL1R8,A240TNI0UGYBWG
B071NDT5Q3,A240TNI0UGYBWG
B01MRZ8DKP,A240TNI0UGYBWG
B01IU5OTSU,A240TNI0UGYBWG
B01IAFUEEI,A240TNI0UGYBWG
B01H21XY3E,A240TNI0UGYBWG
B01H21XSVC,A240TNI0UGYBWG
B019DAGY2U,A240TNI0UGYBWG
B013VFHGHA,A240TNI0UGYBWG
B00RUDO4H0,A240TNI0UGYBWG
B00GX3ZK6M,A240TNI0UGYBWG
B003GVTDQW,A240TNI0UGYBWG
B002U4H9GC,A240TNI0UGYBWG
B002RO1E70,A240TNI0UGYBWG
B0CGZNRP3T,A240TNI0UGYBWG
B0CX48939V,A240TNI0UGYBWG
B0CDC6MZT7,A240TNI0UGYBWG
B0C5552BF4,A240TNI0UGYBWG
B0BSVMZDFZ,A240TNI0UGYBWG
B00DR1EZ8M,A240TNI0UGYBWG
B07NPHZ8SB,A240TNI0UGYBWG
B07H2RVT6S,A240TNI0UGYBWG
B07FR4SDN5,A240TNI0UGYBWG
B07D28YY33,A240TNI0UGYBWG
B07BFRG2JZ,A240TNI0UGYBWG
B077R7LCC9,A240TNI0UGYBWG
B076H2G8YB,A240TNI0UGYBWG
B075VBFMBS,A240TNI0UGYBWG
B074P6ZJ3Q,A240TNI0UGYBWG
B073RLTFJH,A240TNI0UGYBWG
B06XJ5Y3GF,A240TNI0UGYBWG
B01E9KZ9YI,A240TNI0UGYBWG
B017TBIQEY,A240TNI0UGYBWG
B00L9XZK4I,A240TNI0UGYBWG
B008AWYS3K,A240TNI0UGYBWG
B07BH361M8,A240TNI0UGYBWG
B0D2CZ29CD,A240TNI0UGYBWG
B0D2CYCB9D,A240TNI0UGYBWG
B0D1XFH9DJ,A240TNI0UGYBWG
B0D1R54JQR,A240TNI0UGYBWG
B0D1R3V75Z,A240TNI0UGYBWG
B0D1FZ5Q35,A240TNI0UGYBWG
B0CZKWG2QT,A240TNI0UGYBWG
B0CZ94B4FP,A240TNI0UGYBWG
B0CZ43KJRS,A240TNI0UGYBWG
B0CX42M75T,A240TNI0UGYBWG
B0CW3CZ9F9,A240TNI0UGYBWG
B0CVX4WSWC,A240TNI0UGYBWG
B0CTY9YQXL,A240TNI0UGYBWG
B0CTCJ5Q5P,A240TNI0UGYBWG
B0CSPFYFKB,A240TNI0UGYBWG
B0CSK5DQZ3,A240TNI0UGYBWG
B0D7PHM1G3,A240TNI0UGYBWG
B0D7LTWBCL,A240TNI0UGYBWG
B0D7CDTS1S,A240TNI0UGYBWG
B0D6RBDBTY,A240TNI0UGYBWG
B0D69PS55Y,A240TNI0UGYBWG
B0D64C6R4M,A240TNI0UGYBWG
B0D5WDRGNC,A240TNI0UGYBWG
B0D5SP5LL4,A240TNI0UGYBWG
B0D3PM6RLY,A240TNI0UGYBWG
B0D3LVCSVP,A240TNI0UGYBWG
B0D1Y157H8,A240TNI0UGYBWG
B0D18Y8JRL,A240TNI0UGYBWG
B0CZHHYRVN,A240TNI0UGYBWG
B0CZ9CNG7S,A240TNI0UGYBWG
B0CZ8DVVFK,A240TNI0UGYBWG
B0CYLVXVLB,A240TNI0UGYBWG
B0BHV8LK6R,A240TNI0UGYBWG
B0BHV2LM8V,A240TNI0UGYBWG
B0BGM86LBG,A240TNI0UGYBWG
B0BFTH77CM,A240TNI0UGYBWG
B0BDK8SFQ2,A240TNI0UGYBWG
B0BBC1GGW7,A240TNI0UGYBWG
B0BBB9SNDN,A240TNI0UGYBWG
B0B9PLRLMZ,A240TNI0UGYBWG
B0B978NX7X,A240TNI0UGYBWG
B0B83WC8MG,A240TNI0UGYBWG
B0B75225CD,A240TNI0UGYBWG
B0B3N7Q5JQ,A240TNI0UGYBWG
B0B38D7CZG,A240TNI0UGYBWG
B0B24G3CBS,A240TNI0UGYBWG
B0B1QXG9X4,A240TNI0UGYBWG
B0B12RTGV5,A240TNI0UGYBWG
B0BXXC8PDJ,A240TNI0UGYBWG
B0BXL63QVP,A240TNI0UGYBWG
B0BX2KJWRX,A240TNI0UGYBWG
B0BWMP9S6K,A240TNI0UGYBWG
B0BWHCRT6T,A240TNI0UGYBWG
B0BTHBJDKG,A240TNI0UGYBWG
B0BQYV8D2S,A240TNI0UGYBWG
B0BQHPHS5W,A240TNI0UGYBWG
B0BN528PVX,A240TNI0UGYBWG
B0BN297RBP,A240TNI0UGYBWG
B0BLGL631R,A240TNI0UGYBWG
B0BKSJNJ53,A240TNI0UGYBWG
B0BKS9KJ3B,A240TNI0UGYBWG
B0BK99CB1K,A240TNI0UGYBWG
B0BK8BF7FF,A240TNI0UGYBWG
B0BJDKWLF1,A240TNI0UGYBWG
B0CP6TLJY1,A240TNI0UGYBWG
B0CP2STVJX,A240TNI0UGYBWG
B0CNYXDVVV,A240TNI0UGYBWG
B0CNXPBL6G,A240TNI0UGYBWG
B0CNW7NFXT,A240TNI0UGYBWG
B0CNJQ5PKJ,A240TNI0UGYBWG
B0CLP1PZCP,A240TNI0UGYBWG
B0CJN99P3T,A240TNI0UGYBWG
B0CJ6KXKK2,A240TNI0UGYBWG
B0CHZ5X2R8,A240TNI0UGYBWG
B0CH938K9L,A240TNI0UGYBWG
B0CGTZ7DXZ,A240TNI0UGYBWG
B0CGGSWNHR,A240TNI0UGYBWG
B0CG4HV4DD,A240TNI0UGYBWG
B0CFXNL1TX,A240TNI0UGYBWG
B0CFX52T3V,A240TNI0UGYBWG
B0CF9Z628Q,A240TNI0UGYBWG
B0CCY5SQTG,A240TNI0UGYBWG
B0CCS2JLFR,A240TNI0UGYBWG
B0CCCSVD9B,A240TNI0UGYBWG
B0CBJJVLSZ,A240TNI0UGYBWG
B0CB9GVPH1,A240TNI0UGYBWG
B0CB5VVSGX,A240TNI0UGYBWG
B0CB4C26QF,A240TNI0UGYBWG
B0C9V7DNMQ,A240TNI0UGYBWG
B0C7PJ3HT7,A240TNI0UGYBWG
B0C7KNLTS5,A240TNI0UGYBWG
B0C6L644BK,A240TNI0UGYBWG
B0C5RZPFV5,A240TNI0UGYBWG
B0C49ZHC5Q,A240TNI0UGYBWG
B0C3XT8KWD,A240TNI0UGYBWG
B0C3MVLL9C,A240TNI0UGYBWG
B09ZXZNFQZ,A240TNI0UGYBWG
B09XTSGL9W,A240TNI0UGYBWG
B09XCXS972,A240TNI0UGYBWG
B09XCVWP85,A240TNI0UGYBWG
B09WV9V787,A240TNI0UGYBWG
B09WMT7LWG,A240TNI0UGYBWG
B09V2KPJHK,A240TNI0UGYBWG
B09TSRJY23,A240TNI0UGYBWG
B09TR32YQ9,A240TNI0UGYBWG
B09SDBD5W4,A240TNI0UGYBWG
B09S9PMN5T,A240TNI0UGYBWG
B09PHK9V37,A240TNI0UGYBWG
B09M65F2RC,A240TNI0UGYBWG
B09K3XRB92,A240TNI0UGYBWG
B09GLKQ2WC,A240TNI0UGYBWG
B09FGDZLQY,A240TNI0UGYBWG
B0CY25754Q,A240TNI0UGYBWG
B0CXSMM9GD,A240TNI0UGYBWG
B0CXMP73Z5,A240TNI0UGYBWG
B0CWNMXVG5,A240TNI0UGYBWG
B0CW643KRP,A240TNI0UGYBWG
B0CW11WQ8V,A240TNI0UGYBWG
B0CV7M8X7S,A240TNI0UGYBWG
B0CSX73C3N,A240TNI0UGYBWG
B0CSK4T4GX,A240TNI0UGYBWG
B0CSDDD2T7,A240TNI0UGYBWG
B0CS63V29Y,A240TNI0UGYBWG
B0CR5M6LGS,A240TNI0UGYBWG
B0CR5LC738,A240TNI0UGYBWG
B0CPXYS1MK,A240TNI0UGYBWG
B0CPW7YGGD,A240TNI0UGYBWG
B0CP96JVBJ,A240TNI0UGYBWG
B0CNQWJ6JK,A240TNI0UGYBWG
B0CNJP2W3W,A240TNI0UGYBWG
B0CNBPZWR9,A240TNI0UGYBWG
B0CNBPW8PN,A240TNI0UGYBWG
B0CN319TM3,A240TNI0UGYBWG
B0CMZRD1P5,A240TNI0UGYBWG
B0CMZ5N4BB,A240TNI0UGYBWG
B0CMLTPRNF,A240TNI0UGYBWG
B0CLH1GX25,A240TNI0UGYBWG
B0CL4S7BPP,A240TNI0UGYBWG
B0CL3FSBL7,A240TNI0UGYBWG
B0CKXFBKVB,A240TNI0UGYBWG
B0CKVX498T,A240TNI0UGYBWG
B0CKS4FWZM,A240TNI0UGYBWG
B0CKR59V76,A240TNI0UGYBWG
B0CKNDQXNH,A240TNI0UGYBWG
B0BTVN431P,A240TNI0UGYBWG
B0BTHB2V2T,A240TNI0UGYBWG
B0BTC3DTQ8,A240TNI0UGYBWG
B0BRQD8CPZ,A240TNI0UGYBWG
B0BQMGWNND,A240TNI0UGYBWG
B0BPL9P8QX,A240TNI0UGYBWG
B0BP6RJTW5,A240TNI0UGYBWG
B0BN5D5VNR,A240TNI0UGYBWG
B0BN3Q5VD1,A240TNI0UGYBWG
B0BLNNJQYY,A240TNI0UGYBWG
B0BKVTF598,A240TNI0UGYBWG
B0BKQG1HC9,A240TNI0UGYBWG
B0BK177D8L,A240TNI0UGYBWG
B0BHQPQBTZ,A240TNI0UGYBWG
B0BGPBP3ZK,A240TNI0UGYBWG
B0BFW88BRQ,A240TNI0UGYBWG
B0B185T158,A240TNI0UGYBWG
B09ZX9G891,A240TNI0UGYBWG
B09YQZS2SG,A240TNI0UGYBWG
B09X5G37B8,A240TNI0UGYBWG
B09WMCVM6M,A240TNI0UGYBWG
B09WDCZ5TQ,A240TNI0UGYBWG
B09V2Z24XT,A240TNI0UGYBWG
B09TP374RB,A240TNI0UGYBWG
B09TH1JXWK,A240TNI0UGYBWG
B09QC3S84C,A240TNI0UGYBWG
B09PDJZY2D,A240TNI0UGYBWG
B09LV7S4BN,A240TNI0UGYBWG
B09LHQRD6H,A240TNI0UGYBWG
B09J8W62LL,A240TNI0UGYBWG
B09H31KPKJ,A240TNI0UGYBWG
B09FLPYZDM,A240TNI0UGYBWG
B08LQ8GPZC,A240TNI0UGYBWG
B08JH56WZK,A240TNI0UGYBWG
B08HMJ3QRL,A240TNI0UGYBWG
B08H1HNNTJ,A240TNI0UGYBWG
B08F2W5D2M,A240TNI0UGYBWG
B08BTQSJPF,A240TNI0UGYBWG
B08BNHMXQW,A240TNI0UGYBWG
B085PZ5HYH,A240TNI0UGYBWG
B0842G3LLZ,A240TNI0UGYBWG
B083FG7BPS,A240TNI0UGYBWG
B082SV4YX7,A240TNI0UGYBWG
B08234JVQN,A240TNI0UGYBWG
B08233F2JX,A240TNI0UGYBWG
B07Y5RCFBZ,A240TNI0UGYBWG
B07TXJZX7P,A240TNI0UGYBWG
B07PC2KYH5,A240TNI0UGYBWG
B0DG2RZWGL,A240TNI0UGYBWG
B0DG2FX2K1,A240TNI0UGYBWG
B0DFWJKXSB,A240TNI0UGYBWG
B0DFW3V17B,A240TNI0UGYBWG
B0DCZGHZ83,A240TNI0UGYBWG
B0DC3FGRNM,A240TNI0UGYBWG
B0D9Q81M51,A240TNI0UGYBWG
B0D9N9L3T5,A240TNI0UGYBWG
B0D93KGWLV,A240TNI0UGYBWG
B0D8KH6VQ2,A240TNI0UGYBWG
B0D8KGSYK2,A240TNI0UGYBWG
B0D83L3TC9,A240TNI0UGYBWG
B0D8169RFS,A240TNI0UGYBWG
B0D7ZLFBB5,A240TNI0UGYBWG
B0D7WB8J6S,A240TNI0UGYBWG
B0D7RZQ25K,A240TNI0UGYBWG
B08627YFGH,A240TNI0UGYBWG
B082Z4GNQ7,A240TNI0UGYBWG
B082XNHDRZ,A240TNI0UGYBWG
B081CHVWDW,A240TNI0UGYBWG
B07XJL9SN9,A240TNI0UGYBWG
B07XH1CNKG,A240TNI0UGYBWG
B07WZK4TJ3,A240TNI0UGYBWG
B07WZJLBG6,A240TNI0UGYBWG
B07WC8YCSF,A240TNI0UGYBWG
B07WBY4G41,A240TNI0UGYBWG
B07W3CWZ79,A240TNI0UGYBWG
B07VGZRRZK,A240TNI0UGYBWG
B07MR5RP5S,A240TNI0UGYBWG
B07L3G3BFP,A240TNI0UGYBWG
B07KBGWBGY,A240TNI0UGYBWG
B07J6H39H4,A240TNI0UGYBWG
B0CS29X939,A240TNI0UGYBWG
B0CRS23667,A240TNI0UGYBWG
B0CRR8DZ3F,A240TNI0UGYBWG
B0CRQRF8LZ,A240TNI0UGYBWG
B0CRL4VNVX,A240TNI0UGYBWG
B0CQFYK2G6,A240TNI0UGYBWG
B0CP5R59BT,A240TNI0UGYBWG
B0CNQPF4PK,A240TNI0UGYBWG
B0CMTCG85F,A240TNI0UGYBWG
B0CMQ6VV98,A240TNI0UGYBWG
B0CM99C56N,A240TNI0UGYBWG
B0CM2C2477,A240TNI0UGYBWG
B0CM2BD5J9,A240TNI0UGYBWG
B0CLSSRV7N,A240TNI0UGYBWG
B0CLRVJMGR,A240TNI0UGYBWG
B0CLMMHSDX,A240TNI0UGYBWG
B0CL9WS4NV,A240TNI0UGYBWG
B0CL6PC8FX,A240TNI0UGYBWG
B0CJTXKZ2B,A240TNI0UGYBWG
B0CJP2JQM2,A240TNI0UGYBWG
B0CJJLK21R,A240TNI0UGYBWG
B0CJ5ZVLQF,A240TNI0UGYBWG
B0CHW536CB,A240TNI0UGYBWG
B0CHHV61QX,A240TNI0UGYBWG
B0CH8V2B9W,A240TNI0UGYBWG
B0CGRKPFD7,A240TNI0UGYBWG
B0CGRBZ5DJ,A240TNI0UGYBWG
B0CGNL11Q9,A240TNI0UGYBWG
B0CGHTJPDL,A240TNI0UGYBWG
B0CG86XL5P,A240TNI0UGYBWG
B0CFVL776G,A240TNI0UGYBWG
B0CFLBXB9Z,A240TNI0UGYBWG
B0C33BJC5R,A240TNI0UGYBWG
B0C2TGR8YC,A240TNI0UGYBWG
B0C2GTWHTH,A240TNI0UGYBWG
B0C286YYKG,A240TNI0UGYBWG
B0C1H76YWQ,A240TNI0UGYBWG
B0C14XTR72,A240TNI0UGYBWG
B0BZ9317F1,A240TNI0UGYBWG
B0BZ3ST9D1,A240TNI0UGYBWG
B0BY2MXQJ5,A240TNI0UGYBWG
B0BW8TJ28T,A240TNI0UGYBWG
B0BW2QD5MP,A240TNI0UGYBWG
B0BW13FDGJ,A240TNI0UGYBWG
B0BVZ11KD7,A240TNI0UGYBWG
B0BVYMN7KG,A240TNI0UGYBWG
B0BVY4RBVN,A240TNI0UGYBWG
B0BV23XLW2,A240TNI0UGYBWG
B0BRQDM8HX,A240TNI0UGYBWG
B0BR3KWNV7,A240TNI0UGYBWG
B0BQQJR2Q4,A240TNI0UGYBWG
B0BQMJYWFS,A240TNI0UGYBWG
B0BQJ4631C,A240TNI0UGYBWG
B0BQFD56H3,A240TNI0UGYBWG
B0BPMHBW77,A240TNI0UGYBWG
B0BJK2BVQ9,A240TNI0UGYBWG
B0BJ8TMB4C,A240TNI0UGYBWG
B0BJ22NDLV,A240TNI0UGYBWG
B0BHZS3LT1,A240TNI0UGYBWG
B0BHY1RGQW,A240TNI0UGYBWG
B0BDL764RS,A240TNI0UGYBWG
B0BDKW13WZ,A240TNI0UGYBWG
B0BD4GNSHB,A240TNI0UGYBWG
B0BCDRX92K,A240TNI0UGYBWG
B0BDLHSYTZ,A240TNI0UGYBWG
B0BD5B2ZYQ,A240TNI0UGYBWG
B0BBT6QVW8,A240TNI0UGYBWG
B0B9M47CRM,A240TNI0UGYBWG
B0B9GN6H3Y,A240TNI0UGYBWG
B0B7QDYHR5,A240TNI0UGYBWG
B0B7NFPP9Z,A240TNI0UGYBWG
B0B658NJ76,A240TNI0UGYBWG
B0B5GYW8J2,A240TNI0UGYBWG
B0B58V4HJG,A240TNI0UGYBWG
B0B56DR1RC,A240TNI0UGYBWG
B0B4VJVRSZ,A240TNI0UGYBWG
B0B31YXFG5,A240TNI0UGYBWG
B0B2J1JR2R,A240TNI0UGYBWG
B0B28XQ2B2,A240TNI0UGYBWG
B0B1BB8LZ6,A240TNI0UGYBWG
B076PJXKPP,A240TNI0UGYBWG
B076356VQC,A240TNI0UGYBWG
B075VBY3X1,A240TNI0UGYBWG
B0725S51FJ,A240TNI0UGYBWG
B01NAL07O3,A240TNI0UGYBWG
B01N9OZPFM,A240TNI0UGYBWG
B015Q7I02G,A240TNI0UGYBWG
B010CMNOI0,A240TNI0UGYBWG
B00JCUNCUO,A240TNI0UGYBWG
B00DTLVJB6,A240TNI0UGYBWG
B00CFSZPKU,A240TNI0UGYBWG
B00B02F5EI,A240TNI0UGYBWG
B0088PR45I,A240TNI0UGYBWG
B005FTTKES,A240TNI0UGYBWG
B002CXAQ34,A240TNI0UGYBWG
B000L3T1JM,A240TNI0UGYBWG
B007WADKN0,A240TNI0UGYBWG
B004MXQEFQ,A240TNI0UGYBWG
B0032YV1T0,A240TNI0UGYBWG
B0D1KDGNKY,A240TNI0UGYBWG
B0CBPM2V1C,A240TNI0UGYBWG
B08BL9DF2Y,A240TNI0UGYBWG
B0815W94DH,A240TNI0UGYBWG
B07L5J4TTJ,A240TNI0UGYBWG
B074VDPM1Q,A240TNI0UGYBWG
B0917LLTN6,A240TNI0UGYBWG
B08ZJSD1VH,A240TNI0UGYBWG
B08T64RT2R,A240TNI0UGYBWG
B08SVRWQ8P,A240TNI0UGYBWG
B08SQ73K73,A240TNI0UGYBWG
B08QVG7Q1Y,A240TNI0UGYBWG
B08QH7LXGW,A240TNI0UGYBWG
B08QDBN151,A240TNI0UGYBWG
B08LH2P7NL,A240TNI0UGYBWG
B08KJ8DG49,A240TNI0UGYBWG
B08HVTMS71,A240TNI0UGYBWG
B08B4VHP73,A240TNI0UGYBWG
B08997FRV2,A240TNI0UGYBWG
B088ZX1H9Q,A240TNI0UGYBWG
B088R2KBQK,A240TNI0UGYBWG
B0883D3GDC,A240TNI0UGYBWG
B09PY8Y39N,A240TNI0UGYBWG
B09P4VM42P,A240TNI0UGYBWG
B09NZWB572,A240TNI0UGYBWG
B09NR7TY3G,A240TNI0UGYBWG
B09NJS1L66,A240TNI0UGYBWG
B09MLDGL19,A240TNI0UGYBWG
B09MDJ879V,A240TNI0UGYBWG
B09LGD2WLK,A240TNI0UGYBWG
B09L45T8FZ,A240TNI0UGYBWG
B09GBMLNFY,A240TNI0UGYBWG
B09FKX21DZ,A240TNI0UGYBWG
B09BQ2Z3H5,A240TNI0UGYBWG
B09BCF6TRC,A240TNI0UGYBWG
B09B7FPQYZ,A240TNI0UGYBWG
B0994QB3RG,A240TNI0UGYBWG
B0993BSB71,A240TNI0UGYBWG
B09FJCR8Z7,A240TNI0UGYBWG
B09DT1M4FN,A240TNI0UGYBWG
B09DKGTRC2,A240TNI0UGYBWG
B09D3BN7F9,A240TNI0UGYBWG
B09D1GFM5H,A240TNI0UGYBWG
B09BKTBZ1Z,A240TNI0UGYBWG
B09B75KNC9,A240TNI0UGYBWG
B09B3Q6WGL,A240TNI0UGYBWG
B099RS52N3,A240TNI0UGYBWG
B0989YMBMT,A240TNI0UGYBWG
B097T7LX83,A240TNI0UGYBWG
B096ZCMC45,A240TNI0UGYBWG
B096Z9FBG8,A240TNI0UGYBWG
B096T5X5RK,A240TNI0UGYBWG
B093LKQK74,A240TNI0UGYBWG
B0918VQRKV,A240TNI0UGYBWG
B0DJR17Y1T,A240TNI0UGYBWG
B0DCZ2FFYZ,A240TNI0UGYBWG
B0D9VW1444,A240TNI0UGYBWG
B0D7PJ76D4,A240TNI0UGYBWG
B0CSFWKZFH,A240TNI0UGYBWG
B0BLBR4HQG,A240TNI0UGYBWG
B08HJR7N9L,A240TNI0UGYBWG
B08GZ15X2D,A240TNI0UGYBWG
B08FXTRS7M,A240TNI0UGYBWG
B08493RDYC,A240TNI0UGYBWG
B0825X3RV6,A240TNI0UGYBWG
B07YJTMNHM,A240TNI0UGYBWG
B07Y4Q1ZPN,A240TNI0UGYBWG
B07X2RP4DG,A240TNI0UGYBWG
B07VQPJ8N2,A240TNI0UGYBWG
B07SC6GPLQ,A240TNI0UGYBWG
B07S5KQ9VY,A240TNI0UGYBWG
B07RB78V61,A240TNI0UGYBWG
B07P71Z1PS,A240TNI0UGYBWG
B07LG8XTMV,A240TNI0UGYBWG
B07L2M8TP5,A240TNI0UGYBWG
B07K71PMM5,A240TNI0UGYBWG
B07HPB7KWL,A240TNI0UGYBWG
B07GBY77WV,A240TNI0UGYBWG
B07FZTJM8G,A240TNI0UGYBWG
B07FQR39CW,A240TNI0UGYBWG
B07FN2JJRF,A240TNI0UGYBWG
B07F8LR1C2,A240TNI0UGYBWG
B07DG2BGXK,A240TNI0UGYBWG
B07CG7KSDQ,A240TNI0UGYBWG
B07C3QZ1GK,A240TNI0UGYBWG
B07C31FV6W,A240TNI0UGYBWG
B079M46XV8,A240TNI0UGYBWG
B0749PQRNM,A240TNI0UGYBWG
B0728L7ZJN,A240TNI0UGYBWG
B06Y47NHDS,A240TNI0UGYBWG
B01MTAF9NT,A240TNI0UGYBWG
B01915EJ06,A240TNI0UGYBWG
B0BC1PT6JM,A240TNI0UGYBWG
B0B775CG39,A240TNI0UGYBWG
B0B6N1PX4X,A240TNI0UGYBWG
B0B6FS85NS,A240TNI0UGYBWG
B0B5PGS9XD,A240TNI0UGYBWG
B0B54N8NXG,A240TNI0UGYBWG
B0B1ZNX9YC,A240TNI0UGYBWG
B09YXWPDL4,A240TNI0UGYBWG
B09XJ6SWNM,A240TNI0UGYBWG
B09XHX3RFZ,A240TNI0UGYBWG
B09XDHSP5V,A240TNI0UGYBWG
B09X9RD3PV,A240TNI0UGYBWG
B09VDF5NLW,A240TNI0UGYBWG
B09V2T9WCQ,A240TNI0UGYBWG
B09RJR8C97,A240TNI0UGYBWG
B09QSL2Y3R,A240TNI0UGYBWG
B0C5QDD3XH,A240TNI0UGYBWG
B0C4FR6SDY,A240TNI0UGYBWG
B0C39TFCY4,A240TNI0UGYBWG
B0C1345M33,A240TNI0UGYBWG
B0BZSHS27C,A240TNI0UGYBWG
B0BZRKSKBP,A240TNI0UGYBWG
B0BZ72N2T3,A240TNI0UGYBWG
B0BYCPN4G5,A240TNI0UGYBWG
B0BY87S58R,A240TNI0UGYBWG
B0BXLYMQ6Z,A240TNI0UGYBWG
B0BXCN8FRV,A240TNI0UGYBWG
B0BX34XPVS,A240TNI0UGYBWG
B0BWM3HHW7,A240TNI0UGYBWG
B0BW8844MB,A240TNI0UGYBWG
B0BVBDTMTV,A240TNI0UGYBWG
B0BV1RDC75,A240TNI0UGYBWG
B096986PNB,A240TNI0UGYBWG
B095W5FPWP,A240TNI0UGYBWG
B095GFWBZ5,A240TNI0UGYBWG
B092PT4DGK,A240TNI0UGYBWG
B092955W88,A240TNI0UGYBWG
B08ZHKBY35,A240TNI0UGYBWG
B08XZ19CR6,A240TNI0UGYBWG
B08THWS5FT,A240TNI0UGYBWG
B08QRBHMWG,A240TNI0UGYBWG
B08PZJ9Z62,A240TNI0UGYBWG
B08PPFN8PQ,A240TNI0UGYBWG
B08LTQB4DM,A240TNI0UGYBWG
B08KJ28M8W,A240TNI0UGYBWG
B08KHZQZZG,A240TNI0UGYBWG
B08K7KFQ4W,A240TNI0UGYBWG
B08HQRDWC5,A240TNI0UGYBWG
B0D2X9GFNG,A240TNI0UGYBWG
B0D2X7Q6PZ,A240TNI0UGYBWG
B0D19J6JV5,A240TNI0UGYBWG
B0D12G13TF,A240TNI0UGYBWG
B0CZKX2SZZ,A240TNI0UGYBWG
B0CZ8P35R1,A240TNI0UGYBWG
B0CYP2MPSC,A240TNI0UGYBWG
B0CXSZ56T6,A240TNI0UGYBWG
B0CX57K231,A240TNI0UGYBWG
B0CWV8FDNM,A240TNI0UGYBWG
B0CWP2MXJB,A240TNI0UGYBWG
B0CWNBVCMN,A240TNI0UGYBWG
B0CV31ZHFS,A240TNI0UGYBWG
B0CTCNQMB3,A240TNI0UGYBWG
B0CT8YQLDW,A240TNI0UGYBWG
B0CSK2GTHH,A240TNI0UGYBWG
B0DDBTZ724,A240TNI0UGYBWG
B0DBWMPK7T,A240TNI0UGYBWG
B0DBQ3Y5GL,A240TNI0UGYBWG
B0DBKW86G4,A240TNI0UGYBWG
B0D9VSGXBG,A240TNI0UGYBWG
B0D9N6DLCC,A240TNI0UGYBWG
B0D8T5BS98,A240TNI0UGYBWG
B0D86VJJYJ,A240TNI0UGYBWG
B0D7L5V1MX,A240TNI0UGYBWG
B0D7CKY4XX,A240TNI0UGYBWG
B0D6QJVPJS,A240TNI0UGYBWG
B0D678R6WC,A240TNI0UGYBWG
B0D52RMWC1,A240TNI0UGYBWG
B0D4VCHXMX,A240TNI0UGYBWG
B0D4V4VM3B,A240TNI0UGYBWG
B0D3HBSC2P,A240TNI0UGYBWG
B0D2RK5P8W,A240TNI0UGYBWG
B0D1M2PZG3,A240TNI0UGYBWG
B0D1K8SHFD,A240TNI0UGYBWG
B0D14HTTZG,A240TNI0UGYBWG
B0CZPZ857Z,A240TNI0UGYBWG
B0CZDYRZVL,A240TNI0UGYBWG
B0CZDML9Y2,A240TNI0UGYBWG
B0CZ8QK9RT,A240TNI0UGYBWG
B0CYP2NC18,A240TNI0UGYBWG
B0CYLWYX8P,A240TNI0UGYBWG
B0CYH194DG,A240TNI0UGYBWG
B0CYGX9NNS,A240TNI0UGYBWG
B0CYGVT7SZ,A240TNI0UGYBWG
B0CYGQMPZ6,A240TNI0UGYBWG
B0CY3MQ4P3,A240TNI0UGYBWG
B0CXQ28XQF,A240TNI0UGYBWG
B0CX8Q8WDR,A240TNI0UGYBWG
B0CX8P6967,A240TNI0UGYBWG
B0CWGTVD7X,A240TNI0UGYBWG
B0CT38PSQT,A240TNI0UGYBWG
B0CSDCTKRC,A240TNI0UGYBWG
B0CRB6KY23,A240TNI0UGYBWG
B0CR3NXV26,A240TNI0UGYBWG
B0CQJV6Z8B,A240TNI0UGYBWG
B0CQFSH8QV,A240TNI0UGYBWG
B0CQCXG8JT,A240TNI0UGYBWG
B0CQ23LFRT,A240TNI0UGYBWG
B0CNP394V5,A240TNI0UGYBWG
B0CN16TDPM,A240TNI0UGYBWG
B0CMLLCP7Q,A240TNI0UGYBWG
B0CMCRP6FV,A240TNI0UGYBWG
B0CG49S1DG,A240TNI0UGYBWG
B0CCD2SCLW,A240TNI0UGYBWG
B0CBTLPFRK,A240TNI0UGYBWG
B0CBM1QKDB,A240TNI0UGYBWG
B0CB1XXVSF,A240TNI0UGYBWG
B0C9GN2PY9,A240TNI0UGYBWG
B0C995H5S4,A240TNI0UGYBWG
B0C7VBXMHJ,A240TNI0UGYBWG
B0C72RLFTT,A240TNI0UGYBWG
B0C6S4MK3G,A240TNI0UGYBWG
B0C5S1K5GX,A240TNI0UGYBWG
B0C4HSMLJ5,A240TNI0UGYBWG
B0C24PFCMT,A240TNI0UGYBWG
B0C15672HQ,A240TNI0UGYBWG
B0BZ1C58TF,A240TNI0UGYBWG
B0BXD2CJ5V,A240TNI0UGYBWG
B0BW32TB5R,A240TNI0UGYBWG
B097ZWJBXP,A240TNI0UGYBWG
B097MN7CY3,A240TNI0UGYBWG
B097ML79KH,A240TNI0UGYBWG
B097D3H634,A240TNI0UGYBWG
B097D35X5W,A240TNI0UGYBWG
B096RZQVJH,A240TNI0UGYBWG
B096BFYKLW,A240TNI0UGYBWG
B095VQZB8L,A240TNI0UGYBWG
B093C7ZHMB,A240TNI0UGYBWG
B092PYDWH9,A240TNI0UGYBWG
B0928P9ZCL,A240TNI0UGYBWG
B091CQLCT4,A240TNI0UGYBWG
B08TBW2LMX,A240TNI0UGYBWG
B08PYC8VZ6,A240TNI0UGYBWG
B08PSSFNVS,A240TNI0UGYBWG
B08LR3MW12,A240TNI0UGYBWG
B0CFBBPCR1,A240TNI0UGYBWG
B0CF1S789Z,A240TNI0UGYBWG
B0CDPPDWYR,A240TNI0UGYBWG
B0CDBP8LQW,A240TNI0UGYBWG
B0CCVDLSM8,A240TNI0UGYBWG
B0CBL8358H,A240TNI0UGYBWG
B0C8NHR87Z,A240TNI0UGYBWG
B0C8MY3KZC,A240TNI0UGYBWG
B0C8CDSYH9,A240TNI0UGYBWG
B0C7V5QQT4,A240TNI0UGYBWG
B0C772Y7S8,A240TNI0UGYBWG
B0C6Y8PXTH,A240TNI0UGYBWG
B0C6DZZ4MN,A240TNI0UGYBWG
B0C6DYJZ1V,A240TNI0UGYBWG
B0C5T83C73,A240TNI0UGYBWG
B0C5R8M17F,A240TNI0UGYBWG
B0DLWJ2NF1,A240TNI0UGYBWG
B0DK4G4M9Z,A240TNI0UGYBWG
B0DJ2NSNR5,A240TNI0UGYBWG
B0DHZS2VTK,A240TNI0UGYBWG
B0DCNWV8L1,A240TNI0UGYBWG
B0DBZRZLGV,A240TNI0UGYBWG
B0D9GYH3HS,A240TNI0UGYBWG
B0D92B8DJ6,A240TNI0UGYBWG
B0D8VW5DCQ,A240TNI0UGYBWG
B0D8721M8P,A240TNI0UGYBWG
B0D6XWRZXQ,A240TNI0UGYBWG
B0D667KSNJ,A240TNI0UGYBWG
B0D5CV4YY1,A240TNI0UGYBWG
B0D54DHMY5,A240TNI0UGYBWG
B0D3H4MLDY,A240TNI0UGYBWG
B0D3CJRD88,A240TNI0UGYBWG
B07D6TPCSS,A240TNI0UGYBWG
B07B7BFV9D,A240TNI0UGYBWG
B078SHM36K,A240TNI0UGYBWG
B075SSQWGT,A240TNI0UGYBWG
B074TPKZK1,A240TNI0UGYBWG
B074SDNSD9,A240TNI0UGYBWG
B073QFPT3C,A240TNI0UGYBWG
B06XQFFYZP,A240TNI0UGYBWG
B06W9NVLFG,A240TNI0UGYBWG
B06W9HXJ6N,A240TNI0UGYBWG
B01FHIIKK6,A240TNI0UGYBWG
B01EQFBZ7G,A240TNI0UGYBWG
B00L9XZUBQ,A240TNI0UGYBWG
B003I64KAO,A240TNI0UGYBWG
B002CRTL9A,A240TNI0UGYBWG
B0009V8N5E,A240TNI0UGYBWG
B0B585DP51,A240TNI0UGYBWG
B0B38WZ9SM,A240TNI0UGYBWG
B0B216WW2Y,A240TNI0UGYBWG
B09X9MXT5F,A240TNI0UGYBWG
B09TZTLYHC,A240TNI0UGYBWG
B09PNCC2VZ,A240TNI0UGYBWG
B09NRCFDQN,A240TNI0UGYBWG
B09MS5FRTS,A240TNI0UGYBWG
B09MMV7FP6,A240TNI0UGYBWG
B09MF5775Q,A240TNI0UGYBWG
B09J4T9XNF,A240TNI0UGYBWG
B09H5NBMZJ,A240TNI0UGYBWG
B09G3FGKH2,A240TNI0UGYBWG
B09DKTTQYC,A240TNI0UGYBWG
B09D694Q31,A240TNI0UGYBWG
B09D3G7TNF,A240TNI0UGYBWG
B0CBSDQWYV,A240TNI0UGYBWG
B0CBJLYBSS,A240TNI0UGYBWG
B0C9Q1Y2MR,A240TNI0UGYBWG
B0C74781B9,A240TNI0UGYBWG
B0C6TFKXSR,A240TNI0UGYBWG
B0C5M8413P,A240TNI0UGYBWG
B0C56S8JQ4,A240TNI0UGYBWG
B0C3QDXXT6,A240TNI0UGYBWG
B0C3CS5GMZ,A240TNI0UGYBWG
B0C1Z2QWD5,A240TNI0UGYBWG
B0C1CR5M7X,A240TNI0UGYBWG
B0C1BWKFSF,A240TNI0UGYBWG
B0BZ84KVY6,A240TNI0UGYBWG
B0BY822NGZ,A240TNI0UGYBWG
B0BSMSN2N2,A240TNI0UGYBWG
B0BS6VRS7X,A240TNI0UGYBWG
B0BSR74MSF,A240TNI0UGYBWG
B0BSFDB4BZ,A240TNI0UGYBWG
B0BRQ5LR5Q,A240TNI0UGYBWG
B0BRKLPDTH,A240TNI0UGYBWG
B0BR7L94PF,A240TNI0UGYBWG
B0BQ8YQ2XF,A240TNI0UGYBWG
B0BLZKH5JY,A240TNI0UGYBWG
B0BKKMDFP3,A240TNI0UGYBWG
B0BHHM19W4,A240TNI0UGYBWG
B0B91Z8M8G,A240TNI0UGYBWG
B0B8N6PWT7,A240TNI0UGYBWG
B0B8H368GN,A240TNI0UGYBWG
B0B6NRK4FC,A240TNI0UGYBWG
B0B6BKTDBD,A240TNI0UGYBWG
B0B5XMXTH6,A240TNI0UGYBWG
B0B5R8GXHC,A240TNI0UGYBWG
B09DGFPDFH,A240TNI0UGYBWG
B09C5JZDC4,A240TNI0UGYBWG
B0952Q31D7,A240TNI0UGYBWG
B094MH1V4H,A240TNI0UGYBWG
B094G9XZB8,A240TNI0UGYBWG
B094CWJDTM,A240TNI0UGYBWG
B094668JWZ,A240TNI0UGYBWG
B093LGDYF1,A240TNI0UGYBWG
B0933PXCZS,A240TNI0UGYBWG
B091YFB7X3,A240TNI0UGYBWG
B091C1T582,A240TNI0UGYBWG
B08XSQPZLY,A240TNI0UGYBWG
B08L5V8S11,A240TNI0UGYBWG
B08HH74D5V,A240TNI0UGYBWG
B08G859RWY,A240TNI0UGYBWG
B08G44FY24,A240TNI0UGYBWG
B07S3XFKS6,A240TNI0UGYBWG
B07RXWRXR8,A240TNI0UGYBWG
B07R8D7NBF,A240TNI0UGYBWG
B07R114LMD,A240TNI0UGYBWG
B07Q34M7HJ,A240TNI0UGYBWG
B07PP73BTK,A240TNI0UGYBWG
B07NMV8VVL,A240TNI0UGYBWG
B079C27T47,A240TNI0UGYBWG
B072FMBDCN,A240TNI0UGYBWG
B06XFYLBYK,A240TNI0UGYBWG
B01N9V4A9A,A240TNI0UGYBWG
B01LWHW7YJ,A240TNI0UGYBWG
B01F4PKIPC,A240TNI0UGYBWG
B01AG2NQPM,A240TNI0UGYBWG
B011VJ51J8,A240TNI0UGYBWG
B00R87GCXC,A240TNI0UGYBWG
B09W2BVZBH,A240TNI0UGYBWG
B09V2STQ7Y,A240TNI0UGYBWG
B09TFXVF11,A240TNI0UGYBWG
B09SYX82XY,A240TNI0UGYBWG
B09QPJWMLJ,A240TNI0UGYBWG
B09Q3MHMRM,A240TNI0UGYBWG
B09PG1X83B,A240TNI0UGYBWG
B09NSB87FP,A240TNI0UGYBWG
B09M3M8R1G,A240TNI0UGYBWG
B09KVLMFNC,A240TNI0UGYBWG
B09KKQ19G3,A240TNI0UGYBWG
B09JCT448H,A240TNI0UGYBWG
B09HC3C6T7,A240TNI0UGYBWG
B09G6YX7QV,A240TNI0UGYBWG
B09F69WRS1,A240TNI0UGYBWG
B09DT3RRRX,A240TNI0UGYBWG
B0006Z9SQ6,A240TNI0UGYBWG
B0CKLMHGDY,A240TNI0UGYBWG
B0CF4KGXV2,A240TNI0UGYBWG
B07CNG3G1G,A240TNI0UGYBWG
B00N51Q0NW,A240TNI0UGYBWG
B00JGWDIUM,A240TNI0UGYBWG
B000FGKEEG,A240TNI0UGYBWG
B09QM3DPLV,A240TNI0UGYBWG
B09PGBRHLH,A240TNI0UGYBWG
B0855SJXJH,A240TNI0UGYBWG
B08FWYQN8P,A240TNI0UGYBWG
B08F7RK6JQ,A240TNI0UGYBWG
B08D6RZCSG,A240TNI0UGYBWG
B08B1DB3MN,A240TNI0UGYBWG
B088RC3766,A240TNI0UGYBWG
B087BCGVS9,A240TNI0UGYBWG
B086STS56Q,A240TNI0UGYBWG
B086L2L7Y8,A240TNI0UGYBWG
B085DGDB5V,A240TNI0UGYBWG
B083KMW6LR,A240TNI0UGYBWG
B08338C369,A240TNI0UGYBWG
B0824RC6YD,A240TNI0UGYBWG
B07ZQCQLM9,A240TNI0UGYBWG
B07XC8JTTV,A240TNI0UGYBWG
B07TYHRQ5H,A240TNI0UGYBWG
B07SQ8KGRQ,A240TNI0UGYBWG
B08XLWPXRT,A240TNI0UGYBWG
B08T9Z9L3M,A240TNI0UGYBWG
B08SKG6R62,A240TNI0UGYBWG
B08QTZWXRG,A240TNI0UGYBWG
B08PRKWQJR,A240TNI0UGYBWG
B08MQ99LJ7,A240TNI0UGYBWG
B08MFMHX96,A240TNI0UGYBWG
B08JHHV1TT,A240TNI0UGYBWG
B08J44MCQP,A240TNI0UGYBWG
B08DNBB6FD,A240TNI0UGYBWG
B089BXYSBF,A240TNI0UGYBWG
B0895Y8XPW,A240TNI0UGYBWG
B088WW9J9P,A240TNI0UGYBWG
B088LP7K65,A240TNI0UGYBWG
B087YL38MW,A240TNI0UGYBWG
B086BZ5VT6,A240TNI0UGYBWG
B0D6GDGLJ8,A240TNI0UGYBWG
B0D5QH3X21,A240TNI0UGYBWG
B0D453VR8Q,A240TNI0UGYBWG
B0D3TLB6DX,A240TNI0UGYBWG
B0D22DLHQQ,A240TNI0UGYBWG
B0CZX7M762,A240TNI0UGYBWG
B0CYZPJFLL,A240TNI0UGYBWG
B0CY2DSS93,A240TNI0UGYBWG
B0CWQ8SBY7,A240TNI0UGYBWG
B0CWNQ15F9,A240TNI0UGYBWG
B0CWNJT6Z3,A240TNI0UGYBWG
B0CSKCPM5R,A240TNI0UGYBWG
B0CS6G7LGY,A240TNI0UGYBWG
B0CRRT3Z5G,A240TNI0UGYBWG
B0CRRNGH32,A240TNI0UGYBWG
B0CRPR2QX4,A240TNI0UGYBWG
B07LGLJ26N,A240TNI0UGYBWG
B0DMSP5LMX,A240TNI0UGYBWG
B0DLNQJK9M,A240TNI0UGYBWG
B0DK5FWWVW,A240TNI0UGYBWG
B0DJJD3GGV,A240TNI0UGYBWG
B0DJFWP2X8,A240TNI0UGYBWG
B0DHL24F5G,A240TNI0UGYBWG
B0DD7WP98Y,A240TNI0UGYBWG
B0D84388KP,A240TNI0UGYBWG
B0D7ZSHKS6,A240TNI0UGYBWG
B0D6MWJMLB,A240TNI0UGYBWG
B0D5RKPLVT,A240TNI0UGYBWG
B0D5QP2ZRV,A240TNI0UGYBWG
B0D4ZN9CDN,A240TNI0UGYBWG
B0D4DYB4VZ,A240TNI0UGYBWG
B0D48HTDK5,A240TNI0UGYBWG
B085M5WGHT,A240TNI0UGYBWG
B07ZSVK5GJ,A240TNI0UGYBWG
B07X5134C5,A240TNI0UGYBWG
B07VGLZ5HW,A240TNI0UGYBWG
B07SKWMCTJ,A240TNI0UGYBWG
B07S6G4Q66,A240TNI0UGYBWG
B07RX64XYN,A240TNI0UGYBWG
B07RVCGXMN,A240TNI0UGYBWG
B07RJMXGZ9,A240TNI0UGYBWG
B07RG46451,A240TNI0UGYBWG
B07QB2T57H,A240TNI0UGYBWG
B07P6THKWB,A240TNI0UGYBWG
B07MC1YBP2,A240TNI0UGYBWG
B07L9DCM4P,A240TNI0UGYBWG
B07HJD78FH,A240TNI0UGYBWG
B07DZVV377,A240TNI0UGYBWG
B0CG1RDY1Y,A240TNI0UGYBWG
B0CFV4C9KC,A240TNI0UGYBWG
B0CFL23KNY,A240TNI0UGYBWG
B0CFHDLW7Q,A240TNI0UGYBWG
B0CF9BT6WQ,A240TNI0UGYBWG
B0CCNQ7HMG,A240TNI0UGYBWG
B0CBBYRBQX,A240TNI0UGYBWG
B0CB8R69BB,A240TNI0UGYBWG
B0C9HXRV6P,A240TNI0UGYBWG
B0C85NB92K,A240TNI0UGYBWG
B0C6MJ1FWQ,A240TNI0UGYBWG
B0C6JSMS21,A240TNI0UGYBWG
B0C5XDLJGQ,A240TNI0UGYBWG
B0C46NGDZG,A240TNI0UGYBWG
B0C2HTWD9N,A240TNI0UGYBWG
B0C1BX36J3,A240TNI0UGYBWG
B0BZRSX4LP,A240TNI0UGYBWG
B0BZCRBCX1,A240TNI0UGYBWG
B0BZ8G4B48,A240TNI0UGYBWG
B0BYN358Y9,A240TNI0UGYBWG
B0BYDPJC75,A240TNI0UGYBWG
B0BXKD8S19,A240TNI0UGYBWG
B0BX6LKF81,A240TNI0UGYBWG
B0BWND4PRC,A240TNI0UGYBWG
B0BT51ZD45,A240TNI0UGYBWG
B0BS3VM9F5,A240TNI0UGYBWG
B0BNNYT8L6,A240TNI0UGYBWG
B0BN5Q24KC,A240TNI0UGYBWG
B0BMTZMGB6,A240TNI0UGYBWG
B0BLXNSTRW,A240TNI0UGYBWG
B0BLS9KS9D,A240TNI0UGYBWG
B0BLHD527X,A240TNI0UGYBWG
B0D3VG9VXR,A240TNI0UGYBWG
B0D3VFGWT2,A240TNI0UGYBWG
B0D3BW4QQ6,A240TNI0UGYBWG
B0D37NMJ6C,A240TNI0UGYBWG
B0D2QDNZMS,A240TNI0UGYBWG
B0D2NVCNLX,A240TNI0UGYBWG
B0D2NLM188,A240TNI0UGYBWG
B0D2MFW3N6,A240TNI0UGYBWG
B0D1YF4QCR,A240TNI0UGYBWG
B0D1KGLBD9,A240TNI0UGYBWG
B0D1G8LT67,A240TNI0UGYBWG
B0D141CYFT,A240TNI0UGYBWG
B0CZ3RVS7T,A240TNI0UGYBWG
B0CXJ19C2J,A240TNI0UGYBWG
B0CWL4FW71,A240TNI0UGYBWG
B0CVXJ6WSZ,A240TNI0UGYBWG
B0CRVTXKLM,A240TNI0UGYBWG
B0CQY49XKS,A240TNI0UGYBWG
B0CQWWX5M7,A240TNI0UGYBWG
B0CQT2JJ9L,A240TNI0UGYBWG
B0CQJYVPXM,A240TNI0UGYBWG
B0CQJDXV76,A240TNI0UGYBWG
B0CQFTYF5S,A240TNI0UGYBWG
B0CQD95Z6C,A240TNI0UGYBWG
B0CQ41P5JW,A240TNI0UGYBWG
B0CPJ15MV8,A240TNI0UGYBWG
B0CP38YQQ4,A240TNI0UGYBWG
B0CP2LRW4V,A240TNI0UGYBWG
B0CNR57616,A240TNI0UGYBWG
B0CMTYDC8J,A240TNI0UGYBWG
B0CMG7PNC5,A240TNI0UGYBWG
B0CMCQ853L,A240TNI0UGYBWG
B0BRXXZ6DP,A240TNI0UGYBWG
B0BRHZ3X84,A240TNI0UGYBWG
B0BR5DYJSB,A240TNI0UGYBWG
B0BQRJJ4WN,A240TNI0UGYBWG
B0BQMLLV2T,A240TNI0UGYBWG
B0BQ3GNYH1,A240TNI0UGYBWG
B0BLK47JQC,A240TNI0UGYBWG
B0BLCJ1M2G,A240TNI0UGYBWG
B0BGNBM8ZR,A240TNI0UGYBWG
B0BGLZ4YG9,A240TNI0UGYBWG
B0BGLQ9M5D,A240TNI0UGYBWG
B0BBN9JZ7W,A240TNI0UGYBWG
B0BB1MJDM9,A240TNI0UGYBWG
B0B9HDHQSC,A240TNI0UGYBWG
B0B9757FSF,A240TNI0UGYBWG
B0B7DFX5Y4,A240TNI0UGYBWG
B0CLLSTT73,A240TNI0UGYBWG
B0CLB6RM9H,A240TNI0UGYBWG
B0CJXKVCMF,A240TNI0UGYBWG
B0CJJX75L3,A240TNI0UGYBWG
B0CJJF5ZJX,A240TNI0UGYBWG
B0CH3615SR,A240TNI0UGYBWG
B0CGVLSC4B,A240TNI0UGYBWG
B0CGV5WBBM,A240TNI0UGYBWG
B0CGMY138V,A240TNI0UGYBWG
B0CGHX7DYG,A240TNI0UGYBWG
B0CG2ZMN6R,A240TNI0UGYBWG
B0CFXN645S,A240TNI0UGYBWG
B0CCL5XBHR,A240TNI0UGYBWG
B0CCKFTKW4,A240TNI0UGYBWG
B0CC1VYW1R,A240TNI0UGYBWG
B0CC18TVV4,A240TNI0UGYBWG
B0B7DFQ2X4,A240TNI0UGYBWG
B0B7D89Z1C,A240TNI0UGYBWG
B0B6SPQFMH,A240TNI0UGYBWG
B0B6HVGHB3,A240TNI0UGYBWG
B0B4SDWBJB,A240TNI0UGYBWG
B0B3QWHXPN,A240TNI0UGYBWG
B0B2RFHXTY,A240TNI0UGYBWG
B0B2R7CL37,A240TNI0UGYBWG
B0B17ZBSBN,A240TNI0UGYBWG
B09YY1Y984,A240TNI0UGYBWG
B09YPPRMHM,A240TNI0UGYBWG
B09YM5VG3G,A240TNI0UGYBWG
B09YM4VM41,A240TNI0UGYBWG
B09YM3PJH5,A240TNI0UGYBWG
B09X24SK67,A240TNI0UGYBWG
B09WHPWBVL,A240TNI0UGYBWG
B0DMSVVSLM,A240TNI0UGYBWG
B0DKY3DY25,A240TNI0UGYBWG
B0DKDRWFKM,A240TNI0UGYBWG
B0DJW992BM,A240TNI0UGYBWG
B0DJVVRH4D,A240TNI0UGYBWG
B0DJJVMFY2,A240TNI0UGYBWG
B0DJJFTXDL,A240TNI0UGYBWG
B0DJ7CPG48,A240TNI0UGYBWG
B0DGGW3SZV,A240TNI0UGYBWG
B0DFWN6GXQ,A240TNI0UGYBWG
B0DCGH282N,A240TNI0UGYBWG
B0DBTGH9D9,A240TNI0UGYBWG
B0DB1NKMGR,A240TNI0UGYBWG
B0D87CR747,A240TNI0UGYBWG
B0D7VMKRPC,A240TNI0UGYBWG
B0D6V6LKP6,A240TNI0UGYBWG
B09CZH6YQX,A240TNI0UGYBWG
B09B8RNJFV,A240TNI0UGYBWG
B09B2GRLN4,A240TNI0UGYBWG
B097DBWKFT,A240TNI0UGYBWG
B096QDY31S,A240TNI0UGYBWG
B096M919N3,A240TNI0UGYBWG
B094Z5GV2V,A240TNI0UGYBWG
B094YPP69W,A240TNI0UGYBWG
B09468RZWY,A240TNI0UGYBWG
B093NYH7TB,A240TNI0UGYBWG
B0936PM77N,A240TNI0UGYBWG
B092D3PBVQ,A240TNI0UGYBWG
B0925SFLH6,A240TNI0UGYBWG
B08ZRVSJCH,A240TNI0UGYBWG
B08YJFSRB2,A240TNI0UGYBWG
B08XNP4RCX,A240TNI0UGYBWG
B0CRJZ412P,A240TNI0UGYBWG
B0CRGQ4HNV,A240TNI0UGYBWG
B0CQZDCPKX,A240TNI0UGYBWG
B0CQCJXBR8,A240TNI0UGYBWG
B0CPLK2H5Q,A240TNI0UGYBWG
B0CNYL1QDN,A240TNI0UGYBWG
B0CNX2S73P,A240TNI0UGYBWG
B0CMTTZ89V,A240TNI0UGYBWG
B0CMQ8C42P,A240TNI0UGYBWG
B0CLD9CXFR,A240TNI0UGYBWG
B0CJTGT76V,A240TNI0UGYBWG
B0CJP1YJH7,A240TNI0UGYBWG
B0CJ2CT7Y1,A240TNI0UGYBWG
B0CGTM9YDJ,A240TNI0UGYBWG
B0CG6MT5XP,A240TNI0UGYBWG
B0CG2VPH3Q,A240TNI0UGYBWG
B09H7C6X8T,A240TNI0UGYBWG
B09CDP4TJK,A240TNI0UGYBWG
B09BVJYRY4,A240TNI0UGYBWG
B099QPSF78,A240TNI0UGYBWG
B097YLKTD3,A240TNI0UGYBWG
B097J749KM,A240TNI0UGYBWG
B095K73JJP,A240TNI0UGYBWG
B094ZJ3M7S,A240TNI0UGYBWG
B094FJ9L31,A240TNI0UGYBWG
B09442GH8N,A240TNI0UGYBWG
B093Z2L11P,A240TNI0UGYBWG
B091H18YKK,A240TNI0UGYBWG
B08SW8C16T,A240TNI0UGYBWG
B08SQ5K1MH,A240TNI0UGYBWG
B08QZYB5XS,A240TNI0UGYBWG
B08QYN1PZN,A240TNI0UGYBWG
B0B36L17XJ,A240TNI0UGYBWG
B0B2RK5HF7,A240TNI0UGYBWG
B0B27W6J3Z,A240TNI0UGYBWG
B0B1QPWDDB,A240TNI0UGYBWG
B0B1N6X9JT,A240TNI0UGYBWG
B09ZY2DSCS,A240TNI0UGYBWG
B09Y88F8Z8,A240TNI0UGYBWG
B09WCSYSHY,A240TNI0UGYBWG
B09W42DWVH,A240TNI0UGYBWG
B09W36ZCK7,A240TNI0UGYBWG
B09TR2RHJ6,A240TNI0UGYBWG
B09SCSM725,A240TNI0UGYBWG
B09RQ9FD14,A240TNI0UGYBWG
B09KZQQNM2,A240TNI0UGYBWG
B09JGTBTD6,A240TNI0UGYBWG
B09HBVCFS1,A240TNI0UGYBWG
B0BKZJVF7V,A240TNI0UGYBWG
B0BKYGZYKW,A240TNI0UGYBWG
B0BKPKNMGF,A240TNI0UGYBWG
B0BKLRP95L,A240TNI0UGYBWG
B0BJQPMXZF,A240TNI0UGYBWG
B0BJ924Y6T,A240TNI0UGYBWG
B0BF8JYNGQ,A240TNI0UGYBWG
B0BBRK45L3,A240TNI0UGYBWG
B0B9BLVR9Z,A240TNI0UGYBWG
B0B96GHVY8,A240TNI0UGYBWG
B0B7HZC5HN,A240TNI0UGYBWG
B0B7HLZFDH,A240TNI0UGYBWG
B0B728JH7R,A240TNI0UGYBWG
B0B5XL13R3,A240TNI0UGYBWG
B0B5G6KFWW,A240TNI0UGYBWG
B0B49GFWN1,A240TNI0UGYBWG
B0DGV83529,A240TNI0UGYBWG
B0DBTVN4GP,A240TNI0UGYBWG
B0D9L7RDWQ,A240TNI0UGYBWG
B0D9C8RR1Z,A240TNI0UGYBWG
B0D94DGFDK,A240TNI0UGYBWG
B0D85P8QP5,A240TNI0UGYBWG
B0D72M992X,A240TNI0UGYBWG
B0D6R8TG7B,A240TNI0UGYBWG
B0D6QFR3C4,A240TNI0UGYBWG
B0D6G1MQSD,A240TNI0UGYBWG
B0D5LHBVK9,A240TNI0UGYBWG
B0D4V17S67,A240TNI0UGYBWG
B0D4HZJC9M,A240TNI0UGYBWG
B0D3HQGLG1,A240TNI0UGYBWG
B0D3HMMVXQ,A240TNI0UGYBWG
B0D2MZHPDY,A240TNI0UGYBWG
B07WC2BYVJ,A240TNI0UGYBWG
B07V3SBPZH,A240TNI0UGYBWG
B07T8BGRSH,A240TNI0UGYBWG
B07R7C67SP,A240TNI0UGYBWG
B07R62NNL2,A240TNI0UGYBWG
B07R5BNWJZ,A240TNI0UGYBWG
B07LCJL32X,A240TNI0UGYBWG
B07JFZM5S4,A240TNI0UGYBWG
B07DLRHMJP,A240TNI0UGYBWG
B07D3PPFXZ,A240TNI0UGYBWG
B079STWLF7,A240TNI0UGYBWG
B079532VZJ,A240TNI0UGYBWG
B077Z9GQCB,A240TNI0UGYBWG
B0774WK7LP,A240TNI0UGYBWG
B0773XLRM4,A240TNI0UGYBWG
B073RQYWJD,A240TNI0UGYBWG
B0D29DLZXK,A240TNI0UGYBWG
B0D24L3ZSG,A240TNI0UGYBWG
B0D1G34SC5,A240TNI0UGYBWG
B0CZRQZ2PH,A240TNI0UGYBWG
B0CZPW7FV9,A240TNI0UGYBWG
B0CYGYTYXG,A240TNI0UGYBWG
B0CYGXKY2X,A240TNI0UGYBWG
B0CYGXFQHQ,A240TNI0UGYBWG
B0CYGWSZB4,A240TNI0UGYBWG
B0CYGTQYYG,A240TNI0UGYBWG
B0CXXN2QDZ,A240TNI0UGYBWG
B0CXXL9VRH,A240TNI0UGYBWG
B0CW9HZ1B4,A240TNI0UGYBWG
B0CW5M8YX5,A240TNI0UGYBWG
B0CVN6ZF94,A240TNI0UGYBWG
B0CTQ8HM5R,A240TNI0UGYBWG
B0CTCW27B7,A240TNI0UGYBWG
B0CSFK83R8,A240TNI0UGYBWG
B0CS3D3CYK,A240TNI0UGYBWG
B0CRK5WHZJ,A240TNI0UGYBWG
B0CQVLSHFF,A240TNI0UGYBWG
B0CPVQRZBS,A240TNI0UGYBWG
B0CPLY95Q2,A240TNI0UGYBWG
B0CPKWW8BB,A240TNI0UGYBWG
B0CPBPQ8FG,A240TNI0UGYBWG
B0CP2BDJY6,A240TNI0UGYBWG
B0CNSWZ6FV,A240TNI0UGYBWG
B0CNG54ST7,A240TNI0UGYBWG
B0CMX9SST1,A240TNI0UGYBWG
B0CMGGBVVB,A240TNI0UGYBWG
B0CL681G6R,A240TNI0UGYBWG
B0CKX6C3T1,A240TNI0UGYBWG
B0BVYGNN9H,A240TNI0UGYBWG
B0BVH9YFVJ,A240TNI0UGYBWG
B0BR9NHDB4,A240TNI0UGYBWG
B0BMVM26FD,A240TNI0UGYBWG
B0BLCN19K5,A240TNI0UGYBWG
B0BKFXX849,A240TNI0UGYBWG
B0BK1R29N2,A240TNI0UGYBWG
B0BG1F5WWJ,A240TNI0UGYBWG
B0BF9LW6DS,A240TNI0UGYBWG
B0BBVCZHVZ,A240TNI0UGYBWG
B0B9JXDFZ6,A240TNI0UGYBWG
B0B9GN85GP,A240TNI0UGYBWG
B0B8VRRHWY,A240TNI0UGYBWG
B0B8214ZY9,A240TNI0UGYBWG
B0B7MMJX6H,A240TNI0UGYBWG
B0B6PKCP46,A240TNI0UGYBWG
B0B6PCG1SY,A240TNI0UGYBWG
B0B6J3KKPQ,A240TNI0UGYBWG
B0B5JLT8M3,A240TNI0UGYBWG
B0B4VP987V,A240TNI0UGYBWG
B0B4C7663D,A240TNI0UGYBWG
B0B3XW9DFB,A240TNI0UGYBWG
B0B3J3ND45,A240TNI0UGYBWG
B0B1HTPDML,A240TNI0UGYBWG
B0B14ZRRDJ,A240TNI0UGYBWG
B09XWSX9P9,A240TNI0UGYBWG
B09W2JYB6Z,A240TNI0UGYBWG
B09VDHYHML,A240TNI0UGYBWG
B09V4P34VD,A240TNI0UGYBWG
B09PBNGDWH,A240TNI0UGYBWG
B09PBN3BX1,A240TNI0UGYBWG
B09MLNP5LR,A240TNI0UGYBWG
B0924CWCXB,A240TNI0UGYBWG
B09245HZT7,A240TNI0UGYBWG
B09197JT5G,A240TNI0UGYBWG
B08QVK4NB1,A240TNI0UGYBWG
B08QDCMXNS,A240TNI0UGYBWG
B08PP5KR1X,A240TNI0UGYBWG
B08NVXCPT2,A240TNI0UGYBWG
B08L87NM41,A240TNI0UGYBWG
B08K1B17HQ,A240TNI0UGYBWG
B08FXTSDQN,A240TNI0UGYBWG
B08CNPC61T,A240TNI0UGYBWG
B08C27ZMYZ,A240TNI0UGYBWG
B08BSWPLYM,A240TNI0UGYBWG
B08BCDSJLB,A240TNI0UGYBWG
B089QKQ8KM,A240TNI0UGYBWG
B0859MLQ77,A240TNI0UGYBWG
B0CJZXZQR9,A240TNI0UGYBWG
B0CJCB1Y2X,A240TNI0UGYBWG
B0CJ9SM4Q8,A240TNI0UGYBWG
B0CJ9BJN1C,A240TNI0UGYBWG
B0CJ95J9GH,A240TNI0UGYBWG
B0CJ7TQKS9,A240TNI0UGYBWG
B0CH81LCDD,A240TNI0UGYBWG
B0CH39DG61,A240TNI0UGYBWG
B0CH1D7GJJ,A240TNI0UGYBWG
B0CGXCJJ3D,A240TNI0UGYBWG
B0CG121KHM,A240TNI0UGYBWG
B0CFR77ZLX,A240TNI0UGYBWG
B0CFR52VCQ,A240TNI0UGYBWG
B0CFKXJ73N,A240TNI0UGYBWG
B0CF58W43S,A240TNI0UGYBWG
B0CDSYH13J,A240TNI0UGYBWG
B000L3TPV6,A240TNI0UGYBWG
B07G5X428W,A240TNI0UGYBWG
B07DWMX8TR,A240TNI0UGYBWG
B07D817TDN,A240TNI0UGYBWG
B075G37CRJ,A240TNI0UGYBWG
B074M8F9RP,A240TNI0UGYBWG
B074HGW2FT,A240TNI0UGYBWG
B0745ZQ1KR,A240TNI0UGYBWG
B073RRTQQR,A240TNI0UGYBWG
B0716D94T2,A240TNI0UGYBWG
B06XTZDWX1,A240TNI0UGYBWG
B01DXSV6K8,A240TNI0UGYBWG
B01608H18O,A240TNI0UGYBWG
B010KJSCR8,A240TNI0UGYBWG
B00JBJFREU,A240TNI0UGYBWG
B00E3QRTRO,A240TNI0UGYBWG
B005HYDUTM,A240TNI0UGYBWG
B073F13NBC,A240TNI0UGYBWG
B071WPLVLH,A240TNI0UGYBWG
B01LF25EES,A240TNI0UGYBWG
B0167U6YHY,A240TNI0UGYBWG
B00Y5PTZSO,A240TNI0UGYBWG
B00N51OWZA,A240TNI0UGYBWG
B00EW9FKR8,A240TNI0UGYBWG
B00A6W28KM,A240TNI0UGYBWG
B004Q63NHQ,A240TNI0UGYBWG
B001CY0OZO,A240TNI0UGYBWG
B000L3VSO8,A240TNI0UGYBWG
B0DBQQ8QRG,A240TNI0UGYBWG
B0D48KH2FL,A240TNI0UGYBWG
B0CLVNQZ3V,A240TNI0UGYBWG
B0C2HP1Z29,A240TNI0UGYBWG
B08HVSBVH6,A240TNI0UGYBWG
B0CS6FWLKL,A240TNI0UGYBWG
B0CQYCZ76G,A240TNI0UGYBWG
B0CQY8BSRH,A240TNI0UGYBWG
B0CQR8YT8G,A240TNI0UGYBWG
B0CQM95QMT,A240TNI0UGYBWG
B0CQJZMJ8V,A240TNI0UGYBWG
B0CQ1SRDJM,A240TNI0UGYBWG
B0CPBBYJPJ,A240TNI0UGYBWG
B0CP3K2P2Y,A240TNI0UGYBWG
B0CNH9J43R,A240TNI0UGYBWG
B0CMLF7C53,A240TNI0UGYBWG
B0CM6NTVQR,A240TNI0UGYBWG
B0CJC9PMYX,A240TNI0UGYBWG
B0CHM3V9WB,A240TNI0UGYBWG
B0CH9LKKSJ,A240TNI0UGYBWG
B0CH33L2XY,A240TNI0UGYBWG
B0DGP8ZWVQ,A240TNI0UGYBWG
B0DDLHNM3S,A240TNI0UGYBWG
B0DCZ22TFY,A240TNI0UGYBWG
B0DCGVW9D4,A240TNI0UGYBWG
B0DB251RL1,A240TNI0UGYBWG
B0D9LL28D8,A240TNI0UGYBWG
B0D93DR7Q3,A240TNI0UGYBWG
B0D91MX6J2,A240TNI0UGYBWG
B0D8T4MMZD,A240TNI0UGYBWG
B0D8PM2XJ7,A240TNI0UGYBWG
B0D7M3M9NP,A240TNI0UGYBWG
B0D7HHBRDZ,A240TNI0UGYBWG
B0D798S9PK,A240TNI0UGYBWG
B0D6LNS8R6,A240TNI0UGYBWG
B0D533X1T7,A240TNI0UGYBWG
B0D48L2QYK,A240TNI0UGYBWG
B0CGX3NCZ8,A240TNI0UGYBWG
B0CG1M8134,A240TNI0UGYBWG
B0CF88LTKY,A240TNI0UGYBWG
B0CDK97KCQ,A240TNI0UGYBWG
B0CDG45FZP,A240TNI0UGYBWG
B0CD4XCBX8,A240TNI0UGYBWG
B0CCVG2RTZ,A240TNI0UGYBWG
B0CC98H77Z,A240TNI0UGYBWG
B0CBR7H24M,A240TNI0UGYBWG
B0C9TSK2Y6,A240TNI0UGYBWG
B0C9M6ZKT9,A240TNI0UGYBWG
B0C996LRYL,A240TNI0UGYBWG
B0C8T6RDCB,A240TNI0UGYBWG
B0C85MHF5Y,A240TNI0UGYBWG
B0C6CYBB69,A240TNI0UGYBWG
B0C68MXBKP,A240TNI0UGYBWG
B004ZRWGGA,A240TNI0UGYBWG
B00295QD96,A240TNI0UGYBWG
B0DSD2JQZK,A240TNI0UGYBWG
B0DKMNMX7N,A240TNI0UGYBWG
B0DHKH41RJ,A240TNI0UGYBWG
B0B3SD38HT,A240TNI0UGYBWG
B09TKL695C,A240TNI0UGYBWG
B07X7TP12T,A240TNI0UGYBWG
B0758LW37W,A240TNI0UGYBWG
B0C5GGFNJM,A240TNI0UGYBWG
B0C4ZYTKQL,A240TNI0UGYBWG
B0C4KJBMNV,A240TNI0UGYBWG
B0C3D4G25N,A240TNI0UGYBWG
B0C389F14M,A240TNI0UGYBWG
B0C2PXYX9C,A240TNI0UGYBWG
B0C2L2ZG59,A240TNI0UGYBWG
B0C1SGG4XV,A240TNI0UGYBWG
B0C1BW1JCB,A240TNI0UGYBWG
B0C163119P,A240TNI0UGYBWG
B0BZNN2RD2,A240TNI0UGYBWG
B0BXKTQ63T,A240TNI0UGYBWG
B0BXCLP6VG,A240TNI0UGYBWG
B0BV1VJVNY,A240TNI0UGYBWG
B0BRLXP1J8,A240TNI0UGYBWG
B0BNVWPM98,A240TNI0UGYBWG
B0B7KCDLMF,A240TNI0UGYBWG
B0B7DSDGX6,A240TNI0UGYBWG
B0B5D1LFY9,A240TNI0UGYBWG
B0B4C926VN,A240TNI0UGYBWG
B0B4C63K81,A240TNI0UGYBWG
B0B2JW69W3,A240TNI0UGYBWG
B0B1KH5YHL,A240TNI0UGYBWG
B09ZY1HZ7M,A240TNI0UGYBWG
B09X1P1KGL,A240TNI0UGYBWG
B09VKFDT6W,A240TNI0UGYBWG
B09V2PHYKN,A240TNI0UGYBWG
B09V1KY54L,A240TNI0UGYBWG
B09TP3688M,A240TNI0UGYBWG
B09T9K53NH,A240TNI0UGYBWG
B09S3MDXY9,A240TNI0UGYBWG
B09R8LZ87L,A240TNI0UGYBWG
B0CDL3HC7V,A240TNI0UGYBWG
B0CBPW1WN1,A240TNI0UGYBWG
B0CBPHFLTT,A240TNI0UGYBWG
B0CB47F76Q,A240TNI0UGYBWG
B0CB2PFCDQ,A240TNI0UGYBWG
B0C9SWXPXS,A240TNI0UGYBWG
B0C8T738X2,A240TNI0UGYBWG
B0C8B27QXB,A240TNI0UGYBWG
B0C64YJX56,A240TNI0UGYBWG
B0C4KV52PJ,A240TNI0UGYBWG
B0C4KSJ6B9,A240TNI0UGYBWG
B0C3MY8V94,A240TNI0UGYBWG
B0C3M44QCG,A240TNI0UGYBWG
B0C27FHQBW,A240TNI0UGYBWG
B0BZYY814X,A240TNI0UGYBWG
B0BYJGY7CG,A240TNI0UGYBWG
B08P6GCCTD,A240TNI0UGYBWG
B08LMJZG5J,A240TNI0UGYBWG
B08JPSZFGT,A240TNI0UGYBWG
B08JG3TMVM,A240TNI0UGYBWG
B08HM4T7F4,A240TNI0UGYBWG
B08H8T52KV,A240TNI0UGYBWG
B08H8N2XQD,A240TNI0UGYBWG
B08CXL8B5C,A240TNI0UGYBWG
B08BLHZ4FP,A240TNI0UGYBWG
B087JLQ34D,A240TNI0UGYBWG
B083FCMMQX,A240TNI0UGYBWG
B08297H55Q,A240TNI0UGYBWG
B082275QZT,A240TNI0UGYBWG
B07YD5939L,A240TNI0UGYBWG
B07YCW6VD9,A240TNI0UGYBWG
B07XP7V9KC,A240TNI0UGYBWG
B0BMQ2S1GV,A240TNI0UGYBWG
B0BMFHKLQ8,A240TNI0UGYBWG
B0BM5Y9F64,A240TNI0UGYBWG
B0BLWCPHCJ,A240TNI0UGYBWG
B0BL88Z5B1,A240TNI0UGYBWG
B0BJDVFPMS,A240TNI0UGYBWG
B0BGFGVHJ1,A240TNI0UGYBWG
B0BFXBN8GS,A240TNI0UGYBWG
B0BFWTNPP5,A240TNI0UGYBWG
B0BFGWRJ6M,A240TNI0UGYBWG
B0BF9Z3T11,A240TNI0UGYBWG
B0BCPZL467,A240TNI0UGYBWG
B0BB7JVLRS,A240TNI0UGYBWG
B0BB6B5YW3,A240TNI0UGYBWG
B0B9Q33C3H,A240TNI0UGYBWG
B0B82N8818,A240TNI0UGYBWG
B083VYJY5Q,A240TNI0UGYBWG
B0817DGXYW,A240TNI0UGYBWG
B07ZF4C1D4,A240TNI0UGYBWG
B07YXWXNP3,A240TNI0UGYBWG
B07WBX6F76,A240TNI0UGYBWG
B07W3DG735,A240TNI0UGYBWG
B07VDYQPT4,A240TNI0UGYBWG
B07V8DN4B4,A240TNI0UGYBWG
B07RN751RV,A240TNI0UGYBWG
B07R5NZG6D,A240TNI0UGYBWG
B07PZC68JV,A240TNI0UGYBWG
B07P2VDDL5,A240TNI0UGYBWG
B07MPVQJGN,A240TNI0UGYBWG
B07LCN9WWM,A240TNI0UGYBWG
B07KQ2RZC5,A240TNI0UGYBWG
B07KH7SLYN,A240TNI0UGYBWG
B09LTVSNN8,A240TNI0UGYBWG
B09KB6BBHG,A240TNI0UGYBWG
B09GVRXW2V,A240TNI0UGYBWG
B09G9TP5MN,A240TNI0UGYBWG
B09G6Q1T7M,A240TNI0UGYBWG
B097T99WRT,A240TNI0UGYBWG
B097S843J8,A240TNI0UGYBWG
B097JCLLPV,A240TNI0UGYBWG
B096S42FY4,A240TNI0UGYBWG
B095VLC293,A240TNI0UGYBWG
B0956XW8KS,A240TNI0UGYBWG
B093ZMM83T,A240TNI0UGYBWG
B093RMW1CS,A240TNI0UGYBWG
B093LJJ3W2,A240TNI0UGYBWG
B09369H7G3,A240TNI0UGYBWG
B092M1RQ25,A240TNI0UGYBWG
B09QCGJ713,A240TNI0UGYBWG
B09Q34Y1PS,A240TNI0UGYBWG
B09PFZ6T59,A240TNI0UGYBWG
B09PBMRZ7Z,A240TNI0UGYBWG
B09NVX273K,A240TNI0UGYBWG
B09NVK44PJ,A240TNI0UGYBWG
B09NBGBZ6S,A240TNI0UGYBWG
B09MFFQ42C,A240TNI0UGYBWG
B09M5T1CJ9,A240TNI0UGYBWG
B09FXNPHHC,A240TNI0UGYBWG
B09F2J6WK8,A240TNI0UGYBWG
B09D771DLW,A240TNI0UGYBWG
B09BN215WP,A240TNI0UGYBWG
B09BMTR3NK,A240TNI0UGYBWG
B09BF84HVP,A240TNI0UGYBWG
B099JCZVDV,A240TNI0UGYBWG
B099J1DWV6,A240TNI0UGYBWG
B098Q9CYJ4,A240TNI0UGYBWG
B096RT39DH,A240TNI0UGYBWG
B095BP5SG7,A240TNI0UGYBWG
B09578NH2W,A240TNI0UGYBWG
B094N6V4XP,A240TNI0UGYBWG
B093JZ71VF,A240TNI0UGYBWG
B092M2HH61,A240TNI0UGYBWG
B091YKQ4M9,A240TNI0UGYBWG
B091M7YKJ4,A240TNI0UGYBWG
B0915KNJ7J,A240TNI0UGYBWG
B09123PF4T,A240TNI0UGYBWG
B08YQRPYPS,A240TNI0UGYBWG
B08VW9Y273,A240TNI0UGYBWG
B08R3M1CKZ,A240TNI0UGYBWG
B08QHQ23Q2,A240TNI0UGYBWG
B082Y8W8ZV,A240TNI0UGYBWG
B0819KZXNJ,A240TNI0UGYBWG
B07ZMPTS4V,A240TNI0UGYBWG
B07YB24X8G,A240TNI0UGYBWG
B07XP118KG,A240TNI0UGYBWG
B07WHKL487,A240TNI0UGYBWG
B07VRVBG58,A240TNI0UGYBWG
B07TV8RNPF,A240TNI0UGYBWG
B07TNHXWFH,A240TNI0UGYBWG
B07TMQRVLL,A240TNI0UGYBWG
B07SKDSVGG,A240TNI0UGYBWG
B07S4XTD8D,A240TNI0UGYBWG
B07QDLKGC4,A240TNI0UGYBWG
B07NVBDX8T,A240TNI0UGYBWG
B07MK3X8T3,A240TNI0UGYBWG
B07K9Q4LQ1,A240TNI0UGYBWG
B07K9NYS3Z,A240TNI0UGYBWG
B07HB1KW68,A240TNI0UGYBWG
B07GNR57TS,A240TNI0UGYBWG
B07GNK7HRZ,A240TNI0UGYBWG
B07D8FVJ8C,A240TNI0UGYBWG
B075WFKGSV,A240TNI0UGYBWG
B071S9KL1B,A240TNI0UGYBWG
B01N5J9WML,A240TNI0UGYBWG
B01MTCGJDQ,A240TNI0UGYBWG
B01BB8G4TA,A240TNI0UGYBWG
B018N8YLEG,A240TNI0UGYBWG
B015LJM6JM,A240TNI0UGYBWG
B00XI1ABLQ,A240TNI0UGYBWG
B00RRDXT38,A240TNI0UGYBWG
B00OHVVX2W,A240TNI0UGYBWG
B007HLAPIM,A240TNI0UGYBWG
B006IVIZZC,A240TNI0UGYBWG
B000EALHHG,A240TNI0UGYBWG
B000BWDWES,A240TNI0UGYBWG
B0D452XKND,A240TNI0UGYBWG
B0D41HQZJM,A240TNI0UGYBWG
B0D3FCSTDD,A240TNI0UGYBWG
B0D39XRRDD,A240TNI0UGYBWG
B0D37JHLVG,A240TNI0UGYBWG
B0D326SSYT,A240TNI0UGYBWG
B0D2LDV2GQ,A240TNI0UGYBWG
B0D2CRRFWC,A240TNI0UGYBWG
B0D1BXS9GY,A240TNI0UGYBWG
B0CZHK1LG9,A240TNI0UGYBWG
B0CYZFZCT9,A240TNI0UGYBWG
B0CYXSYKM8,A240TNI0UGYBWG
B0CYPSFD5M,A240TNI0UGYBWG
B0CX95TKB1,A240TNI0UGYBWG
B0CW9M8FDS,A240TNI0UGYBWG
B0CVXGJZJW,A240TNI0UGYBWG
B0CZKMRQZ5,A240TNI0UGYBWG
B0CYGPYFBD,A240TNI0UGYBWG
B0CY88M7P2,A240TNI0UGYBWG
B0CXPDW9PN,A240TNI0UGYBWG
B0CXF3M4XS,A240TNI0UGYBWG
B0CW6B39D3,A240TNI0UGYBWG
B0CTY561J4,A240TNI0UGYBWG
B0CTHD7CNS,A240TNI0UGYBWG
B0CT8LMBHN,A240TNI0UGYBWG
B0CT3QX7GX,A240TNI0UGYBWG
B0CSZ62YYN,A240TNI0UGYBWG
B0CSSV2Y38,A240TNI0UGYBWG
B0CSS7VZ25,A240TNI0UGYBWG
B0CSG6Y5D7,A240TNI0UGYBWG
B0CSCXXBXF,A240TNI0UGYBWG
B0CRB2GWWH,A240TNI0UGYBWG
B0CD3LLVJ5,A240TNI0UGYBWG
B0CCY7HTMK,A240TNI0UGYBWG
B0CBM17STW,A240TNI0UGYBWG
B0C9G2ZL43,A240TNI0UGYBWG
B0C8MQ74J2,A240TNI0UGYBWG
B0C8H9G3SM,A240TNI0UGYBWG
B0C7KFC6P1,A240TNI0UGYBWG
B0C7H23PPP,A240TNI0UGYBWG
B0C6R6MYB6,A240TNI0UGYBWG
B0C4PNV597,A240TNI0UGYBWG
B0C3BCZ8MC,A240TNI0UGYBWG
B0C38PNNX9,A240TNI0UGYBWG
B0C36KDFNW,A240TNI0UGYBWG
B0C2CXTHLT,A240TNI0UGYBWG
B0C1ZXQLP4,A240TNI0UGYBWG
B0C1YLBFSN,A240TNI0UGYBWG
B0BC8KD7Y4,A240TNI0UGYBWG
B0BBMX1GTQ,A240TNI0UGYBWG
B0B99TGR7X,A240TNI0UGYBWG
B0B977K6QX,A240TNI0UGYBWG
B0B83YX2FL,A240TNI0UGYBWG
B0B5N53X4G,A240TNI0UGYBWG
B0B48V882C,A240TNI0UGYBWG
B0B1D9S1MD,A240TNI0UGYBWG
B0B17ND7BG,A240TNI0UGYBWG
B09ZPNJSLB,A240TNI0UGYBWG
B09ZKZ2D9H,A240TNI0UGYBWG
B09Z6C2HV3,A240TNI0UGYBWG
B09XR386BR,A240TNI0UGYBWG
B09XN92XS3,A240TNI0UGYBWG
B09WCQK8QM,A240TNI0UGYBWG
B09V2P37RY,A240TNI0UGYBWG
B09SL37VS1,A240TNI0UGYBWG
B09Q5NG61Y,A240TNI0UGYBWG
B09PZMSKM6,A240TNI0UGYBWG
B09PV9GFPS,A240TNI0UGYBWG
B09NYLQ25X,A240TNI0UGYBWG
B09CQ387D7,A240TNI0UGYBWG
B09CHL35Y6,A240TNI0UGYBWG
B09BQZCKZT,A240TNI0UGYBWG
B0995H5TNX,A240TNI0UGYBWG
B0981V59WC,A240TNI0UGYBWG
B097MJB77Q,A240TNI0UGYBWG
B0931V5847,A240TNI0UGYBWG
B092PYBPKT,A240TNI0UGYBWG
B08ZY9CM63,A240TNI0UGYBWG
B08W2793M1,A240TNI0UGYBWG
B08R3QZ99Q,A240TNI0UGYBWG
B08NMW9R5H,A240TNI0UGYBWG
B08N5DMQ2S,A240TNI0UGYBWG
B08LHFK43L,A240TNI0UGYBWG
B08KRJT983,A240TNI0UGYBWG
B08KFLL428,A240TNI0UGYBWG
B08J415W51,A240TNI0UGYBWG
B08GVSVWVM,A240TNI0UGYBWG
B08FWHDFRP,A240TNI0UGYBWG
B08DMHBKGC,A240TNI0UGYBWG
B08DHQDNWT,A240TNI0UGYBWG
B08D82QX4M,A240TNI0UGYBWG
B08CHG21SB,A240TNI0UGYBWG
B08CH37R6S,A240TNI0UGYBWG
B08BZKYB42,A240TNI0UGYBWG
B086BZP4VX,A240TNI0UGYBWG
B084H4C5L6,A240TNI0UGYBWG
B0CLZQMTNT,A240TNI0UGYBWG
B0CKX26NDG,A240TNI0UGYBWG
B0CJMHGF4C,A240TNI0UGYBWG
B0CH3BYH4M,A240TNI0UGYBWG
B0CGZMBK9L,A240TNI0UGYBWG
B0CFY411FS,A240TNI0UGYBWG
B0CFQWGYXR,A240TNI0UGYBWG
B0CF1ZFTZX,A240TNI0UGYBWG
B0CC9FCQ86,A240TNI0UGYBWG
B0CB6M4BRD,A240TNI0UGYBWG
B0C9LGS1VG,A240TNI0UGYBWG
B0C8JQ2PWK,A240TNI0UGYBWG
B0C746TPSL,A240TNI0UGYBWG
B0C6YLLF8Z,A240TNI0UGYBWG
B0C6QM4BQ9,A240TNI0UGYBWG
B0C6PGGH8Y,A240TNI0UGYBWG
B0C694C22B,A240TNI0UGYBWG
B0C53N5SDC,A240TNI0UGYBWG
B0C3YRGTTN,A240TNI0UGYBWG
B0C3HM21CW,A240TNI0UGYBWG
B0C3DKTR9H,A240TNI0UGYBWG
B0C2Z1398P,A240TNI0UGYBWG
B0C27DL4J6,A240TNI0UGYBWG
B0C1P9HYPB,A240TNI0UGYBWG
B0BZR7LZ5J,A240TNI0UGYBWG
B0BZKVNVZW,A240TNI0UGYBWG
B0BYSXRN3G,A240TNI0UGYBWG
B0BYG2MFPY,A240TNI0UGYBWG
B0BY2JCQ78,A240TNI0UGYBWG
B0BXP8BBDM,A240TNI0UGYBWG
B0BXKYFLTG,A240TNI0UGYBWG
B0BV6JW5DD,A240TNI0UGYBWG
B0DCSM63NJ,A240TNI0UGYBWG
B0DBH9YVTL,A240TNI0UGYBWG
B0D7HTH5D3,A240TNI0UGYBWG
B0D79J6Y6L,A240TNI0UGYBWG
B0D4QB64M9,A240TNI0UGYBWG
B0D4CJ15VG,A240TNI0UGYBWG
B0D46DTJ76,A240TNI0UGYBWG
B0D31C47LC,A240TNI0UGYBWG
B0D2D7PQ8L,A240TNI0UGYBWG
B0D1VXBRM4,A240TNI0UGYBWG
B0D1QYTKX8,A240TNI0UGYBWG
B0D1KX64TC,A240TNI0UGYBWG
B0D17DBDJ5,A240TNI0UGYBWG
B0D11GWSK6,A240TNI0UGYBWG
B0CZNXNHCB,A240TNI0UGYBWG
B0CZL7HHT7,A240TNI0UGYBWG
B0CQXTS1W3,A240TNI0UGYBWG
B0CQCJMFTN,A240TNI0UGYBWG
B0CNT2DBSP,A240TNI0UGYBWG
B0CM8FL5YP,A240TNI0UGYBWG
B0CLN48B7L,A240TNI0UGYBWG
B0CLL3Q716,A240TNI0UGYBWG
B0CL9MWHH7,A240TNI0UGYBWG
B0CJPR3VK4,A240TNI0UGYBWG
B0CJLXN13W,A240TNI0UGYBWG
B0CJFFNYYB,A240TNI0UGYBWG
B0CHN2DCRP,A240TNI0UGYBWG
B0CHN1RG37,A240TNI0UGYBWG
B0CHMN2FX5,A240TNI0UGYBWG
B0CF1MFHGB,A240TNI0UGYBWG
B0CDKLN75C,A240TNI0UGYBWG
B0CD7FTH1S,A240TNI0UGYBWG
B0BV6F7SXP,A240TNI0UGYBWG
B0BTSFP9MB,A240TNI0UGYBWG
B0BRJNZZ86,A240TNI0UGYBWG
B0BQY8LXDB,A240TNI0UGYBWG
B0BQMNG9PN,A240TNI0UGYBWG
B0BNDFQ2FC,A240TNI0UGYBWG
B0BLVJ5831,A240TNI0UGYBWG
B0BJQFT5KG,A240TNI0UGYBWG
B0BJL3SP2L,A240TNI0UGYBWG
B0BJK1J2NJ,A240TNI0UGYBWG
B0BHNNJ1K2,A240TNI0UGYBWG
B0BG9TKJ5T,A240TNI0UGYBWG
B0BCQ1XMWV,A240TNI0UGYBWG
B0BBLX3S89,A240TNI0UGYBWG
B0BB1NDWJJ,A240TNI0UGYBWG
B0B859TV9D,A240TNI0UGYBWG
B079J5722Z,A240TNI0UGYBWG
B0717195LV,A240TNI0UGYBWG
B01N02FVA1,A240TNI0UGYBWG
B01HYI7B02,A240TNI0UGYBWG
B01H21XWYK,A240TNI0UGYBWG
B01AL32NKK,A240TNI0UGYBWG
B01AL32J2W,A240TNI0UGYBWG
B019L9M7Z6,A240TNI0UGYBWG
B011DYGVSQ,A240TNI0UGYBWG
B00ITWJPT8,A240TNI0UGYBWG
B007ZKU2ME,A240TNI0UGYBWG
B08HPYMSMK,A240TNI0UGYBWG
B0DDSQ4T5B,A240TNI0UGYBWG
B00GUEVGE4,A240TNI0UGYBWG
B0B82CC3JC,A240TNI0UGYBWG
B0B815BCCD,A240TNI0UGYBWG
B0B7TSZQT2,A240TNI0UGYBWG
B0B4S8R37V,A240TNI0UGYBWG
B0B4RWFX93,A240TNI0UGYBWG
B0B1WSWWQQ,A240TNI0UGYBWG
B0B1CFCNRC,A240TNI0UGYBWG
B0B14CRJL1,A240TNI0UGYBWG
B09ZJ4MMBJ,A240TNI0UGYBWG
B09Y1NSS79,A240TNI0UGYBWG
B09XB5L6VW,A240TNI0UGYBWG
B09WR7YQM7,A240TNI0UGYBWG
B09W1JFDB9,A240TNI0UGYBWG
B09VQ3B5K3,A240TNI0UGYBWG
B09V4XWZ1F,A240TNI0UGYBWG
B09TSVGB7S,A240TNI0UGYBWG
B09SNTNFYN,A240TNI0UGYBWG
B09SB7DMKC,A240TNI0UGYBWG
B09R82LXWF,A240TNI0UGYBWG
B09QMJ7Y1J,A240TNI0UGYBWG
B09PMKPB7K,A240TNI0UGYBWG
B09PCVNK11,A240TNI0UGYBWG
B09P31QVT2,A240TNI0UGYBWG
B09MQPVHDF,A240TNI0UGYBWG
B09MMM6V8Z,A240TNI0UGYBWG
B09LM3ZDVP,A240TNI0UGYBWG
B09JZQ7H7Z,A240TNI0UGYBWG
B09JNLH87F,A240TNI0UGYBWG
B09JLVDHKR,A240TNI0UGYBWG
B09J1G98L8,A240TNI0UGYBWG
B09H2TFQ1J,A240TNI0UGYBWG
B09GN2FY4B,A240TNI0UGYBWG
B0DHTNVCK2,A240TNI0UGYBWG
B0DC9NF9Z6,A240TNI0UGYBWG
B0DBZ3SSCW,A240TNI0UGYBWG
B0D9VM4Q8V,A240TNI0UGYBWG
B0D98YZX2X,A240TNI0UGYBWG
B0D7M4J7BG,A240TNI0UGYBWG
B0D7HV9RW8,A240TNI0UGYBWG
B0D66PMJS4,A240TNI0UGYBWG
B0D5VH2KK8,A240TNI0UGYBWG
B0D3LGH2S6,A240TNI0UGYBWG
B0D1BXRGMV,A240TNI0UGYBWG
B0CYP3S15R,A240TNI0UGYBWG
B0CRVFXK9Z,A240TNI0UGYBWG
B0CRH7Q13R,A240TNI0UGYBWG
B0CP43HPT2,A240TNI0UGYBWG
B0CNZY9F93,A240TNI0UGYBWG
B07Q46BFD4,A240TNI0UGYBWG
B07PLTGJKB,A240TNI0UGYBWG
B07KXM4WZM,A240TNI0UGYBWG
B07KQRXL8J,A240TNI0UGYBWG
B07GRCNNW9,A240TNI0UGYBWG
B07GQDRL61,A240TNI0UGYBWG
B078V56SMV,A240TNI0UGYBWG
B072N2KHVQ,A240TNI0UGYBWG
B06XKC556Q,A240TNI0UGYBWG
B01NAGVTRL,A240TNI0UGYBWG
B01N8TJGAF,A240TNI0UGYBWG
B01KQ3ZJ4M,A240TNI0UGYBWG
B01EZCJKIQ,A240TNI0UGYBWG
B010P9Q1FS,A240TNI0UGYBWG
B00MNFC490,A240TNI0UGYBWG
B00L63Q9UK,A240TNI0UGYBWG
B09DXM1NR6,A240TNI0UGYBWG
B09DXKYHZN,A240TNI0UGYBWG
B09CP4P85S,A240TNI0UGYBWG
B098WP4DDM,A240TNI0UGYBWG
B094XQJLD5,A240TNI0UGYBWG
B094X9ZYB2,A240TNI0UGYBWG
B094N75GZJ,A240TNI0UGYBWG
B092PSMHZ2,A240TNI0UGYBWG
B08S2Z392K,A240TNI0UGYBWG
B08QDDXGW8,A240TNI0UGYBWG
B08NXDC9ST,A240TNI0UGYBWG
B08MX1KSTX,A240TNI0UGYBWG
B08MF66Z2G,A240TNI0UGYBWG
B08M5QRYJ6,A240TNI0UGYBWG
B08KGKYZFH,A240TNI0UGYBWG
B08K7MH2KR,A240TNI0UGYBWG
B08JRXDJP8,A240TNI0UGYBWG
B08JLMY6F5,A240TNI0UGYBWG
B08H2GZR3D,A240TNI0UGYBWG
B08FD5Q4W1,A240TNI0UGYBWG
B08DLF5H2B,A240TNI0UGYBWG
B08CCYWK84,A240TNI0UGYBWG
B08C23WN4T,A240TNI0UGYBWG
B08BHRZVB2,A240TNI0UGYBWG
B08B5GNDJQ,A240TNI0UGYBWG
B087LXDGL2,A240TNI0UGYBWG
B087JVS67N,A240TNI0UGYBWG
B085VZRWQ1,A240TNI0UGYBWG
B085DXW4VD,A240TNI0UGYBWG
B082QRS7SW,A240TNI0UGYBWG
B082B5BQ49,A240TNI0UGYBWG
B07TYMSWS7,A240TNI0UGYBWG
B0CQXBJ5C9,A240TNI0UGYBWG
B0CN6RQFKZ,A240TNI0UGYBWG
B0CM5PG379,A240TNI0UGYBWG
B0CL4W1M8F,A240TNI0UGYBWG
B0CKHY42TR,A240TNI0UGYBWG
B0CJMQ1W4Y,A240TNI0UGYBWG
B0CJJ2QVV6,A240TNI0UGYBWG
B0CJ633QGC,A240TNI0UGYBWG
B0CFLKJSRZ,A240TNI0UGYBWG
B0CF88NVKL,A240TNI0UGYBWG
B0CF5BPGD6,A240TNI0UGYBWG
B0CDL4RNXP,A240TNI0UGYBWG
B0CDD82YLV,A240TNI0UGYBWG
B0CD1TF7JZ,A240TNI0UGYBWG
B0CCMNPF1F,A240TNI0UGYBWG
B0CCKF14WX,A240TNI0UGYBWG
B0CB61X452,A240TNI0UGYBWG
B0C9ZFGQ19,A240TNI0UGYBWG
B0C9GJNJXM,A240TNI0UGYBWG
B0C8MFVY1Q,A240TNI0UGYBWG
B0C7LJ5S3V,A240TNI0UGYBWG
B0C77BKC2L,A240TNI0UGYBWG
B0C776ZXJC,A240TNI0UGYBWG
B0C4SV48TG,A240TNI0UGYBWG
B0C3V15YG2,A240TNI0UGYBWG
B0C3M1YVJJ,A240TNI0UGYBWG
B0C3F1NM6Z,A240TNI0UGYBWG
B0C3CS58NS,A240TNI0UGYBWG
B0C393T5TL,A240TNI0UGYBWG
B0C334ZPT2,A240TNI0UGYBWG
B0C2PMF1JQ,A240TNI0UGYBWG
B0C1ZT6DQ8,A240TNI0UGYBWG
B08HH1YXHC,A240TNI0UGYBWG
B08FJ819T8,A240TNI0UGYBWG
B08F2YHG6V,A240TNI0UGYBWG
B08CB3P9WY,A240TNI0UGYBWG
B08BY9R1Y2,A240TNI0UGYBWG
B08B52FP41,A240TNI0UGYBWG
B085194BQG,A240TNI0UGYBWG
B07YCWLY3L,A240TNI0UGYBWG
B07YCW49VK,A240TNI0UGYBWG
B07XKJYHJ8,A240TNI0UGYBWG
B07WMRZ3LR,A240TNI0UGYBWG
B07TPS3PCC,A240TNI0UGYBWG
B07NRKXWWX,A240TNI0UGYBWG
B07M79HKY5,A240TNI0UGYBWG
B07KJRHPTS,A240TNI0UGYBWG
B07GS2V424,A240TNI0UGYBWG
B0BMM1J4MW,A240TNI0UGYBWG
B0BMGX13NL,A240TNI0UGYBWG
B0BLW3C66N,A240TNI0UGYBWG
B0BK9B9622,A240TNI0UGYBWG
B0BK7ZTQ73,A240TNI0UGYBWG
B0BJ5V5XJK,A240TNI0UGYBWG
B0BHN9WQXT,A240TNI0UGYBWG
B0BGKXH2ZX,A240TNI0UGYBWG
B0BG7C39P3,A240TNI0UGYBWG
B0BF8WTJ62,A240TNI0UGYBWG
B0BDX2Z2KQ,A240TNI0UGYBWG
B0BCFGBR5F,A240TNI0UGYBWG
B0BBLXRGQC,A240TNI0UGYBWG
B0B971965X,A240TNI0UGYBWG
B0B8TRB9DV,A240TNI0UGYBWG
B0B876ZY9B,A240TNI0UGYBWG
B0C1X9NPP5,A240TNI0UGYBWG
B0C1T8T141,A240TNI0UGYBWG
B0BZCT2H7T,A240TNI0UGYBWG
B0BZ8TJ7L8,A240TNI0UGYBWG
B0BZ4G4X3M,A240TNI0UGYBWG
B0BYD651CW,A240TNI0UGYBWG
B0BY2QHP1W,A240TNI0UGYBWG
B0BVFXP79H,A240TNI0UGYBWG
B0BRVHS58Y,A240TNI0UGYBWG
B0BRPMPL4X,A240TNI0UGYBWG
B0BQYFFJKJ,A240TNI0UGYBWG
B0BNHW9MWP,A240TNI0UGYBWG
B0BJ198CY1,A240TNI0UGYBWG
B0BHQYDKB4,A240TNI0UGYBWG
B0BF522C29,A240TNI0UGYBWG
B0BCB8MQXZ,A240TNI0UGYBWG
B08QGDBR9T,A240TNI0UGYBWG
B08N12H7RD,A240TNI0UGYBWG
B08K8KL8GY,A240TNI0UGYBWG
B08HRZFJGT,A240TNI0UGYBWG
B08H21XGSQ,A240TNI0UGYBWG
B08GHML8TH,A240TNI0UGYBWG
B08GCCXP9B,A240TNI0UGYBWG
B08FC8B9C5,A240TNI0UGYBWG
B08F9PBXLX,A240TNI0UGYBWG
B08D8XJKJM,A240TNI0UGYBWG
B08CV9R695,A240TNI0UGYBWG
B08BZB2K9B,A240TNI0UGYBWG
B08BYTJBCG,A240TNI0UGYBWG
B08BTV9XTS,A240TNI0UGYBWG
B08886VFQZ,A240TNI0UGYBWG
B086S6L82W,A240TNI0UGYBWG
B00BOV8QF0,A240TNI0UGYBWG
B007CW1MP6,A240TNI0UGYBWG
B004YAUJ8U,A240TNI0UGYBWG
B004A63RHI,A240TNI0UGYBWG
B0006OJD3U,A240TNI0UGYBWG
B0D4YH1CGY,A240TNI0UGYBWG
B092J6J4N8,A240TNI0UGYBWG
B08R5NPLBT,A240TNI0UGYBWG
B08JWT86P5,A240TNI0UGYBWG
B00L453GQU,A240TNI0UGYBWG
B00KTSDRR6,A240TNI0UGYBWG
B00F9KD2E2,A240TNI0UGYBWG
B00E6BMXM2,A240TNI0UGYBWG
B008EOLPU8,A240TNI0UGYBWG
B006RUH9I8,A240TNI0UGYBWG
B0068QVPZE,A240TNI0UGYBWG
B004G08K9I,A240TNI0UGYBWG
B0015TEGR8,A240TNI0UGYBWG
B0BCVC4RPG,A240TNI0UGYBWG
B0B6PB29PG,A240TNI0UGYBWG
B08R5PQYGL,A240TNI0UGYBWG
B07ZHHKDJS,A240TNI0UGYBWG
B0C1YSJPZS,A240TNI0UGYBWG
B0C1MSWGSL,A240TNI0UGYBWG
B0C1MP2Z26,A240TNI0UGYBWG
B0C1B89RNT,A240TNI0UGYBWG
B0BY7P89PJ,A240TNI0UGYBWG
B0BY6LDQ1W,A240TNI0UGYBWG
B0BVY3H2XK,A240TNI0UGYBWG
B0BV2M36LQ,A240TNI0UGYBWG
B0BTV8JRSG,A240TNI0UGYBWG
B0BTM2ZJQZ,A240TNI0UGYBWG
B0BSZ8CF2S,A240TNI0UGYBWG
B0BSG76TBP,A240TNI0UGYBWG
B0BS9KVF1Q,A240TNI0UGYBWG
B0BRZ8YZWT,A240TNI0UGYBWG
B0BQ7L5BMB,A240TNI0UGYBWG
B0BN5YQH6P,A240TNI0UGYBWG
B081N1Q2V3,A240TNI0UGYBWG
B07K84MTLC,A240TNI0UGYBWG
B0DK8XCY2K,A240TNI0UGYBWG
B0DK56VWPS,A240TNI0UGYBWG
B0DJVRBD6W,A240TNI0UGYBWG
B0DGQGYLV6,A240TNI0UGYBWG
B0DFWCN6M4,A240TNI0UGYBWG
B0DF7DCJ9Y,A240TNI0UGYBWG
B0DDTQ2WB5,A240TNI0UGYBWG
B0DCL8Y3RZ,A240TNI0UGYBWG
B0DCL5JYPF,A240TNI0UGYBWG
B0DCKSCLG8,A240TNI0UGYBWG
B0DCKSBX2G,A240TNI0UGYBWG
B0DCKRMKH5,A240TNI0UGYBWG
B0DCKQRG5Y,A240TNI0UGYBWG
B0DCG3XY8Z,A240TNI0UGYBWG
B0DC9T9B6Z,A240TNI0UGYBWG
B0DB1XM8NS,A240TNI0UGYBWG
B0D9BPFVBZ,A240TNI0UGYBWG
B0D8PLLHPQ,A240TNI0UGYBWG
B0D7F4SW25,A240TNI0UGYBWG
B0D7C3J6LF,A240TNI0UGYBWG
B0D76SCVKT,A240TNI0UGYBWG
B0D5MQ8DMS,A240TNI0UGYBWG
B0D54JGSZ4,A240TNI0UGYBWG
B0D3TNQ6H1,A240TNI0UGYBWG
B0D33Z325K,A240TNI0UGYBWG
B0D1P64NCC,A240TNI0UGYBWG
B0D1KY89ZD,A240TNI0UGYBWG
B0D1K9PF58,A240TNI0UGYBWG
B0CYC13G73,A240TNI0UGYBWG
B0CY1FZTDK,A240TNI0UGYBWG
B0D3ZN29QV,A240TNI0UGYBWG
B0D3PT6H83,A240TNI0UGYBWG
B0D14ZB47L,A240TNI0UGYBWG
B0D12CS29G,A240TNI0UGYBWG
B0CZWBR69W,A240TNI0UGYBWG
B0CZD6WHQ9,A240TNI0UGYBWG
B0CYP8KLKC,A240TNI0UGYBWG
B0CY23MZR2,A240TNI0UGYBWG
B0CXV376M4,A240TNI0UGYBWG
B0CXT138SZ,A240TNI0UGYBWG
B0CX5BMD54,A240TNI0UGYBWG
B0CWQ4ZB69,A240TNI0UGYBWG
B0CTLMGJVT,A240TNI0UGYBWG
B0CSWQXB1M,A240TNI0UGYBWG
B0CS68VHND,A240TNI0UGYBWG
B0CRKSFFF8,A240TNI0UGYBWG
B0CNYLJMJ8,A240TNI0UGYBWG
B0CKTR4LF4,A240TNI0UGYBWG
B0CJ8PQ37V,A240TNI0UGYBWG
B0CJ2Z7SK1,A240TNI0UGYBWG
B0CHLM2893,A240TNI0UGYBWG
B0CG37Z43W,A240TNI0UGYBWG
B0CDKXGCPZ,A240TNI0UGYBWG
B0CB63Z7HX,A240TNI0UGYBWG
B0CB5NHC19,A240TNI0UGYBWG
B0C9QJQYMN,A240TNI0UGYBWG
B0C99C5KT8,A240TNI0UGYBWG
B0C8V4FSWF,A240TNI0UGYBWG
B0C8MPMDPP,A240TNI0UGYBWG
B0C7GG7DC5,A240TNI0UGYBWG
B0C6MK97DB,A240TNI0UGYBWG
B0C65D1MRH,A240TNI0UGYBWG
B0C65438CP,A240TNI0UGYBWG
B0C5XP8VZC,A240TNI0UGYBWG
B0C5GYWLF6,A240TNI0UGYBWG
B0C4L66YLH,A240TNI0UGYBWG
B0C4595TBW,A240TNI0UGYBWG
B0C3CRTLTX,A240TNI0UGYBWG
B0C1SDK1PM,A240TNI0UGYBWG
B0C13B4GHX,A240TNI0UGYBWG
B0BZVRYG8Q,A240TNI0UGYBWG
B0BZVNTTTZ,A240TNI0UGYBWG
B0BZR4WLNX,A240TNI0UGYBWG
B0BZMX68XJ,A240TNI0UGYBWG
B0BYCM5Q9T,A240TNI0UGYBWG
B0BY2B5KL4,A240TNI0UGYBWG
B0BXWWJ7XM,A240TNI0UGYBWG
B0BXCS9MF7,A240TNI0UGYBWG
B07DBKYPZD,A240TNI0UGYBWG
B07D7SHW61,A240TNI0UGYBWG
B07CYTPMH3,A240TNI0UGYBWG
B07B9QFRMP,A240TNI0UGYBWG
B0774LH8V5,A240TNI0UGYBWG
B076H99W7J,A240TNI0UGYBWG
B072M4PZZR,A240TNI0UGYBWG
B071GGQHXV,A240TNI0UGYBWG
B01HLX54IG,A240TNI0UGYBWG
B01HIA4EXI,A240TNI0UGYBWG
B01DUDQMJG,A240TNI0UGYBWG
B016MKGAP0,A240TNI0UGYBWG
B00ZS3DEGQ,A240TNI0UGYBWG
B00YC3UCJA,A240TNI0UGYBWG
B00PAT3X3C,A240TNI0UGYBWG
B00G5GIHWQ,A240TNI0UGYBWG
B0B7WS47L3,A240TNI0UGYBWG
B0B6CK1RKT,A240TNI0UGYBWG
B0B28QCWCH,A240TNI0UGYBWG
B0B1TQNXSH,A240TNI0UGYBWG
B09YNPVN5X,A240TNI0UGYBWG
B09YLN73HJ,A240TNI0UGYBWG
B09VD91H4R,A240TNI0UGYBWG
B09V4DVW1P,A240TNI0UGYBWG
B09TSTVZRG,A240TNI0UGYBWG
B09RWR65GN,A240TNI0UGYBWG
B09PLD5B7W,A240TNI0UGYBWG
B09M7TPPR9,A240TNI0UGYBWG
B09LDG849Z,A240TNI0UGYBWG
B09JYYBD5Y,A240TNI0UGYBWG
B09JVNWFLG,A240TNI0UGYBWG
B09JS5LJ7G,A240TNI0UGYBWG
B0CXT1DQ4B,A240TNI0UGYBWG
B0CW8RBRYM,A240TNI0UGYBWG
B0CTPRH6C5,A240TNI0UGYBWG
B0CTH3B9MQ,A240TNI0UGYBWG
B0CTG3DL3W,A240TNI0UGYBWG
B0CSQRF8SD,A240TNI0UGYBWG
B0CSPDJ1TT,A240TNI0UGYBWG
B0CSK62FJV,A240TNI0UGYBWG
B0CSCRCRM3,A240TNI0UGYBWG
B0CS6DGCXM,A240TNI0UGYBWG
B0CS5RDQD5,A240TNI0UGYBWG
B0CS3KFZQ9,A240TNI0UGYBWG
B0CRVQHWDX,A240TNI0UGYBWG
B0CP7RCLJM,A240TNI0UGYBWG
B0CP2M7ZWX,A240TNI0UGYBWG
B0CNYYGKWN,A240TNI0UGYBWG
B085C6G2Q9,A240TNI0UGYBWG
B083192L2R,A240TNI0UGYBWG
B0823SZLCS,A240TNI0UGYBWG
B081ZJS81R,A240TNI0UGYBWG
B07ZQP3L4H,A240TNI0UGYBWG
B07ZKWT45V,A240TNI0UGYBWG
B07ZKSL3TQ,A240TNI0UGYBWG
B07XX2B5P7,A240TNI0UGYBWG
B07X1LBK19,A240TNI0UGYBWG
B07TY2F1KQ,A240TNI0UGYBWG
B07KQ2P38Y,A240TNI0UGYBWG
B07JHHLDFX,A240TNI0UGYBWG
B07JHCP9VJ,A240TNI0UGYBWG
B07FYG5J3D,A240TNI0UGYBWG
B07FX68WJ8,A240TNI0UGYBWG
B07FMXQXWJ,A240TNI0UGYBWG
B09W24KHBZ,A240TNI0UGYBWG
B09TVCHNW7,A240TNI0UGYBWG
B09TGFTQJG,A240TNI0UGYBWG
B09T2ZRF7J,A240TNI0UGYBWG
B09PFT23LS,A240TNI0UGYBWG
B09NK9YW14,A240TNI0UGYBWG
B09FZ77JDZ,A240TNI0UGYBWG
B09DPT66JX,A240TNI0UGYBWG
B09DPMYLS3,A240TNI0UGYBWG
B09BYSRT7M,A240TNI0UGYBWG
B097BHVF11,A240TNI0UGYBWG
B096ZLSDV6,A240TNI0UGYBWG
B093T2JGTW,A240TNI0UGYBWG
B093RXFSF4,A240TNI0UGYBWG
B08YX1BQ6V,A240TNI0UGYBWG
B08YJ3PYRK,A240TNI0UGYBWG
B0BX35D5YC,A240TNI0UGYBWG
B0BWHK2JJW,A240TNI0UGYBWG
B0BV1T354D,A240TNI0UGYBWG
B0BSGNPB1V,A240TNI0UGYBWG
B0BS1VC4QQ,A240TNI0UGYBWG
B0BPCM1JF6,A240TNI0UGYBWG
B0BN5SB5VC,A240TNI0UGYBWG
B0BLZHWCNT,A240TNI0UGYBWG
B0BL932PX7,A240TNI0UGYBWG
B0BJL4XLTY,A240TNI0UGYBWG
B0BHV9DJVV,A240TNI0UGYBWG
B0BHN6H6TZ,A240TNI0UGYBWG
B0BHGW645M,A240TNI0UGYBWG
B0BFHPLRHT,A240TNI0UGYBWG
B0BF58W6D5,A240TNI0UGYBWG
B0BCJFKJKG,A240TNI0UGYBWG
B08Y2VMC23,A240TNI0UGYBWG
B08V1ZNMG4,A240TNI0UGYBWG
B08T6NF38L,A240TNI0UGYBWG
B08QVSPV79,A240TNI0UGYBWG
B08MZV4946,A240TNI0UGYBWG
B08MZJ9YT2,A240TNI0UGYBWG
B08J9Y8YFH,A240TNI0UGYBWG
B08CVK31BJ,A240TNI0UGYBWG
B08BB6Y8KY,A240TNI0UGYBWG
B08B5GLMRJ,A240TNI0UGYBWG
B088H1NJ7S,A240TNI0UGYBWG
B088D9YH2C,A240TNI0UGYBWG
B085B1465M,A240TNI0UGYBWG
B08161P3BW,A240TNI0UGYBWG
B0811LYCYL,A240TNI0UGYBWG
B07ZVXZJMH,A240TNI0UGYBWG
B07YB7Q4QD,A240TNI0UGYBWG
B07X24KR1P,A240TNI0UGYBWG
B07V9GZGJ7,A240TNI0UGYBWG
B07TDLT28T,A240TNI0UGYBWG
B07RW4TTQM,A240TNI0UGYBWG
B07RK2WM4B,A240TNI0UGYBWG
B07R6M4276,A240TNI0UGYBWG
B07QXLD6RT,A240TNI0UGYBWG
B07QWJGQXT,A240TNI0UGYBWG
B07MXTRV4Q,A240TNI0UGYBWG
B07L8Z3MBP,A240TNI0UGYBWG
B07JGLV4C9,A240TNI0UGYBWG
B07JCYJLWV,A240TNI0UGYBWG
B07HXN1V51,A240TNI0UGYBWG
B07H147C12,A240TNI0UGYBWG
B07DK7NKS1,A240TNI0UGYBWG
B0DCKCN73Z,A240TNI0UGYBWG
B0DC3MRJVZ,A240TNI0UGYBWG
B0DB2P31CZ,A240TNI0UGYBWG
B0D9RZCYQS,A240TNI0UGYBWG
B0D8HZPHKD,A240TNI0UGYBWG
B0D7HM5Z1H,A240TNI0UGYBWG
B0D6F6HVXN,A240TNI0UGYBWG
B0D5R2R6NZ,A240TNI0UGYBWG
B0D4Z14919,A240TNI0UGYBWG
B0D4VTX4VL,A240TNI0UGYBWG
B0D4QVTVKW,A240TNI0UGYBWG
B0D4H1X2FC,A240TNI0UGYBWG
B0D33P93L7,A240TNI0UGYBWG
B0D2ZZV54B,A240TNI0UGYBWG
B0D2PYFFQS,A240TNI0UGYBWG
B0D25XRPNJ,A240TNI0UGYBWG
B01N30R8CX,A240TNI0UGYBWG
B003VRSU24,A240TNI0UGYBWG
B0BBPVNSZT,A240TNI0UGYBWG
B0B99ZPSB1,A240TNI0UGYBWG
B0B8H7YL1X,A240TNI0UGYBWG
B0B85BBYYF,A240TNI0UGYBWG
B0B6VVR4LP,A240TNI0UGYBWG
B0B6VGXLMF,A240TNI0UGYBWG
B0B5SG7MQ5,A240TNI0UGYBWG
B0B5652V72,A240TNI0UGYBWG
B0B4MPQZ85,A240TNI0UGYBWG
B0B4MLCQ6M,A240TNI0UGYBWG
B09ZTQGSBN,A240TNI0UGYBWG
B09YNGQQWY,A240TNI0UGYBWG
B09YH2BPJ8,A240TNI0UGYBWG
B09Y3582LX,A240TNI0UGYBWG
B09XCZ75G1,A240TNI0UGYBWG
B09W2JCZGH,A240TNI0UGYBWG
B09YXRPLGF,A240TNI0UGYBWG
B09YV7XRT3,A240TNI0UGYBWG
B09Y1VPS6M,A240TNI0UGYBWG
B09W23Y835,A240TNI0UGYBWG
B09VKRXD4Y,A240TNI0UGYBWG
B09V5FWW94,A240TNI0UGYBWG
B09V37MB38,A240TNI0UGYBWG
B09TV7XD6F,A240TNI0UGYBWG
B09TSNHY3S,A240TNI0UGYBWG
B09TSLKBV2,A240TNI0UGYBWG
B09TB3KYG6,A240TNI0UGYBWG
B09NQ6HGNQ,A240TNI0UGYBWG
B09KH15Z1D,A240TNI0UGYBWG
B09JVQLYBY,A240TNI0UGYBWG
B09JC3ZD5W,A240TNI0UGYBWG
B09FXTGTL5,A240TNI0UGYBWG
B0CRR96V8H,A240TNI0UGYBWG
B0CRGVRXWS,A240TNI0UGYBWG
B0CQCG4DDT,A240TNI0UGYBWG
B0CQC5GS7P,A240TNI0UGYBWG
B0CQ2HP25Y,A240TNI0UGYBWG
B0CPY8824N,A240TNI0UGYBWG
B0CP6XTL1J,A240TNI0UGYBWG
B0CP6VW351,A240TNI0UGYBWG
B0CNZXXTN2,A240TNI0UGYBWG
B0CNP84VXZ,A240TNI0UGYBWG
B0CMXP7C4Y,A240TNI0UGYBWG
B0CLZFBKDH,A240TNI0UGYBWG
B0CL9J841W,A240TNI0UGYBWG
B0CKRXSP9Y,A240TNI0UGYBWG
B0CKQKX65B,A240TNI0UGYBWG
B0CKPSKF8W,A240TNI0UGYBWG
B0BC3J4BDG,A240TNI0UGYBWG
B0BBV15W3S,A240TNI0UGYBWG
B0BBFXCHQR,A240TNI0UGYBWG
B0B9MYTFZR,A240TNI0UGYBWG
B0B79YY6WW,A240TNI0UGYBWG
B0B6FYGVFD,A240TNI0UGYBWG
B0B6DNV2YC,A240TNI0UGYBWG
B0B5R6L3ZZ,A240TNI0UGYBWG
B0B56C8JQC,A240TNI0UGYBWG
B0B4VQRJVY,A240TNI0UGYBWG
B0B4SNVRH1,A240TNI0UGYBWG
B0B4PQBXN3,A240TNI0UGYBWG
B0B4P9FY4L,A240TNI0UGYBWG
B0B4D6CDPW,A240TNI0UGYBWG
B0B2TG3PH6,A240TNI0UGYBWG
B09ZXQJHYN,A240TNI0UGYBWG
B0746NG57W,A240TNI0UGYBWG
B01HAZZS3G,A240TNI0UGYBWG
B01H21XYPW,A240TNI0UGYBWG
B00AQGFU9Y,A240TNI0UGYBWG
B0081X4YZU,A240TNI0UGYBWG
B0DJ4R16GD,A240TNI0UGYBWG
B0D6VWWNKW,A240TNI0UGYBWG
B0BRN723RY,A240TNI0UGYBWG
B08YXQ3LZ5,A240TNI0UGYBWG
B07YLZ282G,A240TNI0UGYBWG
B07T9SPF3R,A240TNI0UGYBWG
B08R233V4G,A240TNI0UGYBWG
B08Q63DR3K,A240TNI0UGYBWG
B08PZCWTRN,A240TNI0UGYBWG
B08PP8HY61,A240TNI0UGYBWG
B08PDHBJBX,A240TNI0UGYBWG
B08L7KM7JG,A240TNI0UGYBWG
B08KTDJW43,A240TNI0UGYBWG
B08KJ154DZ,A240TNI0UGYBWG
B08JGDW945,A240TNI0UGYBWG
B08FR5SYYX,A240TNI0UGYBWG
B08FF9HFMZ,A240TNI0UGYBWG
B089G4WRC4,A240TNI0UGYBWG
B087YTRMLC,A240TNI0UGYBWG
B086HTFYQS,A240TNI0UGYBWG
B083TLTRRJ,A240TNI0UGYBWG
B082TWQ24M,A240TNI0UGYBWG
B081K84QHY,A240TNI0UGYBWG
B081GPY1KP,A240TNI0UGYBWG
B07ZK4C3YD,A240TNI0UGYBWG
B07SWMYY8B,A240TNI0UGYBWG
B07RSJNNZS,A240TNI0UGYBWG
B07PB8Z9ML,A240TNI0UGYBWG
B07LB3Y3M9,A240TNI0UGYBWG
B07KX3WN46,A240TNI0UGYBWG
B07JPJRQPN,A240TNI0UGYBWG
B07CKFVKFV,A240TNI0UGYBWG
B07BWKTB5Q,A240TNI0UGYBWG
B07BB3YW9X,A240TNI0UGYBWG
B07B6659MF,A240TNI0UGYBWG
B0788FSNG7,A240TNI0UGYBWG
B077NNLNCL,A240TNI0UGYBWG
B0776ZP83Q,A240TNI0UGYBWG
B0C7VFCPH5,A240TNI0UGYBWG
B0C7P7L5HG,A240TNI0UGYBWG
B0C7KBZ5CK,A240TNI0UGYBWG
B0C69WJTK2,A240TNI0UGYBWG
B0C57G83ZY,A240TNI0UGYBWG
B0C3D5DZG8,A240TNI0UGYBWG
B0C3CJ5YKH,A240TNI0UGYBWG
B0C2XJP7R9,A240TNI0UGYBWG
B0BYYLRZJ1,A240TNI0UGYBWG
B0BYRVZ7WG,A240TNI0UGYBWG
B0BYRSK4L5,A240TNI0UGYBWG
B0BVQ6YDFF,A240TNI0UGYBWG
B0BSN9GFK6,A240TNI0UGYBWG
B0BSLH5MDR,A240TNI0UGYBWG
B0BSCD9BTC,A240TNI0UGYBWG
B0BRQBMYT8,A240TNI0UGYBWG
B0D22HNS1T,A240TNI0UGYBWG
B0D1KYH6CD,A240TNI0UGYBWG
B0D16RKV9P,A240TNI0UGYBWG
B0CZ9G8S3Q,A240TNI0UGYBWG
B0CZ3DMD14,A240TNI0UGYBWG
B0CY7QY5FF,A240TNI0UGYBWG
B0CY29N25K,A240TNI0UGYBWG
B0CXP98HTQ,A240TNI0UGYBWG
B0CW1JQZX4,A240TNI0UGYBWG
B0CTCTD5G7,A240TNI0UGYBWG
B0CSSP247J,A240TNI0UGYBWG
B0CSN8XKF2,A240TNI0UGYBWG
B0CRZ3Y5WL,A240TNI0UGYBWG
B0CRKHXZG9,A240TNI0UGYBWG
B0CRDXCYY1,A240TNI0UGYBWG
B0CQL9FGYS,A240TNI0UGYBWG
B0DLWKMY6Y,A240TNI0UGYBWG
B0DLWH5R81,A240TNI0UGYBWG
B0DKK3RLPN,A240TNI0UGYBWG
B0DJQZJYCS,A240TNI0UGYBWG
B0DCVS7SL8,A240TNI0UGYBWG
B0DBZSHR2R,A240TNI0UGYBWG
B0DBL4FJCJ,A240TNI0UGYBWG
B0D9CMHKTC,A240TNI0UGYBWG
B0D95H8FHY,A240TNI0UGYBWG
B0D7J4ZYGP,A240TNI0UGYBWG
B0D78W8N9M,A240TNI0UGYBWG
B0D6W5ST8B,A240TNI0UGYBWG
B0D4QLG5B7,A240TNI0UGYBWG
B0D45CK92C,A240TNI0UGYBWG
B0D3GR7TWJ,A240TNI0UGYBWG
B0D3DZMZ4F,A240TNI0UGYBWG
B0CGHZRNH6,A240TNI0UGYBWG
B0CG6HR7K6,A240TNI0UGYBWG
B0CFWMWVKG,A240TNI0UGYBWG
B0CFR2S833,A240TNI0UGYBWG
B0CFPNQPJY,A240TNI0UGYBWG
B0CFDM9DPV,A240TNI0UGYBWG
B0CF29P9ND,A240TNI0UGYBWG
B0CDC1B24B,A240TNI0UGYBWG
B0CCPRX8XB,A240TNI0UGYBWG
B0CCNMGJB2,A240TNI0UGYBWG
B0CBVNL2BG,A240TNI0UGYBWG
B0C785MRYB,A240TNI0UGYBWG
B0C73BFP5T,A240TNI0UGYBWG
B0C6JNH9TF,A240TNI0UGYBWG
B0C5WLK5G3,A240TNI0UGYBWG
B0C545TGKY,A240TNI0UGYBWG
B0CQC4C18J,A240TNI0UGYBWG
B0CNW6115Z,A240TNI0UGYBWG
B0CNGJSVQF,A240TNI0UGYBWG
B0CNG2KJFV,A240TNI0UGYBWG
B0CMQJPLYH,A240TNI0UGYBWG
B0CM9WBGDG,A240TNI0UGYBWG
B0CLKWBHCJ,A240TNI0UGYBWG
B0CLCZ6FVM,A240TNI0UGYBWG
B0CL6655QX,A240TNI0UGYBWG
B0CJLGMM4Y,A240TNI0UGYBWG
B0CJF3HK4X,A240TNI0UGYBWG
B0CJC3V5LF,A240TNI0UGYBWG
B0CJ2CD1ZZ,A240TNI0UGYBWG
B0CJ29ZRTX,A240TNI0UGYBWG
B0CGTR7HVK,A240TNI0UGYBWG
B0CGTMFBYR,A240TNI0UGYBWG
B0CKPJXFG4,A240TNI0UGYBWG
B0CJJR6YSF,A240TNI0UGYBWG
B0CJ7TLG6P,A240TNI0UGYBWG
B0CGT84B9F,A240TNI0UGYBWG
B0CFJ9PWXV,A240TNI0UGYBWG
B0CFDXW6KR,A240TNI0UGYBWG
B0CDNX8QJX,A240TNI0UGYBWG
B0CD21MYV2,A240TNI0UGYBWG
B0CCYS7C93,A240TNI0UGYBWG
B0CCY2HZ66,A240TNI0UGYBWG
B0CCQWNDSM,A240TNI0UGYBWG
B0CC8YKWVD,A240TNI0UGYBWG
B0CBDVQP9V,A240TNI0UGYBWG
B0C85LKC2Q,A240TNI0UGYBWG
B0C85KK4RS,A240TNI0UGYBWG
B0C85H61FL,A240TNI0UGYBWG
B0D1RDLDH5,A240TNI0UGYBWG
B0D12SZL99,A240TNI0UGYBWG
B0D12HT276,A240TNI0UGYBWG
B0CZRDT4N1,A240TNI0UGYBWG
B0CZMQHQ3B,A240TNI0UGYBWG
B0CXJ7V3Z9,A240TNI0UGYBWG
B0CX94CYTY,A240TNI0UGYBWG
B0CWQCZ38G,A240TNI0UGYBWG
B0CW5TQ1VL,A240TNI0UGYBWG
B0CVW5QS4K,A240TNI0UGYBWG
B0CVV8ZXXF,A240TNI0UGYBWG
B0CVQ89KTH,A240TNI0UGYBWG
B0CSN7MGTK,A240TNI0UGYBWG
B0CS9QQ563,A240TNI0UGYBWG
B0CS26H6BR,A240TNI0UGYBWG
B0CRT4DQYV,A240TNI0UGYBWG
B07D2ZJD9K,A240TNI0UGYBWG
B07BVY8L73,A240TNI0UGYBWG
B0767LRS5Q,A240TNI0UGYBWG
B0752C87DR,A240TNI0UGYBWG
B071S7RML8,A240TNI0UGYBWG
B01M8O4JS4,A240TNI0UGYBWG
B01JB9AKP0,A240TNI0UGYBWG
B00YMM8MQG,A240TNI0UGYBWG
B00O10DZL6,A240TNI0UGYBWG
B00L1GZCAA,A240TNI0UGYBWG
B00881O8JM,A240TNI0UGYBWG
B007Y9SZXY,A240TNI0UGYBWG
B003UMS0QG,A240TNI0UGYBWG
B001L0EP4K,A240TNI0UGYBWG
B07GDCK9NZ,A240TNI0UGYBWG
B071HHXKY1,A240TNI0UGYBWG
B0C4P8HFB4,A240TNI0UGYBWG
B0C4HPRMMW,A240TNI0UGYBWG
B0C4CN1VSV,A240TNI0UGYBWG
B0C3J8Z4NQ,A240TNI0UGYBWG
B0C37R93DH,A240TNI0UGYBWG
B0C36PMGXW,A240TNI0UGYBWG
B0C2GT7YB3,A240TNI0UGYBWG
B0C22Q9VYY,A240TNI0UGYBWG
B0C1PC2NL3,A240TNI0UGYBWG
B0BZQKY9GZ,A240TNI0UGYBWG
B0BYJ6D1GF,A240TNI0UGYBWG
B0BWYDD6CN,A240TNI0UGYBWG
B0BVVLDJW3,A240TNI0UGYBWG
B0BVB6JMRB,A240TNI0UGYBWG
B0BV328LL4,A240TNI0UGYBWG
B0BTX5GBTW,A240TNI0UGYBWG
B0BRW6NR6C,A240TNI0UGYBWG
B0BPY58SWK,A240TNI0UGYBWG
B0BNZWMJJX,A240TNI0UGYBWG
B0BNQYYGDW,A240TNI0UGYBWG
B0BN6DMF6Y,A240TNI0UGYBWG
B0BN29P1ZD,A240TNI0UGYBWG
B0BMW61P1Q,A240TNI0UGYBWG
B0BL2HP8WL,A240TNI0UGYBWG
B0BJQG3KMC,A240TNI0UGYBWG
B0BHZKS1V1,A240TNI0UGYBWG
B0BGVN5YYQ,A240TNI0UGYBWG
B0BGRH3JGB,A240TNI0UGYBWG
B0BG4HDLYX,A240TNI0UGYBWG
B0BDRSBTYC,A240TNI0UGYBWG
B0BCTXYZSF,A240TNI0UGYBWG
B0B97181KS,A240TNI0UGYBWG
B0B7W938ZK,A240TNI0UGYBWG
B0B5QRHFM6,A240TNI0UGYBWG
B0B5G5JNN8,A240TNI0UGYBWG
B0B5DWVQCK,A240TNI0UGYBWG
B0B58S5CYW,A240TNI0UGYBWG
B0B4Z39YFR,A240TNI0UGYBWG
B0B4N373G5,A240TNI0UGYBWG
B0B4JYB5YG,A240TNI0UGYBWG
B0B4J3C6GY,A240TNI0UGYBWG
B0B4D9HYWV,A240TNI0UGYBWG
B0B213LBTG,A240TNI0UGYBWG
B0B1ZB3BFB,A240TNI0UGYBWG
B09YTZLRTN,A240TNI0UGYBWG
B09YRBW6SL,A240TNI0UGYBWG
B09YPCPLFR,A240TNI0UGYBWG
B09XR1XLGT,A240TNI0UGYBWG
B09HHJ8J1K,A240TNI0UGYBWG
B09FT3ZH5C,A240TNI0UGYBWG
B09FJH1WQT,A240TNI0UGYBWG
B09D3VLWNR,A240TNI0UGYBWG
B09CH2JWC8,A240TNI0UGYBWG
B09C2WKVJY,A240TNI0UGYBWG
B09B2QYB7J,A240TNI0UGYBWG
B099CBV2WN,A240TNI0UGYBWG
B098782T5M,A240TNI0UGYBWG
B0973MRQ63,A240TNI0UGYBWG
B096LXS15G,A240TNI0UGYBWG
B093ZQHMSH,A240TNI0UGYBWG
B08ZNKLSWR,A240TNI0UGYBWG
B08ZD76DKL,A240TNI0UGYBWG
B08SJF2KZJ,A240TNI0UGYBWG
B08S3FZPDY,A240TNI0UGYBWG
B099RZ7KJ8,A240TNI0UGYBWG
B096VH1NTF,A240TNI0UGYBWG
B096Q5859C,A240TNI0UGYBWG
B0967YJNJD,A240TNI0UGYBWG
B093WJ85DB,A240TNI0UGYBWG
B093RXT8FF,A240TNI0UGYBWG
B0917W6CP9,A240TNI0UGYBWG
B08Z852DM9,A240TNI0UGYBWG
B08YYK6F4B,A240TNI0UGYBWG
B08YRJDN6X,A240TNI0UGYBWG
B08Y9BKCHR,A240TNI0UGYBWG
B08S5H6DMS,A240TNI0UGYBWG
B08R9MVPYN,A240TNI0UGYBWG
B08R59FD7K,A240TNI0UGYBWG
B08QFRVPML,A240TNI0UGYBWG
B08PF81DB7,A240TNI0UGYBWG
B08MDYGZL3,A240TNI0UGYBWG
B08L8ZCKS3,A240TNI0UGYBWG
B08L58CQBX,A240TNI0UGYBWG
B08KG6FZ97,A240TNI0UGYBWG
B08JPCLRBF,A240TNI0UGYBWG
B08JLD3F29,A240TNI0UGYBWG
B08JG2S3YT,A240TNI0UGYBWG
B08HXQQHPG,A240TNI0UGYBWG
B08HQGRD5C,A240TNI0UGYBWG
B08G4CTK4D,A240TNI0UGYBWG
B08FT4WSZ1,A240TNI0UGYBWG
B08FSJL23B,A240TNI0UGYBWG
B08962KWVL,A240TNI0UGYBWG
B0892BQP8M,A240TNI0UGYBWG
B0891R7M6M,A240TNI0UGYBWG
B086B83VDB,A240TNI0UGYBWG
B09B9R9VPG,A240TNI0UGYBWG
B09B8RZBP2,A240TNI0UGYBWG
B0995LW549,A240TNI0UGYBWG
B0989RXZHF,A240TNI0UGYBWG
B09722WHJQ,A240TNI0UGYBWG
B096SSQZJP,A240TNI0UGYBWG
B095PCN2B8,A240TNI0UGYBWG
B095KH65GH,A240TNI0UGYBWG
B09469CF37,A240TNI0UGYBWG
B093QPY6R6,A240TNI0UGYBWG
B092SVM1GY,A240TNI0UGYBWG
B092SC72SX,A240TNI0UGYBWG
B08Z38M72Z,A240TNI0UGYBWG
B08VDDF2DS,A240TNI0UGYBWG
B08TWC38NQ,A240TNI0UGYBWG
B08R86K6NM,A240TNI0UGYBWG
B085RMXK1T,A240TNI0UGYBWG
B084G86231,A240TNI0UGYBWG
B083TJYZ64,A240TNI0UGYBWG
B083KJJMRF,A240TNI0UGYBWG
B082XHHCC7,A240TNI0UGYBWG
B0827B8FLH,A240TNI0UGYBWG
B081G9PGM1,A240TNI0UGYBWG
B0814HLN4Q,A240TNI0UGYBWG
B07ZTMWXT1,A240TNI0UGYBWG
B07ZKXT93T,A240TNI0UGYBWG
B07YB7FXFK,A240TNI0UGYBWG
B07Y1CTG6M,A240TNI0UGYBWG
B07Y19BH31,A240TNI0UGYBWG
B07XG8SVCJ,A240TNI0UGYBWG
B07XG6P6K4,A240TNI0UGYBWG
B07XG62W6Q,A240TNI0UGYBWG
B0BQW7VQRP,A240TNI0UGYBWG
B0BPCTPR9X,A240TNI0UGYBWG
B0BNHB114F,A240TNI0UGYBWG
B0BN2YQDMW,A240TNI0UGYBWG
B0BLRV84NF,A240TNI0UGYBWG
B0BLBV84RS,A240TNI0UGYBWG
B0BL2B4X7R,A240TNI0UGYBWG
B0BKTDK8PD,A240TNI0UGYBWG
B0BKLFL6B5,A240TNI0UGYBWG
B0BGL9C4TS,A240TNI0UGYBWG
B0BG3B2MVF,A240TNI0UGYBWG
B0BFTCPNBJ,A240TNI0UGYBWG
B0BFQYK9N1,A240TNI0UGYBWG
B0BF5C58XB,A240TNI0UGYBWG
B0BDXN545P,A240TNI0UGYBWG
B0BCHQ3T5L,A240TNI0UGYBWG
B071WXSCSC,A240TNI0UGYBWG
B01MU6QH6M,A240TNI0UGYBWG
B01LYBZMU5,A240TNI0UGYBWG
B01L30SUHU,A240TNI0UGYBWG
B01K1TXGY6,A240TNI0UGYBWG
B010P9Q13K,A240TNI0UGYBWG
B00UW5BMDM,A240TNI0UGYBWG
B00RVKRF3M,A240TNI0UGYBWG
B0BRMZLB88,A240TNI0UGYBWG
B09Z24RJKQ,A240TNI0UGYBWG
B09QHK2BBQ,A240TNI0UGYBWG
B07Q3MNYGT,A240TNI0UGYBWG
B073T85Z2X,A240TNI0UGYBWG
B0DFC6VM4G,A240TNI0UGYBWG
B0DDL1N6F2,A240TNI0UGYBWG
B0DCFGH4VH,A240TNI0UGYBWG
B0DBVFZYBS,A240TNI0UGYBWG
B0DB63578H,A240TNI0UGYBWG
B0DB1S139L,A240TNI0UGYBWG
B0D9PYYVQL,A240TNI0UGYBWG
B0D9H94VS4,A240TNI0UGYBWG
B0D9GFS7G8,A240TNI0UGYBWG
B0D9438BPD,A240TNI0UGYBWG
B0D6GDQBS4,A240TNI0UGYBWG
B0D66KT6K1,A240TNI0UGYBWG
B0D5PYVC56,A240TNI0UGYBWG
B0D578JFT4,A240TNI0UGYBWG
B0D46M93TG,A240TNI0UGYBWG
B0D3PS5GQY,A240TNI0UGYBWG
B0CX7T88VT,A240TNI0UGYBWG
B0CX1LC91C,A240TNI0UGYBWG
B0CWX8QVG1,A240TNI0UGYBWG
B0CWV7XJ3X,A240TNI0UGYBWG
B0CWV51PJT,A240TNI0UGYBWG
B0CWLDJS82,A240TNI0UGYBWG
B0CTQ8F2SP,A240TNI0UGYBWG
B0CT8RKLJH,A240TNI0UGYBWG
B0CT8CNW7D,A240TNI0UGYBWG
B0CT4R6PD8,A240TNI0UGYBWG
B0CT2Z1N9G,A240TNI0UGYBWG
B0CSX6J2LT,A240TNI0UGYBWG
B0CSR9QGNZ,A240TNI0UGYBWG
B0CSDLX3J5,A240TNI0UGYBWG
B0CRS21H5Z,A240TNI0UGYBWG
B0CRPQHD1B,A240TNI0UGYBWG
B0CR329YZR,A240TNI0UGYBWG
B0CQS6H71H,A240TNI0UGYBWG
B0CQ3TKT32,A240TNI0UGYBWG
B0CP8PZWN3,A240TNI0UGYBWG
B0CN6JWD9M,A240TNI0UGYBWG
B0CN6C7WLW,A240TNI0UGYBWG
B0CMNM38SB,A240TNI0UGYBWG
B0CM6L7QT6,A240TNI0UGYBWG
B0CM6FHN49,A240TNI0UGYBWG
B0CLNW7PN2,A240TNI0UGYBWG
B0CL93BFGZ,A240TNI0UGYBWG
B0CL4WYYXZ,A240TNI0UGYBWG
B0CL3YFXG9,A240TNI0UGYBWG
B0CKKDRRYF,A240TNI0UGYBWG
B0CJ5LKX14,A240TNI0UGYBWG
B0CJ2JSYLZ,A240TNI0UGYBWG
B09XQZNBQT,A240TNI0UGYBWG
B09XPBF2WR,A240TNI0UGYBWG
B09XDJ1D3H,A240TNI0UGYBWG
B09XBHTMNX,A240TNI0UGYBWG
B09WMSB7G6,A240TNI0UGYBWG
B09RZL7J74,A240TNI0UGYBWG
B09NXMTPZF,A240TNI0UGYBWG
B09MSZDW96,A240TNI0UGYBWG
B09H7G74PW,A240TNI0UGYBWG
B09FT3CK6D,A240TNI0UGYBWG
B09DVDZB15,A240TNI0UGYBWG
B09CYLFV24,A240TNI0UGYBWG
B09CMFVGWD,A240TNI0UGYBWG
B09BJRTTYP,A240TNI0UGYBWG
B09BG1QD9M,A240TNI0UGYBWG
B09B5SQSNY,A240TNI0UGYBWG
B0D3J1MLSH,A240TNI0UGYBWG
B0D3HLRZN4,A240TNI0UGYBWG
B0D31BDP1Y,A240TNI0UGYBWG
B0D2DBB4C3,A240TNI0UGYBWG
B0D1CJ4LL2,A240TNI0UGYBWG
B0D11RQN4B,A240TNI0UGYBWG
B0CZL31MWJ,A240TNI0UGYBWG
B0CZ72HLV9,A240TNI0UGYBWG
B0CZ418QKX,A240TNI0UGYBWG
B0CYSH4B38,A240TNI0UGYBWG
B0CYM25QZF,A240TNI0UGYBWG
B0CYGQCS99,A240TNI0UGYBWG
B0CYGQ7VNZ,A240TNI0UGYBWG
B0CXXTLXT1,A240TNI0UGYBWG
B0CXDYJ32N,A240TNI0UGYBWG
B0CXDPBXMD,A240TNI0UGYBWG
B0BPHN9XS8,A240TNI0UGYBWG
B0BLNR3W8C,A240TNI0UGYBWG
B0BLGJK7ZV,A240TNI0UGYBWG
B0BKPB79GW,A240TNI0UGYBWG
B0BKKL53CR,A240TNI0UGYBWG
B0BKGPR6N8,A240TNI0UGYBWG
B0BJ1X9NJX,A240TNI0UGYBWG
B0BGBY9HQP,A240TNI0UGYBWG
B0B8S4ZXM4,A240TNI0UGYBWG
B0B8MCPW2D,A240TNI0UGYBWG
B0B8CR1G4D,A240TNI0UGYBWG
B0B8789QKV,A240TNI0UGYBWG
B0B6NG9S4C,A240TNI0UGYBWG
B0B636CLRL,A240TNI0UGYBWG
B0B5G716VM,A240TNI0UGYBWG
B0B5D15HY4,A240TNI0UGYBWG
B09QG2NM58,A240TNI0UGYBWG
B09PH93JN7,A240TNI0UGYBWG
B09PDQJLM5,A240TNI0UGYBWG
B09NVQQ8YF,A240TNI0UGYBWG
B09NDGDKM8,A240TNI0UGYBWG
B09MB41F7V,A240TNI0UGYBWG
B09M3VSG6Q,A240TNI0UGYBWG
B09LCTJ3GV,A240TNI0UGYBWG
B09HXFZVQB,A240TNI0UGYBWG
B09G8G6ZW9,A240TNI0UGYBWG
B09F6NQ7MH,A240TNI0UGYBWG
B09DYB6BKT,A240TNI0UGYBWG
B09C8F3JB9,A240TNI0UGYBWG
B09BVY6PYM,A240TNI0UGYBWG
B09B1MKT37,A240TNI0UGYBWG
B09938T3GP,A240TNI0UGYBWG
B08N5DHM9X,A240TNI0UGYBWG
B0B77P25Z7,A240TNI0UGYBWG
B0BNZTFHNK,A240TNI0UGYBWG
B0B8HXJB48,A240TNI0UGYBWG
B09T9KVMTH,A240TNI0UGYBWG
B09L5K1YR8,A240TNI0UGYBWG
B09H5N2948,A240TNI0UGYBWG
B08MZK5WKV,A240TNI0UGYBWG
B081D3B5WQ,A240TNI0UGYBWG
B08197V9P3,A240TNI0UGYBWG
B07ZG33QGJ,A240TNI0UGYBWG
B07WTQP7R1,A240TNI0UGYBWG
B00AU6KE14,A240TNI0UGYBWG
B0DWFDK83D,A240TNI0UGYBWG
B0DN64NZF4,A240TNI0UGYBWG
B0DM26Y488,A240TNI0UGYBWG
B07N8D626V,A240TNI0UGYBWG
B07N6MJRBL,A240TNI0UGYBWG
B07N485BK2,A240TNI0UGYBWG
B07MV8MN82,A240TNI0UGYBWG
B07L5Z2Y24,A240TNI0UGYBWG
B07KS2DJSP,A240TNI0UGYBWG
B07HL1KS1M,A240TNI0UGYBWG
B07FMMSS3K,A240TNI0UGYBWG
B07C7XXLHB,A240TNI0UGYBWG
B07C37R4FR,A240TNI0UGYBWG
B07BWVRB1G,A240TNI0UGYBWG
B0792QY5TS,A240TNI0UGYBWG
B0792B581D,A240TNI0UGYBWG
B0767PF7SB,A240TNI0UGYBWG
B0767M2FTD,A240TNI0UGYBWG
B07588S77Z,A240TNI0UGYBWG
B07XFCF78G,A240TNI0UGYBWG
B07XFCDM2B,A240TNI0UGYBWG
B07XC5RWJ8,A240TNI0UGYBWG
B07XC5RNTB,A240TNI0UGYBWG
B07WVTY726,A240TNI0UGYBWG
B07V5LTLGZ,A240TNI0UGYBWG
B07TJFQVYC,A240TNI0UGYBWG
B07T7N8WC9,A240TNI0UGYBWG
B07SJX1BCN,A240TNI0UGYBWG
B07RL5RBPX,A240TNI0UGYBWG
B07R4F9ZWT,A240TNI0UGYBWG
B07Q5SLX5T,A240TNI0UGYBWG
B07Q46HQ69,A240TNI0UGYBWG
B07PXLLK56,A240TNI0UGYBWG
B07PLNMRLL,A240TNI0UGYBWG
B07PF4HDZ7,A240TNI0UGYBWG
B0B4S42P2Y,A240TNI0UGYBWG
B0B2PVZNKR,A240TNI0UGYBWG
B0B2KVR9RB,A240TNI0UGYBWG
B0B2JGLNC7,A240TNI0UGYBWG
B0B1QXC4KK,A240TNI0UGYBWG
B0B1J3H5XJ,A240TNI0UGYBWG
B09ZQ9FHJV,A240TNI0UGYBWG
B09ZL4WRKF,A240TNI0UGYBWG
B09ZKYJ2BT,A240TNI0UGYBWG
B09ZDTQ5PN,A240TNI0UGYBWG
B09ZD53PK1,A240TNI0UGYBWG
B09YH4P5N7,A240TNI0UGYBWG
B09Y8LZCRW,A240TNI0UGYBWG
B09WDXRHKX,A240TNI0UGYBWG
B09VBV6GTV,A240TNI0UGYBWG
B09QY23VRX,A240TNI0UGYBWG
B005VR76VS,A240TNI0UGYBWG
B00597CE6M,A240TNI0UGYBWG
B0DJ4SZQ43,A240TNI0UGYBWG
B0CQPPB5L3,A240TNI0UGYBWG
B0CPV78VZW,A240TNI0UGYBWG
B08FT3DC7S,A240TNI0UGYBWG
B089LSZTY6,A240TNI0UGYBWG
B0867L2DV2,A240TNI0UGYBWG
B07N5LMV48,A240TNI0UGYBWG
B0CWP2LDTK,A240TNI0UGYBWG
B0CVX89WPZ,A240TNI0UGYBWG
B0CSNLCP7K,A240TNI0UGYBWG
B0CS8RCZFY,A240TNI0UGYBWG
B0CRYVWM4V,A240TNI0UGYBWG
B0CP6WHJVY,A240TNI0UGYBWG
B0CNLNG8Z1,A240TNI0UGYBWG
B0CM61PNGC,A240TNI0UGYBWG
B0CM3CKMVX,A240TNI0UGYBWG
B0CLLVZ2JQ,A240TNI0UGYBWG
B0CJJ2Y2M1,A240TNI0UGYBWG
B0CJ8Y3B5X,A240TNI0UGYBWG
B0CH4WMNST,A240TNI0UGYBWG
B0CH3CHZPM,A240TNI0UGYBWG
B0CGHVHLH9,A240TNI0UGYBWG
B0CF4DQ2ZT,A240TNI0UGYBWG
B07TPT51MQ,A240TNI0UGYBWG
B07RXT7TS4,A240TNI0UGYBWG
B07Q3HBGT7,A240TNI0UGYBWG
B07P11QKLG,A240TNI0UGYBWG
B07MWWPSF4,A240TNI0UGYBWG
B07MG8HFWZ,A240TNI0UGYBWG
B07KFV39V9,A240TNI0UGYBWG
B07JJMWWPL,A240TNI0UGYBWG
B07JDJ423X,A240TNI0UGYBWG
B07H8MF3KW,A240TNI0UGYBWG
B07H8KP2GT,A240TNI0UGYBWG
B07B69FBH3,A240TNI0UGYBWG
B0792MBGLR,A240TNI0UGYBWG
B075KPZM5N,A240TNI0UGYBWG
B073V2L4PJ,A240TNI0UGYBWG
B00ITWJ2SM,A240TNI0UGYBWG
B08F41LWKS,A240TNI0UGYBWG
B08F2XFFZF,A240TNI0UGYBWG
B08F2X98P4,A240TNI0UGYBWG
B089SQVX1J,A240TNI0UGYBWG
B089S1LPWD,A240TNI0UGYBWG
B0895THTPZ,A240TNI0UGYBWG
B08932RXS2,A240TNI0UGYBWG
B0872CG83F,A240TNI0UGYBWG
B0852W6ZKY,A240TNI0UGYBWG
B084YTD9MW,A240TNI0UGYBWG
B0833SVM91,A240TNI0UGYBWG
B081NR9K7B,A240TNI0UGYBWG
B07ZK4KK3G,A240TNI0UGYBWG
B07ZK1FF5M,A240TNI0UGYBWG
B07ZF23TFY,A240TNI0UGYBWG
B07YYYQY6H,A240TNI0UGYBWG
B0CJ1ZN83K,A240TNI0UGYBWG
B0CHJ9CGGK,A240TNI0UGYBWG
B0CHFB8BMT,A240TNI0UGYBWG
B0CH2HT544,A240TNI0UGYBWG
B0CH17RNWD,A240TNI0UGYBWG
B0CFFZYYJQ,A240TNI0UGYBWG
B0CF9HH1YV,A240TNI0UGYBWG
B0CDCFS9G9,A240TNI0UGYBWG
B0CCNCR6P6,A240TNI0UGYBWG
B0CCDN7PHX,A240TNI0UGYBWG
B0CC1L4B9Q,A240TNI0UGYBWG
B0CBLY6JZ1,A240TNI0UGYBWG
B0C9XVNLZY,A240TNI0UGYBWG
B0C7V428JH,A240TNI0UGYBWG
B0C7K8V3XW,A240TNI0UGYBWG
B0C61QLQD4,A240TNI0UGYBWG
B0DFD4L3LH,A240TNI0UGYBWG
B0DDT448J9,A240TNI0UGYBWG
B0DB1SX5V7,A240TNI0UGYBWG
B0D9QLSL96,A240TNI0UGYBWG
B0D8HYCZC2,A240TNI0UGYBWG
B0D56SW7ZF,A240TNI0UGYBWG
B0D56DJF2G,A240TNI0UGYBWG
B0D53GXNYP,A240TNI0UGYBWG
B0D47GJX8C,A240TNI0UGYBWG
B0D2VMHX7R,A240TNI0UGYBWG
B0D1R6JQZ1,A240TNI0UGYBWG
B0D1CJYH1V,A240TNI0UGYBWG
B0CYM8HTDG,A240TNI0UGYBWG
B0CYGYC27M,A240TNI0UGYBWG
B0CXHSJMWY,A240TNI0UGYBWG
B0CWXY6Q38,A240TNI0UGYBWG
B0B79TD6N7,A240TNI0UGYBWG
B0B6P9JJBV,A240TNI0UGYBWG
B0B6CK8VTY,A240TNI0UGYBWG
B0B63DMWTW,A240TNI0UGYBWG
B0B5WN3V5N,A240TNI0UGYBWG
B0B5SPK7YG,A240TNI0UGYBWG
B0B5BCZYHR,A240TNI0UGYBWG
B0B4NFBDQZ,A240TNI0UGYBWG
B0B44Y4PX5,A240TNI0UGYBWG
B0B3D2JBZK,A240TNI0UGYBWG
B0B31H21S6,A240TNI0UGYBWG
B09ZYD4P96,A240TNI0UGYBWG
B09YRMY5F8,A240TNI0UGYBWG
B09Y3KHT1J,A240TNI0UGYBWG
B09X93H9TY,A240TNI0UGYBWG
B09V18CDT9,A240TNI0UGYBWG
B0CDVZVYG1,A240TNI0UGYBWG
B0CBLSLKHW,A240TNI0UGYBWG
B0CB6DS6HV,A240TNI0UGYBWG
B0CB66RNYN,A240TNI0UGYBWG
B0C9982ZCB,A240TNI0UGYBWG
B0C64ZB1G3,A240TNI0UGYBWG
B0C4T872LZ,A240TNI0UGYBWG
B0C1VHX6GW,A240TNI0UGYBWG
B0C1S9Y3SJ,A240TNI0UGYBWG
B0BZZXMQ12,A240TNI0UGYBWG
B0BZVHW9RN,A240TNI0UGYBWG
B0BZGK7ZS8,A240TNI0UGYBWG
B0BXSNHY9F,A240TNI0UGYBWG
B0BW9SFY4K,A240TNI0UGYBWG
B0BVPB92C2,A240TNI0UGYBWG
B0BVNQDPL9,A240TNI0UGYBWG
B095BSFZBQ,A240TNI0UGYBWG
B0936K6PF7,A240TNI0UGYBWG
B0925DXK6X,A240TNI0UGYBWG
B091GWZH6Y,A240TNI0UGYBWG
B08ZH9FZ3S,A240TNI0UGYBWG
B08ZCV8LNZ,A240TNI0UGYBWG
B08X47PBZM,A240TNI0UGYBWG
B08W1KNXJ3,A240TNI0UGYBWG
B08TW8D7YL,A240TNI0UGYBWG
B08M18BP99,A240TNI0UGYBWG
B08KZDMRHL,A240TNI0UGYBWG
B08KNTWCDD,A240TNI0UGYBWG
B08JV9D9YT,A240TNI0UGYBWG
B08GB88JK3,A240TNI0UGYBWG
B08FRFVKF3,A240TNI0UGYBWG
B08FCJ3XFC,A240TNI0UGYBWG
B09TWQ3VMH,A240TNI0UGYBWG
B09TR9QL86,A240TNI0UGYBWG
B09SL7Q6NY,A240TNI0UGYBWG
B09SGZFY6H,A240TNI0UGYBWG
B09PHKVW16,A240TNI0UGYBWG
B09P8BM66L,A240TNI0UGYBWG
B09P512TPS,A240TNI0UGYBWG
B09NPY91SS,A240TNI0UGYBWG
B09M71RCR3,A240TNI0UGYBWG
B09L7NJ1PY,A240TNI0UGYBWG
B09KTWSBXC,A240TNI0UGYBWG
B09BV73THY,A240TNI0UGYBWG
B09BCVJ1WJ,A240TNI0UGYBWG
B097RBK5H2,A240TNI0UGYBWG
B0972S8R2C,A240TNI0UGYBWG
B095VWFD3W,A240TNI0UGYBWG
B0C5HW4WZV,A240TNI0UGYBWG
B0C3XMM5VD,A240TNI0UGYBWG
B0C3V9FW47,A240TNI0UGYBWG
B0C3H9C8D9,A240TNI0UGYBWG
B0C2Z7QWNZ,A240TNI0UGYBWG
B0C1N2KKMG,A240TNI0UGYBWG
B0BZXQ12QX,A240TNI0UGYBWG
B0BZVWB6BG,A240TNI0UGYBWG
B0BZPLMMFZ,A240TNI0UGYBWG
B0BZPCDX9S,A240TNI0UGYBWG
B0BZ4H8KBC,A240TNI0UGYBWG
B0BXNV4FXK,A240TNI0UGYBWG
B0BX5VC43T,A240TNI0UGYBWG
B0BWVT31VK,A240TNI0UGYBWG
B0BRVKQ61Z,A240TNI0UGYBWG
B0BPRL9716,A240TNI0UGYBWG
B08CZBNWZG,A240TNI0UGYBWG
B08CRWCC4B,A240TNI0UGYBWG
B08CD3CPT6,A240TNI0UGYBWG
B088JZMQ5W,A240TNI0UGYBWG
B088GTHL47,A240TNI0UGYBWG
B08748Y9RM,A240TNI0UGYBWG
B086BYSMJT,A240TNI0UGYBWG
B084GPCV38,A240TNI0UGYBWG
B082P7DD69,A240TNI0UGYBWG
B0829W2VQC,A240TNI0UGYBWG
B081972DXR,A240TNI0UGYBWG
B0816D9RBR,A240TNI0UGYBWG
B07XXYFVB2,A240TNI0UGYBWG
B07XSBWCFJ,A240TNI0UGYBWG
B07VPGWFWZ,A240TNI0UGYBWG
B07TRGDS6V,A240TNI0UGYBWG
B07BM99ZZN,A240TNI0UGYBWG
B076W63TZ6,A240TNI0UGYBWG
B076HF6ZFL,A240TNI0UGYBWG
B07648883K,A240TNI0UGYBWG
B0734N252F,A240TNI0UGYBWG
B072RT5ZG6,A240TNI0UGYBWG
B0728HMXDP,A240TNI0UGYBWG
B01N9V52NG,A240TNI0UGYBWG
B01MSBKH0J,A240TNI0UGYBWG
B01HPTJJ4G,A240TNI0UGYBWG
B019XNKFFY,A240TNI0UGYBWG
B016ASDI0O,A240TNI0UGYBWG
B00X4LZMW8,A240TNI0UGYBWG
B009BFBNWO,A240TNI0UGYBWG
B008O5YEB4,A240TNI0UGYBWG
B005I5YW06,A240TNI0UGYBWG
B00004TUCV,A240TNI0UGYBWG
B07ZDFB1G1,A240TNI0UGYBWG
B0C392WR4Q,A240TNI0UGYBWG
B09YH938WW,A240TNI0UGYBWG
B09M7FT162,A240TNI0UGYBWG
B0891SD9TH,A240TNI0UGYBWG
B083ZBPDDY,A240TNI0UGYBWG
B07CSXWMXL,A240TNI0UGYBWG
B0721TB82Q,A240TNI0UGYBWG
B07TCTHXTQ,A240TNI0UGYBWG
B07T8FTYX5,A240TNI0UGYBWG
B07SF7FB6Z,A240TNI0UGYBWG
B07S1N21YL,A240TNI0UGYBWG
B07QXCWNQ1,A240TNI0UGYBWG
B07PDP8LYV,A240TNI0UGYBWG
B07P82B4JK,A240TNI0UGYBWG
B07NRYG8JN,A240TNI0UGYBWG
B07MXTL8JJ,A240TNI0UGYBWG
B07LB1NK99,A240TNI0UGYBWG
B07L574NRQ,A240TNI0UGYBWG
B07KWJD3S6,A240TNI0UGYBWG
B07JDGZPQX,A240TNI0UGYBWG
B07H247PTX,A240TNI0UGYBWG
B07GYR9D22,A240TNI0UGYBWG
B07DDJYBSW,A240TNI0UGYBWG
B09875Z4Y3,A240TNI0UGYBWG
B097MP1Q46,A240TNI0UGYBWG
B0973F3R5P,A240TNI0UGYBWG
B096RY81H8,A240TNI0UGYBWG
B096LZH3MC,A240TNI0UGYBWG
B092SW91PQ,A240TNI0UGYBWG
B092LK43PZ,A240TNI0UGYBWG
B08Y8JW7HS,A240TNI0UGYBWG
B08Y53WDBN,A240TNI0UGYBWG
B08W514NYP,A240TNI0UGYBWG
B08SQN73BS,A240TNI0UGYBWG
B08P6K73B6,A240TNI0UGYBWG
B08NP7K52L,A240TNI0UGYBWG
B08K1R6S9J,A240TNI0UGYBWG
B08HYKV93D,A240TNI0UGYBWG
B08G8KJLNN,A240TNI0UGYBWG
B0BR564SQG,A240TNI0UGYBWG
B0BM5QPKCQ,A240TNI0UGYBWG
B0BJ1KHQM8,A240TNI0UGYBWG
B0BHRDHKJ3,A240TNI0UGYBWG
B0BGT636NR,A240TNI0UGYBWG
B0BCVRQNN4,A240TNI0UGYBWG
B0BBFC6L5H,A240TNI0UGYBWG
B0B92YG71P,A240TNI0UGYBWG
B0B8SCN39T,A240TNI0UGYBWG
B0B8L6S3K4,A240TNI0UGYBWG
B0B8B95QQ3,A240TNI0UGYBWG
B0B881DQY4,A240TNI0UGYBWG
B0B85JTY9W,A240TNI0UGYBWG
B0B85CJ6L6,A240TNI0UGYBWG
B0B7VQXCCW,A240TNI0UGYBWG
B0B7BZYY8Z,A240TNI0UGYBWG
B0DF7BQLJY,A240TNI0UGYBWG
B0DCBZ2XNC,A240TNI0UGYBWG
B0DBKZSFLR,A240TNI0UGYBWG
B0DBFDXL45,A240TNI0UGYBWG
B0D9K7D7BH,A240TNI0UGYBWG
B0D9BFSWC4,A240TNI0UGYBWG
B0D926B7W9,A240TNI0UGYBWG
B0D8DSDP6S,A240TNI0UGYBWG
B0D7LJJZDH,A240TNI0UGYBWG
B0D7HCGGKW,A240TNI0UGYBWG
B0D4TXWRGQ,A240TNI0UGYBWG
B0D4HXGWHT,A240TNI0UGYBWG
B0D3QH81GQ,A240TNI0UGYBWG
B0D2R3B1GT,A240TNI0UGYBWG
B0D25L3WRZ,A240TNI0UGYBWG
B0CYQFHPKZ,A240TNI0UGYBWG
B0BRPDQ3WR,A240TNI0UGYBWG
B0BPSDHCQT,A240TNI0UGYBWG
B0BN6B2CC3,A240TNI0UGYBWG
B0BJPSVD1Q,A240TNI0UGYBWG
B0BHKX9C9K,A240TNI0UGYBWG
B0BGHBCZCF,A240TNI0UGYBWG
B0BFKYFRRC,A240TNI0UGYBWG
B0BD82N2T8,A240TNI0UGYBWG
B0BCZXYGD2,A240TNI0UGYBWG
B0BBZLSJKN,A240TNI0UGYBWG
B0BBLNXV8N,A240TNI0UGYBWG
B0B9WQPS2V,A240TNI0UGYBWG
B0B9HTLNR6,A240TNI0UGYBWG
B0B9HP1LDV,A240TNI0UGYBWG
B0B9413KD1,A240TNI0UGYBWG
B0B7J67PDY,A240TNI0UGYBWG
B0C1MXW96J,A240TNI0UGYBWG
B0BZQNCRYH,A240TNI0UGYBWG
B0BZ7YC5SG,A240TNI0UGYBWG
B0BZ7Y5LWK,A240TNI0UGYBWG
B0BYSNXPR5,A240TNI0UGYBWG
B0BYNKZ5KP,A240TNI0UGYBWG
B0BYD4DLSK,A240TNI0UGYBWG
B0BXX9Q2WB,A240TNI0UGYBWG
B0BXSK81XT,A240TNI0UGYBWG
B0BXS3NLZ3,A240TNI0UGYBWG
B0BX6C6W4H,A240TNI0UGYBWG
B0BWWFZHNN,A240TNI0UGYBWG
B0BTDWX2GD,A240TNI0UGYBWG
B0BSDXYZBN,A240TNI0UGYBWG
B0BSCDGG84,A240TNI0UGYBWG
B0BRQQ1SZJ,A240TNI0UGYBWG
B09M64LFYH,A240TNI0UGYBWG
B09H5DFK2W,A240TNI0UGYBWG
B09GP5PHY3,A240TNI0UGYBWG
B09FLVT9NV,A240TNI0UGYBWG
B09D7JGNYJ,A240TNI0UGYBWG
B09C7V6TGF,A240TNI0UGYBWG
B098WZ18T7,A240TNI0UGYBWG
B097MW28FK,A240TNI0UGYBWG
B096YFBVQQ,A240TNI0UGYBWG
B094KQW1YS,A240TNI0UGYBWG
B093RXHBKD,A240TNI0UGYBWG
B092QCWRQ6,A240TNI0UGYBWG
B092J75TXD,A240TNI0UGYBWG
B08YQGQKPJ,A240TNI0UGYBWG
B08XX5GZRJ,A240TNI0UGYBWG
B08X6QNTXB,A240TNI0UGYBWG
B0CXTBSYNL,A240TNI0UGYBWG
B0CX21LMGJ,A240TNI0UGYBWG
B0CW5X7B2M,A240TNI0UGYBWG
B0CVPBPY2V,A240TNI0UGYBWG
B0CT39K63H,A240TNI0UGYBWG
B0CSBZHPLG,A240TNI0UGYBWG
B0CQYRY87Q,A240TNI0UGYBWG
B0CQHZ8NXK,A240TNI0UGYBWG
B0CQCJXH5T,A240TNI0UGYBWG
B0CPHMPJPJ,A240TNI0UGYBWG
B0CP6WXP73,A240TNI0UGYBWG
B0CP6TLS13,A240TNI0UGYBWG
B0CP3J3PQB,A240TNI0UGYBWG
B0CNYXMQLF,A240TNI0UGYBWG
B0CN3MTCRL,A240TNI0UGYBWG
B0CMZR9H5D,A240TNI0UGYBWG
B09ZY5RLL5,A240TNI0UGYBWG
B09ZVNY37L,A240TNI0UGYBWG
B09ZV3FXSZ,A240TNI0UGYBWG
B09YGRB45Y,A240TNI0UGYBWG
B09Y2LPVFC,A240TNI0UGYBWG
B09V2HGWT8,A240TNI0UGYBWG
B09R7PNY5W,A240TNI0UGYBWG
B09R73CG5M,A240TNI0UGYBWG
B09QKWVSFR,A240TNI0UGYBWG
B09QKF545Y,A240TNI0UGYBWG
B09Q8JMQXY,A240TNI0UGYBWG
B09Q88PQFC,A240TNI0UGYBWG
B09PYL27PK,A240TNI0UGYBWG
B09PNBFNV2,A240TNI0UGYBWG
B09NQ9LG9R,A240TNI0UGYBWG
B09MMLPFLJ,A240TNI0UGYBWG
B08468GWBB,A240TNI0UGYBWG
B083XFNNYS,A240TNI0UGYBWG
B07YGT99VR,A240TNI0UGYBWG
B07VVNL1RR,A240TNI0UGYBWG
B07V8J4Y51,A240TNI0UGYBWG
B07V3M8639,A240TNI0UGYBWG
B07RX8PKR6,A240TNI0UGYBWG
B07Q2F6992,A240TNI0UGYBWG
B07K1MNS36,A240TNI0UGYBWG
B07FPQVLFH,A240TNI0UGYBWG
B07DH9CZRK,A240TNI0UGYBWG
B07C7D366L,A240TNI0UGYBWG
B07BKQVW2L,A240TNI0UGYBWG
B07944QBG5,A240TNI0UGYBWG
B07916YVQM,A240TNI0UGYBWG
B078XGXJZ7,A240TNI0UGYBWG
B0763SGBC6,A240TNI0UGYBWG
B0742H2XBR,A240TNI0UGYBWG
B073G8HCBR,A240TNI0UGYBWG
B06X9JV63Q,A240TNI0UGYBWG
B01MTSE445,A240TNI0UGYBWG
B01MQIEWCV,A240TNI0UGYBWG
B01M5J51QV,A240TNI0UGYBWG
B01LZRI09L,A240TNI0UGYBWG
B01LZPY9BZ,A240TNI0UGYBWG
B01KTJ77IO,A240TNI0UGYBWG
B01J2FTPWW,A240TNI0UGYBWG
B01AO48LYI,A240TNI0UGYBWG
B01ABKA43Q,A240TNI0UGYBWG
B018ED8BOQ,A240TNI0UGYBWG
B015CNKJXW,A240TNI0UGYBWG
B00YWCJ8BE,A240TNI0UGYBWG
B0DTJDN3HB,A240TNI0UGYBWG
B0DNH7NPW2,A240TNI0UGYBWG
B0DJ34BSC5,A240TNI0UGYBWG
B0DJ2C2JDZ,A240TNI0UGYBWG
B0DFM4RHC2,A240TNI0UGYBWG
B0DFM3HHCH,A240TNI0UGYBWG
B0DDPHF6P3,A240TNI0UGYBWG
B0DBHKHWH1,A240TNI0UGYBWG
B0DB5KQ9R1,A240TNI0UGYBWG
B0D9L9TQHM,A240TNI0UGYBWG
B0D8Q6M6CH,A240TNI0UGYBWG
B0D7YT943B,A240TNI0UGYBWG
B0D6RH6JBH,A240TNI0UGYBWG
B0D6LL6ZLT,A240TNI0UGYBWG
B0D4QCKF4F,A240TNI0UGYBWG
B0D4PLGLN2,A240TNI0UGYBWG
B0CSLZZKC4,A240TNI0UGYBWG
B0CRYW33BT,A240TNI0UGYBWG
B0CR7ZG7WG,A240TNI0UGYBWG
B0CR5VVJ7Y,A240TNI0UGYBWG
B0CP4PJMYT,A240TNI0UGYBWG
B0CNGFSCZV,A240TNI0UGYBWG
B0CNCRCNHM,A240TNI0UGYBWG
B0CN76D88H,A240TNI0UGYBWG
B0CMZPTDLZ,A240TNI0UGYBWG
B0CMJNWH4S,A240TNI0UGYBWG
B0CLTV93L5,A240TNI0UGYBWG
B0CLS48MHS,A240TNI0UGYBWG
B0CLG9R16N,A240TNI0UGYBWG
B0CLCVKQTM,A240TNI0UGYBWG
B0CJHZTYCB,A240TNI0UGYBWG
B0CJBQ7H7C,A240TNI0UGYBWG
B0C33SBG2B,A240TNI0UGYBWG
B0C2TPWBZM,A240TNI0UGYBWG
B0C2TGH3X9,A240TNI0UGYBWG
B0BZMWBY19,A240TNI0UGYBWG
B0BZ56VXTV,A240TNI0UGYBWG
B0BYGB8BZ2,A240TNI0UGYBWG
B0BYC85JX2,A240TNI0UGYBWG
B0BXB1927D,A240TNI0UGYBWG
B0BVPN85T2,A240TNI0UGYBWG
B0BV1M297N,A240TNI0UGYBWG
B0BQVXHC25,A240TNI0UGYBWG
B0BQ29JPCN,A240TNI0UGYBWG
B0BNVQYL3B,A240TNI0UGYBWG
B0BNP23Z8H,A240TNI0UGYBWG
B0BMDQ84XV,A240TNI0UGYBWG
B0BLP8BCHV,A240TNI0UGYBWG
B0D48PQSNS,A240TNI0UGYBWG
B0D3T11L4S,A240TNI0UGYBWG
B0D3CWLVHG,A240TNI0UGYBWG
B0D2GSN4TM,A240TNI0UGYBWG
B0D264FNVC,A240TNI0UGYBWG
B0D21BTM6B,A240TNI0UGYBWG
B0D1KXVZDP,A240TNI0UGYBWG
B0D17XZHMP,A240TNI0UGYBWG
B0D17GTWW5,A240TNI0UGYBWG
B0D11946LR,A240TNI0UGYBWG
B0CZ7CM2L3,A240TNI0UGYBWG
B0CZ3LWSYG,A240TNI0UGYBWG
B0CYP3P11C,A240TNI0UGYBWG
B0CXSHN9X2,A240TNI0UGYBWG
B0CXP5PTT2,A240TNI0UGYBWG
B0CX1XD9C2,A240TNI0UGYBWG
B0CH7T4TFW,A240TNI0UGYBWG
B0CGXXX6XT,A240TNI0UGYBWG
B0CG92WQVV,A240TNI0UGYBWG
B0CG39N2QN,A240TNI0UGYBWG
B0CG1CHBKJ,A240TNI0UGYBWG
B0CFDHKFVV,A240TNI0UGYBWG
B0CD1V958M,A240TNI0UGYBWG
B0CCYFHH2F,A240TNI0UGYBWG
B0CCF22XV8,A240TNI0UGYBWG
B0CBNSCJSK,A240TNI0UGYBWG
B0C7KDB955,A240TNI0UGYBWG
B0C613SCZ5,A240TNI0UGYBWG
B0C5HNN526,A240TNI0UGYBWG
B0C4LDKYX9,A240TNI0UGYBWG
B0C3W47FDB,A240TNI0UGYBWG
B0C3J5LJT7,A240TNI0UGYBWG
B0BJPXZSQG,A240TNI0UGYBWG
B0BJPXN536,A240TNI0UGYBWG
B0BGXLB1KL,A240TNI0UGYBWG
B0BGN9F3H3,A240TNI0UGYBWG
B0BDZ2M9JF,A240TNI0UGYBWG
B0BDGH5L2B,A240TNI0UGYBWG
B0BB6VVFL5,A240TNI0UGYBWG
B0BB5XVZYV,A240TNI0UGYBWG
B0B8C1GG47,A240TNI0UGYBWG
B0B74GBYXC,A240TNI0UGYBWG
B0B6SPSKK1,A240TNI0UGYBWG
B0B6134CF4,A240TNI0UGYBWG
B0B5XCD9Y4,A240TNI0UGYBWG
B0B5CF373M,A240TNI0UGYBWG
B0B51KBC2N,A240TNI0UGYBWG
B0B4SGBDZH,A240TNI0UGYBWG
B0CMLXDR8D,A240TNI0UGYBWG
B0CM3DF53D,A240TNI0UGYBWG
B0CHS11RK7,A240TNI0UGYBWG
B0CGDC4227,A240TNI0UGYBWG
B0CF252XJP,A240TNI0UGYBWG
B0CCNJKLGJ,A240TNI0UGYBWG
B0CCBMCZ1Y,A240TNI0UGYBWG
B0CC8D7TGZ,A240TNI0UGYBWG
B0CB8MXGPC,A240TNI0UGYBWG
B0C8JVNKQ7,A240TNI0UGYBWG
B0C7CKZGG3,A240TNI0UGYBWG
B0C6R8GJVD,A240TNI0UGYBWG
B0C3VM6G21,A240TNI0UGYBWG
B0C2ZVRXQF,A240TNI0UGYBWG
B0C2YP7R2M,A240TNI0UGYBWG
B0C2447PVZ,A240TNI0UGYBWG
B0B7DD5XFF,A240TNI0UGYBWG
B0B776XX2J,A240TNI0UGYBWG
B0B6VJ1GPN,A240TNI0UGYBWG
B0B5WVY9LF,A240TNI0UGYBWG
B0B5DKRXPB,A240TNI0UGYBWG
B0B4JZDN9T,A240TNI0UGYBWG
B0B4DDB57S,A240TNI0UGYBWG
B0B4877W1P,A240TNI0UGYBWG
B0B3WYJSR8,A240TNI0UGYBWG
B0B2W3X4SN,A240TNI0UGYBWG
B0B28PJBQZ,A240TNI0UGYBWG
B0B27D49ND,A240TNI0UGYBWG
B0B1ZSBPSJ,A240TNI0UGYBWG
B0B1M9CVY4,A240TNI0UGYBWG
B0B1CLLTC8,A240TNI0UGYBWG
B0B17BGHPS,A240TNI0UGYBWG
B09ZYK6L7C,A240TNI0UGYBWG
B09ZLBG49M,A240TNI0UGYBWG
B09YDDZNT7,A240TNI0UGYBWG
B09Y856FHK,A240TNI0UGYBWG
B09Y47WZ8X,A240TNI0UGYBWG
B09XWPH1CR,A240TNI0UGYBWG
B09XQL221P,A240TNI0UGYBWG
B09W5PLSJT,A240TNI0UGYBWG
B09VH3YXZC,A240TNI0UGYBWG
B09VGD2H6L,A240TNI0UGYBWG
B09TP831XJ,A240TNI0UGYBWG
B09QVJFCR8,A240TNI0UGYBWG
B09PRJDBSN,A240TNI0UGYBWG
B09NL411Y7,A240TNI0UGYBWG
B09N6XCJ59,A240TNI0UGYBWG
B09KY9DRD6,A240TNI0UGYBWG
B08XWXYSTW,A240TNI0UGYBWG
B08TWBFWQF,A240TNI0UGYBWG
B08SNSSTR6,A240TNI0UGYBWG
B08RY1T2DV,A240TNI0UGYBWG
B08LKBXBPT,A240TNI0UGYBWG
B08LGMBBGT,A240TNI0UGYBWG
B08LGKN1J1,A240TNI0UGYBWG
B08L8ZF889,A240TNI0UGYBWG
B08K9CP1NP,A240TNI0UGYBWG
B08JGRMR5W,A240TNI0UGYBWG
B08H1V3KVM,A240TNI0UGYBWG
B08GSCJDBY,A240TNI0UGYBWG
B08CC2CFYG,A240TNI0UGYBWG
B08B675J45,A240TNI0UGYBWG
B089NWJYNN,A240TNI0UGYBWG
B088LP88H3,A240TNI0UGYBWG
B07RKLY47F,A240TNI0UGYBWG
B07QX7MQDV,A240TNI0UGYBWG
B07QKZHSHB,A240TNI0UGYBWG
B07NKSN27R,A240TNI0UGYBWG
B07N2JJH7M,A240TNI0UGYBWG
B07KRQVFLD,A240TNI0UGYBWG
B07H5JS1JT,A240TNI0UGYBWG
B07GLXL761,A240TNI0UGYBWG
B07GJGS83M,A240TNI0UGYBWG
B07DVMBQRD,A240TNI0UGYBWG
B07DVKSFN9,A240TNI0UGYBWG
B07DVB69GS,A240TNI0UGYBWG
B07CJQXG4Q,A240TNI0UGYBWG
B0768Y59ZQ,A240TNI0UGYBWG
B0759D7PQH,A240TNI0UGYBWG
B073RRWP4F,A240TNI0UGYBWG
B00X8P3EVG,A240TNI0UGYBWG
B00UE9LEIY,A240TNI0UGYBWG
B00R3NFJN0,A240TNI0UGYBWG
B00P8YK57Q,A240TNI0UGYBWG
B00EFYUX90,A240TNI0UGYBWG
B00BE5J3SK,A240TNI0UGYBWG
B007MECAGE,A240TNI0UGYBWG
B07V5NQZ8D,A240TNI0UGYBWG
B00Y11WBPQ,A240TNI0UGYBWG
B07BS3QRLC,A240TNI0UGYBWG
B0CP6X5RCV,A240TNI0UGYBWG
B0CNV8S7QK,A240TNI0UGYBWG
B0CNPDVD54,A240TNI0UGYBWG
B0CNGD4QT9,A240TNI0UGYBWG
B0CLXQ4VTT,A240TNI0UGYBWG
B0CLCK6S87,A240TNI0UGYBWG
B0CKQTJH31,A240TNI0UGYBWG
B0CKKXKV1K,A240TNI0UGYBWG
B0CJX3GCSW,A240TNI0UGYBWG
B0CHW2RVPF,A240TNI0UGYBWG
B0CHS2YMTK,A240TNI0UGYBWG
B0CGTN7RYM,A240TNI0UGYBWG
B0CGMYQLF5,A240TNI0UGYBWG
B0CDX4GH5M,A240TNI0UGYBWG
B0CDVWY2NR,A240TNI0UGYBWG
B0CDGV637P,A240TNI0UGYBWG
B08TM5XQ32,A240TNI0UGYBWG
B08R5JRXBW,A240TNI0UGYBWG
B08QRM2JZL,A240TNI0UGYBWG
B08QJ3YVY5,A240TNI0UGYBWG
B08PK5LZHS,A240TNI0UGYBWG
B08P4H72XR,A240TNI0UGYBWG
B08MSDPZBY,A240TNI0UGYBWG
B08MF4Q327,A240TNI0UGYBWG
B08H5MQRC4,A240TNI0UGYBWG
B08DHWGBLW,A240TNI0UGYBWG
B08CMS2KVB,A240TNI0UGYBWG
B08BZQXHB9,A240TNI0UGYBWG
B088N9NL9S,A240TNI0UGYBWG
B087YJ11DN,A240TNI0UGYBWG
B087JP4TC8,A240TNI0UGYBWG
B085VTQDHH,A240TNI0UGYBWG
B0CZLFRWNY,A240TNI0UGYBWG
B0CZLF576F,A240TNI0UGYBWG
B0CZ3WDH2T,A240TNI0UGYBWG
B0CYZWVL9H,A240TNI0UGYBWG
B0CYGVVL9K,A240TNI0UGYBWG
B0CYFMY3TG,A240TNI0UGYBWG
B0CXPQ6H68,A240TNI0UGYBWG
B0CX4MH1CB,A240TNI0UGYBWG
B0CX26BG4N,A240TNI0UGYBWG
B0CVSHJ484,A240TNI0UGYBWG
B0CTKV2SRL,A240TNI0UGYBWG
B0CT5V2ZHR,A240TNI0UGYBWG
B0CRSWL7PD,A240TNI0UGYBWG
B0CRR1Q1RN,A240TNI0UGYBWG
B0CR6CRRZ2,A240TNI0UGYBWG
B0CQTBL3QN,A240TNI0UGYBWG
B09LLQ7JLN,A240TNI0UGYBWG
B09JHL214N,A240TNI0UGYBWG
B09GF5ZGMS,A240TNI0UGYBWG
B09G6KZ41G,A240TNI0UGYBWG
B09G6JX2Z8,A240TNI0UGYBWG
B09FJHTMT2,A240TNI0UGYBWG
B09FHXPP1L,A240TNI0UGYBWG
B09BG6DN1R,A240TNI0UGYBWG
B099X9S8DF,A240TNI0UGYBWG
B099F3WWZ9,A240TNI0UGYBWG
B0995G9DFR,A240TNI0UGYBWG
B097P86G4X,A240TNI0UGYBWG
B0978T85XF,A240TNI0UGYBWG
B0971K99HH,A240TNI0UGYBWG
B096PNFG64,A240TNI0UGYBWG
B092JP5VFK,A240TNI0UGYBWG
B0C8RRPMDK,A240TNI0UGYBWG
B0C7Z8LQNX,A240TNI0UGYBWG
B0C7VYQ811,A240TNI0UGYBWG
B0C68G1C6Q,A240TNI0UGYBWG
B0C65RVY3T,A240TNI0UGYBWG
B0C5J99WLF,A240TNI0UGYBWG
B0C4YDR1K9,A240TNI0UGYBWG
B0C4DWFJ4W,A240TNI0UGYBWG
B0C4BFTPMP,A240TNI0UGYBWG
B0C49VK5Q7,A240TNI0UGYBWG
B0C3ZR6ZV1,A240TNI0UGYBWG
B0C2ZFHSS6,A240TNI0UGYBWG
B0C2GY9MTQ,A240TNI0UGYBWG
B0C27SSWVV,A240TNI0UGYBWG
B0BZWWKCKP,A240TNI0UGYBWG
B0BXPQR2G9,A240TNI0UGYBWG
B08ZMT7P9F,A240TNI0UGYBWG
B08XTGXV7B,A240TNI0UGYBWG
B08XBP9FXV,A240TNI0UGYBWG
B08WHBTT3B,A240TNI0UGYBWG
B08Q4843V6,A240TNI0UGYBWG
B08F7FNGQT,A240TNI0UGYBWG
B08DNN9YMY,A240TNI0UGYBWG
B08DHR5KN1,A240TNI0UGYBWG
B08CGT1X7V,A240TNI0UGYBWG
B08B5F19VV,A240TNI0UGYBWG
B088LLKVNS,A240TNI0UGYBWG
B086W93JS8,A240TNI0UGYBWG
B086QBQPDW,A240TNI0UGYBWG
B083QXP2MQ,A240TNI0UGYBWG
B083QNT3LT,A240TNI0UGYBWG
B08296NL56,A240TNI0UGYBWG
B07RWZQ56V,A240TNI0UGYBWG
B07RV5367Y,A240TNI0UGYBWG
B07RKPZVSS,A240TNI0UGYBWG
B07QCJHGDG,A240TNI0UGYBWG
B07Q1L1KPG,A240TNI0UGYBWG
B07NY81LDK,A240TNI0UGYBWG
B07KXVS6YL,A240TNI0UGYBWG
B07KSQ5V49,A240TNI0UGYBWG
B07KQHBNMP,A240TNI0UGYBWG
B07H8MQXZF,A240TNI0UGYBWG
B07FKKTRXL,A240TNI0UGYBWG
B07D3FM47T,A240TNI0UGYBWG
B078L4C9JX,A240TNI0UGYBWG
B0784Z9MQD,A240TNI0UGYBWG
B075TGH5VJ,A240TNI0UGYBWG
B01N6WFR1M,A240TNI0UGYBWG
B08296N3JC,A240TNI0UGYBWG
B07Z3TD8XG,A240TNI0UGYBWG
B07YLM7JZB,A240TNI0UGYBWG
B07YC4YLDW,A240TNI0UGYBWG
B07Y65HVZQ,A240TNI0UGYBWG
B07WSYP8XK,A240TNI0UGYBWG
B07WRKXP56,A240TNI0UGYBWG
B07WDJ15Q4,A240TNI0UGYBWG
B07WCCD4L2,A240TNI0UGYBWG
B07W3L466B,A240TNI0UGYBWG
B07VQLR6DT,A240TNI0UGYBWG
B07VCK9NY9,A240TNI0UGYBWG
B07V7XN2W1,A240TNI0UGYBWG
B07TQ69NW4,A240TNI0UGYBWG
B07TQ2FYR5,A240TNI0UGYBWG
B07S1CBW46,A240TNI0UGYBWG
B01CYVE2WE,A240TNI0UGYBWG
B00FOJN7KM,A240TNI0UGYBWG
B0084EXWP4,A240TNI0UGYBWG
B002XUL03Q,A240TNI0UGYBWG
B000STW45W,A240TNI0UGYBWG
B08JSKQ1KQ,A240TNI0UGYBWG
B08C7M64M3,A240TNI0UGYBWG
B0872LVBG7,A240TNI0UGYBWG
B0863D9Z2X,A240TNI0UGYBWG
B0832S6XF6,A240TNI0UGYBWG
B082TT3HQY,A240TNI0UGYBWG
B0828HT7QF,A240TNI0UGYBWG
B0828HFSNL,A240TNI0UGYBWG
B081YD4RDM,A240TNI0UGYBWG
B07Z6R55JV,A240TNI0UGYBWG
B07XRDMJ9T,A240TNI0UGYBWG
B07XG5N4SZ,A240TNI0UGYBWG
B07X61171H,A240TNI0UGYBWG
B07WMZQPFH,A240TNI0UGYBWG
B07VNQQ5PD,A240TNI0UGYBWG
B07SVV6K1H,A240TNI0UGYBWG
B07SPHRGFW,A240TNI0UGYBWG
B07RZ7CVM7,A240TNI0UGYBWG
B071JLBGSK,A240TNI0UGYBWG
B071HXJWD6,A240TNI0UGYBWG
B06XTTM632,A240TNI0UGYBWG
B01MS03014,A240TNI0UGYBWG
B01MQ11WKF,A240TNI0UGYBWG
B01M1SIVC8,A240TNI0UGYBWG
B01BDWPN5U,A240TNI0UGYBWG
B019OVVZZO,A240TNI0UGYBWG
B015ABMN6C,A240TNI0UGYBWG
B00VEDJF6M,A240TNI0UGYBWG
B00QPIGTJW,A240TNI0UGYBWG
B00P9QH5US,A240TNI0UGYBWG
B00A2W35OY,A240TNI0UGYBWG
B0017YKMNS,A240TNI0UGYBWG
B0007RRGUI,A240TNI0UGYBWG
B08L8M7S22,A240TNI0UGYBWG
B0DHH12DKQ,A240TNI0UGYBWG
B0DHDH7CKQ,A240TNI0UGYBWG
B0DGYM4F4K,A240TNI0UGYBWG
B0DG6NGFDK,A240TNI0UGYBWG
B0DFG4NVB1,A240TNI0UGYBWG
B0DDT4XSH9,A240TNI0UGYBWG
B0DDH5P3N1,A240TNI0UGYBWG
B0DCN4C54H,A240TNI0UGYBWG
B0DCJPVB72,A240TNI0UGYBWG
B0D9QPV67W,A240TNI0UGYBWG
B0D8J28BFX,A240TNI0UGYBWG
B0D42FHH8K,A240TNI0UGYBWG
B0D41GK32Z,A240TNI0UGYBWG
B0D3PVJPY7,A240TNI0UGYBWG
B0D2DJJXJF,A240TNI0UGYBWG
B0D2CN53YK,A240TNI0UGYBWG
B0DC6KLX12,A240TNI0UGYBWG
B0DBG6YGMN,A240TNI0UGYBWG
B0D9Y4W6TH,A240TNI0UGYBWG
B0D93KFNNH,A240TNI0UGYBWG
B0D7595TFX,A240TNI0UGYBWG
B0D6TB36DH,A240TNI0UGYBWG
B0D3TM5DTX,A240TNI0UGYBWG
B0D3QHKHGQ,A240TNI0UGYBWG
B0D3B5H2PG,A240TNI0UGYBWG
B0D25MNBTF,A240TNI0UGYBWG
B0D1V8KJ8B,A240TNI0UGYBWG
B0D1MV98ZV,A240TNI0UGYBWG
B0D1M9Q9MM,A240TNI0UGYBWG
B0D1JWD9JG,A240TNI0UGYBWG
B0D1BWMN94,A240TNI0UGYBWG
B0D17GLXF8,A240TNI0UGYBWG
B0CS9S61F7,A240TNI0UGYBWG
B0CRKW4TJG,A240TNI0UGYBWG
B0CRDN4BC3,A240TNI0UGYBWG
B0CQLS5YQ2,A240TNI0UGYBWG
B0CPJ8FR5C,A240TNI0UGYBWG
B0CNSMDYJX,A240TNI0UGYBWG
B0CNBKL4PP,A240TNI0UGYBWG
B0CN33RJWG,A240TNI0UGYBWG
B0CMQY216X,A240TNI0UGYBWG
B0CLXQ8TZ3,A240TNI0UGYBWG
B0CJTXNX5D,A240TNI0UGYBWG
B0CJJBVGLW,A240TNI0UGYBWG
B0CJDTV53X,A240TNI0UGYBWG
B0CGTN8DGZ,A240TNI0UGYBWG
B0CGDG9N85,A240TNI0UGYBWG
B0CG9C3CM2,A240TNI0UGYBWG
B0BXLCS6XB,A240TNI0UGYBWG
B0BW8XH966,A240TNI0UGYBWG
B0BV5YZMQ7,A240TNI0UGYBWG
B0BTCT7WWV,A240TNI0UGYBWG
B0BT52LPV7,A240TNI0UGYBWG
B0BRQ3VZHL,A240TNI0UGYBWG
B0BQRF2TS9,A240TNI0UGYBWG
B0BQHVHVH7,A240TNI0UGYBWG
B0BQ6DT2CV,A240TNI0UGYBWG
B0BNHD5HPR,A240TNI0UGYBWG
B0BN7PS9S2,A240TNI0UGYBWG
B0BMVC6B1L,A240TNI0UGYBWG
B0BM8YB6JX,A240TNI0UGYBWG
B0BLYVK3HX,A240TNI0UGYBWG
B0BLYMH5N6,A240TNI0UGYBWG
B0BL7M8XZK,A240TNI0UGYBWG
B0D259474S,A240TNI0UGYBWG
B0D1C11V2X,A240TNI0UGYBWG
B0D1426ZXL,A240TNI0UGYBWG
B0CYP87JWP,A240TNI0UGYBWG
B0CY23WGJY,A240TNI0UGYBWG
B0CY1V47RF,A240TNI0UGYBWG
B0CXSFWGJY,A240TNI0UGYBWG
B0CXQ4V48R,A240TNI0UGYBWG
B0CX18KSPT,A240TNI0UGYBWG
B0CWNMZVFT,A240TNI0UGYBWG
B0CWLD59WV,A240TNI0UGYBWG
B0CW2GW77B,A240TNI0UGYBWG
B0CVZYZJ3K,A240TNI0UGYBWG
B0CVQHFSGF,A240TNI0UGYBWG
B0CTMMTQCF,A240TNI0UGYBWG
B0CSZ66PRB,A240TNI0UGYBWG
B0BL2LL4FC,A240TNI0UGYBWG
B0BJDR5QDJ,A240TNI0UGYBWG
B0BD4ZGP3N,A240TNI0UGYBWG
B0BCW6G35P,A240TNI0UGYBWG
B0B9T1XNNT,A240TNI0UGYBWG
B0B8H1B355,A240TNI0UGYBWG
B0B7SNB95K,A240TNI0UGYBWG
B0B76YW2NQ,A240TNI0UGYBWG
B0B5L4GDGC,A240TNI0UGYBWG
B0B58TRMJQ,A240TNI0UGYBWG
B0B3WGMJ2T,A240TNI0UGYBWG
B0B313XHJK,A240TNI0UGYBWG
B0B28Q3P7F,A240TNI0UGYBWG
B09ZV6Y6PF,A240TNI0UGYBWG
B09XY4W5QW,A240TNI0UGYBWG
B09XR4MYB6,A240TNI0UGYBWG
B07YZHYDMY,A240TNI0UGYBWG
B0836F7CJY,A240TNI0UGYBWG
B08XC5DQ3W,A240TNI0UGYBWG
B09Q5R3H2R,A240TNI0UGYBWG
B09PXYYGDG,A240TNI0UGYBWG
B09P88LS71,A240TNI0UGYBWG
B09NY46CTN,A240TNI0UGYBWG
B09NJKQCLH,A240TNI0UGYBWG
B09LM58XND,A240TNI0UGYBWG
B09K3ZQ858,A240TNI0UGYBWG
B09JNQDY35,A240TNI0UGYBWG
B09HMSMB42,A240TNI0UGYBWG
B09HBWM295,A240TNI0UGYBWG
B09CYFH3SG,A240TNI0UGYBWG
B09CYC3Q4W,A240TNI0UGYBWG
B09BZFZ9F8,A240TNI0UGYBWG
B09B8LTD3V,A240TNI0UGYBWG
B099ZC51JR,A240TNI0UGYBWG
B095YDY1QD,A240TNI0UGYBWG
B0BZ4NW5T8,A240TNI0UGYBWG
B0BYZ9S14K,A240TNI0UGYBWG
B0BW5NCDHC,A240TNI0UGYBWG
B0BVHYYBZ8,A240TNI0UGYBWG
B0BSVBBDFL,A240TNI0UGYBWG
B0BRPVLWZK,A240TNI0UGYBWG
B0BQRW6S3B,A240TNI0UGYBWG
B0BPX4VNGF,A240TNI0UGYBWG
B0BNCYFMDJ,A240TNI0UGYBWG
B0BN5LZ54H,A240TNI0UGYBWG
B0BN1KLW4F,A240TNI0UGYBWG
B0BLTRPKVJ,A240TNI0UGYBWG
B0BKXS9ZVH,A240TNI0UGYBWG
B0BJFHTYHS,A240TNI0UGYBWG
B0BGHTHB53,A240TNI0UGYBWG
B0BGHNRYTG,A240TNI0UGYBWG
B082CPZX7B,A240TNI0UGYBWG
B08178NHRM,A240TNI0UGYBWG
B0815R3SVM,A240TNI0UGYBWG
B07YHQZ42D,A240TNI0UGYBWG
B07WLNCWCY,A240TNI0UGYBWG
B07VHMQZYD,A240TNI0UGYBWG
B07V2P5PR1,A240TNI0UGYBWG
B07HVP6QVW,A240TNI0UGYBWG
B07C1F7R4D,A240TNI0UGYBWG
B078DF19KV,A240TNI0UGYBWG
B0755FQB1N,A240TNI0UGYBWG
B074KP1V4Y,A240TNI0UGYBWG
B074C1NQGJ,A240TNI0UGYBWG
B0748GLJW7,A240TNI0UGYBWG
B073Q3B3WF,A240TNI0UGYBWG
B071LL2FDK,A240TNI0UGYBWG
B0944YY9VB,A240TNI0UGYBWG
B092R7C3W2,A240TNI0UGYBWG
B08X6Z85RZ,A240TNI0UGYBWG
B08T9FP4KP,A240TNI0UGYBWG
B08QR6XL3F,A240TNI0UGYBWG
B08N676BJJ,A240TNI0UGYBWG
B08MT9G42F,A240TNI0UGYBWG
B08L7MD7DY,A240TNI0UGYBWG
B08KSNZ486,A240TNI0UGYBWG
B089VWBVZL,A240TNI0UGYBWG
B087TQ3PK9,A240TNI0UGYBWG
B087BXX9XD,A240TNI0UGYBWG
B084JFPPDX,A240TNI0UGYBWG
B083ZJBY4C,A240TNI0UGYBWG
B0833R78ZV,A240TNI0UGYBWG
B082J8QZ4T,A240TNI0UGYBWG
B09X69BC4N,A240TNI0UGYBWG
B09WSVPZ4M,A240TNI0UGYBWG
B09VYZWJ7H,A240TNI0UGYBWG
B09VBH6ZGZ,A240TNI0UGYBWG
B09VBFMYK9,A240TNI0UGYBWG
B09TWR5G7F,A240TNI0UGYBWG
B09TT73LL1,A240TNI0UGYBWG
B09TNR44Z2,A240TNI0UGYBWG
B09TDXT9JM,A240TNI0UGYBWG
B09SZBCB5L,A240TNI0UGYBWG
B09SRZTMBM,A240TNI0UGYBWG
B09QFS1BWY,A240TNI0UGYBWG
B09Q8CM1BT,A240TNI0UGYBWG
B09PNS3G7H,A240TNI0UGYBWG
B09PBQG7HP,A240TNI0UGYBWG
B09NZ7R42M,A240TNI0UGYBWG
B071LBXGCH,A240TNI0UGYBWG
B01LFQ93F0,A240TNI0UGYBWG
B01869JXMW,A240TNI0UGYBWG
B00WRC1I1Y,A240TNI0UGYBWG
B00V0OJ59C,A240TNI0UGYBWG
B00JT4VP3Y,A240TNI0UGYBWG
B00JJ1FB28,A240TNI0UGYBWG
B00CIVYWWQ,A240TNI0UGYBWG
B001MBL4NI,A240TNI0UGYBWG
B0BCVXL7S9,A240TNI0UGYBWG
B09J4ZPH1J,A240TNI0UGYBWG
B0058U67S6,A240TNI0UGYBWG
B0DJC42CHD,A240TNI0UGYBWG
B0DHGX6HLJ,A240TNI0UGYBWG
B0DF4RWPFR,A240TNI0UGYBWG
B0DC5ZZCBY,A240TNI0UGYBWG
B0DBQCVWW1,A240TNI0UGYBWG
B0D9XXRVCM,A240TNI0UGYBWG
B0D9VM8WXV,A240TNI0UGYBWG
B0D9VF1RX5,A240TNI0UGYBWG
B0D9LRD2RG,A240TNI0UGYBWG
B0D8PJZ87J,A240TNI0UGYBWG
B0D8B6L1FW,A240TNI0UGYBWG
B0D7ZS7RX4,A240TNI0UGYBWG
B0D6YTG1PW,A240TNI0UGYBWG
B0D6R1MRGC,A240TNI0UGYBWG
B0D5Y8KW5M,A240TNI0UGYBWG
B0D5RDQ778,A240TNI0UGYBWG
B0CS3W4C24,A240TNI0UGYBWG
B0CS3CW2MT,A240TNI0UGYBWG
B0CRTNGM72,A240TNI0UGYBWG
B0CR3S6K66,A240TNI0UGYBWG
B0CQZPJWPN,A240TNI0UGYBWG
B0CQRM9PKH,A240TNI0UGYBWG
B0CQ8H81QM,A240TNI0UGYBWG
B0CPSFKHXS,A240TNI0UGYBWG
B0CPF8RD8S,A240TNI0UGYBWG
B0CP97J357,A240TNI0UGYBWG
B0CP23PSCJ,A240TNI0UGYBWG
B0CNW87C79,A240TNI0UGYBWG
B0CNRYG7T4,A240TNI0UGYBWG
B0CMM9BBSF,A240TNI0UGYBWG
B0CMH6ZDWT,A240TNI0UGYBWG
B0CM2Y4LQY,A240TNI0UGYBWG
B0D546WFLY,A240TNI0UGYBWG
B0D4LQGLCW,A240TNI0UGYBWG
B0D1Y3179V,A240TNI0UGYBWG
B0D1RCGQJG,A240TNI0UGYBWG
B0CZP2YMQ3,A240TNI0UGYBWG
B0CZNRS4YX,A240TNI0UGYBWG
B0CZL6J7V2,A240TNI0UGYBWG
B0CZ7J6C33,A240TNI0UGYBWG
B0CYLRGWF3,A240TNI0UGYBWG
B0CY23K47M,A240TNI0UGYBWG
B0CXSPQH1R,A240TNI0UGYBWG
B0CX97NYVC,A240TNI0UGYBWG
B0CX4L71N1,A240TNI0UGYBWG
B0CTM6MTXV,A240TNI0UGYBWG
B0CT9LJQ13,A240TNI0UGYBWG
B0CSSSWQLV,A240TNI0UGYBWG
B0BFKM1W39,A240TNI0UGYBWG
B0BC59GYJ5,A240TNI0UGYBWG
B0BBHJ3MYK,A240TNI0UGYBWG
B0B8MZZ37D,A240TNI0UGYBWG
B0B7JSTF7Z,A240TNI0UGYBWG
B0B6Z9H64N,A240TNI0UGYBWG
B0B5G754VT,A240TNI0UGYBWG
B0B4W4DPJ8,A240TNI0UGYBWG
B0B4C9L9B2,A240TNI0UGYBWG
B0B45RSKYG,A240TNI0UGYBWG
B0B427PS5Y,A240TNI0UGYBWG
B0B2LCGFD3,A240TNI0UGYBWG
B0B1GMBS94,A240TNI0UGYBWG
B09ZNX68BL,A240TNI0UGYBWG
B09W3699HP,A240TNI0UGYBWG
B09QKGS6QF,A240TNI0UGYBWG
B0C4XCXQN6,A240TNI0UGYBWG
B0C4LSBHL9,A240TNI0UGYBWG
B0C49ZDGB6,A240TNI0UGYBWG
B0C49L2GYJ,A240TNI0UGYBWG
B0C3CYH8Z6,A240TNI0UGYBWG
B0C3CVG8XZ,A240TNI0UGYBWG
B0C2TVVLKL,A240TNI0UGYBWG
B0C2MKV2GX,A240TNI0UGYBWG
B0C1ZBYVT6,A240TNI0UGYBWG
B0BYVPRK27,A240TNI0UGYBWG
B0BX3TLBXD,A240TNI0UGYBWG
B0BWLSR1J6,A240TNI0UGYBWG
B0BW3FDCD1,A240TNI0UGYBWG
B0BVZ456C8,A240TNI0UGYBWG
B0BVZ2XRFZ,A240TNI0UGYBWG
B0BS8JPC8C,A240TNI0UGYBWG
B0BRG61Q4Q,A240TNI0UGYBWG
B0BQ71FQQM,A240TNI0UGYBWG
B0BK3BYQC2,A240TNI0UGYBWG
B0BJ7TZ9MW,A240TNI0UGYBWG
B0BJ6P5HRX,A240TNI0UGYBWG
B0BGBLDLBT,A240TNI0UGYBWG
B0BG25KDYX,A240TNI0UGYBWG
B0BDQR5Q83,A240TNI0UGYBWG
B0BCTTGWND,A240TNI0UGYBWG
B0BC8ZV4S1,A240TNI0UGYBWG
B0B9HKSXLN,A240TNI0UGYBWG
B0B99F6YFY,A240TNI0UGYBWG
B0B8V4WZL8,A240TNI0UGYBWG
B0B8M5F6L1,A240TNI0UGYBWG
B0B8DM4GWD,A240TNI0UGYBWG
B0B7RZ6V57,A240TNI0UGYBWG
B0CF8Z2VTH,A240TNI0UGYBWG
B0CDXTBPRF,A240TNI0UGYBWG
B0CDLWTRHL,A240TNI0UGYBWG
B0CDK8L5QW,A240TNI0UGYBWG
B0CDHQF9SB,A240TNI0UGYBWG
B0CDFSRS68,A240TNI0UGYBWG
B0CC6J88JN,A240TNI0UGYBWG
B0C9DTCJVW,A240TNI0UGYBWG
B0C7Z1F5W9,A240TNI0UGYBWG
B0C7H7TQQN,A240TNI0UGYBWG
B0C68B7QGT,A240TNI0UGYBWG
B0C4PRFZR1,A240TNI0UGYBWG
B0C4DWTK3W,A240TNI0UGYBWG
B0C4DFR9ZP,A240TNI0UGYBWG
B0C3LX423Y,A240TNI0UGYBWG
B0C2TZXHSB,A240TNI0UGYBWG
B09BNCQ4DW,A240TNI0UGYBWG
B099ZCDL4X,A240TNI0UGYBWG
B098NW27C6,A240TNI0UGYBWG
B095PCW7B4,A240TNI0UGYBWG
B095H83WS1,A240TNI0UGYBWG
B094HZ18WL,A240TNI0UGYBWG
B0946588D9,A240TNI0UGYBWG
B093RX5NJD,A240TNI0UGYBWG
B092V9PTKP,A240TNI0UGYBWG
B091BT9G38,A240TNI0UGYBWG
B08ZKR1K3G,A240TNI0UGYBWG
B08YDV5B7L,A240TNI0UGYBWG
B08X72TTBH,A240TNI0UGYBWG
B08R1K8P3H,A240TNI0UGYBWG
B08MW28BD9,A240TNI0UGYBWG
B08JM24T2Z,A240TNI0UGYBWG
B07T917GMZ,A240TNI0UGYBWG
B07T8TQJRV,A240TNI0UGYBWG
B07S1DKXFK,A240TNI0UGYBWG
B07RYDHYQ1,A240TNI0UGYBWG
B07QRPHLCD,A240TNI0UGYBWG
B07MHWZTLH,A240TNI0UGYBWG
B07JGRMGQW,A240TNI0UGYBWG
B07J48CZYR,A240TNI0UGYBWG
B07FS71YJQ,A240TNI0UGYBWG
B07DP62V67,A240TNI0UGYBWG
B07D18QW1F,A240TNI0UGYBWG
B07CJ96GYL,A240TNI0UGYBWG
B07BL3Y5R5,A240TNI0UGYBWG
B079HN7YJ2,A240TNI0UGYBWG
B0797GYQWD,A240TNI0UGYBWG
B076TDRG1C,A240TNI0UGYBWG
B08JJWLWKD,A240TNI0UGYBWG
B08GS5YZ4B,A240TNI0UGYBWG
B08FQQSQMV,A240TNI0UGYBWG
B08FM4YTD9,A240TNI0UGYBWG
B08CRHMFSR,A240TNI0UGYBWG
B0899T9QYL,A240TNI0UGYBWG
B0892HC993,A240TNI0UGYBWG
B088WMTLCB,A240TNI0UGYBWG
B087QMBS3B,A240TNI0UGYBWG
B082BBL14X,A240TNI0UGYBWG
B0818K6LN1,A240TNI0UGYBWG
B07Z3DN4RN,A240TNI0UGYBWG
B07XQD55M9,A240TNI0UGYBWG
B07XD29KG2,A240TNI0UGYBWG
B07V2ZYNX8,A240TNI0UGYBWG
B07TDLQGKC,A240TNI0UGYBWG
B0B5D1WBV6,A240TNI0UGYBWG
B0B3MPX6SZ,A240TNI0UGYBWG
B09Y93Z185,A240TNI0UGYBWG
B09WTHV2RH,A240TNI0UGYBWG
B09WK484QS,A240TNI0UGYBWG
B09TWDFK6M,A240TNI0UGYBWG
B09QXDM1ZH,A240TNI0UGYBWG
B09NNMH96B,A240TNI0UGYBWG
B09NDK9QXR,A240TNI0UGYBWG
B09N777H4Q,A240TNI0UGYBWG
B09MJX4SP8,A240TNI0UGYBWG
B09LS5L6JL,A240TNI0UGYBWG
B09JFYX1Y7,A240TNI0UGYBWG
B09D2BZSBP,A240TNI0UGYBWG
B09CMTGRT8,A240TNI0UGYBWG
B09CMLJQN7,A240TNI0UGYBWG
B0CR2W7456,A240TNI0UGYBWG
B0CQYDNLZY,A240TNI0UGYBWG
B0CQV3XN3T,A240TNI0UGYBWG
B0CQCSMFM8,A240TNI0UGYBWG
B0CPJ5KY81,A240TNI0UGYBWG
B0CP6VMFPH,A240TNI0UGYBWG
B0CN2V23Q7,A240TNI0UGYBWG
B0CLYS1JZT,A240TNI0UGYBWG
B0CL23ZYHH,A240TNI0UGYBWG
B0CKMVVDF8,A240TNI0UGYBWG
B0CJ2XQXTS,A240TNI0UGYBWG
B0CHMLC28X,A240TNI0UGYBWG
B0CGXX5Y3K,A240TNI0UGYBWG
B0CG7RZDBL,A240TNI0UGYBWG
B0CG1T15WB,A240TNI0UGYBWG
B0CDL9X4SN,A240TNI0UGYBWG
B0CK1PHSLJ,A240TNI0UGYBWG
B0CJTYZ99C,A240TNI0UGYBWG
B0CHFFPGS3,A240TNI0UGYBWG
B0CHF62QGF,A240TNI0UGYBWG
B0CDC6VRC6,A240TNI0UGYBWG
B0CCHRVXMZ,A240TNI0UGYBWG
B0CB993LTC,A240TNI0UGYBWG
B0CB41VGFV,A240TNI0UGYBWG
B0CB12YDM4,A240TNI0UGYBWG
B0C8T64C6Y,A240TNI0UGYBWG
B0C6XCJFST,A240TNI0UGYBWG
B0C6V4JXMT,A240TNI0UGYBWG
B0C65R7HN8,A240TNI0UGYBWG
B0C5S4CH4Z,A240TNI0UGYBWG
B0C5D6CRDY,A240TNI0UGYBWG
B0C4XMSSF1,A240TNI0UGYBWG
B0D1YCJ1G2,A240TNI0UGYBWG
B0D1TR9XBX,A240TNI0UGYBWG
B0D1KM7T3T,A240TNI0UGYBWG
B0CZKRSF14,A240TNI0UGYBWG
B0CZF47WWC,A240TNI0UGYBWG
B0CZ8HSVRJ,A240TNI0UGYBWG
B0CZ3VDD2J,A240TNI0UGYBWG
B0CYPZ3632,A240TNI0UGYBWG
B0CXJBV75F,A240TNI0UGYBWG
B0CXD3D9NK,A240TNI0UGYBWG
B0CXCP4BPQ,A240TNI0UGYBWG
B0CWYNZQYM,A240TNI0UGYBWG
B0CVZ9Z8CB,A240TNI0UGYBWG
B0CSDBRTMF,A240TNI0UGYBWG
B0CSCRCRND,A240TNI0UGYBWG
B0CSBPDZQ1,A240TNI0UGYBWG
B0BHVSHM6D,A240TNI0UGYBWG
B0BHNDP2SH,A240TNI0UGYBWG
B0BF527HKG,A240TNI0UGYBWG
B0BDL6RLBZ,A240TNI0UGYBWG
B0BC4367XR,A240TNI0UGYBWG
B0B9S996LG,A240TNI0UGYBWG
B0B9JDS7PJ,A240TNI0UGYBWG
B0B914ZFCY,A240TNI0UGYBWG
B0B8R6RRPX,A240TNI0UGYBWG
B0B8DBJPN4,A240TNI0UGYBWG
B0B7WSV8BK,A240TNI0UGYBWG
B0B7WSK9HM,A240TNI0UGYBWG
B0B7WSBWH8,A240TNI0UGYBWG
B0B4N5KN1X,A240TNI0UGYBWG
B0B4D1W949,A240TNI0UGYBWG
B0B28RV924,A240TNI0UGYBWG
B0BY293ZD4,A240TNI0UGYBWG
B0BX8ZGWCG,A240TNI0UGYBWG
B0BX79DRST,A240TNI0UGYBWG
B0BWRQ31HX,A240TNI0UGYBWG
B0BWF44T9M,A240TNI0UGYBWG
B0BW95LDZL,A240TNI0UGYBWG
B0BVZG39D4,A240TNI0UGYBWG
B0BT9WKVBM,A240TNI0UGYBWG
B0BSTB9D9Y,A240TNI0UGYBWG
B0BR7NPCG4,A240TNI0UGYBWG
B0BR43486X,A240TNI0UGYBWG
B0BPY2YT34,A240TNI0UGYBWG
B0BPLLCFSD,A240TNI0UGYBWG
B0BNKQKKYK,A240TNI0UGYBWG
B0BMM9VPYF,A240TNI0UGYBWG
B0BJD39TJC,A240TNI0UGYBWG
B09CKKYK3C,A240TNI0UGYBWG
B09BZCRLBQ,A240TNI0UGYBWG
B097RQFK2L,A240TNI0UGYBWG
B09784RS2P,A240TNI0UGYBWG
B09719SCGR,A240TNI0UGYBWG
B095XSQMGM,A240TNI0UGYBWG
B08YN43H7K,A240TNI0UGYBWG
B08XVBJG7F,A240TNI0UGYBWG
B08T9B1KPJ,A240TNI0UGYBWG
B08SWG74L1,A240TNI0UGYBWG
B08QTZ2NRZ,A240TNI0UGYBWG
B08Q76SB1V,A240TNI0UGYBWG
B08P36JXM9,A240TNI0UGYBWG
B08NXCY98N,A240TNI0UGYBWG
B08N695D6J,A240TNI0UGYBWG
B08MBYHNFV,A240TNI0UGYBWG
B073QGFC18,A240TNI0UGYBWG
B01MRVQLSB,A240TNI0UGYBWG
B01IRDE62E,A240TNI0UGYBWG
B000P0KBH2,A240TNI0UGYBWG
B07HPX675D,A240TNI0UGYBWG
B09H4MPVCJ,A240TNI0UGYBWG
B09GF5P3WJ,A240TNI0UGYBWG
B09F9FXGJR,A240TNI0UGYBWG
B09CDMV6PL,A240TNI0UGYBWG
B09C5RNC25,A240TNI0UGYBWG
B09BYX1MY8,A240TNI0UGYBWG
B09B5BSTWT,A240TNI0UGYBWG
B097ZLD5H3,A240TNI0UGYBWG
B09637SQKC,A240TNI0UGYBWG
B095MVQPXD,A240TNI0UGYBWG
B094VH95H3,A240TNI0UGYBWG
B091YKZ3XJ,A240TNI0UGYBWG
B0915S95G2,A240TNI0UGYBWG
B08ZMGX6FT,A240TNI0UGYBWG
B08YX7KY74,A240TNI0UGYBWG
B08YNNZVTQ,A240TNI0UGYBWG
B07Y5T2PYM,A240TNI0UGYBWG
B07XL34Y1G,A240TNI0UGYBWG
B07WH6857N,A240TNI0UGYBWG
B07W2X81R6,A240TNI0UGYBWG
B07T3FJL6S,A240TNI0UGYBWG
B07RYVQ9P9,A240TNI0UGYBWG
B07RR7D2VK,A240TNI0UGYBWG
B07RQRZMYR,A240TNI0UGYBWG
B07Q2X7VLT,A240TNI0UGYBWG
B07NSTP3PB,A240TNI0UGYBWG
B07MDYMY7Z,A240TNI0UGYBWG
B07H26SK2J,A240TNI0UGYBWG
B07GN28926,A240TNI0UGYBWG
B07FV1G3W3,A240TNI0UGYBWG
B07DNFFV2F,A240TNI0UGYBWG
B07DFKHWGN,A240TNI0UGYBWG
B0CCY779VZ,A240TNI0UGYBWG
B0CCS59N8D,A240TNI0UGYBWG
B0CCL53HGP,A240TNI0UGYBWG
B0CB88XBYW,A240TNI0UGYBWG
B0C76RLJRC,A240TNI0UGYBWG
B0C68CVWSK,A240TNI0UGYBWG
B0C67QD9S4,A240TNI0UGYBWG
B0C4PV5M1W,A240TNI0UGYBWG
B0C4HSRM1M,A240TNI0UGYBWG
B0C49GM9VK,A240TNI0UGYBWG
B0C3JX38CJ,A240TNI0UGYBWG
B0C27DZN79,A240TNI0UGYBWG
B0C1T7TMHR,A240TNI0UGYBWG
B0C14BFH4V,A240TNI0UGYBWG
B0C13BBP5G,A240TNI0UGYBWG
B0BZZ7SFZ1,A240TNI0UGYBWG
B0DK1548SY,A240TNI0UGYBWG
B0DJVGKQG6,A240TNI0UGYBWG
B0DJDKCKZH,A240TNI0UGYBWG
B0DGQDF6CD,A240TNI0UGYBWG
B0DFH7KRKS,A240TNI0UGYBWG
B0DCYBTGGV,A240TNI0UGYBWG
B0D95FTGCM,A240TNI0UGYBWG
B0D8J1XXNJ,A240TNI0UGYBWG
B0D66X4416,A240TNI0UGYBWG
B0D5Y5L6GB,A240TNI0UGYBWG
B0D547P586,A240TNI0UGYBWG
B0D4MB8QQC,A240TNI0UGYBWG
B0D41ZMDK5,A240TNI0UGYBWG
B0D3X38L4L,A240TNI0UGYBWG
B0D2JB2LY4,A240TNI0UGYBWG
B0D2DKP4C3,A240TNI0UGYBWG
B001DU4XPY,A240TNI0UGYBWG
B000SL08RG,A240TNI0UGYBWG
B000CC9ERQ,A240TNI0UGYBWG
B0C3ZW2Y1M,A240TNI0UGYBWG
B09ZB78BRJ,A240TNI0UGYBWG
B07XTLXGPF,A240TNI0UGYBWG
B07D3CXKC2,A240TNI0UGYBWG
B079RQK621,A240TNI0UGYBWG
B078ZCTN4V,A240TNI0UGYBWG
B077KK7JNR,A240TNI0UGYBWG
B0776HRGY9,A240TNI0UGYBWG
B076C29DDP,A240TNI0UGYBWG
B075SR1BFL,A240TNI0UGYBWG
B06XYJ3TY2,A240TNI0UGYBWG
B06XYFDTM5,A240TNI0UGYBWG
B06XSJC2DB,A240TNI0UGYBWG
B01MU8YZI9,A240TNI0UGYBWG
B01JPTUMYK,A240TNI0UGYBWG
B01IW9N6Q0,A240TNI0UGYBWG
B01CCI6WF4,A240TNI0UGYBWG
B00OQEJNCM,A240TNI0UGYBWG
B00CW0O31S,A240TNI0UGYBWG
B0DBH7M1Y5,A240TNI0UGYBWG
B0D9BFK58N,A240TNI0UGYBWG
B0D99TVNQ9,A240TNI0UGYBWG
B0D93TW6KZ,A240TNI0UGYBWG
B0D8J61TDM,A240TNI0UGYBWG
B0D8GQY2RP,A240TNI0UGYBWG
B0D8BBM3D2,A240TNI0UGYBWG
B0D6B1CRPY,A240TNI0UGYBWG
B0D58C6NCY,A240TNI0UGYBWG
B0D378SJMG,A240TNI0UGYBWG
B0D2MMRDN3,A240TNI0UGYBWG
B0D2KM9B6V,A240TNI0UGYBWG
B0D2JD6L47,A240TNI0UGYBWG
B0D1TQ579Q,A240TNI0UGYBWG
B0D12W82DG,A240TNI0UGYBWG
B0CZQGKJ3K,A240TNI0UGYBWG
B0CGD9523G,A240TNI0UGYBWG
B0CFFL136G,A240TNI0UGYBWG
B0CDZHXCPW,A240TNI0UGYBWG
B0CDBVC1W7,A240TNI0UGYBWG
B0CCCPL672,A240TNI0UGYBWG
B0CBTLW394,A240TNI0UGYBWG
B0CBL5VKLV,A240TNI0UGYBWG
B0CBK53YL8,A240TNI0UGYBWG
B0C8HR71Z4,A240TNI0UGYBWG
B0C8BPXSTF,A240TNI0UGYBWG
B0C7R25898,A240TNI0UGYBWG
B0C7CGWNG2,A240TNI0UGYBWG
B0C6LFBWBV,A240TNI0UGYBWG
B0C65HFLDL,A240TNI0UGYBWG
B0C5XQJG4C,A240TNI0UGYBWG
B0C5R3T59Z,A240TNI0UGYBWG
B0B1ZPBYL9,A240TNI0UGYBWG
B0B185VF76,A240TNI0UGYBWG
B0B12VFLMS,A240TNI0UGYBWG
B09ZTP9DY1,A240TNI0UGYBWG
B09YH4L9ZX,A240TNI0UGYBWG
B09XQ1RSXW,A240TNI0UGYBWG
B09WZ3CH7J,A240TNI0UGYBWG
B09WCKCYHK,A240TNI0UGYBWG
B09W2CDDCH,A240TNI0UGYBWG
B09V2PFHBG,A240TNI0UGYBWG
B09R9RRZPP,A240TNI0UGYBWG
B09Q8JXS2Y,A240TNI0UGYBWG
B09MFJDJMK,A240TNI0UGYBWG
B09H65VZRS,A240TNI0UGYBWG
B09F9VFR8W,A240TNI0UGYBWG
B09F6MKZ5P,A240TNI0UGYBWG
B08FR57DS8,A240TNI0UGYBWG
B08DHNSPHH,A240TNI0UGYBWG
B08CZPVLHV,A240TNI0UGYBWG
B08CNFD9V7,A240TNI0UGYBWG
B08CD9XRJW,A240TNI0UGYBWG
B08C546HHK,A240TNI0UGYBWG
B088ZD563P,A240TNI0UGYBWG
B088YF4ZK7,A240TNI0UGYBWG
B087KYLFDP,A240TNI0UGYBWG
B08741FSWM,A240TNI0UGYBWG
B086Q3R6V8,A240TNI0UGYBWG
B0842FJWFP,A240TNI0UGYBWG
B083S8PPXW,A240TNI0UGYBWG
B0836DY369,A240TNI0UGYBWG
B0824T373M,A240TNI0UGYBWG
B07YZN3XD5,A240TNI0UGYBWG
B0BKJMXZ1S,A240TNI0UGYBWG
B0BJJ4KLJM,A240TNI0UGYBWG
B0BHZZN4V9,A240TNI0UGYBWG
B0BHNCHJRC,A240TNI0UGYBWG
B0BHKM9T88,A240TNI0UGYBWG
B0BG44CTNV,A240TNI0UGYBWG
B0BFDBL5HW,A240TNI0UGYBWG
B0BCXCMNDV,A240TNI0UGYBWG
B0BBV67MYC,A240TNI0UGYBWG
B0B9RNTQRX,A240TNI0UGYBWG
B0B8DN5K7W,A240TNI0UGYBWG
B0B7DBT61S,A240TNI0UGYBWG
B0B6T1G193,A240TNI0UGYBWG
B0B5QWXPW7,A240TNI0UGYBWG
B0B5QM1F7P,A240TNI0UGYBWG
B0B5DR22JK,A240TNI0UGYBWG
B0B4TXZPD3,A240TNI0UGYBWG
B0B3QSPC6B,A240TNI0UGYBWG
B0B35WD9J7,A240TNI0UGYBWG
B0B24VFT8Y,A240TNI0UGYBWG
B0B1H8S1M1,A240TNI0UGYBWG
B09ZV4VLC4,A240TNI0UGYBWG
B09ZS9C3J1,A240TNI0UGYBWG
B09YY9SQPY,A240TNI0UGYBWG
B09YC8NR3R,A240TNI0UGYBWG
B09XYRLCTM,A240TNI0UGYBWG
B09X9KWQ4B,A240TNI0UGYBWG
B09VXXJF8Q,A240TNI0UGYBWG
B09VBV9CGW,A240TNI0UGYBWG
B09V7MF34H,A240TNI0UGYBWG
B09RNCN2GT,A240TNI0UGYBWG
B09PYW9NWY,A240TNI0UGYBWG
B095SR72CR,A240TNI0UGYBWG
B09347B5C5,A240TNI0UGYBWG
B092ZM44VX,A240TNI0UGYBWG
B092L9RB4B,A240TNI0UGYBWG
B08ZMTRL59,A240TNI0UGYBWG
B08YXZLDTY,A240TNI0UGYBWG
B08XHY37ZW,A240TNI0UGYBWG
B08VF8J5NJ,A240TNI0UGYBWG
B08SBSDT7H,A240TNI0UGYBWG
B08RDWBCWP,A240TNI0UGYBWG
B08QJS833R,A240TNI0UGYBWG
B08PKWQQYW,A240TNI0UGYBWG
B08PKCDXHF,A240TNI0UGYBWG
B08KSKT7Y1,A240TNI0UGYBWG
B08KHD5HPJ,A240TNI0UGYBWG
B08FLCGC7D,A240TNI0UGYBWG
B08FC99237,A240TNI0UGYBWG
B08DCXYYL6,A240TNI0UGYBWG
B08CXJ9QPY,A240TNI0UGYBWG
B08CX82D6H,A240TNI0UGYBWG
B08CSML8HD,A240TNI0UGYBWG
B088TL4SJT,A240TNI0UGYBWG
B087LQT1FK,A240TNI0UGYBWG
B085P2RFBS,A240TNI0UGYBWG
B083TZYT48,A240TNI0UGYBWG
B083HVW1W9,A240TNI0UGYBWG
B083FPPNJ7,A240TNI0UGYBWG
B082TS6XC6,A240TNI0UGYBWG
B07WQQ6VFJ,A240TNI0UGYBWG
B07W3N9342,A240TNI0UGYBWG
B07VX73XXX,A240TNI0UGYBWG
B07T7N2S2B,A240TNI0UGYBWG
B07RQSB6JK,A240TNI0UGYBWG
B07RNWWBYB,A240TNI0UGYBWG
B07RNK1YWP,A240TNI0UGYBWG
B07Q87Z7WW,A240TNI0UGYBWG
B07Q5M1VMD,A240TNI0UGYBWG
B07PZ8P6FY,A240TNI0UGYBWG
B07P3ZXW8R,A240TNI0UGYBWG
B07MMMQH6T,A240TNI0UGYBWG
B07KQ191C6,A240TNI0UGYBWG
B07K2CH5VH,A240TNI0UGYBWG
B07JCQLD3R,A240TNI0UGYBWG
B07FB5G2RT,A240TNI0UGYBWG
B07DGR6T7P,A240TNI0UGYBWG
B07BK747KX,A240TNI0UGYBWG
B07B8LM62N,A240TNI0UGYBWG
B078Y67SFL,A240TNI0UGYBWG
B0D8657XPZ,A240TNI0UGYBWG
B0D4YMWGKY,A240TNI0UGYBWG
B085F3K3Z3,A240TNI0UGYBWG
B07F3831L4,A240TNI0UGYBWG
B0C4LGTV4T,A240TNI0UGYBWG
B0C4DFWJ1G,A240TNI0UGYBWG
B0C3G84GMX,A240TNI0UGYBWG
B0C3CT929N,A240TNI0UGYBWG
B0C335DPXN,A240TNI0UGYBWG
B0C2KLF58S,A240TNI0UGYBWG
B0C2HGNBJL,A240TNI0UGYBWG
B0BY3XRG6F,A240TNI0UGYBWG
B0BTNK5P7F,A240TNI0UGYBWG
B0BSLBG516,A240TNI0UGYBWG
B0BSBF5GVP,A240TNI0UGYBWG
B0BQBPYFYG,A240TNI0UGYBWG
B0BQ32XG3G,A240TNI0UGYBWG
B0BNF43G2C,A240TNI0UGYBWG
B0BMVB8LF7,A240TNI0UGYBWG
B0BLHK66R5,A240TNI0UGYBWG
B0CZ7YZ1QP,A240TNI0UGYBWG
B0CXTMQLL5,A240TNI0UGYBWG
B0CX8M36GB,A240TNI0UGYBWG
B0CX4PMR9B,A240TNI0UGYBWG
B0CTQTL9XZ,A240TNI0UGYBWG
B0CTKPTS2L,A240TNI0UGYBWG
B0CS33WT13,A240TNI0UGYBWG
B0CR41T6P4,A240TNI0UGYBWG
B0CQL4942V,A240TNI0UGYBWG
B0CQ261SWP,A240TNI0UGYBWG
B0CPLVRFDH,A240TNI0UGYBWG
B0CPHYBFCN,A240TNI0UGYBWG
B0CP36Y2X7,A240TNI0UGYBWG
B0CN6CTCV3,A240TNI0UGYBWG
B0CJB4S3H9,A240TNI0UGYBWG
B0CHHNYL4N,A240TNI0UGYBWG
B0D86XPRP2,A240TNI0UGYBWG
B0D7C449XJ,A240TNI0UGYBWG
B0D7499F7X,A240TNI0UGYBWG
B0D6W52NJK,A240TNI0UGYBWG
B0D5XP8T82,A240TNI0UGYBWG
B0D547K23G,A240TNI0UGYBWG
B0D4Q88MBH,A240TNI0UGYBWG
B0D44QYBMG,A240TNI0UGYBWG
B0D3PY7WH2,A240TNI0UGYBWG
B0D2K9BVTX,A240TNI0UGYBWG
B0D2HB6F3Y,A240TNI0UGYBWG
B0CZQ1BSQY,A240TNI0UGYBWG
B0CZNYY1ZW,A240TNI0UGYBWG
B0CZLFDFKQ,A240TNI0UGYBWG
B0CZ6PV8W9,A240TNI0UGYBWG
B0CZ3KDHRR,A240TNI0UGYBWG
B09PDTZHGX,A240TNI0UGYBWG
B09N77JCPN,A240TNI0UGYBWG
B09MT44VHP,A240TNI0UGYBWG
B09MF332CM,A240TNI0UGYBWG
B09L4QRYNN,A240TNI0UGYBWG
B09L4QK5G4,A240TNI0UGYBWG
B09GN7T92Q,A240TNI0UGYBWG
B09GKBD8X2,A240TNI0UGYBWG
B09G37SHGC,A240TNI0UGYBWG
B09FF78JYH,A240TNI0UGYBWG
B09C7BZ4PF,A240TNI0UGYBWG
B09BFJV3L5,A240TNI0UGYBWG
B09BDG85SF,A240TNI0UGYBWG
B09B3GDD5L,A240TNI0UGYBWG
B099JZ8JNP,A240TNI0UGYBWG
B097P9TYPV,A240TNI0UGYBWG
B0CX15SYXB,A240TNI0UGYBWG
B0CW2SH1BD,A240TNI0UGYBWG
B0CT7LJPLX,A240TNI0UGYBWG
B0CT299SBV,A240TNI0UGYBWG
B0CR3PBFCS,A240TNI0UGYBWG
B0CQC8FN82,A240TNI0UGYBWG
B0CQ314FPZ,A240TNI0UGYBWG
B0CNGJDQFJ,A240TNI0UGYBWG
B0CNFKQ71X,A240TNI0UGYBWG
B0CNC3WV48,A240TNI0UGYBWG
B0CMQMVPYS,A240TNI0UGYBWG
B0CLCHN7YY,A240TNI0UGYBWG
B0CLBD2Q4J,A240TNI0UGYBWG
B0CHYWWN11,A240TNI0UGYBWG
B0CF9ST8Z9,A240TNI0UGYBWG
B0CDL5X2Q9,A240TNI0UGYBWG
B077963N2Z,A240TNI0UGYBWG
B074LFKHRL,A240TNI0UGYBWG
B01N3378O3,A240TNI0UGYBWG
B01LYH112E,A240TNI0UGYBWG
B01JZX6K1U,A240TNI0UGYBWG
B01JPTV6CW,A240TNI0UGYBWG
B01GDE0J48,A240TNI0UGYBWG
B01C1TYTPE,A240TNI0UGYBWG
B0160N8624,A240TNI0UGYBWG
B00CUTZTDW,A240TNI0UGYBWG
B00BOV8UHY,A240TNI0UGYBWG
B000N2X692,A240TNI0UGYBWG
B0006NZ3Y4,A240TNI0UGYBWG
B07TP5Y2VR,A240TNI0UGYBWG
B0BMLLHZ62,A240TNI0UGYBWG
B07YZ3C2ZM,A240TNI0UGYBWG
B0C1FDL95Z,A240TNI0UGYBWG
B0BYDHRZWF,A240TNI0UGYBWG
B0BXWVRSWS,A240TNI0UGYBWG
B0BXRCZQ36,A240TNI0UGYBWG
B0BX8G41R4,A240TNI0UGYBWG
B0BWJHQR5J,A240TNI0UGYBWG
B0BW4HJWGZ,A240TNI0UGYBWG
B0BW3PNCCT,A240TNI0UGYBWG
B0BVZ5TX9D,A240TNI0UGYBWG
B0BVH4ZDBB,A240TNI0UGYBWG
B0BSP3GZW6,A240TNI0UGYBWG
B0BRPW7YP9,A240TNI0UGYBWG
B0BQRH8134,A240TNI0UGYBWG
B0BQCR7JSP,A240TNI0UGYBWG
B0BQ237BLJ,A240TNI0UGYBWG
B0BPP9KLB5,A240TNI0UGYBWG
B0BNSLKDBL,A240TNI0UGYBWG
B0BNBNLNGG,A240TNI0UGYBWG
B0BLH732L8,A240TNI0UGYBWG
B0BL8JCD6M,A240TNI0UGYBWG
B0BK3QF9CZ,A240TNI0UGYBWG
B0BJPRYFWN,A240TNI0UGYBWG
B0BGNFKDFC,A240TNI0UGYBWG
B0BG9VM5S2,A240TNI0UGYBWG
B0BG3X8DK3,A240TNI0UGYBWG
B0BD36Z3VR,A240TNI0UGYBWG
B0BB7B9TMH,A240TNI0UGYBWG
B0B86YBZXS,A240TNI0UGYBWG
B0B78BH2QJ,A240TNI0UGYBWG
B0B788CT6T,A240TNI0UGYBWG
B0B4WW588M,A240TNI0UGYBWG
B0B4DKGTV6,A240TNI0UGYBWG
B07S6L91DH,A240TNI0UGYBWG
B07RQNZJB7,A240TNI0UGYBWG
B07RDNZT2Z,A240TNI0UGYBWG
B07QP1FK7P,A240TNI0UGYBWG
B07PLQ58GJ,A240TNI0UGYBWG
B07PJS533B,A240TNI0UGYBWG
B07NKM5F6K,A240TNI0UGYBWG
B07MVYF4TB,A240TNI0UGYBWG
B07MVXBH38,A240TNI0UGYBWG
B07MVBQ6QX,A240TNI0UGYBWG
B07L1BP2GC,A240TNI0UGYBWG
B07H3R8KV1,A240TNI0UGYBWG
B07F8XDD4W,A240TNI0UGYBWG
B07B75H247,A240TNI0UGYBWG
B079YPL4HS,A240TNI0UGYBWG
B077DCZ5RL,A240TNI0UGYBWG
B09MN67WJX,A240TNI0UGYBWG
B09LR67ZNK,A240TNI0UGYBWG
B09LCWN8SQ,A240TNI0UGYBWG
B09JG9FVW9,A240TNI0UGYBWG
B09J4CW54M,A240TNI0UGYBWG
B09DPD71G3,A240TNI0UGYBWG
B09DC89YT3,A240TNI0UGYBWG
B09D7JQ1NL,A240TNI0UGYBWG
B09BN559MD,A240TNI0UGYBWG
B09B4ZL7SC,A240TNI0UGYBWG
B09B164DK6,A240TNI0UGYBWG
B095K8Z6VB,A240TNI0UGYBWG
B094XKNLLY,A240TNI0UGYBWG
B094GRWQ3Q,A240TNI0UGYBWG
B091YPFX3V,A240TNI0UGYBWG
B0919JS173,A240TNI0UGYBWG
B08FT97VCC,A240TNI0UGYBWG
B08FT7FHL9,A240TNI0UGYBWG
B08FT5WCRS,A240TNI0UGYBWG
B08F3GVHLW,A240TNI0UGYBWG
B08DRBTXVG,A240TNI0UGYBWG
B08CVKK34C,A240TNI0UGYBWG
B08CL1MCYJ,A240TNI0UGYBWG
B08CBPS76B,A240TNI0UGYBWG
B089SVB58F,A240TNI0UGYBWG
B089B3973K,A240TNI0UGYBWG
B08947S18V,A240TNI0UGYBWG
B088H7MHY6,A240TNI0UGYBWG
B08837CYVV,A240TNI0UGYBWG
B087NVLHGJ,A240TNI0UGYBWG
B087CZ8T42,A240TNI0UGYBWG
B085Q5KGYD,A240TNI0UGYBWG
B0DD67KD5W,A240TNI0UGYBWG
B0772SB1XK,A240TNI0UGYBWG
B076W4G596,A240TNI0UGYBWG
B076HH3NTR,A240TNI0UGYBWG
B075TWC1XB,A240TNI0UGYBWG
B06WP9WHT1,A240TNI0UGYBWG
B06W9KQSGS,A240TNI0UGYBWG
B01N77WIZK,A240TNI0UGYBWG
B01N27D99O,A240TNI0UGYBWG
B010K6L83Q,A240TNI0UGYBWG
B00WANWWCY,A240TNI0UGYBWG
B00QSFHKAY,A240TNI0UGYBWG
B00I5RXQ60,A240TNI0UGYBWG
B004X6Z7F0,A240TNI0UGYBWG
B004FDY0AY,A240TNI0UGYBWG
B0006ORC5G,A240TNI0UGYBWG
B0CTCVTWD5,A240TNI0UGYBWG
B085C6KFVW,A240TNI0UGYBWG
B083DCDTGP,A240TNI0UGYBWG
B0834NL69J,A240TNI0UGYBWG
B081GF7CS6,A240TNI0UGYBWG
B081BCV851,A240TNI0UGYBWG
B07ZMBWG6L,A240TNI0UGYBWG
B07ZD7BZD4,A240TNI0UGYBWG
B07Y82DWJH,A240TNI0UGYBWG
B07WWTBQ5H,A240TNI0UGYBWG
B07WN1TJQS,A240TNI0UGYBWG
B07WJKBRJT,A240TNI0UGYBWG
B07VP283R6,A240TNI0UGYBWG
B07V81KJJ5,A240TNI0UGYBWG
B07TJ95KM4,A240TNI0UGYBWG
B07TB4KGH1,A240TNI0UGYBWG
B07SWR6HWX,A240TNI0UGYBWG
B0DDKNWVLG,A240TNI0UGYBWG
B0DB8YG6YY,A240TNI0UGYBWG
B0DB8DX8HW,A240TNI0UGYBWG
B0D9TBNBFZ,A240TNI0UGYBWG
B0D9NPFRH7,A240TNI0UGYBWG
B0D98C19LB,A240TNI0UGYBWG
B0D8PV6YHH,A240TNI0UGYBWG
B0D8HNPM46,A240TNI0UGYBWG
B0D7CMJJTJ,A240TNI0UGYBWG
B0D5HNVHQM,A240TNI0UGYBWG
B0D4Z986CB,A240TNI0UGYBWG
B0D3TRM1JQ,A240TNI0UGYBWG
B0D3GP7BQH,A240TNI0UGYBWG
B0D3FHB4H3,A240TNI0UGYBWG
B0D2H5CTL7,A240TNI0UGYBWG
B0D229YG3Z,A240TNI0UGYBWG
B0D1MWHFWD,A240TNI0UGYBWG
B0CYT2CP8Q,A240TNI0UGYBWG
B0CYPT3HHG,A240TNI0UGYBWG
B0CY4Y9BZN,A240TNI0UGYBWG
B0CXYZVCKP,A240TNI0UGYBWG
B0CXPNFH5R,A240TNI0UGYBWG
B0CWTTMDHZ,A240TNI0UGYBWG
B0CWQN5ZFD,A240TNI0UGYBWG
B0CWDB6W4H,A240TNI0UGYBWG
B0CTQVLBS3,A240TNI0UGYBWG
B0CTHK5KC5,A240TNI0UGYBWG
B0CTHHSDDY,A240TNI0UGYBWG
B0CT5R3SPF,A240TNI0UGYBWG
B0CSP4QMZZ,A240TNI0UGYBWG
B0CRDSY399,A240TNI0UGYBWG
B0CRDR2QQV,A240TNI0UGYBWG
B0CQZ5CM43,A240TNI0UGYBWG
B0CQQCK1MM,A240TNI0UGYBWG
B0CP7L487F,A240TNI0UGYBWG
B0CLL7218Q,A240TNI0UGYBWG
B0CL21Q6SF,A240TNI0UGYBWG
B0CL1YJ9CD,A240TNI0UGYBWG
B0CJ8V917Q,A240TNI0UGYBWG
B0CHMF9LMR,A240TNI0UGYBWG
B0CH11J4C4,A240TNI0UGYBWG
B0CGXDR52D,A240TNI0UGYBWG
B0CGJ34P5J,A240TNI0UGYBWG
B0CGDCMSJ9,A240TNI0UGYBWG
B0CG3DDR68,A240TNI0UGYBWG
B0CFFVBLJ8,A240TNI0UGYBWG
B0CBPTKPW4,A240TNI0UGYBWG
B0CBPSY1LX,A240TNI0UGYBWG
B08ZKD8DV3,A240TNI0UGYBWG
B08YFJGPCG,A240TNI0UGYBWG
B08Y64S8Y1,A240TNI0UGYBWG
B08XTQL3KW,A240TNI0UGYBWG
B08SY4NSJ6,A240TNI0UGYBWG
B08R88QQVG,A240TNI0UGYBWG
B08R1X5KCH,A240TNI0UGYBWG
B08PTQFGGN,A240TNI0UGYBWG
B08PJF9QVL,A240TNI0UGYBWG
B08NZFT6SK,A240TNI0UGYBWG
B08N3YDL4P,A240TNI0UGYBWG
B08K8QP7DM,A240TNI0UGYBWG
B08HN6HL79,A240TNI0UGYBWG
B08G3XZDVZ,A240TNI0UGYBWG
B08G1QMY9K,A240TNI0UGYBWG
B08FT9D281,A240TNI0UGYBWG
B0CCCW82FV,A240TNI0UGYBWG
B0C9WG5KT7,A240TNI0UGYBWG
B0C98B95NX,A240TNI0UGYBWG
B0C86KSKR8,A240TNI0UGYBWG
B0C7VNPD57,A240TNI0UGYBWG
B0C7G6BPBT,A240TNI0UGYBWG
B0C5RK1QBC,A240TNI0UGYBWG
B0C5MCDX44,A240TNI0UGYBWG
B0C5GLL329,A240TNI0UGYBWG
B0C4Z1MD22,A240TNI0UGYBWG
B0C4NTR2SC,A240TNI0UGYBWG
B0C42T7CKL,A240TNI0UGYBWG
B0C3L7N917,A240TNI0UGYBWG
B0C3CT929J,A240TNI0UGYBWG
B0C3CPV5JN,A240TNI0UGYBWG
B0C1S8K6PC,A240TNI0UGYBWG
B0B45LMJL9,A240TNI0UGYBWG
B0B43315NP,A240TNI0UGYBWG
B0B3QD3PW9,A240TNI0UGYBWG
B09XWD84NT,A240TNI0UGYBWG
B09XF3GCS7,A240TNI0UGYBWG
B09WRKCCQZ,A240TNI0UGYBWG
B09VL6P91P,A240TNI0UGYBWG
B09V7PP9GL,A240TNI0UGYBWG
B09V4Z2BGP,A240TNI0UGYBWG
B09V193KXV,A240TNI0UGYBWG
B09TQJVHM2,A240TNI0UGYBWG
B09T8RMKK1,A240TNI0UGYBWG
B09P4RV6Z3,A240TNI0UGYBWG
B09NV8J75Z,A240TNI0UGYBWG
B09NRHM4NC,A240TNI0UGYBWG
B09NF4ML28,A240TNI0UGYBWG
B0CBPSSRJV,A240TNI0UGYBWG
B0CBNY5VC2,A240TNI0UGYBWG
B0CBJJVWP6,A240TNI0UGYBWG
B0C8V4MVC7,A240TNI0UGYBWG
B0C8J38CQ3,A240TNI0UGYBWG
B0C7QKCJP9,A240TNI0UGYBWG
B0C716HV8P,A240TNI0UGYBWG
B0C6XHJX79,A240TNI0UGYBWG
B0C6QW7MW5,A240TNI0UGYBWG
B0C5S39MGG,A240TNI0UGYBWG
B0C3HBCS3M,A240TNI0UGYBWG
B0C3CPSSYX,A240TNI0UGYBWG
B0C1BVWRGX,A240TNI0UGYBWG
B0BYZ3HSLH,A240TNI0UGYBWG
B0BYS8VDRY,A240TNI0UGYBWG
B0BX1YR5F7,A240TNI0UGYBWG
B0BHKTG3MR,A240TNI0UGYBWG
B0BGX9TS8V,A240TNI0UGYBWG
B0BF5MFKZ7,A240TNI0UGYBWG
B0BBMLQXF6,A240TNI0UGYBWG
B0B8BVX43C,A240TNI0UGYBWG
B0B86Q7KSR,A240TNI0UGYBWG
B0B86C4VCF,A240TNI0UGYBWG
B0B74V2197,A240TNI0UGYBWG
B0B6V1VX1N,A240TNI0UGYBWG
B0B69H3RZQ,A240TNI0UGYBWG
B0B61GH15Q,A240TNI0UGYBWG
B0B614QQ76,A240TNI0UGYBWG
B0B5G2BD5P,A240TNI0UGYBWG
B0B4VKHC73,A240TNI0UGYBWG
B0B421YL77,A240TNI0UGYBWG
B0B313JWK6,A240TNI0UGYBWG
B09H3YK8Z6,A240TNI0UGYBWG
B09GBGX94Z,A240TNI0UGYBWG
B09D78B9H1,A240TNI0UGYBWG
B09B9ZN5Z2,A240TNI0UGYBWG
B0989T5GQ1,A240TNI0UGYBWG
B097B6RD65,A240TNI0UGYBWG
B095J93X9Y,A240TNI0UGYBWG
B095G3NSG6,A240TNI0UGYBWG
B094Z66WP8,A240TNI0UGYBWG
B094CW69RX,A240TNI0UGYBWG
B0949C7FH3,A240TNI0UGYBWG
B091PRPW54,A240TNI0UGYBWG
B0915MDB49,A240TNI0UGYBWG
B08Z5T4S25,A240TNI0UGYBWG
B08YRPPR3H,A240TNI0UGYBWG
B08X39S55G,A240TNI0UGYBWG
B08WJT6P6B,A240TNI0UGYBWG
B08VHR4B25,A240TNI0UGYBWG
B08VFCH5R2,A240TNI0UGYBWG
B08TMGG92L,A240TNI0UGYBWG
B08SW6B2NW,A240TNI0UGYBWG
B08R83W24Q,A240TNI0UGYBWG
B08R69B35Y,A240TNI0UGYBWG
B08P545FXK,A240TNI0UGYBWG
B08NSQ9KF3,A240TNI0UGYBWG
B08LZKRQQM,A240TNI0UGYBWG
B08L82FTM1,A240TNI0UGYBWG
B08HMT6RYQ,A240TNI0UGYBWG
B08GZWTP91,A240TNI0UGYBWG
B08F7F9X9S,A240TNI0UGYBWG
B08DV1VJ9F,A240TNI0UGYBWG
B08DTMGQJP,A240TNI0UGYBWG
B0BV6LN5GH,A240TNI0UGYBWG
B0BV1Q5BLN,A240TNI0UGYBWG
B0BTKWVVP9,A240TNI0UGYBWG
B0BS8P1CMR,A240TNI0UGYBWG
B0BRXXRGP5,A240TNI0UGYBWG
B0BRJ4KDMV,A240TNI0UGYBWG
B0BQ8TR7QM,A240TNI0UGYBWG
B0BPLV7M8Q,A240TNI0UGYBWG
B0BPLNR3XM,A240TNI0UGYBWG
B0BPJK8WFC,A240TNI0UGYBWG
B0BM5LY372,A240TNI0UGYBWG
B0BL6WTM15,A240TNI0UGYBWG
B0BJD1F2JY,A240TNI0UGYBWG
B0BHY1J9HV,A240TNI0UGYBWG
B0BHVGJ467,A240TNI0UGYBWG
B0BHMYH8GR,A240TNI0UGYBWG
B08DR6WMKC,A240TNI0UGYBWG
B08BZ9SJPH,A240TNI0UGYBWG
B08BFPYHL6,A240TNI0UGYBWG
B08999GF4R,A240TNI0UGYBWG
B087M5Z4G7,A240TNI0UGYBWG
B085NPXJBX,A240TNI0UGYBWG
B082WZL36V,A240TNI0UGYBWG
B08296XMDT,A240TNI0UGYBWG
B07VP6BVMD,A240TNI0UGYBWG
B07TMCPC8G,A240TNI0UGYBWG
B07SXC32JW,A240TNI0UGYBWG
B07SPJPGFT,A240TNI0UGYBWG
B07RZS5FDK,A240TNI0UGYBWG
B07RFSWY5N,A240TNI0UGYBWG
B07RFGN1KG,A240TNI0UGYBWG
B07R4QFR64,A240TNI0UGYBWG
B07QRY6BLB,A240TNI0UGYBWG
B07L615JFZ,A240TNI0UGYBWG
B07HSSPZ56,A240TNI0UGYBWG
B07GZH5TP7,A240TNI0UGYBWG
B07CTYMBGX,A240TNI0UGYBWG
B07826PKZZ,A240TNI0UGYBWG
B075S9T8WH,A240TNI0UGYBWG
B072BWZ85Z,A240TNI0UGYBWG
B06XXKKW2G,A240TNI0UGYBWG
B06XPGNT29,A240TNI0UGYBWG
B01GSJJHHS,A240TNI0UGYBWG
B01EAAPZLO,A240TNI0UGYBWG
B019XNKF0E,A240TNI0UGYBWG
B019HB61F0,A240TNI0UGYBWG
B012BKZC86,A240TNI0UGYBWG
B00ZO4WW7Q,A240TNI0UGYBWG
B00UPWY7A2,A240TNI0UGYBWG
B00HFLERWY,A240TNI0UGYBWG
B00C1ZY9GS,A240TNI0UGYBWG
B008N3R3ZG,A240TNI0UGYBWG
B00004TKJO,A240TNI0UGYBWG
B0C4TP8PFT,A240TNI0UGYBWG
B08DXS4ZNV,A240TNI0UGYBWG
B07WCMMPC4,A240TNI0UGYBWG
B0CXNQLZXX,A240TNI0UGYBWG
B0CWYRYFYN,A240TNI0UGYBWG
B0CW629V3G,A240TNI0UGYBWG
B0CW5CNB42,A240TNI0UGYBWG
B0CV4J4BKB,A240TNI0UGYBWG
B0CTQDNSVY,A240TNI0UGYBWG
B0CTKR9SCD,A240TNI0UGYBWG
B0CS6MCFHM,A240TNI0UGYBWG
B0CR6YT2CH,A240TNI0UGYBWG
B0CQYQLV9Q,A240TNI0UGYBWG
B0CQWB8VMB,A240TNI0UGYBWG
B0CQSXHX46,A240TNI0UGYBWG
B0CQNQZTQ2,A240TNI0UGYBWG
B0CP2ML9ZR,A240TNI0UGYBWG
B0CNY7LH8K,A240TNI0UGYBWG
B0CNGRTTGL,A240TNI0UGYBWG
B0D635LJQY,A240TNI0UGYBWG
B0D5GRX3X1,A240TNI0UGYBWG
B0D4D5VLGM,A240TNI0UGYBWG
B0D45FC77R,A240TNI0UGYBWG
B0D45F6K81,A240TNI0UGYBWG
B0D457KWW8,A240TNI0UGYBWG
B0D31HCR4N,A240TNI0UGYBWG
B0D2TZ4FVQ,A240TNI0UGYBWG
B0D2PY3139,A240TNI0UGYBWG
B0D2HN1M1Q,A240TNI0UGYBWG
B0D1Y4PB7H,A240TNI0UGYBWG
B0D1CSDXVP,A240TNI0UGYBWG
B0CZY2MG2V,A240TNI0UGYBWG
B0CZLLKF3N,A240TNI0UGYBWG
B0CYL8VBKL,A240TNI0UGYBWG
B0CXPQN9LF,A240TNI0UGYBWG
B0B2JXYCH7,A240TNI0UGYBWG
B0B1TWMBSH,A240TNI0UGYBWG
B09ZS2LYMJ,A240TNI0UGYBWG
B09YGVSXRZ,A240TNI0UGYBWG
B09Y2QWRY9,A240TNI0UGYBWG
B09XB9QZJP,A240TNI0UGYBWG
B09X9ZCQRN,A240TNI0UGYBWG
B09X187L7G,A240TNI0UGYBWG
B09W9DTSF3,A240TNI0UGYBWG
B09PGH3XV8,A240TNI0UGYBWG
B09NSQ24HT,A240TNI0UGYBWG
B09NKGX97Y,A240TNI0UGYBWG
B09LLWMDFK,A240TNI0UGYBWG
B09LCWHSYG,A240TNI0UGYBWG
B09HY4J8SJ,A240TNI0UGYBWG
B09HSB9K3V,A240TNI0UGYBWG
B0CN66VTXX,A240TNI0UGYBWG
B0CMD47XYG,A240TNI0UGYBWG
B0CM3G2472,A240TNI0UGYBWG
B0CLL8X9DF,A240TNI0UGYBWG
B0CKW7PDZW,A240TNI0UGYBWG
B0CJC6XWYW,A240TNI0UGYBWG
B0CHKRP5CZ,A240TNI0UGYBWG
B0CH9ZKZKX,A240TNI0UGYBWG
B0C9SKY8MD,A240TNI0UGYBWG
B0C9MLCZ66,A240TNI0UGYBWG
B0C8PDFRZ8,A240TNI0UGYBWG
B0C8PC86S4,A240TNI0UGYBWG
B0C7GR95DF,A240TNI0UGYBWG
B0C72H5XLX,A240TNI0UGYBWG
B0C61HNVNH,A240TNI0UGYBWG
B0C2ZL6CNT,A240TNI0UGYBWG
B0C2GQ83T3,A240TNI0UGYBWG
B0C1MP8XYP,A240TNI0UGYBWG
B0BZZ2MF9L,A240TNI0UGYBWG
B0BYYZ3L6T,A240TNI0UGYBWG
B0BY489NL5,A240TNI0UGYBWG
B0BWXY32H8,A240TNI0UGYBWG
B0BWXW9WND,A240TNI0UGYBWG
B0BWXVZRBH,A240TNI0UGYBWG
B0BWS1BNT6,A240TNI0UGYBWG
B0BVVHXV1B,A240TNI0UGYBWG
B0BVTZ768G,A240TNI0UGYBWG
B0BVR4M5X4,A240TNI0UGYBWG
B0BTS5HKBZ,A240TNI0UGYBWG
B0BTM7TFWX,A240TNI0UGYBWG
B0BS5G8Y43,A240TNI0UGYBWG
B0BN51DHHL,A240TNI0UGYBWG
B0B7WV42NM,A240TNI0UGYBWG
B0B7WN9MSW,A240TNI0UGYBWG
B0B64XJJ27,A240TNI0UGYBWG
B0B5H1KC8C,A240TNI0UGYBWG
B0B2X2BB5P,A240TNI0UGYBWG
B0B2QN5ZHZ,A240TNI0UGYBWG
B0B28646SD,A240TNI0UGYBWG
B09XXNFT9G,A240TNI0UGYBWG
B09XF6GNCZ,A240TNI0UGYBWG
B09WMJW9FM,A240TNI0UGYBWG
B09V4FX28J,A240TNI0UGYBWG
B09TZXDTTZ,A240TNI0UGYBWG
B09TP6CQQW,A240TNI0UGYBWG
B09NZM5FTB,A240TNI0UGYBWG
B09NRC786M,A240TNI0UGYBWG
B09MQYRCNS,A240TNI0UGYBWG
B09K3TPMV3,A240TNI0UGYBWG
B09GLKVM6H,A240TNI0UGYBWG
B09FJW3L4T,A240TNI0UGYBWG
B09DM16NMZ,A240TNI0UGYBWG
B09DB6HKTG,A240TNI0UGYBWG
B098P4V852,A240TNI0UGYBWG
B098NPN6QG,A240TNI0UGYBWG
B098DLYCPZ,A240TNI0UGYBWG
B095XW3GBV,A240TNI0UGYBWG
B095VS44RJ,A240TNI0UGYBWG
B095BWMD6B,A240TNI0UGYBWG
B094CXJ4VN,A240TNI0UGYBWG
B093NXQQZ5,A240TNI0UGYBWG
B092H1N6C3,A240TNI0UGYBWG
B08ZDTPPCB,A240TNI0UGYBWG
B08Y8BYQNP,A240TNI0UGYBWG
B08WRF3BNG,A240TNI0UGYBWG
B08WP7GFY6,A240TNI0UGYBWG
B08VFC429M,A240TNI0UGYBWG
B08VF9S3KJ,A240TNI0UGYBWG
B08VF72FWH,A240TNI0UGYBWG
B08VDJ64RT,A240TNI0UGYBWG
B08T82H4LC,A240TNI0UGYBWG
B08QD339WH,A240TNI0UGYBWG
B08PSX9M59,A240TNI0UGYBWG
B08NT9B4J8,A240TNI0UGYBWG
B08MQ9KKW2,A240TNI0UGYBWG
B08MJGR3K1,A240TNI0UGYBWG
B08LBF9KP7,A240TNI0UGYBWG
B08J7M8X49,A240TNI0UGYBWG
B08HVVXTQX,A240TNI0UGYBWG
B08GLF5FXL,A240TNI0UGYBWG
B08GL1B4P2,A240TNI0UGYBWG
B08FK7ZLQ8,A240TNI0UGYBWG
B08DTX8L2Z,A240TNI0UGYBWG
B08D68S9YH,A240TNI0UGYBWG
B08CRS66PV,A240TNI0UGYBWG
B086C39KGJ,A240TNI0UGYBWG
B086BYM2WX,A240TNI0UGYBWG
B086BYM2J8,A240TNI0UGYBWG
B085RXYZRQ,A240TNI0UGYBWG
B0859PB8PD,A240TNI0UGYBWG
B0837ZR1Z1,A240TNI0UGYBWG
B0832GNBLV,A240TNI0UGYBWG
B083124T92,A240TNI0UGYBWG
B0822VCXT9,A240TNI0UGYBWG
B07X3MYSWF,A240TNI0UGYBWG
B07TKJN8JM,A240TNI0UGYBWG
B0DL4M5K26,A240TNI0UGYBWG
B0DDPBNXR4,A240TNI0UGYBWG
B0DCL7XN9B,A240TNI0UGYBWG
B0DCL19XKJ,A240TNI0UGYBWG
B0DCFNHSXK,A240TNI0UGYBWG
B0DBPCDVVR,A240TNI0UGYBWG
B0DBLB2YQW,A240TNI0UGYBWG
B0D9WT7PKB,A240TNI0UGYBWG
B0D9TL5TZT,A240TNI0UGYBWG
B0D97GM7TG,A240TNI0UGYBWG
B0D7W4P85B,A240TNI0UGYBWG
B0D7HT5RKW,A240TNI0UGYBWG
B0D736VN74,A240TNI0UGYBWG
B0D6R93T8K,A240TNI0UGYBWG
B0D663VCSG,A240TNI0UGYBWG
B0D637GMVQ,A240TNI0UGYBWG
B074DQMP8P,A240TNI0UGYBWG
B071ZQ2Y5Y,A240TNI0UGYBWG
B06XGH8JM4,A240TNI0UGYBWG
B01N8UFAWV,A240TNI0UGYBWG
B01I4C517C,A240TNI0UGYBWG
B01EAAQ4R8,A240TNI0UGYBWG
B01DT7ZM9E,A240TNI0UGYBWG
B00L2QQDBG,A240TNI0UGYBWG
B009RSFF06,A240TNI0UGYBWG
B008380HW2,A240TNI0UGYBWG
B004SWVM5S,A240TNI0UGYBWG
B0027AECI2,A240TNI0UGYBWG
B0002INN4A,A240TNI0UGYBWG
B081Q6CFSM,A240TNI0UGYBWG
B07T4TJK6X,A240TNI0UGYBWG
B07T26Y4JJ,A240TNI0UGYBWG
B07QV6GZ6P,A240TNI0UGYBWG
B07Q2HVXK7,A240TNI0UGYBWG
B07MK3T33D,A240TNI0UGYBWG
B07MB9PC9N,A240TNI0UGYBWG
B07HGKK59Q,A240TNI0UGYBWG
B07G95PPPW,A240TNI0UGYBWG
B07DZ3CPZN,A240TNI0UGYBWG
B07DWXBQ8K,A240TNI0UGYBWG
B07DL4DP3W,A240TNI0UGYBWG
B07D93T7SV,A240TNI0UGYBWG
B07BL3VC5D,A240TNI0UGYBWG
B078SHKGTC,A240TNI0UGYBWG
B0788XM875,A240TNI0UGYBWG
B075FCN5HQ,A240TNI0UGYBWG
B0D8ZYPHZW,A240TNI0UGYBWG
B0D8TF146C,A240TNI0UGYBWG
B0D72PYMCZ,A240TNI0UGYBWG
B0D6YTY2DJ,A240TNI0UGYBWG
B0D5Y2SC79,A240TNI0UGYBWG
B0D5LGZP98,A240TNI0UGYBWG
B0D4TN48VL,A240TNI0UGYBWG
B0D4QTTDLN,A240TNI0UGYBWG
B0D4M4SK6V,A240TNI0UGYBWG
B0D4LD52KC,A240TNI0UGYBWG
B0D48K519V,A240TNI0UGYBWG
B0D47JNCG8,A240TNI0UGYBWG
B0D3S4QMPY,A240TNI0UGYBWG
B0D3PPH4PZ,A240TNI0UGYBWG
B0D3LPLSY2,A240TNI0UGYBWG
B0D3L1JV96,A240TNI0UGYBWG
B0BLNDQVGT,A240TNI0UGYBWG
B0BLH2RS2L,A240TNI0UGYBWG
B0BL7QF1LH,A240TNI0UGYBWG
B0BKZQ64VN,A240TNI0UGYBWG
B0BKFWZHQG,A240TNI0UGYBWG
B0BKFS8NFW,A240TNI0UGYBWG
B0BJZN3Z49,A240TNI0UGYBWG
B0BJPB8FWP,A240TNI0UGYBWG
B0BG59R82Y,A240TNI0UGYBWG
B0BDZ976S2,A240TNI0UGYBWG
B0BDLLXDGN,A240TNI0UGYBWG
B0BDGCBX87,A240TNI0UGYBWG
B0BCKJFFGZ,A240TNI0UGYBWG
B0BB7YDHMG,A240TNI0UGYBWG
B0B9XQ3W1V,A240TNI0UGYBWG
B0B87477CP,A240TNI0UGYBWG
B0CJDQQLTH,A240TNI0UGYBWG
B0CJBDYB5T,A240TNI0UGYBWG
B0CJ2CWSK7,A240TNI0UGYBWG
B0CG98KGP2,A240TNI0UGYBWG
B0CFZNLFK9,A240TNI0UGYBWG
B0CF5NHK8R,A240TNI0UGYBWG
B0CDYK8M49,A240TNI0UGYBWG
B0CDH49FG8,A240TNI0UGYBWG
B0CBMHBF9W,A240TNI0UGYBWG
B0C9J4GF3T,A240TNI0UGYBWG
B0C8CKXXP5,A240TNI0UGYBWG
B0C7VKT7TC,A240TNI0UGYBWG
B0C77GTVZF,A240TNI0UGYBWG
B0C72BPYMV,A240TNI0UGYBWG
B0C6WXG6M2,A240TNI0UGYBWG
B0C6NGGPDL,A240TNI0UGYBWG
B0C6JS7QMS,A240TNI0UGYBWG
B0C69G6VY9,A240TNI0UGYBWG
B0C52C7J66,A240TNI0UGYBWG
B0C4P3Y6NM,A240TNI0UGYBWG
B0C3VFT8YV,A240TNI0UGYBWG
B0C3VF5JYC,A240TNI0UGYBWG
B0C3HGCKX5,A240TNI0UGYBWG
B0C21JCZQH,A240TNI0UGYBWG
B0BZHW76ZT,A240TNI0UGYBWG
B0BZ4KWG7R,A240TNI0UGYBWG
B0BYYZVVVR,A240TNI0UGYBWG
B0BY7F521N,A240TNI0UGYBWG
B0BX5DTMDF,A240TNI0UGYBWG
B0BWJ7FC73,A240TNI0UGYBWG
B0BW132365,A240TNI0UGYBWG
B0BVW176PT,A240TNI0UGYBWG
B0BVM1B1BX,A240TNI0UGYBWG
B0BV9T82ZX,A240TNI0UGYBWG
B0BV2TCGJZ,A240TNI0UGYBWG
B0BSXSVYT1,A240TNI0UGYBWG
B0BS1YYPFD,A240TNI0UGYBWG
B0BRT1JF26,A240TNI0UGYBWG
B0BQQNH1LY,A240TNI0UGYBWG
B0BPYZJV6J,A240TNI0UGYBWG
B0BPJWWDW5,A240TNI0UGYBWG
B0BNP3PZ3Z,A240TNI0UGYBWG
B0BNL1J4GG,A240TNI0UGYBWG
B0BLNCV724,A240TNI0UGYBWG
B0BLNCMPP5,A240TNI0UGYBWG
B0BLJWFYMN,A240TNI0UGYBWG
B0BLH5ZKYZ,A240TNI0UGYBWG
B0BLC4BDDX,A240TNI0UGYBWG
B0BKPZSXXB,A240TNI0UGYBWG
B0BJ221GT5,A240TNI0UGYBWG
B0BHV8J1GD,A240TNI0UGYBWG
B0BG2XFRQS,A240TNI0UGYBWG
B0BFH9PB3X,A240TNI0UGYBWG
B0BDYP1S45,A240TNI0UGYBWG
B0BDV6PN5F,A240TNI0UGYBWG
B0BDDFB4P5,A240TNI0UGYBWG
B0BCWKCJR6,A240TNI0UGYBWG
B0B9C5HP1V,A240TNI0UGYBWG
B0B9774BF1,A240TNI0UGYBWG
B0B8GSXPZJ,A240TNI0UGYBWG
B0B86G869K,A240TNI0UGYBWG
B0B6ZCCH25,A240TNI0UGYBWG
B0B6SV4DN6,A240TNI0UGYBWG
B0B5KZ76V5,A240TNI0UGYBWG
B0B5CF8JL3,A240TNI0UGYBWG
B0B3XCQJTP,A240TNI0UGYBWG
B0B3WZQ3MJ,A240TNI0UGYBWG
B0B1RDBVSP,A240TNI0UGYBWG
B0B1MGPNXX,A240TNI0UGYBWG
B0B196RKX3,A240TNI0UGYBWG
B0B18SHFC6,A240TNI0UGYBWG
B09ZY1959K,A240TNI0UGYBWG
B09YHDKPMK,A240TNI0UGYBWG
B09X1VF3LL,A240TNI0UGYBWG
B09TXQD4YC,A240TNI0UGYBWG
B09SKZLFZD,A240TNI0UGYBWG
B09QH3PC7L,A240TNI0UGYBWG
B09N19JNS2,A240TNI0UGYBWG
B09M96DXJ7,A240TNI0UGYBWG
B09K7P14NK,A240TNI0UGYBWG
B0CPW4BR7K,A240TNI0UGYBWG
B0CPSRKCHN,A240TNI0UGYBWG
B0CPPFL4N9,A240TNI0UGYBWG
B0CPJNHS7V,A240TNI0UGYBWG
B0CP39DN6V,A240TNI0UGYBWG
B0CP1S2ZY2,A240TNI0UGYBWG
B0CNW44FJ9,A240TNI0UGYBWG
B0CNNHMS23,A240TNI0UGYBWG
B0CNLF52FF,A240TNI0UGYBWG
B0CNK1Z8CZ,A240TNI0UGYBWG
B0CNJSGR8P,A240TNI0UGYBWG
B0CNG4GF4P,A240TNI0UGYBWG
B0CMZPGV3J,A240TNI0UGYBWG
B0CLP3S8XX,A240TNI0UGYBWG
B0CKW3KZ1Y,A240TNI0UGYBWG
B0CJJ25FWK,A240TNI0UGYBWG
B07NLR4QCZ,A240TNI0UGYBWG
B07GNPDDV7,A240TNI0UGYBWG
B07DF9X9P4,A240TNI0UGYBWG
B079J7DF48,A240TNI0UGYBWG
B0799DLV9S,A240TNI0UGYBWG
B075ZLH4S1,A240TNI0UGYBWG
B075DHVZXD,A240TNI0UGYBWG
B072MPHM6N,A240TNI0UGYBWG
B01H0N2L60,A240TNI0UGYBWG
B01DJHDBQA,A240TNI0UGYBWG
B0195945F2,A240TNI0UGYBWG
B016V6X3GE,A240TNI0UGYBWG
B0CRR1X8J9,A240TNI0UGYBWG
B0BG54MVXY,A240TNI0UGYBWG
B0B1CMZS7P,A240TNI0UGYBWG
B01DWNJRZ0,A240TNI0UGYBWG
B09JNWS9ST,A240TNI0UGYBWG
B09D7DGYFW,A240TNI0UGYBWG
B098Q9K4BH,A240TNI0UGYBWG
B097711YQD,A240TNI0UGYBWG
B096ZG8LZK,A240TNI0UGYBWG
B096TTMZ9W,A240TNI0UGYBWG
B0969PLMBC,A240TNI0UGYBWG
B094N3BB7D,A240TNI0UGYBWG
B091J8D5LJ,A240TNI0UGYBWG
B08Z7CLHPM,A240TNI0UGYBWG
B08XYYNG1G,A240TNI0UGYBWG
B08X48527B,A240TNI0UGYBWG
B08TQRGSRY,A240TNI0UGYBWG
B08T9GPJTK,A240TNI0UGYBWG
B08RDLMGVL,A240TNI0UGYBWG
B08PY1H7QT,A240TNI0UGYBWG
B085243B81,A240TNI0UGYBWG
B083TLMCVF,A240TNI0UGYBWG
B083QRKRKB,A240TNI0UGYBWG
B083KKF7J6,A240TNI0UGYBWG
B07YHCLK55,A240TNI0UGYBWG
B07YCV27GT,A240TNI0UGYBWG
B07XL8SH3R,A240TNI0UGYBWG
B07X3PTXJW,A240TNI0UGYBWG
B07W8CQS1N,A240TNI0UGYBWG
B07V3N45P7,A240TNI0UGYBWG
B07V1VRLNV,A240TNI0UGYBWG
B07T7WP2PF,A240TNI0UGYBWG
B07QJ7GFJZ,A240TNI0UGYBWG
B07Q847XGK,A240TNI0UGYBWG
B07Q3VKZN4,A240TNI0UGYBWG
B07Q2HY9C4,A240TNI0UGYBWG
B0D31PHWH4,A240TNI0UGYBWG
B0D2VPC2TZ,A240TNI0UGYBWG
B0D2L7V2JB,A240TNI0UGYBWG
B0D2J9TH81,A240TNI0UGYBWG
B0D1484WVF,A240TNI0UGYBWG
B0CZR1MVGY,A240TNI0UGYBWG
B0CY8D71SM,A240TNI0UGYBWG
B0CXXM43B5,A240TNI0UGYBWG
B0CX1VJXPF,A240TNI0UGYBWG
B0CWP8PZD1,A240TNI0UGYBWG
B0CW9KPCHH,A240TNI0UGYBWG
B0CW69GHR5,A240TNI0UGYBWG
B0CTJ422QS,A240TNI0UGYBWG
B0CT3G8ZK1,A240TNI0UGYBWG
B0CST6L62W,A240TNI0UGYBWG
B0CSKC9ZMM,A240TNI0UGYBWG
B0D2Y6RXH5,A240TNI0UGYBWG
B0D2ML37CR,A240TNI0UGYBWG
B0D2KR3H15,A240TNI0UGYBWG
B0D1C19BKM,A240TNI0UGYBWG
B0D14D38PQ,A240TNI0UGYBWG
B0CZLB3S6Y,A240TNI0UGYBWG
B0CZDN139F,A240TNI0UGYBWG
B0CZ3F5JGQ,A240TNI0UGYBWG
B0CYZTQ74V,A240TNI0UGYBWG
B0CYPV5H56,A240TNI0UGYBWG
B0CYGJTVGB,A240TNI0UGYBWG
B0CY1ZPNRK,A240TNI0UGYBWG
B0CXPF8XDS,A240TNI0UGYBWG
B0CX1N5G3K,A240TNI0UGYBWG
B0CWLLK7QG,A240TNI0UGYBWG
B0CWGNFK26,A240TNI0UGYBWG
B0D9YCYK4C,A240TNI0UGYBWG
B0D9RYW2SW,A240TNI0UGYBWG
B0D9PYK68P,A240TNI0UGYBWG
B0D8TVQXSK,A240TNI0UGYBWG
B0D7VBVCQZ,A240TNI0UGYBWG
B0D7RYLBP9,A240TNI0UGYBWG
B0D6FGGV1H,A240TNI0UGYBWG
B0D667ZBF8,A240TNI0UGYBWG
B0D5B8PWWL,A240TNI0UGYBWG
B0D4DZTPQ1,A240TNI0UGYBWG
B0D47CN89Z,A240TNI0UGYBWG
B0D4587QYT,A240TNI0UGYBWG
B0D3X3476Q,A240TNI0UGYBWG
B0D3WSWHWF,A240TNI0UGYBWG
B0D3D5XD3F,A240TNI0UGYBWG
B0D31M78X9,A240TNI0UGYBWG
B0CT3LF399,A240TNI0UGYBWG
B0CSP75VXS,A240TNI0UGYBWG
B0CRZDPWBB,A240TNI0UGYBWG
B0CRYTNM2J,A240TNI0UGYBWG
B0CRR8HDXG,A240TNI0UGYBWG
B0CRR87MGB,A240TNI0UGYBWG
B0CRDDW9HM,A240TNI0UGYBWG
B0CR46RKG3,A240TNI0UGYBWG
B0CR19579T,A240TNI0UGYBWG
B0CQV53QDD,A240TNI0UGYBWG
B0CQT6L7GC,A240TNI0UGYBWG
B0CPPFC3G2,A240TNI0UGYBWG
B0CPLSRF2K,A240TNI0UGYBWG
B0CP2CFCS5,A240TNI0UGYBWG
B0CNVDJTGQ,A240TNI0UGYBWG
B0CNSVQCZ1,A240TNI0UGYBWG
B0DHZS3LSK,A240TNI0UGYBWG
B0DHKT3XM9,A240TNI0UGYBWG
B0DHK9ZQPZ,A240TNI0UGYBWG
B0DHG6KNJF,A240TNI0UGYBWG
B0DH1GSCYM,A240TNI0UGYBWG
B0DGX7XZNY,A240TNI0UGYBWG
B0DG8KKVTG,A240TNI0UGYBWG
B0DG2HM492,A240TNI0UGYBWG
B0DFWCTVNS,A240TNI0UGYBWG
B0DFW145F4,A240TNI0UGYBWG
B0DFM4JMP2,A240TNI0UGYBWG
B0DDK81W1J,A240TNI0UGYBWG
B0DDCBSHBP,A240TNI0UGYBWG
B0DC3W691T,A240TNI0UGYBWG
B0DBTGR5QY,A240TNI0UGYBWG
B0DBRJ3KJ9,A240TNI0UGYBWG
B0CNSTJP9K,A240TNI0UGYBWG
B0CNNLZK9H,A240TNI0UGYBWG
B0CN93XMWD,A240TNI0UGYBWG
B0CMD8LNR6,A240TNI0UGYBWG
B0CL58MKLC,A240TNI0UGYBWG
B0CKT7QK8D,A240TNI0UGYBWG
B0CKKV9KL4,A240TNI0UGYBWG
B0CKF564TR,A240TNI0UGYBWG
B0CK8MWCGB,A240TNI0UGYBWG
B0CJM4SYFZ,A240TNI0UGYBWG
B0CJM3MD8P,A240TNI0UGYBWG
B0CJC2JS5V,A240TNI0UGYBWG
B0CJ4Q92J3,A240TNI0UGYBWG
B0CJ18J8LR,A240TNI0UGYBWG
B0CHVN5PWM,A240TNI0UGYBWG
B0CHF2GMMT,A240TNI0UGYBWG
B0CH4HSTVY,A240TNI0UGYBWG
B0CGXSVMWG,A240TNI0UGYBWG
B0CGNPC7X2,A240TNI0UGYBWG
B0CGHYG6LG,A240TNI0UGYBWG
B0CG1CQLQ6,A240TNI0UGYBWG
B0CFQLBG12,A240TNI0UGYBWG
B0CFQ8RCZB,A240TNI0UGYBWG
B0CDLZXK3T,A240TNI0UGYBWG
B0CD7X7MQ3,A240TNI0UGYBWG
B0CCJC5L76,A240TNI0UGYBWG
B0CC9K865H,A240TNI0UGYBWG
B0CC8JMK31,A240TNI0UGYBWG
B0CBPRN2G2,A240TNI0UGYBWG
B0CB8FCPBK,A240TNI0UGYBWG
B0C9X7P1XP,A240TNI0UGYBWG
B0C9TJ5W2Q,A240TNI0UGYBWG
B0C1YW63V2,A240TNI0UGYBWG
B0C1YLRJ3W,A240TNI0UGYBWG
B0C1CJC7XW,A240TNI0UGYBWG
B0BXRN7MTJ,A240TNI0UGYBWG
B0BXB74D54,A240TNI0UGYBWG
B0BX65JFWT,A240TNI0UGYBWG
B0BWYGB7RK,A240TNI0UGYBWG
B0BWF799TQ,A240TNI0UGYBWG
B0BWCDVMWV,A240TNI0UGYBWG
B0BVJ9TBDJ,A240TNI0UGYBWG
B0BTPZ7L2Z,A240TNI0UGYBWG
B0BQVYY527,A240TNI0UGYBWG
B0BQRNTBLY,A240TNI0UGYBWG
B0BQMJ3HB6,A240TNI0UGYBWG
B0BQJCCGY2,A240TNI0UGYBWG
B0BNTXC79F,A240TNI0UGYBWG
B0BNJV11HJ,A240TNI0UGYBWG
B0BLTCJBFT,A240TNI0UGYBWG
B0BKQ6ZXJQ,A240TNI0UGYBWG
B0BKQ33NVW,A240TNI0UGYBWG
B0BKGPZ47M,A240TNI0UGYBWG
B0BJP7KXC1,A240TNI0UGYBWG
B0BGHRW25T,A240TNI0UGYBWG
B0BFVBFD93,A240TNI0UGYBWG
B0BFQW768V,A240TNI0UGYBWG
B0BDRLKF4P,A240TNI0UGYBWG
B0BC6T5W8J,A240TNI0UGYBWG
B0BBLJVL7T,A240TNI0UGYBWG
B0BBKKBHJ9,A240TNI0UGYBWG
B0BB5DNMNS,A240TNI0UGYBWG
B0B8C5N7Y7,A240TNI0UGYBWG
B0B6BBZVXJ,A240TNI0UGYBWG
B0B5KWMN4V,A240TNI0UGYBWG
B0B41V3T33,A240TNI0UGYBWG
B0B3D1B5P1,A240TNI0UGYBWG
B0B28SKHQK,A240TNI0UGYBWG
B0B17BPZWV,A240TNI0UGYBWG
B09Z915J7H,A240TNI0UGYBWG
B09Z2H2PWW,A240TNI0UGYBWG
B09YXQ91BJ,A240TNI0UGYBWG
B09Y941LMT,A240TNI0UGYBWG
B09XQN4YFM,A240TNI0UGYBWG
B09XGQZK31,A240TNI0UGYBWG
B09XF4ZW81,A240TNI0UGYBWG
B09VB54X4W,A240TNI0UGYBWG
B09V5441F9,A240TNI0UGYBWG
B09V2TDB7C,A240TNI0UGYBWG
B09TZQ3YR9,A240TNI0UGYBWG
B09TSLBXDT,A240TNI0UGYBWG
B09QY8TF77,A240TNI0UGYBWG
B09QPZND5Q,A240TNI0UGYBWG
B09PKYRF14,A240TNI0UGYBWG
B09NLLKJFV,A240TNI0UGYBWG
B09MW3GLDX,A240TNI0UGYBWG
B09MT69W61,A240TNI0UGYBWG
B09M7XCR4V,A240TNI0UGYBWG
B09LQBXDZH,A240TNI0UGYBWG
B09LG7LMNS,A240TNI0UGYBWG
B09H26L6WP,A240TNI0UGYBWG
B09GYBBS93,A240TNI0UGYBWG
B09FXVGSNL,A240TNI0UGYBWG
B09FLQ6WL7,A240TNI0UGYBWG
B09DCSR225,A240TNI0UGYBWG
B09BTV6JSP,A240TNI0UGYBWG
B07V6V1G4R,A240TNI0UGYBWG
B07THZY6Q2,A240TNI0UGYBWG
B07RGNC34Z,A240TNI0UGYBWG
B07NZWSRJG,A240TNI0UGYBWG
B07NNFS71Q,A240TNI0UGYBWG
B07MMKDNCD,A240TNI0UGYBWG
B07JJML6N6,A240TNI0UGYBWG
B07D951N3D,A240TNI0UGYBWG
B07C15XGFK,A240TNI0UGYBWG
B07B44Y392,A240TNI0UGYBWG
B0777BHVJJ,A240TNI0UGYBWG
B076ZR7B9W,A240TNI0UGYBWG
B076VZZ2CG,A240TNI0UGYBWG
B07645YY28,A240TNI0UGYBWG
B073VD8HYR,A240TNI0UGYBWG
B01M757759,A240TNI0UGYBWG
B08BY5KJYW,A240TNI0UGYBWG
B089Y54Z97,A240TNI0UGYBWG
B08998RLWM,A240TNI0UGYBWG
B088SDH9ND,A240TNI0UGYBWG
B088FYF1W3,A240TNI0UGYBWG
B08724K3NJ,A240TNI0UGYBWG
B086T1WQ5Q,A240TNI0UGYBWG
B085G7BL7S,A240TNI0UGYBWG
B085242XCK,A240TNI0UGYBWG
B083GY7HHN,A240TNI0UGYBWG
B082NQVHT2,A240TNI0UGYBWG
B081VXS5KH,A240TNI0UGYBWG
B08137FY8L,A240TNI0UGYBWG
B07ZYB5T6L,A240TNI0UGYBWG
B07YNWPSKL,A240TNI0UGYBWG
B07VV6C1PN,A240TNI0UGYBWG
B01LNRKLNY,A240TNI0UGYBWG
B01LH043GS,A240TNI0UGYBWG
B01GP5F2LU,A240TNI0UGYBWG
B01DWQVIXQ,A240TNI0UGYBWG
B00I33XUKS,A240TNI0UGYBWG
B000W00KY4,A240TNI0UGYBWG
B0BWJLSRQ5,A240TNI0UGYBWG
B0DHC84J6V,A240TNI0UGYBWG
B0DGWR4R75,A240TNI0UGYBWG
B0DGGFSDM7,A240TNI0UGYBWG
B0DGCZRJB3,A240TNI0UGYBWG
B0DG2PZVZW,A240TNI0UGYBWG
B0DG167B9B,A240TNI0UGYBWG
B0DFYC8F53,A240TNI0UGYBWG
B0DF81NV21,A240TNI0UGYBWG
B0DCZ27KLN,A240TNI0UGYBWG
B0DCS7Q7N9,A240TNI0UGYBWG
B0DBPJDY22,A240TNI0UGYBWG
B0D9Y93SWC,A240TNI0UGYBWG
B0D9WJJV5Z,A240TNI0UGYBWG
B0D9Q7BQMW,A240TNI0UGYBWG
B0D9NPZDLW,A240TNI0UGYBWG
B0D9NM15H3,A240TNI0UGYBWG
B098XCBYKX,A240TNI0UGYBWG
B097PF8JT9,A240TNI0UGYBWG
B096Z6FLHJ,A240TNI0UGYBWG
B096XCW8Q6,A240TNI0UGYBWG
B0932KPJRT,A240TNI0UGYBWG
B092CM8CMF,A240TNI0UGYBWG
B09285LBY5,A240TNI0UGYBWG
B08Y6T2MQQ,A240TNI0UGYBWG
B08RB84MK7,A240TNI0UGYBWG
B08PBX6P3M,A240TNI0UGYBWG
B08LH35361,A240TNI0UGYBWG
B08HQMF6PM,A240TNI0UGYBWG
B08H21CFTM,A240TNI0UGYBWG
B08FXXC6CF,A240TNI0UGYBWG
B08FKVJLL4,A240TNI0UGYBWG
B08DMQ7Y5C,A240TNI0UGYBWG
B08PCPXGGN,A240TNI0UGYBWG
B08NXBH7H8,A240TNI0UGYBWG
B08MZ4SKH6,A240TNI0UGYBWG
B08KVRT5NK,A240TNI0UGYBWG
B08KG1Q2Y2,A240TNI0UGYBWG
B08HM8QDVW,A240TNI0UGYBWG
B08FFHLFJ5,A240TNI0UGYBWG
B08F796D5W,A240TNI0UGYBWG
B08F5B9TT8,A240TNI0UGYBWG
B08DMQQCS6,A240TNI0UGYBWG
B08CKGYWJN,A240TNI0UGYBWG
B089R765J3,A240TNI0UGYBWG
B087YVL4LN,A240TNI0UGYBWG
B08744RBK1,A240TNI0UGYBWG
B086YHHRYH,A240TNI0UGYBWG
B085FYGQZG,A240TNI0UGYBWG
B0D9BL91FT,A240TNI0UGYBWG
B0D93W85SW,A240TNI0UGYBWG
B0D91Z2C8Y,A240TNI0UGYBWG
B0D8B1ZMRT,A240TNI0UGYBWG
B0D7Q1T56R,A240TNI0UGYBWG
B0D7CPGM84,A240TNI0UGYBWG
B0D73KS515,A240TNI0UGYBWG
B0D6R3W1ZM,A240TNI0UGYBWG
B0D6BZHDR4,A240TNI0UGYBWG
B0D6B34K63,A240TNI0UGYBWG
B0D5YRZCSQ,A240TNI0UGYBWG
B0D5QQ4K9H,A240TNI0UGYBWG
B0D5L8NPDQ,A240TNI0UGYBWG
B0D54157DD,A240TNI0UGYBWG
B0D53TBBKH,A240TNI0UGYBWG
B0D4VLMJ2K,A240TNI0UGYBWG
B0C84FZDXM,A240TNI0UGYBWG
B0C7R581W9,A240TNI0UGYBWG
B0C7H7JZZT,A240TNI0UGYBWG
B0C6TB2K5G,A240TNI0UGYBWG
B0C5LD2LR3,A240TNI0UGYBWG
B0C56HW9B4,A240TNI0UGYBWG
B0C4YNXMTN,A240TNI0UGYBWG
B0C4XND2MY,A240TNI0UGYBWG
B0C4W3SG4R,A240TNI0UGYBWG
B0C4SLYTX4,A240TNI0UGYBWG
B0C4KCYY9M,A240TNI0UGYBWG
B0C3QRCF91,A240TNI0UGYBWG
B0C2V4TMD1,A240TNI0UGYBWG
B0C2TW6LVB,A240TNI0UGYBWG
B0C2PYJG68,A240TNI0UGYBWG
B0C23K96J3,A240TNI0UGYBWG
B0D4QB4RNX,A240TNI0UGYBWG
B0D49XGZ4P,A240TNI0UGYBWG
B0D49LV4JP,A240TNI0UGYBWG
B0D3LJTZ6W,A240TNI0UGYBWG
B0D2VPL3KT,A240TNI0UGYBWG
B0D2NKSF7T,A240TNI0UGYBWG
B0D2KZRNC1,A240TNI0UGYBWG
B0D2JCS71R,A240TNI0UGYBWG
B0D141RPL7,A240TNI0UGYBWG
B0CZKQTSM6,A240TNI0UGYBWG
B0CZDF7KX5,A240TNI0UGYBWG
B0CZ8CN8V2,A240TNI0UGYBWG
B0CYZQ8X9V,A240TNI0UGYBWG
B0CYT2QGB6,A240TNI0UGYBWG
B0CY8M3W9Y,A240TNI0UGYBWG
B0CXVG9GLZ,A240TNI0UGYBWG
B0CWRFPBNH,A240TNI0UGYBWG
B0CWLD7BWL,A240TNI0UGYBWG
B0CW17QKWX,A240TNI0UGYBWG
B0CVHFX8XL,A240TNI0UGYBWG
B0CT81R4H3,A240TNI0UGYBWG
B0CSXPBGQK,A240TNI0UGYBWG
B0CSND4QHF,A240TNI0UGYBWG
B0CSFQLFJ8,A240TNI0UGYBWG
B0CRQVK1SK,A240TNI0UGYBWG
B0CRB75S9Y,A240TNI0UGYBWG
B0CR34Z8MD,A240TNI0UGYBWG
B0CQZS53HL,A240TNI0UGYBWG
B0CQ3LBQV1,A240TNI0UGYBWG
B0CPY7QXW7,A240TNI0UGYBWG
B0CPSX2GRV,A240TNI0UGYBWG
B0CPM7T7D8,A240TNI0UGYBWG
B0CPLK434F,A240TNI0UGYBWG
B0CPHX28GY,A240TNI0UGYBWG
B0CP5N6KFH,A240TNI0UGYBWG
B0CNXDNXGT,A240TNI0UGYBWG
B0CNKR2LRN,A240TNI0UGYBWG
B0CNKJ2J6J,A240TNI0UGYBWG
B0CNGSDBHM,A240TNI0UGYBWG
B0CN92MPJM,A240TNI0UGYBWG
B0CN91WC8Z,A240TNI0UGYBWG
B0CN8L1R9H,A240TNI0UGYBWG
B0CN4LLMH1,A240TNI0UGYBWG
B0CMZNG8CD,A240TNI0UGYBWG
B0CM6NW5QX,A240TNI0UGYBWG
B0CLF8WC5G,A240TNI0UGYBWG
B0CLDLJZRM,A240TNI0UGYBWG
B0CLCX3F6M,A240TNI0UGYBWG
B0CCDFVYTD,A240TNI0UGYBWG
B0CC337WLW,A240TNI0UGYBWG
B0CBPWSD4Y,A240TNI0UGYBWG
B0CBM7CX6N,A240TNI0UGYBWG
B0CBJMTHCV,A240TNI0UGYBWG
B0CB6JWWDR,A240TNI0UGYBWG
B0C9T6PJ2Y,A240TNI0UGYBWG
B0C8M1QKKW,A240TNI0UGYBWG
B0C8H8BJ6L,A240TNI0UGYBWG
B0C7KFP6GH,A240TNI0UGYBWG
B0C6JT3FV6,A240TNI0UGYBWG
B0C6B3DQX7,A240TNI0UGYBWG
B0C65Y52ST,A240TNI0UGYBWG
B0C61G44YR,A240TNI0UGYBWG
B0C4KWPTMC,A240TNI0UGYBWG
B0C4GM4J99,A240TNI0UGYBWG
B0CKC33CWH,A240TNI0UGYBWG
B0CJRBYXGK,A240TNI0UGYBWG
B0CJ8ZJW19,A240TNI0UGYBWG
B0CJ28YQSP,A240TNI0UGYBWG
B0CHYMBM3S,A240TNI0UGYBWG
B0CHJFZS2D,A240TNI0UGYBWG
B0CHF84QPT,A240TNI0UGYBWG
B0CHF4KL5F,A240TNI0UGYBWG
B0CGZFRSWF,A240TNI0UGYBWG
B0CGD851B2,A240TNI0UGYBWG
B0CG994GR4,A240TNI0UGYBWG
B0CFZRVW8R,A240TNI0UGYBWG
B0CFXTZZ7Q,A240TNI0UGYBWG
B0CF1XZH3W,A240TNI0UGYBWG
B0CDP7N1C8,A240TNI0UGYBWG
B0CDLY7PM5,A240TNI0UGYBWG
B0BWF8J6L9,A240TNI0UGYBWG
B0BW912XLF,A240TNI0UGYBWG
B0BVZBCS1J,A240TNI0UGYBWG
B0BVVV2NBS,A240TNI0UGYBWG
B0BV8L1FSW,A240TNI0UGYBWG
B0BR6PLZQR,A240TNI0UGYBWG
B0BR512FJB,A240TNI0UGYBWG
B0BR34PYJ3,A240TNI0UGYBWG
B0BP1JWW2K,A240TNI0UGYBWG
B0BNLQ1L14,A240TNI0UGYBWG
B0BN2J9RVW,A240TNI0UGYBWG
B0BML9Y4J4,A240TNI0UGYBWG
B0BM64FBBD,A240TNI0UGYBWG
B0BLTD5WS5,A240TNI0UGYBWG
B0BLBDB1J2,A240TNI0UGYBWG
B0BKLSYJV4,A240TNI0UGYBWG
B09KZ72NQD,A240TNI0UGYBWG
B09JBSXLTB,A240TNI0UGYBWG
B09GTMX5H8,A240TNI0UGYBWG
B09GNCRYBH,A240TNI0UGYBWG
B09FSS7B3C,A240TNI0UGYBWG
B09DPCGTT9,A240TNI0UGYBWG
B09DCNYGX5,A240TNI0UGYBWG
B09BJQ7D3X,A240TNI0UGYBWG
B09BBJBHYC,A240TNI0UGYBWG
B099DM5BT6,A240TNI0UGYBWG
B095SZG5RK,A240TNI0UGYBWG
B0932QR386,A240TNI0UGYBWG
B092TJP3H8,A240TNI0UGYBWG
B0927GK8XG,A240TNI0UGYBWG
B08ZCR2XBF,A240TNI0UGYBWG
B08ZCJRCHR,A240TNI0UGYBWG
B0BKKMCNXD,A240TNI0UGYBWG
B0BK8X1LVN,A240TNI0UGYBWG
B0BHQPK6BM,A240TNI0UGYBWG
B0BGHJSW5R,A240TNI0UGYBWG
B0BG773NY7,A240TNI0UGYBWG
B0BG5K7X41,A240TNI0UGYBWG
B0BFDGBSW4,A240TNI0UGYBWG
B0BDZF2QY9,A240TNI0UGYBWG
B0BDGN4YLN,A240TNI0UGYBWG
B0BCG978JZ,A240TNI0UGYBWG
B0B9RBJF6M,A240TNI0UGYBWG
B0B9BG1WPT,A240TNI0UGYBWG
B0B6GL9S84,A240TNI0UGYBWG
B0B69P7PNT,A240TNI0UGYBWG
B0B5TBZMDH,A240TNI0UGYBWG
B0B5L62HSP,A240TNI0UGYBWG
B088LDXG8Y,A240TNI0UGYBWG
B0872Z9SPS,A240TNI0UGYBWG
B084S9XW5G,A240TNI0UGYBWG
B0844LFKG7,A240TNI0UGYBWG
B083Y57XKF,A240TNI0UGYBWG
B083RCWDTG,A240TNI0UGYBWG
B082XS6WLF,A240TNI0UGYBWG
B0827D3Z6D,A240TNI0UGYBWG
B07Y5F3724,A240TNI0UGYBWG
B07X5YL2Q6,A240TNI0UGYBWG
B07WGLVF5Q,A240TNI0UGYBWG
B07VV9JMQX,A240TNI0UGYBWG
B07RQY911J,A240TNI0UGYBWG
B07RDGCF38,A240TNI0UGYBWG
B07QGTRP1J,A240TNI0UGYBWG
B07Q286GD4,A240TNI0UGYBWG
B07L9VX5GL,A240TNI0UGYBWG
B07L8XYR3W,A240TNI0UGYBWG
B07JLJLWTM,A240TNI0UGYBWG
B07JHBJTW7,A240TNI0UGYBWG
B07HMPVR3G,A240TNI0UGYBWG
B07H9N53TD,A240TNI0UGYBWG
B07D9HMH2H,A240TNI0UGYBWG
B07D483SRW,A240TNI0UGYBWG
B07D3M814L,A240TNI0UGYBWG
B07CTMRG8Z,A240TNI0UGYBWG
B077SV8639,A240TNI0UGYBWG
B077SGLRR8,A240TNI0UGYBWG
B077182C84,A240TNI0UGYBWG
B01N12BQG3,A240TNI0UGYBWG
B00YRS3H5G,A240TNI0UGYBWG
B00P6XQB0E,A240TNI0UGYBWG
B00FBW5E7G,A240TNI0UGYBWG
B00EVILIDU,A240TNI0UGYBWG
B001KZMJ94,A240TNI0UGYBWG
B000F8UBG0,A240TNI0UGYBWG
B0DNSV2QJ8,A240TNI0UGYBWG
B0D59CGFF8,A240TNI0UGYBWG
B0CH35PYNH,A240TNI0UGYBWG
B0C8CXMC9N,A240TNI0UGYBWG
B0C22KXRTH,A240TNI0UGYBWG
B08G4SQYC7,A240TNI0UGYBWG
B0DGGRMH4D,A240TNI0UGYBWG
B0DGG6G32L,A240TNI0UGYBWG
B0DG5DV7D5,A240TNI0UGYBWG
B0DDQ8PF2B,A240TNI0UGYBWG
B0DCVDDHF6,A240TNI0UGYBWG
B0DC6GLG5W,A240TNI0UGYBWG
B0DC6FPDKH,A240TNI0UGYBWG
B0DBKXT536,A240TNI0UGYBWG
B0D8QQWVP6,A240TNI0UGYBWG
B0D8NQ9QW6,A240TNI0UGYBWG
B0D8B2P8KQ,A240TNI0UGYBWG
B0D7Q8MW68,A240TNI0UGYBWG
B0D7MD3Q4B,A240TNI0UGYBWG
B0D77R4CFP,A240TNI0UGYBWG
B0D6BRCMKZ,A240TNI0UGYBWG
B0D4TR3ZWK,A240TNI0UGYBWG
B0D49GWDWD,A240TNI0UGYBWG
B0D479PPV3,A240TNI0UGYBWG
B0D2ZTSHRZ,A240TNI0UGYBWG
B0D2HSRJXM,A240TNI0UGYBWG
B0D1XWH67T,A240TNI0UGYBWG
B0CZMY5GRC,A240TNI0UGYBWG
B0CYT3WC1K,A240TNI0UGYBWG
B0CYT1JNDP,A240TNI0UGYBWG
B0CYCB62D2,A240TNI0UGYBWG
B0CXXJWLT4,A240TNI0UGYBWG
B0CXHT2NH3,A240TNI0UGYBWG
B0CWPG553L,A240TNI0UGYBWG
B0CWLL2ZG6,A240TNI0UGYBWG
B0CWHGVJDD,A240TNI0UGYBWG
B0CTM8PN4P,A240TNI0UGYBWG
B0CTJW3MTD,A240TNI0UGYBWG
B0CP2H3KXD,A240TNI0UGYBWG
B0CP2DWMWY,A240TNI0UGYBWG
B0CP22JF1N,A240TNI0UGYBWG
B0CMXFMNDL,A240TNI0UGYBWG
B0CMD2JQFS,A240TNI0UGYBWG
B0CM3XBWXR,A240TNI0UGYBWG
B0CLR511HB,A240TNI0UGYBWG
B0CLGQZHWH,A240TNI0UGYBWG
B0CLCW5Y39,A240TNI0UGYBWG
B0CL44WNNB,A240TNI0UGYBWG
B0CKSTMBV2,A240TNI0UGYBWG
B0CJRHB6JG,A240TNI0UGYBWG
B0CJ96YPVY,A240TNI0UGYBWG
B0CJ6TX37P,A240TNI0UGYBWG
B0CJ4X3JDP,A240TNI0UGYBWG
B0CHLPBSN7,A240TNI0UGYBWG
B0CHJ3DC71,A240TNI0UGYBWG
B0CHB647QN,A240TNI0UGYBWG
B0CH2N4S34,A240TNI0UGYBWG
B0CGDG4ZKC,A240TNI0UGYBWG
B0CG3D4XWV,A240TNI0UGYBWG
B0CBPGDVYX,A240TNI0UGYBWG
B0CBLKLQQB,A240TNI0UGYBWG
B0CBK35P5H,A240TNI0UGYBWG
B0CB19T4WJ,A240TNI0UGYBWG
B0C9TR8F18,A240TNI0UGYBWG
B0C9PDSVHR,A240TNI0UGYBWG
B0C9CBLWDW,A240TNI0UGYBWG
B0C8G7LRQW,A240TNI0UGYBWG
B0C7M9KF28,A240TNI0UGYBWG
B0C7K8D61V,A240TNI0UGYBWG
B0C7GTR69N,A240TNI0UGYBWG
B0C6QX5326,A240TNI0UGYBWG
B0C6F7BCVZ,A240TNI0UGYBWG
B0C65SNMP3,A240TNI0UGYBWG
B0C4PFS7JK,A240TNI0UGYBWG
B0C4L75398,A240TNI0UGYBWG
B0C2TVZ222,A240TNI0UGYBWG
B0C24J4ZHJ,A240TNI0UGYBWG
B0C1ZBP43F,A240TNI0UGYBWG
B0C1Y86YF1,A240TNI0UGYBWG
B0C1VCSQX1,A240TNI0UGYBWG
B0C1N5YZLF,A240TNI0UGYBWG
B0BZSGB6SY,A240TNI0UGYBWG
B0BZKNVNW4,A240TNI0UGYBWG
B0BZHWJJXY,A240TNI0UGYBWG
B0BZDXZ827,A240TNI0UGYBWG
B0BZB63KRD,A240TNI0UGYBWG
B0C3D1KVPB,A240TNI0UGYBWG
B0C3C74LN6,A240TNI0UGYBWG
B0C372SXDT,A240TNI0UGYBWG
B0C372FMTB,A240TNI0UGYBWG
B0C27TN6PX,A240TNI0UGYBWG
B0C1SY2PKR,A240TNI0UGYBWG
B0C1RL658W,A240TNI0UGYBWG
B0C1HMT8KF,A240TNI0UGYBWG
B0C1G5Y857,A240TNI0UGYBWG
B0C1CJ2DN3,A240TNI0UGYBWG
B0BZYD4CPH,A240TNI0UGYBWG
B0BYD6G9G6,A240TNI0UGYBWG
B0BY1X8PSR,A240TNI0UGYBWG
B0BXL8PNL7,A240TNI0UGYBWG
B0BX9Y9TY2,A240TNI0UGYBWG
B0BWJCVB7W,A240TNI0UGYBWG
B0BHH57Y26,A240TNI0UGYBWG
B0BDQKSKKY,A240TNI0UGYBWG
B0BD1L38Z5,A240TNI0UGYBWG
B0BCWKG91L,A240TNI0UGYBWG
B0BCG99GBN,A240TNI0UGYBWG
B0BB352TN7,A240TNI0UGYBWG
B0BB2X9ZRF,A240TNI0UGYBWG
B0B6VR4429,A240TNI0UGYBWG
B0B6PF96GX,A240TNI0UGYBWG
B0B5TSVQ43,A240TNI0UGYBWG
B0B5TR19Q1,A240TNI0UGYBWG
B0B5TPZX92,A240TNI0UGYBWG
B0B4JFBNRZ,A240TNI0UGYBWG
B0B426R8FX,A240TNI0UGYBWG
B0B3WZGP89,A240TNI0UGYBWG
B09ZLH685H,A240TNI0UGYBWG
B0B4GSSKLR,A240TNI0UGYBWG
B0B4C8GFYQ,A240TNI0UGYBWG
B0B255DWW4,A240TNI0UGYBWG
B0B17K27FB,A240TNI0UGYBWG
B09Y1DQR1F,A240TNI0UGYBWG
B09X35XJ3H,A240TNI0UGYBWG
B09W2STCMH,A240TNI0UGYBWG
B09W278DP5,A240TNI0UGYBWG
B09VSCD8DS,A240TNI0UGYBWG
B09VGL8PFP,A240TNI0UGYBWG
B09TWVR556,A240TNI0UGYBWG
B09TDXRHXM,A240TNI0UGYBWG
B09SCPLQKC,A240TNI0UGYBWG
B09P66QCZV,A240TNI0UGYBWG
B09P3CXPMD,A240TNI0UGYBWG
B09NBX9RPQ,A240TNI0UGYBWG
B08XVMHB7J,A240TNI0UGYBWG
B08X2VM5WR,A240TNI0UGYBWG
B08SK6RQCS,A240TNI0UGYBWG
B08M34MX41,A240TNI0UGYBWG
B08JGBWNNM,A240TNI0UGYBWG
B08HPYGBF5,A240TNI0UGYBWG
B08F9VKYSC,A240TNI0UGYBWG
B08DWW77KC,A240TNI0UGYBWG
B08DMPHK4L,A240TNI0UGYBWG
B08DMPB559,A240TNI0UGYBWG
B08DCSYJ1H,A240TNI0UGYBWG
B08BJS3VD3,A240TNI0UGYBWG
B089W8TBRS,A240TNI0UGYBWG
B089RBT8J1,A240TNI0UGYBWG
B088QD4T54,A240TNI0UGYBWG
B088LJ27P2,A240TNI0UGYBWG
B09XHPGM8W,A240TNI0UGYBWG
B09X128DDC,A240TNI0UGYBWG
B09WV5Y6BZ,A240TNI0UGYBWG
B09W2GLD9N,A240TNI0UGYBWG
B09W233C9G,A240TNI0UGYBWG
B09V529K6C,A240TNI0UGYBWG
B09QSJJ7PQ,A240TNI0UGYBWG
B09NKLPCFR,A240TNI0UGYBWG
B09K6Y193H,A240TNI0UGYBWG
B09JKB4N45,A240TNI0UGYBWG
B09JFTHMQ3,A240TNI0UGYBWG
B09D9QRH4N,A240TNI0UGYBWG
B099WD5HJ2,A240TNI0UGYBWG
B097RGDMFS,A240TNI0UGYBWG
B097R52844,A240TNI0UGYBWG
B096DZLKDF,A240TNI0UGYBWG
B07T8GNPRW,A240TNI0UGYBWG
B07PQ8ZVDD,A240TNI0UGYBWG
B07GQWSJLJ,A240TNI0UGYBWG
B06Y51RHXX,A240TNI0UGYBWG
B06XPLV8QS,A240TNI0UGYBWG
B01EHFWR6I,A240TNI0UGYBWG
B01BD8IQIU,A240TNI0UGYBWG
B011DYGZ1O,A240TNI0UGYBWG
B000Q3W0GS,A240TNI0UGYBWG
B0D6RDD5Y7,A240TNI0UGYBWG
B0BXXG3HVR,A240TNI0UGYBWG
B0BXL1CJQ5,A240TNI0UGYBWG
B0BWYBBP8T,A240TNI0UGYBWG
B0BWMG53K1,A240TNI0UGYBWG
B0BW9J824D,A240TNI0UGYBWG
B0BVZJQYKT,A240TNI0UGYBWG
B0BTLZ99Q5,A240TNI0UGYBWG
B0BRB41B2H,A240TNI0UGYBWG
B0BR4WH38S,A240TNI0UGYBWG
B0BR4QYGS7,A240TNI0UGYBWG
B0BQ2QVW1C,A240TNI0UGYBWG
B0BN35N63J,A240TNI0UGYBWG
B0BL5ZV5CC,A240TNI0UGYBWG
B0BL5TYTWL,A240TNI0UGYBWG
B0BK4LWQYC,A240TNI0UGYBWG
B0BJ2CCXFT,A240TNI0UGYBWG
B095JYP6XS,A240TNI0UGYBWG
B08TVFR77X,A240TNI0UGYBWG
B08S3BKJLC,A240TNI0UGYBWG
B08Q7N396L,A240TNI0UGYBWG
B08PP254QY,A240TNI0UGYBWG
B08PDYRFN9,A240TNI0UGYBWG
B08NW3ZRVP,A240TNI0UGYBWG
B08MWKDR4Q,A240TNI0UGYBWG
B08LW1ZNK8,A240TNI0UGYBWG
B08D1QQNB9,A240TNI0UGYBWG
B08BRFL9MR,A240TNI0UGYBWG
B08B14FBKG,A240TNI0UGYBWG
B089LN68VQ,A240TNI0UGYBWG
B083NFPMHZ,A240TNI0UGYBWG
B082MTWH6J,A240TNI0UGYBWG
B07XVLJ9SL,A240TNI0UGYBWG
B0CTDDGSGJ,A240TNI0UGYBWG
B0CT8R2T66,A240TNI0UGYBWG
B0CT4RN1RG,A240TNI0UGYBWG
B0CSVZSFS7,A240TNI0UGYBWG
B0CSMV97YV,A240TNI0UGYBWG
B0CSK7Q6QH,A240TNI0UGYBWG
B0CS5ZY1KZ,A240TNI0UGYBWG
B0CRB6Y6B8,A240TNI0UGYBWG
B0CR8B4K9P,A240TNI0UGYBWG
B0CQY98Y1J,A240TNI0UGYBWG
B0CQVDTHDK,A240TNI0UGYBWG
B0CQC2NTGG,A240TNI0UGYBWG
B0CPY7NMX1,A240TNI0UGYBWG
B0CPLL78L7,A240TNI0UGYBWG
B0CPJC9RF5,A240TNI0UGYBWG
B0CP2HFFS2,A240TNI0UGYBWG
B0D4TPXQPY,A240TNI0UGYBWG
B0D4M7CVSW,A240TNI0UGYBWG
B0D41GV3TK,A240TNI0UGYBWG
B0D2X9XXRJ,A240TNI0UGYBWG
B0D2KWT8QN,A240TNI0UGYBWG
B0D225QQX3,A240TNI0UGYBWG
B0D1Y12DVW,A240TNI0UGYBWG
B0D1X7ZC6B,A240TNI0UGYBWG
B0D1R2XQKF,A240TNI0UGYBWG
B0D1CCXTBF,A240TNI0UGYBWG
B0D147M3B9,A240TNI0UGYBWG
B0D12TNWKL,A240TNI0UGYBWG
B0D112XG14,A240TNI0UGYBWG
B0CZQYCCRS,A240TNI0UGYBWG
B0CZJHPB1N,A240TNI0UGYBWG
B0CYLKG281,A240TNI0UGYBWG
B0CN6PP7MQ,A240TNI0UGYBWG
B0CN6LVDJ6,A240TNI0UGYBWG
B0CN36HF3N,A240TNI0UGYBWG
B0CN2V8MD5,A240TNI0UGYBWG
B0CLVJ8XZ3,A240TNI0UGYBWG
B0CLK8M7X7,A240TNI0UGYBWG
B0CLCX7421,A240TNI0UGYBWG
B0CL9R8BYP,A240TNI0UGYBWG
B0CKFJ7NZ5,A240TNI0UGYBWG
B0CJ6X6Y3H,A240TNI0UGYBWG
B0CHRFMTN4,A240TNI0UGYBWG
B0CHDTJ8SN,A240TNI0UGYBWG
B0CH9WJGRH,A240TNI0UGYBWG
B0CH8VQRPB,A240TNI0UGYBWG
B0CGRGFR4C,A240TNI0UGYBWG
B0CGPXX755,A240TNI0UGYBWG
B0CXN8GHJW,A240TNI0UGYBWG
B0CWS2GWTY,A240TNI0UGYBWG
B0CWRKXLBZ,A240TNI0UGYBWG
B0CWPFM39W,A240TNI0UGYBWG
B0CWLKF4HS,A240TNI0UGYBWG
B0CV7MQYFK,A240TNI0UGYBWG
B0CTQ5ZH6K,A240TNI0UGYBWG
B0CT5B1N5H,A240TNI0UGYBWG
B0CSFYW99G,A240TNI0UGYBWG
B0CR3QXR59,A240TNI0UGYBWG
B0CQX5WCX6,A240TNI0UGYBWG
B0CQLXYJLD,A240TNI0UGYBWG
B0CQ4Q8FNR,A240TNI0UGYBWG
B0CPLQYW1H,A240TNI0UGYBWG
B0CP8MXJBN,A240TNI0UGYBWG
B0CP4P4FMJ,A240TNI0UGYBWG
B0CG9HYT3Z,A240TNI0UGYBWG
B0CFTZ41RT,A240TNI0UGYBWG
B0CFKKPX1D,A240TNI0UGYBWG
B0CF5HTS87,A240TNI0UGYBWG
B0CDSW4HY8,A240TNI0UGYBWG
B0CD3W22NH,A240TNI0UGYBWG
B0CCPKFBG2,A240TNI0UGYBWG
B0CC9VSMVP,A240TNI0UGYBWG
B0CBWNJ7G3,A240TNI0UGYBWG
B0C9PDTBGB,A240TNI0UGYBWG
B0C98RM3L3,A240TNI0UGYBWG
B0C96NBJYR,A240TNI0UGYBWG
B0C8HD9T82,A240TNI0UGYBWG
B0C8H4B5MY,A240TNI0UGYBWG
B0C7VCR7VZ,A240TNI0UGYBWG
B0C6QW2J98,A240TNI0UGYBWG
B0DK2ZCGSR,A240TNI0UGYBWG
B0DK12CH76,A240TNI0UGYBWG
B0DJVFVTQP,A240TNI0UGYBWG
B0DHPPGYLT,A240TNI0UGYBWG
B0DFW5BFHZ,A240TNI0UGYBWG
B0DDX8HGF8,A240TNI0UGYBWG
B0DDT6LL8T,A240TNI0UGYBWG
B0DBVBWB3S,A240TNI0UGYBWG
B0DBDNDQD7,A240TNI0UGYBWG
B0D9W13MFC,A240TNI0UGYBWG
B0D99S9S1F,A240TNI0UGYBWG
B0D8FWPXDB,A240TNI0UGYBWG
B0D7PGB8H4,A240TNI0UGYBWG
B0D6YNSDNK,A240TNI0UGYBWG
B0D6YMLYD8,A240TNI0UGYBWG
B0D5HJPNSK,A240TNI0UGYBWG
B0BNDRS34K,A240TNI0UGYBWG
B0BNDRR4VS,A240TNI0UGYBWG
B0BN852H66,A240TNI0UGYBWG
B0BN83N4GS,A240TNI0UGYBWG
B0BN3MT1WL,A240TNI0UGYBWG
B0BMYC2R7Z,A240TNI0UGYBWG
B0BLZ5B7G9,A240TNI0UGYBWG
B0BL567K5G,A240TNI0UGYBWG
B0BKWR4PXS,A240TNI0UGYBWG
B0BG69W5PG,A240TNI0UGYBWG
B0B9XYZXGK,A240TNI0UGYBWG
B0B9WSDJV7,A240TNI0UGYBWG
B0B96VK75R,A240TNI0UGYBWG
B0B72NCQDX,A240TNI0UGYBWG
B0B6NTDKYZ,A240TNI0UGYBWG
B0B45B6BW2,A240TNI0UGYBWG
B0C6MCKXV2,A240TNI0UGYBWG
B0C5D5L14M,A240TNI0UGYBWG
B0C4FTYW6Y,A240TNI0UGYBWG
B0C2Y7CX77,A240TNI0UGYBWG
B0C2HDJCQ8,A240TNI0UGYBWG
B0C1BC4R4G,A240TNI0UGYBWG
B0BZCDRCF7,A240TNI0UGYBWG
B0BY2NNXGH,A240TNI0UGYBWG
B0BY21JTZW,A240TNI0UGYBWG
B0BXHKDKNK,A240TNI0UGYBWG
B0BXD11317,A240TNI0UGYBWG
B0BW9M915W,A240TNI0UGYBWG
B0BW98QGN5,A240TNI0UGYBWG
B0BS9L23Z2,A240TNI0UGYBWG
B0BQ2FCVKJ,A240TNI0UGYBWG
B0BPHJG55Z,A240TNI0UGYBWG
B097L1RVW7,A240TNI0UGYBWG
B094DS26Q6,A240TNI0UGYBWG
B08RZ6LGZD,A240TNI0UGYBWG
B08RRSRL37,A240TNI0UGYBWG
B08QMFTC3C,A240TNI0UGYBWG
B08MD3HGM2,A240TNI0UGYBWG
B08LZLRL17,A240TNI0UGYBWG
B08LVNFD8P,A240TNI0UGYBWG
B08D9N1Z2K,A240TNI0UGYBWG
B08D3LZNXB,A240TNI0UGYBWG
B0874J5RQB,A240TNI0UGYBWG
B084WYJTWL,A240TNI0UGYBWG
B083994QJ2,A240TNI0UGYBWG
B0814M7BD1,A240TNI0UGYBWG
B07WSRTD8G,A240TNI0UGYBWG
B07RM1P9Z9,A240TNI0UGYBWG
B0B429KFYQ,A240TNI0UGYBWG
B0B425MW63,A240TNI0UGYBWG
B0B25FXK7K,A240TNI0UGYBWG
B0B1PXX32Y,A240TNI0UGYBWG
B09YXYQRN2,A240TNI0UGYBWG
B09YDD5D9X,A240TNI0UGYBWG
B09Y84CBQ6,A240TNI0UGYBWG
B09XKKBP91,A240TNI0UGYBWG
B09R4V5JR7,A240TNI0UGYBWG
B09NN6DW3V,A240TNI0UGYBWG
B09N2ZBZ8M,A240TNI0UGYBWG
B09KTKBH8R,A240TNI0UGYBWG
B09KPCQNPT,A240TNI0UGYBWG
B09GNR5HQS,A240TNI0UGYBWG
B09D2NMT41,A240TNI0UGYBWG
B098K6VM8S,A240TNI0UGYBWG
B0DB1Q4NL6,A240TNI0UGYBWG
B0D9NNZ3T4,A240TNI0UGYBWG
B0D9LZ8FBQ,A240TNI0UGYBWG
B0D9GW1PCD,A240TNI0UGYBWG
B0D92JW6SB,A240TNI0UGYBWG
B0D8VYJ35V,A240TNI0UGYBWG
B0D7PB18Q2,A240TNI0UGYBWG
B0D6V1MQ2X,A240TNI0UGYBWG
B0D5QRLQBT,A240TNI0UGYBWG
B0D5NQKG7T,A240TNI0UGYBWG
B0D4QW7JK6,A240TNI0UGYBWG
B0D4QB98GT,A240TNI0UGYBWG
B0D49GC427,A240TNI0UGYBWG
B0D46C23MK,A240TNI0UGYBWG
B0D4529VQC,A240TNI0UGYBWG
B0D3X71CYF,A240TNI0UGYBWG
B07NYW72G7,A240TNI0UGYBWG
B07MZRGDM9,A240TNI0UGYBWG
B07J5YND2V,A240TNI0UGYBWG
B07CWP7R6F,A240TNI0UGYBWG
B07CV9S68C,A240TNI0UGYBWG
B07BZDMH6Y,A240TNI0UGYBWG
B0799FJYY2,A240TNI0UGYBWG
B07125C6QX,A240TNI0UGYBWG
B01EQNOF9I,A240TNI0UGYBWG
B00E1SM5ZK,A240TNI0UGYBWG
B0019440L6,A240TNI0UGYBWG
B0DGXVSWVY,A240TNI0UGYBWG
B0DGQ3R9XJ,A240TNI0UGYBWG
B0CKN86KN9,A240TNI0UGYBWG
B0D3FFFLVC,A240TNI0UGYBWG
B0D2CPKSPY,A240TNI0UGYBWG
B0D25FVWM1,A240TNI0UGYBWG
B0D228DBB3,A240TNI0UGYBWG
B0D21HGZP9,A240TNI0UGYBWG
B0D1G5M4H7,A240TNI0UGYBWG
B0D14JJT51,A240TNI0UGYBWG
B0CZW1GSKP,A240TNI0UGYBWG
B0CZQKHZB3,A240TNI0UGYBWG
B0CYL9SGRG,A240TNI0UGYBWG
B0CYBRDBY4,A240TNI0UGYBWG
B0CY8LH3WS,A240TNI0UGYBWG
B0CXTB1QQV,A240TNI0UGYBWG
B0CXSNVNBK,A240TNI0UGYBWG
B0CXMDVHLH,A240TNI0UGYBWG
B0CXF7HRZ8,A240TNI0UGYBWG
B0CWLHGKVT,A240TNI0UGYBWG
B0CVCPFC6X,A240TNI0UGYBWG
B0CT584PXR,A240TNI0UGYBWG
B0CSKB66XZ,A240TNI0UGYBWG
B0CSFMNT97,A240TNI0UGYBWG
B0CRYNN93Y,A240TNI0UGYBWG
B0CRV8V5VN,A240TNI0UGYBWG
B0CQZJ842H,A240TNI0UGYBWG
B0CQYKCSQ1,A240TNI0UGYBWG
B0CQNYPC5B,A240TNI0UGYBWG
B0CPWB99YB,A240TNI0UGYBWG
B0CPHMV7W6,A240TNI0UGYBWG
B0CP2BQC55,A240TNI0UGYBWG
B0CNVLKM72,A240TNI0UGYBWG
B0CNDB4ZTQ,A240TNI0UGYBWG
B0CNCZYBTZ,A240TNI0UGYBWG
B0CNBYP69Y,A240TNI0UGYBWG
B0CN94JS7R,A240TNI0UGYBWG
B0CN6HBZ2H,A240TNI0UGYBWG
B0CN52W26Y,A240TNI0UGYBWG
B0CMHFF22D,A240TNI0UGYBWG
B0CMCT4DR4,A240TNI0UGYBWG
B0CM7Z76C1,A240TNI0UGYBWG
B0CLY88M8P,A240TNI0UGYBWG
B0CLXR7FXD,A240TNI0UGYBWG
B0CLVHJW82,A240TNI0UGYBWG
B0CLTTPYYH,A240TNI0UGYBWG
B0CL9JPVH5,A240TNI0UGYBWG
B0CL528GWX,A240TNI0UGYBWG
B0CHDQGC8H,A240TNI0UGYBWG
B0CHDHC8JJ,A240TNI0UGYBWG
B0CG1ZF2FM,A240TNI0UGYBWG
B0CF8H3YYM,A240TNI0UGYBWG
B0CF5TJBSL,A240TNI0UGYBWG
B0CDLWV383,A240TNI0UGYBWG
B0CD7F6P66,A240TNI0UGYBWG
B0CCRWMNJ2,A240TNI0UGYBWG
B0CCNSLRK8,A240TNI0UGYBWG
B0CBRR4SVL,A240TNI0UGYBWG
B0CBJFND8K,A240TNI0UGYBWG
B0C8T7ZVLX,A240TNI0UGYBWG
B0C8NK7JX1,A240TNI0UGYBWG
B0C79HC3PK,A240TNI0UGYBWG
B0C73FV99S,A240TNI0UGYBWG
B0C69TY58W,A240TNI0UGYBWG
B0C6151QHJ,A240TNI0UGYBWG
B0C58XJHFS,A240TNI0UGYBWG
B0C4NKCHW6,A240TNI0UGYBWG
B0C4LHDCGY,A240TNI0UGYBWG
B0C4LGZ3R9,A240TNI0UGYBWG
B0C3ZT7SZ4,A240TNI0UGYBWG
B0C2BSM57K,A240TNI0UGYBWG
B0C1NLS61G,A240TNI0UGYBWG
B0C1H2FNBK,A240TNI0UGYBWG
B0C17NX6RS,A240TNI0UGYBWG
B0C16RGSST,A240TNI0UGYBWG
B0BZZ786VF,A240TNI0UGYBWG
B0BZJ111YT,A240TNI0UGYBWG
B0BZ8GXBVT,A240TNI0UGYBWG
B0BXRV4YWK,A240TNI0UGYBWG
B0BX2RX893,A240TNI0UGYBWG
B0BW2DF93C,A240TNI0UGYBWG
B0BVY8DJSM,A240TNI0UGYBWG
B0BVFN67ZT,A240TNI0UGYBWG
B0BGGD8H2N,A240TNI0UGYBWG
B0BFJ4FQGP,A240TNI0UGYBWG
B0BC62N8CN,A240TNI0UGYBWG
B0BBLLMQNJ,A240TNI0UGYBWG
B0B8NKQBPX,A240TNI0UGYBWG
B0B878TC8C,A240TNI0UGYBWG
B0B74TQL2Y,A240TNI0UGYBWG
B0B618LNL6,A240TNI0UGYBWG
B0B53FMSZK,A240TNI0UGYBWG
B0B3XMCHDJ,A240TNI0UGYBWG
B0B3MT778F,A240TNI0UGYBWG
B0B24LQ7FL,A240TNI0UGYBWG
B0B2468GFL,A240TNI0UGYBWG
B0B2449PWP,A240TNI0UGYBWG
B0B1MS9QWZ,A240TNI0UGYBWG
B09YCFR6MM,A240TNI0UGYBWG
B08263SVQH,A240TNI0UGYBWG
B07X1V6WL1,A240TNI0UGYBWG
B07WVVKXX2,A240TNI0UGYBWG
B07TL6J3TD,A240TNI0UGYBWG
B07SMMTJLX,A240TNI0UGYBWG
B07RL4W17F,A240TNI0UGYBWG
B07RGRJV31,A240TNI0UGYBWG
B07Q373V1V,A240TNI0UGYBWG
B07PCH9ZW7,A240TNI0UGYBWG
B07MHHWD4Y,A240TNI0UGYBWG
B07F8JR4B1,A240TNI0UGYBWG
B07D9J6HMC,A240TNI0UGYBWG
B07D485KVK,A240TNI0UGYBWG
B07B4LGX5R,A240TNI0UGYBWG
B076ZNJZ24,A240TNI0UGYBWG
B074Y6VFMK,A240TNI0UGYBWG
B097CZYF3Q,A240TNI0UGYBWG
B09697VMTP,A240TNI0UGYBWG
B095FTWPXQ,A240TNI0UGYBWG
B094Z9F5D8,A240TNI0UGYBWG
B093GLBPMS,A240TNI0UGYBWG
B092M6S4LD,A240TNI0UGYBWG
B0919LQSJ7,A240TNI0UGYBWG
B08YWNTZG2,A240TNI0UGYBWG
B08MH4KLCD,A240TNI0UGYBWG
B08KFRZXZ6,A240TNI0UGYBWG
B08JPNJM1W,A240TNI0UGYBWG
B086YDGYHN,A240TNI0UGYBWG
B086WPDB7B,A240TNI0UGYBWG
B086D1466V,A240TNI0UGYBWG
B085ZTGGQ4,A240TNI0UGYBWG
B082PFVXVM,A240TNI0UGYBWG
B09TQ2KQWV,A240TNI0UGYBWG
B09T6BTKSN,A240TNI0UGYBWG
B09S7L95XR,A240TNI0UGYBWG
B09QKG1G12,A240TNI0UGYBWG
B09P2S5LN6,A240TNI0UGYBWG
B09NVTVWNK,A240TNI0UGYBWG
B09MRJ8R18,A240TNI0UGYBWG
B09MBLTMDY,A240TNI0UGYBWG
B09JSBKXB6,A240TNI0UGYBWG
B09HSFFL42,A240TNI0UGYBWG
B09GTY8NK7,A240TNI0UGYBWG
B09FG7SZB3,A240TNI0UGYBWG
B09F6HLXV9,A240TNI0UGYBWG
B09BF4QYC4,A240TNI0UGYBWG
B09B3PXPYN,A240TNI0UGYBWG
B09875M1RR,A240TNI0UGYBWG
B0BTM1K9MW,A240TNI0UGYBWG
B0BS5D6HT8,A240TNI0UGYBWG
B0BS127XMG,A240TNI0UGYBWG
B0BRKJYHDJ,A240TNI0UGYBWG
B0BR365CJ4,A240TNI0UGYBWG
B0BQRQP4BY,A240TNI0UGYBWG
B0BPGWD82N,A240TNI0UGYBWG
B0BNMJ7GGW,A240TNI0UGYBWG
B0BN2CGHVN,A240TNI0UGYBWG
B0BKQ5JZ75,A240TNI0UGYBWG
B0BKQ4T454,A240TNI0UGYBWG
B0BJKKJ6GQ,A240TNI0UGYBWG
B0BJDLJFP8,A240TNI0UGYBWG
B0BJ78D147,A240TNI0UGYBWG
B0BJ5Q5TN9,A240TNI0UGYBWG
B0BGNZ2S9Q,A240TNI0UGYBWG
B01GDWA07G,A240TNI0UGYBWG
B00R664CQY,A240TNI0UGYBWG
B00FFCDZ6O,A240TNI0UGYBWG
B00DH4EO30,A240TNI0UGYBWG
B003RCZY1S,A240TNI0UGYBWG
B003A08DU6,A240TNI0UGYBWG
B001F9XFI4,A240TNI0UGYBWG
B000L3XPDK,A240TNI0UGYBWG
B0D6WDKTLG,A240TNI0UGYBWG
B0D25WZPWZ,A240TNI0UGYBWG
B07H7S8NKR,A240TNI0UGYBWG
B0D44ZGHY4,A240TNI0UGYBWG
B0D3WPY6CQ,A240TNI0UGYBWG
B0D2XY353M,A240TNI0UGYBWG
B0D2XVM9J1,A240TNI0UGYBWG
B0D2X5D8K6,A240TNI0UGYBWG
B0D2QX7N62,A240TNI0UGYBWG
B0D2HK6QCT,A240TNI0UGYBWG
B0D2CKYWQF,A240TNI0UGYBWG
B0D1QZ8BDK,A240TNI0UGYBWG
B0CYLMXTR7,A240TNI0UGYBWG
B0CY2G4X3V,A240TNI0UGYBWG
B0CXSN1D8Q,A240TNI0UGYBWG
B0CX1Q46KQ,A240TNI0UGYBWG
B0CTCJCRRD,A240TNI0UGYBWG
B0CSN7936C,A240TNI0UGYBWG
B0CRVX1VQS,A240TNI0UGYBWG
B0DHS346HC,A240TNI0UGYBWG
B0DGL3SV8D,A240TNI0UGYBWG
B0DGKS15WS,A240TNI0UGYBWG
B0DDBWK1C9,A240TNI0UGYBWG
B0D9NR68JY,A240TNI0UGYBWG
B0D8NVX83M,A240TNI0UGYBWG
B0D873MHGD,A240TNI0UGYBWG
B0D7ZQNHFK,A240TNI0UGYBWG
B0D7C7G6C3,A240TNI0UGYBWG
B0D6SWKDXB,A240TNI0UGYBWG
B0D6SMH4L6,A240TNI0UGYBWG
B0D638RXVD,A240TNI0UGYBWG
B0D5MDYV8D,A240TNI0UGYBWG
B0D5JRSYQJ,A240TNI0UGYBWG
B0D4XZQQ7Y,A240TNI0UGYBWG
B0D4LVKYBS,A240TNI0UGYBWG
B0CRDNXYQC,A240TNI0UGYBWG
B0CQZZ39LP,A240TNI0UGYBWG
B0CPM6MZ4L,A240TNI0UGYBWG
B0CPLSFDRK,A240TNI0UGYBWG
B0CP6TLTR7,A240TNI0UGYBWG
B0CP5NXFJZ,A240TNI0UGYBWG
B0CP5FN65Z,A240TNI0UGYBWG
B0CP1ZS53R,A240TNI0UGYBWG
B0CNXJ8DTH,A240TNI0UGYBWG
B0CNKJRFSV,A240TNI0UGYBWG
B0CN6X1HRZ,A240TNI0UGYBWG
B0CN2H5S43,A240TNI0UGYBWG
B0CM64CYF3,A240TNI0UGYBWG
B0CL9VT6C2,A240TNI0UGYBWG
B0CKYNY669,A240TNI0UGYBWG
B0CKW74678,A240TNI0UGYBWG
B0C3C3F51B,A240TNI0UGYBWG
B0C38FT43D,A240TNI0UGYBWG
B0C386F292,A240TNI0UGYBWG
B0C1T4FB6Y,A240TNI0UGYBWG
B0C1NMYVMW,A240TNI0UGYBWG
B0BY91JMLY,A240TNI0UGYBWG
B0BXNH4K6Z,A240TNI0UGYBWG
B0BX2XV4D7,A240TNI0UGYBWG
B0BWN3F4S9,A240TNI0UGYBWG
B0BWN1LVVZ,A240TNI0UGYBWG
B0BVZBKKP1,A240TNI0UGYBWG
B0BVY5DZQV,A240TNI0UGYBWG
B0BVQP5JZX,A240TNI0UGYBWG
B0BVB2YBDH,A240TNI0UGYBWG
B0BV2P1QYN,A240TNI0UGYBWG
B0BTN6STYN,A240TNI0UGYBWG
B0CCLT9KCD,A240TNI0UGYBWG
B0CCJBDBCJ,A240TNI0UGYBWG
B0CBV2QB6D,A240TNI0UGYBWG
B0CB7LSFQK,A240TNI0UGYBWG
B0CB1THDSJ,A240TNI0UGYBWG
B0C9SNWYKM,A240TNI0UGYBWG
B0C9JD877Q,A240TNI0UGYBWG
B0C9HWS688,A240TNI0UGYBWG
B0C9D24TMT,A240TNI0UGYBWG
B0C7MRRKCV,A240TNI0UGYBWG
B0C6ZKGDSM,A240TNI0UGYBWG
B0C6RWRBDC,A240TNI0UGYBWG
B0C5RKGDZD,A240TNI0UGYBWG
B0C5MFTCL3,A240TNI0UGYBWG
B0C5D96GZX,A240TNI0UGYBWG
B0C4PSZSL2,A240TNI0UGYBWG
B0CKTLDF87,A240TNI0UGYBWG
B0CKQRC2RQ,A240TNI0UGYBWG
B0CJR88KMM,A240TNI0UGYBWG
B0CJM836Q7,A240TNI0UGYBWG
B0CJK12X25,A240TNI0UGYBWG
B0CHRF5VY5,A240TNI0UGYBWG
B0CHJNBDJ1,A240TNI0UGYBWG
B0CH3B9KG1,A240TNI0UGYBWG
B0CGX6S1KY,A240TNI0UGYBWG
B0CFJYQ6J8,A240TNI0UGYBWG
B0CFHRTNXV,A240TNI0UGYBWG
B0CF7LPNLK,A240TNI0UGYBWG
B0CF1RPHH4,A240TNI0UGYBWG
B0CDWKSDWY,A240TNI0UGYBWG
B0CDJJ1MB6,A240TNI0UGYBWG
B0CCYK4PQ5,A240TNI0UGYBWG
B09N1J9576,A240TNI0UGYBWG
B09MZYJTCC,A240TNI0UGYBWG
B09JS6QY5Z,A240TNI0UGYBWG
B09HBY3KB7,A240TNI0UGYBWG
B09FXSTQWY,A240TNI0UGYBWG
B09FPKXFMB,A240TNI0UGYBWG
B09BFV24DM,A240TNI0UGYBWG
B0991XJH6D,A240TNI0UGYBWG
B098SSZ5PR,A240TNI0UGYBWG
B098PY3JDC,A240TNI0UGYBWG
B0972RHSWG,A240TNI0UGYBWG
B096KD6LK8,A240TNI0UGYBWG
B09697G17Y,A240TNI0UGYBWG
B0913GC45R,A240TNI0UGYBWG
B08ZLVXSNC,A240TNI0UGYBWG
B08ZJ1Q14K,A240TNI0UGYBWG
B0BRRNN8HN,A240TNI0UGYBWG
B0BPLM716P,A240TNI0UGYBWG
B0BNY8CQ25,A240TNI0UGYBWG
B0BNY7V93J,A240TNI0UGYBWG
B0BNQ9QW3Q,A240TNI0UGYBWG
B0BNLR8L4T,A240TNI0UGYBWG
B0BMT96SK6,A240TNI0UGYBWG
B0BL71BQ9M,A240TNI0UGYBWG
B0BKCP92Q4,A240TNI0UGYBWG
B0BJJS33SH,A240TNI0UGYBWG
B0BJDVTGSP,A240TNI0UGYBWG
B0BHQVN8KK,A240TNI0UGYBWG
B0BHNP5KJG,A240TNI0UGYBWG
B0BFDTQXS6,A240TNI0UGYBWG
B0BCFZ9D3Z,A240TNI0UGYBWG
B0BC5D641K,A240TNI0UGYBWG
B0B7H1XQ7J,A240TNI0UGYBWG
B0B6B3KWKR,A240TNI0UGYBWG
B0B24P5QV7,A240TNI0UGYBWG
B09ZP26M2Y,A240TNI0UGYBWG
B09ZMFN2L5,A240TNI0UGYBWG
B09ZHL6K66,A240TNI0UGYBWG
B09YGGNHX4,A240TNI0UGYBWG
B09XVLD33Z,A240TNI0UGYBWG
B09XDX3L88,A240TNI0UGYBWG
B09WDNJCGR,A240TNI0UGYBWG
B09W9CNHWL,A240TNI0UGYBWG
B09VXL4HDD,A240TNI0UGYBWG
B09TWRWLKY,A240TNI0UGYBWG
B09TLFB7R6,A240TNI0UGYBWG
B09QFK62ZK,A240TNI0UGYBWG
B09PZYJHFC,A240TNI0UGYBWG
B089FJ9KRJ,A240TNI0UGYBWG
B086D9X8TP,A240TNI0UGYBWG
B085RMPX35,A240TNI0UGYBWG
B0846VVJRF,A240TNI0UGYBWG
B082VXVQDZ,A240TNI0UGYBWG
B081K89VWY,A240TNI0UGYBWG
B08111YWLF,A240TNI0UGYBWG
B07VKZH7P7,A240TNI0UGYBWG
B07RXG88CB,A240TNI0UGYBWG
B07Q38X1VR,A240TNI0UGYBWG
B07PCJ5L9T,A240TNI0UGYBWG
B07KWM1VMH,A240TNI0UGYBWG
B07H7QGXJW,A240TNI0UGYBWG
B07H7PYKDB,A240TNI0UGYBWG
B07GXQ7CRX,A240TNI0UGYBWG
B07FM2SRSC,A240TNI0UGYBWG
B00CJB123C,A240TNI0UGYBWG
B004V7F09Y,A240TNI0UGYBWG
B0014CV0UW,A240TNI0UGYBWG
B07F7ZSSSS,A240TNI0UGYBWG
B07DP5SLYV,A240TNI0UGYBWG
B07D9YMZ43,A240TNI0UGYBWG
B07D7YDY26,A240TNI0UGYBWG
B07CBP2DZH,A240TNI0UGYBWG
B07BXCCSSB,A240TNI0UGYBWG
B0786WRZZS,A240TNI0UGYBWG
B077GP8RN8,A240TNI0UGYBWG
B07613BQ2N,A240TNI0UGYBWG
B074PGPCFG,A240TNI0UGYBWG
B06Y295NBJ,A240TNI0UGYBWG
B06XC9SXWV,A240TNI0UGYBWG
B01LKSCSBO,A240TNI0UGYBWG
B01HBPW8HY,A240TNI0UGYBWG
B00YRVYY9G,A240TNI0UGYBWG
B00PKVR3QI,A240TNI0UGYBWG
B08YR1VP2C,A240TNI0UGYBWG
B08Y847XBS,A240TNI0UGYBWG
B08XB4J7L7,A240TNI0UGYBWG
B08QRSCWR5,A240TNI0UGYBWG
B08P2BRR26,A240TNI0UGYBWG
B08L9GTQYP,A240TNI0UGYBWG
B08K4QGGQM,A240TNI0UGYBWG
B08JCKXZJ7,A240TNI0UGYBWG
B08GG999KC,A240TNI0UGYBWG
B08F9XR9P2,A240TNI0UGYBWG
B08F3KMRTK,A240TNI0UGYBWG
B08DBQ7MPY,A240TNI0UGYBWG
B08D6W1F5H,A240TNI0UGYBWG
B08C9XKXNN,A240TNI0UGYBWG
B08B5PH317,A240TNI0UGYBWG
B089Y2TF27,A240TNI0UGYBWG
B0DDBYL5F4,A240TNI0UGYBWG
B0DD3H2KJP,A240TNI0UGYBWG
B0DCS5JV4B,A240TNI0UGYBWG
B0DBH51X6C,A240TNI0UGYBWG
B0D9Y9KYR5,A240TNI0UGYBWG
B0D9GDXJQV,A240TNI0UGYBWG
B0D9B54XJS,A240TNI0UGYBWG
B0D8Q4MB4Y,A240TNI0UGYBWG
B0D8F4L87P,A240TNI0UGYBWG
B0D7VBHDHS,A240TNI0UGYBWG
B0D7Q6T6ZV,A240TNI0UGYBWG
B0D6YN91C9,A240TNI0UGYBWG
B0D63KK781,A240TNI0UGYBWG
B0D5XS4N3Q,A240TNI0UGYBWG
B0D5MHJHT7,A240TNI0UGYBWG
B0D477ZYP8,A240TNI0UGYBWG
B0CWLK5JMG,A240TNI0UGYBWG
B0CW8J5QQG,A240TNI0UGYBWG
B0CT858MJK,A240TNI0UGYBWG
B0CRVSMG7F,A240TNI0UGYBWG
B0CRQ6FLRC,A240TNI0UGYBWG
B0CR2T68N7,A240TNI0UGYBWG
B0CQY4DVCZ,A240TNI0UGYBWG
B0CQRLWJHX,A240TNI0UGYBWG
B0CQFXK42W,A240TNI0UGYBWG
B0CQ7M17WD,A240TNI0UGYBWG
B0CQ4BN8JB,A240TNI0UGYBWG
B0CPXL3M36,A240TNI0UGYBWG
B0CP8RJBB9,A240TNI0UGYBWG
B0CMTHC3BR,A240TNI0UGYBWG
B0CM1D1M71,A240TNI0UGYBWG
B0CLXYHS6V,A240TNI0UGYBWG
B0D3W9HKDR,A240TNI0UGYBWG
B0D3PP8TSZ,A240TNI0UGYBWG
B0D2L6PBZS,A240TNI0UGYBWG
B0D2CW8TNC,A240TNI0UGYBWG
B0D1Y31GD9,A240TNI0UGYBWG
B0D1G85YL5,A240TNI0UGYBWG
B0D14T53SJ,A240TNI0UGYBWG
B0D12PV7J4,A240TNI0UGYBWG
B0CZDDP1QG,A240TNI0UGYBWG
B0CZ8PNDKS,A240TNI0UGYBWG
B0CYP6SGJ3,A240TNI0UGYBWG
B0CXXJM27H,A240TNI0UGYBWG
B0CXPW7DNF,A240TNI0UGYBWG
B0CXDR4BNX,A240TNI0UGYBWG
B0CX8Y64RC,A240TNI0UGYBWG
B0CX4GL4JN,A240TNI0UGYBWG
B0CLS1YRNF,A240TNI0UGYBWG
B0CL53YSKK,A240TNI0UGYBWG
B0CKLCCJ37,A240TNI0UGYBWG
B0CK8LZ1FF,A240TNI0UGYBWG
B0CJY6YPVC,A240TNI0UGYBWG
B0CJHNJJLS,A240TNI0UGYBWG
B0CJF62ZS1,A240TNI0UGYBWG
B0CJBWR2PD,A240TNI0UGYBWG
B0CJ8LVBHF,A240TNI0UGYBWG
B0CJ8LP3DY,A240TNI0UGYBWG
B0CG5FDW48,A240TNI0UGYBWG
B0CG1C4KRP,A240TNI0UGYBWG
B0CFFR6SXD,A240TNI0UGYBWG
B0CF9T24Y4,A240TNI0UGYBWG
B0CDLBGNNQ,A240TNI0UGYBWG
B0CD3GDQTV,A240TNI0UGYBWG
B0CCXSHYS7,A240TNI0UGYBWG
B0CC9VT9Z1,A240TNI0UGYBWG
B0CC1WR77J,A240TNI0UGYBWG
B0CB32GY24,A240TNI0UGYBWG
B0C9D4KXN9,A240TNI0UGYBWG
B0C6CZ6Q9T,A240TNI0UGYBWG
B0C4KPFZPP,A240TNI0UGYBWG
B0C43G2HYR,A240TNI0UGYBWG
B0C3V7VG5V,A240TNI0UGYBWG
B0C1NJ5LNY,A240TNI0UGYBWG
B0C1GQJQ1B,A240TNI0UGYBWG
B0C14P93L5,A240TNI0UGYBWG
B0BZWM44T2,A240TNI0UGYBWG
B0BZ3K6BL8,A240TNI0UGYBWG
B0BYDRDMKZ,A240TNI0UGYBWG
B0BXZVF4XN,A240TNI0UGYBWG
B0BXH6B9HB,A240TNI0UGYBWG
B0BX67V7LM,A240TNI0UGYBWG
B0BX5MW14R,A240TNI0UGYBWG
B0BWN666P5,A240TNI0UGYBWG
B0BWJ953WJ,A240TNI0UGYBWG
B0BVW2B9F1,A240TNI0UGYBWG
B0BVV2RWJ6,A240TNI0UGYBWG
B0BTN6HN4X,A240TNI0UGYBWG
B0BRQ5S7T6,A240TNI0UGYBWG
B0BRN1S5P4,A240TNI0UGYBWG
B0BRBSH5DT,A240TNI0UGYBWG
B0BQRP8JBH,A240TNI0UGYBWG
B0BQGC76VX,A240TNI0UGYBWG
B0BPDNH5F6,A240TNI0UGYBWG
B0BNQ255BQ,A240TNI0UGYBWG
B0BNPH77Y3,A240TNI0UGYBWG
B0B1L8PD1C,A240TNI0UGYBWG
B09Z7YKC95,A240TNI0UGYBWG
B09YV57HCV,A240TNI0UGYBWG
B09Y4B3LW8,A240TNI0UGYBWG
B09WMQCXVN,A240TNI0UGYBWG
B09W9FZ256,A240TNI0UGYBWG
B09VXQYBLB,A240TNI0UGYBWG
B09VBDBXB7,A240TNI0UGYBWG
B09SM6M4TY,A240TNI0UGYBWG
B09S5XL8LK,A240TNI0UGYBWG
B09S5X143C,A240TNI0UGYBWG
B09QHYD6M9,A240TNI0UGYBWG
B09NVJP8BX,A240TNI0UGYBWG
B09NKLH8L3,A240TNI0UGYBWG
B09NBS8X4K,A240TNI0UGYBWG
B09LTVYS4R,A240TNI0UGYBWG
B0BN1NQH1M,A240TNI0UGYBWG
B0BLYT4VZ4,A240TNI0UGYBWG
B0BLLCFKGF,A240TNI0UGYBWG
B0BL6WD4CV,A240TNI0UGYBWG
B0BL2HRPB6,A240TNI0UGYBWG
B0BJP8JF4B,A240TNI0UGYBWG
B0BJ8YTGVT,A240TNI0UGYBWG
B0BHQW5FG8,A240TNI0UGYBWG
B0BHMBWYJV,A240TNI0UGYBWG
B0BDCH3N4H,A240TNI0UGYBWG
B0BD35BJ9H,A240TNI0UGYBWG
B0B86CP6FH,A240TNI0UGYBWG
B0B869CG72,A240TNI0UGYBWG
B0B6F6D56V,A240TNI0UGYBWG
B0B5769D5Z,A240TNI0UGYBWG
B0B1LTYGWJ,A240TNI0UGYBWG
B08Z3GSR7S,A240TNI0UGYBWG
B08VJ89DXB,A240TNI0UGYBWG
B08S77W6RZ,A240TNI0UGYBWG
B08R8GVPDL,A240TNI0UGYBWG
B08PNXPQGZ,A240TNI0UGYBWG
B08HQ8WSYW,A240TNI0UGYBWG
B08G14P75V,A240TNI0UGYBWG
B08DRVM2P3,A240TNI0UGYBWG
B08DL1J9Y1,A240TNI0UGYBWG
B08D3T2W74,A240TNI0UGYBWG
B08C7282HF,A240TNI0UGYBWG
B07Z78F3FM,A240TNI0UGYBWG
B07W97P4SJ,A240TNI0UGYBWG
B07VRBM3GS,A240TNI0UGYBWG
B07V5DP8SX,A240TNI0UGYBWG
B07S44PRMH,A240TNI0UGYBWG
B09LQP8NGB,A240TNI0UGYBWG
B09JJW88DS,A240TNI0UGYBWG
B09DL13WHJ,A240TNI0UGYBWG
B09DFP9LY9,A240TNI0UGYBWG
B09D21258M,A240TNI0UGYBWG
B09B5ZKQTV,A240TNI0UGYBWG
B099FGX3CJ,A240TNI0UGYBWG
B0989V6TTX,A240TNI0UGYBWG
B097XTYZ4T,A240TNI0UGYBWG
B097RBX22K,A240TNI0UGYBWG
B0969FNW19,A240TNI0UGYBWG
B09572S1Y5,A240TNI0UGYBWG
B093CM9HDR,A240TNI0UGYBWG
B0932L1S63,A240TNI0UGYBWG
B09175J7FR,A240TNI0UGYBWG
B08ZY8KJ6V,A240TNI0UGYBWG
B07PLW6CN8,A240TNI0UGYBWG
B07JHMNQV4,A240TNI0UGYBWG
B07G8MGB4X,A240TNI0UGYBWG
B07D1DYR9Y,A240TNI0UGYBWG
B07BRKSZCP,A240TNI0UGYBWG
B0772N458Y,A240TNI0UGYBWG
B076D9TYH9,A240TNI0UGYBWG
B071GC2V3W,A240TNI0UGYBWG
B01IIVZ0ZM,A240TNI0UGYBWG
B01CIW1D9E,A240TNI0UGYBWG
B0185OLBPK,A240TNI0UGYBWG
B00O66OKWI,A240TNI0UGYBWG
B00BUCXSRY,A240TNI0UGYBWG
B007Z9QLFW,A240TNI0UGYBWG
B0025VP5J8,A240TNI0UGYBWG
B0C7L499RH,A240TNI0UGYBWG
B0D41Y9CL5,A240TNI0UGYBWG
B0D3LMFTPL,A240TNI0UGYBWG
B0D2RG1QFG,A240TNI0UGYBWG
B0D2NF11DH,A240TNI0UGYBWG
B0D1XQSTBM,A240TNI0UGYBWG
B0D1V7VW1H,A240TNI0UGYBWG
B0D1KF4PXZ,A240TNI0UGYBWG
B0CZMGGQPD,A240TNI0UGYBWG
B0CZLRLFRG,A240TNI0UGYBWG
B0CZJF1H74,A240TNI0UGYBWG
B0CYYZ6LF1,A240TNI0UGYBWG
B0CYKYSFX4,A240TNI0UGYBWG
B0CY55CWM2,A240TNI0UGYBWG
B0CXXLRZWR,A240TNI0UGYBWG
B0CXT1L8B3,A240TNI0UGYBWG
B0CWNG53Q1,A240TNI0UGYBWG
B0DD7GQVVK,A240TNI0UGYBWG
B0DCZGDYVX,A240TNI0UGYBWG
B0DBTV66WR,A240TNI0UGYBWG
B0DB8J4KZ2,A240TNI0UGYBWG
B0DB23BR8Q,A240TNI0UGYBWG
B0DB1RV9F4,A240TNI0UGYBWG
B0DB142C6Y,A240TNI0UGYBWG
B0D9D568NH,A240TNI0UGYBWG
B0D8B6DPWQ,A240TNI0UGYBWG
B0D7PNJB1X,A240TNI0UGYBWG
B0D7GDNDJY,A240TNI0UGYBWG
B0D6B75D3N,A240TNI0UGYBWG
B0D5D13XFP,A240TNI0UGYBWG
B0D59449RK,A240TNI0UGYBWG
B0D54TBHKG,A240TNI0UGYBWG
B0D52WVZ8T,A240TNI0UGYBWG
B0CN69M1DV,A240TNI0UGYBWG
B0CMZ5JM5F,A240TNI0UGYBWG
B0CKMSGHM3,A240TNI0UGYBWG
B0CJYCV9PG,A240TNI0UGYBWG
B0CJY9LQTV,A240TNI0UGYBWG
B0CJC1XWXY,A240TNI0UGYBWG
B0CJ8YDWNY,A240TNI0UGYBWG
B0CHHVP1VN,A240TNI0UGYBWG
B0CFXTJ5S3,A240TNI0UGYBWG
B0CFQVDCZD,A240TNI0UGYBWG
B0CDM1KFV5,A240TNI0UGYBWG
B0CDH38NFX,A240TNI0UGYBWG
B0CDH16G7D,A240TNI0UGYBWG
B0CD76Q56K,A240TNI0UGYBWG
B0CCVFND4N,A240TNI0UGYBWG
B0C6CLSW4N,A240TNI0UGYBWG
B0CWLGJZ53,A240TNI0UGYBWG
B0CTZJ519P,A240TNI0UGYBWG
B0CTMC3GND,A240TNI0UGYBWG
B0CSD6188Q,A240TNI0UGYBWG
B0CRTYZKKC,A240TNI0UGYBWG
B0CRDJSNLT,A240TNI0UGYBWG
B0CR6HG72Z,A240TNI0UGYBWG
B0CQHPPXZ9,A240TNI0UGYBWG
B0CPY4XV6R,A240TNI0UGYBWG
B0CPPT8QD8,A240TNI0UGYBWG
B0CPM915G3,A240TNI0UGYBWG
B0CPHYTGYH,A240TNI0UGYBWG
B0CNGPM2HJ,A240TNI0UGYBWG
B0CNCHW5WJ,A240TNI0UGYBWG
B0CN8RTLYH,A240TNI0UGYBWG
B0CN69Y22G,A240TNI0UGYBWG
B0C65XQKZC,A240TNI0UGYBWG
B0C5WM8SMB,A240TNI0UGYBWG
B0C5J3MXV8,A240TNI0UGYBWG
B0C4GVNGB5,A240TNI0UGYBWG
B0C3F78LL1,A240TNI0UGYBWG
B0C2QNLT5D,A240TNI0UGYBWG
B0BZRWSN8X,A240TNI0UGYBWG
B0BZPVC53Q,A240TNI0UGYBWG
B0BX9H5JZM,A240TNI0UGYBWG
B0BVHK56KQ,A240TNI0UGYBWG
B0BV6RYWV9,A240TNI0UGYBWG
B0BV68MTN3,A240TNI0UGYBWG
B0BTM1VVLJ,A240TNI0UGYBWG
B0BPXQ5H9D,A240TNI0UGYBWG
B0BPM2WHWM,A240TNI0UGYBWG
B0BPGRQ9TV,A240TNI0UGYBWG
B0BP9PKLJ9,A240TNI0UGYBWG
B0BNQ27NNX,A240TNI0UGYBWG
B0BN84BBF5,A240TNI0UGYBWG
B0BN5449GF,A240TNI0UGYBWG
B0BMVC6C52,A240TNI0UGYBWG
B0BMQFJFT8,A240TNI0UGYBWG
B0BKJL6GK2,A240TNI0UGYBWG
B0BJPPM9JX,A240TNI0UGYBWG
B0BJDBQWQ3,A240TNI0UGYBWG
B0BJ932QYX,A240TNI0UGYBWG
B0BHBS9Q81,A240TNI0UGYBWG
B0BGVTKG31,A240TNI0UGYBWG
B0BF4Y2M5R,A240TNI0UGYBWG
B0BBZ91GW6,A240TNI0UGYBWG
B0B5TB785D,A240TNI0UGYBWG
B0B49J6DN6,A240TNI0UGYBWG
B0DJVSWDY8,A240TNI0UGYBWG
B0BQDP83VN,A240TNI0UGYBWG
B09JVS4QGG,A240TNI0UGYBWG
B093FJ2MY2,A240TNI0UGYBWG
B09BJ4TZ3G,A240TNI0UGYBWG
B098S8TBGG,A240TNI0UGYBWG
B096S93DGJ,A240TNI0UGYBWG
B094VGQT61,A240TNI0UGYBWG
B092KS5D5N,A240TNI0UGYBWG
B0917MZ24T,A240TNI0UGYBWG
B08VS7XF18,A240TNI0UGYBWG
B08TBJRC3J,A240TNI0UGYBWG
B08QZLZVG6,A240TNI0UGYBWG
B08NPGTQ1H,A240TNI0UGYBWG
B08MZBR53R,A240TNI0UGYBWG
B08LMPZR2K,A240TNI0UGYBWG
B08KP2FP89,A240TNI0UGYBWG
B08JSVVPGV,A240TNI0UGYBWG
B08JGX5FJ3,A240TNI0UGYBWG
B08J7T2459,A240TNI0UGYBWG
B00659XXS6,A240TNI0UGYBWG
B000KR1KDO,A240TNI0UGYBWG
B0DGTDW5WM,A240TNI0UGYBWG
B08P3KT556,A240TNI0UGYBWG
B08HYV4JM9,A240TNI0UGYBWG
B08GPK5KWZ,A240TNI0UGYBWG
B08F6SRKQ6,A240TNI0UGYBWG
B08CDNKJPJ,A240TNI0UGYBWG
B085T6SS8K,A240TNI0UGYBWG
B0832NDL5G,A240TNI0UGYBWG
B081VZCK2V,A240TNI0UGYBWG
B07YKMG69Q,A240TNI0UGYBWG
B07SJCWJMP,A240TNI0UGYBWG
B07PLYLLXX,A240TNI0UGYBWG
B07M66BY9G,A240TNI0UGYBWG
B07F2B73NZ,A240TNI0UGYBWG
B0773R6JW1,A240TNI0UGYBWG
B074C4XZ3N,A240TNI0UGYBWG
B00KY8UKUI,A240TNI0UGYBWG
B00I1KNIO6,A240TNI0UGYBWG
B0B1BSFS6H,A240TNI0UGYBWG
B09YV6KRKG,A240TNI0UGYBWG
B09XR4LHC4,A240TNI0UGYBWG
B09X26S16W,A240TNI0UGYBWG
B09VPBM6HS,A240TNI0UGYBWG
B09VKYJFZ7,A240TNI0UGYBWG
B09TYN8ZYT,A240TNI0UGYBWG
B09TF2LBTL,A240TNI0UGYBWG
B09R3XV3PK,A240TNI0UGYBWG
B09PY4DK5N,A240TNI0UGYBWG
B09MTC2LQ2,A240TNI0UGYBWG
B09LQMS39C,A240TNI0UGYBWG
B09DPY4Y35,A240TNI0UGYBWG
B09D83S9FF,A240TNI0UGYBWG
B09CM6WB4S,A240TNI0UGYBWG
B09CL2N2JV,A240TNI0UGYBWG
B0DFTYM5L4,A359XD7J8BFYBG
B07FCKW4CF,A359XD7J8BFYBG
B0CJ2FCFS4,A359XD7J8BFYBG
B07VWV2YDQ,A359XD7J8BFYBG
B0CCVSY1D6,A359XD7J8BFYBG
B0B67MK3S2,A359XD7J8BFYBG
B0042X58XK,A359XD7J8BFYBG
B0BWSF6H4Q,A359XD7J8BFYBG
B08379P7G5,A359XD7J8BFYBG
B0D9WF7Z44,A359XD7J8BFYBG
B0D1X5Q5DX,A359XD7J8BFYBG
B008YGHVOK,A359XD7J8BFYBG
B0C4SPV4CB,A359XD7J8BFYBG
B000LV5JU4,A359XD7J8BFYBG
B07CWS42JL,A359XD7J8BFYBG
B0CNBLV6PM,A359XD7J8BFYBG
B07NS9KD7V,A359XD7J8BFYBG
B0CYC65XK8,A359XD7J8BFYBG
B0BRM69G26,A359XD7J8BFYBG
B0BKSKRRRY,A359XD7J8BFYBG
B0BC2687J6,A359XD7J8BFYBG
B0936DT641,A359XD7J8BFYBG
B0915YC2M4,A359XD7J8BFYBG
B08Q8P9J6H,A359XD7J8BFYBG
B07TXC64S6,A359XD7J8BFYBG
B002R6ZNQ6,A359XD7J8BFYBG
B08RYNL1D2,A359XD7J8BFYBG
B00CI8JA76,A359XD7J8BFYBG
B00NS4J6BY,A359XD7J8BFYBG
B09GJXLPJC,A359XD7J8BFYBG
B0C1YFG1RM,A359XD7J8BFYBG
B00DGD9QEO,A359XD7J8BFYBG
B0BS8Y2FLK,A359XD7J8BFYBG
B0CZNZY2BH,A359XD7J8BFYBG
B0BQHT29M4,A359XD7J8BFYBG
B00S196Y2A,A359XD7J8BFYBG
B09K4HYCHR,A359XD7J8BFYBG
B0B9HZZXJR,A359XD7J8BFYBG
B08YH89PDB,A359XD7J8BFYBG
B09BN1DMKD,A359XD7J8BFYBG
B0BDSTGVCB,A359XD7J8BFYBG
B071QXJPZF,A359XD7J8BFYBG
B0CN4944GW,A359XD7J8BFYBG
B00G2DPHFM,A359XD7J8BFYBG
B07XH54X3Q,A359XD7J8BFYBG
B0CHW55LPN,A359XD7J8BFYBG
B0CNPK2F72,A359XD7J8BFYBG
B09QWZ6V87,A359XD7J8BFYBG
B008RA58UC,A359XD7J8BFYBG
B000RI63N8,A359XD7J8BFYBG
B0BF36QWGK,A359XD7J8BFYBG
B097BWC9JY,A359XD7J8BFYBG
B09DYLT4FZ,A359XD7J8BFYBG
B09VXHKCLH,A359XD7J8BFYBG
B09Y8YLZHV,A359XD7J8BFYBG
B09LWJYPCF,A359XD7J8BFYBG
B0BJVDXWB9,A359XD7J8BFYBG
B093N9M34N,A359XD7J8BFYBG
B06VY29HHY,A359XD7J8BFYBG
B087LNZNYW,A359XD7J8BFYBG
B001IE0VUQ,A359XD7J8BFYBG
B08BW6HPCM,A359XD7J8BFYBG
B07DKCY2W3,A359XD7J8BFYBG
B0BBFH4CN6,A359XD7J8BFYBG
B07FK4HFZN,A359XD7J8BFYBG
B074PQLTXW,A359XD7J8BFYBG
B078RDQ8PY,A359XD7J8BFYBG
B01A7HAAS2,A359XD7J8BFYBG
B0BBB1FMF9,A359XD7J8BFYBG
B07PWQZPC3,A359XD7J8BFYBG
B0DQJ5ST1Y,A359XD7J8BFYBG
B07R6LLXP6,A359XD7J8BFYBG
B0CFLHM7Q1,A359XD7J8BFYBG
B07JVF3MKG,A359XD7J8BFYBG
B0BX9F6XCP,A359XD7J8BFYBG
B07CXL7WRH,A359XD7J8BFYBG
B09JXWG1W8,A359XD7J8BFYBG
B0CJXN7BTF,A359XD7J8BFYBG
B0BM2Y4FC5,A359XD7J8BFYBG
B0BBGBS675,A359XD7J8BFYBG
B0CJR41Z69,A359XD7J8BFYBG
B0CXMXJGXT,A359XD7J8BFYBG
B07BF6SP4J,A359XD7J8BFYBG
B005ZTIC5G,A359XD7J8BFYBG
B0DXQ978HR,A359XD7J8BFYBG
B07JW2XT7M,A359XD7J8BFYBG
B0B3TWQRB2,A359XD7J8BFYBG
B08Z76J9YT,A359XD7J8BFYBG
B0BMV1Y5WW,A359XD7J8BFYBG
B0BHT1JTXG,A359XD7J8BFYBG
B0BCYQKS1Q,A359XD7J8BFYBG
B07VC36NMC,A359XD7J8BFYBG
B07JN5LWH7,A359XD7J8BFYBG
B009N44XNO,A359XD7J8BFYBG
B000VSHQCQ,A359XD7J8BFYBG
B000AN7FYG,A359XD7J8BFYBG
B0DJ2N18R2,A359XD7J8BFYBG
B0DGGGKLS4,A359XD7J8BFYBG
B0DFGPVRWL,A359XD7J8BFYBG
B0D4VKGTT4,A359XD7J8BFYBG
B09LHCN264,A359XD7J8BFYBG
B09HGRXSFP,A359XD7J8BFYBG
B0DH2Q1B18,A359XD7J8BFYBG
B073Q8Q6P8,A359XD7J8BFYBG
B07FPGSLFL,A359XD7J8BFYBG
B0BZ4SKX4X,A359XD7J8BFYBG
B01G2TAV0Q,A359XD7J8BFYBG
B0D3D5HTWR,A359XD7J8BFYBG
B0BWSFHKGW,A359XD7J8BFYBG
B01MTA52ZK,A359XD7J8BFYBG
B0C5J4MC9J,A359XD7J8BFYBG
B09JK6VNW8,A359XD7J8BFYBG
B08YRR2V8N,A359XD7J8BFYBG
B0B1Q81CN9,A359XD7J8BFYBG
B001EILAQU,A359XD7J8BFYBG
B0178GWSYE,A359XD7J8BFYBG
B0B1QHXYPK,A359XD7J8BFYBG
B0CB3PHFTV,A359XD7J8BFYBG
B06XFTS9Z6,A359XD7J8BFYBG
B00HJC156U,A359XD7J8BFYBG
B075CT9FLX,A359XD7J8BFYBG
B002RXD5T6,A359XD7J8BFYBG
B086PX4Y6F,A359XD7J8BFYBG
B09W34K1KH,A359XD7J8BFYBG
B00LQMO22I,A359XD7J8BFYBG
B08T12BCMW,A359XD7J8BFYBG
B0BNQT1SJ6,A359XD7J8BFYBG
B0BYMGYVTR,A359XD7J8BFYBG
B0B59CPQ9S,A359XD7J8BFYBG
B0DCBYNBB6,A359XD7J8BFYBG
B09PJ39R9N,A359XD7J8BFYBG
B0BP4DS46Y,A359XD7J8BFYBG
B07WZ1Z47C,A359XD7J8BFYBG
B0CB5XXNY8,A359XD7J8BFYBG
B00LEM6UOI,A359XD7J8BFYBG
B0D3PK53DW,A359XD7J8BFYBG
B0DJVQ3R47,A359XD7J8BFYBG
B0C5FP9DYC,A359XD7J8BFYBG
B005HGWH26,A359XD7J8BFYBG
B078N2YLZW,A359XD7J8BFYBG
B08L69W73P,A359XD7J8BFYBG
B0BVWKK33J,A359XD7J8BFYBG
B09RZMCLWP,A359XD7J8BFYBG
B015RTYQYO,A359XD7J8BFYBG
B0DD6JTMTL,A359XD7J8BFYBG
B0113JAN8K,A359XD7J8BFYBG
B00176JEY4,A359XD7J8BFYBG
B01ENXS1C8,A359XD7J8BFYBG
B0B87Y8FMV,A359XD7J8BFYBG
B07BFQG2Y5,A359XD7J8BFYBG
B09YTZJ24P,A359XD7J8BFYBG
B08G5F13W8,A359XD7J8BFYBG
B0834B79JF,A359XD7J8BFYBG
B001DKMZNG,A359XD7J8BFYBG
B07PDJ6Z9L,A359XD7J8BFYBG
B0CL2R6K26,A359XD7J8BFYBG
B000EVL3CY,A359XD7J8BFYBG
B0B6H3K8WP,A359XD7J8BFYBG
B00A6VW2CM,A359XD7J8BFYBG
B0C659RWRG,A359XD7J8BFYBG
B089Q4VYLD,A359XD7J8BFYBG
B01MQEEZ7L,A359XD7J8BFYBG
B07CZRMQ6F,A359XD7J8BFYBG
B0DD77N95R,A359XD7J8BFYBG
B0D988SZ31,A359XD7J8BFYBG
B0D7QBXSZZ,A359XD7J8BFYBG
B0D6B7L9YT,A359XD7J8BFYBG
B0D4B3QJQC,A359XD7J8BFYBG
B0D3YRP4NG,A359XD7J8BFYBG
B0CW2YS8LW,A359XD7J8BFYBG
B0CPNXZQ4X,A359XD7J8BFYBG
B0CP69RH8B,A359XD7J8BFYBG
B0CNX5GHW5,A359XD7J8BFYBG
B0CNSZZJXJ,A359XD7J8BFYBG
B0CN2N5H2N,A359XD7J8BFYBG
B0CMT962C4,A359XD7J8BFYBG
B0CLK43TPS,A359XD7J8BFYBG
B0CDC8S182,A359XD7J8BFYBG
B0CD5CBY4R,A359XD7J8BFYBG
B00HDDBCC2,A359XD7J8BFYBG
B00E4MMUSA,A359XD7J8BFYBG
B00BTFRB4S,A359XD7J8BFYBG
B00BC9JNRY,A359XD7J8BFYBG
B00ARVUFWU,A359XD7J8BFYBG
B005HVUVX8,A359XD7J8BFYBG
B004W7YXN2,A359XD7J8BFYBG
B004UUHNS8,A359XD7J8BFYBG
B003ZQ431I,A359XD7J8BFYBG
B003WE9XMW,A359XD7J8BFYBG
B00194C7FM,A359XD7J8BFYBG
B000C5GAM0,A359XD7J8BFYBG
B000BQT3MO,A359XD7J8BFYBG
B0009V2OGI,A359XD7J8BFYBG
B0009TO35U,A359XD7J8BFYBG
1578505054,A359XD7J8BFYBG
B084WVSYDF,A359XD7J8BFYBG
B084VTFS4X,A359XD7J8BFYBG
B084H2QBXB,A359XD7J8BFYBG
B084BZMFK4,A359XD7J8BFYBG
B0811C6LLN,A359XD7J8BFYBG
B07Y552WN1,A359XD7J8BFYBG
B07VTGX48Y,A359XD7J8BFYBG
B07TZ3ZL4L,A359XD7J8BFYBG
B07TWDWCWV,A359XD7J8BFYBG
B07TSFKG29,A359XD7J8BFYBG
B07SMF57Q5,A359XD7J8BFYBG
B07SJNZ2VW,A359XD7J8BFYBG
B07QFFKSXS,A359XD7J8BFYBG
B07PJW6RQ7,A359XD7J8BFYBG
B07LDKQSKY,A359XD7J8BFYBG
B07JB2Y65D,A359XD7J8BFYBG
B015NM0EF0,A359XD7J8BFYBG
B0C4NW2MLN,A359XD7J8BFYBG
B097Z2YS3N,A359XD7J8BFYBG
B07D4JT2ZJ,A359XD7J8BFYBG
B0086A5I0I,A359XD7J8BFYBG
B004FOV89E,A359XD7J8BFYBG
B08HQCS61J,A359XD7J8BFYBG
B0B6FNZFSW,A359XD7J8BFYBG
B0B4PBMVBV,A359XD7J8BFYBG
B0B365GXL5,A359XD7J8BFYBG
B09Y9DML21,A359XD7J8BFYBG
B09XGLW9B2,A359XD7J8BFYBG
B09XB3TFM4,A359XD7J8BFYBG
B09SP24KJF,A359XD7J8BFYBG
B09SNS9SWN,A359XD7J8BFYBG
B09JW1GBCG,A359XD7J8BFYBG
B09HBWQR5M,A359XD7J8BFYBG
B09FJN4HPW,A359XD7J8BFYBG
B09F6Z1ZCC,A359XD7J8BFYBG
B09DTKS252,A359XD7J8BFYBG
B09C1LF2X7,A359XD7J8BFYBG
B0975JK7NZ,A359XD7J8BFYBG
B0957GFVV6,A359XD7J8BFYBG
B07HL44LSS,A359XD7J8BFYBG
B07HBR9D1Z,A359XD7J8BFYBG
B07DC4MYT4,A359XD7J8BFYBG
B07C19ZXC5,A359XD7J8BFYBG
B077Z7ZT5W,A359XD7J8BFYBG
B077N65Z8J,A359XD7J8BFYBG
B076KY8CTL,A359XD7J8BFYBG
B074P598VJ,A359XD7J8BFYBG
B01MQYN3OY,A359XD7J8BFYBG
B01M0HQK8Y,A359XD7J8BFYBG
B0179ZBADO,A359XD7J8BFYBG
B00MOIXVHK,A359XD7J8BFYBG
B00MOIXUGW,A359XD7J8BFYBG
B00MOIQPAA,A359XD7J8BFYBG
B00LTDON0K,A359XD7J8BFYBG
B00JQIPN3Q,A359XD7J8BFYBG
B08QVZKJFF,A359XD7J8BFYBG
B08CDD2BRF,A359XD7J8BFYBG
B083KB8B2T,A359XD7J8BFYBG
B0C2L31SD6,A359XD7J8BFYBG
B08GSKRF62,A359XD7J8BFYBG
B08GS62WSG,A359XD7J8BFYBG
B085DTGWGK,A359XD7J8BFYBG
B09YCC73SS,A359XD7J8BFYBG
B0CXXJ819H,A359XD7J8BFYBG
B0CCXLZNF2,A359XD7J8BFYBG
B0CCV8C4T6,A359XD7J8BFYBG
B0C7NWVTVX,A359XD7J8BFYBG
B0C1YX39S5,A359XD7J8BFYBG
B0C1GHQT42,A359XD7J8BFYBG
B0BZPTL7HZ,A359XD7J8BFYBG
B0BY33NN93,A359XD7J8BFYBG
B0BVYGJ9GH,A359XD7J8BFYBG
B0BQPGT51N,A359XD7J8BFYBG
B0BNZZ79RD,A359XD7J8BFYBG
B0BMFHS85Q,A359XD7J8BFYBG
B0BM4Y1CZ8,A359XD7J8BFYBG
B0BKKRC5XS,A359XD7J8BFYBG
B0BJLGZH15,A359XD7J8BFYBG
B0B928DCHT,A359XD7J8BFYBG
B0B7WYP7YJ,A359XD7J8BFYBG
B07FTKP77C,A359XD7J8BFYBG
B08GR16DMD,A359XD7J8BFYBG
B09BCG9RTQ,A359XD7J8BFYBG
B0839HK1NM,A359XD7J8BFYBG
B07X24KZSS,A359XD7J8BFYBG
B09ZXJG3QT,A359XD7J8BFYBG
B09L65Z83D,A359XD7J8BFYBG
B09SKNHH4D,A359XD7J8BFYBG
B092CBRCY1,A359XD7J8BFYBG
B09151L3KX,A359XD7J8BFYBG
B08VHL1TPD,A359XD7J8BFYBG
B08VFT1328,A359XD7J8BFYBG
B08TV76J26,A359XD7J8BFYBG
B08RZC38VF,A359XD7J8BFYBG
B08QFLPKQZ,A359XD7J8BFYBG
B08N42RQF6,A359XD7J8BFYBG
B08MZ977HQ,A359XD7J8BFYBG
B08MX2RQF9,A359XD7J8BFYBG
B08GFSTYR9,A359XD7J8BFYBG
B08G8F9GJ8,A359XD7J8BFYBG
B08CZPZJSD,A359XD7J8BFYBG
B089Y5Q3K2,A359XD7J8BFYBG
B088RBMZ7T,A359XD7J8BFYBG
B085DZMDKH,A359XD7J8BFYBG
B08TX7Q9JT,A359XD7J8BFYBG
B08PF5L2BJ,A359XD7J8BFYBG
B0D96M3C5F,A359XD7J8BFYBG
B0D2KZQ49L,A359XD7J8BFYBG
B0B384JCP8,A359XD7J8BFYBG
B0CLP3C8Y1,A359XD7J8BFYBG
B0DJ35WD2B,A359XD7J8BFYBG
B09NVHJ4GW,A359XD7J8BFYBG
B0CHYRBZ76,A359XD7J8BFYBG
B004U2JR8K,A359XD7J8BFYBG
B0CXVH3NXS,A359XD7J8BFYBG
B000VTO2A4,A359XD7J8BFYBG
B095B9C15R,A359XD7J8BFYBG
B0B64BTV88,A359XD7J8BFYBG
B08GHR7KK2,A359XD7J8BFYBG
B0BVBYH1F1,A359XD7J8BFYBG
B0CHB8L8BS,A359XD7J8BFYBG
B001FFH4E4,A359XD7J8BFYBG
B00C780KZI,A359XD7J8BFYBG
B06XW3FS7V,A359XD7J8BFYBG
B08255ZW86,A359XD7J8BFYBG
B0DNNG7JCP,A359XD7J8BFYBG
B0BZQG9HVC,A359XD7J8BFYBG
B0007L712M,A359XD7J8BFYBG
B008VGMWCO,A359XD7J8BFYBG
B078T9XDR3,A359XD7J8BFYBG
B09MS7PFHW,A359XD7J8BFYBG
B0CQCML27P,A359XD7J8BFYBG
B0CY5FDV5B,A359XD7J8BFYBG
B08WR6Y3Z9,A359XD7J8BFYBG
B01FZSB5Z0,A359XD7J8BFYBG
B0BZD3DSXL,A359XD7J8BFYBG
B095DMWLFG,A359XD7J8BFYBG
B09XXK72DJ,A359XD7J8BFYBG
B00AIIG8I2,A359XD7J8BFYBG
B08Q1WQKTS,A359XD7J8BFYBG
B01CF55M1O,A359XD7J8BFYBG
B09XVCMJLD,A359XD7J8BFYBG
B086S2FFNC,A359XD7J8BFYBG
B0CGDK4JTN,A359XD7J8BFYBG
B09YTT3B4L,A359XD7J8BFYBG
B099ZSL1HJ,A359XD7J8BFYBG
B0CC8XGLR5,A359XD7J8BFYBG
B07Q5J7X3B,A359XD7J8BFYBG
B08YJT3237,A359XD7J8BFYBG
B0D12SWX7C,A359XD7J8BFYBG
B0BM4ZG96C,A359XD7J8BFYBG
B0D21GTCMX,A359XD7J8BFYBG
B0983WXZ26,A359XD7J8BFYBG
B07JN6FNZ4,A359XD7J8BFYBG
B0BSB3PNQV,A359XD7J8BFYBG
B07CJJLPJG,A359XD7J8BFYBG
B08K446F8H,A359XD7J8BFYBG
B07N6955M6,A359XD7J8BFYBG
B0CSDF3FXH,A359XD7J8BFYBG
B0BGK89F5D,A359XD7J8BFYBG
B097FGBY86,A359XD7J8BFYBG
B092DDYPYD,A359XD7J8BFYBG
B077VWJRKZ,A359XD7J8BFYBG
B0BWNGDZX2,A359XD7J8BFYBG
B0BBWFR3JY,A359XD7J8BFYBG
B0BZYZX223,A359XD7J8BFYBG
B0BWH697WM,A359XD7J8BFYBG
B01DZW4B68,A359XD7J8BFYBG
B0BR3GY9PK,A359XD7J8BFYBG
B08175MQZP,A359XD7J8BFYBG
B0C4DZWM4P,A359XD7J8BFYBG
B0BK4LNX48,A359XD7J8BFYBG
B0047EA48I,A359XD7J8BFYBG
B08Z78QHZD,A359XD7J8BFYBG
B07TV79CGP,A359XD7J8BFYBG
B0CJFKCNNK,A359XD7J8BFYBG
B09SB86G7Z,A359XD7J8BFYBG
B09PV7RRPN,A359XD7J8BFYBG
B0C6GRZYMJ,A359XD7J8BFYBG
B00GYV48YS,A359XD7J8BFYBG
B085235CVQ,A359XD7J8BFYBG
B00004SQGJ,A359XD7J8BFYBG
B09Y8ZQV8S,A359XD7J8BFYBG
B09PB92269,A359XD7J8BFYBG
B084ZPX117,A359XD7J8BFYBG
B07T3BCP3K,A359XD7J8BFYBG
B0C2L9CRK8,A359XD7J8BFYBG
B0BNNZTRN7,A359XD7J8BFYBG
B0BKL995N3,A359XD7J8BFYBG
B0B7GF63DP,A359XD7J8BFYBG
B07ZK9LH22,A359XD7J8BFYBG
B07VXLW8H9,A359XD7J8BFYBG
B06XC4KT1T,A359XD7J8BFYBG
B01067UJS4,A359XD7J8BFYBG
B002BUL1LE,A359XD7J8BFYBG
B0DS2BGV47,A359XD7J8BFYBG
B0DPB9MK9G,A359XD7J8BFYBG
B0DNRZJ89H,A359XD7J8BFYBG
B0DJS2N4K8,A359XD7J8BFYBG
B0DCP4TRQJ,A359XD7J8BFYBG
B0DB22CT2B,A359XD7J8BFYBG
B005UQR48A,A359XD7J8BFYBG
B0CMQY5FSY,A359XD7J8BFYBG
B0D7DPG6PB,A359XD7J8BFYBG
B0C9Q3RT7Z,A359XD7J8BFYBG
B07K7RZ44Z,A359XD7J8BFYBG
B09VGQPGFG,A359XD7J8BFYBG
B0D75XZQPT,A359XD7J8BFYBG
B0D6WRXBX6,A359XD7J8BFYBG
B0CY1V8J3J,A359XD7J8BFYBG
B0CW9WV4V7,A359XD7J8BFYBG
B0CV64X7GP,A359XD7J8BFYBG
B0CR1YX1T1,A359XD7J8BFYBG
B0CQYXK31X,A359XD7J8BFYBG
B0CP6CBK34,A359XD7J8BFYBG
B0CM17ZBJD,A359XD7J8BFYBG
B0CLYPNG57,A359XD7J8BFYBG
B0CL2SNS44,A359XD7J8BFYBG
B0CJRM24RS,A359XD7J8BFYBG
B0CJCSNFZ2,A359XD7J8BFYBG
B0CH9VPRWS,A359XD7J8BFYBG
B0CCS39VKS,A359XD7J8BFYBG
B0CCHTFSWZ,A359XD7J8BFYBG
B017IHVSLM,A359XD7J8BFYBG
B0BN1QMKMZ,A359XD7J8BFYBG
B00OQJR3T2,A359XD7J8BFYBG
B08MVGTB58,A359XD7J8BFYBG
B0CXSXY2MX,A359XD7J8BFYBG
B087VB3QQP,A359XD7J8BFYBG
B00DKA34XC,A359XD7J8BFYBG
B0BXFDC4FS,A359XD7J8BFYBG
B0967WGQ29,A359XD7J8BFYBG
B0CBTYZY2S,A359XD7J8BFYBG
B0C9MJP9FK,A359XD7J8BFYBG
B0C7TF25LM,A359XD7J8BFYBG
B0C5CSCX5Y,A359XD7J8BFYBG
B0C4V23FF3,A359XD7J8BFYBG
B0C3RFLY85,A359XD7J8BFYBG
B0C28SXYVJ,A359XD7J8BFYBG
B0C23WFQ4X,A359XD7J8BFYBG
B0C1C3872Z,A359XD7J8BFYBG
B0BZZB5XMJ,A359XD7J8BFYBG
B0BY2CG7VY,A359XD7J8BFYBG
B0BX8RKJGW,A359XD7J8BFYBG
B0BTT86KG5,A359XD7J8BFYBG
B0BSVG8RGR,A359XD7J8BFYBG
B0BQ6KXMWY,A359XD7J8BFYBG
B0BG5GLMG4,A359XD7J8BFYBG
B0BG4ZCFLQ,A359XD7J8BFYBG
B0BDMNYSCT,A359XD7J8BFYBG
B0B9N694YS,A359XD7J8BFYBG
B0B932C69Q,A359XD7J8BFYBG
B0B8NG95J7,A359XD7J8BFYBG
B0B7QV96XP,A359XD7J8BFYBG
B0B55797KZ,A359XD7J8BFYBG
B0B1Q3SCHQ,A359XD7J8BFYBG
B09YCVZ9PS,A359XD7J8BFYBG
B09XBZR6QM,A359XD7J8BFYBG
B09X583Q24,A359XD7J8BFYBG
B09WHTP9C4,A359XD7J8BFYBG
B09TT6BT2X,A359XD7J8BFYBG
B09TSWST8H,A359XD7J8BFYBG
B09TJLBPRX,A359XD7J8BFYBG
B09SPXVP7M,A359XD7J8BFYBG
B09SKYZVJ1,A359XD7J8BFYBG
B09PFMY195,A359XD7J8BFYBG
B09MB6BYLN,A359XD7J8BFYBG
B09LZ36SGN,A359XD7J8BFYBG
B09K8TP2S2,A359XD7J8BFYBG
B09J847Y5X,A359XD7J8BFYBG
B09CQ4QD1B,A359XD7J8BFYBG
B09CM48NQM,A359XD7J8BFYBG
B09BDYG5ZL,A359XD7J8BFYBG
B097Q4RWYY,A359XD7J8BFYBG
B096SWY636,A359XD7J8BFYBG
B0968BCPPT,A359XD7J8BFYBG
B094R7PDM1,A359XD7J8BFYBG
B091SZ1KS1,A359XD7J8BFYBG
B08YRQMWBS,A359XD7J8BFYBG
B08X6K8FG7,A359XD7J8BFYBG
B08X185JSX,A359XD7J8BFYBG
B08QTQFMY1,A359XD7J8BFYBG
B08QDNBLH8,A359XD7J8BFYBG
B08Q8R9RX5,A359XD7J8BFYBG
B08N5HPTZP,A359XD7J8BFYBG
B08B9QH7CX,A359XD7J8BFYBG
B08959FXYB,A359XD7J8BFYBG
B088YJ87PX,A359XD7J8BFYBG
B088K5ZTQ3,A359XD7J8BFYBG
B0882Y9JS4,A359XD7J8BFYBG
B087D2MQZL,A359XD7J8BFYBG
B0869K8571,A359XD7J8BFYBG
B085VK5TFV,A359XD7J8BFYBG
B085PPZ48N,A359XD7J8BFYBG
B085CGVW4J,A359XD7J8BFYBG
B084SMMHSM,A359XD7J8BFYBG
B083NRVF1S,A359XD7J8BFYBG
B082FNLWTG,A359XD7J8BFYBG
B08296GPP3,A359XD7J8BFYBG
B07XLQ1NM7,A359XD7J8BFYBG
B07WHNJ9H8,A359XD7J8BFYBG
B07T4P3Z3D,A359XD7J8BFYBG
B07S5PZWY6,A359XD7J8BFYBG
B07R8Q5HWC,A359XD7J8BFYBG
B07QY57SNH,A359XD7J8BFYBG
B07Q2Q8K9X,A359XD7J8BFYBG
B07PRZMYD4,A359XD7J8BFYBG
B07P2YFSKX,A359XD7J8BFYBG
B07MLNR2YM,A359XD7J8BFYBG
B07KJSGV3T,A359XD7J8BFYBG
B07K1FCZNN,A359XD7J8BFYBG
B07FZL3BX1,A359XD7J8BFYBG
B07F5YRYP7,A359XD7J8BFYBG
B07D7LSZZP,A359XD7J8BFYBG
B078WP442W,A359XD7J8BFYBG
B0778JGLG7,A359XD7J8BFYBG
B074P3GXZW,A359XD7J8BFYBG
B0747R64LB,A359XD7J8BFYBG
B0747LNRQP,A359XD7J8BFYBG
B0716KPBPJ,A359XD7J8BFYBG
B06XTR25RC,A359XD7J8BFYBG
B01N9DMEU9,A359XD7J8BFYBG
B01LXYRG34,A359XD7J8BFYBG
B01C94E17C,A359XD7J8BFYBG
B011VTB4X0,A359XD7J8BFYBG
B00MOIX9ZY,A359XD7J8BFYBG
B00JS86L6W,A359XD7J8BFYBG
B00JJ18XIM,A359XD7J8BFYBG
B005MZZ0O4,A359XD7J8BFYBG
B005MZX03C,A359XD7J8BFYBG
B004MNSWJ2,A359XD7J8BFYBG
B002VKVISU,A359XD7J8BFYBG
B002FW6SAW,A359XD7J8BFYBG
B000UFZ8ZM,A359XD7J8BFYBG
B0006O8EEO,A359XD7J8BFYBG
B00068UUTW,A359XD7J8BFYBG
B08JD2HWKX,A359XD7J8BFYBG
B0865LPK7T,A359XD7J8BFYBG
B08G1FQFCJ,A359XD7J8BFYBG
B081PSKMBY,A359XD7J8BFYBG
B07XY1VC5T,A359XD7J8BFYBG
B09N584B29,A359XD7J8BFYBG
B0CD7RZN5G,A359XD7J8BFYBG
B07G798WXV,A359XD7J8BFYBG
B0837R8R56,A359XD7J8BFYBG
B07FNKM2VL,A359XD7J8BFYBG
B0BLNJNX25,A359XD7J8BFYBG
B09DY19ZXV,A359XD7J8BFYBG
B08DHP9SHT,A359XD7J8BFYBG
B0C3BMG98Z,A359XD7J8BFYBG
B086RFK6L3,A359XD7J8BFYBG
B086T5GH5J,A359XD7J8BFYBG
B08X4W317S,A359XD7J8BFYBG
B087H7SSFM,A359XD7J8BFYBG
B00IHPILCE,A359XD7J8BFYBG
B0BWM8DHPB,A359XD7J8BFYBG
B07V7TJ14B,A359XD7J8BFYBG
B07GLH6DCL,A359XD7J8BFYBG
B00CGHZMVC,A359XD7J8BFYBG
B0D5VJW9CJ,A359XD7J8BFYBG
B0BTYK1RNF,A359XD7J8BFYBG
B00X8EVJPK,A359XD7J8BFYBG
B00WRKL2SA,A359XD7J8BFYBG
B0CQYG4596,A359XD7J8BFYBG
B07X64THC5,A359XD7J8BFYBG
B083NVTMJH,A359XD7J8BFYBG
B0D9BCV9HD,A359XD7J8BFYBG
B000S5UEQC,A359XD7J8BFYBG
B08HGLYSX5,A359XD7J8BFYBG
B086YH9SFW,A359XD7J8BFYBG
B0771WL4SD,A359XD7J8BFYBG
B09KRC4J6W,A359XD7J8BFYBG
B09GK56F48,A359XD7J8BFYBG
B0BRCGDLT6,A359XD7J8BFYBG
B0C3GTC6FZ,A359XD7J8BFYBG
B08RRX73NW,A359XD7J8BFYBG
B0BQR5BZXD,A359XD7J8BFYBG
B00ZAT5204,A359XD7J8BFYBG
B00ULZF5HC,A359XD7J8BFYBG
B081NTW9TM,A359XD7J8BFYBG
B0794NYW8W,A359XD7J8BFYBG
B00XMC5I8M,A359XD7J8BFYBG
B0CL9GDG5R,A359XD7J8BFYBG
B09FFCSS5V,A359XD7J8BFYBG
B087CQCPBY,A359XD7J8BFYBG
B085198LF5,A359XD7J8BFYBG
B00JB2UDTQ,A359XD7J8BFYBG
B07H2NLCX5,A359XD7J8BFYBG
B0B811RDG9,A359XD7J8BFYBG
B083TJ5H7Z,A359XD7J8BFYBG
B09VQ4VB2F,A359XD7J8BFYBG
B0BT73XYQG,A359XD7J8BFYBG
B07W9JH4RV,A359XD7J8BFYBG
B07RVBL5MM,A359XD7J8BFYBG
B0B1HR3L7D,A359XD7J8BFYBG
B09NPVWDJN,A359XD7J8BFYBG
B0DK1KBY3V,A359XD7J8BFYBG
B099DS9CMT,A359XD7J8BFYBG
B09HHBCQM6,A359XD7J8BFYBG
B0BF911ZMT,A359XD7J8BFYBG
B0BCZFBNND,A359XD7J8BFYBG
B005IXSXPI,A359XD7J8BFYBG
B0D73R6MP2,A359XD7J8BFYBG
B0CP3LPJR3,A359XD7J8BFYBG
B08LH5TCM5,A359XD7J8BFYBG
B07K82PB58,A359XD7J8BFYBG
B0B9HRTJ3H,A359XD7J8BFYBG
B0752GM69W,A359XD7J8BFYBG
B0BX5NGFWN,A359XD7J8BFYBG
B0050GWVG0,A359XD7J8BFYBG
B0055QAD8I,A359XD7J8BFYBG
B073W4WRXM,A359XD7J8BFYBG
B09Q58TZ4R,A359XD7J8BFYBG
B09SGCLFKD,A359XD7J8BFYBG
B0BNB98MF9,A359XD7J8BFYBG
B0D19CZ3JF,A359XD7J8BFYBG
B0CTHK75DX,A359XD7J8BFYBG
B07CBNRV9L,A359XD7J8BFYBG
B0CB7N8JTJ,A359XD7J8BFYBG
B0C2L478LM,A359XD7J8BFYBG
B0B6R6K1RC,A359XD7J8BFYBG
B0B59MZ5SZ,A359XD7J8BFYBG
B0CH3H8FTX,A359XD7J8BFYBG
B0BTCQ8YB3,A359XD7J8BFYBG
B0BJQHSTX2,A359XD7J8BFYBG
B09TWF381C,A359XD7J8BFYBG
B07QQQP8B6,A359XD7J8BFYBG
B0CRD7WQTJ,A359XD7J8BFYBG
B0D8T927RQ,A359XD7J8BFYBG
B07VNV2ZKP,A359XD7J8BFYBG
B00CM3KZZ8,A359XD7J8BFYBG
B0BZND24WK,A359XD7J8BFYBG
B09F4YPFDV,A359XD7J8BFYBG
B0837SWX8Y,A359XD7J8BFYBG
B0CQZ3DYMW,A359XD7J8BFYBG
B094N55LN7,A359XD7J8BFYBG
B097RTTZFZ,A359XD7J8BFYBG
B07K25BK8V,A359XD7J8BFYBG
B013TBRI2E,A359XD7J8BFYBG
B077CYKHZ6,A359XD7J8BFYBG
B0CFWRFRNF,A359XD7J8BFYBG
B0D4WSDVM1,A359XD7J8BFYBG
B0CLTTFJJT,A359XD7J8BFYBG
B0BXSN6ZPR,A359XD7J8BFYBG
B005IF2SOS,A359XD7J8BFYBG
B09JP5PT1L,A359XD7J8BFYBG
B00IXUUVIA,A359XD7J8BFYBG
B07NKCV2BL,A359XD7J8BFYBG
B07W736H5R,A359XD7J8BFYBG
B0BJ2QBSKB,A359XD7J8BFYBG
B0B1DC433D,A359XD7J8BFYBG
B0B1GT971C,A359XD7J8BFYBG
B018UPBFUK,A359XD7J8BFYBG
B0B6C8919J,A359XD7J8BFYBG
B002ALF5RA,A359XD7J8BFYBG
B0CB7R2TR2,A359XD7J8BFYBG
B0B6W1MKKP,A359XD7J8BFYBG
B0CTQRN974,A359XD7J8BFYBG
B0BZ53BWJZ,A359XD7J8BFYBG
B0BDQ57FHD,A359XD7J8BFYBG
B071YCNNR3,A359XD7J8BFYBG
B09HX4XXVD,A359XD7J8BFYBG
B0CHFXQ1LL,A359XD7J8BFYBG
B07DC48V5H,A359XD7J8BFYBG
B0CPDYLXL6,A359XD7J8BFYBG
B088YKCZPC,A359XD7J8BFYBG
B09X61Y4R6,A359XD7J8BFYBG
B0B92KWV3W,A359XD7J8BFYBG
B00204CQF6,A359XD7J8BFYBG
B0D7Q8R365,A359XD7J8BFYBG
B07FH3LH1H,A359XD7J8BFYBG
B088386RPX,A359XD7J8BFYBG
B0D4QXJKYM,A359XD7J8BFYBG
B009G75LKC,A359XD7J8BFYBG
B0CB5Q5J28,A359XD7J8BFYBG
B0BRTH7Y23,A359XD7J8BFYBG
B0784NYC4L,A359XD7J8BFYBG
B0D1V76BSZ,A359XD7J8BFYBG
B0D2DJVQ5C,A359XD7J8BFYBG
B0BN6TQRM4,A359XD7J8BFYBG
B0CKQ5W9GT,A359XD7J8BFYBG
B09PTGZMXB,A359XD7J8BFYBG
B093LCYS9L,A359XD7J8BFYBG
B0DPPP3WGF,A359XD7J8BFYBG
B0DBZT56JB,A359XD7J8BFYBG
B0D54R6X6X,A359XD7J8BFYBG
B0CTHLM7HP,A359XD7J8BFYBG
B0CSVLY6FH,A359XD7J8BFYBG
B0CL9KKCNG,A359XD7J8BFYBG
B0CL624MZZ,A359XD7J8BFYBG
B0CJRBWWX6,A359XD7J8BFYBG
B0CJM18DC2,A359XD7J8BFYBG
B0CF8Q1QK1,A359XD7J8BFYBG
B0CDP95PB7,A359XD7J8BFYBG
B0CDLDKC4B,A359XD7J8BFYBG
B0CDC2ZCS1,A359XD7J8BFYBG
B0CC625NTQ,A359XD7J8BFYBG
B0CBTNTR7W,A359XD7J8BFYBG
B0C7KSJMM5,A359XD7J8BFYBG
B0C6NFBTQ5,A359XD7J8BFYBG
B0C4XXB4PC,A359XD7J8BFYBG
B0C4P892Y6,A359XD7J8BFYBG
B0BZQDZSCP,A359XD7J8BFYBG
B0BZKHFGNB,A359XD7J8BFYBG
B0BX95MWBX,A359XD7J8BFYBG
B0BR5GQK5F,A359XD7J8BFYBG
B0BP72YCK7,A359XD7J8BFYBG
B0BLCVQVKJ,A359XD7J8BFYBG
B0BKPHJVVQ,A359XD7J8BFYBG
B0BKGWDJB7,A359XD7J8BFYBG
B0BHCZF5JG,A359XD7J8BFYBG
B0BH8N5THF,A359XD7J8BFYBG
B0BGHZQ1DM,A359XD7J8BFYBG
B0BCVGVDCV,A359XD7J8BFYBG
B0BCV2T6LD,A359XD7J8BFYBG
B0B9QHK9LZ,A359XD7J8BFYBG
B0B5G4VLST,A359XD7J8BFYBG
B0B3DDK6BY,A359XD7J8BFYBG
B0B2HV58TM,A359XD7J8BFYBG
B0B1DFHKSP,A359XD7J8BFYBG
B09WMJ7FXN,A359XD7J8BFYBG
B09QBVBCS3,A359XD7J8BFYBG
B09PQLVQVQ,A359XD7J8BFYBG
B09KZR9MQ5,A359XD7J8BFYBG
B09JM4QW26,A359XD7J8BFYBG
B09H7C9G81,A359XD7J8BFYBG
B09FJV4B1P,A359XD7J8BFYBG
B09BHX4F59,A359XD7J8BFYBG
B09573CWSR,A359XD7J8BFYBG
B093TZQZN1,A359XD7J8BFYBG
B08XQV25VW,A359XD7J8BFYBG
B089CVMLQJ,A359XD7J8BFYBG
B086HZQLDK,A359XD7J8BFYBG
B0839KC8CF,A359XD7J8BFYBG
B0813D48RK,A359XD7J8BFYBG
B07YC515DX,A359XD7J8BFYBG
B07XRHJNQX,A359XD7J8BFYBG
B07XNTDRZK,A359XD7J8BFYBG
B07X9LN4ZN,A359XD7J8BFYBG
B07TWKQKPX,A359XD7J8BFYBG
B07RYMD9Y4,A359XD7J8BFYBG
B07PRF3B7B,A359XD7J8BFYBG
B07NYNVHZY,A359XD7J8BFYBG
B07L36T8F4,A359XD7J8BFYBG
B07GPFC4VJ,A359XD7J8BFYBG
B07F1L5NNG,A359XD7J8BFYBG
B07D8Y3HGD,A359XD7J8BFYBG
B078PGQJ41,A359XD7J8BFYBG
B077P4QSPZ,A359XD7J8BFYBG
B0747RTJQF,A359XD7J8BFYBG
B0744MQP9P,A359XD7J8BFYBG
B0738M9P7S,A359XD7J8BFYBG
B071ZT4XBD,A359XD7J8BFYBG
B071GVYSJG,A359XD7J8BFYBG
B06ZYG7FB2,A359XD7J8BFYBG
B06XFHDY52,A359XD7J8BFYBG
B01M17PHO4,A359XD7J8BFYBG
B01FT485S0,A359XD7J8BFYBG
B01DWQXFB4,A359XD7J8BFYBG
B01B5D740O,A359XD7J8BFYBG
B017VJD4A0,A359XD7J8BFYBG
B00YW8USKI,A359XD7J8BFYBG
B00PBOJM2M,A359XD7J8BFYBG
B0CM961K6H,A359XD7J8BFYBG
B0CXYYF5HW,A359XD7J8BFYBG
B0CC1BZ1DC,A359XD7J8BFYBG
B08KL2YRKM,A359XD7J8BFYBG
B08Q4344FC,A359XD7J8BFYBG
B0DJ7QX5WG,A359XD7J8BFYBG
B083JRQY2S,A359XD7J8BFYBG
B0C6TFM91Q,A359XD7J8BFYBG
B098NQ685V,A359XD7J8BFYBG
B00HCS8D4I,A359XD7J8BFYBG
B00068UVV4,A359XD7J8BFYBG
B08C2Q1JWX,A359XD7J8BFYBG
B0D4HLY4KP,A359XD7J8BFYBG
B0D48D1D5T,A359XD7J8BFYBG
B0D3CMZ1G2,A359XD7J8BFYBG
B0D16VJ9T8,A359XD7J8BFYBG
B0CXPL5L1N,A359XD7J8BFYBG
B0CX8ZFZH6,A359XD7J8BFYBG
B0CPKQ2DGT,A359XD7J8BFYBG
B0CP6V96J5,A359XD7J8BFYBG
B0CMD6FZX2,A359XD7J8BFYBG
B0CMCMMGBW,A359XD7J8BFYBG
B0CLV635ZC,A359XD7J8BFYBG
B0CKKPT6HZ,A359XD7J8BFYBG
B0CJKKZSRW,A359XD7J8BFYBG
B0CJBRYQF3,A359XD7J8BFYBG
B0CHWCGC6C,A359XD7J8BFYBG
B0CHSB1SKW,A359XD7J8BFYBG
B0CHL6868D,A359XD7J8BFYBG
B0CGZF32G6,A359XD7J8BFYBG
B0CGM5XZ2L,A359XD7J8BFYBG
B0CF8PNSY6,A359XD7J8BFYBG
B0CCRSD145,A359XD7J8BFYBG
B0CCLMC78G,A359XD7J8BFYBG
B0CC8BSVNN,A359XD7J8BFYBG
B0CBTP6C2T,A359XD7J8BFYBG
B0C9PG687Q,A359XD7J8BFYBG
B0C8H352KF,A359XD7J8BFYBG
B0C89F51RX,A359XD7J8BFYBG
B0C85ZZT8R,A359XD7J8BFYBG
B0C7M6HKR1,A359XD7J8BFYBG
B0C7LMQ2ZM,A359XD7J8BFYBG
B0C6X24W5Q,A359XD7J8BFYBG
B0C6L1CS7T,A359XD7J8BFYBG
B0D7TQHD5S,A359XD7J8BFYBG
B09RS5C3LR,A359XD7J8BFYBG
B08XPJ9KY9,A359XD7J8BFYBG
B098X5BPPP,A359XD7J8BFYBG
B09XMKV9LM,A359XD7J8BFYBG
B0CJTFNNBX,A359XD7J8BFYBG
B097R4K89V,A359XD7J8BFYBG
B0C5ST764Z,A359XD7J8BFYBG
B0C5M1YDKQ,A359XD7J8BFYBG
B0C5HX3N7L,A359XD7J8BFYBG
B0C5BHJ1C1,A359XD7J8BFYBG
B0C5932JLG,A359XD7J8BFYBG
B0C58S9CW1,A359XD7J8BFYBG
B0C4DYLRMT,A359XD7J8BFYBG
B0C23MGLLL,A359XD7J8BFYBG
B0C1NLRWRB,A359XD7J8BFYBG
B0BY5LMMPY,A359XD7J8BFYBG
B0BXYJC35C,A359XD7J8BFYBG
B0BWNSS33W,A359XD7J8BFYBG
B0BS5V32VW,A359XD7J8BFYBG
B0BRCVW98B,A359XD7J8BFYBG
B0BQDYJ49D,A359XD7J8BFYBG
B0BLVF14FQ,A359XD7J8BFYBG
B09J1CZZLZ,A359XD7J8BFYBG
B08M99S124,A359XD7J8BFYBG
B08HGVWKC7,A359XD7J8BFYBG
B0D3VDL1D3,A359XD7J8BFYBG
B0CYR25762,A359XD7J8BFYBG
B0BQVYW9MC,A359XD7J8BFYBG
B08ZNBXGJN,A359XD7J8BFYBG
B08DJYRW7L,A359XD7J8BFYBG
B07ZKVQCQX,A359XD7J8BFYBG
B07VYHPWWC,A359XD7J8BFYBG
B074VRY5K3,A359XD7J8BFYBG
B00BUPN6UA,A359XD7J8BFYBG
B007JW093K,A359XD7J8BFYBG
B09XBTPXD1,A359XD7J8BFYBG
B0DPM9T8QY,A359XD7J8BFYBG
B0D62VPTHM,A359XD7J8BFYBG
B09WMY5YP6,A359XD7J8BFYBG
B09W5L9H23,A359XD7J8BFYBG
B09W2J1P7P,A359XD7J8BFYBG
B09V7MSNN6,A359XD7J8BFYBG
B09TZTPT66,A359XD7J8BFYBG
B09S3MXCZ5,A359XD7J8BFYBG
B09QW1PYQJ,A359XD7J8BFYBG
B09PFVV61Y,A359XD7J8BFYBG
B09P5MY71V,A359XD7J8BFYBG
B09NPRY5G7,A359XD7J8BFYBG
B09LJJFQVF,A359XD7J8BFYBG
B09J21TW5M,A359XD7J8BFYBG
B09DY8HN5S,A359XD7J8BFYBG
B099T52VQV,A359XD7J8BFYBG
B097XVNGJB,A359XD7J8BFYBG
B097WTC8H1,A359XD7J8BFYBG
B0BLBTJ7WB,A359XD7J8BFYBG
B0BD5C2F5X,A359XD7J8BFYBG
B0B5GP84R8,A359XD7J8BFYBG
B0B512DS1K,A359XD7J8BFYBG
B0B4NR55N3,A359XD7J8BFYBG
B0B4MMKMX4,A359XD7J8BFYBG
B0B41SJYCS,A359XD7J8BFYBG
B0B3DCYTGV,A359XD7J8BFYBG
B0B1Q1PJGK,A359XD7J8BFYBG
B0B1LQK5BQ,A359XD7J8BFYBG
B09ZL5YR8J,A359XD7J8BFYBG
B09XN2VSZM,A359XD7J8BFYBG
B09WN15LB8,A359XD7J8BFYBG
B09WMZ436H,A359XD7J8BFYBG
B09WMZ12KM,A359XD7J8BFYBG
B09WMYRT5S,A359XD7J8BFYBG
B083S5GMF8,A359XD7J8BFYBG
B0822PSN71,A359XD7J8BFYBG
B081TMDTTS,A359XD7J8BFYBG
B081GGNWCX,A359XD7J8BFYBG
B0811LF55Y,A359XD7J8BFYBG
B07ZS1SLY3,A359XD7J8BFYBG
B07X5FPH63,A359XD7J8BFYBG
B07WXP6J43,A359XD7J8BFYBG
B07WVR9XQM,A359XD7J8BFYBG
B07W5SBXRM,A359XD7J8BFYBG
B07VZX1F21,A359XD7J8BFYBG
B07VQ5Q6YN,A359XD7J8BFYBG
B07TZJTLYX,A359XD7J8BFYBG
B07TRJ4D95,A359XD7J8BFYBG
B07RY9W2XS,A359XD7J8BFYBG
B07RT8NT9Z,A359XD7J8BFYBG
B07RHR781N,A359XD7J8BFYBG
B07QYGRZ9H,A359XD7J8BFYBG
B07PDSVKLG,A359XD7J8BFYBG
B07NQDH6TB,A359XD7J8BFYBG
B07MVP6G6D,A359XD7J8BFYBG
B07MVNHQFK,A359XD7J8BFYBG
B07LBGK512,A359XD7J8BFYBG
B07KR54VWP,A359XD7J8BFYBG
B07J2NJ964,A359XD7J8BFYBG
B07H4S3KZD,A359XD7J8BFYBG
B07GB8B1NC,A359XD7J8BFYBG
B07DTJNGX4,A359XD7J8BFYBG
B07DBZ2HSM,A359XD7J8BFYBG
B07D1Z3CR3,A359XD7J8BFYBG
B07CVTQ2KL,A359XD7J8BFYBG
B07BS7CZ5Z,A359XD7J8BFYBG
B095VQGL66,A359XD7J8BFYBG
B095HKVW46,A359XD7J8BFYBG
B0932WTTQP,A359XD7J8BFYBG
B0927DYQCH,A359XD7J8BFYBG
B091T36QLM,A359XD7J8BFYBG
B08YXTZDMS,A359XD7J8BFYBG
B08YV7JCQ9,A359XD7J8BFYBG
B08W8KQX4H,A359XD7J8BFYBG
B08SJNQ3BV,A359XD7J8BFYBG
B08RCK8K3W,A359XD7J8BFYBG
B08Q4NLW8G,A359XD7J8BFYBG
B08NGYPN9L,A359XD7J8BFYBG
B08MW82ZTC,A359XD7J8BFYBG
B08LGY1BX8,A359XD7J8BFYBG
B08KLZBKCB,A359XD7J8BFYBG
B08KJN9Y3J,A359XD7J8BFYBG
B08KJGZP75,A359XD7J8BFYBG
B08KG7XZKT,A359XD7J8BFYBG
B08K2Q9RCK,A359XD7J8BFYBG
B08JVGMTC9,A359XD7J8BFYBG
B08FXRTNWK,A359XD7J8BFYBG
B08FRQZSGY,A359XD7J8BFYBG
B08DR82DDH,A359XD7J8BFYBG
B089Y32LK8,A359XD7J8BFYBG
B0892DKNR3,A359XD7J8BFYBG
B088GPYWQL,A359XD7J8BFYBG
B088F3LP77,A359XD7J8BFYBG
B087GXJKPY,A359XD7J8BFYBG
B0868R19P9,A359XD7J8BFYBG
B085PTYYN7,A359XD7J8BFYBG
B0851S3V1N,A359XD7J8BFYBG
B084RT6GF7,A359XD7J8BFYBG
B01BHD98YW,A359XD7J8BFYBG
B0106BZI86,A359XD7J8BFYBG
B00I1RCLE2,A359XD7J8BFYBG
B00HDOYKJS,A359XD7J8BFYBG
B00BITNKT0,A359XD7J8BFYBG
B00A3Z32MK,A359XD7J8BFYBG
B009CVLCTQ,A359XD7J8BFYBG
B003ATFX96,A359XD7J8BFYBG
B002MB6QJO,A359XD7J8BFYBG
B001YD06PQ,A359XD7J8BFYBG
B0000DJR2Y,A359XD7J8BFYBG
9935480607,A359XD7J8BFYBG
B07PK6B14R,A359XD7J8BFYBG
B07L5GF7TS,A359XD7J8BFYBG
B09KGF1D29,A359XD7J8BFYBG
B078JFX86H,A359XD7J8BFYBG
B075V28BPY,A359XD7J8BFYBG
B075SXMD9Z,A359XD7J8BFYBG
B0747Q2K29,A359XD7J8BFYBG
B073Y79SQS,A359XD7J8BFYBG
B071NX2ZGP,A359XD7J8BFYBG
B06XCBX55R,A359XD7J8BFYBG
B06XBJ6HZG,A359XD7J8BFYBG
B01M2XBMNY,A359XD7J8BFYBG
B01M1UVOQE,A359XD7J8BFYBG
B01KNGVOTG,A359XD7J8BFYBG
B01IVYG9SS,A359XD7J8BFYBG
B01I0X9UQ8,A359XD7J8BFYBG
B01HTU9TLY,A359XD7J8BFYBG
B01HFJYEQE,A359XD7J8BFYBG
B01CUI03O2,A359XD7J8BFYBG
B0CP72SY9Z,A359XD7J8BFYBG
B09D7MRPJF,A359XD7J8BFYBG
B0CC5CR22D,A359XD7J8BFYBG
B0BZZW6XNW,A359XD7J8BFYBG
B0BPPSQDWF,A359XD7J8BFYBG
B0BP54LX7J,A359XD7J8BFYBG
B0BM3562LP,A359XD7J8BFYBG
B0BJCD22J3,A359XD7J8BFYBG
B09NGJQXSR,A359XD7J8BFYBG
B09LQW7R3V,A359XD7J8BFYBG
B08CK6TXLN,A359XD7J8BFYBG
B07K7F81D4,A359XD7J8BFYBG
B003PHLTOG,A359XD7J8BFYBG
B00025YRJS,A359XD7J8BFYBG
B0DMNX25PG,A359XD7J8BFYBG
B0DM5Y6LT1,A359XD7J8BFYBG
B0DHBWZS9C,A359XD7J8BFYBG
B0D65V9P28,A359XD7J8BFYBG
B0D62BS63R,A359XD7J8BFYBG
B0D1GL8PF7,A359XD7J8BFYBG
B0CVXBG1GK,A359XD7J8BFYBG
B0CVX3RGFN,A359XD7J8BFYBG
B0CVWSXZTG,A359XD7J8BFYBG
B0CTHBWXPS,A359XD7J8BFYBG
B0CS3QFSV9,A359XD7J8BFYBG
B0CRV46DGY,A359XD7J8BFYBG
B0CR9X6YXK,A359XD7J8BFYBG
B0CQC3SCPD,A359XD7J8BFYBG
B0CPLX6CQW,A359XD7J8BFYBG
B0CP6XN42M,A359XD7J8BFYBG
B0CKMY9P3L,A359XD7J8BFYBG
B0CJF8LYMB,A359XD7J8BFYBG
B0BV7B6JTV,A359XD7J8BFYBG
B0BSB1SD3G,A359XD7J8BFYBG
B0BRHXXPLW,A359XD7J8BFYBG
B0BR3HVFV7,A359XD7J8BFYBG
B0BNTCTSK5,A359XD7J8BFYBG
B0BNKJ9DJR,A359XD7J8BFYBG
B0BNKCKHHD,A359XD7J8BFYBG
B0BL6TB5RM,A359XD7J8BFYBG
B0BL445Z6Y,A359XD7J8BFYBG
B0BJVWV4LH,A359XD7J8BFYBG
B0BBM6WTBT,A359XD7J8BFYBG
B0B9WK84T6,A359XD7J8BFYBG
B0B8RHGZX8,A359XD7J8BFYBG
B0B8M79RJM,A359XD7J8BFYBG
B0B824VR17,A359XD7J8BFYBG
B0B6TJX91T,A359XD7J8BFYBG
B0CHR8K354,A359XD7J8BFYBG
B0CGT236KD,A359XD7J8BFYBG
B0CFPJCPY1,A359XD7J8BFYBG
B0CFBJQW4T,A359XD7J8BFYBG
B0CBKFXP2R,A359XD7J8BFYBG
B0CBCRN287,A359XD7J8BFYBG
B0C9934KNZ,A359XD7J8BFYBG
B0C7LNTXNY,A359XD7J8BFYBG
B0C7GGZ4JN,A359XD7J8BFYBG
B0C28TVWRW,A359XD7J8BFYBG
B0BZXJG1T3,A359XD7J8BFYBG
B0BZPH2ZS1,A359XD7J8BFYBG
B0BYK3364J,A359XD7J8BFYBG
B0BXDGNHD5,A359XD7J8BFYBG
B0BVZBD6ZV,A359XD7J8BFYBG
B0B6R9GRL8,A359XD7J8BFYBG
B0B4NLXJRR,A359XD7J8BFYBG
B0B41S6SLD,A359XD7J8BFYBG
B0B2PKLKY1,A359XD7J8BFYBG
B0B2KP18YV,A359XD7J8BFYBG
B0B12G1KGV,A359XD7J8BFYBG
B09ZLM91L6,A359XD7J8BFYBG
B09XR8CY7G,A359XD7J8BFYBG
B09WN1MVKT,A359XD7J8BFYBG
B09WN1LYVG,A359XD7J8BFYBG
B09WMZLYN9,A359XD7J8BFYBG
B09W2XWSCQ,A359XD7J8BFYBG
B09TJN89PK,A359XD7J8BFYBG
B09R25TK3V,A359XD7J8BFYBG
B09QL1C7S7,A359XD7J8BFYBG
B09PFWZX2B,A359XD7J8BFYBG
B08Y8PX6BR,A359XD7J8BFYBG
B08XYLSHJ7,A359XD7J8BFYBG
B08VSN3523,A359XD7J8BFYBG
B08TRRTNWQ,A359XD7J8BFYBG
B08PPBC5R5,A359XD7J8BFYBG
B08ND1QJST,A359XD7J8BFYBG
B08KGGPQZP,A359XD7J8BFYBG
B08GHWLYSK,A359XD7J8BFYBG
B08DLSXZV3,A359XD7J8BFYBG
B08CSMCQ4G,A359XD7J8BFYBG
B089K2VYS7,A359XD7J8BFYBG
B089CJ12G5,A359XD7J8BFYBG
B088TV5LY2,A359XD7J8BFYBG
B085XG52QK,A359XD7J8BFYBG
B085NHTN8R,A359XD7J8BFYBG
B085G54FPV,A359XD7J8BFYBG
B09LYRL8VC,A359XD7J8BFYBG
B09L5CC1FJ,A359XD7J8BFYBG
B09J2Q87F1,A359XD7J8BFYBG
B09CLL8K7G,A359XD7J8BFYBG
B09BFJFGTM,A359XD7J8BFYBG
B099N764R8,A359XD7J8BFYBG
B098JN2NKV,A359XD7J8BFYBG
B0987Z86M4,A359XD7J8BFYBG
B097RYG7N4,A359XD7J8BFYBG
B0952P4LBD,A359XD7J8BFYBG
B0933R5JVS,A359XD7J8BFYBG
B092LCZF2G,A359XD7J8BFYBG
B091YSYBQ7,A359XD7J8BFYBG
B091JS616X,A359XD7J8BFYBG
B08Z7KJW4X,A359XD7J8BFYBG
B08Y94X35X,A359XD7J8BFYBG
B082LTV289,A359XD7J8BFYBG
B0828JRJZH,A359XD7J8BFYBG
B07ZLN4MKZ,A359XD7J8BFYBG
B07ZHT714F,A359XD7J8BFYBG
B07ZDSB3YQ,A359XD7J8BFYBG
B07WFSCV75,A359XD7J8BFYBG
B07VCR8Y42,A359XD7J8BFYBG
B07V5LV584,A359XD7J8BFYBG
B07TWQFNMH,A359XD7J8BFYBG
B07T5D43RQ,A359XD7J8BFYBG
B07R1XT7ZR,A359XD7J8BFYBG
B07PWGMC5K,A359XD7J8BFYBG
B07PGHFJX8,A359XD7J8BFYBG
B07NYB18QV,A359XD7J8BFYBG
B07MPP5W6T,A359XD7J8BFYBG
B07MH2W7QS,A359XD7J8BFYBG
B07HNCJ935,A359XD7J8BFYBG
B07H2D5FWL,A359XD7J8BFYBG
B07GD6MV1G,A359XD7J8BFYBG
B07G933ZDC,A359XD7J8BFYBG
B07DBV4412,A359XD7J8BFYBG
B07CBVFV58,A359XD7J8BFYBG
B07C2QQXYB,A359XD7J8BFYBG
B077VBRH82,A359XD7J8BFYBG
B077JVDFMT,A359XD7J8BFYBG
B077883KBN,A359XD7J8BFYBG
B076QDG8K7,A359XD7J8BFYBG
B076C8ST22,A359XD7J8BFYBG
B0758BNDHX,A359XD7J8BFYBG
B0725M6NM5,A359XD7J8BFYBG
B01HHDCT1A,A359XD7J8BFYBG
B01DQ6RATS,A359XD7J8BFYBG
B01A6F1SD6,A359XD7J8BFYBG
B01743E844,A359XD7J8BFYBG
B016Y8HX92,A359XD7J8BFYBG
B00YI6T2M4,A359XD7J8BFYBG
B00WUCNWAG,A359XD7J8BFYBG
B00KDQONA4,A359XD7J8BFYBG
B00IO1SQKI,A359XD7J8BFYBG
B00HZSJ9T8,A359XD7J8BFYBG
B00DZ4GZUC,A359XD7J8BFYBG
B00DXZCROG,A359XD7J8BFYBG
B0093CHZ8G,A359XD7J8BFYBG
B006QXBJA0,A359XD7J8BFYBG
B005PPVCM0,A359XD7J8BFYBG
B005FYGXUC,A359XD7J8BFYBG
B005DN72IM,A359XD7J8BFYBG
B00411VLPM,A359XD7J8BFYBG
B003WUYG28,A359XD7J8BFYBG
B003CHUD6Y,A359XD7J8BFYBG
B002LZ9W92,A359XD7J8BFYBG
B00114OUPU,A359XD7J8BFYBG
B000C4RRQE,A359XD7J8BFYBG
B000BQYHOI,A359XD7J8BFYBG
B0006O1IEW,A359XD7J8BFYBG
B0002F5HVA,A359XD7J8BFYBG
B000099SIK,A359XD7J8BFYBG
B07X93TZBY,A359XD7J8BFYBG
1934859311,A359XD7J8BFYBG
B071DNRC63,A359XD7J8BFYBG
B08J1SCPTJ,A359XD7J8BFYBG
B01N33C1ZB,A359XD7J8BFYBG
B0B88R3JXW,A359XD7J8BFYBG
B08BNFZFZD,A359XD7J8BFYBG
B0BTWJD6LT,A359XD7J8BFYBG
B0C98XS95J,A359XD7J8BFYBG
B07ZPL77DK,A359XD7J8BFYBG
B0CFR11QDG,A359XD7J8BFYBG
B0CZCT3J1K,A359XD7J8BFYBG
B0CL5T93N8,A359XD7J8BFYBG
B0BRZYZJ4Z,A359XD7J8BFYBG
B0977ZRFVW,A359XD7J8BFYBG
B0CYZMR6DG,A359XD7J8BFYBG
B0CNKB2S5L,A359XD7J8BFYBG
B0768LQY72,A359XD7J8BFYBG
B0CB1PCL1M,A359XD7J8BFYBG
B0C9JF46XC,A359XD7J8BFYBG
B0C939XXP8,A359XD7J8BFYBG
B0C6XZKJTL,A359XD7J8BFYBG
B0C6X1R9P5,A359XD7J8BFYBG
B0C5MVL263,A359XD7J8BFYBG
B0C5H7Y6F6,A359XD7J8BFYBG
B0C4L8X3ZL,A359XD7J8BFYBG
B0C3RDB84Z,A359XD7J8BFYBG
B0BZYXDB85,A359XD7J8BFYBG
B0BZSNT9JF,A359XD7J8BFYBG
B0BXNZRHVL,A359XD7J8BFYBG
B0BW86BLMY,A359XD7J8BFYBG
B0BR35QN9D,A359XD7J8BFYBG
B0BHN7K52L,A359XD7J8BFYBG
B0BG1R65T8,A359XD7J8BFYBG
B093ZGJR71,A359XD7J8BFYBG
B08GH2LSTF,A359XD7J8BFYBG
B081HFC5H6,A359XD7J8BFYBG
B07VGPG51M,A359XD7J8BFYBG
B07S2R38XD,A359XD7J8BFYBG
B01JWMHJD2,A359XD7J8BFYBG
B00SN56STQ,A359XD7J8BFYBG
B004SZ0YYU,A359XD7J8BFYBG
B0DZWV5RBQ,A359XD7J8BFYBG
B0DRJCL5YJ,A359XD7J8BFYBG
B0DPG5WB66,A359XD7J8BFYBG
B0DMP2GGCK,A359XD7J8BFYBG
B0DG5Z5Y8Y,A359XD7J8BFYBG
B0DFQ1QSGL,A359XD7J8BFYBG
B0DBZSGNXS,A359XD7J8BFYBG
B0D9QFLNRN,A359XD7J8BFYBG
B0BDKHWKTK,A359XD7J8BFYBG
B0BBZVHMV6,A359XD7J8BFYBG
B0B8HVNL56,A359XD7J8BFYBG
B0B7XXWWN6,A359XD7J8BFYBG
B0B7D9STZ5,A359XD7J8BFYBG
B0B56FQFY7,A359XD7J8BFYBG
B0B4PMSN61,A359XD7J8BFYBG
B0B4BC97JT,A359XD7J8BFYBG
B0B1QB673T,A359XD7J8BFYBG
B0B19RHZYB,A359XD7J8BFYBG
B09ZQMX8S3,A359XD7J8BFYBG
B09Z8MCNBB,A359XD7J8BFYBG
B09XMHMF7L,A359XD7J8BFYBG
B09WQ3HK31,A359XD7J8BFYBG
B09SG3RY32,A359XD7J8BFYBG
B09Q88QGXZ,A359XD7J8BFYBG
B08PQKJ531,A359XD7J8BFYBG
B08P129L3V,A359XD7J8BFYBG
B08L5J6KVH,A359XD7J8BFYBG
B08KSDCPTN,A359XD7J8BFYBG
B08K8DRZJM,A359XD7J8BFYBG
B08K893H7K,A359XD7J8BFYBG
B08JTKT8CT,A359XD7J8BFYBG
B08H5G8RSP,A359XD7J8BFYBG
B08H1K1J29,A359XD7J8BFYBG
B08GQBL3FR,A359XD7J8BFYBG
B08G533DMW,A359XD7J8BFYBG
B08FCX3FFN,A359XD7J8BFYBG
B08C581LRL,A359XD7J8BFYBG
B087FBQ6GY,A359XD7J8BFYBG
B085932KFG,A359XD7J8BFYBG
B081DL1RBY,A359XD7J8BFYBG
B0D5D3XH1X,A359XD7J8BFYBG
B0D57YV2VN,A359XD7J8BFYBG
B0D2TM9J19,A359XD7J8BFYBG
B0D2BMWMW2,A359XD7J8BFYBG
B0D263NY9Y,A359XD7J8BFYBG
B0CXSMCW1N,A359XD7J8BFYBG
B0CXBNP9JN,A359XD7J8BFYBG
B0CX7XKK3W,A359XD7J8BFYBG
B0CX1R88RB,A359XD7J8BFYBG
B0CTJJ2RGB,A359XD7J8BFYBG
B0CTC43XP1,A359XD7J8BFYBG
B0CQXLXH1H,A359XD7J8BFYBG
B0CM1QT3WH,A359XD7J8BFYBG
B0CLV7VJ5Y,A359XD7J8BFYBG
B0CLJD6L7V,A359XD7J8BFYBG
B0CHZ378BP,A359XD7J8BFYBG
B09Q13HD94,A359XD7J8BFYBG
B09L7RFGS3,A359XD7J8BFYBG
B09KM3BHLX,A359XD7J8BFYBG
B09BGZ8D3N,A359XD7J8BFYBG
B098L9VDQN,A359XD7J8BFYBG
B095VYXY6S,A359XD7J8BFYBG
B094VWDBGR,A359XD7J8BFYBG
B092C22MZM,A359XD7J8BFYBG
B08YNKS1LZ,A359XD7J8BFYBG
B08VJN3TZY,A359XD7J8BFYBG
B08V9CX8NJ,A359XD7J8BFYBG
B08SJ7N84X,A359XD7J8BFYBG
B08S77RPHF,A359XD7J8BFYBG
B08RMRKHPL,A359XD7J8BFYBG
B08QGHGT3D,A359XD7J8BFYBG
B08QF97X7R,A359XD7J8BFYBG
B081564DMX,A359XD7J8BFYBG
B07VF99HJX,A359XD7J8BFYBG
B07TD3Y2XH,A359XD7J8BFYBG
B07RWJ68QQ,A359XD7J8BFYBG
B07RSV4RD3,A359XD7J8BFYBG
B07M7D6BWQ,A359XD7J8BFYBG
B07L3HSWNH,A359XD7J8BFYBG
B07KY1JJVH,A359XD7J8BFYBG
B07KVM7N66,A359XD7J8BFYBG
B07JZYYVCZ,A359XD7J8BFYBG
B07FDP8H42,A359XD7J8BFYBG
B07F7169G1,A359XD7J8BFYBG
B07BTBQKYD,A359XD7J8BFYBG
B07BS7VZ3G,A359XD7J8BFYBG
B079GY73VH,A359XD7J8BFYBG
B0791BXM99,A359XD7J8BFYBG
B078QDCVL2,A359XD7J8BFYBG
B078PR56PX,A359XD7J8BFYBG
B073QZBJ5X,A359XD7J8BFYBG
B073F8NY83,A359XD7J8BFYBG
B0722Y98KS,A359XD7J8BFYBG
B07176NM65,A359XD7J8BFYBG
B06XH6P3HN,A359XD7J8BFYBG
B06W5JX1TG,A359XD7J8BFYBG
B01M0LNEPW,A359XD7J8BFYBG
B01J78XDJU,A359XD7J8BFYBG
B01FX5UNFI,A359XD7J8BFYBG
B01C77JK4K,A359XD7J8BFYBG
B0176IY784,A359XD7J8BFYBG
B00N4N9SJO,A359XD7J8BFYBG
B00N23JHJ2,A359XD7J8BFYBG
B00MOIW8YW,A359XD7J8BFYBG
B00DN2AKGG,A359XD7J8BFYBG
B009YNZO50,A359XD7J8BFYBG
B0C7MY6NF3,A359XD7J8BFYBG
B07HNHJCZY,A359XD7J8BFYBG
B00629UO54,A359XD7J8BFYBG
B07BLMJKYH,A359XD7J8BFYBG
B09DL645RP,A359XD7J8BFYBG
B07HQFJ63K,A359XD7J8BFYBG
B000N6KR90,A359XD7J8BFYBG
B081Y3WH4S,A359XD7J8BFYBG
B07SJS2MF6,A359XD7J8BFYBG
B0CY25CRSR,A359XD7J8BFYBG
B09SM1PJL2,A359XD7J8BFYBG
B085RGZTHW,A359XD7J8BFYBG
B013CXALMI,A359XD7J8BFYBG
B0C5C2G4TG,A359XD7J8BFYBG
B0BQ958ZGC,A359XD7J8BFYBG
B0BGB4DJ1T,A359XD7J8BFYBG
B0B5TSFV62,A359XD7J8BFYBG
B0CXPS5V9W,A359XD7J8BFYBG
B0CWGWK6H9,A359XD7J8BFYBG
B0CTHN7QRX,A359XD7J8BFYBG
B0CTG37BCL,A359XD7J8BFYBG
B0CQ4LJ2X5,A359XD7J8BFYBG
B0CPX11BKX,A359XD7J8BFYBG
B0CPTBQGSC,A359XD7J8BFYBG
B0CHHYRSB7,A359XD7J8BFYBG
B0CH8M9WPN,A359XD7J8BFYBG
B0CFTYBZD6,A359XD7J8BFYBG
B0CFF9YSRB,A359XD7J8BFYBG
B0CFCQ5V44,A359XD7J8BFYBG
B0CDTW93ZX,A359XD7J8BFYBG
B0CC6FZ9G7,A359XD7J8BFYBG
B0C9PP7QNX,A359XD7J8BFYBG
B0C9J21YHC,A359XD7J8BFYBG
B0B3ZXL2PX,A359XD7J8BFYBG
B09XFJH2XK,A359XD7J8BFYBG
B09PYGT31Y,A359XD7J8BFYBG
B09HNVD192,A359XD7J8BFYBG
B092YVYS1K,A359XD7J8BFYBG
B073SR1TW2,A359XD7J8BFYBG
B003468CM0,A359XD7J8BFYBG
B0D7ZR8YZ8,A359XD7J8BFYBG
B0D5B2CWW1,A359XD7J8BFYBG
B0D2VKPKWN,A359XD7J8BFYBG
B0D2NJ6DDR,A359XD7J8BFYBG
B0D2KB2LXC,A359XD7J8BFYBG
B0D1V41PQ2,A359XD7J8BFYBG
B0CZJF8SS5,A359XD7J8BFYBG
B0CZ3QNPT7,A359XD7J8BFYBG
B0CY3M88J2,A359XD7J8BFYBG
B0BKL5YDB1,A359XD7J8BFYBG
B0BK488LQ3,A359XD7J8BFYBG
B0BJ647Q46,A359XD7J8BFYBG
B0BHTQ3HP2,A359XD7J8BFYBG
B0BHLF8MVT,A359XD7J8BFYBG
B0BG92WYJR,A359XD7J8BFYBG
B0BG5VZS27,A359XD7J8BFYBG
B0BC29T44B,A359XD7J8BFYBG
B0B7QZYD9M,A359XD7J8BFYBG
B0B74Z2VJY,A359XD7J8BFYBG
B0B5WT8XPG,A359XD7J8BFYBG
B0B54SY5K7,A359XD7J8BFYBG
B09ZQK25R3,A359XD7J8BFYBG
B09ZL66MCL,A359XD7J8BFYBG
B09YKX555S,A359XD7J8BFYBG
B09VXKQ5VW,A359XD7J8BFYBG
B0C5XD3DJG,A359XD7J8BFYBG
B0C3L4BV92,A359XD7J8BFYBG
B0BYRM7RTQ,A359XD7J8BFYBG
B0BY22W37M,A359XD7J8BFYBG
B0BW5Z1WQZ,A359XD7J8BFYBG
B0BTY63FPW,A359XD7J8BFYBG
B0BTGLGV5T,A359XD7J8BFYBG
B0BSXQQH71,A359XD7J8BFYBG
B0BSL8P4NV,A359XD7J8BFYBG
B0BRSD2F5Z,A359XD7J8BFYBG
B0BRG1VRB2,A359XD7J8BFYBG
B0BQQGT9CS,A359XD7J8BFYBG
B0BQBNG5W6,A359XD7J8BFYBG
B0BNKZLZSS,A359XD7J8BFYBG
B0BMGRNFQV,A359XD7J8BFYBG
B0BM3W5WRP,A359XD7J8BFYBG
B00K42XMRW,A359XD7J8BFYBG
B00I8OH1VQ,A359XD7J8BFYBG
B00B6SRECM,A359XD7J8BFYBG
B00AO0D7Z6,A359XD7J8BFYBG
B008ZABFZ6,A359XD7J8BFYBG
B00838J7T6,A359XD7J8BFYBG
B005BSNX3M,A359XD7J8BFYBG
B004UUCC20,A359XD7J8BFYBG
B004JPMS7K,A359XD7J8BFYBG
B002RX4J00,A359XD7J8BFYBG
B002JK1A4Y,A359XD7J8BFYBG
B002DW0OEU,A359XD7J8BFYBG
B001CM0GL8,A359XD7J8BFYBG
B0CTGCYP5H,A359XD7J8BFYBG
B0BZQPHNY7,A359XD7J8BFYBG
B077X9VFPV,A359XD7J8BFYBG
B0865H125C,A359XD7J8BFYBG
B085CBY1FW,A359XD7J8BFYBG
B084HM27Q8,A359XD7J8BFYBG
B084224L2S,A359XD7J8BFYBG
B083RSS2S3,A359XD7J8BFYBG
B0838D4WBB,A359XD7J8BFYBG
B082KF1MN4,A359XD7J8BFYBG
B07ZP52HCK,A359XD7J8BFYBG
B07YTBJZ2X,A359XD7J8BFYBG
B07YPPND5K,A359XD7J8BFYBG
B07YNYNHS6,A359XD7J8BFYBG
B07XZ1MM95,A359XD7J8BFYBG
B07X93ZKBM,A359XD7J8BFYBG
B07WHBX9FB,A359XD7J8BFYBG
B07RQPZQM3,A359XD7J8BFYBG
B07RQCLB2Z,A359XD7J8BFYBG
B09VT6T6P9,A359XD7J8BFYBG
B09PF7464L,A359XD7J8BFYBG
B09PDYKPQN,A359XD7J8BFYBG
B09P4P5MQL,A359XD7J8BFYBG
B09NN6CS77,A359XD7J8BFYBG
B09MVZ5SN8,A359XD7J8BFYBG
B09MGFF7HV,A359XD7J8BFYBG
B09MFSVZY2,A359XD7J8BFYBG
B09L144T26,A359XD7J8BFYBG
B09JZTXKZ8,A359XD7J8BFYBG
B09JKSTXDC,A359XD7J8BFYBG
B09J4C9QHK,A359XD7J8BFYBG
B09HBLMJQ5,A359XD7J8BFYBG
B09GF156CC,A359XD7J8BFYBG
B09CPMJNW6,A359XD7J8BFYBG
B0992PLC63,A359XD7J8BFYBG
B07QB8GHXJ,A359XD7J8BFYBG
B07PDS7MQV,A359XD7J8BFYBG
B07M5RXPQ1,A359XD7J8BFYBG
B07KNV165C,A359XD7J8BFYBG
B07GFM21JW,A359XD7J8BFYBG
B07FYFXPKW,A359XD7J8BFYBG
B07FY57K63,A359XD7J8BFYBG
B07FTB4YXS,A359XD7J8BFYBG
B07BZW3XCJ,A359XD7J8BFYBG
B07B7YC6KL,A359XD7J8BFYBG
B079YZVL8F,A359XD7J8BFYBG
B078JBFTP9,A359XD7J8BFYBG
B076GKB6YV,A359XD7J8BFYBG
B076CVXYFR,A359XD7J8BFYBG
B075MNVPSX,A359XD7J8BFYBG
B0756FFVKW,A359XD7J8BFYBG
B074MHH8JQ,A359XD7J8BFYBG
B072SV94XV,A359XD7J8BFYBG
B072JH5NZ2,A359XD7J8BFYBG
B071FJ2N5R,A359XD7J8BFYBG
B06XJYHJ7L,A359XD7J8BFYBG
B01N8V1E2H,A359XD7J8BFYBG
B01N1K6BQX,A359XD7J8BFYBG
B01MR4FE6Y,A359XD7J8BFYBG
B01M1IR8PI,A359XD7J8BFYBG
B01M0TODXV,A359XD7J8BFYBG
B01LXO79CL,A359XD7J8BFYBG
B01L6062OU,A359XD7J8BFYBG
B01KTVAI6A,A359XD7J8BFYBG
B01JN0OGSE,A359XD7J8BFYBG
B01G2QSNDG,A359XD7J8BFYBG
B01D9Y6ZFW,A359XD7J8BFYBG
B09697L6TW,A359XD7J8BFYBG
B094N3KPWD,A359XD7J8BFYBG
B093L6G9G4,A359XD7J8BFYBG
B091YJF8BY,A359XD7J8BFYBG
B08RDPD7FV,A359XD7J8BFYBG
B08NPJC4VL,A359XD7J8BFYBG
B08MKXTN3H,A359XD7J8BFYBG
B08MBFC7X8,A359XD7J8BFYBG
B08M6GHM93,A359XD7J8BFYBG
B08LVPL2FH,A359XD7J8BFYBG
B08H1SZF9Y,A359XD7J8BFYBG
B08GS4FZ35,A359XD7J8BFYBG
B08BZ5C7L6,A359XD7J8BFYBG
B08BNHLFTP,A359XD7J8BFYBG
B0895G58LB,A359XD7J8BFYBG
B086M5BPTF,A359XD7J8BFYBG
B01FJ5PSB6,A359XD7J8BFYBG
B0954V925R,A359XD7J8BFYBG
B0D5H8R4P8,A359XD7J8BFYBG
B0D4571KBX,A359XD7J8BFYBG
B0D4522VZF,A359XD7J8BFYBG
B0D2PGLH1C,A359XD7J8BFYBG
B0D2HJX5N7,A359XD7J8BFYBG
B0D113L9VK,A359XD7J8BFYBG
B0CWHZXMNK,A359XD7J8BFYBG
B0CVZX6HKW,A359XD7J8BFYBG
B0CRTL1JNF,A359XD7J8BFYBG
B0CPF3ZS7Q,A359XD7J8BFYBG
B0CNP7LLPJ,A359XD7J8BFYBG
B0CL6HHCRP,A359XD7J8BFYBG
B0CJF97Q4X,A359XD7J8BFYBG
B0CJ4XNZMS,A359XD7J8BFYBG
B0CGQP3F7X,A359XD7J8BFYBG
B0CFKN3HF7,A359XD7J8BFYBG
B01BI63K4W,A359XD7J8BFYBG
B015W38QSW,A359XD7J8BFYBG
B0142WSTJA,A359XD7J8BFYBG
B00IAY9NT2,A359XD7J8BFYBG
B00I6A5FZ6,A359XD7J8BFYBG
B00EC9X502,A359XD7J8BFYBG
B00CIOBK3W,A359XD7J8BFYBG
B00C7Z4KOS,A359XD7J8BFYBG
B00BEZVSCO,A359XD7J8BFYBG
B009Y7MJVS,A359XD7J8BFYBG
B0099K8BEO,A359XD7J8BFYBG
B000ZUJVZU,A359XD7J8BFYBG
B000BPFZHM,A359XD7J8BFYBG
B000BO8RJ6,A359XD7J8BFYBG
B00063UBJG,A359XD7J8BFYBG
B095ZRZDBT,A359XD7J8BFYBG
B07T7DLW8K,A359XD7J8BFYBG
B000VBGH82,A359XD7J8BFYBG
B0BVJ7L71K,A359XD7J8BFYBG
B0BRSTJT3V,A359XD7J8BFYBG
B0BJZGW63K,A359XD7J8BFYBG
B09W479LSM,A359XD7J8BFYBG
B083WNVSBR,A359XD7J8BFYBG
B07PBZ5T2L,A359XD7J8BFYBG
B07D3QJ7CP,A359XD7J8BFYBG
B075J2KWXZ,A359XD7J8BFYBG
B001DK0SAS,A359XD7J8BFYBG
B07F6F631N,A359XD7J8BFYBG
B0DFCZP3VP,A359XD7J8BFYBG
B0DCGGC6NN,A359XD7J8BFYBG
B0DBC952YL,A359XD7J8BFYBG
B0D67FZ2CC,A359XD7J8BFYBG
B0CBRTRP66,A359XD7J8BFYBG
B0C9VSYR4H,A359XD7J8BFYBG
B0C9PY795C,A359XD7J8BFYBG
B0C9MYPX7B,A359XD7J8BFYBG
B0C7SHX1FQ,A359XD7J8BFYBG
B0C5937THH,A359XD7J8BFYBG
B0C3K56PZN,A359XD7J8BFYBG
B0C348PFG8,A359XD7J8BFYBG
B0C33FHNQB,A359XD7J8BFYBG
B0C2JWWH35,A359XD7J8BFYBG
B0BZVPYMF4,A359XD7J8BFYBG
B0BXSJH5KR,A359XD7J8BFYBG
B0BW7M7F4H,A359XD7J8BFYBG
B0BVWBB7GH,A359XD7J8BFYBG
B0BTVY5PGT,A359XD7J8BFYBG
B0BTK574CC,A359XD7J8BFYBG
B0BT6Z9WVM,A359XD7J8BFYBG
B0BRMB565P,A359XD7J8BFYBG
B0BPY4NNM5,A359XD7J8BFYBG
B0BPM6MFPD,A359XD7J8BFYBG
B0BJ653N48,A359XD7J8BFYBG
B0BDLPSQ58,A359XD7J8BFYBG
B0B3XG3KXX,A359XD7J8BFYBG
B0B3RHMBYH,A359XD7J8BFYBG
B0B2KSNWHH,A359XD7J8BFYBG
B09YQWNGZY,A359XD7J8BFYBG
B09XT4V1B8,A359XD7J8BFYBG
B09WQSQ4JR,A359XD7J8BFYBG
B09WK5GJ8P,A359XD7J8BFYBG
B09WFX3186,A359XD7J8BFYBG
B09TSJV6GJ,A359XD7J8BFYBG
B09TGRZY6J,A359XD7J8BFYBG
B09T99KJ9F,A359XD7J8BFYBG
B09S1BV2K8,A359XD7J8BFYBG
B09RWJPMDJ,A359XD7J8BFYBG
B09PNVH84S,A359XD7J8BFYBG
B09P8NWS37,A359XD7J8BFYBG
B09P8B5Q7N,A359XD7J8BFYBG
B09NTFX876,A359XD7J8BFYBG
B09NKR6WPL,A359XD7J8BFYBG
B09MHG947V,A359XD7J8BFYBG
B09M7FQ9JV,A359XD7J8BFYBG
B09JYZNKFT,A359XD7J8BFYBG
B09HGZ69QS,A359XD7J8BFYBG
B09GL9X462,A359XD7J8BFYBG
B09B364SNL,A359XD7J8BFYBG
B098DV1GSL,A359XD7J8BFYBG
B096X54L2H,A359XD7J8BFYBG
B07WPNMWC5,A359XD7J8BFYBG
B07V4PZ2F2,A359XD7J8BFYBG
B07S1GRC7V,A359XD7J8BFYBG
B07QS6RY5B,A359XD7J8BFYBG
B07QLK8J72,A359XD7J8BFYBG
B07Q5GCHYG,A359XD7J8BFYBG
B07PMXPXPC,A359XD7J8BFYBG
B07PJYDFVV,A359XD7J8BFYBG
B07NYN2YJ4,A359XD7J8BFYBG
B07NVWTSL9,A359XD7J8BFYBG
B07NVFW77M,A359XD7J8BFYBG
B07MC1H7HT,A359XD7J8BFYBG
B07M8K94C8,A359XD7J8BFYBG
B07JGN6KMX,A359XD7J8BFYBG
B07H9D14GN,A359XD7J8BFYBG
B07DMYNWH8,A359XD7J8BFYBG
B07DCM1DTV,A359XD7J8BFYBG
B07D768NXH,A359XD7J8BFYBG
B07BRDNGPD,A359XD7J8BFYBG
B079CBGDST,A359XD7J8BFYBG
B075MGNH1Y,A359XD7J8BFYBG
B075LZWT6Q,A359XD7J8BFYBG
B0747VYNBT,A359XD7J8BFYBG
B073P6KCTN,A359XD7J8BFYBG
B073543SMP,A359XD7J8BFYBG
B072Q1G1XH,A359XD7J8BFYBG
B072MTKJTH,A359XD7J8BFYBG
B0725H134C,A359XD7J8BFYBG
B01M1LBQ7K,A359XD7J8BFYBG
B01KTVAX9C,A359XD7J8BFYBG
B01AUSRXS8,A359XD7J8BFYBG
B018ZS57UG,A359XD7J8BFYBG
B0BZQMJYS4,A359XD7J8BFYBG
B0842Z6SC2,A359XD7J8BFYBG
B016Y8EZ2A,A359XD7J8BFYBG
B00XOSYNM6,A359XD7J8BFYBG
B07RWF2LC5,A359XD7J8BFYBG
B07XY1VT49,A359XD7J8BFYBG
B07GGWTK4F,A359XD7J8BFYBG
B0B81PQTQM,A359XD7J8BFYBG
B0821Q51CY,A359XD7J8BFYBG
B099RRWY25,A359XD7J8BFYBG
B000BB9M2A,A359XD7J8BFYBG
B0BZN11N37,A359XD7J8BFYBG
B09X19KVZX,A359XD7J8BFYBG
B09V6WBXNW,A359XD7J8BFYBG
B08MFBVLTZ,A359XD7J8BFYBG
B08LCWH949,A359XD7J8BFYBG
B08BTQ4YSZ,A359XD7J8BFYBG
B017JFYR1G,A359XD7J8BFYBG
B0CFCJMYBB,A359XD7J8BFYBG
B0BHH6J2C8,A359XD7J8BFYBG
B09X5BFJ6P,A359XD7J8BFYBG
B0957GMRMH,A359XD7J8BFYBG
B089286W16,A359XD7J8BFYBG
B086QP537S,A359XD7J8BFYBG
B086DN9QT3,A359XD7J8BFYBG
B07WCMV176,A359XD7J8BFYBG
B07THVG515,A359XD7J8BFYBG
B07FZV589P,A359XD7J8BFYBG
B07DJ7RHS5,A359XD7J8BFYBG
B07B728G2Y,A359XD7J8BFYBG
B016NXSFK4,A359XD7J8BFYBG
B014810FNS,A359XD7J8BFYBG
B00BITE7QA,A359XD7J8BFYBG
B0000AQMBK,A359XD7J8BFYBG
B0DS2GWL9R,A359XD7J8BFYBG
B0DRFY1HXB,A359XD7J8BFYBG
B0C14T95X3,A359XD7J8BFYBG
B0BY9R3F98,A359XD7J8BFYBG
B0BVQ3GN36,A359XD7J8BFYBG
B0BRKPSL8L,A359XD7J8BFYBG
B0BRCBNYV9,A359XD7J8BFYBG
B0BQXRRB18,A359XD7J8BFYBG
B0BPY3TXBD,A359XD7J8BFYBG
B0BN848GBQ,A359XD7J8BFYBG
B0BMG29QHS,A359XD7J8BFYBG
B0BLTGTR33,A359XD7J8BFYBG
B0BKWV874D,A359XD7J8BFYBG
B0BHQPLL8V,A359XD7J8BFYBG
B0BBR8P7F7,A359XD7J8BFYBG
B0B61W4ZBH,A359XD7J8BFYBG
B0B5RBYXQ2,A359XD7J8BFYBG
B0B5G5BGDB,A359XD7J8BFYBG
B0CNQ6XGX1,A359XD7J8BFYBG
B0CN6Z8KY8,A359XD7J8BFYBG
B0CLR5Z5QK,A359XD7J8BFYBG
B0CL3WWCPW,A359XD7J8BFYBG
B0CJNK814Y,A359XD7J8BFYBG
B0CHYT6Z33,A359XD7J8BFYBG
B0CF7D7R41,A359XD7J8BFYBG
B0CDSQCZDV,A359XD7J8BFYBG
B0CD7JZGN5,A359XD7J8BFYBG
B0C8MFK5CN,A359XD7J8BFYBG
B0C8DV7ZYF,A359XD7J8BFYBG
B0C6QZD4T4,A359XD7J8BFYBG
B0C4BD1SD4,A359XD7J8BFYBG
B0C3J9C6HQ,A359XD7J8BFYBG
B0C1YW658Q,A359XD7J8BFYBG
B0C1VGFZPC,A359XD7J8BFYBG
B08FTD8XTS,A359XD7J8BFYBG
B08BC7J4DX,A359XD7J8BFYBG
B089RD7B5F,A359XD7J8BFYBG
B088R2NVBB,A359XD7J8BFYBG
B087YV154W,A359XD7J8BFYBG
B087PQC9MY,A359XD7J8BFYBG
B086BFVXPW,A359XD7J8BFYBG
B085XK5S49,A359XD7J8BFYBG
B085HP6JV7,A359XD7J8BFYBG
B0859S9L2C,A359XD7J8BFYBG
B08598D8QQ,A359XD7J8BFYBG
B083DKZ8BT,A359XD7J8BFYBG
B082DFSX64,A359XD7J8BFYBG
B07ZXK7QRV,A359XD7J8BFYBG
B07Z63WLB6,A359XD7J8BFYBG
B07XVTYGNF,A359XD7J8BFYBG
B0B4S31W78,A359XD7J8BFYBG
B0B4H1BM77,A359XD7J8BFYBG
B0B2F75QRZ,A359XD7J8BFYBG
B0B1GRKK5X,A359XD7J8BFYBG
B09YNM2TGT,A359XD7J8BFYBG
B09WZ2LHXC,A359XD7J8BFYBG
B09W8J46NJ,A359XD7J8BFYBG
B09VCVTS97,A359XD7J8BFYBG
B09V6NS6LK,A359XD7J8BFYBG
B09PFTB8P1,A359XD7J8BFYBG
B09P88KFP6,A359XD7J8BFYBG
B09P83XW4V,A359XD7J8BFYBG
B09P1KNQM7,A359XD7J8BFYBG
B09MPGVXKN,A359XD7J8BFYBG
B09MHYJQRF,A359XD7J8BFYBG
B09M3L9LVS,A359XD7J8BFYBG
B09HXLHQX5,A359XD7J8BFYBG
B09H79BQH5,A359XD7J8BFYBG
B09H3KY4ML,A359XD7J8BFYBG
B09GV12L1F,A359XD7J8BFYBG
B09DXP8JDT,A359XD7J8BFYBG
B09BW12B57,A359XD7J8BFYBG
B099Q46RRF,A359XD7J8BFYBG
B099KHRNCB,A359XD7J8BFYBG
B097DLLRVH,A359XD7J8BFYBG
B0969DB1XT,A359XD7J8BFYBG
B09411XG3B,A359XD7J8BFYBG
B0935BMZ9Z,A359XD7J8BFYBG
B08ZHXQC51,A359XD7J8BFYBG
B08TWHB19K,A359XD7J8BFYBG
B08SBQXNPV,A359XD7J8BFYBG
B08PDZF7BQ,A359XD7J8BFYBG
B07Q83VWP9,A359XD7J8BFYBG
B07Q83SXQH,A359XD7J8BFYBG
B07PVMV49J,A359XD7J8BFYBG
B07M62JLR8,A359XD7J8BFYBG
B07L3N4BBQ,A359XD7J8BFYBG
B07KK74XTJ,A359XD7J8BFYBG
B07KCBV3ZW,A359XD7J8BFYBG
B07K1XJNJN,A359XD7J8BFYBG
B07K1CWS6D,A359XD7J8BFYBG
B07JQF55Y3,A359XD7J8BFYBG
B07GSRW199,A359XD7J8BFYBG
B07F1659MR,A359XD7J8BFYBG
B07DWHFSF2,A359XD7J8BFYBG
B07DTKKS62,A359XD7J8BFYBG
B07DCN4677,A359XD7J8BFYBG
B07CPZ4SNV,A359XD7J8BFYBG
B07XGQ8G3M,A359XD7J8BFYBG
B07X4ZRCD4,A359XD7J8BFYBG
B07WJFKXH5,A359XD7J8BFYBG
B07VWXQK15,A359XD7J8BFYBG
B07VPKPMMB,A359XD7J8BFYBG
B07V79YF21,A359XD7J8BFYBG
B07TP663BX,A359XD7J8BFYBG
B07TK5CWYW,A359XD7J8BFYBG
B07TFGFYTT,A359XD7J8BFYBG
B07T5386SK,A359XD7J8BFYBG
B07T3323FK,A359XD7J8BFYBG
B07SZCHYPT,A359XD7J8BFYBG
B07SWVQD48,A359XD7J8BFYBG
B07SJR44C1,A359XD7J8BFYBG
B07S4HHL28,A359XD7J8BFYBG
B07QS17R6X,A359XD7J8BFYBG
B08KBSP7BF,A359XD7J8BFYBG
B08HXWTNZW,A359XD7J8BFYBG
B08HQK9GWT,A359XD7J8BFYBG
B08HN11Y6X,A359XD7J8BFYBG
B08BC6D4BC,A359XD7J8BFYBG
B0893XQC94,A359XD7J8BFYBG
B086KVK6JB,A359XD7J8BFYBG
B085LQKKFG,A359XD7J8BFYBG
B0851LV1PP,A359XD7J8BFYBG
B083P3CS95,A359XD7J8BFYBG
B082ZLNH82,A359XD7J8BFYBG
B082K9TQC6,A359XD7J8BFYBG
B07ZZ15YKN,A359XD7J8BFYBG
B07Z5CTJCP,A359XD7J8BFYBG
B07YYMCFJ7,A359XD7J8BFYBG
B07YS81QJC,A359XD7J8BFYBG
B09364KJR7,A359XD7J8BFYBG
B092TWSC4M,A359XD7J8BFYBG
B092PLGS2Q,A359XD7J8BFYBG
B091F2J9C1,A359XD7J8BFYBG
B08YRGHGYB,A359XD7J8BFYBG
B08TJ28XC1,A359XD7J8BFYBG
B08TCF7GR6,A359XD7J8BFYBG
B08SKQ792D,A359XD7J8BFYBG
B08S3M6BDF,A359XD7J8BFYBG
B08PY9TCY1,A359XD7J8BFYBG
B08LR28RQS,A359XD7J8BFYBG
B08LKLNNF3,A359XD7J8BFYBG
B08J29NDT6,A359XD7J8BFYBG
B08HR7VTBK,A359XD7J8BFYBG
B08H1XLVDH,A359XD7J8BFYBG
B08G4M7488,A359XD7J8BFYBG
B079J89L49,A359XD7J8BFYBG
B077PHKPF4,A359XD7J8BFYBG
B075X246W8,A359XD7J8BFYBG
B073CMF6ZV,A359XD7J8BFYBG
B072MMKN7N,A359XD7J8BFYBG
B071R31SJP,A359XD7J8BFYBG
B071LK89V2,A359XD7J8BFYBG
B01N7HMVXY,A359XD7J8BFYBG
B01N3URFNK,A359XD7J8BFYBG
B01LXD1P15,A359XD7J8BFYBG
B01GL7PLS6,A359XD7J8BFYBG
B01FSQQ6F8,A359XD7J8BFYBG
B01AID0CNS,A359XD7J8BFYBG
B016C58NVO,A359XD7J8BFYBG
B00YI1GB5U,A359XD7J8BFYBG
B00W89QM7Q,A359XD7J8BFYBG
B0DPHYCNBB,A359XD7J8BFYBG
B0DM5Q6Y71,A359XD7J8BFYBG
B0DKN81BLL,A359XD7J8BFYBG
B0DC2WXLYP,A359XD7J8BFYBG
B0DBKNGSHV,A359XD7J8BFYBG
B0D631HPQY,A359XD7J8BFYBG
B0D2XH42SP,A359XD7J8BFYBG
B0CZHCT9TN,A359XD7J8BFYBG
B0CWLNNGJ6,A359XD7J8BFYBG
B0CSNHKHNN,A359XD7J8BFYBG
B0CRTV24Q4,A359XD7J8BFYBG
B0CRQQDJ63,A359XD7J8BFYBG
B0CQNWPHK3,A359XD7J8BFYBG
B0CQMWFGHW,A359XD7J8BFYBG
B0CQMB51Z6,A359XD7J8BFYBG
B0CNVCXGKS,A359XD7J8BFYBG
B00T14OPH0,A359XD7J8BFYBG
B00PBADL46,A359XD7J8BFYBG
B00L0VJ7T8,A359XD7J8BFYBG
B00KIF5AS4,A359XD7J8BFYBG
B00KFODMG0,A359XD7J8BFYBG
B00JRX360W,A359XD7J8BFYBG
B00JELDZ7Q,A359XD7J8BFYBG
B00IYFPKEY,A359XD7J8BFYBG
B00HR0267Q,A359XD7J8BFYBG
B00HBGDZS0,A359XD7J8BFYBG
B0092LXN9I,A359XD7J8BFYBG
B007P5YZ36,A359XD7J8BFYBG
B006FD7GA8,A359XD7J8BFYBG
B0046OQD98,A359XD7J8BFYBG
B001TL9MV2,A359XD7J8BFYBG
B001M5I2FM,A359XD7J8BFYBG
B001FC77VM,A359XD7J8BFYBG
B00WTHLN80,A359XD7J8BFYBG
B00GGL0318,A359XD7J8BFYBG
B00DMIDUUY,A359XD7J8BFYBG
B008ZLMCMA,A359XD7J8BFYBG
B005M22XVA,A359XD7J8BFYBG
B004SH9QNI,A359XD7J8BFYBG
B0045IZ9Z4,A359XD7J8BFYBG
B0042LCEZM,A359XD7J8BFYBG
B003FKJTC2,A359XD7J8BFYBG
B002YAR7SM,A359XD7J8BFYBG
B002N3GZMO,A359XD7J8BFYBG
B002MQU1PE,A359XD7J8BFYBG
B001TA4SXK,A359XD7J8BFYBG
B001H3NMK4,A359XD7J8BFYBG
B00032SB2O,A359XD7J8BFYBG
B0CX9GX47B,A359XD7J8BFYBG
B07Z6D3D14,A359XD7J8BFYBG
B081159P8R,A359XD7J8BFYBG
B07MSMCG73,A359XD7J8BFYBG
B00BWY6YKI,A359XD7J8BFYBG
B008UZE742,A359XD7J8BFYBG
B0C3B6FYYK,A359XD7J8BFYBG
B07C2PWB2R,A359XD7J8BFYBG
B0039O2UJ8,A359XD7J8BFYBG
B0D1P1YV24,A359XD7J8BFYBG
B0CXJ2RTWJ,A359XD7J8BFYBG
B0CP8QM3R1,A359XD7J8BFYBG
B0BMF7H6WV,A359XD7J8BFYBG
B0B7BBWDWT,A359XD7J8BFYBG
B0B5ST9JBS,A359XD7J8BFYBG
B09L4DQW5N,A359XD7J8BFYBG
B09CM3P2CK,A359XD7J8BFYBG
B08YJ58NB1,A359XD7J8BFYBG
B08NPB1LK1,A359XD7J8BFYBG
B085C7HKN5,A359XD7J8BFYBG
B07QHDPGBT,A359XD7J8BFYBG
B07HB7YVFG,A359XD7J8BFYBG
B07F8H6HF5,A359XD7J8BFYBG
B015M09K8U,A359XD7J8BFYBG
B014V5MBH4,A359XD7J8BFYBG
B004S44DTS,A359XD7J8BFYBG
B0DTF2MZBK,A359XD7J8BFYBG
B0DP498CMS,A359XD7J8BFYBG
B0DMWWKZNK,A359XD7J8BFYBG
B0DJLWF178,A359XD7J8BFYBG
B0D9R7TNS5,A359XD7J8BFYBG
B0D45C22TT,A359XD7J8BFYBG
B0D294BNBD,A359XD7J8BFYBG
B0D12PJJ9C,A359XD7J8BFYBG
B0CZQJGNXL,A359XD7J8BFYBG
B0CWVS8T6H,A359XD7J8BFYBG
B0CRYXFWBF,A359XD7J8BFYBG
B0CRVVSXMF,A359XD7J8BFYBG
B0CQCM8LS4,A359XD7J8BFYBG
B0CNGKBKNB,A359XD7J8BFYBG
B0CM64TKSR,A359XD7J8BFYBG
B0CJ2D31JY,A359XD7J8BFYBG
B0CHN2QHVH,A359XD7J8BFYBG
B0CDKP98GW,A359XD7J8BFYBG
B0CC98NTFV,A359XD7J8BFYBG
B0C7ZSNJM3,A359XD7J8BFYBG
B0C69F1Q7F,A359XD7J8BFYBG
B0C58T1PFW,A359XD7J8BFYBG
B0C4DS7C5N,A359XD7J8BFYBG
B0BYS45F7M,A359XD7J8BFYBG
B0BYDRZTZC,A359XD7J8BFYBG
B0BX3TJY8Y,A359XD7J8BFYBG
B0BX38W4J9,A359XD7J8BFYBG
B0BW8L14N7,A359XD7J8BFYBG
B0BVMF4FRY,A359XD7J8BFYBG
B0BTSDGSCJ,A359XD7J8BFYBG
B0BQ1MYYGL,A359XD7J8BFYBG
B0BNH3W7FW,A359XD7J8BFYBG
B0BGM582Q7,A359XD7J8BFYBG
B0BFX69MMD,A359XD7J8BFYBG
B0BCFY2TJ6,A359XD7J8BFYBG
B0B611X3BD,A359XD7J8BFYBG
B0B59L9XQ4,A359XD7J8BFYBG
B0B1TPJ6WN,A359XD7J8BFYBG
B0B1LSWX3M,A359XD7J8BFYBG
B09VKY57BC,A359XD7J8BFYBG
B09V2TDY7N,A359XD7J8BFYBG
B09LLZY8Q7,A359XD7J8BFYBG
B09K5CHZPZ,A359XD7J8BFYBG
B09K43WQQ8,A359XD7J8BFYBG
B09J8YWCMV,A359XD7J8BFYBG
B09GK6WQQ1,A359XD7J8BFYBG
B09G6PBTB3,A359XD7J8BFYBG
B09C14QVYT,A359XD7J8BFYBG
B09997XMJS,A359XD7J8BFYBG
B09876NH1K,A359XD7J8BFYBG
B097N4YMK4,A359XD7J8BFYBG
B096RBXGJ4,A359XD7J8BFYBG
B096981QQ2,A359XD7J8BFYBG
B094XNTQPV,A359XD7J8BFYBG
B091S518C7,A359XD7J8BFYBG
B08132DR7Y,A359XD7J8BFYBG
B07YQ6NBGL,A359XD7J8BFYBG
B07S18SB3Q,A359XD7J8BFYBG
B07RDFTSN4,A359XD7J8BFYBG
B07N5HGLGZ,A359XD7J8BFYBG
B07MSF4X5X,A359XD7J8BFYBG
B07MMNZ4WP,A359XD7J8BFYBG
B07L9B3PGV,A359XD7J8BFYBG
B07JYTCTP4,A359XD7J8BFYBG
B07HB3HPPJ,A359XD7J8BFYBG
B07GX3RM3J,A359XD7J8BFYBG
B07GSPNVVT,A359XD7J8BFYBG
B07G2D75SP,A359XD7J8BFYBG
B07BTJRY33,A359XD7J8BFYBG
B07BJC3L32,A359XD7J8BFYBG
B076GQ11YX,A359XD7J8BFYBG
B0759Z3D81,A359XD7J8BFYBG
B073CKV57V,A359XD7J8BFYBG
B071GYQZ82,A359XD7J8BFYBG
B0711H2CCM,A359XD7J8BFYBG
B06ZY17YQH,A359XD7J8BFYBG
B06XR52LK7,A359XD7J8BFYBG
B06XPKQDT9,A359XD7J8BFYBG
B06XKNNMK2,A359XD7J8BFYBG
B06VWK8FMD,A359XD7J8BFYBG
B01NCJZO4R,A359XD7J8BFYBG
B01NC0NGV6,A359XD7J8BFYBG
B01MXHBDKZ,A359XD7J8BFYBG
B01KTVB6S4,A359XD7J8BFYBG
B01HPM8MGY,A359XD7J8BFYBG
B01F1JWUWK,A359XD7J8BFYBG
B01DJGEERQ,A359XD7J8BFYBG
B017MOZ30S,A359XD7J8BFYBG
B015QOGLL6,A359XD7J8BFYBG
B00QNW68UK,A359XD7J8BFYBG
B00KD2X9CG,A359XD7J8BFYBG
B00JWVTEAU,A359XD7J8BFYBG
B00JLENAC6,A359XD7J8BFYBG
B00FKBR1ZG,A359XD7J8BFYBG
B00C1XCOGM,A359XD7J8BFYBG
B00BEZVR2U,A359XD7J8BFYBG
B00BEZVR16,A359XD7J8BFYBG
B00AD6Y8PE,A359XD7J8BFYBG
B00ABY5FMI,A359XD7J8BFYBG
B008DJRYIG,A359XD7J8BFYBG
B007TDKU1K,A359XD7J8BFYBG
B004VZKOI8,A359XD7J8BFYBG
B004SH9QP6,A359XD7J8BFYBG
B07NCPQBV6,A359XD7J8BFYBG
B09PDL9259,A359XD7J8BFYBG
B08GBZ8RW4,A359XD7J8BFYBG
B00J3UGEG2,A359XD7J8BFYBG
B00V9YD3QE,A359XD7J8BFYBG
B0CHLQLMQB,A359XD7J8BFYBG
B0BWGZKJ8N,A359XD7J8BFYBG
B085T959R7,A359XD7J8BFYBG
1549245287,A359XD7J8BFYBG
B074CRK2Y3,A359XD7J8BFYBG
B08RRM6PQX,A359XD7J8BFYBG
B07HMFMWGG,A359XD7J8BFYBG
B01GKG2HBM,A359XD7J8BFYBG
B0BY5VCYYX,A359XD7J8BFYBG
B0BL44JFPQ,A359XD7J8BFYBG
B09KZQ7GRR,A359XD7J8BFYBG
B08TPCGDVP,A359XD7J8BFYBG
B08TBCC94B,A359XD7J8BFYBG
B08P6YS264,A359XD7J8BFYBG
B08NDGTX2L,A359XD7J8BFYBG
B08MJPVLMP,A359XD7J8BFYBG
B08LGB2MJQ,A359XD7J8BFYBG
B08L3VDDL7,A359XD7J8BFYBG
B08GJLCZ7D,A359XD7J8BFYBG
B08GCTL4GQ,A359XD7J8BFYBG
B08FXY7CCB,A359XD7J8BFYBG
B08D6YSH7M,A359XD7J8BFYBG
B0852CMS15,A359XD7J8BFYBG
B0841SG1KD,A359XD7J8BFYBG
B083K5YW2G,A359XD7J8BFYBG
B0837T4M87,A359XD7J8BFYBG
B082Q3L75P,A359XD7J8BFYBG
B09K5CL8B4,A359XD7J8BFYBG
B0932YK6RW,A359XD7J8BFYBG
B08LJYZ94C,A359XD7J8BFYBG
B087T28JWG,A359XD7J8BFYBG
B084DFR3SZ,A359XD7J8BFYBG
B082NL1CTL,A359XD7J8BFYBG
B07YQ38LM1,A359XD7J8BFYBG
B07VLBQZ9G,A359XD7J8BFYBG
B07TP7GFT3,A359XD7J8BFYBG
B07B61DKPR,A359XD7J8BFYBG
B0065LZA94,A359XD7J8BFYBG
B002DWSEHY,A359XD7J8BFYBG
1549246356,A359XD7J8BFYBG
B0DTF1SJW3,A359XD7J8BFYBG
B0D8JWL85Z,A359XD7J8BFYBG
B0D6WV32DB,A359XD7J8BFYBG
B08W4N6RLN,A359XD7J8BFYBG
B07Z4Y6GYL,A359XD7J8BFYBG
B004GK0R2G,A359XD7J8BFYBG
B0CPN91PMV,A359XD7J8BFYBG
B0C7X6DD7Z,A359XD7J8BFYBG
B0BRN6NMFF,A359XD7J8BFYBG
B09J15M4WH,A359XD7J8BFYBG
B07SG655ZG,A359XD7J8BFYBG
B079G7WC79,A359XD7J8BFYBG
B01MUW4BSO,A359XD7J8BFYBG
B0177E9JPS,A359XD7J8BFYBG
B001M5GQXC,A359XD7J8BFYBG
B0DJMZ44WD,A359XD7J8BFYBG
B0CKX6PB5M,A359XD7J8BFYBG
B0C2LCWRSW,A359XD7J8BFYBG
B0C274JNW2,A359XD7J8BFYBG
B0D4MPFGBH,A359XD7J8BFYBG
B0D45F8S2Y,A359XD7J8BFYBG
B0CYHYXB2P,A359XD7J8BFYBG
B0CXHT4NDD,A359XD7J8BFYBG
B0CWLFYJ6K,A359XD7J8BFYBG
B0CVX4GTCS,A359XD7J8BFYBG
B0CSW1XRHN,A359XD7J8BFYBG
B0CS63XBQN,A359XD7J8BFYBG
B0CRKZBN21,A359XD7J8BFYBG
B0CQBZ4BZW,A359XD7J8BFYBG
B0CKHWG6M5,A359XD7J8BFYBG
B0CJFM63LM,A359XD7J8BFYBG
B0CFFFFHM4,A359XD7J8BFYBG
B0CCW5N2LW,A359XD7J8BFYBG
B0C89KTX8Z,A359XD7J8BFYBG
B0C6QDTZ9F,A359XD7J8BFYBG
B0C6K6ZVQK,A359XD7J8BFYBG
B0C2STYJBW,A359XD7J8BFYBG
B0C27YQ48H,A359XD7J8BFYBG
B0C24N8VPG,A359XD7J8BFYBG
B0BZLB7N1V,A359XD7J8BFYBG
B0BY8L45HD,A359XD7J8BFYBG
B0BY4W7J69,A359XD7J8BFYBG
B0BXS559YL,A359XD7J8BFYBG
B0BVWMFW98,A359XD7J8BFYBG
B0BPGS6XT8,A359XD7J8BFYBG
B0BNY5MB1J,A359XD7J8BFYBG
B0BN8629JC,A359XD7J8BFYBG
B0BMF2Y1P9,A359XD7J8BFYBG
B0BK4VWPYH,A359XD7J8BFYBG
B0BHV13CZR,A359XD7J8BFYBG
B0BC1MX5Q8,A359XD7J8BFYBG
B0BB5KQTGF,A359XD7J8BFYBG
B0BB1XK3XR,A359XD7J8BFYBG
B0B7VB45DN,A359XD7J8BFYBG
B0B4KGSHQJ,A359XD7J8BFYBG
B0B4DMP8N5,A359XD7J8BFYBG
B0B49X2PVP,A359XD7J8BFYBG
B0B322RKSV,A359XD7J8BFYBG
B0B2L8ZG82,A359XD7J8BFYBG
B0B15GJJ1G,A359XD7J8BFYBG
B09YRF5416,A359XD7J8BFYBG
B09Y5BL9X3,A359XD7J8BFYBG
B09XB7L13F,A359XD7J8BFYBG
B09W45P2FS,A359XD7J8BFYBG
B09VY8QM1V,A359XD7J8BFYBG
B09NW3JT7L,A359XD7J8BFYBG
B09KVK5F27,A359XD7J8BFYBG
B0030YGPN4,A359XD7J8BFYBG
B002NGOORY,A359XD7J8BFYBG
B002LARNOS,A359XD7J8BFYBG
9935253406,A359XD7J8BFYBG
B07ZG9NPY6,A359XD7J8BFYBG
B009M97ISW,A359XD7J8BFYBG
B08H58L74R,A359XD7J8BFYBG
B093FFPYMM,A359XD7J8BFYBG
B08NV39DP6,A359XD7J8BFYBG
B08MW5K41Y,A359XD7J8BFYBG
B08MT3NWYK,A359XD7J8BFYBG
B08MLGK12K,A359XD7J8BFYBG
B08MLFQZQ6,A359XD7J8BFYBG
B08M1VJ78J,A359XD7J8BFYBG
B08LGBL3SK,A359XD7J8BFYBG
B08L8PYTH1,A359XD7J8BFYBG
B08HH5SWKB,A359XD7J8BFYBG
B08GK7ZHYZ,A359XD7J8BFYBG
B08D3W8XF5,A359XD7J8BFYBG
B08D3QC6GR,A359XD7J8BFYBG
B08C369JBJ,A359XD7J8BFYBG
B08BB2GLL6,A359XD7J8BFYBG
B089ZMSR39,A359XD7J8BFYBG
B08948WMF9,A359XD7J8BFYBG
B09J4ZV4CH,A359XD7J8BFYBG
B09G7MDNDH,A359XD7J8BFYBG
B09FDS557M,A359XD7J8BFYBG
B09F6PM7HT,A359XD7J8BFYBG
B09BCV13M5,A359XD7J8BFYBG
B09B38M9LB,A359XD7J8BFYBG
B097TKKZJV,A359XD7J8BFYBG
B097KFX9S6,A359XD7J8BFYBG
B097HD8ZQP,A359XD7J8BFYBG
B096XQMPVR,A359XD7J8BFYBG
B0917M624P,A359XD7J8BFYBG
B08ZJCQ5T3,A359XD7J8BFYBG
B08Y7XMF1W,A359XD7J8BFYBG
B08X6SB79M,A359XD7J8BFYBG
B08VDX5DD7,A359XD7J8BFYBG
B08R97HTWY,A359XD7J8BFYBG
B088WMRF86,A359XD7J8BFYBG
B088MM4937,A359XD7J8BFYBG
B088BXFYBM,A359XD7J8BFYBG
B0882V4BCL,A359XD7J8BFYBG
B0881M1JGZ,A359XD7J8BFYBG
B08722MXKJ,A359XD7J8BFYBG
B0868GX11C,A359XD7J8BFYBG
B085JMYQH4,A359XD7J8BFYBG
B085FQRZN6,A359XD7J8BFYBG
B085BN282N,A359XD7J8BFYBG
B084P2GJTG,A359XD7J8BFYBG
B083X5Q2PY,A359XD7J8BFYBG
B083RN117D,A359XD7J8BFYBG
B0832NNTDP,A359XD7J8BFYBG
B07ZG9G317,A359XD7J8BFYBG
B07Z67XBQB,A359XD7J8BFYBG
B07YR65BQW,A359XD7J8BFYBG
B07Y9DT3SQ,A359XD7J8BFYBG
B07XZJGZ6N,A359XD7J8BFYBG
B07WN1P53C,A359XD7J8BFYBG
B07W3SWQT9,A359XD7J8BFYBG
B07V1JFQ7R,A359XD7J8BFYBG
B07TR4SMB4,A359XD7J8BFYBG
B07T9CQDVP,A359XD7J8BFYBG
B07SZ9BN8R,A359XD7J8BFYBG
B07RPVQVVG,A359XD7J8BFYBG
B07RGW277X,A359XD7J8BFYBG
B07R4HT3D3,A359XD7J8BFYBG
B07Q3QRQGT,A359XD7J8BFYBG
B07PS63GH9,A359XD7J8BFYBG
B07PQ9D49V,A359XD7J8BFYBG
B07MPVHZQG,A359XD7J8BFYBG
B01HU696MY,A359XD7J8BFYBG
B01DETGWNC,A359XD7J8BFYBG
B019V1PW5G,A359XD7J8BFYBG
B015DD95YU,A359XD7J8BFYBG
B00N4MKVFK,A359XD7J8BFYBG
B00L5KMPCU,A359XD7J8BFYBG
B00FBL3PMI,A359XD7J8BFYBG
B0089P4IFG,A359XD7J8BFYBG
B005THDUE2,A359XD7J8BFYBG
B005OYLEAC,A359XD7J8BFYBG
B005OH5CX4,A359XD7J8BFYBG
B001M5ESTQ,A359XD7J8BFYBG
B0018NBPJ8,A359XD7J8BFYBG
B000VRFKUC,A359XD7J8BFYBG
B000LCA0XY,A359XD7J8BFYBG
B0009PXHE2,A359XD7J8BFYBG
B07HL2VK92,A359XD7J8BFYBG
B07GQ1RGGF,A359XD7J8BFYBG
B07F65VWC6,A359XD7J8BFYBG
B07DV18Z42,A359XD7J8BFYBG
B07DCLV65H,A359XD7J8BFYBG
B07BGRDMHZ,A359XD7J8BFYBG
B07BF64D9P,A359XD7J8BFYBG
B079V4V5ZX,A359XD7J8BFYBG
B077PRD12S,A359XD7J8BFYBG
B07754J8XN,A359XD7J8BFYBG
B073PWWFXK,A359XD7J8BFYBG
B071NMK3TG,A359XD7J8BFYBG
B071GVWZLX,A359XD7J8BFYBG
B01MREOLRC,A359XD7J8BFYBG
B01J9D6LJW,A359XD7J8BFYBG
B01J45D760,A359XD7J8BFYBG
B00062N428,A359XD7J8BFYBG
1953242073,A359XD7J8BFYBG
B07HRVLPS9,A359XD7J8BFYBG
B0BZGLVTP9,A359XD7J8BFYBG
B0BN4HGMMT,A359XD7J8BFYBG
B09Y3HR6L9,A359XD7J8BFYBG
B0D1VLGB5V,A359XD7J8BFYBG
B095SSX9N6,A359XD7J8BFYBG
B07VXKW5L9,A359XD7J8BFYBG
B07SQPF1KF,A359XD7J8BFYBG
B0792ZMR32,A359XD7J8BFYBG
B01M4OS5FP,A359XD7J8BFYBG
B00N31FQJS,A359XD7J8BFYBG
B08K4WZTNJ,A359XD7J8BFYBG
B0CTHHHRRS,A359XD7J8BFYBG
B0BCL21BK3,A359XD7J8BFYBG
B0CHS3XDMR,A359XD7J8BFYBG
B07TTKBK9G,A359XD7J8BFYBG
B092J2XW7V,A359XD7J8BFYBG
B0CDGH2XD8,A359XD7J8BFYBG
B09RN4THTF,A359XD7J8BFYBG
B0C2NNBTKD,A359XD7J8BFYBG
B076YY5GM5,A359XD7J8BFYBG
B0C2BVKXVN,A359XD7J8BFYBG
B01MF9DOWS,A359XD7J8BFYBG
B0DJRQX1GC,A359XD7J8BFYBG
B0BXKGVQ29,A359XD7J8BFYBG
B000GU67VU,A359XD7J8BFYBG
B0BYD7HSKK,A359XD7J8BFYBG
B081352WSH,A359XD7J8BFYBG
B09K4GXL9R,A359XD7J8BFYBG
B0CSYGKQPS,A359XD7J8BFYBG
B09S7PP9PC,A359XD7J8BFYBG
B09XJWKNCX,A359XD7J8BFYBG
B099R5LT9N,A359XD7J8BFYBG
B0BSV85FRH,A359XD7J8BFYBG
B09KBNQN2R,A359XD7J8BFYBG
B003LJF1QA,A359XD7J8BFYBG
B002AZPTZO,A359XD7J8BFYBG
B07H5GB231,A359XD7J8BFYBG
B0BXPP6W3P,A359XD7J8BFYBG
B07X5528V3,A359XD7J8BFYBG
B07BJ4V1VN,A359XD7J8BFYBG
B000UC5BBG,A359XD7J8BFYBG
B0DPD9VDGZ,A359XD7J8BFYBG
B0B8CL63PB,A359XD7J8BFYBG
B00VTR7PU6,A359XD7J8BFYBG
1549244523,A359XD7J8BFYBG
B0BZQNY7MC,A359XD7J8BFYBG
B0B8MCBPLD,A359XD7J8BFYBG
B0B3VCZ4XK,A359XD7J8BFYBG
B0C1TXT5TK,A359XD7J8BFYBG
B0CBW8C7VW,A359XD7J8BFYBG
B0B6D73FDZ,A359XD7J8BFYBG
B089QQNKJL,A359XD7J8BFYBG
B0055QNLN2,A359XD7J8BFYBG
B0B9ZB2YSH,A359XD7J8BFYBG
B08X4W6N5M,A359XD7J8BFYBG
B09NRCTGXF,A359XD7J8BFYBG
B09JL6H67V,A359XD7J8BFYBG
B091YLRFP9,A359XD7J8BFYBG
B08LTYXQLC,A359XD7J8BFYBG
B087PVMMPG,A359XD7J8BFYBG
B07TDNGGVH,A359XD7J8BFYBG
B072N4HD3S,A359XD7J8BFYBG
B00K1CFP6G,A359XD7J8BFYBG
B00FBKT9P6,A359XD7J8BFYBG
B000KORDDS,A359XD7J8BFYBG
1549243144,A359XD7J8BFYBG
B0DQPPLLKS,A359XD7J8BFYBG
B0DK51B5DJ,A359XD7J8BFYBG
B0DDWPVNFM,A359XD7J8BFYBG
B0D9PRMZKN,A359XD7J8BFYBG
B0D9HS4ZKC,A359XD7J8BFYBG
B0D73LZRXC,A359XD7J8BFYBG
B0D451XP4L,A359XD7J8BFYBG
B0D3KPGDDG,A359XD7J8BFYBG
B0D1V8ZQG6,A359XD7J8BFYBG
B0CY4VF99N,A359XD7J8BFYBG
B0CXP98HTQ,A359XD7J8BFYBG
B0CRKWQYGD,A359XD7J8BFYBG
B0CRGNMSJ5,A359XD7J8BFYBG
B0CPL14M6T,A359XD7J8BFYBG
B0CMQF6GQG,A359XD7J8BFYBG
B0CJ4YDRTC,A359XD7J8BFYBG
B0CGWTCQ3L,A359XD7J8BFYBG
B0CGQ3ZBQD,A359XD7J8BFYBG
B0CF5GCZ3Y,A359XD7J8BFYBG
B0CCCX23HV,A359XD7J8BFYBG
B0CBPPH1SY,A359XD7J8BFYBG
B0CBJMBLWS,A359XD7J8BFYBG
B0C9TML3HH,A359XD7J8BFYBG
B0C5JGJDH4,A359XD7J8BFYBG
B0C5DQNXK7,A359XD7J8BFYBG
B0C4G6FJZM,A359XD7J8BFYBG
B0C3HCDDSX,A359XD7J8BFYBG
B0BZ4SJVN3,A359XD7J8BFYBG
B0BZ41D68V,A359XD7J8BFYBG
B0BYYT2KNC,A359XD7J8BFYBG
B0BYH66C3S,A359XD7J8BFYBG
B0BXD7FGNM,A359XD7J8BFYBG
B0BVRT67H2,A359XD7J8BFYBG
B0BTW4TGF9,A359XD7J8BFYBG
B0BS6JQMC6,A359XD7J8BFYBG
B0BRX83MGC,A359XD7J8BFYBG
B0BRQ6Q14T,A359XD7J8BFYBG
B0BJBBQ4ZD,A359XD7J8BFYBG
B0BHZPGSL3,A359XD7J8BFYBG
B0BDXZD52J,A359XD7J8BFYBG
B0BCXHPT21,A359XD7J8BFYBG
B0BBGJT733,A359XD7J8BFYBG
B0B8M676GN,A359XD7J8BFYBG
B0B86XF9LC,A359XD7J8BFYBG
B0B5QX8Z1B,A359XD7J8BFYBG
B0B59FVJNN,A359XD7J8BFYBG
B0B585B495,A359XD7J8BFYBG
B0B55WZHTZ,A359XD7J8BFYBG
B0B1ZB3BFB,A359XD7J8BFYBG
B09YYDS1XN,A359XD7J8BFYBG
B09XF2PCKP,A359XD7J8BFYBG
B09V193KXV,A359XD7J8BFYBG
B09NNLRKPV,A359XD7J8BFYBG
B09NDJRGX8,A359XD7J8BFYBG
B09LT8FX3V,A359XD7J8BFYBG
B09L1LGSLK,A359XD7J8BFYBG
B09K7BRRZJ,A359XD7J8BFYBG
B09JL7F4PM,A359XD7J8BFYBG
B09H7HCBX8,A359XD7J8BFYBG
B09BZZ19K8,A359XD7J8BFYBG
B09BYTZWTT,A359XD7J8BFYBG
B09877P9CF,A359XD7J8BFYBG
B0983SR7Q9,A359XD7J8BFYBG
B095HXZXYH,A359XD7J8BFYBG
B09446S2KH,A359XD7J8BFYBG
B0927N4LTW,A359XD7J8BFYBG
B08YK7BXS3,A359XD7J8BFYBG
B08X2TL7MF,A359XD7J8BFYBG
B08V8GXBS9,A359XD7J8BFYBG
B07KKDXDD2,A359XD7J8BFYBG
B0BY1KLK8Z,A359XD7J8BFYBG
B0CRQJ23DH,A359XD7J8BFYBG
B09GYSYF5P,A359XD7J8BFYBG
B003H054RY,A359XD7J8BFYBG
B0991SSPVS,A359XD7J8BFYBG
B0B9426TJ3,A359XD7J8BFYBG
B0CQ1S1KBL,A359XD7J8BFYBG
B0B76MSL4Z,A359XD7J8BFYBG
B08TQK71VH,A359XD7J8BFYBG
B08TLTDGHL,A359XD7J8BFYBG
B08SJB8BS8,A359XD7J8BFYBG
B08S78SWQS,A359XD7J8BFYBG
B08Q7W3Q8Q,A359XD7J8BFYBG
B08NH9ZMM4,A359XD7J8BFYBG
B08NDDSPM8,A359XD7J8BFYBG
B08N3HGB78,A359XD7J8BFYBG
B08K2K1LL3,A359XD7J8BFYBG
B08HJD4HG7,A359XD7J8BFYBG
B08G184DTR,A359XD7J8BFYBG
B08FXSMNRJ,A359XD7J8BFYBG
B08D881NK5,A359XD7J8BFYBG
B08CXM9QJL,A359XD7J8BFYBG
B08BHMGQ3B,A359XD7J8BFYBG
B088WNW8WW,A359XD7J8BFYBG
B088W9QZ88,A359XD7J8BFYBG
B087JY9X2K,A359XD7J8BFYBG
B0861FWYT5,A359XD7J8BFYBG
B085RH15PJ,A359XD7J8BFYBG
B083GKGT3C,A359XD7J8BFYBG
B07Y7NMYQL,A359XD7J8BFYBG
B07XXQTRH1,A359XD7J8BFYBG
B07VS65LSQ,A359XD7J8BFYBG
B07S7DXNVP,A359XD7J8BFYBG
B07RLVHS5M,A359XD7J8BFYBG
B07R9MCRGZ,A359XD7J8BFYBG
B07R4YCHH8,A359XD7J8BFYBG
B07R4HLT4C,A359XD7J8BFYBG
B07QDR1GTP,A359XD7J8BFYBG
B07Q5VN5DS,A359XD7J8BFYBG
B07PYG93TH,A359XD7J8BFYBG
B078JNBMDG,A359XD7J8BFYBG
B078JLC1JR,A359XD7J8BFYBG
B076NTXWKB,A359XD7J8BFYBG
B075X45LCC,A359XD7J8BFYBG
B074RL4SV6,A359XD7J8BFYBG
B0744JKCF7,A359XD7J8BFYBG
B073VVR7PV,A359XD7J8BFYBG
B073FKMPB6,A359XD7J8BFYBG
B072N2KHVQ,A359XD7J8BFYBG
B0725NKYTF,A359XD7J8BFYBG
B071HYRPND,A359XD7J8BFYBG
B071HSP326,A359XD7J8BFYBG
B06Y194RBN,A359XD7J8BFYBG
B01N27TD5V,A359XD7J8BFYBG
B01MXODBEW,A359XD7J8BFYBG
B01GQWKKV4,A359XD7J8BFYBG
B07BHXQ629,A359XD7J8BFYBG
B078J4VCQN,A359XD7J8BFYBG
B073SPYDFT,A359XD7J8BFYBG
B01DID2TN6,A359XD7J8BFYBG
B01BRS9K04,A359XD7J8BFYBG
B017WHIPPA,A359XD7J8BFYBG
B00C01LID0,A359XD7J8BFYBG
B001LNOEKW,A359XD7J8BFYBG
B0DKS8PZLY,A359XD7J8BFYBG
B0DD3SGJY7,A359XD7J8BFYBG
B0D6RQSL3M,A359XD7J8BFYBG
B0D6JWN46D,A359XD7J8BFYBG
B0D5GTD5PT,A359XD7J8BFYBG
B0D41XY6LH,A359XD7J8BFYBG
B0D37VFX1D,A359XD7J8BFYBG
B0D2NZ98PW,A359XD7J8BFYBG
B00103B7VW,A359XD7J8BFYBG
B000HN8D5E,A359XD7J8BFYBG
B000EELC5Y,A359XD7J8BFYBG
B000E62NIC,A359XD7J8BFYBG
B00023M8RS,A359XD7J8BFYBG
1549240633,A359XD7J8BFYBG
B0CFV47Z4R,A359XD7J8BFYBG
B0042SSUS0,A359XD7J8BFYBG
1890560014,A359XD7J8BFYBG
B09MG9WWHX,A359XD7J8BFYBG
B091NLGK7M,A359XD7J8BFYBG
B07Y2ZBSN1,A359XD7J8BFYBG
B07S234YL3,A359XD7J8BFYBG
B0DBQHDFR8,A359XD7J8BFYBG
B0D6C32WRP,A359XD7J8BFYBG
B0CL9P8XRM,A359XD7J8BFYBG
B0CBNRJYFV,A359XD7J8BFYBG
B0C1G6TLN8,A359XD7J8BFYBG
B0BXBTFV48,A359XD7J8BFYBG
B0BX67RZCS,A359XD7J8BFYBG
B0B772YZG8,A359XD7J8BFYBG
B0B2DLCH4M,A359XD7J8BFYBG
B08F9R3QWS,A359XD7J8BFYBG
B07HFQ1TJG,A359XD7J8BFYBG
B07FK1T417,A359XD7J8BFYBG
B0CMXKKKVX,A359XD7J8BFYBG
B0CM36S7PM,A359XD7J8BFYBG
B0CKSHTYDB,A359XD7J8BFYBG
B0CK2JLLL4,A359XD7J8BFYBG
B0CJ5ZX1B6,A359XD7J8BFYBG
B0CJ4Y2P8S,A359XD7J8BFYBG
B0CHKQJ8TG,A359XD7J8BFYBG
B0CGYXMZB2,A359XD7J8BFYBG
B0CGPR1YWV,A359XD7J8BFYBG
B0CC2CX7HM,A359XD7J8BFYBG
B0CBK3PTP9,A359XD7J8BFYBG
B0C9TSWJ4P,A359XD7J8BFYBG
B0C9TBG27V,A359XD7J8BFYBG
B0C8T658HR,A359XD7J8BFYBG
B0C84RY2G9,A359XD7J8BFYBG
B0C5VLTW4V,A359XD7J8BFYBG
B01DWXATU2,A359XD7J8BFYBG
B01BHC3RZY,A359XD7J8BFYBG
B017MRBAFM,A359XD7J8BFYBG
B016JH7FIC,A359XD7J8BFYBG
B012GGQIK6,A359XD7J8BFYBG
B00U77TL3S,A359XD7J8BFYBG
B00T28KO66,A359XD7J8BFYBG
B00QQTQUWQ,A359XD7J8BFYBG
B00OVTJKJI,A359XD7J8BFYBG
B00JJ18PE4,A359XD7J8BFYBG
B00I6CQ32S,A359XD7J8BFYBG
B00GMR0MZS,A359XD7J8BFYBG
B0074TYV96,A359XD7J8BFYBG
B0066PI35M,A359XD7J8BFYBG
B005JT5D18,A359XD7J8BFYBG
B0057FVP3E,A359XD7J8BFYBG
B0BMB3F3QJ,A359XD7J8BFYBG
B0BM69DMHK,A359XD7J8BFYBG
B0BLRJQB6B,A359XD7J8BFYBG
B0BJ69Z29K,A359XD7J8BFYBG
B0BJ34ZX9F,A359XD7J8BFYBG
B0BFVZLMJ9,A359XD7J8BFYBG
B0BF9DRWZB,A359XD7J8BFYBG
B0BDBCXGDT,A359XD7J8BFYBG
B0BCB1T1GF,A359XD7J8BFYBG
B0BBPMJZZH,A359XD7J8BFYBG
B0BBBDZWSC,A359XD7J8BFYBG
B0BB6J8PB2,A359XD7J8BFYBG
B0BB12R5NC,A359XD7J8BFYBG
B0B9Y2Y7MX,A359XD7J8BFYBG
B0B5MM5B6T,A359XD7J8BFYBG
B0B5891RLG,A359XD7J8BFYBG
B07PF49KWR,A359XD7J8BFYBG
B07MNNSTGY,A359XD7J8BFYBG
B07MDT34BV,A359XD7J8BFYBG
B07J43W4K5,A359XD7J8BFYBG
B07GWYYSZ8,A359XD7J8BFYBG
B07GQZ33C2,A359XD7J8BFYBG
B07G9XM1QX,A359XD7J8BFYBG
B07FMQJSF5,A359XD7J8BFYBG
B07DJW3M5R,A359XD7J8BFYBG
B07D3SS4T9,A359XD7J8BFYBG
B07CHSKY13,A359XD7J8BFYBG
B07C9JD9FV,A359XD7J8BFYBG
B07C3KGQNN,A359XD7J8BFYBG
B07B6NVYRB,A359XD7J8BFYBG
B07B2FDDB9,A359XD7J8BFYBG
B078N649MJ,A359XD7J8BFYBG
B0D2NT7WHK,A359XD7J8BFYBG
B0D2KHK6CP,A359XD7J8BFYBG
B0CZT5795J,A359XD7J8BFYBG
B0CZHR1KR8,A359XD7J8BFYBG
B0CYMWHSBN,A359XD7J8BFYBG
B0CXNCQYBH,A359XD7J8BFYBG
B0CW5VV5Q5,A359XD7J8BFYBG
B0CVX786ZR,A359XD7J8BFYBG
B0CR6PD4ZB,A359XD7J8BFYBG
B0CQ2NH625,A359XD7J8BFYBG
B0CPPQ6W19,A359XD7J8BFYBG
B0CPHYP972,A359XD7J8BFYBG
B0CP9KDNXQ,A359XD7J8BFYBG
B0CP8BKXST,A359XD7J8BFYBG
B0CP2BXPBK,A359XD7J8BFYBG
B0CNSYXG61,A359XD7J8BFYBG
B0C4FLLG44,A359XD7J8BFYBG
B0C4DT9MBT,A359XD7J8BFYBG
B0C2GK5MKR,A359XD7J8BFYBG
B0BZVFY9H3,A359XD7J8BFYBG
B0BZRS3GL8,A359XD7J8BFYBG
B0BZPPQGTX,A359XD7J8BFYBG
B0BZJQ6X69,A359XD7J8BFYBG
B0BRYJ93C8,A359XD7J8BFYBG
B0BRVSNGSR,A359XD7J8BFYBG
B0BRRG9H7K,A359XD7J8BFYBG
B0BRJRHPG4,A359XD7J8BFYBG
B0BQM79BNP,A359XD7J8BFYBG
B0BNG12VSR,A359XD7J8BFYBG
B0BNDMH1W1,A359XD7J8BFYBG
B0BNBMJN37,A359XD7J8BFYBG
B0BMV7LBPF,A359XD7J8BFYBG
B0B4VZYC66,A359XD7J8BFYBG
B0B4VZW85J,A359XD7J8BFYBG
B0B4S4R6LY,A359XD7J8BFYBG
B0B4DNXYWG,A359XD7J8BFYBG
B0B4BRLFF9,A359XD7J8BFYBG
B09ZYG82KX,A359XD7J8BFYBG
B09YR6N799,A359XD7J8BFYBG
B09YMKTYC1,A359XD7J8BFYBG
B09YLRPR38,A359XD7J8BFYBG
B09YHY76WQ,A359XD7J8BFYBG
B09YG8LV8H,A359XD7J8BFYBG
B09Y7K6VKS,A359XD7J8BFYBG
B09XQN3J6N,A359XD7J8BFYBG
B09WB2F8X8,A359XD7J8BFYBG
B09S9V5G2P,A359XD7J8BFYBG
B09Q2Z77FH,A359XD7J8BFYBG
B08TQM29YB,A359XD7J8BFYBG
B08T79C13X,A359XD7J8BFYBG
B08P6YY9S1,A359XD7J8BFYBG
B08N5B19DP,A359XD7J8BFYBG
B08N5692NW,A359XD7J8BFYBG
B08KSXHRSS,A359XD7J8BFYBG
B08HGFWVYX,A359XD7J8BFYBG
B08HDGVXZK,A359XD7J8BFYBG
B08GMCZ4ML,A359XD7J8BFYBG
B08FGK2C14,A359XD7J8BFYBG
B08FDH1XKL,A359XD7J8BFYBG
B08DTJKW53,A359XD7J8BFYBG
B08BJKWKHV,A359XD7J8BFYBG
B0896Q3Q91,A359XD7J8BFYBG
B08952NR8Q,A359XD7J8BFYBG
B088KDT685,A359XD7J8BFYBG
B08867QRJ9,A359XD7J8BFYBG
B087PSQDGJ,A359XD7J8BFYBG
B087D9DX1X,A359XD7J8BFYBG
B0878Z7Z1F,A359XD7J8BFYBG
B086DWRMX2,A359XD7J8BFYBG
B0861ZDBKL,A359XD7J8BFYBG
B08532KMP8,A359XD7J8BFYBG
B083JQLQB5,A359XD7J8BFYBG
B08254CV3Q,A359XD7J8BFYBG
B07YFDJLCL,A359XD7J8BFYBG
B07X981KJX,A359XD7J8BFYBG
B07X87YVLY,A359XD7J8BFYBG
B07X6CFPM7,A359XD7J8BFYBG
B07VMV1374,A359XD7J8BFYBG
B07VFLTZYJ,A359XD7J8BFYBG
B07VCGWZWZ,A359XD7J8BFYBG
B07TV2W8BG,A359XD7J8BFYBG
B07T2VYH7D,A359XD7J8BFYBG
B07T22WS1C,A359XD7J8BFYBG
B07RXG6CWF,A359XD7J8BFYBG
B07RWBDBGY,A359XD7J8BFYBG
B07R3T63JW,A359XD7J8BFYBG
B07QD8BNR6,A359XD7J8BFYBG
B07PZ51GZ5,A359XD7J8BFYBG
B07NZPB4CZ,A359XD7J8BFYBG
B07N8XH4YY,A359XD7J8BFYBG
B07MCX9CKN,A359XD7J8BFYBG
B07J43XP1L,A359XD7J8BFYBG
B07J3K1PPR,A359XD7J8BFYBG
B07H9CGNJD,A359XD7J8BFYBG
B07H1Z58Y4,A359XD7J8BFYBG
B07G4B86BQ,A359XD7J8BFYBG
B09NRC599T,A359XD7J8BFYBG
B09NN6HVNM,A359XD7J8BFYBG
B09KC55Z7Y,A359XD7J8BFYBG
B09HQW6591,A359XD7J8BFYBG
B09GKRJTVD,A359XD7J8BFYBG
B09C5RS3TC,A359XD7J8BFYBG
B09C2FZ11F,A359XD7J8BFYBG
B09BCMWYL2,A359XD7J8BFYBG
B096TB2CT6,A359XD7J8BFYBG
B094D1PPNV,A359XD7J8BFYBG
B092PX68XN,A359XD7J8BFYBG
B092CDQ514,A359XD7J8BFYBG
B091DW3WJP,A359XD7J8BFYBG
B0919HQSF6,A359XD7J8BFYBG
B08Y64WY4Q,A359XD7J8BFYBG
B08WKX9CZ1,A359XD7J8BFYBG
B07FZT9PTY,A359XD7J8BFYBG
B07FKM8KB7,A359XD7J8BFYBG
B07FKJ9HMN,A359XD7J8BFYBG
B07DNL2R9P,A359XD7J8BFYBG
B07DGZBFJM,A359XD7J8BFYBG
B07C8G4FDT,A359XD7J8BFYBG
B07BKVGQXZ,A359XD7J8BFYBG
B079YJ3HLM,A359XD7J8BFYBG
B079TGS58G,A359XD7J8BFYBG
B079NBSM6Q,A359XD7J8BFYBG
B077M5WH7P,A359XD7J8BFYBG
B077G9NKH4,A359XD7J8BFYBG
B076KD8S2S,A359XD7J8BFYBG
B076FJGGK1,A359XD7J8BFYBG
B076CTM15V,A359XD7J8BFYBG
B074NZ353D,A359XD7J8BFYBG
B073VBC1JW,A359XD7J8BFYBG
B0717255LZ,A359XD7J8BFYBG
B06WP91F6L,A359XD7J8BFYBG
B01N7T87RC,A359XD7J8BFYBG
B01N5S6N6T,A359XD7J8BFYBG
B01LZVJPSV,A359XD7J8BFYBG
B01L2XR4P2,A359XD7J8BFYBG
B01KTVAF36,A359XD7J8BFYBG
B01ETVTASI,A359XD7J8BFYBG
B01BI1I51K,A359XD7J8BFYBG
B0192D6ZPO,A359XD7J8BFYBG
B016OY1DTW,A359XD7J8BFYBG
B013E6BTNS,A359XD7J8BFYBG
B00YI1D2V6,A359XD7J8BFYBG
B00P79CIJ0,A359XD7J8BFYBG
B00OX84UJC,A359XD7J8BFYBG
B00JJ3JQVI,A359XD7J8BFYBG
B00IAS2SY0,A359XD7J8BFYBG
B00HZ4VFO4,A359XD7J8BFYBG
B00E0N7QVY,A359XD7J8BFYBG
B00CMMWWBE,A359XD7J8BFYBG
B00C681GZ2,A359XD7J8BFYBG
B00BRM2Y18,A359XD7J8BFYBG
B008OZRT0C,A359XD7J8BFYBG
B006YV22J6,A359XD7J8BFYBG
B006QSPWNA,A359XD7J8BFYBG
B0061A3CYE,A359XD7J8BFYBG
B004Y0ZD9K,A359XD7J8BFYBG
B004XMXS8W,A359XD7J8BFYBG
B002TSO0YS,A359XD7J8BFYBG
B0018T0ACU,A359XD7J8BFYBG
B000C6ZXE0,A359XD7J8BFYBG
B00062N496,A359XD7J8BFYBG
1938013069,A359XD7J8BFYBG
173337664X,A359XD7J8BFYBG
B0D14NWY1S,A359XD7J8BFYBG
B0C5J6Q4QK,A359XD7J8BFYBG
B095VMQ5LR,A359XD7J8BFYBG
B08S5TJHH5,A359XD7J8BFYBG
B0954DN5DF,A359XD7J8BFYBG
B09C2QJX5V,A359XD7J8BFYBG
B09MRDK11S,A359XD7J8BFYBG
B002Q1YTF8,A359XD7J8BFYBG
B093RCV7WH,A359XD7J8BFYBG
1549240862,A359XD7J8BFYBG
B0CVTNGM6Z,A359XD7J8BFYBG
B072BB7KKB,A359XD7J8BFYBG
B018YCU7FS,A359XD7J8BFYBG
B07XFPQ9VW,A359XD7J8BFYBG
B0DBLHPBGH,A359XD7J8BFYBG
B075947VJL,A359XD7J8BFYBG
B0BQ36CRJV,A359XD7J8BFYBG
B0B5YFXKW7,A359XD7J8BFYBG
B099RSR8Z9,A359XD7J8BFYBG
B0874HYW4K,A359XD7J8BFYBG
B000VHCU8M,A359XD7J8BFYBG
B0CQ77MB6D,A359XD7J8BFYBG
B09B2NFBL4,A359XD7J8BFYBG
B0BG7YNFTH,A359XD7J8BFYBG
B0DHCQ5GKT,A359XD7J8BFYBG
B0C1T5RNCH,A359XD7J8BFYBG
B006VCW0O0,A359XD7J8BFYBG
B09M64J8GG,A359XD7J8BFYBG
B07FCKQPGT,A359XD7J8BFYBG
B0BMGHSB8Z,A359XD7J8BFYBG
B07GJB5TVP,A359XD7J8BFYBG
B0BDCN8NKZ,A359XD7J8BFYBG
B08DG796BW,A359XD7J8BFYBG
B0DDDNRHRH,A359XD7J8BFYBG
B0C7S6ZNYT,A359XD7J8BFYBG
B09XB1NTKG,A359XD7J8BFYBG
B01DDEJIM0,A359XD7J8BFYBG
B0CSYQ9ZHH,A359XD7J8BFYBG
B0CR3RVLW8,A359XD7J8BFYBG
B0CQH85RJX,A359XD7J8BFYBG
B0CQCHJ75R,A359XD7J8BFYBG
B0CP3YQX6G,A359XD7J8BFYBG
B0CNKWHGTX,A359XD7J8BFYBG
B0CN7H6DJD,A359XD7J8BFYBG
B0CMTMRDQS,A359XD7J8BFYBG
B0CLZQMTNT,A359XD7J8BFYBG
B0CLNFDKSS,A359XD7J8BFYBG
B0CHQQBYBQ,A359XD7J8BFYBG
B0CH4KJV3T,A359XD7J8BFYBG
B0CGCRK56B,A359XD7J8BFYBG
B0CFVM5R36,A359XD7J8BFYBG
B0CBPMR52J,A359XD7J8BFYBG
B0C9GY1FM3,A359XD7J8BFYBG
B003STEIYY,A359XD7J8BFYBG
B0D92N4VNQ,A359XD7J8BFYBG
B01BKA2MOU,A359XD7J8BFYBG
B0D45TFDNZ,A359XD7J8BFYBG
B0CJ4W2S4G,A359XD7J8BFYBG
B0BLQP33XB,A359XD7J8BFYBG
B0BB6X5BF8,A359XD7J8BFYBG
B09Q5TV2TJ,A359XD7J8BFYBG
B09MV1Q3HF,A359XD7J8BFYBG
B09B3HKMXS,A359XD7J8BFYBG
B083CM1K1P,A359XD7J8BFYBG
B07TVT5ZV6,A359XD7J8BFYBG
B0779D7DFG,A359XD7J8BFYBG
B01M0FB8KU,A359XD7J8BFYBG
B01EDMZNI4,A359XD7J8BFYBG
B00V4T05YC,A359XD7J8BFYBG
B00MVRS38G,A359XD7J8BFYBG
B001CDWENK,A359XD7J8BFYBG
B000AMLQSI,A359XD7J8BFYBG
1549240730,A359XD7J8BFYBG
B0DP21S5V3,A359XD7J8BFYBG
B0DNQ67Z3W,A359XD7J8BFYBG
B0DL3SJ8SM,A359XD7J8BFYBG
B0DCZ6YTZP,A359XD7J8BFYBG
B0D93RHDC3,A359XD7J8BFYBG
B0D8LCP71D,A359XD7J8BFYBG
B0D2VVK64P,A359XD7J8BFYBG
B0D1KH65P1,A359XD7J8BFYBG
B0CZ95XFKJ,A359XD7J8BFYBG
B0CZ3KDHRR,A359XD7J8BFYBG
B0CXZBW16S,A359XD7J8BFYBG
B0CW635392,A359XD7J8BFYBG
B0B4RWFX93,A359XD7J8BFYBG
B0B4HN8ZMS,A359XD7J8BFYBG
B0B2K238N2,A359XD7J8BFYBG
B0B277TSZN,A359XD7J8BFYBG
B0B2444R9Q,A359XD7J8BFYBG
B0B1XCW3BJ,A359XD7J8BFYBG
B0B1565QHW,A359XD7J8BFYBG
B09ZYSS5PS,A359XD7J8BFYBG
B09XX3S6B3,A359XD7J8BFYBG
B09WR5YPVY,A359XD7J8BFYBG
B09WK4ZYGQ,A359XD7J8BFYBG
B09W5P5C5N,A359XD7J8BFYBG
B09VBZKGVV,A359XD7J8BFYBG
B09V4DVW1P,A359XD7J8BFYBG
B09V2LVRGW,A359XD7J8BFYBG
B09TZQHK9S,A359XD7J8BFYBG
B0C9GK4RVT,A359XD7J8BFYBG
B0C88Y636P,A359XD7J8BFYBG
B0C7LK11YG,A359XD7J8BFYBG
B0C6JKY8B1,A359XD7J8BFYBG
B0C5WC98HH,A359XD7J8BFYBG
B0C4GV5C9M,A359XD7J8BFYBG
B0C3GJYV8G,A359XD7J8BFYBG
B0C23RD5KZ,A359XD7J8BFYBG
B0C1GYLXFP,A359XD7J8BFYBG
B0C165BJ7V,A359XD7J8BFYBG
B0BZQLMS54,A359XD7J8BFYBG
B0BZPCWNHL,A359XD7J8BFYBG
B0BZL76927,A359XD7J8BFYBG
B0BYZF6JZQ,A359XD7J8BFYBG
B0BYFQQ7CW,A359XD7J8BFYBG
B0BXG88Y6P,A359XD7J8BFYBG
B084WQXJNF,A359XD7J8BFYBG
B0845MYTXT,A359XD7J8BFYBG
B0842YXBGL,A359XD7J8BFYBG
B0836MYJSD,A359XD7J8BFYBG
B082QRS7SW,A359XD7J8BFYBG
B082PW2DF4,A359XD7J8BFYBG
B082LT2V2M,A359XD7J8BFYBG
B082DM2GWJ,A359XD7J8BFYBG
B081VLNK19,A359XD7J8BFYBG
B081LZ2NLG,A359XD7J8BFYBG
B081GMK15D,A359XD7J8BFYBG
B07ZVH8X2M,A359XD7J8BFYBG
B07ZJYPD3Z,A359XD7J8BFYBG
B07ZJPC8NN,A359XD7J8BFYBG
B07YNVT4B7,A359XD7J8BFYBG
B07Y6FCJZR,A359XD7J8BFYBG
B09R9L2JSF,A359XD7J8BFYBG
B09QY5VWDB,A359XD7J8BFYBG
B09QLKGLJG,A359XD7J8BFYBG
B09Q2RNM9Q,A359XD7J8BFYBG
B09PRFDFB3,A359XD7J8BFYBG
B09MYYP4L9,A359XD7J8BFYBG
B09MVWMSMB,A359XD7J8BFYBG
B09LM3KW7J,A359XD7J8BFYBG
B09FTQVZWR,A359XD7J8BFYBG
B09DXQCPF9,A359XD7J8BFYBG
B09CLF899N,A359XD7J8BFYBG
B09963DQ6Q,A359XD7J8BFYBG
B098J937R6,A359XD7J8BFYBG
B0953CXL25,A359XD7J8BFYBG
B0919LL1MV,A359XD7J8BFYBG
B08WRNRJFY,A359XD7J8BFYBG
B07WMYJPFW,A359XD7J8BFYBG
B07T94S5FZ,A359XD7J8BFYBG
B07SQR8MRP,A359XD7J8BFYBG
B07QWDWKXC,A359XD7J8BFYBG
B07PLD9B66,A359XD7J8BFYBG
B07NRDHJZ2,A359XD7J8BFYBG
B07MYMKV1S,A359XD7J8BFYBG
B07LFZPL5N,A359XD7J8BFYBG
B07L94X8VP,A359XD7J8BFYBG
B07KS2DJSP,A359XD7J8BFYBG
B07K3X966F,A359XD7J8BFYBG
B07JYDZ7PT,A359XD7J8BFYBG
B07J9JW64Y,A359XD7J8BFYBG
B07DYXS7X3,A359XD7J8BFYBG
B07DWM49CN,A359XD7J8BFYBG
B07D3Y9VD4,A359XD7J8BFYBG
B08TWRPDQ4,A359XD7J8BFYBG
B08TKQHF42,A359XD7J8BFYBG
B08M6BCK3S,A359XD7J8BFYBG
B08LZQJMVW,A359XD7J8BFYBG
B08L83Y6KP,A359XD7J8BFYBG
B08J6LTCVR,A359XD7J8BFYBG
B08F96WBYB,A359XD7J8BFYBG
B08DDBNYF1,A359XD7J8BFYBG
B08CBRQLTY,A359XD7J8BFYBG
B088RC984S,A359XD7J8BFYBG
B088H9PHXM,A359XD7J8BFYBG
B088FBY1RR,A359XD7J8BFYBG
B087B8DRBC,A359XD7J8BFYBG
B0874DX1P7,A359XD7J8BFYBG
B085Q5KGYD,A359XD7J8BFYBG
B085PQHGRH,A359XD7J8BFYBG
B07CSXR5MM,A359XD7J8BFYBG
B07C3PF81M,A359XD7J8BFYBG
B079VQV9H7,A359XD7J8BFYBG
B078KZNX5L,A359XD7J8BFYBG
B077ZJC1VP,A359XD7J8BFYBG
B07791CW4S,A359XD7J8BFYBG
B0778RFF3D,A359XD7J8BFYBG
B076Q3Z3WJ,A359XD7J8BFYBG
B075NN1WTX,A359XD7J8BFYBG
B075KWV3JQ,A359XD7J8BFYBG
B07599998C,A359XD7J8BFYBG
