item,source
B0BJDNZF75,A3CMZCLZ85VGKK
B0B92F2TXR,A3CMZCLZ85VGKK
B0B44W2QR7,A3CMZCLZ85VGKK
B09MBTVCTP,A3CMZCLZ85VGKK
B096M5D9CP,A3CMZCLZ85VGKK
B08J1LYRCS,A3CMZCLZ85VGKK
B089T6LJVS,A3CMZCLZ85VGKK
B07WWNJSP7,A3CMZCLZ85VGKK
B07VG9DGVH,A3CMZCLZ85VGKK
B07FV79BW3,A3CMZCLZ85VGKK
B07DDF3TTW,A3CMZCLZ85VGKK
B077TBGVCK,A3CMZCLZ85VGKK
B00BBRASNU,A3CMZCLZ85VGKK
B0088LVK4S,A3CMZCLZ85VGKK
B003EVXT6Y,A3CMZCLZ85VGKK
B002TY4EUC,A3CMZCLZ85VGKK
B0020ML3VQ,A3CMZCLZ85VGKK
161223559X,A3CMZCLZ85VGKK
B0D7KHGBQ2,A3CMZCLZ85VGKK
B0D6XTYW86,A3CMZCLZ85VGKK
B005HU156G,A3CMZCLZ85VGKK
B001GMAKWE,A3CMZCLZ85VGKK
B09RK2P7TX,A3CMZCLZ85VGKK
B094W2J438,A3CMZCLZ85VGKK
B08F36MZ1B,A3CMZCLZ85VGKK
B07TJ9KT68,A3CMZCLZ85VGKK
B00TLORZAE,A3CMZCLZ85VGKK
B09ZQCXPDW,A3CMZCLZ85VGKK
B085VDZYVR,A3CMZCLZ85VGKK
B078K2BKX2,A3CMZCLZ85VGKK
B00NRLZMCA,A3CMZCLZ85VGKK
B004VN9YPE,A3CMZCLZ85VGKK
B07WK5TNTC,A3CMZCLZ85VGKK
B0019K5YP6,A3CMZCLZ85VGKK
B0C9WCJ39L,A3CMZCLZ85VGKK
B0B9R19RC5,A3CMZCLZ85VGKK
B09CYS4L6B,A3CMZCLZ85VGKK
B0887RS86M,A3CMZCLZ85VGKK
B07W8MB6MM,A3CMZCLZ85VGKK
B07SBJ74S5,A3CMZCLZ85VGKK
B074MDTWQ5,A3CMZCLZ85VGKK
B00QYW9784,A3CMZCLZ85VGKK
B0D9XZP58J,A3CMZCLZ85VGKK
B0CJ9HM2KK,A3CMZCLZ85VGKK
B0BDSQKRB7,A3CMZCLZ85VGKK
B09XDTX7MX,A3CMZCLZ85VGKK
B09M3PRB34,A3CMZCLZ85VGKK
B0736SLQ47,A3CMZCLZ85VGKK
B0181ZZMG2,A3CMZCLZ85VGKK
B09VCSTD9T,A3CMZCLZ85VGKK
B096VBC6NT,A3CMZCLZ85VGKK
B00DR49G60,A3CMZCLZ85VGKK
B0088LVA1G,A3CMZCLZ85VGKK
B007BFKFA2,A3CMZCLZ85VGKK
B005JJVAME,A3CMZCLZ85VGKK
B001MWRRK6,A3CMZCLZ85VGKK
B001LEICE0,A3CMZCLZ85VGKK
B001E69IQ6,A3CMZCLZ85VGKK
B0012HANQQ,A3CMZCLZ85VGKK
B0D3VB1G3P,A3CMZCLZ85VGKK
B0D2QS4W6V,A3CMZCLZ85VGKK
B0D12CYQNF,A3CMZCLZ85VGKK
B0CWS7GTNY,A3CMZCLZ85VGKK
B0CR1VKMGW,A3CMZCLZ85VGKK
B0CP33BZXX,A3CMZCLZ85VGKK
B0CLTCTSNH,A3CMZCLZ85VGKK
B0CKY1YPF8,A3CMZCLZ85VGKK
B0CKBTRQZ8,A3CMZCLZ85VGKK
B0CJG6SPB1,A3CMZCLZ85VGKK
B0CGDHTPXB,A3CMZCLZ85VGKK
B0CDFPZ7XL,A3CMZCLZ85VGKK
B0C7KLRLK8,A3CMZCLZ85VGKK
B0C77JPG35,A3CMZCLZ85VGKK
B0C6K1KH3T,A3CMZCLZ85VGKK
B0C2RQ3RNF,A3CMZCLZ85VGKK
B0BY2L5QWP,A3CMZCLZ85VGKK
B0BRGMJVBR,A3CMZCLZ85VGKK
B0BR4XFN7M,A3CMZCLZ85VGKK
B0BN5HH7H5,A3CMZCLZ85VGKK
B0BHX3J5KV,A3CMZCLZ85VGKK
B0BDS1MXCC,A3CMZCLZ85VGKK
B0BB1D7YCG,A3CMZCLZ85VGKK
B0B6NYR2LL,A3CMZCLZ85VGKK
B0B35GB6KM,A3CMZCLZ85VGKK
B0B11Y9M9F,A3CMZCLZ85VGKK
B09VB7R99X,A3CMZCLZ85VGKK
B09V13NSVQ,A3CMZCLZ85VGKK
B09TVWLFF4,A3CMZCLZ85VGKK
B09SVG2H3C,A3CMZCLZ85VGKK
B09PQSB6S5,A3CMZCLZ85VGKK
B09P6KK4NF,A3CMZCLZ85VGKK
B09FXNX8H5,A3CMZCLZ85VGKK
B096NXFZYK,A3CMZCLZ85VGKK
B09645NCM9,A3CMZCLZ85VGKK
B08ZSMSVK2,A3CMZCLZ85VGKK
B08Z3G2J3F,A3CMZCLZ85VGKK
B08FMT9GKD,A3CMZCLZ85VGKK
B08DVWWKMF,A3CMZCLZ85VGKK
B08CK3ZK7G,A3CMZCLZ85VGKK
B088TYH3BQ,A3CMZCLZ85VGKK
B088F5F3DN,A3CMZCLZ85VGKK
B0881M69D4,A3CMZCLZ85VGKK
B083B9Z2HR,A3CMZCLZ85VGKK
B07Y1Q29TR,A3CMZCLZ85VGKK
B07VXQ2K52,A3CMZCLZ85VGKK
B07RLNXD9S,A3CMZCLZ85VGKK
B071FGQ669,A3CMZCLZ85VGKK
B0711YP2J5,A3CMZCLZ85VGKK
B01NAW3K75,A3CMZCLZ85VGKK
B01MRSDO51,A3CMZCLZ85VGKK
B01M2X33A2,A3CMZCLZ85VGKK
B01KW26LNK,A3CMZCLZ85VGKK
B01IE6YGEM,A3CMZCLZ85VGKK
B01I5KQNNY,A3CMZCLZ85VGKK
B01FY82B18,A3CMZCLZ85VGKK
B01B82BD0E,A3CMZCLZ85VGKK
B0188KS47O,A3CMZCLZ85VGKK
B018364X9G,A3CMZCLZ85VGKK
B013CMP0SE,A3CMZCLZ85VGKK
B0131RM308,A3CMZCLZ85VGKK
B012B47N8E,A3CMZCLZ85VGKK
B011M231RI,A3CMZCLZ85VGKK
B00QJDZ20U,A3CMZCLZ85VGKK
B00JOU1SM6,A3CMZCLZ85VGKK
B00DNUVYN6,A3CMZCLZ85VGKK
B0088LVL6U,A3CMZCLZ85VGKK
B0080D0CKW,A3CMZCLZ85VGKK
B004W8EE44,A3CMZCLZ85VGKK
B00004RK8D,A3CMZCLZ85VGKK
B0DG8FCM1N,A3CMZCLZ85VGKK
B084PTRZH3,A3CMZCLZ85VGKK
B07V4395FQ,A3CMZCLZ85VGKK
B074852MR7,A3CMZCLZ85VGKK
B0C83X79D6,A3CMZCLZ85VGKK
B009SKX7GC,A3CMZCLZ85VGKK
B0CJMR2349,A3CMZCLZ85VGKK
B09YPYYGZC,A3CMZCLZ85VGKK
B07DP5BWDM,A3CMZCLZ85VGKK
B0065S7WNO,A3CMZCLZ85VGKK
B09X5V8Z4T,A3CMZCLZ85VGKK
B00I8J3GEW,A3CMZCLZ85VGKK
B00XRKJ6NW,A3CMZCLZ85VGKK
B09TTTY8W7,A3CMZCLZ85VGKK
B07XZN1Y15,A3CMZCLZ85VGKK
B09RG4SSM2,A3CMZCLZ85VGKK
B00ESYMUMK,A3CMZCLZ85VGKK
B09HN89ZDD,A3CMZCLZ85VGKK
B004HFTMR6,A3CMZCLZ85VGKK
B08GFLDXKS,A3CMZCLZ85VGKK
B000276CZS,A3CMZCLZ85VGKK
B08BK5Z2FY,A3CMZCLZ85VGKK
B0BX73362D,A3CMZCLZ85VGKK
B085PYT18J,A3CMZCLZ85VGKK
B0CCK1T913,A3CMZCLZ85VGKK
B08143Z3FJ,A3CMZCLZ85VGKK
B06VW2PB4D,A3CMZCLZ85VGKK
B07YHGRG8N,A3CMZCLZ85VGKK
B000MQQ24A,A3CMZCLZ85VGKK
B07MC19J6Q,A3CMZCLZ85VGKK
B08T8SP1LR,A3CMZCLZ85VGKK
B07H5XC6YB,A3CMZCLZ85VGKK
B07QWV1WDR,A3CMZCLZ85VGKK
B07QR8TMT9,A3CMZCLZ85VGKK
B07PPDCGJ2,A3CMZCLZ85VGKK
B07MVJW512,A3CMZCLZ85VGKK
B07MVJBSPX,A3CMZCLZ85VGKK
B07M5PPRT4,A3CMZCLZ85VGKK
B07FTMVYJ5,A3CMZCLZ85VGKK
B07DRPN5CJ,A3CMZCLZ85VGKK
B07CGTXZZB,A3CMZCLZ85VGKK
B0798477KN,A3CMZCLZ85VGKK
B0753LS6XN,A3CMZCLZ85VGKK
B074MDTYZF,A3CMZCLZ85VGKK
B072F57K1R,A3CMZCLZ85VGKK
B0727YJTD7,A3CMZCLZ85VGKK
B07218FGSG,A3CMZCLZ85VGKK
B0DK5CZGDP,A3CMZCLZ85VGKK
B076FTB7V2,A3CMZCLZ85VGKK
B07TSFPMDX,A3CMZCLZ85VGKK
B01KVDHN3C,A3CMZCLZ85VGKK
B079KV648M,A3CMZCLZ85VGKK
B07B5SHGJS,A3CMZCLZ85VGKK
B0B18J2HPY,A3CMZCLZ85VGKK
B08RJYPYTN,A3CMZCLZ85VGKK
B078X2VV5F,A3CMZCLZ85VGKK
B07G7F2C47,A3CMZCLZ85VGKK
B0CLLN6WD1,A3CMZCLZ85VGKK
B00J3OSXAS,A3CMZCLZ85VGKK
B0924JF1HF,A3CMZCLZ85VGKK
B07STM8FMN,A3CMZCLZ85VGKK
B0D4F123XR,A3CMZCLZ85VGKK
B0000C535A,A3CMZCLZ85VGKK
B0CTV9WKR2,A3CMZCLZ85VGKK
B0C3N7G6P1,A3CMZCLZ85VGKK
B006IXH7ZO,A3CMZCLZ85VGKK
B0B1QGMTSX,A3CMZCLZ85VGKK
B09N2QN9B9,A3CMZCLZ85VGKK
B08NWBVSPT,A3CMZCLZ85VGKK
B07MQRMHXN,A3CMZCLZ85VGKK
B00PWWN1XE,A3CMZCLZ85VGKK
B00JFRI8GC,A3CMZCLZ85VGKK
B00608D6HU,A3CMZCLZ85VGKK
B08BXPPG61,A3CMZCLZ85VGKK
B09CPHR3HT,A3CMZCLZ85VGKK
B08G5CGQQX,A3CMZCLZ85VGKK
B018JB6XR0,A3CMZCLZ85VGKK
B013GHLQLA,A3CMZCLZ85VGKK
B00SR4PKCY,A3CMZCLZ85VGKK
B07L6MY41K,A3CMZCLZ85VGKK
B07HGS7B8Q,A3CMZCLZ85VGKK
B07BF8D2J4,A3CMZCLZ85VGKK
B06Y5ZM9X9,A3CMZCLZ85VGKK
B0CWGSQTXR,A3CMZCLZ85VGKK
B0CQLDKP65,A3CMZCLZ85VGKK
B0CJMVYVJ8,A3CMZCLZ85VGKK
B0BZC9TM22,A3CMZCLZ85VGKK
B0BTTBQPW2,A3CMZCLZ85VGKK
B09XHR83C7,A3CMZCLZ85VGKK
B09WYPWP99,A3CMZCLZ85VGKK
B09P59KH3W,A3CMZCLZ85VGKK
B09KN71WM1,A3CMZCLZ85VGKK
B096W3Z6ZB,A3CMZCLZ85VGKK
B091T13F8Z,A3CMZCLZ85VGKK
B08MFRBDSQ,A3CMZCLZ85VGKK
B07GBMZNGY,A3CMZCLZ85VGKK
B075JYTQ99,A3CMZCLZ85VGKK
B0716YF3KC,A3CMZCLZ85VGKK
B06X19B458,A3CMZCLZ85VGKK
B00SA11UJQ,A3CMZCLZ85VGKK
B004BNEZ58,A3CMZCLZ85VGKK
B002SSIE8M,A3CMZCLZ85VGKK
B0009X0R74,A3CMZCLZ85VGKK
B0000225VY,A3CMZCLZ85VGKK
B0D9MYBHKC,A3CMZCLZ85VGKK
B0D8T9K2WR,A3CMZCLZ85VGKK
B0D264BKBJ,A3CMZCLZ85VGKK
B0CSF5L9CM,A3CMZCLZ85VGKK
B0CRR5RFJP,A3CMZCLZ85VGKK
B0CR1WGZ85,A3CMZCLZ85VGKK
B0CQFVMZR6,A3CMZCLZ85VGKK
B0B4GVL79L,A3CMZCLZ85VGKK
B0B1T5Q8VX,A3CMZCLZ85VGKK
B0B1QF3BGQ,A3CMZCLZ85VGKK
B09ZHF397L,A3CMZCLZ85VGKK
B09TNBB47D,A3CMZCLZ85VGKK
B09Q1M6SN9,A3CMZCLZ85VGKK
B09NPCVS4J,A3CMZCLZ85VGKK
B09KRJ47XS,A3CMZCLZ85VGKK
B09DSK4TFY,A3CMZCLZ85VGKK
B09BCSRK5V,A3CMZCLZ85VGKK
B0964HXLY5,A3CMZCLZ85VGKK
B094133156,A3CMZCLZ85VGKK
B08LH8GH2C,A3CMZCLZ85VGKK
B08LCQW85M,A3CMZCLZ85VGKK
B08K8VQSHH,A3CMZCLZ85VGKK
B08K3R8C82,A3CMZCLZ85VGKK
B08HJB12Q8,A3CMZCLZ85VGKK
B08HCZYLVL,A3CMZCLZ85VGKK
B08CTQPVV2,A3CMZCLZ85VGKK
B083C4RS96,A3CMZCLZ85VGKK
B081D68893,A3CMZCLZ85VGKK
B07ZPL6MKJ,A3CMZCLZ85VGKK
B07W7577GX,A3CMZCLZ85VGKK
B07TTCCMKH,A3CMZCLZ85VGKK
B07T757FZY,A3CMZCLZ85VGKK
B07S3M5VS1,A3CMZCLZ85VGKK
B07QZSS57H,A3CMZCLZ85VGKK
B07QW3R6XJ,A3CMZCLZ85VGKK
B07P6DH3ZQ,A3CMZCLZ85VGKK
B07N5ZQMRL,A3CMZCLZ85VGKK
B07JVTY8V6,A3CMZCLZ85VGKK
B07FR2Q7ZC,A3CMZCLZ85VGKK
B0CK1C5FGF,A3CMZCLZ85VGKK
B0CHXLP2W4,A3CMZCLZ85VGKK
B0CFYVS615,A3CMZCLZ85VGKK
B0CBTS4FLS,A3CMZCLZ85VGKK
B0C9VC5P3G,A3CMZCLZ85VGKK
B0C5D5HQP4,A3CMZCLZ85VGKK
B0BZ45GHRX,A3CMZCLZ85VGKK
B0BXRY6XVH,A3CMZCLZ85VGKK
B0BTRW9R6Y,A3CMZCLZ85VGKK
B0BRBS34VT,A3CMZCLZ85VGKK
B0BN1QG3CY,A3CMZCLZ85VGKK
B0BM4CKB11,A3CMZCLZ85VGKK
B0BDRN2KWK,A3CMZCLZ85VGKK
B0B99KD8CC,A3CMZCLZ85VGKK
B0B986MD7G,A3CMZCLZ85VGKK
B0B57NWXCX,A3CMZCLZ85VGKK
B00K5BCDR2,A3CMZCLZ85VGKK
B0CB5L59G6,A3CMZCLZ85VGKK
B09ZSS5CSV,A3CMZCLZ85VGKK
B08XY8Y5W1,A3CMZCLZ85VGKK
B08JHKPKQ8,A3CMZCLZ85VGKK
B08F379MRW,A3CMZCLZ85VGKK
B07PPXN9F8,A3CMZCLZ85VGKK
B077JMXKC4,A3CMZCLZ85VGKK
B002M1E4P2,A3CMZCLZ85VGKK
B002L94IF6,A3CMZCLZ85VGKK
B001E099MU,A3CMZCLZ85VGKK
1556347510,A3CMZCLZ85VGKK
B0CG5VH4BL,A3CMZCLZ85VGKK
B0BLSWZCN2,A3CMZCLZ85VGKK
B09WG6217Y,A3CMZCLZ85VGKK
B09BDP191C,A3CMZCLZ85VGKK
B07FKQL8N1,A3CMZCLZ85VGKK
B07DPL6FTP,A3CMZCLZ85VGKK
B07D8TDNY6,A3CMZCLZ85VGKK
B07D5KDC1C,A3CMZCLZ85VGKK
B07CTCSMQZ,A3CMZCLZ85VGKK
B07CGPHN4K,A3CMZCLZ85VGKK
B07B4Y31FM,A3CMZCLZ85VGKK
B0795G6T34,A3CMZCLZ85VGKK
B077N42JRC,A3CMZCLZ85VGKK
B077FL2J8M,A3CMZCLZ85VGKK
B077B388NL,A3CMZCLZ85VGKK
B06Y3PHNWJ,A3CMZCLZ85VGKK
B06XPWQVTS,A3CMZCLZ85VGKK
B01M6TKB3X,A3CMZCLZ85VGKK
B01I5KQLCC,A3CMZCLZ85VGKK
B01DAN67RS,A3CMZCLZ85VGKK
B00AZ6SYSY,A3CMZCLZ85VGKK
B0BGW69PDF,A3CMZCLZ85VGKK
B096213LDZ,A3CMZCLZ85VGKK
B07C948WZ5,A3CMZCLZ85VGKK
B087X828F9,A3CMZCLZ85VGKK
B00QVXJXSA,A3CMZCLZ85VGKK
B088MHCQ33,A3CMZCLZ85VGKK
B0CV4PP98N,A3CMZCLZ85VGKK
B004CMMFK0,A3CMZCLZ85VGKK
B087CK4VG6,A3CMZCLZ85VGKK
B0BFZNBRKB,A3CMZCLZ85VGKK
B07DVP5W5W,A3CMZCLZ85VGKK
B07YH8RVD1,A3CMZCLZ85VGKK
B01A9PKSUM,A3CMZCLZ85VGKK
B005NKJUZI,A3CMZCLZ85VGKK
B07T9LDKVR,A3CMZCLZ85VGKK
B0184H3WH8,A3CMZCLZ85VGKK
B017LA5KF6,A3CMZCLZ85VGKK
B013H29F62,A3CMZCLZ85VGKK
B0106B8AWW,A3CMZCLZ85VGKK
B00W8HT70C,A3CMZCLZ85VGKK
B00JELF38A,A3CMZCLZ85VGKK
B00H90MKU2,A3CMZCLZ85VGKK
B0088LVLYM,A3CMZCLZ85VGKK
B00689RTGU,A3CMZCLZ85VGKK
B002G0ZIUO,A3CMZCLZ85VGKK
B0019K913M,A3CMZCLZ85VGKK
B000PWA7I8,A3CMZCLZ85VGKK
B0000B2E4H,A3CMZCLZ85VGKK
B015Y20MVK,A3CMZCLZ85VGKK
B07VDM8RMC,A3CMZCLZ85VGKK
B07MSDWCJB,A3CMZCLZ85VGKK
B079KR56WV,A3CMZCLZ85VGKK
B00162RP40,A3CMZCLZ85VGKK
B077Y5SQWM,A3CMZCLZ85VGKK
B000CPIMXK,A3CMZCLZ85VGKK
B0CTL1SMWJ,A3CMZCLZ85VGKK
B01FTP2P6M,A3CMZCLZ85VGKK
B00F88WWS2,A3CMZCLZ85VGKK
B0019K9132,A3CMZCLZ85VGKK
B013PQ3XCW,A3CMZCLZ85VGKK
B085T3ZK4Y,A3CMZCLZ85VGKK
B001CDD0X8,A3CMZCLZ85VGKK
B00GFIUTVQ,A3CMZCLZ85VGKK
B0791MTG55,A3CMZCLZ85VGKK
B07Q58C2PC,A3CMZCLZ85VGKK
B0756MWPMF,A3CMZCLZ85VGKK
B09ZH79S7Q,A3CMZCLZ85VGKK
B0788X1V46,A3CMZCLZ85VGKK
B08KTXBHP9,A3CMZCLZ85VGKK
B009S97ED0,A3CMZCLZ85VGKK
B09KWX1BRQ,A3CMZCLZ85VGKK
B07RQ8PJHR,A3CMZCLZ85VGKK
B0CPXTCQ1F,A3CMZCLZ85VGKK
B019J27MIC,A3CMZCLZ85VGKK
B07CBW37PM,A3CMZCLZ85VGKK
B01IF8BATS,A3CMZCLZ85VGKK
B00R4TYBNC,A3CMZCLZ85VGKK
B074F4D4GR,A3CMZCLZ85VGKK
B07LH5GQ4F,A3CMZCLZ85VGKK
B0BSDRTYR7,A3CMZCLZ85VGKK
B07XPXNVQQ,A3CMZCLZ85VGKK
B07BGFKK81,A3CMZCLZ85VGKK
B0C62WZVDK,A3CMZCLZ85VGKK
B077RLNQ69,A3CMZCLZ85VGKK
B0183W521S,A3CMZCLZ85VGKK
B0B1QBYW8G,A3CMZCLZ85VGKK
B07G8N8CN3,A3CMZCLZ85VGKK
B00TIHC13U,A3CMZCLZ85VGKK
B096NBF82W,A3CMZCLZ85VGKK
B0711BDNLT,A3CMZCLZ85VGKK
B01FVDYEMK,A3CMZCLZ85VGKK
B07121F3MN,A3CMZCLZ85VGKK
B09P8DLT2H,A3CMZCLZ85VGKK
B076R36W8K,A3CMZCLZ85VGKK
B086RQL597,A3CMZCLZ85VGKK
B071FK83FT,A3CMZCLZ85VGKK
B01MT673U6,A3CMZCLZ85VGKK
B00PSKMUFA,A3CMZCLZ85VGKK
B083K462Q2,A3CMZCLZ85VGKK
B07RF8L5Y6,A3CMZCLZ85VGKK
B07L7LK39Y,A3CMZCLZ85VGKK
B076BVVGWP,A3CMZCLZ85VGKK
B0CSGCR7VF,A3CMZCLZ85VGKK
B079B3PP23,A3CMZCLZ85VGKK
B0892S41D7,A3CMZCLZ85VGKK
B07ZGC8J25,A3CMZCLZ85VGKK
B07WSY7N6D,A3CMZCLZ85VGKK
B07VC9GD9B,A3CMZCLZ85VGKK
B002FYFD74,A3CMZCLZ85VGKK
B0CNRNHJ3W,A3CMZCLZ85VGKK
B09S5JPTBR,A3CMZCLZ85VGKK
B09MF7BKKB,A3CMZCLZ85VGKK
B08S7NMR8Q,A3CMZCLZ85VGKK
B085VW4W74,A3CMZCLZ85VGKK
B07RG7CJVH,A3CMZCLZ85VGKK
B0799D1JXZ,A3CMZCLZ85VGKK
B004HIIUDU,A3CMZCLZ85VGKK
B001DZTKJI,A3CMZCLZ85VGKK
B09T8118MW,A3CMZCLZ85VGKK
B09MCGN434,A3CMZCLZ85VGKK
B09KC7V7BP,A3CMZCLZ85VGKK
B08ZC7LNC4,A3CMZCLZ85VGKK
B08TBGP64Z,A3CMZCLZ85VGKK
B08HGY3QSY,A3CMZCLZ85VGKK
B088HJDY75,A3CMZCLZ85VGKK
B07NDZNG3K,A3CMZCLZ85VGKK
B07F935JY2,A3CMZCLZ85VGKK
B078HRVNX6,A3CMZCLZ85VGKK
B09BK696FP,A3CMZCLZ85VGKK
B078WK2MSC,A3CMZCLZ85VGKK
B00EPFKJWA,A3CMZCLZ85VGKK
B00DT8C86Y,A3CMZCLZ85VGKK
B09QFPHN92,A3CMZCLZ85VGKK
B09NS1BL8P,A3CMZCLZ85VGKK
B08GZPMKHZ,A3CMZCLZ85VGKK
B07CH25JVJ,A3CMZCLZ85VGKK
B06WWGGF2M,A3CMZCLZ85VGKK
B00L3NMVDW,A3CMZCLZ85VGKK
B00GXW3HSG,A3CMZCLZ85VGKK
B008UGF2H2,A3CMZCLZ85VGKK
B006J0ZWSA,A3CMZCLZ85VGKK
B0D6PZQD9Q,A3CMZCLZ85VGKK
B09Z378Q9N,A3CMZCLZ85VGKK
B08VF15H1P,A3CMZCLZ85VGKK
B0CHDHHJZ7,A3CMZCLZ85VGKK
B0CFMD6PHM,A3CMZCLZ85VGKK
B0CC3YRHGZ,A3CMZCLZ85VGKK
B0C3VJD9HP,A3CMZCLZ85VGKK
B0BSDRJJ6C,A3CMZCLZ85VGKK
B0BR93K48Y,A3CMZCLZ85VGKK
B0B4RMJDBF,A3CMZCLZ85VGKK
B09X2DRD2X,A3CMZCLZ85VGKK
B09JXQYRZ2,A3CMZCLZ85VGKK
B09D8RWV3R,A3CMZCLZ85VGKK
B09BK6LRYW,A3CMZCLZ85VGKK
B096N7JHKL,A3CMZCLZ85VGKK
B08Z1RNBPM,A3CMZCLZ85VGKK
B07NYNXD67,A3CMZCLZ85VGKK
B07NF8KMV9,A3CMZCLZ85VGKK
B07HYVSM93,A3CMZCLZ85VGKK
B013FRMLCY,A3CMZCLZ85VGKK
B00V07DNA6,A3CMZCLZ85VGKK
B0CT8KSMNL,A3CMZCLZ85VGKK
B0BMWBCFXY,A3CMZCLZ85VGKK
B0BJ4QKW2F,A3CMZCLZ85VGKK
B07XF2G5W3,A3CMZCLZ85VGKK
B07VQ724HS,A3CMZCLZ85VGKK
B07B5WC3PY,A3CMZCLZ85VGKK
B06ZZ6CW4Q,A3CMZCLZ85VGKK
B01LWISJ6D,A3CMZCLZ85VGKK
B01IDB4KJ4,A3CMZCLZ85VGKK
B01AIMCLHY,A3CMZCLZ85VGKK
B00P6R1I44,A3CMZCLZ85VGKK
B00A6VXNCK,A3CMZCLZ85VGKK
B0D1KCHTTZ,A3CMZCLZ85VGKK
B0D17NXDF6,A3CMZCLZ85VGKK
B07BHW9ZHB,A3CMZCLZ85VGKK
B07B9NDSBN,A3CMZCLZ85VGKK
B076GGGBHR,A3CMZCLZ85VGKK
B06VVJXQG8,A3CMZCLZ85VGKK
B01M749RZF,A3CMZCLZ85VGKK
B01HF73X0Y,A3CMZCLZ85VGKK
B00UP0AF3C,A3CMZCLZ85VGKK
B00P03GK7E,A3CMZCLZ85VGKK
B00IKR47UE,A3CMZCLZ85VGKK
B004O78MSC,A3CMZCLZ85VGKK
B003ZHUCPI,A3CMZCLZ85VGKK
B0D9NL832N,A3CMZCLZ85VGKK
B0D3WFHX42,A3CMZCLZ85VGKK
B0D262F3TB,A3CMZCLZ85VGKK
B0CXXB8Y91,A3CMZCLZ85VGKK
B0CXPNG7LK,A3CMZCLZ85VGKK
B0CXCV8BJP,A3CMZCLZ85VGKK
B0CX58JB9D,A3CMZCLZ85VGKK
B0CP235CXV,A3CMZCLZ85VGKK
B0CNKC8S22,A3CMZCLZ85VGKK
B0CLRVCNYG,A3CMZCLZ85VGKK
B0CLRTRGD2,A3CMZCLZ85VGKK
B0CL2MGL13,A3CMZCLZ85VGKK
B0CJTJCDK5,A3CMZCLZ85VGKK
B0CHWMQ8PG,A3CMZCLZ85VGKK
B0CBFC8R5W,A3CMZCLZ85VGKK
B0C9HGV8QJ,A3CMZCLZ85VGKK
B0C8KTCGD8,A3CMZCLZ85VGKK
B0C7ZS1XWX,A3CMZCLZ85VGKK
B0C7GSS4WZ,A3CMZCLZ85VGKK
B0C6FJR3VW,A3CMZCLZ85VGKK
B0C5RZPLXK,A3CMZCLZ85VGKK
B0C48RM4RY,A3CMZCLZ85VGKK
B0C3B9JV9N,A3CMZCLZ85VGKK
B0C1C4NJH4,A3CMZCLZ85VGKK
B0BXRZJXP5,A3CMZCLZ85VGKK
B0BXNWJC9H,A3CMZCLZ85VGKK
B0BXB2CYNS,A3CMZCLZ85VGKK
B0BWYZ5X8B,A3CMZCLZ85VGKK
B0BSQYZK3Y,A3CMZCLZ85VGKK
B0BQRHMFQ7,A3CMZCLZ85VGKK
B0BN5HQJSB,A3CMZCLZ85VGKK
B0BKTBQLT7,A3CMZCLZ85VGKK
B0BJTZ9P33,A3CMZCLZ85VGKK
B0BC7HDJ17,A3CMZCLZ85VGKK
B0B9M3D7TS,A3CMZCLZ85VGKK
B0B9KPG9YP,A3CMZCLZ85VGKK
B09TNFH8DM,A3CMZCLZ85VGKK
B09QHKZ961,A3CMZCLZ85VGKK
B09M43DP49,A3CMZCLZ85VGKK
B09JB139DN,A3CMZCLZ85VGKK
B09HLG32M3,A3CMZCLZ85VGKK
B09G934GFG,A3CMZCLZ85VGKK
B099X82THH,A3CMZCLZ85VGKK
B099RT84FV,A3CMZCLZ85VGKK
B096WC8N3G,A3CMZCLZ85VGKK
B093F75R7B,A3CMZCLZ85VGKK
B092Z4PF82,A3CMZCLZ85VGKK
B08YNGCDQV,A3CMZCLZ85VGKK
B08VF79PK7,A3CMZCLZ85VGKK
B08R5NPVK6,A3CMZCLZ85VGKK
B08R1RCQV5,A3CMZCLZ85VGKK
B08PM8GBDF,A3CMZCLZ85VGKK
B08KW5F11L,A3CMZCLZ85VGKK
B08JGTX54N,A3CMZCLZ85VGKK
B08H2DLMR1,A3CMZCLZ85VGKK
B08FCN3JBZ,A3CMZCLZ85VGKK
B088DNTMCL,A3CMZCLZ85VGKK
B08885BPSH,A3CMZCLZ85VGKK
B083JWH11T,A3CMZCLZ85VGKK
B082F336NF,A3CMZCLZ85VGKK
B0819CB1YW,A3CMZCLZ85VGKK
B07ZS4GX5L,A3CMZCLZ85VGKK
B07ZFHJ578,A3CMZCLZ85VGKK
B07WWJDRQY,A3CMZCLZ85VGKK
B07W7FPZ5C,A3CMZCLZ85VGKK
B07W22GF92,A3CMZCLZ85VGKK
B07R17MZ7G,A3CMZCLZ85VGKK
B07Q8VX5Q2,A3CMZCLZ85VGKK
B07NVXG33Y,A3CMZCLZ85VGKK
B07NVWZSM2,A3CMZCLZ85VGKK
B07LG6RG3S,A3CMZCLZ85VGKK
B07KHWMWQK,A3CMZCLZ85VGKK
B07H5YBNBK,A3CMZCLZ85VGKK
B07FZV57PN,A3CMZCLZ85VGKK
B07FB1QJNF,A3CMZCLZ85VGKK
B07CWMY8BT,A3CMZCLZ85VGKK
B07CK8QBNK,A3CMZCLZ85VGKK
B07C29TCG2,A3CMZCLZ85VGKK
B07BMWHL1M,A3CMZCLZ85VGKK
B07BKRFWYM,A3CMZCLZ85VGKK
B0788CKPSG,A3CMZCLZ85VGKK
B075M6PM2G,A3CMZCLZ85VGKK
B073X217B8,A3CMZCLZ85VGKK
B073TSGLN5,A3CMZCLZ85VGKK
B073K15QVC,A3CMZCLZ85VGKK
B007BNUYYQ,A3CMZCLZ85VGKK
B00727B3D2,A3CMZCLZ85VGKK
B005PPYE3Y,A3CMZCLZ85VGKK
B003TU3YLK,A3CMZCLZ85VGKK
B000CHMLEE,A3CMZCLZ85VGKK
B000BWZR7I,A3CMZCLZ85VGKK
B0721Y16L3,A3CMZCLZ85VGKK
B071VTLYXK,A3CMZCLZ85VGKK
B06Y1FRGPM,A3CMZCLZ85VGKK
B01N7D5GMW,A3CMZCLZ85VGKK
B01MSWYVII,A3CMZCLZ85VGKK
B01C2EV2MQ,A3CMZCLZ85VGKK
B01B2SUDF0,A3CMZCLZ85VGKK
B015JOP30I,A3CMZCLZ85VGKK
B0119UOL5Y,A3CMZCLZ85VGKK
B00NLQB38S,A3CMZCLZ85VGKK
B00JELEW0A,A3CMZCLZ85VGKK
B00HIB8OLQ,A3CMZCLZ85VGKK
B00FREQGE8,A3CMZCLZ85VGKK
B009OO7OLQ,A3CMZCLZ85VGKK
B0088LVK3Y,A3CMZCLZ85VGKK
B00820Z3XY,A3CMZCLZ85VGKK
B01FV045SG,A3CMZCLZ85VGKK
B082S1G1WS,A3CMZCLZ85VGKK
B084TMM99L,A3CMZCLZ85VGKK
B07HRLC4YH,A3CMZCLZ85VGKK
B0097P8YD4,A3CMZCLZ85VGKK
B0002ZGBT2,A3CMZCLZ85VGKK
B0BTXZKFZZ,A3CMZCLZ85VGKK
B093GGM9B5,A3CMZCLZ85VGKK
B07VCKCPYK,A3CMZCLZ85VGKK
B084NWXVQS,A3CMZCLZ85VGKK
B00GXXPMYC,A3CMZCLZ85VGKK
B07W3PFWXT,A3CMZCLZ85VGKK
B07QPHJBRD,A3CMZCLZ85VGKK
B0018E6DO4,A3CMZCLZ85VGKK
B076CVWZHB,A3CMZCLZ85VGKK
B07ZHVBTXH,A3CMZCLZ85VGKK
B09S8BK5N3,A3CMZCLZ85VGKK
B0CTQN91WD,A3CMZCLZ85VGKK
B0D66RXWGK,A3CMZCLZ85VGKK
B0BFV57NQ3,A3CMZCLZ85VGKK
B09M693DX1,A3CMZCLZ85VGKK
B00IOX4EXE,A3CMZCLZ85VGKK
B0B7W5MFGP,A3CMZCLZ85VGKK
B08TW3TLTL,A3CMZCLZ85VGKK
B07W14LC9P,A3CMZCLZ85VGKK
B07QB8Y2WB,A3CMZCLZ85VGKK
B00EXYU77U,A3CMZCLZ85VGKK
B0B19B21GT,A3CMZCLZ85VGKK
B0BRBXTBVJ,A3CMZCLZ85VGKK
B0002YTFV4,A3CMZCLZ85VGKK
B074Z41QWQ,A3CMZCLZ85VGKK
B07XDRCBCH,A3CMZCLZ85VGKK
B00P9AVTYC,A3CMZCLZ85VGKK
B09LHK1FTH,A3CMZCLZ85VGKK
B0CC4JN4D7,A3CMZCLZ85VGKK
B0DHJMK7RT,A3CMZCLZ85VGKK
B08GYLWZV7,A3CMZCLZ85VGKK
B00Q2FKANY,A3CMZCLZ85VGKK
B082BH6VNJ,A3CMZCLZ85VGKK
B0C8WTMBJP,A3CMZCLZ85VGKK
B09B2F13BR,A3CMZCLZ85VGKK
B091ZN41S2,A3CMZCLZ85VGKK
B07KS4JTJ1,A3CMZCLZ85VGKK
B016DV04XW,A3CMZCLZ85VGKK
B07WHGR9QK,A3CMZCLZ85VGKK
B0B6JBL384,A3CMZCLZ85VGKK
B08JQ5CR75,A3CMZCLZ85VGKK
B06Y3RZDKB,A3CMZCLZ85VGKK
B076HP5Y57,A3CMZCLZ85VGKK
B07LG2W3SK,A3CMZCLZ85VGKK
B00N58X75E,A3CMZCLZ85VGKK
B092C9BDTP,A3CMZCLZ85VGKK
B0CGDJRZLW,A3CMZCLZ85VGKK
B09WCNBHD9,A3CMZCLZ85VGKK
B08GYM727J,A3CMZCLZ85VGKK
B07YBQ3CP6,A3CMZCLZ85VGKK
B07D7893HT,A3CMZCLZ85VGKK
B0741DCD2H,A3CMZCLZ85VGKK
B097B2DVVN,A3CMZCLZ85VGKK
B00D26QGVQ,A3CMZCLZ85VGKK
B001MWRSUU,A3CMZCLZ85VGKK
B095PRN5HD,A3CMZCLZ85VGKK
B0819SZTHD,A3CMZCLZ85VGKK
B00AZY3TA4,A3CMZCLZ85VGKK
B01H9DNGQA,A3CMZCLZ85VGKK
B008EJ5XP6,A3CMZCLZ85VGKK
B0CCDK7BG5,A3CMZCLZ85VGKK
B08T83MT9P,A3CMZCLZ85VGKK
B01HIDQ78K,A3CMZCLZ85VGKK
B0B784Z52H,A3CMZCLZ85VGKK
B0CZ6L55YB,A3CMZCLZ85VGKK
B0CFQ9JZDD,A3CMZCLZ85VGKK
B09KV2M4X5,A3CMZCLZ85VGKK
B001VV9AZS,A3CMZCLZ85VGKK
B083F46VRP,A3CMZCLZ85VGKK
B07SQVSLLB,A3CMZCLZ85VGKK
B01I3SQR3Y,A3CMZCLZ85VGKK
B0D8BR7JT1,A3CMZCLZ85VGKK
B01BWL6NR4,A3CMZCLZ85VGKK
B08P543Y7V,A3CMZCLZ85VGKK
B09NPNRXJH,A3CMZCLZ85VGKK
B074M773XJ,A3CMZCLZ85VGKK
B073VZ9TBY,A3CMZCLZ85VGKK
B003FIIP9M,A3CMZCLZ85VGKK
B09X2NFJVV,A3CMZCLZ85VGKK
B096M4DXYT,A3CMZCLZ85VGKK
B08RWGDGRY,A3CMZCLZ85VGKK
B07V84F8FH,A3CMZCLZ85VGKK
B015JPMABW,A3CMZCLZ85VGKK
B010XU6PB4,A3CMZCLZ85VGKK
B004HSE8RM,A3CMZCLZ85VGKK
B08DP7MHWK,A3CMZCLZ85VGKK
B07QPXZ1LB,A3CMZCLZ85VGKK
B07GL4G5SY,A3CMZCLZ85VGKK
B0DD34YQX8,A3CMZCLZ85VGKK
B0C9JG8GFW,A3CMZCLZ85VGKK
B0B2VKLWJ8,A3CMZCLZ85VGKK
B097BY1B6B,A3CMZCLZ85VGKK
B085T34LG2,A3CMZCLZ85VGKK
B07R6DBQWM,A3CMZCLZ85VGKK
B07HDMX82Z,A3CMZCLZ85VGKK
B0734JL7ZS,A3CMZCLZ85VGKK
B003F0753M,A3CMZCLZ85VGKK
B000GAYF46,A3CMZCLZ85VGKK
B0D1YL5JM3,A3CMZCLZ85VGKK
B0BW3V595K,A3CMZCLZ85VGKK
B0B5JM33M1,A3CMZCLZ85VGKK
B09WRN8NXJ,A3CMZCLZ85VGKK
B08617FWSM,A3CMZCLZ85VGKK
B08136WS98,A3CMZCLZ85VGKK
B07W2WV2YF,A3CMZCLZ85VGKK
B0769D497F,A3CMZCLZ85VGKK
B081Q4VNNZ,A3CMZCLZ85VGKK
B07Y2FD772,A3CMZCLZ85VGKK
B07WLJVFF5,A3CMZCLZ85VGKK
B07VV5VQS6,A3CMZCLZ85VGKK
B07FMJK2C3,A3CMZCLZ85VGKK
B0742GDTQZ,A3CMZCLZ85VGKK
B07289Q5W8,A3CMZCLZ85VGKK
B01MD1VTZE,A3CMZCLZ85VGKK
B015FM2G9K,A3CMZCLZ85VGKK
B00RL845RI,A3CMZCLZ85VGKK
B00OJZ0Q4W,A3CMZCLZ85VGKK
B00JELFA2E,A3CMZCLZ85VGKK
B004MXEZV6,A3CMZCLZ85VGKK
B0D8J9RTBZ,A3CMZCLZ85VGKK
B0D6RBC8ZS,A3CMZCLZ85VGKK
B0D47SH8WM,A3CMZCLZ85VGKK
B07NDRGNS3,A3CMZCLZ85VGKK
B07HX9LFPX,A3CMZCLZ85VGKK
B07C989X13,A3CMZCLZ85VGKK
B0777S466W,A3CMZCLZ85VGKK
B076FFXQBQ,A3CMZCLZ85VGKK
B073XZ8KJY,A3CMZCLZ85VGKK
B072TV7RF9,A3CMZCLZ85VGKK
B071JNJPQ8,A3CMZCLZ85VGKK
B01NB1CTRW,A3CMZCLZ85VGKK
B01N6G5EG7,A3CMZCLZ85VGKK
B01N5SJ6UK,A3CMZCLZ85VGKK
B01MSS9DXD,A3CMZCLZ85VGKK
B01M5K9V67,A3CMZCLZ85VGKK
B01HMXAWZU,A3CMZCLZ85VGKK
B01C2EVUZA,A3CMZCLZ85VGKK
B01BHFJLYW,A3CMZCLZ85VGKK
B01J6PEO2Y,A3CMZCLZ85VGKK
B00O2FK2I4,A3CMZCLZ85VGKK
B0CQBZ2JQB,A3CMZCLZ85VGKK
B0CHP9MN6B,A3CMZCLZ85VGKK
B0C28JR6HW,A3CMZCLZ85VGKK
B0B5VRSD6W,A3CMZCLZ85VGKK
B0B4ZJHGVK,A3CMZCLZ85VGKK
B09SQCM8QT,A3CMZCLZ85VGKK
B09P14MW9Y,A3CMZCLZ85VGKK
B098D132W3,A3CMZCLZ85VGKK
B097XP1C1V,A3CMZCLZ85VGKK
B08VNNNPHP,A3CMZCLZ85VGKK
B08KRRSJLS,A3CMZCLZ85VGKK
B08972R1SK,A3CMZCLZ85VGKK
B086J2HW8B,A3CMZCLZ85VGKK
B0863F2FNZ,A3CMZCLZ85VGKK
B0BMPD8WF4,A3CMZCLZ85VGKK
B0BL19MCGG,A3CMZCLZ85VGKK
B0BJV5YXYJ,A3CMZCLZ85VGKK
B0BGXBXX5B,A3CMZCLZ85VGKK
B0BGMYW5NW,A3CMZCLZ85VGKK
B0BDMP2654,A3CMZCLZ85VGKK
B0B3MK8VSQ,A3CMZCLZ85VGKK
B0B38MXTP9,A3CMZCLZ85VGKK
B09YGYJ4R4,A3CMZCLZ85VGKK
B09X994M8H,A3CMZCLZ85VGKK
B09WTWVVWJ,A3CMZCLZ85VGKK
B09WJC3YYG,A3CMZCLZ85VGKK
B09PQW5ZP6,A3CMZCLZ85VGKK
B09PMBQFDP,A3CMZCLZ85VGKK
B09PBH15FJ,A3CMZCLZ85VGKK
B09NNJ1S2W,A3CMZCLZ85VGKK
B09K3ZNQKD,A3CMZCLZ85VGKK
B09HS8V6QJ,A3CMZCLZ85VGKK
B09FDL6WPL,A3CMZCLZ85VGKK
B09BL1JBTX,A3CMZCLZ85VGKK
B099WJVD28,A3CMZCLZ85VGKK
B09635NP93,A3CMZCLZ85VGKK
B095KZWKND,A3CMZCLZ85VGKK
B093H35J6Q,A3CMZCLZ85VGKK
B09364DNWD,A3CMZCLZ85VGKK
B091FDRDRK,A3CMZCLZ85VGKK
B08WTD9WH2,A3CMZCLZ85VGKK
B08RHSD2NK,A3CMZCLZ85VGKK
B08MJ9PVML,A3CMZCLZ85VGKK
B08LMXXJ1X,A3CMZCLZ85VGKK
B08BNMWWGR,A3CMZCLZ85VGKK
B08BCB99GC,A3CMZCLZ85VGKK
B089LPZQQR,A3CMZCLZ85VGKK
B087YTYRRN,A3CMZCLZ85VGKK
B087PFT86C,A3CMZCLZ85VGKK
B0876GBDFS,A3CMZCLZ85VGKK
B0861VMKXC,A3CMZCLZ85VGKK
B085HJWXZV,A3CMZCLZ85VGKK
B082L69MTJ,A3CMZCLZ85VGKK
B081LKNTQL,A3CMZCLZ85VGKK
B07WN7WQ76,A3CMZCLZ85VGKK
B07VZ13Y65,A3CMZCLZ85VGKK
B07TD72F9V,A3CMZCLZ85VGKK
B07T96LMKC,A3CMZCLZ85VGKK
B07SG6ZYQ5,A3CMZCLZ85VGKK
B07QCCQZ4J,A3CMZCLZ85VGKK
B07PJTMXNW,A3CMZCLZ85VGKK
B07P2LS8QR,A3CMZCLZ85VGKK
B0D3Z5XJ8S,A3CMZCLZ85VGKK
B0D3D7CMBB,A3CMZCLZ85VGKK
B0CTL1462K,A3CMZCLZ85VGKK
B0CSFLGSP7,A3CMZCLZ85VGKK
B0CP33DTT8,A3CMZCLZ85VGKK
B0CNR95K73,A3CMZCLZ85VGKK
B0CGGK2K69,A3CMZCLZ85VGKK
B0CG573GMZ,A3CMZCLZ85VGKK
B0CB62KMQH,A3CMZCLZ85VGKK
B0C9Y8WNFS,A3CMZCLZ85VGKK
B0C8HMX82F,A3CMZCLZ85VGKK
B0C6WRVKKZ,A3CMZCLZ85VGKK
B0C5CVRTGT,A3CMZCLZ85VGKK
B0BZW1HHQW,A3CMZCLZ85VGKK
B0BT544F9M,A3CMZCLZ85VGKK
B0BNKMN759,A3CMZCLZ85VGKK
B00CO90GUO,A3CMZCLZ85VGKK
B00C050OEK,A3CMZCLZ85VGKK
B00AAGEF96,A3CMZCLZ85VGKK
B009Z23F3S,A3CMZCLZ85VGKK
B007O0J6ZE,A3CMZCLZ85VGKK
B007GHNBQK,A3CMZCLZ85VGKK
B005Z818DU,A3CMZCLZ85VGKK
B004MTFXKM,A3CMZCLZ85VGKK
B003S4Q8BU,A3CMZCLZ85VGKK
B001Q4Z54A,A3CMZCLZ85VGKK
B0000B2QPI,A3CMZCLZ85VGKK
B082YSGG5D,A3CMZCLZ85VGKK
B07VFSRN3M,A3CMZCLZ85VGKK
B09WC5W3XY,A3CMZCLZ85VGKK
B09BC4T8ZQ,A3CMZCLZ85VGKK
B00266UX58,A3CMZCLZ85VGKK
B07QK8JKML,A3CMZCLZ85VGKK
B01F42610Q,A3CMZCLZ85VGKK
B0BW37P18T,A3CMZCLZ85VGKK
B0CG7RQZQ8,A3CMZCLZ85VGKK
B0BPJX46FW,A3CMZCLZ85VGKK
B09YYK2NXC,A3CMZCLZ85VGKK
B000NIMKUW,A3CMZCLZ85VGKK
B09PQL5QBF,A3CMZCLZ85VGKK
B08P5Z9WYP,A3CMZCLZ85VGKK
B0CP9Z1SL1,A3CMZCLZ85VGKK
B00JKRKBS0,A3CMZCLZ85VGKK
B00AJWPUI6,A3CMZCLZ85VGKK
B005HRNKJE,A3CMZCLZ85VGKK
B08XWB1LP7,A3CMZCLZ85VGKK
B07V9D6CP7,A3CMZCLZ85VGKK
B07TD9L69L,A3CMZCLZ85VGKK
B076FKSB9N,A3CMZCLZ85VGKK
B01B4YH24M,A3CMZCLZ85VGKK
B018960ULK,A3CMZCLZ85VGKK
B00KZM15XY,A3CMZCLZ85VGKK
B00GAVD4VU,A3CMZCLZ85VGKK
B004EBS7GK,A3CMZCLZ85VGKK
B0018CFRLG,A3CMZCLZ85VGKK
B0CSTFMYMR,A3CMZCLZ85VGKK
B0CHGTNSZM,A3CMZCLZ85VGKK
B0C775MHDX,A3CMZCLZ85VGKK
B0BYBVMD81,A3CMZCLZ85VGKK
B09GJXNH3X,A3CMZCLZ85VGKK
B0BQ22GZQ5,A3CMZCLZ85VGKK
B008DB3GE0,A3CMZCLZ85VGKK
B08MXSDXC4,A3CMZCLZ85VGKK
B07L827G3L,A3CMZCLZ85VGKK
B07CZ3PYHJ,A3CMZCLZ85VGKK
B0126O19IE,A3CMZCLZ85VGKK
B017E0869A,A3CMZCLZ85VGKK
B00D713B0A,A3CMZCLZ85VGKK
B09QW4LK6H,A3CMZCLZ85VGKK
B01EZA6G1W,A3CMZCLZ85VGKK
B07G74YY7M,A3CMZCLZ85VGKK
B07FWQX3KH,A3CMZCLZ85VGKK
B09MG9W6MD,A3CMZCLZ85VGKK
B071QZH2R8,A3CMZCLZ85VGKK
B012AE2JB6,A3CMZCLZ85VGKK
B071QWCW42,A3CMZCLZ85VGKK
B0CWS6TH7H,A3CMZCLZ85VGKK
B07W5RSP1J,A3CMZCLZ85VGKK
B07YY2H1YG,A3CMZCLZ85VGKK
B09BQBQQD3,A3CMZCLZ85VGKK
B07HFKPRVP,A3CMZCLZ85VGKK
B09HXC7C8J,A3CMZCLZ85VGKK
B092HHK81P,A3CMZCLZ85VGKK
B08SHFSM22,A3CMZCLZ85VGKK
B017F02L2M,A3CMZCLZ85VGKK
B08QZP2HJF,A3CMZCLZ85VGKK
1955710260,A3CMZCLZ85VGKK
B09SNPBDGR,A3CMZCLZ85VGKK
B0CFX68NPZ,A3CMZCLZ85VGKK
B00271FK5A,A3CMZCLZ85VGKK
B0BMGYM2RL,A3CMZCLZ85VGKK
B0B1FBGC5W,A3CMZCLZ85VGKK
B09RQB89MK,A3CMZCLZ85VGKK
B09MGDVL2K,A3CMZCLZ85VGKK
B09LHX9VP8,A3CMZCLZ85VGKK
B09FZ2GQYG,A3CMZCLZ85VGKK
B09DTNP579,A3CMZCLZ85VGKK
B096RRS8KY,A3CMZCLZ85VGKK
B09637SQKC,A3CMZCLZ85VGKK
B08PBGYJ2F,A3CMZCLZ85VGKK
B08MFLSK5J,A3CMZCLZ85VGKK
B089QTKNMG,A3CMZCLZ85VGKK
B082TZFS6P,A3CMZCLZ85VGKK
B0813SYCWQ,A3CMZCLZ85VGKK
B07YDMDHX2,A3CMZCLZ85VGKK
B07WZM6RQQ,A3CMZCLZ85VGKK
B07PNHJCP6,A3CMZCLZ85VGKK
B07L4ZCTFJ,A3CMZCLZ85VGKK
B07FY7FV6D,A3CMZCLZ85VGKK
B06XYPFHNJ,A3CMZCLZ85VGKK
B06XNQXWBD,A3CMZCLZ85VGKK
B01LY6LEG9,A3CMZCLZ85VGKK
B014RMS58K,A3CMZCLZ85VGKK
B00LH4QLCE,A3CMZCLZ85VGKK
B0062Y0OHC,A3CMZCLZ85VGKK
B003ZZF0YS,A3CMZCLZ85VGKK
B001Q54OE6,A3CMZCLZ85VGKK
B0006694NM,A3CMZCLZ85VGKK
B09GVG78VQ,A3CMZCLZ85VGKK
B0CDL6FPT8,A3CMZCLZ85VGKK
B000I1AP10,A3CMZCLZ85VGKK
B07LGDPHKK,A3CMZCLZ85VGKK
B0BPC5H5KX,A3CMZCLZ85VGKK
B0BKZYJ95F,A3CMZCLZ85VGKK
B074KRGRP7,A3CMZCLZ85VGKK
B00BO61U44,A3CMZCLZ85VGKK
B008NUQEQ8,A3CMZCLZ85VGKK
B0D32745QW,A3CMZCLZ85VGKK
B0B8HJT2TW,A3CMZCLZ85VGKK
B08Y999K5T,A3CMZCLZ85VGKK
B0019IIVCQ,A3CMZCLZ85VGKK
B0CLF6K5D6,A3CMZCLZ85VGKK
B08FMS32P5,A3CMZCLZ85VGKK
B0CKRFWRLL,A3CMZCLZ85VGKK
B01FRGNU1M,A3CMZCLZ85VGKK
B0BDNRSMX7,A3CMZCLZ85VGKK
B08KHR58S2,A3CMZCLZ85VGKK
B08T5WD8JW,A3CMZCLZ85VGKK
B07PXBT5R8,A3CMZCLZ85VGKK
B097NNXD6L,A3CMZCLZ85VGKK
B0B5TKW1BW,A3CMZCLZ85VGKK
B098JQ4VLY,A3CMZCLZ85VGKK
B078T3KXCF,A3CMZCLZ85VGKK
B07MVC7S66,A3CMZCLZ85VGKK
B00004Y772,A3CMZCLZ85VGKK
B0CHDLV43R,A3CMZCLZ85VGKK
B00D6GSGJW,A3CMZCLZ85VGKK
B08DTTHF1C,A3CMZCLZ85VGKK
B09MTZD58K,A3CMZCLZ85VGKK
B018UZMV30,A3CMZCLZ85VGKK
B09VHCL2YZ,A3CMZCLZ85VGKK
B07FKDWGFQ,A3CMZCLZ85VGKK
B07BN3KJ75,A3CMZCLZ85VGKK
B00W98NU7G,A3CMZCLZ85VGKK
B002PT52WK,A3CMZCLZ85VGKK
B001RO02JM,A3CMZCLZ85VGKK
B09XZK3M2M,A3CMZCLZ85VGKK
B00004R9RJ,A3CMZCLZ85VGKK
B0CSPJY5JM,A3CMZCLZ85VGKK
B09RXRP3C9,A3CMZCLZ85VGKK
B093CLB1B1,A3CMZCLZ85VGKK
B07Q5BJDKX,A3CMZCLZ85VGKK
B01MQH8J9Z,A3CMZCLZ85VGKK
B003XQFW7Y,A3CMZCLZ85VGKK
B0BY2K1WKN,A3CMZCLZ85VGKK
B0BJTGJD2M,A3CMZCLZ85VGKK
B07GLCH8CC,A3CMZCLZ85VGKK
B079DKT3W2,A3CMZCLZ85VGKK
B00NS4YNLC,A3CMZCLZ85VGKK
B0018LINQI,A3CMZCLZ85VGKK
B0CLCVMTMX,A3CMZCLZ85VGKK
B0CCQB782C,A3CMZCLZ85VGKK
B0C9HSSDZQ,A3CMZCLZ85VGKK
B0BQ9M4NTK,A3CMZCLZ85VGKK
B0BPCGS9TH,A3CMZCLZ85VGKK
B0BKNLNLMC,A3CMZCLZ85VGKK
B09VYKG6CR,A3CMZCLZ85VGKK
B08BLPRJ9P,A3CMZCLZ85VGKK
B07RPB8TS8,A3CMZCLZ85VGKK
B07JHYP3P5,A3CMZCLZ85VGKK
B00K1NKLBE,A3CMZCLZ85VGKK
B0CQ7PLFNB,A3CMZCLZ85VGKK
B0CCNGWRL1,A3CMZCLZ85VGKK
B0C27TYG9D,A3CMZCLZ85VGKK
B0BH2QDF4Y,A3CMZCLZ85VGKK
B0BGWN8SZZ,A3CMZCLZ85VGKK
B0BD86YX8X,A3CMZCLZ85VGKK
B098VWH12D,A3CMZCLZ85VGKK
B096FDS4Y7,A3CMZCLZ85VGKK
B08T6CMHW4,A3CMZCLZ85VGKK
B07QNWQY92,A3CMZCLZ85VGKK
B07KSYGMZR,A3CMZCLZ85VGKK
B07519GV5L,A3CMZCLZ85VGKK
B0714FJQH7,A3CMZCLZ85VGKK
B06XDHDQ5J,A3CMZCLZ85VGKK
B01F44ENAE,A3CMZCLZ85VGKK
B01C40JEH8,A3CMZCLZ85VGKK
B0C8HZD4TF,A3CMZCLZ85VGKK
B0BQXPFTQS,A3CMZCLZ85VGKK
B0BHT2NMGC,A3CMZCLZ85VGKK
B0B4PFX5TN,A3CMZCLZ85VGKK
B0B4P2L4CR,A3CMZCLZ85VGKK
B09VKSL32S,A3CMZCLZ85VGKK
B09TNZ2FSZ,A3CMZCLZ85VGKK
B09NP21FFZ,A3CMZCLZ85VGKK
B09NBNZQKZ,A3CMZCLZ85VGKK
B09MTDXL28,A3CMZCLZ85VGKK
B09LG2P41D,A3CMZCLZ85VGKK
B09K4KNJ24,A3CMZCLZ85VGKK
B09JYKQLM7,A3CMZCLZ85VGKK
B09JDF5PD9,A3CMZCLZ85VGKK
B09FK7QTR6,A3CMZCLZ85VGKK
B09DKL69GJ,A3CMZCLZ85VGKK
B00VF0453W,A3CMZCLZ85VGKK
B0026JK8GE,A3CMZCLZ85VGKK
B001ATC4I6,A3CMZCLZ85VGKK
B000J3JI2O,A3CMZCLZ85VGKK
B0D9ZZSXG8,A3CMZCLZ85VGKK
B0D389DMZ7,A3CMZCLZ85VGKK
B0D1MYTHC2,A3CMZCLZ85VGKK
B0CYCL34Q8,A3CMZCLZ85VGKK
B0CYCDC1RD,A3CMZCLZ85VGKK
B0CQRZ2LN7,A3CMZCLZ85VGKK
B0CPDZJR7V,A3CMZCLZ85VGKK
B0CP9XLG97,A3CMZCLZ85VGKK
B0CP4YY9CZ,A3CMZCLZ85VGKK
B0CM327PZ1,A3CMZCLZ85VGKK
B0CH34VZCK,A3CMZCLZ85VGKK
B0CGFZD8ZH,A3CMZCLZ85VGKK
B07R8LG95H,A3CMZCLZ85VGKK
B07QNM7CMW,A3CMZCLZ85VGKK
B07PB1ZGP2,A3CMZCLZ85VGKK
B07NCGMM8D,A3CMZCLZ85VGKK
B07L2ZPX8Z,A3CMZCLZ85VGKK
B07FL41BNS,A3CMZCLZ85VGKK
B07D7PXG6C,A3CMZCLZ85VGKK
B078SZ2LBQ,A3CMZCLZ85VGKK
B078SLWKGM,A3CMZCLZ85VGKK
B077YW8JCB,A3CMZCLZ85VGKK
B074NBJPPB,A3CMZCLZ85VGKK
B074F38SJX,A3CMZCLZ85VGKK
B06XNSGWV8,A3CMZCLZ85VGKK
B01D3OBQ7A,A3CMZCLZ85VGKK
B01CYVE2WE,A3CMZCLZ85VGKK
B015NBOGJ6,A3CMZCLZ85VGKK
B097FCK7ZJ,A3CMZCLZ85VGKK
B097FCDQ72,A3CMZCLZ85VGKK
B092J7B18L,A3CMZCLZ85VGKK
B08ZS3FGQX,A3CMZCLZ85VGKK
B08TLLXPDL,A3CMZCLZ85VGKK
B08T7BY67F,A3CMZCLZ85VGKK
B08S4BW11N,A3CMZCLZ85VGKK
B08R3HF65K,A3CMZCLZ85VGKK
B08P54T4JJ,A3CMZCLZ85VGKK
B08H8JCH81,A3CMZCLZ85VGKK
B089SXFZZC,A3CMZCLZ85VGKK
B0859KYBB4,A3CMZCLZ85VGKK
B0855QMNCK,A3CMZCLZ85VGKK
B084BYMV92,A3CMZCLZ85VGKK
B07THG46B6,A3CMZCLZ85VGKK
B09YRYFBL4,A3CMZCLZ85VGKK
B096FQHJ9S,A3CMZCLZ85VGKK
B082VHFZ5Q,A3CMZCLZ85VGKK
B08XWTKHGW,A3CMZCLZ85VGKK
B07XRYDPQS,A3CMZCLZ85VGKK
B01HZ0LJKM,A3CMZCLZ85VGKK
B08DL8GL4Z,A3CMZCLZ85VGKK
B00ZNZ4ZS0,A3CMZCLZ85VGKK
B01NABMUMY,A3CMZCLZ85VGKK
B00SPUWIKM,A3CMZCLZ85VGKK
B07CMFYYFQ,A3CMZCLZ85VGKK
B00GHULC6I,A3CMZCLZ85VGKK
B097SXYHQP,A3CMZCLZ85VGKK
B0B9RCBK8G,A3CMZCLZ85VGKK
B09NBQ5LY4,A3CMZCLZ85VGKK
B0DCJNJY16,A3CMZCLZ85VGKK
B00ZAN1K7O,A3CMZCLZ85VGKK
B00EPFKFAG,A3CMZCLZ85VGKK
B00DGUJ3BS,A3CMZCLZ85VGKK
B00AG7AMRS,A3CMZCLZ85VGKK
B004SND304,A3CMZCLZ85VGKK
B01G79POY4,A3CMZCLZ85VGKK
B09F73QDY9,A3CMZCLZ85VGKK
B00JJ63OHW,A3CMZCLZ85VGKK
B09HZQ9YQ1,A3CMZCLZ85VGKK
B01CO9RKH0,A3CMZCLZ85VGKK
B000BPLMGA,A3CMZCLZ85VGKK
B0C7Q3P4VM,A3CMZCLZ85VGKK
B09CZGR8HV,A3CMZCLZ85VGKK
B07RNKTCBH,A3CMZCLZ85VGKK
B008ESDE9O,A3CMZCLZ85VGKK
B0012TUWV0,A3CMZCLZ85VGKK
B0BS1QBW56,A3CMZCLZ85VGKK
B0BF5M2KTQ,A3CMZCLZ85VGKK
B08QG2L3FQ,A3CMZCLZ85VGKK
B0855XS7TY,A3CMZCLZ85VGKK
B0BQYXGSC8,A3CMZCLZ85VGKK
B09172RYRK,A3CMZCLZ85VGKK
B085HZ86DF,A3CMZCLZ85VGKK
B08CVR9L53,A3CMZCLZ85VGKK
B0831GD15H,A3CMZCLZ85VGKK
B09YRKYTPW,A3CMZCLZ85VGKK
B0BWQXFJXC,A3CMZCLZ85VGKK
B0BXPS63CT,A3CMZCLZ85VGKK
B01MU2E235,A3CMZCLZ85VGKK
B0018OSQ2Q,A3CMZCLZ85VGKK
B07H2T6Y77,A3CMZCLZ85VGKK
B0D4RCRYWQ,A3CMZCLZ85VGKK
B00LNPIS8C,A3CMZCLZ85VGKK
B0BGLFLSBM,A3CMZCLZ85VGKK
B009G9PFO2,A3CMZCLZ85VGKK
B09YGQ2V33,A3CMZCLZ85VGKK
B07NP3Y7LN,A3CMZCLZ85VGKK
B08RX4BRZ8,A3CMZCLZ85VGKK
B08JJ58Q47,A3CMZCLZ85VGKK
B08F6ZQRHF,A3CMZCLZ85VGKK
B07W7P1STJ,A3CMZCLZ85VGKK
B07PJV8XXL,A3CMZCLZ85VGKK
B07L8M97FR,A3CMZCLZ85VGKK
B079YBJKXW,A3CMZCLZ85VGKK
B00U31NO68,A3CMZCLZ85VGKK
B0088LVBDS,A3CMZCLZ85VGKK
B00125C8RA,A3CMZCLZ85VGKK
B0CC6WPX54,A3CMZCLZ85VGKK
B0BZLWNYZH,A3CMZCLZ85VGKK
B0BJKH7YKN,A3CMZCLZ85VGKK
B0B251YLZQ,A3CMZCLZ85VGKK
B099S91KQ1,A3CMZCLZ85VGKK
B097DJL6MX,A3CMZCLZ85VGKK
B084DC7HQ4,A3CMZCLZ85VGKK
B084BXS6QK,A3CMZCLZ85VGKK
B0834PWGN8,A3CMZCLZ85VGKK
B07TBCNXJW,A3CMZCLZ85VGKK
B07PLJ2ZZG,A3CMZCLZ85VGKK
B07LGQ61X2,A3CMZCLZ85VGKK
B073SNJDS7,A3CMZCLZ85VGKK
B01JD7BG4Y,A3CMZCLZ85VGKK
B016PP5RGU,A3CMZCLZ85VGKK
B013PTQBH8,A3CMZCLZ85VGKK
B00XKRJXXA,A3CMZCLZ85VGKK
B00W9SLF7I,A3CMZCLZ85VGKK
B00NO1IKTK,A3CMZCLZ85VGKK
B00J04C7SK,A3CMZCLZ85VGKK
B00GSX43WE,A3CMZCLZ85VGKK
B0D9ZYTX4Q,A3CMZCLZ85VGKK
B0BBQ4WYVY,A3CMZCLZ85VGKK
B09SQCKBGB,A3CMZCLZ85VGKK
B07XF1Z4WF,A3CMZCLZ85VGKK
B0BRMHHJ34,A3CMZCLZ85VGKK
B0BLJ2CD5N,A3CMZCLZ85VGKK
B07ZYWBBFF,A3CMZCLZ85VGKK
B01MTNH7G9,A3CMZCLZ85VGKK
B00STS7ZH6,A3CMZCLZ85VGKK
B0CNTFFQSW,A3CMZCLZ85VGKK
B0CD2ZL3Z1,A3CMZCLZ85VGKK
B0C7HKRQ8G,A3CMZCLZ85VGKK
B0BMFMB8HS,A3CMZCLZ85VGKK
B09K7DH29X,A3CMZCLZ85VGKK
B09F74LG2F,A3CMZCLZ85VGKK
B09DQ139K9,A3CMZCLZ85VGKK
B096CDPWT9,A3CMZCLZ85VGKK
B0D9MK9KGZ,A3CMZCLZ85VGKK
B0D6GHVTVC,A3CMZCLZ85VGKK
B0D4GMY785,A3CMZCLZ85VGKK
B0D387M9T6,A3CMZCLZ85VGKK
B0D326SPBC,A3CMZCLZ85VGKK
B0D1G7MDN9,A3CMZCLZ85VGKK
B0CXTMQGKD,A3CMZCLZ85VGKK
B0CX8XSYS4,A3CMZCLZ85VGKK
B0CMXZPJ89,A3CMZCLZ85VGKK
B0CKT51TJ2,A3CMZCLZ85VGKK
B0CJFBV2PS,A3CMZCLZ85VGKK
B0CGPXPJR5,A3CMZCLZ85VGKK
B0CDQ33133,A3CMZCLZ85VGKK
B0CDLW889R,A3CMZCLZ85VGKK
B0CCSTBNBV,A3CMZCLZ85VGKK
B0C4DS9R6M,A3CMZCLZ85VGKK
B0BZQS89FN,A3CMZCLZ85VGKK
B0BZ566C6F,A3CMZCLZ85VGKK
B0BWHPF1RV,A3CMZCLZ85VGKK
B0BQBLST7V,A3CMZCLZ85VGKK
B0BL9PZ2W7,A3CMZCLZ85VGKK
B0BKFS34QY,A3CMZCLZ85VGKK
B0BJTWX124,A3CMZCLZ85VGKK
B0BDC85VTZ,A3CMZCLZ85VGKK
B0BD7VX262,A3CMZCLZ85VGKK
B0B96YDXXN,A3CMZCLZ85VGKK
B0B93FTYVB,A3CMZCLZ85VGKK
B0B2XL574R,A3CMZCLZ85VGKK
B0B134TYFR,A3CMZCLZ85VGKK
B09XVG1VBR,A3CMZCLZ85VGKK
B09X21Q7GV,A3CMZCLZ85VGKK
B09RWVYKNW,A3CMZCLZ85VGKK
B09PR8BG72,A3CMZCLZ85VGKK
B09MS21KTZ,A3CMZCLZ85VGKK
B09JXX163N,A3CMZCLZ85VGKK
B097J37ZRC,A3CMZCLZ85VGKK
B08Z5T4S25,A3CMZCLZ85VGKK
B08F3T858S,A3CMZCLZ85VGKK
B087DZC5NF,A3CMZCLZ85VGKK
B085S74VXX,A3CMZCLZ85VGKK
B0833PWHPT,A3CMZCLZ85VGKK
B07X7KX7SR,A3CMZCLZ85VGKK
B07TRY4TG8,A3CMZCLZ85VGKK
B07NR491Q8,A3CMZCLZ85VGKK
B07NF8MZD8,A3CMZCLZ85VGKK
B07NCMZ54S,A3CMZCLZ85VGKK
B07N4C8NJG,A3CMZCLZ85VGKK
B07G4BS38K,A3CMZCLZ85VGKK
B07CJS9SW7,A3CMZCLZ85VGKK
B079RS2J9L,A3CMZCLZ85VGKK
B0799YXRGZ,A3CMZCLZ85VGKK
B06XDJ9GFK,A3CMZCLZ85VGKK
B06XCT25HZ,A3CMZCLZ85VGKK
B01A04I57U,A3CMZCLZ85VGKK
B019RK264Q,A3CMZCLZ85VGKK
B00EPFKHJU,A3CMZCLZ85VGKK
B00EGPMKVM,A3CMZCLZ85VGKK
B00DS7PM4G,A3CMZCLZ85VGKK
B00AEVUGAY,A3CMZCLZ85VGKK
B003XQFW56,A3CMZCLZ85VGKK
B00004Y9N9,A3CMZCLZ85VGKK
B08QL2R7Z3,A3CMZCLZ85VGKK
B0857JPQ8L,A3CMZCLZ85VGKK
B0CPL15639,A3CMZCLZ85VGKK
B098NDF2S5,A3CMZCLZ85VGKK
B01BI5POF6,A3CMZCLZ85VGKK
B00BGNI7SC,A3CMZCLZ85VGKK
B0BC61YZGV,A3CMZCLZ85VGKK
B07986PWHY,A3CMZCLZ85VGKK
B088F3H9PV,A3CMZCLZ85VGKK
B0BZBS322N,A3CMZCLZ85VGKK
B002IV4LP4,A3CMZCLZ85VGKK
B016U0F2A6,A3CMZCLZ85VGKK
B0756LLMFP,A3CMZCLZ85VGKK
B0CFD91Z24,A3CMZCLZ85VGKK
B08NFJYRVN,A3CMZCLZ85VGKK
B08127RLSZ,A3CMZCLZ85VGKK
B000BPC3Z4,A3CMZCLZ85VGKK
B000F7DSZ2,A3CMZCLZ85VGKK
B07MVCBJG6,A3CMZCLZ85VGKK
B09FSYN6XC,A3CMZCLZ85VGKK
B0736P7LZ6,A3CMZCLZ85VGKK
B09Q372X7F,A3CMZCLZ85VGKK
B09S31G8PR,A3CMZCLZ85VGKK
B0C5LQLXF2,A3CMZCLZ85VGKK
B084NSTR51,A3CMZCLZ85VGKK
B07LFN9D5V,A3CMZCLZ85VGKK
B084622Y81,A3CMZCLZ85VGKK
B07VSWYJXH,A3CMZCLZ85VGKK
B071DG451Y,A3CMZCLZ85VGKK
B08N3T4D12,A3CMZCLZ85VGKK
B094DRQ7KK,A3CMZCLZ85VGKK
B0922L3Z4V,A3CMZCLZ85VGKK
B00IOVQDYE,A3CMZCLZ85VGKK
B004LQA4K0,A3CMZCLZ85VGKK
B0CRDWGV49,A3CMZCLZ85VGKK
B0CJML5NY6,A3CMZCLZ85VGKK
B0CCSR88X7,A3CMZCLZ85VGKK
B0BT637DM9,A3CMZCLZ85VGKK
B0BP953YV7,A3CMZCLZ85VGKK
B097FC6VL8,A3CMZCLZ85VGKK
B097F9L8V2,A3CMZCLZ85VGKK
B07L52T6F8,A3CMZCLZ85VGKK
B07CGCVBSV,A3CMZCLZ85VGKK
B078HDQHZF,A3CMZCLZ85VGKK
B0767PPD6G,A3CMZCLZ85VGKK
B0D9SWDQ35,A3CMZCLZ85VGKK
B0D6Y3T1CM,A3CMZCLZ85VGKK
B092VMS5RZ,A3CMZCLZ85VGKK
B08BCD3TX3,A3CMZCLZ85VGKK
B07YXJ8QT2,A3CMZCLZ85VGKK
B07XBR1BL2,A3CMZCLZ85VGKK
B07L6RY957,A3CMZCLZ85VGKK
B071S2H9CL,A3CMZCLZ85VGKK
B01KZ2HKVO,A3CMZCLZ85VGKK
B01I5QAYT2,A3CMZCLZ85VGKK
B01E0CP5BM,A3CMZCLZ85VGKK
B0176E0TSU,A3CMZCLZ85VGKK
B00PMELG2U,A3CMZCLZ85VGKK
B00NO1IJ96,A3CMZCLZ85VGKK
B004C1OLAS,A3CMZCLZ85VGKK
B0013JWEAQ,A3CMZCLZ85VGKK
B000VYN98K,A3CMZCLZ85VGKK
B0D9ZZSV2Y,A3CMZCLZ85VGKK
B0D9MJXRB1,A3CMZCLZ85VGKK
B0D4H1TZ79,A3CMZCLZ85VGKK
B0D3GM89L2,A3CMZCLZ85VGKK
B0D3272WCW,A3CMZCLZ85VGKK
B0CYCHP12C,A3CMZCLZ85VGKK
B0CXT39VL4,A3CMZCLZ85VGKK
B0CXR8XBB7,A3CMZCLZ85VGKK
B0CSYPS9FZ,A3CMZCLZ85VGKK
B0CSSRKBM9,A3CMZCLZ85VGKK
B0CR18D9P6,A3CMZCLZ85VGKK
B0CQ7ZV4NJ,A3CMZCLZ85VGKK
B0CN88KHP6,A3CMZCLZ85VGKK
B0CK161LPX,A3CMZCLZ85VGKK
B0CG2S9K1G,A3CMZCLZ85VGKK
B0CBSVR3SQ,A3CMZCLZ85VGKK
B0C6XD6PXR,A3CMZCLZ85VGKK
B0C2Y2HCPG,A3CMZCLZ85VGKK
B0BTT92J87,A3CMZCLZ85VGKK
B0BRZ3L654,A3CMZCLZ85VGKK
B0BRHWW6R9,A3CMZCLZ85VGKK
B0BPZLKP8W,A3CMZCLZ85VGKK
B0BL1V5LQK,A3CMZCLZ85VGKK
B0B6TZ6325,A3CMZCLZ85VGKK
B09Y2D3D41,A3CMZCLZ85VGKK
B09WRMYY8Q,A3CMZCLZ85VGKK
B09MTH2M6Z,A3CMZCLZ85VGKK
B09JN82ZTH,A3CMZCLZ85VGKK
B09JCFJZJL,A3CMZCLZ85VGKK
B09DFYK855,A3CMZCLZ85VGKK
B097F8J868,A3CMZCLZ85VGKK
B08XG8XXYB,A3CMZCLZ85VGKK
B08V891Q6S,A3CMZCLZ85VGKK
B08Q7SP54Y,A3CMZCLZ85VGKK
B08DHJK96C,A3CMZCLZ85VGKK
B07XPS6RMK,A3CMZCLZ85VGKK
B07XLNTMW4,A3CMZCLZ85VGKK
B07X6LC2TL,A3CMZCLZ85VGKK
B07X1LBQ7D,A3CMZCLZ85VGKK
B07WYQXS5Z,A3CMZCLZ85VGKK
B07TD6RH8Z,A3CMZCLZ85VGKK
B07N19XM7P,A3CMZCLZ85VGKK
B07MD1Y7BB,A3CMZCLZ85VGKK
B07L4BH3S9,A3CMZCLZ85VGKK
B07FJXQSG6,A3CMZCLZ85VGKK
B07CJXH9JK,A3CMZCLZ85VGKK
B079H3LZK6,A3CMZCLZ85VGKK
B0776NMBKX,A3CMZCLZ85VGKK
B072KWDCW7,A3CMZCLZ85VGKK
B072FP6MX8,A3CMZCLZ85VGKK
B087W6RHC1,A3CMZCLZ85VGKK
B079YM49KP,A3CMZCLZ85VGKK
B01KAGTS2Y,A3CMZCLZ85VGKK
B0002H49OO,A3CMZCLZ85VGKK
B0CSRF9N81,A3CMZCLZ85VGKK
B0CP6K4NRX,A3CMZCLZ85VGKK
B0CDH3FTVF,A3CMZCLZ85VGKK
B0CBLSZZ7F,A3CMZCLZ85VGKK
B0C4K32JZH,A3CMZCLZ85VGKK
B0BVWLF2W3,A3CMZCLZ85VGKK
B09P1FLC73,A3CMZCLZ85VGKK
B09NCKY1Z1,A3CMZCLZ85VGKK
B0971MX9JZ,A3CMZCLZ85VGKK
B091Q4FCYH,A3CMZCLZ85VGKK
B08VWT96CV,A3CMZCLZ85VGKK
B08J7WX1DJ,A3CMZCLZ85VGKK
B06XTNC9F6,A3CMZCLZ85VGKK
B01M8L3S0T,A3CMZCLZ85VGKK
B01G7C1V5C,A3CMZCLZ85VGKK
B01B6LF75O,A3CMZCLZ85VGKK
B01AT30ZQG,A3CMZCLZ85VGKK
B01AO6Q2EC,A3CMZCLZ85VGKK
B01AD10LFY,A3CMZCLZ85VGKK
B0187QGF84,A3CMZCLZ85VGKK
B0169YEHYK,A3CMZCLZ85VGKK
B00W5PLEF8,A3CMZCLZ85VGKK
B00P66M2H2,A3CMZCLZ85VGKK
B00GTRTSA6,A3CMZCLZ85VGKK
B00FKVYOQU,A3CMZCLZ85VGKK
B006WQHQJ4,A3CMZCLZ85VGKK
B00402RNRW,A3CMZCLZ85VGKK
B001RO02A6,A3CMZCLZ85VGKK
B0BKP8KRRH,A3CMZCLZ85VGKK
B0C4KWHFQG,A3CMZCLZ85VGKK
B07DQBG6JT,A3CMZCLZ85VGKK
B09J997L3J,A3CMZCLZ85VGKK
B07TP94KH4,A3CMZCLZ85VGKK
1956300023,A3CMZCLZ85VGKK
B01F3JL0V0,A3CMZCLZ85VGKK
B0DF8Y7MS4,A3CMZCLZ85VGKK
B07QPXX48G,A3CMZCLZ85VGKK
B00ZCYU6IK,A3CMZCLZ85VGKK
B08HND5CX7,A3CMZCLZ85VGKK
B0917GH235,A3CMZCLZ85VGKK
B0731VZTWP,A3CMZCLZ85VGKK
B0CX8PCRFG,A3CMZCLZ85VGKK
B0BB164PPC,A3CMZCLZ85VGKK
B09LRHQ8GT,A3CMZCLZ85VGKK
B08CZDGHX2,A3CMZCLZ85VGKK
B000228JTU,A3CMZCLZ85VGKK
B07V9ZC44W,A3CMZCLZ85VGKK
B07DFLKZZK,A3CMZCLZ85VGKK
B0019KX3U4,A3CMZCLZ85VGKK
B0D1ZFRN7H,A3CMZCLZ85VGKK
B085956XL2,A3CMZCLZ85VGKK
B0796DHY1N,A3CMZCLZ85VGKK
B09GKY4VGD,A3CMZCLZ85VGKK
B0BZT8X5ND,A3CMZCLZ85VGKK
B08G8DN4TN,A3CMZCLZ85VGKK
B08FTJ3R36,A3CMZCLZ85VGKK
B07XRFZWYY,A3CMZCLZ85VGKK
B00006J00X,A3CMZCLZ85VGKK
B07BGJ19LM,A3CMZCLZ85VGKK
B09TZL99VZ,A3CMZCLZ85VGKK
B07F2PBZBT,A3CMZCLZ85VGKK
B0009I6KSE,A3CMZCLZ85VGKK
B00OJI35GA,A3CMZCLZ85VGKK
B0CL4BSKW8,A3CMZCLZ85VGKK
B007Q9QT5I,A3CMZCLZ85VGKK
B07VN9T173,A3CMZCLZ85VGKK
B0CHJK8TCM,A3CMZCLZ85VGKK
B0823HDWRR,A3CMZCLZ85VGKK
B08DTV6QK5,A3CMZCLZ85VGKK
B08WLYN689,A3CMZCLZ85VGKK
B07DRHTJS9,A3CMZCLZ85VGKK
B006OCXT4W,A3CMZCLZ85VGKK
B0CY3BYWF4,A3CMZCLZ85VGKK
B0BMF4PHWF,A3CMZCLZ85VGKK
B072JKQ4K2,A3CMZCLZ85VGKK
B000BU7U9S,A3CMZCLZ85VGKK
B07P8WBQ57,A3CMZCLZ85VGKK
B00S70LL9Y,A3CMZCLZ85VGKK
B09RCDKXKG,A3CMZCLZ85VGKK
B09H1ZP37V,A3CMZCLZ85VGKK
B09C1ZNGNY,A3CMZCLZ85VGKK
B097SRLCQ9,A3CMZCLZ85VGKK
B086WF1XSL,A3CMZCLZ85VGKK
B07J5686HQ,A3CMZCLZ85VGKK
B01N2YGB06,A3CMZCLZ85VGKK
B0024NLH2Q,A3CMZCLZ85VGKK
B0CJGZ75C8,A3CMZCLZ85VGKK
B0CF1WYTHH,A3CMZCLZ85VGKK
B0BN7FY2KL,A3CMZCLZ85VGKK
B09SNXX7F7,A3CMZCLZ85VGKK
B09566TXPW,A3CMZCLZ85VGKK
B00MELUCRO,A3CMZCLZ85VGKK
B000BU7U9I,A3CMZCLZ85VGKK
B088VN5RS3,A3CMZCLZ85VGKK
B07HT4SDLP,A3CMZCLZ85VGKK
B07FPP69DY,A3CMZCLZ85VGKK
B0BPLZ5972,A3CMZCLZ85VGKK
B09S1GR51M,A3CMZCLZ85VGKK
B09KLYSVLV,A3CMZCLZ85VGKK
B07FZWH291,A3CMZCLZ85VGKK
B000Z4DNPK,A3CMZCLZ85VGKK
B0C3H1DTVC,A3CMZCLZ85VGKK
B0B7XGR98G,A3CMZCLZ85VGKK
B07KKYPQTF,A3CMZCLZ85VGKK
B00KAS8G1W,A3CMZCLZ85VGKK
B0055NY56M,A3CMZCLZ85VGKK
B0CC5LZ3T7,A3CMZCLZ85VGKK
B08GJGNV75,A3CMZCLZ85VGKK
B0012OZNE6,A3CMZCLZ85VGKK
B0CSS6MBK5,A3CMZCLZ85VGKK
B0CGY64Y18,A3CMZCLZ85VGKK
B0CFXDVT7T,A3CMZCLZ85VGKK
B0C78H7YSD,A3CMZCLZ85VGKK
B0C2ZCZ93Y,A3CMZCLZ85VGKK
B0BR3GQ5C5,A3CMZCLZ85VGKK
B09VSBRBZF,A3CMZCLZ85VGKK
B08WZ5K2QM,A3CMZCLZ85VGKK
B08NFLPDRJ,A3CMZCLZ85VGKK
B07TW982YZ,A3CMZCLZ85VGKK
B07JN5JMLQ,A3CMZCLZ85VGKK
B07H85QM2C,A3CMZCLZ85VGKK
B07FTKHSNK,A3CMZCLZ85VGKK
B07FN3ZJH6,A3CMZCLZ85VGKK
B07FJXZJSC,A3CMZCLZ85VGKK
B07C233K9N,A3CMZCLZ85VGKK
B07488GBWW,A3CMZCLZ85VGKK
B071W9H6LC,A3CMZCLZ85VGKK
B0089LOF62,A3CMZCLZ85VGKK
B0D5ZLVLR9,A3CMZCLZ85VGKK
B0CZCMQ3DB,A3CMZCLZ85VGKK
B0CZ6RN1FS,A3CMZCLZ85VGKK
B0CNPRPWWY,A3CMZCLZ85VGKK
B0CFQCD127,A3CMZCLZ85VGKK
B0CD7GCXYY,A3CMZCLZ85VGKK
B0CD1K2RFH,A3CMZCLZ85VGKK
B0CCVQ41HC,A3CMZCLZ85VGKK
B0CCVPHDBD,A3CMZCLZ85VGKK
B0C6FB8CR9,A3CMZCLZ85VGKK
B0BQ6DF5HH,A3CMZCLZ85VGKK
B0BPKX7PJM,A3CMZCLZ85VGKK
B0BHT38K5W,A3CMZCLZ85VGKK
B0B7N3B6Q5,A3CMZCLZ85VGKK
B09YNQZJ2H,A3CMZCLZ85VGKK
B09XY2DB2G,A3CMZCLZ85VGKK
B09PDH887J,A3CMZCLZ85VGKK
B09N7CH92R,A3CMZCLZ85VGKK
B09N71QKRZ,A3CMZCLZ85VGKK
B09KX82J5X,A3CMZCLZ85VGKK
B09GPL1CCS,A3CMZCLZ85VGKK
B09DKXD549,A3CMZCLZ85VGKK
B09CTHP3CM,A3CMZCLZ85VGKK
B09BQZPQ51,A3CMZCLZ85VGKK
B09BF7PXJY,A3CMZCLZ85VGKK
B098PBC6XB,A3CMZCLZ85VGKK
B0977KY1SQ,A3CMZCLZ85VGKK
B097225253,A3CMZCLZ85VGKK
B094FB6TSV,A3CMZCLZ85VGKK
B084BWZK5R,A3CMZCLZ85VGKK
B0CKHJXRDS,A3CMZCLZ85VGKK
B08K8MXZCF,A3CMZCLZ85VGKK
B01ENK42R4,A3CMZCLZ85VGKK
B07DPNZPC1,A3CMZCLZ85VGKK
B08N3YXJYD,A3CMZCLZ85VGKK
B07J9LW45N,A3CMZCLZ85VGKK
B09F4T4S2P,A3CMZCLZ85VGKK
B08XXP1SD9,A3CMZCLZ85VGKK
B07YMLNR46,A3CMZCLZ85VGKK
B0030Z8R2K,A3CMZCLZ85VGKK
B0BBFVGXVP,A3CMZCLZ85VGKK
B09WDZTSGY,A3CMZCLZ85VGKK
B07RCCD51Y,A3CMZCLZ85VGKK
B003JOB594,A3CMZCLZ85VGKK
B005MZDMLC,A3CMZCLZ85VGKK
B07GSV61V3,A3CMZCLZ85VGKK
B079Y98JSD,A3CMZCLZ85VGKK
B0799F5JYS,A3CMZCLZ85VGKK
B075ZZ44QJ,A3CMZCLZ85VGKK
B0753LN1MG,A3CMZCLZ85VGKK
B0751LBQTD,A3CMZCLZ85VGKK
B0747ZB85P,A3CMZCLZ85VGKK
B01F0H9CVU,A3CMZCLZ85VGKK
B01BGQ82MO,A3CMZCLZ85VGKK
B015NBSNN6,A3CMZCLZ85VGKK
B011DYDQXE,A3CMZCLZ85VGKK
B00V6R2JO6,A3CMZCLZ85VGKK
B00DJW3XGO,A3CMZCLZ85VGKK
B001DX5NLE,A3CMZCLZ85VGKK
B0011E91K4,A3CMZCLZ85VGKK
B000RU3BX6,A3CMZCLZ85VGKK
B09KL616KV,A3CMZCLZ85VGKK
B000VDFQAA,A3CMZCLZ85VGKK
B0BJL44649,A3CMZCLZ85VGKK
B001CZ5JE4,A3CMZCLZ85VGKK
B0BSFNTD3N,A3CMZCLZ85VGKK
B077YVP13D,A3CMZCLZ85VGKK
B0037NZ4LW,A3CMZCLZ85VGKK
B0BBPXL6C7,A3CMZCLZ85VGKK
B01CYUR8GM,A3CMZCLZ85VGKK
B00KEX1SAO,A3CMZCLZ85VGKK
B078KC343Q,A3CMZCLZ85VGKK
B07JVBVLBP,A3CMZCLZ85VGKK
B009M3EIAY,A3CMZCLZ85VGKK
B00O8LHBV8,A3CMZCLZ85VGKK
B093SW967Q,A3CMZCLZ85VGKK
B0B8J323YQ,A3CMZCLZ85VGKK
B08Y8LD69C,A3CMZCLZ85VGKK
B08J29D2M4,A3CMZCLZ85VGKK
B08GXCNR9G,A3CMZCLZ85VGKK
B08G4RXLJ6,A3CMZCLZ85VGKK
B08BLNSQXQ,A3CMZCLZ85VGKK
B087BMXSH8,A3CMZCLZ85VGKK
B08724HC67,A3CMZCLZ85VGKK
B07Y91F9HJ,A3CMZCLZ85VGKK
B07XJRG6NN,A3CMZCLZ85VGKK
B07W89RQ3V,A3CMZCLZ85VGKK
B07VRTH9PM,A3CMZCLZ85VGKK
B07S33LBSY,A3CMZCLZ85VGKK
B07PQL9NQQ,A3CMZCLZ85VGKK
B07L9F94KD,A3CMZCLZ85VGKK
B07JHJNQ77,A3CMZCLZ85VGKK
B07HC8VM1B,A3CMZCLZ85VGKK
B01MRSDMKC,A3CMZCLZ85VGKK
B095CGDYJB,A3CMZCLZ85VGKK
B019J27MGE,A3CMZCLZ85VGKK
B096HQ2PHB,A3CMZCLZ85VGKK
B07PFGG8C9,A3CMZCLZ85VGKK
B07BMH19NX,A3CMZCLZ85VGKK
B087N26DQS,A3CMZCLZ85VGKK
B07CZZCPVZ,A3CMZCLZ85VGKK
B08F5JTMJK,A3CMZCLZ85VGKK
B092SSK2B3,A3CMZCLZ85VGKK
B07D9YL2NK,A3CMZCLZ85VGKK
B07VVWXGGK,A3CMZCLZ85VGKK
B07V5GP49K,A3CMZCLZ85VGKK
B077Y7T7RL,A3CMZCLZ85VGKK
B075H1M633,A3CMZCLZ85VGKK
B073QWXY8S,A3CMZCLZ85VGKK
B0728MM1F3,A3CMZCLZ85VGKK
B00OM3NBKC,A3CMZCLZ85VGKK
B00T7ULYC2,A3CMZCLZ85VGKK
B07SBYRWL1,A3CMZCLZ85VGKK
B00A6VZHD8,A3CMZCLZ85VGKK
B0851HDPPY,A3CMZCLZ85VGKK
B01K7ODO10,A3CMZCLZ85VGKK
B09PTQCWJC,A3CMZCLZ85VGKK
B08B4FH44J,A3CMZCLZ85VGKK
B07HHL8HN3,A3CMZCLZ85VGKK
B003BUCSAG,A3CMZCLZ85VGKK
B0DDC2XBZ7,A3CMZCLZ85VGKK
B07MR78D4G,A3CMZCLZ85VGKK
B07DKRN2SM,A3CMZCLZ85VGKK
B01LWIS0KC,A3CMZCLZ85VGKK
B004HIMWP2,A3CMZCLZ85VGKK
B09WXHCS33,A3CMZCLZ85VGKK
B099P42ZRZ,A3CMZCLZ85VGKK
B095XJCG5P,A3CMZCLZ85VGKK
B06XNYNLG8,A3CMZCLZ85VGKK
B01BU1YJT0,A3CMZCLZ85VGKK
B000LNP538,A3CMZCLZ85VGKK
B0BFJ3DGQN,A3CMZCLZ85VGKK
B07FT1VH3Q,A3CMZCLZ85VGKK
B07DHNL4TG,A3CMZCLZ85VGKK
B015JOPBWI,A3CMZCLZ85VGKK
B00UM8UJDI,A3CMZCLZ85VGKK
B005VPN5FG,A3CMZCLZ85VGKK
B0CN88B592,A3CMZCLZ85VGKK
B0BT5RSJHK,A3CMZCLZ85VGKK
B09LG3RVJK,A3CMZCLZ85VGKK
B00XZB75KE,A3CMZCLZ85VGKK
B00TFSWO9I,A3CMZCLZ85VGKK
B00DHX86J4,A3CMZCLZ85VGKK
B008B5VXFM,A3CMZCLZ85VGKK
B005IATGQG,A3CMZCLZ85VGKK
B004SPFA62,A3CMZCLZ85VGKK
B000H5P15C,A3CMZCLZ85VGKK
B000DZCSAM,A3CMZCLZ85VGKK
B000ALE4I8,A3CMZCLZ85VGKK
B0DCN129SS,A3CMZCLZ85VGKK
B0D9MDM8NP,A3CMZCLZ85VGKK
B0D9HSJ86K,A3CMZCLZ85VGKK
B0D9BW6H11,A3CMZCLZ85VGKK
B0D8L8GTL9,A3CMZCLZ85VGKK
B0D8D5SZVG,A3CMZCLZ85VGKK
B0D81ZRCMS,A3CMZCLZ85VGKK
B008Y1PZD4,A3CMZCLZ85VGKK
B000UV1FJO,A3CMZCLZ85VGKK
B00004T7JI,A3CMZCLZ85VGKK
B0CLMH8XP5,A3CMZCLZ85VGKK
B0CFS477HT,A3CMZCLZ85VGKK
B098RMNHBN,A3CMZCLZ85VGKK
B08N3CXP8V,A3CMZCLZ85VGKK
B07WL67KVB,A3CMZCLZ85VGKK
B07Q393PTK,A3CMZCLZ85VGKK
B07HHLGXZX,A3CMZCLZ85VGKK
B07GZRYVGP,A3CMZCLZ85VGKK
B07F2SNZYW,A3CMZCLZ85VGKK
B07DFR5HKD,A3CMZCLZ85VGKK
B078T34WP7,A3CMZCLZ85VGKK
B076CX9B81,A3CMZCLZ85VGKK
B072JZ1H6T,A3CMZCLZ85VGKK
B0C4HF3FSX,A3CMZCLZ85VGKK
B0C3QWKGKJ,A3CMZCLZ85VGKK
B0BYBHHPW6,A3CMZCLZ85VGKK
B0BYB99QZQ,A3CMZCLZ85VGKK
B0BPY31BJK,A3CMZCLZ85VGKK
B0BGHB6XVN,A3CMZCLZ85VGKK
B0B8N2YQK4,A3CMZCLZ85VGKK
B0B73M7R9L,A3CMZCLZ85VGKK
B0B56QVP7J,A3CMZCLZ85VGKK
B0B3HSLSXG,A3CMZCLZ85VGKK
B09ZPGSDWK,A3CMZCLZ85VGKK
B09WBZFY9N,A3CMZCLZ85VGKK
B09WBXB7KZ,A3CMZCLZ85VGKK
B09WB1MZHV,A3CMZCLZ85VGKK
B09TV2ZF14,A3CMZCLZ85VGKK
B09TL1Q7MW,A3CMZCLZ85VGKK
B09SFQMC6S,A3CMZCLZ85VGKK
B09MJQ9RTR,A3CMZCLZ85VGKK
B09M515RR8,A3CMZCLZ85VGKK
B09D7GKY8H,A3CMZCLZ85VGKK
B09CM1H22B,A3CMZCLZ85VGKK
B09CD4R5PN,A3CMZCLZ85VGKK
B096YYYJZR,A3CMZCLZ85VGKK
B094BJ8VF7,A3CMZCLZ85VGKK
B08ZJTZ34W,A3CMZCLZ85VGKK
B08ZHZ541M,A3CMZCLZ85VGKK
B08SWFLF67,A3CMZCLZ85VGKK
B08SQT8YSV,A3CMZCLZ85VGKK
B08SM6HPWJ,A3CMZCLZ85VGKK
B08Q7NMWQ5,A3CMZCLZ85VGKK
B08FBR9J5Y,A3CMZCLZ85VGKK
B07P2WH9ZY,A3CMZCLZ85VGKK
B07594DD25,A3CMZCLZ85VGKK
B01M4J0LYC,A3CMZCLZ85VGKK
B01CKLLNZM,A3CMZCLZ85VGKK
B00006J022,A3CMZCLZ85VGKK
B0B46T15Z7,A3CMZCLZ85VGKK
B08XBH1GWW,A3CMZCLZ85VGKK
B08X9WW1PL,A3CMZCLZ85VGKK
B08JV4M4KV,A3CMZCLZ85VGKK
B087T994K4,A3CMZCLZ85VGKK
B07Z3S1FYB,A3CMZCLZ85VGKK
B07SQBGWV2,A3CMZCLZ85VGKK
B07H371MKP,A3CMZCLZ85VGKK
B07C681L2W,A3CMZCLZ85VGKK
B009LHV4P8,A3CMZCLZ85VGKK
B0D5M4DPDJ,A3CMZCLZ85VGKK
B0D5M163Z1,A3CMZCLZ85VGKK
B0D46N25LP,A3CMZCLZ85VGKK
B0D2Y3GCMG,A3CMZCLZ85VGKK
B0D2635PWH,A3CMZCLZ85VGKK
B0CZ97WTK6,A3CMZCLZ85VGKK
B0CNKCHTR2,A3CMZCLZ85VGKK
B0CHNYY7QQ,A3CMZCLZ85VGKK
B0CHMLDNRY,A3CMZCLZ85VGKK
B0CG97YJWS,A3CMZCLZ85VGKK
B0CD2XY1HT,A3CMZCLZ85VGKK
B0CCSTWQL6,A3CMZCLZ85VGKK
B0C7N21SW1,A3CMZCLZ85VGKK
B0C7FHXQFL,A3CMZCLZ85VGKK
B0C6KY99VD,A3CMZCLZ85VGKK
B0C6KQ2PJK,A3CMZCLZ85VGKK
B07Q6P79DT,A3CMZCLZ85VGKK
B07P6J6SLQ,A3CMZCLZ85VGKK
B07MQPT2HM,A3CMZCLZ85VGKK
B07MKQRZDP,A3CMZCLZ85VGKK
B07L4B5SMS,A3CMZCLZ85VGKK
B07KY9YVKV,A3CMZCLZ85VGKK
B07KQP88RN,A3CMZCLZ85VGKK
B07HSGS89N,A3CMZCLZ85VGKK
B07FN67KS3,A3CMZCLZ85VGKK
B07DV29J4R,A3CMZCLZ85VGKK
B07D48ZZRP,A3CMZCLZ85VGKK
B07D3C23T2,A3CMZCLZ85VGKK
B079YG121P,A3CMZCLZ85VGKK
B079R16H7S,A3CMZCLZ85VGKK
B07983HMBW,A3CMZCLZ85VGKK
B078C8YJWV,A3CMZCLZ85VGKK
B08CZ5KKS8,A3CMZCLZ85VGKK
B08CTQBDMB,A3CMZCLZ85VGKK
B0846612DK,A3CMZCLZ85VGKK
B082N6SBXF,A3CMZCLZ85VGKK
B082M9BX13,A3CMZCLZ85VGKK
B0817TW8PC,A3CMZCLZ85VGKK
B07ZVBJVR2,A3CMZCLZ85VGKK
B07ZQ88BH5,A3CMZCLZ85VGKK
B07ZPKMNVD,A3CMZCLZ85VGKK
B07Z6QJ6HG,A3CMZCLZ85VGKK
B07XQ7KMBH,A3CMZCLZ85VGKK
B07W8K78ND,A3CMZCLZ85VGKK
B07W2ZJFNT,A3CMZCLZ85VGKK
B07RWRHFGV,A3CMZCLZ85VGKK
B07QFBZZGH,A3CMZCLZ85VGKK
B07QB9FLFT,A3CMZCLZ85VGKK
B008KNL4Q8,A3CMZCLZ85VGKK
B0088LVC2S,A3CMZCLZ85VGKK
B0088LV96C,A3CMZCLZ85VGKK
B006YX82XE,A3CMZCLZ85VGKK
B00162JJQW,A3CMZCLZ85VGKK
B0000DCAP2,A3CMZCLZ85VGKK
B075KGYNZ2,A3CMZCLZ85VGKK
B07531DL35,A3CMZCLZ85VGKK
B074R3JG2V,A3CMZCLZ85VGKK
B074LDKY43,A3CMZCLZ85VGKK
B072C3KGWK,A3CMZCLZ85VGKK
B06XNTL8W7,A3CMZCLZ85VGKK
B06XJKN21C,A3CMZCLZ85VGKK
B06VSWH6S3,A3CMZCLZ85VGKK
B018WSGBM2,A3CMZCLZ85VGKK
B018GJ332S,A3CMZCLZ85VGKK
B00V2SK748,A3CMZCLZ85VGKK
B00UFAVAJU,A3CMZCLZ85VGKK
B00P03FTGW,A3CMZCLZ85VGKK
B00NG0IC9C,A3CMZCLZ85VGKK
B00IZ9KD0K,A3CMZCLZ85VGKK
B00IQ2UPHC,A3CMZCLZ85VGKK
B000AMW0JM,A3CMZCLZ85VGKK
B07D4C5ZVH,A3CMZCLZ85VGKK
B07X2JXMH2,A3CMZCLZ85VGKK
B00KRHXCL0,A3CMZCLZ85VGKK
B07HQZG1J3,A3CMZCLZ85VGKK
B097CJYLGM,A3CMZCLZ85VGKK
B07P57F7SH,A3CMZCLZ85VGKK
B0BKQR25H3,A3CMZCLZ85VGKK
B07Y8R91ZF,A3CMZCLZ85VGKK
B07GCJR2TB,A3CMZCLZ85VGKK
B08KW3L3ZK,A3CMZCLZ85VGKK
B0CWKWRBG6,A3CMZCLZ85VGKK
B01C5CX56G,A3CMZCLZ85VGKK
B09JXJVC5J,A3CMZCLZ85VGKK
B09M6S7MTN,A3CMZCLZ85VGKK
B00GFHCXVG,A3CMZCLZ85VGKK
B00DKA4RYC,A3CMZCLZ85VGKK
B0BFD6XBC1,A3CMZCLZ85VGKK
B0C4RKBPP1,A3CMZCLZ85VGKK
B0BGPC23WZ,A3CMZCLZ85VGKK
B08R5VM1GW,A3CMZCLZ85VGKK
B071WCSPKX,A3CMZCLZ85VGKK
B0CQTVX4K5,A3CMZCLZ85VGKK
B0C4C1CX2J,A3CMZCLZ85VGKK
B07TV5RNQL,A3CMZCLZ85VGKK
B000KC0WOW,A3CMZCLZ85VGKK
B0BPD4279T,A3CMZCLZ85VGKK
B09YR5F3C7,A3CMZCLZ85VGKK
B08QTS7LPM,A3CMZCLZ85VGKK
B01N8TYL6Z,A3CMZCLZ85VGKK
B07Z3LR8F4,A3CMZCLZ85VGKK
B07RDJMN1D,A3CMZCLZ85VGKK
B09CPGYP15,A3CMZCLZ85VGKK
B08GCTL2YK,A3CMZCLZ85VGKK
B01MTNMK59,A3CMZCLZ85VGKK
B001HBN38M,A3CMZCLZ85VGKK
B01E5AA8BG,A3CMZCLZ85VGKK
B0CTZZZQ7G,A3CMZCLZ85VGKK
B07T4TVQZ6,A3CMZCLZ85VGKK
B00975YNYI,A3CMZCLZ85VGKK
B008IYHEM2,A3CMZCLZ85VGKK
B0C9QCZQX2,A3CMZCLZ85VGKK
B099S9QX6K,A3CMZCLZ85VGKK
B095WX4F5X,A3CMZCLZ85VGKK
B08WFFY7LC,A3CMZCLZ85VGKK
B0006N9J3A,A3CMZCLZ85VGKK
B0C1PF841M,A3CMZCLZ85VGKK
B0BG4DP9MN,A3CMZCLZ85VGKK
B08GS9VLZ1,A3CMZCLZ85VGKK
B07GVNXPJ2,A3CMZCLZ85VGKK
B075KHS6WR,A3CMZCLZ85VGKK
B01MYQ2Z0F,A3CMZCLZ85VGKK
B007MCEGN6,A3CMZCLZ85VGKK
B0C3G5GS1G,A3CMZCLZ85VGKK
B0B2V9WTMM,A3CMZCLZ85VGKK
B09SJ44HYL,A3CMZCLZ85VGKK
B083JMVQNW,A3CMZCLZ85VGKK
B07SQ3J47G,A3CMZCLZ85VGKK
B07RM653C6,A3CMZCLZ85VGKK
B07HF1THFF,A3CMZCLZ85VGKK
B07B3D5ZH5,A3CMZCLZ85VGKK
B01NCJZOKP,A3CMZCLZ85VGKK
B0CQ6JYWXB,A3CMZCLZ85VGKK
B09KFHRQND,A3CMZCLZ85VGKK
B08BJNJVXH,A3CMZCLZ85VGKK
B086N3LZ18,A3CMZCLZ85VGKK
B0833Z47DL,A3CMZCLZ85VGKK
B07ZGC28HC,A3CMZCLZ85VGKK
B07SNV8TFH,A3CMZCLZ85VGKK
B07N4ZYJSJ,A3CMZCLZ85VGKK
B07KTDN3RL,A3CMZCLZ85VGKK
B07F2NKMYJ,A3CMZCLZ85VGKK
B07D2MHQY4,A3CMZCLZ85VGKK
B07CNSTYGR,A3CMZCLZ85VGKK
B07574H8TK,A3CMZCLZ85VGKK
B01LXDJDNV,A3CMZCLZ85VGKK
B012AR4W7C,A3CMZCLZ85VGKK
B00F0XQS12,A3CMZCLZ85VGKK
B0088LV8OA,A3CMZCLZ85VGKK
B004032XCQ,A3CMZCLZ85VGKK
B0BZT9QGLV,A3CMZCLZ85VGKK
B000CIZZGY,A3CMZCLZ85VGKK
B0CLFQ293R,A3CMZCLZ85VGKK
B0728KR2KL,A3CMZCLZ85VGKK
B0BMP997MV,A3CMZCLZ85VGKK
B0CHMMCDG2,A3CMZCLZ85VGKK
B082HR14YM,A3CMZCLZ85VGKK
B003FIMO26,A3CMZCLZ85VGKK
B007KL52K0,A3CMZCLZ85VGKK
B0B2LNJMHK,A3CMZCLZ85VGKK
B001ZTU68G,A3CMZCLZ85VGKK
B0C5JQZPLF,A3CMZCLZ85VGKK
B07DFC4QTW,A3CMZCLZ85VGKK
B0BPN9TM1N,A3CMZCLZ85VGKK
B001KN3OTK,A3CMZCLZ85VGKK
B07FK665ZT,A3CMZCLZ85VGKK
B0CTDH8JW3,A3CMZCLZ85VGKK
B0CSFKGP5Z,A3CMZCLZ85VGKK
B0CMBXL5SD,A3CMZCLZ85VGKK
B0CKX2F9WZ,A3CMZCLZ85VGKK
B0CFKHN5XX,A3CMZCLZ85VGKK
B0CFJNZNXY,A3CMZCLZ85VGKK
B0CCRRTBZW,A3CMZCLZ85VGKK
B0CBLYHNBN,A3CMZCLZ85VGKK
B0CBJT41CW,A3CMZCLZ85VGKK
B0C5Q3V7KL,A3CMZCLZ85VGKK
B0C2D9QV91,A3CMZCLZ85VGKK
B0C1TJDF86,A3CMZCLZ85VGKK
B0C18FXF1J,A3CMZCLZ85VGKK
B0BZQZSFZ1,A3CMZCLZ85VGKK
B0BYJ5C3PD,A3CMZCLZ85VGKK
B0BXDHBQV1,A3CMZCLZ85VGKK
B0BX3MW49K,A3CMZCLZ85VGKK
B0BV49KHRB,A3CMZCLZ85VGKK
B0BTYCGH96,A3CMZCLZ85VGKK
B0BQVJVDK3,A3CMZCLZ85VGKK
B0BPRW2S2J,A3CMZCLZ85VGKK
B0B9L1VR19,A3CMZCLZ85VGKK
B0B7N8BDQ7,A3CMZCLZ85VGKK
B0B5X15PD4,A3CMZCLZ85VGKK
B0B57M4DGB,A3CMZCLZ85VGKK
B0B17HMY4Q,A3CMZCLZ85VGKK
B09XY5K13P,A3CMZCLZ85VGKK
B09HTBQXGV,A3CMZCLZ85VGKK
B09DR9SFG8,A3CMZCLZ85VGKK
B09CD68F2P,A3CMZCLZ85VGKK
B09B6MLZX2,A3CMZCLZ85VGKK
B096N39HF4,A3CMZCLZ85VGKK
B09448WT7X,A3CMZCLZ85VGKK
B092J68T11,A3CMZCLZ85VGKK
B08R7KBHVL,A3CMZCLZ85VGKK
B08PS2LK8L,A3CMZCLZ85VGKK
B08PDCYFNR,A3CMZCLZ85VGKK
B08JH852X2,A3CMZCLZ85VGKK
B08G1J42W7,A3CMZCLZ85VGKK
B088D6ZBCG,A3CMZCLZ85VGKK
B086GQ46B7,A3CMZCLZ85VGKK
B07ZPL199Z,A3CMZCLZ85VGKK
B07X2CRKZY,A3CMZCLZ85VGKK
B07TSBZG72,A3CMZCLZ85VGKK
B07S693Q5T,A3CMZCLZ85VGKK
B07NS5TXHR,A3CMZCLZ85VGKK
B07N1HW5W1,A3CMZCLZ85VGKK
B07J5TY73S,A3CMZCLZ85VGKK
B00IGK9PHA,A3CMZCLZ85VGKK
B00DR49PPC,A3CMZCLZ85VGKK
B006PKVPO4,A3CMZCLZ85VGKK
B003JO78PE,A3CMZCLZ85VGKK
B003JHN4KY,A3CMZCLZ85VGKK
B0012YYI1U,A3CMZCLZ85VGKK
B07HY2KTVF,A3CMZCLZ85VGKK
B07GX9L8MC,A3CMZCLZ85VGKK
B075YLJQ9C,A3CMZCLZ85VGKK
B075RHSHMP,A3CMZCLZ85VGKK
B072DWF99Z,A3CMZCLZ85VGKK
B0719QM21Z,A3CMZCLZ85VGKK
B06WVP18VR,A3CMZCLZ85VGKK
B01N1KL56Z,A3CMZCLZ85VGKK
B01J67WU0A,A3CMZCLZ85VGKK
B01DO4WG6E,A3CMZCLZ85VGKK
B019YHJ6PE,A3CMZCLZ85VGKK
B014G0GM56,A3CMZCLZ85VGKK
B00XXLW12I,A3CMZCLZ85VGKK
B00X123G6Y,A3CMZCLZ85VGKK
B00OMCRZR8,A3CMZCLZ85VGKK
B00IT9QII2,A3CMZCLZ85VGKK
B098WF2RD1,A3CMZCLZ85VGKK
B08QMR19GT,A3CMZCLZ85VGKK
B07Y22CYGH,A3CMZCLZ85VGKK
B07V7KGTYH,A3CMZCLZ85VGKK
B017DP7BL0,A3CMZCLZ85VGKK
B00ML8M75U,A3CMZCLZ85VGKK
B0033H9WCO,A3CMZCLZ85VGKK
B000CB2MKI,A3CMZCLZ85VGKK
B0CQTH4FML,A3CMZCLZ85VGKK
B0BYHPVDCM,A3CMZCLZ85VGKK
B0BT3S8X9G,A3CMZCLZ85VGKK
B091M5B5DZ,A3CMZCLZ85VGKK
B08YWWM3C3,A3CMZCLZ85VGKK
B08L34FQTG,A3CMZCLZ85VGKK
B08FGJPNPW,A3CMZCLZ85VGKK
B08BKWC7MX,A3CMZCLZ85VGKK
B0CST98M4G,A3CMZCLZ85VGKK
B001JA5CSK,A3CMZCLZ85VGKK
B01AVIPE9C,A3CMZCLZ85VGKK
B006234398,A3CMZCLZ85VGKK
B07XH46TTC,A3CMZCLZ85VGKK
B08MDBX5DP,A3CMZCLZ85VGKK
B0D8THZ6DG,A3CMZCLZ85VGKK
B06Y2ZC7NK,A3CMZCLZ85VGKK
B00EXLOVZM,A3CMZCLZ85VGKK
B0000CFTV5,A3CMZCLZ85VGKK
B00R92C1ZO,A3CMZCLZ85VGKK
B0CHT2ZGDH,A3CMZCLZ85VGKK
B0064V8J8E,A3CMZCLZ85VGKK
B08JZ88S6N,A3CMZCLZ85VGKK
B01IU78GOG,A3CMZCLZ85VGKK
B075LM6H9W,A3CMZCLZ85VGKK
B08SHX9SY4,A3CMZCLZ85VGKK
B08BXBWNKK,A3CMZCLZ85VGKK
B07CMDC5Y4,A3CMZCLZ85VGKK
B08QG7N7S2,A3CMZCLZ85VGKK
B0BJMXXZF3,A3CMZCLZ85VGKK
B078T33D6Q,A3CMZCLZ85VGKK
B09MG7P2X8,A3CMZCLZ85VGKK
B07L6PQQYP,A3CMZCLZ85VGKK
B08B8T15NX,A3CMZCLZ85VGKK
B08527KR23,A3CMZCLZ85VGKK
B0758GSLJN,A3CMZCLZ85VGKK
B00X123AU6,A3CMZCLZ85VGKK
B01N6X3JWN,A3CMZCLZ85VGKK
B08KTGNDMW,A3CMZCLZ85VGKK
B0B5HR7ZQS,A3CMZCLZ85VGKK
B01LDTE58O,A3CMZCLZ85VGKK
B00FQLOE82,A3CMZCLZ85VGKK
B07FDN7C7T,A3CMZCLZ85VGKK
B09HL52W14,A3CMZCLZ85VGKK
B07BKS6XG4,A3CMZCLZ85VGKK
B0CZ1RCZ7M,A3CMZCLZ85VGKK
B0873ZKBT1,A3CMZCLZ85VGKK
B009SKX4JC,A3CMZCLZ85VGKK
B0CTD4M2FY,A3CMZCLZ85VGKK
B09YJ5PNYX,A3CMZCLZ85VGKK
B09ZTW25VL,A3CMZCLZ85VGKK
B08936K216,A3CMZCLZ85VGKK
B01ET77F84,A3CMZCLZ85VGKK
B0BP75D81D,A3CMZCLZ85VGKK
B0BLXYXDCV,A3CMZCLZ85VGKK
B08MGC6BFZ,A3CMZCLZ85VGKK
B07ZPCQ8BN,A3CMZCLZ85VGKK
B07CWBBGCP,A3CMZCLZ85VGKK
B074V3N59X,A3CMZCLZ85VGKK
B00OMZG7IS,A3CMZCLZ85VGKK
B009SKX4ZG,A3CMZCLZ85VGKK
B000KORDDS,A3CMZCLZ85VGKK
B0D4QM3FMH,A3CMZCLZ85VGKK
B0CPN92NHX,A3CMZCLZ85VGKK
B0977SZJFH,A3CMZCLZ85VGKK
B072327976,A3CMZCLZ85VGKK
B071L9MB43,A3CMZCLZ85VGKK
B00F8O53DC,A3CMZCLZ85VGKK
B00E7SKE4S,A3CMZCLZ85VGKK
B000C02DPI,A3CMZCLZ85VGKK
B0002NYD80,A3CMZCLZ85VGKK
B0BTG3XLRK,A3CMZCLZ85VGKK
B09VVKMGXZ,A3CMZCLZ85VGKK
B0978YPNPK,A3CMZCLZ85VGKK
B08FJGWTJZ,A3CMZCLZ85VGKK
B085L9WKX4,A3CMZCLZ85VGKK
B083BBQ3ZM,A3CMZCLZ85VGKK
B07H379X99,A3CMZCLZ85VGKK
B071NH1VKR,A3CMZCLZ85VGKK
B06XP54BZK,A3CMZCLZ85VGKK
B01DB0MIEG,A3CMZCLZ85VGKK
B00176S12U,A3CMZCLZ85VGKK
B0DMPL7TDK,A3CMZCLZ85VGKK
B0D9ZXMKNZ,A3CMZCLZ85VGKK
B0D223LNQD,A3CMZCLZ85VGKK
B0CYZSZM6Q,A3CMZCLZ85VGKK
B0CPT8HGFW,A3CMZCLZ85VGKK
B0CMC9L6NY,A3CMZCLZ85VGKK
B0CKDRLHVN,A3CMZCLZ85VGKK
B0CKD79237,A3CMZCLZ85VGKK
B0CC3MD32G,A3CMZCLZ85VGKK
B0C98VYLLJ,A3CMZCLZ85VGKK
B0C8MJTSG5,A3CMZCLZ85VGKK
B0C27TSHFP,A3CMZCLZ85VGKK
B0BVDLRMJD,A3CMZCLZ85VGKK
B0BN12V7GJ,A3CMZCLZ85VGKK
B0BLYQ4JRX,A3CMZCLZ85VGKK
B0BKG2WH79,A3CMZCLZ85VGKK
B0BGH8LRXQ,A3CMZCLZ85VGKK
B0BBTNSGD2,A3CMZCLZ85VGKK
B0B5WZJ9SG,A3CMZCLZ85VGKK
B0B1Q46BXL,A3CMZCLZ85VGKK
B0B1HRQKHK,A3CMZCLZ85VGKK
B09YFLPK9R,A3CMZCLZ85VGKK
B09XD2TNVC,A3CMZCLZ85VGKK
B09WTKF4HM,A3CMZCLZ85VGKK
B099BCTQVV,A3CMZCLZ85VGKK
B0989FVR1L,A3CMZCLZ85VGKK
B0964F9H99,A3CMZCLZ85VGKK
B094F86TQP,A3CMZCLZ85VGKK
B093TVQPST,A3CMZCLZ85VGKK
B08ZLTVSZZ,A3CMZCLZ85VGKK
B08L8ZX11N,A3CMZCLZ85VGKK
B08F525DT1,A3CMZCLZ85VGKK
B08CGKZNW3,A3CMZCLZ85VGKK
B08BTG42GV,A3CMZCLZ85VGKK
B087XWQJG1,A3CMZCLZ85VGKK
B081CZFRNW,A3CMZCLZ85VGKK
B07WTKY2PX,A3CMZCLZ85VGKK
B07W6F8HL3,A3CMZCLZ85VGKK
B07TRPQ23G,A3CMZCLZ85VGKK
B07QGYYTTS,A3CMZCLZ85VGKK
B07J14RMNH,A3CMZCLZ85VGKK
B07GVPGPPV,A3CMZCLZ85VGKK
B07FYL16MG,A3CMZCLZ85VGKK
B078C81DZY,A3CMZCLZ85VGKK
B077ZK7HZW,A3CMZCLZ85VGKK
B076DMCY98,A3CMZCLZ85VGKK
B06XWD6WHL,A3CMZCLZ85VGKK
B01DF3DGP4,A3CMZCLZ85VGKK
B017T04RMA,A3CMZCLZ85VGKK
B015XF2KWM,A3CMZCLZ85VGKK
B0108N6M50,A3CMZCLZ85VGKK
B00GAUQQJS,A3CMZCLZ85VGKK
B007ZQS51S,A3CMZCLZ85VGKK
B006LX3XZ4,A3CMZCLZ85VGKK
B004HYI9AI,A3CMZCLZ85VGKK
B0027BHVXY,A3CMZCLZ85VGKK
B001QFDH44,A3CMZCLZ85VGKK
B00006IRTT,A3CMZCLZ85VGKK
B092DVGVKC,A3CMZCLZ85VGKK
B07CHS2G3K,A3CMZCLZ85VGKK
B005EIDCL2,A3CMZCLZ85VGKK
B003F6GKZU,A3CMZCLZ85VGKK
B0838G2NWL,A3CMZCLZ85VGKK
B08MDB2MNB,A3CMZCLZ85VGKK
B09MVJK23F,A3CMZCLZ85VGKK
B089GN85D8,A3CMZCLZ85VGKK
B005563A10,A3CMZCLZ85VGKK
B079S3GTBS,A3CMZCLZ85VGKK
B0046CXUWS,A3CMZCLZ85VGKK
B0BSHC13CD,A3CMZCLZ85VGKK
B0BFX3NGKV,A3CMZCLZ85VGKK
B074F82R6T,A3CMZCLZ85VGKK
B0C3YCQY8L,A3CMZCLZ85VGKK
B0B5X6G17P,A3CMZCLZ85VGKK
B00O5NF1VG,A3CMZCLZ85VGKK
B00B3HTP9G,A3CMZCLZ85VGKK
B086L8T91S,A3CMZCLZ85VGKK
B004TGWQVC,A3CMZCLZ85VGKK
B0D467L7FM,A3CMZCLZ85VGKK
B0C6RCDZLP,A3CMZCLZ85VGKK
B099Q6ZY9H,A3CMZCLZ85VGKK
B01MRXMX41,A3CMZCLZ85VGKK
B07XL9WLY7,A3CMZCLZ85VGKK
B01M0AXSH1,A3CMZCLZ85VGKK
B09ND7GX2C,A3CMZCLZ85VGKK
B0BXPGJK9Y,A3CMZCLZ85VGKK
B00MYSQ9GA,A3CMZCLZ85VGKK
B09MP5NN5W,A3CMZCLZ85VGKK
B07KQGVHN4,A3CMZCLZ85VGKK
B0CHDRCM72,A3CMZCLZ85VGKK
B00NI35VGO,A3CMZCLZ85VGKK
B0BQJ48BF1,A3CMZCLZ85VGKK
B097GMF26T,A3CMZCLZ85VGKK
B07474J9BX,A3CMZCLZ85VGKK
B0955L2SDT,A3CMZCLZ85VGKK
B08QZQF7T3,A3CMZCLZ85VGKK
B07BMHSRL1,A3CMZCLZ85VGKK
B077N7BPH3,A3CMZCLZ85VGKK
B000I1QE4C,A3CMZCLZ85VGKK
B0D6BB2C7Y,A3CMZCLZ85VGKK
B0CF59XS74,A3CMZCLZ85VGKK
B0BJRSVQ4B,A3CMZCLZ85VGKK
B0BFC2PT3X,A3CMZCLZ85VGKK
B09KTM9RTS,A3CMZCLZ85VGKK
B018A1YINU,A3CMZCLZ85VGKK
B00IUPT8MS,A3CMZCLZ85VGKK
B00CFQQRWC,A3CMZCLZ85VGKK
B0CHTPKDZF,A3CMZCLZ85VGKK
B09XH7NKYH,A3CMZCLZ85VGKK
B0955ZT26R,A3CMZCLZ85VGKK
B07MM2SNZD,A3CMZCLZ85VGKK
B07FPG49NH,A3CMZCLZ85VGKK
B00CU8YYN4,A3CMZCLZ85VGKK
B0000DD2U6,A3CMZCLZ85VGKK
B0CST79JPR,A3CMZCLZ85VGKK
B0CF57BHNN,A3CMZCLZ85VGKK
B0C1YWRT6G,A3CMZCLZ85VGKK
B0BXWDDFGT,A3CMZCLZ85VGKK
B0BTPW8MBX,A3CMZCLZ85VGKK
B09ZVNHDQZ,A3CMZCLZ85VGKK
B092162QZN,A3CMZCLZ85VGKK
B08WYWW7XQ,A3CMZCLZ85VGKK
B08WJ4TQLM,A3CMZCLZ85VGKK
B07B3QJ9SX,A3CMZCLZ85VGKK
B01E9IDVEU,A3CMZCLZ85VGKK
B0095FFVGO,A3CMZCLZ85VGKK
B0DGKR429R,A3CMZCLZ85VGKK
B0DF83GJH2,A3CMZCLZ85VGKK
B0D9ZV7NP1,A3CMZCLZ85VGKK
B0D78ML5V8,A3CMZCLZ85VGKK
B0D5JGB8K5,A3CMZCLZ85VGKK
B0CP7P3KPD,A3CMZCLZ85VGKK
B0CMDZTJ7K,A3CMZCLZ85VGKK
B0CLRQC6PB,A3CMZCLZ85VGKK
B0CJMS48PG,A3CMZCLZ85VGKK
B0C8D47RW6,A3CMZCLZ85VGKK
B0B5GP11PH,A3CMZCLZ85VGKK
B09T4GFR4R,A3CMZCLZ85VGKK
B07DJTDKY3,A3CMZCLZ85VGKK
B07CNTBBKN,A3CMZCLZ85VGKK
B07CL94RPS,A3CMZCLZ85VGKK
B07B8L8RVS,A3CMZCLZ85VGKK
B079STNZG4,A3CMZCLZ85VGKK
B0785FG8BM,A3CMZCLZ85VGKK
B0785FCZQV,A3CMZCLZ85VGKK
B077TZ9CJB,A3CMZCLZ85VGKK
B077NYY11B,A3CMZCLZ85VGKK
B072HX3KJT,A3CMZCLZ85VGKK
B01J1AJ0ZK,A3CMZCLZ85VGKK
B01IAUHB9O,A3CMZCLZ85VGKK
B01C80XIR6,A3CMZCLZ85VGKK
B013GI2XI4,A3CMZCLZ85VGKK
B00CE4975Y,A3CMZCLZ85VGKK
B00A7HWO6O,A3CMZCLZ85VGKK
B00979NAJS,A3CMZCLZ85VGKK
B0088LV9GM,A3CMZCLZ85VGKK
B000MQL66E,A3CMZCLZ85VGKK
B000KKKZOQ,A3CMZCLZ85VGKK
B07HF2K5GC,A3CMZCLZ85VGKK
B0D256P1ZJ,A3CMZCLZ85VGKK
B001BADTKQ,A3CMZCLZ85VGKK
B07YHM3C4N,A3CMZCLZ85VGKK
B07HRNKY8P,A3CMZCLZ85VGKK
B08MX5JQGF,A3CMZCLZ85VGKK
B07FB4P5NM,A3CMZCLZ85VGKK
B07VWXNCSV,A3CMZCLZ85VGKK
B07GBH8HR4,A3CMZCLZ85VGKK
B08574RKY9,A3CMZCLZ85VGKK
B0BLJHPP7M,A3CMZCLZ85VGKK
B09HBWT6W8,A3CMZCLZ85VGKK
B01GIEH7CK,A3CMZCLZ85VGKK
B08CMP45H2,A3CMZCLZ85VGKK
B01LY99V9I,A3CMZCLZ85VGKK
B000B2UADE,A3CMZCLZ85VGKK
B00012V15K,A3CMZCLZ85VGKK
B0001BMYHA,A3CMZCLZ85VGKK
B007496NJ2,A3CMZCLZ85VGKK
B0CDZ567X5,A3CMZCLZ85VGKK
B08B3MVWRW,A3CMZCLZ85VGKK
B07G5NHMTP,A3CMZCLZ85VGKK
B0BXKX3M25,A3CMZCLZ85VGKK
B0974V27DV,A3CMZCLZ85VGKK
B07FK5Z85S,A3CMZCLZ85VGKK
B00CP6I1LC,A3CMZCLZ85VGKK
B007SW182W,A3CMZCLZ85VGKK
B0D9D9KCKS,A3CMZCLZ85VGKK
B09P8X533D,A3CMZCLZ85VGKK
B013GHAJ04,A3CMZCLZ85VGKK
B000AM8B4U,A3CMZCLZ85VGKK
B07QVM8TK7,A3CMZCLZ85VGKK
B01N4AP5LD,A3CMZCLZ85VGKK
B08RSPR8QK,A3CMZCLZ85VGKK
B074Q8C2L9,A3CMZCLZ85VGKK
B086JNN1ML,A3CMZCLZ85VGKK
B0CB39WN12,A3CMZCLZ85VGKK
B0769HJL5Y,A3CMZCLZ85VGKK
B01MF5YBCT,A3CMZCLZ85VGKK
B09HVBRTSM,A3CMZCLZ85VGKK
B09QPBKNXR,A3CMZCLZ85VGKK
B085F22CZT,A3CMZCLZ85VGKK
B07NWBD7YB,A3CMZCLZ85VGKK
B075KPN6JD,A3CMZCLZ85VGKK
B004NK1QUQ,A3CMZCLZ85VGKK
B0CC9FQ6BT,A3CMZCLZ85VGKK
B004BFW0EO,A3CMZCLZ85VGKK
B082NPT48C,A3CMZCLZ85VGKK
B076TP368L,A3CMZCLZ85VGKK
B08NVX9WMM,A3CMZCLZ85VGKK
B086JLF4QQ,A3CMZCLZ85VGKK
B00KN0NEWI,A3CMZCLZ85VGKK
B009SKX43S,A3CMZCLZ85VGKK
B0CZDNFHLJ,A3CMZCLZ85VGKK
B0BDYXKK92,A3CMZCLZ85VGKK
B0B5BD19CL,A3CMZCLZ85VGKK
B08S7CZW2P,A3CMZCLZ85VGKK
B087WH74BN,A3CMZCLZ85VGKK
B07786PJS8,A3CMZCLZ85VGKK
B016F3QTXC,A3CMZCLZ85VGKK
B0CH5CLX4B,A3CMZCLZ85VGKK
B0C5QCXR86,A3CMZCLZ85VGKK
B0BJS41T63,A3CMZCLZ85VGKK
B08T5R3X9F,A3CMZCLZ85VGKK
B07ZPBVN6P,A3CMZCLZ85VGKK
B07ZCMND2Z,A3CMZCLZ85VGKK
B07VKXQ49B,A3CMZCLZ85VGKK
B07KCPGQBX,A3CMZCLZ85VGKK
B07K84WXPV,A3CMZCLZ85VGKK
B07FGF67W3,A3CMZCLZ85VGKK
B078T3CDGR,A3CMZCLZ85VGKK
B0BHF3FC71,A3CMZCLZ85VGKK
B07Y9R47TH,A3CMZCLZ85VGKK
B07PMF2PTW,A3CMZCLZ85VGKK
B079YN3BB7,A3CMZCLZ85VGKK
B0713RHPY8,A3CMZCLZ85VGKK
B01BWM2N0O,A3CMZCLZ85VGKK
B00W5PLEKS,A3CMZCLZ85VGKK
B007TIDP4E,A3CMZCLZ85VGKK
B0018LA514,A3CMZCLZ85VGKK
B09MGG3Z8M,A3CMZCLZ85VGKK
B016CCTDM0,A3CMZCLZ85VGKK
B07GT8C9KH,A3CMZCLZ85VGKK
B07NQVJ4TN,A3CMZCLZ85VGKK
B00BS89PTA,A3CMZCLZ85VGKK
B092BP66NS,A3CMZCLZ85VGKK
B001AH5LBA,A3CMZCLZ85VGKK
B087TJK7B9,A3CMZCLZ85VGKK
B005QUUPJU,A3CMZCLZ85VGKK
B07FK62L59,A3CMZCLZ85VGKK
B073HQ7T63,A3CMZCLZ85VGKK
B01MTF6TH1,A3CMZCLZ85VGKK
B01D9BXYE0,A3CMZCLZ85VGKK
B014P1TZZA,A3CMZCLZ85VGKK
B0C1RK7FF1,A3CMZCLZ85VGKK
B0CW9D8VYX,A3CMZCLZ85VGKK
B09QPBYJNN,A3CMZCLZ85VGKK
B09FCGB963,A3CMZCLZ85VGKK
B0936YWGN7,A3CMZCLZ85VGKK
B08Y8Z3W5Y,A3CMZCLZ85VGKK
B08MXWRB79,A3CMZCLZ85VGKK
B08JPS9PH5,A3CMZCLZ85VGKK
B085RBDZJ9,A3CMZCLZ85VGKK
B07XK1RKQ5,A3CMZCLZ85VGKK
B07TLJL11J,A3CMZCLZ85VGKK
B07RGH46Q1,A3CMZCLZ85VGKK
B07RDMLSP9,A3CMZCLZ85VGKK
B07N13H16G,A3CMZCLZ85VGKK
B07HCMJMMY,A3CMZCLZ85VGKK
B07GSSML59,A3CMZCLZ85VGKK
B07FR9CZN4,A3CMZCLZ85VGKK
B07FGD7GTN,A3CMZCLZ85VGKK
161223545X,A3CMZCLZ85VGKK
B0D5WC3FTD,A3CMZCLZ85VGKK
B0CZNJ6NPP,A3CMZCLZ85VGKK
B0BCHRJ9JC,A3CMZCLZ85VGKK
B09SJV2PH5,A3CMZCLZ85VGKK
B09QZN696Z,A3CMZCLZ85VGKK
B09LQHKGTJ,A3CMZCLZ85VGKK
B08XTY8LB3,A3CMZCLZ85VGKK
B08CK31KW7,A3CMZCLZ85VGKK
B08831GQN2,A3CMZCLZ85VGKK
B07Y2HBS6D,A3CMZCLZ85VGKK
B07GGLQN7K,A3CMZCLZ85VGKK
B075M1XB63,A3CMZCLZ85VGKK
B0071M6AZE,A3CMZCLZ85VGKK
B0032MXYOC,A3CMZCLZ85VGKK
B001TINEJG,A3CMZCLZ85VGKK
B0002NYD8U,A3CMZCLZ85VGKK
B0CLY3BX29,A3CMZCLZ85VGKK
B0BZRPC287,A3CMZCLZ85VGKK
B0BGW67G97,A3CMZCLZ85VGKK
B0BFN4XWV4,A3CMZCLZ85VGKK
B0B9BZN8QN,A3CMZCLZ85VGKK
B0B6P5P45V,A3CMZCLZ85VGKK
B0B5B7TQ3K,A3CMZCLZ85VGKK
B09QXV2NJ8,A3CMZCLZ85VGKK
B09KTK77GL,A3CMZCLZ85VGKK
B0974T45WY,A3CMZCLZ85VGKK
B0852NTHXP,A3CMZCLZ85VGKK
B084HL4TCV,A3CMZCLZ85VGKK
B07Q7WFMLW,A3CMZCLZ85VGKK
B07KD29MYS,A3CMZCLZ85VGKK
B00C0ZMZHY,A3CMZCLZ85VGKK
B008L13NPY,A3CMZCLZ85VGKK
B007BNVRW4,A3CMZCLZ85VGKK
B0056JWCQA,A3CMZCLZ85VGKK
B000DZBH18,A3CMZCLZ85VGKK
B000069CBR,A3CMZCLZ85VGKK
B0DPJH5QKY,A3CMZCLZ85VGKK
B0DGW4ZS9X,A3CMZCLZ85VGKK
B0DD38WLZS,A3CMZCLZ85VGKK
B0D9KMHF3J,A3CMZCLZ85VGKK
B0D9BX42S6,A3CMZCLZ85VGKK
B0D42DHHGV,A3CMZCLZ85VGKK
B0D1B7VH8J,A3CMZCLZ85VGKK
B0CYQY75GM,A3CMZCLZ85VGKK
B0CW38TRKP,A3CMZCLZ85VGKK
B0CTYB5HDV,A3CMZCLZ85VGKK
B0CLML7Y6M,A3CMZCLZ85VGKK
B09THXNLXY,A3CMZCLZ85VGKK
B09QSP2TZ6,A3CMZCLZ85VGKK
B09Q312S7H,A3CMZCLZ85VGKK
B09P7X3Q2K,A3CMZCLZ85VGKK
B09NXDXW2J,A3CMZCLZ85VGKK
B09KRLTKHS,A3CMZCLZ85VGKK
B09K6QSL86,A3CMZCLZ85VGKK
B09HGFY6BS,A3CMZCLZ85VGKK
B09HCBNGK1,A3CMZCLZ85VGKK
B09BMZN78Q,A3CMZCLZ85VGKK
B096XMP89W,A3CMZCLZ85VGKK
B093TVQPSQ,A3CMZCLZ85VGKK
B092MCT8KL,A3CMZCLZ85VGKK
B08Y5S1HLR,A3CMZCLZ85VGKK
B08XYC1FG5,A3CMZCLZ85VGKK
B08XPD8DCF,A3CMZCLZ85VGKK
B08T611H97,A3CMZCLZ85VGKK
B08DKYTNFW,A3CMZCLZ85VGKK
B088NNZ1S9,A3CMZCLZ85VGKK
B0887WZ3GX,A3CMZCLZ85VGKK
B0842CBT9J,A3CMZCLZ85VGKK
B082XHN7V8,A3CMZCLZ85VGKK
B07XZMHMX3,A3CMZCLZ85VGKK
B07X3JCM6Q,A3CMZCLZ85VGKK
B07WSXWGYS,A3CMZCLZ85VGKK
B07WP1YZMT,A3CMZCLZ85VGKK
B07VCXXW5P,A3CMZCLZ85VGKK
B07RCGYVGZ,A3CMZCLZ85VGKK
B07QKPFFY7,A3CMZCLZ85VGKK
B07Q5PGTLD,A3CMZCLZ85VGKK
B07MMGM5LL,A3CMZCLZ85VGKK
B07L2L2CLX,A3CMZCLZ85VGKK
B07JMPV9FS,A3CMZCLZ85VGKK
B07HZ55GRK,A3CMZCLZ85VGKK
B07D311BSJ,A3CMZCLZ85VGKK
B07CXZS4V9,A3CMZCLZ85VGKK
B07BCSV1S5,A3CMZCLZ85VGKK
B073GGXHPL,A3CMZCLZ85VGKK
B071R2QXVZ,A3CMZCLZ85VGKK
B01KJYBC1W,A3CMZCLZ85VGKK
B01JD7BFMC,A3CMZCLZ85VGKK
B01IOHBDJ2,A3CMZCLZ85VGKK
B01H43U3WA,A3CMZCLZ85VGKK
B01B94H4CW,A3CMZCLZ85VGKK
B0131ROUG8,A3CMZCLZ85VGKK
B00YWDJZAW,A3CMZCLZ85VGKK
B00PM4IGIM,A3CMZCLZ85VGKK
B00MMW8MBI,A3CMZCLZ85VGKK
B0CGN1HZ73,A3CMZCLZ85VGKK
B0CCS8N6HC,A3CMZCLZ85VGKK
B0CBRZBPFB,A3CMZCLZ85VGKK
B0C9YXKY1V,A3CMZCLZ85VGKK
B0C5CCKFJ2,A3CMZCLZ85VGKK
B0C4LTCV21,A3CMZCLZ85VGKK
B0C4L4CBTJ,A3CMZCLZ85VGKK
B0BSFQPZP6,A3CMZCLZ85VGKK
B0BQCZ98YG,A3CMZCLZ85VGKK
B0BLCMXLQS,A3CMZCLZ85VGKK
B0B7N8MWVW,A3CMZCLZ85VGKK
B0B5TP5RSY,A3CMZCLZ85VGKK
B0B317CLVY,A3CMZCLZ85VGKK
B0B1H8V73W,A3CMZCLZ85VGKK
B09YT2ZL4V,A3CMZCLZ85VGKK
B09Y8GJL3N,A3CMZCLZ85VGKK
B0BLJ14RX8,A3CMZCLZ85VGKK
B00004U12N,A3CMZCLZ85VGKK
B07YXJHT1J,A3CMZCLZ85VGKK
B0BLJ2CDC1,A3CMZCLZ85VGKK
B0C3TWNMV1,A3CMZCLZ85VGKK
B09QQJ8QBN,A3CMZCLZ85VGKK
B06XFYF1TJ,A3CMZCLZ85VGKK
B091DY58BW,A3CMZCLZ85VGKK
B08LNHHG42,A3CMZCLZ85VGKK
B002R0FGK0,A3CMZCLZ85VGKK
B0BVP2RPWF,A3CMZCLZ85VGKK
B000CPAVI4,A3CMZCLZ85VGKK
B07YHDZW9Z,A3CMZCLZ85VGKK
B001OTP0U6,A3CMZCLZ85VGKK
B005NFNL44,A3CMZCLZ85VGKK
B07MNBTT4P,A3CMZCLZ85VGKK
B00UW5BMDW,A3CMZCLZ85VGKK
B004BNJDQ4,A3CMZCLZ85VGKK
B0CGSSDB9V,A3CMZCLZ85VGKK
B0074P8SYO,A3CMZCLZ85VGKK
B0088LV9ZI,A3CMZCLZ85VGKK
B000LC9YM2,A3CMZCLZ85VGKK
B0C1HCNC8G,A3CMZCLZ85VGKK
B07ZLWRSD5,A3CMZCLZ85VGKK
B092ZTJPCC,A3CMZCLZ85VGKK
B000I62FQI,A3CMZCLZ85VGKK
B01F867314,A3CMZCLZ85VGKK
B01F7ME2X6,A3CMZCLZ85VGKK
B08HGN74DX,A3CMZCLZ85VGKK
B00NPYK4OU,A3CMZCLZ85VGKK
B016YTGHFC,A3CMZCLZ85VGKK
B004OCS9XK,A3CMZCLZ85VGKK
B000SE3W4O,A3CMZCLZ85VGKK
B07J5LGSZ8,A3CMZCLZ85VGKK
B005FKYTOI,A3CMZCLZ85VGKK
B07BS4PMWG,A3CMZCLZ85VGKK
B094RFXD93,A3CMZCLZ85VGKK
B008HPVOAU,A3CMZCLZ85VGKK
B0028LI9JS,A3CMZCLZ85VGKK
B0009AMTW8,A3CMZCLZ85VGKK
B09J4D891K,A3CMZCLZ85VGKK
B098RZ49QM,A3CMZCLZ85VGKK
B07N1QFZ8Z,A3CMZCLZ85VGKK
B01H3W2RVM,A3CMZCLZ85VGKK
B008B66WRA,A3CMZCLZ85VGKK
B0CC6V2LDH,A3CMZCLZ85VGKK
B07RV3NDHD,A3CMZCLZ85VGKK
B08H5QP2GF,A3CMZCLZ85VGKK
B072JNNSYP,A3CMZCLZ85VGKK
B07KWT2ZS3,A3CMZCLZ85VGKK
B08MLGR89N,A3CMZCLZ85VGKK
B09J21YZVJ,A3CMZCLZ85VGKK
B085JW79V5,A3CMZCLZ85VGKK
B07953JMJ6,A3CMZCLZ85VGKK
B0C1ZX3747,A3CMZCLZ85VGKK
B08CQFKNJS,A3CMZCLZ85VGKK
B083KMN176,A3CMZCLZ85VGKK
B092MGP4R3,A3CMZCLZ85VGKK
B000B6NXHK,A3CMZCLZ85VGKK
B08248PFWZ,A3CMZCLZ85VGKK
B07F1HGJNT,A3CMZCLZ85VGKK
B09F3PXSY7,A3CMZCLZ85VGKK
B08CXW396Y,A3CMZCLZ85VGKK
B07H174Q24,A3CMZCLZ85VGKK
B00JPBAE6U,A3CMZCLZ85VGKK
B00GAUQTDG,A3CMZCLZ85VGKK
B007ZQS3KQ,A3CMZCLZ85VGKK
B003U6QATG,A3CMZCLZ85VGKK
B003EAYJU0,A3CMZCLZ85VGKK
B0000B2E38,A3CMZCLZ85VGKK
B09MJJVQDW,A3CMZCLZ85VGKK
B08S7FZ5TC,A3CMZCLZ85VGKK
B08LSS38RB,A3CMZCLZ85VGKK
B07SJXTMVZ,A3CMZCLZ85VGKK
B09Y91SWM6,A3CMZCLZ85VGKK
B087MCW94P,A3CMZCLZ85VGKK
B07N8KVRCW,A3CMZCLZ85VGKK
B07HLMGJH3,A3CMZCLZ85VGKK
B07DYXDMHL,A3CMZCLZ85VGKK
B07D17HDJV,A3CMZCLZ85VGKK
B075M6Z4ZP,A3CMZCLZ85VGKK
B00UP0ACOE,A3CMZCLZ85VGKK
B000HHM0AO,A3CMZCLZ85VGKK
B0CHG1DFZH,A3CMZCLZ85VGKK
B0C5W2ZPNM,A3CMZCLZ85VGKK
B07PFLPJ4V,A3CMZCLZ85VGKK
B0CG5RGVDT,A3CMZCLZ85VGKK
B08F7XNW1F,A3CMZCLZ85VGKK
B089FGQNV1,A3CMZCLZ85VGKK
B07RZTXVNW,A3CMZCLZ85VGKK
B07NTSTM7X,A3CMZCLZ85VGKK
B07FNR4P6V,A3CMZCLZ85VGKK
B01MT793Q4,A3CMZCLZ85VGKK
B01GSCQHIM,A3CMZCLZ85VGKK
B01DO4WQQO,A3CMZCLZ85VGKK
B01895RPV4,A3CMZCLZ85VGKK
B017PXIO4I,A3CMZCLZ85VGKK
B001UJUAY6,A3CMZCLZ85VGKK
B0DCSHQ7GB,A3CMZCLZ85VGKK
B0DCN8QKLJ,A3CMZCLZ85VGKK
B0D9MYMJGN,A3CMZCLZ85VGKK
B0D7LJX7PS,A3CMZCLZ85VGKK
B0BWY5MN7S,A3CMZCLZ85VGKK
B0BV3ZHNTD,A3CMZCLZ85VGKK
B0BPNWMN78,A3CMZCLZ85VGKK
B0BKQV3CR2,A3CMZCLZ85VGKK
B0BGH9J1XN,A3CMZCLZ85VGKK
B0BG538TJ5,A3CMZCLZ85VGKK
B0BDXVX4VK,A3CMZCLZ85VGKK
B0B6ZZ8SWM,A3CMZCLZ85VGKK
B0B5WYJ8LN,A3CMZCLZ85VGKK
B0B5LXCFCW,A3CMZCLZ85VGKK
B0B4DZ6DH9,A3CMZCLZ85VGKK
B0B2C5M5M1,A3CMZCLZ85VGKK
B09JXQRP3B,A3CMZCLZ85VGKK
B09FDNZ6JK,A3CMZCLZ85VGKK
B097Z8XG2T,A3CMZCLZ85VGKK
B0979GT93N,A3CMZCLZ85VGKK
B07M8WSGDJ,A3CMZCLZ85VGKK
B01HIRGRO0,A3CMZCLZ85VGKK
B00S9V1DN0,A3CMZCLZ85VGKK
B00KWGHLOK,A3CMZCLZ85VGKK
B00GUJGV3A,A3CMZCLZ85VGKK
B00EV2I1TA,A3CMZCLZ85VGKK
B008M7RAW4,A3CMZCLZ85VGKK
B005U134YS,A3CMZCLZ85VGKK
B000CSK1YK,A3CMZCLZ85VGKK
B0DCNZW1K1,A3CMZCLZ85VGKK
B0CZPVR4F6,A3CMZCLZ85VGKK
B07P1RTQ26,A3CMZCLZ85VGKK
B01JHQL2K4,A3CMZCLZ85VGKK
B00KZM2SN0,A3CMZCLZ85VGKK
B00C3LHAN4,A3CMZCLZ85VGKK
B0CZSPKJQ3,A3CMZCLZ85VGKK
B093Y15F8H,A3CMZCLZ85VGKK
B093BKSLCX,A3CMZCLZ85VGKK
B08TBNYHZF,A3CMZCLZ85VGKK
B08T5SQ1DD,A3CMZCLZ85VGKK
B08T1WG3MC,A3CMZCLZ85VGKK
B08KWKX7CS,A3CMZCLZ85VGKK
B08KGTCHYX,A3CMZCLZ85VGKK
B08K73RJ1V,A3CMZCLZ85VGKK
B08JPD5C2F,A3CMZCLZ85VGKK
B08JHF7LWC,A3CMZCLZ85VGKK
B08BGC8J89,A3CMZCLZ85VGKK
B0885SNSCW,A3CMZCLZ85VGKK
B083ZK7K73,A3CMZCLZ85VGKK
B082BZYFGC,A3CMZCLZ85VGKK
B07ZTP5XD7,A3CMZCLZ85VGKK
B07ZL449JM,A3CMZCLZ85VGKK
B0D7HMS2NX,A3CMZCLZ85VGKK
B0D228G5KQ,A3CMZCLZ85VGKK
B0CYR9HRY7,A3CMZCLZ85VGKK
B0CXPQBRZW,A3CMZCLZ85VGKK
B0CW9FNVGK,A3CMZCLZ85VGKK
B0CW3B71ZS,A3CMZCLZ85VGKK
B0CP5F4BCB,A3CMZCLZ85VGKK
B0CNGS4KQF,A3CMZCLZ85VGKK
B0CMDBWHTZ,A3CMZCLZ85VGKK
B0CKDKD1M9,A3CMZCLZ85VGKK
B0CJWY64QD,A3CMZCLZ85VGKK
B0CC69GFTV,A3CMZCLZ85VGKK
B0C5PW5C1K,A3CMZCLZ85VGKK
B0C1S4X865,A3CMZCLZ85VGKK
B0BYBC9R1T,A3CMZCLZ85VGKK
B0BX356919,A3CMZCLZ85VGKK
B07YKHL6TD,A3CMZCLZ85VGKK
B07TXMBGPL,A3CMZCLZ85VGKK
B07THHYNWC,A3CMZCLZ85VGKK
B07Q8CV3TF,A3CMZCLZ85VGKK
B07P7XF53S,A3CMZCLZ85VGKK
B07NZ2QCYN,A3CMZCLZ85VGKK
B07L2Z1KBQ,A3CMZCLZ85VGKK
B07HHT3BC3,A3CMZCLZ85VGKK
B07D3FK7XV,A3CMZCLZ85VGKK
B079YG3ZWM,A3CMZCLZ85VGKK
B077VYVYQR,A3CMZCLZ85VGKK
B077T8HV7Y,A3CMZCLZ85VGKK
B077BSSQ2K,A3CMZCLZ85VGKK
B01MFEETM6,A3CMZCLZ85VGKK
B01C7SQ9IY,A3CMZCLZ85VGKK
B0137C6IAI,A3CMZCLZ85VGKK
B07PFX1D91,A3CMZCLZ85VGKK
B08C5JT7GL,A3CMZCLZ85VGKK
B0886MVD6H,A3CMZCLZ85VGKK
B07J5SPCWS,A3CMZCLZ85VGKK
B07KPC9T4B,A3CMZCLZ85VGKK
B0BPLFBVHH,A3CMZCLZ85VGKK
B005VSBBKO,A3CMZCLZ85VGKK
B07HYDZ732,A3CMZCLZ85VGKK
B0053HP7NU,A3CMZCLZ85VGKK
B0BDDM14QV,A3CMZCLZ85VGKK
B07RW3QW2J,A3CMZCLZ85VGKK
B0776N73XG,A3CMZCLZ85VGKK
B08BKWYV93,A3CMZCLZ85VGKK
B01NC0AWW7,A3CMZCLZ85VGKK
B07MNM5V65,A3CMZCLZ85VGKK
B0000VLZXU,A3CMZCLZ85VGKK
B00LT2QIXQ,A3CMZCLZ85VGKK
B00KZM2SQC,A3CMZCLZ85VGKK
B00JJXFRAM,A3CMZCLZ85VGKK
B00GWZYK3K,A3CMZCLZ85VGKK
B00FZYQKF0,A3CMZCLZ85VGKK
B006WAVHAE,A3CMZCLZ85VGKK
B003AM8DFY,A3CMZCLZ85VGKK
B0001YXP20,A3CMZCLZ85VGKK
B07885X8LY,A3CMZCLZ85VGKK
B09T9M5JWZ,A3CMZCLZ85VGKK
B01F7MDT76,A3CMZCLZ85VGKK
B00FPE2X1K,A3CMZCLZ85VGKK
B07T5X34C5,A3CMZCLZ85VGKK
B00AWBAY2Q,A3CMZCLZ85VGKK
B0BPLYF61H,A3CMZCLZ85VGKK
B073Z6XMVM,A3CMZCLZ85VGKK
B0BVM2JJLJ,A3CMZCLZ85VGKK
B00HLH9DGC,A3CMZCLZ85VGKK
B01FO6TNRK,A3CMZCLZ85VGKK
B0CZ5BJ77X,A3CMZCLZ85VGKK
B07WC4C3FN,A3CMZCLZ85VGKK
B09M5GN3Z1,A3CMZCLZ85VGKK
B00FOEDYRS,A3CMZCLZ85VGKK
B09V1LXPP4,A3CMZCLZ85VGKK
B07C45XV6W,A3CMZCLZ85VGKK
B001CK29EM,A3CMZCLZ85VGKK
B0B6CMTJT8,A3CMZCLZ85VGKK
B01MZI8KFM,A3CMZCLZ85VGKK
B09GVG9CXF,A3CMZCLZ85VGKK
B08Y7XMF1W,A3CMZCLZ85VGKK
B088PH4YVP,A3CMZCLZ85VGKK
B0887XW3VP,A3CMZCLZ85VGKK
B085Y1FYXV,A3CMZCLZ85VGKK
B01F3NEWI4,A3CMZCLZ85VGKK
B003ZIDJO8,A3CMZCLZ85VGKK
B08RWBY8R6,A3CMZCLZ85VGKK
B07XBKLJZZ,A3CMZCLZ85VGKK
B00BMYTA7M,A3CMZCLZ85VGKK
B094X2LD5Y,A3CMZCLZ85VGKK
B08B399B6G,A3CMZCLZ85VGKK
B07XHNC62Y,A3CMZCLZ85VGKK
B07D182JY2,A3CMZCLZ85VGKK
B077T3TRP1,A3CMZCLZ85VGKK
B01N36UJV6,A3CMZCLZ85VGKK
B0119PODHU,A3CMZCLZ85VGKK
B000AEGBU4,A3CMZCLZ85VGKK
B0952Y3G3L,A3CMZCLZ85VGKK
B085F31HM1,A3CMZCLZ85VGKK
B07YGWX5CL,A3CMZCLZ85VGKK
B00LMDI8A8,A3CMZCLZ85VGKK
B00D7N48IW,A3CMZCLZ85VGKK
B000C6MM80,A3CMZCLZ85VGKK
B0D5CT44GM,A3CMZCLZ85VGKK
B0BWY2KY2N,A3CMZCLZ85VGKK
B0B4NQ13HV,A3CMZCLZ85VGKK
B09VYSWG4G,A3CMZCLZ85VGKK
B08XY9VT6F,A3CMZCLZ85VGKK
B08NJTMM6D,A3CMZCLZ85VGKK
B08FTH5JJ8,A3CMZCLZ85VGKK
B07B91FFC2,A3CMZCLZ85VGKK
B079G5PW5C,A3CMZCLZ85VGKK
B072DYH1PM,A3CMZCLZ85VGKK
B01N4FSXJ9,A3CMZCLZ85VGKK
B01INREADO,A3CMZCLZ85VGKK
B0067NN14G,A3CMZCLZ85VGKK
B004SND33G,A3CMZCLZ85VGKK
B002OB8I8E,A3CMZCLZ85VGKK
B001PMI4IC,A3CMZCLZ85VGKK
B000SHSCGY,A3CMZCLZ85VGKK
B0D2S4CG4V,A3CMZCLZ85VGKK
B0CSFL6C88,A3CMZCLZ85VGKK
B0CQB84D2J,A3CMZCLZ85VGKK
B0BGH849CT,A3CMZCLZ85VGKK
B0BCKJ9PTT,A3CMZCLZ85VGKK
B0BB2Q8WY3,A3CMZCLZ85VGKK
B0B8KPHC78,A3CMZCLZ85VGKK
B0B85CJTQH,A3CMZCLZ85VGKK
B0B49B1MQZ,A3CMZCLZ85VGKK
B0B1DSTHGX,A3CMZCLZ85VGKK
B09ZTLFXG5,A3CMZCLZ85VGKK
B09TTFYLRP,A3CMZCLZ85VGKK
B09KS3G95R,A3CMZCLZ85VGKK
B09JY1ZJ45,A3CMZCLZ85VGKK
B09JXZTLJC,A3CMZCLZ85VGKK
B09J1N3KLG,A3CMZCLZ85VGKK
B09HDX2MKM,A3CMZCLZ85VGKK
B09H6KBRLX,A3CMZCLZ85VGKK
B09H3FZTX7,A3CMZCLZ85VGKK
B0CLY87RWS,A3CMZCLZ85VGKK
B0CHW1Z786,A3CMZCLZ85VGKK
B0CHDMY7W7,A3CMZCLZ85VGKK
B0CCK8SVVC,A3CMZCLZ85VGKK
B0CBRZ8RK1,A3CMZCLZ85VGKK
B0C7VNT26J,A3CMZCLZ85VGKK
B0C552H33J,A3CMZCLZ85VGKK
B0C3CS35F4,A3CMZCLZ85VGKK
B0C2Y47GR9,A3CMZCLZ85VGKK
B0C23M5819,A3CMZCLZ85VGKK
B0BRKQ43WQ,A3CMZCLZ85VGKK
B0BRDZ3LC2,A3CMZCLZ85VGKK
B0BQNB98SJ,A3CMZCLZ85VGKK
B0BQ342HBY,A3CMZCLZ85VGKK
B0BQ2RB9VK,A3CMZCLZ85VGKK
B0BKQ8KQCK,A3CMZCLZ85VGKK
B07WZVG38H,A3CMZCLZ85VGKK
B07QDWHDMC,A3CMZCLZ85VGKK
B079Q7B772,A3CMZCLZ85VGKK
B075JYQP4Y,A3CMZCLZ85VGKK
B0719KMVW8,A3CMZCLZ85VGKK
B01G7H9KYG,A3CMZCLZ85VGKK
B01FDENCR0,A3CMZCLZ85VGKK
B01BHLJNBW,A3CMZCLZ85VGKK
B01AYQV7II,A3CMZCLZ85VGKK
B015JLZWHU,A3CMZCLZ85VGKK
B01407ZUDU,A3CMZCLZ85VGKK
B01407YYD2,A3CMZCLZ85VGKK
B013J4V37W,A3CMZCLZ85VGKK
B00X6EDQXU,A3CMZCLZ85VGKK
B00WUPXNFW,A3CMZCLZ85VGKK
B00REX3TTU,A3CMZCLZ85VGKK
B00EB1SZ56,A3CMZCLZ85VGKK
B0088LVAUW,A3CMZCLZ85VGKK
B002PK0K3A,A3CMZCLZ85VGKK
B002P7A8EO,A3CMZCLZ85VGKK
B000M2Y6K6,A3CMZCLZ85VGKK
B000KYV92E,A3CMZCLZ85VGKK
B06X9KLW1P,A3CMZCLZ85VGKK
B0002YOQ9A,A3CMZCLZ85VGKK
B095W8CYJ3,A3CMZCLZ85VGKK
B0CP6DLRHF,A3CMZCLZ85VGKK
B0CH5TTC6S,A3CMZCLZ85VGKK
B073VXCNMM,A3CMZCLZ85VGKK
B010MQKL5U,A3CMZCLZ85VGKK
B0032FMSWS,A3CMZCLZ85VGKK
B01N03CW3F,A3CMZCLZ85VGKK
B0874Q4G4H,A3CMZCLZ85VGKK
B0CS6PZNJ1,A3CMZCLZ85VGKK
B08HRSXWJC,A3CMZCLZ85VGKK
B07QLVSK6S,A3CMZCLZ85VGKK
B0CF2PFBQL,A3CMZCLZ85VGKK
B0BX8LNPKZ,A3CMZCLZ85VGKK
B079S9ZMCS,A3CMZCLZ85VGKK
B09FXR7Y7N,A3CMZCLZ85VGKK
B09F3DJXXR,A3CMZCLZ85VGKK
B0973CSH9D,A3CMZCLZ85VGKK
B08Z38D724,A3CMZCLZ85VGKK
B08Z1MQZ9X,A3CMZCLZ85VGKK
B08RHFCG9F,A3CMZCLZ85VGKK
B08MKXQF2N,A3CMZCLZ85VGKK
B08JGQ5XJQ,A3CMZCLZ85VGKK
B08FBVCF6D,A3CMZCLZ85VGKK
B08CNK42PK,A3CMZCLZ85VGKK
B08CNJZK5L,A3CMZCLZ85VGKK
B085SVK169,A3CMZCLZ85VGKK
B085MJN23K,A3CMZCLZ85VGKK
B083C59SWR,A3CMZCLZ85VGKK
B07XCZ7G7B,A3CMZCLZ85VGKK
B07X3Y1VSY,A3CMZCLZ85VGKK
B08T8TLVXJ,A3CMZCLZ85VGKK
B0924FF3XQ,A3CMZCLZ85VGKK
B0851HNN7X,A3CMZCLZ85VGKK
B07M74SH62,A3CMZCLZ85VGKK
B00FI6XI3C,A3CMZCLZ85VGKK
B0C31HQJSJ,A3CMZCLZ85VGKK
B012TRTX1S,A3CMZCLZ85VGKK
B0B14TSC31,A3CMZCLZ85VGKK
B07QD6TB3N,A3CMZCLZ85VGKK
B0914YWFGL,A3CMZCLZ85VGKK
B077Y8N7XD,A3CMZCLZ85VGKK
B000TYZFN4,A3CMZCLZ85VGKK
B000063Y87,A3CMZCLZ85VGKK
B07FV21ZK6,A3CMZCLZ85VGKK
B01HFGU8R6,A3CMZCLZ85VGKK
B00512E8VY,A3CMZCLZ85VGKK
B084TNZSXJ,A3CMZCLZ85VGKK
B07WW9SPC5,A3CMZCLZ85VGKK
B07RBRQLQ4,A3CMZCLZ85VGKK
B0773PSPBS,A3CMZCLZ85VGKK
B00OSKXH5I,A3CMZCLZ85VGKK
B0CTLPGLQR,A3CMZCLZ85VGKK
B0CMY1S5BR,A3CMZCLZ85VGKK
B0CLSY26H5,A3CMZCLZ85VGKK
B0BWMNMMTD,A3CMZCLZ85VGKK
B0BGRQD7Q1,A3CMZCLZ85VGKK
B099K3HSJT,A3CMZCLZ85VGKK
B091DN1T6B,A3CMZCLZ85VGKK
B08GTHGN49,A3CMZCLZ85VGKK
B07TC3VWPN,A3CMZCLZ85VGKK
B07KWJRJFG,A3CMZCLZ85VGKK
B078WDC5XN,A3CMZCLZ85VGKK
B077Y7RTCP,A3CMZCLZ85VGKK
B004AJYQR0,A3CMZCLZ85VGKK
B0009ENCV6,A3CMZCLZ85VGKK
B0074KHI6S,A3CMZCLZ85VGKK
B097S75B4Z,A3CMZCLZ85VGKK
B08NCCY2JF,A3CMZCLZ85VGKK
B07QV3WWZH,A3CMZCLZ85VGKK
B00JEECAEW,A3CMZCLZ85VGKK
B00CM5TNLS,A3CMZCLZ85VGKK
B074M775WX,A3CMZCLZ85VGKK
B09TTTKJM3,A3CMZCLZ85VGKK
B0B1TD4J7Q,A3CMZCLZ85VGKK
B078Q9MH16,A3CMZCLZ85VGKK
B000VXG7LW,A3CMZCLZ85VGKK
B07KTGX7PT,A3CMZCLZ85VGKK
B00UMXUTD8,A3CMZCLZ85VGKK
B0CH44GJJM,A3CMZCLZ85VGKK
B0987X8PNP,A3CMZCLZ85VGKK
B07PB7NDD3,A3CMZCLZ85VGKK
B07LGTGGG6,A3CMZCLZ85VGKK
B00CP4SVJ6,A3CMZCLZ85VGKK
B094GGQVMX,A3CMZCLZ85VGKK
B07KLWM4C9,A3CMZCLZ85VGKK
B00L00HDD6,A3CMZCLZ85VGKK
B08TWMR1QD,A3CMZCLZ85VGKK
B08HNH7HPQ,A3CMZCLZ85VGKK
B0088LV9HG,A3CMZCLZ85VGKK
B0CC8J1S72,A3CMZCLZ85VGKK
B01D4681G6,A3CMZCLZ85VGKK
B01B49677U,A3CMZCLZ85VGKK
B018A3DYBA,A3CMZCLZ85VGKK
B008MB17GA,A3CMZCLZ85VGKK
B00KZM2GU0,A3CMZCLZ85VGKK
B008YD9SR6,A3CMZCLZ85VGKK
B005X76YCS,A3CMZCLZ85VGKK
B000I197Y6,A3CMZCLZ85VGKK
B0D98P2Z55,A3CMZCLZ85VGKK
B0CLLVBPY9,A3CMZCLZ85VGKK
B0CHF7C14S,A3CMZCLZ85VGKK
B0CFYVKGCD,A3CMZCLZ85VGKK
B0CBL2X4K7,A3CMZCLZ85VGKK
B0BX4SBXYN,A3CMZCLZ85VGKK
B0BQJLMHMN,A3CMZCLZ85VGKK
B0BLSX2D27,A3CMZCLZ85VGKK
B0BCKNWCSV,A3CMZCLZ85VGKK
B0B8553J7T,A3CMZCLZ85VGKK
B09TTWTBMG,A3CMZCLZ85VGKK
B09PGQHLMH,A3CMZCLZ85VGKK
B00I2HY59K,A3CMZCLZ85VGKK
B0CGZZXFT5,A3CMZCLZ85VGKK
B0C6YKSDPM,A3CMZCLZ85VGKK
B0BB5HY7NH,A3CMZCLZ85VGKK
B0BXMJSV56,A3CMZCLZ85VGKK
B000C14P1C,A3CMZCLZ85VGKK
B07KTZDC64,A3CMZCLZ85VGKK
B0BM2Y2X7J,A3CMZCLZ85VGKK
B091GPJWM7,A3CMZCLZ85VGKK
B085Z4DZNC,A3CMZCLZ85VGKK
B07JLCHQ88,A3CMZCLZ85VGKK
B08YCWTBL7,A3CMZCLZ85VGKK
B00G242HC2,A3CMZCLZ85VGKK
B0088LVLQ0,A3CMZCLZ85VGKK
B0037BIPJC,A3CMZCLZ85VGKK
B09CN1KZS2,A3CMZCLZ85VGKK
B09NR2CV86,A3CMZCLZ85VGKK
B09FJYTSBK,A3CMZCLZ85VGKK
B09DBR68DJ,A3CMZCLZ85VGKK
B087YT9K4Y,A3CMZCLZ85VGKK
B084BP64KN,A3CMZCLZ85VGKK
B07VRKG68P,A3CMZCLZ85VGKK
B07VF7GHPM,A3CMZCLZ85VGKK
B074VFQBPL,A3CMZCLZ85VGKK
B01IABIUW0,A3CMZCLZ85VGKK
B01HG8FKIK,A3CMZCLZ85VGKK
B00PSUMYEC,A3CMZCLZ85VGKK
B00JXLHT56,A3CMZCLZ85VGKK
B00J09CFSC,A3CMZCLZ85VGKK
B003ZHUCMQ,A3CMZCLZ85VGKK
B0DMPH77Z2,A3CMZCLZ85VGKK
B0DF7WS17P,A3CMZCLZ85VGKK
B07FNGM1T6,A3CMZCLZ85VGKK
B07DX74FD2,A3CMZCLZ85VGKK
B078T3LGVJ,A3CMZCLZ85VGKK
B078KF1J5Z,A3CMZCLZ85VGKK
B01JKHQCD2,A3CMZCLZ85VGKK
B01B4BGB06,A3CMZCLZ85VGKK
B018XXIA20,A3CMZCLZ85VGKK
B00O82WCV6,A3CMZCLZ85VGKK
B00MK0CSBW,A3CMZCLZ85VGKK
B004OZUU5C,A3CMZCLZ85VGKK
B0035MYGNW,A3CMZCLZ85VGKK
B002OKCWXM,A3CMZCLZ85VGKK
B00181D8N6,A3CMZCLZ85VGKK
B000AYHJQE,A3CMZCLZ85VGKK
B00061F35K,A3CMZCLZ85VGKK
B0BS223F6T,A3CMZCLZ85VGKK
B0BN5GJYBV,A3CMZCLZ85VGKK
B0BK6TF63Q,A3CMZCLZ85VGKK
B0B8F728TQ,A3CMZCLZ85VGKK
B0B7PYYFWS,A3CMZCLZ85VGKK
B0B6D5K6TX,A3CMZCLZ85VGKK
B0B6CMLSKB,A3CMZCLZ85VGKK
B0B5TQ6WSB,A3CMZCLZ85VGKK
B0B52F3H4N,A3CMZCLZ85VGKK
B0B1T691ZF,A3CMZCLZ85VGKK
B09W9SPXQM,A3CMZCLZ85VGKK
B09TNK5H6H,A3CMZCLZ85VGKK
B09N9TKC1W,A3CMZCLZ85VGKK
B09MG33FYF,A3CMZCLZ85VGKK
B09G34XF8L,A3CMZCLZ85VGKK
B09D8Z3YFJ,A3CMZCLZ85VGKK
B0CZDNC95B,A3CMZCLZ85VGKK
B0CSLKHKXN,A3CMZCLZ85VGKK
B0CSFKC2L4,A3CMZCLZ85VGKK
B0CP5GP82M,A3CMZCLZ85VGKK
B0CMSNHHFJ,A3CMZCLZ85VGKK
B0CL3TZ129,A3CMZCLZ85VGKK
B0CKDJVLQV,A3CMZCLZ85VGKK
B0CGCN33NG,A3CMZCLZ85VGKK
B0CCFB6NCM,A3CMZCLZ85VGKK
B0CBJQT4D6,A3CMZCLZ85VGKK
B0C9DTVCD2,A3CMZCLZ85VGKK
B0C1YJ9NTQ,A3CMZCLZ85VGKK
B0C1J56SYN,A3CMZCLZ85VGKK
B0C1C5JQT2,A3CMZCLZ85VGKK
B0BX4FQNQ5,A3CMZCLZ85VGKK
B09CY4DY6Y,A3CMZCLZ85VGKK
B09CPPHSVV,A3CMZCLZ85VGKK
B09BHPL57X,A3CMZCLZ85VGKK
B099W4QL3J,A3CMZCLZ85VGKK
B09413LTBP,A3CMZCLZ85VGKK
B08Z7DDSPK,A3CMZCLZ85VGKK
B08Y5V482C,A3CMZCLZ85VGKK
B08XX1G9N4,A3CMZCLZ85VGKK
B08PCYS3GD,A3CMZCLZ85VGKK
B088Y9DC4N,A3CMZCLZ85VGKK
B087Y7NKRX,A3CMZCLZ85VGKK
B0859NCW58,A3CMZCLZ85VGKK
B07R6M2GLQ,A3CMZCLZ85VGKK
B07PRXDH27,A3CMZCLZ85VGKK
B07NS53G6D,A3CMZCLZ85VGKK
B07MLFK77M,A3CMZCLZ85VGKK
B07Y1J9Q2F,A3CMZCLZ85VGKK
B07XC8WJYH,A3CMZCLZ85VGKK
B09NF3PJW4,A3CMZCLZ85VGKK
B004FLAG22,A3CMZCLZ85VGKK
B07Q5GD6TS,A3CMZCLZ85VGKK
B09YWKH3HX,A3CMZCLZ85VGKK
B079RQRWY1,A3CMZCLZ85VGKK
B079F515HK,A3CMZCLZ85VGKK
B0C1DQVMCN,A3CMZCLZ85VGKK
B002HORIN4,A3CMZCLZ85VGKK
B0C61QCVTF,A3CMZCLZ85VGKK
B079531MN8,A3CMZCLZ85VGKK
B074F7PB56,A3CMZCLZ85VGKK
B0B1F3HC2F,A3CMZCLZ85VGKK
B07MZVM3BV,A3CMZCLZ85VGKK
B078KM2JCS,A3CMZCLZ85VGKK
B075SHLPRN,A3CMZCLZ85VGKK
B0053YPXAA,A3CMZCLZ85VGKK
B0BHSQXM9W,A3CMZCLZ85VGKK
B01J1GR3SK,A3CMZCLZ85VGKK
B014XB22C0,A3CMZCLZ85VGKK
B00004Z613,A3CMZCLZ85VGKK
B003M6APZE,A3CMZCLZ85VGKK
B09VT9DTVQ,A3CMZCLZ85VGKK
B0B82HM1RG,A3CMZCLZ85VGKK
B07T9WPN8J,A3CMZCLZ85VGKK
B07QM5B9F1,A3CMZCLZ85VGKK
B07GX7WL6Y,A3CMZCLZ85VGKK
B000BPUBJE,A3CMZCLZ85VGKK
B0BKSR9KK2,A3CMZCLZ85VGKK
B07MDHNWGK,A3CMZCLZ85VGKK
B00TCOGAUY,A3CMZCLZ85VGKK
B00KQ9S8LS,A3CMZCLZ85VGKK
B0C98R97FT,A3CMZCLZ85VGKK
B0BZRCRM8H,A3CMZCLZ85VGKK
B0BYBL1NY5,A3CMZCLZ85VGKK
B0B4CR767B,A3CMZCLZ85VGKK
B0B3MQQK5Q,A3CMZCLZ85VGKK
B09WM9SV7N,A3CMZCLZ85VGKK
B09L2G8CFY,A3CMZCLZ85VGKK
B082864JK6,A3CMZCLZ85VGKK
B07QZ3FZ9K,A3CMZCLZ85VGKK
B07PMF2W7Y,A3CMZCLZ85VGKK
B07JH3KJVX,A3CMZCLZ85VGKK
B07J5QGQ1T,A3CMZCLZ85VGKK
B07FGGC35V,A3CMZCLZ85VGKK
B079T756L9,A3CMZCLZ85VGKK
B074HNXS4K,A3CMZCLZ85VGKK
B0BF94HHK8,A3CMZCLZ85VGKK
B09ZTY4CRH,A3CMZCLZ85VGKK
B07QFZV19P,A3CMZCLZ85VGKK
B006PTIVTW,A3CMZCLZ85VGKK
B09SPQR33F,A3CMZCLZ85VGKK
B09JDV42GS,A3CMZCLZ85VGKK
B08H44B968,A3CMZCLZ85VGKK
B07HZ57JX9,A3CMZCLZ85VGKK
B0773S1Z9Q,A3CMZCLZ85VGKK
B071VMWSKT,A3CMZCLZ85VGKK
B00BI2ZJVY,A3CMZCLZ85VGKK
B0BHWZBFSW,A3CMZCLZ85VGKK
B09LZZQSBM,A3CMZCLZ85VGKK
B0916SG7S3,A3CMZCLZ85VGKK
B07XWF9GSS,A3CMZCLZ85VGKK
B07X35STV6,A3CMZCLZ85VGKK
B0138MFM3G,A3CMZCLZ85VGKK
B00F876X38,A3CMZCLZ85VGKK
B00DIDRMX4,A3CMZCLZ85VGKK
B0DG9ZRG6C,A3CMZCLZ85VGKK
B0CQ6QPPSK,A3CMZCLZ85VGKK
B0CP91XMCW,A3CMZCLZ85VGKK
B0CMRQTQHF,A3CMZCLZ85VGKK
B0CMH3Z1M1,A3CMZCLZ85VGKK
B0CHS62Z3C,A3CMZCLZ85VGKK
B0CG2BQVBP,A3CMZCLZ85VGKK
B0C95DQF6D,A3CMZCLZ85VGKK
B0BVQ4JHLG,A3CMZCLZ85VGKK
B0BR9H8TGD,A3CMZCLZ85VGKK
B0BHR7PQK9,A3CMZCLZ85VGKK
B0BFK16DRJ,A3CMZCLZ85VGKK
B0B95M1B1S,A3CMZCLZ85VGKK
B086QLFG8B,A3CMZCLZ85VGKK
B0BN4NJHMH,A3CMZCLZ85VGKK
B0CN9MRBTW,A3CMZCLZ85VGKK
B07RV6THTG,A3CMZCLZ85VGKK
B01EFCMLN2,A3CMZCLZ85VGKK
B09PQQ15X3,A3CMZCLZ85VGKK
B01MG6NC6W,A3CMZCLZ85VGKK
B09YM83B68,A3CMZCLZ85VGKK
B0D5J4JRQB,A3CMZCLZ85VGKK
B01N4G1I5G,A3CMZCLZ85VGKK
B08YQTSC7G,A3CMZCLZ85VGKK
B07XL9WLX2,A3CMZCLZ85VGKK
B07MS18L9M,A3CMZCLZ85VGKK
B074JMSM96,A3CMZCLZ85VGKK
B005G9D9RG,A3CMZCLZ85VGKK
B0BKLLD2TT,A3CMZCLZ85VGKK
B0B3Q9451V,A3CMZCLZ85VGKK
B09W98TKJX,A3CMZCLZ85VGKK
B09VLBS76M,A3CMZCLZ85VGKK
B09RKFFQL4,A3CMZCLZ85VGKK
B09KX6DCGQ,A3CMZCLZ85VGKK
B09KTCR2Y4,A3CMZCLZ85VGKK
B099N5Y9K9,A3CMZCLZ85VGKK
B0919DHPQD,A3CMZCLZ85VGKK
B08YZ94B2K,A3CMZCLZ85VGKK
B08Y989V46,A3CMZCLZ85VGKK
B08SQ37V6P,A3CMZCLZ85VGKK
B08K1DSZP8,A3CMZCLZ85VGKK
B08FX99WRQ,A3CMZCLZ85VGKK
B086HZT51V,A3CMZCLZ85VGKK
B08572Y4NR,A3CMZCLZ85VGKK
B084ZQYDLR,A3CMZCLZ85VGKK
B084NHH2VD,A3CMZCLZ85VGKK
B081NB94Q2,A3CMZCLZ85VGKK
B07Z3YKXHR,A3CMZCLZ85VGKK
B07Y4V36LR,A3CMZCLZ85VGKK
B07WK1VJSM,A3CMZCLZ85VGKK
B07QRWJRY6,A3CMZCLZ85VGKK
B07NXYJ95H,A3CMZCLZ85VGKK
B07NV1DZTZ,A3CMZCLZ85VGKK
B07M7S6BJ8,A3CMZCLZ85VGKK
B07HRL4ZLN,A3CMZCLZ85VGKK
B07GB3DLK1,A3CMZCLZ85VGKK
B07FDGZP5B,A3CMZCLZ85VGKK
B07F3NMJFR,A3CMZCLZ85VGKK
B07CBW3QM5,A3CMZCLZ85VGKK
B079YG3YW4,A3CMZCLZ85VGKK
B079M2R7GJ,A3CMZCLZ85VGKK
B000BMFWYQ,A3CMZCLZ85VGKK
B00015HLJW,A3CMZCLZ85VGKK
B00495ZF3O,A3CMZCLZ85VGKK
B0798C1LQG,A3CMZCLZ85VGKK
B0CYTL611N,A3CMZCLZ85VGKK
B079MGJNXH,A3CMZCLZ85VGKK
B0843PHG2K,A3CMZCLZ85VGKK
B0C9VMFQXR,A3CMZCLZ85VGKK
B0CGSLNPNY,A3CMZCLZ85VGKK
B09CF3167H,A3CMZCLZ85VGKK
B000063Y8E,A3CMZCLZ85VGKK
B09W7KYCZY,A3CMZCLZ85VGKK
B0BNVR996B,A3CMZCLZ85VGKK
B08PBK9L96,A3CMZCLZ85VGKK
B084ZXCJ7X,A3CMZCLZ85VGKK
B09ML6CQ2C,A3CMZCLZ85VGKK
B07GSV4JZW,A3CMZCLZ85VGKK
B00JBB0W20,A3CMZCLZ85VGKK
B0799FB71X,A3CMZCLZ85VGKK
B076V2DF7Y,A3CMZCLZ85VGKK
B074JLDS4X,A3CMZCLZ85VGKK
B0749GPW7L,A3CMZCLZ85VGKK
B01N4H842X,A3CMZCLZ85VGKK
B01N0NSW4Z,A3CMZCLZ85VGKK
B01MXFT5P9,A3CMZCLZ85VGKK
B01MA3OOTM,A3CMZCLZ85VGKK
B01DL96XFC,A3CMZCLZ85VGKK
B014G0GB66,A3CMZCLZ85VGKK
B00PMB0HQY,A3CMZCLZ85VGKK
B00OMCS15I,A3CMZCLZ85VGKK
B00OMC7744,A3CMZCLZ85VGKK
B00KM8VJ46,A3CMZCLZ85VGKK
B008FM7JUE,A3CMZCLZ85VGKK
B0044SCRBO,A3CMZCLZ85VGKK
B0DQ2FVVSS,A3CMZCLZ85VGKK
B08SJWPKG5,A3CMZCLZ85VGKK
B08CBKB98Q,A3CMZCLZ85VGKK
B071YZP8V6,A3CMZCLZ85VGKK
B0BQRZSRTQ,A3CMZCLZ85VGKK
B0CSPKVRBK,A3CMZCLZ85VGKK
B0BVXXH251,A3CMZCLZ85VGKK
B07G2CCKD7,A3CMZCLZ85VGKK
B0BMWG8RSB,A3CMZCLZ85VGKK
B01N8XA24T,A3CMZCLZ85VGKK
B072BD52SV,A3CMZCLZ85VGKK
B088PMTJCW,A3CMZCLZ85VGKK
B00004Z69Y,A3CMZCLZ85VGKK
B08XLVWWXS,A3CMZCLZ85VGKK
B08MW36NP9,A3CMZCLZ85VGKK
B0BR66383Y,A3CMZCLZ85VGKK
B00BK7MHOE,A3CMZCLZ85VGKK
B097P5BRK2,A3CMZCLZ85VGKK
B019W8CN3W,A3CMZCLZ85VGKK
B01H2C6XQ8,A3CMZCLZ85VGKK
B0BXGZMB2G,A3CMZCLZ85VGKK
B09H3G77LP,A3CMZCLZ85VGKK
B086P39YZ3,A3CMZCLZ85VGKK
B09WY49ZR9,A3CMZCLZ85VGKK
B0CQLXDPF6,A3CMZCLZ85VGKK
B0BZT8M187,A3CMZCLZ85VGKK
B07HRLX71P,A3CMZCLZ85VGKK
B0D2YBBSV9,A3CMZCLZ85VGKK
B00BQI2W3I,A3CMZCLZ85VGKK
B01MYFRYBK,A3CMZCLZ85VGKK
B0CCZYFGQB,A3CMZCLZ85VGKK
B09W45JJZM,A3CMZCLZ85VGKK
B0C4CC33RG,A3CMZCLZ85VGKK
B08KBD15CJ,A3CMZCLZ85VGKK
B07GBM9Q1B,A3CMZCLZ85VGKK
B0BL43JDNJ,A3CMZCLZ85VGKK
B086FQF1KB,A3CMZCLZ85VGKK
B09T5G1RGT,A3CMZCLZ85VGKK
B09RNH7CPL,A3CMZCLZ85VGKK
B0955CYMD3,A3CMZCLZ85VGKK
B00FY0KEC0,A3CMZCLZ85VGKK
B0D12KG6HR,A3CMZCLZ85VGKK
B085RT3G7G,A3CMZCLZ85VGKK
B078XQKPZJ,A3CMZCLZ85VGKK
B00OV8O2DI,A3CMZCLZ85VGKK
B0CD1DLBXG,A3CMZCLZ85VGKK
B09WCT9DNF,A3CMZCLZ85VGKK
B0CNSM3QY9,A3CMZCLZ85VGKK
B0CMXYKTVC,A3CMZCLZ85VGKK
B0CLLSK6X4,A3CMZCLZ85VGKK
B0CJ5VYGTT,A3CMZCLZ85VGKK
B0C2VBRNS7,A3CMZCLZ85VGKK
B0BRQY1YRT,A3CMZCLZ85VGKK
B0BMW17YG9,A3CMZCLZ85VGKK
B0BF3MF7QG,A3CMZCLZ85VGKK
B09NLYHS7D,A3CMZCLZ85VGKK
B09MQLQSBK,A3CMZCLZ85VGKK
B097Z1TYG6,A3CMZCLZ85VGKK
B093RBGVLF,A3CMZCLZ85VGKK
B08XYBPX99,A3CMZCLZ85VGKK
B08M935JPZ,A3CMZCLZ85VGKK
B081LR9HFP,A3CMZCLZ85VGKK
B07TPLKRY4,A3CMZCLZ85VGKK
B08X1JKS8P,A3CMZCLZ85VGKK
B08GFS4CYQ,A3CMZCLZ85VGKK
B087F3BZXD,A3CMZCLZ85VGKK
B085KTGW6C,A3CMZCLZ85VGKK
B0856PWM5L,A3CMZCLZ85VGKK
B07TY2LF9W,A3CMZCLZ85VGKK
B07PB73CW9,A3CMZCLZ85VGKK
B07GC8J6PK,A3CMZCLZ85VGKK
B00HLBPJQ6,A3CMZCLZ85VGKK
B004YY6B4C,A3CMZCLZ85VGKK
B001TL9SR0,A3CMZCLZ85VGKK
B000ZYZPHO,A3CMZCLZ85VGKK
B0D6SKPN19,A3CMZCLZ85VGKK
B0D41ZJW8P,A3CMZCLZ85VGKK
B0CV84CS76,A3CMZCLZ85VGKK
B0CQWHPL4S,A3CMZCLZ85VGKK
B079YG11TV,A3CMZCLZ85VGKK
B079HT4HJY,A3CMZCLZ85VGKK
B01N48LSFT,A3CMZCLZ85VGKK
B017NEFOZG,A3CMZCLZ85VGKK
B00OGSRB9A,A3CMZCLZ85VGKK
B0045JO3VE,A3CMZCLZ85VGKK
B0D9ZS8L2K,A3CMZCLZ85VGKK
B0D8NNX74W,A3CMZCLZ85VGKK
B0CYZTHW2K,A3CMZCLZ85VGKK
B0CW3GR19H,A3CMZCLZ85VGKK
B0CV8WGMNX,A3CMZCLZ85VGKK
B0CR3V5M38,A3CMZCLZ85VGKK
B0CQPH11B9,A3CMZCLZ85VGKK
B0CKX88QDP,A3CMZCLZ85VGKK
B0CK5985HR,A3CMZCLZ85VGKK
B0CH3CYC1N,A3CMZCLZ85VGKK
B09QQLQMH6,A3CMZCLZ85VGKK
B09LXN183F,A3CMZCLZ85VGKK
B09LTM31SB,A3CMZCLZ85VGKK
B09KRRRWHQ,A3CMZCLZ85VGKK
B09BMZGP46,A3CMZCLZ85VGKK
B099MYBCGL,A3CMZCLZ85VGKK
B097TJLPSR,A3CMZCLZ85VGKK
B0978XMTWF,A3CMZCLZ85VGKK
B093RGL6H3,A3CMZCLZ85VGKK
B08THGXSY3,A3CMZCLZ85VGKK
B08JPLFD4D,A3CMZCLZ85VGKK
B08H898XX4,A3CMZCLZ85VGKK
B087BNLP3Y,A3CMZCLZ85VGKK
B08163CCRN,A3CMZCLZ85VGKK
B07YV3H8QS,A3CMZCLZ85VGKK
B07RJDMT4H,A3CMZCLZ85VGKK
B094964ZTL,A3CMZCLZ85VGKK
B08XYBQ2Q8,A3CMZCLZ85VGKK
B08Q2WN6XN,A3CMZCLZ85VGKK
B00DSLCMZY,A3CMZCLZ85VGKK
B001HN5GXU,A3CMZCLZ85VGKK
B0D5GSMVNF,A3CMZCLZ85VGKK
B0CHZ49LMC,A3CMZCLZ85VGKK
B0CF1QH3NF,A3CMZCLZ85VGKK
B0B94WDNZC,A3CMZCLZ85VGKK
B0B7C7RK78,A3CMZCLZ85VGKK
B09MJMBTCZ,A3CMZCLZ85VGKK
B08C7K61LM,A3CMZCLZ85VGKK
B016CIGIT0,A3CMZCLZ85VGKK
B00R11NMH4,A3CMZCLZ85VGKK
B000WR54ZM,A3CMZCLZ85VGKK
B0C3JLN6XM,A3CMZCLZ85VGKK
B07L4Q3NVY,A3CMZCLZ85VGKK
B07HBMK6VM,A3CMZCLZ85VGKK
B07GVP6ZW5,A3CMZCLZ85VGKK
B07G2PYX27,A3CMZCLZ85VGKK
B078C81DZZ,A3CMZCLZ85VGKK
B06Y3LXR6M,A3CMZCLZ85VGKK
B01ITLRC66,A3CMZCLZ85VGKK
B015NBSRQ4,A3CMZCLZ85VGKK
B013RDC4F0,A3CMZCLZ85VGKK
B00SG79HNU,A3CMZCLZ85VGKK
B00F9MKBYY,A3CMZCLZ85VGKK
B00CQKDYEQ,A3CMZCLZ85VGKK
B00C7S2BIC,A3CMZCLZ85VGKK
B00BSBUZOQ,A3CMZCLZ85VGKK
B0073SHR3K,A3CMZCLZ85VGKK
B005YUCLNU,A3CMZCLZ85VGKK
B0CCYFRGDH,A3CMZCLZ85VGKK
B0CBJDZF4F,A3CMZCLZ85VGKK
B0C851VCTW,A3CMZCLZ85VGKK
B0C7GJ41G4,A3CMZCLZ85VGKK
B0C4DD6LR7,A3CMZCLZ85VGKK
B0C2FCZKCB,A3CMZCLZ85VGKK
B0BYMJQFV4,A3CMZCLZ85VGKK
B0BXFDPQBJ,A3CMZCLZ85VGKK
B0BP2F9TQ6,A3CMZCLZ85VGKK
B0BKFXZ7DD,A3CMZCLZ85VGKK
B0BG6BKC8N,A3CMZCLZ85VGKK
B0B5JMX8PS,A3CMZCLZ85VGKK
B0B1ZM449C,A3CMZCLZ85VGKK
B09Y8L62YV,A3CMZCLZ85VGKK
B09XX93TF4,A3CMZCLZ85VGKK
B09X9Z9R6T,A3CMZCLZ85VGKK
B08HYKV43P,A3CMZCLZ85VGKK
B07SGBWJM1,A3CMZCLZ85VGKK
B0CX8NX2H6,A3CMZCLZ85VGKK
B0130EBW1S,A3CMZCLZ85VGKK
B07993JDD9,A3CMZCLZ85VGKK
B0D3BVLSRC,A3CMZCLZ85VGKK
B01L456ZCG,A3CMZCLZ85VGKK
B0D2S3SF6V,A3CMZCLZ85VGKK
B08GWWP3CZ,A3CMZCLZ85VGKK
B0C5CW5FD7,A3CMZCLZ85VGKK
B078WC96MQ,A3CMZCLZ85VGKK
B07S7TDHNR,A3CMZCLZ85VGKK
B00MYXCVTO,A3CMZCLZ85VGKK
B003SRU9M6,A3CMZCLZ85VGKK
B0C4YL2QQF,A3CMZCLZ85VGKK
B00AXT5FUI,A3CMZCLZ85VGKK
B004FFTHC8,A3CMZCLZ85VGKK
B003SBNQHM,A3CMZCLZ85VGKK
B001DZNDKK,A3CMZCLZ85VGKK
B000GZ9N84,A3CMZCLZ85VGKK
B00XLHYUM8,A3CMZCLZ85VGKK
B013UNUOEU,A3CMZCLZ85VGKK
B0CV8LMPP1,A3CMZCLZ85VGKK
B086QCN2P9,A3CMZCLZ85VGKK
B06XPPHLRJ,A3CMZCLZ85VGKK
B09ZQHJ4HT,A3CMZCLZ85VGKK
B0CL1DSZ8J,A3CMZCLZ85VGKK
B08P3TRZS5,A3CMZCLZ85VGKK
B0844GBWNH,A3CMZCLZ85VGKK
B0928MTSVD,A3CMZCLZ85VGKK
B092LYJC5L,A3CMZCLZ85VGKK
B07FK62NNV,A3CMZCLZ85VGKK
B09R5TGLFR,A3CMZCLZ85VGKK
B0012RW5O4,A3CMZCLZ85VGKK
B083GM32SD,A3CMZCLZ85VGKK
B008QTUG42,A3CMZCLZ85VGKK
B0BB1PN18M,A3CMZCLZ85VGKK
B0B978WWWX,A3CMZCLZ85VGKK
B08S7S6DWC,A3CMZCLZ85VGKK
B01H2BTZUU,A3CMZCLZ85VGKK
B09PG36D48,A3CMZCLZ85VGKK
B083FPWXVR,A3CMZCLZ85VGKK
B07WPC93B5,A3CMZCLZ85VGKK
B00140Y4JS,A3CMZCLZ85VGKK
B0B9T8568R,A3CMZCLZ85VGKK
B07MXYT71N,A3CMZCLZ85VGKK
B09H7R1K2T,A3CMZCLZ85VGKK
B08N5K7XTY,A3CMZCLZ85VGKK
B09Y9KTM4P,A3CMZCLZ85VGKK
B08QH4QW7P,A3CMZCLZ85VGKK
B07B2SGF98,A3CMZCLZ85VGKK
B0DJV6BCLF,A3CMZCLZ85VGKK
B0CJJN7Q41,A3CMZCLZ85VGKK
B0BWMVS344,A3CMZCLZ85VGKK
B085PTGLR7,A3CMZCLZ85VGKK
B07D2JN939,A3CMZCLZ85VGKK
B019KDT6ZW,A3CMZCLZ85VGKK
B00N6DF8SW,A3CMZCLZ85VGKK
B001AMUL24,A3CMZCLZ85VGKK
B0000C687G,A3CMZCLZ85VGKK
B07W45SQC6,A3CMZCLZ85VGKK
B07FK579CF,A3CMZCLZ85VGKK
B001EVLCAQ,A3CMZCLZ85VGKK
B0D47HNL7K,A3CMZCLZ85VGKK
B0CL5D1B81,A3CMZCLZ85VGKK
B09TXBMPVJ,A3CMZCLZ85VGKK
B09S37GC5D,A3CMZCLZ85VGKK
B093GSJSYH,A3CMZCLZ85VGKK
B07X1TTTDR,A3CMZCLZ85VGKK
B07TLZDSQ9,A3CMZCLZ85VGKK
B07HCK5GY5,A3CMZCLZ85VGKK
B00NZGRIJM,A3CMZCLZ85VGKK
B001103CR6,A3CMZCLZ85VGKK
B000N53WXO,A3CMZCLZ85VGKK
B0CXJ9ZGK8,A3CMZCLZ85VGKK
B0CKVV2KB9,A3CMZCLZ85VGKK
B0CG79FPBZ,A3CMZCLZ85VGKK
B0C4X82KSF,A3CMZCLZ85VGKK
B0BYMJP6YK,A3CMZCLZ85VGKK
B0BWDLC5JX,A3CMZCLZ85VGKK
B0BHT8NYTF,A3CMZCLZ85VGKK
B09S3B21VD,A3CMZCLZ85VGKK
B097JVMYCX,A3CMZCLZ85VGKK
B0BJ6XKR41,A3CMZCLZ85VGKK
B08HB4YG87,A3CMZCLZ85VGKK
B0BVFS48MW,A3CMZCLZ85VGKK
B0CSPNMS6P,A3CMZCLZ85VGKK
B0BVFXP79H,A3CMZCLZ85VGKK
B09NF2X9YT,A3CMZCLZ85VGKK
B07W5DGF2Q,A3CMZCLZ85VGKK
B00162RQAS,A3CMZCLZ85VGKK
B00IZCW6XO,A3CMZCLZ85VGKK
B079NXXVG2,A3CMZCLZ85VGKK
B0056H4FPI,A3CMZCLZ85VGKK
B07DNSTC9C,A3CMZCLZ85VGKK
B000HRX0SA,A3CMZCLZ85VGKK
B0BX7CCBY8,A3CMZCLZ85VGKK
B09X733VMZ,A3CMZCLZ85VGKK
B07P88RW79,A3CMZCLZ85VGKK
B0C89CDXRQ,A3CMZCLZ85VGKK
B0BZ3T58C5,A3CMZCLZ85VGKK
B0BWMVYDTJ,A3CMZCLZ85VGKK
B0BRMN54QZ,A3CMZCLZ85VGKK
B0BKTKWRVP,A3CMZCLZ85VGKK
B0BK8NLTNW,A3CMZCLZ85VGKK
B0BGL5DC1G,A3CMZCLZ85VGKK
B0BFPPTVVF,A3CMZCLZ85VGKK
B0BFDGCZJG,A3CMZCLZ85VGKK
B0BF15FWFL,A3CMZCLZ85VGKK
B0B7RT7VW7,A3CMZCLZ85VGKK
B0B7JCBBJS,A3CMZCLZ85VGKK
B0B4PTSGFW,A3CMZCLZ85VGKK
B0B31VLPJ4,A3CMZCLZ85VGKK
B0B1Q26M3P,A3CMZCLZ85VGKK
B09ZWQ3H59,A3CMZCLZ85VGKK
B0D1C99TXW,A3CMZCLZ85VGKK
B0CYGGWKYY,A3CMZCLZ85VGKK
B0CY5BH7M1,A3CMZCLZ85VGKK
B0CX6C1HZM,A3CMZCLZ85VGKK
B0CTQ3Y5WF,A3CMZCLZ85VGKK
B0CTKWKPQG,A3CMZCLZ85VGKK
B0CRF1ZWPQ,A3CMZCLZ85VGKK
B0CPPHPDCP,A3CMZCLZ85VGKK
B0CNGPKCNF,A3CMZCLZ85VGKK
B0CKX43KVN,A3CMZCLZ85VGKK
B0CGNMF9YL,A3CMZCLZ85VGKK
B0CF7G23HT,A3CMZCLZ85VGKK
B0CF63R9P4,A3CMZCLZ85VGKK
B0CBV94Z64,A3CMZCLZ85VGKK
B0C9T9HMX1,A3CMZCLZ85VGKK
B0C999WSFP,A3CMZCLZ85VGKK
B0928XFYBS,A3CMZCLZ85VGKK
B087NGDCY3,A3CMZCLZ85VGKK
B0832KW6R4,A3CMZCLZ85VGKK
B07J5511DT,A3CMZCLZ85VGKK
B07FMPGXY9,A3CMZCLZ85VGKK
B075VPYWKM,A3CMZCLZ85VGKK
B01L7RK9GO,A3CMZCLZ85VGKK
B00VF292ZG,A3CMZCLZ85VGKK
B00GLZ9932,A3CMZCLZ85VGKK
B00BPUQ1K2,A3CMZCLZ85VGKK
B002UBPAY8,A3CMZCLZ85VGKK
B001BSOXDU,A3CMZCLZ85VGKK
B000NUDTE6,A3CMZCLZ85VGKK
B000HESRR2,A3CMZCLZ85VGKK
B0DK48DZ2F,A3CMZCLZ85VGKK
B0D2K4WRM6,A3CMZCLZ85VGKK
B09YDP96DZ,A3CMZCLZ85VGKK
B09XS41749,A3CMZCLZ85VGKK
B09W5LM6DT,A3CMZCLZ85VGKK
B09VC4LGFM,A3CMZCLZ85VGKK
B09P1MLJCZ,A3CMZCLZ85VGKK
B09N9ZMXSN,A3CMZCLZ85VGKK
B09MM2B1B6,A3CMZCLZ85VGKK
B09JWQQ37Q,A3CMZCLZ85VGKK
B09FDMQZM5,A3CMZCLZ85VGKK
B096RT8XF6,A3CMZCLZ85VGKK
B095V48T51,A3CMZCLZ85VGKK
B095HHJDTP,A3CMZCLZ85VGKK
B0956ZGKN2,A3CMZCLZ85VGKK
B094R29QGH,A3CMZCLZ85VGKK
B094NTJ4DW,A3CMZCLZ85VGKK
B093ZXSB3Z,A3CMZCLZ85VGKK
B093NNGRK9,A3CMZCLZ85VGKK
B08ZNCMD9N,A3CMZCLZ85VGKK
B08ZCKX4H7,A3CMZCLZ85VGKK
B08V4SJMV5,A3CMZCLZ85VGKK
B08S75GVVB,A3CMZCLZ85VGKK
B08P444729,A3CMZCLZ85VGKK
B08L8CW86Z,A3CMZCLZ85VGKK
B08L5HHC8W,A3CMZCLZ85VGKK
B08JGDP9TF,A3CMZCLZ85VGKK
B08HHKJLK8,A3CMZCLZ85VGKK
B08C773JP7,A3CMZCLZ85VGKK
B082PHGHN7,A3CMZCLZ85VGKK
B081QJWGQY,A3CMZCLZ85VGKK
B07VR2MHCF,A3CMZCLZ85VGKK
B07SVJJV4R,A3CMZCLZ85VGKK
B07S8WS975,A3CMZCLZ85VGKK
B07PQHRJ84,A3CMZCLZ85VGKK
B07P8BF35Z,A3CMZCLZ85VGKK
B07NQ3K2D6,A3CMZCLZ85VGKK
B07NPLGWN9,A3CMZCLZ85VGKK
B07NCC8D9Y,A3CMZCLZ85VGKK
B07M6L7TLD,A3CMZCLZ85VGKK
B07L4XG2TS,A3CMZCLZ85VGKK
B07KFM5V4T,A3CMZCLZ85VGKK
B07JGF173W,A3CMZCLZ85VGKK
B07J1LP87Z,A3CMZCLZ85VGKK
B07HXYXPC4,A3CMZCLZ85VGKK
B07DTHGJ5H,A3CMZCLZ85VGKK
B0794235C4,A3CMZCLZ85VGKK
B078S9DT25,A3CMZCLZ85VGKK
B0779GZYCD,A3CMZCLZ85VGKK
B0776DK9Z1,A3CMZCLZ85VGKK
B074T2DT51,A3CMZCLZ85VGKK
B074N2QZ5R,A3CMZCLZ85VGKK
B0747ZXP9G,A3CMZCLZ85VGKK
B0732FCPV5,A3CMZCLZ85VGKK
B06XG8Z6SJ,A3CMZCLZ85VGKK
B01IT2BSX8,A3CMZCLZ85VGKK
B01H3W2JKG,A3CMZCLZ85VGKK
B00BLPAEJU,A3CMZCLZ85VGKK
B00A2MM00O,A3CMZCLZ85VGKK
B008FLQDNE,A3CMZCLZ85VGKK
B00442GVUI,A3CMZCLZ85VGKK
B002SDTV1Q,A3CMZCLZ85VGKK
B000KNDKTK,A3CMZCLZ85VGKK
B0000V2Q92,A3CMZCLZ85VGKK
B0000223SH,A3CMZCLZ85VGKK
1912200562,A3CMZCLZ85VGKK
B0CHX68TZ6,A3CMZCLZ85VGKK
B00X6DM48O,A3CMZCLZ85VGKK
B0BZF8PK9G,A3CMZCLZ85VGKK
B07CL8HTCZ,A3CMZCLZ85VGKK
B00BY6BILO,A3CMZCLZ85VGKK
B07H9JW6NN,A3CMZCLZ85VGKK
B0B3JRNWVM,A3CMZCLZ85VGKK
B078XNQBJZ,A3CMZCLZ85VGKK
B01ERNVJQY,A3CMZCLZ85VGKK
B0BTHXS75W,A3CMZCLZ85VGKK
B09KPDR6VW,A3CMZCLZ85VGKK
B00AIKX626,A3CMZCLZ85VGKK
B00LKRMFKK,A3CMZCLZ85VGKK
B074QKQ23L,A3CMZCLZ85VGKK
B0DB42KNBC,A3CMZCLZ85VGKK
B078BN9J79,A3CMZCLZ85VGKK
B001SAW0CM,A3CMZCLZ85VGKK
B0CL5WNWG2,A3CMZCLZ85VGKK
B018NG8N3S,A3CMZCLZ85VGKK
B06WD3GQF6,A3CMZCLZ85VGKK
B005HI1MXO,A3CMZCLZ85VGKK
B08CD8KQCJ,A3CMZCLZ85VGKK
B0C95DJGNY,A3CMZCLZ85VGKK
B01JQ07Q60,A3CMZCLZ85VGKK
B0084A43OC,A3CMZCLZ85VGKK
B07KFQDG76,A3CMZCLZ85VGKK
B0CH34ZQYW,A3CMZCLZ85VGKK
B07L6ZFBGW,A3CMZCLZ85VGKK
B0CL6M3P5H,A3CMZCLZ85VGKK
B0BV4G7X8V,A3CMZCLZ85VGKK
B07CJ2V92B,A3CMZCLZ85VGKK
B00OBUFLCW,A3CMZCLZ85VGKK
B000VTT34O,A3CMZCLZ85VGKK
B0BMGPWR1D,A3CMZCLZ85VGKK
B01MDNY3S6,A3CMZCLZ85VGKK
B0BW2DF1KF,A3CMZCLZ85VGKK
B00CM5SHPG,A3CMZCLZ85VGKK
B01NC3FECW,A3CMZCLZ85VGKK
B07CZYHCD2,A3CMZCLZ85VGKK
B001DTYJ04,A3CMZCLZ85VGKK
B09PZHSBQG,A3CMZCLZ85VGKK
B005QD64VU,A3CMZCLZ85VGKK
B08BLGPYH1,A3CMZCLZ85VGKK
B096WW9CBS,A3CMZCLZ85VGKK
B0851YKYF6,A3CMZCLZ85VGKK
B07V1JW9RZ,A3CMZCLZ85VGKK
B07QCNL9R5,A3CMZCLZ85VGKK
B012D8F5NI,A3CMZCLZ85VGKK
B08HK8H1ZP,A3CMZCLZ85VGKK
B088S8WXG7,A3CMZCLZ85VGKK
B000063K7G,A3CMZCLZ85VGKK
B0CH35XJVS,A3CMZCLZ85VGKK
B0C3D2L167,A3CMZCLZ85VGKK
B0BN1H136T,A3CMZCLZ85VGKK
B09HS17G2L,A3CMZCLZ85VGKK
B083Q55TFD,A3CMZCLZ85VGKK
B07T28QKYH,A3CMZCLZ85VGKK
B07P388BVB,A3CMZCLZ85VGKK
B07KJ9CV7F,A3CMZCLZ85VGKK
B007QF1UTC,A3CMZCLZ85VGKK
B0031I8046,A3CMZCLZ85VGKK
B0015IYSR2,A3CMZCLZ85VGKK
B0C1Z5PRTC,A3CMZCLZ85VGKK
B0BS6WGBFH,A3CMZCLZ85VGKK
B0BPN2WQN3,A3CMZCLZ85VGKK
B0BM475X7X,A3CMZCLZ85VGKK
B09XMRQXNP,A3CMZCLZ85VGKK
B08Y99JTYD,A3CMZCLZ85VGKK
B08HKNG98H,A3CMZCLZ85VGKK
B089QKNSGH,A3CMZCLZ85VGKK
B073X8VYVJ,A3CMZCLZ85VGKK
B073WR6XT6,A3CMZCLZ85VGKK
B01L9MX8RO,A3CMZCLZ85VGKK
B00PD3SGNW,A3CMZCLZ85VGKK
B00E84CGLA,A3CMZCLZ85VGKK
B009KB7XBE,A3CMZCLZ85VGKK
B005KSOJ18,A3CMZCLZ85VGKK
B0DP9WMD1C,A3CMZCLZ85VGKK
B0DGKXR5T9,A3CMZCLZ85VGKK
B0DDL9NSJN,A3CMZCLZ85VGKK
B0BX4CDPKK,A3CMZCLZ85VGKK
B0BWMY1BMF,A3CMZCLZ85VGKK
B081TYK1RX,A3CMZCLZ85VGKK
B0CNBFTHLD,A3CMZCLZ85VGKK
B09YJ48L8W,A3CMZCLZ85VGKK
B07Z9PX893,A3CMZCLZ85VGKK
B07V3VK162,A3CMZCLZ85VGKK
B00KBB1E9E,A3CMZCLZ85VGKK
B0049MVDFQ,A3CMZCLZ85VGKK
B09YT8SWQT,A3CMZCLZ85VGKK
B086XLHB4P,A3CMZCLZ85VGKK
B07GCVXT4K,A3CMZCLZ85VGKK
B07FLYH44R,A3CMZCLZ85VGKK
B0753YYNKH,A3CMZCLZ85VGKK
B00TUDHCEA,A3CMZCLZ85VGKK
B0CL9NKSNZ,A3CMZCLZ85VGKK
B0DB6K83K8,A3CMZCLZ85VGKK
B0D4564J3T,A3CMZCLZ85VGKK
B0D37LZ1PQ,A3CMZCLZ85VGKK
B0D1DL4XCP,A3CMZCLZ85VGKK
B0CZPLXKQ5,A3CMZCLZ85VGKK
B0CX6HZT7V,A3CMZCLZ85VGKK
B0CWN7P5NS,A3CMZCLZ85VGKK
B0CTQ8H2PR,A3CMZCLZ85VGKK
B0CS4SVJC5,A3CMZCLZ85VGKK
B0CRV54GZS,A3CMZCLZ85VGKK
B0CRTDD643,A3CMZCLZ85VGKK
B0CR44SK57,A3CMZCLZ85VGKK
B0CMTP3GH8,A3CMZCLZ85VGKK
B0CJWZF4WG,A3CMZCLZ85VGKK
B0CJMTV489,A3CMZCLZ85VGKK
B0CJJKNVPK,A3CMZCLZ85VGKK
B0CJ3BNFPR,A3CMZCLZ85VGKK
B0CH333LTK,A3CMZCLZ85VGKK
B0CFFC67J5,A3CMZCLZ85VGKK
B0CDM9QKZK,A3CMZCLZ85VGKK
B0CBJT6C6Q,A3CMZCLZ85VGKK
B0CBJS2BFJ,A3CMZCLZ85VGKK
B0CBCR8MR1,A3CMZCLZ85VGKK
B0C89JV943,A3CMZCLZ85VGKK
B0C65JD12H,A3CMZCLZ85VGKK
B0C59N5TJ4,A3CMZCLZ85VGKK
B0BYWP3HPS,A3CMZCLZ85VGKK
B0BYK594PK,A3CMZCLZ85VGKK
B0BX3P3L13,A3CMZCLZ85VGKK
B0BWN19DSQ,A3CMZCLZ85VGKK
B0BW4Y6B95,A3CMZCLZ85VGKK
B0BTJ2B43N,A3CMZCLZ85VGKK
B07HG5W576,A3CMZCLZ85VGKK
B07F18MK1H,A3CMZCLZ85VGKK
B07DZTG7RD,A3CMZCLZ85VGKK
B07D3DNTTS,A3CMZCLZ85VGKK
B07BQC7Y1L,A3CMZCLZ85VGKK
B078SW2TW4,A3CMZCLZ85VGKK
B0776QCYFP,A3CMZCLZ85VGKK
B07481XTBN,A3CMZCLZ85VGKK
B07481FK4D,A3CMZCLZ85VGKK
B0747YPR7L,A3CMZCLZ85VGKK
B073X6BT3Z,A3CMZCLZ85VGKK
B0727TCH35,A3CMZCLZ85VGKK
B01N134IJW,A3CMZCLZ85VGKK
B01KJHT6YY,A3CMZCLZ85VGKK
B01IT2CDNM,A3CMZCLZ85VGKK
B01F4F433A,A3CMZCLZ85VGKK
B0BQ64JMPM,A3CMZCLZ85VGKK
B0BPRWDB9M,A3CMZCLZ85VGKK
B0BP985YMC,A3CMZCLZ85VGKK
B0BM5N5HDL,A3CMZCLZ85VGKK
B0BK2PCWMZ,A3CMZCLZ85VGKK
B0B5YPP2KD,A3CMZCLZ85VGKK
B0B4NC95SX,A3CMZCLZ85VGKK
B0B455YN5R,A3CMZCLZ85VGKK
B0B2LF3J4B,A3CMZCLZ85VGKK
B0B21BTK9Z,A3CMZCLZ85VGKK
B09ZQL4RFJ,A3CMZCLZ85VGKK
B09Y5LVP9T,A3CMZCLZ85VGKK
B09VT3TXQX,A3CMZCLZ85VGKK
B09PVBCC1Y,A3CMZCLZ85VGKK
B09NJPXHMK,A3CMZCLZ85VGKK
B09F94DLK6,A3CMZCLZ85VGKK
B096M3VWTW,A3CMZCLZ85VGKK
B09645KLQ2,A3CMZCLZ85VGKK
B091ZHMTPS,A3CMZCLZ85VGKK
B08V4RY78D,A3CMZCLZ85VGKK
B08PZJ9Z62,A3CMZCLZ85VGKK
B08FMN3TV1,A3CMZCLZ85VGKK
B08DP6FF6N,A3CMZCLZ85VGKK
B08BQHYZ1V,A3CMZCLZ85VGKK
B083FPMJHC,A3CMZCLZ85VGKK
B07YNRVYBQ,A3CMZCLZ85VGKK
B07Y8R41SS,A3CMZCLZ85VGKK
B07XF8YWCV,A3CMZCLZ85VGKK
B07R5DM73K,A3CMZCLZ85VGKK
B07PCR2V6Z,A3CMZCLZ85VGKK
B07NQ2GVJ4,A3CMZCLZ85VGKK
B07J4RFSV7,A3CMZCLZ85VGKK
B0BRTH7Y23,A3CMZCLZ85VGKK
B0BW4TT6ZR,A3CMZCLZ85VGKK
B09BB3TM6F,A3CMZCLZ85VGKK
B07H9K15MD,A3CMZCLZ85VGKK
B08NW7LXLS,A3CMZCLZ85VGKK
B0842XDFG7,A3CMZCLZ85VGKK
B08P5KF2BJ,A3CMZCLZ85VGKK
B07CX853M2,A3CMZCLZ85VGKK
B08K9GZ9NQ,A3CMZCLZ85VGKK
B00M72R6JC,A3CMZCLZ85VGKK
B09T5THFZY,A3CMZCLZ85VGKK
B09WSNV7P1,A3CMZCLZ85VGKK
B00865PF5Q,A3CMZCLZ85VGKK
B0BVQM2N6D,A3CMZCLZ85VGKK
B0CYGWS33P,A3CMZCLZ85VGKK
B0C4L9L77N,A3CMZCLZ85VGKK
B01BUNB4K0,A3CMZCLZ85VGKK
B00MD80K8O,A3CMZCLZ85VGKK
B001G0XMVM,A3CMZCLZ85VGKK
B001DKPBR8,A3CMZCLZ85VGKK
B000KSTYBS,A3CMZCLZ85VGKK
B000BPNARO,A3CMZCLZ85VGKK
B00006J00W,A3CMZCLZ85VGKK
B07X43FS1T,A3CMZCLZ85VGKK
B01N4VD782,A3CMZCLZ85VGKK
B01M5G99E7,A3CMZCLZ85VGKK
B07Z7V6H6S,A3CMZCLZ85VGKK
B083KQSVGM,A3CMZCLZ85VGKK
B089MZLRWP,A3CMZCLZ85VGKK
B0B3HMH1QQ,A3CMZCLZ85VGKK
B06XF5KMJD,A3CMZCLZ85VGKK
B0BBV8NY5P,A3CMZCLZ85VGKK
B08J8D7NFY,A3CMZCLZ85VGKK
B0815KJCM1,A3CMZCLZ85VGKK
B0CN7CP27M,A3CMZCLZ85VGKK
B07Z7TLH3R,A3CMZCLZ85VGKK
B09QXNLQBR,A3CMZCLZ85VGKK
B0BPKLVP5Y,A3CMZCLZ85VGKK
B08MFMBCMB,A3CMZCLZ85VGKK
B009LJWUXG,A3CMZCLZ85VGKK
B07PNYYWN2,A3CMZCLZ85VGKK
B01L4QQJDK,A3CMZCLZ85VGKK
B0CQYRF4R1,A3CMZCLZ85VGKK
B07FK57LCN,A3CMZCLZ85VGKK
B00V3PUUP6,A3CMZCLZ85VGKK
B07FZ55MT1,A3CMZCLZ85VGKK
B0CL8SCD1Z,A3CMZCLZ85VGKK
B08GLSNRJV,A3CMZCLZ85VGKK
B08FML37HM,A3CMZCLZ85VGKK
B07V1ZZ332,A3CMZCLZ85VGKK
B0BNDHVZ1G,A3CMZCLZ85VGKK
B0838L8QJT,A3CMZCLZ85VGKK
B071WB292Q,A3CMZCLZ85VGKK
B004OC1PQI,A3CMZCLZ85VGKK
B081TZJ1NX,A3CMZCLZ85VGKK
B07GZ3C2PL,A3CMZCLZ85VGKK
B00022Q0TQ,A3CMZCLZ85VGKK
B09LXKBXFC,A3CMZCLZ85VGKK
B083QHVYYX,A3CMZCLZ85VGKK
B0CJ2DKH3C,A3CMZCLZ85VGKK
B0B9B96ZJD,A3CMZCLZ85VGKK
B09LRPMBMQ,A3CMZCLZ85VGKK
B09BX9L9B1,A3CMZCLZ85VGKK
B088S4ZNDH,A3CMZCLZ85VGKK
B00O47QG2Q,A3CMZCLZ85VGKK
B09XRCWFQ6,A3CMZCLZ85VGKK
B09X72QWWR,A3CMZCLZ85VGKK
B09D39PR7K,A3CMZCLZ85VGKK
B083FPWXVJ,A3CMZCLZ85VGKK
B07XYZT8P7,A3CMZCLZ85VGKK
B01ESOCMZE,A3CMZCLZ85VGKK
B00O47Q8ZQ,A3CMZCLZ85VGKK
B000K29UBS,A3CMZCLZ85VGKK
B000HF6ZS4,A3CMZCLZ85VGKK
B0CGK6KKQZ,A3CMZCLZ85VGKK
B0CBP7ZKM4,A3CMZCLZ85VGKK
B0BWMYS5FV,A3CMZCLZ85VGKK
B0BWJLLJM6,A3CMZCLZ85VGKK
B0BJ7FV6QB,A3CMZCLZ85VGKK
B09W3948TS,A3CMZCLZ85VGKK
B09HH5FLHX,A3CMZCLZ85VGKK
B09HCP3BVC,A3CMZCLZ85VGKK
B08BQSN5JT,A3CMZCLZ85VGKK
B08BJGMRZH,A3CMZCLZ85VGKK
B0858ZK6NW,A3CMZCLZ85VGKK
B07LGS5LP7,A3CMZCLZ85VGKK
B07F6QJNWR,A3CMZCLZ85VGKK
B07DQTVHC5,A3CMZCLZ85VGKK
B079VG5PY9,A3CMZCLZ85VGKK
B076HQCGFZ,A3CMZCLZ85VGKK
B01MVB94DU,A3CMZCLZ85VGKK
B00CMHAPN6,A3CMZCLZ85VGKK
B004W7HOEM,A3CMZCLZ85VGKK
B00284AITO,A3CMZCLZ85VGKK
B0DJW297P8,A3CMZCLZ85VGKK
B0DFLGMTSW,A3CMZCLZ85VGKK
B0D91YLZ4L,A3CMZCLZ85VGKK
B0D5D6ZKDH,A3CMZCLZ85VGKK
B0D2DD4VD6,A3CMZCLZ85VGKK
B0D1Y1R5Z4,A3CMZCLZ85VGKK
B0D1DRR6GN,A3CMZCLZ85VGKK
B0CZLFT51B,A3CMZCLZ85VGKK
B0CT5H8RB5,A3CMZCLZ85VGKK
B0CR45S2N9,A3CMZCLZ85VGKK
B0CR3VRVHV,A3CMZCLZ85VGKK
B0CPHXYN6M,A3CMZCLZ85VGKK
B0CNVXZYFS,A3CMZCLZ85VGKK
B0CMHC4LTR,A3CMZCLZ85VGKK
B0CM69LJVR,A3CMZCLZ85VGKK
B0CM32XJY1,A3CMZCLZ85VGKK
B0CK93GGWK,A3CMZCLZ85VGKK
B0CGXB4968,A3CMZCLZ85VGKK
B0C9SB19QL,A3CMZCLZ85VGKK
B0C9CQTDZP,A3CMZCLZ85VGKK
B0C72SD8JJ,A3CMZCLZ85VGKK
B0C441SCYJ,A3CMZCLZ85VGKK
B0C2TBZY8C,A3CMZCLZ85VGKK
B0BZYXBMTY,A3CMZCLZ85VGKK
B0BXFDBRQK,A3CMZCLZ85VGKK
B0BV6PWHCT,A3CMZCLZ85VGKK
B0BML9MRB3,A3CMZCLZ85VGKK
B0BLV81V6S,A3CMZCLZ85VGKK
B0BK2RKNB8,A3CMZCLZ85VGKK
B0BJ1Y5T75,A3CMZCLZ85VGKK
B0BHW9HZ93,A3CMZCLZ85VGKK
B0BGXVXGB4,A3CMZCLZ85VGKK
B0BG374M1G,A3CMZCLZ85VGKK
B0B9GVQZP6,A3CMZCLZ85VGKK
B0B7Z7TJGB,A3CMZCLZ85VGKK
B0B7BSK625,A3CMZCLZ85VGKK
B0B5VQNTJL,A3CMZCLZ85VGKK
B0B4BN9QX3,A3CMZCLZ85VGKK
B0B2V3479R,A3CMZCLZ85VGKK
B0B1HT2X2K,A3CMZCLZ85VGKK
B0B135G5SN,A3CMZCLZ85VGKK
B09X5TDFDP,A3CMZCLZ85VGKK
B09S2Y6TPW,A3CMZCLZ85VGKK
B09P2SZXTM,A3CMZCLZ85VGKK
B09KXMJND5,A3CMZCLZ85VGKK
B09JY5NPH1,A3CMZCLZ85VGKK
B09FP59W2D,A3CMZCLZ85VGKK
B09DW2YNDF,A3CMZCLZ85VGKK
B09C8H13WT,A3CMZCLZ85VGKK
B09C2TDHVG,A3CMZCLZ85VGKK
B09BXFXNB6,A3CMZCLZ85VGKK
B097FF4GHP,A3CMZCLZ85VGKK
B091ZKXXJ3,A3CMZCLZ85VGKK
B08YYQK8LH,A3CMZCLZ85VGKK
B08V8H5XM3,A3CMZCLZ85VGKK
B08R6G8NM7,A3CMZCLZ85VGKK
B08R5XBNQM,A3CMZCLZ85VGKK
B08R2B22DL,A3CMZCLZ85VGKK
B08631XTYC,A3CMZCLZ85VGKK
B085Y1JB9G,A3CMZCLZ85VGKK
B0858PS43Q,A3CMZCLZ85VGKK
B082LHSW1N,A3CMZCLZ85VGKK
B07YYW14PJ,A3CMZCLZ85VGKK
B07XTDMYQM,A3CMZCLZ85VGKK
B07WJVRHCZ,A3CMZCLZ85VGKK
B07VB5RK76,A3CMZCLZ85VGKK
B07TCDPFH2,A3CMZCLZ85VGKK
B07T9BCCTY,A3CMZCLZ85VGKK
B07PPD27NG,A3CMZCLZ85VGKK
B07NYTBP38,A3CMZCLZ85VGKK
B07NPCKSBC,A3CMZCLZ85VGKK
B07N6MPBHN,A3CMZCLZ85VGKK
B07KGK54T8,A3CMZCLZ85VGKK
B07DMGRTZV,A3CMZCLZ85VGKK
B07CHRHNYQ,A3CMZCLZ85VGKK
B07816GVRK,A3CMZCLZ85VGKK
B077ZZ77XY,A3CMZCLZ85VGKK
B077VQCS3Z,A3CMZCLZ85VGKK
B074N7T5BY,A3CMZCLZ85VGKK
B074818WRH,A3CMZCLZ85VGKK
B0742CBHZ5,A3CMZCLZ85VGKK
B071RQK5N8,A3CMZCLZ85VGKK
B071RH43DX,A3CMZCLZ85VGKK
B01K9M42O8,A3CMZCLZ85VGKK
B01K9M42LQ,A3CMZCLZ85VGKK
B01HUW7896,A3CMZCLZ85VGKK
B017PXIO5C,A3CMZCLZ85VGKK
B008FLQDOI,A3CMZCLZ85VGKK
B008BOG0PG,A3CMZCLZ85VGKK
B008B67TRM,A3CMZCLZ85VGKK
B005DQC08Q,A3CMZCLZ85VGKK
B004XJ3ZJC,A3CMZCLZ85VGKK
B003YMRO3W,A3CMZCLZ85VGKK
B002Q6Z9ZM,A3CMZCLZ85VGKK
B002A5XUZK,A3CMZCLZ85VGKK
B0000223SB,A3CMZCLZ85VGKK
B0CN7BLZTX,A3CMZCLZ85VGKK
B001GS6PBI,A3CMZCLZ85VGKK
B001GS8F9I,A3CMZCLZ85VGKK
B073DS3HLP,A3CMZCLZ85VGKK
B0CPP8QS8P,A3CMZCLZ85VGKK
B07HHT38DR,A3CMZCLZ85VGKK
B08W7VVV7S,A3CMZCLZ85VGKK
B07CRLLY9Y,A3CMZCLZ85VGKK
B0BS73JXQN,A3CMZCLZ85VGKK
B00006IZYZ,A3CMZCLZ85VGKK
B0DFD42NXQ,A3CMZCLZ85VGKK
B0DK48S4SR,A3CMZCLZ85VGKK
B07RC2JD6D,A3CMZCLZ85VGKK
B0BVDWF48X,A3CMZCLZ85VGKK
B0C74Y4CK1,A3CMZCLZ85VGKK
B09BX1SDH3,A3CMZCLZ85VGKK
B0009V7X00,A3CMZCLZ85VGKK
B083YS1NN3,A3CMZCLZ85VGKK
B08BFMGVJS,A3CMZCLZ85VGKK
B00QW06UWO,A3CMZCLZ85VGKK
B07G1WHF5M,A3CMZCLZ85VGKK
B07HKP8C8F,A3CMZCLZ85VGKK
B07D9J8GGX,A3CMZCLZ85VGKK
B08HRKYV9S,A3CMZCLZ85VGKK
B07HYJXJHM,A3CMZCLZ85VGKK
B08STRKPYB,A3CMZCLZ85VGKK
B08GD1D5DB,A3CMZCLZ85VGKK
B0BQYD9KJ3,A3CMZCLZ85VGKK
B07Z1Q1SGC,A3CMZCLZ85VGKK
B07FKFPYJP,A3CMZCLZ85VGKK
B082YRY7DF,A3CMZCLZ85VGKK
B07MKS3M7W,A3CMZCLZ85VGKK
B071HD32T1,A3CMZCLZ85VGKK
B01LZ3DS1I,A3CMZCLZ85VGKK
B01G8ZV0N6,A3CMZCLZ85VGKK
B0BV9S2BX3,A3CMZCLZ85VGKK
B09494VQ2R,A3CMZCLZ85VGKK
B07WJ71LN8,A3CMZCLZ85VGKK
B019JY0WVY,A3CMZCLZ85VGKK
B0142F6D7M,A3CMZCLZ85VGKK
B00MRAHFOK,A3CMZCLZ85VGKK
B00IEH7O9G,A3CMZCLZ85VGKK
B00BYS6OIY,A3CMZCLZ85VGKK
B003YOB2WY,A3CMZCLZ85VGKK
B0CD5XY4XB,A3CMZCLZ85VGKK
B0CBNHMJSX,A3CMZCLZ85VGKK
B0CJ7W5XK7,A3CMZCLZ85VGKK
B07VVDTSQR,A3CMZCLZ85VGKK
B07VQFYRQP,A3CMZCLZ85VGKK
B07D59THK3,A3CMZCLZ85VGKK
B0D2J2SF6K,A3CMZCLZ85VGKK
B09Q7V2FCB,A3CMZCLZ85VGKK
B08TPRWLTF,A3CMZCLZ85VGKK
B08T94WGSL,A3CMZCLZ85VGKK
B08BKWXK92,A3CMZCLZ85VGKK
B07HNDXLG9,A3CMZCLZ85VGKK
B07CHV75ZY,A3CMZCLZ85VGKK
B00IZ5UT8K,A3CMZCLZ85VGKK
B0CJY1Q4NS,A3CMZCLZ85VGKK
B0CHY9HRG3,A3CMZCLZ85VGKK
B0B1PFTF68,A3CMZCLZ85VGKK
B09W1N87H9,A3CMZCLZ85VGKK
B09PGCB1CZ,A3CMZCLZ85VGKK
B07BZ831D3,A3CMZCLZ85VGKK
B01HUW7D2S,A3CMZCLZ85VGKK
B0072HRONU,A3CMZCLZ85VGKK
B0D9HWK7GM,A3CMZCLZ85VGKK
B0CWCFZ4WX,A3CMZCLZ85VGKK
B0C3293W5Q,A3CMZCLZ85VGKK
B0BRNRPWZR,A3CMZCLZ85VGKK
B09VC5YJGW,A3CMZCLZ85VGKK
B09VBZF5T9,A3CMZCLZ85VGKK
B09S34M25G,A3CMZCLZ85VGKK
B09RQC2BQN,A3CMZCLZ85VGKK
B09L41FBDP,A3CMZCLZ85VGKK
B08W4YRMPP,A3CMZCLZ85VGKK
B083FQ223H,A3CMZCLZ85VGKK
B07Z7WBGNJ,A3CMZCLZ85VGKK
B07PM8SY6G,A3CMZCLZ85VGKK
B06XNKM24S,A3CMZCLZ85VGKK
B00NULN2OW,A3CMZCLZ85VGKK
B00FKFGLLW,A3CMZCLZ85VGKK
B004N84BWI,A3CMZCLZ85VGKK
B003C0OLGO,A3CMZCLZ85VGKK
B0DJVZW5WZ,A3CMZCLZ85VGKK
B0DJ38L9RK,A3CMZCLZ85VGKK
B0DG2CKHR1,A3CMZCLZ85VGKK
B0DBHTY7NN,A3CMZCLZ85VGKK
B0D6RFPFN8,A3CMZCLZ85VGKK
B0CX65TXSM,A3CMZCLZ85VGKK
B0CWN48DWH,A3CMZCLZ85VGKK
B0CR3YPQTL,A3CMZCLZ85VGKK
B0CQT2GF8H,A3CMZCLZ85VGKK
B0CQ7XG3M6,A3CMZCLZ85VGKK
B0CQ53Y23N,A3CMZCLZ85VGKK
B0CPPK27ML,A3CMZCLZ85VGKK
B0B7K2FP4R,A3CMZCLZ85VGKK
B0B52GY7GN,A3CMZCLZ85VGKK
B0B3RF1VTV,A3CMZCLZ85VGKK
B0B1V7933J,A3CMZCLZ85VGKK
B09XV217YN,A3CMZCLZ85VGKK
B09TP51CJ9,A3CMZCLZ85VGKK
B09LK4BFWS,A3CMZCLZ85VGKK
B09LFY87RK,A3CMZCLZ85VGKK
B09JKTWH4T,A3CMZCLZ85VGKK
B09HVD52T9,A3CMZCLZ85VGKK
B09H968WTJ,A3CMZCLZ85VGKK
B09BX3DD4Z,A3CMZCLZ85VGKK
B099MN9F6R,A3CMZCLZ85VGKK
B099DTRF54,A3CMZCLZ85VGKK
B08T1NZ5Q7,A3CMZCLZ85VGKK
B08P2CWDH4,A3CMZCLZ85VGKK
B08KCQ9KS7,A3CMZCLZ85VGKK
B088199F1D,A3CMZCLZ85VGKK
B085DTGFM4,A3CMZCLZ85VGKK
B081TP7BWT,A3CMZCLZ85VGKK
B081DRM11C,A3CMZCLZ85VGKK
B07VXB9NNK,A3CMZCLZ85VGKK
B07VBLWLR7,A3CMZCLZ85VGKK
B07SWSMMFG,A3CMZCLZ85VGKK
B07RGM3S9H,A3CMZCLZ85VGKK
B07N8HZH4N,A3CMZCLZ85VGKK
B07LGVNKBP,A3CMZCLZ85VGKK
B07L4VJBHS,A3CMZCLZ85VGKK
B07JXXCG87,A3CMZCLZ85VGKK
B07HR128M3,A3CMZCLZ85VGKK
B07HHPC3FV,A3CMZCLZ85VGKK
B07CTPTG7B,A3CMZCLZ85VGKK
B005MYA8Z6,A3CMZCLZ85VGKK
B0CKTH3FTL,A3CMZCLZ85VGKK
B0CLCXNV3J,A3CMZCLZ85VGKK
B0C2H2B24P,A3CMZCLZ85VGKK
B07HNKC98L,A3CMZCLZ85VGKK
B08NFDXNW8,A3CMZCLZ85VGKK
B0CWPKX5V4,A3CMZCLZ85VGKK
B0D241PHDN,A3CMZCLZ85VGKK
B07TJ8R7FG,A3CMZCLZ85VGKK
B07KQ9T1T8,A3CMZCLZ85VGKK
B088RLQKR6,A3CMZCLZ85VGKK
B08Z5SXYJ4,A3CMZCLZ85VGKK
B00I6DW0NI,A3CMZCLZ85VGKK
B0BDHHL3BG,A3CMZCLZ85VGKK
B0BCFG7J18,A3CMZCLZ85VGKK
B00449IEM4,A3CMZCLZ85VGKK
B003VP22PC,A3CMZCLZ85VGKK
B084ZSVKG4,A3CMZCLZ85VGKK
B07BSC8L15,A3CMZCLZ85VGKK
B076R9828K,A3CMZCLZ85VGKK
B0CQ58G2HL,A3CMZCLZ85VGKK
B004NSCB3E,A3CMZCLZ85VGKK
B0D9HVJ8BH,A3CMZCLZ85VGKK
B099LSQV5J,A3CMZCLZ85VGKK
B00BSG2YE0,A3CMZCLZ85VGKK
B071DG534L,A3CMZCLZ85VGKK
B004CRSNCO,A3CMZCLZ85VGKK
B08ZVTC2VK,A3CMZCLZ85VGKK
B0B6WLK4NK,A3CMZCLZ85VGKK
B07KXLP3KM,A3CMZCLZ85VGKK
B014172T5Q,A3CMZCLZ85VGKK
B0BT6XM6P2,A3CMZCLZ85VGKK
B009M9N264,A3CMZCLZ85VGKK
B07PJNJM62,A3CMZCLZ85VGKK
B0C89JH1FY,A3CMZCLZ85VGKK
B0CVXC7ZG5,A3CMZCLZ85VGKK
B00005OL3U,A3CMZCLZ85VGKK
B0C78MCQ7J,A3CMZCLZ85VGKK
B0817M9BGW,A3CMZCLZ85VGKK
B0D7PV15J3,A3CMZCLZ85VGKK
B0D5JM8DG2,A3CMZCLZ85VGKK
B09KHZXTHH,A3CMZCLZ85VGKK
B0CYJGGBNV,A3CMZCLZ85VGKK
B07CCN34JB,A3CMZCLZ85VGKK
B001BCFUBU,A3CMZCLZ85VGKK
B00S7W3GDQ,A3CMZCLZ85VGKK
B01M03OA27,A3CMZCLZ85VGKK
B0078P70C6,A3CMZCLZ85VGKK
B076DGRNND,A3CMZCLZ85VGKK
B07481C4FN,A3CMZCLZ85VGKK
B071NKHJQT,A3CMZCLZ85VGKK
B01LYLDYK9,A3CMZCLZ85VGKK
B01K9M40TA,A3CMZCLZ85VGKK
B01K8CCP0M,A3CMZCLZ85VGKK
B01BVPR80M,A3CMZCLZ85VGKK
B016N6X0GA,A3CMZCLZ85VGKK
B014C1FNHC,A3CMZCLZ85VGKK
B00AW4BLNO,A3CMZCLZ85VGKK
B000QD9JU8,A3CMZCLZ85VGKK
B0000223SC,A3CMZCLZ85VGKK
B00G3BRNZ0,A3CMZCLZ85VGKK
B00DMBUFC2,A3CMZCLZ85VGKK
B0054KX6YS,A3CMZCLZ85VGKK
B000LUBQ4I,A3CMZCLZ85VGKK
B08YJM4BNZ,A3CMZCLZ85VGKK
B07NH5YJS8,A3CMZCLZ85VGKK
B07HMBQB7J,A3CMZCLZ85VGKK
B00MIOGBO0,A3CMZCLZ85VGKK
B0BNJ25TDD,A3CMZCLZ85VGKK
B09BZVWXJ5,A3CMZCLZ85VGKK
B07VKRTNM9,A3CMZCLZ85VGKK
B07TX4XDTH,A3CMZCLZ85VGKK
B07DX89JYT,A3CMZCLZ85VGKK
B07894CFCS,A3CMZCLZ85VGKK
B011LH815Q,A3CMZCLZ85VGKK
B007I1PKQS,A3CMZCLZ85VGKK
B078JGL1J7,A3CMZCLZ85VGKK
B0085KZPCU,A3CMZCLZ85VGKK
B0BLBTZHJJ,A3CMZCLZ85VGKK
B078MSZTXJ,A3CMZCLZ85VGKK
B019K717CI,A3CMZCLZ85VGKK
B0BG3GR69S,A3CMZCLZ85VGKK
B0B2KMCDCT,A3CMZCLZ85VGKK
B0984V9PDF,A3CMZCLZ85VGKK
B00I2H1NS6,A3CMZCLZ85VGKK
B0DDLBMHT6,A3CMZCLZ85VGKK
B07S4LSRRJ,A3CMZCLZ85VGKK
B0887DMJW4,A3CMZCLZ85VGKK
B01M0ZW6MW,A3CMZCLZ85VGKK
B08Q3JF552,A3CMZCLZ85VGKK
B07K31MLKD,A3CMZCLZ85VGKK
B00SLLRBBQ,A3CMZCLZ85VGKK
B0C6M3MVMD,A3CMZCLZ85VGKK
B0C59P2DV8,A3CMZCLZ85VGKK
B0C53GPWHK,A3CMZCLZ85VGKK
B0C4KCR9CM,A3CMZCLZ85VGKK
B0BZ3R8WK3,A3CMZCLZ85VGKK
B0BVXJG134,A3CMZCLZ85VGKK
B0BV8LS9H1,A3CMZCLZ85VGKK
B0BQZXCF4X,A3CMZCLZ85VGKK
B0BPN2VDCQ,A3CMZCLZ85VGKK
B0BNM6LG1P,A3CMZCLZ85VGKK
B0BNH9FGV8,A3CMZCLZ85VGKK
B0BHY1MYSL,A3CMZCLZ85VGKK
B0BFWXLZNP,A3CMZCLZ85VGKK
B0BD5NCYXN,A3CMZCLZ85VGKK
B0BBPQTNJ9,A3CMZCLZ85VGKK
B0BB2ML1L5,A3CMZCLZ85VGKK
B0CN36J183,A3CMZCLZ85VGKK
B0CJXQ44TY,A3CMZCLZ85VGKK
B0CFBJMG83,A3CMZCLZ85VGKK
B0CBKY7PMK,A3CMZCLZ85VGKK
B0CBJSBQ4K,A3CMZCLZ85VGKK
B0C7Q1SC4T,A3CMZCLZ85VGKK
B0C5JRN13V,A3CMZCLZ85VGKK
B0C4GLQSDL,A3CMZCLZ85VGKK
B0C2VHZ4YF,A3CMZCLZ85VGKK
B0BSNTSB21,A3CMZCLZ85VGKK
B0BRQSZ5ZN,A3CMZCLZ85VGKK
B0BN4VBZ1X,A3CMZCLZ85VGKK
B0BK2WLGT1,A3CMZCLZ85VGKK
B0BK2TG3GV,A3CMZCLZ85VGKK
B0B96HCH8C,A3CMZCLZ85VGKK
B0B8XPWMGK,A3CMZCLZ85VGKK
B07WC285LT,A3CMZCLZ85VGKK
B07216ZMJL,A3CMZCLZ85VGKK
B00BHQR8UG,A3CMZCLZ85VGKK
B00AYA81BG,A3CMZCLZ85VGKK
B08Q37QZFH,A3CMZCLZ85VGKK
B001Q91QZC,A3CMZCLZ85VGKK
B00FH4ADZG,A3CMZCLZ85VGKK
B09LMSTDW4,A3CMZCLZ85VGKK
B07V45N7N2,A3CMZCLZ85VGKK
B07KNYQFNK,A3CMZCLZ85VGKK
B07DPBY1C3,A3CMZCLZ85VGKK
B08P1MSGVD,A3CMZCLZ85VGKK
B092887X14,A3CMZCLZ85VGKK
B08BLDFJ4G,A3CMZCLZ85VGKK
B00C97JY2M,A3CMZCLZ85VGKK
B076HYG53B,A3CMZCLZ85VGKK
B09S33R3W4,A3CMZCLZ85VGKK
B09N7WG6CK,A3CMZCLZ85VGKK
B09MVVY4L9,A3CMZCLZ85VGKK
B09LPH1W8V,A3CMZCLZ85VGKK
B09L4NWSCB,A3CMZCLZ85VGKK
B09KDVHJF9,A3CMZCLZ85VGKK
B09HH3WSVR,A3CMZCLZ85VGKK
B09HH3S85S,A3CMZCLZ85VGKK
B09HBW66Z2,A3CMZCLZ85VGKK
B09H6VRN4Q,A3CMZCLZ85VGKK
B09H2G8YNR,A3CMZCLZ85VGKK
B09CW4Q5VT,A3CMZCLZ85VGKK
B09534MKMB,A3CMZCLZ85VGKK
B08XZWYM5N,A3CMZCLZ85VGKK
B08XYGB69H,A3CMZCLZ85VGKK
B08VWZRJPG,A3CMZCLZ85VGKK
B07QB4D1VL,A3CMZCLZ85VGKK
B07PGBY32B,A3CMZCLZ85VGKK
B07NJ3XWDJ,A3CMZCLZ85VGKK
B07MY1W82G,A3CMZCLZ85VGKK
B07MHJRZPF,A3CMZCLZ85VGKK
B07MCMNXM7,A3CMZCLZ85VGKK
B07GDRCPVX,A3CMZCLZ85VGKK
B07FW9ZVM3,A3CMZCLZ85VGKK
B07F6ZHSHX,A3CMZCLZ85VGKK
B07DK3QN5D,A3CMZCLZ85VGKK
B07CHTZ6QP,A3CMZCLZ85VGKK
B07BL5HVZ9,A3CMZCLZ85VGKK
B07B6RD177,A3CMZCLZ85VGKK
B0786R4CY8,A3CMZCLZ85VGKK
B077Z4T3QN,A3CMZCLZ85VGKK
B077XJ54MR,A3CMZCLZ85VGKK
B078XYBX1C,A3CMZCLZ85VGKK
B06VXWTC5F,A3CMZCLZ85VGKK
B000069CEJ,A3CMZCLZ85VGKK
B0C2NDGLX7,A3CMZCLZ85VGKK
B0BCQVLQL8,A3CMZCLZ85VGKK
B0B2KV747K,A3CMZCLZ85VGKK
B09SHKXDWT,A3CMZCLZ85VGKK
B097FD99PJ,A3CMZCLZ85VGKK
B08TP5DWZS,A3CMZCLZ85VGKK
B08G8CX5ZF,A3CMZCLZ85VGKK
B08F9Z89KR,A3CMZCLZ85VGKK
B085H2FG85,A3CMZCLZ85VGKK
B084SVVB85,A3CMZCLZ85VGKK
B084Q1JJ61,A3CMZCLZ85VGKK
B07Q2BVMCT,A3CMZCLZ85VGKK
B07P67ZCJ8,A3CMZCLZ85VGKK
B00310NIU0,A3CMZCLZ85VGKK
B000MYXFHE,A3CMZCLZ85VGKK
B0BXX527XD,A3CMZCLZ85VGKK
B0B2KLX6V2,A3CMZCLZ85VGKK
B091KD2JWG,A3CMZCLZ85VGKK
B083HXJRBK,A3CMZCLZ85VGKK
B07CVPBHL3,A3CMZCLZ85VGKK
B0CTVKLCXL,A3CMZCLZ85VGKK
B0CNW2244C,A3CMZCLZ85VGKK
B0CC27VG8K,A3CMZCLZ85VGKK
B0BWMZ9TXF,A3CMZCLZ85VGKK
B0BKRKNNV2,A3CMZCLZ85VGKK
B08LXMWJZ6,A3CMZCLZ85VGKK
B085PVWW9J,A3CMZCLZ85VGKK
B07H2FGT52,A3CMZCLZ85VGKK
B07GSS2XLT,A3CMZCLZ85VGKK
B0CRQZ3XNN,A3CMZCLZ85VGKK
B0CR6W14S5,A3CMZCLZ85VGKK
B0CQRMJW27,A3CMZCLZ85VGKK
B0CPP457FQ,A3CMZCLZ85VGKK
B0CN3BN54C,A3CMZCLZ85VGKK
B0CMHLRQTK,A3CMZCLZ85VGKK
B0CM61466N,A3CMZCLZ85VGKK
B0CLGCMPND,A3CMZCLZ85VGKK
B0CKH6YSCJ,A3CMZCLZ85VGKK
B0CK18SRMG,A3CMZCLZ85VGKK
B0CK12QY8Y,A3CMZCLZ85VGKK
B0CJBFZZFJ,A3CMZCLZ85VGKK
B0CHRWK9G8,A3CMZCLZ85VGKK
B0CC9Y2W9G,A3CMZCLZ85VGKK
B0C93SXBBL,A3CMZCLZ85VGKK
B0C7VG5Z5K,A3CMZCLZ85VGKK
B08P4P1TBZ,A3CMZCLZ85VGKK
B08NWQ78PG,A3CMZCLZ85VGKK
B08K2MM3JC,A3CMZCLZ85VGKK
B08J89X8SJ,A3CMZCLZ85VGKK
B08G1Y3MK4,A3CMZCLZ85VGKK
B08FX2ZYMZ,A3CMZCLZ85VGKK
B08BLC9B3C,A3CMZCLZ85VGKK
B08996HN4K,A3CMZCLZ85VGKK
B087C7P4B6,A3CMZCLZ85VGKK
B083FQ23MP,A3CMZCLZ85VGKK
B07ZVXR7M8,A3CMZCLZ85VGKK
B07YYTGHKB,A3CMZCLZ85VGKK
B07XQZ8J94,A3CMZCLZ85VGKK
B07XQ3B387,A3CMZCLZ85VGKK
B07WS9LBBL,A3CMZCLZ85VGKK
B07QTMN4ND,A3CMZCLZ85VGKK
B075YF3PTZ,A3CMZCLZ85VGKK
B072WLJCVN,A3CMZCLZ85VGKK
B06XYZWPH9,A3CMZCLZ85VGKK
B06XXPF9MQ,A3CMZCLZ85VGKK
B06X9RNCRF,A3CMZCLZ85VGKK
B01LZMICIY,A3CMZCLZ85VGKK
B01LFJGFKI,A3CMZCLZ85VGKK
B01FLXTVBY,A3CMZCLZ85VGKK
B01F2QMXW4,A3CMZCLZ85VGKK
B01CNKZWC0,A3CMZCLZ85VGKK
B0168VISCQ,A3CMZCLZ85VGKK
B013Q7E7IE,A3CMZCLZ85VGKK
B00QAORFO4,A3CMZCLZ85VGKK
B00MFTZ68K,A3CMZCLZ85VGKK
B00ELHTFUO,A3CMZCLZ85VGKK
B00EF9HCEO,A3CMZCLZ85VGKK
B0B9RK3Q69,A3CMZCLZ85VGKK
B0B9HY9WRZ,A3CMZCLZ85VGKK
B0B7XSN8NR,A3CMZCLZ85VGKK
B0B7L8YDPZ,A3CMZCLZ85VGKK
B0B7KKF533,A3CMZCLZ85VGKK
B0B6VF716V,A3CMZCLZ85VGKK
B0B5VBHVZF,A3CMZCLZ85VGKK
B0B5Q1CWR1,A3CMZCLZ85VGKK
B0B47MJV7B,A3CMZCLZ85VGKK
B0B3HDKZTG,A3CMZCLZ85VGKK
B0B1Q8481W,A3CMZCLZ85VGKK
B09YJ5SYC5,A3CMZCLZ85VGKK
B09WTZ6VK3,A3CMZCLZ85VGKK
B09WJC9GVP,A3CMZCLZ85VGKK
B09W5LB2Z6,A3CMZCLZ85VGKK
B09TMLJVNB,A3CMZCLZ85VGKK
B0047T6JY6,A3CMZCLZ85VGKK
B002F94X3Y,A3CMZCLZ85VGKK
B0015KKWJ8,A3CMZCLZ85VGKK
B08P7ZTT6Z,A3CMZCLZ85VGKK
B0BNW9G8ZN,A3CMZCLZ85VGKK
B01AB2H1ZS,A3CMZCLZ85VGKK
B000RL1WNQ,A3CMZCLZ85VGKK
B086DVH9DH,A3CMZCLZ85VGKK
B0B8THCJX8,A3CMZCLZ85VGKK
B0927XCNXW,A3CMZCLZ85VGKK
B08VVX3873,A3CMZCLZ85VGKK
B0CG89Q9N8,A3CMZCLZ85VGKK
B01I8HT5IY,A3CMZCLZ85VGKK
B07D6W2DCY,A3CMZCLZ85VGKK
B075581MKS,A3CMZCLZ85VGKK
B08WJC7LF3,A3CMZCLZ85VGKK
B07G7T21SR,A3CMZCLZ85VGKK
B00196VYY0,A3CMZCLZ85VGKK
B08PF4FQWK,A3CMZCLZ85VGKK
B0DCGMP812,A3CMZCLZ85VGKK
B0DC6JBRMC,A3CMZCLZ85VGKK
B0D98ZPPG2,A3CMZCLZ85VGKK
B0D91YXMH5,A3CMZCLZ85VGKK
B0D823D9HS,A3CMZCLZ85VGKK
B0D66MQ6T5,A3CMZCLZ85VGKK
B0D2XRC8G7,A3CMZCLZ85VGKK
B0D1DH933J,A3CMZCLZ85VGKK
B0CZNXJ763,A3CMZCLZ85VGKK
B0CZMG3FQD,A3CMZCLZ85VGKK
B0CZM6Q2CD,A3CMZCLZ85VGKK
B0CYZGM118,A3CMZCLZ85VGKK
B0CY3SJN86,A3CMZCLZ85VGKK
B0CY3DYG8W,A3CMZCLZ85VGKK
B0CY2XJ1D4,A3CMZCLZ85VGKK
B0CWNDQLK1,A3CMZCLZ85VGKK
B07NP1WMHD,A3CMZCLZ85VGKK
B07BXTXB7S,A3CMZCLZ85VGKK
B07BS7H9P6,A3CMZCLZ85VGKK
B01M0HJQED,A3CMZCLZ85VGKK
B00FZLBLZ2,A3CMZCLZ85VGKK
B009SKX26M,A3CMZCLZ85VGKK
B009SKX0KK,A3CMZCLZ85VGKK
B000P72GKK,A3CMZCLZ85VGKK
B0002LBLB4,A3CMZCLZ85VGKK
B0000B2QYT,A3CMZCLZ85VGKK
B0DKX1WCR2,A3CMZCLZ85VGKK
B0DJQW87KL,A3CMZCLZ85VGKK
B0DHSS1G2H,A3CMZCLZ85VGKK
B0DDTLR5VT,A3CMZCLZ85VGKK
B0DCKH6VV7,A3CMZCLZ85VGKK
B0DCKDK7V2,A3CMZCLZ85VGKK
B0BT72QCLC,A3CMZCLZ85VGKK
B097G1YCPH,A3CMZCLZ85VGKK
B07H4KPVVJ,A3CMZCLZ85VGKK
B075VV131L,A3CMZCLZ85VGKK
B014A170WK,A3CMZCLZ85VGKK
B00NWVX32Q,A3CMZCLZ85VGKK
B0C5DNY28X,A3CMZCLZ85VGKK
B0BB13W7J5,A3CMZCLZ85VGKK
B09PMY7H4F,A3CMZCLZ85VGKK
B08QJMZ9FG,A3CMZCLZ85VGKK
B08H7HJPTS,A3CMZCLZ85VGKK
B08BYFN85G,A3CMZCLZ85VGKK
B07VKRKM7W,A3CMZCLZ85VGKK
B0795HF5XC,A3CMZCLZ85VGKK
B000P4UNN0,A3CMZCLZ85VGKK
B0BBS6MJHZ,A3CMZCLZ85VGKK
B09YV63LJN,A3CMZCLZ85VGKK
B09RQBQ776,A3CMZCLZ85VGKK
B096BMXNJQ,A3CMZCLZ85VGKK
B08TQNHX8Z,A3CMZCLZ85VGKK
B08ML2QXJT,A3CMZCLZ85VGKK
B08LG977XX,A3CMZCLZ85VGKK
B07Y91RDSL,A3CMZCLZ85VGKK
B07TDSX3CR,A3CMZCLZ85VGKK
B079T62QHW,A3CMZCLZ85VGKK
B072WKHD68,A3CMZCLZ85VGKK
B00UCYDFYM,A3CMZCLZ85VGKK
B00KQ0QLY8,A3CMZCLZ85VGKK
B0078NEA3K,A3CMZCLZ85VGKK
B004BDP688,A3CMZCLZ85VGKK
B002Z36VJO,A3CMZCLZ85VGKK
B00006IZVG,A3CMZCLZ85VGKK
B07HNCFN7M,A3CMZCLZ85VGKK
B0132JK7Y4,A3CMZCLZ85VGKK
B00B9XDLU8,A3CMZCLZ85VGKK
B0096T6I20,A3CMZCLZ85VGKK
B00284AKHO,A3CMZCLZ85VGKK
B000UVENVG,A3CMZCLZ85VGKK
B000M6T3PA,A3CMZCLZ85VGKK
B000BM6718,A3CMZCLZ85VGKK
B0D4VSXHH6,A3CMZCLZ85VGKK
B0D17GSJS9,A3CMZCLZ85VGKK
B0CPHWL97Z,A3CMZCLZ85VGKK
B0CN91YRNK,A3CMZCLZ85VGKK
B0BZKMNFPP,A3CMZCLZ85VGKK
B0BVFTQ7DT,A3CMZCLZ85VGKK
B0BHF1Y62X,A3CMZCLZ85VGKK
B0BB74HHHT,A3CMZCLZ85VGKK
B01C7STLD4,A3CMZCLZ85VGKK
B0CT7JN4ZM,A3CMZCLZ85VGKK
B0CPSYTV3N,A3CMZCLZ85VGKK
B0BKMST3LJ,A3CMZCLZ85VGKK
B084G3LPKN,A3CMZCLZ85VGKK
B0BNJ552TR,A3CMZCLZ85VGKK
B01HT2YKH0,A3CMZCLZ85VGKK
B00WFFX1O0,A3CMZCLZ85VGKK
B082TM9Y4N,A3CMZCLZ85VGKK
B0B9TBHR8K,A3CMZCLZ85VGKK
B01MYZTF6E,A3CMZCLZ85VGKK
B009VGYT88,A3CMZCLZ85VGKK
B0964F2MFP,A3CMZCLZ85VGKK
B06ZZS6N79,A3CMZCLZ85VGKK
B004A7XVOG,A3CMZCLZ85VGKK
B09MVW5SYZ,A3CMZCLZ85VGKK
B0DGVXQSSP,A3CMZCLZ85VGKK
B0D91ZFWM2,A3CMZCLZ85VGKK
B0D6B7SD4K,A3CMZCLZ85VGKK
B0D1FQMXQT,A3CMZCLZ85VGKK
B0D1C45ZGL,A3CMZCLZ85VGKK
B0CY3NQ6DY,A3CMZCLZ85VGKK
B0CY3N6JBJ,A3CMZCLZ85VGKK
B0CX4BQLVT,A3CMZCLZ85VGKK
B0CT3ZSQFQ,A3CMZCLZ85VGKK
B0CR6TPT31,A3CMZCLZ85VGKK
B0CQ48WDG5,A3CMZCLZ85VGKK
B0CP4HR4ZG,A3CMZCLZ85VGKK
B0CN9MLMWV,A3CMZCLZ85VGKK
B0CN6Z2CR6,A3CMZCLZ85VGKK
B0CN3CYY5G,A3CMZCLZ85VGKK
B0CGPLQ1JF,A3CMZCLZ85VGKK
B0BSN6PTZV,A3CMZCLZ85VGKK
B0BL7931FG,A3CMZCLZ85VGKK
B0BL58SCW4,A3CMZCLZ85VGKK
B0BDLF1TW3,A3CMZCLZ85VGKK
B0BBS8DC6X,A3CMZCLZ85VGKK
B0B711L43F,A3CMZCLZ85VGKK
B0B5LVZRSS,A3CMZCLZ85VGKK
B0B5461QMG,A3CMZCLZ85VGKK
B0B1D3V5YK,A3CMZCLZ85VGKK
B09YMTL4JB,A3CMZCLZ85VGKK
B09R49TNWZ,A3CMZCLZ85VGKK
B09QNMMVQ4,A3CMZCLZ85VGKK
B09P44ZTTG,A3CMZCLZ85VGKK
B09J1PTBQZ,A3CMZCLZ85VGKK
B09B8W41FH,A3CMZCLZ85VGKK
B0972SKYTH,A3CMZCLZ85VGKK
B0CGJQNYMW,A3CMZCLZ85VGKK
B0CG9FMNDV,A3CMZCLZ85VGKK
B0CFG9DJ89,A3CMZCLZ85VGKK
B0CBTLHPNK,A3CMZCLZ85VGKK
B0C78LV5F9,A3CMZCLZ85VGKK
B0C5CHRQ39,A3CMZCLZ85VGKK
B0C21NSL7W,A3CMZCLZ85VGKK
B0C11X145C,A3CMZCLZ85VGKK
B0BZRVSH58,A3CMZCLZ85VGKK
B0BZJX21HW,A3CMZCLZ85VGKK
B0BZJCV6Z4,A3CMZCLZ85VGKK
B0BXP7YJQC,A3CMZCLZ85VGKK
B0BWMY4FX7,A3CMZCLZ85VGKK
B0BWFQGH31,A3CMZCLZ85VGKK
B0BV5VWNJ4,A3CMZCLZ85VGKK
B0BTD8MYKK,A3CMZCLZ85VGKK
B00EJNRHN2,A3CMZCLZ85VGKK
B00A3V9J9E,A3CMZCLZ85VGKK
B004N983YY,A3CMZCLZ85VGKK
B0047T6JXM,A3CMZCLZ85VGKK
B003YOB314,A3CMZCLZ85VGKK
B095PKDN79,A3CMZCLZ85VGKK
B08ZYBCNNY,A3CMZCLZ85VGKK
B08FDMQT97,A3CMZCLZ85VGKK
B08CGLG7QJ,A3CMZCLZ85VGKK
B08BLD7ZHZ,A3CMZCLZ85VGKK
B08964M94Y,A3CMZCLZ85VGKK
B088N71ZSW,A3CMZCLZ85VGKK
B088FN9VYL,A3CMZCLZ85VGKK
B081TSXVQR,A3CMZCLZ85VGKK
B07YCWCTXS,A3CMZCLZ85VGKK
B07Y917D4T,A3CMZCLZ85VGKK
B07XYNSK5Z,A3CMZCLZ85VGKK
B07RWBMNKY,A3CMZCLZ85VGKK
B07QGHNZRS,A3CMZCLZ85VGKK
B07NJDRWPC,A3CMZCLZ85VGKK
B07M6LX3H4,A3CMZCLZ85VGKK
B07LC2VRS5,A3CMZCLZ85VGKK
B07JKLJQ3D,A3CMZCLZ85VGKK
B07FSRSZMW,A3CMZCLZ85VGKK
B07FHDJW59,A3CMZCLZ85VGKK
B07CQK1LMQ,A3CMZCLZ85VGKK
B076K9JNQV,A3CMZCLZ85VGKK
B07514CJLW,A3CMZCLZ85VGKK
B073X77BP8,A3CMZCLZ85VGKK
B073PWKTLJ,A3CMZCLZ85VGKK
B072MHF1XR,A3CMZCLZ85VGKK
B072HGHHPS,A3CMZCLZ85VGKK
B01IHDC1US,A3CMZCLZ85VGKK
B015IZCBLC,A3CMZCLZ85VGKK
B00ZZ5DB5G,A3CMZCLZ85VGKK
B00MEQLJ4O,A3CMZCLZ85VGKK
B00ELHT3QK,A3CMZCLZ85VGKK
B0DSFTQ12K,A3RIXSMCG9L0F1
B09Z6H4P89,A3RIXSMCG9L0F1
B0DQ49WK4K,A3RIXSMCG9L0F1
B074M8XDJD,A3RIXSMCG9L0F1
B0C2JFCHNY,A3RIXSMCG9L0F1
B0BFVJ899K,A3RIXSMCG9L0F1
B09SJ213YK,A3RIXSMCG9L0F1
B0DHVL2ZW5,A3RIXSMCG9L0F1
B0BG7HGM2P,A3RIXSMCG9L0F1
B07VQ7NKS6,A3RIXSMCG9L0F1
B0DP253L8F,A3RIXSMCG9L0F1
B0D1G43BBV,A3RIXSMCG9L0F1
B0D4M7F5XZ,A3RIXSMCG9L0F1
B005SKTGSE,A3RIXSMCG9L0F1
B0DP6YBHKT,A3RIXSMCG9L0F1
B0DCH22CDK,A3RIXSMCG9L0F1
B0CNKKRBHK,A3RIXSMCG9L0F1
B0C2CD9K2G,A3RIXSMCG9L0F1
B07JVFXV53,A3RIXSMCG9L0F1
B093DNFS9L,A3RIXSMCG9L0F1
B0DS9SKR7V,A3RIXSMCG9L0F1
B0DRTD55GS,A3RIXSMCG9L0F1
B0D221CNH8,A3RIXSMCG9L0F1
B0CY86L22Y,A3RIXSMCG9L0F1
B0CQW3DBK3,A3RIXSMCG9L0F1
B0CPVH58WH,A3RIXSMCG9L0F1
B0BV9XGVRZ,A3RIXSMCG9L0F1
B0BBG8GNWP,A3RIXSMCG9L0F1
B0BBFVZH5H,A3RIXSMCG9L0F1
B0B2RKZB35,A3RIXSMCG9L0F1
B09ZTGZB4Q,A3RIXSMCG9L0F1
B08SQXCMNR,A3RIXSMCG9L0F1
B09ZJ9NQVN,A3RIXSMCG9L0F1
B0CXSNV3J4,A3RIXSMCG9L0F1
B0811JCLLZ,A3RIXSMCG9L0F1
B097CZ8C2L,A3RIXSMCG9L0F1
B013WB951I,A3RIXSMCG9L0F1
B07GRBDJR8,A3RIXSMCG9L0F1
B097N635XG,A3RIXSMCG9L0F1
B0DQP6M6DN,A3RIXSMCG9L0F1
B06XFJ4BYC,A3RIXSMCG9L0F1
B07Q8DYYQ7,A3RIXSMCG9L0F1
B08WRSH3H4,A3RIXSMCG9L0F1
B07FZVTL9G,A3RIXSMCG9L0F1
B0CCFPF9CC,A3RIXSMCG9L0F1
B0CXPKY6QS,A3RIXSMCG9L0F1
B0B3RJDF7H,A3RIXSMCG9L0F1
B0CPDS896J,A3RIXSMCG9L0F1
B0BBYBTSP1,A3RIXSMCG9L0F1
B0C5X24PVF,A3RIXSMCG9L0F1
B00TSJFL5S,A3RIXSMCG9L0F1
B0DD7DSCWB,A3RIXSMCG9L0F1
B00UB2MTM4,A3RIXSMCG9L0F1
B09XXN57R6,A3RIXSMCG9L0F1
B07D55Z1G3,A3RIXSMCG9L0F1
B0CQVCDJLS,A3RIXSMCG9L0F1
B08T5PVHDZ,A3RIXSMCG9L0F1
B0BZL9Q9P7,A3RIXSMCG9L0F1
B0951ZZHS3,A3RIXSMCG9L0F1
B01770182Y,A3RIXSMCG9L0F1
B0DCNZH5Q2,A3RIXSMCG9L0F1
1589382773,A3RIXSMCG9L0F1
B08LZ6WQT7,A3RIXSMCG9L0F1
B0CCN96LM6,A3RIXSMCG9L0F1
B08GBCWWPQ,A3RIXSMCG9L0F1
B0C2KM67J6,A3RIXSMCG9L0F1
B0CM3CTPBF,A3RIXSMCG9L0F1
B09NPZCZ99,A3RIXSMCG9L0F1
B0C2C714RN,A3RIXSMCG9L0F1
B0BMX7ZTK1,A3RIXSMCG9L0F1
B07D3KZSBK,A3RIXSMCG9L0F1
B0001I9W82,A3RIXSMCG9L0F1
B0D5HY8P8Q,A3RIXSMCG9L0F1
B01N6IX9TY,A3RIXSMCG9L0F1
B09JWKTKWH,A3RIXSMCG9L0F1
B08CBSDP31,A3RIXSMCG9L0F1
B0CHJRX2TN,A3RIXSMCG9L0F1
B09DPCVZG7,A3RIXSMCG9L0F1
B09C1CXN5R,A3RIXSMCG9L0F1
B0D41QXVR2,A3RIXSMCG9L0F1
B00NZK1BUU,A3RIXSMCG9L0F1
B00004T1HD,A3RIXSMCG9L0F1
B09R4SX722,A3RIXSMCG9L0F1
B093PL6L57,A3RIXSMCG9L0F1
B0998F98SP,A3RIXSMCG9L0F1
B085NJHR3T,A3RIXSMCG9L0F1
B0BP2FVLX5,A3RIXSMCG9L0F1
B09876QC3D,A3RIXSMCG9L0F1
B0CS9P567R,A3RIXSMCG9L0F1
B09CKB92YS,A3RIXSMCG9L0F1
B0BTH1VRX9,A3RIXSMCG9L0F1
B0CVG3398T,A3RIXSMCG9L0F1
B0946KJRLS,A3RIXSMCG9L0F1
B0711J9JRT,A3RIXSMCG9L0F1
B0D5QL6YZV,A3RIXSMCG9L0F1
B0CKQZLXMZ,A3RIXSMCG9L0F1
B092ZNSHJG,A3RIXSMCG9L0F1
B0BRNQDR77,A3RIXSMCG9L0F1
B07HRSF46X,A3RIXSMCG9L0F1
B09LCSVLW2,A3RIXSMCG9L0F1
B0D6B9D6CX,A3RIXSMCG9L0F1
B0B425J8DL,A3RIXSMCG9L0F1
B08DHVB1D9,A3RIXSMCG9L0F1
B09HH738PM,A3RIXSMCG9L0F1
B093TFV9PM,A3RIXSMCG9L0F1
B0DDKW4VVL,A3RIXSMCG9L0F1
B08433ZW6Z,A3RIXSMCG9L0F1
B07DL1MBB2,A3RIXSMCG9L0F1
B07VB56XCZ,A3RIXSMCG9L0F1
B0BH2TWLLL,A3RIXSMCG9L0F1
B08XTV1KDK,A3RIXSMCG9L0F1
B0C37W97Z7,A3RIXSMCG9L0F1
B07ZCP6V9C,A3RIXSMCG9L0F1
B07S9JWX8F,A3RIXSMCG9L0F1
B09GRJ2SRG,A3RIXSMCG9L0F1
B0BS761P4G,A3RIXSMCG9L0F1
B0BNB7M371,A3RIXSMCG9L0F1
B00L6UZLNO,A3RIXSMCG9L0F1
B0CFGTHTLB,A3RIXSMCG9L0F1
B0BQ6WFFYR,A3RIXSMCG9L0F1
B0C13X3BNJ,A3RIXSMCG9L0F1
B00J3ZYEJQ,A3RIXSMCG9L0F1
B08P42D2C4,A3RIXSMCG9L0F1
B09WQTR75V,A3RIXSMCG9L0F1
B07D56V6VC,A3RIXSMCG9L0F1
B0DCNM8DYJ,A3RIXSMCG9L0F1
B0C37BJ1C7,A3RIXSMCG9L0F1
B0D21Z6ST7,A3RIXSMCG9L0F1
B09NPCTH9N,A3RIXSMCG9L0F1
B0CTYKJHQW,A3RIXSMCG9L0F1
B0CG5KTGJH,A3RIXSMCG9L0F1
B08T19NWGK,A3RIXSMCG9L0F1
B08L6DRBQ1,A3RIXSMCG9L0F1
B0B7G8CGGY,A3RIXSMCG9L0F1
B0BKG8X2NL,A3RIXSMCG9L0F1
B0000047B9,A3RIXSMCG9L0F1
B0CWCB3Z7Q,A3RIXSMCG9L0F1
B07JH1FLCX,A3RIXSMCG9L0F1
B0CJR8V2S4,A3RIXSMCG9L0F1
B08F1JXCR4,A3RIXSMCG9L0F1
B0B4VFPHHB,A3RIXSMCG9L0F1
B09LRG8YKX,A3RIXSMCG9L0F1
B017B7KW4I,A3RIXSMCG9L0F1
B0CSMZYW27,A3RIXSMCG9L0F1
B0924SPXV7,A3RIXSMCG9L0F1
B0986PV3HP,A3RIXSMCG9L0F1
B09XDYF3RL,A3RIXSMCG9L0F1
B0CYZBZVMH,A3RIXSMCG9L0F1
B081ZTYKLK,A3RIXSMCG9L0F1
B008MZZCKI,A3RIXSMCG9L0F1
B0D6W71WMY,A3RIXSMCG9L0F1
B0C4H3HM9C,A3RIXSMCG9L0F1
B0BQBV9CNQ,A3RIXSMCG9L0F1
B09CCRLTVJ,A3RIXSMCG9L0F1
B01MG8AZ30,A3RIXSMCG9L0F1
B07H2CC3YN,A3RIXSMCG9L0F1
B08L3KGTVT,A3RIXSMCG9L0F1
B08DXJS1F6,A3RIXSMCG9L0F1
B0006SSN1Y,A3RIXSMCG9L0F1
B08M6GVCB2,A3RIXSMCG9L0F1
B096TNJKW4,A3RIXSMCG9L0F1
B0DCJP4HT8,A3RIXSMCG9L0F1
B0DTJ9JKWM,A3RIXSMCG9L0F1
B09F92SR6J,A3RIXSMCG9L0F1
B07CXMJVS6,A3RIXSMCG9L0F1
B01DBVGZSA,A3RIXSMCG9L0F1
B07T2NFQT4,A3RIXSMCG9L0F1
B08RJ4H5ZH,A3RIXSMCG9L0F1
B09Z9DTBB7,A3RIXSMCG9L0F1
B0BGPGT331,A3RIXSMCG9L0F1
B0B4J7FN7X,A3RIXSMCG9L0F1
B0B427PS5Y,A3RIXSMCG9L0F1
B0C5DWTPF4,A3RIXSMCG9L0F1
B0742MCHSQ,A3RIXSMCG9L0F1
B0CQMZZDPP,A3RIXSMCG9L0F1
B09GXVXM3Z,A3RIXSMCG9L0F1
B0CG4WDR9V,A3RIXSMCG9L0F1
B08D8FCXVW,A3RIXSMCG9L0F1
B0B4JX9F82,A3RIXSMCG9L0F1
B07QFVRWHF,A3RIXSMCG9L0F1
B0BDVQR9TZ,A3RIXSMCG9L0F1
B0DFWDKLSL,A3RIXSMCG9L0F1
B0834J4W1L,A3RIXSMCG9L0F1
B07Q59VZJH,A3RIXSMCG9L0F1
B0DQKVCXLF,A3RIXSMCG9L0F1
B09X1J5VTB,A3RIXSMCG9L0F1
B0763ZGDCK,A3RIXSMCG9L0F1
B0DJ4HC8Y3,A3RIXSMCG9L0F1
B0CHFDJT2M,A3RIXSMCG9L0F1
B07YRRLN8J,A3RIXSMCG9L0F1
B0CX58566D,A3RIXSMCG9L0F1
B0B6YSM73D,A3RIXSMCG9L0F1
B08L86WKD6,A3RIXSMCG9L0F1
B09N7NN89T,A3RIXSMCG9L0F1
B06XPS2MWH,A3RIXSMCG9L0F1
B0DHG43GSH,A3RIXSMCG9L0F1
B081ZS7CD7,A3RIXSMCG9L0F1
B0DF72GBWW,A3RIXSMCG9L0F1
B0CH4CFDT9,A3RIXSMCG9L0F1
B0CCSHRY7D,A3RIXSMCG9L0F1
B0CBX22D2H,A3RIXSMCG9L0F1
B0C9WHKFNF,A3RIXSMCG9L0F1
B0C7KYKVJH,A3RIXSMCG9L0F1
B0C76BDRV1,A3RIXSMCG9L0F1
B0C6ZJP1W6,A3RIXSMCG9L0F1
B0C5X4XQ4S,A3RIXSMCG9L0F1
B0C1V41JHF,A3RIXSMCG9L0F1
B0BZZK4DWV,A3RIXSMCG9L0F1
B0BY6FMQQF,A3RIXSMCG9L0F1
B0BXCYY9HC,A3RIXSMCG9L0F1
B0BM657N8F,A3RIXSMCG9L0F1
B0BCVMFP3D,A3RIXSMCG9L0F1
B0BCH86FMS,A3RIXSMCG9L0F1
B0BBGD3SZ3,A3RIXSMCG9L0F1
B0B1CKRB2F,A3RIXSMCG9L0F1
B0BPM666LW,A3RIXSMCG9L0F1
B09P1CVNV4,A3RIXSMCG9L0F1
B09F3KGL33,A3RIXSMCG9L0F1
B0D6BKB21H,A3RIXSMCG9L0F1
B09P3QMKDD,A3RIXSMCG9L0F1
B07B6K9SZQ,A3RIXSMCG9L0F1
B01MFEMR2S,A3RIXSMCG9L0F1
B0D5HTHBKN,A3RIXSMCG9L0F1
B0CX3HLCKZ,A3RIXSMCG9L0F1
B07B66XFY1,A3RIXSMCG9L0F1
B0D3DTT66R,A3RIXSMCG9L0F1
B0D2H5S9YR,A3RIXSMCG9L0F1
B09XV4GGQ5,A3RIXSMCG9L0F1
B09Q5MWHDT,A3RIXSMCG9L0F1
B0DXF37VK4,A3RIXSMCG9L0F1
B0DTXYC2X9,A3RIXSMCG9L0F1
B0DS16SNQ4,A3RIXSMCG9L0F1
B0DPQ8FKCN,A3RIXSMCG9L0F1
B0DGKZCCFG,A3RIXSMCG9L0F1
B0DBLQJHPX,A3RIXSMCG9L0F1
B0D9823TBT,A3RIXSMCG9L0F1
B0D4R4NZQL,A3RIXSMCG9L0F1
B0CXQ53XTW,A3RIXSMCG9L0F1
B0CW1MGY77,A3RIXSMCG9L0F1
B0CSFXVWPX,A3RIXSMCG9L0F1
B0CR185WVK,A3RIXSMCG9L0F1
B0CN6SLNMH,A3RIXSMCG9L0F1
B0CMM27992,A3RIXSMCG9L0F1
B0CLRPJVGX,A3RIXSMCG9L0F1
B0CKV7FH5W,A3RIXSMCG9L0F1
B0CG9NCP7L,A3RIXSMCG9L0F1
B0CDQ5MMHP,A3RIXSMCG9L0F1
B002IV89UW,A3RIXSMCG9L0F1
B0D9P2LPLB,A3RIXSMCG9L0F1
B07FL6YDQT,A3RIXSMCG9L0F1
B0982XD8XR,A3RIXSMCG9L0F1
B0D2QXC2SH,A3RIXSMCG9L0F1
B006HN5LFI,A3RIXSMCG9L0F1
B0DQ8RTRM4,A3RIXSMCG9L0F1
B0052TZZI6,A3RIXSMCG9L0F1
B0BZSBCSJ3,A3RIXSMCG9L0F1
B0CNQ334NW,A3RIXSMCG9L0F1
B0DCZ4GNR7,A3RIXSMCG9L0F1
B0DNLTZ2MP,A3RIXSMCG9L0F1
B000HHJM46,A3RIXSMCG9L0F1
B09MK9915Y,A3RIXSMCG9L0F1
B08SM9FC4Q,A3RIXSMCG9L0F1
B0986KWGFP,A3RIXSMCG9L0F1
B08XV2N59X,A3RIXSMCG9L0F1
B0BHTBLV93,A3RIXSMCG9L0F1
B0CD9TWNKQ,A3RIXSMCG9L0F1
B0B1HPSW33,A3RIXSMCG9L0F1
B085MBD95K,A3RIXSMCG9L0F1
B0DKDBWDXG,A3RIXSMCG9L0F1
B0C39VBWPP,A3RIXSMCG9L0F1
B09NJN3Q9K,A3RIXSMCG9L0F1
B07Z9C96FC,A3RIXSMCG9L0F1
B07VPDQ1V1,A3RIXSMCG9L0F1
B07S9CY43L,A3RIXSMCG9L0F1
B07QQL6DN7,A3RIXSMCG9L0F1
B07FF46FM2,A3RIXSMCG9L0F1
B016J9WUHG,A3RIXSMCG9L0F1
B09W28QLJ5,A3RIXSMCG9L0F1
B09TXS4WPX,A3RIXSMCG9L0F1
B09SPMMR33,A3RIXSMCG9L0F1
B09J633KDH,A3RIXSMCG9L0F1
B09GFRLD97,A3RIXSMCG9L0F1
B09FJYM3MK,A3RIXSMCG9L0F1
B09FJH497X,A3RIXSMCG9L0F1
B0983C5JPH,A3RIXSMCG9L0F1
B094PX3G8F,A3RIXSMCG9L0F1
B08BYMKPJ5,A3RIXSMCG9L0F1
B085BPM3ZN,A3RIXSMCG9L0F1
B083NBSTQ8,A3RIXSMCG9L0F1
B083N3HSJ6,A3RIXSMCG9L0F1
B0822FDD17,A3RIXSMCG9L0F1
B07ZK5LJJM,A3RIXSMCG9L0F1
B07ZCPB957,A3RIXSMCG9L0F1
B0DG2Q2LJN,A3RIXSMCG9L0F1
B0DN19NNHV,A3RIXSMCG9L0F1
B00ZO20IKQ,A3RIXSMCG9L0F1
B0DF6LRQD3,A3RIXSMCG9L0F1
B0B2ZMHKRV,A3RIXSMCG9L0F1
B0CQN69W42,A3RIXSMCG9L0F1
B0CF99ZX6L,A3RIXSMCG9L0F1
B0DHGV2WDS,A3RIXSMCG9L0F1
B0D69CC9G8,A3RIXSMCG9L0F1
B0CH9V6WHZ,A3RIXSMCG9L0F1
B09NFKLS1V,A3RIXSMCG9L0F1
B08PSQ94ST,A3RIXSMCG9L0F1
B0D3W9K4WC,A3RIXSMCG9L0F1
B0CZT8G1XK,A3RIXSMCG9L0F1
B00B4NNRAW,A3RIXSMCG9L0F1
B0CZ94V86P,A3RIXSMCG9L0F1
B0DDTDZ9DH,A3RIXSMCG9L0F1
B0CJSX8BZ2,A3RIXSMCG9L0F1
B0DF2Q4CJS,A3RIXSMCG9L0F1
B09JMDDMHS,A3RIXSMCG9L0F1
B0DF78YRNL,A3RIXSMCG9L0F1
B08YNDL999,A3RIXSMCG9L0F1
B08DXVZ8WC,A3RIXSMCG9L0F1
B07SJQG8NY,A3RIXSMCG9L0F1
B07R496F4X,A3RIXSMCG9L0F1
B01G2VPZTQ,A3RIXSMCG9L0F1
B0D9VB9KSN,A3RIXSMCG9L0F1
B07D548T42,A3RIXSMCG9L0F1
B09QGSBL8B,A3RIXSMCG9L0F1
B0C4P3KVXZ,A3RIXSMCG9L0F1
B0CSVKZN9R,A3RIXSMCG9L0F1
B0D8YFR7LB,A3RIXSMCG9L0F1
B0CP2Q3WHM,A3RIXSMCG9L0F1
B08J6VH83N,A3RIXSMCG9L0F1
B0BTK87Q84,A3RIXSMCG9L0F1
B0CMN7KDST,A3RIXSMCG9L0F1
B0CR789MHC,A3RIXSMCG9L0F1
B00VSSHG3C,A3RIXSMCG9L0F1
B0CNXHVYY3,A3RIXSMCG9L0F1
B008BWA3YW,A3RIXSMCG9L0F1
B008OOFC3O,A3RIXSMCG9L0F1
B07YDCC5MF,A3RIXSMCG9L0F1
B07W3ZT2CS,A3RIXSMCG9L0F1
B0B63NMZVF,A3RIXSMCG9L0F1
B00CH8M9KW,A3RIXSMCG9L0F1
B0BXGPD23L,A3RIXSMCG9L0F1
B0C774LWX2,A3RIXSMCG9L0F1
B09MJYX8CT,A3RIXSMCG9L0F1
B088ZV26PH,A3RIXSMCG9L0F1
B0CY99B6D2,A3RIXSMCG9L0F1
B0BS2Z8LLJ,A3RIXSMCG9L0F1
B0DTQDGJB5,A3RIXSMCG9L0F1
B0CV8YBG41,A3RIXSMCG9L0F1
B0DBLHVGV7,A3RIXSMCG9L0F1
B085XZBLHW,A3RIXSMCG9L0F1
B0B1TTRRHG,A3RIXSMCG9L0F1
B09CDCTS92,A3RIXSMCG9L0F1
B0D4V19VJG,A3RIXSMCG9L0F1
B0D827M4XP,A3RIXSMCG9L0F1
B0D5X7T3DG,A3RIXSMCG9L0F1
B07FTDNVWR,A3RIXSMCG9L0F1
B07HJCNYHK,A3RIXSMCG9L0F1
B07Q6D2NDB,A3RIXSMCG9L0F1
B097YH7P69,A3RIXSMCG9L0F1
B09TJ74RHD,A3RIXSMCG9L0F1
B0BYNS972C,A3RIXSMCG9L0F1
B09FPMKLQ5,A3RIXSMCG9L0F1
B07GPKHF1N,A3RIXSMCG9L0F1
B0CP13431S,A3RIXSMCG9L0F1
B0D4YD3TJQ,A3RIXSMCG9L0F1
B01JC5VL4W,A3RIXSMCG9L0F1
B01N8X5FGQ,A3RIXSMCG9L0F1
B08NPXVDZ7,A3RIXSMCG9L0F1
B0C1MZDL15,A3RIXSMCG9L0F1
B0BX2PLLNY,A3RIXSMCG9L0F1
B09K5D37JR,A3RIXSMCG9L0F1
B07B956T7C,A3RIXSMCG9L0F1
B000005H4E,A3RIXSMCG9L0F1
B0C5X29VXG,A3RIXSMCG9L0F1
B0DL9Q6K8P,A3RIXSMCG9L0F1
B0B25D3T7B,A3RIXSMCG9L0F1
B09F2XL49B,A3RIXSMCG9L0F1
B0DLB33YR5,A3RIXSMCG9L0F1
B0DK8946J7,A3RIXSMCG9L0F1
B01N2O68HQ,A3RIXSMCG9L0F1
B0BMKCWSX4,A3RIXSMCG9L0F1
B0BR5Y96FT,A3RIXSMCG9L0F1
B0DHJ71RNG,A3RIXSMCG9L0F1
B0DHL2MH6B,A3RIXSMCG9L0F1
B00JQ52DKA,A3RIXSMCG9L0F1
B0BBM3L99V,A3RIXSMCG9L0F1
B09MB41F7V,A3RIXSMCG9L0F1
B0D7VTB32G,A3RIXSMCG9L0F1
B0001CNQEO,A3RIXSMCG9L0F1
B0C7H8N8WV,A3RIXSMCG9L0F1
B0D14WL6Z2,A3RIXSMCG9L0F1
B09YRMKLL5,A3RIXSMCG9L0F1
B09JLG7Q76,A3RIXSMCG9L0F1
B072143GQX,A3RIXSMCG9L0F1
B0CGNVTG98,A3RIXSMCG9L0F1
B08BG2DJPN,A3RIXSMCG9L0F1
B09756TW7J,A3RIXSMCG9L0F1
B00EW147IY,A3RIXSMCG9L0F1
B0CLL4LW2H,A3RIXSMCG9L0F1
B09WH3GWKL,A3RIXSMCG9L0F1
B0B7NYV59W,A3RIXSMCG9L0F1
B07WDKCBS7,A3RIXSMCG9L0F1
B0DPFYCPDW,A3RIXSMCG9L0F1
B08CTQ9LHB,A3RIXSMCG9L0F1
B0885WWXZQ,A3RIXSMCG9L0F1
B0BXL5M92R,A3RIXSMCG9L0F1
B0BC875CPX,A3RIXSMCG9L0F1
B0B1WWX8PP,A3RIXSMCG9L0F1
B093NHP714,A3RIXSMCG9L0F1
B06XJMTJHH,A3RIXSMCG9L0F1
B092QMSQDH,A3RIXSMCG9L0F1
B0F17KXPQM,A3RIXSMCG9L0F1
B09TKGPCM7,A3RIXSMCG9L0F1
B0DGGP3QVM,A3RIXSMCG9L0F1
B0CC1CYTF7,A3RIXSMCG9L0F1
B0D7RNFKJ8,A3RIXSMCG9L0F1
B0BLN74QQZ,A3RIXSMCG9L0F1
B0CP7KXTXP,A3RIXSMCG9L0F1
B09791C1VG,A3RIXSMCG9L0F1
B0CBPZ1YLG,A3RIXSMCG9L0F1
B0D9BTL63S,A3RIXSMCG9L0F1
B07GL8FKCS,A3RIXSMCG9L0F1
B0DYZFXKM5,A3RIXSMCG9L0F1
B07C5Y48DH,A3RIXSMCG9L0F1
B0DWKC92DG,A3RIXSMCG9L0F1
B071V68ZC3,A3RIXSMCG9L0F1
B0DT3XJ5GV,A3RIXSMCG9L0F1
B0DT3RKWDT,A3RIXSMCG9L0F1
B0DT3N7CYR,A3RIXSMCG9L0F1
B0DT1DCZ63,A3RIXSMCG9L0F1
B0DS64VB9B,A3RIXSMCG9L0F1
B0DS2G9PXK,A3RIXSMCG9L0F1
B0DQL4Q42B,A3RIXSMCG9L0F1
B0DPSRPJFK,A3RIXSMCG9L0F1
B0D7M8RB6J,A3RIXSMCG9L0F1
B0D1G8273N,A3RIXSMCG9L0F1
B0CZJ643CW,A3RIXSMCG9L0F1
B0B1BYBZRP,A3RIXSMCG9L0F1
B0CD7HKY9Z,A3RIXSMCG9L0F1
B07YZN5CZ1,A3RIXSMCG9L0F1
B0C9S16QGK,A3RIXSMCG9L0F1
B09YTSYPDZ,A3RIXSMCG9L0F1
B0BK8CZCTP,A3RIXSMCG9L0F1
B0BK8CSDQC,A3RIXSMCG9L0F1
B0BK8BYZGT,A3RIXSMCG9L0F1
B0BK8BXGLX,A3RIXSMCG9L0F1
B09Z76QNVQ,A3RIXSMCG9L0F1
B09NN4K69V,A3RIXSMCG9L0F1
B09MF5KGS5,A3RIXSMCG9L0F1
B09J8GGG7C,A3RIXSMCG9L0F1
B09G5PSHY1,A3RIXSMCG9L0F1
B09FKTRFH3,A3RIXSMCG9L0F1
B09BDHRL4K,A3RIXSMCG9L0F1
B09BCBQ6V8,A3RIXSMCG9L0F1
B09BC9NQGR,A3RIXSMCG9L0F1
B098JBWW8C,A3RIXSMCG9L0F1
B0974RVGRG,A3RIXSMCG9L0F1
B096Y364XB,A3RIXSMCG9L0F1
B0CTQ6W3D3,A3RIXSMCG9L0F1
B0CP5L1H65,A3RIXSMCG9L0F1
B0CNCHL5VP,A3RIXSMCG9L0F1
B0CKPJZSWZ,A3RIXSMCG9L0F1
B0CKN54WHD,A3RIXSMCG9L0F1
B0CCDCFHFY,A3RIXSMCG9L0F1
B0C5GZ372R,A3RIXSMCG9L0F1
B0C4HCBKQT,A3RIXSMCG9L0F1
B0BZYRNZ2B,A3RIXSMCG9L0F1
B0BZ5B1JDH,A3RIXSMCG9L0F1
B0BYZLVK8X,A3RIXSMCG9L0F1
B0BXL57GK1,A3RIXSMCG9L0F1
B0BQ6QLFRH,A3RIXSMCG9L0F1
B0BL1BMNYT,A3RIXSMCG9L0F1
B0BK8DBZPJ,A3RIXSMCG9L0F1
B0BK8D5WQM,A3RIXSMCG9L0F1
B0CB19H4WN,A3RIXSMCG9L0F1
B0B2ZYHJKP,A3RIXSMCG9L0F1
B0BL3FZHQF,A3RIXSMCG9L0F1
B0DDNNFVN5,A3RIXSMCG9L0F1
B09Q63L1FQ,A3RIXSMCG9L0F1
B08MVLMHDR,A3RIXSMCG9L0F1
B09PG29G69,A3RIXSMCG9L0F1
B07JL7TKK3,A3RIXSMCG9L0F1
B0969Y8ZY6,A3RIXSMCG9L0F1
B0DM6M33TM,A3RIXSMCG9L0F1
B08K8GLVY2,A3RIXSMCG9L0F1
B0C9CHSL92,A3RIXSMCG9L0F1
B08GYG5YB5,A3RIXSMCG9L0F1
B092MB2Q3V,A3RIXSMCG9L0F1
B07NCMTC1G,A3RIXSMCG9L0F1
B082MQP7ZP,A3RIXSMCG9L0F1
B09293XCB2,A3RIXSMCG9L0F1
B08ZJ2XNG2,A3RIXSMCG9L0F1
B08R3P2S4Z,A3RIXSMCG9L0F1
B08QZ8TZ7H,A3RIXSMCG9L0F1
B08P5B6Q8W,A3RIXSMCG9L0F1
B08F4WDCVW,A3RIXSMCG9L0F1
B08DHRK94V,A3RIXSMCG9L0F1
B087D11TZC,A3RIXSMCG9L0F1
B081YD7Y2H,A3RIXSMCG9L0F1
B07ZHHN14C,A3RIXSMCG9L0F1
B07Z9JC74F,A3RIXSMCG9L0F1
B07WV6X74X,A3RIXSMCG9L0F1
B07NTKK16D,A3RIXSMCG9L0F1
B07G3JTHR7,A3RIXSMCG9L0F1
B07C5BHRMN,A3RIXSMCG9L0F1
B008TPTL1M,A3RIXSMCG9L0F1
B08D6HYYKQ,A3RIXSMCG9L0F1
B07JFMZ4W7,A3RIXSMCG9L0F1
B0CDHFH454,A3RIXSMCG9L0F1
B09FZ3YF3D,A3RIXSMCG9L0F1
B0B432SVV9,A3RIXSMCG9L0F1
B09XHYG4SG,A3RIXSMCG9L0F1
B09D3N9MG6,A3RIXSMCG9L0F1
B08LH69GNX,A3RIXSMCG9L0F1
B08GRRKHHV,A3RIXSMCG9L0F1
B07FM7C19M,A3RIXSMCG9L0F1
B0BG39Q2RG,A3RIXSMCG9L0F1
B09MP3BGFM,A3RIXSMCG9L0F1
B0CQCC7HPM,A3RIXSMCG9L0F1
B07T6LQ45S,A3RIXSMCG9L0F1
B07F1MXGYW,A3RIXSMCG9L0F1
B00KLUX4FW,A3RIXSMCG9L0F1
B0773DQLV8,A3RIXSMCG9L0F1
B0C4YVW4K5,A3RIXSMCG9L0F1
B07ZM9HGKZ,A3RIXSMCG9L0F1
B0C1MWG7YC,A3RIXSMCG9L0F1
B08PW6SZ6L,A3RIXSMCG9L0F1
B0B9SBLLMN,A3RIXSMCG9L0F1
B0BW982LC7,A3RIXSMCG9L0F1
B09XRDXWPD,A3RIXSMCG9L0F1
B0CM5LBD36,A3RIXSMCG9L0F1
B086PNXQSN,A3RIXSMCG9L0F1
B072KD2XWF,A3RIXSMCG9L0F1
B0DLR9ZX2Q,A3RIXSMCG9L0F1
B0BTBFV6JP,A3RIXSMCG9L0F1
B0DHCBTSL5,A3RIXSMCG9L0F1
B0D7PY8NJQ,A3RIXSMCG9L0F1
B0D8P7JHWW,A3RIXSMCG9L0F1
B07PCKQRB4,A3RIXSMCG9L0F1
B08ZSJ4R8J,A3RIXSMCG9L0F1
B077PQYKSV,A3RIXSMCG9L0F1
B08M9VMCB2,A3RIXSMCG9L0F1
B088MHK6X5,A3RIXSMCG9L0F1
B08L378THS,A3RIXSMCG9L0F1
B09D8892BF,A3RIXSMCG9L0F1
B07SSX2PXH,A3RIXSMCG9L0F1
B088KQ25F8,A3RIXSMCG9L0F1
B07H6T5RTQ,A3RIXSMCG9L0F1
B08KF7YC77,A3RIXSMCG9L0F1
B07GL7Y7GS,A3RIXSMCG9L0F1
B0DJR7KPBV,A3RIXSMCG9L0F1
B07CTZJ49Z,A3RIXSMCG9L0F1
B0DJPX2QVH,A3RIXSMCG9L0F1
B07CMM178N,A3RIXSMCG9L0F1
B0BSFBW7QF,A3RIXSMCG9L0F1
B0CNR33MMC,A3RIXSMCG9L0F1
B07V5TX2FD,A3RIXSMCG9L0F1
B0CD5BYKKK,A3RIXSMCG9L0F1
B09YZ21PJK,A3RIXSMCG9L0F1
B0C2PQHG4P,A3RIXSMCG9L0F1
B07BZLFK2R,A3RIXSMCG9L0F1
B0BGNS9WH8,A3RIXSMCG9L0F1
B0BGKJV3MC,A3RIXSMCG9L0F1
B0B9MBZPSY,A3RIXSMCG9L0F1
B088MJKQ4F,A3RIXSMCG9L0F1
B0B1DV2K38,A3RIXSMCG9L0F1
B095WT12S3,A3RIXSMCG9L0F1
B09X7DT4PC,A3RIXSMCG9L0F1
B07NBRPVZ7,A3RIXSMCG9L0F1
B09JSDW1PH,A3RIXSMCG9L0F1
B09W8SQCRJ,A3RIXSMCG9L0F1
B09B4PJZLX,A3RIXSMCG9L0F1
B09336RX24,A3RIXSMCG9L0F1
B08G52GFH1,A3RIXSMCG9L0F1
B089JZLLSB,A3RIXSMCG9L0F1
B07KLKK32B,A3RIXSMCG9L0F1
B094JLG6T8,A3RIXSMCG9L0F1
B093D29JR4,A3RIXSMCG9L0F1
B08934287B,A3RIXSMCG9L0F1
B0BGKRB4DJ,A3RIXSMCG9L0F1
B092VWC13C,A3RIXSMCG9L0F1
B08NXYLFBF,A3RIXSMCG9L0F1
B06WGP26S6,A3RIXSMCG9L0F1
B0DMQ6K6PY,A3RIXSMCG9L0F1
B0D8QP8732,A3RIXSMCG9L0F1
B0B975HQ9F,A3RIXSMCG9L0F1
B07DPTMC6J,A3RIXSMCG9L0F1
B0DHH1SS17,A3RIXSMCG9L0F1
B0CR9W3R5Q,A3RIXSMCG9L0F1
B0913BJH1B,A3RIXSMCG9L0F1
B08FX9284N,A3RIXSMCG9L0F1
B089Y1YBJ6,A3RIXSMCG9L0F1
B089524JL2,A3RIXSMCG9L0F1
B083TH6K3P,A3RIXSMCG9L0F1
B07SBCTKC2,A3RIXSMCG9L0F1
B07CQC845D,A3RIXSMCG9L0F1
B0752XMPVX,A3RIXSMCG9L0F1
B0DSSC73MG,A3RIXSMCG9L0F1
B0DRS4XD8Q,A3RIXSMCG9L0F1
B0DPQG1SPP,A3RIXSMCG9L0F1
B0DNSR9G5W,A3RIXSMCG9L0F1
B0DNMPK6KC,A3RIXSMCG9L0F1
B0DMQM179Q,A3RIXSMCG9L0F1
B0DKBXS417,A3RIXSMCG9L0F1
B0DFW19ZBB,A3RIXSMCG9L0F1
B0D7TSFCNS,A3RIXSMCG9L0F1
B0D4QD4G72,A3RIXSMCG9L0F1
B0D2H8KSKK,A3RIXSMCG9L0F1
B0D1Y7BN98,A3RIXSMCG9L0F1
B0CWR9MPNT,A3RIXSMCG9L0F1
B0CTQBG79W,A3RIXSMCG9L0F1
B0CRQ7NYSL,A3RIXSMCG9L0F1
B0CRD99TVC,A3RIXSMCG9L0F1
B0CRBJK3R4,A3RIXSMCG9L0F1
B0CPFLG19P,A3RIXSMCG9L0F1
B0CLJM7X2Q,A3RIXSMCG9L0F1
B0CKPT2RDQ,A3RIXSMCG9L0F1
B0CHMZQC8M,A3RIXSMCG9L0F1
B0CG3C3ML3,A3RIXSMCG9L0F1
B0C9LN8SDL,A3RIXSMCG9L0F1
B0C6XPJBVZ,A3RIXSMCG9L0F1
B0C6FJG59V,A3RIXSMCG9L0F1
B0C68MXZGX,A3RIXSMCG9L0F1
B0C5M5J4L4,A3RIXSMCG9L0F1
B0C5LZKDF2,A3RIXSMCG9L0F1
B0C2Z329LQ,A3RIXSMCG9L0F1
B0BXWDMGNV,A3RIXSMCG9L0F1
B0BVQVQ8XR,A3RIXSMCG9L0F1
B0BRNQM8HN,A3RIXSMCG9L0F1
B0BRNP75WC,A3RIXSMCG9L0F1
B0BPYC3N8Y,A3RIXSMCG9L0F1
B0BNQ6L8NQ,A3RIXSMCG9L0F1
B0BM69CSF1,A3RIXSMCG9L0F1
B0BHH9GFM1,A3RIXSMCG9L0F1
B01M27IVHO,A3RIXSMCG9L0F1
B01GZOBWJM,A3RIXSMCG9L0F1
B00O6O7MH0,A3RIXSMCG9L0F1
B00M8TK3Z8,A3RIXSMCG9L0F1
B00B5J4W04,A3RIXSMCG9L0F1
B014ERJ24E,A3RIXSMCG9L0F1
B0BG1DKZRL,A3RIXSMCG9L0F1
B0CT38YC2R,A3RIXSMCG9L0F1
B08T3MR7Z9,A3RIXSMCG9L0F1
B0D8W5XFQ8,A3RIXSMCG9L0F1
B0DH4GD266,A3RIXSMCG9L0F1
B0DKNKF419,A3RIXSMCG9L0F1
B0CWRLK12Q,A3RIXSMCG9L0F1
B0C58MGWY9,A3RIXSMCG9L0F1
B0D7GX58XC,A3RIXSMCG9L0F1
B0DHXXKDYD,A3RIXSMCG9L0F1
B0CCMPF23L,A3RIXSMCG9L0F1
B096Y7QLMS,A3RIXSMCG9L0F1
B096V2NMR7,A3RIXSMCG9L0F1
B093B3VZGH,A3RIXSMCG9L0F1
B092QN1LJM,A3RIXSMCG9L0F1
B0914SF9RL,A3RIXSMCG9L0F1
B08VH562HF,A3RIXSMCG9L0F1
B08TQYV2K6,A3RIXSMCG9L0F1
B08QMMRRJ2,A3RIXSMCG9L0F1
B08QCF4QNN,A3RIXSMCG9L0F1
B08PFYP9CD,A3RIXSMCG9L0F1
B08P78BQ7Z,A3RIXSMCG9L0F1
B08P1CKWQZ,A3RIXSMCG9L0F1
B08NDJPG3C,A3RIXSMCG9L0F1
B08MFDBZ95,A3RIXSMCG9L0F1
B08GLC5NYM,A3RIXSMCG9L0F1
B08BLNWLVR,A3RIXSMCG9L0F1
B09W2P7QGG,A3RIXSMCG9L0F1
B09TKT5XL1,A3RIXSMCG9L0F1
B09PF27Y5Q,A3RIXSMCG9L0F1
B09NYLBQYX,A3RIXSMCG9L0F1
B09MVN4Q5V,A3RIXSMCG9L0F1
B09M78SGSQ,A3RIXSMCG9L0F1
B09L4KZSZN,A3RIXSMCG9L0F1
B09KXX4ZC6,A3RIXSMCG9L0F1
B09KNSZ9GB,A3RIXSMCG9L0F1
B09JZRQ6QJ,A3RIXSMCG9L0F1
B09G1BRM1R,A3RIXSMCG9L0F1
B09DXXD79B,A3RIXSMCG9L0F1
B09D7VT2L2,A3RIXSMCG9L0F1
B09B262H3B,A3RIXSMCG9L0F1
B09B1PVF43,A3RIXSMCG9L0F1
B099PXHSW2,A3RIXSMCG9L0F1
B07XXPLQBF,A3RIXSMCG9L0F1
B0DBZNFTSV,A3RIXSMCG9L0F1
B0DCBBG6Z7,A3RIXSMCG9L0F1
B0B1M279FB,A3RIXSMCG9L0F1
B0BC1P5NXP,A3RIXSMCG9L0F1
B088Q16FQ3,A3RIXSMCG9L0F1
B088K2XF1P,A3RIXSMCG9L0F1
B088HBFH5K,A3RIXSMCG9L0F1
B08785QDXL,A3RIXSMCG9L0F1
B08533QWN5,A3RIXSMCG9L0F1
B083R5KBQD,A3RIXSMCG9L0F1
B082T2C323,A3RIXSMCG9L0F1
B07ZN5H6GH,A3RIXSMCG9L0F1
B07T9P7N9Z,A3RIXSMCG9L0F1
B07RRNCLFW,A3RIXSMCG9L0F1
B07H2TZ4Y1,A3RIXSMCG9L0F1
B07FZ9RH8V,A3RIXSMCG9L0F1
B07DNY1PNN,A3RIXSMCG9L0F1
B0779BZKRQ,A3RIXSMCG9L0F1
B073XKXHYK,A3RIXSMCG9L0F1
B072FRYKKX,A3RIXSMCG9L0F1
B0BGQP4Q7J,A3RIXSMCG9L0F1
B0BCF72TDB,A3RIXSMCG9L0F1
B0B947DK8V,A3RIXSMCG9L0F1
B0B8NDL5K2,A3RIXSMCG9L0F1
B0B874TWKR,A3RIXSMCG9L0F1
B0B3T3KY7J,A3RIXSMCG9L0F1
B0B3R1Q4SZ,A3RIXSMCG9L0F1
B0B1HR4QWJ,A3RIXSMCG9L0F1
B0B1D54GMY,A3RIXSMCG9L0F1
B0B178X9VQ,A3RIXSMCG9L0F1
B09ZPXDV83,A3RIXSMCG9L0F1
B09Z6CHWG4,A3RIXSMCG9L0F1
B09YC6H4X7,A3RIXSMCG9L0F1
B09XRC6739,A3RIXSMCG9L0F1
B09X2YF2M4,A3RIXSMCG9L0F1
B09WTV4VH1,A3RIXSMCG9L0F1
B093K97JHR,A3RIXSMCG9L0F1
B0D2VTG3CM,A3RIXSMCG9L0F1
B0CP7YFZQP,A3RIXSMCG9L0F1
B0CKL1TMPN,A3RIXSMCG9L0F1
B0DSBCH9PG,A3RIXSMCG9L0F1
B07RV1P1RQ,A3RIXSMCG9L0F1
B08WL1Q7DN,A3RIXSMCG9L0F1
B07NCG5Q5T,A3RIXSMCG9L0F1
B0CXDS35WY,A3RIXSMCG9L0F1
B0CB1N41XT,A3RIXSMCG9L0F1
B0CH2XNW3Z,A3RIXSMCG9L0F1
B07Z9MG66W,A3RIXSMCG9L0F1
B0DGGGRSN1,A3RIXSMCG9L0F1
B08B7VWVCD,A3RIXSMCG9L0F1
B09XMQBYC3,A3RIXSMCG9L0F1
B07Z7P2NRS,A3RIXSMCG9L0F1
B07VBZTDQQ,A3RIXSMCG9L0F1
B0078Q0HXO,A3RIXSMCG9L0F1
B0D7ZXG5BG,A3RIXSMCG9L0F1
B0BR6GJYQD,A3RIXSMCG9L0F1
B0DJ5GSB8R,A3RIXSMCG9L0F1
B0CKW5PN8G,A3RIXSMCG9L0F1
B0CQRDD29M,A3RIXSMCG9L0F1
B0DGXB4HT4,A3RIXSMCG9L0F1
B08SBMD4K5,A3RIXSMCG9L0F1
B08LN7D4T4,A3RIXSMCG9L0F1
B0D2SPTX6S,A3RIXSMCG9L0F1
B00GSXZXYQ,A3RIXSMCG9L0F1
B0DTDXT269,A3RIXSMCG9L0F1
B0C3B3QGD9,A3RIXSMCG9L0F1
B08ZY71FDD,A3RIXSMCG9L0F1
B07ZRDZTPD,A3RIXSMCG9L0F1
B08JS8WZVQ,A3RIXSMCG9L0F1
B0DCNSCNJN,A3RIXSMCG9L0F1
B0B2KH37L2,A3RIXSMCG9L0F1
B09LLMXCM1,A3RIXSMCG9L0F1
B0CHVQP22P,A3RIXSMCG9L0F1
B0D176VGXZ,A3RIXSMCG9L0F1
B07PJJJM5B,A3RIXSMCG9L0F1
B0DHLHY1CP,A3RIXSMCG9L0F1
B0CC2526L8,A3RIXSMCG9L0F1
B09X5ZZFH5,A3RIXSMCG9L0F1
B0BRV3TQ9L,A3RIXSMCG9L0F1
B0CMDHBXL6,A3RIXSMCG9L0F1
B0CSKF7P7F,A3RIXSMCG9L0F1
B08B7WCWD4,A3RIXSMCG9L0F1
B0CB9SP6SS,A3RIXSMCG9L0F1
B085FVS4GQ,A3RIXSMCG9L0F1
B0DBY4HYYT,A3RIXSMCG9L0F1
B016H9FJAS,A3RIXSMCG9L0F1
B0BLBV9YGR,A3RIXSMCG9L0F1
B0DPX2G8NH,A3RIXSMCG9L0F1
B00CIFQIGU,A3RIXSMCG9L0F1
B08562HXLC,A3RIXSMCG9L0F1
B08XQG4TDB,A3RIXSMCG9L0F1
B0B4JCJCG5,A3RIXSMCG9L0F1
B08CXPD6YW,A3RIXSMCG9L0F1
B09YD6HGBZ,A3RIXSMCG9L0F1
B0B71CXQSG,A3RIXSMCG9L0F1
B09VFJ65ZQ,A3RIXSMCG9L0F1
B09P474RFR,A3RIXSMCG9L0F1
B09JWW8WQ1,A3RIXSMCG9L0F1
B07KPZCM85,A3RIXSMCG9L0F1
B09GXSSFBW,A3RIXSMCG9L0F1
B0B9BFFFH5,A3RIXSMCG9L0F1
B07PY3QHPL,A3RIXSMCG9L0F1
B09CYMMFG7,A3RIXSMCG9L0F1
B07GD2TRR1,A3RIXSMCG9L0F1
B0CJ2SCWFN,A3RIXSMCG9L0F1
B07DFFWLPG,A3RIXSMCG9L0F1
B0B8W1P2WQ,A3RIXSMCG9L0F1
B0CHVSYH5C,A3RIXSMCG9L0F1
B09TQC9JQM,A3RIXSMCG9L0F1
B0D25Z8WLZ,A3RIXSMCG9L0F1
B0CCPR8Q8J,A3RIXSMCG9L0F1
B0CJ293VQ3,A3RIXSMCG9L0F1
B0DHS179GW,A3RIXSMCG9L0F1
B08DTN6L5L,A3RIXSMCG9L0F1
B0C66773YL,A3RIXSMCG9L0F1
B0B9S5V2VQ,A3RIXSMCG9L0F1
B07SGJ6ZZ4,A3RIXSMCG9L0F1
B08775PLGJ,A3RIXSMCG9L0F1
B0CYCG5WT2,A3RIXSMCG9L0F1
B0BGJ3X2CW,A3RIXSMCG9L0F1
B0CSSJFRQR,A3RIXSMCG9L0F1
B0872CRQQY,A3RIXSMCG9L0F1
B0CQL18D55,A3RIXSMCG9L0F1
B0DCLBQB9S,A3RIXSMCG9L0F1
B0CP8KSYGS,A3RIXSMCG9L0F1
B0C65DBXJ5,A3RIXSMCG9L0F1
B0BFXK1FX9,A3RIXSMCG9L0F1
B0B36CM29W,A3RIXSMCG9L0F1
B0B8YZDW9K,A3RIXSMCG9L0F1
B0DDCFVFD8,A3RIXSMCG9L0F1
B0B57HDVM5,A3RIXSMCG9L0F1
B07FXGZSHN,A3RIXSMCG9L0F1
B0741B1Z1B,A3RIXSMCG9L0F1
B0BYHPK3L4,A3RIXSMCG9L0F1
B07YGYJW6M,A3RIXSMCG9L0F1
B0BJZQTJPZ,A3RIXSMCG9L0F1
B0DV6BCZNT,A3RIXSMCG9L0F1
B08R6YXNZD,A3RIXSMCG9L0F1
B0CBYS5596,A3RIXSMCG9L0F1
B0BCQHM13R,A3RIXSMCG9L0F1
B07NJ5LP7R,A3RIXSMCG9L0F1
B0CGTJCQ17,A3RIXSMCG9L0F1
B01MCS33CC,A3RIXSMCG9L0F1
B09W2HZQBW,A3RIXSMCG9L0F1
B09H6LRQ7L,A3RIXSMCG9L0F1
B09XQVG4LH,A3RIXSMCG9L0F1
B0DKPGKHKD,A3RIXSMCG9L0F1
B09CG2K8H6,A3RIXSMCG9L0F1
B0BJVCKTNH,A3RIXSMCG9L0F1
B09KMYBJW2,A3RIXSMCG9L0F1
B097JTR2CF,A3RIXSMCG9L0F1
B0BVVQRV75,A3RIXSMCG9L0F1
B0DCBNBB5C,A3RIXSMCG9L0F1
B08PBX4R41,A3RIXSMCG9L0F1
B0B1J3SHZ9,A3RIXSMCG9L0F1
B0D923GPLF,A3RIXSMCG9L0F1
B0BJ1M6QH6,A3RIXSMCG9L0F1
B0CYGTBLYR,A3RIXSMCG9L0F1
B0D1R4M3C5,A3RIXSMCG9L0F1
B07W5619CF,A3RIXSMCG9L0F1
B0CJX53X9Y,A3RIXSMCG9L0F1
B08CXSNH8N,A3RIXSMCG9L0F1
B08M983NQL,A3RIXSMCG9L0F1
B00IAPR2LW,A3RIXSMCG9L0F1
B0CQNTDDKC,A3RIXSMCG9L0F1
B0DBQB4WJR,A3RIXSMCG9L0F1
B0BYYKDVQ8,A3RIXSMCG9L0F1
B07LC53J59,A3RIXSMCG9L0F1
B07QX9BCPT,A3RIXSMCG9L0F1
B07NXFYQKR,A3RIXSMCG9L0F1
B0CHB1JLLY,A3RIXSMCG9L0F1
B0DB1X7ZBQ,A3RIXSMCG9L0F1
B0CY3HBY85,A3RIXSMCG9L0F1
B0CQ24LPB1,A3RIXSMCG9L0F1
B07DVBS43Y,A3RIXSMCG9L0F1
B0CQRD68V7,A3RIXSMCG9L0F1
B0C745X5FT,A3RIXSMCG9L0F1
B0CZ6ZXYLC,A3RIXSMCG9L0F1
B0DJVBGN8C,A3RIXSMCG9L0F1
B0836GX25X,A3RIXSMCG9L0F1
B07CTYHD8T,A3RIXSMCG9L0F1
B00KE9AALQ,A3RIXSMCG9L0F1
B07CHL33WX,A3RIXSMCG9L0F1
B0D962ZPGQ,A3RIXSMCG9L0F1
B07BJ3G3BP,A3RIXSMCG9L0F1
B0D35HHCXL,A3RIXSMCG9L0F1
B07L8S7YSP,A3RIXSMCG9L0F1
B07HY1D8QW,A3RIXSMCG9L0F1
B07DF95TKZ,A3RIXSMCG9L0F1
B078M3YNK4,A3RIXSMCG9L0F1
B008NCXW70,A3RIXSMCG9L0F1
B09X5HQHYL,A3RIXSMCG9L0F1
B08N4NQK2W,A3RIXSMCG9L0F1
B07VV78M1T,A3RIXSMCG9L0F1
B07BJZF83L,A3RIXSMCG9L0F1
B01M13PERE,A3RIXSMCG9L0F1
B0DPQFF29Y,A3RIXSMCG9L0F1
B095S1SRX3,A3RIXSMCG9L0F1
B08FY41V3Z,A3RIXSMCG9L0F1
B0BQJ33LV3,A3RIXSMCG9L0F1
B09L118WMW,A3RIXSMCG9L0F1
B07MBWZPZL,A3RIXSMCG9L0F1
B07H8S2V3F,A3RIXSMCG9L0F1
B07C97KW9S,A3RIXSMCG9L0F1
B0DP5YZK4L,A3RIXSMCG9L0F1
B0DH262ZFL,A3RIXSMCG9L0F1
B0C3CZNH6H,A3RIXSMCG9L0F1
B09YMG2PVW,A3RIXSMCG9L0F1
B09SW7BYL1,A3RIXSMCG9L0F1
B09P544RRJ,A3RIXSMCG9L0F1
B09C1D9PVN,A3RIXSMCG9L0F1
B0DLKBCFZC,A3RIXSMCG9L0F1
B0DJ8T8WGJ,A3RIXSMCG9L0F1
B0DJ6LFKZN,A3RIXSMCG9L0F1
B0DGPLC7KN,A3RIXSMCG9L0F1
B0DCJ1XVYF,A3RIXSMCG9L0F1
B0DBZ4T4CR,A3RIXSMCG9L0F1
B0DBKSD9MD,A3RIXSMCG9L0F1
B0D9B9DY6S,A3RIXSMCG9L0F1
B0D93HLMDD,A3RIXSMCG9L0F1
B0D8KM8Z95,A3RIXSMCG9L0F1
B0D7VZNXY6,A3RIXSMCG9L0F1
B0D72ZNJ46,A3RIXSMCG9L0F1
B0D41JC4XV,A3RIXSMCG9L0F1
B0CYLVVJ8Q,A3RIXSMCG9L0F1
B0CY8G1BCT,A3RIXSMCG9L0F1
B0CXSZS3VY,A3RIXSMCG9L0F1
B08ZJ8BQK9,A3RIXSMCG9L0F1
B08YK4RZDB,A3RIXSMCG9L0F1
B07VX56ZGP,A3RIXSMCG9L0F1
B07H8T52TW,A3RIXSMCG9L0F1
B07GVL7J5M,A3RIXSMCG9L0F1
B07DQ93FYT,A3RIXSMCG9L0F1
B076PJXLKB,A3RIXSMCG9L0F1
B01NCQN3B2,A3RIXSMCG9L0F1
B009TCJGIC,A3RIXSMCG9L0F1
B0DYMPQH5Y,A3RIXSMCG9L0F1
B0DXQD16P7,A3RIXSMCG9L0F1
B0DT1K6G4Y,A3RIXSMCG9L0F1
B0DSZY3GNK,A3RIXSMCG9L0F1
B0DRDDRXFQ,A3RIXSMCG9L0F1
B0DPWLNTS9,A3RIXSMCG9L0F1
B0DPFB7WZY,A3RIXSMCG9L0F1
B0CS9W5V2Q,A3RIXSMCG9L0F1
B0CRZ4S2GC,A3RIXSMCG9L0F1
B0CRSVH9PZ,A3RIXSMCG9L0F1
B0CRHJZPFC,A3RIXSMCG9L0F1
B0CQTHBKX7,A3RIXSMCG9L0F1
B0CPY2YJ8W,A3RIXSMCG9L0F1
B0CPPHZ3B5,A3RIXSMCG9L0F1
B0CP92HWQT,A3RIXSMCG9L0F1
B0CNLC8SGV,A3RIXSMCG9L0F1
B0CNK9F2GT,A3RIXSMCG9L0F1
B0CLNSS7FM,A3RIXSMCG9L0F1
B0CKT4RRJZ,A3RIXSMCG9L0F1
B0CKMQ7FFP,A3RIXSMCG9L0F1
B0CJBXZSM3,A3RIXSMCG9L0F1
B0CJBHLMWM,A3RIXSMCG9L0F1
B0CJB9D62S,A3RIXSMCG9L0F1
B0BJDX5M68,A3RIXSMCG9L0F1
B0BGQGCY4N,A3RIXSMCG9L0F1
B0BGN485YR,A3RIXSMCG9L0F1
B0BC32M6W4,A3RIXSMCG9L0F1
B0B8QPTH3K,A3RIXSMCG9L0F1
B0B84QTHZF,A3RIXSMCG9L0F1
B0B7XFJDW8,A3RIXSMCG9L0F1
B0B6RFMDLY,A3RIXSMCG9L0F1
B0B5KQ4H53,A3RIXSMCG9L0F1
B0B49K498D,A3RIXSMCG9L0F1
B0B45F4T1S,A3RIXSMCG9L0F1
B0B2YXYV83,A3RIXSMCG9L0F1
B0B2W8PH8V,A3RIXSMCG9L0F1
B0B1ZPB77T,A3RIXSMCG9L0F1
B0B14YM4DF,A3RIXSMCG9L0F1
B09ZDDR2V6,A3RIXSMCG9L0F1
B0C4SN6KVT,A3RIXSMCG9L0F1
B0C4LLKVVS,A3RIXSMCG9L0F1
B0C3N194WR,A3RIXSMCG9L0F1
B0C2H5813Q,A3RIXSMCG9L0F1
B0C2CBQWXX,A3RIXSMCG9L0F1
B0C15J5B3G,A3RIXSMCG9L0F1
B0BXJ9HFK8,A3RIXSMCG9L0F1
B0BVZ39LTZ,A3RIXSMCG9L0F1
B0BVBF6F43,A3RIXSMCG9L0F1
B0BQYXHC3P,A3RIXSMCG9L0F1
B0BPY741NC,A3RIXSMCG9L0F1
B0BMZGXT1X,A3RIXSMCG9L0F1
B0BLHGJWQM,A3RIXSMCG9L0F1
B0BL9L68NB,A3RIXSMCG9L0F1
B0BL3WQNTD,A3RIXSMCG9L0F1
B0BKPDXVCZ,A3RIXSMCG9L0F1
B09YT63VSZ,A3RIXSMCG9L0F1
B09XW9Y4VZ,A3RIXSMCG9L0F1
B09X5CD8QZ,A3RIXSMCG9L0F1
B09WMCPSSC,A3RIXSMCG9L0F1
B09VX1RS97,A3RIXSMCG9L0F1
B09V89NGVM,A3RIXSMCG9L0F1
B09SZ942X3,A3RIXSMCG9L0F1
B09Q89JP1J,A3RIXSMCG9L0F1
B09Q5QJ5M2,A3RIXSMCG9L0F1
B09PGNFD8G,A3RIXSMCG9L0F1
B09LV7945S,A3RIXSMCG9L0F1
B09HGVP578,A3RIXSMCG9L0F1
B09GVLP6R2,A3RIXSMCG9L0F1
B09DSV6G6D,A3RIXSMCG9L0F1
B09DKK5ZJM,A3RIXSMCG9L0F1
B09D99X1X9,A3RIXSMCG9L0F1
B0CHY5M84Y,A3RIXSMCG9L0F1
B0CHPCQDL2,A3RIXSMCG9L0F1
B0CCNRYN4M,A3RIXSMCG9L0F1
B0CC5SHN5F,A3RIXSMCG9L0F1
B0CBP5VLBX,A3RIXSMCG9L0F1
B0CB7DRWSD,A3RIXSMCG9L0F1
B0CB6K6C5M,A3RIXSMCG9L0F1
B0CB2819NK,A3RIXSMCG9L0F1
B0CB12NFN8,A3RIXSMCG9L0F1
B0C9HZY292,A3RIXSMCG9L0F1
B0C93ZDBKP,A3RIXSMCG9L0F1
B0C89DW5JW,A3RIXSMCG9L0F1
B0C7CQFZYM,A3RIXSMCG9L0F1
B0C5RMDWVY,A3RIXSMCG9L0F1
B0C5CXG545,A3RIXSMCG9L0F1
B0C5C2G4TG,A3RIXSMCG9L0F1
B09BTG5LJW,A3RIXSMCG9L0F1
B09BD8JL9Z,A3RIXSMCG9L0F1
B09B7YWQGP,A3RIXSMCG9L0F1
B099DCD5FJ,A3RIXSMCG9L0F1
B09933NLVB,A3RIXSMCG9L0F1
B097JXGJY3,A3RIXSMCG9L0F1
B096576CX1,A3RIXSMCG9L0F1
B095Y6QQSV,A3RIXSMCG9L0F1
B092PPGLPL,A3RIXSMCG9L0F1
B0927WQXPT,A3RIXSMCG9L0F1
B08ZCXJVGX,A3RIXSMCG9L0F1
B08YNHD62R,A3RIXSMCG9L0F1
B08XXKL95K,A3RIXSMCG9L0F1
B08S46G48B,A3RIXSMCG9L0F1
B08LVWSYFP,A3RIXSMCG9L0F1
B08L6DHN7C,A3RIXSMCG9L0F1
B07V9N2SMN,A3RIXSMCG9L0F1
B07SBQJNZT,A3RIXSMCG9L0F1
B07R4HG93S,A3RIXSMCG9L0F1
B07QR23VMJ,A3RIXSMCG9L0F1
B07QFP87G4,A3RIXSMCG9L0F1
B07MGN75YJ,A3RIXSMCG9L0F1
B07MGB2FLR,A3RIXSMCG9L0F1
B07LH6KSPZ,A3RIXSMCG9L0F1
B07LG5F3QT,A3RIXSMCG9L0F1
B07K5M6Z9M,A3RIXSMCG9L0F1
B07JPMB7FM,A3RIXSMCG9L0F1
B07JJ63LZZ,A3RIXSMCG9L0F1
B07JDD3GYM,A3RIXSMCG9L0F1
B07FRB5VQ7,A3RIXSMCG9L0F1
B07C3Q5GZZ,A3RIXSMCG9L0F1
B078TPMHDS,A3RIXSMCG9L0F1
B0788CWMT4,A3RIXSMCG9L0F1
B06Y2619DX,A3RIXSMCG9L0F1
B06XFWTC3V,A3RIXSMCG9L0F1
B06WRTB54F,A3RIXSMCG9L0F1
B01N1H5X36,A3RIXSMCG9L0F1
B01DRDNKTO,A3RIXSMCG9L0F1
B01ABWS4XG,A3RIXSMCG9L0F1
B015Z7B452,A3RIXSMCG9L0F1
B00V7APJNU,A3RIXSMCG9L0F1
B00IIQLXKY,A3RIXSMCG9L0F1
B00GNIRTJS,A3RIXSMCG9L0F1
B005WMPRSQ,A3RIXSMCG9L0F1
B003VBJOO8,A3RIXSMCG9L0F1
B08KM14HRM,A3RIXSMCG9L0F1
B08HVZFZ86,A3RIXSMCG9L0F1
B08GWKDZS1,A3RIXSMCG9L0F1
B08G838C7P,A3RIXSMCG9L0F1
B0894KLQV3,A3RIXSMCG9L0F1
B0892YBL82,A3RIXSMCG9L0F1
B088D1F3RT,A3RIXSMCG9L0F1
B085C63FFT,A3RIXSMCG9L0F1
B084VB5D4C,A3RIXSMCG9L0F1
B083GXKWNX,A3RIXSMCG9L0F1
B0826FHXVQ,A3RIXSMCG9L0F1
B08213KLSR,A3RIXSMCG9L0F1
B07WP3FBPJ,A3RIXSMCG9L0F1
B07WH3PW4N,A3RIXSMCG9L0F1
B07VT7C7GM,A3RIXSMCG9L0F1
B07VG441BF,A3RIXSMCG9L0F1
B0BC9H5ZB7,A3RIXSMCG9L0F1
B0C9DG12FW,A3RIXSMCG9L0F1
B0BWXJ8DK8,A3RIXSMCG9L0F1
B097QDK2XW,A3RIXSMCG9L0F1
B015QWHQ1C,A3RIXSMCG9L0F1
B0BLNHM748,A3RIXSMCG9L0F1
B003R7KK4O,A3RIXSMCG9L0F1
B09MTP5PJ5,A3RIXSMCG9L0F1
B0134Q830A,A3RIXSMCG9L0F1
B0CDL3MDVP,A3RIXSMCG9L0F1
B08FB4VVXL,A3RIXSMCG9L0F1
B0D9H5DNMT,A3RIXSMCG9L0F1
B07P895TGZ,A3RIXSMCG9L0F1
B0CTHGS3SM,A3RIXSMCG9L0F1
B07LG7K8CZ,A3RIXSMCG9L0F1
B09RZKCBH3,A3RIXSMCG9L0F1
B0D95CS8W6,A3RIXSMCG9L0F1
B07KST5K6J,A3RIXSMCG9L0F1
B0D1QZVSCJ,A3RIXSMCG9L0F1
B082KCWD3F,A3RIXSMCG9L0F1
B09XHLJ3MT,A3RIXSMCG9L0F1
B0932X5FVH,A3RIXSMCG9L0F1
B09TDBPPN7,A3RIXSMCG9L0F1
B0DB21PXDR,A3RIXSMCG9L0F1
B0DKFB69BT,A3RIXSMCG9L0F1
B0DM1V51RM,A3RIXSMCG9L0F1
B088GPJ6P4,A3RIXSMCG9L0F1
B08GCVCFBJ,A3RIXSMCG9L0F1
B09F2WJC63,A3RIXSMCG9L0F1
B0959ZTCVW,A3RIXSMCG9L0F1
B096N6RM2P,A3RIXSMCG9L0F1
B07SQR29FB,A3RIXSMCG9L0F1
B078M1KH1W,A3RIXSMCG9L0F1
B07SJTFG9T,A3RIXSMCG9L0F1
B08XVWGJJP,A3RIXSMCG9L0F1
B0DJT6VN2S,A3RIXSMCG9L0F1
B08LKMRYRY,A3RIXSMCG9L0F1
B07ZB8HG4V,A3RIXSMCG9L0F1
B0D5GSJTWW,A3RIXSMCG9L0F1
B0CNH19CPS,A3RIXSMCG9L0F1
B0DDKV8Z26,A3RIXSMCG9L0F1
B09B4Y8R8S,A3RIXSMCG9L0F1
B0CYZP3MB3,A3RIXSMCG9L0F1
B0C7G7NBH6,A3RIXSMCG9L0F1
B00SB2SMAE,A3RIXSMCG9L0F1
B0BGWTZFWY,A3RIXSMCG9L0F1
B088CSVDGZ,A3RIXSMCG9L0F1
B09GCMQ5CZ,A3RIXSMCG9L0F1
B09VBWGXLK,A3RIXSMCG9L0F1
B0CP8C865Y,A3RIXSMCG9L0F1
B0B2WCFT29,A3RIXSMCG9L0F1
B0CYBNJQ5Z,A3RIXSMCG9L0F1
B09NW27SG1,A3RIXSMCG9L0F1
B08ZHZMTNW,A3RIXSMCG9L0F1
B0C9CQ3C92,A3RIXSMCG9L0F1
B0BC1GZ7HY,A3RIXSMCG9L0F1
B0DGCLN6VZ,A3RIXSMCG9L0F1
B0DF64QWGD,A3RIXSMCG9L0F1
B08P3LCJPP,A3RIXSMCG9L0F1
B0DF2NFJQ2,A3RIXSMCG9L0F1
B0D8334NKX,A3RIXSMCG9L0F1
B097P5HHNR,A3RIXSMCG9L0F1
B094ZHLL9Y,A3RIXSMCG9L0F1
B073WL3RLY,A3RIXSMCG9L0F1
B0BPL24GT6,A3RIXSMCG9L0F1
B0DFTKX6WM,A3RIXSMCG9L0F1
B09NBH2LHL,A3RIXSMCG9L0F1
B0877BSB18,A3RIXSMCG9L0F1
B0B8YTBZKH,A3RIXSMCG9L0F1
B09MC49S6X,A3RIXSMCG9L0F1
B0D73Y8V2D,A3RIXSMCG9L0F1
B0D9VV3B6N,A3RIXSMCG9L0F1
B0CR9Q1LRY,A3RIXSMCG9L0F1
B00PG8SU26,A3RIXSMCG9L0F1
B0CJX74KF5,A3RIXSMCG9L0F1
B08HJFPMZX,A3RIXSMCG9L0F1
B0CBSDQBLF,A3RIXSMCG9L0F1
B00YWWXABS,A3RIXSMCG9L0F1
B0CP2PF52D,A3RIXSMCG9L0F1
B09XJXFJJF,A3RIXSMCG9L0F1
B0CQN2H6N4,A3RIXSMCG9L0F1
B08L7SP6NR,A3RIXSMCG9L0F1
B0BJ8M37YV,A3RIXSMCG9L0F1
B0CHK2K183,A3RIXSMCG9L0F1
B0B612DCWV,A3RIXSMCG9L0F1
B08G5WPC52,A3RIXSMCG9L0F1
B0DCNX5M45,A3RIXSMCG9L0F1
B08Z3KXRGV,A3RIXSMCG9L0F1
B0DDCR64TR,A3RIXSMCG9L0F1
B0BB5L6CZG,A3RIXSMCG9L0F1
B09B55GT6C,A3RIXSMCG9L0F1
B0CHVSQK8G,A3RIXSMCG9L0F1
B0CH4BXHKN,A3RIXSMCG9L0F1
B0B1CPLRYF,A3RIXSMCG9L0F1
B0CY53P2CX,A3RIXSMCG9L0F1
B0CCP67X8R,A3RIXSMCG9L0F1
B0DHRYRBSP,A3RIXSMCG9L0F1
B0DK71Z5QP,A3RIXSMCG9L0F1
B0C231LZG3,A3RIXSMCG9L0F1
B09X2BVPVC,A3RIXSMCG9L0F1
B0CJ4GBNK5,A3RIXSMCG9L0F1
B09LCLC6W3,A3RIXSMCG9L0F1
B07GZ1NCNS,A3RIXSMCG9L0F1
B07D6V7NP3,A3RIXSMCG9L0F1
B09BF9ML2W,A3RIXSMCG9L0F1
B0D4VGFN5L,A3RIXSMCG9L0F1
B09H1691WT,A3RIXSMCG9L0F1
B0CNT6RYVQ,A3RIXSMCG9L0F1
B00BP7W2R6,A3RIXSMCG9L0F1
B0DLK7FKTP,A3RIXSMCG9L0F1
B07GP1XRR1,A3RIXSMCG9L0F1
B078TPTRRJ,A3RIXSMCG9L0F1
B0CHCQKRQ4,A3RIXSMCG9L0F1
B0D5CX2KQ2,A3RIXSMCG9L0F1
B0CGQN2HT1,A3RIXSMCG9L0F1
B0DBHXSXD4,A3RIXSMCG9L0F1
B0DPKD3VRF,A3RIXSMCG9L0F1
B0BK1J88X2,A3RIXSMCG9L0F1
B0CZ466B62,A3RIXSMCG9L0F1
B0D66J93VP,A3RIXSMCG9L0F1
B0CRRDF8N1,A3RIXSMCG9L0F1
B0B4ZS44CQ,A3RIXSMCG9L0F1
B08SKS6PKQ,A3RIXSMCG9L0F1
B0C2HKPPK4,A3RIXSMCG9L0F1
B0D83Q75MT,A3RIXSMCG9L0F1
B0BCJ1P2Y2,A3RIXSMCG9L0F1
B0D5RBKZL8,A3RIXSMCG9L0F1
B0B8293S4L,A3RIXSMCG9L0F1
B0CSW4NYD8,A3RIXSMCG9L0F1
B07MVQ4S6C,A3RIXSMCG9L0F1
B09Z25C49T,A3RIXSMCG9L0F1
B0B4J62YL7,A3RIXSMCG9L0F1
B0BBRCR4XQ,A3RIXSMCG9L0F1
B07C88SMVG,A3RIXSMCG9L0F1
B0CDJZ46MK,A3RIXSMCG9L0F1
B0BW82Q9Z5,A3RIXSMCG9L0F1
B0D2HCKYYT,A3RIXSMCG9L0F1
B0C9BPLK2R,A3RIXSMCG9L0F1
B0839LWF12,A3RIXSMCG9L0F1
B08DXXDWTR,A3RIXSMCG9L0F1
B07GZLLT9V,A3RIXSMCG9L0F1
B0C9JCHHPW,A3RIXSMCG9L0F1
B0BND57VMR,A3RIXSMCG9L0F1
B085N1D893,A3RIXSMCG9L0F1
B0B5HD6PL3,A3RIXSMCG9L0F1
B0D5CF7VFH,A3RIXSMCG9L0F1
B0CJ2S19PF,A3RIXSMCG9L0F1
B0CFQJX4WF,A3RIXSMCG9L0F1
B075D1DDF1,A3RIXSMCG9L0F1
B0CLD2PXLP,A3RIXSMCG9L0F1
B0CQT9BMBB,A3RIXSMCG9L0F1
B0CJXZLK4D,A3RIXSMCG9L0F1
B09BBZ56LS,A3RIXSMCG9L0F1
B0CM2T9CXZ,A3RIXSMCG9L0F1
B0DDV15Q7K,A3RIXSMCG9L0F1
B0C7CJYCH2,A3RIXSMCG9L0F1
B06XGQ2P7C,A3RIXSMCG9L0F1
B0CTKBSSQJ,A3RIXSMCG9L0F1
B0D2XXLLLS,A3RIXSMCG9L0F1
B0CN2VKQG5,A3RIXSMCG9L0F1
B0CS9FD636,A3RIXSMCG9L0F1
B0CL9KFNKB,A3RIXSMCG9L0F1
B0CS2HMCKK,A3RIXSMCG9L0F1
B0BTYFL9CZ,A3RIXSMCG9L0F1
B0B564HYLL,A3RIXSMCG9L0F1
B0BWF2LQFG,A3RIXSMCG9L0F1
B0D7HCGC3R,A3RIXSMCG9L0F1
B0DFCKGVX8,A3RIXSMCG9L0F1
B09Z6QZWPV,A3RIXSMCG9L0F1
B09V1XCPZR,A3RIXSMCG9L0F1
B0B4BYPRJ5,A3RIXSMCG9L0F1
B0D17PHPDW,A3RIXSMCG9L0F1
B0BSFZD1XS,A3RIXSMCG9L0F1
B096ZN9WYC,A3RIXSMCG9L0F1
B09NY6V94L,A3RIXSMCG9L0F1
B0CFY6BKJN,A3RIXSMCG9L0F1
B09MFGXFVT,A3RIXSMCG9L0F1
B0CFVQ8QB2,A3RIXSMCG9L0F1
B0D9J15K3L,A3RIXSMCG9L0F1
B08T6CMY1L,A3RIXSMCG9L0F1
B0D7VXVSBP,A3RIXSMCG9L0F1
B0CFVNXW8J,A3RIXSMCG9L0F1
B08RBWKS8K,A3RIXSMCG9L0F1
B0D6KRN123,A3RIXSMCG9L0F1
B0C77LHV3D,A3RIXSMCG9L0F1
B0CCPR8V3R,A3RIXSMCG9L0F1
B0DCBPMFMB,A3RIXSMCG9L0F1
B0DJQFQZML,A3RIXSMCG9L0F1
B0BZ89CD73,A3RIXSMCG9L0F1
B0C9HTHP52,A3RIXSMCG9L0F1
B0BQR2YYDM,A3RIXSMCG9L0F1
B0CNPQNL1H,A3RIXSMCG9L0F1
B07K1FQKJ5,A3RIXSMCG9L0F1
B07QYF2QD3,A3RIXSMCG9L0F1
B08GLDL1QZ,A3RIXSMCG9L0F1
B001JHM600,A3RIXSMCG9L0F1
B071VN7GRW,A3RIXSMCG9L0F1
B08PNCT9H1,A3RIXSMCG9L0F1
B08YYQ5WCV,A3RIXSMCG9L0F1
B0D842D6V4,A3RIXSMCG9L0F1
B0CYSJS4C9,A3RIXSMCG9L0F1
B0BC8TLDJ6,A3RIXSMCG9L0F1
B0C6QF5FS5,A3RIXSMCG9L0F1
B0D5HPQLNH,A3RIXSMCG9L0F1
B0DHLHGC5C,A3RIXSMCG9L0F1
B0DDXZSJ7V,A3RIXSMCG9L0F1
B0C98J7HZT,A3RIXSMCG9L0F1
B0052PW8AS,A3RIXSMCG9L0F1
B0D6RHKHJR,A3RIXSMCG9L0F1
B0C3731245,A3RIXSMCG9L0F1
B0CW1D16ZF,A3RIXSMCG9L0F1
B0CQZPHWPL,A3RIXSMCG9L0F1
B0D46N1MT5,A3RIXSMCG9L0F1
B00LJ0D6I8,A3RIXSMCG9L0F1
B0CHQT5CGR,A3RIXSMCG9L0F1
B0C36F4RYV,A3RIXSMCG9L0F1
B0DNT7192Q,A3RIXSMCG9L0F1
B0CCP7M172,A3RIXSMCG9L0F1
B0CZSQHM94,A3RIXSMCG9L0F1
B07MTLWNC5,A3RIXSMCG9L0F1
B0B97PJMDN,A3RIXSMCG9L0F1
B0D4R9BT4D,A3RIXSMCG9L0F1
B0DR8RVY14,A3RIXSMCG9L0F1
B0DCN8M9FB,A3RIXSMCG9L0F1
B0D7VBPGBZ,A3RIXSMCG9L0F1
B0D41QBBN1,A3RIXSMCG9L0F1
B0BZ8391MT,A3RIXSMCG9L0F1
B083CM1K1P,A3RIXSMCG9L0F1
B0CYNVN6Y4,A3RIXSMCG9L0F1
B083DMV2YQ,A3RIXSMCG9L0F1
B08ZBVZKT4,A3RIXSMCG9L0F1
B0BMPXMK7D,A3RIXSMCG9L0F1
B0DK6PNM8Q,A3RIXSMCG9L0F1
B0D4HKV143,A3RIXSMCG9L0F1
B08Z8KVZVG,A3RIXSMCG9L0F1
B0CBTXR4SJ,A3RIXSMCG9L0F1
B0CJQW124Q,A3RIXSMCG9L0F1
B0CSSPQH9Q,A3RIXSMCG9L0F1
B0CGR9VPZ8,A3RIXSMCG9L0F1
B0BS11DQDV,A3RIXSMCG9L0F1
B0178HVDYO,A3RIXSMCG9L0F1
B09VN8BZ91,A3RIXSMCG9L0F1
B08MX12WKV,A3RIXSMCG9L0F1
B084VBTC62,A3RIXSMCG9L0F1
B094PYS2HZ,A3RIXSMCG9L0F1
B0D6WCHWKR,A3RIXSMCG9L0F1
B0CS676M7X,A3RIXSMCG9L0F1
B01MUGZO12,A3RIXSMCG9L0F1
B0BHN6DBYJ,A3RIXSMCG9L0F1
B08DHWF5G8,A3RIXSMCG9L0F1
B08N6DP591,A3RIXSMCG9L0F1
B099K9Q1P8,A3RIXSMCG9L0F1
B09RWT3JK5,A3RIXSMCG9L0F1
B0D43JCC7Q,A3RIXSMCG9L0F1
B0CMK1P8ZN,A3RIXSMCG9L0F1
B0C8N2XF62,A3RIXSMCG9L0F1
B09RWTYYGB,A3RIXSMCG9L0F1
B0DGG9FN73,A3RIXSMCG9L0F1
B0CL93CVSP,A3RIXSMCG9L0F1
B07J2SVMMB,A3RIXSMCG9L0F1
B005NHXNF4,A3RIXSMCG9L0F1
B00BT2SR8U,A3RIXSMCG9L0F1
B002B5UFES,A3RIXSMCG9L0F1
B0009W9K2I,A3RIXSMCG9L0F1
B07KYBYKTX,A3RIXSMCG9L0F1
B078HPM7S1,A3RIXSMCG9L0F1
B0DFY9XRCX,A3RIXSMCG9L0F1
B0C9HLYDHD,A3RIXSMCG9L0F1
B0BWF25BB4,A3RIXSMCG9L0F1
B0DRFYW6FD,A3RIXSMCG9L0F1
B09T637S3B,A3RIXSMCG9L0F1
B0B51ZCD8S,A3RIXSMCG9L0F1
B094QSTTHM,A3RIXSMCG9L0F1
B0C6647RZK,A3RIXSMCG9L0F1
B0DC7HYP4V,A3RIXSMCG9L0F1
B0D3KZKPLP,A3RIXSMCG9L0F1
B0CZ6T66ZY,A3RIXSMCG9L0F1
B01N2HLBI4,A3RIXSMCG9L0F1
B0DCJFRSVX,A3RIXSMCG9L0F1
B00IIW7XNY,A3RIXSMCG9L0F1
B09K7Y7TXT,A3RIXSMCG9L0F1
B0C3PJZVKR,A3RIXSMCG9L0F1
B0D4M8H7BM,A3RIXSMCG9L0F1
B017SJBTQ4,A3RIXSMCG9L0F1
B0BJKW2874,A3RIXSMCG9L0F1
B0DG2YGTTV,A3RIXSMCG9L0F1
B08L6CW8XL,A3RIXSMCG9L0F1
B0952LKG5V,A3RIXSMCG9L0F1
B0B127QMKC,A3RIXSMCG9L0F1
B0DJSTJY1Y,A3RIXSMCG9L0F1
B09TTLFHMD,A3RIXSMCG9L0F1
B0991X3CW3,A3RIXSMCG9L0F1
B0D17Q5P4P,A3RIXSMCG9L0F1
B07C7X5179,A3RIXSMCG9L0F1
B079B353CP,A3RIXSMCG9L0F1
B0D17NWLQ6,A3RIXSMCG9L0F1
B09KH3TD1N,A3RIXSMCG9L0F1
B073QZSY33,A3RIXSMCG9L0F1
B0D17N83ZR,A3RIXSMCG9L0F1
B0B15GG693,A3RIXSMCG9L0F1
B0CR5Q4NHB,A3RIXSMCG9L0F1
B09N3K5K55,A3RIXSMCG9L0F1
B0BRSCBLWX,A3RIXSMCG9L0F1
B0CGBL6PZD,A3RIXSMCG9L0F1
B0BN34XW5L,A3RIXSMCG9L0F1
B0B7MYG33J,A3RIXSMCG9L0F1
B0DP4RTSZV,A3RIXSMCG9L0F1
B0DFK53YCD,A3RIXSMCG9L0F1
B0CQKG8MGK,A3RIXSMCG9L0F1
B0B53NCSV1,A3RIXSMCG9L0F1
B0BQ3112T1,A3RIXSMCG9L0F1
B09P1VLVJW,A3RIXSMCG9L0F1
B08WRKK42S,A3RIXSMCG9L0F1
B0D2X7DKYQ,A3RIXSMCG9L0F1
B08PPM9CPS,A3RIXSMCG9L0F1
B07QZ4FYBY,A3RIXSMCG9L0F1
B08SJCPXMR,A3RIXSMCG9L0F1
B0D7P5NZ9B,A3RIXSMCG9L0F1
B09XL8TVM1,A3RIXSMCG9L0F1
B0DRNZX8N6,A3RIXSMCG9L0F1
B09TW56PLC,A3RIXSMCG9L0F1
B01KPOIG2E,A3RIXSMCG9L0F1
B0B71579BB,A3RIXSMCG9L0F1
B0D6WC6FLN,A3RIXSMCG9L0F1
B0C2VKCZKY,A3RIXSMCG9L0F1
B0B1CZ7NTM,A3RIXSMCG9L0F1
B0CZ97QW88,A3RIXSMCG9L0F1
B0CBXLZHQB,A3RIXSMCG9L0F1
B07XYLRFZ4,A3RIXSMCG9L0F1
B0CQXKPCZW,A3RIXSMCG9L0F1
B0BWRFDRF5,A3RIXSMCG9L0F1
B0CD34TTJ6,A3RIXSMCG9L0F1
B0DH8L9LLC,A3RIXSMCG9L0F1
B08N4KDSJT,A3RIXSMCG9L0F1
B0CN69SMRM,A3RIXSMCG9L0F1
B0DCCH3J18,A3RIXSMCG9L0F1
B098X4B5X6,A3RIXSMCG9L0F1
B091C1T582,A3RIXSMCG9L0F1
B0D92QYZQH,A3RIXSMCG9L0F1
B0C5MK8LV6,A3RIXSMCG9L0F1
B08DTNWJCT,A3RIXSMCG9L0F1
B09WN85PZ7,A3RIXSMCG9L0F1
B0D785G2VW,A3RIXSMCG9L0F1
B0B3QQXH3N,A3RIXSMCG9L0F1
B09Y99S5C8,A3RIXSMCG9L0F1
B0CZ6P75BL,A3RIXSMCG9L0F1
B0CZ426N2C,A3RIXSMCG9L0F1
B08B18XGDW,A3RIXSMCG9L0F1
B0CLBB8M9R,A3RIXSMCG9L0F1
B096RF4XFN,A3RIXSMCG9L0F1
B01A3PGCLW,A3RIXSMCG9L0F1
B08BWR6NH9,A3RIXSMCG9L0F1
B0872JPKV7,A3RIXSMCG9L0F1
B0DKXMLNS3,A3RIXSMCG9L0F1
B0DHQML8DL,A3RIXSMCG9L0F1
B08RXRSPP9,A3RIXSMCG9L0F1
B0CMMTJDPG,A3RIXSMCG9L0F1
B0DHRH4P3R,A3RIXSMCG9L0F1
B0CFGSV4ZC,A3RIXSMCG9L0F1
B0DJB1NQXY,A3RIXSMCG9L0F1
B0786SSS9R,A3RIXSMCG9L0F1
B0BJVPKQH9,A3RIXSMCG9L0F1
B096RY6R4M,A3RIXSMCG9L0F1
B0CVR1L6N5,A3RIXSMCG9L0F1
B0B4B4GDSZ,A3RIXSMCG9L0F1
B0994HZZL8,A3RIXSMCG9L0F1
B096RXVZ6G,A3RIXSMCG9L0F1
B0C75YD619,A3RIXSMCG9L0F1
B08SBGKSS4,A3RIXSMCG9L0F1
B083PQ7XXL,A3RIXSMCG9L0F1
B07H5N2CXX,A3RIXSMCG9L0F1
B01CI3ZTHU,A3RIXSMCG9L0F1
B0DTKG6YRT,A3RIXSMCG9L0F1
B0DT6X333V,A3RIXSMCG9L0F1
B0DSSZ3X5T,A3RIXSMCG9L0F1
B0DMVD2KT7,A3RIXSMCG9L0F1
B0D1Y5BGBX,A3RIXSMCG9L0F1
B0CZ3MVKKN,A3RIXSMCG9L0F1
B0CWLRGG8B,A3RIXSMCG9L0F1
B0C4SLWDZ5,A3RIXSMCG9L0F1
B0BZY6P999,A3RIXSMCG9L0F1
B0BZY3JSK9,A3RIXSMCG9L0F1
B0BV6G4PN8,A3RIXSMCG9L0F1
B0BQMGX2RR,A3RIXSMCG9L0F1
B0DDQ1QDXT,A3RIXSMCG9L0F1
B07N1G5WD5,A3RIXSMCG9L0F1
B07NK1PPLB,A3RIXSMCG9L0F1
B0DCC8J35X,A3RIXSMCG9L0F1
B07L5CSCBX,A3RIXSMCG9L0F1
B097XTPPXP,A3RIXSMCG9L0F1
B0CNRQZTH9,A3RIXSMCG9L0F1
B0BZ4HW5XZ,A3RIXSMCG9L0F1
B08CMLNQQ1,A3RIXSMCG9L0F1
B0D7BLSC1N,A3RIXSMCG9L0F1
B0DXKF5MCV,A3RIXSMCG9L0F1
B0DC364JML,A3RIXSMCG9L0F1
B0D9VBDY6C,A3RIXSMCG9L0F1
B0D87M754G,A3RIXSMCG9L0F1
B0CN927XV5,A3RIXSMCG9L0F1
B0CMLZM6CK,A3RIXSMCG9L0F1
B08ZMR8CGC,A3RIXSMCG9L0F1
B07RY7PW4L,A3RIXSMCG9L0F1
B08CK3CLXD,A3RIXSMCG9L0F1
B08TQHJJLB,A3RIXSMCG9L0F1
B08B51K75W,A3RIXSMCG9L0F1
B09919TY5F,A3RIXSMCG9L0F1
B081C74TY9,A3RIXSMCG9L0F1
B07CSH138Q,A3RIXSMCG9L0F1
B0B1D8P9ZP,A3RIXSMCG9L0F1
B09WH1X8KB,A3RIXSMCG9L0F1
B082T4PWD9,A3RIXSMCG9L0F1
B01GVLMW02,A3RIXSMCG9L0F1
B09JSZXPCS,A3RIXSMCG9L0F1
B09GVCXHFG,A3RIXSMCG9L0F1
B092L28V2G,A3RIXSMCG9L0F1
B09176TBMS,A3RIXSMCG9L0F1
B0BC1HLCBM,A3RIXSMCG9L0F1
B0B3RJNCGQ,A3RIXSMCG9L0F1
B0B1Q2YV2M,A3RIXSMCG9L0F1
B09TXSWGRW,A3RIXSMCG9L0F1
B09TFKQG5M,A3RIXSMCG9L0F1
B09T5XRLWS,A3RIXSMCG9L0F1
B09PTQHVT8,A3RIXSMCG9L0F1
B09M77WGWY,A3RIXSMCG9L0F1
B09DK3ZWGG,A3RIXSMCG9L0F1
B09D33KYFC,A3RIXSMCG9L0F1
B09D2WNT92,A3RIXSMCG9L0F1
B09684XSQX,A3RIXSMCG9L0F1
B08Y911SQ5,A3RIXSMCG9L0F1
B08L6CYJMW,A3RIXSMCG9L0F1
B089SNVX6G,A3RIXSMCG9L0F1
B088WPGLFF,A3RIXSMCG9L0F1
B07TXBP3G2,A3RIXSMCG9L0F1
B07RVHYBSS,A3RIXSMCG9L0F1
B07RQ74DS6,A3RIXSMCG9L0F1
B07R5NQG4S,A3RIXSMCG9L0F1
B07NTKM1K3,A3RIXSMCG9L0F1
B07MDTR3CP,A3RIXSMCG9L0F1
B07L2VNR9R,A3RIXSMCG9L0F1
B07KTV5TDD,A3RIXSMCG9L0F1
B07KSRGWXB,A3RIXSMCG9L0F1
B07CYDBCBS,A3RIXSMCG9L0F1
B077CZ1JYM,A3RIXSMCG9L0F1
B06WW7G7X4,A3RIXSMCG9L0F1
B01M0TO6SF,A3RIXSMCG9L0F1
B01FF19OSW,A3RIXSMCG9L0F1
B09TZ6QVD1,A3RIXSMCG9L0F1
B0CL69WK2X,A3RIXSMCG9L0F1
B09JXJVC5J,A3RIXSMCG9L0F1
B0CPP9JSMY,A3RIXSMCG9L0F1
B0BMPK7G99,A3RIXSMCG9L0F1
B07YFWRBK2,A3RIXSMCG9L0F1
B0B136YJ78,A3RIXSMCG9L0F1
B0BFHGMTBB,A3RIXSMCG9L0F1
B08CY3SK8X,A3RIXSMCG9L0F1
B08GZ1FYDY,A3RIXSMCG9L0F1
B07RT4KC1J,A3RIXSMCG9L0F1
B0CZKS72FJ,A3RIXSMCG9L0F1
B0CBS7YWZR,A3RIXSMCG9L0F1
B08LPYG4SS,A3RIXSMCG9L0F1
B07HF2WXB5,A3RIXSMCG9L0F1
B0CXPM312J,A3RIXSMCG9L0F1
B0BNLZG588,A3RIXSMCG9L0F1
B0BGKDJSN3,A3RIXSMCG9L0F1
B0BFX3PH68,A3RIXSMCG9L0F1
B0B97KVJMC,A3RIXSMCG9L0F1
B0B1PJHQ88,A3RIXSMCG9L0F1
B09TFJFQX2,A3RIXSMCG9L0F1
B09PHKC3BQ,A3RIXSMCG9L0F1
B09LQ6DBG5,A3RIXSMCG9L0F1
B09JYJJ6YM,A3RIXSMCG9L0F1
B09JWW3JR5,A3RIXSMCG9L0F1
B09J3JPX5X,A3RIXSMCG9L0F1
B09BM61CG7,A3RIXSMCG9L0F1
B099N53VHZ,A3RIXSMCG9L0F1
B097GXWW5H,A3RIXSMCG9L0F1
B096MFVGXH,A3RIXSMCG9L0F1
B095WS3JW8,A3RIXSMCG9L0F1
B0D4VV4LVV,A3RIXSMCG9L0F1
B0CNGXBSX6,A3RIXSMCG9L0F1
B07VWQMFM7,A3RIXSMCG9L0F1
B0CXTBR1X1,A3RIXSMCG9L0F1
B0BVZ9ZYL3,A3RIXSMCG9L0F1
B0CRL81QVL,A3RIXSMCG9L0F1
B08ZCTX65W,A3RIXSMCG9L0F1
B0B79LGNFJ,A3RIXSMCG9L0F1
B0CKFF6JB8,A3RIXSMCG9L0F1
B0DP72TDV7,A3RIXSMCG9L0F1
B0B7QW54N2,A3RIXSMCG9L0F1
B0BS69QPWQ,A3RIXSMCG9L0F1
B0B53KW3GD,A3RIXSMCG9L0F1
B092CZ9Z7Y,A3RIXSMCG9L0F1
B09GXSSFBX,A3RIXSMCG9L0F1
B07TG8S1S5,A3RIXSMCG9L0F1
B08ZCLCKZD,A3RIXSMCG9L0F1
B08VHSBDWZ,A3RIXSMCG9L0F1
B08FRDZ8SB,A3RIXSMCG9L0F1
B08F3W22RQ,A3RIXSMCG9L0F1
B07S3DTS5K,A3RIXSMCG9L0F1
B07MLQQ16G,A3RIXSMCG9L0F1
B00N1OF54I,A3RIXSMCG9L0F1
B0CNKKMN22,A3RIXSMCG9L0F1
B0DSC77K9D,A3RIXSMCG9L0F1
B0B142QKPG,A3RIXSMCG9L0F1
B0B7FZ6TLR,A3RIXSMCG9L0F1
B0D5LTZZJM,A3RIXSMCG9L0F1
B009JCVZ90,A3RIXSMCG9L0F1
B0DSHV4BW9,A3RIXSMCG9L0F1
B0DRZYK8N5,A3RIXSMCG9L0F1
B0DQQ84K8K,A3RIXSMCG9L0F1
B0DP29X4SZ,A3RIXSMCG9L0F1
B0DM8K5H2S,A3RIXSMCG9L0F1
B0DJXWC5S4,A3RIXSMCG9L0F1
B0DFBCDRSR,A3RIXSMCG9L0F1
B0DCRRW3GF,A3RIXSMCG9L0F1
B0D6GZNX48,A3RIXSMCG9L0F1
B0D5QGGLMX,A3RIXSMCG9L0F1
B0D53JLF6P,A3RIXSMCG9L0F1
B0D12S6WHR,A3RIXSMCG9L0F1
B0CPP7T4G7,A3RIXSMCG9L0F1
B0CPJM2VWP,A3RIXSMCG9L0F1
B0CN2RZKLZ,A3RIXSMCG9L0F1
B0CMQ9KXW3,A3RIXSMCG9L0F1
B097P4PHW1,A3RIXSMCG9L0F1
B0DBL5MRF1,A3RIXSMCG9L0F1
B08ZMR1VFG,A3RIXSMCG9L0F1
B0DSPK6J6Z,A3RIXSMCG9L0F1
B088DXGFZK,A3RIXSMCG9L0F1
B0DC6G5HC5,A3RIXSMCG9L0F1
B07YV4XK2M,A3RIXSMCG9L0F1
B09YPY2MPN,A3RIXSMCG9L0F1
B07SQZ1ZSX,A3RIXSMCG9L0F1
B08D87TSGL,A3RIXSMCG9L0F1
B07GSJTQQS,A3RIXSMCG9L0F1
B07R3Y7QX8,A3RIXSMCG9L0F1
B01GE5FLNK,A3RIXSMCG9L0F1
B007MW0MSE,A3RIXSMCG9L0F1
B00CPH41EM,A3RIXSMCG9L0F1
B0DSKCL8TH,A3RIXSMCG9L0F1
B0CLM6H37B,A3RIXSMCG9L0F1
B0CLHYM8NM,A3RIXSMCG9L0F1
B0CL9QQPNH,A3RIXSMCG9L0F1
B0CKD9TRQ4,A3RIXSMCG9L0F1
B0CH7VDM7S,A3RIXSMCG9L0F1
B0CCVBY81W,A3RIXSMCG9L0F1
B0CBJZD92S,A3RIXSMCG9L0F1
B0C81WMXH4,A3RIXSMCG9L0F1
B0C7466RTL,A3RIXSMCG9L0F1
B0C5T2NK8Z,A3RIXSMCG9L0F1
B0C5QZL3GX,A3RIXSMCG9L0F1
B0C1GFRKFM,A3RIXSMCG9L0F1
B0BVHT8DJV,A3RIXSMCG9L0F1
B0BS6N5KWQ,A3RIXSMCG9L0F1
B0BRK3VXKG,A3RIXSMCG9L0F1
B0BR9L3S54,A3RIXSMCG9L0F1
B0CF1K4DXD,A3RIXSMCG9L0F1
B075F85XFY,A3RIXSMCG9L0F1
B07PN5K14C,A3RIXSMCG9L0F1
B06XZN3BGH,A3RIXSMCG9L0F1
B0BTMKWKPM,A3RIXSMCG9L0F1
B0BDBYKQY1,A3RIXSMCG9L0F1
B00KZM1NIQ,A3RIXSMCG9L0F1
B0CQ6YXS3G,A3RIXSMCG9L0F1
B00MFLV2FY,A3RIXSMCG9L0F1
B0DY46SZMX,A3RIXSMCG9L0F1
B07XFMGWNN,A3RIXSMCG9L0F1
B0CQTHFQHQ,A3RIXSMCG9L0F1
B0CNMT1QHL,A3RIXSMCG9L0F1
B0B23QBFWN,A3RIXSMCG9L0F1
B09CDHLSG4,A3RIXSMCG9L0F1
B003SSWEXM,A3RIXSMCG9L0F1
B08TW9P1XL,A3RIXSMCG9L0F1
B09HY4ZKJX,A3RIXSMCG9L0F1
B08KRMSS29,A3RIXSMCG9L0F1
B016U4FCN4,A3RIXSMCG9L0F1
B08CV327R9,A3RIXSMCG9L0F1
B0DRJZDZCS,A3RIXSMCG9L0F1
B0C7KLRXWN,A3RIXSMCG9L0F1
B0CYCPNR7S,A3RIXSMCG9L0F1
B0DHSQVDDK,A3RIXSMCG9L0F1
B094HJ8JG5,A3RIXSMCG9L0F1
B0C6XBQFHN,A3RIXSMCG9L0F1
B0DLGJZNMT,A3RIXSMCG9L0F1
B081S7813X,A3RIXSMCG9L0F1
B0BT72PCHB,A3RIXSMCG9L0F1
B0DRNKV7DF,A3RIXSMCG9L0F1
B0C6MHLJX5,A3RIXSMCG9L0F1
B0B68G2BLP,A3RIXSMCG9L0F1
B0CPB8913S,A3RIXSMCG9L0F1
B0CY1ZZRZ1,A3RIXSMCG9L0F1
B0BW888MFH,A3RIXSMCG9L0F1
B08RDKTCHT,A3RIXSMCG9L0F1
B0D86HKM9L,A3RIXSMCG9L0F1
B0BNH247HP,A3RIXSMCG9L0F1
B076GN41QX,A3RIXSMCG9L0F1
B0DF7SF7F7,A3RIXSMCG9L0F1
B097XMGDPW,A3RIXSMCG9L0F1
B0D9JXDZHK,A3RIXSMCG9L0F1
B072BKJN34,A3RIXSMCG9L0F1
B0D7VV72DC,A3RIXSMCG9L0F1
B06Y3WS3RD,A3RIXSMCG9L0F1
B07VLPF94Q,A3RIXSMCG9L0F1
B0CWP6ZWMR,A3RIXSMCG9L0F1
B0CN1742HZ,A3RIXSMCG9L0F1
B08ZSLZCW1,A3RIXSMCG9L0F1
B09KTPT2JT,A3RIXSMCG9L0F1
B0B76SRYBP,A3RIXSMCG9L0F1
B0D6YY2SDY,A3RIXSMCG9L0F1
B08PTQSML2,A3RIXSMCG9L0F1
B0D6GBKYJT,A3RIXSMCG9L0F1
B09VQM8VKF,A3RIXSMCG9L0F1
B0DSZJQK19,A3RIXSMCG9L0F1
B07VFBNTL4,A3RIXSMCG9L0F1
B077GCS1HZ,A3RIXSMCG9L0F1
B09PNDPLCP,A3RIXSMCG9L0F1
B09CTTZFLS,A3RIXSMCG9L0F1
B07Y34J7LK,A3RIXSMCG9L0F1
B07T93F2V9,A3RIXSMCG9L0F1
B0CDXB6JBY,A3RIXSMCG9L0F1
B09QJW9KGG,A3RIXSMCG9L0F1
B0CP48BQZS,A3RIXSMCG9L0F1
B0BC965C1B,A3RIXSMCG9L0F1
B0DT53DSJT,A3RIXSMCG9L0F1
B0CHVMXSN9,A3RIXSMCG9L0F1
B01B2BUMLM,A3RIXSMCG9L0F1
B08RWWYM1F,A3RIXSMCG9L0F1
B0CH1QMJFP,A3RIXSMCG9L0F1
B0DK2VMV9W,A3RIXSMCG9L0F1
B07G95QM4G,A3RIXSMCG9L0F1
B0B3RCZP4S,A3RIXSMCG9L0F1
B09NKRLDK6,A3RIXSMCG9L0F1
B073DDNYQG,A3RIXSMCG9L0F1
B08198VZ5J,A3RIXSMCG9L0F1
B0CX8686X5,A3RIXSMCG9L0F1
B0B9MNYZLB,A3RIXSMCG9L0F1
B0CHRRQC9G,A3RIXSMCG9L0F1
B0913GR9KN,A3RIXSMCG9L0F1
B0CCR7RPLQ,A3RIXSMCG9L0F1
B074SD7DM2,A3RIXSMCG9L0F1
B0C18XCLHP,A3RIXSMCG9L0F1
B09FZRSH29,A3RIXSMCG9L0F1
B0BMPQDJC7,A3RIXSMCG9L0F1
B07PPGT59T,A3RIXSMCG9L0F1
B0B3J5W5GG,A3RIXSMCG9L0F1
B0DS55C2XT,A3RIXSMCG9L0F1
B09XDK4C9C,A3RIXSMCG9L0F1
B09PKBHMMJ,A3RIXSMCG9L0F1
B09QKG876G,A3RIXSMCG9L0F1
B09BCLC9GV,A3RIXSMCG9L0F1
B095HND1PC,A3RIXSMCG9L0F1
B07QJ2FBNJ,A3RIXSMCG9L0F1
B0918JMLWR,A3RIXSMCG9L0F1
B004GF0MCQ,A3RIXSMCG9L0F1
B08P24XZS6,A3RIXSMCG9L0F1
B09YS2K6TC,A3RIXSMCG9L0F1
B07ZP166HV,A3RIXSMCG9L0F1
B096MBJNGN,A3RIXSMCG9L0F1
B07YHWZBJS,A3RIXSMCG9L0F1
B00J3XR580,A3RIXSMCG9L0F1
B07VFYWDBB,A3RIXSMCG9L0F1
B001DTE5Q2,A3RIXSMCG9L0F1
B07T82BBM2,A3RIXSMCG9L0F1
B0BGRF9N1N,A3RIXSMCG9L0F1
B07P2MVHD2,A3RIXSMCG9L0F1
B07ZYTSXF7,A3RIXSMCG9L0F1
B07G8QBDYC,A3RIXSMCG9L0F1
B0CX114RVL,A3RIXSMCG9L0F1
B07DLWZKP6,A3RIXSMCG9L0F1
B0CRRYVTM5,A3RIXSMCG9L0F1
B07DDJ9Z6L,A3RIXSMCG9L0F1
B0CFCZPVCX,A3RIXSMCG9L0F1
B07CV92PLM,A3RIXSMCG9L0F1
B0BTLPS99Q,A3RIXSMCG9L0F1
B014P6ITOS,A3RIXSMCG9L0F1
B0BBBF46SK,A3RIXSMCG9L0F1
B00IY7NKW6,A3RIXSMCG9L0F1
B07R5V2TWH,A3RIXSMCG9L0F1
B07P65GP8T,A3RIXSMCG9L0F1
B07NZ6VKZ9,A3RIXSMCG9L0F1
B01EB9GTYG,A3RIXSMCG9L0F1
B0CRXVFJK4,A3RIXSMCG9L0F1
B0BN52MDX1,A3RIXSMCG9L0F1
B09ZSR7VYD,A3RIXSMCG9L0F1
B09STJT9S2,A3RIXSMCG9L0F1
B09PZR8PGR,A3RIXSMCG9L0F1
B092CWNR7M,A3RIXSMCG9L0F1
B07ZK2532J,A3RIXSMCG9L0F1
B07PH5VD71,A3RIXSMCG9L0F1
B07PF6XRY7,A3RIXSMCG9L0F1
B07L38R64G,A3RIXSMCG9L0F1
B07CGDN7VC,A3RIXSMCG9L0F1
B071WPLRV4,A3RIXSMCG9L0F1
B01KVHTRP0,A3RIXSMCG9L0F1
B008LYFERG,A3RIXSMCG9L0F1
B000NOXETC,A3RIXSMCG9L0F1
B0DY7J7ZVC,A3RIXSMCG9L0F1
B0DTHWRK8T,A3RIXSMCG9L0F1
B0DTDR6MN5,A3RIXSMCG9L0F1
B0DRV24YS2,A3RIXSMCG9L0F1
B0DQP9SKH7,A3RIXSMCG9L0F1
B0DLRSN9GR,A3RIXSMCG9L0F1
B0DCDZNTGQ,A3RIXSMCG9L0F1
B0DBLMKMVM,A3RIXSMCG9L0F1
B0D7D4143X,A3RIXSMCG9L0F1
B0D2HKLJY9,A3RIXSMCG9L0F1
B0D2DCMBNC,A3RIXSMCG9L0F1
B0D2DC9FYX,A3RIXSMCG9L0F1
B0D2DBV698,A3RIXSMCG9L0F1
B0D2DB737L,A3RIXSMCG9L0F1
B08DR8VQYC,A3RIXSMCG9L0F1
B08DP427YC,A3RIXSMCG9L0F1
B08C7CZ7Z2,A3RIXSMCG9L0F1
B0895QY92G,A3RIXSMCG9L0F1
B086VZV1X9,A3RIXSMCG9L0F1
B0851P41TF,A3RIXSMCG9L0F1
B082XNHJJQ,A3RIXSMCG9L0F1
B07ZFDQ28H,A3RIXSMCG9L0F1
B07X98R3QK,A3RIXSMCG9L0F1
B07X1QX3HD,A3RIXSMCG9L0F1
B07V7XNRYQ,A3RIXSMCG9L0F1
B07TTQGGBD,A3RIXSMCG9L0F1
B07S3NRKNT,A3RIXSMCG9L0F1
B07P8HKL5T,A3RIXSMCG9L0F1
B07KWC2X2T,A3RIXSMCG9L0F1
B07JYCWF9J,A3RIXSMCG9L0F1
B0BMQ6CSWN,A3RIXSMCG9L0F1
B0CPTBMM9K,A3RIXSMCG9L0F1
B09QZQK6VY,A3RIXSMCG9L0F1
B094XDKB5F,A3RIXSMCG9L0F1
B0CN9HSZCF,A3RIXSMCG9L0F1
B094W4Q21S,A3RIXSMCG9L0F1
B094C73FWW,A3RIXSMCG9L0F1
B093LHTXW7,A3RIXSMCG9L0F1
B093BVT3C6,A3RIXSMCG9L0F1
B092H9KH1W,A3RIXSMCG9L0F1
B09286BYV4,A3RIXSMCG9L0F1
B0927NXZT6,A3RIXSMCG9L0F1
B091Y34SL9,A3RIXSMCG9L0F1
B08XHVXK7F,A3RIXSMCG9L0F1
B08TM8KYM6,A3RIXSMCG9L0F1
B08RXZTGQS,A3RIXSMCG9L0F1
B08R2PJSN6,A3RIXSMCG9L0F1
B08QFB4TNL,A3RIXSMCG9L0F1
B08MB45H7N,A3RIXSMCG9L0F1
B08JYKMFJ1,A3RIXSMCG9L0F1
B08HLV7WBF,A3RIXSMCG9L0F1
B0D1V8JJ85,A3RIXSMCG9L0F1
B0D1CSNM3P,A3RIXSMCG9L0F1
B0CZPNL5X9,A3RIXSMCG9L0F1
B0CZ34Q4NP,A3RIXSMCG9L0F1
B0CQX5MBP5,A3RIXSMCG9L0F1
B0CPSWFHW8,A3RIXSMCG9L0F1
B0CHWLXD94,A3RIXSMCG9L0F1
B0CG95KV8K,A3RIXSMCG9L0F1
B0CF1PJ5BV,A3RIXSMCG9L0F1
B0CDPT61WT,A3RIXSMCG9L0F1
B0CCL57BVM,A3RIXSMCG9L0F1
B0CC1KVNHX,A3RIXSMCG9L0F1
B0CBX5XV5R,A3RIXSMCG9L0F1
B0C45JDYTG,A3RIXSMCG9L0F1
B0C2CJ2C6K,A3RIXSMCG9L0F1
B0C1JGC2KG,A3RIXSMCG9L0F1
B0BFDX2X5N,A3RIXSMCG9L0F1
B0D4TXRFS5,A3RIXSMCG9L0F1
B0D1JZZ7VG,A3RIXSMCG9L0F1
B0B3WZL8DB,A3RIXSMCG9L0F1
B08T8RYG5P,A3RIXSMCG9L0F1
B0D59RPPQ9,A3RIXSMCG9L0F1
B0D1KJ8XBP,A3RIXSMCG9L0F1
B003EV7DVQ,A3RIXSMCG9L0F1
B0BX5BWMHY,A3RIXSMCG9L0F1
B07B8VFFL7,A3RIXSMCG9L0F1
B0B2DFX3PB,A3RIXSMCG9L0F1
B09TX32F97,A3RIXSMCG9L0F1
B09QKMT8WG,A3RIXSMCG9L0F1
B09NVLDT9N,A3RIXSMCG9L0F1
B09N75BW7K,A3RIXSMCG9L0F1
B09KPJSX1S,A3RIXSMCG9L0F1
B09KBVSGJG,A3RIXSMCG9L0F1
B09JW3S891,A3RIXSMCG9L0F1
B09JLS9N31,A3RIXSMCG9L0F1
B09GLQ677T,A3RIXSMCG9L0F1
B09FL2FGS8,A3RIXSMCG9L0F1
B09F3645XJ,A3RIXSMCG9L0F1
B0998GT69Q,A3RIXSMCG9L0F1
B098TPPSSC,A3RIXSMCG9L0F1
B096X9B5FP,A3RIXSMCG9L0F1
B095WMZBRM,A3RIXSMCG9L0F1
B095CGC1TN,A3RIXSMCG9L0F1
B07GQLV7QJ,A3RIXSMCG9L0F1
B077BWPQVG,A3RIXSMCG9L0F1
B076B7221L,A3RIXSMCG9L0F1
B01LZIMGI0,A3RIXSMCG9L0F1
B01LZFSUBF,A3RIXSMCG9L0F1
B01E2SQSLU,A3RIXSMCG9L0F1
B00TYQA0HO,A3RIXSMCG9L0F1
B0BZ4163Q9,A3RIXSMCG9L0F1
B0BW961SVR,A3RIXSMCG9L0F1
B0BRR3BLDK,A3RIXSMCG9L0F1
B0BMKRLRFW,A3RIXSMCG9L0F1
B0BKL61FK4,A3RIXSMCG9L0F1
B0BJVF332Y,A3RIXSMCG9L0F1
B0BFVRLWZJ,A3RIXSMCG9L0F1
B0BFDL9X1H,A3RIXSMCG9L0F1
B0BFDK67LD,A3RIXSMCG9L0F1
B0BC19P73R,A3RIXSMCG9L0F1
B0B4CJ1M9V,A3RIXSMCG9L0F1
B0B3LXVD4Q,A3RIXSMCG9L0F1
B0B2533PN3,A3RIXSMCG9L0F1
B09ZV8HLKW,A3RIXSMCG9L0F1
B09YS2SBDY,A3RIXSMCG9L0F1
B09WHC6SV3,A3RIXSMCG9L0F1
B0CGDPS7CT,A3RIXSMCG9L0F1
B0BHV2KPST,A3RIXSMCG9L0F1
B082P9T82X,A3RIXSMCG9L0F1
B08FWZJ2ZP,A3RIXSMCG9L0F1
B0DLNGDSLL,A3RIXSMCG9L0F1
B0D1ZGJGQK,A3RIXSMCG9L0F1
B0DFH7ZR93,A3RIXSMCG9L0F1
B09VZK48C6,A3RIXSMCG9L0F1
B07V2DNF4M,A3RIXSMCG9L0F1
B0B5KDLRYD,A3RIXSMCG9L0F1
B0D5M9GJSJ,A3RIXSMCG9L0F1
B088BCNN1H,A3RIXSMCG9L0F1
B0D545BNY9,A3RIXSMCG9L0F1
B09834S95Q,A3RIXSMCG9L0F1
B0D3XFPT8V,A3RIXSMCG9L0F1
B019DJ751A,A3RIXSMCG9L0F1
B08WRMVDGP,A3RIXSMCG9L0F1
B0D1R7W6QX,A3RIXSMCG9L0F1
B07WFQY621,A3RIXSMCG9L0F1
B0CQPFK56R,A3RIXSMCG9L0F1
B09XGTNNSQ,A3RIXSMCG9L0F1
B0C7NB5TNQ,A3RIXSMCG9L0F1
B0DPFD76KB,A3RIXSMCG9L0F1
B0C35JYY2M,A3RIXSMCG9L0F1
B077LPT6SH,A3RIXSMCG9L0F1
B0CYZM9V3G,A3RIXSMCG9L0F1
B0CNK7JS5X,A3RIXSMCG9L0F1
B09GP1JB1P,A3RIXSMCG9L0F1
B07ZYS97T6,A3RIXSMCG9L0F1
B0CF1Z7GW1,A3RIXSMCG9L0F1
B09HK66XF8,A3RIXSMCG9L0F1
B0CLJ7QQPY,A3RIXSMCG9L0F1
B0C69DSHB7,A3RIXSMCG9L0F1
B0CDTVJ9GR,A3RIXSMCG9L0F1
B09GK9P8PD,A3RIXSMCG9L0F1
B0BX57R2RN,A3RIXSMCG9L0F1
B08R2LFKD7,A3RIXSMCG9L0F1
B0CY2NW6JL,A3RIXSMCG9L0F1
B07Q1YJJSR,A3RIXSMCG9L0F1
B0D3KZT4ST,A3RIXSMCG9L0F1
B00OI0L8BI,A3RIXSMCG9L0F1
B0BB764S4J,A3RIXSMCG9L0F1
B0D3DFBZHH,A3RIXSMCG9L0F1
B0CQPY5HL3,A3RIXSMCG9L0F1
B00QZAWIMC,A3RIXSMCG9L0F1
B0D1V7KTSW,A3RIXSMCG9L0F1
B0CMXL76LV,A3RIXSMCG9L0F1
B07FCBHZHP,A3RIXSMCG9L0F1
B0B824JLB3,A3RIXSMCG9L0F1
B0DDTCH1VV,A3RIXSMCG9L0F1
B09V39LQ1G,A3RIXSMCG9L0F1
B0B1DFHFKB,A3RIXSMCG9L0F1
B09TVDMWQT,A3RIXSMCG9L0F1
B00PED4TBO,A3RIXSMCG9L0F1
B09LCX2X4F,A3RIXSMCG9L0F1
B0D65LF91D,A3RIXSMCG9L0F1
B08ZH7D2T4,A3RIXSMCG9L0F1
B07ZX57K7R,A3RIXSMCG9L0F1
B08NPFNV44,A3RIXSMCG9L0F1
B0DQVBXKYV,A3RIXSMCG9L0F1
B08BRZPFJZ,A3RIXSMCG9L0F1
B0899YRH53,A3RIXSMCG9L0F1
B00Q3KNWUQ,A3RIXSMCG9L0F1
B0D9BXZVFH,A3RIXSMCG9L0F1
B093HKB94W,A3RIXSMCG9L0F1
B08KFPGXHB,A3RIXSMCG9L0F1
B0862DT36G,A3RIXSMCG9L0F1
B09WKHGYW6,A3RIXSMCG9L0F1
B078JQQ6BS,A3RIXSMCG9L0F1
B0BPB8VC5D,A3RIXSMCG9L0F1
B09L6Z6679,A3RIXSMCG9L0F1
B086W142B3,A3RIXSMCG9L0F1
B09Z741B58,A3RIXSMCG9L0F1
B0D9F9DN53,A3RIXSMCG9L0F1
B072LZ1MJG,A3RIXSMCG9L0F1
B0D83H8K67,A3RIXSMCG9L0F1
B0BR8T7JGB,A3RIXSMCG9L0F1
B0CGZCBCXJ,A3RIXSMCG9L0F1
B0BNWSPXMR,A3RIXSMCG9L0F1
B0CGZC7V3Z,A3RIXSMCG9L0F1
B0D83V1V11,A3RIXSMCG9L0F1
B0D62R6W5H,A3RIXSMCG9L0F1
B0D5QP2C2H,A3RIXSMCG9L0F1
B0D5BBBQMS,A3RIXSMCG9L0F1
B0D52VMQYN,A3RIXSMCG9L0F1
B0D4VMSV3R,A3RIXSMCG9L0F1
B0D3P9XPZ6,A3RIXSMCG9L0F1
B0D3DSPRW7,A3RIXSMCG9L0F1
B0D1THQR5R,A3RIXSMCG9L0F1
B0D1QMT4Q2,A3RIXSMCG9L0F1
B0CZ9HV9MZ,A3RIXSMCG9L0F1
B0CZ6V8PHR,A3RIXSMCG9L0F1
B0CZ3LZ324,A3RIXSMCG9L0F1
B0CYT77G9P,A3RIXSMCG9L0F1
B0CYQGZSM9,A3RIXSMCG9L0F1
B0CX53VVCV,A3RIXSMCG9L0F1
B0DT9GYCT8,A3RIXSMCG9L0F1
B0DT5YSGYT,A3RIXSMCG9L0F1
B0DT4FL1C9,A3RIXSMCG9L0F1
B0DT48ZJMJ,A3RIXSMCG9L0F1
B0DT3XZSSS,A3RIXSMCG9L0F1
B0DSZL5D5K,A3RIXSMCG9L0F1
B0DSZFKZL1,A3RIXSMCG9L0F1
B0DPVB68TZ,A3RIXSMCG9L0F1
B0DPFXB45D,A3RIXSMCG9L0F1
B0DPFRDY8D,A3RIXSMCG9L0F1
B0DMP1KKGF,A3RIXSMCG9L0F1
B0DMJTKYHF,A3RIXSMCG9L0F1
B0DMGWQW84,A3RIXSMCG9L0F1
B0DLZS82HD,A3RIXSMCG9L0F1
B0DKTDH41N,A3RIXSMCG9L0F1
B0DK8MBNP8,A3RIXSMCG9L0F1
B0CWQ81D2D,A3RIXSMCG9L0F1
B0CWNG1MR8,A3RIXSMCG9L0F1
B0CWND8VK2,A3RIXSMCG9L0F1
B0CWMM5QDP,A3RIXSMCG9L0F1
B0CV3QF779,A3RIXSMCG9L0F1
B0CT5LKY8C,A3RIXSMCG9L0F1
B0CT4P1DFW,A3RIXSMCG9L0F1
B0CR1C389P,A3RIXSMCG9L0F1
B0CQNTBZDC,A3RIXSMCG9L0F1
B0CQ2PCSPN,A3RIXSMCG9L0F1
B0CP1SDTVJ,A3RIXSMCG9L0F1
B0CNR623LS,A3RIXSMCG9L0F1
B0CLCVTQC9,A3RIXSMCG9L0F1
B0CKHK4H4Q,A3RIXSMCG9L0F1
B0CK1G1ZLS,A3RIXSMCG9L0F1
B0CJNPWGH8,A3RIXSMCG9L0F1
B0052PGLTM,A3RIXSMCG9L0F1
B0029LHTF2,A3RIXSMCG9L0F1
B0C5J5C5X4,A3RIXSMCG9L0F1
B09ZTK9MQX,A3RIXSMCG9L0F1
B0BTS95661,A3RIXSMCG9L0F1
B0B8M8DBL3,A3RIXSMCG9L0F1
B01DIUN4CO,A3RIXSMCG9L0F1
B0CB6CKV1M,A3RIXSMCG9L0F1
B08P9G6WG7,A3RIXSMCG9L0F1
B0B4LWL3R7,A3RIXSMCG9L0F1
B0C2P964Q3,A3RIXSMCG9L0F1
B08Y4QPCBQ,A3RIXSMCG9L0F1
B08D5M5NNY,A3RIXSMCG9L0F1
B07BDQSMVZ,A3RIXSMCG9L0F1
B016DWUYIQ,A3RIXSMCG9L0F1
B0DWDQJXL8,A3RIXSMCG9L0F1
B0C6ZFHW8N,A3RIXSMCG9L0F1
B0C6M8X6R9,A3RIXSMCG9L0F1
B0C65GJWN7,A3RIXSMCG9L0F1
B0C4PDCR8G,A3RIXSMCG9L0F1
B0C4DZH5CD,A3RIXSMCG9L0F1
B0C3BY6NY9,A3RIXSMCG9L0F1
B0C39XVSQY,A3RIXSMCG9L0F1
B0C2TQ1GRR,A3RIXSMCG9L0F1
B0C1WJZJVW,A3RIXSMCG9L0F1
B0BX7R1TYL,A3RIXSMCG9L0F1
B0BRZX5PQJ,A3RIXSMCG9L0F1
B0BRX5FYW4,A3RIXSMCG9L0F1
B0BRNKZ3GG,A3RIXSMCG9L0F1
B0BQMHNSGK,A3RIXSMCG9L0F1
B0BN88XFTV,A3RIXSMCG9L0F1
B0BN1T2BG4,A3RIXSMCG9L0F1
B0DHWXFWJB,A3RIXSMCG9L0F1
B0DHKRRQ43,A3RIXSMCG9L0F1
B0DHGXKMM6,A3RIXSMCG9L0F1
B0DHGC9PT3,A3RIXSMCG9L0F1
B0DGQGNSSY,A3RIXSMCG9L0F1
B0DGLS1WN6,A3RIXSMCG9L0F1
B0DGGJHDKX,A3RIXSMCG9L0F1
B0DFPX4351,A3RIXSMCG9L0F1
B0DF7GZFXF,A3RIXSMCG9L0F1
B0DCNRVYSB,A3RIXSMCG9L0F1
B0DBPPH9ML,A3RIXSMCG9L0F1
B0DB5N5JNG,A3RIXSMCG9L0F1
B0DB19X5BP,A3RIXSMCG9L0F1
B0D9LCJVLQ,A3RIXSMCG9L0F1
B0D9BNWM8W,A3RIXSMCG9L0F1
B0D8KZ5PYB,A3RIXSMCG9L0F1
B0CJMZ92YQ,A3RIXSMCG9L0F1
B0CHLXS5VK,A3RIXSMCG9L0F1
B0CH9MG5CX,A3RIXSMCG9L0F1
B0CH3FCSCJ,A3RIXSMCG9L0F1
B0CFV6WRMJ,A3RIXSMCG9L0F1
B0CF1NWB56,A3RIXSMCG9L0F1
B0CDQ1ZRZF,A3RIXSMCG9L0F1
B0CD7DRHGG,A3RIXSMCG9L0F1
B0CBQMH1FV,A3RIXSMCG9L0F1
B0CBJG98YC,A3RIXSMCG9L0F1
B0C9YLDKV2,A3RIXSMCG9L0F1
B0C9TNCW65,A3RIXSMCG9L0F1
B0C9M6QTLS,A3RIXSMCG9L0F1
B0C8GZ246L,A3RIXSMCG9L0F1
B0C7ZHZKNX,A3RIXSMCG9L0F1
B0C7QL6GL5,A3RIXSMCG9L0F1
B0868WBWWS,A3RIXSMCG9L0F1
B083K2BY3D,A3RIXSMCG9L0F1
B081CWCQG7,A3RIXSMCG9L0F1
B07TN49ZSS,A3RIXSMCG9L0F1
B07TD3RYYG,A3RIXSMCG9L0F1
B07T1DW6PC,A3RIXSMCG9L0F1
B07QZZV923,A3RIXSMCG9L0F1
B07QJ4H769,A3RIXSMCG9L0F1
B07PTC2154,A3RIXSMCG9L0F1
B07KZQYM4J,A3RIXSMCG9L0F1
B07KDJS38V,A3RIXSMCG9L0F1
B07H3RGV21,A3RIXSMCG9L0F1
B07FTP15LH,A3RIXSMCG9L0F1
B07F14NYNF,A3RIXSMCG9L0F1
B07DQ96Z5W,A3RIXSMCG9L0F1
B07BR5Y9SR,A3RIXSMCG9L0F1
B0BLNSJJ96,A3RIXSMCG9L0F1
B0BKVQ6JTW,A3RIXSMCG9L0F1
B0BJBQWLJZ,A3RIXSMCG9L0F1
B0BGL3LCJG,A3RIXSMCG9L0F1
B0BDBL9V8J,A3RIXSMCG9L0F1
B0B9BR9BYG,A3RIXSMCG9L0F1
B0B8R4S6K4,A3RIXSMCG9L0F1
B0B8BZ312V,A3RIXSMCG9L0F1
B0B6HQ761D,A3RIXSMCG9L0F1
B0B61W6YSD,A3RIXSMCG9L0F1
B0B5FD1GVY,A3RIXSMCG9L0F1
B0B457DVV9,A3RIXSMCG9L0F1
B0B3GCHL52,A3RIXSMCG9L0F1
B0B2KKPVMY,A3RIXSMCG9L0F1
B0B1MTC2GD,A3RIXSMCG9L0F1
B0B1J6L8MS,A3RIXSMCG9L0F1
B0B1BK6XD4,A3RIXSMCG9L0F1
B0B12V46SX,A3RIXSMCG9L0F1
B0B11K13H3,A3RIXSMCG9L0F1
B09YY45MGV,A3RIXSMCG9L0F1
B09Y5HQ6H5,A3RIXSMCG9L0F1
B09Y27NHHS,A3RIXSMCG9L0F1
B09XV1LRY2,A3RIXSMCG9L0F1
B09XJ3YC7H,A3RIXSMCG9L0F1
B09X6W2MV7,A3RIXSMCG9L0F1
B09X16LKSX,A3RIXSMCG9L0F1
B09WYN7WV1,A3RIXSMCG9L0F1
B09WQRH46V,A3RIXSMCG9L0F1
B09VGTH84B,A3RIXSMCG9L0F1
B09VBPY284,A3RIXSMCG9L0F1
B09V56V469,A3RIXSMCG9L0F1
B09TPH1QQX,A3RIXSMCG9L0F1
B0DKN36Y9K,A3RIXSMCG9L0F1
B07NF8MX93,A3RIXSMCG9L0F1
B0C6DK5M4G,A3RIXSMCG9L0F1
B0CBS485FG,A3RIXSMCG9L0F1
B001GA8JUQ,A3RIXSMCG9L0F1
B0BVYMZH5K,A3RIXSMCG9L0F1
B0DRG1ZBKB,A3RIXSMCG9L0F1
B0BXW4Q39H,A3RIXSMCG9L0F1
B09MYN82S8,A3RIXSMCG9L0F1
B09T2SKPFM,A3RIXSMCG9L0F1
B09SP1VV4K,A3RIXSMCG9L0F1
B09S9VQW19,A3RIXSMCG9L0F1
B09PGTPXN5,A3RIXSMCG9L0F1
B09P3156Q8,A3RIXSMCG9L0F1
B09NVSRSQP,A3RIXSMCG9L0F1
B09NTYDQT7,A3RIXSMCG9L0F1
B09JC3RMHY,A3RIXSMCG9L0F1
B09HRQPZQN,A3RIXSMCG9L0F1
B09HJMHHV8,A3RIXSMCG9L0F1
B09DKVT9HX,A3RIXSMCG9L0F1
B099DYGSD5,A3RIXSMCG9L0F1
B0988THJ56,A3RIXSMCG9L0F1
B0987BTT1L,A3RIXSMCG9L0F1
B096S5B4T3,A3RIXSMCG9L0F1
B093WSM3GN,A3RIXSMCG9L0F1
B0777DPFTN,A3RIXSMCG9L0F1
B074RK4SSH,A3RIXSMCG9L0F1
B073JXY5BS,A3RIXSMCG9L0F1
B072LWK6DY,A3RIXSMCG9L0F1
B071RWYRZV,A3RIXSMCG9L0F1
B06XNL6KB7,A3RIXSMCG9L0F1
B01HVB3C7S,A3RIXSMCG9L0F1
B01EBB5VHU,A3RIXSMCG9L0F1
B01EBB4IMO,A3RIXSMCG9L0F1
B01EBB4AOK,A3RIXSMCG9L0F1
B01DBKYYIE,A3RIXSMCG9L0F1
B01D9T3KZA,A3RIXSMCG9L0F1
B01D9SZVCG,A3RIXSMCG9L0F1
B01D9SZEE6,A3RIXSMCG9L0F1
B01D46A76S,A3RIXSMCG9L0F1
B01D3BSEVY,A3RIXSMCG9L0F1
B09D2Y94DR,A3RIXSMCG9L0F1
B07VF3WFMG,A3RIXSMCG9L0F1
B0C89P247V,A3RIXSMCG9L0F1
B07BVMS21W,A3RIXSMCG9L0F1
B085WVH9GP,A3RIXSMCG9L0F1
B00YD861HQ,A3RIXSMCG9L0F1
B096BJZCRB,A3RIXSMCG9L0F1
B09TFXPR84,A3RIXSMCG9L0F1
B01D3BQEAC,A3RIXSMCG9L0F1
B01D3BP6OW,A3RIXSMCG9L0F1
B01D3BK3O0,A3RIXSMCG9L0F1
B01D37HA0Y,A3RIXSMCG9L0F1
B01D37GT8I,A3RIXSMCG9L0F1
B01D27AOX0,A3RIXSMCG9L0F1
B01D27A8UY,A3RIXSMCG9L0F1
B01D278FBS,A3RIXSMCG9L0F1
B01D276CG8,A3RIXSMCG9L0F1
B01D275KCK,A3RIXSMCG9L0F1
B01D274V2A,A3RIXSMCG9L0F1
B01D2742LU,A3RIXSMCG9L0F1
B01D272I6Q,A3RIXSMCG9L0F1
B019Z3HZ3C,A3RIXSMCG9L0F1
B00ZGPVFBM,A3RIXSMCG9L0F1
B00YNL2X3Y,A3RIXSMCG9L0F1
B091MSQDQK,A3RIXSMCG9L0F1
B09197RM9P,A3RIXSMCG9L0F1
B08Z5ZP7S6,A3RIXSMCG9L0F1
B08YWL2J1J,A3RIXSMCG9L0F1
B08Y5BQNCB,A3RIXSMCG9L0F1
B08X29K21J,A3RIXSMCG9L0F1
B08QHHQ8FT,A3RIXSMCG9L0F1
B08NR89FTQ,A3RIXSMCG9L0F1
B08GXFP7M7,A3RIXSMCG9L0F1
B08CXBJM7Y,A3RIXSMCG9L0F1
B08CDDFW1W,A3RIXSMCG9L0F1
B08C7CJ97S,A3RIXSMCG9L0F1
B088Y9SXWW,A3RIXSMCG9L0F1
B088GMPJSK,A3RIXSMCG9L0F1
B0888958QQ,A3RIXSMCG9L0F1
B087TWVD2H,A3RIXSMCG9L0F1
B0D1K726XF,A3RIXSMCG9L0F1
B0D3HZ2VLD,A3RIXSMCG9L0F1
B09BQGZN6Q,A3RIXSMCG9L0F1
B0DKHLKXZC,A3RIXSMCG9L0F1
B011PVKJRQ,A3RIXSMCG9L0F1
B0D841S5WP,A3RIXSMCG9L0F1
B0CF8CLSYL,A3RIXSMCG9L0F1
B09M8RBWF6,A3RIXSMCG9L0F1
B0DK5HK6L2,A3RIXSMCG9L0F1
B0897C4LN4,A3RIXSMCG9L0F1
B07VH5RC3S,A3RIXSMCG9L0F1
B00W64DTZ6,A3RIXSMCG9L0F1
B00OJRLISI,A3RIXSMCG9L0F1
B00GTZ97WW,A3RIXSMCG9L0F1
B00E4PWEP6,A3RIXSMCG9L0F1
B009KS0HMY,A3RIXSMCG9L0F1
B007KPY0VS,A3RIXSMCG9L0F1
B005U65M9S,A3RIXSMCG9L0F1
B005FW1WQ4,A3RIXSMCG9L0F1
B00488FQLI,A3RIXSMCG9L0F1
B000R9VSQO,A3RIXSMCG9L0F1
B0000AVCAW,A3RIXSMCG9L0F1
B0CJMC1P4J,A3RIXSMCG9L0F1
B0CQCKWD7G,A3RIXSMCG9L0F1
B0CH6YHX6X,A3RIXSMCG9L0F1
B08LGBLCW7,A3RIXSMCG9L0F1
B0C36WHR2V,A3RIXSMCG9L0F1
B08P9G74Q6,A3RIXSMCG9L0F1
B0BPGVD8BD,A3RIXSMCG9L0F1
B0CPHZNLNN,A3RIXSMCG9L0F1
B09WN4G1PP,A3RIXSMCG9L0F1
B0C9W8V55C,A3RIXSMCG9L0F1
B092DTQN9G,A3RIXSMCG9L0F1
B08QCMD7P6,A3RIXSMCG9L0F1
B098T7SZC4,A3RIXSMCG9L0F1
B0C866DSYJ,A3RIXSMCG9L0F1
B0CW13D7D5,A3RIXSMCG9L0F1
B0CS7H6MZM,A3RIXSMCG9L0F1
B0CRNK7QF5,A3RIXSMCG9L0F1
B0D87G67QR,A3RIXSMCG9L0F1
B0D49XG9PN,A3RIXSMCG9L0F1
B0BRZQCWC3,A3RIXSMCG9L0F1
B0C9L38PC2,A3RIXSMCG9L0F1
B0CGZMWHN3,A3RIXSMCG9L0F1
B07MXBGXQT,A3RIXSMCG9L0F1
B0CMCJGPJ5,A3RIXSMCG9L0F1
B0C1B8GY64,A3RIXSMCG9L0F1
B0C6L6P4DK,A3RIXSMCG9L0F1
B0BZT4H5DW,A3RIXSMCG9L0F1
B0BKP6LC8H,A3RIXSMCG9L0F1
B094R4Y246,A3RIXSMCG9L0F1
B078WSYMB7,A3RIXSMCG9L0F1
B07YGQ24FN,A3RIXSMCG9L0F1
B0DLT9TMYG,A3RIXSMCG9L0F1
B08F8RGYM1,A3RIXSMCG9L0F1
B0BBT2QYWB,A3RIXSMCG9L0F1
B0D63D81Y6,A3RIXSMCG9L0F1
B0DK6DJGR8,A3RIXSMCG9L0F1
B0C8WMM8J3,A3RIXSMCG9L0F1
B0BNL19CLL,A3RIXSMCG9L0F1
B0CPS3MPKR,A3RIXSMCG9L0F1
B0977HMWJ8,A3RIXSMCG9L0F1
B01CIXDUE4,A3RIXSMCG9L0F1
B08HVFMD4B,A3RIXSMCG9L0F1
B0CPLQ8BFL,A3RIXSMCG9L0F1
B09NBS38D6,A3RIXSMCG9L0F1
B07TDNNVJK,A3RIXSMCG9L0F1
B016XAEKR4,A3RIXSMCG9L0F1
B0CWRHJFQC,A3RIXSMCG9L0F1
B0DGQJZYDV,A3RIXSMCG9L0F1
B0CBDQVT69,A3RIXSMCG9L0F1
B0B3JCQP1M,A3RIXSMCG9L0F1
B0C73J8PZY,A3RIXSMCG9L0F1
B00GI4Z2CS,A3RIXSMCG9L0F1
B0DLM9TQJ2,A3RIXSMCG9L0F1
B0DRVQJ68V,A3RIXSMCG9L0F1
B0BKQW6MVQ,A3RIXSMCG9L0F1
B0DQ4J319T,A3RIXSMCG9L0F1
B0C3C2FT48,A3RIXSMCG9L0F1
B0DF763N6M,A3RIXSMCG9L0F1
B0CGV5P3C4,A3RIXSMCG9L0F1
B0CLV639J1,A3RIXSMCG9L0F1
B0CT66SMPG,A3RIXSMCG9L0F1
B0BGPBDX2F,A3RIXSMCG9L0F1
B0CP9R3MNF,A3RIXSMCG9L0F1
B0974KL8L5,A3RIXSMCG9L0F1
B0D45L5LTN,A3RIXSMCG9L0F1
B0BZC6W6TJ,A3RIXSMCG9L0F1
B0D25L44VZ,A3RIXSMCG9L0F1
B08QJS1CFD,A3RIXSMCG9L0F1
B0CCNXB9VQ,A3RIXSMCG9L0F1
B0CTQ1NDXR,A3RIXSMCG9L0F1
B09YHKL11P,A3RIXSMCG9L0F1
B0BR4S35DW,A3RIXSMCG9L0F1
B07GC5PRXQ,A3RIXSMCG9L0F1
B0BQTWRQ9R,A3RIXSMCG9L0F1
B01KGY1MJ2,A3RIXSMCG9L0F1
B09ZNS3Y6V,A3RIXSMCG9L0F1
B0BQJ8DMDG,A3RIXSMCG9L0F1
B0BX8L488K,A3RIXSMCG9L0F1
B00OJCPU6E,A3RIXSMCG9L0F1
B09ZL46RZX,A3RIXSMCG9L0F1
B0CYBB14NZ,A3RIXSMCG9L0F1
B0CLV36XDW,A3RIXSMCG9L0F1
B0DCBZ4951,A3RIXSMCG9L0F1
B085VJGXY1,A3RIXSMCG9L0F1
B0CL34SRRH,A3RIXSMCG9L0F1
B09L6QHFTR,A3RIXSMCG9L0F1
B0B5WHZNQS,A3RIXSMCG9L0F1
B0D7Q2GGZ3,A3RIXSMCG9L0F1
B08DGTYFN9,A3RIXSMCG9L0F1
B093RVK74J,A3RIXSMCG9L0F1
B0CX1B2MDM,A3RIXSMCG9L0F1
B08L8DHM1Z,A3RIXSMCG9L0F1
B0BBG3DRFG,A3RIXSMCG9L0F1
B09Y5GXK1L,A3RIXSMCG9L0F1
B09SB43HHB,A3RIXSMCG9L0F1
B0DWYKXKD9,A3RIXSMCG9L0F1
B0BJ89S5YM,A3RIXSMCG9L0F1
B09V54KRZK,A3RIXSMCG9L0F1
B09T948D4M,A3RIXSMCG9L0F1
B0D1YKBCF7,A3RIXSMCG9L0F1
B0CWN8HVZ7,A3RIXSMCG9L0F1
B0CYLBNCQS,A3RIXSMCG9L0F1
B07TJ8R7FG,A3RIXSMCG9L0F1
B0CJC7HP2M,A3RIXSMCG9L0F1
B07SJ8PJTY,A3RIXSMCG9L0F1
B0CGX5QY4R,A3RIXSMCG9L0F1
B0D3XTNJ9Q,A3RIXSMCG9L0F1
B08RZ41H9J,A3RIXSMCG9L0F1
B0DMS846MY,A3RIXSMCG9L0F1
B0CLTDGC9Y,A3RIXSMCG9L0F1
B08F2Y47RG,A3RIXSMCG9L0F1
B0BNZ14TFN,A3RIXSMCG9L0F1
B08S99RBHL,A3RIXSMCG9L0F1
B000RFOORI,A3RIXSMCG9L0F1
B08F2ZPSP4,A3RIXSMCG9L0F1
B0DL2WTF18,A3RIXSMCG9L0F1
B0BJPX1FC3,A3RIXSMCG9L0F1
B01CZGAPK6,A3RIXSMCG9L0F1
B0DJR3236D,A3RIXSMCG9L0F1
B0DJF3MFMT,A3RIXSMCG9L0F1
B0DCJJ5X73,A3RIXSMCG9L0F1
B0CF1QF6TG,A3RIXSMCG9L0F1
B09PJB7KVP,A3RIXSMCG9L0F1
B097299HXV,A3RIXSMCG9L0F1
B074G35RTM,A3RIXSMCG9L0F1
B0DYJP5NYV,A3RIXSMCG9L0F1
B0DTHWGLCK,A3RIXSMCG9L0F1
B0DRVS3MVY,A3RIXSMCG9L0F1
B0DQL39N4D,A3RIXSMCG9L0F1
B0DPVN8461,A3RIXSMCG9L0F1
B0DP417RJX,A3RIXSMCG9L0F1
B0DNLZPHLD,A3RIXSMCG9L0F1
B0D93VRC1B,A3RIXSMCG9L0F1
B0D7D189N2,A3RIXSMCG9L0F1
B0D6VVKW92,A3RIXSMCG9L0F1
B0D6VDYMKN,A3RIXSMCG9L0F1
B0D5LPKYP6,A3RIXSMCG9L0F1
B0D4TKN3RX,A3RIXSMCG9L0F1
B0D3B4G9SH,A3RIXSMCG9L0F1
B0D2D9JDGN,A3RIXSMCG9L0F1
B0D1X85LZT,A3RIXSMCG9L0F1
B0D1FXPNSR,A3RIXSMCG9L0F1
B0CZK736DJ,A3RIXSMCG9L0F1
B0CZ96RDMX,A3RIXSMCG9L0F1
B0CZ3RS83S,A3RIXSMCG9L0F1
B0CZ3H8CNZ,A3RIXSMCG9L0F1
B0CY3XMDLV,A3RIXSMCG9L0F1
B0CXWXBHG3,A3RIXSMCG9L0F1
B0C4CQ2992,A3RIXSMCG9L0F1
B0C2CF4LX5,A3RIXSMCG9L0F1
B0C23N6YG7,A3RIXSMCG9L0F1
B0C16SC31L,A3RIXSMCG9L0F1
B0BZS1V7H3,A3RIXSMCG9L0F1
B0BXDPF8NQ,A3RIXSMCG9L0F1
B0BX56K7P7,A3RIXSMCG9L0F1
B0BWJHHVHF,A3RIXSMCG9L0F1
B0BWHZ3QYN,A3RIXSMCG9L0F1
B0BVVS58PV,A3RIXSMCG9L0F1
B0BV5ZCDBT,A3RIXSMCG9L0F1
B0BPHFCLKK,A3RIXSMCG9L0F1
B0BPF38JF6,A3RIXSMCG9L0F1
B0BNF288MH,A3RIXSMCG9L0F1
B0BN3D7JPB,A3RIXSMCG9L0F1
B0BMLHR9VW,A3RIXSMCG9L0F1
B0DMP11G5P,A3RIXSMCG9L0F1
B0DL9T33SC,A3RIXSMCG9L0F1
B0DL9JJCTR,A3RIXSMCG9L0F1
B0DKBY1DTM,A3RIXSMCG9L0F1
B0DJGBT3HR,A3RIXSMCG9L0F1
B0DJB874Q3,A3RIXSMCG9L0F1
B0DGFDX2JR,A3RIXSMCG9L0F1
B0DFH8C526,A3RIXSMCG9L0F1
B0DFC98ZKJ,A3RIXSMCG9L0F1
B0DDC7CS5M,A3RIXSMCG9L0F1
B0DCNB88Z4,A3RIXSMCG9L0F1
B0DCBBJ7PS,A3RIXSMCG9L0F1
B0D9JQX1JM,A3RIXSMCG9L0F1
B0D9JC2V6W,A3RIXSMCG9L0F1
B0D9882DJK,A3RIXSMCG9L0F1
B0D961FD6N,A3RIXSMCG9L0F1
B0BML2L35N,A3RIXSMCG9L0F1
B0BLRLS8RX,A3RIXSMCG9L0F1
B0BLJ7QHJC,A3RIXSMCG9L0F1
B0BL3K6ZYD,A3RIXSMCG9L0F1
B0BJJCWWNY,A3RIXSMCG9L0F1
B0BJ34HDBC,A3RIXSMCG9L0F1
B0BHZ36M18,A3RIXSMCG9L0F1
B0BHYPYSFG,A3RIXSMCG9L0F1
B0BHS2YML5,A3RIXSMCG9L0F1
B0BGHFHFK4,A3RIXSMCG9L0F1
B0BGGD8H2N,A3RIXSMCG9L0F1
B0BG4XHPCX,A3RIXSMCG9L0F1
B0BFD3TGXD,A3RIXSMCG9L0F1
B0BCHDJTC8,A3RIXSMCG9L0F1
B0BBVTK63D,A3RIXSMCG9L0F1
B0BBR2PFXC,A3RIXSMCG9L0F1
B0CXSJ9T5J,A3RIXSMCG9L0F1
B0CXPQGKL3,A3RIXSMCG9L0F1
B0CWTWPLZF,A3RIXSMCG9L0F1
B0CWNXHNLR,A3RIXSMCG9L0F1
B0CW96NQNY,A3RIXSMCG9L0F1
B0CW3F5S69,A3RIXSMCG9L0F1
B0CVRWWRFD,A3RIXSMCG9L0F1
B0CSVVSJ8J,A3RIXSMCG9L0F1
B0CSVTSVPC,A3RIXSMCG9L0F1
B0CSPG89HB,A3RIXSMCG9L0F1
B0CSF81V6T,A3RIXSMCG9L0F1
B0CRDPW1ZT,A3RIXSMCG9L0F1
B0CRD4F7GM,A3RIXSMCG9L0F1
B0CR2XPS7D,A3RIXSMCG9L0F1
B0CQSSW2RB,A3RIXSMCG9L0F1
B0CQSMRYGS,A3RIXSMCG9L0F1
B0CQP6R39C,A3RIXSMCG9L0F1
B0CQCC5ZB3,A3RIXSMCG9L0F1
B0CQ7HK67B,A3RIXSMCG9L0F1
B0CPFC1LGJ,A3RIXSMCG9L0F1
B0CPDDS7ZD,A3RIXSMCG9L0F1
B0CP93TWY5,A3RIXSMCG9L0F1
B0CP8R8Q9B,A3RIXSMCG9L0F1
B0CP4DQRGX,A3RIXSMCG9L0F1
B0CP4295R9,A3RIXSMCG9L0F1
B0CP2Q3WV3,A3RIXSMCG9L0F1
B0CP25JZ9P,A3RIXSMCG9L0F1
B0CNR8TLW2,A3RIXSMCG9L0F1
B0CNGNDNKD,A3RIXSMCG9L0F1
B0CN6G6GRM,A3RIXSMCG9L0F1
B0CN6DXQ4H,A3RIXSMCG9L0F1
B0CN69Y22G,A3RIXSMCG9L0F1
B0BB1JTKWX,A3RIXSMCG9L0F1
B0B8M1ZLXF,A3RIXSMCG9L0F1
B0B8H94L49,A3RIXSMCG9L0F1
B0B7R6WJ6V,A3RIXSMCG9L0F1
B0B7NQ1J6M,A3RIXSMCG9L0F1
B0B7NBXLQZ,A3RIXSMCG9L0F1
B0B73MHN84,A3RIXSMCG9L0F1
B0B6ZNJTMX,A3RIXSMCG9L0F1
B0B688DTX6,A3RIXSMCG9L0F1
B0B5B8WS72,A3RIXSMCG9L0F1
B0B59TKXLT,A3RIXSMCG9L0F1
B0B4C8PQTP,A3RIXSMCG9L0F1
B0B3XDBVNZ,A3RIXSMCG9L0F1
B0B3SXWS85,A3RIXSMCG9L0F1
B0B3CMFPVG,A3RIXSMCG9L0F1
B0B1SY1BPX,A3RIXSMCG9L0F1
B09NP89H81,A3RIXSMCG9L0F1
B09N8QTPVV,A3RIXSMCG9L0F1
B09L861438,A3RIXSMCG9L0F1
B09KZ5SHQB,A3RIXSMCG9L0F1
B09K5GR3JG,A3RIXSMCG9L0F1
B09J4ZDWB3,A3RIXSMCG9L0F1
B09GXT56PS,A3RIXSMCG9L0F1
B09GJYGDGT,A3RIXSMCG9L0F1
B09G3PHB4Z,A3RIXSMCG9L0F1
B09BNKTTBG,A3RIXSMCG9L0F1
B09BKNJ7JL,A3RIXSMCG9L0F1
B097SMRZ67,A3RIXSMCG9L0F1
B096B1M214,A3RIXSMCG9L0F1
B0921NQVYD,A3RIXSMCG9L0F1
B08XQR9VJ5,A3RIXSMCG9L0F1
B08X2L66H8,A3RIXSMCG9L0F1
B0CD3YSQ4X,A3RIXSMCG9L0F1
B0CCP7MSLF,A3RIXSMCG9L0F1
B0CCNK1GCY,A3RIXSMCG9L0F1
B0CC2DBDWZ,A3RIXSMCG9L0F1
B0CC1ZZQBF,A3RIXSMCG9L0F1
B0CBVJQMWX,A3RIXSMCG9L0F1
B0CBGGJ2LB,A3RIXSMCG9L0F1
B0C9NZP6D5,A3RIXSMCG9L0F1
B0C9M6Z5W1,A3RIXSMCG9L0F1
B0C994ZR7M,A3RIXSMCG9L0F1
B0C7VWC448,A3RIXSMCG9L0F1
B0C7V292TY,A3RIXSMCG9L0F1
B0C7MN746S,A3RIXSMCG9L0F1
B0C73MD9PP,A3RIXSMCG9L0F1
B0C5WZXMG2,A3RIXSMCG9L0F1
B0C4L4X5CC,A3RIXSMCG9L0F1
B0CN36YYC4,A3RIXSMCG9L0F1
B0CMTML5PQ,A3RIXSMCG9L0F1
B0CMQC6X8D,A3RIXSMCG9L0F1
B0CM8RYJ53,A3RIXSMCG9L0F1
B0CM5T7XRR,A3RIXSMCG9L0F1
B0CKPF6NJS,A3RIXSMCG9L0F1
B0CJX7LF6G,A3RIXSMCG9L0F1
B0CJPJNLLP,A3RIXSMCG9L0F1
B0CJ6KM8LL,A3RIXSMCG9L0F1
B0CHNWN4W2,A3RIXSMCG9L0F1
B0CHL9D791,A3RIXSMCG9L0F1
B0CHK2NP2H,A3RIXSMCG9L0F1
B0CH8CZD74,A3RIXSMCG9L0F1
B0CFV1T35S,A3RIXSMCG9L0F1
B0CFHPZ3RP,A3RIXSMCG9L0F1
B0CFFKKT6B,A3RIXSMCG9L0F1
B0D2DFRRJD,A3RIXSMCG9L0F1
B0BSMX48MP,A3RIXSMCG9L0F1
B0CC5LP82Z,A3RIXSMCG9L0F1
B097G636XZ,A3RIXSMCG9L0F1
B0DQBBT6X8,A3RIXSMCG9L0F1
B07QJB2V3F,A3RIXSMCG9L0F1
B07176JBHL,A3RIXSMCG9L0F1
B0B3XVQSC3,A3RIXSMCG9L0F1
B0CKVKVYW4,A3RIXSMCG9L0F1
B0B4NQCLKK,A3RIXSMCG9L0F1
B0DS9BZ345,A3RIXSMCG9L0F1
B07NQLZXF6,A3RIXSMCG9L0F1
B0CJTXXGQ5,A3RIXSMCG9L0F1
B07YS81RC7,A3RIXSMCG9L0F1
B09JMLVKR5,A3RIXSMCG9L0F1
B08Q619VBZ,A3RIXSMCG9L0F1
B078H9QHN7,A3RIXSMCG9L0F1
B076H82QRG,A3RIXSMCG9L0F1
B075NT4YN5,A3RIXSMCG9L0F1
B07587TJVS,A3RIXSMCG9L0F1
B071WPLVLH,A3RIXSMCG9L0F1
B071JR2HYX,A3RIXSMCG9L0F1
B01M6UVBEY,A3RIXSMCG9L0F1
B01E64C9O0,A3RIXSMCG9L0F1
B01DRFT10E,A3RIXSMCG9L0F1
B01D3BQEGG,A3RIXSMCG9L0F1
B01D3BJXNC,A3RIXSMCG9L0F1
B01D3BIXRE,A3RIXSMCG9L0F1
B01D3BI4GO,A3RIXSMCG9L0F1
B01D279DRS,A3RIXSMCG9L0F1
B01C6R5L30,A3RIXSMCG9L0F1
B0151FNF6E,A3RIXSMCG9L0F1
B086WPDB7B,A3RIXSMCG9L0F1
B085WNJ968,A3RIXSMCG9L0F1
B085T23FJD,A3RIXSMCG9L0F1
B07W57XDZP,A3RIXSMCG9L0F1
B07SN83PYK,A3RIXSMCG9L0F1
B07SL1HBLH,A3RIXSMCG9L0F1
B07SF612BQ,A3RIXSMCG9L0F1
B07Q5BKSCK,A3RIXSMCG9L0F1
B07PW5YY22,A3RIXSMCG9L0F1
B07LCZSG6F,A3RIXSMCG9L0F1
B07K9QHZYL,A3RIXSMCG9L0F1
B07CWKQWPL,A3RIXSMCG9L0F1
B07CSLGP8M,A3RIXSMCG9L0F1
B07BRQX15Z,A3RIXSMCG9L0F1
B07BHSFQY9,A3RIXSMCG9L0F1
B078Z1SQBH,A3RIXSMCG9L0F1
B08V1G6JG7,A3RIXSMCG9L0F1
B08T5YMZMF,A3RIXSMCG9L0F1
B08R9MB3F6,A3RIXSMCG9L0F1
B08NX436Z2,A3RIXSMCG9L0F1
B08HGPQQLQ,A3RIXSMCG9L0F1
B08HGLTF4R,A3RIXSMCG9L0F1
B08G71ZG2D,A3RIXSMCG9L0F1
B08FJ4TRFJ,A3RIXSMCG9L0F1
B08D3GQHNQ,A3RIXSMCG9L0F1
B08CTXK5FH,A3RIXSMCG9L0F1
B08BXC242L,A3RIXSMCG9L0F1
B08BFCQN52,A3RIXSMCG9L0F1
B0894Q34FL,A3RIXSMCG9L0F1
B088865QWS,A3RIXSMCG9L0F1
B087CDFT9F,A3RIXSMCG9L0F1
B086YQ1JZJ,A3RIXSMCG9L0F1
B0B1Q3XDH4,A3RIXSMCG9L0F1
B09YH2J8J2,A3RIXSMCG9L0F1
B09XWQTNYY,A3RIXSMCG9L0F1
B09XTSTN2B,A3RIXSMCG9L0F1
B09XBLHJ7N,A3RIXSMCG9L0F1
B09XB1NMG5,A3RIXSMCG9L0F1
B09X71X8M9,A3RIXSMCG9L0F1
B09WY1VGN3,A3RIXSMCG9L0F1
B09V6WN96Z,A3RIXSMCG9L0F1
B09V55WD5K,A3RIXSMCG9L0F1
B09TD97QB2,A3RIXSMCG9L0F1
B09TD77KLH,A3RIXSMCG9L0F1
B09T2JRGYW,A3RIXSMCG9L0F1
B09R12QD2T,A3RIXSMCG9L0F1
B09QG46VNY,A3RIXSMCG9L0F1
B09NXV2Y6P,A3RIXSMCG9L0F1
B07NPXM2YN,A3RIXSMCG9L0F1
B0DJR2BLWW,A3RIXSMCG9L0F1
B0C84Z95G4,A3RIXSMCG9L0F1
B0D9YBFQP6,A3RIXSMCG9L0F1
B07HB8QL3D,A3RIXSMCG9L0F1
B0C81HR3DH,A3RIXSMCG9L0F1
B09JJNPPTG,A3RIXSMCG9L0F1
B0D7MKF25G,A3RIXSMCG9L0F1
B09RG34NSY,A3RIXSMCG9L0F1
B07QH32MTV,A3RIXSMCG9L0F1
B096MYFD8M,A3RIXSMCG9L0F1
B08BNDSN5R,A3RIXSMCG9L0F1
B0CCNY4NY3,A3RIXSMCG9L0F1
B09S9N97M9,A3RIXSMCG9L0F1
B0BXXC1TJJ,A3RIXSMCG9L0F1
B0BRTMGXMZ,A3RIXSMCG9L0F1
B00SOYSEJ8,A3RIXSMCG9L0F1
B00SIL1ADE,A3RIXSMCG9L0F1
B00HMEJPAI,A3RIXSMCG9L0F1
B00FQD3N8M,A3RIXSMCG9L0F1
B00DKZYGSE,A3RIXSMCG9L0F1
B00DFBTN2M,A3RIXSMCG9L0F1
B00BB0AVB6,A3RIXSMCG9L0F1
B0062NONMA,A3RIXSMCG9L0F1
B004WYIXIQ,A3RIXSMCG9L0F1
B0BDF7PQLH,A3RIXSMCG9L0F1
B08LVPH8D6,A3RIXSMCG9L0F1
B0DK5ZT55L,A3RIXSMCG9L0F1
B0BJD1T2MB,A3RIXSMCG9L0F1
B0D6GPQFKY,A3RIXSMCG9L0F1
B00EMSQFHS,A3RIXSMCG9L0F1
B0CSYGLZPB,A3RIXSMCG9L0F1
B0BMPC8VRB,A3RIXSMCG9L0F1
B07FTZT9KN,A3RIXSMCG9L0F1
B0BYP5MW82,A3RIXSMCG9L0F1
B09SFTKSG3,A3RIXSMCG9L0F1
B07J6BM8N2,A3RIXSMCG9L0F1
B0B8CYJG75,A3RIXSMCG9L0F1
B09L5X2TM8,A3RIXSMCG9L0F1
B0B54TD8D3,A3RIXSMCG9L0F1
B0948TL7Z1,A3RIXSMCG9L0F1
B0CPSQMVC3,A3RIXSMCG9L0F1
B0CNVZF9ZM,A3RIXSMCG9L0F1
B0B6FXW537,A3RIXSMCG9L0F1
B0B4VV4HDF,A3RIXSMCG9L0F1
B0C9TRYRS5,A3RIXSMCG9L0F1
B0D9GTZ2XD,A3RIXSMCG9L0F1
B0C19H8M6K,A3RIXSMCG9L0F1
B0CLV3ZDCD,A3RIXSMCG9L0F1
B0B2531B3S,A3RIXSMCG9L0F1
B0CRB21SVX,A3RIXSMCG9L0F1
B09Z6LL39C,A3RIXSMCG9L0F1
B0B81V3SVF,A3RIXSMCG9L0F1
B099ZLJBFD,A3RIXSMCG9L0F1
B0BXLQYSL1,A3RIXSMCG9L0F1
B096ZQLGVG,A3RIXSMCG9L0F1
B0828G6ZC3,A3RIXSMCG9L0F1
B0DHZBZPV7,A3RIXSMCG9L0F1
B0DHGC7PT1,A3RIXSMCG9L0F1
B0DG2M3TYQ,A3RIXSMCG9L0F1
B0DFHCHQ2R,A3RIXSMCG9L0F1
B0DF2JFXJX,A3RIXSMCG9L0F1
B0DF2CLZ8Y,A3RIXSMCG9L0F1
B0DDX8QFT6,A3RIXSMCG9L0F1
B0DDSRVGTL,A3RIXSMCG9L0F1
B0DCZW2225,A3RIXSMCG9L0F1
B0DCRYTXH5,A3RIXSMCG9L0F1
B0DCG3H9ZY,A3RIXSMCG9L0F1
B0DBKX7WWZ,A3RIXSMCG9L0F1
B0DBH78MH7,A3RIXSMCG9L0F1
B0D9LYZK1X,A3RIXSMCG9L0F1
B0D9CXQ86F,A3RIXSMCG9L0F1
B0D964FJRG,A3RIXSMCG9L0F1
B095C18Q9B,A3RIXSMCG9L0F1
B078WNWVW8,A3RIXSMCG9L0F1
B07ZG1V173,A3RIXSMCG9L0F1
B0DGL2L221,A3RIXSMCG9L0F1
B07QJ41254,A3RIXSMCG9L0F1
B09Y959MJG,A3RIXSMCG9L0F1
B074T5936C,A3RIXSMCG9L0F1
B0768H93SD,A3RIXSMCG9L0F1
B071HR353C,A3RIXSMCG9L0F1
B0BN3DXX4F,A3RIXSMCG9L0F1
B099NCM4GG,A3RIXSMCG9L0F1
B07R8S7653,A3RIXSMCG9L0F1
B0D9QBJGF6,A3RIXSMCG9L0F1
B083K1F544,A3RIXSMCG9L0F1
B0831S9Y8D,A3RIXSMCG9L0F1
B08S7GCFW1,A3RIXSMCG9L0F1
B0BSXFRRHR,A3RIXSMCG9L0F1
B0D6YM1NV3,A3RIXSMCG9L0F1
B0CSS5N9L8,A3RIXSMCG9L0F1
B0BV2D4YHZ,A3RIXSMCG9L0F1
B08J83GXJZ,A3RIXSMCG9L0F1
B0BTM51DRV,A3RIXSMCG9L0F1
B09Q8PPRHR,A3RIXSMCG9L0F1
B0DT9T78YY,A3RIXSMCG9L0F1
B0DT98FV58,A3RIXSMCG9L0F1
B0DT5RFT96,A3RIXSMCG9L0F1
B0DS257CYC,A3RIXSMCG9L0F1
B0DR7Q67SF,A3RIXSMCG9L0F1
B0DQDQQJ46,A3RIXSMCG9L0F1
B0DPZH2NYS,A3RIXSMCG9L0F1
B0DPX1WMCZ,A3RIXSMCG9L0F1
B0DPWYFT2V,A3RIXSMCG9L0F1
B0DP8GFRPH,A3RIXSMCG9L0F1
B0DP2GV5BJ,A3RIXSMCG9L0F1
B0DN9LZK78,A3RIXSMCG9L0F1
B0DN1HDBGJ,A3RIXSMCG9L0F1
B0DMZZTGN7,A3RIXSMCG9L0F1
B0DLJRSBXF,A3RIXSMCG9L0F1
B0DJK3497Z,A3RIXSMCG9L0F1
B09374HMTR,A3RIXSMCG9L0F1
B07VK88P2M,A3RIXSMCG9L0F1
B074CFYL4L,A3RIXSMCG9L0F1
B09DRBDBX8,A3RIXSMCG9L0F1
B0DJGZSZ5W,A3RIXSMCG9L0F1
B09FF2ZQ3D,A3RIXSMCG9L0F1
B01BB3ESES,A3RIXSMCG9L0F1
B00FRBDEDM,A3RIXSMCG9L0F1
B0DWFR1XFF,A3RIXSMCG9L0F1
B0D8CYYVQW,A3RIXSMCG9L0F1
B0D7Z692FW,A3RIXSMCG9L0F1
B0D7W3M5YS,A3RIXSMCG9L0F1
B0D7VR427S,A3RIXSMCG9L0F1
B0D7BJBM4S,A3RIXSMCG9L0F1
B0D6YWBC4X,A3RIXSMCG9L0F1
B0D6T5BZ55,A3RIXSMCG9L0F1
B0D6F854CB,A3RIXSMCG9L0F1
B0D66YD81F,A3RIXSMCG9L0F1
B0D62KJLG4,A3RIXSMCG9L0F1
B0D5B4628B,A3RIXSMCG9L0F1
B0D4TY3HD1,A3RIXSMCG9L0F1
B0D4TN3WFH,A3RIXSMCG9L0F1
B0D45C65WM,A3RIXSMCG9L0F1
B0D2XWFZXY,A3RIXSMCG9L0F1
B0D1G1GD5P,A3RIXSMCG9L0F1
B01N4UH2C6,A3RIXSMCG9L0F1
B0BG25SVDX,A3RIXSMCG9L0F1
B09N94HMTP,A3RIXSMCG9L0F1
B08R5R8W2Q,A3RIXSMCG9L0F1
B0827YPXQ2,A3RIXSMCG9L0F1
B07DHT2SS6,A3RIXSMCG9L0F1
B00E60SLEM,A3RIXSMCG9L0F1
B0D463JY3L,A3RIXSMCG9L0F1
B0CPPH8Y41,A3RIXSMCG9L0F1
B0BDGKLSCN,A3RIXSMCG9L0F1
B09Y31P3K1,A3RIXSMCG9L0F1
B089D1ZYCJ,A3RIXSMCG9L0F1
B085D8DG47,A3RIXSMCG9L0F1
B07N7DVTPC,A3RIXSMCG9L0F1
B0769427GV,A3RIXSMCG9L0F1
B002ZRPX2G,A3RIXSMCG9L0F1
B0D12HRC3Y,A3RIXSMCG9L0F1
B0CZ5RNV4G,A3RIXSMCG9L0F1
B0CYSNWL54,A3RIXSMCG9L0F1
B0CY4T9L4T,A3RIXSMCG9L0F1
B0CXXH5HQ9,A3RIXSMCG9L0F1
B0CWNH3HDJ,A3RIXSMCG9L0F1
B0CVY99KCG,A3RIXSMCG9L0F1
B0CTKKTKP9,A3RIXSMCG9L0F1
B0CTBNCJ7X,A3RIXSMCG9L0F1
B0CTB3VPJT,A3RIXSMCG9L0F1
B0CT5BJT54,A3RIXSMCG9L0F1
B0CT299K3H,A3RIXSMCG9L0F1
B0CSSVLHZB,A3RIXSMCG9L0F1
B0CSPTC5V4,A3RIXSMCG9L0F1
B0CS2ZCDLK,A3RIXSMCG9L0F1
B0CCTW8J6T,A3RIXSMCG9L0F1
B0CBLCTW9T,A3RIXSMCG9L0F1
B0C9MSYTJ5,A3RIXSMCG9L0F1
B0C9CQRRRJ,A3RIXSMCG9L0F1
B0C8J7L32W,A3RIXSMCG9L0F1
B0C84SY8Y6,A3RIXSMCG9L0F1
B0C77LBCLR,A3RIXSMCG9L0F1
B0C7382B9V,A3RIXSMCG9L0F1
B0C5X3XBBC,A3RIXSMCG9L0F1
B0C5MS6V33,A3RIXSMCG9L0F1
B0C4X5K8X4,A3RIXSMCG9L0F1
B0C4NL8PTQ,A3RIXSMCG9L0F1
B0C4NKDZ12,A3RIXSMCG9L0F1
B0C3VGV2W9,A3RIXSMCG9L0F1
B0C2QCGHKJ,A3RIXSMCG9L0F1
B0C1RY61Y4,A3RIXSMCG9L0F1
B0CRVB85LR,A3RIXSMCG9L0F1
B0CRKVGKL7,A3RIXSMCG9L0F1
B0CRDCRNFC,A3RIXSMCG9L0F1
B0CRB748M1,A3RIXSMCG9L0F1
B0CQFJNBSF,A3RIXSMCG9L0F1
B0CPWC1TF3,A3RIXSMCG9L0F1
B0CPSFLT16,A3RIXSMCG9L0F1
B0CPLPYQYL,A3RIXSMCG9L0F1
B0CP8Q6BDB,A3RIXSMCG9L0F1
B0CP4JNJSM,A3RIXSMCG9L0F1
B0CP3MZDDS,A3RIXSMCG9L0F1
B0CNSVR7GQ,A3RIXSMCG9L0F1
B0CNRGB4BR,A3RIXSMCG9L0F1
B0CND1M363,A3RIXSMCG9L0F1
B0CN8HKXQG,A3RIXSMCG9L0F1
B0CN69254B,A3RIXSMCG9L0F1
B0CN372XQY,A3RIXSMCG9L0F1
B0CN113DBQ,A3RIXSMCG9L0F1
B0CMQGQD6R,A3RIXSMCG9L0F1
B0CMFSXC2Q,A3RIXSMCG9L0F1
B0CLGWLJ4N,A3RIXSMCG9L0F1
B0CKD7ZP74,A3RIXSMCG9L0F1
B0CJJ2FSL5,A3RIXSMCG9L0F1
B0CJ6K7FJZ,A3RIXSMCG9L0F1
B0CJ6JRPZ5,A3RIXSMCG9L0F1
B0CH348GMZ,A3RIXSMCG9L0F1
B0CGXZCDLX,A3RIXSMCG9L0F1
B0CG1PN51Z,A3RIXSMCG9L0F1
B0CFQTNMXJ,A3RIXSMCG9L0F1
B0CFLP137V,A3RIXSMCG9L0F1
B0CDX2LNWN,A3RIXSMCG9L0F1
B0CDLPKVXV,A3RIXSMCG9L0F1
B0BJKF6XG8,A3RIXSMCG9L0F1
B0BHNYJ38S,A3RIXSMCG9L0F1
B0BGRVNQSF,A3RIXSMCG9L0F1
B0BGRMLYQS,A3RIXSMCG9L0F1
B0BG864XG3,A3RIXSMCG9L0F1
B0BFQGVXSG,A3RIXSMCG9L0F1
B0BC8NC3QL,A3RIXSMCG9L0F1
B0BBLGKS2D,A3RIXSMCG9L0F1
B0B7DV514H,A3RIXSMCG9L0F1
B0B75FL2YX,A3RIXSMCG9L0F1
B0B74LBRCD,A3RIXSMCG9L0F1
B0B4R43FKR,A3RIXSMCG9L0F1
B0B4QWY7QB,A3RIXSMCG9L0F1
B0B4QQCTSS,A3RIXSMCG9L0F1
B0B457YBLY,A3RIXSMCG9L0F1
B0B21F5RZD,A3RIXSMCG9L0F1
B09ZKDHKHL,A3RIXSMCG9L0F1
B09ZK5D3ZY,A3RIXSMCG9L0F1
B09YPS66PG,A3RIXSMCG9L0F1
B09XQV8GN2,A3RIXSMCG9L0F1
B09X6JLTLT,A3RIXSMCG9L0F1
B09X2H4R82,A3RIXSMCG9L0F1
B09WRBHZ1N,A3RIXSMCG9L0F1
B09WHLK5NJ,A3RIXSMCG9L0F1
B09WDPM1R1,A3RIXSMCG9L0F1
B09W924HFZ,A3RIXSMCG9L0F1
B09VGPTB18,A3RIXSMCG9L0F1
B09VGK8CK8,A3RIXSMCG9L0F1
B09VGJ5W5T,A3RIXSMCG9L0F1
B09V56JTRS,A3RIXSMCG9L0F1
B09TSGHTNZ,A3RIXSMCG9L0F1
B09TQHFTCK,A3RIXSMCG9L0F1
B09TNDFW1Z,A3RIXSMCG9L0F1
B09SD9VGG8,A3RIXSMCG9L0F1
B09R3SMFMB,A3RIXSMCG9L0F1
B09QTXS4R3,A3RIXSMCG9L0F1
B09QM44N72,A3RIXSMCG9L0F1
B09P3LWGN9,A3RIXSMCG9L0F1
B09NW3CJVK,A3RIXSMCG9L0F1
B09NJJ5BQK,A3RIXSMCG9L0F1
B09MQJ282J,A3RIXSMCG9L0F1
B09J29VWJQ,A3RIXSMCG9L0F1
B09HHDV8JH,A3RIXSMCG9L0F1
B09H29MVJP,A3RIXSMCG9L0F1
B09GXY2MXD,A3RIXSMCG9L0F1
B09CYNG2BH,A3RIXSMCG9L0F1
B09BC8NX3X,A3RIXSMCG9L0F1
B099N1HC93,A3RIXSMCG9L0F1
B098WVK2YC,A3RIXSMCG9L0F1
B098BJX55X,A3RIXSMCG9L0F1
B0987VV6KJ,A3RIXSMCG9L0F1
B09688CDJN,A3RIXSMCG9L0F1
B0946SV6MJ,A3RIXSMCG9L0F1
B093BN2QCY,A3RIXSMCG9L0F1
B092QZKVJC,A3RIXSMCG9L0F1
B08Y88W2ND,A3RIXSMCG9L0F1
B08XSRHGBD,A3RIXSMCG9L0F1
B08TH2L6ZS,A3RIXSMCG9L0F1
B08QY6ZZ3Z,A3RIXSMCG9L0F1
B08M3KY3Y1,A3RIXSMCG9L0F1
B08LCRK9J6,A3RIXSMCG9L0F1
B08KSPPH5H,A3RIXSMCG9L0F1
B08HN33JH1,A3RIXSMCG9L0F1
B08HCHMPJZ,A3RIXSMCG9L0F1
B0C1B31FJP,A3RIXSMCG9L0F1
B0BZKQ9S3Y,A3RIXSMCG9L0F1
B0BXDBWVB3,A3RIXSMCG9L0F1
B0BX2YXRJB,A3RIXSMCG9L0F1
B0BTNBY6TM,A3RIXSMCG9L0F1
B0BP7M2W7L,A3RIXSMCG9L0F1
B0BNXMDJKW,A3RIXSMCG9L0F1
B0BNV139FQ,A3RIXSMCG9L0F1
B0BNT6DQD8,A3RIXSMCG9L0F1
B0BNKZBJX2,A3RIXSMCG9L0F1
B0BNBT13JN,A3RIXSMCG9L0F1
B0BN6TXY6Z,A3RIXSMCG9L0F1
B0BN3CHSD3,A3RIXSMCG9L0F1
B0BMPLK4TZ,A3RIXSMCG9L0F1
B0BM7RV1N2,A3RIXSMCG9L0F1
B0BL788Z75,A3RIXSMCG9L0F1
B08DXP21PJ,A3RIXSMCG9L0F1
B088NSHKF8,A3RIXSMCG9L0F1
B086GB8TCQ,A3RIXSMCG9L0F1
B0833PPMS4,A3RIXSMCG9L0F1
B082G5YPC7,A3RIXSMCG9L0F1
B07ZQ88T1T,A3RIXSMCG9L0F1
B07YDC7PKR,A3RIXSMCG9L0F1
B07RQBBW8B,A3RIXSMCG9L0F1
B07QQK95JT,A3RIXSMCG9L0F1
B07PBRRVRH,A3RIXSMCG9L0F1
B07NCFBJP9,A3RIXSMCG9L0F1
B07LCXB3QQ,A3RIXSMCG9L0F1
B07FKRJMX3,A3RIXSMCG9L0F1
B076HGK6YY,A3RIXSMCG9L0F1
B072F2JVN5,A3RIXSMCG9L0F1
B01M6UV9KS,A3RIXSMCG9L0F1
B001P4K2OY,A3RIXSMCG9L0F1
B000NTI726,A3RIXSMCG9L0F1
B01LTCOQ4S,A3RIXSMCG9L0F1
B01GUHVLDG,A3RIXSMCG9L0F1
B01G43UIJO,A3RIXSMCG9L0F1
B01FKZRSVI,A3RIXSMCG9L0F1
B01D3BO7H4,A3RIXSMCG9L0F1
B01D3BH8AM,A3RIXSMCG9L0F1
B01D37GER4,A3RIXSMCG9L0F1
B01D37GEOW,A3RIXSMCG9L0F1
B01D279YH2,A3RIXSMCG9L0F1
B01D273PEA,A3RIXSMCG9L0F1
B01ALFLU66,A3RIXSMCG9L0F1
B00OJQAOSO,A3RIXSMCG9L0F1
B005MX69XM,A3RIXSMCG9L0F1
B003WUX7HI,A3RIXSMCG9L0F1
B0035XFOFA,A3RIXSMCG9L0F1
B001U8VL9K,A3RIXSMCG9L0F1
B096RDQWQK,A3RIXSMCG9L0F1
B0D9BRNBBX,A3RIXSMCG9L0F1
B082SVCGQF,A3RIXSMCG9L0F1
B0CNXMJDWG,A3RIXSMCG9L0F1
B07X2SQK9W,A3RIXSMCG9L0F1
B0CF93K7WQ,A3RIXSMCG9L0F1
B0B311QN3H,A3RIXSMCG9L0F1
B07MW8LHT9,A3RIXSMCG9L0F1
B09WB1ZS46,A3RIXSMCG9L0F1
B0CZ429LXN,A3RIXSMCG9L0F1
B0CCNQR2J3,A3RIXSMCG9L0F1
B0BDR7LYCZ,A3RIXSMCG9L0F1
B001652LO6,A3RIXSMCG9L0F1
B09K7M79C9,A3RIXSMCG9L0F1
B0BZPF347F,A3RIXSMCG9L0F1
B0DPBGL882,A3RIXSMCG9L0F1
B0D2DVDP3P,A3RIXSMCG9L0F1
B09CMH86VQ,A3RIXSMCG9L0F1
B0D233DNGL,A3RIXSMCG9L0F1
B085BX1XKW,A3RIXSMCG9L0F1
B0CFY38ZZT,A3RIXSMCG9L0F1
B09B9RM4YY,A3RIXSMCG9L0F1
B0C7KW89NH,A3RIXSMCG9L0F1
B0DC6JBGQQ,A3RIXSMCG9L0F1
B0BZ8FXWSS,A3RIXSMCG9L0F1
B0D3GVGXPQ,A3RIXSMCG9L0F1
B0BZ4YPCYL,A3RIXSMCG9L0F1
B0B2NZJVKH,A3RIXSMCG9L0F1
B0BT1X31JW,A3RIXSMCG9L0F1
B09WV7ZNS8,A3RIXSMCG9L0F1
B0BQ6NKHT2,A3RIXSMCG9L0F1
B07W78WJ21,A3RIXSMCG9L0F1
B0DP6HZYTY,A3RIXSMCG9L0F1
B0DNPSRHCJ,A3RIXSMCG9L0F1
B0DLW7WCRP,A3RIXSMCG9L0F1
B0DKNMHW3M,A3RIXSMCG9L0F1
B0DJ2MHC9Y,A3RIXSMCG9L0F1
B0DHXK8QMF,A3RIXSMCG9L0F1
B0DHCCBTWP,A3RIXSMCG9L0F1
B0DGTL1931,A3RIXSMCG9L0F1
B0DCNNY3RK,A3RIXSMCG9L0F1
B0DB1YBQ7B,A3RIXSMCG9L0F1
B0D9GF2DJT,A3RIXSMCG9L0F1
B0D6N984Z4,A3RIXSMCG9L0F1
B0D44PXWBN,A3RIXSMCG9L0F1
B0D3MBQBKD,A3RIXSMCG9L0F1
B0D2241HRC,A3RIXSMCG9L0F1
B0CZL9BYTK,A3RIXSMCG9L0F1
B0CZ34NV7W,A3RIXSMCG9L0F1
B0CSM2M45R,A3RIXSMCG9L0F1
B0CRVKWLKW,A3RIXSMCG9L0F1
B0CNVNYQRY,A3RIXSMCG9L0F1
B0CNT2HBFV,A3RIXSMCG9L0F1
B0CM5K6KG9,A3RIXSMCG9L0F1
B0CLNZ2941,A3RIXSMCG9L0F1
B0CLJF661Q,A3RIXSMCG9L0F1
B0CL9YPNR2,A3RIXSMCG9L0F1
B0CKP2783B,A3RIXSMCG9L0F1
B0CJB5ZS7X,A3RIXSMCG9L0F1
B0CHMHTXVH,A3RIXSMCG9L0F1
B0CHDX9VC2,A3RIXSMCG9L0F1
B0CGXFMQNW,A3RIXSMCG9L0F1
B0CGDPP94V,A3RIXSMCG9L0F1
B0CG15VN3L,A3RIXSMCG9L0F1
B0F48GY2RM,A3RIXSMCG9L0F1
B0F1MQF242,A3RIXSMCG9L0F1
B0DZX6D7B5,A3RIXSMCG9L0F1
B0DYV7FNK8,A3RIXSMCG9L0F1
B0DYP2BQZL,A3RIXSMCG9L0F1
B0DXV5D5RN,A3RIXSMCG9L0F1
B0DX49ZDC2,A3RIXSMCG9L0F1
B0DWFJX2RH,A3RIXSMCG9L0F1
B0DWDWWJ1D,A3RIXSMCG9L0F1
B0DWDVJCD2,A3RIXSMCG9L0F1
B0DVD8GD42,A3RIXSMCG9L0F1
B0DTXF24FX,A3RIXSMCG9L0F1
B0DTKPWYSH,A3RIXSMCG9L0F1
B0DSJR1V66,A3RIXSMCG9L0F1
B0DSJFRP82,A3RIXSMCG9L0F1
B0DSD4TVWF,A3RIXSMCG9L0F1
B019OGMXD2,A3RIXSMCG9L0F1
B016X6P88S,A3RIXSMCG9L0F1
B016X6ODMA,A3RIXSMCG9L0F1
B016E22OD8,A3RIXSMCG9L0F1
B016E21KBK,A3RIXSMCG9L0F1
B016E1WMY0,A3RIXSMCG9L0F1
B0164C4N1E,A3RIXSMCG9L0F1
B015YHXUKK,A3RIXSMCG9L0F1
B015YHVV92,A3RIXSMCG9L0F1
B0157OXK32,A3RIXSMCG9L0F1
B00VYAORS6,A3RIXSMCG9L0F1
B00UVA93HU,A3RIXSMCG9L0F1
B00IIKNZRE,A3RIXSMCG9L0F1
B00H44HF44,A3RIXSMCG9L0F1
B008YX2ORC,A3RIXSMCG9L0F1
B0B6H2T3YV,A3RIXSMCG9L0F1
B0B5GXQJSQ,A3RIXSMCG9L0F1
B0B4X319YP,A3RIXSMCG9L0F1
B0B49ZLMBZ,A3RIXSMCG9L0F1
B09SWNSMVR,A3RIXSMCG9L0F1
B09RHXRQPN,A3RIXSMCG9L0F1
B09RD1HZT9,A3RIXSMCG9L0F1
B09QD5J2QN,A3RIXSMCG9L0F1
B09P13SZ83,A3RIXSMCG9L0F1
B09NKVWL5X,A3RIXSMCG9L0F1
B09ND3H7DK,A3RIXSMCG9L0F1
B09N176XXV,A3RIXSMCG9L0F1
B09MCBBK27,A3RIXSMCG9L0F1
B09M95DYJH,A3RIXSMCG9L0F1
B09LDH1HPP,A3RIXSMCG9L0F1
B09HBG33QS,A3RIXSMCG9L0F1
B07V7B2T7X,A3RIXSMCG9L0F1
B07TDHDG1F,A3RIXSMCG9L0F1
B07CQCJCKL,A3RIXSMCG9L0F1
B079RXX6SW,A3RIXSMCG9L0F1
B077G6ZLN2,A3RIXSMCG9L0F1
B077FLX42W,A3RIXSMCG9L0F1
B077F8YPY9,A3RIXSMCG9L0F1
B0764XXBMT,A3RIXSMCG9L0F1
B074T3SLJT,A3RIXSMCG9L0F1
B0727W2YW1,A3RIXSMCG9L0F1
B06XDQ79YV,A3RIXSMCG9L0F1
B01LOL7IZS,A3RIXSMCG9L0F1
B01DFMNBZU,A3RIXSMCG9L0F1
B01CJZWZVU,A3RIXSMCG9L0F1
B019XCMIZA,A3RIXSMCG9L0F1
B019OGRTTA,A3RIXSMCG9L0F1
B09CD5BF69,A3RIXSMCG9L0F1
B099MZH8FG,A3RIXSMCG9L0F1
B091B2ZWW6,A3RIXSMCG9L0F1
B08WPD8FR1,A3RIXSMCG9L0F1
B08L96QZ99,A3RIXSMCG9L0F1
B08FY58D4L,A3RIXSMCG9L0F1
B08DTJ2ZVB,A3RIXSMCG9L0F1
B08DR7VBDN,A3RIXSMCG9L0F1
B0899JYX3T,A3RIXSMCG9L0F1
B0876C7XF3,A3RIXSMCG9L0F1
B085VKLDC7,A3RIXSMCG9L0F1
B082CZDGF8,A3RIXSMCG9L0F1
B0815BF2TW,A3RIXSMCG9L0F1
B07XM9262F,A3RIXSMCG9L0F1
B07XDX99LL,A3RIXSMCG9L0F1
B07VM4K1K6,A3RIXSMCG9L0F1
B0DQPNH755,A3RIXSMCG9L0F1
B0CR6DJNHB,A3RIXSMCG9L0F1
B0D843664Q,A3RIXSMCG9L0F1
B076DJSGFY,A3RIXSMCG9L0F1
B09LHT2XPQ,A3RIXSMCG9L0F1
B0D93VGMCB,A3RIXSMCG9L0F1
B096THHS6V,A3RIXSMCG9L0F1
B0BPM6SL2X,A3RIXSMCG9L0F1
B08SGRTGDM,A3RIXSMCG9L0F1
B0DK8CS3GF,A3RIXSMCG9L0F1
B0DS26WKG3,A3RIXSMCG9L0F1
B0D9NHLSMH,A3RIXSMCG9L0F1
B0C6WSWTQK,A3RIXSMCG9L0F1
B0D9JXCYLY,A3RIXSMCG9L0F1
B0D9NTDGCJ,A3RIXSMCG9L0F1
B0D7MTJTQ3,A3RIXSMCG9L0F1
B0CFF9V7LL,A3RIXSMCG9L0F1
B0CCVJ2K6B,A3RIXSMCG9L0F1
B0CBV2TDVD,A3RIXSMCG9L0F1
B0CBD1B16L,A3RIXSMCG9L0F1
B0C81QWMM2,A3RIXSMCG9L0F1
B0C7NVZNJQ,A3RIXSMCG9L0F1
B0C7L148XG,A3RIXSMCG9L0F1
B0C6XJHCV3,A3RIXSMCG9L0F1
B0BW9RBB8T,A3RIXSMCG9L0F1
B0BVSX59DM,A3RIXSMCG9L0F1
B0BV6P81V5,A3RIXSMCG9L0F1
B0BN6N2NSL,A3RIXSMCG9L0F1
B0BMFSDY6F,A3RIXSMCG9L0F1
B0BJ8YZ164,A3RIXSMCG9L0F1
B0BCL174WW,A3RIXSMCG9L0F1
B0B985GTDC,A3RIXSMCG9L0F1
B0BR3RFVJF,A3RIXSMCG9L0F1
B0D31MBLZ4,A3RIXSMCG9L0F1
B07S7PNB1H,A3RIXSMCG9L0F1
B0D1QTBRLT,A3RIXSMCG9L0F1
B0F189N8NC,A3RIXSMCG9L0F1
B081FG1JQ1,A3RIXSMCG9L0F1
B0DQ533NWV,A3RIXSMCG9L0F1
B0D6TXHQGR,A3RIXSMCG9L0F1
B0CQCYSYFC,A3RIXSMCG9L0F1
B0CSNKBM5N,A3RIXSMCG9L0F1
B0BNLRGSK7,A3RIXSMCG9L0F1
B0CS3DKQJY,A3RIXSMCG9L0F1
B0D7VPFCW9,A3RIXSMCG9L0F1
B0CNGTNFCL,A3RIXSMCG9L0F1
B078WRBTLS,A3RIXSMCG9L0F1
B0CJYDSP4K,A3RIXSMCG9L0F1
B0DF7NK7FP,A3RIXSMCG9L0F1
B08FH27L21,A3RIXSMCG9L0F1
B0DG5MKKT7,A3RIXSMCG9L0F1
B0DP2183QT,A3RIXSMCG9L0F1
B0922P17TN,A3RIXSMCG9L0F1
B0CTRVTVSF,A3RIXSMCG9L0F1
B0DGHF3112,A3RIXSMCG9L0F1
B07D549FGJ,A3RIXSMCG9L0F1
B0DJFPHCMX,A3RIXSMCG9L0F1
B0DRS9D8N8,A3RIXSMCG9L0F1
B0C1FZDPHF,A3RIXSMCG9L0F1
B0D922L88L,A3RIXSMCG9L0F1
B0B4QDQ6GN,A3RIXSMCG9L0F1
B0B2D9CR6N,A3RIXSMCG9L0F1
B0DFWGSJGW,A3RIXSMCG9L0F1
B0CP118GNL,A3RIXSMCG9L0F1
B0BC93VNJN,A3RIXSMCG9L0F1
B0CB7HDR3S,A3RIXSMCG9L0F1
B071PC3CT8,A3RIXSMCG9L0F1
B0BGC9CZ4K,A3RIXSMCG9L0F1
B0B5SBR2BX,A3RIXSMCG9L0F1
B0B18N436M,A3RIXSMCG9L0F1
B0BTDFZTLR,A3RIXSMCG9L0F1
B0B3MYG48Q,A3RIXSMCG9L0F1
B09NB1NZQD,A3RIXSMCG9L0F1
B089JK75B7,A3RIXSMCG9L0F1
B0B8VDPYP3,A3RIXSMCG9L0F1
B07KMDKQR6,A3RIXSMCG9L0F1
B09QWL6XSB,A3RIXSMCG9L0F1
B08F5KWJFL,A3RIXSMCG9L0F1
B08MXCS1F5,A3RIXSMCG9L0F1
B00KVNXE04,A3RIXSMCG9L0F1
B07P3BC1BW,A3RIXSMCG9L0F1
B088DQGKFN,A3RIXSMCG9L0F1
B01KIY9T7W,A3RIXSMCG9L0F1
B07Q5DQGKS,A3RIXSMCG9L0F1
B00TXNKJB0,A3RIXSMCG9L0F1
B07Y36ZCZN,A3RIXSMCG9L0F1
B0DCG2K7VY,A3RIXSMCG9L0F1
B09DWPSKN1,A3RIXSMCG9L0F1
B0CLSWDN24,A3RIXSMCG9L0F1
B09XDP7ZRD,A3RIXSMCG9L0F1
B0CHF58QJ3,A3RIXSMCG9L0F1
B08B2WT14Z,A3RIXSMCG9L0F1
B0C5MK1QF6,A3RIXSMCG9L0F1
B00EVZPKAK,A3RIXSMCG9L0F1
B0DH28QCP1,A3RIXSMCG9L0F1
B0CJX4PRDL,A3RIXSMCG9L0F1
B07S1RFCK5,A3RIXSMCG9L0F1
B0CG88JHNL,A3RIXSMCG9L0F1
B07PFCS9FK,A3RIXSMCG9L0F1
B0CPHLVHD9,A3RIXSMCG9L0F1
B0DBPZ72C5,A3RIXSMCG9L0F1
B07RRS879C,A3RIXSMCG9L0F1
B0DKNPZHGL,A3RIXSMCG9L0F1
B0CF1QMGJW,A3RIXSMCG9L0F1
B0BTFVG1Q8,A3RIXSMCG9L0F1
B0C5SHF3PQ,A3RIXSMCG9L0F1
B09XHWS1TR,A3RIXSMCG9L0F1
B07YGQXCPQ,A3RIXSMCG9L0F1
B0978WXV4N,A3RIXSMCG9L0F1
B01N5YGPRO,A3RIXSMCG9L0F1
B0BCL5WXC2,A3RIXSMCG9L0F1
B07FLNZ2SY,A3RIXSMCG9L0F1
B07RFBFG4H,A3RIXSMCG9L0F1
B0C9LLW56W,A3RIXSMCG9L0F1
B01M344CQS,A3RIXSMCG9L0F1
B0BQYK6LQ6,A3RIXSMCG9L0F1
B0C8HNSG8J,A3RIXSMCG9L0F1
B0854979Z3,A3RIXSMCG9L0F1
B0C1HV8216,A3RIXSMCG9L0F1
B0BZCQ156Z,A3RIXSMCG9L0F1
B0B63L4PZ2,A3RIXSMCG9L0F1
B09LR53DKR,A3RIXSMCG9L0F1
B0CWQ2MB4D,A3RIXSMCG9L0F1
B0DPHCD3FJ,A3RIXSMCG9L0F1
B0DDSTSRT7,A3RIXSMCG9L0F1
B0DDTPL7CM,A3RIXSMCG9L0F1
B008H5UXCA,A3RIXSMCG9L0F1
B0DBPKSSF7,A3RIXSMCG9L0F1
B08PBWXF68,A3RIXSMCG9L0F1
B0DQWXX4D5,A3RIXSMCG9L0F1
B07CKXLYK8,A3RIXSMCG9L0F1
B0C1CM4NHR,A3RIXSMCG9L0F1
B09JJVNJ5V,A3RIXSMCG9L0F1
B0D78XQ6CD,A3RIXSMCG9L0F1
B0B5K616MM,A3RIXSMCG9L0F1
B08DS5MGSL,A3RIXSMCG9L0F1
B0CSK2VNL1,A3RIXSMCG9L0F1
B07L6KXQNW,A3RIXSMCG9L0F1
B07CTZY6BS,A3RIXSMCG9L0F1
B0D6XYKYWP,A3RIXSMCG9L0F1
B06XYYK52X,A3RIXSMCG9L0F1
B0CFKKPHX7,A3RIXSMCG9L0F1
B007LOLGTW,A3RIXSMCG9L0F1
B0B15GYKFQ,A3RIXSMCG9L0F1
B0B156KJFG,A3RIXSMCG9L0F1
B0DZ1QJVHV,A3RIXSMCG9L0F1
B0DSBDL4F5,A3RIXSMCG9L0F1
B0DS1NXB6X,A3RIXSMCG9L0F1
B0DRY72HPX,A3RIXSMCG9L0F1
B0DP63K1VS,A3RIXSMCG9L0F1
B0DLWCJS3F,A3RIXSMCG9L0F1
B0DJ74LWLL,A3RIXSMCG9L0F1
B0DJ2PN9NC,A3RIXSMCG9L0F1
B08PDZ1J1W,A3RIXSMCG9L0F1
B09CFLYY9T,A3RIXSMCG9L0F1
B0812BFYX6,A3RIXSMCG9L0F1
B0BZP49F83,A3RIXSMCG9L0F1
B0F1FQC29L,A3RIXSMCG9L0F1
B0D66MT47R,A3RIXSMCG9L0F1
B00EVZOENY,A3RIXSMCG9L0F1
B0DRDMXJNZ,A3RIXSMCG9L0F1
B0D8BBXPSB,A3RIXSMCG9L0F1
B09W9L2ZDF,A3RIXSMCG9L0F1
B0D4YXBHLQ,A3RIXSMCG9L0F1
B08951662C,A3RIXSMCG9L0F1
B0CFSW3XVZ,A3RIXSMCG9L0F1
B0967JKL2Z,A3RIXSMCG9L0F1
B0CCY7JWXT,A3RIXSMCG9L0F1
B07FY3T9HK,A3RIXSMCG9L0F1
B09F6CLB65,A3RIXSMCG9L0F1
B0B8WFJ2WM,A3RIXSMCG9L0F1
B08P56PY3D,A3RIXSMCG9L0F1
B09CDJWZ6K,A3RIXSMCG9L0F1
B08BK6BRRV,A3RIXSMCG9L0F1
B08X8YTT6L,A3RIXSMCG9L0F1
B07D3S8YD1,A3RIXSMCG9L0F1
B0DHQVWM7J,A3RIXSMCG9L0F1
B0DFCFK691,A3RIXSMCG9L0F1
B0DD35CYJT,A3RIXSMCG9L0F1
B0DCG7ZTCF,A3RIXSMCG9L0F1
B0DC6PQ1S4,A3RIXSMCG9L0F1
B0D9Q5FP8Y,A3RIXSMCG9L0F1
B0D939CXTY,A3RIXSMCG9L0F1
B0D7VRBM6M,A3RIXSMCG9L0F1
B0D6RFH22V,A3RIXSMCG9L0F1
B0D62ZMSJM,A3RIXSMCG9L0F1
B0D5VD4J5S,A3RIXSMCG9L0F1
B0D4YYQD81,A3RIXSMCG9L0F1
B0D4M693PX,A3RIXSMCG9L0F1
B0D492YNM4,A3RIXSMCG9L0F1
B0D1XWLR8D,A3RIXSMCG9L0F1
B0CZDNKD5T,A3RIXSMCG9L0F1
B0BPBY985W,A3RIXSMCG9L0F1
B0BMPFL7C4,A3RIXSMCG9L0F1
B0BLJMXVQ9,A3RIXSMCG9L0F1
B0BKKK9QPB,A3RIXSMCG9L0F1
B0BKG1MR8Z,A3RIXSMCG9L0F1
B0BDR8RXDN,A3RIXSMCG9L0F1
B0BD4BH9NX,A3RIXSMCG9L0F1
B0B5N2MKMN,A3RIXSMCG9L0F1
B0B5GJFB77,A3RIXSMCG9L0F1
B0B57BBZQW,A3RIXSMCG9L0F1
B0B56FJTG3,A3RIXSMCG9L0F1
B0B5225D7D,A3RIXSMCG9L0F1
B0B4V4VFXM,A3RIXSMCG9L0F1
B0B3HGWBHR,A3RIXSMCG9L0F1
B0B314TYGR,A3RIXSMCG9L0F1
B0B2Q23C21,A3RIXSMCG9L0F1
B095DM631K,A3RIXSMCG9L0F1
B095BP8JVD,A3RIXSMCG9L0F1
B094Y1KR43,A3RIXSMCG9L0F1
B091SN31J2,A3RIXSMCG9L0F1
B0919VVHN5,A3RIXSMCG9L0F1
B08YD9WKFG,A3RIXSMCG9L0F1
B08VGG9TZ9,A3RIXSMCG9L0F1
B08T1N3Q3Z,A3RIXSMCG9L0F1
B08SM3YFJZ,A3RIXSMCG9L0F1
B08S7GKW1T,A3RIXSMCG9L0F1
B08RRMP1QP,A3RIXSMCG9L0F1
B08QFYDBPZ,A3RIXSMCG9L0F1
B08PPS56BZ,A3RIXSMCG9L0F1
B08PCCDFWW,A3RIXSMCG9L0F1
B08LCQW85M,A3RIXSMCG9L0F1
B08JLZYYW5,A3RIXSMCG9L0F1
B0CY9K2PTH,A3RIXSMCG9L0F1
B0CT2MF4GQ,A3RIXSMCG9L0F1
B0CSD61WRD,A3RIXSMCG9L0F1
B0CR3K3GD5,A3RIXSMCG9L0F1
B0CMXC1GGV,A3RIXSMCG9L0F1
B0CHFK1LN6,A3RIXSMCG9L0F1
B0CHBCXYHF,A3RIXSMCG9L0F1
B0CBV1QHPM,A3RIXSMCG9L0F1
B0C95W5131,A3RIXSMCG9L0F1
B0C78BHWJD,A3RIXSMCG9L0F1
B0C27ZJR69,A3RIXSMCG9L0F1
B0C1B6DGVW,A3RIXSMCG9L0F1
B0BZSPP4XZ,A3RIXSMCG9L0F1
B0BYZ5W6LK,A3RIXSMCG9L0F1
B0BYN19FJM,A3RIXSMCG9L0F1
B0BQRD7KS5,A3RIXSMCG9L0F1
B0B28YSBM7,A3RIXSMCG9L0F1
B0B24XCT76,A3RIXSMCG9L0F1
B0B24NQJW6,A3RIXSMCG9L0F1
B09ZLRFFRT,A3RIXSMCG9L0F1
B09ZHFSR2W,A3RIXSMCG9L0F1
B09YRK98L2,A3RIXSMCG9L0F1
B09XWP2X68,A3RIXSMCG9L0F1
B09XQCJS9P,A3RIXSMCG9L0F1
B09TVGHF3K,A3RIXSMCG9L0F1
B09TKLJSBC,A3RIXSMCG9L0F1
B09S6KVT9J,A3RIXSMCG9L0F1
B09RH1SLSK,A3RIXSMCG9L0F1
B09PZ3JLQM,A3RIXSMCG9L0F1
B09PYZY4NB,A3RIXSMCG9L0F1
B09PRTF24S,A3RIXSMCG9L0F1
B09NTW1FLV,A3RIXSMCG9L0F1
B09MHVCMJR,A3RIXSMCG9L0F1
B09MD76CVF,A3RIXSMCG9L0F1
B09LCFBRHH,A3RIXSMCG9L0F1
B09KR62W71,A3RIXSMCG9L0F1
B09KBR3MMS,A3RIXSMCG9L0F1
B09KBN2CC1,A3RIXSMCG9L0F1
B09HZJXCYL,A3RIXSMCG9L0F1
B09FSN49J7,A3RIXSMCG9L0F1
B09D3Y6HRY,A3RIXSMCG9L0F1
B09CGPBFP9,A3RIXSMCG9L0F1
B09CD31TZF,A3RIXSMCG9L0F1
B09BM6CHFD,A3RIXSMCG9L0F1
B099N9RPGK,A3RIXSMCG9L0F1
B09991HPBD,A3RIXSMCG9L0F1
B0972F7751,A3RIXSMCG9L0F1
B095NLP934,A3RIXSMCG9L0F1
B01M8HDTHL,A3RIXSMCG9L0F1
B0127YHXO2,A3RIXSMCG9L0F1
B004TGWBZI,A3RIXSMCG9L0F1
B07M9M1YQL,A3RIXSMCG9L0F1
B07M5R4WHX,A3RIXSMCG9L0F1
B07H2X4Z8N,A3RIXSMCG9L0F1
B07GLDX9DL,A3RIXSMCG9L0F1
B07G12JYRT,A3RIXSMCG9L0F1
B07D1B6SMN,A3RIXSMCG9L0F1
B07CV3BP7V,A3RIXSMCG9L0F1
B07CJXSWSS,A3RIXSMCG9L0F1
B07CGBVHMK,A3RIXSMCG9L0F1
B07B3G8FTN,A3RIXSMCG9L0F1
B078W4BTV3,A3RIXSMCG9L0F1
B077MHNSZF,A3RIXSMCG9L0F1
B0775HPW7M,A3RIXSMCG9L0F1
B076HBPGK1,A3RIXSMCG9L0F1
B073V3STCG,A3RIXSMCG9L0F1
B06XTRYZN2,A3RIXSMCG9L0F1
B0CH4LG6R3,A3RIXSMCG9L0F1
B0CGRYWFM8,A3RIXSMCG9L0F1
B09G69T589,A3RIXSMCG9L0F1
B0BHQQKQK8,A3RIXSMCG9L0F1
B0B56WHN4V,A3RIXSMCG9L0F1
B0B3WGVKXH,A3RIXSMCG9L0F1
B089RDFJDZ,A3RIXSMCG9L0F1
B088823FZX,A3RIXSMCG9L0F1
B0BZ6L9M7R,A3RIXSMCG9L0F1
B09MMH9XJS,A3RIXSMCG9L0F1
B082WNRW74,A3RIXSMCG9L0F1
B0DK6PJFQV,A3RIXSMCG9L0F1
B0CW5SQ8XV,A3RIXSMCG9L0F1
B0D4VNWMJ3,A3RIXSMCG9L0F1
B0914PX4R5,A3RIXSMCG9L0F1
B0D2R63FJR,A3RIXSMCG9L0F1
B0B45MPBMG,A3RIXSMCG9L0F1
B0CKYGYY1Y,A3RIXSMCG9L0F1
B09CFRCV7P,A3RIXSMCG9L0F1
B001WPN108,A3RIXSMCG9L0F1
B0D4ZLSH1X,A3RIXSMCG9L0F1
B06XZPSXL5,A3RIXSMCG9L0F1
B07XBPQ6WL,A3RIXSMCG9L0F1
B07528W95X,A3RIXSMCG9L0F1
B08KTR9FHV,A3RIXSMCG9L0F1
B00EVZP3LG,A3RIXSMCG9L0F1
B07SFJVZ3T,A3RIXSMCG9L0F1
B0CZXSWSGJ,A3RIXSMCG9L0F1
B0DL8TWTVZ,A3RIXSMCG9L0F1
B0DK2PRG4C,A3RIXSMCG9L0F1
B0CD7RBN86,A3RIXSMCG9L0F1
B0CZCT6PYY,A3RIXSMCG9L0F1
B08CMWGL18,A3RIXSMCG9L0F1
B0CX862RX6,A3RIXSMCG9L0F1
B082HWH3X6,A3RIXSMCG9L0F1
B0CW96FPZV,A3RIXSMCG9L0F1
B01BO93F52,A3RIXSMCG9L0F1
B0CLCGKRNK,A3RIXSMCG9L0F1
B0DRFPGH6Y,A3RIXSMCG9L0F1
B0BJTGPVZX,A3RIXSMCG9L0F1
B0DRFNCQWC,A3RIXSMCG9L0F1
B0B6RC4XZZ,A3RIXSMCG9L0F1
B0DK6G6FZ9,A3RIXSMCG9L0F1
B08HNH8FHM,A3RIXSMCG9L0F1
B0DK6CBFZQ,A3RIXSMCG9L0F1
B0CT8BLL9P,A3RIXSMCG9L0F1
B0DK6B67VL,A3RIXSMCG9L0F1
B00I8CAAIE,A3RIXSMCG9L0F1
B08J86KF9L,A3RIXSMCG9L0F1
B08GHJ54MD,A3RIXSMCG9L0F1
B08BKMVGY3,A3RIXSMCG9L0F1
B086J4ZZSL,A3RIXSMCG9L0F1
B085PRM3WH,A3RIXSMCG9L0F1
B082MB4DWM,A3RIXSMCG9L0F1
B082139Q3J,A3RIXSMCG9L0F1
B081D7FK19,A3RIXSMCG9L0F1
B07YBHK53X,A3RIXSMCG9L0F1
B07T6HHWT2,A3RIXSMCG9L0F1
B07S1M8X1D,A3RIXSMCG9L0F1
B07QK9PMBH,A3RIXSMCG9L0F1
B07PZFH99V,A3RIXSMCG9L0F1
B07PMGMVNJ,A3RIXSMCG9L0F1
B07NYTTNCZ,A3RIXSMCG9L0F1
B07MZWN17Y,A3RIXSMCG9L0F1
B0BQGC7SF3,A3RIXSMCG9L0F1
B09TZBCSQ2,A3RIXSMCG9L0F1
B08YJMXP4T,A3RIXSMCG9L0F1
B09PHD7R8F,A3RIXSMCG9L0F1
B07TXDJJJ1,A3RIXSMCG9L0F1
B096BBY52L,A3RIXSMCG9L0F1
B07FW8NWTM,A3RIXSMCG9L0F1
B08ZHTM8MK,A3RIXSMCG9L0F1
B072JXMTNL,A3RIXSMCG9L0F1
B08YY8D3KP,A3RIXSMCG9L0F1
B0CNCT53BZ,A3RIXSMCG9L0F1
B08L8KBVGH,A3RIXSMCG9L0F1
B09DTLV4YW,A3RIXSMCG9L0F1
B0871KF85R,A3RIXSMCG9L0F1
B08PBXCHHQ,A3RIXSMCG9L0F1
B07WP1X7N8,A3RIXSMCG9L0F1
B082SB5JY8,A3RIXSMCG9L0F1
B07T8FT8KZ,A3RIXSMCG9L0F1
B07XWD6YG4,A3RIXSMCG9L0F1
B07LCHXNLJ,A3RIXSMCG9L0F1
B0DKP7Q966,A3RIXSMCG9L0F1
B07HVPSN1N,A3RIXSMCG9L0F1
B0D4M66JC2,A3RIXSMCG9L0F1
B0CR3JKN3Z,A3RIXSMCG9L0F1
B0CNJYMJYT,A3RIXSMCG9L0F1
B0B71N12BM,A3RIXSMCG9L0F1
B07WGPBGC2,A3RIXSMCG9L0F1
B07FW7SM7G,A3RIXSMCG9L0F1
B06Y4JVPNQ,A3RIXSMCG9L0F1
B00P0SFYEY,A3RIXSMCG9L0F1
B004U90M32,A3RIXSMCG9L0F1
B002P2QU3M,A3RIXSMCG9L0F1
B0DRFNKRYW,A3RIXSMCG9L0F1
B0DP983DN3,A3RIXSMCG9L0F1
B0DNYHL56V,A3RIXSMCG9L0F1
B0DMJYWKC8,A3RIXSMCG9L0F1
B0DLNQDGJP,A3RIXSMCG9L0F1
B0DHV3NQKQ,A3RIXSMCG9L0F1
B0DHPBR3K8,A3RIXSMCG9L0F1
B0DHJJ24T5,A3RIXSMCG9L0F1
B0DBHHJMDV,A3RIXSMCG9L0F1
B0DB1TTJ63,A3RIXSMCG9L0F1
B0D9D55ZGP,A3RIXSMCG9L0F1
B0D95FTGCM,A3RIXSMCG9L0F1
B0D7Q1CB96,A3RIXSMCG9L0F1
B0D6G8H67J,A3RIXSMCG9L0F1
B0D5H6V1KF,A3RIXSMCG9L0F1
B0D49DLZ54,A3RIXSMCG9L0F1
B0D48Y7DQ5,A3RIXSMCG9L0F1
B0D3PLRXDN,A3RIXSMCG9L0F1
B0D3L5MQ58,A3RIXSMCG9L0F1
B0D3GL6BVB,A3RIXSMCG9L0F1
B0D12755PB,A3RIXSMCG9L0F1
B0CYZTM5J9,A3RIXSMCG9L0F1
B0CXQ583RQ,A3RIXSMCG9L0F1
B0CX22N765,A3RIXSMCG9L0F1
B0CSJZJHHF,A3RIXSMCG9L0F1
B0CS5TG2T2,A3RIXSMCG9L0F1
B0CRDFTTRZ,A3RIXSMCG9L0F1
B0CR6H2JTW,A3RIXSMCG9L0F1
B0CR6FRHZ9,A3RIXSMCG9L0F1
B0CR46WJ2S,A3RIXSMCG9L0F1
B0CR3N343T,A3RIXSMCG9L0F1
B0CQ511DHX,A3RIXSMCG9L0F1
1639471715,A3RIXSMCG9L0F1
B0CBV3PNYJ,A3RIXSMCG9L0F1
B01N76ZWOP,A3RIXSMCG9L0F1
B0C5MFXZXW,A3RIXSMCG9L0F1
B08JYG3FCH,A3RIXSMCG9L0F1
B0C4LHQ7FN,A3RIXSMCG9L0F1
B075SJGY63,A3RIXSMCG9L0F1
B0BYVSB3KK,A3RIXSMCG9L0F1
B0DBKKRFM9,A3RIXSMCG9L0F1
B0BKS12SVN,A3RIXSMCG9L0F1
B0BQ7PRF72,A3RIXSMCG9L0F1
B0B245PTCJ,A3RIXSMCG9L0F1
B0B2K43QTN,A3RIXSMCG9L0F1
B09XB6S5Q9,A3RIXSMCG9L0F1
B01AIMCO3U,A3RIXSMCG9L0F1
B09X9MJGNB,A3RIXSMCG9L0F1
B0C9Q6TD85,A3RIXSMCG9L0F1
B0C6926DG6,A3RIXSMCG9L0F1
B0C5CZDLNR,A3RIXSMCG9L0F1
B0C3D4WF48,A3RIXSMCG9L0F1
B0C2ZD829K,A3RIXSMCG9L0F1
B0C2ZBNGP1,A3RIXSMCG9L0F1
B0BZK9BSQV,A3RIXSMCG9L0F1
B0BZDD9TXG,A3RIXSMCG9L0F1
B0BWRK59B2,A3RIXSMCG9L0F1
B0BS8D5ZRM,A3RIXSMCG9L0F1
B0BRY7GG96,A3RIXSMCG9L0F1
B0BRPNF4GW,A3RIXSMCG9L0F1
B0BRC5QFRB,A3RIXSMCG9L0F1
B0BQ7CWGWK,A3RIXSMCG9L0F1
B0BQ2S278Z,A3RIXSMCG9L0F1
B0BPHLVVQQ,A3RIXSMCG9L0F1
B0CMZX5FN3,A3RIXSMCG9L0F1
B0CMCY1N73,A3RIXSMCG9L0F1
B0CLV67QRW,A3RIXSMCG9L0F1
B0CLKMG9XY,A3RIXSMCG9L0F1
B0CL8SJQVW,A3RIXSMCG9L0F1
B0CKTVHLVN,A3RIXSMCG9L0F1
B0CKDTSZ67,A3RIXSMCG9L0F1
B0CJX7YK7L,A3RIXSMCG9L0F1
B0CJNT3GZ9,A3RIXSMCG9L0F1
B0CHF1XX87,A3RIXSMCG9L0F1
B0CH3D9YDN,A3RIXSMCG9L0F1
B0CGZJ33LR,A3RIXSMCG9L0F1
B0CGWVFKVG,A3RIXSMCG9L0F1
B0CG4HMTC9,A3RIXSMCG9L0F1
B0CD26GP52,A3RIXSMCG9L0F1
B0CB1SJFYG,A3RIXSMCG9L0F1
B093D84R1G,A3RIXSMCG9L0F1
B093BCB2C7,A3RIXSMCG9L0F1
B0936P2YGK,A3RIXSMCG9L0F1
B092YMQD6F,A3RIXSMCG9L0F1
B092J6MVMJ,A3RIXSMCG9L0F1
B091C3Y6TF,A3RIXSMCG9L0F1
B08ZNL9LLW,A3RIXSMCG9L0F1
B08RDFXZX1,A3RIXSMCG9L0F1
B08RD3Y11J,A3RIXSMCG9L0F1
B08QVW6VRT,A3RIXSMCG9L0F1
B08QCHH1K6,A3RIXSMCG9L0F1
B08NSNRF3D,A3RIXSMCG9L0F1
B08N5T75P1,A3RIXSMCG9L0F1
B08M9NSH23,A3RIXSMCG9L0F1
B08M89D1JP,A3RIXSMCG9L0F1
B08M6DVF1Z,A3RIXSMCG9L0F1
B09Y4GC41J,A3RIXSMCG9L0F1
B09XXFWGXM,A3RIXSMCG9L0F1
B09W9HP5VJ,A3RIXSMCG9L0F1
B09W956YB2,A3RIXSMCG9L0F1
B09W5FL6WN,A3RIXSMCG9L0F1
B09VZ6W4MD,A3RIXSMCG9L0F1
B09VZ67536,A3RIXSMCG9L0F1
B09VYCY62N,A3RIXSMCG9L0F1
B09VP7CV2B,A3RIXSMCG9L0F1
B09TSHZ4R7,A3RIXSMCG9L0F1
B09SG8GPWL,A3RIXSMCG9L0F1
B09Q7VNL9R,A3RIXSMCG9L0F1
B09Q3DXJBV,A3RIXSMCG9L0F1
B09PZRMRSH,A3RIXSMCG9L0F1
B09NQZYR7V,A3RIXSMCG9L0F1
B09NNF81L1,A3RIXSMCG9L0F1
B08KTG9L3H,A3RIXSMCG9L0F1
B08JYSH6JN,A3RIXSMCG9L0F1
B08H6Z2JQ4,A3RIXSMCG9L0F1
B08GPFYVF6,A3RIXSMCG9L0F1
B08FD6HGXS,A3RIXSMCG9L0F1
B08CMQRRT5,A3RIXSMCG9L0F1
B08BXM7J56,A3RIXSMCG9L0F1
B08BNQVR8B,A3RIXSMCG9L0F1
B089NPSP39,A3RIXSMCG9L0F1
B08953H8XC,A3RIXSMCG9L0F1
B088T4HYY3,A3RIXSMCG9L0F1
B088FR1XD2,A3RIXSMCG9L0F1
B087JKY5FW,A3RIXSMCG9L0F1
B087DXFHCW,A3RIXSMCG9L0F1
B0873ZGLGW,A3RIXSMCG9L0F1
B086GJB9Q2,A3RIXSMCG9L0F1
B09NNDR81S,A3RIXSMCG9L0F1
B09NCVB3W3,A3RIXSMCG9L0F1
B09MRQ3KY3,A3RIXSMCG9L0F1
B09MQSVPGB,A3RIXSMCG9L0F1
B09LSF8H31,A3RIXSMCG9L0F1
B09LHDBVMF,A3RIXSMCG9L0F1
B09L1GZGXC,A3RIXSMCG9L0F1
B09KSBK8P2,A3RIXSMCG9L0F1
B09FHD56Z7,A3RIXSMCG9L0F1
B09F3L2RXN,A3RIXSMCG9L0F1
B09DK1JL7R,A3RIXSMCG9L0F1
B099X549PW,A3RIXSMCG9L0F1
B098XH6ZDJ,A3RIXSMCG9L0F1
B098P9CQYQ,A3RIXSMCG9L0F1
B096MXLDVB,A3RIXSMCG9L0F1
B093L7BRNR,A3RIXSMCG9L0F1
B07HNWKTD1,A3RIXSMCG9L0F1
B07HNLRGT3,A3RIXSMCG9L0F1
B07BTDJKG3,A3RIXSMCG9L0F1
B075V1XZTD,A3RIXSMCG9L0F1
B075L4YBHB,A3RIXSMCG9L0F1
B075KPSGG4,A3RIXSMCG9L0F1
B07447553B,A3RIXSMCG9L0F1
B071ZZKBYK,A3RIXSMCG9L0F1
B071NGJTRS,A3RIXSMCG9L0F1
B06XS8BMLQ,A3RIXSMCG9L0F1
B06WVL8XVV,A3RIXSMCG9L0F1
B01MDT1W7L,A3RIXSMCG9L0F1
B01JM9J97Y,A3RIXSMCG9L0F1
B01BO93CUK,A3RIXSMCG9L0F1
B013CRCUB4,A3RIXSMCG9L0F1
B00X464FRG,A3RIXSMCG9L0F1
B0BN7M2Q2V,A3RIXSMCG9L0F1
B0BN3S2QKQ,A3RIXSMCG9L0F1
B0BN1XDBM5,A3RIXSMCG9L0F1
B0BMFDKDQ5,A3RIXSMCG9L0F1
B0BMF2WQJ2,A3RIXSMCG9L0F1
B0BLS533MT,A3RIXSMCG9L0F1
B0BL76ZH1Q,A3RIXSMCG9L0F1
B0BHZZMG4M,A3RIXSMCG9L0F1
B0BHYX4VDX,A3RIXSMCG9L0F1
B0BGP3D931,A3RIXSMCG9L0F1
B0BGJFS2SQ,A3RIXSMCG9L0F1
B0BG7QQ91D,A3RIXSMCG9L0F1
B0BG5943RM,A3RIXSMCG9L0F1
B0BFWJH84B,A3RIXSMCG9L0F1
B0BFMZM2BT,A3RIXSMCG9L0F1
B0BDR88LNC,A3RIXSMCG9L0F1
B0BCH4N5Y1,A3RIXSMCG9L0F1
B0B872VP91,A3RIXSMCG9L0F1
B0B7XB2ZJP,A3RIXSMCG9L0F1
B0B684JTJ7,A3RIXSMCG9L0F1
B0B63PHY6T,A3RIXSMCG9L0F1
B0B5MNSXW3,A3RIXSMCG9L0F1
B0B4V96JR6,A3RIXSMCG9L0F1
B0B4SG1FV8,A3RIXSMCG9L0F1
B0B3XL7PG8,A3RIXSMCG9L0F1
B0B34L1GM7,A3RIXSMCG9L0F1
B0B2KK8C59,A3RIXSMCG9L0F1
B0B25GQD2Q,A3RIXSMCG9L0F1
B0B1513X3T,A3RIXSMCG9L0F1
B09Z6GKLSP,A3RIXSMCG9L0F1
B09YBW34VY,A3RIXSMCG9L0F1
B09Y68MLZT,A3RIXSMCG9L0F1
B085MZYWLF,A3RIXSMCG9L0F1
B084C2K547,A3RIXSMCG9L0F1
B083VS9F52,A3RIXSMCG9L0F1
B083794FCV,A3RIXSMCG9L0F1
B07Z9W9BDC,A3RIXSMCG9L0F1
B07YX2DF1S,A3RIXSMCG9L0F1
B07Y9KY6LH,A3RIXSMCG9L0F1
B07XZKV1PD,A3RIXSMCG9L0F1
B07X7KFW4H,A3RIXSMCG9L0F1
B07VHYZ9YF,A3RIXSMCG9L0F1
B07V8RLHYW,A3RIXSMCG9L0F1
B07RM75NDY,A3RIXSMCG9L0F1
B07PQGDRJ5,A3RIXSMCG9L0F1
B07LH35CBR,A3RIXSMCG9L0F1
B07KLHNZ3B,A3RIXSMCG9L0F1
B07JVTWLFX,A3RIXSMCG9L0F1
B00C5YRKF2,A3RIXSMCG9L0F1
B077VDP8VM,A3RIXSMCG9L0F1
B0CXY8B1GM,A3RIXSMCG9L0F1
B08JLF5NRX,A3RIXSMCG9L0F1
B07SSZHPH6,A3RIXSMCG9L0F1
B0B55SXQKJ,A3RIXSMCG9L0F1
B07MF77S8S,A3RIXSMCG9L0F1
B07P3HWT13,A3RIXSMCG9L0F1
B08JMBTR32,A3RIXSMCG9L0F1
B0DF71XRY4,A3RIXSMCG9L0F1
B07QFD66TJ,A3RIXSMCG9L0F1
B09LGXBRZ4,A3RIXSMCG9L0F1
B0BYJ6YRG9,A3RIXSMCG9L0F1
B08JYYFKNF,A3RIXSMCG9L0F1
B0BFXNCJPQ,A3RIXSMCG9L0F1
B0CRB6CMX6,A3RIXSMCG9L0F1
B0D97LK6NV,A3RIXSMCG9L0F1
B08NC9N9JW,A3RIXSMCG9L0F1
B0DL56MGCY,A3RIXSMCG9L0F1
B0CR3YWQRR,A3RIXSMCG9L0F1
B09QHPKD5T,A3RIXSMCG9L0F1
B0BYRKQJ72,A3RIXSMCG9L0F1
B09ZV27KG1,A3RIXSMCG9L0F1
B09WH3VDRK,A3RIXSMCG9L0F1
B087WHWWVK,A3RIXSMCG9L0F1
B096SDMZ4Z,A3RIXSMCG9L0F1
B07HLLTPRP,A3RIXSMCG9L0F1
B094FGRM75,A3RIXSMCG9L0F1
B00NS1JNJC,A3RIXSMCG9L0F1
B08G7ZPJZ1,A3RIXSMCG9L0F1
B0DHZ22T2P,A3RIXSMCG9L0F1
B07HF15P8X,A3RIXSMCG9L0F1
B08PNXRR8Y,A3RIXSMCG9L0F1
B0D41KGSWM,A3RIXSMCG9L0F1
B08N5FVPPS,A3RIXSMCG9L0F1
B09PVFGY3F,A3RIXSMCG9L0F1
B076J8Q4RZ,A3RIXSMCG9L0F1
B0B5QZHHJ9,A3RIXSMCG9L0F1
B0CYQ3JRFM,A3RIXSMCG9L0F1
B0D8JSP92T,A3RIXSMCG9L0F1
B0CRVQFPK9,A3RIXSMCG9L0F1
B07K1F5743,A3RIXSMCG9L0F1
B0CQW63V1R,A3RIXSMCG9L0F1
B0BQR6D8TB,A3RIXSMCG9L0F1
B0CHNRSR2M,A3RIXSMCG9L0F1
B086ZN1FG7,A3RIXSMCG9L0F1
B0CH9RC9Q4,A3RIXSMCG9L0F1
B0B8GJ6VW3,A3RIXSMCG9L0F1
B00V7E5TYK,A3RIXSMCG9L0F1
B00UR6Y7SS,A3RIXSMCG9L0F1
B00NTVA3N6,A3RIXSMCG9L0F1
B00NTM06KU,A3RIXSMCG9L0F1
B004XAD2MG,A3RIXSMCG9L0F1
B003XOVEIM,A3RIXSMCG9L0F1
B002YEHNAK,A3RIXSMCG9L0F1
B002R31LPG,A3RIXSMCG9L0F1
B0CFT4FW5G,A3RIXSMCG9L0F1
B07YHV2L41,A3RIXSMCG9L0F1
B0CFDFYLCZ,A3RIXSMCG9L0F1
B06XK3N474,A3RIXSMCG9L0F1
B0C8T3BCZ7,A3RIXSMCG9L0F1
B0D6ZXRRN9,A3RIXSMCG9L0F1
B0C1VDVC34,A3RIXSMCG9L0F1
B0BF5LH971,A3RIXSMCG9L0F1
B0B5FKTHN7,A3RIXSMCG9L0F1
B09SQ7KGF4,A3RIXSMCG9L0F1
B0B4DLJQZC,A3RIXSMCG9L0F1
B06XYYQ864,A3RIXSMCG9L0F1
B0B1282TTS,A3RIXSMCG9L0F1
B09JWCCW44,A3RIXSMCG9L0F1
B09ZTW1TFY,A3RIXSMCG9L0F1
B094SKSG8L,A3RIXSMCG9L0F1
B07GWYGQ4Z,A3RIXSMCG9L0F1
B0DNHXS3C9,A3RIXSMCG9L0F1
B07D35D126,A3RIXSMCG9L0F1
B0D46M33H5,A3RIXSMCG9L0F1
B0BL28YB4N,A3RIXSMCG9L0F1
B0BFWTWSCN,A3RIXSMCG9L0F1
B0C2C5DGTV,A3RIXSMCG9L0F1
B09DRT7M4W,A3RIXSMCG9L0F1
B0BZ8PNS2C,A3RIXSMCG9L0F1
B0CNLBFBBK,A3RIXSMCG9L0F1
B0BKDSTX5M,A3RIXSMCG9L0F1
B08G9L2SSD,A3RIXSMCG9L0F1
B0C38SYJND,A3RIXSMCG9L0F1
B0B2ZXPGWV,A3RIXSMCG9L0F1
B0DDBTFW5P,A3RIXSMCG9L0F1
B0BWZKDQHZ,A3RIXSMCG9L0F1
B08YYYFQDM,A3RIXSMCG9L0F1
B09L5QD1GP,A3RIXSMCG9L0F1
B08XWYN7C6,A3RIXSMCG9L0F1
B0CNTJ56YN,A3RIXSMCG9L0F1
B08KSSHYX3,A3RIXSMCG9L0F1
B0B4SPJYCW,A3RIXSMCG9L0F1
B08GFXH5KF,A3RIXSMCG9L0F1
B07V8GMX5V,A3RIXSMCG9L0F1
B085WPNZ1L,A3RIXSMCG9L0F1
B0D6324QMJ,A3RIXSMCG9L0F1
B082FY7743,A3RIXSMCG9L0F1
B09Z48LW9R,A3RIXSMCG9L0F1
B07WSQ22H1,A3RIXSMCG9L0F1
B09P17TBBK,A3RIXSMCG9L0F1
B07W6YKHHX,A3RIXSMCG9L0F1
B08BXRM813,A3RIXSMCG9L0F1
B09Y2W77R3,A3RIXSMCG9L0F1
B0B7S2NWFX,A3RIXSMCG9L0F1
B09TQXSZX8,A3RIXSMCG9L0F1
B07RGPKTRC,A3RIXSMCG9L0F1
B09S3X35LS,A3RIXSMCG9L0F1
B07FZS7YR7,A3RIXSMCG9L0F1
B09NRGCMVN,A3RIXSMCG9L0F1
B0D4DBSL7R,A3RIXSMCG9L0F1
B099Z93CMF,A3RIXSMCG9L0F1
B0BRQDDDFB,A3RIXSMCG9L0F1
B0912CPG2B,A3RIXSMCG9L0F1
B0B1B3GS51,A3RIXSMCG9L0F1
B08ZY9Q1R2,A3RIXSMCG9L0F1
B07X6CF61P,A3RIXSMCG9L0F1
B08ZY4NJGX,A3RIXSMCG9L0F1
B0BGBLYW3Z,A3RIXSMCG9L0F1
B09FZ2PBBY,A3RIXSMCG9L0F1
B08S6TY7SK,A3RIXSMCG9L0F1
B08PPND9BH,A3RIXSMCG9L0F1
B08PK7NKC1,A3RIXSMCG9L0F1
B083H2SVX9,A3RIXSMCG9L0F1
B082D933F4,A3RIXSMCG9L0F1
B07TSDV7FK,A3RIXSMCG9L0F1
B07Q81R7Y3,A3RIXSMCG9L0F1
B07DHHMZKR,A3RIXSMCG9L0F1
B075F1HW3S,A3RIXSMCG9L0F1
B0DYDQ32BZ,A3RIXSMCG9L0F1
B0DYCD4QNC,A3RIXSMCG9L0F1
B0DY7MN8F6,A3RIXSMCG9L0F1
B0DWSLDXJJ,A3RIXSMCG9L0F1
B0DT6PT5JZ,A3RIXSMCG9L0F1
B0DST5K4ZN,A3RIXSMCG9L0F1
B07KZTSW9K,A3RIXSMCG9L0F1
B07TYJ1987,A3RIXSMCG9L0F1
B07GV8NRV9,A3RIXSMCG9L0F1
B07C6XB6N9,A3RIXSMCG9L0F1
B07CV8DLTD,A3RIXSMCG9L0F1
B01ANV1H9I,A3RIXSMCG9L0F1
B073Y5C7SR,A3RIXSMCG9L0F1
B0D16Z4VVC,A3RIXSMCG9L0F1
B06VT1T66G,A3RIXSMCG9L0F1
B0CFPRHQ4M,A3RIXSMCG9L0F1
B0BRW8RWNT,A3RIXSMCG9L0F1
B0B2LLHCLX,A3RIXSMCG9L0F1
B09WTHC14W,A3RIXSMCG9L0F1
B09CNBS9H7,A3RIXSMCG9L0F1
B099PLWRL6,A3RIXSMCG9L0F1
B0983CYW58,A3RIXSMCG9L0F1
B0969NS966,A3RIXSMCG9L0F1
B094J81XWF,A3RIXSMCG9L0F1
B08GS9Y8HP,A3RIXSMCG9L0F1
B08FMKWBL9,A3RIXSMCG9L0F1
B085WM44NH,A3RIXSMCG9L0F1
B07V2RNCR5,A3RIXSMCG9L0F1
B0D8PB183Q,A3RIXSMCG9L0F1
B0D69RHDGS,A3RIXSMCG9L0F1
B0D59T66RV,A3RIXSMCG9L0F1
B0CL6XNLF5,A3RIXSMCG9L0F1
B0BL6HLXRH,A3RIXSMCG9L0F1
B0BGNSG2CG,A3RIXSMCG9L0F1
B0B7XDZX4X,A3RIXSMCG9L0F1
B0B6NYF1RT,A3RIXSMCG9L0F1
B09YHFVNVX,A3RIXSMCG9L0F1
B09T38T5Y3,A3RIXSMCG9L0F1
B0DS1Z9QQ4,A3RIXSMCG9L0F1
B0DRD2XYR8,A3RIXSMCG9L0F1
B0DP9G89ZC,A3RIXSMCG9L0F1
B0DG89FG47,A3RIXSMCG9L0F1
B0DF9B1LL1,A3RIXSMCG9L0F1
B0DBZPTZ9H,A3RIXSMCG9L0F1
B0DB7WQPQC,A3RIXSMCG9L0F1
B0D9FK1D8W,A3RIXSMCG9L0F1
B0D8874V37,A3RIXSMCG9L0F1
B0D5M9VBPP,A3RIXSMCG9L0F1
B0D4CRRR25,A3RIXSMCG9L0F1
B0D2X13FQP,A3RIXSMCG9L0F1
B0D126SC62,A3RIXSMCG9L0F1
B0CXPHHF49,A3RIXSMCG9L0F1
B0CX1JZXLN,A3RIXSMCG9L0F1
B0CWXV3N44,A3RIXSMCG9L0F1
B0C36TGKTX,A3RIXSMCG9L0F1
B0C23X8MK1,A3RIXSMCG9L0F1
B0BZVZX6FM,A3RIXSMCG9L0F1
B0BYZ2SX78,A3RIXSMCG9L0F1
B0BWK8CZ3C,A3RIXSMCG9L0F1
B0BQJFH227,A3RIXSMCG9L0F1
B0BNQDG8PC,A3RIXSMCG9L0F1
B0BMMC4YBS,A3RIXSMCG9L0F1
B0BKL3VHGF,A3RIXSMCG9L0F1
B0BKG77VZT,A3RIXSMCG9L0F1
B0BK8K2CVT,A3RIXSMCG9L0F1
B0BG7GPWHF,A3RIXSMCG9L0F1
B0BG2TNTW3,A3RIXSMCG9L0F1
B0BDXYQWVF,A3RIXSMCG9L0F1
B0B99SVMLF,A3RIXSMCG9L0F1
B0B8TYW6K1,A3RIXSMCG9L0F1
B0B7RFKZ23,A3RIXSMCG9L0F1
B0B6Q16FHY,A3RIXSMCG9L0F1
B0B2ZSRLH4,A3RIXSMCG9L0F1
B0B2J6GHM3,A3RIXSMCG9L0F1
B0B1V195K6,A3RIXSMCG9L0F1
B09YH3LSW3,A3RIXSMCG9L0F1
B09Y5JPT75,A3RIXSMCG9L0F1
B09XWQ68F7,A3RIXSMCG9L0F1
B09XHBHMZ4,A3RIXSMCG9L0F1
B09W1FNCPM,A3RIXSMCG9L0F1
B09V2HJJRT,A3RIXSMCG9L0F1
B09TKRWGTX,A3RIXSMCG9L0F1
B09SWXXP17,A3RIXSMCG9L0F1
B09SS48MF2,A3RIXSMCG9L0F1
B09PN8DJT9,A3RIXSMCG9L0F1
B09PD81R8Z,A3RIXSMCG9L0F1
B0CSG5NZ42,A3RIXSMCG9L0F1
B0CRV5J2MH,A3RIXSMCG9L0F1
B0CPDJ5163,A3RIXSMCG9L0F1
B0CJRDTWSN,A3RIXSMCG9L0F1
B0CJ4KXKM1,A3RIXSMCG9L0F1
B0CHJC4VK9,A3RIXSMCG9L0F1
B0CHB6HYZL,A3RIXSMCG9L0F1
B0CH2BBH2W,A3RIXSMCG9L0F1
B0CFYCS99M,A3RIXSMCG9L0F1
B0CC8ZFCNY,A3RIXSMCG9L0F1
B0C9PJ3VB8,A3RIXSMCG9L0F1
B0C9LJVQGR,A3RIXSMCG9L0F1
B0C8S9LD7M,A3RIXSMCG9L0F1
B0C8N7QK6N,A3RIXSMCG9L0F1
B0C8MRCJ31,A3RIXSMCG9L0F1
B0C5X17ZC8,A3RIXSMCG9L0F1
B0992YFT9Y,A3RIXSMCG9L0F1
B097R9L5MY,A3RIXSMCG9L0F1
B097PJDL1T,A3RIXSMCG9L0F1
B097D8Z9JD,A3RIXSMCG9L0F1
B095JQS66R,A3RIXSMCG9L0F1
B093ZW7N5D,A3RIXSMCG9L0F1
B0923KZ5B1,A3RIXSMCG9L0F1
B091D9T8YT,A3RIXSMCG9L0F1
B08ZD7YXPQ,A3RIXSMCG9L0F1
B08Z3YNDNT,A3RIXSMCG9L0F1
B08XZC445W,A3RIXSMCG9L0F1
B08TW7X8NW,A3RIXSMCG9L0F1
B08R9285LD,A3RIXSMCG9L0F1
B08QFFWWRF,A3RIXSMCG9L0F1
B08Q869Z3W,A3RIXSMCG9L0F1
B08Q4FBNTV,A3RIXSMCG9L0F1
B08LBN62JP,A3RIXSMCG9L0F1
B08K8SVMLJ,A3RIXSMCG9L0F1
B08H4LYVMQ,A3RIXSMCG9L0F1
B08H1Q27TR,A3RIXSMCG9L0F1
B08FCN8PZ8,A3RIXSMCG9L0F1
B08F536F77,A3RIXSMCG9L0F1
B08C53WKN4,A3RIXSMCG9L0F1
B08B188KP9,A3RIXSMCG9L0F1
B089K1FZL7,A3RIXSMCG9L0F1
B089775HB5,A3RIXSMCG9L0F1
B088CW55FC,A3RIXSMCG9L0F1
B084KLGFNR,A3RIXSMCG9L0F1
B081VHN7CZ,A3RIXSMCG9L0F1
B07Y9PTDXG,A3RIXSMCG9L0F1
B07T6DWKTP,A3RIXSMCG9L0F1
B07S3RYG9V,A3RIXSMCG9L0F1
B07RPMM3DN,A3RIXSMCG9L0F1
B07R9PPXNS,A3RIXSMCG9L0F1
B07R4XYD2V,A3RIXSMCG9L0F1
B07R4N3NH7,A3RIXSMCG9L0F1
B07NY2LHBS,A3RIXSMCG9L0F1
B07LBGK512,A3RIXSMCG9L0F1
B07KCWXZ7S,A3RIXSMCG9L0F1
B07FXQRGSL,A3RIXSMCG9L0F1
B07DTB4RY5,A3RIXSMCG9L0F1
B07CYTWDVS,A3RIXSMCG9L0F1
B074H886RF,A3RIXSMCG9L0F1
B0737XBBFR,A3RIXSMCG9L0F1
B071ZDSDJK,A3RIXSMCG9L0F1
B01MS2L2YH,A3RIXSMCG9L0F1
B01FB1CHDK,A3RIXSMCG9L0F1
B00EYH6C0C,A3RIXSMCG9L0F1
B0C4TN9YTQ,A3RIXSMCG9L0F1
B0BXKPVMN4,A3RIXSMCG9L0F1
B0BVFX5FJL,A3RIXSMCG9L0F1
B0BVFSX99M,A3RIXSMCG9L0F1
B0BLVFC4W1,A3RIXSMCG9L0F1
B09Z31PW2X,A3RIXSMCG9L0F1
B09Y8WV561,A3RIXSMCG9L0F1
B09VK4B631,A3RIXSMCG9L0F1
B09528LN1P,A3RIXSMCG9L0F1
B08PPLXW16,A3RIXSMCG9L0F1
B08C7R7WC5,A3RIXSMCG9L0F1
B08544YJQL,A3RIXSMCG9L0F1
B082SV3RZQ,A3RIXSMCG9L0F1
B07QJ7G4BV,A3RIXSMCG9L0F1
B07Q5XYMFV,A3RIXSMCG9L0F1
B07F75FGJM,A3RIXSMCG9L0F1
B09MQ1D9Y3,A3RIXSMCG9L0F1
B09MMKWT5G,A3RIXSMCG9L0F1
B09M77X8WV,A3RIXSMCG9L0F1
B09M76KDN9,A3RIXSMCG9L0F1
B09LLQ34Q5,A3RIXSMCG9L0F1
B09KBZMTGR,A3RIXSMCG9L0F1
B09JWH84HY,A3RIXSMCG9L0F1
B09J8MP46C,A3RIXSMCG9L0F1
B09HK58HFR,A3RIXSMCG9L0F1
B09FFGMP17,A3RIXSMCG9L0F1
B09D2RQ7TT,A3RIXSMCG9L0F1
B09CM392SH,A3RIXSMCG9L0F1
B09CDDZRB3,A3RIXSMCG9L0F1
B09BJHK4XP,A3RIXSMCG9L0F1
B099W8C3NJ,A3RIXSMCG9L0F1
B099JWKR2B,A3RIXSMCG9L0F1
B01FQ8607M,A3RIXSMCG9L0F1
B01AJFPV1I,A3RIXSMCG9L0F1
B09F6G8Z9Y,A3RIXSMCG9L0F1
B08C4QSGKV,A3RIXSMCG9L0F1
B0BWHLF7YB,A3RIXSMCG9L0F1
B09D4GFNMY,A3RIXSMCG9L0F1
B0B9625TVX,A3RIXSMCG9L0F1
B0D72NGHXR,A3RIXSMCG9L0F1
B087CM3WMR,A3RIXSMCG9L0F1
B0BXS7S6LB,A3RIXSMCG9L0F1
B0CXDQW131,A3RIXSMCG9L0F1
B0DHZ41YSM,A3RIXSMCG9L0F1
B0CD7K5VYK,A3RIXSMCG9L0F1
B09Z6F74F9,A3RIXSMCG9L0F1
B0BF9L6GCY,A3RIXSMCG9L0F1
B0DTF9TQR1,A3RIXSMCG9L0F1
B09ZQ41TS6,A3RIXSMCG9L0F1
B0DT1HGGD8,A3RIXSMCG9L0F1
B0CJMD9C38,A3RIXSMCG9L0F1
B00C18LXOG,A3RIXSMCG9L0F1
B0D5B5LPBG,A3RIXSMCG9L0F1
B0BGLHPQWF,A3RIXSMCG9L0F1
B0BR62P3XM,A3RIXSMCG9L0F1
B09Z2FDNFW,A3RIXSMCG9L0F1
B08XQ6FG7F,A3RIXSMCG9L0F1
B06W53X4YF,A3RIXSMCG9L0F1
B0DNZC7QT4,A3RIXSMCG9L0F1
B0D46L93K5,A3RIXSMCG9L0F1
B0BX35TKSX,A3RIXSMCG9L0F1
B0CJMS2R5B,A3RIXSMCG9L0F1
B0CXWW2HDC,A3RIXSMCG9L0F1
B09V2Z66LF,A3RIXSMCG9L0F1
B09573W34Z,A3RIXSMCG9L0F1
B09Q2YB4KT,A3RIXSMCG9L0F1
B0BGG5X7H3,A3RIXSMCG9L0F1
B091SKVXD2,A3RIXSMCG9L0F1
B00PKGBMBA,A3RIXSMCG9L0F1
B08L5PBQNT,A3RIXSMCG9L0F1
B0133MNQ6Q,A3RIXSMCG9L0F1
B0D3FNCL7W,A3RIXSMCG9L0F1
B0C3B8CWP1,A3RIXSMCG9L0F1
B0D2R8Q1ZN,A3RIXSMCG9L0F1
B0CQ4WMJFH,A3RIXSMCG9L0F1
B0B4W9JG4C,A3RIXSMCG9L0F1
B0BL7JSFHK,A3RIXSMCG9L0F1
B0B45XV7NK,A3RIXSMCG9L0F1
B06X9W7859,A3RIXSMCG9L0F1
B09TN8R7FG,A3RIXSMCG9L0F1
B0D9NZQK6N,A3RIXSMCG9L0F1
B09QMCD9YN,A3RIXSMCG9L0F1
B07FLX2594,A3RIXSMCG9L0F1
B09QM5M7R7,A3RIXSMCG9L0F1
B0CDWN73TP,A3RIXSMCG9L0F1
B09N15KNWK,A3RIXSMCG9L0F1
B0DPX4LLZ8,A3RIXSMCG9L0F1
B09BZ2YJC3,A3RIXSMCG9L0F1
B08HMS3GYM,A3RIXSMCG9L0F1
B08L57DC99,A3RIXSMCG9L0F1
B08G76LXPY,A3RIXSMCG9L0F1
B08HH2YZ8C,A3RIXSMCG9L0F1
B07SNDWKL2,A3RIXSMCG9L0F1
B08CGX3239,A3RIXSMCG9L0F1
B07R18S87P,A3RIXSMCG9L0F1
B07SHPDBFG,A3RIXSMCG9L0F1
B07NJ6MLJV,A3RIXSMCG9L0F1
B07N335JZG,A3RIXSMCG9L0F1
B00V7APTIU,A3RIXSMCG9L0F1
B07MVYTNL2,A3RIXSMCG9L0F1
B0DPX8GQCP,A3RIXSMCG9L0F1
B07HNT8M33,A3RIXSMCG9L0F1
B0B569LSP4,A3RIXSMCG9L0F1
B06XDQB98M,A3RIXSMCG9L0F1
B09WXYCQLB,A3RIXSMCG9L0F1
B01D0KIMFG,A3RIXSMCG9L0F1
B09LHCWXFL,A3RIXSMCG9L0F1
B08PF6LM4F,A3RIXSMCG9L0F1
B07W6V5R5F,A3RIXSMCG9L0F1
B0DD6JPV42,A3RIXSMCG9L0F1
B0DCTGD63G,A3RIXSMCG9L0F1
B0D95Z7SLX,A3RIXSMCG9L0F1
B0CLXV56W9,A3RIXSMCG9L0F1
B09TP29K1W,A3RIXSMCG9L0F1
B09R9T4M1L,A3RIXSMCG9L0F1
B09B3PSS7J,A3RIXSMCG9L0F1
B09657MM23,A3RIXSMCG9L0F1
B094XCWQX4,A3RIXSMCG9L0F1
B08G837NHF,A3RIXSMCG9L0F1
B07RPKV2D1,A3RIXSMCG9L0F1
B01B279R12,A3RIXSMCG9L0F1
B0DT6C2DFH,A3RIXSMCG9L0F1
B0DSYP3SWX,A3RIXSMCG9L0F1
B01N789UGY,A3RIXSMCG9L0F1
B0BHZ5PJ2G,A3RIXSMCG9L0F1
B07CJV7G11,A3RIXSMCG9L0F1
B00NC6PIWO,A3RIXSMCG9L0F1
B0CJJ2Y2M1,A3RIXSMCG9L0F1
B0BTKL625W,A3RIXSMCG9L0F1
B000BG1X54,A3RIXSMCG9L0F1
B01N9JVE3P,A3RIXSMCG9L0F1
B0CL4FSJLR,A3RIXSMCG9L0F1
B0D948XJY4,A3RIXSMCG9L0F1
B0BJTJMCT5,A3RIXSMCG9L0F1
B0CRNPT9L7,A3RIXSMCG9L0F1
B08QCYTD1Z,A3RIXSMCG9L0F1
B0CJJ3XP97,A3RIXSMCG9L0F1
B0CG8X69TD,A3RIXSMCG9L0F1
B0BYKPRG46,A3RIXSMCG9L0F1
B08RX9SN8R,A3RIXSMCG9L0F1
B0BRD28BWC,A3RIXSMCG9L0F1
B09YV72JHW,A3RIXSMCG9L0F1
B0BR9ZGN1Q,A3RIXSMCG9L0F1
B0917PS81Y,A3RIXSMCG9L0F1
B0BR576JCK,A3RIXSMCG9L0F1
B09ZYF1MDR,A3RIXSMCG9L0F1
B0CJ92JLD7,A3RIXSMCG9L0F1
B0CJ7Z7LLQ,A3RIXSMCG9L0F1
B0CJ6738F7,A3RIXSMCG9L0F1
B0CH3BM7T5,A3RIXSMCG9L0F1
B0CGF2JJR7,A3RIXSMCG9L0F1
B0C7CJLSC7,A3RIXSMCG9L0F1
B0C5QRCFWH,A3RIXSMCG9L0F1
B0C2H965CZ,A3RIXSMCG9L0F1
B0C1SGYSBL,A3RIXSMCG9L0F1
B0C1J9Y4YF,A3RIXSMCG9L0F1
B0BY84R416,A3RIXSMCG9L0F1
B0BWYWX2MD,A3RIXSMCG9L0F1
B0BWLZ9RDS,A3RIXSMCG9L0F1
B0BVYNDBK6,A3RIXSMCG9L0F1
B0BTPBGZYW,A3RIXSMCG9L0F1
B0BN3GKWD2,A3RIXSMCG9L0F1
B09NVJJ8DJ,A3RIXSMCG9L0F1
B09NLJLNQ2,A3RIXSMCG9L0F1
B09NCZVFZM,A3RIXSMCG9L0F1
B09NBMV4MB,A3RIXSMCG9L0F1
B09MLVWCQZ,A3RIXSMCG9L0F1
B09M3N83NH,A3RIXSMCG9L0F1
B09M19YP6V,A3RIXSMCG9L0F1
B09LWN83WV,A3RIXSMCG9L0F1
B09JVXKZLK,A3RIXSMCG9L0F1
B09HCBSZMD,A3RIXSMCG9L0F1
B09BZNK66R,A3RIXSMCG9L0F1
B09935G4GM,A3RIXSMCG9L0F1
B097ZXLJXR,A3RIXSMCG9L0F1
B096ZCH12P,A3RIXSMCG9L0F1
B096S6GCQW,A3RIXSMCG9L0F1
B095NW6Z3B,A3RIXSMCG9L0F1
B07YDN34BD,A3RIXSMCG9L0F1
B07YCJCLDC,A3RIXSMCG9L0F1
B07Y4VNJPJ,A3RIXSMCG9L0F1
B07V9Q1KND,A3RIXSMCG9L0F1
B07SBTF5HN,A3RIXSMCG9L0F1
B07RXT32WX,A3RIXSMCG9L0F1
B07P93XTBN,A3RIXSMCG9L0F1
B07P3JZ7PV,A3RIXSMCG9L0F1
B07MW2TWXP,A3RIXSMCG9L0F1
B07LGNGT7W,A3RIXSMCG9L0F1
B07KFQ75SV,A3RIXSMCG9L0F1
B07K4Y5QBL,A3RIXSMCG9L0F1
B07JK7S9M8,A3RIXSMCG9L0F1
B07BSJJFDB,A3RIXSMCG9L0F1
B0792FDMJ2,A3RIXSMCG9L0F1
B078SBL4XH,A3RIXSMCG9L0F1
B0DSVM8DM2,A3RIXSMCG9L0F1
B0DSHFT929,A3RIXSMCG9L0F1
B0DRNV54J5,A3RIXSMCG9L0F1
B0DR65KJ1Y,A3RIXSMCG9L0F1
B0DQ1H7ZRY,A3RIXSMCG9L0F1
B0DL5XR6KL,A3RIXSMCG9L0F1
B0DJVZYRPS,A3RIXSMCG9L0F1
B0DJSG6C9R,A3RIXSMCG9L0F1
B0DJNGZ2WY,A3RIXSMCG9L0F1
B0DHG6QDL7,A3RIXSMCG9L0F1
B0DGXW6431,A3RIXSMCG9L0F1
B0D2HJH6CR,A3RIXSMCG9L0F1
B0CZ8RS8JK,A3RIXSMCG9L0F1
B0CTLYLWVZ,A3RIXSMCG9L0F1
B0CP5R3JFQ,A3RIXSMCG9L0F1
B0CL6P6LYM,A3RIXSMCG9L0F1
B0BHZMZD1X,A3RIXSMCG9L0F1
B0BHV7PQZB,A3RIXSMCG9L0F1
B0BHV1CB31,A3RIXSMCG9L0F1
B0BH4DSYZD,A3RIXSMCG9L0F1
B0BFW22LVX,A3RIXSMCG9L0F1
B0BF9G4RWT,A3RIXSMCG9L0F1
B0BF3BY34G,A3RIXSMCG9L0F1
B0B585SDBS,A3RIXSMCG9L0F1
B0B4PT9MVJ,A3RIXSMCG9L0F1
B0B24GXJRB,A3RIXSMCG9L0F1
B0B18SQZDG,A3RIXSMCG9L0F1
B0B12Y9S3X,A3RIXSMCG9L0F1
B09ZV2RYZW,A3RIXSMCG9L0F1
B09XL6PCRK,A3RIXSMCG9L0F1
B09WVDGHKS,A3RIXSMCG9L0F1
B09V48MDJR,A3RIXSMCG9L0F1
B095KPLBWP,A3RIXSMCG9L0F1
B092ZLXCNH,A3RIXSMCG9L0F1
B092ZKFFTW,A3RIXSMCG9L0F1
B08ZYJV5GF,A3RIXSMCG9L0F1
B08Y1J1WM6,A3RIXSMCG9L0F1
B08W3WMNTT,A3RIXSMCG9L0F1
B08VVTX7TQ,A3RIXSMCG9L0F1
B08R6SSP48,A3RIXSMCG9L0F1
B08P1DMJWJ,A3RIXSMCG9L0F1
B08L26JXRS,A3RIXSMCG9L0F1
B08HLQWHJQ,A3RIXSMCG9L0F1
B08GSC2L66,A3RIXSMCG9L0F1
B08CWX3Y99,A3RIXSMCG9L0F1
B084G8NJG3,A3RIXSMCG9L0F1
B08471ZLQ9,A3RIXSMCG9L0F1
B0834L755V,A3RIXSMCG9L0F1
B08CDDLNJS,A3RIXSMCG9L0F1
B0DCBP1KRH,A3RIXSMCG9L0F1
B07TCHDKZN,A3RIXSMCG9L0F1
B0CRV4CV1C,A3RIXSMCG9L0F1
B07HHS1DJ5,A3RIXSMCG9L0F1
B0CPCFXMKJ,A3RIXSMCG9L0F1
B075N47YWQ,A3RIXSMCG9L0F1
B0BTCYWT11,A3RIXSMCG9L0F1
B0BQ24XDWY,A3RIXSMCG9L0F1
B0B4PQG9WY,A3RIXSMCG9L0F1
B0B4GB265J,A3RIXSMCG9L0F1
B0B1LFQ2BD,A3RIXSMCG9L0F1
B09XMJWDJK,A3RIXSMCG9L0F1
B09W46XW29,A3RIXSMCG9L0F1
B09TSF2L59,A3RIXSMCG9L0F1
B09SN7KTQH,A3RIXSMCG9L0F1
B076D31MGX,A3RIXSMCG9L0F1
B01NAR510D,A3RIXSMCG9L0F1
B01N96CNA0,A3RIXSMCG9L0F1
B017NKRDPO,A3RIXSMCG9L0F1
B014X7IRSC,A3RIXSMCG9L0F1
B009M4JBXW,A3RIXSMCG9L0F1
B002LPTGYS,A3RIXSMCG9L0F1
1639471022,A3RIXSMCG9L0F1
B097F9417N,A3RIXSMCG9L0F1
B0976SRXPQ,A3RIXSMCG9L0F1
B0974HTZC8,A3RIXSMCG9L0F1
B0962YS86L,A3RIXSMCG9L0F1
B08RJC4ZWJ,A3RIXSMCG9L0F1
B08G8SNTDD,A3RIXSMCG9L0F1
B08DHF1MDS,A3RIXSMCG9L0F1
B088LTL918,A3RIXSMCG9L0F1
B085X2X3XB,A3RIXSMCG9L0F1
B0859RQWRS,A3RIXSMCG9L0F1
B07WBZRPD9,A3RIXSMCG9L0F1
B07RQL712V,A3RIXSMCG9L0F1
B07N1XSRFS,A3RIXSMCG9L0F1
B01M1S1NWF,A3RIXSMCG9L0F1
B00RG6S1DY,A3RIXSMCG9L0F1
B00ABOGU8Q,A3RIXSMCG9L0F1
B0B568DDWY,A3RIXSMCG9L0F1
B084PXYV5Y,A3RIXSMCG9L0F1
B089YJRBLQ,A3RIXSMCG9L0F1
B0DK3NPB7F,A3RIXSMCG9L0F1
B0DFTKGQ7P,A3RIXSMCG9L0F1
B09X1VZKW5,A3RIXSMCG9L0F1
B0B9JFQXYX,A3RIXSMCG9L0F1
B0D7M2WFLQ,A3RIXSMCG9L0F1
B0DNYFBF4Z,A3RIXSMCG9L0F1
B09MRL7284,A3RIXSMCG9L0F1
B0D59PBTTB,A3RIXSMCG9L0F1
B0DKHR91C6,A3RIXSMCG9L0F1
B0991GKX76,A3RIXSMCG9L0F1
B0CQ4LJ2X5,A3RIXSMCG9L0F1
B08CZGM12M,A3RIXSMCG9L0F1
B0DD6RFSK4,A3RIXSMCG9L0F1
B09X45YPTL,A3RIXSMCG9L0F1
B0C1TXNR35,A3RIXSMCG9L0F1
B0DBH7N8YH,A3RIXSMCG9L0F1
B0CPFTCHCJ,A3RIXSMCG9L0F1
B0BHTWXV82,A3RIXSMCG9L0F1
B07KY416B1,A3RIXSMCG9L0F1
B09QSLF5Q7,A3RIXSMCG9L0F1
B0D1GH6FSJ,A3RIXSMCG9L0F1
B09XZXKX8G,A3RIXSMCG9L0F1
B09Z6F4XCB,A3RIXSMCG9L0F1
B0CD21ZQZW,A3RIXSMCG9L0F1
B0B6474ZML,A3RIXSMCG9L0F1
B0C5QBMVSN,A3RIXSMCG9L0F1
B09WN44W3K,A3RIXSMCG9L0F1
B088WVVMCS,A3RIXSMCG9L0F1
B0D9BJ2VMC,A3RIXSMCG9L0F1
B09PNDTVQN,A3RIXSMCG9L0F1
B0B6KZQ5DG,A3RIXSMCG9L0F1
B0DK6ZPF6S,A3RIXSMCG9L0F1
B0BJ1NMNWD,A3RIXSMCG9L0F1
B0DSCFNT9N,A3RIXSMCG9L0F1
B07PVKQ2BS,A3RIXSMCG9L0F1
B0DMV97NT6,A3RIXSMCG9L0F1
B0D4914B5Z,A3RIXSMCG9L0F1
B08YP9WT7G,A3RIXSMCG9L0F1
B0BML4YYYV,A3RIXSMCG9L0F1
B0DFGSYB8F,A3RIXSMCG9L0F1
B09PG2Q77T,A3RIXSMCG9L0F1
B0C4P13HVX,A3RIXSMCG9L0F1
B0CHVZGZ41,A3RIXSMCG9L0F1
B09HG8XMDC,A3RIXSMCG9L0F1
B0CD26H9MJ,A3RIXSMCG9L0F1
B0CY56WXR2,A3RIXSMCG9L0F1
B0CS39SR68,A3RIXSMCG9L0F1
B0CCV95WH1,A3RIXSMCG9L0F1
B0CXM3GXWS,A3RIXSMCG9L0F1
B0C1VJ7PQ2,A3RIXSMCG9L0F1
B0BGN89NHC,A3RIXSMCG9L0F1
B0C1NHP53F,A3RIXSMCG9L0F1
B08YRK32Z7,A3RIXSMCG9L0F1
B099NK8D3T,A3RIXSMCG9L0F1
B0BGQMW17D,A3RIXSMCG9L0F1
B01N696TIE,A3RIXSMCG9L0F1
B09JWWVCP2,A3RIXSMCG9L0F1
B09N8W621C,A3RIXSMCG9L0F1
B08T6CY982,A3RIXSMCG9L0F1
B0B1V7M2G4,A3RIXSMCG9L0F1
B0BXXY4M1Y,A3RIXSMCG9L0F1
B0B55G19MN,A3RIXSMCG9L0F1
B0751HC6VW,A3RIXSMCG9L0F1
B07RJY1CHS,A3RIXSMCG9L0F1
B07RL7B4RF,A3RIXSMCG9L0F1
B0D1Y678J4,A3RIXSMCG9L0F1
B0BCNXCSYJ,A3RIXSMCG9L0F1
B0CYGVCJNQ,A3RIXSMCG9L0F1
B0CBTS8H19,A3RIXSMCG9L0F1
B0DSLM58DK,A3RIXSMCG9L0F1
B0DHFTSPRB,A3RIXSMCG9L0F1
B0CRNNM961,A3RIXSMCG9L0F1
B0BN1W5GM7,A3RIXSMCG9L0F1
B0BQ2Y6SX5,A3RIXSMCG9L0F1
B0BLH7MQRW,A3RIXSMCG9L0F1
B097Y4NN16,A3RIXSMCG9L0F1
B08QDDY6F5,A3RIXSMCG9L0F1
B08CHL1XX2,A3RIXSMCG9L0F1
B09DKZRYZK,A3RIXSMCG9L0F1
B08C7PS456,A3RIXSMCG9L0F1
B09PFZWGJF,A3RIXSMCG9L0F1
B07SC5NFZK,A3RIXSMCG9L0F1
B08P46K7K1,A3RIXSMCG9L0F1
B07MR7WK16,A3RIXSMCG9L0F1
B09Y4BMLNL,A3RIXSMCG9L0F1
B074SHYCGD,A3RIXSMCG9L0F1
B0BX2BZDSM,A3RIXSMCG9L0F1
B073WKRHDB,A3RIXSMCG9L0F1
B0BRXF7B4X,A3RIXSMCG9L0F1
B072ZZK9QW,A3RIXSMCG9L0F1
B09TKR8YTT,A3RIXSMCG9L0F1
B08JYMNB3L,A3RIXSMCG9L0F1
B001QWV7FI,A3RIXSMCG9L0F1
B0CTY3J6LJ,A3RIXSMCG9L0F1
B0CTMF1TZL,A3RIXSMCG9L0F1
B0CSYC723Y,A3RIXSMCG9L0F1
B0CNDDSTV1,A3RIXSMCG9L0F1
B0CLV3X92K,A3RIXSMCG9L0F1
B0CLTXRW19,A3RIXSMCG9L0F1
B0CKMW7D8M,A3RIXSMCG9L0F1
B0CK1K2QHD,A3RIXSMCG9L0F1
B0CJX8T7ZR,A3RIXSMCG9L0F1
B0CH3KDDQ3,A3RIXSMCG9L0F1
B0C9JDGHT8,A3RIXSMCG9L0F1
B0C85D7C6G,A3RIXSMCG9L0F1
B0C16BQDHG,A3RIXSMCG9L0F1
B0BZNS1PK1,A3RIXSMCG9L0F1
B0BXLYZTP5,A3RIXSMCG9L0F1
B0BVYMKDDK,A3RIXSMCG9L0F1
B08NSYNZ72,A3RIXSMCG9L0F1
B08LZDRYMP,A3RIXSMCG9L0F1
B08LCPJHYD,A3RIXSMCG9L0F1
B08KZV73N4,A3RIXSMCG9L0F1
B08D96W8VN,A3RIXSMCG9L0F1
B08B8B79X4,A3RIXSMCG9L0F1
B086DDMZWB,A3RIXSMCG9L0F1
B0859F332S,A3RIXSMCG9L0F1
B0854BWBP8,A3RIXSMCG9L0F1
B083DFNMH5,A3RIXSMCG9L0F1
B081Z2Z87C,A3RIXSMCG9L0F1
B081X9XYZH,A3RIXSMCG9L0F1
B07YDYZ6Q8,A3RIXSMCG9L0F1
B07Y2NV7XX,A3RIXSMCG9L0F1
B07W3QFYBJ,A3RIXSMCG9L0F1
B07VB9RQFF,A3RIXSMCG9L0F1
B07TZG9CPK,A3RIXSMCG9L0F1
B07SPTH57W,A3RIXSMCG9L0F1
B07MPD7TQV,A3RIXSMCG9L0F1
B07M7K4GQY,A3RIXSMCG9L0F1
B07KWX2J7H,A3RIXSMCG9L0F1
B07KMZGL5C,A3RIXSMCG9L0F1
B07K4YMYRN,A3RIXSMCG9L0F1
B07HSW39NP,A3RIXSMCG9L0F1
B077CPB2L2,A3RIXSMCG9L0F1
B01K5WZY7Q,A3RIXSMCG9L0F1
B000PSABRO,A3RIXSMCG9L0F1
B0DXL3BM49,A3RIXSMCG9L0F1
B0DT6WV79T,A3RIXSMCG9L0F1
B0DSB772H5,A3RIXSMCG9L0F1
B0DR8QG1KQ,A3RIXSMCG9L0F1
B0DPHMLKV8,A3RIXSMCG9L0F1
B0DK753X64,A3RIXSMCG9L0F1
B0DHY2GJLQ,A3RIXSMCG9L0F1
B0DHTNPM5L,A3RIXSMCG9L0F1
B0DG36H67R,A3RIXSMCG9L0F1
B0D8ZPJL77,A3RIXSMCG9L0F1
B0D73NKMB9,A3RIXSMCG9L0F1
B0D5W9G35D,A3RIXSMCG9L0F1
B0D5LDG137,A3RIXSMCG9L0F1
B0D2NPYLQN,A3RIXSMCG9L0F1
B0D22SR6L2,A3RIXSMCG9L0F1
B0CWGWJJ8G,A3RIXSMCG9L0F1
B09TVNZ2LR,A3RIXSMCG9L0F1
B09T2BBS4G,A3RIXSMCG9L0F1
B09QGQLB5K,A3RIXSMCG9L0F1
B09PTZ2DNL,A3RIXSMCG9L0F1
B09NM9G8T5,A3RIXSMCG9L0F1
B09J3JRVK9,A3RIXSMCG9L0F1
B09DKWJZZV,A3RIXSMCG9L0F1
B09DD1R6N7,A3RIXSMCG9L0F1
B0993685CR,A3RIXSMCG9L0F1
B098W6NQ6W,A3RIXSMCG9L0F1
B0972DBFDM,A3RIXSMCG9L0F1
B092QPWH2Q,A3RIXSMCG9L0F1
B08YNX3FBM,A3RIXSMCG9L0F1
B08SVMJKSV,A3RIXSMCG9L0F1
B08R7H6ZM8,A3RIXSMCG9L0F1
B08NZ1M1R6,A3RIXSMCG9L0F1
B0DGSL5XR1,A3RIXSMCG9L0F1
B08YZ68SGR,A3RIXSMCG9L0F1
B098NF4JHN,A3RIXSMCG9L0F1
B095S8ZJ8D,A3RIXSMCG9L0F1
B078JQG1TR,A3RIXSMCG9L0F1
B0868W7GS6,A3RIXSMCG9L0F1
B0DPRKY555,A3RIXSMCG9L0F1
B0BRYG25HW,A3RIXSMCG9L0F1
B0BP29VKC9,A3RIXSMCG9L0F1
B0BJW6GN49,A3RIXSMCG9L0F1
B0BG9R2P5F,A3RIXSMCG9L0F1
B0BCWBXP39,A3RIXSMCG9L0F1
B0BC37YF82,A3RIXSMCG9L0F1
B0B5N2Y4F1,A3RIXSMCG9L0F1
B0B5MV2M3M,A3RIXSMCG9L0F1
B0B51H3JMS,A3RIXSMCG9L0F1
B0B4D4Y7BD,A3RIXSMCG9L0F1
B09ZV57ZTV,A3RIXSMCG9L0F1
B09YGYLX9Y,A3RIXSMCG9L0F1
B09XQPD5C5,A3RIXSMCG9L0F1
B09XHKV8LQ,A3RIXSMCG9L0F1
B09W4YQ22V,A3RIXSMCG9L0F1
B09V7RV8KT,A3RIXSMCG9L0F1
B09K6ZPBRB,A3RIXSMCG9L0F1
B0BRZ68BQ8,A3RIXSMCG9L0F1
B092QRTYGN,A3RIXSMCG9L0F1
B09HWW9QCR,A3RIXSMCG9L0F1
B08V8BPCL6,A3RIXSMCG9L0F1
B0DWLCYBCD,A3RIXSMCG9L0F1
B07N13Y544,A3RIXSMCG9L0F1
B0DFFCY4WY,A3RIXSMCG9L0F1
B07QRPHLCD,A3RIXSMCG9L0F1
B0BMYJYHWX,A3RIXSMCG9L0F1
B0D6QD784T,A3RIXSMCG9L0F1
B08F1WFYF8,A3RIXSMCG9L0F1
B0CZ9LV2P2,A3RIXSMCG9L0F1
B0DFL6YG76,A3RIXSMCG9L0F1
B0CXN7CK8Z,A3RIXSMCG9L0F1
B0DJXYDTTN,A3RIXSMCG9L0F1
B0CQCKG4YB,A3RIXSMCG9L0F1
B0CJY566S8,A3RIXSMCG9L0F1
B0CFVYPWLY,A3RIXSMCG9L0F1
B0CJ25FSN5,A3RIXSMCG9L0F1
B0C1X1CCFD,A3RIXSMCG9L0F1
B0DKFF354V,A3RIXSMCG9L0F1
B0B135Z17L,A3RIXSMCG9L0F1
B07SYYKV1Z,A3RIXSMCG9L0F1
B09SY81G4R,A3RIXSMCG9L0F1
B0CWL6N4BD,A3RIXSMCG9L0F1
B09MFBSZT4,A3RIXSMCG9L0F1
B09S64CYTD,A3RIXSMCG9L0F1
B0CS6DQX5V,A3RIXSMCG9L0F1
B0CL9R3KV4,A3RIXSMCG9L0F1
B0DCJLN43Z,A3RIXSMCG9L0F1
B0CG1F4K1F,A3RIXSMCG9L0F1
B08J2J9HT1,A3RIXSMCG9L0F1
B0C8N48Z9H,A3RIXSMCG9L0F1
B0962ZBHQH,A3RIXSMCG9L0F1
B00KZM2WY0,A3RIXSMCG9L0F1
B08QG1BCM3,A3RIXSMCG9L0F1
B0C2QSHQDY,A3RIXSMCG9L0F1
B08P47BHNF,A3RIXSMCG9L0F1
B0BPXQSZZD,A3RIXSMCG9L0F1
B08DXHP98T,A3RIXSMCG9L0F1
B09Y2XTW35,A3RIXSMCG9L0F1
B08CSG73QJ,A3RIXSMCG9L0F1
B0DK946ZMT,A3RIXSMCG9L0F1
B08BHWQQCH,A3RIXSMCG9L0F1
B0CNGXCBB7,A3RIXSMCG9L0F1
B07W67NRX8,A3RIXSMCG9L0F1
B0CLGVNJX7,A3RIXSMCG9L0F1
B07S32ZDCM,A3RIXSMCG9L0F1
B0BSVCC4ND,A3RIXSMCG9L0F1
B0B3VWSM77,A3RIXSMCG9L0F1
B09NMMG38L,A3RIXSMCG9L0F1
B0D7C9KFHQ,A3RIXSMCG9L0F1
B089HPXHRF,A3RIXSMCG9L0F1
B0D2XWB1KN,A3RIXSMCG9L0F1
B08SVW4HJB,A3RIXSMCG9L0F1
B0CZJLTGYJ,A3RIXSMCG9L0F1
B0CZL2MQY8,A3RIXSMCG9L0F1
B0CTCSSJ8R,A3RIXSMCG9L0F1
B098JTL5B5,A3RIXSMCG9L0F1
B07F8HBP2J,A3RIXSMCG9L0F1
B0BR88JWTW,A3RIXSMCG9L0F1
B07F71KFT1,A3RIXSMCG9L0F1
B0BFQZ32ZJ,A3RIXSMCG9L0F1
B0B5LH75HT,A3RIXSMCG9L0F1
B09WYLBM16,A3RIXSMCG9L0F1
B09MLCQT27,A3RIXSMCG9L0F1
B09G32MM5G,A3RIXSMCG9L0F1
B09B1V45LC,A3RIXSMCG9L0F1
B092W21669,A3RIXSMCG9L0F1
B0761K5S9W,A3RIXSMCG9L0F1
B0DZ179KHB,A3RIXSMCG9L0F1
B0DSP8L2ZG,A3RIXSMCG9L0F1
B0DRGJ33VN,A3RIXSMCG9L0F1
B0DRD4CXKJ,A3RIXSMCG9L0F1
B0DRC4XTX1,A3RIXSMCG9L0F1
B0BTRZX8KC,A3RIXSMCG9L0F1
B0B7CH865B,A3RIXSMCG9L0F1
B0DFWFTB5F,A3RIXSMCG9L0F1
B08F2Y36FF,A3RIXSMCG9L0F1
B0CH89392R,A3RIXSMCG9L0F1
B00B7HCOIQ,A3RIXSMCG9L0F1
B0B7HMJLXM,A3RIXSMCG9L0F1
B0D8HPRX6K,A3RIXSMCG9L0F1
B07CN3GV38,A3RIXSMCG9L0F1
B0D7VWJLQ8,A3RIXSMCG9L0F1
B01N7AHKL6,A3RIXSMCG9L0F1
B09ZY4M1KP,A3RIXSMCG9L0F1
B0BRL1LYHS,A3RIXSMCG9L0F1
B0CQVHQHD9,A3RIXSMCG9L0F1
B0CQJRMX39,A3RIXSMCG9L0F1
B0CQFXMWP2,A3RIXSMCG9L0F1
B0CQ42V5C4,A3RIXSMCG9L0F1
B0CPXXSCJQ,A3RIXSMCG9L0F1
B0CP5J71M5,A3RIXSMCG9L0F1
B0CNMH44MD,A3RIXSMCG9L0F1
B0CNLP3D4G,A3RIXSMCG9L0F1
B0CN1Q7KR9,A3RIXSMCG9L0F1
B0CLRF3WZZ,A3RIXSMCG9L0F1
B0CLQQNKR8,A3RIXSMCG9L0F1
B0CLHDW612,A3RIXSMCG9L0F1
B0CKLM33VN,A3RIXSMCG9L0F1
B0CKHH4HC6,A3RIXSMCG9L0F1
B0CJV1D7FK,A3RIXSMCG9L0F1
B0CJHM4KPS,A3RIXSMCG9L0F1
B0D451JCQ7,A3RIXSMCG9L0F1
B0D3HG7F2V,A3RIXSMCG9L0F1
B0D39ZQ5D7,A3RIXSMCG9L0F1
B0D1VVD7N1,A3RIXSMCG9L0F1
B0D1VDWNSN,A3RIXSMCG9L0F1
B0D1V3243P,A3RIXSMCG9L0F1
B0CYG1SP16,A3RIXSMCG9L0F1
B0CYFPRDSR,A3RIXSMCG9L0F1
B0CY519HK6,A3RIXSMCG9L0F1
B0CXJHGQCC,A3RIXSMCG9L0F1
B0CWNMZZYX,A3RIXSMCG9L0F1
B0CWL1TBSX,A3RIXSMCG9L0F1
B0CRP4N65N,A3RIXSMCG9L0F1
B0CR2T8YLX,A3RIXSMCG9L0F1
B0CQY6K8Q4,A3RIXSMCG9L0F1
B0CQXW9N6H,A3RIXSMCG9L0F1
B0CHRKYZ3Y,A3RIXSMCG9L0F1
B0CDKM44MJ,A3RIXSMCG9L0F1
B0CDGSXJS7,A3RIXSMCG9L0F1
B0CBSBCSV7,A3RIXSMCG9L0F1
B0CBQBSC2L,A3RIXSMCG9L0F1
B0CBPN91H2,A3RIXSMCG9L0F1
B0C9TCZ5FB,A3RIXSMCG9L0F1
B0C99C9ZR8,A3RIXSMCG9L0F1
B0C7R2NYRX,A3RIXSMCG9L0F1
B0C742D1X8,A3RIXSMCG9L0F1
B0C6LY376K,A3RIXSMCG9L0F1
B0C3PJZMRM,A3RIXSMCG9L0F1
B0C36HT3G1,A3RIXSMCG9L0F1
B0C2PR7T11,A3RIXSMCG9L0F1
B0C1GK1PXZ,A3RIXSMCG9L0F1
B0C157JR6P,A3RIXSMCG9L0F1
B0BZS2K5VV,A3RIXSMCG9L0F1
B0BX36HPYF,A3RIXSMCG9L0F1
B0BWDTVZRT,A3RIXSMCG9L0F1
B0BW7NC1XH,A3RIXSMCG9L0F1
B0BW4V83NL,A3RIXSMCG9L0F1
B0BW166MFR,A3RIXSMCG9L0F1
B0BVFLJZ7N,A3RIXSMCG9L0F1
B0BR848YZR,A3RIXSMCG9L0F1
B0BQMTVY4H,A3RIXSMCG9L0F1
B0BPHRP6TS,A3RIXSMCG9L0F1
B0BMZHFQ3L,A3RIXSMCG9L0F1
B0BM3L74JB,A3RIXSMCG9L0F1
B0BLSMVL2H,A3RIXSMCG9L0F1
B0BJJT9Z6L,A3RIXSMCG9L0F1
B0BJ1LJZZX,A3RIXSMCG9L0F1
B0BHF3TMWQ,A3RIXSMCG9L0F1
B09LXPD3CX,A3RIXSMCG9L0F1
B09L4N9XG5,A3RIXSMCG9L0F1
B09KGX9GJQ,A3RIXSMCG9L0F1
B09H4BH7S7,A3RIXSMCG9L0F1
B09GJQGWH8,A3RIXSMCG9L0F1
B09GFLWZ25,A3RIXSMCG9L0F1
B09DPDHJN3,A3RIXSMCG9L0F1
B095WCZFDY,A3RIXSMCG9L0F1
B095RXCSJQ,A3RIXSMCG9L0F1
B095K5L65W,A3RIXSMCG9L0F1
B0946PCLVY,A3RIXSMCG9L0F1
B093TL4WMD,A3RIXSMCG9L0F1
B093KYDX5G,A3RIXSMCG9L0F1
B092PNVSCK,A3RIXSMCG9L0F1
B0924CJSRL,A3RIXSMCG9L0F1
B08XJV2RYQ,A3RIXSMCG9L0F1
B0DR7X94RM,A3RIXSMCG9L0F1
B0DPPCZ989,A3RIXSMCG9L0F1
B0DNNTWLL6,A3RIXSMCG9L0F1
B0DMS1HVDK,A3RIXSMCG9L0F1
B0DLSL3GBC,A3RIXSMCG9L0F1
B0DL9TV2Y7,A3RIXSMCG9L0F1
B0DG2HYTVM,A3RIXSMCG9L0F1
B0DBTZLD8M,A3RIXSMCG9L0F1
B0D9VPRNB7,A3RIXSMCG9L0F1
B0D8HTBQ2X,A3RIXSMCG9L0F1
B0D79KWY9N,A3RIXSMCG9L0F1
B0D5WS8RWZ,A3RIXSMCG9L0F1
B0D5MMD9BN,A3RIXSMCG9L0F1
B0D5CRYBX3,A3RIXSMCG9L0F1
B0D5413J1S,A3RIXSMCG9L0F1
B0D4DQFMC6,A3RIXSMCG9L0F1
B09YM6GKCS,A3RIXSMCG9L0F1
B09XL5FJLJ,A3RIXSMCG9L0F1
B09X66L282,A3RIXSMCG9L0F1
B09WTR3MVG,A3RIXSMCG9L0F1
B09V557DVS,A3RIXSMCG9L0F1
B09TNPGYXC,A3RIXSMCG9L0F1
B09R4B1N9V,A3RIXSMCG9L0F1
B09QYL2KC8,A3RIXSMCG9L0F1
B09QPJMZBP,A3RIXSMCG9L0F1
B09QMDQLBY,A3RIXSMCG9L0F1
B09QD5KJP3,A3RIXSMCG9L0F1
B09QC47GGH,A3RIXSMCG9L0F1
B09Q6G7CHT,A3RIXSMCG9L0F1
B09PL4NJZ4,A3RIXSMCG9L0F1
B09NDHTV2T,A3RIXSMCG9L0F1
B09N7LX6DJ,A3RIXSMCG9L0F1
B086PPK3XL,A3RIXSMCG9L0F1
B085RNRZBT,A3RIXSMCG9L0F1
B0845S7MGS,A3RIXSMCG9L0F1
B0821FFWR9,A3RIXSMCG9L0F1
B07YJM2CJC,A3RIXSMCG9L0F1
B07WMR8Q9K,A3RIXSMCG9L0F1
B07VLJ45PS,A3RIXSMCG9L0F1
B07VF748LG,A3RIXSMCG9L0F1
B07VDW5T6B,A3RIXSMCG9L0F1
B07SB5Q738,A3RIXSMCG9L0F1
B07RFFVCWT,A3RIXSMCG9L0F1
B07Q8KK2JT,A3RIXSMCG9L0F1
B07KXP4XQ3,A3RIXSMCG9L0F1
B07HQVV63D,A3RIXSMCG9L0F1
B07H7YB5YM,A3RIXSMCG9L0F1
B07H26X1Z4,A3RIXSMCG9L0F1
B0BGMWN5L2,A3RIXSMCG9L0F1
B0BFPN9QZ8,A3RIXSMCG9L0F1
B0B7QWKR53,A3RIXSMCG9L0F1
B0B7HYXPDH,A3RIXSMCG9L0F1
B0B6BSB93Z,A3RIXSMCG9L0F1
B0B69FMBRC,A3RIXSMCG9L0F1
B0B67RYXWK,A3RIXSMCG9L0F1
B0B62XNM73,A3RIXSMCG9L0F1
B0B62652R9,A3RIXSMCG9L0F1
B0B62447VL,A3RIXSMCG9L0F1
B0B5439Y89,A3RIXSMCG9L0F1
B0B4DCR89J,A3RIXSMCG9L0F1
B0B463KKS3,A3RIXSMCG9L0F1
B09ZQCKLGK,A3RIXSMCG9L0F1
B09YY2FFFT,A3RIXSMCG9L0F1
B09YM74PSF,A3RIXSMCG9L0F1
B07D4F5SWD,A3RIXSMCG9L0F1
B07B3JTFVQ,A3RIXSMCG9L0F1
B079FTLB6X,A3RIXSMCG9L0F1
B076FC7FFK,A3RIXSMCG9L0F1
B075LSB2QT,A3RIXSMCG9L0F1
B01NBSKNFR,A3RIXSMCG9L0F1
B01JBL8UUA,A3RIXSMCG9L0F1
B01GSW73CQ,A3RIXSMCG9L0F1
B01D9WVI7O,A3RIXSMCG9L0F1
B01D9WMF5I,A3RIXSMCG9L0F1
B01D9T1FWK,A3RIXSMCG9L0F1
B01D27AI5E,A3RIXSMCG9L0F1
B0192PCBV4,A3RIXSMCG9L0F1
B00RQ223SW,A3RIXSMCG9L0F1
B00KEIEIE2,A3RIXSMCG9L0F1
B00K2EP4NM,A3RIXSMCG9L0F1
B00JDST0MO,A3RIXSMCG9L0F1
B0034ZNM5S,A3RIXSMCG9L0F1
B0D7L2TGLS,A3RIXSMCG9L0F1
B0D3Q1N89N,A3RIXSMCG9L0F1
B0D355QGKN,A3RIXSMCG9L0F1
B0D17YGRML,A3RIXSMCG9L0F1
B0CYLNVGD4,A3RIXSMCG9L0F1
B0CRHMHDGM,A3RIXSMCG9L0F1
B0CRHBBPVS,A3RIXSMCG9L0F1
B0CQJ9V516,A3RIXSMCG9L0F1
B0CPS11B4B,A3RIXSMCG9L0F1
B0CN6KTT3K,A3RIXSMCG9L0F1
B0CN48HPZB,A3RIXSMCG9L0F1
B0CN2X4FCC,A3RIXSMCG9L0F1
B0CMLS2TYR,A3RIXSMCG9L0F1
B0CLY9N51W,A3RIXSMCG9L0F1
B0CLCXFM6S,A3RIXSMCG9L0F1
B0CKX1FG7P,A3RIXSMCG9L0F1
B074SYK1MS,A3RIXSMCG9L0F1
B09N3TQXP6,A3RIXSMCG9L0F1
B01KYCJO78,A3RIXSMCG9L0F1
B0CQF5Y5RP,A3RIXSMCG9L0F1
B013KWISC6,A3RIXSMCG9L0F1
B0DFL6V884,A3RIXSMCG9L0F1
B09WZWVXLS,A3RIXSMCG9L0F1
B08NPCD7VP,A3RIXSMCG9L0F1
B07CPQDCXH,A3RIXSMCG9L0F1
B0185NNEOM,A3RIXSMCG9L0F1
B0C6SZNVSK,A3RIXSMCG9L0F1
B09YWYV53G,A3RIXSMCG9L0F1
B09T374NG8,A3RIXSMCG9L0F1
B07GD4PFVC,A3RIXSMCG9L0F1
B0781FC87D,A3RIXSMCG9L0F1
B000ZOUYV6,A3RIXSMCG9L0F1
B08QZNKP98,A3RIXSMCG9L0F1
B08QVFTPTG,A3RIXSMCG9L0F1
B08QJN4DNL,A3RIXSMCG9L0F1
B08QC55G8T,A3RIXSMCG9L0F1
B08PYZ9R8Z,A3RIXSMCG9L0F1
B08NWRW6SN,A3RIXSMCG9L0F1
B08N4T6N54,A3RIXSMCG9L0F1
B08LLFY5R3,A3RIXSMCG9L0F1
B08LGVRF52,A3RIXSMCG9L0F1
B08HRFC92Q,A3RIXSMCG9L0F1
B08FRMVRQ5,A3RIXSMCG9L0F1
B08FHPYGDZ,A3RIXSMCG9L0F1
B08FC7PFZL,A3RIXSMCG9L0F1
B08DRBGB4N,A3RIXSMCG9L0F1
B0899MTFWQ,A3RIXSMCG9L0F1
B086YSVLXX,A3RIXSMCG9L0F1
B0DTHLV91K,A3RIXSMCG9L0F1
B0DRJLLFHX,A3RIXSMCG9L0F1
B0DRJBZGKF,A3RIXSMCG9L0F1
B0DQC63C13,A3RIXSMCG9L0F1
B0DP44NVNH,A3RIXSMCG9L0F1
B0DP21JY9D,A3RIXSMCG9L0F1
B0DJ8GJ5RS,A3RIXSMCG9L0F1
B0DHXQLWFB,A3RIXSMCG9L0F1
B0DF1RPMFH,A3RIXSMCG9L0F1
B0DCC8C5G1,A3RIXSMCG9L0F1
B0DBPW45K2,A3RIXSMCG9L0F1
B0DB2M1Y4R,A3RIXSMCG9L0F1
B0D96MG45V,A3RIXSMCG9L0F1
B0D93J8PGQ,A3RIXSMCG9L0F1
B0D8PKRPFR,A3RIXSMCG9L0F1
B0D82Z6TCB,A3RIXSMCG9L0F1
B0BWBZ97MF,A3RIXSMCG9L0F1
B0BVFXQXSY,A3RIXSMCG9L0F1
B0BTY99HJS,A3RIXSMCG9L0F1
B0BTLVDGT9,A3RIXSMCG9L0F1
B0BS6KZXJY,A3RIXSMCG9L0F1
B0BRD57D16,A3RIXSMCG9L0F1
B0BR3FP82W,A3RIXSMCG9L0F1
B0BQDZTMJP,A3RIXSMCG9L0F1
B0BP8FM9QH,A3RIXSMCG9L0F1
B0BN5ZCW9S,A3RIXSMCG9L0F1
B0BMLK79HM,A3RIXSMCG9L0F1
B0BL81JF3M,A3RIXSMCG9L0F1
B0BJJHV6SM,A3RIXSMCG9L0F1
B0BFLD8KC3,A3RIXSMCG9L0F1
B0BFCS99N9,A3RIXSMCG9L0F1
B0BF8LDB7P,A3RIXSMCG9L0F1
B08SJR511P,A3RIXSMCG9L0F1
B08SH9TRVW,A3RIXSMCG9L0F1
B08R6KRSHR,A3RIXSMCG9L0F1
B08PC5Z7Z2,A3RIXSMCG9L0F1
B08MZTGD1S,A3RIXSMCG9L0F1
B08JZB59JD,A3RIXSMCG9L0F1
B08HWHQ6MJ,A3RIXSMCG9L0F1
B088WH31RM,A3RIXSMCG9L0F1
B08531ZXMP,A3RIXSMCG9L0F1
B083KKP71T,A3RIXSMCG9L0F1
B082PJ5P2T,A3RIXSMCG9L0F1
B081M81X85,A3RIXSMCG9L0F1
B07W14XGY9,A3RIXSMCG9L0F1
B07VFKL764,A3RIXSMCG9L0F1
B07MNZLB22,A3RIXSMCG9L0F1
B07L2F1WWC,A3RIXSMCG9L0F1
B0BZ3QBFH7,A3RIXSMCG9L0F1
B0DG2Q785L,A3RIXSMCG9L0F1
B0BYHS67LY,A3RIXSMCG9L0F1
B0D7ZPX131,A3RIXSMCG9L0F1
B0BXP4DTJT,A3RIXSMCG9L0F1
B07PPD7931,A3RIXSMCG9L0F1
B09K7HDMHB,A3RIXSMCG9L0F1
B07K1K2DLW,A3RIXSMCG9L0F1
B09D3P23J4,A3RIXSMCG9L0F1
B079D7RSR7,A3RIXSMCG9L0F1
B08PBN2773,A3RIXSMCG9L0F1
B07MF2467Q,A3RIXSMCG9L0F1
B08HCQT4NM,A3RIXSMCG9L0F1
B004PJAOXA,A3RIXSMCG9L0F1
B083FHN2LQ,A3RIXSMCG9L0F1
B00SWTVJUQ,A3RIXSMCG9L0F1
B09X64YC5S,A3RIXSMCG9L0F1
B09WCZZ6DL,A3RIXSMCG9L0F1
B09VKW1Q2D,A3RIXSMCG9L0F1
B09TN9J6DZ,A3RIXSMCG9L0F1
B09SYYF87Q,A3RIXSMCG9L0F1
B09QFLT244,A3RIXSMCG9L0F1
B09QCKMTC2,A3RIXSMCG9L0F1
B09NQM16DZ,A3RIXSMCG9L0F1
B09CGCHHZB,A3RIXSMCG9L0F1
B099FHLS53,A3RIXSMCG9L0F1
B094RF7LR5,A3RIXSMCG9L0F1
B0937P559G,A3RIXSMCG9L0F1
B08ZYWTYZ2,A3RIXSMCG9L0F1
B08V574SKD,A3RIXSMCG9L0F1
B08TZXKS6L,A3RIXSMCG9L0F1
B08T9FHH1Q,A3RIXSMCG9L0F1
B0BB39PQWY,A3RIXSMCG9L0F1
B0B6DSHHMR,A3RIXSMCG9L0F1
B0B5XKQSX7,A3RIXSMCG9L0F1
B0B5DY9J31,A3RIXSMCG9L0F1
B0B49Q4LGG,A3RIXSMCG9L0F1
B0B3TX7VSH,A3RIXSMCG9L0F1
B0B38NQV1F,A3RIXSMCG9L0F1
B0B2RMM3B4,A3RIXSMCG9L0F1
B0B2DPLDR2,A3RIXSMCG9L0F1
B0B215M71Y,A3RIXSMCG9L0F1
B0B1RPB7ZW,A3RIXSMCG9L0F1
B09ZMCH7C8,A3RIXSMCG9L0F1
B09Z9Q6YG2,A3RIXSMCG9L0F1
B09Z3FFN8Y,A3RIXSMCG9L0F1
B09YTV5QF5,A3RIXSMCG9L0F1
B09YRFVM87,A3RIXSMCG9L0F1
B0CKLLHBST,A3RIXSMCG9L0F1
B0CH4KZYZV,A3RIXSMCG9L0F1
B0CH37H7JX,A3RIXSMCG9L0F1
B0CGWMVY29,A3RIXSMCG9L0F1
B0C7VRV22L,A3RIXSMCG9L0F1
B0C6X172MV,A3RIXSMCG9L0F1
B0C6M6W533,A3RIXSMCG9L0F1
B0C59563DQ,A3RIXSMCG9L0F1
B0C4YZT18T,A3RIXSMCG9L0F1
B0C42Y533H,A3RIXSMCG9L0F1
B0C2YBMWRQ,A3RIXSMCG9L0F1
B0BZZSTDM1,A3RIXSMCG9L0F1
B0BZ7YSP4P,A3RIXSMCG9L0F1
B0BZ6SDH7Z,A3RIXSMCG9L0F1
B0BY2GGNR7,A3RIXSMCG9L0F1
B0BXD9GH7S,A3RIXSMCG9L0F1
B07H55ZYY4,A3RIXSMCG9L0F1
B07FRBLNZZ,A3RIXSMCG9L0F1
B07888XF16,A3RIXSMCG9L0F1
B01MTVJ5HO,A3RIXSMCG9L0F1
B01LWPLHU5,A3RIXSMCG9L0F1
B01LCBZ7X0,A3RIXSMCG9L0F1
B0132I4A52,A3RIXSMCG9L0F1
B010DXDA14,A3RIXSMCG9L0F1
B0100OMO0E,A3RIXSMCG9L0F1
B00VPENPSY,A3RIXSMCG9L0F1
B00PCPLA1Q,A3RIXSMCG9L0F1
B00BKYW0AI,A3RIXSMCG9L0F1
B00B3Z4TE4,A3RIXSMCG9L0F1
B0CDFWLFG4,A3RIXSMCG9L0F1
B01M4QD6LD,A3RIXSMCG9L0F1
B0BB2X9ZRF,A3RIXSMCG9L0F1
B0CLG384RY,A3RIXSMCG9L0F1
B0DNYJRSWY,A3RIXSMCG9L0F1
B0DK4KB1HJ,A3RIXSMCG9L0F1
B0CXT6T55S,A3RIXSMCG9L0F1
B0DHCDVVLC,A3RIXSMCG9L0F1
B0CBJH59H3,A3RIXSMCG9L0F1
B07HNNQJWW,A3RIXSMCG9L0F1
B0978S6391,A3RIXSMCG9L0F1
B0C8H95P71,A3RIXSMCG9L0F1
B07RWRGB78,A3RIXSMCG9L0F1
B07R14MZZZ,A3RIXSMCG9L0F1
B06X9CBP1Y,A3RIXSMCG9L0F1
B0C1WJMGL7,A3RIXSMCG9L0F1
B0BTPKQ914,A3RIXSMCG9L0F1
B0BNL1FHK2,A3RIXSMCG9L0F1
B0B28VPXYR,A3RIXSMCG9L0F1
B09Z2325CZ,A3RIXSMCG9L0F1
B09TP7PZ5D,A3RIXSMCG9L0F1
B0967Q1M74,A3RIXSMCG9L0F1
B08TLKFBSB,A3RIXSMCG9L0F1
B08L79T439,A3RIXSMCG9L0F1
B071ZYR6DY,A3RIXSMCG9L0F1
B0F133B4LP,A3RIXSMCG9L0F1
B0F12VT7HZ,A3RIXSMCG9L0F1
B0DW3YSKNR,A3RIXSMCG9L0F1
B0DTP79Q92,A3RIXSMCG9L0F1
B0DTH7TBZP,A3RIXSMCG9L0F1
B0DT5R5BHF,A3RIXSMCG9L0F1
B0DSPK36HX,A3RIXSMCG9L0F1
B0D7HSFNFJ,A3RIXSMCG9L0F1
B0D7CDKWN2,A3RIXSMCG9L0F1
B0D6VFD9D9,A3RIXSMCG9L0F1
B0D6RFW7S6,A3RIXSMCG9L0F1
B0D5CTMJLM,A3RIXSMCG9L0F1
B0D5B8VV9S,A3RIXSMCG9L0F1
B0D3V4TWCM,A3RIXSMCG9L0F1
B0D3TG17G2,A3RIXSMCG9L0F1
B0D3QJ8G7W,A3RIXSMCG9L0F1
B0D3L4CGYK,A3RIXSMCG9L0F1
B0D2W97WBH,A3RIXSMCG9L0F1
B0D2VPX2ZX,A3RIXSMCG9L0F1
B0D2LRSB87,A3RIXSMCG9L0F1
B0D2CKTDY1,A3RIXSMCG9L0F1
B0D142K33Y,A3RIXSMCG9L0F1
B0CYZ4QT2X,A3RIXSMCG9L0F1
B0DSJSM576,A3RIXSMCG9L0F1
B0DSDB1R33,A3RIXSMCG9L0F1
B0DRVKNJWT,A3RIXSMCG9L0F1
B0DQWSX17J,A3RIXSMCG9L0F1
B0DPYRJY2V,A3RIXSMCG9L0F1
B0DN6C152D,A3RIXSMCG9L0F1
B0DMRMX5PX,A3RIXSMCG9L0F1
B0DHZ2G1NS,A3RIXSMCG9L0F1
B0DDPBPVLC,A3RIXSMCG9L0F1
B0DDCHW1GB,A3RIXSMCG9L0F1
B0DCV79YHG,A3RIXSMCG9L0F1
B0DCJKNG97,A3RIXSMCG9L0F1
B0DBQ8KQXY,A3RIXSMCG9L0F1
B0D985WWV8,A3RIXSMCG9L0F1
B0D93XFWW7,A3RIXSMCG9L0F1
B0D7Q6X38D,A3RIXSMCG9L0F1
B0CQL358VB,A3RIXSMCG9L0F1
B0CNVYTQ93,A3RIXSMCG9L0F1
B0CNT29Y96,A3RIXSMCG9L0F1
B0CNPV6RY5,A3RIXSMCG9L0F1
B0CN6PWS4G,A3RIXSMCG9L0F1
B0CM3K856N,A3RIXSMCG9L0F1
B0CLLF6FK1,A3RIXSMCG9L0F1
B0CKVDBX17,A3RIXSMCG9L0F1
B0CKVD1NMW,A3RIXSMCG9L0F1
B0CJY5W7MV,A3RIXSMCG9L0F1
B0CJRG226Q,A3RIXSMCG9L0F1
B0CJ4RJ3MD,A3RIXSMCG9L0F1
B0CHVXBPCQ,A3RIXSMCG9L0F1
B0CHK4FJSW,A3RIXSMCG9L0F1
B0CG5DZLR7,A3RIXSMCG9L0F1
B0CFTDQTMF,A3RIXSMCG9L0F1
B0CD7DB73V,A3RIXSMCG9L0F1
B0CBPJQZ5Q,A3RIXSMCG9L0F1
B0CBPHSY62,A3RIXSMCG9L0F1
B0CBLQ3MHT,A3RIXSMCG9L0F1
B0CBJHS7NQ,A3RIXSMCG9L0F1
B0C9C2FM42,A3RIXSMCG9L0F1
B0C8H7XM44,A3RIXSMCG9L0F1
B0C7QWN6NF,A3RIXSMCG9L0F1
B0C5WS3N9R,A3RIXSMCG9L0F1
B0C3QLDW5B,A3RIXSMCG9L0F1
B0C157KVFX,A3RIXSMCG9L0F1
B0C155VKSN,A3RIXSMCG9L0F1
B0BV6WBTGS,A3RIXSMCG9L0F1
B0BV6FFH7F,A3RIXSMCG9L0F1
B0BRNTMM7L,A3RIXSMCG9L0F1
B0BQW3JT7D,A3RIXSMCG9L0F1
B0CYLXCD2S,A3RIXSMCG9L0F1
B0CY4DWR3W,A3RIXSMCG9L0F1
B0CY1XTL8Q,A3RIXSMCG9L0F1
B0CXJ9XV37,A3RIXSMCG9L0F1
B0CX87X6P7,A3RIXSMCG9L0F1
B0CWQ315YB,A3RIXSMCG9L0F1
B0CWNKSY75,A3RIXSMCG9L0F1
B0CWN9888C,A3RIXSMCG9L0F1
B0CW9T6D1D,A3RIXSMCG9L0F1
B0CTBRBSBJ,A3RIXSMCG9L0F1
B0CT3G496J,A3RIXSMCG9L0F1
B0CSVK9W72,A3RIXSMCG9L0F1
B0CRZ68VC9,A3RIXSMCG9L0F1
B0CRDZFTLK,A3RIXSMCG9L0F1
B0CRB2R968,A3RIXSMCG9L0F1
B0CR192MKC,A3RIXSMCG9L0F1
B0BQ673JHX,A3RIXSMCG9L0F1
B0BQ2YY8F4,A3RIXSMCG9L0F1
B0BNVWQX49,A3RIXSMCG9L0F1
B0BNN67SQ8,A3RIXSMCG9L0F1
B0BLZBF8BZ,A3RIXSMCG9L0F1
B0BLS6P2QZ,A3RIXSMCG9L0F1
B0BG21WGGB,A3RIXSMCG9L0F1
B0BCJS5CR4,A3RIXSMCG9L0F1
B0B8VR36CZ,A3RIXSMCG9L0F1
B0B8V23F7C,A3RIXSMCG9L0F1
B0B8QDTS7R,A3RIXSMCG9L0F1
B0B6VCWWCQ,A3RIXSMCG9L0F1
B0B6J4Q8KS,A3RIXSMCG9L0F1
B0B2RP1CTR,A3RIXSMCG9L0F1
B09ZSRH5WP,A3RIXSMCG9L0F1
B09Y8HMZ22,A3RIXSMCG9L0F1
B09XMNPZYF,A3RIXSMCG9L0F1
B09XJLLTHG,A3RIXSMCG9L0F1
B09XBKSW7P,A3RIXSMCG9L0F1
B09X6159CZ,A3RIXSMCG9L0F1
B09X2W9DXT,A3RIXSMCG9L0F1
B09WMMGMDH,A3RIXSMCG9L0F1
B09W2S23TT,A3RIXSMCG9L0F1
B09SGZ2YDX,A3RIXSMCG9L0F1
B09S9RHG8M,A3RIXSMCG9L0F1
B09Q5YMS47,A3RIXSMCG9L0F1
B09PZBDYL5,A3RIXSMCG9L0F1
B09PR58BLW,A3RIXSMCG9L0F1
B09PFY7BTS,A3RIXSMCG9L0F1
B09NN46FMR,A3RIXSMCG9L0F1
B09NK9ZJVL,A3RIXSMCG9L0F1
B09LQY2G1J,A3RIXSMCG9L0F1
B09LQBZRSY,A3RIXSMCG9L0F1
B09KLH6VP4,A3RIXSMCG9L0F1
B09JC42Y7F,A3RIXSMCG9L0F1
B09FFQDHVF,A3RIXSMCG9L0F1
B097YR5YYH,A3RIXSMCG9L0F1
B095YJR75W,A3RIXSMCG9L0F1
B094HYKHKY,A3RIXSMCG9L0F1
B09472JM3F,A3RIXSMCG9L0F1
B093VX2JRD,A3RIXSMCG9L0F1
B091SLYY82,A3RIXSMCG9L0F1
B08ZXN4N36,A3RIXSMCG9L0F1
B08ZMYHV9T,A3RIXSMCG9L0F1
B08WKLTXKH,A3RIXSMCG9L0F1
B08WDZ7DJX,A3RIXSMCG9L0F1
B08T5TBN7F,A3RIXSMCG9L0F1
B08SBY1Q8X,A3RIXSMCG9L0F1
B08R5CHHFH,A3RIXSMCG9L0F1
B08QDJCRPW,A3RIXSMCG9L0F1
B08J1D4LLB,A3RIXSMCG9L0F1
B08DHXNGTB,A3RIXSMCG9L0F1
B0895HDYLK,A3RIXSMCG9L0F1
B0895FXVS4,A3RIXSMCG9L0F1
B084GBB5L8,A3RIXSMCG9L0F1
B0823QZNKC,A3RIXSMCG9L0F1
B07ZPGQ35S,A3RIXSMCG9L0F1
B07Z586WJL,A3RIXSMCG9L0F1
B07WRT8JQ5,A3RIXSMCG9L0F1
B07WMMXG3X,A3RIXSMCG9L0F1
B07VFKNZFG,A3RIXSMCG9L0F1
B07VFBPCTQ,A3RIXSMCG9L0F1
B07SQGL9JH,A3RIXSMCG9L0F1
B07RWC4535,A3RIXSMCG9L0F1
B01KOVD6ZK,A3RIXSMCG9L0F1
B01GIKQESC,A3RIXSMCG9L0F1
B01ECBOP0I,A3RIXSMCG9L0F1
B01DBKYYNE,A3RIXSMCG9L0F1
B01D9WMLYI,A3RIXSMCG9L0F1
B01D9WM2X8,A3RIXSMCG9L0F1
B01D9T473E,A3RIXSMCG9L0F1
B01D3BPVBK,A3RIXSMCG9L0F1
B018D5DNAW,A3RIXSMCG9L0F1
B00LM5B54W,A3RIXSMCG9L0F1
B00JZBEIQM,A3RIXSMCG9L0F1
B00EUJK8PO,A3RIXSMCG9L0F1
B008CIXSME,A3RIXSMCG9L0F1
B007KPY6RQ,A3RIXSMCG9L0F1
B0077QII0Y,A3RIXSMCG9L0F1
B005C6GZXS,A3RIXSMCG9L0F1
B07RGGLJ8Y,A3RIXSMCG9L0F1
B07RF95Z4N,A3RIXSMCG9L0F1
B07RD2BXKG,A3RIXSMCG9L0F1
B07NNRMZZQ,A3RIXSMCG9L0F1
B07FW7HL7T,A3RIXSMCG9L0F1
B07FS7P8YL,A3RIXSMCG9L0F1
B07FN7CQ1R,A3RIXSMCG9L0F1
B07DK3MFY8,A3RIXSMCG9L0F1
B07B1RHMSP,A3RIXSMCG9L0F1
B0792L4Q67,A3RIXSMCG9L0F1
B07889L6XY,A3RIXSMCG9L0F1
B076QH4P46,A3RIXSMCG9L0F1
B075H7TNB2,A3RIXSMCG9L0F1
B06XD87QFZ,A3RIXSMCG9L0F1
B01N269ZAF,A3RIXSMCG9L0F1
B01MRCSXNF,A3RIXSMCG9L0F1
B00468U4T4,A3RIXSMCG9L0F1
B002YKKNWY,A3RIXSMCG9L0F1
B09WQMHHH6,A3RIXSMCG9L0F1
B08WH8KPGQ,A3RIXSMCG9L0F1
B00AAJIOYU,A3RIXSMCG9L0F1
B0DK4BMQ4T,A3RIXSMCG9L0F1
B09W9GJTHG,A3RIXSMCG9L0F1
B0D8MYXYJF,A3RIXSMCG9L0F1
B00QYO7T9G,A3RIXSMCG9L0F1
B0CZ6MP2CW,A3RIXSMCG9L0F1
B0D671VVMK,A3RIXSMCG9L0F1
B097SRVYPK,A3RIXSMCG9L0F1
B0D529J1KG,A3RIXSMCG9L0F1
B075YQYV5W,A3RIXSMCG9L0F1
B07LGYLKKG,A3RIXSMCG9L0F1
B0BRKDLCFH,A3RIXSMCG9L0F1
B0CCS1RMTB,A3RIXSMCG9L0F1
B09Z73TVXJ,A3RIXSMCG9L0F1
B0BZQ995PD,A3RIXSMCG9L0F1
B0CLLJN5BG,A3RIXSMCG9L0F1
B08DTNDJT4,A3RIXSMCG9L0F1
B0CB471YSQ,A3RIXSMCG9L0F1
B09ZF4645Y,A3RIXSMCG9L0F1
B072JTJD99,A3RIXSMCG9L0F1
B07YKP6Q8R,A3RIXSMCG9L0F1
B0765F76SK,A3RIXSMCG9L0F1
B0765DNSSW,A3RIXSMCG9L0F1
B07CPW4BVX,A3RIXSMCG9L0F1
B0D7HRJZ86,A3RIXSMCG9L0F1
B0D9Y1S2LS,A3RIXSMCG9L0F1
B0CJTS96S1,A3RIXSMCG9L0F1
B08L5WD4X2,A3RIXSMCG9L0F1
B0DM1N4K16,A3RIXSMCG9L0F1
B0D9QD44XG,A3RIXSMCG9L0F1
B0CCY3TNSW,A3RIXSMCG9L0F1
B0CB385XPR,A3RIXSMCG9L0F1
B0C4C72BRG,A3RIXSMCG9L0F1
B0CD18HH8M,A3RIXSMCG9L0F1
B0BPFPXTLL,A3RIXSMCG9L0F1
B0CFDLWM4C,A3RIXSMCG9L0F1
B0BLWGS5G1,A3RIXSMCG9L0F1
B0DRTYQ5X7,A3RIXSMCG9L0F1
B092FHB61D,A3RIXSMCG9L0F1
B0C392SW5F,A3RIXSMCG9L0F1
B07N3Y57RR,A3RIXSMCG9L0F1
B0C784VZV4,A3RIXSMCG9L0F1
B0BRKJPQRM,A3RIXSMCG9L0F1
B0BSGV11YX,A3RIXSMCG9L0F1
B0B4S6RS9N,A3RIXSMCG9L0F1
B083VYK6L9,A3RIXSMCG9L0F1
B08YNHS2VV,A3RIXSMCG9L0F1
B0C48HTK8F,A3RIXSMCG9L0F1
B09T6S3KD1,A3RIXSMCG9L0F1
B09C686RC6,A3RIXSMCG9L0F1
B09QHXGZP5,A3RIXSMCG9L0F1
B097Y5BFYV,A3RIXSMCG9L0F1
B0DHYN9SNL,A3RIXSMCG9L0F1
B096DVK746,A3RIXSMCG9L0F1
B01MY2RYRZ,A3RIXSMCG9L0F1
B08TMW1GF6,A3RIXSMCG9L0F1
B00ESU7PLU,A3RIXSMCG9L0F1
B08CS28KLM,A3RIXSMCG9L0F1
B0BJVQYZ5L,A3RIXSMCG9L0F1
B07GP5B1D2,A3RIXSMCG9L0F1
B07LDSCBY1,A3RIXSMCG9L0F1
B01IT1RHE8,A3RIXSMCG9L0F1
B076N8NVSG,A3RIXSMCG9L0F1
B008X72WDK,A3RIXSMCG9L0F1
B0BVD586B3,A3RIXSMCG9L0F1
B08KDGQ728,A3RIXSMCG9L0F1
B0DH2C81FY,A3RIXSMCG9L0F1
B0BN4PQS7W,A3RIXSMCG9L0F1
B09WHJ5F21,A3RIXSMCG9L0F1
B09TW3NS4Z,A3RIXSMCG9L0F1
B09SLKFQ5R,A3RIXSMCG9L0F1
B0969GWKP7,A3RIXSMCG9L0F1
B0895J9F99,A3RIXSMCG9L0F1
B07XGJHGZV,A3RIXSMCG9L0F1
B01N34LNGN,A3RIXSMCG9L0F1
B00YBF98F8,A3RIXSMCG9L0F1
B00KZM1UFW,A3RIXSMCG9L0F1
B0DXKPLX91,A3RIXSMCG9L0F1
B0DTPYTXMJ,A3RIXSMCG9L0F1
B0DS1SR8B4,A3RIXSMCG9L0F1
B0DRJJW5LS,A3RIXSMCG9L0F1
B0DQF6NHVS,A3RIXSMCG9L0F1
B0DQF5BCJW,A3RIXSMCG9L0F1
B0DMT2J5YK,A3RIXSMCG9L0F1
B0DLWP9HJ7,A3RIXSMCG9L0F1
B0DJQQGL66,A3RIXSMCG9L0F1
B0DGCV1HQD,A3RIXSMCG9L0F1
B0DCJT9WHB,A3RIXSMCG9L0F1
B0DCJ6S2VN,A3RIXSMCG9L0F1
B0DC6165FK,A3RIXSMCG9L0F1
B0DBV7ZXKH,A3RIXSMCG9L0F1
B0D9XGL2B6,A3RIXSMCG9L0F1
B0D9VKPPSS,A3RIXSMCG9L0F1
B0D9HV26KX,A3RIXSMCG9L0F1
B0CHRJ9L9R,A3RIXSMCG9L0F1
B0CGZT52BB,A3RIXSMCG9L0F1
B0CGH9SSBH,A3RIXSMCG9L0F1
B0CD7XXS7V,A3RIXSMCG9L0F1
B0CD3QRL2Q,A3RIXSMCG9L0F1
B0CCVQRW48,A3RIXSMCG9L0F1
B0CBVJGSFM,A3RIXSMCG9L0F1
B0C629KX3X,A3RIXSMCG9L0F1
B0C5D7GVPH,A3RIXSMCG9L0F1
B0C4TT2QXG,A3RIXSMCG9L0F1
B0C4KLNZ39,A3RIXSMCG9L0F1
B0C3ZJBVPH,A3RIXSMCG9L0F1
B0BZYHVMS1,A3RIXSMCG9L0F1
B0BZPDXPBY,A3RIXSMCG9L0F1
B0BZBHPH4W,A3RIXSMCG9L0F1
B0BXVB6LNV,A3RIXSMCG9L0F1
B0BXL21R7P,A3RIXSMCG9L0F1
B0BWYG86KF,A3RIXSMCG9L0F1
B0BWPQLDYJ,A3RIXSMCG9L0F1
B0BNQ6K3GH,A3RIXSMCG9L0F1
B0BNKG1422,A3RIXSMCG9L0F1
B0BN7NMGFZ,A3RIXSMCG9L0F1
B0BN1X4BLW,A3RIXSMCG9L0F1
B0BLH9NZJG,A3RIXSMCG9L0F1
B0BJ6SDGHV,A3RIXSMCG9L0F1
B0BFF5J6NK,A3RIXSMCG9L0F1
B0BBLX824F,A3RIXSMCG9L0F1
B0BB64TVLD,A3RIXSMCG9L0F1
B0B91928S7,A3RIXSMCG9L0F1
B0B7MN3MHT,A3RIXSMCG9L0F1
B0B5XCLDMF,A3RIXSMCG9L0F1
B0B5TNBWQG,A3RIXSMCG9L0F1
B09KY37C5H,A3RIXSMCG9L0F1
B09KXVQZNL,A3RIXSMCG9L0F1
B09DYB4FZ4,A3RIXSMCG9L0F1
B09D9957P9,A3RIXSMCG9L0F1
B09CPRQXKS,A3RIXSMCG9L0F1
B09B9MMVTL,A3RIXSMCG9L0F1
B0999DS7LZ,A3RIXSMCG9L0F1
B098PJ14Z3,A3RIXSMCG9L0F1
B096CJ7RM5,A3RIXSMCG9L0F1
B095T119X5,A3RIXSMCG9L0F1
B095LG4TWB,A3RIXSMCG9L0F1
B09263H69H,A3RIXSMCG9L0F1
B08VWZ4XB7,A3RIXSMCG9L0F1
B08NWR44SP,A3RIXSMCG9L0F1
B08MQD5Q8V,A3RIXSMCG9L0F1
B08FMNS665,A3RIXSMCG9L0F1
B01D3BVF88,A3RIXSMCG9L0F1
B00N9RAUL0,A3RIXSMCG9L0F1
B0D6V8NG16,A3RIXSMCG9L0F1
B0D459R591,A3RIXSMCG9L0F1
B0D3ZJV3TY,A3RIXSMCG9L0F1
B0D3D2DKTM,A3RIXSMCG9L0F1
B0D2TN5VWF,A3RIXSMCG9L0F1
B0D297167R,A3RIXSMCG9L0F1
B0D1K8C3QG,A3RIXSMCG9L0F1
B0D1FXXJ6V,A3RIXSMCG9L0F1
B0CZPGTS2Y,A3RIXSMCG9L0F1
B0CZ9LP67V,A3RIXSMCG9L0F1
B0CYYFK7FD,A3RIXSMCG9L0F1
B0CY854L4Z,A3RIXSMCG9L0F1
B0CXPJX5ZX,A3RIXSMCG9L0F1
B0CR9RZRSW,A3RIXSMCG9L0F1
B0CJ2XJ3N2,A3RIXSMCG9L0F1
B0CJ2JDJMR,A3RIXSMCG9L0F1
B0D5HQLWNV,A3RIXSMCG9L0F1
B09J896ZR7,A3RIXSMCG9L0F1
B09QRQYBVF,A3RIXSMCG9L0F1
B0BZ9317F1,A3RIXSMCG9L0F1
B01AX2RKES,A3RIXSMCG9L0F1
B09M6ZDQSR,A3RIXSMCG9L0F1
B087N3B4MB,A3RIXSMCG9L0F1
B083BQ3Z5Y,A3RIXSMCG9L0F1
B07WZDY3TD,A3RIXSMCG9L0F1
B07T1G1NH5,A3RIXSMCG9L0F1
B07RX64C2J,A3RIXSMCG9L0F1
B07R4X21X5,A3RIXSMCG9L0F1
B07R38H823,A3RIXSMCG9L0F1
B07MDXCMM8,A3RIXSMCG9L0F1
B07GY26ZS8,A3RIXSMCG9L0F1
B07G9SLQ2F,A3RIXSMCG9L0F1
B07D5V4JK5,A3RIXSMCG9L0F1
B07CYT5MW3,A3RIXSMCG9L0F1
B07BM2XBLS,A3RIXSMCG9L0F1
B078X3PVRK,A3RIXSMCG9L0F1
B0753RQ5WF,A3RIXSMCG9L0F1
B06X18V1W1,A3RIXSMCG9L0F1
B01N692XR0,A3RIXSMCG9L0F1
B0B3M8Z197,A3RIXSMCG9L0F1
B0B1ZVWKM8,A3RIXSMCG9L0F1
B0B12DX3XW,A3RIXSMCG9L0F1
B09YLFR17D,A3RIXSMCG9L0F1
B09XKG192R,A3RIXSMCG9L0F1
B09WCSYSHY,A3RIXSMCG9L0F1
B09W44KL5P,A3RIXSMCG9L0F1
B09TK3CJZP,A3RIXSMCG9L0F1
B09T9DMCPJ,A3RIXSMCG9L0F1
B09SXWSS31,A3RIXSMCG9L0F1
B09RWLL124,A3RIXSMCG9L0F1
B09Q6J923S,A3RIXSMCG9L0F1
B09NVQP98S,A3RIXSMCG9L0F1
B09MS2QB5S,A3RIXSMCG9L0F1
B09MKTHSWR,A3RIXSMCG9L0F1
B09LTYP7SQ,A3RIXSMCG9L0F1
B07FFN4H9G,A3RIXSMCG9L0F1
B09H6TJMFL,A3RIXSMCG9L0F1
B0CWXXSCXH,A3RIXSMCG9L0F1
B0B58GJMZ8,A3RIXSMCG9L0F1
B0B648996S,A3RIXSMCG9L0F1
B0B978G3V1,A3RIXSMCG9L0F1
B07CXLY3QK,A3RIXSMCG9L0F1
B01M0QJTBD,A3RIXSMCG9L0F1
B09VGDLH8W,A3RIXSMCG9L0F1
B0B2DL9QQK,A3RIXSMCG9L0F1
B0DK8V6N5J,A3RIXSMCG9L0F1
B087D12VJJ,A3RIXSMCG9L0F1
B096S42FY4,A3RIXSMCG9L0F1
B0BXP3XM1G,A3RIXSMCG9L0F1
B0DFQ4BGGQ,A3RIXSMCG9L0F1
B0B1PHCX77,A3RIXSMCG9L0F1
B095K8MYHN,A3RIXSMCG9L0F1
B0C7G7C2CT,A3RIXSMCG9L0F1
B0D8KCNFGV,A3RIXSMCG9L0F1
B0B9MGNV7V,A3RIXSMCG9L0F1
B07KXVV1LJ,A3RIXSMCG9L0F1
B0CTLYMXCM,A3RIXSMCG9L0F1
B09QRMPVNN,A3RIXSMCG9L0F1
B07C7N57P8,A3RIXSMCG9L0F1
B01CBFDJOK,A3RIXSMCG9L0F1
B0CKVZ5FBP,A3RIXSMCG9L0F1
B0949X4QFX,A3RIXSMCG9L0F1
B0D2XRQ1VK,A3RIXSMCG9L0F1
B0CGZV6MB5,A3RIXSMCG9L0F1
B07X482MM1,A3RIXSMCG9L0F1
B0CR3L4J34,A3RIXSMCG9L0F1
B0BWYBGXKQ,A3RIXSMCG9L0F1
B0CW1RWCP3,A3RIXSMCG9L0F1
B0CJ83FBD9,A3RIXSMCG9L0F1
B0DLKQZPGN,A3RIXSMCG9L0F1
B0DNQF4T6K,A3RIXSMCG9L0F1
B07FMM751R,A3RIXSMCG9L0F1
B01ET9ZLG0,A3RIXSMCG9L0F1
B0CQX598TQ,A3RIXSMCG9L0F1
B079T8LWVF,A3RIXSMCG9L0F1
B0CCYCFZDM,A3RIXSMCG9L0F1
B0B5X98ZSG,A3RIXSMCG9L0F1
B00EE1CS24,A3RIXSMCG9L0F1
B0D8H1NZ1T,A3RIXSMCG9L0F1
B01D9T4E2I,A3RIXSMCG9L0F1
B0DTSZXNTB,A3RIXSMCG9L0F1
B0DP6QZ59Z,A3RIXSMCG9L0F1
B0DN184HSG,A3RIXSMCG9L0F1
B0DMSV66G7,A3RIXSMCG9L0F1
B0DM4WLVWC,A3RIXSMCG9L0F1
B0DHV722GC,A3RIXSMCG9L0F1
B0DHRYCMM9,A3RIXSMCG9L0F1
B0DGXZLGDF,A3RIXSMCG9L0F1
B0DFY2J7P9,A3RIXSMCG9L0F1
B0DFJ3TPN1,A3RIXSMCG9L0F1
B0DDKNYL7M,A3RIXSMCG9L0F1
B0DBY73BLB,A3RIXSMCG9L0F1
B0DB218LW5,A3RIXSMCG9L0F1
B0D9VZ5JVQ,A3RIXSMCG9L0F1
B0D91XGZRW,A3RIXSMCG9L0F1
B0D8BD2P64,A3RIXSMCG9L0F1
B0D83K3YX8,A3RIXSMCG9L0F1
B0D83FK1NX,A3RIXSMCG9L0F1
B0D7JV892M,A3RIXSMCG9L0F1
B0D79CC41N,A3RIXSMCG9L0F1
B0D4V6NRRH,A3RIXSMCG9L0F1
B0D4TKQDLL,A3RIXSMCG9L0F1
B0D3LQSSFG,A3RIXSMCG9L0F1
B0D3CYQLF2,A3RIXSMCG9L0F1
B0D22TMKBW,A3RIXSMCG9L0F1
B0D1X85JGH,A3RIXSMCG9L0F1
B0D1P4T8RR,A3RIXSMCG9L0F1
B0D1GDTKMD,A3RIXSMCG9L0F1
B0D12L55K4,A3RIXSMCG9L0F1
B0CYKQWYJH,A3RIXSMCG9L0F1
B0CYKBK4PS,A3RIXSMCG9L0F1
B0CYH1N7BY,A3RIXSMCG9L0F1
B0CY2JH12J,A3RIXSMCG9L0F1
B0CXMWZRK5,A3RIXSMCG9L0F1
B0CXHMKWGB,A3RIXSMCG9L0F1
B0CX5LDQK9,A3RIXSMCG9L0F1
B0CX1SFLT1,A3RIXSMCG9L0F1
B0CWRHGVWN,A3RIXSMCG9L0F1
B0CWLJJR8H,A3RIXSMCG9L0F1
B0CW9H388P,A3RIXSMCG9L0F1
B0CW4L1KTM,A3RIXSMCG9L0F1
B0CTKRFVYK,A3RIXSMCG9L0F1
B0CTKKM2XS,A3RIXSMCG9L0F1
B0CTCQVWM9,A3RIXSMCG9L0F1
B0CT3YMX1B,A3RIXSMCG9L0F1
B0CSWQ7TJB,A3RIXSMCG9L0F1
B0CSSQNBDC,A3RIXSMCG9L0F1
B0CSNZQ13L,A3RIXSMCG9L0F1
B0CSKF23WN,A3RIXSMCG9L0F1
B0CSC5RL7N,A3RIXSMCG9L0F1
B0CRZD2YWP,A3RIXSMCG9L0F1
B0CRNKB934,A3RIXSMCG9L0F1
B0CRDFX5PF,A3RIXSMCG9L0F1
B0CRB4NG4P,A3RIXSMCG9L0F1
B0CR2XTXQ9,A3RIXSMCG9L0F1
B0CQT2FN8S,A3RIXSMCG9L0F1
B0CQM7YTYY,A3RIXSMCG9L0F1
B0CQL44P5X,A3RIXSMCG9L0F1
B0CQJBB6V3,A3RIXSMCG9L0F1
B0CQCB8772,A3RIXSMCG9L0F1
B0CGRPC2DH,A3RIXSMCG9L0F1
B0CGF2PPZB,A3RIXSMCG9L0F1
B0CG6FR9MC,A3RIXSMCG9L0F1
B0CFGJ473R,A3RIXSMCG9L0F1
B0CBT13T1Q,A3RIXSMCG9L0F1
B0CBK7QZMP,A3RIXSMCG9L0F1
B0CB86HNB4,A3RIXSMCG9L0F1
B0CB3BMZTD,A3RIXSMCG9L0F1
B0CB1KZPMW,A3RIXSMCG9L0F1
B0C9ZS1DRD,A3RIXSMCG9L0F1
B0C9MSYGHY,A3RIXSMCG9L0F1
B0C8GFLZ4W,A3RIXSMCG9L0F1
B0C89T49SW,A3RIXSMCG9L0F1
B0C7Y3MR9Q,A3RIXSMCG9L0F1
B0C6SVSRB9,A3RIXSMCG9L0F1
B0C6Q18TLK,A3RIXSMCG9L0F1
B0CQBYJMV3,A3RIXSMCG9L0F1
B0CPSBMFT6,A3RIXSMCG9L0F1
B0CP941TML,A3RIXSMCG9L0F1
B0CP8S85Z6,A3RIXSMCG9L0F1
B0CN6LKPYD,A3RIXSMCG9L0F1
B0CMCSRXGQ,A3RIXSMCG9L0F1
B0CLH63WDN,A3RIXSMCG9L0F1
B0CKVW9RCR,A3RIXSMCG9L0F1
B0CJYF5B61,A3RIXSMCG9L0F1
B0CJ8NVJGY,A3RIXSMCG9L0F1
B0CJ2WRQ1F,A3RIXSMCG9L0F1
B0CJ2BQ3F6,A3RIXSMCG9L0F1
B0CHVYBP6D,A3RIXSMCG9L0F1
B0CHKLF381,A3RIXSMCG9L0F1
B0CH8DN6W7,A3RIXSMCG9L0F1
B0CH3BNQBH,A3RIXSMCG9L0F1
B0C65B6PJN,A3RIXSMCG9L0F1
B0C4LDMQNH,A3RIXSMCG9L0F1
B0C3MJ7BPF,A3RIXSMCG9L0F1
B0C3J6XWPX,A3RIXSMCG9L0F1
B0C2CLBLDB,A3RIXSMCG9L0F1
B0C1S3LQPD,A3RIXSMCG9L0F1
B0BZ7D39XM,A3RIXSMCG9L0F1
B0BWF5VDRW,A3RIXSMCG9L0F1
B0BW9WWMQN,A3RIXSMCG9L0F1
B0BVBJPHXM,A3RIXSMCG9L0F1
B0BV2RC2G1,A3RIXSMCG9L0F1
B0BS9P7ZPQ,A3RIXSMCG9L0F1
B0BRZX2VSC,A3RIXSMCG9L0F1
B0BRZWN6G4,A3RIXSMCG9L0F1
B0BP7CKY73,A3RIXSMCG9L0F1
B0BN55KTKV,A3RIXSMCG9L0F1
B0BN2ZQB33,A3RIXSMCG9L0F1
B0BMKL23C7,A3RIXSMCG9L0F1
B0BM9KMC2X,A3RIXSMCG9L0F1
B0BM7J2GJV,A3RIXSMCG9L0F1
B0BLC3X1PJ,A3RIXSMCG9L0F1
B0BL63VVMD,A3RIXSMCG9L0F1
B0BKPT7ZYM,A3RIXSMCG9L0F1
B0BJTNPPZD,A3RIXSMCG9L0F1
B0B942JLNQ,A3RIXSMCG9L0F1
B0B7B6Z6T9,A3RIXSMCG9L0F1
B0B4VMG4QS,A3RIXSMCG9L0F1
B0B3T9PRR7,A3RIXSMCG9L0F1
B0B2RNK5YP,A3RIXSMCG9L0F1
B0B2RMVP4R,A3RIXSMCG9L0F1
B0B1WGYJM4,A3RIXSMCG9L0F1
B0B1MBGJRB,A3RIXSMCG9L0F1
B09YMBWKQ6,A3RIXSMCG9L0F1
B09Y91P94Q,A3RIXSMCG9L0F1
B09XV81THQ,A3RIXSMCG9L0F1
B09XMQF535,A3RIXSMCG9L0F1
B09XBKPCVB,A3RIXSMCG9L0F1
B09VXH62LH,A3RIXSMCG9L0F1
B09SCKH15T,A3RIXSMCG9L0F1
B09QSR8KMD,A3RIXSMCG9L0F1
B09PQB8NNZ,A3RIXSMCG9L0F1
B09KXD7BBV,A3RIXSMCG9L0F1
B09KQMZFNJ,A3RIXSMCG9L0F1
B09G9FMXKG,A3RIXSMCG9L0F1
B09FPM9RG7,A3RIXSMCG9L0F1
B09BKM7H7D,A3RIXSMCG9L0F1
B08W5BJ1VF,A3RIXSMCG9L0F1
B08K2KD8QT,A3RIXSMCG9L0F1
B00IJ12ZWS,A3RIXSMCG9L0F1
B0039235B2,A3RIXSMCG9L0F1
B08HQZT6H8,A3RIXSMCG9L0F1
B08G78JDG5,A3RIXSMCG9L0F1
B08DG61MD4,A3RIXSMCG9L0F1
B08C2KJ1BL,A3RIXSMCG9L0F1
B087FNYS9J,A3RIXSMCG9L0F1
B0844PGCHM,A3RIXSMCG9L0F1
B0832Y5LT1,A3RIXSMCG9L0F1
B082MW536K,A3RIXSMCG9L0F1
B07XF5J6VJ,A3RIXSMCG9L0F1
B07VXBSLF2,A3RIXSMCG9L0F1
B07SPBC2RQ,A3RIXSMCG9L0F1
B07S9BLCX7,A3RIXSMCG9L0F1
B07QTH1L5P,A3RIXSMCG9L0F1
B07Q7Z9F2N,A3RIXSMCG9L0F1
B07FR2J5WF,A3RIXSMCG9L0F1
B07D3QLST9,A3RIXSMCG9L0F1
B07BWK44DQ,A3RIXSMCG9L0F1
B075SWFM4X,A3RIXSMCG9L0F1
B075JPT4BK,A3RIXSMCG9L0F1
B073GCBDZR,A3RIXSMCG9L0F1
B072SSQM7Y,A3RIXSMCG9L0F1
B072HPY78R,A3RIXSMCG9L0F1
B01JIHYN6C,A3RIXSMCG9L0F1
B01D9WU6XQ,A3RIXSMCG9L0F1
B01D9WN9IK,A3RIXSMCG9L0F1
B01D9WN9C6,A3RIXSMCG9L0F1
B01D9T4TIM,A3RIXSMCG9L0F1
B01D96OUVQ,A3RIXSMCG9L0F1
B01D3BG5C4,A3RIXSMCG9L0F1
B01D37H3BU,A3RIXSMCG9L0F1
B01D275YJO,A3RIXSMCG9L0F1
B01D274FQW,A3RIXSMCG9L0F1
B0CKQ2YPPW,A3RIXSMCG9L0F1
B0CJY2Q3TK,A3RIXSMCG9L0F1
B0CJY22492,A3RIXSMCG9L0F1
B0CJ5FCDK5,A3RIXSMCG9L0F1
B0CJ2LZLJL,A3RIXSMCG9L0F1
B0CGNBW4PB,A3RIXSMCG9L0F1
B0CF52CFWR,A3RIXSMCG9L0F1
B0CBRTYXSH,A3RIXSMCG9L0F1
B0C9RV72P4,A3RIXSMCG9L0F1
B0C81FM4QV,A3RIXSMCG9L0F1
B0C73M1MG4,A3RIXSMCG9L0F1
B0C3TSN269,A3RIXSMCG9L0F1
B0C2HZ6N9L,A3RIXSMCG9L0F1
B0C156HTVM,A3RIXSMCG9L0F1
B0BZYKD784,A3RIXSMCG9L0F1
B0BZ44WNLK,A3RIXSMCG9L0F1
B0CWLC31RG,A3RIXSMCG9L0F1
B0CTNPMRQ3,A3RIXSMCG9L0F1
B0CTMQ894R,A3RIXSMCG9L0F1
B0CT3SHT49,A3RIXSMCG9L0F1
B0CSYVB8QS,A3RIXSMCG9L0F1
B0CS2R7YVV,A3RIXSMCG9L0F1
B0CRRHG31H,A3RIXSMCG9L0F1
B0CQNTGXJM,A3RIXSMCG9L0F1
B0CQ5257FG,A3RIXSMCG9L0F1
B0CPPLJVGT,A3RIXSMCG9L0F1
B0CNVDRPK5,A3RIXSMCG9L0F1
B0CN6Q3ZDK,A3RIXSMCG9L0F1
B0CN5Y952L,A3RIXSMCG9L0F1
B0CMT9JTRC,A3RIXSMCG9L0F1
B0CMC3BX9Z,A3RIXSMCG9L0F1
B0CLYC9CLB,A3RIXSMCG9L0F1
B0DNDZR671,A3RIXSMCG9L0F1
B0DLWKN8Y5,A3RIXSMCG9L0F1
B0DGFC4XPD,A3RIXSMCG9L0F1
B0DFW978MB,A3RIXSMCG9L0F1
B0DD37MRBV,A3RIXSMCG9L0F1
B0DCDYV9KT,A3RIXSMCG9L0F1
B0DC5JH1BV,A3RIXSMCG9L0F1
B0DB1YDTR4,A3RIXSMCG9L0F1
B0D93N1S55,A3RIXSMCG9L0F1
B0D7Q2D3PS,A3RIXSMCG9L0F1
B0D4R4VLBL,A3RIXSMCG9L0F1
B0D1R1N6VB,A3RIXSMCG9L0F1
B0D1MYT4S6,A3RIXSMCG9L0F1
B0CYL9DR17,A3RIXSMCG9L0F1
B0CXTLXWVC,A3RIXSMCG9L0F1
B0CXFZKS4X,A3RIXSMCG9L0F1
B08WBVYN2Y,A3RIXSMCG9L0F1
B0CKMX593B,A3RIXSMCG9L0F1
B08H8QH23V,A3RIXSMCG9L0F1
B0BF4SSJVS,A3RIXSMCG9L0F1
B004NG8EQO,A3RIXSMCG9L0F1
B0872JNQ6M,A3RIXSMCG9L0F1
B0DHXKCVV6,A3RIXSMCG9L0F1
B0B8GGX9VX,A3RIXSMCG9L0F1
B09WKN7477,A3RIXSMCG9L0F1
B09S9V8BLQ,A3RIXSMCG9L0F1
B0DSVDJWDR,A3RIXSMCG9L0F1
B0DSP9LY72,A3RIXSMCG9L0F1
B0DS63D4NW,A3RIXSMCG9L0F1
B0DRHXDL6L,A3RIXSMCG9L0F1
B0DRCHVDF8,A3RIXSMCG9L0F1
B0DR7YR1JM,A3RIXSMCG9L0F1
B0DL331V5Y,A3RIXSMCG9L0F1
B0D3CQYDPP,A3RIXSMCG9L0F1
B07F63X19S,A3RIXSMCG9L0F1
B09DF8WZMD,A3RIXSMCG9L0F1
B007IUP3NY,A3RIXSMCG9L0F1
B09YJ52WG7,A3RIXSMCG9L0F1
B08L45J36P,A3RIXSMCG9L0F1
B07612G71X,A3RIXSMCG9L0F1
B09FX4N8B8,A3RIXSMCG9L0F1
B07GT5NQTR,A3RIXSMCG9L0F1
B08689PQRF,A3RIXSMCG9L0F1
B09MC64F1X,A3RIXSMCG9L0F1
B07TS5HNWK,A3RIXSMCG9L0F1
B08LD9L7QK,A3RIXSMCG9L0F1
B07C8BQWLF,A3RIXSMCG9L0F1
B0153GYKFQ,A3RIXSMCG9L0F1
B0BWTHKFLC,A3RIXSMCG9L0F1
B0BWD3ZVJ7,A3RIXSMCG9L0F1
B0BVQ1D89K,A3RIXSMCG9L0F1
B0BQXDPSPX,A3RIXSMCG9L0F1
B0BPN12Q77,A3RIXSMCG9L0F1
B0BP6F17FX,A3RIXSMCG9L0F1
B0BH8G4MTV,A3RIXSMCG9L0F1
B0BGCLQP7H,A3RIXSMCG9L0F1
B0BFPKC4BV,A3RIXSMCG9L0F1
B0BDQS7CBH,A3RIXSMCG9L0F1
B0B922673J,A3RIXSMCG9L0F1
B0B8P8N3M5,A3RIXSMCG9L0F1
B0B49XCL2T,A3RIXSMCG9L0F1
B0B3199RH4,A3RIXSMCG9L0F1
B0B2WHN8ZS,A3RIXSMCG9L0F1
B0B2W5RWGY,A3RIXSMCG9L0F1
B07YJPJBN3,A3RIXSMCG9L0F1
B07ST9CPZV,A3RIXSMCG9L0F1
B07RGML8HW,A3RIXSMCG9L0F1
B07K8RNLJR,A3RIXSMCG9L0F1
B07HJ3DD7N,A3RIXSMCG9L0F1
B07HH59R32,A3RIXSMCG9L0F1
B07DG1YKTB,A3RIXSMCG9L0F1
B07D5H3T11,A3RIXSMCG9L0F1
B07BP8FV1D,A3RIXSMCG9L0F1
B01M7NP3XL,A3RIXSMCG9L0F1
B01I3H4N3Q,A3RIXSMCG9L0F1
B01E1URE08,A3RIXSMCG9L0F1
B01D9T4J5U,A3RIXSMCG9L0F1
B01D9SZENC,A3RIXSMCG9L0F1
B01D3BULQA,A3RIXSMCG9L0F1
