item,source
B09ND1ZNS5,lhglhgl
B09VKDZGVC,lhglhgl
B09VKDHZ67,lhglhgl
B0948LRRNW,lhglhgl
B006NSQ4FI,lhglhgl
B07K5LXYR9,lhglhgl
B08JVHWFQG,lhglhgl
B010U5TKKA,lhglhgl
B07K5JW6QR,lhglhgl
B09S6STGJ3,lhglhgl
B07THM96FV,lhglhgl
B07K1THDLX,lhglhgl
B0010HDS2O,lhglhgl
B08LMQRY5S,lhglhgl
B08JTYVKR6,lhglhgl
B00000635I,lhglhgl
B07T3CF9MM,lhglhgl
B0170ATYZY,lhglhgl
B005T6OBFU,lhglhgl
B00OU4MSKC,lhglhgl
B00GB0OWIE,lhglhgl
B079SB8BKC,lhglhgl
B083TGSH64,lhglhgl
B08Q3R4467,lhglhgl
B005TK0WG8,lhglhgl
B00278FSRS,lhglhgl
B08NWGC82N,lhglhgl
B09T3NY2MP,lhglhgl
B0876DWGFH,lhglhgl
B00LWLX99A,lhglhgl
B07XQM7HQ9,lhglhgl
B08ML2CK37,lhglhgl
B0B7RZ6DH8,lhglhgl
B00JAD6BQK,lhglhgl
B0916RMN74,lhglhgl
B08LCN4FQR,lhglhgl
B09WNDV4SM,lhglhgl
B00D49EAGY,lhglhgl
B07HNRD5C7,lhglhgl
B07ZZ9RF8C,lhglhgl
B07RX5QFLN,lhglhgl
B003VMFWXY,lhglhgl
B0716DFK36,lhglhgl
B07Z2NXSY9,lhglhgl
B09FGCDDLH,lhglhgl
B094FBLBVL,lhglhgl
B001UW592G,lhglhgl
B00V539YTE,lhglhgl
B00153ZQXW,lhglhgl
B078NG66DM,lhglhgl
B000A2UBNE,lhglhgl
B086DJ14MY,lhglhgl
B00001O2FP,lhglhgl
B085HPJVXS,lhglhgl
B08HTZDT3W,lhglhgl
B085ZR5R29,lhglhgl
B007KIKCB2,lhglhgl
B08743CM4S,lhglhgl
B0993Q9LYP,lhglhgl
B07TD3SY65,lhglhgl
B08MQ84ZMG,lhglhgl
B001I4E6XE,lhglhgl
B00GVA7JKM,lhglhgl
B086L6HR4K,lhglhgl
B09BQJM2J9,lhglhgl
B078NHZRM5,lhglhgl
B01K9IVUYM,lhglhgl
B084DM7NWN,lhglhgl
B07MVP9L5M,lhglhgl
B00KGGFXLY,lhglhgl
B004705YG4,lhglhgl
B07CGCX179,lhglhgl
B076DYCG22,lhglhgl
B00KO8SFDC,lhglhgl
B09TV6F5JH,lhglhgl
B08YQV28P7,lhglhgl
B08N4ZDMBS,lhglhgl
B08L69T745,lhglhgl
B08L5623GG,lhglhgl
B09MR3D9RD,lhglhgl
B077V14TMD,lhglhgl
B0006GZ2V0,lhglhgl
B0BDF3DCRN,lhglhgl
B08RRS7NR6,lhglhgl
B08LVFZ72R,lhglhgl
B005W6N94G,lhglhgl
B002UC16D6,lhglhgl
B08ZCXN8LV,lhglhgl
B08MX9VXGQ,lhglhgl
B07VCPMCXQ,lhglhgl
B0007P95JK,lhglhgl
B08KGDB7N6,lhglhgl
B0874ST29T,lhglhgl
B08TWDPM69,lhglhgl
B08KKXRDSJ,lhglhgl
B01HDO2P76,lhglhgl
B00TE1L5NC,lhglhgl
B09P7ZD9LP,lhglhgl
B092M9BX8S,lhglhgl
B0923WVYB4,lhglhgl
B08Y887M3M,lhglhgl
B08XTQCTZZ,lhglhgl
B08QM74439,lhglhgl
B08DTW3MPP,lhglhgl
B087D79RNY,lhglhgl
B0854CT1S3,lhglhgl
B0842B3CKY,lhglhgl
B07YN5DF9G,lhglhgl
B072HHSM6T,lhglhgl
B071GM358B,lhglhgl
B01K89VHK4,lhglhgl
B00K4N80GO,lhglhgl
B00D7ZMYX6,lhglhgl
B000WNZH5S,lhglhgl
B0BSFDLWYC,lhglhgl
B0B5KVMCJS,lhglhgl
B09W3P7F5T,lhglhgl
B09QCC2CJY,lhglhgl
B09PT9ZM8F,lhglhgl
B09ND6LG1M,lhglhgl
B09JLPSHW1,lhglhgl
B09FJZRBWC,lhglhgl
B09C61RF16,lhglhgl
B097S4JKLB,lhglhgl
B095BV29P6,lhglhgl
B092W65Q77,lhglhgl
B091HN7CD6,lhglhgl
B0919B1248,lhglhgl
B08ZCM6RPH,lhglhgl
B08XXLX79C,lhglhgl
B08XDJ1RZC,lhglhgl
B08VWT7VQ3,lhglhgl
B08T6N5WC7,lhglhgl
B08SM5BP11,lhglhgl
B08QMMGSLK,lhglhgl
B08PQ4BB2F,lhglhgl
B08M18FWKN,lhglhgl
B08LVV5S8F,lhglhgl
B08LDN4MJS,lhglhgl
B08JYD3H4T,lhglhgl
B08JCJ1KDN,lhglhgl
B083JCC8T5,lhglhgl
B083GG929K,lhglhgl
B082FBSDK8,lhglhgl
B07Z7H8DTV,lhglhgl
B07VKGYKHX,lhglhgl
B07VKGSKP5,lhglhgl
B07RPL24T6,lhglhgl
B07QL3CGJ2,lhglhgl
B07PWL3HQJ,lhglhgl
B07N74ZWJV,lhglhgl
B07LG5VP5H,lhglhgl
B07L49VB1G,lhglhgl
B07DYXN1BX,lhglhgl
B07DNJC29V,lhglhgl
B07DNJ5VYQ,lhglhgl
B07CL94H1Z,lhglhgl
B08J82RM14,lhglhgl
B08HGR8VCQ,lhglhgl
B08FX76KXY,lhglhgl
B087RSQBN4,lhglhgl
B08747QG5N,lhglhgl
B0865ZNMGZ,lhglhgl
B0864WQP3D,lhglhgl
B085KV9CC6,lhglhgl
B085HNPLKT,lhglhgl
B085CKPQ8C,lhglhgl
B084ZDTQWW,lhglhgl
B084YXB3XN,lhglhgl
B084DMGJWH,lhglhgl
B083YZH1ZF,lhglhgl
B083MYMBV1,lhglhgl
B083JCVG44,lhglhgl
B00LBG0VXS,lhglhgl
B00IKT0L2K,lhglhgl
B00ICO5F74,lhglhgl
B00HYJ9DQM,lhglhgl
B00GVA7R3Q,lhglhgl
B00GVA7M5E,lhglhgl
B00GVA7LJG,lhglhgl
B009S5G5H0,lhglhgl
B00889RVIE,lhglhgl
B006G1A0FW,lhglhgl
B0069FMGA2,lhglhgl
B0062ARVZO,lhglhgl
B004YQYBWO,lhglhgl
B003V5KYSE,lhglhgl
B003SK50OU,lhglhgl
B003QMLVOI,lhglhgl
B078JZ5NCK,lhglhgl
B076RZ4WXZ,lhglhgl
B072C25XJK,lhglhgl
B071P8NV5R,lhglhgl
B01JF8W3Y8,lhglhgl
B01J1YTUVA,lhglhgl
B01IO616DQ,lhglhgl
B01GWBC5GW,lhglhgl
B0122IC9E2,lhglhgl
B00XC7IRWG,lhglhgl
B00WSL3PF6,lhglhgl
B00TO66YVA,lhglhgl
B00SQKRWXO,lhglhgl
B00RPKS4ME,lhglhgl
B00QMSP7XY,lhglhgl
B00PIOUE0O,lhglhgl
B01HSAIOJ8,lhglhgl
B08K3N2XCK,lhglhgl
B002IW62KK,lhglhgl
B0BSKRJPFF,lhglhgl
B0843P7G94,lhglhgl
B0754185PH,lhglhgl
B002M3J2R0,lhglhgl
B079ZY76S1,lhglhgl
B08K8S3B2D,lhglhgl
B00G4PP71M,lhglhgl
B08817DV1N,lhglhgl
B0046BTZ8W,lhglhgl
B08DPRN4FV,lhglhgl
B000ROFWDE,lhglhgl
B09H34WW2P,lhglhgl
B084SMTZPK,lhglhgl
B002DF1QQ2,lhglhgl
B0015508GU,lhglhgl
B0014X8QZS,lhglhgl
B000XBJ44Y,lhglhgl
B000KKVC5C,lhglhgl
B000FSOZHG,lhglhgl
B000EEHI02,lhglhgl
B000CQ6G7S,lhglhgl
B000BD8OAY,lhglhgl
B0006OCID2,lhglhgl
B0002E1I5U,lhglhgl
1619920581,lhglhgl
B01GI0SF3Y,lhglhgl
B06XX7VPG6,lhglhgl
B01EIG2HXY,lhglhgl
B08N676MQF,lhglhgl
B0B18YYJZK,lhglhgl
B08GY16JNR,lhglhgl
B07RKJGG79,lhglhgl
B000BQLWQY,lhglhgl
B01LWN22B6,lhglhgl
B07ZJTSSJ4,lhglhgl
B071RPFTBT,lhglhgl
B08KT9HX1C,lhglhgl
B08HRN3JMD,lhglhgl
B08P2L8HZX,lhglhgl
B08ZJCQ7C8,lhglhgl
B09WTWQ914,lhglhgl
B07KXWFKJH,lhglhgl
B01LWT30HO,lhglhgl
B018GBXTQ6,lhglhgl
B00T56Q18K,lhglhgl
B000COTXW0,lhglhgl
B0BG8Y9KHC,lhglhgl
B0BBN76TC3,lhglhgl
B0B2SKH23Z,lhglhgl
B09J14SSWJ,lhglhgl
B099JJGJ8Q,lhglhgl
B097R8X1QR,lhglhgl
B096Z1SBXX,lhglhgl
B092RKYPW6,lhglhgl
B092415QW7,lhglhgl
B091KRYKB6,lhglhgl
B08ZNVW74D,lhglhgl
B08LPYN5ZY,lhglhgl
B07GND6QNR,lhglhgl
B07BL4GBLG,lhglhgl
B08LVS2XRK,lhglhgl
B08LD92HLJ,lhglhgl
B08HQJCKYG,lhglhgl
B099Z1KGQH,lhglhgl
B09HZHSCM8,lhglhgl
B01MFGDU0L,lhglhgl
B08LGRF36V,lhglhgl
B00HMZYL0G,lhglhgl
B00U7USZPK,lhglhgl
B0000VLIUA,lhglhgl
B00ND7Q1BE,lhglhgl
B0922VY411,lhglhgl
B084BVXRXX,lhglhgl
B07WHZ6QG5,lhglhgl
B07Q7DQ87Q,lhglhgl
B09SVH2DH4,lhglhgl
B09PB1BPK4,lhglhgl
B09281K6BH,lhglhgl
B08HP8NCSP,lhglhgl
B07P9SSLCK,lhglhgl
B00LVTU5J0,lhglhgl
B007RKEBYW,lhglhgl
B09WTT9F5G,lhglhgl
B09CSX85GX,lhglhgl
B098QK57R8,lhglhgl
B0947385WK,lhglhgl
B091Y867QG,lhglhgl
B08665VH5G,lhglhgl
B08QF1PVPG,lhglhgl
B08KSMFG19,lhglhgl
B08KSMF8HD,lhglhgl
B08KSMCNG7,lhglhgl
B08KSMC4L1,lhglhgl
B08KSM83ZP,lhglhgl
B08KSM78N5,lhglhgl
B08KSLVDRF,lhglhgl
B08KSLV962,lhglhgl
B08KSLSRV6,lhglhgl
B08KSLF63W,lhglhgl
B08KSLCWMF,lhglhgl
B08KSLCV1Z,lhglhgl
B08KSL7HR1,lhglhgl
B08KSKYCJ2,lhglhgl
B08KSKXV7N,lhglhgl
B08KSKXBGZ,lhglhgl
B08KSKV8N6,lhglhgl
B08KSK866H,lhglhgl
B08KSK3ZBV,lhglhgl
B08JLF5211,lhglhgl
B08J2V3FD3,lhglhgl
B08HV8WCJQ,lhglhgl
B08HLDMC1N,lhglhgl
B08H1K2KGZ,lhglhgl
B08BLS8NN5,lhglhgl
B08658HLRZ,lhglhgl
B0865537H1,lhglhgl
B0855FTTSL,lhglhgl
B0845WSQ8Z,lhglhgl
B083MY1H6C,lhglhgl
B083LL3B7S,lhglhgl
B082F3MN42,lhglhgl
B07TMRB9PL,lhglhgl
B07QXF1CDN,lhglhgl
B07QPB1DVG,lhglhgl
B07N1XFWVD,lhglhgl
B07DQXWR7V,lhglhgl
B07DP1P7H2,lhglhgl
B01NCUTSF1,lhglhgl
B01N1GUPA6,lhglhgl
B01INF3672,lhglhgl
B017KRA4YW,lhglhgl
B00Z0FCSFA,lhglhgl
B00UOS06OS,lhglhgl
B00SER7QMQ,lhglhgl
B00QW6W0VI,lhglhgl
B00PR482H2,lhglhgl
B00OTYTBBM,lhglhgl
B00E7VY1ZI,lhglhgl
B00B86E6IM,lhglhgl
B007AD2KP8,lhglhgl
B006GER8S6,lhglhgl
B004WK4TQA,lhglhgl
B004J8UN92,lhglhgl
B0042SY3RC,lhglhgl
B0041GYQOU,lhglhgl
B0037XHKXW,lhglhgl
B002UC6QWC,lhglhgl
B001THHZY2,lhglhgl
B001LOMJVW,lhglhgl
B000YBGJUU,lhglhgl
B000NCWQN4,lhglhgl
B000FYXIJ6,lhglhgl
B000CPZXDW,lhglhgl
B000BQY824,lhglhgl
B087D964CN,lhglhgl
B07X4C4RK7,lhglhgl
B07B4X3ZJ6,lhglhgl
B004LEOXQS,lhglhgl
B06VWXBG8X,lhglhgl
B08778SPKG,lhglhgl
B08J7GXQ5D,lhglhgl
B0771KLWHT,lhglhgl
B07MJLJCVB,lhglhgl
B004QP5EME,lhglhgl
B07BW2T7YH,lhglhgl
B01G6ZY954,lhglhgl
B08N5HPTZP,lhglhgl
B08315SQ5B,lhglhgl
B08ZC28RQ3,lhglhgl
B089YN6NSY,lhglhgl
B0152AVX3K,lhglhgl
B09D6Y97LQ,lhglhgl
B08KKMGTTH,lhglhgl
B08QJ47LDZ,lhglhgl
B00415BFEA,lhglhgl
B004N7NJ0Y,lhglhgl
B019DUXFFO,lhglhgl
B003ES5M80,lhglhgl
B08P2THWPH,lhglhgl
B008R65Y28,lhglhgl
B08NCK7VTW,lhglhgl
B08GZ36CRT,lhglhgl
B01FC8AJGO,lhglhgl
B075GB43WG,lhglhgl
B08J376K4B,lhglhgl
B0852RYHYZ,lhglhgl
B091V1L96X,lhglhgl
B01HSAIOW0,lhglhgl
B098QPTQM5,lhglhgl
B0866DBLB2,lhglhgl
B000IC3E5I,lhglhgl
B00F3L8OYK,lhglhgl
B08KH8M5CV,lhglhgl
B077X9JPDM,lhglhgl
B00BEIYGXE,lhglhgl
B084BT4BQ9,lhglhgl
B077KGKRBX,lhglhgl
B001B1Q3EY,lhglhgl
B087F3CVL4,lhglhgl
B003W0KUAA,lhglhgl
B084C11BWW,lhglhgl
B09XP6DCVF,lhglhgl
B078NH66QN,lhglhgl
B085XXB3YC,lhglhgl
B08QJ3Q88P,lhglhgl
B0018KNPMQ,lhglhgl
B002UCACXG,lhglhgl
B09SMNS6Y1,lhglhgl
B08JPYC2QN,lhglhgl
B08FRRV2ZT,lhglhgl
B08QF476NR,lhglhgl
B000HDK78U,lhglhgl
B09B6RZ3GR,lhglhgl
B08KHLJSKB,lhglhgl
B000GKWDRW,lhglhgl
B009Z1YGT6,lhglhgl
B092S7H2TT,lhglhgl
B07ZZM77YD,lhglhgl
B071LQ3M5S,lhglhgl
B08LKHGDP2,lhglhgl
B0852S772Y,lhglhgl
B01F0J05UU,lhglhgl
B00LVTU5GI,lhglhgl
B07LC5GY5Z,lhglhgl
B09DP1WYG9,lhglhgl
B08HYNG74Z,lhglhgl
B08HVGF7VW,lhglhgl
B08LD2JZ2H,lhglhgl
B08FJ3L6FZ,lhglhgl
B08MSYRJZF,lhglhgl
B084YN5W77,lhglhgl
B091MMMB16,lhglhgl
B08GJV39VY,lhglhgl
B08DLTSN9C,lhglhgl
B086HDCYBQ,lhglhgl
B08479T53D,lhglhgl
B07YQFVDXK,lhglhgl
B07Q41G6YR,lhglhgl
B08MV62J51,lhglhgl
B01B8DNZQS,lhglhgl
B00NTVAYP8,lhglhgl
B09CCJB4F9,lhglhgl
B01M6C1OMJ,lhglhgl
B00YU7R3H2,lhglhgl
B004J36I3C,lhglhgl
B0BLNQGGZQ,lhglhgl
B09K7FDH6T,lhglhgl
B08LW5Y64N,lhglhgl
B08K4FGZHW,lhglhgl
B084MY5GGH,lhglhgl
B087DYSLCC,lhglhgl
B086DVLHP6,lhglhgl
B08653SKWR,lhglhgl
B084SR29Z6,lhglhgl
B07YY3SVFH,lhglhgl
B07T451B3P,lhglhgl
B073D9B5D8,lhglhgl
B06XG6XP6W,lhglhgl
B00P9ANAR6,lhglhgl
B0BV49BZD4,lhglhgl
B0BD56VSPB,lhglhgl
B0BBVNMGX1,lhglhgl
B0BB6525BY,lhglhgl
B0B8ZCJ2TT,lhglhgl
B0B8Z9CKN4,lhglhgl
B0B2LHBKG4,lhglhgl
B09ZLRMS5L,lhglhgl
B09Z668X6Z,lhglhgl
B09XTP7GQV,lhglhgl
B09W2CHZ7F,lhglhgl
B09W2BG7PV,lhglhgl
B09VZWRF2H,lhglhgl
B09VKW7S9Z,lhglhgl
B09V17Y4PY,lhglhgl
B09TP7VHC8,lhglhgl
B09QWWD3T3,lhglhgl
B09QKG96F5,lhglhgl
B09LQW7WGJ,lhglhgl
B09K9QMY7K,lhglhgl
B09JLJYC68,lhglhgl
B09HL35JLG,lhglhgl
B09GY3DPRP,lhglhgl
B099DZ66LZ,lhglhgl
B0989MKFYW,lhglhgl
B095HKKRR6,lhglhgl
B094QY8BFP,lhglhgl
B092YZRVLD,lhglhgl
B092XKQLYC,lhglhgl
B092VQ2C9T,lhglhgl
B092SKZDHX,lhglhgl
B092QRQ6BW,lhglhgl
B092PXKLF4,lhglhgl
B092CJR5Y4,lhglhgl
B091Q663YN,lhglhgl
B091L4XNK9,lhglhgl
B091FKRQ41,lhglhgl
B091F2TXDD,lhglhgl
B091CYC3F6,lhglhgl
B08ZMYLX55,lhglhgl
B08Z79R5V3,lhglhgl
B08YWTTMP6,lhglhgl
B08YDYK8RC,lhglhgl
B08YCWHYYG,lhglhgl
B08V53VSTP,lhglhgl
B08RYKQZKT,lhglhgl
B08R77VRZZ,lhglhgl
B08PY8ZHCS,lhglhgl
B08NWR1V4T,lhglhgl
B08MT5DKND,lhglhgl
B08MF7DG12,lhglhgl
B08LZRR8ZC,lhglhgl
B08LT4989Q,lhglhgl
B08LPP9R6Z,lhglhgl
B08LM9DVMC,lhglhgl
B08LKCZSWV,lhglhgl
B08LK3H95T,lhglhgl
B08L64XVSJ,lhglhgl
B08L64RZ3M,lhglhgl
B08KSM82DL,lhglhgl
B08KSM71TW,lhglhgl
B08KSM6VJX,lhglhgl
B08KSM4RJ4,lhglhgl
B08KSLCM9C,lhglhgl
B08KSK8Y65,lhglhgl
B08KSK4J5F,lhglhgl
B08K8F27GW,lhglhgl
B08K32NCNF,lhglhgl
B08JQ5W7X8,lhglhgl
B08JKYG732,lhglhgl
B08J9YXB3F,lhglhgl
B07MRK6QKH,lhglhgl
B015HKVYNY,lhglhgl
B000CSXRQE,lhglhgl
B09W2CCH1C,lhglhgl
B08G61LLT9,lhglhgl
B0874287NZ,lhglhgl
B086YW9T83,lhglhgl
B0027ACAZO,lhglhgl
B000W9M714,lhglhgl
B09SN59GQD,lhglhgl
B09LCT6STP,lhglhgl
B098PXTCLW,lhglhgl
B091V2SWWK,lhglhgl
B091K4HKTP,lhglhgl
B08Z8KRSM8,lhglhgl
B08LZ6DSV1,lhglhgl
B08HYV1V1X,lhglhgl
B08HXYKRGQ,lhglhgl
B08HR8S8FQ,lhglhgl
B08HR8HT42,lhglhgl
B08HDF1MLR,lhglhgl
B08HCMR9KR,lhglhgl
B08G8BGR5Q,lhglhgl
B08BTFZJT8,lhglhgl
B0878RMWR9,lhglhgl
B0874TGS3H,lhglhgl
B086V19K8J,lhglhgl
B086BZYXGB,lhglhgl
B0865Z7YWH,lhglhgl
B08653H7QN,lhglhgl
B0864QJBV1,lhglhgl
B085S68WH3,lhglhgl
B001BL8978,lhglhgl
B000Y87RP4,lhglhgl
B000V6R2OK,lhglhgl
B000I9B17O,lhglhgl
B000H5XV6I,lhglhgl
B000H5W52E,lhglhgl
B000CSGDHY,lhglhgl
B000BOHILO,lhglhgl
B000BO76VQ,lhglhgl
B000BO6O5K,lhglhgl
B085HPHGGG,lhglhgl
B085HJBD6H,lhglhgl
B085HDRDPK,lhglhgl
B084DZ5G4B,lhglhgl
B083SDBW67,lhglhgl
B083N7KWPS,lhglhgl
B083HJNF5M,lhglhgl
B083HJL56J,lhglhgl
B083861S4D,lhglhgl
B0837K95LS,lhglhgl
B082H9LM9H,lhglhgl
B08126SXXF,lhglhgl
B08126DD2M,lhglhgl
B07ZNDDMGD,lhglhgl
B07ZKR5JGS,lhglhgl
B07Z35NF2G,lhglhgl
B07XC211P3,lhglhgl
B07X3XDHPQ,lhglhgl
B07WSM3PSJ,lhglhgl
B07V2FWRPT,lhglhgl
B07R8J18XP,lhglhgl
B07QN7TPHG,lhglhgl
B07QM9JTNS,lhglhgl
B07NTY7XPZ,lhglhgl
B07L8XCNWL,lhglhgl
B079QNBHB8,lhglhgl
B0777ZP26X,lhglhgl
B0769G37T9,lhglhgl
B0757KCTDV,lhglhgl
B073V69H5N,lhglhgl
B0725XSC66,lhglhgl
B0721N3NXZ,lhglhgl
B01NCX5ETP,lhglhgl
B01MRPQTJ1,lhglhgl
B01LMNJ6XA,lhglhgl
B01I88PMAI,lhglhgl
B01H44S6OG,lhglhgl
B01GW665A4,lhglhgl
B01FS97B2C,lhglhgl
B01DJI78UO,lhglhgl
B01556J3ZG,lhglhgl
B010JI82VG,lhglhgl
B00ZRYVHHO,lhglhgl
B00VKRTR56,lhglhgl
B00V9GRE08,lhglhgl
B00QU2D4O6,lhglhgl
B00P4B8NXQ,lhglhgl
B00OGNGQPA,lhglhgl
B00C2GONAS,lhglhgl
B00BMLTAMU,lhglhgl
B007RRTS0W,lhglhgl
B00749RPEO,lhglhgl
B00749ROYA,lhglhgl
B00749RM92,lhglhgl
B006HG88NC,lhglhgl
B0064PEYTS,lhglhgl
B004Y6AYWA,lhglhgl
B004GQWEB2,lhglhgl
B004FH0U9A,lhglhgl
B004CLDSRU,lhglhgl
B003O59ARM,lhglhgl
B00248LP8M,lhglhgl
B001VPXP1Y,lhglhgl
B001U81KK0,lhglhgl
B00ZJDIN8O,lhglhgl
B08QF1T759,lhglhgl
B086YDGF3R,lhglhgl
B006488C66,lhglhgl
B001PMKIR2,lhglhgl
B091L7JJJ7,lhglhgl
B01HSSVDT8,lhglhgl
B09TQPG9DW,lhglhgl
B08J2T5P9R,lhglhgl
B07RZ6XC13,lhglhgl
B07KG2Y92G,lhglhgl
B00T56PX66,lhglhgl
B000JMAVZS,lhglhgl
B0773JW4D4,lhglhgl
B07Q3FYLJ1,lhglhgl
B08LYTT4Y7,lhglhgl
B08JTGK446,lhglhgl
B009EE3WNA,lhglhgl
B078KK6HJK,lhglhgl
B09XHJPHDP,lhglhgl
B000NWUJKG,lhglhgl
B08M64CFFV,lhglhgl
B07GYLCJZS,lhglhgl
B099CR57ZN,lhglhgl
B002UC2UMW,lhglhgl
B07F7ZXWXQ,lhglhgl
B01GR2LOYU,lhglhgl
B09RD64JK9,lhglhgl
B09KX2ZL76,lhglhgl
B084L14Z31,lhglhgl
B08KZWN6GT,lhglhgl
B0087SZVS8,lhglhgl
B0B14WJJC1,lhglhgl
B08Q3NNHNB,lhglhgl
B0061WM2O8,lhglhgl
B099BMLQJ6,lhglhgl
B08Q7QKH29,lhglhgl
B08MF53BXJ,lhglhgl
B084RHGQF5,lhglhgl
B076WM87M5,lhglhgl
B08MPT64M9,lhglhgl
B08MFGW3ZJ,lhglhgl
B084SM3T35,lhglhgl
B07B8GH482,lhglhgl
B01DZKL6R2,lhglhgl
B011S5A65O,lhglhgl
B008UW6UWW,lhglhgl
B006PWSB6W,lhglhgl
B0B8ZK756F,lhglhgl
B09ZLFXZDQ,lhglhgl
B09SVNGKW7,lhglhgl
B091FGXGPL,lhglhgl
B08J8HJ43B,lhglhgl
B08DP1N1J1,lhglhgl
B07WQVR6M7,lhglhgl
B00PO9EOB8,lhglhgl
B003ZZ6CSQ,lhglhgl
B0B82DZMFK,lhglhgl
B09W4W9F1K,lhglhgl
B09KXC8LQR,lhglhgl
B09D7BTZGD,lhglhgl
B09CVVJBWQ,lhglhgl
B098QLFBCL,lhglhgl
B09699HLKX,lhglhgl
B092S6XS3G,lhglhgl
B092BFQ7RP,lhglhgl
B091KM6Z94,lhglhgl
B091965GDX,lhglhgl
B08YN713LF,lhglhgl
B08NWQPJY1,lhglhgl
B08LMBK9F8,lhglhgl
B08LK2H4GG,lhglhgl
B08KRKDVM8,lhglhgl
B08HVSJWH8,lhglhgl
B08HRR7S3W,lhglhgl
B08HRQLYGX,lhglhgl
B08C98JN63,lhglhgl
B088WV6T5C,lhglhgl
B088WTDCNW,lhglhgl
B088WSXVG2,lhglhgl
B088WRVMHM,lhglhgl
B088WRNS9Y,lhglhgl
B088WRDXL2,lhglhgl
B088WR8B6W,lhglhgl
B088WR2LB4,lhglhgl
B088WQXXWM,lhglhgl
B088WNYHWZ,lhglhgl
B088WNYBQH,lhglhgl
B088WND4ZW,lhglhgl
B088WN9MSS,lhglhgl
B088WMY7K1,lhglhgl
B088WMW29Y,lhglhgl
B088WMMVH3,lhglhgl
B0873Y32KT,lhglhgl
B085WNX8MH,lhglhgl
B084T7MWK2,lhglhgl
B083TKRF8Y,lhglhgl
B083TBZK5V,lhglhgl
B0834VPPY1,lhglhgl
B0831TRD7N,lhglhgl
B0831HJVCY,lhglhgl
B07XJZBKJ9,lhglhgl
B07H9R4TL7,lhglhgl
B07F6HV23K,lhglhgl
B07B42Q3R9,lhglhgl
B06ZZYKLHK,lhglhgl
B06ZY6MLW6,lhglhgl
B01MZAPLQ4,lhglhgl
B01K9K9HGS,lhglhgl
B01FSVA3D4,lhglhgl
B01E4XOGOO,lhglhgl
B018WSUPHY,lhglhgl
B016J9TMPO,lhglhgl
B00V6XN1E2,lhglhgl
B00M55ESXS,lhglhgl
B00KW8EQWI,lhglhgl
B00HWQUJ7E,lhglhgl
B00GPUUMOI,lhglhgl
B00GIYPZH0,lhglhgl
B00BCCBIWY,lhglhgl
B009HQ8ACS,lhglhgl
B00915T7XG,lhglhgl
B008UW3GOM,lhglhgl
B007X7SSSY,lhglhgl
B007UPS398,lhglhgl
B007RRTTD8,lhglhgl
B007F0QKI4,lhglhgl
B007BJC86C,lhglhgl
B00749RWN8,lhglhgl
B00749RVV6,lhglhgl
B006OJUE8Y,lhglhgl
B005QQST3S,lhglhgl
B004VRMXL2,lhglhgl
B004KYWT42,lhglhgl
B00466KCLG,lhglhgl
B0041OQJYC,lhglhgl
B003GDISSY,lhglhgl
B003GDIRJ4,lhglhgl
B002KE5O9G,lhglhgl
B001U7UGQA,lhglhgl
B001FQLQ7Y,lhglhgl
B000GKU2CU,lhglhgl
B000FPDFFM,lhglhgl
B000FND0XG,lhglhgl
B0837FVS35,lhglhgl
B08SBJWWXK,lhglhgl
B092Z2Z8TD,lhglhgl
B000XXOLKO,lhglhgl
B01G2VJR4A,lhglhgl
B07Y564CX4,lhglhgl
B006JN87CU,lhglhgl
B000F8UFTS,lhglhgl
B000F5K0GE,lhglhgl
B000CSN3EK,lhglhgl
B000CSN3CW,lhglhgl
B000CSI8MC,lhglhgl
B0761JX8BZ,lhglhgl
B077Z3GCDL,lhglhgl
B08QYZQ3TS,lhglhgl
B08HV272LN,lhglhgl
B00UR90VQM,lhglhgl
B09VKM4WNC,lhglhgl
B073FFDZY3,lhglhgl
B010XU22CK,lhglhgl
B084VJ57XJ,lhglhgl
B0C4DXJH5W,lhglhgl
B00M6TZ0UI,lhglhgl
B0CHX7BJ8M,lhglhgl
B000NUYBWU,lhglhgl
B07JZBVW3P,lhglhgl
B099832JPV,lhglhgl
B0832D71HK,lhglhgl
B004WPHV06,lhglhgl
B007IHH4H0,lhglhgl
B0978TN3FH,lhglhgl
B01JCV4PXK,lhglhgl
B08Z86FQPT,lhglhgl
B003H839YQ,lhglhgl
B009KVSYOE,lhglhgl
B003IC19D4,lhglhgl
B06XWHT41M,lhglhgl
B004P9UWKK,lhglhgl
B08BVXGGKC,lhglhgl
B09LH9RXC3,lhglhgl
B078MS1623,lhglhgl
B08KGZ38QH,lhglhgl
B074QW33S8,lhglhgl
B08P5HPYYX,lhglhgl
B01J4T7EQK,lhglhgl
B07RW9M56C,lhglhgl
B091J12HQ7,lhglhgl
B0141IXU6C,lhglhgl
B00YSGZ0I4,lhglhgl
B08R421XXR,lhglhgl
B01M7X4C8M,lhglhgl
B08F8TZYHG,lhglhgl
B00J48THJY,lhglhgl
B08L4J6HTF,lhglhgl
B00UVRYI28,lhglhgl
B002UC8O7W,lhglhgl
B09WTHK113,lhglhgl
B086HDJKJK,lhglhgl
B002UC2UIQ,lhglhgl
B07Y2GCYDQ,lhglhgl
B0925J855F,lhglhgl
B086Q5YSMX,lhglhgl
B084BVYYTR,lhglhgl
B075ZXZPNJ,lhglhgl
B07DM4PTX9,lhglhgl
B00HRCU0JK,lhglhgl
B000KNOHYW,lhglhgl
B084T1L6YM,lhglhgl
B0795M9QNW,lhglhgl
B091V8XDPF,lhglhgl
B09RZVDZWY,lhglhgl
B091TYC4QY,lhglhgl
B07591PN51,lhglhgl
B01MY6W3AA,lhglhgl
B09T92M53V,lhglhgl
B01MR1D3Y4,lhglhgl
B0CGR843HW,lhglhgl
B08XYZHT9S,lhglhgl
B07QMZL448,lhglhgl
B073V313M4,lhglhgl
B078HT8CL2,lhglhgl
B098ND31NV,lhglhgl
B07ZNM3B6D,lhglhgl
B08C4V3T1V,lhglhgl
B07ZHQFB2B,lhglhgl
B07TP7YH86,lhglhgl
B0047XWATU,lhglhgl
B09TSRHP4M,lhglhgl
B08J433N9J,lhglhgl
B01BQ5PR5K,lhglhgl
B08JPFRDZJ,lhglhgl
B09P3HVF8L,lhglhgl
B0BLC3NJ1K,lhglhgl
B07K23V98M,lhglhgl
B08L9SH8V9,lhglhgl
B082ZZW22C,lhglhgl
B07GBH5WT1,lhglhgl
B003GDIRQW,lhglhgl
B002RDDLYK,lhglhgl
B07R95RM5Z,lhglhgl
B07MJTYGFY,lhglhgl
B01H2O77U2,lhglhgl
B01BCS8WT4,lhglhgl
B08QHKFCQW,lhglhgl
B0CC2M82GJ,lhglhgl
B08YK8RKZ2,lhglhgl
B08LZ4CJQ6,lhglhgl
B08KGWMLXP,lhglhgl
B07GTJSZZZ,lhglhgl
B0872CZBBY,lhglhgl
B074TFK66T,lhglhgl
B087TGVZFW,lhglhgl
B085HMQ5RH,lhglhgl
B07KQXT3RT,lhglhgl
B074DF19N8,lhglhgl
B09WY928RP,lhglhgl
B09VSXYK44,lhglhgl
B08HSLCBR4,lhglhgl
B08HLFZYN3,lhglhgl
B08BHPH3CP,lhglhgl
B087BKXWDT,lhglhgl
B08638WJG5,lhglhgl
B009LIZE3K,lhglhgl
B007T9K618,lhglhgl
B09WTLWPKN,lhglhgl
B092D249BT,lhglhgl
B08R41N7RJ,lhglhgl
B087JPV67C,lhglhgl
B086H2ZJN1,lhglhgl
B0836F6M4R,lhglhgl
B01GO244R2,lhglhgl
B00J0U6W12,lhglhgl
B09WTNWFC2,lhglhgl
B08V8H5Y4T,lhglhgl
B08KBK57HW,lhglhgl
B08J9WST5C,lhglhgl
B08CGGTZ9W,lhglhgl
B0855GP2ZZ,lhglhgl
B083QGWM87,lhglhgl
B07QPBZG4W,lhglhgl
B01LP9BIJG,lhglhgl
B017NF73B8,lhglhgl
B00PRASOQA,lhglhgl
B0CMXMGG4S,lhglhgl
B09WTTHVFZ,lhglhgl
B09WTG7LSN,lhglhgl
B09W8X5VFJ,lhglhgl
B09SWJXBB4,lhglhgl
B09SMZ7KR8,lhglhgl
B08JTZJDFY,lhglhgl
B08JC1Z8CS,lhglhgl
B08HXWM2LN,lhglhgl
B08HPTFK9P,lhglhgl
B08G1G2YKN,lhglhgl
B08FD74PCR,lhglhgl
B087N5792N,lhglhgl
B0874TRCWP,lhglhgl
B086YQZ4RM,lhglhgl
B085Q27JPM,lhglhgl
B084SSR5ZG,lhglhgl
B084JNF5NG,lhglhgl
B084G3V3VY,lhglhgl
B08466VW2X,lhglhgl
B0836NKV98,lhglhgl
B08316RC6J,lhglhgl
B08P2LMFGV,lhglhgl
B08NP1KKGQ,lhglhgl
B08N52DJV2,lhglhgl
B08MTN3WYH,lhglhgl
B08M97JN74,lhglhgl
B08LZRGH77,lhglhgl
B08LYD2XSV,lhglhgl
B08LVRJNLC,lhglhgl
B08LDZS465,lhglhgl
B08L9NXRCH,lhglhgl
B08L5M8PVX,lhglhgl
B08KSM82DM,lhglhgl
B08K8P4SLZ,lhglhgl
B08K1WQH17,lhglhgl
B08JYHL59N,lhglhgl
B08JVD97YZ,lhglhgl
B071KKQ9WP,lhglhgl
B071JBWVCS,lhglhgl
B071213KP5,lhglhgl
B06XDV6PM1,lhglhgl
B01LWOBVTF,lhglhgl
B01H5I0IQK,lhglhgl
B01EXZA52U,lhglhgl
B018E259QA,lhglhgl
B01867DSD4,lhglhgl
B0185VAJF6,lhglhgl
B017X8MSCO,lhglhgl
B015CXAFMM,lhglhgl
B012YD0X1Q,lhglhgl
B00Y3RITFE,lhglhgl
B00XQ6ARKI,lhglhgl
B00WU22X1U,lhglhgl
B00PX95G66,lhglhgl
B00PL01SVE,lhglhgl
B00NA5ZBWE,lhglhgl
B00GX6JSNU,lhglhgl
B00749RK30,lhglhgl
B005DS6Y5O,lhglhgl
B000R7FYJI,lhglhgl
B000LNVVF4,lhglhgl
B000CSXQNI,lhglhgl
B0000AZ6BD,lhglhgl
B01KN2BNG4,lhglhgl
B078Z3F9FF,lhglhgl
B0925RNLV8,lhglhgl
B07F51MZ9Z,lhglhgl
B07ZDSPMQB,lhglhgl
B08XVT8851,lhglhgl
B06Y96R2D8,lhglhgl
B08HY6NCQP,lhglhgl
B08G8LMMQV,lhglhgl
B0BVZ8BTNH,lhglhgl
B0C8141WK6,lhglhgl
B07WKG137Q,lhglhgl
B000NUX7HK,lhglhgl
B00ODQY7S8,lhglhgl
B07VD8PJSL,lhglhgl
B08Y4YJCJZ,lhglhgl
B09VCLSYTK,lhglhgl
B08XQNJ2YJ,lhglhgl
B00S0OXFQ4,lhglhgl
B092HFGMZM,lhglhgl
B00V8S8CBM,lhglhgl
B09VKFZZK5,lhglhgl
B08JL9S7D9,lhglhgl
B08G591LZV,lhglhgl
B09NCJXMJG,lhglhgl
B00ODQYNYG,lhglhgl
B09Z66PYC6,lhglhgl
B07RSBC7KF,lhglhgl
B0999GQTG8,lhglhgl
B09VKDGQCT,lhglhgl
B07BYJH3J7,lhglhgl
B07WGMQBF4,lhglhgl
B01EXVNPD0,lhglhgl
B089QNSXG2,lhglhgl
B07Q5MKPPH,lhglhgl
B001HN6918,lhglhgl
B092LCV3TH,lhglhgl
B086YBVS5W,lhglhgl
B08T5SBBLZ,lhglhgl
B01MRYMT3H,lhglhgl
B0007MSUPI,lhglhgl
B0928W25PY,lhglhgl
B01BYB33J8,lhglhgl
B08LG69267,lhglhgl
B08K2SC9WK,lhglhgl
B0000AINIV,lhglhgl
B01BFVNX06,lhglhgl
B01IX28D0U,lhglhgl
B0052S3YCQ,lhglhgl
B08ZDBX9LW,lhglhgl
B00EX4QD4G,lhglhgl
B003UESJLU,lhglhgl
B0738M9P7S,lhglhgl
B07R75V2NV,lhglhgl
B091YKFTLH,lhglhgl
B000C3L2M0,lhglhgl
B09S6S21S8,lhglhgl
B08P6MTK4G,lhglhgl
B08M8TH1SL,lhglhgl
B07CTC3SP2,lhglhgl
B00269YZFE,lhglhgl
B0921N6NTN,lhglhgl
B0925GZHRJ,lhglhgl
B08MY248T7,lhglhgl
B098BNHBSS,lhglhgl
B08L8135CC,lhglhgl
B01GWAVZMS,lhglhgl
B0894PLLXT,lhglhgl
B00DIFNECA,lhglhgl
B0917LLPK6,lhglhgl
B008CMYC70,lhglhgl
B002ORDPRC,lhglhgl
B07KJTMRVD,lhglhgl
B0917JTD3H,lhglhgl
B081DRXDWL,lhglhgl
B00BY8DMHU,lhglhgl
B073DVSCD5,lhglhgl
B08ZYXJTZT,lhglhgl
B086M981LC,lhglhgl
B005CB6MRM,lhglhgl
B07M6RDXLT,lhglhgl
B09K74RLKW,lhglhgl
B004UU80FS,lhglhgl
B08YJ3T1GK,lhglhgl
B0872D8VMH,lhglhgl
B084T9DL5L,lhglhgl
B0847BLCRF,lhglhgl
B09RZMYYTS,lhglhgl
B08LYV5DXL,lhglhgl
B08HCLQ2JY,lhglhgl
B09NRWW73G,lhglhgl
B08WX9F13J,lhglhgl
B08HRNPRFR,lhglhgl
B087JGQ3N3,lhglhgl
B08MXVLVSZ,lhglhgl
B0821CRS4D,lhglhgl
B08DL4LXVK,lhglhgl
B095JM7M7H,lhglhgl
B009EE08IW,lhglhgl
B08F2FRYTD,lhglhgl
B097PDC8DM,lhglhgl
B00GX3ZQXY,lhglhgl
B096SB7M84,lhglhgl
B08ZRT7NQ3,lhglhgl
B09NRZ9FVK,lhglhgl
B0BZ7G5D93,lhglhgl
B084Z66WCC,lhglhgl
B08LH9J2HH,lhglhgl
B08LPXVCQ7,lhglhgl
B08YNJZXN2,lhglhgl
B0088NYRRI,lhglhgl
B08L1HJYVP,lhglhgl
B07P714NN5,lhglhgl
B078HS87XY,lhglhgl
B08J7K7V8J,lhglhgl
B08MW1NMY7,lhglhgl
B0BMQ6BS4Q,lhglhgl
B07V8RLCNH,lhglhgl
B077D2N44N,lhglhgl
B0152SXSSK,lhglhgl
B0B9GN9JXX,lhglhgl
B08MY16MHV,lhglhgl
B08LQJ78Q2,lhglhgl
B08FXMKVQV,lhglhgl
B07RWP92JD,lhglhgl
B00MR1LSCE,lhglhgl
B08JPSFKNZ,lhglhgl
B08ZKN4J16,lhglhgl
B08LCY3W2V,lhglhgl
B0BG3YD73Y,lhglhgl
B08LK7LFVC,lhglhgl
B083J449DV,lhglhgl
B07KNN72XW,lhglhgl
B09SMZ527B,lhglhgl
B08ZSXQL24,lhglhgl
B08Q7QLPYB,lhglhgl
B083935LMW,lhglhgl
B082W585M5,lhglhgl
B07F2ZM6DY,lhglhgl
B076DZYZ1Q,lhglhgl
B008OAFBEI,lhglhgl
B000CAVDOK,lhglhgl
B0006IKBZ0,lhglhgl
B091ZMC7BH,lhglhgl
B08315YWVQ,lhglhgl
B07ZCT7P7Q,lhglhgl
B07XZM8MQW,lhglhgl
B07W3MZFMC,lhglhgl
B07VPL82DT,lhglhgl
B07VN8PYZJ,lhglhgl
B07VMB12CK,lhglhgl
B07SZHX4YZ,lhglhgl
B07SYWLNRD,lhglhgl
B07RNK6MP8,lhglhgl
B07Q9LZ43B,lhglhgl
B07J1F4SMJ,lhglhgl
B07DSMWMDX,lhglhgl
B075SXR9CB,lhglhgl
B075LWR33P,lhglhgl
B075JKK3GH,lhglhgl
B09QRVR3YY,lhglhgl
B09QQ7LCXF,lhglhgl
B09QKJ47LL,lhglhgl
B09QKHJG3X,lhglhgl
B09DBHSYSY,lhglhgl
B09D9PSV1Y,lhglhgl
B095XXPXSV,lhglhgl
B092T6GJPH,lhglhgl
B092LVDLMH,lhglhgl
B092CPK36B,lhglhgl
B09239GZZJ,lhglhgl
B091Q6V2RM,lhglhgl
B08ZN4HLTN,lhglhgl
B08YW5RDJZ,lhglhgl
B08YK4NN8H,lhglhgl
B08V9CPF8P,lhglhgl
B07PW3M3FZ,lhglhgl
B00T56Q9SC,lhglhgl
B00GNH30M4,lhglhgl
B00BBMVOII,lhglhgl
B0032RGZ48,lhglhgl
B0CMH5BZG1,lhglhgl
B0CJV3771B,lhglhgl
B0BSFDS1WQ,lhglhgl
B0B3LW4GR2,lhglhgl
B09S3Z1ZRB,lhglhgl
B09RGNXP7K,lhglhgl
B09KLH4CWS,lhglhgl
B09J8F254P,lhglhgl
B09H2K79RN,lhglhgl
B09D9BYSD7,lhglhgl
B098WWTP3M,lhglhgl
B098N3PN2S,lhglhgl
B097111B1T,lhglhgl
B096MPXMBV,lhglhgl
B092S7VFMJ,lhglhgl
B092RF5K22,lhglhgl
B092R15Z8F,lhglhgl
B092LY4VWN,lhglhgl
B091V4HQWM,lhglhgl
B091F29J24,lhglhgl
B08ZYYF35J,lhglhgl
B08Z7F2Y9X,lhglhgl
B08YF2P281,lhglhgl
B08SQKK85B,lhglhgl
B08S3LF1GH,lhglhgl
B08RDPP3JJ,lhglhgl
B08PPDTR4H,lhglhgl
B08P1MNGN9,lhglhgl
B08NS34VN2,lhglhgl
B08MCZ1XP5,lhglhgl
B08LNC9FMS,lhglhgl
B08LG1BKD2,lhglhgl
B08HXWZZ61,lhglhgl
B08HNGRYP9,lhglhgl
B08HCYZPVB,lhglhgl
B08H1R3QH8,lhglhgl
B08G4PQ2FW,lhglhgl
B08FQXMXLM,lhglhgl
B08FH8L8B8,lhglhgl
B08FH8611R,lhglhgl
B08CS1J1BD,lhglhgl
B08BKY1BCN,lhglhgl
B087RTYPFS,lhglhgl
B07VC6S5YJ,lhglhgl
B07HMZ7335,lhglhgl
B07GGXYMNF,lhglhgl
B07CL7YJDQ,lhglhgl
B07C2XJ2VD,lhglhgl
B07BNHDWSN,lhglhgl
B079MCWP6R,lhglhgl
B0787RQBRP,lhglhgl
B0787R264K,lhglhgl
B0771YX3SD,lhglhgl
B06X15D7Q3,lhglhgl
B06WCZRMV1,lhglhgl
B01MU3P190,lhglhgl
B01LYOB0UJ,lhglhgl
B01JF8W4NS,lhglhgl
B01J1ZZNVK,lhglhgl
B004D0A2ZQ,lhglhgl
B004C088OE,lhglhgl
B003Z0YQMU,lhglhgl
B00305PHGO,lhglhgl
B002SARX1E,lhglhgl
B002SAPQ86,lhglhgl
B002J63V72,lhglhgl
B001U7JFOE,lhglhgl
B001D4IFSQ,lhglhgl
B00154YA6A,lhglhgl
B000WP3ILQ,lhglhgl
B000NCWUL2,lhglhgl
B000M86W48,lhglhgl
B000I1AYQ6,lhglhgl
B000BOI3WC,lhglhgl
B0007ZFY3Q,lhglhgl
B087641CGB,lhglhgl
B0872W8BRW,lhglhgl
B086R7BF1D,lhglhgl
B086GYRNDD,lhglhgl
B0864ZQF4K,lhglhgl
B0861DXG2Y,lhglhgl
B085S4VWFS,lhglhgl
B0855NFNPG,lhglhgl
B0855C2L5P,lhglhgl
B0851JM5HK,lhglhgl
B083NQSCWB,lhglhgl
B083MXZGQQ,lhglhgl
B0836FSXXP,lhglhgl
B081F33NP7,lhglhgl
B07W7Z33X3,lhglhgl
B07VSNVH6H,lhglhgl
B01H68K59E,lhglhgl
B01FZC2WHG,lhglhgl
B01ED3C1R4,lhglhgl
B01DO98CMQ,lhglhgl
B01BNIZTJY,lhglhgl
B0171ANHD8,lhglhgl
B010ND1S4A,lhglhgl
B00W5VKR4G,lhglhgl
B00UXYQIGI,lhglhgl
B00UJENAZY,lhglhgl
B00SER7QIA,lhglhgl
B00RISMGJA,lhglhgl
B00QWJUV6G,lhglhgl
B00LLR3NI2,lhglhgl
B00JWRL0U6,lhglhgl
B00JDPS99C,lhglhgl
B076VYZ6PR,lhglhgl
B08QW3CQ8T,lhglhgl
B005GYXNIG,lhglhgl
B08Z6X26MX,lhglhgl
B08YNDL999,lhglhgl
B08J7V3913,lhglhgl
B017VOHTA6,lhglhgl
B09BJJJQJJ,lhglhgl
B083X7FSTL,lhglhgl
B09HZBYSJS,lhglhgl
B00GB0OWR0,lhglhgl
B08KD5V3FG,lhglhgl
B08PXWQH96,lhglhgl
B0086IMP9C,lhglhgl
B07T4FDFM3,lhglhgl
B078NHTZ4F,lhglhgl
B00IYT1X5K,lhglhgl
B00HZYW2EQ,lhglhgl
B00GUS1A1Y,lhglhgl
B00GPUUJLY,lhglhgl
B00GP9LR3Y,lhglhgl
B00GP9KDJS,lhglhgl
B00FVCMSQ6,lhglhgl
B00CHXRZ6U,lhglhgl
B00AEOPIFY,lhglhgl
B009CCIJZ0,lhglhgl
B0089TSSD0,lhglhgl
B007VIKWTS,lhglhgl
B007LTQX0O,lhglhgl
B0074CF2UA,lhglhgl
B00547JRUI,lhglhgl
B004ZME9WE,lhglhgl
B004O0H6BS,lhglhgl
B0B5ZCF8PK,lhglhgl
B009CZVTK4,lhglhgl
B09QKNHC1V,lhglhgl
B0929J9644,lhglhgl
B09G758GBC,lhglhgl
B07SGNZTSH,lhglhgl
B009CZVUUS,lhglhgl
B07Q1BCCLK,lhglhgl
B07NPW4K25,lhglhgl
B06XD2B24Q,lhglhgl
B0091C0404,lhglhgl
B083LPNXWF,lhglhgl
B00E7Z8PTW,lhglhgl
B083L8P6VM,lhglhgl
B08YJQ3JS1,lhglhgl
B0B31SZ6Q2,lhglhgl
B09WTV1CTC,lhglhgl
B07DS5MDD3,lhglhgl
B07BT82X22,lhglhgl
B003ES5KKU,lhglhgl
B08J4D4GQJ,lhglhgl
B092MFDTSH,lhglhgl
B08NXVSH83,lhglhgl
B075WTX9WY,lhglhgl
B01IB43UPS,lhglhgl
B004P3YRAC,lhglhgl
B00MH9RLAE,lhglhgl
B072BGVSK6,lhglhgl
B009S5G4S0,lhglhgl
B085L1BDJH,lhglhgl
B08YP4S5KX,lhglhgl
B08LTG7R47,lhglhgl
B08LQYGKVM,lhglhgl
B08KSJ3DY3,lhglhgl
B08HQSSFVV,lhglhgl
B086YHL13D,lhglhgl
B07DZTYH31,lhglhgl
B01N0J5PCV,lhglhgl
B016DEG6MM,lhglhgl
B09HR2S5W4,lhglhgl
B09CSYJYQH,lhglhgl
B08M3W98R9,lhglhgl
B08LQ85LV5,lhglhgl
B08J4B9TB8,lhglhgl
B08H5VJHJY,lhglhgl
B08346322W,lhglhgl
B07ZJPSDTN,lhglhgl
B000CB0JQM,lhglhgl
B08YFLND1G,lhglhgl
B087N7PXWR,lhglhgl
B074HBTK5T,lhglhgl
B0B88LGQML,lhglhgl
B094FSWGTR,lhglhgl
B08X3ND7S5,lhglhgl
B08QJ9K2JG,lhglhgl
B0871FTVJ1,lhglhgl
B083ZLN3HV,lhglhgl
B0822KCCDD,lhglhgl
B0B38ZCV4V,lhglhgl
B093G7T8YP,lhglhgl
B08LV3NSHC,lhglhgl
B08JYP9946,lhglhgl
B08422QKS3,lhglhgl
B08GWYLPFF,lhglhgl
B07FX85L2Q,lhglhgl
B087N35185,lhglhgl
B004J36I0K,lhglhgl
B002XM3B4K,lhglhgl
B08QVP68NT,lhglhgl
B08LGJ3646,lhglhgl
B087N47Q26,lhglhgl
B00M8U074E,lhglhgl
B09TDJB2KK,lhglhgl
B08LTDYF88,lhglhgl
B0C85DZ6XW,lhglhgl
B08D6K3SY4,lhglhgl
B07RHMZX4W,lhglhgl
B07RDJ6W8J,lhglhgl
B012D2KQD8,lhglhgl
B07HMJYP7K,lhglhgl
B017BTKZWU,lhglhgl
B00MGMV1XU,lhglhgl
B0CNVVVD8K,lhglhgl
B09VL5SWKN,lhglhgl
B09H5Q4H6V,lhglhgl
B08SJHHJR4,lhglhgl
B08NWRTMV9,lhglhgl
B08G3GNT2K,lhglhgl
B08CXHL2NG,lhglhgl
B088WMH5QT,lhglhgl
B087N6BNPL,lhglhgl
B08379SP1H,lhglhgl
B07RN1658L,lhglhgl
B00NXJXKE8,lhglhgl
B00MJ0264W,lhglhgl
B00HNR28KI,lhglhgl
B00GBF9KAO,lhglhgl
B00F2NQBRQ,lhglhgl
B0074V4AFY,lhglhgl
B000SUW9HE,lhglhgl
B0006IKAI8,lhglhgl
B0BBL4SX9X,lhglhgl
B0BBL11VND,lhglhgl
B0B9FRQW4P,lhglhgl
B0B931MT4R,lhglhgl
B0B4P347C2,lhglhgl
B0B4629YB1,lhglhgl
B0B1MW7ML8,lhglhgl
B09Z5JLM7P,lhglhgl
B09XXR1P6J,lhglhgl
B09W38LV7M,lhglhgl
B09TFJ93KW,lhglhgl
B09SPQJB28,lhglhgl
B09NP45WXR,lhglhgl
B09KX68C8D,lhglhgl
B09KMD5ZL8,lhglhgl
B092Z65HCY,lhglhgl
B092XHR926,lhglhgl
B0922DZBR8,lhglhgl
B091K5X244,lhglhgl
B091CLX2FN,lhglhgl
B08ZY48PJM,lhglhgl
B08ZMN8JWS,lhglhgl
B08ZK9HV5X,lhglhgl
B08ZK866DZ,lhglhgl
B08Z38GVVG,lhglhgl
B08XYRR3R1,lhglhgl
B08XTN31JX,lhglhgl
B08R8TS5ZF,lhglhgl
B08NDJRMQZ,lhglhgl
B08MKPX1QL,lhglhgl
B08MK1YMCL,lhglhgl
B08M3YQDLL,lhglhgl
B08LD942WL,lhglhgl
B08L6RQ5W6,lhglhgl
B08L32CB9J,lhglhgl
B08KD3NVYH,lhglhgl
B08K8RSLGT,lhglhgl
B08K7Q6JVN,lhglhgl
B08K7M5L9T,lhglhgl
B08K3BQ7JN,lhglhgl
B08JVKDDS2,lhglhgl
B08JLDXRR3,lhglhgl
B08JGNQ1KL,lhglhgl
B08J46BPTB,lhglhgl
B08HXQ1NYH,lhglhgl
B08G1HXWSC,lhglhgl
B08FH8NZDZ,lhglhgl
B08FH8CJVW,lhglhgl
B08CRZZB57,lhglhgl
B08BX3DHXG,lhglhgl
B087N5T2WX,lhglhgl
B087N3D7RC,lhglhgl
B087MYC37V,lhglhgl
B087FZX2GM,lhglhgl
B086YP7DYY,lhglhgl
B08691Q4RY,lhglhgl
B08691LTLT,lhglhgl
B0862G71CD,lhglhgl
B085TKVXSH,lhglhgl
B085FRJB27,lhglhgl
B0855PV6VG,lhglhgl
B08524MTJC,lhglhgl
B084SP7K5H,lhglhgl
B083ZM2PGF,lhglhgl
B083YXRQ66,lhglhgl
B083R6L7RG,lhglhgl
B0836LHX2Y,lhglhgl
B082ZYG9CN,lhglhgl
B082W9KNPB,lhglhgl
B07ZK7WTV6,lhglhgl
B07TTLZ5PX,lhglhgl
B07SQYCD6R,lhglhgl
B07RD8CTHV,lhglhgl
B07QWRG447,lhglhgl
B004KYV79A,lhglhgl
B0047XUMLS,lhglhgl
B003SK1PS0,lhglhgl
B003O58T06,lhglhgl
B003GDISDE,lhglhgl
B002JEF6HC,lhglhgl
B0023TEF2U,lhglhgl
B001U7Q9U2,lhglhgl
B000YQI9ZS,lhglhgl
B000UXROZG,lhglhgl
B000PZK8CK,lhglhgl
B000LF3H90,lhglhgl
B000I98Z2I,lhglhgl
B000I94F4K,lhglhgl
B000I1IG7U,lhglhgl
B000I1DN0A,lhglhgl
B00VM90I7I,lhglhgl
B00VM90I78,lhglhgl
B00UXYMTBG,lhglhgl
B00S1PPHM2,lhglhgl
B00R1OMX5S,lhglhgl
B00PHS7MQK,lhglhgl
B00PB9BFV8,lhglhgl
B00L3E65ME,lhglhgl
B00J7RKTDA,lhglhgl
B00IFKOVSO,lhglhgl
B00DRAVCU2,lhglhgl
B007NQ5QJY,lhglhgl
B00691P888,lhglhgl
B0064PGD6U,lhglhgl
B0055DRGW2,lhglhgl
B005274ZRU,lhglhgl
B000FSQ8I0,lhglhgl
B000FSOZR6,lhglhgl
B000BVOQE4,lhglhgl
B000BO8VPQ,lhglhgl
B0002RVPK0,lhglhgl
B0002JMETE,lhglhgl
B01FLVJFVW,lhglhgl
B00G2I2HNW,lhglhgl
B09TV69K45,lhglhgl
B01HTJ7VL0,lhglhgl
B08CY85RTB,lhglhgl
B0000014OK,lhglhgl
B07RYR3BR7,lhglhgl
B0B4D9LV46,lhglhgl
B0932BYWP7,lhglhgl
B08SW7MJ8F,lhglhgl
B07FY82YPP,lhglhgl
B08GLNPNSJ,lhglhgl
B08M9K53BY,lhglhgl
B00E5PEBCY,lhglhgl
B007QUK1VK,lhglhgl
B08HRP9B51,lhglhgl
B00SZDCCD2,lhglhgl
B00N5R70KS,lhglhgl
B01DYO1D3Q,lhglhgl
B07Q2RBV1R,lhglhgl
B07NSS4BY8,lhglhgl
B08HQ1HVGF,lhglhgl
B009EE2VIW,lhglhgl
B00S19OQ98,lhglhgl
B09K824RWD,lhglhgl
B08412K1V3,lhglhgl
B00019NQ2E,lhglhgl
B08Z799VN2,lhglhgl
B07B8VWS69,lhglhgl
B08MBDLTVB,lhglhgl
B01I289NCM,lhglhgl
B07RV4719W,lhglhgl
B08LCKDDXX,lhglhgl
B00KZ1JH6C,lhglhgl
B078K59R2F,lhglhgl
B00T36QZHE,lhglhgl
B07WTY69CM,lhglhgl
B000W5G692,lhglhgl
B00OPYV5HO,lhglhgl
B09G6FYNWR,lhglhgl
B07H5SRSKL,lhglhgl
B08HN7SNC7,lhglhgl
B083TD2Y1C,lhglhgl
B08HQV385C,lhglhgl
B01IAZ86S4,lhglhgl
B00YQM49VE,lhglhgl
B01I3JJSOS,lhglhgl
B08LGBMGV9,lhglhgl
B07XBJKVS4,lhglhgl
B07443HRWY,lhglhgl
B0721TDS9T,lhglhgl
B0BC7W4TC6,lhglhgl
B08XX31YDQ,lhglhgl
B084Z32GT8,lhglhgl
B083LJ5SJV,lhglhgl
B00T56QQ1W,lhglhgl
B00T32ESL8,lhglhgl
B00RMW1Z3A,lhglhgl
B003U4LEB2,lhglhgl
B000CISLUQ,lhglhgl
B09GV9FTQM,lhglhgl
B09BPV7M8D,lhglhgl
B09137WG5L,lhglhgl
B08ZD2KJJ5,lhglhgl
B08P4RWGFC,lhglhgl
B08HRN9TGJ,lhglhgl
B085HWGZR1,lhglhgl
B083187PQC,lhglhgl
B07ZVGHKM5,lhglhgl
B07JFMQJLB,lhglhgl
B0789PKC6T,lhglhgl
B0771K9P15,lhglhgl
B01BI8P020,lhglhgl
B00C3WLZFW,lhglhgl
B008UW5VJU,lhglhgl
B000KK90U6,lhglhgl
B09V2897ZX,lhglhgl
B09BZQD3R9,lhglhgl
B099K2MY8F,lhglhgl
B095P9TJ2F,lhglhgl
B094NX57LL,lhglhgl
B092VD9485,lhglhgl
B092SGTWBT,lhglhgl
B092HRJD4H,lhglhgl
B092HR8TJF,lhglhgl
B092HBTBZZ,lhglhgl
B092H59CD7,lhglhgl
B092D3B8GX,lhglhgl
B091FNZG9C,lhglhgl
B08ZCVN7NV,lhglhgl
B08ZC4JFF9,lhglhgl
B08Y911SQ5,lhglhgl
B08Y8CKBXK,lhglhgl
B08XZFYMFC,lhglhgl
B08XYRFNYJ,lhglhgl
B08XWD16JG,lhglhgl
B08G87VYCW,lhglhgl
B087RT9WSN,lhglhgl
B087JJ6XVC,lhglhgl
B0873CY41N,lhglhgl
B086KZCWH6,lhglhgl
B086HHDC5T,lhglhgl
B0864WRWX9,lhglhgl
B085VLSN41,lhglhgl
B085S74946,lhglhgl
B085HPV7PJ,lhglhgl
B084SPDG8X,lhglhgl
B0845X32ZZ,lhglhgl
B0844W69X7,lhglhgl
B083K1ZF86,lhglhgl
B083GXKDC1,lhglhgl
B083GNV8B6,lhglhgl
B083GM4FTR,lhglhgl
B0837GDGZC,lhglhgl
B08317WQGN,lhglhgl
B082Z44XQV,lhglhgl
B07X5WD9NV,lhglhgl
B07QRNK9R8,lhglhgl
B07QRCRCZC,lhglhgl
B07QC7N17S,lhglhgl
B07PGNGQY5,lhglhgl
B07PB4YWTY,lhglhgl
B07JLLDVJ3,lhglhgl
B07H4S6QGF,lhglhgl
B07DBCWRMJ,lhglhgl
B079TRTY45,lhglhgl
B079B7ZMXN,lhglhgl
B0771V495L,lhglhgl
B07PWM2381,lhglhgl
B07HQF43GX,lhglhgl
B07F1K8GK2,lhglhgl
B07D6X6ZXK,lhglhgl
B07BP9Y6BS,lhglhgl
B07BNV8VMD,lhglhgl
B07B6TQ1N4,lhglhgl
B0785H7Y2L,lhglhgl
B0752J5846,lhglhgl
B01M6CX4BQ,lhglhgl
B01HZH8NY0,lhglhgl
B01HWP6RW0,lhglhgl
B01EJ11KCW,lhglhgl
B018TD6SZA,lhglhgl
B0153L1ZQI,lhglhgl
B00Y0Q7JTA,lhglhgl
B08XW8SSCW,lhglhgl
B08W1TGS9R,lhglhgl
B08QRPR3PR,lhglhgl
B08QF3PTYC,lhglhgl
B08PZ52P7H,lhglhgl
B08P3TBVSS,lhglhgl
B08NPZ6JCF,lhglhgl
B08NJ7NBJ8,lhglhgl
B08ML2RYDW,lhglhgl
B08LFWPQKG,lhglhgl
B08KD482JF,lhglhgl
B08K98QMKJ,lhglhgl
B08JHQ4R7N,lhglhgl
B08HLDT5L7,lhglhgl
B08HLCNVWB,lhglhgl
B08GPJ4RRZ,lhglhgl
B00S6BJNR6,lhglhgl
B00PG9GZCM,lhglhgl
B00M0BOAEO,lhglhgl
B00GVA7XKS,lhglhgl
B00FND6JZ4,lhglhgl
B00BELVQS4,lhglhgl
B00AU5OG6Y,lhglhgl
B009XIPN9S,lhglhgl
B009M9QOMI,lhglhgl
B0099S4UTQ,lhglhgl
B0082K8FJ8,lhglhgl
B0061LR83O,lhglhgl
B005GMVDCG,lhglhgl
B00555WM9W,lhglhgl
B003ZNDDPS,lhglhgl
B003GDISSO,lhglhgl
B0038RRL4U,lhglhgl
B001U7B8RG,lhglhgl
B001CJVA5W,lhglhgl
B0015506QC,lhglhgl
B0011BOO2M,lhglhgl
B000YP0WV8,lhglhgl
B000Y4OP7G,lhglhgl
B000NHPGCW,lhglhgl
B000FSTPL2,lhglhgl
B000CSGA72,lhglhgl
B000CQ48NW,lhglhgl
B000CHFNQC,lhglhgl
B000C81HCA,lhglhgl
163544201X,lhglhgl
B00F0XUJU8,lhglhgl
B08L4JQTMC,lhglhgl
B003ZHDREQ,lhglhgl
B08617TH13,lhglhgl
B006485OTY,lhglhgl
B00X3R8QZI,lhglhgl
B01CE8QSM4,lhglhgl
B073M9VJ64,lhglhgl
B07Q11LZPC,lhglhgl
B00Z710UAM,lhglhgl
B08WRFMN3F,lhglhgl
B005K8VM1I,lhglhgl
B08FWZPJ3L,lhglhgl
B00UF1MDWC,lhglhgl
B000JSDNUC,lhglhgl
B076QKM1DF,lhglhgl
B0757CQCNN,lhglhgl
B07474ZD5B,lhglhgl
B071P69GH3,lhglhgl
B06XJBFBYD,lhglhgl
B01NBMKCG9,lhglhgl
B01NBIVFO8,lhglhgl
B01L9VTIRY,lhglhgl
B01HE0PDZA,lhglhgl
B018TD5B8U,lhglhgl
B017M32OHE,lhglhgl
B015LJL14I,lhglhgl
B014JM7DF4,lhglhgl
B011BIFX2O,lhglhgl
B00WT7AVEM,lhglhgl
B00V77YCYU,lhglhgl
B07D83VLNJ,lhglhgl
B09GWB6ZL6,lhglhgl
B096DGLQRK,lhglhgl
B078W6SXK5,lhglhgl
B08XC8MTW6,lhglhgl
B07VWH1L12,lhglhgl
B07SQ11Q1K,lhglhgl
B07RXWNLTQ,lhglhgl
B000VJQKJU,lhglhgl
B08XZ721XJ,lhglhgl
B07PS1H2ZQ,lhglhgl
B001LNKP2S,lhglhgl
B000CB0KRK,lhglhgl
B092HQR415,lhglhgl
B08X1W2TQY,lhglhgl
B086MPSN4Y,lhglhgl
B07NC138FQ,lhglhgl
B08HYRRJGM,lhglhgl
B0791CK221,lhglhgl
B07G7Q61RC,lhglhgl
B000FA3YNU,lhglhgl
B0BVM6GVCB,lhglhgl
B0929GT2H6,lhglhgl
B0936ZTQ59,lhglhgl
B09PMTT79K,lhglhgl
B0993T74S4,lhglhgl
B08L53ZCNP,lhglhgl
B083NH6RQR,lhglhgl
B0917CWPV9,lhglhgl
B08M9597TV,lhglhgl
B09N56HBCS,lhglhgl
B0B196GXN9,lhglhgl
B01BI1JG0Y,lhglhgl
B00EU23E1Q,lhglhgl
B07CV663MR,lhglhgl
B074M2RZFY,lhglhgl
B076QHMHS5,lhglhgl
B00NEEM2NW,lhglhgl
1635441986,lhglhgl
B0979M5WG7,lhglhgl
B001CRIL9W,lhglhgl
B097YR29YJ,lhglhgl
B099KHD5V7,lhglhgl
B07MBRTSPY,lhglhgl
B000L85TIY,lhglhgl
B09RG2G86S,lhglhgl
B092MGSKPT,lhglhgl
B084PZG6GV,lhglhgl
B084DMH8S3,lhglhgl
B083V17VYW,lhglhgl
B0832DK5CM,lhglhgl
B07YS7QLGR,lhglhgl
B07H2C6DPY,lhglhgl
B07D2LD5QL,lhglhgl
B07C89T16T,lhglhgl
B0786ZYSSC,lhglhgl
B0777SK1XC,lhglhgl
B072KPDLPC,lhglhgl
B06XV5CQD2,lhglhgl
B06X3SQF99,lhglhgl
B01JF8W6Q8,lhglhgl
B01FLXSWEQ,lhglhgl
B01E9OQ7E0,lhglhgl
B085NQ5VVJ,lhglhgl
B084QHXYBH,lhglhgl
B072MFTWQJ,lhglhgl
B01HDO2KF8,lhglhgl
B01GWWJ5NM,lhglhgl
B0171EQ9BQ,lhglhgl
B00TE1LASC,lhglhgl
B00AXDXKSS,lhglhgl
B000Z4I9ZE,lhglhgl
B09V28QQ53,lhglhgl
B09TZWW22V,lhglhgl
B09TZFB1XH,lhglhgl
B09RWX69ZJ,lhglhgl
B09QRYLZJC,lhglhgl
B095SZ9LCZ,lhglhgl
B093XWCV6W,lhglhgl
B092S6FSPC,lhglhgl
B09265JBFB,lhglhgl
B091TDRG7B,lhglhgl
B091HRYJJG,lhglhgl
B09196N7YN,lhglhgl
B08YRFQGJY,lhglhgl
B08Y8MX6S8,lhglhgl
B08WR43CHY,lhglhgl
B08W8D34SK,lhglhgl
B08QRSL4CP,lhglhgl
B08NFD7MM2,lhglhgl
B08MB29QM1,lhglhgl
B08LQ4YY14,lhglhgl
B092D1H3V7,lhglhgl
B08JH6FW2F,lhglhgl
B08747YVHB,lhglhgl
B086MQDP6G,lhglhgl
B07B4QZCNT,lhglhgl
B076QKCVS6,lhglhgl
B076NGSXMM,lhglhgl
B01JBPFVU8,lhglhgl
B00M9MYXJ6,lhglhgl
B00BVPTST2,lhglhgl
B000H6KEQ2,lhglhgl
B09RWWVR5T,lhglhgl
B08ZB4T6K4,lhglhgl
B08MXBGMTN,lhglhgl
B08HYTB41P,lhglhgl
B086H1VV61,lhglhgl
B08L4D8HH1,lhglhgl
B08J48T2QD,lhglhgl
B08HV51WWC,lhglhgl
B08HLFYS76,lhglhgl
B08HLCQ2NL,lhglhgl
B08HCP91ZC,lhglhgl
B08CSGT662,lhglhgl
B087LQT8KY,lhglhgl
B087JL8B75,lhglhgl
B085WM2YBZ,lhglhgl
B085L18SB3,lhglhgl
B085HM83M8,lhglhgl
B085HGQB58,lhglhgl
B084QH2XMJ,lhglhgl
B084QFXQXH,lhglhgl
B084QBG8N6,lhglhgl
B01DL1NBGY,lhglhgl
B019W9IPQK,lhglhgl
B017JBUOV2,lhglhgl
B016MX3N66,lhglhgl
B0122NYW56,lhglhgl
B00ZUA5I84,lhglhgl
B00X6BC3O6,lhglhgl
B00WC8YCO8,lhglhgl
B00U0BUIFQ,lhglhgl
B00TOWWWWY,lhglhgl
B00G11AORG,lhglhgl
B00FND5I0G,lhglhgl
B00DSX9J3K,lhglhgl
B00AYHGAL2,lhglhgl
B00ADMST9O,lhglhgl
B009S5ILC2,lhglhgl
B009S5G4SA,lhglhgl
B009S5FAT4,lhglhgl
B009S5ETLO,lhglhgl
B0069FMOW2,lhglhgl
B005GMVVLE,lhglhgl
B004RCWZ64,lhglhgl
B004RCUTMQ,lhglhgl
B004O7HTTU,lhglhgl
B004J38GTQ,lhglhgl
B00448FWZ2,lhglhgl
B0034HZ074,lhglhgl
B002M8VGP6,lhglhgl
B001TY9J76,lhglhgl
B001S5JJX0,lhglhgl
B001553RBS,lhglhgl
B000OBC1WA,lhglhgl
B097XRJB62,lhglhgl
B083R5SZC8,lhglhgl
B0823F59FF,lhglhgl
B083LKGT36,lhglhgl
B086HC1RXV,lhglhgl
B07T2VGG73,lhglhgl
B08PC97YHL,lhglhgl
B074ZXJQM1,lhglhgl
B00GGK7BXM,lhglhgl
B07V9JQX8H,lhglhgl
B00K1K8YU2,lhglhgl
B08KZMRCFH,lhglhgl
B0924GR6LK,lhglhgl
B0002GJ7K6,lhglhgl
B084ZN9G1J,lhglhgl
B084VMCQCY,lhglhgl
B004ZJ9VHA,lhglhgl
B00IYRDTTA,lhglhgl
B08MK36PDF,lhglhgl
B091HGB3R9,lhglhgl
B00JU94ZPS,lhglhgl
B00TCQY90U,lhglhgl
B08GLV68FL,lhglhgl
B07T7K7X5L,lhglhgl
B0142WF5F6,lhglhgl
B08777W8ZC,lhglhgl
B084YYYZGR,lhglhgl
B083MY846C,lhglhgl
B00TPL8DO0,lhglhgl
B088T16FTJ,lhglhgl
B07ZJNZN3Q,lhglhgl
B0997QQJS8,lhglhgl
B000O9YE9A,lhglhgl
B000O2NZVK,lhglhgl
B000LVF0BM,lhglhgl
B000I996SA,lhglhgl
B000GBMHQI,lhglhgl
B00X2Y7XCE,lhglhgl
B079LW898F,lhglhgl
B08MXCZK4W,lhglhgl
B0923Y6NSQ,lhglhgl
B06XSGZV5V,lhglhgl
B07XSDYCYN,lhglhgl
B086YMR81D,lhglhgl
B0149GT1MI,lhglhgl
B08KSKWSTN,lhglhgl
B07BHKZSKY,lhglhgl
B08QRB6YTG,lhglhgl
B08N6YH5NK,lhglhgl
B093TKPV3W,lhglhgl
B08XYTDD2D,lhglhgl
B013TBQA0A,lhglhgl
B000CPZW56,lhglhgl
B08LVQWDQS,lhglhgl
B07QBCR8L3,lhglhgl
B015608ZB4,lhglhgl
B008NNY94O,lhglhgl
B00GWU82WK,lhglhgl
B07MKC8DF2,lhglhgl
B003JH8TEK,lhglhgl
B08FTHQ3W2,lhglhgl
B073ZTMN2T,lhglhgl
B08FZBG3LB,lhglhgl
B09M2YQSG6,lhglhgl
B08L5LZ2PG,lhglhgl
B001XW7ID6,lhglhgl
B007IJ0P56,lhglhgl
B092DCC6JQ,lhglhgl
B07K7XS1LR,lhglhgl
B00L8QOZMO,lhglhgl
B07C75CPZ6,lhglhgl
B07XNLHQX4,lhglhgl
B01FFTZWFS,lhglhgl
B00ESZZNVY,lhglhgl
B00PSKDVC6,lhglhgl
B07FCRYH14,lhglhgl
B085F3P5R8,lhglhgl
B08Y75RD59,lhglhgl
B01FQUGZLQ,lhglhgl
B09Q9D5WKG,lhglhgl
B09V4WTP93,lhglhgl
B006488ESC,lhglhgl
B07T93FX7L,lhglhgl
B01IDN5WAS,lhglhgl
B091TVTJJV,lhglhgl
B08HNKGYF6,lhglhgl
B08MF2D9J9,lhglhgl
B08J6ST6J4,lhglhgl
B084YWYV9C,lhglhgl
B07K6D2K5B,lhglhgl
B0719NJNGG,lhglhgl
B0091IP4VM,lhglhgl
B08MF31YZD,lhglhgl
B07JYP3RG5,lhglhgl
B013ETZUS0,lhglhgl
B08HRSMMBG,lhglhgl
B08F9VJ7FV,lhglhgl
B07Y84KW6C,lhglhgl
B08HPDL7HL,lhglhgl
B07SX2RNPY,lhglhgl
B08XZH3DD9,lhglhgl
B08XNH4FZK,lhglhgl
B083ZKT4JS,lhglhgl
B000CISJEE,lhglhgl
1635446732,lhglhgl
B092SJ8PLL,lhglhgl
B08K4CPZXB,lhglhgl
B083SL3NCJ,lhglhgl
B00W4BDO2E,lhglhgl
B00K0JU62S,lhglhgl
B0C4PLZNYT,lhglhgl
B09BMZQ226,lhglhgl
B09139KX1Y,lhglhgl
B08J4KF62M,lhglhgl
B08FQZ9NF7,lhglhgl
B086GQTJJY,lhglhgl
B07ZWJCXN1,lhglhgl
B086KWWKD9,lhglhgl
B08G59P9KS,lhglhgl
B07SXKDBM2,lhglhgl
B07BFG8ZHK,lhglhgl
B07RCZZD3C,lhglhgl
B08GJDGK8P,lhglhgl
B0002VJM60,lhglhgl
B001C7P44W,lhglhgl
B0845LZ9FF,lhglhgl
B07DYKP3RY,lhglhgl
B07KKJZP67,lhglhgl
B002U3L4CI,lhglhgl
B08YR8ZW76,lhglhgl
B009EE2YTS,lhglhgl
B007NDCGH2,lhglhgl
B08M2VFY3B,lhglhgl
B07RTG38K3,lhglhgl
B07P92WZ9H,lhglhgl
B07NZWWWWN,lhglhgl
B07D93SK3M,lhglhgl
B078822WMM,lhglhgl
B00T56QLKI,lhglhgl
B00MOWDII8,lhglhgl
B000EQ2882,lhglhgl
B000CAVE2G,lhglhgl
B0C27HSJCV,lhglhgl
B0BZQP2X93,lhglhgl
B0B3R1VZQ6,lhglhgl
B0B2KWJGHV,lhglhgl
B09Y4NXXYS,lhglhgl
B09RQZTD2T,lhglhgl
B09JKBDHTJ,lhglhgl
B08MVY93PY,lhglhgl
B08MN4NVXN,lhglhgl
B08MN2RK2R,lhglhgl
B08MMQGXW9,lhglhgl
B08MMLZWCT,lhglhgl
B08MCXZ4PX,lhglhgl
B08M9HSW47,lhglhgl
B08M1TRW52,lhglhgl
B08LW56T35,lhglhgl
B08LQZHHQP,lhglhgl
B08LQX1GCH,lhglhgl
B08LMSP4ST,lhglhgl
B08LK9SCGD,lhglhgl
B08LBBZBJK,lhglhgl
B08L4M94LM,lhglhgl
B08L4JN5D4,lhglhgl
B08L1VJNJP,lhglhgl
B08KTMBV43,lhglhgl
B08KFTS326,lhglhgl
B08JTT57FY,lhglhgl
B08JM4D9W3,lhglhgl
B08JKD2MPM,lhglhgl
B08JCLTHVZ,lhglhgl
B08JB37LFR,lhglhgl
B08HWRNZG9,lhglhgl
B08HSDT6KC,lhglhgl
B08HQZHGQN,lhglhgl
B08G8FVJTM,lhglhgl
B08FM3D8RF,lhglhgl
B08FLBF54S,lhglhgl
B08CXMD8VD,lhglhgl
B08CV2FG1F,lhglhgl
B09FJRG9D4,lhglhgl
B0995YDR99,lhglhgl
B096VM8WH4,lhglhgl
B093V4Z7TN,lhglhgl
B091CHKPLD,lhglhgl
B0918253GK,lhglhgl
B08YYL4HN3,lhglhgl
B08YP6Y1DP,lhglhgl
B08YN9QHFR,lhglhgl
B08T23L7M5,lhglhgl
B08RXQZGJ6,lhglhgl
B08R8QK38F,lhglhgl
B08R3VL2P4,lhglhgl
B08PYV6V2M,lhglhgl
B08NW9PQJP,lhglhgl
B08N4C9LGJ,lhglhgl
B083DJW1XC,lhglhgl
B082H8W6S8,lhglhgl
B07VXCYKP2,lhglhgl
B07QGKHTKL,lhglhgl
B07PRRH79N,lhglhgl
B07P9644HS,lhglhgl
B07NPRV6QS,lhglhgl
B07NC1FF5D,lhglhgl
B07DWY7MVM,lhglhgl
B07DJ9H9RY,lhglhgl
B07BHYGC5H,lhglhgl
B0799FTJKV,lhglhgl
B077YN9M5S,lhglhgl
B0746RDP3Q,lhglhgl
B07228WJK9,lhglhgl
B071RCTYX7,lhglhgl
B06XCTWDVS,lhglhgl
B06W9F71VQ,lhglhgl
B01LFJB08K,lhglhgl
B01HQ3ALJI,lhglhgl
B01BNG40CI,lhglhgl
B013FQ0BWC,lhglhgl
B00XI4OXMG,lhglhgl
B00X4GBE2K,lhglhgl
B00WQ02BDG,lhglhgl
B00V539WDW,lhglhgl
B00TO3QMPG,lhglhgl
B00QLQV7XG,lhglhgl
B00OMDO9NK,lhglhgl
B00OFOKT9Y,lhglhgl
B00MEJHILY,lhglhgl
B00J1SXWTS,lhglhgl
B00HJ6BDMW,lhglhgl
B0099S4WEO,lhglhgl
B008322LAY,lhglhgl
B006A2T0SK,lhglhgl
B005LTJBAU,lhglhgl
B004MN9HG4,lhglhgl
B004KYVYK2,lhglhgl
B00448ID08,lhglhgl
B0043R8FQ2,lhglhgl
B0042IYD7M,lhglhgl
B003W5YN9Y,lhglhgl
B003MIGHE0,lhglhgl
B003GDISMU,lhglhgl
B002NEWUWW,lhglhgl
B001Q2MYLO,lhglhgl
B00171816Q,lhglhgl
B08BJVQJXL,lhglhgl
B086X5LPYY,lhglhgl
B086FK5VHR,lhglhgl
B085S8389Z,lhglhgl
B085S7KT1C,lhglhgl
B084KKTMX8,lhglhgl
B084G84FTX,lhglhgl
B084B1XD2R,lhglhgl
B0842XBK2D,lhglhgl
B0842B7CGH,lhglhgl
B083SDV24J,lhglhgl
B083N3Q4BF,lhglhgl
B083M1YMX3,lhglhgl
B083J5GJ8N,lhglhgl
B083J58D4N,lhglhgl
B083FL9KN1,lhglhgl
B000XAN3JC,lhglhgl
B000O2MGGU,lhglhgl
B000MOHJM6,lhglhgl
B000KKX430,lhglhgl
B0006MY7I8,lhglhgl
B0824BHGHB,lhglhgl
B000002BI5,lhglhgl
B013RO9MXQ,lhglhgl
B083WPWLMH,lhglhgl
B0083TS7UU,lhglhgl
B08XJNZ8ZW,lhglhgl
B00CM5TNVI,lhglhgl
B083W78QYK,lhglhgl
B00OPBGALS,lhglhgl
B0062WU7ZI,lhglhgl
B07CRFY9S8,lhglhgl
B09W22P13L,lhglhgl
B07BP8P88F,lhglhgl
B08L4J4SXX,lhglhgl
B001LJMAGG,lhglhgl
B00NTE4QYA,lhglhgl
B07DGM1KT8,lhglhgl
B078WY5B5T,lhglhgl
B0819CXN9B,lhglhgl
B07DLXL4GL,lhglhgl
B07HBQSBHS,lhglhgl
B07Y8QWBY1,lhglhgl
B00UTTRYII,lhglhgl
B077TXJ2NJ,lhglhgl
B00JP6N8LS,lhglhgl
B09PMFFD44,lhglhgl
B000CQ49AY,lhglhgl
B01N6Y3D8D,lhglhgl
B08HR1JYSW,lhglhgl
B08JH9LLG1,lhglhgl
B082VTJ1RC,lhglhgl
B005T8YDBK,lhglhgl
B092HTCTRT,lhglhgl
B082VK3LGM,lhglhgl
B08KSDN32Q,lhglhgl
B08LVHYN8R,lhglhgl
B091V4H6GM,lhglhgl
B086SX84BQ,lhglhgl
B08LDFC4Y5,lhglhgl
B001CK0LUG,lhglhgl
B08M64YMTG,lhglhgl
B08M65F1PK,lhglhgl
B005T8WXCG,lhglhgl
B091B8LG51,lhglhgl
B08GZCS5JP,lhglhgl
B08QLXRYWF,lhglhgl
B07B4KT7C6,lhglhgl
B07PNZTJVK,lhglhgl
B010Q3J1PA,lhglhgl
B08M9C71P2,lhglhgl
B0865MJ3RX,lhglhgl
B0848DGZM9,lhglhgl
B07FPYYBRJ,lhglhgl
B09NRWXXSP,lhglhgl
B08YVFCHPB,lhglhgl
B08XZ16MNJ,lhglhgl
B08JLP164P,lhglhgl
B07TLDLNZN,lhglhgl
B01BY9SQV0,lhglhgl
B0002M79TQ,lhglhgl
B08PDR4LBP,lhglhgl
B00RMWA108,lhglhgl
B00JX8XYNA,lhglhgl
B0BM9PXYBR,lhglhgl
B086SFMP53,lhglhgl
B08KZH691D,lhglhgl
B082W3P7DS,lhglhgl
B0BDGH1DTC,lhglhgl
B002UC16GS,lhglhgl
B07VCQBVWP,lhglhgl
B086SX9NPV,lhglhgl
B08JR37Q66,lhglhgl
B08HVVVRBY,lhglhgl
B09CK6QGM7,lhglhgl
B08RDF4VNL,lhglhgl
B08HHK6FM3,lhglhgl
B08C4RWZ1N,lhglhgl
B076QJ9B1T,lhglhgl
B071ZG4Y34,lhglhgl
B01BI7Q2SW,lhglhgl
B08H1P9X2B,lhglhgl
B08ZYL6T12,lhglhgl
B08ZD24V6T,lhglhgl
B08VRCBGS4,lhglhgl
B07F382QZQ,lhglhgl
B07CHY5KR3,lhglhgl
B00TO3CQ2E,lhglhgl
B09Q7SW4LH,lhglhgl
B099DTZCNS,lhglhgl
B08QF4VBR6,lhglhgl
B08LKV7D14,lhglhgl
B08G4GVJK8,lhglhgl
B00M0ZGKG6,lhglhgl
B00GBFGGX8,lhglhgl
B08C7SHJCT,lhglhgl
B07GRPPMG9,lhglhgl
B099K2QYYP,lhglhgl
B097P19MH1,lhglhgl
B08ZXTXMK7,lhglhgl
B08Y8PHG41,lhglhgl
B08HQVFMJ4,lhglhgl
B08B693QDN,lhglhgl
B0874CJMSN,lhglhgl
B08749RBWZ,lhglhgl
B086L2X8DZ,lhglhgl
B084RJ8FR9,lhglhgl
B076DQ622Y,lhglhgl
B074L9X5Q2,lhglhgl
B003SSWEXM,lhglhgl
B0BGMN33LM,lhglhgl
B0B785WHZP,lhglhgl
B09FLDSBRW,lhglhgl
B08MZ49BWJ,lhglhgl
B08MKQVGD4,lhglhgl
B08H1JCLZV,lhglhgl
B08GF9M799,lhglhgl
B08G8ZPLSB,lhglhgl
B08G7YDK6N,lhglhgl
B08FNXN2GF,lhglhgl
B08FNPYKYL,lhglhgl
B08746QT9G,lhglhgl
B083TH6K3P,lhglhgl
B07YN9WXC3,lhglhgl
B07KWMH4RH,lhglhgl
B076QHQZ4G,lhglhgl
B0CLGHG7RB,lhglhgl
B0BF2X8QN7,lhglhgl
B0BC9F2WXQ,lhglhgl
B09WK3VN19,lhglhgl
B09WDY3B4Z,lhglhgl
B09VX9LDS9,lhglhgl
B09T3KG999,lhglhgl
B09SKN8WHS,lhglhgl
B09S7PS5H4,lhglhgl
B09S553G9J,lhglhgl
B09RSQ6VCN,lhglhgl
B09QRTPKQ9,lhglhgl
B09QRNMKWK,lhglhgl
B09PC91PTF,lhglhgl
B09PBKCJNV,lhglhgl
B09JC6L3SH,lhglhgl
B09B1H6ZW8,lhglhgl
B099K2V658,lhglhgl
B099FGWDXS,lhglhgl
B098RDJ6KF,lhglhgl
B092VZ23ZF,lhglhgl
B092VDCTG1,lhglhgl
B092VCJ42W,lhglhgl
B092PKT5GP,lhglhgl
B09247H8HQ,lhglhgl
B0923Z4D1R,lhglhgl
B0923WRPW7,lhglhgl
B0923SRR1Y,lhglhgl
B091YC8TN8,lhglhgl
B0916XRNHZ,lhglhgl
B08ZM77DCB,lhglhgl
B08Z7LTMBZ,lhglhgl
B08Z7FMTWY,lhglhgl
B08YYHBLTN,lhglhgl
B08XX3H5BW,lhglhgl
B08W2MCZZC,lhglhgl
B08T6QN938,lhglhgl
B08SLFF9KH,lhglhgl
B08NB6TD1W,lhglhgl
B08N6QHJ9J,lhglhgl
B08MVZSWS2,lhglhgl
B08MV9X869,lhglhgl
B08MKSBMR7,lhglhgl
B08MJX23S3,lhglhgl
B08MB3JYTV,lhglhgl
B08M1TNPQS,lhglhgl
B08LKVQB1G,lhglhgl
B08L6QYJQP,lhglhgl
B08KYL11LB,lhglhgl
B08KXL2764,lhglhgl
B08KW8RYX5,lhglhgl
B08KRK8FTY,lhglhgl
B08K8PZRRV,lhglhgl
B08HYQNB2V,lhglhgl
B08HWR6MV4,lhglhgl
B08HQYKMYX,lhglhgl
B08HQF36V8,lhglhgl
B08H8MXQ77,lhglhgl
B08H5TSNLS,lhglhgl
B08H1834QP,lhglhgl
B08GPYD44V,lhglhgl
B08GP5FK41,lhglhgl
B08GLG4PD1,lhglhgl
B08GFK2QK6,lhglhgl
B08G5B3RJL,lhglhgl
B088F6PJ1Z,lhglhgl
B08747K58V,lhglhgl
B07XB351BG,lhglhgl
B07TC5V3DW,lhglhgl
B07NWBR94V,lhglhgl
B07HCY9YJB,lhglhgl
B07F2PJZSX,lhglhgl
B07BN918DF,lhglhgl
B0779B54H8,lhglhgl
B0775SJ4MV,lhglhgl
B074D53X2Z,lhglhgl
B071D55G1F,lhglhgl
B06ZZ69L7J,lhglhgl
B06Y39H742,lhglhgl
B01N2JRUGH,lhglhgl
B01J9JCSDE,lhglhgl
B01I3D6FHW,lhglhgl
B01EM73LTS,lhglhgl
B01D92SCX2,lhglhgl
B018T8GPOY,lhglhgl
B013J4G96M,lhglhgl
B010ICUBLC,lhglhgl
B00UJUDY4A,lhglhgl
B00TO3RG60,lhglhgl
B00TO3L6YS,lhglhgl
B00TO3K73O,lhglhgl
B00TO3K4MS,lhglhgl
B00TO3GB0W,lhglhgl
B00TO3CROQ,lhglhgl
B00TO3C48U,lhglhgl
B00TO3C18I,lhglhgl
B00TO3BQ84,lhglhgl
B00TO3BLLQ,lhglhgl
B00TO3AWRU,lhglhgl
B0873ZGBZ8,lhglhgl
B0873Y4MWN,lhglhgl
B086HCWYRJ,lhglhgl
B086CBP4P6,lhglhgl
B085S7ZV6T,lhglhgl
B085RBCNN6,lhglhgl
B0854HXQYP,lhglhgl
B084Q21QFJ,lhglhgl
B083FQ754L,lhglhgl
B083FQ36S5,lhglhgl
B0838TMZ1D,lhglhgl
B082H8Z2XF,lhglhgl
B0812722CC,lhglhgl
B07Z3MRT72,lhglhgl
B07XQBKHDB,lhglhgl
B07XM5YZ4Q,lhglhgl
B00TO3A8DS,lhglhgl
B00NODDHLY,lhglhgl
B00NA5ZNEU,lhglhgl
B00M4FX0PQ,lhglhgl
B00L2H04AG,lhglhgl
B00KKY0XW6,lhglhgl
B00DSX9HC8,lhglhgl
B00CRN1JKS,lhglhgl
B00BFU7H3C,lhglhgl
B00AYO0J44,lhglhgl
B009S5GBO2,lhglhgl
B009S5EX8I,lhglhgl
B009HENW6O,lhglhgl
B009EJ30VO,lhglhgl
B007QXZ6D0,lhglhgl
B007BDAPV8,lhglhgl
B08PVG3MTR,lhglhgl
B083R36TH4,lhglhgl
B08YWSVCSM,lhglhgl
B0009MZW7A,lhglhgl
B086LCGTBL,lhglhgl
B00V5JEIZS,lhglhgl
B0081K02N6,lhglhgl
B079J2G1RC,lhglhgl
B07X7XCTTH,lhglhgl
B006TSI7D4,lhglhgl
B07XXMVSPV,lhglhgl
B074SQJSCG,lhglhgl
B08FMP67FT,lhglhgl
B07T5KN1DS,lhglhgl
B08KXV78Z4,lhglhgl
B09MQ7MB19,lhglhgl
B07RXF91VZ,lhglhgl
B092DW6L2D,lhglhgl
B07GNMYRTN,lhglhgl
B09RZTMYRH,lhglhgl
B07G8Z1BH7,lhglhgl
B08XYGRB27,lhglhgl
B00VAIEBNI,lhglhgl
B07CCH5BLJ,lhglhgl
B08VYF2ML4,lhglhgl
B07RN1VL18,lhglhgl
B08MKQ9RTL,lhglhgl
B07QLNTG5B,lhglhgl
B092J1YTQR,lhglhgl
B08LKKC3TX,lhglhgl
B09D3HGCPH,lhglhgl
B084YT9S7W,lhglhgl
B07SG7HRX7,lhglhgl
B085DJTP78,lhglhgl
B085SY6L1R,lhglhgl
B08K8QY198,lhglhgl
B00HJOJS9O,lhglhgl
B002EC9MD8,lhglhgl
B07XZ2725F,lhglhgl
B09SD3N3V5,lhglhgl
B0929G16YT,lhglhgl
B017J23FYO,lhglhgl
B0BR8PFWSG,lhglhgl
B07QQRW41Y,lhglhgl
B000GBD11S,lhglhgl
B08CN6SKGM,lhglhgl
B005UZHLZW,lhglhgl
B08M3WRYDX,lhglhgl
B08LCJQCKB,lhglhgl
B08MZ6LKDL,lhglhgl
B08K3BF5MZ,lhglhgl
B08ZJ1P9QZ,lhglhgl
B07C35H4ND,lhglhgl
B09SD654LM,lhglhgl
B08NB46LC9,lhglhgl
B08NV6Z2SR,lhglhgl
B08HDGP5V6,lhglhgl
B0845PWHP6,lhglhgl
B0871FTYNB,lhglhgl
B08H5NRH48,lhglhgl
B086YNJDMS,lhglhgl
B00MHD6C6O,lhglhgl
B07ZCX74QG,lhglhgl
B00C75WI9M,lhglhgl
B000CHBMVC,lhglhgl
B000BQUDVY,lhglhgl
B000AIGVJ6,lhglhgl
B0006N6T92,lhglhgl
B00016XJZ6,lhglhgl
B07BDFRN41,lhglhgl
B078MB5G6V,lhglhgl
B01C6WXQNW,lhglhgl
B08X15XKBT,lhglhgl
B07SZ3FDW5,lhglhgl
B07S6BHP7K,lhglhgl
B00L45NB4M,lhglhgl
B091SC5JL3,lhglhgl
B08SJF246N,lhglhgl
B08MPXG7P6,lhglhgl
B08L38WJ22,lhglhgl
B08JZ1Z4KY,lhglhgl
B07ZMLW7LG,lhglhgl
B07J6776QW,lhglhgl
B07BLNPHG3,lhglhgl
B01GVPKVS8,lhglhgl
B011BIFX4C,lhglhgl
B00KIQKMRM,lhglhgl
B003GDIRH6,lhglhgl
B09SVNQSRC,lhglhgl
B092J992YH,lhglhgl
B08ZXXQ123,lhglhgl
B08X72N1MN,lhglhgl
B08V1HN52D,lhglhgl
B08HWSL9VS,lhglhgl
B084KZWK1C,lhglhgl
B0779BBC1F,lhglhgl
B076DQ62WW,lhglhgl
B01N474066,lhglhgl
B01GWA93FY,lhglhgl
B01GW40GAQ,lhglhgl
B01AHG7SBA,lhglhgl
B00Z98YT50,lhglhgl
B00MTZZO8W,lhglhgl
B0033UPBPS,lhglhgl
B002L1GN2A,lhglhgl
B000GU0U0E,lhglhgl
B000FG9XR0,lhglhgl
B0BKL981LY,lhglhgl
B0BGSG35YM,lhglhgl
B0B323CMYB,lhglhgl
B09XJBN7JT,lhglhgl
B09V7GKWPZ,lhglhgl
B09TTDBD2H,lhglhgl
B09RXMJZB4,lhglhgl
B09RQZ7SHK,lhglhgl
B09H35GS5N,lhglhgl
B09F2T4Q25,lhglhgl
B005XD4EEW,lhglhgl
B005I0KHCS,lhglhgl
B004BU7JGS,lhglhgl
B00443INJY,lhglhgl
B003GDISMA,lhglhgl
B003GDIQGI,lhglhgl
B0032D6TE8,lhglhgl
B001P2755U,lhglhgl
B001FQL3AY,lhglhgl
B001550798,lhglhgl
B00114RJ5S,lhglhgl
B000O38JQU,lhglhgl
B000LC25CI,lhglhgl
B000KKVC5M,lhglhgl
B000EDTYCI,lhglhgl
B000CSK4H4,lhglhgl
B08KT2TR43,lhglhgl
B08JVNXKH8,lhglhgl
B08J6TTZKD,lhglhgl
B08GQW983T,lhglhgl
B08FX68CG2,lhglhgl
B08FMLC3LX,lhglhgl
B08FFK1Q2Y,lhglhgl
B08DQVBRJ8,lhglhgl
B089PZPMR3,lhglhgl
B0878XZ9XL,lhglhgl
B0874LMCVF,lhglhgl
B086X9XR8L,lhglhgl
B086DG4T8R,lhglhgl
B0864VYRFJ,lhglhgl
B085XC4D4X,lhglhgl
B085S7R1WG,lhglhgl
B085JQQVB1,lhglhgl
B08591KD4L,lhglhgl
B084G8NJG3,lhglhgl
B0841JJKJZ,lhglhgl
B083MVZGNC,lhglhgl
B083J5YK3K,lhglhgl
B0837WNCQW,lhglhgl
B0833KZH2M,lhglhgl
B08318DSRN,lhglhgl
B082TRCT8J,lhglhgl
B082HHVCRK,lhglhgl
B082H7Q14H,lhglhgl
B0814RQ5BB,lhglhgl
B07ZKK8WCD,lhglhgl
B07Z3N3V51,lhglhgl
B07Y2Q7J5K,lhglhgl
B07SFD7J9X,lhglhgl
B07RP3NVQ3,lhglhgl
B07Q283TX5,lhglhgl
B07PB3WGYL,lhglhgl
B07P92VZYC,lhglhgl
B07DS2FF6Q,lhglhgl
B07B4BHN7J,lhglhgl
B079WWNV8W,lhglhgl
B079TRJLZD,lhglhgl
B075JFG3LX,lhglhgl
B01KYPYHNQ,lhglhgl
B01GWA78I8,lhglhgl
B0171ANYVS,lhglhgl
B012DHA44Y,lhglhgl
B0124DHVDY,lhglhgl
B00XPRHR6U,lhglhgl
B00T56Q2XO,lhglhgl
B00MJXT9GM,lhglhgl
B00GA4EVQ4,lhglhgl
B00EZWY3WU,lhglhgl
B00EDFJFD6,lhglhgl
B00DIGKSE6,lhglhgl
B00DC959VG,lhglhgl
B00D2YZJI4,lhglhgl
B009S5FJS6,lhglhgl
B008V5F4ES,lhglhgl
B0067OE4R8,lhglhgl
B005VGIGQ8,lhglhgl
B004KYX3CY,lhglhgl
B004CLDPVY,lhglhgl
B0035V1JUQ,lhglhgl
B0029LIXXE,lhglhgl
B09B3JB1N3,lhglhgl
B093LM3P42,lhglhgl
B093C32C1T,lhglhgl
B092HDB4WL,lhglhgl
B091Y55Y6G,lhglhgl
B0918BD7YN,lhglhgl
B08ZYKBZJP,lhglhgl
B08ZKYM721,lhglhgl
B08Z2SDGQG,lhglhgl
B08YHBX425,lhglhgl
B08Y6FNFZP,lhglhgl
B08SH7JDCG,lhglhgl
B08NGHZQHL,lhglhgl
B08MW4TLJG,lhglhgl
B08M3VHCFS,lhglhgl
B08M3T1QZS,lhglhgl
B001TNKNJA,lhglhgl
B00154Y6GO,lhglhgl
B000V6WC2M,lhglhgl
B000RTZ48W,lhglhgl
B000H5RVCS,lhglhgl
B0006OCIDW,lhglhgl
B0B522W5T8,lhglhgl
B07P9V4FDF,lhglhgl
B09129L82S,lhglhgl
1635443733,lhglhgl
B07H5PHMDB,lhglhgl
B09GNBSJP9,lhglhgl
B01DYLNV5M,lhglhgl
B012Y3G6XU,lhglhgl
B0915GM6MP,lhglhgl
B0007WRQG2,lhglhgl
B006485ZZC,lhglhgl
B08PV788LC,lhglhgl
B093D9PZHT,lhglhgl
B091MLHKK1,lhglhgl
B0757HTDG2,lhglhgl
B0855PTM3S,lhglhgl
B07W45RJZ3,lhglhgl
B004I1K4RG,lhglhgl
B08HNBC2Z3,lhglhgl
B002LCF7Y4,lhglhgl
B09T6QB1V6,lhglhgl
B07L854WFZ,lhglhgl
B07R1XKVD4,lhglhgl
B07XX5SWPJ,lhglhgl
B010CFSUUO,lhglhgl
B000YOX3FG,lhglhgl
B08G8DZKT4,lhglhgl
B08XW4S9BM,lhglhgl
B08MT84137,lhglhgl
B092VGTFR8,lhglhgl
B08YR7BBK3,lhglhgl
B077GTTK87,lhglhgl
B07RKN2ZQN,lhglhgl
B09XLW716W,lhglhgl
B01E3AJAK8,lhglhgl
B009S5HPYW,lhglhgl
B071RBVJJC,lhglhgl
B07N4GVR7Z,lhglhgl
B0CFGT4PPG,lhglhgl
B08JPPB8B5,lhglhgl
B086SWR4LV,lhglhgl
B003IBMFXS,lhglhgl
B08DT8TDW1,lhglhgl
B0721QYC94,lhglhgl
B07B4LPDZL,lhglhgl
B00WCS55D0,lhglhgl
B0973WQK3H,lhglhgl
B08RRW1PPM,lhglhgl
B000000N9X,lhglhgl
B09WZQXGMF,lhglhgl
B09V14VM61,lhglhgl
B007UQ8IQA,lhglhgl
B0CCJRFFTY,lhglhgl
B09ZP4QZN4,lhglhgl
B078YLRFRD,lhglhgl
B093WZDVKY,lhglhgl
B005ETALOM,lhglhgl
B002UC4TIK,lhglhgl
B00IUPOLMU,lhglhgl
B07QSWFZHY,lhglhgl
B08PNJV1MY,lhglhgl
B005B0QYKY,lhglhgl
B08XQQ6RSV,lhglhgl
B010CAF0DO,lhglhgl
B07K12NHS2,lhglhgl
B00AWYKLGC,lhglhgl
B0B1MBFXPQ,lhglhgl
B0814RGJ2R,lhglhgl
B07QB1BQYN,lhglhgl
B07JCL9BX3,lhglhgl
B06Y481FHX,lhglhgl
B091ZL3PBW,lhglhgl
B08FNNJJ24,lhglhgl
B087MZT87G,lhglhgl
B085T4BLY7,lhglhgl
B0839322BK,lhglhgl
B07M91B3BB,lhglhgl
B071PBFHZ6,lhglhgl
B000QGGHPK,lhglhgl
B08ZM7N9GH,lhglhgl
B08KF3Z72B,lhglhgl
B08C6XSWFQ,lhglhgl
B0871XLN5K,lhglhgl
B085M25GFT,lhglhgl
B07TT6WS7X,lhglhgl
B074D9DV5N,lhglhgl
B01N5HRVY8,lhglhgl
B099W15M46,lhglhgl
B08QF1PS67,lhglhgl
B08P3VRKCF,lhglhgl
B08NPBXMNT,lhglhgl
B08K7BMTQ5,lhglhgl
B08DDC4P3J,lhglhgl
B07KMX3C9D,lhglhgl
B004H36H58,lhglhgl
B0006IKADI,lhglhgl
B0CD1H4YQW,lhglhgl
B0BBFSQK62,lhglhgl
B09V28H64N,lhglhgl
B09TXPJZTV,lhglhgl
B09TT3BKHM,lhglhgl
B09T5ZZQDP,lhglhgl
B09SYQMLVQ,lhglhgl
B09NP79694,lhglhgl
B09KVFSKPD,lhglhgl
B09KH3SWT9,lhglhgl
B09JWGSWSQ,lhglhgl
B09B1WVZF3,lhglhgl
B099W2M3JC,lhglhgl
B0991WSBQ9,lhglhgl
B097ST4QNB,lhglhgl
B092PT25VD,lhglhgl
B09F6PM7HT,lhglhgl
B09CYKPWF6,lhglhgl
B08ZYHVSDR,lhglhgl
B08ZM6RMYB,lhglhgl
B08QHZNJ69,lhglhgl
B08LLH4JFV,lhglhgl
B08KR844TK,lhglhgl
B085HN3KV8,lhglhgl
B0782YLVKH,lhglhgl
B01MRZI6F2,lhglhgl
B00SEER624,lhglhgl
B00KKOAMN6,lhglhgl
B002BLF68C,lhglhgl
B001AEI3NG,lhglhgl
1635441129,lhglhgl
B0CL6J4FLL,lhglhgl
B00183DVW2,lhglhgl
B0B4JXX5SY,lhglhgl
B09BQJTQW5,lhglhgl
B09T9GN693,lhglhgl
B0068GHLXE,lhglhgl
B08NPDDK3N,lhglhgl
B004XJQ9TK,lhglhgl
B09DMZCJJP,lhglhgl
B002NGP14O,lhglhgl
B07VYG58R1,lhglhgl
B07SLJGRB3,lhglhgl
B09233H1D8,lhglhgl
B0911WV54T,lhglhgl
B08X9322LM,lhglhgl
B085Q3DDKN,lhglhgl
B07TXJKB99,lhglhgl
B092HRWL4M,lhglhgl
B092HHWS3L,lhglhgl
B092HCDYG8,lhglhgl
B092H7DPQQ,lhglhgl
B0921FFKTD,lhglhgl
B091FZV1VN,lhglhgl
B0912RJL9W,lhglhgl
B08ZYHVXQD,lhglhgl
B08ZM97QV9,lhglhgl
B08ZM8Q325,lhglhgl
B08ZM8NF4R,lhglhgl
B08ZM89SNM,lhglhgl
B08ZM89MDH,lhglhgl
B08ZM81HQM,lhglhgl
B08ZM7N4N2,lhglhgl
B08ZM7JR2W,lhglhgl
B07QRYVCQS,lhglhgl
B07PMZL3R3,lhglhgl
B07PJQNFXB,lhglhgl
B07PB4QTZG,lhglhgl
B07PB28PCR,lhglhgl
B07LH5YVCH,lhglhgl
B07HHZYHW5,lhglhgl
B07HC95J5H,lhglhgl
B07FDNPBGH,lhglhgl
B07D6X3VFR,lhglhgl
B07BLQCD21,lhglhgl
B07BB43ZW3,lhglhgl
B07BB3WQWN,lhglhgl
B07B9MMVNW,lhglhgl
B07B9LK7MJ,lhglhgl
B07B4MPTPR,lhglhgl
B08K2NSLL9,lhglhgl
B08JTQT6YJ,lhglhgl
B08JQSCXGH,lhglhgl
B08HSXRW3K,lhglhgl
B08HSX97RW,lhglhgl
B08HRW7N7J,lhglhgl
B08H7ZCXG5,lhglhgl
B08GCDLKQN,lhglhgl
B08G8WZ8WB,lhglhgl
B08FNMZKCR,lhglhgl
B08FLCMSMY,lhglhgl
B08DJ9MX46,lhglhgl
B087JQQHPQ,lhglhgl
B086M6JQKN,lhglhgl
B086HCWDMZ,lhglhgl
B085ZTQBWQ,lhglhgl
B0045RSD62,lhglhgl
B003XEVN4W,lhglhgl
B003LAVZ1E,lhglhgl
B003L3P2CE,lhglhgl
B002YKG6RA,lhglhgl
B002FCOOB2,lhglhgl
B001GCB6SQ,lhglhgl
B000ZG5DCO,lhglhgl
B000UGR1A6,lhglhgl
B000T95QW4,lhglhgl
B000PIGKC4,lhglhgl
B000J2DY7U,lhglhgl
B000H8BMRU,lhglhgl
B000FVHJ1W,lhglhgl
B000CSK4FG,lhglhgl
B000CSGAFE,lhglhgl
B08ZM69QJX,lhglhgl
B08ZM5V4B5,lhglhgl
B08ZM1TJPT,lhglhgl
B08YDRF3QQ,lhglhgl
B08XX2BHJK,lhglhgl
B08X3DXFH6,lhglhgl
B08WPLHCFW,lhglhgl
B08SBZQD9J,lhglhgl
B08QRWLW6R,lhglhgl
B08MVC9NQ1,lhglhgl
B08MK55K16,lhglhgl
B08M8ZQJ93,lhglhgl
B08LKRJ7GB,lhglhgl
B08LHBRGML,lhglhgl
B08KG2KRBD,lhglhgl
B08K3QK9JJ,lhglhgl
B085TDHGXQ,lhglhgl
B085T1SK31,lhglhgl
B085S88WNX,lhglhgl
B085S6X3ST,lhglhgl
B085JVTYKB,lhglhgl
B085DSTVGW,lhglhgl
B0858DCRNX,lhglhgl
B084GHGS5B,lhglhgl
B084DBPGGV,lhglhgl
B0845ZYKPW,lhglhgl
B083ZHWRQ8,lhglhgl
B083ZH244S,lhglhgl
B083QZ7KPG,lhglhgl
B0822K27KK,lhglhgl
B081F3BZV9,lhglhgl
B07S5D1C72,lhglhgl
B00INYN0FW,lhglhgl
B00DSX9KS4,lhglhgl
B00CABU8W2,lhglhgl
B009S5GVTM,lhglhgl
B009S5GF98,lhglhgl
B009S5GDOU,lhglhgl
B0099380M4,lhglhgl
B0093OCL1A,lhglhgl
B008I3LIKC,lhglhgl
B007NEDH1K,lhglhgl
B0074ON9SK,lhglhgl
B0065OKBZ4,lhglhgl
B005Q06QAM,lhglhgl
B0055DTJXQ,lhglhgl
B00519PPQY,lhglhgl
B004KYX1ZI,lhglhgl
B077M2TQPQ,lhglhgl
B076NK59NB,lhglhgl
B075R9GK6N,lhglhgl
B072JVP42T,lhglhgl
B06XKSK68J,lhglhgl
B01N6GH1OU,lhglhgl
B017MSH5CS,lhglhgl
B0148UPG10,lhglhgl
B00Y0QG9H8,lhglhgl
B00W4BF760,lhglhgl
B00U7W3Z94,lhglhgl
B00TO3G92C,lhglhgl
B00TO3CPPW,lhglhgl
B00TO3C9T4,lhglhgl
B00T56QK5E,lhglhgl
B00SER7QHG,lhglhgl
B000CQ6J3O,lhglhgl
B000BPBFUI,lhglhgl
B0006OCIQ4,lhglhgl
B0006MZUF2,lhglhgl
B0162WBR88,lhglhgl
B07NPY8NRQ,lhglhgl
B09SCSXN6B,lhglhgl
B005B0QYW2,lhglhgl
B08CMSXWR9,lhglhgl
B004D67ZO6,lhglhgl
B00WDZOPII,lhglhgl
B085VWZBGZ,lhglhgl
B007USSI0Y,lhglhgl
B07YXQBYB3,lhglhgl
B00L5GW4T8,lhglhgl
B08VV28TLR,lhglhgl
B09V91S967,lhglhgl
B098J299PR,lhglhgl
B00443N3Y4,lhglhgl
1635449928,lhglhgl
B09P8FNH3Z,lhglhgl
B079GLSK4C,lhglhgl
B08L4JQQFG,lhglhgl
B07LDQPPRY,lhglhgl
B08L1NMR5J,lhglhgl
B0784SQBXP,lhglhgl
B0042NJ0JI,lhglhgl
B00QMSOZ1O,lhglhgl
B08YVJ87VJ,lhglhgl
B08J3ZRTLQ,lhglhgl
B07WLPF2BS,lhglhgl
B08J2PCB5Y,lhglhgl
B007IJ0PI8,lhglhgl
B0BW2ZBBYD,lhglhgl
B004BNJDH8,lhglhgl
B07T7YL3H2,lhglhgl
B005GQYXTC,lhglhgl
B077JNXKR9,lhglhgl
B08K3M4BPK,lhglhgl
B000000N6S,lhglhgl
B001NHZ2L6,lhglhgl
B002JODUVQ,lhglhgl
B07PV1FT4H,lhglhgl
B00YHFEKYG,lhglhgl
B0002BET90,lhglhgl
B0090JBAPG,lhglhgl
B08DD5M5PR,lhglhgl
B000000N97,lhglhgl
B07M94XPS9,lhglhgl
B07BS2WG5V,lhglhgl
B07PL9TTC9,lhglhgl
B002MPYSCM,lhglhgl
B06XWGFFH2,lhglhgl
B084WWNKS5,lhglhgl
B0859XH549,lhglhgl
B00MIBP8X8,lhglhgl
B00DT55OJA,lhglhgl
B08MF1586Y,lhglhgl
B0876MS819,lhglhgl
B0B6HQ81YB,lhglhgl
1639470301,lhglhgl
B00IYRLUUA,lhglhgl
B08G5ZGD2D,lhglhgl
B07WLCQJQ4,lhglhgl
B07G7112Y6,lhglhgl
B0045DEPRW,lhglhgl
B084ZMRNRR,lhglhgl
B07C1N942S,lhglhgl
B09SZ3TJNJ,lhglhgl
B017J2WSXI,lhglhgl
B00LL47K4S,lhglhgl
B0912362N5,lhglhgl
B08HYTF9DW,lhglhgl
B08L34DLLK,lhglhgl
B0BKVDGHPS,lhglhgl
B08L9BLMM6,lhglhgl
B004QTO2X2,lhglhgl
B08LGT2YNR,lhglhgl
B0915VPRV3,lhglhgl
B08MVK4Z3C,lhglhgl
B09VT2RPM2,lhglhgl
B0838M4HM6,lhglhgl
B07M96FS9L,lhglhgl
B099ZKYX8J,lhglhgl
B09L1CV8MM,lhglhgl
B07QNH7NL8,lhglhgl
B075GCGSVY,lhglhgl
B08M3Z1GTV,lhglhgl
B085LSYM5B,lhglhgl
B08K3681C3,lhglhgl
B092M39SGT,lhglhgl
B08M81WZNW,lhglhgl
B08JK5SCDW,lhglhgl
B0002F56MA,lhglhgl
B01LMW08GU,lhglhgl
B08HR1ZSB8,lhglhgl
B0859JRPWS,lhglhgl
B0BKSXSR9D,lhglhgl
B08XVRM6K6,lhglhgl
B00VX0NEFE,lhglhgl
163544893X,lhglhgl
B00IUP5C00,lhglhgl
B09PVM4B9B,lhglhgl
B091HQB14X,lhglhgl
B00MJXT458,lhglhgl
B09J4DBSLG,lhglhgl
B00IPKVN80,lhglhgl
B092H5RZ9V,lhglhgl
B08MQ2KPSQ,lhglhgl
B08LLD9CQZ,lhglhgl
B00KY4W0KU,lhglhgl
1635448735,lhglhgl
1635448697,lhglhgl
B07XG2MF37,lhglhgl
B08M38J6FJ,lhglhgl
B0821VWSSH,lhglhgl
B08KJ96D68,lhglhgl
B085W9KJ3Y,lhglhgl
B07KX3TRYL,lhglhgl
B01DLYCG8U,lhglhgl
B0002N28FK,lhglhgl
B08HQVTKS9,lhglhgl
B00CTT8IWC,lhglhgl
B003VE775I,lhglhgl
B0BZB9R6GT,lhglhgl
B09T7BDBML,lhglhgl
B091HW51HZ,lhglhgl
B091CGKHTL,lhglhgl
B085TMHQF3,lhglhgl
B07ZG7VS9K,lhglhgl
B07WJ2JRXZ,lhglhgl
B01DF2JIKC,lhglhgl
B00R5CFU92,lhglhgl
B008TV3EHI,lhglhgl
B09K3W6H31,lhglhgl
B08RSB4G9M,lhglhgl
B08QVBYZCZ,lhglhgl
B08LQ573JH,lhglhgl
B08KGHDZPR,lhglhgl
B08H1VS2CS,lhglhgl
B0859HXNPG,lhglhgl
B078T4731X,lhglhgl
B005T6G7MA,lhglhgl
B0CC5G74D5,lhglhgl
B0B9SN578V,lhglhgl
B094N9PSMW,lhglhgl
B08YRT6TX2,lhglhgl
B08YN3GXY3,lhglhgl
B08LF1T2L9,lhglhgl
B0842C13SP,lhglhgl
B082VS2RLD,lhglhgl
B07BMLD75T,lhglhgl
B06XFBJ5M8,lhglhgl
B002XM3CCQ,lhglhgl
B00016XJW4,lhglhgl
B0CJYJQMFL,lhglhgl
B09L1CXSC6,lhglhgl
B09JSDYXRS,lhglhgl
B09J8M846Z,lhglhgl
B099FKZJWD,lhglhgl
B099CKH9R9,lhglhgl
B097F2B41X,lhglhgl
B09737ZD1V,lhglhgl
B096P541JD,lhglhgl
B09645YMMT,lhglhgl
B092TH8SBD,lhglhgl
B08ZHGLMCZ,lhglhgl
B08Z28N7RC,lhglhgl
B08XPW1TTH,lhglhgl
B08WC6H7RW,lhglhgl
B08SBRN4N8,lhglhgl
B08P1SS7B6,lhglhgl
B08NX385ZM,lhglhgl
B08NB5LQRZ,lhglhgl
B08N9THTF9,lhglhgl
B08MZ4KQ84,lhglhgl
B08MSKCGZV,lhglhgl
B08MQVZTC5,lhglhgl
B08MPVFS75,lhglhgl
B08M9CGWQZ,lhglhgl
B08M44DK7W,lhglhgl
B08M1SCXH1,lhglhgl
B08LG1NN8M,lhglhgl
B08KGT1LLS,lhglhgl
B08K92RX4S,lhglhgl
B08K7CZHYV,lhglhgl
B08K2V7MPD,lhglhgl
B08JX5PS5L,lhglhgl
B08HXYN28G,lhglhgl
B08HWRG6NB,lhglhgl
B08HQVSFFY,lhglhgl
B08H2FZXWQ,lhglhgl
B08F2CGRT3,lhglhgl
B089JWXPY9,lhglhgl
B088WN4MPL,lhglhgl
B01AVL7BN6,lhglhgl
B018T8BJEK,lhglhgl
B013FQ00YG,lhglhgl
B00YU0UVB4,lhglhgl
B00XZ6XS1O,lhglhgl
B00XKCGHD4,lhglhgl
B00XKCBBAI,lhglhgl
B00XKC5154,lhglhgl
B00XKBORA0,lhglhgl
B00WT6GGQA,lhglhgl
B00UMR855S,lhglhgl
B00TSJZOAK,lhglhgl
B00T56QTFU,lhglhgl
B00RXDLY9I,lhglhgl
B00R9VQ9AI,lhglhgl
B00PV424GI,lhglhgl
B0886CZJ44,lhglhgl
B08864BVD9,lhglhgl
B087JBG4CB,lhglhgl
B085VFM1T7,lhglhgl
B085MHVB5T,lhglhgl
B0851TJVKG,lhglhgl
B084YWB6R7,lhglhgl
B083TK8M7L,lhglhgl
B083N5FW2L,lhglhgl
B083MY3MRT,lhglhgl
B083G8FWG5,lhglhgl
B083G8999S,lhglhgl
B083G81DSG,lhglhgl
B083FDDNM5,lhglhgl
B0834N1SYZ,lhglhgl
B07Z3NK3RJ,lhglhgl
B07Z3L8826,lhglhgl
B07TBCWMYC,lhglhgl
B07Q1MMN3B,lhglhgl
B07PRTFY5Z,lhglhgl
B07JD4SW7K,lhglhgl
B079YL9NV9,lhglhgl
B078XLGTZ6,lhglhgl
B077K886W9,lhglhgl
B076QHQ5S3,lhglhgl
B076DLCVX5,lhglhgl
B072LNQW3R,lhglhgl
B06XFJ52QS,lhglhgl
B06XC6B1C4,lhglhgl
B01H04T8FQ,lhglhgl
B01G4Q3JL0,lhglhgl
B01F6ZOCYS,lhglhgl
B00P7ZULOI,lhglhgl
B00MJXT5QQ,lhglhgl
B00KZ3UFHU,lhglhgl
B00K0JV00K,lhglhgl
B00JDPX6OK,lhglhgl
B00HXLPB80,lhglhgl
B00GU7MSWA,lhglhgl
B00GAHHB9A,lhglhgl
B00G45CSYQ,lhglhgl
B00F08EDNC,lhglhgl
B00C6KJTK4,lhglhgl
B00BPE8LJC,lhglhgl
B00B4FNLQA,lhglhgl
B0099S4XMA,lhglhgl
B007ZEXQV4,lhglhgl
B004JU273K,lhglhgl
B000O2P09A,lhglhgl
B000O2ODF2,lhglhgl
B000O2O000,lhglhgl
B000O2NZXS,lhglhgl
B000O2MGH4,lhglhgl
B000O2M28M,lhglhgl
B000O2LZKI,lhglhgl
B000NPFBFG,lhglhgl
B000KMRVBY,lhglhgl
B000IZEK7Q,lhglhgl
B000IZCTZQ,lhglhgl
B000I1GZLY,lhglhgl
B000HE8D6W,lhglhgl
B000HDONXK,lhglhgl
B000CQ241U,lhglhgl
163544487X,lhglhgl
B00470B4PE,lhglhgl
B0045LAF3M,lhglhgl
B0044LV4SI,lhglhgl
B003RLD8L2,lhglhgl
B003OUPCMO,lhglhgl
B002VW3MFU,lhglhgl
B001I4CABE,lhglhgl
B0010725SC,lhglhgl
B0010435TS,lhglhgl
B000VZBLQQ,lhglhgl
B000VZ9CLM,lhglhgl
B000S25O42,lhglhgl
B000RJ6HNI,lhglhgl
B000RJ3QYQ,lhglhgl
B000RJ3QYG,lhglhgl
B000RJ3PEM,lhglhgl
B000OBH832,lhglhgl
B000OBH7I8,lhglhgl
B000OBFOCO,lhglhgl
B000OBBHTS,lhglhgl
B000OBBHQQ,lhglhgl
B000OBBHJS,lhglhgl
B000OBA3UW,lhglhgl
B000OB6OVE,lhglhgl
B000OB6O9Q,lhglhgl
B000OB6NEW,lhglhgl
B000O2QVTI,lhglhgl
B000O2QVSY,lhglhgl
B000O2QSYQ,lhglhgl
B000O2P5TA,lhglhgl
B000O2P5QI,lhglhgl
B000O2P5MW,lhglhgl
1574896814,lhglhgl
B00O6HHO3E,lhglhgl
B0000CGB3L,lhglhgl
B01AB9OSDE,lhglhgl
B085N2DX1N,lhglhgl
B07DNT7WW4,lhglhgl
B0836LW718,lhglhgl
B0130O7SP2,lhglhgl
B078K8L1SW,lhglhgl
B07JMGP5CK,lhglhgl
B09CYK6C93,lhglhgl
B08LVG46B1,lhglhgl
B07GNKJ851,lhglhgl
B07G4SSLYD,lhglhgl
B07D53Y7MP,lhglhgl
B08JH54YXP,lhglhgl
B07CWHFNG3,lhglhgl
B006J3GFK6,lhglhgl
B08QRB9CFG,lhglhgl
B09PRF6552,lhglhgl
B00029WSZY,lhglhgl
B08JHJYTS9,lhglhgl
B004WOXLTM,lhglhgl
B07P8JTF24,lhglhgl
B08N9HKTCX,lhglhgl
B086CXQM7H,lhglhgl
B001EICD8E,lhglhgl
B08XQDHQHD,lhglhgl
B0711CVG8D,lhglhgl
B0795PBKG9,lhglhgl
B081474RVG,lhglhgl
B095BRP866,lhglhgl
B08JW7CLSX,lhglhgl
B00F9SW1SW,lhglhgl
B07DJ8GNXV,lhglhgl
B08L614VJ5,lhglhgl
B07D6M5VKT,lhglhgl
B08SC93K31,lhglhgl
B07BHH6941,lhglhgl
B09CGPKVT2,lhglhgl
B078729Z18,lhglhgl
B08KZLSVLJ,lhglhgl
B01HP37UF2,lhglhgl
B08KVTLJ38,lhglhgl
B0090R8JRU,lhglhgl
B01BI7AK62,lhglhgl
B0052B6TIE,lhglhgl
B000CQ6H36,lhglhgl
B09WRVP4SR,lhglhgl
B086X6LFXF,lhglhgl
B083R1YDRB,lhglhgl
B07MMBLGF8,lhglhgl
B07JFBXNPZ,lhglhgl
B00P18B7G2,lhglhgl
B006I8G6QK,lhglhgl
B004J38H68,lhglhgl
B004J30GJE,lhglhgl
B0987V52N2,lhglhgl
B08LK7T3FQ,lhglhgl
B08L4NSH88,lhglhgl
B084TQJ5F8,lhglhgl
B07P32H3K4,lhglhgl
B013KCRX3G,lhglhgl
B0078S8AGI,lhglhgl
B000F9ZKEC,lhglhgl
B082GMGBF8,lhglhgl
B09TQKN84N,lhglhgl
B07YZSKVNQ,lhglhgl
B08J3Y97F3,lhglhgl
B00DVGVLTE,lhglhgl
B083ZKVGHW,lhglhgl
B07GRVF4T5,lhglhgl
B0838VD5P3,lhglhgl
B0913569T4,lhglhgl
B07RSTLK3G,lhglhgl
B00BP3OVJM,lhglhgl
B07QQ2J839,lhglhgl
B0855RBNFR,lhglhgl
B07JX6MPC8,lhglhgl
B09R6MVQMG,lhglhgl
B07GFNLMHV,lhglhgl
B000CQ6FOC,lhglhgl
1635448034,lhglhgl
B0BDXW1H61,lhglhgl
B0B76T3XXH,lhglhgl
B0B38B19CF,lhglhgl
B09Y4NVDZW,lhglhgl
B09X7H1RTD,lhglhgl
B09TW4KH6Q,lhglhgl
B09T6KX197,lhglhgl
B09QFRBV5Q,lhglhgl
B09NR8PZND,lhglhgl
B09K3JWVG1,lhglhgl
B099FGRX96,lhglhgl
B098QZNS81,lhglhgl
B097H5X3XN,lhglhgl
B092FDCCC2,lhglhgl
B08ZDSC4NQ,lhglhgl
B08ZDRK9FW,lhglhgl
B08YXC7XGP,lhglhgl
B08WYPJXK1,lhglhgl
B08S662M26,lhglhgl
B08RB2N7XM,lhglhgl
B08QR8N9ST,lhglhgl
B08NJ7X6PW,lhglhgl
B08N6LTJ2T,lhglhgl
B08N6DWFM4,lhglhgl
B08N5XBYGQ,lhglhgl
B08M65XV2P,lhglhgl
B08LQRFMBX,lhglhgl
B08LD2VNVT,lhglhgl
B08LD1CJ9C,lhglhgl
B08LCK8BN2,lhglhgl
B08GXDXMPB,lhglhgl
B001CRKK3M,lhglhgl
B0001YXG6U,lhglhgl
B09TZ5Y2F7,lhglhgl
B08397CKS6,lhglhgl
B0844MSRQF,lhglhgl
B081BTH1NK,lhglhgl
B07D6WDKRW,lhglhgl
B07W1WNYFT,lhglhgl
B08LMJVTM6,lhglhgl
B0883H6PGG,lhglhgl
B09T3ZNZ1C,lhglhgl
B08KD57PSK,lhglhgl
B07K2K9XY6,lhglhgl
B0CP7TCN3Z,lhglhgl
B08MPZ9BLN,lhglhgl
B08L5TR5JZ,lhglhgl
B08L2424J4,lhglhgl
B08KT29QVF,lhglhgl
B08KBWG1ZG,lhglhgl
B08GCW5QRH,lhglhgl
B08GC4W4K1,lhglhgl
B0864X2NY2,lhglhgl
B085SWGX31,lhglhgl
B085Q2WNNT,lhglhgl
B085M82Z4L,lhglhgl
B0842BWK5R,lhglhgl
B083TDNW5V,lhglhgl
B083TCXDB7,lhglhgl
B083SMVTF6,lhglhgl
B083N6RXBT,lhglhgl
B0838YMTZX,lhglhgl
B081265XL1,lhglhgl
B07Z1QDLCD,lhglhgl
B07YFG1K6X,lhglhgl
B07V2MDR1K,lhglhgl
B07SZ1XM3M,lhglhgl
B07L9FLYQ4,lhglhgl
B07K6TNBKR,lhglhgl
B07JR5TLVF,lhglhgl
B07FZ78829,lhglhgl
B07DZ6V73S,lhglhgl
B07CNT75HX,lhglhgl
B07C955TJL,lhglhgl
B073V5V896,lhglhgl
B073Q4TPNC,lhglhgl
B01HDO2YT0,lhglhgl
B01GPPBKVQ,lhglhgl
B007USNPCK,lhglhgl
B00NBIGZZ2,lhglhgl
B007E9708U,lhglhgl
B09JB2VKXW,lhglhgl
B07SGMFXYQ,lhglhgl
B074DXWCMX,lhglhgl
B007I1Q4LS,lhglhgl
B08Y7LDTZG,lhglhgl
B00GTYHULI,lhglhgl
B092QQ2XB1,lhglhgl
B08LMGMJX6,lhglhgl
B001E67VGA,lhglhgl
B086L1V8T3,lhglhgl
B07T82GY2F,lhglhgl
B08X1BZ1RQ,lhglhgl
B00006HAWC,lhglhgl
B097PGNV31,lhglhgl
B08KZZ8GT8,lhglhgl
B097PCDWG2,lhglhgl
B09SG13427,lhglhgl
B08Y8H7L4S,lhglhgl
B00T8U6EYY,lhglhgl
B08Q35N72Z,lhglhgl
B0036SHPWE,lhglhgl
B083XXWBP7,lhglhgl
B08M5RZ3DM,lhglhgl
B083XXNKZF,lhglhgl
B07Z3N7DR6,lhglhgl
B07W9136T6,lhglhgl
B07WTPM257,lhglhgl
B07SKRFK31,lhglhgl
B08JK541KM,lhglhgl
B08FSWNDQ3,lhglhgl
1635445019,lhglhgl
B08R55969M,lhglhgl
B07918YXL9,lhglhgl
B084R9T1GZ,lhglhgl
B07D2KTQL4,lhglhgl
B07GVQFDTM,lhglhgl
B07H8KJWP7,lhglhgl
B08L4J63GN,lhglhgl
B09KTYK6ZX,lhglhgl
B09SG27VQ9,lhglhgl
B084YY646M,lhglhgl
B09RSDG9VR,lhglhgl
B09QBSZ9SC,lhglhgl
B09P8FW1FC,lhglhgl
B0912RT1G1,lhglhgl
B00VM90CCE,lhglhgl
B00VC5NUJU,lhglhgl
B00SA7ATEC,lhglhgl
B00MJV4SI8,lhglhgl
B00LPES2VO,lhglhgl
B00KMXQFK4,lhglhgl
B00DF1TT8K,lhglhgl
B00BTO2O0K,lhglhgl
B00B94ZBEQ,lhglhgl
B009S5FD6Y,lhglhgl
B0086GTWS6,lhglhgl
B005HFN0AA,lhglhgl
B003Z3FU1S,lhglhgl
B003UWG0A4,lhglhgl
B003FMTY1G,lhglhgl
B00317998I,lhglhgl
B07QP9P589,lhglhgl
B00GWT3MIA,lhglhgl
B07H5FQ64J,lhglhgl
B08LVFR3W2,lhglhgl
B07D38CBFY,lhglhgl
B00GU7NET6,lhglhgl
B0090R8J6Q,lhglhgl
B0000775FY,lhglhgl
B085T5GHSG,lhglhgl
B08MGX99RY,lhglhgl
B01N1GVU4L,lhglhgl
B0821MM143,lhglhgl
B078WFQQCN,lhglhgl
B095WR7SHK,lhglhgl
B007G6MO6O,lhglhgl
1412461502,lhglhgl
B08YP3M9C7,lhglhgl
B01L5CT2AK,lhglhgl
B0044LPQYG,lhglhgl
B07G9RN6VH,lhglhgl
B09QM93241,lhglhgl
B09K5QHC37,lhglhgl
B08G8MXGH6,lhglhgl
B0BFQZJ2V8,lhglhgl
B08JZ5BMMG,lhglhgl
B08BLJ6156,lhglhgl
B079LXC3GQ,lhglhgl
B00GBG0JG2,lhglhgl
B092VWCMGZ,lhglhgl
B08ZKGNT72,lhglhgl
B08M5ZSWQP,lhglhgl
B083LVTT8F,lhglhgl
B07DKGMKZ3,lhglhgl
B09ZP7GJ9Z,lhglhgl
B092DNVQDD,lhglhgl
B08M15GRHQ,lhglhgl
B08HRFFYY2,lhglhgl
B08HFXYLN2,lhglhgl
B08GFKYNCQ,lhglhgl
B08G6GKQ9L,lhglhgl
B086L2TT2R,lhglhgl
B085VY5CH6,lhglhgl
B084YZR2VC,lhglhgl
B0823KC9F6,lhglhgl
B07Q2WJVVM,lhglhgl
B07HBFH9K2,lhglhgl
B076DLCV9S,lhglhgl
B00SISAX6W,lhglhgl
B002UFEL1C,lhglhgl
B001EV6Y9A,lhglhgl
B00154YAQA,lhglhgl
B000ZOFUB0,lhglhgl
B000WURUVK,lhglhgl
B000WPDPBE,lhglhgl
B000CSK1E0,lhglhgl
B000CSK17C,lhglhgl
B000CAXI84,lhglhgl
1635447321,lhglhgl
1635446783,lhglhgl
1635446155,lhglhgl
B0987F2C5Y,lhglhgl
B093V42984,lhglhgl
B092VVJKJ6,lhglhgl
B092Q1S3P8,lhglhgl
B0911ZPWDQ,lhglhgl
B08ZYLF36B,lhglhgl
B08ZY7S22H,lhglhgl
B08ZXW1Q7F,lhglhgl
B08ZD2C1XK,lhglhgl
B08XY6WNSG,lhglhgl
B08W2D3Q5M,lhglhgl
B08S9DGZ8K,lhglhgl
B08P17PLMB,lhglhgl
B08MTLVDPN,lhglhgl
B08MTCZRCV,lhglhgl
B08LZZ1CHQ,lhglhgl
B006X2AI60,lhglhgl
B001NIIXWU,lhglhgl
B000UKDECG,lhglhgl
B000CION26,lhglhgl
1619929562,lhglhgl
B0CNY4R125,lhglhgl
B0BDF3R8YZ,lhglhgl
B0B1TWH7VV,lhglhgl
B09WYPFFHW,lhglhgl
B09TXFHJLL,lhglhgl
B09TVY3NDD,lhglhgl
B09QL113F3,lhglhgl
B09QH8DTCD,lhglhgl
B09K43VCLH,lhglhgl
B09D8J5WYY,lhglhgl
B098NDNJD2,lhglhgl
B08LV91KJB,lhglhgl
B08LQSW569,lhglhgl
B08LMMZ6GM,lhglhgl
B08LM7QNZG,lhglhgl
B08LD4NH6W,lhglhgl
B08L7DGCFC,lhglhgl
B08L6DHN7C,lhglhgl
B08JQ42N7R,lhglhgl
B08J7MF1BJ,lhglhgl
B08J7FN6G8,lhglhgl
B08GKKN6SR,lhglhgl
B08GFFJ6NC,lhglhgl
B08G4P6K35,lhglhgl
B089LS36PK,lhglhgl
B0864QX1P6,lhglhgl
B085TDRRWH,lhglhgl
B08535DZ2J,lhglhgl
B084Z611C8,lhglhgl
B084YVX76H,lhglhgl
B084YRYVNG,lhglhgl
B0842XFCPV,lhglhgl
B08412F253,lhglhgl
B083FS9GC9,lhglhgl
B0836HHS7K,lhglhgl
B08357SFXT,lhglhgl
B08318CPHK,lhglhgl
B082X7PJV9,lhglhgl
B07Z8KXYX9,lhglhgl
B07YN69SDD,lhglhgl
B07V42CBL4,lhglhgl
B07RWR4KQY,lhglhgl
B07MY4GY6B,lhglhgl
B07GL78GTP,lhglhgl
B078W75W9C,lhglhgl
B078H1X9GZ,lhglhgl
B074PJ1NLZ,lhglhgl
B074DJCMND,lhglhgl
B01KG5TFAE,lhglhgl
B01HDO315Q,lhglhgl
B01EH30ON8,lhglhgl
B01CYTPIRY,lhglhgl
B01CRO6NNO,lhglhgl
B0142GTE8G,lhglhgl
B010RAMMLM,lhglhgl
B00Z3FTZKS,lhglhgl
B00YJEDW3U,lhglhgl
B00SF5CTI8,lhglhgl
B00QFWVDKS,lhglhgl
B084WZC3PZ,lhglhgl
B074R7W525,lhglhgl
B00XKAA4EO,lhglhgl
B07PGKK33P,lhglhgl
B07ZQNQQPG,lhglhgl
B0BBSHB5KK,lhglhgl
B08GCT8C5Z,lhglhgl
B08428DCLH,lhglhgl
B08BZ5YY1Z,lhglhgl
B08PB56BTN,lhglhgl
B09Q5LQR7Q,lhglhgl
B0011YQR6U,lhglhgl
B07G4SLTNY,lhglhgl
B08T9GFVGK,lhglhgl
B01LC7UDYW,lhglhgl
B091V68S8S,lhglhgl
B08ZDHTDL5,lhglhgl
B07NNRSNQ3,lhglhgl
B091MWYF3T,lhglhgl
B0912GM81M,lhglhgl
B08BZFGMZL,lhglhgl
B08QTWB75H,lhglhgl
B08KCW9KS5,lhglhgl
B086D54KZ5,lhglhgl
B081F3GZF8,lhglhgl
B08Z3P1M3V,lhglhgl
B07W89416F,lhglhgl
B07FDJ5D8W,lhglhgl
B07VQRYC49,lhglhgl
B07BMM57SY,lhglhgl
B07DM5Y8CG,lhglhgl
B00LBHHDQ0,lhglhgl
B07D51HXX9,lhglhgl
B07D2LC4S7,lhglhgl
B076D9YTPH,lhglhgl
B01GWA7ZWM,lhglhgl
B01FQUGXUO,lhglhgl
B0862YD3BJ,lhglhgl
B00IUO187W,lhglhgl
B08658FRPM,lhglhgl
B07GZHLJRG,lhglhgl
B001CRF74Y,lhglhgl
B08JJM43YH,lhglhgl
B08KWRZVWS,lhglhgl
B00PRS19LO,lhglhgl
B00OM2W71M,lhglhgl
B00FRC1VKY,lhglhgl
B00FND4WS0,lhglhgl
B009S5F4XG,lhglhgl
B009ONXAJC,lhglhgl
B0084DZ7QM,lhglhgl
B0084DZ6IQ,lhglhgl
B007H0TJE4,lhglhgl
B007DZHEAO,lhglhgl
B007DZHBE8,lhglhgl
B0065OJIWG,lhglhgl
B0064OUT4S,lhglhgl
B005HFN0HI,lhglhgl
B0055W3SSO,lhglhgl
B004SY9XSE,lhglhgl
B00S1VR6Z2,lhglhgl
B07C3HYPJR,lhglhgl
B08JCT41YB,lhglhgl
B07D576ZV4,lhglhgl
B004EB98RM,lhglhgl
B0047XUQPU,lhglhgl
B003KK4CS8,lhglhgl
B003JH8T0E,lhglhgl
B0035R12YS,lhglhgl
B002S404Q6,lhglhgl
B001JT1G86,lhglhgl
B001GNEEU2,lhglhgl
B0015508MY,lhglhgl
B00113FV4K,lhglhgl
B000OB84NK,lhglhgl
B000CSN3OU,lhglhgl
B000BQKBUW,lhglhgl
B000AUL1Z8,lhglhgl
1635447348,lhglhgl
B084TQR2W9,lhglhgl
B07RT4ZMMV,lhglhgl
B00TVFYE2U,lhglhgl
B00C81AWHA,lhglhgl
B085XTDDKD,lhglhgl
B007US8O7G,lhglhgl
B08NCBCLL6,lhglhgl
B08YJWS89S,lhglhgl
B08374T8VB,lhglhgl
B0929CZSL2,lhglhgl
B086MGPKW1,lhglhgl
B09QKS14WK,lhglhgl
B0131UU9E2,lhglhgl
B07YYXM6Y4,lhglhgl
B08ZC28Q12,lhglhgl
B084X5SZX2,lhglhgl
B09KGW1FQT,lhglhgl
B08LB4N8G2,lhglhgl
B084RDR7P7,lhglhgl
B076CPNTTY,lhglhgl
B003V5H5YK,lhglhgl
B08XQFM92C,lhglhgl
B08XB662DS,lhglhgl
B08YJHRH99,lhglhgl
B08NQ4DR3K,lhglhgl
B07QSQHXBP,lhglhgl
B07JMPX49N,lhglhgl
B07JGLYQXK,lhglhgl
B00UC8SLJM,lhglhgl
B009HHP4FS,lhglhgl
B09NL682FN,lhglhgl
B0998NP629,lhglhgl
B084PVD9SF,lhglhgl
B07L4CLHZT,lhglhgl
B00K0JU5I8,lhglhgl
B08PKLGGV7,lhglhgl
B07RWV864Z,lhglhgl
B004J36J2W,lhglhgl
B08KD72MDW,lhglhgl
B085N2K7FW,lhglhgl
B0859RSHLT,lhglhgl
B07ZCRFWB6,lhglhgl
B07FPMJ42B,lhglhgl
B000CQ6J5C,lhglhgl
B08ZMZHZ51,lhglhgl
B08375NMTV,lhglhgl
B07T4W4D93,lhglhgl
B01IDFF0P8,lhglhgl
B096XS28KV,lhglhgl
B08XBMKMDQ,lhglhgl
B08NCJG2NB,lhglhgl
B08JP2JW4L,lhglhgl
B08G4ZYCKG,lhglhgl
B08FCNRW24,lhglhgl
B085D8TR5W,lhglhgl
B076QN4J84,lhglhgl
B071P3NL5D,lhglhgl
B06XRZPG9W,lhglhgl
B00GNI2E8O,lhglhgl
B001HWB5AE,lhglhgl
B00063ZB78,lhglhgl
1619929813,lhglhgl
B0B46T3CJ4,lhglhgl
B09VS9LQG3,lhglhgl
B0837ZWHJM,lhglhgl
B07GJJ3GB7,lhglhgl
B09Y3B6H7W,lhglhgl
B099JTWZXZ,lhglhgl
B098Q1G532,lhglhgl
B08LTV7918,lhglhgl
B01HIYOB1Y,lhglhgl
B07MH725NP,lhglhgl
B085DD3682,lhglhgl
B09RWWNYQC,lhglhgl
B08JH4D1ZQ,lhglhgl
B07QL6VYV4,lhglhgl
B09WRX1P8L,lhglhgl
B09DPQRS3G,lhglhgl
B00GNI2AXI,lhglhgl
B092MYPGX4,lhglhgl
B092HKZNYB,lhglhgl
B092DQX51K,lhglhgl
B092D1VNLB,lhglhgl
B0925SSKHB,lhglhgl
B08ZYYBR9P,lhglhgl
B08Z34TQCN,lhglhgl
B08YYWYDR7,lhglhgl
B08YYWSHN9,lhglhgl
B08YWKQ5MZ,lhglhgl
B08YP35CXG,lhglhgl
B08YNGM19H,lhglhgl
B08Y61H1N8,lhglhgl
B08Y57Y7ZL,lhglhgl
B08Y1RXGVX,lhglhgl
B08XYZZCQ5,lhglhgl
B08ZJQX2Q7,lhglhgl
B08Y5Y8RHJ,lhglhgl
B08L7Z2M6Z,lhglhgl
B08JPC7N16,lhglhgl
B07X3ZBFXY,lhglhgl
B07W56F3QR,lhglhgl
B07MSCPGK7,lhglhgl
B07DX8YJS8,lhglhgl
B075BP7RB9,lhglhgl
B01MSA95EI,lhglhgl
B01MR49USK,lhglhgl
B00NH9QQOK,lhglhgl
B00MHWXTRA,lhglhgl
B00ME0RE9Y,lhglhgl
B0078S8AJA,lhglhgl
B0047XSM06,lhglhgl
B0BLHM5NTX,lhglhgl
B09WQSWVDT,lhglhgl
B09W38VHZ2,lhglhgl
B09T7837D5,lhglhgl
B09R7XZV66,lhglhgl
B09KZHK194,lhglhgl
B09CKCQFHH,lhglhgl
B098X5JDN6,lhglhgl
B098QH5ZR7,lhglhgl
B097FCGZDH,lhglhgl
B09699J3VN,lhglhgl
B0965DRSWD,lhglhgl
B093LMF969,lhglhgl
B092WTGWH8,lhglhgl
B092NFWC6B,lhglhgl
B092N1786J,lhglhgl
B08WPHJR79,lhglhgl
B08SBDTTG6,lhglhgl
B08N64DZ2X,lhglhgl
B08N1JKBYN,lhglhgl
B08MJS7GZQ,lhglhgl
B08MB9YYRB,lhglhgl
B08LQTMLC8,lhglhgl
B08LNY9KLY,lhglhgl
B08L8N8ZD7,lhglhgl
B08L827961,lhglhgl
B08L1VK4HR,lhglhgl
B08KLHNLY2,lhglhgl
B08J435FTQ,lhglhgl
B08HYQJ2RS,lhglhgl
B08HXRXD4X,lhglhgl
B08HVYMPYD,lhglhgl
B07Q3SWCTJ,lhglhgl
B07NS1V5PG,lhglhgl
B07K1LB2DP,lhglhgl
B07JZTYZ5N,lhglhgl
B07GL4522F,lhglhgl
B07FPQS5XF,lhglhgl
B07DK1TNV1,lhglhgl
B07DHCNKVR,lhglhgl
B07D5Y5Y58,lhglhgl
B07D2VKF5V,lhglhgl
B07CYQJP7R,lhglhgl
B07B3LLXB9,lhglhgl
B077KHDY81,lhglhgl
B0747XG9ZS,lhglhgl
B01K12U6ZU,lhglhgl
B01H88FZ6A,lhglhgl
B083J5CHHQ,lhglhgl
B083J4Y4JF,lhglhgl
B083G88WGX,lhglhgl
B083FQ2TRZ,lhglhgl
B0832GDC2M,lhglhgl
B07X83SQNL,lhglhgl
B07X37YYPF,lhglhgl
B07V23RNLX,lhglhgl
B07SHJJ34J,lhglhgl
B07SHCMW2X,lhglhgl
B07SG9Z2C6,lhglhgl
B07QJFNTS6,lhglhgl
B07QHVPJ88,lhglhgl
B07QDNTFWJ,lhglhgl
B08HVMM2RP,lhglhgl
B08HS27ZDG,lhglhgl
B08H4VLKNH,lhglhgl
B08FMY31W3,lhglhgl
B08CHCHSCS,lhglhgl
B08C2SX4GM,lhglhgl
B0881BSHDV,lhglhgl
B08744D65C,lhglhgl
B08724W9F1,lhglhgl
B085ZPLBRX,lhglhgl
B085MHFY3G,lhglhgl
B085DMBXJK,lhglhgl
B084DC9N6X,lhglhgl
B083X7XLVC,lhglhgl
B083TFNMZB,lhglhgl
B083MXPTJK,lhglhgl
B01GWA9X8G,lhglhgl
B01E7ID18I,lhglhgl
B00Z7OHQ0G,lhglhgl
B00QW86BPM,lhglhgl
B00IHLQ6AW,lhglhgl
B00GV0L2XC,lhglhgl
B00GBSJ2RW,lhglhgl
B00G0U5XTM,lhglhgl
B00F08EE90,lhglhgl
B00E5YO58A,lhglhgl
B00DSX8JWW,lhglhgl
B009S5ICLC,lhglhgl
B008WB0CDY,lhglhgl
B006EKGF04,lhglhgl
B006A2TC2E,lhglhgl
B0066TVUDA,lhglhgl
B0066783LY,lhglhgl
B0065SD03K,lhglhgl
B005HFMXS0,lhglhgl
B004Z10GTU,lhglhgl
B004RG5GC0,lhglhgl
B004RCSKDQ,lhglhgl
B004L05WYY,lhglhgl
B004AYE9PE,lhglhgl
B00470D9WU,lhglhgl
B0045OPKDE,lhglhgl
B0044FWWVM,lhglhgl
B003716I0U,lhglhgl
B003320M46,lhglhgl
B002IV8FJC,lhglhgl
B001U7ZX9A,lhglhgl
B08KFK8L9J,lhglhgl
B09339KL1L,lhglhgl
B07DLK7RBQ,lhglhgl
B087LTXK22,lhglhgl
B06X96ZKK1,lhglhgl
B08Z7SJR3R,lhglhgl
B00JAD6G60,lhglhgl
B071DBVRMQ,lhglhgl
B08XX2MYZS,lhglhgl
B086526PJL,lhglhgl
B0849N78P5,lhglhgl
B08PK9TJ4G,lhglhgl
B097F8LDG3,lhglhgl
B08M5GFYRB,lhglhgl
B07YVJLT6X,lhglhgl
B08MDZKSLY,lhglhgl
B000CFGZT8,lhglhgl
B0009OAJQM,lhglhgl
1574891138,lhglhgl
B001CJZ0SK,lhglhgl
B00182YAKK,lhglhgl
B001555C66,lhglhgl
B0015502OI,lhglhgl
B0012PX8JC,lhglhgl
B000WNQN9C,lhglhgl
B000UGSYD4,lhglhgl
B000RZ1U66,lhglhgl
B000PI5SI6,lhglhgl
B000LNLQK4,lhglhgl
B000KP03L6,lhglhgl
B000KP03K2,lhglhgl
B000KMRVO6,lhglhgl
B000INAC7K,lhglhgl
B000H5WYL6,lhglhgl
B000GVMCC2,lhglhgl
B07SLN617S,lhglhgl
B08LQ95W4B,lhglhgl
B07SJNYZ51,lhglhgl
B08LQV6LFY,lhglhgl
B00CBMV91E,lhglhgl
B092JTJW22,lhglhgl
B0009MZWAM,lhglhgl
B0B71JW39D,lhglhgl
B08HFS4N81,lhglhgl
B097F6JZ15,lhglhgl
B085Z88RWG,lhglhgl
B00D4BRW44,lhglhgl
B086YWHN8F,lhglhgl
B08M3QNPCN,lhglhgl
B01MU5GXS6,lhglhgl
1586500864,lhglhgl
B097F9QYB3,lhglhgl
B08JK7JVC6,lhglhgl
B08HVL48V4,lhglhgl
B012E6Y6PM,lhglhgl
B00DKA4RYC,lhglhgl
B073DQMBLD,lhglhgl
B00OAXN8TI,lhglhgl
B0855M1QPN,lhglhgl
B084WQNBPG,lhglhgl
B074CVMY1N,lhglhgl
B00EZGRXIM,lhglhgl
B09W59Z57Z,lhglhgl
B08PCX3PD1,lhglhgl
B005XXZG6M,lhglhgl
B000YZ3XVE,lhglhgl
B08G6GZ12H,lhglhgl
B07TDXVWH7,lhglhgl
B08JH2R3FG,lhglhgl
B0824JPM3M,lhglhgl
B010DHZF1S,lhglhgl
B00DECSE8G,lhglhgl
B0BBPZ1PMD,lhglhgl
B099CBT8RS,lhglhgl
B091DMCVJV,lhglhgl
B097CRGTN6,lhglhgl
B08NC195X7,lhglhgl
B08K2K493V,lhglhgl
B075DLLJL6,lhglhgl
B00MJXTNXQ,lhglhgl
B00C40ELJ0,lhglhgl
B001005OPK,lhglhgl
B09KTWMV4Q,lhglhgl
B08YP833M1,lhglhgl
B08M1QXTSL,lhglhgl
B08HQXWMVF,lhglhgl
B088NL73K1,lhglhgl
B081DV8FNP,lhglhgl
B07N4LT4RS,lhglhgl
B079YTDFJQ,lhglhgl
B076CX9B81,lhglhgl
B00T56QSB0,lhglhgl
B000CAYSRE,lhglhgl
B0008GINVO,lhglhgl
B0CJ4TGJYP,lhglhgl
B0CCVKBTPK,lhglhgl
B0BTGW2QJK,lhglhgl
B0BH59YGBB,lhglhgl
B0B6454Z7S,lhglhgl
B091CXS4RP,lhglhgl
B0879HBX8Y,lhglhgl
B01D0GQJF0,lhglhgl
B09V56P6W1,lhglhgl
B09CMD15KT,lhglhgl
B08Y8PGDJF,lhglhgl
B08NJ6RNT6,lhglhgl
B08MYRKWBD,lhglhgl
B08M9PYP7W,lhglhgl
B087GCDYMR,lhglhgl
B000CPZVVG,lhglhgl
B09T1MD1S5,lhglhgl
B09NFSPB74,lhglhgl
B099J3NH69,lhglhgl
B08ZY8FBYC,lhglhgl
B08ZHKDKMY,lhglhgl
B0B1RPLGHP,lhglhgl
B09WYR4MZ4,lhglhgl
B09W91JDCG,lhglhgl
B09S9Y845Q,lhglhgl
B09RTKS92K,lhglhgl
B09RR1HRF1,lhglhgl
B09PZQP3W3,lhglhgl
B09NL9LVNM,lhglhgl
B09JPY7YL1,lhglhgl
B09DGKLTT8,lhglhgl
B0999S2Z32,lhglhgl
B0999H9N6K,lhglhgl
B097MQ1WK8,lhglhgl
B09699VNZ1,lhglhgl
B095CGJZFR,lhglhgl
B0953HLP7T,lhglhgl
B08QTXYWPS,lhglhgl
B08QTP7T9T,lhglhgl
B08PFJ5T79,lhglhgl
B08PFBQ4S6,lhglhgl
B08P31XMK6,lhglhgl
B08P2ZK167,lhglhgl
B08P2XYRMG,lhglhgl
B08NSL3SP5,lhglhgl
B08NJZJBV7,lhglhgl
B08NB1RWG7,lhglhgl
B08N482TS4,lhglhgl
B08MX498LX,lhglhgl
B08MW1TNZP,lhglhgl
B08ML1TQMJ,lhglhgl
B08MFPB7CJ,lhglhgl
B08LQZG8X5,lhglhgl
B094SBV7T3,lhglhgl
B092VF6KS8,lhglhgl
B092TJN8G9,lhglhgl
B092QJX41M,lhglhgl
B092QHWMVR,lhglhgl
B0924HD3LM,lhglhgl
B0923X4DH4,lhglhgl
B091HBKBDB,lhglhgl
B091CW855V,lhglhgl
B0919C1FZV,lhglhgl
B08Z7TLBHC,lhglhgl
B08Z7QNMDH,lhglhgl
B08YGSZPBH,lhglhgl
B08Y56X6T6,lhglhgl
B08XVXX487,lhglhgl
B08SHQH45J,lhglhgl
B08CS74PRN,lhglhgl
B089QFDSMT,lhglhgl
B087RRYZFL,lhglhgl
B087FG5BWF,lhglhgl
B087F7XW3V,lhglhgl
B087F7FX4C,lhglhgl
B087F2LZ85,lhglhgl
B087CVYJ43,lhglhgl
B08798L53Z,lhglhgl
B08796RWNX,lhglhgl
B087955D28,lhglhgl
B0878ZJ9Q9,lhglhgl
B0878S7M3V,lhglhgl
B0878S7LZ3,lhglhgl
B0878NVCWB,lhglhgl
B085VGJXJS,lhglhgl
B085VDMDYQ,lhglhgl
B085TQR318,lhglhgl
B085RD4D46,lhglhgl
B08542PVGK,lhglhgl
B0851BR3BQ,lhglhgl
B083TD25DP,lhglhgl
B083SDKG8R,lhglhgl
B083JSTYJF,lhglhgl
B083FFBMGK,lhglhgl
B083FDWKKM,lhglhgl
B083FDVW35,lhglhgl
B083FDLVVF,lhglhgl
B0836JGQKX,lhglhgl
B081F38L6H,lhglhgl
B0817PF3ZB,lhglhgl
B08134N2CP,lhglhgl
B08LQ13841,lhglhgl
B08LKGKJH3,lhglhgl
B08LK21GVY,lhglhgl
B08LG16MTV,lhglhgl
B08LDJ772K,lhglhgl
B08LC9TMF1,lhglhgl
B08L95CX57,lhglhgl
B08L5WBDGJ,lhglhgl
B08L262K4F,lhglhgl
B08KZX4Y7Y,lhglhgl
B08KQHPSKD,lhglhgl
B08K4HVBHZ,lhglhgl
B08K4C3HPZ,lhglhgl
B08K2ZRFY2,lhglhgl
B08JZGWCC8,lhglhgl
B08JYVSH5V,lhglhgl
B0811QNSPY,lhglhgl
B07YX2DFZ2,lhglhgl
B07QK1NJ9Q,lhglhgl
B07MK99H5G,lhglhgl
B07KFYGZMV,lhglhgl
B07K34HSZ1,lhglhgl
B07JHH53S1,lhglhgl
B07GVP6WC6,lhglhgl
B07GG6D96K,lhglhgl
B07FKX5828,lhglhgl
B07BT37BHQ,lhglhgl
B077Z1RVRB,lhglhgl
B077N691WR,lhglhgl
B077F6T57P,lhglhgl
B075DGDKRB,lhglhgl
B073SK9RSY,lhglhgl
B071SB55V9,lhglhgl
B06X92D977,lhglhgl
B01N9VZASX,lhglhgl
B01MS4TL7Z,lhglhgl
B01LGB0AY2,lhglhgl
B01L9I6LJ0,lhglhgl
B01KKAYXPM,lhglhgl
B01GPSXAWU,lhglhgl
B01EZ5VVF8,lhglhgl
B01CPR16Q2,lhglhgl
B016XONTG8,lhglhgl
B01464KQDG,lhglhgl
B013IG84QO,lhglhgl
B01349ZY6S,lhglhgl
B00Y5PBACS,lhglhgl
B00XKC5G8G,lhglhgl
B00XKC5CZI,lhglhgl
B00UMR6QFY,lhglhgl
B00RYBR8A8,lhglhgl
B00QYR7CRM,lhglhgl
B00MEKJCNK,lhglhgl
B00HXLPCA2,lhglhgl
B00GBVJXFK,lhglhgl
B00EEQCMVG,lhglhgl
B00E3KWLSW,lhglhgl
B00DFZYR2O,lhglhgl
B00B951M48,lhglhgl
B009YO2Z9C,lhglhgl
B009W3EBGK,lhglhgl
B009DD8C3M,lhglhgl
B0096KKLW2,lhglhgl
B0081RT6CW,lhglhgl
B000Y1BYXW,lhglhgl
B000P1PJL4,lhglhgl
B000KZYKKG,lhglhgl
B000GTN3AY,lhglhgl
B000CSN1QA,lhglhgl
B000CSK4DS,lhglhgl
B000CQ21K4,lhglhgl
B000BQWWMM,lhglhgl
B000BO6EFA,lhglhgl
B00004SQJQ,lhglhgl
B08JPD5C2F,lhglhgl
B08JLXC9Y4,lhglhgl
B08JLQVMM1,lhglhgl
B08JGW4LZ8,lhglhgl
B08JCYST96,lhglhgl
B08JCN2T8Q,lhglhgl
B08JC5NZDV,lhglhgl
B08J41WD9D,lhglhgl
B08J3TJZV6,lhglhgl
B08HYMVJFD,lhglhgl
B08HWRWDWT,lhglhgl
B08HTZ66B8,lhglhgl
B08HSF6BH2,lhglhgl
B08HQ6FPKL,lhglhgl
B08FT69QV2,lhglhgl
B08FC3N1Z4,lhglhgl
B0074CENJG,lhglhgl
B006EKGAOK,lhglhgl
B005OS44VE,lhglhgl
B005DS6A6M,lhglhgl
B0055DRVFO,lhglhgl
B0055DRBYA,lhglhgl
B004V6O6JU,lhglhgl
B004RIM8RO,lhglhgl
B004NWLYTC,lhglhgl
B0044DDEWU,lhglhgl
B003KVHA6I,lhglhgl
B003GMDL7S,lhglhgl
B001553M6S,lhglhgl
B0015503VU,lhglhgl
B00154YASS,lhglhgl
B00154Y1QO,lhglhgl
B084KJNTCW,lhglhgl
B08DR8BJFS,lhglhgl
B0BJPMBZ3J,lhglhgl
B08XYKWP7L,lhglhgl
B092Z43P44,lhglhgl
B07Y9XFLGN,lhglhgl
B07M8DBTST,lhglhgl
B078JTRQD6,lhglhgl
B004RCUPGQ,lhglhgl
B08RDK9KYT,lhglhgl
B07NRYFZ6C,lhglhgl
B07QZQCSS3,lhglhgl
B00DD4T80S,lhglhgl
B0128WIQBC,lhglhgl
B08L4S1XJP,lhglhgl
B08PF9TDQY,lhglhgl
B09PVN4Y2P,lhglhgl
B00YY68WT2,lhglhgl
B08SW8WRNJ,lhglhgl
B00009ZVNQ,lhglhgl
B000CAVE3K,lhglhgl
B003JH8SUA,lhglhgl
B00LBJMG1U,lhglhgl
B005ETAMFK,lhglhgl
B083BRFXJY,lhglhgl
B09CZ44VZB,lhglhgl
B0BGRW9HGZ,lhglhgl
B000C4ETBA,lhglhgl
B086WVHDYN,lhglhgl
B08MK3DFFV,lhglhgl
B06XCDXLV4,lhglhgl
B00R0OBLSE,lhglhgl
B01IAZ7PSQ,lhglhgl
B087F4DT1X,lhglhgl
B083Z2KMRY,lhglhgl
B07XXZ7HY6,lhglhgl
B08QZDK87C,lhglhgl
B09WRHMFB5,lhglhgl
B07X4TZQ3W,lhglhgl
B079JWGDN9,lhglhgl
B00YCWL9I4,lhglhgl
B07PSH6HJX,lhglhgl
B00DD507SO,lhglhgl
B08Y8ZFVZQ,lhglhgl
B0CJ2DFMND,lhglhgl
B00R5CI1W0,lhglhgl
B073QBSRC9,lhglhgl
B014PQTUHS,lhglhgl
B08G4FWLST,lhglhgl
B09KX946F5,lhglhgl
B079YKK6X5,lhglhgl
B000U804EE,lhglhgl
B08D91GH2B,lhglhgl
B086Q39G16,lhglhgl
B08KZVWVJM,lhglhgl
B08HQCCZC8,lhglhgl
B018VCULPC,lhglhgl
B08D4TCMSS,lhglhgl
B0899P2SBD,lhglhgl
B08613WGGF,lhglhgl
B07FQJ6GVP,lhglhgl
B000VUJYTW,lhglhgl
B09SG4BM73,lhglhgl
B098TB1K33,lhglhgl
B092PQBYXV,lhglhgl
B091L1B3GN,lhglhgl
B08L611XVD,lhglhgl
B08HQZ4CV3,lhglhgl
B08G5CTGDV,lhglhgl
B08CKKJ7CW,lhglhgl
B081DY8V5G,lhglhgl
B07HF9D1S3,lhglhgl
B06WRX3DP9,lhglhgl
B00T56QIJM,lhglhgl
B00CFCSYPY,lhglhgl
B000P70QKC,lhglhgl
B0006IKE2U,lhglhgl
B09Z2DJKGK,lhglhgl
B09TXM41QY,lhglhgl
B08P837GFS,lhglhgl
B08L4JL1Z8,lhglhgl
B08L33B1ZP,lhglhgl
B083TXBLF6,lhglhgl
B08KGJGTCY,lhglhgl
B08BZB3PPV,lhglhgl
B0082KC3UA,lhglhgl
B08YD245KQ,lhglhgl
B08D3KQ8BZ,lhglhgl
B084SXSRJQ,lhglhgl
B08ZXZC5F6,lhglhgl
B08R7XXWR5,lhglhgl
B08JV5MCYS,lhglhgl
B09GJQF2R7,lhglhgl
B08Z84HVH2,lhglhgl
B07MYG6T58,lhglhgl
B07KP9MGR6,lhglhgl
B071LT682L,lhglhgl
B0969CV712,lhglhgl
B08Y8GL2NS,lhglhgl
B08N43CMPL,lhglhgl
B08LXRXJ67,lhglhgl
B084WV6P23,lhglhgl
B07N8FVMXN,lhglhgl
B004WYEC4U,lhglhgl
B001NIIS2U,lhglhgl
B0CRPPG94H,lhglhgl
B0BZ8LZPG5,lhglhgl
B0BG2QS5KT,lhglhgl
B0BCG2MB4G,lhglhgl
B0B9RPZZBL,lhglhgl
B0B254NR41,lhglhgl
B09Y53STQP,lhglhgl
B09Y3CGFF4,lhglhgl
B09TRZTZWD,lhglhgl
B09TRYN1N3,lhglhgl
B09TQ36SR2,lhglhgl
B09RN91TD6,lhglhgl
B09QRPYT7T,lhglhgl
B09Q2TK27P,lhglhgl
B09PBLGSSN,lhglhgl
B09NL9Q9G3,lhglhgl
B09KFVHNPY,lhglhgl
B09JWLB4BS,lhglhgl
B09B3HYT71,lhglhgl
B0999RNKXL,lhglhgl
B098R246S1,lhglhgl
B0918B4SG1,lhglhgl
B0911SM3ML,lhglhgl
B08ZXK1G3D,lhglhgl
B08ZMP8GKQ,lhglhgl
B08Z47K48S,lhglhgl
B08YP4T2LG,lhglhgl
B08YJPWVN7,lhglhgl
B08YJNTL8Y,lhglhgl
B08XW7D9F6,lhglhgl
B08XQDNPWJ,lhglhgl
B08W6N71G9,lhglhgl
B08V32CTCJ,lhglhgl
B08RJCL71Z,lhglhgl
B08P85LNKT,lhglhgl
B08P46HP3N,lhglhgl
B08MKNFBDR,lhglhgl
B08MDFTKNF,lhglhgl
B08MBBSL1T,lhglhgl
B08M5CJM7T,lhglhgl
B08M3SP6Y8,lhglhgl
B08M1W953W,lhglhgl
B08LNZSZ28,lhglhgl
B08LNZH6FF,lhglhgl
B08LNX8ZSK,lhglhgl
B08LF2TQSW,lhglhgl
B08LD2C686,lhglhgl
B08LD1W2D7,lhglhgl
B08LD1S1HL,lhglhgl
B08L7RT4H2,lhglhgl
B08L36V7HX,lhglhgl
B08KFZDH76,lhglhgl
B08K7NCJ56,lhglhgl
B0842CF7RQ,lhglhgl
B083TS57JD,lhglhgl
B083MWQ7QL,lhglhgl
B0834TCBZB,lhglhgl
B0831ZXW5H,lhglhgl
B07TD99PND,lhglhgl
B07S69MV7T,lhglhgl
B07RLZBL2H,lhglhgl
B07QXSYPW9,lhglhgl
B07QVH48SH,lhglhgl
B07NPSZC9T,lhglhgl
B07NM8VKPS,lhglhgl
B07GVQL28X,lhglhgl
B07GC6G3VK,lhglhgl
B07DL316X8,lhglhgl
B07DC54BKP,lhglhgl
B07D4Q5NYK,lhglhgl
B07D37H2W5,lhglhgl
B07CVV3D8D,lhglhgl
B07CH35SG4,lhglhgl
B07BC92C1Q,lhglhgl
B079NR72H1,lhglhgl
B0798FT967,lhglhgl
B07765BN94,lhglhgl
B06WW6FF77,lhglhgl
B01IQ4SSJG,lhglhgl
B01IIYG5RG,lhglhgl
B01HDO2O9K,lhglhgl
B01G3BUI1K,lhglhgl
B013RDN75G,lhglhgl
B00W8C142Q,lhglhgl
B08K7D5NGS,lhglhgl
B08K76JKGP,lhglhgl
B08K2GRS9P,lhglhgl
B08JHC1C8H,lhglhgl
B08HN557PQ,lhglhgl
B08DJ9XC4D,lhglhgl
B08BWTPXL8,lhglhgl
B087J9T798,lhglhgl
B087F9CPC9,lhglhgl
B086WYCG3J,lhglhgl
B086S542MR,lhglhgl
B0859F326B,lhglhgl
B0855DXC99,lhglhgl
B0854B1DN4,lhglhgl
B08542JCDL,lhglhgl
B0842XD9TR,lhglhgl
B000KSF548,lhglhgl
B000KKVC6G,lhglhgl
B000CPZZE4,lhglhgl
1635447372,lhglhgl
1635446171,lhglhgl
1635444659,lhglhgl
B00OMQUA7G,lhglhgl
B00N5R9PRY,lhglhgl
B00L480ZUW,lhglhgl
B00AXKSWFM,lhglhgl
B00AUAFL5O,lhglhgl
B006A2TDFA,lhglhgl
B004YWSL2E,lhglhgl
B004O43PJG,lhglhgl
B0045LB5PO,lhglhgl
B00434C2VY,lhglhgl
B003GDISNO,lhglhgl
B003D3MFHW,lhglhgl
B001550BEO,lhglhgl
B0015508QA,lhglhgl
B000OQ79SG,lhglhgl
B00005UMFC,lhglhgl
B08NTYFC4W,lhglhgl
B08W2HNLRG,lhglhgl
B077JGMBJJ,lhglhgl
B076DQRN7K,lhglhgl
B085C7HKN5,lhglhgl
B08GS1SWTH,lhglhgl
B07CT7YSKN,lhglhgl
B079ZKSKBT,lhglhgl
B07VFYJZKZ,lhglhgl
B0002CZVXM,lhglhgl
B01253A0C2,lhglhgl
B07F121149,lhglhgl
B00DVGVKUY,lhglhgl
B00DPRBCSE,lhglhgl
B08M5YGX4W,lhglhgl
B083NZVRGY,lhglhgl
B08P34VZ2Q,lhglhgl
B07FQC93Z9,lhglhgl
B004J38I1M,lhglhgl
B01HP37WH8,lhglhgl
B085DHVMZ6,lhglhgl
B01EOV9SO4,lhglhgl
B08KWRQMQY,lhglhgl
B017ESTQ0U,lhglhgl
B07YMWWMJ7,lhglhgl
B00655CTOY,lhglhgl
B00CM5TNLS,lhglhgl
B08SWBXX7P,lhglhgl
B0879FP3R1,lhglhgl
B083SJWS38,lhglhgl
B07NDBK45P,lhglhgl
B077961JS4,lhglhgl
B00AJECK00,lhglhgl
B0007WRQV2,lhglhgl
B0923Y28VW,lhglhgl
B08V4F9V1R,lhglhgl
B08L8BHD4Z,lhglhgl
B08KZFCBL9,lhglhgl
B08J2KB5G6,lhglhgl
B086MPY383,lhglhgl
B086BGFW4W,lhglhgl
B0848WVG7K,lhglhgl
B07PWW7T8P,lhglhgl
B07JQNN5P1,lhglhgl
B00IAL0E7K,lhglhgl
B00HESFIJ4,lhglhgl
B00A2K84SI,lhglhgl
B08F2FPBDY,lhglhgl
B0062FOX6O,lhglhgl
B07D75QCPF,lhglhgl
B092647W3R,lhglhgl
B07TP9PLPY,lhglhgl
B0BBM653L9,lhglhgl
B082R1PJTD,lhglhgl
B07RYXPC5Z,lhglhgl
B09X8L51CC,lhglhgl
B0915WJ629,lhglhgl
B07J4HTL6M,lhglhgl
B095HMNSZQ,lhglhgl
B0796829SJ,lhglhgl
B079X418XJ,lhglhgl
B083XYFNQW,lhglhgl
B084PV5C3B,lhglhgl
B08KWQQ7RT,lhglhgl
B01JA19ZNC,lhglhgl
B084R8XBZX,lhglhgl
B09D5622RW,lhglhgl
B06XX8DDVG,lhglhgl
B00352P5PK,lhglhgl
B083Y5QC8B,lhglhgl
B08JYGZ21Y,lhglhgl
B075X1BBVQ,lhglhgl
B0000CGB5V,lhglhgl
B00DP5CSKW,lhglhgl
B0BF9QBPGH,lhglhgl
B08P71V48J,lhglhgl
B081BTZCQV,lhglhgl
B077Q8XWZL,lhglhgl
B0000AYFTV,lhglhgl
B007GOHIBM,lhglhgl
B004NWLYV0,lhglhgl
B003FA40W6,lhglhgl
B0CNNQQDJ3,lhglhgl
B0C2QN6FJH,lhglhgl
B0B2PHKN9C,lhglhgl
B09WVMJBFW,lhglhgl
B09WHM8KPL,lhglhgl
B09S4M7G21,lhglhgl
B097MQBJ48,lhglhgl
B097BH6ZY3,lhglhgl
B093PRBTNF,lhglhgl
B092S5YBNL,lhglhgl
B092LM5GPS,lhglhgl
B092J531Q2,lhglhgl
B092J4LQ6R,lhglhgl
B081TTZX3D,lhglhgl
B07F3894DS,lhglhgl
B0855F1R1T,lhglhgl
B002LC9HO0,lhglhgl
B09G76KNCM,lhglhgl
B07H3JXL9G,lhglhgl
B06XTB42FW,lhglhgl
B08LDCC8YC,lhglhgl
B08KJL3KY8,lhglhgl
B08FVX8DM3,lhglhgl
B099KH5BPK,lhglhgl
B08KPXG29W,lhglhgl
B071LT68NV,lhglhgl
B01IAZ7YDM,lhglhgl
B09BZG7T4R,lhglhgl
B0922NF3V3,lhglhgl
B09267ZJF7,lhglhgl
B091SNXRKX,lhglhgl
B0915P912D,lhglhgl
B08ZSJKRYY,lhglhgl
B08ZHG5VDG,lhglhgl
B08YX214DM,lhglhgl
B08VWRZ3T3,lhglhgl
B08VF4RYS4,lhglhgl
B08VF4MXT5,lhglhgl
B08P5DZQZX,lhglhgl
B08P4HBCWJ,lhglhgl
B08NFC8VXT,lhglhgl
B08MXDRGCV,lhglhgl
B08MV696QN,lhglhgl
B08MMS1S46,lhglhgl
B08M43HRQR,lhglhgl
B08M3RXQXJ,lhglhgl
B08M28RMM9,lhglhgl
B08LGL57WD,lhglhgl
B08L6LLWNC,lhglhgl
B08L53NC6V,lhglhgl
B08K42HF19,lhglhgl
B08JYHY46Z,lhglhgl
B08JQ4J7H3,lhglhgl
B08JGQ2YXL,lhglhgl
B08J4F99LV,lhglhgl
B08HWQQXF6,lhglhgl
B08HS78L1S,lhglhgl
B08HNGP484,lhglhgl
B08H1N78JY,lhglhgl
B08GG46NB7,lhglhgl
B08CS2H81C,lhglhgl
B08CN3YPQZ,lhglhgl
B089LW676F,lhglhgl
B0854852W3,lhglhgl
B084KMQC18,lhglhgl
B083SN1XM9,lhglhgl
B083NVC9KY,lhglhgl
B083FF4PZL,lhglhgl
B083762HJZ,lhglhgl
B0834TNTMM,lhglhgl
B08344P88V,lhglhgl
B08344LY6X,lhglhgl
B0833KBRFL,lhglhgl
B0831XCP34,lhglhgl
B08317FNCC,lhglhgl
B07YC9YWJK,lhglhgl
B07PX4J5H5,lhglhgl
B084397969,lhglhgl
B00BU984DK,lhglhgl
B086DR5BC4,lhglhgl
B0869QBBSB,lhglhgl
B08M5YP38R,lhglhgl
B08DS2HBSY,lhglhgl
B000K0675C,lhglhgl
B0719B75JM,lhglhgl
B0928BK7TL,lhglhgl
B07ZYDYHFR,lhglhgl
B075NTB267,lhglhgl
B00CM5SMH4,lhglhgl
B09KRT614R,lhglhgl
B00XKC562C,lhglhgl
B00QHDGNBO,lhglhgl
B00PJ97XLG,lhglhgl
B00KW8ELVO,lhglhgl
B00G116IVW,lhglhgl
B00DF1TTA8,lhglhgl
B009XIPEYC,lhglhgl
B009S5GD8Q,lhglhgl
B0091GC9FI,lhglhgl
B008X8RXG0,lhglhgl
B0085ZY7A6,lhglhgl
B006MUXA7C,lhglhgl
B005IW0ZC8,lhglhgl
B004RIF7Z4,lhglhgl
B004BP5ZHI,lhglhgl
B003F2MLO8,lhglhgl
B07L8T6Q8B,lhglhgl
B07JLVB46Z,lhglhgl
B07FBWK2VH,lhglhgl
B07DXMSK65,lhglhgl
B078Y7TWF7,lhglhgl
B07871NDP4,lhglhgl
B077H3GBB1,lhglhgl
B0775VX43C,lhglhgl
B075DH7ZT9,lhglhgl
B0744MWGD7,lhglhgl
B01LW5251K,lhglhgl
B01LDRJP72,lhglhgl
B01KK8HNPG,lhglhgl
B01KK8HK8G,lhglhgl
B01JAJ2PWM,lhglhgl
B015J6028E,lhglhgl
B08L6LF4LP,lhglhgl
B08438ZKC3,lhglhgl
B07FSCMFLW,lhglhgl
B0863QY9TB,lhglhgl
B00O7YR3DW,lhglhgl
1635444993,lhglhgl
B08VTVNHKY,lhglhgl
B07C1VPH82,lhglhgl
B086HWMG4G,lhglhgl
B003TJMMFA,lhglhgl
B08P45MQMF,lhglhgl
B07NZ37B24,lhglhgl
B07QPZ64JR,lhglhgl
B07DDPQ9MJ,lhglhgl
B08HYM3NRR,lhglhgl
B07HZ69TWS,lhglhgl
B0871383QG,lhglhgl
B096RRW4GC,lhglhgl
B003WP3CB4,lhglhgl
B078G6PH12,lhglhgl
B08HCWMTRS,lhglhgl
B078N3MYWD,lhglhgl
B0912WCVZ6,lhglhgl
B07864WT4B,lhglhgl
B08JH33FJL,lhglhgl
B06XDWGRQ6,lhglhgl
B083Y7MHPN,lhglhgl
B013RYVC0C,lhglhgl
B01BTRYW9W,lhglhgl
B00CR7728M,lhglhgl
B08JG8L3NB,lhglhgl
B008S9LLC6,lhglhgl
B09R7XP4K2,lhglhgl
B08M8NT72P,lhglhgl
B084WV6CXP,lhglhgl
B01FDTLI6C,lhglhgl
B08L6RYMH8,lhglhgl
B075F37SQG,lhglhgl
B091GSN7BN,lhglhgl
B07RK6LSN2,lhglhgl
B00ZFA9HO0,lhglhgl
B07WYX1FJ7,lhglhgl
B08KZW4N44,lhglhgl
B08DLF5H2B,lhglhgl
B08N57B7FY,lhglhgl
B081D99PZL,lhglhgl
B076DLCV5C,lhglhgl
B09FLVSK5C,lhglhgl
B098Q1DK71,lhglhgl
B087GC95Q8,lhglhgl
B086YCZ7MS,lhglhgl
B00ZFA6BIK,lhglhgl
B001BAD6DQ,lhglhgl
B09WQSBZY7,lhglhgl
B083HYRRJ4,lhglhgl
B075726R89,lhglhgl
B01KGB9XU0,lhglhgl
B0B6DBS9GJ,lhglhgl
B08ZY11BVH,lhglhgl
B08YP8GLGL,lhglhgl
B08MK5BP15,lhglhgl
B08LC2H9DM,lhglhgl
B08CXSK3YR,lhglhgl
B084ZJYQGX,lhglhgl
B00TXS8GHO,lhglhgl
B0B6WQGQ5Y,lhglhgl
B09PDPRP1G,lhglhgl
B091DQKTP7,lhglhgl
B08N66VG9S,lhglhgl
B08MF2GXSH,lhglhgl
B08L253KYY,lhglhgl
B08GQRZ5VC,lhglhgl
B0833DYB7Q,lhglhgl
B082LNVKRQ,lhglhgl
B07KZVZ9QG,lhglhgl
B01N7OYM9T,lhglhgl
B01HH9FLYQ,lhglhgl
B01AJ5MUSU,lhglhgl
B010TZSQ2Y,lhglhgl
B005IW0Z2S,lhglhgl
B001KZLBP2,lhglhgl
B001FQLQYW,lhglhgl
B000O65WJ4,lhglhgl
B0CQVB15BK,lhglhgl
B0C2XRBKQJ,lhglhgl
B09Z6QXWHX,lhglhgl
B09W2BDWS9,lhglhgl
B09TVXPCC7,lhglhgl
B09TRZNCZ8,lhglhgl
B09TCPGW8M,lhglhgl
B09SM5RDTQ,lhglhgl
B09RTL95LD,lhglhgl
B09KTVQ2HC,lhglhgl
B09G2BX5Y9,lhglhgl
B09D456NX3,lhglhgl
B0999R24BH,lhglhgl
B0999MR3DM,lhglhgl
B097MQM263,lhglhgl
B097HDNVNW,lhglhgl
B096P6VXQ8,lhglhgl
B092VPSH39,lhglhgl
B092VPR6V6,lhglhgl
B092TJJVNF,lhglhgl
B091KW81Y6,lhglhgl
B091HXS8NS,lhglhgl
B0916X53H9,lhglhgl
B0916VFXWB,lhglhgl
B0913M8XPS,lhglhgl
B08ZCP4TT1,lhglhgl
B08YJZ4MG9,lhglhgl
B08WCHQM91,lhglhgl
B08SBDNWJH,lhglhgl
B08N43GT6V,lhglhgl
B08MPYP7WS,lhglhgl
B08MK1TKXN,lhglhgl
B0012BVWP8,lhglhgl
B000XDLNF0,lhglhgl
B000WMNZXA,lhglhgl
B000QTGG1W,lhglhgl
B000MY6Z7Q,lhglhgl
B000I21XHO,lhglhgl
B000BQYHAM,lhglhgl
1619920255,lhglhgl
B08MHYJ6HG,lhglhgl
B08LQRR189,lhglhgl
B08LKXKS71,lhglhgl
B08LDPBYM1,lhglhgl
B08L8TVRKG,lhglhgl
B08L7TDL4P,lhglhgl
B08L7L48LT,lhglhgl
B08L5VD32S,lhglhgl
B08L4RB7CV,lhglhgl
B08L45X9F8,lhglhgl
B08KYG4X5V,lhglhgl
B08K7N22SL,lhglhgl
B08K4J4BM6,lhglhgl
B08JQ6HV87,lhglhgl
B08JQ155NY,lhglhgl
B08JPXRPCD,lhglhgl
B086FF8FLW,lhglhgl
B086FDZHDD,lhglhgl
B086FDXNFN,lhglhgl
B086FDXNF5,lhglhgl
B086FDC66F,lhglhgl
B086FDB4Z6,lhglhgl
B086FC8LK9,lhglhgl
B086FC8LJW,lhglhgl
B086CSDLGW,lhglhgl
B086CS7FR1,lhglhgl
B086CS79G2,lhglhgl
B086CS5D7V,lhglhgl
B086CS33NF,lhglhgl
B086CS14D4,lhglhgl
B086CRXGND,lhglhgl
B086CRCPJ8,lhglhgl
B08JPMG6C4,lhglhgl
B08JPHNXY1,lhglhgl
B08JKMGRD1,lhglhgl
B08JKM3V9S,lhglhgl
B08JKDFNLY,lhglhgl
B08JGLM4LB,lhglhgl
B08HJLKDRD,lhglhgl
B08F21Z511,lhglhgl
B089SVXTGQ,lhglhgl
B086Z6CX4X,lhglhgl
B086XKR4GL,lhglhgl
B086XJ625K,lhglhgl
B086FFTZ33,lhglhgl
B086FFRXZ1,lhglhgl
B086FFP4KS,lhglhgl
B086FF9M7G,lhglhgl
B086CR9CQ7,lhglhgl
B086CR89TK,lhglhgl
B086CQTJB3,lhglhgl
B086CQSG4F,lhglhgl
B086CQPLNB,lhglhgl
B086CQPK8T,lhglhgl
B086CQPK86,lhglhgl
B086B89NJ6,lhglhgl
B0869C28PJ,lhglhgl
B0869BYJLK,lhglhgl
B08699QD2L,lhglhgl
B086912SB3,lhglhgl
B0866PJ5MW,lhglhgl
B08663BS8W,lhglhgl
B0862XJ4H3,lhglhgl
B085TR55MS,lhglhgl
B084Q6JH3D,lhglhgl
B0842XMHGY,lhglhgl
B0842D4BCB,lhglhgl
B083SD3HP5,lhglhgl
B081MCZ9YJ,lhglhgl
B07YBYD3TP,lhglhgl
B07Y9M9S8Y,lhglhgl
B07VMVWSPW,lhglhgl
B07S9V2CMM,lhglhgl
B07Q6BW75M,lhglhgl
B07NVY4VYZ,lhglhgl
B07MDMLT6Y,lhglhgl
B07KXVN5SP,lhglhgl
B07GT8MZP5,lhglhgl
B07G26N3Z3,lhglhgl
B07DN7FRRR,lhglhgl
B0000X5RHS,lhglhgl
1635441137,lhglhgl
B07BFSL3NW,lhglhgl
B07B41S74B,lhglhgl
B0796QXJDS,lhglhgl
B076K31CL9,lhglhgl
B0714QBSSK,lhglhgl
B01LIEI13Y,lhglhgl
B01ITMNBWO,lhglhgl
B01HPDTB36,lhglhgl
B01HE0PG1Q,lhglhgl
B01F7PK22S,lhglhgl
B00WBUT2FG,lhglhgl
B00SQKUPTW,lhglhgl
B00S0G865M,lhglhgl
B00QT4GAIM,lhglhgl
B00DU4MFB0,lhglhgl
B00AQMMDQQ,lhglhgl
B07H76M36L,lhglhgl
B0799QCZH7,lhglhgl
B091YRPMPP,lhglhgl
B0067LXQA2,lhglhgl
B08694XDCT,lhglhgl
B09RGKWBKM,lhglhgl
B09VXPX1TM,lhglhgl
B08LCQSPSR,lhglhgl
B09SVG4KXC,lhglhgl
B07PCPB49B,lhglhgl
B09VKTQP7F,lhglhgl
B083MSR9NZ,lhglhgl
B06XN5FL9S,lhglhgl
B07ZQ476D8,lhglhgl
B092X4XJ2R,lhglhgl
B003156QH2,lhglhgl
B009S5FTYU,lhglhgl
B009Q8PQH4,lhglhgl
B0074GWXU8,lhglhgl
B005GEZSYS,lhglhgl
B0052YVQ0C,lhglhgl
B004HO06KE,lhglhgl
B004GB1X1O,lhglhgl
B004FCHANY,lhglhgl
B00366WMAG,lhglhgl
B002P5XE1A,lhglhgl
B001FQN6JA,lhglhgl
B000PJA02E,lhglhgl
B000GVOD1U,lhglhgl
B000EQ285U,lhglhgl
B000CQ48NC,lhglhgl
B000BQSISO,lhglhgl
1635440866,lhglhgl
158650455X,lhglhgl
B07T6HCJDC,lhglhgl
B08BYF95YW,lhglhgl
B08DS48MPW,lhglhgl
B07Q4SLPNL,lhglhgl
B09PNCHDJX,lhglhgl
B08W4S5DWL,lhglhgl
B08HRK8MJP,lhglhgl
B01D6D1IYO,lhglhgl
B08W4Q4RFQ,lhglhgl
B00HJBR5YC,lhglhgl
B0912S2VB3,lhglhgl
1619920417,lhglhgl
B08JZ113RG,lhglhgl
B07NY3C322,lhglhgl
B07NZPPPQ8,lhglhgl
B08QHVCFH8,lhglhgl
B07YSWGV2P,lhglhgl
B01JN1JPOI,lhglhgl
B07SBG1C6K,lhglhgl
B0000AZ8JB,lhglhgl
B07S7FJV1P,lhglhgl
B088CYYSGF,lhglhgl
B07S225G7J,lhglhgl
B08JPRBQ4W,lhglhgl
B07RPV365M,lhglhgl
B08K3BYYRC,lhglhgl
B07HBBV1V7,lhglhgl
B08LQLM8KH,lhglhgl
B07H5LKKLD,lhglhgl
B08DXHKZZ2,lhglhgl
B07RG81MVD,lhglhgl
B002XDR3XY,lhglhgl
B08ML74G9H,lhglhgl
B08XVXRT7X,lhglhgl
B08ZSKKPXB,lhglhgl
B0BYJFBZTH,lhglhgl
B08LCFHM81,lhglhgl
B073Z75LSF,lhglhgl
B07PGH2BWR,lhglhgl
B08LCD79QT,lhglhgl
B08K9DQL8Y,lhglhgl
B078NHZRM3,lhglhgl
B08L9HMCPL,lhglhgl
B002U3DL9W,lhglhgl
B07MHBWGFK,lhglhgl
B0871KFBFK,lhglhgl
B07MXP2W88,lhglhgl
B000WMRO3M,lhglhgl
B09C89TH34,lhglhgl
B07SGW3WFR,lhglhgl
B08QVJMWTD,lhglhgl
B08HMZQ944,lhglhgl
B07FQBFB6S,lhglhgl
B06XQCVL3S,lhglhgl
1586509624,lhglhgl
1586509535,lhglhgl
B0BXBKXR8J,lhglhgl
B09MK742QF,lhglhgl
B08HXTD8WL,lhglhgl
B08HST57GS,lhglhgl
B071SLBY8B,lhglhgl
B01GVP9CX8,lhglhgl
1586500996,lhglhgl
B09WJHRG5C,lhglhgl
B09P54BY6K,lhglhgl
B094X9LRR1,lhglhgl
B093V45P1S,lhglhgl
B091GQPM3Q,lhglhgl
B07BZT4ZNN,lhglhgl
B079TH7K23,lhglhgl
B005K8W0K0,lhglhgl
B001713ADU,lhglhgl
1635446961,lhglhgl
158650942X,lhglhgl
B094CYM2BS,lhglhgl
B08XS9SRNQ,lhglhgl
B08QTRQQBF,lhglhgl
B08LGQ2B8J,lhglhgl
B08JPXX9FL,lhglhgl
B08JHD1KVH,lhglhgl
B0864QKKK5,lhglhgl
B085WL93LG,lhglhgl
B082FC4CBT,lhglhgl
B07YHJGCG4,lhglhgl
B07W5CRBKD,lhglhgl
B07R3ZRPGZ,lhglhgl
B07MXQRGRD,lhglhgl
B073RQJQJB,lhglhgl
B00FPH4ZX6,lhglhgl
B001BNFIRA,lhglhgl
B000GU1UBW,lhglhgl
1635446996,lhglhgl
1586504363,lhglhgl
B0B4W454NF,lhglhgl
B07H5KP4ZL,lhglhgl
B0835S91CC,lhglhgl
B07GH27QVL,lhglhgl
B077GTRYRG,lhglhgl
B07FZNKMYC,lhglhgl
B079VTW5FQ,lhglhgl
B07DKCPNFL,lhglhgl
B07JYXYQ4G,lhglhgl
B0799R8674,lhglhgl
B01CQ75R6G,lhglhgl
B078YFR4YQ,lhglhgl
B09288S4J3,lhglhgl
B076BN75TD,lhglhgl
B08KCLFHMQ,lhglhgl
B006485SN6,lhglhgl
B08941R36W,lhglhgl
B092HCK7X3,lhglhgl
B091YCRFP9,lhglhgl
B091HXBS9H,lhglhgl
B091FWY253,lhglhgl
B08Y7JP3K7,lhglhgl
B08XXW2SD9,lhglhgl
B08XQB4HYH,lhglhgl
B08SGKRZ7P,lhglhgl
B08RNC4QDB,lhglhgl
B08R5WNTVW,lhglhgl
B08NRVRNK7,lhglhgl
B08NFGV8FD,lhglhgl
B08N5C2WGQ,lhglhgl
B08N3GKS3Z,lhglhgl
B08MV6R6SG,lhglhgl
B08MJYPSB2,lhglhgl
B08LG26H2R,lhglhgl
B08LDM2C4P,lhglhgl
B08LB635HS,lhglhgl
B08L7QD5KW,lhglhgl
B08L6DG315,lhglhgl
B08KYK3JNQ,lhglhgl
B08KYK33LK,lhglhgl
B08KYJSPGK,lhglhgl
B08KLHKVNR,lhglhgl
B08KFPG67R,lhglhgl
B08KDP7521,lhglhgl
B08K49WFX9,lhglhgl
B08JPL1CL8,lhglhgl
B08JLFNM9H,lhglhgl
B08J7TXTZ1,lhglhgl
B08HRMZMX7,lhglhgl
B08HQYBGF2,lhglhgl
B08FTB782X,lhglhgl
B08FC2GH7X,lhglhgl
B08F9NL77J,lhglhgl
B08DJYBH4D,lhglhgl
B08C7X7BTV,lhglhgl
B08BQ892ZJ,lhglhgl
B0878YNXH8,lhglhgl
B087822DYB,lhglhgl
B08767T88W,lhglhgl
B087672V32,lhglhgl
B0874JJFYZ,lhglhgl
B0872QMR1Y,lhglhgl
B086CRW2MT,lhglhgl
B0868ZZRVQ,lhglhgl
B0864XNWXN,lhglhgl
B085D7SDJR,lhglhgl
B08593GZ3R,lhglhgl
B084T772SX,lhglhgl
B0842Y27VF,lhglhgl
B083TKB5ZM,lhglhgl
B083MYQ6DD,lhglhgl
B083MXR2VH,lhglhgl
B083KY51JB,lhglhgl
B0836F5QBC,lhglhgl
B083198GQH,lhglhgl
B081K6KX2Z,lhglhgl
B07W7585ND,lhglhgl
B07TN3MQF9,lhglhgl
B07RK4R98C,lhglhgl
B07P92VFZF,lhglhgl
B07P6PBJ4V,lhglhgl
B07LF66RKP,lhglhgl
B07JR3JCDK,lhglhgl
B07HNVFCR2,lhglhgl
B07GYSX5B1,lhglhgl
B07DC53Y8J,lhglhgl
B07B8PNZJ2,lhglhgl
B079LVVWPV,lhglhgl
B078J339DX,lhglhgl
B077MND9SP,lhglhgl
B0768PTZGV,lhglhgl
B072N2C345,lhglhgl
B071LBM3PM,lhglhgl
B07179ZXMY,lhglhgl
B06ZY25C4F,lhglhgl
B01JLGX6Z4,lhglhgl
B01J6MTKVC,lhglhgl
B09WDN4MR2,lhglhgl
B09W5L1DK1,lhglhgl
B09W5KJLXR,lhglhgl
B09TW36T1Y,lhglhgl
B09T31RC7X,lhglhgl
B09PBKMG1L,lhglhgl
B09DPQ5CP1,lhglhgl
B09DGM8K8K,lhglhgl
B09DGLZY76,lhglhgl
B09C4V81FB,lhglhgl
B0986RN3KH,lhglhgl
B096S2JWKY,lhglhgl
B092ZBCLC4,lhglhgl
B092SW839H,lhglhgl
B092R79FTV,lhglhgl
B092MF59J1,lhglhgl
B01H3X8OGS,lhglhgl
B01D2IXVJI,lhglhgl
B018WG7Y98,lhglhgl
B0161UW07I,lhglhgl
B00Y5RLO8G,lhglhgl
B00Y3T25CK,lhglhgl
B00WCCUKQS,lhglhgl
B00TO6F7RC,lhglhgl
B00S1M2KK2,lhglhgl
B00R6D0RC0,lhglhgl
B00QOFKVQS,lhglhgl
B00O835LKY,lhglhgl
B00INADJIO,lhglhgl
B00HAL6S58,lhglhgl
B00EE4JW7K,lhglhgl
B00CIOJF3O,lhglhgl
B0090T9710,lhglhgl
B0090S4ETG,lhglhgl
B007C8VUK2,lhglhgl
B0072WLZKS,lhglhgl
B0068WUISI,lhglhgl
B005FG57ES,lhglhgl
B005AWVG24,lhglhgl
B0055786LS,lhglhgl
B004RCQSQM,lhglhgl
B004CVJC52,lhglhgl
B0043NP2BC,lhglhgl
B0043NP1W2,lhglhgl
B003V5LWXU,lhglhgl
B003D3MFHM,lhglhgl
B00317FH4S,lhglhgl
B001552DPY,lhglhgl
B0015502M0,lhglhgl
B000XM1JUU,lhglhgl
B000UG5OQ4,lhglhgl
B000LE9ILW,lhglhgl
B000KSF3K4,lhglhgl
B000I99702,lhglhgl
B000CSGBO4,lhglhgl
B000BOC3R8,lhglhgl
B0006ODVG0,lhglhgl
B0002RVPLE,lhglhgl
158650939X,lhglhgl
158650472X,lhglhgl
1574890816,lhglhgl
B076H88573,lhglhgl
B09S7G7NLK,lhglhgl
B08M5QZT54,lhglhgl
B07FB59NTM,lhglhgl
B087MXVN5P,lhglhgl
B07TT2DLJN,lhglhgl
B07K5149NX,lhglhgl
B0851WFR7G,lhglhgl
B087N6TWZ1,lhglhgl
B0052U3T4W,lhglhgl
B08QD5YLQJ,lhglhgl
B07XG6QQ56,lhglhgl
B08JMBVJRX,lhglhgl
B0BLCRD3QH,lhglhgl
B07QNWM7F5,lhglhgl
B0C9R5SB5C,lhglhgl
B08HQHXDGD,lhglhgl
B07JFS3CLM,lhglhgl
B072KLPVG5,lhglhgl
B08ZKDF25D,lhglhgl
B08YRM6T9F,lhglhgl
B09T5Q6DB5,lhglhgl
B08VCPLRFN,lhglhgl
B08YRL3V8Z,lhglhgl
B08NXX5W9R,lhglhgl
B08YR684CW,lhglhgl
B00NW4HOBO,lhglhgl
B08Y9133CZ,lhglhgl
B086668197,lhglhgl
B08Y8XDDZT,lhglhgl
B091YK4LZ9,lhglhgl
B08Y13JDZJ,lhglhgl
B092HD22L7,lhglhgl
B08XX3Z3HL,lhglhgl
B0844X1YW3,lhglhgl
B08LDZNFC5,lhglhgl
B018Y08EBY,lhglhgl
B08L5LM6CT,lhglhgl
B0067OFWZQ,lhglhgl
B087MZ578B,lhglhgl
B0849NDDKV,lhglhgl
B086HS63H1,lhglhgl
B00IYSJRAE,lhglhgl
B0869R69V7,lhglhgl
B09VYXSNSW,lhglhgl
B0869QY5T1,lhglhgl
B09DYRRC2T,lhglhgl
B0869Q9M2S,lhglhgl
B092D383J2,lhglhgl
B0869Q7S7Q,lhglhgl
B08FSY2P97,lhglhgl
B0869PNCWW,lhglhgl
B086QSR1CJ,lhglhgl
B0859GNKV1,lhglhgl
B0749RJM61,lhglhgl
B084VMCZQS,lhglhgl
B009W22XES,lhglhgl
B084VMB4RL,lhglhgl
B08DR7VR2X,lhglhgl
B084VM573V,lhglhgl
B07Y8JZ1PT,lhglhgl
B084VM3KJC,lhglhgl
B08HSZVSQG,lhglhgl
B084VLYK4D,lhglhgl
B00KHX0OOC,lhglhgl
B082VZ24TG,lhglhgl
B08P5Y2CQK,lhglhgl
B07J2S7Y23,lhglhgl
B08KLRMMLS,lhglhgl
B01LWSM8ND,lhglhgl
B082G5L176,lhglhgl
B00RVBSL5M,lhglhgl
B09VPG3CSL,lhglhgl
B0038NA6S2,lhglhgl
B09TRTS45J,lhglhgl
B08KGHZ499,lhglhgl
B08DCZCJ8Y,lhglhgl
B07VV77K27,lhglhgl
B073VFD8FY,lhglhgl
B01N1S0849,lhglhgl
B08CGGKNK5,lhglhgl
B086X36GXZ,lhglhgl
B003ZYS5YQ,lhglhgl
1635448972,lhglhgl
B09L167RJW,lhglhgl
B08NTJ1NCH,lhglhgl
B08K7HRZQ1,lhglhgl
B08778Z9FM,lhglhgl
B0872VLRCM,lhglhgl
B076WRH959,lhglhgl
B01GGFV4ZM,lhglhgl
B000COMYXK,lhglhgl
B0CQV8X42N,lhglhgl
B0BWYQC3X6,lhglhgl
B0BCSRK1NT,lhglhgl
B09VT4YQ16,lhglhgl
B09V4B1VC6,lhglhgl
B09TXDMFCS,lhglhgl
B09S62LZ5G,lhglhgl
B09DKNJL8W,lhglhgl
B09999T1VY,lhglhgl
B098K3Q1V2,lhglhgl
B09289GHKM,lhglhgl
B092893PVB,lhglhgl
B09236H9CP,lhglhgl
B091KK6ZSZ,lhglhgl
B091KHLN92,lhglhgl
B091KHJRNQ,lhglhgl
B091HS7LZ7,lhglhgl
B091BJQBZC,lhglhgl
B091BH4MHW,lhglhgl
B0916MSG1Y,lhglhgl
B08LG6FR13,lhglhgl
B08LB6WPKD,lhglhgl
B08L8DYPRQ,lhglhgl
B08L6NYFB4,lhglhgl
B08L6G6L45,lhglhgl
B08L5M7NSP,lhglhgl
B08L33Y74N,lhglhgl
B08K472LD6,lhglhgl
B08K3SBFDF,lhglhgl
B08K27FNZZ,lhglhgl
B08JYXJX29,lhglhgl
B08JPW8BDY,lhglhgl
B08JD7B7QC,lhglhgl
B08HQYY7XN,lhglhgl
B08G5CGTBB,lhglhgl
B08FV9Q3Y5,lhglhgl
B08DTC19TB,lhglhgl
B08DHKV2V8,lhglhgl
B089SFZBST,lhglhgl
B08866KFD4,lhglhgl
B087GTP23T,lhglhgl
B0872XRMN3,lhglhgl
B086GT5K6B,lhglhgl
B0862FYY34,lhglhgl
B0862FTBJD,lhglhgl
B084Y89XY5,lhglhgl
B084T7Z23Q,lhglhgl
B0845YRFLN,lhglhgl
B083SF2SH2,lhglhgl
B083SDQ8G7,lhglhgl
B083QS6SWD,lhglhgl
B083LP7Z1W,lhglhgl
B0916K11CH,lhglhgl
B0916JJZWX,lhglhgl
B0912D2MJY,lhglhgl
B08Z8D1Y62,lhglhgl
B08YS531DJ,lhglhgl
B08Y6TFY4F,lhglhgl
B08Y5PJK4M,lhglhgl
B08XQDMXL9,lhglhgl
B08XLXZ19T,lhglhgl
B08SRDQJY4,lhglhgl
B08QJSJVK3,lhglhgl
B08NRLM5FR,lhglhgl
B08MTXS1QZ,lhglhgl
B08MTB35C9,lhglhgl
B08ML8SZ2Q,lhglhgl
B08LR4M9SB,lhglhgl
B0834TKQ1F,lhglhgl
B08344SSGJ,lhglhgl
B08344RVGW,lhglhgl
B08344MXT3,lhglhgl
B08344MP6D,lhglhgl
B0832KYJYP,lhglhgl
B0832JF2ZS,lhglhgl
B0832H3WDG,lhglhgl
B07YMVYK41,lhglhgl
B07WDJ4JBQ,lhglhgl
B07T7L1Z75,lhglhgl
B07RHWCLMJ,lhglhgl
B07R3QVWZ3,lhglhgl
B07QK23QWY,lhglhgl
B07NJ27R8Z,lhglhgl
B07N8LFKDG,lhglhgl
B074JYRDZR,lhglhgl
B06XY655TG,lhglhgl
B01N1ZFU8C,lhglhgl
B01LWA5448,lhglhgl
B01JLFAYM8,lhglhgl
B01HY57ONE,lhglhgl
B01EQDT354,lhglhgl
B01EQDQAGE,lhglhgl
B01EQDPN9Y,lhglhgl
B01DVWJB8U,lhglhgl
B016TQBCJ6,lhglhgl
B00ZDY8ZKA,lhglhgl
B00YB9SK4O,lhglhgl
B00XC7R43O,lhglhgl
B00W5VQP2Y,lhglhgl
B00TI4FP3G,lhglhgl
B07N75TSGJ,lhglhgl
B07L62FCW6,lhglhgl
B07KVDCG2C,lhglhgl
B07FGF2MNG,lhglhgl
B07DJ5T1XV,lhglhgl
B07D3Q9VQZ,lhglhgl
B07CYYQ56G,lhglhgl
B07B3XGH1D,lhglhgl
B079TD3KRR,lhglhgl
B078HNZV22,lhglhgl
B0787RCZ43,lhglhgl
B077QBSLKW,lhglhgl
B077Q7V4JK,lhglhgl
B076TXY8TR,lhglhgl
B076L13CQ3,lhglhgl
B075PCV3G6,lhglhgl
B000KO4FIE,lhglhgl
B000H621WW,lhglhgl
B000CSG9VE,lhglhgl
B000CAYTJ6,lhglhgl
B000BOC0A8,lhglhgl
B0009OAJRG,lhglhgl
B00OI2XJK4,lhglhgl
B00OHOY3JE,lhglhgl
B00LAUR7HI,lhglhgl
B00KZC1AWA,lhglhgl
B00J09UURA,lhglhgl
B00IJBQ920,lhglhgl
B00IEMJK3O,lhglhgl
B00GP9LM9S,lhglhgl
B00GP9LGL2,lhglhgl
B00DF1RL0S,lhglhgl
B00BWY1Z2A,lhglhgl
B009S5GH4Q,lhglhgl
B009S5E20M,lhglhgl
B008UW9J16,lhglhgl
B006UK8NPI,lhglhgl
B006JFN9HQ,lhglhgl
B005ZGJ0UK,lhglhgl
B005PAMCY2,lhglhgl
B005JUY5WK,lhglhgl
B005DS7SIQ,lhglhgl
B003PPYU3U,lhglhgl
B003OAB4VW,lhglhgl
B003FCJ09W,lhglhgl
B003F03P0O,lhglhgl
B0036FBZHS,lhglhgl
B002M3X96A,lhglhgl
B001FQLC32,lhglhgl
B001CJVGMY,lhglhgl
B00154Y7HM,lhglhgl
B000T3BPHU,lhglhgl
B000R7EZ1G,lhglhgl
B000MOHJMG,lhglhgl
B083NZQ8DJ,lhglhgl
B0150OGLOO,lhglhgl
B08WY889JX,lhglhgl
B07RW2ZYPD,lhglhgl
B07ZWHJKTV,lhglhgl
B009R8GCEO,lhglhgl
B09SDGNSWJ,lhglhgl
B01I8LC8Y8,lhglhgl
B0838SRWML,lhglhgl
B00ZUN5PA2,lhglhgl
B08MYXMP5G,lhglhgl
B07DP283ZR,lhglhgl
B08YRCM4XZ,lhglhgl
B08HYBFCHK,lhglhgl
B01J1ZJU9G,lhglhgl
B07DRWDZKP,lhglhgl
B004AYE9P4,lhglhgl
B001VNGLEY,lhglhgl
B08ZYW56CG,lhglhgl
B08NCH4GR9,lhglhgl
B082VLKVT4,lhglhgl
B084VP5Q3J,lhglhgl
B07871VJ12,lhglhgl
B083DCSF3V,lhglhgl
B084VNY9Z5,lhglhgl
B000CQ4BBQ,lhglhgl
B084VM2G1V,lhglhgl
B07KMBMBNS,lhglhgl
B07RN8XSLP,lhglhgl
B0863DSJ5H,lhglhgl
B07GZM14JW,lhglhgl
B0BC83DTSW,lhglhgl
B010IKGVDQ,lhglhgl
B073C9D69D,lhglhgl
B00MMENWVG,lhglhgl
B0011ZTRCU,lhglhgl
1635443393,lhglhgl
B001IUWBC6,lhglhgl
B071KT3XQ9,lhglhgl
B09T9335Q7,lhglhgl
B01MF7D6GS,lhglhgl
B092CBG5KR,lhglhgl
B081BSWZ2L,lhglhgl
B09WDMCKRK,lhglhgl
B08Y8DTJD9,lhglhgl
B083198VYW,lhglhgl
B07F7RF856,lhglhgl
B0811GCRBF,lhglhgl
B09JJ8K856,lhglhgl
B08YF18NHR,lhglhgl
B08Y6KJT4Z,lhglhgl
B08N872G6Q,lhglhgl
B0854RJM33,lhglhgl
B07SW9VCV3,lhglhgl
B07NCC51ST,lhglhgl
B071W5QJH8,lhglhgl
B01N07C8V2,lhglhgl
B0CN8GWJNM,lhglhgl
B0C1HNP7GN,lhglhgl
B0B51V9MVB,lhglhgl
B09W8BBHWG,lhglhgl
B09VTNVDZ9,lhglhgl
B09VT7BVRZ,lhglhgl
B09QJB45JC,lhglhgl
B09QWY3RGN,lhglhgl
B098QRZSZV,lhglhgl
B084P81QQB,lhglhgl
B07XBW3DVN,lhglhgl
B000CPZZVC,lhglhgl
B07Z3K528R,lhglhgl
B091C6BF3S,lhglhgl
B08P2KMRZW,lhglhgl
B08HBKNXXW,lhglhgl
B083FGKC24,lhglhgl
B07QLQH21X,lhglhgl
B07MZ1Z3YR,lhglhgl
B01E1E20GM,lhglhgl
B004VG09SW,lhglhgl
B002XM5DM8,lhglhgl
B0CH9SM3H7,lhglhgl
B09Q5XT72W,lhglhgl
B09PDMW7NT,lhglhgl
B09K5RMG4Q,lhglhgl
B09DS8P37W,lhglhgl
B099WGV6M3,lhglhgl
B095XNXZN9,lhglhgl
B092R5CGHX,lhglhgl
B092M26WZB,lhglhgl
B092LV55Y5,lhglhgl
B092J42DS5,lhglhgl
B0915WKTV8,lhglhgl
B08ZJQ83DQ,lhglhgl
B08XZHWVVR,lhglhgl
B08XXWFCLS,lhglhgl
B08XWWN9G6,lhglhgl
B08X4P8SX9,lhglhgl
B08VZLZVJK,lhglhgl
B08RDPL2F1,lhglhgl
B08QYTVSS5,lhglhgl
B08QYTFMTR,lhglhgl
B08QYT9Q2N,lhglhgl
B08QYRHPJR,lhglhgl
B08QYRBK96,lhglhgl
B08QYPPZSQ,lhglhgl
B08QYPJMRY,lhglhgl
B08QYPJ96X,lhglhgl
B08QYKP6YB,lhglhgl
B08QYG62LP,lhglhgl
B08QYG5DKZ,lhglhgl
B08QYD4HRZ,lhglhgl
B08QY6R6NV,lhglhgl
B08QY6CT5Z,lhglhgl
B08QY6BM7R,lhglhgl
B08QY5SXRN,lhglhgl
B08QY3BWWK,lhglhgl
B08QY349RH,lhglhgl
B08QXYLZ2G,lhglhgl
B08QXYBWQ4,lhglhgl
B08PTWH475,lhglhgl
B08NFJ6VY4,lhglhgl
B08NFHPXX9,lhglhgl
B08NF7M5QH,lhglhgl
B08N9QKJC9,lhglhgl
B08N9NZTH7,lhglhgl
B08MJX457K,lhglhgl
B08MDV76QQ,lhglhgl
B08M4JXR5W,lhglhgl
B08M257KM9,lhglhgl
B08M1T5DC9,lhglhgl
B08LPWFBV2,lhglhgl
B08LP42GMJ,lhglhgl
B08LP1RBWT,lhglhgl
B08LP1NJ9Y,lhglhgl
B08LP1MK8D,lhglhgl
B08LNZLGPS,lhglhgl
B08LNZJTR8,lhglhgl
B08LNZHN98,lhglhgl
B08LNZCK64,lhglhgl
B08LNZB7RM,lhglhgl
B08LNZ9T1B,lhglhgl
B08LNYTB6K,lhglhgl
B08LNYFTM1,lhglhgl
B08LNXW444,lhglhgl
B08LM62LFD,lhglhgl
B08HS1W9TL,lhglhgl
B08HQYMHGB,lhglhgl
B08HHVC92Y,lhglhgl
B08FR86JQZ,lhglhgl
B08FF15JH6,lhglhgl
B08D6D1979,lhglhgl
B08CDLR98Q,lhglhgl
B087RLPWG7,lhglhgl
B085LNR9R8,lhglhgl
B084Z6P71S,lhglhgl
B084Q94S91,lhglhgl
B084669X79,lhglhgl
B08465ZKV3,lhglhgl
B0842X45M7,lhglhgl
B083QHFRBN,lhglhgl
B081Y9JM96,lhglhgl
B07XBR1GXT,lhglhgl
B07RWMRN6M,lhglhgl
B07R8HN6NW,lhglhgl
B07Q5GNVDV,lhglhgl
B07P6QM4B4,lhglhgl
B07L73J7P9,lhglhgl
B07HG4Y45G,lhglhgl
B07G4FBJY6,lhglhgl
B07DSPLJMK,lhglhgl
B07CNHWSP6,lhglhgl
B07C75V6MT,lhglhgl
B07C652VXF,lhglhgl
B079SP7CFM,lhglhgl
B078WNNQL2,lhglhgl
B0779KR3W8,lhglhgl
B076MRDZJY,lhglhgl
B00NTV8M0W,lhglhgl
B00IHLQBIE,lhglhgl
B00DSX8K30,lhglhgl
B00BIS6BHO,lhglhgl
B00B2AUJBW,lhglhgl
B009XIQGOY,lhglhgl
B009S5HMCW,lhglhgl
B008Y2GQTA,lhglhgl
B0065N357Q,lhglhgl
B005XXZL5S,lhglhgl
B0055DRKFU,lhglhgl
B004QAU9V0,lhglhgl
B0044USJUA,lhglhgl
B003V5PUGU,lhglhgl
B003GUNUQW,lhglhgl
B002SAK9EC,lhglhgl
B002FB673Q,lhglhgl
B002C52400,lhglhgl
B001L5YD38,lhglhgl
B000X5GRFY,lhglhgl
B000WR8PQC,lhglhgl
B000SKLOH0,lhglhgl
B000PJ70FY,lhglhgl
B000NCUZ5A,lhglhgl
B000DT7XNA,lhglhgl
B000BQT3AQ,lhglhgl
B000BOB64O,lhglhgl
1635442257,lhglhgl
1586500090,lhglhgl
1586500023,lhglhgl
B08LKF9G7R,lhglhgl
B08LK8LFNN,lhglhgl
B08LK6431S,lhglhgl
B08LK45Y9R,lhglhgl
B08LK1KV53,lhglhgl
B08LJJCQRT,lhglhgl
B08LHMZR6B,lhglhgl
B08LHL4XXD,lhglhgl
B08LHKGJBB,lhglhgl
B08LHG7V8S,lhglhgl
B08LGH3QLT,lhglhgl
B08L1L7CQM,lhglhgl
B08KGHN7YG,lhglhgl
B08K4N1HRL,lhglhgl
B08K4KVV1K,lhglhgl
B08JWBHHS6,lhglhgl
B09MKBGCTR,lhglhgl
B084623LRV,lhglhgl
B092612HD5,lhglhgl
B082V4RLQ8,lhglhgl
B0925Y8V3J,lhglhgl
B09RQY44MB,lhglhgl
B0925XJTS3,lhglhgl
B08JXMKS28,lhglhgl
B0925XFSPR,lhglhgl
B002DPHDF0,lhglhgl
B0925XDTY2,lhglhgl
B08XNFNHF3,lhglhgl
B08YRMBCZF,lhglhgl
B0871NB56F,lhglhgl
B084VPB8ND,lhglhgl
B01F7P0DLS,lhglhgl
B075QYX9Z7,lhglhgl
B071LQC99D,lhglhgl
B01LVTI762,lhglhgl
B01LBTI9A6,lhglhgl
B01HDO2SE6,lhglhgl
B0185HY7QM,lhglhgl
B017086W6U,lhglhgl
B015J5ZY5Q,lhglhgl
B00ZFA6856,lhglhgl
B00YU7N0DS,lhglhgl
B00WU2KY1Q,lhglhgl
B00TUH810U,lhglhgl
B00SOU0FOE,lhglhgl
B00S1PPSKI,lhglhgl
B00OQIPV9W,lhglhgl
B00O4HIEXK,lhglhgl
B08N5YH1L7,lhglhgl
B08HQTZ8LY,lhglhgl
B01DWGRXIK,lhglhgl
B00199CJZ0,lhglhgl
1635447186,lhglhgl
B08R695P86,lhglhgl
B01IAZAFFG,lhglhgl
B08XN5XVQQ,lhglhgl
B07DDFZ2SC,lhglhgl
B01N7V8KH4,lhglhgl
B00V4PW8FK,lhglhgl
B0090T967U,lhglhgl
B0037ZK992,lhglhgl
B08P73SZYF,lhglhgl
B087743C2G,lhglhgl
B083NWCQBC,lhglhgl
B00NGM1KSU,lhglhgl
B09PZJ43HW,lhglhgl
B09MHTKH8C,lhglhgl
B0923XTSF1,lhglhgl
B08M5WDZLF,lhglhgl
B08HDN2KTW,lhglhgl
B083R6K4B8,lhglhgl
B07V56C417,lhglhgl
B079K4L3BR,lhglhgl
B01GI8TI4Q,lhglhgl
B00E0HSCS6,lhglhgl
B007W1D69C,lhglhgl
B0CRTRH6WB,lhglhgl
B0CCTGH48P,lhglhgl
B09W2DMPJS,lhglhgl
B09SQF8TM7,lhglhgl
B09RY51QK7,lhglhgl
B09J8FJZSR,lhglhgl
B09CHFXJGC,lhglhgl
B09B4421SG,lhglhgl
B09B1XNS6Q,lhglhgl
B098QL4PMG,lhglhgl
B098QKKHFV,lhglhgl
B098757543,lhglhgl
B097S8RP51,lhglhgl
B092SH1CY3,lhglhgl
B092M8KBQ3,lhglhgl
B092LHTLCR,lhglhgl
B091KTR9HD,lhglhgl
B091HXDJT5,lhglhgl
B091FXV7PC,lhglhgl
B08ZYKHV93,lhglhgl
B08ZXSDSZT,lhglhgl
B08YR73GMG,lhglhgl
B08Y64M5W8,lhglhgl
B08XVWBQ3P,lhglhgl
B08QN2QHKB,lhglhgl
B08PC3PP8D,lhglhgl
B08NSC7QLZ,lhglhgl
B08MWV7H79,lhglhgl
B08MJGH7ZK,lhglhgl
B08M97SBYG,lhglhgl
B08M6DRVLW,lhglhgl
B08LVVTDM6,lhglhgl
B08LKK7N7Y,lhglhgl
B08L8G4KN9,lhglhgl
B08L64TTJT,lhglhgl
B08L366FQ2,lhglhgl
B0849MR5NZ,lhglhgl
B0842ZCPX1,lhglhgl
B083MX6ZFT,lhglhgl
B083DMRCBC,lhglhgl
B083186K1J,lhglhgl
B082ZP5VG5,lhglhgl
B0822WFWN3,lhglhgl
B081DWBFZY,lhglhgl
B07X5XFCPM,lhglhgl
B07X51H6V4,lhglhgl
B07W7VQ9FY,lhglhgl
B07V49D1WS,lhglhgl
B07JPM627F,lhglhgl
B07H2VN7LP,lhglhgl
B07DJ96WJW,lhglhgl
B07BC8DPS9,lhglhgl
B084VM5R96,lhglhgl
B08JM8YFQ8,lhglhgl
B07CZYSJ53,lhglhgl
B008RHG6FQ,lhglhgl
B08LQQXL3Q,lhglhgl
B08W8DK9BY,lhglhgl
B08N3354CC,lhglhgl
B01LZNEZ6W,lhglhgl
B08PW5MZM1,lhglhgl
B085NPXJBX,lhglhgl
B08MF8ZWCF,lhglhgl
B08GSS2916,lhglhgl
B07TTD6ZPT,lhglhgl
B09TV6VRT7,lhglhgl
B07D6L1MJX,lhglhgl
B0BLCSMRM8,lhglhgl
B079NS3XN1,lhglhgl
B077FRFJQ9,lhglhgl
B076B6TTS9,lhglhgl
B07485HZRZ,lhglhgl
B06ZZSNKCB,lhglhgl
B01MR7LEIK,lhglhgl
B01MG7GRRF,lhglhgl
B01LWSI49A,lhglhgl
B01L98DM6A,lhglhgl
B01I71ECVQ,lhglhgl
B01GWK15AU,lhglhgl
B01CGXLP48,lhglhgl
B01CGXLOIU,lhglhgl
B01CGXLLXS,lhglhgl
B01CGXLKM0,lhglhgl
B0141FMK02,lhglhgl
B000CCZTCU,lhglhgl
B00004ZBT9,lhglhgl
1619926210,lhglhgl
B00XC7VU7A,lhglhgl
B00UMR7OFK,lhglhgl
B00TYGWSOW,lhglhgl
B00TUHEQ5Y,lhglhgl
B00SREJWLE,lhglhgl
B00NSG6VW4,lhglhgl
B00N3LRD4E,lhglhgl
B00KZGZIP6,lhglhgl
B00GXF4DV8,lhglhgl
B00GBVKS3Q,lhglhgl
B009S5FNWS,lhglhgl
B007QV47D2,lhglhgl
B006EKH648,lhglhgl
B0068PHKZO,lhglhgl
B005DS6DW8,lhglhgl
B004DDHXBO,lhglhgl
B00494SVTK,lhglhgl
B002U0LEHQ,lhglhgl
B002SALWNE,lhglhgl
B002P67KLY,lhglhgl
B001U8W6IK,lhglhgl
B001U81T7E,lhglhgl
B001U7Z8ZO,lhglhgl
B001LNTX0S,lhglhgl
B001HWFK28,lhglhgl
B00154Y8CG,lhglhgl
B000VBC70O,lhglhgl
B000MX245E,lhglhgl
B000LNOPGQ,lhglhgl
B000I209JW,lhglhgl
B000FQ25PC,lhglhgl
B000CQ4B9I,lhglhgl
B08K4J1MLV,lhglhgl
B08K49TMJX,lhglhgl
B08K2ZHBTK,lhglhgl
B08JTYPWWW,lhglhgl
B08JLX4L35,lhglhgl
B08JLMM2PS,lhglhgl
B08JHWLDB7,lhglhgl
B08J7V6BWR,lhglhgl
B08HVGYYNM,lhglhgl
B08H7VTD12,lhglhgl
B08GS62M4P,lhglhgl
B08G1VYJ7Z,lhglhgl
B08FB84FHN,lhglhgl
B086H1Y4SF,lhglhgl
B0864RZN9F,lhglhgl
B084NZNF2M,lhglhgl
B01N9FCI32,lhglhgl
B072QYH7FF,lhglhgl
B003VZN0NA,lhglhgl
B091XBY3VK,lhglhgl
B07DLRJJMR,lhglhgl
B00029WSW2,lhglhgl
B091V8PS7W,lhglhgl
B07J2S28YY,lhglhgl
B085PY78KP,lhglhgl
B000I1WO8C,lhglhgl
B01DYMB400,lhglhgl
B08MNFMV8P,lhglhgl
B019BUCVGA,lhglhgl
B0871CP21S,lhglhgl
B00SN8WTPU,lhglhgl
1586509497,lhglhgl
B07VLRVSQC,lhglhgl
B00006BNF5,lhglhgl
B08L3C1DW2,lhglhgl
B003VADRT2,lhglhgl
B0039XLOWS,lhglhgl
B074DSD46L,lhglhgl
B000MOHJN0,lhglhgl
B0042FUHV6,lhglhgl
B07W5LZV37,lhglhgl
B07XG9LXGB,lhglhgl
B00QJ5M1K2,lhglhgl
B0006J280U,lhglhgl
B07VG85CZR,lhglhgl
B07NVY2FRQ,lhglhgl
B0CPTJ3614,lhglhgl
B07TG87XZZ,lhglhgl
B07DSFSXTW,lhglhgl
B08F9NJY8T,lhglhgl
B0CGQZ8G8L,lhglhgl
B07CZP8D9B,lhglhgl
B08LQXX7NK,lhglhgl
B000RH4G5G,lhglhgl
B0BY3QL12V,lhglhgl
B01H2QV0HQ,lhglhgl
B09K4M9Z1Q,lhglhgl
B07VMDFTVR,lhglhgl
B09K4LVLQZ,lhglhgl
B01KKNDNDM,lhglhgl
B09D5SDB8J,lhglhgl
B000NU0QX8,lhglhgl
B092D4SB3W,lhglhgl
B086BPD7RF,lhglhgl
B08KVTV3CR,lhglhgl
B0C4PBMV6X,lhglhgl
B0794TXSZB,lhglhgl
B07XPFXP23,lhglhgl
B00XXUNHCW,lhglhgl
B07YN4CGJK,lhglhgl
B00MMENWMA,lhglhgl
B08NVHZ1VY,lhglhgl
B00A768E6O,lhglhgl
B08GY4WX1W,lhglhgl
B07Z3K1X33,lhglhgl
B01HT8U2BC,lhglhgl
B084KR6SPW,lhglhgl
B0029LGPRA,lhglhgl
B09CKKSZHL,lhglhgl
B08P3KZLDX,lhglhgl
B0927G5CPX,lhglhgl
B08WHZQ5W9,lhglhgl
B08D3C3CTZ,lhglhgl
B08WHR2SND,lhglhgl
B08M5G42DR,lhglhgl
B08WHLL5Z6,lhglhgl
B09TK317SC,lhglhgl
B08WH6J9T8,lhglhgl
B08LKW29MF,lhglhgl
B08TL7GVQJ,lhglhgl
B07942RSQ7,lhglhgl
B08QN3DLPZ,lhglhgl
B002O0S7PO,lhglhgl
B08QMZ73MV,lhglhgl
B08VZJRTVJ,lhglhgl
B01LQKDK9K,lhglhgl
B007IT975K,lhglhgl
B07VZ4FTXV,lhglhgl
B097F5RBZM,lhglhgl
B09Q5JGYBY,lhglhgl
B09DVNSMRT,lhglhgl
B08W364HZZ,lhglhgl
B084S5FQHK,lhglhgl
B008UWAOCO,lhglhgl
B092QDJ2BG,lhglhgl
B08PFC6KK7,lhglhgl
B08M8XXXQG,lhglhgl
B07BJ74WW5,lhglhgl
B00SIG6MSW,lhglhgl
B001LJFIRE,lhglhgl
B08Z7RNW3D,lhglhgl
B004BA5HEY,lhglhgl
B08ZKG2MR4,lhglhgl
B07QSBCMWQ,lhglhgl
B09SFJQXZ8,lhglhgl
B086LB7Q3G,lhglhgl
B08NCNG688,lhglhgl
B0869QB339,lhglhgl
B079LR76JV,lhglhgl
B08CS4DLPP,lhglhgl
B07LGJB6NM,lhglhgl
B00CRMZFI6,lhglhgl
B083TGZ9Q5,lhglhgl
B07LDZQLL4,lhglhgl
B08KJDC67J,lhglhgl
B07D25JHS7,lhglhgl
B07QQ2R5KZ,lhglhgl
B09BZC1F83,lhglhgl
B09B2RG3CF,lhglhgl
B098NKTCTP,lhglhgl
B098DY8BBS,lhglhgl
B097H8GNHF,lhglhgl
B093WB7M94,lhglhgl
B0929BPBJ6,lhglhgl
B0924CGQ9T,lhglhgl
B09234NQKS,lhglhgl
B0922HN59K,lhglhgl
B0921CT77W,lhglhgl
B091Z29S2Q,lhglhgl
B091CYFV16,lhglhgl
B08ZYVG31L,lhglhgl
B08ZYH68HB,lhglhgl
B08ZN9BLSR,lhglhgl
B08XYZXHPM,lhglhgl
B08P3TF6SY,lhglhgl
B0851VTSL5,lhglhgl
B07W3DD35Q,lhglhgl
B00USTVGZ6,lhglhgl
B004NHBUG4,lhglhgl
B0BBSJ6SM5,lhglhgl
B09X2VT1PX,lhglhgl
B08MTZ43ZB,lhglhgl
B0876GGM2G,lhglhgl
B082VT2VT3,lhglhgl
B07T8YN5B4,lhglhgl
B07N7YRDHD,lhglhgl
B01N1IUQOI,lhglhgl
B01MZ6HLNL,lhglhgl
B012D2MZNC,lhglhgl
B08ZD4Y58D,lhglhgl
B08YNQQML6,lhglhgl
B08XYW91FT,lhglhgl
B08X32P772,lhglhgl
B08WZ2KLW9,lhglhgl
B08WHWSCND,lhglhgl
B08TWW968M,lhglhgl
B08QVHD2XW,lhglhgl
B08Q8JTSG6,lhglhgl
B08NY28DKB,lhglhgl
B08NTN1F6W,lhglhgl
B08N8YXQGQ,lhglhgl
B08N5DQPPQ,lhglhgl
B08MZBWZXB,lhglhgl
B08MXH2L1Z,lhglhgl
B08MX1523J,lhglhgl
B005JVNRYG,lhglhgl
B001R4XADW,lhglhgl
B0CQVB3X3C,lhglhgl
B0CBKT1Y8K,lhglhgl
B0BGHZKWNK,lhglhgl
B0BGC1YXZ1,lhglhgl
B0BG4YZD6Z,lhglhgl
B0BFGHZXKG,lhglhgl
B0BCPZF37P,lhglhgl
B0BBFR2WH1,lhglhgl
B0B9GY38DR,lhglhgl
B0B6QSHFDH,lhglhgl
B0B4RN3VB2,lhglhgl
B09VC64CWD,lhglhgl
B09S569Y2W,lhglhgl
B09QSC4T51,lhglhgl
B085MTM4SM,lhglhgl
B083MWVY5R,lhglhgl
B083LS3N18,lhglhgl
B083GG5GTX,lhglhgl
B08334LJPJ,lhglhgl
B0832Q8JC1,lhglhgl
B0832J92T6,lhglhgl
B0832J79ML,lhglhgl
B0832H91D3,lhglhgl
B0832C3G8J,lhglhgl
B0832B55KV,lhglhgl
B0831849XQ,lhglhgl
B08318427D,lhglhgl
B083183WW5,lhglhgl
B08316KKKK,lhglhgl
B08288PJLZ,lhglhgl
B08HM9YBS8,lhglhgl
B08GSKZ9VD,lhglhgl
B08GC28J2S,lhglhgl
B08FJ393YG,lhglhgl
B08CXTLC9R,lhglhgl
B08C9PHT4C,lhglhgl
B08BZCN1WG,lhglhgl
B089QWCSGB,lhglhgl
B0894Z42TK,lhglhgl
B087M3WLNR,lhglhgl
B087KR1R9L,lhglhgl
B087KPHS5X,lhglhgl
B087JXN91G,lhglhgl
B0874K45LX,lhglhgl
B086RXLTFK,lhglhgl
B085XTT3RH,lhglhgl
B07W9LK8BM,lhglhgl
B07T37SGKG,lhglhgl
B07RYKVPJT,lhglhgl
B07R7VJVCK,lhglhgl
B07L5ZRCXC,lhglhgl
B07KM2YN4Z,lhglhgl
B07FYJC3DF,lhglhgl
B07FKWMG1B,lhglhgl
B07F5K376H,lhglhgl
B07DJ975ZM,lhglhgl
B07D7JPVQ9,lhglhgl
B07BN3R6Q7,lhglhgl
B075H7VP6L,lhglhgl
B07558X8L2,lhglhgl
B06WLK399N,lhglhgl
B01HIDVAFU,lhglhgl
B01BNZEJNO,lhglhgl
B00ZVH2M5S,lhglhgl
B00YQTIUMG,lhglhgl
B00Y1IQEAW,lhglhgl
B00O0INWTE,lhglhgl
B00KZ3ULHY,lhglhgl
B00JN3QKHC,lhglhgl
B00I0CE1L4,lhglhgl
B00G063UVY,lhglhgl
B00DF1U7OA,lhglhgl
B008A5DPNG,lhglhgl
B0089JGDM8,lhglhgl
B0080D092I,lhglhgl
B006ZLDDF2,lhglhgl
B006EKGUDG,lhglhgl
B006A2TN3W,lhglhgl
B004U83AQY,lhglhgl
B003WX3RZ2,lhglhgl
B003RLFMZM,lhglhgl
B002NF15CM,lhglhgl
B002IVPKRM,lhglhgl
B0028N8CFC,lhglhgl
B001P9QIZG,lhglhgl
B0015506I0,lhglhgl
B00154YEM0,lhglhgl
B000UKKR1C,lhglhgl
B000UGLFYO,lhglhgl
B000UG5JN2,lhglhgl
B000P9WUM2,lhglhgl
B000NCTMQS,lhglhgl
B000H61ZKG,lhglhgl
B0871KF85R,lhglhgl
B07K9L228L,lhglhgl
B0862BBNH7,lhglhgl
B01KS7AZFO,lhglhgl
B07VV4Y5JD,lhglhgl
B000BPD7CW,lhglhgl
B07PN2FJ9Q,lhglhgl
B09PQMY2JK,lhglhgl
B07J5TLJ7R,lhglhgl
B08675L9DB,lhglhgl
B07F2LBC51,lhglhgl
B06XDHCZQC,lhglhgl
B078B6WZJV,lhglhgl
B08D97VL12,lhglhgl
B01I9KHSRU,lhglhgl
B07HFKY12L,lhglhgl
B000G2GD0S,lhglhgl
B000CSI7BE,lhglhgl
B000CPZXAA,lhglhgl
B000BQW6P0,lhglhgl
B08GXXZNS7,lhglhgl
B092CXNQCJ,lhglhgl
B01AX2M78C,lhglhgl
B00OPYUYRG,lhglhgl
B08WJLM5W3,lhglhgl
B086H9923L,lhglhgl
B07XF1ZYLS,lhglhgl
B08WHVW6JY,lhglhgl
B07CCGNLKD,lhglhgl
B08QYZ8NZQ,lhglhgl
B08WHVRWM7,lhglhgl
B07MQW2DVJ,lhglhgl
B08WHKPQCC,lhglhgl
B000YXN172,lhglhgl
B08QM9817M,lhglhgl
B08N2ZG8HD,lhglhgl
B08MVYYFP5,lhglhgl
B08MJPKHT8,lhglhgl
B08M92H15J,lhglhgl
B08M3L7194,lhglhgl
B08LT1C3XB,lhglhgl
B08LDK669K,lhglhgl
B08L693W3N,lhglhgl
B08L61QTH8,lhglhgl
B08L5LJ6PX,lhglhgl
B08L4DT5BK,lhglhgl
B08KWPY4KY,lhglhgl
B08KGFX9CX,lhglhgl
B08JZ676VH,lhglhgl
B08JVK9K3P,lhglhgl
B08JHBTHXQ,lhglhgl
B08JD3B3LR,lhglhgl
B08XXMH1BL,lhglhgl
B07FW69JPY,lhglhgl
B08BLBVHYR,lhglhgl
B003Q9M8ZW,lhglhgl
B08K2K2LLM,lhglhgl
B01K1W40VQ,lhglhgl
B079ZH4TJ8,lhglhgl
B07P8BD3KY,lhglhgl
B07QCVXX64,lhglhgl
B085HF79Z7,lhglhgl
B075NP1YQW,lhglhgl
B0173CV6GE,lhglhgl
B09V4ZW58M,lhglhgl
B0856Q9HGK,lhglhgl
B00K2XOX5I,lhglhgl
B08SC437VL,lhglhgl
B00JDC93UE,lhglhgl
B0006HU75U,lhglhgl
B00BCLMNJ2,lhglhgl
B095VYB71Y,lhglhgl
B0042S9JFI,lhglhgl
B08LKVB3L3,lhglhgl
B000CSXJLM,lhglhgl
B07Y8JMLRT,lhglhgl
B006MIJ5SM,lhglhgl
B08W34C9YD,lhglhgl
B08FC359KL,lhglhgl
B07XZ2FBT4,lhglhgl
B08LYKFMKD,lhglhgl
B08KG8PB43,lhglhgl
B085C2FBG1,lhglhgl
B07BZS9Y91,lhglhgl
B08QGVJ374,lhglhgl
B07YDQ4STY,lhglhgl
1586507095,lhglhgl
B08K336632,lhglhgl
B08JPGDC85,lhglhgl
B084DQYSM3,lhglhgl
B07BZSZ7W2,lhglhgl
B01HRD0QGA,lhglhgl
B00T34W1R4,lhglhgl
B0006GZ3I2,lhglhgl
B08J85FHTH,lhglhgl
B087GFWB1Y,lhglhgl
B0821W5YWK,lhglhgl
B07N2G9NKZ,lhglhgl
B07L752QSX,lhglhgl
B07HFJSQ31,lhglhgl
B01095WXUU,lhglhgl
B00ARL8EF0,lhglhgl
B0C6919ZK6,lhglhgl
B0B8TQ2HRL,lhglhgl
B0B73P5NDP,lhglhgl
B0B3HC3QQ5,lhglhgl
B09XV4Q8SC,lhglhgl
B09X8HJPVL,lhglhgl
B09W5GT79Y,lhglhgl
B09VZXS4ML,lhglhgl
B09VDF92WX,lhglhgl
B09V4KZFRT,lhglhgl
B09SW236K7,lhglhgl
B09957HZNR,lhglhgl
B0967Y9PVZ,lhglhgl
B092Z4968K,lhglhgl
B092VRL3FD,lhglhgl
B092ST4DDP,lhglhgl
B092QB3T92,lhglhgl
B092DKYWVQ,lhglhgl
B0928C4K3C,lhglhgl
B09285VBB7,lhglhgl
B08ZHX19ZF,lhglhgl
B08Z3FTFRK,lhglhgl
B08XYLVZY4,lhglhgl
B08SKKZGNT,lhglhgl
B08SGX9QW3,lhglhgl
B08RZ5PHVC,lhglhgl
B08P4GY5ZW,lhglhgl
B08NX7JJHV,lhglhgl
B08MK96XZR,lhglhgl
B08MDD63HP,lhglhgl
B08M5RC3DV,lhglhgl
B08LMF7J4X,lhglhgl
B08LKXNC8M,lhglhgl
B08LKNTLFF,lhglhgl
B08LKLRZ1Y,lhglhgl
B08LJM42BG,lhglhgl
B08L6FFBHS,lhglhgl
B08L69QVBH,lhglhgl
B08L3767F6,lhglhgl
B08KWN86LK,lhglhgl
B08KT957DP,lhglhgl
B08KR9FJZT,lhglhgl
B08K7P89PN,lhglhgl
B08K4CHFPK,lhglhgl
B08K46LNKN,lhglhgl
B08JZ4Q357,lhglhgl
B08JTVF92V,lhglhgl
B08JQPNQFL,lhglhgl
B08HYT4HDD,lhglhgl
B08BJCG51R,lhglhgl
B087NF55VD,lhglhgl
B087CZ9F9B,lhglhgl
B086NC5SPW,lhglhgl
B086GQ46B7,lhglhgl
B085Y8M1H8,lhglhgl
B08594ZRXZ,lhglhgl
B084L21R69,lhglhgl
B083JX6P69,lhglhgl
B0832RV7MN,lhglhgl
B0832N1KYD,lhglhgl
B0832LG5D4,lhglhgl
B083189VWC,lhglhgl
B004RIJFLQ,lhglhgl
B004OCW828,lhglhgl
B004NVQMO0,lhglhgl
B0042KSAPG,lhglhgl
B003R7KZ58,lhglhgl
B001VNKZM8,lhglhgl
B001U8NKO4,lhglhgl
B001U81PDM,lhglhgl
B001U804QG,lhglhgl
B001U7LWCC,lhglhgl
B00154ZZOG,lhglhgl
B000O69U24,lhglhgl
B000KSDCS4,lhglhgl
B000H5WEFW,lhglhgl
B000CQ4B5C,lhglhgl
B000BO9FOW,lhglhgl
B082WV8WFG,lhglhgl
B082G2CS7G,lhglhgl
B07Z3D83X5,lhglhgl
B07XD8NBLX,lhglhgl
B07QSQVCJ9,lhglhgl
B07MC8W1TM,lhglhgl
B07HFKNHBX,lhglhgl
B07HFJYTKG,lhglhgl
B07HFJTS8T,lhglhgl
B07HF1CYMD,lhglhgl
B07HF15FW3,lhglhgl
B07FPQ3TJX,lhglhgl
B07FN7946T,lhglhgl
B0799QLW3V,lhglhgl
B078X7D46W,lhglhgl
B074WSXL6D,lhglhgl
B073R2B5BF,lhglhgl
B0731TWLY5,lhglhgl
B06Y3L4F4K,lhglhgl
B06XSWM8MD,lhglhgl
B06XRGFV5D,lhglhgl
B01N3XDFTT,lhglhgl
B01IYHRU3A,lhglhgl
B01GXRG06G,lhglhgl
B018EOFJXG,lhglhgl
B00XC7S1X6,lhglhgl
B00XC7RU4W,lhglhgl
B00WS1CTKI,lhglhgl
B00W0RSK1W,lhglhgl
B00RJRUI0E,lhglhgl
B00PV4F1WM,lhglhgl
B00MPVGTKM,lhglhgl
B000BO58S4,lhglhgl
B000BD8NH8,lhglhgl
B0006MZLQ0,lhglhgl
B00028OI5S,lhglhgl
B00009V3VI,lhglhgl
1635448182,lhglhgl
B08YFL78FV,lhglhgl
B076DYCG26,lhglhgl
B08ZN1DBQ9,lhglhgl
B0977KFQ1L,lhglhgl
B08BYMS1PK,lhglhgl
B0922K1WCQ,lhglhgl
B086HKNDQZ,lhglhgl
B08WHZH852,lhglhgl
B071S26BY1,lhglhgl
B08MQCYHLN,lhglhgl
B0CN8PLK28,lhglhgl
B084VM9BBM,lhglhgl
B07NVTD6R4,lhglhgl
B07XK1WJJ5,lhglhgl
B08M3Z9CLJ,lhglhgl
B07VMH46R5,lhglhgl
B00MBF2RFI,lhglhgl
B00L3EJR4C,lhglhgl
B00KZ7GV38,lhglhgl
B00J9H8UZ2,lhglhgl
B00E4Y0LT8,lhglhgl
B00CEASIVC,lhglhgl
B00AMQJMEM,lhglhgl
B00A7D57AS,lhglhgl
B009XIPHN0,lhglhgl
B009S5FM8S,lhglhgl
B008VTNGDA,lhglhgl
B007V5ME6U,lhglhgl
B007OGUH10,lhglhgl
B007F0XEGU,lhglhgl
B006EFMU6C,lhglhgl
B0054GDLY2,lhglhgl
B07XTG3FL6,lhglhgl
B06XPJBYBG,lhglhgl
B014H8TW9A,lhglhgl
B092K6BNXJ,lhglhgl
B08M257BZ7,lhglhgl
B08L5TH78L,lhglhgl
B084Z8PSSQ,lhglhgl
B0849SPDXF,lhglhgl
B075SWTZ87,lhglhgl
B004GXAAOI,lhglhgl
B0CH74N2CR,lhglhgl
B0CFW4CHV8,lhglhgl
B0C692VJ2F,lhglhgl
B09Z5KV2C5,lhglhgl
B09XJGF93C,lhglhgl
B09V5GNQY6,lhglhgl
B079Y6FGKZ,lhglhgl
B08LVPN16P,lhglhgl
B087F7V778,lhglhgl
B0067OLSOU,lhglhgl
B07TSGY5X6,lhglhgl
B07DNLZ8D3,lhglhgl
B09WQNBVP1,lhglhgl
B09D3T4HYQ,lhglhgl
B01JTQSP0W,lhglhgl
B011KUR95W,lhglhgl
B00LH0CP78,lhglhgl
B003WNFNHM,lhglhgl
B0BF976PD6,lhglhgl
B08WZDMD93,lhglhgl
B084M7VL8X,lhglhgl
B083182N2H,lhglhgl
B09TCQZBKC,lhglhgl
B09RQ87Q61,lhglhgl
B09MHTQW9Z,lhglhgl
B09JNHCVL1,lhglhgl
B09JNH8QDF,lhglhgl
B09J8KPPYT,lhglhgl
B09J8K9P3D,lhglhgl
B09GPS5LZ9,lhglhgl
B09CM45XS3,lhglhgl
B09CCK1BV9,lhglhgl
B09C8CKTRY,lhglhgl
B099ZH3NDJ,lhglhgl
B099924RD8,lhglhgl
B098W7YDRY,lhglhgl
B098QGV8B7,lhglhgl
B098LJLFLH,lhglhgl
B08LYHGFXK,lhglhgl
B08LQWDY6D,lhglhgl
B08LL21SGH,lhglhgl
B08L5WTCFQ,lhglhgl
B08K48CX3W,lhglhgl
B08JBXX29W,lhglhgl
B08J2QVGP2,lhglhgl
B08HSM5YQ8,lhglhgl
B08GP38DV5,lhglhgl
B08GKZM71J,lhglhgl
B08GCG7YK4,lhglhgl
B08G5DHM82,lhglhgl
B08G5D9TVV,lhglhgl
B08G5CRLW5,lhglhgl
B08FVNQSBQ,lhglhgl
B08FSS8BW2,lhglhgl
B08D3NKM25,lhglhgl
B07DM75BNZ,lhglhgl
B00LGSVZ7C,lhglhgl
B06ZY4SSFR,lhglhgl
B092MMFYJ6,lhglhgl
B01EIKRVS6,lhglhgl
B08H2DP3B9,lhglhgl
B00E1PA6OA,lhglhgl
B0788P7J69,lhglhgl
B00CBM7M0G,lhglhgl
B013R942VI,lhglhgl
B00647XEYM,lhglhgl
B071JMLBCQ,lhglhgl
B000B3DMAQ,lhglhgl
B085C25MY6,lhglhgl
B084DCDRTV,lhglhgl
B09697XMMT,lhglhgl
B09432NVT1,lhglhgl
B09236PFM3,lhglhgl
B092364R7H,lhglhgl
B09166JNJ6,lhglhgl
B08ZXRTGWM,lhglhgl
B08XYPQTJQ,lhglhgl
B08WJ4CYPY,lhglhgl
B08VR7WMVQ,lhglhgl
B08SSM6NDB,lhglhgl
B08NSKRQW6,lhglhgl
B08MX8CGPT,lhglhgl
B08MVXY52P,lhglhgl
B08MKT37RX,lhglhgl
B08MK96XZQ,lhglhgl
B08MCCYZ83,lhglhgl
B082H8KT2V,lhglhgl
B082GST7CL,lhglhgl
B07VKCD8NX,lhglhgl
B07V5GSD8B,lhglhgl
B07RT9DXJ1,lhglhgl
B07QX2NZCL,lhglhgl
B07PQ4JXXK,lhglhgl
B07MY2BH96,lhglhgl
B07KM2MN5Z,lhglhgl
B07K2M1R3R,lhglhgl
B07JPH8X8X,lhglhgl
B07F62SM2S,lhglhgl
B0787TVQ8M,lhglhgl
B07879P1KY,lhglhgl
B073W4DC6J,lhglhgl
B01NBT54JR,lhglhgl
B01F9VU400,lhglhgl
B01E5YG320,lhglhgl
B01DM2368U,lhglhgl
B01CSDME0A,lhglhgl
B011BGWESC,lhglhgl
B011BGW72K,lhglhgl
B00VFMKO26,lhglhgl
B00TO667YO,lhglhgl
B00SDHWFKK,lhglhgl
B00LIWRYZ8,lhglhgl
B00KY3ZE7M,lhglhgl
B00HZNBT2I,lhglhgl
B00FFAUDUC,lhglhgl
B00CM5TQ3S,lhglhgl
B00A9TFVMO,lhglhgl
B009S5HYIE,lhglhgl
B08JHBTJZ8,lhglhgl
B07DRMTGGG,lhglhgl
B07KKKBQRX,lhglhgl
B00C6C7PTO,lhglhgl
B01KL01RLY,lhglhgl
B085HLHFGV,lhglhgl
B0832RMNHK,lhglhgl
B00NTVB6PK,lhglhgl
B07FNBFRX7,lhglhgl
B000FCI98S,lhglhgl
B07C684YXW,lhglhgl
B08YGTJ8M5,lhglhgl
B08NC3DNXD,lhglhgl
B08L4C9MKB,lhglhgl
B07XLLXQHN,lhglhgl
B07DBKSFHV,lhglhgl
B08YYRC2G9,lhglhgl
B08XXBTTQT,lhglhgl
B004HPQ72E,lhglhgl
B09H14HQ7V,lhglhgl
B08X1DM7MJ,lhglhgl
B07PKF9XN6,lhglhgl
B09F87K87F,lhglhgl
B001AYE7UE,lhglhgl
B0865B7P8Z,lhglhgl
B099XDQPT5,lhglhgl
B086ZYLVJF,lhglhgl
B0929HRPW1,lhglhgl
B08HWWCDF2,lhglhgl
B091GSCVKF,lhglhgl
B08ZN1JX74,lhglhgl
B091GRTW5R,lhglhgl
B0099S4Z1Y,lhglhgl
B006JFKRJY,lhglhgl
B0046RDC8A,lhglhgl
B003FCSK3O,lhglhgl
B0032JSPNK,lhglhgl
B001FQNLGI,lhglhgl
B001555B1M,lhglhgl
B001553M1I,lhglhgl
B000TS52H4,lhglhgl
B000GKWBV0,lhglhgl
B0000CBJD9,lhglhgl
B07KGHT851,lhglhgl
B08ZYFNJNV,lhglhgl
B091NM3V6V,lhglhgl
B08SFDV2VC,lhglhgl
B07L2QFW4R,lhglhgl
B07NPY9W2G,lhglhgl
B08QRMXKXB,lhglhgl
B07J59ZH5L,lhglhgl
B06XWFCDB9,lhglhgl
B07FSHSRV4,lhglhgl
B07J9TBHPL,lhglhgl
B07DNC9ZQH,lhglhgl
B082YG783D,lhglhgl
B074SD5SXG,lhglhgl
B086HJ6C9S,lhglhgl
B0848M4WN6,lhglhgl
B092DJPHNL,lhglhgl
B0921DT99D,lhglhgl
B091MN6NNM,lhglhgl
B091G2J9T5,lhglhgl
B091F3MY3X,lhglhgl
B091D69K27,lhglhgl
B08ZJW68J2,lhglhgl
B08ZJVC6LY,lhglhgl
B08ZJS9Z6X,lhglhgl
B08ZJS64TJ,lhglhgl
B08ZJQV8W2,lhglhgl
B08ZJQ5RJ9,lhglhgl
B08ZJHVL7K,lhglhgl
B08XVM6MNB,lhglhgl
B08WNLC6PB,lhglhgl
B08R6J8S15,lhglhgl
B084ZY2LKM,lhglhgl
B0845VYG1J,lhglhgl
B083WG5F5X,lhglhgl
B083VTQ83W,lhglhgl
B083J57GTT,lhglhgl
B083GGB82X,lhglhgl
B0834YLK21,lhglhgl
B08333S11D,lhglhgl
B08317T2X4,lhglhgl
B082XRY4TQ,lhglhgl
B082XQZKLD,lhglhgl
B082WPRRPQ,lhglhgl
B082H8HTWC,lhglhgl
B07XNS16S1,lhglhgl
B07WFMY3WY,lhglhgl
B07Q862VSB,lhglhgl
B06ZZSNR74,lhglhgl
B00ZYTQ89O,lhglhgl
B000H6D3WY,lhglhgl
B095CQWDD6,lhglhgl
B091CB7LZF,lhglhgl
B087RGCXB1,lhglhgl
B086W85GZS,lhglhgl
B085VQNN4R,lhglhgl
B071ZGRG1X,lhglhgl
B09T5GVYCW,lhglhgl
B09SBNBT5X,lhglhgl
B09QKDJCVQ,lhglhgl
B09PWKMVCF,lhglhgl
B09GVBFVZW,lhglhgl
B0995G2K3J,lhglhgl
B0985S6WCZ,lhglhgl
B08LN8WWHW,lhglhgl
B08L8RD8JX,lhglhgl
B08KW8DDXV,lhglhgl
B08JVM7KGY,lhglhgl
B08JH9C11T,lhglhgl
B08HVCX24R,lhglhgl
B08HQYV7MV,lhglhgl
B08C2FB6WS,lhglhgl
B08BJ4DYGB,lhglhgl
B087MZ98YB,lhglhgl
B087KYJH5X,lhglhgl
B087KVNX23,lhglhgl
B086MHXWGZ,lhglhgl
B086918X63,lhglhgl
B085WMZGY4,lhglhgl
B0855N24ZC,lhglhgl
B00WNH20HY,lhglhgl
B00TUH89JS,lhglhgl
B00TEDLCIS,lhglhgl
B00SM97YS2,lhglhgl
B00QJLXLBY,lhglhgl
B00Q4GXWJA,lhglhgl
B00NZVT8NG,lhglhgl
B00FLPKJR8,lhglhgl
B00DPJ3UHI,lhglhgl
B00CIOJDUY,lhglhgl
B00A1BQBX8,lhglhgl
B009XIPHLW,lhglhgl
B008YFT9P0,lhglhgl
B007909M5I,lhglhgl
B005GN5GCS,lhglhgl
B004PJIBNA,lhglhgl
B08R5CV3RN,lhglhgl
B08QYPJFCL,lhglhgl
B08QYG5WJF,lhglhgl
B08PDT1CWY,lhglhgl
B08PBJLSFB,lhglhgl
B08N9VNZ8L,lhglhgl
B08N9T37HY,lhglhgl
B08N8GWYR5,lhglhgl
B08N672KDL,lhglhgl
B08MT854W6,lhglhgl
B08MJX7ZKL,lhglhgl
B08MJX7LT2,lhglhgl
B08M9PH4DB,lhglhgl
B08M3GDL9V,lhglhgl
B08LQQS5X6,lhglhgl
B08LNBDR7J,lhglhgl
B07NWD6BK1,lhglhgl
B07KYX7BQF,lhglhgl
B07B29PPZ1,lhglhgl
B076HWQM4Q,lhglhgl
B075DHBJDX,lhglhgl
B073WJ95H7,lhglhgl
B06Y3HRLFH,lhglhgl
B01N3NPJPX,lhglhgl
B01KW55T44,lhglhgl
B01KOSFKSO,lhglhgl
B018RE2C56,lhglhgl
B016YQVRAK,lhglhgl
B014JS3IIO,lhglhgl
B0143GM1ZI,lhglhgl
B0131V83PI,lhglhgl
B00ZQ9INTK,lhglhgl
B087H69RDC,lhglhgl
B087H2LH83,lhglhgl
B087CY7KVQ,lhglhgl
B086NJJS4C,lhglhgl
B08698Q448,lhglhgl
B084C2BLDQ,lhglhgl
B083VV9F8H,lhglhgl
B0834Z6L7D,lhglhgl
B0832DJ7X8,lhglhgl
B0831H2BHX,lhglhgl
B08317FXQP,lhglhgl
B08316TS47,lhglhgl
B08315MRTW,lhglhgl
B08315F3LK,lhglhgl
B082YR3H5P,lhglhgl
B082YLP3GB,lhglhgl
B004743J7Q,lhglhgl
B003RLHNLS,lhglhgl
B003R5086Q,lhglhgl
B003O6XDVA,lhglhgl
B001ULV0K2,lhglhgl
B000VOQZF4,lhglhgl
B000GU1S3C,lhglhgl
B000GU0TXW,lhglhgl
B000CQ6F92,lhglhgl
B00009V3VK,lhglhgl
1619921243,lhglhgl
B00MHWSLLE,lhglhgl
B08XC5GTTT,lhglhgl
B075HJRZ1K,lhglhgl
B08XC54CXR,lhglhgl
B08MQYW91W,lhglhgl
B08K4TSMXY,lhglhgl
B0BHJLKDYN,lhglhgl
B07YQ79Q4F,lhglhgl
B08JGNMWFL,lhglhgl
B091H5PXS5,lhglhgl
B09XQPVJHK,lhglhgl
B0BTXZ7TCL,lhglhgl
B086YFVQ7F,lhglhgl
B092MPJ7XF,lhglhgl
B071XX88M8,lhglhgl
B07FZ5VCH8,lhglhgl
B09W1LJCQX,lhglhgl
B00HVJ3WA8,lhglhgl
B000WN5F96,lhglhgl
B09TR2KFP7,lhglhgl
B08HSKJBVL,lhglhgl
B007MZEM1O,lhglhgl
B07998VD71,lhglhgl
B086YLRFMN,lhglhgl
B06XD3W8QD,lhglhgl
B08Y6STSY3,lhglhgl
B00VAIX0PS,lhglhgl
B08HVBCM96,lhglhgl
B08XYP788S,lhglhgl
B008A6V12W,lhglhgl
B07D51QS4S,lhglhgl
B08ZKFGZXX,lhglhgl
B09HSWJMSY,lhglhgl
B000BS4WCS,lhglhgl
B0B7LQMKF5,lhglhgl
B07RGBWH6H,lhglhgl
B081S93347,lhglhgl
B07KK2NQG2,lhglhgl
B0928QTSJB,lhglhgl
B08RP63BJR,lhglhgl
B085WMXGXL,lhglhgl
B091H4LQ42,lhglhgl
B07T9N8W34,lhglhgl
B011VI7BVK,lhglhgl
B000CQ4BGG,lhglhgl
B08XZ5H2NG,lhglhgl
B08Y8PXBH9,lhglhgl
B08Q3NKHCG,lhglhgl
B08MWJWF7Q,lhglhgl
B08LDZVKFK,lhglhgl
B0BR8NG747,lhglhgl
B07P89MBGW,lhglhgl
B07FYKWGZV,lhglhgl
B0008FXSNS,lhglhgl
B0147CKDNK,lhglhgl
B092M9ZWL3,lhglhgl
B087F9LZNF,lhglhgl
B07B2JLWF6,lhglhgl
B09D3NPGL5,lhglhgl
B08YRQDKRL,lhglhgl
B09PNWS9F9,lhglhgl
B002IGHX40,lhglhgl
B0871J653R,lhglhgl
B08L159CSJ,lhglhgl
B07KRP5JK2,lhglhgl
B07Q3HCBPT,lhglhgl
B08XX84PQX,lhglhgl
B07PCPPD4B,lhglhgl
B07PR8XT42,lhglhgl
B08KQ2KN5P,lhglhgl
B000OCQC7E,lhglhgl
B07JPLP8LR,lhglhgl
B0925WXXST,lhglhgl
B08YJHLBVN,lhglhgl
B07HGJDG3T,lhglhgl
B08L3CRF28,lhglhgl
B08R1GH3FL,lhglhgl
B004NVON6E,lhglhgl
B08R133R81,lhglhgl
B07RZ42JXZ,lhglhgl
B07G78QW4W,lhglhgl
B0B3GB1GX7,lhglhgl
B08LYSHNCW,lhglhgl
B07RNLNQZC,lhglhgl
B08KR7MNP8,lhglhgl
B08VJ9B219,lhglhgl
B07R3C2TBG,lhglhgl
B08F9YBCL2,lhglhgl
B091YDRQQ6,lhglhgl
B097Y6122Q,lhglhgl
B08LF32YY4,lhglhgl
B078YF5PD2,lhglhgl
B004PGMFGM,lhglhgl
B0000014OB,lhglhgl
B07587D785,lhglhgl
B082YD6J41,lhglhgl
B08XX8GWRL,lhglhgl
B091DBNM5G,lhglhgl
B07G5KRW75,lhglhgl
B07NKPKNSS,lhglhgl
B0778ZVTM9,lhglhgl
B01LW5IAO5,lhglhgl
B01H57UC12,lhglhgl
B008UWA3RK,lhglhgl
B08DG2HPTB,lhglhgl
B00XD8MWFC,lhglhgl
B00ZFA7M3S,lhglhgl
B08L11LQCN,lhglhgl
B08GV97QVP,lhglhgl
B000UJHNME,lhglhgl
B0027VOG6O,lhglhgl
B092TM19H5,lhglhgl
B07H92J5RC,lhglhgl
B01CNUXSCQ,lhglhgl
B09PBSKSK3,lhglhgl
B07KDWJCV9,lhglhgl
B00QNRQ1MK,lhglhgl
B0B75SCJBW,lhglhgl
B08LSR8MWB,lhglhgl
B0B6Q1CSZC,lhglhgl
B08ZRQS68P,lhglhgl
B08LV759KQ,lhglhgl
B07K7DSYH9,lhglhgl
B081YWTLTF,lhglhgl
B07WFX8NTQ,lhglhgl
B07DLDT5JK,lhglhgl
B00UTYNR9I,lhglhgl
B00JX8XXAY,lhglhgl
B000J0GDPC,lhglhgl
B0841Z51MM,lhglhgl
B07JCMPMQ1,lhglhgl
B00DEH2RKW,lhglhgl
B0B4NQYTJF,lhglhgl
B099F7VB7W,lhglhgl
B096DNF5LW,lhglhgl
B091NMR5YL,lhglhgl
B074NLHPZT,lhglhgl
B01N767ME5,lhglhgl
B0141JN50C,lhglhgl
B00WY44ES4,lhglhgl
B00T56QN88,lhglhgl
B00C6KK1OM,lhglhgl
B004J36J9U,lhglhgl
B000PDKLEW,lhglhgl
B08HV85GQ9,lhglhgl
B08H222N5J,lhglhgl
B08CGYLV3N,lhglhgl
B089D5NVHB,lhglhgl
B085YWP2TQ,lhglhgl
B085XX9RY6,lhglhgl
B085XTZ4J8,lhglhgl
B085VLP7DT,lhglhgl
B0844TYNMN,lhglhgl
B083TXHQLP,lhglhgl
B083LP4KCZ,lhglhgl
B083J5MQDL,lhglhgl
B0832L4YMC,lhglhgl
B0832JYTB6,lhglhgl
B0832HWCJB,lhglhgl
B0832HMRCH,lhglhgl
B08NFFJV88,lhglhgl
B08N1GF73Y,lhglhgl
B08MTGYXM6,lhglhgl
B08MNFK878,lhglhgl
B08MJYPWJD,lhglhgl
B08MFSGNQJ,lhglhgl
B08M3VFNSY,lhglhgl
B08LQYFCT2,lhglhgl
B08LP5YYVP,lhglhgl
B08LK6KGG8,lhglhgl
B08L7R9PMX,lhglhgl
B08L444359,lhglhgl
B08L247WG9,lhglhgl
B08K76Y5KV,lhglhgl
B08JCCGN4L,lhglhgl
B08HW2KW1B,lhglhgl
B0832D42C2,lhglhgl
B08318CFZB,lhglhgl
B07ZHBLHXM,lhglhgl
B07XQ24YJ6,lhglhgl
B07T9BP613,lhglhgl
B07M9B7VSV,lhglhgl
B07J49TGFQ,lhglhgl
B07J26PRDT,lhglhgl
B07GN2GKD9,lhglhgl
B07F5RWW1N,lhglhgl
B07F383R9D,lhglhgl
B07D8LS3VK,lhglhgl
B07BK95K5H,lhglhgl
B0727W7QDK,lhglhgl
B01N8PF3EY,lhglhgl
B01N6JLG2R,lhglhgl
B01L9HI54U,lhglhgl
B01K1XGVQM,lhglhgl
B01IQ5TSEE,lhglhgl
B01AVL5PP2,lhglhgl
B018KLFH9O,lhglhgl
B017O765FK,lhglhgl
B014V4XLNI,lhglhgl
B014743NOO,lhglhgl
B00WIUOF10,lhglhgl
B00QQU904U,lhglhgl
B00QMTBCIW,lhglhgl
B00PO12UZS,lhglhgl
B00OR0XO6Q,lhglhgl
B00JLM6MZ0,lhglhgl
B00GH9XWAS,lhglhgl
B00EEERZCY,lhglhgl
B0CNCS76ZL,lhglhgl
B0BB8KR54V,lhglhgl
B0B1TWVXWY,lhglhgl
B09WKWG4GR,lhglhgl
B09T9Z18FW,lhglhgl
B09D9NRVTG,lhglhgl
B09D7HRXMP,lhglhgl
B098K4KBRG,lhglhgl
B094P1ZYL8,lhglhgl
B092669LSH,lhglhgl
B091KLKPBK,lhglhgl
B0916K8GDM,lhglhgl
B09124L2PW,lhglhgl
B09114WSS7,lhglhgl
B08XX3CV7B,lhglhgl
B08PF2XHBZ,lhglhgl
B0035Y5Q0C,lhglhgl
B002ZZ430Q,lhglhgl
B002BZYXLO,lhglhgl
B001GCCIGK,lhglhgl
B00154Y8BC,lhglhgl
B000XAJ9CM,lhglhgl
B000UNM37A,lhglhgl
B000PDG9PM,lhglhgl
B000NW5SJI,lhglhgl
B000FKDLVK,lhglhgl
B000DZF660,lhglhgl
B000CSN4YY,lhglhgl
B000CQ6IYY,lhglhgl
B000CHG078,lhglhgl
B000BQYJSM,lhglhgl
1635445671,lhglhgl
B0925565TX,lhglhgl
B00LL4AF4U,lhglhgl
B08Q4F8776,lhglhgl
B091Y3L7XW,lhglhgl
B00IWHHI08,lhglhgl
B08R6K8SW5,lhglhgl
B0921RCCR6,lhglhgl
B08M989BS1,lhglhgl
B09TCL1R88,lhglhgl
B003CJ3N6O,lhglhgl
B01H2DYIUK,lhglhgl
B0859NT9WZ,lhglhgl
B07WLBWR9C,lhglhgl
B004WPHMPK,lhglhgl
B0BB8LZDZG,lhglhgl
B0071MOBG4,lhglhgl
B01DYMABP4,lhglhgl
B09C77CXKD,lhglhgl
B01DT80QKS,lhglhgl
B08MXTYQQ2,lhglhgl
B09RQ79GHZ,lhglhgl
B00D5OZVX4,lhglhgl
B00D5OTQEE,lhglhgl
B00C4TQIK6,lhglhgl
B009S5DWNK,lhglhgl
B007PGPS4K,lhglhgl
B007I0JKII,lhglhgl
B007CB4Y2A,lhglhgl
B006EKH8C8,lhglhgl
B006EGR9FS,lhglhgl
B005DS6KOE,lhglhgl
B004RDP646,lhglhgl
B004RCWYJM,lhglhgl
B0048AA39Q,lhglhgl
B0046MV04I,lhglhgl
B0042T3MZK,lhglhgl
B003U1W4A0,lhglhgl
B08XYN7YWJ,lhglhgl
B00HVJ3FM8,lhglhgl
B0859NXQQV,lhglhgl
B083KF2F7T,lhglhgl
B08JSL26F3,lhglhgl
1635444497,lhglhgl
B08GC2FKCH,lhglhgl
B0046MZ0NA,lhglhgl
B0812BT5BT,lhglhgl
B07PPBGG1G,lhglhgl
B08FYD6YTC,lhglhgl
B00K34PFJO,lhglhgl
B0BLCZ8VQT,lhglhgl
B07CJ4BSK8,lhglhgl
B0866CCQVM,lhglhgl
B099NW139S,lhglhgl
B08846QRG8,lhglhgl
B092GBWVWZ,lhglhgl
B07PV2WY5V,lhglhgl
B091Y7D6CB,lhglhgl
B08LLF1DT4,lhglhgl
B08Y8HJ23F,lhglhgl
B000CPZW0Q,lhglhgl
B086YJV3JH,lhglhgl
B08MRXLQKZ,lhglhgl
B086RDVCX4,lhglhgl
B00BVAPO04,lhglhgl
B084VMC31T,lhglhgl
B0CCLKS4RT,lhglhgl
B09WMMN6NR,lhglhgl
B077QK3NX5,lhglhgl
B08WHNGZ7J,lhglhgl
B0BTM2DDML,lhglhgl
B08HSMC7JD,lhglhgl
B000DZF3X6,lhglhgl
B07PYT3NXD,lhglhgl
B08JVG11HR,lhglhgl
B07CZP5BP1,lhglhgl
B08KSS5DGC,lhglhgl
B08L5BWL5S,lhglhgl
B08FTDMJWF,lhglhgl
B09KL62BL4,lhglhgl
B075R7KKR3,lhglhgl
B08XZ6N5MX,lhglhgl
B0067OG1VK,lhglhgl
B083R6SMF1,lhglhgl
B07NTRCDQR,lhglhgl
B07XZH49W4,lhglhgl
B084RM4C55,lhglhgl
B00NCZJ6NC,lhglhgl
B004DLH410,lhglhgl
B00MMENTE6,lhglhgl
B07TNX3Y8R,lhglhgl
B009GSLGC8,lhglhgl
B0788PQ51F,lhglhgl
B09B6HNSQ1,lhglhgl
B00VP9NN4U,lhglhgl
B08MTN6D4S,lhglhgl
B06VVVH98D,lhglhgl
B00T57PEM8,lhglhgl
B08DN975X2,lhglhgl
B085VYB4Y8,lhglhgl
B0812BGRJM,lhglhgl
B00992HA4Y,lhglhgl
B00R5CHZAO,lhglhgl
B09KXBNYJK,lhglhgl
B08L3YMH5P,lhglhgl
B00514JKKG,lhglhgl
B08CHMFQGX,lhglhgl
B0922KGMS3,lhglhgl
B00KYZN882,lhglhgl
B092D7Y55D,lhglhgl
B08XV4TNZV,lhglhgl
B07W94GX8L,lhglhgl
B081BSXDDL,lhglhgl
B086Q5J7PV,lhglhgl
B0785QPBZJ,lhglhgl
B08NPJPLHG,lhglhgl
B0BH9HX551,lhglhgl
B084PV1S46,lhglhgl
B000BQUT40,lhglhgl
B08WLHKX4R,lhglhgl
B08Q7MXLGN,lhglhgl
B0873ZKBT1,lhglhgl
B001F2Y22O,lhglhgl
B08BZDMSZQ,lhglhgl
B09WSLX152,lhglhgl
B08L3FDCC4,lhglhgl
B099P3Q7TD,lhglhgl
B07MTVRT1D,lhglhgl
B078QFHF26,lhglhgl
B00FGJM35A,lhglhgl
B01464I6P6,lhglhgl
B00T56PPSM,lhglhgl
B008UX4EGU,lhglhgl
B00435E2XO,lhglhgl
1635445760,lhglhgl
B0CQV9KWN6,lhglhgl
B0C9Q2KYRK,lhglhgl
B0C7CKBHGW,lhglhgl
B0BTGQQVF4,lhglhgl
B0B6KFBQWM,lhglhgl
B09Z5F6NSB,lhglhgl
B09XX5FTQ2,lhglhgl
B09R3PR8KN,lhglhgl
B09QMCKLFV,lhglhgl
B09PLMC1R6,lhglhgl
B09HH12792,lhglhgl
B0CF2N2FM1,lhglhgl
B09T3BVKS2,lhglhgl
B09RGMMD7Z,lhglhgl
B09GFJ3XWL,lhglhgl
B08FC54LSD,lhglhgl
B0711VMDJ8,lhglhgl
B00NTVAE76,lhglhgl
B0090TALUG,lhglhgl
B002XM3H1W,lhglhgl
B09VTL4RNC,lhglhgl
B08L4ZZZCD,lhglhgl
B08HHVBLLH,lhglhgl
B088SZDX7R,lhglhgl
B084NW1ZFD,lhglhgl
B07P5HBD91,lhglhgl
B07H46Y35C,lhglhgl
B08JGWRD1V,lhglhgl
B08J2SDJSK,lhglhgl
B08HVFKZL6,lhglhgl
B08HV4HK25,lhglhgl
B08HLGMKCF,lhglhgl
B08HLFRCGC,lhglhgl
B08HLFQ4CM,lhglhgl
B08HHVC3Z8,lhglhgl
B08GGP7JND,lhglhgl
B08G8XZ184,lhglhgl
B08FC92YCJ,lhglhgl
B08FBDWFL8,lhglhgl
B08DRHDM5V,lhglhgl
B087F39L88,lhglhgl
B086Q75LMJ,lhglhgl
B086Q6L16H,lhglhgl
B08XPXGL6M,lhglhgl
B08W17SPPQ,lhglhgl
B08QV5W1PD,lhglhgl
B08PTWWBTB,lhglhgl
B08P2QDMBB,lhglhgl
B08NFPLFVC,lhglhgl
B08N1K3YXS,lhglhgl
B08MX7WDKH,lhglhgl
B08MNSJGZZ,lhglhgl
B08MBJLSYN,lhglhgl
B08LQL6PLG,lhglhgl
B08LHCKQRL,lhglhgl
B08L7HYNYN,lhglhgl
B08KYK9WS6,lhglhgl
B08K7LC7S4,lhglhgl
B08K3DSZLF,lhglhgl
B086Q5VST7,lhglhgl
B083TF29X6,lhglhgl
B0835RXDP5,lhglhgl
B07XMQZSN8,lhglhgl
B07XJVQ9K9,lhglhgl
B07T2RZNXK,lhglhgl
B07SBKSMYH,lhglhgl
B07QFFFZXW,lhglhgl
B07QC478ZB,lhglhgl
B07M9ZJY5J,lhglhgl
B07KXX7QWB,lhglhgl
B07HBB24G9,lhglhgl
B07DQBP15X,lhglhgl
B07CRDH88F,lhglhgl
B0799QTNDS,lhglhgl
B078W42SD7,lhglhgl
B09CNCSYZQ,lhglhgl
B09CG36R4B,lhglhgl
B098WR8XZY,lhglhgl
B098DTX9YD,lhglhgl
B097ZL78B4,lhglhgl
B097XGB4C6,lhglhgl
B097HFCVFB,lhglhgl
B096ZBH5VG,lhglhgl
B093KKBML4,lhglhgl
B092YWC9KH,lhglhgl
B092JDGKYK,lhglhgl
B091KX2HR8,lhglhgl
B091KWKYZ3,lhglhgl
B08YDM2CXS,lhglhgl
B08Y5BLCJX,lhglhgl
B08XWQK5WW,lhglhgl
B00I0SU9PK,lhglhgl
B00B8DDFFK,lhglhgl
B00B4RCHB8,lhglhgl
B00AN4RSR6,lhglhgl
B0099S5DQK,lhglhgl
B008YFTOSC,lhglhgl
B007YRN0ZE,lhglhgl
B007VHIIH2,lhglhgl
B007OLJNVA,lhglhgl
B007DAIW5A,lhglhgl
B006EKGB62,lhglhgl
B006EGT6XG,lhglhgl
B0067OO3Y2,lhglhgl
B005JYT9GS,lhglhgl
B004TZGAPQ,lhglhgl
B004GB1WWE,lhglhgl
B074J5355F,lhglhgl
B0711S8G15,lhglhgl
B01LFJMXO0,lhglhgl
B01HIYOJDY,lhglhgl
B01HDO2WVA,lhglhgl
B01EPG5A90,lhglhgl
B00YJJBBBU,lhglhgl
B00XQD0XIW,lhglhgl
B00XKCFOA6,lhglhgl
B00TDDBZ7C,lhglhgl
B00SLX4540,lhglhgl
B00PUPROC2,lhglhgl
B00P2P6GH4,lhglhgl
B00MY5FTKK,lhglhgl
B00J6EPPJM,lhglhgl
B00IXI781U,lhglhgl
B07S5SHSFT,lhglhgl
B004DOTKC8,lhglhgl
B085VTB8G7,lhglhgl
B08C2J27RL,lhglhgl
B08GR96M5D,lhglhgl
B00366E1DM,lhglhgl
B08VHJBC6T,lhglhgl
B07JLL3JWD,lhglhgl
B001AT5CRQ,lhglhgl
B0CMTK7G4V,lhglhgl
B0848KL2C7,lhglhgl
B08KDF7PRN,lhglhgl
B085ZCZLJV,lhglhgl
B085XY9VF8,lhglhgl
B09QKTQ9TB,lhglhgl
B083955JNW,lhglhgl
B003672PX4,lhglhgl
B001NFL4CE,lhglhgl
B001HWUWQM,lhglhgl
B001FQN7VM,lhglhgl
B000USPCYQ,lhglhgl
B0000DHZZB,lhglhgl
B0000DARQ0,lhglhgl
1635443415,lhglhgl
B0871B9YYG,lhglhgl
1635443431,lhglhgl
B07V5ZCV3M,lhglhgl
B085XWQMZX,lhglhgl
B09B2R1XHM,lhglhgl
B083MYQRL8,lhglhgl
B09887N8JX,lhglhgl
B086QLN8D1,lhglhgl
B089N9XD9R,lhglhgl
B00HF63M5M,lhglhgl
B0871K9ZXJ,lhglhgl
B07FBVRGQH,lhglhgl
B085LHJYLX,lhglhgl
B073RWZ36C,lhglhgl
B083FL13D5,lhglhgl
B007YDACP4,lhglhgl
B08LM941BN,lhglhgl
B01MZ1XET2,lhglhgl
B01AB9OTXS,lhglhgl
B086PY224V,lhglhgl
B0763TML4Q,lhglhgl
B08P35J42Y,lhglhgl
B08LQ5R4CK,lhglhgl
B08YY7XFS3,lhglhgl
B07PY1XVVV,lhglhgl
B07DS88BRW,lhglhgl
B08JYQS8PL,lhglhgl
B073S35NQB,lhglhgl
B09T9J4FR3,lhglhgl
B08NJ9CVJ9,lhglhgl
B003IBI6P4,lhglhgl
B08FVJLY32,lhglhgl
B0776W4ZRZ,lhglhgl
B07PMJ7P19,lhglhgl
B0769RPP5J,lhglhgl
B07SHMBHFZ,lhglhgl
B0035Y5H10,lhglhgl
B08W4QQ7VG,lhglhgl
B08H6MCVD6,lhglhgl
B095Y9256L,lhglhgl
B08KWNQMM9,lhglhgl
B08K8B6D2B,lhglhgl
B08CXW5ZRW,lhglhgl
B09CM9ZP45,lhglhgl
B08Z3XVLP6,lhglhgl
B09VYYGPN9,lhglhgl
B08GWTB6C9,lhglhgl
B00G6DZOFG,lhglhgl
B07ZJ1D216,lhglhgl
B07JNQ9CRW,lhglhgl
B07CJ354BL,lhglhgl
B079HDTT86,lhglhgl
B071RJ6MBY,lhglhgl
B01M74Z6JG,lhglhgl
B0012YIKXM,lhglhgl
B0CRPPT55Q,lhglhgl
B0C2VC2499,lhglhgl
B0BGLL6ZSS,lhglhgl
B0BB4R8J51,lhglhgl
B0B8DZCFX4,lhglhgl
B09Z9RXFXF,lhglhgl
B09XPX89V4,lhglhgl
B09X8S5HYJ,lhglhgl
B09W5G9B29,lhglhgl
B0000CBJD4,lhglhgl
B08HMCGS72,lhglhgl
B0855PNX6K,lhglhgl
B008MBXG3C,lhglhgl
B0BY2RTB4L,lhglhgl
B09WC7WF4G,lhglhgl
B08S74BQKZ,lhglhgl
B08L8CBGXH,lhglhgl
B07ZJ2QDRS,lhglhgl
B07TBSSPXQ,lhglhgl
B07SGQN4T8,lhglhgl
B0863PT4CV,lhglhgl
B07RWTYHW5,lhglhgl
B07MJTRZDF,lhglhgl
B07MHK4H7H,lhglhgl
B07JKQ1QJC,lhglhgl
B07YSVH5XL,lhglhgl
B000H5S2BW,lhglhgl
B07Y43CMTB,lhglhgl
B081BSX575,lhglhgl
B07XFCTJNW,lhglhgl
B084X7R5JD,lhglhgl
B07W7V3GDC,lhglhgl
B07P387PBG,lhglhgl
B07QN7HX8L,lhglhgl
B07G6PGX1M,lhglhgl
B07F84YNNY,lhglhgl
B0C68ZY3GK,lhglhgl
B07C7VTH53,lhglhgl
B0087NJ5HG,lhglhgl
B07BPZS9T8,lhglhgl
B08XQDQ3BF,lhglhgl
B09VNYVCCR,lhglhgl
B09V7HV7XQ,lhglhgl
B09ST9FXX4,lhglhgl
B09SHQGSWT,lhglhgl
B09RQY96PS,lhglhgl
B09QS97K3B,lhglhgl
B09QKW77D6,lhglhgl
B09MS3BMTJ,lhglhgl
B09MFDLKSX,lhglhgl
B09FNG4HXY,lhglhgl
B09CMGJNVZ,lhglhgl
B099PMGNZF,lhglhgl
B099289FR9,lhglhgl
B098R8TDB9,lhglhgl
B096DHD9H5,lhglhgl
B092MLXHT9,lhglhgl
B092LWM9VV,lhglhgl
B092LTWVJZ,lhglhgl
B092JGCH78,lhglhgl
B09236177X,lhglhgl
B09231RXCQ,lhglhgl
B0921PMF5H,lhglhgl
B091572KCG,lhglhgl
B09151BJT6,lhglhgl
B0914XD3XM,lhglhgl
B08ZMK3QHJ,lhglhgl
B08ZGJNVF2,lhglhgl
B08ZG3ZRP5,lhglhgl
B08ZDTHFB3,lhglhgl
B08ZDRDRM9,lhglhgl
B08Z8P3G5W,lhglhgl
B08Z4G12MW,lhglhgl
B08YMX6FMM,lhglhgl
B08YM4B943,lhglhgl
B08YK11XH5,lhglhgl
B08Y7QJ1PB,lhglhgl
B08XZN9QB5,lhglhgl
B08TH1Z3SH,lhglhgl
B08QRRKM1T,lhglhgl
B08QMT4WJW,lhglhgl
B08PTY4WV3,lhglhgl
B08PTX7TS9,lhglhgl
B08NYNB7TD,lhglhgl
B08NSGCDD9,lhglhgl
B08NRZD2VV,lhglhgl
B08NRH444X,lhglhgl
B08NFF3TDL,lhglhgl
B08NF6L9CZ,lhglhgl
B08ZYJL4X2,lhglhgl
B084RGGBW7,lhglhgl
B081BSM989,lhglhgl
B07RP35PLR,lhglhgl
B07GPQ2HLJ,lhglhgl
B00PHHMFYA,lhglhgl
B08LDY88QY,lhglhgl
B08K7MGNQS,lhglhgl
B083Y6N3RV,lhglhgl
B07L2Q622T,lhglhgl
B017DF9E1A,lhglhgl
B00CL54ETK,lhglhgl
B007J1X4X8,lhglhgl
B09F2PV8WF,lhglhgl
B08X9Y53BC,lhglhgl
B08JB964Y4,lhglhgl
B08J3QD8B6,lhglhgl
B08HS4P6C3,lhglhgl
B08HQY297W,lhglhgl
B08HLHJSDF,lhglhgl
B08GCYF2R8,lhglhgl
B08G893MCY,lhglhgl
B08FC25LW9,lhglhgl
B089CW5B6K,lhglhgl
B086R5XLJ5,lhglhgl
B086Q7F99P,lhglhgl
B086Q7C5PX,lhglhgl
B086Q75FSS,lhglhgl
B086Q74G2T,lhglhgl
B086Q6RB27,lhglhgl
B086Q5P2WK,lhglhgl
B0866DTQXH,lhglhgl
B0864ZG51N,lhglhgl
B085FSZL3M,lhglhgl
B085FS5F8C,lhglhgl
B084QJ6Y2P,lhglhgl
B084Q7Q2WF,lhglhgl
B084DBGHBJ,lhglhgl
B084D7WL1G,lhglhgl
B083TMR2MD,lhglhgl
B083N3L99V,lhglhgl
B0837PPL3V,lhglhgl
B07YWJK6YJ,lhglhgl
B07T7LVXMT,lhglhgl
B07Q1BQGYJ,lhglhgl
B07NS5TXHR,lhglhgl
B07N7LZSWS,lhglhgl
B07L6HH82C,lhglhgl
B01MTLLVQ0,lhglhgl
B01MSUDB7F,lhglhgl
B01JAJ2RDO,lhglhgl
B01HIYOGHI,lhglhgl
B01AVL71OK,lhglhgl
B01AVL5STA,lhglhgl
B014710NEU,lhglhgl
B00ZQAEUAA,lhglhgl
B00YT6RUKE,lhglhgl
B00V04KIUW,lhglhgl
B00UMR6Z14,lhglhgl
B00T5BGYMS,lhglhgl
B00NTVAL4W,lhglhgl
B00N8J4PNS,lhglhgl
B00IOQCZTG,lhglhgl
B00IG2SJPM,lhglhgl
B07K1LQ8JL,lhglhgl
B07JLCDNLK,lhglhgl
B07J3YNHCX,lhglhgl
B07GB6VFF6,lhglhgl
B07G6PRP19,lhglhgl
B07G4DZV8B,lhglhgl
B07FZXTPL3,lhglhgl
B07D76LGTX,lhglhgl
B07BD33YPC,lhglhgl
B07B78ZS4R,lhglhgl
B079RQK621,lhglhgl
B078CXLLSS,lhglhgl
B075LM3FVQ,lhglhgl
B072DX6P3Y,lhglhgl
B071HH8L1D,lhglhgl
B06XRZM3KR,lhglhgl
B08MB6FDFH,lhglhgl
B08M6FCP7P,lhglhgl
B08M5LZ9JV,lhglhgl
B08M38FHJ7,lhglhgl
B08M2H8JCN,lhglhgl
B08LYJJ19J,lhglhgl
B08LQWSPF1,lhglhgl
B08LPFH68R,lhglhgl
B08LGJH6BT,lhglhgl
B08KQ33ZVS,lhglhgl
B08K4P6BP6,lhglhgl
B08K1GCGDC,lhglhgl
B08JQ4FRD8,lhglhgl
B08JPD1H7S,lhglhgl
B08JD119M7,lhglhgl
B08JCJZRKL,lhglhgl
B00GV0L674,lhglhgl
B009S5FWRO,lhglhgl
B00889RDMI,lhglhgl
B00749RXBE,lhglhgl
B0071C8RJG,lhglhgl
B0067OEYGE,lhglhgl
B005Z65F4U,lhglhgl
B005M4DTCA,lhglhgl
B005DS5MSY,lhglhgl
B0051BI3LQ,lhglhgl
B004UMMF16,lhglhgl
B004J00U5C,lhglhgl
B0041P427C,lhglhgl
B003KXFW6G,lhglhgl
B001IA7S4W,lhglhgl
B000MRQZYG,lhglhgl
B085VSYGFR,lhglhgl
B07713NN1J,lhglhgl
B017VOHNDY,lhglhgl
B07S1NC3LT,lhglhgl
B08P3674VW,lhglhgl
B085RKZ2QP,lhglhgl
B00MA1595I,lhglhgl
B08JQ34CPN,lhglhgl
163947014X,lhglhgl
B08VW8TWWN,lhglhgl
B00005LOUR,lhglhgl
B08LQ6SSC3,lhglhgl
B0009MZW8O,lhglhgl
B0765CG8QS,lhglhgl
B087FH9W8Y,lhglhgl
B091V6F1Q5,lhglhgl
158650410X,lhglhgl
B08QN5DK5L,lhglhgl
B08F67FWJX,lhglhgl
B07MD7XC9L,lhglhgl
B00NTVB6X2,lhglhgl
B000BPT8UC,lhglhgl
B09PV4WWQ1,lhglhgl
B095XDSG6M,lhglhgl
B08TBY1R92,lhglhgl
B08JCHM42B,lhglhgl
B084WQB822,lhglhgl
B083RT13VL,lhglhgl
B07SKDXPCR,lhglhgl
B078SXCYMG,lhglhgl
B005LTJ4G6,lhglhgl
1586504134,lhglhgl
B00NTVAYKS,lhglhgl
B004NDRPV2,lhglhgl
B08LP4HLBW,lhglhgl
B08YQN8Z6Z,lhglhgl
B07PR8X53W,lhglhgl
B08GFGR66Q,lhglhgl
B00O6IGXRQ,lhglhgl
B092HMQR61,lhglhgl
B00MHO3TSW,lhglhgl
B01LC7UIWO,lhglhgl
B00K04R464,lhglhgl
B07BN8PJ3X,lhglhgl
B003J91L9I,lhglhgl
B079587WTG,lhglhgl
1635443474,lhglhgl
B08N34S3YS,lhglhgl
B07CRNZQ97,lhglhgl
B092PXSPJH,lhglhgl
B085ZXJ376,lhglhgl
B07JMMS6DW,lhglhgl
B087JK59KZ,lhglhgl
B00I8N3R42,lhglhgl
B08LL8FMDP,lhglhgl
B08JPXZ1LL,lhglhgl
B07TSBH7JS,lhglhgl
B0047XW68U,lhglhgl
B074JHZM18,lhglhgl
B0722QNKJN,lhglhgl
B004BNGRX6,lhglhgl
B003WNLNZS,lhglhgl
B08RYRTZJG,lhglhgl
B08NSQWK4G,lhglhgl
B000KSF3PY,lhglhgl
B000I0BWO0,lhglhgl
B0009OAJKS,lhglhgl
B0002RVS2U,lhglhgl
B09SLVBLR1,lhglhgl
B09S561TZV,lhglhgl
B09S551WX7,lhglhgl
B09S5267T2,lhglhgl
B09S4ZVDLV,lhglhgl
B09S4STB3B,lhglhgl
B09S4MFD5B,lhglhgl
B09PZCL3DF,lhglhgl
B09K3WN5RW,lhglhgl
B09H5P5WYB,lhglhgl
B09C3XWRPR,lhglhgl
B09BHXWJC8,lhglhgl
B0958XRYSR,lhglhgl
B08ZYLQVL1,lhglhgl
B08XWHT3DP,lhglhgl
B08XVWZ5H7,lhglhgl
B08L7KVZ9F,lhglhgl
B08K419TZ6,lhglhgl
B08HLDMHQS,lhglhgl
B08GS17832,lhglhgl
B08CY3YJVH,lhglhgl
B08BL4BDQ6,lhglhgl
B087JYJ52C,lhglhgl
B087JJD5Y6,lhglhgl
B087JC9FHV,lhglhgl
B086GPG6GY,lhglhgl
B085RN3M5P,lhglhgl
B0854DWT8K,lhglhgl
B084T7MSCZ,lhglhgl
B084JKZLSN,lhglhgl
B083N1S5PF,lhglhgl
B083FDRCPT,lhglhgl
B078F155YG,lhglhgl
B077VSX9YC,lhglhgl
B0723D22J9,lhglhgl
B071Z4KS8D,lhglhgl
B071Y5S7VX,lhglhgl
B01JAJ2QOE,lhglhgl
B011R32JDY,lhglhgl
B00ZIU37QG,lhglhgl
B00TO6I968,lhglhgl
B00NBEULG0,lhglhgl
B00KMY2HEG,lhglhgl
B00HM8OOL4,lhglhgl
B00BA56580,lhglhgl
B009S5HWRC,lhglhgl
B00987LV0E,lhglhgl
B0090TBFTC,lhglhgl
B08VW4ZXZ4,lhglhgl
B08QV2MRQM,lhglhgl
B08QRK64WG,lhglhgl
B08QR6VWW6,lhglhgl
B08QMW6K6X,lhglhgl
B08QM8ZY9C,lhglhgl
B08QJRRN9G,lhglhgl
B08PTY8QJB,lhglhgl
B08PTWV43H,lhglhgl
B08P8F7JLN,lhglhgl
B08NS71SDZ,lhglhgl
B08M1S2Q2B,lhglhgl
B08LVB25LR,lhglhgl
B08L9FXNFP,lhglhgl
B08L8WD6CJ,lhglhgl
B0836T18RH,lhglhgl
B08126V19S,lhglhgl
B07Y2T3HB5,lhglhgl
B07TFZ9BGW,lhglhgl
B07S88RP8P,lhglhgl
B07QB7FTR9,lhglhgl
B07MNVGCBC,lhglhgl
B07KGH74Q5,lhglhgl
B07HHKQG49,lhglhgl
B07H1C72CP,lhglhgl
B07FX7F9B4,lhglhgl
B07F2NNVYJ,lhglhgl
B07DLRMGN8,lhglhgl
B07DK6KQS1,lhglhgl
B07DHBFC69,lhglhgl
B078QHNJGY,lhglhgl
B0081RS42K,lhglhgl
B007XKKWL2,lhglhgl
B00762INQS,lhglhgl
B006EHNRO4,lhglhgl
B004J3AAD6,lhglhgl
B003VAVCY4,lhglhgl
B003MSAFLG,lhglhgl
B003L3P5QM,lhglhgl
B003D1Z05S,lhglhgl
B003676A8A,lhglhgl
B002FYCHKA,lhglhgl
B001C2M1FM,lhglhgl
B000WOA90K,lhglhgl
B000UGFF22,lhglhgl
B000UGDBC8,lhglhgl
B000N5S9VO,lhglhgl
B08XX27YN2,lhglhgl
B08Y1NZKRB,lhglhgl
B000QYKK3W,lhglhgl
B085VV423K,lhglhgl
B09QPGFZQH,lhglhgl
B08KTCRJST,lhglhgl
B07GW5MB9G,lhglhgl
B009XLMNRK,lhglhgl
B092YN8GYS,lhglhgl
B01HP37WXC,lhglhgl
B0044UE5NU,lhglhgl
B015HQRORI,lhglhgl
B00ZFA7JLI,lhglhgl
B000CDGVOO,lhglhgl
B00UE3M754,lhglhgl
B000AIEZP8,lhglhgl
B000IY98MO,lhglhgl
B000H5W2TU,lhglhgl
B000BOI3ZO,lhglhgl
B0009OAJGC,lhglhgl
B0006JHXQE,lhglhgl
B00006IBTT,lhglhgl
B00005R1HS,lhglhgl
1635447054,lhglhgl
1635442710,lhglhgl
B09TR9YCWJ,lhglhgl
B09RQBPRWD,lhglhgl
B09QXQ95DT,lhglhgl
B09M46QWZV,lhglhgl
B09K7WB1XH,lhglhgl
B09K7W4378,lhglhgl
B09JSDJTGG,lhglhgl
B09H3RDTT9,lhglhgl
B09H3PQVRN,lhglhgl
B09GJ5NQCF,lhglhgl
B09DKXD549,lhglhgl
B09DG8927T,lhglhgl
B09C1C8HF4,lhglhgl
B09BBSKKJG,lhglhgl
B099Z1PHYC,lhglhgl
B098SZHNW7,lhglhgl
B07QN24TJM,lhglhgl
B08L5X6ZKV,lhglhgl
B07ND4SFZX,lhglhgl
B0845V1W5N,lhglhgl
B07DBKCC2R,lhglhgl
B07Y7ZTDMM,lhglhgl
B06Y4P883V,lhglhgl
B0012BSISM,lhglhgl
B00RPTW0VG,lhglhgl
B08P25YS4R,lhglhgl
B08LL7PM7P,lhglhgl
B07K32S2VW,lhglhgl
B01DP873SK,lhglhgl
B092LT6WWV,lhglhgl
B0919WZXHC,lhglhgl
B09TVW95DF,lhglhgl
B087FDQP5R,lhglhgl
B08HVYVWLH,lhglhgl
B0799RKW1K,lhglhgl
B0047QONUQ,lhglhgl
B01MTG00FG,lhglhgl
B00V5RKLMO,lhglhgl
B085137NWK,lhglhgl
B002COEUI0,lhglhgl
B09X1H1XCP,lhglhgl
B09KNP1LYP,lhglhgl
B08HNCWLQ7,lhglhgl
B09H5NTLBL,lhglhgl
B07HPG4RH1,lhglhgl
B085F43PCS,lhglhgl
B081FG9GM9,lhglhgl
B07Q3J9YHL,lhglhgl
B08QR53NP5,lhglhgl
B08HYKGM49,lhglhgl
B08BNK9TBQ,lhglhgl
B0872KT3VT,lhglhgl
B084L1PPVZ,lhglhgl
B07TWL28M9,lhglhgl
B07HF1DN3Z,lhglhgl
B075T2GFH9,lhglhgl
B01DFKGASC,lhglhgl
B003PSOWVM,lhglhgl
B0CSZ64MNX,lhglhgl
B0C89X18CG,lhglhgl
B0C4HBST7W,lhglhgl
B0BDFY2VRR,lhglhgl
B09TXF3BFQ,lhglhgl
B09TSCSZGB,lhglhgl
B08KZCGKNS,lhglhgl
B01NAPKWJV,lhglhgl
B000WUJ95K,lhglhgl
B08JQ3Z15S,lhglhgl
B08JP9DG5Z,lhglhgl
B00TUA0R3Q,lhglhgl
B09XDWHWMV,lhglhgl
B08YJFYRYY,lhglhgl
B08BJDPBN4,lhglhgl
B0844Y57ZM,lhglhgl
B08ZRXX65S,lhglhgl
B08J7P348L,lhglhgl
B00TUH81ZK,lhglhgl
B0067ONJGU,lhglhgl
B09RNF2KBQ,lhglhgl
B093GH8M29,lhglhgl
B098JPKQ6D,lhglhgl
B0977PQDHT,lhglhgl
B092J15T56,lhglhgl
B092G59K3Z,lhglhgl
B092DFF35K,lhglhgl
B09285WWTB,lhglhgl
B09271MXY9,lhglhgl
B091JYVBH8,lhglhgl
B08ZSHJSMR,lhglhgl
B08Z3LTB14,lhglhgl
B08YXHTPL2,lhglhgl
B08YK3CHLV,lhglhgl
B08XXVVDWG,lhglhgl
B08XQYLDX1,lhglhgl
B08XNB6QZT,lhglhgl
B08VGKTW6T,lhglhgl
B08KRTP683,lhglhgl
B08KRKF6C7,lhglhgl
B08JCS82DM,lhglhgl
B08J7VH33Q,lhglhgl
B08HRHCV1Q,lhglhgl
B08HMWK883,lhglhgl
B08HMVZS1K,lhglhgl
B08H1LY2ZH,lhglhgl
B08GL2FDPL,lhglhgl
B08GKZCD86,lhglhgl
B08FRMLD92,lhglhgl
B08F5CY9LQ,lhglhgl
B08DJ6PSQ4,lhglhgl
B08CNP1JL4,lhglhgl
B08CHBDD57,lhglhgl
B08BJ5SDWQ,lhglhgl
B08T6H14K2,lhglhgl
B08SR81WTQ,lhglhgl
B08SGSHY6J,lhglhgl
B08R99F85G,lhglhgl
B08QY3DSN8,lhglhgl
B08QJW241R,lhglhgl
B08PVC1QXJ,lhglhgl
B08NXJ4SFV,lhglhgl
B08NSQD9BY,lhglhgl
B08NGRDRX2,lhglhgl
B08N9RH7Y8,lhglhgl
B08MWMZHWR,lhglhgl
B08LZDR1ZF,lhglhgl
B08LGNGQV9,lhglhgl
B08L6BN36X,lhglhgl
B08L5WHY34,lhglhgl
B087FR234Y,lhglhgl
B087CSPNSS,lhglhgl
B086YYNJRT,lhglhgl
B086T2GPLD,lhglhgl
B086NJT7NZ,lhglhgl
B0855ZD9DB,lhglhgl
B084Z6ZQZ2,lhglhgl
B084YRW71X,lhglhgl
B084YRL7MW,lhglhgl
B084VGKCV6,lhglhgl
B084P9RBQB,lhglhgl
B084P41WLW,lhglhgl
B083TG79LG,lhglhgl
B083KHFD3T,lhglhgl
B083JW73JR,lhglhgl
B083J5W2B2,lhglhgl
B083J5BNHJ,lhglhgl
B083J511DZ,lhglhgl
B082X3L64V,lhglhgl
B082WWSXY3,lhglhgl
B082W12LSP,lhglhgl
B0811BN9F2,lhglhgl
B07ZDKVXPZ,lhglhgl
B07Z93MQQY,lhglhgl
B07X7TTV8H,lhglhgl
B07WHCWMT7,lhglhgl
B07V6956M7,lhglhgl
B07SFZDFQ3,lhglhgl
B07QP9QCBC,lhglhgl
B07PMFL12W,lhglhgl
B07NZ8CBZB,lhglhgl
B07NXXFRG4,lhglhgl
B07L4PSHK4,lhglhgl
B07KZWYTKM,lhglhgl
B07H5GCWQS,lhglhgl
B07CGMV3TQ,lhglhgl
B07BC69NTM,lhglhgl
B07B42MJ7Y,lhglhgl
B079WFRN9Y,lhglhgl
B079C65V81,lhglhgl
B078XL38PB,lhglhgl
B078HS4YDL,lhglhgl
B073WDXBLV,lhglhgl
B0736D2XZT,lhglhgl
B072NZTGFS,lhglhgl
B06XCX777G,lhglhgl
B06XCK8Q3X,lhglhgl
B01K826CY2,lhglhgl
B01I24PRLM,lhglhgl
B01H04PQWA,lhglhgl
B01G0Z3WPI,lhglhgl
B01BO64ZSG,lhglhgl
B01B9UTM9E,lhglhgl
B018M06HQU,lhglhgl
B018KTGECU,lhglhgl
B016VJOTFU,lhglhgl
B012534NZ2,lhglhgl
B00XKCCJH2,lhglhgl
B00XKBPZEC,lhglhgl
B00XCSX5VI,lhglhgl
B00W4BGXBI,lhglhgl
B00W4BFK7Q,lhglhgl
B00V8RKMP2,lhglhgl
B00UBQLKDE,lhglhgl
B004UGP9VK,lhglhgl
B003Z42G8M,lhglhgl
B003WNFS4K,lhglhgl
B003UMDYNK,lhglhgl
B003TOBZ1M,lhglhgl
B002SANZKC,lhglhgl
B002NTSHUQ,lhglhgl
B002I638V2,lhglhgl
B001VNO3H6,lhglhgl
B001BBWQYU,lhglhgl
B0015506GW,lhglhgl
B000ZOJL7Y,lhglhgl
B000UGL29M,lhglhgl
B000UGJPCS,lhglhgl
B000UGFBOO,lhglhgl
B000UG7DU4,lhglhgl
B00TUH8AJC,lhglhgl
B00R961WZK,lhglhgl
B00QUT8GW4,lhglhgl
B00QL5GPYI,lhglhgl
B00OYKHPJQ,lhglhgl
B00OG93XNC,lhglhgl
B00NUCDRUU,lhglhgl
B00KMDHZ5I,lhglhgl
B00HKJOXPC,lhglhgl
B00GUQXV68,lhglhgl
B00DZPEZPI,lhglhgl
B007UQXK8G,lhglhgl
B007P7ZL0U,lhglhgl
B007I55GJ0,lhglhgl
B0074ONO26,lhglhgl
B0072YNKPY,lhglhgl
B000UG7ATS,lhglhgl
B000PQC7M8,lhglhgl
B000M2UXWQ,lhglhgl
B000CQ6FQU,lhglhgl
B00029WSYK,lhglhgl
B071ZHY2QK,lhglhgl
B091MH86WS,lhglhgl
B08CC3Y7NQ,lhglhgl
B010XU336O,lhglhgl
B077VNRQD2,lhglhgl
B085MCQW7V,lhglhgl
B00K04PEDE,lhglhgl
B08SHN9P4N,lhglhgl
B005VRN32O,lhglhgl
B07J5LT9R5,lhglhgl
B09FXXDGRJ,lhglhgl
B09197BKGX,lhglhgl
B07K2X2JP2,lhglhgl
B07YNZQG5N,lhglhgl
B091L31T3S,lhglhgl
B01KXZX23S,lhglhgl
B07BN3NDNC,lhglhgl
B018RU2UQ6,lhglhgl
B07KRZMGJ8,lhglhgl
B010XU2P54,lhglhgl
B08P2DTS7F,lhglhgl
B08N64T1DZ,lhglhgl
B076DV1ZB3,lhglhgl
B0CQF4KLSP,lhglhgl
B008UW6V08,lhglhgl
B0067OM28G,lhglhgl
B009IJ6RCY,lhglhgl
B002SC323K,lhglhgl
B084TNMFPS,lhglhgl
B07MSBK9GV,lhglhgl
B092VZFX2V,lhglhgl
B08527YHH3,lhglhgl
B08WLJJ3NK,lhglhgl
B01N7X659Q,lhglhgl
B01G5JOY3I,lhglhgl
B07FQ5CYX1,lhglhgl
B0132L8CMQ,lhglhgl
B00678YBCM,lhglhgl
B08DCCMD2K,lhglhgl
B084TDHDMH,lhglhgl
B07T98Y1N9,lhglhgl
B07NL89DQY,lhglhgl
B07N1FCZMM,lhglhgl
B0065K43YS,lhglhgl
B0001OGTS2,lhglhgl
B0913JQC67,lhglhgl
B081DB4135,lhglhgl
B07FNW9DS2,lhglhgl
B071YFPRP4,lhglhgl
B000A85IM2,lhglhgl
B08PV9DTK9,lhglhgl
B08MWFFDLG,lhglhgl
B084KY41JR,lhglhgl
B00X52FEQA,lhglhgl
B008GSMD5S,lhglhgl
B000GATU5K,lhglhgl
B0CKRMBHTV,lhglhgl
B0B59QQ3GY,lhglhgl
B0B4Z4YT2K,lhglhgl
B09Y8M59NY,lhglhgl
B09W5MLZBK,lhglhgl
B09W36NBRC,lhglhgl
B09S8G8VSP,lhglhgl
B09R3PKXFN,lhglhgl
B09QG62VGZ,lhglhgl
B09K81HFPR,lhglhgl
B09GQVY5FS,lhglhgl
B09FXLL5DB,lhglhgl
B09CZ7LG9Q,lhglhgl
B09CV3FRDB,lhglhgl
B099FGHTM8,lhglhgl
B097R5SKRH,lhglhgl
B097QPBN7W,lhglhgl
B097Q4D7J4,lhglhgl
B092SRTC8Z,lhglhgl
B092HD663Q,lhglhgl
B0923T9WTQ,lhglhgl
B091G2PXGW,lhglhgl
B08Z714SBW,lhglhgl
B08XWS3RPP,lhglhgl
B08XW9HFP1,lhglhgl
B08XVW1N57,lhglhgl
B08XVRZFKR,lhglhgl
B08XB786HW,lhglhgl
B08WPSK4K2,lhglhgl
B08R56WLXH,lhglhgl
B08PJNTLLP,lhglhgl
B08NPMCR2X,lhglhgl
B08NJLPNFX,lhglhgl
B08N9R9CX8,lhglhgl
B08N9FC54F,lhglhgl
B08MZX9DKZ,lhglhgl
B08MWMZWBB,lhglhgl
B08MWM639T,lhglhgl
B08MVZRD7L,lhglhgl
B08MLPZ66R,lhglhgl
B08MLBR83R,lhglhgl
B08ML9X2VN,lhglhgl
B08M5XPRN6,lhglhgl
B08M5NWQ6M,lhglhgl
B08M414YN9,lhglhgl
B08LF27SY1,lhglhgl
B08L6SZJJ7,lhglhgl
B08L69BB36,lhglhgl
B08L5XMM77,lhglhgl
B08L5WWFB4,lhglhgl
B08L3S839X,lhglhgl
B08K4121CR,lhglhgl
B08K3MQFFW,lhglhgl
B08K3MBJWQ,lhglhgl
B08K3LCK18,lhglhgl
B08HVHWTW9,lhglhgl
B08G8YZXL8,lhglhgl
B08CRZ1B9M,lhglhgl
B08C9LD4PB,lhglhgl
B08BJ9LL2M,lhglhgl
B08BHZC17M,lhglhgl
B089NCM54C,lhglhgl
B087L95D2Y,lhglhgl
B087KNTBGY,lhglhgl
B087JYS9WD,lhglhgl
B08748CMYC,lhglhgl
B086YRFC8J,lhglhgl
B086BPTJYP,lhglhgl
B085Z2FMP2,lhglhgl
B085WN56GW,lhglhgl
B08562VC8L,lhglhgl
B0855S8JYL,lhglhgl
B0854JJLGW,lhglhgl
B08542VJS9,lhglhgl
B0848TR3G6,lhglhgl
B083TZ49SW,lhglhgl
B083QCW6J4,lhglhgl
B083J54CW3,lhglhgl
B0832KTV9X,lhglhgl
B0832HNTJS,lhglhgl
B083179FL8,lhglhgl
B08289NJLX,lhglhgl
B07YJB4R87,lhglhgl
B07WXQQ3ML,lhglhgl
B07VBPSK7X,lhglhgl
B07TC4D8BB,lhglhgl
B07SD5GSBP,lhglhgl
B07P92V9Y2,lhglhgl
B07JJK9FLZ,lhglhgl
B07JBPJL5G,lhglhgl
B07HRY98W3,lhglhgl
B07C487SV6,lhglhgl
B07BTRH457,lhglhgl
B07BMTZLLM,lhglhgl
B077BJ6JBB,lhglhgl
B0748R24QM,lhglhgl
B072F316Y9,lhglhgl
B06X4265L9,lhglhgl
B01N6G4WHU,lhglhgl
B01N31QGDH,lhglhgl
B01DPVMTKO,lhglhgl
B01D1KRF80,lhglhgl
B018M06JGS,lhglhgl
B00A8U7L72,lhglhgl
B009YNWFIE,lhglhgl
B0098IV2OI,lhglhgl
B00656PNKU,lhglhgl
B00648AWXW,lhglhgl
B005AU3ZVQ,lhglhgl
B004J36IAA,lhglhgl
B004CLHDGC,lhglhgl
B004583GHW,lhglhgl
B002UCB686,lhglhgl
B002SJ3S00,lhglhgl
B002C2SXMG,lhglhgl
B000UVXW1S,lhglhgl
B000UG5HP2,lhglhgl
B000U9WX0Q,lhglhgl
B000O36TD0,lhglhgl
B018EOFLD4,lhglhgl
B0171EPLGA,lhglhgl
B01708FAZ4,lhglhgl
B011737N1C,lhglhgl
B00XKCGAEA,lhglhgl
B00VXTK070,lhglhgl
B00V4SZA3E,lhglhgl
B00T55BM80,lhglhgl
B00RCQ9UJM,lhglhgl
B00R961X04,lhglhgl
B00R1NSFFG,lhglhgl
B00QQU9HMA,lhglhgl
B00PJ956CY,lhglhgl
B00NSGCLBY,lhglhgl
B00N51AK38,lhglhgl
B00EGGJM94,lhglhgl
B000H8VT6E,lhglhgl
B000CSWOTU,lhglhgl
B01INNMS14,lhglhgl
B0847SKZVW,lhglhgl
B09PYBGDN8,lhglhgl
B092LR21DD,lhglhgl
B08CDN418J,lhglhgl
B0839XGLXN,lhglhgl
B08RB3LT63,lhglhgl
B013EXUHX4,lhglhgl
B000WR8PGC,lhglhgl
B082DXJ8Z2,lhglhgl
B000FQ7976,lhglhgl
B0985Z6HCT,lhglhgl
B07D5244PQ,lhglhgl
B00G7QRG30,lhglhgl
B0845T3GKD,lhglhgl
B07WHMHQV6,lhglhgl
B00NTPK1Y8,lhglhgl
B084VLZ5GG,lhglhgl
B0012YKRVK,lhglhgl
B07YX5QYJ6,lhglhgl
B07P8WVXK6,lhglhgl
B07FMLRN3B,lhglhgl
B086856C4Z,lhglhgl
B076RLGYXQ,lhglhgl
B001C2245O,lhglhgl
B019AKFS5W,lhglhgl
B08NTVTKWN,lhglhgl
B00CABU7DW,lhglhgl
B07Y17MSMQ,lhglhgl
B006GHD17A,lhglhgl
B09XMHDXSM,lhglhgl
B09F2PY4V8,lhglhgl
B08NPWMPH5,lhglhgl
B00QAO2VCA,lhglhgl
B07YW63T92,lhglhgl
B08ZY3HVXK,lhglhgl
B08NPZZB2K,lhglhgl
B09VCVMWC3,lhglhgl
B00556QVSE,lhglhgl
B08BJDBFRD,lhglhgl
B0C4YTZ4X8,lhglhgl
B07732RLP5,lhglhgl
B087CPWHMC,lhglhgl
B08ZNVBP2P,lhglhgl
B07SMGB231,lhglhgl
B08XZ73FBJ,lhglhgl
B0032JSQDY,lhglhgl
B08NWZ6WXM,lhglhgl
B08CGSKGY9,lhglhgl
B084Z31F2D,lhglhgl
B084Z2L9MF,lhglhgl
B07QYSXM2Y,lhglhgl
B07F1THCMP,lhglhgl
B071G1L8FB,lhglhgl
B005W3H2HO,lhglhgl
B0BS9CMXHM,lhglhgl
B0BN5MH16T,lhglhgl
B0BG28W8SL,lhglhgl
B0B914SSJC,lhglhgl
B09VGB6F42,lhglhgl
B09TFYX6KM,lhglhgl
B09ST2C6VM,lhglhgl
B09NQRGJ4B,lhglhgl
B09J84MB6V,lhglhgl
B08M1S3Z2Q,lhglhgl
B07F1PQB8S,lhglhgl
B08YK3RML4,lhglhgl
B07NQPGS77,lhglhgl
B07K6F19BY,lhglhgl
B0767ZJHWN,lhglhgl
B00114OW6W,lhglhgl
B093WD4YC5,lhglhgl
B08MQ8N75H,lhglhgl
B08LLFTKTZ,lhglhgl
B08JLLPN97,lhglhgl
B007H2Q850,lhglhgl
B09TFFJVHD,lhglhgl
B08XBCX7KL,lhglhgl
B08N67NR3F,lhglhgl
B08L6394SY,lhglhgl
B091BQSTDK,lhglhgl
B0916BWYLS,lhglhgl
B08ZSG7D1D,lhglhgl
B08YRLBYJL,lhglhgl
B08YNV42PS,lhglhgl
B08YMQYJ13,lhglhgl
B08RG5Z9RC,lhglhgl
B08P7JBQGQ,lhglhgl
B08NRVC12Z,lhglhgl
B08N8RT9PX,lhglhgl
B08MJ131HS,lhglhgl
B08MFPBJKY,lhglhgl
B08MDDBWXL,lhglhgl
B08M37MZPC,lhglhgl
B08LT78HWF,lhglhgl
B08LSTHWJX,lhglhgl
B09C932ZBH,lhglhgl
B09BFHC7NL,lhglhgl
B09956V2QL,lhglhgl
B098PFHXC4,lhglhgl
B093WPR9HG,lhglhgl
B092ZCH5BN,lhglhgl
B092VSKQH1,lhglhgl
B092J11FJY,lhglhgl
B092HJXVGW,lhglhgl
B092CFPX23,lhglhgl
B0929JJST8,lhglhgl
B09261B16Q,lhglhgl
B0924N3LBW,lhglhgl
B0921GGRXD,lhglhgl
B091K72ZZ1,lhglhgl
B091HK2RP7,lhglhgl
B08LSS95DT,lhglhgl
B08LHFDT77,lhglhgl
B08LHCLNZQ,lhglhgl
B08LGHLCDZ,lhglhgl
B08L6YYY4R,lhglhgl
B08L6CS71F,lhglhgl
B08L6C673K,lhglhgl
B08L6BZC3P,lhglhgl
B08L6BXG6R,lhglhgl
B08L6BN87W,lhglhgl
B08KKK8R9L,lhglhgl
B08KK9HN5K,lhglhgl
B08JPFYKH5,lhglhgl
B08JD7VJ9T,lhglhgl
B08HY21PFC,lhglhgl
B08GYX7PKM,lhglhgl
B08GGYN1TK,lhglhgl
B08GGC4ZPR,lhglhgl
B08G5D66BQ,lhglhgl
B08G5CX3PQ,lhglhgl
B08G5CKR6W,lhglhgl
B08FXVWWMH,lhglhgl
B08FRQ9F5B,lhglhgl
B08FPSD1RG,lhglhgl
B08CS2WNT4,lhglhgl
B089K2BTY7,lhglhgl
B087G5CVD9,lhglhgl
B087FNYTGB,lhglhgl
B086Y8DFM1,lhglhgl
B086MWN9SX,lhglhgl
B086M54R9C,lhglhgl
B086HNM5YB,lhglhgl
B082H881LN,lhglhgl
B082GL7X6Q,lhglhgl
B0822FC5ZW,lhglhgl
B081DJP2MB,lhglhgl
B08125WTGL,lhglhgl
B07ZNYCYF3,lhglhgl
B07YP6THB8,lhglhgl
B07X8QJ74F,lhglhgl
B07P818NRW,lhglhgl
B07MJJ69HF,lhglhgl
B07M6LQ9X4,lhglhgl
B07L8XSXL5,lhglhgl
B07HB5DJFZ,lhglhgl
B075YXDTV6,lhglhgl
B071NTZ7N3,lhglhgl
B06Y3L4F4L,lhglhgl
B086HLHQP7,lhglhgl
B086HK2ZXY,lhglhgl
B0868Z6H79,lhglhgl
B086582KYP,lhglhgl
B0862FZGMZ,lhglhgl
B085Z2WN1M,lhglhgl
B084WSFZKZ,lhglhgl
B083TFJ87Q,lhglhgl
B083SDKG81,lhglhgl
B083SD5SVR,lhglhgl
B083PNGD12,lhglhgl
B083GJ5VTD,lhglhgl
B083D2YFG5,lhglhgl
B0834YPQH8,lhglhgl
B0832J8QTP,lhglhgl
B082WS1R3P,lhglhgl
B01N6DII1Z,lhglhgl
B01L9PWX4U,lhglhgl
B01AB5TBGW,lhglhgl
B018T8LJ8G,lhglhgl
B015MHL5J0,lhglhgl
B00TYGWLLW,lhglhgl
B00J3G4BZW,lhglhgl
B00GBSL8IS,lhglhgl
B00F8ONON8,lhglhgl
B00D8GYQKI,lhglhgl
B009ONYI48,lhglhgl
B009KIE37O,lhglhgl
B008YFTA5E,lhglhgl
B008UW4P9C,lhglhgl
B008A7EWH2,lhglhgl
B0089J4WJY,lhglhgl
B0073JCU72,lhglhgl
B006EFMX3C,lhglhgl
B0067OG2IC,lhglhgl
B00647YRM0,lhglhgl
B005UKDJGC,lhglhgl
B005MJI9VQ,lhglhgl
B005IU99E0,lhglhgl
B005DS6VQ6,lhglhgl
B004KYZRUU,lhglhgl
B004CLDTX8,lhglhgl
B003OB9NY6,lhglhgl
B002MQH4VS,lhglhgl
B001U8HS7Y,lhglhgl
B001U7Z8EK,lhglhgl
B001U7JF1M,lhglhgl
B000WMUPJ2,lhglhgl
B000VZKH52,lhglhgl
B000FPAON8,lhglhgl
B000FCGETO,lhglhgl
B08N4MRS9C,lhglhgl
B08M455W5F,lhglhgl
B08B42X9NY,lhglhgl
B082PVGX6Y,lhglhgl
B08TX68KDZ,lhglhgl
B0BNNF8NW1,lhglhgl
B08VV93TDD,lhglhgl
B01JH3QRS4,lhglhgl
B082D85PD9,lhglhgl
B07DX4PL1M,lhglhgl
B00J6E88G4,lhglhgl
B00DSD6E0G,lhglhgl
B08XX3M23Y,lhglhgl
B08LSF4B1C,lhglhgl
B08JHCSJJ1,lhglhgl
B08JGZMDVB,lhglhgl
B08C7N77TY,lhglhgl
B0871YPVGB,lhglhgl
B085VW269C,lhglhgl
B07XP829B1,lhglhgl
B07NNTLLFM,lhglhgl
B07BHH9HZJ,lhglhgl
B078SLNWHJ,lhglhgl
B075CV3JFP,lhglhgl
B071SLC24N,lhglhgl
B01IC0U84M,lhglhgl
B001FB69SK,lhglhgl
B0C69271QT,lhglhgl
B0C1NRZ2N6,lhglhgl
B0B998F4TS,lhglhgl
B0B5Q9KRD5,lhglhgl
B09TQQY7FT,lhglhgl
B081BSVJG2,lhglhgl
B083R6TWBB,lhglhgl
B007RMQ4F4,lhglhgl
B08KDHXQW8,lhglhgl
B07CZ7Z52N,lhglhgl
B092368116,lhglhgl
B005UKU63G,lhglhgl
B0C4NQ4TKZ,lhglhgl
B01DFOH43I,lhglhgl
B07Q4QF5NZ,lhglhgl
B005GYXNCM,lhglhgl
B019766QW8,lhglhgl
B003WP08KC,lhglhgl
B087PXB316,lhglhgl
B00P9RHNJU,lhglhgl
B06XCLHLSY,lhglhgl
B0928X9P7V,lhglhgl
B0047KXA6U,lhglhgl
B000IJSUCI,lhglhgl
B0999PCCHK,lhglhgl
B088QYBYZR,lhglhgl
B07B89T93Y,lhglhgl
B09RTJ57GL,lhglhgl
B007H2Q7IS,lhglhgl
B08P358F8W,lhglhgl
B0829SJ9P1,lhglhgl
B07NVB18SL,lhglhgl
B08C38223D,lhglhgl
B07SYJHWGY,lhglhgl
B08HGF6J5X,lhglhgl
B08R42XHZJ,lhglhgl
B003UOYN7O,lhglhgl
B01N07R7EZ,lhglhgl
B01H04ULCU,lhglhgl
B01H04NSJI,lhglhgl
B01FYG6ADK,lhglhgl
B01EQDQHSU,lhglhgl
B00UE8WCY0,lhglhgl
B00TBNDZZE,lhglhgl
B00R45Z28O,lhglhgl
B00QUVKIAU,lhglhgl
B00NTVAYUS,lhglhgl
B00GXF6OWE,lhglhgl
B00ECUFTMI,lhglhgl
B009S5DWS0,lhglhgl
B009RTO6I2,lhglhgl
B0099S55YA,lhglhgl
B007STKGEQ,lhglhgl
B08M27M4KW,lhglhgl
B08M1SVH8H,lhglhgl
B08M1S1W3H,lhglhgl
B08LN29ZJH,lhglhgl
B08LMW8TS4,lhglhgl
B08L5VH8LX,lhglhgl
B08L5LDPZX,lhglhgl
B08L42ZG91,lhglhgl
B08JZ2F77K,lhglhgl
B08JVH6CK2,lhglhgl
B08JM8B28B,lhglhgl
B08JC7HQS2,lhglhgl
B08J8BNPWF,lhglhgl
B08HSKXXRN,lhglhgl
B08FBNRFJ3,lhglhgl
B0886CXXPS,lhglhgl
B007LLKN4Y,lhglhgl
B007DVH0PM,lhglhgl
B007DVGZOE,lhglhgl
B006EFN9JO,lhglhgl
B004KNTLQC,lhglhgl
B004BNJEB8,lhglhgl
B003YR6QQS,lhglhgl
B003OBDEJQ,lhglhgl
B002NQOXKC,lhglhgl
B002LEEX7O,lhglhgl
B001U7Y90Y,lhglhgl
B001U7WUL4,lhglhgl
B0014ZWKD0,lhglhgl
B000XAPD40,lhglhgl
B000WQWZOQ,lhglhgl
B000UGJEYM,lhglhgl
B00Y3T458C,lhglhgl
B006OEPWKO,lhglhgl
B005DUMS2A,lhglhgl
B000CQ21VI,lhglhgl
B09B7K16HH,lhglhgl
B08VWQDYLJ,lhglhgl
B08MK56Q7Z,lhglhgl
B08LF2FTYL,lhglhgl
B08K4W4GJK,lhglhgl
B08JHMD4C2,lhglhgl
B083JLFBCH,lhglhgl
B07S8VMVKG,lhglhgl
B07B4X32CS,lhglhgl
B01GUN6CJS,lhglhgl
B000RPP2CE,lhglhgl
1635440238,lhglhgl
B000G01288,lhglhgl
B08H59J7TZ,lhglhgl
B0002M7E50,lhglhgl
B07XWBDRFD,lhglhgl
B08LQSZ5BV,lhglhgl
B091KV6XW9,lhglhgl
B08ZKRL7R5,lhglhgl
B07T65MY47,lhglhgl
B00NTV9V1G,lhglhgl
B00NTV9UGM,lhglhgl
B08CGRQ91Q,lhglhgl
B083ZB2YHY,lhglhgl
B008TV68D0,lhglhgl
B08HSMY38S,lhglhgl
B0811JX1G3,lhglhgl
B07QBKNP6Z,lhglhgl
B09PGWX4X1,lhglhgl
B09M6Y7WTQ,lhglhgl
B09BDJ7YHX,lhglhgl
B0998DC1CG,lhglhgl
B098WRKKV4,lhglhgl
B092YN81C4,lhglhgl
B091NMQSPM,lhglhgl
B091NLWC6C,lhglhgl
B08YYM8698,lhglhgl
B08XWPCXK5,lhglhgl
B08X4QR6CJ,lhglhgl
B08VRLFZXX,lhglhgl
B08NS6W8F8,lhglhgl
B08N8LL2YL,lhglhgl
B08N4S6MXB,lhglhgl
B08MDFLTDB,lhglhgl
B000K6TZAU,lhglhgl
B000BPPNVK,lhglhgl
B086JV3J2V,lhglhgl
B0855Z6YN8,lhglhgl
B0854FP85T,lhglhgl
B084ZH2134,lhglhgl
B084ZGYRXF,lhglhgl
B084HP4QLD,lhglhgl
B083WFZYJR,lhglhgl
B083WFMQL3,lhglhgl
B083TSZ3TT,lhglhgl
B083S8FJN5,lhglhgl
B083J8CZ7N,lhglhgl
B083BMS8RQ,lhglhgl
B0834Z4HCR,lhglhgl
B0834T6Q2V,lhglhgl
B0833ZWH5Z,lhglhgl
B0832N33LB,lhglhgl
B0831JCGDT,lhglhgl
B083178LB6,lhglhgl
B082XRH4TR,lhglhgl
B082WW6YM9,lhglhgl
B082WQ6WNZ,lhglhgl
B082WQ6VVC,lhglhgl
B082TWWJ8M,lhglhgl
B07ZJ4Y344,lhglhgl
B07R7MVCCZ,lhglhgl
B07PYJRY31,lhglhgl
B07KNLWFTG,lhglhgl
B07HF89JCG,lhglhgl
B07HBD7XH3,lhglhgl
B079TRQ9NW,lhglhgl
B077DDKCNX,lhglhgl
B0731NMBQ9,lhglhgl
B072JTXD9D,lhglhgl
B00ROGEBQM,lhglhgl
B08ZYD9RJL,lhglhgl
B00C7Y5H6Y,lhglhgl
B09GNKLQZH,lhglhgl
B08LZFF4GP,lhglhgl
B0BMGVY4D9,lhglhgl
B07NVXFFDG,lhglhgl
B01I289NK4,lhglhgl
B09X1PLLVR,lhglhgl
B010E0N7ZU,lhglhgl
B07YY7QRYK,lhglhgl
B08F9DTHX5,lhglhgl
B00G6H0S1W,lhglhgl
B08KZMJ3XF,lhglhgl
B07KGJBGM9,lhglhgl
B0842QRCT9,lhglhgl
B083XSLRLZ,lhglhgl
B083SLH27P,lhglhgl
B083SKNQHY,lhglhgl
B083FDMN6X,lhglhgl
B083FDG1F8,lhglhgl
B0838RM6MF,lhglhgl
B082WR6W32,lhglhgl
B082SMNLV5,lhglhgl
B08289LGNK,lhglhgl
B07WG893J3,lhglhgl
B07QWSVNR4,lhglhgl
B07Q49D1CY,lhglhgl
B07PVG6WRK,lhglhgl
B07L7FPDQ6,lhglhgl
B07KFMX74Y,lhglhgl
B08M9B3NBD,lhglhgl
B08M8QQFP9,lhglhgl
B08M8P38BZ,lhglhgl
B08M5KNHWS,lhglhgl
B08LVS4D2X,lhglhgl
B08LVQ3DPK,lhglhgl
B08LQTQ9SQ,lhglhgl
B08LNBFTL5,lhglhgl
B08L81BGP9,lhglhgl
B08L5TCWD9,lhglhgl
B08L48YJ9B,lhglhgl
B08L425WYR,lhglhgl
B08K779D12,lhglhgl
B08JVFCR6P,lhglhgl
B08JCYDZTF,lhglhgl
B08HQGD14R,lhglhgl
B08HMTQYLD,lhglhgl
B08F53Q91W,lhglhgl
B08CTWP8JR,lhglhgl
B08BKKZBRB,lhglhgl
B08BJ6G6JG,lhglhgl
B087N7PXGN,lhglhgl
B087MYYH6Q,lhglhgl
B087F46CNR,lhglhgl
B08792VR7Z,lhglhgl
B0878ZXM6Y,lhglhgl
B0878V5X3R,lhglhgl
B0876KQG39,lhglhgl
B087659QWQ,lhglhgl
B086QW3X76,lhglhgl
B086PZ4RMZ,lhglhgl
B086PWC8DM,lhglhgl
B0BTGFCLWK,lhglhgl
B0BG2S6SPG,lhglhgl
B09XDYJ6D7,lhglhgl
B09W917BLL,lhglhgl
B09VRYHMDT,lhglhgl
B09K3X9NX1,lhglhgl
B09JRW21WX,lhglhgl
B09F6XW8KQ,lhglhgl
B09C3K8ZMF,lhglhgl
B098P3T1TW,lhglhgl
B098L2N9FG,lhglhgl
B0936YX3DF,lhglhgl
B092ZM4GTY,lhglhgl
B092ZF5L1B,lhglhgl
B092QGG82M,lhglhgl
B091Y1CHCJ,lhglhgl
B091CK4243,lhglhgl
B091C1K8BK,lhglhgl
B0919MYR6L,lhglhgl
B0912NLFL8,lhglhgl
B08ZHM8TQ4,lhglhgl
B08YYMMYDV,lhglhgl
B08R71H4ZH,lhglhgl
B08PZFMQD9,lhglhgl
B08NSC7N9G,lhglhgl
B08NRQ7L2T,lhglhgl
B08NRLZWSP,lhglhgl
B08NRLCTJJ,lhglhgl
B08N4TJVBS,lhglhgl
B08MJ8T3NJ,lhglhgl
B08MFRZS1L,lhglhgl
B08M9F18P9,lhglhgl
B0869RRMVJ,lhglhgl
B0869Q4HTG,lhglhgl
B085VF74DH,lhglhgl
B085RDX15G,lhglhgl
B085GB18NM,lhglhgl
B085DPWLTP,lhglhgl
B0859S4FQK,lhglhgl
B0859S2SHR,lhglhgl
B0859RTTZN,lhglhgl
B08596F22X,lhglhgl
B08591W496,lhglhgl
B0858Z8FH3,lhglhgl
B0856VM63K,lhglhgl
B0851FY2ZQ,lhglhgl
B084Z38L5Y,lhglhgl
B0849ZS712,lhglhgl
B07K5YNLKF,lhglhgl
B079WMXK18,lhglhgl
B078X11N1R,lhglhgl
B07792FJFF,lhglhgl
B073BWVLC2,lhglhgl
B071X7QC4L,lhglhgl
B06Y3LN21D,lhglhgl
B01HRD15SI,lhglhgl
B01E44VVNC,lhglhgl
B014ROM8CM,lhglhgl
B010ODYJ5Y,lhglhgl
B00Y0XDP9Q,lhglhgl
B00XKBRJB4,lhglhgl
B00QZEI246,lhglhgl
B00QJ30DRM,lhglhgl
B00Q5E7UD0,lhglhgl
B00P7I6APO,lhglhgl
B00OXIARMG,lhglhgl
B00NTVA7Z0,lhglhgl
B00MEMGPDI,lhglhgl
B00LIWRVEC,lhglhgl
B00GBSL6P8,lhglhgl
B00EQWAMW4,lhglhgl
B00DANZ96O,lhglhgl
B00D5V8KWG,lhglhgl
B00B6DP25I,lhglhgl
B00AU5Q1S0,lhglhgl
B00AEOPJWQ,lhglhgl
B008ZYSGDG,lhglhgl
B007P23D1O,lhglhgl
B007IXMLKY,lhglhgl
B005VGM1S2,lhglhgl
B08JQ6NLDR,lhglhgl
B07R76TMMM,lhglhgl
B091KNG8W8,lhglhgl
B083Q5HP6Z,lhglhgl
B07FZ53WKW,lhglhgl
B08HRPG1W8,lhglhgl
B084CTFPLC,lhglhgl
B07FP62Q1C,lhglhgl
B01FFTZWXK,lhglhgl
B07FK1SZQD,lhglhgl
B086MKRPGG,lhglhgl
B07D51BQXF,lhglhgl
B08MPLYYFR,lhglhgl
B07C58146L,lhglhgl
B08DTGB7GM,lhglhgl
B01IAQ64IW,lhglhgl
B005JRMSKO,lhglhgl
B004UL3U7K,lhglhgl
B004CKRKBG,lhglhgl
B0045LA6D6,lhglhgl
B003MZTCGS,lhglhgl
B003F2RZKI,lhglhgl
B003AVN2BU,lhglhgl
B00365A8XU,lhglhgl
B0031BKJQK,lhglhgl
B002NVZPYK,lhglhgl
B002C7YK78,lhglhgl
B001U8PEUW,lhglhgl
B001U85GIW,lhglhgl
B001FQN6W2,lhglhgl
B001BQYQDO,lhglhgl
B0019LR8TA,lhglhgl
B0010TQUK4,lhglhgl
B000ZB9C5I,lhglhgl
B000Y84GNK,lhglhgl
B000WDSKFW,lhglhgl
B000BOAYXS,lhglhgl
B000BO7DGO,lhglhgl
B0009OAJGW,lhglhgl
B0006IKE3Y,lhglhgl
B00OFLX83G,lhglhgl
B08ZMZWJTK,lhglhgl
B08L47P12B,lhglhgl
B006GJPQ2G,lhglhgl
B000UYFKLU,lhglhgl
B09SD94N8B,lhglhgl
B08ZXTPWCV,lhglhgl
B083GHZXJ6,lhglhgl
B0815B1K55,lhglhgl
B00ADYQDAE,lhglhgl
B001HWEHOA,lhglhgl
B07K8HDQKN,lhglhgl
B07K6FMP66,lhglhgl
B07CTP4WJ2,lhglhgl
B078MG8TSV,lhglhgl
B01NAGEMXW,lhglhgl
B092PRLB35,lhglhgl
B08P2VRKDK,lhglhgl
B08LPDVKSD,lhglhgl
B08JPVR1YC,lhglhgl
B08JHTBQCR,lhglhgl
B086L5YZTY,lhglhgl
B084ZWQJYZ,lhglhgl
B07MGJ77DZ,lhglhgl
B079VSFXD6,lhglhgl
B01DZXVH2I,lhglhgl
B007J1X4NS,lhglhgl
B0CJ7R5T37,lhglhgl
B0C692YH75,lhglhgl
B0B1QWYL6C,lhglhgl
B09FRFLRCF,lhglhgl
B099FGXR84,lhglhgl
B098X4SJR8,lhglhgl
B092VSX1Y2,lhglhgl
B091GK6377,lhglhgl
B08Z45BWG8,lhglhgl
B08YMTVRR2,lhglhgl
B08XXF2YQ4,lhglhgl
B08XWJQBVY,lhglhgl
B08XQWTFCW,lhglhgl
B08QRHJNJR,lhglhgl
B08QJ6NDL4,lhglhgl
B08N9VPNX6,lhglhgl
B08N9RBDJ8,lhglhgl
B08N9NP36W,lhglhgl
B08N9DJ5J5,lhglhgl
B08MWQZQQ4,lhglhgl
B08MJYPSYH,lhglhgl
B08MDCR14S,lhglhgl
B08M93F6R8,lhglhgl
B08M5LKM6L,lhglhgl
B08M28QPQH,lhglhgl
B08LL7WRG6,lhglhgl
B08LF3J86S,lhglhgl
B08K7J1PMS,lhglhgl
B08JVGC41P,lhglhgl
B08JVG6NW2,lhglhgl
B08JPCTZX8,lhglhgl
B08J7NGRG4,lhglhgl
B08J2RHKHG,lhglhgl
B08HRX5F73,lhglhgl
B08HRVTYY2,lhglhgl
B08GDWLVZL,lhglhgl
B08G8M3F36,lhglhgl
B071CLNGBQ,lhglhgl
B09F6D7BKL,lhglhgl
B078NHB44J,lhglhgl
B07L8YZQ64,lhglhgl
B07W833VXQ,lhglhgl
B08GGD17PZ,lhglhgl
B01HIYOEFW,lhglhgl
B08KWS9ZZ1,lhglhgl
B07JBK6RZN,lhglhgl
B08YRN815S,lhglhgl
B08QZN6RVP,lhglhgl
B08C73HS6G,lhglhgl
B083MYVC8Y,lhglhgl
B083SK8SGF,lhglhgl
B07JCDHJDW,lhglhgl
B08QMK7VFS,lhglhgl
B083348RPM,lhglhgl
B0832H978S,lhglhgl
B07YX3KKHJ,lhglhgl
B07XMFNJXY,lhglhgl
B07V9M7KZS,lhglhgl
B07SQF13KP,lhglhgl
B07Q723YQZ,lhglhgl
B07Q6CJCTC,lhglhgl
B07NZ5JB7J,lhglhgl
B07KMNBLFL,lhglhgl
B07DCZWSZP,lhglhgl
B079DKHJTP,lhglhgl
B07951G3HT,lhglhgl
B077MPB15Q,lhglhgl
B073Y838B8,lhglhgl
B06ZYY63JG,lhglhgl
B08G86HCNY,lhglhgl
B08FQTF2VC,lhglhgl
B08FQS7LSR,lhglhgl
B087KSW2QJ,lhglhgl
B087CBGJ8N,lhglhgl
B08798XQJH,lhglhgl
B0878YRQJY,lhglhgl
B0878S9RVX,lhglhgl
B086R82PH2,lhglhgl
B086QV443L,lhglhgl
B0864ZXHLX,lhglhgl
B086253DDH,lhglhgl
B08541GH7G,lhglhgl
B0849YRKPG,lhglhgl
B0849YR7JF,lhglhgl
B083MZV36P,lhglhgl
B06XH4H1G7,lhglhgl
B01NAWKDOZ,lhglhgl
B01MRRJMSO,lhglhgl
B01JUXV22M,lhglhgl
B0171EPSK4,lhglhgl
B013DK2Q6E,lhglhgl
B00WVFCGMC,lhglhgl
B00VLESCJA,lhglhgl
B00TPG5C6M,lhglhgl
B00SQKV92O,lhglhgl
B00P27BSIO,lhglhgl
B00KMY4K64,lhglhgl
B00GVA7PYC,lhglhgl
B00FO911GY,lhglhgl
B00E5PECLY,lhglhgl
B00BVPULQG,lhglhgl
B0013JWTE2,lhglhgl
B000WHAZMY,lhglhgl
B000MOL2C4,lhglhgl
B000H5WS44,lhglhgl
B000BQYJLE,lhglhgl
B000BO6R9S,lhglhgl
B0002BF0LG,lhglhgl
B08KSSSCLK,lhglhgl
B078WZDR4C,lhglhgl
B0B3M4GVLP,lhglhgl
B003MWQGEC,lhglhgl
B07Q1W36L7,lhglhgl
B09YTMC5QT,lhglhgl
B092TKC5JN,lhglhgl
B091V8XJ2P,lhglhgl
B092JRXT3J,lhglhgl
B08XWY8NC8,lhglhgl
B00352P34I,lhglhgl
B08G8LHCKR,lhglhgl
B08GCVDTRK,lhglhgl
B07Q3S3K9F,lhglhgl
B00MNO23J2,lhglhgl
B07CNK231N,lhglhgl
B08R7CBPLP,lhglhgl
B01LNSPII6,lhglhgl
B07DWBB23L,lhglhgl
B00UP4CRYI,lhglhgl
B08R1T1Z25,lhglhgl
B07D28N9JP,lhglhgl
B07WHJQHZJ,lhglhgl
B07C79PRL9,lhglhgl
B005VGIUWS,lhglhgl
B000CQ6FQK,lhglhgl
B08WC95L2G,lhglhgl
B08QRWYQDP,lhglhgl
B08LDVSKRM,lhglhgl
B08475TMKM,lhglhgl
B01BGL4BR4,lhglhgl
B00LIPM6X0,lhglhgl
B08LNQ1WQ5,lhglhgl
B01HP381H8,lhglhgl
B098Q1G9Z5,lhglhgl
B001XW7SRM,lhglhgl
B08KQ3VPM2,lhglhgl
B0006TXAV6,lhglhgl
B08GZBX726,lhglhgl
B07QV469J6,lhglhgl
B07YYKSYBL,lhglhgl
B00P40S4HM,lhglhgl
B002IAT13W,lhglhgl
B08QYX59ZY,lhglhgl
B08HSTBT26,lhglhgl
1619928108,lhglhgl
B06XPGNT29,lhglhgl
B08YJL6RK2,lhglhgl
B09NBZ7S2V,lhglhgl
B09NBYRQCD,lhglhgl
B09NBYKFXT,lhglhgl
B09NBY49F4,lhglhgl
B09MYDQSHW,lhglhgl
B09MY3CB9N,lhglhgl
B09KZRXJKX,lhglhgl
B09KZNPC9J,lhglhgl
B09KZKGKR2,lhglhgl
B09GY6D9VW,lhglhgl
B09G9552YD,lhglhgl
B092QZLGRR,lhglhgl
B092QLTF9W,lhglhgl
B0923N48CL,lhglhgl
B091TFFRBV,lhglhgl
B091KHP17R,lhglhgl
B005BKWD04,lhglhgl
B08W6XR6BL,lhglhgl
B08K8XWSGW,lhglhgl
B08GKKP9S3,lhglhgl
B085F39426,lhglhgl
B083VYXLPX,lhglhgl
B0829Q6MKJ,lhglhgl
B0811W984S,lhglhgl
B06Y1T1X1B,lhglhgl
B00HBWNUTI,lhglhgl
B0035OG14W,lhglhgl
B092HDHGP7,lhglhgl
B08Z7FY2YN,lhglhgl
B08L4BZFB2,lhglhgl
B08DRHLVJC,lhglhgl
B087JJY786,lhglhgl
B009E9MBQ4,lhglhgl
B00987LV5E,lhglhgl
B007OLJNHE,lhglhgl
B006IFCPCW,lhglhgl
B0055DRH8A,lhglhgl
B0055DRH4E,lhglhgl
B004ZGNQTW,lhglhgl
B004RCUVEM,lhglhgl
B004J325IO,lhglhgl
B0045L9MOA,lhglhgl
B0043WHY2S,lhglhgl
B003Z08EDW,lhglhgl
B003FRGX1K,lhglhgl
B003DS98T0,lhglhgl
B001U87CL6,lhglhgl
B00166HONS,lhglhgl
B091CV2MG1,lhglhgl
B091CQQ34X,lhglhgl
B0919S7C1P,lhglhgl
B0911B5M6F,lhglhgl
B08ZCYCMHW,lhglhgl
B08YN3TW4K,lhglhgl
B08XX48QBY,lhglhgl
B08XSL1MD7,lhglhgl
B08WZC9R5D,lhglhgl
B08WYCD83Q,lhglhgl
B08SDVPVF8,lhglhgl
B08NYVJDRJ,lhglhgl
B08NXWK5C5,lhglhgl
B08N72RGB5,lhglhgl
B08MWV1XWS,lhglhgl
B08MQF4CCD,lhglhgl
B08MFCWXPM,lhglhgl
B08LVRWW55,lhglhgl
B08LSSLDX4,lhglhgl
B08LQT5Y41,lhglhgl
B08LG9W793,lhglhgl
B08LG1K1B4,lhglhgl
B08LFZ5YHZ,lhglhgl
B08L9WJJ27,lhglhgl
B08L663T31,lhglhgl
B08K4HY89S,lhglhgl
B08JYLRL1J,lhglhgl
B08JQRLJXT,lhglhgl
B08JPY5DPG,lhglhgl
B08JLSTD1K,lhglhgl
B08JGWJMCL,lhglhgl
B08JD7VXV1,lhglhgl
B086PXHMYP,lhglhgl
B081KQ7BTK,lhglhgl
B07R51CZDH,lhglhgl
B07MD57TFK,lhglhgl
B074V3ZWS6,lhglhgl
B000OB9ZBU,lhglhgl
B0CD9MVMQD,lhglhgl
B0BX3R14YS,lhglhgl
B0B9JLBQDL,lhglhgl
B09XKF741S,lhglhgl
B09VX2Z6G7,lhglhgl
B09SYYDG51,lhglhgl
B09S4Y243Z,lhglhgl
B09NBZV75X,lhglhgl
B09NBZKGJ4,lhglhgl
B09NBZF46G,lhglhgl
B08J2TS2W4,lhglhgl
B08J2J63PH,lhglhgl
B08HVG218X,lhglhgl
B08GY4N14N,lhglhgl
B08GKGF1RW,lhglhgl
B08GKF662Q,lhglhgl
B08G8HHJDD,lhglhgl
B08CL4NDBY,lhglhgl
B08C7B4KT1,lhglhgl
B086YBGBYV,lhglhgl
B086QSBL5T,lhglhgl
B086MQ2ZQ2,lhglhgl
B086L2L7Y8,lhglhgl
B086BTXJRS,lhglhgl
B0863RR6QL,lhglhgl
B085Z8VK8W,lhglhgl
B085HDKH98,lhglhgl
B085FZ3P6S,lhglhgl
B085FYMNGF,lhglhgl
B085DHRVB3,lhglhgl
B085DH2CV3,lhglhgl
B085D915LR,lhglhgl
B085719SYC,lhglhgl
B0856RVCJV,lhglhgl
B0849XS12R,lhglhgl
B0849QXQH9,lhglhgl
B083TX9FNT,lhglhgl
B083MZZ364,lhglhgl
B083FDLLHS,lhglhgl
B083FDG9HK,lhglhgl
B0838WFWLW,lhglhgl
B082GTKSPG,lhglhgl
B07YX2HB13,lhglhgl
B07TF43QJZ,lhglhgl
B07TBPSMWP,lhglhgl
B07SVQFFX7,lhglhgl
B07SJRRN65,lhglhgl
B07M8FVD6L,lhglhgl
B07L9GJ9LK,lhglhgl
B07JBMMH49,lhglhgl
B07FPMNRRQ,lhglhgl
B07F5PPNQL,lhglhgl
B07C7GL655,lhglhgl
B07BC7VJV7,lhglhgl
B0787TF5SP,lhglhgl
B01K44TNWC,lhglhgl
B01I71JTO6,lhglhgl
B01HDO2VPM,lhglhgl
B009S5EVFI,lhglhgl
B008YFTG7G,lhglhgl
B008TV5GRY,lhglhgl
B007VMC422,lhglhgl
B006EKH4JU,lhglhgl
B0068AEVTM,lhglhgl
B0068AERAU,lhglhgl
B0067OMNDU,lhglhgl
B005YAT65G,lhglhgl
B005JP43U4,lhglhgl
B0055DREWO,lhglhgl
B004GBD4O8,lhglhgl
B0045LMKXK,lhglhgl
B0043XD8FE,lhglhgl
B0041PAWTY,lhglhgl
B001PZ9GQS,lhglhgl
B000YV4YB6,lhglhgl
B000KIRUZU,lhglhgl
B000H5W5PQ,lhglhgl
B000GCK8MM,lhglhgl
B000FRS7EY,lhglhgl
B00029WRLE,lhglhgl
B002XM5FUI,lhglhgl
B09WH838FQ,lhglhgl
B091KSPYF9,lhglhgl
B08M49H359,lhglhgl
B08LH56KJS,lhglhgl
B08CGY4P92,lhglhgl
B07MGMZQ5L,lhglhgl
B07KFS18PZ,lhglhgl
B07CGB8Z61,lhglhgl
B01AHFVAJC,lhglhgl
B005OTAX6S,lhglhgl
B000OBIV0G,lhglhgl
B0CQV9JFPY,lhglhgl
B0BRKRPHYV,lhglhgl
B0BCSPQKH1,lhglhgl
B09Y5GSZMW,lhglhgl
B0B7CS2J6R,lhglhgl
B0122NRW8A,lhglhgl
B08MLFLPMP,lhglhgl
B00EKJAA0W,lhglhgl
B0844S5XSZ,lhglhgl
B00IUPOXNW,lhglhgl
B08M5SVXTN,lhglhgl
B08VVZYBT7,lhglhgl
B00LRVK6CS,lhglhgl
B09XTM63N4,lhglhgl
B08N36K48C,lhglhgl
B07HJS9QYY,lhglhgl
B08F9Y9CT3,lhglhgl
B08G8L24M1,lhglhgl
B00NF4UMA6,lhglhgl
B07PRG7MY3,lhglhgl
B01EARK2YM,lhglhgl
B00H0MGSD4,lhglhgl
1635446414,lhglhgl
B0B883LGMV,lhglhgl
B08F4VNGVH,lhglhgl
B000BIX382,lhglhgl
B09HZ3D4ST,lhglhgl
B08N6N9L9X,lhglhgl
B084KKPTKS,lhglhgl
B0924J75KS,lhglhgl
B08J882FT5,lhglhgl
B08HV34KH5,lhglhgl
B0735V6Q4H,lhglhgl
B07G3XHQ42,lhglhgl
B08BTB87D1,lhglhgl
B07DMD7TLH,lhglhgl
B00NTPK19S,lhglhgl
B08N6MM6QL,lhglhgl
B08MFBDFCV,lhglhgl
B09VT6NHPP,lhglhgl
B084JKCSBX,lhglhgl
B07YZ4D9B9,lhglhgl
B005YZ1OA6,lhglhgl
B08RXNFDDM,lhglhgl
B08M3S71D9,lhglhgl
B08L7ZNHGF,lhglhgl
B083W5BJD2,lhglhgl
B07K6FFQGG,lhglhgl
B0794DP6GX,lhglhgl
B078RHNM19,lhglhgl
B01AKCCD0W,lhglhgl
B00LY39A4Y,lhglhgl
B09W4DTFGM,lhglhgl
B09V4B3G3S,lhglhgl
B09T3DGRZL,lhglhgl
B09NGMZJPG,lhglhgl
B09H6KZHQW,lhglhgl
B09FLCY3F6,lhglhgl
B09DBFV82C,lhglhgl
B09CYTLKLL,lhglhgl
B099HGK176,lhglhgl
B09998CGR5,lhglhgl
B098QLS657,lhglhgl
B0969NBQTD,lhglhgl
B094YF9HVY,lhglhgl
B092JN6547,lhglhgl
B091BBR2QX,lhglhgl
B08ZYGD1Q5,lhglhgl
B01E7ID160,lhglhgl
B01DHGIE0G,lhglhgl
B01BWM54KU,lhglhgl
B01BI87WAS,lhglhgl
B013T8JX1G,lhglhgl
B00T57SYI4,lhglhgl
B00SATORJI,lhglhgl
B00PWUHTKW,lhglhgl
B00PM2B9BU,lhglhgl
B00JHN5YMU,lhglhgl
B00J26IZGO,lhglhgl
B00GBVJWYM,lhglhgl
B00CWKNINC,lhglhgl
B00AEXSZGO,lhglhgl
B08ZK9SYN5,lhglhgl
B08Z78JX8Y,lhglhgl
B08Z39CYFQ,lhglhgl
B08YWH9SG6,lhglhgl
B08Y5TND85,lhglhgl
B08XLTQ6MF,lhglhgl
B08RRZKYDM,lhglhgl
B08R9572C8,lhglhgl
B08PJF9QVL,lhglhgl
B08NSR8H11,lhglhgl
B08MVYQGNJ,lhglhgl
B08MJP2XS6,lhglhgl
B08M5Y56NW,lhglhgl
B08LQWF15H,lhglhgl
B08LDVT89B,lhglhgl
B08KYG65R8,lhglhgl
B0838WJ6S8,lhglhgl
B0832Q66GH,lhglhgl
B082395KDH,lhglhgl
B0815XHV4K,lhglhgl
B07X4FFWDH,lhglhgl
B07TMM44TT,lhglhgl
B07T3J2FPJ,lhglhgl
B07QB24FC8,lhglhgl
B07LB8Z9CG,lhglhgl
B07L9SCCCW,lhglhgl
B07L718VP6,lhglhgl
B07GZHFCDP,lhglhgl
B07FRBB42G,lhglhgl
B07FR6QGDC,lhglhgl
B07DB2MJTT,lhglhgl
B07D7J3PM1,lhglhgl
B086Q7J66H,lhglhgl
B086Q793V6,lhglhgl
B086Q74DZ2,lhglhgl
B086Q5V753,lhglhgl
B086PYK9HP,lhglhgl
B0869BTNGW,lhglhgl
B08699WGTK,lhglhgl
B0863HKV42,lhglhgl
B085TRRB9B,lhglhgl
B0855K3ZVD,lhglhgl
B084QFJ86R,lhglhgl
B083X7SWQH,lhglhgl
B083SFHV19,lhglhgl
B083J478HL,lhglhgl
B083BRT29Z,lhglhgl
B0838XNNLZ,lhglhgl
B0796TK446,lhglhgl
B0791LTP35,lhglhgl
B077LYR5SF,lhglhgl
B074XHW4KG,lhglhgl
B071JD6BR3,lhglhgl
B06Y3LDCVH,lhglhgl
B01LOZQXGY,lhglhgl
B019RPRAM4,lhglhgl
B00W6LPK7O,lhglhgl
B00TUHEO2Y,lhglhgl
B00P57XF78,lhglhgl
B00NQ7NVF0,lhglhgl
B00NPDF446,lhglhgl
B00LIWRVI8,lhglhgl
B00L16JD2S,lhglhgl
B00H3T1I66,lhglhgl
B08KRY1XTJ,lhglhgl
B08HWTPBBS,lhglhgl
B08HVL8GPC,lhglhgl
B08HS3XKNZ,lhglhgl
B08HRYY9LQ,lhglhgl
B08HQKS17B,lhglhgl
B08GZVL5TK,lhglhgl
B08G87WQPM,lhglhgl
B08G1WNLXH,lhglhgl
B08DR7G4DB,lhglhgl
B08DD59MC7,lhglhgl
B08C4ZD1TX,lhglhgl
B08B4VN9W4,lhglhgl
B08747CBKP,lhglhgl
B086QLC7DX,lhglhgl
B086Q812N7,lhglhgl
B00GXF5RXG,lhglhgl
B00GXF5IJY,lhglhgl
B00C4VFOSQ,lhglhgl
B00B6DV5RW,lhglhgl
B009S5GZYI,lhglhgl
B009S5FNX2,lhglhgl
B00972G6KK,lhglhgl
B007G4SAYQ,lhglhgl
B006JOLFDC,lhglhgl
B006EKGG76,lhglhgl
B005M4ES7K,lhglhgl
B005DS7BY2,lhglhgl
B00557H8WQ,lhglhgl
B004J30GKS,lhglhgl
B0048IB496,lhglhgl
B0045LAYEC,lhglhgl
B0043NUOW4,lhglhgl
B0041GS3J4,lhglhgl
B003HIES00,lhglhgl
B002FKCOFM,lhglhgl
B002CHDRTA,lhglhgl
B001V2H0FE,lhglhgl
B001U8DES6,lhglhgl
B001C2FSIY,lhglhgl
B0010XQ9JC,lhglhgl
B000VZPTBO,lhglhgl
B000VWXEQ4,lhglhgl
B000V6ZTWW,lhglhgl
B000H5SZU0,lhglhgl
B000EPXDCS,lhglhgl
B000EHH3KY,lhglhgl
B000CHFO6Q,lhglhgl
B0845T3GK9,lhglhgl
B098RWT8JC,lhglhgl
B07YNZ6915,lhglhgl
B0073V8808,lhglhgl
B085PZXYNY,lhglhgl
B07XFGGYLF,lhglhgl
B0845YL17M,lhglhgl
B0B3CKKH8D,lhglhgl
B09W9C68DC,lhglhgl
B08GKKVXMT,lhglhgl
B08K8Y2TMC,lhglhgl
B096PNWTHK,lhglhgl
B07F6MW43C,lhglhgl
B09GXY2YLY,lhglhgl
B092ZDKWXN,lhglhgl
B000CQI202,lhglhgl
B00ROGGZXY,lhglhgl
B08C7SK6N2,lhglhgl
B00CABU8K4,lhglhgl
B07NW5W8MB,lhglhgl
B08PC9G1SZ,lhglhgl
B08LZCHYV4,lhglhgl
B0CCQPVSJN,lhglhgl
B09Y84VVRF,lhglhgl
B08RDJD19R,lhglhgl
B095PD1FG5,lhglhgl
B09V4D3CZM,lhglhgl
B08GSQHH26,lhglhgl
B07WWZMH1G,lhglhgl
B08FBNLBXB,lhglhgl
B00MTZZP5E,lhglhgl
B000I1AQWI,lhglhgl
B092YWBG1C,lhglhgl
B07N7H6G38,lhglhgl
B083R6PHWS,lhglhgl
B019PHGV3I,lhglhgl
B083R45Q1T,lhglhgl
B00DQ1ACQ2,lhglhgl
B07JNRFDB6,lhglhgl
B07GVH8YYX,lhglhgl
B07GX5R8XG,lhglhgl
B08RSR3WF8,lhglhgl
B0131JVNUW,lhglhgl
B086CRXGPL,lhglhgl
B010GPV3RC,lhglhgl
B08SHKGF25,lhglhgl
B00XS916FI,lhglhgl
B09QQ4LSZZ,lhglhgl
B07Z49B2HS,lhglhgl
B07GZV745H,lhglhgl
B0CS12G3ZZ,lhglhgl
B0CRQ8JJFW,lhglhgl
B0C694P54V,lhglhgl
B09Q2GP3G7,lhglhgl
B0999C696W,lhglhgl
B098PFJGYW,lhglhgl
B098HW55JD,lhglhgl
B097JQSNY4,lhglhgl
B0928Y14HH,lhglhgl
B0928WQRX7,lhglhgl
B09235C758,lhglhgl
B0922KD8H1,lhglhgl
B0921NV3JX,lhglhgl
B091MFHVR2,lhglhgl
B07NJ1K6HJ,lhglhgl
B07B3XVBLB,lhglhgl
B08FZNPRFJ,lhglhgl
B08BZHCD76,lhglhgl
B07WK93RPC,lhglhgl
B07RP1NYDF,lhglhgl
B00SZG3A94,lhglhgl
B0BVZKG6XL,lhglhgl
B0BB5442CL,lhglhgl
B08Y86B9QG,lhglhgl
B08MK1TKYC,lhglhgl
B08M1TRW31,lhglhgl
B08L9D8CWZ,lhglhgl
B08K7N6Q1T,lhglhgl
B083R39CXX,lhglhgl
B082TZRY9T,lhglhgl
B091HXQ5YF,lhglhgl
B091359K54,lhglhgl
B08ZY63HQG,lhglhgl
B08YW894VV,lhglhgl
B08YP3LFYF,lhglhgl
B08YJM4YJ2,lhglhgl
B08Y5HNPFY,lhglhgl
B08XW8N4V8,lhglhgl
B08TQ39LSS,lhglhgl
B08RDTRCD9,lhglhgl
B08PPD7J74,lhglhgl
B08PBHXPGZ,lhglhgl
B08NWD1VK4,lhglhgl
B08NTNLZSC,lhglhgl
B08NRGGXLP,lhglhgl
B08N8VDXHJ,lhglhgl
B08N8V2X6M,lhglhgl
B08N66WBB4,lhglhgl
B08N66N5Z7,lhglhgl
B08N61SH57,lhglhgl
B08MWMW1T9,lhglhgl
B08MJYV3YD,lhglhgl
B08MJWQ8QR,lhglhgl
B08MJ1GDPR,lhglhgl
B08MDWKMLP,lhglhgl
B08M92SV2L,lhglhgl
B08M6J9FDR,lhglhgl
B08LK9QLRF,lhglhgl
B08L9WXQSN,lhglhgl
B08L9P68YT,lhglhgl
B08L4CRG3Y,lhglhgl
B08KLD15DD,lhglhgl
B08KKYKCW4,lhglhgl
B08KKXPKR4,lhglhgl
B08KKTKG7K,lhglhgl
B08KJQFC6K,lhglhgl
B08K4JTH7W,lhglhgl
B08JZ2XCNF,lhglhgl
B08JYYJFG3,lhglhgl
B08JS3XTS2,lhglhgl
B08JLTVRB9,lhglhgl
B08JCH66NG,lhglhgl
B08HVP5HGF,lhglhgl
B08HV8D3GS,lhglhgl
B08D39Y6PN,lhglhgl
B08866P8SR,lhglhgl
B0885QX774,lhglhgl
B087N5YT9V,lhglhgl
B087N5MKZ7,lhglhgl
B087MZWMTV,lhglhgl
B087KT6ZRY,lhglhgl
B087CZQ6VT,lhglhgl
B08773CW7S,lhglhgl
B0875S4KCQ,lhglhgl
B08744JDTM,lhglhgl
B08732G5G9,lhglhgl
B086Z5ZXC8,lhglhgl
B086XJMZB7,lhglhgl
B086GZDJGW,lhglhgl
B086FGMPS6,lhglhgl
B086FGMPPD,lhglhgl
B086FFTZ1V,lhglhgl
B086FFTHZ3,lhglhgl
B086FFP4GV,lhglhgl
B086FDQFRY,lhglhgl
B086FDB3WF,lhglhgl
B086FD7RGS,lhglhgl
B086FCQGLQ,lhglhgl
B086FC7HW5,lhglhgl
B086CSYFNF,lhglhgl
B086CSW1L8,lhglhgl
B086CSDLH4,lhglhgl
B086CS79H5,lhglhgl
B086CS33NP,lhglhgl
B086CS33NJ,lhglhgl
B086CS33LQ,lhglhgl
B086CRY3TL,lhglhgl
B086CRW2M1,lhglhgl
B086CR9CQJ,lhglhgl
B086CQRX1G,lhglhgl
B086CQPLKK,lhglhgl
B086CQKQGX,lhglhgl
B086C2DNSG,lhglhgl
B086BFH1YD,lhglhgl
B086BFH19Y,lhglhgl
B086BBBG9C,lhglhgl
B086B9G29C,lhglhgl
B0869C28R2,lhglhgl
B0869BYJK2,lhglhgl
B0868RLXCQ,lhglhgl
B0868LG973,lhglhgl
B0868L3F8C,lhglhgl
B0866PD53L,lhglhgl
B0862XL5JM,lhglhgl
B0862XJ4BS,lhglhgl
B0862XBF3C,lhglhgl
B082XR6FG8,lhglhgl
B082WWC6G6,lhglhgl
B082WW7HK8,lhglhgl
B082VZYBBR,lhglhgl
B07Z36CPNB,lhglhgl
B07YHS57N7,lhglhgl
B07XMCPWQJ,lhglhgl
B07T7X133H,lhglhgl
B07STX2MGH,lhglhgl
B07S29TDPS,lhglhgl
B07QBDLBB3,lhglhgl
B07KBH1WMY,lhglhgl
B07K8RNMVN,lhglhgl
B07DMPYJM4,lhglhgl
B07CZD12F1,lhglhgl
B07CRY44NR,lhglhgl
B085ZCMQTH,lhglhgl
B085KZBLHH,lhglhgl
B085DQ6W8J,lhglhgl
B085724LTV,lhglhgl
B08562QSY8,lhglhgl
B0855YZ5LC,lhglhgl
B0855YS8Y8,lhglhgl
B084P7DDRH,lhglhgl
B084NVM4CP,lhglhgl
B083TX741Q,lhglhgl
B083J69W5C,lhglhgl
B083J5DQXV,lhglhgl
B0836SQKM6,lhglhgl
B08351636D,lhglhgl
B0834ZJHFN,lhglhgl
B0834Z3VHM,lhglhgl
B00MYGEY3M,lhglhgl
B00J9Q5CTU,lhglhgl
B00J3G4CTW,lhglhgl
B00G9AYG32,lhglhgl
B00C57Y7E6,lhglhgl
B00ADZOUKI,lhglhgl
B00945U4K8,lhglhgl
B0084DZ550,lhglhgl
B006JFMP4Y,lhglhgl
B006EKH3Y6,lhglhgl
B006EFNCV4,lhglhgl
B006EFMXHI,lhglhgl
B0067OM3DU,lhglhgl
B0064OVZFA,lhglhgl
B005ITOF8G,lhglhgl
B0058MIISQ,lhglhgl
B0834Z2D53,lhglhgl
B0833QYKHH,lhglhgl
B0833QFNW2,lhglhgl
B0833Q8R8T,lhglhgl
B0833Q3NPB,lhglhgl
B08317NHBB,lhglhgl
B0831626CZ,lhglhgl
B082YRL42X,lhglhgl
B082YRFHKR,lhglhgl
B082YR8JRW,lhglhgl
B082YR4KCT,lhglhgl
B082YQTQ2R,lhglhgl
B082YMQLC7,lhglhgl
B082YLQRXX,lhglhgl
B082YKY94B,lhglhgl
B082XRLRHS,lhglhgl
B01EQDP3B2,lhglhgl
B01E50JV5A,lhglhgl
B01DVV898Y,lhglhgl
B016ZQUM0K,lhglhgl
B015AFMGQA,lhglhgl
B014S5EAIU,lhglhgl
B012U083GK,lhglhgl
B012SQYTYG,lhglhgl
B00ZIL2TWS,lhglhgl
B00YYHN71O,lhglhgl
B00WEWFT9O,lhglhgl
B00WCCUW7A,lhglhgl
B00V3QZLEU,lhglhgl
B00TUH85UG,lhglhgl
B00TUH7Z7K,lhglhgl
B00O4JFKY4,lhglhgl
B0787RQ6QY,lhglhgl
B0787QNB33,lhglhgl
B0787PQR3G,lhglhgl
B077H5XXNK,lhglhgl
B07694PYNP,lhglhgl
B071QX2F42,lhglhgl
B071LQSJSX,lhglhgl
B01NAIHDWB,lhglhgl
B01N9SGRNS,lhglhgl
B01N2QLAO5,lhglhgl
B01MXKBIDX,lhglhgl
B01LLB31YI,lhglhgl
B01KX7QX82,lhglhgl
B01KX7QTDG,lhglhgl
B01JTLOAI8,lhglhgl
B01EQDT51G,lhglhgl
B004BKK3HK,lhglhgl
B003H7AX5K,lhglhgl
B002SOZUME,lhglhgl
B002EJBZEA,lhglhgl
B001L1GO16,lhglhgl
B0012BUOS4,lhglhgl
B000UG1MWO,lhglhgl
B000OBA3L6,lhglhgl
B000G2L358,lhglhgl
B0002RVRX0,lhglhgl
1635448093,lhglhgl
B013AWBKSU,lhglhgl
B001VD5L3G,lhglhgl
B087CBZBMM,lhglhgl
B08K3YLXXN,lhglhgl
B00RPPC6T6,lhglhgl
B013IMI87I,lhglhgl
B08ZXPXG6R,lhglhgl
B09MFKV1VK,lhglhgl
B07Z3N7D9R,lhglhgl
B01N9DM53Z,lhglhgl
B08CDCMZBL,lhglhgl
B095JNY23J,lhglhgl
B087F19ZKT,lhglhgl
B0869QQFM6,lhglhgl
B000CSWOTK,lhglhgl
B09R7Y9CZF,lhglhgl
B08239TJ9L,lhglhgl
B00H121BF8,lhglhgl
B0CMX9JY1M,lhglhgl
B07XRBWJZZ,lhglhgl
B000NV2EV4,lhglhgl
B07XQS4FY5,lhglhgl
B071R6B9WL,lhglhgl
B07R3CM5BH,lhglhgl
B082ZC13Q3,lhglhgl
B07LFVJH6D,lhglhgl
B07CZKWKR6,lhglhgl
B07FS1MV1K,lhglhgl
B08KQ3K38V,lhglhgl
B01FC96HT6,lhglhgl
B09TNBFF73,lhglhgl
B08LLGPY7L,lhglhgl
B08GWVJD56,lhglhgl
B07XM82Q6B,lhglhgl
B0852MX4F6,lhglhgl
B09WSG94ZK,lhglhgl
B089ZX861P,lhglhgl
B07SQ58R9R,lhglhgl
B007H2Q77E,lhglhgl
B091F1KY35,lhglhgl
B08LSQ3M3S,lhglhgl
B0722B1DG7,lhglhgl
B096NW911H,lhglhgl
B084KSNWBN,lhglhgl
B005ZV7LNS,lhglhgl
B07DCQ1DWX,lhglhgl
B08ZMM4KNR,lhglhgl
B08Y6PD4J9,lhglhgl
B0BYRMCB9R,lhglhgl
B09ZGG43PM,lhglhgl
B09TR9T6D5,lhglhgl
B09QKF55N2,lhglhgl
B09PN4MBF5,lhglhgl
B09HXFN9G3,lhglhgl
B09HVBZJL5,lhglhgl
B09HVB7N1N,lhglhgl
B09HBVW19X,lhglhgl
B09CF1VRQ8,lhglhgl
B09BQFMZ11,lhglhgl
B09BF6TMQG,lhglhgl
B099N8MZYF,lhglhgl
B096QW7CLN,lhglhgl
B096QVHTJ6,lhglhgl
B095RSYMHW,lhglhgl
B08QYPJ7YG,lhglhgl
B08QYG6QLC,lhglhgl
B08QY862HZ,lhglhgl
B08QY6CFGV,lhglhgl
B08QY65YNR,lhglhgl
B08QY63QLK,lhglhgl
B08QY59G9J,lhglhgl
B08QY3WFG2,lhglhgl
B08QY38DQV,lhglhgl
B08QY36VPJ,lhglhgl
B08QXZQJ1S,lhglhgl
B08QXTJ67C,lhglhgl
B08NS29G4T,lhglhgl
B08N9JNVZ5,lhglhgl
B08N71WM74,lhglhgl
B08MJYPSX6,lhglhgl
B08M443W1B,lhglhgl
B08LQTF5HN,lhglhgl
B08LNJZ1KF,lhglhgl
B08LNBZR8R,lhglhgl
B08LDDJKRC,lhglhgl
B08L99GWXS,lhglhgl
B08L99DPGB,lhglhgl
B08L69YRL7,lhglhgl
B08L5XF7G3,lhglhgl
B08KXJRKGW,lhglhgl
B08KJGBNNW,lhglhgl
B08KD1HPJK,lhglhgl
B08JXWZS37,lhglhgl
B08JKWLGVF,lhglhgl
B08JHBMYGQ,lhglhgl
B08JD4R2J4,lhglhgl
B0009JMKSW,lhglhgl
B09HGJKJ87,lhglhgl
B08R6Z55N3,lhglhgl
B08M2G2BDD,lhglhgl
B08LVV3TLQ,lhglhgl
B08LP41TGN,lhglhgl
B08L49MDZK,lhglhgl
B07VG547YP,lhglhgl
B00WBZRV2W,lhglhgl
B0B5DVS2WW,lhglhgl
B09PLKLSV7,lhglhgl
B0913GC5ZT,lhglhgl
B08SHPKC32,lhglhgl
B08N68FG2Z,lhglhgl
B00FQIT570,lhglhgl
B0C7G89Q9Q,lhglhgl
B095R6GNQM,lhglhgl
B09176HPWD,lhglhgl
B0916WCJ6C,lhglhgl
B08ZXNZBD1,lhglhgl
B08Z3JYM2S,lhglhgl
B08YRJJ9R1,lhglhgl
B08WXFD8WQ,lhglhgl
B08SBNV9RV,lhglhgl
B08RJDPKBB,lhglhgl
B08QYYJ7XY,lhglhgl
B08QYVSF8Q,lhglhgl
B08QYVS8DP,lhglhgl
B08QYTBNSF,lhglhgl
B08QYT7FDR,lhglhgl
B08QYRHHQK,lhglhgl
B08QYPR5N6,lhglhgl
B085WNF1CJ,lhglhgl
B085R43XQQ,lhglhgl
B085PGSZNK,lhglhgl
B085DGXQG4,lhglhgl
B084TDTTG6,lhglhgl
B084RR38C2,lhglhgl
B084LVD92J,lhglhgl
B083TMCMR8,lhglhgl
B083Q6PN3B,lhglhgl
B083NHYPG9,lhglhgl
B083MX2LHC,lhglhgl
B083J5Z3V3,lhglhgl
B0833PVC8L,lhglhgl
B082GJBBFW,lhglhgl
B082891WMV,lhglhgl
B081BS8TLB,lhglhgl
B08JCRGVRY,lhglhgl
B08HVH5YR1,lhglhgl
B08HTZNJCV,lhglhgl
B08HRXTDM5,lhglhgl
B08FCF9Y6L,lhglhgl
B08D63MV1P,lhglhgl
B08C7SNQ1Q,lhglhgl
B089VQYF3P,lhglhgl
B0875ZSRDC,lhglhgl
B086WPG2JM,lhglhgl
B086HLYD34,lhglhgl
B086HK39Z3,lhglhgl
B086HK2ZX9,lhglhgl
B086HC772Q,lhglhgl
B086BVK1BZ,lhglhgl
B0869B6JWC,lhglhgl
B008L3SRJO,lhglhgl
B0089KMLHS,lhglhgl
B0082K8BTM,lhglhgl
B006MKEBAC,lhglhgl
B004WQ1N72,lhglhgl
B0042D87Z6,lhglhgl
B0041P5NDE,lhglhgl
B003J5CALA,lhglhgl
B002YDRF86,lhglhgl
B002TNQPB4,lhglhgl
B0012VT1TW,lhglhgl
B000VKEAUA,lhglhgl
B000UKIVWE,lhglhgl
B000UGR048,lhglhgl
B000LEW31E,lhglhgl
B000JU1EXI,lhglhgl
B07WQJNV3D,lhglhgl
B07VZKPRYT,lhglhgl
B07VWZ7LFS,lhglhgl
B07VWXRRWY,lhglhgl
B07STT2HSR,lhglhgl
B07RW6CFXQ,lhglhgl
B07QYWWD4J,lhglhgl
B07QPSHRWS,lhglhgl
B07QPSHKWT,lhglhgl
B07Q4R91GN,lhglhgl
B07PLHP1R6,lhglhgl
B07P7XTZ56,lhglhgl
B07NLMT71X,lhglhgl
B07HVQGHX8,lhglhgl
B07H1MK1MK,lhglhgl
B07BTSTNYC,lhglhgl
B079Y9FDZ5,lhglhgl
B078LX4VYR,lhglhgl
B0759HK3S1,lhglhgl
B0758C15BR,lhglhgl
B0751PWNHP,lhglhgl
B074SFKXDT,lhglhgl
B01J4PLNSY,lhglhgl
B01GVTCEE8,lhglhgl
B01AUKKSTW,lhglhgl
B019EKB94W,lhglhgl
B018Y0KGA6,lhglhgl
B012W85JMQ,lhglhgl
B012EFOC3O,lhglhgl
B00TO696QK,lhglhgl
B00SAF2N0M,lhglhgl
B00S2EYDZO,lhglhgl
B00RJTE0JM,lhglhgl
B00QMW9TW0,lhglhgl
B00K0JUZDI,lhglhgl
B00J9H9IE4,lhglhgl
B00J1SY4SG,lhglhgl
B00I47MMXE,lhglhgl
B00GRT2VGY,lhglhgl
B00C4TS6I8,lhglhgl
B00C3YYMU0,lhglhgl
B00BY5ZV4U,lhglhgl
B00BMTZTFO,lhglhgl
B00B22DV4W,lhglhgl
B00ATZITNG,lhglhgl
B009S5HYPC,lhglhgl
B009S5E0G8,lhglhgl
B009DNMXJG,lhglhgl
B01MSJ2BEY,lhglhgl
B08J1HZRW8,lhglhgl
B08XM5NY89,lhglhgl
B01GSFFDUM,lhglhgl
B01HH6WETO,lhglhgl
B013AWCEYO,lhglhgl
B000CQ21O0,lhglhgl
B000CP8ND4,lhglhgl
B000CAYUBS,lhglhgl
B00XN7GXI0,lhglhgl
B00VIO9WRO,lhglhgl
B0798LLZ8F,lhglhgl
B003JH8THC,lhglhgl
B00G4TL9C4,lhglhgl
B083LBRP4K,lhglhgl
B07WKVK79L,lhglhgl
B006INROOI,lhglhgl
B007O3RZVI,lhglhgl
B09PRBBH6P,lhglhgl
B0876LYYLQ,lhglhgl
B08TQ9Y9DK,lhglhgl
B012TJGNPU,lhglhgl
B09VY24PWN,lhglhgl
B09YHGHR21,lhglhgl
B09GXHFBNK,lhglhgl
B08PZ7H89P,lhglhgl
B08BY7PLN5,lhglhgl
B001BKVWK0,lhglhgl
B0011367VG,lhglhgl
B09BTLYP7G,lhglhgl
B00K04P8NK,lhglhgl
B091MW8DQX,lhglhgl
B08VR1DQ6P,lhglhgl
B08JLXQ6KK,lhglhgl
B01IVTI7J2,lhglhgl
B086T26MPH,lhglhgl
B07R2M448D,lhglhgl
B07GXHTK34,lhglhgl
B09CWS1BNT,lhglhgl
B08PBWJLZL,lhglhgl
B09C4BZ7BH,lhglhgl
B00VIDJBXK,lhglhgl
B0011367TS,lhglhgl
B01N8S3MXR,lhglhgl
B08CZ5NLM1,lhglhgl
B08QZ2RNMT,lhglhgl
B08LVSYSDB,lhglhgl
B0799Q9LXC,lhglhgl
B00031YBGA,lhglhgl
B07J6N2XNM,lhglhgl
B0B93X4SKH,lhglhgl
B00RAQXD8I,lhglhgl
B09VY9Z9JT,lhglhgl
B0011367W0,lhglhgl
B01JRT4UVY,lhglhgl
B08ZDM7X89,lhglhgl
B07C7YFM5F,lhglhgl
B09R1GH7QK,lhglhgl
B091MMJKKS,lhglhgl
B00SLZNQ02,lhglhgl
B08H846J8B,lhglhgl
B08GY45J36,lhglhgl
B09PV4H6QQ,lhglhgl
B08KZZSG3G,lhglhgl
B012TJCXF4,lhglhgl
B07W13CFG4,lhglhgl
B00751WOJW,lhglhgl
B08MXT353H,lhglhgl
B003IBT5S6,lhglhgl
B07BH5W996,lhglhgl
B004WXQ5B4,lhglhgl
B000QCZQ38,lhglhgl
B00WV79W40,lhglhgl
B002SOV5BO,lhglhgl
B083HPHMZT,lhglhgl
B09TY9MXHG,lhglhgl
B00IUPP8MW,lhglhgl
B012RG9JKQ,lhglhgl
B000GRUQLK,lhglhgl
B08TYCPVX2,lhglhgl
B000CISLSI,lhglhgl
B00SXHJD50,lhglhgl
B012TJCW0A,lhglhgl
B08FL17KDC,lhglhgl
B008I5OB7C,lhglhgl
B092Q41HS2,lhglhgl
B09JS73W27,lhglhgl
B005T6Q162,lhglhgl
B097Y8KJTP,lhglhgl
B00144DIKA,lhglhgl
B0006JLTU0,lhglhgl
B0928Y9MP5,lhglhgl
B08Y67B8M7,lhglhgl
B01LNSPM5A,lhglhgl
B008S9NAY8,lhglhgl
B0849JGPH6,lhglhgl
B07PJYBWMQ,lhglhgl
B0995MGZLB,lhglhgl
B00IOHS5JY,lhglhgl
B08JM7ZZ8M,lhglhgl
B00DQ1F1KE,lhglhgl
B00IOHQKAU,lhglhgl
B08HND1DGP,lhglhgl
B000IEC6IM,lhglhgl
B07S7ZGVXC,lhglhgl
B07TJDR8W5,lhglhgl
B00U2DYT66,lhglhgl
B06XRBQG5Y,lhglhgl
B0012E2I6W,lhglhgl
B00029WRJQ,lhglhgl
B097Y7G6LM,lhglhgl
B079TMLP5P,lhglhgl
B005ESP7KQ,lhglhgl
B097Y715M8,lhglhgl
B085DQL9NX,lhglhgl
B07GSJ8HM1,lhglhgl
B01L4OS6X8,lhglhgl
B079Q1DBNG,lhglhgl
B00LVRRDSS,lhglhgl
B077G97GGJ,lhglhgl
B000FGZKWC,lhglhgl
B08S3Q9PQC,lhglhgl
B000UDJDS2,lhglhgl
B08M2D4YHQ,lhglhgl
B091H3R31L,lhglhgl
B0813CX5D9,lhglhgl
B07XNRMG9F,lhglhgl
B07ZG1QMB5,lhglhgl
B0794RKXMX,lhglhgl
B07XK92RXY,lhglhgl
B001CRMMLA,lhglhgl
B07DR3VMDN,lhglhgl
B092YGF5ZV,lhglhgl
B01JKZC3JQ,lhglhgl
B08XC5PKM2,lhglhgl
B09T4TB95Q,lhglhgl
B07ZG1ZGJ6,lhglhgl
B087L48BW2,lhglhgl
B09WH1R7SH,lhglhgl
B08L1HQPJX,lhglhgl
B00MX31WDQ,lhglhgl
B001G6K872,lhglhgl
B00VAIG618,lhglhgl
B00K04Q6R2,lhglhgl
B08JG6PJY8,lhglhgl
B09YGDWWRK,lhglhgl
B0BMLGF9NK,lhglhgl
B0C146ZPP8,lhglhgl
B099C5Q5S1,lhglhgl
B000ZRUFAI,lhglhgl
B09HTXHKPV,lhglhgl
B08JNQRTQ4,lhglhgl
B01JKZDLP6,lhglhgl
B08JHSWZZV,lhglhgl
B00T6JF6T6,lhglhgl
B07V1JKQ8M,lhglhgl
B0CKM1ZYNC,lhglhgl
B07NKNPYX8,lhglhgl
B08GYFSS73,lhglhgl
B07H9XWLDR,lhglhgl
B06ZZXZZ2V,lhglhgl
B07D525XWY,lhglhgl
B09Q7XY1H8,lhglhgl
B07D269RLF,lhglhgl
B082K91PK3,lhglhgl
B07BD63C1C,lhglhgl
B07NPYMG92,lhglhgl
B075WPW1HF,lhglhgl
B08SQKLFLF,lhglhgl
B01E0DWCXU,lhglhgl
B08HSP7NGN,lhglhgl
B0162RDGM8,lhglhgl
B002FYCMPA,lhglhgl
B00XRDYM2O,lhglhgl
B00ND88TR2,lhglhgl
B00P0V78YU,lhglhgl
B07QM27GW8,lhglhgl
B00IWHJBIU,lhglhgl
B001F0KG1C,lhglhgl
B00AEE61TG,lhglhgl
B078R7M4W9,lhglhgl
B008727RGI,lhglhgl
B07VZ19NDD,lhglhgl
B0041X19MK,lhglhgl
B0852LWDNR,lhglhgl
B00EZVNXQS,lhglhgl
B07611S341,lhglhgl
B0057FF062,lhglhgl
B079VVKBXM,lhglhgl
B0947BDSYP,lhglhgl
B08GFB3F3D,lhglhgl
B07BGF54F4,lhglhgl
B01HQI1TLW,lhglhgl
B004Q7F030,lhglhgl
B09XWK4G7N,lhglhgl
B09R5XB3DB,lhglhgl
B01HTL3LWG,lhglhgl
B09QWW9NP8,lhglhgl
B09GD27PBC,lhglhgl
B08YM1DQJS,lhglhgl
B08KHSYKDW,lhglhgl
B08CBM4M85,lhglhgl
B087BT6QNZ,lhglhgl
B085RK2GZC,lhglhgl
B081DW12YL,lhglhgl
B07TGWTTMB,lhglhgl
B079TPZ3MM,lhglhgl
B01NH15TFA,lhglhgl
B0BKT6RQDZ,lhglhgl
B0B7JNYKK8,lhglhgl
B0B7JMMPYJ,lhglhgl
B0B7JFCCM1,lhglhgl
B0B7JFCB26,lhglhgl
B0B7JBYHLN,lhglhgl
B0B5XB7PKP,lhglhgl
B09YK7R6FF,lhglhgl
B09W4HYQ5X,lhglhgl
B09VKDYQ1H,lhglhgl
B09VKDX42B,lhglhgl
B09V293Q7P,lhglhgl
B09TKC25MN,lhglhgl
B09QT4B2YG,lhglhgl
B09P4VMRPZ,lhglhgl
B09K3YWBF8,lhglhgl
B09H3Q64BX,lhglhgl
B09GBQP77M,lhglhgl
B09FLJDYRF,lhglhgl
B099N5DGRM,lhglhgl
B098JRZTN5,lhglhgl
B0964H5HBZ,lhglhgl
B093P62SS4,lhglhgl
B092MWVJVZ,lhglhgl
B092HT17GC,lhglhgl
B092FPH8TQ,lhglhgl
B09222C9LK,lhglhgl
B0921PY22R,lhglhgl
B0921CQMFQ,lhglhgl
B091ZRVXPX,lhglhgl
B091TNGJYY,lhglhgl
B091G2HF96,lhglhgl
B08ZDTQJFJ,lhglhgl
B08YM9RTBG,lhglhgl
B08Y918NWH,lhglhgl
B08Y8512B2,lhglhgl
B08XTS1XY9,lhglhgl
B08VF3Q4L7,lhglhgl
B08SMJ46S9,lhglhgl
B08SJ1M6Y1,lhglhgl
B08QYW8DV4,lhglhgl
B08QW8FK41,lhglhgl
B08Q3NL268,lhglhgl
B08PZGVH6T,lhglhgl
B08P3NMZ9W,lhglhgl
B08NGT6F9F,lhglhgl
B08NB228VB,lhglhgl
B08N9PD554,lhglhgl
B08N9P5WXB,lhglhgl
B08N9MM6SF,lhglhgl
B08N9664T7,lhglhgl
B08N8ZLQ42,lhglhgl
B08N8N2KQ4,lhglhgl
B08N3RLQX6,lhglhgl
B08N3QPFQN,lhglhgl
B08N3KX49Q,lhglhgl
B08N3JJKD3,lhglhgl
B08N3FYSZH,lhglhgl
B08N3DKZ8S,lhglhgl
B08N3BQSGG,lhglhgl
B08MWQ69VQ,lhglhgl
B08ML1ZMMZ,lhglhgl
B08MJGT6H2,lhglhgl
B08MCDYWX8,lhglhgl
B08LQT5MPC,lhglhgl
B08LQST9GV,lhglhgl
B08LNDB8C3,lhglhgl
B08L8DFZPX,lhglhgl
B08L8BRTPD,lhglhgl
B08L74W86S,lhglhgl
B08L73XY6S,lhglhgl
B08L73MGL2,lhglhgl
B08L73JRJL,lhglhgl
B08L7394DC,lhglhgl
B08L72KDJW,lhglhgl
B08L72DTT2,lhglhgl
B08L6ZX5HV,lhglhgl
B08L6ZN8K7,lhglhgl
B08L5WCYQ8,lhglhgl
B08L5QPJCY,lhglhgl
B08L5QHG5V,lhglhgl
B08L5QF685,lhglhgl
B08L5PZ91W,lhglhgl
B08L5P9B69,lhglhgl
B08L5P8BK5,lhglhgl
B08L5P5KX2,lhglhgl
B08L5P4D6T,lhglhgl
B08L5NRL9X,lhglhgl
B08L5NL4JV,lhglhgl
B08L5NJTH2,lhglhgl
B08L5NH5D5,lhglhgl
B08L5MG547,lhglhgl
B08KSPPH5H,lhglhgl
B08KKK59CM,lhglhgl
B08K3MZ3VP,lhglhgl
B08JVJM1W3,lhglhgl
B08J8BQLX6,lhglhgl
B08J8BNZ17,lhglhgl
B08J5DL891,lhglhgl
B07P7GWDXZ,lhglhgl
B07P1GFTXB,lhglhgl
B07N4KZDTF,lhglhgl
B07MXPJLZH,lhglhgl
B07K1TDRJJ,lhglhgl
B07JGJ8Z5T,lhglhgl
B07J9ML3Y4,lhglhgl
B07GHZ6T85,lhglhgl
B07F2J4YCJ,lhglhgl
B07F2332P8,lhglhgl
B07F21N6TG,lhglhgl
B07DVT65PN,lhglhgl
B07DVNYMC4,lhglhgl
B07DVNCS4J,lhglhgl
B07DVN154J,lhglhgl
B07DVM1S6S,lhglhgl
B07DNGTZLG,lhglhgl
B07DNGTW93,lhglhgl
B07DNGRXDY,lhglhgl
B07DNGQTVD,lhglhgl
B07DNGPGSK,lhglhgl
B07DNGP3CK,lhglhgl
B07DNG3TVY,lhglhgl
B07DNFWBK1,lhglhgl
B07DFV2XYH,lhglhgl
B07DFTD581,lhglhgl
B07D7HCZFD,lhglhgl
B07D2JLQJ9,lhglhgl
B076WCC8FB,lhglhgl
B075RBB86C,lhglhgl
B075MQC4Y2,lhglhgl
B072KFP39F,lhglhgl
B08HW1XX18,lhglhgl
B08HSTP4SV,lhglhgl
