item,source
B08HSLB5P6,lhglhgl
B08FRQ79TZ,lhglhgl
B08CSZC4ZV,lhglhgl
B08BTJK4CJ,lhglhgl
B08BRMW98V,lhglhgl
B087YN1N7V,lhglhgl
B086YMK7P7,lhglhgl
B086WG9616,lhglhgl
B084WH3S26,lhglhgl
B084LGW1BP,lhglhgl
B07XMFSWZW,lhglhgl
B07V42Q9ZF,lhglhgl
B07PSKJX2S,lhglhgl
B07PQYZG9C,lhglhgl
B06XRYJLYL,lhglhgl
B01N40YSO0,lhglhgl
B01M6DFVNP,lhglhgl
B01KW55HGO,lhglhgl
B01KG7YV2Y,lhglhgl
B01K827FSO,lhglhgl
B01JKZ1N9W,lhglhgl
B01IVP6V5S,lhglhgl
B01HHFSARK,lhglhgl
B01DJJVT6M,lhglhgl
B017A1LECY,lhglhgl
B0118FQOZA,lhglhgl
B0108V72NS,lhglhgl
B00XKCFY74,lhglhgl
B00WCCVMJM,lhglhgl
B00VSEZJTO,lhglhgl
B00V5I7SZG,lhglhgl
B00V1DUVQS,lhglhgl
B00SRURYNQ,lhglhgl
B00S04708I,lhglhgl
B00IHZVP5E,lhglhgl
B00IHLYSRU,lhglhgl
B00GSGP302,lhglhgl
B00DW91LR2,lhglhgl
B00DVGP4QK,lhglhgl
B00D9TJ6QI,lhglhgl
B00D5RM1NO,lhglhgl
B00CJQ1MRI,lhglhgl
B00B6COYRQ,lhglhgl
B00B4ZJB50,lhglhgl
B00AQMONK0,lhglhgl
B009166DGO,lhglhgl
B0082KC2VK,lhglhgl
B007AD51FY,lhglhgl
B0074679V6,lhglhgl
B00723CMKY,lhglhgl
B006JCM1UU,lhglhgl
B006EFMQUM,lhglhgl
B0061G8UAE,lhglhgl
B005K94KXE,lhglhgl
B005IYNMSA,lhglhgl
B005GN501U,lhglhgl
B003VWMWVO,lhglhgl
B003KVF4C0,lhglhgl
B0037XKUY8,lhglhgl
B002O8GBF4,lhglhgl
B002MR9FRS,lhglhgl
B002LML4WI,lhglhgl
B002E2MGM2,lhglhgl
B000I6MCPM,lhglhgl
B000CQ4BFW,lhglhgl
B000CQ4AS0,lhglhgl
B000CQ24LK,lhglhgl
B000CHFNVM,lhglhgl
1619928981,lhglhgl
B0B2ZMHKRV,lhglhgl
B007ZDQW1G,lhglhgl
B00YJGQYQA,lhglhgl
B08LB41SY5,lhglhgl
B07Z37147D,lhglhgl
B07D4S27LJ,lhglhgl
B0BKGCB18T,lhglhgl
B08N5LTDDR,lhglhgl
B0833MM9V7,lhglhgl
B07K1NRFSW,lhglhgl
B079W4N992,lhglhgl
B00TXOCUWU,lhglhgl
B07BFLC7CR,lhglhgl
B0916CV6RG,lhglhgl
B09QBHP8WB,lhglhgl
B09QXMP1P3,lhglhgl
B01KMOZ2D8,lhglhgl
B00QMSO622,lhglhgl
B0871M666N,lhglhgl
B08J1KW925,lhglhgl
B0939NZ79M,lhglhgl
B07HMYMHXX,lhglhgl
B08KL6C885,lhglhgl
B08L2L1NFP,lhglhgl
B07D51GCWZ,lhglhgl
B08BW6MNPD,lhglhgl
B09VBDBH2C,lhglhgl
B006GJMOJ4,lhglhgl
B0B629TGQD,lhglhgl
B098N2CGP5,lhglhgl
B07W4SXSJS,lhglhgl
B08BSTH1XL,lhglhgl
B0052ZVYRQ,lhglhgl
B08XC6HCM8,lhglhgl
B00OU24U2I,lhglhgl
B08PTZBY8G,lhglhgl
B07DCRDL9R,lhglhgl
B00SLZLBKO,lhglhgl
B089QQ7VVX,lhglhgl
B003KXAHKW,lhglhgl
B0042T5GYU,lhglhgl
B076DN7CBK,lhglhgl
B07KLMSN8V,lhglhgl
B08DFTHH6D,lhglhgl
B007PS229M,lhglhgl
B086SW26DQ,lhglhgl
B09X8GZNMK,lhglhgl
B07S52SKM2,lhglhgl
B09TPR61DZ,lhglhgl
B06XS7FKFR,lhglhgl
B01DEIAVNK,lhglhgl
B0106NV12Q,lhglhgl
B09YJ485X5,lhglhgl
B00OUSPJ8G,lhglhgl
B015NRQ6OS,lhglhgl
B0041X5S86,lhglhgl
B08TCJXXMV,lhglhgl
B099BJ558R,lhglhgl
B0725KK8B2,lhglhgl
B08L4LWD2C,lhglhgl
B00EZVNXMM,lhglhgl
B07T91K623,lhglhgl
1574899643,lhglhgl
B07R54VSLN,lhglhgl
B087F11H5J,lhglhgl
B07JLTWTRQ,lhglhgl
B07DF7QSZC,lhglhgl
B07J33MRXQ,lhglhgl
B081BT3DYG,lhglhgl
B00AEE61LE,lhglhgl
B075848TRP,lhglhgl
B004UUHLZ8,lhglhgl
B08W2TQGLT,lhglhgl
B00RSPPW4E,lhglhgl
B00DED49C0,lhglhgl
B08ZNF1VBS,lhglhgl
B084D844GM,lhglhgl
B075QDFD4R,lhglhgl
B00KNC4JIO,lhglhgl
B07BFVLW98,lhglhgl
B0BFR4YDJY,lhglhgl
B0BCR24KLJ,lhglhgl
B0B7JN8G5J,lhglhgl
B0B7JDKMNR,lhglhgl
B0B7JB1T55,lhglhgl
B0B28G8XRL,lhglhgl
B09TL6LWL9,lhglhgl
B09QPDZXWG,lhglhgl
B09PB54KRJ,lhglhgl
B09JBYX1X6,lhglhgl
B09HGV2XS4,lhglhgl
B09FSWQQN2,lhglhgl
B09C8DBL9X,lhglhgl
B09C5NTSFQ,lhglhgl
B098R8TJ69,lhglhgl
B098NY57FR,lhglhgl
B097Z2H7L8,lhglhgl
B096T1WC23,lhglhgl
B092MN69YY,lhglhgl
B092HY633K,lhglhgl
B092DCJ7HB,lhglhgl
B0925V9S3H,lhglhgl
B0915VLD7W,lhglhgl
B08YYJXJS3,lhglhgl
B08X4KGBYF,lhglhgl
B08X189XNX,lhglhgl
B08VVWRDRZ,lhglhgl
B08THLM5QK,lhglhgl
B08SFK3R4N,lhglhgl
B08R6GZ3PJ,lhglhgl
B08R6GZ2X8,lhglhgl
B08R13NPWD,lhglhgl
B08PZGVC17,lhglhgl
B08PMY4ZXH,lhglhgl
B08NTH4JTW,lhglhgl
B08MHDLJ8P,lhglhgl
B08M8VHLW8,lhglhgl
B08LXWZFBK,lhglhgl
B08LXTHG3H,lhglhgl
B08LXRGN94,lhglhgl
B08LX85MZD,lhglhgl
B08LX7WHRV,lhglhgl
B08LX7S1JQ,lhglhgl
B08LX1D2HT,lhglhgl
B08LWYVRD3,lhglhgl
B08LS96W4N,lhglhgl
B08LQYV4RB,lhglhgl
B08LQVNRQ9,lhglhgl
B08LQVKNS1,lhglhgl
B08LQTVRKD,lhglhgl
B08LQTS7S9,lhglhgl
B08LQTMBRW,lhglhgl
B08LQTHPPP,lhglhgl
B08LQT729V,lhglhgl
B08LQT352V,lhglhgl
B08LQS5SV6,lhglhgl
B08LQS3FPN,lhglhgl
B08LQR42RV,lhglhgl
B08LQQNGQ1,lhglhgl
B08LQQ951Z,lhglhgl
B08LK3YYW3,lhglhgl
B08L5VSSNL,lhglhgl
B08L43DYKY,lhglhgl
B079D4RMY1,lhglhgl
B08RWQRGT1,lhglhgl
B08L84FSSM,lhglhgl
B08K2449JZ,lhglhgl
B08H21Q49H,lhglhgl
B07TCQBYFJ,lhglhgl
B013XHMTZ0,lhglhgl
B00TOGA61Y,lhglhgl
B00B84JFH6,lhglhgl
B00B4ZJ7JA,lhglhgl
B09PF51NMH,lhglhgl
B09JDL9MQ2,lhglhgl
B07GZSST4J,lhglhgl
B0CP1MQ86H,lhglhgl
B0CHX42KL7,lhglhgl
B0C68Z4719,lhglhgl
B08L43C1VJ,lhglhgl
B08L4365F8,lhglhgl
B08L18QS7Q,lhglhgl
B08KPJQ2WY,lhglhgl
B08KFH8QX8,lhglhgl
B08JYDDCY2,lhglhgl
B08JKD59RL,lhglhgl
B08JHBYD9R,lhglhgl
B08HSKR82Q,lhglhgl
B08HRDP858,lhglhgl
B08G4BV6ZL,lhglhgl
B08FZPL1S4,lhglhgl
B08FXRB9BZ,lhglhgl
B08DRSPBKM,lhglhgl
B08D7SW3V9,lhglhgl
B08CDP196J,lhglhgl
B086YQ1JZJ,lhglhgl
B086M8KHY1,lhglhgl
B085WN4Q9T,lhglhgl
B085RLWT2G,lhglhgl
B085R45XSM,lhglhgl
B0851WR331,lhglhgl
B084YTT9ZV,lhglhgl
B084KKG1MH,lhglhgl
B083XH8MD4,lhglhgl
B083THLV3V,lhglhgl
B083Q57FRC,lhglhgl
B0838361QZ,lhglhgl
B0834CSRJJ,lhglhgl
B082KZG5J6,lhglhgl
B082DNTKB6,lhglhgl
B081GG8L8F,lhglhgl
B081GDZDT7,lhglhgl
B081GDGL15,lhglhgl
B081GDFHM7,lhglhgl
B081G9CCPD,lhglhgl
B081G8LB3M,lhglhgl
B081B96LXN,lhglhgl
B081B8C1RS,lhglhgl
B081B7XPL6,lhglhgl
B081B7TY27,lhglhgl
B07YKWYPNF,lhglhgl
B07XZPW4ZV,lhglhgl
B07XZNNYFJ,lhglhgl
B07XYNLB35,lhglhgl
B07XYNL9YZ,lhglhgl
B07XSRVKWD,lhglhgl
B07XS6YRW2,lhglhgl
B07R3Y2KBF,lhglhgl
B07QJVJJLQ,lhglhgl
B07QFBQYXX,lhglhgl
B07QC8Y5YN,lhglhgl
B07PJGF8LQ,lhglhgl
B07K6R5NN2,lhglhgl
B07F6QCQWN,lhglhgl
B07F19NQH3,lhglhgl
B07DDGTYB7,lhglhgl
B07BH3K4P7,lhglhgl
B079CPY5RM,lhglhgl
B0797YJX1F,lhglhgl
B0788Q6RSG,lhglhgl
B077C9MHLN,lhglhgl
B077BRKBDK,lhglhgl
B076QVB53J,lhglhgl
B007ZDNAPC,lhglhgl
B006OJO2YQ,lhglhgl
B0068W1ZKS,lhglhgl
B0068PNONQ,lhglhgl
B0067OLCW8,lhglhgl
B005GN50WY,lhglhgl
B00556W5WA,lhglhgl
B0051V8EDS,lhglhgl
B0051US632,lhglhgl
B004VG0TMI,lhglhgl
B004JEV2DW,lhglhgl
B003Y3SGMO,lhglhgl
B003XX3FAI,lhglhgl
B003TQ4OKE,lhglhgl
B003TPMINU,lhglhgl
B003FGIOFY,lhglhgl
B074S95CML,lhglhgl
B0743LZ3WP,lhglhgl
B073V45NRX,lhglhgl
B0736F8DCM,lhglhgl
B0731W51TQ,lhglhgl
B0721L8DLV,lhglhgl
B07124XXGF,lhglhgl
B01KW50HGY,lhglhgl
B01K9M3YP6,lhglhgl
B01JKZBHLG,lhglhgl
B01IVXRO42,lhglhgl
B01HSFN9Y8,lhglhgl
B014SFHRBC,lhglhgl
B014RRJP2K,lhglhgl
B011BTER84,lhglhgl
B00YWCV1J6,lhglhgl
B00X4TUKEU,lhglhgl
B00X0ULDPI,lhglhgl
B00VSEZNOA,lhglhgl
B00V6Y3NL2,lhglhgl
B00T1BRVH4,lhglhgl
B00SLNU1MU,lhglhgl
B00NE07RUO,lhglhgl
B00EW43G74,lhglhgl
B00E5OT4OU,lhglhgl
B00DVGP2NK,lhglhgl
B00DIXG05K,lhglhgl
B00D5RM62K,lhglhgl
B00C2J64B6,lhglhgl
B00BVEF3A6,lhglhgl
B002NQOUS2,lhglhgl
B002NEZBEQ,lhglhgl
B0026MSP1Q,lhglhgl
B001PMGU88,lhglhgl
B000QFN3GC,lhglhgl
B000PK50O6,lhglhgl
B000LEC01C,lhglhgl
B000IKK0WA,lhglhgl
B000CQ4ATO,lhglhgl
B000CHG0SC,lhglhgl
B000CHG0IM,lhglhgl
B000CHFNS0,lhglhgl
B00070JV8U,lhglhgl
B01JINF6LC,lhglhgl
B084YRJXMZ,lhglhgl
B00BM6A69Q,lhglhgl
B07DQS9KHK,lhglhgl
B08585RGK8,lhglhgl
B00TVFYATC,lhglhgl
B077NCKJ3M,lhglhgl
B00RAQQ7SG,lhglhgl
B09PN85KKN,lhglhgl
B00LL4ADAG,lhglhgl
B00IOHQ1VI,lhglhgl
B071HGM6QW,lhglhgl
B09MMHNXWB,lhglhgl
B07WNH79J8,lhglhgl
B07PWH38ZJ,lhglhgl
B09DRMZ5QC,lhglhgl
B00I80DG6O,lhglhgl
B08NTJH6WJ,lhglhgl
6302161444,lhglhgl
B07QW5HCQB,lhglhgl
B079K479FW,lhglhgl
B01BIS290G,lhglhgl
B079Q2BXKK,lhglhgl
B07NR3M4RK,lhglhgl
B08VN96S59,lhglhgl
B0B3GGYNKT,lhglhgl
B08VDWNHKB,lhglhgl
B08P5Z9BPH,lhglhgl
B00NE0601G,lhglhgl
B088LLZJHS,lhglhgl
B07PTX7XMJ,lhglhgl
B09PYK8QH6,lhglhgl
B07CCMKM64,lhglhgl
B0B97Q994N,lhglhgl
B0BJ4MKL1M,lhglhgl
B0091YLMVC,lhglhgl
B09SGLKB78,lhglhgl
B00VAIWOFK,lhglhgl
B07HYPBJND,lhglhgl
B077SKZLV6,lhglhgl
B076ZVZ41F,lhglhgl
B092V4JV6V,lhglhgl
B08Q47PYYC,lhglhgl
B0090R4NTI,lhglhgl
B01B1JEOQO,lhglhgl
B08S196XYV,lhglhgl
B0899JH7L7,lhglhgl
B07BHZJZRT,lhglhgl
B08L14V8RY,lhglhgl
B0761M1GK4,lhglhgl
B084YY2ZZ4,lhglhgl
B09986L9LL,lhglhgl
B07S8ZR1CH,lhglhgl
B07YQ6G7CQ,lhglhgl
B08SQZWYXH,lhglhgl
B07V1HDP68,lhglhgl
B004D1TFMQ,lhglhgl
B07R65TTGG,lhglhgl
B004034IPG,lhglhgl
B07QL9BMJN,lhglhgl
B00PKHK1WA,lhglhgl
B07NP35LJL,lhglhgl
B08G1WCJCK,lhglhgl
B07NNVSBSN,lhglhgl
B00C2J6AYC,lhglhgl
B07NK9WNW5,lhglhgl
B08DZ6GJBX,lhglhgl
B08XYBWN8D,lhglhgl
B07ZG2DKPY,lhglhgl
B085F37CKQ,lhglhgl
B00R3KJCIQ,lhglhgl
B08SMH6RS8,lhglhgl
B092ZDYQQ8,lhglhgl
B077NX8MWC,lhglhgl
B07N16ZM56,lhglhgl
B07SDDN5BK,lhglhgl
B07HD9FHMS,lhglhgl
B00O12V4BM,lhglhgl
B07GB8K5PM,lhglhgl
B09JYJN8QM,lhglhgl
B07BHZRXH2,lhglhgl
B01MSJY6NL,lhglhgl
B077G9WL2C,lhglhgl
B00HFL7K4Q,lhglhgl
B01BIS4X5K,lhglhgl
B08LK3T97C,lhglhgl
B01BIS2HEO,lhglhgl
B076CWLRKL,lhglhgl
B01AYH1LHO,lhglhgl
B08ZNGYDMT,lhglhgl
6302884756,lhglhgl
B07D21CLG5,lhglhgl
B08FDQ8D9K,lhglhgl
B07NVHBJ32,lhglhgl
B09Q8Z3YYV,lhglhgl
B092JSFFBV,lhglhgl
B0162R1QV6,lhglhgl
B07JMKH53Y,lhglhgl
B00FXYN6KO,lhglhgl
B09GD4DC7N,lhglhgl
B007U2QBC2,lhglhgl
B08GCJ8LBF,lhglhgl
B07Z8G6RLT,lhglhgl
B09W7MWG68,lhglhgl
B09HH6VZJC,lhglhgl
B096RWJMKT,lhglhgl
B08M65MJBR,lhglhgl
B08LPLL2VS,lhglhgl
B0833ZV1GC,lhglhgl
B079LPCV94,lhglhgl
B073YGHTT4,lhglhgl
B014LAUQ3U,lhglhgl
B09PB1Q38X,lhglhgl
B09GD2C62M,lhglhgl
B09G97JL48,lhglhgl
B09BZKP8TV,lhglhgl
B09BN4QTM4,lhglhgl
B09BN4MNYW,lhglhgl
B099FGFKXN,lhglhgl
B098R8RR26,lhglhgl
B0979H5P9Q,lhglhgl
B096SZJDNB,lhglhgl
B093C2SZ6P,lhglhgl
B0934BYJP1,lhglhgl
B092JT1XJC,lhglhgl
B092DFBBLL,lhglhgl
B0928HNVZT,lhglhgl
B0928GFWRS,lhglhgl
B005T8XR08,lhglhgl
B000BQWVL4,lhglhgl
B0002DIH1E,lhglhgl
B0CP8GN5JQ,lhglhgl
B0C691XLV1,lhglhgl
B0BZ478JFK,lhglhgl
B0BBGXSHH2,lhglhgl
B0B7JNTL81,lhglhgl
B0B7JNGPJ4,lhglhgl
B0B7JGJ6TR,lhglhgl
B0B7JFBM59,lhglhgl
B0B7JDBQ28,lhglhgl
B0B7JBZHV6,lhglhgl
B0B4PS93RB,lhglhgl
B09XTJ4HRX,lhglhgl
B09QXL6N37,lhglhgl
B00EFDQNY0,lhglhgl
B00C5RX8VE,lhglhgl
B0010YTO5W,lhglhgl
B000GV39RY,lhglhgl
B093CV54L7,lhglhgl
B08K2MTH41,lhglhgl
B076MFVXBP,lhglhgl
B06X93ZBNZ,lhglhgl
B06WP4BDB4,lhglhgl
B01N2V0PGK,lhglhgl
B01I42VW2K,lhglhgl
B01H8ESRD2,lhglhgl
B01092YHGG,lhglhgl
B008UW794A,lhglhgl
B006MM3TS0,lhglhgl
B0060NQ3FW,lhglhgl
B091Q46N8F,lhglhgl
B091D1CY6Z,lhglhgl
B091D14DYG,lhglhgl
B0916ML5KP,lhglhgl
B08ZDFR8T1,lhglhgl
B08Z7KG7VZ,lhglhgl
B08YNT228S,lhglhgl
B08XYGM8M3,lhglhgl
B08XLYFSRD,lhglhgl
B08X74PC75,lhglhgl
B08X732RFF,lhglhgl
B08SMFZW47,lhglhgl
B08S7TX8Z4,lhglhgl
B08S1N2TZB,lhglhgl
B08RDZPFYX,lhglhgl
B08QKR7T9D,lhglhgl
B08Q39M7SZ,lhglhgl
B08P5Q9J4R,lhglhgl
B08NRRLJDR,lhglhgl
B08NGSY3T8,lhglhgl
B08MZ6M15F,lhglhgl
B08MVGJRQS,lhglhgl
B08MF62DR5,lhglhgl
B08MCCYHZ8,lhglhgl
B08LQTTFHV,lhglhgl
B08LNZ4M85,lhglhgl
B08LJP9GQK,lhglhgl
B08LF1G9P8,lhglhgl
B08L8G28XW,lhglhgl
B08L5P2LSP,lhglhgl
B08L1MD5YP,lhglhgl
B08L1LB4YV,lhglhgl
B08K2RSPJK,lhglhgl
B08JHB8JPG,lhglhgl
B08JCL8Z4V,lhglhgl
B08JC2SSBV,lhglhgl
B08HSVHYW6,lhglhgl
B08BTN65BY,lhglhgl
B087N1D5FL,lhglhgl
B086YLKB4X,lhglhgl
B086WP9KKP,lhglhgl
B086WN3RN3,lhglhgl
B086PMNY9T,lhglhgl
B086JGTK1M,lhglhgl
B0862FGCMQ,lhglhgl
B085XS9LDR,lhglhgl
B085WMVCSW,lhglhgl
B085PGVXRF,lhglhgl
B07ZWGX9GD,lhglhgl
B07YYSNYJR,lhglhgl
B07XKH4CZP,lhglhgl
B07TV9JF7C,lhglhgl
B07T4PC5CK,lhglhgl
B07N3WFP6M,lhglhgl
B07N1B5PGS,lhglhgl
B07LCFXLQR,lhglhgl
B07HYW2VTX,lhglhgl
B07DN5L269,lhglhgl
B07DFV8SW7,lhglhgl
B07CH1CCSX,lhglhgl
B07BM69PSL,lhglhgl
B079SPMZ4F,lhglhgl
B0797ZDK3G,lhglhgl
B077ZL6G48,lhglhgl
B075RQ9VY7,lhglhgl
B073ZM9MBD,lhglhgl
B073V5PHWN,lhglhgl
B01MQDH2C1,lhglhgl
B01LWP7KMX,lhglhgl
B01L05KWX8,lhglhgl
B01JKZBP0O,lhglhgl
B01IAGQEP0,lhglhgl
B01HYC89DG,lhglhgl
B01HQYZ8OK,lhglhgl
B014E8FV9S,lhglhgl
B013XT9UC8,lhglhgl
B01349ZGF2,lhglhgl
B012Y8COMM,lhglhgl
B012OWI788,lhglhgl
B0118QQL0W,lhglhgl
B00ZQA8GEQ,lhglhgl
B00ZQ9WZX0,lhglhgl
B00XYSZLHC,lhglhgl
B00RY7FCIC,lhglhgl
B00OUQ9AOM,lhglhgl
B00NB3ZHW4,lhglhgl
B00M4GEIBA,lhglhgl
B00M4GEGVC,lhglhgl
B00LW6DYKO,lhglhgl
B00K312J28,lhglhgl
B00D5RMFJY,lhglhgl
B00ADAAC1E,lhglhgl
B0090R4LHM,lhglhgl
B006RIYGJU,lhglhgl
B006LO2CA0,lhglhgl
B006JCOZTA,lhglhgl
B006EFSCMS,lhglhgl
B0068PLQMC,lhglhgl
B006486HXQ,lhglhgl
B005YUK9O8,lhglhgl
B005DS7FN4,lhglhgl
B004BU7NH8,lhglhgl
B004BFZLBI,lhglhgl
B0048CGVK4,lhglhgl
B0042T0TKQ,lhglhgl
B003TQ3WQQ,lhglhgl
B003KXJ4JM,lhglhgl
B003AKDPXQ,lhglhgl
B0032JSQDO,lhglhgl
B002BH3W00,lhglhgl
B001VD5NPM,lhglhgl
B001NZSJSQ,lhglhgl
B001DH80MO,lhglhgl
B001CK12F4,lhglhgl
B001BSQR8E,lhglhgl
B000N8EZ32,lhglhgl
B000KKUY5Q,lhglhgl
B000JD9U4U,lhglhgl
B000I6RB6C,lhglhgl
B000EEHI52,lhglhgl
B000CQ4C0G,lhglhgl
B000CQ4BNY,lhglhgl
B000CHG014,lhglhgl
B000CHFO34,lhglhgl
B000CAYU1S,lhglhgl
B0009OAJO4,lhglhgl
B0000ANEX1,lhglhgl
B072L7QKJK,lhglhgl
B08PG3DYBY,lhglhgl
B083DDTLD3,lhglhgl
B003TUQMK0,lhglhgl
B0027XEKMW,lhglhgl
B0000AU22N,lhglhgl
B00PTSXT4C,lhglhgl
B00GAJFILQ,lhglhgl
B0848LQ75F,lhglhgl
B07QC9FNJG,lhglhgl
B09T63N8XX,lhglhgl
B00EI7DOE0,lhglhgl
B09953TYGR,lhglhgl
B08F7XTBQV,lhglhgl
B091BJT2QP,lhglhgl
B0B4158NHH,lhglhgl
B08DNFKG1J,lhglhgl
B08CZBGJT1,lhglhgl
B0B439G367,lhglhgl
B0001CKREG,lhglhgl
B01HC8EEC2,lhglhgl
B093TMRTZZ,lhglhgl
B000XJD3HU,lhglhgl
B01KDNYP0Y,lhglhgl
B001LXIDTU,lhglhgl
B08HCXTQMJ,lhglhgl
B07R1MF565,lhglhgl
B085DKH4ML,lhglhgl
B0928MRP93,lhglhgl
B07DD7PNLC,lhglhgl
B00YW4T06A,lhglhgl
B08KZF8VWP,lhglhgl
B0728JZJ1X,lhglhgl
B085226LF7,lhglhgl
B00V500M2K,lhglhgl
B00NO8KJV0,lhglhgl
B000DZQQBE,lhglhgl
B00Y0QHVJS,lhglhgl
B09SKS3LJQ,lhglhgl
B083NWBRR1,lhglhgl
B01JRZ9JUA,lhglhgl
B0B4JHT7CD,lhglhgl
B08YYK73NF,lhglhgl
B073M68H93,lhglhgl
B00XPQH6XK,lhglhgl
B094C3YKHM,lhglhgl
B091FY2MKL,lhglhgl
B08XXZ415M,lhglhgl
B08N6C7T88,lhglhgl
B07B975V8X,lhglhgl
B087N38MMZ,lhglhgl
B000CAYSQ0,lhglhgl
B09PBDPXCG,lhglhgl
B08YLYHMRR,lhglhgl
B019DUX5EA,lhglhgl
B07WR1WG72,lhglhgl
B07DZFTM9H,lhglhgl
B078Y639NT,lhglhgl
B087JDNK6R,lhglhgl
B07TBB7Y3Q,lhglhgl
B08LGY9798,lhglhgl
B07625CZBM,lhglhgl
B08SJBY1GT,lhglhgl
B079NR1X4V,lhglhgl
B083Z59CY6,lhglhgl
B002XM5B5C,lhglhgl
B092G19S3F,lhglhgl
B08XZFX8T1,lhglhgl
B083L5FGZH,lhglhgl
B01GN432JM,lhglhgl
B0B7ML1X4C,lhglhgl
B09KXQGYXJ,lhglhgl
B091GH75TN,lhglhgl
B08ZBW9V98,lhglhgl
B08LB272KQ,lhglhgl
B08HRLF2KJ,lhglhgl
B087N2WZZ5,lhglhgl
B087F692Z3,lhglhgl
B07T66XMZ2,lhglhgl
B074L96HZG,lhglhgl
B01J6PTLQS,lhglhgl
B01BGL1M1C,lhglhgl
B01AJOU8UI,lhglhgl
B000UFV3TM,lhglhgl
B0C2YQB4VF,lhglhgl
B0B26TFTNW,lhglhgl
B09Y5CQG3J,lhglhgl
B09XHJ2TBC,lhglhgl
B09W8VR4RX,lhglhgl
B09W39STT7,lhglhgl
B09TX986J8,lhglhgl
B09TP2FHM7,lhglhgl
B09S7R9DRX,lhglhgl
B09MK65Y1T,lhglhgl
B09MCRZ5GJ,lhglhgl
B09JS581VX,lhglhgl
B09BC4DKCH,lhglhgl
B098L11TC3,lhglhgl
B0924M1K29,lhglhgl
B091CHNG46,lhglhgl
B08ZYHC5HM,lhglhgl
B08ZHZQGV6,lhglhgl
B08YYDS71Q,lhglhgl
B08YR1NKNC,lhglhgl
B08XYGCNB9,lhglhgl
B08XTDH6F1,lhglhgl
B08RN9R887,lhglhgl
B08PKN92CS,lhglhgl
B08MVTB1F1,lhglhgl
B08MD1RCB7,lhglhgl
B08M94RY5B,lhglhgl
B08LY9LYPD,lhglhgl
B08LVR42C5,lhglhgl
B08LVM2Z1K,lhglhgl
B08LV5VS6G,lhglhgl
B08LQSYP51,lhglhgl
B08LD5YB61,lhglhgl
B08L4SYPFK,lhglhgl
B08L39N9DY,lhglhgl
B08KPLW841,lhglhgl
B08JBHD9XM,lhglhgl
B08J4H7M41,lhglhgl
B08J4GH82H,lhglhgl
B08J4GGLNW,lhglhgl
B08HVL9LYJ,lhglhgl
B08HRT38GZ,lhglhgl
B08GR2WYV3,lhglhgl
B08F73VC29,lhglhgl
B07TPS736P,lhglhgl
B0731V7DPD,lhglhgl
B08PXYLJ1F,lhglhgl
B08JLC6ZBJ,lhglhgl
B08DJ4PHWG,lhglhgl
B0863HS62K,lhglhgl
B07B4RBHJC,lhglhgl
B01AUKPTTQ,lhglhgl
B00CXBEWT4,lhglhgl
B09WMFZH8C,lhglhgl
B083NJMK6Q,lhglhgl
B00V3C9TA6,lhglhgl
B08R1GHTGF,lhglhgl
B08N6777NL,lhglhgl
B08KDKGL8X,lhglhgl
B08FLN91MR,lhglhgl
B083VVHMHH,lhglhgl
B083F5LFCR,lhglhgl
B08317WBFS,lhglhgl
B07YCMP7J9,lhglhgl
B07WRLXSXK,lhglhgl
B07WCP6GW5,lhglhgl
B07VF1BL7N,lhglhgl
B07V217M6Z,lhglhgl
B07TG1X9HG,lhglhgl
B07T67MGH2,lhglhgl
B07RN3RH85,lhglhgl
B07QS2YCZ8,lhglhgl
B07MT4HH5H,lhglhgl
B07F1BR872,lhglhgl
B07CRLJR1C,lhglhgl
B07BH538B5,lhglhgl
B08D9M7K1B,lhglhgl
B08CGYZ4YN,lhglhgl
B08BTKM58J,lhglhgl
B08BJH152F,lhglhgl
B08BHXXTHT,lhglhgl
B0878ZDTK3,lhglhgl
B0878XPYQN,lhglhgl
B0878T2F8Y,lhglhgl
B086ZKK4N5,lhglhgl
B086W69LCD,lhglhgl
B085M4L96C,lhglhgl
B084L1Z5K1,lhglhgl
B0845YGCJV,lhglhgl
B083ZFNVXZ,lhglhgl
B083W4KFQQ,lhglhgl
B083VVXSQ2,lhglhgl
B0080D0E5U,lhglhgl
B007TQFZZS,lhglhgl
B007QA2BHM,lhglhgl
B00749RI6O,lhglhgl
B005Q9Y1K0,lhglhgl
B0055DV31C,lhglhgl
B004TTI5OG,lhglhgl
B00486K4US,lhglhgl
B0047XQYWY,lhglhgl
B003W06XJC,lhglhgl
B001C7NCWS,lhglhgl
B000BQK5M6,lhglhgl
B000BODLLU,lhglhgl
B07B42HR7C,lhglhgl
B073RCBL3L,lhglhgl
B01LX3HFJ9,lhglhgl
B01EQDSRH4,lhglhgl
B01BXC812M,lhglhgl
B01B174F8I,lhglhgl
B01A6U43NI,lhglhgl
B018E253KM,lhglhgl
B013P0HT14,lhglhgl
B00VRCDAUM,lhglhgl
B00S1PPBGO,lhglhgl
B00IR7GR1O,lhglhgl
B00INYN1GK,lhglhgl
B00GP9LBGC,lhglhgl
B0082K8BF6,lhglhgl
B0082K8BC4,lhglhgl
B000JGAC5S,lhglhgl
B076FGX698,lhglhgl
B08X3CZFBC,lhglhgl
B00CXZM7II,lhglhgl
B01MT59JF6,lhglhgl
B083DMCF86,lhglhgl
B000CSQY00,lhglhgl
B09XTMFQTR,lhglhgl
B085XWGZ4Y,lhglhgl
B07W8YDHYW,lhglhgl
B09KYJDFC7,lhglhgl
B08HR4RCC8,lhglhgl
B00O0FZK42,lhglhgl
B087K1PWYR,lhglhgl
B08DKKW9Q5,lhglhgl
B084T6K3TC,lhglhgl
B081V6DGWH,lhglhgl
B07ZQ7LTWM,lhglhgl
B07VL5NFYR,lhglhgl
B07NS49QD2,lhglhgl
B07L82Z6R8,lhglhgl
B07GJVY6R5,lhglhgl
B07FZTGKJG,lhglhgl
B077LTRRWV,lhglhgl
B0777SGFDL,lhglhgl
B07489YVMR,lhglhgl
B0728N15CZ,lhglhgl
B01NH4YWH9,lhglhgl
B01H04XSN4,lhglhgl
B01EQDSPPS,lhglhgl
B01BW2H8KY,lhglhgl
B011SC4NVU,lhglhgl
B00K0NX3S8,lhglhgl
B07SBYT994,lhglhgl
B07RCGZGV5,lhglhgl
B08M5Y7JS2,lhglhgl
B08K3N8JFB,lhglhgl
B0922NW3N4,lhglhgl
B08QCCM6JQ,lhglhgl
B08MQ2Y4KC,lhglhgl
B08LS64LMP,lhglhgl
B07NQYVVNH,lhglhgl
B07793Y2S1,lhglhgl
B0924NW4BD,lhglhgl
B07MK575CG,lhglhgl
B07DZTPD2M,lhglhgl
B08GC775VK,lhglhgl
B08ZCZL651,lhglhgl
B000CPZWYC,lhglhgl
B07P7HWF5K,lhglhgl
B01J6PTGF4,lhglhgl
B00F32XGRY,lhglhgl
B08MQK3KNC,lhglhgl
B08LCW65P9,lhglhgl
B087JHMNFY,lhglhgl
B08MHFP9XS,lhglhgl
B0CMD9HXJ6,lhglhgl
B0042T7J2C,lhglhgl
B008UW5EZ6,lhglhgl
B09PGLPPSR,lhglhgl
B07B6JJYKF,lhglhgl
B08KH27D13,lhglhgl
B083SJZVHW,lhglhgl
B073G4T9JP,lhglhgl
B08HXT9XP2,lhglhgl
B09B9GJ17G,lhglhgl
B08Y6LXJ4B,lhglhgl
B07VG42WS3,lhglhgl
B07Q7348V5,lhglhgl
B07F3LG6WJ,lhglhgl
B01M6AO1WY,lhglhgl
B00BMTPJ9U,lhglhgl
B09JQPMVW8,lhglhgl
B099K23YK4,lhglhgl
B096MVH6J3,lhglhgl
B08ZD5H9FB,lhglhgl
B08YN1SHYY,lhglhgl
B08GHC7XRY,lhglhgl
B086DCG5VX,lhglhgl
B07THC13Q2,lhglhgl
B07LGSW7TC,lhglhgl
B07KRQS7RX,lhglhgl
B00LVTU5PY,lhglhgl
B006ENWAP0,lhglhgl
B0061TU2JS,lhglhgl
B000I3JAAU,lhglhgl
B0CCY2WBGN,lhglhgl
B0BG2DQN5H,lhglhgl
B0B3J8KFGY,lhglhgl
B09V2W31LR,lhglhgl
B09TJJYT7R,lhglhgl
B09JYRWVV8,lhglhgl
B09D3V8WDK,lhglhgl
B098L14XH1,lhglhgl
B096KFZX5K,lhglhgl
B092KKLHVL,lhglhgl
B08ZCWXR5H,lhglhgl
B08Y8DYW8Q,lhglhgl
B08XXCWPKW,lhglhgl
B08XWXTZZS,lhglhgl
B08RYH9QZB,lhglhgl
B08N4RW31B,lhglhgl
B08MVSL31D,lhglhgl
B08L6LFDK3,lhglhgl
B08L4PC5QJ,lhglhgl
B08J7T9JYZ,lhglhgl
B08FD9M9B9,lhglhgl
B08BNLH73H,lhglhgl
B089M5QWXW,lhglhgl
B086WV7K7K,lhglhgl
B082MPR73L,lhglhgl
B0822JR78D,lhglhgl
B00YETVL1K,lhglhgl
B00J1SY2JW,lhglhgl
B00GP9KFLY,lhglhgl
B00F68FW72,lhglhgl
B00E4Q8EJA,lhglhgl
B00BT8OLSO,lhglhgl
B009WET326,lhglhgl
B007T58S5S,lhglhgl
B0069FJRY0,lhglhgl
B004YQYAS4,lhglhgl
B004BXUOKI,lhglhgl
B001R1PTIO,lhglhgl
B001EQM0IO,lhglhgl
B001555C1Q,lhglhgl
B000V6Y5KE,lhglhgl
B000UKO27C,lhglhgl
B08MTB27MR,lhglhgl
B08LYFLK2Q,lhglhgl
B08L41QXFB,lhglhgl
B08K5KQJS5,lhglhgl
B08JXQJXJ7,lhglhgl
B08JVKTBBP,lhglhgl
B08HW1Z41W,lhglhgl
B08HVBM9Z4,lhglhgl
B08HGR8VZB,lhglhgl
B08HGN3QSG,lhglhgl
B089JYNNSF,lhglhgl
B087QY3SQW,lhglhgl
B087KLGG9H,lhglhgl
B086NHM2XG,lhglhgl
B0863FTX9L,lhglhgl
B0862WX246,lhglhgl
B000MX4S58,lhglhgl
B000MTZF86,lhglhgl
B000I94ITM,lhglhgl
B000H5WJFC,lhglhgl
B000BQKA4O,lhglhgl
B0002RVRTO,lhglhgl
B08YVDQQ88,lhglhgl
B08YMTJX46,lhglhgl
B08YGXNG18,lhglhgl
B08YGNN889,lhglhgl
B08XWDXK5K,lhglhgl
B08XMY6MYZ,lhglhgl
B08WKHG9N6,lhglhgl
B08TTPZNNN,lhglhgl
B08TT7NVZ8,lhglhgl
B08T5Q5RKP,lhglhgl
B08T1RG7SL,lhglhgl
B08SCBDK91,lhglhgl
B08SC97DFB,lhglhgl
B08QZVP8DX,lhglhgl
B08PM8LY3F,lhglhgl
B08NCL3VXV,lhglhgl
B087R7LWT9,lhglhgl
B086QZZHN4,lhglhgl
B01E4FNFOE,lhglhgl
B000KFW59E,lhglhgl
B0B3X8LYZV,lhglhgl
B09X6YDBV5,lhglhgl
B09VKJBCJP,lhglhgl
B09VKH3QG2,lhglhgl
B09RFYM98R,lhglhgl
B09QXMC6VC,lhglhgl
B09Q6HQP1L,lhglhgl
B09P9T1XJW,lhglhgl
B09K46ZKJY,lhglhgl
B09HSNYCNR,lhglhgl
B09HCNXZ81,lhglhgl
B097S85T72,lhglhgl
B093NN7YZF,lhglhgl
B0932LK5TG,lhglhgl
B0932HR81K,lhglhgl
B092DDWWW2,lhglhgl
B0916M6SFQ,lhglhgl
B0916KYWMN,lhglhgl
B0916KRPZF,lhglhgl
B0916JTRP2,lhglhgl
B0916JK8WD,lhglhgl
B0916J2JJW,lhglhgl
B09169DJ2G,lhglhgl
B0913HHV4F,lhglhgl
B08ZYHMC2C,lhglhgl
B08ZKN9JKN,lhglhgl
B08ZH4ZXJ2,lhglhgl
B08ZBW8RLV,lhglhgl
B079TKYSWC,lhglhgl
B09159L24R,lhglhgl
B0756Z1LBL,lhglhgl
B0091T4ZWU,lhglhgl
B0913JZZHY,lhglhgl
B08KSDXTP4,lhglhgl
B0913J597K,lhglhgl
B07VJKP6GQ,lhglhgl
B08P4JTRYD,lhglhgl
B08QZP2P9M,lhglhgl
B084RML4HC,lhglhgl
B085457PBP,lhglhgl
B07ZNC1LSM,lhglhgl
B01JKZ4JYI,lhglhgl
B01K7KZXNQ,lhglhgl
B0868W5YF8,lhglhgl
B01K7KYXYG,lhglhgl
B005GMGBQO,lhglhgl
B01JDDDGIW,lhglhgl
B07G7BBKF9,lhglhgl
B01AZS356W,lhglhgl
B07QGT8P8B,lhglhgl
B00SX3GUV4,lhglhgl
B08XX8TYSN,lhglhgl
B092V7CTN5,lhglhgl
B0BJPHQCL7,lhglhgl
B0771SH7GQ,lhglhgl
B08Y64R5WV,lhglhgl
B08M39ZY5F,lhglhgl
B08K48F8KV,lhglhgl
B08HPSJ8H3,lhglhgl
B08BW1GLH6,lhglhgl
B07L5ZTRRM,lhglhgl
B07KSZKMNZ,lhglhgl
B07KNXNXWX,lhglhgl
B07KFSF15F,lhglhgl
B07FQF9QL2,lhglhgl
B07DV2MHH2,lhglhgl
B07DV14Y7P,lhglhgl
B07DTWD25F,lhglhgl
B07DTVGFWC,lhglhgl
B07DFSW8T2,lhglhgl
B07DFQSYJH,lhglhgl
B078G7PPRH,lhglhgl
B0787S1DMS,lhglhgl
B077H1BNXJ,lhglhgl
B077727FB4,lhglhgl
B075GC2Q9Q,lhglhgl
B085R3TLDK,lhglhgl
B085PGV46L,lhglhgl
B085JFR924,lhglhgl
B085DMMDKV,lhglhgl
B084RK5616,lhglhgl
B083VRWMT1,lhglhgl
B083PWFCB9,lhglhgl
B082VLLWHY,lhglhgl
B082228C9V,lhglhgl
B0821ZTZ6C,lhglhgl
B07ZL589HN,lhglhgl
B07ZL51T5P,lhglhgl
B07YW3XY95,lhglhgl
B07YN47YM8,lhglhgl
B07VMNMJDL,lhglhgl
B07MZGKBBH,lhglhgl
B073RSBTMF,lhglhgl
B071S33GJ7,lhglhgl
B01LWPZU4W,lhglhgl
B01JKZ9IRG,lhglhgl
B01JKZ4JZW,lhglhgl
B01GV7TBSM,lhglhgl
B01AMWVDZ6,lhglhgl
B01AMWTZME,lhglhgl
B01AMWSF7U,lhglhgl
B010HFNBVC,lhglhgl
B00ZQA3P1A,lhglhgl
B00ZPIY792,lhglhgl
B00VGR8BJ8,lhglhgl
B00TJRQ84W,lhglhgl
B00T3IHD0U,lhglhgl
B00R0EG2NI,lhglhgl
B0051V9GK8,lhglhgl
B004ZDQB4W,lhglhgl
B004G7QMD2,lhglhgl
B0042T0Z0K,lhglhgl
B0040386YK,lhglhgl
B003R8CCW6,lhglhgl
B0031YLUGK,lhglhgl
B0031T4V02,lhglhgl
B002E2H58W,lhglhgl
B002E2D50Y,lhglhgl
B001UCELAC,lhglhgl
B000WZRY84,lhglhgl
B000VZC9LM,lhglhgl
B000GV1IWM,lhglhgl
B000CQ221M,lhglhgl
B000CHG03M,lhglhgl
B00QG7XT86,lhglhgl
B00PCI1RS4,lhglhgl
B00P8530SQ,lhglhgl
B00MK2DLCK,lhglhgl
B00KGDGN70,lhglhgl
B00I150LV4,lhglhgl
B009XIPJOW,lhglhgl
B009S5HFWE,lhglhgl
B008UW9AH4,lhglhgl
B008UW5MKI,lhglhgl
B007VSZE82,lhglhgl
B007MD7IJY,lhglhgl
B006EFSE2G,lhglhgl
B006EFRS1Y,lhglhgl
B006EFPS9I,lhglhgl
B0068PRL62,lhglhgl
B07D5ZVD1Q,lhglhgl
B00IPKVPZG,lhglhgl
B09TW3Q237,lhglhgl
B08RS52ZBQ,lhglhgl
B007HYR89I,lhglhgl
B01JDDCSEA,lhglhgl
B07S5GS1NV,lhglhgl
B014RW85OE,lhglhgl
B0B72KK3Y8,lhglhgl
B00OMG1PGQ,lhglhgl
B00JQMOD2O,lhglhgl
B008ATWBO6,lhglhgl
B01JLK7L56,lhglhgl
B07V6TB36X,lhglhgl
B07H7X6F9Q,lhglhgl
B07JV83N8Y,lhglhgl
B000FS9FLM,lhglhgl
B082W22C9T,lhglhgl
B08JCXL1G5,lhglhgl
B083TPH599,lhglhgl
B0852CLGJ3,lhglhgl
B08HFNDN5K,lhglhgl
B00IOHP5VA,lhglhgl
B08KZD8DVL,lhglhgl
B017KV1PG4,lhglhgl
B07C5Z9RZW,lhglhgl
B0049UZ8Z4,lhglhgl
B07Q823XD5,lhglhgl
B082HD5JDH,lhglhgl
B0067ONERO,lhglhgl
B00CPOZ1AI,lhglhgl
B00J48S4Y8,lhglhgl
B01MTAFXZ9,lhglhgl
B00HWO7U3M,lhglhgl
B0BFBLYRX4,lhglhgl
B086X9K57C,lhglhgl
B07JJLZJ35,lhglhgl
B00OOCM95Y,lhglhgl
B00G5E18HO,lhglhgl
B08J1N3ZN2,lhglhgl
B00AWKJ5ZY,lhglhgl
B084S4P99T,lhglhgl
B085ZGK6CP,lhglhgl
B09STB375G,lhglhgl
B091NTQCMN,lhglhgl
B08X2X1PQF,lhglhgl
B08N9NP9T8,lhglhgl
B07F81TNHP,lhglhgl
B09SH2XBWK,lhglhgl
B09PB536Y9,lhglhgl
B09N8G5Z2L,lhglhgl
B09J85QPHR,lhglhgl
B09GVBW74D,lhglhgl
B09DKZTMYG,lhglhgl
B09BN4PR34,lhglhgl
B097TL3G71,lhglhgl
B09744MVKF,lhglhgl
B093RCLY7Y,lhglhgl
B093C2NL5J,lhglhgl
B091D3NLKP,lhglhgl
B08ZHGL4WG,lhglhgl
B08YHM9P1H,lhglhgl
B08YHBS9WV,lhglhgl
B08YGQRZY4,lhglhgl
B08LP1JLB2,lhglhgl
B08LP15DP6,lhglhgl
B08LP159FX,lhglhgl
B08LP117HH,lhglhgl
B08LNZW34K,lhglhgl
B08LNZ94VR,lhglhgl
B08LNZ11CD,lhglhgl
B08LNXBPD4,lhglhgl
B08LKBRKDX,lhglhgl
B08L18HRV1,lhglhgl
B08K1NJFLG,lhglhgl
B08JGZ6ZMK,lhglhgl
B08HJPHSZN,lhglhgl
B08GCNTCM9,lhglhgl
B0892TQX9D,lhglhgl
B087N1ZR9N,lhglhgl
B08Y6FV8D2,lhglhgl
B08Y551NG4,lhglhgl
B08Y4YYR6Z,lhglhgl
B08XV4D9L9,lhglhgl
B08X8SC3VX,lhglhgl
B08VWTSMD1,lhglhgl
B08SCNHJ7P,lhglhgl
B08S32VWK9,lhglhgl
B08QCKH3ZC,lhglhgl
B08PXZS4F2,lhglhgl
B08PDVQ6PB,lhglhgl
B08MVP2F42,lhglhgl
B08MTMP6GX,lhglhgl
B08MTFZ31H,lhglhgl
B08M5N781B,lhglhgl
B08LP1W2Z4,lhglhgl
B006GJK4VE,lhglhgl
B08ZMVFBDS,lhglhgl
B08SBFWX1S,lhglhgl
B08HS9QPXQ,lhglhgl
B08BTYRSLC,lhglhgl
B085TKFTGN,lhglhgl
B07L589XL7,lhglhgl
B007PHXJLS,lhglhgl
B0035YDRC6,lhglhgl
B000CQ6JC0,lhglhgl
B0B7JNW82J,lhglhgl
B0B7JDPJXT,lhglhgl
B0B7JC8RXC,lhglhgl
B09ZDXVV6M,lhglhgl
B09WJJ98P7,lhglhgl
B09TW36H3S,lhglhgl
B086Z5ZXKN,lhglhgl
B086XJ5P3R,lhglhgl
B086VRHQ1G,lhglhgl
B086FDB4Z4,lhglhgl
B086CS9KFJ,lhglhgl
B086CS14FX,lhglhgl
B086CRJKX5,lhglhgl
B086CR8D6Z,lhglhgl
B086CQTJF6,lhglhgl
B086CQPLKB,lhglhgl
B0866PLDTJ,lhglhgl
B0862X7KDT,lhglhgl
B085H36CYC,lhglhgl
B085DQLDLL,lhglhgl
B084QXS79J,lhglhgl
B083YWLW18,lhglhgl
B083BG5YN2,lhglhgl
B07KG8F6LY,lhglhgl
B07HGCB728,lhglhgl
B07H7RTFKX,lhglhgl
B07H7R3F31,lhglhgl
B07GTFRX6P,lhglhgl
B07FBCH243,lhglhgl
B07BQ1MVZP,lhglhgl
B0799PLZ9G,lhglhgl
B078T1VDFN,lhglhgl
B077ZKKB74,lhglhgl
B0771GL66W,lhglhgl
B074GL1DNR,lhglhgl
B07173Z8SB,lhglhgl
B01N7R9SZN,lhglhgl
B01N1ZR298,lhglhgl
B01M72THMC,lhglhgl
B01L9PWYD0,lhglhgl
B01JR0VILI,lhglhgl
B01JKZ9RF4,lhglhgl
B01HYR7WSO,lhglhgl
B016HVC7MY,lhglhgl
B014K27R9K,lhglhgl
B0131LBGT8,lhglhgl
B010BLKPRA,lhglhgl
B00VVT5XYC,lhglhgl
B00V4HJA68,lhglhgl
B00TOGBMNU,lhglhgl
B00P4QKB5O,lhglhgl
B00N5BAUWE,lhglhgl
B00N5AI50O,lhglhgl
B00N5AI1U8,lhglhgl
B00ZJD4YKU,lhglhgl
B00QJN33BK,lhglhgl
B09VQKG6R3,lhglhgl
B091BYTGX6,lhglhgl
B017QCTCHG,lhglhgl
B00ODUXZ4Q,lhglhgl
B08MQ585Z7,lhglhgl
B0B4HS71KJ,lhglhgl
B09QK4S6GX,lhglhgl
B08T6FCYLJ,lhglhgl
B09JS56GRW,lhglhgl
B00346KPNY,lhglhgl
B09H8VFG4Q,lhglhgl
B09DKR448C,lhglhgl
B08HGT6GWH,lhglhgl
B005JRHZ7U,lhglhgl
B0051XS7EC,lhglhgl
B004CZJ3FM,lhglhgl
B002GK5EK8,lhglhgl
B0026H12G6,lhglhgl
B000VZH0G6,lhglhgl
B000VZH0ES,lhglhgl
B000LEY8VW,lhglhgl
B000H5SQ7M,lhglhgl
B000GV43VK,lhglhgl
B000EHJ8XY,lhglhgl
B000CQ4BKC,lhglhgl
B000CIOLH8,lhglhgl
B000CHG0YG,lhglhgl
B000CHG0LE,lhglhgl
B000CHG0DM,lhglhgl
B000CHFOBG,lhglhgl
B000CHFO66,lhglhgl
B000CHFO4S,lhglhgl
B000CHBNRA,lhglhgl
B000CHBN7U,lhglhgl
B094HRZYQG,lhglhgl
B016R0PNCQ,lhglhgl
B07BRQ8PX6,lhglhgl
B00SLZLYEW,lhglhgl
B071HPD2LR,lhglhgl
B0B8RWYLR4,lhglhgl
B0134AI01I,lhglhgl
B097Y6Z3MV,lhglhgl
B083W1H5XZ,lhglhgl
B00LVR516O,lhglhgl
B09PKTP2SQ,lhglhgl
B00ER0RIAE,lhglhgl
B08MXVZ9CY,lhglhgl
B09JRY98KM,lhglhgl
B08SLZ98TS,lhglhgl
B08NWKFTYH,lhglhgl
B000JKMJSM,lhglhgl
B0973LL5ZJ,lhglhgl
B0BDP6G9D8,lhglhgl
B00MGLOX40,lhglhgl
B09VPFZQJ4,lhglhgl
B09K3T8CYQ,lhglhgl
B0761HKP6W,lhglhgl
B0BGB1L2QG,lhglhgl
B0993KMC8Z,lhglhgl
B08JM2XT8Y,lhglhgl
B01J4GREWW,lhglhgl
B08BYZN74M,lhglhgl
B0BZ5NKKK3,lhglhgl
B09WK1YSVY,lhglhgl
B00C2J6SN0,lhglhgl
B00LV4I8B2,lhglhgl
B00LAUPSUQ,lhglhgl
B00KZC1KUC,lhglhgl
B00CETMCII,lhglhgl
B00BIQZPPA,lhglhgl
B009WM4YWW,lhglhgl
B007ZDNOP8,lhglhgl
B007ZDNLOC,lhglhgl
B007KPVNGI,lhglhgl
B006EFRG02,lhglhgl
B006EFR0O4,lhglhgl
B006EFOSG2,lhglhgl
B006EFO5MO,lhglhgl
B006EFMSKK,lhglhgl
B00641V9T0,lhglhgl
B005N23L74,lhglhgl
B08Z7SLMZ9,lhglhgl
B01H4AFW8I,lhglhgl
B01KIILU20,lhglhgl
B09JS6ZKQV,lhglhgl
B08ZXVQ8R5,lhglhgl
B0776VRPVK,lhglhgl
B0719DNTM4,lhglhgl
B07F6YXHJG,lhglhgl
B08Y972GD5,lhglhgl
B09292CTVC,lhglhgl
B076GZPZ3D,lhglhgl
B08YJFVHNM,lhglhgl
B09JVZCVN2,lhglhgl
B08K2LNBJW,lhglhgl
B08M3R7CND,lhglhgl
B07FMNL11W,lhglhgl
B086TYVWQ3,lhglhgl
B079DT6DLS,lhglhgl
B08432XLYZ,lhglhgl
B09PNFTTZ7,lhglhgl
B09TQKD5T2,lhglhgl
B000CSXQMY,lhglhgl
B0932LBTPG,lhglhgl
B00DVGBNUQ,lhglhgl
B08YJR46VG,lhglhgl
B08LV9J6BK,lhglhgl
B099C22NQ9,lhglhgl
B091D4CY8J,lhglhgl
B07GFGNDBW,lhglhgl
B09465QFGB,lhglhgl
B08FT45SMD,lhglhgl
B09RS6HML8,lhglhgl
B07VVT8HD8,lhglhgl
B09J299QRR,lhglhgl
B096T82P7X,lhglhgl
B006YCBM4G,lhglhgl
B01N0L2HP5,lhglhgl
B096G9HYVB,lhglhgl
B08NP1X6DM,lhglhgl
B09VKCWWWX,lhglhgl
B081RLXRNK,lhglhgl
B09V1R4Z5W,lhglhgl
B01KSR49I8,lhglhgl
B0C5JZK5FT,lhglhgl
B010XU015K,lhglhgl
B071ZV1XVR,lhglhgl
B00LVRUJUM,lhglhgl
B08M9J2XGN,lhglhgl
B00CAA0P0S,lhglhgl
B013DK2SYE,lhglhgl
B09FJTHFWT,lhglhgl
B09G3CYBYR,lhglhgl
B00P13SV48,lhglhgl
B07BB6GW16,lhglhgl
B07G7M138Y,lhglhgl
B096SVNTSS,lhglhgl
B07KDS1KQ2,lhglhgl
B083TS3YRD,lhglhgl
B00LOCL8ZO,lhglhgl
B08LYQ36PG,lhglhgl
B09336QGNX,lhglhgl
B00L84GBWI,lhglhgl
B00JQP111W,lhglhgl
B07BKXT3M4,lhglhgl
B08RDXCGH8,lhglhgl
B000U27M36,lhglhgl
B087JBG2WL,lhglhgl
B08F7XVW1G,lhglhgl
B085HCL7HG,lhglhgl
B0794FC6WD,lhglhgl
B0924RRC7Z,lhglhgl
B091CS49ZW,lhglhgl
B010OOVTBU,lhglhgl
B076GJ9PK5,lhglhgl
B08XDK3CD4,lhglhgl
B08WGDZ541,lhglhgl
B000P6ESFW,lhglhgl
B07V8M8BR9,lhglhgl
B003VSCM1S,lhglhgl
B00MWDFQ4I,lhglhgl
B08NTCBTM5,lhglhgl
B00J5Z02O0,lhglhgl
B06XZF4HFR,lhglhgl
B07M87FWSL,lhglhgl
B07JJYNRXF,lhglhgl
B075M6899K,lhglhgl
B01N98A35X,lhglhgl
B08JXPYSR4,lhglhgl
B07VP9JH8G,lhglhgl
B00EABJORA,lhglhgl
B084RJZLQ4,lhglhgl
B09RZZLQ3T,lhglhgl
B08NTFH45Z,lhglhgl
B08LLGX6X1,lhglhgl
B085R8F2T6,lhglhgl
B07D8GT2PR,lhglhgl
B007H2PFFE,lhglhgl
B09JWVVWQG,lhglhgl
B07RDPK4ZV,lhglhgl
B00GBG0XRC,lhglhgl
B0032FRJL8,lhglhgl
B09S3V7SH1,lhglhgl
B08RSCVNPM,lhglhgl
B08CL3YGXL,lhglhgl
B07PNMRFHD,lhglhgl
B00KQT4RCC,lhglhgl
B08LPNMDNQ,lhglhgl
B0958X93K7,lhglhgl
B07B43X316,lhglhgl
B08K2DKCN3,lhglhgl
B08HYTKPZS,lhglhgl
B08LDH1484,lhglhgl
B0BZLH44D5,lhglhgl
B09Y4PR1P5,lhglhgl
B09QKJ5MGW,lhglhgl
B091SY5Y69,lhglhgl
B08YVTRR7V,lhglhgl
B08XYV1NWC,lhglhgl
B0815ZBXVD,lhglhgl
B00IX9ZDKC,lhglhgl
B00PX95BLG,lhglhgl
B084TWF15V,lhglhgl
B09T31629S,lhglhgl
B08T6S39Y9,lhglhgl
B09LQBG841,lhglhgl
B07VYYTD3L,lhglhgl
B087LZ8Q9W,lhglhgl
B086Q6JNLX,lhglhgl
B084MNDQ8D,lhglhgl
B00L2WGQXK,lhglhgl
B08HYTGH7D,lhglhgl
B07P887PPC,lhglhgl
B09GLZCZJH,lhglhgl
B08NV8PWF5,lhglhgl
B08SW3Y96V,lhglhgl
B08K4F6871,lhglhgl
B002HRFPC2,lhglhgl
B08ZCV31XG,lhglhgl
B08N59QJPX,lhglhgl
B08682KS3H,lhglhgl
B082136Q79,lhglhgl
B098KGDTYR,lhglhgl
B091CGRB25,lhglhgl
B08M4Z9BYJ,lhglhgl
B085RM578J,lhglhgl
B0999GD1H3,lhglhgl
B08MC389FQ,lhglhgl
B08D6J7KL8,lhglhgl
B083N3YQ1L,lhglhgl
B000XH60HM,lhglhgl
B099JXRRBR,lhglhgl
B08MTPFGXB,lhglhgl
B075Y3FDPC,lhglhgl
B0BB292BSR,lhglhgl
B085HS441Z,lhglhgl
B07RTQ5LWY,lhglhgl
B08FF8VT28,lhglhgl
B07Q13MS43,lhglhgl
B00OPEZ71Y,lhglhgl
B07PY87FM6,lhglhgl
B074N3BZYT,lhglhgl
B014O40BOM,lhglhgl
B0833PB4MV,lhglhgl
B07NXXHVBN,lhglhgl
B01KTTBWCQ,lhglhgl
B0171AO3YA,lhglhgl
B00AY7VGTI,lhglhgl
B000CAYSSI,lhglhgl
B0B5Y57LSG,lhglhgl
B0B517RLKV,lhglhgl
B09VDF4ZBV,lhglhgl
B09MF2WYZT,lhglhgl
B08ZMM124J,lhglhgl
B08NFKFX5Y,lhglhgl
B087MY8MZM,lhglhgl
B0853227LN,lhglhgl
B082DSG2RN,lhglhgl
B07VFFC8BY,lhglhgl
B07RSFKCKX,lhglhgl
B07FM8SDT6,lhglhgl
B076DYS4MD,lhglhgl
B072N33LWQ,lhglhgl
B071HLL4KH,lhglhgl
B06XFLR3JN,lhglhgl
B01F9IQJD4,lhglhgl
B01EHKVX4U,lhglhgl
B01C866DNG,lhglhgl
B01833Q74S,lhglhgl
B0C6T9NWWS,lhglhgl
B0C62KPH24,lhglhgl
B0BD79GHDJ,lhglhgl
B0BCSSRL4K,lhglhgl
B0BCDHKP6G,lhglhgl
B0B947DK8V,lhglhgl
B0B8H5BLCW,lhglhgl
B0B5191PMD,lhglhgl
B09X76HTZ2,lhglhgl
B09QC6SG7M,lhglhgl
B09LLWYRFL,lhglhgl
B09JFLMJ9N,lhglhgl
B09FPDCCFZ,lhglhgl
B0978Q1BXK,lhglhgl
B095XSSNWS,lhglhgl
B092VZYGBK,lhglhgl
B092M6RW22,lhglhgl
B092641PXL,lhglhgl
B0925L39SQ,lhglhgl
B091D7R8VB,lhglhgl
B08ZNJGWKZ,lhglhgl
B08ZC8Q4JB,lhglhgl
B08YYY1F8W,lhglhgl
B08YRVG6CJ,lhglhgl
B08YMGZCBY,lhglhgl
B08XW23293,lhglhgl
B08SJZY627,lhglhgl
B08NWQYQJF,lhglhgl
B08NDYX9QT,lhglhgl
B08MT4KWVR,lhglhgl
B08MJW3GSL,lhglhgl
B08MJKMRL1,lhglhgl
B08MFCH832,lhglhgl
B08M38XMXB,lhglhgl
B08M1WLWBY,lhglhgl
B08LQWKVG5,lhglhgl
B08LPV5CMS,lhglhgl
B08LK1RJ8T,lhglhgl
B087LTR7B4,lhglhgl
B086FJ25J8,lhglhgl
B086CB52QD,lhglhgl
B086932CMX,lhglhgl
B0864RHCFR,lhglhgl
B085RBVHRW,lhglhgl
B085DJH3MD,lhglhgl
B08543RCDC,lhglhgl
B08511JL43,lhglhgl
B084WVDTDH,lhglhgl
B084TRDSFN,lhglhgl
B08434FVSS,lhglhgl
B083SFFRT4,lhglhgl
B0836LSVSX,lhglhgl
B0836FPMKW,lhglhgl
B082XYVPYX,lhglhgl
B08LDTRHSG,lhglhgl
B08LCYBTHN,lhglhgl
B08L9PLJ6S,lhglhgl
B08L7MRLWT,lhglhgl
B08L34FLYT,lhglhgl
B08KC8RZNT,lhglhgl
B08JPYK8M5,lhglhgl
B08JLPSRQQ,lhglhgl
B08HY8Q9CM,lhglhgl
B08HCZP9JW,lhglhgl
B08GL1CMPG,lhglhgl
B08G8YNM2J,lhglhgl
B08G8WRQ3Q,lhglhgl
B08CJX8R4R,lhglhgl
B0895VQBVS,lhglhgl
B087LY6FTC,lhglhgl
B082G3RCTW,lhglhgl
B08124XBLK,lhglhgl
B07ZQVHYRS,lhglhgl
B07ZJPRVZS,lhglhgl
B07Z2PR3CN,lhglhgl
B07VWH2X73,lhglhgl
B07VRVP9B5,lhglhgl
B07T3FVZ28,lhglhgl
B07QC8BGY9,lhglhgl
B07PQZJG9C,lhglhgl
B07P9V9F7Z,lhglhgl
B07NQYKVWV,lhglhgl
B07N7LKLP2,lhglhgl
B07MFL3LYX,lhglhgl
B07JXZ1ZWC,lhglhgl
B07JNM3YCZ,lhglhgl
B07H3L3LM2,lhglhgl
B07CRTQ4J8,lhglhgl
B07C2SB6W8,lhglhgl
B07BFDHK7S,lhglhgl
B07B2RK5B5,lhglhgl
B07B2QZX89,lhglhgl
B0799XXD5S,lhglhgl
B078BXBBWN,lhglhgl
B0774XZLX8,lhglhgl
B073TF35VK,lhglhgl
B0735MPQDS,lhglhgl
B0721MS6XD,lhglhgl
B07196W4KJ,lhglhgl
B07192CN4G,lhglhgl
B01NCK8RXA,lhglhgl
B01KQ0I8S4,lhglhgl
B01H04UNKU,lhglhgl
B01FLR94SA,lhglhgl
B01BF78KEE,lhglhgl
B01B9KP7WK,lhglhgl
B016UN8QEC,lhglhgl
B0141O2MEM,lhglhgl
B0122ADE4E,lhglhgl
B00W8C191M,lhglhgl
B00W5VMKZU,lhglhgl
B00SNS1M3K,lhglhgl
B00R8G5U8G,lhglhgl
B00NMS1IA8,lhglhgl
B00NCMQYTY,lhglhgl
B00MS34VJS,lhglhgl
B00GP8XC4M,lhglhgl
B00GB7K9JI,lhglhgl
B00H8N98VE,lhglhgl
B074WG246P,lhglhgl
B092YNNDF4,lhglhgl
B08YXYFZM9,lhglhgl
B07Y8VKCW2,lhglhgl
B092YFW7J3,lhglhgl
B00CETSG7Y,lhglhgl
B07TV49SKV,lhglhgl
B00942X5EI,lhglhgl
B07TV42PF2,lhglhgl
B08M8YT513,lhglhgl
B07TJTTSKV,lhglhgl
B00OOCMG3E,lhglhgl
B07CQ1PJTV,lhglhgl
B0933JT79T,lhglhgl
B07C8LSR8F,lhglhgl
B001ANRPQI,lhglhgl
B000WX4IMG,lhglhgl
B000WP5SN2,lhglhgl
B000VZF71Q,lhglhgl
B000RDORU4,lhglhgl
B000H5WYXE,lhglhgl
B000F8T1XY,lhglhgl
B000F8R0C8,lhglhgl
B000DZ9LXO,lhglhgl
B000BKEBUE,lhglhgl
B00FU438Z0,lhglhgl
B00C7Y23CK,lhglhgl
B00AY4ABXS,lhglhgl
B00ANA23SY,lhglhgl
B00A9THK8C,lhglhgl
B008Z709RY,lhglhgl
B007Y8U43E,lhglhgl
B00749SXD6,lhglhgl
B0068AF0EW,lhglhgl
B005K02166,lhglhgl
B005EGKOIS,lhglhgl
B0056J62CA,lhglhgl
B004KYNYQO,lhglhgl
B004KO97LU,lhglhgl
B001U7ZYTY,lhglhgl
B001CJN7JE,lhglhgl
B0B912ZRW8,lhglhgl
B09WSS3F9X,lhglhgl
B09V4D3Y33,lhglhgl
B09SYYDF8C,lhglhgl
B09RQZLDHL,lhglhgl
B09QX2JTHL,lhglhgl
B09QV81DGY,lhglhgl
B09QT5CTBZ,lhglhgl
B09QT452RC,lhglhgl
B09QSYRP6L,lhglhgl
B09Q63BFWH,lhglhgl
B09DN1MCCZ,lhglhgl
B09C6DF25Z,lhglhgl
B09B7X2GPW,lhglhgl
B097S731SL,lhglhgl
B096YJPT87,lhglhgl
B09435QYCG,lhglhgl
B0934VCNGK,lhglhgl
B092RKC3JS,lhglhgl
B092RJNZ9G,lhglhgl
B092RJF81L,lhglhgl
B092R15ZVG,lhglhgl
B092HV9Z69,lhglhgl
B091D5L3GG,lhglhgl
B0915DMCLT,lhglhgl
B08ZXYND7G,lhglhgl
B08ZT371MT,lhglhgl
B08ZDWD35B,lhglhgl
B08ZDV4F3Q,lhglhgl
B08ZDSVQSC,lhglhgl
B08ZCBHP4F,lhglhgl
B08XYK39J4,lhglhgl
B08BT62ZWQ,lhglhgl
B00XRE21M6,lhglhgl
B0855XDZLR,lhglhgl
B00UHF8U6Y,lhglhgl
B071KSY99J,lhglhgl
B00ODUXFVO,lhglhgl
B001CO3ITI,lhglhgl
B00J48SXJY,lhglhgl
B000GZMPNO,lhglhgl
B00462AB3E,lhglhgl
B000COTHKI,lhglhgl
B002E7WQHM,lhglhgl
B000CHBMV2,lhglhgl
B002E1X2IU,lhglhgl
B0CJLF8G2N,lhglhgl
B0CHYBZTY8,lhglhgl
B001DVQXM4,lhglhgl
B01K7KXWRK,lhglhgl
B0BN21VVG3,lhglhgl
B01JDDD6R8,lhglhgl
B0BBS5CQ3V,lhglhgl
B0197C4HYQ,lhglhgl
B09KV8PS65,lhglhgl
B01517XC6U,lhglhgl
B09KTWY7VG,lhglhgl
B010XU3FCQ,lhglhgl
B095YRB64C,lhglhgl
B010XU3FAI,lhglhgl
B0951L9L4W,lhglhgl
B010XU2IUG,lhglhgl
B08Z39QHW7,lhglhgl
B00XRE6NO8,lhglhgl
B08XYJVTFW,lhglhgl
B08XYJL7SM,lhglhgl
B08XYJ81PN,lhglhgl
B08XYHMYBK,lhglhgl
B08XYHJLRK,lhglhgl
B08XYH6MCD,lhglhgl
B08WHQMG1Q,lhglhgl
B08VW66T2V,lhglhgl
B08QV7F9ZH,lhglhgl
B08P5579M4,lhglhgl
B08NRG518V,lhglhgl
B08N8F7H51,lhglhgl
B08MW99JCK,lhglhgl
B08MJQK6ZC,lhglhgl
B08M964T5H,lhglhgl
B08M5JMXFH,lhglhgl
B09Z3SYZXR,lhglhgl
B078NXJ35N,lhglhgl
B06XDXGSKX,lhglhgl
B078HTDJKM,lhglhgl
B013IN6GMG,lhglhgl
B076BT54N3,lhglhgl
B00HAFWSP8,lhglhgl
B07657696N,lhglhgl
B00G9XGVV4,lhglhgl
B075WXG166,lhglhgl
B006ZRUK2A,lhglhgl
B01KSR42LW,lhglhgl
B00VAISLJS,lhglhgl
B01KSR3MF4,lhglhgl
B00FY3L2JG,lhglhgl
B01K7KZ1LU,lhglhgl
B08LP1TS8F,lhglhgl
B08LK3FGMQ,lhglhgl
B08L8GJ9Z1,lhglhgl
B08L871L28,lhglhgl
B08L1WM87C,lhglhgl
B08KYCDH6P,lhglhgl
B08KWJN6R5,lhglhgl
B08KWHWXMF,lhglhgl
B08KWHLQD6,lhglhgl
B08KNYR9KV,lhglhgl
B08KHL31HS,lhglhgl
B08JH8VZYY,lhglhgl
B08JCTVWTL,lhglhgl
B08J7XFFRX,lhglhgl
B08HSQY8ZD,lhglhgl
B08HRBVHVB,lhglhgl
B08F7RDKXK,lhglhgl
B08F79T2DL,lhglhgl
B089VN3BGS,lhglhgl
B087N6XSJT,lhglhgl
B086W6KS3M,lhglhgl
B086FDZHFR,lhglhgl
B086CS79HY,lhglhgl
B0869BPJYZ,lhglhgl
B08699SZS4,lhglhgl
B0862X5WS5,lhglhgl
B085YVFX38,lhglhgl
B085LPK6LS,lhglhgl
B0849LQDDY,lhglhgl
B083VX2CYV,lhglhgl
B083VSCF8F,lhglhgl
B082ZYS583,lhglhgl
B07GRMC8LD,lhglhgl
B07DNK7JG1,lhglhgl
B07DGLFN4B,lhglhgl
B07D5GM6BN,lhglhgl
B079J7R3C8,lhglhgl
B079CQ33DG,lhglhgl
B07949WMDL,lhglhgl
B077XSFJJ3,lhglhgl
B077BGP5G6,lhglhgl
B076WZW94B,lhglhgl
B076132V2P,lhglhgl
B075HXKJGM,lhglhgl
B075H81MLL,lhglhgl
B07586Y2DW,lhglhgl
B0757XMRWY,lhglhgl
B074GX86CV,lhglhgl
B0823482FJ,lhglhgl
B07Z4T3WY2,lhglhgl
B07S2W48F9,lhglhgl
B07R3F6TKY,lhglhgl
B07QR335VQ,lhglhgl
B07QH2YMXM,lhglhgl
B07PS9SH6G,lhglhgl
B07PR7X2B1,lhglhgl
B07PGNZZLR,lhglhgl
B07PGL6B4V,lhglhgl
B07PGKQ37G,lhglhgl
B07NLJ8K4V,lhglhgl
B07H7RLFBF,lhglhgl
B07H7RH2LH,lhglhgl
B07H7PTS8F,lhglhgl
B07H7PC5S3,lhglhgl
B00LBY23U4,lhglhgl
B00G23HF7U,lhglhgl
B00DVR8FHE,lhglhgl
B00BXFT6LK,lhglhgl
B00A1BNP2S,lhglhgl
B009LNL48Y,lhglhgl
B00946ZLDC,lhglhgl
B007IGGKZ8,lhglhgl
B0071AG05Q,lhglhgl
B006ZLDAQ4,lhglhgl
B006ERSAZA,lhglhgl
B006EHP5QM,lhglhgl
B006EFO99I,lhglhgl
B0067OJACC,lhglhgl
B0051XS0F8,lhglhgl
B004JD0180,lhglhgl
B00XRE68JI,lhglhgl
B00XRE4W8C,lhglhgl
B00W2O3VRG,lhglhgl
B00VAITJ4O,lhglhgl
B00VAIP6ZU,lhglhgl
B00VAIFT02,lhglhgl
B00U2EKJ3W,lhglhgl
B00TJRQRSE,lhglhgl
B00T6IYAW6,lhglhgl
B00STRGQXG,lhglhgl
B00PV0JL68,lhglhgl
B00PM92YBW,lhglhgl
B00PM2ECTG,lhglhgl
B00PHHMG4O,lhglhgl
B00M4GECMA,lhglhgl
B00M4GE798,lhglhgl
B074FCBPX4,lhglhgl
B0746SLB6K,lhglhgl
B0733HQ1YZ,lhglhgl
B01LNWAELI,lhglhgl
B01JFSNN9W,lhglhgl
B01IQL8UBA,lhglhgl
B01I5OEBB6,lhglhgl
B01HSIP5TW,lhglhgl
B01HQYZO8A,lhglhgl
B014SEIAWI,lhglhgl
B013INB2HK,lhglhgl
B011J8EJBM,lhglhgl
B011J8ARMW,lhglhgl
B00ZYEK4DA,lhglhgl
B00ZQA59CS,lhglhgl
B00YWCTS2I,lhglhgl
B004H1RS26,lhglhgl
B004E2OPM4,lhglhgl
B0048BFNQ8,lhglhgl
B00403A1T8,lhglhgl
B004036MLY,lhglhgl
B003TSI9SK,lhglhgl
B003Q0RWSY,lhglhgl
B003LFLWEO,lhglhgl
B003CKIIFE,lhglhgl
B001BSOXC6,lhglhgl
B001BFMTNY,lhglhgl
B001555GB2,lhglhgl
B000ZLF4Y6,lhglhgl
B000TUTVSS,lhglhgl
B000T4J4AO,lhglhgl
B000PS59BC,lhglhgl
B000LEWHJ2,lhglhgl
B000GV6MEQ,lhglhgl
B000GV0TQ8,lhglhgl
B000ESDJBK,lhglhgl
B000EM2KQ6,lhglhgl
B000ELYBTQ,lhglhgl
B000ELTFHE,lhglhgl
B000ELTEAC,lhglhgl
B000ELRAEY,lhglhgl
B000EEHFUU,lhglhgl
B000COMYDK,lhglhgl
B000CFJ3BK,lhglhgl
B0009SRV3M,lhglhgl
B00R3KJGUA,lhglhgl
B087BS4GNH,lhglhgl
B00IUP5W7S,lhglhgl
B08HYZZMLF,lhglhgl
B09B9QVD4W,lhglhgl
B0743N3W6S,lhglhgl
B0811ZT7C6,lhglhgl
B0BZSBJ1JS,lhglhgl
B07QZ4J3YJ,lhglhgl
B09R82X91Z,lhglhgl
B07QDV73CS,lhglhgl
B0BZ76SGLC,lhglhgl
B07NMTKMNT,lhglhgl
B00VAIGDXY,lhglhgl
B07FB78PCC,lhglhgl
B000CQ24L0,lhglhgl
B08BQGFDJJ,lhglhgl
B00Z9JYWC4,lhglhgl
B00GKBLS1S,lhglhgl
B07TBNV35D,lhglhgl
B08YQTL9MF,lhglhgl
B00GKBLS22,lhglhgl
B001DELIZS,lhglhgl
B0056ZVVHA,lhglhgl
B09JZ99D51,lhglhgl
B08FHYD4ZT,lhglhgl
B07JNJ44QV,lhglhgl
B007PR8NQO,lhglhgl
B0B9ZP1VRY,lhglhgl
B094NZJGZ4,lhglhgl
B091CDXLVR,lhglhgl
B07WGLWPNC,lhglhgl
B0761JKJXH,lhglhgl
B016VKI99Q,lhglhgl
B009XINWQE,lhglhgl
B006X79ULO,lhglhgl
B000W48ZJW,lhglhgl
B0C61VXQJL,lhglhgl
B0C3R47RGL,lhglhgl
B0C33BMCZK,lhglhgl
B0C2GK4XVG,lhglhgl
B0B7JPM2WC,lhglhgl
B0B7JF7NKX,lhglhgl
B0B7JF4GVW,lhglhgl
B0B7JDSC8V,lhglhgl
B0B7JC6TWJ,lhglhgl
B0B7JBXTTY,lhglhgl
B0B7JBV42C,lhglhgl
B07952SYZH,lhglhgl
B00VAIWOLY,lhglhgl
B0776Z3Z14,lhglhgl
B07YR27979,lhglhgl
B0768GJQXR,lhglhgl
B074X2L75P,lhglhgl
B06XRN1WJY,lhglhgl
B0B7FS5PPR,lhglhgl
B014O40AR0,lhglhgl
B079TMQM2B,lhglhgl
B00OMG1N0E,lhglhgl
B000CIOIL2,lhglhgl
B005AVQ80A,lhglhgl
B08HQ3K9LP,lhglhgl
B0041YI8VO,lhglhgl
B003TPYEJQ,lhglhgl
B0B7J9Q1JJ,lhglhgl
B0B57813PW,lhglhgl
B09WBYY46H,lhglhgl
B09V6VK6N7,lhglhgl
B09TPFK5N7,lhglhgl
B09S8FF7JT,lhglhgl
B09S2PLYHL,lhglhgl
B09QY29KW8,lhglhgl
B09Q9855N2,lhglhgl
B09Q981F6L,lhglhgl
B09Q97KGRP,lhglhgl
B09Q9759QQ,lhglhgl
B09Q96ZM5Q,lhglhgl
B09Q96SKKQ,lhglhgl
B09Q2N6Z2P,lhglhgl
B09PMS1LQC,lhglhgl
B09P9Z5G3K,lhglhgl
B09KM6H518,lhglhgl
B09K3XF4L4,lhglhgl
B09JY1RSWY,lhglhgl
B09JPKJJP9,lhglhgl
B09JKNHG9C,lhglhgl
B09JKL5RSN,lhglhgl
B099C2W6GR,lhglhgl
B098XVTD6C,lhglhgl
B0987C1KZ4,lhglhgl
B097Z1W7TK,lhglhgl
B093HH7LZP,lhglhgl
B092WY63FP,lhglhgl
B0928GM8Z3,lhglhgl
B09256PFLS,lhglhgl
B091CZJ9RS,lhglhgl
B091CQH71M,lhglhgl
B08YNKRC5V,lhglhgl
B08Y8LCTXN,lhglhgl
B08XWMVTXK,lhglhgl
B08XW4FJ24,lhglhgl
B08WRMT9YQ,lhglhgl
B08W23MW7R,lhglhgl
B08SMPWZ45,lhglhgl
B08SJ9FMPH,lhglhgl
B08SJ8BC1P,lhglhgl
B08SBKTZV4,lhglhgl
B08RZ2Q2PN,lhglhgl
B08R9MKJPR,lhglhgl
B08QYPNNLL,lhglhgl
B08QY6ZZ3Z,lhglhgl
B08N8NC1QY,lhglhgl
B08LQSQJR4,lhglhgl
B08LQRGPDL,lhglhgl
B08LMZB7PH,lhglhgl
B08LKPXND4,lhglhgl
B08LG3GB3R,lhglhgl
B08L8GJSRV,lhglhgl
B08L8DCY49,lhglhgl
B08L6MQMF7,lhglhgl
B08L6LGCVP,lhglhgl
B08L5P6BKY,lhglhgl
B08L5N2SD3,lhglhgl
B08L5DKRNY,lhglhgl
B08L5D16PZ,lhglhgl
B08L5CJ8KC,lhglhgl
B08L59HTR4,lhglhgl
B08KTR7L34,lhglhgl
B08MTD7LY8,lhglhgl
B08MJCBKYV,lhglhgl
B08M91DXL7,lhglhgl
B08M8VGDB8,lhglhgl
B08M8SS75L,lhglhgl
B08M665V59,lhglhgl
B08LZPRRQ7,lhglhgl
B08LXZDSZT,lhglhgl
B08LX4Z8WN,lhglhgl
B08LRJP534,lhglhgl
B08LQYPY5D,lhglhgl
B08LQXZ9D6,lhglhgl
B08LQXB7D3,lhglhgl
B08LQWT1B6,lhglhgl
B08LQV8V29,lhglhgl
B08LQTVMBW,lhglhgl
B08KRSS6N4,lhglhgl
B08KHJTB7H,lhglhgl
B08JTV7NLT,lhglhgl
B08JM2RSSG,lhglhgl
B08HY2ZZ1F,lhglhgl
B08HSM8G6P,lhglhgl
B08GP89GCX,lhglhgl
B08GF1H3V8,lhglhgl
B08G56YY13,lhglhgl
B08FRQRXVB,lhglhgl
B08F28HJYQ,lhglhgl
B08DHHT5J8,lhglhgl
B089TWXRB3,lhglhgl
B088Y1577L,lhglhgl
B087LZYY54,lhglhgl
B087J59S78,lhglhgl
B087741FQK,lhglhgl
B0875NBXMK,lhglhgl
B085LT8D5W,lhglhgl
B0851SDG7W,lhglhgl
B084YWL3T8,lhglhgl
B084GJ6RXZ,lhglhgl
B084D5DSTG,lhglhgl
B083W6564Q,lhglhgl
B083PY9BWR,lhglhgl
B081DNYPTN,lhglhgl
B07XP1ZKN1,lhglhgl
B07WDK478K,lhglhgl
B07VDB369B,lhglhgl
B07T3QD8XW,lhglhgl
B07RC5Y931,lhglhgl
B07R75XHSK,lhglhgl
B07P6Z18JT,lhglhgl
B07KSGXXGP,lhglhgl
B07FB8PYTT,lhglhgl
B079QN763V,lhglhgl
B077ZG9DP2,lhglhgl
B077H41CGC,lhglhgl
B072F2JVN5,lhglhgl
B071ZWJM35,lhglhgl
B01N3TN4XI,lhglhgl
B01MU32COI,lhglhgl
B01LNWAEGS,lhglhgl
B01K9M40O0,lhglhgl
B01ECFOU8G,lhglhgl
B00ZQ9FSJ8,lhglhgl
B00VTGRM14,lhglhgl
B00VAIW4TG,lhglhgl
B006EFPXXY,lhglhgl
B006EFNTV2,lhglhgl
B006EFN7MI,lhglhgl
B005VTS4TY,lhglhgl
B005GN587Q,lhglhgl
B004TH1SKG,lhglhgl
B004T3AMMU,lhglhgl
B0035Y5KL2,lhglhgl
B002NF10TK,lhglhgl
B002NEVDKW,lhglhgl
B002JPO9N8,lhglhgl
B0015YZ50U,lhglhgl
B000YCWRXC,lhglhgl
B000OB1GV2,lhglhgl
B000I6PXLW,lhglhgl
B000I6PXGM,lhglhgl
B00UAAC7YC,lhglhgl
B00SNK4EXI,lhglhgl
B00RHAV11I,lhglhgl
B00QI8UNNC,lhglhgl
B00PT42AOG,lhglhgl
B00P852SDO,lhglhgl
B00NPM5884,lhglhgl
B00NPM4L2S,lhglhgl
B00NPM3MZU,lhglhgl
B00NPM373M,lhglhgl
B00NPM2OWC,lhglhgl
B00NPM25TE,lhglhgl
B00NPM1Q6M,lhglhgl
B00NPM129I,lhglhgl
B00NPM101I,lhglhgl
B00NHWKHO2,lhglhgl
B00NHWADJ6,lhglhgl
B00MYDOWT6,lhglhgl
B00KMCJF3O,lhglhgl
B00HWO7QL8,lhglhgl
B00EUNM2TA,lhglhgl
B00DVGP6BS,lhglhgl
B00C6KI0IG,lhglhgl
B00C3NSJVE,lhglhgl
B00BW6DU5S,lhglhgl
B00AMNTNSK,lhglhgl
B00A71M7N0,lhglhgl
B008JPVU6Q,lhglhgl
B007XDAZMK,lhglhgl
B006RJ3IES,lhglhgl
B006EFTBG4,lhglhgl
B006EFSEXK,lhglhgl
B000CQ4BSY,lhglhgl
B000CQ24MO,lhglhgl
B000CHFO8O,lhglhgl
B000CHDLP2,lhglhgl
B000CHDLES,lhglhgl
B000CHBNG6,lhglhgl
B000CHBNB6,lhglhgl
B000CHBMY4,lhglhgl
B00012F3HM,lhglhgl
1619928973,lhglhgl
B009B4WG0S,lhglhgl
B003V7KWB6,lhglhgl
B0819JXL7X,lhglhgl
B08HVKCHHJ,lhglhgl
B093HLG8YZ,lhglhgl
B0046VTVUO,lhglhgl
B08RBX9994,lhglhgl
B07BDFZR3H,lhglhgl
B01NAL2Q53,lhglhgl
B0876BGFKK,lhglhgl
B07YCW4JR7,lhglhgl
B08G8FFCZ7,lhglhgl
B07JMHFRBJ,lhglhgl
B07JNSS6M4,lhglhgl
B09QL68LRZ,lhglhgl
B00O08876W,lhglhgl
B08KZPFRXF,lhglhgl
B08CGHVPYZ,lhglhgl
B000Y87RN6,lhglhgl
B08ZYBGBYK,lhglhgl
B08DK8G46V,lhglhgl
B086BV2BHH,lhglhgl
B007JM0ZT8,lhglhgl
B08SWRV46V,lhglhgl
B077CWJPV4,lhglhgl
B08MXBBNGH,lhglhgl
B094FDKP6D,lhglhgl
163544568X,lhglhgl
B085HL5843,lhglhgl
B07YTKB4RC,lhglhgl
B08ZXL7V5H,lhglhgl
B08JCBQZ3X,lhglhgl
B08ZJWJ4KK,lhglhgl
B005KKNLME,lhglhgl
B08L7Z323F,lhglhgl
B08Q3TPMX8,lhglhgl
B00HNMBGLK,lhglhgl
B07R6BST97,lhglhgl
B077MFLKG7,lhglhgl
B08LZCJBJ2,lhglhgl
B07RL2Y9GT,lhglhgl
B00DCCSJTM,lhglhgl
B084RLS2H5,lhglhgl
B091KL9MLH,lhglhgl
B075KGN3M4,lhglhgl
B08FC3Z6ZK,lhglhgl
B071G11KBN,lhglhgl
B08XX7W3DR,lhglhgl
B084BXRVZT,lhglhgl
B08ZHL8PND,lhglhgl
B08RBY7CV8,lhglhgl
B08PG5PGG2,lhglhgl
B079JQB46J,lhglhgl
B01HFD0QJE,lhglhgl
B000XBJ3AE,lhglhgl
B000CQ21J0,lhglhgl
B08MX949BH,lhglhgl
B08LR42RSH,lhglhgl
B07TVF32GB,lhglhgl
B07J5XM1S5,lhglhgl
B092DHGP83,lhglhgl
B08MXB16QB,lhglhgl
B08LTBZWCN,lhglhgl
B07B2SDQH9,lhglhgl
B08JH6ZQK4,lhglhgl
B08J7YW12V,lhglhgl
B08J7N9QBS,lhglhgl
B08GKZC3BT,lhglhgl
B08F4TPF7W,lhglhgl
B088W9NXNH,lhglhgl
B087JBF99T,lhglhgl
B08778F85J,lhglhgl
B08773JCC4,lhglhgl
B086WPDKFG,lhglhgl
B086R8693P,lhglhgl
B085HCHXM3,lhglhgl
B085DF7QGT,lhglhgl
B0854QT9NK,lhglhgl
B0854BBSG4,lhglhgl
B085423XP2,lhglhgl
B09T5WWKRF,lhglhgl
B08ZCW8V61,lhglhgl
B08ZC7QFQ8,lhglhgl
B08SBWGV8R,lhglhgl
B08MXBMWG1,lhglhgl
B08L4835T2,lhglhgl
B0854RNYN2,lhglhgl
B081SMKKM4,lhglhgl
B0814QVGHK,lhglhgl
B07WGFK7QN,lhglhgl
B07M5JC2QF,lhglhgl
B07K2VQ5J8,lhglhgl
B0764JJ7J7,lhglhgl
B075JDH16R,lhglhgl
B0187VF1E8,lhglhgl
B000VH48U0,lhglhgl
B000V8CO2S,lhglhgl
B0CPPP5B2K,lhglhgl
B0CGWM72QX,lhglhgl
B0BYMQJ9VB,lhglhgl
B09YGGN4NC,lhglhgl
B09HN9B7KR,lhglhgl
B09GK1XJGP,lhglhgl
B09DCQ2RSN,lhglhgl
B09D3CGLYM,lhglhgl
B0999PM1FB,lhglhgl
B0999NNV8Z,lhglhgl
B0974KR1D2,lhglhgl
B09698W32N,lhglhgl
B092Y42QQC,lhglhgl
B091YM49F5,lhglhgl
B091QBBK6T,lhglhgl
B01JF8WPQO,lhglhgl
B01I3D6572,lhglhgl
B01HIYOA60,lhglhgl
B01988MUHK,lhglhgl
B00W8C11YW,lhglhgl
B00TYVS8D2,lhglhgl
B00SVIPJGI,lhglhgl
B00SQTK44Y,lhglhgl
B00NVPTNFY,lhglhgl
B00B4I7X8E,lhglhgl
B00A9TI194,lhglhgl
B00A9TFO94,lhglhgl
B009S5FAXA,lhglhgl
B009S5F15W,lhglhgl
B009DA973E,lhglhgl
B008OAF9AE,lhglhgl
B0072L0JEW,lhglhgl
B0069FMR6A,lhglhgl
B005GA2M78,lhglhgl
B004YQYCF0,lhglhgl
B003GDISHK,lhglhgl
B002YDPJKW,lhglhgl
B001TR9AW2,lhglhgl
B000KKLHO8,lhglhgl
B0006TU9ME,lhglhgl
1574898175,lhglhgl
B091D5QP7B,lhglhgl
B0912F1CY7,lhglhgl
B08Z7D1422,lhglhgl
B08XYSHF99,lhglhgl
B08XYS28WV,lhglhgl
B08XDJ6DJT,lhglhgl
B08QHX1MFM,lhglhgl
B08QGQHV1G,lhglhgl
B08PP15JR5,lhglhgl
B08MX8XNZ4,lhglhgl
B08M63HXQH,lhglhgl
B08L93MMM2,lhglhgl
B08L4T2T35,lhglhgl
B08KJ88HZR,lhglhgl
B08K4SKQHG,lhglhgl
B08JTP78ZJ,lhglhgl
B0851SFMQG,lhglhgl
B0851R8524,lhglhgl
B0851Q786H,lhglhgl
B084T84ZQ1,lhglhgl
B084S6YTBZ,lhglhgl
B084DMJS9D,lhglhgl
B084DMF7FV,lhglhgl
B084DLY12Z,lhglhgl
B0843NQS2J,lhglhgl
B083XPPRW7,lhglhgl
B0837GFFT8,lhglhgl
B0837FB5PK,lhglhgl
B081SGTTW5,lhglhgl
B07QSRZ4PG,lhglhgl
B07KLYPR69,lhglhgl
B07HHJH14P,lhglhgl
B01DPFFTK2,lhglhgl
B084D22F2M,lhglhgl
B003TQ0MP0,lhglhgl
B000LETYQQ,lhglhgl
B08NDK83NM,lhglhgl
B09152LDZR,lhglhgl
B08P1X9P6L,lhglhgl
B08N8RBBMB,lhglhgl
B08LMS3W6Z,lhglhgl
B084VJWKM9,lhglhgl
B07PQSSKC3,lhglhgl
B073BGQ2BK,lhglhgl
B01JKZ9ISA,lhglhgl
B00U2DYRUY,lhglhgl
B0C61SQTX1,lhglhgl
B0C3RRFJ6M,lhglhgl
B0BNBLCWY5,lhglhgl
B0B5L34SJB,lhglhgl
B09Y1WFG63,lhglhgl
B09Y1BD2ZL,lhglhgl
B09RK7GGFK,lhglhgl
B09PZJHZCX,lhglhgl
B09PB2YZRJ,lhglhgl
B09P9NM42V,lhglhgl
B09JDNHGL3,lhglhgl
B09BJ8XCFR,lhglhgl
B0995RDLQ9,lhglhgl
B0934S2LY9,lhglhgl
B092VFW53R,lhglhgl
B092HK2SJR,lhglhgl
B091CR9HL3,lhglhgl
B08ZSYXKSL,lhglhgl
B07G39KKQP,lhglhgl
B07FKJ9QQ6,lhglhgl
B07D6WV2DK,lhglhgl
B07CZF9D89,lhglhgl
B07BRCC5P9,lhglhgl
B07B1NTV55,lhglhgl
B0783PCBBC,lhglhgl
B076HY1P4M,lhglhgl
B075SX94CD,lhglhgl
B075FW1QWS,lhglhgl
B074WM4HYL,lhglhgl
B073SKFJB5,lhglhgl
B071NQB7P7,lhglhgl
B06XTXXJ98,lhglhgl
B06XK8PTYL,lhglhgl
B01NBVSSPS,lhglhgl
B07FDP7FSR,lhglhgl
B093Q7K9ZZ,lhglhgl
B00339JDAI,lhglhgl
B093CW6BDK,lhglhgl
B08RLDG8V1,lhglhgl
B09291RMJC,lhglhgl
B0CBWJH126,lhglhgl
B07Y43FX28,lhglhgl
B01MQYQ0IZ,lhglhgl
B07Y3WMDYL,lhglhgl
B017J2W80Q,lhglhgl
B07WTQFCKX,lhglhgl
B083VZDGVF,lhglhgl
B07HYQVGZ3,lhglhgl
B0973KH9JM,lhglhgl
B07H91QVJJ,lhglhgl
B07HR98MKV,lhglhgl
B079W5ZXPN,lhglhgl
B08Z36QD8Y,lhglhgl
B077G736FZ,lhglhgl
B08LDVH2LD,lhglhgl
B01JSVH11C,lhglhgl
B0006MY7F6,lhglhgl
B01AZS68S4,lhglhgl
B018A39EIW,lhglhgl
B00PM8S8IQ,lhglhgl
B0035Y26TG,lhglhgl
B00AEE61QY,lhglhgl
B082WZVCD7,lhglhgl
B00567F5AW,lhglhgl
B08YJGGGXJ,lhglhgl
B08JZL5G3R,lhglhgl
B08KHN92XQ,lhglhgl
B08KH8FFBZ,lhglhgl
B08JYSDWRY,lhglhgl
B08JHNXZ5Y,lhglhgl
B08J8FTLB3,lhglhgl
B08HN18WDL,lhglhgl
B08GX4VMQP,lhglhgl
B08FF49BTJ,lhglhgl
B08DYD97R8,lhglhgl
B08CT1LLS4,lhglhgl
B08CG1LFB7,lhglhgl
B086XHY6LF,lhglhgl
B086WBXBZX,lhglhgl
B085XR7B2M,lhglhgl
B085R45XS5,lhglhgl
B085PY6P4L,lhglhgl
B08558TJGF,lhglhgl
B084LB7P5M,lhglhgl
B084D5GD92,lhglhgl
B083XMHCF8,lhglhgl
B083W1X52H,lhglhgl
B081V9NZ6Y,lhglhgl
B081GGRKGB,lhglhgl
B081GGRKG9,lhglhgl
B081GC6XSC,lhglhgl
B081GC5PNP,lhglhgl
B081G884PQ,lhglhgl
B081G6QKY9,lhglhgl
B07Y1H9DDX,lhglhgl
B07WH3PW6P,lhglhgl
B07VLJ2T1V,lhglhgl
B07SRJNP93,lhglhgl
B07RC55LTQ,lhglhgl
B07PSP62HY,lhglhgl
B07PQZNGPK,lhglhgl
B07KTL5BP1,lhglhgl
B07GSGTWCF,lhglhgl
B078VB8BXL,lhglhgl
B0787P4794,lhglhgl
B06Y26NPM3,lhglhgl
B06XCPXNB1,lhglhgl
B01MSJ3I9S,lhglhgl
B01JKZ4SCG,lhglhgl
B01IURWAG6,lhglhgl
B01IF3ZBO8,lhglhgl
B01EDCIQTM,lhglhgl
B01CQYX3EC,lhglhgl
B08XXDT9GT,lhglhgl
B08X227MR1,lhglhgl
B08X1BGQVZ,lhglhgl
B08TTQ4MW8,lhglhgl
B08R5SPVP3,lhglhgl
B08QX8T4XY,lhglhgl
B08QJQPH41,lhglhgl
B08QF7FMMQ,lhglhgl
B08PYT94GS,lhglhgl
B08MCXVR9H,lhglhgl
B08MCW3YBT,lhglhgl
B08LNXTXND,lhglhgl
B08L9CD73Y,lhglhgl
B08KWGKBD8,lhglhgl
B08KHRH5C2,lhglhgl
B00VSEZD54,lhglhgl
B00TOGAIJY,lhglhgl
B00QYB7I9A,lhglhgl
B00QYB72WS,lhglhgl
B00QYB6C8I,lhglhgl
B00PSOAIQO,lhglhgl
B00PJ968HG,lhglhgl
B00PHHMFWC,lhglhgl
B00O2D39RC,lhglhgl
B00NHWR8CQ,lhglhgl
B00NCHXM1M,lhglhgl
B00NCHXEKQ,lhglhgl
B00NBBYFMO,lhglhgl
B00MG1R7J8,lhglhgl
B00MG1R0LI,lhglhgl
B00MG1LXO8,lhglhgl
B00M4OFA8M,lhglhgl
B00M4OF6PE,lhglhgl
B00M4OF1GS,lhglhgl
B00LPIT8FO,lhglhgl
B00IHM3Q9A,lhglhgl
B00IHLIZ60,lhglhgl
B00FK8U0AW,lhglhgl
B00DVGP3J8,lhglhgl
B009YIQXXC,lhglhgl
B009VAFWWQ,lhglhgl
B007ZDNN9A,lhglhgl
B0071Q5ASS,lhglhgl
B0071IFFX6,lhglhgl
B006ZODOQC,lhglhgl
B006JFL1XK,lhglhgl
B006EGMYMG,lhglhgl
B00MG1LQQI,lhglhgl
B00MG1LP82,lhglhgl
B00MG1LA5K,lhglhgl
B00MG1L050,lhglhgl
B00MDBKKFO,lhglhgl
B00MDBKHRU,lhglhgl
B00MDBKDR4,lhglhgl
B00MDBK89M,lhglhgl
B00MDBK856,lhglhgl
B00MD9UPCO,lhglhgl
B00M4OHE4K,lhglhgl
B00M4OH198,lhglhgl
B00M4OGR6Q,lhglhgl
B00M4OGMSY,lhglhgl
B00M4OFKMI,lhglhgl
B00M4OFFO6,lhglhgl
B006EFT952,lhglhgl
B006EFR8XM,lhglhgl
B006EFQ5P4,lhglhgl
B006B21H12,lhglhgl
B004K1RNFU,lhglhgl
B004JKNS0G,lhglhgl
B0042XREK0,lhglhgl
B0041SL7AE,lhglhgl
B003TQ06Q0,lhglhgl
B003B7VQMK,lhglhgl
B001HWGEHI,lhglhgl
B001FQLSIQ,lhglhgl
B001E0JKOW,lhglhgl
B001BQBCHW,lhglhgl
B000XIVOBI,lhglhgl
B000UK9SXK,lhglhgl
B0727RH3CL,lhglhgl
B08N68DLFC,lhglhgl
B00JJ6O714,lhglhgl
B07RPB26SN,lhglhgl
B09DM5XXH8,lhglhgl
B092CH3N79,lhglhgl
B07PVSF79T,lhglhgl
B000N8GDGO,lhglhgl
B000GZOSP2,lhglhgl
B000CQ4BG6,lhglhgl
B000CQ005M,lhglhgl
B000CHG0RI,lhglhgl
B000CHDLCK,lhglhgl
B000C83O1W,lhglhgl
1635441226,lhglhgl
163544120X,lhglhgl
0764986783,lhglhgl
B07K1LFLZT,lhglhgl
B00TG2MVNC,lhglhgl
B0768F4GCZ,lhglhgl
B0075323W8,lhglhgl
B071YS8B89,lhglhgl
B01IANBQDS,lhglhgl
B06XF1WP6M,lhglhgl
B010U5TLPE,lhglhgl
B01N06LIMB,lhglhgl
B08DY47D7Z,lhglhgl
B01KB8XVOC,lhglhgl
B09HRLRGK3,lhglhgl
B07Q9QMM5S,lhglhgl
B07GDHNYTH,lhglhgl
B009LNG85S,lhglhgl
B07PXWQZ1Q,lhglhgl
B08562HXLC,lhglhgl
B07K1LWSJW,lhglhgl
B000NUYC2E,lhglhgl
B0768FJHQH,lhglhgl
B015JDBVC8,lhglhgl
B01CEE99WO,lhglhgl
B00S0NFJTG,lhglhgl
B07GZK73TQ,lhglhgl
B077KDMSKM,lhglhgl
B08ZK8S27Y,lhglhgl
B08ZJNKX2P,lhglhgl
B08ZD5QSF7,lhglhgl
B08VW9W78T,lhglhgl
B08NC5LTTJ,lhglhgl
B08MW5Z1HJ,lhglhgl
B08LNVDMPV,lhglhgl
B08LKVSDMF,lhglhgl
B08KGJHPB8,lhglhgl
B08K2DHW3P,lhglhgl
B08FYG2WND,lhglhgl
B08C55JJTT,lhglhgl
B086KX9PQG,lhglhgl
B086DL6GJ2,lhglhgl
B086DKGDYT,lhglhgl
B07MWG8GPR,lhglhgl
B0925ZW17J,lhglhgl
B08YXNKV1Y,lhglhgl
B003HKN55C,lhglhgl
B004SJUGPI,lhglhgl
B0925ZJ9BK,lhglhgl
B001JT5QV4,lhglhgl
B00UGQ6DFO,lhglhgl
B00QMSOW9Y,lhglhgl
B0925XV9LR,lhglhgl
B08VHHXGTB,lhglhgl
B00HSHPYK4,lhglhgl
B00QMSP0KY,lhglhgl
B08XXZT3LZ,lhglhgl
B01IPEWCA8,lhglhgl
B07WSPC6BP,lhglhgl
B093D9GMZ3,lhglhgl
B0122O4ZXO,lhglhgl
B004K4JPB2,lhglhgl
B007F0ZY72,lhglhgl
B083DMYH1C,lhglhgl
B01GWERUPK,lhglhgl
B00M8U3UVG,lhglhgl
B07WKF4SWP,lhglhgl
B00019NPTS,lhglhgl
B000CQ6J4S,lhglhgl
B09CDHXP6Z,lhglhgl
B0859JDMNC,lhglhgl
B08KJ9C5VK,lhglhgl
B0873165MD,lhglhgl
B07TH9NZBC,lhglhgl
B07R7NMKR4,lhglhgl
B00LSQML52,lhglhgl
B098ZM9FHD,lhglhgl
B08LZVTTR7,lhglhgl
B084DM83R3,lhglhgl
B07M97K979,lhglhgl
B07M5BG3J3,lhglhgl
B0785P3LV6,lhglhgl
B073Y4X4Y3,lhglhgl
B00QFH6KC4,lhglhgl
B00IHM4O50,lhglhgl
B09Y5CLYHF,lhglhgl
B09TRBVY2F,lhglhgl
B09BQTZY9D,lhglhgl
B091GYCWY5,lhglhgl
B08ZNCJHZF,lhglhgl
B08ZKD2GR7,lhglhgl
B01ES8JNH0,lhglhgl
B07RMKDBG5,lhglhgl
B003NA54M8,lhglhgl
B0762NTDCF,lhglhgl
B001IA9U48,lhglhgl
B08Z6YLWVB,lhglhgl
B0855C9461,lhglhgl
B072XK9M6J,lhglhgl
B08LSVJGZK,lhglhgl
B08LSSFV8B,lhglhgl
B08KT1V9JY,lhglhgl
B084M61LT9,lhglhgl
B07G5VYLN8,lhglhgl
B01IAZ857Q,lhglhgl
B01DPK3FD0,lhglhgl
B00T56Q4E6,lhglhgl
B01NBERHAO,lhglhgl
B01M4JF6LJ,lhglhgl
B01J74FII8,lhglhgl
B01ED3ENWA,lhglhgl
B01E93LY8K,lhglhgl
B00GGK1RBO,lhglhgl
B00ADYRXWQ,lhglhgl
B00A9TGXB2,lhglhgl
B0099S4S98,lhglhgl
B0091OZLTQ,lhglhgl
B008QEW7KS,lhglhgl
B0067M0ZAU,lhglhgl
B0055DN5UO,lhglhgl
B0047XQZ1Y,lhglhgl
B0045ZR63K,lhglhgl
B0035R0S3E,lhglhgl
B085MJ4ZTF,lhglhgl
B084DMWY6J,lhglhgl
B08466QF71,lhglhgl
B083JD2D42,lhglhgl
B0837989ZK,lhglhgl
B08126J5QR,lhglhgl
B07YSZZCF6,lhglhgl
B07W43G4XQ,lhglhgl
B07TF9QD8R,lhglhgl
B07QPSGY3K,lhglhgl
B07L8WC5LV,lhglhgl
B077NZ3TH6,lhglhgl
B077L7QXZL,lhglhgl
B077H3TJMV,lhglhgl
B076NNGMFJ,lhglhgl
B072FVNR4L,lhglhgl
B001CGH9EG,lhglhgl
B0016Z4SWO,lhglhgl
B000Y89RTI,lhglhgl
B000XAUM3M,lhglhgl
B000WUB9CQ,lhglhgl
B000W7SLR0,lhglhgl
B000T8Z63Y,lhglhgl
B000PIGMAE,lhglhgl
B000KKX41W,lhglhgl
B000I94F18,lhglhgl
B000GU0PAY,lhglhgl
B000BWPGX8,lhglhgl
1574896873,lhglhgl
B00XRDZ3R2,lhglhgl
B07XC2MYNY,lhglhgl
B0012YF25Q,lhglhgl
B00PXGOJ4Y,lhglhgl
B09VKG3NX6,lhglhgl
B08VRVLG82,lhglhgl
B08HR674XV,lhglhgl
B099BFD4QG,lhglhgl
B07D9BSRBG,lhglhgl
B000N8GUF8,lhglhgl
B00F8Q3ZGM,lhglhgl
B002GH86Y2,lhglhgl
1586504231,lhglhgl
B00VAIP1BO,lhglhgl
B09981MTWC,lhglhgl
B097Y2JWZY,lhglhgl
B096T5XVHY,lhglhgl
B07XXZLC2H,lhglhgl
B096GRRPJD,lhglhgl
B083B635V2,lhglhgl
B09WH45WK2,lhglhgl
B09JRT4F4T,lhglhgl
B00XRDZ3T0,lhglhgl
B07NWFB2S9,lhglhgl
B08LPX819J,lhglhgl
B08JM3G71B,lhglhgl
B07LC5VZWR,lhglhgl
B098ZSDP9M,lhglhgl
B0BGZG9NRF,lhglhgl
B07HYHRRZC,lhglhgl
B07BYZQZ3M,lhglhgl
B08CSVG9PG,lhglhgl
B08YRGL8P5,lhglhgl
B08KZV57Z4,lhglhgl
B07SC6QGCQ,lhglhgl
B08M5GC4C6,lhglhgl
B087BZKZRT,lhglhgl
B009EE1NRM,lhglhgl
B08ZSDLJCR,lhglhgl
B005DS59WI,lhglhgl
B005JRMU8O,lhglhgl
B08NVL7L7N,lhglhgl
B00Y4XPR34,lhglhgl
B00MB8CHM8,lhglhgl
B0823W6SC6,lhglhgl
B0094D4X5C,lhglhgl
B0849SQ6M6,lhglhgl
B0122OL8IE,lhglhgl
B07F3TY6MX,lhglhgl
B07FM7C19M,lhglhgl
B00KQ6EQ08,lhglhgl
1420650343,lhglhgl
B08CY7792G,lhglhgl
B078NHGJXK,lhglhgl
B0079MKIH2,lhglhgl
B07T92D77C,lhglhgl
B09447RPG6,lhglhgl
B0171ANNSW,lhglhgl
B086GB8BCY,lhglhgl
B08ZRSQB74,lhglhgl
B08C297QGF,lhglhgl
B08J85TLW5,lhglhgl
B08YYCQ7DK,lhglhgl
B087JGM9HG,lhglhgl
B0080741HS,lhglhgl
B083SLDG4F,lhglhgl
B07ST573DQ,lhglhgl
B01IJ8N2Z4,lhglhgl
B000MS6X9M,lhglhgl
B071FYG83R,lhglhgl
B08MQFYGMQ,lhglhgl
B083XVMR1R,lhglhgl
B07RW7LJKT,lhglhgl
B016WZAQ3W,lhglhgl
B08LQMHK39,lhglhgl
B001VNKZUU,lhglhgl
B08PDCDKVP,lhglhgl
B08GY8G87D,lhglhgl
1619926660,lhglhgl
1619923904,lhglhgl
B08L53D11H,lhglhgl
B08L38B2LB,lhglhgl
B08JYKKM3Z,lhglhgl
B08JLSZ8XW,lhglhgl
B08JLDT1HL,lhglhgl
B08JGJ96B2,lhglhgl
B08JCBN5MQ,lhglhgl
B08J7N2ZWM,lhglhgl
B08J4FMZVZ,lhglhgl
B08GBTDW7L,lhglhgl
B08FRJQZHF,lhglhgl
B08DXFHBKB,lhglhgl
B08DM2JM91,lhglhgl
B08D6XQV8P,lhglhgl
B08CDL21R1,lhglhgl
B08BZMJD48,lhglhgl
B0B7VVZ2YP,lhglhgl
B09WVDZZFP,lhglhgl
B08PTKRNMG,lhglhgl
B083WDJ16Q,lhglhgl
B07Z76W9VH,lhglhgl
B07M5BTRPH,lhglhgl
B00NA5ZFRA,lhglhgl
B0BDVMVVNG,lhglhgl
B08MFBK4KV,lhglhgl
B0995ZFY5M,lhglhgl
B08T1YQ3CD,lhglhgl
B08LL82JFM,lhglhgl
B08JHBGCYT,lhglhgl
B08HVRJQ9J,lhglhgl
B08HCKPCJ9,lhglhgl
B08C29728B,lhglhgl
B07XW1XTYF,lhglhgl
B07NCRVJDH,lhglhgl
B00ASR5492,lhglhgl
B0000AVX8P,lhglhgl
B09J2DYRY4,lhglhgl
B09GNS2PWS,lhglhgl
B09DKLNG6Q,lhglhgl
B09CTJS9HQ,lhglhgl
B09BZLPGNV,lhglhgl
B092W54623,lhglhgl
B0922S1YYS,lhglhgl
B0912FZXN9,lhglhgl
B08ZYW8WX1,lhglhgl
B08YMMLGDQ,lhglhgl
B08QMFWBZH,lhglhgl
B08M2GM51D,lhglhgl
B0BN22ZSX4,lhglhgl
B08GF7MYS4,lhglhgl
B001GQFBYM,lhglhgl
B084RKQ2SP,lhglhgl
B07JJNFPR2,lhglhgl
B07TV585XB,lhglhgl
B002M3XF46,lhglhgl
B07STD38G1,lhglhgl
B000HEHEB2,lhglhgl
B000FSTOPE,lhglhgl
B000BQPW8S,lhglhgl
B09T93LDJ6,lhglhgl
B00JPJTOU4,lhglhgl
B005KKPVKE,lhglhgl
B086D5Y72Y,lhglhgl
B07V45R3WQ,lhglhgl
B08WH8M4N7,lhglhgl
B07V45PVG7,lhglhgl
B074K8Q2NG,lhglhgl
B07V44W2YP,lhglhgl
B09SZ7YLYY,lhglhgl
B07TV5LXHW,lhglhgl
B08747JT73,lhglhgl
B086626FKP,lhglhgl
B08653NHQN,lhglhgl
B08613NMFZ,lhglhgl
B085RHWPLM,lhglhgl
B085HMQ4B4,lhglhgl
B083SG767H,lhglhgl
B083JD9NGV,lhglhgl
B07ZKNWCK4,lhglhgl
B07ZDKC9NM,lhglhgl
B07YXMTQZD,lhglhgl
B07VCFX5W5,lhglhgl
B07QB11HLP,lhglhgl
B07NGQKCQR,lhglhgl
B07GLQKT9Y,lhglhgl
B07FD9TTPS,lhglhgl
B07F2JPCYZ,lhglhgl
B076NB4P22,lhglhgl
B0725LNBL1,lhglhgl
B0711ZN2KD,lhglhgl
B01MDMLBRN,lhglhgl
B01HE0PF44,lhglhgl
B01H5Q83IW,lhglhgl
B01FSZSGM0,lhglhgl
B0115UT0RW,lhglhgl
B00YAZXNIW,lhglhgl
B00PIOTI88,lhglhgl
B00MJXK0CE,lhglhgl
B00KMDIOVM,lhglhgl
B00G60BFS4,lhglhgl
B00DH36VEG,lhglhgl
B00CJ2F2ZK,lhglhgl
B00C9ZUFRM,lhglhgl
B00BQI29K4,lhglhgl
B009Y7WFB2,lhglhgl
B009S5F4X6,lhglhgl
B007XRASDC,lhglhgl
B0064R1YEE,lhglhgl
B005IU9FO4,lhglhgl
B003RG2F6G,lhglhgl
B0033NQOWY,lhglhgl
B0031BJ0WE,lhglhgl
B0030K6MTK,lhglhgl
B002UXG0JK,lhglhgl
B002URNQIY,lhglhgl
B001UKMJJE,lhglhgl
B001U7GKWO,lhglhgl
B001DTYNMI,lhglhgl
B000GV5U1M,lhglhgl
B08K3W7RC6,lhglhgl
B01N4KCPLQ,lhglhgl
B08746CR9D,lhglhgl
B08ZHJFRQR,lhglhgl
B07PZCX6GB,lhglhgl
B07VD6ZQCJ,lhglhgl
B07V9N58KJ,lhglhgl
B07V9N4PW7,lhglhgl
B07V45THCG,lhglhgl
B003US6X1Y,lhglhgl
B08X3R9WVJ,lhglhgl
B09X874BPJ,lhglhgl
B0072U6SLG,lhglhgl
B08X3QRM7M,lhglhgl
B09T3C1L5H,lhglhgl
B08NHCFYWG,lhglhgl
B0926483ZC,lhglhgl
B08M46ZL72,lhglhgl
B01M8KQXUX,lhglhgl
B08GJMNYZ7,lhglhgl
B08YFC994X,lhglhgl
B07PZCXJZW,lhglhgl
B00O9VF8NK,lhglhgl
B07PZCXDHF,lhglhgl
B09T77H9D3,lhglhgl
B07PZCVX4G,lhglhgl
B00UJ7E18Q,lhglhgl
B07PY87NHD,lhglhgl
B07D4ZLGD2,lhglhgl
B08SGDZS73,lhglhgl
B08NWSVCZ9,lhglhgl
B07PDJ8DKJ,lhglhgl
B086WP2SV7,lhglhgl
B084RFJH4N,lhglhgl
B07DK26PRW,lhglhgl
B00DCS5GF6,lhglhgl
B08MZF4NWD,lhglhgl
B08J4JTCLT,lhglhgl
B0833G72X6,lhglhgl
B00T56QWBQ,lhglhgl
B08ZWVQ6TT,lhglhgl
B09Y5H7S7D,lhglhgl
B007JO22QA,lhglhgl
B08GLRHWFV,lhglhgl
B00BJDTOCW,lhglhgl
B0197NCOMM,lhglhgl
B096T63H85,lhglhgl
B0784NV3FK,lhglhgl
B096T1TT9L,lhglhgl
B001PZ79LC,lhglhgl
B093P4NY23,lhglhgl
B0999KC4RJ,lhglhgl
B07XJRDB59,lhglhgl
B09DKNXTXW,lhglhgl
B0919CW3NN,lhglhgl
B07QV1PLP6,lhglhgl
B077JB847N,lhglhgl
B07QJYFKT1,lhglhgl
B092SS1P2Y,lhglhgl
B07Q139PG3,lhglhgl
B08L3ZMJFQ,lhglhgl
B083DNGSPV,lhglhgl
B01HRF8Q4M,lhglhgl
B083JNDB95,lhglhgl
B0006Q93BU,lhglhgl
B00YNMCJR8,lhglhgl
B00DF1QPBO,lhglhgl
B08QCXW6PF,lhglhgl
B077Y829Q2,lhglhgl
B08THC2LMF,lhglhgl
B08L4JWLGM,lhglhgl
B085MSJVCN,lhglhgl
B003VOVW2C,lhglhgl
B08R1SKK2H,lhglhgl
B097MQZ28K,lhglhgl
B08SRCVBS4,lhglhgl
B08CSLGP1M,lhglhgl
B09P67YWNG,lhglhgl
B07RQVPGSF,lhglhgl
B09HCG5TDX,lhglhgl
B08HVBCYX3,lhglhgl
B07Z3N92RX,lhglhgl
B072N99TJQ,lhglhgl
B07RV85678,lhglhgl
B07W2X4KS6,lhglhgl
B07P7LX48R,lhglhgl
B01JF8W29Y,lhglhgl
B08PHXH1GL,lhglhgl
B000CAVDYA,lhglhgl
B085QLRVTL,lhglhgl
B0842WJWBM,lhglhgl
B07QSB5DVW,lhglhgl
B08C9KM5KB,lhglhgl
B000ZEE5G6,lhglhgl
B076NGSXMK,lhglhgl
B00JONNDUI,lhglhgl
B081FF6R15,lhglhgl
B07RCZD1XF,lhglhgl
B08DJ6QC1N,lhglhgl
B0BC91L5DV,lhglhgl
B07N12M43B,lhglhgl
B08WR49XBS,lhglhgl
B01H88G6DQ,lhglhgl
B0859TXDW2,lhglhgl
B07GV5HC1F,lhglhgl
B01NCVHS6H,lhglhgl
B09J3YDCZS,lhglhgl
B091PM5MPW,lhglhgl
B09KX1F8Y2,lhglhgl
B0992MJJ6M,lhglhgl
B08HFT8Z6R,lhglhgl
B07VFK13NC,lhglhgl
B01N2YPP1O,lhglhgl
B093BPRHQF,lhglhgl
B08HXSD8FW,lhglhgl
B076QGFW8K,lhglhgl
B0012BY0AW,lhglhgl
B09TXCZ9QN,lhglhgl
B08X6X1174,lhglhgl
B08RLGXXJD,lhglhgl
B082WL8NBG,lhglhgl
B078NKCYNC,lhglhgl
B00AC9KYIC,lhglhgl
B002XM3HI0,lhglhgl
B09DDHRP92,lhglhgl
B09BPSBZ21,lhglhgl
B091KPLCW9,lhglhgl
B0917M624P,lhglhgl
B08MCV5TC8,lhglhgl
B08M69KZD1,lhglhgl
B08JGRPLLT,lhglhgl
B08J87JNJX,lhglhgl
B08J85128W,lhglhgl
B08GJ5LJDZ,lhglhgl
B07WP9FX32,lhglhgl
B076QK41ZF,lhglhgl
B071LHBPWL,lhglhgl
B01CSQT7N4,lhglhgl
B00N2AYE8E,lhglhgl
B00GBG1SLM,lhglhgl
B091G5RQNJ,lhglhgl
B091FLHB9Q,lhglhgl
B0918BCGC6,lhglhgl
B08YWRGNVP,lhglhgl
B08YWDK2JL,lhglhgl
B08YQZ6YV6,lhglhgl
B08YNBT6MV,lhglhgl
B08YGVWJ13,lhglhgl
B08Y6B3HYN,lhglhgl
B08QVWF6H3,lhglhgl
B08P6YJBZN,lhglhgl
B08P45CB26,lhglhgl
B08NY781ZN,lhglhgl
B08MTNFHSF,lhglhgl
B08L3Y6NCS,lhglhgl
B08KQJ961M,lhglhgl
B009W26QR8,lhglhgl
B004NB7A1O,lhglhgl
B000UYIQHK,lhglhgl
B000LVEDB0,lhglhgl
B09XQX5BPV,lhglhgl
B09XM4M131,lhglhgl
B09XDHVRR1,lhglhgl
B09KXNY45M,lhglhgl
B098PX583D,lhglhgl
B092JDFVB7,lhglhgl
B092DMQTX1,lhglhgl
B091TH5TBL,lhglhgl
B091MW5MRT,lhglhgl
B091MQZQC8,lhglhgl
B091M3SC9Y,lhglhgl
B091HWQ5NT,lhglhgl
B08691P9TK,lhglhgl
B08691G712,lhglhgl
B086918NSJ,lhglhgl
B0869173R8,lhglhgl
B0862GD7YM,lhglhgl
B085ZTKR45,lhglhgl
B08598GNZ4,lhglhgl
B08576ZQQ6,lhglhgl
B084ZZT1MT,lhglhgl
B084XBZVXR,lhglhgl
B083PXQHRK,lhglhgl
B083FQ7JMD,lhglhgl
B08318WR48,lhglhgl
B07Y1HKSGS,lhglhgl
B07WFN5H8L,lhglhgl
B07SQ7Z6NW,lhglhgl
B08KFP5J6H,lhglhgl
B08K97YR48,lhglhgl
B08JVLRPH8,lhglhgl
B08JVKRKMF,lhglhgl
B08JQBJ4KQ,lhglhgl
B08JG9XW3C,lhglhgl
B08J88RK8Y,lhglhgl
B08J88KW67,lhglhgl
B08J85BX19,lhglhgl
B08HTZM2NB,lhglhgl
B08G8B76R2,lhglhgl
B08G88V6GW,lhglhgl
B08G59VX3B,lhglhgl
B08BZWKXYB,lhglhgl
B08BTN1NKZ,lhglhgl
B086BQYNGD,lhglhgl
B018M06ELS,lhglhgl
B00YHFEFG4,lhglhgl
B00TO3CODK,lhglhgl
B00RXD9M7Y,lhglhgl
B00D57XC9Q,lhglhgl
B00ARZ8EWY,lhglhgl
B009S5GVSI,lhglhgl
B007RFIHKG,lhglhgl
B006WQHNT2,lhglhgl
B0064OX0ZI,lhglhgl
B005I5DD6K,lhglhgl
B002C7Q6KW,lhglhgl
B001U7QA1K,lhglhgl
B001U7LN0I,lhglhgl
B001FQLCZ0,lhglhgl
B0011BMI34,lhglhgl
B07QY1HLVK,lhglhgl
B07PG9TLM1,lhglhgl
B07JHHQMF2,lhglhgl
B07HPYBQGD,lhglhgl
B07H5HX3KV,lhglhgl
B07FK8FB7W,lhglhgl
B07CXLWD4Q,lhglhgl
B07B9VTCQ4,lhglhgl
B077N69BV7,lhglhgl
B075TB52GS,lhglhgl
B074JNG3JM,lhglhgl
B072J32PPK,lhglhgl
B072BXLSQJ,lhglhgl
B01NCNKEGC,lhglhgl
B01KOKNJTY,lhglhgl
B000OB7VI4,lhglhgl
B000KKJN8K,lhglhgl
B000HDKZMS,lhglhgl
B000CSK4GA,lhglhgl
B000CP8MPI,lhglhgl
B07FXZ3NV8,lhglhgl
B071XF1VCK,lhglhgl
B002XM5968,lhglhgl
B0002ZGEO4,lhglhgl
B0075K6NDQ,lhglhgl
B09VT5ZR3K,lhglhgl
B09PYBQQMS,lhglhgl
B08L6KDGZV,lhglhgl
B0727S8YPK,lhglhgl
B000N9ZSTQ,lhglhgl
B07YNB67SP,lhglhgl
B0B71M8T1P,lhglhgl
B0859JF1DM,lhglhgl
B000EEL98E,lhglhgl
B00028QD1U,lhglhgl
B08HTNMFG2,lhglhgl
B084659372,lhglhgl
B083J5R7K7,lhglhgl
B08125WJTK,lhglhgl
B07QKN3GG4,lhglhgl
B07MN3YFKP,lhglhgl
B07BFFTP8T,lhglhgl
B0787TDBPL,lhglhgl
B075JCTM9B,lhglhgl
B01FXVCEQ8,lhglhgl
B013O392L2,lhglhgl
B00DSX9J0S,lhglhgl
B00AB0I2G8,lhglhgl
B009S5F30A,lhglhgl
B007ODHZN6,lhglhgl
B005J9A66U,lhglhgl
B004FGZ2G2,lhglhgl
B08HRXZRX7,lhglhgl
B07KC6XFPJ,lhglhgl
B00M8TYQ1K,lhglhgl
B08CKRTQ93,lhglhgl
B076CXF2WC,lhglhgl
B00TE1L8ZW,lhglhgl
B0CQVB8BLM,lhglhgl
B0CQV9WZHJ,lhglhgl
B0C5D4R2T2,lhglhgl
B092LKGY6D,lhglhgl
B08ZJ6SZT1,lhglhgl
B08X4H3NBR,lhglhgl
B08SBVGVPF,lhglhgl
B08P17S9W4,lhglhgl
B08GCTCDNT,lhglhgl
B086XH4B15,lhglhgl
B07CXLX22T,lhglhgl
B006MUXWZM,lhglhgl
B0BBRQYZPG,lhglhgl
B003B08030,lhglhgl
B07PJTT24Z,lhglhgl
B000UVZJ96,lhglhgl
B07C1JKWSM,lhglhgl
B079TJ1QYX,lhglhgl
B07BJMX6GD,lhglhgl
B09SCTFHWV,lhglhgl
B01MQD545D,lhglhgl
B081TX4Q4C,lhglhgl
B08V85FY1G,lhglhgl
B00XQXCPTC,lhglhgl
B00C2U7DPQ,lhglhgl
B002VVXWCY,lhglhgl
B003GDISSE,lhglhgl
B003F2QEHI,lhglhgl
B001555GBM,lhglhgl
B000UOEPNY,lhglhgl
B000CSN5AM,lhglhgl
B00019NE5I,lhglhgl
1635447240,lhglhgl
1619922010,lhglhgl
B00COHGO7U,lhglhgl
B08ZRY6RGP,lhglhgl
B0002BEVO8,lhglhgl
B099K6B39F,lhglhgl
B087FBCHLH,lhglhgl
B07QXJXLX7,lhglhgl
B08ZSBKFPX,lhglhgl
B09QX4T5DF,lhglhgl
B07Z4N96PQ,lhglhgl
B08CJG2XX8,lhglhgl
B08MCF3BB8,lhglhgl
B002XM5F44,lhglhgl
B09MRW2G1Z,lhglhgl
B084LTPL5X,lhglhgl
B092KVHWRJ,lhglhgl
B08KFMRPBR,lhglhgl
B085Y2VLSL,lhglhgl
B08GXXMRWM,lhglhgl
B08ZJ455Z4,lhglhgl
B098RYTWWY,lhglhgl
B082YW4948,lhglhgl
B08KSLG5J3,lhglhgl
B092DJ4KLD,lhglhgl
B08HQ7VFGW,lhglhgl
B07NKP3L3H,lhglhgl
B083MS1Z5L,lhglhgl
B076KYSPJX,lhglhgl
B081H1L45Y,lhglhgl
B0C7KSF9G9,lhglhgl
B005YUJM3C,lhglhgl
B01GK7FLYQ,lhglhgl
B07Z1PRF1V,lhglhgl
B002Z77KNG,lhglhgl
B08L75Z8NX,lhglhgl
B07PJYLMWD,lhglhgl
B07386RGW1,lhglhgl
B09W218MZK,lhglhgl
B08RBYNPVV,lhglhgl
B08BQ4V75R,lhglhgl
B08J4GWV9S,lhglhgl
B0BYNCTVTF,lhglhgl
B09PMXB7S7,lhglhgl
B085PX3S3R,lhglhgl
B083RFNR54,lhglhgl
B00YU7LA30,lhglhgl
B08GJW8WT2,lhglhgl
B00NFZ9SHS,lhglhgl
B0BFKDTVBF,lhglhgl
B0B87MPHLP,lhglhgl
B09Q34KRR9,lhglhgl
B091M4FCNK,lhglhgl
B086VQ6RSV,lhglhgl
B06XD25GCP,lhglhgl
B002GCHCBU,lhglhgl
B000WA6DWC,lhglhgl
B0BB5ZJZS1,lhglhgl
B09K5SV28Q,lhglhgl
B09J2J8F74,lhglhgl
B08LQKQQZX,lhglhgl
B084LCPVQ7,lhglhgl
B01FWGEVI8,lhglhgl
B00S2XT1WK,lhglhgl
B0006TU9LA,lhglhgl
B09BZ24QGS,lhglhgl
B000W9OYPQ,lhglhgl
B0CS6VDHR8,lhglhgl
B0CJR4GSJL,lhglhgl
B0BYPGWL84,lhglhgl
B09QXGB13W,lhglhgl
B09NLH1WDX,lhglhgl
B09JCJM33H,lhglhgl
B09JB3FTMK,lhglhgl
B09CYTLMMQ,lhglhgl
B099JHQVPN,lhglhgl
B092PLJZCQ,lhglhgl
B09291TMWZ,lhglhgl
B091TJ12W9,lhglhgl
B091TG7JY3,lhglhgl
B091M6WW32,lhglhgl
B091J256MH,lhglhgl
B0998XP92X,lhglhgl
B091Y5PVK1,lhglhgl
B08YN9Q9NV,lhglhgl
B08XX65DV1,lhglhgl
B08Q7Z73Z3,lhglhgl
B08M5W6WXL,lhglhgl
B08HFNDN54,lhglhgl
B08D9BR9Y4,lhglhgl
B084JJY7H7,lhglhgl
B083LR652K,lhglhgl
B07R1W5NC6,lhglhgl
B078YFDBC8,lhglhgl
B076NCZWGB,lhglhgl
B01COO0O3M,lhglhgl
B00AUAF992,lhglhgl
B001U7T0VM,lhglhgl
B08KYF9115,lhglhgl
B08KT3SHGJ,lhglhgl
B08KSMG4HW,lhglhgl
B08KSM1N17,lhglhgl
B08KSLDTH2,lhglhgl
B08KSLC9NY,lhglhgl
B08KSK6SQT,lhglhgl
B08KS3YVH2,lhglhgl
B08JVKK5F2,lhglhgl
B08JPK6PXY,lhglhgl
B08JBRC2DH,lhglhgl
B08J7X6RZY,lhglhgl
B08HCSH8DP,lhglhgl
B08GKJRV4X,lhglhgl
B08F3VM7XS,lhglhgl
B08DQRSRBG,lhglhgl
B078NRWZCK,lhglhgl
B076QKJBMT,lhglhgl
B0768QG6GW,lhglhgl
B074K9VRDJ,lhglhgl
B071GZNHHD,lhglhgl
B06XWCM585,lhglhgl
B06XV89XRG,lhglhgl
B01GPPP07G,lhglhgl
B01F4LNXUI,lhglhgl
B01CGXLNX6,lhglhgl
B017MD1254,lhglhgl
B00VM90CGU,lhglhgl
B00VK3OJM6,lhglhgl
B00TXQ80WM,lhglhgl
B00TO3BYIQ,lhglhgl
B00TO3ADWE,lhglhgl
B08C594WLL,lhglhgl
B086MVGFQS,lhglhgl
B085MHXKSY,lhglhgl
B0859B2156,lhglhgl
B0854HJH1C,lhglhgl
B084T7WNN8,lhglhgl
B083NGT2PX,lhglhgl
B082VZ6YJY,lhglhgl
B07RLS3S97,lhglhgl
B07QW39ZDF,lhglhgl
B07Q18145T,lhglhgl
B07KR485N6,lhglhgl
B07H5MRSDP,lhglhgl
B07DHB49B9,lhglhgl
B07B74SDPP,lhglhgl
B079XWBP77,lhglhgl
B091GY2F5Y,lhglhgl
B08ZJJHBJC,lhglhgl
B08ZGW5B7Q,lhglhgl
B08Z7SWZYW,lhglhgl
B08YMX29T4,lhglhgl
B08YGX6941,lhglhgl
B08XYRK6HQ,lhglhgl
B08SKH792N,lhglhgl
B08RLHPZRD,lhglhgl
B08R7BPH55,lhglhgl
B08NZ38PZS,lhglhgl
B08NZ2GVKZ,lhglhgl
B08M62MTXD,lhglhgl
B08M46MVXX,lhglhgl
B08LVZ474G,lhglhgl
B08L79FC52,lhglhgl
B00RPKUQHU,lhglhgl
B00NTVAEQW,lhglhgl
B00J5YUQFQ,lhglhgl
B00GPA6WJC,lhglhgl
B00GBG19PC,lhglhgl
B00EQWJOX2,lhglhgl
B00EN3HFLM,lhglhgl
B00BQ46XZU,lhglhgl
B0085YM1F0,lhglhgl
B0069FMPOY,lhglhgl
B0065UUGVW,lhglhgl
B005XD3V3W,lhglhgl
B005OMV5LM,lhglhgl
B005CRPOMK,lhglhgl
B004MNSDUK,lhglhgl
B00366YP42,lhglhgl
B002OJ7NI2,lhglhgl
B000WP1USO,lhglhgl
B000UKM90O,lhglhgl
B000U9V2YO,lhglhgl
B000LNKCT0,lhglhgl
B000JFB2VC,lhglhgl
B000H5XQP4,lhglhgl
B000H5S5KU,lhglhgl
B000CQ6G9Q,lhglhgl
B09261D87K,lhglhgl
B00Y4UB6UA,lhglhgl
B07QY3JTVB,lhglhgl
B0925WK7T8,lhglhgl
B091KGVB5Q,lhglhgl
B07WXKCWFS,lhglhgl
B085VKS9X3,lhglhgl
B00029WVL0,lhglhgl
B09BPY5BV9,lhglhgl
B084Z3ZCRZ,lhglhgl
B07LB6FFRW,lhglhgl
B086R5RBMJ,lhglhgl
B07PKK1NSX,lhglhgl
B004N9S72W,lhglhgl
B08MKYZS11,lhglhgl
B000DT7SOY,lhglhgl
B00T0VW4R2,lhglhgl
B07C1DQ9P6,lhglhgl
1574898744,lhglhgl
B09298ST7K,lhglhgl
B003DKQB02,lhglhgl
B091372CVX,lhglhgl
B09W344ZFY,lhglhgl
B08XYTDQ88,lhglhgl
B07RX1W4WV,lhglhgl
B09WJJ8QCK,lhglhgl
B08KFNG22K,lhglhgl
B08YP5R151,lhglhgl
B08R16GZZT,lhglhgl
B08XXFL81T,lhglhgl
B08VMTN95J,lhglhgl
B083WMKGMF,lhglhgl
B07567W355,lhglhgl
B09NRXLVSC,lhglhgl
B00YC2G6CI,lhglhgl
B08K7NPJMJ,lhglhgl
B08R69LD6V,lhglhgl
B08NWTKDR6,lhglhgl
B07RMZ633Y,lhglhgl
B082FZWS78,lhglhgl
B07W3SXFK3,lhglhgl
B07ML5BW95,lhglhgl
B08V16HS7Z,lhglhgl
B0BDVMSF24,lhglhgl
B07VTTZD86,lhglhgl
B01ND3XGWB,lhglhgl
B09SCW4HN5,lhglhgl
B08LZLQ4VV,lhglhgl
B08HRNSX6N,lhglhgl
B0007WTBVU,lhglhgl
B08LQSZBWW,lhglhgl
B086DP1CXC,lhglhgl
B083BP5W47,lhglhgl
B07TM8X6R3,lhglhgl
B07QGKJ4Z1,lhglhgl
B0716YTNQT,lhglhgl
B09WTPC9WN,lhglhgl
B09ST6JY49,lhglhgl
B08TLZJD21,lhglhgl
B08TBN2CL6,lhglhgl
B082FN966N,lhglhgl
B06XKLDC6T,lhglhgl
B00WABLBEG,lhglhgl
B001B6LIQM,lhglhgl
B0C2HQXBCN,lhglhgl
B0BKR4GCCJ,lhglhgl
B0BCWS93ZY,lhglhgl
B0B82SHZ5Z,lhglhgl
B09F2H5TVR,lhglhgl
B097F5TM5Z,lhglhgl
B091TJML41,lhglhgl
B0912QMR78,lhglhgl
B0912JNNV4,lhglhgl
B08ZS9RJXZ,lhglhgl
B08YWZ4XDR,lhglhgl
B08XYRXLGW,lhglhgl
B08XQFBRV4,lhglhgl
B08QD2X6SJ,lhglhgl
B08QCSM7TB,lhglhgl
B08QCGLFFQ,lhglhgl
B08PDZ3C37,lhglhgl
B08P4NJ46S,lhglhgl
B08P1LXV13,lhglhgl
B08MQ37LMD,lhglhgl
B08ML74NQ1,lhglhgl
B08M8SR963,lhglhgl
B08KDP36XK,lhglhgl
B08JGH7VKC,lhglhgl
B08JFX7V91,lhglhgl
B08J9ZGLB9,lhglhgl
B08J3RHQDH,lhglhgl
B08HV3XXYW,lhglhgl
B08HSV8LVS,lhglhgl
B08HRVMY3Z,lhglhgl
B08HNHNWKT,lhglhgl
B08GKKVGF1,lhglhgl
B086VRNTF6,lhglhgl
B086C4B126,lhglhgl
B08694JQJN,lhglhgl
B085HCMF4P,lhglhgl
B085437NLF,lhglhgl
B084V83L2S,lhglhgl
B084QBX6JV,lhglhgl
B083QC4TWG,lhglhgl
B083N627JV,lhglhgl
B0836JV8WY,lhglhgl
B08111B8K8,lhglhgl
B07VFT2HFP,lhglhgl
B07RWQD2ZR,lhglhgl
B07NRLPPQL,lhglhgl
B07NQVL5FP,lhglhgl
B07JHC7F25,lhglhgl
B076DXRGQZ,lhglhgl
B074YWW84Q,lhglhgl
B073RPPMLM,lhglhgl
B06Y39R3NH,lhglhgl
B01LZIRWL2,lhglhgl
B01EZ5WBTS,lhglhgl
B01DG4LCRG,lhglhgl
B00XFAYGXY,lhglhgl
B00TA3YY3W,lhglhgl
B00R8UWRXI,lhglhgl
B00LDYGRCW,lhglhgl
B00K2FBDRM,lhglhgl
B00C6X5TSW,lhglhgl
B00AYE0B3I,lhglhgl
B009XD8ZBQ,lhglhgl
B009TAWYSS,lhglhgl
B0080IUXZQ,lhglhgl
B007NMRLOQ,lhglhgl
B007AOQAEO,lhglhgl
B00749RJUO,lhglhgl
B0069FMFTO,lhglhgl
B005BWAXXQ,lhglhgl
B004YQYB6U,lhglhgl
B002SATNT4,lhglhgl
B002LEICDU,lhglhgl
B00155075C,lhglhgl
B000WPG0TI,lhglhgl
B000VRPIUY,lhglhgl
B000KIDSEM,lhglhgl
1452129312,lhglhgl
B001550CKM,lhglhgl
B08S35ZVLX,lhglhgl
B005JRMS6I,lhglhgl
B07GB7FXVM,lhglhgl
B0B59J7V21,lhglhgl
B0912LXTGN,lhglhgl
B082PZ11Y1,lhglhgl
B0786ZK736,lhglhgl
B0839QM91N,lhglhgl
B07WVWSVL3,lhglhgl
B091HXBQ38,lhglhgl
B088NYMC1B,lhglhgl
B085F2MSWD,lhglhgl
B07T14XFN3,lhglhgl
B0788PPT8Q,lhglhgl
B0C67CY154,lhglhgl
B08HRQWV77,lhglhgl
B08G5C79MH,lhglhgl
B087C2HB9P,lhglhgl
B0842XBQXD,lhglhgl
B07G8PK9DW,lhglhgl
B06XRS9PZN,lhglhgl
B00NTVA4OO,lhglhgl
B0030KVB4G,lhglhgl
B09T2G1K7Q,lhglhgl
B08YP6N9CX,lhglhgl
B08LZYNP9W,lhglhgl
B08BZG37YM,lhglhgl
B08BKTDW3G,lhglhgl
B086DR7MTY,lhglhgl
B07P14893K,lhglhgl
B07D8DHPMF,lhglhgl
B08Z7N935G,lhglhgl
B08YTPN8BX,lhglhgl
B08YP7ZY8G,lhglhgl
B08YN7DZQQ,lhglhgl
B08Y817JNF,lhglhgl
B08XZ8Q5VF,lhglhgl
B08V1FLRZV,lhglhgl
B08R1YSC2P,lhglhgl
B08QVNY6MT,lhglhgl
B08N5XX6RH,lhglhgl
B08ML4JVND,lhglhgl
B08LHB4C7K,lhglhgl
B08LF47XSY,lhglhgl
B08L5WTCFP,lhglhgl
B08KRVJV2F,lhglhgl
B08JLHT5V3,lhglhgl
B01NA6ZT6S,lhglhgl
B0C691RKXK,lhglhgl
B0B3J915PH,lhglhgl
B09V97BBNT,lhglhgl
B09DGM4QTS,lhglhgl
B09BZSKHY6,lhglhgl
B092VDXLH5,lhglhgl
B092VC44FB,lhglhgl
B092TGYVJW,lhglhgl
B092J3Z8TB,lhglhgl
B09245V8BK,lhglhgl
B0923X3ZBV,lhglhgl
B0923VMYH6,lhglhgl
B0918C7KNF,lhglhgl
B08ZYN6758,lhglhgl
B08ZKR84LP,lhglhgl
B08HV1M2D9,lhglhgl
B08H5GDK8N,lhglhgl
B08G5WLBSB,lhglhgl
B08CXQJ2J6,lhglhgl
B087G1KRTS,lhglhgl
B086FPWSY8,lhglhgl
B08691G7CD,lhglhgl
B084Q8H43G,lhglhgl
B0842BYXHV,lhglhgl
B083NC6DS3,lhglhgl
B083MZ4G87,lhglhgl
B083MVBXD1,lhglhgl
B07Z3P226S,lhglhgl
B07Z3NX9LJ,lhglhgl
B07WXJGSQ1,lhglhgl
B07V2MDRBB,lhglhgl
B07T9L9R5Z,lhglhgl
B07RHW5BRB,lhglhgl
B07Q8KX8GZ,lhglhgl
B07PPN3P7Q,lhglhgl
B07NY1FMJN,lhglhgl
B07N4JS3JX,lhglhgl
B07DVQ18GG,lhglhgl
B07D4HWB1D,lhglhgl
B07BBW3VPH,lhglhgl
B0771ST7M1,lhglhgl
B075ZJ2VJS,lhglhgl
B071ZN4F31,lhglhgl
B06Y3FD931,lhglhgl
B01J990REQ,lhglhgl
B01GUF2JMU,lhglhgl
B01DYOI7UI,lhglhgl
B001TOJT4Y,lhglhgl
B000PUY7N6,lhglhgl
1635446147,lhglhgl
1635446139,lhglhgl
1574899155,lhglhgl
B016XOP0BA,lhglhgl
B0125W7LCK,lhglhgl
B00TO3NB3W,lhglhgl
B00TO3KHGG,lhglhgl
B00TO3KD06,lhglhgl
B00R3QYSMK,lhglhgl
B00MW8WR9K,lhglhgl
B00GWQS3ZK,lhglhgl
B00GU7MZJG,lhglhgl
B00D0GLQLI,lhglhgl
B009Q8PRS2,lhglhgl
B009ONVAPI,lhglhgl
B0088QMX6M,lhglhgl
B007AL3VVM,lhglhgl
B002IV4S2A,lhglhgl
B094XFYT43,lhglhgl
B083P175XN,lhglhgl
B08ZJDRTNW,lhglhgl
B07S694JQX,lhglhgl
B002XM5ENQ,lhglhgl
B07FVPM2GK,lhglhgl
B0794BQ6W8,lhglhgl
B07D4JZ6KM,lhglhgl
B0855BQKLH,lhglhgl
B016IGMLA6,lhglhgl
B08HRXT2V3,lhglhgl
B003JH8TDG,lhglhgl
B0788J168D,lhglhgl
B081T2K9XK,lhglhgl
B07DGT6BX2,lhglhgl
B08CGWWJQD,lhglhgl
1635448719,lhglhgl
B003JH8SVO,lhglhgl
B09QC68GQ2,lhglhgl
B08Y7KMZ23,lhglhgl
B00YNMCLSA,lhglhgl
B091CR9JPP,lhglhgl
B01MRRFEB6,lhglhgl
B08KFM8CJK,lhglhgl
B07W6DX8ZB,lhglhgl
B07H8S1R27,lhglhgl
B09S17KB8H,lhglhgl
B08D63RJ8C,lhglhgl
B09D3NZ6N2,lhglhgl
B08SL58J9P,lhglhgl
B07BBVMR53,lhglhgl
B01IAARS56,lhglhgl
B08HS4JTM4,lhglhgl
B09DYSX1H5,lhglhgl
B08GZ3B291,lhglhgl
B07PN7536W,lhglhgl
B00WNAXN6S,lhglhgl
B00O38OBZK,lhglhgl
B00KL56EPO,lhglhgl
B09KLWHPPH,lhglhgl
B08Z75M59D,lhglhgl
B08Q1YXHBX,lhglhgl
B08KY78KJG,lhglhgl
B087CMM7Z3,lhglhgl
B0873XD6LV,lhglhgl
B086W7TX61,lhglhgl
B08319KRHJ,lhglhgl
B0796KM5WF,lhglhgl
B092SQZ6FY,lhglhgl
B07XP9R58F,lhglhgl
B00XXIDP76,lhglhgl
B08YD8GSTW,lhglhgl
B08Y5ZYDXK,lhglhgl
B08LNZD8QZ,lhglhgl
B0039QC6KE,lhglhgl
B001RJL9JE,lhglhgl
B08YP77YQR,lhglhgl
B08JYNWZYK,lhglhgl
B082WX3ZZ3,lhglhgl
1635444853,lhglhgl
B0922X5HYL,lhglhgl
B08KSHGQYS,lhglhgl
B076DQ64QY,lhglhgl
B091GJDYZ1,lhglhgl
B074WCCHFG,lhglhgl
B01FGEDW6I,lhglhgl
B00XDUKNMO,lhglhgl
1574897594,lhglhgl
B0BZVTV7NF,lhglhgl
B0B3CJY1Z6,lhglhgl
B09VXJ42XC,lhglhgl
B09NLVXFDF,lhglhgl
B09C5WJ6TS,lhglhgl
B09C24KT4S,lhglhgl
B099FL6KRF,lhglhgl
B099FKWMQ9,lhglhgl
B0939VDGH6,lhglhgl
B092V4V3GX,lhglhgl
B0924HPP5W,lhglhgl
B091H34V2C,lhglhgl
B091D43KT4,lhglhgl
B091CFT4FT,lhglhgl
B091CFRYYL,lhglhgl
B091CFK6DT,lhglhgl
B091CFJB1J,lhglhgl
B091CDYJNL,lhglhgl
B091CDKLRQ,lhglhgl
B091CBND6H,lhglhgl
B09181NWJG,lhglhgl
B0917FNL5Y,lhglhgl
B0917F7B3J,lhglhgl
B0917DRL6T,lhglhgl
B0917D8TG9,lhglhgl
B08ZHTXJGJ,lhglhgl
B08XX28WS6,lhglhgl
B08VV3Q416,lhglhgl
B08G3GC93D,lhglhgl
B08FVDZ5NR,lhglhgl
B08FTKWG8D,lhglhgl
B086FNG75F,lhglhgl
B0865127DB,lhglhgl
B085C2VG4D,lhglhgl
B0851S1D3K,lhglhgl
B0851BMHJV,lhglhgl
B084QD3DFB,lhglhgl
B0846CLY33,lhglhgl
B0842XGY9W,lhglhgl
B0842CPVQR,lhglhgl
B0834W6P1P,lhglhgl
B082GL5P5Q,lhglhgl
B07Z879QN1,lhglhgl
B07Z3NZXW9,lhglhgl
B08LX8MGXF,lhglhgl
B08L5X8H47,lhglhgl
B08L5WV5F1,lhglhgl
B08L5T4TBJ,lhglhgl
B08L5QK6XV,lhglhgl
B08KZRC4VR,lhglhgl
B08K496WJV,lhglhgl
B08K2L7W2F,lhglhgl
B08JYCMMVN,lhglhgl
B08J5HB48X,lhglhgl
B08J4JL158,lhglhgl
B08J4FTC7Z,lhglhgl
B08HS3RFSY,lhglhgl
B08HNFW5VB,lhglhgl
B08GY4QWWQ,lhglhgl
B08G8L3S37,lhglhgl
B07WC3JF9Z,lhglhgl
B07VMHJ1ML,lhglhgl
B07RWV42J3,lhglhgl
B07Q7GKHN4,lhglhgl
B07H974C81,lhglhgl
B07H8KDD4P,lhglhgl
B071NDRZ6P,lhglhgl
B01N6VZJ0M,lhglhgl
B01LX1HCUL,lhglhgl
B01DHG16H4,lhglhgl
B015WMWH9M,lhglhgl
B013FPZZTC,lhglhgl
B00TO3MP5M,lhglhgl
B00SQKNTEA,lhglhgl
B00QZELRL6,lhglhgl
B00KY6RRJM,lhglhgl
1635446112,lhglhgl
B00KY3MBO6,lhglhgl
B00G9AUOJC,lhglhgl
B00FPJNGY8,lhglhgl
B00C10L33U,lhglhgl
B00BN3POX6,lhglhgl
B0084XZAGY,lhglhgl
B007TWGOBG,lhglhgl
B006JFL8MY,lhglhgl
B0055DTYQI,lhglhgl
B00448JJ3I,lhglhgl
B001A1TBRG,lhglhgl
B001553PQ0,lhglhgl
B001552E6M,lhglhgl
B000WPHUYM,lhglhgl
B000KSDD7E,lhglhgl
163544618X,lhglhgl
B08L1MMXCR,lhglhgl
B07PMJSWRD,lhglhgl
B0011367TI,lhglhgl
B06XYMKQDG,lhglhgl
B08L1LFQHB,lhglhgl
B08HR8RRW7,lhglhgl
B077GMM3T5,lhglhgl
B08L1L19B8,lhglhgl
B079YB1T8J,lhglhgl
B081XBBZFJ,lhglhgl
B08LMGGR8P,lhglhgl
B06XSMLH5R,lhglhgl
B08Z34X6MR,lhglhgl
B0091KCGYI,lhglhgl
B086HCBG43,lhglhgl
B08LKKKYBL,lhglhgl
B007IKN17O,lhglhgl
B0821YCKJX,lhglhgl
B07WXSX288,lhglhgl
B08KSZS9BN,lhglhgl
B08DRB752C,lhglhgl
B0068AESPE,lhglhgl
B0C1S3GZFD,lhglhgl
B086KZ5HV3,lhglhgl
B07SM4LFST,lhglhgl
B08CSTFKYN,lhglhgl
B0893BPTWP,lhglhgl
B092FYQBCR,lhglhgl
B0BDNMKQMH,lhglhgl
B0998M3DNK,lhglhgl
B08FC49V4Z,lhglhgl
B087C9XNM7,lhglhgl
B09NRVX8N1,lhglhgl
B08HZ633WB,lhglhgl
B08777RHY2,lhglhgl
B0842X9D4F,lhglhgl
B07MG8QKWD,lhglhgl
B00O48PS2E,lhglhgl
B092HFLG9D,lhglhgl
B08YP7NJC9,lhglhgl
B083TZC1TL,lhglhgl
B07ZRN34Y2,lhglhgl
B07KT2QYRY,lhglhgl
B079C95MR4,lhglhgl
B078J1H34C,lhglhgl
B00MTZZPU4,lhglhgl
B0B4J8MKDY,lhglhgl
B09ZHPN2ZD,lhglhgl
B09WHXY2W9,lhglhgl
B09QSPWVSS,lhglhgl
B0995T5SBR,lhglhgl
B095XW9SR4,lhglhgl
B092THD2TV,lhglhgl
B092JC6GZW,lhglhgl
B092J22P47,lhglhgl
B091DJLB6Y,lhglhgl
B08Z3T1QXZ,lhglhgl
B08YP5DY9Q,lhglhgl
B08W9K14BB,lhglhgl
B08N1L21WH,lhglhgl
B08M67317C,lhglhgl
B08LNZZ8Y3,lhglhgl
B08K4LCWW6,lhglhgl
B08JBY2F2X,lhglhgl
B074KK7WRH,lhglhgl
B01FLN1FM2,lhglhgl
B016XOP1L4,lhglhgl
B00TO6F6UK,lhglhgl
B00SXDU0YC,lhglhgl
B00M555314,lhglhgl
B00LH0UJEE,lhglhgl
B00GN5U0T2,lhglhgl
B007F0W178,lhglhgl
B007F0VHFA,lhglhgl
B0071IFIP6,lhglhgl
B0068BZKT6,lhglhgl
B0064OWAVI,lhglhgl
B0050YUV5U,lhglhgl
B004J325FC,lhglhgl
B003Z6A8LM,lhglhgl
B0016UN42Y,lhglhgl
B000W4AF5E,lhglhgl
B000S5BFO2,lhglhgl
B000CQ6IQW,lhglhgl
B000BPGSQY,lhglhgl
B000BODT80,lhglhgl
B08HZHZ9GH,lhglhgl
B08HWSTYVX,lhglhgl
B08HCPX1MB,lhglhgl
B08FWZRS75,lhglhgl
B087BXD8JH,lhglhgl
B086QNMLB2,lhglhgl
B08656M36S,lhglhgl
B085VFGGQ6,lhglhgl
B0859RSL1G,lhglhgl
B083LQRYV9,lhglhgl
B082Y78NFZ,lhglhgl
B07ZZLYQF4,lhglhgl
B07Z777BH8,lhglhgl
B07Z3N21FJ,lhglhgl
B07K6DPC9D,lhglhgl
B07GC744Y4,lhglhgl
B07MH72YGL,lhglhgl
B07X57D9TZ,lhglhgl
B08ZKMNM5M,lhglhgl
B08RDR8F2P,lhglhgl
B07BSNYDP5,lhglhgl
B0000CGB5W,lhglhgl
B09CTT52FP,lhglhgl
B00HVLF4P2,lhglhgl
B08LCN4DB2,lhglhgl
B08BG9QS9D,lhglhgl
B08JGHWHBT,lhglhgl
B000JS55OY,lhglhgl
B08GLVP27P,lhglhgl
B08N2VTXD7,lhglhgl
B07WJ75J6P,lhglhgl
B08PFVVB65,lhglhgl
B0872WCJNS,lhglhgl
B07S8TVKZQ,lhglhgl
B00KGI9BOW,lhglhgl
B00F364GVU,lhglhgl
B009TC50LE,lhglhgl
B09SP42XFQ,lhglhgl
B095YVMLJ9,lhglhgl
B08YP562QQ,lhglhgl
B08SBJJZQB,lhglhgl
B08FBDX5HX,lhglhgl
B08DM1WD2N,lhglhgl
B08DD48PFN,lhglhgl
B08CS788QL,lhglhgl
B087F8MSPQ,lhglhgl
B084Z218DJ,lhglhgl
B083JTKSX3,lhglhgl
B098ZQ2989,lhglhgl
B07VH12CCC,lhglhgl
B086HDV959,lhglhgl
B08PDQQG4B,lhglhgl
B08L7FTBMH,lhglhgl
B086X2Z3CX,lhglhgl
B086HD6ZYW,lhglhgl
B076DLCHWL,lhglhgl
B09QG56VK9,lhglhgl
B08YTX5GSD,lhglhgl
B08LFWJF2K,lhglhgl
B08L8191BW,lhglhgl
B09Y4PMVXF,lhglhgl
B08L79JG4V,lhglhgl
B08JHFG8PS,lhglhgl
B08D3SXJ5H,lhglhgl
B07DNJ6YBC,lhglhgl
B07WKS92J9,lhglhgl
B01EW5X9RE,lhglhgl
B0845Y6PNS,lhglhgl
B08SQDJ5PG,lhglhgl
B07KZP8FCX,lhglhgl
B007C4W974,lhglhgl
B0036W66DY,lhglhgl
B08HNJ3CJ1,lhglhgl
B08LGD314H,lhglhgl
B08NYDQ3HZ,lhglhgl
B086XHPGTN,lhglhgl
B0922TG1CH,lhglhgl
B07NSL81YZ,lhglhgl
B072BD53FX,lhglhgl
B08XZ2693Y,lhglhgl
B09BZ5VHLY,lhglhgl
B096XBC88K,lhglhgl
B096VKBHVQ,lhglhgl
B092TF1HVG,lhglhgl
B092LFFDPC,lhglhgl
B092DFN7HL,lhglhgl
B0928R6994,lhglhgl
B091PWC9LD,lhglhgl
B091F429KW,lhglhgl
B091888B16,lhglhgl
B09133RW62,lhglhgl
B08YFHBNRF,lhglhgl
B08XYMNKXL,lhglhgl
B08SW4QLM8,lhglhgl
B08PZGK87X,lhglhgl
B08NYQV8N9,lhglhgl
B083GYV3XY,lhglhgl
B0821SMTTB,lhglhgl
B07YNB2LG1,lhglhgl
B07YJKJ5JS,lhglhgl
B07MLKYN74,lhglhgl
B071J4LRFG,lhglhgl
B00QMRHAN0,lhglhgl
B00QGDZIRU,lhglhgl
1635446775,lhglhgl
B0CQ3RFQ77,lhglhgl
B0BBV7H2F4,lhglhgl
B09TRYDYF3,lhglhgl
B09RTL8L6L,lhglhgl
B09KDPRQ5Q,lhglhgl
B09JMRR65L,lhglhgl
B09DSF8ZXL,lhglhgl
B08NBCHHHL,lhglhgl
B08N37YWXD,lhglhgl
B08MQ8Z3SD,lhglhgl
B08LPZ1BC8,lhglhgl
B08LPBRX5F,lhglhgl
B08LMYJGBB,lhglhgl
B08KFL588X,lhglhgl
B08K8MZFFN,lhglhgl
B08K8D35XS,lhglhgl
B08K7N6TBW,lhglhgl
B08JNDNG43,lhglhgl
B08JHFG8XC,lhglhgl
B08HRR5383,lhglhgl
B08G59GNRQ,lhglhgl
B087G5XGT9,lhglhgl
B087FYLSW9,lhglhgl
B07B1NFDFC,lhglhgl
B078GY36B3,lhglhgl
B075MZF2W6,lhglhgl
B01N9D5TJ6,lhglhgl
B014EGWB84,lhglhgl
B00YNMCW9I,lhglhgl
B00WU2L334,lhglhgl
B00VM90CQK,lhglhgl
B00TO3R6T2,lhglhgl
B00TO3O69U,lhglhgl
B00TO3MTNA,lhglhgl
B00TO3MS7M,lhglhgl
B00TO3ME2G,lhglhgl
B00TO3MBE2,lhglhgl
B00TO3M6G0,lhglhgl
B00TO3M3JA,lhglhgl
B084YZPJ52,lhglhgl
B08462D6LH,lhglhgl
B0842XGFZF,lhglhgl
B0842X896G,lhglhgl
B083Y3NRXJ,lhglhgl
B083SL9D67,lhglhgl
B083SKN5RV,lhglhgl
B083N3KYNJ,lhglhgl
B083LVD7V7,lhglhgl
B083J5DGQF,lhglhgl
B081QSPCX7,lhglhgl
B081F4NKZF,lhglhgl
B07XMNZ141,lhglhgl
B07NQMLFRG,lhglhgl
B07NBJSQYG,lhglhgl
B07FNGVCJ9,lhglhgl
B086PZC88J,lhglhgl
B086PZ69L5,lhglhgl
B086HB1G1Q,lhglhgl
B0869R9Q45,lhglhgl
B0859SPP4D,lhglhgl
B0859SCZ27,lhglhgl
B0859RV17C,lhglhgl
B0859RJ418,lhglhgl
B08598YD3X,lhglhgl
B08598MRZ5,lhglhgl
B08596DPSH,lhglhgl
B085911NWL,lhglhgl
B08543WR33,lhglhgl
B084Z59F1F,lhglhgl
B084Z38L5X,lhglhgl
B084Z1W2S7,lhglhgl
B00TO3D5N8,lhglhgl
B00TO3CRG4,lhglhgl
B00OTHR7JC,lhglhgl
B00LWE0FXK,lhglhgl
B00K0JTUGQ,lhglhgl
B00F08ED0A,lhglhgl
B00AB3IBCA,lhglhgl
B009S5GQ60,lhglhgl
B008YFTPYU,lhglhgl
B008SIEANE,lhglhgl
B006X2ADII,lhglhgl
B006A2TBVG,lhglhgl
B005Z642MQ,lhglhgl
B005AWVFJI,lhglhgl
B002OC1J66,lhglhgl
B002KE5O2S,lhglhgl
B0936BW8YM,lhglhgl
B074M657J2,lhglhgl
B000R8KBOK,lhglhgl
B09BYZVYTT,lhglhgl
B0745YDSJS,lhglhgl
B08GLT9MM7,lhglhgl
B08JQDQGL6,lhglhgl
B00CM5SVO8,lhglhgl
B086W7TCGC,lhglhgl
B0851P4M84,lhglhgl
B08S6R6XGN,lhglhgl
B07VMP4QJ9,lhglhgl
B082ZMG9ZV,lhglhgl
B08QRPGXXY,lhglhgl
B082DMFD56,lhglhgl
B01L0ACDFS,lhglhgl
B001PMEP6C,lhglhgl
B000UGFR6G,lhglhgl
B000PJ59KW,lhglhgl
B000GFT3MA,lhglhgl
B000BOABRW,lhglhgl
1619923319,lhglhgl
157489465X,lhglhgl
B07XNC6P59,lhglhgl
B0845ZZZ8X,lhglhgl
B00BQ46YJU,lhglhgl
B08J6GDFLM,lhglhgl
B09126R658,lhglhgl
B083TRLKHZ,lhglhgl
B00CSMJ4F0,lhglhgl
B07T3YWMDX,lhglhgl
B00F54UT4S,lhglhgl
B09VT6NFL1,lhglhgl
B08Q3KT31L,lhglhgl
B07P72XL8J,lhglhgl
B0006ZXFX8,lhglhgl
B0798QWJMR,lhglhgl
B084XZR91W,lhglhgl
B08JYNQH93,lhglhgl
B0B6RNHCPK,lhglhgl
B09XDH7Q7V,lhglhgl
B09SNY5L8H,lhglhgl
B09KWBGBF7,lhglhgl
B09H4FPYRB,lhglhgl
B09GFRWH58,lhglhgl
B098Q61NS2,lhglhgl
B092VF94MG,lhglhgl
B092L9M6HB,lhglhgl
B092DVCRKF,lhglhgl
B0924BND34,lhglhgl
B09179VZC7,lhglhgl
B0912QYS6B,lhglhgl
B08Z4F2LC8,lhglhgl
B08Z38CVD7,lhglhgl
B08YQ3K98L,lhglhgl
B010VXBCF2,lhglhgl
B07C48D14D,lhglhgl
B0835Y27YG,lhglhgl
B08YRGDXH6,lhglhgl
B092QZPC3L,lhglhgl
B07YN39LDM,lhglhgl
B09JYL3QPM,lhglhgl
B0842X4851,lhglhgl
B08NJ8FYJ2,lhglhgl
B09DYCNVKH,lhglhgl
B099X9ZM7N,lhglhgl
B08ZXM9FP4,lhglhgl
B08M9QTMN8,lhglhgl
B08L837JVY,lhglhgl
B088CPY6W8,lhglhgl
B077NXCR4L,lhglhgl
B08P312VPK,lhglhgl
B08MLJPY8J,lhglhgl
B08MK3DY3W,lhglhgl
B08LQB5BQV,lhglhgl
B08LQ2FXHY,lhglhgl
B08LKBL8HP,lhglhgl
B08LK5HHR6,lhglhgl
B08LCCPP19,lhglhgl
B08L91NSVX,lhglhgl
B08L718LSX,lhglhgl
B08L4PYQDZ,lhglhgl
B08L4J6YY4,lhglhgl
B08K7K7LV3,lhglhgl
B08K4BXGX7,lhglhgl
B08JVHMJ6H,lhglhgl
B08JQ41HWP,lhglhgl
B074MNCRVJ,lhglhgl
B08LNXYKV7,lhglhgl
B08LK9SV6H,lhglhgl
B086HBGPV7,lhglhgl
B0868S8813,lhglhgl
B0746QM77B,lhglhgl
1420650327,lhglhgl
B091BY67ZD,lhglhgl
B08ZSQ7XP5,lhglhgl
B08JQ4516P,lhglhgl
B08D3ST36N,lhglhgl
B08725NDLB,lhglhgl
B07TCCMX8W,lhglhgl
B076DQY2F4,lhglhgl
B0CSQD4XT9,lhglhgl
B0B7XV6DPC,lhglhgl
1635444969,lhglhgl
B08L4DZWD7,lhglhgl
B00BRX6ZYE,lhglhgl
B07TH61KTS,lhglhgl
B091DNDW3Z,lhglhgl
B010VIIU8O,lhglhgl
B01NCRGDO9,lhglhgl
B083HVYL9D,lhglhgl
B084ZZQSDF,lhglhgl
B09X88MZHJ,lhglhgl
B083TDJ9M1,lhglhgl
B08JPQ3CRR,lhglhgl
B000EEJA12,lhglhgl
B08BZ72BX7,lhglhgl
B08Z31WY3J,lhglhgl
B08NTMVWC4,lhglhgl
B082VK26MC,lhglhgl
B07XMMQH8T,lhglhgl
B07TK5RY12,lhglhgl
B07TCCN3DP,lhglhgl
B07SM1ZVXF,lhglhgl
B07P83PZXF,lhglhgl
B07NP5V7G4,lhglhgl
B07KDGDDZ7,lhglhgl
B07KCVKS64,lhglhgl
B07GFLB8BF,lhglhgl
B07DH9D44L,lhglhgl
B07D4F9F69,lhglhgl
B07BHWNCWX,lhglhgl
B07644SZ4P,lhglhgl
B073SKQDKM,lhglhgl
B071VDS9J9,lhglhgl
B07NV7JGY7,lhglhgl
B07SSR19ST,lhglhgl
B09GNCPGH4,lhglhgl
B071XCWM2J,lhglhgl
B082G4PS28,lhglhgl
B00CM5TNSG,lhglhgl
B07QZ9MKXQ,lhglhgl
B07Z6S6NVS,lhglhgl
B08RC71GYV,lhglhgl
B086L2H99V,lhglhgl
B017T6KLGA,lhglhgl
B08JVKW72Z,lhglhgl
B09CMFRLRX,lhglhgl
B0845PKQZ8,lhglhgl
B08G824519,lhglhgl
163544229X,lhglhgl
B06Y3FYWMC,lhglhgl
B06XBLYMXL,lhglhgl
B01NH5D2GC,lhglhgl
B01M33VIM0,lhglhgl
B01LG5VC36,lhglhgl
B01I7AO1VI,lhglhgl
B01DR6K9Q8,lhglhgl
B01401C598,lhglhgl
B011NUGYZU,lhglhgl
B00TO3PWEI,lhglhgl
B00TO3O5BO,lhglhgl
B00TO3E3FM,lhglhgl
B00TGDARSW,lhglhgl
B00TEDOMI0,lhglhgl
B00D8OH40Y,lhglhgl
B008WDTPG2,lhglhgl
B08JPJMS7C,lhglhgl
B08JKQFQR8,lhglhgl
B08JKKWQ92,lhglhgl
B08J4K5HDS,lhglhgl
B08J4HB8N1,lhglhgl
B08HSG756Q,lhglhgl
B08HRBXF5T,lhglhgl
B08GNHRDHF,lhglhgl
B08FBKKNZJ,lhglhgl
B08D1ZL2LC,lhglhgl
B0873ZXSDJ,lhglhgl
B085S7YYFP,lhglhgl
B0854CM8TQ,lhglhgl
B083MW4LP7,lhglhgl
B083BHVVT3,lhglhgl
B08316G1B3,lhglhgl
B00889QYJQ,lhglhgl
B0080V759A,lhglhgl
B007LNQT7C,lhglhgl
B006MH3XQ8,lhglhgl
B005DS7V1U,lhglhgl
B0056BOM98,lhglhgl
B0050VF4UK,lhglhgl
B004KYT6DY,lhglhgl
B004C6CQBO,lhglhgl
B002YFZA5Y,lhglhgl
B000PDDKHM,lhglhgl
B000MTU1W6,lhglhgl
B000CHFNVW,lhglhgl
1635442389,lhglhgl
B0874721R5,lhglhgl
B086W7C8ZP,lhglhgl
B07NWWFDKC,lhglhgl
B0799QRDNN,lhglhgl
B00M9MW46U,lhglhgl
B00J5YUEFI,lhglhgl
B003TQ04LM,lhglhgl
B0C35TQT8Z,lhglhgl
B09RQY84YW,lhglhgl
B09HC1D3J2,lhglhgl
B09BG48GGF,lhglhgl
B099F25K5W,lhglhgl
B092VGKS1J,lhglhgl
B092VCP4SZ,lhglhgl
B092HVTBF1,lhglhgl
B092DQV8B4,lhglhgl
B092D31Z46,lhglhgl
B0924CS1F7,lhglhgl
B0923WDZ67,lhglhgl
B091J7LV3Q,lhglhgl
B091HZ3VWK,lhglhgl
B09189RV4R,lhglhgl
B08X7HMPP4,lhglhgl
B08WPD41GC,lhglhgl
B08W2C9BW3,lhglhgl
B08RYDMGZM,lhglhgl
B08P5LDHD4,lhglhgl
B08NK811V6,lhglhgl
B08N85BCGP,lhglhgl
B08N6J8MK3,lhglhgl
B08MWQCG3V,lhglhgl
B08L71NGT8,lhglhgl
B085NQ51LF,lhglhgl
B085F1RPM7,lhglhgl
B07PY3272T,lhglhgl
B06X93BQML,lhglhgl
B002HRFPCW,lhglhgl
B09C7P8VFC,lhglhgl
B092SFD45P,lhglhgl
B08HSZ6CQ7,lhglhgl
B08BWWF9L4,lhglhgl
B07HD1KTM7,lhglhgl
B08DN91CF9,lhglhgl
B07VBPB8YT,lhglhgl
B07BHLCPCP,lhglhgl
B01I289NHW,lhglhgl
B092HKFYL5,lhglhgl
B08RC6F94Z,lhglhgl
B08L34TVS5,lhglhgl
B08K7NHXL4,lhglhgl
B08K3BWZYP,lhglhgl
B08JPFHR2X,lhglhgl
B08JPF9V4C,lhglhgl
B08J7GK5YT,lhglhgl
B08HRB81KT,lhglhgl
B08FT7MM22,lhglhgl
B0895W3V6K,lhglhgl
B087RTFRPR,lhglhgl
B086PZ1NQD,lhglhgl
B086NNVLH4,lhglhgl
B086N512YZ,lhglhgl
B086MH6Z71,lhglhgl
B086M53T63,lhglhgl
B0869R79L5,lhglhgl
B074DHKBFP,lhglhgl
B01IE6YGEM,lhglhgl
B01H0Q8F8K,lhglhgl
B0146DD6KM,lhglhgl
B014648UIE,lhglhgl
B00YRVPYOA,lhglhgl
B00Y5ZT6DS,lhglhgl
B00T1YLFJ6,lhglhgl
B00RW4ZORQ,lhglhgl
B00PV0T6WC,lhglhgl
B00EBGB5V2,lhglhgl
B00AUAFLM2,lhglhgl
B009W26DA8,lhglhgl
B007BDCYFS,lhglhgl
B006JFLVNU,lhglhgl
B005OS3424,lhglhgl
B085X2X3XB,lhglhgl
B08548KJ3J,lhglhgl
B084Z16B2C,lhglhgl
B084YWJRYV,lhglhgl
B084666WPV,lhglhgl
B083TH7TYR,lhglhgl
B07ZSCM5YZ,lhglhgl
B07ZBNPKNM,lhglhgl
B07Z3N5MRC,lhglhgl
B07QR24RST,lhglhgl
B07NL2C8YR,lhglhgl
B07KQ1PFWS,lhglhgl
B079X542XY,lhglhgl
B079CB4PHF,lhglhgl
B078YCGYL4,lhglhgl
B078W6L9XS,lhglhgl
B00MJXTT5S,lhglhgl
B01HHRDXWK,lhglhgl
B07KQPVZG8,lhglhgl
B0C6YSVRSG,lhglhgl
B0831T8ZCD,lhglhgl
B000CQ4BEI,lhglhgl
B09PDMSV53,lhglhgl
B08FGN4N86,lhglhgl
B00RU9Z3QU,lhglhgl
B08JK81YT9,lhglhgl
B00579P7UW,lhglhgl
B0842XHCHZ,lhglhgl
B00NDALERW,lhglhgl
B004CVJC5C,lhglhgl
B09124VXJX,lhglhgl
B06XYF5FQK,lhglhgl
B004YWW9RC,lhglhgl
B003GDISMK,lhglhgl
B000G2IGCG,lhglhgl
163544635X,lhglhgl
163544621X,lhglhgl
1619920573,lhglhgl
B00TYVSDG4,lhglhgl
B002XM3BPO,lhglhgl
B08JLWBS9G,lhglhgl
B08H27LZYX,lhglhgl
B0823KDCFM,lhglhgl
B0822HCMJK,lhglhgl
B07TRQ33G8,lhglhgl
B07TBB87WB,lhglhgl
B073Y534M8,lhglhgl
B00LMH2NO6,lhglhgl
B0043XFSQG,lhglhgl
B00016XJWE,lhglhgl
1635442346,lhglhgl
B0CQ64RDWJ,lhglhgl
B0CP7MPSR3,lhglhgl
B0B6T6227G,lhglhgl
B08QZLMNRQ,lhglhgl
B07NVW7768,lhglhgl
B076VMN6JX,lhglhgl
B00KMDJ1W8,lhglhgl
B00A04RYJ6,lhglhgl
B09V296TPR,lhglhgl
B08N6FSX93,lhglhgl
B00N8J4PUG,lhglhgl
B00N2EU91G,lhglhgl
B08N5XRRZH,lhglhgl
B08HGP2KB7,lhglhgl
B00T87DLRA,lhglhgl
B00I2WV68I,lhglhgl
B0859NSJ5K,lhglhgl
B07SLXZSC5,lhglhgl
B07F9LDTDH,lhglhgl
1635448131,lhglhgl
1635447313,lhglhgl
1635441161,lhglhgl
1635440904,lhglhgl
B08M65LVXX,lhglhgl
B0836SFGQG,lhglhgl
B00Q015JI6,lhglhgl
B08GLV2GKG,lhglhgl
B01NAWKFFB,lhglhgl
B08QW82P2Q,lhglhgl
B07XH4MFHL,lhglhgl
B00DV93UYA,lhglhgl
B07DNJ7PF4,lhglhgl
B07PTCZNK3,lhglhgl
B00XKAA2GO,lhglhgl
B06XXQFMLW,lhglhgl
1635446740,lhglhgl
B08L4GX3JH,lhglhgl
B07G4T47F5,lhglhgl
B085RHK6CQ,lhglhgl
B00JZNWEN4,lhglhgl
B00DSX8V0C,lhglhgl
B00D7ZMZKI,lhglhgl
B008TV5GVA,lhglhgl
B008B85NQO,lhglhgl
B006BG3P1I,lhglhgl
B004KYZ4R6,lhglhgl
B004J3A9GE,lhglhgl
B0043T99I8,lhglhgl
B003F12HHU,lhglhgl
B002FB670O,lhglhgl
B000L897XM,lhglhgl
B000KKX43A,lhglhgl
B000H5OW7A,lhglhgl
B000CPZZ4E,lhglhgl
B000CHDLTS,lhglhgl
B08JV145QC,lhglhgl
B08J7X8F8M,lhglhgl
B08HQVKQ8T,lhglhgl
B08HLCP8ZN,lhglhgl
B08H5541QV,lhglhgl
B08H26KZQW,lhglhgl
B08G64B7D9,lhglhgl
B08G4WD2X5,lhglhgl
B08D6G4BHS,lhglhgl
B08CGZ9C1H,lhglhgl
B087JNRYYN,lhglhgl
B086LBVV4T,lhglhgl
B084YQ8NCN,lhglhgl
B083XD2TCT,lhglhgl
B083WD9K43,lhglhgl
B083NGB2TN,lhglhgl
B0B23M66GH,lhglhgl
B09Y5RBQR9,lhglhgl
B09S52WYVH,lhglhgl
B09QHLK74N,lhglhgl
B09KGXY175,lhglhgl
B09DSZDMQL,lhglhgl
B09DCYV82Q,lhglhgl
B09CD3W5Y7,lhglhgl
B092S5NMW9,lhglhgl
B08Z7H432W,lhglhgl
B08W1Z431H,lhglhgl
B08NJB66Q2,lhglhgl
B08N6G2GCH,lhglhgl
B08N6DX863,lhglhgl
B08L9S4GL6,lhglhgl
B08KZWQ4SD,lhglhgl
B083MWVFC8,lhglhgl
B07YK826VT,lhglhgl
B07Y3TBHB9,lhglhgl
B07PXTX94K,lhglhgl
B07PGTNCPM,lhglhgl
B07JZYZ5TZ,lhglhgl
B07BH57MFN,lhglhgl
B07798F4PB,lhglhgl
B071X9VH3S,lhglhgl
B06XCTG1FD,lhglhgl
B01KP95CXK,lhglhgl
B016WNB6A6,lhglhgl
B00W5VLNDK,lhglhgl
B00W5VL5QA,lhglhgl
B00TJS82VS,lhglhgl
B00T56QGZ8,lhglhgl
B084ZMVLHN,lhglhgl
B07LC5LV3G,lhglhgl
B00SMHWZ42,lhglhgl
B0010OV4L4,lhglhgl
B07P8GNF64,lhglhgl
B091MFS2NS,lhglhgl
B08J4G25JZ,lhglhgl
B08PBWVY5N,lhglhgl
B07D37MHGL,lhglhgl
B08V91S9VB,lhglhgl
B07XMC5NMR,lhglhgl
B07119VJX9,lhglhgl
B07TDTXJ42,lhglhgl
B092DH9W9Y,lhglhgl
B09P8FLZ7C,lhglhgl
B07TLL761T,lhglhgl
B075C3NNZF,lhglhgl
B083NZP81D,lhglhgl
B00OPBN5ZM,lhglhgl
B0963LP6P6,lhglhgl
B083FL2WHN,lhglhgl
B00J5YY6J8,lhglhgl
B071S9225D,lhglhgl
B07RW4JH1T,lhglhgl
B07RKKHZPC,lhglhgl
B07B42G4YJ,lhglhgl
B09QLVJC87,lhglhgl
B0793J5PDM,lhglhgl
B07TYQQJDR,lhglhgl
B06XJNXLLD,lhglhgl
B091MWXF5D,lhglhgl
B00DCCSQYK,lhglhgl
B002EC2JY2,lhglhgl
B003JH8T4U,lhglhgl
B07M6H3PCF,lhglhgl
B09XB95JGG,lhglhgl
B07SVCQZ27,lhglhgl
B07GC356WV,lhglhgl
B08PVFRH4V,lhglhgl
B082WY8CZB,lhglhgl
B08L8G3N5B,lhglhgl
B09RCZXTQ9,lhglhgl
B08L4GZK3S,lhglhgl
B07JR13B1L,lhglhgl
B08LB3T274,lhglhgl
B08G8F9XD5,lhglhgl
B085HFLZR7,lhglhgl
B083B95RWQ,lhglhgl
B07P2N1X1R,lhglhgl
B07BNJTWRX,lhglhgl
B077952SMW,lhglhgl
B0718TH9V6,lhglhgl
B00RW2MH8C,lhglhgl
B00PTSWNWQ,lhglhgl
1635442656,lhglhgl
B09VXBSKSJ,lhglhgl
B09QG8KQX7,lhglhgl
B09P9Z6SLW,lhglhgl
B09KMT191C,lhglhgl
B09KMRSG85,lhglhgl
B09F3BP1BC,lhglhgl
B09DGMPBNS,lhglhgl
B098LQT6M5,lhglhgl
B092QN7LNG,lhglhgl
B00J5YV58S,lhglhgl
B084NXK8TW,lhglhgl
B08HRYZ6VS,lhglhgl
B08ZCF31W7,lhglhgl
B08KZXTNQ2,lhglhgl
B087BQPT6D,lhglhgl
B08QHKVCFD,lhglhgl
B08M11T66S,lhglhgl
B0BS1Q8XCS,lhglhgl
B09SHJYF18,lhglhgl
B08YP5MW9K,lhglhgl
B08XWL7VYB,lhglhgl
B08RS3PXZ9,lhglhgl
B08GS7FVRC,lhglhgl
B086HKKXZ7,lhglhgl
B07RHGWM7Z,lhglhgl
B0858TR7V2,lhglhgl
B0858RMFTL,lhglhgl
B0855YL2CG,lhglhgl
B0855YJ24H,lhglhgl
B0855YHYKK,lhglhgl
B0855Y6WQT,lhglhgl
B0855XMX7L,lhglhgl
B0855VT5G7,lhglhgl
B0855S6JCR,lhglhgl
B0855S4SW5,lhglhgl
B0855S42TD,lhglhgl
B0855RT3YZ,lhglhgl
B0855RT2Z6,lhglhgl
B0855RNL8T,lhglhgl
B0855R9XWN,lhglhgl
B0855R9FQ8,lhglhgl
B092KJW992,lhglhgl
B0912CMWFT,lhglhgl
B0912CHDRF,lhglhgl
B08ZYDD22V,lhglhgl
B08ZHZMJVR,lhglhgl
B08Z7D5SSH,lhglhgl
B08YXV6RVB,lhglhgl
B08XQFMRLD,lhglhgl
B08RBTDBYM,lhglhgl
B08P87VHXK,lhglhgl
B08M9NGP4D,lhglhgl
B08L72LB1W,lhglhgl
B08L3YX4Q8,lhglhgl
B08HS376W5,lhglhgl
B08HGHLNJ6,lhglhgl
B08H4JDR1G,lhglhgl
B0855R9FQ7,lhglhgl
B0855R9FQ6,lhglhgl
B0855R57Z6,lhglhgl
B0855R3QXP,lhglhgl
B0855R3KPT,lhglhgl
B0855QR9FY,lhglhgl
B0855QNWX2,lhglhgl
B0855QLGJK,lhglhgl
B0855QJW8K,lhglhgl
B0855QC8HD,lhglhgl
B0855Q9JB6,lhglhgl
B0855Q6T66,lhglhgl
B0855P9C3Q,lhglhgl
B0855NR35N,lhglhgl
B0855NJ62Z,lhglhgl
B0855NBSZT,lhglhgl
B08H276RVW,lhglhgl
B08F7B48C8,lhglhgl
B08CL47QNT,lhglhgl
B087N4K48T,lhglhgl
B087N2XP64,lhglhgl
B087MT1Y8Y,lhglhgl
B087JGW4KL,lhglhgl
B0876GNGN4,lhglhgl
B086PZML3N,lhglhgl
B086PYTJ3C,lhglhgl
B086PYMPX1,lhglhgl
B086FKCXM2,lhglhgl
B0869RRVR6,lhglhgl
B0869QDXKF,lhglhgl
B0859S38HJ,lhglhgl
B0859RM8TL,lhglhgl
B0855HYNQV,lhglhgl
B0855HT1FP,lhglhgl
B0855HCJLJ,lhglhgl
B0855GYS99,lhglhgl
B0855GSF5P,lhglhgl
B0855GMGH9,lhglhgl
B0855G7TY2,lhglhgl
B0855FX58D,lhglhgl
B0855FDBQ5,lhglhgl
B0855FCYYM,lhglhgl
B0855FBCSD,lhglhgl
B0855F2W6R,lhglhgl
B0855DWWZJ,lhglhgl
B0855DJT7S,lhglhgl
B0855CWDJT,lhglhgl
B0855CNGT2,lhglhgl
B0855N8P9T,lhglhgl
B0855N72Z9,lhglhgl
B0855MWSD4,lhglhgl
B0855MMY97,lhglhgl
B0855MMBKQ,lhglhgl
B0855M7WH9,lhglhgl
B0855M3YYV,lhglhgl
B0855M3YYT,lhglhgl
B0855LL2JL,lhglhgl
B0855KXC62,lhglhgl
B0855KR4GH,lhglhgl
B0855KN2HV,lhglhgl
B0855KMQBV,lhglhgl
B0855KF866,lhglhgl
B0855J36QK,lhglhgl
B0855J1X5Q,lhglhgl
B07QFK26QC,lhglhgl
B084RP28DC,lhglhgl
B08Z7M1DDB,lhglhgl
B00029WSVS,lhglhgl
B07W447L66,lhglhgl
B07XK2MM6Q,lhglhgl
B01GW40F7K,lhglhgl
B000GU0R4S,lhglhgl
B08711LSBW,lhglhgl
B09PHLZQJT,lhglhgl
B008C0E7BI,lhglhgl
B083227Q8D,lhglhgl
B07S24XM76,lhglhgl
B08V8Z9ZLK,lhglhgl
B008I3R8JW,lhglhgl
B08STW14T6,lhglhgl
B083ZVVKGG,lhglhgl
B083ZVV7Z5,lhglhgl
B083ZVV7Z4,lhglhgl
B083ZVBQT2,lhglhgl
B0833WBHHB,lhglhgl
B082715QSD,lhglhgl
B07MCWFB51,lhglhgl
B07JQCVX48,lhglhgl
B07HHJQN5L,lhglhgl
B07CMT1VLG,lhglhgl
B079Y9MYXR,lhglhgl
B0779BP1Y2,lhglhgl
B073YKY747,lhglhgl
B073Y748C9,lhglhgl
B072QX6YCH,lhglhgl
B071Z2TKXY,lhglhgl
B06XCT9TZL,lhglhgl
B01J4LA4TW,lhglhgl
B01J1YJ7L8,lhglhgl
B0176IRT0W,lhglhgl
B00XKBRXNI,lhglhgl
B00XKBRTVE,lhglhgl
B00XKBRAUE,lhglhgl
B00P89S42Y,lhglhgl
B00L1J3RVI,lhglhgl
B00FX9H6PA,lhglhgl
B00FAY4KDE,lhglhgl
B00DU4MDPI,lhglhgl
B00DSX9HDM,lhglhgl
B00DSX9HAU,lhglhgl
B00A66JZRM,lhglhgl
B008YFHD6C,lhglhgl
B073Q8P376,lhglhgl
B01M0DSXX5,lhglhgl
B09R5WQLBS,lhglhgl
B091HXTXC4,lhglhgl
B08N2XNW8H,lhglhgl
B08DDK494C,lhglhgl
B07CMD6WS3,lhglhgl
B073RT87WY,lhglhgl
B004MLVD6S,lhglhgl
B09TYD78SM,lhglhgl
B08XYNX81Z,lhglhgl
B08K6VFNYZ,lhglhgl
B08HVLVHMN,lhglhgl
B08HMF88G5,lhglhgl
B08DVGFP1M,lhglhgl
B08C2LB75C,lhglhgl
B09238F7FT,lhglhgl
B09238F6MN,lhglhgl
B09237RK26,lhglhgl
B092376TN3,lhglhgl
B08Y957TF4,lhglhgl
B08XY3RMTR,lhglhgl
B08WR38W1N,lhglhgl
B08SBMJ5ZV,lhglhgl
B08S9LV4JG,lhglhgl
B08S9L2HSZ,lhglhgl
B08QJ92DCZ,lhglhgl
B08PP73R26,lhglhgl
B08N87JVSG,lhglhgl
B08N5GWFCQ,lhglhgl
B08LSN8BVZ,lhglhgl
B08LKLF6N4,lhglhgl
B08L8RQGTR,lhglhgl
B08L833FQH,lhglhgl
B08L7SD2TT,lhglhgl
B08L7KFKT7,lhglhgl
B08L6N62LN,lhglhgl
B08L5WZQ6N,lhglhgl
B08L5WS4DH,lhglhgl
B08L5VT3NC,lhglhgl
B08L5TTVP2,lhglhgl
B08L4GZS9C,lhglhgl
B08KXWQMS9,lhglhgl
B08KRWLK91,lhglhgl
B08K7LDGYF,lhglhgl
B08K481YCV,lhglhgl
B08JVF3NRD,lhglhgl
B08JPFX85M,lhglhgl
B086BL8KLW,lhglhgl
B07VWNYCSS,lhglhgl
B07FVPK1M9,lhglhgl
B01GWBB0F4,lhglhgl
B00D3R2CEY,lhglhgl
1635446244,lhglhgl
B0BTGBBHKH,lhglhgl
B0BSG3311S,lhglhgl
B09XQX9KG8,lhglhgl
B09KRD7PFV,lhglhgl
B09CCBZL7P,lhglhgl
B097RDDBSF,lhglhgl
B094CDMMTT,lhglhgl
B092TR64S6,lhglhgl
B092TF9368,lhglhgl
B09238YGRV,lhglhgl
B01CGXLN2C,lhglhgl
B01CGXLMU0,lhglhgl
B01CGXLLG0,lhglhgl
B01CGXLL7O,lhglhgl
B010XB6XKG,lhglhgl
B00YT6W5V8,lhglhgl
B00L47SRUI,lhglhgl
B00C2GPNFC,lhglhgl
B00A1BRATW,lhglhgl
B0098MCWR0,lhglhgl
B006487KV4,lhglhgl
B004CJ5JGK,lhglhgl
B0037F1PWM,lhglhgl
B000MX4T2A,lhglhgl
B000FOY8D6,lhglhgl
B000CQ4AR6,lhglhgl
B07PZ91VP6,lhglhgl
B07NTLMW9F,lhglhgl
B00N3FQJ36,lhglhgl
B00TYKXEUU,lhglhgl
B08VV28G88,lhglhgl
B092VTTJ4B,lhglhgl
B091GRF189,lhglhgl
B07MWGWNP1,lhglhgl
B078NG3K7R,lhglhgl
B00GU7MI1G,lhglhgl
B09TK3SVJS,lhglhgl
B092G31VXG,lhglhgl
B098N84LP8,lhglhgl
B08JGKKJ83,lhglhgl
B07733WJHN,lhglhgl
B005VT46Q4,lhglhgl
B0855MTD68,lhglhgl
B084JKLG5B,lhglhgl
B07Q7G4MNJ,lhglhgl
B07PZY89S3,lhglhgl
B07PB37BR7,lhglhgl
B07K4XQDBK,lhglhgl
B07GXCR7Z4,lhglhgl
B07DWVSLFJ,lhglhgl
B07DDBH4ND,lhglhgl
B0787PLD2V,lhglhgl
B0727NXGMM,lhglhgl
B01JAJ2QNU,lhglhgl
B01HTAOOKK,lhglhgl
B01E44VVAA,lhglhgl
B01CGXLPE8,lhglhgl
B01CGXLNU4,lhglhgl
B0009STAXG,lhglhgl
B0009OAJIU,lhglhgl
B0006OCIPU,lhglhgl
1635444500,lhglhgl
B086V3D3JH,lhglhgl
B07FKKTRXL,lhglhgl
B08W2FCQSJ,lhglhgl
B07259WPGM,lhglhgl
B06XZV1623,lhglhgl
B08HM41JCH,lhglhgl
B08LP4GDXY,lhglhgl
B0937492FB,lhglhgl
B092V5FFD7,lhglhgl
B001701KO2,lhglhgl
B0000AU1ZN,lhglhgl
B0C49FRTSV,lhglhgl
B0923YS7XG,lhglhgl
B08M93N4KD,lhglhgl
B0855DMVGL,lhglhgl
B004J38I2G,lhglhgl
B08M4CSPXP,lhglhgl
B07YYWFGSR,lhglhgl
B08R3RHJCN,lhglhgl
B0925Y31WZ,lhglhgl
B0BR8N1N36,lhglhgl
B0869PRHY9,lhglhgl
B09136Q7ND,lhglhgl
B07B8C49XM,lhglhgl
B09CGSRG47,lhglhgl
B08J2SHSJM,lhglhgl
B0BKL8Y8F3,lhglhgl
B09YLGZ1KM,lhglhgl
B08KSVHCNW,lhglhgl
B00KN1FZZ6,lhglhgl
B09QR8HLQM,lhglhgl
B01A6RSK94,lhglhgl
B09DN6KJTH,lhglhgl
B08DFLQFTY,lhglhgl
B0839J3C6Z,lhglhgl
B07KPCVWQY,lhglhgl
B08ZKRKQPX,lhglhgl
B08GS5B81P,lhglhgl
B08BXNFTTM,lhglhgl
B079TK4ZZV,lhglhgl
B08ZJ411FV,lhglhgl
B08L6P99FT,lhglhgl
B08KCTJ79W,lhglhgl
B085VMN5QH,lhglhgl
B083444THS,lhglhgl
B01MY0LTU5,lhglhgl
B004NWPOYS,lhglhgl
B0C6938G6N,lhglhgl
B084Z14LHJ,lhglhgl
B084LBT9FB,lhglhgl
B083ZX72YG,lhglhgl
B083ZX6BD7,lhglhgl
B083ZX5SVV,lhglhgl
B083ZWBSYZ,lhglhgl
B083ZW8533,lhglhgl
B083ZW8532,lhglhgl
B083ZW7ZY3,lhglhgl
B083ZW7X7X,lhglhgl
B083ZW6D9T,lhglhgl
B083ZW5XYK,lhglhgl
B083ZW5PCY,lhglhgl
B083ZW5MYX,lhglhgl
B083ZW5JM8,lhglhgl
B083ZVVL7Z,lhglhgl
B08N1HB3PD,lhglhgl
B08MZZZQ1V,lhglhgl
B08MK92LKG,lhglhgl
B08LXZCWBT,lhglhgl
B08LGJYKNG,lhglhgl
B08L6PH8GB,lhglhgl
B08L6PB7YL,lhglhgl
B08L6P68FT,lhglhgl
B08L6NGXYS,lhglhgl
B08L5W3KKC,lhglhgl
B08KVXVJDQ,lhglhgl
B08KTTJ8Z4,lhglhgl
B08HWT6L3R,lhglhgl
B08FC42NRL,lhglhgl
B08CNHV833,lhglhgl
B0876JCFPL,lhglhgl
B0862GGJZG,lhglhgl
B084T7Z8LD,lhglhgl
B084Q6GYVG,lhglhgl
B0846J1D3N,lhglhgl
B0842NCYKP,lhglhgl
B0842C8QGR,lhglhgl
B083R6Z1C2,lhglhgl
B0837WBT3Z,lhglhgl
B0834T9QXH,lhglhgl
B08344P7Y9,lhglhgl
B082YC263B,lhglhgl
B07ZH8T1W7,lhglhgl
B07VL3JZJQ,lhglhgl
B07TC5PC47,lhglhgl
B07PBTSGG3,lhglhgl
B07LGCLCFB,lhglhgl
B0BZV3DN6V,lhglhgl
B0BB62NDFH,lhglhgl
B0B2VSVKGG,lhglhgl
B09XB168VW,lhglhgl
B09W5NLKVQ,lhglhgl
B09SQBZXQH,lhglhgl
B097MRCX5V,lhglhgl
B092VD6K6W,lhglhgl
B092C283M2,lhglhgl
B0921NS8TY,lhglhgl
B09219CG4V,lhglhgl
B091TFJS5Q,lhglhgl
B091KWY51N,lhglhgl
B08XWYXVQY,lhglhgl
B08PYVB8YQ,lhglhgl
B08NSDGN3K,lhglhgl
B07L44QNFK,lhglhgl
B07KMMGRSK,lhglhgl
B07JC8M9HH,lhglhgl
B07H5GS68X,lhglhgl
B07FMMHCZM,lhglhgl
B0799GSJTQ,lhglhgl
B0792RX4YJ,lhglhgl
B0792RFH9Z,lhglhgl
B0786M3KHC,lhglhgl
B077QGLFYC,lhglhgl
B077MDGDZ7,lhglhgl
B06XGFW2X2,lhglhgl
B01K9X1T2A,lhglhgl
B01H9AVAXY,lhglhgl
B018JV7BLC,lhglhgl
B00PJ7R9NU,lhglhgl
B0089JVFBW,lhglhgl
B00889QKIG,lhglhgl
B007BHVFQI,lhglhgl
B0070WVKWI,lhglhgl
B006IW06Y4,lhglhgl
B005OS3EAQ,lhglhgl
B005KLS8WG,lhglhgl
B005EZ8GPM,lhglhgl
B000CSI9ZS,lhglhgl
B0012TUWTW,lhglhgl
B0012PX9AU,lhglhgl
B000HDJXP8,lhglhgl
B000CPZX3M,lhglhgl
B000BOB8U6,lhglhgl
B00PHMINGO,lhglhgl
B00I5BK272,lhglhgl
B00G062WBS,lhglhgl
B00F08EB6G,lhglhgl
B00BHTU94K,lhglhgl
B009S5GXWM,lhglhgl
B009S5FLUC,lhglhgl
B008V5F76I,lhglhgl
B00889R7W4,lhglhgl
B0075K6R96,lhglhgl
B006A2TINM,lhglhgl
B0050E5EI4,lhglhgl
B0048B9XCI,lhglhgl
B00352V9GY,lhglhgl
B001OQ77FK,lhglhgl
B001E3B0AG,lhglhgl
B08BLBGN5Y,lhglhgl
B08PBJB3Q1,lhglhgl
B083Z17BB4,lhglhgl
B092XBPC8W,lhglhgl
B06XKKNLWL,lhglhgl
B07RL675B3,lhglhgl
B004VRQMPU,lhglhgl
B07J6N38B5,lhglhgl
B07C12H2K5,lhglhgl
B078CQDPQJ,lhglhgl
B085VG2BZS,lhglhgl
B08JS8XQ1K,lhglhgl
B07Z3M11RQ,lhglhgl
B08M5KK8H1,lhglhgl
B07MPVCCSN,lhglhgl
B07DHTCWF4,lhglhgl
B091938TQP,lhglhgl
B09DFHDTRR,lhglhgl
B003YJI06K,lhglhgl
B083D76J8Y,lhglhgl
B01A4RZULM,lhglhgl
B09BRHN4RM,lhglhgl
B0991N93Y6,lhglhgl
B07MFW3MDF,lhglhgl
B08XWDPXZD,lhglhgl
B092VHBXLJ,lhglhgl
B0012DHV9M,lhglhgl
B098PCZRPN,lhglhgl
B091XJFRHQ,lhglhgl
B085VPRZ2P,lhglhgl
B08LP3FHV3,lhglhgl
B08GS6L5GX,lhglhgl
B08JCNVFX3,lhglhgl
B08HXPQL2F,lhglhgl
B08HV3653J,lhglhgl
B08HQZFR1W,lhglhgl
B08HQXSQ7Z,lhglhgl
B08HQXNQRB,lhglhgl
B087H7NXRL,lhglhgl
B087GZR2SR,lhglhgl
B086YFGJM5,lhglhgl
B086YDSS9D,lhglhgl
B086C17GZZ,lhglhgl
B0868ZZHL8,lhglhgl
B0868Z5MB1,lhglhgl
B08654J6Y1,lhglhgl
B085HF3M9K,lhglhgl
B0855SDBR8,lhglhgl
B0089LODV4,lhglhgl
B0928CQDP2,lhglhgl
B07H8PVV7W,lhglhgl
B08NVGDJML,lhglhgl
B08LV7SMBY,lhglhgl
B08Z62HFBY,lhglhgl
B077F27G25,lhglhgl
B0723H4L3P,lhglhgl
B078W5CTDB,lhglhgl
B0035EJ5W2,lhglhgl
B08N5GDZ8D,lhglhgl
B08JTN1H45,lhglhgl
B085XY4W5N,lhglhgl
B00TE1LN20,lhglhgl
B0C6XNQ9B8,lhglhgl
B092DBQJRS,lhglhgl
B08MNSHC93,lhglhgl
B08778XS27,lhglhgl
B07XNQCB8F,lhglhgl
B07TBCPBWT,lhglhgl
B07KDX2YLB,lhglhgl
B07CY2PFX8,lhglhgl
1635444519,lhglhgl
1586506595,lhglhgl
B0CD88THCB,lhglhgl
B0BZCQLWG2,lhglhgl
B0B18CBDHW,lhglhgl
B09Z6Q8QQX,lhglhgl
B09Z6PRSJ5,lhglhgl
B09TSB2YZK,lhglhgl
B09RSB366S,lhglhgl
B09HT3NRS3,lhglhgl
B0931753CS,lhglhgl
B092LJ5525,lhglhgl
B08ZJV3FSG,lhglhgl
B08ZJSLFTM,lhglhgl
B08ZJS9Z6Y,lhglhgl
B08ZJS7416,lhglhgl
B08ZJS3TVZ,lhglhgl
B08ZJRJJPP,lhglhgl
B08ZJR4MFF,lhglhgl
B08XQX5NSW,lhglhgl
B08N9VD6SB,lhglhgl
B08N9RBHSD,lhglhgl
B08N9H36LP,lhglhgl
B08N8JGKQ2,lhglhgl
B08N84VN2M,lhglhgl
B08N5JN3HW,lhglhgl
B08LLCSKB1,lhglhgl
B08L7JBYWR,lhglhgl
B08JGVKGMJ,lhglhgl
B08J83SWGH,lhglhgl
B08HY9G2K7,lhglhgl
B08HPD94C6,lhglhgl
B08GKHWBH7,lhglhgl
B08FJ26NHH,lhglhgl
B086WK3WSS,lhglhgl
B086Q16STG,lhglhgl
B086P86DND,lhglhgl
B086H2FLQG,lhglhgl
B0868XB3LY,lhglhgl
B08657DR6J,lhglhgl
B0855C12JP,lhglhgl
B085492JPW,lhglhgl
B083ZW64WH,lhglhgl
B083ZW4HTW,lhglhgl
B083ZW42LR,lhglhgl
B083ZW3YSH,lhglhgl
B083ZW31N6,lhglhgl
B083ZW2RPD,lhglhgl
B083ZW16HK,lhglhgl
B083ZVZT2S,lhglhgl
B083ZVZT2R,lhglhgl
B083ZVZLCP,lhglhgl
B083ZVYVK6,lhglhgl
B083ZVXV1F,lhglhgl
B083ZVXLD5,lhglhgl
B083ZVX9NJ,lhglhgl
B083ZVX7ZF,lhglhgl
B083ZVW52P,lhglhgl
B083ZWVT2D,lhglhgl
B083ZWQ4QZ,lhglhgl
B083ZWM9ML,lhglhgl
B083ZWLTVV,lhglhgl
B083ZWJTPG,lhglhgl
B083ZWJ8TL,lhglhgl
B083ZWJ5R3,lhglhgl
B083ZWHSX3,lhglhgl
B083ZWH7DT,lhglhgl
B083ZWGC7Q,lhglhgl
B083ZWCMQ2,lhglhgl
B083ZWBZ7Q,lhglhgl
B083ZWBQLN,lhglhgl
B083ZW9BM8,lhglhgl
B083ZW6H7D,lhglhgl
B083ZW65KB,lhglhgl
B083ZVVNG4,lhglhgl
B083ZVTWXH,lhglhgl
B083ZVTH2G,lhglhgl
B083ZVTCZX,lhglhgl
B083WBT9GD,lhglhgl
B083HQBZW1,lhglhgl
B08351F828,lhglhgl
B081XXZXWD,lhglhgl
B07ZRR8QJK,lhglhgl
B07WWLB89F,lhglhgl
B07SYCC57M,lhglhgl
B07QD29LBK,lhglhgl
B07P7XW9J9,lhglhgl
B07NQT4BX2,lhglhgl
B07KNZLCBW,lhglhgl
B07HCJGV68,lhglhgl
B07HCBGM64,lhglhgl
B07H5G6116,lhglhgl
B07BJHK6Q6,lhglhgl
B07BDPLQC7,lhglhgl
B07B5F7RVD,lhglhgl
B078YNX67X,lhglhgl
B077Q28998,lhglhgl
B077P2SYPB,lhglhgl
B077KSLFZM,lhglhgl
B0779HVY1B,lhglhgl
B076YFPSQC,lhglhgl
B072QB4WSK,lhglhgl
B072PZ35V4,lhglhgl
B06XDNMHPM,lhglhgl
B01MZ78AKI,lhglhgl
B01CIGQ9GW,lhglhgl
B00MDWMIEY,lhglhgl
B00W5WXWCE,lhglhgl
B004H38LT8,lhglhgl
B002W7O0VY,lhglhgl
B001FORIBO,lhglhgl
B01MQ1KH4R,lhglhgl
B00FF28J92,lhglhgl
B0BZ1SK9Z7,lhglhgl
B09SH12P9P,lhglhgl
B09FFBHK7B,lhglhgl
B09DPSYD13,lhglhgl
B09DGN5KXG,lhglhgl
B09DGM9Z4D,lhglhgl
B092LRQ2FL,lhglhgl
B091KZMQH7,lhglhgl
B0916961V4,lhglhgl
B00QWE19IU,lhglhgl
B0869DK5LR,lhglhgl
1639470107,lhglhgl
B077YKX3DC,lhglhgl
B09VS34GRN,lhglhgl
B001VNP7L2,lhglhgl
B09DGM94YK,lhglhgl
B00XKC5JEW,lhglhgl
B0064MU60C,lhglhgl
B0871B1RZF,lhglhgl
B07J2B4FB7,lhglhgl
B09VYZBQZ7,lhglhgl
1635440270,lhglhgl
158650486X,lhglhgl
B08LDHNG5Y,lhglhgl
B07RQV2RTJ,lhglhgl
B08YMQX69F,lhglhgl
B08Y84CFXG,lhglhgl
B08QMJZPF4,lhglhgl
B08QJQCY74,lhglhgl
B08NJLVF4M,lhglhgl
B08MF3JRM5,lhglhgl
B08M1S5HTV,lhglhgl
B08KYDZM6M,lhglhgl
B08KWMWRS5,lhglhgl
B08HSYYH9X,lhglhgl
B08HJBDMTV,lhglhgl
B08H8GMPSV,lhglhgl
B08FVHGX8B,lhglhgl
B08CXW5DBH,lhglhgl
B08BLGKJBN,lhglhgl
B088WNY6GT,lhglhgl
B00XW2DWKS,lhglhgl
B00SZ4CJ9I,lhglhgl
B00NTWKUU6,lhglhgl
B00NIO37G4,lhglhgl
B00CIOJCNC,lhglhgl
B009S5GY6W,lhglhgl
B003YNBF18,lhglhgl
B001DR1DWS,lhglhgl
1635449944,lhglhgl
B087977J32,lhglhgl
B0862G3TY6,lhglhgl
B084QF1P61,lhglhgl
B0844R6PV1,lhglhgl
B083SD35MP,lhglhgl
B083NBD74Y,lhglhgl
B083FJZPYM,lhglhgl
B07Y34GZ47,lhglhgl
B07R7Z55V8,lhglhgl
B07Q3HBR49,lhglhgl
B07P6STQT3,lhglhgl
B07NVY7Q7C,lhglhgl
B07NBQYRGZ,lhglhgl
B07K33QHMF,lhglhgl
B07JHJ57HW,lhglhgl
B07HRYMVL9,lhglhgl
B07VYYV4XZ,lhglhgl
B0147GNRVQ,lhglhgl
B07TWQT3NX,lhglhgl
B08L81G6VG,lhglhgl
B07MKMZVNY,lhglhgl
B005ESPF9O,lhglhgl
B07HZBCPG5,lhglhgl
B08HGJRCS3,lhglhgl
B07C7YFQ3K,lhglhgl
B0CLD7PXZM,lhglhgl
B01BIS2F1E,lhglhgl
B06ZZYDF4P,lhglhgl
B00SW1IUSI,lhglhgl
B08433TD4Z,lhglhgl
B00SNM5VKG,lhglhgl
B000GTV9PU,lhglhgl
B08HRL9HZZ,lhglhgl
B08HQN8JJR,lhglhgl
B089LP5XX5,lhglhgl
B087KX8CSC,lhglhgl
B087KX5PW6,lhglhgl
B087KN45MY,lhglhgl
B086BW6PS2,lhglhgl
B0865TWQTQ,lhglhgl
B084Z7MJ35,lhglhgl
B084RNFY76,lhglhgl
B0823RQXNB,lhglhgl
B08128F1QC,lhglhgl
B07QX99HHC,lhglhgl
B07KGJ2DRM,lhglhgl
B07HN3SHVC,lhglhgl
B07GX727QS,lhglhgl
B0797CFGD5,lhglhgl
B077NT8QBG,lhglhgl
B075ZDWY3Q,lhglhgl
B01N0QGWAZ,lhglhgl
B01IGS8ULS,lhglhgl
B014649HJA,lhglhgl
B00ZW7SBI4,lhglhgl
B00TO62PNG,lhglhgl
B00NE07QBO,lhglhgl
B00B94Z9SO,lhglhgl
B009A3HUC4,lhglhgl
B008VTJY9U,lhglhgl
B005DS6ILO,lhglhgl
B0046DNT4Q,lhglhgl
B003FV5PJC,lhglhgl
B002ZZ3K4Q,lhglhgl
B0090R6K94,lhglhgl
B08ZKHL9D7,lhglhgl
B007AUA1UW,lhglhgl
B095CN15XX,lhglhgl
B000KL4UIM,lhglhgl
B09D9MF9CP,lhglhgl
B015976OT4,lhglhgl
B091667CF5,lhglhgl
B083NT3TSX,lhglhgl
B083F6KZXR,lhglhgl
B081C8XYKN,lhglhgl
B078SQLKGX,lhglhgl
B01GD4FYDO,lhglhgl
B00BJO3Q0C,lhglhgl
B001FQMZRO,lhglhgl
B0C1C9VDQ5,lhglhgl
B0B43489S7,lhglhgl
B0B37ZVNRM,lhglhgl
B09TXJV1FG,lhglhgl
B09T4MV93F,lhglhgl
B09SWM2KZ1,lhglhgl
B09QT333PZ,lhglhgl
B09MFKB1JB,lhglhgl
B09DM3M4NC,lhglhgl
B098R98J19,lhglhgl
B09576Y712,lhglhgl
B093B3KVTQ,lhglhgl
B0928HDG79,lhglhgl
B0928H5VK9,lhglhgl
B0928GW2BX,lhglhgl
B091YT38G8,lhglhgl
B091YDXKZ1,lhglhgl
B001PZ9LMM,lhglhgl
B000WPPTFE,lhglhgl
B000WKJY46,lhglhgl
B000QSSRFG,lhglhgl
B000NW78IC,lhglhgl
B000GU0S2Y,lhglhgl
B000CAVDR2,lhglhgl
B0000AXNYH,lhglhgl
B0000AX4PE,lhglhgl
B091YDR5VL,lhglhgl
B091XY97YJ,lhglhgl
B091HL3WKF,lhglhgl
B091HJS6QN,lhglhgl
B08YXTWRCH,lhglhgl
B08YNKWYP1,lhglhgl
B08R8QYG54,lhglhgl
B08QYV8FNT,lhglhgl
B08P4PSPDN,lhglhgl
B08NRRCJS6,lhglhgl
B08N9NBMBP,lhglhgl
B08N8X98FF,lhglhgl
B08M1RRGS1,lhglhgl
B08LQVJFCG,lhglhgl
B08KGTFZ8R,lhglhgl
B08HSDMXMM,lhglhgl
B07FPD4GPW,lhglhgl
B07DRNCMK6,lhglhgl
B076KQZ7XW,lhglhgl
B072FCV7KX,lhglhgl
B072BJLP1M,lhglhgl
B071CJTQYY,lhglhgl
B06XTYFCGS,lhglhgl
B06XTQZQRX,lhglhgl
B06XNV9J32,lhglhgl
B01N8P505O,lhglhgl
B01LVZAWYG,lhglhgl
B01LDS54LC,lhglhgl
B01K827F84,lhglhgl
B01E29RN36,lhglhgl
B011XVXFJC,lhglhgl
B0110S8AUM,lhglhgl
B00TIVNHAC,lhglhgl
B00TABUA00,lhglhgl
B00RPP2LSM,lhglhgl
B00O3GZ3AO,lhglhgl
B00KMDHW9W,lhglhgl
B00IG2SNDU,lhglhgl
B00H4ERYHC,lhglhgl
B00B7781XS,lhglhgl
B0090R80DI,lhglhgl
B0090R7Q6A,lhglhgl
B0090R7LBU,lhglhgl
B0090R6YPY,lhglhgl
B0090R6SZA,lhglhgl
B006EKHA9Y,lhglhgl
B006EKGCYI,lhglhgl
B005VLO9GO,lhglhgl
B084KKMGCJ,lhglhgl
B0848QYTTL,lhglhgl
B08429Y7N4,lhglhgl
B083ZXS23R,lhglhgl
B083ZXD79R,lhglhgl
B083ZX8588,lhglhgl
B083ZX7LPX,lhglhgl
B083ZX5F16,lhglhgl
B083ZX1HPN,lhglhgl
B083ZWZR9W,lhglhgl
B083ZWZD1F,lhglhgl
B083ZWYZN6,lhglhgl
B083ZWYBFW,lhglhgl
B083ZWXCDQ,lhglhgl
B083ZWW6KY,lhglhgl
B083ZWW515,lhglhgl
B08ZKGB4G7,lhglhgl
B0986XXGWB,lhglhgl
B09T6WNLHQ,lhglhgl
B08XZ5MYVZ,lhglhgl
B0759BYYQ6,lhglhgl
B08XC6VJWK,lhglhgl
B07H4XH6CV,lhglhgl
B08XC3TQYC,lhglhgl
B08JVG44BR,lhglhgl
B08T1XT2KK,lhglhgl
B005VES9HG,lhglhgl
B08T1SWR1R,lhglhgl
B08N623TZ4,lhglhgl
B08P19YKNC,lhglhgl
B0009JMKX2,lhglhgl
B08LDYNC4J,lhglhgl
B0B6PKMYRC,lhglhgl
B012BMCIVI,lhglhgl
B0B68XNYJM,lhglhgl
B006468TCA,lhglhgl
B09WCTBTDK,lhglhgl
B004UH4S8Y,lhglhgl
B09W16K8QS,lhglhgl
B09T616M4Y,lhglhgl
B09S4192SN,lhglhgl
B09QPMNQJD,lhglhgl
B09F39ZJXN,lhglhgl
B098X7SSQ8,lhglhgl
B092M5YKTT,lhglhgl
B092HW83YH,lhglhgl
B0922NC4H5,lhglhgl
B091Y59LMM,lhglhgl
B086T1YWMJ,lhglhgl
B07DXFBD8Y,lhglhgl
B07HZBHC8K,lhglhgl
B07BFB4FJZ,lhglhgl
B01AXQVAS6,lhglhgl
B07BDR44LP,lhglhgl
B0CNQ77J4X,lhglhgl
B078MSSQZ4,lhglhgl
B0C6928MG4,lhglhgl
B077MZKQ7K,lhglhgl
B0BQ36VLWX,lhglhgl
B072KKD6VX,lhglhgl
B0BN2K24MD,lhglhgl
B01IDWB15Y,lhglhgl
B0B7RGLSTY,lhglhgl
B01BIS329S,lhglhgl
B091L4YM7N,lhglhgl
B0916X9LJY,lhglhgl
B0912N9X3Y,lhglhgl
B08Z848VLL,lhglhgl
B08YF1FL37,lhglhgl
B08XYB749G,lhglhgl
B08TJ381Q5,lhglhgl
B08T9C1X6P,lhglhgl
B08RCJVH6H,lhglhgl
B08NSC7148,lhglhgl
B08N94GKPS,lhglhgl
B08N6CGBBC,lhglhgl
B08N3JXZCS,lhglhgl
B08N2XL5CJ,lhglhgl
B08MZZJ6Q7,lhglhgl
B08M9Q1X4B,lhglhgl
B09WDPHRWF,lhglhgl
B0855LLNKX,lhglhgl
B09B3JTQZF,lhglhgl
B0855GNF1K,lhglhgl
B08ZHY7BRB,lhglhgl
B07V6LKZZB,lhglhgl
B075WG6N5H,lhglhgl
B07N1W5ML1,lhglhgl
B09SL1DCY8,lhglhgl
B07MBLNXJ4,lhglhgl
B08ZMSVZ47,lhglhgl
B07KF92MXN,lhglhgl
B08S3PZ52D,lhglhgl
B07JV8YKB3,lhglhgl
B08BHP5K3V,lhglhgl
B07J3P7YVB,lhglhgl
B08M9M6STQ,lhglhgl
B08M9FF5WH,lhglhgl
B08M971ZVF,lhglhgl
B08M959P2X,lhglhgl
B08M941TKY,lhglhgl
B08M93B6BF,lhglhgl
B08M92FCGC,lhglhgl
B08M8X9GGP,lhglhgl
B08M8T6PZ9,lhglhgl
B08M8QYNLM,lhglhgl
B08LXV6S9M,lhglhgl
B08LXR5C6H,lhglhgl
B08LXMKS1B,lhglhgl
B08LXCWM6C,lhglhgl
B08LX8LV34,lhglhgl
B08LX5ZMCF,lhglhgl
B005H3T8PI,lhglhgl
B00527A574,lhglhgl
B003QMLVMA,lhglhgl
B002YDIZLM,lhglhgl
B002NHD6UO,lhglhgl
B002NEG1CW,lhglhgl
B002J3H3G0,lhglhgl
B000VOB0AO,lhglhgl
B000VAOHD0,lhglhgl
B000OPOAAM,lhglhgl
B000KA94IY,lhglhgl
B000HDL0AE,lhglhgl
B000CIOLP0,lhglhgl
B000BD8LPM,lhglhgl
B08LX443VZ,lhglhgl
B08LWYXTT2,lhglhgl
B08LQY9QJ3,lhglhgl
B08LQVVD3T,lhglhgl
B08LQT8SR2,lhglhgl
B08LQT6JFM,lhglhgl
B08LQST9GW,lhglhgl
B08LQSPHL2,lhglhgl
B08LQRDZQY,lhglhgl
B08LN125ZR,lhglhgl
B08LKMPQQ7,lhglhgl
B08LKDL1RG,lhglhgl
B08LG6C5RJ,lhglhgl
B08LBBCHX6,lhglhgl
B08L8GRHWZ,lhglhgl
B08L8GK2BF,lhglhgl
B08L8GJ9TL,lhglhgl
B08L8G63JZ,lhglhgl
B08L8FYXBW,lhglhgl
B08L8FS2TN,lhglhgl
B08L8FQJZD,lhglhgl
B08L8FMLND,lhglhgl
B08L8F8SBM,lhglhgl
B08L8DQX2Z,lhglhgl
B08L8DL9XX,lhglhgl
B08L8DHYK9,lhglhgl
B08L8DF12B,lhglhgl
B08L8CFNRK,lhglhgl
B08L6CKYV2,lhglhgl
B08L5NLC8Z,lhglhgl
B08L32R9F8,lhglhgl
B08KTVG1GX,lhglhgl
B08KG7RHBW,lhglhgl
B08K3SQ92L,lhglhgl
B08JWP5LB3,lhglhgl
B08HJ5RP84,lhglhgl
B08GCRYM5L,lhglhgl
B08CGY2QCZ,lhglhgl
B08CC7J98D,lhglhgl
B087L28TBR,lhglhgl
B087KX61ZM,lhglhgl
B087KVXWF2,lhglhgl
B087KV9TJF,lhglhgl
B087KV2F2M,lhglhgl
B087KTF5V6,lhglhgl
B087KPK425,lhglhgl
B086T2RPSN,lhglhgl
B00SIPENP2,lhglhgl
B00PCHT872,lhglhgl
B00LUVELJE,lhglhgl
B00GV3IZ84,lhglhgl
B00GRU07KU,lhglhgl
B00FPHCU92,lhglhgl
B00DH3RLFE,lhglhgl
B00CMXSGL8,lhglhgl
B00C8C6HAA,lhglhgl
B00ABMI5OU,lhglhgl
B009I5RPBU,lhglhgl
B009I5ROTS,lhglhgl
B0090R85OW,lhglhgl
B0081JY9U4,lhglhgl
B007YDB4UG,lhglhgl
B0071MBFRW,lhglhgl
B086T2RNBT,lhglhgl
B086T2JXX5,lhglhgl
B086T2DXBT,lhglhgl
B086T282Y3,lhglhgl
B086T2655K,lhglhgl
B086T223VW,lhglhgl
B086T1ZW1M,lhglhgl
B086T1YCZM,lhglhgl
B086T1X6WT,lhglhgl
B086T1TX8V,lhglhgl
B086T1ST6L,lhglhgl
B086T1RY29,lhglhgl
B086T1PDZL,lhglhgl
B086T1P8PJ,lhglhgl
B086T1GDMP,lhglhgl
B086SM7MKM,lhglhgl
B086SKX9JM,lhglhgl
B086SKX8LH,lhglhgl
B0868QSD2W,lhglhgl
B085YW623T,lhglhgl
B08517G2KY,lhglhgl
B084Y9ZGZM,lhglhgl
B084L4835W,lhglhgl
B084KJWZ53,lhglhgl
B083HYY87B,lhglhgl
B07Z3NCFL1,lhglhgl
B07WJ6VJPF,lhglhgl
B07W5BN8LT,lhglhgl
B07SYMKT94,lhglhgl
B07Q6TT6V1,lhglhgl
B07P7XW7HM,lhglhgl
B07NW6BGBV,lhglhgl
B07K3792B3,lhglhgl
B07HZZVK27,lhglhgl
B07FCPCN47,lhglhgl
B07DBV98L6,lhglhgl
B078R8PT8R,lhglhgl
B078LD9NJ6,lhglhgl
B07662JKL3,lhglhgl
B072M2THV9,lhglhgl
B01KKH9O2W,lhglhgl
B01K82788G,lhglhgl
B01K826LXO,lhglhgl
B01I7G5ROC,lhglhgl
B01G35SY4E,lhglhgl
B014FZ32IM,lhglhgl
B00WU22P6S,lhglhgl
B00U7VP8IG,lhglhgl
B000N261VM,lhglhgl
B000IN13J6,lhglhgl
B000H58SPM,lhglhgl
B0000AXRUF,lhglhgl
B006ZOGE1E,lhglhgl
B006JFLCAW,lhglhgl
B006EKH6T8,lhglhgl
B006EFMXDC,lhglhgl
B006A2T6MK,lhglhgl
B0068ES4L4,lhglhgl
B0067OFOTK,lhglhgl
B0067OEMM0,lhglhgl
B004UNCW8G,lhglhgl
B0042T9XRG,lhglhgl
B003LZ87UG,lhglhgl
B0035XZWCK,lhglhgl
B00305QSLC,lhglhgl
B002YGKDB4,lhglhgl
B002C7TM9O,lhglhgl
B001FQLQSI,lhglhgl
B01NCSNE0F,lhglhgl
B07SGF65NH,lhglhgl
B07YCNHYMH,lhglhgl
B07RLL6981,lhglhgl
B08ZKDZ54S,lhglhgl
B07NKR6JFL,lhglhgl
B000UVUHNY,lhglhgl
B07N8TP4M9,lhglhgl
B09256NY19,lhglhgl
B07JR8T97Q,lhglhgl
B078J964MH,lhglhgl
B07GGBTK2B,lhglhgl
B08D94P27K,lhglhgl
B07FMJZ81Y,lhglhgl
B0859JZ1DP,lhglhgl
B07948FLKH,lhglhgl
B00EW0HETE,lhglhgl
B076H4H3VG,lhglhgl
B003UWBCH0,lhglhgl
B06X9N1DXQ,lhglhgl
B08MQZJCHZ,lhglhgl
B01N3UFBSF,lhglhgl
B00Q1M9O58,lhglhgl
B01N3PKY2F,lhglhgl
B074D9DV5P,lhglhgl
B01L9PG79M,lhglhgl
B00XRE68IE,lhglhgl
B01BIS3248,lhglhgl
B0CCY95R16,lhglhgl
B00SW0I214,lhglhgl
B0874D4JCM,lhglhgl
B00SNM5L74,lhglhgl
B083C43X6W,lhglhgl
B009QDRQS6,lhglhgl
B076QDTHYR,lhglhgl
B0090RAOV4,lhglhgl
B091D2TM45,lhglhgl
B006488OQE,lhglhgl
B0071C0064,lhglhgl
B006487Z8M,lhglhgl
B07Q119HFG,lhglhgl
B0794DSZ2G,lhglhgl
B0CJV5LJ8P,lhglhgl
B0BSFG49LH,lhglhgl
B0B3CS6Y25,lhglhgl
B09X93FJLN,lhglhgl
B09X5H4PKP,lhglhgl
B09TXK4YGV,lhglhgl
B08MPPRRGN,lhglhgl
B08MPLT6NM,lhglhgl
B08MGZMW1Z,lhglhgl
B08LQ2KXBQ,lhglhgl
B08LNR3PBX,lhglhgl
B08LK4N5MX,lhglhgl
B08LDDZWPY,lhglhgl
B08KGLMLYL,lhglhgl
B08JVHBF4K,lhglhgl
B08JC4QMYP,lhglhgl
B08DYCN67D,lhglhgl
B08BTFW38K,lhglhgl
B086NS2RWT,lhglhgl
B085SR2Z1M,lhglhgl
B07YP6Q4GD,lhglhgl
B07TB223CL,lhglhgl
B09RFYK1J7,lhglhgl
B09QT1TCX7,lhglhgl
B09Q1Q5144,lhglhgl
B09MHSV24C,lhglhgl
B09KCHKF8W,lhglhgl
B09DFJBH24,lhglhgl
B098K9C84X,lhglhgl
B098K9C7F4,lhglhgl
B093C3RV6H,lhglhgl
B091Y2SGP4,lhglhgl
B091TWLGQ5,lhglhgl
B091TTFKYB,lhglhgl
B0919S6CCX,lhglhgl
B0919PH898,lhglhgl
B0919D8KLF,lhglhgl
B0916K5845,lhglhgl
B08ZYDB22D,lhglhgl
B08ZCPHZBW,lhglhgl
B08Z3JLTRV,lhglhgl
B08YCWFKXZ,lhglhgl
B08Y5HM28S,lhglhgl
B08SJBT7J6,lhglhgl
B08R43WVMB,lhglhgl
B08QMPQ4XF,lhglhgl
B08PP5748F,lhglhgl
B08N91LHRD,lhglhgl
B08N3XZBCD,lhglhgl
B08N3G6YZC,lhglhgl
B08MQBQFQB,lhglhgl
B08MQ5YXC9,lhglhgl
B08MQ4HPBF,lhglhgl
B08MPZCCS3,lhglhgl
B07SH27V9M,lhglhgl
B07PNJRBN7,lhglhgl
B07P7X8H6T,lhglhgl
B07MFZ3WWM,lhglhgl
B07M8HW6NQ,lhglhgl
B07M7DHFSS,lhglhgl
B07L44CS9V,lhglhgl
B07K67Z1NQ,lhglhgl
B07JHZZK7B,lhglhgl
B07FQYVVYP,lhglhgl
B07CT4G19D,lhglhgl
B07CHKNQH4,lhglhgl
B07BHYZZYT,lhglhgl
B07BHD838F,lhglhgl
B07B93YPLJ,lhglhgl
B0795WQZ7D,lhglhgl
B01K8277PU,lhglhgl
B01K826D6O,lhglhgl
B01K825GGW,lhglhgl
B01IG4CLZ8,lhglhgl
B01IEM3TXU,lhglhgl
B01HU7WSMI,lhglhgl
B01DJJVUE8,lhglhgl
B017CCQ2W8,lhglhgl
B00XWSWEVK,lhglhgl
B00SQTQNDK,lhglhgl
B00P1QM88A,lhglhgl
B00O3GIEOQ,lhglhgl
B00NB5XYVI,lhglhgl
B00N5R70JO,lhglhgl
B00N5A25J6,lhglhgl
B00KZ7H77M,lhglhgl
B00KMBSQ6M,lhglhgl
B00KMBS8BU,lhglhgl
B00KMBQKQA,lhglhgl
B00K6PX97K,lhglhgl
B00IJHJVRO,lhglhgl
B00IHLZUZO,lhglhgl
B00IHLKKB8,lhglhgl
B00A6GIFZA,lhglhgl
B0090R9AL4,lhglhgl
B0090R8C54,lhglhgl
B008966JRK,lhglhgl
B007X4UBY6,lhglhgl
B007P7ZGR8,lhglhgl
B007P7YVAQ,lhglhgl
B006Z3Q9MO,lhglhgl
B006JFM7Y2,lhglhgl
B00577YACA,lhglhgl
B0052WEEK8,lhglhgl
B0052WDX78,lhglhgl
B004QAX3G8,lhglhgl
B004QAV4SC,lhglhgl
B0046W3FR8,lhglhgl
B002NEX50I,lhglhgl
B000O67SOQ,lhglhgl
B000ETCDK2,lhglhgl
B000CHDL7U,lhglhgl
B0752N7XFL,lhglhgl
B08ML3LP7W,lhglhgl
B0191CTGTI,lhglhgl
B08L99VPH3,lhglhgl
B09SW279YW,lhglhgl
B0798G4PH6,lhglhgl
B08XC6Q9SP,lhglhgl
B09XDRS9VG,lhglhgl
B08HSNR62P,lhglhgl
B00D3F2PSY,lhglhgl
B07RB2DS78,lhglhgl
B073TZF8BL,lhglhgl
B07Q9Y3BNL,lhglhgl
B08CHNFG4C,lhglhgl
B07JW49VRC,lhglhgl
B07F7QCR1L,lhglhgl
B07HZ3Z4WR,lhglhgl
B07TJGK6K6,lhglhgl
B07CZPDFY2,lhglhgl
B000LWAWWI,lhglhgl
B07C6S89YG,lhglhgl
B087RTK9PB,lhglhgl
B06XCYNYNX,lhglhgl
B009DNMMEW,lhglhgl
B01LBU051Q,lhglhgl
B007NWW9RA,lhglhgl
B011A2QVAY,lhglhgl
B001AQT2PM,lhglhgl
B010IK2UEU,lhglhgl
B086MS5BQN,lhglhgl
B0090RA10I,lhglhgl
B07L943NGJ,lhglhgl
B09X1YZGX9,lhglhgl
B09W1G14LK,lhglhgl
B09RWWR3CF,lhglhgl
B09RGMGXM6,lhglhgl
B09QT1BQVW,lhglhgl
B09Q76X2LS,lhglhgl
B09C5ZJJR1,lhglhgl
B099K99Z7H,lhglhgl
B099917WSZ,lhglhgl
B097D82919,lhglhgl
B092TCL1Z5,lhglhgl
B0928FMRZJ,lhglhgl
B091KBRXX5,lhglhgl
B091HL879H,lhglhgl
B091HJPSKQ,lhglhgl
B091GFSCGP,lhglhgl
B08ZXLWL1X,lhglhgl
B08ZMFW27W,lhglhgl
B08XVWTHFW,lhglhgl
B08W8B7LD2,lhglhgl
B08RLF6DVL,lhglhgl
B08R6JZ7RN,lhglhgl
B08NTHVQV1,lhglhgl
B08NT68QPS,lhglhgl
B08NJTPF17,lhglhgl
B08MWR3C1S,lhglhgl
B08MTK5CKT,lhglhgl
B08M44NR1J,lhglhgl
B08KZS2BB5,lhglhgl
B08K9CJS4R,lhglhgl
B08JVD6WXF,lhglhgl
B08JQRZZ3C,lhglhgl
B08JHBZ2XW,lhglhgl
B08J7SQRJ6,lhglhgl
B08J6STJF8,lhglhgl
B08HVBC24F,lhglhgl
B08HRYLFM3,lhglhgl
B08G9YNDRD,lhglhgl
B08G1XDPW4,lhglhgl
B086GL2N21,lhglhgl
B08686T6JY,lhglhgl
B0862HFR2X,lhglhgl
B0859JZ1DQ,lhglhgl
B084RNK48Z,lhglhgl
B084RKWGPN,lhglhgl
B084RKL51B,lhglhgl
B084RFS86C,lhglhgl
B084RF7S4H,lhglhgl
B084RF6YWY,lhglhgl
B084R752JY,lhglhgl
B084R6ZBFZ,lhglhgl
B084R6LH7S,lhglhgl
B083LYGTWT,lhglhgl
B083J112M4,lhglhgl
B083BP2579,lhglhgl
B0834SWF9B,lhglhgl
B082H741KQ,lhglhgl
B0822HMPRX,lhglhgl
B0816322MR,lhglhgl
B07X57V5LM,lhglhgl
B07RTVPN6L,lhglhgl
B07QQ16LFR,lhglhgl
B07H41TTVN,lhglhgl
B07FQ1HJX1,lhglhgl
B0090R9SZ2,lhglhgl
B07C4QH8Q9,lhglhgl
B0090R7PPC,lhglhgl
B00JRB1MAK,lhglhgl
B0090R6D78,lhglhgl
B00CBEXX7U,lhglhgl
B0090R64EU,lhglhgl
B002DGM9V2,lhglhgl
B0041X19NE,lhglhgl
B0CKYX21RH,lhglhgl
B0CB55RCK9,lhglhgl
B0B7JGRW5J,lhglhgl
B0B7JG1N5F,lhglhgl
B0B7JD8MMP,lhglhgl
B0B7JC1K61,lhglhgl
B0B3J9L81V,lhglhgl
B00DX7DXRY,lhglhgl
B00CKYM3J0,lhglhgl
B00AR11U9C,lhglhgl
B009WNN88M,lhglhgl
B0090RAEWS,lhglhgl
B0090R9WGM,lhglhgl
B0090R9OOC,lhglhgl
B0090R81DM,lhglhgl
B0090R746C,lhglhgl
B0090R64ZO,lhglhgl
B0090R632I,lhglhgl
B0072D8KZA,lhglhgl
B006X79U28,lhglhgl
B006LLO2QA,lhglhgl
B006EKH3IC,lhglhgl
B006A2SPSQ,lhglhgl
B005LQ1YNK,lhglhgl
B004RDP2H2,lhglhgl
B0042T4U2O,lhglhgl
B003PKTMQA,lhglhgl
B002FCVSW0,lhglhgl
B000XZWQM2,lhglhgl
B000XJ1K7K,lhglhgl
B000VT7IKU,lhglhgl
B000LEVRIY,lhglhgl
B000KACGXE,lhglhgl
B000CHG00A,lhglhgl
B082VKNTYK,lhglhgl
B07HGSWWDV,lhglhgl
B08HM6Z4CL,lhglhgl
B0833P5HD2,lhglhgl
B0779M3G3X,lhglhgl
B00E5NXG3G,lhglhgl
B08JJ725XX,lhglhgl
B00ZFA87MI,lhglhgl
B000QYKK2S,lhglhgl
B08M9MSH77,lhglhgl
B08BDLNRP5,lhglhgl
B073R3S8Z4,lhglhgl
B0053OKCY2,lhglhgl
B0C9R5ZLQ8,lhglhgl
B087LQRLKX,lhglhgl
B0872JSK3Y,lhglhgl
B08CKKR1M5,lhglhgl
B013X1MZ1Y,lhglhgl
B091G9MWCY,lhglhgl
B08L7W3XN5,lhglhgl
B08H5XC8T1,lhglhgl
B07MHKLWXY,lhglhgl
B08N4HKZZ6,lhglhgl
B07PQH3P1L,lhglhgl
B08SHNW6JJ,lhglhgl
B084YZBR8Z,lhglhgl
B07RMZ32GH,lhglhgl
B08HM98X6F,lhglhgl
B08HM7J5VS,lhglhgl
B08F9WH11C,lhglhgl
B071GVY32B,lhglhgl
B005JVE13W,lhglhgl
B07DN8J7TL,lhglhgl
B07D4DZQ37,lhglhgl
B0798F63NR,lhglhgl
B0787T44BY,lhglhgl
B0787RT5L1,lhglhgl
B075DF3P5T,lhglhgl
B071H33CLD,lhglhgl
B06WLNV7BH,lhglhgl
B01N2G87PP,lhglhgl
B01IPOEZMQ,lhglhgl
B00ZYUXY8Q,lhglhgl
B00RPP2LO6,lhglhgl
B00M9MX482,lhglhgl
B00HJ6BUJI,lhglhgl
B00GRT9KY0,lhglhgl
B00EQWX9JW,lhglhgl
B09X91J8B1,lhglhgl
B09WMYQGKQ,lhglhgl
B09VPR3QB4,lhglhgl
B09RGC3D8Q,lhglhgl
B09NPXXL2K,lhglhgl
B09K72NRHG,lhglhgl
B09GNTS3CV,lhglhgl
B09CHFP1CX,lhglhgl
B09BJKR27R,lhglhgl
B098D7DGTL,lhglhgl
B09726ZCBN,lhglhgl
B092NCYXJN,lhglhgl
B092MY6F94,lhglhgl
B092MY18D4,lhglhgl
B091V3FJPT,lhglhgl
B091GV353Z,lhglhgl
B00478RSBU,lhglhgl
B08YGJPCH3,lhglhgl
B08M3C6W3Z,lhglhgl
B08L7LRMZZ,lhglhgl
B08749T8MZ,lhglhgl
B085XQW4W7,lhglhgl
B07VZZXFF2,lhglhgl
B07HBD2ZZ4,lhglhgl
B00GBVJWW4,lhglhgl
B00EDCGFDC,lhglhgl
B008MQ6PSK,lhglhgl
B0CM3CNCM7,lhglhgl
B0BN1K95L6,lhglhgl
B0BKGKLZXQ,lhglhgl
B0B7RP52RB,lhglhgl
B0B2NNJ53X,lhglhgl
B0916L7F3K,lhglhgl
B08ZCYYDMM,lhglhgl
B08TCDXK3S,lhglhgl
B08SSRV81R,lhglhgl
B08SR9TLS6,lhglhgl
B08R8RC8ZZ,lhglhgl
B08MTY2669,lhglhgl
B08MT4WYDF,lhglhgl
B08MQ5Y4ZW,lhglhgl
B08MK1STZ3,lhglhgl
B08M8YV8RT,lhglhgl
B08M8KBXMF,lhglhgl
B08L9NHJ5C,lhglhgl
B08L3ZLZ71,lhglhgl
B08J8FRB3X,lhglhgl
B08J2WXBXW,lhglhgl
B08HQSTHVK,lhglhgl
B08GCVQ4KL,lhglhgl
B08G8WL9V3,lhglhgl
B08G8WD29J,lhglhgl
B08G8W5LP8,lhglhgl
B08G89Z7SB,lhglhgl
B08FYJM8GG,lhglhgl
B08FXT26N9,lhglhgl
B08CTYSNJD,lhglhgl
B08CHGCYK6,lhglhgl
B08CBT5TVL,lhglhgl
B08BYB7T5V,lhglhgl
B089RB9HRM,lhglhgl
B0895JKS76,lhglhgl
B087LBN5CC,lhglhgl
B087JDWH76,lhglhgl
B0874J1D1G,lhglhgl
B0855R3FTB,lhglhgl
B084YT8ZRK,lhglhgl
B084P5R9J8,lhglhgl
B0844X55HK,lhglhgl
B083YWYQY7,lhglhgl
B083SFRL3N,lhglhgl
B083LV7XDZ,lhglhgl
B0833Q5KSN,lhglhgl
B0832D1V7F,lhglhgl
B08317M2YX,lhglhgl
B082YQZD6T,lhglhgl
B082FCBD1C,lhglhgl
B07JJV9FJ9,lhglhgl
B07D6Y8BDD,lhglhgl
B07B4S2P6S,lhglhgl
B079WK4X71,lhglhgl
B06XYJ4P4Y,lhglhgl
B01LWV2PK4,lhglhgl
B01K5TOHQ8,lhglhgl
B01F64A518,lhglhgl
B00XQZ2F5O,lhglhgl
B00WXUONVC,lhglhgl
B00V3Q89MG,lhglhgl
B00SS1KQS4,lhglhgl
B00S2IF106,lhglhgl
B00QZLW2GI,lhglhgl
B00P40SRT2,lhglhgl
B00O2BAFWQ,lhglhgl
B00NTV8M5W,lhglhgl
B00NMS1FTC,lhglhgl
B00E5PEDQI,lhglhgl
B00A8PRGPO,lhglhgl
B009S5GH14,lhglhgl
B0013JYTE0,lhglhgl
B000WU46RG,lhglhgl
B000UGL3C8,lhglhgl
B000LNM7DO,lhglhgl
B000H5T248,lhglhgl
B000BOC9M2,lhglhgl
B00012F3TK,lhglhgl
1586504908,lhglhgl
B09BBYFGQ7,lhglhgl
B07S6GWKKD,lhglhgl
B08FT3T8VV,lhglhgl
B07RCV933F,lhglhgl
B07GKTRPBY,lhglhgl
B07Q5JV6YL,lhglhgl
B00IXR3LP8,lhglhgl
B07FMX652B,lhglhgl
B002ZANMHG,lhglhgl
B074WKNV7C,lhglhgl
B07SPS33QG,lhglhgl
B01M1IZKSG,lhglhgl
B085PQH9BJ,lhglhgl
B01LBU03TU,lhglhgl
B08Q26TQS9,lhglhgl
B014W6OWV0,lhglhgl
B09H3NHV7D,lhglhgl
B007P7ZMB8,lhglhgl
B083ZJCNJN,lhglhgl
B00648F0LG,lhglhgl
B09XQTB8T2,lhglhgl
1635443458,lhglhgl
B014PSLUU6,lhglhgl
B00L948R56,lhglhgl
B001U6UOG8,lhglhgl
B09WMTNLC4,lhglhgl
B099917HM3,lhglhgl
B08NW8MYX1,lhglhgl
B07ZH2LKWF,lhglhgl
B010BLL0JW,lhglhgl
B000CQ47QU,lhglhgl
B0CRYZP6V5,lhglhgl
B0BZ7ZJVXX,lhglhgl
B0BTHCT6VP,lhglhgl
B0BQBNFMPC,lhglhgl
B0B7JPF5NM,lhglhgl
B0B7JPB1F1,lhglhgl
B0B7JP79BL,lhglhgl
B0B7JP734D,lhglhgl
B0B7JG3682,lhglhgl
B0B7JFYD9Z,lhglhgl
B0B7JFT99F,lhglhgl
B0B7JF3KSF,lhglhgl
B0B7JCCVS6,lhglhgl
B0B7J9TRVM,lhglhgl
B0B7J9MF3M,lhglhgl
B0B5JSLRSV,lhglhgl
B0B3CSCL68,lhglhgl
B091FCYB34,lhglhgl
B08ZCY6F73,lhglhgl
B08YGG68D3,lhglhgl
B08XWPBP5Y,lhglhgl
B08XC4HC22,lhglhgl
B08X4SJGM6,lhglhgl
B08WZZ1T7B,lhglhgl
B08R8RJTTF,lhglhgl
B08R1VN3FJ,lhglhgl
B08NTT5GRR,lhglhgl
B08MZTGD1S,lhglhgl
B08MWSCDYS,lhglhgl
B08MWL1MQP,lhglhgl
B08MKNL29Q,lhglhgl
B08M5JDCMX,lhglhgl
B08M1SCXDS,lhglhgl
B09WLBJCND,lhglhgl
B09V2XW7CC,lhglhgl
B09R486L3H,lhglhgl
B09QY91D15,lhglhgl
B09QFYQXSV,lhglhgl
B09HH8G3ND,lhglhgl
B09FLD4CBX,lhglhgl
B09FLC32NY,lhglhgl
B099VY1K4V,lhglhgl
B098MQGCWW,lhglhgl
B098JKNDHP,lhglhgl
B098J8XLHJ,lhglhgl
B0978337WG,lhglhgl
B0977KQV5Y,lhglhgl
B0969B6NLY,lhglhgl
B092S3X4BY,lhglhgl
B089QCNK2X,lhglhgl
B087N6B387,lhglhgl
B087KTCMHM,lhglhgl
B087KRRKW6,lhglhgl
B085ZD7TZ1,lhglhgl
B084MDM4GL,lhglhgl
B084DCHXR3,lhglhgl
B08461BYK2,lhglhgl
B083FJQ9YY,lhglhgl
B083DVMGZ5,lhglhgl
B0831HJJY8,lhglhgl
B07XC7ZHSK,lhglhgl
B07V54ZMV5,lhglhgl
B07TYLFH3H,lhglhgl
B07SW1TDDX,lhglhgl
B07QG7H7LT,lhglhgl
B07NRBT3V8,lhglhgl
B07H2FKQ7P,lhglhgl
B07GZMWLCT,lhglhgl
B07F7JLYPM,lhglhgl
B07D51D8SY,lhglhgl
B07B4MP622,lhglhgl
B07B4MJ184,lhglhgl
B071XJR3X1,lhglhgl
B06X3XBYFP,lhglhgl
B06WLK3BKR,lhglhgl
B01LQKFVDI,lhglhgl
B01L2Z679E,lhglhgl
B01KW55J3U,lhglhgl
B01K9M3YMO,lhglhgl
B01J9H3EKM,lhglhgl
B01IPOEWZ6,lhglhgl
B01I1NVS8A,lhglhgl
B01I0BOZG0,lhglhgl
B01HO5F5SU,lhglhgl
B01EIMSK5M,lhglhgl
B010BNA2IU,lhglhgl
B00Y5R4KPU,lhglhgl
B00XKCE85I,lhglhgl
B00W7ECIDE,lhglhgl
B00U1KBHPQ,lhglhgl
B00QTT18PW,lhglhgl
B00LNFTTNU,lhglhgl
B00CCXY2ZW,lhglhgl
B00C6BVDN4,lhglhgl
B009S5FRN8,lhglhgl
B008YLB4P2,lhglhgl
B007QXZ6VW,lhglhgl
B08LP1JJ29,lhglhgl
B08LF67C7X,lhglhgl
B08L5W4T6K,lhglhgl
B08L5SXKHW,lhglhgl
B08L5CB42T,lhglhgl
B08L42T3DL,lhglhgl
B08KVSPZB6,lhglhgl
B08KRPTT12,lhglhgl
B08JZ7GG32,lhglhgl
B08JXLCL7N,lhglhgl
B08JWXS5JH,lhglhgl
B08JPSGS9N,lhglhgl
B08HSK6BB1,lhglhgl
B08FRP8SND,lhglhgl
B08C564TT7,lhglhgl
B08BX4Y4F6,lhglhgl
B08ZKGGNSS,lhglhgl
B07G5JSW9J,lhglhgl
B07KKLPLBT,lhglhgl
B07799GP6C,lhglhgl
B09HVBC13R,lhglhgl
B08MK1T5XT,lhglhgl
B08MF717TV,lhglhgl
B07BH82S9X,lhglhgl
B00AUAFCW6,lhglhgl
B08GCWG4QZ,lhglhgl
B082L3M8WM,lhglhgl
B06XSP6MR3,lhglhgl
B00363NQYU,lhglhgl
B0CQYCS9WR,lhglhgl
B0CPF8NYVS,lhglhgl
B0B56CLLMQ,lhglhgl
B007JY5KGE,lhglhgl
B006JCM71I,lhglhgl
B006H3UWMU,lhglhgl
B006EKGFVI,lhglhgl
B006EFSYMQ,lhglhgl
B006A2NKRM,lhglhgl
B005NIU75W,lhglhgl
B005KG9INO,lhglhgl
B004XNBLAS,lhglhgl
B0044UW0AA,lhglhgl
B003ZY82WG,lhglhgl
B003RLL9U4,lhglhgl
B0035Y5M1U,lhglhgl
B001ULTTMI,lhglhgl
B001M1BOYC,lhglhgl
B001A3E08E,lhglhgl
B0856WHXGW,lhglhgl
B099BJ4SN7,lhglhgl
B09B9LXQQ2,lhglhgl
B075XQD23R,lhglhgl
B07D2LQ4YY,lhglhgl
B093RTS8WF,lhglhgl
B09VBPTY4C,lhglhgl
B08XZ6B3W5,lhglhgl
B08SLWV4F7,lhglhgl
B08WHJBWCB,lhglhgl
B09FPGBG3Y,lhglhgl
B083NZSV2S,lhglhgl
B001JFDS5Y,lhglhgl
B083BKW7N7,lhglhgl
B075P5HSBF,lhglhgl
B07X39VF5N,lhglhgl
B0982PWGSL,lhglhgl
B07T97TQQW,lhglhgl
B097F87Q88,lhglhgl
B07DR86Z9Z,lhglhgl
B087LQW3RV,lhglhgl
B07DM96DR9,lhglhgl
B012P5QCQ8,lhglhgl
B075GNQPSY,lhglhgl
B08MZJBN8J,lhglhgl
B07Q568NXS,lhglhgl
B078XL28Z8,lhglhgl
B003V6KK6Y,lhglhgl
B00ZFA9G1Y,lhglhgl
B08JJ7DSXX,lhglhgl
B08JLCN1TY,lhglhgl
1639470050,lhglhgl
B0018FZE7A,lhglhgl
B000Y088N2,lhglhgl
B000S4EKGS,lhglhgl
B000LEQQZI,lhglhgl
B000KL4UBO,lhglhgl
B000JU1F4G,lhglhgl
B000HDJYP2,lhglhgl
B000H5XWYE,lhglhgl
B000H5SEAQ,lhglhgl
B000BO9U88,lhglhgl
B0B42LMHZJ,lhglhgl
B09WTKRNMS,lhglhgl
B09TTF4BHF,lhglhgl
B09TK4NCZX,lhglhgl
B09SK5QSSJ,lhglhgl
B09KXXLY4F,lhglhgl
B09KL8FS33,lhglhgl
B09JS7NFRQ,lhglhgl
B09HML1G28,lhglhgl
B09HH4DS2X,lhglhgl
B09HH24RXQ,lhglhgl
B09G494VDK,lhglhgl
B09C8QM5VY,lhglhgl
B0969TXVVZ,lhglhgl
B0947G1SZG,lhglhgl
B092RMCGK5,lhglhgl
B0922FMHRN,lhglhgl
B091GCZZ3W,lhglhgl
B091CR671J,lhglhgl
B09137TSY6,lhglhgl
B08Z65QZV1,lhglhgl
B08YF7S74D,lhglhgl
B08Y6D7FW9,lhglhgl
B08WHLS4GT,lhglhgl
B08VRGHQD8,lhglhgl
B08RCLVWN5,lhglhgl
B08R9S7ML9,lhglhgl
B08MDRSNC8,lhglhgl
B08MBBRHVW,lhglhgl
B08MBBG762,lhglhgl
B08MB1ST7D,lhglhgl
B08M5P11D7,lhglhgl
B087LRM6K1,lhglhgl
B087LP7813,lhglhgl
B087LNGB3R,lhglhgl
B087CV37M4,lhglhgl
B085B86MXH,lhglhgl
B0854C22RL,lhglhgl
B0852C2FK2,lhglhgl
B084LPDB44,lhglhgl
B0849T88W5,lhglhgl
B083NPHHG8,lhglhgl
B083LK8NLM,lhglhgl
B083GG9DJX,lhglhgl
B0832MCZWR,lhglhgl
B0832LXYJM,lhglhgl
B08316HPCP,lhglhgl
B083163LKJ,lhglhgl
B08M59FHXN,lhglhgl
B08LR7PVGH,lhglhgl
B08LL3QBHR,lhglhgl
B08L4FYDC4,lhglhgl
B08L4CXCQC,lhglhgl
B08KXXWK9Q,lhglhgl
B08KW395RC,lhglhgl
B08K4H1RQX,lhglhgl
B08JM85M7V,lhglhgl
B08H7XFDR8,lhglhgl
B08GSTBH8H,lhglhgl
B08G5D1KMF,lhglhgl
B08FTJ47B5,lhglhgl
B08D3LBHH3,lhglhgl
B08CN4TF3D,lhglhgl
B087MD24K3,lhglhgl
B07X5BTZD6,lhglhgl
B07RFJK7HN,lhglhgl
B07R63NK6J,lhglhgl
B07R44GV4N,lhglhgl
B07NVZLTFW,lhglhgl
B07FKSQTJB,lhglhgl
B07D2LSTFD,lhglhgl
B07BZY2VWG,lhglhgl
B07B2QQXHH,lhglhgl
B078TLTD4S,lhglhgl
B078F6QPNW,lhglhgl
B0787S8TP7,lhglhgl
B0787RQDYF,lhglhgl
B0787PTSDF,lhglhgl
B0731VC91K,lhglhgl
B072PQ5XC5,lhglhgl
B01J4NGM0K,lhglhgl
B01FQ8608Q,lhglhgl
B01FB1CHHQ,lhglhgl
B01EGH3I74,lhglhgl
B012YD7U26,lhglhgl
B00YN1CUZU,lhglhgl
B00TUHES9S,lhglhgl
B00R3N02DW,lhglhgl
B00L6ISVNS,lhglhgl
B00JJYOA4A,lhglhgl
B00J1SGR0Y,lhglhgl
B00J1SENCI,lhglhgl
B00HZ0MA6A,lhglhgl
B00GOJK3DA,lhglhgl
B00FLPKJRS,lhglhgl
B00E4Y1R28,lhglhgl
B00B2RB94Q,lhglhgl
B00ANA23VQ,lhglhgl
B00ANA23QG,lhglhgl
B00ANA23Q6,lhglhgl
B00AEE0VHY,lhglhgl
B007OYAS66,lhglhgl
B00745V2X8,lhglhgl
B0071NQ2QA,lhglhgl
B006488OWI,lhglhgl
B005WV50RU,lhglhgl
B005PON48Q,lhglhgl
B003SEUOD8,lhglhgl
B002H3AXLE,lhglhgl
B001DKIWJM,lhglhgl
B0019LNPVK,lhglhgl
B0012ZO84G,lhglhgl
B000N20668,lhglhgl
B0CNRDYWWD,lhglhgl
B0CGJ7PPXQ,lhglhgl
B0CCJHCBKC,lhglhgl
B0BZWH9HKX,lhglhgl
B0BBGS9VFG,lhglhgl
B0B8KY2QWN,lhglhgl
B09RTKZTYD,lhglhgl
B09RQYYSD4,lhglhgl
B09RQYB2NY,lhglhgl
B09RKQMHVW,lhglhgl
B09RKQC7QM,lhglhgl
B09QY2NK64,lhglhgl
B09Q8YXSK1,lhglhgl
B09JJZ8G8Q,lhglhgl
B09FGNJ5TY,lhglhgl
B000EHMHE6,lhglhgl
B000AO1IJ8,lhglhgl
1619926601,lhglhgl
B07QC9G2MT,lhglhgl
B08ZDK1FDM,lhglhgl
B07Q839PG2,lhglhgl
B00KQ1JJA0,lhglhgl
B07D4RGLNQ,lhglhgl
B01IW94PLU,lhglhgl
B09X8KD6CM,lhglhgl
B09QJR642K,lhglhgl
B09P55SLVH,lhglhgl
B08KVSL43R,lhglhgl
B08YVQGTDD,lhglhgl
B000AYIZ12,lhglhgl
B086HSW7ZG,lhglhgl
B07HB14BFY,lhglhgl
B07Y6JW3FM,lhglhgl
B09C7BYLZ4,lhglhgl
B010IKGV90,lhglhgl
B07QDTPH2R,lhglhgl
B082YGWHGK,lhglhgl
B07F651J2L,lhglhgl
B003Z4JSCO,lhglhgl
B085Q3TQ5S,lhglhgl
B0C5X9V5H1,lhglhgl
B08LSPP4WX,lhglhgl
B08BSX1VY4,lhglhgl
B086Z595GM,lhglhgl
B07WQY5C6H,lhglhgl
B00TUYCV9U,lhglhgl
B09N33LJP1,lhglhgl
B08L7NZ5Y1,lhglhgl
B08J1J96FS,lhglhgl
B07FN1NG1X,lhglhgl
B087M94NG1,lhglhgl
B087M8GWLD,lhglhgl
B087M5YTPZ,lhglhgl
B087M5TDT5,lhglhgl
B087M5PKM5,lhglhgl
B087M4R3J2,lhglhgl
B087M398JQ,lhglhgl
B087M2SBD7,lhglhgl
B087M1QQZH,lhglhgl
B087M1HY29,lhglhgl
B087LZPQ9B,lhglhgl
B087LXYTBM,lhglhgl
B087LVWXJM,lhglhgl
B087LSX9FT,lhglhgl
B087LS7LB3,lhglhgl
B087LRNQLF,lhglhgl
B091DPLRM2,lhglhgl
B091D9ZVRX,lhglhgl
B091D8KGQK,lhglhgl
B091D594QC,lhglhgl
B091D2H49P,lhglhgl
B091CZWV6B,lhglhgl
B091B9VJQG,lhglhgl
B09188HXY7,lhglhgl
B0916LHH5R,lhglhgl
B0916KLNDQ,lhglhgl
B0916K3X61,lhglhgl
B0916GP647,lhglhgl
B0916FGP8M,lhglhgl
B0916FGNHL,lhglhgl
B0915ZTZRJ,lhglhgl
B0914Q1139,lhglhgl
B0913KM1G4,lhglhgl
B0912J4SLR,lhglhgl
B08ZNMKP22,lhglhgl
B08ZKD6K9F,lhglhgl
B08ZC7KSNJ,lhglhgl
B08YNQ8JN9,lhglhgl
B08YJD1FH8,lhglhgl
B08Y753J7B,lhglhgl
B08Y569KHN,lhglhgl
B08W8D1KFN,lhglhgl
B08QYPPQGC,lhglhgl
B08QJQN9C7,lhglhgl
B08NK5ZK6R,lhglhgl
B08N6Y655H,lhglhgl
B08N4RTWXP,lhglhgl
B08N3JK729,lhglhgl
B08MZRF5K9,lhglhgl
B08MWSDSDY,lhglhgl
B08ML197ZY,lhglhgl
B08M1T5D9Q,lhglhgl
B08LNYQ48X,lhglhgl
B08LDMP6NB,lhglhgl
B08L8GQB9X,lhglhgl
B08L8G6171,lhglhgl
B08L6CT3XQ,lhglhgl
B08L6B38NN,lhglhgl
B08KY9TXVB,lhglhgl
B08KWGYHZ4,lhglhgl
B08KRZCXQF,lhglhgl
B08K3ZLFNQ,lhglhgl
B08K1Q7MKL,lhglhgl
B08JZ66L18,lhglhgl
B09FDTY9XM,lhglhgl
B09BFQ3SR8,lhglhgl
B098JPFL8J,lhglhgl
B098J8JBFC,lhglhgl
B094S6B6J7,lhglhgl
B093C3CV78,lhglhgl
B092RPLVXD,lhglhgl
B092NNZ81M,lhglhgl
B091MNWT53,lhglhgl
B091MBZPLY,lhglhgl
B091HXQNTH,lhglhgl
B091GTJVT2,lhglhgl
B091G4VH2G,lhglhgl
B091G1R3Q1,lhglhgl
B091FX3BCJ,lhglhgl
B091DT5N23,lhglhgl
B08JWM7XTJ,lhglhgl
B08JLPKCC4,lhglhgl
B08JLNDY6N,lhglhgl
B08JLNCS9J,lhglhgl
B08JLN5GS1,lhglhgl
B08JLN4KV3,lhglhgl
B08JLMSR77,lhglhgl
B08JLMHM7W,lhglhgl
B08JLM9BXW,lhglhgl
B08JLM35HX,lhglhgl
B08JLLK48G,lhglhgl
B08JLLFSTX,lhglhgl
B08JLL9B61,lhglhgl
B08JLL6DJB,lhglhgl
B08JLKYZH1,lhglhgl
B08JLKPWX5,lhglhgl
B08JLKD3QJ,lhglhgl
B08JLJ2GP7,lhglhgl
B08HSKHW6M,lhglhgl
B08H4ZLT8M,lhglhgl
B08CWJS5CC,lhglhgl
B08CJ9MHZX,lhglhgl
B088P8TQLV,lhglhgl
B087M46JQ8,lhglhgl
B087KRSMVT,lhglhgl
B087KQ7V7L,lhglhgl
B0871LVVYM,lhglhgl
B086XM4T9B,lhglhgl
B086XL52YN,lhglhgl
B086XJG4M3,lhglhgl
B086WPFS2N,lhglhgl
B086FQDY59,lhglhgl
B004ISAQBS,lhglhgl
B003VSA7NI,lhglhgl
B003E37J68,lhglhgl
B003B5GWN0,lhglhgl
B002NEZ1GO,lhglhgl
B002NEV3FM,lhglhgl
B002FCK7TU,lhglhgl
B000ZIXKTA,lhglhgl
B000UKKSCK,lhglhgl
B000K3HI70,lhglhgl
B000I23SRC,lhglhgl
B000DZBLP0,lhglhgl
B000CISK6G,lhglhgl
B0007ZB2RI,lhglhgl
B086FFTZ2G,lhglhgl
B086FFTZ1Z,lhglhgl
B086FFP4JW,lhglhgl
B086FDVNJB,lhglhgl
B086FDCGHX,lhglhgl
B086FC8LLD,lhglhgl
B086CRW2JG,lhglhgl
B086CRDCZ8,lhglhgl
B086CRDCXK,lhglhgl
B086CR8D6K,lhglhgl
B086CR5PST,lhglhgl
B086CQX5K7,lhglhgl
B086CQSG45,lhglhgl
B086CQRX2J,lhglhgl
B086CQRGTS,lhglhgl
B086CQPLLD,lhglhgl
B07W1D5NNF,lhglhgl
B07KFM5DT8,lhglhgl
B07HG2MBZS,lhglhgl
B07H9Z5X9T,lhglhgl
B07DHX4MZ6,lhglhgl
B0796G3YGV,lhglhgl
B078NBQVHQ,lhglhgl
B078MFDK6H,lhglhgl
B077YK436S,lhglhgl
B077G9SZ5P,lhglhgl
B076QJTS6N,lhglhgl
B074PFSF1H,lhglhgl
B0745XMVDF,lhglhgl
B01LDCUGLG,lhglhgl
B01LD65FSG,lhglhgl
B01K827OG2,lhglhgl
B086BL26NB,lhglhgl
B086B9GYRW,lhglhgl
B086B9BL5R,lhglhgl
B086B9BL3Z,lhglhgl
B086B8M8L3,lhglhgl
B086B7N9YL,lhglhgl
B08698TQ3V,lhglhgl
B0866PCY23,lhglhgl
B08665QMV8,lhglhgl
B0862XL51P,lhglhgl
B0862WPJDV,lhglhgl
B0862WJDPX,lhglhgl
B085R3NK6W,lhglhgl
B085K9KNXS,lhglhgl
B083HZ2HHT,lhglhgl
B07X5GGH2R,lhglhgl
B01K826D1Y,lhglhgl
B01ESPIO96,lhglhgl
B01EQDSZYO,lhglhgl
B015JAAVMC,lhglhgl
B011PTL19S,lhglhgl
B00Y9OT17Q,lhglhgl
B00VAIWV12,lhglhgl
B00UFP8KEI,lhglhgl
B00SS70H14,lhglhgl
B00HAL6TRK,lhglhgl
B00E64G39S,lhglhgl
B009TRSMGO,lhglhgl
B008232WHQ,lhglhgl
B006JFK88Y,lhglhgl
B006EFN1FG,lhglhgl
B0063QZ2BM,lhglhgl
B07GH2CYB9,lhglhgl
B07S3SSZ2Z,lhglhgl
B01N4PFSVE,lhglhgl
B0BXS3GG3K,lhglhgl
B01MQDTJIO,lhglhgl
B09SHNX5GP,lhglhgl
B01LX8IPZY,lhglhgl
B09Q77FGJ8,lhglhgl
B01BIS2LQS,lhglhgl
B08N8B563M,lhglhgl
B00ZJD0F7Q,lhglhgl
B077GV4QMN,lhglhgl
B00VJ6C84K,lhglhgl
B0845SKQVJ,lhglhgl
B00PHOZ2FM,lhglhgl
B01HP5TID2,lhglhgl
B083R3YGFG,lhglhgl
B07F43TS3P,lhglhgl
B08Z2VNLQJ,lhglhgl
B01IUSW8T4,lhglhgl
B08L5NYGLX,lhglhgl
B08FTFJ4MD,lhglhgl
B07QPB3WG7,lhglhgl
B0767WMZ4G,lhglhgl
B07QN7X1LV,lhglhgl
B01N754P7J,lhglhgl
B07NNXVM68,lhglhgl
B08ZD3PX1Z,lhglhgl
B07NKM7CD5,lhglhgl
B07FFBP5B4,lhglhgl
B07H4SFM4L,lhglhgl
B07CKD6V3V,lhglhgl
B0CCJMV49V,lhglhgl
B0BDZMYWHD,lhglhgl
B09TTWJ28B,lhglhgl
B09TR9LCSK,lhglhgl
B09KQWFG8T,lhglhgl
B09KJKNFXJ,lhglhgl
B09DB688WH,lhglhgl
B09BRBDK4H,lhglhgl
B09BNR7L4C,lhglhgl
B099997BW4,lhglhgl
B09998P3J6,lhglhgl
B09948X8CY,lhglhgl
B09924PS37,lhglhgl
B098WFGCQF,lhglhgl
B098QTY9NX,lhglhgl
B098QTSTJY,lhglhgl
B08K2LN2K7,lhglhgl
B08JV1VVZS,lhglhgl
B08JLYCJWS,lhglhgl
B08JGLQFZ4,lhglhgl
B08JGGZ292,lhglhgl
B08JGDN8C6,lhglhgl
B08JCXMPV6,lhglhgl
B08JCV5JV8,lhglhgl
B08HVJS8CC,lhglhgl
B08HVGVGC4,lhglhgl
B08FT1Q6PN,lhglhgl
B0885X9JCW,lhglhgl
B0872P44WC,lhglhgl
B086DWQBPS,lhglhgl
B0845SHC8Q,lhglhgl
B083R1XT78,lhglhgl
B08QJPVQWL,lhglhgl
B08PVK2NGR,lhglhgl
B08PK8T6GB,lhglhgl
B08N93X1XD,lhglhgl
B08ML5DFL4,lhglhgl
B08MDDQS1R,lhglhgl
B08M3JG2JW,lhglhgl
B08LN6PKZS,lhglhgl
B08L5VNZKY,lhglhgl
B08L4MLYC8,lhglhgl
B08L4M3GN9,lhglhgl
B08L4LJF9K,lhglhgl
B08L4LFRQB,lhglhgl
B08KWPRK8M,lhglhgl
B08KWFM195,lhglhgl
B08K4HMFHG,lhglhgl
B007NXP836,lhglhgl
B09X1ZGQKC,lhglhgl
B07W8SPPC2,lhglhgl
B07G44VTXT,lhglhgl
B0018G45C4,lhglhgl
B08QVD3DM8,lhglhgl
B08PMM43MV,lhglhgl
B08M8311B6,lhglhgl
B08KG9WKSJ,lhglhgl
B08J1KW91P,lhglhgl
B081BSVY8X,lhglhgl
B07V39BSVC,lhglhgl
B0746HF6T1,lhglhgl
B000SHNPR0,lhglhgl
B0CP58Z4CP,lhglhgl
B0CJF8ZZCC,lhglhgl
B098KCT1KS,lhglhgl
B097MQCX6M,lhglhgl
B094CDPYBH,lhglhgl
B093FGFPPH,lhglhgl
B09387XN63,lhglhgl
B0925R1PC8,lhglhgl
B0922QKWZG,lhglhgl
B0922MYNV8,lhglhgl
B091Y1QQNX,lhglhgl
B08YJFLQ37,lhglhgl
B08YHPRJYJ,lhglhgl
B08XZ289DR,lhglhgl
B08VVV73SC,lhglhgl
B08VR9947M,lhglhgl
B08TVLLPYS,lhglhgl
B08RB964F1,lhglhgl
B083R17NGQ,lhglhgl
B083QDLHBK,lhglhgl
B0834V9VD2,lhglhgl
B07ZZHKJRP,lhglhgl
B07V4HM279,lhglhgl
B07NW9R523,lhglhgl
B07MHD5TD1,lhglhgl
B07JW6YYJ6,lhglhgl
B076CW3YL7,lhglhgl
B072C66DKZ,lhglhgl
B0723DVK2D,lhglhgl
B06XYCXW1J,lhglhgl
B01KGCAXQ2,lhglhgl
B01K827OIA,lhglhgl
B01K826CYM,lhglhgl
B01K825GQC,lhglhgl
B00GUKKQKI,lhglhgl
B00EQWT17G,lhglhgl
B00C2WOUCI,lhglhgl
B007P7ZPD8,lhglhgl
B0075SAULE,lhglhgl
B006EFN5HK,lhglhgl
B006DWUKLI,lhglhgl
B006A2TAQC,lhglhgl
B0064OXKOY,lhglhgl
B005Z64PW8,lhglhgl
B0055DRD16,lhglhgl
B004FJSYYG,lhglhgl
B00362TUBO,lhglhgl
B001HWG7VQ,lhglhgl
B000YCH00M,lhglhgl
B000Y01THE,lhglhgl
B01I7PMXMW,lhglhgl
B014529FC2,lhglhgl
B011LSJU0U,lhglhgl
B00V8Z5CWC,lhglhgl
B00TXS98S0,lhglhgl
B00T1BYCKI,lhglhgl
B00T1BRBX8,lhglhgl
B00PONO1NA,lhglhgl
B00PKKV2WU,lhglhgl
B00P9WF7ES,lhglhgl
B00KMBRMOE,lhglhgl
B00KDNVVL6,lhglhgl
B00J2N1U46,lhglhgl
B00J2N1R5I,lhglhgl
B00J2JQCXO,lhglhgl
B00IHLW9OO,lhglhgl
B000CSGDI8,lhglhgl
B000BQL4N0,lhglhgl
B0CN34BS5D,lhglhgl
B08J3XCZY5,lhglhgl
B08428227S,lhglhgl
B07Y1GQMHB,lhglhgl
B082HRCRRL,lhglhgl
B092V5Q3ZH,lhglhgl
B07SXGGJXM,lhglhgl
B0779QXHPK,lhglhgl
B07QYVDLWC,lhglhgl
B081J6XGW6,lhglhgl
B07PFY1Z34,lhglhgl
B08461LS4L,lhglhgl
B0799RXDQC,lhglhgl
B016CZ66LI,lhglhgl
B01N7W7JC5,lhglhgl
B09GTF3HZL,lhglhgl
B08KFYFNWF,lhglhgl
B08G8S58PP,lhglhgl
B08FTYRG92,lhglhgl
B08FR6PL84,lhglhgl
B087TXLY49,lhglhgl
B087L27C9T,lhglhgl
B087KRLMVS,lhglhgl
B087H5CD24,lhglhgl
B086XL58KP,lhglhgl
B086R8DX29,lhglhgl
B086R7SW9X,lhglhgl
B086MX2B7S,lhglhgl
B086DD4MQ5,lhglhgl
B0865KMG16,lhglhgl
B085PGTFCP,lhglhgl
B0846CJ5YX,lhglhgl
B099DFBMH5,lhglhgl
B098X32VKF,lhglhgl
B098J573V9,lhglhgl
B094Y6XRLH,lhglhgl
B0928J1BPB,lhglhgl
B091659SDR,lhglhgl
B0915M2ZFJ,lhglhgl
B0915FCMHQ,lhglhgl
B08XK15YM4,lhglhgl
B08RZ4847Y,lhglhgl
B08N3ZR9ND,lhglhgl
B08MRZZV4G,lhglhgl
B08ML9MVSW,lhglhgl
B08L6F4C7G,lhglhgl
B08L5WBGJM,lhglhgl
B08L5W7RVL,lhglhgl
B01F55SGHI,lhglhgl
B09VGFVD9C,lhglhgl
B004U7C0DO,lhglhgl
B000R925ZW,lhglhgl
B08546CWCW,lhglhgl
B002LCF2A8,lhglhgl
B08GWTJFV5,lhglhgl
B08ZK7WLMY,lhglhgl
B088LBRXRN,lhglhgl
B07BG37XXF,lhglhgl
B06XNR3JJ5,lhglhgl
B00JEMKJQK,lhglhgl
B09YTM3HQ9,lhglhgl
B093C49XC1,lhglhgl
B091Y7NVCS,lhglhgl
B091CWVQ3L,lhglhgl
B09166JSJY,lhglhgl
B08YM3Z52H,lhglhgl
B08LNCG75T,lhglhgl
B00MV0YM92,lhglhgl
B0058ACKAA,lhglhgl
B0CMDGJC93,lhglhgl
B0C39HMKGG,lhglhgl
B0BZPMKMTQ,lhglhgl
B0BY28WLVF,lhglhgl
B0BN534X7K,lhglhgl
B0B2JZMJ6G,lhglhgl
B09XM8PVGV,lhglhgl
B09QY8M96X,lhglhgl
B09NRRKRJC,lhglhgl
B09K3Z84TV,lhglhgl
B099F8C5Q3,lhglhgl
B083MYW8DZ,lhglhgl
B083DV5G3T,lhglhgl
B07YF3C6HH,lhglhgl
B07YDZPX1D,lhglhgl
B07RQNHR4W,lhglhgl
B07PHF5FT1,lhglhgl
B07HMT9NWG,lhglhgl
B07DDFTFPL,lhglhgl
B0799P8P2M,lhglhgl
B0789RPTDP,lhglhgl
B075ZMJ65V,lhglhgl
B075NCV9C2,lhglhgl
B073JXDCP7,lhglhgl
B01MCYORNV,lhglhgl
B01LWR29QU,lhglhgl
B01LVXO7V9,lhglhgl
B08BLV4TGH,lhglhgl
B08L3THF32,lhglhgl
B08XYN329G,lhglhgl
B08R9CD8MN,lhglhgl
B00KMBSYWS,lhglhgl
B09QP6LZM6,lhglhgl
B0044LA2RW,lhglhgl
B071SLBXK1,lhglhgl
B07KTCDG1R,lhglhgl
B08VRBRP69,lhglhgl
B008UW2DUA,lhglhgl
B007NXQ0VA,lhglhgl
B0078ZWXSC,lhglhgl
B006JFLLNA,lhglhgl
B006JCM7TU,lhglhgl
B006EKH5Q2,lhglhgl
B006A2SU18,lhglhgl
B005NBDAUI,lhglhgl
B005CRUZFG,lhglhgl
B0056CKGZG,lhglhgl
B0056CK5VG,lhglhgl
B004QNRE5Q,lhglhgl
B004HOR5NA,lhglhgl
B004A2EB8G,lhglhgl
B003ODUGH2,lhglhgl
B001566J5I,lhglhgl
B01LNCJ478,lhglhgl
B01K1N1U0E,lhglhgl
B01IE2DW7I,lhglhgl
B01HE0PC9C,lhglhgl
B00Y9AI1TY,lhglhgl
B00Y5RKNCO,lhglhgl
B00XUE4VX0,lhglhgl
B00TUJ6TYS,lhglhgl
B00PCHF54C,lhglhgl
B00O3GIDOC,lhglhgl
B00J1SY1OI,lhglhgl
B00F1BMPNI,lhglhgl
B00C8EA6IW,lhglhgl
B009EU82JI,lhglhgl
B008XMTIY6,lhglhgl
B008XMTH8I,lhglhgl
B07QD7SKJC,lhglhgl
B00ISPR0IY,lhglhgl
B078RBPWVC,lhglhgl
B07T7NY1DJ,lhglhgl
B09GS3QDW1,lhglhgl
B0046RDC3K,lhglhgl
B084YY81C3,lhglhgl
B07JLXP4WB,lhglhgl
B09ZVPN5N3,lhglhgl
B09X8KWSLF,lhglhgl
B07GF2ZFW9,lhglhgl
B08XYNMRPH,lhglhgl
B08K3S3Z72,lhglhgl
B08LQCY6C4,lhglhgl
B071YL95S9,lhglhgl
B083R3FD7Y,lhglhgl
B08RWZR63K,lhglhgl
B083NSX1MC,lhglhgl
B00NTV9NFA,lhglhgl
B083K1J7BH,lhglhgl
B001B3BYVY,lhglhgl
B07TKHFRGL,lhglhgl
B000Z34MHO,lhglhgl
B000VT9MDQ,lhglhgl
B000ETAO8K,lhglhgl
B000CHBN0C,lhglhgl
B000CAYTAU,lhglhgl
B000AR56KC,lhglhgl
B08N98RZC4,lhglhgl
B01M15RZZ8,lhglhgl
B07VB56TFB,lhglhgl
B01I9KS2XY,lhglhgl
B07CG7YJZQ,lhglhgl
B01BIS349G,lhglhgl
B07BHGXCTK,lhglhgl
B019986R1O,lhglhgl
B0032JSQBG,lhglhgl
B011A2QVI6,lhglhgl
B0851X31H4,lhglhgl
B00PHQX6NA,lhglhgl
B0725884GG,lhglhgl
B007O3THQE,lhglhgl
B06W9H9GH1,lhglhgl
B004MW3LHQ,lhglhgl
B091Y1PWMN,lhglhgl
B091HXR9PD,lhglhgl
B091FMMSMG,lhglhgl
B0912LYL5L,lhglhgl
B08ZCSX6Y9,lhglhgl
B08YNN2B2K,lhglhgl
B08YNKQBS8,lhglhgl
B08XM5K4F5,lhglhgl
B08XLV3VRV,lhglhgl
B08W247JJ5,lhglhgl
B08QYNNTSD,lhglhgl
B08NVTGNZL,lhglhgl
B08NSKX17H,lhglhgl
B08NSC7RRL,lhglhgl
B08NS91WHX,lhglhgl
B08NRWJGNS,lhglhgl
B09RQGD8ZJ,lhglhgl
B09F7YCYYZ,lhglhgl
B09DY98D6W,lhglhgl
B09CKT3LJG,lhglhgl
B0997KS2VZ,lhglhgl
B0991KSZDJ,lhglhgl
B098LCQ7HP,lhglhgl
B098HX79RW,lhglhgl
B097MR5P75,lhglhgl
B092T123RC,lhglhgl
B092R6766F,lhglhgl
B092HY4ZT3,lhglhgl
B091YSV8CM,lhglhgl
B091YLRYC4,lhglhgl
B091YHSP3Y,lhglhgl
B091YGGK6C,lhglhgl
B01G3VQII2,lhglhgl
B0012E73WG,lhglhgl
B00QUEMY9U,lhglhgl
B0CRM7SS31,lhglhgl
B0BY5XMVYZ,lhglhgl
B0BV6RPZBQ,lhglhgl
B0BBXVS5R4,lhglhgl
B0B8CTHGJ6,lhglhgl
B0B7R3618W,lhglhgl
B09Z5LQ428,lhglhgl
B09XXPS2QS,lhglhgl
B09XVPCYFG,lhglhgl
B09XMPNX3T,lhglhgl
B09XJY9GHS,lhglhgl
B09VGKTTXN,lhglhgl
B09RQYHNNQ,lhglhgl
B086MRWD6K,lhglhgl
B086CS9KGW,lhglhgl
B085ZC5XB5,lhglhgl
B0855J8PLF,lhglhgl
B08524JPC3,lhglhgl
B0843428D7,lhglhgl
B083MX7Z2P,lhglhgl
B081BRLVND,lhglhgl
B07YQ15NPS,lhglhgl
B07VTQTD6P,lhglhgl
B07SC4Y9RV,lhglhgl
B07JW7QJFC,lhglhgl
B07GRCL732,lhglhgl
B07FFB4WDV,lhglhgl
B07DH6V1F6,lhglhgl
B07BBX9XR4,lhglhgl
B00B8XA3Y6,lhglhgl
B09CLJTLJ1,lhglhgl
B07T4T4ZHJ,lhglhgl
B08ZDGM6JL,lhglhgl
B07SMB72DW,lhglhgl
B08C7RTS1N,lhglhgl
B07QV1DK69,lhglhgl
B000GI0GA0,lhglhgl
B07QJCFB6B,lhglhgl
B09CLJ9JLT,lhglhgl
B07GXKF978,lhglhgl
B07CC9C2ZS,lhglhgl
B07DBZ8N3N,lhglhgl
B07C4Q689G,lhglhgl
B01N8STAG1,lhglhgl
B08NRGYRL6,lhglhgl
B08NLDFPDY,lhglhgl
B08NKBMT2S,lhglhgl
B08N4T6N54,lhglhgl
B08N3B93FP,lhglhgl
B08MZ9Z3HR,lhglhgl
B08MWRCGFR,lhglhgl
B08MJM8MR7,lhglhgl
B08M96JXC1,lhglhgl
B08M4C2548,lhglhgl
B08LSTWNQ8,lhglhgl
B08L85HCYR,lhglhgl
B08L5XVWHL,lhglhgl
B08L5X1G5G,lhglhgl
B08L5VVKG1,lhglhgl
B08K9D3VQF,lhglhgl
B08K364FZ3,lhglhgl
B08JHZQ2C9,lhglhgl
B08JHCC4KQ,lhglhgl
B08J2LFPZT,lhglhgl
B08HSMG8SV,lhglhgl
B08GCQKFM1,lhglhgl
B08G5CN3HQ,lhglhgl
B08G5CDGCP,lhglhgl
B08G59P55F,lhglhgl
B089QGW97G,lhglhgl
B087SG5YWN,lhglhgl
B087LSD9PB,lhglhgl
B087L6ZLH8,lhglhgl
B087CW4TK5,lhglhgl
B086YL7Y2V,lhglhgl
B086W5DW8X,lhglhgl
B06XT9YJ2T,lhglhgl
B06XC6XHV4,lhglhgl
B06WLK3D1P,lhglhgl
B06VTVFZWC,lhglhgl
B01KVLLE2A,lhglhgl
B01K82631Y,lhglhgl
B01DWIR9KK,lhglhgl
B018M06GFM,lhglhgl
B013F1QXX8,lhglhgl
B01264P07A,lhglhgl
B0108R7LKG,lhglhgl
B00XAT5K3K,lhglhgl
B00WT4BOJG,lhglhgl
B00WCCIMB8,lhglhgl
B00WCCIKU6,lhglhgl
B00W6K4YP4,lhglhgl
B07BBWHJNW,lhglhgl
B07BBS1PLY,lhglhgl
B07BBRWT4L,lhglhgl
B0799QS68B,lhglhgl
B078Y37FYP,lhglhgl
B078748L7K,lhglhgl
B0767LLBW6,lhglhgl
B0767LJ2Q5,lhglhgl
B0762JVCHP,lhglhgl
B0762GVGV1,lhglhgl
B075ZNLJ9V,lhglhgl
B075ZFX63T,lhglhgl
B075ZF61BY,lhglhgl
B075P58LXV,lhglhgl
B0743W7DJZ,lhglhgl
B073VJR981,lhglhgl
B00VD0GWEO,lhglhgl
B00TIVLZH4,lhglhgl
B00TIVJVTI,lhglhgl
B00QUBJ20C,lhglhgl
B00QBUMLL4,lhglhgl
B00Q9I4530,lhglhgl
B00Q9I3VNA,lhglhgl
B00Q9I3RV6,lhglhgl
B00Q9I3OBE,lhglhgl
B00Q9I3KHM,lhglhgl
B00Q9I3GVM,lhglhgl
B00Q0S89XG,lhglhgl
B00Q0S8954,lhglhgl
B00Q0S894A,lhglhgl
B00Q0S88ZK,lhglhgl
B00PKHTRYI,lhglhgl
B00P89LGS8,lhglhgl
B00M8U0QCW,lhglhgl
B00M4OCEPY,lhglhgl
B00K7CBYS8,lhglhgl
B00JX6C0A0,lhglhgl
B00J1SWBR2,lhglhgl
B00GBVK926,lhglhgl
B0099S4U32,lhglhgl
B008CQZ11M,lhglhgl
B008CATISA,lhglhgl
B0087QGBKC,lhglhgl
B0082N98G4,lhglhgl
B006ZB8ZGE,lhglhgl
B006JFLYFA,lhglhgl
B006JCLOVC,lhglhgl
B006EFSFRU,lhglhgl
B0845P2JQ1,lhglhgl
B0799RF938,lhglhgl
B0797GC3ZH,lhglhgl
B007WEGT3Y,lhglhgl
B0147NI8NQ,lhglhgl
B00I48KM5S,lhglhgl
B08Y8HJ561,lhglhgl
B07789XNCV,lhglhgl
B085BYZT9Y,lhglhgl
B09976PVFY,lhglhgl
B07Y85H8ZC,lhglhgl
B0872RMLYZ,lhglhgl
B07XPD5RZL,lhglhgl
B071PB9ZV9,lhglhgl
B07WKCHH5D,lhglhgl
B08HS9VMS4,lhglhgl
B0769RQ4GR,lhglhgl
B08N54BKWK,lhglhgl
B0765P44BD,lhglhgl
B07ZB6NMP1,lhglhgl
B01MY9AG29,lhglhgl
B00Y82C1MG,lhglhgl
B012TJDAGU,lhglhgl
B0C7CWLR9C,lhglhgl
B010OMU67U,lhglhgl
B08YXXH645,lhglhgl
B00ZJCVFNA,lhglhgl
B07HBR3V31,lhglhgl
B00XJHJG24,lhglhgl
B075ZN2ZX6,lhglhgl
B00PHQX6LW,lhglhgl
B08J45J246,lhglhgl
B0067OEE2S,lhglhgl
B006485MLO,lhglhgl
B004GB1X2I,lhglhgl
B004CFF1NK,lhglhgl
B0049XVDD2,lhglhgl
B003V77YTY,lhglhgl
B0034CB23K,lhglhgl
B001M5M28U,lhglhgl
B001FQNJFG,lhglhgl
B001FQMZOW,lhglhgl
B001140TNC,lhglhgl
B000WMTDS6,lhglhgl
B000W1ZW2S,lhglhgl
B07K1X8X7X,lhglhgl
B00U7ZUSNW,lhglhgl
B07DVM9R79,lhglhgl
B08KR7YQRR,lhglhgl
B07D1DP6PJ,lhglhgl
B07576RCYX,lhglhgl
B079VP3J1S,lhglhgl
B09C75F4RR,lhglhgl
B0799R4W2B,lhglhgl
B08BQ9H1V8,lhglhgl
B0799QQPPP,lhglhgl
B0067ON7QC,lhglhgl
B0799QN31Q,lhglhgl
B08C7S2NLT,lhglhgl
B0799Q9S6P,lhglhgl
B0762CMCD7,lhglhgl
B0BLRY52D9,lhglhgl
B09WLBHYX3,lhglhgl
B09TR9SBLR,lhglhgl
B09TP4VVZG,lhglhgl
B09TKN4X2H,lhglhgl
B09RR17R8R,lhglhgl
B09P8CSFCN,lhglhgl
B09H8328K9,lhglhgl
B09GVRV3TX,lhglhgl
B09GVRTYW8,lhglhgl
B09GNZ7516,lhglhgl
B09CLQZK3Y,lhglhgl
B09BCGGGMD,lhglhgl
B098R3RF78,lhglhgl
B095SNVKFJ,lhglhgl
B093MQZYSS,lhglhgl
B08MK1T5Z3,lhglhgl
B08MBH4ZKN,lhglhgl
B08M91CT5D,lhglhgl
B08LQXJS6F,lhglhgl
B08LQRBG42,lhglhgl
B08LQR1QQC,lhglhgl
B08LQN63Y4,lhglhgl
B08LQLQ3QK,lhglhgl
B08LNBYDM5,lhglhgl
B08LLG96S4,lhglhgl
B08LG9D7FD,lhglhgl
B08LDFGSM8,lhglhgl
B08L7KNVHQ,lhglhgl
B08L5XLFY1,lhglhgl
B08L5SHZ6T,lhglhgl
B08KT26L7Z,lhglhgl
B08HVFMYJV,lhglhgl
B08HS4DD63,lhglhgl
B08HS4D4XF,lhglhgl
B08HRTG2YB,lhglhgl
B08HRRT42W,lhglhgl
B08HRLTWG1,lhglhgl
B08HRLMW2J,lhglhgl
B08HRLCZFL,lhglhgl
B08HRKWNYK,lhglhgl
B08GHZW3GL,lhglhgl
B08D3FM8Q5,lhglhgl
B08BTJ9QHF,lhglhgl
B087KWPX8W,lhglhgl
B086VR7N84,lhglhgl
B086HM2F3P,lhglhgl
B086FD9C8K,lhglhgl
B08K1DFZKK,lhglhgl
B08JX99B9M,lhglhgl
B08JV4MXDL,lhglhgl
B08JLQXJQB,lhglhgl
B08JLQKYJX,lhglhgl
B08JLP6RMW,lhglhgl
B08JLP4YYF,lhglhgl
B08JLNV5HX,lhglhgl
B08JLN5RK5,lhglhgl
B08JLN3T62,lhglhgl
B08JLN3DX2,lhglhgl
B08JLMJRMG,lhglhgl
B08JLMJM48,lhglhgl
B08JLMJ56F,lhglhgl
B08JLM1JJT,lhglhgl
B08JLLXCGM,lhglhgl
B00MA56NOA,lhglhgl
B07NDMV2PG,lhglhgl
B01N6VFF40,lhglhgl
B00DQ2CWAA,lhglhgl
B009RECHUG,lhglhgl
B09TQFFN17,lhglhgl
B08XY7Q36Z,lhglhgl
B08KVRDCS3,lhglhgl
B08DQZZ1YZ,lhglhgl
B0877BFDP9,lhglhgl
B0836LJXG3,lhglhgl
B0068PJUB6,lhglhgl
B000HJDDTO,lhglhgl
B0CLF1NZMF,lhglhgl
B0C692FFMX,lhglhgl
B0C4H188G5,lhglhgl
B0869BQC1G,lhglhgl
B0862X25DH,lhglhgl
B0851BWDY8,lhglhgl
B083HWM9JR,lhglhgl
B07Z7DFMVG,lhglhgl
B07Y9N4WVZ,lhglhgl
B07TBY9PK1,lhglhgl
B07S1CSVV5,lhglhgl
B07PXV8QW4,lhglhgl
B07PKHV8WG,lhglhgl
B07NW4PT5T,lhglhgl
B07L3LNRCQ,lhglhgl
B07K4ZSRJ6,lhglhgl
B07B4N61W2,lhglhgl
B07B4MFFBP,lhglhgl
B07B4LVL39,lhglhgl
B092D74FMC,lhglhgl
B091YGNHQT,lhglhgl
B091Y6HPWF,lhglhgl
B091Y1WTC2,lhglhgl
B08ZCM6ZJT,lhglhgl
B08Z3FJP83,lhglhgl
B08X2B3S5W,lhglhgl
B08SQYG7X4,lhglhgl
B08RCL6WZ1,lhglhgl
B08R6RBP7M,lhglhgl
B08QV6PJMK,lhglhgl
B08PFTCKHV,lhglhgl
B08PB2W5J8,lhglhgl
B08NPSHP34,lhglhgl
B08MWCP7WK,lhglhgl
B08MVD71LP,lhglhgl
B07B4LRP21,lhglhgl
B079DG2PJ1,lhglhgl
B0799QJRN1,lhglhgl
B0799Q9QM8,lhglhgl
B0797F7276,lhglhgl
B0791LWHBP,lhglhgl
B0791LWCRS,lhglhgl
B078XGZFYV,lhglhgl
B0787RSTSL,lhglhgl
B0787R72C1,lhglhgl
B077P6CKFW,lhglhgl
B0762K55FR,lhglhgl
B075MBSRFD,lhglhgl
B0756DJ2K2,lhglhgl
B07373ZL91,lhglhgl
B072Q1RK1V,lhglhgl
B08JLLSFQ9,lhglhgl
B08JLLQQDZ,lhglhgl
B08JLL2RT1,lhglhgl
B08JLGXR3K,lhglhgl
B08JLGV927,lhglhgl
B08JLGNGTC,lhglhgl
B08JLG67LW,lhglhgl
B08JLFFR5G,lhglhgl
B08JLD7HQR,lhglhgl
B08JL623S2,lhglhgl
B08J7ZSDVB,lhglhgl
B08J7YWTNG,lhglhgl
B08J7MFLS7,lhglhgl
B08HYR4GBX,lhglhgl
B07281G2QP,lhglhgl
B071GBN25W,lhglhgl
B06XYL8YM6,lhglhgl
B06VWMGX3P,lhglhgl
B01N75VK8A,lhglhgl
B01N6ROATL,lhglhgl
B01N40YVJS,lhglhgl
B01MY9AHQA,lhglhgl
B01MR50IHD,lhglhgl
B01K8277UU,lhglhgl
B01K826DHS,lhglhgl
B01ESP0CL4,lhglhgl
B0149J58EA,lhglhgl
B012Y9UW8Y,lhglhgl
B00YT6QZSC,lhglhgl
B00Y5J6NMQ,lhglhgl
B006EKGVP8,lhglhgl
B006EFN8XQ,lhglhgl
B006A2SOWS,lhglhgl
B0052WCITC,lhglhgl
B004J36IKU,lhglhgl
B0044UL3HG,lhglhgl
B003O47WZA,lhglhgl
B003KXCL9M,lhglhgl
B00352RF26,lhglhgl
B002YHKYHG,lhglhgl
B002FCG8G6,lhglhgl
B0012BXXJQ,lhglhgl
B000VZ9CJY,lhglhgl
B000UYFKSS,lhglhgl
B000KL2SJ0,lhglhgl
B000HDKVDQ,lhglhgl
B000H5S2OO,lhglhgl
B000ETCDPC,lhglhgl
B000BQL2XW,lhglhgl
B0007LMC2G,lhglhgl
B08TWL3691,lhglhgl
B07TT8GRYV,lhglhgl
B08H8MYKR2,lhglhgl
B08P2DDK13,lhglhgl
B07P89DL3H,lhglhgl
B0091Q4JYW,lhglhgl
B07FSGTZ3N,lhglhgl
B08L9945TY,lhglhgl
B07C7JPYN9,lhglhgl
B07W8S4LJQ,lhglhgl
B076191S6N,lhglhgl
B009XRPNMQ,lhglhgl
B01K7KZ13I,lhglhgl
B09VH9WZXZ,lhglhgl
B00PHOZ2DE,lhglhgl
B07WDZNQ2D,lhglhgl
B00WNH55QC,lhglhgl
B00TUH8V50,lhglhgl
B00TLE3ILY,lhglhgl
B00TEXL742,lhglhgl
B00SN5U7YI,lhglhgl
B00QUT6X9W,lhglhgl
B00Q1M9O5I,lhglhgl
B00L3YW3ZW,lhglhgl
B00J8NWJBI,lhglhgl
B00J4ZAEZS,lhglhgl
B00CRN0JHC,lhglhgl
B00BWO9YNW,lhglhgl
B0082C9WKW,lhglhgl
B007RHUVW6,lhglhgl
B007L3QFYO,lhglhgl
B007F0XSHA,lhglhgl
B06XY12FVW,lhglhgl
B01018D2GE,lhglhgl
B07QN7VT2W,lhglhgl
B082VTBYKZ,lhglhgl
B00CM5TWH8,lhglhgl
B07PYDLX27,lhglhgl
B071R16Y5N,lhglhgl
B07VNR2NHL,lhglhgl
B010GQ2NNO,lhglhgl
B07XQ6FS41,lhglhgl
B001G6IDAG,lhglhgl
B08RJKPR6N,lhglhgl
B08H5N9RFW,lhglhgl
B0C1B6N98W,lhglhgl
B07JJ89423,lhglhgl
B08P9NGWRQ,lhglhgl
B0743YYLQR,lhglhgl
B06XWZQ8Q4,lhglhgl
B00DQERF0U,lhglhgl
B0067OM0WE,lhglhgl
B0C4SR6CF3,lhglhgl
B0BTD727LM,lhglhgl
B0BRMYQBPV,lhglhgl
B0B9H5T4B7,lhglhgl
B09WL9YK3S,lhglhgl
B09W8724HD,lhglhgl
B09TRBT7XC,lhglhgl
B09RQYCBY8,lhglhgl
B09RQY2CMB,lhglhgl
B09JPGVRGK,lhglhgl
B09DTVYLD1,lhglhgl
B09BMYVKPF,lhglhgl
B01GRKO0GQ,lhglhgl
B087LSXWCN,lhglhgl
B09SP88DB7,lhglhgl
B08HMJM9FW,lhglhgl
B09QB6Z82R,lhglhgl
B081DPMCQQ,lhglhgl
B09JGWLPXM,lhglhgl
B0916K76CN,lhglhgl
B099J9RBBZ,lhglhgl
B07KN38X6B,lhglhgl
B08YTNJTLZ,lhglhgl
B001PBCT48,lhglhgl
B08Y8HKTCS,lhglhgl
B08ZJ8DQG2,lhglhgl
B08XNTRJKT,lhglhgl
B0915CXFB9,lhglhgl
B00647Z396,lhglhgl
B00WT6EOX2,lhglhgl
B08RXJJPY9,lhglhgl
B086GQ4314,lhglhgl
B083BCKPVX,lhglhgl
B07GSKWXV1,lhglhgl
B0925SMQ6J,lhglhgl
B08RXKY73T,lhglhgl
B07FL7TSZT,lhglhgl
B01N4MQCZ5,lhglhgl
B015HM6SYW,lhglhgl
B003MHUE9K,lhglhgl
B08PBY4R4N,lhglhgl
B08HVN937T,lhglhgl
B07JR3X5VZ,lhglhgl
B079PFYP52,lhglhgl
B08KT85938,lhglhgl
B08KT81KWG,lhglhgl
B08J462YGC,lhglhgl
B08GCZJV1W,lhglhgl
B08G1WHJ8X,lhglhgl
B08FYPLQFS,lhglhgl
B087MV3FR2,lhglhgl
B0872YZF6B,lhglhgl
B0872YNJ5B,lhglhgl
B085LNNP1Z,lhglhgl
B0858ZV99N,lhglhgl
B084KJ3FWZ,lhglhgl
B083W72W7D,lhglhgl
B082WKBHZ3,lhglhgl
B082DYVHJ9,lhglhgl
B081CC2VTG,lhglhgl
B08MPM34JB,lhglhgl
B08MKL3T8P,lhglhgl
B08MDCGQZ6,lhglhgl
B08M9452DC,lhglhgl
B08LX751FM,lhglhgl
B08LQVJLVF,lhglhgl
B08LNQ7721,lhglhgl
B08LN4D4R8,lhglhgl
B08LHGH6Y1,lhglhgl
B08LDFCTBX,lhglhgl
B08L98CVPW,lhglhgl
B08L8GQYWF,lhglhgl
B08L6PBSGV,lhglhgl
B08L6LZTJ9,lhglhgl
B08L5WV7QL,lhglhgl
B08L5VN1R7,lhglhgl
B098R1VKXV,lhglhgl
B0965415RQ,lhglhgl
B093LYLSNL,lhglhgl
B092MX9PD6,lhglhgl
B09235VSDK,lhglhgl
B0922SNJ98,lhglhgl
B091YJRWF1,lhglhgl
B091TW7SCP,lhglhgl
B0919SNKBH,lhglhgl
B0916JYBGJ,lhglhgl
B08ZD3MZKZ,lhglhgl
B08Z35237N,lhglhgl
B08YYW8BGQ,lhglhgl
B08YQTN94J,lhglhgl
B08YHZGVNB,lhglhgl
B08XTPR2G3,lhglhgl
B01LWM0R09,lhglhgl
B01K9M3YNI,lhglhgl
B01K825HNY,lhglhgl
B01K825H2K,lhglhgl
B01IEBP3RQ,lhglhgl
B016ZQU0ES,lhglhgl
B013PYZAU2,lhglhgl
B01349ZVY8,lhglhgl
B00WCCIVQ4,lhglhgl
B00WCCII9Y,lhglhgl
B00WCCIG0K,lhglhgl
B00V6Y3MGS,lhglhgl
B00R1NVTMM,lhglhgl
B00QFXSTQS,lhglhgl
B00Q1M9YSA,lhglhgl
B00NNSRNU6,lhglhgl
B00N8LWVOG,lhglhgl
B00GXF6CLM,lhglhgl
B00D9TJ30M,lhglhgl
B00C2GM45E,lhglhgl
B00911BGWA,lhglhgl
B008MCMKS8,lhglhgl
B0074QWDGW,lhglhgl
B006A2SV3K,lhglhgl
B0055NAE4O,lhglhgl
B004NEWF8E,lhglhgl
B003BB39US,lhglhgl
B0035BIJ1I,lhglhgl
B002L1GJDS,lhglhgl
B002FCM2TS,lhglhgl
B0012PV80I,lhglhgl
B000BQMKTC,lhglhgl
B08VWVL3NF,lhglhgl
B08RXK3VPP,lhglhgl
B08RXJ3GZG,lhglhgl
B08RXC9DYK,lhglhgl
B08RCL9TCQ,lhglhgl
B08PB9XZRB,lhglhgl
B08N53ZJ6X,lhglhgl
B08N4Q96SN,lhglhgl
B08MS6RWY5,lhglhgl
B08MQLV9DH,lhglhgl
B08MQGQDBF,lhglhgl
B08MQB1VH1,lhglhgl
B08MQ46FLR,lhglhgl
B08MQ2QP7R,lhglhgl
B08MPZVTSD,lhglhgl
B08MPYRQ7T,lhglhgl
B0BKLGV5HV,lhglhgl
B0BKLGMNN4,lhglhgl
B0BKLD8QD6,lhglhgl
B0BDZN34T8,lhglhgl
B09WQ41TZ9,lhglhgl
B09V24NCRQ,lhglhgl
B09QH17JYZ,lhglhgl
B09QFRQSYF,lhglhgl
B09Q745QRM,lhglhgl
B09CFX716R,lhglhgl
B098Q7XKCF,lhglhgl
B0921ZP1QP,lhglhgl
B091F15CXH,lhglhgl
B08ZFVYR3K,lhglhgl
B08YK3Z34L,lhglhgl
B08XM4TS9W,lhglhgl
B07ZVHMXP9,lhglhgl
B07ZCPR3P4,lhglhgl
B07Y1HWZ47,lhglhgl
B07VQQ6894,lhglhgl
B07TSR4MNW,lhglhgl
B07S3XHVRX,lhglhgl
B07PZSZN5N,lhglhgl
B07PHBYN8B,lhglhgl
B07P8SF1D2,lhglhgl
B07NJD4GTP,lhglhgl
B07MLMSWKT,lhglhgl
B07GRCCNLK,lhglhgl
B07FQ1LP12,lhglhgl
B07CCHV3PD,lhglhgl
B07949RV5D,lhglhgl
B078T1W6K1,lhglhgl
B001EU9KXS,lhglhgl
B08Y8H92YK,lhglhgl
B01DYP0MPU,lhglhgl
B08WJ2KQQ1,lhglhgl
B076Q57L83,lhglhgl
B08WHZBD8L,lhglhgl
1586504770,lhglhgl
B08WHPRFQV,lhglhgl
B08NJ74CJS,lhglhgl
B08WHMSBTW,lhglhgl
B0797Q9YGZ,lhglhgl
B08WHMLX4F,lhglhgl
B000EELIEY,lhglhgl
B08WHLYPT9,lhglhgl
B092SJB5Z1,lhglhgl
B08WHDX995,lhglhgl
B08Y6WC9N2,lhglhgl
B08WHCP3MS,lhglhgl
B08H1YSZ3P,lhglhgl
B08521M98Q,lhglhgl
B087429RFQ,lhglhgl
B082NSH213,lhglhgl
B08S2RPJSF,lhglhgl
B07SKLDVT7,lhglhgl
B07MKGKVHM,lhglhgl
B07P3MVPDC,lhglhgl
B007SX0692,lhglhgl
B07NHZJTBW,lhglhgl
B0CSBSW2MN,lhglhgl
B01JIOADLE,lhglhgl
B0C64MS7JT,lhglhgl
B00648HLOA,lhglhgl
B000BO58LG,lhglhgl
B08JH9XB4R,lhglhgl
B08JGFMH46,lhglhgl
B08J8236WV,lhglhgl
B08HWM4ZG9,lhglhgl
B08F5J33N3,lhglhgl
B087N6RQDW,lhglhgl
B087L6ZPT6,lhglhgl
B087KWCGB9,lhglhgl
B0874PVXHW,lhglhgl
B086XKSNW5,lhglhgl
B0861ZCJ4C,lhglhgl
B084P816YK,lhglhgl
B082GLPYGB,lhglhgl
B0816TBZ33,lhglhgl
B07ZNXMXXQ,lhglhgl
B07YP1FPYC,lhglhgl
B08MKJVD1V,lhglhgl
B08MK35V1D,lhglhgl
B08MK1YG6F,lhglhgl
B08MJYTBDQ,lhglhgl
B08MJWQZMR,lhglhgl
B08MDCRD9R,lhglhgl
B08M2735MG,lhglhgl
B08M1S3Z2R,lhglhgl
B08LGBH3VZ,lhglhgl
B08LDB2F8G,lhglhgl
B08L9WG3WP,lhglhgl
B08L6YDGKF,lhglhgl
B08L5VZC99,lhglhgl
B08L4MXDGR,lhglhgl
B08L4MGD2N,lhglhgl
B08L1VC5Y1,lhglhgl
B07WSGNGVZ,lhglhgl
B07V7S8Q7C,lhglhgl
B07T1PZNN5,lhglhgl
B07RTB9JHV,lhglhgl
B07RDMMNK8,lhglhgl
B07PRM8F8L,lhglhgl
B07NGF92QS,lhglhgl
B07N8J3QKC,lhglhgl
B07MTC9D12,lhglhgl
B07JJL14GV,lhglhgl
B07HFJVFGX,lhglhgl
B07HFHSK28,lhglhgl
B07HF187P6,lhglhgl
B07DQV4BK4,lhglhgl
B07D3Q9YX4,lhglhgl
B079X4TJJC,lhglhgl
B00UM3RZFS,lhglhgl
B00T50PH1I,lhglhgl
B00RLYLC4Q,lhglhgl
B00PV48854,lhglhgl
B00KXE5BWK,lhglhgl
B00J1SXYN2,lhglhgl
B00CL53W4S,lhglhgl
B009RR1INK,lhglhgl
B008YGSP8Q,lhglhgl
B008BHI0A6,lhglhgl
B0082GSPGU,lhglhgl
B007NUP7W6,lhglhgl
B006SJH3LQ,lhglhgl
B006EKGF7C,lhglhgl
B0068O93BE,lhglhgl
B0067OJF90,lhglhgl
B078CPZN17,lhglhgl
B078848Z3N,lhglhgl
B0786ZYVV4,lhglhgl
B077684RVR,lhglhgl
B075ZMJ3DY,lhglhgl
B075MCPRRV,lhglhgl
B071YWZBXT,lhglhgl
B06W2LJLRQ,lhglhgl
B01NBA56UG,lhglhgl
B01IPOF9GW,lhglhgl
B01B87RBJ6,lhglhgl
B012XWI1ZS,lhglhgl
B00X2JI7GU,lhglhgl
B00W680X4W,lhglhgl
B00VBPE3AQ,lhglhgl
B00V48TAYO,lhglhgl
B08X9YP73Q,lhglhgl
B08TWWXCDS,lhglhgl
B08RCM947J,lhglhgl
B08R5NR2K4,lhglhgl
B08NS714BQ,lhglhgl
B08N4Z1PGH,lhglhgl
B08N3NGFHS,lhglhgl
B08N3HMBL2,lhglhgl
B08N2VS5B9,lhglhgl
B08N2VB8FN,lhglhgl
B08N2RKNJG,lhglhgl
B08N2MXFL9,lhglhgl
B08N2L7FT2,lhglhgl
B08MSYJQTV,lhglhgl
B08MQW1T68,lhglhgl
B08MKL9TS6,lhglhgl
B006489SV4,lhglhgl
B0051V7VAK,lhglhgl
B004HDVR62,lhglhgl
B004F67JDQ,lhglhgl
B003Y7XPT4,lhglhgl
B003VS4GMG,lhglhgl
B003QZWDD8,lhglhgl
B0038LFOR2,lhglhgl
B001CK0N9A,lhglhgl
B000YF1IJI,lhglhgl
B000H5R362,lhglhgl
B000H5P2NS,lhglhgl
B000EZZUME,lhglhgl
B0CRFSDQ8X,lhglhgl
B07H2SMBGY,lhglhgl
B0783QX8K6,lhglhgl
B0799RW7FW,lhglhgl
B015X68HXW,lhglhgl
B0773LKY6F,lhglhgl
B08KVTMXZV,lhglhgl
B01N56MW1P,lhglhgl
B0002DV6J4,lhglhgl
B01MXETPM9,lhglhgl
B007EEVMPW,lhglhgl
B00SNM5PZ2,lhglhgl
B07TYRP61M,lhglhgl
B00GJJA5P6,lhglhgl
B07XHFRPW8,lhglhgl
B006GJPCAW,lhglhgl
B091Y462PZ,lhglhgl
B07CFWG43H,lhglhgl
B00UHA23BM,lhglhgl
B00429WIOQ,lhglhgl
B002C5T3XQ,lhglhgl
B000646QRG,lhglhgl
B0CSX9DWWM,lhglhgl
B0CBMMCDQL,lhglhgl
B0C1NVY62T,lhglhgl
B0BYPDHWDH,lhglhgl
B0BXGWT5P8,lhglhgl
B0BBL46LXL,lhglhgl
B09XQYPX6S,lhglhgl
B09W39BWRM,lhglhgl
B09RPNW8D8,lhglhgl
B09KL73VSB,lhglhgl
B09DLK3LV8,lhglhgl
B09CV3W22B,lhglhgl
B09CV3LY31,lhglhgl
B093C26J5W,lhglhgl
B091YPMNKM,lhglhgl
B08ZYWTYZ2,lhglhgl
B08ZT4NSFX,lhglhgl
B08ZJXYP79,lhglhgl
B08ZJB4VRQ,lhglhgl
B08ZHJYGTL,lhglhgl
B08ZHJMHVQ,lhglhgl
B08WCV469Y,lhglhgl
B08SDTNXW2,lhglhgl
B08QYPKQSW,lhglhgl
B08QY4ZHH5,lhglhgl
B08NTJ1LKK,lhglhgl
B08L5DK2CM,lhglhgl
B08L5DBSPG,lhglhgl
B08JYT6PVY,lhglhgl
B08JGMTSHV,lhglhgl
B08GZ9CRL1,lhglhgl
B08GJ9BNRF,lhglhgl
B08G9P719F,lhglhgl
B08DHZPS1K,lhglhgl
B0887CNC47,lhglhgl
B087SR1M9F,lhglhgl
B087JX1YVZ,lhglhgl
B086WDM989,lhglhgl
B086VFJW5W,lhglhgl
B0868798M1,lhglhgl
B085WN73CR,lhglhgl
B085R44R73,lhglhgl
B07WZNDXSQ,lhglhgl
B07V378J7M,lhglhgl
B07LF5TSWD,lhglhgl
B07JG9172H,lhglhgl
B07FQYCKBG,lhglhgl
B078WJM9CL,lhglhgl
B077ZKF795,lhglhgl
B077ZDL61M,lhglhgl
B06Y4F4D9F,lhglhgl
B01N06M5AB,lhglhgl
B01MFG7WDW,lhglhgl
B01L8T95XE,lhglhgl
B01IPOEY3G,lhglhgl
B00TXO37NG,lhglhgl
B00RPP2LQY,lhglhgl
B00RPP2LP0,lhglhgl
B085G521J2,lhglhgl
B085FZ3SJY,lhglhgl
B0851X3HLD,lhglhgl
B084P1MVZ7,lhglhgl
B084DCHDSY,lhglhgl
B083NLQN74,lhglhgl
B083DXR9ZT,lhglhgl
B082WLMRTN,lhglhgl
B082DXTVG4,lhglhgl
B082BH3FFN,lhglhgl
B07ZZPJYXH,lhglhgl
B07ZZPFCZH,lhglhgl
B07ZZNNK83,lhglhgl
B07Z3P7J65,lhglhgl
B07YCC33WN,lhglhgl
B07XMMCWC5,lhglhgl
B00P1QM3JE,lhglhgl
B00J2L7CTA,lhglhgl
B00I4Q7776,lhglhgl
B00GRBO5W0,lhglhgl
B00FREI9CU,lhglhgl
B00CORI5RM,lhglhgl
B0090RBYR2,lhglhgl
B007ZDNXF4,lhglhgl
B007BD82HW,lhglhgl
B006JVLX5K,lhglhgl
B006EKH6DO,lhglhgl
B006EKGAW2,lhglhgl
B006DWV76A,lhglhgl
B006A2STRS,lhglhgl
B0067PEFEE,lhglhgl
B0065734ZU,lhglhgl
B08NF6S3QS,lhglhgl
B08N9R5KY6,lhglhgl
B08N9PCZGH,lhglhgl
B08N8YV78X,lhglhgl
B08N8RWP86,lhglhgl
B08MZVXF4V,lhglhgl
B08MK55996,lhglhgl
B08MK33DN2,lhglhgl
B08MK1XYHD,lhglhgl
B08MJS6BLV,lhglhgl
B08MJCBZ6D,lhglhgl
B08LVFSKPQ,lhglhgl
B08LNYXGW1,lhglhgl
B08LDLDX61,lhglhgl
B08L6CS8CM,lhglhgl
B08L5PR1V3,lhglhgl
B086JSXGSY,lhglhgl
B099JK44QD,lhglhgl
B07ZFZY6BD,lhglhgl
B08L5TX1P2,lhglhgl
B07NKK4KSX,lhglhgl
B08Y1G7MKD,lhglhgl
B07KQVV3SL,lhglhgl
B07T2V4VDX,lhglhgl
B07GZMSFR6,lhglhgl
B07L6CL38L,lhglhgl
B07FKLBWJ6,lhglhgl
B07S7FBY4L,lhglhgl
B07CZPGC48,lhglhgl
B075ZNR7MQ,lhglhgl
B0799QQHH1,lhglhgl
B01IOBERAA,lhglhgl
B0055DQX8U,lhglhgl
B0042IWCG6,lhglhgl
B003UWBCIY,lhglhgl
B003KXFVO4,lhglhgl
B00161Z7QE,lhglhgl
B000ZN7BVS,lhglhgl
B000LNJOZI,lhglhgl
B000KA7XAA,lhglhgl
B000GU3G28,lhglhgl
B000FHVD6I,lhglhgl
B000CHG01Y,lhglhgl
B0799QCHVR,lhglhgl
B00155027U,lhglhgl
B01NBEX4G9,lhglhgl
B00FQ5B7CY,lhglhgl
B01LVV6QVD,lhglhgl
B0B3CCC43Y,lhglhgl
B003VOTC10,lhglhgl
B010JRKGUC,lhglhgl
B091GSQCZ4,lhglhgl
B08QMKT6ZC,lhglhgl
B08N6WLSM3,lhglhgl
B08L5MG8YX,lhglhgl
B08KZKWC5J,lhglhgl
B08KD5M825,lhglhgl
B084DBGMH8,lhglhgl
B07M85WP5Z,lhglhgl
B08YHM8ZS5,lhglhgl
B08VWVZMBN,lhglhgl
B08VSBZH6M,lhglhgl
B08SBGVV84,lhglhgl
B08RSKKCMD,lhglhgl
B08R6KD7JD,lhglhgl
B08NRTZKC7,lhglhgl
B08NB62HT9,lhglhgl
B08N95LXC4,lhglhgl
B08N17TTSH,lhglhgl
B08MJQMPPN,lhglhgl
B08MJJB8M2,lhglhgl
B08M5HR3SQ,lhglhgl
B08LNZXJTD,lhglhgl
B08LNZRLRZ,lhglhgl
B08LNZD9XZ,lhglhgl
B01N4P3DQ5,lhglhgl
B0BWLP7L2V,lhglhgl
B0B7FTNZJ9,lhglhgl
B0B5YXV4KB,lhglhgl
B0B5QC1SSH,lhglhgl
B09VBX5XBB,lhglhgl
B09VBGNH4T,lhglhgl
B09Q363B2J,lhglhgl
B09PF5NSDX,lhglhgl
B09JNGBWV2,lhglhgl
B09F3PJHCB,lhglhgl
B09C58WD4H,lhglhgl
B099JZ1W5S,lhglhgl
B099HXFFG7,lhglhgl
B099DVSP4Z,lhglhgl
B0998ZGGB3,lhglhgl
B0992S2NWN,lhglhgl
B096YTDBLM,lhglhgl
B092DXF5L3,lhglhgl
B0922LZ66F,lhglhgl
B091YBMD8Q,lhglhgl
B091H9FBCW,lhglhgl
B091FZPJL4,lhglhgl
B0919TXN5Z,lhglhgl
B08ZZXMKRS,lhglhgl
B08ZG953PW,lhglhgl
B08ZG6TNTV,lhglhgl
B08ZFTPZ69,lhglhgl
B08ZFTKDYX,lhglhgl
B08ZDW7X9N,lhglhgl
B08ZDVCKWM,lhglhgl
B08ZDV6T75,lhglhgl
B08LNZ3V71,lhglhgl
B08LN3QVNM,lhglhgl
B08LKR6L9R,lhglhgl
B08LHMTCVL,lhglhgl
B08LGK6MMC,lhglhgl
B08LFW65S9,lhglhgl
B08L8CS49V,lhglhgl
B08L8BWBZQ,lhglhgl
B08L8B9H84,lhglhgl
B08L88W88H,lhglhgl
B08L74T1SL,lhglhgl
B08L73KT6Q,lhglhgl
B08L737MF5,lhglhgl
B08L733ZBN,lhglhgl
B08L72CX62,lhglhgl
B08L721TJ9,lhglhgl
B08ZDV5W7J,lhglhgl
B08ZDTFM7S,lhglhgl
B08ZDTCXN9,lhglhgl
B08ZDT67PJ,lhglhgl
B08ZDSX68Y,lhglhgl
B08ZDSNZVY,lhglhgl
B08ZDSMZ83,lhglhgl
B08ZDSLLV8,lhglhgl
B08ZDS6849,lhglhgl
B08ZDRZ3V6,lhglhgl
B08ZDRX5HT,lhglhgl
B08ZDRNFVT,lhglhgl
B08ZDR4DH8,lhglhgl
B08ZDR2ZHL,lhglhgl
B08ZDQZN2P,lhglhgl
B08ZC8MLNV,lhglhgl
B08L71RBQX,lhglhgl
B08L71R94Z,lhglhgl
B08L71GT16,lhglhgl
B08L71DLRT,lhglhgl
B08L71BRWY,lhglhgl
B08L6ZYLGY,lhglhgl
B08L6ZVMTR,lhglhgl
B08L6ZGBDM,lhglhgl
B08L6ZB9K6,lhglhgl
B08L6Z7ZCC,lhglhgl
B08L6Y4PPM,lhglhgl
B08L6DQ8C8,lhglhgl
B08L5R9NCK,lhglhgl
B08L5QRFTR,lhglhgl
B08L5Q6292,lhglhgl
B08L5Q1YXG,lhglhgl
B08L5PJJ5Q,lhglhgl
B08L5P98DV,lhglhgl
B08L5P44LY,lhglhgl
B08L5P1TFC,lhglhgl
B08L5NYHDP,lhglhgl
B08L5NMST2,lhglhgl
B08L5MJ31S,lhglhgl
B08L5M3HJF,lhglhgl
B08L5LXNSS,lhglhgl
B08L5LXG8T,lhglhgl
B08L5LX73D,lhglhgl
B08KG9Q6DV,lhglhgl
B08K9BDTVX,lhglhgl
B08K8FMR5V,lhglhgl
B08JXXJ4C8,lhglhgl
B08JPZ6CM2,lhglhgl
B08JLKKRB8,lhglhgl
B08JGLKM2V,lhglhgl
B08JB6HV1Z,lhglhgl
B08J86B6J1,lhglhgl
B08HCPXTFH,lhglhgl
B08GKXP6RX,lhglhgl
B08FXTQBQY,lhglhgl
B08B1D81XZ,lhglhgl
B088GYML2F,lhglhgl
B087N5GPFR,lhglhgl
B087C9JJXD,lhglhgl
B086XJ367N,lhglhgl
B086BT3GVB,lhglhgl
B086B899KD,lhglhgl
B0864VGYV3,lhglhgl
B085Z32K22,lhglhgl
B085WMXGW7,lhglhgl
B085SRRJD1,lhglhgl
B084ZFFPCH,lhglhgl
B084R5YYJL,lhglhgl
B084341ZJ2,lhglhgl
B083YVRPVN,lhglhgl
B083162RMC,lhglhgl
B07YW8WKGN,lhglhgl
B07XP3ML45,lhglhgl
B07XMHLKWF,lhglhgl
B07T8MHXWY,lhglhgl
B07RDH4KTS,lhglhgl
B07HBBB4HG,lhglhgl
B07FSH4KTL,lhglhgl
B07BGSQ7FD,lhglhgl
B07B45CR3L,lhglhgl
B0792QJBMT,lhglhgl
B0777VTMC6,lhglhgl
B06XBL4SYN,lhglhgl
B01NC1RZXL,lhglhgl
B01LX0AFPQ,lhglhgl
B01K826MDI,lhglhgl
B01JN2706W,lhglhgl
B01HSMZ2NW,lhglhgl
B01GSKTU4M,lhglhgl
B01AVL7DY8,lhglhgl
B0170K2O0Q,lhglhgl
B015090H8A,lhglhgl
B014AG6Q48,lhglhgl
B00WJH5YOY,lhglhgl
B00WCCIQ46,lhglhgl
B00T178TZ6,lhglhgl
B00RK20NFI,lhglhgl
B00RK20JTI,lhglhgl
B00QFW539K,lhglhgl
B00PJ9L01A,lhglhgl
B00D3Q6YP8,lhglhgl
B006Z3LG8G,lhglhgl
B006A2T314,lhglhgl
B006A2SFDQ,lhglhgl
B0067OM452,lhglhgl
B0065N486I,lhglhgl
B004TKPDCM,lhglhgl
B003QXP0KS,lhglhgl
B0031B7PS0,lhglhgl
B000Y1LM0M,lhglhgl
B000GZKQB2,lhglhgl
B000CSYKYC,lhglhgl
B000CHBN5W,lhglhgl
B08R719CSR,lhglhgl
B01N3PJNRR,lhglhgl
B0BC6MR5NK,lhglhgl
B01FX9EL7U,lhglhgl
B08CXCQKSX,lhglhgl
B086MPZB4K,lhglhgl
B085Q2T1JF,lhglhgl
B07DKWWBGB,lhglhgl
B0067PEK1M,lhglhgl
B000OZDH6K,lhglhgl
B08ZJVKC1Q,lhglhgl
B08QX6FF74,lhglhgl
B08QJ3ZLP8,lhglhgl
B08L5M9MBV,lhglhgl
B08KYKZMYJ,lhglhgl
B08F1T4CZH,lhglhgl
B0799YR4QR,lhglhgl
B08DXWC1N5,lhglhgl
B09B21W7DB,lhglhgl
B082VR7S2C,lhglhgl
B095F1SSNY,lhglhgl
B07SGFCJBJ,lhglhgl
B08H1B2MKV,lhglhgl
B0799R6PG5,lhglhgl
B08GJGSD8W,lhglhgl
B0799QT62F,lhglhgl
B081DB7KG5,lhglhgl
B0799QR17V,lhglhgl
B08ZKH5KF3,lhglhgl
B0799QM35T,lhglhgl
B08BXFTX7V,lhglhgl
B06XRQ8PRT,lhglhgl
B084JFF9MR,lhglhgl
B07S48CD7M,lhglhgl
B000CQ47P6,lhglhgl
B0C24ZMPFB,lhglhgl
B0BNTF6NT4,lhglhgl
B09XR7RBHZ,lhglhgl
B09W5K3XRN,lhglhgl
B09VGMP8N8,lhglhgl
B09SWNY16G,lhglhgl
B09SVSCDZY,lhglhgl
B09S8S467K,lhglhgl
B09RQYK2SK,lhglhgl
B09PX6NSL2,lhglhgl
B09PF4D5W4,lhglhgl
B09KX8N69Q,lhglhgl
B09GYH2BMY,lhglhgl
B08NS3NNG8,lhglhgl
B08MWVNQKP,lhglhgl
B08MTLBJ3W,lhglhgl
B08MT57836,lhglhgl
B08MDBYGWS,lhglhgl
B08M2G2BJB,lhglhgl
B08LP1KGJJ,lhglhgl
B08LNZMT15,lhglhgl
B08LNXBPD9,lhglhgl
B08LNCKPZW,lhglhgl
B08LNBDN73,lhglhgl
B08LGP71B2,lhglhgl
B08LG6KXW7,lhglhgl
B08L9T6G2D,lhglhgl
B08L8G8Y55,lhglhgl
B08L8FMZQ7,lhglhgl
B09GJNY8HB,lhglhgl
B09F6L6DBG,lhglhgl
B099F8CBRP,lhglhgl
B098J6SLM1,lhglhgl
B093F1Z3M1,lhglhgl
B0928G8W27,lhglhgl
B0922VDT13,lhglhgl
B091B31F99,lhglhgl
B0919XK2CG,lhglhgl
B0919WRC19,lhglhgl
B08ZJZN87Q,lhglhgl
B08YYM1ZZ5,lhglhgl
B08Y5TNF5P,lhglhgl
B08XYDMCQX,lhglhgl
B08XX5SF8Q,lhglhgl
B08TMZ2B9G,lhglhgl
B08L22GLC3,lhglhgl
B08KHVZKFM,lhglhgl
B08KFZ3R8T,lhglhgl
B08KFYHQV2,lhglhgl
B08KFKR1G6,lhglhgl
B08JZ9BK95,lhglhgl
B08JYQYK5F,lhglhgl
B08JPB2SZ8,lhglhgl
B08JHBHBYJ,lhglhgl
B08HVQFYRY,lhglhgl
B08HTZ7TB3,lhglhgl
B08HSM4FVQ,lhglhgl
B08HSCQ8D4,lhglhgl
B08HRVJM7L,lhglhgl
B08FRQ3XL6,lhglhgl
B08DCRSB28,lhglhgl
B08CDZS2L9,lhglhgl
B08CCMX8RL,lhglhgl
B08CCLLNS3,lhglhgl
B08CCDN95Z,lhglhgl
B08CBGZ9BC,lhglhgl
B08BYNBGB7,lhglhgl
B087L28S37,lhglhgl
B087KYSQRF,lhglhgl
B087KYSKQ5,lhglhgl
B087KXZ4DY,lhglhgl
B087JZMJ2V,lhglhgl
B086CQSG58,lhglhgl
B086BHM3W7,lhglhgl
B085WKB6YL,lhglhgl
B085PH1VNV,lhglhgl
B083TFD2BX,lhglhgl
B08L8FKZ2X,lhglhgl
B08L8FH2WP,lhglhgl
B08L8F84WP,lhglhgl
B08L8F3Z74,lhglhgl
B08L8F3BV2,lhglhgl
B08L8F16K1,lhglhgl
B08L6VJ3R1,lhglhgl
B08L6CSFLN,lhglhgl
B08L6CPBLT,lhglhgl
B08L5QGPPK,lhglhgl
B08L5PBBMC,lhglhgl
B08L5P2WBT,lhglhgl
B08L5NSRZH,lhglhgl
B08L5NMLMF,lhglhgl
B08L5NMKFF,lhglhgl
B08L5CFDKP,lhglhgl
B083HYP7TJ,lhglhgl
B083HRWQTY,lhglhgl
B07X44P118,lhglhgl
B07QYNRWP6,lhglhgl
B07Q231SGZ,lhglhgl
B07PPJWF8C,lhglhgl
B07PHQDRHP,lhglhgl
B07FKRRCGH,lhglhgl
B07F7TVQNB,lhglhgl
B07C7WLN38,lhglhgl
B07BHZ2T49,lhglhgl
B07B8P5LSC,lhglhgl
B079NTR8JK,lhglhgl
B079J59VSP,lhglhgl
B0799R5PH3,lhglhgl
B0799Q4R2H,lhglhgl
B077F8CQP3,lhglhgl
B01JKZ70Z8,lhglhgl
B01D0K0R68,lhglhgl
B01CYI93IK,lhglhgl
B017X8MIJ2,lhglhgl
B013IQKL4C,lhglhgl
B00YWCVCFO,lhglhgl
B00XWAQWRA,lhglhgl
B00XQYG4PM,lhglhgl
B00VBMMUF4,lhglhgl
B00UY3CJ0M,lhglhgl
B00UD6AM7W,lhglhgl
B00PV3Q04Q,lhglhgl
B00PHMINMS,lhglhgl
B00NKPM6P4,lhglhgl
B00NF1CY2S,lhglhgl
B00JZOWK28,lhglhgl
B00BLQAP0W,lhglhgl
B00B1VCS48,lhglhgl
B00A1BRYOS,lhglhgl
B00A1BRX9E,lhglhgl
B009XIQ838,lhglhgl
B009S5HMGS,lhglhgl
B0094NO1MM,lhglhgl
B006JCOZUE,lhglhgl
B006EKHA3K,lhglhgl
B006EKGSVA,lhglhgl
B006EKGRDE,lhglhgl
B006EFNDJA,lhglhgl
B006A2TKN0,lhglhgl
B005IKD6P8,lhglhgl
B004FNZU9E,lhglhgl
B002RWKR9S,lhglhgl
B001UGNJ6A,lhglhgl
B001PMLD8A,lhglhgl
B00166LSF8,lhglhgl
B000KACFWG,lhglhgl
B000KA3K02,lhglhgl
B000GZMSOU,lhglhgl
B000CQ4ARQ,lhglhgl
B000COMYKI,lhglhgl
B0002F5616,lhglhgl
B006I8ICOE,lhglhgl
B00IDCYGPW,lhglhgl
B082WY77N2,lhglhgl
B09KMQ4S38,lhglhgl
B01C6CN0JW,lhglhgl
B08C7BVMHX,lhglhgl
B0969QN1HG,lhglhgl
B08JVCDSVD,lhglhgl
B08F22V6YP,lhglhgl
B000Q08RLI,lhglhgl
B06XY7KFWD,lhglhgl
B087WWVLDN,lhglhgl
B0B1MWYST1,lhglhgl
B000XKRQZ4,lhglhgl
B000UOHUWW,lhglhgl
B0721PBK8R,lhglhgl
B08795QYQ5,lhglhgl
B08794913Z,lhglhgl
B08793NQ9G,lhglhgl
B087938K7P,lhglhgl
B0878XZ9RD,lhglhgl
B086YH8J9V,lhglhgl
B086WNZS9W,lhglhgl
B0868ZQ7Z3,lhglhgl
B084T5QKMP,lhglhgl
B083SFP7T7,lhglhgl
B083SFDSY9,lhglhgl
B0838RDRLP,lhglhgl
B07XJXDGMV,lhglhgl
B07WH4WQ4N,lhglhgl
B07R54C82T,lhglhgl
B07C6436PS,lhglhgl
B081L4H5NX,lhglhgl
B07P23ZB1C,lhglhgl
B07JB3BM5L,lhglhgl
B07DWVV7V4,lhglhgl
B007DAG5J0,lhglhgl
B09PG5Q1TZ,lhglhgl
B092Z669ZJ,lhglhgl
B08KFTLL2L,lhglhgl
B078NHTYND,lhglhgl
B01GWA91EW,lhglhgl
B092VW2P2X,lhglhgl
B08KZDKDTG,lhglhgl
B07JYXSQ98,lhglhgl
B01M1FKQOX,lhglhgl
B000F9PQH8,lhglhgl
B0BWHWY3VV,lhglhgl
B0B6MR2MC4,lhglhgl
B09CYRF4Q2,lhglhgl
B09991VP1Y,lhglhgl
B0998694RR,lhglhgl
B092YSHD4J,lhglhgl
B091K6ZLX5,lhglhgl
B08ZMK4LLR,lhglhgl
B08XWLSK49,lhglhgl
B08R1Y8LB2,lhglhgl
B08LQSBSVB,lhglhgl
B08L96HYGN,lhglhgl
B08L94CYNM,lhglhgl
B08L8GW6N9,lhglhgl
B08L73J1KW,lhglhgl
B08L6DNT2X,lhglhgl
B08KSKVLL6,lhglhgl
B08JVF32LF,lhglhgl
B08JVC99Z1,lhglhgl
B08JHF9Y2G,lhglhgl
B08HQBHQ7T,lhglhgl
B08HPWZSZ3,lhglhgl
B08FDNNV2H,lhglhgl
B08C2SWDWB,lhglhgl
B08867G7MB,lhglhgl
B087JXSL6M,lhglhgl
B087F4D4NC,lhglhgl
B087F49N1L,lhglhgl
B087DY2DZM,lhglhgl
B087CVYYF8,lhglhgl
B087CVSBZ8,lhglhgl
B087CVJ63H,lhglhgl
B087983VKB,lhglhgl
B07BT19FNQ,lhglhgl
B078ZJ1HX8,lhglhgl
B074D69N6K,lhglhgl
B01EUAQOBO,lhglhgl
B01AVL75KK,lhglhgl
B017A5GA6A,lhglhgl
B016K086DQ,lhglhgl
B00WQ745RO,lhglhgl
B00T22NCVG,lhglhgl
B00NVZHAVI,lhglhgl
B00L5EL4J6,lhglhgl
B007QXZ6XA,lhglhgl
B00749RNVE,lhglhgl
B005ITOW48,lhglhgl
B004VLLB7U,lhglhgl
B0047XSM10,lhglhgl
B003VAVY0Q,lhglhgl
B003UU7BJK,lhglhgl
B003TYKB7G,lhglhgl
B003EHCBDA,lhglhgl
B001FQOHA2,lhglhgl
B0018NFJIG,lhglhgl
B000UK8QCO,lhglhgl
B000H5SR6C,lhglhgl
B000BOB4MI,lhglhgl
B01CQOVHCW,lhglhgl
B06Y5R9F52,lhglhgl
B00VVO0PIG,lhglhgl
B08TGQ73JL,lhglhgl
B08CGYJTLH,lhglhgl
B0757WX7MM,lhglhgl
B08NTCPFSN,lhglhgl
B0869S9JZL,lhglhgl
B007AUA3SM,lhglhgl
B003YJPIWE,lhglhgl
B017WUD99Y,lhglhgl
B003IBMFII,lhglhgl
B07YM3JVGG,lhglhgl
B00IOHQI0C,lhglhgl
B00I4BVWS6,lhglhgl
B0792PVX8G,lhglhgl
B08LMBX8MY,lhglhgl
B004WPHO6M,lhglhgl
B08RJ5TQYR,lhglhgl
B083R24MMN,lhglhgl
B07R92KGM9,lhglhgl
B08M22SG1S,lhglhgl
B07G8P93PJ,lhglhgl
1635444780,lhglhgl
B08L8C6TVB,lhglhgl
B0B38CN4YJ,lhglhgl
B0727VWRDH,lhglhgl
B0914Q63JV,lhglhgl
B00A3IBCWE,lhglhgl
B08NC7FPFR,lhglhgl
B00LIP5N4E,lhglhgl
B08K2PF36H,lhglhgl
B01BUA4ZH2,lhglhgl
B0871K53P5,lhglhgl
B00IUO19OE,lhglhgl
B085VJHTL4,lhglhgl
B0BGGDYL3X,lhglhgl
B07JNYH19D,lhglhgl
B00IUPOZ2G,lhglhgl
B07J9NN5JL,lhglhgl
B09VB6SVC7,lhglhgl
B07DLX63B3,lhglhgl
B086WXYFQC,lhglhgl
B079HH4BSX,lhglhgl
B00EEQ7FKO,lhglhgl
B0775D1KJ6,lhglhgl
B08KBD15CJ,lhglhgl
B004WPHMDC,lhglhgl
B00NTVAKQG,lhglhgl
1635443482,lhglhgl
B08GC8FH1R,lhglhgl
B08FBY4NWM,lhglhgl
B07K8FBXFB,lhglhgl
B09F37W7KK,lhglhgl
B096NX1P2L,lhglhgl
B08JHHQCYT,lhglhgl
B07WH3WJ38,lhglhgl
B0859K3QJP,lhglhgl
B07V5C78FN,lhglhgl
B09DKV9TFT,lhglhgl
B091CW4LTT,lhglhgl
B087JGSG26,lhglhgl
B087GDR77Z,lhglhgl
B07NYCFN4B,lhglhgl
B091HLRFJV,lhglhgl
B091FC1RZB,lhglhgl
B08ZXZD34C,lhglhgl
B08ZBVYQLM,lhglhgl
B08R6K8HMJ,lhglhgl
B08R6K4SGH,lhglhgl
B08R6K44SJ,lhglhgl
B08R6JZFHK,lhglhgl
B08R6JX1D2,lhglhgl
B08R6JVZGW,lhglhgl
B08R6JCY5Z,lhglhgl
B08R6J9C4L,lhglhgl
B08R6J6SZ9,lhglhgl
B08R6J2HMF,lhglhgl
B08R6J1V82,lhglhgl
B08R6HZD86,lhglhgl
B08M9HTRST,lhglhgl
B08M9G4D35,lhglhgl
B08M8VJ6G1,lhglhgl
B08M8VGX54,lhglhgl
B08M8P22KB,lhglhgl
B08LXM3PXQ,lhglhgl
B08LXK59PP,lhglhgl
B08LXD1K5H,lhglhgl
B08LX9YXVJ,lhglhgl
B08LX61S89,lhglhgl
B08LQZJ1F9,lhglhgl
B08LQTSD36,lhglhgl
B08LQT2L36,lhglhgl
B08LQSP715,lhglhgl
B08LQSL52X,lhglhgl
B08LQQ8B8G,lhglhgl
B08LN48X6N,lhglhgl
B08LG6LW4F,lhglhgl
B08L8KM3HB,lhglhgl
B08L8HCMNP,lhglhgl
B08L8H7WWC,lhglhgl
B08L8GZLF3,lhglhgl
B08L8GSQMC,lhglhgl
B08L8G2W24,lhglhgl
B08L8FL3QX,lhglhgl
B08L8FJW88,lhglhgl
B08L7Z9LN7,lhglhgl
B08L6NRBHK,lhglhgl
B08L5PL3B2,lhglhgl
B08L5NX8JT,lhglhgl
B08L5NR9F5,lhglhgl
B08L5NKBDW,lhglhgl
B0758KN6G5,lhglhgl
B001VNGJX2,lhglhgl
B0CKCXHNRS,lhglhgl
B0CH14M2ZL,lhglhgl
B09VWXNPK6,lhglhgl
B09R93CN4X,lhglhgl
B09JQ5KNGP,lhglhgl
B09D3MDD8L,lhglhgl
B0999PY6N8,lhglhgl
B0993KW1MY,lhglhgl
B092VQTXFD,lhglhgl
B092DB5162,lhglhgl
B09289QJCK,lhglhgl
B0923XDMW7,lhglhgl
B091N1XCW2,lhglhgl
B091KJHZHG,lhglhgl
B078B8PBB3,lhglhgl
B076JC5VLV,lhglhgl
B06Y2PZWQV,lhglhgl
B01MF74YK8,lhglhgl
B017B3F7U6,lhglhgl
B012TJXYES,lhglhgl
B00TUU718A,lhglhgl
B00T2JPJMY,lhglhgl
B00RY5KEQO,lhglhgl
B00Q7VOCCI,lhglhgl
B00NR2VPO8,lhglhgl
B00KKQJAI2,lhglhgl
B00J6Z4PMY,lhglhgl
B00D4B0UKW,lhglhgl
B00CL53LAS,lhglhgl
B00987LV22,lhglhgl
B08L5LZ5XP,lhglhgl
B08KLPK7LH,lhglhgl
B08KK9KDLV,lhglhgl
B08HWR8NZ1,lhglhgl
B08HR444K9,lhglhgl
B08G1VPXGJ,lhglhgl
B08F9CTW8V,lhglhgl
B08F28RT2M,lhglhgl
B087M8DNZ2,lhglhgl
B087M4B219,lhglhgl
B086QQBT8K,lhglhgl
B08633RZ5X,lhglhgl
B085VFG5LR,lhglhgl
B085LXKQ3W,lhglhgl
B085HD4VPS,lhglhgl
B084DBH7S8,lhglhgl
B0090T957G,lhglhgl
B0055DRQ9K,lhglhgl
B002VVY9Y4,lhglhgl
B000VHWDUW,lhglhgl
B000I21Y0U,lhglhgl
B000GU3B50,lhglhgl
B000CQ244C,lhglhgl
B000CAYS4M,lhglhgl
B000BQRF1U,lhglhgl
B000BQKCR4,lhglhgl
B0002RVPLO,lhglhgl
B0000X652O,lhglhgl
B0000AXR5O,lhglhgl
B08QHTHGBC,lhglhgl
B09H11VKHK,lhglhgl
B0847MJP4H,lhglhgl
B088FK1D4Y,lhglhgl
B09G8LYFSJ,lhglhgl
B09KN7BH9Q,lhglhgl
B0012BXTIG,lhglhgl
B091GWC4BZ,lhglhgl
B079ZM8JJR,lhglhgl
B08WHTC1VX,lhglhgl
B08CGW2ZR2,lhglhgl
B08WHQCRW5,lhglhgl
B09PC4XFD8,lhglhgl
B08WHFW81W,lhglhgl
B0928LW7PS,lhglhgl
B08WH84BVG,lhglhgl
B08R6HNQPP,lhglhgl
B08R6HJCMR,lhglhgl
B08R6HGLKQ,lhglhgl
B08R6HBXDB,lhglhgl
B08R6H9MPR,lhglhgl
B08R6GVNNN,lhglhgl
B08R6GVK14,lhglhgl
B08R6GT9RF,lhglhgl
B08R6GSQMY,lhglhgl
B08R6FX2B8,lhglhgl
B08R6DXMBF,lhglhgl
B08QM72G91,lhglhgl
B08NV4QS5J,lhglhgl
B08N737J3Y,lhglhgl
B08MX9QHFX,lhglhgl
B08MJS6BMB,lhglhgl
B083LV9ZWJ,lhglhgl
B083LMRZ9Z,lhglhgl
B083GG44XT,lhglhgl
B081CMMGT6,lhglhgl
B08117GLF3,lhglhgl
B07XN66RN5,lhglhgl
B07WQZ53L5,lhglhgl
B07WQ398ZM,lhglhgl
B07VWX1KX1,lhglhgl
B07TJK3527,lhglhgl
B07S4BWRMM,lhglhgl
B07PCHFNK1,lhglhgl
B07L36WG72,lhglhgl
B07DQD4J4P,lhglhgl
B078Z2L432,lhglhgl
B078VCNQ4Q,lhglhgl
B081FY363C,lhglhgl
B07B436F7H,lhglhgl
B0834SSX2C,lhglhgl
B00LHFOT3Q,lhglhgl
1574892681,lhglhgl
B09S9TNPDL,lhglhgl
B098QLJ6FK,lhglhgl
B0917J3FNV,lhglhgl
B08BJ9SJB5,lhglhgl
B0832KTFKL,lhglhgl
B07T8QC3MN,lhglhgl
B0035RFZQY,lhglhgl
B09TYT784F,lhglhgl
B09QYKRWF6,lhglhgl
B09KN4BKLQ,lhglhgl
B09J4KN3WF,lhglhgl
B097JQQTKH,lhglhgl
B092DCBGGF,lhglhgl
B09234NX37,lhglhgl
B091YX1XX9,lhglhgl
B091N9LM18,lhglhgl
B08ZDRVHBH,lhglhgl
B08ZDQZKP6,lhglhgl
B08ZD7ZZBY,lhglhgl
B08Y59STVV,lhglhgl
B08W3447Q8,lhglhgl
B08SRDXJKJ,lhglhgl
B08SM661QY,lhglhgl
B08P2CYYQB,lhglhgl
B08NSKVZXQ,lhglhgl
B08NSC5JSC,lhglhgl
B08NS92DGR,lhglhgl
B08NDLPGL9,lhglhgl
B08N9XHV7C,lhglhgl
B08N9JMN5H,lhglhgl
B08N82CF4V,lhglhgl
B08N5ZQYQB,lhglhgl
B08N3GYTCT,lhglhgl
B08MK5598Z,lhglhgl
B08MK1XHK4,lhglhgl
B08MK1TKXG,lhglhgl
B08MDCH8S9,lhglhgl
B08LNLMBGB,lhglhgl
B08LKQ6F5H,lhglhgl
B08KYJWM2D,lhglhgl
B08K4HZSLZ,lhglhgl
B08K2QDJDQ,lhglhgl
B08K2LS4DH,lhglhgl
B08JYMKRZQ,lhglhgl
B08JVN8G67,lhglhgl
B08JQ6514B,lhglhgl
B08JLWRHDS,lhglhgl
B08JCV564Q,lhglhgl
B08HVNJRP1,lhglhgl
B08HRPGFD7,lhglhgl
B08GSTBWHP,lhglhgl
B08GHX1RK5,lhglhgl
B08FNN5P9F,lhglhgl
B087M249VG,lhglhgl
B08726RMBN,lhglhgl
B086Z5VFWS,lhglhgl
B086XHM47Z,lhglhgl
B086T2FK7K,lhglhgl
B086T2BYZV,lhglhgl
B0B7C43QCX,lhglhgl
B08WH4H87H,lhglhgl
B07HF1P2J7,lhglhgl
B085LHRRXP,lhglhgl
B085WMX3VK,lhglhgl
B0811RW4VD,lhglhgl
B08KRR3LGN,lhglhgl
B07JJ755SM,lhglhgl
B08426XWGX,lhglhgl
B07C6BPVZX,lhglhgl
B00T8PQVMY,lhglhgl
B0778NVR68,lhglhgl
B000WJ5HKW,lhglhgl
B06XH5HJ34,lhglhgl
B086W7R3S9,lhglhgl
B010TQNPPQ,lhglhgl
B086T1ZJP4,lhglhgl
B086PYR28P,lhglhgl
B086MXK1R2,lhglhgl
B086MSPW8V,lhglhgl
B086ML8WC3,lhglhgl
B086HNQM73,lhglhgl
B086HNKK9G,lhglhgl
B086HNK1H8,lhglhgl
B086HMM9S7,lhglhgl
B086HM63GN,lhglhgl
B086HLHWGH,lhglhgl
B086HLHS9Z,lhglhgl
B086HL8T91,lhglhgl
B086HL568B,lhglhgl
B086HK3J15,lhglhgl
B086HK3DBG,lhglhgl
B086HK39Y4,lhglhgl
B086HK39DY,lhglhgl
B086HK376S,lhglhgl
B086HK35GJ,lhglhgl
B086HK2K4H,lhglhgl
B086HK2FBW,lhglhgl
B086H3W9L1,lhglhgl
B086H2F61S,lhglhgl
B086FQDY68,lhglhgl
B086FFTHZQ,lhglhgl
B086FDVNJV,lhglhgl
B086FC7MCR,lhglhgl
B086CS14G7,lhglhgl
B0869BZYVX,lhglhgl
B0866NWQPG,lhglhgl
B0862XDT5M,lhglhgl
B0862X4KDP,lhglhgl
B0862X14BG,lhglhgl
B0859SFPB6,lhglhgl
B0855Z13X4,lhglhgl
B0854HMK2N,lhglhgl
B084ZGN96V,lhglhgl
B084P16BHH,lhglhgl
B084DLPW8S,lhglhgl
B083WG1432,lhglhgl
B0834ZHPZ4,lhglhgl
B0833QLL41,lhglhgl
B0833PJGKN,lhglhgl
B0832NV6QT,lhglhgl
B08315JVJN,lhglhgl
B082YRCCPS,lhglhgl
B082YR87G9,lhglhgl
B082XRWPYC,lhglhgl
B082XRH4BC,lhglhgl
B082XRGBQK,lhglhgl
B082XR5X7L,lhglhgl
B082WWD9R4,lhglhgl
B082WWD5H8,lhglhgl
B082WQJTF2,lhglhgl
B082WQ2ZFW,lhglhgl
B082WPFDGV,lhglhgl
B0823DXZDY,lhglhgl
B07YMRKJCP,lhglhgl
B07VVTDX4P,lhglhgl
B07VVS6GNB,lhglhgl
B07KMG5C1Q,lhglhgl
B07F5K1KSS,lhglhgl
B07CW7VHQF,lhglhgl
B00NA5ZI4U,lhglhgl
B00M0BO3PK,lhglhgl
B00IGWXM54,lhglhgl
B00FO7CGQ0,lhglhgl
B00E4Y008K,lhglhgl
B0090RBPAI,lhglhgl
B0090RBM2O,lhglhgl
B0090RBIJG,lhglhgl
B0090RBEUE,lhglhgl
B0090RB96S,lhglhgl
B0090RB6LG,lhglhgl
B0090RB4BS,lhglhgl
B0090RB1PM,lhglhgl
B007K8M56M,lhglhgl
B007BDBO54,lhglhgl
B004U5XYA4,lhglhgl
B079RT59K5,lhglhgl
B079KTX7QB,lhglhgl
B079DFN8Q1,lhglhgl
B078HNX98P,lhglhgl
B077NCZM94,lhglhgl
B077KDQKRW,lhglhgl
B074CXM798,lhglhgl
B06ZZD2QTX,lhglhgl
B01HPF2FBY,lhglhgl
B01H1332XA,lhglhgl
B0156226V2,lhglhgl
B00YP59X04,lhglhgl
B00RFX14D2,lhglhgl
B00PJ9CGMC,lhglhgl
B00PIWIJ5S,lhglhgl
B00NA5ZLYM,lhglhgl
B004RCOYXG,lhglhgl
B004JKIB6C,lhglhgl
B004JKCJ74,lhglhgl
B004HIHJ2S,lhglhgl
B003VP0ENO,lhglhgl
B000X4MP3S,lhglhgl
B0002XRM5G,lhglhgl
1635448115,lhglhgl
1635444527,lhglhgl
1635443857,lhglhgl
1619923890,lhglhgl
B09Z6L8ZNH,lhglhgl
B09RGKWGRY,lhglhgl
B09ZQ893XP,lhglhgl
B091YLZP19,lhglhgl
B07FYN8L64,lhglhgl
B091YKXDLV,lhglhgl
B084SS74J7,lhglhgl
B086WZS1YK,lhglhgl
B08JPMC8YX,lhglhgl
B07RRDW4DB,lhglhgl
B08287Q8KF,lhglhgl
B07KHNX3YW,lhglhgl
B092YL8MBR,lhglhgl
B0741GDRYC,lhglhgl
B086H7MBMV,lhglhgl
B071J9CYX7,lhglhgl
B08JVGX6LN,lhglhgl
B087D24FSV,lhglhgl
B0BTHRM6XR,lhglhgl
B09WR1J15C,lhglhgl
B09PH226BC,lhglhgl
B09J39N6QF,lhglhgl
B0991GV25Y,lhglhgl
B092YWTWH2,lhglhgl
B092VRQLFM,lhglhgl
B08QVSNJK5,lhglhgl
B08P3TM5FD,lhglhgl
B08N8LM1XR,lhglhgl
B08N6CWG1K,lhglhgl
B08N62DFXB,lhglhgl
B08N3SF4G4,lhglhgl
B08N2V8KKQ,lhglhgl
B07XMHZ4GR,lhglhgl
B010GPV3V8,lhglhgl
B08KZGX52D,lhglhgl
B08XQHGTXP,lhglhgl
B073TG8J7C,lhglhgl
B09C61Y6TL,lhglhgl
B08P63SZJK,lhglhgl
B085Q6JB1G,lhglhgl
B093654KXP,lhglhgl
B08KT955GM,lhglhgl
B0832KQNXW,lhglhgl
B00M1Z3JZU,lhglhgl
B0078O9YWG,lhglhgl
B003RLN902,lhglhgl
B08NW9YHK4,lhglhgl
B08M9TRBL1,lhglhgl
B08KWHMDDW,lhglhgl
B08KRR4ZS2,lhglhgl
B08K7RC2J9,lhglhgl
B08K7PFJG5,lhglhgl
B08JVLHTD5,lhglhgl
B08JPVVP83,lhglhgl
B08JF4FG5N,lhglhgl
B08J977YZY,lhglhgl
B08HQXRK52,lhglhgl
B08G5FR64W,lhglhgl
B08FXWX19T,lhglhgl
B08D9P28P8,lhglhgl
B087FXVXTJ,lhglhgl
B086YC5MRB,lhglhgl
B086HK3J17,lhglhgl
B084KLZR3G,lhglhgl
B07TGWR41C,lhglhgl
B00NBEWGUE,lhglhgl
B08R7SFDTY,lhglhgl
B000W5OGBM,lhglhgl
B07YFPW2YJ,lhglhgl
B00S6LTSM6,lhglhgl
B016YQM8EO,lhglhgl
B00NA5ZFMU,lhglhgl
B00BMTZT1I,lhglhgl
B009HQ8BU4,lhglhgl
B006EKH4RM,lhglhgl
B005HPWGL4,lhglhgl
B004S51TH6,lhglhgl
B004Q050GE,lhglhgl
B001555EQ4,lhglhgl
B000ZTEFGG,lhglhgl
B000OO2R76,lhglhgl
B000K3CY6U,lhglhgl
B000BQ8726,lhglhgl
B082YLK8ZC,lhglhgl
B082XS6CZN,lhglhgl
B08222JY7N,lhglhgl
B07YVJYL7Q,lhglhgl
B07XYGZF7J,lhglhgl
B07R1YYR7X,lhglhgl
B07QX13FVH,lhglhgl
B07QGGZP7X,lhglhgl
B07QFBPT7F,lhglhgl
B07MYD6Y3B,lhglhgl
B07HWXCVXN,lhglhgl
B07DQD8Y8F,lhglhgl
B079YWNX25,lhglhgl
B078P5MY1C,lhglhgl
B072K4CG7K,lhglhgl
B01MFET46X,lhglhgl
B013AWBKS0,lhglhgl
B00UCS9U4C,lhglhgl
B08LG61CD9,lhglhgl
B07XYMXH56,lhglhgl
B08R69GKL1,lhglhgl
B07RSW8XTH,lhglhgl
B07TDTXLY2,lhglhgl
B07KJLVLJT,lhglhgl
B09SVHHHKH,lhglhgl
B0865W1WRF,lhglhgl
B0865PX2VC,lhglhgl
B0862FTTDZ,lhglhgl
B084Z4R2PS,lhglhgl
B084P3FYGT,lhglhgl
B083LBSN6Z,lhglhgl
B083FJMRBJ,lhglhgl
B0834ZDW2K,lhglhgl
B0834Z9RWJ,lhglhgl
B0834Z7DD5,lhglhgl
B0832GQP9L,lhglhgl
B0832D17LL,lhglhgl
B0832CPNP6,lhglhgl
B083154JTK,lhglhgl
B082YQYPXV,lhglhgl
B07P5PG3PV,lhglhgl
B000FSAUX4,lhglhgl
B082F9MJXG,lhglhgl
B000LQN5G4,lhglhgl
B07ZPWV4HT,lhglhgl
B08HZ5W9GS,lhglhgl
B071S7N9G6,lhglhgl
B000ZEAP9C,lhglhgl
B09RS7RBL7,lhglhgl
B08R5GR4ZW,lhglhgl
B08RZHLXXW,lhglhgl
B007JLT3U6,lhglhgl
B08R5KS2ZS,lhglhgl
B01BCQ3XMW,lhglhgl
B081BR9W7Z,lhglhgl
B07WK1YTPP,lhglhgl
B08138QNZV,lhglhgl
B0923W57HC,lhglhgl
B07T759TFQ,lhglhgl
B08MXJQ46X,lhglhgl
B07S38B698,lhglhgl
B07DXQSQDS,lhglhgl
B07QC3RFWJ,lhglhgl
B084DC23HF,lhglhgl
B07DCHVB9Y,lhglhgl
B0721YWBXQ,lhglhgl
B078HHMQQP,lhglhgl
B08MV6CL7C,lhglhgl
B074CP2CGB,lhglhgl
B07DLCKXPL,lhglhgl
B01MYMJ3B8,lhglhgl
B003VQ6KXG,lhglhgl
B016NAPQIQ,lhglhgl
B08WF61YSN,lhglhgl
B00J48TPDW,lhglhgl
B087C3WW4S,lhglhgl
B00IPKVQ0U,lhglhgl
B08N66T88J,lhglhgl
B0064882FW,lhglhgl
B08BRC5Y6D,lhglhgl
B0834SXW7K,lhglhgl
B07BZL4FYL,lhglhgl
B08JZ5V143,lhglhgl
B07QDB6B9D,lhglhgl
B019AKFS4S,lhglhgl
B00LO0JPHO,lhglhgl
B08YY7MDXV,lhglhgl
B085W9MV89,lhglhgl
B09V387TXY,lhglhgl
B09TRC77P7,lhglhgl
B09TR1Q9S8,lhglhgl
B09SD66TDJ,lhglhgl
B09RQYXLY6,lhglhgl
B09PYF8MXW,lhglhgl
B09PYDJ5PM,lhglhgl
B09KP2PHZV,lhglhgl
B09HC3YVXX,lhglhgl
B09G2WQFCD,lhglhgl
B09DLJG2Q7,lhglhgl
B09DCYZCTH,lhglhgl
B09BHZ54SL,lhglhgl
B0993JLZT3,lhglhgl
B098K3LCJH,lhglhgl
B097XMGJ94,lhglhgl
B07H86HXXJ,lhglhgl
B0B23N4Y9L,lhglhgl
B09WDP68DX,lhglhgl
B08MJKNTPR,lhglhgl
B082XTGJ9K,lhglhgl
B081DNFCHX,lhglhgl
B07WPFTRN1,lhglhgl
B000OAD18E,lhglhgl
B0CF1X39W5,lhglhgl
B0C4FD639M,lhglhgl
B0C3RTW86P,lhglhgl
B0BCVWQGBY,lhglhgl
B0B5XLYL4X,lhglhgl
B0B4SVQXZF,lhglhgl
B0B2RDJ98J,lhglhgl
B09V3C9894,lhglhgl
B08XX24JYF,lhglhgl
B08T92JBCK,lhglhgl
B08SCNWB32,lhglhgl
B08RB452XX,lhglhgl
B08QPSSXPB,lhglhgl
B08P1YS7JG,lhglhgl
B08N91WBPZ,lhglhgl
B08MFRKNR7,lhglhgl
B08LQ8TKV1,lhglhgl
B08LNWSYW6,lhglhgl
B08LK2H3SM,lhglhgl
B08L5M82J1,lhglhgl
B08KYGRVCH,lhglhgl
B08KFTQJNM,lhglhgl
B08K8XBF15,lhglhgl
B08K4JPB72,lhglhgl
B094Y5WWXK,lhglhgl
B0943WWVGY,lhglhgl
B092V7D8Y3,lhglhgl
B092NCZ88G,lhglhgl
B092J115DS,lhglhgl
B09291XFLF,lhglhgl
B09284WGTQ,lhglhgl
B0923VLP27,lhglhgl
B0923S8858,lhglhgl
B0923NGNRV,lhglhgl
B09235SZL4,lhglhgl
B091HYQFJ3,lhglhgl
B08ZD2KQW6,lhglhgl
B08YX3T6HN,lhglhgl
B08YX31VWT,lhglhgl
B08YDFNDJ5,lhglhgl
B08K42LH6N,lhglhgl
B08K2ZT3S8,lhglhgl
B08JZCXB6S,lhglhgl
B08JYRNF1Z,lhglhgl
B08JLVJFGJ,lhglhgl
B08JLP23XN,lhglhgl
B08JLNFWMJ,lhglhgl
B08JLN72GZ,lhglhgl
B08JFWSVNC,lhglhgl
B08JCXHRRC,lhglhgl
B08JC5JTQM,lhglhgl
B08HSX6ZMG,lhglhgl
B08HQMW9PL,lhglhgl
B08HP9K4X5,lhglhgl
B08HH9RYTQ,lhglhgl
B08GYJ8P6M,lhglhgl
B08GCRNCV1,lhglhgl
B08DRLCD1X,lhglhgl
B08CVVRJVH,lhglhgl
B087MZ695Q,lhglhgl
B087KWQZZL,lhglhgl
B087G7HMV8,lhglhgl
B087G56TVP,lhglhgl
B0878V8RVM,lhglhgl
B0877298QZ,lhglhgl
B0872H19QP,lhglhgl
B0872FFCP5,lhglhgl
B087264LV9,lhglhgl
B0871R96LJ,lhglhgl
B086MWFTCC,lhglhgl
B086KTK6SF,lhglhgl
B086GS7CFZ,lhglhgl
B08643QTMV,lhglhgl
B085PH1NPX,lhglhgl
B085DS5MJB,lhglhgl
B084QGL4PT,lhglhgl
B084QDWC7C,lhglhgl
B0848DCPXG,lhglhgl
B08467HBCZ,lhglhgl
B08466LP9R,lhglhgl
B083XV6K7N,lhglhgl
B083SFLRSL,lhglhgl
B07ZZGZ3L1,lhglhgl
B07XY18SLX,lhglhgl
B07XF5PJ6Z,lhglhgl
B07T26RH76,lhglhgl
B07SX524RY,lhglhgl
B07RJ1BSM5,lhglhgl
B07QR2G7NP,lhglhgl
B07QGKHJHS,lhglhgl
B07P1JSWKZ,lhglhgl
B07MR8SMR2,lhglhgl
B07GF45L49,lhglhgl
B07DFB5S7Q,lhglhgl
B07CX7V32P,lhglhgl
B07961LD8Q,lhglhgl
B077P1CGBC,lhglhgl
B075XJXGWQ,lhglhgl
B075MLYVBM,lhglhgl
B075JQB2WR,lhglhgl
B01NB0875D,lhglhgl
B01K47HXM6,lhglhgl
B01G8BLH5G,lhglhgl
B01EIKRX2A,lhglhgl
B00K0OQ5L4,lhglhgl
B00GNNG2GO,lhglhgl
B00F8GWK9A,lhglhgl
B00F1I8H10,lhglhgl
B00D5P1W2W,lhglhgl
B00CLUG4VG,lhglhgl
B009R5LIOG,lhglhgl
B009H59G5E,lhglhgl
B006EHQ3UY,lhglhgl
B005HFN00U,lhglhgl
B00527659G,lhglhgl
B005273YBS,lhglhgl
B004Z13O80,lhglhgl
B004V9UGWS,lhglhgl
B004NVQM86,lhglhgl
B004F63XYK,lhglhgl
B01E7ICZO4,lhglhgl
B01DF31NYA,lhglhgl
B01CFE8D2U,lhglhgl
B01AVL5HIM,lhglhgl
B018M06L5M,lhglhgl
B018EOFALW,lhglhgl
B015R8Y3LQ,lhglhgl
B00WCCV4KE,lhglhgl
B00T7XYTQW,lhglhgl
B00SN13K2I,lhglhgl
B00RM3W6M8,lhglhgl
B00R28OD6U,lhglhgl
B00O3S3KWU,lhglhgl
B00KZGKVJY,lhglhgl
B00KZ3UHZK,lhglhgl
B0042L4EB4,lhglhgl
B003TT2FTS,lhglhgl
B003MNFEJO,lhglhgl
B003KSEX6G,lhglhgl
B003JCPQ0A,lhglhgl
B002LEICQC,lhglhgl
B002CJ1NFI,lhglhgl
B00266BMLW,lhglhgl
B0025QECK6,lhglhgl
B001R8XQ82,lhglhgl
B001QZ8LYA,lhglhgl
B0015BP3OQ,lhglhgl
B000ZOFV3W,lhglhgl
B000UGKD7Y,lhglhgl
B000P632NG,lhglhgl
B000H5QN90,lhglhgl
B0928BP6V3,lhglhgl
B0CFTX7VCM,lhglhgl
B083R6WK3W,lhglhgl
B08GWHDMLJ,lhglhgl
B07C2T6545,lhglhgl
B0831RJVZK,lhglhgl
B01K9Q697M,lhglhgl
B087M6JL9C,lhglhgl
B0047096QS,lhglhgl
B08NTPSXCP,lhglhgl
B09PRKX45J,lhglhgl
B073WQP93M,lhglhgl
B0067ONZQ4,lhglhgl
B08C7SQVQT,lhglhgl
B09WH8MXC2,lhglhgl
B098ST4FQ4,lhglhgl
B000DZHDSE,lhglhgl
B000CQ498Q,lhglhgl
B000CQ48UA,lhglhgl
B0009V84I0,lhglhgl
B00004Z4I9,lhglhgl
B00004WBGP,lhglhgl
1574893343,lhglhgl
B003JCULEG,lhglhgl
B091NPNQ6H,lhglhgl
B08JPKCVBS,lhglhgl
B08CGRWZT5,lhglhgl
B01J85FZO8,lhglhgl
B003W0J5N8,lhglhgl
B09KG6YMX3,lhglhgl
B08P2D275J,lhglhgl
B086P88PFH,lhglhgl
B083BRC98K,lhglhgl
B07YHFQXJT,lhglhgl
B07DVPL4LR,lhglhgl
B0CLCLSKN5,lhglhgl
B0C2PPDP6T,lhglhgl
B0BMQ6RZ43,lhglhgl
B09X8RFW93,lhglhgl
B09TZZ244K,lhglhgl
B09TQ47RN6,lhglhgl
B09T6YNDN5,lhglhgl
B09RG8B84V,lhglhgl
B09QLR15L4,lhglhgl
B09QLPG6GM,lhglhgl
B09QLPBYQC,lhglhgl
B09PGXHYCW,lhglhgl
B09M3XZ936,lhglhgl
B09DDG1PPP,lhglhgl
B092MFDJ4T,lhglhgl
B091DKD543,lhglhgl
B0919RWDT3,lhglhgl
B0915Z7DCY,lhglhgl
B09159Q4Q1,lhglhgl
B09152WN6B,lhglhgl
B08LF14SN5,lhglhgl
B08L5WJYCJ,lhglhgl
B08L5MKXJY,lhglhgl
B08KTKC65D,lhglhgl
B08KSTHTS8,lhglhgl
B08K1QQTSV,lhglhgl
B08JVPHRMN,lhglhgl
B08JLCFSWD,lhglhgl
B08JH9GZT1,lhglhgl
B08G1VHFS2,lhglhgl
B08BT5RKPB,lhglhgl
B086S5S855,lhglhgl
B086HMCQWH,lhglhgl
B086HK2Y2W,lhglhgl
B08691675C,lhglhgl
B085R3XTVT,lhglhgl
B08ZRWNGZL,lhglhgl
B08Z8GQ2HW,lhglhgl
B08VRW31TG,lhglhgl
B08S7BCVLQ,lhglhgl
B08RCLJGZ2,lhglhgl
B08R7FP7M9,lhglhgl
B08PSFQS4B,lhglhgl
B08PS1HGY5,lhglhgl
B08PRZPLRG,lhglhgl
B08PRYG81X,lhglhgl
B08PRW5JX7,lhglhgl
B08N3P2YBY,lhglhgl
B08MJQKMGQ,lhglhgl
B08M6BNL78,lhglhgl
B08M11CW25,lhglhgl
B08LZYQ11L,lhglhgl
B07V44W9MJ,lhglhgl
B07TVSVY2K,lhglhgl
B06XBN4T5L,lhglhgl
B01NANZM69,lhglhgl
B01MUB6SDW,lhglhgl
B01H04Z00I,lhglhgl
B015EMRN0I,lhglhgl
B013QRJLOE,lhglhgl
B011258TO0,lhglhgl
B00UHM00J2,lhglhgl
B00M5EJTGK,lhglhgl
B00IG2SK2Y,lhglhgl
B00EWNJLW4,lhglhgl
B00ED3PBYA,lhglhgl
B00E4Y02MO,lhglhgl
B00E4XZBTO,lhglhgl
B00BEM2U56,lhglhgl
B009S5F8UK,lhglhgl
B009S5DWNU,lhglhgl
B007Z60ZIY,lhglhgl
B007ED0Z24,lhglhgl
B006ZLDDWU,lhglhgl
B006EGTTWY,lhglhgl
B006EGRAXE,lhglhgl
B006487WNU,lhglhgl
B005T8XCLW,lhglhgl
B0050EUHN6,lhglhgl
B004DDNDKO,lhglhgl
B004A26KSK,lhglhgl
B0043GCYKQ,lhglhgl
B0043G7JYW,lhglhgl
B003UW7ICI,lhglhgl
B085PHHF18,lhglhgl
B084DCGMSV,lhglhgl
B0844NZG6Z,lhglhgl
B083RBM7D7,lhglhgl
B083Q7JFWG,lhglhgl
B083ND1PPQ,lhglhgl
B083J533TH,lhglhgl
B083J51N2G,lhglhgl
B083GGDDX2,lhglhgl
B083BNBTGB,lhglhgl
B0833Q6RRB,lhglhgl
B0832MB4PK,lhglhgl
B0832DGTBG,lhglhgl
B082XRKRVF,lhglhgl
B082WDHKVR,lhglhgl
B07Y5LQ7PB,lhglhgl
B001U8JM5A,lhglhgl
B00154Y8DU,lhglhgl
B000UVXVH8,lhglhgl
B000UGFC34,lhglhgl
B000UGEXXY,lhglhgl
B000UGD25E,lhglhgl
B000LF57Q6,lhglhgl
B000JUEWY6,lhglhgl
B000H5MTHA,lhglhgl
B000DT8V7C,lhglhgl
B0009JPR28,lhglhgl
B01KMOZ3PU,lhglhgl
B091YD6NND,lhglhgl
B00YS401X0,lhglhgl
B07TT1NM1M,lhglhgl
B077RPLM25,lhglhgl
B01GIO6D84,lhglhgl
B07GTYSBN4,lhglhgl
B07HLTXRJZ,lhglhgl
B09YR126JT,lhglhgl
B08RZ9FD4M,lhglhgl
B01JG2ZF2K,lhglhgl
B00P40SJ22,lhglhgl
B0842WN9N1,lhglhgl
B08N3K5YQ1,lhglhgl
B00JN1XG1C,lhglhgl
B09J8G2JRB,lhglhgl
B07QC3QRQD,lhglhgl
B09PDMNZJ8,lhglhgl
B07BKS5KPM,lhglhgl
B08LVBV9KX,lhglhgl
B0791MCH3G,lhglhgl
B00848M33C,lhglhgl
B01KUGCCYU,lhglhgl
B08KVQ1SSN,lhglhgl
B00XW8TYD6,lhglhgl
B08KG5K2N5,lhglhgl
B00MMMYXKM,lhglhgl
B008KISJ66,lhglhgl
B00CBMUXBG,lhglhgl
B08787QQ13,lhglhgl
B0090RE2UI,lhglhgl
B086X6DSZ1,lhglhgl
B0090RE1ZE,lhglhgl
B0753PD4H8,lhglhgl
B0090RDOFM,lhglhgl
B09VKBBJYD,lhglhgl
B0090RDLSW,lhglhgl
B09Q6HW316,lhglhgl
B003F1HD74,lhglhgl
B08PZ8MMP4,lhglhgl
B08PCZB7VJ,lhglhgl
B08K8ZBW42,lhglhgl
B08JCCHGV1,lhglhgl
B0859NQPG1,lhglhgl
B08534H26L,lhglhgl
B071SHWCNC,lhglhgl
B006RP1PSI,lhglhgl
B000BQWOTI,lhglhgl
B09X85RCF2,lhglhgl
B08LB6V9L4,lhglhgl
B09V33YLQV,lhglhgl
B07PQKPYFT,lhglhgl
B08Y8HJCRW,lhglhgl
B008UWBKV8,lhglhgl
B08TYM2CVK,lhglhgl
B00D86HZG0,lhglhgl
B084F8MPF2,lhglhgl
B092DVZDWM,lhglhgl
B082ZWWNFB,lhglhgl
B00681EO2U,lhglhgl
B07TP2P7K7,lhglhgl
B07DHL9FJY,lhglhgl
B07SLLC1Z7,lhglhgl
B089NKLPQ9,lhglhgl
B0CLD7NFGK,lhglhgl
B0CKSK7C7W,lhglhgl
B0BY1Q3B95,lhglhgl
B0BDMZ3L1J,lhglhgl
B0B19TK4Q7,lhglhgl
B09V8BBNFT,lhglhgl
B09S37RPHB,lhglhgl
B09Q2VWCTY,lhglhgl
B09KKZSKR5,lhglhgl
B09DB6XL21,lhglhgl
B09D36HBRS,lhglhgl
B099ZNXWVV,lhglhgl
B099K7NJG7,lhglhgl
B099F9QWSL,lhglhgl
B098JRYWKC,lhglhgl
B097LY16QS,lhglhgl
B0971JWKWD,lhglhgl
B096N69KQL,lhglhgl
B094DS5BWP,lhglhgl
B093C3YM36,lhglhgl
B09344Y6W5,lhglhgl
B092RF263L,lhglhgl
B092PZGFRC,lhglhgl
B092KZDNM1,lhglhgl
B092H8X961,lhglhgl
B092H5BBMS,lhglhgl
B09242944B,lhglhgl
B0923TN6G9,lhglhgl
B091YCJJ2N,lhglhgl
B091HZ1JJJ,lhglhgl
B08YDM89M9,lhglhgl
B08Y5YN27X,lhglhgl
B08XN99LTB,lhglhgl
B08X4CFMZ3,lhglhgl
B08WKF3614,lhglhgl
B08VRTBGBL,lhglhgl
B08SKD3PH2,lhglhgl
B08SBHFB6C,lhglhgl
B08S6LJWKF,lhglhgl
B08PSGM9CL,lhglhgl
B08PMPXMBX,lhglhgl
B08NWD6J63,lhglhgl
B08N92CXMK,lhglhgl
B08MK23HZ7,lhglhgl
B08MJSJHKT,lhglhgl
B08MFNJZH4,lhglhgl
B08M9D5M3L,lhglhgl
B08M384NB1,lhglhgl
B085DS5465,lhglhgl
B0859JTCH7,lhglhgl
B08514TVSJ,lhglhgl
B084NZD1GC,lhglhgl
B081193F8P,lhglhgl
B07WG9YLY6,lhglhgl
B07Q4V4HQB,lhglhgl
B07PXTPB3G,lhglhgl
B07NNRN881,lhglhgl
B07JKFW77Q,lhglhgl
B07HGT9XJP,lhglhgl
B07HC9NR73,lhglhgl
B07H4DY2V8,lhglhgl
B07DQKJV2V,lhglhgl
B07DFB5Z5G,lhglhgl
B07CNCWWJF,lhglhgl
B08M1YLVH3,lhglhgl
B08LP4P6BL,lhglhgl
B08LG31KCF,lhglhgl
B08L8DRRB5,lhglhgl
B08L5VWRM1,lhglhgl
B08KYKNWBR,lhglhgl
B08KYJX31Y,lhglhgl
B08KYJP31Y,lhglhgl
B08KYB4JYP,lhglhgl
B08KTR3T14,lhglhgl
B08K8HRQTC,lhglhgl
B08JZ7T7KT,lhglhgl
B08JYTH88H,lhglhgl
B08JQQNCZZ,lhglhgl
B08JHRLZXG,lhglhgl
B08JFWW392,lhglhgl
B08J3KR1NC,lhglhgl
B08HYBN8NG,lhglhgl
B08HQZKY79,lhglhgl
B08HQ89C1G,lhglhgl
B08HDCJ4S1,lhglhgl
B08G1W45CL,lhglhgl
B08DZXS7XM,lhglhgl
B088PLZ7XG,lhglhgl
B087M7CXHR,lhglhgl
B087LSCQM6,lhglhgl
B087LS375Q,lhglhgl
B087LR2YQJ,lhglhgl
B087JVTLVQ,lhglhgl
B0878SZTMT,lhglhgl
B086D4QPJ2,lhglhgl
B08696YTCH,lhglhgl
B079TRM46T,lhglhgl
B079NRFGW5,lhglhgl
B079816W45,lhglhgl
B077MT3Y5V,lhglhgl
B076VPS347,lhglhgl
B076H7PZV5,lhglhgl
B076D5225B,lhglhgl
B07622RTV2,lhglhgl
B074TR24G8,lhglhgl
B06XWZG1PX,lhglhgl
B06WLLJF1X,lhglhgl
B01MQWK6BP,lhglhgl
B01MQVRFLF,lhglhgl
B01M1LN2Y8,lhglhgl
B01LFJN2SQ,lhglhgl
B01LFJN1Q4,lhglhgl
B01LFJMWDM,lhglhgl
B01LFJMSIQ,lhglhgl
B01LFJMQB0,lhglhgl
B01LFJMNGI,lhglhgl
B01LFJB6CA,lhglhgl
B01LFJB3OG,lhglhgl
B01LFJB1G6,lhglhgl
B01LFJB1A2,lhglhgl
B01LFJAWAM,lhglhgl
B01KP9ZOH4,lhglhgl
B01KBBA2C8,lhglhgl
B01IPOENHS,lhglhgl
B01ICL83M0,lhglhgl
B01HV79LD6,lhglhgl
B01H04TMIO,lhglhgl
B018EOFND2,lhglhgl
B018E25BMW,lhglhgl
B0171EPL88,lhglhgl
B014EB4OGG,lhglhgl
B013TGRSDI,lhglhgl
B013FQOYRK,lhglhgl
B0131JVWG2,lhglhgl
B00WNH1Y4O,lhglhgl
B00V618NYC,lhglhgl
B00S023O6M,lhglhgl
B00O0COTUQ,lhglhgl
B00NNSRU2M,lhglhgl
B00NNSRGMQ,lhglhgl
B00NNSQMVM,lhglhgl
B00NNSQK8M,lhglhgl
B00NNSQH6C,lhglhgl
B00NNSQ19K,lhglhgl
B0075Y12S8,lhglhgl
B006JFLMHA,lhglhgl
B006GJOIRA,lhglhgl
B006EGTH6M,lhglhgl
B006AKZ6MQ,lhglhgl
B006A2TU08,lhglhgl
B0064FY1VO,lhglhgl
B00627TN6M,lhglhgl
B004RZC1WE,lhglhgl
B004FCEN0C,lhglhgl
B003UWA3VG,lhglhgl
B003QMLUV2,lhglhgl
B003F113L6,lhglhgl
B003324YZY,lhglhgl
B002NEVDGG,lhglhgl
B0029T5QMM,lhglhgl
B00NNSPJYS,lhglhgl
B00NNSPG28,lhglhgl
B00NBEVFWY,lhglhgl
B00MS7ZI8W,lhglhgl
B00ME7QOR0,lhglhgl
B00KDNYYGK,lhglhgl
B00JS6EZLC,lhglhgl
B00JNE8IDK,lhglhgl
B00HKJ7QWO,lhglhgl
B00E3P8Z3M,lhglhgl
B00E0HSA6A,lhglhgl
B009XIOV4Q,lhglhgl
B009HENWKK,lhglhgl
B0086HD0GU,lhglhgl
B007SQ920I,lhglhgl
B007R8M970,lhglhgl
B0012BXUUS,lhglhgl
B001005SQU,lhglhgl
B000ZOCDBU,lhglhgl
B000UCRI5S,lhglhgl
B000Q08SVW,lhglhgl
B000I88SY4,lhglhgl
B000GZFXXI,lhglhgl
B000CHFNV2,lhglhgl
B000AYIX1E,lhglhgl
B0009STI4C,lhglhgl
B0838V34RS,lhglhgl
B07NRRGCWK,lhglhgl
B08178T7QH,lhglhgl
B01NBW3I3R,lhglhgl
B07RYR4KLQ,lhglhgl
B08VX9PKVQ,lhglhgl
B07R7Q5GC4,lhglhgl
B07QW39ZDG,lhglhgl
B07P5F93S3,lhglhgl
B09VXMDJPW,lhglhgl
B06XDXZZ9Y,lhglhgl
B0913GPRTB,lhglhgl
B00RPUIITS,lhglhgl
B01BWO0S4U,lhglhgl
B004N8F59Q,lhglhgl
B00QJA6M5C,lhglhgl
1635448956,lhglhgl
B096T443TY,lhglhgl
B08KFM28QQ,lhglhgl
B08DCRFZ7L,lhglhgl
B0835ZY4PF,lhglhgl
B07QRP4LYW,lhglhgl
B0CN633839,lhglhgl
B0C693NQR8,lhglhgl
B0C42JC51C,lhglhgl
B09WTYW2RP,lhglhgl
B09TRCM5B9,lhglhgl
B09PVKPNJJ,lhglhgl
B09KNJZ2R3,lhglhgl
B09HXLGL16,lhglhgl
B098P4WL7M,lhglhgl
B092MB5LF6,lhglhgl
B08M8X2YVL,lhglhgl
B08M8PGG6V,lhglhgl
B08M8KF1M9,lhglhgl
B08LXZ3CCS,lhglhgl
B08LXVGRML,lhglhgl
B08LXV6TBD,lhglhgl
B08LXHXVN7,lhglhgl
B08LX61YC4,lhglhgl
B08LX616Y9,lhglhgl
B08LQYBTSY,lhglhgl
B08LQVK7M7,lhglhgl
B08LQVCJH2,lhglhgl
B08LQTX9JM,lhglhgl
B08LQSQFH2,lhglhgl
B08LQSH3WB,lhglhgl
B08LQPVCX1,lhglhgl
B092HYSKK1,lhglhgl
B092646CT9,lhglhgl
B09237LCLC,lhglhgl
B0921Y2DRX,lhglhgl
B0915QQX17,lhglhgl
B09158RXQB,lhglhgl
B08ZYTQR55,lhglhgl
B08YX9389R,lhglhgl
B08VRD952D,lhglhgl
B08SC3SJYV,lhglhgl
B08PL1T73X,lhglhgl
B08NRWCVR5,lhglhgl
B08N8K57KC,lhglhgl
B08N5X39NV,lhglhgl
B08ML2F7DS,lhglhgl
B08M8XCZDH,lhglhgl
B08LMZWY1T,lhglhgl
B08LG4X65J,lhglhgl
B08L8HNC72,lhglhgl
B08L8H5QHL,lhglhgl
B08L8GK7KF,lhglhgl
B08L8GD854,lhglhgl
B08L8G4KN8,lhglhgl
B08L8DWJ14,lhglhgl
B08L8DL9XW,lhglhgl
B08L5RLFQ8,lhglhgl
B08L5PJSHL,lhglhgl
B08L5P4571,lhglhgl
B08L5MWWC5,lhglhgl
B08L5LYL1Q,lhglhgl
B08L5LRY5S,lhglhgl
B08L5LG4QD,lhglhgl
B08JPCRZ4N,lhglhgl
B08HQWNT3P,lhglhgl
B08HQJJVH5,lhglhgl
B08HQ58Z2J,lhglhgl
B08HDFMN14,lhglhgl
B088KNT3F9,lhglhgl
B088D6HXVK,lhglhgl
B087N7PRTS,lhglhgl
B087JCZYZK,lhglhgl
B086T335NJ,lhglhgl
B086T2VD35,lhglhgl
B086T2RPL1,lhglhgl
B086T2L4VC,lhglhgl
B086T2J7HC,lhglhgl
B086T2HSY7,lhglhgl
B086T2BQ4N,lhglhgl
B085PGMLZ4,lhglhgl
B084Z26RZS,lhglhgl
B083WGJKCY,lhglhgl
B083TN794L,lhglhgl
B083SDJW6W,lhglhgl
B083GM5T91,lhglhgl
B0834Z9C9V,lhglhgl
B082YLYYKG,lhglhgl
B081CWGJBY,lhglhgl
B07ZZP95ND,lhglhgl
B07YVLFWHS,lhglhgl
B07YVKR6JN,lhglhgl
B07WKBVVM5,lhglhgl
B07TBR84SG,lhglhgl
B07RKRHXST,lhglhgl
B07PRYD5TK,lhglhgl
B086T25BSP,lhglhgl
B086T2461W,lhglhgl
B086T22C2S,lhglhgl
B086T21XZM,lhglhgl
B086T1YRND,lhglhgl
B086T1W8FN,lhglhgl
B086T1VY7T,lhglhgl
B086T1V171,lhglhgl
B086T1TFDR,lhglhgl
B086T1R43P,lhglhgl
B086T1PFJF,lhglhgl
B086T1NZSW,lhglhgl
B086SLCM1N,lhglhgl
B086GSMBC1,lhglhgl
B08691JN21,lhglhgl
B085WNBL1W,lhglhgl
B09W2JWKMT,lhglhgl
B091BPYVPW,lhglhgl
B08KZD9TDL,lhglhgl
B07TMF6KBG,lhglhgl
B08M693CSC,lhglhgl
B07RCFCYWK,lhglhgl
B012RGBV0M,lhglhgl
B012EFOEB4,lhglhgl
B00ZPIVVJ6,lhglhgl
B00VKQP5OO,lhglhgl
B00SVTAT26,lhglhgl
B00R284VNU,lhglhgl
B00QSY0FD4,lhglhgl
B00N9BZ8R2,lhglhgl
B00MSIZ65G,lhglhgl
B00I5BCBZ8,lhglhgl
B00CWKNF3A,lhglhgl
B00CJD3BDO,lhglhgl
B009S5HWNG,lhglhgl
B008UW9RFE,lhglhgl
B005OMVO9A,lhglhgl
B004KAIIFK,lhglhgl
B07N8FVGHL,lhglhgl
B07LG7JK8N,lhglhgl
B07K1TTKN7,lhglhgl
B07JNHP7JR,lhglhgl
B07DWM62XK,lhglhgl
B07CBNWW9W,lhglhgl
B0799QBSSM,lhglhgl
B0787S1DMM,lhglhgl
B07871PBQV,lhglhgl
B0776LTBDF,lhglhgl
B073R477FN,lhglhgl
B073L225Q5,lhglhgl
B06XBMCLRR,lhglhgl
B01L7UUDEO,lhglhgl
B01KVSDVFQ,lhglhgl
B016K0866S,lhglhgl
B003UW47X6,lhglhgl
B0024TRRRE,lhglhgl
B001ULX8YS,lhglhgl
B001KVW7CC,lhglhgl
B000VLH1Z0,lhglhgl
B000UOG83Y,lhglhgl
B000UGSWTU,lhglhgl
B000EMD2MC,lhglhgl
B000BPB4FE,lhglhgl
B000BO8ODA,lhglhgl
B00014X3JU,lhglhgl
B09R29J4PC,lhglhgl
B0794FCSNK,lhglhgl
B08BS3WRLN,lhglhgl
B01LWUL3RS,lhglhgl
B07TVR34VS,lhglhgl
B00OMG1A9I,lhglhgl
B07WYC2G3D,lhglhgl
B004N8CZ9O,lhglhgl
B004W7T70G,lhglhgl
1635446724,lhglhgl
B012TJG256,lhglhgl
B09KDRVTLS,lhglhgl
B0BRM4K7MG,lhglhgl
B09KLDG8PQ,lhglhgl
B09HY37FKC,lhglhgl
B01HEMODG8,lhglhgl
B08F9FD8BB,lhglhgl
B07FXG1541,lhglhgl
B00UR98EE8,lhglhgl
B09HWP2Y4D,lhglhgl
B08LQ3VZ6W,lhglhgl
B09BRHXB64,lhglhgl
B01N6O0IRX,lhglhgl
B094PD3KTZ,lhglhgl
B076NZCHRC,lhglhgl
B07ZFZDQBS,lhglhgl
B09K4H84D6,lhglhgl
B076P2M1XT,lhglhgl
B08XX37JX5,lhglhgl
B0928PM89K,lhglhgl
B008YLBLDM,lhglhgl
B07YBDF8TH,lhglhgl
B08NQ1Z19M,lhglhgl
B00LVRRE6O,lhglhgl
B08P34MH1M,lhglhgl
B09T3D1226,lhglhgl
B07PT1FKT7,lhglhgl
B097Y8356T,lhglhgl
B01JKZ1VXA,lhglhgl
B097B5F9LK,lhglhgl
B0CBD3VTVG,lhglhgl
B08Z2525X3,lhglhgl
B082YJDWL3,lhglhgl
B08Q8H397W,lhglhgl
B09CYHS8QD,lhglhgl
B083WTVY95,lhglhgl
B09W8MSYJK,lhglhgl
B07JV8D3N4,lhglhgl
B0859VZ53W,lhglhgl
B07DBKW4ZK,lhglhgl
B00029WSV8,lhglhgl
B01BIS2NLG,lhglhgl
B0C78K7P7S,lhglhgl
B00OMG1M78,lhglhgl
B08128SYBF,lhglhgl
B00M38NMUW,lhglhgl
B08L64SY6V,lhglhgl
B00KRB6B4G,lhglhgl
B08N5BZ2R3,lhglhgl
B00E1P8Z84,lhglhgl
B002VW3OVC,lhglhgl
B00BC0WJQ0,lhglhgl
B08D5TP73R,lhglhgl
B00AEE61MI,lhglhgl
B07N8VRDZW,lhglhgl
B0090R8VO6,lhglhgl
1586507990,lhglhgl
B085XRPMPS,lhglhgl
B078R35KHN,lhglhgl
B0BD6HBK8W,lhglhgl
B0927HQW86,lhglhgl
B089MYPPCH,lhglhgl
B07CLFS2YD,lhglhgl
B000WS0118,lhglhgl
B08MWQG55H,lhglhgl
B08MSKKMWM,lhglhgl
B08MLN7S4R,lhglhgl
B08M9TN9NQ,lhglhgl
B08M8ZMRFY,lhglhgl
B08M1418Y4,lhglhgl
B08LPXP7NP,lhglhgl
B08LN45CFN,lhglhgl
B08LJMCS23,lhglhgl
B08LDZRTHC,lhglhgl
B08L8DZLKJ,lhglhgl
B08L5QHMZ1,lhglhgl
B08L5CCXYX,lhglhgl
B08KFHCKRC,lhglhgl
B08JPW5KNF,lhglhgl
B08HV8C34Q,lhglhgl
B09G18939Y,lhglhgl
B09F9XW3PP,lhglhgl
B09F21QJPP,lhglhgl
B09DKL3LM9,lhglhgl
B099DHN4VL,lhglhgl
B098J7LNLC,lhglhgl
B093PSF29L,lhglhgl
B092NQYXGN,lhglhgl
B092MYGWLX,lhglhgl
B092HLJ228,lhglhgl
B092DD2YT6,lhglhgl
B0924CNMKY,lhglhgl
B091BVFJB7,lhglhgl
B091BN5LGZ,lhglhgl
B08YXVS31K,lhglhgl
B08YRQNH78,lhglhgl
B092359SX9,lhglhgl
B08LF35BDH,lhglhgl
B078XMXTKC,lhglhgl
B01B9W2DPM,lhglhgl
B010LPBN6S,lhglhgl
B000CQ212M,lhglhgl
B0CGZQMW2C,lhglhgl
B0B764C11T,lhglhgl
B0B724TNR1,lhglhgl
B0B721BJR5,lhglhgl
B09WDQNMFY,lhglhgl
B09VYBNV55,lhglhgl
B09VBV6GTV,lhglhgl
B09PB6RVW3,lhglhgl
B09MVKF7CL,lhglhgl
B09KQZQYG3,lhglhgl
B08HV7RK4V,lhglhgl
B08HSKYYWD,lhglhgl
B08G1X7GX1,lhglhgl
B08FF6NCD6,lhglhgl
B08BTR9Q44,lhglhgl
B087N5SVNY,lhglhgl
B087L4X62W,lhglhgl
B087L2FMFW,lhglhgl
B087KRL6F7,lhglhgl
B087KMJKLJ,lhglhgl
B086Q41H4H,lhglhgl
B086952H36,lhglhgl
B085HKQ77D,lhglhgl
B085G5BBYZ,lhglhgl
B0848TN7VH,lhglhgl
B0835YJF8W,lhglhgl
B082SM1YFC,lhglhgl
B081GM5ZJK,lhglhgl
B081GHQ37T,lhglhgl
B081GDRY9C,lhglhgl
B081GDH6CK,lhglhgl
B081GBRKCK,lhglhgl
B081GBN8PY,lhglhgl
B07V8N3VWF,lhglhgl
B07TT27N4D,lhglhgl
B07R6898HZ,lhglhgl
B07QB5Z8X5,lhglhgl
B07P6Y9MP5,lhglhgl
B07LB6D6SM,lhglhgl
B07L5ZNK1D,lhglhgl
B07L52JCTF,lhglhgl
B07KQQ8NTD,lhglhgl
