item,source
B07YLC33BK,A1OJ2PZFQYGM25
B07YKYBKTG,A1OJ2PZFQYGM25
B07XT2FS6K,A1OJ2PZFQYGM25
B07XDMXS3S,A1OJ2PZFQYGM25
B01HP1N4IG,A1OJ2PZFQYGM25
B01HFPJBWA,A1OJ2PZFQYGM25
B01H50JDUK,A1OJ2PZFQYGM25
B01FJE1VXQ,A1OJ2PZFQYGM25
B01BN90COA,A1OJ2PZFQYGM25
B01BN8ZEUI,A1OJ2PZFQYGM25
B0195V27H8,A1OJ2PZFQYGM25
B0194CUZZY,A1OJ2PZFQYGM25
B017Y3T092,A1OJ2PZFQYGM25
B017Y3SCJG,A1OJ2PZFQYGM25
B016OPM80O,A1OJ2PZFQYGM25
B014PVQQ98,A1OJ2PZFQYGM25
B012DRZ3R2,A1OJ2PZFQYGM25
B00XQDWODY,A1OJ2PZFQYGM25
B00QX7GBAM,A1OJ2PZFQYGM25
B00QSESUQ8,A1OJ2PZFQYGM25
B001OD0UZM,A1OJ2PZFQYGM25
B000XD9XNO,A1OJ2PZFQYGM25
B000PJ5DAI,A1OJ2PZFQYGM25
B000PIUY7Q,A1OJ2PZFQYGM25
B000O3G6Z6,A1OJ2PZFQYGM25
B000LESTQC,A1OJ2PZFQYGM25
B000EQE40M,A1OJ2PZFQYGM25
B000CONV14,A1OJ2PZFQYGM25
B000BQSVB8,A1OJ2PZFQYGM25
B000BME2H4,A1OJ2PZFQYGM25
B000AO7E0K,A1OJ2PZFQYGM25
B0001M3KI6,A1OJ2PZFQYGM25
B0000VLE0E,A1OJ2PZFQYGM25
B00007E8FL,A1OJ2PZFQYGM25
B00M7S5VKW,A1OJ2PZFQYGM25
B00GK6J0RM,A1OJ2PZFQYGM25
B00FX961T2,A1OJ2PZFQYGM25
B00E3KNOD8,A1OJ2PZFQYGM25
B00CS12OCQ,A1OJ2PZFQYGM25
B00CC6XX7M,A1OJ2PZFQYGM25
B00B2QW89C,A1OJ2PZFQYGM25
B00AZX4KIK,A1OJ2PZFQYGM25
B0083TPRB2,A1OJ2PZFQYGM25
B007TA9N7A,A1OJ2PZFQYGM25
B007STKSFI,A1OJ2PZFQYGM25
B005IZ4ZNA,A1OJ2PZFQYGM25
B004UIDOLK,A1OJ2PZFQYGM25
B004UIDIW0,A1OJ2PZFQYGM25
B004P51I2K,A1OJ2PZFQYGM25
B004OLTZR0,A1OJ2PZFQYGM25
B0002XQKOU,A1OJ2PZFQYGM25
B092D5VL65,A1OJ2PZFQYGM25
B08TBL2D3C,A1OJ2PZFQYGM25
B07XXTQ3FR,A1OJ2PZFQYGM25
9350943190,A1OJ2PZFQYGM25
B087TL19PP,A1OJ2PZFQYGM25
B008DWG0CY,A1OJ2PZFQYGM25
B004HYRN9Q,A1OJ2PZFQYGM25
B004BTGG5E,A1OJ2PZFQYGM25
B004BPGZJU,A1OJ2PZFQYGM25
B004BDOJ68,A1OJ2PZFQYGM25
B00451YAL0,A1OJ2PZFQYGM25
B003VAX2H4,A1OJ2PZFQYGM25
B003UT4JVY,A1OJ2PZFQYGM25
B003LP88GY,A1OJ2PZFQYGM25
B0031BHM5G,A1OJ2PZFQYGM25
B0031BAG2M,A1OJ2PZFQYGM25
B0031BADG6,A1OJ2PZFQYGM25
B0030GWIJM,A1OJ2PZFQYGM25
B002YM30HM,A1OJ2PZFQYGM25
B002VJ1FFW,A1OJ2PZFQYGM25
B002MJBQKK,A1OJ2PZFQYGM25
B002BX53WY,A1OJ2PZFQYGM25
B07T9F35QK,A1OJ2PZFQYGM25
B000Q6KSUU,A1OJ2PZFQYGM25
B0B23G36T1,A1OJ2PZFQYGM25
B000OONP0Y,A1OJ2PZFQYGM25
B092D5VVKS,A1OJ2PZFQYGM25
B00BTQ6BXO,A1OJ2PZFQYGM25
B013AWCGM4,A1OJ2PZFQYGM25
B004N0IZNC,A1OJ2PZFQYGM25
B0006D5Z88,A1OJ2PZFQYGM25
B0143UE82S,A1OJ2PZFQYGM25
B07X8K8VPX,A1OJ2PZFQYGM25
B003DZAM5C,A1OJ2PZFQYGM25
B07VXHL8TW,A1OJ2PZFQYGM25
B07X7KTYRH,A1OJ2PZFQYGM25
4003025733,A1OJ2PZFQYGM25
B005OPL9DS,A1OJ2PZFQYGM25
B00IRX5WTG,A1OJ2PZFQYGM25
B0013Z9F7A,A1OJ2PZFQYGM25
B07W91SLSC,A1OJ2PZFQYGM25
B09QZV8RPT,A1OJ2PZFQYGM25
B0BHY551YH,A1OJ2PZFQYGM25
B07WZ31CFK,A1OJ2PZFQYGM25
B000THX448,A1OJ2PZFQYGM25
B01LX5NTI4,A1OJ2PZFQYGM25
B000ALY4FG,A1OJ2PZFQYGM25
B07TK12TD4,A1OJ2PZFQYGM25
B096SZ7GNX,A1OJ2PZFQYGM25
B07CKJD422,A1OJ2PZFQYGM25
B07YD8Z6BP,A1OJ2PZFQYGM25
B07QW5DVKD,A1OJ2PZFQYGM25
B0BKL68RJZ,A1OJ2PZFQYGM25
B07YHZHX8Y,A1OJ2PZFQYGM25
9386832356,A1OJ2PZFQYGM25
B000TWKUN6,A1OJ2PZFQYGM25
B082SHNQJL,A1OJ2PZFQYGM25
7533258762,A1OJ2PZFQYGM25
B002JODUSY,A1OJ2PZFQYGM25
B07XBSLT5J,A1OJ2PZFQYGM25
B0018CJNEI,A1OJ2PZFQYGM25
B004KZH5IQ,A1OJ2PZFQYGM25
B0036SDG8G,A1OJ2PZFQYGM25
B09JN5QX2H,A1OJ2PZFQYGM25
B0C59B3HKP,A1OJ2PZFQYGM25
B07Z5RV4BY,A1OJ2PZFQYGM25
B002SBN3U8,A1OJ2PZFQYGM25
B0181OBHYO,A1OJ2PZFQYGM25
B0C1NHH5MP,A1OJ2PZFQYGM25
B088KG5G1T,A1OJ2PZFQYGM25
B001CFY5D0,A1OJ2PZFQYGM25
B002DPJEKM,A1OJ2PZFQYGM25
B07ZD5G675,A1OJ2PZFQYGM25
B0882PDWLF,A1OJ2PZFQYGM25
B000XHETFW,A1OJ2PZFQYGM25
B07YLCR1QW,A1OJ2PZFQYGM25
B07YP9T6LC,A1OJ2PZFQYGM25
B01H3AB34G,A1OJ2PZFQYGM25
B000MX7SWS,A1OJ2PZFQYGM25
B0049SCS72,A1OJ2PZFQYGM25
B0042LKQDO,A1OJ2PZFQYGM25
B001CNPGV2,A1OJ2PZFQYGM25
B000GTXQE2,A1OJ2PZFQYGM25
B0BVVWCV6J,A1OJ2PZFQYGM25
B0BCW27TSJ,A1OJ2PZFQYGM25
B0B3LMQW3T,A1OJ2PZFQYGM25
B09YPRWWRG,A1OJ2PZFQYGM25
B09SHKFLVC,A1OJ2PZFQYGM25
B0994V8J22,A1OJ2PZFQYGM25
B0983R8Z8D,A1OJ2PZFQYGM25
B097QL9ZLS,A1OJ2PZFQYGM25
B097P2P8XH,A1OJ2PZFQYGM25
B097GW525K,A1OJ2PZFQYGM25
B097CMSSVR,A1OJ2PZFQYGM25
B096L7FQNG,A1OJ2PZFQYGM25
B094N7SQFX,A1OJ2PZFQYGM25
B093MK1SGC,A1OJ2PZFQYGM25
B092W41FF4,A1OJ2PZFQYGM25
B09168T2H8,A1OJ2PZFQYGM25
B08ZSN5XBC,A1OJ2PZFQYGM25
B08XMS2RDM,A1OJ2PZFQYGM25
B08WWRL15W,A1OJ2PZFQYGM25
B08VW334NZ,A1OJ2PZFQYGM25
B08Q2D8HZB,A1OJ2PZFQYGM25
B08P22XNM2,A1OJ2PZFQYGM25
B08N6MLKGC,A1OJ2PZFQYGM25
B08L6FTQYB,A1OJ2PZFQYGM25
B08H5HBPWH,A1OJ2PZFQYGM25
B08GSR68VP,A1OJ2PZFQYGM25
B08GSPMGWH,A1OJ2PZFQYGM25
B08FVTZG9T,A1OJ2PZFQYGM25
B094FJFS4B,A1OJ2PZFQYGM25
B07VV6ZZVZ,A1OJ2PZFQYGM25
B01HQLGAWW,A1OJ2PZFQYGM25
B01DCO3TYO,A1OJ2PZFQYGM25
B0BF953QVY,A1OJ2PZFQYGM25
B07YLYZM8L,A1OJ2PZFQYGM25
B07F167S5B,A1OJ2PZFQYGM25
B0758CC26J,A1OJ2PZFQYGM25
B09C7P8VFC,A1OJ2PZFQYGM25
B088FV3K3P,A1OJ2PZFQYGM25
B085GL6F6L,A1OJ2PZFQYGM25
B07Z7KGY5Y,A1OJ2PZFQYGM25
B07T58VN7H,A1OJ2PZFQYGM25
B002VFJSN2,A1OJ2PZFQYGM25
B000GTO1QO,A1OJ2PZFQYGM25
B09YS7RBB1,A1OJ2PZFQYGM25
B07ZCBTS46,A1OJ2PZFQYGM25
B07Z95N49V,A1OJ2PZFQYGM25
B07Z9454B5,A1OJ2PZFQYGM25
B07Z7QL374,A1OJ2PZFQYGM25
B07YYP188W,A1OJ2PZFQYGM25
B07YSSGNQL,A1OJ2PZFQYGM25
B07YM1NWX5,A1OJ2PZFQYGM25
B07YCTCKQ1,A1OJ2PZFQYGM25
B07Y8S2W6V,A1OJ2PZFQYGM25
B07Y4ZGSMK,A1OJ2PZFQYGM25
B07Y2B2TWG,A1OJ2PZFQYGM25
B07XP7LGS3,A1OJ2PZFQYGM25
B07X9Z2T6Z,A1OJ2PZFQYGM25
B07WXRYDFR,A1OJ2PZFQYGM25
B07WJVX7JT,A1OJ2PZFQYGM25
B07WGYRZN2,A1OJ2PZFQYGM25
B08F2BG47X,A1OJ2PZFQYGM25
B08CQ323DK,A1OJ2PZFQYGM25
B08BR3DL4L,A1OJ2PZFQYGM25
B08BF1NJWW,A1OJ2PZFQYGM25
B08B9KB2H8,A1OJ2PZFQYGM25
B089VZYG7D,A1OJ2PZFQYGM25
B089QL2WGL,A1OJ2PZFQYGM25
B089NJN7Q1,A1OJ2PZFQYGM25
B088Q52QP8,A1OJ2PZFQYGM25
B088NGK7HM,A1OJ2PZFQYGM25
B088BFSDKL,A1OJ2PZFQYGM25
B087NTJ7X5,A1OJ2PZFQYGM25
B084JCZR5Z,A1OJ2PZFQYGM25
B07ZQM9HM9,A1OJ2PZFQYGM25
B07ZG13G8W,A1OJ2PZFQYGM25
B07ZF513QW,A1OJ2PZFQYGM25
B098HXZRGJ,A1OJ2PZFQYGM25
B08Y639YGX,A1OJ2PZFQYGM25
B08M9TSFJ4,A1OJ2PZFQYGM25
B085GL1HYL,A1OJ2PZFQYGM25
B07Y8TWTFN,A1OJ2PZFQYGM25
B074R83T1B,A1OJ2PZFQYGM25
B01HLZX31E,A1OJ2PZFQYGM25
B0183G40AI,A1OJ2PZFQYGM25
B00BI29DZC,A1OJ2PZFQYGM25
B000CGHQW2,A1OJ2PZFQYGM25
B09245MC3R,A1OJ2PZFQYGM25
B0842Z1P7F,A1OJ2PZFQYGM25
B07W83CFFQ,A1OJ2PZFQYGM25
B07VKF56BS,A1OJ2PZFQYGM25
B07TZMHMGG,A1OJ2PZFQYGM25
B01LZO0ZVP,A1OJ2PZFQYGM25
B0194CURQQ,A1OJ2PZFQYGM25
B0181KGAR2,A1OJ2PZFQYGM25
B017Y3Q09A,A1OJ2PZFQYGM25
B0119T1D92,A1OJ2PZFQYGM25
B00Y4VFUU6,A1OJ2PZFQYGM25
B00S3QDZ0K,A1OJ2PZFQYGM25
B00QQIR9PO,A1OJ2PZFQYGM25
B00QQIPH5I,A1OJ2PZFQYGM25
B00PB9OUC4,A1OJ2PZFQYGM25
B00I9WR9DW,A1OJ2PZFQYGM25
B00DKA39M8,A1OJ2PZFQYGM25
B00BITRB4U,A1OJ2PZFQYGM25
B00B451HRA,A1OJ2PZFQYGM25
B00A2BK7LY,A1OJ2PZFQYGM25
B008CPFM3U,A1OJ2PZFQYGM25
B007SY3X7I,A1OJ2PZFQYGM25
B07K2G75PD,A1OJ2PZFQYGM25
B07BVLQ315,A1OJ2PZFQYGM25
B0779XH6PH,A1OJ2PZFQYGM25
B0747S2PLM,A1OJ2PZFQYGM25
B0735C446H,A1OJ2PZFQYGM25
B01N9NEM4A,A1OJ2PZFQYGM25
B01LY9Z6LP,A1OJ2PZFQYGM25
B01LWPYI2D,A1OJ2PZFQYGM25
B01L32L2P0,A1OJ2PZFQYGM25
B01KGHHVSU,A1OJ2PZFQYGM25
B01KEHSCGC,A1OJ2PZFQYGM25
B01HH1EQNG,A1OJ2PZFQYGM25
B01HDH0EIA,A1OJ2PZFQYGM25
B01H6P7GMQ,A1OJ2PZFQYGM25
B01H5G3UZ8,A1OJ2PZFQYGM25
B01BNJWEB4,A1OJ2PZFQYGM25
B07ZJ32MFJ,A1OJ2PZFQYGM25
B07W6WK4F6,A1OJ2PZFQYGM25
B0061PIRGW,A1OJ2PZFQYGM25
B000J10HLW,A1OJ2PZFQYGM25
B07QXGCGSL,A1OJ2PZFQYGM25
B006WSZUNG,A1OJ2PZFQYGM25
B000C7Z9U2,A1OJ2PZFQYGM25
B000001L4O,A1OJ2PZFQYGM25
B089VWNTXX,A1OJ2PZFQYGM25
B0BL1TC7W8,A1OJ2PZFQYGM25
B000QYK9CE,A1OJ2PZFQYGM25
073537578X,A1OJ2PZFQYGM25
B00L1L4NSC,A1OJ2PZFQYGM25
B01HQZWB44,A1OJ2PZFQYGM25
B000CPK364,A1OJ2PZFQYGM25
B085GLB1BL,A1OJ2PZFQYGM25
B07VZ89GPR,A1OJ2PZFQYGM25
B07VYYPSDN,A1OJ2PZFQYGM25
B07VYPQ7MC,A1OJ2PZFQYGM25
B07VY56659,A1OJ2PZFQYGM25
B07VWYXYW4,A1OJ2PZFQYGM25
B07VQGSXTK,A1OJ2PZFQYGM25
B07TQMH9KM,A1OJ2PZFQYGM25
B07S3KQP7R,A1OJ2PZFQYGM25
B07S39H3MG,A1OJ2PZFQYGM25
B07S1HKYBK,A1OJ2PZFQYGM25
B07QPSHHQW,A1OJ2PZFQYGM25
B07QNL86JN,A1OJ2PZFQYGM25
B07NJ9HWT2,A1OJ2PZFQYGM25
B07N8Y46X8,A1OJ2PZFQYGM25
B07N334XRH,A1OJ2PZFQYGM25
B07M5Y3M5S,A1OJ2PZFQYGM25
B005JVNSAE,A1OJ2PZFQYGM25
B005JVFXRK,A1OJ2PZFQYGM25
B005D9J38S,A1OJ2PZFQYGM25
B0053PT8TQ,A1OJ2PZFQYGM25
B004Q6RH2I,A1OJ2PZFQYGM25
B003UPBAJW,A1OJ2PZFQYGM25
B003N17JT8,A1OJ2PZFQYGM25
B003AH2WGA,A1OJ2PZFQYGM25
B00317BKDU,A1OJ2PZFQYGM25
B00315PMUO,A1OJ2PZFQYGM25
B002YKRMDW,A1OJ2PZFQYGM25
B002YKK74I,A1OJ2PZFQYGM25
B002YKIVIC,A1OJ2PZFQYGM25
B002VJ1KGQ,A1OJ2PZFQYGM25
B002VB1QYA,A1OJ2PZFQYGM25
B002Q37K6Q,A1OJ2PZFQYGM25
B002M0DA3U,A1OJ2PZFQYGM25
B002IXPA8E,A1OJ2PZFQYGM25
B001QPNRQ2,A1OJ2PZFQYGM25
B001P25MMI,A1OJ2PZFQYGM25
B001E7CCFY,A1OJ2PZFQYGM25
B001CWFAFK,A1OJ2PZFQYGM25
B001ANW8KQ,A1OJ2PZFQYGM25
B0017XFHLG,A1OJ2PZFQYGM25
B0016ODL7I,A1OJ2PZFQYGM25
B001397R58,A1OJ2PZFQYGM25
B000JKBEKQ,A1OJ2PZFQYGM25
B000JJI5EU,A1OJ2PZFQYGM25
B000G33Q98,A1OJ2PZFQYGM25
B000FPCLQQ,A1OJ2PZFQYGM25
B000CSPCK8,A1OJ2PZFQYGM25
B000CPLPBQ,A1OJ2PZFQYGM25
B000BVPW74,A1OJ2PZFQYGM25
B0002ED18M,A1OJ2PZFQYGM25
B0000AVCCZ,A1OJ2PZFQYGM25
1560378077,A1OJ2PZFQYGM25
057816261X,A1OJ2PZFQYGM25
B082PD5LFG,A1OJ2PZFQYGM25
B091CPQZYZ,A1OJ2PZFQYGM25
B001NZO94E,A1OJ2PZFQYGM25
B0BWF956PB,A1OJ2PZFQYGM25
B07BR6MM7Y,A1OJ2PZFQYGM25
B003XIJ8RC,A1OJ2PZFQYGM25
B07YZHF2FR,A1OJ2PZFQYGM25
B07QGZKQRX,A1OJ2PZFQYGM25
B003NQXVQI,A1OJ2PZFQYGM25
B08JTHCPRV,A1OJ2PZFQYGM25
B07NM8ZQTR,A1OJ2PZFQYGM25
B01M0W8I5O,A1OJ2PZFQYGM25
B09GY391WJ,A1OJ2PZFQYGM25
B0C27QMVJ8,A1OJ2PZFQYGM25
B0BW6V4W2F,A1OJ2PZFQYGM25
B09JBTP3R2,A1OJ2PZFQYGM25
B01LXHJHIG,A1OJ2PZFQYGM25
B00K7VRE7E,A1OJ2PZFQYGM25
B079D6P26P,A1OJ2PZFQYGM25
B01FM0JZC6,A1OJ2PZFQYGM25
B01LC4Q5C4,A1OJ2PZFQYGM25
B000GTLYPK,A1OJ2PZFQYGM25
B0141MJ684,A1OJ2PZFQYGM25
B07HH2N6D3,A1OJ2PZFQYGM25
B07R1JJTVC,A1OJ2PZFQYGM25
B07ZP15SRC,A1OJ2PZFQYGM25
B01LZ75ML5,A1OJ2PZFQYGM25
B000255NOQ,A1OJ2PZFQYGM25
B003YJPHMA,A1OJ2PZFQYGM25
B095BY2CMH,A1OJ2PZFQYGM25
B0868JDPLZ,A1OJ2PZFQYGM25
B07TZH3PNC,A1OJ2PZFQYGM25
B08V5C84W3,A1OJ2PZFQYGM25
B085TM8TWP,A1OJ2PZFQYGM25
B000TXNBUY,A1OJ2PZFQYGM25
B0843Y5W2K,A1OJ2PZFQYGM25
B001DM3QPU,A1OJ2PZFQYGM25
B07WVRRX8S,A1OJ2PZFQYGM25
8194613744,A1OJ2PZFQYGM25
B071P448DL,A1OJ2PZFQYGM25
B00ICABALS,A1OJ2PZFQYGM25
B07WVXNBKM,A1OJ2PZFQYGM25
B07WNKLLJZ,A1OJ2PZFQYGM25
B00OHUW7UU,A1OJ2PZFQYGM25
B000AOPFVA,A1OJ2PZFQYGM25
B073VBDCHJ,A1OJ2PZFQYGM25
B01MA1T2AF,A1OJ2PZFQYGM25
B0C2C9XS5W,A1OJ2PZFQYGM25
B00B3TUD90,A1OJ2PZFQYGM25
B0B929B7SW,A1OJ2PZFQYGM25
B093TSR1NK,A1OJ2PZFQYGM25
B086B932SN,A1OJ2PZFQYGM25
B07Z7W45RQ,A1OJ2PZFQYGM25
B07YXP27ZQ,A1OJ2PZFQYGM25
B07Q727L4H,A1OJ2PZFQYGM25
B07PG53XW2,A1OJ2PZFQYGM25
B07G1YZT1V,A1OJ2PZFQYGM25
B00JDRS86E,A1OJ2PZFQYGM25
B0006TU9M4,A1OJ2PZFQYGM25
B0006TU9I8,A1OJ2PZFQYGM25
B0C1BRYWGS,A1OJ2PZFQYGM25
B0BVLXWR2P,A1OJ2PZFQYGM25
B0B7JXP9F7,A1OJ2PZFQYGM25
B09T65QF9D,A1OJ2PZFQYGM25
B089K88VYQ,A1OJ2PZFQYGM25
B0BFGVPTXP,A1OJ2PZFQYGM25
B07KM37FMH,A1OJ2PZFQYGM25
B0BZBYX4M7,A1OJ2PZFQYGM25
B0896ZRK4Z,A1OJ2PZFQYGM25
B001DCIR2W,A1OJ2PZFQYGM25
B015UU2LGA,A1OJ2PZFQYGM25
B07PGGLRYR,A1OJ2PZFQYGM25
B07QK9X3G2,A1OJ2PZFQYGM25
B07ZHXPXXY,A1OJ2PZFQYGM25
B003YF9Q30,A1OJ2PZFQYGM25
B07Y3WQ9XQ,A1OJ2PZFQYGM25
B004FWYCXA,A1OJ2PZFQYGM25
B00125WASW,A1OJ2PZFQYGM25
B00176D5G2,A1OJ2PZFQYGM25
B000VNMMSY,A1OJ2PZFQYGM25
B08GPCS152,A1OJ2PZFQYGM25
B08FRQ54L1,A1OJ2PZFQYGM25
B08CZYKMDD,A1OJ2PZFQYGM25
B08CY56FQX,A1OJ2PZFQYGM25
B08BNS15BV,A1OJ2PZFQYGM25
B08BC6RLW5,A1OJ2PZFQYGM25
B08B8VT6BR,A1OJ2PZFQYGM25
B08B8PZ6LM,A1OJ2PZFQYGM25
B08B4GL9JC,A1OJ2PZFQYGM25
B089VHB1H9,A1OJ2PZFQYGM25
B089LY463C,A1OJ2PZFQYGM25
B088WHRVX3,A1OJ2PZFQYGM25
B088SCBV8J,A1OJ2PZFQYGM25
B088RDKP5W,A1OJ2PZFQYGM25
B088CRFBJ1,A1OJ2PZFQYGM25
B0885YPZ7Z,A1OJ2PZFQYGM25
B09B3J59JG,A1OJ2PZFQYGM25
B098WZLLKH,A1OJ2PZFQYGM25
B0963VTHNV,A1OJ2PZFQYGM25
B0932XXMPY,A1OJ2PZFQYGM25
B0924XG5LY,A1OJ2PZFQYGM25
B091NPHLTP,A1OJ2PZFQYGM25
B0911TRM9L,A1OJ2PZFQYGM25
B08ZSV9RKQ,A1OJ2PZFQYGM25
B08ZLK9915,A1OJ2PZFQYGM25
B08Z73DM5P,A1OJ2PZFQYGM25
B08Z3GMS5D,A1OJ2PZFQYGM25
B08S3KDW1R,A1OJ2PZFQYGM25
B08RYGJBSP,A1OJ2PZFQYGM25
B08P4H1T8Y,A1OJ2PZFQYGM25
B08NWXMQTM,A1OJ2PZFQYGM25
B08LQW24B8,A1OJ2PZFQYGM25
B0882R3718,A1OJ2PZFQYGM25
B087T4V49B,A1OJ2PZFQYGM25
B0848QRGX8,A1OJ2PZFQYGM25
B083GQWSVG,A1OJ2PZFQYGM25
B082TRXYGD,A1OJ2PZFQYGM25
B082LQJCCT,A1OJ2PZFQYGM25
B082CZLS3D,A1OJ2PZFQYGM25
B082CXYSRZ,A1OJ2PZFQYGM25
B081CVYR8V,A1OJ2PZFQYGM25
B07ZS9TDN3,A1OJ2PZFQYGM25
B07ZPKX4XJ,A1OJ2PZFQYGM25
B07ZKTDN3H,A1OJ2PZFQYGM25
B07ZJTNQSY,A1OJ2PZFQYGM25
B07Z5SS6HR,A1OJ2PZFQYGM25
B07Z39PDHY,A1OJ2PZFQYGM25
B07Z2MC4WF,A1OJ2PZFQYGM25
B07YXQWF5T,A1OJ2PZFQYGM25
B07YXQLJW1,A1OJ2PZFQYGM25
B07YXPXX3M,A1OJ2PZFQYGM25
B07YLZL5KS,A1OJ2PZFQYGM25
B07Y1B358R,A1OJ2PZFQYGM25
B07XWL597P,A1OJ2PZFQYGM25
B07X4M9639,A1OJ2PZFQYGM25
B07WDR951P,A1OJ2PZFQYGM25
B07W7HK21G,A1OJ2PZFQYGM25
B07W499FM4,A1OJ2PZFQYGM25
B07W3BC3CN,A1OJ2PZFQYGM25
B07W1WCXXS,A1OJ2PZFQYGM25
B07VV2DJCC,A1OJ2PZFQYGM25
B07VS2T5VW,A1OJ2PZFQYGM25
B07VMRR23W,A1OJ2PZFQYGM25
B07TP39D3B,A1OJ2PZFQYGM25
B01KNAEJEO,A1OJ2PZFQYGM25
B01JYIV9BM,A1OJ2PZFQYGM25
B01IEYPVDO,A1OJ2PZFQYGM25
B01HIS103M,A1OJ2PZFQYGM25
B01D3OBTL8,A1OJ2PZFQYGM25
B017YU9PCW,A1OJ2PZFQYGM25
B01708B3BY,A1OJ2PZFQYGM25
B014BC2RYE,A1OJ2PZFQYGM25
B0145K6CVG,A1OJ2PZFQYGM25
B011FDFD1G,A1OJ2PZFQYGM25
B00W1UCSUW,A1OJ2PZFQYGM25
B00U3SJIQ6,A1OJ2PZFQYGM25
B00R6KGY8O,A1OJ2PZFQYGM25
B00QMAQ4K2,A1OJ2PZFQYGM25
B00O8ZUKRQ,A1OJ2PZFQYGM25
B00KTR9FU0,A1OJ2PZFQYGM25
B00K878GMY,A1OJ2PZFQYGM25
B00K2C8MVK,A1OJ2PZFQYGM25
B00ICOBPHS,A1OJ2PZFQYGM25
B00GKW1FQK,A1OJ2PZFQYGM25
B00FX9EMZ2,A1OJ2PZFQYGM25
B00CXK0QEK,A1OJ2PZFQYGM25
B00CAODQO6,A1OJ2PZFQYGM25
B00BSYSNH4,A1OJ2PZFQYGM25
B00B2IEAL4,A1OJ2PZFQYGM25
B006P891HY,A1OJ2PZFQYGM25
B006NKA98Y,A1OJ2PZFQYGM25
B0055DOLCK,A1OJ2PZFQYGM25
B0052XKXAW,A1OJ2PZFQYGM25
B004Y7538O,A1OJ2PZFQYGM25
B004UUG1JA,A1OJ2PZFQYGM25
B004OA7J2O,A1OJ2PZFQYGM25
B003VZI5WQ,A1OJ2PZFQYGM25
B003TPJC8O,A1OJ2PZFQYGM25
B003TPGMIW,A1OJ2PZFQYGM25
B003MSOTC2,A1OJ2PZFQYGM25
B003H2HNQW,A1OJ2PZFQYGM25
B003E1XV9O,A1OJ2PZFQYGM25
B002YKK3BU,A1OJ2PZFQYGM25
B002KXBX1K,A1OJ2PZFQYGM25
B002ION9QI,A1OJ2PZFQYGM25
B002F06D8G,A1OJ2PZFQYGM25
B002AMU9G6,A1OJ2PZFQYGM25
B001TG9MDA,A1OJ2PZFQYGM25
B00144B3G6,A1OJ2PZFQYGM25
B000KNJDPA,A1OJ2PZFQYGM25
B000HD9X9O,A1OJ2PZFQYGM25
B000GLKPPS,A1OJ2PZFQYGM25
9587041453,A1OJ2PZFQYGM25
B004R56XBY,A1OJ2PZFQYGM25
B084RMHQVJ,A1OJ2PZFQYGM25
1635446767,A1OJ2PZFQYGM25
B009LE25UO,A1OJ2PZFQYGM25
B07PFR1C49,A1OJ2PZFQYGM25
9506413525,A1OJ2PZFQYGM25
B0033LVAJ8,A1OJ2PZFQYGM25
B099WNJSTK,A1OJ2PZFQYGM25
B001B8TKG0,A1OJ2PZFQYGM25
B082J2KZC6,A1OJ2PZFQYGM25
B07XX1WTX2,A1OJ2PZFQYGM25
B06WP53PSG,A1OJ2PZFQYGM25
B01KQ0D3M0,A1OJ2PZFQYGM25
B07ZS2V9JQ,A1OJ2PZFQYGM25
B001TI307W,A1OJ2PZFQYGM25
B01BKO7CJG,A1OJ2PZFQYGM25
B002OID4TA,A1OJ2PZFQYGM25
B089Y3MJSX,A1OJ2PZFQYGM25
B089M6L43R,A1OJ2PZFQYGM25
B001H5ZRBY,A1OJ2PZFQYGM25
B01K7MWGZW,A1OJ2PZFQYGM25
B08C4TN3BY,A1OJ2PZFQYGM25
B000S0GYPC,A1OJ2PZFQYGM25
B089T976HG,A1OJ2PZFQYGM25
B00004SQH9,A1OJ2PZFQYGM25
B0019QRO1M,A1OJ2PZFQYGM25
B001OTGF3M,A1OJ2PZFQYGM25
B08BP57BXL,A1OJ2PZFQYGM25
B000BSFK06,A1OJ2PZFQYGM25
B0843Y4YV6,A1OJ2PZFQYGM25
B09J1NQVF9,A1OJ2PZFQYGM25
B09JWYL2TJ,A1OJ2PZFQYGM25
B001F0TT2O,A1OJ2PZFQYGM25
B0BN466HB7,A1OJ2PZFQYGM25
B00020SH9O,A1OJ2PZFQYGM25
B0BJDTL9J3,A1OJ2PZFQYGM25
9659124147,A1OJ2PZFQYGM25
B004O4FNHI,A1OJ2PZFQYGM25
B004BTHIBU,A1OJ2PZFQYGM25
B0003DKUHC,A1OJ2PZFQYGM25
B01M31E9FS,A1OJ2PZFQYGM25
9390183324,A1OJ2PZFQYGM25
B07TXDW2HR,A1OJ2PZFQYGM25
B0047H7Q6I,A1OJ2PZFQYGM25
B097XL2G68,A1OJ2PZFQYGM25
B08K46XX49,A1OJ2PZFQYGM25
965006026X,A1OJ2PZFQYGM25
B000FBHCNM,A1OJ2PZFQYGM25
9745241180,A1OJ2PZFQYGM25
B0B785GTRV,A1OJ2PZFQYGM25
B07ZR5ZZZX,A1OJ2PZFQYGM25
B07WMG4RJ9,A1OJ2PZFQYGM25
1426775784,A1OJ2PZFQYGM25
9564021731,A1OJ2PZFQYGM25
B000CPZWY2,A1OJ2PZFQYGM25
B000002XI9,A1OJ2PZFQYGM25
B07ZN2P4K1,A1OJ2PZFQYGM25
B000CAVE6M,A1OJ2PZFQYGM25
8366673499,A1OJ2PZFQYGM25
B08D3C3ZWS,A1OJ2PZFQYGM25
B07Z7ZDGB3,A1OJ2PZFQYGM25
B001DXCDJ4,A1OJ2PZFQYGM25
4756246966,A1OJ2PZFQYGM25
B07RNW77NZ,A1OJ2PZFQYGM25
B07R3FVBQC,A1OJ2PZFQYGM25
B07QLWK6SV,A1OJ2PZFQYGM25
B07QH74HY1,A1OJ2PZFQYGM25
B07QCCYD31,A1OJ2PZFQYGM25
B07Q6JGWNV,A1OJ2PZFQYGM25
B07MH2W2BK,A1OJ2PZFQYGM25
B07LG6FNQF,A1OJ2PZFQYGM25
B06Y2NYCLN,A1OJ2PZFQYGM25
B06XVC9GZQ,A1OJ2PZFQYGM25
B01M8LXXW6,A1OJ2PZFQYGM25
B01M1G4UJO,A1OJ2PZFQYGM25
B01M0DIE1H,A1OJ2PZFQYGM25
B01LZ1RPE4,A1OJ2PZFQYGM25
B01LY51BNU,A1OJ2PZFQYGM25
B01LWP6KKI,A1OJ2PZFQYGM25
B003C01AP4,A1OJ2PZFQYGM25
B09ZPG71TW,A1OJ2PZFQYGM25
B0935ZH9MP,A1OJ2PZFQYGM25
B00G7KGP9W,A1OJ2PZFQYGM25
B08T6BKPZP,A1OJ2PZFQYGM25
B07HDFP2FB,A1OJ2PZFQYGM25
B0945CK3FT,A1OJ2PZFQYGM25
B086NSGJHY,A1OJ2PZFQYGM25
0735373108,A1OJ2PZFQYGM25
B00133749S,A1OJ2PZFQYGM25
B00XNUMDAO,A1OJ2PZFQYGM25
B01LWOIMIN,A1OJ2PZFQYGM25
B01LBT2VS2,A1OJ2PZFQYGM25
B002MP06IW,A1OJ2PZFQYGM25
B07ZWFP3J7,A1OJ2PZFQYGM25
B01H36KB5M,A1OJ2PZFQYGM25
B07XBMK98F,A1OJ2PZFQYGM25
B07NCX5RGL,A1OJ2PZFQYGM25
B0040BYOR0,A1OJ2PZFQYGM25
B083TY6T15,A1OJ2PZFQYGM25
B07X8QYW7C,A1OJ2PZFQYGM25
B000BQSC4Y,A1OJ2PZFQYGM25
B07SF56CC8,A1OJ2PZFQYGM25
B00BRX5B6C,A1OJ2PZFQYGM25
0735369542,A1OJ2PZFQYGM25
B08GPBGX6X,A1OJ2PZFQYGM25
B01KN3GTKI,A1OJ2PZFQYGM25
B0029T6X2O,A1OJ2PZFQYGM25
B095NRVHNC,A1OJ2PZFQYGM25
B08877PMQP,A1OJ2PZFQYGM25
B0824DST31,A1OJ2PZFQYGM25
B07ZNDWG79,A1OJ2PZFQYGM25
B08P5WTPYJ,A1OJ2PZFQYGM25
B08LL6XGYJ,A1OJ2PZFQYGM25
B08LL6WJTX,A1OJ2PZFQYGM25
B08H5JXC5H,A1OJ2PZFQYGM25
B08H39S4TP,A1OJ2PZFQYGM25
B08BK4T1ZW,A1OJ2PZFQYGM25
B08BGCD22G,A1OJ2PZFQYGM25
B08B8WS93W,A1OJ2PZFQYGM25
B0898QHJ98,A1OJ2PZFQYGM25
B08956ZKCN,A1OJ2PZFQYGM25
B088WYF32Y,A1OJ2PZFQYGM25
B088JHJJTB,A1OJ2PZFQYGM25
B088C3LD1N,A1OJ2PZFQYGM25
B088C3JZN6,A1OJ2PZFQYGM25
B087W1LB2Z,A1OJ2PZFQYGM25
B082VD6X15,A1OJ2PZFQYGM25
B09JWJSPPJ,A1OJ2PZFQYGM25
B09JWHYB37,A1OJ2PZFQYGM25
B09JWHV7XH,A1OJ2PZFQYGM25
B09FHTWKJH,A1OJ2PZFQYGM25
B0991N7LHJ,A1OJ2PZFQYGM25
B0989PS4XX,A1OJ2PZFQYGM25
B097MQTVVR,A1OJ2PZFQYGM25
B096THXBHH,A1OJ2PZFQYGM25
B09635WFL9,A1OJ2PZFQYGM25
B0948WCC9W,A1OJ2PZFQYGM25
B092Z2H833,A1OJ2PZFQYGM25
B091BXW4YV,A1OJ2PZFQYGM25
B08ZWVDHG6,A1OJ2PZFQYGM25
B08ZWNLP7V,A1OJ2PZFQYGM25
B08ZKRS61B,A1OJ2PZFQYGM25
B08S35RQTS,A1OJ2PZFQYGM25
B07YHC6333,A1OJ2PZFQYGM25
B08JX4BSLX,A1OJ2PZFQYGM25
B087YVHW6S,A1OJ2PZFQYGM25
B07PQLH531,A1OJ2PZFQYGM25
B07H3M727C,A1OJ2PZFQYGM25
B00F3YRCJU,A1OJ2PZFQYGM25
B00B7NP3UG,A1OJ2PZFQYGM25
B002UC2PVS,A1OJ2PZFQYGM25
B0C9MG3FV1,A1OJ2PZFQYGM25
B0C25PFBL9,A1OJ2PZFQYGM25
B0BZPNYSHK,A1OJ2PZFQYGM25
B0BYCLYW94,A1OJ2PZFQYGM25
B0BKW4WZ7P,A1OJ2PZFQYGM25
B0BKPPKZ76,A1OJ2PZFQYGM25
B09JWLFD58,A1OJ2PZFQYGM25
B09JWJZL6S,A1OJ2PZFQYGM25
B081JQGQ9V,A1OJ2PZFQYGM25
B07ZVN5HJ6,A1OJ2PZFQYGM25
B07ZPJHBX9,A1OJ2PZFQYGM25
B07ZL4PZX2,A1OJ2PZFQYGM25
B07ZHMK9M3,A1OJ2PZFQYGM25
B07ZDKYTV6,A1OJ2PZFQYGM25
B07Z5ZQ1B4,A1OJ2PZFQYGM25
B07Z3K8LJZ,A1OJ2PZFQYGM25
B07YYJ1GLM,A1OJ2PZFQYGM25
B07YLBHTVX,A1OJ2PZFQYGM25
B07YCMWTM1,A1OJ2PZFQYGM25
B07XJ192ZY,A1OJ2PZFQYGM25
B07WDGQ1BV,A1OJ2PZFQYGM25
B07W72G6JW,A1OJ2PZFQYGM25
B07W1WHKF1,A1OJ2PZFQYGM25
B07VS3J54H,A1OJ2PZFQYGM25
B07546N37Z,A1OJ2PZFQYGM25
B074DPTS6T,A1OJ2PZFQYGM25
B073WG8B46,A1OJ2PZFQYGM25
B071XY5YK6,A1OJ2PZFQYGM25
B01N0R3LAI,A1OJ2PZFQYGM25
B01M1DSA47,A1OJ2PZFQYGM25
B01M0LKTRJ,A1OJ2PZFQYGM25
B01LVUE0M0,A1OJ2PZFQYGM25
B01LH046SI,A1OJ2PZFQYGM25
B01LG5WCF8,A1OJ2PZFQYGM25
B01L0MXV6Q,A1OJ2PZFQYGM25
B01KJNLWVI,A1OJ2PZFQYGM25
B01KHLIQIE,A1OJ2PZFQYGM25
B01JJ73E7U,A1OJ2PZFQYGM25
B01HBF2X1A,A1OJ2PZFQYGM25
B01BN90V6O,A1OJ2PZFQYGM25
B07T3GYYXZ,A1OJ2PZFQYGM25
B07RNKFFZN,A1OJ2PZFQYGM25
B07QBDL8SK,A1OJ2PZFQYGM25
B07PPV6996,A1OJ2PZFQYGM25
B07K5YSZQ9,A1OJ2PZFQYGM25
B07F8BTWWY,A1OJ2PZFQYGM25
B0792YSB5F,A1OJ2PZFQYGM25
B077KPZ8LD,A1OJ2PZFQYGM25
B077GS4D9L,A1OJ2PZFQYGM25
B077GR7J1D,A1OJ2PZFQYGM25
B077BH2N6C,A1OJ2PZFQYGM25
B0776XD3K2,A1OJ2PZFQYGM25
B076FQCQP1,A1OJ2PZFQYGM25
B076CXXTLK,A1OJ2PZFQYGM25
B075DN9X37,A1OJ2PZFQYGM25
B07548GR86,A1OJ2PZFQYGM25
B019ZPAON8,A1OJ2PZFQYGM25
B019HBGKHE,A1OJ2PZFQYGM25
B00XQYIZZO,A1OJ2PZFQYGM25
B00VT2JVXU,A1OJ2PZFQYGM25
B00S74XNDW,A1OJ2PZFQYGM25
B00S3QEFWM,A1OJ2PZFQYGM25
B00OYDTG22,A1OJ2PZFQYGM25
B00KYFHNT2,A1OJ2PZFQYGM25
B00ID1QO26,A1OJ2PZFQYGM25
B00HVMJ6L4,A1OJ2PZFQYGM25
B00DYV96NO,A1OJ2PZFQYGM25
B00DYURWRC,A1OJ2PZFQYGM25
B00DYURWF4,A1OJ2PZFQYGM25
B00DKA3IKQ,A1OJ2PZFQYGM25
B00DF028K2,A1OJ2PZFQYGM25
B00DF02244,A1OJ2PZFQYGM25
B00DDQBH3M,A1OJ2PZFQYGM25
B00DDQBCY6,A1OJ2PZFQYGM25
B00D8UN8SK,A1OJ2PZFQYGM25
B00CXZDA2A,A1OJ2PZFQYGM25
B00CQAZ5R0,A1OJ2PZFQYGM25
B00AZR9DOW,A1OJ2PZFQYGM25
B00ATJEP4O,A1OJ2PZFQYGM25
B00AKSU8EU,A1OJ2PZFQYGM25
B009S5FF4Y,A1OJ2PZFQYGM25
B008CQTW5I,A1OJ2PZFQYGM25
B0065OWUGM,A1OJ2PZFQYGM25
B0058MIJCG,A1OJ2PZFQYGM25
B00531VN7A,A1OJ2PZFQYGM25
B0052XL24I,A1OJ2PZFQYGM25
B004V0AWN0,A1OJ2PZFQYGM25
B004UUFYCA,A1OJ2PZFQYGM25
B004TY019I,A1OJ2PZFQYGM25
B004GPEGV4,A1OJ2PZFQYGM25
B003ZZY972,A1OJ2PZFQYGM25
B003L119IM,A1OJ2PZFQYGM25
B0039SSUU2,A1OJ2PZFQYGM25
B002MS4M20,A1OJ2PZFQYGM25
B002EB7URY,A1OJ2PZFQYGM25
B001THC2OU,A1OJ2PZFQYGM25
B001OTEESA,A1OJ2PZFQYGM25
B00176K99S,A1OJ2PZFQYGM25
B00161Q3VW,A1OJ2PZFQYGM25
B000WK6TV2,A1OJ2PZFQYGM25
B000R6TZH6,A1OJ2PZFQYGM25
B000JKFOSY,A1OJ2PZFQYGM25
B000F9WWUW,A1OJ2PZFQYGM25
B000EPPFN8,A1OJ2PZFQYGM25
B00XM5G0FO,A1OJ2PZFQYGM25
B07YH8VB6F,A1OJ2PZFQYGM25
1477023321,A1OJ2PZFQYGM25
4569842682,A1OJ2PZFQYGM25
B0BPWWCLH2,A1OJ2PZFQYGM25
B07Y211D5Q,A1OJ2PZFQYGM25
B00O62Y068,A1OJ2PZFQYGM25
4480064702,A1OJ2PZFQYGM25
B07X7V6RTX,A1OJ2PZFQYGM25
B07RVC6XPG,A1OJ2PZFQYGM25
B07X379CW5,A1OJ2PZFQYGM25
B088GNFT1F,A1OJ2PZFQYGM25
B07WT712HW,A1OJ2PZFQYGM25
B012CG7LME,A1OJ2PZFQYGM25
B07WS2P8B9,A1OJ2PZFQYGM25
B00LB14H1A,A1OJ2PZFQYGM25
B000CPZW9M,A1OJ2PZFQYGM25
B000C8058W,A1OJ2PZFQYGM25
B000BQVZ66,A1OJ2PZFQYGM25
B000BQSUNC,A1OJ2PZFQYGM25
B000BDDJRW,A1OJ2PZFQYGM25
B0007ROMH8,A1OJ2PZFQYGM25
B0006HJ0PI,A1OJ2PZFQYGM25
B00002NAP2,A1OJ2PZFQYGM25
B000C841P0,A1OJ2PZFQYGM25
1464708738,A1OJ2PZFQYGM25
B07WHSS16Z,A1OJ2PZFQYGM25
B00IR7A28I,A1OJ2PZFQYGM25
B07PRYR8MX,A1OJ2PZFQYGM25
B08NP4H28Q,A1OJ2PZFQYGM25
B07P6S48LF,A1OJ2PZFQYGM25
B01FO9IYZE,A1OJ2PZFQYGM25
B08WN6RM5H,A1OJ2PZFQYGM25
B00CLFKTU8,A1OJ2PZFQYGM25
B08MVHN145,A1OJ2PZFQYGM25
B08XR134BS,A1OJ2PZFQYGM25
B085VYLMGN,A1OJ2PZFQYGM25
B086NSTTZ4,A1OJ2PZFQYGM25
B0B8TLT1N2,A1OJ2PZFQYGM25
B085XR1VP6,A1OJ2PZFQYGM25
B084HJLN4Z,A1OJ2PZFQYGM25
B00TP1UABY,A1OJ2PZFQYGM25
B07ZH16SWF,A1OJ2PZFQYGM25
B094F84CGP,A1OJ2PZFQYGM25
B005Y85XEG,A1OJ2PZFQYGM25
B00004R9GW,A1OJ2PZFQYGM25
B01M30KO5A,A1OJ2PZFQYGM25
B00BEZVSLU,A1OJ2PZFQYGM25
4909910069,A1OJ2PZFQYGM25
B07XLG6QNP,A1OJ2PZFQYGM25
B002R68UG6,A1OJ2PZFQYGM25
B003Z8CUYI,A1OJ2PZFQYGM25
B0045X9AF4,A1OJ2PZFQYGM25
4344407717,A1OJ2PZFQYGM25
B00JJ18Z2Q,A1OJ2PZFQYGM25
B07X36M54T,A1OJ2PZFQYGM25
B001OTJTT4,A1OJ2PZFQYGM25
B08BNK3N8N,A1OJ2PZFQYGM25
B0041T3WKQ,A1OJ2PZFQYGM25
B08HW1STLX,A1OJ2PZFQYGM25
B07QFP6ZFT,A1OJ2PZFQYGM25
B001BIV4VY,A1OJ2PZFQYGM25
B093R6Q1MF,A1OJ2PZFQYGM25
B00295C5B6,A1OJ2PZFQYGM25
B00MFR41CY,A1OJ2PZFQYGM25
B07J128JR7,A1OJ2PZFQYGM25
B07LDMV3ZR,A1OJ2PZFQYGM25
B00004ZEQV,A1OJ2PZFQYGM25
B01LZHS7GY,A1OJ2PZFQYGM25
B0000AUHQ5,A1OJ2PZFQYGM25
B011F5TD9C,A1OJ2PZFQYGM25
B07TLBQWKD,A1OJ2PZFQYGM25
6304898355,A1OJ2PZFQYGM25
B0000008JC,A1OJ2PZFQYGM25
B08LH3RBDL,A1OJ2PZFQYGM25
B00XP4U134,A1OJ2PZFQYGM25
B000MHP94I,A1OJ2PZFQYGM25
B091YQ3JYR,A1OJ2PZFQYGM25
B0000ASVWC,A1OJ2PZFQYGM25
B07GZ15F8S,A1OJ2PZFQYGM25
B07WN2TSPW,A1OJ2PZFQYGM25
B08ZH8ZS32,A1OJ2PZFQYGM25
1664810617,A1OJ2PZFQYGM25
B07WGG6TP4,A1OJ2PZFQYGM25
B081HFM14B,A1OJ2PZFQYGM25
B00CA7W2O8,A1OJ2PZFQYGM25
B07ZJBQBF9,A1OJ2PZFQYGM25
B096BJYSZQ,A1OJ2PZFQYGM25
B07VZZTDK8,A1OJ2PZFQYGM25
B079JY81LD,A1OJ2PZFQYGM25
B01M0T2MWO,A1OJ2PZFQYGM25
1477049320,A1OJ2PZFQYGM25
B00M3I6A8S,A1OJ2PZFQYGM25
B099R72PMP,A1OJ2PZFQYGM25
B07YRKGH53,A1OJ2PZFQYGM25
B0186EMILU,A1OJ2PZFQYGM25
B002BUBWHM,A1OJ2PZFQYGM25
B01IN9RDOA,A1OJ2PZFQYGM25
B01M30EPSX,A1OJ2PZFQYGM25
B006O93SYQ,A1OJ2PZFQYGM25
B00002NB7Z,A1OJ2PZFQYGM25
B0BD3NQ9QN,A1OJ2PZFQYGM25
B07X84FMMM,A1OJ2PZFQYGM25
B002ITFIG2,A1OJ2PZFQYGM25
B0000BYC2R,A1OJ2PZFQYGM25
B089XXSF8D,A1OJ2PZFQYGM25
B08ZHH3WQV,A1OJ2PZFQYGM25
B08YFMZVL3,A1OJ2PZFQYGM25
B08VNK7QTC,A1OJ2PZFQYGM25
B08SJ5R65X,A1OJ2PZFQYGM25
B08N6HKMWB,A1OJ2PZFQYGM25
B08L5NK27Q,A1OJ2PZFQYGM25
B08L4XZ22J,A1OJ2PZFQYGM25
B08KBKWZKN,A1OJ2PZFQYGM25
B08JNDPS8D,A1OJ2PZFQYGM25
B08F588D5N,A1OJ2PZFQYGM25
B08B8Z88KC,A1OJ2PZFQYGM25
B08B6B52FD,A1OJ2PZFQYGM25
B08B2MQ7DG,A1OJ2PZFQYGM25
B089GGD35S,A1OJ2PZFQYGM25
B0892NSB35,A1OJ2PZFQYGM25
B088R4QRRT,A1OJ2PZFQYGM25
B0C9QT37MJ,A1OJ2PZFQYGM25
B0C69GYZFK,A1OJ2PZFQYGM25
B0BZCRKKDC,A1OJ2PZFQYGM25
B0BYCXPD1R,A1OJ2PZFQYGM25
B0BYCKBKWR,A1OJ2PZFQYGM25
B0BM1HN8QS,A1OJ2PZFQYGM25
B0BJQF9PPD,A1OJ2PZFQYGM25
B0B35BFHL6,A1OJ2PZFQYGM25
B099LKW9XC,A1OJ2PZFQYGM25
B096B59FN8,A1OJ2PZFQYGM25
B095NQD13D,A1OJ2PZFQYGM25
B094VCRCNQ,A1OJ2PZFQYGM25
B093CXZRP6,A1OJ2PZFQYGM25
B0922ZPQB5,A1OJ2PZFQYGM25
B091995B8K,A1OJ2PZFQYGM25
B08ZX4LBH5,A1OJ2PZFQYGM25
B09FZR28JH,A1OJ2PZFQYGM25
B08Z4G7V57,A1OJ2PZFQYGM25
B089GZSY8B,A1OJ2PZFQYGM25
B0882J1V4M,A1OJ2PZFQYGM25
B082XCM7N9,A1OJ2PZFQYGM25
B07X7VNL4Z,A1OJ2PZFQYGM25
B07X2QHYPT,A1OJ2PZFQYGM25
B07WVXBWKD,A1OJ2PZFQYGM25
B01LTHI1AI,A1OJ2PZFQYGM25
B01KP5B25G,A1OJ2PZFQYGM25
B01JJ738OE,A1OJ2PZFQYGM25
B017YS7YOA,A1OJ2PZFQYGM25
B005UW4W7K,A1OJ2PZFQYGM25
B004N622HQ,A1OJ2PZFQYGM25
B0041PAWQ2,A1OJ2PZFQYGM25
B0068J75UA,A1OJ2PZFQYGM25
B0055DONBO,A1OJ2PZFQYGM25
B0052XKZJG,A1OJ2PZFQYGM25
B004W2SH3Y,A1OJ2PZFQYGM25
B004RQX7YO,A1OJ2PZFQYGM25
B004OA79WY,A1OJ2PZFQYGM25
B004J4BQWY,A1OJ2PZFQYGM25
B004BTOI2C,A1OJ2PZFQYGM25
B004701B3E,A1OJ2PZFQYGM25
B0044FX1KI,A1OJ2PZFQYGM25
B00448DWHM,A1OJ2PZFQYGM25
B003WP5LD6,A1OJ2PZFQYGM25
B003VWZUQS,A1OJ2PZFQYGM25
B003D1XEIS,A1OJ2PZFQYGM25
B003BZLUZK,A1OJ2PZFQYGM25
B0037XF3L8,A1OJ2PZFQYGM25
B088KVSKZN,A1OJ2PZFQYGM25
B088GYJ1BP,A1OJ2PZFQYGM25
B0853BSV55,A1OJ2PZFQYGM25
B084KT28X1,A1OJ2PZFQYGM25
B084GRWP5D,A1OJ2PZFQYGM25
B083BZS674,A1OJ2PZFQYGM25
B082XSRWN3,A1OJ2PZFQYGM25
B0829M6R1H,A1OJ2PZFQYGM25
B07ZRKPVVL,A1OJ2PZFQYGM25
B07ZPZR1LY,A1OJ2PZFQYGM25
B07ZPFPHVP,A1OJ2PZFQYGM25
B07Z3SPX2N,A1OJ2PZFQYGM25
B07Z3JJ15P,A1OJ2PZFQYGM25
B07Z3GJHSZ,A1OJ2PZFQYGM25
B07YYVT5XS,A1OJ2PZFQYGM25
B07YLBCCYB,A1OJ2PZFQYGM25
B07YF1N8H1,A1OJ2PZFQYGM25
B07Y7X6V84,A1OJ2PZFQYGM25
B07Y5QBM1N,A1OJ2PZFQYGM25
B07XL911PK,A1OJ2PZFQYGM25
B07XHDZF3R,A1OJ2PZFQYGM25
B07X9Y3QZV,A1OJ2PZFQYGM25
B07X5C9J34,A1OJ2PZFQYGM25
B07W81PTTD,A1OJ2PZFQYGM25
B07W75YYN9,A1OJ2PZFQYGM25
B07W5RJGPG,A1OJ2PZFQYGM25
B07W4MC8X3,A1OJ2PZFQYGM25
B07W3248LD,A1OJ2PZFQYGM25
B07VWTT6JV,A1OJ2PZFQYGM25
B07PP56XJM,A1OJ2PZFQYGM25
B079VKZ49Y,A1OJ2PZFQYGM25
B0746QDM1R,A1OJ2PZFQYGM25
B073G3PJVK,A1OJ2PZFQYGM25
B0734KF9XZ,A1OJ2PZFQYGM25
B06XTRYZN2,A1OJ2PZFQYGM25
B01M9G70TW,A1OJ2PZFQYGM25
B01M9CPNRK,A1OJ2PZFQYGM25
B01M8NHUZ0,A1OJ2PZFQYGM25
B01M698I50,A1OJ2PZFQYGM25
B01M4ODV66,A1OJ2PZFQYGM25
B01M361BHG,A1OJ2PZFQYGM25
B01M32FIVM,A1OJ2PZFQYGM25
B01M32FIQJ,A1OJ2PZFQYGM25
B01M28N8LZ,A1OJ2PZFQYGM25
B01M03A3WQ,A1OJ2PZFQYGM25
B01LZXTMAB,A1OJ2PZFQYGM25
B01LZ5XPUA,A1OJ2PZFQYGM25
B01LZ05X1V,A1OJ2PZFQYGM25
B07ZCYMSYD,A1OJ2PZFQYGM25
B00NI8B91K,A1OJ2PZFQYGM25
B07WDLLWGM,A1OJ2PZFQYGM25
B081K45FP9,A1OJ2PZFQYGM25
9807310563,A1OJ2PZFQYGM25
B000BVM26S,A1OJ2PZFQYGM25
B085SZSGBT,A1OJ2PZFQYGM25
B07XX7CK5P,A1OJ2PZFQYGM25
B0832PTBDD,A1OJ2PZFQYGM25
7806859659,A1OJ2PZFQYGM25
B003O3EKRO,A1OJ2PZFQYGM25
B07ZNF8SSN,A1OJ2PZFQYGM25
B07Q27D9F9,A1OJ2PZFQYGM25
B004NDVKDG,A1OJ2PZFQYGM25
4062757370,A1OJ2PZFQYGM25
B07SY7ZN8J,A1OJ2PZFQYGM25
B01LWVL78N,A1OJ2PZFQYGM25
B01LTHIAW2,A1OJ2PZFQYGM25
B01LTFDSSK,A1OJ2PZFQYGM25
B01LT57TH6,A1OJ2PZFQYGM25
B01LR8CP38,A1OJ2PZFQYGM25
B01KQC35BM,A1OJ2PZFQYGM25
B01JT8EWRU,A1OJ2PZFQYGM25
B01JQHVMS6,A1OJ2PZFQYGM25
B01JPDYLR0,A1OJ2PZFQYGM25
B01I78YIZO,A1OJ2PZFQYGM25
B01DD6ZR4G,A1OJ2PZFQYGM25
B01CSDMA9K,A1OJ2PZFQYGM25
B016W0OXK4,A1OJ2PZFQYGM25
B016OPMRN2,A1OJ2PZFQYGM25
B0162VZW9Y,A1OJ2PZFQYGM25
B015QDLUKE,A1OJ2PZFQYGM25
B012EU4UH2,A1OJ2PZFQYGM25
B00XF8AGIU,A1OJ2PZFQYGM25
B00UY1PXUW,A1OJ2PZFQYGM25
B00PV6LKFM,A1OJ2PZFQYGM25
B00PJI6YFS,A1OJ2PZFQYGM25
B00F9YSW3E,A1OJ2PZFQYGM25
B00EYZS1LM,A1OJ2PZFQYGM25
B00EYEQOJ4,A1OJ2PZFQYGM25
B00DF00XG8,A1OJ2PZFQYGM25
B00DEZZW2E,A1OJ2PZFQYGM25
B00DEZ7YVQ,A1OJ2PZFQYGM25
B00B2QXCF6,A1OJ2PZFQYGM25
B008OLSLDK,A1OJ2PZFQYGM25
B008CQTVSQ,A1OJ2PZFQYGM25
B008CQTVNG,A1OJ2PZFQYGM25
B0087QFVO4,A1OJ2PZFQYGM25
B00307615S,A1OJ2PZFQYGM25
B002YKTQDQ,A1OJ2PZFQYGM25
B002VKTYL8,A1OJ2PZFQYGM25
B002T3RYH8,A1OJ2PZFQYGM25
B002EC5CIM,A1OJ2PZFQYGM25
B002E52SRW,A1OJ2PZFQYGM25
B002D80IXG,A1OJ2PZFQYGM25
B001O7PFWG,A1OJ2PZFQYGM25
B001KO2KY4,A1OJ2PZFQYGM25
B001GZQ1IS,A1OJ2PZFQYGM25
B001F4756W,A1OJ2PZFQYGM25
B001D9WO10,A1OJ2PZFQYGM25
B0018SXKI2,A1OJ2PZFQYGM25
B00161S716,A1OJ2PZFQYGM25
B000UKGY2I,A1OJ2PZFQYGM25
B000PMB9DK,A1OJ2PZFQYGM25
B000IYP79W,A1OJ2PZFQYGM25
B000IYP74M,A1OJ2PZFQYGM25
B000CPPYQS,A1OJ2PZFQYGM25
B000CPIS02,A1OJ2PZFQYGM25
B000CONV00,A1OJ2PZFQYGM25
B0000AUYZQ,A1OJ2PZFQYGM25
B001C0NN10,A1OJ2PZFQYGM25
B01M1NX0XX,A1OJ2PZFQYGM25
B01MRW00P5,A1OJ2PZFQYGM25
B07B683Y5F,A1OJ2PZFQYGM25
B07VYY3WWD,A1OJ2PZFQYGM25
B001QT8RM2,A1OJ2PZFQYGM25
B095H2B7ML,A1OJ2PZFQYGM25
B000PC1QNI,A1OJ2PZFQYGM25
B003MCLP34,A1OJ2PZFQYGM25
B004WXBMT4,A1OJ2PZFQYGM25
B002BHUNLQ,A1OJ2PZFQYGM25
B00KKU4OB6,A1OJ2PZFQYGM25
B07X3YP7RW,A1OJ2PZFQYGM25
B08GFQ33JP,A1OJ2PZFQYGM25
9871456077,A1OJ2PZFQYGM25
B001840TU8,A1OJ2PZFQYGM25
B0032XADHC,A1OJ2PZFQYGM25
B0CCP8J57S,A1OJ2PZFQYGM25
B0036LCACQ,A1OJ2PZFQYGM25
157982482X,A1OJ2PZFQYGM25
B002DZAMTO,A1OJ2PZFQYGM25
B07WDN7NL3,A1OJ2PZFQYGM25
B0747DLGJF,A1OJ2PZFQYGM25
B002EBXXBG,A1OJ2PZFQYGM25
B001GJ4U6E,A1OJ2PZFQYGM25
B086CN1FZK,A1OJ2PZFQYGM25
B07RHDS76W,A1OJ2PZFQYGM25
B0CF26SBDV,A1OJ2PZFQYGM25
B0018O5WRI,A1OJ2PZFQYGM25
B0037HPA80,A1OJ2PZFQYGM25
B07QQX5WSV,A1OJ2PZFQYGM25
B001CIS7AY,A1OJ2PZFQYGM25
B089LN5WDR,A1OJ2PZFQYGM25
B07ZYC3R4X,A1OJ2PZFQYGM25
B012BJVMKY,A1OJ2PZFQYGM25
B00DQBBWEI,A1OJ2PZFQYGM25
B0018N7R0O,A1OJ2PZFQYGM25
B088XWBHNC,A1OJ2PZFQYGM25
B086BLLQMM,A1OJ2PZFQYGM25
B07YRL4KY8,A1OJ2PZFQYGM25
B0006VAMTW,A1OJ2PZFQYGM25
B08RWYX5DP,A1OJ2PZFQYGM25
B087YZ2PT1,A1OJ2PZFQYGM25
B07ZK99DY2,A1OJ2PZFQYGM25
B07V5DCV2V,A1OJ2PZFQYGM25
B07PXKMHGW,A1OJ2PZFQYGM25
B07N4RD4LJ,A1OJ2PZFQYGM25
B013UE5F5C,A1OJ2PZFQYGM25
B000CPK39G,A1OJ2PZFQYGM25
1414394039,A1OJ2PZFQYGM25
B07K89JFDV,A1OJ2PZFQYGM25
B001BKFRH4,A1OJ2PZFQYGM25
B003MRI74Y,A1OJ2PZFQYGM25
B01JUDIOPA,A1OJ2PZFQYGM25
B01D69B31G,A1OJ2PZFQYGM25
B0009Q1O9G,A1OJ2PZFQYGM25
B09BCGCJMQ,A1OJ2PZFQYGM25
B097XTS63V,A1OJ2PZFQYGM25
B00026WT6A,A1OJ2PZFQYGM25
B099WT6ZKK,A1OJ2PZFQYGM25
B00F0C7LUU,A1OJ2PZFQYGM25
B00000IIV3,A1OJ2PZFQYGM25
B099WRZ679,A1OJ2PZFQYGM25
B00K2UIUHS,A1OJ2PZFQYGM25
B098NH7T3T,A1OJ2PZFQYGM25
B077WJJWZJ,A1OJ2PZFQYGM25
B000008RMO,A1OJ2PZFQYGM25
B097R8MDPH,A1OJ2PZFQYGM25
B01IPQMYFE,A1OJ2PZFQYGM25
B000002Y0D,A1OJ2PZFQYGM25
B0953V1X9D,A1OJ2PZFQYGM25
B00PBGFLAM,A1OJ2PZFQYGM25
B08BBXYV5G,A1OJ2PZFQYGM25
B09DZ3CFSK,A1OJ2PZFQYGM25
B08B4TXSZD,A1OJ2PZFQYGM25
B00GBW664U,A1OJ2PZFQYGM25
B089D1CC9D,A1OJ2PZFQYGM25
B07ZZ31X3Z,A1OJ2PZFQYGM25
B085T2VBX6,A1OJ2PZFQYGM25
B0829J3MWN,A1OJ2PZFQYGM25
B00IPDJL1S,A1OJ2PZFQYGM25
B081PNKX45,A1OJ2PZFQYGM25
B089WJM764,A1OJ2PZFQYGM25
B081PB3TVK,A1OJ2PZFQYGM25
B01K0M972Y,A1OJ2PZFQYGM25
B0816BXW38,A1OJ2PZFQYGM25
B07W4BXB8P,A1OJ2PZFQYGM25
B07ZJ6L5FX,A1OJ2PZFQYGM25
B07VC94H54,A1OJ2PZFQYGM25
B07ZH7MH1B,A1OJ2PZFQYGM25
B000SOU7W4,A1OJ2PZFQYGM25
B07YZGNK19,A1OJ2PZFQYGM25
B0044FVII0,A1OJ2PZFQYGM25
B07YCGQ3YC,A1OJ2PZFQYGM25
B07F38Q55Q,A1OJ2PZFQYGM25
B07Y291FX4,A1OJ2PZFQYGM25
B001TEQ4TC,A1OJ2PZFQYGM25
B07XYCTYGM,A1OJ2PZFQYGM25
B08687GCJC,A1OJ2PZFQYGM25
B07XM849N7,A1OJ2PZFQYGM25
B07Z1W1FPQ,A1OJ2PZFQYGM25
B07XKWLDCT,A1OJ2PZFQYGM25
B07YTH69YD,A1OJ2PZFQYGM25
B07X7FKVZZ,A1OJ2PZFQYGM25
B07XMHXTKB,A1OJ2PZFQYGM25
B07WZXS2LJ,A1OJ2PZFQYGM25
B07XJ2R29K,A1OJ2PZFQYGM25
B07WX2MTVM,A1OJ2PZFQYGM25
B07X2WHX96,A1OJ2PZFQYGM25
B07WRB32G6,A1OJ2PZFQYGM25
B018X5A25Q,A1OJ2PZFQYGM25
B07SKRFK31,A1OJ2PZFQYGM25
B000CAXIQ6,A1OJ2PZFQYGM25
B07SH6TTYQ,A1OJ2PZFQYGM25
B08DRRGJCJ,A1OJ2PZFQYGM25
B07S8638WQ,A1OJ2PZFQYGM25
B08954ZSLW,A1OJ2PZFQYGM25
B07S5LML53,A1OJ2PZFQYGM25
B077H3JZ8J,A1OJ2PZFQYGM25
B07RG3BCBX,A1OJ2PZFQYGM25
B010Y9OQTM,A1OJ2PZFQYGM25
B07RFHCT48,A1OJ2PZFQYGM25
B00WH0TIUY,A1OJ2PZFQYGM25
B07QR92B21,A1OJ2PZFQYGM25
B00OVTJKL6,A1OJ2PZFQYGM25
B07QQFNR1K,A1OJ2PZFQYGM25
B004UUAFV0,A1OJ2PZFQYGM25
B07QCP4N96,A1OJ2PZFQYGM25
B0C4L3N2VD,A1OJ2PZFQYGM25
B07Q7547Y2,A1OJ2PZFQYGM25
B0B7XPCK8R,A1OJ2PZFQYGM25
B07Q5ZNG6N,A1OJ2PZFQYGM25
B099DGS1H7,A1OJ2PZFQYGM25
B07Q2196M2,A1OJ2PZFQYGM25
B0992HHDMB,A1OJ2PZFQYGM25
B07Q1KVQ31,A1OJ2PZFQYGM25
B098R32XXW,A1OJ2PZFQYGM25
B07PYZWH6Z,A1OJ2PZFQYGM25
B097XVQNNQ,A1OJ2PZFQYGM25
B07PTNV843,A1OJ2PZFQYGM25
B097S2NN7G,A1OJ2PZFQYGM25
B07PSK6KCF,A1OJ2PZFQYGM25
B095NDNWGY,A1OJ2PZFQYGM25
B00AC7U7K4,A1OJ2PZFQYGM25
B094Q547J1,A1OJ2PZFQYGM25
1635446740,A1OJ2PZFQYGM25
B092VYHJF9,A1OJ2PZFQYGM25
B092KKWQRN,A1OJ2PZFQYGM25
B0923WV31X,A1OJ2PZFQYGM25
B08YS662NQ,A1OJ2PZFQYGM25
B08YP62K82,A1OJ2PZFQYGM25
B08WR8RP4B,A1OJ2PZFQYGM25
B08W8NRHBM,A1OJ2PZFQYGM25
B08VYW33ZF,A1OJ2PZFQYGM25
B08V8HGJ4G,A1OJ2PZFQYGM25
B08QV3SHLR,A1OJ2PZFQYGM25
B08QF6XDW7,A1OJ2PZFQYGM25
B08NY7VPCJ,A1OJ2PZFQYGM25
B08LDG4FQJ,A1OJ2PZFQYGM25
B08JYFW528,A1OJ2PZFQYGM25
B08DH224S1,A1OJ2PZFQYGM25
B089RS36L1,A1OJ2PZFQYGM25
B089RNNN12,A1OJ2PZFQYGM25
B089LXL3MD,A1OJ2PZFQYGM25
B08955MLVG,A1OJ2PZFQYGM25
B0894WL4R8,A1OJ2PZFQYGM25
B088WW9RP8,A1OJ2PZFQYGM25
B08885BPSH,A1OJ2PZFQYGM25
B087P52VVK,A1OJ2PZFQYGM25
B085VP6HSS,A1OJ2PZFQYGM25
B0843TJRJ9,A1OJ2PZFQYGM25
B083S7SX3M,A1OJ2PZFQYGM25
B081YYYKD2,A1OJ2PZFQYGM25
B08175JZV8,A1OJ2PZFQYGM25
B0812531GW,A1OJ2PZFQYGM25
B07WFHX33B,A1OJ2PZFQYGM25
B08PCF7SKZ,A1OJ2PZFQYGM25
B07W62WBKW,A1OJ2PZFQYGM25
B08959F132,A1OJ2PZFQYGM25
B07VFRBNNH,A1OJ2PZFQYGM25
B083QB71KN,A1OJ2PZFQYGM25
B07TYBKMXC,A1OJ2PZFQYGM25
B07VRYK6L4,A1OJ2PZFQYGM25
B07TQLBHLB,A1OJ2PZFQYGM25
B01LWISJ6D,A1OJ2PZFQYGM25
B07TBG2GL3,A1OJ2PZFQYGM25
B01EO5A4MK,A1OJ2PZFQYGM25
B07SVC7PJB,A1OJ2PZFQYGM25
B004PLCNZK,A1OJ2PZFQYGM25
B07SNS5MYY,A1OJ2PZFQYGM25
B001DCC5MA,A1OJ2PZFQYGM25
B07ZHSVKBB,A1OJ2PZFQYGM25
B07Z5P71V6,A1OJ2PZFQYGM25
B07Z3JH1V3,A1OJ2PZFQYGM25
B07YKLZH2C,A1OJ2PZFQYGM25
B07YFP7N13,A1OJ2PZFQYGM25
B07YF2DGSF,A1OJ2PZFQYGM25
B07XZGLLV6,A1OJ2PZFQYGM25
B07XY7F33F,A1OJ2PZFQYGM25
B07XGQF1R8,A1OJ2PZFQYGM25
B07X943GQF,A1OJ2PZFQYGM25
B07X8YC8RR,A1OJ2PZFQYGM25
B07W6XT54T,A1OJ2PZFQYGM25
B07W6P4ZFV,A1OJ2PZFQYGM25
B07VVK383C,A1OJ2PZFQYGM25
B07VBDLGL4,A1OJ2PZFQYGM25
B07Q3JSXYC,A1OJ2PZFQYGM25
B07N1S5MBT,A1OJ2PZFQYGM25
B07HBP6RNV,A1OJ2PZFQYGM25
B075Q1BYCM,A1OJ2PZFQYGM25
B06X9CDJLH,A1OJ2PZFQYGM25
B01N9FFX24,A1OJ2PZFQYGM25
B01N19PLNK,A1OJ2PZFQYGM25
B01M684TH9,A1OJ2PZFQYGM25
B01M3SPFJA,A1OJ2PZFQYGM25
B01LZFTKCV,A1OJ2PZFQYGM25
B01KYHT3Z6,A1OJ2PZFQYGM25
B01IU7K3C4,A1OJ2PZFQYGM25
B01H6P7158,A1OJ2PZFQYGM25
B010Y8WTOC,A1OJ2PZFQYGM25
B00NJ4F5KY,A1OJ2PZFQYGM25
B00ID1QM0U,A1OJ2PZFQYGM25
B00IACH1WK,A1OJ2PZFQYGM25
B00HAKRRWC,A1OJ2PZFQYGM25
B00GRAQN5S,A1OJ2PZFQYGM25
B00GJ829OW,A1OJ2PZFQYGM25
B00DYUPANA,A1OJ2PZFQYGM25
B00DKC7AMG,A1OJ2PZFQYGM25
B00DKA38LU,A1OJ2PZFQYGM25
B00DF04GHU,A1OJ2PZFQYGM25
B00BX419BG,A1OJ2PZFQYGM25
B00A1BPCK6,A1OJ2PZFQYGM25
B009X1QVZ0,A1OJ2PZFQYGM25
B008RWPQ6Q,A1OJ2PZFQYGM25
B008D9BXTM,A1OJ2PZFQYGM25
B00721JIGW,A1OJ2PZFQYGM25
B005JVF3RU,A1OJ2PZFQYGM25
B0058I186O,A1OJ2PZFQYGM25
B004U74668,A1OJ2PZFQYGM25
B095M28P1F,A1OJ2PZFQYGM25
B07DQFX853,A1OJ2PZFQYGM25
B0C6J4RP1F,A1OJ2PZFQYGM25
4167412799,A1OJ2PZFQYGM25
B0C5RHNRLV,A1OJ2PZFQYGM25
B003102K1I,A1OJ2PZFQYGM25
B088GSJM7G,A1OJ2PZFQYGM25
B0932FJYH9,A1OJ2PZFQYGM25
B003NSBQEU,A1OJ2PZFQYGM25
5401352530,A1OJ2PZFQYGM25
B084JF6959,A1OJ2PZFQYGM25
B00008ZZ8B,A1OJ2PZFQYGM25
B0931X8SY2,A1OJ2PZFQYGM25
B01K1TWVCO,A1OJ2PZFQYGM25
9561000199,A1OJ2PZFQYGM25
B07QN9STY7,A1OJ2PZFQYGM25
B004KPLKYG,A1OJ2PZFQYGM25
B004K4K37W,A1OJ2PZFQYGM25
B004J5Q57O,A1OJ2PZFQYGM25
B00443GYU4,A1OJ2PZFQYGM25
B0042RQJVQ,A1OJ2PZFQYGM25
B003XWXHH0,A1OJ2PZFQYGM25
B003JN6D56,A1OJ2PZFQYGM25
B003D3PPRY,A1OJ2PZFQYGM25
B002YKNRCM,A1OJ2PZFQYGM25
B002Y4DE4O,A1OJ2PZFQYGM25
B002UZUIGO,A1OJ2PZFQYGM25
B002P5SJGU,A1OJ2PZFQYGM25
B002NLCAXO,A1OJ2PZFQYGM25
B002J6EUW2,A1OJ2PZFQYGM25
B002690DHI,A1OJ2PZFQYGM25
B001RD8FLA,A1OJ2PZFQYGM25
B001OTGE3S,A1OJ2PZFQYGM25
B001O7OY1E,A1OJ2PZFQYGM25
B001DCEWEO,A1OJ2PZFQYGM25
B001CPQNGM,A1OJ2PZFQYGM25
B001BOO1V8,A1OJ2PZFQYGM25
B0015N6HIK,A1OJ2PZFQYGM25
B00144CD3S,A1OJ2PZFQYGM25
B000C7XUSK,A1OJ2PZFQYGM25
B0000AQNS3,A1OJ2PZFQYGM25
B003K4H7W2,A1OJ2PZFQYGM25
B08RHPYGS2,A1OJ2PZFQYGM25
B00SWKVAJU,A1OJ2PZFQYGM25
1568824459,A1OJ2PZFQYGM25
B0002SR6XO,A1OJ2PZFQYGM25
0735373442,A1OJ2PZFQYGM25
B001U7GUGK,A1OJ2PZFQYGM25
B01MDREZGK,A1OJ2PZFQYGM25
B001SH1ME2,A1OJ2PZFQYGM25
B097ZD1NYH,A1OJ2PZFQYGM25
B00DED9YQQ,A1OJ2PZFQYGM25
B08Y1S8XMB,A1OJ2PZFQYGM25
1524883476,A1OJ2PZFQYGM25
B07W4DJ53Z,A1OJ2PZFQYGM25
B004DOMWZK,A1OJ2PZFQYGM25
B07W4DJ548,A1OJ2PZFQYGM25
B07RXLHRZK,A1OJ2PZFQYGM25
B0000VLEDQ,A1OJ2PZFQYGM25
B0BPXVQYDT,A1OJ2PZFQYGM25
B07Q3GSNHD,A1OJ2PZFQYGM25
B07T1PH8BB,A1OJ2PZFQYGM25
B099QMDDGX,A1OJ2PZFQYGM25
B07W4DGY1B,A1OJ2PZFQYGM25
B07RP1XBGT,A1OJ2PZFQYGM25
B0915R7YTH,A1OJ2PZFQYGM25
B089KC2ZXP,A1OJ2PZFQYGM25
B00CXNG9O8,A1OJ2PZFQYGM25
B07XMLB95G,A1OJ2PZFQYGM25
B00DF1PNU8,A1OJ2PZFQYGM25
B07X3MGHQP,A1OJ2PZFQYGM25
B07T3SXXR6,A1OJ2PZFQYGM25
B07RJSXT2C,A1OJ2PZFQYGM25
B0B7B9N3Z4,A1OJ2PZFQYGM25
B08B369WZH,A1OJ2PZFQYGM25
B08HR9JFC2,A1OJ2PZFQYGM25
B0BY4ZJP8V,A1OJ2PZFQYGM25
B08B32Q9HN,A1OJ2PZFQYGM25
B093PGB3SN,A1OJ2PZFQYGM25
B088HJ76BG,A1OJ2PZFQYGM25
B07QLQZB4X,A1OJ2PZFQYGM25
B09B15FQ5F,A1OJ2PZFQYGM25
B07VDRNXL5,A1OJ2PZFQYGM25
B07BGTVM98,A1OJ2PZFQYGM25
B07ZDDQXPX,A1OJ2PZFQYGM25
B009NJ69YA,A1OJ2PZFQYGM25
B00GWF0Q7E,A1OJ2PZFQYGM25
B07MRHPVBK,A1OJ2PZFQYGM25
B096P55363,A1OJ2PZFQYGM25
B0000589H7,A1OJ2PZFQYGM25
B08B3VJ83Z,A1OJ2PZFQYGM25
B0000VLED6,A1OJ2PZFQYGM25
7020159052,A1OJ2PZFQYGM25
B084TGSGSX,A1OJ2PZFQYGM25
B08B3MSJSQ,A1OJ2PZFQYGM25
B07GSC13JQ,A1OJ2PZFQYGM25
B07HLL4Q41,A1OJ2PZFQYGM25
B0BC11D1DP,A1OJ2PZFQYGM25
B08B3DRFGQ,A1OJ2PZFQYGM25
B000GHVC9A,A1OJ2PZFQYGM25
B001S5FIYY,A1OJ2PZFQYGM25
B000C8427M,A1OJ2PZFQYGM25
B08B3C1NTD,A1OJ2PZFQYGM25
B08HR858QF,A1OJ2PZFQYGM25
8537631248,A1OJ2PZFQYGM25
B0821D3F3G,A1OJ2PZFQYGM25
B07XF8P2CN,A1OJ2PZFQYGM25
B07WPPCHWQ,A1OJ2PZFQYGM25
B07V6TF8YQ,A1OJ2PZFQYGM25
B07TDD37H6,A1OJ2PZFQYGM25
B07P5ZQWHY,A1OJ2PZFQYGM25
B01GNX539U,A1OJ2PZFQYGM25
B007FDC1XE,A1OJ2PZFQYGM25
B003RP6VJE,A1OJ2PZFQYGM25
B003KZT2ME,A1OJ2PZFQYGM25
B002E4YAOC,A1OJ2PZFQYGM25
B001AW0TY4,A1OJ2PZFQYGM25
B0C9MBG3HK,A1OJ2PZFQYGM25
B0BYS4T8J6,A1OJ2PZFQYGM25
B0BNPMW86N,A1OJ2PZFQYGM25
B0BBQ96PDK,A1OJ2PZFQYGM25
B09CPWZTNQ,A1OJ2PZFQYGM25
B098LG1QS5,A1OJ2PZFQYGM25
B084QDWXNZ,A1OJ2PZFQYGM25
B07XKG61FS,A1OJ2PZFQYGM25
B07X9LN4ZN,A1OJ2PZFQYGM25
B0000VLCLK,A1OJ2PZFQYGM25
B0BDD19RB1,A1OJ2PZFQYGM25
B08R8KYK74,A1OJ2PZFQYGM25
B0829TBFKN,A1OJ2PZFQYGM25
B07ZTPRF2D,A1OJ2PZFQYGM25
B01HSNOYXK,A1OJ2PZFQYGM25
B000I97FKG,A1OJ2PZFQYGM25
B0C2WDHS42,A1OJ2PZFQYGM25
B08B1LSQ2R,A1OJ2PZFQYGM25
B089SXHGLZ,A1OJ2PZFQYGM25
B087NC8ZL6,A1OJ2PZFQYGM25
B08NWT6Z7J,A1OJ2PZFQYGM25
B08LSKPCVJ,A1OJ2PZFQYGM25
B08GP6WSPK,A1OJ2PZFQYGM25
B08BRNX75T,A1OJ2PZFQYGM25
B08BL83KSG,A1OJ2PZFQYGM25
B089Y99GGY,A1OJ2PZFQYGM25
B089VV8VVP,A1OJ2PZFQYGM25
B089PXCV45,A1OJ2PZFQYGM25
B089LVTHWF,A1OJ2PZFQYGM25
B0893V8N2J,A1OJ2PZFQYGM25
B088LWXYNJ,A1OJ2PZFQYGM25
B0881548Z3,A1OJ2PZFQYGM25
B087N822PR,A1OJ2PZFQYGM25
B087C9RZ3W,A1OJ2PZFQYGM25
B086Q9ND73,A1OJ2PZFQYGM25
B0853FT8G4,A1OJ2PZFQYGM25
B084JDRP1Q,A1OJ2PZFQYGM25
B083QMCSMJ,A1OJ2PZFQYGM25
B0839LN41N,A1OJ2PZFQYGM25
B0836CBC7Q,A1OJ2PZFQYGM25
B082YTVH2P,A1OJ2PZFQYGM25
B08112DS25,A1OJ2PZFQYGM25
B07ZY6SLZV,A1OJ2PZFQYGM25
B07ZR3JG21,A1OJ2PZFQYGM25
B07ZLWMF4M,A1OJ2PZFQYGM25
B07ZDKZNCM,A1OJ2PZFQYGM25
B07YXQ8PTS,A1OJ2PZFQYGM25
B07YHRK9ZR,A1OJ2PZFQYGM25
B07YHMKDWD,A1OJ2PZFQYGM25
B07XVKNJGL,A1OJ2PZFQYGM25
B07XH1S2HZ,A1OJ2PZFQYGM25
B07X6FVDS5,A1OJ2PZFQYGM25
B09H4HR3ZX,A1OJ2PZFQYGM25
B09B7KB8BG,A1OJ2PZFQYGM25
B099K9KT4D,A1OJ2PZFQYGM25
B098M774JB,A1OJ2PZFQYGM25
B097SWB57P,A1OJ2PZFQYGM25
B096TM4GMF,A1OJ2PZFQYGM25
B095NV9CLM,A1OJ2PZFQYGM25
B093LMH1J8,A1OJ2PZFQYGM25
B08ZJ6RZ16,A1OJ2PZFQYGM25
B08YNC3FS4,A1OJ2PZFQYGM25
B08YCX38C6,A1OJ2PZFQYGM25
B08TT3PC3F,A1OJ2PZFQYGM25
B08TQXRTJS,A1OJ2PZFQYGM25
B08R892FFZ,A1OJ2PZFQYGM25
B08PK98QVF,A1OJ2PZFQYGM25
B08P6Q9ZJ9,A1OJ2PZFQYGM25
B016OPMN4U,A1OJ2PZFQYGM25
B00QJFHXG4,A1OJ2PZFQYGM25
B00OZRZ5GI,A1OJ2PZFQYGM25
B00OX46Y7M,A1OJ2PZFQYGM25
B00K0A85XY,A1OJ2PZFQYGM25
B00DYV8VLM,A1OJ2PZFQYGM25
B00C5LDZ4K,A1OJ2PZFQYGM25
B007Z7VJJW,A1OJ2PZFQYGM25
B007Z7LGRM,A1OJ2PZFQYGM25
B00681ROCM,A1OJ2PZFQYGM25
B005WXRKVC,A1OJ2PZFQYGM25
B005TKYHCS,A1OJ2PZFQYGM25
B005206SRC,A1OJ2PZFQYGM25
B004UUC9P0,A1OJ2PZFQYGM25
B004UU8BI4,A1OJ2PZFQYGM25
B004RBG6MY,A1OJ2PZFQYGM25
B07QSB2N64,A1OJ2PZFQYGM25
B07QC5479T,A1OJ2PZFQYGM25
B07Q2NM598,A1OJ2PZFQYGM25
B07PZSH3XC,A1OJ2PZFQYGM25
B07PYNJ3BH,A1OJ2PZFQYGM25
B07PP1Y186,A1OJ2PZFQYGM25
B07PP1WWXH,A1OJ2PZFQYGM25
B07K44Y4CW,A1OJ2PZFQYGM25
B01N31W8D1,A1OJ2PZFQYGM25
B01M123HY8,A1OJ2PZFQYGM25
B01LZHTTS2,A1OJ2PZFQYGM25
B01LC3EBDK,A1OJ2PZFQYGM25
B01KC7427W,A1OJ2PZFQYGM25
B01HF7EEF2,A1OJ2PZFQYGM25
B01FCAWYR4,A1OJ2PZFQYGM25
B0184K0EB2,A1OJ2PZFQYGM25
B004OA78QQ,A1OJ2PZFQYGM25
B0043XBSG0,A1OJ2PZFQYGM25
B003QDUMOW,A1OJ2PZFQYGM25
B003GMESES,A1OJ2PZFQYGM25
B00306I65M,A1OJ2PZFQYGM25
B0023XZPYI,A1OJ2PZFQYGM25
B001TGDW0E,A1OJ2PZFQYGM25
B001CTV7SW,A1OJ2PZFQYGM25
B001AW0TX0,A1OJ2PZFQYGM25
B000O7EKDW,A1OJ2PZFQYGM25
B000M85082,A1OJ2PZFQYGM25
B000I98YWY,A1OJ2PZFQYGM25
B000I97FC4,A1OJ2PZFQYGM25
B000I9663I,A1OJ2PZFQYGM25
B000I23SBI,A1OJ2PZFQYGM25
B000BQLVGK,A1OJ2PZFQYGM25
B07QY6VH8F,A1OJ2PZFQYGM25
B00GM45DSM,A1OJ2PZFQYGM25
B0BBMND93W,A1OJ2PZFQYGM25
B07X8MHWK2,A1OJ2PZFQYGM25
B08NFSW849,A1OJ2PZFQYGM25
B083QM4VD4,A1OJ2PZFQYGM25
B07JM1FP17,A1OJ2PZFQYGM25
B07XW71D9S,A1OJ2PZFQYGM25
B089K8TTYJ,A1OJ2PZFQYGM25
B088W99BQ3,A1OJ2PZFQYGM25
B07VY6K3XK,A1OJ2PZFQYGM25
B07S3MNZHW,A1OJ2PZFQYGM25
B0079WLDLW,A1OJ2PZFQYGM25
B096P2MYM9,A1OJ2PZFQYGM25
B08B5485Y2,A1OJ2PZFQYGM25
B07ZKSQQ4B,A1OJ2PZFQYGM25
B000BO715C,A1OJ2PZFQYGM25
B000A7SKWI,A1OJ2PZFQYGM25
B0002KO2AM,A1OJ2PZFQYGM25
6077142654,A1OJ2PZFQYGM25
1579824684,A1OJ2PZFQYGM25
1534473378,A1OJ2PZFQYGM25
1483803082,A1OJ2PZFQYGM25
B095WDNT4V,A1OJ2PZFQYGM25
B08G894PTZ,A1OJ2PZFQYGM25
B08BLGF2MT,A1OJ2PZFQYGM25
B08BC358ZJ,A1OJ2PZFQYGM25
B088X2PCC5,A1OJ2PZFQYGM25
B088R558VC,A1OJ2PZFQYGM25
B088H83X3Z,A1OJ2PZFQYGM25
B0836RD278,A1OJ2PZFQYGM25
B082XH1FBF,A1OJ2PZFQYGM25
B07YB9YGLV,A1OJ2PZFQYGM25
B07V5PJH5C,A1OJ2PZFQYGM25
B07TYRJBSC,A1OJ2PZFQYGM25
B07TMQ611F,A1OJ2PZFQYGM25
B07SZ3G6M5,A1OJ2PZFQYGM25
B07SPXQR3J,A1OJ2PZFQYGM25
B07H78G16J,A1OJ2PZFQYGM25
B07D4BXZGC,A1OJ2PZFQYGM25
B01MYNA53H,A1OJ2PZFQYGM25
B01M312S8X,A1OJ2PZFQYGM25
B01LWZJYO9,A1OJ2PZFQYGM25
B01KKOTRG8,A1OJ2PZFQYGM25
B01HZWQBG2,A1OJ2PZFQYGM25
B01GZ6GN26,A1OJ2PZFQYGM25
B00V9F1RRU,A1OJ2PZFQYGM25
B00KTVR06C,A1OJ2PZFQYGM25
B00JAIH7KO,A1OJ2PZFQYGM25
B00GI5UH54,A1OJ2PZFQYGM25
B00DYFS1AY,A1OJ2PZFQYGM25
B00BFDE11K,A1OJ2PZFQYGM25
B00AI2DT58,A1OJ2PZFQYGM25
B008YFTSHE,A1OJ2PZFQYGM25
B0088BX16S,A1OJ2PZFQYGM25
B007EUN3Q2,A1OJ2PZFQYGM25
B005ZCR8YO,A1OJ2PZFQYGM25
B005MQ3YCS,A1OJ2PZFQYGM25
B004UUCFDQ,A1OJ2PZFQYGM25
B0043X8QZ6,A1OJ2PZFQYGM25
B0041L1SLO,A1OJ2PZFQYGM25
B003YNINSG,A1OJ2PZFQYGM25
B003VSL1IS,A1OJ2PZFQYGM25
B00270Y750,A1OJ2PZFQYGM25
B001RMP8OS,A1OJ2PZFQYGM25
B001O7FEH2,A1OJ2PZFQYGM25
B001MP7HYE,A1OJ2PZFQYGM25
B001DZ1EKG,A1OJ2PZFQYGM25
B00173U0SQ,A1OJ2PZFQYGM25
B0012J11OW,A1OJ2PZFQYGM25
B0012C5IG6,A1OJ2PZFQYGM25
B098THF1SJ,A1OJ2PZFQYGM25
B002EC9IRI,A1OJ2PZFQYGM25
B0BQQNXM8P,A1OJ2PZFQYGM25
B089LR8VD2,A1OJ2PZFQYGM25
B088NM7TDR,A1OJ2PZFQYGM25
B07TMKDMYJ,A1OJ2PZFQYGM25
B01G57QPMS,A1OJ2PZFQYGM25
B004GDNZ7C,A1OJ2PZFQYGM25
B001B14OFY,A1OJ2PZFQYGM25
B0C1MX2BBK,A1OJ2PZFQYGM25
B001LRL4XI,A1OJ2PZFQYGM25
B00005NWMK,A1OJ2PZFQYGM25
B003ATD7OO,A1OJ2PZFQYGM25
B013J7POGU,A1OJ2PZFQYGM25
B07WFJN2K7,A1OJ2PZFQYGM25
4004150116,A1OJ2PZFQYGM25
B07Z5RXBMZ,A1OJ2PZFQYGM25
B01MAW73W9,A1OJ2PZFQYGM25
B000C7YCDC,A1OJ2PZFQYGM25
B000C7UO84,A1OJ2PZFQYGM25
B000BMRXSO,A1OJ2PZFQYGM25
B0002Q9CO2,A1OJ2PZFQYGM25
1621974812,A1OJ2PZFQYGM25
B003LPLSDO,A1OJ2PZFQYGM25
B003H0ZHDU,A1OJ2PZFQYGM25
B005UKZAJG,A1OJ2PZFQYGM25
6317717419,A1OJ2PZFQYGM25
B07KG8XRB4,A1OJ2PZFQYGM25
B000091K9D,A1OJ2PZFQYGM25
B004E3GIZK,A1OJ2PZFQYGM25
B000KKFVLS,A1OJ2PZFQYGM25
B07TD1WSMS,A1OJ2PZFQYGM25
B07S3D912L,A1OJ2PZFQYGM25
B07M836VZ1,A1OJ2PZFQYGM25
B004HMEF9E,A1OJ2PZFQYGM25
B000Y7O0GO,A1OJ2PZFQYGM25
B000H5TUR2,A1OJ2PZFQYGM25
B000NVT0TI,A1OJ2PZFQYGM25
B004INNRS2,A1OJ2PZFQYGM25
B0001OGUTU,A1OJ2PZFQYGM25
B08J2DK6BZ,A1OJ2PZFQYGM25
B08B4Q7YTD,A1OJ2PZFQYGM25
9380359713,A1OJ2PZFQYGM25
B00000DAHY,A1OJ2PZFQYGM25
B01LZIFJQB,A1OJ2PZFQYGM25
B083RCYBVM,A1OJ2PZFQYGM25
4591166724,A1OJ2PZFQYGM25
B00HV1PQF0,A1OJ2PZFQYGM25
B00004Y6BJ,A1OJ2PZFQYGM25
B083JHSVLR,A1OJ2PZFQYGM25
B08HPMCPZG,A1OJ2PZFQYGM25
4003332326,A1OJ2PZFQYGM25
6305425582,A1OJ2PZFQYGM25
B000CB0KG6,A1OJ2PZFQYGM25
B082CYL6T3,A1OJ2PZFQYGM25
B084RP2QW9,A1OJ2PZFQYGM25
B0003DKW84,A1OJ2PZFQYGM25
B09WHRMWGV,A1OJ2PZFQYGM25
9801826517,A1OJ2PZFQYGM25
1635445027,A1OJ2PZFQYGM25
B07YVSVTJ1,A1OJ2PZFQYGM25
B004DJ9IK2,A1OJ2PZFQYGM25
B0002ABTLW,A1OJ2PZFQYGM25
B000COB13E,A1OJ2PZFQYGM25
B07W4PZQ74,A1OJ2PZFQYGM25
B09LQ97YWY,A1OJ2PZFQYGM25
B07CZ72CN8,A1OJ2PZFQYGM25
B097XBW693,A1OJ2PZFQYGM25
B01LTD52Y0,A1OJ2PZFQYGM25
B0CC2MJL2N,A1OJ2PZFQYGM25
B018LKHFCQ,A1OJ2PZFQYGM25
B001FQV1VK,A1OJ2PZFQYGM25
B000CB0KM0,A1OJ2PZFQYGM25
B0B1MCRR88,A1OJ2PZFQYGM25
B002MKREO6,A1OJ2PZFQYGM25
B01MUBS1LS,A1OJ2PZFQYGM25
B015HU97UG,A1OJ2PZFQYGM25
B000WY17FQ,A1OJ2PZFQYGM25
B0757DT5YQ,A1OJ2PZFQYGM25
B003XMSPQ8,A1OJ2PZFQYGM25
B000FSCN6Q,A1OJ2PZFQYGM25
B0BKQYVM9L,A1OJ2PZFQYGM25
B098QC1KW9,A1OJ2PZFQYGM25
B08T8JQ69P,A1OJ2PZFQYGM25
B00IKPFH0U,A1OJ2PZFQYGM25
B003BZLZ8C,A1OJ2PZFQYGM25
B0030B5VSW,A1OJ2PZFQYGM25
B08878HLPF,A1OJ2PZFQYGM25
B08254F3TQ,A1OJ2PZFQYGM25
B07YYMKN8V,A1OJ2PZFQYGM25
B07Y1GZNZT,A1OJ2PZFQYGM25
B07L5FNL27,A1OJ2PZFQYGM25
B07GQZ7CNH,A1OJ2PZFQYGM25
B001TEOLYM,A1OJ2PZFQYGM25
B0B846TM3Y,A1OJ2PZFQYGM25
B07Y5YVH89,A1OJ2PZFQYGM25
B0B3Y3X5L6,A1OJ2PZFQYGM25
B08559YCR3,A1OJ2PZFQYGM25
B001F1YDAQ,A1OJ2PZFQYGM25
B001JIEQQQ,A1OJ2PZFQYGM25
B097D54G2M,A1OJ2PZFQYGM25
B0984XWWJR,A1OJ2PZFQYGM25
B01G1AHBRM,A1OJ2PZFQYGM25
B002UC1B1I,A1OJ2PZFQYGM25
B000092OLU,A1OJ2PZFQYGM25
B0014OLDSY,A1OJ2PZFQYGM25
B08D7DSMVY,A1OJ2PZFQYGM25
B09TG6CRKG,A1OJ2PZFQYGM25
B09TBP8RGK,A1OJ2PZFQYGM25
B09SLGTB4V,A1OJ2PZFQYGM25
B09NQHVT6X,A1OJ2PZFQYGM25
B094DWCLCB,A1OJ2PZFQYGM25
B0941XWH47,A1OJ2PZFQYGM25
B093WNKFNP,A1OJ2PZFQYGM25
B08ZKFVHPZ,A1OJ2PZFQYGM25
B08YP4GBQT,A1OJ2PZFQYGM25
B08XQ8DVJ6,A1OJ2PZFQYGM25
B08NZ1G91Z,A1OJ2PZFQYGM25
B08KXKVDGJ,A1OJ2PZFQYGM25
B08DRB5Q82,A1OJ2PZFQYGM25
B08BCSB4HN,A1OJ2PZFQYGM25
B08BCS9ZWQ,A1OJ2PZFQYGM25
B08BCRW9FD,A1OJ2PZFQYGM25
B001PCXHR0,A1OJ2PZFQYGM25
B000C81PVI,A1OJ2PZFQYGM25
B07ZV3FV2X,A1OJ2PZFQYGM25
B00ELW8SA2,A1OJ2PZFQYGM25
B07WFLPMYX,A1OJ2PZFQYGM25
B07ZDCXY9H,A1OJ2PZFQYGM25
B08B61KWXT,A1OJ2PZFQYGM25
B07YZ8JT28,A1OJ2PZFQYGM25
B000CPZXQ4,A1OJ2PZFQYGM25
B07YSCJ8T3,A1OJ2PZFQYGM25
B00CDSTTG8,A1OJ2PZFQYGM25
B07YH8TCCN,A1OJ2PZFQYGM25
B07WV45PXJ,A1OJ2PZFQYGM25
B07X169BL2,A1OJ2PZFQYGM25
B07VH7HTMN,A1OJ2PZFQYGM25
B07WST7DF3,A1OJ2PZFQYGM25
B08BCRBGGY,A1OJ2PZFQYGM25
B08B8VV713,A1OJ2PZFQYGM25
B08B1FBCM1,A1OJ2PZFQYGM25
B089RFDHTZ,A1OJ2PZFQYGM25
B088M9MXJN,A1OJ2PZFQYGM25
B0882QT1BV,A1OJ2PZFQYGM25
B087WR49ZV,A1OJ2PZFQYGM25
B082L4BF8Z,A1OJ2PZFQYGM25
B0817845GR,A1OJ2PZFQYGM25
B08177BW3X,A1OJ2PZFQYGM25
B08177BNKC,A1OJ2PZFQYGM25
B08176VHG1,A1OJ2PZFQYGM25
B08176PRYB,A1OJ2PZFQYGM25
B08125WBLN,A1OJ2PZFQYGM25
B0811CV862,A1OJ2PZFQYGM25
B07Z4DT5X4,A1OJ2PZFQYGM25
B07YZ58PWD,A1OJ2PZFQYGM25
B07YNHHZ4Q,A1OJ2PZFQYGM25
B07XYZPXN4,A1OJ2PZFQYGM25
B07XML95B4,A1OJ2PZFQYGM25
B07WNFWX9P,A1OJ2PZFQYGM25
B07WBV5MSN,A1OJ2PZFQYGM25
B07W7W3FNW,A1OJ2PZFQYGM25
B07V82XCY3,A1OJ2PZFQYGM25
B07TXXZ1QW,A1OJ2PZFQYGM25
B07RF8LKRV,A1OJ2PZFQYGM25
B07N1YDLHJ,A1OJ2PZFQYGM25
B07MZJ6KXQ,A1OJ2PZFQYGM25
B07H9HSZQV,A1OJ2PZFQYGM25
B0747VNFZ2,A1OJ2PZFQYGM25
B071GVTWH2,A1OJ2PZFQYGM25
B06XGVXGX3,A1OJ2PZFQYGM25
B01N9ORMS9,A1OJ2PZFQYGM25
B01LXM37RS,A1OJ2PZFQYGM25
B01LCD6S72,A1OJ2PZFQYGM25
B01KYPKY74,A1OJ2PZFQYGM25
B01J9LZQP4,A1OJ2PZFQYGM25
B01J93C48Y,A1OJ2PZFQYGM25
B01IEA9O5O,A1OJ2PZFQYGM25
B01HFLOGW4,A1OJ2PZFQYGM25
B01HDU8T66,A1OJ2PZFQYGM25
B01BNJW9DW,A1OJ2PZFQYGM25
B0194CV8KU,A1OJ2PZFQYGM25
B0170133VO,A1OJ2PZFQYGM25
B014PQ93LG,A1OJ2PZFQYGM25
B013ITXF88,A1OJ2PZFQYGM25
B00SCEGU7I,A1OJ2PZFQYGM25
B00QZ3ROXC,A1OJ2PZFQYGM25
B00QL1ZRPK,A1OJ2PZFQYGM25
B00PWLTB8O,A1OJ2PZFQYGM25
B00O4KKW28,A1OJ2PZFQYGM25
B00KSW64DM,A1OJ2PZFQYGM25
B00JFSYYCI,A1OJ2PZFQYGM25
B00I8SN24C,A1OJ2PZFQYGM25
B00F8OMR7M,A1OJ2PZFQYGM25
B00DYUOUCC,A1OJ2PZFQYGM25
B00D8UM1XS,A1OJ2PZFQYGM25
B00BUGPS8C,A1OJ2PZFQYGM25
B00BS1LES2,A1OJ2PZFQYGM25
B00B1C8C4C,A1OJ2PZFQYGM25
B009KT8IPG,A1OJ2PZFQYGM25
B005JDF0BW,A1OJ2PZFQYGM25
B0056Q1L6U,A1OJ2PZFQYGM25
B004UUFAYW,A1OJ2PZFQYGM25
B004RCXLQC,A1OJ2PZFQYGM25
B004L09QLO,A1OJ2PZFQYGM25
B004KGUBBS,A1OJ2PZFQYGM25
B004BTKULK,A1OJ2PZFQYGM25
B0044FT93Q,A1OJ2PZFQYGM25
B003Z1A2Z4,A1OJ2PZFQYGM25
B003G3UA2G,A1OJ2PZFQYGM25
B002PE75AM,A1OJ2PZFQYGM25
B002LMBH70,A1OJ2PZFQYGM25
B002JCUD54,A1OJ2PZFQYGM25
B0027LZMF8,A1OJ2PZFQYGM25
B0027ITU40,A1OJ2PZFQYGM25
B001T6AOGO,A1OJ2PZFQYGM25
B001MQEOSA,A1OJ2PZFQYGM25
B001E1X75Y,A1OJ2PZFQYGM25
B000PSB150,A1OJ2PZFQYGM25
B000PIOVRA,A1OJ2PZFQYGM25
B000K2EAFE,A1OJ2PZFQYGM25
B000H5PYL8,A1OJ2PZFQYGM25
B000G30VNC,A1OJ2PZFQYGM25
B000C7YIZO,A1OJ2PZFQYGM25
B000BO8LOW,A1OJ2PZFQYGM25
B000A7MG96,A1OJ2PZFQYGM25
B0006FGND2,A1OJ2PZFQYGM25
B07KVTQKQC,A1OJ2PZFQYGM25
4048661698,A1OJ2PZFQYGM25
B005EVVF0E,A1OJ2PZFQYGM25
B00028ATY2,A1OJ2PZFQYGM25
B077YB4DL5,A1OJ2PZFQYGM25
B001KWJR8I,A1OJ2PZFQYGM25
B07MNWL1YZ,A1OJ2PZFQYGM25
B07Y88BWFK,A1OJ2PZFQYGM25
B0BMN51RTY,A1OJ2PZFQYGM25
1405046627,A1OJ2PZFQYGM25
B0015HZA0C,A1OJ2PZFQYGM25
B0825TT254,A1OJ2PZFQYGM25
B00005QW5F,A1OJ2PZFQYGM25
B01I0J567O,A1OJ2PZFQYGM25
B00QG83YVC,A1OJ2PZFQYGM25
B00DJJQL3O,A1OJ2PZFQYGM25
B00020M7OA,A1OJ2PZFQYGM25
B091234TVW,A1OJ2PZFQYGM25
B07FW1CNKP,A1OJ2PZFQYGM25
B000I1E8AO,A1OJ2PZFQYGM25
B01DGFXRZK,A1OJ2PZFQYGM25
B000KI791U,A1OJ2PZFQYGM25
B0846X1T4V,A1OJ2PZFQYGM25
B07Y2FNVHX,A1OJ2PZFQYGM25
B07ZJ2J3CG,A1OJ2PZFQYGM25
B01HDZ0Y5A,A1OJ2PZFQYGM25
B003GZXN1E,A1OJ2PZFQYGM25
B0027AGN6Q,A1OJ2PZFQYGM25
B001126ZZ0,A1OJ2PZFQYGM25
B01MQH9YI5,A1OJ2PZFQYGM25
B086SLCJY1,A1OJ2PZFQYGM25
6305425566,A1OJ2PZFQYGM25
B0000049MU,A1OJ2PZFQYGM25
B08KL3L57Z,A1OJ2PZFQYGM25
9574397203,A1OJ2PZFQYGM25
B001CH32LO,A1OJ2PZFQYGM25
B001DQONE4,A1OJ2PZFQYGM25
B00M0V7VSQ,A1OJ2PZFQYGM25
B08R5H33XG,A1OJ2PZFQYGM25
B00006I4CJ,A1OJ2PZFQYGM25
B01LZB7BVT,A1OJ2PZFQYGM25
B07WT2D2RV,A1OJ2PZFQYGM25
B00E3CC0N6,A1OJ2PZFQYGM25
B00SOT677Y,A1OJ2PZFQYGM25
B000053VBJ,A1OJ2PZFQYGM25
B09B45S7QX,A1OJ2PZFQYGM25
B003AFLIR6,A1OJ2PZFQYGM25
B07VRN3CPP,A1OJ2PZFQYGM25
B07X2ZFGSH,A1OJ2PZFQYGM25
B0006Z7NWC,A1OJ2PZFQYGM25
B08K773N2L,A1OJ2PZFQYGM25
B002U26EQ0,A1OJ2PZFQYGM25
B087D2H2VB,A1OJ2PZFQYGM25
B07WJZHKWW,A1OJ2PZFQYGM25
B000256SJA,A1OJ2PZFQYGM25
B08MSWVCK9,A1OJ2PZFQYGM25
B001AGPF8K,A1OJ2PZFQYGM25
B000SOSFGE,A1OJ2PZFQYGM25
B07W99833L,A1OJ2PZFQYGM25
B0000636C8,A1OJ2PZFQYGM25
B089SWXKNP,A1OJ2PZFQYGM25
9670526418,A1OJ2PZFQYGM25
B01KT1V6JI,A1OJ2PZFQYGM25
B00A29CHVY,A1OJ2PZFQYGM25
B000005P18,A1OJ2PZFQYGM25
B08V1B7SGY,A1OJ2PZFQYGM25
B0027AEA2U,A1OJ2PZFQYGM25
B01I0I64XA,A1OJ2PZFQYGM25
B0000027EF,A1OJ2PZFQYGM25
B0B4S73XQ2,A1OJ2PZFQYGM25
B09G8GMBXB,A1OJ2PZFQYGM25
B08BLJ1HVM,A1OJ2PZFQYGM25
B082PQX4WD,A1OJ2PZFQYGM25
B07YXFM4P7,A1OJ2PZFQYGM25
B07WXM961C,A1OJ2PZFQYGM25
B07WV9CSDQ,A1OJ2PZFQYGM25
B07Q1Y2QGC,A1OJ2PZFQYGM25
B07MLY6HT6,A1OJ2PZFQYGM25
B079W7GWGP,A1OJ2PZFQYGM25
B010TZTU92,A1OJ2PZFQYGM25
B00XF8HWSC,A1OJ2PZFQYGM25
B00DIJ6072,A1OJ2PZFQYGM25
B004NVS9QO,A1OJ2PZFQYGM25
B0044FYDZK,A1OJ2PZFQYGM25
B004066N9C,A1OJ2PZFQYGM25
B003OB1C9K,A1OJ2PZFQYGM25
B0BF3RW6JZ,A1OJ2PZFQYGM25
B07Z83SV45,A1OJ2PZFQYGM25
B07WZ35NDW,A1OJ2PZFQYGM25
B00D1ZJ2LY,A1OJ2PZFQYGM25
B07JZ8W66M,A1OJ2PZFQYGM25
B00E1P739Q,A1OJ2PZFQYGM25
B0168ZAE3S,A1OJ2PZFQYGM25
B075SMYQNQ,A1OJ2PZFQYGM25
B07W56Y2QH,A1OJ2PZFQYGM25
B08CQDLZJ2,A1OJ2PZFQYGM25
B078TCGFSG,A1OJ2PZFQYGM25
B07V68TPB7,A1OJ2PZFQYGM25
B008TL8T1O,A1OJ2PZFQYGM25
B01HXD6U5A,A1OJ2PZFQYGM25
B08C6XW5LX,A1OJ2PZFQYGM25
B078V7RL94,A1OJ2PZFQYGM25
B01LY0WKH9,A1OJ2PZFQYGM25
B081LVVJ67,A1OJ2PZFQYGM25
B0816QVSJ6,A1OJ2PZFQYGM25
B01BN64KHI,A1OJ2PZFQYGM25
B07R1S9DNK,A1OJ2PZFQYGM25
B07QSJ1FG5,A1OJ2PZFQYGM25
B07W6DWGLM,A1OJ2PZFQYGM25
B001LX4DOY,A1OJ2PZFQYGM25
B00006CXG9,A1OJ2PZFQYGM25
B08PB16NG2,A1OJ2PZFQYGM25
8973584790,A1OJ2PZFQYGM25
B0854LDD1C,A1OJ2PZFQYGM25
B091JX6RPS,A1OJ2PZFQYGM25
B0012KSXV0,A1OJ2PZFQYGM25
B07WCMFV6Y,A1OJ2PZFQYGM25
B003ZJJGBC,A1OJ2PZFQYGM25
B084HLVM1H,A1OJ2PZFQYGM25
B07ZXF8N2B,A1OJ2PZFQYGM25
B0012JJWU2,A1OJ2PZFQYGM25
B07WDM3RB1,A1OJ2PZFQYGM25
B003BZQ62C,A1OJ2PZFQYGM25
B001GXFXAM,A1OJ2PZFQYGM25
B000W5MRW2,A1OJ2PZFQYGM25
1609317947,A1OJ2PZFQYGM25
B0CLP7ZBMK,A1OJ2PZFQYGM25
B0BG8J5CX1,A1OJ2PZFQYGM25
B09B3GJ6DM,A1OJ2PZFQYGM25
B099N1T6PY,A1OJ2PZFQYGM25
B097YM328D,A1OJ2PZFQYGM25
B0978RWC64,A1OJ2PZFQYGM25
B095PYQG7H,A1OJ2PZFQYGM25
B09173KRRR,A1OJ2PZFQYGM25
B08ZSL92T1,A1OJ2PZFQYGM25
B08ZN7YCBS,A1OJ2PZFQYGM25
B08YXZY2BH,A1OJ2PZFQYGM25
B08YXZWRD9,A1OJ2PZFQYGM25
B084VV2QMK,A1OJ2PZFQYGM25
B0843TG2RJ,A1OJ2PZFQYGM25
B0824CRH1F,A1OJ2PZFQYGM25
B07ZYLHQVK,A1OJ2PZFQYGM25
B07ZNMB4HJ,A1OJ2PZFQYGM25
B07ZHHY1LK,A1OJ2PZFQYGM25
B07ZH5TN3Y,A1OJ2PZFQYGM25
B07Z5Z576S,A1OJ2PZFQYGM25
B07Z5PYNPF,A1OJ2PZFQYGM25
B07YNX3XFM,A1OJ2PZFQYGM25
B07YNWJHRJ,A1OJ2PZFQYGM25
B07YN72ML5,A1OJ2PZFQYGM25
B07YJNYPC3,A1OJ2PZFQYGM25
B07Y1KHR75,A1OJ2PZFQYGM25
B07XYHTD3J,A1OJ2PZFQYGM25
B07XXS5D1D,A1OJ2PZFQYGM25
B08YXZPK7H,A1OJ2PZFQYGM25
B08YXZ5XG7,A1OJ2PZFQYGM25
B08RJDLZX9,A1OJ2PZFQYGM25
B08MTRMX26,A1OJ2PZFQYGM25
B08LCKYYVD,A1OJ2PZFQYGM25
B08GZM1MVN,A1OJ2PZFQYGM25
B08FWFTS9X,A1OJ2PZFQYGM25
B08FSXSLGJ,A1OJ2PZFQYGM25
B08BKVNXQC,A1OJ2PZFQYGM25
B08BG3X9HW,A1OJ2PZFQYGM25
B08B7R7YC2,A1OJ2PZFQYGM25
B08B4SW34L,A1OJ2PZFQYGM25
B089XKZJ47,A1OJ2PZFQYGM25
B089SWT2R9,A1OJ2PZFQYGM25
B089QXMKQ7,A1OJ2PZFQYGM25
B087WZ8X2L,A1OJ2PZFQYGM25
B07XQKZT5T,A1OJ2PZFQYGM25
B07XP67KD7,A1OJ2PZFQYGM25
B07XKDP8WB,A1OJ2PZFQYGM25
B07X7ZMW7D,A1OJ2PZFQYGM25
B07X5LVJS9,A1OJ2PZFQYGM25
B07WZT4Z2P,A1OJ2PZFQYGM25
B07WWBF7GW,A1OJ2PZFQYGM25
B07WP6XLQ2,A1OJ2PZFQYGM25
B07WHLG7HD,A1OJ2PZFQYGM25
B07WFWDYNM,A1OJ2PZFQYGM25
B07WCNYV1R,A1OJ2PZFQYGM25
B07WC5X4RS,A1OJ2PZFQYGM25
B07W7Y3CLC,A1OJ2PZFQYGM25
B07W62FBXN,A1OJ2PZFQYGM25
B07VZXH8F4,A1OJ2PZFQYGM25
B07VZMLG2T,A1OJ2PZFQYGM25
B00CRKF754,A1OJ2PZFQYGM25
B001N7PYU0,A1OJ2PZFQYGM25
B00GWSVH0G,A1OJ2PZFQYGM25
B007G6CEVE,A1OJ2PZFQYGM25
B002PR30SA,A1OJ2PZFQYGM25
B07S3XJ322,A1OJ2PZFQYGM25
B00317FP22,A1OJ2PZFQYGM25
B0BCVD32K5,A1OJ2PZFQYGM25
B09PMHTRKD,A1OJ2PZFQYGM25
B088QJ7WX2,A1OJ2PZFQYGM25
B087PN142B,A1OJ2PZFQYGM25
B07RN2FFH7,A1OJ2PZFQYGM25
B07RFSYRSV,A1OJ2PZFQYGM25
B008SCTFUI,A1OJ2PZFQYGM25
B004QO9CW8,A1OJ2PZFQYGM25
B0BZS4PRJH,A1OJ2PZFQYGM25
B07TYYKS49,A1OJ2PZFQYGM25
B07TQ5LPBG,A1OJ2PZFQYGM25
B07SKMBNVD,A1OJ2PZFQYGM25
B07RR76KCP,A1OJ2PZFQYGM25
B07P4D5GZY,A1OJ2PZFQYGM25
B07HP7Q5HJ,A1OJ2PZFQYGM25
B07GKSVX2M,A1OJ2PZFQYGM25
B07CY8DCD2,A1OJ2PZFQYGM25
B07BH4T8RR,A1OJ2PZFQYGM25
B0786R1R12,A1OJ2PZFQYGM25
B01MCWTVQ0,A1OJ2PZFQYGM25
B01M6E6HQZ,A1OJ2PZFQYGM25
B01M5LFT98,A1OJ2PZFQYGM25
B01LYW1UST,A1OJ2PZFQYGM25
B01LY6TBYV,A1OJ2PZFQYGM25
B01LVUDW45,A1OJ2PZFQYGM25
B01LQR4KBK,A1OJ2PZFQYGM25
B01KADVFZA,A1OJ2PZFQYGM25
B01JS4B11K,A1OJ2PZFQYGM25
B01GJ05KCC,A1OJ2PZFQYGM25
B01EILWSG0,A1OJ2PZFQYGM25
B01A3KWDCO,A1OJ2PZFQYGM25
B0181KHXZA,A1OJ2PZFQYGM25
B017ONTU60,A1OJ2PZFQYGM25
B01707XXUE,A1OJ2PZFQYGM25
B016TQDEHY,A1OJ2PZFQYGM25
B014PW8I70,A1OJ2PZFQYGM25
B00QZHZ9XU,A1OJ2PZFQYGM25
B00QVYQDUU,A1OJ2PZFQYGM25
B00OZSV8OK,A1OJ2PZFQYGM25
B00OZSV30E,A1OJ2PZFQYGM25
B00O80NGAY,A1OJ2PZFQYGM25
B00E8M7ELY,A1OJ2PZFQYGM25
B00DIJ5550,A1OJ2PZFQYGM25
B00DH3CV0Y,A1OJ2PZFQYGM25
B00CRJAJ9Y,A1OJ2PZFQYGM25
B00CG66SA2,A1OJ2PZFQYGM25
B00CAO5I24,A1OJ2PZFQYGM25
B00CALBDG2,A1OJ2PZFQYGM25
B00C7J9HL0,A1OJ2PZFQYGM25
B00C5LH3O8,A1OJ2PZFQYGM25
B009ONU6PS,A1OJ2PZFQYGM25
B0083S12LC,A1OJ2PZFQYGM25
B007QV5GAA,A1OJ2PZFQYGM25
B0061ZQGSS,A1OJ2PZFQYGM25
B0055DQIBW,A1OJ2PZFQYGM25
B004OA162I,A1OJ2PZFQYGM25
B004IRACEA,A1OJ2PZFQYGM25
B004GE6WMQ,A1OJ2PZFQYGM25
B004GDH6BS,A1OJ2PZFQYGM25
B00448JJ3I,A1OJ2PZFQYGM25
B00365Q8LG,A1OJ2PZFQYGM25
B0031BHM9M,A1OJ2PZFQYGM25
B0031BHM1K,A1OJ2PZFQYGM25
B0031BFVGS,A1OJ2PZFQYGM25
B0031BFS7K,A1OJ2PZFQYGM25
B0031BC07Q,A1OJ2PZFQYGM25
B0031B8FIO,A1OJ2PZFQYGM25
B002WPOGQK,A1OJ2PZFQYGM25
B002WMZYRS,A1OJ2PZFQYGM25
B002L1PB50,A1OJ2PZFQYGM25
B002EZU2YS,A1OJ2PZFQYGM25
B002EC0SRC,A1OJ2PZFQYGM25
B001WLJPZC,A1OJ2PZFQYGM25
B0018L22BU,A1OJ2PZFQYGM25
B000VVOMSE,A1OJ2PZFQYGM25
B000OTILQW,A1OJ2PZFQYGM25
B000NM4J02,A1OJ2PZFQYGM25
B000HP9OQ4,A1OJ2PZFQYGM25
B000DZCZLE,A1OJ2PZFQYGM25
B000CSNJVM,A1OJ2PZFQYGM25
B000C7Z8NK,A1OJ2PZFQYGM25
B000BRMZDW,A1OJ2PZFQYGM25
B000BQO3HY,A1OJ2PZFQYGM25
B0006HJ0N0,A1OJ2PZFQYGM25
B0002BEZ1W,A1OJ2PZFQYGM25
1948663015,A1OJ2PZFQYGM25
B003INBOEM,A1OJ2PZFQYGM25
B0000AI4NU,A1OJ2PZFQYGM25
B07X2RFHX5,A1OJ2PZFQYGM25
B00332DB6C,A1OJ2PZFQYGM25
B0036VH972,A1OJ2PZFQYGM25
B00A03M3FM,A1OJ2PZFQYGM25
B08FX1BGYT,A1OJ2PZFQYGM25
B083YXYF7M,A1OJ2PZFQYGM25
B07YG8QX3W,A1OJ2PZFQYGM25
B07WWSLTTQ,A1OJ2PZFQYGM25
B087PC8ZW1,A1OJ2PZFQYGM25
B002XMY8HY,A1OJ2PZFQYGM25
B07WGVH5QL,A1OJ2PZFQYGM25
B002NJLRYO,A1OJ2PZFQYGM25
B08LYS9PRK,A1OJ2PZFQYGM25
B002EZLODQ,A1OJ2PZFQYGM25
B07TB61ZN1,A1OJ2PZFQYGM25
6289505025,A1OJ2PZFQYGM25
B01MY8XSY3,A1OJ2PZFQYGM25
B07WD2LT2W,A1OJ2PZFQYGM25
B07Y2JDTRC,A1OJ2PZFQYGM25
B001QUXNLQ,A1OJ2PZFQYGM25
B00002SWQU,A1OJ2PZFQYGM25
B07C24P4H9,A1OJ2PZFQYGM25
4036356100,A1OJ2PZFQYGM25
B07DD29DX4,A1OJ2PZFQYGM25
B0068FIWJC,A1OJ2PZFQYGM25
B001A4YO2A,A1OJ2PZFQYGM25
B0035PXDGK,A1OJ2PZFQYGM25
B0845VJQ1B,A1OJ2PZFQYGM25
9960672948,A1OJ2PZFQYGM25
B01LYOY824,A1OJ2PZFQYGM25
B08ZD7QXB3,A1OJ2PZFQYGM25
B002T0ID1W,A1OJ2PZFQYGM25
B001446LZY,A1OJ2PZFQYGM25
9655504867,A1OJ2PZFQYGM25
B000SOU8DW,A1OJ2PZFQYGM25
B0159ZN3FO,A1OJ2PZFQYGM25
B0012KSYEG,A1OJ2PZFQYGM25
B07WSTVL8R,A1OJ2PZFQYGM25
612487122X,A1OJ2PZFQYGM25
B01CMJMEB4,A1OJ2PZFQYGM25
B0012KSXSI,A1OJ2PZFQYGM25
B07X7TVZJ5,A1OJ2PZFQYGM25
B0047DVK3W,A1OJ2PZFQYGM25
B00823GL3M,A1OJ2PZFQYGM25
B0012JJWSE,A1OJ2PZFQYGM25
B07NC38Q7H,A1OJ2PZFQYGM25
B01JKX4S8C,A1OJ2PZFQYGM25
B087TMQVNW,A1OJ2PZFQYGM25
B07YLFS3WB,A1OJ2PZFQYGM25
B008CMYCIY,A1OJ2PZFQYGM25
B002ZD6NIS,A1OJ2PZFQYGM25
B003M694LK,A1OJ2PZFQYGM25
B07CMP3N78,A1OJ2PZFQYGM25
B07WJBBXVP,A1OJ2PZFQYGM25
B0012QKT3O,A1OJ2PZFQYGM25
B0BBMRPF7T,A1OJ2PZFQYGM25
B07YRQ2TJF,A1OJ2PZFQYGM25
B0BR3HP46S,A1OJ2PZFQYGM25
B0BD53ND9C,A1OJ2PZFQYGM25
B003XX3IA0,A1OJ2PZFQYGM25
B07YHS3SNZ,A1OJ2PZFQYGM25
B07Z64CSLQ,A1OJ2PZFQYGM25
B07YY4HMS6,A1OJ2PZFQYGM25
B0BGWYZJ5W,A1OJ2PZFQYGM25
B01LYXFCBM,A1OJ2PZFQYGM25
B00KQCOERC,A1OJ2PZFQYGM25
B083SLGR36,A1OJ2PZFQYGM25
B005FLJTCY,A1OJ2PZFQYGM25
B000WWID6E,A1OJ2PZFQYGM25
B07Y5R17L6,A1OJ2PZFQYGM25
B00843HIBO,A1OJ2PZFQYGM25
B07YYYWZN3,A1OJ2PZFQYGM25
B00XPRL5RM,A1OJ2PZFQYGM25
B0BJP1WZRQ,A1OJ2PZFQYGM25
B089S9YPNB,A1OJ2PZFQYGM25
B01IHOGB1C,A1OJ2PZFQYGM25
B0180YZYK8,A1OJ2PZFQYGM25
B0049EWE0C,A1OJ2PZFQYGM25
B01I5I9UYA,A1OJ2PZFQYGM25
B000KC89C4,A1OJ2PZFQYGM25
B01I5UY2JG,A1OJ2PZFQYGM25
B00JGZZ7H6,A1OJ2PZFQYGM25
B000IU37ZW,A1OJ2PZFQYGM25
B097C8544B,A1OJ2PZFQYGM25
B082PD45KM,A1OJ2PZFQYGM25
B000ICM1DE,A1OJ2PZFQYGM25
B09T2MLLZL,A1OJ2PZFQYGM25
B0035YAVIY,A1OJ2PZFQYGM25
B000GIWTJQ,A1OJ2PZFQYGM25
B09P54T9YP,A1OJ2PZFQYGM25
B003W17WBE,A1OJ2PZFQYGM25
B000008P9I,A1OJ2PZFQYGM25
B07Z8KWBD9,A1OJ2PZFQYGM25
B0BG4V696L,A1OJ2PZFQYGM25
B093S2B29J,A1OJ2PZFQYGM25
B08WHKYC8P,A1OJ2PZFQYGM25
B08W2GF54W,A1OJ2PZFQYGM25
B08V4XBBJJ,A1OJ2PZFQYGM25
B08RP51BLR,A1OJ2PZFQYGM25
B08MBXJRLC,A1OJ2PZFQYGM25
B08KBSTY5H,A1OJ2PZFQYGM25
B08FR5S8GN,A1OJ2PZFQYGM25
B08BPH7TBS,A1OJ2PZFQYGM25
B08BF6FL9P,A1OJ2PZFQYGM25
B08B8W64L8,A1OJ2PZFQYGM25
B08B4HKDJ8,A1OJ2PZFQYGM25
B08B4DGKJF,A1OJ2PZFQYGM25
B089NNTJ83,A1OJ2PZFQYGM25
B089CJ5D4T,A1OJ2PZFQYGM25
B0892QV3H7,A1OJ2PZFQYGM25
B07X8YR6MH,A1OJ2PZFQYGM25
B07X6DTG6K,A1OJ2PZFQYGM25
B07X4J1W7L,A1OJ2PZFQYGM25
B07X3MPBV4,A1OJ2PZFQYGM25
B07X1MQMD1,A1OJ2PZFQYGM25
B07WZH5QB2,A1OJ2PZFQYGM25
B07WP5BRHF,A1OJ2PZFQYGM25
B07W6848QM,A1OJ2PZFQYGM25
B07W4F1LJ7,A1OJ2PZFQYGM25
B07VZZF83Y,A1OJ2PZFQYGM25
B07VJ45W41,A1OJ2PZFQYGM25
B07TWYJ3TH,A1OJ2PZFQYGM25
B07TJWJW2Y,A1OJ2PZFQYGM25
B07T757FZY,A1OJ2PZFQYGM25
B07SL5ZFXR,A1OJ2PZFQYGM25
B07S7FKYJR,A1OJ2PZFQYGM25
B07RMSNTF6,A1OJ2PZFQYGM25
B07RFBVKZY,A1OJ2PZFQYGM25
B07RDXR94L,A1OJ2PZFQYGM25
B07JBW5LDF,A1OJ2PZFQYGM25
B078J13N5B,A1OJ2PZFQYGM25
B074TVC7BH,A1OJ2PZFQYGM25
B0725Y9T2N,A1OJ2PZFQYGM25
B01LXJ5HW7,A1OJ2PZFQYGM25
B01L17EZ8I,A1OJ2PZFQYGM25
B01K51ZE54,A1OJ2PZFQYGM25
B01JLVTBPS,A1OJ2PZFQYGM25
B01J8UJL98,A1OJ2PZFQYGM25
B01HFSDIGM,A1OJ2PZFQYGM25
B01BXVAGF8,A1OJ2PZFQYGM25
B01BN91JSS,A1OJ2PZFQYGM25
B017BVS62O,A1OJ2PZFQYGM25
B08ZYLFGY5,A1OJ2PZFQYGM25
B07TWFJ4XW,A1OJ2PZFQYGM25
B00DDVTFMM,A1OJ2PZFQYGM25
B09B2M5QX4,A1OJ2PZFQYGM25
B0897838MZ,A1OJ2PZFQYGM25
B07Z8STZJ4,A1OJ2PZFQYGM25
B07WKYGQYQ,A1OJ2PZFQYGM25
B0781Z7TVV,A1OJ2PZFQYGM25
B0006O3WNW,A1OJ2PZFQYGM25
B0BPGN9SRY,A1OJ2PZFQYGM25
B091YQTB5V,A1OJ2PZFQYGM25
B08CRVRM3T,A1OJ2PZFQYGM25
B07W3N14T8,A1OJ2PZFQYGM25
B07R39FQ56,A1OJ2PZFQYGM25
B00A2F5ZYO,A1OJ2PZFQYGM25
B00A26QV32,A1OJ2PZFQYGM25
B002SSIE8M,A1OJ2PZFQYGM25
B001ICT36G,A1OJ2PZFQYGM25
B0C785RXSP,A1OJ2PZFQYGM25
B0BWFPJBT8,A1OJ2PZFQYGM25
B0BVQKSDDP,A1OJ2PZFQYGM25
B0BLZS96VX,A1OJ2PZFQYGM25
B0BLZQLNDJ,A1OJ2PZFQYGM25
B09H3F6FH4,A1OJ2PZFQYGM25
B09BVYGKD9,A1OJ2PZFQYGM25
B099X93JQX,A1OJ2PZFQYGM25
B099WV33QB,A1OJ2PZFQYGM25
B09937GGK8,A1OJ2PZFQYGM25
B098P8R5VX,A1OJ2PZFQYGM25
B098F46F75,A1OJ2PZFQYGM25
B097GX1QGP,A1OJ2PZFQYGM25
B094YLVNP6,A1OJ2PZFQYGM25
B0170AY9TK,A1OJ2PZFQYGM25
B013IV4O9A,A1OJ2PZFQYGM25
B00S3QFHFQ,A1OJ2PZFQYGM25
B00S3QDBK4,A1OJ2PZFQYGM25
B00PUZL5AO,A1OJ2PZFQYGM25
B00HXLPB80,A1OJ2PZFQYGM25
B00FBP2DOA,A1OJ2PZFQYGM25
B00DKA3A2M,A1OJ2PZFQYGM25
B00B89LI9O,A1OJ2PZFQYGM25
B009S5FPO4,A1OJ2PZFQYGM25
B009Q75BM0,A1OJ2PZFQYGM25
B00945VNFS,A1OJ2PZFQYGM25
B00927M6SG,A1OJ2PZFQYGM25
B007W55GEG,A1OJ2PZFQYGM25
B007IJ0NL2,A1OJ2PZFQYGM25
B005V9UWQW,A1OJ2PZFQYGM25
B088XDV7J2,A1OJ2PZFQYGM25
B086ZX5KDC,A1OJ2PZFQYGM25
B084VVRL2Y,A1OJ2PZFQYGM25
B08431BB94,A1OJ2PZFQYGM25
B081PCRPN2,A1OJ2PZFQYGM25
B07ZR3M6ZP,A1OJ2PZFQYGM25
B07ZJ5G3FP,A1OJ2PZFQYGM25
B07ZHK7H5D,A1OJ2PZFQYGM25
B07YYCZJY8,A1OJ2PZFQYGM25
B07YRSZRNV,A1OJ2PZFQYGM25
B07YKY37B3,A1OJ2PZFQYGM25
B07YKXQ4YC,A1OJ2PZFQYGM25
B07YC265WM,A1OJ2PZFQYGM25
B07Y8SCJBF,A1OJ2PZFQYGM25
B07XH1NBFJ,A1OJ2PZFQYGM25
B07XCWG31L,A1OJ2PZFQYGM25
B005JVGXJM,A1OJ2PZFQYGM25
B0050SXNSI,A1OJ2PZFQYGM25
B004J5HYQU,A1OJ2PZFQYGM25
B004BTOVC4,A1OJ2PZFQYGM25
B003G6O45W,A1OJ2PZFQYGM25
B003747NE2,A1OJ2PZFQYGM25
B002YKL7G0,A1OJ2PZFQYGM25
B002SOH5WM,A1OJ2PZFQYGM25
B002Q7UU8M,A1OJ2PZFQYGM25
B0026GUBQE,A1OJ2PZFQYGM25
B001UKRSOK,A1OJ2PZFQYGM25
B001IZEDO0,A1OJ2PZFQYGM25
B001APVKDK,A1OJ2PZFQYGM25
B0018ZOMX2,A1OJ2PZFQYGM25
B0012TAWS8,A1OJ2PZFQYGM25
B000WK5I8M,A1OJ2PZFQYGM25
B07WX6HW4F,A1OJ2PZFQYGM25
B088CX249Y,A1OJ2PZFQYGM25
B006K3VF6Y,A1OJ2PZFQYGM25
B09573HX4X,A1OJ2PZFQYGM25
B000063SRL,A1OJ2PZFQYGM25
B07YFQPPQS,A1OJ2PZFQYGM25
B0725W6JF3,A1OJ2PZFQYGM25
B0030GQMEO,A1OJ2PZFQYGM25
B0756W1H8L,A1OJ2PZFQYGM25
B09SB3DLJY,A1OJ2PZFQYGM25
B01M00OW72,A1OJ2PZFQYGM25
B07YP2JX1D,A1OJ2PZFQYGM25
B00E32KVK0,A1OJ2PZFQYGM25
B07777K4W9,A1OJ2PZFQYGM25
B002JECSXC,A1OJ2PZFQYGM25
B0843XYXK7,A1OJ2PZFQYGM25
B000I1O6GU,A1OJ2PZFQYGM25
B001CLG6T0,A1OJ2PZFQYGM25
B006WPZUJS,A1OJ2PZFQYGM25
B00KPZJVCI,A1OJ2PZFQYGM25
B0B1ZG2MR2,A1OJ2PZFQYGM25
9390356490,A1OJ2PZFQYGM25
B003TFEOQY,A1OJ2PZFQYGM25
B002UTVT5Y,A1OJ2PZFQYGM25
B00134LXB2,A1OJ2PZFQYGM25
B0CFXVDZW1,A1OJ2PZFQYGM25
B089HW6T4F,A1OJ2PZFQYGM25
B0012KSY3C,A1OJ2PZFQYGM25
B088PMDFSJ,A1OJ2PZFQYGM25
B072DX1RRN,A1OJ2PZFQYGM25
B09QS4PC2Q,A1OJ2PZFQYGM25
B0012JJWKM,A1OJ2PZFQYGM25
B07WWT81V1,A1OJ2PZFQYGM25
B07ZXWJXWR,A1OJ2PZFQYGM25
B01LWXVMDV,A1OJ2PZFQYGM25
B00CTJSQEM,A1OJ2PZFQYGM25
B083FKT1H1,A1OJ2PZFQYGM25
B000VKL0QC,A1OJ2PZFQYGM25
B07WR3582B,A1OJ2PZFQYGM25
B000SOU814,A1OJ2PZFQYGM25
B004U6ITIU,A1OJ2PZFQYGM25
B005M03MZI,A1OJ2PZFQYGM25
B084HLPN14,A1OJ2PZFQYGM25
B000EGDAPC,A1OJ2PZFQYGM25
B07V6FDTJJ,A1OJ2PZFQYGM25
B00N78GS0I,A1OJ2PZFQYGM25
B002M3SHTO,A1OJ2PZFQYGM25
9353436532,A1OJ2PZFQYGM25
B008I1XNRA,A1OJ2PZFQYGM25
B000E4FDJK,A1OJ2PZFQYGM25
B01KTWWE4S,A1OJ2PZFQYGM25
B07XDC4WC8,A1OJ2PZFQYGM25
4101047030,A1OJ2PZFQYGM25
B081M36XXP,A1OJ2PZFQYGM25
B000268RCK,A1OJ2PZFQYGM25
B00GGIHCHY,A1OJ2PZFQYGM25
B0821SK6Y6,A1OJ2PZFQYGM25
4061588486,A1OJ2PZFQYGM25
B00007MF3J,A1OJ2PZFQYGM25
B07BTN7LLN,A1OJ2PZFQYGM25
B0969F3Y7D,A1OJ2PZFQYGM25
4003304632,A1OJ2PZFQYGM25
B00000IQF4,A1OJ2PZFQYGM25
B079FYYNCP,A1OJ2PZFQYGM25
B01NBYBPEQ,A1OJ2PZFQYGM25
B07RVL3ZVG,A1OJ2PZFQYGM25
B095P41D8P,A1OJ2PZFQYGM25
B09GKLN7RT,A1OJ2PZFQYGM25
B083SBLBRY,A1OJ2PZFQYGM25
B085HGLD94,A1OJ2PZFQYGM25
B09CKT156J,A1OJ2PZFQYGM25
B005JDL2IC,A1OJ2PZFQYGM25
B001TW1QW4,A1OJ2PZFQYGM25
B000HS8OD0,A1OJ2PZFQYGM25
B0B144M7Q7,A1OJ2PZFQYGM25
B089MDY3T5,A1OJ2PZFQYGM25
B01MQDHX4D,A1OJ2PZFQYGM25
B00496VDXO,A1OJ2PZFQYGM25
B000KKTEV6,A1OJ2PZFQYGM25
4469120545,A1OJ2PZFQYGM25
B07Y7CRKS6,A1OJ2PZFQYGM25
B07TY6HQQM,A1OJ2PZFQYGM25
B00000FY1L,A1OJ2PZFQYGM25
B07RS82BLQ,A1OJ2PZFQYGM25
B0782T2W84,A1OJ2PZFQYGM25
B000SOX9QK,A1OJ2PZFQYGM25
B008OHDTYA,A1OJ2PZFQYGM25
B07SRFDWN2,A1OJ2PZFQYGM25
B00AAMGU6G,A1OJ2PZFQYGM25
B0006IJT8K,A1OJ2PZFQYGM25
B000CRIK1M,A1OJ2PZFQYGM25
B00009W5HX,A1OJ2PZFQYGM25
B003LXYGEE,A1OJ2PZFQYGM25
B011Y4RA1W,A1OJ2PZFQYGM25
B001QDQS7Y,A1OJ2PZFQYGM25
B01IAHZOEG,A1OJ2PZFQYGM25
B09199D449,A1OJ2PZFQYGM25
B085VKBKC9,A1OJ2PZFQYGM25
B006JHKL70,A1OJ2PZFQYGM25
B002IUP8SO,A1OJ2PZFQYGM25
B09S3PLH2S,A1OJ2PZFQYGM25
B09Q2ZZWQP,A1OJ2PZFQYGM25
B0027AANDA,A1OJ2PZFQYGM25
B001S3BDHW,A1OJ2PZFQYGM25
B0016MZH18,A1OJ2PZFQYGM25
B07FBVLR4Y,A1OJ2PZFQYGM25
B0064MYEPA,A1OJ2PZFQYGM25
B0041CC5HE,A1OJ2PZFQYGM25
B002P5M2W2,A1OJ2PZFQYGM25
1734931620,A1OJ2PZFQYGM25
B07YHS3KPM,A1OJ2PZFQYGM25
B07XBQF21Z,A1OJ2PZFQYGM25
B07W5KQC2H,A1OJ2PZFQYGM25
B00CQ7QJ28,A1OJ2PZFQYGM25
B009ZN2V7S,A1OJ2PZFQYGM25
B0053KJ8VO,A1OJ2PZFQYGM25
B002IAS34A,A1OJ2PZFQYGM25
B0D5YHRHM3,A1OJ2PZFQYGM25
B0BCCPGGPC,A1OJ2PZFQYGM25
B097GJZX1G,A1OJ2PZFQYGM25
B093RQHZ7K,A1OJ2PZFQYGM25
B09289DZBW,A1OJ2PZFQYGM25
B08YR1HQWN,A1OJ2PZFQYGM25
B08W1W5PL8,A1OJ2PZFQYGM25
B08VKMXG18,A1OJ2PZFQYGM25
B08BK4Z7RJ,A1OJ2PZFQYGM25
B08BG5ND7B,A1OJ2PZFQYGM25
B08BG4TM9S,A1OJ2PZFQYGM25
B08BG3ND4F,A1OJ2PZFQYGM25
B08B3PF33H,A1OJ2PZFQYGM25
B0899FZCMC,A1OJ2PZFQYGM25
B0892LDTNT,A1OJ2PZFQYGM25
B088WBL2BS,A1OJ2PZFQYGM25
B088HGMJQ7,A1OJ2PZFQYGM25
B087ZFHC54,A1OJ2PZFQYGM25
B087PCGRFM,A1OJ2PZFQYGM25
B086832W5J,A1OJ2PZFQYGM25
B084HQFCC8,A1OJ2PZFQYGM25
B083XL67N3,A1OJ2PZFQYGM25
B083HPZ3KY,A1OJ2PZFQYGM25
B082SBS32B,A1OJ2PZFQYGM25
B082RWC9D9,A1OJ2PZFQYGM25
B0817NM492,A1OJ2PZFQYGM25
B07ZPF5TXF,A1OJ2PZFQYGM25
B07Z8WRYWV,A1OJ2PZFQYGM25
B07Z8W5H67,A1OJ2PZFQYGM25
B07Z8R31HL,A1OJ2PZFQYGM25
B07YZD7LQP,A1OJ2PZFQYGM25
B07YYKDYKL,A1OJ2PZFQYGM25
B07YLZ63LP,A1OJ2PZFQYGM25
B07W1X4TYS,A1OJ2PZFQYGM25
B07VZZDPYH,A1OJ2PZFQYGM25
B07VZ7TGWR,A1OJ2PZFQYGM25
B07VYVSRPS,A1OJ2PZFQYGM25
B07VVB8D6T,A1OJ2PZFQYGM25
B07VTB2V8Y,A1OJ2PZFQYGM25
B07VRW7B3H,A1OJ2PZFQYGM25
B07VQRC8HB,A1OJ2PZFQYGM25
B07VMMMJCF,A1OJ2PZFQYGM25
B07T7ZBPVY,A1OJ2PZFQYGM25
B07R72DB41,A1OJ2PZFQYGM25
B075Y4XHZG,A1OJ2PZFQYGM25
B075VBZZ98,A1OJ2PZFQYGM25
B01M9G70O2,A1OJ2PZFQYGM25
B01M7MGOVD,A1OJ2PZFQYGM25
B01M72E753,A1OJ2PZFQYGM25
B01M4FDY3S,A1OJ2PZFQYGM25
B01LXU8P60,A1OJ2PZFQYGM25
B01J7XA7F8,A1OJ2PZFQYGM25
B01H6WIQQE,A1OJ2PZFQYGM25
B01H6P6MVC,A1OJ2PZFQYGM25
B01FV1XC4S,A1OJ2PZFQYGM25
B01CVOYAK8,A1OJ2PZFQYGM25
B01C1Q0EXI,A1OJ2PZFQYGM25
B01BNJX2LA,A1OJ2PZFQYGM25
B017Y3PU96,A1OJ2PZFQYGM25
B017Y3NPE8,A1OJ2PZFQYGM25
B014YEZ5UM,A1OJ2PZFQYGM25
B00XU34CNA,A1OJ2PZFQYGM25
B00S8ATK0A,A1OJ2PZFQYGM25
B00PV23SRY,A1OJ2PZFQYGM25
B00PJ9BAQA,A1OJ2PZFQYGM25
B00N6X9KCC,A1OJ2PZFQYGM25
B00LH05W3M,A1OJ2PZFQYGM25
B00IVD3RM6,A1OJ2PZFQYGM25
B00IUS38GW,A1OJ2PZFQYGM25
B00IUQSXZ0,A1OJ2PZFQYGM25
B00IUQS1J8,A1OJ2PZFQYGM25
B00IUQQZ1E,A1OJ2PZFQYGM25
B00IU7W16G,A1OJ2PZFQYGM25
B00H4W86FS,A1OJ2PZFQYGM25
B00H3SQZ6U,A1OJ2PZFQYGM25
B00E0WGMHY,A1OJ2PZFQYGM25
B00DYFUGOI,A1OJ2PZFQYGM25
B00DYFUCJC,A1OJ2PZFQYGM25
B00DG8UMHE,A1OJ2PZFQYGM25
B00DFLF4Z2,A1OJ2PZFQYGM25
B00DD4AOW4,A1OJ2PZFQYGM25
B001EU6K1S,A1OJ2PZFQYGM25
B001EU5XYI,A1OJ2PZFQYGM25
B001EU5DES,A1OJ2PZFQYGM25
B001EU51GS,A1OJ2PZFQYGM25
B001EU4OIE,A1OJ2PZFQYGM25
B001EU3CKA,A1OJ2PZFQYGM25
B001EU180Q,A1OJ2PZFQYGM25
B001ETOGSI,A1OJ2PZFQYGM25
B001E0T1NC,A1OJ2PZFQYGM25
B000O2QSYG,A1OJ2PZFQYGM25
B000O2PJLY,A1OJ2PZFQYGM25
B000HDONXK,A1OJ2PZFQYGM25
B000B5LIAA,A1OJ2PZFQYGM25
B0000AV1EU,A1OJ2PZFQYGM25
9539752566,A1OJ2PZFQYGM25
9539751594,A1OJ2PZFQYGM25
B004GDH5D2,A1OJ2PZFQYGM25
B0040B4MU4,A1OJ2PZFQYGM25
B003ZZAPFW,A1OJ2PZFQYGM25
B003YLM8MA,A1OJ2PZFQYGM25
B003TTX4JS,A1OJ2PZFQYGM25
B003OUPO68,A1OJ2PZFQYGM25
B003LQK7JO,A1OJ2PZFQYGM25
B003DOBRD4,A1OJ2PZFQYGM25
B003B6KZMS,A1OJ2PZFQYGM25
B002YKJRSA,A1OJ2PZFQYGM25
B002SOE2GE,A1OJ2PZFQYGM25
B002N6R2KA,A1OJ2PZFQYGM25
B002EC3U72,A1OJ2PZFQYGM25
B002EC0QHO,A1OJ2PZFQYGM25
B001P28X42,A1OJ2PZFQYGM25
B001NZKJD4,A1OJ2PZFQYGM25
1975451945,A1OJ2PZFQYGM25
B001T6OPAA,A1OJ2PZFQYGM25
B09H3BZL1Q,A1OJ2PZFQYGM25
B07YQVTYV1,A1OJ2PZFQYGM25
B002N5KE0Q,A1OJ2PZFQYGM25
B01MROU64H,A1OJ2PZFQYGM25
B00000DC3C,A1OJ2PZFQYGM25
B002UOUVNA,A1OJ2PZFQYGM25
B00U6LX7TE,A1OJ2PZFQYGM25
B08VGMF8WJ,A1OJ2PZFQYGM25
B09JN698XN,A1OJ2PZFQYGM25
B0913F7BQS,A1OJ2PZFQYGM25
B01JJ73F4M,A1OJ2PZFQYGM25
B001OTGKH8,A1OJ2PZFQYGM25
B07T51XKC9,A1OJ2PZFQYGM25
B00008973M,A1OJ2PZFQYGM25
B09YYTY3HJ,A1OJ2PZFQYGM25
B00015N0GA,A1OJ2PZFQYGM25
B01MA1K5V2,A1OJ2PZFQYGM25
B001L19TFO,A1OJ2PZFQYGM25
163947112X,A1OJ2PZFQYGM25
B07YGQK4HF,A1OJ2PZFQYGM25
B00H2MAFTU,A1OJ2PZFQYGM25
9388810910,A1OJ2PZFQYGM25
B07VXVL9RY,A1OJ2PZFQYGM25
B01FN41BDM,A1OJ2PZFQYGM25
B087X9ZMHM,A1OJ2PZFQYGM25
B092V1NWMZ,A1OJ2PZFQYGM25
B003JH0L9G,A1OJ2PZFQYGM25
B08842D71S,A1OJ2PZFQYGM25
B00CXPHEFO,A1OJ2PZFQYGM25
8537001686,A1OJ2PZFQYGM25
B0001US6SW,A1OJ2PZFQYGM25
9766407479,A1OJ2PZFQYGM25
B088ZBFZ32,A1OJ2PZFQYGM25
B01LTHOZWQ,A1OJ2PZFQYGM25
B08CZXTXXG,A1OJ2PZFQYGM25
6299712716,A1OJ2PZFQYGM25
B07YF34Q75,A1OJ2PZFQYGM25
B0889JVJB4,A1OJ2PZFQYGM25
B00383XYKY,A1OJ2PZFQYGM25
B01L6OG5KW,A1OJ2PZFQYGM25
B01HFWWDTQ,A1OJ2PZFQYGM25
9871839456,A1OJ2PZFQYGM25
B007XCH14Q,A1OJ2PZFQYGM25
B07KK773D9,A1OJ2PZFQYGM25
B002MD3UQE,A1OJ2PZFQYGM25
B071D6MLLV,A1OJ2PZFQYGM25
B07WHJL6F1,A1OJ2PZFQYGM25
9801827505,A1OJ2PZFQYGM25
B001USPU5G,A1OJ2PZFQYGM25
B08X218VMR,A1OJ2PZFQYGM25
B001R4KQEI,A1OJ2PZFQYGM25
B01I0J6ER0,A1OJ2PZFQYGM25
8365437120,A1OJ2PZFQYGM25
B001L6YSW8,A1OJ2PZFQYGM25
B009VG5A7W,A1OJ2PZFQYGM25
B00134DNYW,A1OJ2PZFQYGM25
B01LWA7NU4,A1OJ2PZFQYGM25
4122068282,A1OJ2PZFQYGM25
B0843Y9JP4,A1OJ2PZFQYGM25
B07MDV6YZR,A1OJ2PZFQYGM25
4022647426,A1OJ2PZFQYGM25
B07W5CY618,A1OJ2PZFQYGM25
B07Y1LCPMH,A1OJ2PZFQYGM25
B000062R7P,A1OJ2PZFQYGM25
B0047MQJ4I,A1OJ2PZFQYGM25
B07X98T8PH,A1OJ2PZFQYGM25
B07N72FWC7,A1OJ2PZFQYGM25
B000009SEW,A1OJ2PZFQYGM25
B0952F4XCS,A1OJ2PZFQYGM25
B07WT4S6K5,A1OJ2PZFQYGM25
B09CPKZML4,A1OJ2PZFQYGM25
B000003AM7,A1OJ2PZFQYGM25
B00AKMV4K8,A1OJ2PZFQYGM25
B07W1YY7PL,A1OJ2PZFQYGM25
B00D3PGPCG,A1OJ2PZFQYGM25
B0000004B1,A1OJ2PZFQYGM25
B01M0QEA7Y,A1OJ2PZFQYGM25
B08BS3BK77,A1OJ2PZFQYGM25
B01L0EQX1O,A1OJ2PZFQYGM25
B00YZ58E6S,A1OJ2PZFQYGM25
B01I0I5CTM,A1OJ2PZFQYGM25
B00CMFCBU8,A1OJ2PZFQYGM25
B0043X90II,A1OJ2PZFQYGM25
B00GGODNZI,A1OJ2PZFQYGM25
B00BWTB0WK,A1OJ2PZFQYGM25
B094JT4SMN,A1OJ2PZFQYGM25
B002FJ9LBS,A1OJ2PZFQYGM25
B00008W2UD,A1OJ2PZFQYGM25
B0967TJHTJ,A1OJ2PZFQYGM25
B003CH577Y,A1OJ2PZFQYGM25
8120811119,A1OJ2PZFQYGM25
B001ENPFNO,A1OJ2PZFQYGM25
B01KYREBLM,A1OJ2PZFQYGM25
B0949M94RD,A1OJ2PZFQYGM25
B002STJFP2,A1OJ2PZFQYGM25
5171075476,A1OJ2PZFQYGM25
B019XFH7XA,A1OJ2PZFQYGM25
B000001UO3,A1OJ2PZFQYGM25
B0028O9ZB6,A1OJ2PZFQYGM25
B0757HQDDM,A1OJ2PZFQYGM25
B00LGRYNS6,A1OJ2PZFQYGM25
B006QYXFKG,A1OJ2PZFQYGM25
B00006JK59,A1OJ2PZFQYGM25
B001FT9VXM,A1OJ2PZFQYGM25
B00PKSFEAI,A1OJ2PZFQYGM25
B0167A7UAY,A1OJ2PZFQYGM25
B09PR8F8BQ,A1OJ2PZFQYGM25
B005P4TPUC,A1OJ2PZFQYGM25
B000CKTJKA,A1OJ2PZFQYGM25
B089JK75B7,A1OJ2PZFQYGM25
B000FN2M0I,A1OJ2PZFQYGM25
B00062Z2IW,A1OJ2PZFQYGM25
B09968PFV6,A1OJ2PZFQYGM25
B08MT6KX76,A1OJ2PZFQYGM25
B07X2PFFZB,A1OJ2PZFQYGM25
B0002E3FDI,A1OJ2PZFQYGM25
B09PFGN5B6,A1OJ2PZFQYGM25
B08WRV88RQ,A1OJ2PZFQYGM25
B07YXB59GX,A1OJ2PZFQYGM25
B08P36JXM9,A1OJ2PZFQYGM25
B08BKQ1JW4,A1OJ2PZFQYGM25
B07Z5Q797M,A1OJ2PZFQYGM25
B000LEU6IQ,A1OJ2PZFQYGM25
B002QHHV48,A1OJ2PZFQYGM25
B0000WSA2I,A1OJ2PZFQYGM25
B004YDCJJY,A1OJ2PZFQYGM25
073537533X,A1OJ2PZFQYGM25
B09MZGQWYP,A1OJ2PZFQYGM25
B0893FDTHD,A1OJ2PZFQYGM25
1477075372,A1OJ2PZFQYGM25
B0977H6LKR,A1OJ2PZFQYGM25
B0964S2TKV,A1OJ2PZFQYGM25
B091HYXZ52,A1OJ2PZFQYGM25
B08BPLLWWQ,A1OJ2PZFQYGM25
B07LGFW2LQ,A1OJ2PZFQYGM25
B01LZAVJJL,A1OJ2PZFQYGM25
B01LO33VJ8,A1OJ2PZFQYGM25
B095GG6FDB,A1OJ2PZFQYGM25
B093H82JFY,A1OJ2PZFQYGM25
B0928RZNKD,A1OJ2PZFQYGM25
B08VNGLL3T,A1OJ2PZFQYGM25
B08VHQTZPL,A1OJ2PZFQYGM25
B08SCJ165M,A1OJ2PZFQYGM25
B08R176428,A1OJ2PZFQYGM25
B08LCMP5LV,A1OJ2PZFQYGM25
B08GCYQN31,A1OJ2PZFQYGM25
B08FBX9K74,A1OJ2PZFQYGM25
B08BRP1QCL,A1OJ2PZFQYGM25
B08BK889F2,A1OJ2PZFQYGM25
B08BK7VGPJ,A1OJ2PZFQYGM25
B08B8WNXWD,A1OJ2PZFQYGM25
B089RYRVFQ,A1OJ2PZFQYGM25
B0892HB1ZQ,A1OJ2PZFQYGM25
B088Q25MCV,A1OJ2PZFQYGM25
B088Q1BWR6,A1OJ2PZFQYGM25
B088DL19XS,A1OJ2PZFQYGM25
B084VV5XBV,A1OJ2PZFQYGM25
B083YT3BWX,A1OJ2PZFQYGM25
B083PX6PHS,A1OJ2PZFQYGM25
B083FCPMSS,A1OJ2PZFQYGM25
B082VRVMC2,A1OJ2PZFQYGM25
B082S6DDCN,A1OJ2PZFQYGM25
B081FYJPXX,A1OJ2PZFQYGM25
B0812DVYDB,A1OJ2PZFQYGM25
B07ZYRKQGW,A1OJ2PZFQYGM25
B07ZCBXQNS,A1OJ2PZFQYGM25
B07Z5QD9JP,A1OJ2PZFQYGM25
B07Z5476XH,A1OJ2PZFQYGM25
B07YXQCLZV,A1OJ2PZFQYGM25
B01LHZARHW,A1OJ2PZFQYGM25
B00OVTJNCW,A1OJ2PZFQYGM25
B009IXSVT2,A1OJ2PZFQYGM25
B00393NEBC,A1OJ2PZFQYGM25
B0CDH3C5NN,A1OJ2PZFQYGM25
B0C1S11JZR,A1OJ2PZFQYGM25
B0BX2CFSQX,A1OJ2PZFQYGM25
B0BGLR99QG,A1OJ2PZFQYGM25
B0BF9K1KDC,A1OJ2PZFQYGM25
B0B81H3KYT,A1OJ2PZFQYGM25
B09WCSWMNS,A1OJ2PZFQYGM25
B09RQ1KBK6,A1OJ2PZFQYGM25
B09QBSQJTN,A1OJ2PZFQYGM25
B097CKQZZQ,A1OJ2PZFQYGM25
B0975621K7,A1OJ2PZFQYGM25
B095YXJLG7,A1OJ2PZFQYGM25
B01H65KISK,A1OJ2PZFQYGM25
B01GQJ2DJY,A1OJ2PZFQYGM25
B01DUMW0NE,A1OJ2PZFQYGM25
B01D21G9Y4,A1OJ2PZFQYGM25
B01BN90ZYC,A1OJ2PZFQYGM25
B0181KFADC,A1OJ2PZFQYGM25
B0172MT6EO,A1OJ2PZFQYGM25
B01508ZGIC,A1OJ2PZFQYGM25
B00YZ23NDA,A1OJ2PZFQYGM25
B00XF8AEJ6,A1OJ2PZFQYGM25
B00QVYQIQ4,A1OJ2PZFQYGM25
B00OYDTJT2,A1OJ2PZFQYGM25
B00N6VPZKK,A1OJ2PZFQYGM25
B00MBVDXUA,A1OJ2PZFQYGM25
B00K3T4MVG,A1OJ2PZFQYGM25
B00JFWHV4M,A1OJ2PZFQYGM25
B07Q3WYK99,A1OJ2PZFQYGM25
B07P4CCCMZ,A1OJ2PZFQYGM25
B07N1JY1WW,A1OJ2PZFQYGM25
B07GX4YVNS,A1OJ2PZFQYGM25
B07F3S8T9P,A1OJ2PZFQYGM25
B077BB82DY,A1OJ2PZFQYGM25
B071CK4XHQ,A1OJ2PZFQYGM25
B06XHG98JR,A1OJ2PZFQYGM25
B01M9B7YXW,A1OJ2PZFQYGM25
B01LTHGSSA,A1OJ2PZFQYGM25
B01L6UIOLE,A1OJ2PZFQYGM25
B01JZKBU7M,A1OJ2PZFQYGM25
B01IWM4AVC,A1OJ2PZFQYGM25
B01HOSYWL8,A1OJ2PZFQYGM25
B01H6P7K72,A1OJ2PZFQYGM25
B01H6P710I,A1OJ2PZFQYGM25
B00ITGBEZC,A1OJ2PZFQYGM25
B00IOXQB76,A1OJ2PZFQYGM25
B00IKPRN3O,A1OJ2PZFQYGM25
B00GJ82ADW,A1OJ2PZFQYGM25
B00E0EUGA6,A1OJ2PZFQYGM25
B00DVQQNTW,A1OJ2PZFQYGM25
B00DVQQKOA,A1OJ2PZFQYGM25
B00DHVJFGY,A1OJ2PZFQYGM25
B00CRN13CM,A1OJ2PZFQYGM25
B00BHLE4N0,A1OJ2PZFQYGM25
B009X1SIMY,A1OJ2PZFQYGM25
B009S5H088,A1OJ2PZFQYGM25
B008ZPDCNY,A1OJ2PZFQYGM25
B007I2E39M,A1OJ2PZFQYGM25
B006K8RDN8,A1OJ2PZFQYGM25
B0061DJC2C,A1OJ2PZFQYGM25
B07YM1QT7H,A1OJ2PZFQYGM25
B07YJDG594,A1OJ2PZFQYGM25
B07YBRTSJ9,A1OJ2PZFQYGM25
B07XGR18S3,A1OJ2PZFQYGM25
B07XFMGB61,A1OJ2PZFQYGM25
B07WZ6LVCR,A1OJ2PZFQYGM25
B07W81QCTM,A1OJ2PZFQYGM25
B07W6SYJRD,A1OJ2PZFQYGM25
B07W1BQXB6,A1OJ2PZFQYGM25
B07VZ7YPKL,A1OJ2PZFQYGM25
B07VY5HYWX,A1OJ2PZFQYGM25
B07VWB8XRG,A1OJ2PZFQYGM25
B07TY274TW,A1OJ2PZFQYGM25
B07TT6GNYJ,A1OJ2PZFQYGM25
B07T5LQ3GW,A1OJ2PZFQYGM25
B07S3NLY3F,A1OJ2PZFQYGM25
B0053JBKFW,A1OJ2PZFQYGM25
B004ZH6058,A1OJ2PZFQYGM25
B004QVM43A,A1OJ2PZFQYGM25
B004OA7NV6,A1OJ2PZFQYGM25
B004NMVFVY,A1OJ2PZFQYGM25
B00448IYHK,A1OJ2PZFQYGM25
B0040MPU0E,A1OJ2PZFQYGM25
B003XT7D6O,A1OJ2PZFQYGM25
B003UYCW68,A1OJ2PZFQYGM25
B003TTPGNK,A1OJ2PZFQYGM25
B003N17K1U,A1OJ2PZFQYGM25
B003GLQPFY,A1OJ2PZFQYGM25
B003C01DSI,A1OJ2PZFQYGM25
B003BZQ6B8,A1OJ2PZFQYGM25
B003AKH98I,A1OJ2PZFQYGM25
B002XL5JLE,A1OJ2PZFQYGM25
B002LTNVK4,A1OJ2PZFQYGM25
B002IJK2B8,A1OJ2PZFQYGM25
B002EQVRUU,A1OJ2PZFQYGM25
B0027SOMH0,A1OJ2PZFQYGM25
B0022ZGRIU,A1OJ2PZFQYGM25
B001UL4ALS,A1OJ2PZFQYGM25
B001TEVKQE,A1OJ2PZFQYGM25
B001QFBQMY,A1OJ2PZFQYGM25
B001L9KP7C,A1OJ2PZFQYGM25
B001GMWRM0,A1OJ2PZFQYGM25
B001GMWRG6,A1OJ2PZFQYGM25
B0012M1HWA,A1OJ2PZFQYGM25
B000M9IBDM,A1OJ2PZFQYGM25
B000K2CBZA,A1OJ2PZFQYGM25
B000GU576G,A1OJ2PZFQYGM25
B000CZ4EAA,A1OJ2PZFQYGM25
B000CSNJW6,A1OJ2PZFQYGM25
B000C81PBS,A1OJ2PZFQYGM25
B0007STBLY,A1OJ2PZFQYGM25
B0006O6W1Q,A1OJ2PZFQYGM25
B0006IBGTK,A1OJ2PZFQYGM25
B0002MSM06,A1OJ2PZFQYGM25
B01N8SYS1V,A1OJ2PZFQYGM25
B08M3B1TZW,A1OJ2PZFQYGM25
B00008KFZ0,A1OJ2PZFQYGM25
B07T9MZCB9,A1OJ2PZFQYGM25
B07WJ2B4WC,A1OJ2PZFQYGM25
B07SMD5XTX,A1OJ2PZFQYGM25
B000SOVXN6,A1OJ2PZFQYGM25
B00JMQE3EM,A1OJ2PZFQYGM25
B079KQ8TCP,A1OJ2PZFQYGM25
B000CAYTA0,A1OJ2PZFQYGM25
B004NRF89Y,A1OJ2PZFQYGM25
B01MRN3ZVE,A1OJ2PZFQYGM25
B08VNK8Q5H,A1OJ2PZFQYGM25
B0049TY4NC,A1OJ2PZFQYGM25
B0BV3VKMHH,A1OJ2PZFQYGM25
B07TD6VK89,A1OJ2PZFQYGM25
B00062YA7G,A1OJ2PZFQYGM25
B003J2X98Q,A1OJ2PZFQYGM25
B001L2ZSH6,A1OJ2PZFQYGM25
B088GVHWYT,A1OJ2PZFQYGM25
B00I9LWTUG,A1OJ2PZFQYGM25
B01HO69ZEY,A1OJ2PZFQYGM25
B00LNF1N7U,A1OJ2PZFQYGM25
4333020441,A1OJ2PZFQYGM25
1596689781,A1OJ2PZFQYGM25
B001DSZ7L0,A1OJ2PZFQYGM25
B0BZHKWVZH,A1OJ2PZFQYGM25
B07VBFSY33,A1OJ2PZFQYGM25
4003500180,A1OJ2PZFQYGM25
B078HW2H57,A1OJ2PZFQYGM25
B0044DL9OU,A1OJ2PZFQYGM25
B08BLVD4QX,A1OJ2PZFQYGM25
B003IL8HLW,A1OJ2PZFQYGM25
B0028RXZ1E,A1OJ2PZFQYGM25
B008S1QC0K,A1OJ2PZFQYGM25
B087N2JT1K,A1OJ2PZFQYGM25
B08ZYMTQB2,A1OJ2PZFQYGM25
B00H2BG4LY,A1OJ2PZFQYGM25
B0847NWKTF,A1OJ2PZFQYGM25
B004BTMOUA,A1OJ2PZFQYGM25
B0B54D3RXS,A1OJ2PZFQYGM25
B084GYFS55,A1OJ2PZFQYGM25
B0829VSKT7,A1OJ2PZFQYGM25
B0017J7Y1G,A1OJ2PZFQYGM25
B074NBY716,A1OJ2PZFQYGM25
B00062Z5DO,A1OJ2PZFQYGM25
B01HO403VA,A1OJ2PZFQYGM25
B0964GXHCV,A1OJ2PZFQYGM25
B07FZYN5RN,A1OJ2PZFQYGM25
B07CWNCY6J,A1OJ2PZFQYGM25
B07KX3P4TN,A1OJ2PZFQYGM25
B003DQVZ84,A1OJ2PZFQYGM25
B01M174C84,A1OJ2PZFQYGM25
B00503OR4C,A1OJ2PZFQYGM25
B01M4GHS1P,A1OJ2PZFQYGM25
B00JFXR9DY,A1OJ2PZFQYGM25
B08VVYSBHB,A1OJ2PZFQYGM25
B07WT4TZT9,A1OJ2PZFQYGM25
B01M0O07IJ,A1OJ2PZFQYGM25
B08BZWJQ35,A1OJ2PZFQYGM25
B07WZ2J98H,A1OJ2PZFQYGM25
B08BBY4RYD,A1OJ2PZFQYGM25
B08957SRL2,A1OJ2PZFQYGM25
B081MWMPB3,A1OJ2PZFQYGM25
B009ZLJ2F4,A1OJ2PZFQYGM25
B091THM7FQ,A1OJ2PZFQYGM25
B083Z6ZF5F,A1OJ2PZFQYGM25
B015WMN6ZG,A1OJ2PZFQYGM25
B00J16S0PQ,A1OJ2PZFQYGM25
B07VSFTDVF,A1OJ2PZFQYGM25
B07LGJK6W1,A1OJ2PZFQYGM25
B01KXIXICU,A1OJ2PZFQYGM25
B08KSD41KC,A1OJ2PZFQYGM25
B019QSGSXY,A1OJ2PZFQYGM25
B08672NMRY,A1OJ2PZFQYGM25
B00VT2KE90,A1OJ2PZFQYGM25
B00NBTUQD8,A1OJ2PZFQYGM25
B008CMYGGM,A1OJ2PZFQYGM25
B0035EPBM0,A1OJ2PZFQYGM25
B002N0QA86,A1OJ2PZFQYGM25
B0C5ZWTV86,A1OJ2PZFQYGM25
B08ZHF1PGR,A1OJ2PZFQYGM25
B08BFLZNPS,A1OJ2PZFQYGM25
B087TK2ZL3,A1OJ2PZFQYGM25
B087RKG627,A1OJ2PZFQYGM25
B081VN1PQQ,A1OJ2PZFQYGM25
B07Z6RK8TJ,A1OJ2PZFQYGM25
B07WX35HLZ,A1OJ2PZFQYGM25
B01M35LO7B,A1OJ2PZFQYGM25
B00YDBBUS8,A1OJ2PZFQYGM25
B0052WR16C,A1OJ2PZFQYGM25
B002BXEIRK,A1OJ2PZFQYGM25
B0000AUYOK,A1OJ2PZFQYGM25
B0C8GDXJWN,A1OJ2PZFQYGM25
B0C1H4ZM25,A1OJ2PZFQYGM25
B09RZKZ994,A1OJ2PZFQYGM25
B09FL4ZK3Z,A1OJ2PZFQYGM25
B098LLD3H4,A1OJ2PZFQYGM25
B098L95PDD,A1OJ2PZFQYGM25
B096FG14VW,A1OJ2PZFQYGM25
B094QT7BDR,A1OJ2PZFQYGM25
B09314YK8D,A1OJ2PZFQYGM25
B08LZSHT18,A1OJ2PZFQYGM25
B08CC24JRS,A1OJ2PZFQYGM25
B08C8TV1LK,A1OJ2PZFQYGM25
B08BLH6W3P,A1OJ2PZFQYGM25
B08B8XHR3K,A1OJ2PZFQYGM25
B0882Q5YTX,A1OJ2PZFQYGM25
B087WP1M16,A1OJ2PZFQYGM25
B087R53KXP,A1OJ2PZFQYGM25
B087NZ9NWS,A1OJ2PZFQYGM25
B084X59VNJ,A1OJ2PZFQYGM25
B07QSSQW62,A1OJ2PZFQYGM25
B07N8TZC4F,A1OJ2PZFQYGM25
B07HTNB9ZG,A1OJ2PZFQYGM25
B078YK6THQ,A1OJ2PZFQYGM25
B078VJ2L3Y,A1OJ2PZFQYGM25
B0782WBRFV,A1OJ2PZFQYGM25
B0776YVC3D,A1OJ2PZFQYGM25
B06XHHBVTT,A1OJ2PZFQYGM25
B01M61PFWD,A1OJ2PZFQYGM25
B01M5K5GGK,A1OJ2PZFQYGM25
B01M0W5OM2,A1OJ2PZFQYGM25
B01LXFCYJC,A1OJ2PZFQYGM25
B01KIEKISG,A1OJ2PZFQYGM25
B01K2A84AA,A1OJ2PZFQYGM25
B01JZLEUPK,A1OJ2PZFQYGM25
B01JOETLXO,A1OJ2PZFQYGM25
B01HKLKDOY,A1OJ2PZFQYGM25
B01DBQYDF2,A1OJ2PZFQYGM25
B01AAXLGUE,A1OJ2PZFQYGM25
B018IW9M32,A1OJ2PZFQYGM25
B0181KGMJI,A1OJ2PZFQYGM25
B0181KFK1E,A1OJ2PZFQYGM25
B0181KEGEG,A1OJ2PZFQYGM25
B0118GGT7C,A1OJ2PZFQYGM25
B00YG2JPLS,A1OJ2PZFQYGM25
B00WGE0940,A1OJ2PZFQYGM25
B00S4WQJ06,A1OJ2PZFQYGM25
B00OP5T6JC,A1OJ2PZFQYGM25
B00LI28D6W,A1OJ2PZFQYGM25
B00HPHGRHQ,A1OJ2PZFQYGM25
B00H2B7ESG,A1OJ2PZFQYGM25
B00E1VIYUW,A1OJ2PZFQYGM25
B002NA5W6M,A1OJ2PZFQYGM25
B002L1IN1E,A1OJ2PZFQYGM25
B002JF1LMU,A1OJ2PZFQYGM25
B002DGYWDU,A1OJ2PZFQYGM25
B002643P8M,A1OJ2PZFQYGM25
B001ICC6L0,A1OJ2PZFQYGM25
B001GXFQNQ,A1OJ2PZFQYGM25
B001D4F9E4,A1OJ2PZFQYGM25
B001BOMBH4,A1OJ2PZFQYGM25
B000WFUDO6,A1OJ2PZFQYGM25
B000ROC29G,A1OJ2PZFQYGM25
B000GTUNZ2,A1OJ2PZFQYGM25
B000C7Y6ME,A1OJ2PZFQYGM25
B000C7Y5KM,A1OJ2PZFQYGM25
B000BQ1QTC,A1OJ2PZFQYGM25
B0006O943O,A1OJ2PZFQYGM25
B0002F51ES,A1OJ2PZFQYGM25
B00002NB5A,A1OJ2PZFQYGM25
1664812822,A1OJ2PZFQYGM25
B098NY2DZ6,A1OJ2PZFQYGM25
9871201141,A1OJ2PZFQYGM25
B000EZX4OA,A1OJ2PZFQYGM25
B087F747XX,A1OJ2PZFQYGM25
B07XJD3P82,A1OJ2PZFQYGM25
B07DWH5J2S,A1OJ2PZFQYGM25
B01LX243CE,A1OJ2PZFQYGM25
4579114604,A1OJ2PZFQYGM25
B0BJF2F8RW,A1OJ2PZFQYGM25
B004750O6O,A1OJ2PZFQYGM25
B07XF7Z79G,A1OJ2PZFQYGM25
B07899SN62,A1OJ2PZFQYGM25
B001CBL708,A1OJ2PZFQYGM25
4569901239,A1OJ2PZFQYGM25
B094JGWS5N,A1OJ2PZFQYGM25
B07YF1T9KN,A1OJ2PZFQYGM25
B019QWYR06,A1OJ2PZFQYGM25
B002YKFV5I,A1OJ2PZFQYGM25
B09G6G6947,A1OJ2PZFQYGM25
4006022794,A1OJ2PZFQYGM25
B0C6L2TH38,A1OJ2PZFQYGM25
B07WW3NKMP,A1OJ2PZFQYGM25
B003TYI448,A1OJ2PZFQYGM25
B07GHVBTP3,A1OJ2PZFQYGM25
B08B3YMQ1K,A1OJ2PZFQYGM25
B000SOSHGW,A1OJ2PZFQYGM25
B007WB5DDO,A1OJ2PZFQYGM25
B002EZLOP4,A1OJ2PZFQYGM25
B0843Y8K2D,A1OJ2PZFQYGM25
B001444VMO,A1OJ2PZFQYGM25
B002TEO088,A1OJ2PZFQYGM25
B0091KNTSA,A1OJ2PZFQYGM25
B002C6VMKW,A1OJ2PZFQYGM25
B07ZM7J3F7,A1OJ2PZFQYGM25
B00BPHV18C,A1OJ2PZFQYGM25
B001BGRYVK,A1OJ2PZFQYGM25
B07Z844M1F,A1OJ2PZFQYGM25
B001LVXZUY,A1OJ2PZFQYGM25
B07YN28QP6,A1OJ2PZFQYGM25
B002P5PYJU,A1OJ2PZFQYGM25
B0002PU59Y,A1OJ2PZFQYGM25
B08P2DMQ6S,A1OJ2PZFQYGM25
B07Y33SZW8,A1OJ2PZFQYGM25
B07X9VD73M,A1OJ2PZFQYGM25
B09KNRN1KR,A1OJ2PZFQYGM25
B07XWKXCNH,A1OJ2PZFQYGM25
B009OCFHWQ,A1OJ2PZFQYGM25
B00000C3YH,A1OJ2PZFQYGM25
B083JWSK22,A1OJ2PZFQYGM25
B07Q3ZDF44,A1OJ2PZFQYGM25
B0027A76OY,A1OJ2PZFQYGM25
B07FWDZRPS,A1OJ2PZFQYGM25
B01MAUZ9JL,A1OJ2PZFQYGM25
B001BBCO3S,A1OJ2PZFQYGM25
B07FQXZ3MB,A1OJ2PZFQYGM25
B01D1QV5TY,A1OJ2PZFQYGM25
B000Y1P7QM,A1OJ2PZFQYGM25
B01MG3OWM8,A1OJ2PZFQYGM25
B00C9QLD6I,A1OJ2PZFQYGM25
B08GFH7KGB,A1OJ2PZFQYGM25
B07K4Q1FJ6,A1OJ2PZFQYGM25
B0B15NZVJR,A1OJ2PZFQYGM25
B096ZR2KS9,A1OJ2PZFQYGM25
B07QR2ZQY8,A1OJ2PZFQYGM25
B071W151C6,A1OJ2PZFQYGM25
B07T8NVCQX,A1OJ2PZFQYGM25
B083HGWYTL,A1OJ2PZFQYGM25
B07RZ8PVC1,A1OJ2PZFQYGM25
B08KRLNG3T,A1OJ2PZFQYGM25
B00IPDK9PK,A1OJ2PZFQYGM25
B001BEXAPQ,A1OJ2PZFQYGM25
B08117XCCD,A1OJ2PZFQYGM25
B07SJP3GZM,A1OJ2PZFQYGM25
B08L8SSK61,A1OJ2PZFQYGM25
B002TS32U6,A1OJ2PZFQYGM25
B004QGO334,A1OJ2PZFQYGM25
B0BNNZ9GS6,A1OJ2PZFQYGM25
B001LQWUSC,A1OJ2PZFQYGM25
B0BN964QDD,A1OJ2PZFQYGM25
B08FC7G6PG,A1OJ2PZFQYGM25
B00F99246U,A1OJ2PZFQYGM25
B079YWL9ZX,A1OJ2PZFQYGM25
B000CS7DD2,A1OJ2PZFQYGM25
B07Z5QBJLB,A1OJ2PZFQYGM25
B0199XQU2A,A1OJ2PZFQYGM25
B004J30GHG,A1OJ2PZFQYGM25
B098R4JWH7,A1OJ2PZFQYGM25
B07XLNPK6C,A1OJ2PZFQYGM25
B000F8RB4A,A1OJ2PZFQYGM25
B087NCGWRK,A1OJ2PZFQYGM25
B07ZWNLHMQ,A1OJ2PZFQYGM25
B07Z4NN14F,A1OJ2PZFQYGM25
B002YKLI00,A1OJ2PZFQYGM25
B001O84EY0,A1OJ2PZFQYGM25
B000CQ45GC,A1OJ2PZFQYGM25
B0027XIM76,A1OJ2PZFQYGM25
B0818TVWS2,A1OJ2PZFQYGM25
B07YRHW71Z,A1OJ2PZFQYGM25
B07XJS8QRH,A1OJ2PZFQYGM25
B07WTSTDMM,A1OJ2PZFQYGM25
B076BCDJZY,A1OJ2PZFQYGM25
B017EZ13LS,A1OJ2PZFQYGM25
B008HPVVC6,A1OJ2PZFQYGM25
B000LQN6H2,A1OJ2PZFQYGM25
B000CJ1OWM,A1OJ2PZFQYGM25
B000BQWJCK,A1OJ2PZFQYGM25
B0009XXJ9C,A1OJ2PZFQYGM25
B097ZD57YG,A1OJ2PZFQYGM25
B08HVP284N,A1OJ2PZFQYGM25
B084MCPSHY,A1OJ2PZFQYGM25
B084MCBLCW,A1OJ2PZFQYGM25
B07WHLHQGM,A1OJ2PZFQYGM25
B07VF341DG,A1OJ2PZFQYGM25
B07TTBMR4R,A1OJ2PZFQYGM25
B07T8LMJRF,A1OJ2PZFQYGM25
B07S68D917,A1OJ2PZFQYGM25
B01AJC5T2C,A1OJ2PZFQYGM25
B00E1X9TKE,A1OJ2PZFQYGM25
B002G29MOK,A1OJ2PZFQYGM25
B001NIIS2U,A1OJ2PZFQYGM25
B000C7ZVGE,A1OJ2PZFQYGM25
B0BZ4VNYCF,A1OJ2PZFQYGM25
B0BYNSV4WM,A1OJ2PZFQYGM25
B0BRQDDTDW,A1OJ2PZFQYGM25
B0B6CM6PWH,A1OJ2PZFQYGM25
B0B6CKBPC6,A1OJ2PZFQYGM25
B09JBHVCJR,A1OJ2PZFQYGM25
B09H45ZCQL,A1OJ2PZFQYGM25
B08B8WTFLR,A1OJ2PZFQYGM25
B08B1RJTMW,A1OJ2PZFQYGM25
B089W8P66R,A1OJ2PZFQYGM25
B088W91B9X,A1OJ2PZFQYGM25
B08814K1JF,A1OJ2PZFQYGM25
B084JQTRNX,A1OJ2PZFQYGM25
B083RMRJBB,A1OJ2PZFQYGM25
B081Y33FMD,A1OJ2PZFQYGM25
B081LN1LJD,A1OJ2PZFQYGM25
B081K5F3YN,A1OJ2PZFQYGM25
B08176TGDH,A1OJ2PZFQYGM25
B08175VLF9,A1OJ2PZFQYGM25
B07Z1JM32J,A1OJ2PZFQYGM25
B07YWB7RTV,A1OJ2PZFQYGM25
B07YVPH3CW,A1OJ2PZFQYGM25
B07YHRRW4J,A1OJ2PZFQYGM25
B099Z5H6QQ,A1OJ2PZFQYGM25
B098P2V4DX,A1OJ2PZFQYGM25
B094C9K6QX,A1OJ2PZFQYGM25
B093ZH1XSS,A1OJ2PZFQYGM25
B08ZDPDD2N,A1OJ2PZFQYGM25
B08XW21S4B,A1OJ2PZFQYGM25
B08WHZ9BWZ,A1OJ2PZFQYGM25
B08R2X3L8X,A1OJ2PZFQYGM25
B08KBWG1ZG,A1OJ2PZFQYGM25
B08K8WJCYR,A1OJ2PZFQYGM25
B08FW99VQN,A1OJ2PZFQYGM25
B08CD3NP2S,A1OJ2PZFQYGM25
B08BR8LG2R,A1OJ2PZFQYGM25
B08BHYYZ7B,A1OJ2PZFQYGM25
B08BHN6LJH,A1OJ2PZFQYGM25
B08B8YYCJ3,A1OJ2PZFQYGM25
B07YF7Y86W,A1OJ2PZFQYGM25
B07Y4FJPHK,A1OJ2PZFQYGM25
B07XYVP8K5,A1OJ2PZFQYGM25
B07XPGK8T6,A1OJ2PZFQYGM25
B07X8W5YKC,A1OJ2PZFQYGM25
B07X8JDHXB,A1OJ2PZFQYGM25
B07X518ZFC,A1OJ2PZFQYGM25
B07X3X7T3Z,A1OJ2PZFQYGM25
B07WLKFH6F,A1OJ2PZFQYGM25
B07W8MP4PJ,A1OJ2PZFQYGM25
B07VW874PR,A1OJ2PZFQYGM25
B07V9P2HK8,A1OJ2PZFQYGM25
B07T9Q5YTM,A1OJ2PZFQYGM25
B07RGC33VS,A1OJ2PZFQYGM25
B07R3K4CQB,A1OJ2PZFQYGM25
B07HDG8F35,A1OJ2PZFQYGM25
B004A2E78K,A1OJ2PZFQYGM25
B0044V1E2E,A1OJ2PZFQYGM25
B0042U9GZY,A1OJ2PZFQYGM25
B003M8NZIG,A1OJ2PZFQYGM25
B0031BE1B4,A1OJ2PZFQYGM25
B002YKRLX8,A1OJ2PZFQYGM25
B002XW9KWC,A1OJ2PZFQYGM25
B002U163NK,A1OJ2PZFQYGM25
B002QUYM1A,A1OJ2PZFQYGM25
B002Q3XBAK,A1OJ2PZFQYGM25
B002PYIBTQ,A1OJ2PZFQYGM25
B002NZRQ9I,A1OJ2PZFQYGM25
B002G37J30,A1OJ2PZFQYGM25
B001S2XQKK,A1OJ2PZFQYGM25
B001O3K6I8,A1OJ2PZFQYGM25
B001LENSI0,A1OJ2PZFQYGM25
B0776ZVZ18,A1OJ2PZFQYGM25
B0776ZS7HY,A1OJ2PZFQYGM25
B01M6WOSGF,A1OJ2PZFQYGM25
B01M0A0XRA,A1OJ2PZFQYGM25
B003498RTA,A1OJ2PZFQYGM25
B07PPKD4G5,A1OJ2PZFQYGM25
B091NBDSB2,A1OJ2PZFQYGM25
9386473577,A1OJ2PZFQYGM25
B0BN2BSFT1,A1OJ2PZFQYGM25
B0046I7MSK,A1OJ2PZFQYGM25
B000CBUONA,A1OJ2PZFQYGM25
B08RXW2CJ3,A1OJ2PZFQYGM25
B002VSS89O,A1OJ2PZFQYGM25
487892375X,A1OJ2PZFQYGM25
B00080EVG6,A1OJ2PZFQYGM25
B07QLX7K7F,A1OJ2PZFQYGM25
B07YF3XH2S,A1OJ2PZFQYGM25
B0145Q39LQ,A1OJ2PZFQYGM25
B00061SGTK,A1OJ2PZFQYGM25
9657023432,A1OJ2PZFQYGM25
B00CQL08QM,A1OJ2PZFQYGM25
B00CQKZ6KQ,A1OJ2PZFQYGM25
B00CQKYO4U,A1OJ2PZFQYGM25
B00BETQXY8,A1OJ2PZFQYGM25
B00B1C8FJE,A1OJ2PZFQYGM25
B00A02W6R8,A1OJ2PZFQYGM25
B009M8IHC4,A1OJ2PZFQYGM25
B0084EFV94,A1OJ2PZFQYGM25
B007XRURAG,A1OJ2PZFQYGM25
B00688XSUM,A1OJ2PZFQYGM25
B005UWA6V6,A1OJ2PZFQYGM25
B005UW7XN0,A1OJ2PZFQYGM25
B0051C0KDE,A1OJ2PZFQYGM25
B004GZG01S,A1OJ2PZFQYGM25
B00024ONDE,A1OJ2PZFQYGM25
B07XZ1PTTL,A1OJ2PZFQYGM25
B001BH30VW,A1OJ2PZFQYGM25
B07BS7RY5V,A1OJ2PZFQYGM25
B09ZPDVFLV,A1OJ2PZFQYGM25
B09F5L2XWZ,A1OJ2PZFQYGM25
B08KYLH3JJ,A1OJ2PZFQYGM25
B01HIUDNR6,A1OJ2PZFQYGM25
B08BFMVBN2,A1OJ2PZFQYGM25
B002UBUI4A,A1OJ2PZFQYGM25
B096JWWQMC,A1OJ2PZFQYGM25
B00030NUGI,A1OJ2PZFQYGM25
B07ZJ3DPG1,A1OJ2PZFQYGM25
B07YXL6KL1,A1OJ2PZFQYGM25
B002MONNLK,A1OJ2PZFQYGM25
B0041QM8J0,A1OJ2PZFQYGM25
B000065VBY,A1OJ2PZFQYGM25
B07W92DCBQ,A1OJ2PZFQYGM25
B07K3X966F,A1OJ2PZFQYGM25
4908154341,A1OJ2PZFQYGM25
B08G8XS4ZM,A1OJ2PZFQYGM25
B01LZYAOZA,A1OJ2PZFQYGM25
B0B3DVT2D6,A1OJ2PZFQYGM25
4795839433,A1OJ2PZFQYGM25
B000LQIC8K,A1OJ2PZFQYGM25
B001CGXXAA,A1OJ2PZFQYGM25
B088P7YRTL,A1OJ2PZFQYGM25
4479308067,A1OJ2PZFQYGM25
B00COX2LO4,A1OJ2PZFQYGM25
B08ZSDKWG1,A1OJ2PZFQYGM25
4010932805,A1OJ2PZFQYGM25
B0052XIJVC,A1OJ2PZFQYGM25
B07FYJGDQB,A1OJ2PZFQYGM25
B083Y1VK9H,A1OJ2PZFQYGM25
B07YFTK1CW,A1OJ2PZFQYGM25
B07V7B4DFX,A1OJ2PZFQYGM25
B088B612R8,A1OJ2PZFQYGM25
B004BTQ7AS,A1OJ2PZFQYGM25
B07L3M9QSC,A1OJ2PZFQYGM25
B003XA50LI,A1OJ2PZFQYGM25
B004GDIKAE,A1OJ2PZFQYGM25
B06X15QYF4,A1OJ2PZFQYGM25
B0856VHJQ6,A1OJ2PZFQYGM25
B0002IXJV2,A1OJ2PZFQYGM25
B0BP77YT69,A1OJ2PZFQYGM25
B07YYSVQY4,A1OJ2PZFQYGM25
B09NRJ7KT1,A1OJ2PZFQYGM25
B08XVY9PXX,A1OJ2PZFQYGM25
B0B3SGNDCW,A1OJ2PZFQYGM25
B081ZM19S7,A1OJ2PZFQYGM25
B07XRDMJ9T,A1OJ2PZFQYGM25
B07WNSM446,A1OJ2PZFQYGM25
B084WHVX5F,A1OJ2PZFQYGM25
B07T9Q3PZD,A1OJ2PZFQYGM25
B07LBLBYPX,A1OJ2PZFQYGM25
B000Y52VKI,A1OJ2PZFQYGM25
B08M5XPLWR,A1OJ2PZFQYGM25
B07YV8Z84M,A1OJ2PZFQYGM25
B00YB4SPL2,A1OJ2PZFQYGM25
B00B9VBVXY,A1OJ2PZFQYGM25
B0093LNACM,A1OJ2PZFQYGM25
B07R52T6CH,A1OJ2PZFQYGM25
B07NXPQ718,A1OJ2PZFQYGM25
B071W9LS79,A1OJ2PZFQYGM25
B0006IKE02,A1OJ2PZFQYGM25
B076X2BS2B,A1OJ2PZFQYGM25
B094YP823J,A1OJ2PZFQYGM25
B07VHHSN35,A1OJ2PZFQYGM25
B08KSH874F,A1OJ2PZFQYGM25
B0055BCGBK,A1OJ2PZFQYGM25
B07W4DDGMC,A1OJ2PZFQYGM25
B0837JNZ36,A1OJ2PZFQYGM25
B08CL24MGQ,A1OJ2PZFQYGM25
B07T8LQ7KY,A1OJ2PZFQYGM25
B07XYDWKPN,A1OJ2PZFQYGM25
B01LX7AMAZ,A1OJ2PZFQYGM25
B00IPDK6L2,A1OJ2PZFQYGM25
B08HYRKBCJ,A1OJ2PZFQYGM25
B07W7W5C9V,A1OJ2PZFQYGM25
B005IPV10A,A1OJ2PZFQYGM25
B09BCC6QNB,A1OJ2PZFQYGM25
B09B3QT58S,A1OJ2PZFQYGM25
B0995M7MKC,A1OJ2PZFQYGM25
B098Q2XHP7,A1OJ2PZFQYGM25
B097XRPRBH,A1OJ2PZFQYGM25
B096Q2VD4C,A1OJ2PZFQYGM25
B094D7W7K8,A1OJ2PZFQYGM25
B093QGBSX2,A1OJ2PZFQYGM25
B093PLHL2T,A1OJ2PZFQYGM25
B091BKD66Z,A1OJ2PZFQYGM25
B08Z26MKR9,A1OJ2PZFQYGM25
B08YJCHYWN,A1OJ2PZFQYGM25
B08YCZV38D,A1OJ2PZFQYGM25
B08XMZJBNZ,A1OJ2PZFQYGM25
B08N6BXC6S,A1OJ2PZFQYGM25
B08L38PX64,A1OJ2PZFQYGM25
B08K72V53D,A1OJ2PZFQYGM25
B08K6TWN2H,A1OJ2PZFQYGM25
B08FVPV6G3,A1OJ2PZFQYGM25
B08BKD65XW,A1OJ2PZFQYGM25
B08BCGK364,A1OJ2PZFQYGM25
B08B8X5ZW8,A1OJ2PZFQYGM25
B089T4CFK2,A1OJ2PZFQYGM25
B089LQ45VT,A1OJ2PZFQYGM25
B089JGWC49,A1OJ2PZFQYGM25
B089C5JGW5,A1OJ2PZFQYGM25
B088ZPZ324,A1OJ2PZFQYGM25
B088YBBKQG,A1OJ2PZFQYGM25
B088QDY4KF,A1OJ2PZFQYGM25
B088N9NL5B,A1OJ2PZFQYGM25
B088KRH1CV,A1OJ2PZFQYGM25
B0885FCKLF,A1OJ2PZFQYGM25
B07W5XT9MS,A1OJ2PZFQYGM25
B07VZ4ZPXT,A1OJ2PZFQYGM25
B07TG1BVMG,A1OJ2PZFQYGM25
B07TG12NQY,A1OJ2PZFQYGM25
B07TFZW4B2,A1OJ2PZFQYGM25
B07TBQBBG7,A1OJ2PZFQYGM25
B07T3L5Y3W,A1OJ2PZFQYGM25
B07SB1SB9C,A1OJ2PZFQYGM25
B07S4CTM7P,A1OJ2PZFQYGM25
B07RMXBQJG,A1OJ2PZFQYGM25
B07K88GHBC,A1OJ2PZFQYGM25
B07771P53H,A1OJ2PZFQYGM25
B01N6ZWN0I,A1OJ2PZFQYGM25
B01M6CR8X9,A1OJ2PZFQYGM25
B01M59YJFL,A1OJ2PZFQYGM25
B01LY6GXJ9,A1OJ2PZFQYGM25
B0882SD9VK,A1OJ2PZFQYGM25
B087TJJ6V2,A1OJ2PZFQYGM25
B086DWGVW1,A1OJ2PZFQYGM25
B085GYL9YC,A1OJ2PZFQYGM25
B0833W2JL2,A1OJ2PZFQYGM25
B082846Q5V,A1OJ2PZFQYGM25
B081M9MVS5,A1OJ2PZFQYGM25
B07ZHTM65H,A1OJ2PZFQYGM25
B07Y84W4P6,A1OJ2PZFQYGM25
B07Y82BRVM,A1OJ2PZFQYGM25
B07Y1TTWHG,A1OJ2PZFQYGM25
B07Y1TTFHG,A1OJ2PZFQYGM25
B07XY4Q6HZ,A1OJ2PZFQYGM25
B07XW9Q6KM,A1OJ2PZFQYGM25
B07X8YQJGD,A1OJ2PZFQYGM25
B07WHF5JM6,A1OJ2PZFQYGM25
B017L3GXFY,A1OJ2PZFQYGM25
B00YXE18SC,A1OJ2PZFQYGM25
B00X9M06V4,A1OJ2PZFQYGM25
B00VIOABOW,A1OJ2PZFQYGM25
B00U2PL7SM,A1OJ2PZFQYGM25
B00S3QH9MA,A1OJ2PZFQYGM25
B00S3QGZPW,A1OJ2PZFQYGM25
B00S3QFPSA,A1OJ2PZFQYGM25
B00OVNIPQI,A1OJ2PZFQYGM25
B00NF1FJA2,A1OJ2PZFQYGM25
B00IUSLL7K,A1OJ2PZFQYGM25
B00ID1QM00,A1OJ2PZFQYGM25
B00HPLE35A,A1OJ2PZFQYGM25
B00FSXLQKW,A1OJ2PZFQYGM25
B00CFH32OC,A1OJ2PZFQYGM25
B00B2R001O,A1OJ2PZFQYGM25
B01LOPWIM2,A1OJ2PZFQYGM25
B01K6L1XB2,A1OJ2PZFQYGM25
B01IMGRY34,A1OJ2PZFQYGM25
B01HIWLR5E,A1OJ2PZFQYGM25
B01D3GXS9C,A1OJ2PZFQYGM25
B01BNJWQS0,A1OJ2PZFQYGM25
B01BLMBKMM,A1OJ2PZFQYGM25
B018IWD7J2,A1OJ2PZFQYGM25
B0181KKTY2,A1OJ2PZFQYGM25
B0181KISQI,A1OJ2PZFQYGM25
B017Y3SZB6,A1OJ2PZFQYGM25
B017Y3SRXC,A1OJ2PZFQYGM25
B017Y3QX3I,A1OJ2PZFQYGM25
B017Y3PGO0,A1OJ2PZFQYGM25
B017Y3L4AU,A1OJ2PZFQYGM25
B017Y3L0YK,A1OJ2PZFQYGM25
B008CQTWTO,A1OJ2PZFQYGM25
B008CQTWEY,A1OJ2PZFQYGM25
B0068NH4CU,A1OJ2PZFQYGM25
B004W7RLDQ,A1OJ2PZFQYGM25
B003BI0XR8,A1OJ2PZFQYGM25
B002V02U00,A1OJ2PZFQYGM25
B002M5W9GE,A1OJ2PZFQYGM25
B002HOM1KE,A1OJ2PZFQYGM25
B002HMW20U,A1OJ2PZFQYGM25
B002HMQD3C,A1OJ2PZFQYGM25
B0022ZS12A,A1OJ2PZFQYGM25
B001THI66S,A1OJ2PZFQYGM25
B001J8K0BG,A1OJ2PZFQYGM25
B001GXCPG2,A1OJ2PZFQYGM25
B0013TEA94,A1OJ2PZFQYGM25
B000XO4HNY,A1OJ2PZFQYGM25
B000P9EOW6,A1OJ2PZFQYGM25
B000CRFXLM,A1OJ2PZFQYGM25
B000CQ1YG6,A1OJ2PZFQYGM25
B000C81IIS,A1OJ2PZFQYGM25
B000BOHIX2,A1OJ2PZFQYGM25
B000AM8BS6,A1OJ2PZFQYGM25
B000810A8S,A1OJ2PZFQYGM25
B0006O1Z5Y,A1OJ2PZFQYGM25
B0000WP4YK,A1OJ2PZFQYGM25
1483851273,A1OJ2PZFQYGM25
1470471078,A1OJ2PZFQYGM25
1420683098,A1OJ2PZFQYGM25
B0032J8NO6,A1OJ2PZFQYGM25
B0899JR1LK,A1OJ2PZFQYGM25
938666805X,A1OJ2PZFQYGM25
B07YMLDKLM,A1OJ2PZFQYGM25
B07SJQ91TV,A1OJ2PZFQYGM25
B0029Y34HG,A1OJ2PZFQYGM25
B07X9R5XLR,A1OJ2PZFQYGM25
B07S3MP3YF,A1OJ2PZFQYGM25
B091BLKJ2S,A1OJ2PZFQYGM25
B001MT6HMS,A1OJ2PZFQYGM25
B003J2Z27W,A1OJ2PZFQYGM25
B09552FLDQ,A1OJ2PZFQYGM25
B006AVN6FE,A1OJ2PZFQYGM25
B0047DVNRA,A1OJ2PZFQYGM25
9766101647,A1OJ2PZFQYGM25
B08X9Z49NM,A1OJ2PZFQYGM25
B001LKLKU2,A1OJ2PZFQYGM25
B016RTHWTY,A1OJ2PZFQYGM25
B0016I5YBK,A1OJ2PZFQYGM25
B091DZCST3,A1OJ2PZFQYGM25
B01M68LTCD,A1OJ2PZFQYGM25
B00007LL2L,A1OJ2PZFQYGM25
B07Y8RCVZG,A1OJ2PZFQYGM25
B009Q75G8Y,A1OJ2PZFQYGM25
B000003YST,A1OJ2PZFQYGM25
B08RJ5M14D,A1OJ2PZFQYGM25
6257266998,A1OJ2PZFQYGM25
B01NBB0S26,A1OJ2PZFQYGM25
B07KLFM72D,A1OJ2PZFQYGM25
B00028HOEA,A1OJ2PZFQYGM25
B01N1ZW3DF,A1OJ2PZFQYGM25
B01AXBGKUY,A1OJ2PZFQYGM25
B07ZBWQH25,A1OJ2PZFQYGM25
9211013720,A1OJ2PZFQYGM25
B0057T2HUU,A1OJ2PZFQYGM25
B07KVZ8TH7,A1OJ2PZFQYGM25
B000I2KPO6,A1OJ2PZFQYGM25
B0041OZL28,A1OJ2PZFQYGM25
B07XCJD36P,A1OJ2PZFQYGM25
B008MVSUB0,A1OJ2PZFQYGM25
9774167872,A1OJ2PZFQYGM25
B001FOK70S,A1OJ2PZFQYGM25
B000F0UV0E,A1OJ2PZFQYGM25
B08YYG7HSH,A1OJ2PZFQYGM25
B07WVG7H4P,A1OJ2PZFQYGM25
898314369X,A1OJ2PZFQYGM25
B00GY0KCEO,A1OJ2PZFQYGM25
B0000C1ZMU,A1OJ2PZFQYGM25
B006PKJ9UG,A1OJ2PZFQYGM25
B00000J8JS,A1OJ2PZFQYGM25
B099QPNH8F,A1OJ2PZFQYGM25
B07BDG51BM,A1OJ2PZFQYGM25
B000002WSB,A1OJ2PZFQYGM25
B076W4GJPL,A1OJ2PZFQYGM25
B0013FJ6KG,A1OJ2PZFQYGM25
B08KRVPFGC,A1OJ2PZFQYGM25
B003VS8MB2,A1OJ2PZFQYGM25
B07G4TJ29X,A1OJ2PZFQYGM25
B000GTXNI6,A1OJ2PZFQYGM25
B000CMIG66,A1OJ2PZFQYGM25
B0002SRDF0,A1OJ2PZFQYGM25
B07QY3PN1G,A1OJ2PZFQYGM25
B07WFPHC7N,A1OJ2PZFQYGM25
B00OPBO9W0,A1OJ2PZFQYGM25
B000O1O76S,A1OJ2PZFQYGM25
B00KIFABEM,A1OJ2PZFQYGM25
B01L6OG26E,A1OJ2PZFQYGM25
8186336869,A1OJ2PZFQYGM25
B00QU60MLA,A1OJ2PZFQYGM25
B01L0EQVZC,A1OJ2PZFQYGM25
B0BX9HFZZ3,A1OJ2PZFQYGM25
6249543805,A1OJ2PZFQYGM25
B07BC2Y7GC,A1OJ2PZFQYGM25
B003BZL9E2,A1OJ2PZFQYGM25
B01I3SPP82,A1OJ2PZFQYGM25
B004NTMNJ0,A1OJ2PZFQYGM25
B000GHVBC8,A1OJ2PZFQYGM25
B01I3SP3FM,A1OJ2PZFQYGM25
B01A9X4PEO,A1OJ2PZFQYGM25
B002QCKOO2,A1OJ2PZFQYGM25
B00IPDJKOQ,A1OJ2PZFQYGM25
B000HI35HA,A1OJ2PZFQYGM25
B000C801AY,A1OJ2PZFQYGM25
B0BXSMZRR3,A1OJ2PZFQYGM25
B097S69188,A1OJ2PZFQYGM25
B08BC6Q1VW,A1OJ2PZFQYGM25
B0897BG5N7,A1OJ2PZFQYGM25
B01LR0G35C,A1OJ2PZFQYGM25
B008BU937W,A1OJ2PZFQYGM25
B002NEYNWM,A1OJ2PZFQYGM25
1884548709,A1OJ2PZFQYGM25
B0C2NZRTRR,A1OJ2PZFQYGM25
B09D1L9L1Y,A1OJ2PZFQYGM25
B098H8RZD3,A1OJ2PZFQYGM25
B097F6KML8,A1OJ2PZFQYGM25
B096Z3SPVQ,A1OJ2PZFQYGM25
B01I0I5N8C,A1OJ2PZFQYGM25
B00YTK02FK,A1OJ2PZFQYGM25
B0BGYRS29K,A1OJ2PZFQYGM25
B001KSVWJO,A1OJ2PZFQYGM25
B089R5BXS7,A1OJ2PZFQYGM25
B001A9GAAO,A1OJ2PZFQYGM25
B094JCLN8F,A1OJ2PZFQYGM25
B0013CLQ7K,A1OJ2PZFQYGM25
B01LW2INHK,A1OJ2PZFQYGM25
B001383MR6,A1OJ2PZFQYGM25
B0869JK46Q,A1OJ2PZFQYGM25
B0012IV6KW,A1OJ2PZFQYGM25
B000CAVE4O,A1OJ2PZFQYGM25
B00104CJ72,A1OJ2PZFQYGM25
B08249WS9J,A1OJ2PZFQYGM25
B000K7VHXM,A1OJ2PZFQYGM25
B095NBCRH1,A1OJ2PZFQYGM25
B093FBZ6NQ,A1OJ2PZFQYGM25
B092SSY4LZ,A1OJ2PZFQYGM25
B08W148XD9,A1OJ2PZFQYGM25
B08NP3HBMF,A1OJ2PZFQYGM25
B08LZWLJF4,A1OJ2PZFQYGM25
B08B91TN4Q,A1OJ2PZFQYGM25
B08B8ZK3B7,A1OJ2PZFQYGM25
B08B8WCNJG,A1OJ2PZFQYGM25
B08B68SBFX,A1OJ2PZFQYGM25
B089KJLJDP,A1OJ2PZFQYGM25
B088TYH3BQ,A1OJ2PZFQYGM25
B087YYB2B5,A1OJ2PZFQYGM25
B084KGS7G7,A1OJ2PZFQYGM25
B0829CGB39,A1OJ2PZFQYGM25
B07ZV67BYT,A1OJ2PZFQYGM25
B07BP5P1BC,A1OJ2PZFQYGM25
B072MQRM72,A1OJ2PZFQYGM25
B01M6TH36V,A1OJ2PZFQYGM25
B01M5EJN7I,A1OJ2PZFQYGM25
B01M5EJKZZ,A1OJ2PZFQYGM25
B01M30FG37,A1OJ2PZFQYGM25
B01M03B8BD,A1OJ2PZFQYGM25
B01LW19MGE,A1OJ2PZFQYGM25
B01KW9Y4P0,A1OJ2PZFQYGM25
B01KTQOS5C,A1OJ2PZFQYGM25
B01KTQJ77Q,A1OJ2PZFQYGM25
B01KRAZ688,A1OJ2PZFQYGM25
B01BN91816,A1OJ2PZFQYGM25
B01BN8XAWW,A1OJ2PZFQYGM25
B017WSAWM8,A1OJ2PZFQYGM25
B014QZAA72,A1OJ2PZFQYGM25
B07ZPR3BX1,A1OJ2PZFQYGM25
B07Z1RWQ62,A1OJ2PZFQYGM25
B07YRWMPBK,A1OJ2PZFQYGM25
B07YRW9W7K,A1OJ2PZFQYGM25
B07YJS2XCS,A1OJ2PZFQYGM25
B07WQRY3MD,A1OJ2PZFQYGM25
B07W917QBL,A1OJ2PZFQYGM25
B07W7P4ZZY,A1OJ2PZFQYGM25
B07W5WZPM8,A1OJ2PZFQYGM25
B07VSC14LL,A1OJ2PZFQYGM25
B07TM6TH7H,A1OJ2PZFQYGM25
B07RGKZ9YJ,A1OJ2PZFQYGM25
B07QBYLLLR,A1OJ2PZFQYGM25
B07MN1GKJ5,A1OJ2PZFQYGM25
B07M6G6HPT,A1OJ2PZFQYGM25
B07L4M4352,A1OJ2PZFQYGM25
B003ZXTEFG,A1OJ2PZFQYGM25
B003L2MU7A,A1OJ2PZFQYGM25
B003BZLXQQ,A1OJ2PZFQYGM25
B002VKKWWI,A1OJ2PZFQYGM25
B002PXJNJO,A1OJ2PZFQYGM25
B002H3AWPG,A1OJ2PZFQYGM25
B001QQ1IOO,A1OJ2PZFQYGM25
B001PZB8UA,A1OJ2PZFQYGM25
B001DMNV3W,A1OJ2PZFQYGM25
B001DCGSQE,A1OJ2PZFQYGM25
B000S1A18C,A1OJ2PZFQYGM25
B000P0W5B2,A1OJ2PZFQYGM25
B000JKHS0G,A1OJ2PZFQYGM25
B000CPJ15I,A1OJ2PZFQYGM25
B000C81N24,A1OJ2PZFQYGM25
B000BQXUUA,A1OJ2PZFQYGM25
B0006VO7IY,A1OJ2PZFQYGM25
B0006O0A6O,A1OJ2PZFQYGM25
B0001IP920,A1OJ2PZFQYGM25
1635446678,A1OJ2PZFQYGM25
B07R9JWBB1,A1OJ2PZFQYGM25
B0027WNOK2,A1OJ2PZFQYGM25
B095K9GLMX,A1OJ2PZFQYGM25
B07VYTFS35,A1OJ2PZFQYGM25
B08HV8BJD4,A1OJ2PZFQYGM25
B07YJNZPMX,A1OJ2PZFQYGM25
B003J2XBGG,A1OJ2PZFQYGM25
B089DQ55ZK,A1OJ2PZFQYGM25
B07ZVDBR6H,A1OJ2PZFQYGM25
B002SHVLVA,A1OJ2PZFQYGM25
B00B4W6I72,A1OJ2PZFQYGM25
8584440739,A1OJ2PZFQYGM25
B087KF31VC,A1OJ2PZFQYGM25
B07NBCMVXX,A1OJ2PZFQYGM25
B00002ND61,A1OJ2PZFQYGM25
B0010WAC50,A1OJ2PZFQYGM25
B0000049QM,A1OJ2PZFQYGM25
B08B4HD7ZD,A1OJ2PZFQYGM25
B08723TXVB,A1OJ2PZFQYGM25
B0052RV1HW,A1OJ2PZFQYGM25
B012HTX3TQ,A1OJ2PZFQYGM25
1910378224,A1OJ2PZFQYGM25
B0036HMNZE,A1OJ2PZFQYGM25
B0BYTCCNGS,A1OJ2PZFQYGM25
B07W99NV8Q,A1OJ2PZFQYGM25
B004V4GY0G,A1OJ2PZFQYGM25
B0842SV9WX,A1OJ2PZFQYGM25
B01M9FMBRB,A1OJ2PZFQYGM25
B01HSF7MW8,A1OJ2PZFQYGM25
B003GEDM3E,A1OJ2PZFQYGM25
B001BZL3I6,A1OJ2PZFQYGM25
B07YFT98DG,A1OJ2PZFQYGM25
B079FGN89H,A1OJ2PZFQYGM25
B0034PWIRQ,A1OJ2PZFQYGM25
B003BZYYOO,A1OJ2PZFQYGM25
B07VZMGSWH,A1OJ2PZFQYGM25
B00000E57R,A1OJ2PZFQYGM25
B08923XP2N,A1OJ2PZFQYGM25
B07XV92XB8,A1OJ2PZFQYGM25
B08B18WQWS,A1OJ2PZFQYGM25
B00HMDD4QA,A1OJ2PZFQYGM25
B00021UKBG,A1OJ2PZFQYGM25
B00PUPE4UM,A1OJ2PZFQYGM25
B001UJSVZ6,A1OJ2PZFQYGM25
B085G1GTGN,A1OJ2PZFQYGM25
B003JPJ21Q,A1OJ2PZFQYGM25
B01HNXT9B2,A1OJ2PZFQYGM25
B008E6QMW2,A1OJ2PZFQYGM25
7205103541,A1OJ2PZFQYGM25
B003GOYQ1G,A1OJ2PZFQYGM25
B084TQB42V,A1OJ2PZFQYGM25
B0933PXCZS,A1OJ2PZFQYGM25
B0867ZY4QV,A1OJ2PZFQYGM25
B006PNQOZ6,A1OJ2PZFQYGM25
B0C14PCB9N,A1OJ2PZFQYGM25
B0882P9T7W,A1OJ2PZFQYGM25
B098W5NFQ7,A1OJ2PZFQYGM25
4871876098,A1OJ2PZFQYGM25
B0001JXP52,A1OJ2PZFQYGM25
B000003XTO,A1OJ2PZFQYGM25
B085H7LVSD,A1OJ2PZFQYGM25
B089W7RZVC,A1OJ2PZFQYGM25
B09F6SDCNN,A1OJ2PZFQYGM25
B00008MNCX,A1OJ2PZFQYGM25
B07NT2W715,A1OJ2PZFQYGM25
B07ZKXVGX1,A1OJ2PZFQYGM25
B09L8F6BCT,A1OJ2PZFQYGM25
B01L1FXDJC,A1OJ2PZFQYGM25
085953135X,A1OJ2PZFQYGM25
B08G5547YX,A1OJ2PZFQYGM25
B00009MEJT,A1OJ2PZFQYGM25
B001OTG2PI,A1OJ2PZFQYGM25
B00005V3CO,A1OJ2PZFQYGM25
B07PQJ1SRC,A1OJ2PZFQYGM25
B085XP6VDK,A1OJ2PZFQYGM25
B0019X400S,A1OJ2PZFQYGM25
B0BRMLCCSJ,A1OJ2PZFQYGM25
B07DWBJ9PB,A1OJ2PZFQYGM25
B006I8GXCC,A1OJ2PZFQYGM25
B0968Z7HKP,A1OJ2PZFQYGM25
B008MNFA84,A1OJ2PZFQYGM25
B001GG7DUM,A1OJ2PZFQYGM25
B002DPY5QK,A1OJ2PZFQYGM25
B081YY8C3T,A1OJ2PZFQYGM25
B00000DBPU,A1OJ2PZFQYGM25
9874150033,A1OJ2PZFQYGM25
B01B0WUO0C,A1OJ2PZFQYGM25
B002G8YGB8,A1OJ2PZFQYGM25
B003QI2H8G,A1OJ2PZFQYGM25
8501013579,A1OJ2PZFQYGM25
B089DQKN53,A1OJ2PZFQYGM25
B08YNM83JD,A1OJ2PZFQYGM25
B00164GZCQ,A1OJ2PZFQYGM25
B07N7FFMXV,A1OJ2PZFQYGM25
B08F7Y7TQX,A1OJ2PZFQYGM25
B087S85HRL,A1OJ2PZFQYGM25
B092KN9VGB,A1OJ2PZFQYGM25
B0B2BBRKK4,A1OJ2PZFQYGM25
B00SQCQLCA,A1OJ2PZFQYGM25
B01FN2LKNA,A1OJ2PZFQYGM25
B082SS13Y9,A1OJ2PZFQYGM25
B07ZB1JXHP,A1OJ2PZFQYGM25
B07W2Z9YCV,A1OJ2PZFQYGM25
B005IZXQTO,A1OJ2PZFQYGM25
9811234906,A1OJ2PZFQYGM25
B002LMOCDQ,A1OJ2PZFQYGM25
B00029LN5U,A1OJ2PZFQYGM25
B09LQZRJCV,A1OJ2PZFQYGM25
B002OIMVO4,A1OJ2PZFQYGM25
B096W1G581,A1OJ2PZFQYGM25
8432237728,A1OJ2PZFQYGM25
B000GPO3PW,A1OJ2PZFQYGM25
B0034CKP9W,A1OJ2PZFQYGM25
B0001ZA3EW,A1OJ2PZFQYGM25
B07GXBTH82,A1OJ2PZFQYGM25
B07Z1JD4PN,A1OJ2PZFQYGM25
B01IVKJEYS,A1OJ2PZFQYGM25
B002V9JZWM,A1OJ2PZFQYGM25
B092V97PGP,A1OJ2PZFQYGM25
B07WD6CLPD,A1OJ2PZFQYGM25
B08N6WQL9H,A1OJ2PZFQYGM25
B0CXTWGDZN,A1OJ2PZFQYGM25
B0BZV435ZL,A1OJ2PZFQYGM25
9659270003,A1OJ2PZFQYGM25
B01LX5Y2Z2,A1OJ2PZFQYGM25
B000005S5Y,A1OJ2PZFQYGM25
B089LS3K5Y,A1OJ2PZFQYGM25
B00LCL7UCM,A1OJ2PZFQYGM25
B006ISJRDO,A1OJ2PZFQYGM25
B099KJSRC5,A1OJ2PZFQYGM25
9354943780,A1OJ2PZFQYGM25
B06XY8C4M8,A1OJ2PZFQYGM25
B08KH2KBFF,A1OJ2PZFQYGM25
B08ZM62CBD,A1OJ2PZFQYGM25
B08NK97Q4Z,A1OJ2PZFQYGM25
933258740X,A1OJ2PZFQYGM25
B07YYFQNHF,A1OJ2PZFQYGM25
B000GETA7E,A1OJ2PZFQYGM25
B082PQ9T73,A1OJ2PZFQYGM25
B011Y4SBGK,A1OJ2PZFQYGM25
B08869RWC3,A1OJ2PZFQYGM25
B092PVH971,A1OJ2PZFQYGM25
B01KBI5TTC,A1OJ2PZFQYGM25
B017WUCWOW,A1OJ2PZFQYGM25
4757564899,A1OJ2PZFQYGM25
B088T4BJJ2,A1OJ2PZFQYGM25
B087Z586J1,A1OJ2PZFQYGM25
B0047DA420,A1OJ2PZFQYGM25
B01K0TIG1U,A1OJ2PZFQYGM25
B002DMLJGC,A1OJ2PZFQYGM25
B0002YU7RU,A1OJ2PZFQYGM25
B07YPYGH97,A1OJ2PZFQYGM25
B0038P1DA0,A1OJ2PZFQYGM25
B00QJ5M1K2,A1OJ2PZFQYGM25
B094ML23Z5,A1OJ2PZFQYGM25
981283432X,A1OJ2PZFQYGM25
B083BTRM5W,A1OJ2PZFQYGM25
B0791TR1S5,A1OJ2PZFQYGM25
B07XYMM1L4,A1OJ2PZFQYGM25
B000Y004PW,A1OJ2PZFQYGM25
B07WHJPQTD,A1OJ2PZFQYGM25
B01IPDC8VM,A1OJ2PZFQYGM25
B07W7P9TJB,A1OJ2PZFQYGM25
B0BXL9VSW7,A1OJ2PZFQYGM25
B08B4MJF92,A1OJ2PZFQYGM25
B00K8V2ZJA,A1OJ2PZFQYGM25
9652228621,A1OJ2PZFQYGM25
B07R6NN3B7,A1OJ2PZFQYGM25
B004YHBACC,A1OJ2PZFQYGM25
B00068OS2W,A1OJ2PZFQYGM25
B0010X741Y,A1OJ2PZFQYGM25
9352534719,A1OJ2PZFQYGM25
B002S1ECZI,A1OJ2PZFQYGM25
B00DKO4XOM,A1OJ2PZFQYGM25
B003RGIHCC,A1OJ2PZFQYGM25
B07M9WN4CM,A1OJ2PZFQYGM25
B07Y4P5VN5,A1OJ2PZFQYGM25
B000EWAVTO,A1OJ2PZFQYGM25
B000094Q1K,A1OJ2PZFQYGM25
B09CNCWKNX,A1OJ2PZFQYGM25
B07QTQB5SN,A1OJ2PZFQYGM25
B07WCK8BN7,A1OJ2PZFQYGM25
B01KHUKNJA,A1OJ2PZFQYGM25
B08HQ98273,A1OJ2PZFQYGM25
4878923636,A1OJ2PZFQYGM25
B08Q3CRJQH,A1OJ2PZFQYGM25
B00BIDMDW6,A1OJ2PZFQYGM25
B08Z2RFX96,A1OJ2PZFQYGM25
8382340369,A1OJ2PZFQYGM25
B07H1NQHX2,A1OJ2PZFQYGM25
B005N730I4,A1OJ2PZFQYGM25
B07ZHN747X,A1OJ2PZFQYGM25
B09TQ6B4XC,A1OJ2PZFQYGM25
4794224737,A1OJ2PZFQYGM25
B00Z8EB2QE,A1OJ2PZFQYGM25
B07WKHQVMY,A1OJ2PZFQYGM25
B00005IA6E,A1OJ2PZFQYGM25
988797272X,A1OJ2PZFQYGM25
B004FRVE3G,A1OJ2PZFQYGM25
B000EEHFZ0,A1OJ2PZFQYGM25
B007K371VG,A1OJ2PZFQYGM25
B0029Z8KF6,A1OJ2PZFQYGM25
B0BJ6NYJQM,A1OJ2PZFQYGM25
B06W525JP5,A1OJ2PZFQYGM25
B006P876XA,A1OJ2PZFQYGM25
9353919177,A1OJ2PZFQYGM25
B0006TU7OY,A1OJ2PZFQYGM25
B00QKAJXA2,A1OJ2PZFQYGM25
B000PKG5OA,A1OJ2PZFQYGM25
B00006L92Q,A1OJ2PZFQYGM25
B008YE9DUC,A1OJ2PZFQYGM25
B075PFD6HV,A1OJ2PZFQYGM25
B09B5B2PRN,A1OJ2PZFQYGM25
B0040Z07KE,A1OJ2PZFQYGM25
B083JYG6VR,A1OJ2PZFQYGM25
B003MCT56I,A1OJ2PZFQYGM25
B092C8LF8G,A1OJ2PZFQYGM25
B07K8FQFN8,A1OJ2PZFQYGM25
836595835X,A1OJ2PZFQYGM25
B0988QKKG3,A1OJ2PZFQYGM25
B07Q2TLZD1,A1OJ2PZFQYGM25
B01MTG00FG,A1OJ2PZFQYGM25
B00030ES5U,A1OJ2PZFQYGM25
B001IVPHG2,A1OJ2PZFQYGM25
9353438918,A1OJ2PZFQYGM25
B087B7HJPC,A1OJ2PZFQYGM25
B099K4PV2P,A1OJ2PZFQYGM25
B091C37FJ2,A1OJ2PZFQYGM25
B004NDVJDC,A1OJ2PZFQYGM25
B0000023S3,A1OJ2PZFQYGM25
9985587669,A1OJ2PZFQYGM25
B0000JKLUK,A1OJ2PZFQYGM25
9389967104,A1OJ2PZFQYGM25
B092CWFN39,A1OJ2PZFQYGM25
B07Z18SS12,A1OJ2PZFQYGM25
B0BGFDHNGJ,A1OJ2PZFQYGM25
B00N78GS80,A1OJ2PZFQYGM25
B00QJGVCFQ,A1OJ2PZFQYGM25
8598254444,A1OJ2PZFQYGM25
B082B1ZGQ1,A1OJ2PZFQYGM25
B004GC2SZ8,A1OJ2PZFQYGM25
B00E34A91E,A1OJ2PZFQYGM25
B0BPKVNS54,A1OJ2PZFQYGM25
B003B2EUK0,A1OJ2PZFQYGM25
B01MXESKJR,A1OJ2PZFQYGM25
B00379AG0A,A1OJ2PZFQYGM25
B000PHW3NU,A1OJ2PZFQYGM25
B002AHKXEY,A1OJ2PZFQYGM25
B00L4813EE,A1OJ2PZFQYGM25
B091BPJH9R,A1OJ2PZFQYGM25
B00265PPAC,A1OJ2PZFQYGM25
B0BQBPY362,A1OJ2PZFQYGM25
9390219426,A1OJ2PZFQYGM25
B07ZGY515B,A1OJ2PZFQYGM25
B00HVXN8JY,A1OJ2PZFQYGM25
B001B8HPDA,A1OJ2PZFQYGM25
B07KP9SJXN,A1OJ2PZFQYGM25
B003U6YUCU,A1OJ2PZFQYGM25
B0000E32YW,A1OJ2PZFQYGM25
8992491913,A1OJ2PZFQYGM25
B000PMFS5U,A1OJ2PZFQYGM25
B08V8NWDLR,A1OJ2PZFQYGM25
B0048FK9MC,A1OJ2PZFQYGM25
0428375669,A1OJ2PZFQYGM25
B07KP98PKH,A1OJ2PZFQYGM25
B0B56YG4NK,A1OJ2PZFQYGM25
B006P3BXJ8,A1OJ2PZFQYGM25
B00011HJ48,A1OJ2PZFQYGM25
B082VT5J4S,A1OJ2PZFQYGM25
B002RK79VE,A1OJ2PZFQYGM25
B07SZT3CS5,A1OJ2PZFQYGM25
8954683371,A1OJ2PZFQYGM25
B087R3L37D,A1OJ2PZFQYGM25
B000CQYFZ8,A1OJ2PZFQYGM25
B00007IG2M,A1OJ2PZFQYGM25
B098BQJJT4,A1OJ2PZFQYGM25
B0010L2ODY,A1OJ2PZFQYGM25
4871406113,A1OJ2PZFQYGM25
B098BMMTNT,A1OJ2PZFQYGM25
B001PA0G7Q,A1OJ2PZFQYGM25
B07PG3253S,A1OJ2PZFQYGM25
B08227GTW7,A1OJ2PZFQYGM25
B08BDPLJQ5,A1OJ2PZFQYGM25
B002SKIKSY,A1OJ2PZFQYGM25
B0B74TC2ZX,A1OJ2PZFQYGM25
B000O59Z0C,A1OJ2PZFQYGM25
B0048EL6RU,A1OJ2PZFQYGM25
B083K2FCRV,A1OJ2PZFQYGM25
B08BJ8RQKG,A1OJ2PZFQYGM25
B01AXM1EPE,A1OJ2PZFQYGM25
B003X6BE9O,A1OJ2PZFQYGM25
B00001ZUKS,A1OJ2PZFQYGM25
B08V5B75W9,A1OJ2PZFQYGM25
B07SRDL6R2,A1OJ2PZFQYGM25
B07RSY71HM,A1OJ2PZFQYGM25
B098P2PR81,A1OJ2PZFQYGM25
4871873331,A1OJ2PZFQYGM25
B09JZDL3JN,A1OJ2PZFQYGM25
B000SOUDSW,A1OJ2PZFQYGM25
B0834N37SK,A1OJ2PZFQYGM25
B00ZDMF50K,A1OJ2PZFQYGM25
B081ZB9MHQ,A1OJ2PZFQYGM25
B01BXBRJ8K,A1OJ2PZFQYGM25
B00000E2XA,A1OJ2PZFQYGM25
B003UNKZJA,A1OJ2PZFQYGM25
B0BRR45HWD,A1OJ2PZFQYGM25
B01N45M25N,A1OJ2PZFQYGM25
B003627GIS,A1OJ2PZFQYGM25
B004NWHVJY,A1OJ2PZFQYGM25
B01M4MI1H4,A1OJ2PZFQYGM25
B097R56QVG,A1OJ2PZFQYGM25
6144720197,A1OJ2PZFQYGM25
B0C8TR82HT,A1OJ2PZFQYGM25
B0034CKPDS,A1OJ2PZFQYGM25
B0014D5R9Q,A1OJ2PZFQYGM25
B07ZS2X1PK,A1OJ2PZFQYGM25
757050884X,A1OJ2PZFQYGM25
B08DJBPWMS,A1OJ2PZFQYGM25
B08312NG1M,A1OJ2PZFQYGM25
B00959NV7Q,A1OJ2PZFQYGM25
B002QHU7QW,A1OJ2PZFQYGM25
B01LWVXELG,A1OJ2PZFQYGM25
B07XTLXGPF,A1OJ2PZFQYGM25
B01HZLRDAQ,A1OJ2PZFQYGM25
9962030927,A1OJ2PZFQYGM25
B001QX0HQ2,A1OJ2PZFQYGM25
B002JUP8GA,A1OJ2PZFQYGM25
B07XCYJPSB,A1OJ2PZFQYGM25
B0013YM89S,A1OJ2PZFQYGM25
B01E8FDCKW,A1OJ2PZFQYGM25
B000FOTH46,A1OJ2PZFQYGM25
B07JHJ24Y2,A1OJ2PZFQYGM25
B00008D12D,A1OJ2PZFQYGM25
1566199573,A1OJ2PZFQYGM25
B00006RAKP,A1OJ2PZFQYGM25
B0014EAE16,A1OJ2PZFQYGM25
B08XPXG5JB,A1OJ2PZFQYGM25
B07FQJMCQS,A1OJ2PZFQYGM25
B0BQ8HX2D5,A1OJ2PZFQYGM25
B00GZ3RMXO,A1OJ2PZFQYGM25
B096QXFW3D,A1OJ2PZFQYGM25
B002QEXC9E,A1OJ2PZFQYGM25
B091YPPVVQ,A1OJ2PZFQYGM25
B0946CY3J3,A1OJ2PZFQYGM25
8176211893,A1OJ2PZFQYGM25
B00EM2OVP2,A1OJ2PZFQYGM25
B0774B69TT,A1OJ2PZFQYGM25
B002B41L2E,A1OJ2PZFQYGM25
B09P9HL27M,A1OJ2PZFQYGM25
B01LYQHK4C,A1OJ2PZFQYGM25
B002EZLOOU,A1OJ2PZFQYGM25
B00E32K4RU,A1OJ2PZFQYGM25
B0009R5PLS,A1OJ2PZFQYGM25
B07X8DD6PK,A1OJ2PZFQYGM25
9506418713,A1OJ2PZFQYGM25
B07VNPVWLZ,A1OJ2PZFQYGM25
B001UA6CJW,A1OJ2PZFQYGM25
B00005RJBF,A1OJ2PZFQYGM25
B0B8MWGDJR,A1OJ2PZFQYGM25
B09FLNYS6V,A1OJ2PZFQYGM25
B07Y5S1V8P,A1OJ2PZFQYGM25
B08BNSN8C1,A1OJ2PZFQYGM25
B07Y2JR975,A1OJ2PZFQYGM25
B0002I83EU,A1OJ2PZFQYGM25
B00IUTA1S4,A1OJ2PZFQYGM25
B07WRT4SN5,A1OJ2PZFQYGM25
8953932025,A1OJ2PZFQYGM25
B01HSS48EK,A1OJ2PZFQYGM25
B07WTPMHFW,A1OJ2PZFQYGM25
B07ZYYF3DC,A1OJ2PZFQYGM25
B001132UEE,A1OJ2PZFQYGM25
B087RGQLCG,A1OJ2PZFQYGM25
B009P9YOYU,A1OJ2PZFQYGM25
B07RVN91WB,A1OJ2PZFQYGM25
B07W3RQDPW,A1OJ2PZFQYGM25
B004477US0,A1OJ2PZFQYGM25
B07YD2HWYK,A1OJ2PZFQYGM25
B082SPDNLL,A1OJ2PZFQYGM25
9813275154,A1OJ2PZFQYGM25
B07Y9BDWB3,A1OJ2PZFQYGM25
B00YW4QPKE,A1OJ2PZFQYGM25
B01M32G0Y4,A1OJ2PZFQYGM25
B00130070E,A1OJ2PZFQYGM25
B005D7S7F0,A1OJ2PZFQYGM25
B097T9PB22,A1OJ2PZFQYGM25
4871879089,A1OJ2PZFQYGM25
B0859WLRZX,A1OJ2PZFQYGM25
B004DLJ0UI,A1OJ2PZFQYGM25
B07CVXCBLY,A1OJ2PZFQYGM25
B0883GQ6XH,A1OJ2PZFQYGM25
B01LYGWM6E,A1OJ2PZFQYGM25
B001PBK6K2,A1OJ2PZFQYGM25
B002SIJGW0,A1OJ2PZFQYGM25
B08534PLHG,A1OJ2PZFQYGM25
B00DZQD954,A1OJ2PZFQYGM25
B07ZCC22M4,A1OJ2PZFQYGM25
B09KHB5X7L,A1OJ2PZFQYGM25
B0002V7T1K,A1OJ2PZFQYGM25
B000W1VISU,A1OJ2PZFQYGM25
B07WP2S7MX,A1OJ2PZFQYGM25
B001CC7G7A,A1OJ2PZFQYGM25
B071791K5C,A1OJ2PZFQYGM25
7532153665,A1OJ2PZFQYGM25
B07XV8KDKD,A1OJ2PZFQYGM25
B093KRSNT9,A1OJ2PZFQYGM25
B00316ZHTO,A1OJ2PZFQYGM25
B0000037HU,A1OJ2PZFQYGM25
B081LZYNHN,A1OJ2PZFQYGM25
4871875695,A1OJ2PZFQYGM25
B001447UNG,A1OJ2PZFQYGM25
B083V4MWSD,A1OJ2PZFQYGM25
B07FTTFHVQ,A1OJ2PZFQYGM25
4871874176,A1OJ2PZFQYGM25
B0BKR47Z65,A1OJ2PZFQYGM25
B0C841Q39H,A1OJ2PZFQYGM25
B07G4HNG2B,A1OJ2PZFQYGM25
B07VSYR9MT,A1OJ2PZFQYGM25
B01LZN1CQ9,A1OJ2PZFQYGM25
9353062985,A1OJ2PZFQYGM25
B08XPRNSRF,A1OJ2PZFQYGM25
B07XY6VXJY,A1OJ2PZFQYGM25
B091B6V1YF,A1OJ2PZFQYGM25
B07SQBWZRJ,A1OJ2PZFQYGM25
B01JTD27TK,A1OJ2PZFQYGM25
B01M34CJKJ,A1OJ2PZFQYGM25
B09YKPNFY7,A1OJ2PZFQYGM25
B08V7GXG7F,A1OJ2PZFQYGM25
B0002DSQ10,A1OJ2PZFQYGM25
B000A2H11O,A1OJ2PZFQYGM25
B000TYL7KY,A1OJ2PZFQYGM25
B004L9KTRA,A1OJ2PZFQYGM25
B000067FFY,A1OJ2PZFQYGM25
B07Z1JXXLX,A1OJ2PZFQYGM25
9589492843,A1OJ2PZFQYGM25
B01JLYWBUC,A1OJ2PZFQYGM25
4756257828,A1OJ2PZFQYGM25
B00CE48IFY,A1OJ2PZFQYGM25
9887684465,A1OJ2PZFQYGM25
B07QL9224H,A1OJ2PZFQYGM25
B087JVR2S9,A1OJ2PZFQYGM25
B000COMYT4,A1OJ2PZFQYGM25
B07J1VVR7K,A1OJ2PZFQYGM25
B096TJNGJQ,A1OJ2PZFQYGM25
B07QVQ8THS,A1OJ2PZFQYGM25
4087925579,A1OJ2PZFQYGM25
B000V3MEGE,A1OJ2PZFQYGM25
B07ZJX87VK,A1OJ2PZFQYGM25
B0BGN7ZV9B,A1OJ2PZFQYGM25
B07H924SFP,A1OJ2PZFQYGM25
B000Y82X4E,A1OJ2PZFQYGM25
B01KYYZS4Y,A1OJ2PZFQYGM25
B07WQQPG3Y,A1OJ2PZFQYGM25
B0001NJ4QC,A1OJ2PZFQYGM25
B07P3VH79G,A1OJ2PZFQYGM25
B07Z9PYWJK,A1OJ2PZFQYGM25
B088Z1RQTG,A1OJ2PZFQYGM25
9751043999,A1OJ2PZFQYGM25
B004K66O6O,A1OJ2PZFQYGM25
B003D3N7VK,A1OJ2PZFQYGM25
B07ZJ6R3FW,A1OJ2PZFQYGM25
B07Z47BBST,A1OJ2PZFQYGM25
B00HRFD0SU,A1OJ2PZFQYGM25
B0BNH8HB16,A1OJ2PZFQYGM25
B08B6DTTKL,A1OJ2PZFQYGM25
B07XLQ18Z3,A1OJ2PZFQYGM25
B07P9VTBZD,A1OJ2PZFQYGM25
0265264774,A1OJ2PZFQYGM25
B07N29JQ1N,A1OJ2PZFQYGM25
B07T1WYK85,A1OJ2PZFQYGM25
B07PWSBCT8,A1OJ2PZFQYGM25
B001OTE746,A1OJ2PZFQYGM25
B08GKXZ25G,A1OJ2PZFQYGM25
B07Z9NVQ1Z,A1OJ2PZFQYGM25
B000SOU9EU,A1OJ2PZFQYGM25
B00029NKTM,A1OJ2PZFQYGM25
B00015NN6M,A1OJ2PZFQYGM25
B0BZH6QNQQ,A1OJ2PZFQYGM25
B0026JVEEE,A1OJ2PZFQYGM25
B000HS6N74,A1OJ2PZFQYGM25
B00008G8VK,A1OJ2PZFQYGM25
B07WJ16999,A1OJ2PZFQYGM25
B00OY6I986,A1OJ2PZFQYGM25
B07WTQ6ZWD,A1OJ2PZFQYGM25
B002OODTAI,A1OJ2PZFQYGM25
B07TXK83BL,A1OJ2PZFQYGM25
B098RPBTM1,A1OJ2PZFQYGM25
1536202908,A1OJ2PZFQYGM25
B01M6ABTMI,A1OJ2PZFQYGM25
B00EXG7ERO,A1OJ2PZFQYGM25
B00242W0LO,A1OJ2PZFQYGM25
B000NM8W4Q,A1OJ2PZFQYGM25
B08K7HQC52,A1OJ2PZFQYGM25
B07TXGZ1GF,A1OJ2PZFQYGM25
B000HT201G,A1OJ2PZFQYGM25
B00009WKCM,A1OJ2PZFQYGM25
B0774T2CHW,A1OJ2PZFQYGM25
B06XQ4QVL6,A1OJ2PZFQYGM25
B07Z5MPQNJ,A1OJ2PZFQYGM25
B00841PAA2,A1OJ2PZFQYGM25
B003O5MNSU,A1OJ2PZFQYGM25
B07VYM7XPG,A1OJ2PZFQYGM25
9652298352,A1OJ2PZFQYGM25
B00HUX1O78,A1OJ2PZFQYGM25
B0013XZ4J0,A1OJ2PZFQYGM25
B075T2NQGF,A1OJ2PZFQYGM25
B000063JDK,A1OJ2PZFQYGM25
B087BW9J8L,A1OJ2PZFQYGM25
B08JLPD56M,A1OJ2PZFQYGM25
B00VG3O78Q,A1OJ2PZFQYGM25
8120838149,A1OJ2PZFQYGM25
B01I2MKWGO,A1OJ2PZFQYGM25
B002RBZ1FO,A1OJ2PZFQYGM25
B096JZY23G,A1OJ2PZFQYGM25
B07VC27GDP,A1OJ2PZFQYGM25
8366673383,A1OJ2PZFQYGM25
B079L5KK4L,A1OJ2PZFQYGM25
B001MIG27O,A1OJ2PZFQYGM25
B097DFT6FZ,A1OJ2PZFQYGM25
B07ZJKMJMF,A1OJ2PZFQYGM25
4001141116,A1OJ2PZFQYGM25
B08SHXRJ8X,A1OJ2PZFQYGM25
B000S0YLB6,A1OJ2PZFQYGM25
B07Z5NSSPD,A1OJ2PZFQYGM25
B0824VQYCW,A1OJ2PZFQYGM25
4001141108,A1OJ2PZFQYGM25
B0007Y093C,A1OJ2PZFQYGM25
B01L2L2SDW,A1OJ2PZFQYGM25
B001PYCANU,A1OJ2PZFQYGM25
B0000061EA,A1OJ2PZFQYGM25
B07DG1VM1F,A1OJ2PZFQYGM25
B00VHW3IWC,A1OJ2PZFQYGM25
B09HK5N8ZK,A1OJ2PZFQYGM25
B00SVHR7ZU,A1OJ2PZFQYGM25
B001CGXWX8,A1OJ2PZFQYGM25
B07W5J4MPB,A1OJ2PZFQYGM25
B0000CBJD8,A1OJ2PZFQYGM25
B0967WJMFV,A1OJ2PZFQYGM25
B097RT4TT1,A1OJ2PZFQYGM25
B08MCVNSN2,A1OJ2PZFQYGM25
B07977PBHW,A1OJ2PZFQYGM25
B005HTLMG0,A1OJ2PZFQYGM25
B07VXKWCTG,A1OJ2PZFQYGM25
B08L53LRFN,A1OJ2PZFQYGM25
B07XKGQSPV,A1OJ2PZFQYGM25
B07TF882J7,A1OJ2PZFQYGM25
B0064ONKY4,A1OJ2PZFQYGM25
B07KBR7NCF,A1OJ2PZFQYGM25
B000GTHFWQ,A1OJ2PZFQYGM25
B0C1B622XP,A1OJ2PZFQYGM25
B0BZTZCVYH,A1OJ2PZFQYGM25
B09W9BHDX9,A1OJ2PZFQYGM25
B0989PB8S3,A1OJ2PZFQYGM25
B0965GH7HS,A1OJ2PZFQYGM25
B095K1LKZJ,A1OJ2PZFQYGM25
B093CGKJSH,A1OJ2PZFQYGM25
B091TBSZ7B,A1OJ2PZFQYGM25
B091FJVTJC,A1OJ2PZFQYGM25
B08YXB9CD6,A1OJ2PZFQYGM25
B081YPPSQ8,A1OJ2PZFQYGM25
B081NDY787,A1OJ2PZFQYGM25
B081CDDWLF,A1OJ2PZFQYGM25
B07ZXMJ1G9,A1OJ2PZFQYGM25
B07ZX7PTGG,A1OJ2PZFQYGM25
B07ZHSXKGT,A1OJ2PZFQYGM25
B07ZHPPZGW,A1OJ2PZFQYGM25
B07Z9C12Q1,A1OJ2PZFQYGM25
B07YSV5HLN,A1OJ2PZFQYGM25
B07YRPVZCQ,A1OJ2PZFQYGM25
B07YRFZDRM,A1OJ2PZFQYGM25
B07YQM3DTX,A1OJ2PZFQYGM25
B07YQ6GTQX,A1OJ2PZFQYGM25
B07YJBMTL5,A1OJ2PZFQYGM25
B07YF1C92B,A1OJ2PZFQYGM25
B07Y6DYWRK,A1OJ2PZFQYGM25
B07XCTCRV1,A1OJ2PZFQYGM25
B005P1RQ06,A1OJ2PZFQYGM25
B00MH7Z4SW,A1OJ2PZFQYGM25
B00QUXNIKA,A1OJ2PZFQYGM25
B01KT1V6CA,A1OJ2PZFQYGM25
B08862WVRC,A1OJ2PZFQYGM25
B000HHQBRW,A1OJ2PZFQYGM25
B00KR04B1W,A1OJ2PZFQYGM25
B000TCI7MM,A1OJ2PZFQYGM25
B002RXAVCA,A1OJ2PZFQYGM25
B084Q8SSPR,A1OJ2PZFQYGM25
B094C8746Z,A1OJ2PZFQYGM25
B081ZYWHV5,A1OJ2PZFQYGM25
B08R8WDGKL,A1OJ2PZFQYGM25
B08R5GC7VL,A1OJ2PZFQYGM25
B08B1RLYF9,A1OJ2PZFQYGM25
B089FPM1G8,A1OJ2PZFQYGM25
B0892MR4Y3,A1OJ2PZFQYGM25
B088TV7JFH,A1OJ2PZFQYGM25
B088R56S99,A1OJ2PZFQYGM25
B08816682C,A1OJ2PZFQYGM25
B0871J6S3K,A1OJ2PZFQYGM25
B085HX9SRQ,A1OJ2PZFQYGM25
B084H44F1X,A1OJ2PZFQYGM25
B084H43RC9,A1OJ2PZFQYGM25
B083RPY28N,A1OJ2PZFQYGM25
B083RMFGQF,A1OJ2PZFQYGM25
B0829WK1Y2,A1OJ2PZFQYGM25
B08293XHF2,A1OJ2PZFQYGM25
B0002GJEO0,A1OJ2PZFQYGM25
B00OQ8HXIY,A1OJ2PZFQYGM25
B004BBGQT8,A1OJ2PZFQYGM25
B07Y6HT747,A1OJ2PZFQYGM25
B07TT9TGMY,A1OJ2PZFQYGM25
B07ZNM572V,A1OJ2PZFQYGM25
B07XZFSDZ5,A1OJ2PZFQYGM25
B07X531DZ6,A1OJ2PZFQYGM25
B07Y3Y5FLK,A1OJ2PZFQYGM25
B07HJ1L2KX,A1OJ2PZFQYGM25
B07DN25V9Q,A1OJ2PZFQYGM25
B01J2NEH9A,A1OJ2PZFQYGM25
B096RW4537,A1OJ2PZFQYGM25
B08X1VPFXS,A1OJ2PZFQYGM25
B08BG6VN44,A1OJ2PZFQYGM25
B07XJ5P3LX,A1OJ2PZFQYGM25
B007QV6M3K,A1OJ2PZFQYGM25
B005KLTEAG,A1OJ2PZFQYGM25
B005B7EFLM,A1OJ2PZFQYGM25
B004OA7NUC,A1OJ2PZFQYGM25
B004OA7MEO,A1OJ2PZFQYGM25
B004OA7L72,A1OJ2PZFQYGM25
B004OA7BZ4,A1OJ2PZFQYGM25
B004J4YUYA,A1OJ2PZFQYGM25
B004BPJKQA,A1OJ2PZFQYGM25
B0042SQOTW,A1OJ2PZFQYGM25
B003GV1LXK,A1OJ2PZFQYGM25
B00380FVZS,A1OJ2PZFQYGM25
B00301WSPQ,A1OJ2PZFQYGM25
B002TWKNKY,A1OJ2PZFQYGM25
B002RX4J00,A1OJ2PZFQYGM25
B002QYJS6A,A1OJ2PZFQYGM25
B008CMYDCE,A1OJ2PZFQYGM25
B00242VP24,A1OJ2PZFQYGM25
B0009PLLOA,A1OJ2PZFQYGM25
B08Q6G9TFS,A1OJ2PZFQYGM25
B004LP6A72,A1OJ2PZFQYGM25
B014PMF0YE,A1OJ2PZFQYGM25
B07J2F78SR,A1OJ2PZFQYGM25
B07Q8JPHCH,A1OJ2PZFQYGM25
B076KD85N6,A1OJ2PZFQYGM25
B019RH7PPE,A1OJ2PZFQYGM25
B0002535SW,A1OJ2PZFQYGM25
B0001GZA2Q,A1OJ2PZFQYGM25
B07Z42YFL3,A1OJ2PZFQYGM25
B0000AN4IQ,A1OJ2PZFQYGM25
B082HHTBFK,A1OJ2PZFQYGM25
B0027AINPU,A1OJ2PZFQYGM25
B001UG0BUM,A1OJ2PZFQYGM25
B001GMW0IG,A1OJ2PZFQYGM25
B001GMT8D6,A1OJ2PZFQYGM25
B001GMQLF4,A1OJ2PZFQYGM25
B000X4OLB2,A1OJ2PZFQYGM25
B000PJ59UC,A1OJ2PZFQYGM25
B000LNLW3K,A1OJ2PZFQYGM25
B000H8GVV2,A1OJ2PZFQYGM25
B000FSS84M,A1OJ2PZFQYGM25
B000BD6B8Q,A1OJ2PZFQYGM25
B000AF4DSA,A1OJ2PZFQYGM25
157850662X,A1OJ2PZFQYGM25
1578506492,A1OJ2PZFQYGM25
1483852539,A1OJ2PZFQYGM25
B07Y5NW3C4,A1OJ2PZFQYGM25
B07XYQ6ML1,A1OJ2PZFQYGM25
B07XCRTWSB,A1OJ2PZFQYGM25
B07WZHFC7V,A1OJ2PZFQYGM25
B07WXM8CJB,A1OJ2PZFQYGM25
B07WNPGBYX,A1OJ2PZFQYGM25
B07WHTHZD7,A1OJ2PZFQYGM25
B07W599WF3,A1OJ2PZFQYGM25
B07V5WQX6B,A1OJ2PZFQYGM25
B07TRTK3DT,A1OJ2PZFQYGM25
B07R7KNK4D,A1OJ2PZFQYGM25
B07QQC7B8W,A1OJ2PZFQYGM25
B07QCJCTH1,A1OJ2PZFQYGM25
B07PQNCBJ5,A1OJ2PZFQYGM25
B0017R5EHO,A1OJ2PZFQYGM25
B00LASRKDG,A1OJ2PZFQYGM25
B07VBBVFJ7,A1OJ2PZFQYGM25
B0018N5NS2,A1OJ2PZFQYGM25
B000TQ2VE8,A1OJ2PZFQYGM25
B07XCPVW3K,A1OJ2PZFQYGM25
B01M7X3NCR,A1OJ2PZFQYGM25
B005036E1G,A1OJ2PZFQYGM25
B008TL50N4,A1OJ2PZFQYGM25
B003ITDKBQ,A1OJ2PZFQYGM25
B0095I6GC4,A1OJ2PZFQYGM25
B06ZYLFJDW,A1OJ2PZFQYGM25
B00N4049QY,A1OJ2PZFQYGM25
B07R83GGM3,A1OJ2PZFQYGM25
B0032BZNRO,A1OJ2PZFQYGM25
B08B5SGLQD,A1OJ2PZFQYGM25
B07QGGFKSM,A1OJ2PZFQYGM25
B00S2VVAIK,A1OJ2PZFQYGM25
B07TLQ86LP,A1OJ2PZFQYGM25
B0026FP52K,A1OJ2PZFQYGM25
B08Y9DDPP5,A1OJ2PZFQYGM25
B0722NM31D,A1OJ2PZFQYGM25
B00QUGXAR8,A1OJ2PZFQYGM25
B002LKCK1O,A1OJ2PZFQYGM25
B001APYDVQ,A1OJ2PZFQYGM25
B0006HDH3O,A1OJ2PZFQYGM25
B0BWFJNBYQ,A1OJ2PZFQYGM25
B07WFBF5TN,A1OJ2PZFQYGM25
B00K4P4084,A1OJ2PZFQYGM25
B007QV9I0O,A1OJ2PZFQYGM25
B004JG5J70,A1OJ2PZFQYGM25
B0CCVTL1ZH,A1OJ2PZFQYGM25
B096123R7P,A1OJ2PZFQYGM25
B095TT288B,A1OJ2PZFQYGM25
B093RJDV57,A1OJ2PZFQYGM25
B08ZXNVML2,A1OJ2PZFQYGM25
B08YD3DPGP,A1OJ2PZFQYGM25
B08CRNQB5J,A1OJ2PZFQYGM25
B088JTRX4C,A1OJ2PZFQYGM25
B084CD18MB,A1OJ2PZFQYGM25
B084BNMN7Y,A1OJ2PZFQYGM25
B07YFWWRGF,A1OJ2PZFQYGM25
B07YCZC2B2,A1OJ2PZFQYGM25
B004HHAXI6,A1OJ2PZFQYGM25
B004AFHK4U,A1OJ2PZFQYGM25
B003VW9X3O,A1OJ2PZFQYGM25
B003VARMSO,A1OJ2PZFQYGM25
B003TTOT7O,A1OJ2PZFQYGM25
B003NZ90SM,A1OJ2PZFQYGM25
B003CU2LD4,A1OJ2PZFQYGM25
B003BZLWBW,A1OJ2PZFQYGM25
B0031BC1G6,A1OJ2PZFQYGM25
B0031BC170,A1OJ2PZFQYGM25
B002MB31TC,A1OJ2PZFQYGM25
B002IV8IW6,A1OJ2PZFQYGM25
B07WHLXQNM,A1OJ2PZFQYGM25
B07VYFCSH7,A1OJ2PZFQYGM25
B07VTR5GDM,A1OJ2PZFQYGM25
B07RGLTCB9,A1OJ2PZFQYGM25
B07Z7Y1G72,A1OJ2PZFQYGM25
B000BX8QHK,A1OJ2PZFQYGM25
B09TQ69RWS,A1OJ2PZFQYGM25
B093FMBXNK,A1OJ2PZFQYGM25
B00DUX0DQU,A1OJ2PZFQYGM25
B0B945G3F9,A1OJ2PZFQYGM25
B078WVLKCB,A1OJ2PZFQYGM25
B000OLHFB2,A1OJ2PZFQYGM25
B092D5S7XD,A1OJ2PZFQYGM25
B0006BJ0J0,A1OJ2PZFQYGM25
B07FM9CW22,A1OJ2PZFQYGM25
B00BITLEOS,A1OJ2PZFQYGM25
B07NW17461,A1OJ2PZFQYGM25
B00488TDT4,A1OJ2PZFQYGM25
B0011W3FHQ,A1OJ2PZFQYGM25
B09LPLK3GM,A1OJ2PZFQYGM25
B07MCSQV76,A1OJ2PZFQYGM25
B01MSK8N1I,A1OJ2PZFQYGM25
B01M19X1X7,A1OJ2PZFQYGM25
B01M09X3XQ,A1OJ2PZFQYGM25
B01LYXH2DI,A1OJ2PZFQYGM25
B01LYWA83F,A1OJ2PZFQYGM25
B01LKFG0RK,A1OJ2PZFQYGM25
B01KY424M8,A1OJ2PZFQYGM25
B01IPSRLZK,A1OJ2PZFQYGM25
B01HP3AIP6,A1OJ2PZFQYGM25
B01H60PSQM,A1OJ2PZFQYGM25
B0184K06R4,A1OJ2PZFQYGM25
B017087FW0,A1OJ2PZFQYGM25
B07X14C4C6,A1OJ2PZFQYGM25
B08P6CRJBR,A1OJ2PZFQYGM25
B0B28PJLP2,A1OJ2PZFQYGM25
B07QL9HNG8,A1OJ2PZFQYGM25
B07WXMMQT1,A1OJ2PZFQYGM25
B07L9QD2LL,A1OJ2PZFQYGM25
B08B4GRPBM,A1OJ2PZFQYGM25
B0796S9CGR,A1OJ2PZFQYGM25
B0BVN13XNX,A1OJ2PZFQYGM25
B08191HLV6,A1OJ2PZFQYGM25
B000Y87RN6,A1OJ2PZFQYGM25
B07XF9YRL8,A1OJ2PZFQYGM25
B08NPD6Z1B,A1OJ2PZFQYGM25
B00CXNZCD2,A1OJ2PZFQYGM25
B08SBQX6Z2,A1OJ2PZFQYGM25
B07P14FLYP,A1OJ2PZFQYGM25
B08JH39VSK,A1OJ2PZFQYGM25
4041081297,A1OJ2PZFQYGM25
B0002TKDWY,A1OJ2PZFQYGM25
B089VXTW4G,A1OJ2PZFQYGM25
B0006BJ0TU,A1OJ2PZFQYGM25
B07B4JJ562,A1OJ2PZFQYGM25
B089CQ3YSK,A1OJ2PZFQYGM25
B094PYJXMT,A1OJ2PZFQYGM25
B07VXXNCJY,A1OJ2PZFQYGM25
B07YDKZZB3,A1OJ2PZFQYGM25
B003YJLDIW,A1OJ2PZFQYGM25
B07QQQG93R,A1OJ2PZFQYGM25
B0881FVKGQ,A1OJ2PZFQYGM25
B07QLYJZ4Q,A1OJ2PZFQYGM25
B09P7ZMD5K,A1OJ2PZFQYGM25
B01JGQUFVM,A1OJ2PZFQYGM25
B08BBYB4DH,A1OJ2PZFQYGM25
B07ST33284,A1OJ2PZFQYGM25
B07PJ8RFFR,A1OJ2PZFQYGM25
B0050K82UA,A1OJ2PZFQYGM25
B0BSGZFZLH,A1OJ2PZFQYGM25
B09BC873ZZ,A1OJ2PZFQYGM25
B099DQT94Y,A1OJ2PZFQYGM25
B088LTX9PT,A1OJ2PZFQYGM25
B099QD84KD,A1OJ2PZFQYGM25
B08BL6V8KF,A1OJ2PZFQYGM25
B07ZKZ1772,A1OJ2PZFQYGM25
B07V5LV584,A1OJ2PZFQYGM25
B002EBYQKS,A1OJ2PZFQYGM25
B07XXVVGY7,A1OJ2PZFQYGM25
B00S3QEZ40,A1OJ2PZFQYGM25
B0C8TNCJ9N,A1OJ2PZFQYGM25
B09DF2YX9W,A1OJ2PZFQYGM25
B07ZB275SP,A1OJ2PZFQYGM25
B07TWD14S4,A1OJ2PZFQYGM25
B07JYRHB4C,A1OJ2PZFQYGM25
B0093IDAK2,A1OJ2PZFQYGM25
B097SWWCX9,A1OJ2PZFQYGM25
B0845XR47T,A1OJ2PZFQYGM25
B07ZJ1V4FZ,A1OJ2PZFQYGM25
B07VV17DDG,A1OJ2PZFQYGM25
B01J7K3GT0,A1OJ2PZFQYGM25
B00P57L1J2,A1OJ2PZFQYGM25
B09VHBNZGM,A1OJ2PZFQYGM25
B09LXD3F7G,A1OJ2PZFQYGM25
B09DSN6MQ2,A1OJ2PZFQYGM25
B09BPYWPX7,A1OJ2PZFQYGM25
B08XMZX3ZL,A1OJ2PZFQYGM25
B006E8ZYPI,A1OJ2PZFQYGM25
B07ZG99YP7,A1OJ2PZFQYGM25
B000001KY5,A1OJ2PZFQYGM25
B07T839DH4,A1OJ2PZFQYGM25
B00080ETZE,A1OJ2PZFQYGM25
B0CRBG6GMS,A1OJ2PZFQYGM25
B08X5ZRRNT,A1OJ2PZFQYGM25
B07DYNH2XC,A1OJ2PZFQYGM25
B07WRMBH68,A1OJ2PZFQYGM25
B07TX6WW3R,A1OJ2PZFQYGM25
777458031X,A1OJ2PZFQYGM25
B09V82BHZW,A1OJ2PZFQYGM25
B07Y6V279H,A1OJ2PZFQYGM25
B08B5YKMKQ,A1OJ2PZFQYGM25
B088K79T2S,A1OJ2PZFQYGM25
B0815WWN8K,A1OJ2PZFQYGM25
B07PG77RVS,A1OJ2PZFQYGM25
B07LDQ59JR,A1OJ2PZFQYGM25
B00BF24OM2,A1OJ2PZFQYGM25
B002L1NQDY,A1OJ2PZFQYGM25
B00139K566,A1OJ2PZFQYGM25
B000C83U8O,A1OJ2PZFQYGM25
B0002Q9CYW,A1OJ2PZFQYGM25
B0C2PNYS76,A1OJ2PZFQYGM25
B0C2BC7GJY,A1OJ2PZFQYGM25
B0BZP9MNY6,A1OJ2PZFQYGM25
B0BYK3BG7B,A1OJ2PZFQYGM25
B0BY7W1CXG,A1OJ2PZFQYGM25
B0BRVD8273,A1OJ2PZFQYGM25
B0BLHZ9N6H,A1OJ2PZFQYGM25
B09XGPGD5G,A1OJ2PZFQYGM25
B09V5T36S1,A1OJ2PZFQYGM25
B09TVJW9LZ,A1OJ2PZFQYGM25
B09KY7SF55,A1OJ2PZFQYGM25
B099W29TMG,A1OJ2PZFQYGM25
B099V6W314,A1OJ2PZFQYGM25
B099JM62PS,A1OJ2PZFQYGM25
B09925RSLF,A1OJ2PZFQYGM25
B097YM1R16,A1OJ2PZFQYGM25
B097T1MMNC,A1OJ2PZFQYGM25
B0968GGBCK,A1OJ2PZFQYGM25
B095GQGSH3,A1OJ2PZFQYGM25
B09573GLGF,A1OJ2PZFQYGM25
B093YWV6R2,A1OJ2PZFQYGM25
B092W43Q25,A1OJ2PZFQYGM25
B07YB3Q786,A1OJ2PZFQYGM25
B07Y4BGQPS,A1OJ2PZFQYGM25
B07XJ46YN8,A1OJ2PZFQYGM25
B07X88F935,A1OJ2PZFQYGM25
B07X7GMDNN,A1OJ2PZFQYGM25
B07X3GC5HV,A1OJ2PZFQYGM25
B07WWV8X1V,A1OJ2PZFQYGM25
B07WV5MJF4,A1OJ2PZFQYGM25
B07WV4THYB,A1OJ2PZFQYGM25
B07WKC7YW8,A1OJ2PZFQYGM25
B07VVXL5D5,A1OJ2PZFQYGM25
B07SH5HD7B,A1OJ2PZFQYGM25
B07SH56FZL,A1OJ2PZFQYGM25
B07SG2FVXH,A1OJ2PZFQYGM25
B07S7CCVQT,A1OJ2PZFQYGM25
B07S762M3Z,A1OJ2PZFQYGM25
B087ZSSZ7J,A1OJ2PZFQYGM25
B087YVV12S,A1OJ2PZFQYGM25
B0874HBMCW,A1OJ2PZFQYGM25
B085T8SBBV,A1OJ2PZFQYGM25
B085H85HYT,A1OJ2PZFQYGM25
B082NR9NL2,A1OJ2PZFQYGM25
B081436SDT,A1OJ2PZFQYGM25
B07ZPP4M4Y,A1OJ2PZFQYGM25
B07ZHS5KLQ,A1OJ2PZFQYGM25
B07ZHN9BR9,A1OJ2PZFQYGM25
B07Z7H666F,A1OJ2PZFQYGM25
B07YX9XZHR,A1OJ2PZFQYGM25
B07YX9Q3VY,A1OJ2PZFQYGM25
B07YX9M7NK,A1OJ2PZFQYGM25
B07YVJTTP5,A1OJ2PZFQYGM25
B07YHWCRNX,A1OJ2PZFQYGM25
B0038LDMKI,A1OJ2PZFQYGM25
B00305N47S,A1OJ2PZFQYGM25
B002M8CRB8,A1OJ2PZFQYGM25
B002I6VUEY,A1OJ2PZFQYGM25
B001AJPDFC,A1OJ2PZFQYGM25
B0010LX0UK,A1OJ2PZFQYGM25
B000TROKDW,A1OJ2PZFQYGM25
B000KKHKJE,A1OJ2PZFQYGM25
B000HDONV2,A1OJ2PZFQYGM25
B000FN2LWW,A1OJ2PZFQYGM25
B000BQUGGQ,A1OJ2PZFQYGM25
B000BQL3S6,A1OJ2PZFQYGM25
B0009Y2DJS,A1OJ2PZFQYGM25
B00080O382,A1OJ2PZFQYGM25
B0002RVRWQ,A1OJ2PZFQYGM25
B0001UQ1KM,A1OJ2PZFQYGM25
B011SCAHX8,A1OJ2PZFQYGM25
B00SVIPJGI,A1OJ2PZFQYGM25
B00OMHH366,A1OJ2PZFQYGM25
B00M0VKIG8,A1OJ2PZFQYGM25
B00GJ9GYDS,A1OJ2PZFQYGM25
B00E3P6R0U,A1OJ2PZFQYGM25
B00DYV8WRU,A1OJ2PZFQYGM25
B00DF07QL8,A1OJ2PZFQYGM25
B007Z7LL8G,A1OJ2PZFQYGM25
B007Z7LBC2,A1OJ2PZFQYGM25
B004Y4HBLE,A1OJ2PZFQYGM25
B004RP8GQO,A1OJ2PZFQYGM25
B004OA7CBW,A1OJ2PZFQYGM25
B004IA22E0,A1OJ2PZFQYGM25
B003QMLVOS,A1OJ2PZFQYGM25
B003BZQ9B0,A1OJ2PZFQYGM25
B09289D6BR,A1OJ2PZFQYGM25
B002MAPGK0,A1OJ2PZFQYGM25
B082RG2KQL,A1OJ2PZFQYGM25
B00ISD96X8,A1OJ2PZFQYGM25
B07Y5N4J8B,A1OJ2PZFQYGM25
B07WC92H3W,A1OJ2PZFQYGM25
B000I2J77M,A1OJ2PZFQYGM25
B002YL6C2S,A1OJ2PZFQYGM25
B099ZS7P26,A1OJ2PZFQYGM25
B00005OM51,A1OJ2PZFQYGM25
400324186X,A1OJ2PZFQYGM25
B00004RGFD,A1OJ2PZFQYGM25
1531940935,A1OJ2PZFQYGM25
B089Q1K74N,A1OJ2PZFQYGM25
B07Y7NM619,A1OJ2PZFQYGM25
B0BGPT7HYW,A1OJ2PZFQYGM25
B01KT1V4UE,A1OJ2PZFQYGM25
B07TY7235F,A1OJ2PZFQYGM25
B07WDDLCRC,A1OJ2PZFQYGM25
B00IMGRL2E,A1OJ2PZFQYGM25
B00LSYN26G,A1OJ2PZFQYGM25
B001MSKT1O,A1OJ2PZFQYGM25
B0BZWW47R8,A1OJ2PZFQYGM25
B079JBYF4F,A1OJ2PZFQYGM25
B07V8FSWVR,A1OJ2PZFQYGM25
B0027XLL3S,A1OJ2PZFQYGM25
B07DGK634L,A1OJ2PZFQYGM25
B0771SDH37,A1OJ2PZFQYGM25
B00005Q6OS,A1OJ2PZFQYGM25
B07X7KTYR8,A1OJ2PZFQYGM25
B004OA78B6,A1OJ2PZFQYGM25
B0006SVAV4,A1OJ2PZFQYGM25
B00L2LQ59G,A1OJ2PZFQYGM25
B000CAYSGK,A1OJ2PZFQYGM25
B07SN2FBTC,A1OJ2PZFQYGM25
B00BWSZ9FU,A1OJ2PZFQYGM25
B091Q2RZ2J,A1OJ2PZFQYGM25
B08B8Y8P5B,A1OJ2PZFQYGM25
B07WJ9D1NH,A1OJ2PZFQYGM25
B01MATVSHQ,A1OJ2PZFQYGM25
B00CE37BZI,A1OJ2PZFQYGM25
B099KPMSDB,A1OJ2PZFQYGM25
B0993YYQBD,A1OJ2PZFQYGM25
B097Q2T53W,A1OJ2PZFQYGM25
B094WX9RB9,A1OJ2PZFQYGM25
B082GNXY5Y,A1OJ2PZFQYGM25
B07N3TB9NG,A1OJ2PZFQYGM25
B0CCYLQ677,A1OJ2PZFQYGM25
B0BXN99PQ5,A1OJ2PZFQYGM25
B0B2P499H9,A1OJ2PZFQYGM25
B09HMW5768,A1OJ2PZFQYGM25
B099N2J8F5,A1OJ2PZFQYGM25
B098LCXVJ3,A1OJ2PZFQYGM25
B094XF6WS6,A1OJ2PZFQYGM25
B0914N3BHY,A1OJ2PZFQYGM25
B08Z33C826,A1OJ2PZFQYGM25
B08CHBM84P,A1OJ2PZFQYGM25
B08BLGZ66H,A1OJ2PZFQYGM25
B08B9RMKCH,A1OJ2PZFQYGM25
B088K6KVZ3,A1OJ2PZFQYGM25
B0842TH3ZQ,A1OJ2PZFQYGM25
B083ZM59FK,A1OJ2PZFQYGM25
B083JR5378,A1OJ2PZFQYGM25
B081C95XSP,A1OJ2PZFQYGM25
B07ZF7364P,A1OJ2PZFQYGM25
B07YLSNQ9S,A1OJ2PZFQYGM25
B07XW7KYTH,A1OJ2PZFQYGM25
B07WS97XFK,A1OJ2PZFQYGM25
B07WHT269S,A1OJ2PZFQYGM25
B07W965P2Q,A1OJ2PZFQYGM25
B07VWWDQ1B,A1OJ2PZFQYGM25
B07VHZX58G,A1OJ2PZFQYGM25
B07N8XXCVQ,A1OJ2PZFQYGM25
B0757JNLYC,A1OJ2PZFQYGM25
B074W9N19Y,A1OJ2PZFQYGM25
B074Q6R4VK,A1OJ2PZFQYGM25
B06ZZFB6DJ,A1OJ2PZFQYGM25
B06XKTKYKH,A1OJ2PZFQYGM25
B01MRV5EAB,A1OJ2PZFQYGM25
B01LRFDVLQ,A1OJ2PZFQYGM25
B01LA05KWG,A1OJ2PZFQYGM25
B01I8NKNIE,A1OJ2PZFQYGM25
B01BN91118,A1OJ2PZFQYGM25
B00IR7A2OW,A1OJ2PZFQYGM25
B00GDJZZC0,A1OJ2PZFQYGM25
B00GBVKMBY,A1OJ2PZFQYGM25
B00E5CVIFU,A1OJ2PZFQYGM25
B00CY7RK3C,A1OJ2PZFQYGM25
B00CXNZ0VQ,A1OJ2PZFQYGM25
B00BWUHMXK,A1OJ2PZFQYGM25
B00BFDFMW2,A1OJ2PZFQYGM25
B00BFDF3QW,A1OJ2PZFQYGM25
B00BFDEQEM,A1OJ2PZFQYGM25
B00BFDC2ZW,A1OJ2PZFQYGM25
B00AM0XGU4,A1OJ2PZFQYGM25
B009ZXDPBO,A1OJ2PZFQYGM25
B008TL5BE2,A1OJ2PZFQYGM25
B007Z8438A,A1OJ2PZFQYGM25
B007Z7NKFS,A1OJ2PZFQYGM25
B007QV2S0G,A1OJ2PZFQYGM25
B001GLUNMC,A1OJ2PZFQYGM25
B0000APVCQ,A1OJ2PZFQYGM25
B002YKD0J2,A1OJ2PZFQYGM25
B084LJ4QSK,A1OJ2PZFQYGM25
B094N3KPWD,A1OJ2PZFQYGM25
B097GY3TRH,A1OJ2PZFQYGM25
B07VTNXD26,A1OJ2PZFQYGM25
B07Z5QFYLB,A1OJ2PZFQYGM25
B00092FT5K,A1OJ2PZFQYGM25
B0C9LXHGZ6,A1OJ2PZFQYGM25
B0064MVCJG,A1OJ2PZFQYGM25
B0058ERQ5A,A1OJ2PZFQYGM25
B0057HNXMI,A1OJ2PZFQYGM25
B0052ZSFVO,A1OJ2PZFQYGM25
B0052VJIU0,A1OJ2PZFQYGM25
B002VJ1GHY,A1OJ2PZFQYGM25
B002SSEXXC,A1OJ2PZFQYGM25
B002EIO3KY,A1OJ2PZFQYGM25
B0028R5ELI,A1OJ2PZFQYGM25
B001U8Q4BU,A1OJ2PZFQYGM25
B001JT1O8S,A1OJ2PZFQYGM25
B001HT6AKM,A1OJ2PZFQYGM25
B0006GK5RQ,A1OJ2PZFQYGM25
B0002D07NU,A1OJ2PZFQYGM25
B003LFIOJK,A1OJ2PZFQYGM25
B000001Q71,A1OJ2PZFQYGM25
9810920628,A1OJ2PZFQYGM25
B003F18058,A1OJ2PZFQYGM25
B085Y6G3HV,A1OJ2PZFQYGM25
B0000TWNE2,A1OJ2PZFQYGM25
B07TC2FJW5,A1OJ2PZFQYGM25
B000A5N4JE,A1OJ2PZFQYGM25
B01M8P9BPG,A1OJ2PZFQYGM25
B00E0S0AJ4,A1OJ2PZFQYGM25
B006P87WDE,A1OJ2PZFQYGM25
B000034DE2,A1OJ2PZFQYGM25
B07X8MCQL2,A1OJ2PZFQYGM25
9352767454,A1OJ2PZFQYGM25
B07ZYNH4FY,A1OJ2PZFQYGM25
B07P5PJJ7Q,A1OJ2PZFQYGM25
B08Z68Q5LC,A1OJ2PZFQYGM25
B08FBQLX88,A1OJ2PZFQYGM25
B003C01CRK,A1OJ2PZFQYGM25
B003BZLKTG,A1OJ2PZFQYGM25
B093SLC199,A1OJ2PZFQYGM25
B089LTXDNP,A1OJ2PZFQYGM25
B07YFR4R7F,A1OJ2PZFQYGM25
B074D5775B,A1OJ2PZFQYGM25
B08KFG15CN,A1OJ2PZFQYGM25
B07Z8FW894,A1OJ2PZFQYGM25
B07WNGNM7B,A1OJ2PZFQYGM25
B009F3NI8Y,A1OJ2PZFQYGM25
B003CJOODA,A1OJ2PZFQYGM25
B002ZG53R2,A1OJ2PZFQYGM25
B0018N7C6I,A1OJ2PZFQYGM25
B000GBPQ0W,A1OJ2PZFQYGM25
B000C7YM6E,A1OJ2PZFQYGM25
B0CCSFQST5,A1OJ2PZFQYGM25
B0BWKG9JGM,A1OJ2PZFQYGM25
B0B536FSC7,A1OJ2PZFQYGM25
B09L1NRBK8,A1OJ2PZFQYGM25
B09J2G9TSK,A1OJ2PZFQYGM25
B097L6S6SV,A1OJ2PZFQYGM25
B0971BBKNF,A1OJ2PZFQYGM25
B0928BM5C1,A1OJ2PZFQYGM25
B091F3QHK8,A1OJ2PZFQYGM25
B08YP76N2L,A1OJ2PZFQYGM25
B08XM382SC,A1OJ2PZFQYGM25
B08RLD6YCH,A1OJ2PZFQYGM25
B08BP2ZCNQ,A1OJ2PZFQYGM25
965930160X,A1OJ2PZFQYGM25
B07TY4TWGH,A1OJ2PZFQYGM25
B08BCPTSDR,A1OJ2PZFQYGM25
B002NB425I,A1OJ2PZFQYGM25
B07HC61JFL,A1OJ2PZFQYGM25
B00006LSM7,A1OJ2PZFQYGM25
B0C7Q1MWWB,A1OJ2PZFQYGM25
B00006I04I,A1OJ2PZFQYGM25
B089RXKJVJ,A1OJ2PZFQYGM25
B00000273M,A1OJ2PZFQYGM25
B07Z1K2YKL,A1OJ2PZFQYGM25
B087YYW1SJ,A1OJ2PZFQYGM25
B000000OQA,A1OJ2PZFQYGM25
B07JRC3Y3P,A1OJ2PZFQYGM25
B07T91V891,A1OJ2PZFQYGM25
B071W2N7RF,A1OJ2PZFQYGM25
B009S5FDPU,A1OJ2PZFQYGM25
B007Z7N40Y,A1OJ2PZFQYGM25
B007Z7M20M,A1OJ2PZFQYGM25
B007Z7M0GI,A1OJ2PZFQYGM25
B004OA7JBA,A1OJ2PZFQYGM25
B004EFAMT6,A1OJ2PZFQYGM25
B003CJN5DA,A1OJ2PZFQYGM25
B002ON0MHW,A1OJ2PZFQYGM25
B002EC2MVM,A1OJ2PZFQYGM25
B002EBYPP4,A1OJ2PZFQYGM25
B001AWJD8M,A1OJ2PZFQYGM25
B000PXQ1M8,A1OJ2PZFQYGM25
B000C7ZW18,A1OJ2PZFQYGM25
B0002IXKBG,A1OJ2PZFQYGM25
B07VZT233F,A1OJ2PZFQYGM25
B07P91HDQV,A1OJ2PZFQYGM25
B01LY9XJQ7,A1OJ2PZFQYGM25
B01LWBQMBF,A1OJ2PZFQYGM25
B01HYL6L96,A1OJ2PZFQYGM25
B01H6P71KI,A1OJ2PZFQYGM25
B01B0BMZ8W,A1OJ2PZFQYGM25
B01708A89C,A1OJ2PZFQYGM25
B00O4KL93O,A1OJ2PZFQYGM25
B00GKWBSPI,A1OJ2PZFQYGM25
B00FA4LHYE,A1OJ2PZFQYGM25
B00DF6Y0UM,A1OJ2PZFQYGM25
B00DEZ4072,A1OJ2PZFQYGM25
B00BK4ALHM,A1OJ2PZFQYGM25
B00AZRBOA8,A1OJ2PZFQYGM25
B009ZXCBBE,A1OJ2PZFQYGM25
B08B9GWGVX,A1OJ2PZFQYGM25
B08B8XHKL3,A1OJ2PZFQYGM25
B08B8X5BKY,A1OJ2PZFQYGM25
B089WFMFPQ,A1OJ2PZFQYGM25
B081HH2R76,A1OJ2PZFQYGM25
B07ZTKRQM2,A1OJ2PZFQYGM25
B07WHJF1Q8,A1OJ2PZFQYGM25
B017L5T0EI,A1OJ2PZFQYGM25
B0032AJVE6,A1OJ2PZFQYGM25
B07VKYV5FF,A1OJ2PZFQYGM25
9620435958,A1OJ2PZFQYGM25
B07WNL6H2M,A1OJ2PZFQYGM25
B0797L26CR,A1OJ2PZFQYGM25
B002R6IILI,A1OJ2PZFQYGM25
9766372578,A1OJ2PZFQYGM25
B000CB0KEI,A1OJ2PZFQYGM25
B07HGZH4CF,A1OJ2PZFQYGM25
B000JRYOVU,A1OJ2PZFQYGM25
B001QWQJ38,A1OJ2PZFQYGM25
0735370095,A1OJ2PZFQYGM25
9653010603,A1OJ2PZFQYGM25
B006P8Z8ZI,A1OJ2PZFQYGM25
B0002WZSA8,A1OJ2PZFQYGM25
B000CAVDJU,A1OJ2PZFQYGM25
B001BGRWQW,A1OJ2PZFQYGM25
B098BK38HC,A1OJ2PZFQYGM25
B00NCRJOCS,A1OJ2PZFQYGM25
B00005ORAP,A1OJ2PZFQYGM25
B07BPH8PVC,A1OJ2PZFQYGM25
9768231297,A1OJ2PZFQYGM25
0735378789,A1OJ2PZFQYGM25
B00004S7MD,A1OJ2PZFQYGM25
1423656636,A1OJ2PZFQYGM25
9387383237,A1OJ2PZFQYGM25
B005AV03BA,A1OJ2PZFQYGM25
B07Q23ZL72,A1OJ2PZFQYGM25
B08CF4BF25,A1OJ2PZFQYGM25
B00KOOJ3IM,A1OJ2PZFQYGM25
B001TEOI9K,A1OJ2PZFQYGM25
B001JT5S7Q,A1OJ2PZFQYGM25
B001BYPRYS,A1OJ2PZFQYGM25
B0C1ZKX9YX,A1OJ2PZFQYGM25
B0C1TX4YSS,A1OJ2PZFQYGM25
B0BXLP4FK4,A1OJ2PZFQYGM25
B093RZM7BF,A1OJ2PZFQYGM25
B093RTCFZQ,A1OJ2PZFQYGM25
B093RSYPPZ,A1OJ2PZFQYGM25
B091SVRD7V,A1OJ2PZFQYGM25
B091HLD4WL,A1OJ2PZFQYGM25
B08YX1Q6GW,A1OJ2PZFQYGM25
B08GSR3912,A1OJ2PZFQYGM25
B08BFT2KLK,A1OJ2PZFQYGM25
B089N5BGCF,A1OJ2PZFQYGM25
B0888FYG53,A1OJ2PZFQYGM25
0735364680,A1OJ2PZFQYGM25
B08YZ7L5QY,A1OJ2PZFQYGM25
B000K0728S,A1OJ2PZFQYGM25
0735376840,A1OJ2PZFQYGM25
B089365NZD,A1OJ2PZFQYGM25
B094MVS5S9,A1OJ2PZFQYGM25
B07V74B2TC,A1OJ2PZFQYGM25
B000CAXHYY,A1OJ2PZFQYGM25
B07ZK1NSDV,A1OJ2PZFQYGM25
0735371121,A1OJ2PZFQYGM25
0735380155,A1OJ2PZFQYGM25
B000K01IZ6,A1OJ2PZFQYGM25
B004XJO488,A1OJ2PZFQYGM25
B000TCCWS2,A1OJ2PZFQYGM25
0735378797,A1OJ2PZFQYGM25
073537760X,A1OJ2PZFQYGM25
0735367450,A1OJ2PZFQYGM25
B00C9ZTAK0,A1OJ2PZFQYGM25
B00004ZCMQ,A1OJ2PZFQYGM25
B08B3L1W9C,A1OJ2PZFQYGM25
B089P5KVJP,A1OJ2PZFQYGM25
B00NIX5ZGK,A1OJ2PZFQYGM25
B0006IKAEC,A1OJ2PZFQYGM25
0735374805,A1OJ2PZFQYGM25
B0948VVD1H,A1OJ2PZFQYGM25
B08B8WM1SS,A1OJ2PZFQYGM25
B001QWZDJY,A1OJ2PZFQYGM25
0735363994,A1OJ2PZFQYGM25
B07VVCLNZS,A1OJ2PZFQYGM25
B01K4DJ3KA,A1OJ2PZFQYGM25
B01H43Z8QQ,A1OJ2PZFQYGM25
B0046ZHLKW,A1OJ2PZFQYGM25
B01D3UP87I,A1OJ2PZFQYGM25
B01BN8ZAUC,A1OJ2PZFQYGM25
B01BM3O3GU,A1OJ2PZFQYGM25
B018TD1F3K,A1OJ2PZFQYGM25
B0100B70OM,A1OJ2PZFQYGM25
B00Z51NHRC,A1OJ2PZFQYGM25
B00M3DUI04,A1OJ2PZFQYGM25
B00KOGDUCK,A1OJ2PZFQYGM25
B00F9XICLC,A1OJ2PZFQYGM25
B00DWI5D5Y,A1OJ2PZFQYGM25
B00CR90NAE,A1OJ2PZFQYGM25
B00BFDCC0M,A1OJ2PZFQYGM25
B00B2QXDRI,A1OJ2PZFQYGM25
B00B2QWZVS,A1OJ2PZFQYGM25
B00AC1EM8S,A1OJ2PZFQYGM25
B009ZXB65Q,A1OJ2PZFQYGM25
B07TRLNGKH,A1OJ2PZFQYGM25
B07TJT7T55,A1OJ2PZFQYGM25
B07T5414M3,A1OJ2PZFQYGM25
B07SH4P5ZK,A1OJ2PZFQYGM25
B07QS1HGCR,A1OJ2PZFQYGM25
B07QRYHHR5,A1OJ2PZFQYGM25
B07QNPF79R,A1OJ2PZFQYGM25
B07QNPD543,A1OJ2PZFQYGM25
B07PNKB94V,A1OJ2PZFQYGM25
B01M7RV4LH,A1OJ2PZFQYGM25
B01M07KXLY,A1OJ2PZFQYGM25
B01LELGZVQ,A1OJ2PZFQYGM25
B01KI47NU2,A1OJ2PZFQYGM25
B01KH9TPB8,A1OJ2PZFQYGM25
B01J9EYESQ,A1OJ2PZFQYGM25
B01DX5SBJK,A1OJ2PZFQYGM25
B087ZPV2SC,A1OJ2PZFQYGM25
B083Q9JB1V,A1OJ2PZFQYGM25
B08Z71243H,A1OJ2PZFQYGM25
B0BJL96B4P,A1OJ2PZFQYGM25
B096BN5SXJ,A1OJ2PZFQYGM25
B081ND1Y7V,A1OJ2PZFQYGM25
B004MYOWE0,A1OJ2PZFQYGM25
B089VZXNQS,A1OJ2PZFQYGM25
B07HQ46PKM,A1OJ2PZFQYGM25
B07L43NDYP,A1OJ2PZFQYGM25
B000WJIC3G,A1OJ2PZFQYGM25
B07CV2HSD4,A1OJ2PZFQYGM25
B07KMPCX17,A1OJ2PZFQYGM25
B002YGUO2C,A1OJ2PZFQYGM25
B002U3TE7A,A1OJ2PZFQYGM25
B0022UP34E,A1OJ2PZFQYGM25
B001P29IM8,A1OJ2PZFQYGM25
B0010KZC7K,A1OJ2PZFQYGM25
B000I995L8,A1OJ2PZFQYGM25
B000I9655C,A1OJ2PZFQYGM25
B000BZTFVO,A1OJ2PZFQYGM25
B0006TU9ME,A1OJ2PZFQYGM25
0735372942,A1OJ2PZFQYGM25
B000002V00,A1OJ2PZFQYGM25
B07KXL81Q1,A1OJ2PZFQYGM25
B000003J9X,A1OJ2PZFQYGM25
4031024401,A1OJ2PZFQYGM25
B001ARNKUO,A1OJ2PZFQYGM25
B000C7ZMFE,A1OJ2PZFQYGM25
B073X865PP,A1OJ2PZFQYGM25
B00J91YNCW,A1OJ2PZFQYGM25
B00008G7EC,A1OJ2PZFQYGM25
B00KOOJB4S,A1OJ2PZFQYGM25
B00B5CD9AA,A1OJ2PZFQYGM25
B00X628WSQ,A1OJ2PZFQYGM25
B000FMO9UA,A1OJ2PZFQYGM25
B001Q2EJ2Q,A1OJ2PZFQYGM25
B003E71QEA,A1OJ2PZFQYGM25
B002WE6ZQ0,A1OJ2PZFQYGM25
B07W7LY7NT,A1OJ2PZFQYGM25
B07TTXTKJ5,A1OJ2PZFQYGM25
B07CR81BVN,A1OJ2PZFQYGM25
B07856W5YK,A1OJ2PZFQYGM25
B071CQYCB8,A1OJ2PZFQYGM25
B01M10JZSK,A1OJ2PZFQYGM25
B01LFKP7DS,A1OJ2PZFQYGM25
B01I0HEJP6,A1OJ2PZFQYGM25
B01H6P628A,A1OJ2PZFQYGM25
B01BQHVAZE,A1OJ2PZFQYGM25
B00L9MDQ2C,A1OJ2PZFQYGM25
B00FAS1K88,A1OJ2PZFQYGM25
B00FA4RA04,A1OJ2PZFQYGM25
B00FA4QQ1S,A1OJ2PZFQYGM25
B00DYV7W58,A1OJ2PZFQYGM25
B00DYUNQCC,A1OJ2PZFQYGM25
B0011GI7KW,A1OJ2PZFQYGM25
B0BWTNS5SX,A1OJ2PZFQYGM25
B000P28UPU,A1OJ2PZFQYGM25
B07YCSNLDG,A1OJ2PZFQYGM25
B000EBDA9S,A1OJ2PZFQYGM25
B0882JMGGJ,A1OJ2PZFQYGM25
B00022VXLQ,A1OJ2PZFQYGM25
B089735L1C,A1OJ2PZFQYGM25
B004UU80FS,A1OJ2PZFQYGM25
B000005ZFS,A1OJ2PZFQYGM25
B01AIVT36W,A1OJ2PZFQYGM25
B07JYQM3H9,A1OJ2PZFQYGM25
B082NKH8H4,A1OJ2PZFQYGM25
B000AO18WA,A1OJ2PZFQYGM25
B077H2WT94,A1OJ2PZFQYGM25
B00BSWTK3C,A1OJ2PZFQYGM25
B018914Z1G,A1OJ2PZFQYGM25
B07ZZGJS68,A1OJ2PZFQYGM25
B07X38RK6D,A1OJ2PZFQYGM25
B07WGXFYD3,A1OJ2PZFQYGM25
B07KB42SRW,A1OJ2PZFQYGM25
B00KF5T50G,A1OJ2PZFQYGM25
B0B8595F6X,A1OJ2PZFQYGM25
B07Z8KZF6L,A1OJ2PZFQYGM25
B01HYANDTI,A1OJ2PZFQYGM25
B002EC3R8E,A1OJ2PZFQYGM25
B07Z17Q2Z4,A1OJ2PZFQYGM25
B07VN34QML,A1OJ2PZFQYGM25
B01C6032G0,A1OJ2PZFQYGM25
B01AXBGAPY,A1OJ2PZFQYGM25
B0058TXCCG,A1OJ2PZFQYGM25
B095M9NQZ1,A1OJ2PZFQYGM25
B00DCR0O0O,A1OJ2PZFQYGM25
B00CRJ66OG,A1OJ2PZFQYGM25
B008VNDO7Y,A1OJ2PZFQYGM25
B004T3AWB6,A1OJ2PZFQYGM25
B004RCT19S,A1OJ2PZFQYGM25
B0046VE8ZW,A1OJ2PZFQYGM25
B0044FT2EM,A1OJ2PZFQYGM25
B003ZOLYGM,A1OJ2PZFQYGM25
B003FMUPL4,A1OJ2PZFQYGM25
B003EG69LQ,A1OJ2PZFQYGM25
B002L2UGBS,A1OJ2PZFQYGM25
B001TEQFKK,A1OJ2PZFQYGM25
B001N1BX56,A1OJ2PZFQYGM25
B001AH7AGY,A1OJ2PZFQYGM25
B000ZKUJ9M,A1OJ2PZFQYGM25
B000TRL90O,A1OJ2PZFQYGM25
B0922GMCHJ,A1OJ2PZFQYGM25
B0911RV4D3,A1OJ2PZFQYGM25
B08XM1374G,A1OJ2PZFQYGM25
B08V98YCFG,A1OJ2PZFQYGM25
B08PPCTRZP,A1OJ2PZFQYGM25
B08P3PHGYM,A1OJ2PZFQYGM25
B08DD99PQN,A1OJ2PZFQYGM25
B08BS2W8XP,A1OJ2PZFQYGM25
B089M5843M,A1OJ2PZFQYGM25
B089GZ3FH6,A1OJ2PZFQYGM25
B0897YFV3F,A1OJ2PZFQYGM25
B088PFK6MW,A1OJ2PZFQYGM25
B087PTZTRY,A1OJ2PZFQYGM25
B07YBG62SN,A1OJ2PZFQYGM25
B07WSBB5TP,A1OJ2PZFQYGM25
B07W8RH21Z,A1OJ2PZFQYGM25
B07NVSVZGB,A1OJ2PZFQYGM25
B002UJ6AQM,A1OJ2PZFQYGM25
B08KG415NX,A1OJ2PZFQYGM25
B09936VB6J,A1OJ2PZFQYGM25
6305066809,A1OJ2PZFQYGM25
B08PNHH45X,A1OJ2PZFQYGM25
B07YJK9ZLX,A1OJ2PZFQYGM25
B003QWQ05I,A1OJ2PZFQYGM25
B0029SZNLM,A1OJ2PZFQYGM25
B0019TKMAE,A1OJ2PZFQYGM25
B0C5MM48HY,A1OJ2PZFQYGM25
B0C426Q99V,A1OJ2PZFQYGM25
B0BXSM74PX,A1OJ2PZFQYGM25
B0BX2Q513F,A1OJ2PZFQYGM25
B0B319WM2M,A1OJ2PZFQYGM25
B09SJ2T2LW,A1OJ2PZFQYGM25
B099S7Q6D8,A1OJ2PZFQYGM25
B095NBR9WT,A1OJ2PZFQYGM25
B095MC1K8D,A1OJ2PZFQYGM25
B094QDL4R5,A1OJ2PZFQYGM25
B092CLSM67,A1OJ2PZFQYGM25
B000K01JIC,A1OJ2PZFQYGM25
B000J40PKC,A1OJ2PZFQYGM25
B000HRSK08,A1OJ2PZFQYGM25
B000CQ47VU,A1OJ2PZFQYGM25
B000CIN95S,A1OJ2PZFQYGM25
9353061806,A1OJ2PZFQYGM25
B087WQRTJ6,A1OJ2PZFQYGM25
B005UNPTV2,A1OJ2PZFQYGM25
B00Z9TXGOY,A1OJ2PZFQYGM25
B07NPX5XR3,A1OJ2PZFQYGM25
B07W8ZTFSK,A1OJ2PZFQYGM25
9877838753,A1OJ2PZFQYGM25
B0BYJWPZ5D,A1OJ2PZFQYGM25
B002TWFH2I,A1OJ2PZFQYGM25
B000007ZVC,A1OJ2PZFQYGM25
B091TCF9HF,A1OJ2PZFQYGM25
B07HVHD6V4,A1OJ2PZFQYGM25
B000HI63Z6,A1OJ2PZFQYGM25
6305026017,A1OJ2PZFQYGM25
B07TWYGYGK,A1OJ2PZFQYGM25
B01MV1ZM6G,A1OJ2PZFQYGM25
B08XZ13Q2K,A1OJ2PZFQYGM25
B0000010KC,A1OJ2PZFQYGM25
B06XXJ26CR,A1OJ2PZFQYGM25
B0773KTBDY,A1OJ2PZFQYGM25
B0042L04YU,A1OJ2PZFQYGM25
B0002T5DEM,A1OJ2PZFQYGM25
B091K4N7K4,A1OJ2PZFQYGM25
B001RIIETS,A1OJ2PZFQYGM25
B07D4P5PQG,A1OJ2PZFQYGM25
B0827FC279,A1OJ2PZFQYGM25
B07WFFY7FF,A1OJ2PZFQYGM25
B011WL89JO,A1OJ2PZFQYGM25
B07RCJ62KW,A1OJ2PZFQYGM25
B07RCGJT16,A1OJ2PZFQYGM25
B07NF8F45H,A1OJ2PZFQYGM25
B0BQF3TTN6,A1OJ2PZFQYGM25
B07TJG9F6L,A1OJ2PZFQYGM25
B000C7YM28,A1OJ2PZFQYGM25
B0837DCH7C,A1OJ2PZFQYGM25
B0019T2FGI,A1OJ2PZFQYGM25
B08ZJPTTP6,A1OJ2PZFQYGM25
B07TV2KK2J,A1OJ2PZFQYGM25
B089W4NDFS,A1OJ2PZFQYGM25
B08ZJ5XMLJ,A1OJ2PZFQYGM25
B09R7G1QSH,A1OJ2PZFQYGM25
B00NF9KYKO,A1OJ2PZFQYGM25
B09CCLX594,A1OJ2PZFQYGM25
B07YJRD84X,A1OJ2PZFQYGM25
B07P7YSJVW,A1OJ2PZFQYGM25
B086J6DJK9,A1OJ2PZFQYGM25
B004CTFNUW,A1OJ2PZFQYGM25
B082PJD51N,A1OJ2PZFQYGM25
B083R5LKBW,A1OJ2PZFQYGM25
B087WYBQXW,A1OJ2PZFQYGM25
B096RZKQP5,A1OJ2PZFQYGM25
B07Y1J9RZN,A1OJ2PZFQYGM25
B0895L9MYS,A1OJ2PZFQYGM25
B007WM765G,A1OJ2PZFQYGM25
B000NY9N06,A1OJ2PZFQYGM25
B08H7M8FDW,A1OJ2PZFQYGM25
B07L63PJ93,A1OJ2PZFQYGM25
B01CQ2D33K,A1OJ2PZFQYGM25
B093GS9NSZ,A1OJ2PZFQYGM25
B0979QWQGM,A1OJ2PZFQYGM25
B08641J9Q9,A1OJ2PZFQYGM25
B01D0BSY76,A1OJ2PZFQYGM25
B008C51ITM,A1OJ2PZFQYGM25
B0058TXC30,A1OJ2PZFQYGM25
B0C1L3HWQ6,A1OJ2PZFQYGM25
B084HLC2D9,A1OJ2PZFQYGM25
B0816F83M9,A1OJ2PZFQYGM25
B07T11RF19,A1OJ2PZFQYGM25
B0719C5B1B,A1OJ2PZFQYGM25
B015VU5FXK,A1OJ2PZFQYGM25
B00B2HLE28,A1OJ2PZFQYGM25
B001DMPPEK,A1OJ2PZFQYGM25
B09W8QXTJX,A1OJ2PZFQYGM25
B09M6WBY39,A1OJ2PZFQYGM25
B08XB7LZ87,A1OJ2PZFQYGM25
B08P2NN8H5,A1OJ2PZFQYGM25
B087THXR6D,A1OJ2PZFQYGM25
B07SY8LSQZ,A1OJ2PZFQYGM25
B07R4H82T3,A1OJ2PZFQYGM25
B0895PJPTM,A1OJ2PZFQYGM25
B09G27CGF7,A1OJ2PZFQYGM25
B09G27C3MP,A1OJ2PZFQYGM25
B09G27B54T,A1OJ2PZFQYGM25
B09G271HWD,A1OJ2PZFQYGM25
B09G26ZZQD,A1OJ2PZFQYGM25
B09G26WFWM,A1OJ2PZFQYGM25
B09G26PDD7,A1OJ2PZFQYGM25
B09CZB9NCW,A1OJ2PZFQYGM25
B09BJPJ8WP,A1OJ2PZFQYGM25
B09BB9YNHK,A1OJ2PZFQYGM25
B09B9N8X3F,A1OJ2PZFQYGM25
B095W4Z2KJ,A1OJ2PZFQYGM25
B092V253LL,A1OJ2PZFQYGM25
B092TLWJFB,A1OJ2PZFQYGM25
B091T811TL,A1OJ2PZFQYGM25
B091D4PY3G,A1OJ2PZFQYGM25
B07X4JCYZC,A1OJ2PZFQYGM25
B07VF1VHCG,A1OJ2PZFQYGM25
B07RXQC1CD,A1OJ2PZFQYGM25
B07DVNPXYR,A1OJ2PZFQYGM25
B01LXKNOMM,A1OJ2PZFQYGM25
B001E04YZC,A1OJ2PZFQYGM25
B0BXXH1RNS,A1OJ2PZFQYGM25
B0BWMWMQ5D,A1OJ2PZFQYGM25
B09YCLGHM2,A1OJ2PZFQYGM25
B08XJSSQBQ,A1OJ2PZFQYGM25
B08MQQFC4F,A1OJ2PZFQYGM25
B089JCVM9Y,A1OJ2PZFQYGM25
B083FTCBGQ,A1OJ2PZFQYGM25
B081BCGB2H,A1OJ2PZFQYGM25
B07XJ2GL7W,A1OJ2PZFQYGM25
B07WZR91P1,A1OJ2PZFQYGM25
B07T3BJJP5,A1OJ2PZFQYGM25
B07N31RXWD,A1OJ2PZFQYGM25
B07LF5B6D7,A1OJ2PZFQYGM25
B01N9NQ6WA,A1OJ2PZFQYGM25
B01M2ZDASK,A1OJ2PZFQYGM25
B00L1L3MAW,A1OJ2PZFQYGM25
B00A02WPPG,A1OJ2PZFQYGM25
B004BTL7K8,A1OJ2PZFQYGM25
B000C81IN8,A1OJ2PZFQYGM25
B000C806UY,A1OJ2PZFQYGM25
B0C1MRCL6L,A1OJ2PZFQYGM25
B0BS6GVSZ7,A1OJ2PZFQYGM25
B0B1JQ62V2,A1OJ2PZFQYGM25
B09SHNYDVZ,A1OJ2PZFQYGM25
B09LRW35TH,A1OJ2PZFQYGM25
B09G27KP87,A1OJ2PZFQYGM25
B08YXWQKXH,A1OJ2PZFQYGM25
B08X3C7LBB,A1OJ2PZFQYGM25
B08RDCLZD1,A1OJ2PZFQYGM25
B08HYP7B82,A1OJ2PZFQYGM25
B08HWXZRLY,A1OJ2PZFQYGM25
B08HWPCLY4,A1OJ2PZFQYGM25
B08HWKMFVK,A1OJ2PZFQYGM25
B08GX5RKB1,A1OJ2PZFQYGM25
B08G1FX2RB,A1OJ2PZFQYGM25
B08B3GBWY1,A1OJ2PZFQYGM25
B089VY5PY2,A1OJ2PZFQYGM25
B0899D94D8,A1OJ2PZFQYGM25
B088R5H42V,A1OJ2PZFQYGM25
B088BDX8ZN,A1OJ2PZFQYGM25
B087WVXPXD,A1OJ2PZFQYGM25
B087WGN65K,A1OJ2PZFQYGM25
B087TMKXKC,A1OJ2PZFQYGM25
B083YV5DJR,A1OJ2PZFQYGM25
B083QNVP1Z,A1OJ2PZFQYGM25
B081P3DQZB,A1OJ2PZFQYGM25
B07ZND4BNN,A1OJ2PZFQYGM25
B07YXX2K6S,A1OJ2PZFQYGM25
B07YSV6MGN,A1OJ2PZFQYGM25
B07YHH13TN,A1OJ2PZFQYGM25
B07YFVSXHV,A1OJ2PZFQYGM25
B07Y3SXFDT,A1OJ2PZFQYGM25
B07X7JF9YQ,A1OJ2PZFQYGM25
B07X7JCRGW,A1OJ2PZFQYGM25
B07X7H1Y22,A1OJ2PZFQYGM25
B07X7G368Z,A1OJ2PZFQYGM25
B07X6JYTRM,A1OJ2PZFQYGM25
B07X6JP667,A1OJ2PZFQYGM25
B07WJX2VXK,A1OJ2PZFQYGM25
B07W4WWPFK,A1OJ2PZFQYGM25
B07VXS178C,A1OJ2PZFQYGM25
B07VX6MR34,A1OJ2PZFQYGM25
B07VVBFSDG,A1OJ2PZFQYGM25
B07V3YKCVJ,A1OJ2PZFQYGM25
B07TD33N17,A1OJ2PZFQYGM25
B07T2JKK55,A1OJ2PZFQYGM25
B07SVZT6KD,A1OJ2PZFQYGM25
B07S9XG9NH,A1OJ2PZFQYGM25
B07RR198KK,A1OJ2PZFQYGM25
B07RMTXLFM,A1OJ2PZFQYGM25
B07QWKQQ6Y,A1OJ2PZFQYGM25
B07QP9PCWR,A1OJ2PZFQYGM25
B07PXDNKXN,A1OJ2PZFQYGM25
B07KYKXNM7,A1OJ2PZFQYGM25
B07X5MBH2J,A1OJ2PZFQYGM25
B07X5MB8YZ,A1OJ2PZFQYGM25
B07X5M9VR4,A1OJ2PZFQYGM25
B07X5M9J1T,A1OJ2PZFQYGM25
B07X5M893J,A1OJ2PZFQYGM25
B07X5M1LDN,A1OJ2PZFQYGM25
B07X4JC9VF,A1OJ2PZFQYGM25
B07X4JC4RS,A1OJ2PZFQYGM25
B07X4JBVL8,A1OJ2PZFQYGM25
B07X4JBRXL,A1OJ2PZFQYGM25
B07X4JBKFY,A1OJ2PZFQYGM25
B07X4JBHVP,A1OJ2PZFQYGM25
B07X4JBGRW,A1OJ2PZFQYGM25
B07X4JBCCR,A1OJ2PZFQYGM25
B07WZH2XXX,A1OJ2PZFQYGM25
B07WNLT9FY,A1OJ2PZFQYGM25
B0094NYWB2,A1OJ2PZFQYGM25
B006X0CNBK,A1OJ2PZFQYGM25
B005LTJ8MQ,A1OJ2PZFQYGM25
B005K8OE6I,A1OJ2PZFQYGM25
B0052XJBUK,A1OJ2PZFQYGM25
B004TBKLLO,A1OJ2PZFQYGM25
B004Q1GLTS,A1OJ2PZFQYGM25
B004OA76YK,A1OJ2PZFQYGM25
B004I03H9E,A1OJ2PZFQYGM25
B003VE73R0,A1OJ2PZFQYGM25
B003S51Y8G,A1OJ2PZFQYGM25
B003J90SVA,A1OJ2PZFQYGM25
B002YGYIGK,A1OJ2PZFQYGM25
B002HBMFM6,A1OJ2PZFQYGM25
B001BS5KCI,A1OJ2PZFQYGM25
B001BL6A3I,A1OJ2PZFQYGM25
B001AW62S6,A1OJ2PZFQYGM25
B000WJFC20,A1OJ2PZFQYGM25
B000S0DHHU,A1OJ2PZFQYGM25
B000RLECOC,A1OJ2PZFQYGM25
B000I21WXO,A1OJ2PZFQYGM25
B000H5XVSQ,A1OJ2PZFQYGM25
B000G9VSCY,A1OJ2PZFQYGM25
B000CQ22DK,A1OJ2PZFQYGM25
B0007ZFY3Q,A1OJ2PZFQYGM25
6002582207,A1OJ2PZFQYGM25
B003NXH2TS,A1OJ2PZFQYGM25
B0017R5TYC,A1OJ2PZFQYGM25
B01LNAMOQI,A1OJ2PZFQYGM25
B07N74PHWW,A1OJ2PZFQYGM25
B08TJ79GRZ,A1OJ2PZFQYGM25
B07W79L6P9,A1OJ2PZFQYGM25
B08ZHFT3KG,A1OJ2PZFQYGM25
B000002Q3S,A1OJ2PZFQYGM25
B07WNQ7CP4,A1OJ2PZFQYGM25
B08Z7QFB6J,A1OJ2PZFQYGM25
B000000NY4,A1OJ2PZFQYGM25
B093BSKFBY,A1OJ2PZFQYGM25
B08QBCVDC9,A1OJ2PZFQYGM25
B000A896DE,A1OJ2PZFQYGM25
B01I0E4JX6,A1OJ2PZFQYGM25
B01HCUTWGS,A1OJ2PZFQYGM25
B01H5YHY9I,A1OJ2PZFQYGM25
B01EZ5QHIO,A1OJ2PZFQYGM25
B0194SD75I,A1OJ2PZFQYGM25
B00YW1YTU0,A1OJ2PZFQYGM25
B00XWDV68C,A1OJ2PZFQYGM25
B00UEM04JQ,A1OJ2PZFQYGM25
B00OI6DBDK,A1OJ2PZFQYGM25
B00O848BDM,A1OJ2PZFQYGM25
B00LMMHK9O,A1OJ2PZFQYGM25
B00K763QV2,A1OJ2PZFQYGM25
B00GKW5FDY,A1OJ2PZFQYGM25
B00DDQ586E,A1OJ2PZFQYGM25
B00C93KO2U,A1OJ2PZFQYGM25
B00AZX47LA,A1OJ2PZFQYGM25
B07VJ5MZSB,A1OJ2PZFQYGM25
B08ZJNPTCT,A1OJ2PZFQYGM25
B07WFWRTVP,A1OJ2PZFQYGM25
B076H2HP55,A1OJ2PZFQYGM25
B07FCBCT4C,A1OJ2PZFQYGM25
B0B17JZKXS,A1OJ2PZFQYGM25
B08G8V3P2Y,A1OJ2PZFQYGM25
B01JPDN49Q,A1OJ2PZFQYGM25
B00440D3OC,A1OJ2PZFQYGM25
B09495691Y,A1OJ2PZFQYGM25
B0889MZY4H,A1OJ2PZFQYGM25
B01LWLGZL0,A1OJ2PZFQYGM25
B07VVQ3V5S,A1OJ2PZFQYGM25
B0B5QWQVYY,A1OJ2PZFQYGM25
B076CH6XVB,A1OJ2PZFQYGM25
B0C4KTKMV4,A1OJ2PZFQYGM25
B09Y4CK8D8,A1OJ2PZFQYGM25
B000GHVC86,A1OJ2PZFQYGM25
B078ZMCK3F,A1OJ2PZFQYGM25
B0963ZW1CQ,A1OJ2PZFQYGM25
B07PLBKX9G,A1OJ2PZFQYGM25
B0C18P3K93,A1OJ2PZFQYGM25
B00GSN15P2,A1OJ2PZFQYGM25
B0893HYGKP,A1OJ2PZFQYGM25
B07WJWV2W9,A1OJ2PZFQYGM25
B00XYD2760,A1OJ2PZFQYGM25
B001W8RXQS,A1OJ2PZFQYGM25
B07XBP3LR8,A1OJ2PZFQYGM25
B07QVK19W2,A1OJ2PZFQYGM25
B08B55PPHH,A1OJ2PZFQYGM25
B0BM42WKH9,A1OJ2PZFQYGM25
B082NMCMMV,A1OJ2PZFQYGM25
B098KCPPW3,A1OJ2PZFQYGM25
B08ZYSP5QC,A1OJ2PZFQYGM25
B08HQTZGCN,A1OJ2PZFQYGM25
B089DYGT6G,A1OJ2PZFQYGM25
B07ZK3KZLN,A1OJ2PZFQYGM25
B07YG61KG2,A1OJ2PZFQYGM25
B0BW2T59BD,A1OJ2PZFQYGM25
B09HK7H5WL,A1OJ2PZFQYGM25
B098X6234W,A1OJ2PZFQYGM25
B091GG1XY9,A1OJ2PZFQYGM25
B083LPXH6J,A1OJ2PZFQYGM25
B07RR7KJXP,A1OJ2PZFQYGM25
B07RMJFLSG,A1OJ2PZFQYGM25
B003YJLGD4,A1OJ2PZFQYGM25
B09C8MCYGB,A1OJ2PZFQYGM25
B099M9752T,A1OJ2PZFQYGM25
B0924KCH3W,A1OJ2PZFQYGM25
B08YR4YZ8Q,A1OJ2PZFQYGM25
B08CNK7P2G,A1OJ2PZFQYGM25
B0895P7MYV,A1OJ2PZFQYGM25
B083BRQPVG,A1OJ2PZFQYGM25
B07Q6MS1CW,A1OJ2PZFQYGM25
B072MFCMT4,A1OJ2PZFQYGM25
B072LWC9BK,A1OJ2PZFQYGM25
B00ZYK0ID0,A1OJ2PZFQYGM25
B00CXNYUTO,A1OJ2PZFQYGM25
B002EC3TKA,A1OJ2PZFQYGM25
B0029LDRYO,A1OJ2PZFQYGM25
B001EWC4HU,A1OJ2PZFQYGM25
B0002KO126,A1OJ2PZFQYGM25
B0BZVDH7S1,A1OJ2PZFQYGM25
B0BFFD14SQ,A1OJ2PZFQYGM25
B0BBPF121T,A1OJ2PZFQYGM25
B0B1PG1DGJ,A1OJ2PZFQYGM25
B09XDJRGHY,A1OJ2PZFQYGM25
B09H4HCFWY,A1OJ2PZFQYGM25
B099N4ZCSH,A1OJ2PZFQYGM25
B0995M3LK3,A1OJ2PZFQYGM25
B098M9KYC9,A1OJ2PZFQYGM25
B098M7R74X,A1OJ2PZFQYGM25
B097ZFSG51,A1OJ2PZFQYGM25
B097P5TX6L,A1OJ2PZFQYGM25
B096VKQSRZ,A1OJ2PZFQYGM25
B08WKXP6QN,A1OJ2PZFQYGM25
B08Q791V3W,A1OJ2PZFQYGM25
B08M3W6CRT,A1OJ2PZFQYGM25
B08DRHM11Y,A1OJ2PZFQYGM25
B08DN965S3,A1OJ2PZFQYGM25
B08BLHSRH8,A1OJ2PZFQYGM25
B08BLDYV5D,A1OJ2PZFQYGM25
B08B3WRVVH,A1OJ2PZFQYGM25
B08B12CF8P,A1OJ2PZFQYGM25
B089N9G5Z2,A1OJ2PZFQYGM25
B089K893JK,A1OJ2PZFQYGM25
B08974ZCSW,A1OJ2PZFQYGM25
B0895PTTLJ,A1OJ2PZFQYGM25
B088NMPG1M,A1OJ2PZFQYGM25
B088MF3Y1K,A1OJ2PZFQYGM25
B08428DD7B,A1OJ2PZFQYGM25
B083NNHVK2,A1OJ2PZFQYGM25
B081MXHX5T,A1OJ2PZFQYGM25
B07ZYLJYN5,A1OJ2PZFQYGM25
B07ZQ9VC8Q,A1OJ2PZFQYGM25
B07ZP5MLT9,A1OJ2PZFQYGM25
B07ZNYDG2D,A1OJ2PZFQYGM25
B07Z6NYPH9,A1OJ2PZFQYGM25
B07Z582HCT,A1OJ2PZFQYGM25
B07YTFZPX8,A1OJ2PZFQYGM25
B07YQRD5FZ,A1OJ2PZFQYGM25
B07YBGGFCD,A1OJ2PZFQYGM25
B07XQBNCH4,A1OJ2PZFQYGM25
B07XQ57T8K,A1OJ2PZFQYGM25
B07WPDY4D2,A1OJ2PZFQYGM25
B07W4SX7ZY,A1OJ2PZFQYGM25
B07VMRFFJW,A1OJ2PZFQYGM25
B07SNTB926,A1OJ2PZFQYGM25
B07S3Z6Q4W,A1OJ2PZFQYGM25
B07RXLYDKW,A1OJ2PZFQYGM25
B07RF8XBX6,A1OJ2PZFQYGM25
B07Q1C38DP,A1OJ2PZFQYGM25
B07GKWPYQK,A1OJ2PZFQYGM25
B07G7LTKLS,A1OJ2PZFQYGM25
B072FPXFTD,A1OJ2PZFQYGM25
B071P8FJ3Y,A1OJ2PZFQYGM25
B06X6KVRN1,A1OJ2PZFQYGM25
B01M0XJYIQ,A1OJ2PZFQYGM25
B01LZ4314E,A1OJ2PZFQYGM25
B01LYGPUME,A1OJ2PZFQYGM25
B01LXT9G29,A1OJ2PZFQYGM25
B01L3FFB5Y,A1OJ2PZFQYGM25
B01KSHJW6C,A1OJ2PZFQYGM25
B01KSHIZVU,A1OJ2PZFQYGM25
B01K7SYNRU,A1OJ2PZFQYGM25
B01JQ5AHWU,A1OJ2PZFQYGM25
B01H6P6Q5E,A1OJ2PZFQYGM25
B015JXBRVS,A1OJ2PZFQYGM25
B0145HUTS6,A1OJ2PZFQYGM25
B010NVZ4CE,A1OJ2PZFQYGM25
B00XF8IE7U,A1OJ2PZFQYGM25
B00VGOPCYI,A1OJ2PZFQYGM25
B00UZEYFLQ,A1OJ2PZFQYGM25
B00M56CNH0,A1OJ2PZFQYGM25
B00KC1THII,A1OJ2PZFQYGM25
B00IQY2C7Q,A1OJ2PZFQYGM25
B00HQ09VXO,A1OJ2PZFQYGM25
B00GKX0RF4,A1OJ2PZFQYGM25
B00F6OU564,A1OJ2PZFQYGM25
B00DYUOZTU,A1OJ2PZFQYGM25
B00DDKL5EE,A1OJ2PZFQYGM25
B00B2QWWNE,A1OJ2PZFQYGM25
B007HV9646,A1OJ2PZFQYGM25
B00749RMRO,A1OJ2PZFQYGM25
B006P87ZV8,A1OJ2PZFQYGM25
B006P86ZD2,A1OJ2PZFQYGM25
B0064CPW8I,A1OJ2PZFQYGM25
B005BYZA6Y,A1OJ2PZFQYGM25
B004OKIRTI,A1OJ2PZFQYGM25
B004OA7QBS,A1OJ2PZFQYGM25
B004OA7PQ4,A1OJ2PZFQYGM25
B003F6CXI8,A1OJ2PZFQYGM25
B003EW8BAM,A1OJ2PZFQYGM25
B003756XNS,A1OJ2PZFQYGM25
B00362QTP4,A1OJ2PZFQYGM25
B002YKPDC4,A1OJ2PZFQYGM25
B002L554E4,A1OJ2PZFQYGM25
B002L1PH4K,A1OJ2PZFQYGM25
B002JJU6YK,A1OJ2PZFQYGM25
B0028D1JXY,A1OJ2PZFQYGM25
B001HSQ9R2,A1OJ2PZFQYGM25
B001E427PW,A1OJ2PZFQYGM25
B000LNPVDC,A1OJ2PZFQYGM25
B000KSB7XG,A1OJ2PZFQYGM25
B000I21Z4A,A1OJ2PZFQYGM25
B000I1GZGO,A1OJ2PZFQYGM25
B000HDE5OM,A1OJ2PZFQYGM25
B000HAYQ6M,A1OJ2PZFQYGM25
B000CPCU10,A1OJ2PZFQYGM25
B000CIN7WI,A1OJ2PZFQYGM25
B000C81P1I,A1OJ2PZFQYGM25
B0000GKV6C,A1OJ2PZFQYGM25
B0000AQNP1,A1OJ2PZFQYGM25
1477084932,A1OJ2PZFQYGM25
B098NNPK9D,A1OJ2PZFQYGM25
B08LBRT2HQ,A1OJ2PZFQYGM25
B094NHFJBB,A1OJ2PZFQYGM25
B07X3ZDVWB,A1OJ2PZFQYGM25
B000G6H3XU,A1OJ2PZFQYGM25
B0B6SRNX25,A1OJ2PZFQYGM25
B09931SGBB,A1OJ2PZFQYGM25
B08BCCWQYY,A1OJ2PZFQYGM25
B07ZK682TC,A1OJ2PZFQYGM25
B07QTMLS2J,A1OJ2PZFQYGM25
B08VW9VWHK,A1OJ2PZFQYGM25
B07Z8WQB9P,A1OJ2PZFQYGM25
B0C5HM137D,A1OJ2PZFQYGM25
B0BGL6JB8K,A1OJ2PZFQYGM25
B08B5WTNLM,A1OJ2PZFQYGM25
B07X5DVT4Y,A1OJ2PZFQYGM25
B016OXA1BO,A1OJ2PZFQYGM25
B0B9RVCF93,A1OJ2PZFQYGM25
B072WF8R2F,A1OJ2PZFQYGM25
B08TN1KMNW,A1OJ2PZFQYGM25
B07W683G3V,A1OJ2PZFQYGM25
B0952NM5BP,A1OJ2PZFQYGM25
B08FSR9F2V,A1OJ2PZFQYGM25
B088CTZQ1T,A1OJ2PZFQYGM25
B07HL12VFL,A1OJ2PZFQYGM25
B000C7ZMGS,A1OJ2PZFQYGM25
B0BZJNY5L2,A1OJ2PZFQYGM25
B09F179R1L,A1OJ2PZFQYGM25
B0932VTJ2C,A1OJ2PZFQYGM25
B07BNKSMYG,A1OJ2PZFQYGM25
B081J7XH45,A1OJ2PZFQYGM25
B07NRFFWTS,A1OJ2PZFQYGM25
B0026RNEM6,A1OJ2PZFQYGM25
B07X3X63ZK,A1OJ2PZFQYGM25
B07YWCK145,A1OJ2PZFQYGM25
B00RDX3SJM,A1OJ2PZFQYGM25
B0711LLDJQ,A1OJ2PZFQYGM25
B07YMZYCYX,A1OJ2PZFQYGM25
B07Y9MTKNN,A1OJ2PZFQYGM25
B07XL63SGR,A1OJ2PZFQYGM25
B00NUQX0XU,A1OJ2PZFQYGM25
B00F32XGBU,A1OJ2PZFQYGM25
B07TJ6TLGF,A1OJ2PZFQYGM25
B01MXWAC7L,A1OJ2PZFQYGM25
B07VPX23NY,A1OJ2PZFQYGM25
B07Z7TXXLF,A1OJ2PZFQYGM25
B07SVT3B7Z,A1OJ2PZFQYGM25
B0BWTKQL5X,A1OJ2PZFQYGM25
B0B5WGSR9P,A1OJ2PZFQYGM25
B09LHR5PQB,A1OJ2PZFQYGM25
B09B3B18KB,A1OJ2PZFQYGM25
B0971T9S2M,A1OJ2PZFQYGM25
B096RC7CCN,A1OJ2PZFQYGM25
B096MQZ5BG,A1OJ2PZFQYGM25
B096F45BMZ,A1OJ2PZFQYGM25
B094WBMGQC,A1OJ2PZFQYGM25
B094PQJGCV,A1OJ2PZFQYGM25
B093DRNSDN,A1OJ2PZFQYGM25
B08ZCQJMX2,A1OJ2PZFQYGM25
B08XMRP95F,A1OJ2PZFQYGM25
B08VJK6G2C,A1OJ2PZFQYGM25
B08PSRQSWN,A1OJ2PZFQYGM25
B08P9H1F9X,A1OJ2PZFQYGM25
B08NW2Y3H9,A1OJ2PZFQYGM25
B0B72F9VJQ,A1OJ2PZFQYGM25
B0966M87HH,A1OJ2PZFQYGM25
B0895Q6D8F,A1OJ2PZFQYGM25
B07ZRC98K4,A1OJ2PZFQYGM25
B07Y54RYRB,A1OJ2PZFQYGM25
B07VP2YWRJ,A1OJ2PZFQYGM25
B003WUL9TG,A1OJ2PZFQYGM25
B09B38GJDY,A1OJ2PZFQYGM25
B098LMS8DV,A1OJ2PZFQYGM25
B07ZXHN1ZV,A1OJ2PZFQYGM25
B003ZKAM3M,A1OJ2PZFQYGM25
B0027ACEE6,A1OJ2PZFQYGM25
B0006IKAI8,A1OJ2PZFQYGM25
B0BZPDFR92,A1OJ2PZFQYGM25
B0BZCPGZ2Y,A1OJ2PZFQYGM25
B0BJDWQ9KD,A1OJ2PZFQYGM25
B08JJ96VRY,A1OJ2PZFQYGM25
B08H193DVQ,A1OJ2PZFQYGM25
B08BP838W4,A1OJ2PZFQYGM25
B08BLDMCHZ,A1OJ2PZFQYGM25
B08BLDK6XF,A1OJ2PZFQYGM25
B08BFD6RKC,A1OJ2PZFQYGM25
B08BCNNKD2,A1OJ2PZFQYGM25
B08B646VQ1,A1OJ2PZFQYGM25
B08B4P22DD,A1OJ2PZFQYGM25
B089G8ZBJR,A1OJ2PZFQYGM25
B089FQ1TYJ,A1OJ2PZFQYGM25
B089DPCVG7,A1OJ2PZFQYGM25
B089DMGDPG,A1OJ2PZFQYGM25
B08938KC59,A1OJ2PZFQYGM25
B08913GX37,A1OJ2PZFQYGM25
B088YNJ3WR,A1OJ2PZFQYGM25
B088YM23L3,A1OJ2PZFQYGM25
B088YLYLJL,A1OJ2PZFQYGM25
B088YFGR68,A1OJ2PZFQYGM25
B088YDC24X,A1OJ2PZFQYGM25
B088Y9C3DD,A1OJ2PZFQYGM25
B088XZGBVW,A1OJ2PZFQYGM25
B088KL1RW2,A1OJ2PZFQYGM25
B088GS4NBK,A1OJ2PZFQYGM25
B088FDMH9N,A1OJ2PZFQYGM25
B087NRHCWT,A1OJ2PZFQYGM25
B086TXVMKW,A1OJ2PZFQYGM25
B084WYS1PF,A1OJ2PZFQYGM25
B08428YCL4,A1OJ2PZFQYGM25
B08428RKDB,A1OJ2PZFQYGM25
B08427X7H6,A1OJ2PZFQYGM25
B083497ZJW,A1OJ2PZFQYGM25
B0832DMRV1,A1OJ2PZFQYGM25
B082KT5F9T,A1OJ2PZFQYGM25
B07ZYXRCB5,A1OJ2PZFQYGM25
B07ZR2ZSHC,A1OJ2PZFQYGM25
B07YLCQLGK,A1OJ2PZFQYGM25
B07YBSBNX2,A1OJ2PZFQYGM25
B07Y4DXJRZ,A1OJ2PZFQYGM25
B07XPW6TBD,A1OJ2PZFQYGM25
B07XK67D26,A1OJ2PZFQYGM25
B07XJFL111,A1OJ2PZFQYGM25
B07XH2G76D,A1OJ2PZFQYGM25
B07XBWKNCQ,A1OJ2PZFQYGM25
B07X8TQ8L8,A1OJ2PZFQYGM25
B07WVZP4H3,A1OJ2PZFQYGM25
B07WRMX1KF,A1OJ2PZFQYGM25
B07WQV4VFZ,A1OJ2PZFQYGM25
B00AHJVOEA,A1OJ2PZFQYGM25
B007Z7N6DO,A1OJ2PZFQYGM25
B007Z7N1WU,A1OJ2PZFQYGM25
B007UTJW1M,A1OJ2PZFQYGM25
B007HD8TVK,A1OJ2PZFQYGM25
B00689TPD0,A1OJ2PZFQYGM25
B005HQ4U6W,A1OJ2PZFQYGM25
B004UU88F0,A1OJ2PZFQYGM25
B003TPEGKI,A1OJ2PZFQYGM25
B003SS9DF4,A1OJ2PZFQYGM25
B003112BV6,A1OJ2PZFQYGM25
B0030MSVS8,A1OJ2PZFQYGM25
B002VB3V66,A1OJ2PZFQYGM25
B002TRTRAG,A1OJ2PZFQYGM25
B002L1PH40,A1OJ2PZFQYGM25
B001ANN77E,A1OJ2PZFQYGM25
B0018MLF2G,A1OJ2PZFQYGM25
B0015YHGFW,A1OJ2PZFQYGM25
B000XZCDZM,A1OJ2PZFQYGM25
B000JKI1XY,A1OJ2PZFQYGM25
B000FN8S38,A1OJ2PZFQYGM25
B000CPK35K,A1OJ2PZFQYGM25
B000C83SJ0,A1OJ2PZFQYGM25
B000BQPKC6,A1OJ2PZFQYGM25
B000BPNMTK,A1OJ2PZFQYGM25
B000001FWS,A1OJ2PZFQYGM25
B088LYDL48,A1OJ2PZFQYGM25
B005K8RIZC,A1OJ2PZFQYGM25
B08F4BJN8W,A1OJ2PZFQYGM25
938814404X,A1OJ2PZFQYGM25
B00019PDHK,A1OJ2PZFQYGM25
B004LDFSOK,A1OJ2PZFQYGM25
B07XB2LHYB,A1OJ2PZFQYGM25
B01M3XP0QI,A1OJ2PZFQYGM25
9356106118,A1OJ2PZFQYGM25
B00006K0XK,A1OJ2PZFQYGM25
B0044UBUOM,A1OJ2PZFQYGM25
4334722881,A1OJ2PZFQYGM25
B07WJF6Q17,A1OJ2PZFQYGM25
B07S2X3RCT,A1OJ2PZFQYGM25
B07RB242WG,A1OJ2PZFQYGM25
B07PXR92VT,A1OJ2PZFQYGM25
B07JN5D9NF,A1OJ2PZFQYGM25
B01M0EZ70W,A1OJ2PZFQYGM25
B01LZSKN60,A1OJ2PZFQYGM25
B01LWB3M4D,A1OJ2PZFQYGM25
B01IQFS5R0,A1OJ2PZFQYGM25
B01HZWA8HK,A1OJ2PZFQYGM25
B0167G2KJY,A1OJ2PZFQYGM25
B00YJHLDSS,A1OJ2PZFQYGM25
B00QTTH3F6,A1OJ2PZFQYGM25
B00IEWCYMS,A1OJ2PZFQYGM25
B00I9QZYTO,A1OJ2PZFQYGM25
B00FMYU7NE,A1OJ2PZFQYGM25
B00005Q44S,A1OJ2PZFQYGM25
B07PV3CL54,A1OJ2PZFQYGM25
B000GCQ02O,A1OJ2PZFQYGM25
B09521PTQ2,A1OJ2PZFQYGM25
B08965443C,A1OJ2PZFQYGM25
B015EQEXS4,A1OJ2PZFQYGM25
B07TGJKC8J,A1OJ2PZFQYGM25
B07KNL9FCY,A1OJ2PZFQYGM25
B09NTFLJ7J,A1OJ2PZFQYGM25
B009X1UYT4,A1OJ2PZFQYGM25
B07SNVWXF8,A1OJ2PZFQYGM25
B094C3X1NC,A1OJ2PZFQYGM25
B0B1TF61Z3,A1OJ2PZFQYGM25
B0829VTWBL,A1OJ2PZFQYGM25
B089M5H6FH,A1OJ2PZFQYGM25
B06WP26QDZ,A1OJ2PZFQYGM25
B07ZZ5W8YV,A1OJ2PZFQYGM25
B000GTFGWM,A1OJ2PZFQYGM25
B08V8BFPV7,A1OJ2PZFQYGM25
B07ZHLYVZK,A1OJ2PZFQYGM25
B07ZYWNSJG,A1OJ2PZFQYGM25
B07XR597KQ,A1OJ2PZFQYGM25
B018WOFULE,A1OJ2PZFQYGM25
B003ACBE46,A1OJ2PZFQYGM25
B00CTS812K,A1OJ2PZFQYGM25
B0033Z2GVU,A1OJ2PZFQYGM25
B07WGH911F,A1OJ2PZFQYGM25
B01LAEV9WW,A1OJ2PZFQYGM25
B00FA3RQBS,A1OJ2PZFQYGM25
1624420486,A1OJ2PZFQYGM25
B0BX2YB828,A1OJ2PZFQYGM25
B0BLZS6S3Q,A1OJ2PZFQYGM25
B0BFCGTVYS,A1OJ2PZFQYGM25
B09JS581VX,A1OJ2PZFQYGM25
B09H7NMYHV,A1OJ2PZFQYGM25
B097CBTQ2M,A1OJ2PZFQYGM25
B07TX88QB3,A1OJ2PZFQYGM25
B07F9RV1LF,A1OJ2PZFQYGM25
B000TPEHMS,A1OJ2PZFQYGM25
B098XG9CLB,A1OJ2PZFQYGM25
B07XDQKKJZ,A1OJ2PZFQYGM25
B098KDG6JZ,A1OJ2PZFQYGM25
B0982T4P7N,A1OJ2PZFQYGM25
B097BG7PSP,A1OJ2PZFQYGM25
B08RCX489W,A1OJ2PZFQYGM25
B08HPNBD6Y,A1OJ2PZFQYGM25
B08GCWFVP3,A1OJ2PZFQYGM25
B08CRTDHH2,A1OJ2PZFQYGM25
B08CRC11N9,A1OJ2PZFQYGM25
B086VZWPM7,A1OJ2PZFQYGM25
B0869KJK3H,A1OJ2PZFQYGM25
B085VG3P3S,A1OJ2PZFQYGM25
B082YSBH69,A1OJ2PZFQYGM25
B081ZY1GLZ,A1OJ2PZFQYGM25
B07ZGDK5W6,A1OJ2PZFQYGM25
B07XG5GM9F,A1OJ2PZFQYGM25
B07WNYDS2L,A1OJ2PZFQYGM25
B07VXBSK7P,A1OJ2PZFQYGM25
B07PZ3NBCR,A1OJ2PZFQYGM25
B07LCV488M,A1OJ2PZFQYGM25
B07JB7M9JM,A1OJ2PZFQYGM25
B07HFFBYXQ,A1OJ2PZFQYGM25
B07CHT1MY3,A1OJ2PZFQYGM25
B01NCSADEZ,A1OJ2PZFQYGM25
B01LZ435M7,A1OJ2PZFQYGM25
B01LXUZGK7,A1OJ2PZFQYGM25
B01LBJK486,A1OJ2PZFQYGM25
B01LAWK4Q6,A1OJ2PZFQYGM25
B01L22047S,A1OJ2PZFQYGM25
B01JFST0FI,A1OJ2PZFQYGM25
B000GTSA3Y,A1OJ2PZFQYGM25
B000GATQQ8,A1OJ2PZFQYGM25
B000FPCMLA,A1OJ2PZFQYGM25
B000BQSJC4,A1OJ2PZFQYGM25
B000AIGVQ4,A1OJ2PZFQYGM25
B0007LMCJ4,A1OJ2PZFQYGM25
1683391608,A1OJ2PZFQYGM25
B00QFX69T2,A1OJ2PZFQYGM25
B00N2QXKA6,A1OJ2PZFQYGM25
B00LMMIKR0,A1OJ2PZFQYGM25
B00GKVL9DK,A1OJ2PZFQYGM25
B00DVWP55Y,A1OJ2PZFQYGM25
B00DEZAPUI,A1OJ2PZFQYGM25
B00BIEHRDK,A1OJ2PZFQYGM25
B00B39Y1D4,A1OJ2PZFQYGM25
B008VO5YEE,A1OJ2PZFQYGM25
B006VRU7OU,A1OJ2PZFQYGM25
B005HXF3WK,A1OJ2PZFQYGM25
B004UUC68U,A1OJ2PZFQYGM25
B0044FTCLK,A1OJ2PZFQYGM25
B00397VWZS,A1OJ2PZFQYGM25
B002YC87VQ,A1OJ2PZFQYGM25
B002IY35VM,A1OJ2PZFQYGM25
B002IV6XSM,A1OJ2PZFQYGM25
B0023086YW,A1OJ2PZFQYGM25
B001K5ZK5Y,A1OJ2PZFQYGM25
B000056NNR,A1OJ2PZFQYGM25
416791414X,A1OJ2PZFQYGM25
B08BCP17SL,A1OJ2PZFQYGM25
B000PHVYB2,A1OJ2PZFQYGM25
B07YBLMX6Q,A1OJ2PZFQYGM25
B086L18P66,A1OJ2PZFQYGM25
B07KG2TPB2,A1OJ2PZFQYGM25
B07VC5J1BK,A1OJ2PZFQYGM25
B00823J6SY,A1OJ2PZFQYGM25
B07HMQNZMD,A1OJ2PZFQYGM25
B00411A4R8,A1OJ2PZFQYGM25
B01G2652JE,A1OJ2PZFQYGM25
B07BNCB8TW,A1OJ2PZFQYGM25
B07XNVZBRH,A1OJ2PZFQYGM25
B07V9Q4LTT,A1OJ2PZFQYGM25
B0727KVYSV,A1OJ2PZFQYGM25
B08R1X2JSZ,A1OJ2PZFQYGM25
B005IY3C4O,A1OJ2PZFQYGM25
B000009JKE,A1OJ2PZFQYGM25
B00008AOUT,A1OJ2PZFQYGM25
B09C7X3JDJ,A1OJ2PZFQYGM25
B0831V1DRF,A1OJ2PZFQYGM25
B000003GIX,A1OJ2PZFQYGM25
B09F9JZZ4D,A1OJ2PZFQYGM25
B00005K2XN,A1OJ2PZFQYGM25
9652295175,A1OJ2PZFQYGM25
B0BZ6BPC1B,A1OJ2PZFQYGM25
B001D25MYS,A1OJ2PZFQYGM25
B07ZP6ZG59,A1OJ2PZFQYGM25
B01JBK24BM,A1OJ2PZFQYGM25
B0BM95Z5H2,A1OJ2PZFQYGM25
B082NJV8SZ,A1OJ2PZFQYGM25
B0BXNGT73K,A1OJ2PZFQYGM25
B0000CBJ4B,A1OJ2PZFQYGM25
B07XPJ1HNH,A1OJ2PZFQYGM25
B09XF8CNN7,A1OJ2PZFQYGM25
B07YVCWL5B,A1OJ2PZFQYGM25
B07Y9LFMGG,A1OJ2PZFQYGM25
B007GDY5DW,A1OJ2PZFQYGM25
B08R3JRY8M,A1OJ2PZFQYGM25
B0BGGNVTMS,A1OJ2PZFQYGM25
B00BWSZCMA,A1OJ2PZFQYGM25
B0002GIV1W,A1OJ2PZFQYGM25
B07QP16SBP,A1OJ2PZFQYGM25
B089R4M2CZ,A1OJ2PZFQYGM25
B0957QCJ2D,A1OJ2PZFQYGM25
B083G8R69B,A1OJ2PZFQYGM25
B016OPMJ44,A1OJ2PZFQYGM25
B0BYP963Y6,A1OJ2PZFQYGM25
B08KY2JJN6,A1OJ2PZFQYGM25
B0892VVQ3L,A1OJ2PZFQYGM25
B08K2CLS1X,A1OJ2PZFQYGM25
B0822VB3F7,A1OJ2PZFQYGM25
B07WSSLXVS,A1OJ2PZFQYGM25
B07RGPKTRC,A1OJ2PZFQYGM25
B001JPF3ZM,A1OJ2PZFQYGM25
B0BGBLYW3Z,A1OJ2PZFQYGM25
B08XMZWMTH,A1OJ2PZFQYGM25
B07Z5Q8K85,A1OJ2PZFQYGM25
B000199HTU,A1OJ2PZFQYGM25
B01JA8E0VM,A1OJ2PZFQYGM25
B000C8428G,A1OJ2PZFQYGM25
B0BYPG9JL9,A1OJ2PZFQYGM25
B09B75BTSD,A1OJ2PZFQYGM25
B094MX28NR,A1OJ2PZFQYGM25
B083HKB5RK,A1OJ2PZFQYGM25
B0C8HWB6JM,A1OJ2PZFQYGM25
B09D89WFPT,A1OJ2PZFQYGM25
B07XCVM376,A1OJ2PZFQYGM25
B0BJZS9NMV,A1OJ2PZFQYGM25
B096PYZ96V,A1OJ2PZFQYGM25
B091J3YHYS,A1OJ2PZFQYGM25
B08Q43DGRP,A1OJ2PZFQYGM25
B08963B4RN,A1OJ2PZFQYGM25
B088WVZ2R1,A1OJ2PZFQYGM25
B082SQGCQS,A1OJ2PZFQYGM25
B07XCJXNMS,A1OJ2PZFQYGM25
B071Z2M1MN,A1OJ2PZFQYGM25
B01M6TQ6ZW,A1OJ2PZFQYGM25
B01IIBWSEI,A1OJ2PZFQYGM25
B00E0EUKX4,A1OJ2PZFQYGM25
B0CCSCLCLQ,A1OJ2PZFQYGM25
B0C9HVJ3WK,A1OJ2PZFQYGM25
B0BY4STRLW,A1OJ2PZFQYGM25
B0BK8K2CVT,A1OJ2PZFQYGM25
B09D7PMVTQ,A1OJ2PZFQYGM25
B09CV9BKS7,A1OJ2PZFQYGM25
B099QD4HYZ,A1OJ2PZFQYGM25
B099QCBCPP,A1OJ2PZFQYGM25
B099QBZ1MQ,A1OJ2PZFQYGM25
B099QB8YMX,A1OJ2PZFQYGM25
B099JQ1ZDN,A1OJ2PZFQYGM25
B0995YF7G2,A1OJ2PZFQYGM25
B098PWVRS5,A1OJ2PZFQYGM25
B096C7Q6WZ,A1OJ2PZFQYGM25
B095YM5KP4,A1OJ2PZFQYGM25
B095BY5QRH,A1OJ2PZFQYGM25
B0924X713Z,A1OJ2PZFQYGM25
B08R37L1ZM,A1OJ2PZFQYGM25
B08QHKGR19,A1OJ2PZFQYGM25
B08P8DTP9C,A1OJ2PZFQYGM25
B08L76D2YK,A1OJ2PZFQYGM25
B08KGK9G5W,A1OJ2PZFQYGM25
B08K78VS2L,A1OJ2PZFQYGM25
B08DL6WCFK,A1OJ2PZFQYGM25
B089ZQP8V6,A1OJ2PZFQYGM25
B0895NV114,A1OJ2PZFQYGM25
B0893Y6QSF,A1OJ2PZFQYGM25
B0893SSYQ8,A1OJ2PZFQYGM25
B088VKCJ6K,A1OJ2PZFQYGM25
B0888H5ZNW,A1OJ2PZFQYGM25
B087YXMSNY,A1OJ2PZFQYGM25
B0869BPFYL,A1OJ2PZFQYGM25
B085XVBNPZ,A1OJ2PZFQYGM25
B082HLNNSX,A1OJ2PZFQYGM25
B07ZT4966T,A1OJ2PZFQYGM25
B07ZSCZQZ1,A1OJ2PZFQYGM25
B07ZHSWG87,A1OJ2PZFQYGM25
B07ZF2RM7X,A1OJ2PZFQYGM25
B07YTPP6YQ,A1OJ2PZFQYGM25
B07YTL1QVH,A1OJ2PZFQYGM25
B07YMT7RX6,A1OJ2PZFQYGM25
B07YH8Q7T4,A1OJ2PZFQYGM25
B07Y53VCBZ,A1OJ2PZFQYGM25
B07XLWFFZD,A1OJ2PZFQYGM25
B07XK68JS7,A1OJ2PZFQYGM25
B07X9SJHGQ,A1OJ2PZFQYGM25
B07X349T36,A1OJ2PZFQYGM25
B07W9F37VH,A1OJ2PZFQYGM25
B07W48J3X9,A1OJ2PZFQYGM25
B07VY7DSPT,A1OJ2PZFQYGM25
B07TW4PWHG,A1OJ2PZFQYGM25
B07S3X78G4,A1OJ2PZFQYGM25
B07RG88MWD,A1OJ2PZFQYGM25
B07RG7N3BR,A1OJ2PZFQYGM25
B07RF9KTZ7,A1OJ2PZFQYGM25
B07RF9GZF6,A1OJ2PZFQYGM25
B07RF9FMQB,A1OJ2PZFQYGM25
B07R239272,A1OJ2PZFQYGM25
B07QTQ3JLD,A1OJ2PZFQYGM25
B07JY5HMNL,A1OJ2PZFQYGM25
B01M8LI2XG,A1OJ2PZFQYGM25
B01M58IFCP,A1OJ2PZFQYGM25
B01M0MHKZE,A1OJ2PZFQYGM25
B01M0A7HM4,A1OJ2PZFQYGM25
B01LZJ04RW,A1OJ2PZFQYGM25
B01LWS7LTR,A1OJ2PZFQYGM25
B01L93KDCQ,A1OJ2PZFQYGM25
B01KUEOEXO,A1OJ2PZFQYGM25
B01HZWD9UI,A1OJ2PZFQYGM25
B01CGKCH34,A1OJ2PZFQYGM25
B017QP7AVI,A1OJ2PZFQYGM25
B017QP7A2C,A1OJ2PZFQYGM25
B016YKMXE0,A1OJ2PZFQYGM25
B015TAT2GS,A1OJ2PZFQYGM25
B013IUNHSA,A1OJ2PZFQYGM25
B00YZXDQ0E,A1OJ2PZFQYGM25
B00S3QD88O,A1OJ2PZFQYGM25
B00GRAHGY0,A1OJ2PZFQYGM25
B00G505YPU,A1OJ2PZFQYGM25
B00DIQXEF6,A1OJ2PZFQYGM25
B009Q732A8,A1OJ2PZFQYGM25
B007Z7LDKM,A1OJ2PZFQYGM25
B007BEIYNI,A1OJ2PZFQYGM25
B005OIFUOY,A1OJ2PZFQYGM25
B004QVTW08,A1OJ2PZFQYGM25
B004OA7N7A,A1OJ2PZFQYGM25
B0042IYKJ8,A1OJ2PZFQYGM25
B003U3VMEM,A1OJ2PZFQYGM25
B003NXPFZQ,A1OJ2PZFQYGM25
B003177LZ6,A1OJ2PZFQYGM25
B002S47R3E,A1OJ2PZFQYGM25
B002MW8HS6,A1OJ2PZFQYGM25
B0022ZOAUW,A1OJ2PZFQYGM25
B001GMWRP2,A1OJ2PZFQYGM25
B001GMVDIY,A1OJ2PZFQYGM25
B001GMT8JK,A1OJ2PZFQYGM25
B001GMT8GS,A1OJ2PZFQYGM25
B001EVIGJQ,A1OJ2PZFQYGM25
B001AZHOJO,A1OJ2PZFQYGM25
B0018ATW8C,A1OJ2PZFQYGM25
B0013DG480,A1OJ2PZFQYGM25
B000GAX2V8,A1OJ2PZFQYGM25
B000GATPQY,A1OJ2PZFQYGM25
B000FP8N7C,A1OJ2PZFQYGM25
B000EQPBU4,A1OJ2PZFQYGM25
B000C81FUO,A1OJ2PZFQYGM25
B000C7ZA3S,A1OJ2PZFQYGM25
B000BOB19Y,A1OJ2PZFQYGM25
B000BO95S8,A1OJ2PZFQYGM25
063501114X,A1OJ2PZFQYGM25
8188583812,A1OJ2PZFQYGM25
B000007N42,A1OJ2PZFQYGM25
B07XM4TWSR,A1OJ2PZFQYGM25
B000000R7W,A1OJ2PZFQYGM25
B0967HT52F,A1OJ2PZFQYGM25
B073LF6B2G,A1OJ2PZFQYGM25
B00886D3OS,A1OJ2PZFQYGM25
B07TBNVDHQ,A1OJ2PZFQYGM25
B01D0N7AI8,A1OJ2PZFQYGM25
B07SZ4SS59,A1OJ2PZFQYGM25
B07SX3C4G2,A1OJ2PZFQYGM25
B0002IXJWQ,A1OJ2PZFQYGM25
B005SO8SPC,A1OJ2PZFQYGM25
B07VVMQX6Y,A1OJ2PZFQYGM25
B00004SQGJ,A1OJ2PZFQYGM25
B0BSHDHPBX,A1OJ2PZFQYGM25
B07T1NYV7Z,A1OJ2PZFQYGM25
B07QQ91D51,A1OJ2PZFQYGM25
B000HS4LVO,A1OJ2PZFQYGM25
B07XCK2PSG,A1OJ2PZFQYGM25
B07ZVSKH8Y,A1OJ2PZFQYGM25
B002EC3RR0,A1OJ2PZFQYGM25
B000CAVE08,A1OJ2PZFQYGM25
B075TF2XFM,A1OJ2PZFQYGM25
B000W5JJ5A,A1OJ2PZFQYGM25
B007JW08KE,A1OJ2PZFQYGM25
B09MGF8F6Z,A1OJ2PZFQYGM25
B07HJG6JV9,A1OJ2PZFQYGM25
B0018N3VT0,A1OJ2PZFQYGM25
B07YCVG1ZK,A1OJ2PZFQYGM25
B01FR6LK96,A1OJ2PZFQYGM25
B088TRT773,A1OJ2PZFQYGM25
B0843VB8FN,A1OJ2PZFQYGM25
B083Q9RSFZ,A1OJ2PZFQYGM25
B082PJ9VGL,A1OJ2PZFQYGM25
B07ZGNHDV4,A1OJ2PZFQYGM25
B07ZB1PF6G,A1OJ2PZFQYGM25
B07Z5FWNQQ,A1OJ2PZFQYGM25
B07PVCQCRH,A1OJ2PZFQYGM25
B004O7DC0K,A1OJ2PZFQYGM25
B0C9WNP2T5,A1OJ2PZFQYGM25
B0915GZ9FS,A1OJ2PZFQYGM25
B08NPX4DWN,A1OJ2PZFQYGM25
B08HRBNZ1H,A1OJ2PZFQYGM25
B08GPGRVT6,A1OJ2PZFQYGM25
B08BHNQT28,A1OJ2PZFQYGM25
B089GSZG3J,A1OJ2PZFQYGM25
B07Z4D4DP1,A1OJ2PZFQYGM25
B07YCWHJL4,A1OJ2PZFQYGM25
B07XWD17S3,A1OJ2PZFQYGM25
B07VZ8PP6R,A1OJ2PZFQYGM25
B07T3Z4J5R,A1OJ2PZFQYGM25
B07R7FCL8P,A1OJ2PZFQYGM25
B07QCQM28X,A1OJ2PZFQYGM25
B07NQHHVXL,A1OJ2PZFQYGM25
B07G91GKH7,A1OJ2PZFQYGM25
B01M9DQVZT,A1OJ2PZFQYGM25
B01LXL458K,A1OJ2PZFQYGM25
B017Z45T0E,A1OJ2PZFQYGM25
B00WEVYYK0,A1OJ2PZFQYGM25
B00S3QCSDK,A1OJ2PZFQYGM25
B00QZNG41A,A1OJ2PZFQYGM25
B00IV5IR7E,A1OJ2PZFQYGM25
B00IR7A1RK,A1OJ2PZFQYGM25
B00H1I12V0,A1OJ2PZFQYGM25
B00FBP47BC,A1OJ2PZFQYGM25
B00FA4PQJ6,A1OJ2PZFQYGM25
B00DYUP2LA,A1OJ2PZFQYGM25
B0097PW7WS,A1OJ2PZFQYGM25
B0096Z2S6O,A1OJ2PZFQYGM25
B007Z7N4X6,A1OJ2PZFQYGM25
B007Z7KPDI,A1OJ2PZFQYGM25
B0067N2T2G,A1OJ2PZFQYGM25
B0044FT738,A1OJ2PZFQYGM25
B004117804,A1OJ2PZFQYGM25
B0030B26EO,A1OJ2PZFQYGM25
B002ZWDZSK,A1OJ2PZFQYGM25
B0027AAHR2,A1OJ2PZFQYGM25
B001K6358C,A1OJ2PZFQYGM25
B001GMWRJ8,A1OJ2PZFQYGM25
B001DCKUWW,A1OJ2PZFQYGM25
B0010ZTQT0,A1OJ2PZFQYGM25
B000PJ5AH4,A1OJ2PZFQYGM25
B000NOWRYK,A1OJ2PZFQYGM25
B000JKF98E,A1OJ2PZFQYGM25
B07TMRSP64,A1OJ2PZFQYGM25
B000A0GYB4,A1OJ2PZFQYGM25
B08JH5R4LQ,A1OJ2PZFQYGM25
712234603X,A1OJ2PZFQYGM25
B00545KTBQ,A1OJ2PZFQYGM25
B08Q7XGZC6,A1OJ2PZFQYGM25
B098J4PKJZ,A1OJ2PZFQYGM25
B001E2PTJK,A1OJ2PZFQYGM25
B00030A5J8,A1OJ2PZFQYGM25
B0855QQ71J,A1OJ2PZFQYGM25
B004TWOWYK,A1OJ2PZFQYGM25
B0BVM4B9WS,A1OJ2PZFQYGM25
B081ZBX987,A1OJ2PZFQYGM25
B006O9MDY2,A1OJ2PZFQYGM25
B000QCU9J4,A1OJ2PZFQYGM25
B0006BJ0AY,A1OJ2PZFQYGM25
B07N1CQJ33,A1OJ2PZFQYGM25
B018ODINLC,A1OJ2PZFQYGM25
B01LAVJDI2,A1OJ2PZFQYGM25
B00545KVS2,A1OJ2PZFQYGM25
B07ZJXSYQN,A1OJ2PZFQYGM25
B000OHZJBE,A1OJ2PZFQYGM25
B002OXEZV6,A1OJ2PZFQYGM25
B0012KK6QU,A1OJ2PZFQYGM25
B01L32KQRU,A1OJ2PZFQYGM25
B00002SWN9,A1OJ2PZFQYGM25
B07XB2F7F3,A1OJ2PZFQYGM25
B07QQW9558,A1OJ2PZFQYGM25
B0000049NH,A1OJ2PZFQYGM25
B0045X9A3G,A1OJ2PZFQYGM25
B07ZD9R35W,A1OJ2PZFQYGM25
B0000024DU,A1OJ2PZFQYGM25
B001302UNQ,A1OJ2PZFQYGM25
B000OQFVLS,A1OJ2PZFQYGM25
B003ZUV97U,A1OJ2PZFQYGM25
B0000015AG,A1OJ2PZFQYGM25
B00102F5XO,A1OJ2PZFQYGM25
B000BQRBEQ,A1OJ2PZFQYGM25
B000K3JIE6,A1OJ2PZFQYGM25
B07CYLGDW2,A1OJ2PZFQYGM25
B08ZY7VB4V,A1OJ2PZFQYGM25
B001CISIKI,A1OJ2PZFQYGM25
B003ZZS46Y,A1OJ2PZFQYGM25
B0018OAOX0,A1OJ2PZFQYGM25
B0055E8BR0,A1OJ2PZFQYGM25
B07X449P35,A1OJ2PZFQYGM25
B01J2MM2OI,A1OJ2PZFQYGM25
B000MDH86E,A1OJ2PZFQYGM25
B0002F5IJ6,A1OJ2PZFQYGM25
B08DNPQ1Z7,A1OJ2PZFQYGM25
B0009F1V72,A1OJ2PZFQYGM25
B0BYC5FJG2,A1OJ2PZFQYGM25
B088B92DYW,A1OJ2PZFQYGM25
B07GQ376B7,A1OJ2PZFQYGM25
B08NFH214M,A1OJ2PZFQYGM25
B001THAMQK,A1OJ2PZFQYGM25
B000XIDU6A,A1OJ2PZFQYGM25
B000EELBSW,A1OJ2PZFQYGM25
B00006IBR9,A1OJ2PZFQYGM25
B0C2CQ821S,A1OJ2PZFQYGM25
B089ZS86C7,A1OJ2PZFQYGM25
B085WQ4C9S,A1OJ2PZFQYGM25
B082Q1S6BR,A1OJ2PZFQYGM25
B01DFS9GUS,A1OJ2PZFQYGM25
B0006BIYX8,A1OJ2PZFQYGM25
B0B9FDDRY8,A1OJ2PZFQYGM25
B07XJR9SWP,A1OJ2PZFQYGM25
B07WP7B2MJ,A1OJ2PZFQYGM25
B01LTFBEVI,A1OJ2PZFQYGM25
B01HCI03O0,A1OJ2PZFQYGM25
B009IWNOIQ,A1OJ2PZFQYGM25
B003BZLRSK,A1OJ2PZFQYGM25
B08L5V359Q,A1OJ2PZFQYGM25
B08B3ZP254,A1OJ2PZFQYGM25
B07XTZ9Z6N,A1OJ2PZFQYGM25
B07XD8868W,A1OJ2PZFQYGM25
B01LW8I5NK,A1OJ2PZFQYGM25
B001JPF4ZQ,A1OJ2PZFQYGM25
B001AVYXTC,A1OJ2PZFQYGM25
B000ROE4D8,A1OJ2PZFQYGM25
B004KDO32Y,A1OJ2PZFQYGM25
B07ZPCCPFP,A1OJ2PZFQYGM25
B08618DVLS,A1OJ2PZFQYGM25
B00R3MU8XM,A1OJ2PZFQYGM25
B001OMZYA4,A1OJ2PZFQYGM25
B07Y173FVM,A1OJ2PZFQYGM25
B000001OFJ,A1OJ2PZFQYGM25
B07YK332LT,A1OJ2PZFQYGM25
B0000C52EV,A1OJ2PZFQYGM25
B00004ZBOC,A1OJ2PZFQYGM25
B001H1247I,A1OJ2PZFQYGM25
B07YHKVG6W,A1OJ2PZFQYGM25
B08YJC3B55,A1OJ2PZFQYGM25
B000QCU9IU,A1OJ2PZFQYGM25
B0058OY554,A1OJ2PZFQYGM25
B000SDXPAG,A1OJ2PZFQYGM25
B000QJBNII,A1OJ2PZFQYGM25
B0CLH2Z441,A1OJ2PZFQYGM25
B0CC9M3YVV,A1OJ2PZFQYGM25
B0C1GVFCYT,A1OJ2PZFQYGM25
B0BK93PN6V,A1OJ2PZFQYGM25
B09B5ZKLGP,A1OJ2PZFQYGM25
B099ZQTVJZ,A1OJ2PZFQYGM25
B099JPRHKZ,A1OJ2PZFQYGM25
B099DTMNNP,A1OJ2PZFQYGM25
B096ZNPDRV,A1OJ2PZFQYGM25
B093KBWBTM,A1OJ2PZFQYGM25
B093BQQ3Q2,A1OJ2PZFQYGM25
B091787JPY,A1OJ2PZFQYGM25
B08Z1WNGL8,A1OJ2PZFQYGM25
B08W4YK6FL,A1OJ2PZFQYGM25
B08QTWXMGR,A1OJ2PZFQYGM25
B07WVF5NGW,A1OJ2PZFQYGM25
B07WF3Y21T,A1OJ2PZFQYGM25
B07SS4WP8L,A1OJ2PZFQYGM25
B07QR26XZX,A1OJ2PZFQYGM25
B07QL33Z15,A1OJ2PZFQYGM25
B07M68JYRC,A1OJ2PZFQYGM25
B07DQKQKS1,A1OJ2PZFQYGM25
B07BFBXRP5,A1OJ2PZFQYGM25
B079L3245L,A1OJ2PZFQYGM25
B079HQ7NV3,A1OJ2PZFQYGM25
B01MA10SMP,A1OJ2PZFQYGM25
B01M4FRXTC,A1OJ2PZFQYGM25
B01LVX8UV3,A1OJ2PZFQYGM25
B01LJ1UGUW,A1OJ2PZFQYGM25
B01JOMXMNG,A1OJ2PZFQYGM25
B01D1KT6PK,A1OJ2PZFQYGM25
B01BVXNFBK,A1OJ2PZFQYGM25
B01AW11SMA,A1OJ2PZFQYGM25
B013IUSWQC,A1OJ2PZFQYGM25
B00S3QCQVO,A1OJ2PZFQYGM25
B00QWDG4E0,A1OJ2PZFQYGM25
B00Q56PXFA,A1OJ2PZFQYGM25
B00PUZGGM6,A1OJ2PZFQYGM25
B00O719KMM,A1OJ2PZFQYGM25
B00HSFAQUO,A1OJ2PZFQYGM25
B00DYURV5K,A1OJ2PZFQYGM25
B00DJY4Q8Q,A1OJ2PZFQYGM25
B00AF1CEV2,A1OJ2PZFQYGM25
B007Z7RU7M,A1OJ2PZFQYGM25
B007Z7QGRM,A1OJ2PZFQYGM25
B007Z7PIL2,A1OJ2PZFQYGM25
B007Z7LI9S,A1OJ2PZFQYGM25
B08NVMHTLY,A1OJ2PZFQYGM25
B08MKW7NRS,A1OJ2PZFQYGM25
B08CZWFYM6,A1OJ2PZFQYGM25
B08B4GSBNB,A1OJ2PZFQYGM25
B089KTPMZT,A1OJ2PZFQYGM25
B088BF6Z9K,A1OJ2PZFQYGM25
B088B8SWKX,A1OJ2PZFQYGM25
B087Z414C3,A1OJ2PZFQYGM25
B087Q3MZF8,A1OJ2PZFQYGM25
B07ZHT2TNG,A1OJ2PZFQYGM25
B07YGTH36Z,A1OJ2PZFQYGM25
B07Y59B92H,A1OJ2PZFQYGM25
B07XNT567W,A1OJ2PZFQYGM25
B07XJDTW8F,A1OJ2PZFQYGM25
B07XGZTRZD,A1OJ2PZFQYGM25
B07WW1GYPJ,A1OJ2PZFQYGM25
B007QV1B40,A1OJ2PZFQYGM25
B004BFUD9S,A1OJ2PZFQYGM25
B004781WTO,A1OJ2PZFQYGM25
B0047664EE,A1OJ2PZFQYGM25
B003BZQ9CE,A1OJ2PZFQYGM25
B0038XWUPY,A1OJ2PZFQYGM25
B002YLXXKC,A1OJ2PZFQYGM25
B002TWKNXQ,A1OJ2PZFQYGM25
B001O7JGBW,A1OJ2PZFQYGM25
B001J8G6Q4,A1OJ2PZFQYGM25
B001DYXIXS,A1OJ2PZFQYGM25
B00189A6PG,A1OJ2PZFQYGM25
B000WJIW0O,A1OJ2PZFQYGM25
B000WJIVQE,A1OJ2PZFQYGM25
B000EPPFNI,A1OJ2PZFQYGM25
B0000VLCS8,A1OJ2PZFQYGM25
B08BN8TZJP,A1OJ2PZFQYGM25
B07S3DCL65,A1OJ2PZFQYGM25
B001RPZE30,A1OJ2PZFQYGM25
B000005Z1D,A1OJ2PZFQYGM25
B07X6HSRRD,A1OJ2PZFQYGM25
B099NK8111,A1OJ2PZFQYGM25
B073MP88HW,A1OJ2PZFQYGM25
B07X2H9FTJ,A1OJ2PZFQYGM25
B0011FLGXI,A1OJ2PZFQYGM25
B005R2S1LQ,A1OJ2PZFQYGM25
B07XMJCZ33,A1OJ2PZFQYGM25
B088QFB1N5,A1OJ2PZFQYGM25
B0896YRDYX,A1OJ2PZFQYGM25
B000C7Y42Q,A1OJ2PZFQYGM25
B002D6EXSO,A1OJ2PZFQYGM25
9917005536,A1OJ2PZFQYGM25
B07CLG9S5L,A1OJ2PZFQYGM25
B07VVP7127,A1OJ2PZFQYGM25
4592882172,A1OJ2PZFQYGM25
B0888HW6Z8,A1OJ2PZFQYGM25
B07SMT62DG,A1OJ2PZFQYGM25
B000294DSE,A1OJ2PZFQYGM25
B09JMV2JHZ,A1OJ2PZFQYGM25
4106102196,A1OJ2PZFQYGM25
B08BRGS636,A1OJ2PZFQYGM25
B000251ECQ,A1OJ2PZFQYGM25
B081HJ9NQT,A1OJ2PZFQYGM25
4044072035,A1OJ2PZFQYGM25
B08BRCJ8R8,A1OJ2PZFQYGM25
B000002Y0L,A1OJ2PZFQYGM25
B01JFB5FB8,A1OJ2PZFQYGM25
B08BR5DRW6,A1OJ2PZFQYGM25
B01BMVVVLW,A1OJ2PZFQYGM25
B08BR3J8LN,A1OJ2PZFQYGM25
B0B6PQ1JLT,A1OJ2PZFQYGM25
B08BP8774P,A1OJ2PZFQYGM25
B0BD5FHSJT,A1OJ2PZFQYGM25
B08BP7CG9N,A1OJ2PZFQYGM25
B08DLJ9Y57,A1OJ2PZFQYGM25
B08BP753TP,A1OJ2PZFQYGM25
B07ZCL8Z9D,A1OJ2PZFQYGM25
B08BP717M6,A1OJ2PZFQYGM25
B004KZ0IGW,A1OJ2PZFQYGM25
B08BP6ZPQR,A1OJ2PZFQYGM25
B002HVYN08,A1OJ2PZFQYGM25
B0885QZTWS,A1OJ2PZFQYGM25
B07WH1QXRW,A1OJ2PZFQYGM25
B0821FLGT6,A1OJ2PZFQYGM25
B001UU3QZU,A1OJ2PZFQYGM25
B07ZJ8YV9J,A1OJ2PZFQYGM25
B0001P1FBW,A1OJ2PZFQYGM25
B07Y814W4W,A1OJ2PZFQYGM25
B081FVX85W,A1OJ2PZFQYGM25
B07XSK6QM6,A1OJ2PZFQYGM25
B07W84LSXL,A1OJ2PZFQYGM25
B07WF5RT1X,A1OJ2PZFQYGM25
B0B46XJW36,A1OJ2PZFQYGM25
B07W3KD7JG,A1OJ2PZFQYGM25
B097FG9LJX,A1OJ2PZFQYGM25
B01LDW1RZA,A1OJ2PZFQYGM25
B07V7TBN9L,A1OJ2PZFQYGM25
B003C01CYS,A1OJ2PZFQYGM25
B0BJ614TJF,A1OJ2PZFQYGM25
B0892PRPZV,A1OJ2PZFQYGM25
B08FSZX244,A1OJ2PZFQYGM25
B08F7DXVCZ,A1OJ2PZFQYGM25
B08CCF7N8T,A1OJ2PZFQYGM25
B08B8WK1CG,A1OJ2PZFQYGM25
B08B7VQHNB,A1OJ2PZFQYGM25
B08B5T3R2W,A1OJ2PZFQYGM25
B08B1V3Q9V,A1OJ2PZFQYGM25
B089D1SB91,A1OJ2PZFQYGM25
B088QDD3RD,A1OJ2PZFQYGM25
B088CQD4V7,A1OJ2PZFQYGM25
B088C3MVYV,A1OJ2PZFQYGM25
B087NJQB8C,A1OJ2PZFQYGM25
B081VDYYXD,A1OJ2PZFQYGM25
B07ZWL5K8L,A1OJ2PZFQYGM25
B07Y4XYD3K,A1OJ2PZFQYGM25
B07Y1T32S1,A1OJ2PZFQYGM25
B081C3KGXV,A1OJ2PZFQYGM25
B07XMP8S2Q,A1OJ2PZFQYGM25
B005UW7SGM,A1OJ2PZFQYGM25
B08R89DVY1,A1OJ2PZFQYGM25
B08K4NWQ8N,A1OJ2PZFQYGM25
B08JQPBJR4,A1OJ2PZFQYGM25
B07XMN2Q66,A1OJ2PZFQYGM25
B01NBZZ7EJ,A1OJ2PZFQYGM25
B01IUJ4XD2,A1OJ2PZFQYGM25
B00U48I4NS,A1OJ2PZFQYGM25
B0CCVTKY3X,A1OJ2PZFQYGM25
B0CC96W4PZ,A1OJ2PZFQYGM25
B0BVQKH1WF,A1OJ2PZFQYGM25
B09NSFFGL6,A1OJ2PZFQYGM25
B095S9ZV8R,A1OJ2PZFQYGM25
B093PQYD11,A1OJ2PZFQYGM25
B07XTZKJZ4,A1OJ2PZFQYGM25
B07XJ7W3ZN,A1OJ2PZFQYGM25
B07X36LXSC,A1OJ2PZFQYGM25
B07X36LFVJ,A1OJ2PZFQYGM25
B07WWJPGC3,A1OJ2PZFQYGM25
B07WWJLYVV,A1OJ2PZFQYGM25
B07WRY7DYP,A1OJ2PZFQYGM25
B07WRNT4SP,A1OJ2PZFQYGM25
B07TM4Y8P8,A1OJ2PZFQYGM25
B07SVL4TC6,A1OJ2PZFQYGM25
B07S7L2CXM,A1OJ2PZFQYGM25
B07JGH792X,A1OJ2PZFQYGM25
B07BHNZKM1,A1OJ2PZFQYGM25
B077N6RJR2,A1OJ2PZFQYGM25
B06Y29QY9Y,A1OJ2PZFQYGM25
B01MRY1QKN,A1OJ2PZFQYGM25
B01M9JTIVO,A1OJ2PZFQYGM25
B01LXDG3PM,A1OJ2PZFQYGM25
B01LW4NHEZ,A1OJ2PZFQYGM25
B01KVHTRXC,A1OJ2PZFQYGM25
B01KL95DWE,A1OJ2PZFQYGM25
B01IV3DQPS,A1OJ2PZFQYGM25
B01HZWY38U,A1OJ2PZFQYGM25
B01BMVVRMU,A1OJ2PZFQYGM25
B017084TCE,A1OJ2PZFQYGM25
B00X63PPDK,A1OJ2PZFQYGM25
B00FA4KQS2,A1OJ2PZFQYGM25
B00DYURW2W,A1OJ2PZFQYGM25
B00DE0MLJ6,A1OJ2PZFQYGM25
B00CWN0HZG,A1OJ2PZFQYGM25
B00CTSETRQ,A1OJ2PZFQYGM25
B00BH7MTEU,A1OJ2PZFQYGM25
B008RDXZXQ,A1OJ2PZFQYGM25
B00889RVIE,A1OJ2PZFQYGM25
B005JDPNFK,A1OJ2PZFQYGM25
B004AXCT3O,A1OJ2PZFQYGM25
B0031D33ZW,A1OJ2PZFQYGM25
B002UHKMUE,A1OJ2PZFQYGM25
B002U35CXK,A1OJ2PZFQYGM25
B002SOE2DW,A1OJ2PZFQYGM25
B002HICQVY,A1OJ2PZFQYGM25
B001LNQAGI,A1OJ2PZFQYGM25
B000PIZVGU,A1OJ2PZFQYGM25
B000C81NMY,A1OJ2PZFQYGM25
B000BQNB5Y,A1OJ2PZFQYGM25
B0000AV1F3,A1OJ2PZFQYGM25
B0007YXQKU,A1OJ2PZFQYGM25
B07TZXJKZ5,A1OJ2PZFQYGM25
B07YRS3D7V,A1OJ2PZFQYGM25
B001AU842K,A1OJ2PZFQYGM25
B000228T0O,A1OJ2PZFQYGM25
B008DRMWDK,A1OJ2PZFQYGM25
B07TTLF672,A1OJ2PZFQYGM25
B01M668O21,A1OJ2PZFQYGM25
B00000JYXC,A1OJ2PZFQYGM25
B0017SVZZS,A1OJ2PZFQYGM25
B07Q3DQ4C2,A1OJ2PZFQYGM25
B003HU40II,A1OJ2PZFQYGM25
B01K69V0XA,A1OJ2PZFQYGM25
B016Y8RPMC,A1OJ2PZFQYGM25
B00GKLRPU6,A1OJ2PZFQYGM25
B01924VZBC,A1OJ2PZFQYGM25
B07XXKXF4S,A1OJ2PZFQYGM25
B008RSKCBO,A1OJ2PZFQYGM25
B07MXSMHND,A1OJ2PZFQYGM25
B09DGTJ6QW,A1OJ2PZFQYGM25
B0098M134S,A1OJ2PZFQYGM25
B00158NOAO,A1OJ2PZFQYGM25
B004RQD5RI,A1OJ2PZFQYGM25
B000TRQDRI,A1OJ2PZFQYGM25
B081Z9PQNW,A1OJ2PZFQYGM25
B07H3NSB9P,A1OJ2PZFQYGM25
B000H6DOA0,A1OJ2PZFQYGM25
B000C7ZVS2,A1OJ2PZFQYGM25
B087Q7P8ZP,A1OJ2PZFQYGM25
B00064AZDM,A1OJ2PZFQYGM25
B07ZTL48VW,A1OJ2PZFQYGM25
B07YN6VYS9,A1OJ2PZFQYGM25
B07XWN3CRQ,A1OJ2PZFQYGM25
B00TS6WV18,A1OJ2PZFQYGM25
B00F84INR0,A1OJ2PZFQYGM25
B002Q064MU,A1OJ2PZFQYGM25
1937193624,A1OJ2PZFQYGM25
B0BXWTV44B,A1OJ2PZFQYGM25
B0BM4496MR,A1OJ2PZFQYGM25
B0BLZQX8MT,A1OJ2PZFQYGM25
B0B2DNC77S,A1OJ2PZFQYGM25
B09BSKH6JH,A1OJ2PZFQYGM25
B098SZ7XDS,A1OJ2PZFQYGM25
B0989QH6S5,A1OJ2PZFQYGM25
B08ZMSXYZH,A1OJ2PZFQYGM25
B08Y8RXDVY,A1OJ2PZFQYGM25
B08PNQN8F9,A1OJ2PZFQYGM25
B08C2L6RRN,A1OJ2PZFQYGM25
B00I80NAW4,A1OJ2PZFQYGM25
B00GKWZNYU,A1OJ2PZFQYGM25
B00DKA4K30,A1OJ2PZFQYGM25
B00CCH6H10,A1OJ2PZFQYGM25
B00B1CA9QQ,A1OJ2PZFQYGM25
B00A9ZLAR8,A1OJ2PZFQYGM25
B007Z7KWFE,A1OJ2PZFQYGM25
B00752IMHY,A1OJ2PZFQYGM25
B0057XBZY0,A1OJ2PZFQYGM25
B004OA7CMG,A1OJ2PZFQYGM25
B0046KGPX6,A1OJ2PZFQYGM25
B003TPIAPU,A1OJ2PZFQYGM25
B003B3SN3E,A1OJ2PZFQYGM25
B002VL4VOW,A1OJ2PZFQYGM25
B002QUYM0G,A1OJ2PZFQYGM25
B001QI0XNE,A1OJ2PZFQYGM25
B07STHPFQM,A1OJ2PZFQYGM25
B07SGH4KYC,A1OJ2PZFQYGM25
B07RM8VS48,A1OJ2PZFQYGM25
B07DZWZK4Q,A1OJ2PZFQYGM25
B076BBXZKV,A1OJ2PZFQYGM25
B01N7A9DNI,A1OJ2PZFQYGM25
B01M10K9IV,A1OJ2PZFQYGM25
B01M039YNM,A1OJ2PZFQYGM25
B01KYHT4K0,A1OJ2PZFQYGM25
B01G9ZBILE,A1OJ2PZFQYGM25
B00USYSKZ0,A1OJ2PZFQYGM25
B00QWDEF96,A1OJ2PZFQYGM25
B00QVYPV2G,A1OJ2PZFQYGM25
B00NJX7GVG,A1OJ2PZFQYGM25
B00LAK4WCG,A1OJ2PZFQYGM25
B00JIA3RSK,A1OJ2PZFQYGM25
B001O3NTFU,A1OJ2PZFQYGM25
B001ARFNZO,A1OJ2PZFQYGM25
B000JN46Y4,A1OJ2PZFQYGM25
B000FP8IRC,A1OJ2PZFQYGM25
B000BOKN5W,A1OJ2PZFQYGM25
B000BO0YJM,A1OJ2PZFQYGM25
B0002FRS9O,A1OJ2PZFQYGM25
B0000023A3,A1OJ2PZFQYGM25
9211013496,A1OJ2PZFQYGM25
B07V3N224H,A1OJ2PZFQYGM25
B000HD4LNC,A1OJ2PZFQYGM25
B0014KWQHK,A1OJ2PZFQYGM25
B07QRH87BR,A1OJ2PZFQYGM25
4908925402,A1OJ2PZFQYGM25
B077H2L4JB,A1OJ2PZFQYGM25
B000008MSU,A1OJ2PZFQYGM25
B07PXKLL4L,A1OJ2PZFQYGM25
B07WCJ8YKL,A1OJ2PZFQYGM25
4396338902,A1OJ2PZFQYGM25
B002JLM5GA,A1OJ2PZFQYGM25
B07BD2Q8NJ,A1OJ2PZFQYGM25
B07ZZ91NQQ,A1OJ2PZFQYGM25
4122031060,A1OJ2PZFQYGM25
B0027OI608,A1OJ2PZFQYGM25
B07V6NWTRH,A1OJ2PZFQYGM25
B07WVVHH8D,A1OJ2PZFQYGM25
4043889046,A1OJ2PZFQYGM25
B00BPILHD0,A1OJ2PZFQYGM25
B001GP6PV6,A1OJ2PZFQYGM25
B098KYHJSB,A1OJ2PZFQYGM25
B07XFY3BTL,A1OJ2PZFQYGM25
B0010WW2BW,A1OJ2PZFQYGM25
B097DFSCMB,A1OJ2PZFQYGM25
B000CMGHN0,A1OJ2PZFQYGM25
B000FILUYM,A1OJ2PZFQYGM25
B089W2F953,A1OJ2PZFQYGM25
B089VY26PC,A1OJ2PZFQYGM25
B089VV65V9,A1OJ2PZFQYGM25
B08965PB2G,A1OJ2PZFQYGM25
B088VP6K4Y,A1OJ2PZFQYGM25
B082QZVCJS,A1OJ2PZFQYGM25
B081S3YQNH,A1OJ2PZFQYGM25
B07YXS6VKH,A1OJ2PZFQYGM25
B07YN6J4X7,A1OJ2PZFQYGM25
B07YKJW9SG,A1OJ2PZFQYGM25
B07XLP3YK2,A1OJ2PZFQYGM25
B07WC8DVLP,A1OJ2PZFQYGM25
B07W6ZMTV6,A1OJ2PZFQYGM25
B07W655FG4,A1OJ2PZFQYGM25
B07TYTXFZV,A1OJ2PZFQYGM25
B07SVWJLFG,A1OJ2PZFQYGM25
B08BRPFG5S,A1OJ2PZFQYGM25
B004OA7AZU,A1OJ2PZFQYGM25
B08BRDHY69,A1OJ2PZFQYGM25
B00IGY0WOQ,A1OJ2PZFQYGM25
B0002V9G84,A1OJ2PZFQYGM25
B08BP9B71F,A1OJ2PZFQYGM25
B08DQX747P,A1OJ2PZFQYGM25
B00020FTOU,A1OJ2PZFQYGM25
B08BP7BYHW,A1OJ2PZFQYGM25
B07WMG1WQ1,A1OJ2PZFQYGM25
B0843Y7ZWP,A1OJ2PZFQYGM25
B000C7XUU8,A1OJ2PZFQYGM25
B07YGWK8LN,A1OJ2PZFQYGM25
B07W43CHF6,A1OJ2PZFQYGM25
B093GPFNL3,A1OJ2PZFQYGM25
B07SHLVGYJ,A1OJ2PZFQYGM25
B085WDB54F,A1OJ2PZFQYGM25
B07RDJRPP9,A1OJ2PZFQYGM25
B01JYQV0HW,A1OJ2PZFQYGM25
B0761GMH3Y,A1OJ2PZFQYGM25
B082HGTZJ8,A1OJ2PZFQYGM25
B06ZY473P2,A1OJ2PZFQYGM25
B0995YN464,A1OJ2PZFQYGM25
B01L2L5M12,A1OJ2PZFQYGM25
B0899R46RQ,A1OJ2PZFQYGM25
B07R6LRNG3,A1OJ2PZFQYGM25
B01BNGAQ7Q,A1OJ2PZFQYGM25
B0142AMDXK,A1OJ2PZFQYGM25
B0842BD684,A1OJ2PZFQYGM25
B08QD7WZY6,A1OJ2PZFQYGM25
B07ZQPMCHX,A1OJ2PZFQYGM25
B07RB4Q8VV,A1OJ2PZFQYGM25
B01KVZ3E0Q,A1OJ2PZFQYGM25
B089GVHRDM,A1OJ2PZFQYGM25
B009ZEHU28,A1OJ2PZFQYGM25
B07X7VGP17,A1OJ2PZFQYGM25
B07TLS98YH,A1OJ2PZFQYGM25
B0098LJNM8,A1OJ2PZFQYGM25
B097HK2YKD,A1OJ2PZFQYGM25
B082QP7SC7,A1OJ2PZFQYGM25
B004OHHXL4,A1OJ2PZFQYGM25
B001K64N60,A1OJ2PZFQYGM25
B0BZSJB8XP,A1OJ2PZFQYGM25
B09QC4FRDZ,A1OJ2PZFQYGM25
B097R52PDN,A1OJ2PZFQYGM25
B08P9CH7G1,A1OJ2PZFQYGM25
B07TL9VRN8,A1OJ2PZFQYGM25
B07S81Y4LX,A1OJ2PZFQYGM25
B00X21NF6A,A1OJ2PZFQYGM25
B004MXL9HO,A1OJ2PZFQYGM25
B0C64KPJGV,A1OJ2PZFQYGM25
B0BKXPNTRG,A1OJ2PZFQYGM25
B09B1JNPZT,A1OJ2PZFQYGM25
B0992C8RPF,A1OJ2PZFQYGM25
B098WQ1PWP,A1OJ2PZFQYGM25
B098KBC8RG,A1OJ2PZFQYGM25
B096FQ9B9G,A1OJ2PZFQYGM25
B095CJRHJY,A1OJ2PZFQYGM25
B08P9HYHND,A1OJ2PZFQYGM25
B08NPB4JSX,A1OJ2PZFQYGM25
B08M3DF8TX,A1OJ2PZFQYGM25
B08DD46R5K,A1OJ2PZFQYGM25
B08DCY4JTG,A1OJ2PZFQYGM25
B08D12SSP5,A1OJ2PZFQYGM25
B08B884ZDK,A1OJ2PZFQYGM25
B08B53B1J4,A1OJ2PZFQYGM25
B089W87KWC,A1OJ2PZFQYGM25
B089W2QHV8,A1OJ2PZFQYGM25
B088SR3Q56,A1OJ2PZFQYGM25
B088DSFZNK,A1OJ2PZFQYGM25
B0883GGK8M,A1OJ2PZFQYGM25
B087Z4HPDL,A1OJ2PZFQYGM25
B081Z6HS7D,A1OJ2PZFQYGM25
B07ZL1SRKY,A1OJ2PZFQYGM25
B07ZHSP1BK,A1OJ2PZFQYGM25
B07ZHMDR7L,A1OJ2PZFQYGM25
B07ZBSBNXH,A1OJ2PZFQYGM25
B07YZ4MMHG,A1OJ2PZFQYGM25
B07Y9DVH7T,A1OJ2PZFQYGM25
B07Y4W2WP8,A1OJ2PZFQYGM25
B07Y1V1KRS,A1OJ2PZFQYGM25
B07WRTL8MC,A1OJ2PZFQYGM25
B07W8XZWS6,A1OJ2PZFQYGM25
B07VY3N13B,A1OJ2PZFQYGM25
B07VFF8M38,A1OJ2PZFQYGM25
B07QG1X6RF,A1OJ2PZFQYGM25
B07PZKS4J8,A1OJ2PZFQYGM25
B07PVFCVQZ,A1OJ2PZFQYGM25
B07MHMRTQH,A1OJ2PZFQYGM25
B07GPN3WBV,A1OJ2PZFQYGM25
B079Z7WZT2,A1OJ2PZFQYGM25
B06Y4VLDZC,A1OJ2PZFQYGM25
B01N1NWST8,A1OJ2PZFQYGM25
B01MXJJTN0,A1OJ2PZFQYGM25
B01M5KPG9U,A1OJ2PZFQYGM25
B01LYTHS8K,A1OJ2PZFQYGM25
B01LWTO7FZ,A1OJ2PZFQYGM25
B01LW0SSIK,A1OJ2PZFQYGM25
B01LVUDXJE,A1OJ2PZFQYGM25
B01KUENZYS,A1OJ2PZFQYGM25
B00ZPU89LM,A1OJ2PZFQYGM25
B00SKL3SBE,A1OJ2PZFQYGM25
B00O83RTEU,A1OJ2PZFQYGM25
B00KILDYFE,A1OJ2PZFQYGM25
B00H2NYVYE,A1OJ2PZFQYGM25
B00DGYOI46,A1OJ2PZFQYGM25
B00DE0OM3O,A1OJ2PZFQYGM25
B00DDHLC4U,A1OJ2PZFQYGM25
B00CJNYZKW,A1OJ2PZFQYGM25
B00BUTPEWE,A1OJ2PZFQYGM25
B00BEJIJ2M,A1OJ2PZFQYGM25
B009YNW3V8,A1OJ2PZFQYGM25
B006K8R676,A1OJ2PZFQYGM25
B005W2VNDY,A1OJ2PZFQYGM25
B0057L0RT6,A1OJ2PZFQYGM25
B004UUESIQ,A1OJ2PZFQYGM25
B004Q079WW,A1OJ2PZFQYGM25
B004J56QBE,A1OJ2PZFQYGM25
B004J49MJS,A1OJ2PZFQYGM25
B004GI0F66,A1OJ2PZFQYGM25
B00473ZQEQ,A1OJ2PZFQYGM25
B003PJ4LQC,A1OJ2PZFQYGM25
B001O5H8EG,A1OJ2PZFQYGM25
B001J89P1W,A1OJ2PZFQYGM25
B001BN215C,A1OJ2PZFQYGM25
B0012JCWPE,A1OJ2PZFQYGM25
B000JKHMDE,A1OJ2PZFQYGM25
B000CSK2IU,A1OJ2PZFQYGM25
1680529099,A1OJ2PZFQYGM25
B002YKK6KS,A1OJ2PZFQYGM25
B07H4MXNKY,A1OJ2PZFQYGM25
B07XZF3C1S,A1OJ2PZFQYGM25
B07Z2PBDYF,A1OJ2PZFQYGM25
B091FDVD81,A1OJ2PZFQYGM25
B08FT678ZY,A1OJ2PZFQYGM25
B0CBBT66BW,A1OJ2PZFQYGM25
B07W9L6XGN,A1OJ2PZFQYGM25
B0746RBK2M,A1OJ2PZFQYGM25
B092MBGLXS,A1OJ2PZFQYGM25
B001H5OSCI,A1OJ2PZFQYGM25
B083FYWYZW,A1OJ2PZFQYGM25
B08F39TDB9,A1OJ2PZFQYGM25
B0047AZB3U,A1OJ2PZFQYGM25
B08B4ZMLS5,A1OJ2PZFQYGM25
B00062Z4WQ,A1OJ2PZFQYGM25
B087Z4K3QG,A1OJ2PZFQYGM25
B07YRJ2HJQ,A1OJ2PZFQYGM25
B07ZLZS1LS,A1OJ2PZFQYGM25
B082444W2W,A1OJ2PZFQYGM25
B07ZHS5SGP,A1OJ2PZFQYGM25
B0043UVY58,A1OJ2PZFQYGM25
B07YF94ZFG,A1OJ2PZFQYGM25
B00BWSZF04,A1OJ2PZFQYGM25
B001CH330Y,A1OJ2PZFQYGM25
B07VS8L8XG,A1OJ2PZFQYGM25
1578506131,A1OJ2PZFQYGM25
B083SJY231,A1OJ2PZFQYGM25
B00JDU25WY,A1OJ2PZFQYGM25
B07TK5XK9K,A1OJ2PZFQYGM25
B00ILAQ974,A1OJ2PZFQYGM25
B0895PR2F5,A1OJ2PZFQYGM25
B07T6LK3YD,A1OJ2PZFQYGM25
B0084EF7XO,A1OJ2PZFQYGM25
B082PTQ53F,A1OJ2PZFQYGM25
B06WD64ZXJ,A1OJ2PZFQYGM25
B087YSM9XG,A1OJ2PZFQYGM25
B008F05MAU,A1OJ2PZFQYGM25
B0844V43RP,A1OJ2PZFQYGM25
B0C82YWRHD,A1OJ2PZFQYGM25
B091YJ9FD6,A1OJ2PZFQYGM25
B0C4HM9STV,A1OJ2PZFQYGM25
B098XBW9RF,A1OJ2PZFQYGM25
B001N0Y7ZU,A1OJ2PZFQYGM25
B000CPITII,A1OJ2PZFQYGM25
B0838YC3M2,A1OJ2PZFQYGM25
B07QK369P9,A1OJ2PZFQYGM25
B07D6W6S2J,A1OJ2PZFQYGM25
B07XHMS51P,A1OJ2PZFQYGM25
B07VQWWW5C,A1OJ2PZFQYGM25
B07TYZLN37,A1OJ2PZFQYGM25
B07SRRWHTK,A1OJ2PZFQYGM25
B07S3SNL3Z,A1OJ2PZFQYGM25
B07Q4SDL8Y,A1OJ2PZFQYGM25
B01M7SWC1Q,A1OJ2PZFQYGM25
B01LWX3QUL,A1OJ2PZFQYGM25
B01LWBEYAO,A1OJ2PZFQYGM25
B01J01XGPA,A1OJ2PZFQYGM25
B004DBAT7Q,A1OJ2PZFQYGM25
B0C3VSTRYK,A1OJ2PZFQYGM25
B0C1VJ37FH,A1OJ2PZFQYGM25
B0BYMRK9XZ,A1OJ2PZFQYGM25
B0BYD18QHQ,A1OJ2PZFQYGM25
B09N4YGZ64,A1OJ2PZFQYGM25
B099DZV4KZ,A1OJ2PZFQYGM25
B095K2G1RM,A1OJ2PZFQYGM25
B0957PNSJ8,A1OJ2PZFQYGM25
B094NTN71B,A1OJ2PZFQYGM25
B0946HTB6B,A1OJ2PZFQYGM25
B0912BQN6N,A1OJ2PZFQYGM25
B08X6PYF8N,A1OJ2PZFQYGM25
B08W8MD1SY,A1OJ2PZFQYGM25
B08M36XR6L,A1OJ2PZFQYGM25
B08KPP3MW5,A1OJ2PZFQYGM25
B08FM381MC,A1OJ2PZFQYGM25
B08BLTW8RX,A1OJ2PZFQYGM25
B08BG2Y6FG,A1OJ2PZFQYGM25
B08B5WMT88,A1OJ2PZFQYGM25
B089QDTC7F,A1OJ2PZFQYGM25
B089LXC99K,A1OJ2PZFQYGM25
B00K6PU720,A1OJ2PZFQYGM25
B00ICOBPXC,A1OJ2PZFQYGM25
B00ICOBP1E,A1OJ2PZFQYGM25
B00ICOBOLU,A1OJ2PZFQYGM25
B00ICOBN16,A1OJ2PZFQYGM25
B00ICOBLFY,A1OJ2PZFQYGM25
B00ICOBJP6,A1OJ2PZFQYGM25
B00ICOBI9I,A1OJ2PZFQYGM25
B00ICOBH9E,A1OJ2PZFQYGM25
B00ICOBERO,A1OJ2PZFQYGM25
B00ICOBE7Y,A1OJ2PZFQYGM25
B00ICOBD84,A1OJ2PZFQYGM25
B00HPYQ92C,A1OJ2PZFQYGM25
B00F3QCWXY,A1OJ2PZFQYGM25
B00EZTE7N8,A1OJ2PZFQYGM25
B00DZRDWS2,A1OJ2PZFQYGM25
B07W78RMHV,A1OJ2PZFQYGM25
B07VYWKT1Q,A1OJ2PZFQYGM25
B07TCNKS34,A1OJ2PZFQYGM25
B07S35WLTG,A1OJ2PZFQYGM25
B07PMPDGGX,A1OJ2PZFQYGM25
B07KHL5PFL,A1OJ2PZFQYGM25
B07HL91DTW,A1OJ2PZFQYGM25
B07CJW8S15,A1OJ2PZFQYGM25
B071NDC78L,A1OJ2PZFQYGM25
B06XDKDKQL,A1OJ2PZFQYGM25
B06XCWNJ6J,A1OJ2PZFQYGM25
B01MXNUXNJ,A1OJ2PZFQYGM25
B01M7QXRZ0,A1OJ2PZFQYGM25
B01M0P5P1V,A1OJ2PZFQYGM25
B01M08L2J8,A1OJ2PZFQYGM25
B01LWVMV08,A1OJ2PZFQYGM25
B01LQN2JJY,A1OJ2PZFQYGM25
B01L7VD660,A1OJ2PZFQYGM25
B01L0EQWAG,A1OJ2PZFQYGM25
B01IUIK666,A1OJ2PZFQYGM25
B01HC521LG,A1OJ2PZFQYGM25
B01EIF6ATM,A1OJ2PZFQYGM25
B01DRKAPWM,A1OJ2PZFQYGM25
B01BN91U6O,A1OJ2PZFQYGM25
B01BN8ZB3I,A1OJ2PZFQYGM25
B017Z5MNC0,A1OJ2PZFQYGM25
B017SZF40U,A1OJ2PZFQYGM25
B014529A1I,A1OJ2PZFQYGM25
B00U30EJ7M,A1OJ2PZFQYGM25
B00PZYJVUQ,A1OJ2PZFQYGM25
B00PYLEGIM,A1OJ2PZFQYGM25
B00NJ3GNTW,A1OJ2PZFQYGM25
B0BRBQTBX5,A1OJ2PZFQYGM25
B0B9FKZHRM,A1OJ2PZFQYGM25
B097F89JLM,A1OJ2PZFQYGM25
B089VY2M4X,A1OJ2PZFQYGM25
B001J89WYW,A1OJ2PZFQYGM25
B08BCNDG6F,A1OJ2PZFQYGM25
B08BC1TH3W,A1OJ2PZFQYGM25
B07XVP1VH2,A1OJ2PZFQYGM25
B06XF85G9W,A1OJ2PZFQYGM25
B00S2XT422,A1OJ2PZFQYGM25
B00NKAJGZM,A1OJ2PZFQYGM25
B007FGN1S0,A1OJ2PZFQYGM25
B0053OAE9K,A1OJ2PZFQYGM25
B0B4MKGPXS,A1OJ2PZFQYGM25
B092SR27M3,A1OJ2PZFQYGM25
B089VZYQRG,A1OJ2PZFQYGM25
B00DKEZAMG,A1OJ2PZFQYGM25
B00DF0E9CM,A1OJ2PZFQYGM25
B00CXNZ5ES,A1OJ2PZFQYGM25
B00AZ6N63W,A1OJ2PZFQYGM25
B00AKDOXK0,A1OJ2PZFQYGM25
B009UOM15Y,A1OJ2PZFQYGM25
B007Z7KY9I,A1OJ2PZFQYGM25
B005OTG9Z2,A1OJ2PZFQYGM25
B004UUC0H2,A1OJ2PZFQYGM25
B004UU88AU,A1OJ2PZFQYGM25
B004UU86OS,A1OJ2PZFQYGM25
B004R90C9Y,A1OJ2PZFQYGM25
B004R3DX64,A1OJ2PZFQYGM25
B004AVGBOO,A1OJ2PZFQYGM25
B004AF8L98,A1OJ2PZFQYGM25
B00428UV46,A1OJ2PZFQYGM25
B0031B8FGQ,A1OJ2PZFQYGM25
B00306TMH8,A1OJ2PZFQYGM25
B002M1Y9M0,A1OJ2PZFQYGM25
B002L1XDN2,A1OJ2PZFQYGM25
B002IJ48DQ,A1OJ2PZFQYGM25
B0029SVPUK,A1OJ2PZFQYGM25
B001T99XC2,A1OJ2PZFQYGM25
B001FS0XMG,A1OJ2PZFQYGM25
B001DCEX02,A1OJ2PZFQYGM25
B001DBU0UA,A1OJ2PZFQYGM25
B001AW0U1G,A1OJ2PZFQYGM25
B0010ZKD24,A1OJ2PZFQYGM25
B000W9EZI2,A1OJ2PZFQYGM25
B000NM8VK6,A1OJ2PZFQYGM25
B000G6RQQ4,A1OJ2PZFQYGM25
B000C7Y6HE,A1OJ2PZFQYGM25
B08965K55J,A1OJ2PZFQYGM25
B083SK4VZX,A1OJ2PZFQYGM25
B0832DSQPS,A1OJ2PZFQYGM25
B082YNXD7N,A1OJ2PZFQYGM25
B082WRLMJP,A1OJ2PZFQYGM25
B082WR8X3D,A1OJ2PZFQYGM25
B082WR8L2H,A1OJ2PZFQYGM25
B082WR55SW,A1OJ2PZFQYGM25
B082WR4LPR,A1OJ2PZFQYGM25
B082WQSN8P,A1OJ2PZFQYGM25
B082WQSJWK,A1OJ2PZFQYGM25
B082WQSH7V,A1OJ2PZFQYGM25
B082WQS5MQ,A1OJ2PZFQYGM25
B082WQN2JZ,A1OJ2PZFQYGM25
B082WPJ8JL,A1OJ2PZFQYGM25
B081RMFF82,A1OJ2PZFQYGM25
B0893R94KP,A1OJ2PZFQYGM25
9990450935,A1OJ2PZFQYGM25
B08ZL4HVD8,A1OJ2PZFQYGM25
B00SMCLF66,A1OJ2PZFQYGM25
B01JUXLITY,A1OJ2PZFQYGM25
B08472YPVF,A1OJ2PZFQYGM25
8366673375,A1OJ2PZFQYGM25
B006FG2HXQ,A1OJ2PZFQYGM25
B00GDI2BPA,A1OJ2PZFQYGM25
B002YKF4GE,A1OJ2PZFQYGM25
B00JHH1ZUQ,A1OJ2PZFQYGM25
B089GM995R,A1OJ2PZFQYGM25
B00TYHDNVS,A1OJ2PZFQYGM25
B01ITRERLS,A1OJ2PZFQYGM25
B07NTWNKRY,A1OJ2PZFQYGM25
B08BL6WHBC,A1OJ2PZFQYGM25
B003U06ZEC,A1OJ2PZFQYGM25
B003ZZY92C,A1OJ2PZFQYGM25
B0034PWIQ2,A1OJ2PZFQYGM25
1635443997,A1OJ2PZFQYGM25
0685774651,A1OJ2PZFQYGM25
B000WM896I,A1OJ2PZFQYGM25
B0BC3XJ6KF,A1OJ2PZFQYGM25
B000VWWLYK,A1OJ2PZFQYGM25
B0006FGNKU,A1OJ2PZFQYGM25
B000VT6FI6,A1OJ2PZFQYGM25
B079LY9ZN4,A1OJ2PZFQYGM25
B07X9VTT9X,A1OJ2PZFQYGM25
B0000A4GDK,A1OJ2PZFQYGM25
B08H7ZYQTQ,A1OJ2PZFQYGM25
B00005QKDT,A1OJ2PZFQYGM25
B01LZI5QTN,A1OJ2PZFQYGM25
B000GI0LTG,A1OJ2PZFQYGM25
B07SPWT4JY,A1OJ2PZFQYGM25
B07N3T5MR7,A1OJ2PZFQYGM25
B082MSDWYJ,A1OJ2PZFQYGM25
B000BR0I9U,A1OJ2PZFQYGM25
B085HBHP71,A1OJ2PZFQYGM25
B009OCFQLS,A1OJ2PZFQYGM25
B08FF67KW1,A1OJ2PZFQYGM25
B08XY8DD9J,A1OJ2PZFQYGM25
B0829XV6LC,A1OJ2PZFQYGM25
B0006TU9NI,A1OJ2PZFQYGM25
B004OTVFFW,A1OJ2PZFQYGM25
B002EC5G1K,A1OJ2PZFQYGM25
B08WJHBQ8K,A1OJ2PZFQYGM25
B081K4MZTG,A1OJ2PZFQYGM25
B0818CBJDX,A1OJ2PZFQYGM25
B07ZTXGVDS,A1OJ2PZFQYGM25
B07ZPFT9X9,A1OJ2PZFQYGM25
B07Z5Q7MPL,A1OJ2PZFQYGM25
B07Z1CQ4R1,A1OJ2PZFQYGM25
B07YCXLYN9,A1OJ2PZFQYGM25
B07YBB5CYQ,A1OJ2PZFQYGM25
B07Y8TPNMX,A1OJ2PZFQYGM25
B07Y27PPRX,A1OJ2PZFQYGM25
B07Y1MJFRW,A1OJ2PZFQYGM25
B07XWG8Y1V,A1OJ2PZFQYGM25
B07XLC1R3W,A1OJ2PZFQYGM25
B07XK1VF3Y,A1OJ2PZFQYGM25
B07X8RWDQX,A1OJ2PZFQYGM25
B07X3WFLFY,A1OJ2PZFQYGM25
B08GSQNVHZ,A1OJ2PZFQYGM25
B08GSPVSP1,A1OJ2PZFQYGM25
B0897XZS72,A1OJ2PZFQYGM25
B0892S9597,A1OJ2PZFQYGM25
B0882XZMCH,A1OJ2PZFQYGM25
B083GP7RTL,A1OJ2PZFQYGM25
B081G6KBGV,A1OJ2PZFQYGM25
B07ZWMLQFK,A1OJ2PZFQYGM25
B07ZWKBXM6,A1OJ2PZFQYGM25
B07ZVNZ11K,A1OJ2PZFQYGM25
B07ZH6HNWT,A1OJ2PZFQYGM25
B07Z7TPB9J,A1OJ2PZFQYGM25
B07Z5QMC8V,A1OJ2PZFQYGM25
B07X9Y9QYP,A1OJ2PZFQYGM25
B07X2WVR22,A1OJ2PZFQYGM25
B07WFWHWSG,A1OJ2PZFQYGM25
B089QWHQXH,A1OJ2PZFQYGM25
B083DXH4V7,A1OJ2PZFQYGM25
B07WJGWPVM,A1OJ2PZFQYGM25
B07F85M38X,A1OJ2PZFQYGM25
B005E0BYKG,A1OJ2PZFQYGM25
B004KZ5RI6,A1OJ2PZFQYGM25
B002YKNYHA,A1OJ2PZFQYGM25
B098SYKHG2,A1OJ2PZFQYGM25
B098FG15B1,A1OJ2PZFQYGM25
B095VWKR29,A1OJ2PZFQYGM25
B0951WYJX8,A1OJ2PZFQYGM25
B08XPJM73S,A1OJ2PZFQYGM25
B08VRFXTBJ,A1OJ2PZFQYGM25
B08LP32MWC,A1OJ2PZFQYGM25
B08HYYHCD8,A1OJ2PZFQYGM25
B08HWBGX42,A1OJ2PZFQYGM25
B01H43ZF8W,A1OJ2PZFQYGM25
B01FFPJ852,A1OJ2PZFQYGM25
B01708AY3C,A1OJ2PZFQYGM25
B013IU4IM4,A1OJ2PZFQYGM25
B013H8DH38,A1OJ2PZFQYGM25
B010FU6QDO,A1OJ2PZFQYGM25
B00O4CRWU6,A1OJ2PZFQYGM25
B00IQZP2HC,A1OJ2PZFQYGM25
B00DE0ONK6,A1OJ2PZFQYGM25
B00CE37EQO,A1OJ2PZFQYGM25
B00CBNMU5M,A1OJ2PZFQYGM25
B00CBNMTFS,A1OJ2PZFQYGM25
B00BTKFFAU,A1OJ2PZFQYGM25
B009Z6H3SW,A1OJ2PZFQYGM25
B007Z84OAW,A1OJ2PZFQYGM25
B007Z84J02,A1OJ2PZFQYGM25
B007Z83JP8,A1OJ2PZFQYGM25
B007Z819GO,A1OJ2PZFQYGM25
B007Z7MBNK,A1OJ2PZFQYGM25
B007Z7MAN6,A1OJ2PZFQYGM25
B007Z7M2ZW,A1OJ2PZFQYGM25
B005K05B2C,A1OJ2PZFQYGM25
B005JVFVJK,A1OJ2PZFQYGM25
B005JV6VXA,A1OJ2PZFQYGM25
B004UU9LQK,A1OJ2PZFQYGM25
B0044FSHX4,A1OJ2PZFQYGM25
B00405ES5Y,A1OJ2PZFQYGM25
B003SK2MHS,A1OJ2PZFQYGM25
B003SHHSF2,A1OJ2PZFQYGM25
B003179FRS,A1OJ2PZFQYGM25
B002L1OPZ2,A1OJ2PZFQYGM25
B001Q3LHMU,A1OJ2PZFQYGM25
B07W861H6K,A1OJ2PZFQYGM25
B07QCD7Z76,A1OJ2PZFQYGM25
B07P5ZV99H,A1OJ2PZFQYGM25
B0746PZ7C9,A1OJ2PZFQYGM25
B06XVV12JD,A1OJ2PZFQYGM25
B01N9D5DV8,A1OJ2PZFQYGM25
B01N0ZNMVG,A1OJ2PZFQYGM25
B01MA55LBC,A1OJ2PZFQYGM25
B01M1RLYWG,A1OJ2PZFQYGM25
B01M12NQNA,A1OJ2PZFQYGM25
B01LXG086T,A1OJ2PZFQYGM25
B01LTFBKIA,A1OJ2PZFQYGM25
B01KNLMXRS,A1OJ2PZFQYGM25
B01IICH3UQ,A1OJ2PZFQYGM25
B01IC6C6SC,A1OJ2PZFQYGM25
B01I6JMEDM,A1OJ2PZFQYGM25
B07WQYJKQP,A1OJ2PZFQYGM25
B00IUE9VWG,A1OJ2PZFQYGM25
B07WZYRZZJ,A1OJ2PZFQYGM25
B07XCQ9X98,A1OJ2PZFQYGM25
B07DS6F3V2,A1OJ2PZFQYGM25
B0069VYSFM,A1OJ2PZFQYGM25
B071WMTG2M,A1OJ2PZFQYGM25
B091TPPNGR,A1OJ2PZFQYGM25
B01LZW0KZI,A1OJ2PZFQYGM25
B08YYGSRF9,A1OJ2PZFQYGM25
B09DYDW9D5,A1OJ2PZFQYGM25
B01LX0RHVI,A1OJ2PZFQYGM25
B07YKB47JF,A1OJ2PZFQYGM25
B00NZC8HQ4,A1OJ2PZFQYGM25
B0983RPNXK,A1OJ2PZFQYGM25
B015JPL1UI,A1OJ2PZFQYGM25
B08C2LPK71,A1OJ2PZFQYGM25
B0B6GS42DD,A1OJ2PZFQYGM25
B000V8MR0C,A1OJ2PZFQYGM25
B01M6E3QQW,A1OJ2PZFQYGM25
B00N3HKL7E,A1OJ2PZFQYGM25
B08C2FZ99X,A1OJ2PZFQYGM25
B09BP3FXWJ,A1OJ2PZFQYGM25
B001GLWNV6,A1OJ2PZFQYGM25
B08BZQMDV5,A1OJ2PZFQYGM25
B000000N6S,A1OJ2PZFQYGM25
B08YFN16XZ,A1OJ2PZFQYGM25
B001CH33VS,A1OJ2PZFQYGM25
B00L37IQ2S,A1OJ2PZFQYGM25
B078DF9T6X,A1OJ2PZFQYGM25
B07YF3BY57,A1OJ2PZFQYGM25
B003YU4JP0,A1OJ2PZFQYGM25
B00CXNZDYU,A1OJ2PZFQYGM25
B0756XNVTQ,A1OJ2PZFQYGM25
B07W4DJ68V,A1OJ2PZFQYGM25
B07TLWVVGL,A1OJ2PZFQYGM25
B003H790JU,A1OJ2PZFQYGM25
B08YDGN1YM,A1OJ2PZFQYGM25
B0843YG6Q9,A1OJ2PZFQYGM25
B07XGZV6MR,A1OJ2PZFQYGM25
B07P4618QH,A1OJ2PZFQYGM25
B07FDJSLQ6,A1OJ2PZFQYGM25
B01M3U0EJX,A1OJ2PZFQYGM25
B00CXNRRRG,A1OJ2PZFQYGM25
B0C9MR3YGH,A1OJ2PZFQYGM25
B0C2CFWXZZ,A1OJ2PZFQYGM25
B0C1YHHPZ4,A1OJ2PZFQYGM25
B09YYZJZTT,A1OJ2PZFQYGM25
B099ZG7TRX,A1OJ2PZFQYGM25
B099J1W8FJ,A1OJ2PZFQYGM25
B094QQK977,A1OJ2PZFQYGM25
B08WLLFSL5,A1OJ2PZFQYGM25
B08NZ5SK52,A1OJ2PZFQYGM25
B08NTMZTTT,A1OJ2PZFQYGM25
B08CR99FRX,A1OJ2PZFQYGM25
B08C8TV1L9,A1OJ2PZFQYGM25
B08BK2HYXZ,A1OJ2PZFQYGM25
B089FLX1GR,A1OJ2PZFQYGM25
B0899NYBQ2,A1OJ2PZFQYGM25
B088Y78QHZ,A1OJ2PZFQYGM25
B088P478HY,A1OJ2PZFQYGM25
B088NRB44K,A1OJ2PZFQYGM25
B088N54CW9,A1OJ2PZFQYGM25
B088BD11X6,A1OJ2PZFQYGM25
B001E0JKME,A1OJ2PZFQYGM25
B001BR9YM6,A1OJ2PZFQYGM25
B001BL9NZU,A1OJ2PZFQYGM25
B000GU0NL0,A1OJ2PZFQYGM25
B000GAV9YU,A1OJ2PZFQYGM25
B000CQ44W2,A1OJ2PZFQYGM25
B000C7ZO0C,A1OJ2PZFQYGM25
B0000DI7Y2,A1OJ2PZFQYGM25
B0881VQVG5,A1OJ2PZFQYGM25
B087PXZ9PY,A1OJ2PZFQYGM25
B084VVBJDD,A1OJ2PZFQYGM25
B07ZVLLBW6,A1OJ2PZFQYGM25
B07ZRZRV12,A1OJ2PZFQYGM25
B07ZRYPDNY,A1OJ2PZFQYGM25
B07ZDKC9NM,A1OJ2PZFQYGM25
B07ZDJB1TY,A1OJ2PZFQYGM25
B07Z77RYNQ,A1OJ2PZFQYGM25
B07YQ5SW3F,A1OJ2PZFQYGM25
B07YCVDD8Y,A1OJ2PZFQYGM25
B07Y1Q1B9T,A1OJ2PZFQYGM25
B07XV5M3N5,A1OJ2PZFQYGM25
B07XQG2L7X,A1OJ2PZFQYGM25
B07XBB8TPG,A1OJ2PZFQYGM25
B07X9R4VKS,A1OJ2PZFQYGM25
B07X5BYJPV,A1OJ2PZFQYGM25
B07X1TJN71,A1OJ2PZFQYGM25
B07WJX7LLM,A1OJ2PZFQYGM25
B07WBTH6VN,A1OJ2PZFQYGM25
B07W7N3F4F,A1OJ2PZFQYGM25
B07W4DJ6Z2,A1OJ2PZFQYGM25
B07VYSDR18,A1OJ2PZFQYGM25
B07JNKXY35,A1OJ2PZFQYGM25
B07HKN9X4S,A1OJ2PZFQYGM25
B07HJ4LZKK,A1OJ2PZFQYGM25
B0797GJZJ7,A1OJ2PZFQYGM25
B071P6VFQS,A1OJ2PZFQYGM25
B071J1KPL1,A1OJ2PZFQYGM25
B01N5TFZ25,A1OJ2PZFQYGM25
B01M351OGJ,A1OJ2PZFQYGM25
B01LXKYMN1,A1OJ2PZFQYGM25
B01LOXU4CU,A1OJ2PZFQYGM25
B01LA4X4VG,A1OJ2PZFQYGM25
B01L32L5KW,A1OJ2PZFQYGM25
B01IOM06EK,A1OJ2PZFQYGM25
B01HD4JYKM,A1OJ2PZFQYGM25
B01G34Y85Y,A1OJ2PZFQYGM25
B0171WPM6Q,A1OJ2PZFQYGM25
B016TQDWGC,A1OJ2PZFQYGM25
B014PQGY6I,A1OJ2PZFQYGM25
B0120RNH8C,A1OJ2PZFQYGM25
B010LYLHXS,A1OJ2PZFQYGM25
B00XGV3RP0,A1OJ2PZFQYGM25
B00S3QEHPW,A1OJ2PZFQYGM25
B00OZQSUWA,A1OJ2PZFQYGM25
B00N22WNKS,A1OJ2PZFQYGM25
B00ITG2RTE,A1OJ2PZFQYGM25
B00HSUO92K,A1OJ2PZFQYGM25
B00H2O14TS,A1OJ2PZFQYGM25
B00F6B7V2S,A1OJ2PZFQYGM25
B00DECYRGE,A1OJ2PZFQYGM25
B00CY8BHVM,A1OJ2PZFQYGM25
B00CXNZ7GY,A1OJ2PZFQYGM25
B00CDJJ4PI,A1OJ2PZFQYGM25
B00BTYJ9XA,A1OJ2PZFQYGM25
B00B8NSD2U,A1OJ2PZFQYGM25
B00B0Y25NA,A1OJ2PZFQYGM25
B00AWDIJRG,A1OJ2PZFQYGM25
B007Z7QE9M,A1OJ2PZFQYGM25
B007Z7NF1M,A1OJ2PZFQYGM25
B004UU9SI6,A1OJ2PZFQYGM25
B004OA78W0,A1OJ2PZFQYGM25
B004EL4YAI,A1OJ2PZFQYGM25
B00IPHJ8RQ,A1OJ2PZFQYGM25
B00ICOBQYK,A1OJ2PZFQYGM25
B00ICOBQLS,A1OJ2PZFQYGM25
B00ICOBQAE,A1OJ2PZFQYGM25
B00ICOBNWA,A1OJ2PZFQYGM25
B00ICOBMMG,A1OJ2PZFQYGM25
B00ICOBM2G,A1OJ2PZFQYGM25
B00ICOBLPO,A1OJ2PZFQYGM25
B00ICOBKV4,A1OJ2PZFQYGM25
B00ICOBKGE,A1OJ2PZFQYGM25
B00ICOBJ2O,A1OJ2PZFQYGM25
B00ICOBIOI,A1OJ2PZFQYGM25
B00ICOBGMC,A1OJ2PZFQYGM25
B00ICOBFX2,A1OJ2PZFQYGM25
B00ICOBFF0,A1OJ2PZFQYGM25
B00ICOBDVG,A1OJ2PZFQYGM25
B003U8DFBK,A1OJ2PZFQYGM25
B003TGF6SS,A1OJ2PZFQYGM25
B0031B8EFS,A1OJ2PZFQYGM25
B002VFI8B0,A1OJ2PZFQYGM25
B002UBXKR2,A1OJ2PZFQYGM25
B002SA2W0G,A1OJ2PZFQYGM25
B001L7XZ7G,A1OJ2PZFQYGM25
B0002KKIKU,A1OJ2PZFQYGM25
B0000DJQY2,A1OJ2PZFQYGM25
B0948N6YXP,A1OJ2PZFQYGM25
B09DYBKN4F,A1OJ2PZFQYGM25
B07ZHYRLW8,A1OJ2PZFQYGM25
B00006LSDQ,A1OJ2PZFQYGM25
B07ZBSX4F5,A1OJ2PZFQYGM25
B01KUQWH18,A1OJ2PZFQYGM25
B0888DMQ3Q,A1OJ2PZFQYGM25
B07XNWXPWF,A1OJ2PZFQYGM25
B0838T3NC7,A1OJ2PZFQYGM25
B000008OIB,A1OJ2PZFQYGM25
B07SFSSYCF,A1OJ2PZFQYGM25
B00BRX3N6C,A1OJ2PZFQYGM25
B086Z59SVJ,A1OJ2PZFQYGM25
B004SJUGPI,A1OJ2PZFQYGM25
B009SRO3AE,A1OJ2PZFQYGM25
B08927TZTP,A1OJ2PZFQYGM25
B08LR6PQK8,A1OJ2PZFQYGM25
B0797F6Y8P,A1OJ2PZFQYGM25
B002CW0J7I,A1OJ2PZFQYGM25
B0762HZ8MP,A1OJ2PZFQYGM25
B0C1Z1BZMZ,A1OJ2PZFQYGM25
B0006GDERO,A1OJ2PZFQYGM25
B004B6RFWU,A1OJ2PZFQYGM25
B002032N5U,A1OJ2PZFQYGM25
B089RCT2NL,A1OJ2PZFQYGM25
B06X6HQLFS,A1OJ2PZFQYGM25
B094F7DLTX,A1OJ2PZFQYGM25
B07WRB89C5,A1OJ2PZFQYGM25
B0845ZL1HG,A1OJ2PZFQYGM25
B09GXJFTZT,A1OJ2PZFQYGM25
B01J6YF45G,A1OJ2PZFQYGM25
B08V91XXXJ,A1OJ2PZFQYGM25
B0027A3AX0,A1OJ2PZFQYGM25
B07ZWRFCRS,A1OJ2PZFQYGM25
B07WDNRDCS,A1OJ2PZFQYGM25
B07NJBYKK6,A1OJ2PZFQYGM25
B0C2C5NQKT,A1OJ2PZFQYGM25
B083164H97,A1OJ2PZFQYGM25
B004HGOVWQ,A1OJ2PZFQYGM25
B08C68S5Q9,A1OJ2PZFQYGM25
B07F38HVQL,A1OJ2PZFQYGM25
B00KO8SFDC,A1OJ2PZFQYGM25
B09GX6HV5K,A1OJ2PZFQYGM25
B091SSX5KL,A1OJ2PZFQYGM25
B07LDKXP3J,A1OJ2PZFQYGM25
B00ELWCNF8,A1OJ2PZFQYGM25
B07XCV1FLB,A1OJ2PZFQYGM25
B0000VLDOG,A1OJ2PZFQYGM25
B07VVVNBQS,A1OJ2PZFQYGM25
B001J8DWHA,A1OJ2PZFQYGM25
B000RW3VBG,A1OJ2PZFQYGM25
B004MTCEQI,A1OJ2PZFQYGM25
B000062TU5,A1OJ2PZFQYGM25
B08MW2Z1MW,A1OJ2PZFQYGM25
B07DXHZ9WW,A1OJ2PZFQYGM25
B001CQP45W,A1OJ2PZFQYGM25
B0BM1RL7FR,A1OJ2PZFQYGM25
B000XPSOZ0,A1OJ2PZFQYGM25
B003OG3CXO,A1OJ2PZFQYGM25
B09PBK8D3J,A1OJ2PZFQYGM25
B083FH2Y93,A1OJ2PZFQYGM25
B001B04SME,A1OJ2PZFQYGM25
B082VLRH1D,A1OJ2PZFQYGM25
B000GIXA1C,A1OJ2PZFQYGM25
B081GB74VK,A1OJ2PZFQYGM25
B07YL6DLHC,A1OJ2PZFQYGM25
B07WHB46G3,A1OJ2PZFQYGM25
B07RD8HWML,A1OJ2PZFQYGM25
B07MGKND3V,A1OJ2PZFQYGM25
B01M2CGORS,A1OJ2PZFQYGM25
B00BRXCLTC,A1OJ2PZFQYGM25
B0BZP93V93,A1OJ2PZFQYGM25
B0BZL27VTN,A1OJ2PZFQYGM25
B0BDQS2RJF,A1OJ2PZFQYGM25
B0B1CZ57FF,A1OJ2PZFQYGM25
B09TGX47C5,A1OJ2PZFQYGM25
B09MS52M3Q,A1OJ2PZFQYGM25
B09G26C1VW,A1OJ2PZFQYGM25
B098MYF833,A1OJ2PZFQYGM25
B095CSWC8R,A1OJ2PZFQYGM25
B0953MG47V,A1OJ2PZFQYGM25
B0946RVTDY,A1OJ2PZFQYGM25
B092TJHV37,A1OJ2PZFQYGM25
B091DR8NTS,A1OJ2PZFQYGM25
B0913H67WM,A1OJ2PZFQYGM25
B08L4L24LJ,A1OJ2PZFQYGM25
B08KRLYCT4,A1OJ2PZFQYGM25
B08JGWWXKY,A1OJ2PZFQYGM25
B08DXH4MX4,A1OJ2PZFQYGM25
B08CD7169V,A1OJ2PZFQYGM25
B08B8XR2HQ,A1OJ2PZFQYGM25
B08B8HM7Y9,A1OJ2PZFQYGM25
B08B39HTYR,A1OJ2PZFQYGM25
B089DWX44V,A1OJ2PZFQYGM25
B0897WZHP2,A1OJ2PZFQYGM25
B08914THR6,A1OJ2PZFQYGM25
B088P4M73K,A1OJ2PZFQYGM25
B08864MS17,A1OJ2PZFQYGM25
B0885XWLRH,A1OJ2PZFQYGM25
B0885RPCF9,A1OJ2PZFQYGM25
B085G16J5W,A1OJ2PZFQYGM25
B0855TZV1J,A1OJ2PZFQYGM25
B084DPMFMT,A1OJ2PZFQYGM25
B0843TWLV8,A1OJ2PZFQYGM25
B083Y35S7Q,A1OJ2PZFQYGM25
B083Y2WRFY,A1OJ2PZFQYGM25
B082WRMRSN,A1OJ2PZFQYGM25
B082WRJ93S,A1OJ2PZFQYGM25
B082WRDTF2,A1OJ2PZFQYGM25
B082WQZS7G,A1OJ2PZFQYGM25
B082WQZ717,A1OJ2PZFQYGM25
B082WQX8H3,A1OJ2PZFQYGM25
B082WQVM8X,A1OJ2PZFQYGM25
B082HRQTW7,A1OJ2PZFQYGM25
B07ZZ1828Y,A1OJ2PZFQYGM25
B07Z3QS1YC,A1OJ2PZFQYGM25
B07Z1VRF5N,A1OJ2PZFQYGM25
B07YY9J3V8,A1OJ2PZFQYGM25
B07YBWVPVM,A1OJ2PZFQYGM25
B07Y4ZK7WL,A1OJ2PZFQYGM25
B07Y4MK1T1,A1OJ2PZFQYGM25
B07Y2LP5J2,A1OJ2PZFQYGM25
B07XWD17S4,A1OJ2PZFQYGM25
B07XK7XNPQ,A1OJ2PZFQYGM25
B07X84F74P,A1OJ2PZFQYGM25
B07WGJSDGN,A1OJ2PZFQYGM25
B07WDWLNH9,A1OJ2PZFQYGM25
B07VY1VYL3,A1OJ2PZFQYGM25
B08GFBPZVB,A1OJ2PZFQYGM25
B0855PR1BJ,A1OJ2PZFQYGM25
B07TZY88SS,A1OJ2PZFQYGM25
B00NHZ2X9G,A1OJ2PZFQYGM25
B00M2NVB3I,A1OJ2PZFQYGM25
1619923904,A1OJ2PZFQYGM25
B07XJ6ZK5W,A1OJ2PZFQYGM25
B017IHQTHK,A1OJ2PZFQYGM25
B000CAVDPY,A1OJ2PZFQYGM25
B07SD6L97Z,A1OJ2PZFQYGM25
B01N902EHM,A1OJ2PZFQYGM25
B000HA9OMS,A1OJ2PZFQYGM25
B098XBZ7P2,A1OJ2PZFQYGM25
B088WLKQRQ,A1OJ2PZFQYGM25
B0887VL3P3,A1OJ2PZFQYGM25
B087YW34BJ,A1OJ2PZFQYGM25
B01M1H4W09,A1OJ2PZFQYGM25
B01M1E67NS,A1OJ2PZFQYGM25
B01M12XO6V,A1OJ2PZFQYGM25
B01M0R8H6V,A1OJ2PZFQYGM25
B01M03RI79,A1OJ2PZFQYGM25
B01LZPO01J,A1OJ2PZFQYGM25
B01LZGB5PR,A1OJ2PZFQYGM25
B01LZGB5OI,A1OJ2PZFQYGM25
B01LZGB4AV,A1OJ2PZFQYGM25
B01LY5H292,A1OJ2PZFQYGM25
B01LXI1XR7,A1OJ2PZFQYGM25
B01LOS64F6,A1OJ2PZFQYGM25
B01KZTJQ3C,A1OJ2PZFQYGM25
B01K367DJ6,A1OJ2PZFQYGM25
B01K366YGE,A1OJ2PZFQYGM25
B01IRUOSO8,A1OJ2PZFQYGM25
B07VTQP8M8,A1OJ2PZFQYGM25
B07TWNSRCK,A1OJ2PZFQYGM25
B07SLQR1JH,A1OJ2PZFQYGM25
B07QMCBQF2,A1OJ2PZFQYGM25
B07QH3VD4R,A1OJ2PZFQYGM25
B07NJ2WWDS,A1OJ2PZFQYGM25
B07L4JJ8KJ,A1OJ2PZFQYGM25
B07FZWM4Z7,A1OJ2PZFQYGM25
B07D7F8DVH,A1OJ2PZFQYGM25
B07D3JK55Z,A1OJ2PZFQYGM25
B079746HVC,A1OJ2PZFQYGM25
B078H92JXH,A1OJ2PZFQYGM25
B06XVTSK47,A1OJ2PZFQYGM25
B01MS0DY4K,A1OJ2PZFQYGM25
B01MA1Q5LO,A1OJ2PZFQYGM25
B01M6B94KR,A1OJ2PZFQYGM25
B01FRS9NPW,A1OJ2PZFQYGM25
B017Y9MVWO,A1OJ2PZFQYGM25
B017Y9LIF0,A1OJ2PZFQYGM25
B017089RTY,A1OJ2PZFQYGM25
B016XLK6FI,A1OJ2PZFQYGM25
B0161T7G96,A1OJ2PZFQYGM25
B015DSD2G2,A1OJ2PZFQYGM25
B0158BQ07C,A1OJ2PZFQYGM25
B012WZQT7S,A1OJ2PZFQYGM25
B012VCBITQ,A1OJ2PZFQYGM25
B010UXV2IU,A1OJ2PZFQYGM25
B010REODOC,A1OJ2PZFQYGM25
B00ZVUUANQ,A1OJ2PZFQYGM25
B00Y5QBJDC,A1OJ2PZFQYGM25
B00KW43LO6,A1OJ2PZFQYGM25
B00K73829Q,A1OJ2PZFQYGM25
B00HFL9GKC,A1OJ2PZFQYGM25
B00ELWCSIU,A1OJ2PZFQYGM25
B00E0P84FY,A1OJ2PZFQYGM25
B00DYUP05I,A1OJ2PZFQYGM25
B00DMF2L5C,A1OJ2PZFQYGM25
B00DKA32OS,A1OJ2PZFQYGM25
B00DF72F7G,A1OJ2PZFQYGM25
B00DDQ9A18,A1OJ2PZFQYGM25
B00CXNZ7Q4,A1OJ2PZFQYGM25
B00B1CBJU6,A1OJ2PZFQYGM25
B00AYIGE4E,A1OJ2PZFQYGM25
B008H718L8,A1OJ2PZFQYGM25
B007Z80O88,A1OJ2PZFQYGM25
B007Z7VPMS,A1OJ2PZFQYGM25
B007Z7QDUM,A1OJ2PZFQYGM25
B007Z7NOMM,A1OJ2PZFQYGM25
B007Z7MAD6,A1OJ2PZFQYGM25
B007Z7LJMY,A1OJ2PZFQYGM25
B007Z7L7ZS,A1OJ2PZFQYGM25
B007Z7KZE2,A1OJ2PZFQYGM25
B007Z7KA06,A1OJ2PZFQYGM25
B007Z7K4ZW,A1OJ2PZFQYGM25
B0068G2D3M,A1OJ2PZFQYGM25
B005OJ9558,A1OJ2PZFQYGM25
B005JV8TOE,A1OJ2PZFQYGM25
B004TMAB0O,A1OJ2PZFQYGM25
B004OA7GD6,A1OJ2PZFQYGM25
B004GCP6RU,A1OJ2PZFQYGM25
B0040EJXHS,A1OJ2PZFQYGM25
B003PM7Z58,A1OJ2PZFQYGM25
B003D2FP3E,A1OJ2PZFQYGM25
B002YKZIX8,A1OJ2PZFQYGM25
B002E8UQ0U,A1OJ2PZFQYGM25
B0028SBTNO,A1OJ2PZFQYGM25
B0027VLCAC,A1OJ2PZFQYGM25
B001CWFE7E,A1OJ2PZFQYGM25
B001CD1MSI,A1OJ2PZFQYGM25
B000XZI3OW,A1OJ2PZFQYGM25
B000R0244S,A1OJ2PZFQYGM25
B000PJ583U,A1OJ2PZFQYGM25
B000K9Z0I8,A1OJ2PZFQYGM25
B000HS6M4I,A1OJ2PZFQYGM25
B000HI79F4,A1OJ2PZFQYGM25
B0000CFP7F,A1OJ2PZFQYGM25
1635448050,A1OJ2PZFQYGM25
0735367892,A1OJ2PZFQYGM25
B0000D8L39,A1OJ2PZFQYGM25
B000068WS9,A1OJ2PZFQYGM25
B002YKEUHS,A1OJ2PZFQYGM25
B07VRSLNBP,A1OJ2PZFQYGM25
4480062327,A1OJ2PZFQYGM25
B000065CXG,A1OJ2PZFQYGM25
B07W2VZJF5,A1OJ2PZFQYGM25
B000AUJRDQ,A1OJ2PZFQYGM25
B01M7SSFYE,A1OJ2PZFQYGM25
4088746481,A1OJ2PZFQYGM25
B003QK4KUM,A1OJ2PZFQYGM25
B00068S3KK,A1OJ2PZFQYGM25
B009SRO28M,A1OJ2PZFQYGM25
B08CY5QVQ5,A1OJ2PZFQYGM25
4003367219,A1OJ2PZFQYGM25
1563710765,A1OJ2PZFQYGM25
B000BPHJZI,A1OJ2PZFQYGM25
400114039X,A1OJ2PZFQYGM25
B081J5PW5J,A1OJ2PZFQYGM25
B07D8MSQ33,A1OJ2PZFQYGM25
B000JKFR6S,A1OJ2PZFQYGM25
B0C3VMCRS8,A1OJ2PZFQYGM25
B01N0SFJ0D,A1OJ2PZFQYGM25
B082LTV289,A1OJ2PZFQYGM25
B09C5BZ485,A1OJ2PZFQYGM25
B08VJ87VQN,A1OJ2PZFQYGM25
B08R44C9Z5,A1OJ2PZFQYGM25
B08H2D7HVH,A1OJ2PZFQYGM25
B00CU8IQ4M,A1OJ2PZFQYGM25
B07WN7CHSB,A1OJ2PZFQYGM25
B084BYM9RW,A1OJ2PZFQYGM25
B07Z9F44VH,A1OJ2PZFQYGM25
B07MK9BD1M,A1OJ2PZFQYGM25
B00009R9BJ,A1OJ2PZFQYGM25
B08X6R4TDB,A1OJ2PZFQYGM25
B08LK4F6ZW,A1OJ2PZFQYGM25
B07ZP67ZRW,A1OJ2PZFQYGM25
B00AIWFSA2,A1OJ2PZFQYGM25
B0006TU9NS,A1OJ2PZFQYGM25
B0CCYL13MP,A1OJ2PZFQYGM25
B0CBQ2W831,A1OJ2PZFQYGM25
B0BZQRC6RZ,A1OJ2PZFQYGM25
B0BXMH2YG3,A1OJ2PZFQYGM25
B09KLBCNSB,A1OJ2PZFQYGM25
B09B54QDQ2,A1OJ2PZFQYGM25
B099NQL5KH,A1OJ2PZFQYGM25
B098WY5PDY,A1OJ2PZFQYGM25
B09763VQW3,A1OJ2PZFQYGM25
B096TSYQPN,A1OJ2PZFQYGM25
B096NGQ5PB,A1OJ2PZFQYGM25
B0936FYH73,A1OJ2PZFQYGM25
B08X7CXP2C,A1OJ2PZFQYGM25
B08T6MJ5B3,A1OJ2PZFQYGM25
B08LC2CZNC,A1OJ2PZFQYGM25
B08KSTSP74,A1OJ2PZFQYGM25
B08JSHDS2R,A1OJ2PZFQYGM25
B08B8Y1FWH,A1OJ2PZFQYGM25
B0882JLN86,A1OJ2PZFQYGM25
B087P9BM5K,A1OJ2PZFQYGM25
B07ZZ8D81M,A1OJ2PZFQYGM25
B07ZTCC6C1,A1OJ2PZFQYGM25
B07ZN5W99F,A1OJ2PZFQYGM25
B07ZHT2BH6,A1OJ2PZFQYGM25
B07Z8CPL5C,A1OJ2PZFQYGM25
B07Z6R62C7,A1OJ2PZFQYGM25
B07YWRVKVS,A1OJ2PZFQYGM25
B07YDGCK6X,A1OJ2PZFQYGM25
B07Y2HGM31,A1OJ2PZFQYGM25
B07XWGHSZK,A1OJ2PZFQYGM25
B07XL5ZQ6Y,A1OJ2PZFQYGM25
B07XKG38P2,A1OJ2PZFQYGM25
B07XH293WV,A1OJ2PZFQYGM25
B07TXNDXTN,A1OJ2PZFQYGM25
B07TWQZPH2,A1OJ2PZFQYGM25
B07TW43LRR,A1OJ2PZFQYGM25
B07RB196XY,A1OJ2PZFQYGM25
B07QHMF8GQ,A1OJ2PZFQYGM25
B01NAX3KJG,A1OJ2PZFQYGM25
B01M0R8DID,A1OJ2PZFQYGM25
B01M0ON0A0,A1OJ2PZFQYGM25
B01M0FHQK0,A1OJ2PZFQYGM25
B01M0FHLR9,A1OJ2PZFQYGM25
B01M0FHG1D,A1OJ2PZFQYGM25
B01M0FEZGO,A1OJ2PZFQYGM25
B01M03RG29,A1OJ2PZFQYGM25
B01LZS59YI,A1OJ2PZFQYGM25
B01LZS58Q0,A1OJ2PZFQYGM25
B01LZS4WOY,A1OJ2PZFQYGM25
B01LZGBCWX,A1OJ2PZFQYGM25
B01LZGB78A,A1OJ2PZFQYGM25
B01LZ4KLXQ,A1OJ2PZFQYGM25
B01LYSW9A3,A1OJ2PZFQYGM25
B01LYSW8O7,A1OJ2PZFQYGM25
B01LY5H6O6,A1OJ2PZFQYGM25
B01LY5H53K,A1OJ2PZFQYGM25
B01LY5GVKW,A1OJ2PZFQYGM25
B01LY3066Q,A1OJ2PZFQYGM25
B01LXR6WW0,A1OJ2PZFQYGM25
B01LXI1VT0,A1OJ2PZFQYGM25
B01LXI1UTV,A1OJ2PZFQYGM25
B01LX6B5H9,A1OJ2PZFQYGM25
B01LX6B58H,A1OJ2PZFQYGM25
B01LX6B4Y0,A1OJ2PZFQYGM25
B01LWUKXCM,A1OJ2PZFQYGM25
B01L0EQZ2Q,A1OJ2PZFQYGM25
B01KZTK9ZQ,A1OJ2PZFQYGM25
B01IPZUD3K,A1OJ2PZFQYGM25
B01I61X4P2,A1OJ2PZFQYGM25
B01G2K3J2C,A1OJ2PZFQYGM25
B01BN8ZEW6,A1OJ2PZFQYGM25
B015QDLO5A,A1OJ2PZFQYGM25
B01442PB9O,A1OJ2PZFQYGM25
B013IU3G1I,A1OJ2PZFQYGM25
B010WQAUQ0,A1OJ2PZFQYGM25
B00S3QGRBE,A1OJ2PZFQYGM25
B00N265SBU,A1OJ2PZFQYGM25
B00KDQW74I,A1OJ2PZFQYGM25
B00K8J3E2E,A1OJ2PZFQYGM25
B00GI95BYW,A1OJ2PZFQYGM25
B00GGRIZ2Q,A1OJ2PZFQYGM25
B00FBOWRWY,A1OJ2PZFQYGM25
B00F8GPH9K,A1OJ2PZFQYGM25
B00DYUL6CE,A1OJ2PZFQYGM25
B00DE0MN1M,A1OJ2PZFQYGM25
B00DDQAFP8,A1OJ2PZFQYGM25
B00CEGBJ8A,A1OJ2PZFQYGM25
B00936VRSG,A1OJ2PZFQYGM25
B009286WUI,A1OJ2PZFQYGM25
B001TER716,A1OJ2PZFQYGM25
B001TEOX7W,A1OJ2PZFQYGM25
B001BHI8R8,A1OJ2PZFQYGM25
B000BO8TXA,A1OJ2PZFQYGM25
B0002VE9O0,A1OJ2PZFQYGM25
1483856127,A1OJ2PZFQYGM25
147704938X,A1OJ2PZFQYGM25
B008I90OU6,A1OJ2PZFQYGM25
B008H72L8C,A1OJ2PZFQYGM25
B008D75DN6,A1OJ2PZFQYGM25
B007Z7S2SI,A1OJ2PZFQYGM25
B006K8VGHC,A1OJ2PZFQYGM25
B005JLQQA8,A1OJ2PZFQYGM25
B004UMVGPM,A1OJ2PZFQYGM25
B004OA7E0Q,A1OJ2PZFQYGM25
B004HSJXIG,A1OJ2PZFQYGM25
B00484LPE4,A1OJ2PZFQYGM25
B0048053RS,A1OJ2PZFQYGM25
B003MQDGRI,A1OJ2PZFQYGM25
B003F1NHJ2,A1OJ2PZFQYGM25
B002VT3GOU,A1OJ2PZFQYGM25
B00230JXSK,A1OJ2PZFQYGM25
B001VSC5OO,A1OJ2PZFQYGM25
B002XNWHRQ,A1OJ2PZFQYGM25
B01LZVI0AP,A1OJ2PZFQYGM25
B0006VXM9E,A1OJ2PZFQYGM25
B000CAK4CC,A1OJ2PZFQYGM25
B004BTOP3E,A1OJ2PZFQYGM25
B07YYVCHBJ,A1OJ2PZFQYGM25
B07G8T66M8,A1OJ2PZFQYGM25
B000005P68,A1OJ2PZFQYGM25
B07RH6P7WX,A1OJ2PZFQYGM25
B000JW1WD8,A1OJ2PZFQYGM25
9888769510,A1OJ2PZFQYGM25
B07VT4MLD1,A1OJ2PZFQYGM25
B00DEVNSME,A1OJ2PZFQYGM25
B00278FSAA,A1OJ2PZFQYGM25
B0882Y9JS4,A1OJ2PZFQYGM25
B00BPA8HG8,A1OJ2PZFQYGM25
B001JPH79M,A1OJ2PZFQYGM25
B01J9JTW56,A1OJ2PZFQYGM25
B08LDY8BYP,A1OJ2PZFQYGM25
B07TSVLRHM,A1OJ2PZFQYGM25
B0002F74AW,A1OJ2PZFQYGM25
B07YX5FZCB,A1OJ2PZFQYGM25
B07C4YWFXD,A1OJ2PZFQYGM25
B00JS9516W,A1OJ2PZFQYGM25
B08117J59K,A1OJ2PZFQYGM25
B07Y9WSH8B,A1OJ2PZFQYGM25
B0027AEA1G,A1OJ2PZFQYGM25
1452172463,A1OJ2PZFQYGM25
B0CM49VW9M,A1OJ2PZFQYGM25
B0BXXFPK2D,A1OJ2PZFQYGM25
B0007ZHQ1Y,A1OJ2PZFQYGM25
B07YFPJK3V,A1OJ2PZFQYGM25
B01AY7EDJ2,A1OJ2PZFQYGM25
B07WW3M1B7,A1OJ2PZFQYGM25
B009Q754SG,A1OJ2PZFQYGM25
B07W68F564,A1OJ2PZFQYGM25
B081PKSG45,A1OJ2PZFQYGM25
B07SD4FR78,A1OJ2PZFQYGM25
B0171ANNSW,A1OJ2PZFQYGM25
B01IW14FHC,A1OJ2PZFQYGM25
B01ES4K2S8,A1OJ2PZFQYGM25
1472850300,A1OJ2PZFQYGM25
B07XL6LHB5,A1OJ2PZFQYGM25
B08T6YN5HF,A1OJ2PZFQYGM25
B008PKX8EM,A1OJ2PZFQYGM25
B09WDMSHXV,A1OJ2PZFQYGM25
B098WW6R9W,A1OJ2PZFQYGM25
B089GFSWKF,A1OJ2PZFQYGM25
B084VMVKG4,A1OJ2PZFQYGM25
B07K7XG5HS,A1OJ2PZFQYGM25
B01M0CPEWZ,A1OJ2PZFQYGM25
B01LYEBN7X,A1OJ2PZFQYGM25
B00U27MG12,A1OJ2PZFQYGM25
B002UBS2OS,A1OJ2PZFQYGM25
B0022ZSUTO,A1OJ2PZFQYGM25
B001AVBEO4,A1OJ2PZFQYGM25
B000C7Y6U6,A1OJ2PZFQYGM25
B0007ZHH18,A1OJ2PZFQYGM25
1619920441,A1OJ2PZFQYGM25
B0CGJCPVR4,A1OJ2PZFQYGM25
B0C9HQ5XTF,A1OJ2PZFQYGM25
B0BYDFKQ37,A1OJ2PZFQYGM25
B0BWSJWGGT,A1OJ2PZFQYGM25
B0BKRQ23P5,A1OJ2PZFQYGM25
B0B8HY87MJ,A1OJ2PZFQYGM25
B09JSCVQ14,A1OJ2PZFQYGM25
B09JC4TSXX,A1OJ2PZFQYGM25
B09GKGL6PK,A1OJ2PZFQYGM25
B099W77Z5F,A1OJ2PZFQYGM25
B098D5R6J5,A1OJ2PZFQYGM25
B093ZYJ3C6,A1OJ2PZFQYGM25
B093TCL73Q,A1OJ2PZFQYGM25
B093HJK656,A1OJ2PZFQYGM25
B08XXSMGHM,A1OJ2PZFQYGM25
B08X71SGN7,A1OJ2PZFQYGM25
B08S74RXF1,A1OJ2PZFQYGM25
B07XB4DM3G,A1OJ2PZFQYGM25
B07WYCTNCM,A1OJ2PZFQYGM25
B07WW1Z9MC,A1OJ2PZFQYGM25
B07WNY45CF,A1OJ2PZFQYGM25
B07WCSF4JH,A1OJ2PZFQYGM25
B07WC1KMG4,A1OJ2PZFQYGM25
B07TX8G9H9,A1OJ2PZFQYGM25
B07RGNJ4TD,A1OJ2PZFQYGM25
B07QRGXX69,A1OJ2PZFQYGM25
B07JVSJXFT,A1OJ2PZFQYGM25
B07BN8VJ92,A1OJ2PZFQYGM25
B079CKG88X,A1OJ2PZFQYGM25
B072WL97TJ,A1OJ2PZFQYGM25
B01N5D92OI,A1OJ2PZFQYGM25
B01MXW20E9,A1OJ2PZFQYGM25
B01MTPIZ50,A1OJ2PZFQYGM25
B00HVXPS3I,A1OJ2PZFQYGM25
B00DLCUGMG,A1OJ2PZFQYGM25
B00CD7872G,A1OJ2PZFQYGM25
B0092F5Q08,A1OJ2PZFQYGM25
B008P24PTC,A1OJ2PZFQYGM25
B0058HSYNA,A1OJ2PZFQYGM25
B0051T47Y0,A1OJ2PZFQYGM25
B004XE19DQ,A1OJ2PZFQYGM25
B004I43A3I,A1OJ2PZFQYGM25
B004GSSBIK,A1OJ2PZFQYGM25
B004GIJ08K,A1OJ2PZFQYGM25
B0043X8ZDY,A1OJ2PZFQYGM25
B0041P7UOO,A1OJ2PZFQYGM25
B003VS8PHI,A1OJ2PZFQYGM25
B01MRMTRQ1,A1OJ2PZFQYGM25
B01M1DWQ5J,A1OJ2PZFQYGM25
B01M0CKVTP,A1OJ2PZFQYGM25
B01LZS57YS,A1OJ2PZFQYGM25
B01LZOJFIV,A1OJ2PZFQYGM25
B01LYH825N,A1OJ2PZFQYGM25
B01LT4XUX4,A1OJ2PZFQYGM25
B01KNUYHSM,A1OJ2PZFQYGM25
B01KIOBEZM,A1OJ2PZFQYGM25
B01K3657G2,A1OJ2PZFQYGM25
B01BZI72LA,A1OJ2PZFQYGM25
B01BN8ZKIE,A1OJ2PZFQYGM25
B017WTIAK8,A1OJ2PZFQYGM25
B08KQ935R9,A1OJ2PZFQYGM25
B08BHZZGHH,A1OJ2PZFQYGM25
B08B8XM7DQ,A1OJ2PZFQYGM25
B08B8WYPG2,A1OJ2PZFQYGM25
B0899D81G8,A1OJ2PZFQYGM25
B088R3SPD6,A1OJ2PZFQYGM25
B088BWFP63,A1OJ2PZFQYGM25
B083RX9D1N,A1OJ2PZFQYGM25
B082VDDW1K,A1OJ2PZFQYGM25
B082MRJ68P,A1OJ2PZFQYGM25
B07ZWGDJSM,A1OJ2PZFQYGM25
B07ZDK2M5C,A1OJ2PZFQYGM25
B07Z9YM46Z,A1OJ2PZFQYGM25
B07Z9FZPVN,A1OJ2PZFQYGM25
B07XYYLLLF,A1OJ2PZFQYGM25
B003VD3ZSM,A1OJ2PZFQYGM25
B003UPX7VG,A1OJ2PZFQYGM25
B003JQLMTK,A1OJ2PZFQYGM25
B00397AIP8,A1OJ2PZFQYGM25
B002YKJX02,A1OJ2PZFQYGM25
B002HMS0W4,A1OJ2PZFQYGM25
B0026N9S1Q,A1OJ2PZFQYGM25
B00207RYIW,A1OJ2PZFQYGM25
B001CD1K7Q,A1OJ2PZFQYGM25
B001AWET9K,A1OJ2PZFQYGM25
B000PIZWY6,A1OJ2PZFQYGM25
B000PIZWR8,A1OJ2PZFQYGM25
B000CSGBMQ,A1OJ2PZFQYGM25
B000C7YCKA,A1OJ2PZFQYGM25
B087PSHVP8,A1OJ2PZFQYGM25
B00462RRAY,A1OJ2PZFQYGM25
4635049116,A1OJ2PZFQYGM25
B085TFXDFC,A1OJ2PZFQYGM25
B08HZ199B7,A1OJ2PZFQYGM25
4309293492,A1OJ2PZFQYGM25
B085T535W7,A1OJ2PZFQYGM25
B00HT9LRSY,A1OJ2PZFQYGM25
4198937060,A1OJ2PZFQYGM25
B07ZNFPMRL,A1OJ2PZFQYGM25
B08RN596K1,A1OJ2PZFQYGM25
4087211800,A1OJ2PZFQYGM25
B07YJM2XX6,A1OJ2PZFQYGM25
B07KLR9NX4,A1OJ2PZFQYGM25
4087211592,A1OJ2PZFQYGM25
B07WMRCR3P,A1OJ2PZFQYGM25
B07R6BRWFV,A1OJ2PZFQYGM25
4062935864,A1OJ2PZFQYGM25
B07WDG2K49,A1OJ2PZFQYGM25
B00GBCLTOC,A1OJ2PZFQYGM25
4040647807,A1OJ2PZFQYGM25
B07W4PC5MY,A1OJ2PZFQYGM25
B019J1ZYVA,A1OJ2PZFQYGM25
B07SQF923Y,A1OJ2PZFQYGM25
B08BKQNPT9,A1OJ2PZFQYGM25
B002HSC3LM,A1OJ2PZFQYGM25
B06XGHP3Z6,A1OJ2PZFQYGM25
B001DKLAZA,A1OJ2PZFQYGM25
B0C23GZKD1,A1OJ2PZFQYGM25
B01M7RWOQ2,A1OJ2PZFQYGM25
B08BTSS1S7,A1OJ2PZFQYGM25
B07ZL3V99P,A1OJ2PZFQYGM25
B097869W7P,A1OJ2PZFQYGM25
B096HSPX5V,A1OJ2PZFQYGM25
B093Y4X28B,A1OJ2PZFQYGM25
B093XYPD5M,A1OJ2PZFQYGM25
B093XWYTWZ,A1OJ2PZFQYGM25
B08ZD3MM51,A1OJ2PZFQYGM25
B08WZXFNMN,A1OJ2PZFQYGM25
B08W3VD45M,A1OJ2PZFQYGM25
B08VZ5GPWQ,A1OJ2PZFQYGM25
B08VYQ9WG5,A1OJ2PZFQYGM25
B08L4XNYV4,A1OJ2PZFQYGM25
B08BRBSFMB,A1OJ2PZFQYGM25
B08B9RCWDH,A1OJ2PZFQYGM25
B08B9HLM6M,A1OJ2PZFQYGM25
B08B911GB2,A1OJ2PZFQYGM25
B08B8WXW44,A1OJ2PZFQYGM25
B089Q6WLWR,A1OJ2PZFQYGM25
B08922PM99,A1OJ2PZFQYGM25
B088BH6ZWM,A1OJ2PZFQYGM25
B08627LMN4,A1OJ2PZFQYGM25
B082MS5QPD,A1OJ2PZFQYGM25
B0829Z7VWQ,A1OJ2PZFQYGM25
B08299GZ3J,A1OJ2PZFQYGM25
B0814SVS5G,A1OJ2PZFQYGM25
B07ZRKFV6G,A1OJ2PZFQYGM25
B07ZDJRYDN,A1OJ2PZFQYGM25
B07ZDHLRPS,A1OJ2PZFQYGM25
B07ZDGNMWC,A1OJ2PZFQYGM25
B07Z8HWK67,A1OJ2PZFQYGM25
B07Z78JYNB,A1OJ2PZFQYGM25
B07Z5GX3FJ,A1OJ2PZFQYGM25
B07Z1DJGDX,A1OJ2PZFQYGM25
B08S1C9HN1,A1OJ2PZFQYGM25
9390202647,A1OJ2PZFQYGM25
B07TFDVLQ6,A1OJ2PZFQYGM25
B091V5MS4P,A1OJ2PZFQYGM25
B01LZYIG5D,A1OJ2PZFQYGM25
B07WVPL5PR,A1OJ2PZFQYGM25
B08B4Y7TRN,A1OJ2PZFQYGM25
B006K8RW02,A1OJ2PZFQYGM25
B08546PST9,A1OJ2PZFQYGM25
B00000DLZD,A1OJ2PZFQYGM25
B083R7J6FV,A1OJ2PZFQYGM25
B09GV55S5Q,A1OJ2PZFQYGM25
B000003BFM,A1OJ2PZFQYGM25
B0827TZZ6Y,A1OJ2PZFQYGM25
B07STP9Y6H,A1OJ2PZFQYGM25
B01EQPP6IK,A1OJ2PZFQYGM25
B0041TD7GU,A1OJ2PZFQYGM25
B002NLKKOK,A1OJ2PZFQYGM25
B0BZTQP4JQ,A1OJ2PZFQYGM25
B0BZPMKMTQ,A1OJ2PZFQYGM25
B0BYDRH46B,A1OJ2PZFQYGM25
B0BSYPD4M2,A1OJ2PZFQYGM25
B0BLF1TMTW,A1OJ2PZFQYGM25
B0BKSR1CP2,A1OJ2PZFQYGM25
B0BF9K41DL,A1OJ2PZFQYGM25
B09Z3B1RT1,A1OJ2PZFQYGM25
B09TB2VT9Z,A1OJ2PZFQYGM25
B09QPK6MFB,A1OJ2PZFQYGM25
B09B79JLX6,A1OJ2PZFQYGM25
B0983H72FY,A1OJ2PZFQYGM25
B07W8D93Z9,A1OJ2PZFQYGM25
B07W7JBYS6,A1OJ2PZFQYGM25
B07W7HTV16,A1OJ2PZFQYGM25
B07W5DTWL9,A1OJ2PZFQYGM25
B07W5C5PW8,A1OJ2PZFQYGM25
B07VXS55QT,A1OJ2PZFQYGM25
B07TWYJ7BJ,A1OJ2PZFQYGM25
B07T817WHH,A1OJ2PZFQYGM25
B07CB4LNKP,A1OJ2PZFQYGM25
B078YLLN8C,A1OJ2PZFQYGM25
B078ND1XG8,A1OJ2PZFQYGM25
B01N2MY9E6,A1OJ2PZFQYGM25
B01N16N9SO,A1OJ2PZFQYGM25
B01MSQHSBN,A1OJ2PZFQYGM25
B01MS4EC2D,A1OJ2PZFQYGM25
B01M6TIE91,A1OJ2PZFQYGM25
B07YZ87J7Q,A1OJ2PZFQYGM25
B07YWT8SJK,A1OJ2PZFQYGM25
B07XYYBST2,A1OJ2PZFQYGM25
B07X51H19Y,A1OJ2PZFQYGM25
B07X4HR8G1,A1OJ2PZFQYGM25
B07WZDPJG2,A1OJ2PZFQYGM25
B07WTDLVW9,A1OJ2PZFQYGM25
B07WMFQXS8,A1OJ2PZFQYGM25
B07WMFB8DN,A1OJ2PZFQYGM25
B07WJLFKS4,A1OJ2PZFQYGM25
B07WJGBT4S,A1OJ2PZFQYGM25
B07WHG26RB,A1OJ2PZFQYGM25
B07WFBMFJP,A1OJ2PZFQYGM25
B07WD7B7S8,A1OJ2PZFQYGM25
B07WCSYPSZ,A1OJ2PZFQYGM25
B07WCRP3JR,A1OJ2PZFQYGM25
B01LZOHZUP,A1OJ2PZFQYGM25
B01LX5VDUV,A1OJ2PZFQYGM25
B01LG5WUKK,A1OJ2PZFQYGM25
B01J6CLOE8,A1OJ2PZFQYGM25
B01IFR30T2,A1OJ2PZFQYGM25
B01I5JP14W,A1OJ2PZFQYGM25
B01HQI3AE6,A1OJ2PZFQYGM25
B01D9RF2R6,A1OJ2PZFQYGM25
B01B43SK8K,A1OJ2PZFQYGM25
B017FI8OPC,A1OJ2PZFQYGM25
B00YZ5C6LW,A1OJ2PZFQYGM25
B00XUQ54OI,A1OJ2PZFQYGM25
B00QW0J1VQ,A1OJ2PZFQYGM25
B00QUGROO8,A1OJ2PZFQYGM25
B00QU188A2,A1OJ2PZFQYGM25
B00QSEKV3S,A1OJ2PZFQYGM25
B00LY903US,A1OJ2PZFQYGM25
B00H4GFXXC,A1OJ2PZFQYGM25
B00H413UNM,A1OJ2PZFQYGM25
B00GXVO18W,A1OJ2PZFQYGM25
B00F67Z21O,A1OJ2PZFQYGM25
B00DFJK6UW,A1OJ2PZFQYGM25
B00C99MTAY,A1OJ2PZFQYGM25
B009Q79G8U,A1OJ2PZFQYGM25
B0087YYBQK,A1OJ2PZFQYGM25
B006K8IHFQ,A1OJ2PZFQYGM25
B0065QRUL0,A1OJ2PZFQYGM25
B005JCJ2JE,A1OJ2PZFQYGM25
B004VQ6MGK,A1OJ2PZFQYGM25
B004D41XY6,A1OJ2PZFQYGM25
B0040C9Y6K,A1OJ2PZFQYGM25
B003N17QKU,A1OJ2PZFQYGM25
B0006GDEU6,A1OJ2PZFQYGM25
0735365180,A1OJ2PZFQYGM25
B003CMS4P6,A1OJ2PZFQYGM25
B003CK0FPU,A1OJ2PZFQYGM25
B0031RDXQC,A1OJ2PZFQYGM25
B002NKP1DQ,A1OJ2PZFQYGM25
B002HYP16K,A1OJ2PZFQYGM25
B002GCZLMC,A1OJ2PZFQYGM25
B0021U2KE6,A1OJ2PZFQYGM25
B001PYFWDA,A1OJ2PZFQYGM25
B001O3PE7G,A1OJ2PZFQYGM25
B001KQG0PM,A1OJ2PZFQYGM25
B001GCQAS2,A1OJ2PZFQYGM25
B000MW6PA0,A1OJ2PZFQYGM25
B000KJOZ66,A1OJ2PZFQYGM25
B000JKBYGK,A1OJ2PZFQYGM25
B000GZKQS0,A1OJ2PZFQYGM25
B000GU7WCS,A1OJ2PZFQYGM25
B000002J66,A1OJ2PZFQYGM25
B001MP3SCY,A1OJ2PZFQYGM25
B0033YCPWG,A1OJ2PZFQYGM25
B07Z2GSX88,A1OJ2PZFQYGM25
B088PTXJ6S,A1OJ2PZFQYGM25
B001CSQIR8,A1OJ2PZFQYGM25
B00005A07Y,A1OJ2PZFQYGM25
B079MYYWBB,A1OJ2PZFQYGM25
B00S5EKZMQ,A1OJ2PZFQYGM25
B002HWRMLY,A1OJ2PZFQYGM25
B07YY4YSCY,A1OJ2PZFQYGM25
B00DETUJ3M,A1OJ2PZFQYGM25
B00003CWIG,A1OJ2PZFQYGM25
4086177846,A1OJ2PZFQYGM25
B00006JNI0,A1OJ2PZFQYGM25
B000UNMOB0,A1OJ2PZFQYGM25
B000GTXFCK,A1OJ2PZFQYGM25
B000DZF7AU,A1OJ2PZFQYGM25
B000CPK2HO,A1OJ2PZFQYGM25
B000CIUO38,A1OJ2PZFQYGM25
B0006IJSOU,A1OJ2PZFQYGM25
B0002YTOT2,A1OJ2PZFQYGM25
B0043AVGU6,A1OJ2PZFQYGM25
B000H5XQCC,A1OJ2PZFQYGM25
B000JGW97W,A1OJ2PZFQYGM25
B087PNFT9F,A1OJ2PZFQYGM25
B004WDZRCM,A1OJ2PZFQYGM25
B0786VMSR8,A1OJ2PZFQYGM25
B0000639OR,A1OJ2PZFQYGM25
B01IRN7WTS,A1OJ2PZFQYGM25
B004EXZQZS,A1OJ2PZFQYGM25
B002EC9JIQ,A1OJ2PZFQYGM25
B00004D3II,A1OJ2PZFQYGM25
B0044E9MDE,A1OJ2PZFQYGM25
B00E0EUBJM,A1OJ2PZFQYGM25
B0000049NJ,A1OJ2PZFQYGM25
B015JRRZ06,A1OJ2PZFQYGM25
B000003J9G,A1OJ2PZFQYGM25
B081738SNZ,A1OJ2PZFQYGM25
B008A5P7BY,A1OJ2PZFQYGM25
B0044TTX60,A1OJ2PZFQYGM25
B001P73TE6,A1OJ2PZFQYGM25
B000GTJDR6,A1OJ2PZFQYGM25
B0BSP28Y7V,A1OJ2PZFQYGM25
B08B5VNCKG,A1OJ2PZFQYGM25
B07ZR1XVQL,A1OJ2PZFQYGM25
B07XV9LYHN,A1OJ2PZFQYGM25
B07WMG3K9M,A1OJ2PZFQYGM25
B00LES1YJS,A1OJ2PZFQYGM25
B00HKU35L4,A1OJ2PZFQYGM25
B000C81WJS,A1OJ2PZFQYGM25
B0BZTVRX41,A1OJ2PZFQYGM25
B098XFDGYN,A1OJ2PZFQYGM25
B08YYRRBPS,A1OJ2PZFQYGM25
B08M5T8C64,A1OJ2PZFQYGM25
B08BJX7KRH,A1OJ2PZFQYGM25
B08B82PZYS,A1OJ2PZFQYGM25
B0894KTJ9W,A1OJ2PZFQYGM25
B088X4QFF1,A1OJ2PZFQYGM25
B087WVYGQ6,A1OJ2PZFQYGM25
B086PWW3XZ,A1OJ2PZFQYGM25
B084Q7TPBL,A1OJ2PZFQYGM25
B084GHCZ3G,A1OJ2PZFQYGM25
B0843TQ39Q,A1OJ2PZFQYGM25
B083GPN5CX,A1OJ2PZFQYGM25
B082GC79J1,A1OJ2PZFQYGM25
B07ZWJW8Z5,A1OJ2PZFQYGM25
B07SMP99P4,A1OJ2PZFQYGM25
B07KZQWJQP,A1OJ2PZFQYGM25
B07GL3QMC1,A1OJ2PZFQYGM25
B0C9ZVPG6S,A1OJ2PZFQYGM25
B0013LPJFQ,A1OJ2PZFQYGM25
B000002SKQ,A1OJ2PZFQYGM25
B07XDSRL18,A1OJ2PZFQYGM25
B000C7Z9MU,A1OJ2PZFQYGM25
B0957Z9CJJ,A1OJ2PZFQYGM25
B000H2M298,A1OJ2PZFQYGM25
1483864413,A1OJ2PZFQYGM25
B085S3KTJR,A1OJ2PZFQYGM25
B001A5Z9R8,A1OJ2PZFQYGM25
B00000A4CO,A1OJ2PZFQYGM25
B000008FO0,A1OJ2PZFQYGM25
B07ZYWH6H7,A1OJ2PZFQYGM25
B000008AOS,A1OJ2PZFQYGM25
B07WSBJMH6,A1OJ2PZFQYGM25
B00IWO8A3K,A1OJ2PZFQYGM25
B00IWNC0V4,A1OJ2PZFQYGM25
B00IWMBIKE,A1OJ2PZFQYGM25
B00F8GMP1I,A1OJ2PZFQYGM25
B00DYUP5DU,A1OJ2PZFQYGM25
B00A02WWEA,A1OJ2PZFQYGM25
B008DRF1NS,A1OJ2PZFQYGM25
B00845G0TS,A1OJ2PZFQYGM25
B007Z822J2,A1OJ2PZFQYGM25
B007Z81XP6,A1OJ2PZFQYGM25
B007Z7NC6A,A1OJ2PZFQYGM25
B007Z7M5X6,A1OJ2PZFQYGM25
B007QV6LOK,A1OJ2PZFQYGM25
B006YH306Y,A1OJ2PZFQYGM25
B0064VJHAS,A1OJ2PZFQYGM25
B004QQA1LW,A1OJ2PZFQYGM25
B01M3PXH01,A1OJ2PZFQYGM25
B01LTFBBIE,A1OJ2PZFQYGM25
B01LCVML4I,A1OJ2PZFQYGM25
B01L8F6Z4U,A1OJ2PZFQYGM25
B01FPJ28W8,A1OJ2PZFQYGM25
B01FIFMQN0,A1OJ2PZFQYGM25
B01BRVX1Y2,A1OJ2PZFQYGM25
B016YKM27I,A1OJ2PZFQYGM25
B015QDLSDS,A1OJ2PZFQYGM25
B013H8N684,A1OJ2PZFQYGM25
B010REUHBK,A1OJ2PZFQYGM25
B010RAJ1FW,A1OJ2PZFQYGM25
B010R9IVIG,A1OJ2PZFQYGM25
B00S5TIV22,A1OJ2PZFQYGM25
B00NCM2OB6,A1OJ2PZFQYGM25
B00KSDSB8W,A1OJ2PZFQYGM25
B004BG0J1O,A1OJ2PZFQYGM25
B003ZFTJE0,A1OJ2PZFQYGM25
B003M6ALNK,A1OJ2PZFQYGM25
B00310R0UO,A1OJ2PZFQYGM25
B002XMWA5G,A1OJ2PZFQYGM25
B002VJ5TJ0,A1OJ2PZFQYGM25
B002VILEDQ,A1OJ2PZFQYGM25
B001S5L0AU,A1OJ2PZFQYGM25
B001P4NG1U,A1OJ2PZFQYGM25
B000KKKYJM,A1OJ2PZFQYGM25
B000C7Z9ZM,A1OJ2PZFQYGM25
B0936DTK8F,A1OJ2PZFQYGM25
B004KWVE3Q,A1OJ2PZFQYGM25
4001140063,A1OJ2PZFQYGM25
B01F8HI2E0,A1OJ2PZFQYGM25
B07ZRM6PKB,A1OJ2PZFQYGM25
B002EZLOXQ,A1OJ2PZFQYGM25
B097CZ8S45,A1OJ2PZFQYGM25
B081N9JX33,A1OJ2PZFQYGM25
B000CAVDX6,A1OJ2PZFQYGM25
B002OFL40Y,A1OJ2PZFQYGM25
B000A8BPHE,A1OJ2PZFQYGM25
B07XNB7J8S,A1OJ2PZFQYGM25
B07WVZZXJZ,A1OJ2PZFQYGM25
B002OFL3TQ,A1OJ2PZFQYGM25
B001LNLR8Y,A1OJ2PZFQYGM25
B07TN537QG,A1OJ2PZFQYGM25
B07KQT1KM7,A1OJ2PZFQYGM25
B001RARR4O,A1OJ2PZFQYGM25
B088B5D2XD,A1OJ2PZFQYGM25
B000M5AL2U,A1OJ2PZFQYGM25
B00HRXZZJ4,A1OJ2PZFQYGM25
B099WRZRQM,A1OJ2PZFQYGM25
B000HIP45G,A1OJ2PZFQYGM25
B003WSWKZK,A1OJ2PZFQYGM25
B097R793LR,A1OJ2PZFQYGM25
B0001HN572,A1OJ2PZFQYGM25
B00EXVC01Y,A1OJ2PZFQYGM25
B08P1565QM,A1OJ2PZFQYGM25
B01M5CV0P0,A1OJ2PZFQYGM25
B00LAELS0Q,A1OJ2PZFQYGM25
B087RRCCCF,A1OJ2PZFQYGM25
B07ZX2HHVW,A1OJ2PZFQYGM25
B07ZKXN6DQ,A1OJ2PZFQYGM25
B08BCB6XW5,A1OJ2PZFQYGM25
B082H2B82R,A1OJ2PZFQYGM25
B07Y1DTFH8,A1OJ2PZFQYGM25
B01L9J4C7W,A1OJ2PZFQYGM25
B001JPMVAC,A1OJ2PZFQYGM25
B09ZWQSK5R,A1OJ2PZFQYGM25
B07GM57T9X,A1OJ2PZFQYGM25
B019Q26M5O,A1OJ2PZFQYGM25
B07RYYC8LG,A1OJ2PZFQYGM25
B075M9ZSLJ,A1OJ2PZFQYGM25
B0025UO7LQ,A1OJ2PZFQYGM25
B0931Y358C,A1OJ2PZFQYGM25
1635446791,A1OJ2PZFQYGM25
B003M694II,A1OJ2PZFQYGM25
B000T2DMY0,A1OJ2PZFQYGM25
B000Q05GSA,A1OJ2PZFQYGM25
B000CMGHGC,A1OJ2PZFQYGM25
B0BDK128TN,A1OJ2PZFQYGM25
B08C5DVCLS,A1OJ2PZFQYGM25
B07Y7D9MSV,A1OJ2PZFQYGM25
B00WH0UHI6,A1OJ2PZFQYGM25
B004KZ2022,A1OJ2PZFQYGM25
B0C1GYJ1LG,A1OJ2PZFQYGM25
B0BZBHVPP8,A1OJ2PZFQYGM25
B099DZGQFD,A1OJ2PZFQYGM25
B0967WWQD3,A1OJ2PZFQYGM25
B096123SQ4,A1OJ2PZFQYGM25
B095T3626B,A1OJ2PZFQYGM25
B095KN792Y,A1OJ2PZFQYGM25
B0931ST6VL,A1OJ2PZFQYGM25
B08YXV1YFW,A1OJ2PZFQYGM25
B08Q86TSHN,A1OJ2PZFQYGM25
B08CMSLHGT,A1OJ2PZFQYGM25
B088FZT9NB,A1OJ2PZFQYGM25
B088B5D35W,A1OJ2PZFQYGM25
B08699WF6P,A1OJ2PZFQYGM25
B0868JCMH9,A1OJ2PZFQYGM25
B083S5S6L1,A1OJ2PZFQYGM25
B07YRFV7WV,A1OJ2PZFQYGM25
B07YLYNKQP,A1OJ2PZFQYGM25
B07YLS4WQH,A1OJ2PZFQYGM25
B07XZFRM35,A1OJ2PZFQYGM25
B07XYC8XCL,A1OJ2PZFQYGM25
B07XJWQFRL,A1OJ2PZFQYGM25
B07XF1SFFL,A1OJ2PZFQYGM25
B07W58B2MY,A1OJ2PZFQYGM25
B07VXXSD3R,A1OJ2PZFQYGM25
B07VXBSWBH,A1OJ2PZFQYGM25
B07VVFRXRG,A1OJ2PZFQYGM25
B07STSTCQG,A1OJ2PZFQYGM25
B07R179LMK,A1OJ2PZFQYGM25
B07QZYGZQ2,A1OJ2PZFQYGM25
B07Q649LLC,A1OJ2PZFQYGM25
B07P56FW38,A1OJ2PZFQYGM25
B07GXM8TS2,A1OJ2PZFQYGM25
B07482N63N,A1OJ2PZFQYGM25
B01M6CYRHJ,A1OJ2PZFQYGM25
B01M0YPJXH,A1OJ2PZFQYGM25
B01LYQE782,A1OJ2PZFQYGM25
B01LYQE4EV,A1OJ2PZFQYGM25
B01LX3QE27,A1OJ2PZFQYGM25
B01LW3CRXL,A1OJ2PZFQYGM25
B01KGMU31C,A1OJ2PZFQYGM25
B01J7HUGPK,A1OJ2PZFQYGM25
B015EWAKO4,A1OJ2PZFQYGM25
B00S3QGUFC,A1OJ2PZFQYGM25
B00H146NKE,A1OJ2PZFQYGM25
B00GP6BU1G,A1OJ2PZFQYGM25
B00DKYMFG0,A1OJ2PZFQYGM25
B009L9MD5Q,A1OJ2PZFQYGM25
B00941CATU,A1OJ2PZFQYGM25
B007Z7RSNI,A1OJ2PZFQYGM25
B005EOAPCK,A1OJ2PZFQYGM25
B004S39QYG,A1OJ2PZFQYGM25
B004O5WMY4,A1OJ2PZFQYGM25
B004NYAX74,A1OJ2PZFQYGM25
B004BTKVUA,A1OJ2PZFQYGM25
B0044URH9O,A1OJ2PZFQYGM25
B003ZFUTAI,A1OJ2PZFQYGM25
B002NLY988,A1OJ2PZFQYGM25
B0027AZ71I,A1OJ2PZFQYGM25
B0026Q5TMU,A1OJ2PZFQYGM25
B0022UOH2S,A1OJ2PZFQYGM25
B0013BA9HE,A1OJ2PZFQYGM25
B000M84ZXS,A1OJ2PZFQYGM25
B000C7ZZOC,A1OJ2PZFQYGM25
B000C7UNZ8,A1OJ2PZFQYGM25
B000BPAUGI,A1OJ2PZFQYGM25
1635446260,A1OJ2PZFQYGM25
B0000560BQ,A1OJ2PZFQYGM25
B084HM8CJK,A1OJ2PZFQYGM25
B07PLFMT74,A1OJ2PZFQYGM25
4641150397,A1OJ2PZFQYGM25
B0813VD1NS,A1OJ2PZFQYGM25
B00TY9KZSA,A1OJ2PZFQYGM25
B07Z51BG4P,A1OJ2PZFQYGM25
4635510689,A1OJ2PZFQYGM25
B00OHU20WU,A1OJ2PZFQYGM25
B0813V97GW,A1OJ2PZFQYGM25
B07WQKKSRG,A1OJ2PZFQYGM25
B094DJ9VCK,A1OJ2PZFQYGM25
4262160238,A1OJ2PZFQYGM25
B0813V7QF4,A1OJ2PZFQYGM25
B001KS0BHI,A1OJ2PZFQYGM25
B07WGTNNW3,A1OJ2PZFQYGM25
4041137829,A1OJ2PZFQYGM25
B07QZDQPLR,A1OJ2PZFQYGM25
B0813V462W,A1OJ2PZFQYGM25
B07F1R9VB1,A1OJ2PZFQYGM25
4022619155,A1OJ2PZFQYGM25
B08DHK51NW,A1OJ2PZFQYGM25
B0813TJ821,A1OJ2PZFQYGM25
B01DTAZAXO,A1OJ2PZFQYGM25
B0BFQKTK6N,A1OJ2PZFQYGM25
B07WN491NK,A1OJ2PZFQYGM25
B00O4030T0,A1OJ2PZFQYGM25
B01H4F3BOK,A1OJ2PZFQYGM25
B07YPR8X53,A1OJ2PZFQYGM25
B004TRQJ3M,A1OJ2PZFQYGM25
B007IHJZXG,A1OJ2PZFQYGM25
B003Z7S7VO,A1OJ2PZFQYGM25
B07W159LYL,A1OJ2PZFQYGM25
B00127YRTA,A1OJ2PZFQYGM25
B07D979WH3,A1OJ2PZFQYGM25
B0001BDJWY,A1OJ2PZFQYGM25
B085SXH268,A1OJ2PZFQYGM25
1596688157,A1OJ2PZFQYGM25
B07R286L4B,A1OJ2PZFQYGM25
B004RTMAI0,A1OJ2PZFQYGM25
B07Z19MZS4,A1OJ2PZFQYGM25
B009ZK1P1Y,A1OJ2PZFQYGM25
B07XJNKPZN,A1OJ2PZFQYGM25
B07TKNNSYG,A1OJ2PZFQYGM25
B0C2Z2PV32,A1OJ2PZFQYGM25
B0815TWPMH,A1OJ2PZFQYGM25
B01M1ESI1R,A1OJ2PZFQYGM25
B085HYX24H,A1OJ2PZFQYGM25
B09NQ1P65P,A1OJ2PZFQYGM25
B0871SKBR8,A1OJ2PZFQYGM25
B002IVEOHO,A1OJ2PZFQYGM25
B0BYD4187G,A1OJ2PZFQYGM25
B08YKD2ZQT,A1OJ2PZFQYGM25
B08B11VJ3C,A1OJ2PZFQYGM25
B0897P5WJZ,A1OJ2PZFQYGM25
B087C3XGR9,A1OJ2PZFQYGM25
B07ZWD4YR1,A1OJ2PZFQYGM25
B0C8VCQQPK,A1OJ2PZFQYGM25
B0C3GK6GKR,A1OJ2PZFQYGM25
B0C2CDTD7Y,A1OJ2PZFQYGM25
B0BYD4X8NL,A1OJ2PZFQYGM25
B09WYNT82P,A1OJ2PZFQYGM25
B09QPH3KT8,A1OJ2PZFQYGM25
B09PKWPPJ5,A1OJ2PZFQYGM25
B09H3GNXX3,A1OJ2PZFQYGM25
B09H27XFTJ,A1OJ2PZFQYGM25
B096Q75DZ7,A1OJ2PZFQYGM25
B095GPFZQ7,A1OJ2PZFQYGM25
B094XC4RRS,A1OJ2PZFQYGM25
B0924WZFB5,A1OJ2PZFQYGM25
B08YPBQ14L,A1OJ2PZFQYGM25
B08WWLLJCW,A1OJ2PZFQYGM25
B08VZ3K9FQ,A1OJ2PZFQYGM25
B08B8XVWP6,A1OJ2PZFQYGM25
B089KVG7K9,A1OJ2PZFQYGM25
B088XDL827,A1OJ2PZFQYGM25
B088HGNK4V,A1OJ2PZFQYGM25
B08884Z5R9,A1OJ2PZFQYGM25
B086Z7BJXN,A1OJ2PZFQYGM25
B086Z5RHD7,A1OJ2PZFQYGM25
B086Z5QGCX,A1OJ2PZFQYGM25
B086Z5QFB6,A1OJ2PZFQYGM25
B086Z5Q9W3,A1OJ2PZFQYGM25
B086Z5PVB6,A1OJ2PZFQYGM25
B086Z5P9L5,A1OJ2PZFQYGM25
B086Z5NB43,A1OJ2PZFQYGM25
B086Z5GTLJ,A1OJ2PZFQYGM25
B086Z5FF87,A1OJ2PZFQYGM25
B086Z5BQXC,A1OJ2PZFQYGM25
B086Z5BG47,A1OJ2PZFQYGM25
B086Z5BCZ1,A1OJ2PZFQYGM25
B086Z59RBH,A1OJ2PZFQYGM25
B086Z585V5,A1OJ2PZFQYGM25
B086Z55RQZ,A1OJ2PZFQYGM25
B086Z55G12,A1OJ2PZFQYGM25
B086Z74DXB,A1OJ2PZFQYGM25
B086Z6YG17,A1OJ2PZFQYGM25
B086Z6GZ6N,A1OJ2PZFQYGM25
B086Z6GND4,A1OJ2PZFQYGM25
B086Z6GKHM,A1OJ2PZFQYGM25
B086Z6CRF8,A1OJ2PZFQYGM25
B086Z6CK8Q,A1OJ2PZFQYGM25
B086Z6B5R7,A1OJ2PZFQYGM25
B086Z68V62,A1OJ2PZFQYGM25
B086Z6796R,A1OJ2PZFQYGM25
B086Z65GW4,A1OJ2PZFQYGM25
B086Z63W6K,A1OJ2PZFQYGM25
B086Z63FTR,A1OJ2PZFQYGM25
B086Z5X2RC,A1OJ2PZFQYGM25
B086Z5SC46,A1OJ2PZFQYGM25
B086Z5RLR6,A1OJ2PZFQYGM25
B07SBYMQRH,A1OJ2PZFQYGM25
B07Q1P1V1J,A1OJ2PZFQYGM25
B07NJ9YHVD,A1OJ2PZFQYGM25
B07JR6FQS8,A1OJ2PZFQYGM25
B071HMC8FT,A1OJ2PZFQYGM25
B06Y29W3QC,A1OJ2PZFQYGM25
B01MA632HE,A1OJ2PZFQYGM25
B01LZ5J5SD,A1OJ2PZFQYGM25
B01LXXR2FT,A1OJ2PZFQYGM25
B01LVTYXCK,A1OJ2PZFQYGM25
B01KUENLTM,A1OJ2PZFQYGM25
B01KSFLB9A,A1OJ2PZFQYGM25
B01KIN1EOE,A1OJ2PZFQYGM25
B01K1KBMT6,A1OJ2PZFQYGM25
B01JUVVKG2,A1OJ2PZFQYGM25
B01JHCCZI6,A1OJ2PZFQYGM25
B086Z54R2C,A1OJ2PZFQYGM25
B086Z52XRJ,A1OJ2PZFQYGM25
B086Z4Y4GJ,A1OJ2PZFQYGM25
B086Z4T46P,A1OJ2PZFQYGM25
B084JDGFLT,A1OJ2PZFQYGM25
B084GFRC38,A1OJ2PZFQYGM25
B0834NNGW4,A1OJ2PZFQYGM25
B07Z2FBC4S,A1OJ2PZFQYGM25
B07YYWZ54S,A1OJ2PZFQYGM25
B07YYVS3DL,A1OJ2PZFQYGM25
B07YCS12S7,A1OJ2PZFQYGM25
B07Y2Y6TH7,A1OJ2PZFQYGM25
B07XVG6LWW,A1OJ2PZFQYGM25
B07WDJ79GZ,A1OJ2PZFQYGM25
B07W4VF9XG,A1OJ2PZFQYGM25
B07SW7TFYC,A1OJ2PZFQYGM25
B01JCWYEEO,A1OJ2PZFQYGM25
B01IQO1W5I,A1OJ2PZFQYGM25
B01HZWOQ7S,A1OJ2PZFQYGM25
B01D3BVJAM,A1OJ2PZFQYGM25
B019D03JC8,A1OJ2PZFQYGM25
B01528OPTQ,A1OJ2PZFQYGM25
B013R6FXFA,A1OJ2PZFQYGM25
B00Y52J0FA,A1OJ2PZFQYGM25
B00X9LPRRI,A1OJ2PZFQYGM25
B00WVBDM7E,A1OJ2PZFQYGM25
B00SVIHU3S,A1OJ2PZFQYGM25
B00QW36UTY,A1OJ2PZFQYGM25
B00QW2CX64,A1OJ2PZFQYGM25
B00QU7XD7O,A1OJ2PZFQYGM25
B00QSCSNYE,A1OJ2PZFQYGM25
B00QSBZL2W,A1OJ2PZFQYGM25
B00QJBFZUO,A1OJ2PZFQYGM25
B00Q55VOVS,A1OJ2PZFQYGM25
B00P9EK1W4,A1OJ2PZFQYGM25
B00O7W8L0I,A1OJ2PZFQYGM25
B00M0H6VW2,A1OJ2PZFQYGM25
B00K2UH1A0,A1OJ2PZFQYGM25
B00JE1YL5G,A1OJ2PZFQYGM25
B00JE1YIQS,A1OJ2PZFQYGM25
B00HQYJYTG,A1OJ2PZFQYGM25
B00H40N55G,A1OJ2PZFQYGM25
B00FGQ2AK6,A1OJ2PZFQYGM25
B00BVE9E9C,A1OJ2PZFQYGM25
B00AJT2DN4,A1OJ2PZFQYGM25
B00939LAKI,A1OJ2PZFQYGM25
B007WLWOFE,A1OJ2PZFQYGM25
B005Q0IHW2,A1OJ2PZFQYGM25
B001AT961O,A1OJ2PZFQYGM25
B000WL8V8U,A1OJ2PZFQYGM25
B000GU7IEA,A1OJ2PZFQYGM25
B000BZJW80,A1OJ2PZFQYGM25
B00025Z90O,A1OJ2PZFQYGM25
B00005MMOS,A1OJ2PZFQYGM25
B0051O1HZ2,A1OJ2PZFQYGM25
B004R6SNH0,A1OJ2PZFQYGM25
B004IARK4M,A1OJ2PZFQYGM25
B004GCR6DW,A1OJ2PZFQYGM25
B0046CX9UQ,A1OJ2PZFQYGM25
B0044FX784,A1OJ2PZFQYGM25
B003WZPKNC,A1OJ2PZFQYGM25
B003M8UKFM,A1OJ2PZFQYGM25
B003CMPZJY,A1OJ2PZFQYGM25
B003CMO7VG,A1OJ2PZFQYGM25
B003CMM8ZI,A1OJ2PZFQYGM25
B002JU2DU4,A1OJ2PZFQYGM25
B002GYWEGG,A1OJ2PZFQYGM25
B00200LQZQ,A1OJ2PZFQYGM25
B001O7FJPO,A1OJ2PZFQYGM25
4791629892,A1OJ2PZFQYGM25
B07W5TB41Y,A1OJ2PZFQYGM25
B07W7NVTBQ,A1OJ2PZFQYGM25
B0004EAFWK,A1OJ2PZFQYGM25
4575728020,A1OJ2PZFQYGM25
B07R7RPBYW,A1OJ2PZFQYGM25
B01M7X9BMX,A1OJ2PZFQYGM25
406523834X,A1OJ2PZFQYGM25
B07T1R7R9Y,A1OJ2PZFQYGM25
B01M5B6WA3,A1OJ2PZFQYGM25
B013JO9CXO,A1OJ2PZFQYGM25
B004Q2PRPQ,A1OJ2PZFQYGM25
B00FA4ONYA,A1OJ2PZFQYGM25
B004NX6V6C,A1OJ2PZFQYGM25
B07VHZHPR9,A1OJ2PZFQYGM25
B004GCGWV4,A1OJ2PZFQYGM25
B0BKGH2HWY,A1OJ2PZFQYGM25
B09T8Y3863,A1OJ2PZFQYGM25
B09M9B3X3L,A1OJ2PZFQYGM25
B09HK63Y97,A1OJ2PZFQYGM25
B09H3K3TQ4,A1OJ2PZFQYGM25
B09CKSW7PV,A1OJ2PZFQYGM25
B099MK6FS5,A1OJ2PZFQYGM25
B0992RFTCY,A1OJ2PZFQYGM25
B098B8VXYZ,A1OJ2PZFQYGM25
B097N841N7,A1OJ2PZFQYGM25
B096YJD952,A1OJ2PZFQYGM25
B096VSMC66,A1OJ2PZFQYGM25
B0949NGGK4,A1OJ2PZFQYGM25
B093QCHZJJ,A1OJ2PZFQYGM25
B093QBYZ38,A1OJ2PZFQYGM25
B0927W3LQL,A1OJ2PZFQYGM25
B08ZXMGPNM,A1OJ2PZFQYGM25
B08XXD1K1S,A1OJ2PZFQYGM25
B08X91M2X4,A1OJ2PZFQYGM25
B08RDDKQR2,A1OJ2PZFQYGM25
B08N67ZZSB,A1OJ2PZFQYGM25
B08M5KKS3Q,A1OJ2PZFQYGM25
B08LCMNYQC,A1OJ2PZFQYGM25
B08JTP5B4J,A1OJ2PZFQYGM25
B08DFXN6VT,A1OJ2PZFQYGM25
B08DFGGNBF,A1OJ2PZFQYGM25
B08BF6PNRM,A1OJ2PZFQYGM25
B08B9QKGPZ,A1OJ2PZFQYGM25
B08B9LPMKP,A1OJ2PZFQYGM25
B089ZM74SC,A1OJ2PZFQYGM25
B089LYR1BR,A1OJ2PZFQYGM25
B089LRJPQV,A1OJ2PZFQYGM25
B07Z33DNF9,A1OJ2PZFQYGM25
B07YXF2J5J,A1OJ2PZFQYGM25
B07YNBC5FX,A1OJ2PZFQYGM25
B07YN648Z5,A1OJ2PZFQYGM25
B07YN61KG4,A1OJ2PZFQYGM25
B07YN5SW2R,A1OJ2PZFQYGM25
B07YN5K7H9,A1OJ2PZFQYGM25
B07YN5G3S5,A1OJ2PZFQYGM25
B07YN5FYPR,A1OJ2PZFQYGM25
B07YN5FH3C,A1OJ2PZFQYGM25
B07YN52TLC,A1OJ2PZFQYGM25
B07YL18LRL,A1OJ2PZFQYGM25
B07YGX6W6Z,A1OJ2PZFQYGM25
B07YGN1HN3,A1OJ2PZFQYGM25
B07YBHSP8K,A1OJ2PZFQYGM25
B07Y6VY1T5,A1OJ2PZFQYGM25
B07S1T1XNG,A1OJ2PZFQYGM25
B07Q5M8XGC,A1OJ2PZFQYGM25
B07P42VR6G,A1OJ2PZFQYGM25
B07CQPJDG4,A1OJ2PZFQYGM25
B0786GXGD4,A1OJ2PZFQYGM25
B01KQOGK6W,A1OJ2PZFQYGM25
B01K8UWONM,A1OJ2PZFQYGM25
B01K89GERA,A1OJ2PZFQYGM25
B01IW4ZBXQ,A1OJ2PZFQYGM25
B01ISPS3CK,A1OJ2PZFQYGM25
B01I4C8CFU,A1OJ2PZFQYGM25
B01HTZD4OM,A1OJ2PZFQYGM25
B01DVKQFBS,A1OJ2PZFQYGM25
B01BT7ISQA,A1OJ2PZFQYGM25
B01AYCUC5G,A1OJ2PZFQYGM25
B019QMH9UQ,A1OJ2PZFQYGM25
B07Y3ZYW37,A1OJ2PZFQYGM25
B07XZ82R52,A1OJ2PZFQYGM25
B07XWS5G3V,A1OJ2PZFQYGM25
B07X8BGPXG,A1OJ2PZFQYGM25
B07X7QP7SK,A1OJ2PZFQYGM25
B07WP1Y6WX,A1OJ2PZFQYGM25
B07WN82ZMM,A1OJ2PZFQYGM25
B07WCLWW66,A1OJ2PZFQYGM25
B07W1V2MC1,A1OJ2PZFQYGM25
B07VGM645T,A1OJ2PZFQYGM25
B07V7JNB62,A1OJ2PZFQYGM25
B07V719356,A1OJ2PZFQYGM25
B07V5WRRQ1,A1OJ2PZFQYGM25
B07TWYHMDD,A1OJ2PZFQYGM25
B07TWYHJ3M,A1OJ2PZFQYGM25
B07TMV9GFH,A1OJ2PZFQYGM25
B017080WBG,A1OJ2PZFQYGM25
B0142ZOILA,A1OJ2PZFQYGM25
B0142ZNLP4,A1OJ2PZFQYGM25
B011N32MJ4,A1OJ2PZFQYGM25
B00Z4IIFVE,A1OJ2PZFQYGM25
B00XUPWZ28,A1OJ2PZFQYGM25
B00WJ10W4M,A1OJ2PZFQYGM25
B00VV21ZD2,A1OJ2PZFQYGM25
B00R21DKHU,A1OJ2PZFQYGM25
B00QX7VEJA,A1OJ2PZFQYGM25
B00QU809T8,A1OJ2PZFQYGM25
B00QT0JQH8,A1OJ2PZFQYGM25
B00QSZJBXS,A1OJ2PZFQYGM25
B00QSJX6IU,A1OJ2PZFQYGM25
B00PCHLP3W,A1OJ2PZFQYGM25
B00PCHJYOY,A1OJ2PZFQYGM25
B00OGLU4OG,A1OJ2PZFQYGM25
B00NHWHAYW,A1OJ2PZFQYGM25
B00M2NR8JY,A1OJ2PZFQYGM25
B00K2TLLHU,A1OJ2PZFQYGM25
B00IKPM1W2,A1OJ2PZFQYGM25
B00IA8Y3TI,A1OJ2PZFQYGM25
B00IA8X2J0,A1OJ2PZFQYGM25
B00IA78M32,A1OJ2PZFQYGM25
B00H3040Z6,A1OJ2PZFQYGM25
B00GI6ZEDI,A1OJ2PZFQYGM25
B00ED2O8VI,A1OJ2PZFQYGM25
B00DH3KX8G,A1OJ2PZFQYGM25
B00DGTOLFM,A1OJ2PZFQYGM25
B00DDTYM4U,A1OJ2PZFQYGM25
B00CS6IMLI,A1OJ2PZFQYGM25
B00CPAEZPY,A1OJ2PZFQYGM25
B001C3PWR0,A1OJ2PZFQYGM25
B001AE5ZTQ,A1OJ2PZFQYGM25
B00103Z7S6,A1OJ2PZFQYGM25
B000GZWZDO,A1OJ2PZFQYGM25
B000GU1SHI,A1OJ2PZFQYGM25
B000CLOTIG,A1OJ2PZFQYGM25
B000BO8ZSO,A1OJ2PZFQYGM25
B000BMT422,A1OJ2PZFQYGM25
B0006OG0MW,A1OJ2PZFQYGM25
B0002BEZNK,A1OJ2PZFQYGM25
1908983353,A1OJ2PZFQYGM25
B07ZVFDS59,A1OJ2PZFQYGM25
B001J4ER6O,A1OJ2PZFQYGM25
4537212373,A1OJ2PZFQYGM25
B07S6CTVV7,A1OJ2PZFQYGM25
B07ZP8BDDZ,A1OJ2PZFQYGM25
B00099FAMU,A1OJ2PZFQYGM25
B07S656MTY,A1OJ2PZFQYGM25
4424636380,A1OJ2PZFQYGM25
B07YZTVFLG,A1OJ2PZFQYGM25
B01N3LUK5S,A1OJ2PZFQYGM25
400600009X,A1OJ2PZFQYGM25
B000CFL0Z2,A1OJ2PZFQYGM25
B07W8MBMVX,A1OJ2PZFQYGM25
B08XYGL5H3,A1OJ2PZFQYGM25
B07W7VDN2K,A1OJ2PZFQYGM25
B00BU7CLR2,A1OJ2PZFQYGM25
B009YO2MUO,A1OJ2PZFQYGM25
B005QZW0O8,A1OJ2PZFQYGM25
B004UR7RLY,A1OJ2PZFQYGM25
B004J9E0AO,A1OJ2PZFQYGM25
B004J9DVNQ,A1OJ2PZFQYGM25
B002ZHL7T4,A1OJ2PZFQYGM25
B002YG6IT0,A1OJ2PZFQYGM25
B002XLNZ06,A1OJ2PZFQYGM25
B002WE7UGO,A1OJ2PZFQYGM25
B002BH54ZG,A1OJ2PZFQYGM25
B00200LQY2,A1OJ2PZFQYGM25
B001UNM1L2,A1OJ2PZFQYGM25
B001OC73Z8,A1OJ2PZFQYGM25
B001GR0DEO,A1OJ2PZFQYGM25
B001G9037Y,A1OJ2PZFQYGM25
B00DENP0G4,A1OJ2PZFQYGM25
B004J9AADA,A1OJ2PZFQYGM25
B002AXTRV8,A1OJ2PZFQYGM25
B0CLP7KN1L,A1OJ2PZFQYGM25
B0CLHDBQGZ,A1OJ2PZFQYGM25
B0CKLQYVXL,A1OJ2PZFQYGM25
B0C7H7ZCGP,A1OJ2PZFQYGM25
B0C4M7R1HX,A1OJ2PZFQYGM25
B0C37ZGNRT,A1OJ2PZFQYGM25
B0BZ4TQLBS,A1OJ2PZFQYGM25
B0B654T21R,A1OJ2PZFQYGM25
B09T6VR4KM,A1OJ2PZFQYGM25
B09H3J5RNG,A1OJ2PZFQYGM25
B099ZQQ18P,A1OJ2PZFQYGM25
B08X23PJ9M,A1OJ2PZFQYGM25
B08WCB1C8J,A1OJ2PZFQYGM25
B06Y49JZV3,A1OJ2PZFQYGM25
B078KFDY12,A1OJ2PZFQYGM25
B0029WZ5FW,A1OJ2PZFQYGM25
B01JNAL7VI,A1OJ2PZFQYGM25
B07FDC4PXT,A1OJ2PZFQYGM25
B00C9QHSTY,A1OJ2PZFQYGM25
B075LZZ3D4,A1OJ2PZFQYGM25
B003FV9LLU,A1OJ2PZFQYGM25
B082RC8SXD,A1OJ2PZFQYGM25
B00NE07CRM,A1OJ2PZFQYGM25
B000SOSJYW,A1OJ2PZFQYGM25
B096H58541,A1OJ2PZFQYGM25
B092WVD9M6,A1OJ2PZFQYGM25
B07SX9NPG2,A1OJ2PZFQYGM25
B01N7NJC32,A1OJ2PZFQYGM25
B00PX6U35I,A1OJ2PZFQYGM25
B08NVYBVJK,A1OJ2PZFQYGM25
B08JPWMN1T,A1OJ2PZFQYGM25
B08JLQY26T,A1OJ2PZFQYGM25
B08FF8QJXF,A1OJ2PZFQYGM25
B08F53T6L5,A1OJ2PZFQYGM25
B08DK5MG6S,A1OJ2PZFQYGM25
B08BZH1HKX,A1OJ2PZFQYGM25
B08BDYBSL2,A1OJ2PZFQYGM25
B08BDY3HKF,A1OJ2PZFQYGM25
B08BDRM26Y,A1OJ2PZFQYGM25
B08BDQ83L9,A1OJ2PZFQYGM25
B08BDMDPFW,A1OJ2PZFQYGM25
B08BDHNYHR,A1OJ2PZFQYGM25
B08BDG1YJM,A1OJ2PZFQYGM25
B08BDBZ7C5,A1OJ2PZFQYGM25
B08B9PQ2ZM,A1OJ2PZFQYGM25
B087WS5KGL,A1OJ2PZFQYGM25
B087WCVD7Z,A1OJ2PZFQYGM25
B087VTZ6Q7,A1OJ2PZFQYGM25
B08761JR2S,A1OJ2PZFQYGM25
B086QM2MPD,A1OJ2PZFQYGM25
B084WCWHFG,A1OJ2PZFQYGM25
B083SGNYC7,A1OJ2PZFQYGM25
B081BSM97Y,A1OJ2PZFQYGM25
B08111DKLJ,A1OJ2PZFQYGM25
B07ZWFFSJ8,A1OJ2PZFQYGM25
B07ZCH41JN,A1OJ2PZFQYGM25
B07Z7HCX38,A1OJ2PZFQYGM25
B07Z5HK2RL,A1OJ2PZFQYGM25
B07Z1S6HGF,A1OJ2PZFQYGM25
B07YK8MXVN,A1OJ2PZFQYGM25
B07Y4P1DLD,A1OJ2PZFQYGM25
B08B8X4SH1,A1OJ2PZFQYGM25
B08956QVLC,A1OJ2PZFQYGM25
B0893MFVRL,A1OJ2PZFQYGM25
B0893LZ68T,A1OJ2PZFQYGM25
B0893LPRVB,A1OJ2PZFQYGM25
B0893L57FQ,A1OJ2PZFQYGM25
B088H4ZNX2,A1OJ2PZFQYGM25
B088GY4RGL,A1OJ2PZFQYGM25
B0883C3GWW,A1OJ2PZFQYGM25
B0883BS8FF,A1OJ2PZFQYGM25
B0883BGC52,A1OJ2PZFQYGM25
B0883BFNDS,A1OJ2PZFQYGM25
B0883B2MVF,A1OJ2PZFQYGM25
B08839Y9CN,A1OJ2PZFQYGM25
B0881JF5SS,A1OJ2PZFQYGM25
B087WVBQMH,A1OJ2PZFQYGM25
B07Y2C5WMG,A1OJ2PZFQYGM25
B07XHV8SMH,A1OJ2PZFQYGM25
B07XG8XP1W,A1OJ2PZFQYGM25
B07XDYMGNG,A1OJ2PZFQYGM25
B07WSDRYTN,A1OJ2PZFQYGM25
B07WF91RV2,A1OJ2PZFQYGM25
B07V7XLJS8,A1OJ2PZFQYGM25
B07TKQQBQ8,A1OJ2PZFQYGM25
B07S1GYPTY,A1OJ2PZFQYGM25
B07Q621F9K,A1OJ2PZFQYGM25
B07KM44W9G,A1OJ2PZFQYGM25
B0776RF2FC,A1OJ2PZFQYGM25
B01M10GCHP,A1OJ2PZFQYGM25
B01M0XMT6L,A1OJ2PZFQYGM25
B01LZVJU07,A1OJ2PZFQYGM25
B01LZSZMIL,A1OJ2PZFQYGM25
B000VJ0Z0A,A1OJ2PZFQYGM25
B0006TXATS,A1OJ2PZFQYGM25
B07XNSXHQY,A1OJ2PZFQYGM25
B09LVM39WS,A1OJ2PZFQYGM25
B098WTYV5H,A1OJ2PZFQYGM25
B089S4DP9W,A1OJ2PZFQYGM25
B0816MKZ4X,A1OJ2PZFQYGM25
B01IAFTTXA,A1OJ2PZFQYGM25
B018PI846K,A1OJ2PZFQYGM25
B0093XALA4,A1OJ2PZFQYGM25
B0018DJWZW,A1OJ2PZFQYGM25
B000C81JGO,A1OJ2PZFQYGM25
B0CLM6W66V,A1OJ2PZFQYGM25
B0C92B7MXK,A1OJ2PZFQYGM25
B0C2P6CQ7C,A1OJ2PZFQYGM25
B0BXX2F3SG,A1OJ2PZFQYGM25
B00U9VO5PG,A1OJ2PZFQYGM25
B00S3QGBM4,A1OJ2PZFQYGM25
B00S3QDSYI,A1OJ2PZFQYGM25
B00S04PE8Q,A1OJ2PZFQYGM25
B00R12QID8,A1OJ2PZFQYGM25
B00QXUHHVQ,A1OJ2PZFQYGM25
B00QVJBX0U,A1OJ2PZFQYGM25
B00QSK3EK4,A1OJ2PZFQYGM25
B00QMJDRGM,A1OJ2PZFQYGM25
B00PV4IOLM,A1OJ2PZFQYGM25
B00PJ98TFU,A1OJ2PZFQYGM25
B00NXGAA0I,A1OJ2PZFQYGM25
B00IL5RHDY,A1OJ2PZFQYGM25
B00H48PUX8,A1OJ2PZFQYGM25
B00H2B5DSE,A1OJ2PZFQYGM25
B00GJSNZO0,A1OJ2PZFQYGM25
B0047G1KPW,A1OJ2PZFQYGM25
B0044FWV5Y,A1OJ2PZFQYGM25
B003ZHGMKW,A1OJ2PZFQYGM25
B003UQ48NQ,A1OJ2PZFQYGM25
B003LV0ZV4,A1OJ2PZFQYGM25
B003FMBN6K,A1OJ2PZFQYGM25
B003C01BNK,A1OJ2PZFQYGM25
B002W70U9K,A1OJ2PZFQYGM25
B0027DYOEG,A1OJ2PZFQYGM25
B0020FTA9A,A1OJ2PZFQYGM25
B001XRJSMU,A1OJ2PZFQYGM25
B001O7O8VA,A1OJ2PZFQYGM25
B001KOAKLO,A1OJ2PZFQYGM25
B001FQKJXQ,A1OJ2PZFQYGM25
B001FLRLHS,A1OJ2PZFQYGM25
B001FAF9K0,A1OJ2PZFQYGM25
B001DCA3OW,A1OJ2PZFQYGM25
B0019LPG08,A1OJ2PZFQYGM25
B000ROC2SC,A1OJ2PZFQYGM25
B000KTCL4Y,A1OJ2PZFQYGM25
B000K2EBEO,A1OJ2PZFQYGM25
B000HHLPE6,A1OJ2PZFQYGM25
B000G3IJPO,A1OJ2PZFQYGM25
B000CMGC0I,A1OJ2PZFQYGM25
B000BQMRMW,A1OJ2PZFQYGM25
B0002YXM4A,A1OJ2PZFQYGM25
B01LYNXX6Y,A1OJ2PZFQYGM25
B01LX9BU5J,A1OJ2PZFQYGM25
B01LWNJQSW,A1OJ2PZFQYGM25
B01LBAE1RK,A1OJ2PZFQYGM25
B01K347AUU,A1OJ2PZFQYGM25
B01JQ08PFQ,A1OJ2PZFQYGM25
B01JCX1I60,A1OJ2PZFQYGM25
B01J7MUA06,A1OJ2PZFQYGM25
B01IAFTWA0,A1OJ2PZFQYGM25
B01IAFTSWC,A1OJ2PZFQYGM25
B01BWLPB4K,A1OJ2PZFQYGM25
B01APUTQYK,A1OJ2PZFQYGM25
B019XE8YS8,A1OJ2PZFQYGM25
B017FI7K70,A1OJ2PZFQYGM25
B014RX8LEW,A1OJ2PZFQYGM25
B00YW6FPPI,A1OJ2PZFQYGM25
B08HQGV67Q,A1OJ2PZFQYGM25
B07W5F54DS,A1OJ2PZFQYGM25
B0BZPJD49M,A1OJ2PZFQYGM25
B01M27P83T,A1OJ2PZFQYGM25
B09NMW5GRS,A1OJ2PZFQYGM25
B01K2HR4NQ,A1OJ2PZFQYGM25
B004J9EHW0,A1OJ2PZFQYGM25
B004NZRQAA,A1OJ2PZFQYGM25
B098XDCN8H,A1OJ2PZFQYGM25
B003706JAK,A1OJ2PZFQYGM25
B0C467C8TR,A1OJ2PZFQYGM25
B002UQPQEC,A1OJ2PZFQYGM25
B07V6RKT7X,A1OJ2PZFQYGM25
B08YRH166X,A1OJ2PZFQYGM25
B0842938FH,A1OJ2PZFQYGM25
B081T5449V,A1OJ2PZFQYGM25
B01BIDUUQQ,A1OJ2PZFQYGM25
B010TZUBRW,A1OJ2PZFQYGM25
B0CDBFPFM7,A1OJ2PZFQYGM25
B07Y5R5RXP,A1OJ2PZFQYGM25
B09V5NH5R9,A1OJ2PZFQYGM25
B00AEVMGT8,A1OJ2PZFQYGM25
B000P0L9F0,A1OJ2PZFQYGM25
B000CQ20FK,A1OJ2PZFQYGM25
B0CLHD26PH,A1OJ2PZFQYGM25
B0BYCFC174,A1OJ2PZFQYGM25
B09KKSGSTK,A1OJ2PZFQYGM25
B09J4ZMS7M,A1OJ2PZFQYGM25
B09H3JVMM5,A1OJ2PZFQYGM25
B09H3HWPDN,A1OJ2PZFQYGM25
B095G431ZH,A1OJ2PZFQYGM25
B095C9K74G,A1OJ2PZFQYGM25
B093BD2DWL,A1OJ2PZFQYGM25
B0922PMFPV,A1OJ2PZFQYGM25
B08QYRXD5T,A1OJ2PZFQYGM25
B08LDSWTLN,A1OJ2PZFQYGM25
B08LCP429J,A1OJ2PZFQYGM25
B08LCMQPKQ,A1OJ2PZFQYGM25
B08G5D9Q46,A1OJ2PZFQYGM25
B08DDJQJ7X,A1OJ2PZFQYGM25
B08BMH45P4,A1OJ2PZFQYGM25
B08BC3P698,A1OJ2PZFQYGM25
B08B8WXTKZ,A1OJ2PZFQYGM25
B08B6HK2W7,A1OJ2PZFQYGM25
B0892P2D64,A1OJ2PZFQYGM25
B08928NQXD,A1OJ2PZFQYGM25
B088YTM655,A1OJ2PZFQYGM25
B088H825Z1,A1OJ2PZFQYGM25
B00GIYLZDI,A1OJ2PZFQYGM25
B00E0Q6FI6,A1OJ2PZFQYGM25
B00DYA7O16,A1OJ2PZFQYGM25
B00DOPKGUM,A1OJ2PZFQYGM25
B00CTS4VHE,A1OJ2PZFQYGM25
B00C0E37UE,A1OJ2PZFQYGM25
B00BUO4XOE,A1OJ2PZFQYGM25
B00BRX5GX0,A1OJ2PZFQYGM25
B00AKIBIRQ,A1OJ2PZFQYGM25
B009LGCW5K,A1OJ2PZFQYGM25
B008XKVE4U,A1OJ2PZFQYGM25
B005JJVDG2,A1OJ2PZFQYGM25
B005IGNNHS,A1OJ2PZFQYGM25
B0051EAWO4,A1OJ2PZFQYGM25
B004Y1PWI6,A1OJ2PZFQYGM25
B004J9BU0W,A1OJ2PZFQYGM25
B07NQQKNCX,A1OJ2PZFQYGM25
B07L9VFL1Z,A1OJ2PZFQYGM25
B079P883K3,A1OJ2PZFQYGM25
B077H55FY8,A1OJ2PZFQYGM25
B07466YKNF,A1OJ2PZFQYGM25
B073XY8MRS,A1OJ2PZFQYGM25
B01NAMXW83,A1OJ2PZFQYGM25
B01MA3B0Z5,A1OJ2PZFQYGM25
B01M3X77CM,A1OJ2PZFQYGM25
B01LZC7OLZ,A1OJ2PZFQYGM25
B01KGMUBYG,A1OJ2PZFQYGM25
B01IAFTZDY,A1OJ2PZFQYGM25
B01H4E5GV2,A1OJ2PZFQYGM25
B01FM53BWG,A1OJ2PZFQYGM25
B01CSDKEPC,A1OJ2PZFQYGM25
B01BN8X7P2,A1OJ2PZFQYGM25
B0881KXFXH,A1OJ2PZFQYGM25
B0881J2BF2,A1OJ2PZFQYGM25
B0881G68GS,A1OJ2PZFQYGM25
B087SS5RGQ,A1OJ2PZFQYGM25
B083767HJF,A1OJ2PZFQYGM25
B082QMS36M,A1OJ2PZFQYGM25
B07ZBR3Q3Z,A1OJ2PZFQYGM25
B07Z93WK4D,A1OJ2PZFQYGM25
B07Z64SMGW,A1OJ2PZFQYGM25
B07Z5MR21F,A1OJ2PZFQYGM25
B07Z5GVL24,A1OJ2PZFQYGM25
B07Z1G8VJ1,A1OJ2PZFQYGM25
B07Z1CTVXN,A1OJ2PZFQYGM25
B07YL8JHKD,A1OJ2PZFQYGM25
B07YBJZ93B,A1OJ2PZFQYGM25
B07XZ2LBGR,A1OJ2PZFQYGM25
B01B5COUCA,A1OJ2PZFQYGM25
B018YHKQJU,A1OJ2PZFQYGM25
B00XUPUM1Y,A1OJ2PZFQYGM25
B00UPB54B4,A1OJ2PZFQYGM25
B00RC0L6FO,A1OJ2PZFQYGM25
B00R0CFZC4,A1OJ2PZFQYGM25
B00QZI0SPS,A1OJ2PZFQYGM25
B00QZFNMIQ,A1OJ2PZFQYGM25
B00QVWPBZK,A1OJ2PZFQYGM25
B00QSIPG84,A1OJ2PZFQYGM25
B00MBV9IVS,A1OJ2PZFQYGM25
B00M26JVBE,A1OJ2PZFQYGM25
B00LY8S9QO,A1OJ2PZFQYGM25
B00K8OJ8EC,A1OJ2PZFQYGM25
B00K8O83Z2,A1OJ2PZFQYGM25
B00K8NWHLE,A1OJ2PZFQYGM25
B089FLSHG1,A1OJ2PZFQYGM25
B089DPD6RW,A1OJ2PZFQYGM25
B088H766BX,A1OJ2PZFQYGM25
B088B811BW,A1OJ2PZFQYGM25
B08879QYD9,A1OJ2PZFQYGM25
B08815BBTH,A1OJ2PZFQYGM25
B087NLH6C8,A1OJ2PZFQYGM25
B084G52QBS,A1OJ2PZFQYGM25
B083Q81FYD,A1OJ2PZFQYGM25
B081M9ZXMN,A1OJ2PZFQYGM25
B07ZTW1594,A1OJ2PZFQYGM25
B07ZTVQTX6,A1OJ2PZFQYGM25
B07ZBMC4FP,A1OJ2PZFQYGM25
B07Z8JGBDZ,A1OJ2PZFQYGM25
B07Z5Q6BDX,A1OJ2PZFQYGM25
B07Z5GX6QD,A1OJ2PZFQYGM25
B003K2UDCK,A1OJ2PZFQYGM25
B003IBCJ1G,A1OJ2PZFQYGM25
B002WMYHIA,A1OJ2PZFQYGM25
B002VKNWE8,A1OJ2PZFQYGM25
B002OXCJQ4,A1OJ2PZFQYGM25
B0021UYCBU,A1OJ2PZFQYGM25
B001UJKF6E,A1OJ2PZFQYGM25
B001TGBOBI,A1OJ2PZFQYGM25
B001TER766,A1OJ2PZFQYGM25
B0013ESSII,A1OJ2PZFQYGM25
B00132AY7S,A1OJ2PZFQYGM25
B000K2AINW,A1OJ2PZFQYGM25
B000HHHM8O,A1OJ2PZFQYGM25
B000FP8CVE,A1OJ2PZFQYGM25
B000EQA4D8,A1OJ2PZFQYGM25
B000C7YAXO,A1OJ2PZFQYGM25
B00K8HVBDU,A1OJ2PZFQYGM25
B00GXVFYAQ,A1OJ2PZFQYGM25
B00EZAHG76,A1OJ2PZFQYGM25
B00DWI9PCQ,A1OJ2PZFQYGM25
B00CX9EMRS,A1OJ2PZFQYGM25
B00BT5MP7Q,A1OJ2PZFQYGM25
B00AKBI20O,A1OJ2PZFQYGM25
B008YQ4JCC,A1OJ2PZFQYGM25
B007W55J0C,A1OJ2PZFQYGM25
B004S6SFFE,A1OJ2PZFQYGM25
B004GSOIHI,A1OJ2PZFQYGM25
B004GCNNHA,A1OJ2PZFQYGM25
B00489LI4G,A1OJ2PZFQYGM25
B003VSR9T8,A1OJ2PZFQYGM25
B003TQ3RVG,A1OJ2PZFQYGM25
B003O70O0W,A1OJ2PZFQYGM25
B077ZKKBN5,A1OJ2PZFQYGM25
B07YNM6KY7,A1OJ2PZFQYGM25
4804611851,A1OJ2PZFQYGM25
B07WDHJ98W,A1OJ2PZFQYGM25
B07Y8JC12K,A1OJ2PZFQYGM25
4759818340,A1OJ2PZFQYGM25
B09NLLKJFV,A1OJ2PZFQYGM25
B07WT9X5M8,A1OJ2PZFQYGM25
4106108097,A1OJ2PZFQYGM25
B000R3Y3RQ,A1OJ2PZFQYGM25
B07WR853QB,A1OJ2PZFQYGM25
4061340123,A1OJ2PZFQYGM25
B07WLYKPBR,A1OJ2PZFQYGM25
B07TNDKX34,A1OJ2PZFQYGM25
B00CIIWMIK,A1OJ2PZFQYGM25
B07ST99S4P,A1OJ2PZFQYGM25
B0007ZL5FM,A1OJ2PZFQYGM25
B0007VTDT6,A1OJ2PZFQYGM25
B000637YUU,A1OJ2PZFQYGM25
B0824X8J79,A1OJ2PZFQYGM25
B01M9E5ZDT,A1OJ2PZFQYGM25
B001FYYEM0,A1OJ2PZFQYGM25
B01JBVH49I,A1OJ2PZFQYGM25
B0CLHG6FMW,A1OJ2PZFQYGM25
B00CA5X316,A1OJ2PZFQYGM25
B0CLHFFTDZ,A1OJ2PZFQYGM25
B0C4YS9W8L,A1OJ2PZFQYGM25
B0C1V6J4MN,A1OJ2PZFQYGM25
B0BX99KNLD,A1OJ2PZFQYGM25
B0BTMK3Q65,A1OJ2PZFQYGM25
B0BC8JK1P7,A1OJ2PZFQYGM25
B09FYG7QP3,A1OJ2PZFQYGM25
B09B2MKTFS,A1OJ2PZFQYGM25
B099LMGTSB,A1OJ2PZFQYGM25
B0992RCMFK,A1OJ2PZFQYGM25
B07XDPT58B,A1OJ2PZFQYGM25
B07X95SZWQ,A1OJ2PZFQYGM25
B07X4ZXQNZ,A1OJ2PZFQYGM25
B07X43K7KY,A1OJ2PZFQYGM25
B07WS63CYK,A1OJ2PZFQYGM25
B07WP79WW1,A1OJ2PZFQYGM25
B07W5DXDCQ,A1OJ2PZFQYGM25
B07W4NVZ1Q,A1OJ2PZFQYGM25
B07VS4TV6N,A1OJ2PZFQYGM25
B07V7J1QMN,A1OJ2PZFQYGM25
B07TXTRRPD,A1OJ2PZFQYGM25
B07TXTPT5F,A1OJ2PZFQYGM25
B07TXP6GMK,A1OJ2PZFQYGM25
B07TXFT62F,A1OJ2PZFQYGM25
B07TXDXYDX,A1OJ2PZFQYGM25
B07TWF2D46,A1OJ2PZFQYGM25
B095J9K7YN,A1OJ2PZFQYGM25
B0955P16KD,A1OJ2PZFQYGM25
B094VX529Y,A1OJ2PZFQYGM25
B094JZBW8Y,A1OJ2PZFQYGM25
B0943DGJ9W,A1OJ2PZFQYGM25
B08V19NH4Q,A1OJ2PZFQYGM25
B08J8G9WKT,A1OJ2PZFQYGM25
B08DL7J4H7,A1OJ2PZFQYGM25
B08BB9PGND,A1OJ2PZFQYGM25
B089RRFKVF,A1OJ2PZFQYGM25
B089QYRDQ7,A1OJ2PZFQYGM25
B089QY8938,A1OJ2PZFQYGM25
B089QM6RTK,A1OJ2PZFQYGM25
B088YTQW87,A1OJ2PZFQYGM25
B088SBHG6H,A1OJ2PZFQYGM25
B0889S4Z6C,A1OJ2PZFQYGM25
B087Z9GBPN,A1OJ2PZFQYGM25
B087Z153HM,A1OJ2PZFQYGM25
B087YWLFYR,A1OJ2PZFQYGM25
B087YVCY37,A1OJ2PZFQYGM25
B087YTD7KR,A1OJ2PZFQYGM25
B087YM3BG7,A1OJ2PZFQYGM25
B087CL3BW1,A1OJ2PZFQYGM25
B084WD8TT1,A1OJ2PZFQYGM25
B083QFHHG1,A1OJ2PZFQYGM25
B08291LJQZ,A1OJ2PZFQYGM25
B081NWWWTK,A1OJ2PZFQYGM25
B07ZHT1HS6,A1OJ2PZFQYGM25
B07ZG5Y1MB,A1OJ2PZFQYGM25
B07Z8XTBGB,A1OJ2PZFQYGM25
B07Z8HHVXK,A1OJ2PZFQYGM25
B07Z7GHTNK,A1OJ2PZFQYGM25
B078GL3TJQ,A1OJ2PZFQYGM25
B07SMVTVYB,A1OJ2PZFQYGM25
B00I5PPUKM,A1OJ2PZFQYGM25
B07SKH23TW,A1OJ2PZFQYGM25
B075DJVG6J,A1OJ2PZFQYGM25
B07RM2QB2Z,A1OJ2PZFQYGM25
B08GQH85VW,A1OJ2PZFQYGM25
B07QRG77PY,A1OJ2PZFQYGM25
B07X7GQKYM,A1OJ2PZFQYGM25
B07K9HF9BG,A1OJ2PZFQYGM25
B07JWCSY9H,A1OJ2PZFQYGM25
B07F1RX6M5,A1OJ2PZFQYGM25
B000C7XKSK,A1OJ2PZFQYGM25
B07BZ77SNQ,A1OJ2PZFQYGM25
1612234577,A1OJ2PZFQYGM25
B01MXJIQWA,A1OJ2PZFQYGM25
B07VZY3P82,A1OJ2PZFQYGM25
B07VYHB4LX,A1OJ2PZFQYGM25
B07VXLXDHH,A1OJ2PZFQYGM25
B07VWYPZ6F,A1OJ2PZFQYGM25
B07VVT8WP5,A1OJ2PZFQYGM25
B07VVSLGZG,A1OJ2PZFQYGM25
B07V5RY8MB,A1OJ2PZFQYGM25
B07TXWBN2V,A1OJ2PZFQYGM25
B07RC5YGVP,A1OJ2PZFQYGM25
B07R2K4GJS,A1OJ2PZFQYGM25
B07QQH6ZXX,A1OJ2PZFQYGM25
B07LCWQ26S,A1OJ2PZFQYGM25
B07L1B6SRS,A1OJ2PZFQYGM25
B077ZMWJ72,A1OJ2PZFQYGM25
B074P5X65F,A1OJ2PZFQYGM25
B01LZ4XQKT,A1OJ2PZFQYGM25
B07Z6T16LM,A1OJ2PZFQYGM25
B07YRWSQ16,A1OJ2PZFQYGM25
B07Y6JXV15,A1OJ2PZFQYGM25
B07XGJDFYN,A1OJ2PZFQYGM25
B07XDD3ZLQ,A1OJ2PZFQYGM25
B07X4ZY735,A1OJ2PZFQYGM25
B07WWKWRHX,A1OJ2PZFQYGM25
B07WTRNRS9,A1OJ2PZFQYGM25
B07WSS3YBM,A1OJ2PZFQYGM25
B07WNN75F9,A1OJ2PZFQYGM25
B07WLQRT1M,A1OJ2PZFQYGM25
B07WKSKNKJ,A1OJ2PZFQYGM25
B07WJ1SY2D,A1OJ2PZFQYGM25
B07WFWYS8K,A1OJ2PZFQYGM25
B07WFMBMW7,A1OJ2PZFQYGM25
B07W2VPY7T,A1OJ2PZFQYGM25
B01LXO2MGR,A1OJ2PZFQYGM25
B01LAXCIWS,A1OJ2PZFQYGM25
B01L9AS0SI,A1OJ2PZFQYGM25
B01L4NJKO8,A1OJ2PZFQYGM25
B01K0YDDNG,A1OJ2PZFQYGM25
B01FN3SZ0A,A1OJ2PZFQYGM25
B01ESTNMNA,A1OJ2PZFQYGM25
B01BKY80E2,A1OJ2PZFQYGM25
B0108SZJ0O,A1OJ2PZFQYGM25
B00YOJ37O4,A1OJ2PZFQYGM25
B00Y3BH25S,A1OJ2PZFQYGM25
B00XWRYLHQ,A1OJ2PZFQYGM25
B00WEWAWVY,A1OJ2PZFQYGM25
B00U6ERMN8,A1OJ2PZFQYGM25
B00R1WH62A,A1OJ2PZFQYGM25
B00R1KDKB8,A1OJ2PZFQYGM25
B00QXT0BDS,A1OJ2PZFQYGM25
B00QVYOY06,A1OJ2PZFQYGM25
B00QSCRSVS,A1OJ2PZFQYGM25
B00QSCRO76,A1OJ2PZFQYGM25
B00QKLGH8M,A1OJ2PZFQYGM25
B00PWUHQSM,A1OJ2PZFQYGM25
B00OGQUVIK,A1OJ2PZFQYGM25
B00K8OFVNY,A1OJ2PZFQYGM25
B00K8NKM8E,A1OJ2PZFQYGM25
B00H4GD0BE,A1OJ2PZFQYGM25
B00GE495KM,A1OJ2PZFQYGM25
B00DYAPBBG,A1OJ2PZFQYGM25
B00DX89OCQ,A1OJ2PZFQYGM25
B00C20LHZS,A1OJ2PZFQYGM25
B00B136RMK,A1OJ2PZFQYGM25
B00A4Z0F7E,A1OJ2PZFQYGM25
B008G33V7C,A1OJ2PZFQYGM25
B006LWJM00,A1OJ2PZFQYGM25
B006571OYI,A1OJ2PZFQYGM25
B004Z0Q4S8,A1OJ2PZFQYGM25
B004MDLY24,A1OJ2PZFQYGM25
B004J9EB1M,A1OJ2PZFQYGM25
B004D1VT9I,A1OJ2PZFQYGM25
B004AVN3Z4,A1OJ2PZFQYGM25
B0040BSJP8,A1OJ2PZFQYGM25
B003Y7XJX6,A1OJ2PZFQYGM25
B003TQ3P5E,A1OJ2PZFQYGM25
B003D3PPQK,A1OJ2PZFQYGM25
B0038ZRJ8K,A1OJ2PZFQYGM25
B002YKM93A,A1OJ2PZFQYGM25
B002VKZOYO,A1OJ2PZFQYGM25
B002L1GMX0,A1OJ2PZFQYGM25
B002EC0UCK,A1OJ2PZFQYGM25
B001UZ15WQ,A1OJ2PZFQYGM25
B001LG7U7S,A1OJ2PZFQYGM25
B001DYDM02,A1OJ2PZFQYGM25
B00129EEHI,A1OJ2PZFQYGM25
B000HC8EQ8,A1OJ2PZFQYGM25
B000H7EAZ2,A1OJ2PZFQYGM25
B000GU383K,A1OJ2PZFQYGM25
B000CMIB3E,A1OJ2PZFQYGM25
B000C81JPK,A1OJ2PZFQYGM25
B000C7Y4BW,A1OJ2PZFQYGM25
B0002HLL90,A1OJ2PZFQYGM25
4845908204,A1OJ2PZFQYGM25
B002YKE1D6,A1OJ2PZFQYGM25
B0046MMNLM,A1OJ2PZFQYGM25
B075JFNC94,A1OJ2PZFQYGM25
B089QTWT4C,A1OJ2PZFQYGM25
B000CQ6GOG,A1OJ2PZFQYGM25
4641149070,A1OJ2PZFQYGM25
B0046MKS9G,A1OJ2PZFQYGM25
B000BTI2M8,A1OJ2PZFQYGM25
B07X5J7NMB,A1OJ2PZFQYGM25
B084TCYCPH,A1OJ2PZFQYGM25
4062729687,A1OJ2PZFQYGM25
B0046MBD3G,A1OJ2PZFQYGM25
B00U4ZGQ18,A1OJ2PZFQYGM25
B084HP5TFM,A1OJ2PZFQYGM25
B0046M9F6I,A1OJ2PZFQYGM25
B07PJKVFXR,A1OJ2PZFQYGM25
B07ZPVZ3Q2,A1OJ2PZFQYGM25
B0046M7FYC,A1OJ2PZFQYGM25
B0031HMQRY,A1OJ2PZFQYGM25
B07YNWTP8B,A1OJ2PZFQYGM25
B08XNMQJVS,A1OJ2PZFQYGM25
B07Y389MT2,A1OJ2PZFQYGM25
B004QINMA2,A1OJ2PZFQYGM25
B07WVXFPBJ,A1OJ2PZFQYGM25
B0046CZKIA,A1OJ2PZFQYGM25
B07TJJLYRL,A1OJ2PZFQYGM25
B07W5R7JVB,A1OJ2PZFQYGM25
B07T1X6RTD,A1OJ2PZFQYGM25
B081VW93HX,A1OJ2PZFQYGM25
B07SKK84SW,A1OJ2PZFQYGM25
B07NWCT6C8,A1OJ2PZFQYGM25
B004UJ12UE,A1OJ2PZFQYGM25
B0C1GS9XXY,A1OJ2PZFQYGM25
B000AY2LSK,A1OJ2PZFQYGM25
B0BV6W4NYL,A1OJ2PZFQYGM25
B000189Q24,A1OJ2PZFQYGM25
B09W645K7T,A1OJ2PZFQYGM25
B09VBRZF5J,A1OJ2PZFQYGM25
B09H3JZ494,A1OJ2PZFQYGM25
B0989ZT6QM,A1OJ2PZFQYGM25
B0989ZRZRM,A1OJ2PZFQYGM25
B097QCS8HD,A1OJ2PZFQYGM25
B097CNBKF2,A1OJ2PZFQYGM25
B095H4CDLR,A1OJ2PZFQYGM25
B093LJD63W,A1OJ2PZFQYGM25
B093FM2BVV,A1OJ2PZFQYGM25
B08ZC4TW4T,A1OJ2PZFQYGM25
B07Q1G934X,A1OJ2PZFQYGM25
B0936MLX7X,A1OJ2PZFQYGM25
B075FCJQQY,A1OJ2PZFQYGM25
B091NF6J2L,A1OJ2PZFQYGM25
B01M68AYO2,A1OJ2PZFQYGM25
B00CUIP5RS,A1OJ2PZFQYGM25
B01D2IYDKY,A1OJ2PZFQYGM25
B0055DMMD0,A1OJ2PZFQYGM25
B01D2IY5V6,A1OJ2PZFQYGM25
B002ORS9KU,A1OJ2PZFQYGM25
B01D2IY458,A1OJ2PZFQYGM25
B08JPYK876,A1OJ2PZFQYGM25
B00KY3MG1Y,A1OJ2PZFQYGM25
B0823CBSW4,A1OJ2PZFQYGM25
B0058DYZ32,A1OJ2PZFQYGM25
B07D3T7B3Y,A1OJ2PZFQYGM25
B08SHMXB3Y,A1OJ2PZFQYGM25
B08LSFP3V4,A1OJ2PZFQYGM25
B08CRYH1N3,A1OJ2PZFQYGM25
B08BLMGS2X,A1OJ2PZFQYGM25
B08BK9NJYT,A1OJ2PZFQYGM25
B08B9T6WLW,A1OJ2PZFQYGM25
B08B9HNFVQ,A1OJ2PZFQYGM25
B08B8ZDH71,A1OJ2PZFQYGM25
B08B8WB7TB,A1OJ2PZFQYGM25
B089QH3794,A1OJ2PZFQYGM25
B088QP7GMG,A1OJ2PZFQYGM25
B088G2QN9L,A1OJ2PZFQYGM25
B088G11Y44,A1OJ2PZFQYGM25
B088B9KW7J,A1OJ2PZFQYGM25
B088B54XB8,A1OJ2PZFQYGM25
B0887Z5GJQ,A1OJ2PZFQYGM25
B08836KS19,A1OJ2PZFQYGM25
B0881JRK1Y,A1OJ2PZFQYGM25
B087RC9Y8L,A1OJ2PZFQYGM25
B0844KPL7J,A1OJ2PZFQYGM25
B081K8Q48V,A1OJ2PZFQYGM25
B07ZVFK8F9,A1OJ2PZFQYGM25
B07ZQQ5ZDL,A1OJ2PZFQYGM25
B07ZQP5S33,A1OJ2PZFQYGM25
B07ZQNPV2D,A1OJ2PZFQYGM25
B07ZQLZ9Q1,A1OJ2PZFQYGM25
B07Z7C4PB5,A1OJ2PZFQYGM25
B07Z1GVCBV,A1OJ2PZFQYGM25
B07YRV1FW3,A1OJ2PZFQYGM25
B07YRV168K,A1OJ2PZFQYGM25
B07YRTJ7TK,A1OJ2PZFQYGM25
B07Y9CF5CS,A1OJ2PZFQYGM25
B07Y975SHC,A1OJ2PZFQYGM25
B07XVD76TX,A1OJ2PZFQYGM25
B07XTH21F4,A1OJ2PZFQYGM25
B07XDQBBFR,A1OJ2PZFQYGM25
B07X95KZQ4,A1OJ2PZFQYGM25
B07X434LGB,A1OJ2PZFQYGM25
B07X21X1LP,A1OJ2PZFQYGM25
B07WZ9SG5V,A1OJ2PZFQYGM25
B07WNWPZCF,A1OJ2PZFQYGM25
B07WFJ8CND,A1OJ2PZFQYGM25
B07W99Q8RK,A1OJ2PZFQYGM25
B07W6MS438,A1OJ2PZFQYGM25
B07TWYHQ63,A1OJ2PZFQYGM25
B07TWYCYH7,A1OJ2PZFQYGM25
B07S783F8L,A1OJ2PZFQYGM25
B07S2LKXYY,A1OJ2PZFQYGM25
B07R4ZJTZN,A1OJ2PZFQYGM25
B07QYGFCQF,A1OJ2PZFQYGM25
B07BSZNN3M,A1OJ2PZFQYGM25
B0794T5LBY,A1OJ2PZFQYGM25
B078PZVJK9,A1OJ2PZFQYGM25
B0785MKHLR,A1OJ2PZFQYGM25
B01M7YOAO7,A1OJ2PZFQYGM25
B01M0QPCC6,A1OJ2PZFQYGM25
B01M0MGJF1,A1OJ2PZFQYGM25
B01LZI4M6S,A1OJ2PZFQYGM25
B01LXVMGRJ,A1OJ2PZFQYGM25
B01L6OCFNI,A1OJ2PZFQYGM25
B01KPRPBTC,A1OJ2PZFQYGM25
B01KHL3FSK,A1OJ2PZFQYGM25
B01K8QG4DC,A1OJ2PZFQYGM25
B01JU5TLL4,A1OJ2PZFQYGM25
B0119HFYU8,A1OJ2PZFQYGM25
B010TZRZ6C,A1OJ2PZFQYGM25
B00VL0ZRDS,A1OJ2PZFQYGM25
B00VC5550M,A1OJ2PZFQYGM25
B00TCH7IKC,A1OJ2PZFQYGM25
B00S8ST6K6,A1OJ2PZFQYGM25
B00S04KPUI,A1OJ2PZFQYGM25
B00R0DMVVG,A1OJ2PZFQYGM25
B00QVZU7L0,A1OJ2PZFQYGM25
B00QU7WSPC,A1OJ2PZFQYGM25
B00QTUE4BG,A1OJ2PZFQYGM25
B00QSFIKNK,A1OJ2PZFQYGM25
B00PUYIBDO,A1OJ2PZFQYGM25
B00ISBPT2W,A1OJ2PZFQYGM25
B00HUBJSHI,A1OJ2PZFQYGM25
B00GJJM8XI,A1OJ2PZFQYGM25
B01JLTK1VS,A1OJ2PZFQYGM25
B01IBX58GI,A1OJ2PZFQYGM25
B01IAFTUDE,A1OJ2PZFQYGM25
B01HL56FH8,A1OJ2PZFQYGM25
B01H04OCRU,A1OJ2PZFQYGM25
B01E2B7DI4,A1OJ2PZFQYGM25
B01D274M6K,A1OJ2PZFQYGM25
B01BKY86FA,A1OJ2PZFQYGM25
B01BKY838U,A1OJ2PZFQYGM25
B01B0OTWBC,A1OJ2PZFQYGM25
B0181LFAUE,A1OJ2PZFQYGM25
B016TQJ388,A1OJ2PZFQYGM25
B014G8K6YG,A1OJ2PZFQYGM25
B0145GYXR0,A1OJ2PZFQYGM25
B013ITPJ3M,A1OJ2PZFQYGM25
B012LRHYIU,A1OJ2PZFQYGM25
B00486U1WE,A1OJ2PZFQYGM25
B0047D2JB4,A1OJ2PZFQYGM25
B00400OIIG,A1OJ2PZFQYGM25
B003WQBA4Y,A1OJ2PZFQYGM25
B003OU2B7I,A1OJ2PZFQYGM25
B003NEAQKY,A1OJ2PZFQYGM25
B003K2SNPY,A1OJ2PZFQYGM25
B003K2OSIK,A1OJ2PZFQYGM25
B00387TXNW,A1OJ2PZFQYGM25
B0031HKYMS,A1OJ2PZFQYGM25
B002Z28U30,A1OJ2PZFQYGM25
B002L21NKQ,A1OJ2PZFQYGM25
B002DC4X9W,A1OJ2PZFQYGM25
B002BWDM6O,A1OJ2PZFQYGM25
B0029L08BO,A1OJ2PZFQYGM25
B0027A78TC,A1OJ2PZFQYGM25
B00DYAQ9XK,A1OJ2PZFQYGM25
B00DI0MTE4,A1OJ2PZFQYGM25
B00CIC0DUA,A1OJ2PZFQYGM25
B00CAO8ZO2,A1OJ2PZFQYGM25
B00CA6S2SE,A1OJ2PZFQYGM25
B00CA5XQXG,A1OJ2PZFQYGM25
B00BVU5OCM,A1OJ2PZFQYGM25
B00BVQ6YZM,A1OJ2PZFQYGM25
B00B3VI6N8,A1OJ2PZFQYGM25
B00AKGT2T4,A1OJ2PZFQYGM25
B00AHPFB8E,A1OJ2PZFQYGM25
B009UOM24E,A1OJ2PZFQYGM25
B009IMNGXY,A1OJ2PZFQYGM25
B007UTJTJC,A1OJ2PZFQYGM25
B007HIL2T6,A1OJ2PZFQYGM25
B005JEH2BW,A1OJ2PZFQYGM25
B001TK72ZG,A1OJ2PZFQYGM25
B001QAAADK,A1OJ2PZFQYGM25
B001EFUOVK,A1OJ2PZFQYGM25
B001DRXUXS,A1OJ2PZFQYGM25
B00104MB2A,A1OJ2PZFQYGM25
B000LF0VVW,A1OJ2PZFQYGM25
B000JKFF92,A1OJ2PZFQYGM25
B000JKDKUS,A1OJ2PZFQYGM25
B000GZKS10,A1OJ2PZFQYGM25
B000GTZMN0,A1OJ2PZFQYGM25
B000C7Y92G,A1OJ2PZFQYGM25
B000C7WPLI,A1OJ2PZFQYGM25
B000BQORSO,A1OJ2PZFQYGM25
B0006H3NOM,A1OJ2PZFQYGM25
B0002HLL8Q,A1OJ2PZFQYGM25
B0002F6TEE,A1OJ2PZFQYGM25
B0000AWZLB,A1OJ2PZFQYGM25
B0000225AO,A1OJ2PZFQYGM25
B01LYAWUNE,A1OJ2PZFQYGM25
B0764P1ZV1,A1OJ2PZFQYGM25
B01K2HRDEG,A1OJ2PZFQYGM25
B000C7UJNE,A1OJ2PZFQYGM25
B00B3KYQEM,A1OJ2PZFQYGM25
B006K8TEG2,A1OJ2PZFQYGM25
B001QD5T4W,A1OJ2PZFQYGM25
B01M4IO94U,A1OJ2PZFQYGM25
B009IU3AFA,A1OJ2PZFQYGM25
B006WQVV18,A1OJ2PZFQYGM25
B000K0V3CE,A1OJ2PZFQYGM25
B07VXX4PDJ,A1OJ2PZFQYGM25
B01HSS494O,A1OJ2PZFQYGM25
B0112N4WAW,A1OJ2PZFQYGM25
B00AKIBXMG,A1OJ2PZFQYGM25
B0C2KPY19S,A1OJ2PZFQYGM25
B08X4BCX2S,A1OJ2PZFQYGM25
B07YCTDSLK,A1OJ2PZFQYGM25
B088ND4285,A1OJ2PZFQYGM25
B082RJZDGP,A1OJ2PZFQYGM25
B085T81K86,A1OJ2PZFQYGM25
B000R3X10G,A1OJ2PZFQYGM25
B07WNXZY8Z,A1OJ2PZFQYGM25
B0BYSFP91M,A1OJ2PZFQYGM25
B07WN1K5K4,A1OJ2PZFQYGM25
B07GMVMSVR,A1OJ2PZFQYGM25
B07QKSLC6C,A1OJ2PZFQYGM25
B01DTNURFM,A1OJ2PZFQYGM25
B07F89YN6X,A1OJ2PZFQYGM25
B09NZTXD52,A1OJ2PZFQYGM25
B01M63BZUH,A1OJ2PZFQYGM25
B002CUZVL4,A1OJ2PZFQYGM25
B0885QX4M4,A1OJ2PZFQYGM25
B087Q9ZC5Q,A1OJ2PZFQYGM25
B086ZF1P4S,A1OJ2PZFQYGM25
B086ZDSRVF,A1OJ2PZFQYGM25
B085VH5CMS,A1OJ2PZFQYGM25
B085641HP2,A1OJ2PZFQYGM25
B0855KQ3PV,A1OJ2PZFQYGM25
B0843T4HK9,A1OJ2PZFQYGM25
B083QCVTZZ,A1OJ2PZFQYGM25
B0831Q8DHN,A1OJ2PZFQYGM25
B0821JDN69,A1OJ2PZFQYGM25
B081P45127,A1OJ2PZFQYGM25
B0817V955W,A1OJ2PZFQYGM25
B0816M48VK,A1OJ2PZFQYGM25
B08142CXJK,A1OJ2PZFQYGM25
B07ZYCLW1Q,A1OJ2PZFQYGM25
B07ZLTCDFD,A1OJ2PZFQYGM25
B07YMRNC4Y,A1OJ2PZFQYGM25
B07YHHRQZ9,A1OJ2PZFQYGM25
B07YG5GS64,A1OJ2PZFQYGM25
B07YCW7V93,A1OJ2PZFQYGM25
B07X7MK4M3,A1OJ2PZFQYGM25
B07X4YCQH7,A1OJ2PZFQYGM25
B07X1V95G7,A1OJ2PZFQYGM25
B07X1LCF64,A1OJ2PZFQYGM25
B07WLZ2LCJ,A1OJ2PZFQYGM25
B07WJ7FWSY,A1OJ2PZFQYGM25
B07WDGXBS6,A1OJ2PZFQYGM25
B07W86Q5Y7,A1OJ2PZFQYGM25
B07W3S41QB,A1OJ2PZFQYGM25
B07V5QF5BG,A1OJ2PZFQYGM25
B07V4QM5J4,A1OJ2PZFQYGM25
B0BYZ4KJGL,A1OJ2PZFQYGM25
B09K9TKR6J,A1OJ2PZFQYGM25
B09H3L9P4L,A1OJ2PZFQYGM25
B09F8V6RNF,A1OJ2PZFQYGM25
B09C1DT94N,A1OJ2PZFQYGM25
B08YP83NZH,A1OJ2PZFQYGM25
B08G5GKB78,A1OJ2PZFQYGM25
B08D39FWBL,A1OJ2PZFQYGM25
B08D38VHSS,A1OJ2PZFQYGM25
B08CMS5GMV,A1OJ2PZFQYGM25
B08B91QDVP,A1OJ2PZFQYGM25
B08954MYHF,A1OJ2PZFQYGM25
B08943F4LR,A1OJ2PZFQYGM25
B088RKSVKZ,A1OJ2PZFQYGM25
B08888HGFC,A1OJ2PZFQYGM25
B0887T1QF6,A1OJ2PZFQYGM25
B07DDDZSQ7,A1OJ2PZFQYGM25
B07D7RMWY8,A1OJ2PZFQYGM25
B07875M5DK,A1OJ2PZFQYGM25
B0725ZSXC8,A1OJ2PZFQYGM25
B06WP28V75,A1OJ2PZFQYGM25
B01N1PT4F3,A1OJ2PZFQYGM25
B01MPZEHO6,A1OJ2PZFQYGM25
B01M6TNBY0,A1OJ2PZFQYGM25
B01M2CWY7Z,A1OJ2PZFQYGM25
B01LZXLD2N,A1OJ2PZFQYGM25
B01LWV2WRR,A1OJ2PZFQYGM25
B01KPRPBHO,A1OJ2PZFQYGM25
B01KNESQ5I,A1OJ2PZFQYGM25
B01KNESPGS,A1OJ2PZFQYGM25
B01KNDHU38,A1OJ2PZFQYGM25
B01K4DECQA,A1OJ2PZFQYGM25
B07TY2KBXM,A1OJ2PZFQYGM25
B07TY2HV8L,A1OJ2PZFQYGM25
B07TWYJ8G2,A1OJ2PZFQYGM25
B07TWYJ1P5,A1OJ2PZFQYGM25
B07TWYHQ71,A1OJ2PZFQYGM25
B07TWYGMKZ,A1OJ2PZFQYGM25
B07TWYFWYZ,A1OJ2PZFQYGM25
B07T8GGNVY,A1OJ2PZFQYGM25
B07T7WP7BF,A1OJ2PZFQYGM25
B07SZ1VBKS,A1OJ2PZFQYGM25
B07S3KZ31Y,A1OJ2PZFQYGM25
B07R1HV6L9,A1OJ2PZFQYGM25
B07QX8YB73,A1OJ2PZFQYGM25
B07NW4XW6W,A1OJ2PZFQYGM25
B07NJ35WMG,A1OJ2PZFQYGM25
B07MV53FXJ,A1OJ2PZFQYGM25
B00R0TIYMA,A1OJ2PZFQYGM25
B00R0O0QTE,A1OJ2PZFQYGM25
B00QZBUZIU,A1OJ2PZFQYGM25
B00QSK3IY6,A1OJ2PZFQYGM25
B00QSBW2FQ,A1OJ2PZFQYGM25
B00QPCI0EA,A1OJ2PZFQYGM25
B00QL5KMBK,A1OJ2PZFQYGM25
B00PV3T8BI,A1OJ2PZFQYGM25
B00OWAQBD4,A1OJ2PZFQYGM25
B00N4DLFWC,A1OJ2PZFQYGM25
B00LX2135K,A1OJ2PZFQYGM25
B00K69STQC,A1OJ2PZFQYGM25
B00K20F41S,A1OJ2PZFQYGM25
B00IT6RS3E,A1OJ2PZFQYGM25
B00H145BGG,A1OJ2PZFQYGM25
B00GDUETVC,A1OJ2PZFQYGM25
B07GXSM175,A1OJ2PZFQYGM25
B00CPSUXCK,A1OJ2PZFQYGM25
B07FPFD1J8,A1OJ2PZFQYGM25
B003M94PGQ,A1OJ2PZFQYGM25
B077F6RD4F,A1OJ2PZFQYGM25
B07WX1CG3L,A1OJ2PZFQYGM25
B077BNHJYW,A1OJ2PZFQYGM25
B07GNTPJGQ,A1OJ2PZFQYGM25
B01HSDHTDC,A1OJ2PZFQYGM25
B06XKNW9D8,A1OJ2PZFQYGM25
B01DTAZT94,A1OJ2PZFQYGM25
B00BGWN800,A1OJ2PZFQYGM25
B00LXMLGTI,A1OJ2PZFQYGM25
B095Y78HXH,A1OJ2PZFQYGM25
B00K48F2RO,A1OJ2PZFQYGM25
B07Y3VZYM9,A1OJ2PZFQYGM25
B00F6WHYTW,A1OJ2PZFQYGM25
B00F0FTJRA,A1OJ2PZFQYGM25
B00AKIAXTU,A1OJ2PZFQYGM25
B00A1BRYCU,A1OJ2PZFQYGM25
B008BD0V6Q,A1OJ2PZFQYGM25
B005HNW15M,A1OJ2PZFQYGM25
B0055DN7IE,A1OJ2PZFQYGM25
B00508ZUOI,A1OJ2PZFQYGM25
B004Y1PLVY,A1OJ2PZFQYGM25
B004IBVALU,A1OJ2PZFQYGM25
B004IARK6A,A1OJ2PZFQYGM25
B004C0XQWI,A1OJ2PZFQYGM25
B003RUA5LE,A1OJ2PZFQYGM25
B003OBNENC,A1OJ2PZFQYGM25
B00315PMHM,A1OJ2PZFQYGM25
B002VJ0198,A1OJ2PZFQYGM25
B01IFHCW7S,A1OJ2PZFQYGM25
B01IAFTX22,A1OJ2PZFQYGM25
B01DNX659U,A1OJ2PZFQYGM25
B01CN3ASH6,A1OJ2PZFQYGM25
B01BNCJZKY,A1OJ2PZFQYGM25
B01BM7LKKI,A1OJ2PZFQYGM25
B01B8LXOSO,A1OJ2PZFQYGM25
B019Z093GM,A1OJ2PZFQYGM25
B017EMYCPU,A1OJ2PZFQYGM25
B015UI7JBO,A1OJ2PZFQYGM25
B0100WC91U,A1OJ2PZFQYGM25
B00Z8BRXOW,A1OJ2PZFQYGM25
B00U58YWO2,A1OJ2PZFQYGM25
B00SNZ56Q2,A1OJ2PZFQYGM25
B00R1NFRAC,A1OJ2PZFQYGM25
B00R163DPA,A1OJ2PZFQYGM25
B001GSSOGM,A1OJ2PZFQYGM25
B08B8WZSW9,A1OJ2PZFQYGM25
B00005LE3N,A1OJ2PZFQYGM25
B08SHYB86M,A1OJ2PZFQYGM25
4581063779,A1OJ2PZFQYGM25
B089VXGWPZ,A1OJ2PZFQYGM25
B01K0JKXMK,A1OJ2PZFQYGM25
4422930842,A1OJ2PZFQYGM25
B085TBVY5P,A1OJ2PZFQYGM25
B01IRDB4JW,A1OJ2PZFQYGM25
B07ZQ2DQS1,A1OJ2PZFQYGM25
B000R3SGGU,A1OJ2PZFQYGM25
B07WR7K8NC,A1OJ2PZFQYGM25
B09SB57CP1,A1OJ2PZFQYGM25
B07WPL67WY,A1OJ2PZFQYGM25
B003XT5IVG,A1OJ2PZFQYGM25
B002MCZFC2,A1OJ2PZFQYGM25
B002M7FHOI,A1OJ2PZFQYGM25
B002HW05SG,A1OJ2PZFQYGM25
B0028CMMKO,A1OJ2PZFQYGM25
B001QABXD6,A1OJ2PZFQYGM25
B001I82OE8,A1OJ2PZFQYGM25
B001D4BYHU,A1OJ2PZFQYGM25
B001APY802,A1OJ2PZFQYGM25
B0012PQ6UK,A1OJ2PZFQYGM25
B000X97EEI,A1OJ2PZFQYGM25
B000K2CAN8,A1OJ2PZFQYGM25
B000K2C9J8,A1OJ2PZFQYGM25
B000H8HDAU,A1OJ2PZFQYGM25
B000EHU52M,A1OJ2PZFQYGM25
B0002E2Q2O,A1OJ2PZFQYGM25
B0001VK6RA,A1OJ2PZFQYGM25
B000G01UPS,A1OJ2PZFQYGM25
B00TW24IPK,A1OJ2PZFQYGM25
B002ZD6ZSG,A1OJ2PZFQYGM25
B01IUBKRFS,A1OJ2PZFQYGM25
B01M65DCZV,A1OJ2PZFQYGM25
B007SIVH9U,A1OJ2PZFQYGM25
1946669369,A1OJ2PZFQYGM25
B0BX96MCFZ,A1OJ2PZFQYGM25
B01LLXGN8W,A1OJ2PZFQYGM25
B01IBX6BA0,A1OJ2PZFQYGM25
B012E79XCC,A1OJ2PZFQYGM25
B0065XT1II,A1OJ2PZFQYGM25
B004RDOHMS,A1OJ2PZFQYGM25
B001NF9LT2,A1OJ2PZFQYGM25
B0BJKGNBJ4,A1OJ2PZFQYGM25
B09PCBJYZP,A1OJ2PZFQYGM25
B088LMJ97Z,A1OJ2PZFQYGM25
B0889VTWP1,A1OJ2PZFQYGM25
B087MZ17Z6,A1OJ2PZFQYGM25
B087H9KQCF,A1OJ2PZFQYGM25
B0878ZFYK8,A1OJ2PZFQYGM25
B08779BGDD,A1OJ2PZFQYGM25
B0871N3X6P,A1OJ2PZFQYGM25
B086ZYJKW9,A1OJ2PZFQYGM25
B07ZZLFZSL,A1OJ2PZFQYGM25
B07ZR6VJFS,A1OJ2PZFQYGM25
B07ZQNDFD3,A1OJ2PZFQYGM25
B07ZPF6CRQ,A1OJ2PZFQYGM25
B07ZK6B5PR,A1OJ2PZFQYGM25
B07ZJ5VBVY,A1OJ2PZFQYGM25
B07Z5GG94V,A1OJ2PZFQYGM25
B07Z279SGS,A1OJ2PZFQYGM25
B097RGRTDD,A1OJ2PZFQYGM25
B097JRRM8D,A1OJ2PZFQYGM25
B0978R1HFW,A1OJ2PZFQYGM25
B095XLGT1Q,A1OJ2PZFQYGM25
B08YS7H46L,A1OJ2PZFQYGM25
B08XMB9J1M,A1OJ2PZFQYGM25
B08X7K1821,A1OJ2PZFQYGM25
B08VZTTJ4M,A1OJ2PZFQYGM25
B08VZHCBZW,A1OJ2PZFQYGM25
B08VZ12BWS,A1OJ2PZFQYGM25
B08LSR8GJH,A1OJ2PZFQYGM25
B08FRQP41S,A1OJ2PZFQYGM25
B08F2XMWKH,A1OJ2PZFQYGM25
B08DL8YWFS,A1OJ2PZFQYGM25
B08B8X2P1M,A1OJ2PZFQYGM25
B08B8WJFRB,A1OJ2PZFQYGM25
B07YY49XXH,A1OJ2PZFQYGM25
B07YRXBY3V,A1OJ2PZFQYGM25
B07YLWNH77,A1OJ2PZFQYGM25
B07YCW3B31,A1OJ2PZFQYGM25
B07Y39676T,A1OJ2PZFQYGM25
B07Y1WSD3L,A1OJ2PZFQYGM25
B07XZ2CB3K,A1OJ2PZFQYGM25
B07XV843W7,A1OJ2PZFQYGM25
B07XV6YWCF,A1OJ2PZFQYGM25
B07XL4J9QZ,A1OJ2PZFQYGM25
B07XKYT764,A1OJ2PZFQYGM25
B07XG11ZRZ,A1OJ2PZFQYGM25
B07XCZBH7W,A1OJ2PZFQYGM25
B07XCGWRTP,A1OJ2PZFQYGM25
B07X85JSZX,A1OJ2PZFQYGM25
B07X6V393L,A1OJ2PZFQYGM25
B07WY4YFWR,A1OJ2PZFQYGM25
B07WXJDWT5,A1OJ2PZFQYGM25
B07WH4F2SF,A1OJ2PZFQYGM25
B07W6HXYJK,A1OJ2PZFQYGM25
B07VYVVWLK,A1OJ2PZFQYGM25
B07VWBWRNN,A1OJ2PZFQYGM25
B07VV6383H,A1OJ2PZFQYGM25
B07TY2M5YQ,A1OJ2PZFQYGM25
B07TY2FPDS,A1OJ2PZFQYGM25
B07PNK4SFT,A1OJ2PZFQYGM25
B07NZ47JHC,A1OJ2PZFQYGM25
B07NJC1VXW,A1OJ2PZFQYGM25
B07G1DSJQR,A1OJ2PZFQYGM25
B07FR4JW9T,A1OJ2PZFQYGM25
B079Z47FNZ,A1OJ2PZFQYGM25
B07595SP54,A1OJ2PZFQYGM25
B01M4P6CQ1,A1OJ2PZFQYGM25
B01LW0DOSN,A1OJ2PZFQYGM25
B01KCFIQ12,A1OJ2PZFQYGM25
B01IPOF9GW,A1OJ2PZFQYGM25
B01IAFU2KO,A1OJ2PZFQYGM25
B01IAFTY3U,A1OJ2PZFQYGM25
B01IAFTU8Y,A1OJ2PZFQYGM25
B01HQVV3FG,A1OJ2PZFQYGM25
B01AZVJ08G,A1OJ2PZFQYGM25
B014LTK6CC,A1OJ2PZFQYGM25
B0144PLVYU,A1OJ2PZFQYGM25
B013J8C3NQ,A1OJ2PZFQYGM25
B00WIOCRIY,A1OJ2PZFQYGM25
B00VV5EBG2,A1OJ2PZFQYGM25
B00TH5HTL2,A1OJ2PZFQYGM25
B00S5TI8CA,A1OJ2PZFQYGM25
B00RCK2F18,A1OJ2PZFQYGM25
B00R0DP4ME,A1OJ2PZFQYGM25
B00R07KB0A,A1OJ2PZFQYGM25
B00QZFS03S,A1OJ2PZFQYGM25
B00QXMBW56,A1OJ2PZFQYGM25
B00QU3T3QI,A1OJ2PZFQYGM25
B00PV463VA,A1OJ2PZFQYGM25
B00O6C8E6A,A1OJ2PZFQYGM25
B00NC3YM24,A1OJ2PZFQYGM25
B00MBVE2YQ,A1OJ2PZFQYGM25
B00KOMT9GU,A1OJ2PZFQYGM25
B00IQ6KABO,A1OJ2PZFQYGM25
B00GXEMKBO,A1OJ2PZFQYGM25
B00GFT31LA,A1OJ2PZFQYGM25
B00D43EVUU,A1OJ2PZFQYGM25
B00CRN0ECW,A1OJ2PZFQYGM25
B00CMXRK1A,A1OJ2PZFQYGM25
B00AJWKKWW,A1OJ2PZFQYGM25
B00AFSVNLC,A1OJ2PZFQYGM25
B006H9R0UQ,A1OJ2PZFQYGM25
B006FD32KG,A1OJ2PZFQYGM25
B005CNO14G,A1OJ2PZFQYGM25
B00531VKDM,A1OJ2PZFQYGM25
B004S6WB0E,A1OJ2PZFQYGM25
B004QOITSG,A1OJ2PZFQYGM25
B004GBAUOA,A1OJ2PZFQYGM25
B0041Q3Z6A,A1OJ2PZFQYGM25
B0041CAIIW,A1OJ2PZFQYGM25
B003WSQVCI,A1OJ2PZFQYGM25
B003QNVSG8,A1OJ2PZFQYGM25
B003K2ORUY,A1OJ2PZFQYGM25
B003EMZ0B0,A1OJ2PZFQYGM25
B003AC1GQC,A1OJ2PZFQYGM25
B002NGSI9O,A1OJ2PZFQYGM25
B001THAO5O,A1OJ2PZFQYGM25
B001PD2L44,A1OJ2PZFQYGM25
B0015G9K54,A1OJ2PZFQYGM25
B000WJJC3K,A1OJ2PZFQYGM25
B000VW0HVO,A1OJ2PZFQYGM25
B000UK6SPG,A1OJ2PZFQYGM25
B000PRY5KY,A1OJ2PZFQYGM25
B000H6QRZ4,A1OJ2PZFQYGM25
B000EQA4VU,A1OJ2PZFQYGM25
B000C7Z7J0,A1OJ2PZFQYGM25
B00009R7UE,A1OJ2PZFQYGM25
4866240075,A1OJ2PZFQYGM25
B09SQGSSCD,A1OJ2PZFQYGM25
B07VVHTMHZ,A1OJ2PZFQYGM25
B01J3APXHM,A1OJ2PZFQYGM25
4797395575,A1OJ2PZFQYGM25
B002YK7BME,A1OJ2PZFQYGM25
B004326EYW,A1OJ2PZFQYGM25
B01BH8TNPG,A1OJ2PZFQYGM25
479422429X,A1OJ2PZFQYGM25
B07L33DZCP,A1OJ2PZFQYGM25
B003YGC7OO,A1OJ2PZFQYGM25
4776612429,A1OJ2PZFQYGM25
B00HVJ3FM8,A1OJ2PZFQYGM25
4776213125,A1OJ2PZFQYGM25
B002YKE0YG,A1OJ2PZFQYGM25
4424636399,A1OJ2PZFQYGM25
B07WHNCT7D,A1OJ2PZFQYGM25
4334038891,A1OJ2PZFQYGM25
B07K6LX5SL,A1OJ2PZFQYGM25
4091920624,A1OJ2PZFQYGM25
B00CBE673W,A1OJ2PZFQYGM25
4053052513,A1OJ2PZFQYGM25
B08FSLYG6N,A1OJ2PZFQYGM25
4010347368,A1OJ2PZFQYGM25
B07QD2DTBZ,A1OJ2PZFQYGM25
B0C4DBFJCG,A1OJ2PZFQYGM25
B091SJFPSW,A1OJ2PZFQYGM25
B0911HRLSX,A1OJ2PZFQYGM25
B01IPQMXU0,A1OJ2PZFQYGM25
B000X6AH40,A1OJ2PZFQYGM25
B0006GZ39G,A1OJ2PZFQYGM25
B0BXMPXYMF,A1OJ2PZFQYGM25
B08667QBLQ,A1OJ2PZFQYGM25
B07HPCN63D,A1OJ2PZFQYGM25
B079SHCTQY,A1OJ2PZFQYGM25
B002U4QIBY,A1OJ2PZFQYGM25
B000BQ4WHK,A1OJ2PZFQYGM25
B0BZ5FN8S3,A1OJ2PZFQYGM25
B0BRT5LGJX,A1OJ2PZFQYGM25
B0BP9SZ8N2,A1OJ2PZFQYGM25
B0BKQ4T2XR,A1OJ2PZFQYGM25
B0BJRPVWRL,A1OJ2PZFQYGM25
B09ZQFJ3B9,A1OJ2PZFQYGM25
B09KG59GPS,A1OJ2PZFQYGM25
B09H3JG2V2,A1OJ2PZFQYGM25
B09H3FFTVR,A1OJ2PZFQYGM25
B09FKZZFJY,A1OJ2PZFQYGM25
B097RW8GVG,A1OJ2PZFQYGM25
B096MJD345,A1OJ2PZFQYGM25
B095CTVT8S,A1OJ2PZFQYGM25
B095CR96Q1,A1OJ2PZFQYGM25
B0923CMMX8,A1OJ2PZFQYGM25
B08ZMFMTZD,A1OJ2PZFQYGM25
B08Z65Z9MF,A1OJ2PZFQYGM25
B08YS7JD5J,A1OJ2PZFQYGM25
B08R1SV2Y7,A1OJ2PZFQYGM25
B08M4FJCY8,A1OJ2PZFQYGM25
B08L9YCHP8,A1OJ2PZFQYGM25
B08BDH2QHL,A1OJ2PZFQYGM25
B089KM4Y5G,A1OJ2PZFQYGM25
B089JQD2L7,A1OJ2PZFQYGM25
B088D8JHZ5,A1OJ2PZFQYGM25
B088CRR7KS,A1OJ2PZFQYGM25
B003YZ6VEC,A1OJ2PZFQYGM25
B081Z1B11F,A1OJ2PZFQYGM25
490628230X,A1OJ2PZFQYGM25
B0842THG5D,A1OJ2PZFQYGM25
B07WV63ZPV,A1OJ2PZFQYGM25
B003V091XI,A1OJ2PZFQYGM25
B07XC21WNY,A1OJ2PZFQYGM25
B07YX98427,A1OJ2PZFQYGM25
4896328175,A1OJ2PZFQYGM25
B07W4SGQLD,A1OJ2PZFQYGM25
B000XPO2R4,A1OJ2PZFQYGM25
B07WCVGZ2B,A1OJ2PZFQYGM25
4896328167,A1OJ2PZFQYGM25
B015NS24MK,A1OJ2PZFQYGM25
B07VZNM3QN,A1OJ2PZFQYGM25
B07WCV8RKN,A1OJ2PZFQYGM25
B07R4NPCQV,A1OJ2PZFQYGM25
B07QQGC7J2,A1OJ2PZFQYGM25
B07QNC5TYB,A1OJ2PZFQYGM25
B07NSNK3LQ,A1OJ2PZFQYGM25
B07N481XL8,A1OJ2PZFQYGM25
B01N3XN3QB,A1OJ2PZFQYGM25
B01N02IFYP,A1OJ2PZFQYGM25
B01M8OCF1T,A1OJ2PZFQYGM25
B01M7PJXY8,A1OJ2PZFQYGM25
B01M11APVW,A1OJ2PZFQYGM25
B01LXP6ILX,A1OJ2PZFQYGM25
B01LBADXPG,A1OJ2PZFQYGM25
B01LBAB9JS,A1OJ2PZFQYGM25
B01KCFIQ1M,A1OJ2PZFQYGM25
B01KCFIQ0S,A1OJ2PZFQYGM25
B01JUVVIR8,A1OJ2PZFQYGM25
B01JPI52G4,A1OJ2PZFQYGM25
B01HZWUAVE,A1OJ2PZFQYGM25
B01G9WGQUU,A1OJ2PZFQYGM25
B01CSDKCIG,A1OJ2PZFQYGM25
B018ZA4UZ2,A1OJ2PZFQYGM25
B018L45EEI,A1OJ2PZFQYGM25
B016TQL93K,A1OJ2PZFQYGM25
B015T988KU,A1OJ2PZFQYGM25
B014VA9ALY,A1OJ2PZFQYGM25
B0117MVB84,A1OJ2PZFQYGM25
B0100VIYJ2,A1OJ2PZFQYGM25
B00YD7C1LM,A1OJ2PZFQYGM25
B00Y7P6NJQ,A1OJ2PZFQYGM25
B00U7VOCTC,A1OJ2PZFQYGM25
B00SXH0W6O,A1OJ2PZFQYGM25
B00SG7DFDI,A1OJ2PZFQYGM25
B00R22NGD2,A1OJ2PZFQYGM25
B00R0USH76,A1OJ2PZFQYGM25
B00QZ741CA,A1OJ2PZFQYGM25
B00QU3RNC4,A1OJ2PZFQYGM25
B00QT4YPJS,A1OJ2PZFQYGM25
B00QK6U92C,A1OJ2PZFQYGM25
B00ND4OYI4,A1OJ2PZFQYGM25
B00M0X46EG,A1OJ2PZFQYGM25
B00M0WYH1O,A1OJ2PZFQYGM25
B00GH2XAN4,A1OJ2PZFQYGM25
B00GH2W2BK,A1OJ2PZFQYGM25
B00GGRAHFO,A1OJ2PZFQYGM25
B00CDT3HGU,A1OJ2PZFQYGM25
B00CA65PJI,A1OJ2PZFQYGM25
B00C5TGES6,A1OJ2PZFQYGM25
B00BT5HR8I,A1OJ2PZFQYGM25
B00BSLR9Y0,A1OJ2PZFQYGM25
B009YQT9FI,A1OJ2PZFQYGM25
B00945WHKS,A1OJ2PZFQYGM25
B009201G2A,A1OJ2PZFQYGM25
B008O1F23M,A1OJ2PZFQYGM25
B005KBUSMY,A1OJ2PZFQYGM25
B0057HFLR8,A1OJ2PZFQYGM25
B0052BEAOO,A1OJ2PZFQYGM25
B00529X7B8,A1OJ2PZFQYGM25
B004V4GYYW,A1OJ2PZFQYGM25
B004UX871W,A1OJ2PZFQYGM25
B004S6TBC0,A1OJ2PZFQYGM25
B004LOH86A,A1OJ2PZFQYGM25
B004IUIULO,A1OJ2PZFQYGM25
B004HDZU92,A1OJ2PZFQYGM25
B004BV9TP6,A1OJ2PZFQYGM25
B0885HXKSC,A1OJ2PZFQYGM25
B0868ZG544,A1OJ2PZFQYGM25
B084CWCKBC,A1OJ2PZFQYGM25
B083ZMK8LC,A1OJ2PZFQYGM25
B0833CWGYD,A1OJ2PZFQYGM25
B0832J2L8J,A1OJ2PZFQYGM25
B082QWSBZQ,A1OJ2PZFQYGM25
B082KGR838,A1OJ2PZFQYGM25
B07ZVZ6FQT,A1OJ2PZFQYGM25
B07Z5G9GV1,A1OJ2PZFQYGM25
B07Z1HHLZ1,A1OJ2PZFQYGM25
B07YZD4NH2,A1OJ2PZFQYGM25
B07YSYHBQF,A1OJ2PZFQYGM25
B07YQQSHGK,A1OJ2PZFQYGM25
B07XYGK74D,A1OJ2PZFQYGM25
B07XSKB8HM,A1OJ2PZFQYGM25
B0044TTXB0,A1OJ2PZFQYGM25
B0040C1SQY,A1OJ2PZFQYGM25
B003TPUK7G,A1OJ2PZFQYGM25
B003O68OSW,A1OJ2PZFQYGM25
B003MYVQCW,A1OJ2PZFQYGM25
B003LTOSK0,A1OJ2PZFQYGM25
B003IXHJIM,A1OJ2PZFQYGM25
B003DQVIMC,A1OJ2PZFQYGM25
B003A16BQI,A1OJ2PZFQYGM25
B0038A42XK,A1OJ2PZFQYGM25
B00362ON34,A1OJ2PZFQYGM25
B002YFHR3M,A1OJ2PZFQYGM25
B002X794MI,A1OJ2PZFQYGM25
B002VJ1HO6,A1OJ2PZFQYGM25
B002LHGHNY,A1OJ2PZFQYGM25
B002FB8DYM,A1OJ2PZFQYGM25
B07XPDWHS5,A1OJ2PZFQYGM25
B07XLW73YR,A1OJ2PZFQYGM25
B07X2LPDRF,A1OJ2PZFQYGM25
B07X1L1SJ2,A1OJ2PZFQYGM25
B07WWHYXJP,A1OJ2PZFQYGM25
B07WQ219LW,A1OJ2PZFQYGM25
B07WJ5FLS3,A1OJ2PZFQYGM25
B07WJ4C6MS,A1OJ2PZFQYGM25
B07WJ32K27,A1OJ2PZFQYGM25
B07WH3NV72,A1OJ2PZFQYGM25
B07WH24TKC,A1OJ2PZFQYGM25
B07WH1N2PM,A1OJ2PZFQYGM25
B07WH1MKFZ,A1OJ2PZFQYGM25
B07VXX6DCD,A1OJ2PZFQYGM25
B07TWYJ8FW,A1OJ2PZFQYGM25
B07SZ17YVY,A1OJ2PZFQYGM25
B002CSF2BA,A1OJ2PZFQYGM25
B0021Z894G,A1OJ2PZFQYGM25
B001WZ68VW,A1OJ2PZFQYGM25
B001TA6UQS,A1OJ2PZFQYGM25
B001S05G7S,A1OJ2PZFQYGM25
B001PZ9GQI,A1OJ2PZFQYGM25
B001FB6JHQ,A1OJ2PZFQYGM25
B001E0JLD2,A1OJ2PZFQYGM25
B001DSR6FA,A1OJ2PZFQYGM25
B001AXF28G,A1OJ2PZFQYGM25
B0019MOJJ6,A1OJ2PZFQYGM25
B000CQ22D0,A1OJ2PZFQYGM25
B0000DD2UT,A1OJ2PZFQYGM25
B07ZYN32G3,A1OJ2PZFQYGM25
4061598740,A1OJ2PZFQYGM25
B0B1Q1CKDZ,A1OJ2PZFQYGM25
404897419X,A1OJ2PZFQYGM25
B01M3NXJF3,A1OJ2PZFQYGM25
B00BMU7LAO,A1OJ2PZFQYGM25
B0014SW6RW,A1OJ2PZFQYGM25
B07XCW9345,A1OJ2PZFQYGM25
B00AKIBL32,A1OJ2PZFQYGM25
B0C3FBHRXL,A1OJ2PZFQYGM25
B0992N85QZ,A1OJ2PZFQYGM25
B08XPQMJ7W,A1OJ2PZFQYGM25
B07XNLGG5X,A1OJ2PZFQYGM25
B001N2CXTA,A1OJ2PZFQYGM25
B00005B8JM,A1OJ2PZFQYGM25
B07RJZKYC3,A1OJ2PZFQYGM25
B01B9A3JIY,A1OJ2PZFQYGM25
B00FQ569U4,A1OJ2PZFQYGM25
B07XF5J89Y,A1OJ2PZFQYGM25
B08GG8Q6D3,A1OJ2PZFQYGM25
B07WSV1QJS,A1OJ2PZFQYGM25
4816366830,A1OJ2PZFQYGM25
B0983QM787,A1OJ2PZFQYGM25
B01J3AQ8QC,A1OJ2PZFQYGM25
4799110888,A1OJ2PZFQYGM25
B09X1FS4YM,A1OJ2PZFQYGM25
B002X3H3OI,A1OJ2PZFQYGM25
4635049418,A1OJ2PZFQYGM25
B08YRMDQDY,A1OJ2PZFQYGM25
4537217154,A1OJ2PZFQYGM25
B07B9T6F67,A1OJ2PZFQYGM25
4309207030,A1OJ2PZFQYGM25
B08P33V72C,A1OJ2PZFQYGM25
B08KWVJTQJ,A1OJ2PZFQYGM25
B08KPJBB9T,A1OJ2PZFQYGM25
B08DP5VX9Z,A1OJ2PZFQYGM25
B08B8XQV97,A1OJ2PZFQYGM25
B08B8WV5W7,A1OJ2PZFQYGM25
B08972NBG9,A1OJ2PZFQYGM25
B088TJJWHZ,A1OJ2PZFQYGM25
B0883FNSFJ,A1OJ2PZFQYGM25
B0881983M2,A1OJ2PZFQYGM25
B085JX9D11,A1OJ2PZFQYGM25
B084WDHX76,A1OJ2PZFQYGM25
B084WDDX5S,A1OJ2PZFQYGM25
B084WD9L2H,A1OJ2PZFQYGM25
B084WD7T1P,A1OJ2PZFQYGM25
B084WD3P2C,A1OJ2PZFQYGM25
B0055DSII8,A1OJ2PZFQYGM25
B000DZF82C,A1OJ2PZFQYGM25
B0C6J3VH7Q,A1OJ2PZFQYGM25
B0C3V57N78,A1OJ2PZFQYGM25
B0BYJFT2BC,A1OJ2PZFQYGM25
B0BVTVGTNY,A1OJ2PZFQYGM25
B0B6Y1CNLT,A1OJ2PZFQYGM25
B09Z38YXXT,A1OJ2PZFQYGM25
B09H3KG34C,A1OJ2PZFQYGM25
B09H3J2HV8,A1OJ2PZFQYGM25
B09B1TNTT7,A1OJ2PZFQYGM25
B09681R8TT,A1OJ2PZFQYGM25
B095LCR5Q7,A1OJ2PZFQYGM25
B092PN9Z1P,A1OJ2PZFQYGM25
B08YK3VZ4W,A1OJ2PZFQYGM25
B08SHFWH1F,A1OJ2PZFQYGM25
B07X3MLZ2Q,A1OJ2PZFQYGM25
B07X1TXNDP,A1OJ2PZFQYGM25
B07WZQ5VTC,A1OJ2PZFQYGM25
B07WZLNCB7,A1OJ2PZFQYGM25
B07WWJB71J,A1OJ2PZFQYGM25
B07WTX68F6,A1OJ2PZFQYGM25
B07WRBPX5S,A1OJ2PZFQYGM25
B07WHZWRKQ,A1OJ2PZFQYGM25
B07WDJ2F7B,A1OJ2PZFQYGM25
B07VW8M3KP,A1OJ2PZFQYGM25
B07VPWL427,A1OJ2PZFQYGM25
B07TWYCT8Z,A1OJ2PZFQYGM25
B07SR12H8Y,A1OJ2PZFQYGM25
B07RTHMDHD,A1OJ2PZFQYGM25
B07QH8JC17,A1OJ2PZFQYGM25
B07PH7JYKP,A1OJ2PZFQYGM25
B07NJ4PN95,A1OJ2PZFQYGM25
B07NJ33FX4,A1OJ2PZFQYGM25
B07M6GHB1Z,A1OJ2PZFQYGM25
B07L3XNRWD,A1OJ2PZFQYGM25
B07JP724RY,A1OJ2PZFQYGM25
B07H8RYR64,A1OJ2PZFQYGM25
B07BQV2X7Y,A1OJ2PZFQYGM25
B07B54L7CX,A1OJ2PZFQYGM25
B078PRVJFC,A1OJ2PZFQYGM25
B078F148BT,A1OJ2PZFQYGM25
B01N75AUG3,A1OJ2PZFQYGM25
B01M4JI00Q,A1OJ2PZFQYGM25
B01M11MXL6,A1OJ2PZFQYGM25
B01LY5FT9R,A1OJ2PZFQYGM25
B01LF11EX4,A1OJ2PZFQYGM25
B01L9IIH9W,A1OJ2PZFQYGM25
B01L4KBFG2,A1OJ2PZFQYGM25
B01L0MB70I,A1OJ2PZFQYGM25
B01ITO6NYK,A1OJ2PZFQYGM25
B01IAFTVZG,A1OJ2PZFQYGM25
B01IA984CS,A1OJ2PZFQYGM25
B01HG1N51G,A1OJ2PZFQYGM25
B01CXC0822,A1OJ2PZFQYGM25
B01B4LTITM,A1OJ2PZFQYGM25
B01AX7G2N8,A1OJ2PZFQYGM25
B017082I4U,A1OJ2PZFQYGM25
B016YS6V2M,A1OJ2PZFQYGM25
B016N717NM,A1OJ2PZFQYGM25
B0163IA1W4,A1OJ2PZFQYGM25
B013RFRYQW,A1OJ2PZFQYGM25
B012WZOOSE,A1OJ2PZFQYGM25
B012WZNO6M,A1OJ2PZFQYGM25
B012U0EGTS,A1OJ2PZFQYGM25
B0100Z0Q58,A1OJ2PZFQYGM25
B00Y7PBYWC,A1OJ2PZFQYGM25
B00XBMD6N2,A1OJ2PZFQYGM25
B00WM8MM6I,A1OJ2PZFQYGM25
B00R04XYZW,A1OJ2PZFQYGM25
B00R04JBQS,A1OJ2PZFQYGM25
B00QW6E6GK,A1OJ2PZFQYGM25
B00QW1YHJQ,A1OJ2PZFQYGM25
B00QURX44G,A1OJ2PZFQYGM25
B00PUPQ5M2,A1OJ2PZFQYGM25
B00O1GOY92,A1OJ2PZFQYGM25
B00KMWBHHQ,A1OJ2PZFQYGM25
B00HSMDC3U,A1OJ2PZFQYGM25
B00HSJFQWI,A1OJ2PZFQYGM25
B00E80PMAQ,A1OJ2PZFQYGM25
B00DZHKNPM,A1OJ2PZFQYGM25
B00DYFS0JQ,A1OJ2PZFQYGM25
B00DYAG73C,A1OJ2PZFQYGM25
B00B3RH7S2,A1OJ2PZFQYGM25
B00942O4NO,A1OJ2PZFQYGM25
B007CVG1GC,A1OJ2PZFQYGM25
B007BH41LE,A1OJ2PZFQYGM25
B007AFI2EO,A1OJ2PZFQYGM25
B0067O0EFE,A1OJ2PZFQYGM25
B0064N011K,A1OJ2PZFQYGM25
B005UC3K6E,A1OJ2PZFQYGM25
B004XYOZ7S,A1OJ2PZFQYGM25
B004TKKWD2,A1OJ2PZFQYGM25
B00489NRLI,A1OJ2PZFQYGM25
B0044UTV52,A1OJ2PZFQYGM25
B0044UPFYS,A1OJ2PZFQYGM25
B003N17QQY,A1OJ2PZFQYGM25
B0037QFXPQ,A1OJ2PZFQYGM25
B0030MWIDC,A1OJ2PZFQYGM25
B002YGVCJ6,A1OJ2PZFQYGM25
B002PI8AF2,A1OJ2PZFQYGM25
B002JQRW40,A1OJ2PZFQYGM25
B002IVALF8,A1OJ2PZFQYGM25
B002DC17SW,A1OJ2PZFQYGM25
B0028UN5SE,A1OJ2PZFQYGM25
B0027K4PFW,A1OJ2PZFQYGM25
B001TEPZE2,A1OJ2PZFQYGM25
B001TEOOS0,A1OJ2PZFQYGM25
B001TEOLPG,A1OJ2PZFQYGM25
B001QUYMZ2,A1OJ2PZFQYGM25
B001PZ7GLU,A1OJ2PZFQYGM25
B001P44VOQ,A1OJ2PZFQYGM25
B001JBQPU8,A1OJ2PZFQYGM25
B001IV1GBW,A1OJ2PZFQYGM25
B001DKRHP2,A1OJ2PZFQYGM25
B001DCKUU4,A1OJ2PZFQYGM25
B001CFDT6Y,A1OJ2PZFQYGM25
B0018RWC46,A1OJ2PZFQYGM25
B000JKDR2Y,A1OJ2PZFQYGM25
B000GTZAJQ,A1OJ2PZFQYGM25
B000CJSFM4,A1OJ2PZFQYGM25
B000C840TM,A1OJ2PZFQYGM25
B000BM8HAW,A1OJ2PZFQYGM25
B0007INEYY,A1OJ2PZFQYGM25
B0002KO4HI,A1OJ2PZFQYGM25
B0002F5A1M,A1OJ2PZFQYGM25
B0000BYM7Y,A1OJ2PZFQYGM25
1939979919,A1OJ2PZFQYGM25
B084WCZLY9,A1OJ2PZFQYGM25
B084WCWBBJ,A1OJ2PZFQYGM25
B0849Y7D3W,A1OJ2PZFQYGM25
B082D31VCR,A1OJ2PZFQYGM25
B07ZPGCH98,A1OJ2PZFQYGM25
B07Z77NJXJ,A1OJ2PZFQYGM25
B07YFLGSTC,A1OJ2PZFQYGM25
B07XYMJWBZ,A1OJ2PZFQYGM25
B07XYLRQBS,A1OJ2PZFQYGM25
B07XTGZ3R5,A1OJ2PZFQYGM25
B07XPWZQ5Q,A1OJ2PZFQYGM25
B07XKW6JSC,A1OJ2PZFQYGM25
B07XBTWX31,A1OJ2PZFQYGM25
B07X91FYSN,A1OJ2PZFQYGM25
B07X6X76X3,A1OJ2PZFQYGM25
B07X526KLH,A1OJ2PZFQYGM25
4866808519,A1OJ2PZFQYGM25
B07FP8SDRQ,A1OJ2PZFQYGM25
B07KQ52FBB,A1OJ2PZFQYGM25
4866511621,A1OJ2PZFQYGM25
B07B8S6JQT,A1OJ2PZFQYGM25
B00LPUN3MG,A1OJ2PZFQYGM25
4862209793,A1OJ2PZFQYGM25
B07P8BWPNL,A1OJ2PZFQYGM25
4837613543,A1OJ2PZFQYGM25
B07PHRPPD6,A1OJ2PZFQYGM25
4833451123,A1OJ2PZFQYGM25
B002H7U446,A1OJ2PZFQYGM25
4757424256,A1OJ2PZFQYGM25
B000MKEKX6,A1OJ2PZFQYGM25
4627058217,A1OJ2PZFQYGM25
B0BHF9KBWN,A1OJ2PZFQYGM25
4533074189,A1OJ2PZFQYGM25
B092ZJXK3V,A1OJ2PZFQYGM25
4478105723,A1OJ2PZFQYGM25
B01H4N398A,A1OJ2PZFQYGM25
4426126371,A1OJ2PZFQYGM25
B007D5FKJQ,A1OJ2PZFQYGM25
4422116851,A1OJ2PZFQYGM25
B096T412Z9,A1OJ2PZFQYGM25
4295404098,A1OJ2PZFQYGM25
B0952Q5QMZ,A1OJ2PZFQYGM25
405406857X,A1OJ2PZFQYGM25
B07Y2ZH35S,A1OJ2PZFQYGM25
402331837X,A1OJ2PZFQYGM25
B073SFGRCZ,A1OJ2PZFQYGM25
B0000AZ6D3,A1OJ2PZFQYGM25
1950045269,A1OJ2PZFQYGM25
B0C61NVVKG,A1OJ2PZFQYGM25
B0C37ZMVCK,A1OJ2PZFQYGM25
B0B8C35BVQ,A1OJ2PZFQYGM25
B09QH9NLMV,A1OJ2PZFQYGM25
B09H5K1HB1,A1OJ2PZFQYGM25
B0991V3WJ6,A1OJ2PZFQYGM25
B09616F9RR,A1OJ2PZFQYGM25
B0932MNT9S,A1OJ2PZFQYGM25
B092R23VQZ,A1OJ2PZFQYGM25
B091DLQ6CG,A1OJ2PZFQYGM25
B08YRW424R,A1OJ2PZFQYGM25
B08X7JDW8Q,A1OJ2PZFQYGM25
B08W1WP6MZ,A1OJ2PZFQYGM25
B08T6C5P8M,A1OJ2PZFQYGM25
B08FWD2R9N,A1OJ2PZFQYGM25
B08B8X7DPT,A1OJ2PZFQYGM25
B07WRMDZT1,A1OJ2PZFQYGM25
B07W8X5GQP,A1OJ2PZFQYGM25
B07VSZ9VP1,A1OJ2PZFQYGM25
B07VSWK1S9,A1OJ2PZFQYGM25
B07VSVR129,A1OJ2PZFQYGM25
B07VSTLWVR,A1OJ2PZFQYGM25
B07VSBJHS2,A1OJ2PZFQYGM25
B07VS9VTCV,A1OJ2PZFQYGM25
B07VS9Q47Y,A1OJ2PZFQYGM25
B07VS8M6YG,A1OJ2PZFQYGM25
B07VQWB6QB,A1OJ2PZFQYGM25
B07VPR948H,A1OJ2PZFQYGM25
B07VPR8LPZ,A1OJ2PZFQYGM25
B07VPBYRHL,A1OJ2PZFQYGM25
B07VMNRLNZ,A1OJ2PZFQYGM25
B07VLVS3FM,A1OJ2PZFQYGM25
B07Z78XCHG,A1OJ2PZFQYGM25
B07Z4C8KC4,A1OJ2PZFQYGM25
B07YXGW3F1,A1OJ2PZFQYGM25
B07YLNR8G8,A1OJ2PZFQYGM25
B07YLNM2HW,A1OJ2PZFQYGM25
B07Y81Z8QY,A1OJ2PZFQYGM25
B07Y5TPVZG,A1OJ2PZFQYGM25
B07XYW6S1N,A1OJ2PZFQYGM25
B07XRHNQPV,A1OJ2PZFQYGM25
B07XR6KPB3,A1OJ2PZFQYGM25
B07XJZXJ2G,A1OJ2PZFQYGM25
B07XH2HXNG,A1OJ2PZFQYGM25
B07X8SGYD8,A1OJ2PZFQYGM25
B07WXHX1ZP,A1OJ2PZFQYGM25
B07WVT8VHQ,A1OJ2PZFQYGM25
B07WTNGF85,A1OJ2PZFQYGM25
B00R04IWKE,A1OJ2PZFQYGM25
B00QZ7J9DQ,A1OJ2PZFQYGM25
B00QXFMDTC,A1OJ2PZFQYGM25
B00QUGSYK6,A1OJ2PZFQYGM25
B00QSFLVOK,A1OJ2PZFQYGM25
B00NBII6DG,A1OJ2PZFQYGM25
B00M2AKXDA,A1OJ2PZFQYGM25
B00H3R9RUM,A1OJ2PZFQYGM25
B00GYV8JZC,A1OJ2PZFQYGM25
B00DZZ9M8I,A1OJ2PZFQYGM25
B00DYFSI0W,A1OJ2PZFQYGM25
B00DLJ7VZY,A1OJ2PZFQYGM25
B00DK84ZMI,A1OJ2PZFQYGM25
B00DFJXTW4,A1OJ2PZFQYGM25
B00CU8IDR2,A1OJ2PZFQYGM25
B00BU7D662,A1OJ2PZFQYGM25
B07VLV5W5V,A1OJ2PZFQYGM25
B07THL68CQ,A1OJ2PZFQYGM25
B07KQK5L2W,A1OJ2PZFQYGM25
B07HP2SP4H,A1OJ2PZFQYGM25
