item,source
B0D4HTHKQR,A2W8EY4J0UOJZR
B0D4HQ5M6G,A2W8EY4J0UOJZR
B0D3THHX5K,A2W8EY4J0UOJZR
B0D3QQJZPF,A2W8EY4J0UOJZR
B0D3HJWZ1H,A2W8EY4J0UOJZR
B0D3GHMTTS,A2W8EY4J0UOJZR
B0CKXF3W8Y,A2W8EY4J0UOJZR
B0CKPWCCTT,A2W8EY4J0UOJZR
B0CKHR24MM,A2W8EY4J0UOJZR
B0CJSZR7GW,A2W8EY4J0UOJZR
B0CHRR11LS,A2W8EY4J0UOJZR
B0CHPFJY1Q,A2W8EY4J0UOJZR
B0CH3639YR,A2W8EY4J0UOJZR
B0CFVY8Y4Y,A2W8EY4J0UOJZR
B0CFV4Y56W,A2W8EY4J0UOJZR
B0CDBD2KPX,A2W8EY4J0UOJZR
B0CD41NMHY,A2W8EY4J0UOJZR
B0CCW6TGQ3,A2W8EY4J0UOJZR
B0CCJRY34F,A2W8EY4J0UOJZR
B0CCD3D2GC,A2W8EY4J0UOJZR
B0CBWMV87F,A2W8EY4J0UOJZR
B0CB49CDHL,A2W8EY4J0UOJZR
B09FKXGYMB,A2W8EY4J0UOJZR
B09FDD33Q7,A2W8EY4J0UOJZR
B09DPF6Z1F,A2W8EY4J0UOJZR
B0978Q3THG,A2W8EY4J0UOJZR
B0971GW2WT,A2W8EY4J0UOJZR
B093ZPR9CW,A2W8EY4J0UOJZR
B093KVXH6P,A2W8EY4J0UOJZR
B093G58BKZ,A2W8EY4J0UOJZR
B08W8NWVLS,A2W8EY4J0UOJZR
B08R5X4CY4,A2W8EY4J0UOJZR
B08NVPB1JQ,A2W8EY4J0UOJZR
B08JLNXRPR,A2W8EY4J0UOJZR
B08JK53QYZ,A2W8EY4J0UOJZR
B084CWZ1CX,A2W8EY4J0UOJZR
B083Q3RPLB,A2W8EY4J0UOJZR
B082HYGFQY,A2W8EY4J0UOJZR
B0B7KH4JBZ,A2W8EY4J0UOJZR
B0B71JG3YK,A2W8EY4J0UOJZR
B0B6GLYL6X,A2W8EY4J0UOJZR
B0B313Z8VH,A2W8EY4J0UOJZR
B0B1HRVW74,A2W8EY4J0UOJZR
B0B128YCHD,A2W8EY4J0UOJZR
B09WMJ9TXS,A2W8EY4J0UOJZR
B09W5JBXCL,A2W8EY4J0UOJZR
B09V6LTH2D,A2W8EY4J0UOJZR
B09PV9QSP5,A2W8EY4J0UOJZR
B09N3Z7ZFW,A2W8EY4J0UOJZR
B09MZP156C,A2W8EY4J0UOJZR
B09L4JJQZC,A2W8EY4J0UOJZR
B09L29PS7F,A2W8EY4J0UOJZR
B09KJT21ZD,A2W8EY4J0UOJZR
B09JLQHLP6,A2W8EY4J0UOJZR
B0C8TN9J9H,A2W8EY4J0UOJZR
B0C6DTXCL2,A2W8EY4J0UOJZR
B0C5LG3JRS,A2W8EY4J0UOJZR
B0C4PVZGVK,A2W8EY4J0UOJZR
B0C3QPBR3Z,A2W8EY4J0UOJZR
B0C3B4P2T8,A2W8EY4J0UOJZR
B0C2YKSFDX,A2W8EY4J0UOJZR
B0C2BZJ815,A2W8EY4J0UOJZR
B0C1VFR48K,A2W8EY4J0UOJZR
B0C1GMX7GP,A2W8EY4J0UOJZR
B0C132J9HC,A2W8EY4J0UOJZR
B0BZ8N3J55,A2W8EY4J0UOJZR
B0BZ76HJDB,A2W8EY4J0UOJZR
B0BYRZ67F8,A2W8EY4J0UOJZR
B0BXNCGS8P,A2W8EY4J0UOJZR
B0BXK5SRW7,A2W8EY4J0UOJZR
B07Y22H99S,A2W8EY4J0UOJZR
B07QGPJFND,A2W8EY4J0UOJZR
B07B9GVXTQ,A2W8EY4J0UOJZR
B072JZK3VJ,A2W8EY4J0UOJZR
B06XP8NKXR,A2W8EY4J0UOJZR
B01L7836W2,A2W8EY4J0UOJZR
B01GUXRKF8,A2W8EY4J0UOJZR
B016Y8LSFW,A2W8EY4J0UOJZR
B00QQXBK22,A2W8EY4J0UOJZR
B00NUS0BY4,A2W8EY4J0UOJZR
B00NUROH5E,A2W8EY4J0UOJZR
B00IQ8ASKK,A2W8EY4J0UOJZR
B0DB7QY3BP,A2W8EY4J0UOJZR
B0D946QTNH,A2W8EY4J0UOJZR
B0F1JRCPGJ,A2W8EY4J0UOJZR
B0D6VWW725,A2W8EY4J0UOJZR
B0DYZR9W5Q,A2W8EY4J0UOJZR
B0D6V5Z1K3,A2W8EY4J0UOJZR
B0DY4ZJ896,A2W8EY4J0UOJZR
B01N2M67AC,A2W8EY4J0UOJZR
B0DYJ78CJP,A2W8EY4J0UOJZR
B0DYDJCTNL,A2W8EY4J0UOJZR
B0DJ5J84CM,A2W8EY4J0UOJZR
B0DXFC557P,A2W8EY4J0UOJZR
B0DFYJNDHX,A2W8EY4J0UOJZR
B0DX79WB27,A2W8EY4J0UOJZR
B0DDCGRYKH,A2W8EY4J0UOJZR
B0DX1YYQJG,A2W8EY4J0UOJZR
B0DHL42YKX,A2W8EY4J0UOJZR
B0DFWRTN4V,A2W8EY4J0UOJZR
B0DWK3XVZ5,A2W8EY4J0UOJZR
B0D7MDHGF4,A2W8EY4J0UOJZR
B0DTYSSLRV,A2W8EY4J0UOJZR
B0D6VC4H4Y,A2W8EY4J0UOJZR
B0DTG5KYFZ,A2W8EY4J0UOJZR
B0D5QRFB69,A2W8EY4J0UOJZR
B0DS239QHS,A2W8EY4J0UOJZR
B0DRV56YDM,A2W8EY4J0UOJZR
B0DR2J9D4X,A2W8EY4J0UOJZR
B0DG4L2VTB,A2W8EY4J0UOJZR
B0DQXW54R1,A2W8EY4J0UOJZR
B0DFP3HS2Q,A2W8EY4J0UOJZR
B0BVVL4NLD,A2W8EY4J0UOJZR
B0BVFFT3ZW,A2W8EY4J0UOJZR
B0BSMYGZ1X,A2W8EY4J0UOJZR
B0BQVVT5G8,A2W8EY4J0UOJZR
B0BN8D55LY,A2W8EY4J0UOJZR
B0BN7JTGP6,A2W8EY4J0UOJZR
B0BN1N89PT,A2W8EY4J0UOJZR
B0BM93FK52,A2W8EY4J0UOJZR
B0BLMTQ1B7,A2W8EY4J0UOJZR
B0BKW4WZ7P,A2W8EY4J0UOJZR
B0BHXZBS4Z,A2W8EY4J0UOJZR
B0BFX1CYG8,A2W8EY4J0UOJZR
B0BFV52PCB,A2W8EY4J0UOJZR
B0BCGTZCNM,A2W8EY4J0UOJZR
B0B7KMB5MQ,A2W8EY4J0UOJZR
B0B7KKGY3C,A2W8EY4J0UOJZR
B0DTHRC1D3,A2W8EY4J0UOJZR
B0DTF2KX1K,A2W8EY4J0UOJZR
B0DT3Z27XG,A2W8EY4J0UOJZR
B0DSL22Z96,A2W8EY4J0UOJZR
B0DJ8N4C8K,A2W8EY4J0UOJZR
B0DSBMSVVT,A2W8EY4J0UOJZR
B0DGT5ZTVW,A2W8EY4J0UOJZR
B0DF7BX5GK,A2W8EY4J0UOJZR
B0D9BP1THS,A2W8EY4J0UOJZR
B0DT6KJYDW,A2W8EY4J0UOJZR
B0D89V51M5,A2W8EY4J0UOJZR
B0DT6H6QNR,A2W8EY4J0UOJZR
B0D7HPN79W,A2W8EY4J0UOJZR
B0DSJDS8XB,A2W8EY4J0UOJZR
B0D6YT5KYD,A2W8EY4J0UOJZR
B0DSFZ9NVN,A2W8EY4J0UOJZR
B0D2W4BZZW,A2W8EY4J0UOJZR
B07GGWTK4F,A2W8EY4J0UOJZR
B0C6F762L3,A2W8EY4J0UOJZR
B0BVVLK44D,A2W8EY4J0UOJZR
B0DMKHMRF2,A2W8EY4J0UOJZR
B097TS6CYK,A2W8EY4J0UOJZR
B0DLH2RPND,A2W8EY4J0UOJZR
B0DY4DVTWC,A2W8EY4J0UOJZR
B0DKNWT4P5,A2W8EY4J0UOJZR
B0DXNY3BB7,A2W8EY4J0UOJZR
B0DHWV2FBH,A2W8EY4J0UOJZR
B0DXD4PP34,A2W8EY4J0UOJZR
B0DH1K3CDZ,A2W8EY4J0UOJZR
B0DP4L2F9V,A2W8EY4J0UOJZR
B0DMWQ4FWK,A2W8EY4J0UOJZR
B0CFXHQLGJ,A2W8EY4J0UOJZR
B0CNVJGL78,A2W8EY4J0UOJZR
B0DZ2MNPB6,A2W8EY4J0UOJZR
B0DCNMW5YL,A2W8EY4J0UOJZR
B0DXKWYBD8,A2W8EY4J0UOJZR
B0DCHXYNW3,A2W8EY4J0UOJZR
B0DT7XMWXR,A2W8EY4J0UOJZR
B0D8QFXBDB,A2W8EY4J0UOJZR
B0DS1XBYPV,A2W8EY4J0UOJZR
B0D8QD2KPK,A2W8EY4J0UOJZR
B0DRNWNX2W,A2W8EY4J0UOJZR
B0D8Q7FJZ4,A2W8EY4J0UOJZR
B0DQLJH6HV,A2W8EY4J0UOJZR
B0DPG1SH1G,A2W8EY4J0UOJZR
B0DNWCZYTT,A2W8EY4J0UOJZR
B0CBRF261Y,A2W8EY4J0UOJZR
B0DNTRV7S5,A2W8EY4J0UOJZR
B0F1CPJ2SG,A2W8EY4J0UOJZR
B0DKT8QWCH,A2W8EY4J0UOJZR
B0DZ7RW23S,A2W8EY4J0UOJZR
B0DKDTH8CD,A2W8EY4J0UOJZR
B0DY3NZ4Z4,A2W8EY4J0UOJZR
B0BRM61C4C,A2W8EY4J0UOJZR
B0D8B4VDL4,A2W8EY4J0UOJZR
B0DLBQK6WX,A2W8EY4J0UOJZR
B0BBPVGYJT,A2W8EY4J0UOJZR
B0DK5V6VP1,A2W8EY4J0UOJZR
B074S3VJ8T,A2W8EY4J0UOJZR
B0DJSGRQXC,A2W8EY4J0UOJZR
B084GDP1QY,A2W8EY4J0UOJZR
B0CQ7XC76Z,A2W8EY4J0UOJZR
B0BHQSM12H,A2W8EY4J0UOJZR
B0B6GPY5ZN,A2W8EY4J0UOJZR
B07W3N14T8,A2W8EY4J0UOJZR
B008L5MIUQ,A2W8EY4J0UOJZR
B0DHGGMTPT,A2W8EY4J0UOJZR
B0DWMRH4TG,A2W8EY4J0UOJZR
B0DHG3RR5K,A2W8EY4J0UOJZR
B0DWMJDV86,A2W8EY4J0UOJZR
B0DH83M798,A2W8EY4J0UOJZR
B0DV1S6R5Y,A2W8EY4J0UOJZR
B0DFZL5KX3,A2W8EY4J0UOJZR
B0DT1GC7NK,A2W8EY4J0UOJZR
B0D9W4KS63,A2W8EY4J0UOJZR
B0DSVLJ27Q,A2W8EY4J0UOJZR
B0D9GG3Q1J,A2W8EY4J0UOJZR
B0DSSZKLYZ,A2W8EY4J0UOJZR
B0D8Q7XKF1,A2W8EY4J0UOJZR
B0DSSXF1F3,A2W8EY4J0UOJZR
B0D8Q7JD2Z,A2W8EY4J0UOJZR
B0DSNZCYPD,A2W8EY4J0UOJZR
B097MGX318,A2W8EY4J0UOJZR
B0DK6ZXF9K,A2W8EY4J0UOJZR
B0DYXFB2RB,A2W8EY4J0UOJZR
B0DK2SFC5K,A2W8EY4J0UOJZR
B0DY73RV6D,A2W8EY4J0UOJZR
B0DLNF54F6,A2W8EY4J0UOJZR
B0DLB9J2F5,A2W8EY4J0UOJZR
B0DLB938DD,A2W8EY4J0UOJZR
B0DHY9YBJ1,A2W8EY4J0UOJZR
B082XJTR7M,A2W8EY4J0UOJZR
B0DHS74H19,A2W8EY4J0UOJZR
B00B8KLKQY,A2W8EY4J0UOJZR
B0DGSTL8GP,A2W8EY4J0UOJZR
B0DN1Y9XCT,A2W8EY4J0UOJZR
B0DZGWNJQB,A2W8EY4J0UOJZR
B0DLS6G7CK,A2W8EY4J0UOJZR
B0DZCLYDRR,A2W8EY4J0UOJZR
B0DL24RRWY,A2W8EY4J0UOJZR
B0DZBNCQL1,A2W8EY4J0UOJZR
B0DKXNKGCZ,A2W8EY4J0UOJZR
B0DZ6ZWGN7,A2W8EY4J0UOJZR
B0DKNNH5LR,A2W8EY4J0UOJZR
B0DZ28TVK2,A2W8EY4J0UOJZR
B0DK9GW9H3,A2W8EY4J0UOJZR
B0DYDL7DX4,A2W8EY4J0UOJZR
B0DK4LYRXF,A2W8EY4J0UOJZR
B0DXVHBMGW,A2W8EY4J0UOJZR
B0DJTFRJPN,A2W8EY4J0UOJZR
B0DXPZWRXG,A2W8EY4J0UOJZR
B0D7W1MF4P,A2W8EY4J0UOJZR
B0DS622DYY,A2W8EY4J0UOJZR
B0D66GK4XW,A2W8EY4J0UOJZR
B0DS1WBHBH,A2W8EY4J0UOJZR
B0D44TDVVM,A2W8EY4J0UOJZR
B0DRYP39J5,A2W8EY4J0UOJZR
B0D412GHG8,A2W8EY4J0UOJZR
B0DRVBMKG3,A2W8EY4J0UOJZR
B0D33W57J2,A2W8EY4J0UOJZR
B0DRTTHNZS,A2W8EY4J0UOJZR
B0D17LF75X,A2W8EY4J0UOJZR
B0DRNT8571,A2W8EY4J0UOJZR
B0CXSJDF9W,A2W8EY4J0UOJZR
B0DRHZ9SY3,A2W8EY4J0UOJZR
B0CTQ4H6L1,A2W8EY4J0UOJZR
B0DR66Y6XC,A2W8EY4J0UOJZR
B09R4FJX6P,A2W8EY4J0UOJZR
B0DP3BV6KG,A2W8EY4J0UOJZR
B08ZXDXL39,A2W8EY4J0UOJZR
B0DNTPYWCD,A2W8EY4J0UOJZR
B08RNKX4QT,A2W8EY4J0UOJZR
B0DNT1ZRJ2,A2W8EY4J0UOJZR
B08QZH1QGS,A2W8EY4J0UOJZR
B0DNMDF2JS,A2W8EY4J0UOJZR
B08FRMYLP2,A2W8EY4J0UOJZR
B0DNCKRMPS,A2W8EY4J0UOJZR
B07ZLRT631,A2W8EY4J0UOJZR
B0DMN21N4C,A2W8EY4J0UOJZR
B07Z6LQNZV,A2W8EY4J0UOJZR
B0DLGNKDHB,A2W8EY4J0UOJZR
B073QP9LBC,A2W8EY4J0UOJZR
B0DL9G4N1D,A2W8EY4J0UOJZR
B0CT3DSH2Q,A2W8EY4J0UOJZR
B0DR29GGQY,A2W8EY4J0UOJZR
B0CSY9BXK8,A2W8EY4J0UOJZR
B0DQPZNHSP,A2W8EY4J0UOJZR
B0CN93PMCC,A2W8EY4J0UOJZR
B0DQPPVGNC,A2W8EY4J0UOJZR
B0CH39PKVF,A2W8EY4J0UOJZR
B0DQPLNRWK,A2W8EY4J0UOJZR
B0CFY3H27F,A2W8EY4J0UOJZR
B0DPKQY6BH,A2W8EY4J0UOJZR
B0C9T146RW,A2W8EY4J0UOJZR
B0DPKQVMPF,A2W8EY4J0UOJZR
B0C8MBVNGR,A2W8EY4J0UOJZR
B0DPGD583X,A2W8EY4J0UOJZR
B0BPY7SCQ4,A2W8EY4J0UOJZR
B0DP79QL37,A2W8EY4J0UOJZR
B0DKXY4XFR,A2W8EY4J0UOJZR
B0DKWNB8KL,A2W8EY4J0UOJZR
B0DKWK319W,A2W8EY4J0UOJZR
B0DKLS6KNQ,A2W8EY4J0UOJZR
B0DKJ76SGD,A2W8EY4J0UOJZR
B0DKHGYWWZ,A2W8EY4J0UOJZR
B0DK542R2C,A2W8EY4J0UOJZR
B0DJVVSF3X,A2W8EY4J0UOJZR
B0DJVRC26S,A2W8EY4J0UOJZR
B0DHZWV6DB,A2W8EY4J0UOJZR
B0DGQPZGXL,A2W8EY4J0UOJZR
B0DG8Y4P6Z,A2W8EY4J0UOJZR
B0DFY7HKM2,A2W8EY4J0UOJZR
B0DFWLQXZ3,A2W8EY4J0UOJZR
B0DDKV246W,A2W8EY4J0UOJZR
B0DCVDGF7V,A2W8EY4J0UOJZR
B0DCK7C7M1,A2W8EY4J0UOJZR
B0DC4JRWD7,A2W8EY4J0UOJZR
B0DBQ9VBRH,A2W8EY4J0UOJZR
B0DBM1JKQZ,A2W8EY4J0UOJZR
B0DBG9FQ9J,A2W8EY4J0UOJZR
B0DB1GSZ57,A2W8EY4J0UOJZR
B0D9SG791M,A2W8EY4J0UOJZR
B0D9S4G72H,A2W8EY4J0UOJZR
B0D9LK5FS1,A2W8EY4J0UOJZR
B0D97W52JS,A2W8EY4J0UOJZR
B0D97D7QPK,A2W8EY4J0UOJZR
B0D95C8MKW,A2W8EY4J0UOJZR
B0D8PW6S6G,A2W8EY4J0UOJZR
B0D8PT8HYM,A2W8EY4J0UOJZR
B0D7VQFHHF,A2W8EY4J0UOJZR
B0D7RNL72H,A2W8EY4J0UOJZR
B0D7LY5CF9,A2W8EY4J0UOJZR
B0D792FW66,A2W8EY4J0UOJZR
B0D78KTFS8,A2W8EY4J0UOJZR
B0D78D96GW,A2W8EY4J0UOJZR
B0D6VRM6PB,A2W8EY4J0UOJZR
B0D66K7LBD,A2W8EY4J0UOJZR
B0D65FKNJW,A2W8EY4J0UOJZR
B0D5Y8HRFB,A2W8EY4J0UOJZR
B0D5QHWL51,A2W8EY4J0UOJZR
B0D5898Y6X,A2W8EY4J0UOJZR
B0D53WYJ73,A2W8EY4J0UOJZR
B0D4Z9PPXW,A2W8EY4J0UOJZR
B0D4PX37NC,A2W8EY4J0UOJZR
B0D48MNNC4,A2W8EY4J0UOJZR
B0D3821Z7G,A2W8EY4J0UOJZR
B0D2TSC6G8,A2W8EY4J0UOJZR
B0BCVVY164,A2W8EY4J0UOJZR
B0B9WQMG7Y,A2W8EY4J0UOJZR
B0B719XGW1,A2W8EY4J0UOJZR
B0B64VHY2L,A2W8EY4J0UOJZR
B0B5S5B2PS,A2W8EY4J0UOJZR
B0B5PMBLWB,A2W8EY4J0UOJZR
B0B2LBKMQD,A2W8EY4J0UOJZR
B09ZY5FQJD,A2W8EY4J0UOJZR
B09YD3Q14B,A2W8EY4J0UOJZR
B09Y27C5HV,A2W8EY4J0UOJZR
B09XBNR1FC,A2W8EY4J0UOJZR
B09VZR1QFC,A2W8EY4J0UOJZR
B09VXD8HMX,A2W8EY4J0UOJZR
B09SZ47TQV,A2W8EY4J0UOJZR
B09SGPG2KK,A2W8EY4J0UOJZR
B09PR63MCN,A2W8EY4J0UOJZR
B0C5J5N2XW,A2W8EY4J0UOJZR
B0C5HMZXL9,A2W8EY4J0UOJZR
B0C4Z2L124,A2W8EY4J0UOJZR
B0C495XLZW,A2W8EY4J0UOJZR
B0C33NPGTS,A2W8EY4J0UOJZR
B0C2C2FM3W,A2W8EY4J0UOJZR
B0C1FZ8LTC,A2W8EY4J0UOJZR
B0BZSYZ4KV,A2W8EY4J0UOJZR
B0BZHR74FW,A2W8EY4J0UOJZR
B0BZ88Q5HX,A2W8EY4J0UOJZR
B0BV7GB2XB,A2W8EY4J0UOJZR
B0BRMYJVT3,A2W8EY4J0UOJZR
B0BQJG27XP,A2W8EY4J0UOJZR
B0BDDW249N,A2W8EY4J0UOJZR
B0BD9CBXXS,A2W8EY4J0UOJZR
B0BD1FCRTR,A2W8EY4J0UOJZR
B0D1VDJXWS,A2W8EY4J0UOJZR
B0D1K9H79Z,A2W8EY4J0UOJZR
B0D1GTLS6X,A2W8EY4J0UOJZR
B0D1C9RMNH,A2W8EY4J0UOJZR
B0CZDV4JTP,A2W8EY4J0UOJZR
B0CZ9F8917,A2W8EY4J0UOJZR
B0CZ7VVXVS,A2W8EY4J0UOJZR
B0CYZXQ1BX,A2W8EY4J0UOJZR
B0CYZPYZ9B,A2W8EY4J0UOJZR
B0CYPR87J1,A2W8EY4J0UOJZR
B0CYFXBXDD,A2W8EY4J0UOJZR
B0CY87VTNQ,A2W8EY4J0UOJZR
B0CY2L32JV,A2W8EY4J0UOJZR
B0CWKM8ZZ2,A2W8EY4J0UOJZR
B0CW963N7B,A2W8EY4J0UOJZR
B0CTQ6KTX9,A2W8EY4J0UOJZR
B0CHJWBZ6L,A2W8EY4J0UOJZR
B0CHJ1K4LX,A2W8EY4J0UOJZR
B0CFYBFMN4,A2W8EY4J0UOJZR
B0CFX5XNF5,A2W8EY4J0UOJZR
B0CDPW2ZJP,A2W8EY4J0UOJZR
B0CDLNHKFX,A2W8EY4J0UOJZR
B0CD7XPY6N,A2W8EY4J0UOJZR
B0CD71K223,A2W8EY4J0UOJZR
B0CD66FDCT,A2W8EY4J0UOJZR
B0CCRKV3M3,A2W8EY4J0UOJZR
B0CBMN8R3K,A2W8EY4J0UOJZR
B0C9MSGL8K,A2W8EY4J0UOJZR
B0C9MJNXRD,A2W8EY4J0UOJZR
B0C8N1DQXD,A2W8EY4J0UOJZR
B0C7VGH7L6,A2W8EY4J0UOJZR
B0C5WPT7GQ,A2W8EY4J0UOJZR
B09NKVYSTX,A2W8EY4J0UOJZR
B09F36T2KZ,A2W8EY4J0UOJZR
B099Z61GDP,A2W8EY4J0UOJZR
B098QMGNSS,A2W8EY4J0UOJZR
B0977K5P62,A2W8EY4J0UOJZR
B093FKVN1Q,A2W8EY4J0UOJZR
B093BJXTNY,A2W8EY4J0UOJZR
B08V5JDL4T,A2W8EY4J0UOJZR
B08PBQ2GQ8,A2W8EY4J0UOJZR
B08NTZ9L3Z,A2W8EY4J0UOJZR
B08L8PSRH8,A2W8EY4J0UOJZR
B08KZJN5WP,A2W8EY4J0UOJZR
B08JCKSNTV,A2W8EY4J0UOJZR
B08JCJF8MQ,A2W8EY4J0UOJZR
B08FT5TCCJ,A2W8EY4J0UOJZR
B089CQ5Y4K,A2W8EY4J0UOJZR
B07QCNSDR9,A2W8EY4J0UOJZR
B0D478NLVW,A2W8EY4J0UOJZR
B08PNRX3SR,A2W8EY4J0UOJZR
B0DR5C7WYT,A2W8EY4J0UOJZR
B06XGB31D8,A2W8EY4J0UOJZR
B0DQP3LSZL,A2W8EY4J0UOJZR
B0F1FPLLC7,A2W8EY4J0UOJZR
B082LYRNC4,A2W8EY4J0UOJZR
B07RGVX4FD,A2W8EY4J0UOJZR
B07MYHD6V9,A2W8EY4J0UOJZR
B07JBJB8F1,A2W8EY4J0UOJZR
B01BWLOYLQ,A2W8EY4J0UOJZR
B000BURB38,A2W8EY4J0UOJZR
B0DQPY8RTN,A2W8EY4J0UOJZR
B0DPH25T89,A2W8EY4J0UOJZR
B09781ZL49,A2W8EY4J0UOJZR
B0DPB24VSM,A2W8EY4J0UOJZR
B08SHWRGMT,A2W8EY4J0UOJZR
B0DNJBGKP2,A2W8EY4J0UOJZR
B0DZD2H56N,A2W8EY4J0UOJZR
B0DN34YJ3T,A2W8EY4J0UOJZR
B0DZ2FHMZD,A2W8EY4J0UOJZR
B0DQPPQNBH,A2W8EY4J0UOJZR
B0DPFNV2Z2,A2W8EY4J0UOJZR
B0DMLWKSFN,A2W8EY4J0UOJZR
B0DMFCRLM7,A2W8EY4J0UOJZR
B075JF3HR2,A2W8EY4J0UOJZR
B0DLKN3RZZ,A2W8EY4J0UOJZR
B0C2P742PN,A2W8EY4J0UOJZR
B0DKMMG7ZH,A2W8EY4J0UOJZR
B0BBQGDDZR,A2W8EY4J0UOJZR
B0DJ7CDLZQ,A2W8EY4J0UOJZR
B0B57NWRNM,A2W8EY4J0UOJZR
B07CYQGJWH,A2W8EY4J0UOJZR
B0DWMQ1PP9,A2W8EY4J0UOJZR
B085DJ53DH,A2W8EY4J0UOJZR
B0927T3JJ4,A2W8EY4J0UOJZR
B08KH8D5KZ,A2W8EY4J0UOJZR
B0CTJN7KTQ,A2W8EY4J0UOJZR
B0CTHTZGR9,A2W8EY4J0UOJZR
B0CTHMGTPD,A2W8EY4J0UOJZR
B0CS696NFD,A2W8EY4J0UOJZR
B0CRRSFWX1,A2W8EY4J0UOJZR
B0CR9PS17P,A2W8EY4J0UOJZR
B0CR61C6VC,A2W8EY4J0UOJZR
B0CQV2MX1N,A2W8EY4J0UOJZR
B0CQCLY648,A2W8EY4J0UOJZR
B0CPLWQ9N8,A2W8EY4J0UOJZR
B0CPHW15CF,A2W8EY4J0UOJZR
B0CNTG2ZY5,A2W8EY4J0UOJZR
B0CMXCQ2PT,A2W8EY4J0UOJZR
B0CM6XGN1Q,A2W8EY4J0UOJZR
B0CKW16GV2,A2W8EY4J0UOJZR
B0CKSQCGXC,A2W8EY4J0UOJZR
B0DYJHR433,A2W8EY4J0UOJZR
B0DWB7J8TJ,A2W8EY4J0UOJZR
B0DVDQ2LDS,A2W8EY4J0UOJZR
B0DPX56Q6L,A2W8EY4J0UOJZR
B0DTP9X86C,A2W8EY4J0UOJZR
B0DKJZVVYB,A2W8EY4J0UOJZR
B0DJCZ7Z26,A2W8EY4J0UOJZR
B0BXSTJRGH,A2W8EY4J0UOJZR
B0DJ2VRYQQ,A2W8EY4J0UOJZR
B0B485LJWN,A2W8EY4J0UOJZR
B0DFC75Z8D,A2W8EY4J0UOJZR
B0DWL4NNG5,A2W8EY4J0UOJZR
B0DDXZCQCS,A2W8EY4J0UOJZR
B0DTDZQ453,A2W8EY4J0UOJZR
B0DDPXX82C,A2W8EY4J0UOJZR
B0DSM7MS2L,A2W8EY4J0UOJZR
B08W29XB49,A2W8EY4J0UOJZR
B09RBGQSVX,A2W8EY4J0UOJZR
B08PY4JH3C,A2W8EY4J0UOJZR
B0DWNF9BXY,A2W8EY4J0UOJZR
B0DKSJWDHC,A2W8EY4J0UOJZR
B0DWL7S5PY,A2W8EY4J0UOJZR
B0DKCC8PPN,A2W8EY4J0UOJZR
B0DW93N9Y7,A2W8EY4J0UOJZR
B0DK958D11,A2W8EY4J0UOJZR
B0DTYJMSZY,A2W8EY4J0UOJZR
B0DK4TKM44,A2W8EY4J0UOJZR
B0DLKJTDT8,A2W8EY4J0UOJZR
B0DHKVSVM5,A2W8EY4J0UOJZR
B0DFGQP2LS,A2W8EY4J0UOJZR
B0D97L6XGL,A2W8EY4J0UOJZR
B0DFCFP1NS,A2W8EY4J0UOJZR
B0F1CZD6G8,A2W8EY4J0UOJZR
B0DK2V5W64,A2W8EY4J0UOJZR
B0DZB89YVY,A2W8EY4J0UOJZR
B0DJPZNLDZ,A2W8EY4J0UOJZR
B0DW8WF13N,A2W8EY4J0UOJZR
B0DJ8QHM2V,A2W8EY4J0UOJZR
B0DW8BQN3S,A2W8EY4J0UOJZR
B0DHXX2GFL,A2W8EY4J0UOJZR
B0DTJTNB6P,A2W8EY4J0UOJZR
B0DHXVK7WJ,A2W8EY4J0UOJZR
B00J1NL8EO,A2W8EY4J0UOJZR
B0DNRK6Z6D,A2W8EY4J0UOJZR
B0D9TVN947,A2W8EY4J0UOJZR
B0DNRHSSZ6,A2W8EY4J0UOJZR
B0CDDHM1W3,A2W8EY4J0UOJZR
B0DN9Z9QKY,A2W8EY4J0UOJZR
B0C5T94QTS,A2W8EY4J0UOJZR
B0DL5KQ81T,A2W8EY4J0UOJZR
B0C67ZKFN7,A2W8EY4J0UOJZR
B0DKF2QH1D,A2W8EY4J0UOJZR
B0DZFWX63F,A2W8EY4J0UOJZR
B0DK3HRMJ4,A2W8EY4J0UOJZR
B0DXBS595X,A2W8EY4J0UOJZR
B0DJ2MMHSQ,A2W8EY4J0UOJZR
B08HKYFB54,A2W8EY4J0UOJZR
B0DQ4SNC3R,A2W8EY4J0UOJZR
B0DK1ZLZV3,A2W8EY4J0UOJZR
B0DK1F56RP,A2W8EY4J0UOJZR
B0DGG7CF13,A2W8EY4J0UOJZR
B0DFTQ548Q,A2W8EY4J0UOJZR
B0C7WB4R58,A2W8EY4J0UOJZR
B0D7Z1T1QC,A2W8EY4J0UOJZR
B0D8JN9S94,A2W8EY4J0UOJZR
B0D79793S1,A2W8EY4J0UOJZR
B0DKHM3ZJK,A2W8EY4J0UOJZR
B0DKHLBQ6T,A2W8EY4J0UOJZR
B0DJ2FS8C3,A2W8EY4J0UOJZR
B0CY97CHHB,A2W8EY4J0UOJZR
B0DHKN565W,A2W8EY4J0UOJZR
B0DQNF43XS,A2W8EY4J0UOJZR
B0DNK4L4RL,A2W8EY4J0UOJZR
B0DLNSYYDT,A2W8EY4J0UOJZR
B0D94FG7C4,A2W8EY4J0UOJZR
B0F1CG8M39,A2W8EY4J0UOJZR
B0DLNR22W6,A2W8EY4J0UOJZR
B0DZ2YNDD7,A2W8EY4J0UOJZR
B0DK8DZLKY,A2W8EY4J0UOJZR
B0DZ1RYTNZ,A2W8EY4J0UOJZR
B0DK39M3MM,A2W8EY4J0UOJZR
B0D49Z12X7,A2W8EY4J0UOJZR
B0D2HJC16H,A2W8EY4J0UOJZR
B08W1PL1BW,A2W8EY4J0UOJZR
B0DMVHS59P,A2W8EY4J0UOJZR
B077K9F2CX,A2W8EY4J0UOJZR
B0DK71FKM3,A2W8EY4J0UOJZR
B0041X4GRK,A2W8EY4J0UOJZR
B0DK19V4W2,A2W8EY4J0UOJZR
B0DZMM77BN,A2W8EY4J0UOJZR
B0DJNGXBY3,A2W8EY4J0UOJZR
B0DZ6ZH6NZ,A2W8EY4J0UOJZR
B0DJC93LGX,A2W8EY4J0UOJZR
B0DY17LPXB,A2W8EY4J0UOJZR
B0CRR6TCPT,A2W8EY4J0UOJZR
B0DGQ2VT3N,A2W8EY4J0UOJZR
B07CVLRCDS,A2W8EY4J0UOJZR
B0D6BNGBH8,A2W8EY4J0UOJZR
B0F13BX2DM,A2W8EY4J0UOJZR
B0D2BGPHSM,A2W8EY4J0UOJZR
B0D3PRQC82,A2W8EY4J0UOJZR
B0CGXC7L7S,A2W8EY4J0UOJZR
B0DRD1PZ2R,A2W8EY4J0UOJZR
B07NC7865H,A2W8EY4J0UOJZR
B0F17VD56M,A2W8EY4J0UOJZR
B0DK35KMTH,A2W8EY4J0UOJZR
B0DYK2C4KK,A2W8EY4J0UOJZR
B0DK1HY988,A2W8EY4J0UOJZR
B0DTQ95C1J,A2W8EY4J0UOJZR
B0DHZGVZ84,A2W8EY4J0UOJZR
B0DSZY28FM,A2W8EY4J0UOJZR
B0DFTSBT29,A2W8EY4J0UOJZR
B0DSHQKJTM,A2W8EY4J0UOJZR
B0CDDQ88PT,A2W8EY4J0UOJZR
B09Y5543DK,A2W8EY4J0UOJZR
B0DZW617G8,A2W8EY4J0UOJZR
B0DXPCYLVQ,A2W8EY4J0UOJZR
B0DMJBSL7Q,A2W8EY4J0UOJZR
B0DXFD77WT,A2W8EY4J0UOJZR
B0DM7T9K9T,A2W8EY4J0UOJZR
B0DT9F7FW9,A2W8EY4J0UOJZR
B0C147F57N,A2W8EY4J0UOJZR
B0DGDMDP2V,A2W8EY4J0UOJZR
B08B3HYZMB,A2W8EY4J0UOJZR
B0D9VZWXTX,A2W8EY4J0UOJZR
B0DWMFD94P,A2W8EY4J0UOJZR
B0D6VCWN82,A2W8EY4J0UOJZR
B0DT68T59Q,A2W8EY4J0UOJZR
B0D3HZV8JS,A2W8EY4J0UOJZR
B0DSVVBS8P,A2W8EY4J0UOJZR
B0CR5QCD3B,A2W8EY4J0UOJZR
B0DRNJY9RN,A2W8EY4J0UOJZR
B0CPYRG4SP,A2W8EY4J0UOJZR
B0DQL7YT1D,A2W8EY4J0UOJZR
B0DPM24VXG,A2W8EY4J0UOJZR
B0CGPSWZ9R,A2W8EY4J0UOJZR
B0DPKLKC51,A2W8EY4J0UOJZR
B09BFMVYHJ,A2W8EY4J0UOJZR
B0DNZ3SBD7,A2W8EY4J0UOJZR
B0DX22543M,A2W8EY4J0UOJZR
B0DNR6K9H9,A2W8EY4J0UOJZR
B0DWKF54JF,A2W8EY4J0UOJZR
B0DMZ1VP8B,A2W8EY4J0UOJZR
B0DSW8H5P6,A2W8EY4J0UOJZR
B0DMNQD9LP,A2W8EY4J0UOJZR
B0DSLCYF7W,A2W8EY4J0UOJZR
B0DTHYDT8F,A2W8EY4J0UOJZR
B0DF2R9KKP,A2W8EY4J0UOJZR
B0DSTPHXGX,A2W8EY4J0UOJZR
B0DDKDWML9,A2W8EY4J0UOJZR
B0DSBDB8FV,A2W8EY4J0UOJZR
B0DBZFLQHN,A2W8EY4J0UOJZR
B0DS9GCXLT,A2W8EY4J0UOJZR
B0D9WKVXFP,A2W8EY4J0UOJZR
B0DRTZDZ96,A2W8EY4J0UOJZR
B0D9LGFLDV,A2W8EY4J0UOJZR
B0DRNNR7VY,A2W8EY4J0UOJZR
B0D9FK9MYK,A2W8EY4J0UOJZR
B0DR2CVC41,A2W8EY4J0UOJZR
B0D8VPBRGD,A2W8EY4J0UOJZR
B0DPQM2VBF,A2W8EY4J0UOJZR
B0D8PWHR87,A2W8EY4J0UOJZR
B0DPCBGKM6,A2W8EY4J0UOJZR
B0D8B8L73J,A2W8EY4J0UOJZR
B0DPB5NJPX,A2W8EY4J0UOJZR
B0D7TCR95W,A2W8EY4J0UOJZR
B0DP7LH8N3,A2W8EY4J0UOJZR
B0D7M7H641,A2W8EY4J0UOJZR
B0DP2FK9KZ,A2W8EY4J0UOJZR
B0D7M3MCKL,A2W8EY4J0UOJZR
B0DNQPY1QN,A2W8EY4J0UOJZR
B0D6YXK7CJ,A2W8EY4J0UOJZR
B0DNKC1P9M,A2W8EY4J0UOJZR
B0D4ZXX977,A2W8EY4J0UOJZR
B0DNJFR169,A2W8EY4J0UOJZR
B0D2XFWT3Q,A2W8EY4J0UOJZR
B0DNF7LKXL,A2W8EY4J0UOJZR
B0D1VGQ4JX,A2W8EY4J0UOJZR
B0DNF74B9M,A2W8EY4J0UOJZR
B0CZ9PF96F,A2W8EY4J0UOJZR
B0DNB15PRC,A2W8EY4J0UOJZR
B0CXPKJ9C3,A2W8EY4J0UOJZR
B0DN13KJ57,A2W8EY4J0UOJZR
B0CS4GXHYW,A2W8EY4J0UOJZR
B0DM1VG9Q3,A2W8EY4J0UOJZR
B0CMXQYDF4,A2W8EY4J0UOJZR
B0DM1MMLS5,A2W8EY4J0UOJZR
B0CMXPQJZS,A2W8EY4J0UOJZR
B0DLNL6NF4,A2W8EY4J0UOJZR
B0CLDKQB5W,A2W8EY4J0UOJZR
B0DLMMF4GT,A2W8EY4J0UOJZR
B0CKNF16BN,A2W8EY4J0UOJZR
B0DL37Q9VN,A2W8EY4J0UOJZR
B0CKMM2KQC,A2W8EY4J0UOJZR
B0DL2W6KNS,A2W8EY4J0UOJZR
B0CHVW5GX1,A2W8EY4J0UOJZR
B0DJZ5KZ97,A2W8EY4J0UOJZR
B0CGTZC63N,A2W8EY4J0UOJZR
B0DJSMBT9F,A2W8EY4J0UOJZR
B0CBRZ4HB4,A2W8EY4J0UOJZR
B0DJM4VF93,A2W8EY4J0UOJZR
B0C8TKR3BP,A2W8EY4J0UOJZR
B0DJM1R25F,A2W8EY4J0UOJZR
B0C4SJMVSC,A2W8EY4J0UOJZR
B0DHZKNY5J,A2W8EY4J0UOJZR
B0BZYL15KB,A2W8EY4J0UOJZR
B0DHZFJRHB,A2W8EY4J0UOJZR
B0BW5NQFDQ,A2W8EY4J0UOJZR
B0DHVS54KB,A2W8EY4J0UOJZR
B0BM633Y3R,A2W8EY4J0UOJZR
B0DHRHQ78S,A2W8EY4J0UOJZR
B0BLHL15YQ,A2W8EY4J0UOJZR
B0DH2W1SST,A2W8EY4J0UOJZR
B09XK9775P,A2W8EY4J0UOJZR
B0DH27BHQ7,A2W8EY4J0UOJZR
B09QYCBBDL,A2W8EY4J0UOJZR
B0DGD1Q3P4,A2W8EY4J0UOJZR
B09NC8C2VV,A2W8EY4J0UOJZR
B0DFY1J69T,A2W8EY4J0UOJZR
B092J6G8QJ,A2W8EY4J0UOJZR
B0DFPTTC5B,A2W8EY4J0UOJZR
B08MDY845J,A2W8EY4J0UOJZR
B0DFCQ65H9,A2W8EY4J0UOJZR
B0DDJ6DRLK,A2W8EY4J0UOJZR
B0DD3ZG8Z6,A2W8EY4J0UOJZR
B0DCJYXVD3,A2W8EY4J0UOJZR
B0CNLMG6BZ,A2W8EY4J0UOJZR
B0CN33YBH9,A2W8EY4J0UOJZR
B0CKJ6YYJG,A2W8EY4J0UOJZR
B0CJPBSJC2,A2W8EY4J0UOJZR
B0CJJM7GYJ,A2W8EY4J0UOJZR
B0CH9VYFKM,A2W8EY4J0UOJZR
B0CGRFZTJK,A2W8EY4J0UOJZR
B0CGCTFV5K,A2W8EY4J0UOJZR
B0CDXDJK72,A2W8EY4J0UOJZR
B0CCKVG7SV,A2W8EY4J0UOJZR
B0CBP61LQR,A2W8EY4J0UOJZR
B0CB9WYNW6,A2W8EY4J0UOJZR
B0CB5ZHG8N,A2W8EY4J0UOJZR
B0CB1R9T7W,A2W8EY4J0UOJZR
B0C9WX41C1,A2W8EY4J0UOJZR
B0C68YTBX9,A2W8EY4J0UOJZR
B0C5LPPD3S,A2W8EY4J0UOJZR
B0C5HSSQZS,A2W8EY4J0UOJZR
B0C46FZTXB,A2W8EY4J0UOJZR
B0C42LVQW9,A2W8EY4J0UOJZR
B0C3XMD1WJ,A2W8EY4J0UOJZR
B0C1RJR5D2,A2W8EY4J0UOJZR
B0C1BLWHMX,A2W8EY4J0UOJZR
B0BZ847HL1,A2W8EY4J0UOJZR
B0BYTDCXD2,A2W8EY4J0UOJZR
B0BY9H57PT,A2W8EY4J0UOJZR
B0BW9RZYQ8,A2W8EY4J0UOJZR
B0BVFDG63Y,A2W8EY4J0UOJZR
B0BTH4K6N5,A2W8EY4J0UOJZR
B0BRKNS1SQ,A2W8EY4J0UOJZR
B0BR3S71ZX,A2W8EY4J0UOJZR
B0BPRR9NY2,A2W8EY4J0UOJZR
B0CY89PN4Z,A2W8EY4J0UOJZR
B0CY25LVZW,A2W8EY4J0UOJZR
B0CXN4JNY5,A2W8EY4J0UOJZR
B0CW2HZBBG,A2W8EY4J0UOJZR
B0CVYQQDS3,A2W8EY4J0UOJZR
B0CSYX7NZ9,A2W8EY4J0UOJZR
B0CSPHC8TY,A2W8EY4J0UOJZR
B0CSP65D5S,A2W8EY4J0UOJZR
B0CSG13NTR,A2W8EY4J0UOJZR
B0CRQ52KRQ,A2W8EY4J0UOJZR
B0CQV3TS73,A2W8EY4J0UOJZR
B0CQNQBXVK,A2W8EY4J0UOJZR
B0CPYDK2MQ,A2W8EY4J0UOJZR
B0CPDR7W1L,A2W8EY4J0UOJZR
B0CP363V48,A2W8EY4J0UOJZR
B0BNFDT9BN,A2W8EY4J0UOJZR
B0BL2ZDRK1,A2W8EY4J0UOJZR
B0BFKFYSFW,A2W8EY4J0UOJZR
B0B9GZTS3R,A2W8EY4J0UOJZR
B0B8RH36C2,A2W8EY4J0UOJZR
B0B74XNG8Z,A2W8EY4J0UOJZR
B0B5WHLB7P,A2W8EY4J0UOJZR
B0B1ZDNS9H,A2W8EY4J0UOJZR
B09WHV8MF6,A2W8EY4J0UOJZR
B09VK7MJVV,A2W8EY4J0UOJZR
B09TJ833KH,A2W8EY4J0UOJZR
B09ST5J1KP,A2W8EY4J0UOJZR
B09NF74CFZ,A2W8EY4J0UOJZR
B09MTLFW5P,A2W8EY4J0UOJZR
B09LM3RG5F,A2W8EY4J0UOJZR
B09HSLTJQ4,A2W8EY4J0UOJZR
B09FXQRRTH,A2W8EY4J0UOJZR
B09FL2XR55,A2W8EY4J0UOJZR
B09F3CNMBB,A2W8EY4J0UOJZR
B09BZ4MFL7,A2W8EY4J0UOJZR
B098PR7PT2,A2W8EY4J0UOJZR
B092VQ486Y,A2W8EY4J0UOJZR
B08RDH37YP,A2W8EY4J0UOJZR
B08QCFNKGD,A2W8EY4J0UOJZR
B08NRG2J2K,A2W8EY4J0UOJZR
B083WMVKJV,A2W8EY4J0UOJZR
B07KZN5H6B,A2W8EY4J0UOJZR
B07F3NF8VQ,A2W8EY4J0UOJZR
B00JIB4GBQ,A2W8EY4J0UOJZR
B002Y2J454,A2W8EY4J0UOJZR
B0BMKKYP84,A2W8EY4J0UOJZR
B0DLP8MVGY,A2W8EY4J0UOJZR
B0CCSW1WWH,A2W8EY4J0UOJZR
B0DLP8G7HT,A2W8EY4J0UOJZR
B0C3VMFVTK,A2W8EY4J0UOJZR
B0DKJQVTH8,A2W8EY4J0UOJZR
B07T4KS29Q,A2W8EY4J0UOJZR
B0DJT7L7SG,A2W8EY4J0UOJZR
B0082GWHGO,A2W8EY4J0UOJZR
B0DJS6VJBW,A2W8EY4J0UOJZR
B0DWJT6BHV,A2W8EY4J0UOJZR
B0DGF241LK,A2W8EY4J0UOJZR
B0DPFPL7VQ,A2W8EY4J0UOJZR
B0DMDXMRPF,A2W8EY4J0UOJZR
B0DQV526RL,A2W8EY4J0UOJZR
B0DM7PTH6F,A2W8EY4J0UOJZR
B0D83J9H14,A2W8EY4J0UOJZR
B0DWX2FJFY,A2W8EY4J0UOJZR
B0D7M5BZC2,A2W8EY4J0UOJZR
B0DWFG3G2D,A2W8EY4J0UOJZR
B0D4Z89NPZ,A2W8EY4J0UOJZR
B0DWDQQW7H,A2W8EY4J0UOJZR
B0CZRT2HD5,A2W8EY4J0UOJZR
B0DTHP8HZT,A2W8EY4J0UOJZR
B0CSXW8GX3,A2W8EY4J0UOJZR
B0DT6WRTBP,A2W8EY4J0UOJZR
B0CS3VC47R,A2W8EY4J0UOJZR
B0DT66NZTJ,A2W8EY4J0UOJZR
B0CM2JJX7C,A2W8EY4J0UOJZR
B0DSVN8GLH,A2W8EY4J0UOJZR
B0CHYFM6HK,A2W8EY4J0UOJZR
B0DSLNGBDK,A2W8EY4J0UOJZR
B0CHVBL8X1,A2W8EY4J0UOJZR
B0DSLMZZNW,A2W8EY4J0UOJZR
B0BKRNDZBW,A2W8EY4J0UOJZR
B0DSJ2BFP2,A2W8EY4J0UOJZR
B0912VBBG7,A2W8EY4J0UOJZR
B0DSHVVDYF,A2W8EY4J0UOJZR
B08S3X2125,A2W8EY4J0UOJZR
B0DSGDBFVL,A2W8EY4J0UOJZR
B08NB9NC8Y,A2W8EY4J0UOJZR
B0DSFGYXXK,A2W8EY4J0UOJZR
B07WJ3TC55,A2W8EY4J0UOJZR
B0DRYD73YM,A2W8EY4J0UOJZR
B01MZ27K49,A2W8EY4J0UOJZR
B0DR8RC3PT,A2W8EY4J0UOJZR
B0DR37VNHR,A2W8EY4J0UOJZR
B0D754D586,A2W8EY4J0UOJZR
B0D6R3LQ7F,A2W8EY4J0UOJZR
B0D66T5DZB,A2W8EY4J0UOJZR
B0D5QZ4ZKQ,A2W8EY4J0UOJZR
B0D59T29HF,A2W8EY4J0UOJZR
B0D4J8YF4V,A2W8EY4J0UOJZR
B0D3V7R7M5,A2W8EY4J0UOJZR
B0D3BR41ZQ,A2W8EY4J0UOJZR
B0D2W7PCD5,A2W8EY4J0UOJZR
B0D1XKC9J5,A2W8EY4J0UOJZR
B0D1QCYPWC,A2W8EY4J0UOJZR
B0D1K6MMMT,A2W8EY4J0UOJZR
B0D1GFDFKP,A2W8EY4J0UOJZR
B0D1GD3SHH,A2W8EY4J0UOJZR
B0D1G6L21M,A2W8EY4J0UOJZR
B0CZ1QDBGN,A2W8EY4J0UOJZR
B0DCBZBHLG,A2W8EY4J0UOJZR
B0DCBNJ8H4,A2W8EY4J0UOJZR
B0DBVLSBFB,A2W8EY4J0UOJZR
B0DBQJFQG3,A2W8EY4J0UOJZR
B0DBMBZX2F,A2W8EY4J0UOJZR
B0DBHP8JBC,A2W8EY4J0UOJZR
B0DB81DMJK,A2W8EY4J0UOJZR
B0D9YNNPL7,A2W8EY4J0UOJZR
B0D9RN5JGJ,A2W8EY4J0UOJZR
B0D9NT8811,A2W8EY4J0UOJZR
B0D9MLP57L,A2W8EY4J0UOJZR
B0D95KQ4JH,A2W8EY4J0UOJZR
B0D8XPMN1X,A2W8EY4J0UOJZR
B0D8PN8ZFN,A2W8EY4J0UOJZR
B0D7CG63GP,A2W8EY4J0UOJZR
B0D7CDRBW3,A2W8EY4J0UOJZR
B0DP4T1BLM,A2W8EY4J0UOJZR
B0DP4H3SJN,A2W8EY4J0UOJZR
B0DN681H72,A2W8EY4J0UOJZR
B0DN633K57,A2W8EY4J0UOJZR
B0DMS8WD1R,A2W8EY4J0UOJZR
B0DMJV8G9G,A2W8EY4J0UOJZR
B0DLWJYB1Y,A2W8EY4J0UOJZR
B0DKTQZVK3,A2W8EY4J0UOJZR
B0DKFRKYVH,A2W8EY4J0UOJZR
B0DK8QJKD5,A2W8EY4J0UOJZR
B0DJZ3PD6Y,A2W8EY4J0UOJZR
B0DJVPZWLV,A2W8EY4J0UOJZR
B0DJS4HTQK,A2W8EY4J0UOJZR
B0DJKMCFNN,A2W8EY4J0UOJZR
B0DJJTS7JW,A2W8EY4J0UOJZR
B0DJ552L8N,A2W8EY4J0UOJZR
B0DR1JKWMF,A2W8EY4J0UOJZR
B0DQXX9LYT,A2W8EY4J0UOJZR
B0DQVGMGD4,A2W8EY4J0UOJZR
B0DQL9M416,A2W8EY4J0UOJZR
B0DQKKRCKH,A2W8EY4J0UOJZR
B0DQDB28FH,A2W8EY4J0UOJZR
B0DQBVVJYW,A2W8EY4J0UOJZR
B0DQ9NJZS1,A2W8EY4J0UOJZR
B0DQ9N9S7W,A2W8EY4J0UOJZR
B0DQ9MWDH8,A2W8EY4J0UOJZR
B0DQ8KNBCM,A2W8EY4J0UOJZR
B0DPXDYRFF,A2W8EY4J0UOJZR
B0DPVJZRKK,A2W8EY4J0UOJZR
B0DPMC63QC,A2W8EY4J0UOJZR
B0DP9FG1TP,A2W8EY4J0UOJZR
B0DP73Z6ZP,A2W8EY4J0UOJZR
B0DJ2TR7L2,A2W8EY4J0UOJZR
B0DHTLPSFC,A2W8EY4J0UOJZR
B0DHPGCTX4,A2W8EY4J0UOJZR
B0DHKVK7PY,A2W8EY4J0UOJZR
B0DHCCGD5V,A2W8EY4J0UOJZR
B0DGQFB7H2,A2W8EY4J0UOJZR
B0DGPTRVJV,A2W8EY4J0UOJZR
B0DGHKCTM2,A2W8EY4J0UOJZR
B0DGGHRR2Z,A2W8EY4J0UOJZR
B0DGDXVX9Y,A2W8EY4J0UOJZR
B0DGBYSZVY,A2W8EY4J0UOJZR
B0DFW4K54P,A2W8EY4J0UOJZR
B0DFH45VWL,A2W8EY4J0UOJZR
B0DFGQWH47,A2W8EY4J0UOJZR
B0DFFKRHJX,A2W8EY4J0UOJZR
B0DFC33XDH,A2W8EY4J0UOJZR
B0DF58BN4R,A2W8EY4J0UOJZR
B0DDY96PHM,A2W8EY4J0UOJZR
B0DDTCJ3FM,A2W8EY4J0UOJZR
B0DCYW4BTK,A2W8EY4J0UOJZR
B0DCBNXJLP,A2W8EY4J0UOJZR
B0DC44V72R,A2W8EY4J0UOJZR
B0DBZMR6HZ,A2W8EY4J0UOJZR
B0DBPYPX3Q,A2W8EY4J0UOJZR
B0D9X4349Z,A2W8EY4J0UOJZR
B0D9KFZTG5,A2W8EY4J0UOJZR
B0D9JZ8D4F,A2W8EY4J0UOJZR
B0D97B5BVY,A2W8EY4J0UOJZR
B0D9423P39,A2W8EY4J0UOJZR
B0D92VWZZ7,A2W8EY4J0UOJZR
B0D92NR3VQ,A2W8EY4J0UOJZR
B0D8GN63QS,A2W8EY4J0UOJZR
B0D86N1RX5,A2W8EY4J0UOJZR
B0D86G88L5,A2W8EY4J0UOJZR
B0D863MTN9,A2W8EY4J0UOJZR
B0D83M1M47,A2W8EY4J0UOJZR
B0D83J2TJJ,A2W8EY4J0UOJZR
B0D7SQ51ST,A2W8EY4J0UOJZR
B0D7PSC3DH,A2W8EY4J0UOJZR
B0D7M71JJD,A2W8EY4J0UOJZR
B0D7M5HRQL,A2W8EY4J0UOJZR
B0D7M4RFNM,A2W8EY4J0UOJZR
B0D7M4N447,A2W8EY4J0UOJZR
B0D7914F47,A2W8EY4J0UOJZR
B0D73ZMY9S,A2W8EY4J0UOJZR
B0D6R2L5SK,A2W8EY4J0UOJZR
B0D69W1B6W,A2W8EY4J0UOJZR
B0D69T8HKM,A2W8EY4J0UOJZR
B0D66C16MR,A2W8EY4J0UOJZR
B0D669YG89,A2W8EY4J0UOJZR
B0D668BVT4,A2W8EY4J0UOJZR
B0D5VJL8C9,A2W8EY4J0UOJZR
B0D5LPKWLV,A2W8EY4J0UOJZR
B0D5B7RMVC,A2W8EY4J0UOJZR
B0D4DLLD3B,A2W8EY4J0UOJZR
B0D3LHFQMZ,A2W8EY4J0UOJZR
B0D39DBWFZ,A2W8EY4J0UOJZR
B0D318KXDF,A2W8EY4J0UOJZR
B0D2NW35LJ,A2W8EY4J0UOJZR
B0D2547B43,A2W8EY4J0UOJZR
B0D1V2CWPZ,A2W8EY4J0UOJZR
B0CZNWVWZ1,A2W8EY4J0UOJZR
B0CZL1TZR8,A2W8EY4J0UOJZR
B0CZHK244T,A2W8EY4J0UOJZR
B0CNCHL5VP,A2W8EY4J0UOJZR
B0CMZLR1FS,A2W8EY4J0UOJZR
B0CMZFBCDG,A2W8EY4J0UOJZR
B0CMWLLDXL,A2W8EY4J0UOJZR
B0CMD7WP52,A2W8EY4J0UOJZR
B0CLVF4BRH,A2W8EY4J0UOJZR
B0CL94GNDN,A2W8EY4J0UOJZR
B0CKP3514R,A2W8EY4J0UOJZR
B0CKDTFFD9,A2W8EY4J0UOJZR
B0CJLWXDBG,A2W8EY4J0UOJZR
B0CJ982C37,A2W8EY4J0UOJZR
B0CJ91W19J,A2W8EY4J0UOJZR
B0CJ4PYMX2,A2W8EY4J0UOJZR
B0CHRSP8TJ,A2W8EY4J0UOJZR
B0CHQRMJ7P,A2W8EY4J0UOJZR
B0CH4BP7VV,A2W8EY4J0UOJZR
B0CYZBXVDG,A2W8EY4J0UOJZR
B0CW5SYR3N,A2W8EY4J0UOJZR
B0CW1L9TG9,A2W8EY4J0UOJZR
B0CVXG4YNC,A2W8EY4J0UOJZR
B0CVWXM6CN,A2W8EY4J0UOJZR
B0CTDZYT84,A2W8EY4J0UOJZR
B0CT8HM1YC,A2W8EY4J0UOJZR
B0CT7JQCNN,A2W8EY4J0UOJZR
B0CSSV1WLK,A2W8EY4J0UOJZR
B0CS356LLW,A2W8EY4J0UOJZR
B0CRR1MVXK,A2W8EY4J0UOJZR
B0CRQG7V5B,A2W8EY4J0UOJZR
B0CQRQGWVV,A2W8EY4J0UOJZR
B0CPX4RJXZ,A2W8EY4J0UOJZR
B0CPMBHXJK,A2W8EY4J0UOJZR
B0CPDPCLSJ,A2W8EY4J0UOJZR
B0CGCZ454R,A2W8EY4J0UOJZR
B0CFGNRN9N,A2W8EY4J0UOJZR
B0CF212BQG,A2W8EY4J0UOJZR
B0CD5V5CN4,A2W8EY4J0UOJZR
B0CCY9VXNQ,A2W8EY4J0UOJZR
B0CC1GH4BT,A2W8EY4J0UOJZR
B0CBWLCN3B,A2W8EY4J0UOJZR
B0C9QD45LC,A2W8EY4J0UOJZR
B0C8J5PVVM,A2W8EY4J0UOJZR
B0C8HVGPWR,A2W8EY4J0UOJZR
B0C7H4QCNY,A2W8EY4J0UOJZR
B0C7CR7JDS,A2W8EY4J0UOJZR
B0C77ZFV73,A2W8EY4J0UOJZR
B0C6Z9GVHB,A2W8EY4J0UOJZR
B0C6GYTK6G,A2W8EY4J0UOJZR
B0C53G4T7X,A2W8EY4J0UOJZR
B0BQHT6G8F,A2W8EY4J0UOJZR
B0BN5MS58K,A2W8EY4J0UOJZR
B0BMTM7W15,A2W8EY4J0UOJZR
B0BMPQPTMW,A2W8EY4J0UOJZR
B0BMP939H3,A2W8EY4J0UOJZR
B0BMLS4JK4,A2W8EY4J0UOJZR
B0BL8ZXBNC,A2W8EY4J0UOJZR
B0BHDHTLXK,A2W8EY4J0UOJZR
B0BDWFKJ7B,A2W8EY4J0UOJZR
B0BC62MR4J,A2W8EY4J0UOJZR
B0B7HWFNPK,A2W8EY4J0UOJZR
B0B31JFS5C,A2W8EY4J0UOJZR
B09ZQJ1R1S,A2W8EY4J0UOJZR
B09X36ZRF4,A2W8EY4J0UOJZR
B09WHSQMWS,A2W8EY4J0UOJZR
B09WHS6XMK,A2W8EY4J0UOJZR
B09V6T7DX3,A2W8EY4J0UOJZR
B09TJ61KK9,A2W8EY4J0UOJZR
B09SZKSG8V,A2W8EY4J0UOJZR
B09QQ7HXMS,A2W8EY4J0UOJZR
B09N73FZC4,A2W8EY4J0UOJZR
B09MVNJV4F,A2W8EY4J0UOJZR
B09M3NQPT4,A2W8EY4J0UOJZR
B09LV2YVY3,A2W8EY4J0UOJZR
B09L81BCCM,A2W8EY4J0UOJZR
B09KXCNSSC,A2W8EY4J0UOJZR
B09H69B5KJ,A2W8EY4J0UOJZR
B09F3CMQ53,A2W8EY4J0UOJZR
B097M998C9,A2W8EY4J0UOJZR
B094Y829Z1,A2W8EY4J0UOJZR
B092HY1QV5,A2W8EY4J0UOJZR
B09247GN5B,A2W8EY4J0UOJZR
B092431V8B,A2W8EY4J0UOJZR
B091C9YK9N,A2W8EY4J0UOJZR
B091C8W5V2,A2W8EY4J0UOJZR
B091C2G524,A2W8EY4J0UOJZR
B091BF6CFT,A2W8EY4J0UOJZR
B08TBG6XX7,A2W8EY4J0UOJZR
B08KHQ29ZP,A2W8EY4J0UOJZR
B08H1P2256,A2W8EY4J0UOJZR
B08FQ1T414,A2W8EY4J0UOJZR
B08CSGZ8ZQ,A2W8EY4J0UOJZR
B088F7TBV8,A2W8EY4J0UOJZR
B083TWJTLS,A2W8EY4J0UOJZR
B083JJDT84,A2W8EY4J0UOJZR
B082QTYPWP,A2W8EY4J0UOJZR
B07THGZDBH,A2W8EY4J0UOJZR
B07T872NPV,A2W8EY4J0UOJZR
B07QPL5J4M,A2W8EY4J0UOJZR
B07KBRY836,A2W8EY4J0UOJZR
B07DVLZQ1F,A2W8EY4J0UOJZR
B00OK35KBC,A2W8EY4J0UOJZR
B00OK35GZC,A2W8EY4J0UOJZR
B0DW3LSYVV,A2W8EY4J0UOJZR
B0DSYSRZ42,A2W8EY4J0UOJZR
B0DS9SWRTK,A2W8EY4J0UOJZR
B0DS2DRNH6,A2W8EY4J0UOJZR
B0DRVHN7DT,A2W8EY4J0UOJZR
B0DRFYDDYW,A2W8EY4J0UOJZR
B0DQD9TR8P,A2W8EY4J0UOJZR
B0DPFVH32L,A2W8EY4J0UOJZR
B0DPFV6M9N,A2W8EY4J0UOJZR
B0DPF63BSB,A2W8EY4J0UOJZR
B0DP294YLK,A2W8EY4J0UOJZR
B0DNLTMT3S,A2W8EY4J0UOJZR
B0DNK7CF76,A2W8EY4J0UOJZR
B0DM8TJV3F,A2W8EY4J0UOJZR
B0DM7HH9ZX,A2W8EY4J0UOJZR
B0DLW93Q15,A2W8EY4J0UOJZR
B0DLP2G21X,A2W8EY4J0UOJZR
B0DLK7MWRF,A2W8EY4J0UOJZR
B0DK7RWRWB,A2W8EY4J0UOJZR
B0DK799SS7,A2W8EY4J0UOJZR
B0DK58DS99,A2W8EY4J0UOJZR
B0DK4QVJZK,A2W8EY4J0UOJZR
B0DK3C2YM4,A2W8EY4J0UOJZR
B0DJY83CLZ,A2W8EY4J0UOJZR
B0DJW4286Y,A2W8EY4J0UOJZR
B0DJQFQNMP,A2W8EY4J0UOJZR
B0DJLWMBVJ,A2W8EY4J0UOJZR
B0DJJRH65G,A2W8EY4J0UOJZR
B0DHS2VHD3,A2W8EY4J0UOJZR
B0DHK3NR28,A2W8EY4J0UOJZR
B0DHCSTX7T,A2W8EY4J0UOJZR
B0DHCJLYDP,A2W8EY4J0UOJZR
B0D9LV349J,A2W8EY4J0UOJZR
B0D9D9NTBM,A2W8EY4J0UOJZR
B0D8T9C6CR,A2W8EY4J0UOJZR
B0D8S66ZNQ,A2W8EY4J0UOJZR
B0D8S56GGZ,A2W8EY4J0UOJZR
B0D8Q2SZDR,A2W8EY4J0UOJZR
B0D8KXZ3BY,A2W8EY4J0UOJZR
B0D8KVRZHT,A2W8EY4J0UOJZR
B0D7PB1NCG,A2W8EY4J0UOJZR
B0D7C9H92Z,A2W8EY4J0UOJZR
B0D78T82L6,A2W8EY4J0UOJZR
B0D5XW6V6Z,A2W8EY4J0UOJZR
B0D5V1R561,A2W8EY4J0UOJZR
B0D5MB6X4Q,A2W8EY4J0UOJZR
B0D5JK6XSF,A2W8EY4J0UOJZR
B0D56XZXFH,A2W8EY4J0UOJZR
B0CYLBS9N3,A2W8EY4J0UOJZR
B0CTKMDRRK,A2W8EY4J0UOJZR
B0CRVTS7Z4,A2W8EY4J0UOJZR
B0CRVRB42Z,A2W8EY4J0UOJZR
B0CR46X6FV,A2W8EY4J0UOJZR
B0CQS5ZQ78,A2W8EY4J0UOJZR
B0CQ21P868,A2W8EY4J0UOJZR
B0CPT9SVZG,A2W8EY4J0UOJZR
B0CP7NSLH4,A2W8EY4J0UOJZR
B0CNW57P2W,A2W8EY4J0UOJZR
B0CNH655YY,A2W8EY4J0UOJZR
B0CNC9PKRF,A2W8EY4J0UOJZR
B0CKSZL3H3,A2W8EY4J0UOJZR
B0CJV83HGY,A2W8EY4J0UOJZR
B0CJMN8QR5,A2W8EY4J0UOJZR
B0CJ8XMFFC,A2W8EY4J0UOJZR
B0D52ZP17V,A2W8EY4J0UOJZR
B0D4VGJ51T,A2W8EY4J0UOJZR
B0D4QNZQC3,A2W8EY4J0UOJZR
B0D47TVXM4,A2W8EY4J0UOJZR
B0D474TJVK,A2W8EY4J0UOJZR
B0D4553RW4,A2W8EY4J0UOJZR
B0D3F21P6S,A2W8EY4J0UOJZR
B0D2W23JN5,A2W8EY4J0UOJZR
B0D2MHLQB5,A2W8EY4J0UOJZR
B0D2KRX41T,A2W8EY4J0UOJZR
B0D1QMCSYK,A2W8EY4J0UOJZR
B0D1NWX45Q,A2W8EY4J0UOJZR
B0D1GDZ4GD,A2W8EY4J0UOJZR
B0D1G92R9K,A2W8EY4J0UOJZR
B0D12DJ6ZQ,A2W8EY4J0UOJZR
B0CZ4GFCY2,A2W8EY4J0UOJZR
B0CFTPD2Z6,A2W8EY4J0UOJZR
B0CFQCB4LK,A2W8EY4J0UOJZR
B0CCCRSSRX,A2W8EY4J0UOJZR
B0C6XSKNHX,A2W8EY4J0UOJZR
B0C5XT4F4J,A2W8EY4J0UOJZR
B0C4TP1NT3,A2W8EY4J0UOJZR
B0C4STLTX6,A2W8EY4J0UOJZR
B0C35D7RD4,A2W8EY4J0UOJZR
B0C33W8GQK,A2W8EY4J0UOJZR
B0C2BWFB24,A2W8EY4J0UOJZR
B0BZMMWHGG,A2W8EY4J0UOJZR
B0BZ38C2PL,A2W8EY4J0UOJZR
B0BYVMY5WZ,A2W8EY4J0UOJZR
B0BWVYY3S7,A2W8EY4J0UOJZR
B0BRKPCZZT,A2W8EY4J0UOJZR
B0BRCN6MRT,A2W8EY4J0UOJZR
B0BP87Z7RQ,A2W8EY4J0UOJZR
B0BP6LBP92,A2W8EY4J0UOJZR
B0BN5D68CG,A2W8EY4J0UOJZR
B0BJ24PR83,A2W8EY4J0UOJZR
B0BJ1X7SR5,A2W8EY4J0UOJZR
B0BJ1WQ6QG,A2W8EY4J0UOJZR
B0BHX7ZZ45,A2W8EY4J0UOJZR
B0B8XD18YK,A2W8EY4J0UOJZR
B0B49H9RYY,A2W8EY4J0UOJZR
B09WHPK8LY,A2W8EY4J0UOJZR
B09TL5GR4S,A2W8EY4J0UOJZR
B09PYK46MD,A2W8EY4J0UOJZR
B09P8L8Y4X,A2W8EY4J0UOJZR
B09D52GR3Y,A2W8EY4J0UOJZR
B09B1XGZZ7,A2W8EY4J0UOJZR
B099FD9LN2,A2W8EY4J0UOJZR
B08Z37P6Q1,A2W8EY4J0UOJZR
B08NTH5JGB,A2W8EY4J0UOJZR
B08L7FDNMG,A2W8EY4J0UOJZR
B08CVR24MD,A2W8EY4J0UOJZR
B08BJ2Y7KS,A2W8EY4J0UOJZR
B089PZCTHF,A2W8EY4J0UOJZR
B085DSTS9Y,A2W8EY4J0UOJZR
B07X424VSD,A2W8EY4J0UOJZR
B07TS5QLNP,A2W8EY4J0UOJZR
B07PDZYT5P,A2W8EY4J0UOJZR
B07N7K9413,A2W8EY4J0UOJZR
B07LFG81X2,A2W8EY4J0UOJZR
B07F6W11D2,A2W8EY4J0UOJZR
B07B8BHMC7,A2W8EY4J0UOJZR
B00NR6YAH8,A2W8EY4J0UOJZR
B00HFCDT2M,A2W8EY4J0UOJZR
B0DH2DK89X,A2W8EY4J0UOJZR
B0DGXCR43F,A2W8EY4J0UOJZR
B0DFY4X5HB,A2W8EY4J0UOJZR
B0DFXS33RC,A2W8EY4J0UOJZR
B0DFT92BB5,A2W8EY4J0UOJZR
B0DFM63X73,A2W8EY4J0UOJZR
B0DF82ZXHH,A2W8EY4J0UOJZR
B0DF789B42,A2W8EY4J0UOJZR
B0DF1KKW7H,A2W8EY4J0UOJZR
B0DDXX3Y99,A2W8EY4J0UOJZR
B0DDJH1TKP,A2W8EY4J0UOJZR
B0DCNHB36V,A2W8EY4J0UOJZR
B0DBV6VWJ3,A2W8EY4J0UOJZR
B0DBSSKFQ4,A2W8EY4J0UOJZR
B0DBHHJ27Q,A2W8EY4J0UOJZR
B0D9W3KQ67,A2W8EY4J0UOJZR
B0C49BPVVB,A2W8EY4J0UOJZR
B0C3R7QQ2N,A2W8EY4J0UOJZR
B0C3QB82Z6,A2W8EY4J0UOJZR
B0C3CR3YPZ,A2W8EY4J0UOJZR
B0C3CQ7Y1H,A2W8EY4J0UOJZR
B0C38RTQ8X,A2W8EY4J0UOJZR
B0C369QN72,A2W8EY4J0UOJZR
B0C2Z1BSLY,A2W8EY4J0UOJZR
B0C2YCPN6B,A2W8EY4J0UOJZR
B0BZYR59Q4,A2W8EY4J0UOJZR
B0BZP2BL89,A2W8EY4J0UOJZR
B0BWDLM2W9,A2W8EY4J0UOJZR
B0BWD7GT18,A2W8EY4J0UOJZR
B0BVJ2G8Y2,A2W8EY4J0UOJZR
B0BRVJSGHS,A2W8EY4J0UOJZR
B0BRN1NC4V,A2W8EY4J0UOJZR
B0006JCE8Q,A2W8EY4J0UOJZR
B0D4HRDWY5,A2W8EY4J0UOJZR
B0DSPLW24K,A2W8EY4J0UOJZR
B0D2BG48FL,A2W8EY4J0UOJZR
B0DSG78QFT,A2W8EY4J0UOJZR
B0D1MB7T2F,A2W8EY4J0UOJZR
B0DRVMFG77,A2W8EY4J0UOJZR
B0CZ9GBM1X,A2W8EY4J0UOJZR
B0DRPM158X,A2W8EY4J0UOJZR
B0CZ9BKPQF,A2W8EY4J0UOJZR
B0DRP68TDV,A2W8EY4J0UOJZR
B0CZ8X51C7,A2W8EY4J0UOJZR
B0DRNH4RVM,A2W8EY4J0UOJZR
B0CZ8Q95C2,A2W8EY4J0UOJZR
B0DQXS7DP2,A2W8EY4J0UOJZR
B0CZ8LHJXT,A2W8EY4J0UOJZR
B0DQNMKGG1,A2W8EY4J0UOJZR
B0CZ3XF8FK,A2W8EY4J0UOJZR
B0DPX2S29M,A2W8EY4J0UOJZR
B0CZ3WZDF1,A2W8EY4J0UOJZR
B0DPNHPK6Q,A2W8EY4J0UOJZR
B0CZ3WCR3X,A2W8EY4J0UOJZR
B0DNM5XJNK,A2W8EY4J0UOJZR
B0CXM44KHB,A2W8EY4J0UOJZR
B0DN672LMN,A2W8EY4J0UOJZR
B0CWL1P2G2,A2W8EY4J0UOJZR
B0DN12KDBV,A2W8EY4J0UOJZR
B0CSC6HW9W,A2W8EY4J0UOJZR
B0DMK1VXFD,A2W8EY4J0UOJZR
B0CL26B6MJ,A2W8EY4J0UOJZR
B0DMJNZJ3M,A2W8EY4J0UOJZR
B0CKL7TXBF,A2W8EY4J0UOJZR
B0DKP1LWB3,A2W8EY4J0UOJZR
B0BNHTW5RP,A2W8EY4J0UOJZR
B0DKFSXXTV,A2W8EY4J0UOJZR
B08SLWMNKX,A2W8EY4J0UOJZR
B0DK1FQVZ6,A2W8EY4J0UOJZR
B0DJQSCR1B,A2W8EY4J0UOJZR
B0DJP7YVX3,A2W8EY4J0UOJZR
B0DJKR4BMB,A2W8EY4J0UOJZR
B0DJ993C5K,A2W8EY4J0UOJZR
B0DJ745XM2,A2W8EY4J0UOJZR
B0DHZG8X98,A2W8EY4J0UOJZR
B0DHZG4ZN9,A2W8EY4J0UOJZR
B0DHZ5JK74,A2W8EY4J0UOJZR
B0DHLB496D,A2W8EY4J0UOJZR
B0DH3CZQ3Q,A2W8EY4J0UOJZR
B0DGLXD1WP,A2W8EY4J0UOJZR
B0DG5TRFXL,A2W8EY4J0UOJZR
B0DG4QPSKT,A2W8EY4J0UOJZR
B0DG32WL85,A2W8EY4J0UOJZR
B0DFZH23QF,A2W8EY4J0UOJZR
B0DFH1PNDK,A2W8EY4J0UOJZR
B0DFGCYYZY,A2W8EY4J0UOJZR
B0DFCPGFFL,A2W8EY4J0UOJZR
B0DF2L4NTL,A2W8EY4J0UOJZR
B0DDHMRJZG,A2W8EY4J0UOJZR
B0DD7M88WD,A2W8EY4J0UOJZR
B0DD3VLT9S,A2W8EY4J0UOJZR
B0DCBSXKLH,A2W8EY4J0UOJZR
B0DBZSC5XF,A2W8EY4J0UOJZR
B0DBL7W7QT,A2W8EY4J0UOJZR
B0D9GDBLZ2,A2W8EY4J0UOJZR
B0D9B9P962,A2W8EY4J0UOJZR
B0D8L3TB7X,A2W8EY4J0UOJZR
B0D7VT7RVH,A2W8EY4J0UOJZR
B0D7V8CKPC,A2W8EY4J0UOJZR
B0D7RZ3K6M,A2W8EY4J0UOJZR
B0D7PXJWB4,A2W8EY4J0UOJZR
B0D7NYPVX3,A2W8EY4J0UOJZR
B0D7MCN254,A2W8EY4J0UOJZR
B0D6W7H9SC,A2W8EY4J0UOJZR
B0D66GXNXR,A2W8EY4J0UOJZR
B0D669G4NC,A2W8EY4J0UOJZR
B0D648GGVT,A2W8EY4J0UOJZR
B0D5QWHVDV,A2W8EY4J0UOJZR
B0D5QBSYJG,A2W8EY4J0UOJZR
B0D5M782Y4,A2W8EY4J0UOJZR
B0D4C8CYZY,A2W8EY4J0UOJZR
B0D455XZ1C,A2W8EY4J0UOJZR
B0D3HZ34W5,A2W8EY4J0UOJZR
B0D2MWRM64,A2W8EY4J0UOJZR
B0D1GHP8D2,A2W8EY4J0UOJZR
B0D1GG6VDQ,A2W8EY4J0UOJZR
B0D1GFQ685,A2W8EY4J0UOJZR
B0CXXBNLSQ,A2W8EY4J0UOJZR
B0CWH6RGRK,A2W8EY4J0UOJZR
B0CTT8D2Z5,A2W8EY4J0UOJZR
B0CT5WCC9V,A2W8EY4J0UOJZR
B0CT25MYY5,A2W8EY4J0UOJZR
B0CSYDDQZD,A2W8EY4J0UOJZR
B0CSV4CJZ5,A2W8EY4J0UOJZR
B0CSFY5L5T,A2W8EY4J0UOJZR
B0CRVGDFHQ,A2W8EY4J0UOJZR
B0CRKC8RZR,A2W8EY4J0UOJZR
B0CQPBJB3V,A2W8EY4J0UOJZR
B0CQNV26HK,A2W8EY4J0UOJZR
B0C7CVT9M7,A2W8EY4J0UOJZR
B0C73GV5WJ,A2W8EY4J0UOJZR
B0C6F48KB3,A2W8EY4J0UOJZR
B0C5D7398V,A2W8EY4J0UOJZR
B0C53CKBQ7,A2W8EY4J0UOJZR
B0C3LMQC9L,A2W8EY4J0UOJZR
B0C3HQDM2S,A2W8EY4J0UOJZR
B0BZSGQDHP,A2W8EY4J0UOJZR
B0BTVTL7QM,A2W8EY4J0UOJZR
B0BSZNVWWY,A2W8EY4J0UOJZR
B0BRKNBV8R,A2W8EY4J0UOJZR
B0BNXNRFNK,A2W8EY4J0UOJZR
B0BMFGQJMZ,A2W8EY4J0UOJZR
B0BGKV7N8V,A2W8EY4J0UOJZR
B0BGGTY72S,A2W8EY4J0UOJZR
B0BC96HXM7,A2W8EY4J0UOJZR
B0CQ4K5PT7,A2W8EY4J0UOJZR
B0CPCLP52M,A2W8EY4J0UOJZR
B0CP59QWXX,A2W8EY4J0UOJZR
B0CNW3PTXW,A2W8EY4J0UOJZR
B0CNK6B1D9,A2W8EY4J0UOJZR
B0CNGSKDN5,A2W8EY4J0UOJZR
B0CMHMS91S,A2W8EY4J0UOJZR
B0CLGS28CL,A2W8EY4J0UOJZR
B0CJBKBTLK,A2W8EY4J0UOJZR
B0CH3HZCTC,A2W8EY4J0UOJZR
B0CFKM2V99,A2W8EY4J0UOJZR
B0CFJ1YFQB,A2W8EY4J0UOJZR
B0CBN7FDRT,A2W8EY4J0UOJZR
B0CBLVWHNF,A2W8EY4J0UOJZR
B0C7KYHWX4,A2W8EY4J0UOJZR
B0C7KQLZLZ,A2W8EY4J0UOJZR
B0B9H7VG5C,A2W8EY4J0UOJZR
B0B5D87KVS,A2W8EY4J0UOJZR
B0B4WWNLYW,A2W8EY4J0UOJZR
B0B38V7CSS,A2W8EY4J0UOJZR
B0B1BRH3YD,A2W8EY4J0UOJZR
B09Z8JM4SV,A2W8EY4J0UOJZR
B09YTTTJ7Q,A2W8EY4J0UOJZR
B09RGXSG2J,A2W8EY4J0UOJZR
B09QMTC1DG,A2W8EY4J0UOJZR
B09MDGJDX4,A2W8EY4J0UOJZR
B09MDF2J15,A2W8EY4J0UOJZR
B09LLSX6LV,A2W8EY4J0UOJZR
B09LLL93Q1,A2W8EY4J0UOJZR
B09LGX6NLG,A2W8EY4J0UOJZR
B09JGMV65H,A2W8EY4J0UOJZR
B09HHJJ77J,A2W8EY4J0UOJZR
B00NJ6GCTK,A2W8EY4J0UOJZR
B0DTFW291M,A2W8EY4J0UOJZR
B0DHVQ38YC,A2W8EY4J0UOJZR
B0DSSPL4FM,A2W8EY4J0UOJZR
B0DHV273Z9,A2W8EY4J0UOJZR
B0DSKT8CG1,A2W8EY4J0UOJZR
B0DHGB77H4,A2W8EY4J0UOJZR
B0DSBL93MG,A2W8EY4J0UOJZR
B0DCNG1HHM,A2W8EY4J0UOJZR
B0DS4GKVXQ,A2W8EY4J0UOJZR
B0D8KB417J,A2W8EY4J0UOJZR
B0DRVXQWWM,A2W8EY4J0UOJZR
B0D69X6667,A2W8EY4J0UOJZR
B0DQ7WMJ5J,A2W8EY4J0UOJZR
B0D5QZNHP6,A2W8EY4J0UOJZR
B09HBJQM5S,A2W8EY4J0UOJZR
B09CLJFY3H,A2W8EY4J0UOJZR
B091T65ZJW,A2W8EY4J0UOJZR
B08SW3L8S4,A2W8EY4J0UOJZR
B089QG5B6W,A2W8EY4J0UOJZR
B082QP9W5T,A2W8EY4J0UOJZR
B07Z1WP6P7,A2W8EY4J0UOJZR
B07VCTG312,A2W8EY4J0UOJZR
B07QPWXKYW,A2W8EY4J0UOJZR
B01CAIKTIW,A2W8EY4J0UOJZR
B00SQL1SVU,A2W8EY4J0UOJZR
B00EKFEGWY,A2W8EY4J0UOJZR
B007VTTYEQ,A2W8EY4J0UOJZR
B006P89P2U,A2W8EY4J0UOJZR
B000BKJDJI,A2W8EY4J0UOJZR
B0DLNDZRYC,A2W8EY4J0UOJZR
B0C2P7HKL2,A2W8EY4J0UOJZR
B08TM2F1V9,A2W8EY4J0UOJZR
B07S8YL67G,A2W8EY4J0UOJZR
B0DN937L84,A2W8EY4J0UOJZR
B0DZ1QKQM4,A2W8EY4J0UOJZR
B0DMP6559Y,A2W8EY4J0UOJZR
B0DYDT2BV4,A2W8EY4J0UOJZR
B0DM1RKXRG,A2W8EY4J0UOJZR
B0DXKN27VP,A2W8EY4J0UOJZR
B0DNFKNDDF,A2W8EY4J0UOJZR
B0DKHJM32Y,A2W8EY4J0UOJZR
B07WHXP4HM,A2W8EY4J0UOJZR
B0DJZ3JTSF,A2W8EY4J0UOJZR
B0DXPZPBGT,A2W8EY4J0UOJZR
B0DJPCCP2G,A2W8EY4J0UOJZR
B0DTPCC3LY,A2W8EY4J0UOJZR
B0D5CYRF81,A2W8EY4J0UOJZR
B0DXVM224N,A2W8EY4J0UOJZR
B0D3JMMNPG,A2W8EY4J0UOJZR
B0DXVLRTH3,A2W8EY4J0UOJZR
B0CZXRHVVZ,A2W8EY4J0UOJZR
B0DXVBWX9X,A2W8EY4J0UOJZR
B0CZFYQMMS,A2W8EY4J0UOJZR
B0DX6N46VW,A2W8EY4J0UOJZR
B0CTH16RMV,A2W8EY4J0UOJZR
B0DW9DLJFZ,A2W8EY4J0UOJZR
B0CQY6VLXW,A2W8EY4J0UOJZR
B0DTT98JYN,A2W8EY4J0UOJZR
B0CNCQFTPB,A2W8EY4J0UOJZR
B0DTFZGJ5J,A2W8EY4J0UOJZR
B0CN5HSYV5,A2W8EY4J0UOJZR
B0DT6YDYZW,A2W8EY4J0UOJZR
B0CMB34YT6,A2W8EY4J0UOJZR
B0DSB8ZW62,A2W8EY4J0UOJZR
B0CJB9CXLQ,A2W8EY4J0UOJZR
B0DS66ZDM4,A2W8EY4J0UOJZR
B0CJ6J5KJB,A2W8EY4J0UOJZR
B0DS5ZPH4W,A2W8EY4J0UOJZR
B0CGN27RLD,A2W8EY4J0UOJZR
B0DRW4F9YC,A2W8EY4J0UOJZR
B0C98WXDJS,A2W8EY4J0UOJZR
B0DRVSNT9C,A2W8EY4J0UOJZR
B0C5QZYXDV,A2W8EY4J0UOJZR
B0DRFBNT61,A2W8EY4J0UOJZR
B0BXKXBDB4,A2W8EY4J0UOJZR
B0DRD6YGF9,A2W8EY4J0UOJZR
B0BM7HC8HR,A2W8EY4J0UOJZR
B0DRCLFM18,A2W8EY4J0UOJZR
B0B5GV9769,A2W8EY4J0UOJZR
B0DR29PVF3,A2W8EY4J0UOJZR
B09SNPNMHP,A2W8EY4J0UOJZR
B0DR1NP7J1,A2W8EY4J0UOJZR
B09HBDSMJX,A2W8EY4J0UOJZR
B0DQQ3PVPJ,A2W8EY4J0UOJZR
B09FJW1Z13,A2W8EY4J0UOJZR
B0DQKMB6QR,A2W8EY4J0UOJZR
B093YK86KZ,A2W8EY4J0UOJZR
B0DPH3G6QD,A2W8EY4J0UOJZR
B093KRWWPF,A2W8EY4J0UOJZR
B0DPCNXHPS,A2W8EY4J0UOJZR
B08QDVRDLD,A2W8EY4J0UOJZR
B0DP3Y9G31,A2W8EY4J0UOJZR
B00PRUFL5C,A2W8EY4J0UOJZR
B0DP39YKNZ,A2W8EY4J0UOJZR
B0DHTSJSGR,A2W8EY4J0UOJZR
B0DHBV769J,A2W8EY4J0UOJZR
B0DH38KM1K,A2W8EY4J0UOJZR
B0DGQLG1ZZ,A2W8EY4J0UOJZR
B0DGQ14PCX,A2W8EY4J0UOJZR
B0DFWXQT7K,A2W8EY4J0UOJZR
B0DFQ2FVNS,A2W8EY4J0UOJZR
B0DFC65BHL,A2W8EY4J0UOJZR
B0DFBB87VT,A2W8EY4J0UOJZR
B0DDY2TC3Z,A2W8EY4J0UOJZR
B0DDXH7NFS,A2W8EY4J0UOJZR
B0DDC3G8XF,A2W8EY4J0UOJZR
B0DC9QLGCS,A2W8EY4J0UOJZR
B0DBRFGVQW,A2W8EY4J0UOJZR
B0DBM9K5LN,A2W8EY4J0UOJZR
B0D9V8PN65,A2W8EY4J0UOJZR
B0D543NGMS,A2W8EY4J0UOJZR
B0D53LLWKV,A2W8EY4J0UOJZR
B0D4KCCVZB,A2W8EY4J0UOJZR
B0D3KTWKYJ,A2W8EY4J0UOJZR
B0D2W46VFJ,A2W8EY4J0UOJZR
B0D2HBB567,A2W8EY4J0UOJZR
B0D261NMSS,A2W8EY4J0UOJZR
B0D1K6BMCR,A2W8EY4J0UOJZR
B0D1GDM7N6,A2W8EY4J0UOJZR
B0D1FWZ2SG,A2W8EY4J0UOJZR
B0CZKD8JXD,A2W8EY4J0UOJZR
B0CZ7FG3CG,A2W8EY4J0UOJZR
B0CZ4GTJMN,A2W8EY4J0UOJZR
B0CYPWJ4R2,A2W8EY4J0UOJZR
B0CYGZ2PJK,A2W8EY4J0UOJZR
B0CYCHCL7R,A2W8EY4J0UOJZR
B0CYCG1L4V,A2W8EY4J0UOJZR
B0CY1VL61C,A2W8EY4J0UOJZR
B0CXHXL5XR,A2W8EY4J0UOJZR
B0CXDPK486,A2W8EY4J0UOJZR
B0CXDM98Z6,A2W8EY4J0UOJZR
B0CX97DKTQ,A2W8EY4J0UOJZR
B0CVRNGRK3,A2W8EY4J0UOJZR
B0CTLH6KYH,A2W8EY4J0UOJZR
B0CTGD1VR1,A2W8EY4J0UOJZR
B0CRZ15PSB,A2W8EY4J0UOJZR
B0CRRQY3YS,A2W8EY4J0UOJZR
B0CR97NNH6,A2W8EY4J0UOJZR
B0CR7VZGKS,A2W8EY4J0UOJZR
B0CQQJ3J7R,A2W8EY4J0UOJZR
B0CNRGFXRB,A2W8EY4J0UOJZR
B0CN94XYLC,A2W8EY4J0UOJZR
B0DNQJPYQF,A2W8EY4J0UOJZR
B0DNM1Y1CD,A2W8EY4J0UOJZR
B0DM1ZVZ6N,A2W8EY4J0UOJZR
B0DLKYP1X4,A2W8EY4J0UOJZR
B0DLFW3DMZ,A2W8EY4J0UOJZR
B0DL5QHZMY,A2W8EY4J0UOJZR
B0DL55TS25,A2W8EY4J0UOJZR
B0DKFKLQ19,A2W8EY4J0UOJZR
B0DKBFKQHG,A2W8EY4J0UOJZR
B0DK7318JV,A2W8EY4J0UOJZR
B0DK72WX2T,A2W8EY4J0UOJZR
B0DK3DY9TZ,A2W8EY4J0UOJZR
B0DJW4SXZJ,A2W8EY4J0UOJZR
B0DJW4G8YW,A2W8EY4J0UOJZR
B0DJ918NNN,A2W8EY4J0UOJZR
B0DJ6LPFPL,A2W8EY4J0UOJZR
B0C9WLPJRG,A2W8EY4J0UOJZR
B0C9Q41RSK,A2W8EY4J0UOJZR
B0C9HY8ZNX,A2W8EY4J0UOJZR
B0C9DF1TY9,A2W8EY4J0UOJZR
B0C98JHLXV,A2W8EY4J0UOJZR
B0C7CL1D5G,A2W8EY4J0UOJZR
B0C69HFSCB,A2W8EY4J0UOJZR
B0C5CN22RF,A2W8EY4J0UOJZR
B0C593GCSN,A2W8EY4J0UOJZR
B0C4KR3HB6,A2W8EY4J0UOJZR
B0C38T17DW,A2W8EY4J0UOJZR
B0C38SHPFK,A2W8EY4J0UOJZR
B0C2SVKBDF,A2W8EY4J0UOJZR
B0BYYX5B77,A2W8EY4J0UOJZR
B0BYNR8LTS,A2W8EY4J0UOJZR
B0BXXZPQWK,A2W8EY4J0UOJZR
B0CLYHTWQG,A2W8EY4J0UOJZR
B0CLMK8TSF,A2W8EY4J0UOJZR
B0CKVZSFFX,A2W8EY4J0UOJZR
B0CKDYQXDJ,A2W8EY4J0UOJZR
B0CJM46SGZ,A2W8EY4J0UOJZR
B0CJ81RP3P,A2W8EY4J0UOJZR
B0CHVGQW58,A2W8EY4J0UOJZR
B0CGWH9M6K,A2W8EY4J0UOJZR
B0CGCYHQBD,A2W8EY4J0UOJZR
B0CF5MDJK8,A2W8EY4J0UOJZR
B0CDS8VDPS,A2W8EY4J0UOJZR
B0CCPBH1BD,A2W8EY4J0UOJZR
B0CCL7SKPR,A2W8EY4J0UOJZR
B0CCKZDNR5,A2W8EY4J0UOJZR
B0CCJL4PFM,A2W8EY4J0UOJZR
B0CBDBC239,A2W8EY4J0UOJZR
B0BB6YMV75,A2W8EY4J0UOJZR
B0B9KS77WL,A2W8EY4J0UOJZR
B0B36G2Y9C,A2W8EY4J0UOJZR
B0B36CBV2C,A2W8EY4J0UOJZR
B0B2DLVL64,A2W8EY4J0UOJZR
B09ZKDZF9X,A2W8EY4J0UOJZR
B09X94FK6T,A2W8EY4J0UOJZR
B09WHR8X6N,A2W8EY4J0UOJZR
B09TJ1N13Z,A2W8EY4J0UOJZR
B09T9322D3,A2W8EY4J0UOJZR
B09Q92T15D,A2W8EY4J0UOJZR
B09MRKQMDB,A2W8EY4J0UOJZR
B09KQJ59HZ,A2W8EY4J0UOJZR
B09HRX6NWS,A2W8EY4J0UOJZR
B09GMLDYRV,A2W8EY4J0UOJZR
B09B5RFVKG,A2W8EY4J0UOJZR
B095N5LLQ3,A2W8EY4J0UOJZR
B0928BNQJL,A2W8EY4J0UOJZR
B08YN99HCP,A2W8EY4J0UOJZR
B08R55BLRR,A2W8EY4J0UOJZR
B08HYWD9NH,A2W8EY4J0UOJZR
B08DMPD2VQ,A2W8EY4J0UOJZR
B089SKHWY3,A2W8EY4J0UOJZR
B087ZRWY3W,A2W8EY4J0UOJZR
B086XK4GC7,A2W8EY4J0UOJZR
B07SN3JC2J,A2W8EY4J0UOJZR
B07PSKRKX5,A2W8EY4J0UOJZR
B07MDGQLJW,A2W8EY4J0UOJZR
B07HGQTL17,A2W8EY4J0UOJZR
B074X8H835,A2W8EY4J0UOJZR
B0721D749Q,A2W8EY4J0UOJZR
B01N7VDPZY,A2W8EY4J0UOJZR
B0D9QMS149,A2W8EY4J0UOJZR
B0D9JV1HXN,A2W8EY4J0UOJZR
B0D8VYWZPD,A2W8EY4J0UOJZR
B0D8VY2SF8,A2W8EY4J0UOJZR
B0D8Q5T9BV,A2W8EY4J0UOJZR
B0D81DXBXL,A2W8EY4J0UOJZR
B0D7VRWGH8,A2W8EY4J0UOJZR
B0D7S5TTTF,A2W8EY4J0UOJZR
B0D7MFFW6J,A2W8EY4J0UOJZR
B0D789WLLH,A2W8EY4J0UOJZR
B0D731WSYF,A2W8EY4J0UOJZR
B0D72NH9T2,A2W8EY4J0UOJZR
B0D5VVXWRH,A2W8EY4J0UOJZR
B0D5CGSVWN,A2W8EY4J0UOJZR
B0D56N2VR4,A2W8EY4J0UOJZR
B0D547HD6T,A2W8EY4J0UOJZR
B01M7RFRTX,A2W8EY4J0UOJZR
B01CAUD0MC,A2W8EY4J0UOJZR
B00HAHCQN0,A2W8EY4J0UOJZR
B00A9XBGZQ,A2W8EY4J0UOJZR
B009XE8DFS,A2W8EY4J0UOJZR
B002NERYTQ,A2W8EY4J0UOJZR
B001CRF7MG,A2W8EY4J0UOJZR
B000LF1OZE,A2W8EY4J0UOJZR
B0000AVCCZ,A2W8EY4J0UOJZR
B0DF2NN5HC,A2W8EY4J0UOJZR
B0DD7W61B5,A2W8EY4J0UOJZR
B0D8Q7Z71Y,A2W8EY4J0UOJZR
B0D7CV2G7V,A2W8EY4J0UOJZR
B0DSJRN9GP,A2W8EY4J0UOJZR
B0BX3QYD58,A2W8EY4J0UOJZR
B0BW94BVXW,A2W8EY4J0UOJZR
B0BSH2TH1R,A2W8EY4J0UOJZR
B0BS73D65K,A2W8EY4J0UOJZR
B0BR59NF6B,A2W8EY4J0UOJZR
B0BR58HWGW,A2W8EY4J0UOJZR
B0BQBKXCML,A2W8EY4J0UOJZR
B0BP7P83RG,A2W8EY4J0UOJZR
B0BNL2CCDM,A2W8EY4J0UOJZR
B0BMQ9NP6H,A2W8EY4J0UOJZR
B0BLN1YS3L,A2W8EY4J0UOJZR
B0BKRXPBGD,A2W8EY4J0UOJZR
B0BG7ZGDGC,A2W8EY4J0UOJZR
B0BFFPF3QS,A2W8EY4J0UOJZR
B0BFFMHFKD,A2W8EY4J0UOJZR
B0BCYT53J1,A2W8EY4J0UOJZR
B0DSJ2VT6Z,A2W8EY4J0UOJZR
B0DSC1Y4WC,A2W8EY4J0UOJZR
B0DSC1DHNN,A2W8EY4J0UOJZR
B0DS9JWQZ5,A2W8EY4J0UOJZR
B0DFZTY6XS,A2W8EY4J0UOJZR
B0DS63PJ13,A2W8EY4J0UOJZR
B0DCZ8SP1J,A2W8EY4J0UOJZR
B0DRCZ5L89,A2W8EY4J0UOJZR
B0D8Q7WYT4,A2W8EY4J0UOJZR
B0DRCW3XT9,A2W8EY4J0UOJZR
B0D8Q6WWKS,A2W8EY4J0UOJZR
B0CMQ2YW71,A2W8EY4J0UOJZR
B0DJVP8VD1,A2W8EY4J0UOJZR
B0F1CTCX3T,A2W8EY4J0UOJZR
B0DJ2914YH,A2W8EY4J0UOJZR
B0DYJKZGD6,A2W8EY4J0UOJZR
B0DHZNB7C9,A2W8EY4J0UOJZR
B0DYDBHF28,A2W8EY4J0UOJZR
B0DHVNRW5M,A2W8EY4J0UOJZR
B0BMKZ38HX,A2W8EY4J0UOJZR
B0CTMB9DNY,A2W8EY4J0UOJZR
B0DK554HD8,A2W8EY4J0UOJZR
B08YMFXP6M,A2W8EY4J0UOJZR
B0DHXRTLDK,A2W8EY4J0UOJZR
B0F18TWSSB,A2W8EY4J0UOJZR
B0DHK6QS42,A2W8EY4J0UOJZR
B0DHQSVR71,A2W8EY4J0UOJZR
B0DWMV4481,A2W8EY4J0UOJZR
B0DGGYFHFB,A2W8EY4J0UOJZR
B0DWFJNZPT,A2W8EY4J0UOJZR
B0DFWHLV97,A2W8EY4J0UOJZR
B0DW9FQQ1C,A2W8EY4J0UOJZR
B0DDTCGH51,A2W8EY4J0UOJZR
B0DTG1WBRZ,A2W8EY4J0UOJZR
B0DDT9ZMWS,A2W8EY4J0UOJZR
B0DSWBCHGR,A2W8EY4J0UOJZR
B0D9VZQJDF,A2W8EY4J0UOJZR
B0DSVZ4VJL,A2W8EY4J0UOJZR
B0D86YQ5J8,A2W8EY4J0UOJZR
B0DST9Y8MR,A2W8EY4J0UOJZR
B0D7Z4RXWZ,A2W8EY4J0UOJZR
B0DST8HG55,A2W8EY4J0UOJZR
B0D6368B24,A2W8EY4J0UOJZR
B0DSP8HCJV,A2W8EY4J0UOJZR
B0D3X1W44Z,A2W8EY4J0UOJZR
B0DSL2D323,A2W8EY4J0UOJZR
B0D3DZWV13,A2W8EY4J0UOJZR
B0DSFSDRT4,A2W8EY4J0UOJZR
B0D39X1GNS,A2W8EY4J0UOJZR
B0DSF5RRHN,A2W8EY4J0UOJZR
B0D1TP8Z92,A2W8EY4J0UOJZR
B0DS9J1N8S,A2W8EY4J0UOJZR
B0D14MMK7Y,A2W8EY4J0UOJZR
B0DS91SDDT,A2W8EY4J0UOJZR
B0CY2M86S1,A2W8EY4J0UOJZR
B0DRPB4RBJ,A2W8EY4J0UOJZR
B0CP481976,A2W8EY4J0UOJZR
B0DRD5YM91,A2W8EY4J0UOJZR
B0C7CGP7NY,A2W8EY4J0UOJZR
B0DR8F5N9M,A2W8EY4J0UOJZR
B0BL7313F1,A2W8EY4J0UOJZR
B0DR75C38G,A2W8EY4J0UOJZR
B0BC16VB7T,A2W8EY4J0UOJZR
B0DQXYH3RP,A2W8EY4J0UOJZR
B0B8CRCC6X,A2W8EY4J0UOJZR
B0DQTXZ3JK,A2W8EY4J0UOJZR
B08QCSHB1X,A2W8EY4J0UOJZR
B0DQNV83C4,A2W8EY4J0UOJZR
B089GRY28V,A2W8EY4J0UOJZR
B0DQL1G2LL,A2W8EY4J0UOJZR
B084PBTT15,A2W8EY4J0UOJZR
B0DQDNSJTW,A2W8EY4J0UOJZR
B07Q188SNW,A2W8EY4J0UOJZR
B0DQ3PCVBD,A2W8EY4J0UOJZR
B0DHZCGHPY,A2W8EY4J0UOJZR
B0DHZ3KRHR,A2W8EY4J0UOJZR
B0DGTB37SR,A2W8EY4J0UOJZR
B0DGSD72WR,A2W8EY4J0UOJZR
B0DGK2VJ5Y,A2W8EY4J0UOJZR
B0DG7WGY7M,A2W8EY4J0UOJZR
B0DG4WNNB3,A2W8EY4J0UOJZR
B0DFWWQ9FR,A2W8EY4J0UOJZR
B0DFBLV554,A2W8EY4J0UOJZR
B0DF7YMGVT,A2W8EY4J0UOJZR
B0DF6NG2V4,A2W8EY4J0UOJZR
B0DF52MB6Y,A2W8EY4J0UOJZR
B0DDH456BX,A2W8EY4J0UOJZR
B0DCB6XJSV,A2W8EY4J0UOJZR
B0DBPKTJL8,A2W8EY4J0UOJZR
B0DBLFQJYR,A2W8EY4J0UOJZR
B0DB5WB2MX,A2W8EY4J0UOJZR
B0DB1QQJTM,A2W8EY4J0UOJZR
B0D9LYF1ZH,A2W8EY4J0UOJZR
B0D9KFMP7F,A2W8EY4J0UOJZR
B0D955K373,A2W8EY4J0UOJZR
B0D92SMC8Q,A2W8EY4J0UOJZR
B0D8SDMSDJ,A2W8EY4J0UOJZR
B0D8HZSQTT,A2W8EY4J0UOJZR
B0D8769VJJ,A2W8EY4J0UOJZR
B0D8383KKM,A2W8EY4J0UOJZR
B0D7H483ZR,A2W8EY4J0UOJZR
B0D6VVFH38,A2W8EY4J0UOJZR
B0D6RVFTRB,A2W8EY4J0UOJZR
B0D6K3L8B2,A2W8EY4J0UOJZR
B0D6FTZ31S,A2W8EY4J0UOJZR
B0D5QR2TWJ,A2W8EY4J0UOJZR
B0DPZWTMN1,A2W8EY4J0UOJZR
B0DPZ1XF37,A2W8EY4J0UOJZR
B0DPN7J5NZ,A2W8EY4J0UOJZR
B0DNDPXYMG,A2W8EY4J0UOJZR
B0DMZ373NR,A2W8EY4J0UOJZR
B0DMW1PWJF,A2W8EY4J0UOJZR
B0DMK8K91R,A2W8EY4J0UOJZR
B0DMJG82Z4,A2W8EY4J0UOJZR
B0DL5QJK7M,A2W8EY4J0UOJZR
B0DKSDX4KN,A2W8EY4J0UOJZR
B0DKF6QVLC,A2W8EY4J0UOJZR
B0DK6PJV1M,A2W8EY4J0UOJZR
B0DJX82JHC,A2W8EY4J0UOJZR
B0DJW7JXMH,A2W8EY4J0UOJZR
B0DJSP6JDG,A2W8EY4J0UOJZR
B0DJ11QDK8,A2W8EY4J0UOJZR
B0CYCKFQBZ,A2W8EY4J0UOJZR
B0CY9H3XWP,A2W8EY4J0UOJZR
B0CY2MH56W,A2W8EY4J0UOJZR
B0CXDMYWS4,A2W8EY4J0UOJZR
B0CXDKG3C7,A2W8EY4J0UOJZR
B0CXDG8V2C,A2W8EY4J0UOJZR
B0CW2N65VW,A2W8EY4J0UOJZR
B0CVS16TW5,A2W8EY4J0UOJZR
B0CT5RW7BJ,A2W8EY4J0UOJZR
B0CSCL34QZ,A2W8EY4J0UOJZR
B0CRPSNQFN,A2W8EY4J0UOJZR
B0CRKRWBSV,A2W8EY4J0UOJZR
B0CR6JJ4MV,A2W8EY4J0UOJZR
B0CR48VT24,A2W8EY4J0UOJZR
B0CQXS1RC2,A2W8EY4J0UOJZR
B0CQ2LGV43,A2W8EY4J0UOJZR
B0BPCMTBDV,A2W8EY4J0UOJZR
B0BMLXYPF9,A2W8EY4J0UOJZR
B0BLVCZ6PF,A2W8EY4J0UOJZR
B0BL2HP1CN,A2W8EY4J0UOJZR
B0BK47TXQK,A2W8EY4J0UOJZR
B0BJVVR368,A2W8EY4J0UOJZR
B0BHHBH65K,A2W8EY4J0UOJZR
B0BGXSKPXH,A2W8EY4J0UOJZR
B0BGLMPVZN,A2W8EY4J0UOJZR
B0BCDM7KJV,A2W8EY4J0UOJZR
B0B93C5QH1,A2W8EY4J0UOJZR
B0B7LLSC26,A2W8EY4J0UOJZR
B0B7L55BZ3,A2W8EY4J0UOJZR
B0B7KP1GG9,A2W8EY4J0UOJZR
B0B7KMZMVJ,A2W8EY4J0UOJZR
B0B7KMGP93,A2W8EY4J0UOJZR
B0CPDCYDVF,A2W8EY4J0UOJZR
B0CP6VKQX9,A2W8EY4J0UOJZR
B0CP1VJD82,A2W8EY4J0UOJZR
B0CNZBH3NR,A2W8EY4J0UOJZR
B0CNVLDMZB,A2W8EY4J0UOJZR
B0CNMZF14T,A2W8EY4J0UOJZR
B0CN8LQLN3,A2W8EY4J0UOJZR
B0CN5PP5KJ,A2W8EY4J0UOJZR
B0CMWY3KJ6,A2W8EY4J0UOJZR
B0CMW8DXRW,A2W8EY4J0UOJZR
B0CLRCFNDY,A2W8EY4J0UOJZR
B0CLLSJMZW,A2W8EY4J0UOJZR
B0CLKJVFGL,A2W8EY4J0UOJZR
B0CKYLZ9BF,A2W8EY4J0UOJZR
B0CJ6RSJXC,A2W8EY4J0UOJZR
B0CG2V4C4X,A2W8EY4J0UOJZR
B0CDLSMB9Y,A2W8EY4J0UOJZR
B0CCHNJ5PF,A2W8EY4J0UOJZR
B0CC1XQ29T,A2W8EY4J0UOJZR
B0CBMLB137,A2W8EY4J0UOJZR
B0CBM2QG22,A2W8EY4J0UOJZR
B0C5HLKTZJ,A2W8EY4J0UOJZR
B0C3LKNW4Z,A2W8EY4J0UOJZR
B0C1VLZ5FT,A2W8EY4J0UOJZR
B0C12VNYYS,A2W8EY4J0UOJZR
B0BZ7Z7ZV9,A2W8EY4J0UOJZR
B0BY4V7J4J,A2W8EY4J0UOJZR
B0BW7KJ4X2,A2W8EY4J0UOJZR
B0BV9MJ1TP,A2W8EY4J0UOJZR
B0BSBHH3DQ,A2W8EY4J0UOJZR
B0BS6QV3LP,A2W8EY4J0UOJZR
B0BPSP4CH9,A2W8EY4J0UOJZR
B0D54DKB3G,A2W8EY4J0UOJZR
B0D542LHXF,A2W8EY4J0UOJZR
B0D541X7K5,A2W8EY4J0UOJZR
B0D53ZX76H,A2W8EY4J0UOJZR
B0D4ZCD3TG,A2W8EY4J0UOJZR
B0D4YWVCNL,A2W8EY4J0UOJZR
B0D48MZPHX,A2W8EY4J0UOJZR
B0D3TJBX37,A2W8EY4J0UOJZR
B0D3KLZCCH,A2W8EY4J0UOJZR
B0D3HK4Q96,A2W8EY4J0UOJZR
B0D2P5SXST,A2W8EY4J0UOJZR
B0D2HKD6K7,A2W8EY4J0UOJZR
B0D2C53NJC,A2W8EY4J0UOJZR
B0D1FTW432,A2W8EY4J0UOJZR
B0D17LDLFF,A2W8EY4J0UOJZR
B0CZQT9W6V,A2W8EY4J0UOJZR
B0B7KL6FH2,A2W8EY4J0UOJZR
B0B7BDNW17,A2W8EY4J0UOJZR
B0B656N6MV,A2W8EY4J0UOJZR
B0B58QHYYQ,A2W8EY4J0UOJZR
B0B3GNYZG3,A2W8EY4J0UOJZR
B0B36DPLL4,A2W8EY4J0UOJZR
B0B2DM68XH,A2W8EY4J0UOJZR
B09ZXH9QYV,A2W8EY4J0UOJZR
B09YTYPNQ8,A2W8EY4J0UOJZR
B09MN135VQ,A2W8EY4J0UOJZR
B09MHWLZFQ,A2W8EY4J0UOJZR
B09KXFLC2C,A2W8EY4J0UOJZR
B09GT48J97,A2W8EY4J0UOJZR
B09D9HM1KT,A2W8EY4J0UOJZR
B0967S8TK5,A2W8EY4J0UOJZR
B095YRG97Z,A2W8EY4J0UOJZR
B09497PM6Y,A2W8EY4J0UOJZR
B093KDX32N,A2W8EY4J0UOJZR
B0929CQSX4,A2W8EY4J0UOJZR
B08XVTVH2C,A2W8EY4J0UOJZR
B08JVF3LG8,A2W8EY4J0UOJZR
B08HJS97DP,A2W8EY4J0UOJZR
B086BW5KZD,A2W8EY4J0UOJZR
B07VMY41JT,A2W8EY4J0UOJZR
B07SJC5DV8,A2W8EY4J0UOJZR
B07RXJVP5R,A2W8EY4J0UOJZR
B07PY1TXRG,A2W8EY4J0UOJZR
B07N1537NF,A2W8EY4J0UOJZR
B07LCLVLCQ,A2W8EY4J0UOJZR
B07L55Z389,A2W8EY4J0UOJZR
B07D7WYBD5,A2W8EY4J0UOJZR
B07CMPR8VC,A2W8EY4J0UOJZR
B079M58MPT,A2W8EY4J0UOJZR
B0716NMYXZ,A2W8EY4J0UOJZR
B01AGQD76G,A2W8EY4J0UOJZR
B00VV5GPWA,A2W8EY4J0UOJZR
B00S7LI2OU,A2W8EY4J0UOJZR
B001G12XKM,A2W8EY4J0UOJZR
B0DT6NDLP5,A2W8EY4J0UOJZR
B0DHG67SB2,A2W8EY4J0UOJZR
B0DSQ7C9K8,A2W8EY4J0UOJZR
B0DGNZGDMD,A2W8EY4J0UOJZR
B0DSL5H2B7,A2W8EY4J0UOJZR
B0DD7NGBCX,A2W8EY4J0UOJZR
B0DSGBTR33,A2W8EY4J0UOJZR
B0DCKFWJR9,A2W8EY4J0UOJZR
B0DSFGLX84,A2W8EY4J0UOJZR
B0D9YTWJBR,A2W8EY4J0UOJZR
B0DSBBC5F3,A2W8EY4J0UOJZR
B0D7YTY1M3,A2W8EY4J0UOJZR
B0DS1V2C5V,A2W8EY4J0UOJZR
B0D3XKN49Z,A2W8EY4J0UOJZR
B0DRWWN2XD,A2W8EY4J0UOJZR
B0D2R1T13C,A2W8EY4J0UOJZR
B0DRSF12K6,A2W8EY4J0UOJZR
B0CYWZH4HP,A2W8EY4J0UOJZR
B0DRP5KCMS,A2W8EY4J0UOJZR
B0CYGQ6896,A2W8EY4J0UOJZR
B0DRFC4T1R,A2W8EY4J0UOJZR
B0CXXNCKX9,A2W8EY4J0UOJZR
B0DR2KDHRV,A2W8EY4J0UOJZR
B0CTX6H6W8,A2W8EY4J0UOJZR
B0DQVLRWTN,A2W8EY4J0UOJZR
B0CSKS6SRX,A2W8EY4J0UOJZR
B0DQVF87Z4,A2W8EY4J0UOJZR
B0CSCW6RJS,A2W8EY4J0UOJZR
B0DQSD7GB8,A2W8EY4J0UOJZR
B0CQYX3HD9,A2W8EY4J0UOJZR
B0DQDD5R3V,A2W8EY4J0UOJZR
B0CQCF19T3,A2W8EY4J0UOJZR
B0DQ2665YT,A2W8EY4J0UOJZR
B0CQ5BMQP4,A2W8EY4J0UOJZR
B0DQ1575HN,A2W8EY4J0UOJZR
B0CPTTJRFR,A2W8EY4J0UOJZR
B0DPVZHQ89,A2W8EY4J0UOJZR
B0CNSQLJ11,A2W8EY4J0UOJZR
B0DPR9BLY4,A2W8EY4J0UOJZR
B0CLV98M4H,A2W8EY4J0UOJZR
B0DPMBV3D4,A2W8EY4J0UOJZR
B0CJJRTCY6,A2W8EY4J0UOJZR
B0DPHDKXR8,A2W8EY4J0UOJZR
B0CGQTPN8F,A2W8EY4J0UOJZR
B0DPFZCZ83,A2W8EY4J0UOJZR
B0CGL6R5WM,A2W8EY4J0UOJZR
B0DPFSQ6VL,A2W8EY4J0UOJZR
B0CFWFQ9PW,A2W8EY4J0UOJZR
B0DPCCJQ8Z,A2W8EY4J0UOJZR
B0CCVQ7W3B,A2W8EY4J0UOJZR
B0DP9Y6D2N,A2W8EY4J0UOJZR
B0C8BNJ4LC,A2W8EY4J0UOJZR
B0DP6R8DWY,A2W8EY4J0UOJZR
B0C38TCRRM,A2W8EY4J0UOJZR
B0DNYLL711,A2W8EY4J0UOJZR
B0C14H5FZZ,A2W8EY4J0UOJZR
B0DNT2K19P,A2W8EY4J0UOJZR
B0BWN7BTNH,A2W8EY4J0UOJZR
B0DNSZSP8G,A2W8EY4J0UOJZR
B0BVRLPBJD,A2W8EY4J0UOJZR
B0DM4TW274,A2W8EY4J0UOJZR
B0BT3PQKF1,A2W8EY4J0UOJZR
B0DM1LJ3V9,A2W8EY4J0UOJZR
B0BRB2GQFH,A2W8EY4J0UOJZR
B0DLMCJ3CG,A2W8EY4J0UOJZR
B0BG271XF1,A2W8EY4J0UOJZR
B0DLKRD63Z,A2W8EY4J0UOJZR
B0BF54NQKV,A2W8EY4J0UOJZR
B0DLKF6BB7,A2W8EY4J0UOJZR
B0B9RWG7LB,A2W8EY4J0UOJZR
B0DLH224V2,A2W8EY4J0UOJZR
B0B9RV1HGC,A2W8EY4J0UOJZR
B0DL263NFM,A2W8EY4J0UOJZR
B0B92BGFT7,A2W8EY4J0UOJZR
B0DKP2CY84,A2W8EY4J0UOJZR
B0B74HLVHW,A2W8EY4J0UOJZR
B0DKNXXNH9,A2W8EY4J0UOJZR
B0B572FVKY,A2W8EY4J0UOJZR
B0DKN7JTTX,A2W8EY4J0UOJZR
B0B31RKDFF,A2W8EY4J0UOJZR
B0DK6LBRG5,A2W8EY4J0UOJZR
B09ZJD6BKX,A2W8EY4J0UOJZR
B0DJSXHSHP,A2W8EY4J0UOJZR
B09XB789Q3,A2W8EY4J0UOJZR
B0DJRMG1JD,A2W8EY4J0UOJZR
B09J8XR7FL,A2W8EY4J0UOJZR
B0DJ25W6DM,A2W8EY4J0UOJZR
B09BZBM9Z2,A2W8EY4J0UOJZR
B0DHZYV1HK,A2W8EY4J0UOJZR
B0993HCNZ7,A2W8EY4J0UOJZR
B0DHGXGD35,A2W8EY4J0UOJZR
B0967C1HLL,A2W8EY4J0UOJZR
B0DG7KLTLM,A2W8EY4J0UOJZR
B093JK2B7H,A2W8EY4J0UOJZR
B0DFV3W8V5,A2W8EY4J0UOJZR
B092YQ6P8X,A2W8EY4J0UOJZR
B0DFQ2BRT1,A2W8EY4J0UOJZR
B08RD4SGK8,A2W8EY4J0UOJZR
B0DFBDXV5V,A2W8EY4J0UOJZR
B08N5J89R9,A2W8EY4J0UOJZR
B0DF72YT32,A2W8EY4J0UOJZR
B08KRTTY7C,A2W8EY4J0UOJZR
B0DF1RPSXC,A2W8EY4J0UOJZR
B08KP5YQ9K,A2W8EY4J0UOJZR
B0DDXLVZZB,A2W8EY4J0UOJZR
B08HM196QD,A2W8EY4J0UOJZR
B0DDT7DG5K,A2W8EY4J0UOJZR
B08C4RM4VZ,A2W8EY4J0UOJZR
B0DD3SVRLB,A2W8EY4J0UOJZR
B086QTH3KB,A2W8EY4J0UOJZR
B0DD1KTMSL,A2W8EY4J0UOJZR
B07ZWPM7C5,A2W8EY4J0UOJZR
B0DCFQ7VD7,A2W8EY4J0UOJZR
B07PQDR22L,A2W8EY4J0UOJZR
B0DBZTHZQM,A2W8EY4J0UOJZR
B07NCB5XHW,A2W8EY4J0UOJZR
B0DBLL728D,A2W8EY4J0UOJZR
B06Y3T1JDC,A2W8EY4J0UOJZR
B0DB5QBQSP,A2W8EY4J0UOJZR
B00FOPYO3K,A2W8EY4J0UOJZR
B0DB2VX531,A2W8EY4J0UOJZR
B00940CA96,A2W8EY4J0UOJZR
B0D9R8GV1F,A2W8EY4J0UOJZR
B0D9P2ZRY4,A2W8EY4J0UOJZR
B0D9NWY7SM,A2W8EY4J0UOJZR
B0D9BLHPF9,A2W8EY4J0UOJZR
B0D8XNSLSB,A2W8EY4J0UOJZR
B0D8QJTW68,A2W8EY4J0UOJZR
B0D8FKK317,A2W8EY4J0UOJZR
B0D7Q67GZT,A2W8EY4J0UOJZR
B0D7DKGBDS,A2W8EY4J0UOJZR
B0D5R24H52,A2W8EY4J0UOJZR
B0D53KDR6K,A2W8EY4J0UOJZR
B0D4V2PDQT,A2W8EY4J0UOJZR
B0D49X78QW,A2W8EY4J0UOJZR
B0D3TH6ZFY,A2W8EY4J0UOJZR
B0D2R7JPCJ,A2W8EY4J0UOJZR
B0D2PCFCM1,A2W8EY4J0UOJZR
B0D2NYB9MM,A2W8EY4J0UOJZR
B0D2D8W8YN,A2W8EY4J0UOJZR
B0D2D37GY7,A2W8EY4J0UOJZR
B0D28ZQFLP,A2W8EY4J0UOJZR
B0D25M1NNM,A2W8EY4J0UOJZR
B0D22BT9WM,A2W8EY4J0UOJZR
B0CYZR88KZ,A2W8EY4J0UOJZR
B0CYWRMMBT,A2W8EY4J0UOJZR
B0CYPQCJDP,A2W8EY4J0UOJZR
B0CYLWBPZV,A2W8EY4J0UOJZR
B0CVNCRK5W,A2W8EY4J0UOJZR
B0CV4RS33L,A2W8EY4J0UOJZR
B0CTTVJK1Y,A2W8EY4J0UOJZR
B0CTBLVMPV,A2W8EY4J0UOJZR
B0CT4NPKTG,A2W8EY4J0UOJZR
B0CSLDSV9J,A2W8EY4J0UOJZR
B0CS32DX64,A2W8EY4J0UOJZR
B0CRBL9HVX,A2W8EY4J0UOJZR
B0CPWHVV3K,A2W8EY4J0UOJZR
B0CNQQPR1J,A2W8EY4J0UOJZR
B0CF9QLHX9,A2W8EY4J0UOJZR
B0CBHNCCHN,A2W8EY4J0UOJZR
B0CB2S77GP,A2W8EY4J0UOJZR
B0C77PKXFN,A2W8EY4J0UOJZR
B0C4YMV3BH,A2W8EY4J0UOJZR
B0C3VMKXH7,A2W8EY4J0UOJZR
B0C28RY8X8,A2W8EY4J0UOJZR
B0BTJCRPQ3,A2W8EY4J0UOJZR
B0BS6JSLRJ,A2W8EY4J0UOJZR
B0BNZTZWFY,A2W8EY4J0UOJZR
B0BJJM9H68,A2W8EY4J0UOJZR
B0BBZJJ5FB,A2W8EY4J0UOJZR
B0B7WF923N,A2W8EY4J0UOJZR
B0B7DS83YY,A2W8EY4J0UOJZR
B0B3QWL12S,A2W8EY4J0UOJZR
B0B311DYGB,A2W8EY4J0UOJZR
B0B1XHGC38,A2W8EY4J0UOJZR
B0B18HF4GB,A2W8EY4J0UOJZR
B07ZXH32X5,A2W8EY4J0UOJZR
B07MZPR5RC,A2W8EY4J0UOJZR
B07GVQ3P3C,A2W8EY4J0UOJZR
B074PVXDB4,A2W8EY4J0UOJZR
B013HHMKBO,A2W8EY4J0UOJZR
B00VJ5QFRM,A2W8EY4J0UOJZR
B00PZR33AM,A2W8EY4J0UOJZR
B00OFEAN18,A2W8EY4J0UOJZR
B00A3PI29I,A2W8EY4J0UOJZR
B00382H2Z8,A2W8EY4J0UOJZR
B0031QQSOC,A2W8EY4J0UOJZR
B002YER17K,A2W8EY4J0UOJZR
B001KO8ASE,A2W8EY4J0UOJZR
B000XBMCBG,A2W8EY4J0UOJZR
B000M4NJ9I,A2W8EY4J0UOJZR
B09ZTSX14N,A2W8EY4J0UOJZR
B09WVKWT4W,A2W8EY4J0UOJZR
B09WMJKG1W,A2W8EY4J0UOJZR
B09VYP1LXJ,A2W8EY4J0UOJZR
B09V15598F,A2W8EY4J0UOJZR
B09R51VJGV,A2W8EY4J0UOJZR
B09QQ52SKS,A2W8EY4J0UOJZR
B09Q8W672D,A2W8EY4J0UOJZR
B09MYRH1SJ,A2W8EY4J0UOJZR
B09KKRZXZF,A2W8EY4J0UOJZR
B09J4CSQKF,A2W8EY4J0UOJZR
B09FJ33YJK,A2W8EY4J0UOJZR
B08LKQWPBF,A2W8EY4J0UOJZR
B086LBSJGW,A2W8EY4J0UOJZR
B0839QS13F,A2W8EY4J0UOJZR
B0832S5NCB,A2W8EY4J0UOJZR
B0DR253LMC,A2W8EY4J0UOJZR
B0D7MC7QXF,A2W8EY4J0UOJZR
B0DQXSZ7D6,A2W8EY4J0UOJZR
B0D5S9VFXB,A2W8EY4J0UOJZR
B0DQXQB6Y3,A2W8EY4J0UOJZR
B0D5H184XQ,A2W8EY4J0UOJZR
B0DQWSQ8BB,A2W8EY4J0UOJZR
B0D56FLW9F,A2W8EY4J0UOJZR
B0DQSHFYK3,A2W8EY4J0UOJZR
B0D4JSD8SQ,A2W8EY4J0UOJZR
B0DPX7NJBK,A2W8EY4J0UOJZR
B0D4F38SM3,A2W8EY4J0UOJZR
B0DPCMVTY8,A2W8EY4J0UOJZR
B0D4CWNCCY,A2W8EY4J0UOJZR
B0DP8XGMMD,A2W8EY4J0UOJZR
B0D45DBN9C,A2W8EY4J0UOJZR
B0DNW7DN11,A2W8EY4J0UOJZR
B0D2R9WK37,A2W8EY4J0UOJZR
B0DN9ZYWPM,A2W8EY4J0UOJZR
B0D21SCGGJ,A2W8EY4J0UOJZR
B0DN4WXGXC,A2W8EY4J0UOJZR
B0D1XLR641,A2W8EY4J0UOJZR
B0DMW6MTP1,A2W8EY4J0UOJZR
B0CZDT84T5,A2W8EY4J0UOJZR
B0DMV8QYW1,A2W8EY4J0UOJZR
B0CXS5MV9X,A2W8EY4J0UOJZR
B0DM8ZZCB9,A2W8EY4J0UOJZR
B0CSSYHYNG,A2W8EY4J0UOJZR
B0DM5Y56KD,A2W8EY4J0UOJZR
B0CJV9XCZQ,A2W8EY4J0UOJZR
B0DLVYGXKR,A2W8EY4J0UOJZR
B0CJ2S94NT,A2W8EY4J0UOJZR
B0DSKGL67Q,A2W8EY4J0UOJZR
B0DGLKTDYS,A2W8EY4J0UOJZR
B0DSGB3VYF,A2W8EY4J0UOJZR
B0DG17PV7G,A2W8EY4J0UOJZR
B0DSG1CRDR,A2W8EY4J0UOJZR
B0DCD26KFM,A2W8EY4J0UOJZR
B0DSBSPKYZ,A2W8EY4J0UOJZR
B0DC8PXGSY,A2W8EY4J0UOJZR
B0DS511L5X,A2W8EY4J0UOJZR
B0DB5QQGMY,A2W8EY4J0UOJZR
B0DS282ZTZ,A2W8EY4J0UOJZR
B0D9PT12FF,A2W8EY4J0UOJZR
B0DS197NJC,A2W8EY4J0UOJZR
B0D95VV2M9,A2W8EY4J0UOJZR
B0DRNYFBKF,A2W8EY4J0UOJZR
B0D7V9BT3K,A2W8EY4J0UOJZR
B0DL3PGCPK,A2W8EY4J0UOJZR
B0CHNRPLDL,A2W8EY4J0UOJZR
B0DKWX8T32,A2W8EY4J0UOJZR
B0CH328THQ,A2W8EY4J0UOJZR
B0DKT52VNS,A2W8EY4J0UOJZR
B0CGYCRW7L,A2W8EY4J0UOJZR
B0DKJKN3X9,A2W8EY4J0UOJZR
B0CGVB822W,A2W8EY4J0UOJZR
B0DK8XGDGQ,A2W8EY4J0UOJZR
B0CG37L4V6,A2W8EY4J0UOJZR
B0DK6KQR9N,A2W8EY4J0UOJZR
B0CF9MKBYD,A2W8EY4J0UOJZR
B0DK3N94WY,A2W8EY4J0UOJZR
B0CCYWBP8B,A2W8EY4J0UOJZR
B0DJW1ZC9J,A2W8EY4J0UOJZR
B0CC8Y2BC3,A2W8EY4J0UOJZR
B0DGTHSHR1,A2W8EY4J0UOJZR
B0BCZ268G7,A2W8EY4J0UOJZR
B0DGQQ3LQK,A2W8EY4J0UOJZR
B0B96CJ58H,A2W8EY4J0UOJZR
B0DGQ7RD5Y,A2W8EY4J0UOJZR
B0B8MYR452,A2W8EY4J0UOJZR
B0DGPZZSL8,A2W8EY4J0UOJZR
B0B7BFW42Q,A2W8EY4J0UOJZR
B0DGK8FSPQ,A2W8EY4J0UOJZR
B0B75KQBHM,A2W8EY4J0UOJZR
B0DG5HWKDF,A2W8EY4J0UOJZR
B0B6P2PM5J,A2W8EY4J0UOJZR
B0DG2XPZ1P,A2W8EY4J0UOJZR
B09YD8QV59,A2W8EY4J0UOJZR
B0DG2B1MR3,A2W8EY4J0UOJZR
B09TJJ1M99,A2W8EY4J0UOJZR
B0DJ1C9S5W,A2W8EY4J0UOJZR
B0C1GQC4W8,A2W8EY4J0UOJZR
B0DHZQN3HF,A2W8EY4J0UOJZR
B0BYZV2Q6X,A2W8EY4J0UOJZR
B0DHVDH89N,A2W8EY4J0UOJZR
B0BWJV3T1Q,A2W8EY4J0UOJZR
B0DHRTNKGL,A2W8EY4J0UOJZR
B0BVK2MXNJ,A2W8EY4J0UOJZR
B0DHJHZDCQ,A2W8EY4J0UOJZR
B0BNPTV5Y1,A2W8EY4J0UOJZR
B0DHGYSHQW,A2W8EY4J0UOJZR
B0BJ27MSL5,A2W8EY4J0UOJZR
B0DH47BWXD,A2W8EY4J0UOJZR
B0BHRCW6SD,A2W8EY4J0UOJZR
B0DH3H65CR,A2W8EY4J0UOJZR
B0BDCW78NX,A2W8EY4J0UOJZR
B0D9W346Y7,A2W8EY4J0UOJZR
B01EKBJ1FY,A2W8EY4J0UOJZR
B0D9LW5BNZ,A2W8EY4J0UOJZR
B0D9BKLZXL,A2W8EY4J0UOJZR
B0D9855VXX,A2W8EY4J0UOJZR
B0D8YFMF9R,A2W8EY4J0UOJZR
B0D6YNRLPX,A2W8EY4J0UOJZR
B0D63BKF5W,A2W8EY4J0UOJZR
B0D62KWNS4,A2W8EY4J0UOJZR
B0D62FTN5Q,A2W8EY4J0UOJZR
B0D5J1WSZF,A2W8EY4J0UOJZR
B0D4QB8HB9,A2W8EY4J0UOJZR
B0D4D9W5MR,A2W8EY4J0UOJZR
B0D2K7KG9Y,A2W8EY4J0UOJZR
B0D1R9CZVH,A2W8EY4J0UOJZR
B0D138CTSQ,A2W8EY4J0UOJZR
B0CZNSQLBZ,A2W8EY4J0UOJZR
B0CZ6Y9DDB,A2W8EY4J0UOJZR
B0CZ3XS14C,A2W8EY4J0UOJZR
B0CY57NQXF,A2W8EY4J0UOJZR
B0CXXF1J6P,A2W8EY4J0UOJZR
B0CXDGN5DK,A2W8EY4J0UOJZR
B0CWDXRXDL,A2W8EY4J0UOJZR
B0CVWD2G6T,A2W8EY4J0UOJZR
B0CVSJ8XH2,A2W8EY4J0UOJZR
B0CSDHGFLN,A2W8EY4J0UOJZR
B0CSDHC4WH,A2W8EY4J0UOJZR
B0CQN4X5HG,A2W8EY4J0UOJZR
B0CQ65B5CL,A2W8EY4J0UOJZR
B0CPPR7JF4,A2W8EY4J0UOJZR
B0CM83GSJ4,A2W8EY4J0UOJZR
B0CLVFRBBF,A2W8EY4J0UOJZR
B0DDTBH9JR,A2W8EY4J0UOJZR
B08119TVBV,A2W8EY4J0UOJZR
B0DDRKG82S,A2W8EY4J0UOJZR
B07X5K28BJ,A2W8EY4J0UOJZR
B0DDBSC9CV,A2W8EY4J0UOJZR
B07PRVMPV7,A2W8EY4J0UOJZR
B0DCKPQSML,A2W8EY4J0UOJZR
B07MFWTR7T,A2W8EY4J0UOJZR
B0DCHGMRSW,A2W8EY4J0UOJZR
B07M9N8PMN,A2W8EY4J0UOJZR
B0DC6HB4VF,A2W8EY4J0UOJZR
B077GQXZ12,A2W8EY4J0UOJZR
B0DBQRMYXD,A2W8EY4J0UOJZR
B0728P6QZF,A2W8EY4J0UOJZR
B0DB7W78WV,A2W8EY4J0UOJZR
B01GTNZJGG,A2W8EY4J0UOJZR
B0CFV97RSJ,A2W8EY4J0UOJZR
B0CDX3SRPW,A2W8EY4J0UOJZR
B0CB66TKXS,A2W8EY4J0UOJZR
B0C8VWLV7G,A2W8EY4J0UOJZR
B0C8B1YBDJ,A2W8EY4J0UOJZR
B0C743P5JK,A2W8EY4J0UOJZR
B0C6K5CJ89,A2W8EY4J0UOJZR
B0C6CT2WBK,A2W8EY4J0UOJZR
B0C5ZHDBRB,A2W8EY4J0UOJZR
B0C2Z2C4H5,A2W8EY4J0UOJZR
B0BYRQJP6L,A2W8EY4J0UOJZR
B0BVZNS93Z,A2W8EY4J0UOJZR
B0BRKLCRNT,A2W8EY4J0UOJZR
B0BPQR7RVQ,A2W8EY4J0UOJZR
B0BLH19179,A2W8EY4J0UOJZR
B0BKTK54SF,A2W8EY4J0UOJZR
B0DFYJ1659,A2W8EY4J0UOJZR
B09F6J6Y3C,A2W8EY4J0UOJZR
B0DFVL8BM2,A2W8EY4J0UOJZR
B09479TTH2,A2W8EY4J0UOJZR
B0DFMPCBD5,A2W8EY4J0UOJZR
B092MJ6QXT,A2W8EY4J0UOJZR
B0DFGSXYWW,A2W8EY4J0UOJZR
B08ZSM78G6,A2W8EY4J0UOJZR
B0DF7KZ55S,A2W8EY4J0UOJZR
B08Z7GNLMZ,A2W8EY4J0UOJZR
B0DF56HXNP,A2W8EY4J0UOJZR
B08XYXKYPM,A2W8EY4J0UOJZR
B0DF2WQ5VJ,A2W8EY4J0UOJZR
B08N5HZ1KM,A2W8EY4J0UOJZR
B0DDTKWTH6,A2W8EY4J0UOJZR
B08BYJR8VD,A2W8EY4J0UOJZR
B085VYCSWV,A2W8EY4J0UOJZR
B07Y2M5YKT,A2W8EY4J0UOJZR
B07VM9NBXJ,A2W8EY4J0UOJZR
B07TXTKR3M,A2W8EY4J0UOJZR
B07PNBV9KR,A2W8EY4J0UOJZR
B07KCH2SSF,A2W8EY4J0UOJZR
B06XGQN1B3,A2W8EY4J0UOJZR
B00K1TCHQ0,A2W8EY4J0UOJZR
B00AF0UZZU,A2W8EY4J0UOJZR
B0055PJBUU,A2W8EY4J0UOJZR
B00029K2ZC,A2W8EY4J0UOJZR
1937013588,A2W8EY4J0UOJZR
B0BJVB5LQT,A2W8EY4J0UOJZR
B0BHW1J1FS,A2W8EY4J0UOJZR
B0B7P95QT5,A2W8EY4J0UOJZR
B0B38F9NRG,A2W8EY4J0UOJZR
B09NR2F8RG,A2W8EY4J0UOJZR
B09JLZ5CK4,A2W8EY4J0UOJZR
B09F9BBCNG,A2W8EY4J0UOJZR
B09CDT89TY,A2W8EY4J0UOJZR
B099ZDVPJY,A2W8EY4J0UOJZR
B099965K2F,A2W8EY4J0UOJZR
B098NLDJ3J,A2W8EY4J0UOJZR
B097QB2LSW,A2W8EY4J0UOJZR
B096P414WR,A2W8EY4J0UOJZR
B08Y5QNP3Q,A2W8EY4J0UOJZR
B08NQ54YQY,A2W8EY4J0UOJZR
B0DC6RMSGL,A2W8EY4J0UOJZR
B0DSB4B699,A2W8EY4J0UOJZR
B0D9LSXVH2,A2W8EY4J0UOJZR
B0DS27YXNF,A2W8EY4J0UOJZR
B0D9K24FBZ,A2W8EY4J0UOJZR
B0DQPGBKFD,A2W8EY4J0UOJZR
B0D7PQFS68,A2W8EY4J0UOJZR
B0DQKCS9SM,A2W8EY4J0UOJZR
B0D5R2B3KZ,A2W8EY4J0UOJZR
B0DQBK83QX,A2W8EY4J0UOJZR
B0D4YQRQ52,A2W8EY4J0UOJZR
B0DQ4VMYGY,A2W8EY4J0UOJZR
B0D2SL9Y19,A2W8EY4J0UOJZR
B0DPX5GCVF,A2W8EY4J0UOJZR
B0D1K7NCXM,A2W8EY4J0UOJZR
B0DPHQ1GW5,A2W8EY4J0UOJZR
B0CZS8YCZQ,A2W8EY4J0UOJZR
B0DP9X9R69,A2W8EY4J0UOJZR
B0CZRHZQ6X,A2W8EY4J0UOJZR
B0DP89PWWR,A2W8EY4J0UOJZR
B0CZ6DWXLP,A2W8EY4J0UOJZR
B0DP2LRTJG,A2W8EY4J0UOJZR
B0CWR1GJBY,A2W8EY4J0UOJZR
B0DNT8KZ84,A2W8EY4J0UOJZR
B0CTKKL9LR,A2W8EY4J0UOJZR
B0DNRYHZ7L,A2W8EY4J0UOJZR
B0CT3F1FJJ,A2W8EY4J0UOJZR
B0DNDHB3SX,A2W8EY4J0UOJZR
B0CSZ2B35G,A2W8EY4J0UOJZR
B0DNCNCFM8,A2W8EY4J0UOJZR
B0CPPF9MZF,A2W8EY4J0UOJZR
B0DMZC6B1W,A2W8EY4J0UOJZR
B0C6Q7H5K2,A2W8EY4J0UOJZR
B0DKRXNNL4,A2W8EY4J0UOJZR
B0C6G54SX6,A2W8EY4J0UOJZR
B0DK939XV8,A2W8EY4J0UOJZR
B0C4B4YX4T,A2W8EY4J0UOJZR
B0DJCFPBH3,A2W8EY4J0UOJZR
B0C38XNGTR,A2W8EY4J0UOJZR
B0DHZ667D7,A2W8EY4J0UOJZR
B0BWZYD24H,A2W8EY4J0UOJZR
B0DHVK3ZXH,A2W8EY4J0UOJZR
B0BW7DDPJK,A2W8EY4J0UOJZR
B0DHVJ3GJQ,A2W8EY4J0UOJZR
B0BPQKVPHR,A2W8EY4J0UOJZR
B0DHVFX57M,A2W8EY4J0UOJZR
B0BLT81SWK,A2W8EY4J0UOJZR
B0DHS7XCDW,A2W8EY4J0UOJZR
B0CPD2R995,A2W8EY4J0UOJZR
B0DMS8D93J,A2W8EY4J0UOJZR
B0CMV883S4,A2W8EY4J0UOJZR
B0DM6Q7ZNG,A2W8EY4J0UOJZR
B0CKSR87LB,A2W8EY4J0UOJZR
B0DM2BWRQR,A2W8EY4J0UOJZR
B0CKNYP22G,A2W8EY4J0UOJZR
B0DLR7FF74,A2W8EY4J0UOJZR
B0CJBYL5P9,A2W8EY4J0UOJZR
B0DLKWGYY9,A2W8EY4J0UOJZR
B0CCJ2P1F4,A2W8EY4J0UOJZR
B0DLKQT84J,A2W8EY4J0UOJZR
B0CC9Q7J7W,A2W8EY4J0UOJZR
B0DLJG4D1L,A2W8EY4J0UOJZR
B0CBB2649M,A2W8EY4J0UOJZR
B0DL5BYBM3,A2W8EY4J0UOJZR
B0BJBY4TX6,A2W8EY4J0UOJZR
B0DHGWQZMC,A2W8EY4J0UOJZR
B0BFVMVYWV,A2W8EY4J0UOJZR
B0DHBV6C8G,A2W8EY4J0UOJZR
B0BBFJJCV7,A2W8EY4J0UOJZR
B0DH177HQS,A2W8EY4J0UOJZR
B0BBF8WR8R,A2W8EY4J0UOJZR
B0DGTTR3Z4,A2W8EY4J0UOJZR
B0B5B24Z1Y,A2W8EY4J0UOJZR
B0DGTDNB7J,A2W8EY4J0UOJZR
B0B4Q2V49X,A2W8EY4J0UOJZR
B0DGG7B154,A2W8EY4J0UOJZR
B09TT33G3Q,A2W8EY4J0UOJZR
B0DGFPH3GZ,A2W8EY4J0UOJZR
B08N8MYF5J,A2W8EY4J0UOJZR
B0DFDNJK1S,A2W8EY4J0UOJZR
B08LTGGMM3,A2W8EY4J0UOJZR
B0DF626FGM,A2W8EY4J0UOJZR
B08J9YGZB6,A2W8EY4J0UOJZR
B0DDZF2XPF,A2W8EY4J0UOJZR
B08D9T92FF,A2W8EY4J0UOJZR
B0DDWLX341,A2W8EY4J0UOJZR
B08C519BBT,A2W8EY4J0UOJZR
B0DDTLW18C,A2W8EY4J0UOJZR
B08BTLJNYH,A2W8EY4J0UOJZR
B0DDQKG5KZ,A2W8EY4J0UOJZR
B087PGP9W1,A2W8EY4J0UOJZR
B0DDL8KJQG,A2W8EY4J0UOJZR
B0838C25CX,A2W8EY4J0UOJZR
B0DCNP5B3Q,A2W8EY4J0UOJZR
B0838BZFBS,A2W8EY4J0UOJZR
B0DCG9QPPB,A2W8EY4J0UOJZR
B0838BCS71,A2W8EY4J0UOJZR
B0DBY1HRLC,A2W8EY4J0UOJZR
B07Y2LSC45,A2W8EY4J0UOJZR
B0DB82GDLT,A2W8EY4J0UOJZR
B07SGF8CB1,A2W8EY4J0UOJZR
B0DB1C5VV8,A2W8EY4J0UOJZR
B07R8MSDWR,A2W8EY4J0UOJZR
B0D9XQJ4XT,A2W8EY4J0UOJZR
B07MB9N8K6,A2W8EY4J0UOJZR
B0D9PR6Z2W,A2W8EY4J0UOJZR
B073BYHHY7,A2W8EY4J0UOJZR
B0D9NH15NZ,A2W8EY4J0UOJZR
B01EO8B1T2,A2W8EY4J0UOJZR
B0D9N196D9,A2W8EY4J0UOJZR
B004HJHZ2Q,A2W8EY4J0UOJZR
B0D9F9MQS7,A2W8EY4J0UOJZR
B0BZS25X74,A2W8EY4J0UOJZR
B0BYJZ9PZK,A2W8EY4J0UOJZR
B0BXVZVB1K,A2W8EY4J0UOJZR
B0BP7NJPVL,A2W8EY4J0UOJZR
B0BJKNJKZX,A2W8EY4J0UOJZR
B0B6HFGH66,A2W8EY4J0UOJZR
B0B3M5Z961,A2W8EY4J0UOJZR
B09XV8GX3S,A2W8EY4J0UOJZR
B09P7Y8NHK,A2W8EY4J0UOJZR
B09P3SHN29,A2W8EY4J0UOJZR
B09NGG221Q,A2W8EY4J0UOJZR
B097XQ947C,A2W8EY4J0UOJZR
B097SY6T3R,A2W8EY4J0UOJZR
B093438LH9,A2W8EY4J0UOJZR
B07VQWDDW9,A2W8EY4J0UOJZR
B07SMZN164,A2W8EY4J0UOJZR
B0D8Y38V7Y,A2W8EY4J0UOJZR
B0D8J79WPF,A2W8EY4J0UOJZR
B0D8J7929W,A2W8EY4J0UOJZR
B0D8HRCQRG,A2W8EY4J0UOJZR
B0D8B8W2KB,A2W8EY4J0UOJZR
B0D83SZYVS,A2W8EY4J0UOJZR
B0D7VR3GJW,A2W8EY4J0UOJZR
B0D7VKSJVN,A2W8EY4J0UOJZR
B0D7MDGNSY,A2W8EY4J0UOJZR
B0D71YM22F,A2W8EY4J0UOJZR
B0D6RL1RLF,A2W8EY4J0UOJZR
B0D5V96G1N,A2W8EY4J0UOJZR
B0D4YW3498,A2W8EY4J0UOJZR
B0D4QFN99G,A2W8EY4J0UOJZR
B0D2Z6FLKZ,A2W8EY4J0UOJZR
B0D1XWHZ5H,A2W8EY4J0UOJZR
B0D1FMNN49,A2W8EY4J0UOJZR
B0D146459F,A2W8EY4J0UOJZR
B0CZVL8W8Q,A2W8EY4J0UOJZR
B0CZF9XW2J,A2W8EY4J0UOJZR
B0CZD1H78J,A2W8EY4J0UOJZR
B0CYM1PBJF,A2W8EY4J0UOJZR
B0CTGXTNN1,A2W8EY4J0UOJZR
B0CSRVBTDT,A2W8EY4J0UOJZR
B0CRQLNQB2,A2W8EY4J0UOJZR
B0CQT3CZY2,A2W8EY4J0UOJZR
B0CQKK4J4V,A2W8EY4J0UOJZR
B0CPTPPW71,A2W8EY4J0UOJZR
B0CP24KBFG,A2W8EY4J0UOJZR
B0CNLGJJSD,A2W8EY4J0UOJZR
B0CNKHHNZF,A2W8EY4J0UOJZR
B0CMLS2TYR,A2W8EY4J0UOJZR
B0CMLRY7LT,A2W8EY4J0UOJZR
B0CLXXZT51,A2W8EY4J0UOJZR
B0CLRMV31B,A2W8EY4J0UOJZR
B0CKTG25VM,A2W8EY4J0UOJZR
B0CJ8YLF6T,A2W8EY4J0UOJZR
B0CHYLN1G8,A2W8EY4J0UOJZR
B0CGR2YL2G,A2W8EY4J0UOJZR
B0CF8R3TH8,A2W8EY4J0UOJZR
B0CF8QTMQG,A2W8EY4J0UOJZR
B0CBBQN4TZ,A2W8EY4J0UOJZR
B0CB9RC54H,A2W8EY4J0UOJZR
B0CB6Y7532,A2W8EY4J0UOJZR
B0C6QJCKJH,A2W8EY4J0UOJZR
B0C4HN8XPV,A2W8EY4J0UOJZR
B0C2Z991FD,A2W8EY4J0UOJZR
B0C2PZM57S,A2W8EY4J0UOJZR
B07MWCPBC4,A2W8EY4J0UOJZR
B07KTC9SHL,A2W8EY4J0UOJZR
B06XSNRFBF,A2W8EY4J0UOJZR
B01N1LTQC1,A2W8EY4J0UOJZR
B01H04OCRU,A2W8EY4J0UOJZR
B0058U95BW,A2W8EY4J0UOJZR
B005206N9U,A2W8EY4J0UOJZR
B0CBRBC5KR,A2W8EY4J0UOJZR
B0DZCHVRHV,A2W8EY4J0UOJZR
B0DY56Z543,A2W8EY4J0UOJZR
B0DBPYZDNK,A2W8EY4J0UOJZR
B0DX75S9NC,A2W8EY4J0UOJZR
B0DG31YSNX,A2W8EY4J0UOJZR
B0DVJ8DQ1V,A2W8EY4J0UOJZR
B0DDQ67WJ7,A2W8EY4J0UOJZR
B0DTHG6NL1,A2W8EY4J0UOJZR
B0DDPGNHXK,A2W8EY4J0UOJZR
B0DT444F1N,A2W8EY4J0UOJZR
B0D9YD5QFP,A2W8EY4J0UOJZR
B0DT13FHFD,A2W8EY4J0UOJZR
B0D9VZSCHG,A2W8EY4J0UOJZR
B0DSG3V4F2,A2W8EY4J0UOJZR
B0D8KJB9GF,A2W8EY4J0UOJZR
B0DSB64T7P,A2W8EY4J0UOJZR
B0D83KK7CZ,A2W8EY4J0UOJZR
B0DS61F5K5,A2W8EY4J0UOJZR
B0D7V4Z76F,A2W8EY4J0UOJZR
B0DS5YWGD6,A2W8EY4J0UOJZR
B0D3XDRDHJ,A2W8EY4J0UOJZR
B0CYP9BHWX,A2W8EY4J0UOJZR
B0DMSHX83B,A2W8EY4J0UOJZR
B0CY2N2TK2,A2W8EY4J0UOJZR
B005QCYAJE,A2W8EY4J0UOJZR
B0CMHYG934,A2W8EY4J0UOJZR
B0DXB76GF1,A2W8EY4J0UOJZR
B0BYW5CZZ3,A2W8EY4J0UOJZR
B0DWMGSXJG,A2W8EY4J0UOJZR
B0BYVW46Y7,A2W8EY4J0UOJZR
B0DT1692NQ,A2W8EY4J0UOJZR
B0D2PJT8ZG,A2W8EY4J0UOJZR
B0DP5TQV8Z,A2W8EY4J0UOJZR
B0CZJH4T8Z,A2W8EY4J0UOJZR
B0DP5T5H6W,A2W8EY4J0UOJZR
B0CWNCJY7H,A2W8EY4J0UOJZR
B0DNMTNXGH,A2W8EY4J0UOJZR
B0CSWZ9B9D,A2W8EY4J0UOJZR
B0DNMCY5L5,A2W8EY4J0UOJZR
B0CSFF9ZT9,A2W8EY4J0UOJZR
B0DNLT3J7Y,A2W8EY4J0UOJZR
B0CPND32MH,A2W8EY4J0UOJZR
B0DMQXK4Z7,A2W8EY4J0UOJZR
B0CMZTQQQ5,A2W8EY4J0UOJZR
B0DLM66D62,A2W8EY4J0UOJZR
B0CL4YL88Q,A2W8EY4J0UOJZR
B0DLGY6VMX,A2W8EY4J0UOJZR
B0D7992KJ1,A2W8EY4J0UOJZR
B0DRY2BJMH,A2W8EY4J0UOJZR
B0D73TJZ21,A2W8EY4J0UOJZR
B0DRWWQK4V,A2W8EY4J0UOJZR
B0D6QGDLW6,A2W8EY4J0UOJZR
B0DRBDLDY3,A2W8EY4J0UOJZR
B0D5S7RYP1,A2W8EY4J0UOJZR
B0DQPTWTW6,A2W8EY4J0UOJZR
B0D5R3J99Y,A2W8EY4J0UOJZR
B0DQJPRT24,A2W8EY4J0UOJZR
B0D3YQJ7MR,A2W8EY4J0UOJZR
B0DQJBB3DN,A2W8EY4J0UOJZR
B0D3TP6QQ4,A2W8EY4J0UOJZR
B0DQCWTK28,A2W8EY4J0UOJZR
B0D393H41Z,A2W8EY4J0UOJZR
B0DQ981T96,A2W8EY4J0UOJZR
B0BRGTPHPR,A2W8EY4J0UOJZR
B0DJ2JF3XQ,A2W8EY4J0UOJZR
B0BQ354TD7,A2W8EY4J0UOJZR
B0DJ24H6WP,A2W8EY4J0UOJZR
B0BMKNM6FS,A2W8EY4J0UOJZR
B0DJ17JDS7,A2W8EY4J0UOJZR
B0BLYKHC4L,A2W8EY4J0UOJZR
B0DHZLCJ3H,A2W8EY4J0UOJZR
B0BJ1JBBS1,A2W8EY4J0UOJZR
B0DHXL1XGZ,A2W8EY4J0UOJZR
B0B821NBQV,A2W8EY4J0UOJZR
B0DHXFLND2,A2W8EY4J0UOJZR
B0B6J6Z87J,A2W8EY4J0UOJZR
B0DHPN5V8F,A2W8EY4J0UOJZR
B09Z5S8C6P,A2W8EY4J0UOJZR
B0DHN4ZBH6,A2W8EY4J0UOJZR
B0CKSQBW8C,A2W8EY4J0UOJZR
B0DL461YLB,A2W8EY4J0UOJZR
B0CG8FWFSW,A2W8EY4J0UOJZR
B0DKTKRB41,A2W8EY4J0UOJZR
B0CDZPT71X,A2W8EY4J0UOJZR
B0DKSGDJYK,A2W8EY4J0UOJZR
B0CDKV2PCR,A2W8EY4J0UOJZR
B0DK4LZ9L7,A2W8EY4J0UOJZR
B0CBV6T6Z6,A2W8EY4J0UOJZR
B0DK4LJR3G,A2W8EY4J0UOJZR
B0CB1LMP12,A2W8EY4J0UOJZR
B0DK4J5T75,A2W8EY4J0UOJZR
B0C3GYDPN1,A2W8EY4J0UOJZR
B0DJQ2K434,A2W8EY4J0UOJZR
B0BZDQCD9P,A2W8EY4J0UOJZR
B0DJ8CX47T,A2W8EY4J0UOJZR
B09NXZCM2Y,A2W8EY4J0UOJZR
B0DHJFYT4D,A2W8EY4J0UOJZR
B09MF8YGR5,A2W8EY4J0UOJZR
B0DHGMHWF5,A2W8EY4J0UOJZR
B09DTMCJY1,A2W8EY4J0UOJZR
B0DHGK5QM8,A2W8EY4J0UOJZR
B08VJ6MLZ9,A2W8EY4J0UOJZR
B0DGXKMGD3,A2W8EY4J0UOJZR
B08B8DG81Z,A2W8EY4J0UOJZR
B0DGV5LM2K,A2W8EY4J0UOJZR
B085NQKXGT,A2W8EY4J0UOJZR
B0DGPRHZ6S,A2W8EY4J0UOJZR
B07XH7RNW2,A2W8EY4J0UOJZR
B0DG8N8HB8,A2W8EY4J0UOJZR
B07SZ97PQP,A2W8EY4J0UOJZR
B0DFYPGRPW,A2W8EY4J0UOJZR
B07SB4HPV6,A2W8EY4J0UOJZR
B0DFQN22NN,A2W8EY4J0UOJZR
B07BCDXP3Z,A2W8EY4J0UOJZR
B0DFMPLC9H,A2W8EY4J0UOJZR
B01LM1P5V4,A2W8EY4J0UOJZR
B0DFH7633H,A2W8EY4J0UOJZR
B0195J346S,A2W8EY4J0UOJZR
B0DF7BFWD7,A2W8EY4J0UOJZR
B0DDGRDCPR,A2W8EY4J0UOJZR
B0DDBTC8KK,A2W8EY4J0UOJZR
B0DD468MFH,A2W8EY4J0UOJZR
B0DCZG87LM,A2W8EY4J0UOJZR
B0DCVKHBML,A2W8EY4J0UOJZR
B0DCHVSZBP,A2W8EY4J0UOJZR
B0DCBBK8FG,A2W8EY4J0UOJZR
B0DBPCF74R,A2W8EY4J0UOJZR
B0D91WG1FD,A2W8EY4J0UOJZR
B0D91QFJ1C,A2W8EY4J0UOJZR
B0D8TWD9GK,A2W8EY4J0UOJZR
B0D8SVZ1LM,A2W8EY4J0UOJZR
B0D8F2LG23,A2W8EY4J0UOJZR
B0D72PTL15,A2W8EY4J0UOJZR
B0D4Z6CCV8,A2W8EY4J0UOJZR
B0D48N5TRR,A2W8EY4J0UOJZR
B0D3JBGC12,A2W8EY4J0UOJZR
B0D3HCZKC5,A2W8EY4J0UOJZR
B0D2RMBDTS,A2W8EY4J0UOJZR
B0D2PB98WP,A2W8EY4J0UOJZR
B0D2NF9GV9,A2W8EY4J0UOJZR
B0D2LS3LBC,A2W8EY4J0UOJZR
B0D22HGPC3,A2W8EY4J0UOJZR
B0D1Y9X9Y1,A2W8EY4J0UOJZR
B0CNLQF2NC,A2W8EY4J0UOJZR
B0CNGRMLC3,A2W8EY4J0UOJZR
B0CNCK3CFN,A2W8EY4J0UOJZR
B0CN1MPCFC,A2W8EY4J0UOJZR
B0CMPHBTYZ,A2W8EY4J0UOJZR
B0CMMLKNTD,A2W8EY4J0UOJZR
B0CLV1LGXC,A2W8EY4J0UOJZR
B0CLGR3Z6J,A2W8EY4J0UOJZR
B0CKSGFSJY,A2W8EY4J0UOJZR
B0CKBDXNPV,A2W8EY4J0UOJZR
B0CK1267S9,A2W8EY4J0UOJZR
B0CJTYFKJD,A2W8EY4J0UOJZR
B0CHFX2KH9,A2W8EY4J0UOJZR
B0CGY2Z1HZ,A2W8EY4J0UOJZR
B0CFX4G5QN,A2W8EY4J0UOJZR
B0CDSJ1P3B,A2W8EY4J0UOJZR
B0D1XJLL5X,A2W8EY4J0UOJZR
B0CZRY3F7W,A2W8EY4J0UOJZR
B0CZ8DVVFK,A2W8EY4J0UOJZR
B0CZ44X9BQ,A2W8EY4J0UOJZR
B0CYWXNDRD,A2W8EY4J0UOJZR
B0CYH3CF6B,A2W8EY4J0UOJZR
B0CYFYNGSQ,A2W8EY4J0UOJZR
B0CYBN6Z6V,A2W8EY4J0UOJZR
B0CXXJKW6R,A2W8EY4J0UOJZR
B0CTGZMSXW,A2W8EY4J0UOJZR
B0CRH2VXQY,A2W8EY4J0UOJZR
B0CR9WWJQL,A2W8EY4J0UOJZR
B0CQ6V9D3G,A2W8EY4J0UOJZR
B0CPFQ9W24,A2W8EY4J0UOJZR
B0CP6HVGS1,A2W8EY4J0UOJZR
B0CCPL37CJ,A2W8EY4J0UOJZR
B0CCP2JVF9,A2W8EY4J0UOJZR
B0CBFTGPW4,A2W8EY4J0UOJZR
B0CB3BFQ7K,A2W8EY4J0UOJZR
B0C9RHFT18,A2W8EY4J0UOJZR
B0C76YZ4RJ,A2W8EY4J0UOJZR
B0C3GN5V47,A2W8EY4J0UOJZR
B0BXNLP78G,A2W8EY4J0UOJZR
B0BRN33KVP,A2W8EY4J0UOJZR
B0BPWTPZ46,A2W8EY4J0UOJZR
B0BPCHSRTQ,A2W8EY4J0UOJZR
B0BP9ZFN59,A2W8EY4J0UOJZR
B0BNHXQB6N,A2W8EY4J0UOJZR
B0BMFMRKYN,A2W8EY4J0UOJZR
B0B985XXPL,A2W8EY4J0UOJZR
B0B4FZ8VHY,A2W8EY4J0UOJZR
B09WY9NNYV,A2W8EY4J0UOJZR
B09WJYY8BD,A2W8EY4J0UOJZR
B09V4K21RW,A2W8EY4J0UOJZR
B09RF2P53H,A2W8EY4J0UOJZR
B09PNCX2SZ,A2W8EY4J0UOJZR
B09HBCY2YM,A2W8EY4J0UOJZR
B096ZCVMYR,A2W8EY4J0UOJZR
B095MMS61N,A2W8EY4J0UOJZR
B095BN2L73,A2W8EY4J0UOJZR
B08YR82SJ8,A2W8EY4J0UOJZR
B08P9TN1BZ,A2W8EY4J0UOJZR
B08CS8VPLT,A2W8EY4J0UOJZR
B088DGFL94,A2W8EY4J0UOJZR
B07ZJVLHW2,A2W8EY4J0UOJZR
B07S67VZGM,A2W8EY4J0UOJZR
B07GZTNS8R,A2W8EY4J0UOJZR
B077GS58W6,A2W8EY4J0UOJZR
B01MZZE0L2,A2W8EY4J0UOJZR
B01HBH8XDU,A2W8EY4J0UOJZR
B00MGY6LQU,A2W8EY4J0UOJZR
B00M20K6Q4,A2W8EY4J0UOJZR
B0DTJ2H1JZ,A2W8EY4J0UOJZR
B0CM2Z32TZ,A2W8EY4J0UOJZR
B0DT6WSRKT,A2W8EY4J0UOJZR
B0CJMDH6MY,A2W8EY4J0UOJZR
B0DSLG6SHD,A2W8EY4J0UOJZR
B0CH2CLCG8,A2W8EY4J0UOJZR
B0DSHG5T8H,A2W8EY4J0UOJZR
B0C5XR15L3,A2W8EY4J0UOJZR
B0DSFWTZXK,A2W8EY4J0UOJZR
B0C4LRF92H,A2W8EY4J0UOJZR
B0DSFSDM74,A2W8EY4J0UOJZR
B0C1RV2X24,A2W8EY4J0UOJZR
B0DRWP9KFP,A2W8EY4J0UOJZR
B0BZY3Z2XQ,A2W8EY4J0UOJZR
B0DRNRYCDQ,A2W8EY4J0UOJZR
B09LQD863J,A2W8EY4J0UOJZR
B0DXZ3GZ8C,A2W8EY4J0UOJZR
B0D91YCMKL,A2W8EY4J0UOJZR
B0DXPTQYKV,A2W8EY4J0UOJZR
B0D8SJ8HQC,A2W8EY4J0UOJZR
B0DXPBFPKW,A2W8EY4J0UOJZR
B0D4LRYQX9,A2W8EY4J0UOJZR
B0DXPB535B,A2W8EY4J0UOJZR
B0D3TXL5ZT,A2W8EY4J0UOJZR
B0DXKXQMDM,A2W8EY4J0UOJZR
B0D1MMCWK8,A2W8EY4J0UOJZR
B0DXKQ5W1T,A2W8EY4J0UOJZR
B0CSG3XRCS,A2W8EY4J0UOJZR
B0DWSFGPKN,A2W8EY4J0UOJZR
B0CRHTCM61,A2W8EY4J0UOJZR
B0DTTNCVC4,A2W8EY4J0UOJZR
B0CPT5S9V7,A2W8EY4J0UOJZR
B0DNZ9KL2H,A2W8EY4J0UOJZR
B0DNYZTC11,A2W8EY4J0UOJZR
B0DNSQR44C,A2W8EY4J0UOJZR
B0DNM4DKZ5,A2W8EY4J0UOJZR
B0DMVVZ19K,A2W8EY4J0UOJZR
B0DMT33777,A2W8EY4J0UOJZR
B0DM62S6YF,A2W8EY4J0UOJZR
B0DLV6Y58F,A2W8EY4J0UOJZR
B0DLTXQ51W,A2W8EY4J0UOJZR
B0DLKYG2Z9,A2W8EY4J0UOJZR
B0DLGDY4VR,A2W8EY4J0UOJZR
B0DKXYNYYV,A2W8EY4J0UOJZR
B0DKXQGXNK,A2W8EY4J0UOJZR
B0DK71NCRP,A2W8EY4J0UOJZR
B0DK5DFD93,A2W8EY4J0UOJZR
B0DK2SDT98,A2W8EY4J0UOJZR
B0DRLCKLKH,A2W8EY4J0UOJZR
B09B38L5CR,A2W8EY4J0UOJZR
B0DR1MF9NJ,A2W8EY4J0UOJZR
B094VPP7RV,A2W8EY4J0UOJZR
B0DQ4TQ5CR,A2W8EY4J0UOJZR
B08L4SDLMC,A2W8EY4J0UOJZR
B0DPLYTD5K,A2W8EY4J0UOJZR
B084ZDKZ5Z,A2W8EY4J0UOJZR
B0DPHH4P2X,A2W8EY4J0UOJZR
B081FBL87P,A2W8EY4J0UOJZR
B0DPCBNCTF,A2W8EY4J0UOJZR
B07WGLKK9R,A2W8EY4J0UOJZR
B0DPC9Q31H,A2W8EY4J0UOJZR
B07RYGTR5D,A2W8EY4J0UOJZR
B0DP2NLHMQ,A2W8EY4J0UOJZR
B07KZM9YJ3,A2W8EY4J0UOJZR
B0DK1R8LRW,A2W8EY4J0UOJZR
B0DJM27SQD,A2W8EY4J0UOJZR
B0DJKJM7KS,A2W8EY4J0UOJZR
B0DJBCXSHG,A2W8EY4J0UOJZR
B0DJ8RXDKD,A2W8EY4J0UOJZR
B0DJ29TPYQ,A2W8EY4J0UOJZR
B0DHZ2K66R,A2W8EY4J0UOJZR
B0DHTKDND2,A2W8EY4J0UOJZR
B0DHRFBJS1,A2W8EY4J0UOJZR
B0DHP1HVVD,A2W8EY4J0UOJZR
B0DHFM3XMZ,A2W8EY4J0UOJZR
B0DGLBF6WV,A2W8EY4J0UOJZR
B0DGHGSGR3,A2W8EY4J0UOJZR
B0DGGZ983N,A2W8EY4J0UOJZR
B0DG8W45M7,A2W8EY4J0UOJZR
B0DG4MLT24,A2W8EY4J0UOJZR
B0D8RH8T8K,A2W8EY4J0UOJZR
B0D8RDJQW8,A2W8EY4J0UOJZR
B0D8R61M9S,A2W8EY4J0UOJZR
B0D8QRVNYH,A2W8EY4J0UOJZR
B0D84SH3RF,A2W8EY4J0UOJZR
B0D7PV2ZQF,A2W8EY4J0UOJZR
B0D7M9LKC8,A2W8EY4J0UOJZR
B0D7J6V5R8,A2W8EY4J0UOJZR
B0D761XHYF,A2W8EY4J0UOJZR
B0D739X5N3,A2W8EY4J0UOJZR
B0D737TYK8,A2W8EY4J0UOJZR
B0D6R5YY93,A2W8EY4J0UOJZR
B0D666GHDN,A2W8EY4J0UOJZR
B0D5QJQYHL,A2W8EY4J0UOJZR
B0D5HXV3DG,A2W8EY4J0UOJZR
B0D5CNWBZF,A2W8EY4J0UOJZR
B0D549S6DB,A2W8EY4J0UOJZR
B0D4TQHPRL,A2W8EY4J0UOJZR
B0D4M8Y4QX,A2W8EY4J0UOJZR
B0D4LX1DJL,A2W8EY4J0UOJZR
B0D46MKPGG,A2W8EY4J0UOJZR
B0D463NQ8C,A2W8EY4J0UOJZR
B0D3WVDS52,A2W8EY4J0UOJZR
B0D3TH31KX,A2W8EY4J0UOJZR
B0D3QTLZCS,A2W8EY4J0UOJZR
B0D3Q783DB,A2W8EY4J0UOJZR
B0D3D16JKY,A2W8EY4J0UOJZR
B0D2W7B7WJ,A2W8EY4J0UOJZR
B0D22HGSMF,A2W8EY4J0UOJZR
B0D1TS2CH8,A2W8EY4J0UOJZR
B0D1SM8XYS,A2W8EY4J0UOJZR
B0D1PF1FLC,A2W8EY4J0UOJZR
B0DFYXWMQ9,A2W8EY4J0UOJZR
B0DFYRSF3Z,A2W8EY4J0UOJZR
B0DF2MVYB7,A2W8EY4J0UOJZR
B0DDK971R5,A2W8EY4J0UOJZR
B0DDJ8PC4K,A2W8EY4J0UOJZR
B0DD7Q26RQ,A2W8EY4J0UOJZR
B0DD6VHZL4,A2W8EY4J0UOJZR
B0DCP78255,A2W8EY4J0UOJZR
B0DCP6JK8V,A2W8EY4J0UOJZR
B0DBVJTHZF,A2W8EY4J0UOJZR
B0DB4C94D5,A2W8EY4J0UOJZR
B0D9W5B95H,A2W8EY4J0UOJZR
B0D9T6DPGZ,A2W8EY4J0UOJZR
B0D9PXK9NX,A2W8EY4J0UOJZR
B0D9KFFJXT,A2W8EY4J0UOJZR
B0D96M3FYN,A2W8EY4J0UOJZR
B0D1GGFQ1L,A2W8EY4J0UOJZR
B0D1814P4Z,A2W8EY4J0UOJZR
B0D152KLWF,A2W8EY4J0UOJZR
B0D14G6DZ2,A2W8EY4J0UOJZR
B0CZ6TV1JW,A2W8EY4J0UOJZR
B0CZ4C2BFV,A2W8EY4J0UOJZR
B0CYPD8JZQ,A2W8EY4J0UOJZR
B0CYH2B7K1,A2W8EY4J0UOJZR
B0CY27HJW8,A2W8EY4J0UOJZR
B0CXSF7Q12,A2W8EY4J0UOJZR
B0CXPQTNDJ,A2W8EY4J0UOJZR
B0CXMZPWQK,A2W8EY4J0UOJZR
B0CXJJRD14,A2W8EY4J0UOJZR
B0CXHTFX84,A2W8EY4J0UOJZR
B0CWH11L8Y,A2W8EY4J0UOJZR
B0CT38TJ2P,A2W8EY4J0UOJZR
B0CSPQQ4VG,A2W8EY4J0UOJZR
B0CSPD9K47,A2W8EY4J0UOJZR
B0CSG28W1X,A2W8EY4J0UOJZR
B0CR9BH4CZ,A2W8EY4J0UOJZR
B0CR6KQ9SP,A2W8EY4J0UOJZR
B0CQX64KYQ,A2W8EY4J0UOJZR
B0CQ2PV8TS,A2W8EY4J0UOJZR
B0CQ25JV11,A2W8EY4J0UOJZR
B0CPYGBDJH,A2W8EY4J0UOJZR
B0CNYS8SX1,A2W8EY4J0UOJZR
B0CNKB15DK,A2W8EY4J0UOJZR
B0CMJBLH4D,A2W8EY4J0UOJZR
B0CKY78T5H,A2W8EY4J0UOJZR
B0CH9W36SL,A2W8EY4J0UOJZR
B0CGRRNLF2,A2W8EY4J0UOJZR
B0CGRCVHJ7,A2W8EY4J0UOJZR
B0CG8Y2SR9,A2W8EY4J0UOJZR
B0CG153D9T,A2W8EY4J0UOJZR
B0CFLB5TYZ,A2W8EY4J0UOJZR
B0CFF34834,A2W8EY4J0UOJZR
B0CF5KLYGC,A2W8EY4J0UOJZR
B0CF5HLJC9,A2W8EY4J0UOJZR
B0CBVGQQ1H,A2W8EY4J0UOJZR
B0C9LJ6MVF,A2W8EY4J0UOJZR
B0C8N8ML42,A2W8EY4J0UOJZR
B0C8CW3CHV,A2W8EY4J0UOJZR
B0C7MZMP97,A2W8EY4J0UOJZR
B0C5SK479Y,A2W8EY4J0UOJZR
B0C5LWZDC3,A2W8EY4J0UOJZR
B0C5C1RBT9,A2W8EY4J0UOJZR
B0C53FL73G,A2W8EY4J0UOJZR
B0C4GV81PN,A2W8EY4J0UOJZR
B0C3RVLHTV,A2W8EY4J0UOJZR
B0C2Z5J597,A2W8EY4J0UOJZR
B0C2Z5G1XT,A2W8EY4J0UOJZR
B0C2Z45TKH,A2W8EY4J0UOJZR
B0C2H74R6F,A2W8EY4J0UOJZR
B0BZD3NCRW,A2W8EY4J0UOJZR
B0BZ3W96J2,A2W8EY4J0UOJZR
B0BYCK5F74,A2W8EY4J0UOJZR
B0BY4YHXTH,A2W8EY4J0UOJZR
B0BXWC93JY,A2W8EY4J0UOJZR
B0BX3Z6RBF,A2W8EY4J0UOJZR
B0BWFRQG3Z,A2W8EY4J0UOJZR
B0BW5SNCC9,A2W8EY4J0UOJZR
B0BTV951BM,A2W8EY4J0UOJZR
B0BTMBCP17,A2W8EY4J0UOJZR
B0BS9GZZJT,A2W8EY4J0UOJZR
B09ZYDNV4Z,A2W8EY4J0UOJZR
B09ZXPW7DQ,A2W8EY4J0UOJZR
B09ZNSMC42,A2W8EY4J0UOJZR
B09ZHRWKZ8,A2W8EY4J0UOJZR
B09Z2PHGLS,A2W8EY4J0UOJZR
B09WZZDLRK,A2W8EY4J0UOJZR
B09WV1W21V,A2W8EY4J0UOJZR
B09TXP5K3Q,A2W8EY4J0UOJZR
B09QJBF98N,A2W8EY4J0UOJZR
B09QJ9DCPQ,A2W8EY4J0UOJZR
B09PJB7827,A2W8EY4J0UOJZR
B09GFD7TX4,A2W8EY4J0UOJZR
B09F3G9GCK,A2W8EY4J0UOJZR
B09F3FX1R6,A2W8EY4J0UOJZR
B09D56BZ4N,A2W8EY4J0UOJZR
B09B1Y7GT9,A2W8EY4J0UOJZR
B006P899ZI,A2W8EY4J0UOJZR
B0BS12JKJD,A2W8EY4J0UOJZR
B0BRXP7SH5,A2W8EY4J0UOJZR
B0BRHXKMG6,A2W8EY4J0UOJZR
B0BPMQXGHQ,A2W8EY4J0UOJZR
B0BP68D44K,A2W8EY4J0UOJZR
B0BM7YQHRL,A2W8EY4J0UOJZR
B0BHXFW79S,A2W8EY4J0UOJZR
B0BGS6QLY9,A2W8EY4J0UOJZR
B0BF9FPPZ8,A2W8EY4J0UOJZR
B0BBBCC5LV,A2W8EY4J0UOJZR
B0B7X1W2ZR,A2W8EY4J0UOJZR
B0B7S5BCCQ,A2W8EY4J0UOJZR
B0B48SQS7Q,A2W8EY4J0UOJZR
B0B2QX7NX5,A2W8EY4J0UOJZR
B0B1JC82RJ,A2W8EY4J0UOJZR
B0B14Q5HJD,A2W8EY4J0UOJZR
B099MWRPRN,A2W8EY4J0UOJZR
B098PW6HP1,A2W8EY4J0UOJZR
B091GXY326,A2W8EY4J0UOJZR
B091GWNSQ5,A2W8EY4J0UOJZR
B091BT7NYF,A2W8EY4J0UOJZR
B0914VX2K7,A2W8EY4J0UOJZR
B091348R5P,A2W8EY4J0UOJZR
B08Z73BHGP,A2W8EY4J0UOJZR
B08RNTYFTZ,A2W8EY4J0UOJZR
B08HX75RRG,A2W8EY4J0UOJZR
B086D8BY2F,A2W8EY4J0UOJZR
B07Z8123NV,A2W8EY4J0UOJZR
B07RFP1N8Q,A2W8EY4J0UOJZR
B07K4VHV3T,A2W8EY4J0UOJZR
B072C2MZJC,A2W8EY4J0UOJZR
B06XF9P8X6,A2W8EY4J0UOJZR
B0DS2N3ZKP,A2W8EY4J0UOJZR
B0D9TR512M,A2W8EY4J0UOJZR
B0DRJMBDVY,A2W8EY4J0UOJZR
B0D97GM1K6,A2W8EY4J0UOJZR
B0DRHSKRSV,A2W8EY4J0UOJZR
B0D8BBQN8Y,A2W8EY4J0UOJZR
B0DR8P5KJ6,A2W8EY4J0UOJZR
B0D896Z3HY,A2W8EY4J0UOJZR
B0DR8GTBPC,A2W8EY4J0UOJZR
B0D7VY6R2W,A2W8EY4J0UOJZR
B0DR533XRC,A2W8EY4J0UOJZR
B0D6V2YM14,A2W8EY4J0UOJZR
B0DQ3PQYP9,A2W8EY4J0UOJZR
B0D6LGYZYS,A2W8EY4J0UOJZR
B0DPQJRVFW,A2W8EY4J0UOJZR
B0D5Y87FZB,A2W8EY4J0UOJZR
B0DPM7QN3G,A2W8EY4J0UOJZR
B0D5Y294KB,A2W8EY4J0UOJZR
B0DP9J11TK,A2W8EY4J0UOJZR
B0D54193VG,A2W8EY4J0UOJZR
B0DP3VX75H,A2W8EY4J0UOJZR
B0D4NQ8DVY,A2W8EY4J0UOJZR
B0DP3TJY7D,A2W8EY4J0UOJZR
B0D4M1R4DQ,A2W8EY4J0UOJZR
B0DNV2P3N7,A2W8EY4J0UOJZR
B0D459VMPC,A2W8EY4J0UOJZR
B0DNN95NLR,A2W8EY4J0UOJZR
B0D3BT26X7,A2W8EY4J0UOJZR
B0DNMF275W,A2W8EY4J0UOJZR
B0D1V2YFGB,A2W8EY4J0UOJZR
B0DN4PS8DP,A2W8EY4J0UOJZR
B0CX81ZCGV,A2W8EY4J0UOJZR
B0DHGRWWDX,A2W8EY4J0UOJZR
B0C9Q5NBLC,A2W8EY4J0UOJZR
B0DH2J2GTJ,A2W8EY4J0UOJZR
B0C95TQFGS,A2W8EY4J0UOJZR
B0DGXSWPGF,A2W8EY4J0UOJZR
B0C3ZZ4PPF,A2W8EY4J0UOJZR
B0DGTCNLY4,A2W8EY4J0UOJZR
B0C2CLD72Z,A2W8EY4J0UOJZR
B0DG1F9PNS,A2W8EY4J0UOJZR
B0BZDR19YZ,A2W8EY4J0UOJZR
B0DFYK2PSQ,A2W8EY4J0UOJZR
B0BVLFY6B6,A2W8EY4J0UOJZR
B0DFWN1MWW,A2W8EY4J0UOJZR
B0BRMK5DTT,A2W8EY4J0UOJZR
B0DFBJ9W9F,A2W8EY4J0UOJZR
B0BQ2XT6QN,A2W8EY4J0UOJZR
B0DLWRDY6L,A2W8EY4J0UOJZR
B0CSWJC9D7,A2W8EY4J0UOJZR
B0DLKL9GJJ,A2W8EY4J0UOJZR
B0CQFFDQKT,A2W8EY4J0UOJZR
B0DKCQXZ1G,A2W8EY4J0UOJZR
B0CMCWB4TT,A2W8EY4J0UOJZR
B0DK8YGDSH,A2W8EY4J0UOJZR
B0CLRTBSSJ,A2W8EY4J0UOJZR
B0DJ2H29W9,A2W8EY4J0UOJZR
B0CJQC5P1B,A2W8EY4J0UOJZR
B0DHZDNR6B,A2W8EY4J0UOJZR
B0CJBHFTD7,A2W8EY4J0UOJZR
B0DHP4MH6N,A2W8EY4J0UOJZR
B0CCRD27VZ,A2W8EY4J0UOJZR
B0DHNLQ6ZF,A2W8EY4J0UOJZR
B0CC2GLGK3,A2W8EY4J0UOJZR
B0DDBXW4LC,A2W8EY4J0UOJZR
B0BNFZNNY5,A2W8EY4J0UOJZR
B0DCSKLD5N,A2W8EY4J0UOJZR
B0BM9WVNDB,A2W8EY4J0UOJZR
B0DCBV3MFC,A2W8EY4J0UOJZR
B0BFVFFHXP,A2W8EY4J0UOJZR
B0D9XZTRKQ,A2W8EY4J0UOJZR
B0B31RQ2NZ,A2W8EY4J0UOJZR
B0D9XGL2B6,A2W8EY4J0UOJZR
B09QSYR1X2,A2W8EY4J0UOJZR
B0D9N2T79D,A2W8EY4J0UOJZR
B08Y5YXH97,A2W8EY4J0UOJZR
B0D9M1QDTP,A2W8EY4J0UOJZR
B08L5XLZF2,A2W8EY4J0UOJZR
B0D9JZ4KFQ,A2W8EY4J0UOJZR
B089KH6N9Y,A2W8EY4J0UOJZR
B0D5J4C6ST,A2W8EY4J0UOJZR
B0D4GZ683R,A2W8EY4J0UOJZR
B0D3WVQLSM,A2W8EY4J0UOJZR
B0D3WDD1B3,A2W8EY4J0UOJZR
B0D3LM7BN5,A2W8EY4J0UOJZR
B0D3KQB2QY,A2W8EY4J0UOJZR
B0D1VC8WKY,A2W8EY4J0UOJZR
B0D1GFY2GN,A2W8EY4J0UOJZR
B0D13XV1BT,A2W8EY4J0UOJZR
B0CZ44G1Z2,A2W8EY4J0UOJZR
B0CYPSF98S,A2W8EY4J0UOJZR
B0CXWX1HYG,A2W8EY4J0UOJZR
B0CX4MJ3J6,A2W8EY4J0UOJZR
B0CWZ1YHQ8,A2W8EY4J0UOJZR
B0CV4W1D1K,A2W8EY4J0UOJZR
B0CSDGJWYP,A2W8EY4J0UOJZR
B0D9BP5DBD,A2W8EY4J0UOJZR
B081QS39M4,A2W8EY4J0UOJZR
B0D9253GNY,A2W8EY4J0UOJZR
B0789WJCYP,A2W8EY4J0UOJZR
B0D8VYPZ4J,A2W8EY4J0UOJZR
B019QMJVPC,A2W8EY4J0UOJZR
B0D7ZR75Q9,A2W8EY4J0UOJZR
B0D7ZDZBD7,A2W8EY4J0UOJZR
B0D7M34Y5N,A2W8EY4J0UOJZR
B0D7H4Q9N3,A2W8EY4J0UOJZR
B0D794W259,A2W8EY4J0UOJZR
B0D72HY2JB,A2W8EY4J0UOJZR
B0D6RL9PW8,A2W8EY4J0UOJZR
B0D6GJHCTZ,A2W8EY4J0UOJZR
B0D62LXL28,A2W8EY4J0UOJZR
B0D5P2SPFP,A2W8EY4J0UOJZR
B0CRRVM9ZG,A2W8EY4J0UOJZR
B0CJV214NG,A2W8EY4J0UOJZR
B0CGLV4P1G,A2W8EY4J0UOJZR
B0CGD5HD76,A2W8EY4J0UOJZR
B0CDWGFZ23,A2W8EY4J0UOJZR
B0CB7HBBSC,A2W8EY4J0UOJZR
B0C8J9D26D,A2W8EY4J0UOJZR
B0C7BWXBPB,A2W8EY4J0UOJZR
B0C2ZRV36P,A2W8EY4J0UOJZR
B0C2TWQ9KZ,A2W8EY4J0UOJZR
B0BY3HM8VJ,A2W8EY4J0UOJZR
B0BVLM5H18,A2W8EY4J0UOJZR
B0BTYNT8FQ,A2W8EY4J0UOJZR
B0BTW8QV6Z,A2W8EY4J0UOJZR
B0BT4GZYTK,A2W8EY4J0UOJZR
B0BSGB53J7,A2W8EY4J0UOJZR
B0BR8WK2WS,A2W8EY4J0UOJZR
B0BQMDWTZ7,A2W8EY4J0UOJZR
B0BJ23RS9H,A2W8EY4J0UOJZR
B0BB7HC6JL,A2W8EY4J0UOJZR
B0B8B2TF8M,A2W8EY4J0UOJZR
B0B7X79XQT,A2W8EY4J0UOJZR
B0B55Y9NK7,A2W8EY4J0UOJZR
B09R1SRZPF,A2W8EY4J0UOJZR
B09QQFQR2B,A2W8EY4J0UOJZR
B0936ML8VT,A2W8EY4J0UOJZR
B08SJBXGN8,A2W8EY4J0UOJZR
B08LYV3QJB,A2W8EY4J0UOJZR
B08DCHDTTV,A2W8EY4J0UOJZR
B089NXS77H,A2W8EY4J0UOJZR
B088C43PG8,A2W8EY4J0UOJZR
B083J32JJH,A2W8EY4J0UOJZR
B082W8N514,A2W8EY4J0UOJZR
B07YSV9PJS,A2W8EY4J0UOJZR
B07JQSCQHP,A2W8EY4J0UOJZR
B075LFJ72F,A2W8EY4J0UOJZR
B010VZYDKQ,A2W8EY4J0UOJZR
B00EAZ50J2,A2W8EY4J0UOJZR
B0DP9L1GVG,A2W8EY4J0UOJZR
B0D8S1DM69,A2W8EY4J0UOJZR
B0DP4DTH32,A2W8EY4J0UOJZR
B0D5S5MSQK,A2W8EY4J0UOJZR
B0DP2B78LG,A2W8EY4J0UOJZR
B0D25Q86F8,A2W8EY4J0UOJZR
B0DNMWRXWN,A2W8EY4J0UOJZR
B0D1SCM5DP,A2W8EY4J0UOJZR
B0DN6SZGVG,A2W8EY4J0UOJZR
B0CWS1BPLM,A2W8EY4J0UOJZR
B0DMVSTNXL,A2W8EY4J0UOJZR
B0CR9SKQ55,A2W8EY4J0UOJZR
B0DM22PYML,A2W8EY4J0UOJZR
B0CQ9BD44C,A2W8EY4J0UOJZR
B0DLNMV3VT,A2W8EY4J0UOJZR
B0CNW7WBRX,A2W8EY4J0UOJZR
B0DL3XQ1K4,A2W8EY4J0UOJZR
B0CMZ92HNC,A2W8EY4J0UOJZR
B0DKVWCL4X,A2W8EY4J0UOJZR
B0CMHNS6MG,A2W8EY4J0UOJZR
B0DKBHWCBD,A2W8EY4J0UOJZR
B0CM3KMHSP,A2W8EY4J0UOJZR
B0DJ6LNFC9,A2W8EY4J0UOJZR
B0CKPDLX1Y,A2W8EY4J0UOJZR
B0DHZZZHST,A2W8EY4J0UOJZR
B0CGRGM83L,A2W8EY4J0UOJZR
B0DHKTCC4B,A2W8EY4J0UOJZR
B0CF5PJ3YN,A2W8EY4J0UOJZR
B0DHHKKTXQ,A2W8EY4J0UOJZR
B0CF2F46C1,A2W8EY4J0UOJZR
B0DHD11RQW,A2W8EY4J0UOJZR
B0CDZQ8ZGV,A2W8EY4J0UOJZR
B0DRJWGSHY,A2W8EY4J0UOJZR
B0DHJG43KX,A2W8EY4J0UOJZR
B0DRFVYP3V,A2W8EY4J0UOJZR
B0DH4H3HFV,A2W8EY4J0UOJZR
B0DQTLF293,A2W8EY4J0UOJZR
B0DFM28JTH,A2W8EY4J0UOJZR
B0DQKMLFC9,A2W8EY4J0UOJZR
B0DD752TD9,A2W8EY4J0UOJZR
B0DQ5WQHB3,A2W8EY4J0UOJZR
B0DD6RFY5K,A2W8EY4J0UOJZR
B0DPZH69GG,A2W8EY4J0UOJZR
B0DBLCVNGQ,A2W8EY4J0UOJZR
B0DPL7WKN1,A2W8EY4J0UOJZR
B0DBKQCV54,A2W8EY4J0UOJZR
B0DPFT6HRF,A2W8EY4J0UOJZR
B0D9BPTZB8,A2W8EY4J0UOJZR
B0DD7CMCFC,A2W8EY4J0UOJZR
B0C6TRKBYV,A2W8EY4J0UOJZR
B0DCK44FY1,A2W8EY4J0UOJZR
B0C6SX2Z9B,A2W8EY4J0UOJZR
B0DCDP62GD,A2W8EY4J0UOJZR
B0C4FQ6TNK,A2W8EY4J0UOJZR
B0DCC7J574,A2W8EY4J0UOJZR
B0C4F9VZPL,A2W8EY4J0UOJZR
B0DBZGSXBN,A2W8EY4J0UOJZR
B0C3GZ2JJ1,A2W8EY4J0UOJZR
B0DBV43W1G,A2W8EY4J0UOJZR
B0C328DGN2,A2W8EY4J0UOJZR
B0DBR5K39K,A2W8EY4J0UOJZR
B0BZQ6QCT2,A2W8EY4J0UOJZR
B0DBC2Q3LQ,A2W8EY4J0UOJZR
B0BYYDXCHZ,A2W8EY4J0UOJZR
B0DB78H6KX,A2W8EY4J0UOJZR
B0BLYKP9S9,A2W8EY4J0UOJZR
B0D9YD9ZYJ,A2W8EY4J0UOJZR
B0BHVMPGDQ,A2W8EY4J0UOJZR
B0D922HLRL,A2W8EY4J0UOJZR
B0BB4FSP93,A2W8EY4J0UOJZR
B0D8SF92P9,A2W8EY4J0UOJZR
B0B92R44DS,A2W8EY4J0UOJZR
B0D8136S5M,A2W8EY4J0UOJZR
B0B58G33CW,A2W8EY4J0UOJZR
B0D7ZSW1NM,A2W8EY4J0UOJZR
B0B1J9512T,A2W8EY4J0UOJZR
B0D7LF8K3K,A2W8EY4J0UOJZR
B0B1G9Q92L,A2W8EY4J0UOJZR
B0D7HCQLWM,A2W8EY4J0UOJZR
B09ZKCRLF3,A2W8EY4J0UOJZR
B0D2R5SMZM,A2W8EY4J0UOJZR
B071HW2V5L,A2W8EY4J0UOJZR
B0D2PSN64D,A2W8EY4J0UOJZR
B06XGQS8Z1,A2W8EY4J0UOJZR
B0D2NVSP7G,A2W8EY4J0UOJZR
B0D2NDK3MK,A2W8EY4J0UOJZR
B0D1Y3ZH73,A2W8EY4J0UOJZR
B0D1G4Z8JX,A2W8EY4J0UOJZR
B0D1G13D1L,A2W8EY4J0UOJZR
B0CZ36YVGY,A2W8EY4J0UOJZR
B0CYT3NWYC,A2W8EY4J0UOJZR
B0CYGZ3M76,A2W8EY4J0UOJZR
B0CY1ZYR18,A2W8EY4J0UOJZR
B0CX8X35S4,A2W8EY4J0UOJZR
B0CX8TZ3M5,A2W8EY4J0UOJZR
B0CW1N4QH7,A2W8EY4J0UOJZR
B0CR5RZ8FC,A2W8EY4J0UOJZR
B0CQYPZWY4,A2W8EY4J0UOJZR
B0CQXMZ75V,A2W8EY4J0UOJZR
B0CPDHCQ5G,A2W8EY4J0UOJZR
B0CMQ1G6QF,A2W8EY4J0UOJZR
B0CMMDR3RM,A2W8EY4J0UOJZR
B0CL1Q7HVK,A2W8EY4J0UOJZR
B0CJF9C6B7,A2W8EY4J0UOJZR
B0CHJS8NHN,A2W8EY4J0UOJZR
B0CFYD6N5K,A2W8EY4J0UOJZR
B0CFB9T44X,A2W8EY4J0UOJZR
B0CF4K1G4R,A2W8EY4J0UOJZR
B0CDMCQ1L7,A2W8EY4J0UOJZR
B0CC5C87H5,A2W8EY4J0UOJZR
B0C8HLY6XQ,A2W8EY4J0UOJZR
B0C83S5KCT,A2W8EY4J0UOJZR
B0DHCZ9DHQ,A2W8EY4J0UOJZR
B0CCN9PB17,A2W8EY4J0UOJZR
B0DHCX2X2R,A2W8EY4J0UOJZR
B0CBL3S9K7,A2W8EY4J0UOJZR
B0DH4DM57P,A2W8EY4J0UOJZR
B0CB7KKX2T,A2W8EY4J0UOJZR
B0DG5RH584,A2W8EY4J0UOJZR
B0CB5BNPJK,A2W8EY4J0UOJZR
B0DDXKSG2S,A2W8EY4J0UOJZR
B0C9WWTW56,A2W8EY4J0UOJZR
B0DDT38YTW,A2W8EY4J0UOJZR
B0C7C6BMSP,A2W8EY4J0UOJZR
B0DDKJH5CG,A2W8EY4J0UOJZR
B0C78DFJLT,A2W8EY4J0UOJZR
B0DDBF6VWM,A2W8EY4J0UOJZR
B0C718GK86,A2W8EY4J0UOJZR
B0D7FG2NHT,A2W8EY4J0UOJZR
B09XML729L,A2W8EY4J0UOJZR
B0D6VLSCFK,A2W8EY4J0UOJZR
B0911VT4HC,A2W8EY4J0UOJZR
B0D62VM6S3,A2W8EY4J0UOJZR
B08MHFPYRY,A2W8EY4J0UOJZR
B0D5KT2YT8,A2W8EY4J0UOJZR
B088KCBL38,A2W8EY4J0UOJZR
B0D5DKYLN5,A2W8EY4J0UOJZR
B0838JGWT1,A2W8EY4J0UOJZR
B0D4QR37M2,A2W8EY4J0UOJZR
B07WFT21YY,A2W8EY4J0UOJZR
B0D4PRVJ5Z,A2W8EY4J0UOJZR
B07WDN8RKC,A2W8EY4J0UOJZR
B0D3HVRPMY,A2W8EY4J0UOJZR
B07PZF9B15,A2W8EY4J0UOJZR
B0C5DMBMW1,A2W8EY4J0UOJZR
B0BZNHR7P1,A2W8EY4J0UOJZR
B0BYMJ171G,A2W8EY4J0UOJZR
B0BXT4QTG6,A2W8EY4J0UOJZR
B0BXQ6L2BV,A2W8EY4J0UOJZR
B0BX7PMZSC,A2W8EY4J0UOJZR
B0BWS55HQL,A2W8EY4J0UOJZR
B0BQBVXBMG,A2W8EY4J0UOJZR
B0BP1QG4RB,A2W8EY4J0UOJZR
B0BLTT1LJC,A2W8EY4J0UOJZR
B0BJMZB39M,A2W8EY4J0UOJZR
B0BC2Z6NDY,A2W8EY4J0UOJZR
B0BBM6PH56,A2W8EY4J0UOJZR
B0B9GV7BBZ,A2W8EY4J0UOJZR
B0B9CFNJ5V,A2W8EY4J0UOJZR
B0B92VBBTC,A2W8EY4J0UOJZR
B0D23NZBWV,A2W8EY4J0UOJZR
B0DRYL4C78,A2W8EY4J0UOJZR
B0D1Y48WWD,A2W8EY4J0UOJZR
B0DRV22XXQ,A2W8EY4J0UOJZR
B0CYLC8BYG,A2W8EY4J0UOJZR
B0DRSPNHWK,A2W8EY4J0UOJZR
B0CS4ZWC2G,A2W8EY4J0UOJZR
B0DRK3NYPM,A2W8EY4J0UOJZR
B0CRHJ4TNY,A2W8EY4J0UOJZR
B0DRHMN1QY,A2W8EY4J0UOJZR
B0CQY821SS,A2W8EY4J0UOJZR
B0DR16V5TP,A2W8EY4J0UOJZR
B0CQQ68QNN,A2W8EY4J0UOJZR
B0DQY2Q3WY,A2W8EY4J0UOJZR
B0CQJSRJ5W,A2W8EY4J0UOJZR
B0DQBK8S7D,A2W8EY4J0UOJZR
B0B4JV4KY1,A2W8EY4J0UOJZR
B0B283T2YM,A2W8EY4J0UOJZR
B09VV8H6KJ,A2W8EY4J0UOJZR
B09TK58M4V,A2W8EY4J0UOJZR
B09RF7YBDW,A2W8EY4J0UOJZR
B09M3KT4QK,A2W8EY4J0UOJZR
B09DJJ79DN,A2W8EY4J0UOJZR
B096B358GB,A2W8EY4J0UOJZR
B094L7FC5T,A2W8EY4J0UOJZR
B07PHVRT64,A2W8EY4J0UOJZR
B07JGZ2LRX,A2W8EY4J0UOJZR
B079NGG73X,A2W8EY4J0UOJZR
B071VJ4NGD,A2W8EY4J0UOJZR
B0112N355A,A2W8EY4J0UOJZR
B00S03K7ZW,A2W8EY4J0UOJZR
B003L6B3RO,A2W8EY4J0UOJZR
B0D7CPF9PM,A2W8EY4J0UOJZR
B0DWSTBF8X,A2W8EY4J0UOJZR
B0D7C9NZNQ,A2W8EY4J0UOJZR
B0DTJZ5V22,A2W8EY4J0UOJZR
B0D4KZS39D,A2W8EY4J0UOJZR
B0DTFZS474,A2W8EY4J0UOJZR
B0D2BFW82S,A2W8EY4J0UOJZR
B0DTFZMBRS,A2W8EY4J0UOJZR
B0D27T4DZH,A2W8EY4J0UOJZR
B0DTDWZ8HC,A2W8EY4J0UOJZR
B0D2675FTN,A2W8EY4J0UOJZR
B0DST5LH78,A2W8EY4J0UOJZR
B0D2645VMR,A2W8EY4J0UOJZR
B0DSSZ9YD5,A2W8EY4J0UOJZR
B0D23SHP4R,A2W8EY4J0UOJZR
B0DS5TS1MT,A2W8EY4J0UOJZR
B0BRV3CY1P,A2W8EY4J0UOJZR
B0DP8LF1K7,A2W8EY4J0UOJZR
B0BPT2BRKQ,A2W8EY4J0UOJZR
B0DP8HJGWD,A2W8EY4J0UOJZR
B0BPRLRDYG,A2W8EY4J0UOJZR
B0DNQMH1YP,A2W8EY4J0UOJZR
B0BD5D91GY,A2W8EY4J0UOJZR
B0DNQKRH8S,A2W8EY4J0UOJZR
B08P1Y42G6,A2W8EY4J0UOJZR
B0DNJYCJN8,A2W8EY4J0UOJZR
B076DYX1FG,A2W8EY4J0UOJZR
B0DNFYF18Y,A2W8EY4J0UOJZR
B0DN9FZSGM,A2W8EY4J0UOJZR
B0DMDQ37XL,A2W8EY4J0UOJZR
B0DM1S4TKB,A2W8EY4J0UOJZR
B0DLVYW22X,A2W8EY4J0UOJZR
B0DL5LTT3L,A2W8EY4J0UOJZR
B0DL2WNBPY,A2W8EY4J0UOJZR
B0DKDRYBXC,A2W8EY4J0UOJZR
B0DJVWBTZM,A2W8EY4J0UOJZR
B0DJSYW7S8,A2W8EY4J0UOJZR
B0DJQC7WQV,A2W8EY4J0UOJZR
B0DJK1SSM3,A2W8EY4J0UOJZR
B0DJFLVFP9,A2W8EY4J0UOJZR
B0DJ88DN11,A2W8EY4J0UOJZR
B0DJ5BS7V7,A2W8EY4J0UOJZR
B0DHZCH1NH,A2W8EY4J0UOJZR
B0DHZBG8G6,A2W8EY4J0UOJZR
B0DHV9XPQZ,A2W8EY4J0UOJZR
B0DHTJBK69,A2W8EY4J0UOJZR
B0DHGCD89S,A2W8EY4J0UOJZR
B0DH4M2TNJ,A2W8EY4J0UOJZR
B0DH1XLHZH,A2W8EY4J0UOJZR
B0DFSH3V72,A2W8EY4J0UOJZR
B0DFQ9ZF2Y,A2W8EY4J0UOJZR
B0DFPXH9RC,A2W8EY4J0UOJZR
B0DFPS7B65,A2W8EY4J0UOJZR
B0DFM4BW39,A2W8EY4J0UOJZR
B0DF63VZ6G,A2W8EY4J0UOJZR
B0DF2PWVDT,A2W8EY4J0UOJZR
B0DDWR4YGY,A2W8EY4J0UOJZR
B0DD3SXXXQ,A2W8EY4J0UOJZR
B0DCYZR7K2,A2W8EY4J0UOJZR
B0DCW7WP81,A2W8EY4J0UOJZR
B0DCJQLPV3,A2W8EY4J0UOJZR
B0DCFZH31N,A2W8EY4J0UOJZR
B0DC3XG7BW,A2W8EY4J0UOJZR
B0DBM76P54,A2W8EY4J0UOJZR
B0DBKJMNPD,A2W8EY4J0UOJZR
B0DBHV9ZCB,A2W8EY4J0UOJZR
B0DBHTK6YC,A2W8EY4J0UOJZR
B0DBHSV547,A2W8EY4J0UOJZR
B0DBHSSPYG,A2W8EY4J0UOJZR
B0DBHSRTMX,A2W8EY4J0UOJZR
B0DBHS4X6S,A2W8EY4J0UOJZR
B0DBHRX1CH,A2W8EY4J0UOJZR
B0DBHRNQJZ,A2W8EY4J0UOJZR
B0DBHRH7ZJ,A2W8EY4J0UOJZR
B0DBHQCDF2,A2W8EY4J0UOJZR
B0DBHQ68SJ,A2W8EY4J0UOJZR
B0DBHPSNLK,A2W8EY4J0UOJZR
B0DBHPPQMH,A2W8EY4J0UOJZR
B0DBHPHZMX,A2W8EY4J0UOJZR
B0DBHNPDCR,A2W8EY4J0UOJZR
B0CP75FQKC,A2W8EY4J0UOJZR
B0DQ8TSNZZ,A2W8EY4J0UOJZR
B0CN2XYG3D,A2W8EY4J0UOJZR
B0DQ54Q9BR,A2W8EY4J0UOJZR
B0CM3J9KKC,A2W8EY4J0UOJZR
B0DQ4R94JQ,A2W8EY4J0UOJZR
B0CM3G327M,A2W8EY4J0UOJZR
B0DPQDGDFG,A2W8EY4J0UOJZR
B0CK6TJBW4,A2W8EY4J0UOJZR
B0DPQ7DZN9,A2W8EY4J0UOJZR
B0C5F55VV6,A2W8EY4J0UOJZR
B0DPKVW6VG,A2W8EY4J0UOJZR
B0C2Q7GM43,A2W8EY4J0UOJZR
B0DPHC1VG3,A2W8EY4J0UOJZR
B0BXGGJKMQ,A2W8EY4J0UOJZR
B0DPFZ27CG,A2W8EY4J0UOJZR
B0CYYZZRPS,A2W8EY4J0UOJZR
B0CYGTJRZN,A2W8EY4J0UOJZR
B0CYBZHZLM,A2W8EY4J0UOJZR
B0CY98SHS9,A2W8EY4J0UOJZR
B0CXJ5L51D,A2W8EY4J0UOJZR
B0CW9N44FQ,A2W8EY4J0UOJZR
B0CW62C2XB,A2W8EY4J0UOJZR
B0CTJMRLC2,A2W8EY4J0UOJZR
B0CTCSQRDL,A2W8EY4J0UOJZR
B0CSMBRVQR,A2W8EY4J0UOJZR
B0CSFTWRFS,A2W8EY4J0UOJZR
B0CRQVWC5Y,A2W8EY4J0UOJZR
B0CRH59N3G,A2W8EY4J0UOJZR
B0CR5SCXH2,A2W8EY4J0UOJZR
B0CQVFTKYZ,A2W8EY4J0UOJZR
B0CQK51YV3,A2W8EY4J0UOJZR
B0DBHN4HWV,A2W8EY4J0UOJZR
B0DBH7CSVZ,A2W8EY4J0UOJZR
B0DBH78DT4,A2W8EY4J0UOJZR
B0DBH67T5V,A2W8EY4J0UOJZR
B0DBH673L3,A2W8EY4J0UOJZR
B0DBGYGCQR,A2W8EY4J0UOJZR
B0DBGSKXXP,A2W8EY4J0UOJZR
B0DBGS7BW7,A2W8EY4J0UOJZR
B0DBGRW39V,A2W8EY4J0UOJZR
B0DBGRKTD6,A2W8EY4J0UOJZR
B0DBGRG7YZ,A2W8EY4J0UOJZR
B0DBGRD5V4,A2W8EY4J0UOJZR
B0DBGQZQ4L,A2W8EY4J0UOJZR
B0DB55SHYP,A2W8EY4J0UOJZR
B0DB25G6CJ,A2W8EY4J0UOJZR
B0D9KGWQZN,A2W8EY4J0UOJZR
B0D9KGLTVC,A2W8EY4J0UOJZR
B0D9KGF98N,A2W8EY4J0UOJZR
B0D9KFVMNB,A2W8EY4J0UOJZR
B0D9JBJ38G,A2W8EY4J0UOJZR
B0D9D435BH,A2W8EY4J0UOJZR
B0D98D31NJ,A2W8EY4J0UOJZR
B0D96KRDCN,A2W8EY4J0UOJZR
B0D8XVRNL2,A2W8EY4J0UOJZR
B0D8SBQVCN,A2W8EY4J0UOJZR
B0D8HXM631,A2W8EY4J0UOJZR
B0D8FBRVBY,A2W8EY4J0UOJZR
B0D8BFGDY2,A2W8EY4J0UOJZR
B0D873GPGT,A2W8EY4J0UOJZR
B0D83TVW37,A2W8EY4J0UOJZR
B0D7TPXSMM,A2W8EY4J0UOJZR
B0D7M6ZTN6,A2W8EY4J0UOJZR
B0D7CFK7ZN,A2W8EY4J0UOJZR
B0D6NPX775,A2W8EY4J0UOJZR
B0D6GBHR5D,A2W8EY4J0UOJZR
B0D58G1DQT,A2W8EY4J0UOJZR
B0D4YYRCNS,A2W8EY4J0UOJZR
B0D4YYB1NN,A2W8EY4J0UOJZR
B0D4R76GJ2,A2W8EY4J0UOJZR
B0D4Q8NMT9,A2W8EY4J0UOJZR
B0D477WG5S,A2W8EY4J0UOJZR
B0D3V97X91,A2W8EY4J0UOJZR
B0D2L3HF6M,A2W8EY4J0UOJZR
B0D1XYYLG3,A2W8EY4J0UOJZR
B0D1GFJHR6,A2W8EY4J0UOJZR
B0CZLCTZX5,A2W8EY4J0UOJZR
B0CZJWF496,A2W8EY4J0UOJZR
B0CZDXZL9R,A2W8EY4J0UOJZR
B0CP5985YN,A2W8EY4J0UOJZR
B0CNTGK6T9,A2W8EY4J0UOJZR
B0CLS6Y6NV,A2W8EY4J0UOJZR
B0CLLSV7PW,A2W8EY4J0UOJZR
B0CKX7PJ5M,A2W8EY4J0UOJZR
B0CKT6L65Z,A2W8EY4J0UOJZR
B0CKPJ23NV,A2W8EY4J0UOJZR
B0CKL2M6TC,A2W8EY4J0UOJZR
B0CK5VXVS2,A2W8EY4J0UOJZR
B0CJV2KKZ4,A2W8EY4J0UOJZR
B0CJ57T93H,A2W8EY4J0UOJZR
B0CHJ684LZ,A2W8EY4J0UOJZR
B0CHBBSKFN,A2W8EY4J0UOJZR
B0CGPRXLMD,A2W8EY4J0UOJZR
B0CDXNKTJC,A2W8EY4J0UOJZR
B0CCRT891H,A2W8EY4J0UOJZR
B0BW697P47,A2W8EY4J0UOJZR
B0BVX5SFCF,A2W8EY4J0UOJZR
B0BSFF9V36,A2W8EY4J0UOJZR
B0BRQXJTJJ,A2W8EY4J0UOJZR
B0BPLJTX6D,A2W8EY4J0UOJZR
B0BMTGPYRD,A2W8EY4J0UOJZR
B0BMDT915T,A2W8EY4J0UOJZR
B0BL3WNR3G,A2W8EY4J0UOJZR
B0BKZRJQ6B,A2W8EY4J0UOJZR
B0BHS93F48,A2W8EY4J0UOJZR
B0BFQR777V,A2W8EY4J0UOJZR
B0BCNWZNZX,A2W8EY4J0UOJZR
B0BC77C3SX,A2W8EY4J0UOJZR
B0B55NH24N,A2W8EY4J0UOJZR
B0B298P7RW,A2W8EY4J0UOJZR
B09LC43G7J,A2W8EY4J0UOJZR
B0CCLCFZ2B,A2W8EY4J0UOJZR
B0CB919S7F,A2W8EY4J0UOJZR
B0CB1FKQKK,A2W8EY4J0UOJZR
B0C9Q3TWZ1,A2W8EY4J0UOJZR
B0C98KKYKV,A2W8EY4J0UOJZR
B0C8MYVRPD,A2W8EY4J0UOJZR
B0C8MYFL5C,A2W8EY4J0UOJZR
B0C7S6WHP6,A2W8EY4J0UOJZR
B0C7R6DMCY,A2W8EY4J0UOJZR
B0C72CLH6D,A2W8EY4J0UOJZR
B0C3X2PSVL,A2W8EY4J0UOJZR
B0C3VYNB3P,A2W8EY4J0UOJZR
B0BZSJ43JK,A2W8EY4J0UOJZR
B0BZSGG8NZ,A2W8EY4J0UOJZR
B0BWXCBGZH,A2W8EY4J0UOJZR
B0BW7S8XH9,A2W8EY4J0UOJZR
B09J2F5RV4,A2W8EY4J0UOJZR
B09FT59JSJ,A2W8EY4J0UOJZR
B09C1LBB82,A2W8EY4J0UOJZR
B09BKZXFMD,A2W8EY4J0UOJZR
B09B1ZDNPR,A2W8EY4J0UOJZR
B098WZCSXK,A2W8EY4J0UOJZR
B09885VGRB,A2W8EY4J0UOJZR
B097768RZZ,A2W8EY4J0UOJZR
B0951X1SJ9,A2W8EY4J0UOJZR
B093FL86YF,A2W8EY4J0UOJZR
B09373GC5H,A2W8EY4J0UOJZR
B092VSM8Q4,A2W8EY4J0UOJZR
B08TV1CZVF,A2W8EY4J0UOJZR
B08RP4MJBV,A2W8EY4J0UOJZR
B08PFDCLWL,A2W8EY4J0UOJZR
B08NJ9DCPF,A2W8EY4J0UOJZR
B0DB1DDZSK,A2W8EY4J0UOJZR
B0DZN3KF4D,A2W8EY4J0UOJZR
B0D83BHJYX,A2W8EY4J0UOJZR
B0DYHPDSGF,A2W8EY4J0UOJZR
B0CZ3KCPM6,A2W8EY4J0UOJZR
B0DSVWVXN5,A2W8EY4J0UOJZR
B0CDW15KH1,A2W8EY4J0UOJZR
B08KVRF1TM,A2W8EY4J0UOJZR
B07RMHG7DC,A2W8EY4J0UOJZR
B07L334446,A2W8EY4J0UOJZR
B07L32S2ZM,A2W8EY4J0UOJZR
B07L3272KX,A2W8EY4J0UOJZR
B07HKT7N8T,A2W8EY4J0UOJZR
B072WZQY1W,A2W8EY4J0UOJZR
B01N6AVDAY,A2W8EY4J0UOJZR
B01AGQ1V8W,A2W8EY4J0UOJZR
B00OK35LIE,A2W8EY4J0UOJZR
B00F3B4KAW,A2W8EY4J0UOJZR
B007NRX60E,A2W8EY4J0UOJZR
B0077Z520Y,A2W8EY4J0UOJZR
B005IBSIS2,A2W8EY4J0UOJZR
B0F19DZ7JN,A2W8EY4J0UOJZR
B0DT935DMV,A2W8EY4J0UOJZR
B0DSSXTVSW,A2W8EY4J0UOJZR
B0DRKC5BH7,A2W8EY4J0UOJZR
B0D9YJJMVZ,A2W8EY4J0UOJZR
B0DQPP4LJT,A2W8EY4J0UOJZR
B0D8Q4BTJW,A2W8EY4J0UOJZR
B0DQ4RSJNL,A2W8EY4J0UOJZR
B0D7995CH6,A2W8EY4J0UOJZR
B0DPJWRWLR,A2W8EY4J0UOJZR
B0CZJZ8WX1,A2W8EY4J0UOJZR
B0DSW5LYSX,A2W8EY4J0UOJZR
B0DHXFG7LB,A2W8EY4J0UOJZR
B0DS5Q1G7H,A2W8EY4J0UOJZR
B0DHD8V7CM,A2W8EY4J0UOJZR
B0DT6PWPVD,A2W8EY4J0UOJZR
B0DJ2GMNPQ,A2W8EY4J0UOJZR
B0DSKPZM8L,A2W8EY4J0UOJZR
B0DDYGSGH3,A2W8EY4J0UOJZR
B0DSFNT1QT,A2W8EY4J0UOJZR
B0DBB5VB63,A2W8EY4J0UOJZR
B0DS8J2DT5,A2W8EY4J0UOJZR
B0D4YPLTY9,A2W8EY4J0UOJZR
B0DRCGS3XF,A2W8EY4J0UOJZR
B0CYPWQCW5,A2W8EY4J0UOJZR
B0DQCN9B1C,A2W8EY4J0UOJZR
B0CLXRWL7H,A2W8EY4J0UOJZR
B0DHWRYFMM,A2W8EY4J0UOJZR
B0DRT8BWVJ,A2W8EY4J0UOJZR
B0DHTWL3NH,A2W8EY4J0UOJZR
B0DR8CCQWM,A2W8EY4J0UOJZR
B0DFLXXXMB,A2W8EY4J0UOJZR
B0DQWCS8SX,A2W8EY4J0UOJZR
B0DF7ZW2C2,A2W8EY4J0UOJZR
B0DQ523579,A2W8EY4J0UOJZR
B0D95TP3KK,A2W8EY4J0UOJZR
B0DPQJ2C4F,A2W8EY4J0UOJZR
B0D8TXZF7G,A2W8EY4J0UOJZR
B0DPLD4VPC,A2W8EY4J0UOJZR
B0D8J4V9L7,A2W8EY4J0UOJZR
B0DP76XTM3,A2W8EY4J0UOJZR
B0D8DRCTPF,A2W8EY4J0UOJZR
B0DNHTR62F,A2W8EY4J0UOJZR
B0D8DMGTL4,A2W8EY4J0UOJZR
B0DN5KMH1V,A2W8EY4J0UOJZR
B0D7JYW557,A2W8EY4J0UOJZR
B0DN1D2KBG,A2W8EY4J0UOJZR
B0D5LVPPYD,A2W8EY4J0UOJZR
B0DMN83N74,A2W8EY4J0UOJZR
B0D2WDB4ZB,A2W8EY4J0UOJZR
B0DMFGTCCL,A2W8EY4J0UOJZR
B0D264FG8Q,A2W8EY4J0UOJZR
B0DLZW1G62,A2W8EY4J0UOJZR
B0CZL8MF32,A2W8EY4J0UOJZR
B0DLNLZ8Q7,A2W8EY4J0UOJZR
B0CZDMWBFQ,A2W8EY4J0UOJZR
B0DKSNNL8F,A2W8EY4J0UOJZR
B0CYHGCXQY,A2W8EY4J0UOJZR
B0DKSH9VPG,A2W8EY4J0UOJZR
B0CT2NPBM2,A2W8EY4J0UOJZR
B0DKFH7N4Q,A2W8EY4J0UOJZR
B0CRNGJVWL,A2W8EY4J0UOJZR
B0DKBCF2KK,A2W8EY4J0UOJZR
B0CQQFFMF5,A2W8EY4J0UOJZR
B0DK59NX6M,A2W8EY4J0UOJZR
B0CQJ9JRWZ,A2W8EY4J0UOJZR
B0DK377MFS,A2W8EY4J0UOJZR
B0CQCNVWH7,A2W8EY4J0UOJZR
B0DJSGRTGC,A2W8EY4J0UOJZR
B0CN6K4BPD,A2W8EY4J0UOJZR
B0DJKLPJKC,A2W8EY4J0UOJZR
B0CMTR811Y,A2W8EY4J0UOJZR
B0DJ26YHC5,A2W8EY4J0UOJZR
B0CMBPB6TL,A2W8EY4J0UOJZR
B0DHHV6H52,A2W8EY4J0UOJZR
B0C6SSSSB5,A2W8EY4J0UOJZR
B0DD2VLSK1,A2W8EY4J0UOJZR
B0C3M3HGLJ,A2W8EY4J0UOJZR
B0DCVBNCMM,A2W8EY4J0UOJZR
B0C14HV2Y2,A2W8EY4J0UOJZR
B0DCP1FJ91,A2W8EY4J0UOJZR
B0BWDP54PW,A2W8EY4J0UOJZR
B0DCNHYX4D,A2W8EY4J0UOJZR
B0BNMH195Y,A2W8EY4J0UOJZR
B0DCGFYBJZ,A2W8EY4J0UOJZR
B0BNKVGXKN,A2W8EY4J0UOJZR
B0DCFVTNQP,A2W8EY4J0UOJZR
B0BKGJN2T3,A2W8EY4J0UOJZR
B0DCB9S14X,A2W8EY4J0UOJZR
B0BHTLDXDV,A2W8EY4J0UOJZR
B0DC6MRBJG,A2W8EY4J0UOJZR
B0CLXTV5Y7,A2W8EY4J0UOJZR
B0DGXRJ9ZX,A2W8EY4J0UOJZR
B0CG85M3JD,A2W8EY4J0UOJZR
B0DGWZB798,A2W8EY4J0UOJZR
B0CCS4YM9R,A2W8EY4J0UOJZR
B0DGP6FG43,A2W8EY4J0UOJZR
B0CC8C94S7,A2W8EY4J0UOJZR
B0DFWJLYL6,A2W8EY4J0UOJZR
B0CBWNSMSS,A2W8EY4J0UOJZR
B0DFW1YVTV,A2W8EY4J0UOJZR
B0CBS3PNF4,A2W8EY4J0UOJZR
B0DF2VYGBJ,A2W8EY4J0UOJZR
B0C7Q8FN74,A2W8EY4J0UOJZR
B0DDWYV168,A2W8EY4J0UOJZR
B0C7FQGH5K,A2W8EY4J0UOJZR
B0DDDRHPRK,A2W8EY4J0UOJZR
B0BHR9JMVV,A2W8EY4J0UOJZR
B0DBTVT86D,A2W8EY4J0UOJZR
B0B5THC72H,A2W8EY4J0UOJZR
B0DBHCPJ5K,A2W8EY4J0UOJZR
B09XK73GFR,A2W8EY4J0UOJZR
B0DB5VPHQ3,A2W8EY4J0UOJZR
B098PTNJ7T,A2W8EY4J0UOJZR
B0D9YN8K64,A2W8EY4J0UOJZR
B097YY5P44,A2W8EY4J0UOJZR
B0D9W45Q6F,A2W8EY4J0UOJZR
B097YVXJVD,A2W8EY4J0UOJZR
B0D9VCRX3T,A2W8EY4J0UOJZR
B097YSZWTK,A2W8EY4J0UOJZR
B0D9KFSLF4,A2W8EY4J0UOJZR
B09726LJ22,A2W8EY4J0UOJZR
B0D9JZQBH2,A2W8EY4J0UOJZR
B08ZXBL82M,A2W8EY4J0UOJZR
B0D9H3HDP5,A2W8EY4J0UOJZR
B08V5D462C,A2W8EY4J0UOJZR
B0D8JCWQ2G,A2W8EY4J0UOJZR
B08L9SHRLS,A2W8EY4J0UOJZR
B0D8J52HKR,A2W8EY4J0UOJZR
B08KGX3LRR,A2W8EY4J0UOJZR
B0D8DVRQTC,A2W8EY4J0UOJZR
B08HBLV43K,A2W8EY4J0UOJZR
B0D83S4Z41,A2W8EY4J0UOJZR
B08FFHLMBS,A2W8EY4J0UOJZR
B0D83PVG2L,A2W8EY4J0UOJZR
B087BHBRYW,A2W8EY4J0UOJZR
B0D82WXBMN,A2W8EY4J0UOJZR
B087BDFP27,A2W8EY4J0UOJZR
B0D7ZYPPLL,A2W8EY4J0UOJZR
B087B7VXM2,A2W8EY4J0UOJZR
B0D7CHYNJB,A2W8EY4J0UOJZR
B086P9S8Z8,A2W8EY4J0UOJZR
B0D6GXP212,A2W8EY4J0UOJZR
B085M6VQT3,A2W8EY4J0UOJZR
B0D66KK1GT,A2W8EY4J0UOJZR
B07RC9X3QS,A2W8EY4J0UOJZR
B0D5YFTPHJ,A2W8EY4J0UOJZR
B07MTB37TM,A2W8EY4J0UOJZR
B0D5RJ24DD,A2W8EY4J0UOJZR
B07G5RB5CF,A2W8EY4J0UOJZR
B0D5HNP1S8,A2W8EY4J0UOJZR
B074NBSWCZ,A2W8EY4J0UOJZR
B0D4YPN849,A2W8EY4J0UOJZR
B0178PT42O,A2W8EY4J0UOJZR
B0D4YD42MF,A2W8EY4J0UOJZR
B0CXSSNLFN,A2W8EY4J0UOJZR
B0CWGRL3V3,A2W8EY4J0UOJZR
B0CW1K3HJB,A2W8EY4J0UOJZR
B0CTH68JPF,A2W8EY4J0UOJZR
B0CTBSH4TH,A2W8EY4J0UOJZR
B0CT559QP8,A2W8EY4J0UOJZR
B0CSM1138W,A2W8EY4J0UOJZR
B0CR47KR53,A2W8EY4J0UOJZR
B0CPXQFTMC,A2W8EY4J0UOJZR
B0CNSJB6VH,A2W8EY4J0UOJZR
B0CNM52CBL,A2W8EY4J0UOJZR
B0CNLKPJQX,A2W8EY4J0UOJZR
B0CNCP1QCC,A2W8EY4J0UOJZR
B0CMPFPYYY,A2W8EY4J0UOJZR
B0CLVRJMXC,A2W8EY4J0UOJZR
B0CLVF9C5Z,A2W8EY4J0UOJZR
B00YXORF3O,A2W8EY4J0UOJZR
B0D4QRHG69,A2W8EY4J0UOJZR
B0D4LV1FKN,A2W8EY4J0UOJZR
B0D4DVTF2G,A2W8EY4J0UOJZR
B0D46JZ1X3,A2W8EY4J0UOJZR
B0D423KRV4,A2W8EY4J0UOJZR
B0D2N3BC52,A2W8EY4J0UOJZR
B0D2LQ4PR2,A2W8EY4J0UOJZR
B0D2D3JFBJ,A2W8EY4J0UOJZR
B0D22XLM48,A2W8EY4J0UOJZR
B0D1XJZJQC,A2W8EY4J0UOJZR
B0D1R6QC6W,A2W8EY4J0UOJZR
B0D14QNZTG,A2W8EY4J0UOJZR
B0CZ9982G1,A2W8EY4J0UOJZR
B0CYLQF1FF,A2W8EY4J0UOJZR
B0CY9PXWVS,A2W8EY4J0UOJZR
B0C6L644BK,A2W8EY4J0UOJZR
B0C64V7J2V,A2W8EY4J0UOJZR
B0C5H9VL36,A2W8EY4J0UOJZR
B0C3LGS88Y,A2W8EY4J0UOJZR
B0C2TYWBG3,A2W8EY4J0UOJZR
B0BYJ2QTM6,A2W8EY4J0UOJZR
B0BY36BK6X,A2W8EY4J0UOJZR
B0BWMRW5QT,A2W8EY4J0UOJZR
B0BV1M2331,A2W8EY4J0UOJZR
B0BR13NDWS,A2W8EY4J0UOJZR
B0BNNP35YX,A2W8EY4J0UOJZR
B0BLTTDLRS,A2W8EY4J0UOJZR
B0B9R8N3ZK,A2W8EY4J0UOJZR
B0B28KCZJ6,A2W8EY4J0UOJZR
B0B25MKFKJ,A2W8EY4J0UOJZR
B09S13ND1X,A2W8EY4J0UOJZR
B09LVGQPF7,A2W8EY4J0UOJZR
B09BLB48M6,A2W8EY4J0UOJZR
B08HV54TKS,A2W8EY4J0UOJZR
B08H2BNG52,A2W8EY4J0UOJZR
B088CM5V8R,A2W8EY4J0UOJZR
B07ZWBRGKD,A2W8EY4J0UOJZR
B07ZFYRLZV,A2W8EY4J0UOJZR
B07PQVR4XH,A2W8EY4J0UOJZR
B07MZ68H3Z,A2W8EY4J0UOJZR
B07HF7QH5R,A2W8EY4J0UOJZR
B06X193X2M,A2W8EY4J0UOJZR
B01MTU4O0V,A2W8EY4J0UOJZR
B01G4FTXSE,A2W8EY4J0UOJZR
B010IDS6RM,A2W8EY4J0UOJZR
B00PRUG2BY,A2W8EY4J0UOJZR
B00DROBQ0E,A2W8EY4J0UOJZR
B0CHNS1ZVC,A2W8EY4J0UOJZR
B0CHHNBWVZ,A2W8EY4J0UOJZR
B0CH3PFF5Q,A2W8EY4J0UOJZR
B0CGZYDHK5,A2W8EY4J0UOJZR
B0CGRDXHFK,A2W8EY4J0UOJZR
B0CF5DX7XN,A2W8EY4J0UOJZR
B0CD2FLJJT,A2W8EY4J0UOJZR
B0CBVX9VXZ,A2W8EY4J0UOJZR
B0CBFYC1XJ,A2W8EY4J0UOJZR
B0CBDNHJSM,A2W8EY4J0UOJZR
B0C9YK2WGZ,A2W8EY4J0UOJZR
B0C9XWGDXC,A2W8EY4J0UOJZR
B0C9D7XZD7,A2W8EY4J0UOJZR
B0C8JJ5H1Z,A2W8EY4J0UOJZR
B0C88L1HKX,A2W8EY4J0UOJZR
B0C782S8T7,A2W8EY4J0UOJZR
B0DT8QPZFW,A2W8EY4J0UOJZR
B0DG4R8WH1,A2W8EY4J0UOJZR
B0DT8JCCNK,A2W8EY4J0UOJZR
B0DG2T16LJ,A2W8EY4J0UOJZR
B0DST2PHLP,A2W8EY4J0UOJZR
B0DDCLHN34,A2W8EY4J0UOJZR
B0DSKCP634,A2W8EY4J0UOJZR
B0DCYYLPW2,A2W8EY4J0UOJZR
B0DSHQ1L97,A2W8EY4J0UOJZR
B0DBB38C92,A2W8EY4J0UOJZR
B0DSFRZ71L,A2W8EY4J0UOJZR
B0D8ZNBSMT,A2W8EY4J0UOJZR
B0DS2HB8JQ,A2W8EY4J0UOJZR
B0D83NXP1V,A2W8EY4J0UOJZR
B0DRP9JKB2,A2W8EY4J0UOJZR
B0D6G49XRL,A2W8EY4J0UOJZR
B0DR8K6QRY,A2W8EY4J0UOJZR
B0D66S6FC9,A2W8EY4J0UOJZR
B0DR8GFC6V,A2W8EY4J0UOJZR
B0D5LJJKXX,A2W8EY4J0UOJZR
B0DR152KG1,A2W8EY4J0UOJZR
B0D5F8MYNH,A2W8EY4J0UOJZR
B0DQTY68N6,A2W8EY4J0UOJZR
B0D4Q6LLSC,A2W8EY4J0UOJZR
B0DQKKF1G5,A2W8EY4J0UOJZR
B0D4MMDXBZ,A2W8EY4J0UOJZR
B0DQDLGLSZ,A2W8EY4J0UOJZR
B0D1Y2CBNF,A2W8EY4J0UOJZR
B0DQ7SYHFS,A2W8EY4J0UOJZR
B0D1N2R3RV,A2W8EY4J0UOJZR
B0DQ3B6DP9,A2W8EY4J0UOJZR
B0CZD2J4LS,A2W8EY4J0UOJZR
B0DJXMJCFV,A2W8EY4J0UOJZR
B0CK57G43D,A2W8EY4J0UOJZR
B0DJV6RTC9,A2W8EY4J0UOJZR
B0CJLNPYBX,A2W8EY4J0UOJZR
B0DJLJZSW5,A2W8EY4J0UOJZR
B0CJJPSX9R,A2W8EY4J0UOJZR
B0DHTHWNKL,A2W8EY4J0UOJZR
B0CJ4M9K45,A2W8EY4J0UOJZR
B0DHCK8Z6F,A2W8EY4J0UOJZR
B0CG9YQD7K,A2W8EY4J0UOJZR
B0DFPT14XR,A2W8EY4J0UOJZR
B0CFL7TT92,A2W8EY4J0UOJZR
B0DDXHHS94,A2W8EY4J0UOJZR
B0CB3JWY8H,A2W8EY4J0UOJZR
B0DDWQT7TF,A2W8EY4J0UOJZR
B0C7RDPXW9,A2W8EY4J0UOJZR
B0DPWZFND4,A2W8EY4J0UOJZR
B0CZ8FWKT6,A2W8EY4J0UOJZR
B0DPMBN2T3,A2W8EY4J0UOJZR
B0CYZBCDGB,A2W8EY4J0UOJZR
B0DPFF9S34,A2W8EY4J0UOJZR
B0CYTJ6CGX,A2W8EY4J0UOJZR
B0DP9QS3L7,A2W8EY4J0UOJZR
B0CYHDCZ73,A2W8EY4J0UOJZR
B0DP2TP4TP,A2W8EY4J0UOJZR
B0CWPCYC13,A2W8EY4J0UOJZR
B0DP2JFL4D,A2W8EY4J0UOJZR
B0CQNJDMBL,A2W8EY4J0UOJZR
B0DN17DR4M,A2W8EY4J0UOJZR
B0CL49HKMK,A2W8EY4J0UOJZR
B0DL9RBHQT,A2W8EY4J0UOJZR
B0CKKZBNWR,A2W8EY4J0UOJZR
B0D7HC6DVZ,A2W8EY4J0UOJZR
B08WRH5Z6Z,A2W8EY4J0UOJZR
B0D5CPBPKT,A2W8EY4J0UOJZR
B08N5XNZ9K,A2W8EY4J0UOJZR
B0D4QMHZXR,A2W8EY4J0UOJZR
B07YQBGT82,A2W8EY4J0UOJZR
B0D41V8QJQ,A2W8EY4J0UOJZR
B07V1J2V1K,A2W8EY4J0UOJZR
B0D264XR4W,A2W8EY4J0UOJZR
B07F98S78G,A2W8EY4J0UOJZR
B0D1TWLFMH,A2W8EY4J0UOJZR
B07D6V31CV,A2W8EY4J0UOJZR
B0D1RBNDK5,A2W8EY4J0UOJZR
B079CFBLWH,A2W8EY4J0UOJZR
B0CZ9Q7Q24,A2W8EY4J0UOJZR
B019QM7KGY,A2W8EY4J0UOJZR
B0DDV286Q1,A2W8EY4J0UOJZR
B0BYN7Z4VD,A2W8EY4J0UOJZR
B0DD7NPCPC,A2W8EY4J0UOJZR
B0BTNL76VP,A2W8EY4J0UOJZR
B0DD6XRFF2,A2W8EY4J0UOJZR
B0BPNQ84K5,A2W8EY4J0UOJZR
B0DCZK6KH4,A2W8EY4J0UOJZR
B0BJZKMZ39,A2W8EY4J0UOJZR
B0DCDV1TR3,A2W8EY4J0UOJZR
B0BHRCCW94,A2W8EY4J0UOJZR
B0DBVM2SNY,A2W8EY4J0UOJZR
B0BGTBZDT5,A2W8EY4J0UOJZR
B0DBH1DKMD,A2W8EY4J0UOJZR
B0BDRNKVMN,A2W8EY4J0UOJZR
B0DBCXTFV4,A2W8EY4J0UOJZR
B0BCR4RDY5,A2W8EY4J0UOJZR
B0DB74CFPJ,A2W8EY4J0UOJZR
B0B9963YZM,A2W8EY4J0UOJZR
B0DB5R76GQ,A2W8EY4J0UOJZR
B0B6JT47VS,A2W8EY4J0UOJZR
B0D983L155,A2W8EY4J0UOJZR
B0B5RG86JY,A2W8EY4J0UOJZR
B0D8Y4GNWM,A2W8EY4J0UOJZR
B09NCCZCZB,A2W8EY4J0UOJZR
B0D8WPHMRS,A2W8EY4J0UOJZR
B09MKVMG7S,A2W8EY4J0UOJZR
B0D8SD4N1G,A2W8EY4J0UOJZR
B09JK6N7D2,A2W8EY4J0UOJZR
B0D86H9K36,A2W8EY4J0UOJZR
B09JGKKH9F,A2W8EY4J0UOJZR
B0D869F85M,A2W8EY4J0UOJZR
B09C2XVRLJ,A2W8EY4J0UOJZR
B0CXD91BPB,A2W8EY4J0UOJZR
B001J8KMGE,A2W8EY4J0UOJZR
B0CX167PNG,A2W8EY4J0UOJZR
B0CWV521ZN,A2W8EY4J0UOJZR
B0CW8NTPXM,A2W8EY4J0UOJZR
B0CTTZ68XT,A2W8EY4J0UOJZR
B0CTB2TTZV,A2W8EY4J0UOJZR
B0CSW8NSBD,A2W8EY4J0UOJZR
B0CSFM6B9F,A2W8EY4J0UOJZR
B0CQWMSGH8,A2W8EY4J0UOJZR
B0CPF7DBLN,A2W8EY4J0UOJZR
B0CP89Z6ML,A2W8EY4J0UOJZR
B0CM38WL6Y,A2W8EY4J0UOJZR
B0CLTPKWTL,A2W8EY4J0UOJZR
B0CKKL129B,A2W8EY4J0UOJZR
B0CK5ZHPZB,A2W8EY4J0UOJZR
B0CJTL3GCT,A2W8EY4J0UOJZR
B0CHYJ4KV9,A2W8EY4J0UOJZR
B0CGHP9J11,A2W8EY4J0UOJZR
B0CGDJQ9VS,A2W8EY4J0UOJZR
B0CFTRM9G8,A2W8EY4J0UOJZR
B0CCYF8JYR,A2W8EY4J0UOJZR
B0CCY71HP4,A2W8EY4J0UOJZR
B0CCS7G5QB,A2W8EY4J0UOJZR
B0CB7CDVYV,A2W8EY4J0UOJZR
B0CB6JW4MS,A2W8EY4J0UOJZR
B0C8JDVJST,A2W8EY4J0UOJZR
B0C7LXNHGB,A2W8EY4J0UOJZR
B0C5WTG794,A2W8EY4J0UOJZR
B0C1F6XJQW,A2W8EY4J0UOJZR
B0BW3QDFHG,A2W8EY4J0UOJZR
B0BTYFQ61C,A2W8EY4J0UOJZR
B0BRTC5981,A2W8EY4J0UOJZR
B0BQX6QS29,A2W8EY4J0UOJZR
B0BPCGDKG1,A2W8EY4J0UOJZR
B0BMQS2ZBS,A2W8EY4J0UOJZR
B0BMNW6RNP,A2W8EY4J0UOJZR
B0BKFG28H6,A2W8EY4J0UOJZR
B0BJQVYBV4,A2W8EY4J0UOJZR
B0BJP2V3FF,A2W8EY4J0UOJZR
B0BJMQ1YFW,A2W8EY4J0UOJZR
B0BHRDM4JL,A2W8EY4J0UOJZR
B0BG2MQ7F1,A2W8EY4J0UOJZR
B0B84RM716,A2W8EY4J0UOJZR
B0B1TRVJTJ,A2W8EY4J0UOJZR
B09L1F4C7K,A2W8EY4J0UOJZR
B09BNBBHHW,A2W8EY4J0UOJZR
B096ZKPZWG,A2W8EY4J0UOJZR
B0913L359Q,A2W8EY4J0UOJZR
B08NJV2YGY,A2W8EY4J0UOJZR
B086LBQBDK,A2W8EY4J0UOJZR
B07Z1RYS71,A2W8EY4J0UOJZR
B07XSHRP1R,A2W8EY4J0UOJZR
B07WJ12HKS,A2W8EY4J0UOJZR
B07TQ94B4Q,A2W8EY4J0UOJZR
B07GD5TV3Z,A2W8EY4J0UOJZR
B078N6XWTX,A2W8EY4J0UOJZR
B075DB4FYH,A2W8EY4J0UOJZR
B071X9YKGT,A2W8EY4J0UOJZR
B015X12XPU,A2W8EY4J0UOJZR
B00LK35ZEW,A2W8EY4J0UOJZR
B00CVYQYTY,A2W8EY4J0UOJZR
B003L6B8YW,A2W8EY4J0UOJZR
B0026GV3HU,A2W8EY4J0UOJZR
B0DHXRMBRC,A2W8EY4J0UOJZR
B0DRYQPSSN,A2W8EY4J0UOJZR
B0DG3RS8XZ,A2W8EY4J0UOJZR
B0DRXN7R6V,A2W8EY4J0UOJZR
B0DBHN489M,A2W8EY4J0UOJZR
B0DRGCBNJL,A2W8EY4J0UOJZR
B0D9TQXL3T,A2W8EY4J0UOJZR
B0DQTHQNYC,A2W8EY4J0UOJZR
B0D87K3KPG,A2W8EY4J0UOJZR
B0DQ3TZD9F,A2W8EY4J0UOJZR
B0D7HVTCL2,A2W8EY4J0UOJZR
B0DPJRXD6P,A2W8EY4J0UOJZR
B0D6VPT2BG,A2W8EY4J0UOJZR
B0DP7BQ88V,A2W8EY4J0UOJZR
B0D51VJT3F,A2W8EY4J0UOJZR
B0DP5Y58JF,A2W8EY4J0UOJZR
B0D4YRBGDB,A2W8EY4J0UOJZR
B0DP1WF6RC,A2W8EY4J0UOJZR
B0D4V1RGBZ,A2W8EY4J0UOJZR
B0DNWNJ7G1,A2W8EY4J0UOJZR
B0D2ZRHT1D,A2W8EY4J0UOJZR
B0DNSVGPST,A2W8EY4J0UOJZR
B0D2PZK7HX,A2W8EY4J0UOJZR
B0DNSLD7DS,A2W8EY4J0UOJZR
B0D2HWRHQH,A2W8EY4J0UOJZR
B0DNP5PH47,A2W8EY4J0UOJZR
B0D1Z6T169,A2W8EY4J0UOJZR
B0DN9YPFZP,A2W8EY4J0UOJZR
B0D1DSGPHV,A2W8EY4J0UOJZR
B0DMVGYL3B,A2W8EY4J0UOJZR
B0D13C7WBH,A2W8EY4J0UOJZR
B0DMS3FK9X,A2W8EY4J0UOJZR
B0CZP13N4Z,A2W8EY4J0UOJZR
B0DMM9956S,A2W8EY4J0UOJZR
B0CZDNMC6H,A2W8EY4J0UOJZR
B0DM9427RB,A2W8EY4J0UOJZR
B0CWRN3C1G,A2W8EY4J0UOJZR
B0DM16FKVV,A2W8EY4J0UOJZR
B0CSJR2R5K,A2W8EY4J0UOJZR
B0DLZDCKHL,A2W8EY4J0UOJZR
B0CRHNC5Z4,A2W8EY4J0UOJZR
B0DLSWPNFK,A2W8EY4J0UOJZR
B0CQY53TQ2,A2W8EY4J0UOJZR
B0DKNQ2RW3,A2W8EY4J0UOJZR
B0CQLNTCCW,A2W8EY4J0UOJZR
B0DKG3DGWQ,A2W8EY4J0UOJZR
B0CQJDDMK6,A2W8EY4J0UOJZR
B0DKFMWPPC,A2W8EY4J0UOJZR
B0CM398DWV,A2W8EY4J0UOJZR
B0DK4TYFKJ,A2W8EY4J0UOJZR
B0CLLJX4XR,A2W8EY4J0UOJZR
B0DK3BZKFG,A2W8EY4J0UOJZR
B0CLGZ2W62,A2W8EY4J0UOJZR
B0DJH5R1PC,A2W8EY4J0UOJZR
B0CJR49M6K,A2W8EY4J0UOJZR
B0DHPJVFV5,A2W8EY4J0UOJZR
B0CD7GS65X,A2W8EY4J0UOJZR
B0DHKLKHZ6,A2W8EY4J0UOJZR
B0CB3KDYPT,A2W8EY4J0UOJZR
B0DHCWS8Y7,A2W8EY4J0UOJZR
B0C7Q3PSCP,A2W8EY4J0UOJZR
B0DGQBX6XV,A2W8EY4J0UOJZR
B0C6FGT7Z6,A2W8EY4J0UOJZR
B0DGQ8Z2LZ,A2W8EY4J0UOJZR
B0C5QXTWQ5,A2W8EY4J0UOJZR
B0DG5PRJN8,A2W8EY4J0UOJZR
B0C3LZ8Q16,A2W8EY4J0UOJZR
B0DF5GVDXM,A2W8EY4J0UOJZR
B0C2HMG16N,A2W8EY4J0UOJZR
B0DDPTVPWL,A2W8EY4J0UOJZR
B0BVZBS311,A2W8EY4J0UOJZR
B0DDBDZXJ4,A2W8EY4J0UOJZR
B0BLNHCFPW,A2W8EY4J0UOJZR
B0DCZZKR73,A2W8EY4J0UOJZR
B0BJBWK9VQ,A2W8EY4J0UOJZR
B0DCFYKG38,A2W8EY4J0UOJZR
B0B89SLF1F,A2W8EY4J0UOJZR
B0DC6DHY1Q,A2W8EY4J0UOJZR
B0B5TLDKRV,A2W8EY4J0UOJZR
B0DBVP7734,A2W8EY4J0UOJZR
B09TNHM6F6,A2W8EY4J0UOJZR
B0DB7LFLX9,A2W8EY4J0UOJZR
B09Q5ZY6J1,A2W8EY4J0UOJZR
B0DB6796CH,A2W8EY4J0UOJZR
B09N9DZGCD,A2W8EY4J0UOJZR
B0D9NYGRTR,A2W8EY4J0UOJZR
B09MTF1K9W,A2W8EY4J0UOJZR
B0D9LZVV7Q,A2W8EY4J0UOJZR
B09KV6V2L4,A2W8EY4J0UOJZR
B0D96KPFDB,A2W8EY4J0UOJZR
B09J2YQ6SN,A2W8EY4J0UOJZR
B0D8XTQ2P4,A2W8EY4J0UOJZR
B086XKVXSZ,A2W8EY4J0UOJZR
B0D8TBXNWG,A2W8EY4J0UOJZR
B07R9P4T9H,A2W8EY4J0UOJZR
B0D8FQ66D6,A2W8EY4J0UOJZR
B07Q4N7P4H,A2W8EY4J0UOJZR
B0D8FJYGXR,A2W8EY4J0UOJZR
B07N99656T,A2W8EY4J0UOJZR
B0D82F47DZ,A2W8EY4J0UOJZR
B07K1QC9S2,A2W8EY4J0UOJZR
B0D7ZWJMSK,A2W8EY4J0UOJZR
B01MDQGC4Q,A2W8EY4J0UOJZR
B0D7PH7ZZK,A2W8EY4J0UOJZR
B00C4V27WW,A2W8EY4J0UOJZR
B0D7HDNTSC,A2W8EY4J0UOJZR
B0D6YK1MS2,A2W8EY4J0UOJZR
B0D5XTBMNS,A2W8EY4J0UOJZR
B0D4Z8S6ZL,A2W8EY4J0UOJZR
B0D4YKMBXM,A2W8EY4J0UOJZR
B0D4LX8M9D,A2W8EY4J0UOJZR
B0D492KF55,A2W8EY4J0UOJZR
B0CRDW6VJB,A2W8EY4J0UOJZR
B0CR9715BP,A2W8EY4J0UOJZR
B0CQYX42DZ,A2W8EY4J0UOJZR
B0CQ1WH41J,A2W8EY4J0UOJZR
B0CPRKPTB9,A2W8EY4J0UOJZR
B0CPC6333Q,A2W8EY4J0UOJZR
B0CP732LLH,A2W8EY4J0UOJZR
B0CNXQQS98,A2W8EY4J0UOJZR
B0CMMRQN7D,A2W8EY4J0UOJZR
B0CMHKVWZ6,A2W8EY4J0UOJZR
B0CJFFXBD7,A2W8EY4J0UOJZR
B0CHS95DP9,A2W8EY4J0UOJZR
B0CHBPDPYN,A2W8EY4J0UOJZR
B0CGR8S3Z4,A2W8EY4J0UOJZR
B0CFHRKX9N,A2W8EY4J0UOJZR
B0CC2ZQRYH,A2W8EY4J0UOJZR
B0D3T461H7,A2W8EY4J0UOJZR
B0D285M5YT,A2W8EY4J0UOJZR
B0D1P3DSSN,A2W8EY4J0UOJZR
B0CZMC637P,A2W8EY4J0UOJZR
B0CZ78327D,A2W8EY4J0UOJZR
B0CZ6T4KBV,A2W8EY4J0UOJZR
B0CYL68PCR,A2W8EY4J0UOJZR
B0CY81DTW8,A2W8EY4J0UOJZR
B0CY2YM54L,A2W8EY4J0UOJZR
B0CXHM2TCY,A2W8EY4J0UOJZR
B0CWQGSJKY,A2W8EY4J0UOJZR
B0CWNM6HJZ,A2W8EY4J0UOJZR
B0CW9J3CK7,A2W8EY4J0UOJZR
B0CTZNM3XB,A2W8EY4J0UOJZR
B0CS69G7D9,A2W8EY4J0UOJZR
B0CRTZBQTS,A2W8EY4J0UOJZR
B08HRXRMZP,A2W8EY4J0UOJZR
B08H5KWWG6,A2W8EY4J0UOJZR
B08FW6KRWQ,A2W8EY4J0UOJZR
B08BPK23RM,A2W8EY4J0UOJZR
B0893P7JVB,A2W8EY4J0UOJZR
B08664X9G9,A2W8EY4J0UOJZR
B085Y5MTJS,A2W8EY4J0UOJZR
B084H5T2QD,A2W8EY4J0UOJZR
B082DWYKFY,A2W8EY4J0UOJZR
B081PC2BM3,A2W8EY4J0UOJZR
B07XRJMRKS,A2W8EY4J0UOJZR
B07TWN446J,A2W8EY4J0UOJZR
B07L738TBV,A2W8EY4J0UOJZR
B01KP6R4YS,A2W8EY4J0UOJZR
B0100WLXL2,A2W8EY4J0UOJZR
B00YI729MI,A2W8EY4J0UOJZR
B00IVP1SSO,A2W8EY4J0UOJZR
B00I3PJBA4,A2W8EY4J0UOJZR
B0CC1C27MP,A2W8EY4J0UOJZR
B0CBBQZKNG,A2W8EY4J0UOJZR
B0C1Z4S9G3,A2W8EY4J0UOJZR
B0BX5K8GH2,A2W8EY4J0UOJZR
B0BWT428K2,A2W8EY4J0UOJZR
B0BVH1YLXT,A2W8EY4J0UOJZR
B0BV6SX63D,A2W8EY4J0UOJZR
B0BTH81VM5,A2W8EY4J0UOJZR
B0BQ8XWC9N,A2W8EY4J0UOJZR
B0BLSFRQ29,A2W8EY4J0UOJZR
B0BL5SV3P4,A2W8EY4J0UOJZR
B0BFHJXM4F,A2W8EY4J0UOJZR
B0B7LBZ3VM,A2W8EY4J0UOJZR
B0B75K96VL,A2W8EY4J0UOJZR
B09WHTWYQZ,A2W8EY4J0UOJZR
B097TF81V2,A2W8EY4J0UOJZR
B0D833265V,A2W8EY4J0UOJZR
B0DSMQ7Q6R,A2W8EY4J0UOJZR
B0D73QHMM1,A2W8EY4J0UOJZR
B0DSK6LL4W,A2W8EY4J0UOJZR
B0D1Y8YWXN,A2W8EY4J0UOJZR
B0DSBXLLN5,A2W8EY4J0UOJZR
B0D12LN9FX,A2W8EY4J0UOJZR
B0DS4VR278,A2W8EY4J0UOJZR
B0CZDL7LQ4,A2W8EY4J0UOJZR
B0DRWY533T,A2W8EY4J0UOJZR
B0CQGQPXBV,A2W8EY4J0UOJZR
B0DRNDQQG7,A2W8EY4J0UOJZR
B0DJQZ9FZT,A2W8EY4J0UOJZR
B0DRD7VDPT,A2W8EY4J0UOJZR
B0DHFMRQRF,A2W8EY4J0UOJZR
B0DQL3FMVL,A2W8EY4J0UOJZR
B0DG3PVDJL,A2W8EY4J0UOJZR
B0DQKXCRSB,A2W8EY4J0UOJZR
B0DDPWG242,A2W8EY4J0UOJZR
B0DQDV7KYG,A2W8EY4J0UOJZR
B0DDBWRS48,A2W8EY4J0UOJZR
B0DPZ3FKC6,A2W8EY4J0UOJZR
B0DCYYV1W7,A2W8EY4J0UOJZR
B0DP231JT7,A2W8EY4J0UOJZR
B0DCC7H1RR,A2W8EY4J0UOJZR
B0DNST618C,A2W8EY4J0UOJZR
B0DC6PKHHN,A2W8EY4J0UOJZR
B0DNJV9W9N,A2W8EY4J0UOJZR
B0DBQNRTTV,A2W8EY4J0UOJZR
B0DNHWQ8MR,A2W8EY4J0UOJZR
B0DBPWHF5C,A2W8EY4J0UOJZR
B0DNFL7J4B,A2W8EY4J0UOJZR
B0D9N86NLN,A2W8EY4J0UOJZR
B0DN6NQ9CZ,A2W8EY4J0UOJZR
B0D95DYWYP,A2W8EY4J0UOJZR
B0DN5Q59YS,A2W8EY4J0UOJZR
B0D79HBP1D,A2W8EY4J0UOJZR
B0DN2VYB5L,A2W8EY4J0UOJZR
B0D6YRV58D,A2W8EY4J0UOJZR
B0DMW6LXJN,A2W8EY4J0UOJZR
B0D4QBRCPF,A2W8EY4J0UOJZR
B0DMW1J3YK,A2W8EY4J0UOJZR
B0D4LJ6ZD7,A2W8EY4J0UOJZR
B0DRHZ3GY8,A2W8EY4J0UOJZR
B0DCFM3BSY,A2W8EY4J0UOJZR
B0DRHRLPJ7,A2W8EY4J0UOJZR
B0D8BMP4RZ,A2W8EY4J0UOJZR
B0DQXRZW6K,A2W8EY4J0UOJZR
B0DMTPZJ15,A2W8EY4J0UOJZR
B0D2WV8HH1,A2W8EY4J0UOJZR
B0DMSJDW2C,A2W8EY4J0UOJZR
B0CZZ75W26,A2W8EY4J0UOJZR
B0DMK57B89,A2W8EY4J0UOJZR
B0CYSXP8RQ,A2W8EY4J0UOJZR
B0DM1SDJ6S,A2W8EY4J0UOJZR
B0CY9HR7PG,A2W8EY4J0UOJZR
B0DLSHK3QL,A2W8EY4J0UOJZR
B0CY57MW4N,A2W8EY4J0UOJZR
B0DLNTV6VZ,A2W8EY4J0UOJZR
B0CX1C5BKF,A2W8EY4J0UOJZR
B0DLGXKB69,A2W8EY4J0UOJZR
B0CT29SV8P,A2W8EY4J0UOJZR
B0DLGWTB77,A2W8EY4J0UOJZR
B0CS958R3D,A2W8EY4J0UOJZR
B0DLB5TJ8Y,A2W8EY4J0UOJZR
B0CPYBT9NN,A2W8EY4J0UOJZR
B0DL9XL4L2,A2W8EY4J0UOJZR
B0CPTV7Q2F,A2W8EY4J0UOJZR
B0DKQK4CZ5,A2W8EY4J0UOJZR
B0CNQHYS3B,A2W8EY4J0UOJZR
B0DKJZV7ZZ,A2W8EY4J0UOJZR
B0CJJLF4Q7,A2W8EY4J0UOJZR
B0DKFJF4Y8,A2W8EY4J0UOJZR
B0CHVDSNCK,A2W8EY4J0UOJZR
B0DKBLWPZF,A2W8EY4J0UOJZR
B0CHDX3V97,A2W8EY4J0UOJZR
B0DKBJHB12,A2W8EY4J0UOJZR
B0C8JKBXKW,A2W8EY4J0UOJZR
B0DJW4P4P7,A2W8EY4J0UOJZR
B0C8BJ3K34,A2W8EY4J0UOJZR
B0DJQKH4XC,A2W8EY4J0UOJZR
B0C69HXRLT,A2W8EY4J0UOJZR
B0DJMPH8GC,A2W8EY4J0UOJZR
B0C66FLK1H,A2W8EY4J0UOJZR
B0DJ8ZFK9T,A2W8EY4J0UOJZR
B0C4GJ5JVL,A2W8EY4J0UOJZR
B0DJ8LFQPV,A2W8EY4J0UOJZR
B0BXWMG5SH,A2W8EY4J0UOJZR
B0DJ16PCLC,A2W8EY4J0UOJZR
B0BXLZCK3P,A2W8EY4J0UOJZR
B0DHV9JC3K,A2W8EY4J0UOJZR
B0BXLZ9YDT,A2W8EY4J0UOJZR
B0DHCJ2FS7,A2W8EY4J0UOJZR
B0BXLXX2X4,A2W8EY4J0UOJZR
B0DHCHHW75,A2W8EY4J0UOJZR
B0BNMG8B8H,A2W8EY4J0UOJZR
B0DGXNYJVD,A2W8EY4J0UOJZR
B0BGJDYTK2,A2W8EY4J0UOJZR
B0DGQ3C7PV,A2W8EY4J0UOJZR
B0B8TRJFVB,A2W8EY4J0UOJZR
B0DGL2JCWF,A2W8EY4J0UOJZR
B0B7127JPS,A2W8EY4J0UOJZR
B0DGG79VQM,A2W8EY4J0UOJZR
B0B58DJ8VX,A2W8EY4J0UOJZR
B0DG8JH6D6,A2W8EY4J0UOJZR
B0B46CSG9H,A2W8EY4J0UOJZR
B0DFPY97TQ,A2W8EY4J0UOJZR
B0B46CK2TY,A2W8EY4J0UOJZR
B0DF328ZP1,A2W8EY4J0UOJZR
B0B46BRX65,A2W8EY4J0UOJZR
B0DF2Y7D5Z,A2W8EY4J0UOJZR
B0B3HMQ42J,A2W8EY4J0UOJZR
B0DDXRHCPQ,A2W8EY4J0UOJZR
B0B13V2P4X,A2W8EY4J0UOJZR
B0DDSKTFKC,A2W8EY4J0UOJZR
B09TP67R8B,A2W8EY4J0UOJZR
B0DD5W2R93,A2W8EY4J0UOJZR
B09QYKTK9D,A2W8EY4J0UOJZR
B0DCFM9KV4,A2W8EY4J0UOJZR
B09Q6FBXH4,A2W8EY4J0UOJZR
B0DC3JV53J,A2W8EY4J0UOJZR
B09LN9B71F,A2W8EY4J0UOJZR
B0DBPX74Q7,A2W8EY4J0UOJZR
B09GFGVTBD,A2W8EY4J0UOJZR
B0DBDHLGTV,A2W8EY4J0UOJZR
B0992T89D6,A2W8EY4J0UOJZR
B0DB85L7RV,A2W8EY4J0UOJZR
B08TTB5QY7,A2W8EY4J0UOJZR
B0D9RMWT6G,A2W8EY4J0UOJZR
B08T1SZ7Q7,A2W8EY4J0UOJZR
B0D9LFN9D1,A2W8EY4J0UOJZR
B084QKWC5W,A2W8EY4J0UOJZR
B0D9CZ9ND3,A2W8EY4J0UOJZR
B083K7X2RR,A2W8EY4J0UOJZR
B0D9BCSVBS,A2W8EY4J0UOJZR
B07WCHZVW5,A2W8EY4J0UOJZR
B0D9B62SPZ,A2W8EY4J0UOJZR
B07TXP7VBY,A2W8EY4J0UOJZR
B0D97H7JQZ,A2W8EY4J0UOJZR
B07TXM66W3,A2W8EY4J0UOJZR
B0D95QKZGM,A2W8EY4J0UOJZR
B07QVZB3QJ,A2W8EY4J0UOJZR
B0D7N18SBQ,A2W8EY4J0UOJZR
B07PRGH5Z3,A2W8EY4J0UOJZR
B0D73FD24N,A2W8EY4J0UOJZR
B07PK2T1J1,A2W8EY4J0UOJZR
B0D6STFXV7,A2W8EY4J0UOJZR
B07NVN8VNX,A2W8EY4J0UOJZR
B0D6G94Q7S,A2W8EY4J0UOJZR
B07GZHWLR5,A2W8EY4J0UOJZR
B0D6BF5WHZ,A2W8EY4J0UOJZR
B074PC2S82,A2W8EY4J0UOJZR
B0D5D4T122,A2W8EY4J0UOJZR
B016CA2BU8,A2W8EY4J0UOJZR
B0D4Z7Q4QT,A2W8EY4J0UOJZR
B00EJZ8XOW,A2W8EY4J0UOJZR
B0D4VYXD99,A2W8EY4J0UOJZR
B0D48QW83X,A2W8EY4J0UOJZR
B0D46C7HDH,A2W8EY4J0UOJZR
B0D3WQMM34,A2W8EY4J0UOJZR
B0D3PJ8QF5,A2W8EY4J0UOJZR
B0D3L9GHPR,A2W8EY4J0UOJZR
B0D3JBSQT7,A2W8EY4J0UOJZR
B0D37R7X5Z,A2W8EY4J0UOJZR
B0D2P5Y6SG,A2W8EY4J0UOJZR
B0D1Y52BNF,A2W8EY4J0UOJZR
B0D1KH3C45,A2W8EY4J0UOJZR
B0D17YS6GZ,A2W8EY4J0UOJZR
B0D14B77D1,A2W8EY4J0UOJZR
B0D11NHNC4,A2W8EY4J0UOJZR
B0CZS2PWKJ,A2W8EY4J0UOJZR
B0CZPBGW17,A2W8EY4J0UOJZR
B0CZ6ZGSY3,A2W8EY4J0UOJZR
B0CYXZJW76,A2W8EY4J0UOJZR
B0CYTBNYVP,A2W8EY4J0UOJZR
B0CYSYJX71,A2W8EY4J0UOJZR
B0CYH946DL,A2W8EY4J0UOJZR
B0CY9HJ9WQ,A2W8EY4J0UOJZR
B0CXHXJTSK,A2W8EY4J0UOJZR
B0CX5BLNPS,A2W8EY4J0UOJZR
B0CWR5HBBY,A2W8EY4J0UOJZR
B0CW1SWW3L,A2W8EY4J0UOJZR
B0CV59Y7KT,A2W8EY4J0UOJZR
B0CTT5XKM3,A2W8EY4J0UOJZR
B0CTBPKQP4,A2W8EY4J0UOJZR
B0CT56ZX8R,A2W8EY4J0UOJZR
B0CSRYFPGH,A2W8EY4J0UOJZR
B0CRDPF6CY,A2W8EY4J0UOJZR
B0CQYLVRTW,A2W8EY4J0UOJZR
B0CQJQ82GX,A2W8EY4J0UOJZR
B0CQJD1YZN,A2W8EY4J0UOJZR
B0CQ7W2WJB,A2W8EY4J0UOJZR
B0CPF41NBM,A2W8EY4J0UOJZR
B0CPDVGGLK,A2W8EY4J0UOJZR
B0CP9N4ZKL,A2W8EY4J0UOJZR
B0CP7XD3VR,A2W8EY4J0UOJZR
B0CNTPVKG2,A2W8EY4J0UOJZR
B0CNT3DY1T,A2W8EY4J0UOJZR
B0CNHD1QQ6,A2W8EY4J0UOJZR
B0CNG8CPGV,A2W8EY4J0UOJZR
B0CNCWW7CB,A2W8EY4J0UOJZR
B0CN6XGJQX,A2W8EY4J0UOJZR
B0CLV186CH,A2W8EY4J0UOJZR
B0CLNHKTQ3,A2W8EY4J0UOJZR
B0CLJQQLT7,A2W8EY4J0UOJZR
B0CLD6RBTG,A2W8EY4J0UOJZR
B0CJHKFL68,A2W8EY4J0UOJZR
B0CJF4CBFZ,A2W8EY4J0UOJZR
B0CJDTP76R,A2W8EY4J0UOJZR
B0CJ8R73CK,A2W8EY4J0UOJZR
B0CJ44HPMZ,A2W8EY4J0UOJZR
B0CJ3VQVHC,A2W8EY4J0UOJZR
B0CHM86L3D,A2W8EY4J0UOJZR
B0CH24ZS6D,A2W8EY4J0UOJZR
B0CGXC17PG,A2W8EY4J0UOJZR
B0CG58KXG6,A2W8EY4J0UOJZR
B0CFQ9PLGN,A2W8EY4J0UOJZR
B0CDX5ZBMZ,A2W8EY4J0UOJZR
B0CDNL8VRD,A2W8EY4J0UOJZR
B0CD26G3TJ,A2W8EY4J0UOJZR
B0CCYVJTJ2,A2W8EY4J0UOJZR
B0CCYKHGFK,A2W8EY4J0UOJZR
B0CBNTFSZZ,A2W8EY4J0UOJZR
B0C74CTZK8,A2W8EY4J0UOJZR
B0C6GKRD9W,A2W8EY4J0UOJZR
B0C5R59D9Q,A2W8EY4J0UOJZR
B0C5JFHLXF,A2W8EY4J0UOJZR
B0BXCGR9YQ,A2W8EY4J0UOJZR
B0BVLYB7RR,A2W8EY4J0UOJZR
B0BS3D15ZB,A2W8EY4J0UOJZR
B0BHNSNMJF,A2W8EY4J0UOJZR
B0BBMQT9D4,A2W8EY4J0UOJZR
B0B8YVKK7K,A2W8EY4J0UOJZR
B0B4Z6VP6L,A2W8EY4J0UOJZR
B0B4JMR92G,A2W8EY4J0UOJZR
B0B1ZVWKM9,A2W8EY4J0UOJZR
B0B1P2BBXV,A2W8EY4J0UOJZR
B09XTRRJ2R,A2W8EY4J0UOJZR
B09WJTYLK2,A2W8EY4J0UOJZR
B09QKSKCGN,A2W8EY4J0UOJZR
B09F5MG3VF,A2W8EY4J0UOJZR
B097SSQTJ6,A2W8EY4J0UOJZR
B094JFGZG2,A2W8EY4J0UOJZR
B0933GXLJ4,A2W8EY4J0UOJZR
B08L1CCWBN,A2W8EY4J0UOJZR
B088ZMGWBQ,A2W8EY4J0UOJZR
B08743BYTD,A2W8EY4J0UOJZR
B083LNNGK1,A2W8EY4J0UOJZR
B07ST2DDHL,A2W8EY4J0UOJZR
B07P9BM6RZ,A2W8EY4J0UOJZR
B07LCY5MY1,A2W8EY4J0UOJZR
B07D2DKMQM,A2W8EY4J0UOJZR
B07CVKWM49,A2W8EY4J0UOJZR
B073WLVBNN,A2W8EY4J0UOJZR
B01H7BNEZW,A2W8EY4J0UOJZR
B01FN4V934,A2W8EY4J0UOJZR
B01664AV48,A2W8EY4J0UOJZR
B00YV6S6LE,A2W8EY4J0UOJZR
B00L4BBGWA,A2W8EY4J0UOJZR
B00BRUUGT2,A2W8EY4J0UOJZR
B003N3SK1W,A2W8EY4J0UOJZR
B0DXK96L7P,A2W8EY4J0UOJZR
B0DV3GM9VT,A2W8EY4J0UOJZR
B0DSQ4Y2DX,A2W8EY4J0UOJZR
B0DSJQXGLW,A2W8EY4J0UOJZR
B0DDBXDDH4,A2W8EY4J0UOJZR
B0DRY9L8TB,A2W8EY4J0UOJZR
B0DCZ6PQ6D,A2W8EY4J0UOJZR
B0DRX8TPB4,A2W8EY4J0UOJZR
B0DKF2BYMF,A2W8EY4J0UOJZR
B0DCGCD56N,A2W8EY4J0UOJZR
B0D9VGXKWY,A2W8EY4J0UOJZR
B0D7PTL2J9,A2W8EY4J0UOJZR
B0DXF5P63D,A2W8EY4J0UOJZR
B0D7GJLXK9,A2W8EY4J0UOJZR
B0DWMTMN4K,A2W8EY4J0UOJZR
B0D5HMFW7X,A2W8EY4J0UOJZR
B0DJJVKZC4,A2W8EY4J0UOJZR
B0DDK1NTKM,A2W8EY4J0UOJZR
B0DHTTV1BN,A2W8EY4J0UOJZR
B0DY7MN8F6,A2W8EY4J0UOJZR
B0DG2Z7753,A2W8EY4J0UOJZR
B0DXFL5TF2,A2W8EY4J0UOJZR
B0DCV821QL,A2W8EY4J0UOJZR
B0DX1M1P48,A2W8EY4J0UOJZR
B0D53J6YF7,A2W8EY4J0UOJZR
B0DTJXH3Q2,A2W8EY4J0UOJZR
B0CY9M3PHX,A2W8EY4J0UOJZR
B0DZBYWDGX,A2W8EY4J0UOJZR
B0DH1YXFJW,A2W8EY4J0UOJZR
B0DZ57RCHS,A2W8EY4J0UOJZR
B0DGY164Q8,A2W8EY4J0UOJZR
B0DXZYLRYP,A2W8EY4J0UOJZR
B0CH9Z9VHP,A2W8EY4J0UOJZR
B0DZ2NZHRF,A2W8EY4J0UOJZR
B0DX71KCXM,A2W8EY4J0UOJZR
B0DGQ2215D,A2W8EY4J0UOJZR
B0DTPP9KFW,A2W8EY4J0UOJZR
B0D8DLY73C,A2W8EY4J0UOJZR
B0DTPKBJGN,A2W8EY4J0UOJZR
B0D726V5RC,A2W8EY4J0UOJZR
B0DTPHFHW4,A2W8EY4J0UOJZR
B0D56QVXW7,A2W8EY4J0UOJZR
B0DGQPFRWD,A2W8EY4J0UOJZR
B0DFWGLRJK,A2W8EY4J0UOJZR
B085WCCL7L,A2W8EY4J0UOJZR
B0D7ZYD14Z,A2W8EY4J0UOJZR
B0DZ14WP8L,A2W8EY4J0UOJZR
B0D7SGZY78,A2W8EY4J0UOJZR
B0DWSB44BD,A2W8EY4J0UOJZR
B0DT99R8TG,A2W8EY4J0UOJZR
B0DT6QZ57M,A2W8EY4J0UOJZR
B0DDQZ2WV8,A2W8EY4J0UOJZR
B0DSVTYHP6,A2W8EY4J0UOJZR
B0DCVXCBS3,A2W8EY4J0UOJZR
B0DSVTT8F9,A2W8EY4J0UOJZR
B0DSKCGQCY,A2W8EY4J0UOJZR
B0D9M112PN,A2W8EY4J0UOJZR
B0DRJDY976,A2W8EY4J0UOJZR
B0D96M3M3T,A2W8EY4J0UOJZR
B0DDQ65TR5,A2W8EY4J0UOJZR
B0DSSVLRJF,A2W8EY4J0UOJZR
B0DBZ35PSK,A2W8EY4J0UOJZR
B0DSP89GTL,A2W8EY4J0UOJZR
B0DB1CS6PH,A2W8EY4J0UOJZR
B0DRWRXPQS,A2W8EY4J0UOJZR
B0D92KQW1B,A2W8EY4J0UOJZR
B0DRWN5BSY,A2W8EY4J0UOJZR
B0D89X9SY5,A2W8EY4J0UOJZR
B0DRCWQVX3,A2W8EY4J0UOJZR
B0D62Z26VY,A2W8EY4J0UOJZR
B0DR7Z6BZW,A2W8EY4J0UOJZR
B0D4MCHYZ5,A2W8EY4J0UOJZR
B0DR56W937,A2W8EY4J0UOJZR
B0D3LR7L8X,A2W8EY4J0UOJZR
B0DQLJ5GC2,A2W8EY4J0UOJZR
B0DJPBGPRL,A2W8EY4J0UOJZR
B0DHXGFZXQ,A2W8EY4J0UOJZR
B0DFH9WPW4,A2W8EY4J0UOJZR
B0DT3C2139,A2W8EY4J0UOJZR
B0CSYBPF6G,A2W8EY4J0UOJZR
B0DMNXTQS8,A2W8EY4J0UOJZR
B0CR1GBVSZ,A2W8EY4J0UOJZR
B0DMF1K7VD,A2W8EY4J0UOJZR
B0CQTH4WXK,A2W8EY4J0UOJZR
B0DM2N4MMQ,A2W8EY4J0UOJZR
B0CQFXP24K,A2W8EY4J0UOJZR
B0DM2KGM83,A2W8EY4J0UOJZR
B0CP8V6NZ9,A2W8EY4J0UOJZR
B0DLWDLKQT,A2W8EY4J0UOJZR
B0CFQDKBKJ,A2W8EY4J0UOJZR
B0DLW9VZ9H,A2W8EY4J0UOJZR
B0CFDTVJW9,A2W8EY4J0UOJZR
B0DLV1FBVQ,A2W8EY4J0UOJZR
B0CBSLVSSV,A2W8EY4J0UOJZR
B0DKNQRPSX,A2W8EY4J0UOJZR
B0C89YYJXN,A2W8EY4J0UOJZR
B0DKHXB426,A2W8EY4J0UOJZR
B0C7MQ6TRQ,A2W8EY4J0UOJZR
B0DKFKPYHQ,A2W8EY4J0UOJZR
B0BZ7WRWVQ,A2W8EY4J0UOJZR
B0DKBZ33XW,A2W8EY4J0UOJZR
B0BRY944WN,A2W8EY4J0UOJZR
B0DK727NLL,A2W8EY4J0UOJZR
B0BPR2QRB7,A2W8EY4J0UOJZR
B0DK5CJN6T,A2W8EY4J0UOJZR
B0BGSQCLNG,A2W8EY4J0UOJZR
B0DK29QD8N,A2W8EY4J0UOJZR
B09KGJFYY3,A2W8EY4J0UOJZR
B0DJS3Q1V1,A2W8EY4J0UOJZR
B09BCJF9B9,A2W8EY4J0UOJZR
B0DJM9ZQFK,A2W8EY4J0UOJZR
B00BF0SV82,A2W8EY4J0UOJZR
B0DFPFVCZX,A2W8EY4J0UOJZR
B0DFM94X4C,A2W8EY4J0UOJZR
B0DFHDP6QV,A2W8EY4J0UOJZR
B0DFGKL9ST,A2W8EY4J0UOJZR
B0DF75YC4G,A2W8EY4J0UOJZR
B0DF2RJNXZ,A2W8EY4J0UOJZR
B0DF2FW3LH,A2W8EY4J0UOJZR
B0DDKRM14T,A2W8EY4J0UOJZR
B0DDKPJ17C,A2W8EY4J0UOJZR
B0DDJPFQ1P,A2W8EY4J0UOJZR
B0DD7DF388,A2W8EY4J0UOJZR
B0DCVS1RWL,A2W8EY4J0UOJZR
B0DCB7JYQX,A2W8EY4J0UOJZR
B0DBYS3Y51,A2W8EY4J0UOJZR
B0DBXW1CKN,A2W8EY4J0UOJZR
B0D3F4H3BZ,A2W8EY4J0UOJZR
B0DQCJDWMJ,A2W8EY4J0UOJZR
B0D31KKPZN,A2W8EY4J0UOJZR
B0DPN7W4G5,A2W8EY4J0UOJZR
B0D2W7JV4M,A2W8EY4J0UOJZR
B0DPCPJM93,A2W8EY4J0UOJZR
B0CZS8NHYB,A2W8EY4J0UOJZR
B0DP945BN4,A2W8EY4J0UOJZR
B0CZ4F86BF,A2W8EY4J0UOJZR
B0DP6NX7YC,A2W8EY4J0UOJZR
B0CZ1148WY,A2W8EY4J0UOJZR
B0DNSJBZC1,A2W8EY4J0UOJZR
B0CXPL8P2N,A2W8EY4J0UOJZR
B0DNMSQ9MY,A2W8EY4J0UOJZR
B0CTSL7S1D,A2W8EY4J0UOJZR
B0DN67F87N,A2W8EY4J0UOJZR
B094CSY8GT,A2W8EY4J0UOJZR
B0DHGKCGZM,A2W8EY4J0UOJZR
B08L23QQFB,A2W8EY4J0UOJZR
B0DH2P9VKT,A2W8EY4J0UOJZR
B08JFWQGFQ,A2W8EY4J0UOJZR
B0DH27Y718,A2W8EY4J0UOJZR
B07ZGPFMZ9,A2W8EY4J0UOJZR
B0DG99VGH6,A2W8EY4J0UOJZR
B07ZCQ54V9,A2W8EY4J0UOJZR
B0DG58Q55J,A2W8EY4J0UOJZR
B07WGLVFP1,A2W8EY4J0UOJZR
B0DFYSL2WM,A2W8EY4J0UOJZR
B07PT6DL24,A2W8EY4J0UOJZR
B0DFXYMHRQ,A2W8EY4J0UOJZR
B07DFPFSZK,A2W8EY4J0UOJZR
B0DFVG63DG,A2W8EY4J0UOJZR
B0DBPNRC2X,A2W8EY4J0UOJZR
B0DBH31N89,A2W8EY4J0UOJZR
B0DB79F179,A2W8EY4J0UOJZR
B0DB231761,A2W8EY4J0UOJZR
B0D9S3RCYG,A2W8EY4J0UOJZR
B0D9RX5JVH,A2W8EY4J0UOJZR
B0D9NLT51Y,A2W8EY4J0UOJZR
B0D9N8KM24,A2W8EY4J0UOJZR
B0D98CYF3P,A2W8EY4J0UOJZR
B0D8XXQYT6,A2W8EY4J0UOJZR
B0D8KHR84G,A2W8EY4J0UOJZR
B0D8JLJH8G,A2W8EY4J0UOJZR
B0D7CCR8LM,A2W8EY4J0UOJZR
B0D7726C85,A2W8EY4J0UOJZR
B0D76DQKBZ,A2W8EY4J0UOJZR
B0D7342T2X,A2W8EY4J0UOJZR
B0D6XT7BN7,A2W8EY4J0UOJZR
B0D6LYNF3F,A2W8EY4J0UOJZR
B0D61SHFZ8,A2W8EY4J0UOJZR
B0D5LTFTT7,A2W8EY4J0UOJZR
B0D59W5LCC,A2W8EY4J0UOJZR
B0D53SVY72,A2W8EY4J0UOJZR
B0D4Z5CR2B,A2W8EY4J0UOJZR
B0D4PNQKNC,A2W8EY4J0UOJZR
B0D477ZXH6,A2W8EY4J0UOJZR
B0D2W18948,A2W8EY4J0UOJZR
B0D2MD3LXW,A2W8EY4J0UOJZR
B0D2D2B41P,A2W8EY4J0UOJZR
B0D295NW4F,A2W8EY4J0UOJZR
B0D1YK2N9W,A2W8EY4J0UOJZR
B0D1Y42CSC,A2W8EY4J0UOJZR
B0D1G8D27B,A2W8EY4J0UOJZR
B0CLLQ36LW,A2W8EY4J0UOJZR
B0CL2YH4KD,A2W8EY4J0UOJZR
B0CJFD5WTM,A2W8EY4J0UOJZR
B0CJ2FXLR9,A2W8EY4J0UOJZR
B0CHQ5ZH19,A2W8EY4J0UOJZR
B0CGR96WR8,A2W8EY4J0UOJZR
B0CGHJKBM4,A2W8EY4J0UOJZR
B0CGCVH8L9,A2W8EY4J0UOJZR
B0CFTWVMLZ,A2W8EY4J0UOJZR
B0CDKJKYJ6,A2W8EY4J0UOJZR
B0CDBTB9TP,A2W8EY4J0UOJZR
B0CCYNH7DN,A2W8EY4J0UOJZR
B0CCRR6GLQ,A2W8EY4J0UOJZR
B0CCNWC6P8,A2W8EY4J0UOJZR
B0CBDGRWZG,A2W8EY4J0UOJZR
B0C9QTP3K4,A2W8EY4J0UOJZR
B0CZP7N49Q,A2W8EY4J0UOJZR
B0CYC1Q972,A2W8EY4J0UOJZR
B0CXPJTGBV,A2W8EY4J0UOJZR
B0CWNFJMS3,A2W8EY4J0UOJZR
B0CVVX7WP9,A2W8EY4J0UOJZR
B0CVS3Y4Q2,A2W8EY4J0UOJZR
B0CS63YMZQ,A2W8EY4J0UOJZR
B0CS34HK6L,A2W8EY4J0UOJZR
B0CQR8PPT3,A2W8EY4J0UOJZR
B0CQF4HDXH,A2W8EY4J0UOJZR
B0CPLTTXT5,A2W8EY4J0UOJZR
B0CP3YLX52,A2W8EY4J0UOJZR
B0CNVCMLMY,A2W8EY4J0UOJZR
B0CMX97MXL,A2W8EY4J0UOJZR
B0CLYTVY4D,A2W8EY4J0UOJZR
B0CLXZ1CGD,A2W8EY4J0UOJZR
B0C9MVKXJ6,A2W8EY4J0UOJZR
B0C8B1QWT4,A2W8EY4J0UOJZR
B0C83YX7R9,A2W8EY4J0UOJZR
B0C7R1HVXH,A2W8EY4J0UOJZR
B0C7PD3GN8,A2W8EY4J0UOJZR
B0C7G26J9L,A2W8EY4J0UOJZR
B0C5F5CJL7,A2W8EY4J0UOJZR
B0C3LPD14M,A2W8EY4J0UOJZR
B0C3B9N3H4,A2W8EY4J0UOJZR
B0C2ZB3M44,A2W8EY4J0UOJZR
B0C2HK85TH,A2W8EY4J0UOJZR
B0BZYJ645Z,A2W8EY4J0UOJZR
B0BZY6HHS8,A2W8EY4J0UOJZR
B0BZTWX9T6,A2W8EY4J0UOJZR
B0BZJ3NQMP,A2W8EY4J0UOJZR
B0BZ3J5ZCP,A2W8EY4J0UOJZR
B0BYSGHKYM,A2W8EY4J0UOJZR
B0BYCK7XTH,A2W8EY4J0UOJZR
B0BY9FG6QX,A2W8EY4J0UOJZR
B0BY767355,A2W8EY4J0UOJZR
B0BY24YFNF,A2W8EY4J0UOJZR
B0BSBSTXQG,A2W8EY4J0UOJZR
B0BRYCV97B,A2W8EY4J0UOJZR
B0BQ6JF8T5,A2W8EY4J0UOJZR
B0BQ6JD936,A2W8EY4J0UOJZR
B0BH869T69,A2W8EY4J0UOJZR
B0BGR72H7N,A2W8EY4J0UOJZR
B0BGGGJDYX,A2W8EY4J0UOJZR
B0BFGR7J2V,A2W8EY4J0UOJZR
B0B7BPMNC4,A2W8EY4J0UOJZR
B0B6VQGHFZ,A2W8EY4J0UOJZR
B0B65JZV7S,A2W8EY4J0UOJZR
B0B5N91JYS,A2W8EY4J0UOJZR
B0B1DB9SKQ,A2W8EY4J0UOJZR
B0B18MJVNT,A2W8EY4J0UOJZR
B09W11VHC8,A2W8EY4J0UOJZR
B09PJ9VX8H,A2W8EY4J0UOJZR
B09N2P4384,A2W8EY4J0UOJZR
B09DSMS5JK,A2W8EY4J0UOJZR
B092PVPCL8,A2W8EY4J0UOJZR
B08VRT24Y5,A2W8EY4J0UOJZR
B08SW89L66,A2W8EY4J0UOJZR
B08R5FHTYP,A2W8EY4J0UOJZR
B08QMX8BJH,A2W8EY4J0UOJZR
B08L9DX86F,A2W8EY4J0UOJZR
B08L9DBM47,A2W8EY4J0UOJZR
B08L9DBF4R,A2W8EY4J0UOJZR
B08L9CB7RM,A2W8EY4J0UOJZR
B086W4PNWT,A2W8EY4J0UOJZR
B086J9FSVK,A2W8EY4J0UOJZR
B07Z1WKYM7,A2W8EY4J0UOJZR
B07X3TSW8Z,A2W8EY4J0UOJZR
B07TXBJ6GJ,A2W8EY4J0UOJZR
B07T4MMRBT,A2W8EY4J0UOJZR
B07QDNNF31,A2W8EY4J0UOJZR
B07PNQ2VBZ,A2W8EY4J0UOJZR
B07BS2RZ1D,A2W8EY4J0UOJZR
B00NURG37Y,A2W8EY4J0UOJZR
B00L90C0E4,A2W8EY4J0UOJZR
B004BPM1LQ,A2W8EY4J0UOJZR
B0CNC5731J,A2W8EY4J0UOJZR
B0DNJ3JFTB,A2W8EY4J0UOJZR
B08LPN5J26,A2W8EY4J0UOJZR
B0DM2CG9S2,A2W8EY4J0UOJZR
B0DX1Q89PP,A2W8EY4J0UOJZR
B0DHZV6HQ8,A2W8EY4J0UOJZR
B0DSYYX5YX,A2W8EY4J0UOJZR
B0DH2BXNXJ,A2W8EY4J0UOJZR
B0DRJJBT13,A2W8EY4J0UOJZR
B0DG7QKVD9,A2W8EY4J0UOJZR
B0DQXCQD7L,A2W8EY4J0UOJZR
B0D7M36ZTJ,A2W8EY4J0UOJZR
B0DPLXL9LC,A2W8EY4J0UOJZR
B0D4KZ8CXX,A2W8EY4J0UOJZR
B0DS5BW7TB,A2W8EY4J0UOJZR
B0BY69RL8B,A2W8EY4J0UOJZR
B0DSLPN8K5,A2W8EY4J0UOJZR
B0D7BQY9W8,A2W8EY4J0UOJZR
B0DSK74L1V,A2W8EY4J0UOJZR
B0D5WB24N9,A2W8EY4J0UOJZR
B0DS86M9Z8,A2W8EY4J0UOJZR
B0D4J15MJT,A2W8EY4J0UOJZR
B0DS5RCDC6,A2W8EY4J0UOJZR
B0D1GJN25W,A2W8EY4J0UOJZR
B0DS59TG2S,A2W8EY4J0UOJZR
B0D1G9182G,A2W8EY4J0UOJZR
B0DRYBF5K2,A2W8EY4J0UOJZR
B0D1FNSL97,A2W8EY4J0UOJZR
B0DRTL9D97,A2W8EY4J0UOJZR
B0CTTXNDMQ,A2W8EY4J0UOJZR
B0DQ55VRWL,A2W8EY4J0UOJZR
B0CSJMC6VJ,A2W8EY4J0UOJZR
B0DMW17YRN,A2W8EY4J0UOJZR
B0B4MRDFFN,A2W8EY4J0UOJZR
B0DM861FWQ,A2W8EY4J0UOJZR
B09KZL4G4R,A2W8EY4J0UOJZR
B0DLK43F4Z,A2W8EY4J0UOJZR
B08Y5DZPSD,A2W8EY4J0UOJZR
B0DLGL1KGV,A2W8EY4J0UOJZR
B08N1HR2P8,A2W8EY4J0UOJZR
B0DKXDMLDJ,A2W8EY4J0UOJZR
B0DKX9ZRR3,A2W8EY4J0UOJZR
B0DKWV7ZYT,A2W8EY4J0UOJZR
B0DKNM38L2,A2W8EY4J0UOJZR
B0DKN928JZ,A2W8EY4J0UOJZR
B0DKKMS8NG,A2W8EY4J0UOJZR
B0DKCMNG2Y,A2W8EY4J0UOJZR
B0DK5941K5,A2W8EY4J0UOJZR
B0DK1Q2FW8,A2W8EY4J0UOJZR
B0DJWB2KBL,A2W8EY4J0UOJZR
B0DJ32LP2R,A2W8EY4J0UOJZR
B0DHZB8Y27,A2W8EY4J0UOJZR
B0DHL74V77,A2W8EY4J0UOJZR
B0DH2FBYKK,A2W8EY4J0UOJZR
B0DGQG3TTL,A2W8EY4J0UOJZR
B0DGLRRTK8,A2W8EY4J0UOJZR
B0DGL5G7S1,A2W8EY4J0UOJZR
B0DGDFKZNP,A2W8EY4J0UOJZR
B0DFM29FMP,A2W8EY4J0UOJZR
B0DDK7J7QV,A2W8EY4J0UOJZR
B0DCVZF1Z1,A2W8EY4J0UOJZR
B0DCVMGHYZ,A2W8EY4J0UOJZR
B0DCNG7272,A2W8EY4J0UOJZR
B0DCC5BWN2,A2W8EY4J0UOJZR
B0DQ4M1VMH,A2W8EY4J0UOJZR
B0CRTS1PWZ,A2W8EY4J0UOJZR
B0DPJRTSZT,A2W8EY4J0UOJZR
B0CRQ8HLR6,A2W8EY4J0UOJZR
B0DP37GX3F,A2W8EY4J0UOJZR
B0CQNV8748,A2W8EY4J0UOJZR
B0DNLYS7YP,A2W8EY4J0UOJZR
B0CKXQFBTB,A2W8EY4J0UOJZR
B0DNJTR5JR,A2W8EY4J0UOJZR
B0CHJ5BSD2,A2W8EY4J0UOJZR
B0DNFBDF5G,A2W8EY4J0UOJZR
B0CG4QTTBG,A2W8EY4J0UOJZR
B0DN6WHFBW,A2W8EY4J0UOJZR
B0C6B24Y3J,A2W8EY4J0UOJZR
B0DN5WNQN6,A2W8EY4J0UOJZR
B0BW71BFJF,A2W8EY4J0UOJZR
B0D869Y49P,A2W8EY4J0UOJZR
B0D7MNPZNX,A2W8EY4J0UOJZR
B0D7J65T51,A2W8EY4J0UOJZR
B0D7CFJL2J,A2W8EY4J0UOJZR
B0D7916WLV,A2W8EY4J0UOJZR
B0D6VS4CHM,A2W8EY4J0UOJZR
B0D6NMVNKZ,A2W8EY4J0UOJZR
B0D6B6VKX7,A2W8EY4J0UOJZR
B0D66GFLFM,A2W8EY4J0UOJZR
B0D5Q7PJZV,A2W8EY4J0UOJZR
B0D5L8L8XL,A2W8EY4J0UOJZR
B0D5DKGGT5,A2W8EY4J0UOJZR
B0D59RXVBF,A2W8EY4J0UOJZR
B0D4R58QVB,A2W8EY4J0UOJZR
B0D4QLRZP5,A2W8EY4J0UOJZR
B0D4Q11154,A2W8EY4J0UOJZR
B0D4PZZZ71,A2W8EY4J0UOJZR
B0D4LMZTJF,A2W8EY4J0UOJZR
B0D47HZ6V1,A2W8EY4J0UOJZR
B0D37R9TYH,A2W8EY4J0UOJZR
B0D2ZJ2HLG,A2W8EY4J0UOJZR
B0D266GH3R,A2W8EY4J0UOJZR
B0D25MWQ4T,A2W8EY4J0UOJZR
B0D1R93576,A2W8EY4J0UOJZR
B0D1JSWPJW,A2W8EY4J0UOJZR
B0D1GH4MFR,A2W8EY4J0UOJZR
B0D1GFQYXS,A2W8EY4J0UOJZR
B0D1GDP96W,A2W8EY4J0UOJZR
B0D1GCT9GK,A2W8EY4J0UOJZR
B0D1FZBGLX,A2W8EY4J0UOJZR
B0D17RR8ZK,A2W8EY4J0UOJZR
B0CYY7JX6C,A2W8EY4J0UOJZR
B0CYXT5XC9,A2W8EY4J0UOJZR
B0CYSK7F93,A2W8EY4J0UOJZR
B0CXXRFGB7,A2W8EY4J0UOJZR
B0CWV3C2LV,A2W8EY4J0UOJZR
B0CWKX8LFK,A2W8EY4J0UOJZR
B0CW7BV8YZ,A2W8EY4J0UOJZR
B0CW1TYWD2,A2W8EY4J0UOJZR
B0CVQWKXBJ,A2W8EY4J0UOJZR
B0CTB17BL2,A2W8EY4J0UOJZR
B0CT81P8HR,A2W8EY4J0UOJZR
B0CST14T9H,A2W8EY4J0UOJZR
B0CRBCPSRG,A2W8EY4J0UOJZR
B0CQLLJW9T,A2W8EY4J0UOJZR
B0CQKQ6S7F,A2W8EY4J0UOJZR
B0CQ5D9VHG,A2W8EY4J0UOJZR
B0CPJJGKCZ,A2W8EY4J0UOJZR
B0CP86RQ5P,A2W8EY4J0UOJZR
B0CNSQ6WBV,A2W8EY4J0UOJZR
B0CNR2JDX2,A2W8EY4J0UOJZR
B0CNCHG2XV,A2W8EY4J0UOJZR
B0CMFNXK5H,A2W8EY4J0UOJZR
B0CM6VRWL8,A2W8EY4J0UOJZR
B0CLVG48XS,A2W8EY4J0UOJZR
B0CLM15ZZ5,A2W8EY4J0UOJZR
B0CL78H1XY,A2W8EY4J0UOJZR
B0CKW3NY8B,A2W8EY4J0UOJZR
B0CJ8YYQ9S,A2W8EY4J0UOJZR
B0CHV5THWY,A2W8EY4J0UOJZR
B0CH72282N,A2W8EY4J0UOJZR
B0CGX46GNP,A2W8EY4J0UOJZR
B0CG1XYD13,A2W8EY4J0UOJZR
B0CFV85CDP,A2W8EY4J0UOJZR
B0CDZBFDD5,A2W8EY4J0UOJZR
B0CDX4DT8B,A2W8EY4J0UOJZR
B0CDWYJQ91,A2W8EY4J0UOJZR
B0CDWRHC8H,A2W8EY4J0UOJZR
B0CDKZZ472,A2W8EY4J0UOJZR
B0CDGVLKWP,A2W8EY4J0UOJZR
B0CD7B4SYQ,A2W8EY4J0UOJZR
B0CCS96HTP,A2W8EY4J0UOJZR
B0CCKNWP1F,A2W8EY4J0UOJZR
B0C9Q3MCK2,A2W8EY4J0UOJZR
B0C94MXKWD,A2W8EY4J0UOJZR
B0C85PRJTQ,A2W8EY4J0UOJZR
B0C7R1G8HN,A2W8EY4J0UOJZR
B0C6XRPGXZ,A2W8EY4J0UOJZR
B0C6K5ZH42,A2W8EY4J0UOJZR
B0C5MR7MW8,A2W8EY4J0UOJZR
B0DCBSR4D9,A2W8EY4J0UOJZR
B0DCBHQQCX,A2W8EY4J0UOJZR
B0DBPXMY1L,A2W8EY4J0UOJZR
B0DBHRXG52,A2W8EY4J0UOJZR
B0DBHPJLPW,A2W8EY4J0UOJZR
B0DBHMBDPH,A2W8EY4J0UOJZR
B0DBH841T7,A2W8EY4J0UOJZR
B0DBH81YBY,A2W8EY4J0UOJZR
B0DBGQJ56K,A2W8EY4J0UOJZR
B0DBGQGNDQ,A2W8EY4J0UOJZR
B0D9YCZRFH,A2W8EY4J0UOJZR
B0D9MGMRHF,A2W8EY4J0UOJZR
B0D93VPBWS,A2W8EY4J0UOJZR
B0D8Y8PVTZ,A2W8EY4J0UOJZR
B0D86V9RD4,A2W8EY4J0UOJZR
B0D86MZ84D,A2W8EY4J0UOJZR
B0C4CK5C7F,A2W8EY4J0UOJZR
B0C3TK19MG,A2W8EY4J0UOJZR
B0C23MT9ZY,A2W8EY4J0UOJZR
B0C1425BKF,A2W8EY4J0UOJZR
B0BZXTJ2C5,A2W8EY4J0UOJZR
B0BZPKFXQ4,A2W8EY4J0UOJZR
B0BXL98N3Z,A2W8EY4J0UOJZR
B0BXFB3611,A2W8EY4J0UOJZR
B0BX75G3RJ,A2W8EY4J0UOJZR
B0BWSBKHTV,A2W8EY4J0UOJZR
B0BW183B7L,A2W8EY4J0UOJZR
B0BRSY5CS8,A2W8EY4J0UOJZR
B0BRKNBY5P,A2W8EY4J0UOJZR
B0BQR28MSD,A2W8EY4J0UOJZR
B0BQ6KGDCR,A2W8EY4J0UOJZR
B0BQ6H6J26,A2W8EY4J0UOJZR
B0BNHFNFSD,A2W8EY4J0UOJZR
B0BM7XC979,A2W8EY4J0UOJZR
B0BM3N359G,A2W8EY4J0UOJZR
B0BFRGWFVQ,A2W8EY4J0UOJZR
B0BFHLZSQG,A2W8EY4J0UOJZR
B0BCXX1LTQ,A2W8EY4J0UOJZR
B0B94J458Q,A2W8EY4J0UOJZR
B0B828X5CQ,A2W8EY4J0UOJZR
B0B77CCX1T,A2W8EY4J0UOJZR
B0B4VCYJG2,A2W8EY4J0UOJZR
B0B4PK166N,A2W8EY4J0UOJZR
B0B4N84FV7,A2W8EY4J0UOJZR
B0B1VYHZHK,A2W8EY4J0UOJZR
B09ZY3X2D2,A2W8EY4J0UOJZR
B09XHZ8DXZ,A2W8EY4J0UOJZR
B09VYRLRSV,A2W8EY4J0UOJZR
B09TXPZZZP,A2W8EY4J0UOJZR
B09SWKVMKQ,A2W8EY4J0UOJZR
B09Q3117VV,A2W8EY4J0UOJZR
B09PJBKHRZ,A2W8EY4J0UOJZR
B09P8TXFLV,A2W8EY4J0UOJZR
B09NL968GG,A2W8EY4J0UOJZR
B09LRT6D3Z,A2W8EY4J0UOJZR
B09KCDB96J,A2W8EY4J0UOJZR
B09K7T5WTL,A2W8EY4J0UOJZR
B09HMKKNGF,A2W8EY4J0UOJZR
B09GVM96N8,A2W8EY4J0UOJZR
B09F3DGMM5,A2W8EY4J0UOJZR
B09BF1BM54,A2W8EY4J0UOJZR
B094YM8B84,A2W8EY4J0UOJZR
B093PBRWQ6,A2W8EY4J0UOJZR
B092J87DJ2,A2W8EY4J0UOJZR
B08JTSQ3HM,A2W8EY4J0UOJZR
B087D6X4FN,A2W8EY4J0UOJZR
B085WL24CY,A2W8EY4J0UOJZR
B083R4KDDY,A2W8EY4J0UOJZR
B07XNXPT9Z,A2W8EY4J0UOJZR
B07VJ3VNNV,A2W8EY4J0UOJZR
B07TXK91RB,A2W8EY4J0UOJZR
B07RFRDD2M,A2W8EY4J0UOJZR
B07JRFB5M4,A2W8EY4J0UOJZR
B07JR6XWCW,A2W8EY4J0UOJZR
B07J1ZLM56,A2W8EY4J0UOJZR
B07GCX2JJK,A2W8EY4J0UOJZR
B07BB4CTPR,A2W8EY4J0UOJZR
B074J8N6JN,A2W8EY4J0UOJZR
B00LXCOLKE,A2W8EY4J0UOJZR
B00CCSD6S6,A2W8EY4J0UOJZR
B0DJNV22QD,A2W8EY4J0UOJZR
B0DHVJ248P,A2W8EY4J0UOJZR
B07JHZMQT2,A2W8EY4J0UOJZR
B0DHTYDFPW,A2W8EY4J0UOJZR
B0DYYQTBLB,A2W8EY4J0UOJZR
B0DGST343W,A2W8EY4J0UOJZR
B0DYK8TK1Z,A2W8EY4J0UOJZR
B0DG5N1L64,A2W8EY4J0UOJZR
B0DT3BQ8LJ,A2W8EY4J0UOJZR
B0DPJZ92L7,A2W8EY4J0UOJZR
B0DSW9DHR5,A2W8EY4J0UOJZR
B0DP7HFC2J,A2W8EY4J0UOJZR
B0DSVW64V6,A2W8EY4J0UOJZR
B0DMT2VGGD,A2W8EY4J0UOJZR
B0DSTV6HZB,A2W8EY4J0UOJZR
B0DKJCNM47,A2W8EY4J0UOJZR
B0DSG1311Z,A2W8EY4J0UOJZR
B0DJS8ZXB3,A2W8EY4J0UOJZR
B0DSBPJ25R,A2W8EY4J0UOJZR
B0DGXGZVLS,A2W8EY4J0UOJZR
B0DS1V9RX7,A2W8EY4J0UOJZR
B0DGPVPBBB,A2W8EY4J0UOJZR
B0DRVSS85X,A2W8EY4J0UOJZR
B0DFY4K89B,A2W8EY4J0UOJZR
B0DRK26KYN,A2W8EY4J0UOJZR
B0DFY2ST4C,A2W8EY4J0UOJZR
B0DRHRXWQ2,A2W8EY4J0UOJZR
B0DDPWZ5XC,A2W8EY4J0UOJZR
B0DR95WZ75,A2W8EY4J0UOJZR
B0DD7FZZJ5,A2W8EY4J0UOJZR
B0DR8MZFKN,A2W8EY4J0UOJZR
B0DCKCN73Z,A2W8EY4J0UOJZR
B0DR65LH8Y,A2W8EY4J0UOJZR
B0DBDTLV33,A2W8EY4J0UOJZR
B0DR5PGGV7,A2W8EY4J0UOJZR
B0DB7PSNRB,A2W8EY4J0UOJZR
B0DR2KZ4KR,A2W8EY4J0UOJZR
B0DB14WW5K,A2W8EY4J0UOJZR
B0DQXWF6J6,A2W8EY4J0UOJZR
B0D8BMX5PJ,A2W8EY4J0UOJZR
B0F13PX4YK,A2W8EY4J0UOJZR
B0DY17DV2X,A2W8EY4J0UOJZR
B0DW7TQSRB,A2W8EY4J0UOJZR
B0DTHB9H45,A2W8EY4J0UOJZR
B0DJ19QJGT,A2W8EY4J0UOJZR
B0DTDV72TS,A2W8EY4J0UOJZR
B0DHTK3WS6,A2W8EY4J0UOJZR
B0DT3CQKDM,A2W8EY4J0UOJZR
B0DCKDX5KG,A2W8EY4J0UOJZR
B0D6PS8PNS,A2W8EY4J0UOJZR
B0DQV146SX,A2W8EY4J0UOJZR
B0CZDT4DHT,A2W8EY4J0UOJZR
B0DQTH9YH9,A2W8EY4J0UOJZR
B0CZDR4LQ3,A2W8EY4J0UOJZR
B0DQQ4K12K,A2W8EY4J0UOJZR
B0CZDCH2G2,A2W8EY4J0UOJZR
B0DQNRCQ64,A2W8EY4J0UOJZR
B0CZDBBCGV,A2W8EY4J0UOJZR
B0DQNMQFMQ,A2W8EY4J0UOJZR
B0CZD73W8V,A2W8EY4J0UOJZR
B0DQLXM86B,A2W8EY4J0UOJZR
B0CWYSCWGN,A2W8EY4J0UOJZR
B0DQ9PX1KD,A2W8EY4J0UOJZR
B0CWYS8PF5,A2W8EY4J0UOJZR
B0DQ47TKYX,A2W8EY4J0UOJZR
B0CW5B6WY4,A2W8EY4J0UOJZR
B0DPW9DMXS,A2W8EY4J0UOJZR
B0CTTDXFLD,A2W8EY4J0UOJZR
B0DPHLDQSR,A2W8EY4J0UOJZR
B0CSFD98KP,A2W8EY4J0UOJZR
B0DPF7G9BD,A2W8EY4J0UOJZR
B0CS6SLTG5,A2W8EY4J0UOJZR
B0DP69PSF6,A2W8EY4J0UOJZR
B0CPTPCLLH,A2W8EY4J0UOJZR
B0DP2QXXJW,A2W8EY4J0UOJZR
B0CPGC2P2Q,A2W8EY4J0UOJZR
B0DNS3GVYD,A2W8EY4J0UOJZR
B0CMPW7Q7T,A2W8EY4J0UOJZR
B0DNQGWRY1,A2W8EY4J0UOJZR
B0CL9FYGKB,A2W8EY4J0UOJZR
B0DN1JQY35,A2W8EY4J0UOJZR
B0CC6H5D9W,A2W8EY4J0UOJZR
B0DMVJF6LM,A2W8EY4J0UOJZR
B0CBTSWKZ9,A2W8EY4J0UOJZR
B0DMFDC9TV,A2W8EY4J0UOJZR
B0CB1NY9NT,A2W8EY4J0UOJZR
B0DLNXFQY3,A2W8EY4J0UOJZR
B0C8TFNCGP,A2W8EY4J0UOJZR
B0DLNR2M1G,A2W8EY4J0UOJZR
B0C6STPN46,A2W8EY4J0UOJZR
B0DLJR7XCR,A2W8EY4J0UOJZR
B0C3RRV1NP,A2W8EY4J0UOJZR
B0DKXPKMPW,A2W8EY4J0UOJZR
B0C32T5439,A2W8EY4J0UOJZR
B0DKXGPXLK,A2W8EY4J0UOJZR
B0BT98F83T,A2W8EY4J0UOJZR
B0DK71Q128,A2W8EY4J0UOJZR
B0BSQPPM8N,A2W8EY4J0UOJZR
B0DJP483YW,A2W8EY4J0UOJZR
B0BCGDDK9T,A2W8EY4J0UOJZR
B0DJMBFWN5,A2W8EY4J0UOJZR
B0B2PLXMD5,A2W8EY4J0UOJZR
B0DJ2BKRBD,A2W8EY4J0UOJZR
B09XDD58TM,A2W8EY4J0UOJZR
B0DJ26FJR1,A2W8EY4J0UOJZR
B09TXXF2F1,A2W8EY4J0UOJZR
B0DJ12B8S9,A2W8EY4J0UOJZR
B09SGH91DR,A2W8EY4J0UOJZR
B0DHS7GLTV,A2W8EY4J0UOJZR
B09KPX2C6R,A2W8EY4J0UOJZR
B0DHKZX7YF,A2W8EY4J0UOJZR
B09JGBJCYM,A2W8EY4J0UOJZR
B0DHKTL9H6,A2W8EY4J0UOJZR
B0999BJTS7,A2W8EY4J0UOJZR
B0DHKKFCKF,A2W8EY4J0UOJZR
B095NNTZJK,A2W8EY4J0UOJZR
B0DHCB122D,A2W8EY4J0UOJZR
B08J423BWK,A2W8EY4J0UOJZR
B0DGTL297C,A2W8EY4J0UOJZR
B085FW3F5B,A2W8EY4J0UOJZR
B0DGT8PWFP,A2W8EY4J0UOJZR
B06XZ77QXF,A2W8EY4J0UOJZR
B0DGT56R47,A2W8EY4J0UOJZR
B01A9Y8K3A,A2W8EY4J0UOJZR
B0DGT3NTY9,A2W8EY4J0UOJZR
B00B2R8DB8,A2W8EY4J0UOJZR
B0DGSXXYPN,A2W8EY4J0UOJZR
B0DGFR39D7,A2W8EY4J0UOJZR
B0D9HRXJFS,A2W8EY4J0UOJZR
B0D9GTP9BS,A2W8EY4J0UOJZR
B0D9B37PR6,A2W8EY4J0UOJZR
B0D95VT853,A2W8EY4J0UOJZR
B0D92482Q1,A2W8EY4J0UOJZR
B0D91GQXW9,A2W8EY4J0UOJZR
B0D8W73XHX,A2W8EY4J0UOJZR
B0D8VSB3TX,A2W8EY4J0UOJZR
B0D7LXQFJ7,A2W8EY4J0UOJZR
B0D5VDKXJK,A2W8EY4J0UOJZR
B0D5V2CV75,A2W8EY4J0UOJZR
B0D5QY2JJ9,A2W8EY4J0UOJZR
B0D5QX6H86,A2W8EY4J0UOJZR
B0D5CWFN91,A2W8EY4J0UOJZR
B0D5BFPVHW,A2W8EY4J0UOJZR
B0D59HB9HY,A2W8EY4J0UOJZR
B0D56FQ7N4,A2W8EY4J0UOJZR
B0D4V99QX3,A2W8EY4J0UOJZR
B0D4TT111N,A2W8EY4J0UOJZR
B0D4TSDG9V,A2W8EY4J0UOJZR
B0D4QQ647W,A2W8EY4J0UOJZR
B0D4D4WWWH,A2W8EY4J0UOJZR
B0D47V4VX3,A2W8EY4J0UOJZR
B0D45SLXKH,A2W8EY4J0UOJZR
B0D41QK65G,A2W8EY4J0UOJZR
B0D3X9XLZZ,A2W8EY4J0UOJZR
B0D3V31V8Z,A2W8EY4J0UOJZR
B0D3Q5LTX5,A2W8EY4J0UOJZR
B0D3DSQ7X2,A2W8EY4J0UOJZR
B0D2L2H6RZ,A2W8EY4J0UOJZR
B0D22ZF3NT,A2W8EY4J0UOJZR
B0D1YLPJ21,A2W8EY4J0UOJZR
B0D1HVQTWB,A2W8EY4J0UOJZR
B0D17MMGYM,A2W8EY4J0UOJZR
B0D17GLNJ5,A2W8EY4J0UOJZR
B0D1298GFW,A2W8EY4J0UOJZR
B0CYXTF6Q6,A2W8EY4J0UOJZR
B0CYP41F8V,A2W8EY4J0UOJZR
B0CYMRMXK9,A2W8EY4J0UOJZR
B0CYGVMHXM,A2W8EY4J0UOJZR
B0CY5GRKZ8,A2W8EY4J0UOJZR
B0CXXFSV4S,A2W8EY4J0UOJZR
B0CXNLJ1WL,A2W8EY4J0UOJZR
B0CXM26LR9,A2W8EY4J0UOJZR
B0CWKPMG6Y,A2W8EY4J0UOJZR
B0CWGBWP5K,A2W8EY4J0UOJZR
B0CTMNJ861,A2W8EY4J0UOJZR
B0CDBYSVYP,A2W8EY4J0UOJZR
B0CD77D1GM,A2W8EY4J0UOJZR
B0CD439BY9,A2W8EY4J0UOJZR
B0CC978CKF,A2W8EY4J0UOJZR
B0CBFNBQ9J,A2W8EY4J0UOJZR
B0CB5B59J6,A2W8EY4J0UOJZR
B0CB1YZV3Y,A2W8EY4J0UOJZR
B0C9T7DD8N,A2W8EY4J0UOJZR
B0C9HJV8XW,A2W8EY4J0UOJZR
B0C96MJKFK,A2W8EY4J0UOJZR
B0C6F3NMPR,A2W8EY4J0UOJZR
B0C6B4TLRX,A2W8EY4J0UOJZR
B0C2CDW51S,A2W8EY4J0UOJZR
B0BZT4M6CN,A2W8EY4J0UOJZR
B0BZGS48L5,A2W8EY4J0UOJZR
B0BYDW9NJG,A2W8EY4J0UOJZR
B0DG9ZHQ6W,A2W8EY4J0UOJZR
B0DG2WBG8F,A2W8EY4J0UOJZR
B0DFLPB3ZR,A2W8EY4J0UOJZR
B0DFCHLTLM,A2W8EY4J0UOJZR
B0DFBP1TYV,A2W8EY4J0UOJZR
B0DDLFCGPK,A2W8EY4J0UOJZR
B0DDBKT3T6,A2W8EY4J0UOJZR
B0DD2XMK96,A2W8EY4J0UOJZR
B0DCZMSX2H,A2W8EY4J0UOJZR
B0DCZGNQ9G,A2W8EY4J0UOJZR
B0DCZBXR4L,A2W8EY4J0UOJZR
B0DC5B9FHF,A2W8EY4J0UOJZR
B0DBZZ6YFM,A2W8EY4J0UOJZR
B0DBLJGXK5,A2W8EY4J0UOJZR
B0DB6YP2J2,A2W8EY4J0UOJZR
B0D9N1YZ5D,A2W8EY4J0UOJZR
B0BXXY13W4,A2W8EY4J0UOJZR
B0BX42LK8X,A2W8EY4J0UOJZR
B0BVQHHJFX,A2W8EY4J0UOJZR
B0BL2CRSNY,A2W8EY4J0UOJZR
B0BKLCNLZD,A2W8EY4J0UOJZR
B0BJ6FZYM5,A2W8EY4J0UOJZR
B0BFHH36GS,A2W8EY4J0UOJZR
B0BD92LVFB,A2W8EY4J0UOJZR
B0BCFLVPK3,A2W8EY4J0UOJZR
B0B9N8P5N5,A2W8EY4J0UOJZR
B0B743F658,A2W8EY4J0UOJZR
B0B51FK98L,A2W8EY4J0UOJZR
B0B3XC1NR9,A2W8EY4J0UOJZR
B0B3CMPG8Y,A2W8EY4J0UOJZR
B09Z76SP6L,A2W8EY4J0UOJZR
B09YRJ3JFJ,A2W8EY4J0UOJZR
B0DWWSRSH6,A2W8EY4J0UOJZR
B0DJ15DGF2,A2W8EY4J0UOJZR
B0DT9LB7LJ,A2W8EY4J0UOJZR
B0DFHR9JKY,A2W8EY4J0UOJZR
B0DT9K12LK,A2W8EY4J0UOJZR
B0DF5HJJDY,A2W8EY4J0UOJZR
B0DT7GN8FB,A2W8EY4J0UOJZR
B0DCHX7DZN,A2W8EY4J0UOJZR
B09M8FM8R4,A2W8EY4J0UOJZR
B09JK98SNB,A2W8EY4J0UOJZR
B09J8BZ7C1,A2W8EY4J0UOJZR
B09D454D69,A2W8EY4J0UOJZR
B08WPD3RHY,A2W8EY4J0UOJZR
B08RDK4T3Z,A2W8EY4J0UOJZR
B08KBZ2SMX,A2W8EY4J0UOJZR
B08CBYX78D,A2W8EY4J0UOJZR
B07PNHNRDT,A2W8EY4J0UOJZR
B07D9X4DP3,A2W8EY4J0UOJZR
B077KY8J4S,A2W8EY4J0UOJZR
B01GDWKOKO,A2W8EY4J0UOJZR
B00P92A5V8,A2W8EY4J0UOJZR
B00CKXURDU,A2W8EY4J0UOJZR
B005EAJ750,A2W8EY4J0UOJZR
B0CRNPQ9LY,A2W8EY4J0UOJZR
B0CRDSM6W5,A2W8EY4J0UOJZR
B0CQYSVRT4,A2W8EY4J0UOJZR
B0CQYM8S61,A2W8EY4J0UOJZR
B0CQ4YGB4H,A2W8EY4J0UOJZR
B0CP3CWSRH,A2W8EY4J0UOJZR
B0CNR65WL8,A2W8EY4J0UOJZR
B0CMCP651P,A2W8EY4J0UOJZR
B0CKKLFWQK,A2W8EY4J0UOJZR
B0CJF2SDRZ,A2W8EY4J0UOJZR
B0CHYWV211,A2W8EY4J0UOJZR
B0CHVKR231,A2W8EY4J0UOJZR
B0CHR8R52N,A2W8EY4J0UOJZR
B0CHNPML5X,A2W8EY4J0UOJZR
B0CGZGHGVP,A2W8EY4J0UOJZR
B0CGWGT1PR,A2W8EY4J0UOJZR
B0DH7HWNX4,A2W8EY4J0UOJZR
B0DT6HN2TT,A2W8EY4J0UOJZR
B0DBTQ92FX,A2W8EY4J0UOJZR
B0DT1BR65B,A2W8EY4J0UOJZR
B0DBQ8Q67C,A2W8EY4J0UOJZR
B0DSZXQHH5,A2W8EY4J0UOJZR
B0DB4QMDJL,A2W8EY4J0UOJZR
B0DSZS8JRZ,A2W8EY4J0UOJZR
B0D984CRY4,A2W8EY4J0UOJZR
B0DX5X7F24,A2W8EY4J0UOJZR
B0D8BN44V8,A2W8EY4J0UOJZR
B0DTPFS44Z,A2W8EY4J0UOJZR
B0D79GRRK3,A2W8EY4J0UOJZR
B0DTG4V5RR,A2W8EY4J0UOJZR
B0D73RLBFG,A2W8EY4J0UOJZR
B0DSYYW55N,A2W8EY4J0UOJZR
B0D6DGVTV8,A2W8EY4J0UOJZR
B0DSHHRRKK,A2W8EY4J0UOJZR
B0D4M9S98F,A2W8EY4J0UOJZR
B0DSFDYFMJ,A2W8EY4J0UOJZR
B0D4DDTKDQ,A2W8EY4J0UOJZR
B0DS2BS268,A2W8EY4J0UOJZR
B0D3PWPNXX,A2W8EY4J0UOJZR
B0DRV4169J,A2W8EY4J0UOJZR
B0D3LZBZ1W,A2W8EY4J0UOJZR
B0DR8FL2Q7,A2W8EY4J0UOJZR
B0D2682Q1X,A2W8EY4J0UOJZR
B0DR85BRV9,A2W8EY4J0UOJZR
B0D234TMG1,A2W8EY4J0UOJZR
B0DR1PNXLM,A2W8EY4J0UOJZR
B0D1RB5BFZ,A2W8EY4J0UOJZR
B0DQKD9Y82,A2W8EY4J0UOJZR
B0D1FN222R,A2W8EY4J0UOJZR
B0DQH2MQDD,A2W8EY4J0UOJZR
B0CZDCJDHF,A2W8EY4J0UOJZR
B0DPWWWSN4,A2W8EY4J0UOJZR
B0CYXDNQQX,A2W8EY4J0UOJZR
B0DPWQ5TLY,A2W8EY4J0UOJZR
B0CVTYVWT8,A2W8EY4J0UOJZR
B0DPKQGC4F,A2W8EY4J0UOJZR
B0CT8JT519,A2W8EY4J0UOJZR
B0DPKFB89J,A2W8EY4J0UOJZR
B0CS2W3YKY,A2W8EY4J0UOJZR
B0DPHF277H,A2W8EY4J0UOJZR
B0CN7F8CBZ,A2W8EY4J0UOJZR
B0DP3YJG6Y,A2W8EY4J0UOJZR
B0CM5Q7L19,A2W8EY4J0UOJZR
B0DNZ8WHL2,A2W8EY4J0UOJZR
B0CLVD88HL,A2W8EY4J0UOJZR
B0DNYRJPFH,A2W8EY4J0UOJZR
B0CJRDJ914,A2W8EY4J0UOJZR
B0DNT7BN2N,A2W8EY4J0UOJZR
B0C6237J4G,A2W8EY4J0UOJZR
B0DNN9ZF5Z,A2W8EY4J0UOJZR
B0BNKCCTQP,A2W8EY4J0UOJZR
B0DMW2DXNJ,A2W8EY4J0UOJZR
B0BML7R9K7,A2W8EY4J0UOJZR
B0DMSSSJ5W,A2W8EY4J0UOJZR
B0BGLCZ8WM,A2W8EY4J0UOJZR
B0DLWDRCBM,A2W8EY4J0UOJZR
B0BCNXQ8JL,A2W8EY4J0UOJZR
B0DLT59CVN,A2W8EY4J0UOJZR
B0B7BH4HDB,A2W8EY4J0UOJZR
B0DLB2P57C,A2W8EY4J0UOJZR
B0B6NTDSWY,A2W8EY4J0UOJZR
B0DL5G354B,A2W8EY4J0UOJZR
B0B5HTDZDY,A2W8EY4J0UOJZR
B0DL2YSM2C,A2W8EY4J0UOJZR
B0B46H763N,A2W8EY4J0UOJZR
B0DK911137,A2W8EY4J0UOJZR
B0B3TBTPPK,A2W8EY4J0UOJZR
B0DK8W2F2M,A2W8EY4J0UOJZR
B0B1MR7GND,A2W8EY4J0UOJZR
B0DK38KWMG,A2W8EY4J0UOJZR
B09Y1H4YWS,A2W8EY4J0UOJZR
B0DJVV5G9V,A2W8EY4J0UOJZR
B09XBDW3GP,A2W8EY4J0UOJZR
B0DJL1335S,A2W8EY4J0UOJZR
B09WKQZBYC,A2W8EY4J0UOJZR
B0DJ8K5TWJ,A2W8EY4J0UOJZR
B09NJ8DX3N,A2W8EY4J0UOJZR
B0DJ71NL44,A2W8EY4J0UOJZR
B09M3L9J8J,A2W8EY4J0UOJZR
B0DHKXWYR7,A2W8EY4J0UOJZR
B09KMX52VZ,A2W8EY4J0UOJZR
B0DHH24V2X,A2W8EY4J0UOJZR
B09HXFS3KR,A2W8EY4J0UOJZR
B0DGXSK6VL,A2W8EY4J0UOJZR
B0086803FU,A2W8EY4J0UOJZR
B0DCV9WL23,A2W8EY4J0UOJZR
B0DCJ3YNS2,A2W8EY4J0UOJZR
B0DC5CPFXX,A2W8EY4J0UOJZR
B0DC58FS6K,A2W8EY4J0UOJZR
B0DC3VXSQS,A2W8EY4J0UOJZR
B0DBZMT91B,A2W8EY4J0UOJZR
B0DBYG28JZ,A2W8EY4J0UOJZR
B0DBVMKJXB,A2W8EY4J0UOJZR
B0DB7B8J39,A2W8EY4J0UOJZR
B0DB4S4Y6Q,A2W8EY4J0UOJZR
B0D9Y3DD7Q,A2W8EY4J0UOJZR
B0D9TFQ7RM,A2W8EY4J0UOJZR
B0D9NHVPLY,A2W8EY4J0UOJZR
B0D9GFTNJ3,A2W8EY4J0UOJZR
B0D98H22RF,A2W8EY4J0UOJZR
B099851LKF,A2W8EY4J0UOJZR
B0DGXMLMZW,A2W8EY4J0UOJZR
B08Y64PDPL,A2W8EY4J0UOJZR
B0DGJZC4CV,A2W8EY4J0UOJZR
B08P3VRFM8,A2W8EY4J0UOJZR
B0DG33W6S8,A2W8EY4J0UOJZR
B083FF2C84,A2W8EY4J0UOJZR
B0DG2JZF5D,A2W8EY4J0UOJZR
B082DYJCV4,A2W8EY4J0UOJZR
B0DF71FRRL,A2W8EY4J0UOJZR
B07NFNZYPF,A2W8EY4J0UOJZR
B0DDSGZ4RT,A2W8EY4J0UOJZR
B077TN58W2,A2W8EY4J0UOJZR
B0DD397GMS,A2W8EY4J0UOJZR
B00S929WQY,A2W8EY4J0UOJZR
B0DCYY9NCF,A2W8EY4J0UOJZR
B0D8L1MXW8,A2W8EY4J0UOJZR
B0D8BWZSNG,A2W8EY4J0UOJZR
B0D7Q15NNW,A2W8EY4J0UOJZR
B0D74FBQ34,A2W8EY4J0UOJZR
B0D6R9YRBX,A2W8EY4J0UOJZR
B0D5S7V1C3,A2W8EY4J0UOJZR
B0D4V32P54,A2W8EY4J0UOJZR
B0D496T4QZ,A2W8EY4J0UOJZR
B0D42DNF2B,A2W8EY4J0UOJZR
B0D3LRB67S,A2W8EY4J0UOJZR
B0D34C42XT,A2W8EY4J0UOJZR
B0D2R1NL37,A2W8EY4J0UOJZR
B0D2DF6TRJ,A2W8EY4J0UOJZR
B0D262LLPC,A2W8EY4J0UOJZR
B0D1KK7L2Z,A2W8EY4J0UOJZR
B0D172CB5K,A2W8EY4J0UOJZR
B0CRNSQK5W,A2W8EY4J0UOJZR
B0CR75TW4W,A2W8EY4J0UOJZR
B0CQLMK29S,A2W8EY4J0UOJZR
B0CQKD1GVM,A2W8EY4J0UOJZR
B0CPXSD11Z,A2W8EY4J0UOJZR
B0CP68WZYT,A2W8EY4J0UOJZR
B0CNPRX3W5,A2W8EY4J0UOJZR
B0CNNY7GM2,A2W8EY4J0UOJZR
B0CNLM5SNS,A2W8EY4J0UOJZR
B0CN6HFG3R,A2W8EY4J0UOJZR
B0CMZQP7KK,A2W8EY4J0UOJZR
B0CLVK4JMH,A2W8EY4J0UOJZR
B0CLGF5FWM,A2W8EY4J0UOJZR
B0CL4ZYN63,A2W8EY4J0UOJZR
B0CKW67R28,A2W8EY4J0UOJZR
B0CJ2SYNNP,A2W8EY4J0UOJZR
B0D14451RX,A2W8EY4J0UOJZR
B0CZP6NZ39,A2W8EY4J0UOJZR
B0CZL7SRK5,A2W8EY4J0UOJZR
B0CZ9HTSRC,A2W8EY4J0UOJZR
B0CZ3XP7DD,A2W8EY4J0UOJZR
B0CYZNCW4Q,A2W8EY4J0UOJZR
B0CYWNFKRL,A2W8EY4J0UOJZR
B0CYQCPHL3,A2W8EY4J0UOJZR
B0CYLJ7NRG,A2W8EY4J0UOJZR
B0CYH6P7G4,A2W8EY4J0UOJZR
B0CYC247VM,A2W8EY4J0UOJZR
B0CXHG14S7,A2W8EY4J0UOJZR
B0CX556QBK,A2W8EY4J0UOJZR
B0CTQ1V9K8,A2W8EY4J0UOJZR
B0CSP1ZT4R,A2W8EY4J0UOJZR
B0CRRCN132,A2W8EY4J0UOJZR
B0CH4SZHDP,A2W8EY4J0UOJZR
B0CH2NC18B,A2W8EY4J0UOJZR
B0CG9YCTXN,A2W8EY4J0UOJZR
B0CFFJ855H,A2W8EY4J0UOJZR
B0CD1KXCMH,A2W8EY4J0UOJZR
B0CBQFGZBB,A2W8EY4J0UOJZR
B0CBDXJLS1,A2W8EY4J0UOJZR
B0C9TH3BXX,A2W8EY4J0UOJZR
B0C9HPDCHN,A2W8EY4J0UOJZR
B0C7QN1GCG,A2W8EY4J0UOJZR
B0C746C2PX,A2W8EY4J0UOJZR
B0C5S56FKY,A2W8EY4J0UOJZR
B0C3HHLHRS,A2W8EY4J0UOJZR
B0C33S41ZK,A2W8EY4J0UOJZR
B0C28KS9BX,A2W8EY4J0UOJZR
B0BVTYMBVS,A2W8EY4J0UOJZR
B0BTYDVS1H,A2W8EY4J0UOJZR
B0BMJ2TVLZ,A2W8EY4J0UOJZR
B0BLS99TH8,A2W8EY4J0UOJZR
B0BJ86HT7D,A2W8EY4J0UOJZR
B0B5CGRTV5,A2W8EY4J0UOJZR
B0B4JQ2KFN,A2W8EY4J0UOJZR
B0B2PN9ZNS,A2W8EY4J0UOJZR
B0B1WTFKH1,A2W8EY4J0UOJZR
B09WHV4RKK,A2W8EY4J0UOJZR
B09W2KWDZS,A2W8EY4J0UOJZR
B09VK1SK8V,A2W8EY4J0UOJZR
B09RDVPJ6Y,A2W8EY4J0UOJZR
B09KH1PMKC,A2W8EY4J0UOJZR
B09JCFCG7L,A2W8EY4J0UOJZR
B097QP1J31,A2W8EY4J0UOJZR
B097FFSKTQ,A2W8EY4J0UOJZR
B096G1LQ9D,A2W8EY4J0UOJZR
B095W9GMDN,A2W8EY4J0UOJZR
B095131LQ4,A2W8EY4J0UOJZR
B094N2G3MW,A2W8EY4J0UOJZR
B0816FZ97V,A2W8EY4J0UOJZR
B07Y1K2LR8,A2W8EY4J0UOJZR
B07WS5RF9M,A2W8EY4J0UOJZR
B07G2YXP15,A2W8EY4J0UOJZR
B07DYDLX26,A2W8EY4J0UOJZR
B07CG3QGXZ,A2W8EY4J0UOJZR
B079V7PVVJ,A2W8EY4J0UOJZR
B077Q3PVKF,A2W8EY4J0UOJZR
B072J259K2,A2W8EY4J0UOJZR
B071L8T98N,A2W8EY4J0UOJZR
B071FRTNZB,A2W8EY4J0UOJZR
B06XNMG26Y,A2W8EY4J0UOJZR
B00L6JX6PU,A2W8EY4J0UOJZR
B00J6F9J0W,A2W8EY4J0UOJZR
B00J213WDA,A2W8EY4J0UOJZR
B0077K8O2M,A2W8EY4J0UOJZR
B0017THMLS,A2W8EY4J0UOJZR
B0DJQJ57YP,A2W8EY4J0UOJZR
B0DJQHDX2V,A2W8EY4J0UOJZR
B0DHZFF55T,A2W8EY4J0UOJZR
B0DFCN6ZGF,A2W8EY4J0UOJZR
B0DTF74ZH7,A2W8EY4J0UOJZR
B0DC6FDFCB,A2W8EY4J0UOJZR
B0DT9G87W8,A2W8EY4J0UOJZR
B0DC5DCNNC,A2W8EY4J0UOJZR
B0DTKB1QMB,A2W8EY4J0UOJZR
B0DTB4GY3X,A2W8EY4J0UOJZR
B0DT9PJLFX,A2W8EY4J0UOJZR
B0DSZ5CZ91,A2W8EY4J0UOJZR
B0DK8BJ3WC,A2W8EY4J0UOJZR
B0DSH8PP25,A2W8EY4J0UOJZR
B0DJM5Q8GY,A2W8EY4J0UOJZR
B0DS7PQWH5,A2W8EY4J0UOJZR
B0DYTYZ8S4,A2W8EY4J0UOJZR
B0DKMHWZT8,A2W8EY4J0UOJZR
B0DYJH8NM8,A2W8EY4J0UOJZR
B0DK4Z5VCP,A2W8EY4J0UOJZR
B0DY7ZMRJY,A2W8EY4J0UOJZR
B0DK392G7F,A2W8EY4J0UOJZR
B0DWJSBQGP,A2W8EY4J0UOJZR
B0DJW52GX8,A2W8EY4J0UOJZR
B0DTFC7KHL,A2W8EY4J0UOJZR
B0DJW3VRC3,A2W8EY4J0UOJZR
B0DPJJ88VV,A2W8EY4J0UOJZR
B0DN5RZK4H,A2W8EY4J0UOJZR
B09XDLYLW4,A2W8EY4J0UOJZR
B0DM9C8RHQ,A2W8EY4J0UOJZR
B006LM9AIO,A2W8EY4J0UOJZR
B0DKBS6HKX,A2W8EY4J0UOJZR
B0DWSZF5TT,A2W8EY4J0UOJZR
B0DJFH9T9B,A2W8EY4J0UOJZR
B0DV49Z7MX,A2W8EY4J0UOJZR
B0DHHK4CDT,A2W8EY4J0UOJZR
B0DXLDMVCK,A2W8EY4J0UOJZR
B0DWMSDV22,A2W8EY4J0UOJZR
B0DWL8GQ26,A2W8EY4J0UOJZR
B0DPZ3Y7HS,A2W8EY4J0UOJZR
B0DTXYDGJX,A2W8EY4J0UOJZR
B0DG5529G2,A2W8EY4J0UOJZR
B0DTJS68KW,A2W8EY4J0UOJZR
B0DFY8F1MB,A2W8EY4J0UOJZR
B0DRZCJZCD,A2W8EY4J0UOJZR
B0DCVJBW13,A2W8EY4J0UOJZR
B0DRYPSJJC,A2W8EY4J0UOJZR
B0DQ5599GM,A2W8EY4J0UOJZR
B0DTDPT6LW,A2W8EY4J0UOJZR
B0DN18FVJM,A2W8EY4J0UOJZR
B0DT7CN5VG,A2W8EY4J0UOJZR
B0DLSXPCSF,A2W8EY4J0UOJZR
B0DT6XHRPS,A2W8EY4J0UOJZR
B0DLGWBBJZ,A2W8EY4J0UOJZR
B0DT42NSFN,A2W8EY4J0UOJZR
B0DK7BN6VN,A2W8EY4J0UOJZR
B0DT1HMNZN,A2W8EY4J0UOJZR
B0DJQYC267,A2W8EY4J0UOJZR
B0DT15D67D,A2W8EY4J0UOJZR
B0DHKR5BTX,A2W8EY4J0UOJZR
B0DSWLCZ2N,A2W8EY4J0UOJZR
B0DFP2LSSD,A2W8EY4J0UOJZR
B0DSTQTZYH,A2W8EY4J0UOJZR
B0DBFGF35J,A2W8EY4J0UOJZR
B0DSC28TBJ,A2W8EY4J0UOJZR
B0D9J575TC,A2W8EY4J0UOJZR
B0DS6WJBSB,A2W8EY4J0UOJZR
B0D967FH4V,A2W8EY4J0UOJZR
B0DS64JN6F,A2W8EY4J0UOJZR
B0D91NKT95,A2W8EY4J0UOJZR
B0DRT923XQ,A2W8EY4J0UOJZR
B0D5M6ZSJB,A2W8EY4J0UOJZR
B0DRG1ZF37,A2W8EY4J0UOJZR
B0D59QYQ3P,A2W8EY4J0UOJZR
B0DRFYZ3P8,A2W8EY4J0UOJZR
B0D2Y14H4G,A2W8EY4J0UOJZR
B0DRBFFQDV,A2W8EY4J0UOJZR
B0D2Q6MTMM,A2W8EY4J0UOJZR
B0DR13JXHG,A2W8EY4J0UOJZR
B0D2DFB3KL,A2W8EY4J0UOJZR
B0DQKFPHWN,A2W8EY4J0UOJZR
B0D1FMXJ67,A2W8EY4J0UOJZR
B0DQ8K2HYL,A2W8EY4J0UOJZR
B0CYZ8C5VW,A2W8EY4J0UOJZR
B0DPTV913R,A2W8EY4J0UOJZR
B0CYWLXMGJ,A2W8EY4J0UOJZR
B0DPCCSB51,A2W8EY4J0UOJZR
B0CYC8XN83,A2W8EY4J0UOJZR
B0DP73XJ7V,A2W8EY4J0UOJZR
B0CV132LMJ,A2W8EY4J0UOJZR
B0DNW2G36W,A2W8EY4J0UOJZR
B0CTGZ17DH,A2W8EY4J0UOJZR
B0DMKZCVPV,A2W8EY4J0UOJZR
B0CSFH91RL,A2W8EY4J0UOJZR
B0DMF93TTF,A2W8EY4J0UOJZR
B0C7KY8ZNS,A2W8EY4J0UOJZR
B0DLKQFBCK,A2W8EY4J0UOJZR
B0C2Z6ZXB3,A2W8EY4J0UOJZR
B0DL9V7F5C,A2W8EY4J0UOJZR
B0C1S7GRZ3,A2W8EY4J0UOJZR
B0DL5NQPXP,A2W8EY4J0UOJZR
B0C14LB78D,A2W8EY4J0UOJZR
B0DKXRZ7H4,A2W8EY4J0UOJZR
B0BXL178FC,A2W8EY4J0UOJZR
B0DKSPBB66,A2W8EY4J0UOJZR
B0BTKC746Q,A2W8EY4J0UOJZR
B0DKJLMFHC,A2W8EY4J0UOJZR
B0BSQPMKHZ,A2W8EY4J0UOJZR
B0DK8VH2C9,A2W8EY4J0UOJZR
B0BLYKCT3M,A2W8EY4J0UOJZR
B0DK4T5QWR,A2W8EY4J0UOJZR
B0CR5VXKZQ,A2W8EY4J0UOJZR
B0CQ4SP1RW,A2W8EY4J0UOJZR
B0DMDNVS7T,A2W8EY4J0UOJZR
B0CNTG8Z1C,A2W8EY4J0UOJZR
B0DM5W53FY,A2W8EY4J0UOJZR
B0CNSSTZ7C,A2W8EY4J0UOJZR
B0DM5BH1V2,A2W8EY4J0UOJZR
B0CNSPQVQK,A2W8EY4J0UOJZR
B0DM13JB9K,A2W8EY4J0UOJZR
B0CMXW3GYG,A2W8EY4J0UOJZR
B0DLSLWP63,A2W8EY4J0UOJZR
B0CFPZVMSZ,A2W8EY4J0UOJZR
B0DLP2J7BL,A2W8EY4J0UOJZR
B0C9GWLXQ6,A2W8EY4J0UOJZR
B0DLN36XTB,A2W8EY4J0UOJZR
B0BB19738R,A2W8EY4J0UOJZR
B0DK2ZKNGB,A2W8EY4J0UOJZR
B0B46F58Q6,A2W8EY4J0UOJZR
B0DJY1NVD2,A2W8EY4J0UOJZR
B0B46DY4KT,A2W8EY4J0UOJZR
B0DJR69GHJ,A2W8EY4J0UOJZR
B0B39GK3LZ,A2W8EY4J0UOJZR
B0DJQS8RFN,A2W8EY4J0UOJZR
B09Q31LDM8,A2W8EY4J0UOJZR
B0DJ2FQ4MW,A2W8EY4J0UOJZR
B09PYYJR49,A2W8EY4J0UOJZR
B09PG6RHSQ,A2W8EY4J0UOJZR
B0DGLCYXRK,A2W8EY4J0UOJZR
B09NGQ98L6,A2W8EY4J0UOJZR
B0DGKWQ4HN,A2W8EY4J0UOJZR
B09NGGPJ5B,A2W8EY4J0UOJZR
B0DGBJV2LR,A2W8EY4J0UOJZR
B09JYLD39K,A2W8EY4J0UOJZR
B0DF7BXQCJ,A2W8EY4J0UOJZR
B09J4CLC47,A2W8EY4J0UOJZR
B0DF75TF8J,A2W8EY4J0UOJZR
B08VDP8BMB,A2W8EY4J0UOJZR
B0DF6SL664,A2W8EY4J0UOJZR
B083S828YF,A2W8EY4J0UOJZR
B0DF1TXBXQ,A2W8EY4J0UOJZR
B0829T1W4C,A2W8EY4J0UOJZR
B0DF1LB47Z,A2W8EY4J0UOJZR
B07VTNKQ12,A2W8EY4J0UOJZR
B0DDX2BSP3,A2W8EY4J0UOJZR
B07VN3387G,A2W8EY4J0UOJZR
B0DDRM5YW5,A2W8EY4J0UOJZR
B00NPCQYMI,A2W8EY4J0UOJZR
B0D9Y6TBS6,A2W8EY4J0UOJZR
B00NPCNRFK,A2W8EY4J0UOJZR
B0D9GW468C,A2W8EY4J0UOJZR
B0D94CMRDR,A2W8EY4J0UOJZR
B0D84DRPT8,A2W8EY4J0UOJZR
B0D83P7W11,A2W8EY4J0UOJZR
B0D829WBML,A2W8EY4J0UOJZR
B0D7KQFGP5,A2W8EY4J0UOJZR
B0D7C3RF32,A2W8EY4J0UOJZR
B0D6LZ8G7K,A2W8EY4J0UOJZR
B0D69SQVLH,A2W8EY4J0UOJZR
B0D5R5W4NM,A2W8EY4J0UOJZR
B0D5LL95WF,A2W8EY4J0UOJZR
B0D4V7NCZW,A2W8EY4J0UOJZR
B0D4CWGLN3,A2W8EY4J0UOJZR
B0D473D9JS,A2W8EY4J0UOJZR
B0D4252Z3R,A2W8EY4J0UOJZR
B0D41345P1,A2W8EY4J0UOJZR
B0D2NGQFQ7,A2W8EY4J0UOJZR
B0D2D4HQ2M,A2W8EY4J0UOJZR
B0D25GF9Y7,A2W8EY4J0UOJZR
B0D1NZR9XG,A2W8EY4J0UOJZR
B0D1KP6S9N,A2W8EY4J0UOJZR
B0D1FRJJZQ,A2W8EY4J0UOJZR
B0CZ6YR1V8,A2W8EY4J0UOJZR
B0CZ3QS7XS,A2W8EY4J0UOJZR
B0CZ3Q8M2K,A2W8EY4J0UOJZR
B0CXT4YSH1,A2W8EY4J0UOJZR
B0CXSJ6V1P,A2W8EY4J0UOJZR
B0CXNCS6J4,A2W8EY4J0UOJZR
B0CXDYH9LL,A2W8EY4J0UOJZR
B0CWL4SYFY,A2W8EY4J0UOJZR
B0CTQSS611,A2W8EY4J0UOJZR
B0CTC38CH9,A2W8EY4J0UOJZR
B0CSW72H16,A2W8EY4J0UOJZR
B0CRZ8CD8P,A2W8EY4J0UOJZR
B0CRDJ4V7B,A2W8EY4J0UOJZR
B0CNGRDLD7,A2W8EY4J0UOJZR
B0CKTQHXPL,A2W8EY4J0UOJZR
B0CK999P27,A2W8EY4J0UOJZR
B0CK2D13JV,A2W8EY4J0UOJZR
B0CJS2CF1F,A2W8EY4J0UOJZR
B0CJ6NLVRG,A2W8EY4J0UOJZR
B0CJ5L6PVD,A2W8EY4J0UOJZR
B0CH8YBLRC,A2W8EY4J0UOJZR
B0CH586FSD,A2W8EY4J0UOJZR
B0CG1W5K2N,A2W8EY4J0UOJZR
B0CFYTDNHD,A2W8EY4J0UOJZR
B0CF96M7PR,A2W8EY4J0UOJZR
B0CDXZC531,A2W8EY4J0UOJZR
B0CCP3RF4V,A2W8EY4J0UOJZR
B0CBPVLD8T,A2W8EY4J0UOJZR
B0CB1CYKTZ,A2W8EY4J0UOJZR
B0C89TTNQ8,A2W8EY4J0UOJZR
B0C6V4ZJK5,A2W8EY4J0UOJZR
B0C6DVVVG7,A2W8EY4J0UOJZR
B0C5VMRXJ7,A2W8EY4J0UOJZR
B0C5NTX4L8,A2W8EY4J0UOJZR
B0C1434ZSX,A2W8EY4J0UOJZR
B0BS6NKBXM,A2W8EY4J0UOJZR
B0BLS4RXBX,A2W8EY4J0UOJZR
B0BJY5655P,A2W8EY4J0UOJZR
B0BFCSW23H,A2W8EY4J0UOJZR
B0977PYTW2,A2W8EY4J0UOJZR
B096K35LZG,A2W8EY4J0UOJZR
B096DW4VLF,A2W8EY4J0UOJZR
B08ZYP1PQP,A2W8EY4J0UOJZR
B08XN2FFYZ,A2W8EY4J0UOJZR
B08NSN1F3H,A2W8EY4J0UOJZR
B08MYCXWZ8,A2W8EY4J0UOJZR
B0844RFCCZ,A2W8EY4J0UOJZR
B082P73CYK,A2W8EY4J0UOJZR
B07VQH1S26,A2W8EY4J0UOJZR
B07SH2BBZ7,A2W8EY4J0UOJZR
B01NCU8BM4,A2W8EY4J0UOJZR
B01MYDWX2C,A2W8EY4J0UOJZR
B00EMI0Q96,A2W8EY4J0UOJZR
B002WWDLW8,A2W8EY4J0UOJZR
B002R2VZVW,A2W8EY4J0UOJZR
B002IV6COC,A2W8EY4J0UOJZR
B00208HSXM,A2W8EY4J0UOJZR
1737309076,A2W8EY4J0UOJZR
B0BDDBM9Z3,A2W8EY4J0UOJZR
B0B4JRL3WP,A2W8EY4J0UOJZR
B0B3HSSX7P,A2W8EY4J0UOJZR
B0B1ZTVP7Y,A2W8EY4J0UOJZR
B09XCJN61F,A2W8EY4J0UOJZR
B09WSH42JP,A2W8EY4J0UOJZR
B09WN1W4QC,A2W8EY4J0UOJZR
B09VP62MYB,A2W8EY4J0UOJZR
B09TK2JW3B,A2W8EY4J0UOJZR
B09SGWMPB2,A2W8EY4J0UOJZR
B09RZN15HB,A2W8EY4J0UOJZR
B09RKF9KT6,A2W8EY4J0UOJZR
B09QPY4STY,A2W8EY4J0UOJZR
B09QC4RLDP,A2W8EY4J0UOJZR
B09PTCRRND,A2W8EY4J0UOJZR
B09L7FD379,A2W8EY4J0UOJZR
B07TKKH9SL,A2W8EY4J0UOJZR
B0DDC2NXH3,A2W8EY4J0UOJZR
B07SBZR495,A2W8EY4J0UOJZR
B0DD37R47L,A2W8EY4J0UOJZR
B07N68HXNP,A2W8EY4J0UOJZR
B0DCSM17NM,A2W8EY4J0UOJZR
B07FVQ6M5K,A2W8EY4J0UOJZR
B0DCQD9GD6,A2W8EY4J0UOJZR
B079SWPYY7,A2W8EY4J0UOJZR
B0DCG2993K,A2W8EY4J0UOJZR
B077YLJMZ7,A2W8EY4J0UOJZR
B0DBTXGHMB,A2W8EY4J0UOJZR
B01GF3S2QO,A2W8EY4J0UOJZR
B0DBDMZS93,A2W8EY4J0UOJZR
B01BO84VNI,A2W8EY4J0UOJZR
B0D9YCXSZH,A2W8EY4J0UOJZR
B0DV1PRN67,A2W8EY4J0UOJZR
B0D9RL8SSY,A2W8EY4J0UOJZR
B0DTP7WYXR,A2W8EY4J0UOJZR
B0D9BRXZ5G,A2W8EY4J0UOJZR
B0DSLNLLFK,A2W8EY4J0UOJZR
B0D99XYLRB,A2W8EY4J0UOJZR
B0DSKJX2YB,A2W8EY4J0UOJZR
B0D73GCYMQ,A2W8EY4J0UOJZR
B0DSH8VBHZ,A2W8EY4J0UOJZR
B0D6BYR6N4,A2W8EY4J0UOJZR
B0DS6HGH5G,A2W8EY4J0UOJZR
B0D5S5L6DH,A2W8EY4J0UOJZR
B0DS1YD9B7,A2W8EY4J0UOJZR
B0D2HKQ1ZH,A2W8EY4J0UOJZR
B0DRVP1WVL,A2W8EY4J0UOJZR
B0D1KD3JRT,A2W8EY4J0UOJZR
B0DQ3YXWDB,A2W8EY4J0UOJZR
B0CB64H4T1,A2W8EY4J0UOJZR
B0DPKL23TC,A2W8EY4J0UOJZR
B0C8H9N3N6,A2W8EY4J0UOJZR
B0DPKGKVHX,A2W8EY4J0UOJZR
B0C6HRX1R4,A2W8EY4J0UOJZR
B0DPKBC4KS,A2W8EY4J0UOJZR
B0C22NDGBN,A2W8EY4J0UOJZR
B0DP9NZSKY,A2W8EY4J0UOJZR
B0BWDKFCPF,A2W8EY4J0UOJZR
B0DP8DV6DG,A2W8EY4J0UOJZR
B0BVLHPVT5,A2W8EY4J0UOJZR
B0DNSYP6PX,A2W8EY4J0UOJZR
B0BNFZSM2F,A2W8EY4J0UOJZR
B0DMWBD4FL,A2W8EY4J0UOJZR
B0BLYK9V16,A2W8EY4J0UOJZR
B0DMNHBD1T,A2W8EY4J0UOJZR
B0BG9C7CT3,A2W8EY4J0UOJZR
B0DM5FS64F,A2W8EY4J0UOJZR
B0B48X72CX,A2W8EY4J0UOJZR
B0DL5Q3C5J,A2W8EY4J0UOJZR
B0B1M7QN51,A2W8EY4J0UOJZR
B0DKNYPKVY,A2W8EY4J0UOJZR
B09WCTVV69,A2W8EY4J0UOJZR
B0DKD2PF7N,A2W8EY4J0UOJZR
B09W29CQSF,A2W8EY4J0UOJZR
B0DK973ZGB,A2W8EY4J0UOJZR
B09PSYWSKB,A2W8EY4J0UOJZR
B0DK7JHHJ6,A2W8EY4J0UOJZR
B09PKS9XWW,A2W8EY4J0UOJZR
B0DK51W9SL,A2W8EY4J0UOJZR
B09G9DBHYG,A2W8EY4J0UOJZR
B0DRVFMXYH,A2W8EY4J0UOJZR
B0CZ965V6J,A2W8EY4J0UOJZR
B0DRMNY4C7,A2W8EY4J0UOJZR
B0CZ6RWBPM,A2W8EY4J0UOJZR
B0DR2RD55F,A2W8EY4J0UOJZR
B0CTH614GD,A2W8EY4J0UOJZR
B0DR2CFT92,A2W8EY4J0UOJZR
B0CQH1VQ7F,A2W8EY4J0UOJZR
B0DQVKLNJ4,A2W8EY4J0UOJZR
B0CP8VC33H,A2W8EY4J0UOJZR
B0DQTRGB3Q,A2W8EY4J0UOJZR
B0CN4183X7,A2W8EY4J0UOJZR
B0DQKC9GF9,A2W8EY4J0UOJZR
B0CGL6MHL7,A2W8EY4J0UOJZR
B0DQGZRM5L,A2W8EY4J0UOJZR
B0CDZZ6KC9,A2W8EY4J0UOJZR
B0DK2YK7LT,A2W8EY4J0UOJZR
B098JJ5H8N,A2W8EY4J0UOJZR
B0DK2X31VD,A2W8EY4J0UOJZR
B0981VSMM8,A2W8EY4J0UOJZR
B0DJHJTDM4,A2W8EY4J0UOJZR
B08CR9JF1W,A2W8EY4J0UOJZR
B0DJ7W53S7,A2W8EY4J0UOJZR
B08B7QJTX8,A2W8EY4J0UOJZR
B0DJ7BR41R,A2W8EY4J0UOJZR
B083MYV1VH,A2W8EY4J0UOJZR
B0DJ242PVS,A2W8EY4J0UOJZR
B07YJMNYCD,A2W8EY4J0UOJZR
B0DHZN3B31,A2W8EY4J0UOJZR
B07CWC3SYW,A2W8EY4J0UOJZR
B0DHZFGK64,A2W8EY4J0UOJZR
B0742J569G,A2W8EY4J0UOJZR
B0DHVHV9VR,A2W8EY4J0UOJZR
B00ZYTWGI6,A2W8EY4J0UOJZR
B0DHV8BM9S,A2W8EY4J0UOJZR
B0DHTX1SHD,A2W8EY4J0UOJZR
B0DHN9TBWF,A2W8EY4J0UOJZR
B0DHG2K727,A2W8EY4J0UOJZR
B0DGTGG26M,A2W8EY4J0UOJZR
B0DGD1R57Z,A2W8EY4J0UOJZR
B0DG5HSJQ2,A2W8EY4J0UOJZR
B0DFXS2HBS,A2W8EY4J0UOJZR
B0DFWP6FHD,A2W8EY4J0UOJZR
B0DFQ1ZDTN,A2W8EY4J0UOJZR
B0DFPH2BXC,A2W8EY4J0UOJZR
B0DFM1YXCF,A2W8EY4J0UOJZR
B0DFHBXTJK,A2W8EY4J0UOJZR
B0DFC9QDCT,A2W8EY4J0UOJZR
B0DF5LNDZX,A2W8EY4J0UOJZR
B0DD2SCSQX,A2W8EY4J0UOJZR
B0DCRNS1G8,A2W8EY4J0UOJZR
B0DCJRGK6G,A2W8EY4J0UOJZR
B0DBQG8RWR,A2W8EY4J0UOJZR
B0DBQ4J68S,A2W8EY4J0UOJZR
B0DBH9GGHW,A2W8EY4J0UOJZR
B0DBC4C61C,A2W8EY4J0UOJZR
B0DB7S6RYD,A2W8EY4J0UOJZR
B0DB7NCMKK,A2W8EY4J0UOJZR
B0D9S9ZS7J,A2W8EY4J0UOJZR
B0D9NR7CJT,A2W8EY4J0UOJZR
B0D9GTPSGR,A2W8EY4J0UOJZR
B0D9BGRBWB,A2W8EY4J0UOJZR
B0D95YB1ZM,A2W8EY4J0UOJZR
B0D93L72YG,A2W8EY4J0UOJZR
B0D8T36MT2,A2W8EY4J0UOJZR
B0D7Q5843L,A2W8EY4J0UOJZR
B0D6YJJ44X,A2W8EY4J0UOJZR
B0D6WJNFPN,A2W8EY4J0UOJZR
B0D69PNC2W,A2W8EY4J0UOJZR
B0D5YCW92G,A2W8EY4J0UOJZR
B0D59JJ6VX,A2W8EY4J0UOJZR
B0D4LR9C2H,A2W8EY4J0UOJZR
B0D498V9MN,A2W8EY4J0UOJZR
B0D495GZD3,A2W8EY4J0UOJZR
B0D47FGPKL,A2W8EY4J0UOJZR
B0D3PJ9S92,A2W8EY4J0UOJZR
B0D3HLJWF3,A2W8EY4J0UOJZR
B0D3C245L7,A2W8EY4J0UOJZR
B0D2T84Z6S,A2W8EY4J0UOJZR
B0D2L1WQYJ,A2W8EY4J0UOJZR
B0D27V7SP6,A2W8EY4J0UOJZR
B0D1R4ZVC6,A2W8EY4J0UOJZR
B0CZS1H6NZ,A2W8EY4J0UOJZR
B0CZRYCNGT,A2W8EY4J0UOJZR
B0CZRXPY43,A2W8EY4J0UOJZR
B0CZP3Y7XD,A2W8EY4J0UOJZR
B0CZ5C43ZH,A2W8EY4J0UOJZR
B0CXS71WQ2,A2W8EY4J0UOJZR
B0CXJ68QK5,A2W8EY4J0UOJZR
B0CXHSKZ8H,A2W8EY4J0UOJZR
B0CXHN5DYM,A2W8EY4J0UOJZR
B0CT97XXZH,A2W8EY4J0UOJZR
B0CRVSWH4L,A2W8EY4J0UOJZR
B0CQY9V1Y9,A2W8EY4J0UOJZR
B0CQV1XDLF,A2W8EY4J0UOJZR
B0CQLTZRWP,A2W8EY4J0UOJZR
B0CQ6QM9KC,A2W8EY4J0UOJZR
B0CNTCNN4F,A2W8EY4J0UOJZR
B0CN6YWQLY,A2W8EY4J0UOJZR
B0CLZG6YLM,A2W8EY4J0UOJZR
B0CL92ZRZJ,A2W8EY4J0UOJZR
B0CKW4H43Y,A2W8EY4J0UOJZR
B0CGXH25K9,A2W8EY4J0UOJZR
B0CDCM88HF,A2W8EY4J0UOJZR
B0CD9X9P6C,A2W8EY4J0UOJZR
B0CCQH4HJH,A2W8EY4J0UOJZR
B0CC55R8WB,A2W8EY4J0UOJZR
B0C8W3CGPK,A2W8EY4J0UOJZR
B0C8FFVPX7,A2W8EY4J0UOJZR
B0C7QMZ83Z,A2W8EY4J0UOJZR
B0C7GTVVJ3,A2W8EY4J0UOJZR
B0C5T9ZZ54,A2W8EY4J0UOJZR
B0C1RKW759,A2W8EY4J0UOJZR
B0BW1TWRL6,A2W8EY4J0UOJZR
B0BS6GJ7WH,A2W8EY4J0UOJZR
B0BQTTRS76,A2W8EY4J0UOJZR
B0BG4CS62D,A2W8EY4J0UOJZR
B0B15L4CW1,A2W8EY4J0UOJZR
B09WZK7XJS,A2W8EY4J0UOJZR
B09WHS1QGC,A2W8EY4J0UOJZR
B09NXDLJ2C,A2W8EY4J0UOJZR
B09N3F7PQD,A2W8EY4J0UOJZR
B09CN8MS8L,A2W8EY4J0UOJZR
B09BD8F6RS,A2W8EY4J0UOJZR
B097NWCRX3,A2W8EY4J0UOJZR
B0931VZZV2,A2W8EY4J0UOJZR
B08TVFD1J8,A2W8EY4J0UOJZR
B08MZTGD1S,A2W8EY4J0UOJZR
B08KXZ884T,A2W8EY4J0UOJZR
B07HCT8BPL,A2W8EY4J0UOJZR
B07D2WV8DX,A2W8EY4J0UOJZR
B07CYMH6ZV,A2W8EY4J0UOJZR
B073SGP52Y,A2W8EY4J0UOJZR
B00DT1DAJ0,A2W8EY4J0UOJZR
B000NJ56IO,A2W8EY4J0UOJZR
B0BP2LGN9L,A2W8EY4J0UOJZR
B0DNMRSWTM,A2W8EY4J0UOJZR
B0DMW52TC1,A2W8EY4J0UOJZR
B0DHZ1G5C2,A2W8EY4J0UOJZR
B0CN6PMQWY,A2W8EY4J0UOJZR
B0DH22P57H,A2W8EY4J0UOJZR
B0D9RGG3VJ,A2W8EY4J0UOJZR
B0DGSM3YTK,A2W8EY4J0UOJZR
B0D8GX27ZF,A2W8EY4J0UOJZR
B0DGJCJX54,A2W8EY4J0UOJZR
B0DK58WDDZ,A2W8EY4J0UOJZR
B0DT5MV3JG,A2W8EY4J0UOJZR
B0DK38F1F5,A2W8EY4J0UOJZR
B0DSVTHGVB,A2W8EY4J0UOJZR
B0DJR11VVB,A2W8EY4J0UOJZR
B0DSHVYK24,A2W8EY4J0UOJZR
B0DJKR7BK7,A2W8EY4J0UOJZR
B0DT8MD449,A2W8EY4J0UOJZR
B0DSCZT3LZ,A2W8EY4J0UOJZR
B0DKCYXF78,A2W8EY4J0UOJZR
B0DSC2J8F4,A2W8EY4J0UOJZR
B0DJ2H7YXV,A2W8EY4J0UOJZR
B0DS8PJDKL,A2W8EY4J0UOJZR
B0DDC2JNBM,A2W8EY4J0UOJZR
B0DS27Y2QK,A2W8EY4J0UOJZR
B0D9VS9F8G,A2W8EY4J0UOJZR
B0CWHDJPK4,A2W8EY4J0UOJZR
B0DPL34ZZN,A2W8EY4J0UOJZR
B0BTNZRJLS,A2W8EY4J0UOJZR
B0DP66NJ2Z,A2W8EY4J0UOJZR
B00INZ65B2,A2W8EY4J0UOJZR
B0DQT1RS8T,A2W8EY4J0UOJZR
B0DQQCZNH4,A2W8EY4J0UOJZR
B0CD7FSKHT,A2W8EY4J0UOJZR
B0DQNMGS4H,A2W8EY4J0UOJZR
B0BNQD97PG,A2W8EY4J0UOJZR
B0DQDMZHDX,A2W8EY4J0UOJZR
B0DZHJTSQV,A2W8EY4J0UOJZR
B0DP8F1LMQ,A2W8EY4J0UOJZR
B0DY814KK3,A2W8EY4J0UOJZR
B0DNSZSF4T,A2W8EY4J0UOJZR
B0BS2F15P7,A2W8EY4J0UOJZR
B0DPYRGTT4,A2W8EY4J0UOJZR
B0DYX4SXJ6,A2W8EY4J0UOJZR
B0DNMGVN53,A2W8EY4J0UOJZR
B0DY7X13CM,A2W8EY4J0UOJZR
B0DMKM8SJ3,A2W8EY4J0UOJZR
B0D2LCNK39,A2W8EY4J0UOJZR
B0DQSZ185G,A2W8EY4J0UOJZR
B0CT3Q483W,A2W8EY4J0UOJZR
B0DPW78SHJ,A2W8EY4J0UOJZR
B01N9741TS,A2W8EY4J0UOJZR
B0DP6MLYB7,A2W8EY4J0UOJZR
B0F18TWDBG,A2W8EY4J0UOJZR
B0DRGC4YT6,A2W8EY4J0UOJZR
B0BMFMB8HS,A2W8EY4J0UOJZR
B0DQ7MNWYD,A2W8EY4J0UOJZR
B0DZCTKGSS,A2W8EY4J0UOJZR
B0DPV7XBHR,A2W8EY4J0UOJZR
B0DYYSPSFJ,A2W8EY4J0UOJZR
B0DNMBY21W,A2W8EY4J0UOJZR
B0DYDMX9LZ,A2W8EY4J0UOJZR
B0DJDJ6LXB,A2W8EY4J0UOJZR
B0DXF8L42G,A2W8EY4J0UOJZR
B0DHNVB6JD,A2W8EY4J0UOJZR
B0DSZGQJ8Z,A2W8EY4J0UOJZR
B0DG56LDC2,A2W8EY4J0UOJZR
B0DSTTHPN5,A2W8EY4J0UOJZR
B0DFM81BQP,A2W8EY4J0UOJZR
B0DSL3R4K4,A2W8EY4J0UOJZR
B0DSGVDTK1,A2W8EY4J0UOJZR
B0DG5RHBZW,A2W8EY4J0UOJZR
B0DS1RLWJH,A2W8EY4J0UOJZR
B0DDKBN641,A2W8EY4J0UOJZR
B0DRJMFPW9,A2W8EY4J0UOJZR
B0DB5VWY7Y,A2W8EY4J0UOJZR
B0DR7G2WYJ,A2W8EY4J0UOJZR
B0D83X7DJZ,A2W8EY4J0UOJZR
B0DQYBNY7Z,A2W8EY4J0UOJZR
B0D7PSDV85,A2W8EY4J0UOJZR
B0DG5PHXTD,A2W8EY4J0UOJZR
B0DBLQDNGH,A2W8EY4J0UOJZR
B0DWTD7S7F,A2W8EY4J0UOJZR
B0D9PWJFDJ,A2W8EY4J0UOJZR
B0DVR8T8DZ,A2W8EY4J0UOJZR
B0D9P1HGCT,A2W8EY4J0UOJZR
B0DTH8YQGB,A2W8EY4J0UOJZR
B0D8FDC432,A2W8EY4J0UOJZR
B0DTG9QS59,A2W8EY4J0UOJZR
B0D7VWC4LD,A2W8EY4J0UOJZR
B0DTHJPDPD,A2W8EY4J0UOJZR
B0DTDQHY13,A2W8EY4J0UOJZR
B0DJM36F9M,A2W8EY4J0UOJZR
B0DT9LJBZY,A2W8EY4J0UOJZR
B0DDWVNC23,A2W8EY4J0UOJZR
B0DT5W823V,A2W8EY4J0UOJZR
B0DSMT38PF,A2W8EY4J0UOJZR
B0DSCDBWW6,A2W8EY4J0UOJZR
B0DS8KCY7J,A2W8EY4J0UOJZR
B0DJ2LW7BD,A2W8EY4J0UOJZR
B0DS1TCKN3,A2W8EY4J0UOJZR
B0DJ28Z2G2,A2W8EY4J0UOJZR
B0DRPBXTDT,A2W8EY4J0UOJZR
B0DFQFS7K5,A2W8EY4J0UOJZR
B0DKDYY1KF,A2W8EY4J0UOJZR
B0DJNW21W7,A2W8EY4J0UOJZR
B0DSJJJN89,A2W8EY4J0UOJZR
B0DJ4JS5R3,A2W8EY4J0UOJZR
B0DSFBH93K,A2W8EY4J0UOJZR
B0DCC8XGTX,A2W8EY4J0UOJZR
B0DRS5J2Y5,A2W8EY4J0UOJZR
B0D62L24CR,A2W8EY4J0UOJZR
B07L44PRNX,A2W8EY4J0UOJZR
B0F1H1RVYQ,A2W8EY4J0UOJZR
B0DLK5TTQC,A2W8EY4J0UOJZR
B0DZJ2PK93,A2W8EY4J0UOJZR
B0DJFVGZZ4,A2W8EY4J0UOJZR
B0DYDHCN8J,A2W8EY4J0UOJZR
B0DHWKXHHF,A2W8EY4J0UOJZR
B0DY737CRB,A2W8EY4J0UOJZR
B0DLNTNSCF,A2W8EY4J0UOJZR
B0DLKQDS95,A2W8EY4J0UOJZR
B0DZCXNK2Z,A2W8EY4J0UOJZR
B0DK572SRV,A2W8EY4J0UOJZR
B0DYXPK31K,A2W8EY4J0UOJZR
B0DHPQS1J9,A2W8EY4J0UOJZR
B0DY1JXG8R,A2W8EY4J0UOJZR
B0DF4MH6TD,A2W8EY4J0UOJZR
B0BMTLB3JG,A2W8EY4J0UOJZR
B0DPJTSNFX,A2W8EY4J0UOJZR
B01A73IQWS,A2W8EY4J0UOJZR
B0DNZFFVZ2,A2W8EY4J0UOJZR
B0DZNGXPGW,A2W8EY4J0UOJZR
B0DPM7X2XM,A2W8EY4J0UOJZR
B0F1F1SYPN,A2W8EY4J0UOJZR
B0DMSZFMC3,A2W8EY4J0UOJZR
B0DYT12M6R,A2W8EY4J0UOJZR
B0DL43FXP5,A2W8EY4J0UOJZR
B0DTK24LLK,A2W8EY4J0UOJZR
B0DKHVWMNP,A2W8EY4J0UOJZR
B0DT9HPY3W,A2W8EY4J0UOJZR
B0DKDZGM2Q,A2W8EY4J0UOJZR
B0DSZZ2JQ2,A2W8EY4J0UOJZR
B0DJLNXN6B,A2W8EY4J0UOJZR
B0DW1R5XH3,A2W8EY4J0UOJZR
B0DK5CGJ8S,A2W8EY4J0UOJZR
B0DV5XSVK6,A2W8EY4J0UOJZR
B0DJ6QMW4S,A2W8EY4J0UOJZR
B0DTKVR9TT,A2W8EY4J0UOJZR
B0DGQ5WN1P,A2W8EY4J0UOJZR
B0DT6RNQH5,A2W8EY4J0UOJZR
B0DGG81KY3,A2W8EY4J0UOJZR
B0DSBXQJLW,A2W8EY4J0UOJZR
B0DB5DQ3WP,A2W8EY4J0UOJZR
B0DS4HJTPH,A2W8EY4J0UOJZR
B0D9R43TBQ,A2W8EY4J0UOJZR
B0DS1W3T1Z,A2W8EY4J0UOJZR
B0D7XPV4Z7,A2W8EY4J0UOJZR
B0DRZWXJ3K,A2W8EY4J0UOJZR
B0D4DWM36C,A2W8EY4J0UOJZR
B0DP2CTTNP,A2W8EY4J0UOJZR
B0CR5DB73S,A2W8EY4J0UOJZR
B0DNZ412Z1,A2W8EY4J0UOJZR
B0CR2YM4M1,A2W8EY4J0UOJZR
B0DNPZSD41,A2W8EY4J0UOJZR
B0CPBKP3DM,A2W8EY4J0UOJZR
B0DNPDD4N4,A2W8EY4J0UOJZR
B0CP1PG9KR,A2W8EY4J0UOJZR
B0CNRM75JB,A2W8EY4J0UOJZR
B0DN18GTTQ,A2W8EY4J0UOJZR
B0CNH84JWV,A2W8EY4J0UOJZR
B0DMF3PBS4,A2W8EY4J0UOJZR
B0CN32LQ8K,A2W8EY4J0UOJZR
B0DM7N3PJR,A2W8EY4J0UOJZR
B0CHYH5W2P,A2W8EY4J0UOJZR
B0DLKB5GVQ,A2W8EY4J0UOJZR
B0CBTFM886,A2W8EY4J0UOJZR
B0DLH93Q4F,A2W8EY4J0UOJZR
B0CBMX77MS,A2W8EY4J0UOJZR
B0DKHMP559,A2W8EY4J0UOJZR
B0C96JGJ7G,A2W8EY4J0UOJZR
B0DK8MWR5K,A2W8EY4J0UOJZR
B0C7VJG384,A2W8EY4J0UOJZR
B0DK7DFCC4,A2W8EY4J0UOJZR
B0C5R4YLL2,A2W8EY4J0UOJZR
B0DJS7Y2YN,A2W8EY4J0UOJZR
B0C5GRB4B7,A2W8EY4J0UOJZR
B0DHVMQP79,A2W8EY4J0UOJZR
B0C3V5419N,A2W8EY4J0UOJZR
B0DHPGBFB8,A2W8EY4J0UOJZR
B0BZ36PZSK,A2W8EY4J0UOJZR
B0DHKXFG3H,A2W8EY4J0UOJZR
B0BYLYGDQF,A2W8EY4J0UOJZR
B0DHBTDZ6W,A2W8EY4J0UOJZR
B0BWJJQ16N,A2W8EY4J0UOJZR
B0DH2Q9C2M,A2W8EY4J0UOJZR
B0BWF9WR1F,A2W8EY4J0UOJZR
B0DH27C4HG,A2W8EY4J0UOJZR
B0BW3GD93L,A2W8EY4J0UOJZR
B0DGWXJT8T,A2W8EY4J0UOJZR
B0BV23K39C,A2W8EY4J0UOJZR
B0DGPDW4KM,A2W8EY4J0UOJZR
B0BTM947FK,A2W8EY4J0UOJZR
B0DGL7JS6N,A2W8EY4J0UOJZR
B0BRQBF77G,A2W8EY4J0UOJZR
B0DGF166LG,A2W8EY4J0UOJZR
B0BHT3GGYR,A2W8EY4J0UOJZR
B0DFYM64C2,A2W8EY4J0UOJZR
B0BD95P4PT,A2W8EY4J0UOJZR
B0DFH3HM5X,A2W8EY4J0UOJZR
B0B6J2P5TF,A2W8EY4J0UOJZR
B0DDTM6D9G,A2W8EY4J0UOJZR
B09WLMBSKR,A2W8EY4J0UOJZR
B0DDPSGGJR,A2W8EY4J0UOJZR
B09VG8BLWX,A2W8EY4J0UOJZR
B0DDC8P98V,A2W8EY4J0UOJZR
B09TKZ14NL,A2W8EY4J0UOJZR
B0DD73GHFP,A2W8EY4J0UOJZR
B09P9WB4K4,A2W8EY4J0UOJZR
B0DD6B4C2R,A2W8EY4J0UOJZR
B09NY9N2CK,A2W8EY4J0UOJZR
B0DCH7ZNQP,A2W8EY4J0UOJZR
B09MW6NFV4,A2W8EY4J0UOJZR
B0DRWT7CHG,A2W8EY4J0UOJZR
B0D41SSZCD,A2W8EY4J0UOJZR
B0DR88YR1T,A2W8EY4J0UOJZR
B0D3PVVBJB,A2W8EY4J0UOJZR
B0DQWL6CD6,A2W8EY4J0UOJZR
B0D383FF7N,A2W8EY4J0UOJZR
B0DQ3XJNS6,A2W8EY4J0UOJZR
B0D2BBPKSX,A2W8EY4J0UOJZR
B0DPYVMLPQ,A2W8EY4J0UOJZR
B0CYBNK1Q8,A2W8EY4J0UOJZR
B0DPKVS5F5,A2W8EY4J0UOJZR
B0CY16DY9Y,A2W8EY4J0UOJZR
B0DPH7ZZFQ,A2W8EY4J0UOJZR
B0CS92CW39,A2W8EY4J0UOJZR
B0DP9DCN1Q,A2W8EY4J0UOJZR
B0CR5MR3JC,A2W8EY4J0UOJZR
B0DC5GB5VB,A2W8EY4J0UOJZR
B09KMMDRX5,A2W8EY4J0UOJZR
B0DC4DRJSX,A2W8EY4J0UOJZR
B08R3F7G5B,A2W8EY4J0UOJZR
B0DBZBHBGD,A2W8EY4J0UOJZR
B08QHVXWXY,A2W8EY4J0UOJZR
B0D9Y7859Q,A2W8EY4J0UOJZR
B08CX84FW4,A2W8EY4J0UOJZR
B0D9W2XDS3,A2W8EY4J0UOJZR
B0872GF495,A2W8EY4J0UOJZR
B0D97P8K8M,A2W8EY4J0UOJZR
B083DRTY86,A2W8EY4J0UOJZR
B0D96LPYDK,A2W8EY4J0UOJZR
B07JC57Y4G,A2W8EY4J0UOJZR
B0D95WB2YJ,A2W8EY4J0UOJZR
B07B8HVL43,A2W8EY4J0UOJZR
B0D41NZ2ZG,A2W8EY4J0UOJZR
B0D3HRMP6W,A2W8EY4J0UOJZR
B0D2XQ4NY6,A2W8EY4J0UOJZR
B0D2R6SDLH,A2W8EY4J0UOJZR
B0D2D1WW5F,A2W8EY4J0UOJZR
B0CZJFFRWH,A2W8EY4J0UOJZR
B0CZ3MJX75,A2W8EY4J0UOJZR
B0CYH1YKNF,A2W8EY4J0UOJZR
B0CXXXPVKJ,A2W8EY4J0UOJZR
B0CXLJ31DX,A2W8EY4J0UOJZR
B0CXJ3TCDV,A2W8EY4J0UOJZR
B0CXDLFXMD,A2W8EY4J0UOJZR
B0CXDBR5V8,A2W8EY4J0UOJZR
B0CWGSF78F,A2W8EY4J0UOJZR
B0CTXKF389,A2W8EY4J0UOJZR
B0CTMH5TD9,A2W8EY4J0UOJZR
B0D8WMPJB3,A2W8EY4J0UOJZR
B01IL1HVMY,A2W8EY4J0UOJZR
B0D8WCLJPS,A2W8EY4J0UOJZR
B01FUPCUC0,A2W8EY4J0UOJZR
B0D8SBKG66,A2W8EY4J0UOJZR
B00P7S41S2,A2W8EY4J0UOJZR
B0D87792BH,A2W8EY4J0UOJZR
B0D7RM2R5F,A2W8EY4J0UOJZR
B0D7DRSLKS,A2W8EY4J0UOJZR
B0D6Z7TBNG,A2W8EY4J0UOJZR
B0D6QY9DM8,A2W8EY4J0UOJZR
B0D6P8N2BW,A2W8EY4J0UOJZR
B0D6C1YRJ7,A2W8EY4J0UOJZR
B0D66RSXST,A2W8EY4J0UOJZR
B0D4M3JKVX,A2W8EY4J0UOJZR
B0D4LTVB47,A2W8EY4J0UOJZR
B0CSK9YTL2,A2W8EY4J0UOJZR
B0CRWGWK4W,A2W8EY4J0UOJZR
B0CRD6RMBS,A2W8EY4J0UOJZR
B0CPSB81LT,A2W8EY4J0UOJZR
B0CLQXQ8HP,A2W8EY4J0UOJZR
B0CL71QQPK,A2W8EY4J0UOJZR
B0CKQYJPR6,A2W8EY4J0UOJZR
B0CJR5925G,A2W8EY4J0UOJZR
B0CJ93G5BH,A2W8EY4J0UOJZR
B0CHW1MFG4,A2W8EY4J0UOJZR
B0CHMPX5ST,A2W8EY4J0UOJZR
B0CHB3WJ5F,A2W8EY4J0UOJZR
B0CH9PR434,A2W8EY4J0UOJZR
B0CFPX1Y2Z,A2W8EY4J0UOJZR
B0CDPW9N8G,A2W8EY4J0UOJZR
B0CDGK45RC,A2W8EY4J0UOJZR
B0CCS5CC4J,A2W8EY4J0UOJZR
B0CC2NGJKG,A2W8EY4J0UOJZR
B0C7LCJ53Q,A2W8EY4J0UOJZR
B0C5Z54LM7,A2W8EY4J0UOJZR
B0C2YJ26PS,A2W8EY4J0UOJZR
B0C2KGM91G,A2W8EY4J0UOJZR
B0BWNYGB4T,A2W8EY4J0UOJZR
B0BPLVYP8V,A2W8EY4J0UOJZR
B0B91B9VH7,A2W8EY4J0UOJZR
B0B4SCFM2H,A2W8EY4J0UOJZR
B09XDWQVWF,A2W8EY4J0UOJZR
B09WJNT8MV,A2W8EY4J0UOJZR
B09VBC827W,A2W8EY4J0UOJZR
B09P3V29LV,A2W8EY4J0UOJZR
B09B1QQFK3,A2W8EY4J0UOJZR
B097BQG34Q,A2W8EY4J0UOJZR
B092W74BT7,A2W8EY4J0UOJZR
B092FWQKWF,A2W8EY4J0UOJZR
B08Q6SWJKW,A2W8EY4J0UOJZR
B08C6CFTSC,A2W8EY4J0UOJZR
B0874XD83P,A2W8EY4J0UOJZR
B083QRHLV9,A2W8EY4J0UOJZR
B07YX7YHX1,A2W8EY4J0UOJZR
B07SGDMC9H,A2W8EY4J0UOJZR
B07Q3X7QDP,A2W8EY4J0UOJZR
B07KKNFLCT,A2W8EY4J0UOJZR
B07DLF2LJB,A2W8EY4J0UOJZR
B076CQLCDS,A2W8EY4J0UOJZR
B072JHLFF3,A2W8EY4J0UOJZR
B00TE3E42O,A2W8EY4J0UOJZR
B00GRHOCVS,A2W8EY4J0UOJZR
B00F96KZGY,A2W8EY4J0UOJZR
B0DT6MMBFY,A2W8EY4J0UOJZR
B0D9H3CT55,A2W8EY4J0UOJZR
B0DT5RJT14,A2W8EY4J0UOJZR
B0D95KZLNP,A2W8EY4J0UOJZR
B0DS5XY7TT,A2W8EY4J0UOJZR
B0D924H616,A2W8EY4J0UOJZR
B0DRVY56WL,A2W8EY4J0UOJZR
B0D8764W1H,A2W8EY4J0UOJZR
B0DRN7V98B,A2W8EY4J0UOJZR
B0D7M48Q98,A2W8EY4J0UOJZR
B0DR7SRJDH,A2W8EY4J0UOJZR
B0D5MV89LT,A2W8EY4J0UOJZR
B0DQSPSMW1,A2W8EY4J0UOJZR
B0CZHND8HD,A2W8EY4J0UOJZR
B0DQNMGM39,A2W8EY4J0UOJZR
B0CXJ6KH5Y,A2W8EY4J0UOJZR
B00EQ461G8,A2W8EY4J0UOJZR
B00DH4903E,A2W8EY4J0UOJZR
B0DQH87D3K,A2W8EY4J0UOJZR
B0CXHP6F52,A2W8EY4J0UOJZR
B0DQDQQJ46,A2W8EY4J0UOJZR
B0CWLDY3TC,A2W8EY4J0UOJZR
B0DQ5PH3PR,A2W8EY4J0UOJZR
B0CQTCK5KC,A2W8EY4J0UOJZR
B0DQ4QLXM3,A2W8EY4J0UOJZR
B0CQRVKJ13,A2W8EY4J0UOJZR
B0DPZQWCGC,A2W8EY4J0UOJZR
B0CPYNMTMP,A2W8EY4J0UOJZR
B0DPWSVBQQ,A2W8EY4J0UOJZR
B0CNM82ZMS,A2W8EY4J0UOJZR
B0DPN8ZBR4,A2W8EY4J0UOJZR
B0CKTN816B,A2W8EY4J0UOJZR
B0DPL9D7CM,A2W8EY4J0UOJZR
B0CJ292WTL,A2W8EY4J0UOJZR
B0DPKV56Y6,A2W8EY4J0UOJZR
B0CHB642K6,A2W8EY4J0UOJZR
B0DPKLQWC3,A2W8EY4J0UOJZR
B0CDRMHZKR,A2W8EY4J0UOJZR
B0DPKB6FRT,A2W8EY4J0UOJZR
B0CDNYHD7Z,A2W8EY4J0UOJZR
B0DPFWJ39Y,A2W8EY4J0UOJZR
B0CDGW4YHR,A2W8EY4J0UOJZR
B0DP73PS6S,A2W8EY4J0UOJZR
B0CBXM5NM1,A2W8EY4J0UOJZR
B0DNZ23VQJ,A2W8EY4J0UOJZR
B0C85P8LHY,A2W8EY4J0UOJZR
B0DNZ16HJM,A2W8EY4J0UOJZR
B0C59RGJBN,A2W8EY4J0UOJZR
B0DNSDZXD6,A2W8EY4J0UOJZR
B0C495QNX6,A2W8EY4J0UOJZR
B0DNHLLP3V,A2W8EY4J0UOJZR
B0C1RZDTVB,A2W8EY4J0UOJZR
B0DNFKTNW6,A2W8EY4J0UOJZR
B0BTT29SXY,A2W8EY4J0UOJZR
B0DNF6WD1B,A2W8EY4J0UOJZR
B0BTMQT53L,A2W8EY4J0UOJZR
B0DN6GRZH2,A2W8EY4J0UOJZR
B0BRP2LDFH,A2W8EY4J0UOJZR
B0DN187KKB,A2W8EY4J0UOJZR
B0BRD7F5KN,A2W8EY4J0UOJZR
B0DN16YVHH,A2W8EY4J0UOJZR
B0BP9QQYCR,A2W8EY4J0UOJZR
B0DM8JVT7J,A2W8EY4J0UOJZR
B0BMLFYMKN,A2W8EY4J0UOJZR
B0DM845C3T,A2W8EY4J0UOJZR
B0BF53KJWN,A2W8EY4J0UOJZR
B0DM7TG3BD,A2W8EY4J0UOJZR
B0B6ZFJ7F5,A2W8EY4J0UOJZR
B0DM4R94P3,A2W8EY4J0UOJZR
B09W8V6M2B,A2W8EY4J0UOJZR
B0DLB4GLJY,A2W8EY4J0UOJZR
B09NZSG68W,A2W8EY4J0UOJZR
B0DL576712,A2W8EY4J0UOJZR
B09JK2W8Y1,A2W8EY4J0UOJZR
B0DKY1X814,A2W8EY4J0UOJZR
B09DC3M9FY,A2W8EY4J0UOJZR
B0DKP3XKDJ,A2W8EY4J0UOJZR
B099NZC7Y3,A2W8EY4J0UOJZR
B0DKF7JVS8,A2W8EY4J0UOJZR
B096PK6RQ4,A2W8EY4J0UOJZR
B0DKDF6P89,A2W8EY4J0UOJZR
B081RKXCYD,A2W8EY4J0UOJZR
B0DBGZLMNG,A2W8EY4J0UOJZR
B0DB61BCTB,A2W8EY4J0UOJZR
B0D9PFHXJR,A2W8EY4J0UOJZR
B0D9LZVWWL,A2W8EY4J0UOJZR
B0D9CLWPY1,A2W8EY4J0UOJZR
B0D9B12ZKR,A2W8EY4J0UOJZR
B0D9441JL1,A2W8EY4J0UOJZR
B0D8XZDPXR,A2W8EY4J0UOJZR
B0D6TFVBBR,A2W8EY4J0UOJZR
B0D6B1ZCBQ,A2W8EY4J0UOJZR
B0D66SP2DN,A2W8EY4J0UOJZR
B0D4Q292KC,A2W8EY4J0UOJZR
B0D4MD83P5,A2W8EY4J0UOJZR
B0D4LNCP8P,A2W8EY4J0UOJZR
B0D3Q2NRP8,A2W8EY4J0UOJZR
B0D2XK8SSN,A2W8EY4J0UOJZR
B0DK7JMGT5,A2W8EY4J0UOJZR
B01N9J6Z7Y,A2W8EY4J0UOJZR
B0DHTQ3RKN,A2W8EY4J0UOJZR
B012Y8JBSC,A2W8EY4J0UOJZR
B0DHRHW1YQ,A2W8EY4J0UOJZR
B005UQVANU,A2W8EY4J0UOJZR
B0DG5W51XB,A2W8EY4J0UOJZR
B0DG5F7RSK,A2W8EY4J0UOJZR
B0DFLNKR9H,A2W8EY4J0UOJZR
B0DFK3H2B4,A2W8EY4J0UOJZR
B0DF2MQ4N7,A2W8EY4J0UOJZR
B0DD6YWVR8,A2W8EY4J0UOJZR
B0DD6B5HKD,A2W8EY4J0UOJZR
B0DD3WHF6K,A2W8EY4J0UOJZR
B0DD3CTPF4,A2W8EY4J0UOJZR
B0DCTMPH5J,A2W8EY4J0UOJZR
B0CPY2NX1Q,A2W8EY4J0UOJZR
B0CPPH6SG3,A2W8EY4J0UOJZR
B0CPHY39ZN,A2W8EY4J0UOJZR
B0CPBD65VZ,A2W8EY4J0UOJZR
B0CMTHYYFF,A2W8EY4J0UOJZR
B0CKLRGNBF,A2W8EY4J0UOJZR
B0CGMFBRFP,A2W8EY4J0UOJZR
B0CGLGDC9D,A2W8EY4J0UOJZR
B0CDC2SH57,A2W8EY4J0UOJZR
B0CB8BR84B,A2W8EY4J0UOJZR
B0CB7JSF6R,A2W8EY4J0UOJZR
B0CB35933V,A2W8EY4J0UOJZR
B0C6NND22S,A2W8EY4J0UOJZR
B0BW3KTYKF,A2W8EY4J0UOJZR
B0BSRFS6FX,A2W8EY4J0UOJZR
B0BNMX9KLH,A2W8EY4J0UOJZR
B0BDTCH988,A2W8EY4J0UOJZR
B0B71J2NG2,A2W8EY4J0UOJZR
B0B3MYLHPY,A2W8EY4J0UOJZR
B09ZQ5LJYJ,A2W8EY4J0UOJZR
B09XPW9NHW,A2W8EY4J0UOJZR
B09X1DHSCG,A2W8EY4J0UOJZR
B09WDB71D9,A2W8EY4J0UOJZR
B08J9VL7QZ,A2W8EY4J0UOJZR
B08B9R9WRJ,A2W8EY4J0UOJZR
B0876BSFKX,A2W8EY4J0UOJZR
B084SPFH2Q,A2W8EY4J0UOJZR
B08233PW75,A2W8EY4J0UOJZR
B07ZCF4KD2,A2W8EY4J0UOJZR
B07TGHWBBC,A2W8EY4J0UOJZR
B07751YV74,A2W8EY4J0UOJZR
B01MZE2I2H,A2W8EY4J0UOJZR
B0141T2VQG,A2W8EY4J0UOJZR
B00OJQAOSO,A2W8EY4J0UOJZR
B00DZ35GLW,A2W8EY4J0UOJZR
B0D2H85TTX,A2W8EY4J0UOJZR
B0D264J65L,A2W8EY4J0UOJZR
B0CZS7TBCB,A2W8EY4J0UOJZR
B0CZ91RJ1C,A2W8EY4J0UOJZR
B0CZ41PTZ7,A2W8EY4J0UOJZR
B0CYSLC6WX,A2W8EY4J0UOJZR
B0CYQR1Z9D,A2W8EY4J0UOJZR
B0CY2VFLZJ,A2W8EY4J0UOJZR
B0CWXV37S7,A2W8EY4J0UOJZR
B0CW1MW46T,A2W8EY4J0UOJZR
B0CVLJKQJF,A2W8EY4J0UOJZR
B0CSNJLJW1,A2W8EY4J0UOJZR
B0CRR7N6WN,A2W8EY4J0UOJZR
B0CR1WR9D7,A2W8EY4J0UOJZR
B0CR1M9THY,A2W8EY4J0UOJZR
B0CQXTP6RB,A2W8EY4J0UOJZR
B0DGXW8ZXC,A2W8EY4J0UOJZR
B0DSVZ647B,A2W8EY4J0UOJZR
B0DDPXPPBP,A2W8EY4J0UOJZR
B0DSHVNBCW,A2W8EY4J0UOJZR
B0DBHCW4R9,A2W8EY4J0UOJZR
B0DS76PH9R,A2W8EY4J0UOJZR
B0D9VJ95DP,A2W8EY4J0UOJZR
B0DS4KQPQ2,A2W8EY4J0UOJZR
B0D9TQ5QTN,A2W8EY4J0UOJZR
B0DS1ZBJ6Z,A2W8EY4J0UOJZR
B0D9LZ2JZH,A2W8EY4J0UOJZR
B0DRXZKW2W,A2W8EY4J0UOJZR
B0D7C891TM,A2W8EY4J0UOJZR
B0DRSDN4HT,A2W8EY4J0UOJZR
B0D59KS5HQ,A2W8EY4J0UOJZR
B0DRCLC73Z,A2W8EY4J0UOJZR
B0D37S8FQ8,A2W8EY4J0UOJZR
B0DR53MKJK,A2W8EY4J0UOJZR
B0D2R92336,A2W8EY4J0UOJZR
B0DR1Q6FC7,A2W8EY4J0UOJZR
B0D2HZHKML,A2W8EY4J0UOJZR
B0DPLVQL3J,A2W8EY4J0UOJZR
B0D1QLRS4R,A2W8EY4J0UOJZR
B0DPB2B3MY,A2W8EY4J0UOJZR
B0CZNYCSHW,A2W8EY4J0UOJZR
B0DN1VQBMX,A2W8EY4J0UOJZR
B0CZ44QXQ9,A2W8EY4J0UOJZR
B0DN18391V,A2W8EY4J0UOJZR
B0CY89PCDJ,A2W8EY4J0UOJZR
B0DMSVCY2V,A2W8EY4J0UOJZR
B0CXPDQV2G,A2W8EY4J0UOJZR
B0DMN7JMDQ,A2W8EY4J0UOJZR
B0CCYHHS45,A2W8EY4J0UOJZR
B0DKT6BD8G,A2W8EY4J0UOJZR
B0C9TN1KWZ,A2W8EY4J0UOJZR
B0DKJ7JH5Z,A2W8EY4J0UOJZR
B0C656SY16,A2W8EY4J0UOJZR
B0DJM4LLT3,A2W8EY4J0UOJZR
B0C5JMH8LR,A2W8EY4J0UOJZR
B0DJHCRNJP,A2W8EY4J0UOJZR
B0C2Y1D78N,A2W8EY4J0UOJZR
B0DJ4VCWPN,A2W8EY4J0UOJZR
B0BYKCFTXF,A2W8EY4J0UOJZR
B0DJ2ZJ76V,A2W8EY4J0UOJZR
B0BYJHC2LV,A2W8EY4J0UOJZR
B0DJ2Q2W1F,A2W8EY4J0UOJZR
B0BWXR71SY,A2W8EY4J0UOJZR
B0DHRQHDVG,A2W8EY4J0UOJZR
B0CTHKPQHX,A2W8EY4J0UOJZR
B0DMDXLPKW,A2W8EY4J0UOJZR
B0CS7JXXGZ,A2W8EY4J0UOJZR
B0DM12M9GB,A2W8EY4J0UOJZR
B0CRZ3H53H,A2W8EY4J0UOJZR
B0DLNWC3PB,A2W8EY4J0UOJZR
B0CR5JNKJB,A2W8EY4J0UOJZR
B0DLKM7M2J,A2W8EY4J0UOJZR
B0CNLNXK4K,A2W8EY4J0UOJZR
B0DL67PWV1,A2W8EY4J0UOJZR
B0CL4CS1DF,A2W8EY4J0UOJZR
B0DL5X6JSW,A2W8EY4J0UOJZR
B0CK113P1S,A2W8EY4J0UOJZR
B0DKX7W8ZF,A2W8EY4J0UOJZR
B0CJVNZ5R2,A2W8EY4J0UOJZR
B0DKTR8M5K,A2W8EY4J0UOJZR
B0BVRVKVM6,A2W8EY4J0UOJZR
B0DHPM4259,A2W8EY4J0UOJZR
B0BQMLBVBR,A2W8EY4J0UOJZR
B0DHG8FTW3,A2W8EY4J0UOJZR
B0BDS6HRS1,A2W8EY4J0UOJZR
B0DG8Y597Q,A2W8EY4J0UOJZR
B0B7QT81R5,A2W8EY4J0UOJZR
B0DG8J73MG,A2W8EY4J0UOJZR
B0B6PDVK78,A2W8EY4J0UOJZR
B0DG61K4W3,A2W8EY4J0UOJZR
B09XTX1BJL,A2W8EY4J0UOJZR
B0DFMHK5ZY,A2W8EY4J0UOJZR
B09W5TZ13C,A2W8EY4J0UOJZR
B0DFBC36JB,A2W8EY4J0UOJZR
B09TKY867S,A2W8EY4J0UOJZR
B0DF7DDYNY,A2W8EY4J0UOJZR
B09QPK26N8,A2W8EY4J0UOJZR
B0DDYQK1N3,A2W8EY4J0UOJZR
B09KPCJNYR,A2W8EY4J0UOJZR
B0DD6RSXZG,A2W8EY4J0UOJZR
B098Q5DV63,A2W8EY4J0UOJZR
B0DCTML3S5,A2W8EY4J0UOJZR
B0967RYH3L,A2W8EY4J0UOJZR
B0DCH5W8QJ,A2W8EY4J0UOJZR
B08TWJWHS8,A2W8EY4J0UOJZR
B0DCG4TQTK,A2W8EY4J0UOJZR
B08S7KMHRB,A2W8EY4J0UOJZR
B0DCBCQ11G,A2W8EY4J0UOJZR
B08LCWRQQ5,A2W8EY4J0UOJZR
B0DBFSGHS4,A2W8EY4J0UOJZR
B08633VJPM,A2W8EY4J0UOJZR
B0DBDJCZRK,A2W8EY4J0UOJZR
B083HW139J,A2W8EY4J0UOJZR
B0D9YHMK25,A2W8EY4J0UOJZR
B07WNQVVR3,A2W8EY4J0UOJZR
B0D8XZXW4Z,A2W8EY4J0UOJZR
B07LGRPVG4,A2W8EY4J0UOJZR
B0D8VVC94M,A2W8EY4J0UOJZR
B07FBPSN2F,A2W8EY4J0UOJZR
B0D8QK7MC2,A2W8EY4J0UOJZR
B01BN7KNT6,A2W8EY4J0UOJZR
B0D8JFP2NF,A2W8EY4J0UOJZR
B0D8J7VBYL,A2W8EY4J0UOJZR
B0D8B6KRSN,A2W8EY4J0UOJZR
B0D86Q1968,A2W8EY4J0UOJZR
B0D83684VQ,A2W8EY4J0UOJZR
B0D7VZDBXJ,A2W8EY4J0UOJZR
B0D7PZLYV2,A2W8EY4J0UOJZR
B0D7B9J3V6,A2W8EY4J0UOJZR
B0D73P8YH9,A2W8EY4J0UOJZR
B0D6YKVSQT,A2W8EY4J0UOJZR
B0D67D4MT9,A2W8EY4J0UOJZR
B0D5D46HVB,A2W8EY4J0UOJZR
B0D5BF5T1T,A2W8EY4J0UOJZR
B0D5BDX4VB,A2W8EY4J0UOJZR
B0D2V26K6X,A2W8EY4J0UOJZR
B0D2LYX4J7,A2W8EY4J0UOJZR
B0D2H2D1G4,A2W8EY4J0UOJZR
B0D1Q6TXRK,A2W8EY4J0UOJZR
B0D1GSVCTT,A2W8EY4J0UOJZR
B0CZDR8LTJ,A2W8EY4J0UOJZR
B0CYZHHJXK,A2W8EY4J0UOJZR
B0CXT8ZYQM,A2W8EY4J0UOJZR
B0CXQ4ZNCF,A2W8EY4J0UOJZR
B0CXMRDKGY,A2W8EY4J0UOJZR
B0CWKTKJ3C,A2W8EY4J0UOJZR
B0CW67959N,A2W8EY4J0UOJZR
B0CRTKH914,A2W8EY4J0UOJZR
B0CRRF373K,A2W8EY4J0UOJZR
B0CRD6SD7Y,A2W8EY4J0UOJZR
B0CQY3ZD2S,A2W8EY4J0UOJZR
B0CN8MJDPF,A2W8EY4J0UOJZR
B0CLKCK32V,A2W8EY4J0UOJZR
B0CL668GR4,A2W8EY4J0UOJZR
B0CGHVNL6J,A2W8EY4J0UOJZR
B0CDQL1M12,A2W8EY4J0UOJZR
B0CCY5CRM1,A2W8EY4J0UOJZR
B0CC4K8JY6,A2W8EY4J0UOJZR
B0BZKBX1MJ,A2W8EY4J0UOJZR
B0BV4LMGHR,A2W8EY4J0UOJZR
B0BS6HY77T,A2W8EY4J0UOJZR
B0BPB5YFPM,A2W8EY4J0UOJZR
B0BN7V7TYC,A2W8EY4J0UOJZR
B0BN1FLYL8,A2W8EY4J0UOJZR
B0BMFSYWXH,A2W8EY4J0UOJZR
B0BMF6P57P,A2W8EY4J0UOJZR
B0B6GKYBGV,A2W8EY4J0UOJZR
B0B65FWZ28,A2W8EY4J0UOJZR
B09WHSGNH1,A2W8EY4J0UOJZR
B09VXD3K1B,A2W8EY4J0UOJZR
B09TS95P7B,A2W8EY4J0UOJZR
B09MYBGPZT,A2W8EY4J0UOJZR
B09K12JWZZ,A2W8EY4J0UOJZR
B09J2B21NM,A2W8EY4J0UOJZR
B097F8MK2M,A2W8EY4J0UOJZR
B094812WNW,A2W8EY4J0UOJZR
B08Y8JY681,A2W8EY4J0UOJZR
B08Y5NF2Q6,A2W8EY4J0UOJZR
B08N57NFF4,A2W8EY4J0UOJZR
B08J6T38X6,A2W8EY4J0UOJZR
B08G5VRBCF,A2W8EY4J0UOJZR
B08FBKFRKG,A2W8EY4J0UOJZR
B085S2VV2S,A2W8EY4J0UOJZR
B07XGJHXNW,A2W8EY4J0UOJZR
B07WXMWG57,A2W8EY4J0UOJZR
B07R1X21XX,A2W8EY4J0UOJZR
B076B392WB,A2W8EY4J0UOJZR
B075NC1DCF,A2W8EY4J0UOJZR
B0748JRQLT,A2W8EY4J0UOJZR
B072MHT46B,A2W8EY4J0UOJZR
B01DQTJXJU,A2W8EY4J0UOJZR
B007KMRG3A,A2W8EY4J0UOJZR
B000CRGWCG,A2W8EY4J0UOJZR
B0DPJTHX8H,A2W8EY4J0UOJZR
B0CMZSN3H4,A2W8EY4J0UOJZR
B0DNZ4RPG8,A2W8EY4J0UOJZR
B0CHG4Z35C,A2W8EY4J0UOJZR
B0DNQ4LHLP,A2W8EY4J0UOJZR
B0CDPFJB8N,A2W8EY4J0UOJZR
B0DN18CK2B,A2W8EY4J0UOJZR
B0C819Y9YS,A2W8EY4J0UOJZR
B0DMVNJPVX,A2W8EY4J0UOJZR
B0BYV2V3NS,A2W8EY4J0UOJZR
B0DMSSFDX1,A2W8EY4J0UOJZR
B0BXFHTYJF,A2W8EY4J0UOJZR
B0DLZY6SJW,A2W8EY4J0UOJZR
B0BXD6QRS1,A2W8EY4J0UOJZR
B0DLGSVJ2T,A2W8EY4J0UOJZR
B0BF4DDPX3,A2W8EY4J0UOJZR
B0DS9F2BY3,A2W8EY4J0UOJZR
B0D53K4GQ9,A2W8EY4J0UOJZR
B0DRP79HNL,A2W8EY4J0UOJZR
B0D34YQTB8,A2W8EY4J0UOJZR
B0DR6KWRQB,A2W8EY4J0UOJZR
B0CYX3B11P,A2W8EY4J0UOJZR
B0DQY7LD2M,A2W8EY4J0UOJZR
B0CW5R3Y8L,A2W8EY4J0UOJZR
B0DQXHS4FK,A2W8EY4J0UOJZR
B0CT2GJD14,A2W8EY4J0UOJZR
B0DQGXBZMV,A2W8EY4J0UOJZR
B0CT242SQM,A2W8EY4J0UOJZR
B0DQ73X1RB,A2W8EY4J0UOJZR
B0CRQ3GMWY,A2W8EY4J0UOJZR
B0DQ72B9ZT,A2W8EY4J0UOJZR
B0CNWCN1TT,A2W8EY4J0UOJZR
B0DLB9JX6N,A2W8EY4J0UOJZR
B0B97F38PP,A2W8EY4J0UOJZR
B0DL6CLRGW,A2W8EY4J0UOJZR
B09BFG28VS,A2W8EY4J0UOJZR
B0DL3DVRV9,A2W8EY4J0UOJZR
B08FW1K3LP,A2W8EY4J0UOJZR
B0DL347J1C,A2W8EY4J0UOJZR
B088G28T41,A2W8EY4J0UOJZR
B0DKRQ7XPK,A2W8EY4J0UOJZR
B07V6FHD7Z,A2W8EY4J0UOJZR
B0DKHHFV4G,A2W8EY4J0UOJZR
B07R8BTPHY,A2W8EY4J0UOJZR
B0DKH5216P,A2W8EY4J0UOJZR
B07D8F7S6S,A2W8EY4J0UOJZR
B0DK982S9C,A2W8EY4J0UOJZR
B071VN2PPX,A2W8EY4J0UOJZR
B0DJV8GY4N,A2W8EY4J0UOJZR
B0DJNHJHPR,A2W8EY4J0UOJZR
B0DJ7DN692,A2W8EY4J0UOJZR
B0DJ2X5YNJ,A2W8EY4J0UOJZR
B0DH3DTYB5,A2W8EY4J0UOJZR
B0DH1FFMF7,A2W8EY4J0UOJZR
B0DGLCCNCM,A2W8EY4J0UOJZR
B0DFQ3YLHM,A2W8EY4J0UOJZR
B0DFKVNS38,A2W8EY4J0UOJZR
B0DFGK86JW,A2W8EY4J0UOJZR
B0DDY8Q6DK,A2W8EY4J0UOJZR
B0DDP9Y1V2,A2W8EY4J0UOJZR
B0DDCJVMBS,A2W8EY4J0UOJZR
B0DD736YQN,A2W8EY4J0UOJZR
B0DD6VTRH3,A2W8EY4J0UOJZR
B0DD6SJQ4J,A2W8EY4J0UOJZR
B0DD6KNL5B,A2W8EY4J0UOJZR
B0DCVGTGCH,A2W8EY4J0UOJZR
B0DCFTGYBP,A2W8EY4J0UOJZR
B0DBHCCLJF,A2W8EY4J0UOJZR
B0DB74Y9TT,A2W8EY4J0UOJZR
B0D9Y6142K,A2W8EY4J0UOJZR
B0D9S4MPBJ,A2W8EY4J0UOJZR
B0D9Q9S5N7,A2W8EY4J0UOJZR
B0D9NPG3SW,A2W8EY4J0UOJZR
B0D9MQ4G2B,A2W8EY4J0UOJZR
B0D98DJKH6,A2W8EY4J0UOJZR
B0D95MXYD6,A2W8EY4J0UOJZR
B0D94QGFJ8,A2W8EY4J0UOJZR
B0D93N19B3,A2W8EY4J0UOJZR
B0D7MWP51F,A2W8EY4J0UOJZR
B0D7HJ6B47,A2W8EY4J0UOJZR
B0D7BS4HTL,A2W8EY4J0UOJZR
B0D79N7M5Z,A2W8EY4J0UOJZR
B0D6G45K2Q,A2W8EY4J0UOJZR
B0D5R837DD,A2W8EY4J0UOJZR
B0D5NXKK3G,A2W8EY4J0UOJZR
B0D4TG5RTT,A2W8EY4J0UOJZR
B0D4868JFY,A2W8EY4J0UOJZR
B0D46ZGVTK,A2W8EY4J0UOJZR
B0D3GVLC2B,A2W8EY4J0UOJZR
B0D36FTYCN,A2W8EY4J0UOJZR
B0D2PXDBS1,A2W8EY4J0UOJZR
B0D1VJS212,A2W8EY4J0UOJZR
B0D142LYM6,A2W8EY4J0UOJZR
B0CZ74T2XV,A2W8EY4J0UOJZR
B0CYP5CBYL,A2W8EY4J0UOJZR
B0CXCGVNRZ,A2W8EY4J0UOJZR
B0CWP6WXFQ,A2W8EY4J0UOJZR
B0CVBG5XCS,A2W8EY4J0UOJZR
B0CSD35KC6,A2W8EY4J0UOJZR
B0CR81R8NB,A2W8EY4J0UOJZR
B0CQXXKVZ1,A2W8EY4J0UOJZR
B0CQSRWL24,A2W8EY4J0UOJZR
B0CPM49DN1,A2W8EY4J0UOJZR
B0CNJ311S5,A2W8EY4J0UOJZR
B0CMQ495QL,A2W8EY4J0UOJZR
B0CM3GWRB4,A2W8EY4J0UOJZR
B0CLV7FKHC,A2W8EY4J0UOJZR
B0CL4DZP3B,A2W8EY4J0UOJZR
B0CJQKDM25,A2W8EY4J0UOJZR
B0CJ6JL9F6,A2W8EY4J0UOJZR
B0CHLLJYLG,A2W8EY4J0UOJZR
B0CCSHYZN2,A2W8EY4J0UOJZR
B0C3GGLR9G,A2W8EY4J0UOJZR
B0C3D6431G,A2W8EY4J0UOJZR
B0C2J9ZTT1,A2W8EY4J0UOJZR
B0BX3MPNKJ,A2W8EY4J0UOJZR
B0BX1T6VBJ,A2W8EY4J0UOJZR
B0BQBPLYCC,A2W8EY4J0UOJZR
B0BP9MXYJR,A2W8EY4J0UOJZR
B0BL6WQ6FV,A2W8EY4J0UOJZR
B0BJKB3PFM,A2W8EY4J0UOJZR
B0BBT5KFPY,A2W8EY4J0UOJZR
B0B7X4ZSB2,A2W8EY4J0UOJZR
B09ZVHQ81W,A2W8EY4J0UOJZR
B09ZLQ645K,A2W8EY4J0UOJZR
B09YPW9K19,A2W8EY4J0UOJZR
B000H9KDYW,A2W8EY4J0UOJZR
B0006J5KI2,A2W8EY4J0UOJZR
B09WK5W146,A2W8EY4J0UOJZR
B09QT8CRPF,A2W8EY4J0UOJZR
B09NW62D2K,A2W8EY4J0UOJZR
B097Q9NTJD,A2W8EY4J0UOJZR
B084LL6M3R,A2W8EY4J0UOJZR
B083QLMKGC,A2W8EY4J0UOJZR
B07M6J68LF,A2W8EY4J0UOJZR
B07J23SVFX,A2W8EY4J0UOJZR
B07F19GCDF,A2W8EY4J0UOJZR
B07DF81B7F,A2W8EY4J0UOJZR
B01I0SYYSC,A2W8EY4J0UOJZR
B01ESCMNR8,A2W8EY4J0UOJZR
B01D4D3LS2,A2W8EY4J0UOJZR
B014IP20DM,A2W8EY4J0UOJZR
B00KLCSRZC,A2W8EY4J0UOJZR
B00E9BOK7A,A2W8EY4J0UOJZR
B0DSVQS7TQ,A2W8EY4J0UOJZR
B0D8TDJLNC,A2W8EY4J0UOJZR
B0DSBBD8ZH,A2W8EY4J0UOJZR
B0D77M1QKQ,A2W8EY4J0UOJZR
B0DS1BDP4X,A2W8EY4J0UOJZR
B0D6G2F85W,A2W8EY4J0UOJZR
B0DRV55C76,A2W8EY4J0UOJZR
B0D5D8VGB5,A2W8EY4J0UOJZR
B0DQXLG2DR,A2W8EY4J0UOJZR
B0D38TKDHP,A2W8EY4J0UOJZR
B0DQDDN4ZP,A2W8EY4J0UOJZR
B0D1QYFCN8,A2W8EY4J0UOJZR
B0DQBBVFR1,A2W8EY4J0UOJZR
B0CYP2898S,A2W8EY4J0UOJZR
B0DPZMW9N2,A2W8EY4J0UOJZR
B0CXHZ9PFH,A2W8EY4J0UOJZR
B0DPX4QF7G,A2W8EY4J0UOJZR
B0CXDRV1ZS,A2W8EY4J0UOJZR
B0DPMHLQHW,A2W8EY4J0UOJZR
B0CWXKGF55,A2W8EY4J0UOJZR
B0DPFW5K9V,A2W8EY4J0UOJZR
B0CTZFVVVR,A2W8EY4J0UOJZR
B0DNZ32YH2,A2W8EY4J0UOJZR
B0CTTWH7QP,A2W8EY4J0UOJZR
B0DNT7FD51,A2W8EY4J0UOJZR
B0CSSXRZKD,A2W8EY4J0UOJZR
B0DN1BYVR6,A2W8EY4J0UOJZR
B0CRP7BTT7,A2W8EY4J0UOJZR
B0DN16XJFP,A2W8EY4J0UOJZR
B0CQZ4HRWS,A2W8EY4J0UOJZR
B0DMF4WLXG,A2W8EY4J0UOJZR
B0CQRCP2S8,A2W8EY4J0UOJZR
B0DM5WPLLK,A2W8EY4J0UOJZR
B0CPX7M3B3,A2W8EY4J0UOJZR
B0DKXKHZX6,A2W8EY4J0UOJZR
B0CLDF55CV,A2W8EY4J0UOJZR
B0DKX6QMPP,A2W8EY4J0UOJZR
B0CFXHJ1QJ,A2W8EY4J0UOJZR
B0DKNZGK9X,A2W8EY4J0UOJZR
B0CDS2ZD1Y,A2W8EY4J0UOJZR
B0DK9235CC,A2W8EY4J0UOJZR
B0CDPF6B11,A2W8EY4J0UOJZR
B0DJXWV7QB,A2W8EY4J0UOJZR
B0CDHJNT4B,A2W8EY4J0UOJZR
B0DJKQYG93,A2W8EY4J0UOJZR
B0CB7K1PKD,A2W8EY4J0UOJZR
B0DJJW3WCB,A2W8EY4J0UOJZR
B0C6LT42DL,A2W8EY4J0UOJZR
B0DJ8SR4WW,A2W8EY4J0UOJZR
B0C4HM5ZY2,A2W8EY4J0UOJZR
B0DJ5BWZQC,A2W8EY4J0UOJZR
B0C3G7361V,A2W8EY4J0UOJZR
B0DJ5BKKVV,A2W8EY4J0UOJZR
B0BVWK95SM,A2W8EY4J0UOJZR
B0DJ14M6L8,A2W8EY4J0UOJZR
B0BTD7BH5V,A2W8EY4J0UOJZR
B0DHR6781W,A2W8EY4J0UOJZR
B0BL3WHBMF,A2W8EY4J0UOJZR
B0DHK3N92T,A2W8EY4J0UOJZR
B0BJZGH3P3,A2W8EY4J0UOJZR
B0DHGBLKV2,A2W8EY4J0UOJZR
B0BJJK9DBV,A2W8EY4J0UOJZR
B0DHCWYMB2,A2W8EY4J0UOJZR
B0BJ69Q3G4,A2W8EY4J0UOJZR
B0D1VPGXGW,A2W8EY4J0UOJZR
B0D1QW23XC,A2W8EY4J0UOJZR
B0D126JKX4,A2W8EY4J0UOJZR
B0CZS1K2HJ,A2W8EY4J0UOJZR
B0CZRXPPBW,A2W8EY4J0UOJZR
B0CZDV8RFN,A2W8EY4J0UOJZR
B0CYWJBWQC,A2W8EY4J0UOJZR
B0CWZYSQ26,A2W8EY4J0UOJZR
B0CW3C8W8P,A2W8EY4J0UOJZR
B0CV7X3PDD,A2W8EY4J0UOJZR
B0CTQSCYJS,A2W8EY4J0UOJZR
B0CT3W28YM,A2W8EY4J0UOJZR
B0CSD2M4B4,A2W8EY4J0UOJZR
B0CRRT3Y3M,A2W8EY4J0UOJZR
B0CRL31HDH,A2W8EY4J0UOJZR
B0CR33TKZV,A2W8EY4J0UOJZR
B0DH2WZBJX,A2W8EY4J0UOJZR
B0BGT421F6,A2W8EY4J0UOJZR
B0DG2YKF3H,A2W8EY4J0UOJZR
B0BCJ9XCTW,A2W8EY4J0UOJZR
B0DFYH4GW6,A2W8EY4J0UOJZR
B0B9MFXP3H,A2W8EY4J0UOJZR
B0DFMBHWJ3,A2W8EY4J0UOJZR
B09WD35SD9,A2W8EY4J0UOJZR
B0DF22NDFX,A2W8EY4J0UOJZR
B09CSY711J,A2W8EY4J0UOJZR
B0DD6W4ZDK,A2W8EY4J0UOJZR
B09BDJ2NS2,A2W8EY4J0UOJZR
B0DD6VZRFZ,A2W8EY4J0UOJZR
B093Z28J44,A2W8EY4J0UOJZR
B0DD6N94GN,A2W8EY4J0UOJZR
B08W33DZQ1,A2W8EY4J0UOJZR
B0DD3D3FMR,A2W8EY4J0UOJZR
B0DCNCKYLQ,A2W8EY4J0UOJZR
B08T7987Z2,A2W8EY4J0UOJZR
B0DC5G5D8L,A2W8EY4J0UOJZR
B08NX6JMTC,A2W8EY4J0UOJZR
B0DBT5QYPG,A2W8EY4J0UOJZR
B07W7XGQFM,A2W8EY4J0UOJZR
B0DBHBHFNV,A2W8EY4J0UOJZR
B07VYVYR3T,A2W8EY4J0UOJZR
B0DB5W6RTG,A2W8EY4J0UOJZR
B07TQMYVF2,A2W8EY4J0UOJZR
B0DB544ZMW,A2W8EY4J0UOJZR
B07NQ4PR56,A2W8EY4J0UOJZR
B0D9RSWDXQ,A2W8EY4J0UOJZR
B01MFGL31U,A2W8EY4J0UOJZR
B0D9NH8LMN,A2W8EY4J0UOJZR
B01GW668NI,A2W8EY4J0UOJZR
B0D94R1BC4,A2W8EY4J0UOJZR
B00I52UWW6,A2W8EY4J0UOJZR
B0D8VGM2JW,A2W8EY4J0UOJZR
B0090JJS00,A2W8EY4J0UOJZR
B0D8PWM4RH,A2W8EY4J0UOJZR
B000SON1TK,A2W8EY4J0UOJZR
B0D7SLQWLD,A2W8EY4J0UOJZR
B0D7HWXMNR,A2W8EY4J0UOJZR
B0D78X4GZV,A2W8EY4J0UOJZR
B0D5JTC44F,A2W8EY4J0UOJZR
B0D4QGHWZD,A2W8EY4J0UOJZR
B0D44JSN74,A2W8EY4J0UOJZR
B0D3X67VMZ,A2W8EY4J0UOJZR
B0D3LGNPYQ,A2W8EY4J0UOJZR
B0CQTBWRP1,A2W8EY4J0UOJZR
B0CNV3JQ98,A2W8EY4J0UOJZR
B0CM8WHH4W,A2W8EY4J0UOJZR
B0CM3CVBNW,A2W8EY4J0UOJZR
B0CKYV2Z4D,A2W8EY4J0UOJZR
B0CJQBCNW7,A2W8EY4J0UOJZR
B0CJFNVM6K,A2W8EY4J0UOJZR
B0CJ2MBJGW,A2W8EY4J0UOJZR
B0CHMQHVZT,A2W8EY4J0UOJZR
B0CDGVXYQM,A2W8EY4J0UOJZR
B0CCY831QB,A2W8EY4J0UOJZR
B0CBBSZQG7,A2W8EY4J0UOJZR
B0C84MCVZW,A2W8EY4J0UOJZR
B0BXRV5RJ8,A2W8EY4J0UOJZR
B0BWQCCWJL,A2W8EY4J0UOJZR
B0BLLLXB5Y,A2W8EY4J0UOJZR
B0BDR8XLW6,A2W8EY4J0UOJZR
B0B8N3KMPT,A2W8EY4J0UOJZR
B0B7SJ7673,A2W8EY4J0UOJZR
B0B2DZ4YZF,A2W8EY4J0UOJZR
B09XVQHKZL,A2W8EY4J0UOJZR
B09V7KSXHT,A2W8EY4J0UOJZR
B09V2VWLDX,A2W8EY4J0UOJZR
B09L1LJLG7,A2W8EY4J0UOJZR
B09B6N46Y2,A2W8EY4J0UOJZR
B097Q7Z6KQ,A2W8EY4J0UOJZR
B0949PQJSS,A2W8EY4J0UOJZR
B091C3R48M,A2W8EY4J0UOJZR
B08V6Y2K7B,A2W8EY4J0UOJZR
B08785BPGH,A2W8EY4J0UOJZR
B0874XMQHW,A2W8EY4J0UOJZR
B085T9VFPT,A2W8EY4J0UOJZR
B081GGDBW5,A2W8EY4J0UOJZR
B07Q51V342,A2W8EY4J0UOJZR
B07MQ89J1Z,A2W8EY4J0UOJZR
B07JK16D5J,A2W8EY4J0UOJZR
B07FY2C3P5,A2W8EY4J0UOJZR
B07BPR6HBG,A2W8EY4J0UOJZR
B01HXL8AEQ,A2W8EY4J0UOJZR
B00KTINSNY,A2W8EY4J0UOJZR
B00AOC7SMC,A2W8EY4J0UOJZR
B009602PCG,A2W8EY4J0UOJZR
B0DPK89WV2,A2W8EY4J0UOJZR
B0D1Q8SKW7,A2W8EY4J0UOJZR
B0DPGYDXG4,A2W8EY4J0UOJZR
B0CZMH5GJK,A2W8EY4J0UOJZR
B0DP9J84RS,A2W8EY4J0UOJZR
B0CZ283K92,A2W8EY4J0UOJZR
B0DP5WC3SM,A2W8EY4J0UOJZR
B0CXMDNQSM,A2W8EY4J0UOJZR
B0DP2HF6BL,A2W8EY4J0UOJZR
B0CVWSBKQP,A2W8EY4J0UOJZR
B0DNHN6K9F,A2W8EY4J0UOJZR
B0CTTVXL9R,A2W8EY4J0UOJZR
B0DNG1HGP2,A2W8EY4J0UOJZR
B0CPDWJ2N1,A2W8EY4J0UOJZR
B0DNFQWZCD,A2W8EY4J0UOJZR
B0CNKM38Z7,A2W8EY4J0UOJZR
B0DRYZ5W5V,A2W8EY4J0UOJZR
B0D8764V9S,A2W8EY4J0UOJZR
B0DRLH12P1,A2W8EY4J0UOJZR
B0D8135STB,A2W8EY4J0UOJZR
B0DRGMV33S,A2W8EY4J0UOJZR
B0D7BZZRJL,A2W8EY4J0UOJZR
B0DR8DV3CK,A2W8EY4J0UOJZR
B0D6QWTYJF,A2W8EY4J0UOJZR
B0DQG3NQ2F,A2W8EY4J0UOJZR
B0D53WQXQR,A2W8EY4J0UOJZR
B0DQFQZRFR,A2W8EY4J0UOJZR
B0D4TQLRJX,A2W8EY4J0UOJZR
B0DPZ4N1JH,A2W8EY4J0UOJZR
B0D3DX5XM9,A2W8EY4J0UOJZR
B0DPTDH34N,A2W8EY4J0UOJZR
B0D2SVQT4X,A2W8EY4J0UOJZR
B0DMYNXKVQ,A2W8EY4J0UOJZR
B0CDKGMK84,A2W8EY4J0UOJZR
B0DMYLV2X4,A2W8EY4J0UOJZR
B0C6136GFR,A2W8EY4J0UOJZR
B0DMYLPPLR,A2W8EY4J0UOJZR
B0C46DTNL5,A2W8EY4J0UOJZR
B0DMYKXQG1,A2W8EY4J0UOJZR
B0C3FFLS2R,A2W8EY4J0UOJZR
B0DMNTC23M,A2W8EY4J0UOJZR
B0C285FXL9,A2W8EY4J0UOJZR
B0DMLJFCDD,A2W8EY4J0UOJZR
B0C1Z14LVK,A2W8EY4J0UOJZR
B0DMDTQFPC,A2W8EY4J0UOJZR
B0BVRVF4QW,A2W8EY4J0UOJZR
B0DM8WBJ2D,A2W8EY4J0UOJZR
B0BV2HSPJL,A2W8EY4J0UOJZR
B0DN1BNKBS,A2W8EY4J0UOJZR
B0CL5V31MT,A2W8EY4J0UOJZR
B0DN12QR7G,A2W8EY4J0UOJZR
B0CKRZSBB4,A2W8EY4J0UOJZR
B0DMZMWLJJ,A2W8EY4J0UOJZR
B0CKQL8LMR,A2W8EY4J0UOJZR
B0DMZBY6HY,A2W8EY4J0UOJZR
B0CHR8D9BV,A2W8EY4J0UOJZR
B0DMZ8XXF6,A2W8EY4J0UOJZR
B0CG449BB7,A2W8EY4J0UOJZR
B0DMZ714V2,A2W8EY4J0UOJZR
B0CG18R5SD,A2W8EY4J0UOJZR
B0DMZ36ZPK,A2W8EY4J0UOJZR
B0CF5BX8Y4,A2W8EY4J0UOJZR
B0DMYZC1WC,A2W8EY4J0UOJZR
B0CDX717LS,A2W8EY4J0UOJZR
B0DJPDCNC6,A2W8EY4J0UOJZR
B0B74ZSFYX,A2W8EY4J0UOJZR
B0DJ2VHXWV,A2W8EY4J0UOJZR
B0B2V9DPGB,A2W8EY4J0UOJZR
B0DGXK5XDD,A2W8EY4J0UOJZR
B0B2C6C5WM,A2W8EY4J0UOJZR
B0DGVBWZ28,A2W8EY4J0UOJZR
B0B2BQK571,A2W8EY4J0UOJZR
B0DGKQ8JRG,A2W8EY4J0UOJZR
B0B1J245D5,A2W8EY4J0UOJZR
B0DFBTWV7W,A2W8EY4J0UOJZR
B09Z66RLP3,A2W8EY4J0UOJZR
B0DF5MS6Q8,A2W8EY4J0UOJZR
B09TKYXQPK,A2W8EY4J0UOJZR
B0DF56LN3N,A2W8EY4J0UOJZR
B09TKYC29Z,A2W8EY4J0UOJZR
B0DM5WXLNX,A2W8EY4J0UOJZR
B0BRPT1WLZ,A2W8EY4J0UOJZR
B0DL5T2TJQ,A2W8EY4J0UOJZR
B0BP23L8R9,A2W8EY4J0UOJZR
B0DKX92KR5,A2W8EY4J0UOJZR
B0BNT9R43V,A2W8EY4J0UOJZR
B0DKFTH5XY,A2W8EY4J0UOJZR
B0BMKH2V9P,A2W8EY4J0UOJZR
B0DK89QD2K,A2W8EY4J0UOJZR
B0BM99WX4Z,A2W8EY4J0UOJZR
B0DK889L7L,A2W8EY4J0UOJZR
B0BM5HQKJ9,A2W8EY4J0UOJZR
B0DK1V821M,A2W8EY4J0UOJZR
B0BGM83JXD,A2W8EY4J0UOJZR
B0DK177Z2R,A2W8EY4J0UOJZR
B0BBFWTBSY,A2W8EY4J0UOJZR
B0DDXS1S4Q,A2W8EY4J0UOJZR
B09SGVXSBP,A2W8EY4J0UOJZR
B0DDXNY6RB,A2W8EY4J0UOJZR
B09GG8RNXK,A2W8EY4J0UOJZR
B0DDWVP16J,A2W8EY4J0UOJZR
B098JN4ZVS,A2W8EY4J0UOJZR
B0DDH98JX7,A2W8EY4J0UOJZR
B0969N68YS,A2W8EY4J0UOJZR
B0DDBWCYLV,A2W8EY4J0UOJZR
B08T981G6M,A2W8EY4J0UOJZR
B0DD2W1T7C,A2W8EY4J0UOJZR
B083FD813F,A2W8EY4J0UOJZR
B0DCP3XX4M,A2W8EY4J0UOJZR
B07RTZ2NS3,A2W8EY4J0UOJZR
B0DBDM4JJK,A2W8EY4J0UOJZR
B07R5M572V,A2W8EY4J0UOJZR
B0D9W47X13,A2W8EY4J0UOJZR
B07J1B4PGV,A2W8EY4J0UOJZR
B0D9RM1SKC,A2W8EY4J0UOJZR
B07H9LBK1C,A2W8EY4J0UOJZR
B0D9Q7DSRR,A2W8EY4J0UOJZR
B07995VVYY,A2W8EY4J0UOJZR
B0D9D1436X,A2W8EY4J0UOJZR
B076FHX1N3,A2W8EY4J0UOJZR
B0D8T9GS8L,A2W8EY4J0UOJZR
B06XRJHL49,A2W8EY4J0UOJZR
B0D8HNBBH2,A2W8EY4J0UOJZR
B01LZ89X2Q,A2W8EY4J0UOJZR
B0D896KDM9,A2W8EY4J0UOJZR
B0090JJOZO,A2W8EY4J0UOJZR
B0D83VDVW7,A2W8EY4J0UOJZR
B000LGGT1M,A2W8EY4J0UOJZR
B0D83MLZRL,A2W8EY4J0UOJZR
B0D825SCWX,A2W8EY4J0UOJZR
B0D7VYNJH8,A2W8EY4J0UOJZR
B0D7PRJ4ZK,A2W8EY4J0UOJZR
B0D7CDXTT9,A2W8EY4J0UOJZR
B0D6BFFXDK,A2W8EY4J0UOJZR
B0D5Y7K97K,A2W8EY4J0UOJZR
B0D5R3B3VM,A2W8EY4J0UOJZR
B0D5LVPQ7W,A2W8EY4J0UOJZR
B0D5LG3SF8,A2W8EY4J0UOJZR
B0D5HRWHRX,A2W8EY4J0UOJZR
B0D5CSK2C2,A2W8EY4J0UOJZR
B0D52ZSDHS,A2W8EY4J0UOJZR
B0D4TK6LHW,A2W8EY4J0UOJZR
B0D4DR5QB5,A2W8EY4J0UOJZR
B0D4CDG7SP,A2W8EY4J0UOJZR
B0D4776XDR,A2W8EY4J0UOJZR
B0D3V8ZS6X,A2W8EY4J0UOJZR
B0D3KS9BQS,A2W8EY4J0UOJZR
B0D1PBWG9F,A2W8EY4J0UOJZR
B0CZMM8BLM,A2W8EY4J0UOJZR
B0CZ4JCMVB,A2W8EY4J0UOJZR
B0CZ4GR5QZ,A2W8EY4J0UOJZR
B0CZ3LK2XS,A2W8EY4J0UOJZR
B0CYTCN8L6,A2W8EY4J0UOJZR
B0CYKYR459,A2W8EY4J0UOJZR
B0CY9SBLC9,A2W8EY4J0UOJZR
B0CX1SCD2N,A2W8EY4J0UOJZR
B0CTH95FQB,A2W8EY4J0UOJZR
B0CSPHT8L1,A2W8EY4J0UOJZR
B0CSHHV81H,A2W8EY4J0UOJZR
B0CRSZ8X51,A2W8EY4J0UOJZR
B0CR47R7MB,A2W8EY4J0UOJZR
B0CQZCRQ4S,A2W8EY4J0UOJZR
B0CQLP1Y6R,A2W8EY4J0UOJZR
B0CQKJSQD9,A2W8EY4J0UOJZR
B0CNJBB4MY,A2W8EY4J0UOJZR
B0CMQ4B81W,A2W8EY4J0UOJZR
B0CLVHYXQ7,A2W8EY4J0UOJZR
B0CLV7XW6B,A2W8EY4J0UOJZR
B0CJNWJPXY,A2W8EY4J0UOJZR
B0CJNN19DT,A2W8EY4J0UOJZR
B0CJF116P5,A2W8EY4J0UOJZR
B0CHRZGN4Y,A2W8EY4J0UOJZR
B0CGRBZZTF,A2W8EY4J0UOJZR
B0CDQ2M84F,A2W8EY4J0UOJZR
B0CBP1D3TT,A2W8EY4J0UOJZR
B0C85T3XL8,A2W8EY4J0UOJZR
B0C747V45W,A2W8EY4J0UOJZR
B0C72SH24M,A2W8EY4J0UOJZR
B0C6MBZXV7,A2W8EY4J0UOJZR
B0C6BKV1S6,A2W8EY4J0UOJZR
B0C5J7LVBR,A2W8EY4J0UOJZR
B0C588R7QQ,A2W8EY4J0UOJZR
B0C54W5BZ6,A2W8EY4J0UOJZR
B0C3SQLYHG,A2W8EY4J0UOJZR
B0C1TDHFXF,A2W8EY4J0UOJZR
B0C1HJX1RH,A2W8EY4J0UOJZR
B0BV4KLZ96,A2W8EY4J0UOJZR
B0BTRTHL9C,A2W8EY4J0UOJZR
B0BLVBSYQL,A2W8EY4J0UOJZR
B0BLHJVGY1,A2W8EY4J0UOJZR
B0B6LXXH58,A2W8EY4J0UOJZR
B09X33SXRB,A2W8EY4J0UOJZR
B0DQY5R7GS,A2W8EY4J0UOJZR
B0CP1SZL7J,A2W8EY4J0UOJZR
B0DQXML4Y2,A2W8EY4J0UOJZR
B0CMCYR79P,A2W8EY4J0UOJZR
B0DQ88SKKG,A2W8EY4J0UOJZR
B0CBJPSWRS,A2W8EY4J0UOJZR
B0DPMT3C4P,A2W8EY4J0UOJZR
B0CBBZPZPQ,A2W8EY4J0UOJZR
B0DP9SBTB6,A2W8EY4J0UOJZR
B0BKGN2173,A2W8EY4J0UOJZR
B0DNZDNP93,A2W8EY4J0UOJZR
B0BDSB79CT,A2W8EY4J0UOJZR
B0DNZ2VZQ1,A2W8EY4J0UOJZR
B09Z2HCS1B,A2W8EY4J0UOJZR
B0DNT5V4KY,A2W8EY4J0UOJZR
B09Z2G554K,A2W8EY4J0UOJZR
B09VRJ6N5P,A2W8EY4J0UOJZR
B08W34TY53,A2W8EY4J0UOJZR
B08L68FDSJ,A2W8EY4J0UOJZR
B0874VL1W2,A2W8EY4J0UOJZR
B083MKHGRC,A2W8EY4J0UOJZR
B07VGPM2VG,A2W8EY4J0UOJZR
B07SHHBPKK,A2W8EY4J0UOJZR
B07N6MYL4R,A2W8EY4J0UOJZR
B0761T8FY4,A2W8EY4J0UOJZR
B073H56XFS,A2W8EY4J0UOJZR
B01M2A5J5D,A2W8EY4J0UOJZR
B00YNVLNXK,A2W8EY4J0UOJZR
B00BSGBFMW,A2W8EY4J0UOJZR
B004H7K7S2,A2W8EY4J0UOJZR
B001FE5I0W,A2W8EY4J0UOJZR
B000KKV97I,A2W8EY4J0UOJZR
B000E7BC4W,A2W8EY4J0UOJZR
B000CI8Y9O,A2W8EY4J0UOJZR
B0DK32N983,A2W8EY4J0UOJZR
B089D7ZJRN,A2W8EY4J0UOJZR
B0DK1RZ1B4,A2W8EY4J0UOJZR
B07MDK22BY,A2W8EY4J0UOJZR
B0DJX3T4HH,A2W8EY4J0UOJZR
B079J45QFR,A2W8EY4J0UOJZR
B0DJS22BQW,A2W8EY4J0UOJZR
B07889WJ18,A2W8EY4J0UOJZR
B0DJNHC3SW,A2W8EY4J0UOJZR
B0DJN7PMLR,A2W8EY4J0UOJZR
B0DJK9Q7C1,A2W8EY4J0UOJZR
B0DJ93HDQF,A2W8EY4J0UOJZR
B0DJ6RCQ9B,A2W8EY4J0UOJZR
B0DJ5T3KVX,A2W8EY4J0UOJZR
B0DJ2VW43B,A2W8EY4J0UOJZR
B0DHCM1TK6,A2W8EY4J0UOJZR
B0D89ZT8HS,A2W8EY4J0UOJZR
B0D87K4C5K,A2W8EY4J0UOJZR
B0D83SR98P,A2W8EY4J0UOJZR
B0D7MFBTRG,A2W8EY4J0UOJZR
B0D6QWTWV5,A2W8EY4J0UOJZR
B0D5QPBR1M,A2W8EY4J0UOJZR
B0D4QVT7SK,A2W8EY4J0UOJZR
B0D46WMHWD,A2W8EY4J0UOJZR
B0D3B4G9SH,A2W8EY4J0UOJZR
B0D2M5KCXL,A2W8EY4J0UOJZR
B0D1R29LCB,A2W8EY4J0UOJZR
B0D1CJWV59,A2W8EY4J0UOJZR
B0D1BKWFC8,A2W8EY4J0UOJZR
B0CZLH2YJD,A2W8EY4J0UOJZR
B0CWL3C6S7,A2W8EY4J0UOJZR
B0CWGQZYJD,A2W8EY4J0UOJZR
B0DNFBMHX1,A2W8EY4J0UOJZR
B09PTMQFMW,A2W8EY4J0UOJZR
B0DMM8RLP1,A2W8EY4J0UOJZR
B09MZ2XCLQ,A2W8EY4J0UOJZR
B0DMF9CJQ5,A2W8EY4J0UOJZR
B09HXCGHGS,A2W8EY4J0UOJZR
B0DLWJYZZN,A2W8EY4J0UOJZR
B09BV3SPMN,A2W8EY4J0UOJZR
B0DLWG3F4P,A2W8EY4J0UOJZR
B093C2YS75,A2W8EY4J0UOJZR
B0DK6WC3F4,A2W8EY4J0UOJZR
B0925BTPGV,A2W8EY4J0UOJZR
B0DK6MPWJV,A2W8EY4J0UOJZR
B08XW1846V,A2W8EY4J0UOJZR
B0DK3CGWFX,A2W8EY4J0UOJZR
B08TQT947P,A2W8EY4J0UOJZR
B0DH2RNXJT,A2W8EY4J0UOJZR
B0DGCGYND4,A2W8EY4J0UOJZR
B0DG8JZMRH,A2W8EY4J0UOJZR
B0DG5RF1BM,A2W8EY4J0UOJZR
B0DG5J3ZYY,A2W8EY4J0UOJZR
B0DG3434ML,A2W8EY4J0UOJZR
B0DFZ7JBJ4,A2W8EY4J0UOJZR
B0DFTHP313,A2W8EY4J0UOJZR
B0DDH86JV2,A2W8EY4J0UOJZR
B0DBSRD5Q1,A2W8EY4J0UOJZR
B0D9ZT2NHZ,A2W8EY4J0UOJZR
B0D9VKYSW4,A2W8EY4J0UOJZR
B0D9S57CSC,A2W8EY4J0UOJZR
B0D975WNXM,A2W8EY4J0UOJZR
B0D8W41Y6R,A2W8EY4J0UOJZR
B0D8T9PRKV,A2W8EY4J0UOJZR
B0CW1N3SND,A2W8EY4J0UOJZR
B0CVX9R1N1,A2W8EY4J0UOJZR
B0CTZWLJXY,A2W8EY4J0UOJZR
B0CTF6PR7V,A2W8EY4J0UOJZR
B0CSCYXCRG,A2W8EY4J0UOJZR
B0CRKGL8FH,A2W8EY4J0UOJZR
B0CRD9F4G8,A2W8EY4J0UOJZR
B0CR8ZCFJ5,A2W8EY4J0UOJZR
B0CNVZS9XH,A2W8EY4J0UOJZR
B0CN6XK513,A2W8EY4J0UOJZR
B0CMXJ2754,A2W8EY4J0UOJZR
B0CMTKJ48K,A2W8EY4J0UOJZR
B0CLK6XYQM,A2W8EY4J0UOJZR
B0CJ6K7FJZ,A2W8EY4J0UOJZR
B0CD7M5BB1,A2W8EY4J0UOJZR
B0CBQDCDPN,A2W8EY4J0UOJZR
B0CBK6X7PD,A2W8EY4J0UOJZR
B0CB3XNFNB,A2W8EY4J0UOJZR
B0C8RW3T95,A2W8EY4J0UOJZR
B0C5C47G3J,A2W8EY4J0UOJZR
B0C4G3GG62,A2W8EY4J0UOJZR
B0C3TZRBYD,A2W8EY4J0UOJZR
B0C2VXVRRS,A2W8EY4J0UOJZR
B0BZYHFPJH,A2W8EY4J0UOJZR
B0BY9H9B8N,A2W8EY4J0UOJZR
B0BXRS5H3T,A2W8EY4J0UOJZR
B0BVM2151D,A2W8EY4J0UOJZR
B0BTT3G785,A2W8EY4J0UOJZR
B0BT6S4FVY,A2W8EY4J0UOJZR
B0BRBZS877,A2W8EY4J0UOJZR
B0BLRR3P3W,A2W8EY4J0UOJZR
B0BHY8SWTP,A2W8EY4J0UOJZR
B0BDR8Y1SF,A2W8EY4J0UOJZR
B0BBJZMXZB,A2W8EY4J0UOJZR
B0B82G96RW,A2W8EY4J0UOJZR
B0B4DLLZ9Q,A2W8EY4J0UOJZR
B097HQ3HDJ,A2W8EY4J0UOJZR
B096K5YVV4,A2W8EY4J0UOJZR
B08QXHRGSF,A2W8EY4J0UOJZR
B08HGLTF4R,A2W8EY4J0UOJZR
B088C34VP8,A2W8EY4J0UOJZR
B07ZC2S6J6,A2W8EY4J0UOJZR
B07VYGNXW9,A2W8EY4J0UOJZR
B07SHJXN67,A2W8EY4J0UOJZR
B072MLZKXD,A2W8EY4J0UOJZR
B00PBDK25E,A2W8EY4J0UOJZR
B00CXBMJ3A,A2W8EY4J0UOJZR
B001GFQ1L0,A2W8EY4J0UOJZR
B0DRVVRDYK,A2W8EY4J0UOJZR
B0DDTJCCB3,A2W8EY4J0UOJZR
B0DRP6LLZB,A2W8EY4J0UOJZR
B0D9NT47MR,A2W8EY4J0UOJZR
B0DPWCDSX6,A2W8EY4J0UOJZR
B0D6KZ81R1,A2W8EY4J0UOJZR
B0DPBTZCB3,A2W8EY4J0UOJZR
B0D5HBBQSD,A2W8EY4J0UOJZR
B0DNW6Y18B,A2W8EY4J0UOJZR
B0D3V4MV85,A2W8EY4J0UOJZR
B0DNQ3RNGJ,A2W8EY4J0UOJZR
B0D2GXLJSQ,A2W8EY4J0UOJZR
B0DNND7D5Z,A2W8EY4J0UOJZR
B0D2BB4V1H,A2W8EY4J0UOJZR
B0DM4SYQQ5,A2W8EY4J0UOJZR
B0D1KDXDRL,A2W8EY4J0UOJZR
B0DM4G7JWB,A2W8EY4J0UOJZR
B0CZMKYDJF,A2W8EY4J0UOJZR
B0DM44BZSY,A2W8EY4J0UOJZR
B0CNSPY13D,A2W8EY4J0UOJZR
B0DM449L1N,A2W8EY4J0UOJZR
B0CMCZH1TZ,A2W8EY4J0UOJZR
B0DM2H4YFG,A2W8EY4J0UOJZR
B0CBS9ST6X,A2W8EY4J0UOJZR
B0DLZMT7N3,A2W8EY4J0UOJZR
B0C9PR6MGP,A2W8EY4J0UOJZR
B0DLP4J2Z9,A2W8EY4J0UOJZR
B0C96D94NT,A2W8EY4J0UOJZR
B0DLKY7JDQ,A2W8EY4J0UOJZR
B0C7F5X1GS,A2W8EY4J0UOJZR
B0DL9VVMKY,A2W8EY4J0UOJZR
B0C35RR568,A2W8EY4J0UOJZR
B0DL6CBY4Y,A2W8EY4J0UOJZR
B0B62ZR1D8,A2W8EY4J0UOJZR
B0DL6BT5FP,A2W8EY4J0UOJZR
B0B5F47K1Q,A2W8EY4J0UOJZR
B0DKXHYCDC,A2W8EY4J0UOJZR
B0B59RMQ1L,A2W8EY4J0UOJZR
B0DK7ZS365,A2W8EY4J0UOJZR
B0B46BP5TR,A2W8EY4J0UOJZR
B09TKZNDVF,A2W8EY4J0UOJZR
B09F6JCG4T,A2W8EY4J0UOJZR
B0DHJXSDL9,A2W8EY4J0UOJZR
B09BDJ5ZSK,A2W8EY4J0UOJZR
B0DHHMDPH8,A2W8EY4J0UOJZR
B095LNNCCM,A2W8EY4J0UOJZR
B0D6BG4FRH,A2W8EY4J0UOJZR
B0D59SCHWH,A2W8EY4J0UOJZR
B0D4LMY9S7,A2W8EY4J0UOJZR
B0D46PWDWH,A2W8EY4J0UOJZR
B0D45GPY2K,A2W8EY4J0UOJZR
B0D41GKBQX,A2W8EY4J0UOJZR
B0D41FQNXS,A2W8EY4J0UOJZR
B0D3G8HL7M,A2W8EY4J0UOJZR
B0D2XRRY82,A2W8EY4J0UOJZR
B0D25HCF9R,A2W8EY4J0UOJZR
B0D126HH64,A2W8EY4J0UOJZR
B0CZLH14X4,A2W8EY4J0UOJZR
B0CYY9CZ3X,A2W8EY4J0UOJZR
B0CYTYS9VF,A2W8EY4J0UOJZR
B0CYS2V22F,A2W8EY4J0UOJZR
B0CYQDVSQN,A2W8EY4J0UOJZR
B0DDK54HXL,A2W8EY4J0UOJZR
B001360136,A2W8EY4J0UOJZR
B0DD6TXK92,A2W8EY4J0UOJZR
B0DD5LSRRV,A2W8EY4J0UOJZR
B0DCYM1HZQ,A2W8EY4J0UOJZR
B0DCP2KZSJ,A2W8EY4J0UOJZR
B0DCDX29CY,A2W8EY4J0UOJZR
B0DBV1FL1J,A2W8EY4J0UOJZR
B0DB6XSGPW,A2W8EY4J0UOJZR
B0D9N7V1ZK,A2W8EY4J0UOJZR
B0D9LMFVJ9,A2W8EY4J0UOJZR
B0D8PS1BHC,A2W8EY4J0UOJZR
B0D8K7S1FQ,A2W8EY4J0UOJZR
B0D8GWW4Y6,A2W8EY4J0UOJZR
B0D8979QCT,A2W8EY4J0UOJZR
B0D7M7LZFR,A2W8EY4J0UOJZR
B0DHGYFRDV,A2W8EY4J0UOJZR
B08Z3N5VH7,A2W8EY4J0UOJZR
B0DHCLQT43,A2W8EY4J0UOJZR
B08KTL792T,A2W8EY4J0UOJZR
B0DHC5Y7ML,A2W8EY4J0UOJZR
B08KDGKCB1,A2W8EY4J0UOJZR
B0DGT6CDCG,A2W8EY4J0UOJZR
B08HHZQLK9,A2W8EY4J0UOJZR
B0DFCFRMVV,A2W8EY4J0UOJZR
B0894T85GR,A2W8EY4J0UOJZR
B0DFCDNLLQ,A2W8EY4J0UOJZR
B07Q1ZXC37,A2W8EY4J0UOJZR
B0DF4X8NFZ,A2W8EY4J0UOJZR
B07MP1VWYG,A2W8EY4J0UOJZR
B0DDML8FN6,A2W8EY4J0UOJZR
B07M8W7DLY,A2W8EY4J0UOJZR
B0CYG44P4P,A2W8EY4J0UOJZR
B0CYBGDYDM,A2W8EY4J0UOJZR
B0CXT6VFY5,A2W8EY4J0UOJZR
B0CTPWJDPC,A2W8EY4J0UOJZR
B0CT5TCPT7,A2W8EY4J0UOJZR
B0CRH6CHV8,A2W8EY4J0UOJZR
B0CQLQ3C2G,A2W8EY4J0UOJZR
B0CNT879ZK,A2W8EY4J0UOJZR
B0CNRZ1PZS,A2W8EY4J0UOJZR
B0CMCG64QV,A2W8EY4J0UOJZR
B0CLTKFQGG,A2W8EY4J0UOJZR
B0CJ98XHL5,A2W8EY4J0UOJZR
B0CHMJ2LGG,A2W8EY4J0UOJZR
B0CFDWXQSF,A2W8EY4J0UOJZR
B0C9PYZFJQ,A2W8EY4J0UOJZR
B0C943B77V,A2W8EY4J0UOJZR
B0C7T6G2WC,A2W8EY4J0UOJZR
B0C7KMQ22D,A2W8EY4J0UOJZR
B0C7BYJFRB,A2W8EY4J0UOJZR
B0BZYCH576,A2W8EY4J0UOJZR
B0BV4MQW5D,A2W8EY4J0UOJZR
B0BHHXZCJ5,A2W8EY4J0UOJZR
B0B61F7KXB,A2W8EY4J0UOJZR
B0B4K5NJ81,A2W8EY4J0UOJZR
B0B2VP6D4C,A2W8EY4J0UOJZR
B09LTTF136,A2W8EY4J0UOJZR
B08Z7Z6ZR6,A2W8EY4J0UOJZR
B08JQJ7PQM,A2W8EY4J0UOJZR
B08JQJ4LJ2,A2W8EY4J0UOJZR
B07MC5YPKC,A2W8EY4J0UOJZR
B07B9LQJHN,A2W8EY4J0UOJZR
B0DT14Y395,A2W8EY4J0UOJZR
B0DT14SPJM,A2W8EY4J0UOJZR
B0DSVNNNS3,A2W8EY4J0UOJZR
B0DLT7HVMF,A2W8EY4J0UOJZR
B0DSJQTS18,A2W8EY4J0UOJZR
B0DLNNK9QQ,A2W8EY4J0UOJZR
B0DK48J9XV,A2W8EY4J0UOJZR
B0DGX3WTD2,A2W8EY4J0UOJZR
B0DSBM9QYT,A2W8EY4J0UOJZR
B0DF1K431X,A2W8EY4J0UOJZR
B0DRP8VWX3,A2W8EY4J0UOJZR
B0DBV8WQMV,A2W8EY4J0UOJZR
B0DR5QXM2S,A2W8EY4J0UOJZR
B0DBLRBKZQ,A2W8EY4J0UOJZR
B0DQVK1Y82,A2W8EY4J0UOJZR
B0DBLC1F2H,A2W8EY4J0UOJZR
B079LRTQJJ,A2W8EY4J0UOJZR
B078XQQC4F,A2W8EY4J0UOJZR
B076H31H2L,A2W8EY4J0UOJZR
B0714QHRGF,A2W8EY4J0UOJZR
B01M7NP465,A2W8EY4J0UOJZR
B014OP15I2,A2W8EY4J0UOJZR
B00OVDJ5ZI,A2W8EY4J0UOJZR
B000H9K1YE,A2W8EY4J0UOJZR
B0DSZQPVD4,A2W8EY4J0UOJZR
B0DSJ4BJP2,A2W8EY4J0UOJZR
B0DSFR2MJJ,A2W8EY4J0UOJZR
B0DNMRYCQB,A2W8EY4J0UOJZR
B0DRP8JVHL,A2W8EY4J0UOJZR
B0DN19LQTS,A2W8EY4J0UOJZR
B0DRG9G5FK,A2W8EY4J0UOJZR
B0DK7PRW82,A2W8EY4J0UOJZR
B0DR7VLDXV,A2W8EY4J0UOJZR
B0DJQDYFTB,A2W8EY4J0UOJZR
B0DLMFD137,A2W8EY4J0UOJZR
B0DDQ39H8T,A2W8EY4J0UOJZR
B0DSKB1ZBN,A2W8EY4J0UOJZR
B0DBGDVWPB,A2W8EY4J0UOJZR
B0DSHMJ7R6,A2W8EY4J0UOJZR
B0D6YC4VDH,A2W8EY4J0UOJZR
B0DTJW8899,A2W8EY4J0UOJZR
B0DLKK3BHX,A2W8EY4J0UOJZR
B0DTHMBRKB,A2W8EY4J0UOJZR
B0DK1C9NF2,A2W8EY4J0UOJZR
B0DSPRRWJ6,A2W8EY4J0UOJZR
B0DJHGWKK9,A2W8EY4J0UOJZR
B0DSPJ5P65,A2W8EY4J0UOJZR
B0DHVRZF9X,A2W8EY4J0UOJZR
B0DSJ6C7XB,A2W8EY4J0UOJZR
B0DHV3J9V4,A2W8EY4J0UOJZR
B0DRSS3YGX,A2W8EY4J0UOJZR
B0DHKC8Z2H,A2W8EY4J0UOJZR
B0DRLG45WS,A2W8EY4J0UOJZR
B0DGQZ6R3T,A2W8EY4J0UOJZR
B0DRL24XD4,A2W8EY4J0UOJZR
B0DG8JW5VM,A2W8EY4J0UOJZR
B0DRF9QJFS,A2W8EY4J0UOJZR
B0DFPBM1YH,A2W8EY4J0UOJZR
B0DQQC6LF9,A2W8EY4J0UOJZR
B0DF79SPT3,A2W8EY4J0UOJZR
B0DQKZ3R2T,A2W8EY4J0UOJZR
B0DDPJVGTZ,A2W8EY4J0UOJZR
B0DQKWMZKZ,A2W8EY4J0UOJZR
B0D9VYX4FH,A2W8EY4J0UOJZR
B0DQHKY4ZH,A2W8EY4J0UOJZR
B0D9VQYZYC,A2W8EY4J0UOJZR
B0DQGRL4JJ,A2W8EY4J0UOJZR
B0D9VNRJWL,A2W8EY4J0UOJZR
B0DPKH5RRR,A2W8EY4J0UOJZR
B0D9VJ3LDB,A2W8EY4J0UOJZR
B0DPF5LSXH,A2W8EY4J0UOJZR
B0D9J41T4G,A2W8EY4J0UOJZR
B0DL5QQ45Q,A2W8EY4J0UOJZR
B0CQFJQ6M5,A2W8EY4J0UOJZR
B0DL523RJ9,A2W8EY4J0UOJZR
B0CPF9KFKQ,A2W8EY4J0UOJZR
B0DKJSM2NZ,A2W8EY4J0UOJZR
B0CNRKYH1V,A2W8EY4J0UOJZR
B0DKCYQH39,A2W8EY4J0UOJZR
B0CN32LQ6V,A2W8EY4J0UOJZR
B0DKBLY9KQ,A2W8EY4J0UOJZR
B0CN3192T8,A2W8EY4J0UOJZR
B0DK2SXGZW,A2W8EY4J0UOJZR
B0CLJXSDPD,A2W8EY4J0UOJZR
B0DJR1WWQM,A2W8EY4J0UOJZR
B0CJCGZ3TL,A2W8EY4J0UOJZR
B0DJ71PWZQ,A2W8EY4J0UOJZR
B0CJCFYD2Y,A2W8EY4J0UOJZR
B0DPCJYNDR,A2W8EY4J0UOJZR
B0D9HN4LKN,A2W8EY4J0UOJZR
B0DP65RNBK,A2W8EY4J0UOJZR
B0D6FR29TC,A2W8EY4J0UOJZR
B0DNG1SR65,A2W8EY4J0UOJZR
B0CXTFKJNH,A2W8EY4J0UOJZR
B0DN59L9ML,A2W8EY4J0UOJZR
B0CTJPBZC9,A2W8EY4J0UOJZR
B0DMZZTGN7,A2W8EY4J0UOJZR
B0CTHH7TZW,A2W8EY4J0UOJZR
B0DM2KG5TC,A2W8EY4J0UOJZR
B0CSS8YC3Z,A2W8EY4J0UOJZR
B0DLVBX7MG,A2W8EY4J0UOJZR
B0CSN272T3,A2W8EY4J0UOJZR
B0DL9ZP1QR,A2W8EY4J0UOJZR
B0CS2FGWTL,A2W8EY4J0UOJZR
B0DJ2P2TDR,A2W8EY4J0UOJZR
B0CJB8QDX5,A2W8EY4J0UOJZR
B0DJ29DX5Y,A2W8EY4J0UOJZR
B0CFF3CGMR,A2W8EY4J0UOJZR
B0DHKYFX2S,A2W8EY4J0UOJZR
B0CBSBTRGB,A2W8EY4J0UOJZR
B0DHCFV3W6,A2W8EY4J0UOJZR
B0CBPV9Y65,A2W8EY4J0UOJZR
B0DGQ9T79R,A2W8EY4J0UOJZR
B0C8H5SVMB,A2W8EY4J0UOJZR
B0DGQ8VQY1,A2W8EY4J0UOJZR
B0C7Q118GW,A2W8EY4J0UOJZR
B0DGKYWNPG,A2W8EY4J0UOJZR
B0BX6YYQQ5,A2W8EY4J0UOJZR
B0DGJWRXRF,A2W8EY4J0UOJZR
B0BQMM66G9,A2W8EY4J0UOJZR
B0DD6KRWZD,A2W8EY4J0UOJZR
B08P3WTMFZ,A2W8EY4J0UOJZR
B0DCBNG5KY,A2W8EY4J0UOJZR
B08GKYCGB9,A2W8EY4J0UOJZR
B0DC6JLBCT,A2W8EY4J0UOJZR
B085PNG784,A2W8EY4J0UOJZR
B0DBZP51MH,A2W8EY4J0UOJZR
B081ZCCMMQ,A2W8EY4J0UOJZR
B0DBZDRD59,A2W8EY4J0UOJZR
B07WF2Z8G3,A2W8EY4J0UOJZR
B0DBV47SZP,A2W8EY4J0UOJZR
B07RH6LQYG,A2W8EY4J0UOJZR
B0DB8NP7XQ,A2W8EY4J0UOJZR
B07FHXGRCM,A2W8EY4J0UOJZR
B0DB28852K,A2W8EY4J0UOJZR
B078YLGMRW,A2W8EY4J0UOJZR
B0DG8QXMX6,A2W8EY4J0UOJZR
B0BM9BSVQY,A2W8EY4J0UOJZR
B0DG37CLQZ,A2W8EY4J0UOJZR
B0B5B7VQB1,A2W8EY4J0UOJZR
B0DF5H6Y9T,A2W8EY4J0UOJZR
B0B59MZZBN,A2W8EY4J0UOJZR
B0DF2HB326,A2W8EY4J0UOJZR
B0B4G1ZPL3,A2W8EY4J0UOJZR
B0DDVT1WFQ,A2W8EY4J0UOJZR
B0B2VS88V9,A2W8EY4J0UOJZR
B0DDPVG8LL,A2W8EY4J0UOJZR
B09X32KNTT,A2W8EY4J0UOJZR
B0DDCK419W,A2W8EY4J0UOJZR
B09WJVQM66,A2W8EY4J0UOJZR
B0DDBNKD3G,A2W8EY4J0UOJZR
B09B37XVP4,A2W8EY4J0UOJZR
B0D5XKYJH4,A2W8EY4J0UOJZR
B0D5LMH8TQ,A2W8EY4J0UOJZR
B0D59F6F1D,A2W8EY4J0UOJZR
B0D4LZXWZR,A2W8EY4J0UOJZR
B0D47T937J,A2W8EY4J0UOJZR
B0D31YX3NL,A2W8EY4J0UOJZR
B0D25Z29N4,A2W8EY4J0UOJZR
B0D1RF5PHG,A2W8EY4J0UOJZR
B0CZQ34SMZ,A2W8EY4J0UOJZR
B0CZMXT645,A2W8EY4J0UOJZR
B0CZCV27GX,A2W8EY4J0UOJZR
B0CZ7FYF7P,A2W8EY4J0UOJZR
B0CYZH4SVT,A2W8EY4J0UOJZR
B0CYT3NY82,A2W8EY4J0UOJZR
B0CY8TVF8G,A2W8EY4J0UOJZR
B0CY8J5JHR,A2W8EY4J0UOJZR
B0CY89TQRJ,A2W8EY4J0UOJZR
B0CXNYSZXM,A2W8EY4J0UOJZR
B0CWTWH85P,A2W8EY4J0UOJZR
B0CWNV2N78,A2W8EY4J0UOJZR
B0CWNPGSR4,A2W8EY4J0UOJZR
B0CT5GW7Z7,A2W8EY4J0UOJZR
B0CSXNRB78,A2W8EY4J0UOJZR
B0CSDPHMT9,A2W8EY4J0UOJZR
B0CRDQ3CBQ,A2W8EY4J0UOJZR
B0CR3SQBJY,A2W8EY4J0UOJZR
B0CQQHZM5K,A2W8EY4J0UOJZR
B0CQJX2NNJ,A2W8EY4J0UOJZR
B0CQCHDYWJ,A2W8EY4J0UOJZR
B0CPM7CHTL,A2W8EY4J0UOJZR
B0CNXHVYTS,A2W8EY4J0UOJZR
B0CNVDTL1B,A2W8EY4J0UOJZR
B0CNS2H5V1,A2W8EY4J0UOJZR
B0CM9BX19M,A2W8EY4J0UOJZR
B0CLDB6NJG,A2W8EY4J0UOJZR
B0CKS2B93B,A2W8EY4J0UOJZR
B0CJFKWQ6D,A2W8EY4J0UOJZR
B0CHV77G4P,A2W8EY4J0UOJZR
B0CHS1QMJJ,A2W8EY4J0UOJZR
B0CHJ9NQ7K,A2W8EY4J0UOJZR
B0CFXCTXFR,A2W8EY4J0UOJZR
B0CFF1NCQY,A2W8EY4J0UOJZR
B0CFBB1LWK,A2W8EY4J0UOJZR
B0CCS5NG7T,A2W8EY4J0UOJZR
B0C7NZB2P9,A2W8EY4J0UOJZR
B0C772NW71,A2W8EY4J0UOJZR
B0C6K6Z6Z5,A2W8EY4J0UOJZR
B0C2FYXG1C,A2W8EY4J0UOJZR
B0C1Q27WNT,A2W8EY4J0UOJZR
B0BZSD6B68,A2W8EY4J0UOJZR
B0BZ47MMGZ,A2W8EY4J0UOJZR
B0BW11ZN22,A2W8EY4J0UOJZR
B0B7XGY2W8,A2W8EY4J0UOJZR
B0B7C2NBHB,A2W8EY4J0UOJZR
B0B6P86K5M,A2W8EY4J0UOJZR
B0B6G9ZHHT,A2W8EY4J0UOJZR
B0B4D338X8,A2W8EY4J0UOJZR
B0B29LQ611,A2W8EY4J0UOJZR
B0B155YV5S,A2W8EY4J0UOJZR
B09HMX2DDF,A2W8EY4J0UOJZR
B095P4DFWZ,A2W8EY4J0UOJZR
B08YN9F2WC,A2W8EY4J0UOJZR
B08WPRDLTT,A2W8EY4J0UOJZR
B089D14D7T,A2W8EY4J0UOJZR
B0863JTVV8,A2W8EY4J0UOJZR
B0848WT2YC,A2W8EY4J0UOJZR
B0847MXWQF,A2W8EY4J0UOJZR
B07XQ75WVP,A2W8EY4J0UOJZR
B07TKKTV78,A2W8EY4J0UOJZR
B07LD2WTQF,A2W8EY4J0UOJZR
B079RMQWWM,A2W8EY4J0UOJZR
B01M991I7R,A2W8EY4J0UOJZR
B00PQZT2LM,A2W8EY4J0UOJZR
B00D6MMZQG,A2W8EY4J0UOJZR
B0D9NL86X2,A2W8EY4J0UOJZR
B07527SXCH,A2W8EY4J0UOJZR
B0D9MQW2C1,A2W8EY4J0UOJZR
B0D9LWZSMG,A2W8EY4J0UOJZR
B0D9GL8R8L,A2W8EY4J0UOJZR
B0D9B4PJFT,A2W8EY4J0UOJZR
B0D928VFYP,A2W8EY4J0UOJZR
B0D8T69BNL,A2W8EY4J0UOJZR
B0D8J3RWQH,A2W8EY4J0UOJZR
B0D7D2S2BG,A2W8EY4J0UOJZR
B0D7CMYK4W,A2W8EY4J0UOJZR
B0D6XW8FTQ,A2W8EY4J0UOJZR
B0D6RMFJNK,A2W8EY4J0UOJZR
B0D6JXB4MG,A2W8EY4J0UOJZR
B0D69VV53R,A2W8EY4J0UOJZR
B0D65QSRYD,A2W8EY4J0UOJZR
B0DT6MZX3C,A2W8EY4J0UOJZR
B0D6R7VBQ9,A2W8EY4J0UOJZR
B0DT3WPW65,A2W8EY4J0UOJZR
B0D6PFJ1GC,A2W8EY4J0UOJZR
B0DSWF28HV,A2W8EY4J0UOJZR
B0D4YCJ69B,A2W8EY4J0UOJZR
B0DSW6R27H,A2W8EY4J0UOJZR
B0D3HDSNM5,A2W8EY4J0UOJZR
B0DST597N1,A2W8EY4J0UOJZR
B0D3193FGK,A2W8EY4J0UOJZR
B0DSSN5T2R,A2W8EY4J0UOJZR
B0D17CM1K1,A2W8EY4J0UOJZR
B0DSG1TBT3,A2W8EY4J0UOJZR
B0CZ2FCHPR,A2W8EY4J0UOJZR
B0DSBQRBZC,A2W8EY4J0UOJZR
B0CYWYJNW8,A2W8EY4J0UOJZR
B0DN62RJMT,A2W8EY4J0UOJZR
B0C2VZDDKS,A2W8EY4J0UOJZR
B0DN178WHN,A2W8EY4J0UOJZR
B0C2T81LF6,A2W8EY4J0UOJZR
B0DM227T22,A2W8EY4J0UOJZR
B0BZP6WVBC,A2W8EY4J0UOJZR
B0DM1YHBJC,A2W8EY4J0UOJZR
B0BTYMNYRF,A2W8EY4J0UOJZR
B0DLL5KVPX,A2W8EY4J0UOJZR
B0BRV2ZFTQ,A2W8EY4J0UOJZR
B0DLKZJB54,A2W8EY4J0UOJZR
B0BGRTCKDQ,A2W8EY4J0UOJZR
B0DLKPH8H2,A2W8EY4J0UOJZR
B0BBTF1RT9,A2W8EY4J0UOJZR
B0DLGMGVMP,A2W8EY4J0UOJZR
B09ZT6QV1D,A2W8EY4J0UOJZR
B0DQTKJ6NG,A2W8EY4J0UOJZR
B0CVCVJSGX,A2W8EY4J0UOJZR
B0DQSBCSPR,A2W8EY4J0UOJZR
B0CRRRK1BR,A2W8EY4J0UOJZR
B0DQQ1CBGN,A2W8EY4J0UOJZR
B0CQP81G7L,A2W8EY4J0UOJZR
B0DQLMT1MM,A2W8EY4J0UOJZR
B0CPY2G42V,A2W8EY4J0UOJZR
B0DQKRD4FH,A2W8EY4J0UOJZR
B0CJRTD5HF,A2W8EY4J0UOJZR
B0DPVHFGRR,A2W8EY4J0UOJZR
B0CGVFNJJF,A2W8EY4J0UOJZR
B0DNZC2WK4,A2W8EY4J0UOJZR
B0CGM2ZMJ7,A2W8EY4J0UOJZR
B0DNZ4ZC7N,A2W8EY4J0UOJZR
B0C9ML911J,A2W8EY4J0UOJZR
B0DKXPP27T,A2W8EY4J0UOJZR
B09TKYCWH5,A2W8EY4J0UOJZR
B0DKX6D4RC,A2W8EY4J0UOJZR
B09889H8L7,A2W8EY4J0UOJZR
B0DKTKCH5L,A2W8EY4J0UOJZR
B08M8XYM5H,A2W8EY4J0UOJZR
B0DKCYXHK1,A2W8EY4J0UOJZR
B08BQVHBWT,A2W8EY4J0UOJZR
B0DK9VBZTT,A2W8EY4J0UOJZR
B08939CDFD,A2W8EY4J0UOJZR
B0DK9BLC4G,A2W8EY4J0UOJZR
B086KQBNGM,A2W8EY4J0UOJZR
B0DK6P3GXZ,A2W8EY4J0UOJZR
B0815R9KJF,A2W8EY4J0UOJZR
B0DK2XNW9Y,A2W8EY4J0UOJZR
B07ZZKM5NS,A2W8EY4J0UOJZR
B0DGPWNFY3,A2W8EY4J0UOJZR
B00JGJ5G0A,A2W8EY4J0UOJZR
B0DGL66TVB,A2W8EY4J0UOJZR
B00A5X6NFS,A2W8EY4J0UOJZR
B0DG5D4QY3,A2W8EY4J0UOJZR
B0090KB35W,A2W8EY4J0UOJZR
B0DFW7VL6T,A2W8EY4J0UOJZR
B004MXAFZQ,A2W8EY4J0UOJZR
B0DFPW473Q,A2W8EY4J0UOJZR
B001J8CUVO,A2W8EY4J0UOJZR
B0DFCH9V6G,A2W8EY4J0UOJZR
B0DDTLZHLG,A2W8EY4J0UOJZR
B0DD7KNB5Y,A2W8EY4J0UOJZR
B0DD6H4D34,A2W8EY4J0UOJZR
B0DCNTC9LS,A2W8EY4J0UOJZR
B0DCFZC8LM,A2W8EY4J0UOJZR
B0DK1BM1S1,A2W8EY4J0UOJZR
B07MF1N6KZ,A2W8EY4J0UOJZR
B0DJG55PBX,A2W8EY4J0UOJZR
B07KC5BV9H,A2W8EY4J0UOJZR
B0DJ2VN9XG,A2W8EY4J0UOJZR
B07HLZ4ZFT,A2W8EY4J0UOJZR
B0DJ2PD4FR,A2W8EY4J0UOJZR
B07D6XWZNF,A2W8EY4J0UOJZR
B0DJ1NSQ96,A2W8EY4J0UOJZR
B01LXP3VWD,A2W8EY4J0UOJZR
B0DHN2TP1N,A2W8EY4J0UOJZR
B01J1Y3SUO,A2W8EY4J0UOJZR
B0DHK6VGN8,A2W8EY4J0UOJZR
B01CHE2IHO,A2W8EY4J0UOJZR
B0DHGRZ94P,A2W8EY4J0UOJZR
B00JGJ61K4,A2W8EY4J0UOJZR
B0CRKLYT15,A2W8EY4J0UOJZR
B0CRHVDHG6,A2W8EY4J0UOJZR
B0CR9ZQ88C,A2W8EY4J0UOJZR
B0CQ4YF6ZS,A2W8EY4J0UOJZR
B0CPVM3W55,A2W8EY4J0UOJZR
B0CNS98GKK,A2W8EY4J0UOJZR
B0CLY2D74Z,A2W8EY4J0UOJZR
B0CLD75MBJ,A2W8EY4J0UOJZR
B0CKW9VHRX,A2W8EY4J0UOJZR
B0CGVC91L5,A2W8EY4J0UOJZR
B0C8MKL4Y4,A2W8EY4J0UOJZR
B0C6RD24HM,A2W8EY4J0UOJZR
B0C693L4XL,A2W8EY4J0UOJZR
B0BXRW624Z,A2W8EY4J0UOJZR
B0BM3LG7Y2,A2W8EY4J0UOJZR
B0BK9TBZGK,A2W8EY4J0UOJZR
B000S5GKII,A2W8EY4J0UOJZR
B0BGDK5XTC,A2W8EY4J0UOJZR
B0B8PD2YLX,A2W8EY4J0UOJZR
B0B3XWR5GF,A2W8EY4J0UOJZR
B0B315F5GH,A2W8EY4J0UOJZR
B09Y8DTQ5K,A2W8EY4J0UOJZR
B09X33XYY1,A2W8EY4J0UOJZR
B09WRLRYSJ,A2W8EY4J0UOJZR
B09V7P4V9W,A2W8EY4J0UOJZR
B09C6293QY,A2W8EY4J0UOJZR
B09B2FHW2K,A2W8EY4J0UOJZR
B097C5D1Z4,A2W8EY4J0UOJZR
B097B5GJF7,A2W8EY4J0UOJZR
B092NMF59C,A2W8EY4J0UOJZR
B08Y8MHMHL,A2W8EY4J0UOJZR
B08Y5QQVK9,A2W8EY4J0UOJZR
B08QSM5FCY,A2W8EY4J0UOJZR
B0DC72J3RN,A2W8EY4J0UOJZR
B0DC58H42J,A2W8EY4J0UOJZR
B0D9VYF9N8,A2W8EY4J0UOJZR
B0D9QGX8MM,A2W8EY4J0UOJZR
B0D9J56J9T,A2W8EY4J0UOJZR
B0D97ZVSL7,A2W8EY4J0UOJZR
B0D965Q3WD,A2W8EY4J0UOJZR
B0D94T72Z9,A2W8EY4J0UOJZR
B0D91QQ5N7,A2W8EY4J0UOJZR
B0D8KRHDY9,A2W8EY4J0UOJZR
B0D7ZX2GWK,A2W8EY4J0UOJZR
B0D7P5QC9W,A2W8EY4J0UOJZR
B0D6WBL8NC,A2W8EY4J0UOJZR
B0D6HG5DK9,A2W8EY4J0UOJZR
B0D5B4PV3M,A2W8EY4J0UOJZR
B0D4RF1KVQ,A2W8EY4J0UOJZR
B0DTDWCH8W,A2W8EY4J0UOJZR
B0DMVWCH5M,A2W8EY4J0UOJZR
B0DT5QLQFZ,A2W8EY4J0UOJZR
B0DMSPLBSQ,A2W8EY4J0UOJZR
B0DT3JPDY4,A2W8EY4J0UOJZR
B0DMP6ZR86,A2W8EY4J0UOJZR
B08NK7XWM6,A2W8EY4J0UOJZR
B089Q1NXRP,A2W8EY4J0UOJZR
B088113RQ7,A2W8EY4J0UOJZR
B0854P975G,A2W8EY4J0UOJZR
B0843JTZM6,A2W8EY4J0UOJZR
B082YH1ZPP,A2W8EY4J0UOJZR
B07WHHYGTW,A2W8EY4J0UOJZR
B07JCTD9BD,A2W8EY4J0UOJZR
B07BQJ3YRB,A2W8EY4J0UOJZR
B01N9JZG3O,A2W8EY4J0UOJZR
B01N9BA5JJ,A2W8EY4J0UOJZR
B01M7NP7ZL,A2W8EY4J0UOJZR
B00HRRKQ1W,A2W8EY4J0UOJZR
B00E25468G,A2W8EY4J0UOJZR
B004VU91NW,A2W8EY4J0UOJZR
B003JKJCJS,A2W8EY4J0UOJZR
B0DNM977SP,A2W8EY4J0UOJZR
B0DTKLDMD1,A2W8EY4J0UOJZR
B0DMZM1M7Q,A2W8EY4J0UOJZR
B0DTD8N5Z3,A2W8EY4J0UOJZR
B0DLGW4XJC,A2W8EY4J0UOJZR
B0DT9HTN2D,A2W8EY4J0UOJZR
B0DCNJ5W8Y,A2W8EY4J0UOJZR
B0DT4B117Z,A2W8EY4J0UOJZR
B0DC6YC5GJ,A2W8EY4J0UOJZR
B0DTVNH8Y7,A2W8EY4J0UOJZR
B0DNMRZ977,A2W8EY4J0UOJZR
B0DTJZVTQP,A2W8EY4J0UOJZR
B0DPT3DMMZ,A2W8EY4J0UOJZR
B0DW44XCQK,A2W8EY4J0UOJZR
B0DP612NBH,A2W8EY4J0UOJZR
B0DV4W1KM9,A2W8EY4J0UOJZR
B0DM8FRTD8,A2W8EY4J0UOJZR
B0DTB2DCWB,A2W8EY4J0UOJZR
B0DKBR1T2B,A2W8EY4J0UOJZR
B0DT6W9D6Q,A2W8EY4J0UOJZR
B0DK4N4TTP,A2W8EY4J0UOJZR
B0DSG5VNZS,A2W8EY4J0UOJZR
B0DJ775TSP,A2W8EY4J0UOJZR
B0DS6B14J8,A2W8EY4J0UOJZR
B0DHS89XGP,A2W8EY4J0UOJZR
B0D3MD9L4S,A2W8EY4J0UOJZR
B0D2XYFK3Q,A2W8EY4J0UOJZR
B0D2VPCQLM,A2W8EY4J0UOJZR
B0D2R4T2PK,A2W8EY4J0UOJZR
B0D1QQKTYC,A2W8EY4J0UOJZR
B0D1G7MN1L,A2W8EY4J0UOJZR
B0D1FWP1N7,A2W8EY4J0UOJZR
B0CZ6MZM2H,A2W8EY4J0UOJZR
B0CZ3CJ6TZ,A2W8EY4J0UOJZR
B0CYH5PPR3,A2W8EY4J0UOJZR
B0CWKTL5PP,A2W8EY4J0UOJZR
B0CWB1P2XR,A2W8EY4J0UOJZR
B0CT964TNZ,A2W8EY4J0UOJZR
B0CT5SMH2Z,A2W8EY4J0UOJZR
B0CSBFX31R,A2W8EY4J0UOJZR
B0CRYMDC1N,A2W8EY4J0UOJZR
B0DTQCD2ZC,A2W8EY4J0UOJZR
B0DF39552V,A2W8EY4J0UOJZR
B0DTJ6Y5GN,A2W8EY4J0UOJZR
B0DF2PYGLZ,A2W8EY4J0UOJZR
B0DT2XMBZJ,A2W8EY4J0UOJZR
B0D87CCLNY,A2W8EY4J0UOJZR
B0DTQ2L52X,A2W8EY4J0UOJZR
B0DSZLHJXH,A2W8EY4J0UOJZR
B0DK152M5B,A2W8EY4J0UOJZR
B0DS9T1CX9,A2W8EY4J0UOJZR
B0DJTKY3JX,A2W8EY4J0UOJZR
B0DRY2CK5X,A2W8EY4J0UOJZR
B0DHWSRSPS,A2W8EY4J0UOJZR
B0DRV7MPD9,A2W8EY4J0UOJZR
B0DFY9G664,A2W8EY4J0UOJZR
B0DP5YR6TW,A2W8EY4J0UOJZR
B0DX6RMDRK,A2W8EY4J0UOJZR
B0DLZPBMVK,A2W8EY4J0UOJZR
B0DWF8Z4JF,A2W8EY4J0UOJZR
B0DJTHZN1R,A2W8EY4J0UOJZR
B0DSPT2HMB,A2W8EY4J0UOJZR
B0DHKZ42XZ,A2W8EY4J0UOJZR
B0DTQB7TNJ,A2W8EY4J0UOJZR
B0DNYJXVX1,A2W8EY4J0UOJZR
B0DSSYN7B2,A2W8EY4J0UOJZR
B0DMZ6459M,A2W8EY4J0UOJZR
B0DSKWJWTH,A2W8EY4J0UOJZR
B0DFMG2JQZ,A2W8EY4J0UOJZR
B0DS4SMFTY,A2W8EY4J0UOJZR
B0DDSN66M1,A2W8EY4J0UOJZR
B0DS4MY3YW,A2W8EY4J0UOJZR
B0DCZ84WHD,A2W8EY4J0UOJZR
B0DT9T78YY,A2W8EY4J0UOJZR
B0D69L1Y5J,A2W8EY4J0UOJZR
B0DT3VZ515,A2W8EY4J0UOJZR
B0D66LCDXJ,A2W8EY4J0UOJZR
B0DS9H5F6B,A2W8EY4J0UOJZR
B0D5RR2VKP,A2W8EY4J0UOJZR
B0DS9G24RG,A2W8EY4J0UOJZR
B0D53VYL5H,A2W8EY4J0UOJZR
B0DS671F1N,A2W8EY4J0UOJZR
B0D4QTL1N9,A2W8EY4J0UOJZR
B0DRW67QJP,A2W8EY4J0UOJZR
B0D317JRM9,A2W8EY4J0UOJZR
B0DRPMQF2H,A2W8EY4J0UOJZR
B0D2HXRQ5B,A2W8EY4J0UOJZR
B0DRFX9GDK,A2W8EY4J0UOJZR
B0CZDH84TF,A2W8EY4J0UOJZR
B0DRFWBY4D,A2W8EY4J0UOJZR
B0CZ3WH3KH,A2W8EY4J0UOJZR
B0DR68TLDY,A2W8EY4J0UOJZR
B0CY23F5SQ,A2W8EY4J0UOJZR
B0DR2RT99D,A2W8EY4J0UOJZR
B0CWGN3LH2,A2W8EY4J0UOJZR
B0DQPHX5CD,A2W8EY4J0UOJZR
B0CTS2SZL9,A2W8EY4J0UOJZR
B0DQNH93R7,A2W8EY4J0UOJZR
B0CTHSQXTW,A2W8EY4J0UOJZR
B0DQF73XHM,A2W8EY4J0UOJZR
B0CPDYPVQL,A2W8EY4J0UOJZR
B0DQ767GX6,A2W8EY4J0UOJZR
B0CN9BPV95,A2W8EY4J0UOJZR
B0DQ4ZHZ87,A2W8EY4J0UOJZR
B0CKQBBPFN,A2W8EY4J0UOJZR
B0DPX41CDJ,A2W8EY4J0UOJZR
B0CHLMF3ZB,A2W8EY4J0UOJZR
B0DPPFXGS4,A2W8EY4J0UOJZR
B0CB3S4V7G,A2W8EY4J0UOJZR
B0DPHQ4VJV,A2W8EY4J0UOJZR
B0C96FN4VV,A2W8EY4J0UOJZR
B0DPFZZJCC,A2W8EY4J0UOJZR
B0C36VB3V9,A2W8EY4J0UOJZR
B0DP5B32YM,A2W8EY4J0UOJZR
B0C23JP36F,A2W8EY4J0UOJZR
B0DP48HLMY,A2W8EY4J0UOJZR
B0BYKB7MQM,A2W8EY4J0UOJZR
B0DNPSX3HJ,A2W8EY4J0UOJZR
B0BGKHLFSY,A2W8EY4J0UOJZR
B0DNMN1P63,A2W8EY4J0UOJZR
B0BF4BKW5J,A2W8EY4J0UOJZR
B0DJSZV6D7,A2W8EY4J0UOJZR
B098BJYYFK,A2W8EY4J0UOJZR
B0DJKQPPHY,A2W8EY4J0UOJZR
B08S9SBQL1,A2W8EY4J0UOJZR
B0DJKP8WGV,A2W8EY4J0UOJZR
B07TS7M12H,A2W8EY4J0UOJZR
B0DJ33NH99,A2W8EY4J0UOJZR
B07PDTG9BQ,A2W8EY4J0UOJZR
B0DHY34DJS,A2W8EY4J0UOJZR
B0DHXNSQGX,A2W8EY4J0UOJZR
B0DHX1SQDY,A2W8EY4J0UOJZR
B0DGQB9K7H,A2W8EY4J0UOJZR
B0DGQB4QMB,A2W8EY4J0UOJZR
B0DGL9FLXM,A2W8EY4J0UOJZR
B0DGG6FFXG,A2W8EY4J0UOJZR
B0DGCGBGRQ,A2W8EY4J0UOJZR
B0DN15B14Q,A2W8EY4J0UOJZR
B0BCGB6YYM,A2W8EY4J0UOJZR
B0DMJX2KZJ,A2W8EY4J0UOJZR
B0B9MJBJBG,A2W8EY4J0UOJZR
B0DLV8TZQ8,A2W8EY4J0UOJZR
B0B8C4NXHZ,A2W8EY4J0UOJZR
B0DL3DJHR4,A2W8EY4J0UOJZR
B0B74ZNGFV,A2W8EY4J0UOJZR
B0DL1FV5M2,A2W8EY4J0UOJZR
B0B714889L,A2W8EY4J0UOJZR
B0DKX81P2T,A2W8EY4J0UOJZR
B09Z2KXCZP,A2W8EY4J0UOJZR
B0DKDYKL1S,A2W8EY4J0UOJZR
B09VXGDZ9F,A2W8EY4J0UOJZR
B0DK538BMH,A2W8EY4J0UOJZR
B098QD3MRQ,A2W8EY4J0UOJZR
B0DFWB525F,A2W8EY4J0UOJZR
B0DFHF82W6,A2W8EY4J0UOJZR
B0DDY5HSGF,A2W8EY4J0UOJZR
B0DDTKVYL2,A2W8EY4J0UOJZR
B0DDK6NGGM,A2W8EY4J0UOJZR
B0DDF61J12,A2W8EY4J0UOJZR
B0DCZ47D83,A2W8EY4J0UOJZR
B0DCNJVRHM,A2W8EY4J0UOJZR
B0DCK6F6XQ,A2W8EY4J0UOJZR
B0DC43LVJX,A2W8EY4J0UOJZR
B0DB8HT13N,A2W8EY4J0UOJZR
B0D9Y7PZYT,A2W8EY4J0UOJZR
B0D9N35WCW,A2W8EY4J0UOJZR
B0D9LYN8H8,A2W8EY4J0UOJZR
B0D9JQTX9Z,A2W8EY4J0UOJZR
B0D979C8TS,A2W8EY4J0UOJZR
B0D8QJ6FJ5,A2W8EY4J0UOJZR
B0D7LVLYVC,A2W8EY4J0UOJZR
B0D7HCC164,A2W8EY4J0UOJZR
B0D7GKZW13,A2W8EY4J0UOJZR
B0D66BRK3Z,A2W8EY4J0UOJZR
B0D52L6D5H,A2W8EY4J0UOJZR
B0D4Y6HWTN,A2W8EY4J0UOJZR
B0D4Q9Q6JV,A2W8EY4J0UOJZR
B0D4M1TL6S,A2W8EY4J0UOJZR
B0D4LQNRQ8,A2W8EY4J0UOJZR
B0D3PYHCHW,A2W8EY4J0UOJZR
B0D2NWV4Z5,A2W8EY4J0UOJZR
B0D2K4ZC5R,A2W8EY4J0UOJZR
B0CZZX7943,A2W8EY4J0UOJZR
B0CZRWL83B,A2W8EY4J0UOJZR
B0CZKF17YX,A2W8EY4J0UOJZR
B0CZ7PQ55L,A2W8EY4J0UOJZR
B0CYZPKZ3X,A2W8EY4J0UOJZR
B0CXXN5Q1T,A2W8EY4J0UOJZR
B0CXXJC4W4,A2W8EY4J0UOJZR
B0CXNYTH2Q,A2W8EY4J0UOJZR
B0CXMPRNPS,A2W8EY4J0UOJZR
B0CXMJGSCC,A2W8EY4J0UOJZR
B0CXHT5G7Y,A2W8EY4J0UOJZR
B0CX15RQ2Y,A2W8EY4J0UOJZR
B0CW388JYC,A2W8EY4J0UOJZR
B0CSF93QZG,A2W8EY4J0UOJZR
B0CRTBT2KC,A2W8EY4J0UOJZR
B0CRDTPPZY,A2W8EY4J0UOJZR
B0CRDGTK69,A2W8EY4J0UOJZR
B0CNVDM43M,A2W8EY4J0UOJZR
B0CNP5BBV9,A2W8EY4J0UOJZR
B0CLXQCDZP,A2W8EY4J0UOJZR
B0CJVMTJNF,A2W8EY4J0UOJZR
B0CJV6R6DK,A2W8EY4J0UOJZR
B0CJRHMFH7,A2W8EY4J0UOJZR
B0CJ6KCG8K,A2W8EY4J0UOJZR
B0CHVPSG4M,A2W8EY4J0UOJZR
B0CH13JT2N,A2W8EY4J0UOJZR
B0CFHJFZBT,A2W8EY4J0UOJZR
B0CFDQCGW8,A2W8EY4J0UOJZR
B0CF5JTNC4,A2W8EY4J0UOJZR
B0C4KT551L,A2W8EY4J0UOJZR
B0C2CKT816,A2W8EY4J0UOJZR
B0BZ7MRVL4,A2W8EY4J0UOJZR
B0BZ5F6LJK,A2W8EY4J0UOJZR
B0BV675NC9,A2W8EY4J0UOJZR
B0BTZXNBGQ,A2W8EY4J0UOJZR
B0BHP2P69W,A2W8EY4J0UOJZR
B0B383XDT8,A2W8EY4J0UOJZR
B09XQRPLNN,A2W8EY4J0UOJZR
B09ST86XNK,A2W8EY4J0UOJZR
B09RKTKZTN,A2W8EY4J0UOJZR
B09MRJKWL7,A2W8EY4J0UOJZR
B09MJ464N8,A2W8EY4J0UOJZR
B08VYJG9HC,A2W8EY4J0UOJZR
B08VHXYHZQ,A2W8EY4J0UOJZR
B08KJ57ZQW,A2W8EY4J0UOJZR
B08GSQF3HP,A2W8EY4J0UOJZR
B08D6G7J6J,A2W8EY4J0UOJZR
B08BTHZWSL,A2W8EY4J0UOJZR
B0863BCV67,A2W8EY4J0UOJZR
B0846W8VG1,A2W8EY4J0UOJZR
B0811Q9S36,A2W8EY4J0UOJZR
B07PYDKZ5G,A2W8EY4J0UOJZR
B07LG2268Z,A2W8EY4J0UOJZR
B07GDW93M8,A2W8EY4J0UOJZR
B01LW5BU8W,A2W8EY4J0UOJZR
B01AUVGK34,A2W8EY4J0UOJZR
B014H5EJMS,A2W8EY4J0UOJZR
B00I8U3T34,A2W8EY4J0UOJZR
B00E9BOE9Y,A2W8EY4J0UOJZR
B007BD5KDG,A2W8EY4J0UOJZR
B003BLO8QC,A2W8EY4J0UOJZR
B0DRDHFTJP,A2W8EY4J0UOJZR
B0D5GZXJWH,A2W8EY4J0UOJZR
B0DRBSNK7R,A2W8EY4J0UOJZR
B0D5GY3QGK,A2W8EY4J0UOJZR
B0DRBSGBLB,A2W8EY4J0UOJZR
B0D2R9QDY5,A2W8EY4J0UOJZR
B0DQS6CJMF,A2W8EY4J0UOJZR
B0D1R3TTS2,A2W8EY4J0UOJZR
B0DQKW2WFY,A2W8EY4J0UOJZR
B0D12LWXZX,A2W8EY4J0UOJZR
B0DPGCPY7F,A2W8EY4J0UOJZR
B0CSPTN1JB,A2W8EY4J0UOJZR
B0DPCJMJGC,A2W8EY4J0UOJZR
B0CPLR8L82,A2W8EY4J0UOJZR
B0DNQ6HY59,A2W8EY4J0UOJZR
B0CLCMFDRN,A2W8EY4J0UOJZR
B0DK3CL4X5,A2W8EY4J0UOJZR
B0C377XRC2,A2W8EY4J0UOJZR
B0DJWNP59K,A2W8EY4J0UOJZR
B0C282VJ6S,A2W8EY4J0UOJZR
B0DJ6LZZTV,A2W8EY4J0UOJZR
B0BTCLPMV4,A2W8EY4J0UOJZR
B0DJ4LGLSL,A2W8EY4J0UOJZR
B0BRD7P6Y2,A2W8EY4J0UOJZR
B0DJ2WQ2JH,A2W8EY4J0UOJZR
B0BMX4HTNJ,A2W8EY4J0UOJZR
B0DHD2GT55,A2W8EY4J0UOJZR
B0BD7D44FL,A2W8EY4J0UOJZR
B0DGXV48PT,A2W8EY4J0UOJZR
B0B49RCBW5,A2W8EY4J0UOJZR
B0DGX6CPWS,A2W8EY4J0UOJZR
B09TKZHKCQ,A2W8EY4J0UOJZR
B0DGX5DKJL,A2W8EY4J0UOJZR
B09PH649RD,A2W8EY4J0UOJZR
B0DGPFX2ZV,A2W8EY4J0UOJZR
B09NCPSZ8V,A2W8EY4J0UOJZR
B0DG5MKGXQ,A2W8EY4J0UOJZR
B09HFWZ8T2,A2W8EY4J0UOJZR
B0DG4RV91M,A2W8EY4J0UOJZR
B09BR21V1K,A2W8EY4J0UOJZR
B0DFWK4WDW,A2W8EY4J0UOJZR
B08Z3JK1ZW,A2W8EY4J0UOJZR
B0DFVVZ1G3,A2W8EY4J0UOJZR
B08J7YF37P,A2W8EY4J0UOJZR
B0DDKFLVW6,A2W8EY4J0UOJZR
B08DMQ6QYX,A2W8EY4J0UOJZR
B0DD7FY11T,A2W8EY4J0UOJZR
B0893B3QD9,A2W8EY4J0UOJZR
B0DCZCY68V,A2W8EY4J0UOJZR
B07N3XJQTD,A2W8EY4J0UOJZR
B0DCJY8WD5,A2W8EY4J0UOJZR
B07FK69K6Q,A2W8EY4J0UOJZR
B0DBZP8PQH,A2W8EY4J0UOJZR
B07BT2ZJV3,A2W8EY4J0UOJZR
B0DBSP8JNR,A2W8EY4J0UOJZR
B077T8STPS,A2W8EY4J0UOJZR
B0DBQDD96V,A2W8EY4J0UOJZR
B0DBKXTZVR,A2W8EY4J0UOJZR
B0D9XX5TCV,A2W8EY4J0UOJZR
B0D9V7M8CY,A2W8EY4J0UOJZR
B0D9H2LR8X,A2W8EY4J0UOJZR
B0D9F4X4ZY,A2W8EY4J0UOJZR
B0D8SC28TY,A2W8EY4J0UOJZR
B0D8QS9GRN,A2W8EY4J0UOJZR
B0DNF3PJS6,A2W8EY4J0UOJZR
B0CK595GR8,A2W8EY4J0UOJZR
B0DN1845J5,A2W8EY4J0UOJZR
B0CHRL7FPC,A2W8EY4J0UOJZR
B0DN17ZM81,A2W8EY4J0UOJZR
B0CGLXDPNF,A2W8EY4J0UOJZR
B0DMVMGWVG,A2W8EY4J0UOJZR
B0CG95FQB5,A2W8EY4J0UOJZR
B0DMVF7C6D,A2W8EY4J0UOJZR
B0CF5C3H7J,A2W8EY4J0UOJZR
B0DM8JLY1S,A2W8EY4J0UOJZR
B0CD7SLM7D,A2W8EY4J0UOJZR
B0DKHNB9WQ,A2W8EY4J0UOJZR
B0C61CV3G2,A2W8EY4J0UOJZR
B0DKBY1DTM,A2W8EY4J0UOJZR
B0C54QNXXD,A2W8EY4J0UOJZR
B0CYH32M1W,A2W8EY4J0UOJZR
B0CYGTW3R9,A2W8EY4J0UOJZR
B0CYGM7NNY,A2W8EY4J0UOJZR
B0CWGXRWLK,A2W8EY4J0UOJZR
B0CV3WMSGM,A2W8EY4J0UOJZR
B0CV3QWGC3,A2W8EY4J0UOJZR
B0CT2Q8N98,A2W8EY4J0UOJZR
B0CSNG5DCR,A2W8EY4J0UOJZR
B0CS9W8714,A2W8EY4J0UOJZR
B0CS9535JX,A2W8EY4J0UOJZR
B0CQZJCC3L,A2W8EY4J0UOJZR
B0CQM5P1RY,A2W8EY4J0UOJZR
B0CN2LPF6W,A2W8EY4J0UOJZR
B0CMGTF9YP,A2W8EY4J0UOJZR
B0CL5Z98HK,A2W8EY4J0UOJZR
B0CJTWHZHQ,A2W8EY4J0UOJZR
B0D8JGP8CD,A2W8EY4J0UOJZR
B0D86T1SMD,A2W8EY4J0UOJZR
B0D7H1ZY2N,A2W8EY4J0UOJZR
B0D732DBJR,A2W8EY4J0UOJZR
B0D5XP9WDG,A2W8EY4J0UOJZR
B0D5H47MNW,A2W8EY4J0UOJZR
B0D46NZ3LX,A2W8EY4J0UOJZR
B0D3X362X1,A2W8EY4J0UOJZR
B0D2WDJDYG,A2W8EY4J0UOJZR
B0D2PM66ZY,A2W8EY4J0UOJZR
B0D2K712SG,A2W8EY4J0UOJZR
B0D2JJF69H,A2W8EY4J0UOJZR
B0D1MWXTFT,A2W8EY4J0UOJZR
B0CZX6PX97,A2W8EY4J0UOJZR
B0CZ727MYC,A2W8EY4J0UOJZR
B0CYPH3Y36,A2W8EY4J0UOJZR
B0CH8XG6QY,A2W8EY4J0UOJZR
B0CFGPGGVL,A2W8EY4J0UOJZR
B0CB5JMPFV,A2W8EY4J0UOJZR
B0C9213WNR,A2W8EY4J0UOJZR
B0C4TK4LKF,A2W8EY4J0UOJZR
B0C1BTD411,A2W8EY4J0UOJZR
B0BY2BWLB8,A2W8EY4J0UOJZR
B0BXJMN43Z,A2W8EY4J0UOJZR
B0BXGRL4VK,A2W8EY4J0UOJZR
B0BVSBJ43V,A2W8EY4J0UOJZR
B0BP7KVVNM,A2W8EY4J0UOJZR
B0BD3Q5431,A2W8EY4J0UOJZR
B0B4J39JKT,A2W8EY4J0UOJZR
B09XFB2P16,A2W8EY4J0UOJZR
B09WHQ18NY,A2W8EY4J0UOJZR
B09TH711RN,A2W8EY4J0UOJZR
B09MT2XP9L,A2W8EY4J0UOJZR
B08Q7FDQQW,A2W8EY4J0UOJZR
B08JH7VRLZ,A2W8EY4J0UOJZR
B086VQKJF1,A2W8EY4J0UOJZR
B086V3HN83,A2W8EY4J0UOJZR
B085MPPGSZ,A2W8EY4J0UOJZR
B083QMNQJ2,A2W8EY4J0UOJZR
B07NBY3TGG,A2W8EY4J0UOJZR
B00QO1UO6E,A2W8EY4J0UOJZR
B0DT638X4B,A2W8EY4J0UOJZR
B0DHXL9B7J,A2W8EY4J0UOJZR
B0DSVW2VJK,A2W8EY4J0UOJZR
B0DG2LCV34,A2W8EY4J0UOJZR
B0DSJPWBQB,A2W8EY4J0UOJZR
B0DFMJDYJQ,A2W8EY4J0UOJZR
B0DSJBGPK9,A2W8EY4J0UOJZR
B0DF86T29J,A2W8EY4J0UOJZR
B0DSFX1RTW,A2W8EY4J0UOJZR
B0DDXM6DD3,A2W8EY4J0UOJZR
B0DSBV3TC9,A2W8EY4J0UOJZR
B0DDPKR6DR,A2W8EY4J0UOJZR
B0DS4V64N6,A2W8EY4J0UOJZR
B0DCTDSHZN,A2W8EY4J0UOJZR
B0DRNJ4LF8,A2W8EY4J0UOJZR
B0DBR98JP7,A2W8EY4J0UOJZR
B0DRHT2VJ5,A2W8EY4J0UOJZR
B0DB5WT3M1,A2W8EY4J0UOJZR
B0DRGB64T8,A2W8EY4J0UOJZR
B0D9VY238H,A2W8EY4J0UOJZR
B0DR6QQ1QD,A2W8EY4J0UOJZR
B0D97F7WZL,A2W8EY4J0UOJZR
B0DQKGHQ8T,A2W8EY4J0UOJZR
B0D8L1JF8B,A2W8EY4J0UOJZR
B0DQJF8V3Z,A2W8EY4J0UOJZR
B0D8KX97MK,A2W8EY4J0UOJZR
B0DQCQJSKB,A2W8EY4J0UOJZR
B0D8BW5CVT,A2W8EY4J0UOJZR
B0DQ3KWBRB,A2W8EY4J0UOJZR
B0D7BRLSQ5,A2W8EY4J0UOJZR
B0DPK2KZHC,A2W8EY4J0UOJZR
B0D7918SJR,A2W8EY4J0UOJZR
B0DN17GQYY,A2W8EY4J0UOJZR
B0D31C7H66,A2W8EY4J0UOJZR
B0DMVCG1L5,A2W8EY4J0UOJZR
B0D1QH1YQ4,A2W8EY4J0UOJZR
B0DMPGXJFG,A2W8EY4J0UOJZR
B0D1QFXPBS,A2W8EY4J0UOJZR
B0DMNMVN9Z,A2W8EY4J0UOJZR
B0CYWRXK6Q,A2W8EY4J0UOJZR
B0DMFB5F1X,A2W8EY4J0UOJZR
B0CVJ61JDH,A2W8EY4J0UOJZR
B0DM5HJW9Y,A2W8EY4J0UOJZR
B0CRQBLY2Z,A2W8EY4J0UOJZR
B0DLW6QNDS,A2W8EY4J0UOJZR
B0CR7T32V7,A2W8EY4J0UOJZR
B0DLGHWBD8,A2W8EY4J0UOJZR
B0CP3SRVYM,A2W8EY4J0UOJZR
B0DPC3MVZH,A2W8EY4J0UOJZR
B0D6YJSDGN,A2W8EY4J0UOJZR
B0DP9CJHMJ,A2W8EY4J0UOJZR
B0D5TYNV9L,A2W8EY4J0UOJZR
B0DP619V2C,A2W8EY4J0UOJZR
B0D5M9TF26,A2W8EY4J0UOJZR
B0DP3H4N2P,A2W8EY4J0UOJZR
B0D56P28X6,A2W8EY4J0UOJZR
B0DNZ3X3N4,A2W8EY4J0UOJZR
B0D4QS7HZ9,A2W8EY4J0UOJZR
B0DNW682YD,A2W8EY4J0UOJZR
B0D4DRXCZT,A2W8EY4J0UOJZR
B0DNQP1S8G,A2W8EY4J0UOJZR
B0D41TT8Q7,A2W8EY4J0UOJZR
B0DNMQCBSP,A2W8EY4J0UOJZR
B0D3THSYTK,A2W8EY4J0UOJZR
B0DKXRYPNF,A2W8EY4J0UOJZR
B0CMM9TTDN,A2W8EY4J0UOJZR
B0DKTLG1N6,A2W8EY4J0UOJZR
B0CKP4PZDW,A2W8EY4J0UOJZR
B0DKHFYPCY,A2W8EY4J0UOJZR
B0CJR4SSHX,A2W8EY4J0UOJZR
B0DK3BR8PP,A2W8EY4J0UOJZR
B0CJ93B26L,A2W8EY4J0UOJZR
B0DJNNV93M,A2W8EY4J0UOJZR
B0CJ2KWRKN,A2W8EY4J0UOJZR
B0DJ31V2RS,A2W8EY4J0UOJZR
B0CG6F7M6X,A2W8EY4J0UOJZR
B0DJ2PPH2J,A2W8EY4J0UOJZR
B0CF5MY5XL,A2W8EY4J0UOJZR
B0DHY9BQM6,A2W8EY4J0UOJZR
B0CF5G6SZS,A2W8EY4J0UOJZR
B00HB8NWJA,A2W8EY4J0UOJZR
B0DN1KVGV6,A2W8EY4J0UOJZR
B0D2X96RK4,A2W8EY4J0UOJZR
B0DMNG3626,A2W8EY4J0UOJZR
B0DXQ3435M,A2W8EY4J0UOJZR
B0DKJ25FN4,A2W8EY4J0UOJZR
B0DX6VLJCF,A2W8EY4J0UOJZR
B0DK1HL3LV,A2W8EY4J0UOJZR
B0DWRB9TYR,A2W8EY4J0UOJZR
B0DJVHM95G,A2W8EY4J0UOJZR
B0DW8SYD61,A2W8EY4J0UOJZR
B0DJTKL9VV,A2W8EY4J0UOJZR
B0DW7N9WLY,A2W8EY4J0UOJZR
B0DJQDWCQH,A2W8EY4J0UOJZR
B0DTB2QLGN,A2W8EY4J0UOJZR
B0DJ8JZKBY,A2W8EY4J0UOJZR
B0DHX9XQDN,A2W8EY4J0UOJZR
B0CDZ55TKL,A2W8EY4J0UOJZR
B0DHTTVLV8,A2W8EY4J0UOJZR
B0CDFQPZGF,A2W8EY4J0UOJZR
B0DHL5XL34,A2W8EY4J0UOJZR
B0CCHNKWZZ,A2W8EY4J0UOJZR
B0DHGQ44HM,A2W8EY4J0UOJZR
B0CBTVXQV8,A2W8EY4J0UOJZR
B0DG84LRRL,A2W8EY4J0UOJZR
B0CBLRQSXT,A2W8EY4J0UOJZR
B0DFYN6ZML,A2W8EY4J0UOJZR
B0C6SLWP86,A2W8EY4J0UOJZR
B0DFGX6YX4,A2W8EY4J0UOJZR
B0C5WSV5WK,A2W8EY4J0UOJZR
B0DDXJZ2SN,A2W8EY4J0UOJZR
B0C5WRR79D,A2W8EY4J0UOJZR
B0DDCD6NWR,A2W8EY4J0UOJZR
B0C53BRSYJ,A2W8EY4J0UOJZR
B0DD7JWY7M,A2W8EY4J0UOJZR
B0C3B33PCV,A2W8EY4J0UOJZR
B0DD76QTKX,A2W8EY4J0UOJZR
B0BZMKV9QG,A2W8EY4J0UOJZR
B0DD6W7XD5,A2W8EY4J0UOJZR
B0BV6MNQ9W,A2W8EY4J0UOJZR
B0DD6638GJ,A2W8EY4J0UOJZR
B0BTLM1SYJ,A2W8EY4J0UOJZR
B0DCJQL7ZD,A2W8EY4J0UOJZR
B0BS6JCXN2,A2W8EY4J0UOJZR
B0DCF55CPY,A2W8EY4J0UOJZR
B0BQDB2PVC,A2W8EY4J0UOJZR
B0DCF5415D,A2W8EY4J0UOJZR
B0BPQDJMLP,A2W8EY4J0UOJZR
B0D812HQD6,A2W8EY4J0UOJZR
B08KH8VVXM,A2W8EY4J0UOJZR
B0D7SLQ1M1,A2W8EY4J0UOJZR
B08614JN12,A2W8EY4J0UOJZR
B0D7S92MMX,A2W8EY4J0UOJZR
B07SFDP1P6,A2W8EY4J0UOJZR
B0D7Q38NYL,A2W8EY4J0UOJZR
B07J2BRBHL,A2W8EY4J0UOJZR
B0D7LV1CPT,A2W8EY4J0UOJZR
B006CUMKLE,A2W8EY4J0UOJZR
B0D7JSS792,A2W8EY4J0UOJZR
B0D73GTFCS,A2W8EY4J0UOJZR
B0D6VH5VCN,A2W8EY4J0UOJZR
B0D6RV571M,A2W8EY4J0UOJZR
B0D5YK2MGJ,A2W8EY4J0UOJZR
B0D5WLVJBX,A2W8EY4J0UOJZR
B0D9JXY4WX,A2W8EY4J0UOJZR
B09W8RHJ4P,A2W8EY4J0UOJZR
B0D9JD6RR3,A2W8EY4J0UOJZR
B09QFZKLF2,A2W8EY4J0UOJZR
B0D9H8RZLM,A2W8EY4J0UOJZR
B09K5QVRSS,A2W8EY4J0UOJZR
B0D96L3XZ9,A2W8EY4J0UOJZR
B09GFKZQ4M,A2W8EY4J0UOJZR
B0D96L2NCM,A2W8EY4J0UOJZR
B09DYTYPST,A2W8EY4J0UOJZR
B0D91WFM6L,A2W8EY4J0UOJZR
B0989WG5YZ,A2W8EY4J0UOJZR
B0D8Y2RMCH,A2W8EY4J0UOJZR
B08NPYKGHJ,A2W8EY4J0UOJZR
B0D8G5456W,A2W8EY4J0UOJZR
B08MW6TR81,A2W8EY4J0UOJZR
B0DBRMMZRZ,A2W8EY4J0UOJZR
B0BPNJ785N,A2W8EY4J0UOJZR
B0DBH5L8CS,A2W8EY4J0UOJZR
B0BPKK7Q83,A2W8EY4J0UOJZR
B0DB832Y38,A2W8EY4J0UOJZR
B0BNT34QZF,A2W8EY4J0UOJZR
B0D9WDVQ9K,A2W8EY4J0UOJZR
B0BLD92125,A2W8EY4J0UOJZR
B0D9V9C3D2,A2W8EY4J0UOJZR
B0BGHB1TQP,A2W8EY4J0UOJZR
B0D9V6R1F4,A2W8EY4J0UOJZR
B0BFSV4YW8,A2W8EY4J0UOJZR
B0D9SCKQ9L,A2W8EY4J0UOJZR
B0B81RDVW7,A2W8EY4J0UOJZR
B0D9NH9P6X,A2W8EY4J0UOJZR
B0B6NXSTM2,A2W8EY4J0UOJZR
B0CNVXQJ4B,A2W8EY4J0UOJZR
B0CMPGL699,A2W8EY4J0UOJZR
B0CKXNZ66N,A2W8EY4J0UOJZR
B0CKWCXPVK,A2W8EY4J0UOJZR
B0CKSJSLX3,A2W8EY4J0UOJZR
B0CKLBRK59,A2W8EY4J0UOJZR
B0CHV6G5KF,A2W8EY4J0UOJZR
B0CHM5MMGP,A2W8EY4J0UOJZR
B0CHDVQ57S,A2W8EY4J0UOJZR
B0CF959FZV,A2W8EY4J0UOJZR
B0CCDRDKJ4,A2W8EY4J0UOJZR
B0C9DFFCSC,A2W8EY4J0UOJZR
B0C4KTW1NL,A2W8EY4J0UOJZR
B0C4GTFFGT,A2W8EY4J0UOJZR
B0C2Q2JW8P,A2W8EY4J0UOJZR
B0C1BB5HLK,A2W8EY4J0UOJZR
B0CX44HSPV,A2W8EY4J0UOJZR
B0CWP3C5X8,A2W8EY4J0UOJZR
B0CWP1YWR6,A2W8EY4J0UOJZR
B0CT7JXXTC,A2W8EY4J0UOJZR
B0CT5PM5W5,A2W8EY4J0UOJZR
B0CSDQ3MJF,A2W8EY4J0UOJZR
B0CRV28Y6T,A2W8EY4J0UOJZR
B0CRRR83FH,A2W8EY4J0UOJZR
B0CRBJ486B,A2W8EY4J0UOJZR
B0CR9YYSKR,A2W8EY4J0UOJZR
B0CQYX7PBG,A2W8EY4J0UOJZR
B0CQYW8M9T,A2W8EY4J0UOJZR
B0CQYVTLPZ,A2W8EY4J0UOJZR
B0CQ2CPW7C,A2W8EY4J0UOJZR
B0CP7W47MR,A2W8EY4J0UOJZR
B0CP3LQ8F8,A2W8EY4J0UOJZR
B0C12BQTCB,A2W8EY4J0UOJZR
B0BZRCZDJ5,A2W8EY4J0UOJZR
B0BRJV2JRM,A2W8EY4J0UOJZR
B0BQ3DVVQ6,A2W8EY4J0UOJZR
B0BP9PVT84,A2W8EY4J0UOJZR
B0BP97XTMK,A2W8EY4J0UOJZR
B0BK4NGV81,A2W8EY4J0UOJZR
B0BCZN37BJ,A2W8EY4J0UOJZR
B0B8XN2Y16,A2W8EY4J0UOJZR
B0B36LRFWY,A2W8EY4J0UOJZR
B0B31N6DQF,A2W8EY4J0UOJZR
B0B1599P7J,A2W8EY4J0UOJZR
B09QS7TWC5,A2W8EY4J0UOJZR
B07ZS1B1D1,A2W8EY4J0UOJZR
B07VTLRRG4,A2W8EY4J0UOJZR
B07R1WXJ9T,A2W8EY4J0UOJZR
B07PVD6TYP,A2W8EY4J0UOJZR
B07NLSQS1X,A2W8EY4J0UOJZR
B07FN651XH,A2W8EY4J0UOJZR
B077NVPN95,A2W8EY4J0UOJZR
B077NTGRL2,A2W8EY4J0UOJZR
B074ZDFLXC,A2W8EY4J0UOJZR
B0728BY8JP,A2W8EY4J0UOJZR
B011MFQZW8,A2W8EY4J0UOJZR
B00CKITKYW,A2W8EY4J0UOJZR
B00AF0SKU2,A2W8EY4J0UOJZR
B009A55LT6,A2W8EY4J0UOJZR
B000MMJPL6,A2W8EY4J0UOJZR
B0DW8YGVL5,A2W8EY4J0UOJZR
B0DJTJDBXC,A2W8EY4J0UOJZR
B0DTTWBYRG,A2W8EY4J0UOJZR
B0DJQHTNFN,A2W8EY4J0UOJZR
B0DSSRXSCS,A2W8EY4J0UOJZR
B0DGG3KM3J,A2W8EY4J0UOJZR
B0DSSRG8QC,A2W8EY4J0UOJZR
B0DG8FW1MF,A2W8EY4J0UOJZR
B0DSQ912JZ,A2W8EY4J0UOJZR
B0DF2QYJXQ,A2W8EY4J0UOJZR
B0DSK6Y2KT,A2W8EY4J0UOJZR
B0DDSSLWRR,A2W8EY4J0UOJZR
B0DSFT8V23,A2W8EY4J0UOJZR
B0DB13ZSCB,A2W8EY4J0UOJZR
B0DSCYG5L4,A2W8EY4J0UOJZR
B0D8Y113NG,A2W8EY4J0UOJZR
B0DSBPZ7W2,A2W8EY4J0UOJZR
B0D873RPTS,A2W8EY4J0UOJZR
B0DS2JNWM8,A2W8EY4J0UOJZR
B0D86KWL97,A2W8EY4J0UOJZR
B0DR8W8W88,A2W8EY4J0UOJZR
B0D7ZVBY6L,A2W8EY4J0UOJZR
B0DQ8CQ4DT,A2W8EY4J0UOJZR
B0D5HH9CYR,A2W8EY4J0UOJZR
B0DQ8BBHCS,A2W8EY4J0UOJZR
B0D41VCP1T,A2W8EY4J0UOJZR
B0DQ7Q6MZ6,A2W8EY4J0UOJZR
B0D3FX313Z,A2W8EY4J0UOJZR
B0DQ3Z6BV9,A2W8EY4J0UOJZR
B0CYSLKB96,A2W8EY4J0UOJZR
B0DQ22PPJX,A2W8EY4J0UOJZR
B0CX83924Q,A2W8EY4J0UOJZR
B0D5HZWNL5,A2W8EY4J0UOJZR
B0D4DQJ238,A2W8EY4J0UOJZR
B0D4DLTHB1,A2W8EY4J0UOJZR
B0D3MD63RF,A2W8EY4J0UOJZR
B0D3LS3KG3,A2W8EY4J0UOJZR
B0D2KYN2G4,A2W8EY4J0UOJZR
B0D275BQ3Z,A2W8EY4J0UOJZR
B0D22JZHQQ,A2W8EY4J0UOJZR
B0D1G39BRR,A2W8EY4J0UOJZR
B0D1BG85YG,A2W8EY4J0UOJZR
B0CZ6ZTFSK,A2W8EY4J0UOJZR
B0CZ6SJYHS,A2W8EY4J0UOJZR
B0CZ4185S9,A2W8EY4J0UOJZR
B0CYCNZH74,A2W8EY4J0UOJZR
B0CY4JKFPJ,A2W8EY4J0UOJZR
B0CXTP5GJF,A2W8EY4J0UOJZR
B0DPX3FK49,A2W8EY4J0UOJZR
B0CWL2DL6S,A2W8EY4J0UOJZR
B0DPV959QQ,A2W8EY4J0UOJZR
B0CV2KCDZD,A2W8EY4J0UOJZR
B0DPQTPW8M,A2W8EY4J0UOJZR
B0CSWX9MZK,A2W8EY4J0UOJZR
B0DPQ9NXN8,A2W8EY4J0UOJZR
B0CSK61TQ7,A2W8EY4J0UOJZR
B0DPHCKRLL,A2W8EY4J0UOJZR
B0CRDWFN9K,A2W8EY4J0UOJZR
B0DPFW6TSV,A2W8EY4J0UOJZR
B0CQRSL3C4,A2W8EY4J0UOJZR
B0DP9PCX22,A2W8EY4J0UOJZR
B0CNJRBCT7,A2W8EY4J0UOJZR
B0DP6KGZGX,A2W8EY4J0UOJZR
B0CNCY99YM,A2W8EY4J0UOJZR
B0DNWKY3CT,A2W8EY4J0UOJZR
B0CMZ1CFQB,A2W8EY4J0UOJZR
B0DNV4232G,A2W8EY4J0UOJZR
B0CLHTW7T7,A2W8EY4J0UOJZR
B0DNDGF76M,A2W8EY4J0UOJZR
B0CJ4Q4BLL,A2W8EY4J0UOJZR
B0DMW14RRW,A2W8EY4J0UOJZR
B0CG5THXS1,A2W8EY4J0UOJZR
B0DMVMTBY3,A2W8EY4J0UOJZR
B0CCDD4YBW,A2W8EY4J0UOJZR
B0DMSZ123F,A2W8EY4J0UOJZR
B0C613Z7KZ,A2W8EY4J0UOJZR
B0DM7SGKCB,A2W8EY4J0UOJZR
B0C5WSHPXG,A2W8EY4J0UOJZR
B0DLWJTSBX,A2W8EY4J0UOJZR
B0C5WS8DV7,A2W8EY4J0UOJZR
B0DLS6CF5Y,A2W8EY4J0UOJZR
B0C5WRL3XQ,A2W8EY4J0UOJZR
B0DLK89TRL,A2W8EY4J0UOJZR
B0C3QNLN4S,A2W8EY4J0UOJZR
B0DKP47KRV,A2W8EY4J0UOJZR
B0BZN1QZJV,A2W8EY4J0UOJZR
B0DKJ48FF5,A2W8EY4J0UOJZR
B0BYSZTWHG,A2W8EY4J0UOJZR
B0DK5KFDLW,A2W8EY4J0UOJZR
B0BX2PD1Q2,A2W8EY4J0UOJZR
B0DK4NLT5M,A2W8EY4J0UOJZR
B0BVYYK4RM,A2W8EY4J0UOJZR
B0DK1DX7X1,A2W8EY4J0UOJZR
B0BVW3H1GP,A2W8EY4J0UOJZR
B0DJVYNXDH,A2W8EY4J0UOJZR
B0BVFPFT2L,A2W8EY4J0UOJZR
B0DJHB7DP2,A2W8EY4J0UOJZR
B0BR9Y134D,A2W8EY4J0UOJZR
B0DJ2PG1RF,A2W8EY4J0UOJZR
B0BPHVVWHL,A2W8EY4J0UOJZR
B0DHZ7G7FY,A2W8EY4J0UOJZR
B0BNTD6MBZ,A2W8EY4J0UOJZR
B0DHGRP59V,A2W8EY4J0UOJZR
B0BL3VHN1B,A2W8EY4J0UOJZR
B0DHFSN5CL,A2W8EY4J0UOJZR
B0BDL7PF5Z,A2W8EY4J0UOJZR
B0DGV488JK,A2W8EY4J0UOJZR
B0B6BRSPT3,A2W8EY4J0UOJZR
B0DGKKZGRJ,A2W8EY4J0UOJZR
B0B57GW9KL,A2W8EY4J0UOJZR
B0DGG4PQXC,A2W8EY4J0UOJZR
B09YVH5LNC,A2W8EY4J0UOJZR
B0DGG166HS,A2W8EY4J0UOJZR
B09TQYSZR1,A2W8EY4J0UOJZR
B0DG8LJD5X,A2W8EY4J0UOJZR
B09TKY3CZT,A2W8EY4J0UOJZR
B0DG277ZYY,A2W8EY4J0UOJZR
B09TKXQR13,A2W8EY4J0UOJZR
B0DFMGV9FG,A2W8EY4J0UOJZR
B09QMC61S5,A2W8EY4J0UOJZR
B0DFH3LX8P,A2W8EY4J0UOJZR
B09N2VLJHJ,A2W8EY4J0UOJZR
B0DF7HJ9BD,A2W8EY4J0UOJZR
B09KC4P5F1,A2W8EY4J0UOJZR
B0DDXLV2XT,A2W8EY4J0UOJZR
B09JC1KH94,A2W8EY4J0UOJZR
B0DDWWHVQL,A2W8EY4J0UOJZR
B09FY3TG33,A2W8EY4J0UOJZR
B0DDSHGNG7,A2W8EY4J0UOJZR
B098X1RHTD,A2W8EY4J0UOJZR
B0DDQ4V6DB,A2W8EY4J0UOJZR
B097DLDC3M,A2W8EY4J0UOJZR
B0DD6Y26SK,A2W8EY4J0UOJZR
B095K9M46D,A2W8EY4J0UOJZR
B0DD6SK2HQ,A2W8EY4J0UOJZR
B094JJ77DC,A2W8EY4J0UOJZR
B0DD6MCJXP,A2W8EY4J0UOJZR
B08HSWFSTZ,A2W8EY4J0UOJZR
B0DD6LSCVT,A2W8EY4J0UOJZR
B08G16XWJX,A2W8EY4J0UOJZR
B0DD6FHQMC,A2W8EY4J0UOJZR
B07V7JCSKB,A2W8EY4J0UOJZR
B0DCSXLH53,A2W8EY4J0UOJZR
B07PPLDF57,A2W8EY4J0UOJZR
B0DCNMWRWD,A2W8EY4J0UOJZR
B07JCP4V5Y,A2W8EY4J0UOJZR
B0DBM9V99N,A2W8EY4J0UOJZR
B00ZYTW9YC,A2W8EY4J0UOJZR
B0DB734718,A2W8EY4J0UOJZR
B0086804H2,A2W8EY4J0UOJZR
B0DB7243W1,A2W8EY4J0UOJZR
B004TI5EJ6,A2W8EY4J0UOJZR
B0D9XM219B,A2W8EY4J0UOJZR
B0D9NY49ZP,A2W8EY4J0UOJZR
B0D9NQPYG4,A2W8EY4J0UOJZR
B0D9NQGC4F,A2W8EY4J0UOJZR
B0D97R11VH,A2W8EY4J0UOJZR
B0D8T4YYN8,A2W8EY4J0UOJZR
B0D86F842B,A2W8EY4J0UOJZR
B0D82RJJCJ,A2W8EY4J0UOJZR
B0D3H2D269,A2W8EY4J0UOJZR
B0D3G98FNF,A2W8EY4J0UOJZR
B0D2X5F625,A2W8EY4J0UOJZR
B0D2JK3CG8,A2W8EY4J0UOJZR
B0D275RFZH,A2W8EY4J0UOJZR
B0D1NW3QYJ,A2W8EY4J0UOJZR
B0CZL9JQ84,A2W8EY4J0UOJZR
B0CZ4K9S5M,A2W8EY4J0UOJZR
B0CZ3Q9VHX,A2W8EY4J0UOJZR
B0CYWMW5K4,A2W8EY4J0UOJZR
B0CYKYZXTQ,A2W8EY4J0UOJZR
B0CYGRB9F6,A2W8EY4J0UOJZR
B0CYC2LXHW,A2W8EY4J0UOJZR
B0CY5P1462,A2W8EY4J0UOJZR
B0CY3RX6WS,A2W8EY4J0UOJZR
B0CX21QC42,A2W8EY4J0UOJZR
B0D7VBDJDJ,A2W8EY4J0UOJZR
B0D7M3HJHB,A2W8EY4J0UOJZR
B0D7GR2B8C,A2W8EY4J0UOJZR
B0D7CM7K6R,A2W8EY4J0UOJZR
B0D7B9JXPJ,A2W8EY4J0UOJZR
B0D6W7T5XY,A2W8EY4J0UOJZR
B0D5MTS9DX,A2W8EY4J0UOJZR
B0D5D8SZZ4,A2W8EY4J0UOJZR
B0D53ZYSSH,A2W8EY4J0UOJZR
B0D4XB8X79,A2W8EY4J0UOJZR
B0D4F5K1PP,A2W8EY4J0UOJZR
B0D4DY58QH,A2W8EY4J0UOJZR
B0D3V2NPYM,A2W8EY4J0UOJZR
B0D3QTZ1GZ,A2W8EY4J0UOJZR
B0D3PH4QVG,A2W8EY4J0UOJZR
B0D3HKM6QY,A2W8EY4J0UOJZR
B0CLTSDM3V,A2W8EY4J0UOJZR
B0CKSJFF8H,A2W8EY4J0UOJZR
B0CK17V3FR,A2W8EY4J0UOJZR
B0CHYRMB3D,A2W8EY4J0UOJZR
B0CHV6F27W,A2W8EY4J0UOJZR
B0CHSLLF6Y,A2W8EY4J0UOJZR
B0CH3TSSRM,A2W8EY4J0UOJZR
B0CF4DXLGY,A2W8EY4J0UOJZR
B0CCDXSL5G,A2W8EY4J0UOJZR
B0CCDBHVJ8,A2W8EY4J0UOJZR
B0CBCXDFXC,A2W8EY4J0UOJZR
B0CB3F2BV7,A2W8EY4J0UOJZR
B0C89ZNLYG,A2W8EY4J0UOJZR
B0C89X25M2,A2W8EY4J0UOJZR
B0C7X7NQCF,A2W8EY4J0UOJZR
B0C7KXGZW8,A2W8EY4J0UOJZR
B0CT241QND,A2W8EY4J0UOJZR
B0CSJ4XJF7,A2W8EY4J0UOJZR
B0CRQ93BPB,A2W8EY4J0UOJZR
B0CRP9P7XV,A2W8EY4J0UOJZR
B0CRB7K9QD,A2W8EY4J0UOJZR
B0CR5CB5F9,A2W8EY4J0UOJZR
B0CQZC2C5S,A2W8EY4J0UOJZR
B0CQS4ZDL1,A2W8EY4J0UOJZR
B0CQC57GX3,A2W8EY4J0UOJZR
B0CQBBXX3D,A2W8EY4J0UOJZR
B0CNWSQPBM,A2W8EY4J0UOJZR
B0CNG654M6,A2W8EY4J0UOJZR
B0CNG63QD5,A2W8EY4J0UOJZR
B0CMZXD3RH,A2W8EY4J0UOJZR
B0CMXS2SQ4,A2W8EY4J0UOJZR
B0CM6KBBR7,A2W8EY4J0UOJZR
B0C786TR21,A2W8EY4J0UOJZR
B0C3FQ6D4R,A2W8EY4J0UOJZR
B0C12B6S26,A2W8EY4J0UOJZR
B0BZYHJBFF,A2W8EY4J0UOJZR
B0BZT62PNH,A2W8EY4J0UOJZR
B0BY38XCH7,A2W8EY4J0UOJZR
B0BWJHJ47N,A2W8EY4J0UOJZR
B0BTFW5TVP,A2W8EY4J0UOJZR
B0BRXRFVBF,A2W8EY4J0UOJZR
B0B8PHQKMS,A2W8EY4J0UOJZR
B0B7D8TMMW,A2W8EY4J0UOJZR
B09T9XFFKP,A2W8EY4J0UOJZR
B09RDY2RY1,A2W8EY4J0UOJZR
B09RDY1K8G,A2W8EY4J0UOJZR
B09PCBM3JW,A2W8EY4J0UOJZR
B09K1T6VQ1,A2W8EY4J0UOJZR
B0062ENUKK,A2W8EY4J0UOJZR
B003OASSSO,A2W8EY4J0UOJZR
B000H9K4DC,A2W8EY4J0UOJZR
B0DT79Y3BK,A2W8EY4J0UOJZR
B0DT61DSK4,A2W8EY4J0UOJZR
B0DHH6JG9B,A2W8EY4J0UOJZR
B0DT4S917G,A2W8EY4J0UOJZR
B0DFYF7Y31,A2W8EY4J0UOJZR
B0DSWMSC5N,A2W8EY4J0UOJZR
B0DFCLV9GT,A2W8EY4J0UOJZR
B0DHWZTBPB,A2W8EY4J0UOJZR
B0DCZYLRH3,A2W8EY4J0UOJZR
B0DS7F942H,A2W8EY4J0UOJZR
B0D87NYZ23,A2W8EY4J0UOJZR
B0DS5Z2RZH,A2W8EY4J0UOJZR
B0D6W4LQBS,A2W8EY4J0UOJZR
B0DS25981Y,A2W8EY4J0UOJZR
B0D5B8HQVN,A2W8EY4J0UOJZR
B0DRW36B4T,A2W8EY4J0UOJZR
B09H36GCSQ,A2W8EY4J0UOJZR
B09F8YCGN1,A2W8EY4J0UOJZR
B091NBBZ2G,A2W8EY4J0UOJZR
B08V99ZBVF,A2W8EY4J0UOJZR
B08SQD2JKX,A2W8EY4J0UOJZR
B08HQG26FC,A2W8EY4J0UOJZR
B08FDXTR79,A2W8EY4J0UOJZR
B07VDW63B3,A2W8EY4J0UOJZR
B07SLDBJG6,A2W8EY4J0UOJZR
B07RT6KPH3,A2W8EY4J0UOJZR
B07NVXXBR8,A2W8EY4J0UOJZR
B076KTWYJ4,A2W8EY4J0UOJZR
B00XIW8XFQ,A2W8EY4J0UOJZR
B00PV7RQPO,A2W8EY4J0UOJZR
B00GTYXC9W,A2W8EY4J0UOJZR
B00C2WL4PE,A2W8EY4J0UOJZR
B0DTHD1BDG,A2W8EY4J0UOJZR
B0DP38Z72P,A2W8EY4J0UOJZR
B0DP25CDX6,A2W8EY4J0UOJZR
B0DT1831XQ,A2W8EY4J0UOJZR
B0DHXL2RGC,A2W8EY4J0UOJZR
B0DT16SG16,A2W8EY4J0UOJZR
B0DGQC55QR,A2W8EY4J0UOJZR
B0DSWGPH6Q,A2W8EY4J0UOJZR
B0DDTQ5RCQ,A2W8EY4J0UOJZR
B0DS5LQ83D,A2W8EY4J0UOJZR
B0DCZ97537,A2W8EY4J0UOJZR
B0DRV978RT,A2W8EY4J0UOJZR
B0DJ2G11WN,A2W8EY4J0UOJZR
B0DJ27GX28,A2W8EY4J0UOJZR
B0DDKM42QW,A2W8EY4J0UOJZR
B0DCC9BLQV,A2W8EY4J0UOJZR
B0DT47RGX2,A2W8EY4J0UOJZR
B0D9Y8QDVQ,A2W8EY4J0UOJZR
B0DS59QZFX,A2W8EY4J0UOJZR
B0D8Q634YX,A2W8EY4J0UOJZR
B0DRYHSCPC,A2W8EY4J0UOJZR
B0D6GW7V3T,A2W8EY4J0UOJZR
B0DRT87QW7,A2W8EY4J0UOJZR
B0DSDBZG6K,A2W8EY4J0UOJZR
B0DRVBSRFV,A2W8EY4J0UOJZR
B0DRV376B3,A2W8EY4J0UOJZR
B0DR8FMGM4,A2W8EY4J0UOJZR
B0DWFF3425,A2W8EY4J0UOJZR
B0DWF9BHJ7,A2W8EY4J0UOJZR
B0DTSWRYVN,A2W8EY4J0UOJZR
B0DSWLHYWR,A2W8EY4J0UOJZR
B0DS5XKB7R,A2W8EY4J0UOJZR
B0DR8CMNGB,A2W8EY4J0UOJZR
B0D98SG1W1,A2W8EY4J0UOJZR
B0DQ4XD4WS,A2W8EY4J0UOJZR
B0D92BGWMH,A2W8EY4J0UOJZR
B0DQ4S61XB,A2W8EY4J0UOJZR
B0D8KZXMW5,A2W8EY4J0UOJZR
B0DPQ86SV5,A2W8EY4J0UOJZR
B0D8K67DHX,A2W8EY4J0UOJZR
B0DPLWQG8C,A2W8EY4J0UOJZR
B0D5CBW4LY,A2W8EY4J0UOJZR
B0DP5ZXT6M,A2W8EY4J0UOJZR
B0D56RNNNL,A2W8EY4J0UOJZR
B0DP28SZK5,A2W8EY4J0UOJZR
B0D41VZ6WL,A2W8EY4J0UOJZR
B0DNTVC6WT,A2W8EY4J0UOJZR
B0D3M7CFVD,A2W8EY4J0UOJZR
B0DRYKV6NP,A2W8EY4J0UOJZR
B0DK2Z1LJQ,A2W8EY4J0UOJZR
B0DRV5WF4W,A2W8EY4J0UOJZR
B0DJ92CX45,A2W8EY4J0UOJZR
B0DRSV5GB7,A2W8EY4J0UOJZR
B0DFQ144XJ,A2W8EY4J0UOJZR
B0DRRK1C9V,A2W8EY4J0UOJZR
B0DF7J6S91,A2W8EY4J0UOJZR
B0DRFTWZZL,A2W8EY4J0UOJZR
B0DF2GKQDT,A2W8EY4J0UOJZR
B0DRCLVJXT,A2W8EY4J0UOJZR
B0DDBN1ZVC,A2W8EY4J0UOJZR
B0DRCKWS4Y,A2W8EY4J0UOJZR
B0DBQ8X91P,A2W8EY4J0UOJZR
B0DR8T6TPS,A2W8EY4J0UOJZR
B0D9NVF7YK,A2W8EY4J0UOJZR
B0DNQBJ911,A2W8EY4J0UOJZR
B0D3FXSZT1,A2W8EY4J0UOJZR
B0DNQ721NT,A2W8EY4J0UOJZR
B0D2L5L983,A2W8EY4J0UOJZR
B0DMDD6NSL,A2W8EY4J0UOJZR
B0D267KV3F,A2W8EY4J0UOJZR
B0DM87N5D2,A2W8EY4J0UOJZR
B0D22CKYCW,A2W8EY4J0UOJZR
B0DM85RPG5,A2W8EY4J0UOJZR
B0CZDTDTZT,A2W8EY4J0UOJZR
B0DM646CS7,A2W8EY4J0UOJZR
B0CZ11JRXW,A2W8EY4J0UOJZR
B0DM62JFKY,A2W8EY4J0UOJZR
B0CYQ4F7NG,A2W8EY4J0UOJZR
B0DL5TDX8R,A2W8EY4J0UOJZR
B0CY23CS8Z,A2W8EY4J0UOJZR
B0DL2X1JHR,A2W8EY4J0UOJZR
B0CXT8WMKF,A2W8EY4J0UOJZR
B0DKW77G3P,A2W8EY4J0UOJZR
B0CWHG811Q,A2W8EY4J0UOJZR
B0DKTLBXTQ,A2W8EY4J0UOJZR
B0CW3M49NF,A2W8EY4J0UOJZR
B0DKTBQSKL,A2W8EY4J0UOJZR
B0CTTKSL29,A2W8EY4J0UOJZR
B0DKN61PMK,A2W8EY4J0UOJZR
B0CT8RY875,A2W8EY4J0UOJZR
B0DKF4ZFV2,A2W8EY4J0UOJZR
B0CRR89DFM,A2W8EY4J0UOJZR
B0DK8H3VP8,A2W8EY4J0UOJZR
B0CRB4HNSR,A2W8EY4J0UOJZR
B0DK76S3H8,A2W8EY4J0UOJZR
B0CQ4S8MY7,A2W8EY4J0UOJZR
B0DJWZF18S,A2W8EY4J0UOJZR
B0CP389HPD,A2W8EY4J0UOJZR
B0DJR2RJ1Z,A2W8EY4J0UOJZR
B0CP252PD1,A2W8EY4J0UOJZR
B0DJP3WHP9,A2W8EY4J0UOJZR
B0CM3PSW29,A2W8EY4J0UOJZR
B0DJNZY74S,A2W8EY4J0UOJZR
B0CKH489ML,A2W8EY4J0UOJZR
B0DJKQ8TG6,A2W8EY4J0UOJZR
B0CHYMBGGM,A2W8EY4J0UOJZR
B0DJ75Z4QP,A2W8EY4J0UOJZR
B0CHRFYNJ4,A2W8EY4J0UOJZR
B0DJ49WF13,A2W8EY4J0UOJZR
B0CHDXVS1Z,A2W8EY4J0UOJZR
B0DHZBF36L,A2W8EY4J0UOJZR
B0CFVJ2Y2H,A2W8EY4J0UOJZR
B0DHS23GZM,A2W8EY4J0UOJZR
B0CFFHVQ3N,A2W8EY4J0UOJZR
B0DHR5PMX4,A2W8EY4J0UOJZR
B0CD7VBQH9,A2W8EY4J0UOJZR
B0DHQJ786H,A2W8EY4J0UOJZR
B0CC6DYNGK,A2W8EY4J0UOJZR
B0DGXXGKLZ,A2W8EY4J0UOJZR
B0CBSGZQ4J,A2W8EY4J0UOJZR
B0DGX7XX5L,A2W8EY4J0UOJZR
B0CB7GB182,A2W8EY4J0UOJZR
B0DGWXH58D,A2W8EY4J0UOJZR
B0C9YZN8LV,A2W8EY4J0UOJZR
B0DG98W6KQ,A2W8EY4J0UOJZR
B0C6SRTTK2,A2W8EY4J0UOJZR
B0DFWBXYNQ,A2W8EY4J0UOJZR
B0C57G9M19,A2W8EY4J0UOJZR
B0DB86KTVZ,A2W8EY4J0UOJZR
B0BVYYYFHM,A2W8EY4J0UOJZR
B0DB1RXRM9,A2W8EY4J0UOJZR
B0BRN6385B,A2W8EY4J0UOJZR
B0D9Z228RN,A2W8EY4J0UOJZR
B0BRMGQGBT,A2W8EY4J0UOJZR
B0D9NMBG31,A2W8EY4J0UOJZR
B0BGRW57KP,A2W8EY4J0UOJZR
B0D8SFSPF3,A2W8EY4J0UOJZR
B0BBQKXY1V,A2W8EY4J0UOJZR
B0D8PP8DZ4,A2W8EY4J0UOJZR
B0B9ZD81KT,A2W8EY4J0UOJZR
B0D88ZN8C6,A2W8EY4J0UOJZR
B0B99HXYKN,A2W8EY4J0UOJZR
B0D796NG6P,A2W8EY4J0UOJZR
B0B821PL17,A2W8EY4J0UOJZR
B0D2DHRPDG,A2W8EY4J0UOJZR
B07Z7WTMLC,A2W8EY4J0UOJZR
B0D2989NWH,A2W8EY4J0UOJZR
B07MVX9YNH,A2W8EY4J0UOJZR
B0D28HV2HY,A2W8EY4J0UOJZR
B078VHJ5JR,A2W8EY4J0UOJZR
B0D1YQW5HJ,A2W8EY4J0UOJZR
B00K8EYN6A,A2W8EY4J0UOJZR
B0D1TZ3B25,A2W8EY4J0UOJZR
B003CSXVO4,A2W8EY4J0UOJZR
B0CZLMQBMB,A2W8EY4J0UOJZR
B0CXHKTWQF,A2W8EY4J0UOJZR
B0CWY52T2C,A2W8EY4J0UOJZR
B0CTCQ32HF,A2W8EY4J0UOJZR
B0CTCBY2ST,A2W8EY4J0UOJZR
B0CSYDWJYP,A2W8EY4J0UOJZR
B0DFHCBZG6,A2W8EY4J0UOJZR
B0C2Z5Q345,A2W8EY4J0UOJZR
B0DFDHRPMV,A2W8EY4J0UOJZR
B0C27KBR67,A2W8EY4J0UOJZR
B0DDTHZPCJ,A2W8EY4J0UOJZR
B0C1CP8B56,A2W8EY4J0UOJZR
B0DDP41N9J,A2W8EY4J0UOJZR
B0BZQHJFDX,A2W8EY4J0UOJZR
B0DDN7TF1Z,A2W8EY4J0UOJZR
B0BYC4G5FM,A2W8EY4J0UOJZR
B0DDKCC8DK,A2W8EY4J0UOJZR
B0BXVX26KW,A2W8EY4J0UOJZR
B0DD7LRYC5,A2W8EY4J0UOJZR
B0BXKTCSNF,A2W8EY4J0UOJZR
B0DD6KJ3BC,A2W8EY4J0UOJZR
B0BWF7JT6Q,A2W8EY4J0UOJZR
B0D76GVD7Y,A2W8EY4J0UOJZR
B09TW5T7JX,A2W8EY4J0UOJZR
B0D6WZMG7W,A2W8EY4J0UOJZR
B09TL1R647,A2W8EY4J0UOJZR
B0D66SRD5Z,A2W8EY4J0UOJZR
B09QPNS9JR,A2W8EY4J0UOJZR
B0D5LHWR77,A2W8EY4J0UOJZR
B09Q19214H,A2W8EY4J0UOJZR
B0D5B9QB6Y,A2W8EY4J0UOJZR
B09PB3NC8N,A2W8EY4J0UOJZR
B0D3TTXPZV,A2W8EY4J0UOJZR
B09NQ2NMTC,A2W8EY4J0UOJZR
B0D3D5584P,A2W8EY4J0UOJZR
B09HM5G4GS,A2W8EY4J0UOJZR
B0D2H2FWHJ,A2W8EY4J0UOJZR
B08XPRP6NT,A2W8EY4J0UOJZR
B09WQPCDMN,A2W8EY4J0UOJZR
B09V7VZ623,A2W8EY4J0UOJZR
B09QY5W8WL,A2W8EY4J0UOJZR
B09QXVCTM5,A2W8EY4J0UOJZR
B09QXGJKX5,A2W8EY4J0UOJZR
B09QLNL9QW,A2W8EY4J0UOJZR
B09KBCSSVC,A2W8EY4J0UOJZR
B09F3SRDTZ,A2W8EY4J0UOJZR
B0982ZRQJD,A2W8EY4J0UOJZR
B097RHZKW5,A2W8EY4J0UOJZR
B09681QBD8,A2W8EY4J0UOJZR
B092QQMG1K,A2W8EY4J0UOJZR
B08XDRHCH1,A2W8EY4J0UOJZR
B08MYDQHV4,A2W8EY4J0UOJZR
B08LQG8H2P,A2W8EY4J0UOJZR
B08GX1SW1F,A2W8EY4J0UOJZR
B0CRKGDSL8,A2W8EY4J0UOJZR
B0CRHBWWD2,A2W8EY4J0UOJZR
B0CQVPWP5C,A2W8EY4J0UOJZR
B0CQLRPPB2,A2W8EY4J0UOJZR
B0CQ4R2CJZ,A2W8EY4J0UOJZR
B0CPVDQCND,A2W8EY4J0UOJZR
B0CP5S41X8,A2W8EY4J0UOJZR
B0CP5LJ5PM,A2W8EY4J0UOJZR
B0CNSKY5L4,A2W8EY4J0UOJZR
B0CNQ16K7L,A2W8EY4J0UOJZR
B0CNPTPRGH,A2W8EY4J0UOJZR
B0CNG86R8R,A2W8EY4J0UOJZR
B0CN6LNLZL,A2W8EY4J0UOJZR
B0CN11K16R,A2W8EY4J0UOJZR
B0CLTZJ45Y,A2W8EY4J0UOJZR
B08CZXJXH5,A2W8EY4J0UOJZR
B0851SK77L,A2W8EY4J0UOJZR
B084H5RPLV,A2W8EY4J0UOJZR
B07YL7RN9J,A2W8EY4J0UOJZR
B07D151CW1,A2W8EY4J0UOJZR
B079C7CJZX,A2W8EY4J0UOJZR
B06XKFYL9Y,A2W8EY4J0UOJZR
B01N591ITS,A2W8EY4J0UOJZR
B01N2MNNJC,A2W8EY4J0UOJZR
B01AX91ZEM,A2W8EY4J0UOJZR
B011W0B3E8,A2W8EY4J0UOJZR
B00O0987U2,A2W8EY4J0UOJZR
B00BAW1A4M,A2W8EY4J0UOJZR
B0C46XTGVX,A2W8EY4J0UOJZR
B0C28W7J3N,A2W8EY4J0UOJZR
B0C263RGS1,A2W8EY4J0UOJZR
B0C1FTCVN1,A2W8EY4J0UOJZR
B0BZSLP92H,A2W8EY4J0UOJZR
B0BZQ8671L,A2W8EY4J0UOJZR
B0BT9NR63W,A2W8EY4J0UOJZR
B0BQQVQD9T,A2W8EY4J0UOJZR
B0BQDVTK9N,A2W8EY4J0UOJZR
B0BM48SHN9,A2W8EY4J0UOJZR
B0BG9ZR187,A2W8EY4J0UOJZR
B0BB18JJGY,A2W8EY4J0UOJZR
B0B5B2WQB5,A2W8EY4J0UOJZR
B0B444DJPT,A2W8EY4J0UOJZR
B0B42818VL,A2W8EY4J0UOJZR
B0B3N154SV,A2W8EY4J0UOJZR
B0DSFGF74X,A2W8EY4J0UOJZR
B0DB2PF59H,A2W8EY4J0UOJZR
B0DS9VQZZ4,A2W8EY4J0UOJZR
B0D952GBXY,A2W8EY4J0UOJZR
B0DS645XFT,A2W8EY4J0UOJZR
B0D8Y14PSV,A2W8EY4J0UOJZR
B0DS5M5J57,A2W8EY4J0UOJZR
B0D8T43NSL,A2W8EY4J0UOJZR
B0DRVFRG8B,A2W8EY4J0UOJZR
B0D81FP4M6,A2W8EY4J0UOJZR
B0DRNQ6HBN,A2W8EY4J0UOJZR
B0D7QCPDJF,A2W8EY4J0UOJZR
B0DRFYB145,A2W8EY4J0UOJZR
B0D6NR6LTF,A2W8EY4J0UOJZR
B0DQXN79M9,A2W8EY4J0UOJZR
B0D621Q8W3,A2W8EY4J0UOJZR
B0DNJNQR3D,A2W8EY4J0UOJZR
B0CDH5WFGM,A2W8EY4J0UOJZR
B0DN1816V6,A2W8EY4J0UOJZR
B0CC2K595Q,A2W8EY4J0UOJZR
B0DN17GYZN,A2W8EY4J0UOJZR
B0C6K54MBW,A2W8EY4J0UOJZR
B0DMSSM4J1,A2W8EY4J0UOJZR
B0C5VRD55F,A2W8EY4J0UOJZR
B0DLVYSDC1,A2W8EY4J0UOJZR
B0C3GV5H2Z,A2W8EY4J0UOJZR
B0DLHFFG3L,A2W8EY4J0UOJZR
B0C2YS6BPX,A2W8EY4J0UOJZR
B0DLH9S9SS,A2W8EY4J0UOJZR
B0C23D7DL5,A2W8EY4J0UOJZR
B0DLGVZX8J,A2W8EY4J0UOJZR
B0BYC1GPFK,A2W8EY4J0UOJZR
B0DPMMLGRQ,A2W8EY4J0UOJZR
B0CR7T6GJ2,A2W8EY4J0UOJZR
B0DP9K5D87,A2W8EY4J0UOJZR
B0CQXFL177,A2W8EY4J0UOJZR
B0DP9H13R1,A2W8EY4J0UOJZR
B0CQ4X6W4N,A2W8EY4J0UOJZR
B0DP95KRFM,A2W8EY4J0UOJZR
B0CL2BBS3H,A2W8EY4J0UOJZR
B0DP6NJB7D,A2W8EY4J0UOJZR
B0CH1SF893,A2W8EY4J0UOJZR
B0DP2PVXR3,A2W8EY4J0UOJZR
B0CGRH9G62,A2W8EY4J0UOJZR
B0DNTGHNH3,A2W8EY4J0UOJZR
B0CG5XS59F,A2W8EY4J0UOJZR
B0DNRB78WK,A2W8EY4J0UOJZR
B0CFQN2SS7,A2W8EY4J0UOJZR
B0DLBDH9TS,A2W8EY4J0UOJZR
B0BXPSN3VJ,A2W8EY4J0UOJZR
B0DL5CSLK5,A2W8EY4J0UOJZR
B0BSB8V232,A2W8EY4J0UOJZR
B0DKX6K8JC,A2W8EY4J0UOJZR
B0BNTCVHHJ,A2W8EY4J0UOJZR
B0DKWKFJV2,A2W8EY4J0UOJZR
B0BNGPJG69,A2W8EY4J0UOJZR
B0DKTRK49X,A2W8EY4J0UOJZR
B0BMGF4QRT,A2W8EY4J0UOJZR
B0DK7XTLTC,A2W8EY4J0UOJZR
B0BF93H7N5,A2W8EY4J0UOJZR
B0DK7NH2NX,A2W8EY4J0UOJZR
B0BDS84Z64,A2W8EY4J0UOJZR
B0DK2T1YRR,A2W8EY4J0UOJZR
B0BD7TNXG2,A2W8EY4J0UOJZR
B0DQWWSLV1,A2W8EY4J0UOJZR
B0D4VTM8K9,A2W8EY4J0UOJZR
B0DQQ6KHM5,A2W8EY4J0UOJZR
B0D4DY1NVD,A2W8EY4J0UOJZR
B0DQL5DDG9,A2W8EY4J0UOJZR
B0D3LRZS3R,A2W8EY4J0UOJZR
B0DQKM4GNM,A2W8EY4J0UOJZR
B0CZ93QQM9,A2W8EY4J0UOJZR
B0DQJL7TF6,A2W8EY4J0UOJZR
B0CZ12MY7K,A2W8EY4J0UOJZR
B0DQJF4KR6,A2W8EY4J0UOJZR
B0CXHXGXQF,A2W8EY4J0UOJZR
B0DQ54K2ZF,A2W8EY4J0UOJZR
B0CTMMVWNW,A2W8EY4J0UOJZR
B0DPQFWHM2,A2W8EY4J0UOJZR
B0CRB4GTHZ,A2W8EY4J0UOJZR
B0DK25YSW4,A2W8EY4J0UOJZR
B0BCKKSG39,A2W8EY4J0UOJZR
B0DJW5QTHH,A2W8EY4J0UOJZR
B0B87KFH6L,A2W8EY4J0UOJZR
B0DJS7RL3S,A2W8EY4J0UOJZR
B0B74V37GW,A2W8EY4J0UOJZR
B0DJR1CT5F,A2W8EY4J0UOJZR
B0B6FNSF2R,A2W8EY4J0UOJZR
B0DJQLZGWJ,A2W8EY4J0UOJZR
B0B5B81923,A2W8EY4J0UOJZR
B0DJ2PC8H6,A2W8EY4J0UOJZR
B0B4TN3T3H,A2W8EY4J0UOJZR
B0DHX2WCWS,A2W8EY4J0UOJZR
B09TKZ2XHV,A2W8EY4J0UOJZR
B0DHPMX2JK,A2W8EY4J0UOJZR
B09TKXPSW7,A2W8EY4J0UOJZR
B0CKRLMZX7,A2W8EY4J0UOJZR
B0CKMVBLDY,A2W8EY4J0UOJZR
B0CJSSSM2B,A2W8EY4J0UOJZR
B0CHWC29WF,A2W8EY4J0UOJZR
B0CHFS5J6K,A2W8EY4J0UOJZR
B0CGLQSDBC,A2W8EY4J0UOJZR
B0CG5M7MFC,A2W8EY4J0UOJZR
B0CFXY8XQS,A2W8EY4J0UOJZR
B0CD1PXPHT,A2W8EY4J0UOJZR
B0C9WR76S8,A2W8EY4J0UOJZR
B0C95KJW19,A2W8EY4J0UOJZR
B0C85TCXTV,A2W8EY4J0UOJZR
B0C6XSYQ5C,A2W8EY4J0UOJZR
B0C6JYZ1Z8,A2W8EY4J0UOJZR
B0C657RDXN,A2W8EY4J0UOJZR
B0C4CZ27GL,A2W8EY4J0UOJZR
B0DY3WXP1B,A2W8EY4J0UOJZR
B0DHXQBGXF,A2W8EY4J0UOJZR
B0DXFTNWMM,A2W8EY4J0UOJZR
B0DHGTB517,A2W8EY4J0UOJZR
B0DXFBQ7TN,A2W8EY4J0UOJZR
B0DHCZ8ZTC,A2W8EY4J0UOJZR
B0DTDZXPFT,A2W8EY4J0UOJZR
B0DHCR4XQW,A2W8EY4J0UOJZR
B0DTBRVCYS,A2W8EY4J0UOJZR
B0DFLTT7Z6,A2W8EY4J0UOJZR
B0DT651FVS,A2W8EY4J0UOJZR
B0DCZXSZFK,A2W8EY4J0UOJZR
B0DST7H4DB,A2W8EY4J0UOJZR
B0DCVTLMPP,A2W8EY4J0UOJZR
B0DSKGWZ89,A2W8EY4J0UOJZR
B0DBB5LDKP,A2W8EY4J0UOJZR
B0DHN3XFVM,A2W8EY4J0UOJZR
B09NZQRD7V,A2W8EY4J0UOJZR
B0DH22Z9PJ,A2W8EY4J0UOJZR
B09DL14C1X,A2W8EY4J0UOJZR
B0DGL4FL3Z,A2W8EY4J0UOJZR
B09C1K9FMM,A2W8EY4J0UOJZR
B0DGGKDLPQ,A2W8EY4J0UOJZR
B0989YPDWP,A2W8EY4J0UOJZR
B0DGDLYGPZ,A2W8EY4J0UOJZR
B092MBVJP5,A2W8EY4J0UOJZR
B0DG3S3ND9,A2W8EY4J0UOJZR
B0924CMFQN,A2W8EY4J0UOJZR
B0DFLVQCBX,A2W8EY4J0UOJZR
B0918FPZCD,A2W8EY4J0UOJZR
B0DFGWX1H6,A2W8EY4J0UOJZR
B08X49M54W,A2W8EY4J0UOJZR
B0DD7KX169,A2W8EY4J0UOJZR
B08NVG1HCT,A2W8EY4J0UOJZR
B0DD38PWRB,A2W8EY4J0UOJZR
B08C5JPKCT,A2W8EY4J0UOJZR
B0DD31LKYV,A2W8EY4J0UOJZR
B0896QHVY1,A2W8EY4J0UOJZR
B0DCZ82R1D,A2W8EY4J0UOJZR
B083HVS3YB,A2W8EY4J0UOJZR
B0DCZ11NFC,A2W8EY4J0UOJZR
B07FBQXN1N,A2W8EY4J0UOJZR
B0DCVKL41Q,A2W8EY4J0UOJZR
B079CDNT77,A2W8EY4J0UOJZR
B0DCK5V9D1,A2W8EY4J0UOJZR
B075L1NCNR,A2W8EY4J0UOJZR
B0DCD7R4QW,A2W8EY4J0UOJZR
B01M4KJVIF,A2W8EY4J0UOJZR
B0DCBHWB43,A2W8EY4J0UOJZR
B019QMA46M,A2W8EY4J0UOJZR
B0DC11W4NG,A2W8EY4J0UOJZR
B00UMD6KYU,A2W8EY4J0UOJZR
B0DBMXSVH8,A2W8EY4J0UOJZR
B00S02TMUY,A2W8EY4J0UOJZR
B0DBLL9V6D,A2W8EY4J0UOJZR
B0092OQX56,A2W8EY4J0UOJZR
B0DB7T4PVL,A2W8EY4J0UOJZR
B0DB1STSVF,A2W8EY4J0UOJZR
B0D9RV5HJG,A2W8EY4J0UOJZR
B0D9Q32LLC,A2W8EY4J0UOJZR
B0D9BW8QLW,A2W8EY4J0UOJZR
B0D945ZWC2,A2W8EY4J0UOJZR
B0D92D1JSR,A2W8EY4J0UOJZR
B0D8Y93CWM,A2W8EY4J0UOJZR
B0D8SRW9K4,A2W8EY4J0UOJZR
B0D8G44R65,A2W8EY4J0UOJZR
B0D6YL8NFB,A2W8EY4J0UOJZR
B0D6VKLDPK,A2W8EY4J0UOJZR
B0D6GDW7LT,A2W8EY4J0UOJZR
B0D62Z944T,A2W8EY4J0UOJZR
B0D5RFHY8R,A2W8EY4J0UOJZR
B0D5LKQ2N2,A2W8EY4J0UOJZR
B0D5HCR1SH,A2W8EY4J0UOJZR
B0D4YRTBFT,A2W8EY4J0UOJZR
B0D4VQYY1W,A2W8EY4J0UOJZR
B0D4VBZMWQ,A2W8EY4J0UOJZR
B0D4HYMKFN,A2W8EY4J0UOJZR
B0D4D1MLRL,A2W8EY4J0UOJZR
B0D3BN8BT3,A2W8EY4J0UOJZR
B0D36X773D,A2W8EY4J0UOJZR
B0D2NHRZD9,A2W8EY4J0UOJZR
B0D261M54R,A2W8EY4J0UOJZR
B0D1QMWVL7,A2W8EY4J0UOJZR
B0D16W7992,A2W8EY4J0UOJZR
B0CZ6PJ5M1,A2W8EY4J0UOJZR
B0CZ3N4583,A2W8EY4J0UOJZR
B0CYQ78Y68,A2W8EY4J0UOJZR
B0CXF8M425,A2W8EY4J0UOJZR
B0CWTSNKJG,A2W8EY4J0UOJZR
B0CWNM7FF8,A2W8EY4J0UOJZR
B0CVP8R4XN,A2W8EY4J0UOJZR
B0CTH5MVTS,A2W8EY4J0UOJZR
B0CRF5DRWT,A2W8EY4J0UOJZR
B0CR5MWCN3,A2W8EY4J0UOJZR
B0CQYQ9TQZ,A2W8EY4J0UOJZR
B0CQTDG8DM,A2W8EY4J0UOJZR
B0CP3HKXKP,A2W8EY4J0UOJZR
B0CNK1PGB9,A2W8EY4J0UOJZR
B0CMGDLCXR,A2W8EY4J0UOJZR
B0CLZFZXTM,A2W8EY4J0UOJZR
B0CLCFWKR9,A2W8EY4J0UOJZR
B0CL9QXLYP,A2W8EY4J0UOJZR
B0CL3WVGK9,A2W8EY4J0UOJZR
B0CKX63LS3,A2W8EY4J0UOJZR
B0CJV75FYG,A2W8EY4J0UOJZR
B0CJ6K3DZC,A2W8EY4J0UOJZR
B0CHHXNV5Y,A2W8EY4J0UOJZR
B0CGHS5DQN,A2W8EY4J0UOJZR
B0CGDD2QNT,A2W8EY4J0UOJZR
B0CFQDKP6L,A2W8EY4J0UOJZR
B0CD1N9B15,A2W8EY4J0UOJZR
B0CBJZ4C6R,A2W8EY4J0UOJZR
B0BNPDZLWJ,A2W8EY4J0UOJZR
B0BCR138K1,A2W8EY4J0UOJZR
B0B8SBM44H,A2W8EY4J0UOJZR
B0B7HBSXFS,A2W8EY4J0UOJZR
B0B59LH244,A2W8EY4J0UOJZR
B0B18GB2YZ,A2W8EY4J0UOJZR
B09YGSG2SV,A2W8EY4J0UOJZR
B09TZXFJ4N,A2W8EY4J0UOJZR
B09TFHFFZ1,A2W8EY4J0UOJZR
B09PZFLQY4,A2W8EY4J0UOJZR
B09G2GSSZ2,A2W8EY4J0UOJZR
B093FK93SZ,A2W8EY4J0UOJZR
B0929H2X8X,A2W8EY4J0UOJZR
B08WWK9QV6,A2W8EY4J0UOJZR
B08NPDMY39,A2W8EY4J0UOJZR
B08N1GCY23,A2W8EY4J0UOJZR
B0C9Z6JM3L,A2W8EY4J0UOJZR
B0C8HY8P8Y,A2W8EY4J0UOJZR
B0C7CQ54PD,A2W8EY4J0UOJZR
B0C6K2WS31,A2W8EY4J0UOJZR
B0C622MCXC,A2W8EY4J0UOJZR
B0C5XB2BDN,A2W8EY4J0UOJZR
B0C5C9HWMQ,A2W8EY4J0UOJZR
B0C4BDLX2T,A2W8EY4J0UOJZR
B0C3LLSWRB,A2W8EY4J0UOJZR
B0C36ZM5JK,A2W8EY4J0UOJZR
B0C1TLZQ7M,A2W8EY4J0UOJZR
B0BXB9QDKT,A2W8EY4J0UOJZR
B0BVXYLDPR,A2W8EY4J0UOJZR
B0BV4CD9B7,A2W8EY4J0UOJZR
B0BTHQ2KLR,A2W8EY4J0UOJZR
B0BPH6QRJL,A2W8EY4J0UOJZR
B08FYZY2SL,A2W8EY4J0UOJZR
B08FQBF3F8,A2W8EY4J0UOJZR
B08F96Z5CH,A2W8EY4J0UOJZR
B08CH95R1F,A2W8EY4J0UOJZR
B085STDXRS,A2W8EY4J0UOJZR
B0839QHPWZ,A2W8EY4J0UOJZR
B07N6MXLRZ,A2W8EY4J0UOJZR
B07KSX3YVX,A2W8EY4J0UOJZR
B07J69BL36,A2W8EY4J0UOJZR
B07J2QYB43,A2W8EY4J0UOJZR
B07GLC6BJD,A2W8EY4J0UOJZR
B07FQVL6M7,A2W8EY4J0UOJZR
B076GY8W89,A2W8EY4J0UOJZR
B01M4J1E5N,A2W8EY4J0UOJZR
B01M4GMQGP,A2W8EY4J0UOJZR
B01L9U8Z1A,A2W8EY4J0UOJZR
B00C00IOOM,A2W8EY4J0UOJZR
B0DWK5818M,A2W8EY4J0UOJZR
B0DNSVB4HM,A2W8EY4J0UOJZR
B0DWFNK94C,A2W8EY4J0UOJZR
B0DN6R3FCT,A2W8EY4J0UOJZR
B0DV2GF4WR,A2W8EY4J0UOJZR
B0DMW613BM,A2W8EY4J0UOJZR
B0DTY4TKBR,A2W8EY4J0UOJZR
B0DLNV2S2H,A2W8EY4J0UOJZR
B0DSVP4CXS,A2W8EY4J0UOJZR
B0DL9V6Z8V,A2W8EY4J0UOJZR
B0DSF94B45,A2W8EY4J0UOJZR
B0DL4MDBL3,A2W8EY4J0UOJZR
B0DS7DKRTR,A2W8EY4J0UOJZR
B0DK48JRHL,A2W8EY4J0UOJZR
B0DS2FWSN6,A2W8EY4J0UOJZR
B0DGP7HFGX,A2W8EY4J0UOJZR
B0DRVN3J8V,A2W8EY4J0UOJZR
B0DGFCVLMH,A2W8EY4J0UOJZR
B0DRTNV6KG,A2W8EY4J0UOJZR
B0DFVLGG78,A2W8EY4J0UOJZR
B0DRSB4Z67,A2W8EY4J0UOJZR
B0DFPKNR58,A2W8EY4J0UOJZR
B0DRPFWQLP,A2W8EY4J0UOJZR
B0DDHWDQ9Q,A2W8EY4J0UOJZR
B0DRHSX4KJ,A2W8EY4J0UOJZR
B0DCSFFSBK,A2W8EY4J0UOJZR
B0DRF3ST6K,A2W8EY4J0UOJZR
B0DCBQ637Z,A2W8EY4J0UOJZR
B0DRD5MBS2,A2W8EY4J0UOJZR
B0DBZM896H,A2W8EY4J0UOJZR
B0DRCX9Z4X,A2W8EY4J0UOJZR
B0DBQQZT74,A2W8EY4J0UOJZR
B0D9P37BJ2,A2W8EY4J0UOJZR
B0DR749QFW,A2W8EY4J0UOJZR
B0D92QD3NW,A2W8EY4J0UOJZR
B0DQPM17G1,A2W8EY4J0UOJZR
B0D8SSQ7HW,A2W8EY4J0UOJZR
B0DPZFDN8R,A2W8EY4J0UOJZR
B0D8PYX44N,A2W8EY4J0UOJZR
B0DPMNZH2L,A2W8EY4J0UOJZR
B0D7ZSDS3J,A2W8EY4J0UOJZR
B0DPHP2WPV,A2W8EY4J0UOJZR
B0D7MJSJ3G,A2W8EY4J0UOJZR
B0DP8CKTNZ,A2W8EY4J0UOJZR
B0D66TH6L5,A2W8EY4J0UOJZR
B0DP2X2F3M,A2W8EY4J0UOJZR
B0D45626VK,A2W8EY4J0UOJZR
B0DNV38SH7,A2W8EY4J0UOJZR
B0D455R1RS,A2W8EY4J0UOJZR
B0DNN8492J,A2W8EY4J0UOJZR
B0D3PNDBZY,A2W8EY4J0UOJZR
B0DNMYFMM2,A2W8EY4J0UOJZR
B0D3LS7368,A2W8EY4J0UOJZR
B0DNG2YC8Z,A2W8EY4J0UOJZR
B0D3266Q78,A2W8EY4J0UOJZR
B0DNF21XQ6,A2W8EY4J0UOJZR
B0D2HPK3PG,A2W8EY4J0UOJZR
B0DN68BVCW,A2W8EY4J0UOJZR
B0D2239JPJ,A2W8EY4J0UOJZR
B0DN1723D4,A2W8EY4J0UOJZR
B0D1XPDCPD,A2W8EY4J0UOJZR
B0DMZPTFTR,A2W8EY4J0UOJZR
B0D1Q6BNFB,A2W8EY4J0UOJZR
B0DMJZ6JTN,A2W8EY4J0UOJZR
B0D144XWXN,A2W8EY4J0UOJZR
B0DM86W4BX,A2W8EY4J0UOJZR
B0CX14GSNS,A2W8EY4J0UOJZR
B0DLZ4LF2T,A2W8EY4J0UOJZR
B0CWXX66PV,A2W8EY4J0UOJZR
B0DLXWMRRH,A2W8EY4J0UOJZR
B0CWNW38BN,A2W8EY4J0UOJZR
B0DLDPMK3D,A2W8EY4J0UOJZR
B0CT52B87G,A2W8EY4J0UOJZR
B0DL5VZJ2M,A2W8EY4J0UOJZR
B0CQT4YR6C,A2W8EY4J0UOJZR
B0DL4DN3P7,A2W8EY4J0UOJZR
B0CQP9C1YV,A2W8EY4J0UOJZR
B0DKXRYPNH,A2W8EY4J0UOJZR
B0CP27YZ9K,A2W8EY4J0UOJZR
B0DKT5CNKV,A2W8EY4J0UOJZR
B0CMXHD38Y,A2W8EY4J0UOJZR
B0DKH2CVXS,A2W8EY4J0UOJZR
B0CMQ9XQQQ,A2W8EY4J0UOJZR
B0DKBQJNX3,A2W8EY4J0UOJZR
B0CLHV55DT,A2W8EY4J0UOJZR
B0DJWMQG99,A2W8EY4J0UOJZR
B0CKZD8ZG8,A2W8EY4J0UOJZR
B0DJVF7SFR,A2W8EY4J0UOJZR
B0CHDZ54WG,A2W8EY4J0UOJZR
B0DJ71BV5F,A2W8EY4J0UOJZR
B0CHB6HK8B,A2W8EY4J0UOJZR
B0DHVMWPGC,A2W8EY4J0UOJZR
B0CH849BF5,A2W8EY4J0UOJZR
B0DHSWRGQX,A2W8EY4J0UOJZR
B0CFRMYRX6,A2W8EY4J0UOJZR
B0DGPVFQSV,A2W8EY4J0UOJZR
B0CDMP5J6H,A2W8EY4J0UOJZR
B0DGPPJV2V,A2W8EY4J0UOJZR
B0CBSL2ZM4,A2W8EY4J0UOJZR
B0DGLB1SK7,A2W8EY4J0UOJZR
B0C81FC5GQ,A2W8EY4J0UOJZR
B0DGKYGZWW,A2W8EY4J0UOJZR
B0C6XFWVSW,A2W8EY4J0UOJZR
B0DGG1YSQB,A2W8EY4J0UOJZR
B0C5J2QG7W,A2W8EY4J0UOJZR
B0DFWGQW1C,A2W8EY4J0UOJZR
B0C28C8MZF,A2W8EY4J0UOJZR
B0DFMS36PM,A2W8EY4J0UOJZR
B0BZ829PQZ,A2W8EY4J0UOJZR
B0DFM8JJRV,A2W8EY4J0UOJZR
B0BVWM5V5C,A2W8EY4J0UOJZR
B0BRYSGHYQ,A2W8EY4J0UOJZR
B0DF1T7313,A2W8EY4J0UOJZR
B0BM9XC8JF,A2W8EY4J0UOJZR
B0DDSN9N77,A2W8EY4J0UOJZR
B0BM9X74S3,A2W8EY4J0UOJZR
B0DD7BCVJS,A2W8EY4J0UOJZR
B0BM9WHHXM,A2W8EY4J0UOJZR
B0DD6JT9S6,A2W8EY4J0UOJZR
B0BGM2F145,A2W8EY4J0UOJZR
B0DCRVQR54,A2W8EY4J0UOJZR
B09ZP8354V,A2W8EY4J0UOJZR
B0DC5HY75K,A2W8EY4J0UOJZR
B09SGSN7VR,A2W8EY4J0UOJZR
B0DBYYVMSQ,A2W8EY4J0UOJZR
B09NTQLJKF,A2W8EY4J0UOJZR
B0DBVJ2Z8Z,A2W8EY4J0UOJZR
B09J3WHHPY,A2W8EY4J0UOJZR
B0D9XY6LTH,A2W8EY4J0UOJZR
B08XJXSXY1,A2W8EY4J0UOJZR
B0D9NBD76S,A2W8EY4J0UOJZR
B08FWZ1RFV,A2W8EY4J0UOJZR
B0D9M25JKD,A2W8EY4J0UOJZR
B083FBQ4XW,A2W8EY4J0UOJZR
B0D9K9XC2W,A2W8EY4J0UOJZR
B081S26H88,A2W8EY4J0UOJZR
B0D977612P,A2W8EY4J0UOJZR
B07CV17QZ1,A2W8EY4J0UOJZR
B0D92LPW5T,A2W8EY4J0UOJZR
B01N2SACGQ,A2W8EY4J0UOJZR
B0D8KDWC72,A2W8EY4J0UOJZR
B01M5BBKUE,A2W8EY4J0UOJZR
B0D86ZHWDZ,A2W8EY4J0UOJZR
B01M0YVY7F,A2W8EY4J0UOJZR
B0D7MNYC12,A2W8EY4J0UOJZR
B00868026A,A2W8EY4J0UOJZR
B0D7GG1349,A2W8EY4J0UOJZR
B0D7GDPJYW,A2W8EY4J0UOJZR
B0D7D15XR5,A2W8EY4J0UOJZR
B0D6Y9B6T8,A2W8EY4J0UOJZR
B0D635SGFX,A2W8EY4J0UOJZR
B0D4GF7GDW,A2W8EY4J0UOJZR
B0D47H5BC4,A2W8EY4J0UOJZR
B0D473SG6S,A2W8EY4J0UOJZR
B0D3KXMV2F,A2W8EY4J0UOJZR
B0D1K6L4YZ,A2W8EY4J0UOJZR
B0D1FQP1J5,A2W8EY4J0UOJZR
B0D1422Z2K,A2W8EY4J0UOJZR
B0CH9X6Z2Z,A2W8EY4J0UOJZR
B0CFZQG8W3,A2W8EY4J0UOJZR
B0CFDV569Q,A2W8EY4J0UOJZR
B0CB9FSWPV,A2W8EY4J0UOJZR
B0CB6Z7L82,A2W8EY4J0UOJZR
B0C8CF5G4C,A2W8EY4J0UOJZR
B0C6MM1DD6,A2W8EY4J0UOJZR
B0C5MGTCF8,A2W8EY4J0UOJZR
B0C4CM75VR,A2W8EY4J0UOJZR
B0C497PSMN,A2W8EY4J0UOJZR
B0C3VQBQXK,A2W8EY4J0UOJZR
B0C1NPBJBL,A2W8EY4J0UOJZR
B0C1NCZML2,A2W8EY4J0UOJZR
B0C1KQ3GQ6,A2W8EY4J0UOJZR
B0BYNY631T,A2W8EY4J0UOJZR
B0BY7KZ6K1,A2W8EY4J0UOJZR
B0CYZQYBVN,A2W8EY4J0UOJZR
B0CYLT4D7G,A2W8EY4J0UOJZR
B0CY28VW4T,A2W8EY4J0UOJZR
B0CWRDSCVX,A2W8EY4J0UOJZR
B0CWNVX2VX,A2W8EY4J0UOJZR
B0CWGL37LW,A2W8EY4J0UOJZR
B0CT5RDJ1S,A2W8EY4J0UOJZR
B0CRYBWN7H,A2W8EY4J0UOJZR
B0CRNGJ26D,A2W8EY4J0UOJZR
B0CRLFJBVF,A2W8EY4J0UOJZR
B0CQ51X1WY,A2W8EY4J0UOJZR
B0CPF1RQHQ,A2W8EY4J0UOJZR
B0CNSJ5WST,A2W8EY4J0UOJZR
B0CMPVD293,A2W8EY4J0UOJZR
B0CLVFRNMN,A2W8EY4J0UOJZR
B0CJ4M84N2,A2W8EY4J0UOJZR
B0BXSKS3ZQ,A2W8EY4J0UOJZR
B0BW3Z17GM,A2W8EY4J0UOJZR
B0BRCYR7K6,A2W8EY4J0UOJZR
B0BKT7SPYH,A2W8EY4J0UOJZR
B0BJ8BLFHB,A2W8EY4J0UOJZR
B0B8NNWZCR,A2W8EY4J0UOJZR
B0B5TD6JBD,A2W8EY4J0UOJZR
B0B4KT891T,A2W8EY4J0UOJZR
B0B3F89MRT,A2W8EY4J0UOJZR
B0B1XFBZKN,A2W8EY4J0UOJZR
B0B1H83QWB,A2W8EY4J0UOJZR
B0B16X79ST,A2W8EY4J0UOJZR
B09WJQ581X,A2W8EY4J0UOJZR
B09R7QMG99,A2W8EY4J0UOJZR
B09PZDNV63,A2W8EY4J0UOJZR
B09BD7Q2D6,A2W8EY4J0UOJZR
B092G238HB,A2W8EY4J0UOJZR
B08P85JM4P,A2W8EY4J0UOJZR
B08P82M56N,A2W8EY4J0UOJZR
B08576LR3G,A2W8EY4J0UOJZR
B081Z1L4GF,A2W8EY4J0UOJZR
B0812Z34M4,A2W8EY4J0UOJZR
B07WSRYDXZ,A2W8EY4J0UOJZR
B07PSXMT8S,A2W8EY4J0UOJZR
B07MRFYS5Y,A2W8EY4J0UOJZR
B07FJ6R8SY,A2W8EY4J0UOJZR
B074DWDCZF,A2W8EY4J0UOJZR
B01N1M0EAQ,A2W8EY4J0UOJZR
B01MZYYYU9,A2W8EY4J0UOJZR
B01MAUMOSL,A2W8EY4J0UOJZR
B01M08LQ95,A2W8EY4J0UOJZR
B01LWMHBH5,A2W8EY4J0UOJZR
B010939HQU,A2W8EY4J0UOJZR
B00A8OSJZG,A2W8EY4J0UOJZR
B0DT19TB6K,A2W8EY4J0UOJZR
B0DT18RWX6,A2W8EY4J0UOJZR
B0DSXKZQVZ,A2W8EY4J0UOJZR
B0DSPDC8HQ,A2W8EY4J0UOJZR
B0DPF67FJH,A2W8EY4J0UOJZR
B0DSL74JP5,A2W8EY4J0UOJZR
B0DP42HPZS,A2W8EY4J0UOJZR
B0DNFHQPRH,A2W8EY4J0UOJZR
B0DM244LTV,A2W8EY4J0UOJZR
B0DJVGXPVV,A2W8EY4J0UOJZR
B0DDGP3527,A2W8EY4J0UOJZR
B0DTCSJB65,A2W8EY4J0UOJZR
B0DCZXJVWL,A2W8EY4J0UOJZR
B0DT9Z21RW,A2W8EY4J0UOJZR
B0DCNSDN8D,A2W8EY4J0UOJZR
B0DT4CGYJX,A2W8EY4J0UOJZR
B0DWRK68LH,A2W8EY4J0UOJZR
B0DTJKMMWV,A2W8EY4J0UOJZR
B0DDXP3KZN,A2W8EY4J0UOJZR
B0DSPMPBQH,A2W8EY4J0UOJZR
B0DD3ND16H,A2W8EY4J0UOJZR
B0DSJ619WX,A2W8EY4J0UOJZR
B0D9QBBC71,A2W8EY4J0UOJZR
B0DJJ9KHDL,A2W8EY4J0UOJZR
B0DZ2CGYTT,A2W8EY4J0UOJZR
B0DHXGGZGP,A2W8EY4J0UOJZR
B0DYVNWY2R,A2W8EY4J0UOJZR
B0DG4R8WH2,A2W8EY4J0UOJZR
B0DT71CBVT,A2W8EY4J0UOJZR
B0DF558XMC,A2W8EY4J0UOJZR
B0DT4CQK5D,A2W8EY4J0UOJZR
B0DDQ6ZNRY,A2W8EY4J0UOJZR
B0C9VTGFKN,A2W8EY4J0UOJZR
B0B4T6SG52,A2W8EY4J0UOJZR
B0C9VMNKTB,A2W8EY4J0UOJZR
B0CQTYV1ZW,A2W8EY4J0UOJZR
B0842YN2PC,A2W8EY4J0UOJZR
B0874W5JYX,A2W8EY4J0UOJZR
B08RSDX6ZY,A2W8EY4J0UOJZR
B0847M4JRW,A2W8EY4J0UOJZR
B07FPF777W,A2W8EY4J0UOJZR
B01DN44BB8,A2W8EY4J0UOJZR
B0DW8KTK1J,A2W8EY4J0UOJZR
B0C6XL6HMV,A2W8EY4J0UOJZR
B0BQR72PCR,A2W8EY4J0UOJZR
B0C63LVP2S,A2W8EY4J0UOJZR
B09LZ4WGDP,A2W8EY4J0UOJZR
B0BT26MRGX,A2W8EY4J0UOJZR
B09NPRMMZV,A2W8EY4J0UOJZR
B0DFWPKF7G,A2W8EY4J0UOJZR
B0C2YS79PJ,A2W8EY4J0UOJZR
B0CR7P18Z9,A2W8EY4J0UOJZR
B0B8Y5WQ3S,A2W8EY4J0UOJZR
B0CHN111D1,A2W8EY4J0UOJZR
B09YNLHF8W,A2W8EY4J0UOJZR
B0C79RB33S,A2W8EY4J0UOJZR
B0B89GBNC6,A2W8EY4J0UOJZR
B0B7BFY7SP,A2W8EY4J0UOJZR
B0BJBH29QV,A2W8EY4J0UOJZR
B0B2PF1QF5,A2W8EY4J0UOJZR
B07VY9GYBJ,A2W8EY4J0UOJZR
B07JL64RJ4,A2W8EY4J0UOJZR
B08KJGGMQ9,A2W8EY4J0UOJZR
B07B3XX82T,A2W8EY4J0UOJZR
B0DSVYMVJJ,A2W8EY4J0UOJZR
B0DGFW898D,A2W8EY4J0UOJZR
B0DSS7XY4N,A2W8EY4J0UOJZR
B0DG86M668,A2W8EY4J0UOJZR
B0DRFR445N,A2W8EY4J0UOJZR
B0DF3B7GMW,A2W8EY4J0UOJZR
B0DR2QLSS3,A2W8EY4J0UOJZR
B0DDT7VCMX,A2W8EY4J0UOJZR
B0DQXP2ZZM,A2W8EY4J0UOJZR
B0DBZQL9XQ,A2W8EY4J0UOJZR
B0DQQ1HM6P,A2W8EY4J0UOJZR
B0DBR6JS2Z,A2W8EY4J0UOJZR
B0DQNJPVB2,A2W8EY4J0UOJZR
B0D9YFKCTN,A2W8EY4J0UOJZR
B0DQNH8VZM,A2W8EY4J0UOJZR
B0D9BSS7WW,A2W8EY4J0UOJZR
B0DQ6N2X4K,A2W8EY4J0UOJZR
B0D81DVVZN,A2W8EY4J0UOJZR
B0DPQRG8TT,A2W8EY4J0UOJZR
B0D73H23JV,A2W8EY4J0UOJZR
B0DPKXNLJ4,A2W8EY4J0UOJZR
B0D6G3QDS4,A2W8EY4J0UOJZR
B0DPKL4N2G,A2W8EY4J0UOJZR
B0D5QZ5SVW,A2W8EY4J0UOJZR
B0DPKGHG6R,A2W8EY4J0UOJZR
B0D4DXR22Z,A2W8EY4J0UOJZR
B0DPJ14P43,A2W8EY4J0UOJZR
B0D3MCDG2J,A2W8EY4J0UOJZR
B0DPB8LMN8,A2W8EY4J0UOJZR
B0D3FXFMYQ,A2W8EY4J0UOJZR
B0DNYP13YZ,A2W8EY4J0UOJZR
B0CZRH7GMV,A2W8EY4J0UOJZR
B0DNYHG1NM,A2W8EY4J0UOJZR
B0CYGX4B17,A2W8EY4J0UOJZR
B0DNQ6KN4F,A2W8EY4J0UOJZR
B0CXHKY49B,A2W8EY4J0UOJZR
B0DNMKXFWJ,A2W8EY4J0UOJZR
B0CWXRD4RF,A2W8EY4J0UOJZR
B0DNGWTQJS,A2W8EY4J0UOJZR
B0CTC22WWG,A2W8EY4J0UOJZR
B0DNBH16JM,A2W8EY4J0UOJZR
B0CQXT3K1M,A2W8EY4J0UOJZR
B0DMVBKJBQ,A2W8EY4J0UOJZR
B0CPHJK9C2,A2W8EY4J0UOJZR
B0DMCTRPMS,A2W8EY4J0UOJZR
B0CP5PRT5W,A2W8EY4J0UOJZR
B0DLWH73S7,A2W8EY4J0UOJZR
B0CP5M7VXJ,A2W8EY4J0UOJZR
B0DLGGNKXQ,A2W8EY4J0UOJZR
B0CN5ZGJZ8,A2W8EY4J0UOJZR
B0DLB2JXJH,A2W8EY4J0UOJZR
B0CMQ8TQLZ,A2W8EY4J0UOJZR
B0DL94H4TK,A2W8EY4J0UOJZR
B0CM66Z635,A2W8EY4J0UOJZR
B0DL63DY5X,A2W8EY4J0UOJZR
B0CLNY9V4M,A2W8EY4J0UOJZR
B0DKDY65GC,A2W8EY4J0UOJZR
B0CKHVB5BN,A2W8EY4J0UOJZR
B0DJY55PZ9,A2W8EY4J0UOJZR
B0CJ9CLKY1,A2W8EY4J0UOJZR
B0DJT27NMC,A2W8EY4J0UOJZR
B0CHJG9SL1,A2W8EY4J0UOJZR
B0DHZVXTV1,A2W8EY4J0UOJZR
B0CFDFSZXN,A2W8EY4J0UOJZR
B0DG8J5S57,A2W8EY4J0UOJZR
B0BS6H763W,A2W8EY4J0UOJZR
B0DFWDVY5M,A2W8EY4J0UOJZR
B0BRX94H54,A2W8EY4J0UOJZR
B0DFQ6H766,A2W8EY4J0UOJZR
B0BRBFGD5L,A2W8EY4J0UOJZR
B0DFH6421K,A2W8EY4J0UOJZR
B0BNNTVYJY,A2W8EY4J0UOJZR
B0DF2DFWS8,A2W8EY4J0UOJZR
B0BNMCKHYG,A2W8EY4J0UOJZR
B0DDRD3F2L,A2W8EY4J0UOJZR
B0BN4R8SKV,A2W8EY4J0UOJZR
B0DDG2JDSL,A2W8EY4J0UOJZR
B0BMG3YCBG,A2W8EY4J0UOJZR
B0DD6RHWBT,A2W8EY4J0UOJZR
B0BKW3FXNL,A2W8EY4J0UOJZR
B0DHXTT6Q8,A2W8EY4J0UOJZR
B0CDN6438X,A2W8EY4J0UOJZR
B0DHS4D9VT,A2W8EY4J0UOJZR
B0CCHQ4FWM,A2W8EY4J0UOJZR
B0DHRWFYF2,A2W8EY4J0UOJZR
B0C7C8PLNT,A2W8EY4J0UOJZR
B0DH1W6DXL,A2W8EY4J0UOJZR
B0C23PFYTQ,A2W8EY4J0UOJZR
B0DGV62KZC,A2W8EY4J0UOJZR
B0C1Z72KF5,A2W8EY4J0UOJZR
B0DGMMHZT8,A2W8EY4J0UOJZR
B0C1RXWNNP,A2W8EY4J0UOJZR
B0DGGPDN7X,A2W8EY4J0UOJZR
B0BZQLL95H,A2W8EY4J0UOJZR
B0DGG8JYXL,A2W8EY4J0UOJZR
B0BVRZ8NJC,A2W8EY4J0UOJZR
B0DD3QZ3WG,A2W8EY4J0UOJZR
B0BBTG4RWG,A2W8EY4J0UOJZR
B0DC7P4KQ4,A2W8EY4J0UOJZR
B0B9LXHMP8,A2W8EY4J0UOJZR
B0DBVJPDXB,A2W8EY4J0UOJZR
B09QXPT8NV,A2W8EY4J0UOJZR
B0DB873WZJ,A2W8EY4J0UOJZR
B09L7F8PHV,A2W8EY4J0UOJZR
B0DB5HMDMP,A2W8EY4J0UOJZR
B09JZ68ZKH,A2W8EY4J0UOJZR
B0D9TKK6P5,A2W8EY4J0UOJZR
B09GLKWVC2,A2W8EY4J0UOJZR
B0D9NWPDD3,A2W8EY4J0UOJZR
B09FXS76F5,A2W8EY4J0UOJZR
B0D97RVB9N,A2W8EY4J0UOJZR
B0995H2P72,A2W8EY4J0UOJZR
B0D96LTBYN,A2W8EY4J0UOJZR
B098T5SFTH,A2W8EY4J0UOJZR
B0D927V42B,A2W8EY4J0UOJZR
B08T197N7T,A2W8EY4J0UOJZR
B0D8VW7NB7,A2W8EY4J0UOJZR
B08R993KL2,A2W8EY4J0UOJZR
B0D8SHNM11,A2W8EY4J0UOJZR
B08CXP8NG7,A2W8EY4J0UOJZR
B0D83GQ5LD,A2W8EY4J0UOJZR
B0892CGZZ7,A2W8EY4J0UOJZR
B0D83B5FFN,A2W8EY4J0UOJZR
B085C7YFXY,A2W8EY4J0UOJZR
B0D7M9Q949,A2W8EY4J0UOJZR
B07FC32KCG,A2W8EY4J0UOJZR
B0D7L1HJZK,A2W8EY4J0UOJZR
B06VXXNCBQ,A2W8EY4J0UOJZR
B0D6RQVN2M,A2W8EY4J0UOJZR
B007KXZR6M,A2W8EY4J0UOJZR
B0D68MF7RW,A2W8EY4J0UOJZR
B0D5XY7Z34,A2W8EY4J0UOJZR
B0D5GFM7K8,A2W8EY4J0UOJZR
B0D5DF88HN,A2W8EY4J0UOJZR
B0D5CQWQYT,A2W8EY4J0UOJZR
B0D58582GV,A2W8EY4J0UOJZR
B0D48K6FJG,A2W8EY4J0UOJZR
B0D47FVB9Q,A2W8EY4J0UOJZR
B0D442DS1M,A2W8EY4J0UOJZR
B0D3KNFZHD,A2W8EY4J0UOJZR
B0D2S4N972,A2W8EY4J0UOJZR
B0D2RTS93D,A2W8EY4J0UOJZR
B0D2RQTYJZ,A2W8EY4J0UOJZR
B0D2L38ZZP,A2W8EY4J0UOJZR
B0D2JHMM94,A2W8EY4J0UOJZR
B0D2CZLLMR,A2W8EY4J0UOJZR
B0D1H4VHH7,A2W8EY4J0UOJZR
B0D1F23D99,A2W8EY4J0UOJZR
B0D12JCMFT,A2W8EY4J0UOJZR
B0CZXCKS96,A2W8EY4J0UOJZR
B0CZMSQJ2G,A2W8EY4J0UOJZR
B0CZ92VNZ5,A2W8EY4J0UOJZR
B0CZ7BM1MT,A2W8EY4J0UOJZR
B0CZ73GYPW,A2W8EY4J0UOJZR
B0CYT2Z8C1,A2W8EY4J0UOJZR
B0CYGLW3MQ,A2W8EY4J0UOJZR
B0CXXYZ733,A2W8EY4J0UOJZR
B0CXXH6GYH,A2W8EY4J0UOJZR
B0CXMCFRVT,A2W8EY4J0UOJZR
B0CWQ6H6D8,A2W8EY4J0UOJZR
B0CFDK723P,A2W8EY4J0UOJZR
B0CDWKYF7C,A2W8EY4J0UOJZR
B0CC8WFLGF,A2W8EY4J0UOJZR
B0CB42645M,A2W8EY4J0UOJZR
B0C9JRP4YQ,A2W8EY4J0UOJZR
B0C5M9BBS8,A2W8EY4J0UOJZR
B0C53MBP8R,A2W8EY4J0UOJZR
B0C23LB29Z,A2W8EY4J0UOJZR
B0C1S9LB71,A2W8EY4J0UOJZR
B0C1FRW8PR,A2W8EY4J0UOJZR
B0BZ7QM79J,A2W8EY4J0UOJZR
B0BYSV1GQC,A2W8EY4J0UOJZR
B0BVQ96Q6G,A2W8EY4J0UOJZR
B0BP75JG2P,A2W8EY4J0UOJZR
B0BG2BNLM5,A2W8EY4J0UOJZR
B0B68WVQWV,A2W8EY4J0UOJZR
B0CWMTVC8X,A2W8EY4J0UOJZR
B0CWDN3WKD,A2W8EY4J0UOJZR
B0CVBB4D6C,A2W8EY4J0UOJZR
B0CSDB2SHF,A2W8EY4J0UOJZR
B0CRZ3923P,A2W8EY4J0UOJZR
B0CQYW19PL,A2W8EY4J0UOJZR
B0CQMF3D1S,A2W8EY4J0UOJZR
B0CPPXX86Z,A2W8EY4J0UOJZR
B0CP99VL5K,A2W8EY4J0UOJZR
B0CP8GGT81,A2W8EY4J0UOJZR
B0CNT1SNQ9,A2W8EY4J0UOJZR
B0CMZKF3YG,A2W8EY4J0UOJZR
B0CM999LTV,A2W8EY4J0UOJZR
B0CM3BRTQR,A2W8EY4J0UOJZR
B0CKSZL1Y5,A2W8EY4J0UOJZR
B0CJ4R9146,A2W8EY4J0UOJZR
B0B4PHDCGF,A2W8EY4J0UOJZR
B09XJH5C7N,A2W8EY4J0UOJZR
B09WDGY67T,A2W8EY4J0UOJZR
B09J4GY5MY,A2W8EY4J0UOJZR
B0986X2GDJ,A2W8EY4J0UOJZR
B09324645R,A2W8EY4J0UOJZR
B08Y5ZZZ9Z,A2W8EY4J0UOJZR
B08H5BN7SF,A2W8EY4J0UOJZR
B089NJP4Q1,A2W8EY4J0UOJZR
B0874WL1DV,A2W8EY4J0UOJZR
B0874VCQZT,A2W8EY4J0UOJZR
B07YG1WGXD,A2W8EY4J0UOJZR
B07V711GMJ,A2W8EY4J0UOJZR
B075Q786HV,A2W8EY4J0UOJZR
B074TMKQNG,A2W8EY4J0UOJZR
B012RY5PRO,A2W8EY4J0UOJZR
B00UNP0Q1U,A2W8EY4J0UOJZR
B00UI40JRC,A2W8EY4J0UOJZR
B00TE26FJA,A2W8EY4J0UOJZR
B00KQ17UZQ,A2W8EY4J0UOJZR
B00KCEC0BG,A2W8EY4J0UOJZR
B00BIGGRTI,A2W8EY4J0UOJZR
B009QBU6QM,A2W8EY4J0UOJZR
B007IB7TD0,A2W8EY4J0UOJZR
B00563CI3S,A2W8EY4J0UOJZR
B003GSVGXS,A2W8EY4J0UOJZR
B0C1769NQ9,A2W8EY4J0UOJZR
B0BVFRLDK5,A2W8EY4J0UOJZR
B00NOW797S,A2W8EY4J0UOJZR
B0BT25JXDS,A2W8EY4J0UOJZR
B0DYK9VYZQ,A2W8EY4J0UOJZR
B0BCQHJN5W,A2W8EY4J0UOJZR
B0CDXKP33Y,A2W8EY4J0UOJZR
B0D22T4289,A2W8EY4J0UOJZR
B0B6BW66C7,A2W8EY4J0UOJZR
B0CZMRTC93,A2W8EY4J0UOJZR
B07BB5TMRQ,A2W8EY4J0UOJZR
B0CMVR93WZ,A2W8EY4J0UOJZR
B0DX3LM4M9,A2W8EY4J0UOJZR
B0C1YYHFXG,A2W8EY4J0UOJZR
B0DWTY5F52,A2W8EY4J0UOJZR
B0C1YY3NHB,A2W8EY4J0UOJZR
B0DWSH8745,A2W8EY4J0UOJZR
B0B294DQG3,A2W8EY4J0UOJZR
B01MR95UFC,A2W8EY4J0UOJZR
B000EVDFJ8,A2W8EY4J0UOJZR
B0BTQ7B1HY,A2W8EY4J0UOJZR
B0BVVR162R,A2W8EY4J0UOJZR
B0D52L48HH,A2W8EY4J0UOJZR
B0DZNG1JFQ,A2W8EY4J0UOJZR
B0DYJKW1ZJ,A2W8EY4J0UOJZR
B0DT8X9K22,A2W8EY4J0UOJZR
B0D2Q81QXB,A2W8EY4J0UOJZR
B0DT17GJQM,A2W8EY4J0UOJZR
B0BZRDJ9W3,A2W8EY4J0UOJZR
B0DMZ7Z5MK,A2W8EY4J0UOJZR
B0CZKTKQGN,A2W8EY4J0UOJZR
B0DMVBYHDQ,A2W8EY4J0UOJZR
B0CZDR1ZS7,A2W8EY4J0UOJZR
B0DMK1YZQ4,A2W8EY4J0UOJZR
B0CYWXJMMD,A2W8EY4J0UOJZR
B0DMF7NBS1,A2W8EY4J0UOJZR
B0CXSYJHBX,A2W8EY4J0UOJZR
B0DM8JKC2H,A2W8EY4J0UOJZR
B0CXHJGHYH,A2W8EY4J0UOJZR
B0DM4NL1C7,A2W8EY4J0UOJZR
B0CTS6Y5DB,A2W8EY4J0UOJZR
B0DM1GJ5HF,A2W8EY4J0UOJZR
B0CT5G4THC,A2W8EY4J0UOJZR
B0DLW99RC5,A2W8EY4J0UOJZR
B0CSD8J5C6,A2W8EY4J0UOJZR
B016IO81PW,A2W8EY4J0UOJZR
B0DXF5CVSK,A2W8EY4J0UOJZR
B0DXDV4BSF,A2W8EY4J0UOJZR
B0B648LB8M,A2W8EY4J0UOJZR
B0DT9LZ71K,A2W8EY4J0UOJZR
B09XBRYHD6,A2W8EY4J0UOJZR
B0DSVLBSBY,A2W8EY4J0UOJZR
B09XBR963X,A2W8EY4J0UOJZR
B0DSJRTMT4,A2W8EY4J0UOJZR
B08K3HRT1K,A2W8EY4J0UOJZR
B0DSPCJ1SX,A2W8EY4J0UOJZR
B0DHXRRQ1J,A2W8EY4J0UOJZR
B0DS5KKPRP,A2W8EY4J0UOJZR
B0DG8WHGYJ,A2W8EY4J0UOJZR
B0DRG7F3MP,A2W8EY4J0UOJZR
B0DG1WVY5W,A2W8EY4J0UOJZR
B0DR2HDLXR,A2W8EY4J0UOJZR
B0DDDBX1BN,A2W8EY4J0UOJZR
B0DQYCSLNV,A2W8EY4J0UOJZR
B0DCTR3TK2,A2W8EY4J0UOJZR
B0DQ82TZ62,A2W8EY4J0UOJZR
B0DCBQHHR7,A2W8EY4J0UOJZR
B0DQ6TB643,A2W8EY4J0UOJZR
B0DBZ8S91H,A2W8EY4J0UOJZR
B0DPXKFJ61,A2W8EY4J0UOJZR
B0D8FGT98T,A2W8EY4J0UOJZR
B0DPX7DZM3,A2W8EY4J0UOJZR
B0D86ZD9N1,A2W8EY4J0UOJZR
B0DPR6KTY6,A2W8EY4J0UOJZR
B0D86Z8KYY,A2W8EY4J0UOJZR
B0DPP9YCJV,A2W8EY4J0UOJZR
B0D84D2BYR,A2W8EY4J0UOJZR
B0DPL1TMY7,A2W8EY4J0UOJZR
B0D6NR8QPW,A2W8EY4J0UOJZR
B0DPHKVJ2R,A2W8EY4J0UOJZR
B0D3LTVC6J,A2W8EY4J0UOJZR
B0DP9H1K83,A2W8EY4J0UOJZR
B0D3KZMTZH,A2W8EY4J0UOJZR
B0DP7QKZHT,A2W8EY4J0UOJZR
B0D3DTZJP2,A2W8EY4J0UOJZR
B0DP74ZFNR,A2W8EY4J0UOJZR
B0D1QG6BZS,A2W8EY4J0UOJZR
B0DJV9R51R,A2W8EY4J0UOJZR
B0CJRWB3FB,A2W8EY4J0UOJZR
B0DJSKNKCG,A2W8EY4J0UOJZR
B0CJ5PBYQS,A2W8EY4J0UOJZR
B0DJQRYM54,A2W8EY4J0UOJZR
B0CHYN7VFR,A2W8EY4J0UOJZR
B0DJBRCH8G,A2W8EY4J0UOJZR
B0CGVRDZKP,A2W8EY4J0UOJZR
B0DJBQWKS5,A2W8EY4J0UOJZR
B0CGT54TW8,A2W8EY4J0UOJZR
B0DJ883LMH,A2W8EY4J0UOJZR
B0CDGMZVST,A2W8EY4J0UOJZR
B0DJ4TND1V,A2W8EY4J0UOJZR
B0CD71SYWV,A2W8EY4J0UOJZR
B0DHXH39BB,A2W8EY4J0UOJZR
B0CD54TKRQ,A2W8EY4J0UOJZR
B0DLNZK453,A2W8EY4J0UOJZR
B0CS2PNW5Q,A2W8EY4J0UOJZR
B0DKXWWJQN,A2W8EY4J0UOJZR
B0CR5LCB2R,A2W8EY4J0UOJZR
B0DKSXN3DP,A2W8EY4J0UOJZR
B0CQQKBFGM,A2W8EY4J0UOJZR
B0DKSHZCD6,A2W8EY4J0UOJZR
B0CQ2KQN3Q,A2W8EY4J0UOJZR
B0DK8WM44F,A2W8EY4J0UOJZR
B0CMTPXP3J,A2W8EY4J0UOJZR
B0DK76DYB1,A2W8EY4J0UOJZR
B0CMQFFX78,A2W8EY4J0UOJZR
B0DK255DJL,A2W8EY4J0UOJZR
B0CLDNWB83,A2W8EY4J0UOJZR
B0DK1RXMQ7,A2W8EY4J0UOJZR
B0CKVFCVBB,A2W8EY4J0UOJZR
B0DDTKBP27,A2W8EY4J0UOJZR
B0C2PQMZXT,A2W8EY4J0UOJZR
B0DDPGZ8L8,A2W8EY4J0UOJZR
B0C23F1VCP,A2W8EY4J0UOJZR
B0DDKBB2L1,A2W8EY4J0UOJZR
B0C1BLJVRP,A2W8EY4J0UOJZR
B0DDCDKJLB,A2W8EY4J0UOJZR
B0BYSD25F6,A2W8EY4J0UOJZR
B0DD73HSGH,A2W8EY4J0UOJZR
B0BYCDHXWD,A2W8EY4J0UOJZR
B0DCG1NW2R,A2W8EY4J0UOJZR
B0BYC5BHCP,A2W8EY4J0UOJZR
B0DBZHBD8Q,A2W8EY4J0UOJZR
B0BX6X44FZ,A2W8EY4J0UOJZR
B0DBNMNXWS,A2W8EY4J0UOJZR
B0BWW7MBR1,A2W8EY4J0UOJZR
B0DGX3BYQF,A2W8EY4J0UOJZR
B0CCV9NVNX,A2W8EY4J0UOJZR
B0DGX1YPSL,A2W8EY4J0UOJZR
B0CCHPWVBJ,A2W8EY4J0UOJZR
B0DGT5JG5X,A2W8EY4J0UOJZR
B0CBMDXFMC,A2W8EY4J0UOJZR
B0DG8XDXNK,A2W8EY4J0UOJZR
B0CB3581QQ,A2W8EY4J0UOJZR
B0DG61Z51S,A2W8EY4J0UOJZR
B0C7GLT1S2,A2W8EY4J0UOJZR
B0DFQ4RXQD,A2W8EY4J0UOJZR
B0C5QLTRFZ,A2W8EY4J0UOJZR
B0DF74CPMC,A2W8EY4J0UOJZR
B0C43DF17M,A2W8EY4J0UOJZR
B0DF516Q76,A2W8EY4J0UOJZR
B0C33N6BCW,A2W8EY4J0UOJZR
B0DBGZ2V84,A2W8EY4J0UOJZR
B0BVZ2ZCZR,A2W8EY4J0UOJZR
B0DB9GWYTC,A2W8EY4J0UOJZR
B0BVM2M7WT,A2W8EY4J0UOJZR
B0DB85K6QH,A2W8EY4J0UOJZR
B0BVLFZB8Z,A2W8EY4J0UOJZR
B0D9XS5T13,A2W8EY4J0UOJZR
B0BS6GGWVC,A2W8EY4J0UOJZR
B0D9CVG5CP,A2W8EY4J0UOJZR
B0BQLNRMFM,A2W8EY4J0UOJZR
B0D94Q4DYM,A2W8EY4J0UOJZR
B0BGT2HX88,A2W8EY4J0UOJZR
B0D93ZWJ7Q,A2W8EY4J0UOJZR
B0BGSY7Z5Z,A2W8EY4J0UOJZR
B0D8ZM94PQ,A2W8EY4J0UOJZR
B0B99TFNGC,A2W8EY4J0UOJZR
B0CC46Y4FH,A2W8EY4J0UOJZR
B0C8CF59QC,A2W8EY4J0UOJZR
B01NCYT6V9,A2W8EY4J0UOJZR
B0BRSMM71F,A2W8EY4J0UOJZR
B00GOWCQ2S,A2W8EY4J0UOJZR
B01DN416NO,A2W8EY4J0UOJZR
B006WCMUYY,A2W8EY4J0UOJZR
B0DWFP8KPV,A2W8EY4J0UOJZR
B0DT67TNPR,A2W8EY4J0UOJZR
B0D8VH86JW,A2W8EY4J0UOJZR
B0B6N94QNY,A2W8EY4J0UOJZR
B0D8KYYGFG,A2W8EY4J0UOJZR
B0B49HVP2F,A2W8EY4J0UOJZR
B0D834SMM1,A2W8EY4J0UOJZR
B09YV3VCCQ,A2W8EY4J0UOJZR
B0D5HR1MT8,A2W8EY4J0UOJZR
B09YTMS959,A2W8EY4J0UOJZR
B0D5H8LTNP,A2W8EY4J0UOJZR
B09XTWMZLS,A2W8EY4J0UOJZR
B0D5CM4YNQ,A2W8EY4J0UOJZR
B09TKZFRJJ,A2W8EY4J0UOJZR
B0D53VRX17,A2W8EY4J0UOJZR
B09TKXHHW6,A2W8EY4J0UOJZR
B0D3GX4WYR,A2W8EY4J0UOJZR
B09LCS5Q26,A2W8EY4J0UOJZR
B0D3DW3DTY,A2W8EY4J0UOJZR
B09L8JPMPL,A2W8EY4J0UOJZR
B0D2D8FXSY,A2W8EY4J0UOJZR
B08KB45X9M,A2W8EY4J0UOJZR
B0CYC116HB,A2W8EY4J0UOJZR
B08C5HXM3J,A2W8EY4J0UOJZR
B0CX4ZQJDW,A2W8EY4J0UOJZR
B07XYP959N,A2W8EY4J0UOJZR
B0CW9R7YBG,A2W8EY4J0UOJZR
B07TXMLN9V,A2W8EY4J0UOJZR
B0CSYXLMHC,A2W8EY4J0UOJZR
B07Q42VV2M,A2W8EY4J0UOJZR
B0CSSV3M3P,A2W8EY4J0UOJZR
B07HRZ8T24,A2W8EY4J0UOJZR
B0CSJYNRH3,A2W8EY4J0UOJZR
B07GYPHMXY,A2W8EY4J0UOJZR
B0CKNYBQSN,A2W8EY4J0UOJZR
B0CJJLN4PN,A2W8EY4J0UOJZR
B0CJGN2Q7K,A2W8EY4J0UOJZR
B0CJ5LXLT3,A2W8EY4J0UOJZR
B0CH9WSN4N,A2W8EY4J0UOJZR
B0CFTKB2CF,A2W8EY4J0UOJZR
B0CDHGC4GK,A2W8EY4J0UOJZR
B0CBJB2RKN,A2W8EY4J0UOJZR
B0CB6TTMMS,A2W8EY4J0UOJZR
B0C691Z2PB,A2W8EY4J0UOJZR
B0C624MMPL,A2W8EY4J0UOJZR
B0C4C7VJVZ,A2W8EY4J0UOJZR
B0C3VFBGNB,A2W8EY4J0UOJZR
B0C1DTN1BP,A2W8EY4J0UOJZR
B0BYND3QTH,A2W8EY4J0UOJZR
B0BX62F1VQ,A2W8EY4J0UOJZR
B09WPFSXN5,A2W8EY4J0UOJZR
B09WJVHWWF,A2W8EY4J0UOJZR
B09SFY7KSZ,A2W8EY4J0UOJZR
B09RNG1KRJ,A2W8EY4J0UOJZR
B09P3J4RQX,A2W8EY4J0UOJZR
B08X4DVN74,A2W8EY4J0UOJZR
B08V5FGJ3H,A2W8EY4J0UOJZR
B08MTVVY2Z,A2W8EY4J0UOJZR
B08MTL98HQ,A2W8EY4J0UOJZR
B08M4HMNY8,A2W8EY4J0UOJZR
B083QQXVYC,A2W8EY4J0UOJZR
B07V81V9LS,A2W8EY4J0UOJZR
B07R7XZ34C,A2W8EY4J0UOJZR
B07QT7N9HF,A2W8EY4J0UOJZR
B07QS3HCMZ,A2W8EY4J0UOJZR
B07NYW6TFL,A2W8EY4J0UOJZR
B0BX1YGCH8,A2W8EY4J0UOJZR
B0BV4MCDLB,A2W8EY4J0UOJZR
B0BTRH5M42,A2W8EY4J0UOJZR
B0BNF1CXYW,A2W8EY4J0UOJZR
B0BM4BV4CS,A2W8EY4J0UOJZR
B0BJ7M8GSJ,A2W8EY4J0UOJZR
B0BHW5QB34,A2W8EY4J0UOJZR
B0BHSYB4DM,A2W8EY4J0UOJZR
B0BGYJ82D7,A2W8EY4J0UOJZR
B0B822TR5D,A2W8EY4J0UOJZR
B0B693T8RJ,A2W8EY4J0UOJZR
B0B4DNNYPD,A2W8EY4J0UOJZR
B0B3MHW7QX,A2W8EY4J0UOJZR
B0B2R7VBJX,A2W8EY4J0UOJZR
B0B1ZX3TB4,A2W8EY4J0UOJZR
B09Z4WVQ5B,A2W8EY4J0UOJZR
B07G9CMB4L,A2W8EY4J0UOJZR
B0797D37KV,A2W8EY4J0UOJZR
B06W73HM4Q,A2W8EY4J0UOJZR
B01N1M0APA,A2W8EY4J0UOJZR
B01IDI3UIY,A2W8EY4J0UOJZR
B01CWJ6X4S,A2W8EY4J0UOJZR
B017Y6AKSE,A2W8EY4J0UOJZR
B00VAZQNEG,A2W8EY4J0UOJZR
B00A11KD00,A2W8EY4J0UOJZR
B00794YU60,A2W8EY4J0UOJZR
B0CS6LWVKL,A2W8EY4J0UOJZR
B0772DY6G4,A2W8EY4J0UOJZR
B0CRYBSRT8,A2W8EY4J0UOJZR
B0718V5CKT,A2W8EY4J0UOJZR
B0CRQHP9P7,A2W8EY4J0UOJZR
B01LM1P4HO,A2W8EY4J0UOJZR
B0CR98SG77,A2W8EY4J0UOJZR
B01LM1MIOG,A2W8EY4J0UOJZR
B0CQ22JPSB,A2W8EY4J0UOJZR
B0CPJMYSCV,A2W8EY4J0UOJZR
B0CNLFN7DG,A2W8EY4J0UOJZR
B0CMWXZ2KP,A2W8EY4J0UOJZR
B0CLZZYMCR,A2W8EY4J0UOJZR
B0CLLV6Y6L,A2W8EY4J0UOJZR
B0CLGZ4NF7,A2W8EY4J0UOJZR
B0CL9BRMGM,A2W8EY4J0UOJZR
B07RWFDJLV,A2W8EY4J0UOJZR
B0BN4LV9GX,A2W8EY4J0UOJZR
B0B5N3D19V,A2W8EY4J0UOJZR
B0BFGSY85M,A2W8EY4J0UOJZR
B0019FG5MW,A2W8EY4J0UOJZR
B0B1VV1XKL,A2W8EY4J0UOJZR
B0CSCT5ZCG,A2W8EY4J0UOJZR
B09TPBKDNW,A2W8EY4J0UOJZR
B0119SCERS,A2W8EY4J0UOJZR
B093CN944F,A2W8EY4J0UOJZR
B0D3MT58BS,A2W8EY4J0UOJZR
B0CJB9TTMN,A2W8EY4J0UOJZR
B0CL8PZZ17,A2W8EY4J0UOJZR
B0CHLZLDDS,A2W8EY4J0UOJZR
B0CGVDN9HJ,A2W8EY4J0UOJZR
B0C9YR9KRB,A2W8EY4J0UOJZR
B0DJQFKPBL,A2W8EY4J0UOJZR
B0C8LLG834,A2W8EY4J0UOJZR
B0DM1WZF4M,A2W8EY4J0UOJZR
B0D5M59Q68,A2W8EY4J0UOJZR
B084RP659H,A2W8EY4J0UOJZR
B0D3MTT9K6,A2W8EY4J0UOJZR
B0D7NMCMRJ,A2W8EY4J0UOJZR
B0D2LTK3MY,A2W8EY4J0UOJZR
B0D2BC7JVG,A2W8EY4J0UOJZR
B0D2D6LK64,A2W8EY4J0UOJZR
B0D7LF34DH,A2W8EY4J0UOJZR
B0D3MWL1KZ,A2W8EY4J0UOJZR
B0B38V349S,A2W8EY4J0UOJZR
B0CZMTHSXQ,A2W8EY4J0UOJZR
B0CT3BBNG1,A2W8EY4J0UOJZR
B0CYT8BTXX,A2W8EY4J0UOJZR
B0CH9Q7M2B,A2W8EY4J0UOJZR
B0CX8S8P9D,A2W8EY4J0UOJZR
B01MSK9ZK5,A2W8EY4J0UOJZR
B0CYZPKFT3,A2W8EY4J0UOJZR
B0CT3P514X,A2W8EY4J0UOJZR
B0DX21MWWP,A2W8EY4J0UOJZR
B0CNY8ZJ1V,A2W8EY4J0UOJZR
B0DWMPLC42,A2W8EY4J0UOJZR
B0CJ1X9QRT,A2W8EY4J0UOJZR
B0DT8R1HLB,A2W8EY4J0UOJZR
B0CDW5MXX2,A2W8EY4J0UOJZR
B0C28QCJ9J,A2W8EY4J0UOJZR
B0DH2LHJZ6,A2W8EY4J0UOJZR
B0F1CSYNJ1,A2W8EY4J0UOJZR
B0DC51JNMQ,A2W8EY4J0UOJZR
B0DWMVN8SW,A2W8EY4J0UOJZR
B0DBT8N3Q7,A2W8EY4J0UOJZR
B0DTX47Q6Y,A2W8EY4J0UOJZR
B0D7C5HMZJ,A2W8EY4J0UOJZR
B0DTTL2R65,A2W8EY4J0UOJZR
B0CTF9J712,A2W8EY4J0UOJZR
B0DTGCX2Q8,A2W8EY4J0UOJZR
B0CT2R6BY6,A2W8EY4J0UOJZR
B0DBZGFLWG,A2W8EY4J0UOJZR
B0D12BZZ1D,A2W8EY4J0UOJZR
B0CT25NZ6S,A2W8EY4J0UOJZR
B0C8S31JZ8,A2W8EY4J0UOJZR
B0CR1MBJ66,A2W8EY4J0UOJZR
B0DXFCF3H4,A2W8EY4J0UOJZR
B0DBLPZ4X6,A2W8EY4J0UOJZR
B075QVF7Y5,A2W8EY4J0UOJZR
B0DB19TXJ2,A2W8EY4J0UOJZR
B0BVDD9SMR,A2W8EY4J0UOJZR
B0F1MDTGXC,A2W8EY4J0UOJZR
B0DXV8TRJ4,A2W8EY4J0UOJZR
B0CXPFZ83T,A2W8EY4J0UOJZR
B0DXF19NVR,A2W8EY4J0UOJZR
B0CVTF6TMM,A2W8EY4J0UOJZR
B0DTTL7V8R,A2W8EY4J0UOJZR
B0CQLYMMK4,A2W8EY4J0UOJZR
B0DTKGK5WW,A2W8EY4J0UOJZR
B0C45Q2WGL,A2W8EY4J0UOJZR
B09TVN5VC9,A2W8EY4J0UOJZR
B08KJSXVH1,A2W8EY4J0UOJZR
B07YZKJGJW,A2W8EY4J0UOJZR
B08D3LSMLK,A2W8EY4J0UOJZR
B0CNGRY3Y5,A2W8EY4J0UOJZR
B0816NMYD5,A2W8EY4J0UOJZR
B0CP2TZS2D,A2W8EY4J0UOJZR
B07RJTVTG5,A2W8EY4J0UOJZR
B0B9FSKVY4,A2W8EY4J0UOJZR
B08J2G7CV8,A2W8EY4J0UOJZR
B0765CZ6P9,A2W8EY4J0UOJZR
B0CZDCMWDP,A2W8EY4J0UOJZR
B09LRJ9TGW,A2W8EY4J0UOJZR
B0BCWT3ML6,A2W8EY4J0UOJZR
B0DZCVJL4N,A2W8EY4J0UOJZR
B097BF2HHW,A2W8EY4J0UOJZR
B0DZ2SVYDW,A2W8EY4J0UOJZR
B07B5LSZ1C,A2W8EY4J0UOJZR
B082YL28RH,A2W8EY4J0UOJZR
B07982C6BN,A2W8EY4J0UOJZR
B0CKPB945J,A2W8EY4J0UOJZR
B075NT1L52,A2W8EY4J0UOJZR
B09WJR9G1R,A2W8EY4J0UOJZR
B00W4A2H1E,A2W8EY4J0UOJZR
B0BJ6PLLQK,A2W8EY4J0UOJZR
B0DD2XLTH2,A2W8EY4J0UOJZR
B0BS3QSVJY,A2W8EY4J0UOJZR
B0BV1M8CL2,A2W8EY4J0UOJZR
B084ZZT5NK,A2W8EY4J0UOJZR
B08R7P8PPV,A2W8EY4J0UOJZR
B07GVPPGMC,A2W8EY4J0UOJZR
B01DBKZ41A,A2W8EY4J0UOJZR
B07CDVWDK2,A2W8EY4J0UOJZR
B0F3CVCYWR,A2W8EY4J0UOJZR
B01N17U8XE,A2W8EY4J0UOJZR
B0DYHQW33H,A2W8EY4J0UOJZR
B019RECF4S,A2W8EY4J0UOJZR
B0DXFB66Z9,A2W8EY4J0UOJZR
B0DVWS7PQ7,A2W8EY4J0UOJZR
B0DTPVM96Y,A2W8EY4J0UOJZR
B0DT5W5P3T,A2W8EY4J0UOJZR
B0DT3VD6XV,A2W8EY4J0UOJZR
B0DP93MHGT,A2W8EY4J0UOJZR
B0DP2WN47N,A2W8EY4J0UOJZR
B0DP21Q3Q4,A2W8EY4J0UOJZR
B0DNQ7QK3G,A2W8EY4J0UOJZR
B0DNMQJKYG,A2W8EY4J0UOJZR
B0DNFL6YDQ,A2W8EY4J0UOJZR
B0DMV38PJC,A2W8EY4J0UOJZR
B0DMMWFWPB,A2W8EY4J0UOJZR
B0DMKP2DRX,A2W8EY4J0UOJZR
B0DM6GDDJ3,A2W8EY4J0UOJZR
B0DLKV42SK,A2W8EY4J0UOJZR
B0DL57NVTG,A2W8EY4J0UOJZR
