item,source
B06Y4B51LJ,A1OJ2PZFQYGM25
B01M9K32Z7,A1OJ2PZFQYGM25
B01LYRINOL,A1OJ2PZFQYGM25
B01K8CCP0M,A1OJ2PZFQYGM25
B01K3HC0VQ,A1OJ2PZFQYGM25
B01J0MPDJ6,A1OJ2PZFQYGM25
B01HJ1YY36,A1OJ2PZFQYGM25
B01HG1NV8I,A1OJ2PZFQYGM25
B01G2EQI1C,A1OJ2PZFQYGM25
B01BPC9LPQ,A1OJ2PZFQYGM25
B01AX9MSZC,A1OJ2PZFQYGM25
B00R0FA1JI,A1OJ2PZFQYGM25
B08B8WWDY6,A1OJ2PZFQYGM25
B08B8WJRB4,A1OJ2PZFQYGM25
B089M2L74B,A1OJ2PZFQYGM25
B088C2D27Z,A1OJ2PZFQYGM25
B087BLZNWB,A1OJ2PZFQYGM25
B08784B8MR,A1OJ2PZFQYGM25
B085HV1P2P,A1OJ2PZFQYGM25
B084WD8TSH,A1OJ2PZFQYGM25
B084WD8TS5,A1OJ2PZFQYGM25
B084WD6CQZ,A1OJ2PZFQYGM25
B084TD55HM,A1OJ2PZFQYGM25
B082BCMTMK,A1OJ2PZFQYGM25
B07ZG6927F,A1OJ2PZFQYGM25
B07Z9RJ5P1,A1OJ2PZFQYGM25
B07Z8HNYPP,A1OJ2PZFQYGM25
B07Z7DPCV6,A1OJ2PZFQYGM25
B00BTVSI7Q,A1OJ2PZFQYGM25
B00BT4U542,A1OJ2PZFQYGM25
B004ZMTPUA,A1OJ2PZFQYGM25
B004A29FHS,A1OJ2PZFQYGM25
B003YILO14,A1OJ2PZFQYGM25
B003M8O1HU,A1OJ2PZFQYGM25
B003KKONZK,A1OJ2PZFQYGM25
B003K2UBYU,A1OJ2PZFQYGM25
B003K2QLZI,A1OJ2PZFQYGM25
B0030GILGQ,A1OJ2PZFQYGM25
B002ZHSCCE,A1OJ2PZFQYGM25
B002WMYHMQ,A1OJ2PZFQYGM25
B002OEGL30,A1OJ2PZFQYGM25
B0025Q591M,A1OJ2PZFQYGM25
B001UN9AEI,A1OJ2PZFQYGM25
B001DKRCWA,A1OJ2PZFQYGM25
4860662377,A1OJ2PZFQYGM25
B00AOH8VVY,A1OJ2PZFQYGM25
B07YL9W4XP,A1OJ2PZFQYGM25
484563452X,A1OJ2PZFQYGM25
B098WM2B4Z,A1OJ2PZFQYGM25
B07XBQ2LGH,A1OJ2PZFQYGM25
4838729952,A1OJ2PZFQYGM25
B09SFYWX1D,A1OJ2PZFQYGM25
B07QN25SPG,A1OJ2PZFQYGM25
4780422825,A1OJ2PZFQYGM25
B0BMFQDXHB,A1OJ2PZFQYGM25
B074NZTN4M,A1OJ2PZFQYGM25
4756920446,A1OJ2PZFQYGM25
B08XZ6BDLX,A1OJ2PZFQYGM25
B01LWAHAOP,A1OJ2PZFQYGM25
457823391X,A1OJ2PZFQYGM25
B096PNG8TF,A1OJ2PZFQYGM25
4885612756,A1OJ2PZFQYGM25
B07D38CT5L,A1OJ2PZFQYGM25
B095P6DNXL,A1OJ2PZFQYGM25
4866801263,A1OJ2PZFQYGM25
B08965Y4FP,A1OJ2PZFQYGM25
B094Y9GFQ3,A1OJ2PZFQYGM25
4866513624,A1OJ2PZFQYGM25
B015NRQA7G,A1OJ2PZFQYGM25
B092W5F9RL,A1OJ2PZFQYGM25
4866513187,A1OJ2PZFQYGM25
B08LZQJ3HW,A1OJ2PZFQYGM25
B08X3TTQR7,A1OJ2PZFQYGM25
4866512377,A1OJ2PZFQYGM25
B001JPIQGA,A1OJ2PZFQYGM25
B085G2KCS5,A1OJ2PZFQYGM25
B004D7RMKC,A1OJ2PZFQYGM25
4003362551,A1OJ2PZFQYGM25
B0BY5LV99Y,A1OJ2PZFQYGM25
4003360834,A1OJ2PZFQYGM25
B07RCCTNKC,A1OJ2PZFQYGM25
B01M4KCLUE,A1OJ2PZFQYGM25
B0C1Q59SB3,A1OJ2PZFQYGM25
B0BYPNR9C5,A1OJ2PZFQYGM25
B0B8TGN92F,A1OJ2PZFQYGM25
B09TB69Q5Z,A1OJ2PZFQYGM25
B09H3J7V1D,A1OJ2PZFQYGM25
B09H3HGMTN,A1OJ2PZFQYGM25
B09H3FJZVP,A1OJ2PZFQYGM25
B098B3QBX4,A1OJ2PZFQYGM25
B097FF7NKD,A1OJ2PZFQYGM25
B095TSRFPS,A1OJ2PZFQYGM25
B001444X0E,A1OJ2PZFQYGM25
B001377ZE8,A1OJ2PZFQYGM25
B000KF2GWU,A1OJ2PZFQYGM25
B000GU1O2M,A1OJ2PZFQYGM25
B000FYX2PG,A1OJ2PZFQYGM25
B000C81LR6,A1OJ2PZFQYGM25
B000C81JAU,A1OJ2PZFQYGM25
B000BD6CXU,A1OJ2PZFQYGM25
B00006XY11,A1OJ2PZFQYGM25
B00006LHLC,A1OJ2PZFQYGM25
B08ZVMCP93,A1OJ2PZFQYGM25
B08X7H7HR6,A1OJ2PZFQYGM25
B08P2KK6QS,A1OJ2PZFQYGM25
B08JHRPQ75,A1OJ2PZFQYGM25
B08GHHP43G,A1OJ2PZFQYGM25
B08B8ZZJB7,A1OJ2PZFQYGM25
B08B8Z8QFB,A1OJ2PZFQYGM25
B08B4SKCVD,A1OJ2PZFQYGM25
B089F3LTMH,A1OJ2PZFQYGM25
B089B6NDTD,A1OJ2PZFQYGM25
B0881YYSVR,A1OJ2PZFQYGM25
B0881XXXNP,A1OJ2PZFQYGM25
B0881XRYMV,A1OJ2PZFQYGM25
B0881XKVRV,A1OJ2PZFQYGM25
B087RSJ7M5,A1OJ2PZFQYGM25
B087QG3W76,A1OJ2PZFQYGM25
B001O7OCDY,A1OJ2PZFQYGM25
B004XVWTDI,A1OJ2PZFQYGM25
4491041245,A1OJ2PZFQYGM25
B00XE39HMC,A1OJ2PZFQYGM25
B00319BQ6Y,A1OJ2PZFQYGM25
4344043065,A1OJ2PZFQYGM25
B07X52F8RX,A1OJ2PZFQYGM25
430902971X,A1OJ2PZFQYGM25
B07Q2K2F39,A1OJ2PZFQYGM25
4048975269,A1OJ2PZFQYGM25
B0148O1L38,A1OJ2PZFQYGM25
4046061758,A1OJ2PZFQYGM25
B0116871DI,A1OJ2PZFQYGM25
4046047941,A1OJ2PZFQYGM25
B006EHL14W,A1OJ2PZFQYGM25
4041054222,A1OJ2PZFQYGM25
B0868XBF51,A1OJ2PZFQYGM25
B08544BZ1Y,A1OJ2PZFQYGM25
B084WGN7N4,A1OJ2PZFQYGM25
B084M7YB7Q,A1OJ2PZFQYGM25
B0836RD73M,A1OJ2PZFQYGM25
B07ZTWQ417,A1OJ2PZFQYGM25
B07ZQV8F4B,A1OJ2PZFQYGM25
B07ZLYMJ6B,A1OJ2PZFQYGM25
B07Z39YND7,A1OJ2PZFQYGM25
B07Z1C4LBL,A1OJ2PZFQYGM25
B07YZR68D3,A1OJ2PZFQYGM25
B07YYK1DSZ,A1OJ2PZFQYGM25
B07YQ1VRZZ,A1OJ2PZFQYGM25
B07Y16ZJTF,A1OJ2PZFQYGM25
B07XZ2JR1J,A1OJ2PZFQYGM25
B07XZ22VG9,A1OJ2PZFQYGM25
B07XYFLBPL,A1OJ2PZFQYGM25
B07XP8RVPD,A1OJ2PZFQYGM25
B07WZQB7G5,A1OJ2PZFQYGM25
B07WXN82RQ,A1OJ2PZFQYGM25
B07WW7H4N6,A1OJ2PZFQYGM25
B07WSXJDHT,A1OJ2PZFQYGM25
B07WQ1GKQF,A1OJ2PZFQYGM25
B07W8YTNVB,A1OJ2PZFQYGM25
B07VV6QV28,A1OJ2PZFQYGM25
B07TWJR28S,A1OJ2PZFQYGM25
B07SF5RBS1,A1OJ2PZFQYGM25
B07RF5LH86,A1OJ2PZFQYGM25
B07R2K7MBZ,A1OJ2PZFQYGM25
B07Q8JVZWF,A1OJ2PZFQYGM25
B07PND27SX,A1OJ2PZFQYGM25
B07KFXXQR5,A1OJ2PZFQYGM25
B07GDW944K,A1OJ2PZFQYGM25
B07FB7KS7H,A1OJ2PZFQYGM25
B07CZJYPG9,A1OJ2PZFQYGM25
B07BFQCH88,A1OJ2PZFQYGM25
B074JC3W1K,A1OJ2PZFQYGM25
B073L2G4LF,A1OJ2PZFQYGM25
B01MZZNGIF,A1OJ2PZFQYGM25
B01M69IWG8,A1OJ2PZFQYGM25
B01M4KG3BX,A1OJ2PZFQYGM25
B01M4KAOUI,A1OJ2PZFQYGM25
B01LZ7YNDR,A1OJ2PZFQYGM25
B01LXYDE0T,A1OJ2PZFQYGM25
B01LXLHDD3,A1OJ2PZFQYGM25
B01LWZ23WB,A1OJ2PZFQYGM25
B01LWODJAD,A1OJ2PZFQYGM25
B01LW7RWGJ,A1OJ2PZFQYGM25
B01LW3CLP8,A1OJ2PZFQYGM25
B01LAXEM9K,A1OJ2PZFQYGM25
B01L2FNDC8,A1OJ2PZFQYGM25
B01L1LNGUC,A1OJ2PZFQYGM25
B01KCFIQ3A,A1OJ2PZFQYGM25
B01KCFIQ1W,A1OJ2PZFQYGM25
B01JH8OU5G,A1OJ2PZFQYGM25
B01I243HDW,A1OJ2PZFQYGM25
B01I0N0B7U,A1OJ2PZFQYGM25
B01HQIUNWS,A1OJ2PZFQYGM25
B01HQI3HGM,A1OJ2PZFQYGM25
B01H0BDO0Y,A1OJ2PZFQYGM25
B01BYKJCNA,A1OJ2PZFQYGM25
B019QNWZCC,A1OJ2PZFQYGM25
B013ISZGNG,A1OJ2PZFQYGM25
B010154KNG,A1OJ2PZFQYGM25
B00IV571HQ,A1OJ2PZFQYGM25
B00IT4U680,A1OJ2PZFQYGM25
B00IKFK3AY,A1OJ2PZFQYGM25
B00HSIF9G2,A1OJ2PZFQYGM25
B00GXFROCS,A1OJ2PZFQYGM25
B00FRK10E8,A1OJ2PZFQYGM25
B00EHJJ6M8,A1OJ2PZFQYGM25
B00E35FROW,A1OJ2PZFQYGM25
B00DYARSBM,A1OJ2PZFQYGM25
B00DLL995W,A1OJ2PZFQYGM25
B00CRMZDV0,A1OJ2PZFQYGM25
B00BEZWFMQ,A1OJ2PZFQYGM25
B00A2ERZZC,A1OJ2PZFQYGM25
B00A2ERWQ4,A1OJ2PZFQYGM25
B0095JAP1Q,A1OJ2PZFQYGM25
B009486CDS,A1OJ2PZFQYGM25
B00ZM9SKQA,A1OJ2PZFQYGM25
B00Y5QDBH4,A1OJ2PZFQYGM25
B00Y4WW78I,A1OJ2PZFQYGM25
B00UNBAJKW,A1OJ2PZFQYGM25
B00R0O5W0W,A1OJ2PZFQYGM25
B00QZBIJZQ,A1OJ2PZFQYGM25
B00QZ7NLD0,A1OJ2PZFQYGM25
B00QU80OBQ,A1OJ2PZFQYGM25
B00PCHY6N8,A1OJ2PZFQYGM25
B00OS5068Y,A1OJ2PZFQYGM25
B00NCEEJ1M,A1OJ2PZFQYGM25
B00LC9C0HE,A1OJ2PZFQYGM25
B00L6VDR16,A1OJ2PZFQYGM25
B00KS4QM8M,A1OJ2PZFQYGM25
B00KQPKOKA,A1OJ2PZFQYGM25
B00K2UJAT0,A1OJ2PZFQYGM25
B00005V5KW,A1OJ2PZFQYGM25
B003G261EI,A1OJ2PZFQYGM25
B0037XEWTM,A1OJ2PZFQYGM25
B002L1PARE,A1OJ2PZFQYGM25
B00208ZWK8,A1OJ2PZFQYGM25
B001RE6ICW,A1OJ2PZFQYGM25
B001JK0NXO,A1OJ2PZFQYGM25
B001FLUSYQ,A1OJ2PZFQYGM25
B001DCGV2U,A1OJ2PZFQYGM25
B001CS2WR8,A1OJ2PZFQYGM25
B001BYRKN4,A1OJ2PZFQYGM25
B001BQICZM,A1OJ2PZFQYGM25
B000QJ3DS6,A1OJ2PZFQYGM25
B000J0S6EI,A1OJ2PZFQYGM25
B000GZIUKQ,A1OJ2PZFQYGM25
B000C81JT6,A1OJ2PZFQYGM25
B000BZIR0E,A1OJ2PZFQYGM25
B00942NV4W,A1OJ2PZFQYGM25
B008CNOGJS,A1OJ2PZFQYGM25
B007QV6KSM,A1OJ2PZFQYGM25
B007P2W0VS,A1OJ2PZFQYGM25
B006K8R38I,A1OJ2PZFQYGM25
B005P0L37E,A1OJ2PZFQYGM25
B0055DPKO8,A1OJ2PZFQYGM25
B0050SXN3I,A1OJ2PZFQYGM25
B004PLPOO2,A1OJ2PZFQYGM25
B004KA9YI0,A1OJ2PZFQYGM25
B004GE9QYC,A1OJ2PZFQYGM25
B004GDH9OC,A1OJ2PZFQYGM25
B004D3T2OK,A1OJ2PZFQYGM25
B004687RZI,A1OJ2PZFQYGM25
B003M8W7FI,A1OJ2PZFQYGM25
B003LHGT04,A1OJ2PZFQYGM25
4877502238,A1OJ2PZFQYGM25
B000004BOJ,A1OJ2PZFQYGM25
B084FW7ZMN,A1OJ2PZFQYGM25
B0C99KXNZT,A1OJ2PZFQYGM25
4866513292,A1OJ2PZFQYGM25
B07YQWHM69,A1OJ2PZFQYGM25
B00GN4UC82,A1OJ2PZFQYGM25
486621158X,A1OJ2PZFQYGM25
B07YDT8ZQP,A1OJ2PZFQYGM25
B000CON5WO,A1OJ2PZFQYGM25
4845451425,A1OJ2PZFQYGM25
B07XH3MJGR,A1OJ2PZFQYGM25
B005ELATP6,A1OJ2PZFQYGM25
483342522X,A1OJ2PZFQYGM25
B07WD8J1S2,A1OJ2PZFQYGM25
B08235XVMP,A1OJ2PZFQYGM25
B0998WMQZM,A1OJ2PZFQYGM25
B098WKJYM7,A1OJ2PZFQYGM25
B097WGNSBG,A1OJ2PZFQYGM25
B091916LSS,A1OJ2PZFQYGM25
B091911WZK,A1OJ2PZFQYGM25
B0918ZY7D3,A1OJ2PZFQYGM25
B0918Z8568,A1OJ2PZFQYGM25
B0918YWGL8,A1OJ2PZFQYGM25
B0918X7DTQ,A1OJ2PZFQYGM25
B08ZSBGHLV,A1OJ2PZFQYGM25
B08YS2M2DF,A1OJ2PZFQYGM25
B08PBH49FJ,A1OJ2PZFQYGM25
B08LCWG63T,A1OJ2PZFQYGM25
B08B8WXB58,A1OJ2PZFQYGM25
B0899VG8T4,A1OJ2PZFQYGM25
B088SSTGHY,A1OJ2PZFQYGM25
B088BZY739,A1OJ2PZFQYGM25
B087TW4PHN,A1OJ2PZFQYGM25
B087QNBGHS,A1OJ2PZFQYGM25
B087NGGGHZ,A1OJ2PZFQYGM25
B085G4JVK8,A1OJ2PZFQYGM25
B084WDJ4CP,A1OJ2PZFQYGM25
B083R31B5X,A1OJ2PZFQYGM25
B082WHRFBJ,A1OJ2PZFQYGM25
B082VV4ZS8,A1OJ2PZFQYGM25
B082QYJVP1,A1OJ2PZFQYGM25
B07Z8HZ6RC,A1OJ2PZFQYGM25
B07YYJ2KFP,A1OJ2PZFQYGM25
B07YGNBBS7,A1OJ2PZFQYGM25
B07XRTK6TD,A1OJ2PZFQYGM25
B07WYW6DBQ,A1OJ2PZFQYGM25
B07WSXGTT3,A1OJ2PZFQYGM25
B07WR1NVJH,A1OJ2PZFQYGM25
B07WK3X1ZK,A1OJ2PZFQYGM25
B07WFX5HV2,A1OJ2PZFQYGM25
B07VV6WQF1,A1OJ2PZFQYGM25
B07TY2LSL9,A1OJ2PZFQYGM25
B07TY2LSGL,A1OJ2PZFQYGM25
B07TWYJ1GH,A1OJ2PZFQYGM25
B07TWYGMJ8,A1OJ2PZFQYGM25
B07TLH7M7M,A1OJ2PZFQYGM25
B07T1RYS9J,A1OJ2PZFQYGM25
B07Q5BNRT8,A1OJ2PZFQYGM25
B07PQTRH7B,A1OJ2PZFQYGM25
B07NBM3MKY,A1OJ2PZFQYGM25
B07N8P8DLG,A1OJ2PZFQYGM25
B077T6NRS3,A1OJ2PZFQYGM25
B074JJZNKV,A1OJ2PZFQYGM25
4794970617,A1OJ2PZFQYGM25
B07RMX87RZ,A1OJ2PZFQYGM25
4776211068,A1OJ2PZFQYGM25
B01KI3W7BS,A1OJ2PZFQYGM25
B019EJTHX8,A1OJ2PZFQYGM25
4761275545,A1OJ2PZFQYGM25
B000P05SZM,A1OJ2PZFQYGM25
4259567012,A1OJ2PZFQYGM25
B08H7JLRYD,A1OJ2PZFQYGM25
4006032994,A1OJ2PZFQYGM25
B01LW9186Q,A1OJ2PZFQYGM25
B01AHFPD04,A1OJ2PZFQYGM25
B005ELATM4,A1OJ2PZFQYGM25
B000ETAO0I,A1OJ2PZFQYGM25
B0C9Q3WC76,A1OJ2PZFQYGM25
B0C64MS7JT,A1OJ2PZFQYGM25
B06ZZR35GV,A1OJ2PZFQYGM25
B06XFTG9MD,A1OJ2PZFQYGM25
B01N38SNQQ,A1OJ2PZFQYGM25
B01N31CT3C,A1OJ2PZFQYGM25
B01M7VNSEZ,A1OJ2PZFQYGM25
B01M24UAKZ,A1OJ2PZFQYGM25
B01M04B3CH,A1OJ2PZFQYGM25
B01LXNJPL3,A1OJ2PZFQYGM25
B01LVWJBQ2,A1OJ2PZFQYGM25
B01LFG358G,A1OJ2PZFQYGM25
B01JCWTC1O,A1OJ2PZFQYGM25
B01IPOEY3G,A1OJ2PZFQYGM25
B01IDVP1N8,A1OJ2PZFQYGM25
B01HFARCV2,A1OJ2PZFQYGM25
B0194CVR38,A1OJ2PZFQYGM25
B015091UQS,A1OJ2PZFQYGM25
B0139KYSZ0,A1OJ2PZFQYGM25
B00ZG25VVU,A1OJ2PZFQYGM25
B00Z7FZZXA,A1OJ2PZFQYGM25
B00R0N3174,A1OJ2PZFQYGM25
B00QW34B8Q,A1OJ2PZFQYGM25
B00QU7ZV0G,A1OJ2PZFQYGM25
B00QU7ZP6Q,A1OJ2PZFQYGM25
B00QMQ8JPY,A1OJ2PZFQYGM25
B00QKZ0BG2,A1OJ2PZFQYGM25
B00QK1AYEK,A1OJ2PZFQYGM25
B00Q3A4ZV6,A1OJ2PZFQYGM25
B00PCHTTU8,A1OJ2PZFQYGM25
B00NI57CIM,A1OJ2PZFQYGM25
B00MI5TUXI,A1OJ2PZFQYGM25
B00LBHDKT4,A1OJ2PZFQYGM25
B00H4GIFS2,A1OJ2PZFQYGM25
B00H2RVXP0,A1OJ2PZFQYGM25
B00DH3RTEW,A1OJ2PZFQYGM25
B00CFMA5RE,A1OJ2PZFQYGM25
B00CAG0VE2,A1OJ2PZFQYGM25
B00BW69VXI,A1OJ2PZFQYGM25
B00BU7DNQ0,A1OJ2PZFQYGM25
B00BU7CR5S,A1OJ2PZFQYGM25
B00AKORXMY,A1OJ2PZFQYGM25
B009X1W0S2,A1OJ2PZFQYGM25
B009HQHLIM,A1OJ2PZFQYGM25
B0080KRYGU,A1OJ2PZFQYGM25
B007W54GGU,A1OJ2PZFQYGM25
B006X0OI90,A1OJ2PZFQYGM25
B0068VJD76,A1OJ2PZFQYGM25
B005PUR6HU,A1OJ2PZFQYGM25
B005OH0KA4,A1OJ2PZFQYGM25
B004K4BZRO,A1OJ2PZFQYGM25
B004HILQTU,A1OJ2PZFQYGM25
B0049ESKBE,A1OJ2PZFQYGM25
B003N17QSC,A1OJ2PZFQYGM25
B003N17QFK,A1OJ2PZFQYGM25
B0035R131K,A1OJ2PZFQYGM25
B002VVR8UG,A1OJ2PZFQYGM25
B002UFELB2,A1OJ2PZFQYGM25
B002UC4SGI,A1OJ2PZFQYGM25
B002M5QYWE,A1OJ2PZFQYGM25
B0027B0H7Q,A1OJ2PZFQYGM25
B001VRKQWI,A1OJ2PZFQYGM25
B001T9ARE0,A1OJ2PZFQYGM25
B001IGA4ZG,A1OJ2PZFQYGM25
B001DT4PC6,A1OJ2PZFQYGM25
B0016BN9YG,A1OJ2PZFQYGM25
B003OAC8MQ,A1OJ2PZFQYGM25
B07W9LCS16,A1OJ2PZFQYGM25
4823303482,A1OJ2PZFQYGM25
B0966X3HG1,A1OJ2PZFQYGM25
B07SQQ64D8,A1OJ2PZFQYGM25
4798164879,A1OJ2PZFQYGM25
B000TKAGNC,A1OJ2PZFQYGM25
B01JCCERLE,A1OJ2PZFQYGM25
4777829561,A1OJ2PZFQYGM25
B094VNYR35,A1OJ2PZFQYGM25
B01HFFXDAQ,A1OJ2PZFQYGM25
4767828376,A1OJ2PZFQYGM25
B00ADYT7NO,A1OJ2PZFQYGM25
B00BUD0URE,A1OJ2PZFQYGM25
4765021831,A1OJ2PZFQYGM25
B006K8I95O,A1OJ2PZFQYGM25
B01F9GLX5A,A1OJ2PZFQYGM25
B07THWXC8X,A1OJ2PZFQYGM25
B000001Q3F,A1OJ2PZFQYGM25
B085SW7D7R,A1OJ2PZFQYGM25
B003YTI7TK,A1OJ2PZFQYGM25
B002RBAADC,A1OJ2PZFQYGM25
B07ZJSNDD2,A1OJ2PZFQYGM25
B000BOGI7E,A1OJ2PZFQYGM25
B07ZHN9L16,A1OJ2PZFQYGM25
614456232X,A1OJ2PZFQYGM25
B001JPIQFG,A1OJ2PZFQYGM25
B07XNYBLYV,A1OJ2PZFQYGM25
4866513500,A1OJ2PZFQYGM25
B00GA2HKDM,A1OJ2PZFQYGM25
B07WM2H983,A1OJ2PZFQYGM25
4838731930,A1OJ2PZFQYGM25
B00103Z7AY,A1OJ2PZFQYGM25
B000GTY1UU,A1OJ2PZFQYGM25
B000EI7SB2,A1OJ2PZFQYGM25
B00062YC0Q,A1OJ2PZFQYGM25
B0004H66HA,A1OJ2PZFQYGM25
4594093396,A1OJ2PZFQYGM25
B07XC1B5L1,A1OJ2PZFQYGM25
4584139830,A1OJ2PZFQYGM25
B009LA4O7K,A1OJ2PZFQYGM25
4490208855,A1OJ2PZFQYGM25
B001ULT2WK,A1OJ2PZFQYGM25
4484202298,A1OJ2PZFQYGM25
B09Q7LVK2R,A1OJ2PZFQYGM25
4046052058,A1OJ2PZFQYGM25
B097ZJS36C,A1OJ2PZFQYGM25
4044005796,A1OJ2PZFQYGM25
B07ZFGRQMG,A1OJ2PZFQYGM25
B07YY9RJK1,A1OJ2PZFQYGM25
B07XW26X18,A1OJ2PZFQYGM25
B010OC3F5U,A1OJ2PZFQYGM25
B0000W0GUW,A1OJ2PZFQYGM25
B0BBG4VJFN,A1OJ2PZFQYGM25
B09H3FQ9KM,A1OJ2PZFQYGM25
B09B8NJHMZ,A1OJ2PZFQYGM25
B09B4JBQ5T,A1OJ2PZFQYGM25
B097Q8K4MH,A1OJ2PZFQYGM25
B09458P9FR,A1OJ2PZFQYGM25
B093Q8TG1M,A1OJ2PZFQYGM25
B093BNR366,A1OJ2PZFQYGM25
B08YP9HN98,A1OJ2PZFQYGM25
B08XPJTKV4,A1OJ2PZFQYGM25
B08Q82ZQCX,A1OJ2PZFQYGM25
B08GYFM8Q1,A1OJ2PZFQYGM25
B08BQ2P7CC,A1OJ2PZFQYGM25
B08BLLP6GX,A1OJ2PZFQYGM25
B08B91QDVN,A1OJ2PZFQYGM25
B08B8YP96W,A1OJ2PZFQYGM25
B08B8VSX47,A1OJ2PZFQYGM25
B08B2T8VG8,A1OJ2PZFQYGM25
B089R5CZVM,A1OJ2PZFQYGM25
B089FVQPNL,A1OJ2PZFQYGM25
B089CFQPM8,A1OJ2PZFQYGM25
B088XWH8RF,A1OJ2PZFQYGM25
B088D4WT1B,A1OJ2PZFQYGM25
B086BKDBZD,A1OJ2PZFQYGM25
B082XSZNR7,A1OJ2PZFQYGM25
B082MR4PMM,A1OJ2PZFQYGM25
B07Z5CVXHV,A1OJ2PZFQYGM25
B07Z1KNP1D,A1OJ2PZFQYGM25
B07YYKDZNY,A1OJ2PZFQYGM25
B07YN5NY1W,A1OJ2PZFQYGM25
B07YN5C567,A1OJ2PZFQYGM25
B07YMKSC95,A1OJ2PZFQYGM25
B07YD1QZ5Q,A1OJ2PZFQYGM25
B07Y6T518F,A1OJ2PZFQYGM25
B07Y1HC3LV,A1OJ2PZFQYGM25
B07XZFYJ5C,A1OJ2PZFQYGM25
B07XWTMN5N,A1OJ2PZFQYGM25
B07XJZ7YGC,A1OJ2PZFQYGM25
B07XG1ZBVD,A1OJ2PZFQYGM25
B07X6JQZJG,A1OJ2PZFQYGM25
B07X62GBM8,A1OJ2PZFQYGM25
B07WVRP1SR,A1OJ2PZFQYGM25
B07WT7QMVY,A1OJ2PZFQYGM25
B07WSRW7CW,A1OJ2PZFQYGM25
B07WGFSGK8,A1OJ2PZFQYGM25
B07WF9LDVF,A1OJ2PZFQYGM25
B07VWHMRKT,A1OJ2PZFQYGM25
B07V72D6JJ,A1OJ2PZFQYGM25
B07RQ5F2LL,A1OJ2PZFQYGM25
B07RG49RQP,A1OJ2PZFQYGM25
B07QNV8V6J,A1OJ2PZFQYGM25
B07N6GSJFY,A1OJ2PZFQYGM25
B07DDFDHXZ,A1OJ2PZFQYGM25
B078XN6ZTX,A1OJ2PZFQYGM25
B01MPYLFMO,A1OJ2PZFQYGM25
B01M8NTMJ7,A1OJ2PZFQYGM25
B01M0B0OIE,A1OJ2PZFQYGM25
B01M09XJP2,A1OJ2PZFQYGM25
B01LWPKCDI,A1OJ2PZFQYGM25
B01KO9ZGTQ,A1OJ2PZFQYGM25
B01K1N1JAK,A1OJ2PZFQYGM25
B01HUCG4SW,A1OJ2PZFQYGM25
B01HFARAU0,A1OJ2PZFQYGM25
B01H47HU5E,A1OJ2PZFQYGM25
B01FN4VBTQ,A1OJ2PZFQYGM25
B01AZVJ4HI,A1OJ2PZFQYGM25
B017RAMYG8,A1OJ2PZFQYGM25
B017089J4W,A1OJ2PZFQYGM25
B017080MMU,A1OJ2PZFQYGM25
B014QRHUCI,A1OJ2PZFQYGM25
B00S2AEE7K,A1OJ2PZFQYGM25
B00R1PBIJ4,A1OJ2PZFQYGM25
B00R1BLDP2,A1OJ2PZFQYGM25
B00R0OJJMY,A1OJ2PZFQYGM25
B00R07HKTK,A1OJ2PZFQYGM25
B00QZFSKJ2,A1OJ2PZFQYGM25
B00QSBYI1M,A1OJ2PZFQYGM25
B00QNY86Y4,A1OJ2PZFQYGM25
B00PV43L88,A1OJ2PZFQYGM25
B00JDSOS7G,A1OJ2PZFQYGM25
B00JCWE5V2,A1OJ2PZFQYGM25
B00ID9V7WU,A1OJ2PZFQYGM25
B00HZ1GYES,A1OJ2PZFQYGM25
B00HZ1GXHQ,A1OJ2PZFQYGM25
B00GD8P2YM,A1OJ2PZFQYGM25
B00DYB01H4,A1OJ2PZFQYGM25
B00DYAR8AI,A1OJ2PZFQYGM25
B00DYAICLW,A1OJ2PZFQYGM25
B00DYAIBZO,A1OJ2PZFQYGM25
B00DQ5JRXC,A1OJ2PZFQYGM25
B00DNEHQVQ,A1OJ2PZFQYGM25
B00C9WJLBG,A1OJ2PZFQYGM25
B00C9RO97C,A1OJ2PZFQYGM25
B00AZHI0IC,A1OJ2PZFQYGM25
B007HGFNKW,A1OJ2PZFQYGM25
B005Y8MVAK,A1OJ2PZFQYGM25
B005UXVPC4,A1OJ2PZFQYGM25
B004S3W57Q,A1OJ2PZFQYGM25
B004OHRVQ6,A1OJ2PZFQYGM25
B004J9A648,A1OJ2PZFQYGM25
B004GE3KOO,A1OJ2PZFQYGM25
B004GDH7C6,A1OJ2PZFQYGM25
B004GCHL3C,A1OJ2PZFQYGM25
B004D3QFFO,A1OJ2PZFQYGM25
B004A29NVQ,A1OJ2PZFQYGM25
B0042YPMYY,A1OJ2PZFQYGM25
B0042IYU52,A1OJ2PZFQYGM25
B003QRPCCA,A1OJ2PZFQYGM25
B003K2UBD6,A1OJ2PZFQYGM25
B003BZQUZU,A1OJ2PZFQYGM25
B0037MKHYM,A1OJ2PZFQYGM25
B0037LX3V2,A1OJ2PZFQYGM25
B002VZ330Q,A1OJ2PZFQYGM25
B002LXE5QO,A1OJ2PZFQYGM25
B00271IXIQ,A1OJ2PZFQYGM25
B001TEOKK2,A1OJ2PZFQYGM25
B001PNUK0G,A1OJ2PZFQYGM25
B001DCGUQ2,A1OJ2PZFQYGM25
B000NQJW3C,A1OJ2PZFQYGM25
B000JKHY14,A1OJ2PZFQYGM25
B000IAZ5CA,A1OJ2PZFQYGM25
B000H6FXDQ,A1OJ2PZFQYGM25
B000C3F2XK,A1OJ2PZFQYGM25
B0006HJ0NU,A1OJ2PZFQYGM25
B0002OSBC8,A1OJ2PZFQYGM25
1628077794,A1OJ2PZFQYGM25
B003J3HT5O,A1OJ2PZFQYGM25
B004DGD3XI,A1OJ2PZFQYGM25
B095QWJ2KM,A1OJ2PZFQYGM25
B00AIJ2DHQ,A1OJ2PZFQYGM25
B000062XEF,A1OJ2PZFQYGM25
9353245958,A1OJ2PZFQYGM25
B004BVWVV0,A1OJ2PZFQYGM25
B000JKBV5Y,A1OJ2PZFQYGM25
4839970572,A1OJ2PZFQYGM25
B07DC1P142,A1OJ2PZFQYGM25
4801304982,A1OJ2PZFQYGM25
B00NTV9NFA,A1OJ2PZFQYGM25
4799108921,A1OJ2PZFQYGM25
B01M74JBDL,A1OJ2PZFQYGM25
4796117318,A1OJ2PZFQYGM25
B0043RX8DC,A1OJ2PZFQYGM25
4424636372,A1OJ2PZFQYGM25
B07H4W6YCZ,A1OJ2PZFQYGM25
4416719310,A1OJ2PZFQYGM25
B00NA411M4,A1OJ2PZFQYGM25
4259567292,A1OJ2PZFQYGM25
B07RPTYFDQ,A1OJ2PZFQYGM25
4046055804,A1OJ2PZFQYGM25
B0002M727A,A1OJ2PZFQYGM25
B0B1MCPBY4,A1OJ2PZFQYGM25
B09JJWZ3WD,A1OJ2PZFQYGM25
B005F32K3W,A1OJ2PZFQYGM25
B0CK47G989,A1OJ2PZFQYGM25
B0C1ZVF7B4,A1OJ2PZFQYGM25
B0BYQ8QGN1,A1OJ2PZFQYGM25
B0BYNXBNYZ,A1OJ2PZFQYGM25
B0BY7TM6J1,A1OJ2PZFQYGM25
B088SYZ7C6,A1OJ2PZFQYGM25
B084VTS174,A1OJ2PZFQYGM25
B082NNLF9X,A1OJ2PZFQYGM25
B082K63H34,A1OJ2PZFQYGM25
B07ZCPNWXJ,A1OJ2PZFQYGM25
B07Z5HPC4N,A1OJ2PZFQYGM25
B07YH155LC,A1OJ2PZFQYGM25
B07YCBDBPC,A1OJ2PZFQYGM25
B07Y45MH8H,A1OJ2PZFQYGM25
B07XDPMP1M,A1OJ2PZFQYGM25
B07X8W5MZV,A1OJ2PZFQYGM25
B07X3RCJ4G,A1OJ2PZFQYGM25
B07X296DMX,A1OJ2PZFQYGM25
B07WX11ST2,A1OJ2PZFQYGM25
B07WV61HVW,A1OJ2PZFQYGM25
B07WBWTJQX,A1OJ2PZFQYGM25
B0BDYC8HBP,A1OJ2PZFQYGM25
B0BDPK73X6,A1OJ2PZFQYGM25
B09J397JZR,A1OJ2PZFQYGM25
B09H3KCJV8,A1OJ2PZFQYGM25
B098B2Y3SB,A1OJ2PZFQYGM25
B097H2RCJH,A1OJ2PZFQYGM25
B0967K5ZGZ,A1OJ2PZFQYGM25
B095RT8P6F,A1OJ2PZFQYGM25
B091TS8G1T,A1OJ2PZFQYGM25
B08WWKSVR9,A1OJ2PZFQYGM25
B08WWJJYYX,A1OJ2PZFQYGM25
B08P43GQ97,A1OJ2PZFQYGM25
B08MQNDN3K,A1OJ2PZFQYGM25
B08BPBNQFH,A1OJ2PZFQYGM25
B08B8WKQKR,A1OJ2PZFQYGM25
B089RFWSGW,A1OJ2PZFQYGM25
B07W5HLVBB,A1OJ2PZFQYGM25
B07W19YBVG,A1OJ2PZFQYGM25
B07VRY486T,A1OJ2PZFQYGM25
B07QT8L1NK,A1OJ2PZFQYGM25
B07DX7K374,A1OJ2PZFQYGM25
B077B7SMWC,A1OJ2PZFQYGM25
B01NBXM7Y5,A1OJ2PZFQYGM25
B01MR7JEOO,A1OJ2PZFQYGM25
B01M230PU3,A1OJ2PZFQYGM25
B01LZFNQAF,A1OJ2PZFQYGM25
B01LXWSXJ8,A1OJ2PZFQYGM25
B01LXJ22SH,A1OJ2PZFQYGM25
B01LX5S67T,A1OJ2PZFQYGM25
B01KZ7Z3RC,A1OJ2PZFQYGM25
B01II9EY60,A1OJ2PZFQYGM25
B01IAFU1PK,A1OJ2PZFQYGM25
B01HG1MYBI,A1OJ2PZFQYGM25
B01H7TP5K6,A1OJ2PZFQYGM25
B01GWD5REC,A1OJ2PZFQYGM25
B01FV21ALY,A1OJ2PZFQYGM25
B01FV20LWS,A1OJ2PZFQYGM25
B01DIUAFWQ,A1OJ2PZFQYGM25
B01BO0AZ3Q,A1OJ2PZFQYGM25
B019ZZ9W3G,A1OJ2PZFQYGM25
B018K3ESJW,A1OJ2PZFQYGM25
B0171ZMNA6,A1OJ2PZFQYGM25
B013IUK7WY,A1OJ2PZFQYGM25
B0121OQ1AK,A1OJ2PZFQYGM25
B00YY8R3DQ,A1OJ2PZFQYGM25
B00R0WWJKK,A1OJ2PZFQYGM25
B00R0HQNR0,A1OJ2PZFQYGM25
B00PWGMSZM,A1OJ2PZFQYGM25
B003DXWG3U,A1OJ2PZFQYGM25
B00383LSDO,A1OJ2PZFQYGM25
B0036Z4PMK,A1OJ2PZFQYGM25
B002YC418Y,A1OJ2PZFQYGM25
B002S6ZOGO,A1OJ2PZFQYGM25
B002L1B730,A1OJ2PZFQYGM25
B002IFRUZI,A1OJ2PZFQYGM25
B002FYJI3O,A1OJ2PZFQYGM25
B0029JWN3M,A1OJ2PZFQYGM25
B0027BEBB4,A1OJ2PZFQYGM25
B0025TVDZK,A1OJ2PZFQYGM25
B0025Q1DZI,A1OJ2PZFQYGM25
B0025PYJVO,A1OJ2PZFQYGM25
B001T66FYY,A1OJ2PZFQYGM25
B001PLEIRY,A1OJ2PZFQYGM25
B001H9RIUS,A1OJ2PZFQYGM25
B00PBGNDZ2,A1OJ2PZFQYGM25
B00M0X3LB0,A1OJ2PZFQYGM25
B00K8O6DD6,A1OJ2PZFQYGM25
B00IBNBWLO,A1OJ2PZFQYGM25
B00H3LXOV6,A1OJ2PZFQYGM25
B00DWII0AY,A1OJ2PZFQYGM25
B00DGCPX3I,A1OJ2PZFQYGM25
B00CGCMHYW,A1OJ2PZFQYGM25
B00CA65H5A,A1OJ2PZFQYGM25
B009KY60BU,A1OJ2PZFQYGM25
B0085NW7F0,A1OJ2PZFQYGM25
B007BGF9SO,A1OJ2PZFQYGM25
B005KDPE3A,A1OJ2PZFQYGM25
B004OHRYU4,A1OJ2PZFQYGM25
B004MYGWP2,A1OJ2PZFQYGM25
B0040L2CD8,A1OJ2PZFQYGM25
B001CIE910,A1OJ2PZFQYGM25
B000GZFVQC,A1OJ2PZFQYGM25
B000GU0W52,A1OJ2PZFQYGM25
B000CIUOCE,A1OJ2PZFQYGM25
B000C81XWY,A1OJ2PZFQYGM25
B0002YWA66,A1OJ2PZFQYGM25
6305280851,A1OJ2PZFQYGM25
B001OTJXZ4,A1OJ2PZFQYGM25
B09Q7LD8V8,A1OJ2PZFQYGM25
B0018YGK1U,A1OJ2PZFQYGM25
B091D98FMB,A1OJ2PZFQYGM25
B000SOXAZA,A1OJ2PZFQYGM25
B001EW8NNE,A1OJ2PZFQYGM25
B00136U4SI,A1OJ2PZFQYGM25
B08VMQZRCK,A1OJ2PZFQYGM25
B08B3KV6NW,A1OJ2PZFQYGM25
B00086YL6U,A1OJ2PZFQYGM25
B000PH2IWQ,A1OJ2PZFQYGM25
B091ZK7DPS,A1OJ2PZFQYGM25
B089T7PD5W,A1OJ2PZFQYGM25
9814675555,A1OJ2PZFQYGM25
B000067UDA,A1OJ2PZFQYGM25
B0044XW0T8,A1OJ2PZFQYGM25
4046016914,A1OJ2PZFQYGM25
B001B0G8K4,A1OJ2PZFQYGM25
4022516747,A1OJ2PZFQYGM25
B0C7KBB1TS,A1OJ2PZFQYGM25
B08W2BN26C,A1OJ2PZFQYGM25
B00K53IHXY,A1OJ2PZFQYGM25
B004USLYNA,A1OJ2PZFQYGM25
B0CR732FJ9,A1OJ2PZFQYGM25
B0CCSCV3HW,A1OJ2PZFQYGM25
B0C5914HPZ,A1OJ2PZFQYGM25
B0C2CG86T8,A1OJ2PZFQYGM25
B0C1RS7M32,A1OJ2PZFQYGM25
B0C1BN8JT2,A1OJ2PZFQYGM25
B0BV6RPZBQ,A1OJ2PZFQYGM25
B0BTYGJMXZ,A1OJ2PZFQYGM25
B07WMX4DK5,A1OJ2PZFQYGM25
B083FF2C84,A1OJ2PZFQYGM25
9353067006,A1OJ2PZFQYGM25
B0000031MZ,A1OJ2PZFQYGM25
B07H88NS6V,A1OJ2PZFQYGM25
B07Z9NGMY5,A1OJ2PZFQYGM25
4876885699,A1OJ2PZFQYGM25
B000001V1F,A1OJ2PZFQYGM25
B08XC7CLKC,A1OJ2PZFQYGM25
B07X8M22C5,A1OJ2PZFQYGM25
4845623781,A1OJ2PZFQYGM25
B0000001ZL,A1OJ2PZFQYGM25
B00WI0C328,A1OJ2PZFQYGM25
B07W5P32FZ,A1OJ2PZFQYGM25
4844997750,A1OJ2PZFQYGM25
B01G4FFCTI,A1OJ2PZFQYGM25
B07V1N9MPY,A1OJ2PZFQYGM25
4837928552,A1OJ2PZFQYGM25
B07SPTLBFC,A1OJ2PZFQYGM25
B07Q4SNBF1,A1OJ2PZFQYGM25
4832238337,A1OJ2PZFQYGM25
B01DWDHPFO,A1OJ2PZFQYGM25
B07F1RX5WJ,A1OJ2PZFQYGM25
4569761879,A1OJ2PZFQYGM25
B007L6X940,A1OJ2PZFQYGM25
B07654RS87,A1OJ2PZFQYGM25
4532323460,A1OJ2PZFQYGM25
B07YN8JQZ5,A1OJ2PZFQYGM25
B01AC1I36O,A1OJ2PZFQYGM25
4300104719,A1OJ2PZFQYGM25
B00L8KP16E,A1OJ2PZFQYGM25
4102060146,A1OJ2PZFQYGM25
B0B6R4QY7Y,A1OJ2PZFQYGM25
B0B3S53J12,A1OJ2PZFQYGM25
B09ZFCJND1,A1OJ2PZFQYGM25
B09ST1QHVZ,A1OJ2PZFQYGM25
B09H3JGKDX,A1OJ2PZFQYGM25
B09H3CSQXM,A1OJ2PZFQYGM25
B093H1NCR2,A1OJ2PZFQYGM25
B093DRH3D7,A1OJ2PZFQYGM25
B08YDZG83V,A1OJ2PZFQYGM25
B08XPFF372,A1OJ2PZFQYGM25
B08XN252D1,A1OJ2PZFQYGM25
B08XN22GRH,A1OJ2PZFQYGM25
B08WHWWWM7,A1OJ2PZFQYGM25
B08VZHK3Y8,A1OJ2PZFQYGM25
B08LDF99NS,A1OJ2PZFQYGM25
B08F2TQDYZ,A1OJ2PZFQYGM25
B07YDZSWLB,A1OJ2PZFQYGM25
B07Y2Z6K52,A1OJ2PZFQYGM25
B07WNS1ZPL,A1OJ2PZFQYGM25
B07WFRY9SC,A1OJ2PZFQYGM25
B07W4CJ1PF,A1OJ2PZFQYGM25
B07W22TXYF,A1OJ2PZFQYGM25
B07V68ZS67,A1OJ2PZFQYGM25
B07T99T5NS,A1OJ2PZFQYGM25
B07S9QXX9D,A1OJ2PZFQYGM25
B07JX9M17V,A1OJ2PZFQYGM25
B07DF22MRR,A1OJ2PZFQYGM25
B07DDFF8L2,A1OJ2PZFQYGM25
B07CXL94K3,A1OJ2PZFQYGM25
B079C3QBRN,A1OJ2PZFQYGM25
B077ZMP8Z5,A1OJ2PZFQYGM25
B074HKSF99,A1OJ2PZFQYGM25
B08B9VFXQ6,A1OJ2PZFQYGM25
B08B9RLJGB,A1OJ2PZFQYGM25
B08B9KCFW6,A1OJ2PZFQYGM25
B08B91CG8Q,A1OJ2PZFQYGM25
B08B7W69SW,A1OJ2PZFQYGM25
B089N3R7F8,A1OJ2PZFQYGM25
B089HLWJ25,A1OJ2PZFQYGM25
B083FCVL4R,A1OJ2PZFQYGM25
B0828BWYC9,A1OJ2PZFQYGM25
B07ZQLHSC7,A1OJ2PZFQYGM25
B07ZJT5WCY,A1OJ2PZFQYGM25
B07Z3T2VJL,A1OJ2PZFQYGM25
B07YVJT6YH,A1OJ2PZFQYGM25
B07YSLXL55,A1OJ2PZFQYGM25
B07YNH1SKX,A1OJ2PZFQYGM25
B07YGSYCSD,A1OJ2PZFQYGM25
B06XHHH5JK,A1OJ2PZFQYGM25
B01M4OAFN5,A1OJ2PZFQYGM25
B01M29PHKK,A1OJ2PZFQYGM25
B01M17LDXP,A1OJ2PZFQYGM25
B01M0UPGGR,A1OJ2PZFQYGM25
B01LYELPJN,A1OJ2PZFQYGM25
B01LXAF8FZ,A1OJ2PZFQYGM25
B01LX1GRWA,A1OJ2PZFQYGM25
B01K6PV0OS,A1OJ2PZFQYGM25
B01K36DNS6,A1OJ2PZFQYGM25
B01H88YRL4,A1OJ2PZFQYGM25
B01H04OWSE,A1OJ2PZFQYGM25
B01FL87AVW,A1OJ2PZFQYGM25
B01B4XU042,A1OJ2PZFQYGM25
B018A1Q0U4,A1OJ2PZFQYGM25
B017Y0V4G2,A1OJ2PZFQYGM25
B00QSDIESI,A1OJ2PZFQYGM25
B00QRAJPYY,A1OJ2PZFQYGM25
B00QL21VS6,A1OJ2PZFQYGM25
B00QKAKO1E,A1OJ2PZFQYGM25
B00N1FVJ8I,A1OJ2PZFQYGM25
B00MYSN0GC,A1OJ2PZFQYGM25
B00MR9QRBS,A1OJ2PZFQYGM25
B00K6U1N9Q,A1OJ2PZFQYGM25
B00K53IKFY,A1OJ2PZFQYGM25
B00IPHJCT0,A1OJ2PZFQYGM25
B00IOXI01Q,A1OJ2PZFQYGM25
B00I99W8HW,A1OJ2PZFQYGM25
B00GD8QVM4,A1OJ2PZFQYGM25
B00DYFVYD0,A1OJ2PZFQYGM25
B00DYAPJVI,A1OJ2PZFQYGM25
B00DECW7GQ,A1OJ2PZFQYGM25
B000KKWYKY,A1OJ2PZFQYGM25
B000CPJ1BC,A1OJ2PZFQYGM25
B000C81N9W,A1OJ2PZFQYGM25
B000C7ULK0,A1OJ2PZFQYGM25
B0002D0A96,A1OJ2PZFQYGM25
B0000AXA2I,A1OJ2PZFQYGM25
B00002NB5C,A1OJ2PZFQYGM25
B08B3L7G3H,A1OJ2PZFQYGM25
B0096M045O,A1OJ2PZFQYGM25
B083SG2YBF,A1OJ2PZFQYGM25
B01AFTD840,A1OJ2PZFQYGM25
B07YGXQ5YB,A1OJ2PZFQYGM25
B00FE5EXQ8,A1OJ2PZFQYGM25
B07XPBH6M2,A1OJ2PZFQYGM25
B07YNDBQCK,A1OJ2PZFQYGM25
B07WG6H62K,A1OJ2PZFQYGM25
B00NIYGQQM,A1OJ2PZFQYGM25
B07W7S5D6F,A1OJ2PZFQYGM25
B000A3G0F6,A1OJ2PZFQYGM25
B07W4KT9PR,A1OJ2PZFQYGM25
B086MZC2J9,A1OJ2PZFQYGM25
B07V1NC13K,A1OJ2PZFQYGM25
B01CJMI5NA,A1OJ2PZFQYGM25
B017089JNS,A1OJ2PZFQYGM25
B016TQJ234,A1OJ2PZFQYGM25
B016TQH9ES,A1OJ2PZFQYGM25
B010QZZFYY,A1OJ2PZFQYGM25
B00Y4UP23W,A1OJ2PZFQYGM25
B00XUPZYE4,A1OJ2PZFQYGM25
B00XUPUOTO,A1OJ2PZFQYGM25
B00U1SK06U,A1OJ2PZFQYGM25
B00T6J1LOK,A1OJ2PZFQYGM25
B00R0FK2LA,A1OJ2PZFQYGM25
B00R08GMMA,A1OJ2PZFQYGM25
B00R05PR1K,A1OJ2PZFQYGM25
B00QYDZ2PU,A1OJ2PZFQYGM25
B00QXPDBTI,A1OJ2PZFQYGM25
B00QWSY68G,A1OJ2PZFQYGM25
B00QSWRCI2,A1OJ2PZFQYGM25
B07SHJ2X7H,A1OJ2PZFQYGM25
B00VBVJ760,A1OJ2PZFQYGM25
B07HD94F79,A1OJ2PZFQYGM25
B017WOXA4Y,A1OJ2PZFQYGM25
B07FPBNYP1,A1OJ2PZFQYGM25
B07W8S4LJQ,A1OJ2PZFQYGM25
B01LXAZPUX,A1OJ2PZFQYGM25
B08W28F7WY,A1OJ2PZFQYGM25
B07K35X9N2,A1OJ2PZFQYGM25
B08VJ9FKHL,A1OJ2PZFQYGM25
B07KVF96W2,A1OJ2PZFQYGM25
B00DGDCVNC,A1OJ2PZFQYGM25
B07H9WWS1N,A1OJ2PZFQYGM25
B075TTBZ74,A1OJ2PZFQYGM25
B0BDYDSBKQ,A1OJ2PZFQYGM25
B081J64MP8,A1OJ2PZFQYGM25
B07Y2DM26J,A1OJ2PZFQYGM25
B07DH3Z8H3,A1OJ2PZFQYGM25
B01M115VW9,A1OJ2PZFQYGM25
B01HQBQL44,A1OJ2PZFQYGM25
B00V5440RO,A1OJ2PZFQYGM25
B0043EFAV8,A1OJ2PZFQYGM25
B0BZKDVRVT,A1OJ2PZFQYGM25
B0BXCH2BG6,A1OJ2PZFQYGM25
B0BTS183F7,A1OJ2PZFQYGM25
B09YYN9N2G,A1OJ2PZFQYGM25
B09H3F2GHN,A1OJ2PZFQYGM25
B09H3BJWRV,A1OJ2PZFQYGM25
B09F65NS6W,A1OJ2PZFQYGM25
B098M6T6PZ,A1OJ2PZFQYGM25
B098635J8C,A1OJ2PZFQYGM25
B0985QNJS9,A1OJ2PZFQYGM25
B00BT2K3MS,A1OJ2PZFQYGM25
B009LPYT4S,A1OJ2PZFQYGM25
B009I5RX1M,A1OJ2PZFQYGM25
B00945NAP4,A1OJ2PZFQYGM25
B006A2NKRM,A1OJ2PZFQYGM25
B005O3EKDG,A1OJ2PZFQYGM25
B003K2YEIE,A1OJ2PZFQYGM25
B002WMSHCW,A1OJ2PZFQYGM25
B002SW392O,A1OJ2PZFQYGM25
B002BYLJEO,A1OJ2PZFQYGM25
B002776W74,A1OJ2PZFQYGM25
B002300D5W,A1OJ2PZFQYGM25
B001UKZ4VE,A1OJ2PZFQYGM25
B0015WJP12,A1OJ2PZFQYGM25
B0012YN9BU,A1OJ2PZFQYGM25
B000RIMAIK,A1OJ2PZFQYGM25
B097CMQK55,A1OJ2PZFQYGM25
B093Y368C9,A1OJ2PZFQYGM25
B093XRC141,A1OJ2PZFQYGM25
B093GYXRYV,A1OJ2PZFQYGM25
B0934PMQYW,A1OJ2PZFQYGM25
B08YS4CVJN,A1OJ2PZFQYGM25
B08N5Q63QP,A1OJ2PZFQYGM25
B08F3QR77T,A1OJ2PZFQYGM25
B08BFDJHVD,A1OJ2PZFQYGM25
B08B9Q163N,A1OJ2PZFQYGM25
B08B8X7M5P,A1OJ2PZFQYGM25
B08B8WXYBY,A1OJ2PZFQYGM25
B08B8WVDD8,A1OJ2PZFQYGM25
B088J2DGFT,A1OJ2PZFQYGM25
B088D44KJT,A1OJ2PZFQYGM25
B0889LNYX8,A1OJ2PZFQYGM25
B07YBKHX51,A1OJ2PZFQYGM25
B07Y2H1TJF,A1OJ2PZFQYGM25
B07Y2H17PJ,A1OJ2PZFQYGM25
B07Y2GHMW2,A1OJ2PZFQYGM25
B07Y2GBNPK,A1OJ2PZFQYGM25
B07Y2G9N8D,A1OJ2PZFQYGM25
B07Y2FWF41,A1OJ2PZFQYGM25
B07XH63GRJ,A1OJ2PZFQYGM25
B07XH5NL48,A1OJ2PZFQYGM25
B07XH51LJ7,A1OJ2PZFQYGM25
B07WM3L4L4,A1OJ2PZFQYGM25
B07WGX43B4,A1OJ2PZFQYGM25
B07S3L54BX,A1OJ2PZFQYGM25
B07PC6P39Z,A1OJ2PZFQYGM25
B07NWSWMTK,A1OJ2PZFQYGM25
B07NLHR236,A1OJ2PZFQYGM25
B0889FJHNK,A1OJ2PZFQYGM25
B0885X1FWP,A1OJ2PZFQYGM25
B084H3KNRP,A1OJ2PZFQYGM25
B083QSB3D8,A1OJ2PZFQYGM25
B083FMFF47,A1OJ2PZFQYGM25
B0833GL8HP,A1OJ2PZFQYGM25
B0833G8DCM,A1OJ2PZFQYGM25
B0833FDZYR,A1OJ2PZFQYGM25
B0831R7DTD,A1OJ2PZFQYGM25
B081SVN3YR,A1OJ2PZFQYGM25
B081PB7PDT,A1OJ2PZFQYGM25
B081M24ZG2,A1OJ2PZFQYGM25
B07ZFS55CK,A1OJ2PZFQYGM25
B07Z5Q7MBB,A1OJ2PZFQYGM25
B07YZV2485,A1OJ2PZFQYGM25
B07YYXB1YH,A1OJ2PZFQYGM25
B01IAM7LWE,A1OJ2PZFQYGM25
B01I9I0568,A1OJ2PZFQYGM25
B01I49BXQI,A1OJ2PZFQYGM25
B01EB1TSA6,A1OJ2PZFQYGM25
B01D3EUAAE,A1OJ2PZFQYGM25
B01D1X05XO,A1OJ2PZFQYGM25
B01B4Z06K8,A1OJ2PZFQYGM25
B018HBT2FW,A1OJ2PZFQYGM25
B016ONAA6A,A1OJ2PZFQYGM25
B015EINA9U,A1OJ2PZFQYGM25
B0149J2MWQ,A1OJ2PZFQYGM25
B013DVZLGA,A1OJ2PZFQYGM25
B010154QEE,A1OJ2PZFQYGM25
B00YSN0O6U,A1OJ2PZFQYGM25
B00VJ5WJ9A,A1OJ2PZFQYGM25
B00R07HM8Y,A1OJ2PZFQYGM25
B07M6SDK8H,A1OJ2PZFQYGM25
B01N59QJ0G,A1OJ2PZFQYGM25
B01LX1A7G6,A1OJ2PZFQYGM25
B01LDJ52Y0,A1OJ2PZFQYGM25
B01L60L3I0,A1OJ2PZFQYGM25
B01L4IV2WQ,A1OJ2PZFQYGM25
B01L4IKZHE,A1OJ2PZFQYGM25
B01L4IHXQU,A1OJ2PZFQYGM25
B01L4GCDIU,A1OJ2PZFQYGM25
B01L4FN4SE,A1OJ2PZFQYGM25
B01L4FIN9Y,A1OJ2PZFQYGM25
B01L4FGURQ,A1OJ2PZFQYGM25
B01L4FFSMY,A1OJ2PZFQYGM25
B01L4F9OV0,A1OJ2PZFQYGM25
B01L4F7LZ6,A1OJ2PZFQYGM25
B01IU8171O,A1OJ2PZFQYGM25
B00QW0J4BI,A1OJ2PZFQYGM25
B00QU2NCF2,A1OJ2PZFQYGM25
B00QSBVT4G,A1OJ2PZFQYGM25
B00QSBDLY2,A1OJ2PZFQYGM25
B00QS9TB2U,A1OJ2PZFQYGM25
B00QMTBSTU,A1OJ2PZFQYGM25
B00QKU3QNM,A1OJ2PZFQYGM25
B00O6I3BYE,A1OJ2PZFQYGM25
B00MBVFCIG,A1OJ2PZFQYGM25
B00K2UIQ1S,A1OJ2PZFQYGM25
B00H1CGB76,A1OJ2PZFQYGM25
B00GP62AJC,A1OJ2PZFQYGM25
B00G1QAM9Q,A1OJ2PZFQYGM25
B00DYFSEYM,A1OJ2PZFQYGM25
B00CP8BJIW,A1OJ2PZFQYGM25
B00CA63R5C,A1OJ2PZFQYGM25
B00BRX2TBC,A1OJ2PZFQYGM25
B00BF0KHL6,A1OJ2PZFQYGM25
B00B01L5E8,A1OJ2PZFQYGM25
B00945OAIA,A1OJ2PZFQYGM25
B0091J5H7M,A1OJ2PZFQYGM25
B008DYN9JO,A1OJ2PZFQYGM25
B0072D8R1W,A1OJ2PZFQYGM25
B006J02U26,A1OJ2PZFQYGM25
B0066T932A,A1OJ2PZFQYGM25
B0056NVXZM,A1OJ2PZFQYGM25
B004S6TDDW,A1OJ2PZFQYGM25
B004DTTK3M,A1OJ2PZFQYGM25
B00486U1VK,A1OJ2PZFQYGM25
B0044UYMMY,A1OJ2PZFQYGM25
B003YLK408,A1OJ2PZFQYGM25
B003CML2NC,A1OJ2PZFQYGM25
B08BR3X8QW,A1OJ2PZFQYGM25
B000000S12,A1OJ2PZFQYGM25
B0BBV15W3S,A1OJ2PZFQYGM25
4827212228,A1OJ2PZFQYGM25
B0899DBJ5L,A1OJ2PZFQYGM25
B07YXZ5N7M,A1OJ2PZFQYGM25
4759820582,A1OJ2PZFQYGM25
B087C9VJH1,A1OJ2PZFQYGM25
B000AMXU1Y,A1OJ2PZFQYGM25
4651200184,A1OJ2PZFQYGM25
B086FR452J,A1OJ2PZFQYGM25
B00I9EYWJ4,A1OJ2PZFQYGM25
4091910084,A1OJ2PZFQYGM25
B084HM3Y4G,A1OJ2PZFQYGM25
B0914LWJ4Z,A1OJ2PZFQYGM25
4088820371,A1OJ2PZFQYGM25
B07ZFFFXS2,A1OJ2PZFQYGM25
B0BV681JZZ,A1OJ2PZFQYGM25
4046023759,A1OJ2PZFQYGM25
B07YCWXH4J,A1OJ2PZFQYGM25
B08VFFD2BH,A1OJ2PZFQYGM25
B07X558DSG,A1OJ2PZFQYGM25
B07583RSVS,A1OJ2PZFQYGM25
B07WR7TCHC,A1OJ2PZFQYGM25
B088T2JYGT,A1OJ2PZFQYGM25
B07VXZ3P5K,A1OJ2PZFQYGM25
B01M9BHGPQ,A1OJ2PZFQYGM25
B07QZT49TV,A1OJ2PZFQYGM25
B004WXQ41U,A1OJ2PZFQYGM25
B01MRNDK7C,A1OJ2PZFQYGM25
B0002KO1VM,A1OJ2PZFQYGM25
B01EPG9FUA,A1OJ2PZFQYGM25
B0031BP1OU,A1OJ2PZFQYGM25
B002TYZXWA,A1OJ2PZFQYGM25
B001THK3AU,A1OJ2PZFQYGM25
B001TEQ3I4,A1OJ2PZFQYGM25
B001HT27SQ,A1OJ2PZFQYGM25
B001F2Z5Y8,A1OJ2PZFQYGM25
B001AZNMEK,A1OJ2PZFQYGM25
B000HE8DEO,A1OJ2PZFQYGM25
B000H5OI2O,A1OJ2PZFQYGM25
B000GAWP66,A1OJ2PZFQYGM25
B000BQP1UW,A1OJ2PZFQYGM25
B0002YG4LS,A1OJ2PZFQYGM25
B088DPS8B1,A1OJ2PZFQYGM25
B088D5FC1Y,A1OJ2PZFQYGM25
B088B94DRT,A1OJ2PZFQYGM25
B087RR1YNX,A1OJ2PZFQYGM25
B085FRV9FX,A1OJ2PZFQYGM25
B084P4BYKV,A1OJ2PZFQYGM25
B084KN9DHN,A1OJ2PZFQYGM25
B0842XKQKX,A1OJ2PZFQYGM25
B08428RLRX,A1OJ2PZFQYGM25
B07ZHP5R4Z,A1OJ2PZFQYGM25
B07ZFGJPQ3,A1OJ2PZFQYGM25
B07Z42FZ8D,A1OJ2PZFQYGM25
B07Z17BB5F,A1OJ2PZFQYGM25
B07YQ8V23P,A1OJ2PZFQYGM25
B07YJ1H13N,A1OJ2PZFQYGM25
B07Y94TN6H,A1OJ2PZFQYGM25
B09B9DY5NQ,A1OJ2PZFQYGM25
B097RGN9LS,A1OJ2PZFQYGM25
B097N86DTP,A1OJ2PZFQYGM25
B097FFGY2Z,A1OJ2PZFQYGM25
B095L737VD,A1OJ2PZFQYGM25
B08YX36KPY,A1OJ2PZFQYGM25
B08X8R2S4F,A1OJ2PZFQYGM25
B08M3YVRNK,A1OJ2PZFQYGM25
B08J8KHDP7,A1OJ2PZFQYGM25
B08J8HPCFH,A1OJ2PZFQYGM25
B08B8XGWCC,A1OJ2PZFQYGM25
B08B8WNTDY,A1OJ2PZFQYGM25
B08B4Z8ZZL,A1OJ2PZFQYGM25
B08B4DRB36,A1OJ2PZFQYGM25
B089FPBMSJ,A1OJ2PZFQYGM25
B088P6TBKC,A1OJ2PZFQYGM25
B07Y499WBS,A1OJ2PZFQYGM25
B07Y47J7KJ,A1OJ2PZFQYGM25
B07XLFNB51,A1OJ2PZFQYGM25
B07X83J8KK,A1OJ2PZFQYGM25
B07X2KV3BT,A1OJ2PZFQYGM25
B07WTRHNYT,A1OJ2PZFQYGM25
B07WTR51YN,A1OJ2PZFQYGM25
B07WPVW6GR,A1OJ2PZFQYGM25
B07TLH8WTR,A1OJ2PZFQYGM25
B07SVLPBXB,A1OJ2PZFQYGM25
B07S9H7PZH,A1OJ2PZFQYGM25
B07L9MMHMF,A1OJ2PZFQYGM25
B074VZGDVB,A1OJ2PZFQYGM25
B071QXDWC9,A1OJ2PZFQYGM25
B01M0GV3WI,A1OJ2PZFQYGM25
B01LY4YAKZ,A1OJ2PZFQYGM25
B01L7Q56EA,A1OJ2PZFQYGM25
B01L0ER9DK,A1OJ2PZFQYGM25
B01KNCQQGQ,A1OJ2PZFQYGM25
B01KIQLB62,A1OJ2PZFQYGM25
B01KIIQF5M,A1OJ2PZFQYGM25
B01JZ5IAH0,A1OJ2PZFQYGM25
B01JCWT732,A1OJ2PZFQYGM25
B01IE8S3BC,A1OJ2PZFQYGM25
B01HEDJWZ4,A1OJ2PZFQYGM25
B01D3YQLXO,A1OJ2PZFQYGM25
B01CTBL240,A1OJ2PZFQYGM25
B016AY25PW,A1OJ2PZFQYGM25
B013HIGS0C,A1OJ2PZFQYGM25
B00Z0X9ZP8,A1OJ2PZFQYGM25
B00XNQR6VY,A1OJ2PZFQYGM25
B00VPENPSY,A1OJ2PZFQYGM25
B005QMWXHK,A1OJ2PZFQYGM25
B005JV89W6,A1OJ2PZFQYGM25
B005ENZKMQ,A1OJ2PZFQYGM25
B0058LZGCS,A1OJ2PZFQYGM25
B003K2UD6G,A1OJ2PZFQYGM25
B003K2OSFS,A1OJ2PZFQYGM25
B003GK6FNW,A1OJ2PZFQYGM25
B003GJZJC6,A1OJ2PZFQYGM25
B0037W5AQ2,A1OJ2PZFQYGM25
B0037NE0G2,A1OJ2PZFQYGM25
B003110VYU,A1OJ2PZFQYGM25
B002Z3H0O4,A1OJ2PZFQYGM25
B002YVKM5Q,A1OJ2PZFQYGM25
B002VL0WJK,A1OJ2PZFQYGM25
B002JJQRXY,A1OJ2PZFQYGM25
B002HRLSO6,A1OJ2PZFQYGM25
B00DZHJ1QO,A1OJ2PZFQYGM25
B00DZHIW0K,A1OJ2PZFQYGM25
B00DIIM7KW,A1OJ2PZFQYGM25
B00CRMZNYW,A1OJ2PZFQYGM25
B00CRDNLCW,A1OJ2PZFQYGM25
B00CR30ZI0,A1OJ2PZFQYGM25
B00CA63QEO,A1OJ2PZFQYGM25
B00CA63M3E,A1OJ2PZFQYGM25
B00CA6229Y,A1OJ2PZFQYGM25
B00BVB3CPW,A1OJ2PZFQYGM25
B00BT5AH80,A1OJ2PZFQYGM25
B00AIXHAPC,A1OJ2PZFQYGM25
B008Y11YE8,A1OJ2PZFQYGM25
B006X0OBPG,A1OJ2PZFQYGM25
B006GDKWXK,A1OJ2PZFQYGM25
B005Y64RN6,A1OJ2PZFQYGM25
B002E5BW2Y,A1OJ2PZFQYGM25
B001MKZPHU,A1OJ2PZFQYGM25
B001J81UGA,A1OJ2PZFQYGM25
B001DKT9U8,A1OJ2PZFQYGM25
B001D1PB0Y,A1OJ2PZFQYGM25
B0018OLSY4,A1OJ2PZFQYGM25
B000LEUTN8,A1OJ2PZFQYGM25
B000LEN3I6,A1OJ2PZFQYGM25
B000IYN9XS,A1OJ2PZFQYGM25
B000BD5E3E,A1OJ2PZFQYGM25
B00037IJSK,A1OJ2PZFQYGM25
1607864770,A1OJ2PZFQYGM25
1607864762,A1OJ2PZFQYGM25
B09B7YRNBM,A1OJ2PZFQYGM25
B07YJBMPY6,A1OJ2PZFQYGM25
9383286512,A1OJ2PZFQYGM25
B07VC3X1ZW,A1OJ2PZFQYGM25
B099NHPCY8,A1OJ2PZFQYGM25
B08WPNPRR2,A1OJ2PZFQYGM25
4799327291,A1OJ2PZFQYGM25
B07WJVRQG5,A1OJ2PZFQYGM25
B0993W1Y6D,A1OJ2PZFQYGM25
B07Z5F77FT,A1OJ2PZFQYGM25
4575728055,A1OJ2PZFQYGM25
B097B3CGCD,A1OJ2PZFQYGM25
B0883FD5LP,A1OJ2PZFQYGM25
B096Q7MRX8,A1OJ2PZFQYGM25
B095DDK32N,A1OJ2PZFQYGM25
B096Q7MN4C,A1OJ2PZFQYGM25
B00VPBO7T8,A1OJ2PZFQYGM25
B00S3GJDWE,A1OJ2PZFQYGM25
B00RBYWMAY,A1OJ2PZFQYGM25
B00R1OOL3K,A1OJ2PZFQYGM25
B00QYB7QLK,A1OJ2PZFQYGM25
B00QXI63RW,A1OJ2PZFQYGM25
B00QU7ZXMM,A1OJ2PZFQYGM25
B00QS9NI8I,A1OJ2PZFQYGM25
B00P8E740M,A1OJ2PZFQYGM25
B00NO3Z54G,A1OJ2PZFQYGM25
B00MMP0RXQ,A1OJ2PZFQYGM25
B00LI77QQA,A1OJ2PZFQYGM25
B00LG1CW5S,A1OJ2PZFQYGM25
B00KI2JMCC,A1OJ2PZFQYGM25
B00IPO6LSI,A1OJ2PZFQYGM25
B00ESBPDPE,A1OJ2PZFQYGM25
B09TF243LL,A1OJ2PZFQYGM25
B096Q7MMQD,A1OJ2PZFQYGM25
B07WHKLY13,A1OJ2PZFQYGM25
B096Q7F3QS,A1OJ2PZFQYGM25
B006AD2IW4,A1OJ2PZFQYGM25
B096Q76XF8,A1OJ2PZFQYGM25
B07PFG6X7Y,A1OJ2PZFQYGM25
B096Q73DCB,A1OJ2PZFQYGM25
B0BKSY1QNN,A1OJ2PZFQYGM25
B096Q6Z3M9,A1OJ2PZFQYGM25
B09X8V22L6,A1OJ2PZFQYGM25
B096LQZ4QM,A1OJ2PZFQYGM25
B00J29MDKU,A1OJ2PZFQYGM25
B096LQT5WX,A1OJ2PZFQYGM25
B00BJ8UBWE,A1OJ2PZFQYGM25
B096LQFX1Y,A1OJ2PZFQYGM25
B00SMF3W1E,A1OJ2PZFQYGM25
B08ZVLMSZK,A1OJ2PZFQYGM25
B0BGBY9HQP,A1OJ2PZFQYGM25
B089YD5MY1,A1OJ2PZFQYGM25
B097K3H6CS,A1OJ2PZFQYGM25
B089LM8RHL,A1OJ2PZFQYGM25
B085GJN9SL,A1OJ2PZFQYGM25
B083MZJVV3,A1OJ2PZFQYGM25
B07KVFWB61,A1OJ2PZFQYGM25
B081Z65JJJ,A1OJ2PZFQYGM25
B01N0QW26I,A1OJ2PZFQYGM25
B081MZS93Y,A1OJ2PZFQYGM25
B018MXZQ14,A1OJ2PZFQYGM25
B07YNM8KBV,A1OJ2PZFQYGM25
B00K7YI5P6,A1OJ2PZFQYGM25
B07YBCN6HV,A1OJ2PZFQYGM25
B07FQK97DW,A1OJ2PZFQYGM25
B096LQ95TS,A1OJ2PZFQYGM25
B003VTZT1C,A1OJ2PZFQYGM25
B096LQ7Y77,A1OJ2PZFQYGM25
B08PC8SCKM,A1OJ2PZFQYGM25
B096LQ5HW7,A1OJ2PZFQYGM25
B07X2VNLR2,A1OJ2PZFQYGM25
B096LQ52G7,A1OJ2PZFQYGM25
B07WWWSTBR,A1OJ2PZFQYGM25
B096LPXYNX,A1OJ2PZFQYGM25
B07DCGFJ2M,A1OJ2PZFQYGM25
B096LPJZTH,A1OJ2PZFQYGM25
B07CW2D4YQ,A1OJ2PZFQYGM25
B096LP9GZF,A1OJ2PZFQYGM25
B01E4L77YM,A1OJ2PZFQYGM25
B096LP4CZZ,A1OJ2PZFQYGM25
B087NTPL7J,A1OJ2PZFQYGM25
B07Y5BH1HD,A1OJ2PZFQYGM25
B07XMBQ2FW,A1OJ2PZFQYGM25
B07X7G72B8,A1OJ2PZFQYGM25
B07XL9MPKT,A1OJ2PZFQYGM25
B07WTWR6LD,A1OJ2PZFQYGM25
B07N1J42VS,A1OJ2PZFQYGM25
B07TT3DX1L,A1OJ2PZFQYGM25
B07KW1W5NP,A1OJ2PZFQYGM25
B01J5VBOM2,A1OJ2PZFQYGM25
B07KQ17L2B,A1OJ2PZFQYGM25
B01591MNTA,A1OJ2PZFQYGM25
B01LW9BH0X,A1OJ2PZFQYGM25
B00F8X7SV8,A1OJ2PZFQYGM25
B00I8RP9IA,A1OJ2PZFQYGM25
B0079MHKF0,A1OJ2PZFQYGM25
B002XWTIII,A1OJ2PZFQYGM25
B000GZZ388,A1OJ2PZFQYGM25
B0009G0PRI,A1OJ2PZFQYGM25
B0002F4N8I,A1OJ2PZFQYGM25
B0C1BZ45H6,A1OJ2PZFQYGM25
B0BZCPGYB6,A1OJ2PZFQYGM25
B0BX6FM262,A1OJ2PZFQYGM25
B0BGLH1H73,A1OJ2PZFQYGM25
B0B58B48DT,A1OJ2PZFQYGM25
B09N44NN75,A1OJ2PZFQYGM25
B09H3LNKZ2,A1OJ2PZFQYGM25
B09GKMVZW6,A1OJ2PZFQYGM25
B09F65H3YJ,A1OJ2PZFQYGM25
B097T2VXB4,A1OJ2PZFQYGM25
B0972DFMK9,A1OJ2PZFQYGM25
B091K7J6SM,A1OJ2PZFQYGM25
B08YD6Y5RG,A1OJ2PZFQYGM25
B08YD6J5BP,A1OJ2PZFQYGM25
B08X7JBXRC,A1OJ2PZFQYGM25
B08VJ4CXFD,A1OJ2PZFQYGM25
B08GBVR9ZL,A1OJ2PZFQYGM25
B08DDHMV8T,A1OJ2PZFQYGM25
B08BG43YLR,A1OJ2PZFQYGM25
B08B8Z8VTV,A1OJ2PZFQYGM25
B08B8XJ7ML,A1OJ2PZFQYGM25
B08B2WP1CG,A1OJ2PZFQYGM25
B088CZF5PQ,A1OJ2PZFQYGM25
B0885TLKR4,A1OJ2PZFQYGM25
B0883Z428H,A1OJ2PZFQYGM25
B086ZG9VL8,A1OJ2PZFQYGM25
B07ZTWRZ5K,A1OJ2PZFQYGM25
B07ZHXXF9K,A1OJ2PZFQYGM25
B07ZBKDN9H,A1OJ2PZFQYGM25
B07Z8HGXQB,A1OJ2PZFQYGM25
B07YNF5PBJ,A1OJ2PZFQYGM25
B07YBK9GL7,A1OJ2PZFQYGM25
B07YBHXKCV,A1OJ2PZFQYGM25
B07XQCWLZC,A1OJ2PZFQYGM25
B07XCN8YTM,A1OJ2PZFQYGM25
B07WZVQJQZ,A1OJ2PZFQYGM25
B07WWY8BBC,A1OJ2PZFQYGM25
B07WTNXL8M,A1OJ2PZFQYGM25
B07W4XLZR4,A1OJ2PZFQYGM25
B07VY5FYWL,A1OJ2PZFQYGM25
B07VWSMKDG,A1OJ2PZFQYGM25
B07VWCBRNY,A1OJ2PZFQYGM25
B07V7F4MQL,A1OJ2PZFQYGM25
B07V6TTMMF,A1OJ2PZFQYGM25
B07TY3XZPV,A1OJ2PZFQYGM25
B07TXTQBX4,A1OJ2PZFQYGM25
B07TXP4PZH,A1OJ2PZFQYGM25
B07TWZSD92,A1OJ2PZFQYGM25
B07TWX3DBG,A1OJ2PZFQYGM25
B07TWQTKPB,A1OJ2PZFQYGM25
B07TWQRQ2H,A1OJ2PZFQYGM25
B07TVB8G89,A1OJ2PZFQYGM25
B07TTWJP1M,A1OJ2PZFQYGM25
B07TRQDQ2K,A1OJ2PZFQYGM25
B07TJK29K4,A1OJ2PZFQYGM25
B07SQ3J9PP,A1OJ2PZFQYGM25
B07RPPSCYG,A1OJ2PZFQYGM25
B07R18HJZ8,A1OJ2PZFQYGM25
B07QJVGJV7,A1OJ2PZFQYGM25
B07QHG2HHH,A1OJ2PZFQYGM25
B00QVB2J1U,A1OJ2PZFQYGM25
B00QUQ6M8C,A1OJ2PZFQYGM25
B00QU7V2E0,A1OJ2PZFQYGM25
B00QTONOMC,A1OJ2PZFQYGM25
B00QSEC6U4,A1OJ2PZFQYGM25
B00QL5A8VE,A1OJ2PZFQYGM25
B00PJ93J0A,A1OJ2PZFQYGM25
B00OXBB2CM,A1OJ2PZFQYGM25
B00M4L5BA2,A1OJ2PZFQYGM25
B00LGZ63CC,A1OJ2PZFQYGM25
B00LAGMWKE,A1OJ2PZFQYGM25
B00KQWQ3UI,A1OJ2PZFQYGM25
B00IQ2IUKQ,A1OJ2PZFQYGM25
B00IQ2IF92,A1OJ2PZFQYGM25
B00IAH2NIW,A1OJ2PZFQYGM25
B00H4GN83E,A1OJ2PZFQYGM25
B019ED3D48,A1OJ2PZFQYGM25
B018MGAJLI,A1OJ2PZFQYGM25
B018101ZNQ,A1OJ2PZFQYGM25
B016YQMI44,A1OJ2PZFQYGM25
B015NGWOJK,A1OJ2PZFQYGM25
B015NGWMWE,A1OJ2PZFQYGM25
B015NGWL2K,A1OJ2PZFQYGM25
B015NGWK5S,A1OJ2PZFQYGM25
B015NGWDE6,A1OJ2PZFQYGM25
B00YWEVBVM,A1OJ2PZFQYGM25
B00YI8KQJK,A1OJ2PZFQYGM25
B00XUPRSU2,A1OJ2PZFQYGM25
B00WIFG41Y,A1OJ2PZFQYGM25
B00S046Q9M,A1OJ2PZFQYGM25
B00R1DBDV4,A1OJ2PZFQYGM25
B00QZINMFQ,A1OJ2PZFQYGM25
B07PB5KTM3,A1OJ2PZFQYGM25
B07NLKDYMR,A1OJ2PZFQYGM25
B07B4JZC5G,A1OJ2PZFQYGM25
B074XCM3JP,A1OJ2PZFQYGM25
B07458FSS3,A1OJ2PZFQYGM25
B01MA65ACB,A1OJ2PZFQYGM25
B01LDFUYWY,A1OJ2PZFQYGM25
B01KT1VV3Y,A1OJ2PZFQYGM25
B01IHAWD86,A1OJ2PZFQYGM25
B01IAFU1GO,A1OJ2PZFQYGM25
B01IAEMFXC,A1OJ2PZFQYGM25
B01HNXU2K4,A1OJ2PZFQYGM25
B01HI50MQG,A1OJ2PZFQYGM25
B01FM0H8FM,A1OJ2PZFQYGM25
B01ERPYEZ0,A1OJ2PZFQYGM25
B01D7PI772,A1OJ2PZFQYGM25
B00DYFRVXM,A1OJ2PZFQYGM25
B00CX1HK8O,A1OJ2PZFQYGM25
B00CRN1LAG,A1OJ2PZFQYGM25
B00CRMZ9ZA,A1OJ2PZFQYGM25
B00BW6CNEC,A1OJ2PZFQYGM25
B00BT5FDMA,A1OJ2PZFQYGM25
B00BT2UIZA,A1OJ2PZFQYGM25
B00B3WNS9Y,A1OJ2PZFQYGM25
B00B10IFNC,A1OJ2PZFQYGM25
B009K3Y0CC,A1OJ2PZFQYGM25
B00945NQ2Q,A1OJ2PZFQYGM25
B006W63EBS,A1OJ2PZFQYGM25
B006JHKQSE,A1OJ2PZFQYGM25
B004MYGWUC,A1OJ2PZFQYGM25
B004C7TFW6,A1OJ2PZFQYGM25
B00409LGSC,A1OJ2PZFQYGM25
B003J89GKA,A1OJ2PZFQYGM25
B003I4EAQA,A1OJ2PZFQYGM25
B003GHLDQ4,A1OJ2PZFQYGM25
B0039O2TXU,A1OJ2PZFQYGM25
B002ZCS332,A1OJ2PZFQYGM25
B002YG192G,A1OJ2PZFQYGM25
B001R66JO2,A1OJ2PZFQYGM25
B0012OV6DS,A1OJ2PZFQYGM25
B000YE3C8E,A1OJ2PZFQYGM25
B000U845C6,A1OJ2PZFQYGM25
B000JKNZ4E,A1OJ2PZFQYGM25
B000C81KAE,A1OJ2PZFQYGM25
B000C7XMYM,A1OJ2PZFQYGM25
B000BQ84GA,A1OJ2PZFQYGM25
B000B66GIS,A1OJ2PZFQYGM25
B0002FRDOO,A1OJ2PZFQYGM25
B0865N9HLD,A1OJ2PZFQYGM25
B081Z588XV,A1OJ2PZFQYGM25
B002IKAKPA,A1OJ2PZFQYGM25
457822127X,A1OJ2PZFQYGM25
B002YKGZSK,A1OJ2PZFQYGM25
B07ZJP4Q2H,A1OJ2PZFQYGM25
B00004WFQ8,A1OJ2PZFQYGM25
B07Z5MYKW5,A1OJ2PZFQYGM25
4065184630,A1OJ2PZFQYGM25
B07W5Y2XGT,A1OJ2PZFQYGM25
B001W2D1VA,A1OJ2PZFQYGM25
406502000X,A1OJ2PZFQYGM25
B00065DNNU,A1OJ2PZFQYGM25
B01HVX0IAK,A1OJ2PZFQYGM25
404064851X,A1OJ2PZFQYGM25
B097Y7XJZR,A1OJ2PZFQYGM25
B00BFWBT20,A1OJ2PZFQYGM25
B01GKFNZIC,A1OJ2PZFQYGM25
B004UUHEI2,A1OJ2PZFQYGM25
B07XZHCNZV,A1OJ2PZFQYGM25
B00AJBVZ9U,A1OJ2PZFQYGM25
B0CL7M9P61,A1OJ2PZFQYGM25
B07XG71YYH,A1OJ2PZFQYGM25
B07VNCGMBD,A1OJ2PZFQYGM25
B00QSSHM5Y,A1OJ2PZFQYGM25
B000R3QW4S,A1OJ2PZFQYGM25
B0BPT19BSM,A1OJ2PZFQYGM25
B092J3ZX7H,A1OJ2PZFQYGM25
B081D49WYT,A1OJ2PZFQYGM25
B00K5BI3Z8,A1OJ2PZFQYGM25
B09XFB3NJ2,A1OJ2PZFQYGM25
B093C1PBPG,A1OJ2PZFQYGM25
B088C4XQDS,A1OJ2PZFQYGM25
B07WMY61R7,A1OJ2PZFQYGM25
B07CP87L3G,A1OJ2PZFQYGM25
B07B7MCD2J,A1OJ2PZFQYGM25
B012OUUU1W,A1OJ2PZFQYGM25
B00RSRPUSA,A1OJ2PZFQYGM25
B003OYOXJI,A1OJ2PZFQYGM25
B000SOUC6K,A1OJ2PZFQYGM25
B00005LBXR,A1OJ2PZFQYGM25
B0C9MJXGBS,A1OJ2PZFQYGM25
B0BVRRHLX5,A1OJ2PZFQYGM25
B0BP7TCDGN,A1OJ2PZFQYGM25
B0BN28FCTD,A1OJ2PZFQYGM25
B09PBG9CS8,A1OJ2PZFQYGM25
B09H3J4WV6,A1OJ2PZFQYGM25
B09B62G7FL,A1OJ2PZFQYGM25
B08B4XRJDW,A1OJ2PZFQYGM25
B088CYM52N,A1OJ2PZFQYGM25
B0885TLPJF,A1OJ2PZFQYGM25
B087ZGQ11Z,A1OJ2PZFQYGM25
B087Z41NTR,A1OJ2PZFQYGM25
B084WYW2GD,A1OJ2PZFQYGM25
B081ZH838L,A1OJ2PZFQYGM25
B07ZW9DS4Q,A1OJ2PZFQYGM25
B07ZRLPVKY,A1OJ2PZFQYGM25
B07ZHVW91W,A1OJ2PZFQYGM25
B07ZGDSXW5,A1OJ2PZFQYGM25
B07Z9NYJY9,A1OJ2PZFQYGM25
B07Z8N28ZV,A1OJ2PZFQYGM25
B07Z8MM59G,A1OJ2PZFQYGM25
B07Z1J5F74,A1OJ2PZFQYGM25
B07Z1FNCWB,A1OJ2PZFQYGM25
B098R8V836,A1OJ2PZFQYGM25
B097S6XS1Z,A1OJ2PZFQYGM25
B095W9GMDN,A1OJ2PZFQYGM25
B095RBB9P7,A1OJ2PZFQYGM25
B094XV5DR1,A1OJ2PZFQYGM25
B093F8ZG5L,A1OJ2PZFQYGM25
B08ZHSLNTC,A1OJ2PZFQYGM25
B08XWCQZFM,A1OJ2PZFQYGM25
B08VZP6ZNJ,A1OJ2PZFQYGM25
B08SHLG1NL,A1OJ2PZFQYGM25
B08J8JGH5G,A1OJ2PZFQYGM25
B08GP6DF9Z,A1OJ2PZFQYGM25
B08G47DWB3,A1OJ2PZFQYGM25
B08FQZWTV8,A1OJ2PZFQYGM25
B08B9MKQVH,A1OJ2PZFQYGM25
B08B8WSG7B,A1OJ2PZFQYGM25
B07Z1DZJRS,A1OJ2PZFQYGM25
B07YYX41VS,A1OJ2PZFQYGM25
B07Y6VC16S,A1OJ2PZFQYGM25
B07Y5RD2CB,A1OJ2PZFQYGM25
B07XFZ8VD6,A1OJ2PZFQYGM25
B07XCGH9BD,A1OJ2PZFQYGM25
B07X2VNP53,A1OJ2PZFQYGM25
B07WVVYD25,A1OJ2PZFQYGM25
B07WKKJ2DX,A1OJ2PZFQYGM25
B07WJ32YSL,A1OJ2PZFQYGM25
B07WHRQSVB,A1OJ2PZFQYGM25
B07WFLBCTR,A1OJ2PZFQYGM25
B07TKGF9H2,A1OJ2PZFQYGM25
B07RGPRY1K,A1OJ2PZFQYGM25
B07QC89K5V,A1OJ2PZFQYGM25
B07HLDB332,A1OJ2PZFQYGM25
B07G9B8VBS,A1OJ2PZFQYGM25
B07FSLGJVX,A1OJ2PZFQYGM25
B07FDNFWXH,A1OJ2PZFQYGM25
B07D9NH153,A1OJ2PZFQYGM25
B0796ZJMGD,A1OJ2PZFQYGM25
B07878WY19,A1OJ2PZFQYGM25
B077D37MT3,A1OJ2PZFQYGM25
B0779M47RK,A1OJ2PZFQYGM25
B0763BQWQ1,A1OJ2PZFQYGM25
B071RDS4PB,A1OJ2PZFQYGM25
B01N9OYZ6J,A1OJ2PZFQYGM25
B01M8KI2MP,A1OJ2PZFQYGM25
B01LXZYHKJ,A1OJ2PZFQYGM25
B01LXN59PN,A1OJ2PZFQYGM25
B01JEK4SPO,A1OJ2PZFQYGM25
B01IPL210W,A1OJ2PZFQYGM25
B00QXJ1PRO,A1OJ2PZFQYGM25
B00QL3RGGQ,A1OJ2PZFQYGM25
B00PV3WKAY,A1OJ2PZFQYGM25
B00LF239N2,A1OJ2PZFQYGM25
B00LBDXQ0Q,A1OJ2PZFQYGM25
B00KRJQRUG,A1OJ2PZFQYGM25
B00KICP4WO,A1OJ2PZFQYGM25
B00HR703D8,A1OJ2PZFQYGM25
B00GLADZA0,A1OJ2PZFQYGM25
B00FB1MMFO,A1OJ2PZFQYGM25
B00DYAPZMG,A1OJ2PZFQYGM25
B00DYAGH78,A1OJ2PZFQYGM25
B00CRMZZP4,A1OJ2PZFQYGM25
B00BWUIKH2,A1OJ2PZFQYGM25
B00BU7E3DW,A1OJ2PZFQYGM25
B00AZA4IZ8,A1OJ2PZFQYGM25
B00945WKUK,A1OJ2PZFQYGM25
B008NXUYH0,A1OJ2PZFQYGM25
B008BDD9A6,A1OJ2PZFQYGM25
B0085XRWDW,A1OJ2PZFQYGM25
B007WUSD82,A1OJ2PZFQYGM25
B007EWQ1JQ,A1OJ2PZFQYGM25
B00667C0H2,A1OJ2PZFQYGM25
B004UH5URW,A1OJ2PZFQYGM25
B004RM5VA6,A1OJ2PZFQYGM25
B004K9D446,A1OJ2PZFQYGM25
B004IUCORU,A1OJ2PZFQYGM25
B004GE052Y,A1OJ2PZFQYGM25
B004A288NU,A1OJ2PZFQYGM25
B004805EW2,A1OJ2PZFQYGM25
B003VRYID4,A1OJ2PZFQYGM25
B003OIBDWY,A1OJ2PZFQYGM25
B003K2SN0E,A1OJ2PZFQYGM25
B003K2QMI4,A1OJ2PZFQYGM25
B003CKDA16,A1OJ2PZFQYGM25
B003AYT0T0,A1OJ2PZFQYGM25
B0033XPPCE,A1OJ2PZFQYGM25
B002ZJ6T68,A1OJ2PZFQYGM25
B002NSBHJ0,A1OJ2PZFQYGM25
B002GIO154,A1OJ2PZFQYGM25
B002BY1JQW,A1OJ2PZFQYGM25
B0025TTH30,A1OJ2PZFQYGM25
B001THG31I,A1OJ2PZFQYGM25
B000WJIZWO,A1OJ2PZFQYGM25
B000RFRR8G,A1OJ2PZFQYGM25
B000CQ2136,A1OJ2PZFQYGM25
B000BOABAY,A1OJ2PZFQYGM25
B0006O8RS2,A1OJ2PZFQYGM25
B01EB6WU92,A1OJ2PZFQYGM25
B01DPZ8T6I,A1OJ2PZFQYGM25
B01DIWEZ1G,A1OJ2PZFQYGM25
B01B43RFRC,A1OJ2PZFQYGM25
B016YQN5S2,A1OJ2PZFQYGM25
B016TQFL20,A1OJ2PZFQYGM25
B0166Q92PA,A1OJ2PZFQYGM25
B00YZ51EF6,A1OJ2PZFQYGM25
B00Y8QCMGM,A1OJ2PZFQYGM25
B00VF3DCPG,A1OJ2PZFQYGM25
B00UNJ4GHG,A1OJ2PZFQYGM25
B00SCN4EIQ,A1OJ2PZFQYGM25
B00R0TIJKW,A1OJ2PZFQYGM25
B00R08G978,A1OJ2PZFQYGM25
B00QZFODL6,A1OJ2PZFQYGM25
B00QZ8QU2S,A1OJ2PZFQYGM25
B08KRMHCTC,A1OJ2PZFQYGM25
B018RUXV78,A1OJ2PZFQYGM25
B07MV1BTR3,A1OJ2PZFQYGM25
B00IO50Q0C,A1OJ2PZFQYGM25
B07D41TX5F,A1OJ2PZFQYGM25
B00A29VJSG,A1OJ2PZFQYGM25
B002D5FAS2,A1OJ2PZFQYGM25
B0040YKNWC,A1OJ2PZFQYGM25
B0C3TR5T99,A1OJ2PZFQYGM25
B0C2WM96TC,A1OJ2PZFQYGM25
B0C1SNGFZP,A1OJ2PZFQYGM25
B0BC7LK1C4,A1OJ2PZFQYGM25
B09YCZSXSJ,A1OJ2PZFQYGM25
B09T7Z392B,A1OJ2PZFQYGM25
B09H3JGTHY,A1OJ2PZFQYGM25
B09H3J7JPB,A1OJ2PZFQYGM25
B0002HZYZM,A1OJ2PZFQYGM25
B0002GLHMM,A1OJ2PZFQYGM25
B00008LSIR,A1OJ2PZFQYGM25
1087508576,A1OJ2PZFQYGM25
1087508568,A1OJ2PZFQYGM25
1087503841,A1OJ2PZFQYGM25
B00B0SS56M,A1OJ2PZFQYGM25
B000A0OO2K,A1OJ2PZFQYGM25
B0BR9VHS1K,A1OJ2PZFQYGM25
4047298093,A1OJ2PZFQYGM25
B0BMGSHH6J,A1OJ2PZFQYGM25
B085VJV3SS,A1OJ2PZFQYGM25
B00LGXNMA0,A1OJ2PZFQYGM25
4046044993,A1OJ2PZFQYGM25
B07F1S1HSB,A1OJ2PZFQYGM25
B0006N2FM2,A1OJ2PZFQYGM25
4875558163,A1OJ2PZFQYGM25
B08B48NF54,A1OJ2PZFQYGM25
B07WG6QLQX,A1OJ2PZFQYGM25
481636871X,A1OJ2PZFQYGM25
B0856Y8GJJ,A1OJ2PZFQYGM25
B0BGBZ63DM,A1OJ2PZFQYGM25
4774512842,A1OJ2PZFQYGM25
B07VXVZR3S,A1OJ2PZFQYGM25
B01LX7A3LQ,A1OJ2PZFQYGM25
4569849431,A1OJ2PZFQYGM25
B07SFHG14M,A1OJ2PZFQYGM25
B01I57ZCQ6,A1OJ2PZFQYGM25
4163913041,A1OJ2PZFQYGM25
B01MCWT09E,A1OJ2PZFQYGM25
B00H2BBXQU,A1OJ2PZFQYGM25
B0899ZY1WD,A1OJ2PZFQYGM25
B000ZGBOLI,A1OJ2PZFQYGM25
B086RG1Z9S,A1OJ2PZFQYGM25
B07YW7ZPWZ,A1OJ2PZFQYGM25
B01IAFU2K4,A1OJ2PZFQYGM25
486651390X,A1OJ2PZFQYGM25
B0BKJP9T7S,A1OJ2PZFQYGM25
B008PWXHGY,A1OJ2PZFQYGM25
B004WXQ4TW,A1OJ2PZFQYGM25
B0BZW593YY,A1OJ2PZFQYGM25
B0BYZBLBY1,A1OJ2PZFQYGM25
B0BYD3MVHG,A1OJ2PZFQYGM25
B0BFBY5CST,A1OJ2PZFQYGM25
B0B361RC2K,A1OJ2PZFQYGM25
B09H3HT8GN,A1OJ2PZFQYGM25
B09H3HHBZH,A1OJ2PZFQYGM25
B09H3FYT7B,A1OJ2PZFQYGM25
B097NDYRP6,A1OJ2PZFQYGM25
B097J26QQP,A1OJ2PZFQYGM25
B0966CM3D3,A1OJ2PZFQYGM25
B093XZJ4N3,A1OJ2PZFQYGM25
B093TDGG9Y,A1OJ2PZFQYGM25
B08Z5QY9F3,A1OJ2PZFQYGM25
B0885SGXX4,A1OJ2PZFQYGM25
B087Q1PPCR,A1OJ2PZFQYGM25
B087NCLPBW,A1OJ2PZFQYGM25
B08693N693,A1OJ2PZFQYGM25
B081Q75F4H,A1OJ2PZFQYGM25
B07ZY6YNB9,A1OJ2PZFQYGM25
B07ZMK478Y,A1OJ2PZFQYGM25
B07Z5GRQVF,A1OJ2PZFQYGM25
B07YSJYDP2,A1OJ2PZFQYGM25
B07YRS4SDL,A1OJ2PZFQYGM25
B07YM1ZN9Q,A1OJ2PZFQYGM25
B07YL8XRZ1,A1OJ2PZFQYGM25
B07YGY9S6R,A1OJ2PZFQYGM25
B07XZP9DMP,A1OJ2PZFQYGM25
B07XZK8KRG,A1OJ2PZFQYGM25
B07WTX7JF5,A1OJ2PZFQYGM25
4142230719,A1OJ2PZFQYGM25
B01J3AQ0XS,A1OJ2PZFQYGM25
B00409L7Q8,A1OJ2PZFQYGM25
4046801727,A1OJ2PZFQYGM25
B00BRX6ERC,A1OJ2PZFQYGM25
B07TSQLD4R,A1OJ2PZFQYGM25
4046042605,A1OJ2PZFQYGM25
B0046V0JZU,A1OJ2PZFQYGM25
B07WXHTVGK,A1OJ2PZFQYGM25
B00AKKCQN4,A1OJ2PZFQYGM25
B002PNTE8Y,A1OJ2PZFQYGM25
B00068OP4S,A1OJ2PZFQYGM25
B095W1WXMR,A1OJ2PZFQYGM25
B08K77657L,A1OJ2PZFQYGM25
B07ZCC8QG9,A1OJ2PZFQYGM25
B00BRX6986,A1OJ2PZFQYGM25
B07WTRJBKB,A1OJ2PZFQYGM25
B07WSCVSNW,A1OJ2PZFQYGM25
B07WRMP9B7,A1OJ2PZFQYGM25
B07WFRRBQR,A1OJ2PZFQYGM25
B07W951NZ9,A1OJ2PZFQYGM25
B07W6RP6QG,A1OJ2PZFQYGM25
B07W5XNPHM,A1OJ2PZFQYGM25
B07VWHKRC6,A1OJ2PZFQYGM25
B07VVF7836,A1OJ2PZFQYGM25
B07T7RFKVG,A1OJ2PZFQYGM25
B07R1Q5N19,A1OJ2PZFQYGM25
B07NJ8QZBY,A1OJ2PZFQYGM25
B07N1H4YHC,A1OJ2PZFQYGM25
B07KG3PF6N,A1OJ2PZFQYGM25
B07H4XYNRS,A1OJ2PZFQYGM25
B079MF64HZ,A1OJ2PZFQYGM25
B01BM7V1PW,A1OJ2PZFQYGM25
B01BH5Q5ZA,A1OJ2PZFQYGM25
B017EGM9HO,A1OJ2PZFQYGM25
B016TQM4FW,A1OJ2PZFQYGM25
B010O1GKGM,A1OJ2PZFQYGM25
B010O1GHNS,A1OJ2PZFQYGM25
B010O1GHGK,A1OJ2PZFQYGM25
B010O1GES6,A1OJ2PZFQYGM25
B010O1GENG,A1OJ2PZFQYGM25
B010O1GBYI,A1OJ2PZFQYGM25
B00ZA5NQUQ,A1OJ2PZFQYGM25
B00Y2U7QK6,A1OJ2PZFQYGM25
B00XWRMP06,A1OJ2PZFQYGM25
B00XUPZBG0,A1OJ2PZFQYGM25
B00XQ11AD6,A1OJ2PZFQYGM25
B00XK4OKJA,A1OJ2PZFQYGM25
B08Z3KGTD9,A1OJ2PZFQYGM25
B08X7HGF12,A1OJ2PZFQYGM25
B08X1T2DK1,A1OJ2PZFQYGM25
B08NNFTDGP,A1OJ2PZFQYGM25
B08BHKY3XQ,A1OJ2PZFQYGM25
B08B9QGFRT,A1OJ2PZFQYGM25
B08B9JF4W8,A1OJ2PZFQYGM25
B08B8WPRQT,A1OJ2PZFQYGM25
B08B8W453M,A1OJ2PZFQYGM25
B08B8W1TXD,A1OJ2PZFQYGM25
B08B8HJ317,A1OJ2PZFQYGM25
B08B69J45R,A1OJ2PZFQYGM25
B08B67PBKD,A1OJ2PZFQYGM25
B08B67ND8R,A1OJ2PZFQYGM25
B089MD245S,A1OJ2PZFQYGM25
B088WC2Q5H,A1OJ2PZFQYGM25
B078HKZRQH,A1OJ2PZFQYGM25
B06XP83578,A1OJ2PZFQYGM25
B01LXYXPKY,A1OJ2PZFQYGM25
B01LTGONGK,A1OJ2PZFQYGM25
B01IAFTYJE,A1OJ2PZFQYGM25
B01IAFTSC2,A1OJ2PZFQYGM25
B01HYEAU04,A1OJ2PZFQYGM25
B01HYEAT50,A1OJ2PZFQYGM25
B01HYEARY8,A1OJ2PZFQYGM25
B01HYEAQ7G,A1OJ2PZFQYGM25
B01HYEAC0M,A1OJ2PZFQYGM25
B01HGXZJ5O,A1OJ2PZFQYGM25
B01HG1NBME,A1OJ2PZFQYGM25
B01HFAQDNU,A1OJ2PZFQYGM25
B01FLWFAWO,A1OJ2PZFQYGM25
B01D9LJKUC,A1OJ2PZFQYGM25
B00QZPBIOG,A1OJ2PZFQYGM25
B00QMMB0JA,A1OJ2PZFQYGM25
B00LE4G4DS,A1OJ2PZFQYGM25
B00K5DTWWO,A1OJ2PZFQYGM25
B00I5RTL7I,A1OJ2PZFQYGM25
B00H1DL6C0,A1OJ2PZFQYGM25
B00F9XPZR6,A1OJ2PZFQYGM25
B00F3FKB60,A1OJ2PZFQYGM25
B005L3OI7W,A1OJ2PZFQYGM25
B005DYXZY6,A1OJ2PZFQYGM25
B0050SX90A,A1OJ2PZFQYGM25
B004GZ8F3Y,A1OJ2PZFQYGM25
B0049AOW6A,A1OJ2PZFQYGM25
B00471PQBG,A1OJ2PZFQYGM25
B0042T42W2,A1OJ2PZFQYGM25
B003XCS6Q2,A1OJ2PZFQYGM25
B003VFGJXS,A1OJ2PZFQYGM25
B003T4LZS0,A1OJ2PZFQYGM25
B003N17QJQ,A1OJ2PZFQYGM25
B003N17EXO,A1OJ2PZFQYGM25
B0035B2U5E,A1OJ2PZFQYGM25
B002YGXH30,A1OJ2PZFQYGM25
B002YG2X76,A1OJ2PZFQYGM25
B002YCMJ2Y,A1OJ2PZFQYGM25
B002WOH280,A1OJ2PZFQYGM25
B0026RGO28,A1OJ2PZFQYGM25
B001R64P7U,A1OJ2PZFQYGM25
B0018V350M,A1OJ2PZFQYGM25
B000CMIBI4,A1OJ2PZFQYGM25
B000CMEDEA,A1OJ2PZFQYGM25
B000C7UNXA,A1OJ2PZFQYGM25
B0002MSC4W,A1OJ2PZFQYGM25
B0002IGHAC,A1OJ2PZFQYGM25
B000LQG37M,A1OJ2PZFQYGM25
B002LMT11O,A1OJ2PZFQYGM25
B096PQR8MZ,A1OJ2PZFQYGM25
4866514159,A1OJ2PZFQYGM25
B09QPMNR35,A1OJ2PZFQYGM25
B000VNMMSO,A1OJ2PZFQYGM25
B092X6YWBN,A1OJ2PZFQYGM25
4866513195,A1OJ2PZFQYGM25
B07YRYLYB7,A1OJ2PZFQYGM25
B08XZWN673,A1OJ2PZFQYGM25
4838731213,A1OJ2PZFQYGM25
B004O8TK5A,A1OJ2PZFQYGM25
B089693LVZ,A1OJ2PZFQYGM25
4796120025,A1OJ2PZFQYGM25
B00138LWGE,A1OJ2PZFQYGM25
B088NBH48M,A1OJ2PZFQYGM25
4756914152,A1OJ2PZFQYGM25
B004R72PZ0,A1OJ2PZFQYGM25
B07Z8G9LDC,A1OJ2PZFQYGM25
4635822109,A1OJ2PZFQYGM25
B000GTT82Q,A1OJ2PZFQYGM25
B07Y84JJPJ,A1OJ2PZFQYGM25
4122047897,A1OJ2PZFQYGM25
B001LR6JEC,A1OJ2PZFQYGM25
B07XM6FZDK,A1OJ2PZFQYGM25
B00AKIBF6U,A1OJ2PZFQYGM25
B07VXVXCD9,A1OJ2PZFQYGM25
B08WVLNZDM,A1OJ2PZFQYGM25
B07QR33Y6G,A1OJ2PZFQYGM25
B00K8UJYKO,A1OJ2PZFQYGM25
B07PPNVWWB,A1OJ2PZFQYGM25
B013B41QYK,A1OJ2PZFQYGM25
B01MCSTC27,A1OJ2PZFQYGM25
B0B23DHFCZ,A1OJ2PZFQYGM25
B01M73WMGQ,A1OJ2PZFQYGM25
B08P3T2WK3,A1OJ2PZFQYGM25
B01LWBKP50,A1OJ2PZFQYGM25
B07RR81GSB,A1OJ2PZFQYGM25
B019Z09JMA,A1OJ2PZFQYGM25
B0055DQ1NC,A1OJ2PZFQYGM25
B07ZJSQGYS,A1OJ2PZFQYGM25
B07XZNL738,A1OJ2PZFQYGM25
B07QTF3TXK,A1OJ2PZFQYGM25
B01MV46VAF,A1OJ2PZFQYGM25
B01MQUBE8M,A1OJ2PZFQYGM25
B01C6RDD4E,A1OJ2PZFQYGM25
B00XK4Q296,A1OJ2PZFQYGM25
B00L4L1G0M,A1OJ2PZFQYGM25
B006K8TBE2,A1OJ2PZFQYGM25
B000VTSJ7Q,A1OJ2PZFQYGM25
B000N8IFNS,A1OJ2PZFQYGM25
B0C21SYBT4,A1OJ2PZFQYGM25
B0BZ5QVPL7,A1OJ2PZFQYGM25
B0BM4WLF1K,A1OJ2PZFQYGM25
B0BGRT9VBS,A1OJ2PZFQYGM25
B0BCQWQ713,A1OJ2PZFQYGM25
B09H3HLLHZ,A1OJ2PZFQYGM25
B0998ZNYPZ,A1OJ2PZFQYGM25
B0969RLCD2,A1OJ2PZFQYGM25
B0943DK3WS,A1OJ2PZFQYGM25
B0942NR587,A1OJ2PZFQYGM25
B091YCHLW6,A1OJ2PZFQYGM25
B091J6R21G,A1OJ2PZFQYGM25
B08ZNW4DSB,A1OJ2PZFQYGM25
B07Z956B5P,A1OJ2PZFQYGM25
B07Z7JHXB5,A1OJ2PZFQYGM25
B07Z76HHXL,A1OJ2PZFQYGM25
B07Z5H53KF,A1OJ2PZFQYGM25
B07YZ4BR8C,A1OJ2PZFQYGM25
B07YW8218V,A1OJ2PZFQYGM25
B07YVL6BN5,A1OJ2PZFQYGM25
B07YCQRD13,A1OJ2PZFQYGM25
B07XCQJGF8,A1OJ2PZFQYGM25
B07X6XKGNM,A1OJ2PZFQYGM25
B07WT97GXT,A1OJ2PZFQYGM25
B07W1ZZK1Q,A1OJ2PZFQYGM25
B07SPZGSZ8,A1OJ2PZFQYGM25
B07R5C2M4W,A1OJ2PZFQYGM25
B07R1VJCMV,A1OJ2PZFQYGM25
B07PG7SHKH,A1OJ2PZFQYGM25
B08X1Z7F1K,A1OJ2PZFQYGM25
B08WHM8P7W,A1OJ2PZFQYGM25
B08PVG6HXL,A1OJ2PZFQYGM25
B08G5DYQW4,A1OJ2PZFQYGM25
B08G5CGMXJ,A1OJ2PZFQYGM25
B08B8X16GQ,A1OJ2PZFQYGM25
B088FTPCNV,A1OJ2PZFQYGM25
B0885T7PCC,A1OJ2PZFQYGM25
B087SZDH76,A1OJ2PZFQYGM25
B08564F9PC,A1OJ2PZFQYGM25
B0847TMH4G,A1OJ2PZFQYGM25
B07ZRJFG14,A1OJ2PZFQYGM25
B07ZPSXCMN,A1OJ2PZFQYGM25
B07ZLX2ZXS,A1OJ2PZFQYGM25
B07ZK7LDC7,A1OJ2PZFQYGM25
B07ZJVHHFY,A1OJ2PZFQYGM25
B07NWYVJSP,A1OJ2PZFQYGM25
B07NSXHD1R,A1OJ2PZFQYGM25
B07D4CK6Q1,A1OJ2PZFQYGM25
B078C994SN,A1OJ2PZFQYGM25
B074MLBVWV,A1OJ2PZFQYGM25
B071PC5WSS,A1OJ2PZFQYGM25
B01NGZYI33,A1OJ2PZFQYGM25
B01N8S40M5,A1OJ2PZFQYGM25
B01N7RAMMS,A1OJ2PZFQYGM25
B01N7BB1LL,A1OJ2PZFQYGM25
B01N75AP1O,A1OJ2PZFQYGM25
B01N3BO8ND,A1OJ2PZFQYGM25
B01M8P9Z6Y,A1OJ2PZFQYGM25
B01M7ZUXQP,A1OJ2PZFQYGM25
B01M7XE83B,A1OJ2PZFQYGM25
B01M7WLDRZ,A1OJ2PZFQYGM25
B01M3VYFZO,A1OJ2PZFQYGM25
B01LYWE9OM,A1OJ2PZFQYGM25
B01LDCHE98,A1OJ2PZFQYGM25
B01KQOGK94,A1OJ2PZFQYGM25
B01KKI2DEM,A1OJ2PZFQYGM25
B01K1N20PS,A1OJ2PZFQYGM25
B01IATZFJI,A1OJ2PZFQYGM25
B01HBIU9RM,A1OJ2PZFQYGM25
B01H5BYGZ6,A1OJ2PZFQYGM25
B01H4C5TZM,A1OJ2PZFQYGM25
B01DM10ADA,A1OJ2PZFQYGM25
B01D922KFI,A1OJ2PZFQYGM25
B01D1JREGY,A1OJ2PZFQYGM25
B01BM7LG8E,A1OJ2PZFQYGM25
B01B235U9O,A1OJ2PZFQYGM25
B016YW1MG8,A1OJ2PZFQYGM25
B016NKDX3Q,A1OJ2PZFQYGM25
B0161KSNS8,A1OJ2PZFQYGM25
B014QF6XWS,A1OJ2PZFQYGM25
B014549Q1U,A1OJ2PZFQYGM25
B010674IW2,A1OJ2PZFQYGM25
B0100WLXL2,A1OJ2PZFQYGM25
B00XI6NA96,A1OJ2PZFQYGM25
B00TH5HBBK,A1OJ2PZFQYGM25
B00R0EG2I8,A1OJ2PZFQYGM25
B00QZ99RHW,A1OJ2PZFQYGM25
B00QZ7I16W,A1OJ2PZFQYGM25
B00QXXBLWY,A1OJ2PZFQYGM25
B00QU7VFOW,A1OJ2PZFQYGM25
B00QSEAYK8,A1OJ2PZFQYGM25
B00QKAHZRU,A1OJ2PZFQYGM25
B00O8ZYUAO,A1OJ2PZFQYGM25
B000C81ICO,A1OJ2PZFQYGM25
B0002YFU2W,A1OJ2PZFQYGM25
B0000789TS,A1OJ2PZFQYGM25
4806917176,A1OJ2PZFQYGM25
B07XGQ65G1,A1OJ2PZFQYGM25
B00JI9MTLM,A1OJ2PZFQYGM25
4761275324,A1OJ2PZFQYGM25
B07VXQBXG5,A1OJ2PZFQYGM25
B000C4L1R0,A1OJ2PZFQYGM25
4592760964,A1OJ2PZFQYGM25
B07VGR8SJ1,A1OJ2PZFQYGM25
B0048V7FGO,A1OJ2PZFQYGM25
4533141587,A1OJ2PZFQYGM25
B07TMKFMYJ,A1OJ2PZFQYGM25
B07SKFBWC6,A1OJ2PZFQYGM25
4434140043,A1OJ2PZFQYGM25
B07TJ892K8,A1OJ2PZFQYGM25
B01N33C1ZB,A1OJ2PZFQYGM25
4010944498,A1OJ2PZFQYGM25
B00NEFKDGO,A1OJ2PZFQYGM25
B00M07OQ1A,A1OJ2PZFQYGM25
B00K8U4C60,A1OJ2PZFQYGM25
B00K8AJNPA,A1OJ2PZFQYGM25
B00JH3TZXE,A1OJ2PZFQYGM25
B00IABEIJK,A1OJ2PZFQYGM25
B00F8MNGEC,A1OJ2PZFQYGM25
B00F540HI6,A1OJ2PZFQYGM25
B00DYARW4A,A1OJ2PZFQYGM25
B00DNJO71I,A1OJ2PZFQYGM25
B00CIAPB5Y,A1OJ2PZFQYGM25
B00CETUBG8,A1OJ2PZFQYGM25
B009T3H660,A1OJ2PZFQYGM25
B006XNUMMO,A1OJ2PZFQYGM25
B006K8RYL4,A1OJ2PZFQYGM25
B005JLFQEK,A1OJ2PZFQYGM25
9383331712,A1OJ2PZFQYGM25
B01MR0EDTS,A1OJ2PZFQYGM25
B083GMZ14G,A1OJ2PZFQYGM25
B08BK3XY54,A1OJ2PZFQYGM25
B005P887RA,A1OJ2PZFQYGM25
4845634511,A1OJ2PZFQYGM25
B082BBXCCK,A1OJ2PZFQYGM25
B003BZQ5Z0,A1OJ2PZFQYGM25
4828421726,A1OJ2PZFQYGM25
B07YQTS35T,A1OJ2PZFQYGM25
B0BZZ74BVF,A1OJ2PZFQYGM25
B002PCVLTA,A1OJ2PZFQYGM25
4820719718,A1OJ2PZFQYGM25
B07Y5KBJ5Y,A1OJ2PZFQYGM25
B002JK63DC,A1OJ2PZFQYGM25
B0007RTAQQ,A1OJ2PZFQYGM25
B0052Y6CU6,A1OJ2PZFQYGM25
B004S6WBRC,A1OJ2PZFQYGM25
B004ASDJTW,A1OJ2PZFQYGM25
B0047R3LOO,A1OJ2PZFQYGM25
B003O75ZQA,A1OJ2PZFQYGM25
B0035YF3UU,A1OJ2PZFQYGM25
B0035YB13S,A1OJ2PZFQYGM25
B002VIXR0E,A1OJ2PZFQYGM25
B001SIHKRO,A1OJ2PZFQYGM25
B001MWECM2,A1OJ2PZFQYGM25
B001F6SZQE,A1OJ2PZFQYGM25
B001CI5HMU,A1OJ2PZFQYGM25
B000IYQLY2,A1OJ2PZFQYGM25
B000CSRHVA,A1OJ2PZFQYGM25
B000CMGBTU,A1OJ2PZFQYGM25
B000C81LGC,A1OJ2PZFQYGM25
B07SKJJMVF,A1OJ2PZFQYGM25
B07WHF8PPL,A1OJ2PZFQYGM25
B07SH8P3CD,A1OJ2PZFQYGM25
B07VT17NV8,A1OJ2PZFQYGM25
B07RFLZ3WJ,A1OJ2PZFQYGM25
B0C1MSTNQZ,A1OJ2PZFQYGM25
B07RDL25HW,A1OJ2PZFQYGM25
B000CMF6TQ,A1OJ2PZFQYGM25
B01I0I5ZQ2,A1OJ2PZFQYGM25
B08G8W852T,A1OJ2PZFQYGM25
B013PN09WW,A1OJ2PZFQYGM25
B07MRDVP99,A1OJ2PZFQYGM25
B003EK3ZVY,A1OJ2PZFQYGM25
B0BGBHH4YG,A1OJ2PZFQYGM25
B003CT1FFK,A1OJ2PZFQYGM25
B08848QN38,A1OJ2PZFQYGM25
B07XG3SDCJ,A1OJ2PZFQYGM25
B01JQ0DT5C,A1OJ2PZFQYGM25
B01JH89DYY,A1OJ2PZFQYGM25
B00FOOJU7Q,A1OJ2PZFQYGM25
B007VDHBTM,A1OJ2PZFQYGM25
B000TDEEIM,A1OJ2PZFQYGM25
B08YVQLRRB,A1OJ2PZFQYGM25
B07Y33S7PZ,A1OJ2PZFQYGM25
B07LG3FNK9,A1OJ2PZFQYGM25
B0095N8S52,A1OJ2PZFQYGM25
B000CQ20LY,A1OJ2PZFQYGM25
B0002CADIU,A1OJ2PZFQYGM25
B0BZH443BC,A1OJ2PZFQYGM25
B0BK89BPX5,A1OJ2PZFQYGM25
B0B9B2TDP2,A1OJ2PZFQYGM25
B09KTN2SDB,A1OJ2PZFQYGM25
B09KMXNRCR,A1OJ2PZFQYGM25
B09JHGSDWD,A1OJ2PZFQYGM25
B09H3HL21X,A1OJ2PZFQYGM25
B0983J7KTG,A1OJ2PZFQYGM25
B094YCN1X5,A1OJ2PZFQYGM25
B08ZCTX3SP,A1OJ2PZFQYGM25
B08SHTB7QB,A1OJ2PZFQYGM25
B08Q5H8D3F,A1OJ2PZFQYGM25
B08J8FLR4T,A1OJ2PZFQYGM25
B08FCX7ZLT,A1OJ2PZFQYGM25
B08B9HKY4B,A1OJ2PZFQYGM25
B08B8WS7WQ,A1OJ2PZFQYGM25
B08B11Y2J1,A1OJ2PZFQYGM25
B089KCVBCF,A1OJ2PZFQYGM25
B089277G3B,A1OJ2PZFQYGM25
B0885KJPFK,A1OJ2PZFQYGM25
B087VZ5DB8,A1OJ2PZFQYGM25
B086HDSL1D,A1OJ2PZFQYGM25
B081MWKY61,A1OJ2PZFQYGM25
B081J2HDMH,A1OJ2PZFQYGM25
B07ZYFZC6R,A1OJ2PZFQYGM25
B07ZY7JNKZ,A1OJ2PZFQYGM25
B07ZM5W934,A1OJ2PZFQYGM25
B07ZJN17W6,A1OJ2PZFQYGM25
B07Z9K4DC5,A1OJ2PZFQYGM25
B07Z8J1BHQ,A1OJ2PZFQYGM25
B07Z5HGW4S,A1OJ2PZFQYGM25
B07Z5DGCPM,A1OJ2PZFQYGM25
B07Z3NCFL1,A1OJ2PZFQYGM25
B07Z18V6ZF,A1OJ2PZFQYGM25
B07Y5VK93B,A1OJ2PZFQYGM25
B07XNL9PRH,A1OJ2PZFQYGM25
B07XFPQG2C,A1OJ2PZFQYGM25
B07X5J5DM5,A1OJ2PZFQYGM25
B07X4BFGJT,A1OJ2PZFQYGM25
B07X2TVGYG,A1OJ2PZFQYGM25
B07WL72858,A1OJ2PZFQYGM25
B07TWN446J,A1OJ2PZFQYGM25
B07T8J95XY,A1OJ2PZFQYGM25
B07SDSX37K,A1OJ2PZFQYGM25
B07S31679K,A1OJ2PZFQYGM25
B07RMBZYZH,A1OJ2PZFQYGM25
B07NJJVHPR,A1OJ2PZFQYGM25
B07NJ9FWBQ,A1OJ2PZFQYGM25
B07M84MSBS,A1OJ2PZFQYGM25
B07LCXV9HH,A1OJ2PZFQYGM25
B07JJGX64Q,A1OJ2PZFQYGM25
B07HHLK255,A1OJ2PZFQYGM25
B01IAFU2R2,A1OJ2PZFQYGM25
B01IAFTTWQ,A1OJ2PZFQYGM25
B01I54PHSW,A1OJ2PZFQYGM25
B01I0V9TDY,A1OJ2PZFQYGM25
B01H60UTCU,A1OJ2PZFQYGM25
B01BI3AMLO,A1OJ2PZFQYGM25
B01ABH6RBC,A1OJ2PZFQYGM25
B01707W09O,A1OJ2PZFQYGM25
B016TQJH9I,A1OJ2PZFQYGM25
B014RMKBXW,A1OJ2PZFQYGM25
B01351F2BM,A1OJ2PZFQYGM25
B012DYT9L6,A1OJ2PZFQYGM25
B00ZO4YBIE,A1OJ2PZFQYGM25
B00WFH3SEQ,A1OJ2PZFQYGM25
B00SOVTW4M,A1OJ2PZFQYGM25
B00RBZWLUO,A1OJ2PZFQYGM25
B00QZ2JVZC,A1OJ2PZFQYGM25
B00PCI9H5E,A1OJ2PZFQYGM25
B00PCHIMEW,A1OJ2PZFQYGM25
B00N4DM2VA,A1OJ2PZFQYGM25
B00LEV8UJC,A1OJ2PZFQYGM25
B00IVC0SXI,A1OJ2PZFQYGM25
B00IOXGBM6,A1OJ2PZFQYGM25
B00I9K5LKW,A1OJ2PZFQYGM25
B00I604CGO,A1OJ2PZFQYGM25
B00HUD4UZ6,A1OJ2PZFQYGM25
B00HTJ2QRK,A1OJ2PZFQYGM25
B00H25UL1O,A1OJ2PZFQYGM25
B00FA4OAFW,A1OJ2PZFQYGM25
B00F6W6N7Q,A1OJ2PZFQYGM25
B00EYZQZCY,A1OJ2PZFQYGM25
B00EFL25B2,A1OJ2PZFQYGM25
B07GXP38X6,A1OJ2PZFQYGM25
B07DDFT4L6,A1OJ2PZFQYGM25
B07952CVG3,A1OJ2PZFQYGM25
B078V8PB7G,A1OJ2PZFQYGM25
B0758J1QFS,A1OJ2PZFQYGM25
B073KTWBQ9,A1OJ2PZFQYGM25
B06Y19F8WR,A1OJ2PZFQYGM25
B01N1FBY18,A1OJ2PZFQYGM25
B01MTOCS5Z,A1OJ2PZFQYGM25
B01MTAK8HQ,A1OJ2PZFQYGM25
B01M5I9WFA,A1OJ2PZFQYGM25
B01LW0J43H,A1OJ2PZFQYGM25
B01LDFUW7Q,A1OJ2PZFQYGM25
B01K5D967E,A1OJ2PZFQYGM25
B01JU0HJTA,A1OJ2PZFQYGM25
B01JQ0DB28,A1OJ2PZFQYGM25
B0040BYN94,A1OJ2PZFQYGM25
B003JNZVUE,A1OJ2PZFQYGM25
B003FMBNBA,A1OJ2PZFQYGM25
B003CJMMUW,A1OJ2PZFQYGM25
B0031HKYLY,A1OJ2PZFQYGM25
B002YGGT4O,A1OJ2PZFQYGM25
B002RLFV9U,A1OJ2PZFQYGM25
B002RLDMU0,A1OJ2PZFQYGM25
B002L1ESS6,A1OJ2PZFQYGM25
B002ESE7VY,A1OJ2PZFQYGM25
B0029M7GCM,A1OJ2PZFQYGM25
B001UNEZES,A1OJ2PZFQYGM25
B001NZKKW4,A1OJ2PZFQYGM25
B001GR4BJ2,A1OJ2PZFQYGM25
B001DSR6GO,A1OJ2PZFQYGM25
B0018E5LJW,A1OJ2PZFQYGM25
B00BS13B0Q,A1OJ2PZFQYGM25
B009Z2CVS8,A1OJ2PZFQYGM25
B0095CWZ5W,A1OJ2PZFQYGM25
B008RF6310,A1OJ2PZFQYGM25
B008O1E184,A1OJ2PZFQYGM25
B007QV65LE,A1OJ2PZFQYGM25
B005XV4VBK,A1OJ2PZFQYGM25
B005SBIEEA,A1OJ2PZFQYGM25
B005I0KGNI,A1OJ2PZFQYGM25
B00562TPAS,A1OJ2PZFQYGM25
B004W1L4RG,A1OJ2PZFQYGM25
B004O24ZKQ,A1OJ2PZFQYGM25
B004MDLY2O,A1OJ2PZFQYGM25
B004KRTU8C,A1OJ2PZFQYGM25
B004HH2KQE,A1OJ2PZFQYGM25
B0044UVF10,A1OJ2PZFQYGM25
B00170T864,A1OJ2PZFQYGM25
B000WJEI7K,A1OJ2PZFQYGM25
B000KKNX6I,A1OJ2PZFQYGM25
B000HHJL4W,A1OJ2PZFQYGM25
B000CMECOQ,A1OJ2PZFQYGM25
B000CMCIY2,A1OJ2PZFQYGM25
B0002EO4M4,A1OJ2PZFQYGM25
B0002D0PVY,A1OJ2PZFQYGM25
B07VVRHMCZ,A1OJ2PZFQYGM25
B000M5KA2Q,A1OJ2PZFQYGM25
B003J3L0B8,A1OJ2PZFQYGM25
B07ZRLD7ZK,A1OJ2PZFQYGM25
B000FCGDFY,A1OJ2PZFQYGM25
B018HUQ4C2,A1OJ2PZFQYGM25
8120815688,A1OJ2PZFQYGM25
B07RZ83WV8,A1OJ2PZFQYGM25
B000008DU2,A1OJ2PZFQYGM25
B09J3D4636,A1OJ2PZFQYGM25
4799327178,A1OJ2PZFQYGM25
B08XB93LQQ,A1OJ2PZFQYGM25
B00G48ESRS,A1OJ2PZFQYGM25
4086500426,A1OJ2PZFQYGM25
B08B49KH2Z,A1OJ2PZFQYGM25
B0837K8NVP,A1OJ2PZFQYGM25
B081Z4W7ST,A1OJ2PZFQYGM25
B004ZFOV10,A1OJ2PZFQYGM25
B081Z39X3F,A1OJ2PZFQYGM25
B074YH678L,A1OJ2PZFQYGM25
B081984RF4,A1OJ2PZFQYGM25
B001FB6AU2,A1OJ2PZFQYGM25
B07ZF68YP7,A1OJ2PZFQYGM25
B01MDRWKJR,A1OJ2PZFQYGM25
B07ZD8LYYD,A1OJ2PZFQYGM25
B003Z4JSCO,A1OJ2PZFQYGM25
B07XPGL6CT,A1OJ2PZFQYGM25
B08S72JXGL,A1OJ2PZFQYGM25
B07VVNPP3K,A1OJ2PZFQYGM25
B0002VZ0ZC,A1OJ2PZFQYGM25
B07VT4PHCV,A1OJ2PZFQYGM25
B08ZXMMYH9,A1OJ2PZFQYGM25
B07QX168J9,A1OJ2PZFQYGM25
B0B3RBBTKL,A1OJ2PZFQYGM25
B01NADBO50,A1OJ2PZFQYGM25
B0992QZ5C1,A1OJ2PZFQYGM25
B01DTAZW8C,A1OJ2PZFQYGM25
B086DWDMXY,A1OJ2PZFQYGM25
B0188EISFI,A1OJ2PZFQYGM25
B083TB1JC5,A1OJ2PZFQYGM25
B00ZSOJ20M,A1OJ2PZFQYGM25
B07WFYQH4G,A1OJ2PZFQYGM25
B00CRMCUNO,A1OJ2PZFQYGM25
B01JQ0CI86,A1OJ2PZFQYGM25
B003E2HLGC,A1OJ2PZFQYGM25
B01IT2CE6I,A1OJ2PZFQYGM25
B00BT58IWM,A1OJ2PZFQYGM25
B002ZZB9FS,A1OJ2PZFQYGM25
B000BVORBQ,A1OJ2PZFQYGM25
B0C23SR8RB,A1OJ2PZFQYGM25
B0BY4P8DJ2,A1OJ2PZFQYGM25
B0BW8X3ZYR,A1OJ2PZFQYGM25
B0BW6PB39T,A1OJ2PZFQYGM25
B0B3R8YKVC,A1OJ2PZFQYGM25
B09V86VMCH,A1OJ2PZFQYGM25
B09H3JRDP6,A1OJ2PZFQYGM25
B09H3C65BS,A1OJ2PZFQYGM25
B09B7JJNQJ,A1OJ2PZFQYGM25
B094QQVGP3,A1OJ2PZFQYGM25
B094DZP8KY,A1OJ2PZFQYGM25
B093DY2FL4,A1OJ2PZFQYGM25
B093CCCZGZ,A1OJ2PZFQYGM25
B092JFVYZC,A1OJ2PZFQYGM25
B0921WRT51,A1OJ2PZFQYGM25
B0914CD428,A1OJ2PZFQYGM25
B08ZSBJPLJ,A1OJ2PZFQYGM25
B08ZDD52Q5,A1OJ2PZFQYGM25
B08VDFFMGM,A1OJ2PZFQYGM25
B08TGZKNZQ,A1OJ2PZFQYGM25
B08TB57GDZ,A1OJ2PZFQYGM25
B08LDTP4MZ,A1OJ2PZFQYGM25
B08FF97MVK,A1OJ2PZFQYGM25
B08C8Y3HLW,A1OJ2PZFQYGM25
B08B48GDRT,A1OJ2PZFQYGM25
B089W9SHHF,A1OJ2PZFQYGM25
B087W9X3B7,A1OJ2PZFQYGM25
B087CBGRRN,A1OJ2PZFQYGM25
B084HP5X4D,A1OJ2PZFQYGM25
B082RTMZMP,A1OJ2PZFQYGM25
B0829C8WGS,A1OJ2PZFQYGM25
B07VT1QQZX,A1OJ2PZFQYGM25
B07VSYP1PP,A1OJ2PZFQYGM25
B07VSF8WWK,A1OJ2PZFQYGM25
B07VSF84KN,A1OJ2PZFQYGM25
B07VSF7DKP,A1OJ2PZFQYGM25
B07VSBDZRG,A1OJ2PZFQYGM25
B07VQW94PV,A1OJ2PZFQYGM25
B07VPR8YJ3,A1OJ2PZFQYGM25
B07VP1B5N1,A1OJ2PZFQYGM25
B07VN1KF6C,A1OJ2PZFQYGM25
B07VN1K722,A1OJ2PZFQYGM25
B07VMNQ3GF,A1OJ2PZFQYGM25
B07VLYGPQZ,A1OJ2PZFQYGM25
B07VC2ZMV9,A1OJ2PZFQYGM25
B07TKH662D,A1OJ2PZFQYGM25
B07RSV3DJM,A1OJ2PZFQYGM25
B07QSM75P4,A1OJ2PZFQYGM25
B07B9XKYPT,A1OJ2PZFQYGM25
B073L35H55,A1OJ2PZFQYGM25
B072X9S5J2,A1OJ2PZFQYGM25
B01MCTW66I,A1OJ2PZFQYGM25
B01M5G5P9J,A1OJ2PZFQYGM25
B01M3NXQD4,A1OJ2PZFQYGM25
B01M0IIYCB,A1OJ2PZFQYGM25
B01LY61811,A1OJ2PZFQYGM25
B01KZLMCV8,A1OJ2PZFQYGM25
B01KX0YZTI,A1OJ2PZFQYGM25
B01K1N1V1M,A1OJ2PZFQYGM25
B01IUYFC46,A1OJ2PZFQYGM25
B01IT2CKZI,A1OJ2PZFQYGM25
B01IT2CDNM,A1OJ2PZFQYGM25
B01CSDKY0C,A1OJ2PZFQYGM25
B07ZHX7RZY,A1OJ2PZFQYGM25
B07ZG3BVVJ,A1OJ2PZFQYGM25
B07Z9S1VR5,A1OJ2PZFQYGM25
B07Z77LL5B,A1OJ2PZFQYGM25
B07Z5Q5HMM,A1OJ2PZFQYGM25
B07YL8RX2V,A1OJ2PZFQYGM25
B07XY4V5PW,A1OJ2PZFQYGM25
B07XLRMXG8,A1OJ2PZFQYGM25
B07X8V946T,A1OJ2PZFQYGM25
B07X7HYS54,A1OJ2PZFQYGM25
B07WSDV9LH,A1OJ2PZFQYGM25
B07WQYP71W,A1OJ2PZFQYGM25
B07WJWTW4B,A1OJ2PZFQYGM25
B07W99HRKL,A1OJ2PZFQYGM25
B07W2WS2H3,A1OJ2PZFQYGM25
B07VT1YBVW,A1OJ2PZFQYGM25
B0006NIISM,A1OJ2PZFQYGM25
B0002N4NOY,A1OJ2PZFQYGM25
B00002N7O0,A1OJ2PZFQYGM25
B015NGWER2,A1OJ2PZFQYGM25
B015703TI2,A1OJ2PZFQYGM25
B012WZNNWC,A1OJ2PZFQYGM25
B012H1XW1I,A1OJ2PZFQYGM25
B00YZ8HM4A,A1OJ2PZFQYGM25
B00YXD6N3S,A1OJ2PZFQYGM25
B00Y2RU1O2,A1OJ2PZFQYGM25
B00X9LGZCE,A1OJ2PZFQYGM25
B00R0LWUXC,A1OJ2PZFQYGM25
B00PJ9B7C2,A1OJ2PZFQYGM25
B00KS55POS,A1OJ2PZFQYGM25
B00K8NM87M,A1OJ2PZFQYGM25
B00IR4XNZK,A1OJ2PZFQYGM25
B00GYV8O2K,A1OJ2PZFQYGM25
B00GFTCC1U,A1OJ2PZFQYGM25
B00FA4NCNI,A1OJ2PZFQYGM25
B003GJXJU0,A1OJ2PZFQYGM25
B0031H02KW,A1OJ2PZFQYGM25
B0030DBQ1G,A1OJ2PZFQYGM25
B002RL83HW,A1OJ2PZFQYGM25
B0027ACDN8,A1OJ2PZFQYGM25
B001NIC4SY,A1OJ2PZFQYGM25
B001GCEG4C,A1OJ2PZFQYGM25
B001DKN6F2,A1OJ2PZFQYGM25
B001DCEUAA,A1OJ2PZFQYGM25
B0013GO8EO,A1OJ2PZFQYGM25
B000UK4M5E,A1OJ2PZFQYGM25
B000IY7Q6Y,A1OJ2PZFQYGM25
B000GF629W,A1OJ2PZFQYGM25
B000CPZWTW,A1OJ2PZFQYGM25
B000BDBA5U,A1OJ2PZFQYGM25
B0006NNN82,A1OJ2PZFQYGM25
B00DYAS8RA,A1OJ2PZFQYGM25
B00CSWLQL0,A1OJ2PZFQYGM25
B00CSTLCDA,A1OJ2PZFQYGM25
B00CPNKSQQ,A1OJ2PZFQYGM25
B00BW69AUC,A1OJ2PZFQYGM25
B00BG9A8D8,A1OJ2PZFQYGM25
B008O1DB1C,A1OJ2PZFQYGM25
B008BDCWYK,A1OJ2PZFQYGM25
B0084EG5SK,A1OJ2PZFQYGM25
B0052P1XUY,A1OJ2PZFQYGM25
B004J9ECXO,A1OJ2PZFQYGM25
B004987O26,A1OJ2PZFQYGM25
B003PMR4G8,A1OJ2PZFQYGM25
B003P8DIYE,A1OJ2PZFQYGM25
B003OIBDR4,A1OJ2PZFQYGM25
B003NHZMKU,A1OJ2PZFQYGM25
4578233901,A1OJ2PZFQYGM25
B002T44RAE,A1OJ2PZFQYGM25
B07ZHW8RHT,A1OJ2PZFQYGM25
B000002W6B,A1OJ2PZFQYGM25
B09HBDPR4S,A1OJ2PZFQYGM25
406292319X,A1OJ2PZFQYGM25
B07YPNYM2N,A1OJ2PZFQYGM25
B095Y9Y918,A1OJ2PZFQYGM25
B01LW3UT36,A1OJ2PZFQYGM25
B07YLJ9Z79,A1OJ2PZFQYGM25
B002IYZRC2,A1OJ2PZFQYGM25
B07Y51N1Y3,A1OJ2PZFQYGM25
B01LZ2Z6ML,A1OJ2PZFQYGM25
B07X8R4F75,A1OJ2PZFQYGM25
B0C2KJGPKH,A1OJ2PZFQYGM25
B07WN14VY9,A1OJ2PZFQYGM25
B089ZWNX8X,A1OJ2PZFQYGM25
B07S3TFMLD,A1OJ2PZFQYGM25
B07YVCRFSB,A1OJ2PZFQYGM25
B0BT9XQ23V,A1OJ2PZFQYGM25
B002I9B546,A1OJ2PZFQYGM25
B000K2C6TQ,A1OJ2PZFQYGM25
B01M16GUPG,A1OJ2PZFQYGM25
B095W3K8MH,A1OJ2PZFQYGM25
B07RZFY589,A1OJ2PZFQYGM25
B07HVHX99D,A1OJ2PZFQYGM25
B093Y1QDN5,A1OJ2PZFQYGM25
B08ZNP81G9,A1OJ2PZFQYGM25
B07Y2TRQ87,A1OJ2PZFQYGM25
B09LTBTKYF,A1OJ2PZFQYGM25
B074Z1RVDC,A1OJ2PZFQYGM25
B019H3VYW8,A1OJ2PZFQYGM25
B0BB1TBWDM,A1OJ2PZFQYGM25
B08ZSWHH8N,A1OJ2PZFQYGM25
B08ZNC6VQJ,A1OJ2PZFQYGM25
B07ZFDW8NL,A1OJ2PZFQYGM25
B01DTRZZCI,A1OJ2PZFQYGM25
B002Y353Q2,A1OJ2PZFQYGM25
B0C1CC4JY8,A1OJ2PZFQYGM25
B0BYCH1ZHY,A1OJ2PZFQYGM25
B0BX979P2K,A1OJ2PZFQYGM25
B0BLK8DP7F,A1OJ2PZFQYGM25
B0BDDBCTQ4,A1OJ2PZFQYGM25
B09TF39TFZ,A1OJ2PZFQYGM25
B09H3L589X,A1OJ2PZFQYGM25
B09H3JV8R8,A1OJ2PZFQYGM25
B09H3J4SYJ,A1OJ2PZFQYGM25
B0955XVF3J,A1OJ2PZFQYGM25
B093QBTG6V,A1OJ2PZFQYGM25
B09232W7BV,A1OJ2PZFQYGM25
B091Y2PYP5,A1OJ2PZFQYGM25
B08XZ1HNP5,A1OJ2PZFQYGM25
B08R1GMHWH,A1OJ2PZFQYGM25
B08Q4H17C1,A1OJ2PZFQYGM25
B08BR3F13P,A1OJ2PZFQYGM25
B08BLM83GW,A1OJ2PZFQYGM25
B08B8XRQRN,A1OJ2PZFQYGM25
B08B8W9TQ6,A1OJ2PZFQYGM25
B08B8W9S12,A1OJ2PZFQYGM25
B08B68SCVT,A1OJ2PZFQYGM25
B089T8BCZJ,A1OJ2PZFQYGM25
B089QTPFZK,A1OJ2PZFQYGM25
B089P3QJ8B,A1OJ2PZFQYGM25
B089DJ9HLS,A1OJ2PZFQYGM25
B0897C868M,A1OJ2PZFQYGM25
B088P7DFCJ,A1OJ2PZFQYGM25
B088MK7VDT,A1OJ2PZFQYGM25
B088KSW2T7,A1OJ2PZFQYGM25
B0888S4TF4,A1OJ2PZFQYGM25
B087Z3J734,A1OJ2PZFQYGM25
B087WL1Q4P,A1OJ2PZFQYGM25
B087TJC341,A1OJ2PZFQYGM25
B087TG7C8D,A1OJ2PZFQYGM25
B087TFJTGF,A1OJ2PZFQYGM25
B087TF996Q,A1OJ2PZFQYGM25
B087TDN69R,A1OJ2PZFQYGM25
B081YQJY5P,A1OJ2PZFQYGM25
B081NCNTQD,A1OJ2PZFQYGM25
B081H5C1DR,A1OJ2PZFQYGM25
B081759L35,A1OJ2PZFQYGM25
B07ZTVZDSY,A1OJ2PZFQYGM25
B07ZTVRY74,A1OJ2PZFQYGM25
B07ZTLMKWH,A1OJ2PZFQYGM25
B07ZMVKBWX,A1OJ2PZFQYGM25
B07ZJMXGX2,A1OJ2PZFQYGM25
B07ZHMGLTV,A1OJ2PZFQYGM25
B07ZCMZJ1Y,A1OJ2PZFQYGM25
B07Z5HBNTY,A1OJ2PZFQYGM25
B07YZN2DWH,A1OJ2PZFQYGM25
B07YZLMVKT,A1OJ2PZFQYGM25
B07YXZGC7W,A1OJ2PZFQYGM25
B07YSX3B53,A1OJ2PZFQYGM25
B07YSWQSD1,A1OJ2PZFQYGM25
B07YSWHN2T,A1OJ2PZFQYGM25
B07YSVXHND,A1OJ2PZFQYGM25
B07YSVKC6F,A1OJ2PZFQYGM25
B07YSVJ8KC,A1OJ2PZFQYGM25
B07YSVHRKH,A1OJ2PZFQYGM25
B07YSVD632,A1OJ2PZFQYGM25
B07YSV934X,A1OJ2PZFQYGM25
B07YSSQRZ3,A1OJ2PZFQYGM25
B07YRR4C26,A1OJ2PZFQYGM25
B07YQ9X1MM,A1OJ2PZFQYGM25
B07Y5S2R5D,A1OJ2PZFQYGM25
B07Y2G95XQ,A1OJ2PZFQYGM25
B07Y2FJTCP,A1OJ2PZFQYGM25
B07XNNDZFG,A1OJ2PZFQYGM25
B07X2TNTTT,A1OJ2PZFQYGM25
B07WYX2V1P,A1OJ2PZFQYGM25
B07WYD7PSK,A1OJ2PZFQYGM25
B07WXGDGZ2,A1OJ2PZFQYGM25
B07WWBP7D9,A1OJ2PZFQYGM25
B07WSGTK7D,A1OJ2PZFQYGM25
B07WPFC3D1,A1OJ2PZFQYGM25
B07WGWN8Q7,A1OJ2PZFQYGM25
B07WDDCM62,A1OJ2PZFQYGM25
B07W7NFN4Q,A1OJ2PZFQYGM25
B07W73NZ8Y,A1OJ2PZFQYGM25
B07W48L6NW,A1OJ2PZFQYGM25
B07VZTTFM4,A1OJ2PZFQYGM25
B07VYLSP7G,A1OJ2PZFQYGM25
B07VSCNSR5,A1OJ2PZFQYGM25
B07V7GR9VF,A1OJ2PZFQYGM25
B07T9FX1ZP,A1OJ2PZFQYGM25
B07T26Z17Q,A1OJ2PZFQYGM25
B07SVHPCC5,A1OJ2PZFQYGM25
B07RRR8W3G,A1OJ2PZFQYGM25
B07QRMM5FV,A1OJ2PZFQYGM25
B01JUXNUCW,A1OJ2PZFQYGM25
B01JQ0DVZ0,A1OJ2PZFQYGM25
B01JQ0CKVG,A1OJ2PZFQYGM25
B01JMAIYJW,A1OJ2PZFQYGM25
B01IAFTV8I,A1OJ2PZFQYGM25
B01IAFTTJO,A1OJ2PZFQYGM25
B01IAFTSMC,A1OJ2PZFQYGM25
B01HFS16HA,A1OJ2PZFQYGM25
B01BPJXWPE,A1OJ2PZFQYGM25
B01BO0AGFI,A1OJ2PZFQYGM25
B01BMCLYI6,A1OJ2PZFQYGM25
B01BFF4W6G,A1OJ2PZFQYGM25
B017JF7OIE,A1OJ2PZFQYGM25
B016MZ2SQK,A1OJ2PZFQYGM25
B01508UD4E,A1OJ2PZFQYGM25
B0141M2LD6,A1OJ2PZFQYGM25
B010SDPQXY,A1OJ2PZFQYGM25
B00YZ9LU7Y,A1OJ2PZFQYGM25
B00XUPO9RW,A1OJ2PZFQYGM25
B00RC01PU0,A1OJ2PZFQYGM25
B00QZIQ94W,A1OJ2PZFQYGM25
B00QXNB69C,A1OJ2PZFQYGM25
B00QW2TJA2,A1OJ2PZFQYGM25
B00QW2KOWY,A1OJ2PZFQYGM25
B00QW0M1KO,A1OJ2PZFQYGM25
B00QP5G2TW,A1OJ2PZFQYGM25
B00QL59L30,A1OJ2PZFQYGM25
B00QL56TGC,A1OJ2PZFQYGM25
B00QKYZWB2,A1OJ2PZFQYGM25
B00QKMZ3C2,A1OJ2PZFQYGM25
B00PWTYTU6,A1OJ2PZFQYGM25
B00OYJ1Y62,A1OJ2PZFQYGM25
B00OYJ1RSW,A1OJ2PZFQYGM25
B00OYJ1PK2,A1OJ2PZFQYGM25
B00OYJ1LTM,A1OJ2PZFQYGM25
B00OYJ1KJS,A1OJ2PZFQYGM25
B00OYJ1HGO,A1OJ2PZFQYGM25
B00OYJ199E,A1OJ2PZFQYGM25
B00M5S5FBE,A1OJ2PZFQYGM25
B00K2U7S0S,A1OJ2PZFQYGM25
B00FNCZI52,A1OJ2PZFQYGM25
B00F9RTQ7M,A1OJ2PZFQYGM25
B00F43L3BS,A1OJ2PZFQYGM25
B00DYB03E0,A1OJ2PZFQYGM25
B00CP3E20E,A1OJ2PZFQYGM25
B00BT5GH3Y,A1OJ2PZFQYGM25
B00B483ZPY,A1OJ2PZFQYGM25
B009L7MVBE,A1OJ2PZFQYGM25
B008DEWYVI,A1OJ2PZFQYGM25
B006U3U1PK,A1OJ2PZFQYGM25
B0052WR56I,A1OJ2PZFQYGM25
B004JX8ISU,A1OJ2PZFQYGM25
B004HSGD5W,A1OJ2PZFQYGM25
B003XJ31ZQ,A1OJ2PZFQYGM25
B003WQBA62,A1OJ2PZFQYGM25
B003WHHRMW,A1OJ2PZFQYGM25
B003A4P84Q,A1OJ2PZFQYGM25
B003674Q18,A1OJ2PZFQYGM25
B00362MOVC,A1OJ2PZFQYGM25
B00354R5O2,A1OJ2PZFQYGM25
B003061FIC,A1OJ2PZFQYGM25
B002WMULJY,A1OJ2PZFQYGM25
B002IVCEF8,A1OJ2PZFQYGM25
B002IV6PA8,A1OJ2PZFQYGM25
B07QBQZQN6,A1OJ2PZFQYGM25
B07NMT48YR,A1OJ2PZFQYGM25
B07N14BJQ5,A1OJ2PZFQYGM25
B07KT2DJWZ,A1OJ2PZFQYGM25
B07H4N615G,A1OJ2PZFQYGM25
B079RK7P8C,A1OJ2PZFQYGM25
B074763DTF,A1OJ2PZFQYGM25
B0746VCJ6V,A1OJ2PZFQYGM25
B01M668FUE,A1OJ2PZFQYGM25
B01M0A4LIU,A1OJ2PZFQYGM25
B01LZGSAAX,A1OJ2PZFQYGM25
B01LZ1UW8C,A1OJ2PZFQYGM25
B01LXBGOEI,A1OJ2PZFQYGM25
B01KXIVOFI,A1OJ2PZFQYGM25
B01KT1H4SK,A1OJ2PZFQYGM25
B01KHL2V6W,A1OJ2PZFQYGM25
B01DOISK2Y,A1OJ2PZFQYGM25
B09N361ZPB,A1OJ2PZFQYGM25
B002LMSXR2,A1OJ2PZFQYGM25
B001CCHIPK,A1OJ2PZFQYGM25
7556088510,A1OJ2PZFQYGM25
B099WSQ4PF,A1OJ2PZFQYGM25
B099NJTYRM,A1OJ2PZFQYGM25
4894162636,A1OJ2PZFQYGM25
B00DYFQEDU,A1OJ2PZFQYGM25
B000HEVYWM,A1OJ2PZFQYGM25
B099MSNRCD,A1OJ2PZFQYGM25
4883197220,A1OJ2PZFQYGM25
B000NSHJDA,A1OJ2PZFQYGM25
B00000205T,A1OJ2PZFQYGM25
B098PBBSWZ,A1OJ2PZFQYGM25
4863921624,A1OJ2PZFQYGM25
B001T8ABCO,A1OJ2PZFQYGM25
B001T36KSI,A1OJ2PZFQYGM25
B001PTG7Z2,A1OJ2PZFQYGM25
B001DVY3CG,A1OJ2PZFQYGM25
B001CCVAM2,A1OJ2PZFQYGM25
B0018SW82G,A1OJ2PZFQYGM25
B00103W8AQ,A1OJ2PZFQYGM25
B000C7UKRY,A1OJ2PZFQYGM25
B000BPEQ0O,A1OJ2PZFQYGM25
B0006LBUWK,A1OJ2PZFQYGM25
B0006LBUVG,A1OJ2PZFQYGM25
B0002F7JEI,A1OJ2PZFQYGM25
B08WPYQJW6,A1OJ2PZFQYGM25
4569846793,A1OJ2PZFQYGM25
B000SOSKKA,A1OJ2PZFQYGM25
B08B8WL8CR,A1OJ2PZFQYGM25
4528023490,A1OJ2PZFQYGM25
B0000AXTAC,A1OJ2PZFQYGM25
B088PNP3Y3,A1OJ2PZFQYGM25
4065303117,A1OJ2PZFQYGM25
B087NLDZKH,A1OJ2PZFQYGM25
173396083X,A1OJ2PZFQYGM25
B087NH8SC9,A1OJ2PZFQYGM25
B07WW1WJ8T,A1OJ2PZFQYGM25
B086YSR45B,A1OJ2PZFQYGM25
B001GXQSDS,A1OJ2PZFQYGM25
B083G8ZYVF,A1OJ2PZFQYGM25
B0011WHL1C,A1OJ2PZFQYGM25
B09Z5D5RL1,A1OJ2PZFQYGM25
B096LSGFTD,A1OJ2PZFQYGM25
4813288235,A1OJ2PZFQYGM25
B0BYZ8V4QT,A1OJ2PZFQYGM25
B096LRHTGM,A1OJ2PZFQYGM25
4810801047,A1OJ2PZFQYGM25
B07Q57X35H,A1OJ2PZFQYGM25
B096LRCLKP,A1OJ2PZFQYGM25
4801400558,A1OJ2PZFQYGM25
B004JAXETG,A1OJ2PZFQYGM25
B096LQ9HVX,A1OJ2PZFQYGM25
4798163546,A1OJ2PZFQYGM25
B00DQ17PHQ,A1OJ2PZFQYGM25
B08YLMLJLN,A1OJ2PZFQYGM25
4579112334,A1OJ2PZFQYGM25
B000BD6AYG,A1OJ2PZFQYGM25
B07ZFFPVRV,A1OJ2PZFQYGM25
B00JE1YJ8K,A1OJ2PZFQYGM25
B07YQVV342,A1OJ2PZFQYGM25
B0007UN5A0,A1OJ2PZFQYGM25
B07XPCVWMC,A1OJ2PZFQYGM25
B0000AXA1N,A1OJ2PZFQYGM25
B01FD7BF3K,A1OJ2PZFQYGM25
B09GTVSK2X,A1OJ2PZFQYGM25
B015WTAYOU,A1OJ2PZFQYGM25
B07WDD84JX,A1OJ2PZFQYGM25
B0049P3GRQ,A1OJ2PZFQYGM25
B002ZD6Z8G,A1OJ2PZFQYGM25
B001PO6NSS,A1OJ2PZFQYGM25
B0C26T9VZJ,A1OJ2PZFQYGM25
B09H3K5NFX,A1OJ2PZFQYGM25
B09H3GH344,A1OJ2PZFQYGM25
B09H3F4GVB,A1OJ2PZFQYGM25
B096PSRT4Q,A1OJ2PZFQYGM25
B093QBDTZJ,A1OJ2PZFQYGM25
B093QB16F9,A1OJ2PZFQYGM25
B093Q9YXWW,A1OJ2PZFQYGM25
B09233Q9GF,A1OJ2PZFQYGM25
B091YM3DJ7,A1OJ2PZFQYGM25
B091Y5DHFF,A1OJ2PZFQYGM25
B08Q4NG4M2,A1OJ2PZFQYGM25
B08L735QGV,A1OJ2PZFQYGM25
B08GQ95L1P,A1OJ2PZFQYGM25
B08FZSXQC1,A1OJ2PZFQYGM25
B08B9RRZC2,A1OJ2PZFQYGM25
B08B914DD4,A1OJ2PZFQYGM25
B08B8XFT3T,A1OJ2PZFQYGM25
B08B8WLDH5,A1OJ2PZFQYGM25
B07Y9V49VJ,A1OJ2PZFQYGM25
B07Y2YD165,A1OJ2PZFQYGM25
B07Y2521XM,A1OJ2PZFQYGM25
B07XVC7M59,A1OJ2PZFQYGM25
B07XPDQQ2Y,A1OJ2PZFQYGM25
B07X96YTHS,A1OJ2PZFQYGM25
B07WTRFH8Q,A1OJ2PZFQYGM25
B07WT6K3KR,A1OJ2PZFQYGM25
B07WJ3CHKX,A1OJ2PZFQYGM25
B07WJ354BZ,A1OJ2PZFQYGM25
B07WJ21BKH,A1OJ2PZFQYGM25
B07WH2BF5S,A1OJ2PZFQYGM25
B07WH298MD,A1OJ2PZFQYGM25
B07WH1T95H,A1OJ2PZFQYGM25
B07WH1HD7S,A1OJ2PZFQYGM25
B07WH1C4FM,A1OJ2PZFQYGM25
B089CP68D9,A1OJ2PZFQYGM25
B087WVSFL6,A1OJ2PZFQYGM25
B087TPHTRH,A1OJ2PZFQYGM25
B087SRQ66M,A1OJ2PZFQYGM25
B087SQBPP4,A1OJ2PZFQYGM25
B087SL32GH,A1OJ2PZFQYGM25
B087SDDHP9,A1OJ2PZFQYGM25
B087R3JPVB,A1OJ2PZFQYGM25
B0856SYBB2,A1OJ2PZFQYGM25
B0855R9J45,A1OJ2PZFQYGM25
B083R5D71F,A1OJ2PZFQYGM25
B082J34LC3,A1OJ2PZFQYGM25
B08286D59V,A1OJ2PZFQYGM25
B081TLX1WJ,A1OJ2PZFQYGM25
B07Z5HQ99P,A1OJ2PZFQYGM25
B07YYK4D8B,A1OJ2PZFQYGM25
B07WGYWRNR,A1OJ2PZFQYGM25
B07WFDWG5N,A1OJ2PZFQYGM25
B07WDH2GY8,A1OJ2PZFQYGM25
B07W7H9ZWS,A1OJ2PZFQYGM25
B07W654Y6L,A1OJ2PZFQYGM25
B07VZ5285B,A1OJ2PZFQYGM25
B07VYZQGCT,A1OJ2PZFQYGM25
B07VXKLCYV,A1OJ2PZFQYGM25
B07TPYMQ2F,A1OJ2PZFQYGM25
B07S4LCSYV,A1OJ2PZFQYGM25
B07QGFKZ5M,A1OJ2PZFQYGM25
B07KQXZWG6,A1OJ2PZFQYGM25
B07JZXQ16N,A1OJ2PZFQYGM25
B07DGS4B68,A1OJ2PZFQYGM25
B078KH9R6F,A1OJ2PZFQYGM25
B0732SQYST,A1OJ2PZFQYGM25
B01N9P40D0,A1OJ2PZFQYGM25
B01MA6O5JB,A1OJ2PZFQYGM25
B01M04Q6B2,A1OJ2PZFQYGM25
B01LXOQVFJ,A1OJ2PZFQYGM25
B01LWYLPR3,A1OJ2PZFQYGM25
B01JU5TLFA,A1OJ2PZFQYGM25
B01JB1JSEM,A1OJ2PZFQYGM25
B01IX8ZKQO,A1OJ2PZFQYGM25
B01IAB3980,A1OJ2PZFQYGM25
B01GWCWCMS,A1OJ2PZFQYGM25
B01D1KTBX2,A1OJ2PZFQYGM25
B01BN95SU8,A1OJ2PZFQYGM25
B016TQJ5VI,A1OJ2PZFQYGM25
B016TQFP94,A1OJ2PZFQYGM25
B014RXNJH6,A1OJ2PZFQYGM25
B00YWQT18A,A1OJ2PZFQYGM25
B00XUPWLOU,A1OJ2PZFQYGM25
B00XOSYDQW,A1OJ2PZFQYGM25
B00QX8ZAV2,A1OJ2PZFQYGM25
B00QUFC1AQ,A1OJ2PZFQYGM25
B00QU3RTTQ,A1OJ2PZFQYGM25
B00QSYCBK4,A1OJ2PZFQYGM25
B00QSWYAZU,A1OJ2PZFQYGM25
B00QNQ2IBE,A1OJ2PZFQYGM25
B00PXW258U,A1OJ2PZFQYGM25
B00PV3TSXG,A1OJ2PZFQYGM25
B00PJ93TKK,A1OJ2PZFQYGM25
B00M3O0SY4,A1OJ2PZFQYGM25
B00K8SECNU,A1OJ2PZFQYGM25
B00JGJ8U8A,A1OJ2PZFQYGM25
B00IOXKFF0,A1OJ2PZFQYGM25
B00ICP1CNY,A1OJ2PZFQYGM25
B00HRGYB8C,A1OJ2PZFQYGM25
B00GRARL7M,A1OJ2PZFQYGM25
B00E3T0AVI,A1OJ2PZFQYGM25
B00E0S4V7Q,A1OJ2PZFQYGM25
B00CQOY9GE,A1OJ2PZFQYGM25
B00CA65Y3K,A1OJ2PZFQYGM25
B00CA621N6,A1OJ2PZFQYGM25
B00BYQ4MOE,A1OJ2PZFQYGM25
B00BT4T200,A1OJ2PZFQYGM25
B00AZHOW3Y,A1OJ2PZFQYGM25
B00AK541I2,A1OJ2PZFQYGM25
B009YO0XXW,A1OJ2PZFQYGM25
B00945U4KS,A1OJ2PZFQYGM25
B008O1V3WG,A1OJ2PZFQYGM25
B006Z394GM,A1OJ2PZFQYGM25
B006LWOVAG,A1OJ2PZFQYGM25
B005J5BTDS,A1OJ2PZFQYGM25
B005EWAYNM,A1OJ2PZFQYGM25
B0056TP0C8,A1OJ2PZFQYGM25
B004NKYDU6,A1OJ2PZFQYGM25
B004K4FCZA,A1OJ2PZFQYGM25
B004K4EFQM,A1OJ2PZFQYGM25
B0049U36P8,A1OJ2PZFQYGM25
B003YI2MC4,A1OJ2PZFQYGM25
B003Y7XSD2,A1OJ2PZFQYGM25
B003TPEM6G,A1OJ2PZFQYGM25
B003N9N5HA,A1OJ2PZFQYGM25
B003N17GMS,A1OJ2PZFQYGM25
B003GY45WG,A1OJ2PZFQYGM25
B00381WPOW,A1OJ2PZFQYGM25
B0030W8TS0,A1OJ2PZFQYGM25
B002YKZK0O,A1OJ2PZFQYGM25
B002YJZKR8,A1OJ2PZFQYGM25
B002W4H6E0,A1OJ2PZFQYGM25
B002RH4CLC,A1OJ2PZFQYGM25
B002QA98NC,A1OJ2PZFQYGM25
B002FYIKLK,A1OJ2PZFQYGM25
B0026H3PUM,A1OJ2PZFQYGM25
B0025BKQFQ,A1OJ2PZFQYGM25
B0022ZUY9S,A1OJ2PZFQYGM25
B001T2FHQA,A1OJ2PZFQYGM25
B001JBQOMM,A1OJ2PZFQYGM25
B001II2MRC,A1OJ2PZFQYGM25
B001CE13WM,A1OJ2PZFQYGM25
B0015PBZTE,A1OJ2PZFQYGM25
B00149W4PU,A1OJ2PZFQYGM25
B00115W5G0,A1OJ2PZFQYGM25
B000K2EBCG,A1OJ2PZFQYGM25
B000F63UHY,A1OJ2PZFQYGM25
B000DZFPTS,A1OJ2PZFQYGM25
B000C7Y7M8,A1OJ2PZFQYGM25
B000BPSVMI,A1OJ2PZFQYGM25
B0002GUC7S,A1OJ2PZFQYGM25
1631144952,A1OJ2PZFQYGM25
4594087175,A1OJ2PZFQYGM25
B0BZ4GV4CH,A1OJ2PZFQYGM25
B089J5G2F6,A1OJ2PZFQYGM25
4569901263,A1OJ2PZFQYGM25
B01GRZMQQM,A1OJ2PZFQYGM25
B07ZKBXCGS,A1OJ2PZFQYGM25
4140818530,A1OJ2PZFQYGM25
B002GKKUXY,A1OJ2PZFQYGM25
B07YTSDVGW,A1OJ2PZFQYGM25
4062778297,A1OJ2PZFQYGM25
B001VGE06W,A1OJ2PZFQYGM25
B07Y1QMMRR,A1OJ2PZFQYGM25
4023330108,A1OJ2PZFQYGM25
B002QFZYLC,A1OJ2PZFQYGM25
B07TTKKD37,A1OJ2PZFQYGM25
B097RX2NJQ,A1OJ2PZFQYGM25
B07YN8FP61,A1OJ2PZFQYGM25
B07T1QQG4W,A1OJ2PZFQYGM25
B000W22Z0O,A1OJ2PZFQYGM25
B072KKPWBD,A1OJ2PZFQYGM25
4838730977,A1OJ2PZFQYGM25
B07QC741SC,A1OJ2PZFQYGM25
B000095J00,A1OJ2PZFQYGM25
B00O4R1UEK,A1OJ2PZFQYGM25
481637387X,A1OJ2PZFQYGM25
B0C73JYYKM,A1OJ2PZFQYGM25
4796524347,A1OJ2PZFQYGM25
B07TBPLZVV,A1OJ2PZFQYGM25
B0991KX8DZ,A1OJ2PZFQYGM25
4756918158,A1OJ2PZFQYGM25
B08BFQ7TYC,A1OJ2PZFQYGM25
B08F9W14HX,A1OJ2PZFQYGM25
B00IQ74J4M,A1OJ2PZFQYGM25
B01LYZS2BE,A1OJ2PZFQYGM25
B004I4DT7U,A1OJ2PZFQYGM25
B000GB1DLI,A1OJ2PZFQYGM25
B0002F6JJY,A1OJ2PZFQYGM25
B08W1P12WG,A1OJ2PZFQYGM25
B07J9TBGBW,A1OJ2PZFQYGM25
B003TTRP3Y,A1OJ2PZFQYGM25
B00176521S,A1OJ2PZFQYGM25
B0016B6380,A1OJ2PZFQYGM25
B0C1T5DLP3,A1OJ2PZFQYGM25
B0C18P9X52,A1OJ2PZFQYGM25
B0BYRMKXW4,A1OJ2PZFQYGM25
B0BYRMK13L,A1OJ2PZFQYGM25
B09H3K6KS1,A1OJ2PZFQYGM25
B09H3H5ZZY,A1OJ2PZFQYGM25
B095N7VQKR,A1OJ2PZFQYGM25
B093QC3W8P,A1OJ2PZFQYGM25
B092KZG5HX,A1OJ2PZFQYGM25
B091D8VFYL,A1OJ2PZFQYGM25
B08ZJS49N2,A1OJ2PZFQYGM25
B08YYLXML5,A1OJ2PZFQYGM25
B08XNYFLYL,A1OJ2PZFQYGM25
B08XHK1FL2,A1OJ2PZFQYGM25
B08P27C91X,A1OJ2PZFQYGM25
B08P277KYQ,A1OJ2PZFQYGM25
B08MXJYYWH,A1OJ2PZFQYGM25
B08F3PLD5P,A1OJ2PZFQYGM25
B08BLLCK7M,A1OJ2PZFQYGM25
B08B8W33TT,A1OJ2PZFQYGM25
B08B49QD5Y,A1OJ2PZFQYGM25
B088TWDQFG,A1OJ2PZFQYGM25
B07Z422WT6,A1OJ2PZFQYGM25
B07YXKFPCL,A1OJ2PZFQYGM25
B07YXK6F98,A1OJ2PZFQYGM25
B07YW5JJN6,A1OJ2PZFQYGM25
B07YVGC18M,A1OJ2PZFQYGM25
B07YNDBYSY,A1OJ2PZFQYGM25
B07YLC5WBG,A1OJ2PZFQYGM25
B07Y3XDMWM,A1OJ2PZFQYGM25
B07Y3TB3FR,A1OJ2PZFQYGM25
B07Y3T3SGV,A1OJ2PZFQYGM25
B07XZ3GJB1,A1OJ2PZFQYGM25
B07XVPNJ23,A1OJ2PZFQYGM25
B07XVBV779,A1OJ2PZFQYGM25
B07XSL62L5,A1OJ2PZFQYGM25
B07XH7NQ3K,A1OJ2PZFQYGM25
B07XH571LD,A1OJ2PZFQYGM25
B088JQXV23,A1OJ2PZFQYGM25
B088895XL2,A1OJ2PZFQYGM25
B087X17KSW,A1OJ2PZFQYGM25
B087RK22K7,A1OJ2PZFQYGM25
B084WDBV2C,A1OJ2PZFQYGM25
B0833SFPNM,A1OJ2PZFQYGM25
B082BVFD26,A1OJ2PZFQYGM25
B081ZHP9DK,A1OJ2PZFQYGM25
B081P7N62V,A1OJ2PZFQYGM25
B07ZYWDCQT,A1OJ2PZFQYGM25
B07ZTM2XS8,A1OJ2PZFQYGM25
B07ZQK979S,A1OJ2PZFQYGM25
B07ZL4LF47,A1OJ2PZFQYGM25
B07ZK18G8P,A1OJ2PZFQYGM25
B07ZGZQVTH,A1OJ2PZFQYGM25
B07Z6PZ9QY,A1OJ2PZFQYGM25
B07XH39FRX,A1OJ2PZFQYGM25
B07XGD8Q5N,A1OJ2PZFQYGM25
B07XFH8MRD,A1OJ2PZFQYGM25
B07X8ZG6LG,A1OJ2PZFQYGM25
B07X5VHMZP,A1OJ2PZFQYGM25
B07X5SV98J,A1OJ2PZFQYGM25
B07X524GZD,A1OJ2PZFQYGM25
B07X51WM6K,A1OJ2PZFQYGM25
B07X51LPGS,A1OJ2PZFQYGM25
B07X4ZD2RK,A1OJ2PZFQYGM25
B07X4C52MC,A1OJ2PZFQYGM25
B07X3XMZ1V,A1OJ2PZFQYGM25
B07WYBSQWM,A1OJ2PZFQYGM25
B07WTNLP3C,A1OJ2PZFQYGM25
B07WST53RZ,A1OJ2PZFQYGM25
B07WNTCM2P,A1OJ2PZFQYGM25
B07D1XZH5S,A1OJ2PZFQYGM25
B074JDVDSQ,A1OJ2PZFQYGM25
B07472NNHZ,A1OJ2PZFQYGM25
B0746TSY46,A1OJ2PZFQYGM25
B073KTF75R,A1OJ2PZFQYGM25
B01N29ZIJT,A1OJ2PZFQYGM25
B01M8GDQM9,A1OJ2PZFQYGM25
B01M0T33JE,A1OJ2PZFQYGM25
B01M0LH9EA,A1OJ2PZFQYGM25
B01LZ28JL9,A1OJ2PZFQYGM25
B01LXG43P7,A1OJ2PZFQYGM25
B01LWID7VS,A1OJ2PZFQYGM25
B01J4ADSVO,A1OJ2PZFQYGM25
B01DNX5GWM,A1OJ2PZFQYGM25
B01BO0AS60,A1OJ2PZFQYGM25
B016TQFCK6,A1OJ2PZFQYGM25
B00BT3I8C4,A1OJ2PZFQYGM25
B00BF21560,A1OJ2PZFQYGM25
B00ALM6BDM,A1OJ2PZFQYGM25
B00A1N2HNY,A1OJ2PZFQYGM25
B007QV8A8U,A1OJ2PZFQYGM25
B00629SH08,A1OJ2PZFQYGM25
B0050SYBPC,A1OJ2PZFQYGM25
B004W7WPGY,A1OJ2PZFQYGM25
B004GXSRUM,A1OJ2PZFQYGM25
B004GC6AMA,A1OJ2PZFQYGM25
B004BUTIYY,A1OJ2PZFQYGM25
B00496TJ6M,A1OJ2PZFQYGM25
B0044FX3CY,A1OJ2PZFQYGM25
B003R6RMPA,A1OJ2PZFQYGM25
B003K2UDTI,A1OJ2PZFQYGM25
B003K2QN0G,A1OJ2PZFQYGM25
B00ZB7SSII,A1OJ2PZFQYGM25
B00YFTPZHU,A1OJ2PZFQYGM25
B00YBZEL8C,A1OJ2PZFQYGM25
B00Y186OFW,A1OJ2PZFQYGM25
B00Y0N0QB6,A1OJ2PZFQYGM25
B00XUPY8ZK,A1OJ2PZFQYGM25
B00V7UVENE,A1OJ2PZFQYGM25
B00U5PO56K,A1OJ2PZFQYGM25
B00QU7VZGK,A1OJ2PZFQYGM25
B00QSEAEBM,A1OJ2PZFQYGM25
B00QJ2WYV6,A1OJ2PZFQYGM25
B00N5ZBE2K,A1OJ2PZFQYGM25
B00KHIIEUI,A1OJ2PZFQYGM25
B00FA4OQ1U,A1OJ2PZFQYGM25
B00DKA4RZQ,A1OJ2PZFQYGM25
B00BVEE00A,A1OJ2PZFQYGM25
B003JRI85U,A1OJ2PZFQYGM25
B0039OZOPA,A1OJ2PZFQYGM25
B0033CWU6Y,A1OJ2PZFQYGM25
B0033BDV72,A1OJ2PZFQYGM25
B003177Z3Y,A1OJ2PZFQYGM25
B002YLSIPW,A1OJ2PZFQYGM25
B002YKAX92,A1OJ2PZFQYGM25
B002URJHVY,A1OJ2PZFQYGM25
B002R6K690,A1OJ2PZFQYGM25
B002OMK7XM,A1OJ2PZFQYGM25
B002CTMSW0,A1OJ2PZFQYGM25
B0027FLUBE,A1OJ2PZFQYGM25
B00230G1RG,A1OJ2PZFQYGM25
B001UXHWWU,A1OJ2PZFQYGM25
B001RIGXBY,A1OJ2PZFQYGM25
B001QMZCFE,A1OJ2PZFQYGM25
B07WJ17VM4,A1OJ2PZFQYGM25
B07WHMFSQ7,A1OJ2PZFQYGM25
B07WHLG63J,A1OJ2PZFQYGM25
B07WHDNPWX,A1OJ2PZFQYGM25
B07WGBXKYD,A1OJ2PZFQYGM25
B07WBW96FC,A1OJ2PZFQYGM25
B07W4YC689,A1OJ2PZFQYGM25
B07VX1ZSJ7,A1OJ2PZFQYGM25
B07VWCSLPW,A1OJ2PZFQYGM25
B07V7H24RT,A1OJ2PZFQYGM25
B07T8ZJHKP,A1OJ2PZFQYGM25
B07RWFD6DV,A1OJ2PZFQYGM25
B07Q359YRC,A1OJ2PZFQYGM25
B07NJBKTXW,A1OJ2PZFQYGM25
B07D6YVX4M,A1OJ2PZFQYGM25
B07D4MDPYV,A1OJ2PZFQYGM25
B001PPENV6,A1OJ2PZFQYGM25
B001O305ZC,A1OJ2PZFQYGM25
B001444WK0,A1OJ2PZFQYGM25
B000UK4MIG,A1OJ2PZFQYGM25
B000CPK3A0,A1OJ2PZFQYGM25
B000CPK2D8,A1OJ2PZFQYGM25
B000C7YJE4,A1OJ2PZFQYGM25
B000C7YAWK,A1OJ2PZFQYGM25
B0006IJXGS,A1OJ2PZFQYGM25
B0002ITIOO,A1OJ2PZFQYGM25
B0000VLE54,A1OJ2PZFQYGM25
B00008OTDS,A1OJ2PZFQYGM25
148382862X,A1OJ2PZFQYGM25
B0012RWH6A,A1OJ2PZFQYGM25
B082H8ZQQ4,A1OJ2PZFQYGM25
484436958X,A1OJ2PZFQYGM25
B010OC3KJG,A1OJ2PZFQYGM25
B000000FG3,A1OJ2PZFQYGM25
B0822C6Q71,A1OJ2PZFQYGM25
4816369694,A1OJ2PZFQYGM25
B000EENG1W,A1OJ2PZFQYGM25
B07YVKW576,A1OJ2PZFQYGM25
4816358994,A1OJ2PZFQYGM25
B001V9KOI2,A1OJ2PZFQYGM25
B07W2VZCCQ,A1OJ2PZFQYGM25
4815608784,A1OJ2PZFQYGM25
B001TERD8S,A1OJ2PZFQYGM25
B07S29H4G2,A1OJ2PZFQYGM25
4797392525,A1OJ2PZFQYGM25
B07RDGN2CP,A1OJ2PZFQYGM25
B0711RXCN3,A1OJ2PZFQYGM25
4791621697,A1OJ2PZFQYGM25
B00P7DMYM2,A1OJ2PZFQYGM25
B01M0VU35F,A1OJ2PZFQYGM25
4766133250,A1OJ2PZFQYGM25
B00068OOKS,A1OJ2PZFQYGM25
B01J3APUMU,A1OJ2PZFQYGM25
4532199891,A1OJ2PZFQYGM25
B09HV9HSS2,A1OJ2PZFQYGM25
B00GRE5ANK,A1OJ2PZFQYGM25
4424636429,A1OJ2PZFQYGM25
B08RJ7PH5D,A1OJ2PZFQYGM25
B0067N7I7C,A1OJ2PZFQYGM25
4295402265,A1OJ2PZFQYGM25
B004F7LEFE,A1OJ2PZFQYGM25
4295402133,A1OJ2PZFQYGM25
B0BWMP68HZ,A1OJ2PZFQYGM25
4259567055,A1OJ2PZFQYGM25
B0BSFG49LH,A1OJ2PZFQYGM25
419865011X,A1OJ2PZFQYGM25
B0BR7M1T8X,A1OJ2PZFQYGM25
4140113588,A1OJ2PZFQYGM25
B09H3GV7ZD,A1OJ2PZFQYGM25
4061587307,A1OJ2PZFQYGM25
B09H3F9XYY,A1OJ2PZFQYGM25
4046063076,A1OJ2PZFQYGM25
B09GXM979T,A1OJ2PZFQYGM25
4041091306,A1OJ2PZFQYGM25
B09853C5QD,A1OJ2PZFQYGM25
4003360842,A1OJ2PZFQYGM25
B097CB6RXN,A1OJ2PZFQYGM25
B095KXWT9R,A1OJ2PZFQYGM25
B08YJLT438,A1OJ2PZFQYGM25
B08Y5NJ1Z2,A1OJ2PZFQYGM25
B08WPX8D6X,A1OJ2PZFQYGM25
B08VNSPJ76,A1OJ2PZFQYGM25
B08JH81K6R,A1OJ2PZFQYGM25
B08FF8DXNM,A1OJ2PZFQYGM25
B08FF8298P,A1OJ2PZFQYGM25
B08FF7NB5B,A1OJ2PZFQYGM25
B08FF6WZ11,A1OJ2PZFQYGM25
B08FF6N2QN,A1OJ2PZFQYGM25
B08FDZSJ2X,A1OJ2PZFQYGM25
B08FCVZ6XK,A1OJ2PZFQYGM25
B08FCVQ4D5,A1OJ2PZFQYGM25
B08CG6L84Q,A1OJ2PZFQYGM25
B08B9VH1MN,A1OJ2PZFQYGM25
B08B8XRS4B,A1OJ2PZFQYGM25
B08B8XC6J6,A1OJ2PZFQYGM25
B08B8WVNKQ,A1OJ2PZFQYGM25
B08B8W759N,A1OJ2PZFQYGM25
B08928K2S3,A1OJ2PZFQYGM25
B08928FJ1X,A1OJ2PZFQYGM25
B088CZ4G85,A1OJ2PZFQYGM25
B0881YKSXR,A1OJ2PZFQYGM25
B085HV6WPT,A1OJ2PZFQYGM25
B083S4RRMF,A1OJ2PZFQYGM25
B081V648BF,A1OJ2PZFQYGM25
B07ZNS2HRH,A1OJ2PZFQYGM25
B07ZKF4LN9,A1OJ2PZFQYGM25
B07ZF4H8DC,A1OJ2PZFQYGM25
B07Z8J2LT3,A1OJ2PZFQYGM25
B07Z7FPJ7Q,A1OJ2PZFQYGM25
B07Z78NSRX,A1OJ2PZFQYGM25
B07Z5H7LPP,A1OJ2PZFQYGM25
B07Z2VV5Y9,A1OJ2PZFQYGM25
B07YZ8CGKG,A1OJ2PZFQYGM25
B07YTY26RQ,A1OJ2PZFQYGM25
B07XCC7CJG,A1OJ2PZFQYGM25
B07WV58DMS,A1OJ2PZFQYGM25
B07WPBD175,A1OJ2PZFQYGM25
B07W5KY4FQ,A1OJ2PZFQYGM25
B07VZF4SPY,A1OJ2PZFQYGM25
B07V8H3JDV,A1OJ2PZFQYGM25
B07V5R33NL,A1OJ2PZFQYGM25
B07T9CK37Y,A1OJ2PZFQYGM25
B07KWCM1VY,A1OJ2PZFQYGM25
B07G2LBLMP,A1OJ2PZFQYGM25
B07CCJF7Y7,A1OJ2PZFQYGM25
B01N4VNJ3I,A1OJ2PZFQYGM25
B01MXJ2QAS,A1OJ2PZFQYGM25
B01MUUP7YD,A1OJ2PZFQYGM25
B01M7ZUUZN,A1OJ2PZFQYGM25
B01LWWENQ3,A1OJ2PZFQYGM25
B01LETWMRO,A1OJ2PZFQYGM25
B01KTLRGNI,A1OJ2PZFQYGM25
B01KIVMI4Q,A1OJ2PZFQYGM25
B01HI53TPW,A1OJ2PZFQYGM25
B01DEX57F2,A1OJ2PZFQYGM25
B0150XJ8AO,A1OJ2PZFQYGM25
B014PMW36M,A1OJ2PZFQYGM25
B00ZV6YENC,A1OJ2PZFQYGM25
B00YCKFD1K,A1OJ2PZFQYGM25
B00XT06XTK,A1OJ2PZFQYGM25
B00V5H8B12,A1OJ2PZFQYGM25
B00UNNIN6M,A1OJ2PZFQYGM25
B00UNJDDA2,A1OJ2PZFQYGM25
B00UGF9ROY,A1OJ2PZFQYGM25
B00R1LNVZW,A1OJ2PZFQYGM25
B00LXK1YG0,A1OJ2PZFQYGM25
B00J6F6WPW,A1OJ2PZFQYGM25
B00IOXLDEC,A1OJ2PZFQYGM25
B00ILCGEMW,A1OJ2PZFQYGM25
B00HSE10X2,A1OJ2PZFQYGM25
B00GLL2D5C,A1OJ2PZFQYGM25
B00GG17N70,A1OJ2PZFQYGM25
B00FAVAOX2,A1OJ2PZFQYGM25
B00E35UGR0,A1OJ2PZFQYGM25
B00E00IGFC,A1OJ2PZFQYGM25
B00CRMZSAQ,A1OJ2PZFQYGM25
B00BHGMJX2,A1OJ2PZFQYGM25
B009X1X8QA,A1OJ2PZFQYGM25
B008DEXE1W,A1OJ2PZFQYGM25
B007W5798W,A1OJ2PZFQYGM25
B006K8RAE0,A1OJ2PZFQYGM25
B0051ZV56M,A1OJ2PZFQYGM25
B004UAWYOQ,A1OJ2PZFQYGM25
B004J982MQ,A1OJ2PZFQYGM25
B00474F7KI,A1OJ2PZFQYGM25
B0044UVPMY,A1OJ2PZFQYGM25
B0044UNH2K,A1OJ2PZFQYGM25
B003U3VQFM,A1OJ2PZFQYGM25
B003K2UCP8,A1OJ2PZFQYGM25
B003K2SN4U,A1OJ2PZFQYGM25
B002YDGPVY,A1OJ2PZFQYGM25
B002S76WPK,A1OJ2PZFQYGM25
B002DC38D4,A1OJ2PZFQYGM25
1664736662,A1OJ2PZFQYGM25
B0083FCGWE,A1OJ2PZFQYGM25
B08W4ZYV4L,A1OJ2PZFQYGM25
4866513403,A1OJ2PZFQYGM25
B0C1VGB8VR,A1OJ2PZFQYGM25
B08B8X7RQJ,A1OJ2PZFQYGM25
B09NM7M5Q8,A1OJ2PZFQYGM25
4833440296,A1OJ2PZFQYGM25
B0009RHAT8,A1OJ2PZFQYGM25
B089B7N87H,A1OJ2PZFQYGM25
B07YZSKS5G,A1OJ2PZFQYGM25
4591106195,A1OJ2PZFQYGM25
B07Z9M851G,A1OJ2PZFQYGM25
B08J7QWR34,A1OJ2PZFQYGM25
4578212432,A1OJ2PZFQYGM25
B07YWMM92N,A1OJ2PZFQYGM25
B001UNPL50,A1OJ2PZFQYGM25
B001TK51GI,A1OJ2PZFQYGM25
B001TALTAK,A1OJ2PZFQYGM25
B001OLQ6OS,A1OJ2PZFQYGM25
B001FM51U6,A1OJ2PZFQYGM25
B001DC9Z7S,A1OJ2PZFQYGM25
B001AH8H0C,A1OJ2PZFQYGM25
B001AH77YE,A1OJ2PZFQYGM25
B000LF0YVY,A1OJ2PZFQYGM25
B000KN6JA2,A1OJ2PZFQYGM25
B000K4YO0I,A1OJ2PZFQYGM25
B000K2AHWO,A1OJ2PZFQYGM25
B00063737Y,A1OJ2PZFQYGM25
8374580046,A1OJ2PZFQYGM25
B01A175UMY,A1OJ2PZFQYGM25
B07Y7RPG8N,A1OJ2PZFQYGM25
B00BFUG6JS,A1OJ2PZFQYGM25
B07X5S9Z44,A1OJ2PZFQYGM25
B000CKNM9Y,A1OJ2PZFQYGM25
B07WSVM2P1,A1OJ2PZFQYGM25
B0BC1LDY1Q,A1OJ2PZFQYGM25
B07WN9PR34,A1OJ2PZFQYGM25
B07RYFJ17T,A1OJ2PZFQYGM25
B07QWX2F9L,A1OJ2PZFQYGM25
B08BC5TWHM,A1OJ2PZFQYGM25
B07NCCJGFX,A1OJ2PZFQYGM25
B001E5DZH0,A1OJ2PZFQYGM25
B01J3AQ24K,A1OJ2PZFQYGM25
B002VV73T2,A1OJ2PZFQYGM25
B01I0J4RCE,A1OJ2PZFQYGM25
B094V7S7B9,A1OJ2PZFQYGM25
B00GZZ4WX0,A1OJ2PZFQYGM25
B0BKQ53C31,A1OJ2PZFQYGM25
B00565XWI6,A1OJ2PZFQYGM25
B094PVK5YS,A1OJ2PZFQYGM25
B000CQ21U4,A1OJ2PZFQYGM25
B09TBLSYXN,A1OJ2PZFQYGM25
B01HIRISYW,A1OJ2PZFQYGM25
B07D2MR58H,A1OJ2PZFQYGM25
B07YQ8T1C3,A1OJ2PZFQYGM25
B000COMYQC,A1OJ2PZFQYGM25
B08WH3VCBF,A1OJ2PZFQYGM25
B08BNJX2F7,A1OJ2PZFQYGM25
B01M6CXIB5,A1OJ2PZFQYGM25
B001IMJB86,A1OJ2PZFQYGM25
B001DCKTRI,A1OJ2PZFQYGM25
B0C6LM5VRX,A1OJ2PZFQYGM25
B0C1L22J59,A1OJ2PZFQYGM25
B0BS8J6MHW,A1OJ2PZFQYGM25
B0BPQS7SS2,A1OJ2PZFQYGM25
B0BGLMVR2S,A1OJ2PZFQYGM25
B09TGFH7FG,A1OJ2PZFQYGM25
B09JGTMSYN,A1OJ2PZFQYGM25
B09H3J49J2,A1OJ2PZFQYGM25
B09H3HT1RY,A1OJ2PZFQYGM25
B09H3DFZYM,A1OJ2PZFQYGM25
B098PTT8CR,A1OJ2PZFQYGM25
B092YXC3PS,A1OJ2PZFQYGM25
B0918JQBTQ,A1OJ2PZFQYGM25
B08XLVTRXD,A1OJ2PZFQYGM25
B08X7KHHRJ,A1OJ2PZFQYGM25
B08WJKLTB4,A1OJ2PZFQYGM25
B08RSSYKNQ,A1OJ2PZFQYGM25
B08FMBLMD1,A1OJ2PZFQYGM25
B08DQ61NT2,A1OJ2PZFQYGM25
B08BFL6HJQ,A1OJ2PZFQYGM25
B08B9RKM5L,A1OJ2PZFQYGM25
B08B8XT7JM,A1OJ2PZFQYGM25
B08B8XGNQP,A1OJ2PZFQYGM25
B08B5ZP7W7,A1OJ2PZFQYGM25
B089QZZH7X,A1OJ2PZFQYGM25
B089FR8C5K,A1OJ2PZFQYGM25
B0897T1932,A1OJ2PZFQYGM25
B0885YNVT2,A1OJ2PZFQYGM25
B0883189B2,A1OJ2PZFQYGM25
B0882RZQ3Q,A1OJ2PZFQYGM25
B087SMZBPR,A1OJ2PZFQYGM25
B087NBW9LT,A1OJ2PZFQYGM25
B087981QQM,A1OJ2PZFQYGM25
B0877962DW,A1OJ2PZFQYGM25
B0872WLD33,A1OJ2PZFQYGM25
B0871M95G8,A1OJ2PZFQYGM25
B0871D2B6Y,A1OJ2PZFQYGM25
B085K31FGP,A1OJ2PZFQYGM25
B084WW4CC3,A1OJ2PZFQYGM25
B082WS7W3B,A1OJ2PZFQYGM25
B082QR39M4,A1OJ2PZFQYGM25
B0829ZCXX8,A1OJ2PZFQYGM25
B081SFVTW2,A1OJ2PZFQYGM25
B07ZYW5GH6,A1OJ2PZFQYGM25
B07Z8H5V36,A1OJ2PZFQYGM25
B07Z77DT52,A1OJ2PZFQYGM25
B07Z4V9N2P,A1OJ2PZFQYGM25
B07Z1DD4TC,A1OJ2PZFQYGM25
B07YP8XXY9,A1OJ2PZFQYGM25
B07YBMYDR2,A1OJ2PZFQYGM25
B07Y6TRZXD,A1OJ2PZFQYGM25
B07XZM8LHM,A1OJ2PZFQYGM25
B07XJZH52L,A1OJ2PZFQYGM25
B07XH5R7LK,A1OJ2PZFQYGM25
B07X4J3RK3,A1OJ2PZFQYGM25
B07WVZ4V56,A1OJ2PZFQYGM25
B07WVVY3C3,A1OJ2PZFQYGM25
B07WV8TY6Y,A1OJ2PZFQYGM25
B07WSY164N,A1OJ2PZFQYGM25
B07WNKQ1WK,A1OJ2PZFQYGM25
B07TCR4XK3,A1OJ2PZFQYGM25
B07SVZZFYC,A1OJ2PZFQYGM25
B07RHVHGXH,A1OJ2PZFQYGM25
B07NJGDQN4,A1OJ2PZFQYGM25
B07HYB3HYH,A1OJ2PZFQYGM25
B07DGSFJ39,A1OJ2PZFQYGM25
B077ZKKB8H,A1OJ2PZFQYGM25
B06XQZ6ZPT,A1OJ2PZFQYGM25
B06XP84B61,A1OJ2PZFQYGM25
B01M8P81N2,A1OJ2PZFQYGM25
B01M6D163Q,A1OJ2PZFQYGM25
B01M4J08JN,A1OJ2PZFQYGM25
B01LY5G7JY,A1OJ2PZFQYGM25
B01L9EJH7M,A1OJ2PZFQYGM25
B01JB147UM,A1OJ2PZFQYGM25
B01J4H927G,A1OJ2PZFQYGM25
B01ICC3KMC,A1OJ2PZFQYGM25
B01IAFTUES,A1OJ2PZFQYGM25
B01HFAUYNK,A1OJ2PZFQYGM25
B01GWD5PMQ,A1OJ2PZFQYGM25
B01E611EX0,A1OJ2PZFQYGM25
B01DF08NVE,A1OJ2PZFQYGM25
B01D3V59W6,A1OJ2PZFQYGM25
B01BH4L6ZK,A1OJ2PZFQYGM25
B01AVMGWU8,A1OJ2PZFQYGM25
B01A3G55K0,A1OJ2PZFQYGM25
B019NSR868,A1OJ2PZFQYGM25
B016S0AP8C,A1OJ2PZFQYGM25
B013IVN07C,A1OJ2PZFQYGM25
B013GETHUU,A1OJ2PZFQYGM25
B010156OIA,A1OJ2PZFQYGM25
B00Z831DJG,A1OJ2PZFQYGM25
B00Y1W9U5E,A1OJ2PZFQYGM25
B00XUPUCA0,A1OJ2PZFQYGM25
B00WFFNCJ4,A1OJ2PZFQYGM25
B00R0PSFJG,A1OJ2PZFQYGM25
B00QSB94M0,A1OJ2PZFQYGM25
B00QPHWR5S,A1OJ2PZFQYGM25
B00QNR4R8U,A1OJ2PZFQYGM25
B00PXI4BTK,A1OJ2PZFQYGM25
B00O4F2UGY,A1OJ2PZFQYGM25
B00NGYTWVA,A1OJ2PZFQYGM25
B00N9T70BG,A1OJ2PZFQYGM25
B00MBBBQ9K,A1OJ2PZFQYGM25
B00LMPQZV0,A1OJ2PZFQYGM25
B00LI70GTO,A1OJ2PZFQYGM25
B00IOXEIBW,A1OJ2PZFQYGM25
B00IAZ441S,A1OJ2PZFQYGM25
B00GXVHDGY,A1OJ2PZFQYGM25
B00GFTWWJC,A1OJ2PZFQYGM25
B00DKA3D0G,A1OJ2PZFQYGM25
B00DGS1TH6,A1OJ2PZFQYGM25
B00CA5YD1K,A1OJ2PZFQYGM25
B00BVB5SYU,A1OJ2PZFQYGM25
B00B3Z72D4,A1OJ2PZFQYGM25
B00942OAP6,A1OJ2PZFQYGM25
B008DYVJYQ,A1OJ2PZFQYGM25
B008DYVJJQ,A1OJ2PZFQYGM25
B0085FHOMY,A1OJ2PZFQYGM25
B006VL3K9A,A1OJ2PZFQYGM25
B005VR758W,A1OJ2PZFQYGM25
B005KIQR2M,A1OJ2PZFQYGM25
B005JUWY8C,A1OJ2PZFQYGM25
B005G6TNBU,A1OJ2PZFQYGM25
B0050SY48G,A1OJ2PZFQYGM25
B004UU8GRK,A1OJ2PZFQYGM25
B004J9E4YQ,A1OJ2PZFQYGM25
B004CM0002,A1OJ2PZFQYGM25
B004BTMFMM,A1OJ2PZFQYGM25
B00481O9RC,A1OJ2PZFQYGM25
B0044UOSBE,A1OJ2PZFQYGM25
B003TZFI8M,A1OJ2PZFQYGM25
B003N17LRS,A1OJ2PZFQYGM25
B003M8K46C,A1OJ2PZFQYGM25
B003JN8BI8,A1OJ2PZFQYGM25
B003I4EAL0,A1OJ2PZFQYGM25
B003BGGBO4,A1OJ2PZFQYGM25
B00373M4KG,A1OJ2PZFQYGM25
B0036FLJ3S,A1OJ2PZFQYGM25
B002Z2VZMS,A1OJ2PZFQYGM25
B002YL57KQ,A1OJ2PZFQYGM25
B002VL0TOI,A1OJ2PZFQYGM25
B002MYD8ME,A1OJ2PZFQYGM25
B00279TRKQ,A1OJ2PZFQYGM25
B00230IG3I,A1OJ2PZFQYGM25
B001I4M942,A1OJ2PZFQYGM25
B001DKR9T6,A1OJ2PZFQYGM25
B001803QW0,A1OJ2PZFQYGM25
B000XD7TQ2,A1OJ2PZFQYGM25
B000WL1QR8,A1OJ2PZFQYGM25
B000RIM8WI,A1OJ2PZFQYGM25
B000OCTEZ6,A1OJ2PZFQYGM25
B000GTZZ6O,A1OJ2PZFQYGM25
B000C81L1M,A1OJ2PZFQYGM25
B000C7ZDKS,A1OJ2PZFQYGM25
B000C7Y8N6,A1OJ2PZFQYGM25
4801400205,A1OJ2PZFQYGM25
B07L4QXF84,A1OJ2PZFQYGM25
B082BJL3BX,A1OJ2PZFQYGM25
4479307133,A1OJ2PZFQYGM25
B07KKBZ1FP,A1OJ2PZFQYGM25
B081JN85WV,A1OJ2PZFQYGM25
4062663694,A1OJ2PZFQYGM25
B083QNNZY1,A1OJ2PZFQYGM25
B07ZFDWYPP,A1OJ2PZFQYGM25
B0116QY5TS,A1OJ2PZFQYGM25
B07Z53GBXW,A1OJ2PZFQYGM25
B0BXS4Q62L,A1OJ2PZFQYGM25
B07YK32SVH,A1OJ2PZFQYGM25
B099LNG7QK,A1OJ2PZFQYGM25
B07Y7XGHQ9,A1OJ2PZFQYGM25
B08XQYG23P,A1OJ2PZFQYGM25
B07Y7XFDH6,A1OJ2PZFQYGM25
B00447W242,A1OJ2PZFQYGM25
B07X8YHS1P,A1OJ2PZFQYGM25
B09958GGXF,A1OJ2PZFQYGM25
B07W11MZ2H,A1OJ2PZFQYGM25
B096Z7RDGY,A1OJ2PZFQYGM25
B07TKY7DCG,A1OJ2PZFQYGM25
B002BUDE32,A1OJ2PZFQYGM25
B07QJX313C,A1OJ2PZFQYGM25
B0BL7K2HNB,A1OJ2PZFQYGM25
B06XKG63JT,A1OJ2PZFQYGM25
B089H1GKXM,A1OJ2PZFQYGM25
B01M7V7PN4,A1OJ2PZFQYGM25
B0BJTPL744,A1OJ2PZFQYGM25
B01M0DUIJP,A1OJ2PZFQYGM25
B08LYS6JZK,A1OJ2PZFQYGM25
B0BTP521SC,A1OJ2PZFQYGM25
B09GXNQ67H,A1OJ2PZFQYGM25
B09B7K72X7,A1OJ2PZFQYGM25
B09B2GK19G,A1OJ2PZFQYGM25
B099KT9924,A1OJ2PZFQYGM25
B098B734RN,A1OJ2PZFQYGM25
B0983DNNYW,A1OJ2PZFQYGM25
B0983BCKTF,A1OJ2PZFQYGM25
B097792YZ3,A1OJ2PZFQYGM25
B096WZ1PYY,A1OJ2PZFQYGM25
B0942184QP,A1OJ2PZFQYGM25
B091YF2LPH,A1OJ2PZFQYGM25
B091XXG121,A1OJ2PZFQYGM25
B0915RKKVC,A1OJ2PZFQYGM25
B091511LSC,A1OJ2PZFQYGM25
B08W4Y7JTJ,A1OJ2PZFQYGM25
B01KYC7FJM,A1OJ2PZFQYGM25
B089VKP3KG,A1OJ2PZFQYGM25
B01DTAZVVA,A1OJ2PZFQYGM25
B084GFT5N8,A1OJ2PZFQYGM25
B01C9SPH5S,A1OJ2PZFQYGM25
B081SRR8M1,A1OJ2PZFQYGM25
B01591SQG4,A1OJ2PZFQYGM25
B07ZHJRHQ6,A1OJ2PZFQYGM25
B00K2G95N0,A1OJ2PZFQYGM25
B009NYIC6I,A1OJ2PZFQYGM25
B006CH0A0K,A1OJ2PZFQYGM25
B0006TU92E,A1OJ2PZFQYGM25
B0025D6EIC,A1OJ2PZFQYGM25
B0C4TTS9HC,A1OJ2PZFQYGM25
B0C24271X7,A1OJ2PZFQYGM25
B0BYPDHWDH,A1OJ2PZFQYGM25
B08RRPPF7F,A1OJ2PZFQYGM25
B08CNKXM39,A1OJ2PZFQYGM25
B08BS5WYHG,A1OJ2PZFQYGM25
B08B3L4ZKW,A1OJ2PZFQYGM25
B089YJXYCB,A1OJ2PZFQYGM25
B088ZW89SZ,A1OJ2PZFQYGM25
B088NML277,A1OJ2PZFQYGM25
B087ZGNQ4M,A1OJ2PZFQYGM25
B087SSJSWY,A1OJ2PZFQYGM25
B084C3MSMD,A1OJ2PZFQYGM25
B083TDZ6SM,A1OJ2PZFQYGM25
B083R5P3BF,A1OJ2PZFQYGM25
B082RGDY2F,A1OJ2PZFQYGM25
B07ZVYCV7Z,A1OJ2PZFQYGM25
B07ZR5NR86,A1OJ2PZFQYGM25
B07ZHR978L,A1OJ2PZFQYGM25
B07ZCKGHHY,A1OJ2PZFQYGM25
B07Z8Q24BS,A1OJ2PZFQYGM25
B07YD6Y46K,A1OJ2PZFQYGM25
B07Y5MGJ8R,A1OJ2PZFQYGM25
B07XP6FH2N,A1OJ2PZFQYGM25
B07XL45HNH,A1OJ2PZFQYGM25
B07XFPR7XL,A1OJ2PZFQYGM25
B07XFGSTGG,A1OJ2PZFQYGM25
B07XDCSPL4,A1OJ2PZFQYGM25
B07X5T8GNV,A1OJ2PZFQYGM25
B07X51TR5D,A1OJ2PZFQYGM25
B07X4ZL4CP,A1OJ2PZFQYGM25
B07X4Z58JP,A1OJ2PZFQYGM25
B07X39S3SJ,A1OJ2PZFQYGM25
B07X1V42BJ,A1OJ2PZFQYGM25
B07WTV8TZF,A1OJ2PZFQYGM25
B07WTRWG8X,A1OJ2PZFQYGM25
B07WGRD8NK,A1OJ2PZFQYGM25
B07WGP9NQQ,A1OJ2PZFQYGM25
B07W8Q7LJQ,A1OJ2PZFQYGM25
B07W6JJR6D,A1OJ2PZFQYGM25
B07W5JGSJZ,A1OJ2PZFQYGM25
B07VXTX49Y,A1OJ2PZFQYGM25
B07VWV1KG9,A1OJ2PZFQYGM25
B07TY2FPDM,A1OJ2PZFQYGM25
B07TWYJ1L4,A1OJ2PZFQYGM25
B07TWYGMQS,A1OJ2PZFQYGM25
B07TLJRN93,A1OJ2PZFQYGM25
B07TF7DGXX,A1OJ2PZFQYGM25
B07T7NWNNV,A1OJ2PZFQYGM25
B07RGLWHMP,A1OJ2PZFQYGM25
B07QHT4THJ,A1OJ2PZFQYGM25
B07NJCK5YD,A1OJ2PZFQYGM25
B07KJMG95Q,A1OJ2PZFQYGM25
B07JPH87M4,A1OJ2PZFQYGM25
B07FTMPZ2Z,A1OJ2PZFQYGM25
B07BB4Y6VQ,A1OJ2PZFQYGM25
B079Q2ZPT6,A1OJ2PZFQYGM25
B077HZ5JKH,A1OJ2PZFQYGM25
B0779LN3VK,A1OJ2PZFQYGM25
B076FJGQHY,A1OJ2PZFQYGM25
B073P1TPHC,A1OJ2PZFQYGM25
B01MTZD3I4,A1OJ2PZFQYGM25
B01MSLITI1,A1OJ2PZFQYGM25
B01M8QC8JX,A1OJ2PZFQYGM25
B01LWKZUEW,A1OJ2PZFQYGM25
B01L6R6VAI,A1OJ2PZFQYGM25
B01KQ2XWTW,A1OJ2PZFQYGM25
B01JB1OUCM,A1OJ2PZFQYGM25
B01JB1OT5A,A1OJ2PZFQYGM25
B01JB1M4JI,A1OJ2PZFQYGM25
B01IMK57RK,A1OJ2PZFQYGM25
B01I1NVS8A,A1OJ2PZFQYGM25
B01H3MKL3I,A1OJ2PZFQYGM25
B01CSDI0DK,A1OJ2PZFQYGM25
B01AZU2PYS,A1OJ2PZFQYGM25
B01AYY0WWM,A1OJ2PZFQYGM25
B017A993WE,A1OJ2PZFQYGM25
B016TQLGGA,A1OJ2PZFQYGM25
B013J8C1V0,A1OJ2PZFQYGM25
B012DH3X1K,A1OJ2PZFQYGM25
B0128Q0CM4,A1OJ2PZFQYGM25
B010FSD25G,A1OJ2PZFQYGM25
B00Y2F10FS,A1OJ2PZFQYGM25
B00XUQ2I2O,A1OJ2PZFQYGM25
B00U4YQWZE,A1OJ2PZFQYGM25
B00TH5JAQY,A1OJ2PZFQYGM25
B00S3EUTWO,A1OJ2PZFQYGM25
B00R0N749A,A1OJ2PZFQYGM25
B00QXDVIG8,A1OJ2PZFQYGM25
B00QSX936K,A1OJ2PZFQYGM25
B00IOXL5FE,A1OJ2PZFQYGM25
B00H144Q6M,A1OJ2PZFQYGM25
B00GRT6WBE,A1OJ2PZFQYGM25
B00GP9V3QA,A1OJ2PZFQYGM25
B00ECV3TXS,A1OJ2PZFQYGM25
B00DYA7TXY,A1OJ2PZFQYGM25
B00DFJXCIK,A1OJ2PZFQYGM25
B00BI3NE9M,A1OJ2PZFQYGM25
B009Z27FW0,A1OJ2PZFQYGM25
B008O1E062,A1OJ2PZFQYGM25
B008DYVHX4,A1OJ2PZFQYGM25
B008CNO9IG,A1OJ2PZFQYGM25
B0082FHO2C,A1OJ2PZFQYGM25
B005OY7MB2,A1OJ2PZFQYGM25
B004J9GZZC,A1OJ2PZFQYGM25
B004HH3TDC,A1OJ2PZFQYGM25
B004GW9EYQ,A1OJ2PZFQYGM25
B004A2I5DS,A1OJ2PZFQYGM25
B004A246NG,A1OJ2PZFQYGM25
B003VBM8O6,A1OJ2PZFQYGM25
B003TTPGMG,A1OJ2PZFQYGM25
B003J3P7AS,A1OJ2PZFQYGM25
B002YGRJXY,A1OJ2PZFQYGM25
B002Y376B2,A1OJ2PZFQYGM25
B002SRJMYI,A1OJ2PZFQYGM25
B001VGFXZ4,A1OJ2PZFQYGM25
B001Q1A1C4,A1OJ2PZFQYGM25
B001KO8ASE,A1OJ2PZFQYGM25
B0018SXDWK,A1OJ2PZFQYGM25
B000KL0ZPO,A1OJ2PZFQYGM25
B000ITPGJI,A1OJ2PZFQYGM25
B000I890QO,A1OJ2PZFQYGM25
B000EQA46U,A1OJ2PZFQYGM25
B000E5DJLS,A1OJ2PZFQYGM25
B000C81L8U,A1OJ2PZFQYGM25
B000C7ZVIM,A1OJ2PZFQYGM25
B000C7Y764,A1OJ2PZFQYGM25
B000BVPVD4,A1OJ2PZFQYGM25
B0003NWKDY,A1OJ2PZFQYGM25
B0002JMFIY,A1OJ2PZFQYGM25
B0002H0SVM,A1OJ2PZFQYGM25
B00OL4AKP6,A1OJ2PZFQYGM25
9811235481,A1OJ2PZFQYGM25
B07WZVM789,A1OJ2PZFQYGM25
B07ZCCTND8,A1OJ2PZFQYGM25
8129301466,A1OJ2PZFQYGM25
B07W5JHKS6,A1OJ2PZFQYGM25
B0C3GSN391,A1OJ2PZFQYGM25
4866513756,A1OJ2PZFQYGM25
B07WPG6T36,A1OJ2PZFQYGM25
B0948WPH58,A1OJ2PZFQYGM25
4866512423,A1OJ2PZFQYGM25
B08FC2PZPZ,A1OJ2PZFQYGM25
B08B48BLZQ,A1OJ2PZFQYGM25
4863923767,A1OJ2PZFQYGM25
B0775QFGWH,A1OJ2PZFQYGM25
B085SYV361,A1OJ2PZFQYGM25
B07YPF6QV5,A1OJ2PZFQYGM25
B0C2T58MNJ,A1OJ2PZFQYGM25
B095K18KMZ,A1OJ2PZFQYGM25
B01DRPRZLG,A1OJ2PZFQYGM25
B00U90770C,A1OJ2PZFQYGM25
B089MCG7MC,A1OJ2PZFQYGM25
B001E77XOO,A1OJ2PZFQYGM25
B099N7RK9X,A1OJ2PZFQYGM25
B0B9WCJQ34,A1OJ2PZFQYGM25
B004GIG1VO,A1OJ2PZFQYGM25
6130148968,A1OJ2PZFQYGM25
B002YLPOLS,A1OJ2PZFQYGM25
B0007YQRZ6,A1OJ2PZFQYGM25
B08B3FK9Z5,A1OJ2PZFQYGM25
B002TS21I0,A1OJ2PZFQYGM25
B002BAX4J6,A1OJ2PZFQYGM25
B0B57LX747,A1OJ2PZFQYGM25
B07VDB6XD9,A1OJ2PZFQYGM25
4413097777,A1OJ2PZFQYGM25
B003C01EJQ,A1OJ2PZFQYGM25
B07RLZC77S,A1OJ2PZFQYGM25
425956708X,A1OJ2PZFQYGM25
B09S9SW2VJ,A1OJ2PZFQYGM25
B06XWR2SRG,A1OJ2PZFQYGM25
B097JLQDQM,A1OJ2PZFQYGM25
B01L2JMWV2,A1OJ2PZFQYGM25
B098WWBN4Z,A1OJ2PZFQYGM25
B01AX8CBP0,A1OJ2PZFQYGM25
B0BFTPB5C9,A1OJ2PZFQYGM25
B00CFSIO8U,A1OJ2PZFQYGM25
B002K8DREG,A1OJ2PZFQYGM25
B08ZXQ2FPR,A1OJ2PZFQYGM25
B084C22D4M,A1OJ2PZFQYGM25
B01JQ0CWF0,A1OJ2PZFQYGM25
B01IAFTUDY,A1OJ2PZFQYGM25
B01EVY674I,A1OJ2PZFQYGM25
B0BYRDXYDM,A1OJ2PZFQYGM25
B0BWSLQW6M,A1OJ2PZFQYGM25
B0BVTHNGLL,A1OJ2PZFQYGM25
B0BVMVVYMV,A1OJ2PZFQYGM25
B0BKT17XRZ,A1OJ2PZFQYGM25
B0BD45FZ8Z,A1OJ2PZFQYGM25
B0B3R729RH,A1OJ2PZFQYGM25
B09H3JP295,A1OJ2PZFQYGM25
B09FLLW7QZ,A1OJ2PZFQYGM25
B099KHVZWV,A1OJ2PZFQYGM25
B098KCZNH6,A1OJ2PZFQYGM25
B09821YWTY,A1OJ2PZFQYGM25
B08SMKWZKG,A1OJ2PZFQYGM25
B08QTW5MKH,A1OJ2PZFQYGM25
B08B8W9TQ4,A1OJ2PZFQYGM25
B089235TL3,A1OJ2PZFQYGM25
B0887JYTKQ,A1OJ2PZFQYGM25
B08832YV87,A1OJ2PZFQYGM25
B087QRK355,A1OJ2PZFQYGM25
B083FFWM8X,A1OJ2PZFQYGM25
B082B579YN,A1OJ2PZFQYGM25
B07ZTMVNQS,A1OJ2PZFQYGM25
B07Z4BB3KB,A1OJ2PZFQYGM25
B07Y36VLQB,A1OJ2PZFQYGM25
B07WTPF4M4,A1OJ2PZFQYGM25
B07TY2LR74,A1OJ2PZFQYGM25
B07TXBZTNG,A1OJ2PZFQYGM25
B07TWC6F81,A1OJ2PZFQYGM25
B09813B5YJ,A1OJ2PZFQYGM25
B094Y3S3TN,A1OJ2PZFQYGM25
B094R19B7V,A1OJ2PZFQYGM25
B093QBX483,A1OJ2PZFQYGM25
B093QB3798,A1OJ2PZFQYGM25
B093Q8WDHS,A1OJ2PZFQYGM25
B093Q89513,A1OJ2PZFQYGM25
B092ZYZXD9,A1OJ2PZFQYGM25
B08ZYDPPJP,A1OJ2PZFQYGM25
B08ZY77RLM,A1OJ2PZFQYGM25
B08Y6586SW,A1OJ2PZFQYGM25
B08Y5L5GD4,A1OJ2PZFQYGM25
B08Y5KXQXS,A1OJ2PZFQYGM25
B08Y5K7FRS,A1OJ2PZFQYGM25
B08Y5JF7F1,A1OJ2PZFQYGM25
B08V95XC3R,A1OJ2PZFQYGM25
B0052WQYHO,A1OJ2PZFQYGM25
B004D29098,A1OJ2PZFQYGM25
B0049GH58Q,A1OJ2PZFQYGM25
B004506KUU,A1OJ2PZFQYGM25
B003SK94JM,A1OJ2PZFQYGM25
B003N17EX4,A1OJ2PZFQYGM25
B003GB34SU,A1OJ2PZFQYGM25
B003FMBN8I,A1OJ2PZFQYGM25
B003DQ7YUW,A1OJ2PZFQYGM25
B002O7BGR8,A1OJ2PZFQYGM25
B002LTR1PU,A1OJ2PZFQYGM25
B002A5VJ1C,A1OJ2PZFQYGM25
B00208VPYU,A1OJ2PZFQYGM25
B001YVBJQ8,A1OJ2PZFQYGM25
B001IWFKFE,A1OJ2PZFQYGM25
B001F8B7N0,A1OJ2PZFQYGM25
B01IAFTZE8,A1OJ2PZFQYGM25
B01IAFTXCC,A1OJ2PZFQYGM25
B01IAFTX72,A1OJ2PZFQYGM25
B01HL55ALK,A1OJ2PZFQYGM25
B01BXG04AK,A1OJ2PZFQYGM25
B01A4Q98ZM,A1OJ2PZFQYGM25
B016NHIL68,A1OJ2PZFQYGM25
B014RRJ8R2,A1OJ2PZFQYGM25
B012EF7LAU,A1OJ2PZFQYGM25
B00YO8SFF6,A1OJ2PZFQYGM25
B00UY0QYD8,A1OJ2PZFQYGM25
B00UNJ3Z0K,A1OJ2PZFQYGM25
B00SVTC69A,A1OJ2PZFQYGM25
B00R57UZD8,A1OJ2PZFQYGM25
B00QZJQ6FI,A1OJ2PZFQYGM25
B00QZC4NXW,A1OJ2PZFQYGM25
B07R2SQJZR,A1OJ2PZFQYGM25
B07QMWGY9R,A1OJ2PZFQYGM25
B07QHSWFQK,A1OJ2PZFQYGM25
B07PXJLMLJ,A1OJ2PZFQYGM25
B07NWTDDTG,A1OJ2PZFQYGM25
B07NSMKZ8R,A1OJ2PZFQYGM25
B07NJZN2LS,A1OJ2PZFQYGM25
B07HKCXW1J,A1OJ2PZFQYGM25
B0777PH1Z5,A1OJ2PZFQYGM25
B01MDONCXB,A1OJ2PZFQYGM25
B01LYI87G4,A1OJ2PZFQYGM25
B01L5EG99U,A1OJ2PZFQYGM25
B01KQOGKGC,A1OJ2PZFQYGM25
B01IT2CMM4,A1OJ2PZFQYGM25
B01IT2BD06,A1OJ2PZFQYGM25
B01IE2MD8W,A1OJ2PZFQYGM25
B00QVYOY7Y,A1OJ2PZFQYGM25
B00QVXSB8S,A1OJ2PZFQYGM25
B00QTLVPIA,A1OJ2PZFQYGM25
B00QSXTDHO,A1OJ2PZFQYGM25
B00QSSOJSC,A1OJ2PZFQYGM25
B00OQRTW8O,A1OJ2PZFQYGM25
B00NGYN7S4,A1OJ2PZFQYGM25
B00LY8XMJI,A1OJ2PZFQYGM25
B00LXNYN9C,A1OJ2PZFQYGM25
B00K6EGG2Q,A1OJ2PZFQYGM25
B00BT573AK,A1OJ2PZFQYGM25
B00AM0Z2GK,A1OJ2PZFQYGM25
B008PFE29W,A1OJ2PZFQYGM25
B008DI98AE,A1OJ2PZFQYGM25
B006K8TD3G,A1OJ2PZFQYGM25
B005MXBZU4,A1OJ2PZFQYGM25
B0BKRJGSFK,A1OJ2PZFQYGM25
B07XQ6M5F8,A1OJ2PZFQYGM25
B000LJT80S,A1OJ2PZFQYGM25
B07W8332DK,A1OJ2PZFQYGM25
9812295488,A1OJ2PZFQYGM25
B07TDMT8MV,A1OJ2PZFQYGM25
B0BY8V2VMS,A1OJ2PZFQYGM25
B000068VZQ,A1OJ2PZFQYGM25
4866511656,A1OJ2PZFQYGM25
B0BKQ7PK4D,A1OJ2PZFQYGM25
B01LWNFEGX,A1OJ2PZFQYGM25
B000008I6B,A1OJ2PZFQYGM25
B0007T25ZC,A1OJ2PZFQYGM25
4838731299,A1OJ2PZFQYGM25
B00CW94INM,A1OJ2PZFQYGM25
B091TS12JQ,A1OJ2PZFQYGM25
B001ASKXDU,A1OJ2PZFQYGM25
B0017PC84S,A1OJ2PZFQYGM25
B0012Q0YP2,A1OJ2PZFQYGM25
B000C7Y7HI,A1OJ2PZFQYGM25
B000C7WXOC,A1OJ2PZFQYGM25
B0006O8O26,A1OJ2PZFQYGM25
B0002KL3PY,A1OJ2PZFQYGM25
1087507456,A1OJ2PZFQYGM25
B00000183T,A1OJ2PZFQYGM25
4815604576,A1OJ2PZFQYGM25
B091YDBK1S,A1OJ2PZFQYGM25
B0BV9D4N23,A1OJ2PZFQYGM25
4789547523,A1OJ2PZFQYGM25
B0069D9P76,A1OJ2PZFQYGM25
B016KKDUNW,A1OJ2PZFQYGM25
4635823881,A1OJ2PZFQYGM25
B084HP1S82,A1OJ2PZFQYGM25
4491047340,A1OJ2PZFQYGM25
B079QQ9G5H,A1OJ2PZFQYGM25
4334754198,A1OJ2PZFQYGM25
B00PKHHKKQ,A1OJ2PZFQYGM25
4163915605,A1OJ2PZFQYGM25
B097H2GPJ1,A1OJ2PZFQYGM25
4074460785,A1OJ2PZFQYGM25
4866513314,A1OJ2PZFQYGM25
B00004W3KX,A1OJ2PZFQYGM25
B08B3CMB8B,A1OJ2PZFQYGM25
B07RBGJTBF,A1OJ2PZFQYGM25
B002TJXUMU,A1OJ2PZFQYGM25
4847090624,A1OJ2PZFQYGM25
B000000NMR,A1OJ2PZFQYGM25
B0988343TQ,A1OJ2PZFQYGM25
B0856Z72H9,A1OJ2PZFQYGM25
4839965854,A1OJ2PZFQYGM25
B0C5XCJ9N9,A1OJ2PZFQYGM25
B07ZFGZQFH,A1OJ2PZFQYGM25
4798062774,A1OJ2PZFQYGM25
B09NVP9XTK,A1OJ2PZFQYGM25
B07YJMNYCD,A1OJ2PZFQYGM25
4484032058,A1OJ2PZFQYGM25
B087T6MM3P,A1OJ2PZFQYGM25
4072955671,A1OJ2PZFQYGM25
B002KR2PO0,A1OJ2PZFQYGM25
4003363841,A1OJ2PZFQYGM25
B00F5VWRH8,A1OJ2PZFQYGM25
B089D679WP,A1OJ2PZFQYGM25
B07L5D5BFT,A1OJ2PZFQYGM25
B007B9YQ12,A1OJ2PZFQYGM25
B0000WR57Y,A1OJ2PZFQYGM25
B0BWM9K4F6,A1OJ2PZFQYGM25
B004KQH9UE,A1OJ2PZFQYGM25
B012E83L2Y,A1OJ2PZFQYGM25
B01D0ORRPI,A1OJ2PZFQYGM25
B00T63RTUG,A1OJ2PZFQYGM25
B0BMKSC4GV,A1OJ2PZFQYGM25
B084HLVXGK,A1OJ2PZFQYGM25
B08M16NT87,A1OJ2PZFQYGM25
B08GF4T1L7,A1OJ2PZFQYGM25
B08FF1QP1F,A1OJ2PZFQYGM25
B08BLLK1M9,A1OJ2PZFQYGM25
B08B8WP88M,A1OJ2PZFQYGM25
B08B12NL1H,A1OJ2PZFQYGM25
B0895RS6TC,A1OJ2PZFQYGM25
B087Z39KCJ,A1OJ2PZFQYGM25
B084WD7NH7,A1OJ2PZFQYGM25
B084JFVX6W,A1OJ2PZFQYGM25
B084FV7S68,A1OJ2PZFQYGM25
B084B63Y3S,A1OJ2PZFQYGM25
B082T1R23Z,A1OJ2PZFQYGM25
B082GQCWJQ,A1OJ2PZFQYGM25
B082D23JGG,A1OJ2PZFQYGM25
B07ZS5VHR4,A1OJ2PZFQYGM25
B07ZGF3F81,A1OJ2PZFQYGM25
B07YNYNHHF,A1OJ2PZFQYGM25
B07YLCTF1W,A1OJ2PZFQYGM25
B07Y2G2TX9,A1OJ2PZFQYGM25
B07XPQXYZM,A1OJ2PZFQYGM25
B07WSZP9B8,A1OJ2PZFQYGM25
B07WPTM9BV,A1OJ2PZFQYGM25
B07W3QK3N5,A1OJ2PZFQYGM25
B07VZNXSPK,A1OJ2PZFQYGM25
B07VSCFF1S,A1OJ2PZFQYGM25
B07TJCTC32,A1OJ2PZFQYGM25
B07T6JX374,A1OJ2PZFQYGM25
B07R1H7BDY,A1OJ2PZFQYGM25
B07QPM5B3N,A1OJ2PZFQYGM25
B07NTV24FN,A1OJ2PZFQYGM25
B07NJBLCJM,A1OJ2PZFQYGM25
B01EVQAXN2,A1OJ2PZFQYGM25
B001UKQQ8E,A1OJ2PZFQYGM25
B099RV7MQQ,A1OJ2PZFQYGM25
B08BC4W87P,A1OJ2PZFQYGM25
B086XFXZHX,A1OJ2PZFQYGM25
B084GWHZR1,A1OJ2PZFQYGM25
B07YXW39S2,A1OJ2PZFQYGM25
B07Y54LH4H,A1OJ2PZFQYGM25
B07Y1VL1KJ,A1OJ2PZFQYGM25
B07FPR1Z6T,A1OJ2PZFQYGM25
B01IBJM4FU,A1OJ2PZFQYGM25
B0116871KQ,A1OJ2PZFQYGM25
B00KRO8WM2,A1OJ2PZFQYGM25
B00JQKIDRM,A1OJ2PZFQYGM25
B0049W6O5U,A1OJ2PZFQYGM25
B00230DUES,A1OJ2PZFQYGM25
B001P4DMDC,A1OJ2PZFQYGM25
B0C7TXB5HD,A1OJ2PZFQYGM25
B0C1Q9RK93,A1OJ2PZFQYGM25
B0C1FVMR7T,A1OJ2PZFQYGM25
B0B9YRF1RP,A1OJ2PZFQYGM25
B09WMZNM5H,A1OJ2PZFQYGM25
B09HZRNMG4,A1OJ2PZFQYGM25
B09HR4H94W,A1OJ2PZFQYGM25
B09H3JSLLZ,A1OJ2PZFQYGM25
B094NFL4VL,A1OJ2PZFQYGM25
B093WKB317,A1OJ2PZFQYGM25
B0934LDPM7,A1OJ2PZFQYGM25
B08ZC497RD,A1OJ2PZFQYGM25
B08XHMSF74,A1OJ2PZFQYGM25
B08VZX7VSK,A1OJ2PZFQYGM25
B08PCGFH6D,A1OJ2PZFQYGM25
B01HIZIMHW,A1OJ2PZFQYGM25
B01HFB20EU,A1OJ2PZFQYGM25
B01H00FTJ4,A1OJ2PZFQYGM25
B01FV1LDN0,A1OJ2PZFQYGM25
B01DU21EFO,A1OJ2PZFQYGM25
B01DTDT4R4,A1OJ2PZFQYGM25
B01D1KSUZ2,A1OJ2PZFQYGM25
B018A0V67C,A1OJ2PZFQYGM25
B016YVKFAI,A1OJ2PZFQYGM25
B013UE5E94,A1OJ2PZFQYGM25
B012HABSU6,A1OJ2PZFQYGM25
B00YZ51FO6,A1OJ2PZFQYGM25
B00XOSYEZM,A1OJ2PZFQYGM25
B00TB3BH4A,A1OJ2PZFQYGM25
B00RNHCEMK,A1OJ2PZFQYGM25
B00R08KLTA,A1OJ2PZFQYGM25
B07MTMQ3CC,A1OJ2PZFQYGM25
B07LDY3XW9,A1OJ2PZFQYGM25
B07JHY5WX7,A1OJ2PZFQYGM25
B07HHM1HVW,A1OJ2PZFQYGM25
B07FXDVQNM,A1OJ2PZFQYGM25
B07D3FHL4T,A1OJ2PZFQYGM25
B07C79HWCY,A1OJ2PZFQYGM25
B07BPGF6NF,A1OJ2PZFQYGM25
B076ZQRM9S,A1OJ2PZFQYGM25
B01M19KZI7,A1OJ2PZFQYGM25
B01LYH6Z9B,A1OJ2PZFQYGM25
B01KHLLMP8,A1OJ2PZFQYGM25
B01KHL21NK,A1OJ2PZFQYGM25
B01KCFMPDM,A1OJ2PZFQYGM25
B01HUHFWXU,A1OJ2PZFQYGM25
B01HL55TES,A1OJ2PZFQYGM25
B00R08CJ9U,A1OJ2PZFQYGM25
B00QXHGD1Y,A1OJ2PZFQYGM25
B00QWC1JIM,A1OJ2PZFQYGM25
B00QTXSKIQ,A1OJ2PZFQYGM25
B00QTVLECC,A1OJ2PZFQYGM25
B00O1LT06E,A1OJ2PZFQYGM25
B00L1F602A,A1OJ2PZFQYGM25
B00KSLLOAG,A1OJ2PZFQYGM25
B00K4DREZ2,A1OJ2PZFQYGM25
B00IOXGHJS,A1OJ2PZFQYGM25
B00IA2ID5Y,A1OJ2PZFQYGM25
B00H4H9TP4,A1OJ2PZFQYGM25
B00GOKY2AO,A1OJ2PZFQYGM25
B00GDF82W4,A1OJ2PZFQYGM25
B00EYPVFG0,A1OJ2PZFQYGM25
B00E3CB09G,A1OJ2PZFQYGM25
B00DWIJ95O,A1OJ2PZFQYGM25
B00DDKHR8C,A1OJ2PZFQYGM25
B00CHCBJ8G,A1OJ2PZFQYGM25
B00BT3968O,A1OJ2PZFQYGM25
B00BOMJL6M,A1OJ2PZFQYGM25
B00BHZKAO8,A1OJ2PZFQYGM25
B00B3TICKM,A1OJ2PZFQYGM25
B00AAHVKDO,A1OJ2PZFQYGM25
B00A1BRM7C,A1OJ2PZFQYGM25
B009LRJO8M,A1OJ2PZFQYGM25
B009IKFSN2,A1OJ2PZFQYGM25
B0095XOSRO,A1OJ2PZFQYGM25
B008XCVZ74,A1OJ2PZFQYGM25
B008G4ACZK,A1OJ2PZFQYGM25
B0080CIOC6,A1OJ2PZFQYGM25
B007FSJK1A,A1OJ2PZFQYGM25
B00666AIN6,A1OJ2PZFQYGM25
B005FY6JGU,A1OJ2PZFQYGM25
B0053GIKCQ,A1OJ2PZFQYGM25
B0051XSHMY,A1OJ2PZFQYGM25
B004Y0YCL0,A1OJ2PZFQYGM25
B004ICJSW2,A1OJ2PZFQYGM25
B004HF9U6Y,A1OJ2PZFQYGM25
B004GEHLV2,A1OJ2PZFQYGM25
B004BTJ38G,A1OJ2PZFQYGM25
B004185GI8,A1OJ2PZFQYGM25
B003Z9PH74,A1OJ2PZFQYGM25
B003KXCL9M,A1OJ2PZFQYGM25
B0037URRJC,A1OJ2PZFQYGM25
B0037UKR0S,A1OJ2PZFQYGM25
B0032FQUHM,A1OJ2PZFQYGM25
B0030D76PQ,A1OJ2PZFQYGM25
B002YDGQGI,A1OJ2PZFQYGM25
B002PAC4WU,A1OJ2PZFQYGM25
B002O4PHUI,A1OJ2PZFQYGM25
B0029ZMPX4,A1OJ2PZFQYGM25
B001V9CQJW,A1OJ2PZFQYGM25
B001OPJGW8,A1OJ2PZFQYGM25
B00126P0QU,A1OJ2PZFQYGM25
B000K2ADHI,A1OJ2PZFQYGM25
B000K2ADGE,A1OJ2PZFQYGM25
B000GTZMWQ,A1OJ2PZFQYGM25
B000GTZMQW,A1OJ2PZFQYGM25
B000COMYK8,A1OJ2PZFQYGM25
B000C81Q2G,A1OJ2PZFQYGM25
B0002IL1MG,A1OJ2PZFQYGM25
4758016054,A1OJ2PZFQYGM25
B07XYD3LHJ,A1OJ2PZFQYGM25
B07WGWP6S1,A1OJ2PZFQYGM25
B003X8CWB6,A1OJ2PZFQYGM25
4074435713,A1OJ2PZFQYGM25
B08QHKGYLP,A1OJ2PZFQYGM25
B07VY5YGVX,A1OJ2PZFQYGM25
4044006059,A1OJ2PZFQYGM25
B00Z0DRIM0,A1OJ2PZFQYGM25
B00000EBXL,A1OJ2PZFQYGM25
B07TYSMS7D,A1OJ2PZFQYGM25
4022618450,A1OJ2PZFQYGM25
B076Z5VXFB,A1OJ2PZFQYGM25
B000009RCW,A1OJ2PZFQYGM25
B07S3SDTV5,A1OJ2PZFQYGM25
B0042UEATQ,A1OJ2PZFQYGM25
B07RGKXLM3,A1OJ2PZFQYGM25
B0855HLGBL,A1OJ2PZFQYGM25
B07RGCTTZC,A1OJ2PZFQYGM25
B08XNML2LR,A1OJ2PZFQYGM25
B089B2BF35,A1OJ2PZFQYGM25
B07D7HSY4F,A1OJ2PZFQYGM25
B004H1METI,A1OJ2PZFQYGM25
B000K2CCG8,A1OJ2PZFQYGM25
B0000AX3LV,A1OJ2PZFQYGM25
B09DCDFW1H,A1OJ2PZFQYGM25
B07Z7G5LBN,A1OJ2PZFQYGM25
B0BZRK84PN,A1OJ2PZFQYGM25
B099F8WQP2,A1OJ2PZFQYGM25
B08X7CS49P,A1OJ2PZFQYGM25
B08F53XJPX,A1OJ2PZFQYGM25
B081JGX7DQ,A1OJ2PZFQYGM25
B08VWCRRXH,A1OJ2PZFQYGM25
B08V93NYRJ,A1OJ2PZFQYGM25
B08R5F64HD,A1OJ2PZFQYGM25
B08QV6CHBW,A1OJ2PZFQYGM25
B08PSD5M1P,A1OJ2PZFQYGM25
B08HPFY67R,A1OJ2PZFQYGM25
B08B9GM25M,A1OJ2PZFQYGM25
B08B8ZHTNT,A1OJ2PZFQYGM25
B08B8XWCN5,A1OJ2PZFQYGM25
B0892QL2LS,A1OJ2PZFQYGM25
B0885PBY46,A1OJ2PZFQYGM25
B087XBCTQW,A1OJ2PZFQYGM25
B087PJZ79J,A1OJ2PZFQYGM25
B084WR4YRR,A1OJ2PZFQYGM25
B07ZFM1Q3Y,A1OJ2PZFQYGM25
B07Z9Q57TN,A1OJ2PZFQYGM25
B07TJPJS6Z,A1OJ2PZFQYGM25
B0BZ5R9H1V,A1OJ2PZFQYGM25
B0BXL9YTCH,A1OJ2PZFQYGM25
B0BXC7J2R3,A1OJ2PZFQYGM25
B0B8DR8W9T,A1OJ2PZFQYGM25
B09K9V4YR1,A1OJ2PZFQYGM25
B09H3K18X1,A1OJ2PZFQYGM25
B099WCQKNX,A1OJ2PZFQYGM25
B099W7L9M9,A1OJ2PZFQYGM25
B099DFMC5L,A1OJ2PZFQYGM25
B098R2HD8S,A1OJ2PZFQYGM25
B098P9924D,A1OJ2PZFQYGM25
B097CN6CPQ,A1OJ2PZFQYGM25
B091BQQGY6,A1OJ2PZFQYGM25
B08ZHQYJ3H,A1OJ2PZFQYGM25
B08WWVHWC1,A1OJ2PZFQYGM25
B07Z9Q178M,A1OJ2PZFQYGM25
B07Z9PGYNQ,A1OJ2PZFQYGM25
B07Z9PF7NM,A1OJ2PZFQYGM25
B07Z9P9TBY,A1OJ2PZFQYGM25
B07Z9P5379,A1OJ2PZFQYGM25
B07Z9P3F89,A1OJ2PZFQYGM25
B07Z9P2QRW,A1OJ2PZFQYGM25
B07Z9NZ6TX,A1OJ2PZFQYGM25
B07Z9NXWSR,A1OJ2PZFQYGM25
B07Z9NWHDL,A1OJ2PZFQYGM25
B07Z9NCJZB,A1OJ2PZFQYGM25
B07Z9NCDCL,A1OJ2PZFQYGM25
B07Z9LHNG2,A1OJ2PZFQYGM25
B07Z9L56NY,A1OJ2PZFQYGM25
B07Z9KY4JR,A1OJ2PZFQYGM25
B07Z7D7XD4,A1OJ2PZFQYGM25
B07TLFQJSV,A1OJ2PZFQYGM25
B07S4BCTFJ,A1OJ2PZFQYGM25
B07QN3T8XQ,A1OJ2PZFQYGM25
B07QDPMFWH,A1OJ2PZFQYGM25
B07QDPMBTY,A1OJ2PZFQYGM25
B07QCQW5VN,A1OJ2PZFQYGM25
B07B4L1V14,A1OJ2PZFQYGM25
B079M8PLBV,A1OJ2PZFQYGM25
B06XHV56RM,A1OJ2PZFQYGM25
B01N0ARAIE,A1OJ2PZFQYGM25
B01MRKHNN3,A1OJ2PZFQYGM25
B01M0HTK27,A1OJ2PZFQYGM25
B01LYUP136,A1OJ2PZFQYGM25
B01LXTQNXO,A1OJ2PZFQYGM25
B01LWY0SZD,A1OJ2PZFQYGM25
B01LAXCEIG,A1OJ2PZFQYGM25
B01K1N2742,A1OJ2PZFQYGM25
B01J6CLH72,A1OJ2PZFQYGM25
B01HFAWFHS,A1OJ2PZFQYGM25
B01HF6UGLY,A1OJ2PZFQYGM25
B01AWXQWGA,A1OJ2PZFQYGM25
B013L818P8,A1OJ2PZFQYGM25
B00T63RTX8,A1OJ2PZFQYGM25
B00S03ZNHE,A1OJ2PZFQYGM25
B00QST93NM,A1OJ2PZFQYGM25
B00QPIC8RO,A1OJ2PZFQYGM25
B00NQB6FGI,A1OJ2PZFQYGM25
B00KS59CYC,A1OJ2PZFQYGM25
B00GLAJ8Z6,A1OJ2PZFQYGM25
B00FA7IA00,A1OJ2PZFQYGM25
B00DHYQB6S,A1OJ2PZFQYGM25
B00D3NH90A,A1OJ2PZFQYGM25
B07Z1MZYHH,A1OJ2PZFQYGM25
B07YVM7PKB,A1OJ2PZFQYGM25
B07YNMPTTC,A1OJ2PZFQYGM25
B07YL8LBBC,A1OJ2PZFQYGM25
B07Y5S6HQX,A1OJ2PZFQYGM25
B07XZH8CSN,A1OJ2PZFQYGM25
B07XH5NF43,A1OJ2PZFQYGM25
B07X9VSRK5,A1OJ2PZFQYGM25
B07X8YFQFL,A1OJ2PZFQYGM25
B07X4ZVR8G,A1OJ2PZFQYGM25
B07WSRW9T7,A1OJ2PZFQYGM25
B07WSGLM75,A1OJ2PZFQYGM25
B07WK2HNXS,A1OJ2PZFQYGM25
B07WDHBNDY,A1OJ2PZFQYGM25
B07W952NSM,A1OJ2PZFQYGM25
B07W8MKWXJ,A1OJ2PZFQYGM25
B00CD7E248,A1OJ2PZFQYGM25
B00ALRUJAI,A1OJ2PZFQYGM25
B00AJHW7GY,A1OJ2PZFQYGM25
B009X1RY6U,A1OJ2PZFQYGM25
B009P247JY,A1OJ2PZFQYGM25
B009M801V4,A1OJ2PZFQYGM25
B009IKT9N2,A1OJ2PZFQYGM25
B0093NM512,A1OJ2PZFQYGM25
B008YLJKE4,A1OJ2PZFQYGM25
B008E33JJE,A1OJ2PZFQYGM25
B008A9LQG0,A1OJ2PZFQYGM25
B0073VPE14,A1OJ2PZFQYGM25
B00723I0D2,A1OJ2PZFQYGM25
B005JVNR9G,A1OJ2PZFQYGM25
B0051AOGNQ,A1OJ2PZFQYGM25
B0051AOGIG,A1OJ2PZFQYGM25
B0044UKKKM,A1OJ2PZFQYGM25
B003V4VKP6,A1OJ2PZFQYGM25
B003QS2J52,A1OJ2PZFQYGM25
B003OXHL8Y,A1OJ2PZFQYGM25
B003K2WHFG,A1OJ2PZFQYGM25
B003K2SNDQ,A1OJ2PZFQYGM25
B003CK0FNM,A1OJ2PZFQYGM25
B00377BKS4,A1OJ2PZFQYGM25
B0031HMQQA,A1OJ2PZFQYGM25
B002YENNQS,A1OJ2PZFQYGM25
B002VE897Y,A1OJ2PZFQYGM25
B002ULI1WQ,A1OJ2PZFQYGM25
B002UH0B3W,A1OJ2PZFQYGM25
B002O4L55Y,A1OJ2PZFQYGM25
B002HI5NP0,A1OJ2PZFQYGM25
B002AT7JNU,A1OJ2PZFQYGM25
B0027AEFP2,A1OJ2PZFQYGM25
B001UNNM6U,A1OJ2PZFQYGM25
B001DKRTDM,A1OJ2PZFQYGM25
B0017DKBW6,A1OJ2PZFQYGM25
B000UKBJ64,A1OJ2PZFQYGM25
B000LEUH1W,A1OJ2PZFQYGM25
B000EQA4U6,A1OJ2PZFQYGM25
B000COMYRG,A1OJ2PZFQYGM25
B000ALEAF0,A1OJ2PZFQYGM25
B0009IGAQQ,A1OJ2PZFQYGM25
B000622AZA,A1OJ2PZFQYGM25
B0002D0ETM,A1OJ2PZFQYGM25
8374580070,A1OJ2PZFQYGM25
B00000DGJZ,A1OJ2PZFQYGM25
B01CE9ZEUA,A1OJ2PZFQYGM25
B07XC329GN,A1OJ2PZFQYGM25
9882372708,A1OJ2PZFQYGM25
B01D1A73H8,A1OJ2PZFQYGM25
4768313922,A1OJ2PZFQYGM25
B00317AE7I,A1OJ2PZFQYGM25
B000234JP2,A1OJ2PZFQYGM25
B083V4G7D4,A1OJ2PZFQYGM25
B0B8NT9TX1,A1OJ2PZFQYGM25
8375151432,A1OJ2PZFQYGM25
B018RTTO6G,A1OJ2PZFQYGM25
B000MTEDP2,A1OJ2PZFQYGM25
B07WZSNQLW,A1OJ2PZFQYGM25
B07Y9TGR23,A1OJ2PZFQYGM25
4892141682,A1OJ2PZFQYGM25
B075GTTWV2,A1OJ2PZFQYGM25
B017VQT5YW,A1OJ2PZFQYGM25
4296113372,A1OJ2PZFQYGM25
B01LXUUK8L,A1OJ2PZFQYGM25
B0917NLDSX,A1OJ2PZFQYGM25
B09T9V6ZPH,A1OJ2PZFQYGM25
B08964VVSR,A1OJ2PZFQYGM25
B09NQSDFMN,A1OJ2PZFQYGM25
B085T7S8X3,A1OJ2PZFQYGM25
B07N7ZHQLL,A1OJ2PZFQYGM25
B083NSZT4D,A1OJ2PZFQYGM25
B01K99U0RY,A1OJ2PZFQYGM25
B081GFWVFZ,A1OJ2PZFQYGM25
B0BYYMH6MV,A1OJ2PZFQYGM25
B07ZYVQD5W,A1OJ2PZFQYGM25
B00NPOL3UY,A1OJ2PZFQYGM25
B07YNZ29V6,A1OJ2PZFQYGM25
B0BGTSTKCG,A1OJ2PZFQYGM25
B07YJWXVYV,A1OJ2PZFQYGM25
B0B9B99KVS,A1OJ2PZFQYGM25
B07YH36TLZ,A1OJ2PZFQYGM25
B07WMZ2L9J,A1OJ2PZFQYGM25
B07YGYLCF1,A1OJ2PZFQYGM25
B071CYPBZ7,A1OJ2PZFQYGM25
B07YGT1SVM,A1OJ2PZFQYGM25
B0B1JSYRZ1,A1OJ2PZFQYGM25
B07WLJQ9VW,A1OJ2PZFQYGM25
B07Y9TZPWV,A1OJ2PZFQYGM25
B07WHMB2BJ,A1OJ2PZFQYGM25
B0C697FFG7,A1OJ2PZFQYGM25
B07W6KCDHF,A1OJ2PZFQYGM25
B08NCB18MD,A1OJ2PZFQYGM25
B07VYZZ22M,A1OJ2PZFQYGM25
B003DL4PFO,A1OJ2PZFQYGM25
B07QJ2G6WB,A1OJ2PZFQYGM25
B083Z9RP6F,A1OJ2PZFQYGM25
B00PV8N5WG,A1OJ2PZFQYGM25
B07MYBYXBG,A1OJ2PZFQYGM25
B006Z3HNTC,A1OJ2PZFQYGM25
B08QF77VG9,A1OJ2PZFQYGM25
B082K8ZQD7,A1OJ2PZFQYGM25
B07G8HHZMG,A1OJ2PZFQYGM25
B0711CBJ27,A1OJ2PZFQYGM25
B01J6CLSZI,A1OJ2PZFQYGM25
B01IO12D56,A1OJ2PZFQYGM25
B00GIIHD4O,A1OJ2PZFQYGM25
B001AXS7II,A1OJ2PZFQYGM25
B000ACNHNK,A1OJ2PZFQYGM25
B00027H2HK,A1OJ2PZFQYGM25
B0C281MTNZ,A1OJ2PZFQYGM25
B0BZPHF32Z,A1OJ2PZFQYGM25
B0BQJ26Y33,A1OJ2PZFQYGM25
B0BGXJDX2W,A1OJ2PZFQYGM25
B0BB13832C,A1OJ2PZFQYGM25
B0B9GP3WS4,A1OJ2PZFQYGM25
B09VK5XXL4,A1OJ2PZFQYGM25
B097R6X134,A1OJ2PZFQYGM25
B097HTFFNP,A1OJ2PZFQYGM25
B097CFTJP3,A1OJ2PZFQYGM25
B094Y8NN4D,A1OJ2PZFQYGM25
B093QH8766,A1OJ2PZFQYGM25
B091V3243K,A1OJ2PZFQYGM25
B08ZKF9NYZ,A1OJ2PZFQYGM25
B0892GSZNN,A1OJ2PZFQYGM25
B088WRBV7G,A1OJ2PZFQYGM25
B088F65QLD,A1OJ2PZFQYGM25
B088F5RF2Q,A1OJ2PZFQYGM25
B088F58YPK,A1OJ2PZFQYGM25
B087ZD7TJP,A1OJ2PZFQYGM25
B084JMS7W5,A1OJ2PZFQYGM25
B08478HS5H,A1OJ2PZFQYGM25
B08436WMSG,A1OJ2PZFQYGM25
B083J5X6TZ,A1OJ2PZFQYGM25
B07ZQRF5NZ,A1OJ2PZFQYGM25
B07ZJPLMQ4,A1OJ2PZFQYGM25
B07ZJNVMVZ,A1OJ2PZFQYGM25
B07ZJL8WW5,A1OJ2PZFQYGM25
B07ZHQWXX6,A1OJ2PZFQYGM25
B07Z5MMC14,A1OJ2PZFQYGM25
B08Z9FHJVX,A1OJ2PZFQYGM25
B08XN6SW5S,A1OJ2PZFQYGM25
B08X1PWRCW,A1OJ2PZFQYGM25
B08W49Z7XS,A1OJ2PZFQYGM25
B08VRGD9ZZ,A1OJ2PZFQYGM25
B08KD5ZD75,A1OJ2PZFQYGM25
B08J1BR8DD,A1OJ2PZFQYGM25
B08HPWQPFZ,A1OJ2PZFQYGM25
B08DYCHGX1,A1OJ2PZFQYGM25
B08CZN3SVW,A1OJ2PZFQYGM25
B08BMJQ18G,A1OJ2PZFQYGM25
B08BMH8LH4,A1OJ2PZFQYGM25
B08BHQZNKX,A1OJ2PZFQYGM25
B089QYCQWJ,A1OJ2PZFQYGM25
B089KC19T8,A1OJ2PZFQYGM25
B08942PX3P,A1OJ2PZFQYGM25
B07Z1C6GPH,A1OJ2PZFQYGM25
B07YXVZ6N5,A1OJ2PZFQYGM25
B07YXVJMK7,A1OJ2PZFQYGM25
B07YXV8Y4M,A1OJ2PZFQYGM25
B07YXR5MCW,A1OJ2PZFQYGM25
B07YND65L6,A1OJ2PZFQYGM25
B07YLPVH9Y,A1OJ2PZFQYGM25
B07YHYC4TY,A1OJ2PZFQYGM25
B07Y5R1K5V,A1OJ2PZFQYGM25
B07Y53D63T,A1OJ2PZFQYGM25
B07XZG471M,A1OJ2PZFQYGM25
B07XYY3V7D,A1OJ2PZFQYGM25
B07XYXP6YQ,A1OJ2PZFQYGM25
B07XYXDC1S,A1OJ2PZFQYGM25
B07XYW79LK,A1OJ2PZFQYGM25
B07XL5YFGF,A1OJ2PZFQYGM25
B07XDL43S9,A1OJ2PZFQYGM25
B07XD7V7SR,A1OJ2PZFQYGM25
B07XD5QMNG,A1OJ2PZFQYGM25
B07X9FZXXZ,A1OJ2PZFQYGM25
B07WV62RN1,A1OJ2PZFQYGM25
B07WTRFBQD,A1OJ2PZFQYGM25
B07WP78H1R,A1OJ2PZFQYGM25
B07W63LFGL,A1OJ2PZFQYGM25
B07W5GTDDX,A1OJ2PZFQYGM25
B07W4CHDT8,A1OJ2PZFQYGM25
B07QNLCKQW,A1OJ2PZFQYGM25
B07QCHRXN2,A1OJ2PZFQYGM25
B07LB5Y5QD,A1OJ2PZFQYGM25
B07K9RDXZH,A1OJ2PZFQYGM25
B07J34Z2RQ,A1OJ2PZFQYGM25
B07HDLX2GT,A1OJ2PZFQYGM25
B01H00IYMS,A1OJ2PZFQYGM25
B01G4TXUVQ,A1OJ2PZFQYGM25
B01D1V84DE,A1OJ2PZFQYGM25
B01D1V824A,A1OJ2PZFQYGM25
B01C41L3YO,A1OJ2PZFQYGM25
B0172PYNOY,A1OJ2PZFQYGM25
B0170NS092,A1OJ2PZFQYGM25
B015HLTWZ0,A1OJ2PZFQYGM25
B012WZQT96,A1OJ2PZFQYGM25
B00Y78O714,A1OJ2PZFQYGM25
B00S3QGJSK,A1OJ2PZFQYGM25
B00RJ5TICU,A1OJ2PZFQYGM25
B00RB2HADK,A1OJ2PZFQYGM25
B00R1GDKTY,A1OJ2PZFQYGM25
B00QX9M1V8,A1OJ2PZFQYGM25
B00QNQ65HM,A1OJ2PZFQYGM25
B07FCQQ837,A1OJ2PZFQYGM25
B07DWT4TYN,A1OJ2PZFQYGM25
B074JFYW1K,A1OJ2PZFQYGM25
B01N6OB7H7,A1OJ2PZFQYGM25
B01N118AO1,A1OJ2PZFQYGM25
B01MUYVOD0,A1OJ2PZFQYGM25
B01MRBQYUN,A1OJ2PZFQYGM25
B01M9AVTAC,A1OJ2PZFQYGM25
B01M8K5XU5,A1OJ2PZFQYGM25
B01M1C18XG,A1OJ2PZFQYGM25
B01LIMPM9M,A1OJ2PZFQYGM25
B01K5K83AS,A1OJ2PZFQYGM25
B01JM9J4VU,A1OJ2PZFQYGM25
B01IQ2IPNM,A1OJ2PZFQYGM25
B01HQ268KU,A1OJ2PZFQYGM25
B01H5YOEBO,A1OJ2PZFQYGM25
B00QN924Y2,A1OJ2PZFQYGM25
B00QL0M330,A1OJ2PZFQYGM25
B00PCHS3UU,A1OJ2PZFQYGM25
B00OW9XVVK,A1OJ2PZFQYGM25
B00IUKKQEW,A1OJ2PZFQYGM25
B00IA71Q3K,A1OJ2PZFQYGM25
B00IA6G1CW,A1OJ2PZFQYGM25
B00GY31LEG,A1OJ2PZFQYGM25
B00GRTI0VO,A1OJ2PZFQYGM25
B00DYA7T48,A1OJ2PZFQYGM25
B00DI2E3PA,A1OJ2PZFQYGM25
B00CY32OLO,A1OJ2PZFQYGM25
B00CRN1PGQ,A1OJ2PZFQYGM25
B00ABV2P4W,A1OJ2PZFQYGM25
B009Z747DK,A1OJ2PZFQYGM25
B009DNN61A,A1OJ2PZFQYGM25
B009DNK2OY,A1OJ2PZFQYGM25
B0068FJQ6U,A1OJ2PZFQYGM25
B0067UECXI,A1OJ2PZFQYGM25
B005UUQMSY,A1OJ2PZFQYGM25
B004RVGCFA,A1OJ2PZFQYGM25
B004MYGWOI,A1OJ2PZFQYGM25
B004GCD6G8,A1OJ2PZFQYGM25
B004AX1B2E,A1OJ2PZFQYGM25
B0048G7JH4,A1OJ2PZFQYGM25
B00489SG4Q,A1OJ2PZFQYGM25
B003ZHWQLG,A1OJ2PZFQYGM25
B003VQ3NR2,A1OJ2PZFQYGM25
B003QATA1G,A1OJ2PZFQYGM25
B003MYMKBS,A1OJ2PZFQYGM25
B003CJWHU2,A1OJ2PZFQYGM25
B0039V9JKE,A1OJ2PZFQYGM25
B000HP5IWI,A1OJ2PZFQYGM25
B000HDJYP2,A1OJ2PZFQYGM25
B000GU7WBO,A1OJ2PZFQYGM25
B000EELFXS,A1OJ2PZFQYGM25
B0009V2SEG,A1OJ2PZFQYGM25
B00030AFU2,A1OJ2PZFQYGM25
B0002OSBBY,A1OJ2PZFQYGM25
B0002I05SW,A1OJ2PZFQYGM25
B0000AV2EW,A1OJ2PZFQYGM25
B0000AMY0B,A1OJ2PZFQYGM25
B0037XHKXM,A1OJ2PZFQYGM25
B0036UHV8K,A1OJ2PZFQYGM25
B002YIK5KQ,A1OJ2PZFQYGM25
B002Q2MI3W,A1OJ2PZFQYGM25
B002FYG3YG,A1OJ2PZFQYGM25
B002EWYOWM,A1OJ2PZFQYGM25
B002BSMBR4,A1OJ2PZFQYGM25
B0028IHLWC,A1OJ2PZFQYGM25
B001THI9A6,A1OJ2PZFQYGM25
B001T9O7IC,A1OJ2PZFQYGM25
B001P63ZDW,A1OJ2PZFQYGM25
B001NA4JAI,A1OJ2PZFQYGM25
B001CDV9O0,A1OJ2PZFQYGM25
B001BXSH96,A1OJ2PZFQYGM25
B001B8EXQW,A1OJ2PZFQYGM25
B000JKD9SG,A1OJ2PZFQYGM25
B07Z2VHMWZ,A1OJ2PZFQYGM25
B01CS5C2ZK,A1OJ2PZFQYGM25
B07YYDB196,A1OJ2PZFQYGM25
B07PMXDFQG,A1OJ2PZFQYGM25
B07YYCXKX9,A1OJ2PZFQYGM25
B07D3XP33Q,A1OJ2PZFQYGM25
B07YYCWV23,A1OJ2PZFQYGM25
B089RNF8YM,A1OJ2PZFQYGM25
B07YYCMTLD,A1OJ2PZFQYGM25
B00BV6YML0,A1OJ2PZFQYGM25
B07XPDSKN1,A1OJ2PZFQYGM25
B0982WF5V9,A1OJ2PZFQYGM25
B07XGDDVSS,A1OJ2PZFQYGM25
B095YJWFG2,A1OJ2PZFQYGM25
B07WDMX1BX,A1OJ2PZFQYGM25
B0872QLW8W,A1OJ2PZFQYGM25
B07TWHMRWR,A1OJ2PZFQYGM25
B07W4PNQPG,A1OJ2PZFQYGM25
B01K2HRDJ6,A1OJ2PZFQYGM25
B01AGZD4Q0,A1OJ2PZFQYGM25
B01BTPBNYQ,A1OJ2PZFQYGM25
B003F6UFRE,A1OJ2PZFQYGM25
B004NZTHDE,A1OJ2PZFQYGM25
B0C2WKDYNY,A1OJ2PZFQYGM25
B09H3K9BHQ,A1OJ2PZFQYGM25
B09H3JK32J,A1OJ2PZFQYGM25
B09H3HQTNX,A1OJ2PZFQYGM25
B098JL138M,A1OJ2PZFQYGM25
B095KXW67S,A1OJ2PZFQYGM25
B095GSQ595,A1OJ2PZFQYGM25
B08ZSPKQ2P,A1OJ2PZFQYGM25
B08X7LJYNL,A1OJ2PZFQYGM25
9937624142,A1OJ2PZFQYGM25
B081Z4J18T,A1OJ2PZFQYGM25
B01JBK0ZNQ,A1OJ2PZFQYGM25
4866672455,A1OJ2PZFQYGM25
B07ZKG5P73,A1OJ2PZFQYGM25
476318427X,A1OJ2PZFQYGM25
B08HQ562XL,A1OJ2PZFQYGM25
B07ZHWV9QG,A1OJ2PZFQYGM25
4087861317,A1OJ2PZFQYGM25
B001UKPWCK,A1OJ2PZFQYGM25
B07ZHM1RQT,A1OJ2PZFQYGM25
4062579561,A1OJ2PZFQYGM25
B089ZTJWPW,A1OJ2PZFQYGM25
B07Z8P8N1X,A1OJ2PZFQYGM25
4053054672,A1OJ2PZFQYGM25
B01M7XMIXK,A1OJ2PZFQYGM25
B08QD62DBN,A1OJ2PZFQYGM25
B08P87PSQH,A1OJ2PZFQYGM25
B08MT82VWN,A1OJ2PZFQYGM25
B08KWQKKF5,A1OJ2PZFQYGM25
B08JTVP7DS,A1OJ2PZFQYGM25
B08BGDTKSH,A1OJ2PZFQYGM25
B08B9GM889,A1OJ2PZFQYGM25
B08B8YNC59,A1OJ2PZFQYGM25
B08B8X71MH,A1OJ2PZFQYGM25
B08B47D963,A1OJ2PZFQYGM25
B0888S8T2B,A1OJ2PZFQYGM25
B087Q8F7D6,A1OJ2PZFQYGM25
B0872WWWJZ,A1OJ2PZFQYGM25
B085HV7XR8,A1OJ2PZFQYGM25
B08563QK7S,A1OJ2PZFQYGM25
B083G86MVH,A1OJ2PZFQYGM25
B07ZQPNJXV,A1OJ2PZFQYGM25
B07ZQPK6LB,A1OJ2PZFQYGM25
B07ZQPJP8V,A1OJ2PZFQYGM25
B07ZP491GQ,A1OJ2PZFQYGM25
B07ZF4L46H,A1OJ2PZFQYGM25
B07ZDGSNFL,A1OJ2PZFQYGM25
B07Z8GHJS7,A1OJ2PZFQYGM25
B07Z7J3YPZ,A1OJ2PZFQYGM25
B07YXSL7LN,A1OJ2PZFQYGM25
B07YXFNF7H,A1OJ2PZFQYGM25
B07YM49M2C,A1OJ2PZFQYGM25
B07XYXZHFD,A1OJ2PZFQYGM25
B07XQDLMS8,A1OJ2PZFQYGM25
B07XLD3ZJ7,A1OJ2PZFQYGM25
B07WWBYGF1,A1OJ2PZFQYGM25
B07WSHSQVB,A1OJ2PZFQYGM25
B079T5DL2L,A1OJ2PZFQYGM25
B073KTXB9L,A1OJ2PZFQYGM25
B01MAWUWW7,A1OJ2PZFQYGM25
B01M2YJQ23,A1OJ2PZFQYGM25
B01M1GP38A,A1OJ2PZFQYGM25
B01LZXUZ00,A1OJ2PZFQYGM25
B01LZAR05E,A1OJ2PZFQYGM25
B01LZ32J4G,A1OJ2PZFQYGM25
B01LY6F9LI,A1OJ2PZFQYGM25
B01LWIU79L,A1OJ2PZFQYGM25
B01L0A46M6,A1OJ2PZFQYGM25
B01JRL2JG0,A1OJ2PZFQYGM25
B01JM9K4N2,A1OJ2PZFQYGM25
B01J4DZ87S,A1OJ2PZFQYGM25
B01IQW38CK,A1OJ2PZFQYGM25
B01IPOEWZ6,A1OJ2PZFQYGM25
B07WSHB7K6,A1OJ2PZFQYGM25
B07WHJS62S,A1OJ2PZFQYGM25
B07WCXG8KT,A1OJ2PZFQYGM25
B07W6XCS4F,A1OJ2PZFQYGM25
B07VXXZFRH,A1OJ2PZFQYGM25
B07TXVPS4D,A1OJ2PZFQYGM25
B07TN32K3M,A1OJ2PZFQYGM25
B07TDPGM9N,A1OJ2PZFQYGM25
B07QHZ16NJ,A1OJ2PZFQYGM25
B07QBR8K2M,A1OJ2PZFQYGM25
B07QBR5MSZ,A1OJ2PZFQYGM25
B07PW3T9P2,A1OJ2PZFQYGM25
B07K6V3JSG,A1OJ2PZFQYGM25
B07J9MS5MJ,A1OJ2PZFQYGM25
B07FMHHLSH,A1OJ2PZFQYGM25
B079ZDPQX2,A1OJ2PZFQYGM25
B01ICVGA20,A1OJ2PZFQYGM25
B01IAFTZGG,A1OJ2PZFQYGM25
B01IAFTXOU,A1OJ2PZFQYGM25
B01HFAR8G6,A1OJ2PZFQYGM25
B01D5X1H1O,A1OJ2PZFQYGM25
B01BN092O0,A1OJ2PZFQYGM25
B00Z7R0DMG,A1OJ2PZFQYGM25
B00YZ51E92,A1OJ2PZFQYGM25
B00YBLZIC4,A1OJ2PZFQYGM25
B00WGQT6OC,A1OJ2PZFQYGM25
B00R07HR3E,A1OJ2PZFQYGM25
B00QXDLAPM,A1OJ2PZFQYGM25
B00QX9ZS5E,A1OJ2PZFQYGM25
B00QW6FFRO,A1OJ2PZFQYGM25
B00QT1PKRC,A1OJ2PZFQYGM25
B00OYJT8II,A1OJ2PZFQYGM25
B00O83OF38,A1OJ2PZFQYGM25
B00O4KM02I,A1OJ2PZFQYGM25
B00NQB705I,A1OJ2PZFQYGM25
B00K0D3HV6,A1OJ2PZFQYGM25
B00ICB7YXU,A1OJ2PZFQYGM25
B00IA6ID7I,A1OJ2PZFQYGM25
B00IA6EM3M,A1OJ2PZFQYGM25
B00IA0X48M,A1OJ2PZFQYGM25
B00HTTMT5Y,A1OJ2PZFQYGM25
B00GXF4TJO,A1OJ2PZFQYGM25
B00EEIDMW2,A1OJ2PZFQYGM25
B00DYAG4BM,A1OJ2PZFQYGM25
B00CUE6JFE,A1OJ2PZFQYGM25
B00CFFB6G0,A1OJ2PZFQYGM25
B00BT5GLFS,A1OJ2PZFQYGM25
B00BT5FUUA,A1OJ2PZFQYGM25
B00APP50Z0,A1OJ2PZFQYGM25
B00A0PUU32,A1OJ2PZFQYGM25
B008CNOORC,A1OJ2PZFQYGM25
B008CNNSSS,A1OJ2PZFQYGM25
B006LPA5ZS,A1OJ2PZFQYGM25
B005VS4Q6U,A1OJ2PZFQYGM25
B005NIT406,A1OJ2PZFQYGM25
B005JEMARS,A1OJ2PZFQYGM25
B005GLYHLG,A1OJ2PZFQYGM25
B005DKK3Q8,A1OJ2PZFQYGM25
B0055E4NL8,A1OJ2PZFQYGM25
B00546SP70,A1OJ2PZFQYGM25
B0053OBOUS,A1OJ2PZFQYGM25
B004S6WG2C,A1OJ2PZFQYGM25
B004K48HZC,A1OJ2PZFQYGM25
B004J9AAR6,A1OJ2PZFQYGM25
B001UH2W5I,A1OJ2PZFQYGM25
B001NZ868O,A1OJ2PZFQYGM25
B001LTTOU6,A1OJ2PZFQYGM25
B001KAEZFU,A1OJ2PZFQYGM25
B001H88GXM,A1OJ2PZFQYGM25
B001DKLRBW,A1OJ2PZFQYGM25
B001CS769W,A1OJ2PZFQYGM25
B001CEE504,A1OJ2PZFQYGM25
B001BDGB08,A1OJ2PZFQYGM25
B000X25Z5K,A1OJ2PZFQYGM25
B000WNL1S0,A1OJ2PZFQYGM25
B000V6XT0Q,A1OJ2PZFQYGM25
B000N5OOPY,A1OJ2PZFQYGM25
B000C7Y6FQ,A1OJ2PZFQYGM25
B000C7XO4U,A1OJ2PZFQYGM25
B0007D81BU,A1OJ2PZFQYGM25
B00030EUPS,A1OJ2PZFQYGM25
B00012BZIS,A1OJ2PZFQYGM25
1635448239,A1OJ2PZFQYGM25
B004GV7LFG,A1OJ2PZFQYGM25
B004CSJ8C2,A1OJ2PZFQYGM25
B00489QGS4,A1OJ2PZFQYGM25
B003YNINI6,A1OJ2PZFQYGM25
B003U3VM42,A1OJ2PZFQYGM25
B003PJWWD6,A1OJ2PZFQYGM25
B003N17KH4,A1OJ2PZFQYGM25
B003KVBNQQ,A1OJ2PZFQYGM25
B003GK47ZA,A1OJ2PZFQYGM25
B003BQC17A,A1OJ2PZFQYGM25
B003783HEI,A1OJ2PZFQYGM25
B002UF8Z78,A1OJ2PZFQYGM25
B002ROAXCC,A1OJ2PZFQYGM25
B002DBNIB2,A1OJ2PZFQYGM25
B002CYWBPE,A1OJ2PZFQYGM25
B0027A77P2,A1OJ2PZFQYGM25
4865492402,A1OJ2PZFQYGM25
B01F44YIUE,A1OJ2PZFQYGM25
B08B8WX1Z9,A1OJ2PZFQYGM25
B00029RT4Y,A1OJ2PZFQYGM25
484563905X,A1OJ2PZFQYGM25
B089T9PSHX,A1OJ2PZFQYGM25
B083GFVBM4,A1OJ2PZFQYGM25
4845627612,A1OJ2PZFQYGM25
B0006HMD98,A1OJ2PZFQYGM25
B089PX5D7R,A1OJ2PZFQYGM25
B07DR3181S,A1OJ2PZFQYGM25
483798682X,A1OJ2PZFQYGM25
B07XSGX41Q,A1OJ2PZFQYGM25
B004NKWS9Y,A1OJ2PZFQYGM25
4828424954,A1OJ2PZFQYGM25
B00FBPBVWA,A1OJ2PZFQYGM25
B0049EWDX0,A1OJ2PZFQYGM25
4815624259,A1OJ2PZFQYGM25
B00EM9MJOU,A1OJ2PZFQYGM25
B000K2C87G,A1OJ2PZFQYGM25
4799110284,A1OJ2PZFQYGM25
B002L96MFU,A1OJ2PZFQYGM25
4768312799,A1OJ2PZFQYGM25
B09Z2NM322,A1OJ2PZFQYGM25
4636901312,A1OJ2PZFQYGM25
B0CCNS3T24,A1OJ2PZFQYGM25
4575316164,A1OJ2PZFQYGM25
B0C4KH67G5,A1OJ2PZFQYGM25
4495532618,A1OJ2PZFQYGM25
B01IPQMX5K,A1OJ2PZFQYGM25
4296106716,A1OJ2PZFQYGM25
B08X7JRFQW,A1OJ2PZFQYGM25
B08VF7X2KT,A1OJ2PZFQYGM25
B08BDBY3LF,A1OJ2PZFQYGM25
B08B8ZMK2F,A1OJ2PZFQYGM25
B08B8X978L,A1OJ2PZFQYGM25
B08912TP4G,A1OJ2PZFQYGM25
B088WPMMST,A1OJ2PZFQYGM25
B0882V6VQY,A1OJ2PZFQYGM25
B085HVKSYW,A1OJ2PZFQYGM25
B084WD8TS7,A1OJ2PZFQYGM25
B084WD6QNF,A1OJ2PZFQYGM25
B084WCXVCF,A1OJ2PZFQYGM25
B083W13R1G,A1OJ2PZFQYGM25
B083SB8LQ8,A1OJ2PZFQYGM25
B083R2G1C5,A1OJ2PZFQYGM25
B07ZMVRG25,A1OJ2PZFQYGM25
B08BLPFPHG,A1OJ2PZFQYGM25
4259566121,A1OJ2PZFQYGM25
B07XCFDQZM,A1OJ2PZFQYGM25
4083215186,A1OJ2PZFQYGM25
B0BXP81SMV,A1OJ2PZFQYGM25
4065268141,A1OJ2PZFQYGM25
B09S7L48NG,A1OJ2PZFQYGM25
4065222672,A1OJ2PZFQYGM25
B09QVW47KW,A1OJ2PZFQYGM25
4048971832,A1OJ2PZFQYGM25
B09Q2SSSXG,A1OJ2PZFQYGM25
B09K9HPV8L,A1OJ2PZFQYGM25
B095RVKBHJ,A1OJ2PZFQYGM25
B0958286PG,A1OJ2PZFQYGM25
B093XT8KFT,A1OJ2PZFQYGM25
B093QBTSWJ,A1OJ2PZFQYGM25
B01098V2XG,A1OJ2PZFQYGM25
B00X8NSHGU,A1OJ2PZFQYGM25
B00WJ7FIZE,A1OJ2PZFQYGM25
B00WEFUK2M,A1OJ2PZFQYGM25
B00T1BX75O,A1OJ2PZFQYGM25
B00QZHDHJI,A1OJ2PZFQYGM25
B00QZ9YRAE,A1OJ2PZFQYGM25
B00QYE02T0,A1OJ2PZFQYGM25
B00QX9EIDC,A1OJ2PZFQYGM25
B00QX8IXNE,A1OJ2PZFQYGM25
B00QJQ3FYW,A1OJ2PZFQYGM25
B00PCHZ420,A1OJ2PZFQYGM25
B00PCHHIXI,A1OJ2PZFQYGM25
B00N4DL7CA,A1OJ2PZFQYGM25
B00MHVUCG2,A1OJ2PZFQYGM25
B00K2UI1Q8,A1OJ2PZFQYGM25
B07XRWJW43,A1OJ2PZFQYGM25
B07XPM4YDX,A1OJ2PZFQYGM25
B07XMF7XFR,A1OJ2PZFQYGM25
B07XLS2M7J,A1OJ2PZFQYGM25
B07XLCJW51,A1OJ2PZFQYGM25
B07XL4XCL4,A1OJ2PZFQYGM25
B07X27M6JY,A1OJ2PZFQYGM25
B07WNG735F,A1OJ2PZFQYGM25
B07W6T9N21,A1OJ2PZFQYGM25
B07TXVN9J4,A1OJ2PZFQYGM25
B07PD2Y2TC,A1OJ2PZFQYGM25
B07LCVPJQ6,A1OJ2PZFQYGM25
B07HGSKMZH,A1OJ2PZFQYGM25
B07G3FH9RQ,A1OJ2PZFQYGM25
B07CPC47DK,A1OJ2PZFQYGM25
B074TDT8YT,A1OJ2PZFQYGM25
B073WMWKX3,A1OJ2PZFQYGM25
B01N9GMUUN,A1OJ2PZFQYGM25
B01M8HNOUJ,A1OJ2PZFQYGM25
B01LVV7DTR,A1OJ2PZFQYGM25
B01KAOYB0A,A1OJ2PZFQYGM25
B01K1N281O,A1OJ2PZFQYGM25
B01K1K09UE,A1OJ2PZFQYGM25
B01J2M06J6,A1OJ2PZFQYGM25
B01IAFTZ3Y,A1OJ2PZFQYGM25
B01GWFF704,A1OJ2PZFQYGM25
B01DRA58PG,A1OJ2PZFQYGM25
B01DE9Q2LO,A1OJ2PZFQYGM25
B01CIUHCQY,A1OJ2PZFQYGM25
B01CDOPMM6,A1OJ2PZFQYGM25
B017XTYP42,A1OJ2PZFQYGM25
B013QMN6M2,A1OJ2PZFQYGM25
B004UN1ZWA,A1OJ2PZFQYGM25
B004GCQ9TY,A1OJ2PZFQYGM25
B0044UU5SE,A1OJ2PZFQYGM25
B0044UNIPQ,A1OJ2PZFQYGM25
B00448JVAO,A1OJ2PZFQYGM25
B003M8Y4FY,A1OJ2PZFQYGM25
B003M8O1QQ,A1OJ2PZFQYGM25
B003H4AMEU,A1OJ2PZFQYGM25
B003FGJLMY,A1OJ2PZFQYGM25
B002ZTM3P4,A1OJ2PZFQYGM25
B002YK9JUQ,A1OJ2PZFQYGM25
B002VKS1YO,A1OJ2PZFQYGM25
B002EC2MY4,A1OJ2PZFQYGM25
B001P3SIQY,A1OJ2PZFQYGM25
B001AIVBFY,A1OJ2PZFQYGM25
B0015IS6GQ,A1OJ2PZFQYGM25
B000LS9HH8,A1OJ2PZFQYGM25
B000L3RP2C,A1OJ2PZFQYGM25
B000K6DGV4,A1OJ2PZFQYGM25
B000C7ZXAI,A1OJ2PZFQYGM25
B000C7XOGI,A1OJ2PZFQYGM25
B000BR07ZA,A1OJ2PZFQYGM25
B0000D8Q90,A1OJ2PZFQYGM25
B0000AZ5FO,A1OJ2PZFQYGM25
B00K2UE7QG,A1OJ2PZFQYGM25
B00GLAHYJS,A1OJ2PZFQYGM25
B00CFM9SMC,A1OJ2PZFQYGM25
B00CDT3VN4,A1OJ2PZFQYGM25
B00C20LH58,A1OJ2PZFQYGM25
B00BT3BE16,A1OJ2PZFQYGM25
B00BHTMALA,A1OJ2PZFQYGM25
B00AZO4J58,A1OJ2PZFQYGM25
B0093DPYYM,A1OJ2PZFQYGM25
B008ROXU5S,A1OJ2PZFQYGM25
B00852YH1I,A1OJ2PZFQYGM25
B007W7PTXW,A1OJ2PZFQYGM25
B006K8I7RO,A1OJ2PZFQYGM25
B0055DMHA8,A1OJ2PZFQYGM25
B0052F6XZ4,A1OJ2PZFQYGM25
B0050SXDP6,A1OJ2PZFQYGM25
4788948982,A1OJ2PZFQYGM25
B08BX4PYQN,A1OJ2PZFQYGM25
4782535570,A1OJ2PZFQYGM25
B01443BBGA,A1OJ2PZFQYGM25
4768314228,A1OJ2PZFQYGM25
B07Z24RYL7,A1OJ2PZFQYGM25
475742647X,A1OJ2PZFQYGM25
B010UYC8N2,A1OJ2PZFQYGM25
4478016895,A1OJ2PZFQYGM25
B07CZSL37L,A1OJ2PZFQYGM25
4295403741,A1OJ2PZFQYGM25
B00JS9RGSS,A1OJ2PZFQYGM25
4065178487,A1OJ2PZFQYGM25
B09H4MHHBT,A1OJ2PZFQYGM25
4006031645,A1OJ2PZFQYGM25
B000SOU9HM,A1OJ2PZFQYGM25
B092VPWNCS,A1OJ2PZFQYGM25
B07RY64V1Z,A1OJ2PZFQYGM25
B01M32OF1B,A1OJ2PZFQYGM25
B013KHAIKQ,A1OJ2PZFQYGM25
B08BK8Q178,A1OJ2PZFQYGM25
B07GQBSFQ8,A1OJ2PZFQYGM25
B005JDKWNI,A1OJ2PZFQYGM25
B0C61GMM14,A1OJ2PZFQYGM25
B0C1P8M9QL,A1OJ2PZFQYGM25
B0BV3VKMHV,A1OJ2PZFQYGM25
B0BCL4FT55,A1OJ2PZFQYGM25
B09MJNQ4K2,A1OJ2PZFQYGM25
B095RBBGXB,A1OJ2PZFQYGM25
B093QHB6WR,A1OJ2PZFQYGM25
B093DHD5DL,A1OJ2PZFQYGM25
B091V8HHPH,A1OJ2PZFQYGM25
B08ZNWLS9N,A1OJ2PZFQYGM25
B08ZM8XR9H,A1OJ2PZFQYGM25
B08YQXKV8S,A1OJ2PZFQYGM25
B08Y894P72,A1OJ2PZFQYGM25
B08VNRS1BN,A1OJ2PZFQYGM25
B08RS7H3XH,A1OJ2PZFQYGM25
B08HBQ3Q6S,A1OJ2PZFQYGM25
B08FCVKSHG,A1OJ2PZFQYGM25
B08B9GSLJM,A1OJ2PZFQYGM25
B08816B4Y6,A1OJ2PZFQYGM25
B087VSPDNL,A1OJ2PZFQYGM25
B0833HC74Y,A1OJ2PZFQYGM25
B08217DFMM,A1OJ2PZFQYGM25
B07ZPFX92F,A1OJ2PZFQYGM25
B07ZPFWR4P,A1OJ2PZFQYGM25
B07ZJLWQHM,A1OJ2PZFQYGM25
B001R1UFP6,A1OJ2PZFQYGM25
B000244F5A,A1OJ2PZFQYGM25
B08Y89LDQB,A1OJ2PZFQYGM25
4908804680,A1OJ2PZFQYGM25
B0833ZRSPS,A1OJ2PZFQYGM25
B0000923L6,A1OJ2PZFQYGM25
B07YVC584W,A1OJ2PZFQYGM25
4907537115,A1OJ2PZFQYGM25
B0B4TWNN9J,A1OJ2PZFQYGM25
B07WHNWCRX,A1OJ2PZFQYGM25
4865812407,A1OJ2PZFQYGM25
B07RG8F2SL,A1OJ2PZFQYGM25
B07W5SLZNR,A1OJ2PZFQYGM25
4839972788,A1OJ2PZFQYGM25
B0002DV6J4,A1OJ2PZFQYGM25
B07TXMFT7R,A1OJ2PZFQYGM25
B07Z8HB629,A1OJ2PZFQYGM25
B07Z7QJNS7,A1OJ2PZFQYGM25
B07Z5H9W1Y,A1OJ2PZFQYGM25
B07YZP9L4P,A1OJ2PZFQYGM25
B07Y428T81,A1OJ2PZFQYGM25
B07XMC24NT,A1OJ2PZFQYGM25
B07XH63R5L,A1OJ2PZFQYGM25
B07XGD9GP9,A1OJ2PZFQYGM25
B07WWKL8SP,A1OJ2PZFQYGM25
B07WSRT3H2,A1OJ2PZFQYGM25
B07W2ZJQF2,A1OJ2PZFQYGM25
B07W1CZNZH,A1OJ2PZFQYGM25
B07W1BY647,A1OJ2PZFQYGM25
B07VVWBP4C,A1OJ2PZFQYGM25
B07VQ4GXK2,A1OJ2PZFQYGM25
B07V7YDRKW,A1OJ2PZFQYGM25
B07TWYJ3W5,A1OJ2PZFQYGM25
B07TKGHMJP,A1OJ2PZFQYGM25
B07SCLTQ6D,A1OJ2PZFQYGM25
B07RWYFKQV,A1OJ2PZFQYGM25
B07QZLN41B,A1OJ2PZFQYGM25
B07NDKZDM2,A1OJ2PZFQYGM25
B07FX2LJM6,A1OJ2PZFQYGM25
B07DH2LG9P,A1OJ2PZFQYGM25
B078MHJQK2,A1OJ2PZFQYGM25
B075QNZYML,A1OJ2PZFQYGM25
B074KQJZTZ,A1OJ2PZFQYGM25
B01N0MIZNO,A1OJ2PZFQYGM25
B01HZWXV7E,A1OJ2PZFQYGM25
B01BV8X560,A1OJ2PZFQYGM25
B01BK20PUQ,A1OJ2PZFQYGM25
B01B4LTRYI,A1OJ2PZFQYGM25
B016YKHADE,A1OJ2PZFQYGM25
B00ZA5PKDC,A1OJ2PZFQYGM25
B00YD5YN5G,A1OJ2PZFQYGM25
B00TSVG1DM,A1OJ2PZFQYGM25
B00T6J15I2,A1OJ2PZFQYGM25
B00QXSWDU8,A1OJ2PZFQYGM25
B00QW2VQR6,A1OJ2PZFQYGM25
B00QUSDTPO,A1OJ2PZFQYGM25
B00N8LWZIS,A1OJ2PZFQYGM25
B00JJ6H0QI,A1OJ2PZFQYGM25
B00HRSNZ32,A1OJ2PZFQYGM25
B00GZZF4PK,A1OJ2PZFQYGM25
B00GXJ9WP6,A1OJ2PZFQYGM25
B00GP9V78O,A1OJ2PZFQYGM25
B00E1N57QO,A1OJ2PZFQYGM25
B00DYFSBP4,A1OJ2PZFQYGM25
B00DYFS8SE,A1OJ2PZFQYGM25
B00CPRZ2G8,A1OJ2PZFQYGM25
B00C9QIV04,A1OJ2PZFQYGM25
B00BQ4FI0G,A1OJ2PZFQYGM25
B00B3Z6V68,A1OJ2PZFQYGM25
B00B1JXQ8M,A1OJ2PZFQYGM25
B00A2ES27M,A1OJ2PZFQYGM25
B009LPXUD4,A1OJ2PZFQYGM25
B007QV6VNG,A1OJ2PZFQYGM25
B007L82XB8,A1OJ2PZFQYGM25
B004D428KO,A1OJ2PZFQYGM25
B004B1EV9U,A1OJ2PZFQYGM25
B0041QS4JI,A1OJ2PZFQYGM25
B003O7141U,A1OJ2PZFQYGM25
B003GSLGPQ,A1OJ2PZFQYGM25
B003EGVWRC,A1OJ2PZFQYGM25
B0037MQOHQ,A1OJ2PZFQYGM25
B0031HOW4E,A1OJ2PZFQYGM25
B002YG6GMY,A1OJ2PZFQYGM25
B002WNUECC,A1OJ2PZFQYGM25
B002VKPZ6G,A1OJ2PZFQYGM25
B002T1KC92,A1OJ2PZFQYGM25
B002P7YIEK,A1OJ2PZFQYGM25
B002IFHT2C,A1OJ2PZFQYGM25
B002GIT0BY,A1OJ2PZFQYGM25
B002CNKZ5I,A1OJ2PZFQYGM25
B00230GV1M,A1OJ2PZFQYGM25
B001OCX96K,A1OJ2PZFQYGM25
B001M2O66Y,A1OJ2PZFQYGM25
B001KR3HC0,A1OJ2PZFQYGM25
B001IWEHKS,A1OJ2PZFQYGM25
B0013FHKQI,A1OJ2PZFQYGM25
B0013982KC,A1OJ2PZFQYGM25
B086Z12Q2Y,A1OJ2PZFQYGM25
B07ZX1HTSP,A1OJ2PZFQYGM25
4407316535,A1OJ2PZFQYGM25
B07ZFBF9DL,A1OJ2PZFQYGM25
B0791W6R9F,A1OJ2PZFQYGM25
B07Y7X84M5,A1OJ2PZFQYGM25
B00QRCR33C,A1OJ2PZFQYGM25
B07WTF4KF4,A1OJ2PZFQYGM25
B00063ZDGW,A1OJ2PZFQYGM25
B07WNXT43S,A1OJ2PZFQYGM25
B086NHJWBS,A1OJ2PZFQYGM25
B07W8VFX1V,A1OJ2PZFQYGM25
B00NIZTE7E,A1OJ2PZFQYGM25
B07THR1R1C,A1OJ2PZFQYGM25
B00OTZWJUQ,A1OJ2PZFQYGM25
B000OTD1HQ,A1OJ2PZFQYGM25
B000K6CSUO,A1OJ2PZFQYGM25
B000IY40Q8,A1OJ2PZFQYGM25
B000EPZJRU,A1OJ2PZFQYGM25
B0009FHJU0,A1OJ2PZFQYGM25
B0002D0ESI,A1OJ2PZFQYGM25
B07Q2613Y3,A1OJ2PZFQYGM25
B004GGLDGE,A1OJ2PZFQYGM25
B07HHGHJ1Q,A1OJ2PZFQYGM25
B000C7Y93K,A1OJ2PZFQYGM25
B01M0JY4KN,A1OJ2PZFQYGM25
B07Z5HZG3K,A1OJ2PZFQYGM25
B01H5AS3CO,A1OJ2PZFQYGM25
B00INKKHNY,A1OJ2PZFQYGM25
B01DTB032Q,A1OJ2PZFQYGM25
B00GMJFUSK,A1OJ2PZFQYGM25
B00U1Q9NFQ,A1OJ2PZFQYGM25
B009DNN51Q,A1OJ2PZFQYGM25
B00BRX36FA,A1OJ2PZFQYGM25
B0043WB0HI,A1OJ2PZFQYGM25
B0C1HY5HFR,A1OJ2PZFQYGM25
B0BVTNPFF6,A1OJ2PZFQYGM25
B0BGL5483T,A1OJ2PZFQYGM25
B0BCH8D77Y,A1OJ2PZFQYGM25
B09ZD8YS7L,A1OJ2PZFQYGM25
B09MMGRDZK,A1OJ2PZFQYGM25
B098B2DZZB,A1OJ2PZFQYGM25
B0963R54VW,A1OJ2PZFQYGM25
B094Z9FWN4,A1OJ2PZFQYGM25
B08YYZSJM6,A1OJ2PZFQYGM25
B08YS6GJZ4,A1OJ2PZFQYGM25
B08VYXW41T,A1OJ2PZFQYGM25
B08VYW2C6P,A1OJ2PZFQYGM25
B08TQLV65X,A1OJ2PZFQYGM25
B08BLLVP4C,A1OJ2PZFQYGM25
B08BDJQ72D,A1OJ2PZFQYGM25
B08B9P7G7F,A1OJ2PZFQYGM25
B08B9N3CBK,A1OJ2PZFQYGM25
B08B8XSZF4,A1OJ2PZFQYGM25
B08B8WHXK2,A1OJ2PZFQYGM25
B089CPCJ9X,A1OJ2PZFQYGM25
B0897K7RQF,A1OJ2PZFQYGM25
B088Y4411J,A1OJ2PZFQYGM25
B088D2QLKH,A1OJ2PZFQYGM25
B0881SHZQZ,A1OJ2PZFQYGM25
B087V417R8,A1OJ2PZFQYGM25
B083T4XHZ5,A1OJ2PZFQYGM25
B083LLZFJT,A1OJ2PZFQYGM25
B083LJQQN1,A1OJ2PZFQYGM25
B07ZPG4CFS,A1OJ2PZFQYGM25
B07ZNQ7KWC,A1OJ2PZFQYGM25
B07ZL45DMX,A1OJ2PZFQYGM25
B07ZK2TW5B,A1OJ2PZFQYGM25
B07ZG577NX,A1OJ2PZFQYGM25
B07Z8HXRZK,A1OJ2PZFQYGM25
B07Z5Z1D7X,A1OJ2PZFQYGM25
B07Z5TVSXB,A1OJ2PZFQYGM25
B07Z5GV1XX,A1OJ2PZFQYGM25
B07Z18TVFG,A1OJ2PZFQYGM25
B07YZSFCY5,A1OJ2PZFQYGM25
B07YVKVYND,A1OJ2PZFQYGM25
B07Y5WSW3Q,A1OJ2PZFQYGM25
B07XPDLV28,A1OJ2PZFQYGM25
B07XPCXG2C,A1OJ2PZFQYGM25
B07WLKG7VR,A1OJ2PZFQYGM25
B07WHZ5TRJ,A1OJ2PZFQYGM25
B07WGRJ7C5,A1OJ2PZFQYGM25
B07WDRCWYM,A1OJ2PZFQYGM25
B07WDD86G7,A1OJ2PZFQYGM25
B07W8XN7XP,A1OJ2PZFQYGM25
B07W8X3BTS,A1OJ2PZFQYGM25
B07W8X1NPB,A1OJ2PZFQYGM25
B07W8WXB7C,A1OJ2PZFQYGM25
B07W8WVTGN,A1OJ2PZFQYGM25
B07W8WP698,A1OJ2PZFQYGM25
B07W8VW95J,A1OJ2PZFQYGM25
B07W8VKG9F,A1OJ2PZFQYGM25
B07W8D66G7,A1OJ2PZFQYGM25
B07W7T2YWF,A1OJ2PZFQYGM25
B07W7Q5J4N,A1OJ2PZFQYGM25
B07W7NDD97,A1OJ2PZFQYGM25
B07W6RVWCC,A1OJ2PZFQYGM25
B07W6JZDS8,A1OJ2PZFQYGM25
B07W5R5PS4,A1OJ2PZFQYGM25
B07W5R5L13,A1OJ2PZFQYGM25
B07W5JWVYZ,A1OJ2PZFQYGM25
B07W5B2Z8X,A1OJ2PZFQYGM25
B07W4MF4WV,A1OJ2PZFQYGM25
B07W4FWGNM,A1OJ2PZFQYGM25
B07W4DV1PD,A1OJ2PZFQYGM25
B07W2V6RGY,A1OJ2PZFQYGM25
B07VZ728PW,A1OJ2PZFQYGM25
B07VX9DLLP,A1OJ2PZFQYGM25
B07VWHR1T9,A1OJ2PZFQYGM25
B07V3JB69L,A1OJ2PZFQYGM25
B07V1YBJWB,A1OJ2PZFQYGM25
B07S1Y6BW1,A1OJ2PZFQYGM25
B07QHZ3SVS,A1OJ2PZFQYGM25
B07QDBQ7XL,A1OJ2PZFQYGM25
B07K2J3BWK,A1OJ2PZFQYGM25
B07HG3JQWZ,A1OJ2PZFQYGM25
B07BHB8NCG,A1OJ2PZFQYGM25
B078LW6HNG,A1OJ2PZFQYGM25
B078GJDSSS,A1OJ2PZFQYGM25
B01MZB8XBK,A1OJ2PZFQYGM25
B01MRHHMVO,A1OJ2PZFQYGM25
B01M8EWOEZ,A1OJ2PZFQYGM25
B01M6B0XC1,A1OJ2PZFQYGM25
B01M59YJHV,A1OJ2PZFQYGM25
B01LZ5KDPW,A1OJ2PZFQYGM25
B01LY6DFI8,A1OJ2PZFQYGM25
B01LFG3DCE,A1OJ2PZFQYGM25
B01L2X1E44,A1OJ2PZFQYGM25
B01JU18A0Q,A1OJ2PZFQYGM25
B01JGS89FO,A1OJ2PZFQYGM25
B01JB1RQ0U,A1OJ2PZFQYGM25
B01JB1R8JY,A1OJ2PZFQYGM25
B01JB1Q4EY,A1OJ2PZFQYGM25
B01JB1PSU0,A1OJ2PZFQYGM25
B01JB1PO9A,A1OJ2PZFQYGM25
B01JB1PEQ8,A1OJ2PZFQYGM25
B01JB1OPVI,A1OJ2PZFQYGM25
B01JB1OOJG,A1OJ2PZFQYGM25
B01JB1O8V0,A1OJ2PZFQYGM25
B01JB1O4D2,A1OJ2PZFQYGM25
B01JB1N4Q0,A1OJ2PZFQYGM25
B01JB1MYKW,A1OJ2PZFQYGM25
B01JB1MQVE,A1OJ2PZFQYGM25
B01JB1MDBW,A1OJ2PZFQYGM25
B01JB1M3H6,A1OJ2PZFQYGM25
B01JB1M0VA,A1OJ2PZFQYGM25
B01JB1LSOK,A1OJ2PZFQYGM25
B01JB1K3SM,A1OJ2PZFQYGM25
B01JB1JZQ8,A1OJ2PZFQYGM25
B01JB1JN2E,A1OJ2PZFQYGM25
B01JB1JJGO,A1OJ2PZFQYGM25
B01JB1JHH0,A1OJ2PZFQYGM25
B01JB1JF4U,A1OJ2PZFQYGM25
B01JB1J7I4,A1OJ2PZFQYGM25
B01JB1J2WA,A1OJ2PZFQYGM25
B01JB1IVDQ,A1OJ2PZFQYGM25
B01JB1HFG0,A1OJ2PZFQYGM25
B01JB1HAHE,A1OJ2PZFQYGM25
B01JB1H5Z6,A1OJ2PZFQYGM25
B01JB198RY,A1OJ2PZFQYGM25
B01JB17KRE,A1OJ2PZFQYGM25
B01JB17CS6,A1OJ2PZFQYGM25
B01JB15ZMQ,A1OJ2PZFQYGM25
B01JB156YI,A1OJ2PZFQYGM25
B01JB144PA,A1OJ2PZFQYGM25
B01JB13BUO,A1OJ2PZFQYGM25
B01IHYX16A,A1OJ2PZFQYGM25
B01HTZKF4Y,A1OJ2PZFQYGM25
B01C0SIK4W,A1OJ2PZFQYGM25
B01BH5RFB8,A1OJ2PZFQYGM25
B01B4LSU0K,A1OJ2PZFQYGM25
B019ZRQKV6,A1OJ2PZFQYGM25
B015VL1CIQ,A1OJ2PZFQYGM25
B015T8YP12,A1OJ2PZFQYGM25
B00ZVJ7YQI,A1OJ2PZFQYGM25
B00YZ5197E,A1OJ2PZFQYGM25
B00YCGG1QK,A1OJ2PZFQYGM25
B00YCGE8QK,A1OJ2PZFQYGM25
B00WEGPD96,A1OJ2PZFQYGM25
B00VJ5QFRM,A1OJ2PZFQYGM25
B00VC2SYE4,A1OJ2PZFQYGM25
B00S8N8P9O,A1OJ2PZFQYGM25
B00QZFTUVE,A1OJ2PZFQYGM25
B00QY5UEEW,A1OJ2PZFQYGM25
B00QXNSDTI,A1OJ2PZFQYGM25
B00QSFNU12,A1OJ2PZFQYGM25
B00QSFM1UI,A1OJ2PZFQYGM25
B00QSBVOD2,A1OJ2PZFQYGM25
B00QNUPD7Q,A1OJ2PZFQYGM25
B00NXG8V7M,A1OJ2PZFQYGM25
B00NE66BXC,A1OJ2PZFQYGM25
B00NDO2ZXU,A1OJ2PZFQYGM25
B00MGVJBGK,A1OJ2PZFQYGM25
B00M09LTMC,A1OJ2PZFQYGM25
B00KW96EYU,A1OJ2PZFQYGM25
B00JTSK80G,A1OJ2PZFQYGM25
B00EINBO6O,A1OJ2PZFQYGM25
B00DYAG7UU,A1OJ2PZFQYGM25
B00BT5PNZC,A1OJ2PZFQYGM25
B00BEYDGPC,A1OJ2PZFQYGM25
B00945NGLM,A1OJ2PZFQYGM25
B00945N2UM,A1OJ2PZFQYGM25
B008DKDEY8,A1OJ2PZFQYGM25
B0080D6K8K,A1OJ2PZFQYGM25
B007SNU6F6,A1OJ2PZFQYGM25
B005NZ7ZQE,A1OJ2PZFQYGM25
B004ZGABAE,A1OJ2PZFQYGM25
B004HG0QPW,A1OJ2PZFQYGM25
B004D8QC9S,A1OJ2PZFQYGM25
B00471U8F0,A1OJ2PZFQYGM25
B0044FQP1K,A1OJ2PZFQYGM25
B0040BAN2K,A1OJ2PZFQYGM25
B003XOGZKO,A1OJ2PZFQYGM25
B003VOIFDQ,A1OJ2PZFQYGM25
B003UNE8Q6,A1OJ2PZFQYGM25
B003TOUPN6,A1OJ2PZFQYGM25
B003LYBSBW,A1OJ2PZFQYGM25
B003GF2NFG,A1OJ2PZFQYGM25
B003BYMCVC,A1OJ2PZFQYGM25
B002YH6RBI,A1OJ2PZFQYGM25
B002YG0OKY,A1OJ2PZFQYGM25
B002WMYHEO,A1OJ2PZFQYGM25
B002PHM15S,A1OJ2PZFQYGM25
B002L1PH9A,A1OJ2PZFQYGM25
B001TEKP4C,A1OJ2PZFQYGM25
B001T6CFNY,A1OJ2PZFQYGM25
B001AH7IDE,A1OJ2PZFQYGM25
B00103W7WU,A1OJ2PZFQYGM25
B000S66YEC,A1OJ2PZFQYGM25
B081Z1WVQ5,A1OJ2PZFQYGM25
B004H4R0O4,A1OJ2PZFQYGM25
4046055472,A1OJ2PZFQYGM25
B07Z5NL5C2,A1OJ2PZFQYGM25
B01CMM93WY,A1OJ2PZFQYGM25
B07YFQYXW4,A1OJ2PZFQYGM25
B0858CBTLP,A1OJ2PZFQYGM25
B07XNW313D,A1OJ2PZFQYGM25
B07V5R553N,A1OJ2PZFQYGM25
B07RQYJFFJ,A1OJ2PZFQYGM25
B084KQVDSP,A1OJ2PZFQYGM25
B01LXAZSO1,A1OJ2PZFQYGM25
B01M0LYNCW,A1OJ2PZFQYGM25
B01DTAZEZ8,A1OJ2PZFQYGM25
B00CTC9QGG,A1OJ2PZFQYGM25
B071767P3P,A1OJ2PZFQYGM25
B000HS1TK0,A1OJ2PZFQYGM25
B000GTXNFE,A1OJ2PZFQYGM25
B000GOIBBA,A1OJ2PZFQYGM25
B000EQA49W,A1OJ2PZFQYGM25
B000C7ULBO,A1OJ2PZFQYGM25
B0007CM3E2,A1OJ2PZFQYGM25
1941341810,A1OJ2PZFQYGM25
B000CPZZ44,A1OJ2PZFQYGM25
B077ZLWDBG,A1OJ2PZFQYGM25
B006K8VYII,A1OJ2PZFQYGM25
B0017NAANQ,A1OJ2PZFQYGM25
B0C1MTBBF4,A1OJ2PZFQYGM25
B0B7HLJ86X,A1OJ2PZFQYGM25
B0B2L6SD22,A1OJ2PZFQYGM25
B09LHBR4WD,A1OJ2PZFQYGM25
B09J5BSZGV,A1OJ2PZFQYGM25
B09H3JBY2Z,A1OJ2PZFQYGM25
B09H3HX296,A1OJ2PZFQYGM25
B09CV8WNCG,A1OJ2PZFQYGM25
B099RW4LQ6,A1OJ2PZFQYGM25
B098W5PC5L,A1OJ2PZFQYGM25
B0979L9TW3,A1OJ2PZFQYGM25
B0966F2NZ8,A1OJ2PZFQYGM25
B095KVDK6H,A1OJ2PZFQYGM25
B08V353GRG,A1OJ2PZFQYGM25
B08R7XKN5D,A1OJ2PZFQYGM25
B08NMPY8W1,A1OJ2PZFQYGM25
B08H1M3Z8K,A1OJ2PZFQYGM25
B08GC28HX2,A1OJ2PZFQYGM25
B08BLKR1YL,A1OJ2PZFQYGM25
B08B47F3PX,A1OJ2PZFQYGM25
B08B3LDGJG,A1OJ2PZFQYGM25
B08B3317VL,A1OJ2PZFQYGM25
B089T5VS2D,A1OJ2PZFQYGM25
B088ZGVWBJ,A1OJ2PZFQYGM25
B088FCLWR5,A1OJ2PZFQYGM25
B0882XXKZW,A1OJ2PZFQYGM25
B087TYJW6N,A1OJ2PZFQYGM25
B084JCK5YM,A1OJ2PZFQYGM25
B081N7VC5P,A1OJ2PZFQYGM25
B08172JBB3,A1OJ2PZFQYGM25
B07YVNMF22,A1OJ2PZFQYGM25
B07YN5S25X,A1OJ2PZFQYGM25
B07YFC8ZKM,A1OJ2PZFQYGM25
B07YDZVB5Q,A1OJ2PZFQYGM25
B07YDF2KLQ,A1OJ2PZFQYGM25
B07XV9SYND,A1OJ2PZFQYGM25
B07XKDWN9W,A1OJ2PZFQYGM25
B07X49CNXP,A1OJ2PZFQYGM25
B07V6C2DFW,A1OJ2PZFQYGM25
B07TWYJJ44,A1OJ2PZFQYGM25
B07QQVF8L8,A1OJ2PZFQYGM25
B07L8RS9BZ,A1OJ2PZFQYGM25
B07HKV93VJ,A1OJ2PZFQYGM25
B07D9TG9XT,A1OJ2PZFQYGM25
B01451IQH8,A1OJ2PZFQYGM25
B012WZOOU2,A1OJ2PZFQYGM25
B00U9VXFUM,A1OJ2PZFQYGM25
B00QXWPH3Y,A1OJ2PZFQYGM25
B00QSEC3G6,A1OJ2PZFQYGM25
B00QSC5MU2,A1OJ2PZFQYGM25
B00QPRIVCG,A1OJ2PZFQYGM25
B00QM54YFE,A1OJ2PZFQYGM25
B00QJD4KNK,A1OJ2PZFQYGM25
B00OV99XUO,A1OJ2PZFQYGM25
B00O399VPO,A1OJ2PZFQYGM25
B00M2B12EI,A1OJ2PZFQYGM25
B00LGYP77U,A1OJ2PZFQYGM25
B00KY9THJM,A1OJ2PZFQYGM25
B00KON879O,A1OJ2PZFQYGM25
B00IQ3QCEQ,A1OJ2PZFQYGM25
B075D8SCJ2,A1OJ2PZFQYGM25
B06ZZPMV57,A1OJ2PZFQYGM25
B01LZX87TP,A1OJ2PZFQYGM25
B01LY9XVII,A1OJ2PZFQYGM25
B01LWYM711,A1OJ2PZFQYGM25
B01KUSVR8A,A1OJ2PZFQYGM25
B01JB14OF0,A1OJ2PZFQYGM25
B01IQO1DY8,A1OJ2PZFQYGM25
B01IKD1C14,A1OJ2PZFQYGM25
B01IAFU0TM,A1OJ2PZFQYGM25
B01HL56HUS,A1OJ2PZFQYGM25
B01FUSBOYC,A1OJ2PZFQYGM25
B01FNROVSG,A1OJ2PZFQYGM25
B01936EXPY,A1OJ2PZFQYGM25
B0172DWRS0,A1OJ2PZFQYGM25
B016N70ZQM,A1OJ2PZFQYGM25
B00EE1C3TW,A1OJ2PZFQYGM25
B00DYAIAVO,A1OJ2PZFQYGM25
B00DJUHPYW,A1OJ2PZFQYGM25
B00C4ZVIO6,A1OJ2PZFQYGM25
B00BT5AIAM,A1OJ2PZFQYGM25
B00A0NITVY,A1OJ2PZFQYGM25
B006GDVUBI,A1OJ2PZFQYGM25
B005I0KH1Y,A1OJ2PZFQYGM25
B0058I2J6W,A1OJ2PZFQYGM25
B004OR1NAQ,A1OJ2PZFQYGM25
B004K9F9VC,A1OJ2PZFQYGM25
B004A5YO30,A1OJ2PZFQYGM25
B0049D9YYC,A1OJ2PZFQYGM25
B0044USEDW,A1OJ2PZFQYGM25
B00435JAC2,A1OJ2PZFQYGM25
B0040BR1R0,A1OJ2PZFQYGM25
B000OEMTKQ,A1OJ2PZFQYGM25
B000JPGYQK,A1OJ2PZFQYGM25
B000EQA4AQ,A1OJ2PZFQYGM25
B000C7Y8KY,A1OJ2PZFQYGM25
B000AS3OWI,A1OJ2PZFQYGM25
B0006IJRP0,A1OJ2PZFQYGM25
1562906828,A1OJ2PZFQYGM25
B003ZJ5HQU,A1OJ2PZFQYGM25
B003CMPYTA,A1OJ2PZFQYGM25
B0037H43SI,A1OJ2PZFQYGM25
B0035Y7MCW,A1OJ2PZFQYGM25
B002YFHST0,A1OJ2PZFQYGM25
B002L1P93E,A1OJ2PZFQYGM25
B002AE2AHA,A1OJ2PZFQYGM25
B00271L0S6,A1OJ2PZFQYGM25
B001KO0P00,A1OJ2PZFQYGM25
B001EC66W4,A1OJ2PZFQYGM25
B001DCKTMS,A1OJ2PZFQYGM25
B0018STMYI,A1OJ2PZFQYGM25
B0012OVB2Y,A1OJ2PZFQYGM25
B000RIMAHG,A1OJ2PZFQYGM25
B000RIGHBQ,A1OJ2PZFQYGM25
B000QWBXAI,A1OJ2PZFQYGM25
B07Q65VV5X,A1OJ2PZFQYGM25
B0006307SQ,A1OJ2PZFQYGM25
483873140X,A1OJ2PZFQYGM25
B07B4NKX81,A1OJ2PZFQYGM25
B07WK7YR5W,A1OJ2PZFQYGM25
4801301592,A1OJ2PZFQYGM25
B071X95GPS,A1OJ2PZFQYGM25
B0822HHWG8,A1OJ2PZFQYGM25
4798063118,A1OJ2PZFQYGM25
B01K18RUA8,A1OJ2PZFQYGM25
B00NH3MXES,A1OJ2PZFQYGM25
4798061301,A1OJ2PZFQYGM25
B01J3AQ72W,A1OJ2PZFQYGM25
B003VUXQ3O,A1OJ2PZFQYGM25
476314121X,A1OJ2PZFQYGM25
B00BFWBQPK,A1OJ2PZFQYGM25
B0025G2HMG,A1OJ2PZFQYGM25
B089G8FR7H,A1OJ2PZFQYGM25
B07ZPF483J,A1OJ2PZFQYGM25
8194702828,A1OJ2PZFQYGM25
B085G57645,A1OJ2PZFQYGM25
B000CONVV4,A1OJ2PZFQYGM25
4908804559,A1OJ2PZFQYGM25
B084HM36KP,A1OJ2PZFQYGM25
B07Q6L826P,A1OJ2PZFQYGM25
4898314996,A1OJ2PZFQYGM25
B07ZQ27NL8,A1OJ2PZFQYGM25
B00T1BTGGS,A1OJ2PZFQYGM25
4881383973,A1OJ2PZFQYGM25
B07Y5VCHCJ,A1OJ2PZFQYGM25
B01MRRYF6N,A1OJ2PZFQYGM25
4866980052,A1OJ2PZFQYGM25
B07Z6N4NQ4,A1OJ2PZFQYGM25
463517199X,A1OJ2PZFQYGM25
B01IPQMZ26,A1OJ2PZFQYGM25
4426123879,A1OJ2PZFQYGM25
B01D3DZMLM,A1OJ2PZFQYGM25
4295400963,A1OJ2PZFQYGM25
B000C2DV1G,A1OJ2PZFQYGM25
4141992844,A1OJ2PZFQYGM25
B0BYYQZZ2L,A1OJ2PZFQYGM25
4087880060,A1OJ2PZFQYGM25
B0BXSV4P76,A1OJ2PZFQYGM25
4074564157,A1OJ2PZFQYGM25
B0BHNTLBS6,A1OJ2PZFQYGM25
4065201578,A1OJ2PZFQYGM25
B0BCH74GZ3,A1OJ2PZFQYGM25
4065196108,A1OJ2PZFQYGM25
B0B65CD3G1,A1OJ2PZFQYGM25
4062884429,A1OJ2PZFQYGM25
B0B4VS49ZC,A1OJ2PZFQYGM25
406288433X,A1OJ2PZFQYGM25
B09H3GJ2ZX,A1OJ2PZFQYGM25
4000073931,A1OJ2PZFQYGM25
B09BKLHF6Z,A1OJ2PZFQYGM25
B096R3ZFY5,A1OJ2PZFQYGM25
B093QB2WMH,A1OJ2PZFQYGM25
B0922KN4WK,A1OJ2PZFQYGM25
B08ZW76YQC,A1OJ2PZFQYGM25
B08Z76XH7F,A1OJ2PZFQYGM25
B08R28V4L4,A1OJ2PZFQYGM25
B08R27KD78,A1OJ2PZFQYGM25
B08P62P396,A1OJ2PZFQYGM25
B08LCMYK9G,A1OJ2PZFQYGM25
B08FF8XFVD,A1OJ2PZFQYGM25
B08FF72469,A1OJ2PZFQYGM25
B08FCW3HMX,A1OJ2PZFQYGM25
B08FCTVJ6V,A1OJ2PZFQYGM25
B08BZHMZ1Y,A1OJ2PZFQYGM25
B08B9K9L4D,A1OJ2PZFQYGM25
B08B9119JN,A1OJ2PZFQYGM25
B08B8XGH2Q,A1OJ2PZFQYGM25
B08B8WQ2Q9,A1OJ2PZFQYGM25
B08B8WNV3K,A1OJ2PZFQYGM25
B0892RHRC9,A1OJ2PZFQYGM25
B08562X762,A1OJ2PZFQYGM25
B084WNH2SX,A1OJ2PZFQYGM25
B084WD2XMF,A1OJ2PZFQYGM25
B084GWLWML,A1OJ2PZFQYGM25
B083HBVWKH,A1OJ2PZFQYGM25
B07WG3PGQH,A1OJ2PZFQYGM25
B07W8ZDQG8,A1OJ2PZFQYGM25
B07W8YX64L,A1OJ2PZFQYGM25
B07W6HSF1L,A1OJ2PZFQYGM25
B07VWNNPJC,A1OJ2PZFQYGM25
B07V6MN1K6,A1OJ2PZFQYGM25
B07S41PJ76,A1OJ2PZFQYGM25
B07R63J6FS,A1OJ2PZFQYGM25
B07Q22F26R,A1OJ2PZFQYGM25
B07KK6D4J9,A1OJ2PZFQYGM25
B07HY5NJTH,A1OJ2PZFQYGM25
B07HWXRR2R,A1OJ2PZFQYGM25
B07DQSRY3V,A1OJ2PZFQYGM25
B079Z4CCDB,A1OJ2PZFQYGM25
B01MRY80DW,A1OJ2PZFQYGM25
B01MPWYIO9,A1OJ2PZFQYGM25
B00WIFF33O,A1OJ2PZFQYGM25
B00R0DROQS,A1OJ2PZFQYGM25
B00QUEIFM0,A1OJ2PZFQYGM25
B00QSK3CEW,A1OJ2PZFQYGM25
B00Q1EUDE2,A1OJ2PZFQYGM25
B00PV4MAKI,A1OJ2PZFQYGM25
B00O7Y7RGK,A1OJ2PZFQYGM25
B00IXIA3KS,A1OJ2PZFQYGM25
B00HS6I402,A1OJ2PZFQYGM25
B00GXJEWLA,A1OJ2PZFQYGM25
B009IS3JLM,A1OJ2PZFQYGM25
B008CNOG3O,A1OJ2PZFQYGM25
B005DPGD4E,A1OJ2PZFQYGM25
B0050SXKLI,A1OJ2PZFQYGM25
B004O78GU6,A1OJ2PZFQYGM25
B004J9FCTM,A1OJ2PZFQYGM25
B081ZN9G7M,A1OJ2PZFQYGM25
B081RJ7KMC,A1OJ2PZFQYGM25
B081NGYSC6,A1OJ2PZFQYGM25
B07ZYPRF72,A1OJ2PZFQYGM25
B07ZMM5VKZ,A1OJ2PZFQYGM25
B07Z1H984Q,A1OJ2PZFQYGM25
B07YL8YY9M,A1OJ2PZFQYGM25
B07Y1NCF24,A1OJ2PZFQYGM25
B07XGNFXT6,A1OJ2PZFQYGM25
B07X5KVLZ8,A1OJ2PZFQYGM25
B07X2FV8SY,A1OJ2PZFQYGM25
B07WWFN8KJ,A1OJ2PZFQYGM25
B07WSRT1JK,A1OJ2PZFQYGM25
B07WSFJRXX,A1OJ2PZFQYGM25
B07WRMDLLB,A1OJ2PZFQYGM25
B07WN2RHQT,A1OJ2PZFQYGM25
B004I2E51G,A1OJ2PZFQYGM25
B0049UZ8MC,A1OJ2PZFQYGM25
B003VV1JJQ,A1OJ2PZFQYGM25
B003P69JN0,A1OJ2PZFQYGM25
B003N17SRQ,A1OJ2PZFQYGM25
B002UJZ01S,A1OJ2PZFQYGM25
B002L1IP4O,A1OJ2PZFQYGM25
B002FB4OH2,A1OJ2PZFQYGM25
B002FA41CQ,A1OJ2PZFQYGM25
B001E12SR2,A1OJ2PZFQYGM25
B001DKMU72,A1OJ2PZFQYGM25
B000WK8ZA0,A1OJ2PZFQYGM25
B000LEMY3G,A1OJ2PZFQYGM25
B000JHTMPS,A1OJ2PZFQYGM25
B000FLCBGK,A1OJ2PZFQYGM25
B000DZKOEO,A1OJ2PZFQYGM25
B000CQ21N6,A1OJ2PZFQYGM25
B000C7YIVI,A1OJ2PZFQYGM25
B000C7YCL4,A1OJ2PZFQYGM25
B000853PQS,A1OJ2PZFQYGM25
B0002SRG4S,A1OJ2PZFQYGM25
B01LWPLHU5,A1OJ2PZFQYGM25
B01LDGP0KO,A1OJ2PZFQYGM25
B01LBDY3X4,A1OJ2PZFQYGM25
B01JWV990E,A1OJ2PZFQYGM25
B01JQ0DH90,A1OJ2PZFQYGM25
B01JI9YXWY,A1OJ2PZFQYGM25
B01H4N3BWO,A1OJ2PZFQYGM25
B01DTENR9O,A1OJ2PZFQYGM25
B01BIE2TR8,A1OJ2PZFQYGM25
B01B83UW0A,A1OJ2PZFQYGM25
B01AZVIRLC,A1OJ2PZFQYGM25
B018SK2Z6K,A1OJ2PZFQYGM25
B016TQOJFA,A1OJ2PZFQYGM25
B0169EV8H4,A1OJ2PZFQYGM25
B013TO7I6W,A1OJ2PZFQYGM25
B010FB5RSS,A1OJ2PZFQYGM25
B0993V7F1P,A1OJ2PZFQYGM25
B0000067AA,A1OJ2PZFQYGM25
B08YWZ5M3J,A1OJ2PZFQYGM25
4906124968,A1OJ2PZFQYGM25
B096RZW2QB,A1OJ2PZFQYGM25
B093R4H8QW,A1OJ2PZFQYGM25
4886836968,A1OJ2PZFQYGM25
B0923MBFNB,A1OJ2PZFQYGM25
B001V9JMVC,A1OJ2PZFQYGM25
4862901689,A1OJ2PZFQYGM25
B084HM22PW,A1OJ2PZFQYGM25
B08DFKCWX4,A1OJ2PZFQYGM25
4847099575,A1OJ2PZFQYGM25
B08289W853,A1OJ2PZFQYGM25
B000I43RVW,A1OJ2PZFQYGM25
4804763481,A1OJ2PZFQYGM25
B00NJAB55W,A1OJ2PZFQYGM25
4062923858,A1OJ2PZFQYGM25
B07PNHB5H6,A1OJ2PZFQYGM25
B00ECJQ0RW,A1OJ2PZFQYGM25
4061594516,A1OJ2PZFQYGM25
B07M7LQ9Q8,A1OJ2PZFQYGM25
B005G0QH3I,A1OJ2PZFQYGM25
B07M7LPMYY,A1OJ2PZFQYGM25
B001GXFK28,A1OJ2PZFQYGM25
B07GY1RFFJ,A1OJ2PZFQYGM25
B0C2ND4NVW,A1OJ2PZFQYGM25
B01KB9RYT4,A1OJ2PZFQYGM25
B0BZSV9V3Q,A1OJ2PZFQYGM25
B01KB9QU1M,A1OJ2PZFQYGM25
B0BYYWXDZD,A1OJ2PZFQYGM25
B01FV0RP7O,A1OJ2PZFQYGM25
B09H3KF25Y,A1OJ2PZFQYGM25
B01AX8BPCA,A1OJ2PZFQYGM25
B09B7Y4JMQ,A1OJ2PZFQYGM25
B099S1GYY1,A1OJ2PZFQYGM25
B091YZVTQM,A1OJ2PZFQYGM25
B08WKPQ3L9,A1OJ2PZFQYGM25
B08VNN1NTV,A1OJ2PZFQYGM25
B08VN7X1MR,A1OJ2PZFQYGM25
B08VN7KN14,A1OJ2PZFQYGM25
B08VMWY7N5,A1OJ2PZFQYGM25
B08R5V3PBL,A1OJ2PZFQYGM25
B08L74M34V,A1OJ2PZFQYGM25
B08GP1TT19,A1OJ2PZFQYGM25
B08B8ZFNK9,A1OJ2PZFQYGM25
B08B8XHC84,A1OJ2PZFQYGM25
B089KR125L,A1OJ2PZFQYGM25
B07Z5H298W,A1OJ2PZFQYGM25
B07SYD8DZP,A1OJ2PZFQYGM25
4754101251,A1OJ2PZFQYGM25
B07Y41KQQZ,A1OJ2PZFQYGM25
B0BFWFM54F,A1OJ2PZFQYGM25
4750516392,A1OJ2PZFQYGM25
B07WV62RLB,A1OJ2PZFQYGM25
B07BVSLS1L,A1OJ2PZFQYGM25
4295018112,A1OJ2PZFQYGM25
B07TNGY72N,A1OJ2PZFQYGM25
B01LYCKE6F,A1OJ2PZFQYGM25
4065234042,A1OJ2PZFQYGM25
B07QNJ24CF,A1OJ2PZFQYGM25
B07WK1L2LW,A1OJ2PZFQYGM25
4065208645,A1OJ2PZFQYGM25
B07Q2B3QXY,A1OJ2PZFQYGM25
B089BV1HCB,A1OJ2PZFQYGM25
B0899SRMTX,A1OJ2PZFQYGM25
B0892Q1PXR,A1OJ2PZFQYGM25
B08886TWKR,A1OJ2PZFQYGM25
B084WLXRVX,A1OJ2PZFQYGM25
B084G81531,A1OJ2PZFQYGM25
B081TFNL3Y,A1OJ2PZFQYGM25
B081PS793S,A1OJ2PZFQYGM25
B07ZQNYKXX,A1OJ2PZFQYGM25
B07ZBLFTCD,A1OJ2PZFQYGM25
B07Z7932LT,A1OJ2PZFQYGM25
B07YZR6QD1,A1OJ2PZFQYGM25
B07YGTPJKC,A1OJ2PZFQYGM25
B07Y3YHHLT,A1OJ2PZFQYGM25
B07XSB59RV,A1OJ2PZFQYGM25
B07XRVSSWY,A1OJ2PZFQYGM25
B07XRJMRKS,A1OJ2PZFQYGM25
B07X99YK65,A1OJ2PZFQYGM25
B07X8LCH72,A1OJ2PZFQYGM25
B07WVDYXQ5,A1OJ2PZFQYGM25
B07WR4H11N,A1OJ2PZFQYGM25
B07WQV74MC,A1OJ2PZFQYGM25
B07WQV739S,A1OJ2PZFQYGM25
B07WQV6LWM,A1OJ2PZFQYGM25
B07WQTWYBS,A1OJ2PZFQYGM25
B07WMF9NF7,A1OJ2PZFQYGM25
B07WKL38ZH,A1OJ2PZFQYGM25
B07WJG9MNS,A1OJ2PZFQYGM25
B07WJG9DDD,A1OJ2PZFQYGM25
B07WJG8W2B,A1OJ2PZFQYGM25
B07WDTXGY2,A1OJ2PZFQYGM25
B07W955M1H,A1OJ2PZFQYGM25
B07W955G3F,A1OJ2PZFQYGM25
B07W67VFW8,A1OJ2PZFQYGM25
B07W5SYJ45,A1OJ2PZFQYGM25
B07W4ZY1GP,A1OJ2PZFQYGM25
B07W3JTFBF,A1OJ2PZFQYGM25
B07V5K9Y1V,A1OJ2PZFQYGM25
B07S1QFDCZ,A1OJ2PZFQYGM25
B07R2KDZ6H,A1OJ2PZFQYGM25
B07R2JLFRS,A1OJ2PZFQYGM25
B07R2JJBMC,A1OJ2PZFQYGM25
B07QM9V1FH,A1OJ2PZFQYGM25
B07Q287BDK,A1OJ2PZFQYGM25
B07PDT6TNQ,A1OJ2PZFQYGM25
B07JMFCSDL,A1OJ2PZFQYGM25
B078N8P16K,A1OJ2PZFQYGM25
B074JBYHTL,A1OJ2PZFQYGM25
B071LH2Y2J,A1OJ2PZFQYGM25
B06XB2LK2S,A1OJ2PZFQYGM25
B01M4O5WV2,A1OJ2PZFQYGM25
B01M34HTK9,A1OJ2PZFQYGM25
B01LZ28Q3Z,A1OJ2PZFQYGM25
B01LX85FVR,A1OJ2PZFQYGM25
B01LWLV19X,A1OJ2PZFQYGM25
B01LHP9FY8,A1OJ2PZFQYGM25
B01KTVDPZQ,A1OJ2PZFQYGM25
B01K3I3DA2,A1OJ2PZFQYGM25
B01K1N265C,A1OJ2PZFQYGM25
B01K1N2314,A1OJ2PZFQYGM25
B01K1N1YAA,A1OJ2PZFQYGM25
B01K1N1VYO,A1OJ2PZFQYGM25
B01K1N1QE4,A1OJ2PZFQYGM25
B01K1N1OZU,A1OJ2PZFQYGM25
B01K1N1MPC,A1OJ2PZFQYGM25
B01K1N1LJ4,A1OJ2PZFQYGM25
B01K1N1KF4,A1OJ2PZFQYGM25
B01JQUXKNI,A1OJ2PZFQYGM25
B01IAFTY1W,A1OJ2PZFQYGM25
B01FRH0WSA,A1OJ2PZFQYGM25
B01DNNHXXM,A1OJ2PZFQYGM25
B01C62RJL2,A1OJ2PZFQYGM25
B01AR42Z9C,A1OJ2PZFQYGM25
B019YV9FT2,A1OJ2PZFQYGM25
B017WVPJ96,A1OJ2PZFQYGM25
B00S7FOD6W,A1OJ2PZFQYGM25
B00QZ1I0H8,A1OJ2PZFQYGM25
B00QMQ9RWS,A1OJ2PZFQYGM25
B00QM88SF8,A1OJ2PZFQYGM25
B00QKU0A04,A1OJ2PZFQYGM25
B005X8HQHE,A1OJ2PZFQYGM25
B0050SXT1E,A1OJ2PZFQYGM25
B004S6XAU4,A1OJ2PZFQYGM25
B004GCD0V4,A1OJ2PZFQYGM25
B004C6DSE8,A1OJ2PZFQYGM25
B00466YE6A,A1OJ2PZFQYGM25
B0044URVJA,A1OJ2PZFQYGM25
B003R7JZKO,A1OJ2PZFQYGM25
B003PIV5A8,A1OJ2PZFQYGM25
B003FQCK9U,A1OJ2PZFQYGM25
B003B1E0PG,A1OJ2PZFQYGM25
B002O088KS,A1OJ2PZFQYGM25
B002NQX2QS,A1OJ2PZFQYGM25
B002MZWNKG,A1OJ2PZFQYGM25
B002L1IO7W,A1OJ2PZFQYGM25
B002BTL2W8,A1OJ2PZFQYGM25
B00QJED058,A1OJ2PZFQYGM25
B00PCHIQ16,A1OJ2PZFQYGM25
B00NJC1NSO,A1OJ2PZFQYGM25
B00NJ5WILC,A1OJ2PZFQYGM25
B00LEXM5GY,A1OJ2PZFQYGM25
B00KONCGDM,A1OJ2PZFQYGM25
B00F544E1M,A1OJ2PZFQYGM25
B00DYARX4O,A1OJ2PZFQYGM25
B00DK88VFK,A1OJ2PZFQYGM25
B00BRX44II,A1OJ2PZFQYGM25
B009ZIG0NO,A1OJ2PZFQYGM25
B009KWHNWM,A1OJ2PZFQYGM25
B009I5RQ5K,A1OJ2PZFQYGM25
B009I5RM1I,A1OJ2PZFQYGM25
B008E076K0,A1OJ2PZFQYGM25
B006LGE7SI,A1OJ2PZFQYGM25
B000BTKGAO,A1OJ2PZFQYGM25
B000ALCBRO,A1OJ2PZFQYGM25
B0002GVFB0,A1OJ2PZFQYGM25
B097RD3D63,A1OJ2PZFQYGM25
B000P0IAY8,A1OJ2PZFQYGM25
9814630837,A1OJ2PZFQYGM25
B081MVT5XS,A1OJ2PZFQYGM25
B007QT84KG,A1OJ2PZFQYGM25
B0001B43ME,A1OJ2PZFQYGM25
4862575498,A1OJ2PZFQYGM25
B077MXC8SV,A1OJ2PZFQYGM25
B0855NZT9T,A1OJ2PZFQYGM25
B00W1X0UHM,A1OJ2PZFQYGM25
4797671882,A1OJ2PZFQYGM25
B0BNDGZC4M,A1OJ2PZFQYGM25
B002JCSP0E,A1OJ2PZFQYGM25
B01A0FEIJ8,A1OJ2PZFQYGM25
4594065503,A1OJ2PZFQYGM25
B07WMTLW84,A1OJ2PZFQYGM25
B00GC81R4W,A1OJ2PZFQYGM25
4581063930,A1OJ2PZFQYGM25
B0991MH2GM,A1OJ2PZFQYGM25
B005UW4XEW,A1OJ2PZFQYGM25
4569787150,A1OJ2PZFQYGM25
B0946M5X9G,A1OJ2PZFQYGM25
B01IAFJCG4,A1OJ2PZFQYGM25
4420320494,A1OJ2PZFQYGM25
B087Q9R5DQ,A1OJ2PZFQYGM25
4416517696,A1OJ2PZFQYGM25
B002FYAQ2Q,A1OJ2PZFQYGM25
B084HM8BPC,A1OJ2PZFQYGM25
4344424018,A1OJ2PZFQYGM25
B01D26DJU6,A1OJ2PZFQYGM25
B07ZKXRKZP,A1OJ2PZFQYGM25
4163913920,A1OJ2PZFQYGM25
B0026MSP3E,A1OJ2PZFQYGM25
B001THC4O8,A1OJ2PZFQYGM25
B001TEQ67W,A1OJ2PZFQYGM25
B001O7DO4C,A1OJ2PZFQYGM25
B001N3LD7C,A1OJ2PZFQYGM25
B001HC0RIU,A1OJ2PZFQYGM25
B001BIXO1W,A1OJ2PZFQYGM25
B001AH7BQ8,A1OJ2PZFQYGM25
B0012BTO6M,A1OJ2PZFQYGM25
B000TJAMW8,A1OJ2PZFQYGM25
B000KL2V3S,A1OJ2PZFQYGM25
B000JKF9OS,A1OJ2PZFQYGM25
B000GU2AMU,A1OJ2PZFQYGM25
B000CQ21TA,A1OJ2PZFQYGM25
B000C7XNXW,A1OJ2PZFQYGM25
B000C5P634,A1OJ2PZFQYGM25
B002LUQBSW,A1OJ2PZFQYGM25
B07ZJ7TPBD,A1OJ2PZFQYGM25
4061592785,A1OJ2PZFQYGM25
B00EHIZ8D0,A1OJ2PZFQYGM25
B07YX1MZ67,A1OJ2PZFQYGM25
B08RGGGPQ2,A1OJ2PZFQYGM25
B07XRKV9L7,A1OJ2PZFQYGM25
B01N2SY11I,A1OJ2PZFQYGM25
B07XNQNZ6H,A1OJ2PZFQYGM25
B07WVDXVTT,A1OJ2PZFQYGM25
B07W64WCSJ,A1OJ2PZFQYGM25
B08H71KH2N,A1OJ2PZFQYGM25
B07W49PNQ4,A1OJ2PZFQYGM25
B019ZECIJ2,A1OJ2PZFQYGM25
B07T3RS5TK,A1OJ2PZFQYGM25
B07WWG76S1,A1OJ2PZFQYGM25
B010W741HS,A1OJ2PZFQYGM25
B075MB5WCG,A1OJ2PZFQYGM25
B00EI90XX8,A1OJ2PZFQYGM25
B00D19OW56,A1OJ2PZFQYGM25
B007YLTKRM,A1OJ2PZFQYGM25
B0C3KTX8J5,A1OJ2PZFQYGM25
B087BTXK3J,A1OJ2PZFQYGM25
B07W7W197C,A1OJ2PZFQYGM25
B07SWHRXFS,A1OJ2PZFQYGM25
B07RX3ZVSQ,A1OJ2PZFQYGM25
B01F4P1KFY,A1OJ2PZFQYGM25
B01BGPNV08,A1OJ2PZFQYGM25
B00N412OWO,A1OJ2PZFQYGM25
B0043YVQQ6,A1OJ2PZFQYGM25
B0C1H1GD16,A1OJ2PZFQYGM25
B0C1H1BGPY,A1OJ2PZFQYGM25
B0BVB51CGG,A1OJ2PZFQYGM25
B0BGX1NS64,A1OJ2PZFQYGM25
B09QPCLJ99,A1OJ2PZFQYGM25
B09JKKDF7K,A1OJ2PZFQYGM25
B09H3H9K78,A1OJ2PZFQYGM25
B09B4DBSTC,A1OJ2PZFQYGM25
B099PXDLP9,A1OJ2PZFQYGM25
B09871V3Q2,A1OJ2PZFQYGM25
B097Y11HWR,A1OJ2PZFQYGM25
B097LT4GRN,A1OJ2PZFQYGM25
B09619VD6W,A1OJ2PZFQYGM25
B093WVZTY1,A1OJ2PZFQYGM25
B093TFWJWY,A1OJ2PZFQYGM25
B0929C4YWS,A1OJ2PZFQYGM25
B08Z2XPKHM,A1OJ2PZFQYGM25
B08WZB8TLC,A1OJ2PZFQYGM25
B0882N4W5G,A1OJ2PZFQYGM25
B0881ZP4QP,A1OJ2PZFQYGM25
B087YV5YHY,A1OJ2PZFQYGM25
B087RW1BTX,A1OJ2PZFQYGM25
B087Q88XTV,A1OJ2PZFQYGM25
B083RN6NSD,A1OJ2PZFQYGM25
B082WN3Q3G,A1OJ2PZFQYGM25
B081QX5RPW,A1OJ2PZFQYGM25
B081H4Y553,A1OJ2PZFQYGM25
B0816Q2774,A1OJ2PZFQYGM25
B08164KBG1,A1OJ2PZFQYGM25
B08139X72H,A1OJ2PZFQYGM25
B07ZTJ6H39,A1OJ2PZFQYGM25
B07ZR738JB,A1OJ2PZFQYGM25
B07ZCC22BP,A1OJ2PZFQYGM25
B07Z9SFDW8,A1OJ2PZFQYGM25
B08WJWF474,A1OJ2PZFQYGM25
B08VHS5JMV,A1OJ2PZFQYGM25
B08V8XN8SC,A1OJ2PZFQYGM25
B08V8RCN57,A1OJ2PZFQYGM25
B08LYX4L1P,A1OJ2PZFQYGM25
B08LQTBP6N,A1OJ2PZFQYGM25
B08H2KFFNH,A1OJ2PZFQYGM25
B08GHB3H9K,A1OJ2PZFQYGM25
B08BQ78D8W,A1OJ2PZFQYGM25
B08BMWHZRB,A1OJ2PZFQYGM25
B08B9TBPF8,A1OJ2PZFQYGM25
B08B8XQT43,A1OJ2PZFQYGM25
B08B5QQLH3,A1OJ2PZFQYGM25
B089DKV1P4,A1OJ2PZFQYGM25
B089CQF62C,A1OJ2PZFQYGM25
B088BNFBRS,A1OJ2PZFQYGM25
B07Z8J2HVJ,A1OJ2PZFQYGM25
B07Z7HPSXS,A1OJ2PZFQYGM25
B07Z3MYTHM,A1OJ2PZFQYGM25
B07YXJ9GGV,A1OJ2PZFQYGM25
B07YX672SD,A1OJ2PZFQYGM25
B07YMTDCTL,A1OJ2PZFQYGM25
B07YL7NQF7,A1OJ2PZFQYGM25
B07YH3BCD2,A1OJ2PZFQYGM25
B07Y86145Y,A1OJ2PZFQYGM25
B07Y1D4KFM,A1OJ2PZFQYGM25
B07XP6GLH1,A1OJ2PZFQYGM25
B07WVG6MQ5,A1OJ2PZFQYGM25
B07WTXB1XB,A1OJ2PZFQYGM25
B07WTN2FT2,A1OJ2PZFQYGM25
B07WT21PY2,A1OJ2PZFQYGM25
B07WH1K83G,A1OJ2PZFQYGM25
B07WF2PK3S,A1OJ2PZFQYGM25
B07WDHPK7N,A1OJ2PZFQYGM25
B07W6G9C6M,A1OJ2PZFQYGM25
B07SMG2NCX,A1OJ2PZFQYGM25
B07Q5C1ZG2,A1OJ2PZFQYGM25
B07NWWTQ1K,A1OJ2PZFQYGM25
B07GH7FDK8,A1OJ2PZFQYGM25
B07DGJ7317,A1OJ2PZFQYGM25
B077X8RM65,A1OJ2PZFQYGM25
B076QKKDBH,A1OJ2PZFQYGM25
B0759S6FJ1,A1OJ2PZFQYGM25
B071W6SCVC,A1OJ2PZFQYGM25
B0711M1CG9,A1OJ2PZFQYGM25
B06XYTY6Z8,A1OJ2PZFQYGM25
B06XWHBQNV,A1OJ2PZFQYGM25
B01MU84VO7,A1OJ2PZFQYGM25
B016TQGVSS,A1OJ2PZFQYGM25
B016996EWS,A1OJ2PZFQYGM25
B015WSCTUS,A1OJ2PZFQYGM25
B014RM7RIY,A1OJ2PZFQYGM25
B0142AKOI6,A1OJ2PZFQYGM25
B012BLXV3I,A1OJ2PZFQYGM25
B0116J98W4,A1OJ2PZFQYGM25
B010TZS31I,A1OJ2PZFQYGM25
B00YB9R9WI,A1OJ2PZFQYGM25
B00Y42KIPM,A1OJ2PZFQYGM25
B00XWT3BBQ,A1OJ2PZFQYGM25
B00XUQ1OG0,A1OJ2PZFQYGM25
B00TCH7S20,A1OJ2PZFQYGM25
B00RR5V24Y,A1OJ2PZFQYGM25
B00R07IGPC,A1OJ2PZFQYGM25
B00QZAJZVE,A1OJ2PZFQYGM25
B01MA4EB2H,A1OJ2PZFQYGM25
B01MA1QSXJ,A1OJ2PZFQYGM25
B01M33NOM3,A1OJ2PZFQYGM25
B01LYFXGF1,A1OJ2PZFQYGM25
B01LW2SICV,A1OJ2PZFQYGM25
B01LAX7VXY,A1OJ2PZFQYGM25
B01L7Q7T3G,A1OJ2PZFQYGM25
B01JJLIBXI,A1OJ2PZFQYGM25
B01HCG0D4W,A1OJ2PZFQYGM25
B01DCTN02K,A1OJ2PZFQYGM25
B01D1KTBCI,A1OJ2PZFQYGM25
B01D1KSZMU,A1OJ2PZFQYGM25
B01CQZ0WPO,A1OJ2PZFQYGM25
B01BNJUX26,A1OJ2PZFQYGM25
B017085A54,A1OJ2PZFQYGM25
B016TQOORI,A1OJ2PZFQYGM25
B00QU800UQ,A1OJ2PZFQYGM25
B00QU2U1GK,A1OJ2PZFQYGM25
B00QU1IY2Y,A1OJ2PZFQYGM25
B00QSFFORK,A1OJ2PZFQYGM25
B00QKK1VSY,A1OJ2PZFQYGM25
B00PV49042,A1OJ2PZFQYGM25
B00PM8YWXQ,A1OJ2PZFQYGM25
B00PJ99YQI,A1OJ2PZFQYGM25
B00PB9PA6O,A1OJ2PZFQYGM25
B00OHS0UCO,A1OJ2PZFQYGM25
B00K4OZ1TW,A1OJ2PZFQYGM25
B00ITZOB9Y,A1OJ2PZFQYGM25
B00IT6QOMU,A1OJ2PZFQYGM25
B00IS8ORWS,A1OJ2PZFQYGM25
B00IQ2STC0,A1OJ2PZFQYGM25
B00H4G6V6K,A1OJ2PZFQYGM25
B00H3R2C3G,A1OJ2PZFQYGM25
B00GRABVO6,A1OJ2PZFQYGM25
B00GBSNHP0,A1OJ2PZFQYGM25
B00F8QQ3XO,A1OJ2PZFQYGM25
B00DZZ6XM6,A1OJ2PZFQYGM25
B00DKA44AO,A1OJ2PZFQYGM25
B00DJIHFSK,A1OJ2PZFQYGM25
B00CRMZTTQ,A1OJ2PZFQYGM25
B00CP34V28,A1OJ2PZFQYGM25
B00CAOBEHM,A1OJ2PZFQYGM25
B00C0CU5IS,A1OJ2PZFQYGM25
B00A29T64K,A1OJ2PZFQYGM25
B0092QTLN0,A1OJ2PZFQYGM25
B008E074X4,A1OJ2PZFQYGM25
B007IAPUP0,A1OJ2PZFQYGM25
B006KVAOQI,A1OJ2PZFQYGM25
B0068MY40Q,A1OJ2PZFQYGM25
B005UXVA2O,A1OJ2PZFQYGM25
B005JVK1PE,A1OJ2PZFQYGM25
B0058I162K,A1OJ2PZFQYGM25
B004RILFQO,A1OJ2PZFQYGM25
B004NKZJSG,A1OJ2PZFQYGM25
B004GZC166,A1OJ2PZFQYGM25
B004CFIWUE,A1OJ2PZFQYGM25
B004AFAMYA,A1OJ2PZFQYGM25
B004A2I6FK,A1OJ2PZFQYGM25
B00448HMLY,A1OJ2PZFQYGM25
B003L6BOUU,A1OJ2PZFQYGM25
B003KXCNC2,A1OJ2PZFQYGM25
B003KWIW9G,A1OJ2PZFQYGM25
B003DXBI9I,A1OJ2PZFQYGM25
B003D4D3WM,A1OJ2PZFQYGM25
B003BHWZNE,A1OJ2PZFQYGM25
B0030CJY0M,A1OJ2PZFQYGM25
B002YCN900,A1OJ2PZFQYGM25
B002UZSTTM,A1OJ2PZFQYGM25
B002L1GN0W,A1OJ2PZFQYGM25
B002JC60F6,A1OJ2PZFQYGM25
B002IV3H3G,A1OJ2PZFQYGM25
B0027AAKN8,A1OJ2PZFQYGM25
B002079WCS,A1OJ2PZFQYGM25
B001RIEDKW,A1OJ2PZFQYGM25
B001JA4I1M,A1OJ2PZFQYGM25
B001GR6A0K,A1OJ2PZFQYGM25
B001DKQIDO,A1OJ2PZFQYGM25
B001D0C5D6,A1OJ2PZFQYGM25
B00187T0RS,A1OJ2PZFQYGM25
B00185SMQ0,A1OJ2PZFQYGM25
B000XKMNAW,A1OJ2PZFQYGM25
B000CPK378,A1OJ2PZFQYGM25
B000CPJ00Y,A1OJ2PZFQYGM25
B000C81UA4,A1OJ2PZFQYGM25
B000C7Y5VQ,A1OJ2PZFQYGM25
B000C7XPD0,A1OJ2PZFQYGM25
B000BYM4UE,A1OJ2PZFQYGM25
B000BQ4WFW,A1OJ2PZFQYGM25
B0006LA3IC,A1OJ2PZFQYGM25
B0001IW55E,A1OJ2PZFQYGM25
B0000AX9J6,A1OJ2PZFQYGM25
B00004YYEI,A1OJ2PZFQYGM25
B00004TBDU,A1OJ2PZFQYGM25
B09YH2B7N4,A1OJ2PZFQYGM25
B097CTM69M,A1OJ2PZFQYGM25
B000EW3CCC,A1OJ2PZFQYGM25
B07ZKXV7VD,A1OJ2PZFQYGM25
B010OC0T7C,A1OJ2PZFQYGM25
B07KCCVL87,A1OJ2PZFQYGM25
B07XQ7PB6T,A1OJ2PZFQYGM25
B00005Y8JS,A1OJ2PZFQYGM25
B07XKGZSPQ,A1OJ2PZFQYGM25
B00QCKYMQA,A1OJ2PZFQYGM25
B08P4KMDP6,A1OJ2PZFQYGM25
B0028O9Z7U,A1OJ2PZFQYGM25
B000008BR6,A1OJ2PZFQYGM25
B07XDJQB7D,A1OJ2PZFQYGM25
B003J2V2X0,A1OJ2PZFQYGM25
B099ZD87XF,A1OJ2PZFQYGM25
B07X42NT78,A1OJ2PZFQYGM25
B001OTE4C6,A1OJ2PZFQYGM25
B0983F51Y8,A1OJ2PZFQYGM25
B07TMPNHS4,A1OJ2PZFQYGM25
9871622899,A1OJ2PZFQYGM25
B006YW68QI,A1OJ2PZFQYGM25
B01NCL59HR,A1OJ2PZFQYGM25
9814696838,A1OJ2PZFQYGM25
B07K8H5CRP,A1OJ2PZFQYGM25
B01LW0E9BN,A1OJ2PZFQYGM25
9766407088,A1OJ2PZFQYGM25
B081N3JD6K,A1OJ2PZFQYGM25
B01LFRSS96,A1OJ2PZFQYGM25
5353084314,A1OJ2PZFQYGM25
B0000VXSM6,A1OJ2PZFQYGM25
B01K1WHB2Q,A1OJ2PZFQYGM25
486624044X,A1OJ2PZFQYGM25
B08FFTJT7Q,A1OJ2PZFQYGM25
B0058K0DVI,A1OJ2PZFQYGM25
4860639693,A1OJ2PZFQYGM25
B07JVN9YG6,A1OJ2PZFQYGM25
4838730152,A1OJ2PZFQYGM25
B004HN3U44,A1OJ2PZFQYGM25
481784650X,A1OJ2PZFQYGM25
B0BN4PF48N,A1OJ2PZFQYGM25
4799329138,A1OJ2PZFQYGM25
B00068OQ3S,A1OJ2PZFQYGM25
4635824144,A1OJ2PZFQYGM25
B098BPZVWD,A1OJ2PZFQYGM25
4296105477,A1OJ2PZFQYGM25
B0018OL4AM,A1OJ2PZFQYGM25
4262124061,A1OJ2PZFQYGM25
B08218W6DQ,A1OJ2PZFQYGM25
4163916466,A1OJ2PZFQYGM25
B07XNXVWVZ,A1OJ2PZFQYGM25
4163912029,A1OJ2PZFQYGM25
B08F7YZD3N,A1OJ2PZFQYGM25
4042955053,A1OJ2PZFQYGM25
B083Q5H2T9,A1OJ2PZFQYGM25
4041026490,A1OJ2PZFQYGM25
B07YLB3TR7,A1OJ2PZFQYGM25
B004I4FK68,A1OJ2PZFQYGM25
B09BCQB9VG,A1OJ2PZFQYGM25
B08VX2D89F,A1OJ2PZFQYGM25
B087DMGFJH,A1OJ2PZFQYGM25
B082KD59VG,A1OJ2PZFQYGM25
B07ZHSB39K,A1OJ2PZFQYGM25
B07YL8L1CJ,A1OJ2PZFQYGM25
B093Q8PNHV,A1OJ2PZFQYGM25
B091DZFWSC,A1OJ2PZFQYGM25
B08Z3WDCTJ,A1OJ2PZFQYGM25
B08Y5WSHG4,A1OJ2PZFQYGM25
B08QJR2WLN,A1OJ2PZFQYGM25
B08P4JY8FX,A1OJ2PZFQYGM25
B08P3RZQCF,A1OJ2PZFQYGM25
B08LVMTYSD,A1OJ2PZFQYGM25
B08KPVFCSW,A1OJ2PZFQYGM25
B08J8GNTJW,A1OJ2PZFQYGM25
B08GB35VG8,A1OJ2PZFQYGM25
B08FVMGVK5,A1OJ2PZFQYGM25
B08CRK72XR,A1OJ2PZFQYGM25
B08BL84YNH,A1OJ2PZFQYGM25
B08B8WH53D,A1OJ2PZFQYGM25
B08B8WD322,A1OJ2PZFQYGM25
B0728B8DSL,A1OJ2PZFQYGM25
4766125916,A1OJ2PZFQYGM25
B0C2KCPVC2,A1OJ2PZFQYGM25
B0BZ63FGGY,A1OJ2PZFQYGM25
B0BZ4KFWNC,A1OJ2PZFQYGM25
B0BSP1PXNP,A1OJ2PZFQYGM25
B0BRTS992Z,A1OJ2PZFQYGM25
B0B5179VVS,A1OJ2PZFQYGM25
B09XNQK6TM,A1OJ2PZFQYGM25
B09J273FF4,A1OJ2PZFQYGM25
B09B27B4GF,A1OJ2PZFQYGM25
B09994H9SL,A1OJ2PZFQYGM25
B09784MMZ2,A1OJ2PZFQYGM25
B0977N9BGM,A1OJ2PZFQYGM25
B095PYVWJ1,A1OJ2PZFQYGM25
B094DTHRS7,A1OJ2PZFQYGM25
B08B8F349V,A1OJ2PZFQYGM25
B089R5QJ88,A1OJ2PZFQYGM25
B089R4XTM8,A1OJ2PZFQYGM25
B089MH19W3,A1OJ2PZFQYGM25
B089G8W997,A1OJ2PZFQYGM25
B088GQNPLJ,A1OJ2PZFQYGM25
B08883ZSGV,A1OJ2PZFQYGM25
B0881BYRZ8,A1OJ2PZFQYGM25
B087ZNCCTV,A1OJ2PZFQYGM25
B085G2MSNW,A1OJ2PZFQYGM25
B084VB6ZJT,A1OJ2PZFQYGM25
B081BCFK7W,A1OJ2PZFQYGM25
B0817CFZWT,A1OJ2PZFQYGM25
B08179L3Y3,A1OJ2PZFQYGM25
B07ZVGHYM4,A1OJ2PZFQYGM25
B07ZQ6ZH15,A1OJ2PZFQYGM25
B07YXXLLYY,A1OJ2PZFQYGM25
B07YLBDD5K,A1OJ2PZFQYGM25
B07YBJ6KFX,A1OJ2PZFQYGM25
B07Y8NDWLY,A1OJ2PZFQYGM25
B07Y44Z15V,A1OJ2PZFQYGM25
B07XYD341C,A1OJ2PZFQYGM25
B07XH22FX9,A1OJ2PZFQYGM25
B07XDVJ5RP,A1OJ2PZFQYGM25
B07XBVGS86,A1OJ2PZFQYGM25
B07X65GVXT,A1OJ2PZFQYGM25
B07X3W4JCL,A1OJ2PZFQYGM25
B07X2TW5SX,A1OJ2PZFQYGM25
B07WZ6PHND,A1OJ2PZFQYGM25
B07WXJTP4V,A1OJ2PZFQYGM25
B07WVV4JH3,A1OJ2PZFQYGM25
B07WT6PZB5,A1OJ2PZFQYGM25
B07WSSMVS5,A1OJ2PZFQYGM25
B07WSRVBB9,A1OJ2PZFQYGM25
B07WDHP18D,A1OJ2PZFQYGM25
B07W6XG3L5,A1OJ2PZFQYGM25
B07W5R77MJ,A1OJ2PZFQYGM25
B07VXTJ3YP,A1OJ2PZFQYGM25
B07T6JHLKR,A1OJ2PZFQYGM25
B07S67KLNB,A1OJ2PZFQYGM25
B07QHDJ2GG,A1OJ2PZFQYGM25
B07Q7GYCJG,A1OJ2PZFQYGM25
B07PJVTXRD,A1OJ2PZFQYGM25
B07K9CP4T9,A1OJ2PZFQYGM25
B07JYFFRVY,A1OJ2PZFQYGM25
B07BW34T8F,A1OJ2PZFQYGM25
B073M79N33,A1OJ2PZFQYGM25
B0731LSRFS,A1OJ2PZFQYGM25
B06XHH5R2H,A1OJ2PZFQYGM25
B06XD14JRF,A1OJ2PZFQYGM25
B01N4TNSTM,A1OJ2PZFQYGM25
B01N2TMY2L,A1OJ2PZFQYGM25
B01MXCXO1I,A1OJ2PZFQYGM25
B01M0FX6K1,A1OJ2PZFQYGM25
B01LYH74LL,A1OJ2PZFQYGM25
B01LT8DZEY,A1OJ2PZFQYGM25
B01LAXGHNO,A1OJ2PZFQYGM25
B01LAXC3Z0,A1OJ2PZFQYGM25
B01L7ZCT8M,A1OJ2PZFQYGM25
B01L01JH24,A1OJ2PZFQYGM25
B01IG9EMLO,A1OJ2PZFQYGM25
B01I7DNHKQ,A1OJ2PZFQYGM25
B01E8J27CC,A1OJ2PZFQYGM25
B01D3SFG1I,A1OJ2PZFQYGM25
B01CV5LR8K,A1OJ2PZFQYGM25
B01CV5LEEC,A1OJ2PZFQYGM25
B01CSDK4NY,A1OJ2PZFQYGM25
B017086VL6,A1OJ2PZFQYGM25
B016YNDCWO,A1OJ2PZFQYGM25
B014V5629M,A1OJ2PZFQYGM25
B014LEX1JC,A1OJ2PZFQYGM25
B013KW85S8,A1OJ2PZFQYGM25
B010PAKPE0,A1OJ2PZFQYGM25
B00XQZ5NO4,A1OJ2PZFQYGM25
B00WEW9M4W,A1OJ2PZFQYGM25
B00S3QFDF0,A1OJ2PZFQYGM25
B00S3EWGAC,A1OJ2PZFQYGM25
B00S04P53U,A1OJ2PZFQYGM25
B00R1UVT1G,A1OJ2PZFQYGM25
B00QV32Z94,A1OJ2PZFQYGM25
B00QTIRIHU,A1OJ2PZFQYGM25
B00QMFGI9E,A1OJ2PZFQYGM25
B00QFWHHDA,A1OJ2PZFQYGM25
B00PSMWU8K,A1OJ2PZFQYGM25
B00P17WHDA,A1OJ2PZFQYGM25
B00NCPTATM,A1OJ2PZFQYGM25
B00KGCL6N2,A1OJ2PZFQYGM25
B00K55BVQ2,A1OJ2PZFQYGM25
B00GBVL498,A1OJ2PZFQYGM25
B00F4FG01Y,A1OJ2PZFQYGM25
B00E2VBHAA,A1OJ2PZFQYGM25
B00E0NB444,A1OJ2PZFQYGM25
B00CAOC5JI,A1OJ2PZFQYGM25
B00CA5ZFTO,A1OJ2PZFQYGM25
B00B28Z9IC,A1OJ2PZFQYGM25
B0094O06YI,A1OJ2PZFQYGM25
B003TPH416,A1OJ2PZFQYGM25
B003NO2KIU,A1OJ2PZFQYGM25
B003K2UDNY,A1OJ2PZFQYGM25
B00387TXKK,A1OJ2PZFQYGM25
B00310TF4S,A1OJ2PZFQYGM25
B002PAPPB2,A1OJ2PZFQYGM25
B0027ACCSY,A1OJ2PZFQYGM25
B001V4FTOG,A1OJ2PZFQYGM25
B001TEILES,A1OJ2PZFQYGM25
B001QUV4YY,A1OJ2PZFQYGM25
B0018RU95U,A1OJ2PZFQYGM25
B000XD9VQI,A1OJ2PZFQYGM25
B000WJCKT8,A1OJ2PZFQYGM25
B000IYP7LU,A1OJ2PZFQYGM25
B000FAIFVQ,A1OJ2PZFQYGM25
B000CLOTA4,A1OJ2PZFQYGM25
B008DRZK9I,A1OJ2PZFQYGM25
B006EIJ3AU,A1OJ2PZFQYGM25
B0055B60DU,A1OJ2PZFQYGM25
B004Q632RM,A1OJ2PZFQYGM25
B004PIZLDY,A1OJ2PZFQYGM25
B004J97ZVK,A1OJ2PZFQYGM25
B004J0M4WE,A1OJ2PZFQYGM25
B004GDJZNK,A1OJ2PZFQYGM25
B004G4MNTM,A1OJ2PZFQYGM25
B004CRB78Q,A1OJ2PZFQYGM25
B004BNDBBC,A1OJ2PZFQYGM25
B00494N3Q6,A1OJ2PZFQYGM25
B0044FYVAM,A1OJ2PZFQYGM25
B004349GAE,A1OJ2PZFQYGM25
B0042QZAEY,A1OJ2PZFQYGM25
B003VASOR2,A1OJ2PZFQYGM25
B000C83RI2,A1OJ2PZFQYGM25
B0000AXA4B,A1OJ2PZFQYGM25
B0000225AP,A1OJ2PZFQYGM25
B0014SW3WU,A1OJ2PZFQYGM25
4892402478,A1OJ2PZFQYGM25
B0BNLY9XCY,A1OJ2PZFQYGM25
4276355648,A1OJ2PZFQYGM25
B09B5TF317,A1OJ2PZFQYGM25
B00A92UHTI,A1OJ2PZFQYGM25
4062596555,A1OJ2PZFQYGM25
B088SNLZKW,A1OJ2PZFQYGM25
B08BHPSJQ2,A1OJ2PZFQYGM25
B09XGP735Y,A1OJ2PZFQYGM25
B098PNNCCW,A1OJ2PZFQYGM25
B002YK7JOY,A1OJ2PZFQYGM25
1620335069,A1OJ2PZFQYGM25
B08X15WDQD,A1OJ2PZFQYGM25
B0BWNBNMMJ,A1OJ2PZFQYGM25
4909249397,A1OJ2PZFQYGM25
B000066JBD,A1OJ2PZFQYGM25
B002BF3VLC,A1OJ2PZFQYGM25
8573263962,A1OJ2PZFQYGM25
B08Q4FMDHL,A1OJ2PZFQYGM25
B08B74ZWN2,A1OJ2PZFQYGM25
B07FN6ZKQD,A1OJ2PZFQYGM25
7559714110,A1OJ2PZFQYGM25
B09B74QFGR,A1OJ2PZFQYGM25
B08B6DWMQT,A1OJ2PZFQYGM25
B00EDTR5Z2,A1OJ2PZFQYGM25
4885914191,A1OJ2PZFQYGM25
B08ZJ2C7N5,A1OJ2PZFQYGM25
B089DRXNFH,A1OJ2PZFQYGM25
B07ZK55SVC,A1OJ2PZFQYGM25
4867011983,A1OJ2PZFQYGM25
B089B3Q2KS,A1OJ2PZFQYGM25
B07F9WNW8N,A1OJ2PZFQYGM25
4863854331,A1OJ2PZFQYGM25
B08964PGT7,A1OJ2PZFQYGM25
B00T6XV0JM,A1OJ2PZFQYGM25
4845635321,A1OJ2PZFQYGM25
B088Y32JVJ,A1OJ2PZFQYGM25
B07NHQR1J5,A1OJ2PZFQYGM25
4635822931,A1OJ2PZFQYGM25
B085G7BC53,A1OJ2PZFQYGM25
B081TZ4YJ9,A1OJ2PZFQYGM25
4594615368,A1OJ2PZFQYGM25
B084GQBHJ8,A1OJ2PZFQYGM25
B000K2BGRE,A1OJ2PZFQYGM25
4532176891,A1OJ2PZFQYGM25
B07YBHD4WB,A1OJ2PZFQYGM25
B000CAXIAC,A1OJ2PZFQYGM25
4492396535,A1OJ2PZFQYGM25
B07WP4NQKW,A1OJ2PZFQYGM25
B000H6JKB2,A1OJ2PZFQYGM25
4402413591,A1OJ2PZFQYGM25
B07WK2HJRT,A1OJ2PZFQYGM25
B08S5YDTGS,A1OJ2PZFQYGM25
4402413540,A1OJ2PZFQYGM25
B07V2KF5B5,A1OJ2PZFQYGM25
B06XPP4GHC,A1OJ2PZFQYGM25
4327764620,A1OJ2PZFQYGM25
B07SKLT7QZ,A1OJ2PZFQYGM25
B00H9ZW7F0,A1OJ2PZFQYGM25
4295404241,A1OJ2PZFQYGM25
B07N7WXB2H,A1OJ2PZFQYGM25
B0026S3ZFG,A1OJ2PZFQYGM25
4260043153,A1OJ2PZFQYGM25
B07N7VWSLQ,A1OJ2PZFQYGM25
B09B262636,A1OJ2PZFQYGM25
4260018787,A1OJ2PZFQYGM25
B01M2WJKU4,A1OJ2PZFQYGM25
B089NM792K,A1OJ2PZFQYGM25
425501177X,A1OJ2PZFQYGM25
B01LW2W702,A1OJ2PZFQYGM25
B001F0RQII,A1OJ2PZFQYGM25
4062146657,A1OJ2PZFQYGM25
B01L2L1L30,A1OJ2PZFQYGM25
B084ZYPKT8,A1OJ2PZFQYGM25
4046013486,A1OJ2PZFQYGM25
B01K51D73A,A1OJ2PZFQYGM25
B00063ZDE4,A1OJ2PZFQYGM25
4046000015,A1OJ2PZFQYGM25
B01HOAB5MU,A1OJ2PZFQYGM25
B00NJ8B4IC,A1OJ2PZFQYGM25
404110887X,A1OJ2PZFQYGM25
B00H5DWR1A,A1OJ2PZFQYGM25
B00C42SYO6,A1OJ2PZFQYGM25
4040822986,A1OJ2PZFQYGM25
B00GGIHDPU,A1OJ2PZFQYGM25
B003U06W9A,A1OJ2PZFQYGM25
B07WF9JNXQ,A1OJ2PZFQYGM25
B09PTHD1ZP,A1OJ2PZFQYGM25
B091M3QRN2,A1OJ2PZFQYGM25
B07YYF7X6S,A1OJ2PZFQYGM25
B07TS4XWJJ,A1OJ2PZFQYGM25
B075GLZD8V,A1OJ2PZFQYGM25
B00VE9J3P4,A1OJ2PZFQYGM25
B00AKID1ZS,A1OJ2PZFQYGM25
B006IXDPTG,A1OJ2PZFQYGM25
B003U2W0N0,A1OJ2PZFQYGM25
B0C7CG154W,A1OJ2PZFQYGM25
B0C5H9N1C5,A1OJ2PZFQYGM25
B0C1SG3M4C,A1OJ2PZFQYGM25
B0BY43LX5G,A1OJ2PZFQYGM25
B0BPC2T6DX,A1OJ2PZFQYGM25
B0BN36XLYQ,A1OJ2PZFQYGM25
B0B7R361FH,A1OJ2PZFQYGM25
B09B8NNSMH,A1OJ2PZFQYGM25
B096Q9HJN1,A1OJ2PZFQYGM25
B093QCCL5B,A1OJ2PZFQYGM25
B08ZWRKS4B,A1OJ2PZFQYGM25
B08VZ4MSWL,A1OJ2PZFQYGM25
B08R7V3CLL,A1OJ2PZFQYGM25
B08PCWLL5J,A1OJ2PZFQYGM25
B08MLLPLKF,A1OJ2PZFQYGM25
B08KJS7JRG,A1OJ2PZFQYGM25
B08HPFR6N4,A1OJ2PZFQYGM25
B08DHTSVMW,A1OJ2PZFQYGM25
B08DGY82DM,A1OJ2PZFQYGM25
B08B8XMPW2,A1OJ2PZFQYGM25
B089VMZH3S,A1OJ2PZFQYGM25
B0893GRYRR,A1OJ2PZFQYGM25
B08924MY28,A1OJ2PZFQYGM25
B088FZBVB5,A1OJ2PZFQYGM25
B0886MBR1M,A1OJ2PZFQYGM25
B084WDJ6YW,A1OJ2PZFQYGM25
B084WD6N75,A1OJ2PZFQYGM25
B084KXJ34F,A1OJ2PZFQYGM25
B0847NVVVB,A1OJ2PZFQYGM25
B0847NLFFD,A1OJ2PZFQYGM25
B0844LRDNR,A1OJ2PZFQYGM25
B07Y8PRM84,A1OJ2PZFQYGM25
B07Y6VDL87,A1OJ2PZFQYGM25
B07Y6V6FMC,A1OJ2PZFQYGM25
B07Y3ZHGM9,A1OJ2PZFQYGM25
B07XYHLN87,A1OJ2PZFQYGM25
B07XL1QTD3,A1OJ2PZFQYGM25
B07XKDDS36,A1OJ2PZFQYGM25
B07XCFCB67,A1OJ2PZFQYGM25
B07X4B8ZCB,A1OJ2PZFQYGM25
B07WZY68WM,A1OJ2PZFQYGM25
B07WVF62BH,A1OJ2PZFQYGM25
B07WTS2343,A1OJ2PZFQYGM25
B07WPG5RN9,A1OJ2PZFQYGM25
B07WK4GZ8Q,A1OJ2PZFQYGM25
B07WHKL8PS,A1OJ2PZFQYGM25
B07WGZL4DP,A1OJ2PZFQYGM25
B082P6N2YW,A1OJ2PZFQYGM25
B082GWP4LY,A1OJ2PZFQYGM25
B08281FNPS,A1OJ2PZFQYGM25
B08222FHHD,A1OJ2PZFQYGM25
B0821B9TF9,A1OJ2PZFQYGM25
B0816YSNS1,A1OJ2PZFQYGM25
B0816XZVT4,A1OJ2PZFQYGM25
B0816VXTJD,A1OJ2PZFQYGM25
B0816RVV8S,A1OJ2PZFQYGM25
B08164P3DP,A1OJ2PZFQYGM25
B07Z8G76V4,A1OJ2PZFQYGM25
B07Z1CHW43,A1OJ2PZFQYGM25
B07YZQNPN5,A1OJ2PZFQYGM25
B07YNF76LP,A1OJ2PZFQYGM25
B07YF59JXH,A1OJ2PZFQYGM25
B07Y93LR42,A1OJ2PZFQYGM25
B01MQQEH7C,A1OJ2PZFQYGM25
B01M992ZY1,A1OJ2PZFQYGM25
B01M7YPW74,A1OJ2PZFQYGM25
B01KZG5R74,A1OJ2PZFQYGM25
B01KQ9EFS2,A1OJ2PZFQYGM25
B01J7ATMVG,A1OJ2PZFQYGM25
B01I7DO7EQ,A1OJ2PZFQYGM25
B01I0V9QI2,A1OJ2PZFQYGM25
B01HFO7G6Y,A1OJ2PZFQYGM25
B01CPALYPM,A1OJ2PZFQYGM25
B01AX9R2M6,A1OJ2PZFQYGM25
B018IWM3JM,A1OJ2PZFQYGM25
B00Y5SBOKS,A1OJ2PZFQYGM25
B00XW901U0,A1OJ2PZFQYGM25
B00XUPSH5W,A1OJ2PZFQYGM25
B00XOS97ZY,A1OJ2PZFQYGM25
B07W4MFBD2,A1OJ2PZFQYGM25
B07V7GRNBS,A1OJ2PZFQYGM25
B07TLPVJBP,A1OJ2PZFQYGM25
B07TD6K8P5,A1OJ2PZFQYGM25
B07T1TCMZ9,A1OJ2PZFQYGM25
B07S4DKZ4Q,A1OJ2PZFQYGM25
B07RFS1BYN,A1OJ2PZFQYGM25
B07PZ6KN6B,A1OJ2PZFQYGM25
B07PY8LC5V,A1OJ2PZFQYGM25
B07K5B9W19,A1OJ2PZFQYGM25
B07FX63NYY,A1OJ2PZFQYGM25
B07B7NLB9X,A1OJ2PZFQYGM25
B077XQXCCT,A1OJ2PZFQYGM25
B077XQVPHG,A1OJ2PZFQYGM25
B071JSZ66X,A1OJ2PZFQYGM25
B06XHKM4S2,A1OJ2PZFQYGM25
B00WHH54H8,A1OJ2PZFQYGM25
B00WA7ZD76,A1OJ2PZFQYGM25
B00VF2PAC0,A1OJ2PZFQYGM25
B00RGZ3KHC,A1OJ2PZFQYGM25
B00R9E4WE0,A1OJ2PZFQYGM25
B00R15VIY4,A1OJ2PZFQYGM25
B00QZ2LJIY,A1OJ2PZFQYGM25
B00QWCFNAM,A1OJ2PZFQYGM25
B00QU7Z660,A1OJ2PZFQYGM25
B00QSRWAWU,A1OJ2PZFQYGM25
B00QKLGKG6,A1OJ2PZFQYGM25
B00OZIX29O,A1OJ2PZFQYGM25
B00O8PWM18,A1OJ2PZFQYGM25
B00O5KFIDA,A1OJ2PZFQYGM25
B00NI4J5UG,A1OJ2PZFQYGM25
B00LRLZXV2,A1OJ2PZFQYGM25
B00K4MROG2,A1OJ2PZFQYGM25
B00IRFDF0C,A1OJ2PZFQYGM25
B00GRTJCPW,A1OJ2PZFQYGM25
B00GLBP8XG,A1OJ2PZFQYGM25
B00FAU1EGE,A1OJ2PZFQYGM25
B00DYAI2NA,A1OJ2PZFQYGM25
B00DYAHWPE,A1OJ2PZFQYGM25
B00DYAHW0E,A1OJ2PZFQYGM25
B00DJY1KGC,A1OJ2PZFQYGM25
B00D49UIX8,A1OJ2PZFQYGM25
B00CRN0HJW,A1OJ2PZFQYGM25
B00BTV21JC,A1OJ2PZFQYGM25
B009ZZI9NG,A1OJ2PZFQYGM25
B009ZZCF4K,A1OJ2PZFQYGM25
B009FVABQS,A1OJ2PZFQYGM25
B00895J9BE,A1OJ2PZFQYGM25
B002NQMM1O,A1OJ2PZFQYGM25
B002L1YI9A,A1OJ2PZFQYGM25
B002GHBQXK,A1OJ2PZFQYGM25
B002EWYWT2,A1OJ2PZFQYGM25
B002DC50XU,A1OJ2PZFQYGM25
B001V62PXC,A1OJ2PZFQYGM25
B001UQ5NHS,A1OJ2PZFQYGM25
B001TEMI7E,A1OJ2PZFQYGM25
B001TEIK1C,A1OJ2PZFQYGM25
B001QA4DVA,A1OJ2PZFQYGM25
B001CJR0MO,A1OJ2PZFQYGM25
B001BNP3SY,A1OJ2PZFQYGM25
B0018RNHZ4,A1OJ2PZFQYGM25
B0015SVBEU,A1OJ2PZFQYGM25
B000RY6N3C,A1OJ2PZFQYGM25
B000GU2CAA,A1OJ2PZFQYGM25
B0088PR3GI,A1OJ2PZFQYGM25
B007W547JG,A1OJ2PZFQYGM25
B007QV75YA,A1OJ2PZFQYGM25
B006LWKW4U,A1OJ2PZFQYGM25
B005JY9JFE,A1OJ2PZFQYGM25
B0051MUGUG,A1OJ2PZFQYGM25
B004Y0UW78,A1OJ2PZFQYGM25
B004CGD4HE,A1OJ2PZFQYGM25
B004BNDJH8,A1OJ2PZFQYGM25
B004AX9MV6,A1OJ2PZFQYGM25
B003OIBDOM,A1OJ2PZFQYGM25
B003DZ0PV8,A1OJ2PZFQYGM25
B00353FLC6,A1OJ2PZFQYGM25
B0032XAK8Y,A1OJ2PZFQYGM25
B00312HXZE,A1OJ2PZFQYGM25
B002RGYCN6,A1OJ2PZFQYGM25
B07WMVBDQ1,A1OJ2PZFQYGM25
B001KXZG28,A1OJ2PZFQYGM25
B08B34V168,A1OJ2PZFQYGM25
B001FVLWYQ,A1OJ2PZFQYGM25
B000GU0ZDQ,A1OJ2PZFQYGM25
B000EEJFVC,A1OJ2PZFQYGM25
B000C81P2C,A1OJ2PZFQYGM25
B000C7YA9I,A1OJ2PZFQYGM25
B000BPLMHE,A1OJ2PZFQYGM25
B0006LBUSY,A1OJ2PZFQYGM25
B0000BYBKV,A1OJ2PZFQYGM25
8419986992,A1OJ2PZFQYGM25
B0008F6WMM,A1OJ2PZFQYGM25
B091BWNP87,A1OJ2PZFQYGM25
8121511992,A1OJ2PZFQYGM25
B00WATUFIG,A1OJ2PZFQYGM25
B08BDYDZXH,A1OJ2PZFQYGM25
4910545018,A1OJ2PZFQYGM25
B01LW2ECXE,A1OJ2PZFQYGM25
B08BDP6PPG,A1OJ2PZFQYGM25
490880446X,A1OJ2PZFQYGM25
B08213QNDR,A1OJ2PZFQYGM25
B08B6GPRV1,A1OJ2PZFQYGM25
4901647903,A1OJ2PZFQYGM25
B0C4TH9ZG4,A1OJ2PZFQYGM25
B089FF4TSR,A1OJ2PZFQYGM25
4845619040,A1OJ2PZFQYGM25
B003ZU3TVO,A1OJ2PZFQYGM25
B0002E3DLM,A1OJ2PZFQYGM25
B001AYH332,A1OJ2PZFQYGM25
4870356619,A1OJ2PZFQYGM25
B07NQY435P,A1OJ2PZFQYGM25
4847098420,A1OJ2PZFQYGM25
B089FQSRFZ,A1OJ2PZFQYGM25
B01M1IO2FK,A1OJ2PZFQYGM25
4827340595,A1OJ2PZFQYGM25
B00YXB1L7S,A1OJ2PZFQYGM25
B09TSCKLH7,A1OJ2PZFQYGM25
4750350540,A1OJ2PZFQYGM25
B002YKH4M6,A1OJ2PZFQYGM25
B01HQOKANO,A1OJ2PZFQYGM25
B000I5YAD0,A1OJ2PZFQYGM25
B0BHL7LWPH,A1OJ2PZFQYGM25
B089T6FFGN,A1OJ2PZFQYGM25
B09B5PRMD8,A1OJ2PZFQYGM25
B09XQXPXX3,A1OJ2PZFQYGM25
B00008F40V,A1OJ2PZFQYGM25
B00BFH0R32,A1OJ2PZFQYGM25
B00230MKZ8,A1OJ2PZFQYGM25
B099KQYPJS,A1OJ2PZFQYGM25
B00007BJZX,A1OJ2PZFQYGM25
B000JI4CE8,A1OJ2PZFQYGM25
B01LWVWRCD,A1OJ2PZFQYGM25
B098X86H64,A1OJ2PZFQYGM25
B0000033JK,A1OJ2PZFQYGM25
9264047298,A1OJ2PZFQYGM25
B088318SLB,A1OJ2PZFQYGM25
4844369431,A1OJ2PZFQYGM25
B0882PY8Y6,A1OJ2PZFQYGM25
B0002YTKXW,A1OJ2PZFQYGM25
4844368850,A1OJ2PZFQYGM25
B084HM7BNC,A1OJ2PZFQYGM25
B07KT2BL4J,A1OJ2PZFQYGM25
4823303407,A1OJ2PZFQYGM25
B07ZPNRBNJ,A1OJ2PZFQYGM25
B002YKB7AQ,A1OJ2PZFQYGM25
4794223579,A1OJ2PZFQYGM25
B07YXQBJJ8,A1OJ2PZFQYGM25
B08685G61N,A1OJ2PZFQYGM25
4788945983,A1OJ2PZFQYGM25
B07X7G98XG,A1OJ2PZFQYGM25
B00QKFYQEA,A1OJ2PZFQYGM25
B07BSRRFY9,A1OJ2PZFQYGM25
B08F5428B4,A1OJ2PZFQYGM25
4391630753,A1OJ2PZFQYGM25
B0799RFSXS,A1OJ2PZFQYGM25
B07N4DGPT7,A1OJ2PZFQYGM25
4331521699,A1OJ2PZFQYGM25
B01LDVUYFU,A1OJ2PZFQYGM25
B00FCKKL20,A1OJ2PZFQYGM25
4074551950,A1OJ2PZFQYGM25
B01KCS8H90,A1OJ2PZFQYGM25
B074BWTMWQ,A1OJ2PZFQYGM25
4053039584,A1OJ2PZFQYGM25
B01IFE389W,A1OJ2PZFQYGM25
B00BU8XJTA,A1OJ2PZFQYGM25
4005002951,A1OJ2PZFQYGM25
B01H3G3GMC,A1OJ2PZFQYGM25
4635824195,A1OJ2PZFQYGM25
B07WMSSY7G,A1OJ2PZFQYGM25
B01LXCKKNR,A1OJ2PZFQYGM25
4635823458,A1OJ2PZFQYGM25
B07VRQQKGW,A1OJ2PZFQYGM25
B0B7N7TLZ3,A1OJ2PZFQYGM25
4576061313,A1OJ2PZFQYGM25
B07VQSFV2D,A1OJ2PZFQYGM25
B076NTQ1NS,A1OJ2PZFQYGM25
4532358604,A1OJ2PZFQYGM25
B07V42SKMY,A1OJ2PZFQYGM25
B000FOYIEA,A1OJ2PZFQYGM25
4478109605,A1OJ2PZFQYGM25
B07J6S37C1,A1OJ2PZFQYGM25
B09JP7R8GM,A1OJ2PZFQYGM25
4401145879,A1OJ2PZFQYGM25
B097R17LG7,A1OJ2PZFQYGM25
4004308267,A1OJ2PZFQYGM25
B01550GJUO,A1OJ2PZFQYGM25
B08ZHQFD46,A1OJ2PZFQYGM25
B00382VWU4,A1OJ2PZFQYGM25
B01MZH6HZA,A1OJ2PZFQYGM25
B00IBX5YT0,A1OJ2PZFQYGM25
B004PLXV8S,A1OJ2PZFQYGM25
B003TQ7N3Y,A1OJ2PZFQYGM25
B001CST44W,A1OJ2PZFQYGM25
B000ROHRVY,A1OJ2PZFQYGM25
B00004TKIN,A1OJ2PZFQYGM25
B0C8648LMY,A1OJ2PZFQYGM25
B0C4TWV4DN,A1OJ2PZFQYGM25
B0BYZ2J8C5,A1OJ2PZFQYGM25
B0BYCF2D2T,A1OJ2PZFQYGM25
B0BX9H5RW6,A1OJ2PZFQYGM25
B0BV1PBVG7,A1OJ2PZFQYGM25
B0BSYYV5HQ,A1OJ2PZFQYGM25
B0BSFQD5L7,A1OJ2PZFQYGM25
B0BNXPC26R,A1OJ2PZFQYGM25
B0BL7KWSXS,A1OJ2PZFQYGM25
B09FHLFC6R,A1OJ2PZFQYGM25
B097GMRL46,A1OJ2PZFQYGM25
B0978T392R,A1OJ2PZFQYGM25
B093B9FXJD,A1OJ2PZFQYGM25
B092VN6CB6,A1OJ2PZFQYGM25
B0923B497Q,A1OJ2PZFQYGM25
B092399RZG,A1OJ2PZFQYGM25
B091PB5CNL,A1OJ2PZFQYGM25
B091256FD7,A1OJ2PZFQYGM25
B08YKJWV5P,A1OJ2PZFQYGM25
B084WCWB9C,A1OJ2PZFQYGM25
B082RNG89C,A1OJ2PZFQYGM25
B0818DT3XP,A1OJ2PZFQYGM25
B07ZRZMLFC,A1OJ2PZFQYGM25
B07ZN4F5D9,A1OJ2PZFQYGM25
B07ZHM9H8W,A1OJ2PZFQYGM25
B07Z9RCRDD,A1OJ2PZFQYGM25
B07Z7X1S8C,A1OJ2PZFQYGM25
B07Z79BGZ7,A1OJ2PZFQYGM25
B07Z1CK1SX,A1OJ2PZFQYGM25
B07YXDBWN1,A1OJ2PZFQYGM25
B07YRZ4QYZ,A1OJ2PZFQYGM25
B07YRSVMV9,A1OJ2PZFQYGM25
B07XC37T8C,A1OJ2PZFQYGM25
B07WZVVGBD,A1OJ2PZFQYGM25
B07WVW196N,A1OJ2PZFQYGM25
B08NPDWPT4,A1OJ2PZFQYGM25
B08NFGQXB2,A1OJ2PZFQYGM25
B08LCKRFC7,A1OJ2PZFQYGM25
B08B9WLZFK,A1OJ2PZFQYGM25
B08B8XZ4MV,A1OJ2PZFQYGM25
B08B8WV3V9,A1OJ2PZFQYGM25
B08B8WNSG8,A1OJ2PZFQYGM25
B08B8WKVKX,A1OJ2PZFQYGM25
B08B4WL6X8,A1OJ2PZFQYGM25
B089SFNQWD,A1OJ2PZFQYGM25
B088CRKBMN,A1OJ2PZFQYGM25
B0884329BG,A1OJ2PZFQYGM25
B084WD5WQM,A1OJ2PZFQYGM25
B084WD5WNZ,A1OJ2PZFQYGM25
B084WD2VJN,A1OJ2PZFQYGM25
B084WCYMN4,A1OJ2PZFQYGM25
B07WVF5L83,A1OJ2PZFQYGM25
B07WVCCD1B,A1OJ2PZFQYGM25
B07WP9VK2F,A1OJ2PZFQYGM25
B07WNF872S,A1OJ2PZFQYGM25
B07WJ7KD6C,A1OJ2PZFQYGM25
B07WF4SJ2F,A1OJ2PZFQYGM25
B07WC3J7R4,A1OJ2PZFQYGM25
B07W9B1J2Y,A1OJ2PZFQYGM25
B07W5KY5DQ,A1OJ2PZFQYGM25
B07VW5SFZ2,A1OJ2PZFQYGM25
B07VGQV2SL,A1OJ2PZFQYGM25
B07TKH382M,A1OJ2PZFQYGM25
B07T65DBHR,A1OJ2PZFQYGM25
B07R4WHXR7,A1OJ2PZFQYGM25
B07M5ZMVQD,A1OJ2PZFQYGM25
B07JLYP9K1,A1OJ2PZFQYGM25
B07GZNRHN6,A1OJ2PZFQYGM25
B07B62YVHG,A1OJ2PZFQYGM25
B079ZCHKF6,A1OJ2PZFQYGM25
B075C5273C,A1OJ2PZFQYGM25
B074J9ZF6Z,A1OJ2PZFQYGM25
B0741N9TZP,A1OJ2PZFQYGM25
B06ZYTFCN7,A1OJ2PZFQYGM25
B01MRSEBOR,A1OJ2PZFQYGM25
B01M8OVVYH,A1OJ2PZFQYGM25
B01M3P6NRL,A1OJ2PZFQYGM25
B01JZYS1MK,A1OJ2PZFQYGM25
B01JB1QM9G,A1OJ2PZFQYGM25
B01HFFIRW0,A1OJ2PZFQYGM25
B01FEH4WFM,A1OJ2PZFQYGM25
B01E4PGFFA,A1OJ2PZFQYGM25
B01D7S126C,A1OJ2PZFQYGM25
B00R0DNLWO,A1OJ2PZFQYGM25
B00QVXS9JY,A1OJ2PZFQYGM25
B00QV972XW,A1OJ2PZFQYGM25
B00QU7WNGG,A1OJ2PZFQYGM25
B00QTD5RUK,A1OJ2PZFQYGM25
B00QKN29K0,A1OJ2PZFQYGM25
B00PV4IMPK,A1OJ2PZFQYGM25
B00NGYKGSS,A1OJ2PZFQYGM25
B00LHT48VK,A1OJ2PZFQYGM25
B00LGU77HM,A1OJ2PZFQYGM25
B00KT4JO72,A1OJ2PZFQYGM25
B00ISW7S1Q,A1OJ2PZFQYGM25
B00HS6I44I,A1OJ2PZFQYGM25
B00HPZQY6M,A1OJ2PZFQYGM25
B00GV1J5QC,A1OJ2PZFQYGM25
B00E356UG6,A1OJ2PZFQYGM25
B01D1KPPBE,A1OJ2PZFQYGM25
B01BMCIRRW,A1OJ2PZFQYGM25
B016TQNPVY,A1OJ2PZFQYGM25
B016TQIE6U,A1OJ2PZFQYGM25
B015TCD6XQ,A1OJ2PZFQYGM25
B014NTP4C2,A1OJ2PZFQYGM25
B012HARHSI,A1OJ2PZFQYGM25
B00YTKKV4M,A1OJ2PZFQYGM25
B00Y7E3E3K,A1OJ2PZFQYGM25
B00Y2ZAO0K,A1OJ2PZFQYGM25
B00XR0LO00,A1OJ2PZFQYGM25
B00X9L889C,A1OJ2PZFQYGM25
B00UNJM4RA,A1OJ2PZFQYGM25
B00S8WMDBQ,A1OJ2PZFQYGM25
B00S045T5E,A1OJ2PZFQYGM25
B00R110ZWE,A1OJ2PZFQYGM25
B001HL4GY2,A1OJ2PZFQYGM25
B001DKTC4Q,A1OJ2PZFQYGM25
B0018N94NW,A1OJ2PZFQYGM25
B0018N5O2C,A1OJ2PZFQYGM25
B0013F6IIY,A1OJ2PZFQYGM25
B000T0AU60,A1OJ2PZFQYGM25
B000Q6V44O,A1OJ2PZFQYGM25
B000KKMF76,A1OJ2PZFQYGM25
B000HJ78OU,A1OJ2PZFQYGM25
B000FCW038,A1OJ2PZFQYGM25
B000CPZX0K,A1OJ2PZFQYGM25
B000CPPYPO,A1OJ2PZFQYGM25
B000C7WQSU,A1OJ2PZFQYGM25
B000BQW9PW,A1OJ2PZFQYGM25
1087505828,A1OJ2PZFQYGM25
B003TZJKIG,A1OJ2PZFQYGM25
B003NI6HLM,A1OJ2PZFQYGM25
B003N17PM4,A1OJ2PZFQYGM25
B003LHI80S,A1OJ2PZFQYGM25
B003H05CSK,A1OJ2PZFQYGM25
B003BZO01Q,A1OJ2PZFQYGM25
B003704S9E,A1OJ2PZFQYGM25
B00331SEV0,A1OJ2PZFQYGM25
B002YGYZW2,A1OJ2PZFQYGM25
B002YGQTK8,A1OJ2PZFQYGM25
B002YGQMD2,A1OJ2PZFQYGM25
B002YCLF8S,A1OJ2PZFQYGM25
B002STLKSW,A1OJ2PZFQYGM25
B002MVH7EC,A1OJ2PZFQYGM25
B001THJYCS,A1OJ2PZFQYGM25
B001J7OR0C,A1OJ2PZFQYGM25
B00DYARIJY,A1OJ2PZFQYGM25
B00DYARE9I,A1OJ2PZFQYGM25
B00DYARDYO,A1OJ2PZFQYGM25
B00DYAPQLQ,A1OJ2PZFQYGM25
B00DYAPABW,A1OJ2PZFQYGM25
B00DYAG7FK,A1OJ2PZFQYGM25
B00CXBM7XC,A1OJ2PZFQYGM25
B00CI6OAQE,A1OJ2PZFQYGM25
B00BUVAUUS,A1OJ2PZFQYGM25
B00BPQDWEO,A1OJ2PZFQYGM25
B00AZM52TC,A1OJ2PZFQYGM25
B00AZM52FQ,A1OJ2PZFQYGM25
B00A3BT0O8,A1OJ2PZFQYGM25
B00A1BRW8Q,A1OJ2PZFQYGM25
B0091AEBTG,A1OJ2PZFQYGM25
B008ROKVM8,A1OJ2PZFQYGM25
B007W5A8H6,A1OJ2PZFQYGM25
B007IB7O9E,A1OJ2PZFQYGM25
B006KKCRDC,A1OJ2PZFQYGM25
B005Z7WZOW,A1OJ2PZFQYGM25
B0055UB996,A1OJ2PZFQYGM25
B005209CVG,A1OJ2PZFQYGM25
B0051BZYU4,A1OJ2PZFQYGM25
B004Y1P7E0,A1OJ2PZFQYGM25
B004XYOXRK,A1OJ2PZFQYGM25
B004WQGM64,A1OJ2PZFQYGM25
B004RDSUXU,A1OJ2PZFQYGM25
B004KHSUA6,A1OJ2PZFQYGM25
B004GCT6BC,A1OJ2PZFQYGM25
B004D48C9A,A1OJ2PZFQYGM25
B0041ERVGW,A1OJ2PZFQYGM25
B00416QN4Q,A1OJ2PZFQYGM25
B08LBBWQRD,A1OJ2PZFQYGM25
B003XUIMI6,A1OJ2PZFQYGM25
9283212789,A1OJ2PZFQYGM25
B096DMNZL6,A1OJ2PZFQYGM25
B08G89P6YV,A1OJ2PZFQYGM25
B002MQM4FE,A1OJ2PZFQYGM25
4908804605,A1OJ2PZFQYGM25
B000K2AEGI,A1OJ2PZFQYGM25
B08D6T5LZR,A1OJ2PZFQYGM25
B002EZLOPY,A1OJ2PZFQYGM25
4907278772,A1OJ2PZFQYGM25
B08BR4LHR7,A1OJ2PZFQYGM25
B08311F64B,A1OJ2PZFQYGM25
B000FC2HJK,A1OJ2PZFQYGM25
4883929035,A1OJ2PZFQYGM25
B07T1HBG1J,A1OJ2PZFQYGM25
B07WCGNF5H,A1OJ2PZFQYGM25
4592887093,A1OJ2PZFQYGM25
B00NQ91T8E,A1OJ2PZFQYGM25
B07VV6RNSH,A1OJ2PZFQYGM25
4569789412,A1OJ2PZFQYGM25
B0BYJP6ZBJ,A1OJ2PZFQYGM25
B07VT21NKD,A1OJ2PZFQYGM25
4478630704,A1OJ2PZFQYGM25
B01GHLM9ZE,A1OJ2PZFQYGM25
B07R67NB5M,A1OJ2PZFQYGM25
4478102147,A1OJ2PZFQYGM25
B088LY6V1G,A1OJ2PZFQYGM25
B07PM63GJD,A1OJ2PZFQYGM25
4469268860,A1OJ2PZFQYGM25
B002YK4XYI,A1OJ2PZFQYGM25
B07N7TZRS1,A1OJ2PZFQYGM25
4418222219,A1OJ2PZFQYGM25
B07ZVTHXRV,A1OJ2PZFQYGM25
B07L2N6J4G,A1OJ2PZFQYGM25
4091933734,A1OJ2PZFQYGM25
B007S3JPX0,A1OJ2PZFQYGM25
B07KQW2W3M,A1OJ2PZFQYGM25
4083216484,A1OJ2PZFQYGM25
B093K6GVRZ,A1OJ2PZFQYGM25
B06VWVHYQX,A1OJ2PZFQYGM25
4074345951,A1OJ2PZFQYGM25
B08YP98BC9,A1OJ2PZFQYGM25
B01M622UF8,A1OJ2PZFQYGM25
0003018296,A1OJ2PZFQYGM25
B08KQ1BSBW,A1OJ2PZFQYGM25
B01M4GMOYP,A1OJ2PZFQYGM25
B07JK5K9HK,A1OJ2PZFQYGM25
B07ZG2WXZX,A1OJ2PZFQYGM25
B00006IUGD,A1OJ2PZFQYGM25
4865280138,A1OJ2PZFQYGM25
B07G63TCQM,A1OJ2PZFQYGM25
B07YBTX4WD,A1OJ2PZFQYGM25
486367547X,A1OJ2PZFQYGM25
B08SHV4V71,A1OJ2PZFQYGM25
B07XHRXL4Z,A1OJ2PZFQYGM25
4799328190,A1OJ2PZFQYGM25
B07DD3H1RL,A1OJ2PZFQYGM25
B07X5JBNGR,A1OJ2PZFQYGM25
4792607191,A1OJ2PZFQYGM25
B00062Z5G6,A1OJ2PZFQYGM25
B07WDSPW56,A1OJ2PZFQYGM25
4778317092,A1OJ2PZFQYGM25
B002MRMBMY,A1OJ2PZFQYGM25
B087QB49L6,A1OJ2PZFQYGM25
B001D0I0AI,A1OJ2PZFQYGM25
B07Z33RC5Z,A1OJ2PZFQYGM25
B0BLCBL1HY,A1OJ2PZFQYGM25
9877362910,A1OJ2PZFQYGM25
B0996BS8RL,A1OJ2PZFQYGM25
B07Z8LBRCJ,A1OJ2PZFQYGM25
B000FFU76C,A1OJ2PZFQYGM25
B006T1TMJE,A1OJ2PZFQYGM25
B002IVAMW0,A1OJ2PZFQYGM25
B07RL8DKB6,A1OJ2PZFQYGM25
B09527S4Y9,A1OJ2PZFQYGM25
B07K7K63KN,A1OJ2PZFQYGM25
B004GEF6C8,A1OJ2PZFQYGM25
B000C4SFBU,A1OJ2PZFQYGM25
B00860XN96,A1OJ2PZFQYGM25
B01M4OTHNC,A1OJ2PZFQYGM25
B01AX88OZQ,A1OJ2PZFQYGM25
B0171VVDZQ,A1OJ2PZFQYGM25
B00H1U7UM8,A1OJ2PZFQYGM25
B001VGE0S0,A1OJ2PZFQYGM25
B008PYBQ2O,A1OJ2PZFQYGM25
B0C9MHLVPB,A1OJ2PZFQYGM25
B0051PLU76,A1OJ2PZFQYGM25
B0C1TXMY82,A1OJ2PZFQYGM25
B00207H8OM,A1OJ2PZFQYGM25
B0BZL92P3K,A1OJ2PZFQYGM25
B0BNN1DG3Q,A1OJ2PZFQYGM25
B0BLN71NFK,A1OJ2PZFQYGM25
B09H3JYLDZ,A1OJ2PZFQYGM25
B09H3JNRWR,A1OJ2PZFQYGM25
B09C89NZQX,A1OJ2PZFQYGM25
B07X463XV9,A1OJ2PZFQYGM25
B07X3XVX41,A1OJ2PZFQYGM25
B07X2TMB3F,A1OJ2PZFQYGM25
B07WTXG9W3,A1OJ2PZFQYGM25
B07WT633V3,A1OJ2PZFQYGM25
B07WPWNWS8,A1OJ2PZFQYGM25
B07W86DQWN,A1OJ2PZFQYGM25
B07VVP3KGT,A1OJ2PZFQYGM25
B07V8LP4Y7,A1OJ2PZFQYGM25
B07TYWWNX1,A1OJ2PZFQYGM25
B07S3YZ2JK,A1OJ2PZFQYGM25
B07P8BSTZH,A1OJ2PZFQYGM25
B07P6F1TQG,A1OJ2PZFQYGM25
B07M9RQWPK,A1OJ2PZFQYGM25
B07BTWQMWV,A1OJ2PZFQYGM25
B07475KJ7Q,A1OJ2PZFQYGM25
B0982P5969,A1OJ2PZFQYGM25
B097SQ9NYT,A1OJ2PZFQYGM25
B0978CG7RF,A1OJ2PZFQYGM25
B096S2XRCL,A1OJ2PZFQYGM25
B09646D4YR,A1OJ2PZFQYGM25
B094WCSYBV,A1OJ2PZFQYGM25
B091DXNZ39,A1OJ2PZFQYGM25
B08YDVC8ZH,A1OJ2PZFQYGM25
B08XBQDP3B,A1OJ2PZFQYGM25
B08WLDPVVL,A1OJ2PZFQYGM25
B08FVPDZZM,A1OJ2PZFQYGM25
B08FCX6KH2,A1OJ2PZFQYGM25
B08F2VM974,A1OJ2PZFQYGM25
B08CFTLPF5,A1OJ2PZFQYGM25
B08BHXBBMN,A1OJ2PZFQYGM25
B08B4XY6PV,A1OJ2PZFQYGM25
B08B4LBYVX,A1OJ2PZFQYGM25
B089QX2HC4,A1OJ2PZFQYGM25
B0897XFZ48,A1OJ2PZFQYGM25
B088TWJJD4,A1OJ2PZFQYGM25
B0888DTX19,A1OJ2PZFQYGM25
B084FJZJ45,A1OJ2PZFQYGM25
B083728PSZ,A1OJ2PZFQYGM25
B0821W3G5G,A1OJ2PZFQYGM25
B0817B2F6C,A1OJ2PZFQYGM25
B0815SS52P,A1OJ2PZFQYGM25
B07ZZZTT4C,A1OJ2PZFQYGM25
B07ZZP2821,A1OJ2PZFQYGM25
B07ZZLSRCJ,A1OJ2PZFQYGM25
B07ZZLKF65,A1OJ2PZFQYGM25
B07ZMH8Z77,A1OJ2PZFQYGM25
B07ZJV45TX,A1OJ2PZFQYGM25
B01HKFD716,A1OJ2PZFQYGM25
B01H3DNPS0,A1OJ2PZFQYGM25
B01D1KQ5WC,A1OJ2PZFQYGM25
B018RQPYWC,A1OJ2PZFQYGM25
B01707XTM6,A1OJ2PZFQYGM25
B0161NTHPI,A1OJ2PZFQYGM25
B0155J31V0,A1OJ2PZFQYGM25
B0145I53R2,A1OJ2PZFQYGM25
B012WZNNUY,A1OJ2PZFQYGM25
B00ZWPU706,A1OJ2PZFQYGM25
B00YZ51BG8,A1OJ2PZFQYGM25
B00YYE3DR0,A1OJ2PZFQYGM25
B00XWEPK2E,A1OJ2PZFQYGM25
B00XUQ37BK,A1OJ2PZFQYGM25
B00UY3YUIQ,A1OJ2PZFQYGM25
B00TEE43K6,A1OJ2PZFQYGM25
B073L5LDJ2,A1OJ2PZFQYGM25
B06XP7XMHB,A1OJ2PZFQYGM25
B01NA059ND,A1OJ2PZFQYGM25
B01LY9FQCA,A1OJ2PZFQYGM25
B01LY3A0TO,A1OJ2PZFQYGM25
B01LWWUVKV,A1OJ2PZFQYGM25
B01LSXJA0I,A1OJ2PZFQYGM25
B01KVW23YM,A1OJ2PZFQYGM25
B01KHZC0XC,A1OJ2PZFQYGM25
B01JT2BKBC,A1OJ2PZFQYGM25
B01JPOVWYE,A1OJ2PZFQYGM25
B01JBHKWL4,A1OJ2PZFQYGM25
B01IT9IYOM,A1OJ2PZFQYGM25
B01IDLLRVS,A1OJ2PZFQYGM25
B01I475Z8C,A1OJ2PZFQYGM25
B01I34D1U0,A1OJ2PZFQYGM25
B00S96FF2U,A1OJ2PZFQYGM25
B00R1G5ZOW,A1OJ2PZFQYGM25
B00QL3T23Q,A1OJ2PZFQYGM25
B00OTZVD0I,A1OJ2PZFQYGM25
B00IQ2IXFI,A1OJ2PZFQYGM25
B00I99W2MS,A1OJ2PZFQYGM25
B00H2RUJ9G,A1OJ2PZFQYGM25
B00GXKGCTE,A1OJ2PZFQYGM25
B00GPAQHNS,A1OJ2PZFQYGM25
B00EEEQX4U,A1OJ2PZFQYGM25
B00E2PQ30U,A1OJ2PZFQYGM25
B00DSZW34U,A1OJ2PZFQYGM25
B00DJBZ6ME,A1OJ2PZFQYGM25
B00DF1UB8C,A1OJ2PZFQYGM25
B00BT5BS60,A1OJ2PZFQYGM25
B00BR4JWFC,A1OJ2PZFQYGM25
B07ZJ2M7Z9,A1OJ2PZFQYGM25
B07ZHV6PZP,A1OJ2PZFQYGM25
B07ZH125VC,A1OJ2PZFQYGM25
B07ZG5NPB3,A1OJ2PZFQYGM25
B07ZBJJQLS,A1OJ2PZFQYGM25
B07Z69SRL6,A1OJ2PZFQYGM25
B07YXQ1X29,A1OJ2PZFQYGM25
B07YR4T4MD,A1OJ2PZFQYGM25
B07YQ827CR,A1OJ2PZFQYGM25
B07YKM33C6,A1OJ2PZFQYGM25
B07YK759T2,A1OJ2PZFQYGM25
B07XV6TGV6,A1OJ2PZFQYGM25
B07XLPH99G,A1OJ2PZFQYGM25
B07XJQG9D6,A1OJ2PZFQYGM25
B07XCFGRY3,A1OJ2PZFQYGM25
B07X6J4KWH,A1OJ2PZFQYGM25
B00AIW2WTC,A1OJ2PZFQYGM25
B009IKT59U,A1OJ2PZFQYGM25
B0094O06M0,A1OJ2PZFQYGM25
B00945QBRI,A1OJ2PZFQYGM25
B007R6MKUS,A1OJ2PZFQYGM25
B007P51YE4,A1OJ2PZFQYGM25
B005JCZ5T0,A1OJ2PZFQYGM25
B005IY7OFM,A1OJ2PZFQYGM25
B0050SXQ2Q,A1OJ2PZFQYGM25
B004IQ9F6M,A1OJ2PZFQYGM25
B004GCTMZM,A1OJ2PZFQYGM25
B0049U6S12,A1OJ2PZFQYGM25
B003YPSVUY,A1OJ2PZFQYGM25
B003R12ORQ,A1OJ2PZFQYGM25
B00354UZLC,A1OJ2PZFQYGM25
B002ZD78BO,A1OJ2PZFQYGM25
B002YGWJQQ,A1OJ2PZFQYGM25
B002YGLCQO,A1OJ2PZFQYGM25
B002WWIO0C,A1OJ2PZFQYGM25
B002T75W7S,A1OJ2PZFQYGM25
B002RV5ZOG,A1OJ2PZFQYGM25
B002RCTNUW,A1OJ2PZFQYGM25
B002L1CUKY,A1OJ2PZFQYGM25
B002JFNZXI,A1OJ2PZFQYGM25
B002EX88TQ,A1OJ2PZFQYGM25
B0027ACDVA,A1OJ2PZFQYGM25
B001THIDAW,A1OJ2PZFQYGM25
B001PZB8KK,A1OJ2PZFQYGM25
B001KOEHHC,A1OJ2PZFQYGM25
B001G6198E,A1OJ2PZFQYGM25
B001C9TSR4,A1OJ2PZFQYGM25
B00133PS00,A1OJ2PZFQYGM25
B000Y3VL1U,A1OJ2PZFQYGM25
B000N4T2CU,A1OJ2PZFQYGM25
B000CSGEVO,A1OJ2PZFQYGM25
B000C8209Y,A1OJ2PZFQYGM25
B000C81JDM,A1OJ2PZFQYGM25
B000C7ZTWA,A1OJ2PZFQYGM25
B000C7ZOXO,A1OJ2PZFQYGM25
B000BDB8LG,A1OJ2PZFQYGM25
B0002KQE62,A1OJ2PZFQYGM25
9627956236,A1OJ2PZFQYGM25
1732572747,A1OJ2PZFQYGM25
1578501024,A1OJ2PZFQYGM25
B0929HYMPD,A1OJ2PZFQYGM25
4569781667,A1OJ2PZFQYGM25
B00P9E6SOO,A1OJ2PZFQYGM25
B009YM6RJS,A1OJ2PZFQYGM25
4562044896,A1OJ2PZFQYGM25
B008DBDZQE,A1OJ2PZFQYGM25
B0012XRRK0,A1OJ2PZFQYGM25
4532264537,A1OJ2PZFQYGM25
B07WQ2P2TT,A1OJ2PZFQYGM25
4532114187,A1OJ2PZFQYGM25
B0036B67Q6,A1OJ2PZFQYGM25
4532114179,A1OJ2PZFQYGM25
B0B3SJJ1ZN,A1OJ2PZFQYGM25
452243801X,A1OJ2PZFQYGM25
B09MZLK49V,A1OJ2PZFQYGM25
4092270380,A1OJ2PZFQYGM25
4845636484,A1OJ2PZFQYGM25
B085J45FT2,A1OJ2PZFQYGM25
B08YMCHMSF,A1OJ2PZFQYGM25
B089FQWD2S,A1OJ2PZFQYGM25
4806917125,A1OJ2PZFQYGM25
B00DH4DCTW,A1OJ2PZFQYGM25
B08B6F71SS,A1OJ2PZFQYGM25
B094Q561GT,A1OJ2PZFQYGM25
479738414X,A1OJ2PZFQYGM25
B07YWB8GD4,A1OJ2PZFQYGM25
B07RT3WKN3,A1OJ2PZFQYGM25
4757436637,A1OJ2PZFQYGM25
B07W5QR9RX,A1OJ2PZFQYGM25
B0756FLFGT,A1OJ2PZFQYGM25
4569848702,A1OJ2PZFQYGM25
B01L7OOCJW,A1OJ2PZFQYGM25
B00JQZ114Y,A1OJ2PZFQYGM25
406220262X,A1OJ2PZFQYGM25
B007UII58Y,A1OJ2PZFQYGM25
4004317711,A1OJ2PZFQYGM25
B07YBH936T,A1OJ2PZFQYGM25
4004302684,A1OJ2PZFQYGM25
B07X2YY6MH,A1OJ2PZFQYGM25
4003422910,A1OJ2PZFQYGM25
B07P8XSWBV,A1OJ2PZFQYGM25
B01LVW3C3C,A1OJ2PZFQYGM25
B002G9TV08,A1OJ2PZFQYGM25
B08BJ38WWY,A1OJ2PZFQYGM25
B087WH6MDW,A1OJ2PZFQYGM25
B07ZWCW27P,A1OJ2PZFQYGM25
B00CSHK28I,A1OJ2PZFQYGM25
B004I9X5B0,A1OJ2PZFQYGM25
B0C2Y3XY5P,A1OJ2PZFQYGM25
B08N689343,A1OJ2PZFQYGM25
B08MPXRJHD,A1OJ2PZFQYGM25
B089R5HV67,A1OJ2PZFQYGM25
B084HLYT3S,A1OJ2PZFQYGM25
B07YR5823T,A1OJ2PZFQYGM25
B07WSY7HVW,A1OJ2PZFQYGM25
B07WRMLPFH,A1OJ2PZFQYGM25
B00LUS3GIO,A1OJ2PZFQYGM25
B002VNMHGO,A1OJ2PZFQYGM25
B0BWNHFS33,A1OJ2PZFQYGM25
B0BV6K3NTM,A1OJ2PZFQYGM25
B0BRZ6C4FV,A1OJ2PZFQYGM25
B0B17HM14Y,A1OJ2PZFQYGM25
B09ZHHN3V9,A1OJ2PZFQYGM25
B09GXD8K95,A1OJ2PZFQYGM25
B099P46V84,A1OJ2PZFQYGM25
B0996B7358,A1OJ2PZFQYGM25
B0986XRQR5,A1OJ2PZFQYGM25
B09237ZZ9M,A1OJ2PZFQYGM25
B08QVD637R,A1OJ2PZFQYGM25
B08NMS4BKM,A1OJ2PZFQYGM25
B08M3WSSHJ,A1OJ2PZFQYGM25
B08LDX1WD8,A1OJ2PZFQYGM25
B08B8X944C,A1OJ2PZFQYGM25
B08B8X6ZG6,A1OJ2PZFQYGM25
B08B7P387J,A1OJ2PZFQYGM25
B089Y9Q6RP,A1OJ2PZFQYGM25
B089LZF6J5,A1OJ2PZFQYGM25
B089LMVKWR,A1OJ2PZFQYGM25
B088THYGD3,A1OJ2PZFQYGM25
B088NH4GD8,A1OJ2PZFQYGM25
B07YPWD91D,A1OJ2PZFQYGM25
B07YN6NV6X,A1OJ2PZFQYGM25
B07YFD1SRD,A1OJ2PZFQYGM25
B07YCN2XNM,A1OJ2PZFQYGM25
B07Y82PX47,A1OJ2PZFQYGM25
B07XSRVFQW,A1OJ2PZFQYGM25
B07XPXLT3M,A1OJ2PZFQYGM25
B07XKCJJT8,A1OJ2PZFQYGM25
B07XH8CFGV,A1OJ2PZFQYGM25
B07XH7DXX4,A1OJ2PZFQYGM25
B07XH7DLLM,A1OJ2PZFQYGM25
B07XH46FP9,A1OJ2PZFQYGM25
B07XH3XC5F,A1OJ2PZFQYGM25
B07XGD9H63,A1OJ2PZFQYGM25
B07XGD5Y61,A1OJ2PZFQYGM25
B07X9YW1S4,A1OJ2PZFQYGM25
B088LMJJ64,A1OJ2PZFQYGM25
B08887L1LQ,A1OJ2PZFQYGM25
B087QTMJHV,A1OJ2PZFQYGM25
B087QS1PDC,A1OJ2PZFQYGM25
B0871SKZFN,A1OJ2PZFQYGM25
B084WDJ4CW,A1OJ2PZFQYGM25
B084WDFX53,A1OJ2PZFQYGM25
B084WCYZ5R,A1OJ2PZFQYGM25
B084JF49YZ,A1OJ2PZFQYGM25
B082DKTZ43,A1OJ2PZFQYGM25
B07ZPDMMZ5,A1OJ2PZFQYGM25
B07ZP8DVXF,A1OJ2PZFQYGM25
B07ZMW6KD7,A1OJ2PZFQYGM25
B07ZB1NBZZ,A1OJ2PZFQYGM25
B07YYRBX31,A1OJ2PZFQYGM25
B07YVJ5CW6,A1OJ2PZFQYGM25
B01G4DG8NY,A1OJ2PZFQYGM25
B01ES31J0Y,A1OJ2PZFQYGM25
B01D3DZT9W,A1OJ2PZFQYGM25
B01AS7XEUC,A1OJ2PZFQYGM25
B018ERZDY8,A1OJ2PZFQYGM25
B01804JH74,A1OJ2PZFQYGM25
B016TQP3QE,A1OJ2PZFQYGM25
B0145DQ6QY,A1OJ2PZFQYGM25
B0144OSQIU,A1OJ2PZFQYGM25
B011DPKM8A,A1OJ2PZFQYGM25
B010TZT2CC,A1OJ2PZFQYGM25
B00YCM9BP2,A1OJ2PZFQYGM25
B00Y8TDPME,A1OJ2PZFQYGM25
B00Y58BCTQ,A1OJ2PZFQYGM25
B00Y3PLLRY,A1OJ2PZFQYGM25
B00Y1EUOZW,A1OJ2PZFQYGM25
B07X5VRYYS,A1OJ2PZFQYGM25
B07X5TM3CF,A1OJ2PZFQYGM25
B07X5814H1,A1OJ2PZFQYGM25
B07X52CXP7,A1OJ2PZFQYGM25
B07X4ZRRQH,A1OJ2PZFQYGM25
B07X4YD9WR,A1OJ2PZFQYGM25
B07X3Q5FQ2,A1OJ2PZFQYGM25
B07X2LQ6HK,A1OJ2PZFQYGM25
B07WZH5ST8,A1OJ2PZFQYGM25
B07WW757FB,A1OJ2PZFQYGM25
B07WRN67SP,A1OJ2PZFQYGM25
B07WPG5XHQ,A1OJ2PZFQYGM25
B07W9CDDZ4,A1OJ2PZFQYGM25
B07W4TPFRP,A1OJ2PZFQYGM25
B07VVMXDHR,A1OJ2PZFQYGM25
B07VVJ76S8,A1OJ2PZFQYGM25
B07VT98KJC,A1OJ2PZFQYGM25
B07V8KVBXW,A1OJ2PZFQYGM25
B07T86FTJD,A1OJ2PZFQYGM25
B07S1PV24Z,A1OJ2PZFQYGM25
B07RYNDLYB,A1OJ2PZFQYGM25
B07RF268J2,A1OJ2PZFQYGM25
B07NJCQHKF,A1OJ2PZFQYGM25
B07FX8BYVN,A1OJ2PZFQYGM25
B079751178,A1OJ2PZFQYGM25
B071CFYPJ4,A1OJ2PZFQYGM25
B06XH3YL72,A1OJ2PZFQYGM25
B01N9T5VYT,A1OJ2PZFQYGM25
B01KW12GD0,A1OJ2PZFQYGM25
B01KES071Y,A1OJ2PZFQYGM25
B01JCWT5UC,A1OJ2PZFQYGM25
B01JB1HM0E,A1OJ2PZFQYGM25
B00XK4OMI4,A1OJ2PZFQYGM25
B00XECK8L2,A1OJ2PZFQYGM25
B00V6640RQ,A1OJ2PZFQYGM25
B00S04P18E,A1OJ2PZFQYGM25
B00R1ILFPI,A1OJ2PZFQYGM25
B00R08FYKG,A1OJ2PZFQYGM25
B00QZ2MV9K,A1OJ2PZFQYGM25
B00QXKOOSA,A1OJ2PZFQYGM25
B00QSCRVBK,A1OJ2PZFQYGM25
B00PJ9674K,A1OJ2PZFQYGM25
B00PHEYB0E,A1OJ2PZFQYGM25
B00OVF7ZR6,A1OJ2PZFQYGM25
B00OQRU0O4,A1OJ2PZFQYGM25
B00IQ2KEEG,A1OJ2PZFQYGM25
B00ICBY12C,A1OJ2PZFQYGM25
B00HQM6FT0,A1OJ2PZFQYGM25
B00GXF5W0E,A1OJ2PZFQYGM25
B00GFAL17U,A1OJ2PZFQYGM25
B00FBDV79O,A1OJ2PZFQYGM25
B00DYAGDP4,A1OJ2PZFQYGM25
B00DQSYT32,A1OJ2PZFQYGM25
B00BXDS6UY,A1OJ2PZFQYGM25
B00BWUHG40,A1OJ2PZFQYGM25
B00BT2RUVU,A1OJ2PZFQYGM25
B00B29QQCO,A1OJ2PZFQYGM25
B009ZL6NY2,A1OJ2PZFQYGM25
B009S7ERAK,A1OJ2PZFQYGM25
B008PV0WTA,A1OJ2PZFQYGM25
B008PDIMCW,A1OJ2PZFQYGM25
B008E333P4,A1OJ2PZFQYGM25
B006IXDDWU,A1OJ2PZFQYGM25
B0068VJXRG,A1OJ2PZFQYGM25
B0052XLYLO,A1OJ2PZFQYGM25
B004NK3R30,A1OJ2PZFQYGM25
B003ZXDWG8,A1OJ2PZFQYGM25
B003XVWXJE,A1OJ2PZFQYGM25
B003NR5J8A,A1OJ2PZFQYGM25
B003L2SDNU,A1OJ2PZFQYGM25
B003JUYQIU,A1OJ2PZFQYGM25
B003DQY054,A1OJ2PZFQYGM25
B003DQW222,A1OJ2PZFQYGM25
B003CJOXHW,A1OJ2PZFQYGM25
B00309S7LW,A1OJ2PZFQYGM25
B002O0ZNVU,A1OJ2PZFQYGM25
B002EX6BTK,A1OJ2PZFQYGM25
B0029J2I6E,A1OJ2PZFQYGM25
B001VGG628,A1OJ2PZFQYGM25
B001MX39RU,A1OJ2PZFQYGM25
B001KNRMP2,A1OJ2PZFQYGM25
B001BHEG4M,A1OJ2PZFQYGM25
B00132AY9Q,A1OJ2PZFQYGM25
B000WJDPEC,A1OJ2PZFQYGM25
B000S66YI8,A1OJ2PZFQYGM25
B000HDMW2O,A1OJ2PZFQYGM25
B000DZBFVA,A1OJ2PZFQYGM25
B000CQ485K,A1OJ2PZFQYGM25
B000C665CO,A1OJ2PZFQYGM25
B0002JKHWU,A1OJ2PZFQYGM25
B0000ZJN5I,A1OJ2PZFQYGM25
B08ZHQMP4K,A1OJ2PZFQYGM25
B01I0I5QQQ,A1OJ2PZFQYGM25
B00004DRZS,A1OJ2PZFQYGM25
B07Z9XZNX8,A1OJ2PZFQYGM25
4909249400,A1OJ2PZFQYGM25
B07DBPNCZV,A1OJ2PZFQYGM25
B0C3GZXF7Q,A1OJ2PZFQYGM25
B082VTBYKZ,A1OJ2PZFQYGM25
4479393560,A1OJ2PZFQYGM25
B09DTFFQ99,A1OJ2PZFQYGM25
B099NHJWMV,A1OJ2PZFQYGM25
B0023T8WME,A1OJ2PZFQYGM25
4415322379,A1OJ2PZFQYGM25
B08DN45PQ6,A1OJ2PZFQYGM25
B097MLRH8H,A1OJ2PZFQYGM25
B07WTDGHV1,A1OJ2PZFQYGM25
B07S4FFMRF,A1OJ2PZFQYGM25
B0B5R24G21,A1OJ2PZFQYGM25
B00BRX5JIC,A1OJ2PZFQYGM25
B089CKN28R,A1OJ2PZFQYGM25
B00BRX3GFU,A1OJ2PZFQYGM25
B07YVFS88S,A1OJ2PZFQYGM25
B0094K8J7I,A1OJ2PZFQYGM25
B00EMKMOGW,A1OJ2PZFQYGM25
B0083SUDDU,A1OJ2PZFQYGM25
B0006HMWCQ,A1OJ2PZFQYGM25
B06WP5S99S,A1OJ2PZFQYGM25
B01IIJHKRU,A1OJ2PZFQYGM25
B08X66Y87N,A1OJ2PZFQYGM25
B07WKW2D5B,A1OJ2PZFQYGM25
B014KYYKCU,A1OJ2PZFQYGM25
B00IJM3T5O,A1OJ2PZFQYGM25
4326251298,A1OJ2PZFQYGM25
B094D5X7VL,A1OJ2PZFQYGM25
B0C8SDLMCG,A1OJ2PZFQYGM25
4285145561,A1OJ2PZFQYGM25
B07YXMXW7H,A1OJ2PZFQYGM25
B09Q7QP624,A1OJ2PZFQYGM25
4074420864,A1OJ2PZFQYGM25
B07YJWQ296,A1OJ2PZFQYGM25
B0BDF9FZ89,A1OJ2PZFQYGM25
4022518138,A1OJ2PZFQYGM25
B07Y35K43C,A1OJ2PZFQYGM25
B01JUHLKKM,A1OJ2PZFQYGM25
B07WZT7S74,A1OJ2PZFQYGM25
B08F4VVT6J,A1OJ2PZFQYGM25
B07W7MYTG8,A1OJ2PZFQYGM25
B01M7XMJBU,A1OJ2PZFQYGM25
B0BXNB89JP,A1OJ2PZFQYGM25
B0BCS7CJ8H,A1OJ2PZFQYGM25
B0B93WC9WL,A1OJ2PZFQYGM25
B08KZFZ46G,A1OJ2PZFQYGM25
B083HP1DLM,A1OJ2PZFQYGM25
B081J4H468,A1OJ2PZFQYGM25
B07ZKMKZGL,A1OJ2PZFQYGM25
B01IBX0Z2K,A1OJ2PZFQYGM25
B00T5J22OE,A1OJ2PZFQYGM25
B00BRXBMOW,A1OJ2PZFQYGM25
B0C1MCDKKT,A1OJ2PZFQYGM25
B0BWMCWBJD,A1OJ2PZFQYGM25
B0BVYYS1MM,A1OJ2PZFQYGM25
B0BVBKX1BL,A1OJ2PZFQYGM25
B0BSZ14MJL,A1OJ2PZFQYGM25
B0BQ6PB4P9,A1OJ2PZFQYGM25
B0BB8VP2YT,A1OJ2PZFQYGM25
B0B3R8MTJX,A1OJ2PZFQYGM25
B0B12MRY29,A1OJ2PZFQYGM25
B09PYPYZVN,A1OJ2PZFQYGM25
B09MCYVVDM,A1OJ2PZFQYGM25
B09H3GYPT1,A1OJ2PZFQYGM25
B097415CX7,A1OJ2PZFQYGM25
B09684F7L7,A1OJ2PZFQYGM25
B095KXX8TT,A1OJ2PZFQYGM25
B0956DS8HH,A1OJ2PZFQYGM25
B093Q8XNTF,A1OJ2PZFQYGM25
B091YKZHVX,A1OJ2PZFQYGM25
B091YGV1BQ,A1OJ2PZFQYGM25
B091YFMCHM,A1OJ2PZFQYGM25
B091CM8RYB,A1OJ2PZFQYGM25
B08ZBQZX3L,A1OJ2PZFQYGM25
B08XN1KMJD,A1OJ2PZFQYGM25
B08XG4XC6P,A1OJ2PZFQYGM25
B08VZM5N6Y,A1OJ2PZFQYGM25
B08V1D2QVT,A1OJ2PZFQYGM25
B08S6NV4SY,A1OJ2PZFQYGM25
B08PPXQPYR,A1OJ2PZFQYGM25
B08MVYZ95W,A1OJ2PZFQYGM25
B08M5W71GS,A1OJ2PZFQYGM25
B08L5CS85T,A1OJ2PZFQYGM25
B08K8QD3L5,A1OJ2PZFQYGM25
B08GYC726N,A1OJ2PZFQYGM25
B08BRD2QVH,A1OJ2PZFQYGM25
B08BHSR4JW,A1OJ2PZFQYGM25
B08B8WR73M,A1OJ2PZFQYGM25
B08B8WNVMW,A1OJ2PZFQYGM25
B08B53SKDX,A1OJ2PZFQYGM25
B089PX1YP8,A1OJ2PZFQYGM25
B088BB1TV3,A1OJ2PZFQYGM25
B084NPCT7H,A1OJ2PZFQYGM25
B081Y23PPM,A1OJ2PZFQYGM25
B081BBHJLS,A1OJ2PZFQYGM25
B081BBCX4Z,A1OJ2PZFQYGM25
B081BB8FFT,A1OJ2PZFQYGM25
B081B9P3QK,A1OJ2PZFQYGM25
B081B9FKB4,A1OJ2PZFQYGM25
B081B9B4B4,A1OJ2PZFQYGM25
B081B98VGQ,A1OJ2PZFQYGM25
B081B8ZS5Q,A1OJ2PZFQYGM25
B081B7H9G9,A1OJ2PZFQYGM25
B081921CCL,A1OJ2PZFQYGM25
B08187M36Z,A1OJ2PZFQYGM25
B081873DL1,A1OJ2PZFQYGM25
B08186VYR1,A1OJ2PZFQYGM25
B08176M3JG,A1OJ2PZFQYGM25
B07ZYMG6L1,A1OJ2PZFQYGM25
B07ZVYHH95,A1OJ2PZFQYGM25
B07ZPNTWN1,A1OJ2PZFQYGM25
B07ZPNTQW4,A1OJ2PZFQYGM25
B07ZFC312M,A1OJ2PZFQYGM25
B07Z84SW5P,A1OJ2PZFQYGM25
B07Z795LV1,A1OJ2PZFQYGM25
B07Z6SX4YX,A1OJ2PZFQYGM25
B07Z1FX6DJ,A1OJ2PZFQYGM25
B07YYX8FFB,A1OJ2PZFQYGM25
B07YR76CS7,A1OJ2PZFQYGM25
B07YQJRR2P,A1OJ2PZFQYGM25
B07YQJJ8N4,A1OJ2PZFQYGM25
B07YQJHCF5,A1OJ2PZFQYGM25
B07YQJB8YQ,A1OJ2PZFQYGM25
B07YQJ6JH2,A1OJ2PZFQYGM25
B07YQJ3ZXL,A1OJ2PZFQYGM25
B07YQJ3P8C,A1OJ2PZFQYGM25
B07YQJ3317,A1OJ2PZFQYGM25
B07YQHCL6R,A1OJ2PZFQYGM25
B07YQD6JLK,A1OJ2PZFQYGM25
B07YGYQ17J,A1OJ2PZFQYGM25
B07YGRCZHJ,A1OJ2PZFQYGM25
B07Y85RBS4,A1OJ2PZFQYGM25
B07Y6PPYB5,A1OJ2PZFQYGM25
B07Y6NJPRF,A1OJ2PZFQYGM25
B07XNNRKQP,A1OJ2PZFQYGM25
B07XDDBPVF,A1OJ2PZFQYGM25
B07X9N47HC,A1OJ2PZFQYGM25
B07X2TQFKT,A1OJ2PZFQYGM25
B07WZ9NGJB,A1OJ2PZFQYGM25
B07WYXSBNJ,A1OJ2PZFQYGM25
B07WMMMPM6,A1OJ2PZFQYGM25
B07WJ51WH7,A1OJ2PZFQYGM25
B07WFZ1G44,A1OJ2PZFQYGM25
B07W8YLXJK,A1OJ2PZFQYGM25
B07W62ZPQW,A1OJ2PZFQYGM25
B07W5XB43W,A1OJ2PZFQYGM25
B07VWMYNVR,A1OJ2PZFQYGM25
B07VVZJ8V7,A1OJ2PZFQYGM25
B07T153PRH,A1OJ2PZFQYGM25
B07SYCC53R,A1OJ2PZFQYGM25
B07SXWRZSM,A1OJ2PZFQYGM25
B07SNK5HWH,A1OJ2PZFQYGM25
B07QN5G1NT,A1OJ2PZFQYGM25
B07L4ZX6K8,A1OJ2PZFQYGM25
B01HAGTNRW,A1OJ2PZFQYGM25
B01AZVIFSM,A1OJ2PZFQYGM25
B01AM7QLGC,A1OJ2PZFQYGM25
B017089D6G,A1OJ2PZFQYGM25
B0161N4VLI,A1OJ2PZFQYGM25
B0152BU812,A1OJ2PZFQYGM25
B014RXJB8C,A1OJ2PZFQYGM25
B012WZPFUK,A1OJ2PZFQYGM25
B00ZJGV7O8,A1OJ2PZFQYGM25
B00ZE7YQ2W,A1OJ2PZFQYGM25
B00Y5RAZPO,A1OJ2PZFQYGM25
B00Y5RAY9G,A1OJ2PZFQYGM25
B00U1D3VMA,A1OJ2PZFQYGM25
B00SCR24V6,A1OJ2PZFQYGM25
B00SAKR5EG,A1OJ2PZFQYGM25
B00RO5J4L0,A1OJ2PZFQYGM25
B0793HRW6J,A1OJ2PZFQYGM25
B075GFBSKQ,A1OJ2PZFQYGM25
B075BDSQD6,A1OJ2PZFQYGM25
B071FBB39L,A1OJ2PZFQYGM25
B01MZIV2C2,A1OJ2PZFQYGM25
B01MG2ATVA,A1OJ2PZFQYGM25
B01MAXV01G,A1OJ2PZFQYGM25
B01M13EN93,A1OJ2PZFQYGM25
B01M123043,A1OJ2PZFQYGM25
B01LY79SV1,A1OJ2PZFQYGM25
B01LHZAN6W,A1OJ2PZFQYGM25
B01LGL6DPM,A1OJ2PZFQYGM25
B01LAXGQ76,A1OJ2PZFQYGM25
B01L0ERF3E,A1OJ2PZFQYGM25
B01KCFMPO6,A1OJ2PZFQYGM25
B01JLW7258,A1OJ2PZFQYGM25
B00R1OJFMW,A1OJ2PZFQYGM25
B00R0EIGAA,A1OJ2PZFQYGM25
B00R0C70NG,A1OJ2PZFQYGM25
B00R07ILM0,A1OJ2PZFQYGM25
B00R07FWTA,A1OJ2PZFQYGM25
B00QZFOQZY,A1OJ2PZFQYGM25
B00QYDXJAU,A1OJ2PZFQYGM25
B00P9E81LC,A1OJ2PZFQYGM25
B00O6V3ZZG,A1OJ2PZFQYGM25
B00NI57G06,A1OJ2PZFQYGM25
B00N2TWPEU,A1OJ2PZFQYGM25
B00M9MXLA8,A1OJ2PZFQYGM25
B00M7BRVWK,A1OJ2PZFQYGM25
B00LFJHMBU,A1OJ2PZFQYGM25
B00IKFHZP0,A1OJ2PZFQYGM25
B00GRAHIO8,A1OJ2PZFQYGM25
B0043LT9U4,A1OJ2PZFQYGM25
B0039JU5G8,A1OJ2PZFQYGM25
B002YM2XH0,A1OJ2PZFQYGM25
B002BYR89Y,A1OJ2PZFQYGM25
B001PZD574,A1OJ2PZFQYGM25
B001KOF2TO,A1OJ2PZFQYGM25
B001DKSO22,A1OJ2PZFQYGM25
B000W75P74,A1OJ2PZFQYGM25
B000S66Y8S,A1OJ2PZFQYGM25
B000CPLYXU,A1OJ2PZFQYGM25
B0002MDTVS,A1OJ2PZFQYGM25
B00012F3XQ,A1OJ2PZFQYGM25
916361782X,A1OJ2PZFQYGM25
4823303113,A1OJ2PZFQYGM25
1735715204,A1OJ2PZFQYGM25
1637752644,A1OJ2PZFQYGM25
B07X8XMLFP,A1OJ2PZFQYGM25
B000ATUKBU,A1OJ2PZFQYGM25
4062854317,A1OJ2PZFQYGM25
B01LZEJV4U,A1OJ2PZFQYGM25
B07WCVK391,A1OJ2PZFQYGM25
B07YBW8FCM,A1OJ2PZFQYGM25
B07RDJDP7M,A1OJ2PZFQYGM25
B07W5F5V5S,A1OJ2PZFQYGM25
B01LXMOXQ8,A1OJ2PZFQYGM25
0998656186,A1OJ2PZFQYGM25
B00GD8T43C,A1OJ2PZFQYGM25
B092VNDRTV,A1OJ2PZFQYGM25
B01M60Z6EI,A1OJ2PZFQYGM25
B09F67F1ZK,A1OJ2PZFQYGM25
B0022ZV3QG,A1OJ2PZFQYGM25
B07CNY4MFC,A1OJ2PZFQYGM25
B0015OGU3G,A1OJ2PZFQYGM25
B000ZGBMRO,A1OJ2PZFQYGM25
B0BKY2CMBR,A1OJ2PZFQYGM25
B081ZB8PTQ,A1OJ2PZFQYGM25
B000XQF5YW,A1OJ2PZFQYGM25
B07D6RCL4C,A1OJ2PZFQYGM25
4864513678,A1OJ2PZFQYGM25
B07ZHPWJNQ,A1OJ2PZFQYGM25
B00DH4J5UW,A1OJ2PZFQYGM25
B000XQE8TK,A1OJ2PZFQYGM25
4834274594,A1OJ2PZFQYGM25
B07XQ6M89Y,A1OJ2PZFQYGM25
B07ZD2DR4N,A1OJ2PZFQYGM25
B000K6B3A0,A1OJ2PZFQYGM25
B083LNRGT4,A1OJ2PZFQYGM25
4757428758,A1OJ2PZFQYGM25
B07WMVTBYM,A1OJ2PZFQYGM25
B08F5315XT,A1OJ2PZFQYGM25
B07KBF9LXS,A1OJ2PZFQYGM25
B08SJGQJ3P,A1OJ2PZFQYGM25
B08Q7GD943,A1OJ2PZFQYGM25
B07XVBC8W9,A1OJ2PZFQYGM25
B002GICBEW,A1OJ2PZFQYGM25
B0C1719Y45,A1OJ2PZFQYGM25
B09448GVHV,A1OJ2PZFQYGM25
B087STKJQN,A1OJ2PZFQYGM25
B07WM2QJXJ,A1OJ2PZFQYGM25
B0974BC6X3,A1OJ2PZFQYGM25
B07K7Y4WPX,A1OJ2PZFQYGM25
B002KN57KS,A1OJ2PZFQYGM25
B07K2FX3QN,A1OJ2PZFQYGM25
B00G6UO71G,A1OJ2PZFQYGM25
B00CQB9RGO,A1OJ2PZFQYGM25
B00CQ2C1S4,A1OJ2PZFQYGM25
B00BRXCG7Y,A1OJ2PZFQYGM25
B00AZM52ME,A1OJ2PZFQYGM25
B00ALZVYWM,A1OJ2PZFQYGM25
B008NYULSQ,A1OJ2PZFQYGM25
B006MDS5QU,A1OJ2PZFQYGM25
B0060MMQ2W,A1OJ2PZFQYGM25
B0055VSPBA,A1OJ2PZFQYGM25
B0051TZZ0U,A1OJ2PZFQYGM25
B004OHRZX0,A1OJ2PZFQYGM25
B004NKWQ8W,A1OJ2PZFQYGM25
B004L2L700,A1OJ2PZFQYGM25
B00496RE0U,A1OJ2PZFQYGM25
B0047Q1JAS,A1OJ2PZFQYGM25
B00448L7ME,A1OJ2PZFQYGM25
B0009KF3QC,A1OJ2PZFQYGM25
B0C32RPTP7,A1OJ2PZFQYGM25
B0C1TX5L47,A1OJ2PZFQYGM25
B0BRPXZ454,A1OJ2PZFQYGM25
B0BPHRHR7W,A1OJ2PZFQYGM25
B0BMFBYS6D,A1OJ2PZFQYGM25
B0BKBV76PW,A1OJ2PZFQYGM25
B0BJ6P4V7P,A1OJ2PZFQYGM25
B09NN9DGKY,A1OJ2PZFQYGM25
B099W5R81K,A1OJ2PZFQYGM25
B099NVYJG5,A1OJ2PZFQYGM25
B098YLNJTJ,A1OJ2PZFQYGM25
B094S71SYM,A1OJ2PZFQYGM25
B092P8J5V7,A1OJ2PZFQYGM25
B08WHZ42MJ,A1OJ2PZFQYGM25
B08VZ588GB,A1OJ2PZFQYGM25
B08TJ54VHT,A1OJ2PZFQYGM25
B08RRJVPDR,A1OJ2PZFQYGM25
B08PN3XDCV,A1OJ2PZFQYGM25
B08PMH27FS,A1OJ2PZFQYGM25
B08P3TP55Z,A1OJ2PZFQYGM25
B08MWZQWQP,A1OJ2PZFQYGM25
B08KVZ1L47,A1OJ2PZFQYGM25
B08JJW3CJ2,A1OJ2PZFQYGM25
B08FW33L8N,A1OJ2PZFQYGM25
B08B92K8C1,A1OJ2PZFQYGM25
B08B8XFJCX,A1OJ2PZFQYGM25
B08B8WQ2QD,A1OJ2PZFQYGM25
B088DB5W9C,A1OJ2PZFQYGM25
B086X5K548,A1OJ2PZFQYGM25
B08684T74N,A1OJ2PZFQYGM25
B085HZ2H23,A1OJ2PZFQYGM25
B0843T5RMB,A1OJ2PZFQYGM25
B08425Y38G,A1OJ2PZFQYGM25
B083HVCWQX,A1OJ2PZFQYGM25
B083GRW5SY,A1OJ2PZFQYGM25
B081LS2BX2,A1OJ2PZFQYGM25
B07ZYB6DX1,A1OJ2PZFQYGM25
B07ZY8SG85,A1OJ2PZFQYGM25
B07ZQFKBVL,A1OJ2PZFQYGM25
B07ZJWJZ2X,A1OJ2PZFQYGM25
B07ZCB6Q8J,A1OJ2PZFQYGM25
B07YN4Q7N4,A1OJ2PZFQYGM25
B07YLCNZTS,A1OJ2PZFQYGM25
B07YGSVPR3,A1OJ2PZFQYGM25
B07Y8RSLQ1,A1OJ2PZFQYGM25
B07XBMK6BT,A1OJ2PZFQYGM25
B07X9VX7VT,A1OJ2PZFQYGM25
B07WMPBHDP,A1OJ2PZFQYGM25
B07WJ1R7FY,A1OJ2PZFQYGM25
B07W96QJYP,A1OJ2PZFQYGM25
B07W6Z6FXF,A1OJ2PZFQYGM25
B07W5SY9SN,A1OJ2PZFQYGM25
B07VY2GTJL,A1OJ2PZFQYGM25
B07VL5BMZX,A1OJ2PZFQYGM25
B07RWX242J,A1OJ2PZFQYGM25
B07RSHCXPM,A1OJ2PZFQYGM25
B07NCR221T,A1OJ2PZFQYGM25
B07CQ68HKG,A1OJ2PZFQYGM25
B07CQ5MND1,A1OJ2PZFQYGM25
B079K6YNJK,A1OJ2PZFQYGM25
B078TNCF9D,A1OJ2PZFQYGM25
B0779LTZX2,A1OJ2PZFQYGM25
B071J6VQHT,A1OJ2PZFQYGM25
B01N8TEPBA,A1OJ2PZFQYGM25
B01LZEBH8W,A1OJ2PZFQYGM25
B01K9TARRM,A1OJ2PZFQYGM25
B01K5XLTXI,A1OJ2PZFQYGM25
B01IRU6P1W,A1OJ2PZFQYGM25
B01IOFEE4A,A1OJ2PZFQYGM25
B01ILM0V48,A1OJ2PZFQYGM25
B01ILL5IQA,A1OJ2PZFQYGM25
B01IBX69N4,A1OJ2PZFQYGM25
B01D1XS1LM,A1OJ2PZFQYGM25
B01CVOYTYK,A1OJ2PZFQYGM25
B01BO0APMW,A1OJ2PZFQYGM25
B016TQLQXS,A1OJ2PZFQYGM25
B010TGVWYM,A1OJ2PZFQYGM25
B0108R7LKG,A1OJ2PZFQYGM25
B00YLUG4OG,A1OJ2PZFQYGM25
B00XUPOPHG,A1OJ2PZFQYGM25
B00W1T4D7E,A1OJ2PZFQYGM25
B00U7VY2I8,A1OJ2PZFQYGM25
B00QZG3Q8Q,A1OJ2PZFQYGM25
B00QZ3SW6K,A1OJ2PZFQYGM25
B00QSEAGOM,A1OJ2PZFQYGM25
B00PCHVN8Y,A1OJ2PZFQYGM25
B00MHWUVU8,A1OJ2PZFQYGM25
B00MDT93QI,A1OJ2PZFQYGM25
B00LZLSTVA,A1OJ2PZFQYGM25
B00LD8YKGI,A1OJ2PZFQYGM25
B00JFZPJI4,A1OJ2PZFQYGM25
B00IOXL8OW,A1OJ2PZFQYGM25
B00GXJBS4E,A1OJ2PZFQYGM25
B00FABXSQC,A1OJ2PZFQYGM25
B00DYFS0U0,A1OJ2PZFQYGM25
B00DWI6WDG,A1OJ2PZFQYGM25
B00C9QPF3U,A1OJ2PZFQYGM25
B00BBRR64E,A1OJ2PZFQYGM25
B00AJS6NBS,A1OJ2PZFQYGM25
B00AJS6LQK,A1OJ2PZFQYGM25
B00AJS6JYE,A1OJ2PZFQYGM25
B00AJS6HT6,A1OJ2PZFQYGM25
B00AJS6GO2,A1OJ2PZFQYGM25
B00AJS6DOU,A1OJ2PZFQYGM25
B00AJS69U8,A1OJ2PZFQYGM25
B00AJS68AE,A1OJ2PZFQYGM25
B00AJS65UM,A1OJ2PZFQYGM25
B00AJS64ZS,A1OJ2PZFQYGM25
B00AJS61E2,A1OJ2PZFQYGM25
B009IM82FQ,A1OJ2PZFQYGM25
B008O1BE4I,A1OJ2PZFQYGM25
B008CNOLHA,A1OJ2PZFQYGM25
B0058HRJBS,A1OJ2PZFQYGM25
B004ULW9BS,A1OJ2PZFQYGM25
B004TKDYKU,A1OJ2PZFQYGM25
B004P8GCQO,A1OJ2PZFQYGM25
B004P5M4GE,A1OJ2PZFQYGM25
B004L641MW,A1OJ2PZFQYGM25
B004K4K4VM,A1OJ2PZFQYGM25
B00474JS9O,A1OJ2PZFQYGM25
B0041P82UK,A1OJ2PZFQYGM25
B00311XELC,A1OJ2PZFQYGM25
B002YDWJ14,A1OJ2PZFQYGM25
B002UPQWQO,A1OJ2PZFQYGM25
B002OOTTTI,A1OJ2PZFQYGM25
B002L1GMQM,A1OJ2PZFQYGM25
B002AP057G,A1OJ2PZFQYGM25
B0027ACI42,A1OJ2PZFQYGM25
B001PYC6OI,A1OJ2PZFQYGM25
B001P4AXHK,A1OJ2PZFQYGM25
B001JBQQAM,A1OJ2PZFQYGM25
B0019INV7G,A1OJ2PZFQYGM25
B000PRY5KE,A1OJ2PZFQYGM25
B000C81TEQ,A1OJ2PZFQYGM25
B000C7Y5WA,A1OJ2PZFQYGM25
B000C7WPUY,A1OJ2PZFQYGM25
B0009MZ74I,A1OJ2PZFQYGM25
B0000CEP10,A1OJ2PZFQYGM25
B07Y4XFTF1,A1OJ2PZFQYGM25
B0037P6AUO,A1OJ2PZFQYGM25
4838731582,A1OJ2PZFQYGM25
B00JXYVBNE,A1OJ2PZFQYGM25
B0892F8VV2,A1OJ2PZFQYGM25
B084H2G1SF,A1OJ2PZFQYGM25
B002R1X59I,A1OJ2PZFQYGM25
4816368388,A1OJ2PZFQYGM25
B003B9136C,A1OJ2PZFQYGM25
B0887FSPTT,A1OJ2PZFQYGM25
B002JP6CJC,A1OJ2PZFQYGM25
B07WG3JP9R,A1OJ2PZFQYGM25
4478111758,A1OJ2PZFQYGM25
B087QLQ9B7,A1OJ2PZFQYGM25
B08R9TK316,A1OJ2PZFQYGM25
B001FFTHJ4,A1OJ2PZFQYGM25
4405103496,A1OJ2PZFQYGM25
B07XPFTBXZ,A1OJ2PZFQYGM25
B0BNKL1YBW,A1OJ2PZFQYGM25
B000085J92,A1OJ2PZFQYGM25
4388063223,A1OJ2PZFQYGM25
B07VWXM546,A1OJ2PZFQYGM25
B006MPBZWY,A1OJ2PZFQYGM25
1881405877,A1OJ2PZFQYGM25
4297116618,A1OJ2PZFQYGM25
B07T8PBQML,A1OJ2PZFQYGM25
B0BK15XVVS,A1OJ2PZFQYGM25
4296105280,A1OJ2PZFQYGM25
B07SFTBN5B,A1OJ2PZFQYGM25
B087V3DCP7,A1OJ2PZFQYGM25
B07SB46H7V,A1OJ2PZFQYGM25
B01GIO6J5G,A1OJ2PZFQYGM25
B07S78Q6WB,A1OJ2PZFQYGM25
B01M62HEPU,A1OJ2PZFQYGM25
B07R8PJNPK,A1OJ2PZFQYGM25
B01F4GHO0I,A1OJ2PZFQYGM25
B07QM7DTLS,A1OJ2PZFQYGM25
B07Z5QHGV7,A1OJ2PZFQYGM25
B01L5U1GJC,A1OJ2PZFQYGM25
B0845WDC26,A1OJ2PZFQYGM25
B00AIJ1WDC,A1OJ2PZFQYGM25
B07ZLFGCR1,A1OJ2PZFQYGM25
B085LMFHTQ,A1OJ2PZFQYGM25
B07J1LVMZP,A1OJ2PZFQYGM25
B00E378DZU,A1OJ2PZFQYGM25
B089T71ZLW,A1OJ2PZFQYGM25
B01JKQZAF4,A1OJ2PZFQYGM25
B00PX58YRS,A1OJ2PZFQYGM25
B00HF4FJHI,A1OJ2PZFQYGM25
B0BZ9NPYJJ,A1OJ2PZFQYGM25
B0BL31KSTP,A1OJ2PZFQYGM25
B09V17P8TG,A1OJ2PZFQYGM25
B08SBN41YS,A1OJ2PZFQYGM25
B08BG43D7M,A1OJ2PZFQYGM25
B0846G446X,A1OJ2PZFQYGM25
B083NBMR99,A1OJ2PZFQYGM25
B07QP7NNM3,A1OJ2PZFQYGM25
B07QG3HFRW,A1OJ2PZFQYGM25
B071LH3N2C,A1OJ2PZFQYGM25
B010VJNF7Y,A1OJ2PZFQYGM25
B003ZZCBUY,A1OJ2PZFQYGM25
B000CQ225I,A1OJ2PZFQYGM25
B0BZSDSYZV,A1OJ2PZFQYGM25
B0BXLG8GLT,A1OJ2PZFQYGM25
B0BTXVGJ71,A1OJ2PZFQYGM25
B09H3K47GV,A1OJ2PZFQYGM25
B09H3JDVGK,A1OJ2PZFQYGM25
B09H3HTBGJ,A1OJ2PZFQYGM25
B09FSG3GD2,A1OJ2PZFQYGM25
B09B2QC9GJ,A1OJ2PZFQYGM25
B09B2MDYJJ,A1OJ2PZFQYGM25
B097YWPZYM,A1OJ2PZFQYGM25
B095S8J7HD,A1OJ2PZFQYGM25
B093Q8GY9C,A1OJ2PZFQYGM25
B091JDK92P,A1OJ2PZFQYGM25
B08Z5QZBCZ,A1OJ2PZFQYGM25
B08XYBWFS2,A1OJ2PZFQYGM25
B08XQZHMK1,A1OJ2PZFQYGM25
B08TZXK74N,A1OJ2PZFQYGM25
B08SQKLH2Z,A1OJ2PZFQYGM25
B08QTP5ZGR,A1OJ2PZFQYGM25
B08B9SDWMV,A1OJ2PZFQYGM25
B08B8WRGMX,A1OJ2PZFQYGM25
B08B4ZC333,A1OJ2PZFQYGM25
B089GNVMQY,A1OJ2PZFQYGM25
B089286DLW,A1OJ2PZFQYGM25
B08927ZD15,A1OJ2PZFQYGM25
B08924XY1V,A1OJ2PZFQYGM25
B088ZKXSYP,A1OJ2PZFQYGM25
B088YYYRNP,A1OJ2PZFQYGM25
B08835SR1K,A1OJ2PZFQYGM25
B0882Y5DLC,A1OJ2PZFQYGM25
B0882VZ4HY,A1OJ2PZFQYGM25
B0882TNLCD,A1OJ2PZFQYGM25
B0882QVZRJ,A1OJ2PZFQYGM25
B0882QJQ73,A1OJ2PZFQYGM25
B0882Q53CG,A1OJ2PZFQYGM25
B0882NM2X1,A1OJ2PZFQYGM25
B087PG3LKB,A1OJ2PZFQYGM25
B086R2Y4HQ,A1OJ2PZFQYGM25
B084WCWHHC,A1OJ2PZFQYGM25
B084WCTNDC,A1OJ2PZFQYGM25
B08232RTPC,A1OJ2PZFQYGM25
B0816S4RLH,A1OJ2PZFQYGM25
B07ZKM9S1Q,A1OJ2PZFQYGM25
B07ZFFT5M5,A1OJ2PZFQYGM25
B07ZF7ZSS8,A1OJ2PZFQYGM25
B07Z8YWRH4,A1OJ2PZFQYGM25
B07Z8JG2JT,A1OJ2PZFQYGM25
B07Z43N3SB,A1OJ2PZFQYGM25
B07Z33HFXC,A1OJ2PZFQYGM25
B07Z17CWHV,A1OJ2PZFQYGM25
B07Y1GNKFQ,A1OJ2PZFQYGM25
B07XXFX5XG,A1OJ2PZFQYGM25
B07XVDSZWB,A1OJ2PZFQYGM25
B07XHK9FD8,A1OJ2PZFQYGM25
B07WSRQ3KS,A1OJ2PZFQYGM25
B07WSQGBCW,A1OJ2PZFQYGM25
B07WQSMRRB,A1OJ2PZFQYGM25
B07WJGY9CB,A1OJ2PZFQYGM25
B07WD5FJR2,A1OJ2PZFQYGM25
B07W76JQCN,A1OJ2PZFQYGM25
B07W22W252,A1OJ2PZFQYGM25
B07VX758C3,A1OJ2PZFQYGM25
B07TY2KYSD,A1OJ2PZFQYGM25
B07TWYH3PL,A1OJ2PZFQYGM25
B07QSCHG3P,A1OJ2PZFQYGM25
B07QBMQT5N,A1OJ2PZFQYGM25
B07N72927H,A1OJ2PZFQYGM25
B074J9ZF1V,A1OJ2PZFQYGM25
B0746TK4J4,A1OJ2PZFQYGM25
B072KFFLQX,A1OJ2PZFQYGM25
B06ZY1VC44,A1OJ2PZFQYGM25
B06W52991T,A1OJ2PZFQYGM25
B01NAQDK0Z,A1OJ2PZFQYGM25
B01N23V7W0,A1OJ2PZFQYGM25
B01N06H3UK,A1OJ2PZFQYGM25
B01MQ5IWUG,A1OJ2PZFQYGM25
B01M6Z1317,A1OJ2PZFQYGM25
B01M3Q6ERT,A1OJ2PZFQYGM25
B01LWT7H95,A1OJ2PZFQYGM25
B01HCJDWVU,A1OJ2PZFQYGM25
B01CIROU80,A1OJ2PZFQYGM25
B0199C7KQG,A1OJ2PZFQYGM25
B016TQK0IK,A1OJ2PZFQYGM25
B016TQHO34,A1OJ2PZFQYGM25
B0164JQ4K0,A1OJ2PZFQYGM25
B015ELYNPM,A1OJ2PZFQYGM25
B0156PGZA2,A1OJ2PZFQYGM25
B01448GDFO,A1OJ2PZFQYGM25
B0128O406K,A1OJ2PZFQYGM25
B010VQUQLU,A1OJ2PZFQYGM25
B00UNJ29MA,A1OJ2PZFQYGM25
B00SIHTIQO,A1OJ2PZFQYGM25
B00R1GDIJ6,A1OJ2PZFQYGM25
B00R095554,A1OJ2PZFQYGM25
B00R04XT3O,A1OJ2PZFQYGM25
B00QZISLBG,A1OJ2PZFQYGM25
B00QSX6EN0,A1OJ2PZFQYGM25
B00QSTAXYA,A1OJ2PZFQYGM25
B00QSB9DNU,A1OJ2PZFQYGM25
B00O178K0A,A1OJ2PZFQYGM25
B00NI4J72M,A1OJ2PZFQYGM25
B00NE531C2,A1OJ2PZFQYGM25
B00LH14NYK,A1OJ2PZFQYGM25
B00K2UH1UA,A1OJ2PZFQYGM25
B00IA0X48C,A1OJ2PZFQYGM25
B00I9IHWI8,A1OJ2PZFQYGM25
B00I888REM,A1OJ2PZFQYGM25
B00I49ZZ90,A1OJ2PZFQYGM25
B00H4G5CZG,A1OJ2PZFQYGM25
B00H4G56VG,A1OJ2PZFQYGM25
B00GRU9YWC,A1OJ2PZFQYGM25
B00GK14IBK,A1OJ2PZFQYGM25
B00DZYVO6C,A1OJ2PZFQYGM25
B00DYAP5US,A1OJ2PZFQYGM25
B00DK7SBJC,A1OJ2PZFQYGM25
B00DDY7WCO,A1OJ2PZFQYGM25
B00CXNZQQA,A1OJ2PZFQYGM25
B00CQ806RG,A1OJ2PZFQYGM25
B00BT5FQYU,A1OJ2PZFQYGM25
B00BF0P4QY,A1OJ2PZFQYGM25
B009L5R0HG,A1OJ2PZFQYGM25
B00945WNXO,A1OJ2PZFQYGM25
B00945U3OA,A1OJ2PZFQYGM25
B006JN7Q6S,A1OJ2PZFQYGM25
B00647YC5W,A1OJ2PZFQYGM25
B0056VMFEM,A1OJ2PZFQYGM25
B004S6Z1D8,A1OJ2PZFQYGM25
B004RM6X6M,A1OJ2PZFQYGM25
B004J9FBU2,A1OJ2PZFQYGM25
B004AQJA8I,A1OJ2PZFQYGM25
B004AI9LG2,A1OJ2PZFQYGM25
B0044UKNFY,A1OJ2PZFQYGM25
B003WJ216C,A1OJ2PZFQYGM25
B003QKJZLQ,A1OJ2PZFQYGM25
B003NHZOVW,A1OJ2PZFQYGM25
B0031YFIVI,A1OJ2PZFQYGM25
B002ZZ4CHU,A1OJ2PZFQYGM25
B002YLVZ3E,A1OJ2PZFQYGM25
B002YFN7ZE,A1OJ2PZFQYGM25
B002IXFSCW,A1OJ2PZFQYGM25
B002CVUNN4,A1OJ2PZFQYGM25
B00271DUPW,A1OJ2PZFQYGM25
B001TEVM6W,A1OJ2PZFQYGM25
B001TETGQ0,A1OJ2PZFQYGM25
B001PCVIQ2,A1OJ2PZFQYGM25
B001HN3JSE,A1OJ2PZFQYGM25
B001FAE76C,A1OJ2PZFQYGM25
B001EFWQXY,A1OJ2PZFQYGM25
B0018QPO9W,A1OJ2PZFQYGM25
B000RIIMEG,A1OJ2PZFQYGM25
B000OE2Y1K,A1OJ2PZFQYGM25
B000JKFNT4,A1OJ2PZFQYGM25
B000C81QBM,A1OJ2PZFQYGM25
B000BPEZVE,A1OJ2PZFQYGM25
B000AO3H1K,A1OJ2PZFQYGM25
B00019J9ZW,A1OJ2PZFQYGM25
1989695094,A1OJ2PZFQYGM25
B07Q112TQF,A1OJ2PZFQYGM25
4899980892,A1OJ2PZFQYGM25
B091CJ5BLV,A1OJ2PZFQYGM25
B000IKM1Z4,A1OJ2PZFQYGM25
B000IJ7GNC,A1OJ2PZFQYGM25
B000BVYEMI,A1OJ2PZFQYGM25
B07S21C7NB,A1OJ2PZFQYGM25
4845634929,A1OJ2PZFQYGM25
B08Z676Y78,A1OJ2PZFQYGM25
1627003746,A1OJ2PZFQYGM25
B086TZN6W6,A1OJ2PZFQYGM25
4797674148,A1OJ2PZFQYGM25
B00006961J,A1OJ2PZFQYGM25
B085TPG2QB,A1OJ2PZFQYGM25
B009DMT4QM,A1OJ2PZFQYGM25
4793127444,A1OJ2PZFQYGM25
B071LQ1J5S,A1OJ2PZFQYGM25
B07YBZVBL4,A1OJ2PZFQYGM25
B09NDDJZ53,A1OJ2PZFQYGM25
4788911396,A1OJ2PZFQYGM25
B07YBHMFRM,A1OJ2PZFQYGM25
B005FNXG94,A1OJ2PZFQYGM25
4761268948,A1OJ2PZFQYGM25
B07T7HW3L1,A1OJ2PZFQYGM25
B08P5TWB9G,A1OJ2PZFQYGM25
4651200176,A1OJ2PZFQYGM25
B07PZ3P94Q,A1OJ2PZFQYGM25
B07KBSVK6R,A1OJ2PZFQYGM25
407455769X,A1OJ2PZFQYGM25
B07N17V18S,A1OJ2PZFQYGM25
B0845NVBGJ,A1OJ2PZFQYGM25
4065347734,A1OJ2PZFQYGM25
B06ZYB9HH2,A1OJ2PZFQYGM25
B07RHRR4QK,A1OJ2PZFQYGM25
4062639246,A1OJ2PZFQYGM25
B01LW5FB68,A1OJ2PZFQYGM25
B000XPSQQ2,A1OJ2PZFQYGM25
B00IT03KVO,A1OJ2PZFQYGM25
B01MQ2EMEZ,A1OJ2PZFQYGM25
B00IRNJ7Z6,A1OJ2PZFQYGM25
B0956TBBY1,A1OJ2PZFQYGM25
B00IRNJ7EC,A1OJ2PZFQYGM25
B07FWKCJ19,A1OJ2PZFQYGM25
B00IRNJ6D4,A1OJ2PZFQYGM25
B0956P4HMN,A1OJ2PZFQYGM25
B00IRNJ4EK,A1OJ2PZFQYGM25
B0002E1NP0,A1OJ2PZFQYGM25
B00IRNJ3PA,A1OJ2PZFQYGM25
B07PXTFN8P,A1OJ2PZFQYGM25
B001RP05FW,A1OJ2PZFQYGM25
B08W9X5H7V,A1OJ2PZFQYGM25
B0018BJUGK,A1OJ2PZFQYGM25
B08BNS5YD5,A1OJ2PZFQYGM25
B0896RNP1L,A1OJ2PZFQYGM25
B07TTRTCS8,A1OJ2PZFQYGM25
B088ZCDF8W,A1OJ2PZFQYGM25
B07WF9JXK1,A1OJ2PZFQYGM25
B07SPFXQFQ,A1OJ2PZFQYGM25
B079Z3Y6L2,A1OJ2PZFQYGM25
B074P6MP1F,A1OJ2PZFQYGM25
B01MY12KPU,A1OJ2PZFQYGM25
B004QZBJYQ,A1OJ2PZFQYGM25
B0C8HKBKPF,A1OJ2PZFQYGM25
B0BWNGRTFC,A1OJ2PZFQYGM25
B0BWMRW5QT,A1OJ2PZFQYGM25
B0BG3KW4GR,A1OJ2PZFQYGM25
B0BG3KTV1H,A1OJ2PZFQYGM25
B09YRXYXNW,A1OJ2PZFQYGM25
B09PDHVT5D,A1OJ2PZFQYGM25
B09H3HJ9P2,A1OJ2PZFQYGM25
B09G391QLV,A1OJ2PZFQYGM25
B09C3424L1,A1OJ2PZFQYGM25
B099NX5LXK,A1OJ2PZFQYGM25
B098KFLRX2,A1OJ2PZFQYGM25
B0978DD8WV,A1OJ2PZFQYGM25
B096WVK41L,A1OJ2PZFQYGM25
B093Y5J48Z,A1OJ2PZFQYGM25
B08X8QV6H1,A1OJ2PZFQYGM25
B08W9PT82X,A1OJ2PZFQYGM25
B08N2TR7LW,A1OJ2PZFQYGM25
B08L1LRK7L,A1OJ2PZFQYGM25
B08JS417CS,A1OJ2PZFQYGM25
B08GCX56Q4,A1OJ2PZFQYGM25
B08GCWY4G3,A1OJ2PZFQYGM25
B08B9PXLBQ,A1OJ2PZFQYGM25
B089RHN12Z,A1OJ2PZFQYGM25
B089CXRBRS,A1OJ2PZFQYGM25
B0894NNYWR,A1OJ2PZFQYGM25
B088P9ZS64,A1OJ2PZFQYGM25
B088P9RD3M,A1OJ2PZFQYGM25
B088P8JGCW,A1OJ2PZFQYGM25
B084WD2XM2,A1OJ2PZFQYGM25
B084WCWNQD,A1OJ2PZFQYGM25
B0842RPJGL,A1OJ2PZFQYGM25
B0828QNQLR,A1OJ2PZFQYGM25
B08111TCHD,A1OJ2PZFQYGM25
B07ZP93GWY,A1OJ2PZFQYGM25
B07ZG4G64C,A1OJ2PZFQYGM25
B07ZFTD3GL,A1OJ2PZFQYGM25
B07Z8HJF6Z,A1OJ2PZFQYGM25
B07Z5LD95R,A1OJ2PZFQYGM25
B07Z39PQZM,A1OJ2PZFQYGM25
B07YZLWMZB,A1OJ2PZFQYGM25
B07YSWX96V,A1OJ2PZFQYGM25
B07YF3Z3SW,A1OJ2PZFQYGM25
B07YF3BS7Y,A1OJ2PZFQYGM25
B07Y66BVX1,A1OJ2PZFQYGM25
B07XPJ3HKM,A1OJ2PZFQYGM25
B07XL4T26P,A1OJ2PZFQYGM25
B07XHKV74T,A1OJ2PZFQYGM25
B07XH7DXX1,A1OJ2PZFQYGM25
B07XGJ1H3M,A1OJ2PZFQYGM25
B07X4XYNZF,A1OJ2PZFQYGM25
B07WXV3ZWT,A1OJ2PZFQYGM25
B07WWKW8J1,A1OJ2PZFQYGM25
B07WH8S2J3,A1OJ2PZFQYGM25
B07WDCT6VB,A1OJ2PZFQYGM25
B07WBWF7ZQ,A1OJ2PZFQYGM25
B07VSQVXS1,A1OJ2PZFQYGM25
B07TJCHSCF,A1OJ2PZFQYGM25
B07SBWQ834,A1OJ2PZFQYGM25
B07S42SWN7,A1OJ2PZFQYGM25
B07QPC2XQ1,A1OJ2PZFQYGM25
B07NV13Y3J,A1OJ2PZFQYGM25
B07JF98M5T,A1OJ2PZFQYGM25
B07D7GCWRX,A1OJ2PZFQYGM25
B07BJHWNSV,A1OJ2PZFQYGM25
B07474R9JV,A1OJ2PZFQYGM25
B07473RSC6,A1OJ2PZFQYGM25
B01M4J08SN,A1OJ2PZFQYGM25
B01M1OEYC7,A1OJ2PZFQYGM25
B01M0H4JCJ,A1OJ2PZFQYGM25
B01LY8VALL,A1OJ2PZFQYGM25
B01LX64ZBM,A1OJ2PZFQYGM25
B01LG5WR3A,A1OJ2PZFQYGM25
B01LFWPNLM,A1OJ2PZFQYGM25
B01LF1ZGQU,A1OJ2PZFQYGM25
B01L95GA12,A1OJ2PZFQYGM25
B01IU1PVR2,A1OJ2PZFQYGM25
B01IPBEQJG,A1OJ2PZFQYGM25
B01I5MF00Y,A1OJ2PZFQYGM25
B01HSOFQT0,A1OJ2PZFQYGM25
B01G4DG8MU,A1OJ2PZFQYGM25
B01EUNSYLY,A1OJ2PZFQYGM25
B01EH5QDHW,A1OJ2PZFQYGM25
B01BM7MQJ2,A1OJ2PZFQYGM25
B01BM3MVZ0,A1OJ2PZFQYGM25
B01A1PWSMG,A1OJ2PZFQYGM25
B014600QBW,A1OJ2PZFQYGM25
B013IUU24W,A1OJ2PZFQYGM25
B012OYG9ZO,A1OJ2PZFQYGM25
B00YM6L2NM,A1OJ2PZFQYGM25
B00R0OOB9K,A1OJ2PZFQYGM25
B00R0OJOA6,A1OJ2PZFQYGM25
B00QW6CBD0,A1OJ2PZFQYGM25
B00QW1YVZ6,A1OJ2PZFQYGM25
B00QW0M4SS,A1OJ2PZFQYGM25
B00QUJT73Q,A1OJ2PZFQYGM25
B00QSDZ6RK,A1OJ2PZFQYGM25
B00QKW3VQM,A1OJ2PZFQYGM25
B00K88Y0MI,A1OJ2PZFQYGM25
B00ITZO7F2,A1OJ2PZFQYGM25
B00F8J46MQ,A1OJ2PZFQYGM25
B00DYAIDXE,A1OJ2PZFQYGM25
B00DYAIBEU,A1OJ2PZFQYGM25
B00DX0QRLK,A1OJ2PZFQYGM25
B00DJY1684,A1OJ2PZFQYGM25
B00CQKYRAQ,A1OJ2PZFQYGM25
B00AK596V4,A1OJ2PZFQYGM25
B00AJHWH0U,A1OJ2PZFQYGM25
B00AJHW5UM,A1OJ2PZFQYGM25
B009L7MVVE,A1OJ2PZFQYGM25
B009B71TLW,A1OJ2PZFQYGM25
B006JHKO3Q,A1OJ2PZFQYGM25
B005IM1D56,A1OJ2PZFQYGM25
B005IDBXKU,A1OJ2PZFQYGM25
B005BPYQOU,A1OJ2PZFQYGM25
B0055UB82E,A1OJ2PZFQYGM25
B004S6W5ZA,A1OJ2PZFQYGM25
B004OXY1YU,A1OJ2PZFQYGM25
B004OHV78Y,A1OJ2PZFQYGM25
B004NWQ4D8,A1OJ2PZFQYGM25
B004NWO71Y,A1OJ2PZFQYGM25
B0043RXM8S,A1OJ2PZFQYGM25
B003Q2BMSS,A1OJ2PZFQYGM25
B00354YUZE,A1OJ2PZFQYGM25
B002WYR3PC,A1OJ2PZFQYGM25
B002OXEZIY,A1OJ2PZFQYGM25
B002NQJ0RI,A1OJ2PZFQYGM25
B002BT2RDG,A1OJ2PZFQYGM25
B001THE5SG,A1OJ2PZFQYGM25
B001HW8A70,A1OJ2PZFQYGM25
B001DXESMY,A1OJ2PZFQYGM25
B001C4CTIO,A1OJ2PZFQYGM25
B001BNCHAG,A1OJ2PZFQYGM25
B001331PH0,A1OJ2PZFQYGM25
B000LF2NUY,A1OJ2PZFQYGM25
B000C81TFA,A1OJ2PZFQYGM25
B000C2C1YO,A1OJ2PZFQYGM25
B000AA47H2,A1OJ2PZFQYGM25
B0006O8KIO,A1OJ2PZFQYGM25
B0002244KS,A1OJ2PZFQYGM25
B0000DI586,A1OJ2PZFQYGM25
1893277534,A1OJ2PZFQYGM25
B07Y4LNBXG,A1OJ2PZFQYGM25
B001Q8IXQS,A1OJ2PZFQYGM25
4862807674,A1OJ2PZFQYGM25
B08FH23STS,A1OJ2PZFQYGM25
B091CJG5Q7,A1OJ2PZFQYGM25
B00000DFDX,A1OJ2PZFQYGM25
B000GB0CMY,A1OJ2PZFQYGM25
4847073134,A1OJ2PZFQYGM25
B08C9F6NG3,A1OJ2PZFQYGM25
B084ZGDPC7,A1OJ2PZFQYGM25
484563502X,A1OJ2PZFQYGM25
B08B3S34C8,A1OJ2PZFQYGM25
B076QKKVCD,A1OJ2PZFQYGM25
4635320146,A1OJ2PZFQYGM25
B08965K4HB,A1OJ2PZFQYGM25
B072Q7PVQH,A1OJ2PZFQYGM25
4569851053,A1OJ2PZFQYGM25
B085TPKLK8,A1OJ2PZFQYGM25
B001O3RDHA,A1OJ2PZFQYGM25
4532199689,A1OJ2PZFQYGM25
B083G8VHRP,A1OJ2PZFQYGM25
B0BZ3NYFTW,A1OJ2PZFQYGM25
4488196071,A1OJ2PZFQYGM25
B0817HHZ9H,A1OJ2PZFQYGM25
B07GCNVFBZ,A1OJ2PZFQYGM25
4473044637,A1OJ2PZFQYGM25
B07ZPV1N6T,A1OJ2PZFQYGM25
B08VH3L5F7,A1OJ2PZFQYGM25
4471032585,A1OJ2PZFQYGM25
B07YYSL627,A1OJ2PZFQYGM25
B00YFUOD9U,A1OJ2PZFQYGM25
4422112570,A1OJ2PZFQYGM25
B07YNJCQ7Y,A1OJ2PZFQYGM25
B00AKIC0V4,A1OJ2PZFQYGM25
4296107402,A1OJ2PZFQYGM25
B07YK3C2DX,A1OJ2PZFQYGM25
B0BGQDJGX9,A1OJ2PZFQYGM25
4062574136,A1OJ2PZFQYGM25
B07YK1Z7VB,A1OJ2PZFQYGM25
B003JDTG4Q,A1OJ2PZFQYGM25
4061597760,A1OJ2PZFQYGM25
B07YC1CNFS,A1OJ2PZFQYGM25
B01ICAKMCA,A1OJ2PZFQYGM25
4044001030,A1OJ2PZFQYGM25
B07XKW3LYW,A1OJ2PZFQYGM25
B07YTZ8ZSW,A1OJ2PZFQYGM25
4041092914,A1OJ2PZFQYGM25
B07W5K5F39,A1OJ2PZFQYGM25
B09CYG2QW1,A1OJ2PZFQYGM25
4040823761,A1OJ2PZFQYGM25
B07W3QYF45,A1OJ2PZFQYGM25
B0B687M2V3,A1OJ2PZFQYGM25
B01I1U2GMU,A1OJ2PZFQYGM25
B09WJPG8VM,A1OJ2PZFQYGM25
B0188PL4FS,A1OJ2PZFQYGM25
B089KH3SXL,A1OJ2PZFQYGM25
B017DURGRO,A1OJ2PZFQYGM25
B0002Q7FUU,A1OJ2PZFQYGM25
B001NVY5B0,A1OJ2PZFQYGM25
B09TBHQTF5,A1OJ2PZFQYGM25
B01HH4ILTI,A1OJ2PZFQYGM25
B0CC5V6VD6,A1OJ2PZFQYGM25
B0BSCYPC9P,A1OJ2PZFQYGM25
B09YMJWSZW,A1OJ2PZFQYGM25
B09WHK9TN3,A1OJ2PZFQYGM25
B09K3HGT1R,A1OJ2PZFQYGM25
B09H3HBKS5,A1OJ2PZFQYGM25
B09H3GF9ZZ,A1OJ2PZFQYGM25
B09BCTLC15,A1OJ2PZFQYGM25
B097N87WRM,A1OJ2PZFQYGM25
B0968ZMBZ4,A1OJ2PZFQYGM25
B094VCQM3M,A1OJ2PZFQYGM25
B093QCXFZ1,A1OJ2PZFQYGM25
B0936VS496,A1OJ2PZFQYGM25
B091Y3Y7WZ,A1OJ2PZFQYGM25
B091DB5VTF,A1OJ2PZFQYGM25
B0914SW6J6,A1OJ2PZFQYGM25
B08YZ71DK9,A1OJ2PZFQYGM25
B08VZM6LLJ,A1OJ2PZFQYGM25
B08Q7XMF8V,A1OJ2PZFQYGM25
B08PBJX4BQ,A1OJ2PZFQYGM25
B08LBQTKM5,A1OJ2PZFQYGM25
B08FVQ5F22,A1OJ2PZFQYGM25
B08BKQ6WWJ,A1OJ2PZFQYGM25
B08B8ZL7VY,A1OJ2PZFQYGM25
B08B8XX5KH,A1OJ2PZFQYGM25
B08B8WBL3V,A1OJ2PZFQYGM25
B08B8W93VJ,A1OJ2PZFQYGM25
B08B8VTPNF,A1OJ2PZFQYGM25
B08B4BB7BX,A1OJ2PZFQYGM25
B089QN8V8K,A1OJ2PZFQYGM25
B089GZJFX3,A1OJ2PZFQYGM25
B08945WY8K,A1OJ2PZFQYGM25
B089153YJR,A1OJ2PZFQYGM25
B088PY36FN,A1OJ2PZFQYGM25
B088P82X84,A1OJ2PZFQYGM25
B088D3L4GP,A1OJ2PZFQYGM25
B087QTFYMN,A1OJ2PZFQYGM25
B084WKLKGW,A1OJ2PZFQYGM25
B084WGBDWC,A1OJ2PZFQYGM25
B084WD6N61,A1OJ2PZFQYGM25
B0844LQ138,A1OJ2PZFQYGM25
B083G87226,A1OJ2PZFQYGM25
B082RP4G6X,A1OJ2PZFQYGM25
B07ZG43HLZ,A1OJ2PZFQYGM25
B07ZG3XHT9,A1OJ2PZFQYGM25
B07ZBSB4SQ,A1OJ2PZFQYGM25
B07Z8J16P9,A1OJ2PZFQYGM25
B07Z1GP8C3,A1OJ2PZFQYGM25
B07YSWLLLQ,A1OJ2PZFQYGM25
B07YNRBPXC,A1OJ2PZFQYGM25
B07YN9RY7T,A1OJ2PZFQYGM25
B07YN9JW6N,A1OJ2PZFQYGM25
B07YN9HF8G,A1OJ2PZFQYGM25
B07YN55N1W,A1OJ2PZFQYGM25
B07YMSZC4P,A1OJ2PZFQYGM25
B07YMQCM2G,A1OJ2PZFQYGM25
B07YM1J5FF,A1OJ2PZFQYGM25
B07YLDFTHJ,A1OJ2PZFQYGM25
B07YLDBDQZ,A1OJ2PZFQYGM25
B07YLBN6S7,A1OJ2PZFQYGM25
B07YL9GGW8,A1OJ2PZFQYGM25
B07YL99W2T,A1OJ2PZFQYGM25
B07YL78XGN,A1OJ2PZFQYGM25
B07YGY44GX,A1OJ2PZFQYGM25
B07YGXNRC6,A1OJ2PZFQYGM25
B07YGXBMG7,A1OJ2PZFQYGM25
B07YCTYZCY,A1OJ2PZFQYGM25
B07S9SKF3L,A1OJ2PZFQYGM25
B07RX4X8NL,A1OJ2PZFQYGM25
B07RDG8JY9,A1OJ2PZFQYGM25
B07QVCCVNH,A1OJ2PZFQYGM25
B07K2C3MCK,A1OJ2PZFQYGM25
B07HGYBRMR,A1OJ2PZFQYGM25
B07BB3898Z,A1OJ2PZFQYGM25
B0795589WN,A1OJ2PZFQYGM25
B078KBGQFC,A1OJ2PZFQYGM25
B0779LV21X,A1OJ2PZFQYGM25
B072HP9LSL,A1OJ2PZFQYGM25
B071Z6RP92,A1OJ2PZFQYGM25
B06Y32YG3P,A1OJ2PZFQYGM25
B06XQ29ZBH,A1OJ2PZFQYGM25
B06WWJ844L,A1OJ2PZFQYGM25
B01M328BOV,A1OJ2PZFQYGM25
B01M1HLIAA,A1OJ2PZFQYGM25
B01M0QCUMX,A1OJ2PZFQYGM25
B01LYMD0JP,A1OJ2PZFQYGM25
B01LY5Y84V,A1OJ2PZFQYGM25
B01LHKD8YQ,A1OJ2PZFQYGM25
B01L2SRYOS,A1OJ2PZFQYGM25
B01L1Y8F6O,A1OJ2PZFQYGM25
B01K4WFBB6,A1OJ2PZFQYGM25
B01K1L2UI2,A1OJ2PZFQYGM25
B01JM9JV2C,A1OJ2PZFQYGM25
B01JM9JUFA,A1OJ2PZFQYGM25
B01HFU5Y2Q,A1OJ2PZFQYGM25
B01H00CQYU,A1OJ2PZFQYGM25
B01ES30W5C,A1OJ2PZFQYGM25
B01ES30SA6,A1OJ2PZFQYGM25
B01BN7XB0Y,A1OJ2PZFQYGM25
B07XV86BHJ,A1OJ2PZFQYGM25
B07XQHW7KP,A1OJ2PZFQYGM25
B07WWKW8RN,A1OJ2PZFQYGM25
B07WPCY1CB,A1OJ2PZFQYGM25
B07VVRRDP2,A1OJ2PZFQYGM25
B07VVRR4MN,A1OJ2PZFQYGM25
B07VS3XR1T,A1OJ2PZFQYGM25
B07VQ7X1TG,A1OJ2PZFQYGM25
B07V6KWFDQ,A1OJ2PZFQYGM25
B07TWY5YM8,A1OJ2PZFQYGM25
B07TQX15M2,A1OJ2PZFQYGM25
B07TQW38JJ,A1OJ2PZFQYGM25
B07TNVBF3W,A1OJ2PZFQYGM25
B07TMRH4CC,A1OJ2PZFQYGM25
B07TKNCF24,A1OJ2PZFQYGM25
B07T3G4ST3,A1OJ2PZFQYGM25
B00IKPLHHC,A1OJ2PZFQYGM25
B00GJ912QW,A1OJ2PZFQYGM25
B00F8OSTT2,A1OJ2PZFQYGM25
B00CAYASFQ,A1OJ2PZFQYGM25
B00C9QYH8E,A1OJ2PZFQYGM25
B00BUTFO9C,A1OJ2PZFQYGM25
B00B1H6ISO,A1OJ2PZFQYGM25
B00AK578MS,A1OJ2PZFQYGM25
B009S9NR4U,A1OJ2PZFQYGM25
B004ZJYL6Q,A1OJ2PZFQYGM25
B004Y1OUHU,A1OJ2PZFQYGM25
B004KSRK6A,A1OJ2PZFQYGM25
B004J9DYWO,A1OJ2PZFQYGM25
B004D4677O,A1OJ2PZFQYGM25
B004769GKS,A1OJ2PZFQYGM25
B00460TDEY,A1OJ2PZFQYGM25
B00008WV3N,A1OJ2PZFQYGM25
1087506948,A1OJ2PZFQYGM25
B0040BSI0E,A1OJ2PZFQYGM25
B003TPUM56,A1OJ2PZFQYGM25
B003MUD21O,A1OJ2PZFQYGM25
B003MUA50A,A1OJ2PZFQYGM25
B003K2YDX0,A1OJ2PZFQYGM25
B003K2QLRG,A1OJ2PZFQYGM25
B003J8GKMC,A1OJ2PZFQYGM25
B0037AS548,A1OJ2PZFQYGM25
B0036WFLBM,A1OJ2PZFQYGM25
B002X4AGMS,A1OJ2PZFQYGM25
B002WMWEC6,A1OJ2PZFQYGM25
B002WMWDZO,A1OJ2PZFQYGM25
B002OPWVP6,A1OJ2PZFQYGM25
B00207M7Z2,A1OJ2PZFQYGM25
B001VJBTV8,A1OJ2PZFQYGM25
B001TEQ622,A1OJ2PZFQYGM25
B001S39HRA,A1OJ2PZFQYGM25
B001P2DTVY,A1OJ2PZFQYGM25
B001EFWP4E,A1OJ2PZFQYGM25
B001D7L0YY,A1OJ2PZFQYGM25
B0016BLJV6,A1OJ2PZFQYGM25
B000LEPC4O,A1OJ2PZFQYGM25
B000GZKQQW,A1OJ2PZFQYGM25
B000EELEG6,A1OJ2PZFQYGM25
B000CQ20LO,A1OJ2PZFQYGM25
B000CPIWBW,A1OJ2PZFQYGM25
B000C81L8K,A1OJ2PZFQYGM25
B000C7UO48,A1OJ2PZFQYGM25
B000BOA2W6,A1OJ2PZFQYGM25
B000AO9L5G,A1OJ2PZFQYGM25
B0006O950G,A1OJ2PZFQYGM25
B0000CEP0P,A1OJ2PZFQYGM25
B00000C2P8,A1OJ2PZFQYGM25
B093L697ZP,A1OJ2PZFQYGM25
4866672544,A1OJ2PZFQYGM25
B00OHN9E7Q,A1OJ2PZFQYGM25
B08GB4GSW9,A1OJ2PZFQYGM25
B002976MT0,A1OJ2PZFQYGM25
4820727656,A1OJ2PZFQYGM25
B08B8XFRC4,A1OJ2PZFQYGM25
B00BSVNRN2,A1OJ2PZFQYGM25
4791632249,A1OJ2PZFQYGM25
B085TG1L4G,A1OJ2PZFQYGM25
B0000E2PYE,A1OJ2PZFQYGM25
478894619X,A1OJ2PZFQYGM25
B07ZF5XQ59,A1OJ2PZFQYGM25
B01HHCEXLA,A1OJ2PZFQYGM25
4750350559,A1OJ2PZFQYGM25
B07Y89XF3V,A1OJ2PZFQYGM25
B0B1QTSDFH,A1OJ2PZFQYGM25
4522436327,A1OJ2PZFQYGM25
B07X36FZCW,A1OJ2PZFQYGM25
B08NPJQDDK,A1OJ2PZFQYGM25
4140403071,A1OJ2PZFQYGM25
B07X15KCBS,A1OJ2PZFQYGM25
4103631112,A1OJ2PZFQYGM25
B07Z2R1JZL,A1OJ2PZFQYGM25
B07WJKB6Q5,A1OJ2PZFQYGM25
4062923866,A1OJ2PZFQYGM25
B00BVB5HFA,A1OJ2PZFQYGM25
B07W6Z1PQJ,A1OJ2PZFQYGM25
4061598864,A1OJ2PZFQYGM25
B0BV8PH3XZ,A1OJ2PZFQYGM25
B07SS5WNQC,A1OJ2PZFQYGM25
4049128225,A1OJ2PZFQYGM25
B0829XCYD8,A1OJ2PZFQYGM25
B07F8LFLSX,A1OJ2PZFQYGM25
4040823737,A1OJ2PZFQYGM25
B07ZLFHLMC,A1OJ2PZFQYGM25
B01LPL7XL6,A1OJ2PZFQYGM25
B000HI9BDC,A1OJ2PZFQYGM25
B01J9PUUGK,A1OJ2PZFQYGM25
B07YJCPP25,A1OJ2PZFQYGM25
B07QZ429J2,A1OJ2PZFQYGM25
B006488OPK,A1OJ2PZFQYGM25
B005UVVA9Y,A1OJ2PZFQYGM25
B0C6QW845M,A1OJ2PZFQYGM25
B0C49KTQSJ,A1OJ2PZFQYGM25
B0BG7LR92V,A1OJ2PZFQYGM25
B0B9FYN8WW,A1OJ2PZFQYGM25
B09ZQ1QRG8,A1OJ2PZFQYGM25
B09K5S45Y4,A1OJ2PZFQYGM25
B09H3FR45W,A1OJ2PZFQYGM25
B0995RXFS9,A1OJ2PZFQYGM25
B096349R55,A1OJ2PZFQYGM25
B095BVW1X9,A1OJ2PZFQYGM25
B093QBRYDM,A1OJ2PZFQYGM25
B092VXKZXD,A1OJ2PZFQYGM25
B091ZKNHV2,A1OJ2PZFQYGM25
B08YLYPFBK,A1OJ2PZFQYGM25
B08XGGYPYC,A1OJ2PZFQYGM25
B08WB3GR1N,A1OJ2PZFQYGM25
B08P8TRMQG,A1OJ2PZFQYGM25
B08NMZ37BF,A1OJ2PZFQYGM25
B08LZXV3TV,A1OJ2PZFQYGM25
B08LCN8NY4,A1OJ2PZFQYGM25
B08BHKB6TJ,A1OJ2PZFQYGM25
B08BFL4KYX,A1OJ2PZFQYGM25
B08B8Y2DC9,A1OJ2PZFQYGM25
B08B8XTS14,A1OJ2PZFQYGM25
B08B8WTB3C,A1OJ2PZFQYGM25
B0892NJYH1,A1OJ2PZFQYGM25
B088QJDCJT,A1OJ2PZFQYGM25
B088QHZSZF,A1OJ2PZFQYGM25
B088MJ9DWR,A1OJ2PZFQYGM25
B088MHXGRM,A1OJ2PZFQYGM25
B088DLNN7T,A1OJ2PZFQYGM25
B088DFLCGW,A1OJ2PZFQYGM25
B0888GKT4Z,A1OJ2PZFQYGM25
B087NKGBHZ,A1OJ2PZFQYGM25
B084WDCKJF,A1OJ2PZFQYGM25
B084WD17L8,A1OJ2PZFQYGM25
B083YQKMRR,A1OJ2PZFQYGM25
B0832XQRR1,A1OJ2PZFQYGM25
B0813ZF9R9,A1OJ2PZFQYGM25
B07ZG3R824,A1OJ2PZFQYGM25
B07ZG3PSGJ,A1OJ2PZFQYGM25
B07ZCWPSPG,A1OJ2PZFQYGM25
B07Z8HR8Z2,A1OJ2PZFQYGM25
B07Z77S9G5,A1OJ2PZFQYGM25
B07Z5H66DG,A1OJ2PZFQYGM25
B07Z18XHTC,A1OJ2PZFQYGM25
B07YHL33PV,A1OJ2PZFQYGM25
B07XYY7B7S,A1OJ2PZFQYGM25
B07XYXTH13,A1OJ2PZFQYGM25
B07XLLL8YB,A1OJ2PZFQYGM25
B07XFGHGXM,A1OJ2PZFQYGM25
B07X7JDMWK,A1OJ2PZFQYGM25
B01BN7XAZU,A1OJ2PZFQYGM25
B01B79AAOI,A1OJ2PZFQYGM25
B017Y0U1WA,A1OJ2PZFQYGM25
B015AH9HUG,A1OJ2PZFQYGM25
B013SAMXFS,A1OJ2PZFQYGM25
B013LUJ5CY,A1OJ2PZFQYGM25
B011E9U3Y8,A1OJ2PZFQYGM25
B00YSO36F0,A1OJ2PZFQYGM25
B00Y4UNCKC,A1OJ2PZFQYGM25
B00UY0QZKU,A1OJ2PZFQYGM25
B00U1N2KHM,A1OJ2PZFQYGM25
B00S04P7II,A1OJ2PZFQYGM25
B00QW2EZPQ,A1OJ2PZFQYGM25
B00QSRWRBE,A1OJ2PZFQYGM25
B00KR9C2Y6,A1OJ2PZFQYGM25
B00IQGIXYU,A1OJ2PZFQYGM25
B01MQDF6RI,A1OJ2PZFQYGM25
B01M18G6NZ,A1OJ2PZFQYGM25
B01LZ9BINC,A1OJ2PZFQYGM25
B01LYEA00S,A1OJ2PZFQYGM25
B01LWRSA22,A1OJ2PZFQYGM25
B01KR7C6DY,A1OJ2PZFQYGM25
B01K4IQ60K,A1OJ2PZFQYGM25
B01JTKTBL0,A1OJ2PZFQYGM25
B01J23I8WM,A1OJ2PZFQYGM25
B01IQ2G7SC,A1OJ2PZFQYGM25
B01I8TRPUC,A1OJ2PZFQYGM25
B01HFDWV0Q,A1OJ2PZFQYGM25
B01FV21Q86,A1OJ2PZFQYGM25
B01EOU5OEI,A1OJ2PZFQYGM25
B01CTAE446,A1OJ2PZFQYGM25
B01BN08I4A,A1OJ2PZFQYGM25
B00QSNNHXK,A1OJ2PZFQYGM25
B00QSDA69S,A1OJ2PZFQYGM25
B00QQPVM1E,A1OJ2PZFQYGM25
B00PX5WCRG,A1OJ2PZFQYGM25
B00NE0HJ5C,A1OJ2PZFQYGM25
B00KQEZ8Y8,A1OJ2PZFQYGM25
B00K8HTU7Y,A1OJ2PZFQYGM25
B00K2UI3QQ,A1OJ2PZFQYGM25
B00JS52WZO,A1OJ2PZFQYGM25
B00IT6QQUA,A1OJ2PZFQYGM25
B00HSO48UE,A1OJ2PZFQYGM25
B00GPU7NJK,A1OJ2PZFQYGM25
B00FY53DGY,A1OJ2PZFQYGM25
B00DKA4H2Y,A1OJ2PZFQYGM25
B00CSC5DZU,A1OJ2PZFQYGM25
B00C966O9Y,A1OJ2PZFQYGM25
B01BA6V21I,A1OJ2PZFQYGM25
B01AYNEXM8,A1OJ2PZFQYGM25
B0183GY7QK,A1OJ2PZFQYGM25
B017JN690U,A1OJ2PZFQYGM25
B016TQNA1Y,A1OJ2PZFQYGM25
B014RWQ4TC,A1OJ2PZFQYGM25
B0143IOQWC,A1OJ2PZFQYGM25
B00Z7FZVIE,A1OJ2PZFQYGM25
B00YZ1S9ZS,A1OJ2PZFQYGM25
B00YKUZ2VS,A1OJ2PZFQYGM25
B00YD9IZSI,A1OJ2PZFQYGM25
B00X9TN4ZM,A1OJ2PZFQYGM25
B00X510EQ6,A1OJ2PZFQYGM25
B00VEIO60C,A1OJ2PZFQYGM25
B00R07I90Y,A1OJ2PZFQYGM25
B00QZFTPUU,A1OJ2PZFQYGM25
B00C20LBRW,A1OJ2PZFQYGM25
B00BWUHKAK,A1OJ2PZFQYGM25
B00BU7CJQU,A1OJ2PZFQYGM25
B00AJZD4M2,A1OJ2PZFQYGM25
B00942C2WE,A1OJ2PZFQYGM25
B008D8W18K,A1OJ2PZFQYGM25
B0067NK0PY,A1OJ2PZFQYGM25
B005VS5KY2,A1OJ2PZFQYGM25
B005VFISJY,A1OJ2PZFQYGM25
B005UVUJQ4,A1OJ2PZFQYGM25
B00527KFT2,A1OJ2PZFQYGM25
B004O293LM,A1OJ2PZFQYGM25
B004GCSWUI,A1OJ2PZFQYGM25
B004A26S7S,A1OJ2PZFQYGM25
B0044UQFNI,A1OJ2PZFQYGM25
B0042L8TRY,A1OJ2PZFQYGM25
B003J42FIY,A1OJ2PZFQYGM25
B003HEQZ3C,A1OJ2PZFQYGM25
B003FKK3FO,A1OJ2PZFQYGM25
B0037LYW26,A1OJ2PZFQYGM25
B002YCM00A,A1OJ2PZFQYGM25
B002YC6L2S,A1OJ2PZFQYGM25
B002VKMTLU,A1OJ2PZFQYGM25
B0027S6WQ4,A1OJ2PZFQYGM25
B00211W4UK,A1OJ2PZFQYGM25
B00207TLYW,A1OJ2PZFQYGM25
B001QMXGVG,A1OJ2PZFQYGM25
B001OLUZEK,A1OJ2PZFQYGM25
B001LQNVCQ,A1OJ2PZFQYGM25
B001F8SLWA,A1OJ2PZFQYGM25
B001DKT28M,A1OJ2PZFQYGM25
B0016BLJRU,A1OJ2PZFQYGM25
B000UK9VFA,A1OJ2PZFQYGM25
B000NMBPR2,A1OJ2PZFQYGM25
B000N9JMJ8,A1OJ2PZFQYGM25
B000MQL952,A1OJ2PZFQYGM25
B000C81GQC,A1OJ2PZFQYGM25
B000BQWU6A,A1OJ2PZFQYGM25
B0002E2TEY,A1OJ2PZFQYGM25
B09RQCJD4H,A1OJ2PZFQYGM25
B015X57Q4E,A1OJ2PZFQYGM25
B003HOYW4G,A1OJ2PZFQYGM25
B08X4KRDG4,A1OJ2PZFQYGM25
B010B9K1YY,A1OJ2PZFQYGM25
B012GO9T2W,A1OJ2PZFQYGM25
B0048FK93G,A1OJ2PZFQYGM25
B001FBPT0E,A1OJ2PZFQYGM25
B089QVJGLX,A1OJ2PZFQYGM25
B07Z3MTTQQ,A1OJ2PZFQYGM25
B07YGLQWJ5,A1OJ2PZFQYGM25
8190224719,A1OJ2PZFQYGM25
B002P62LZE,A1OJ2PZFQYGM25
B0012LJBOM,A1OJ2PZFQYGM25
B07Z33Q3L8,A1OJ2PZFQYGM25
B07TJKF136,A1OJ2PZFQYGM25
4906224512,A1OJ2PZFQYGM25
B017WUDDY0,A1OJ2PZFQYGM25
6305281009,A1OJ2PZFQYGM25
B07YBHL9BL,A1OJ2PZFQYGM25
B0193ESCO4,A1OJ2PZFQYGM25
4863471289,A1OJ2PZFQYGM25
B08R5SQCLN,A1OJ2PZFQYGM25
B01I06DNQI,A1OJ2PZFQYGM25
B003SJV9U0,A1OJ2PZFQYGM25
4822288811,A1OJ2PZFQYGM25
B01N6O3YLY,A1OJ2PZFQYGM25
B003M71IEA,A1OJ2PZFQYGM25
481270393X,A1OJ2PZFQYGM25
B002CCAEJ6,A1OJ2PZFQYGM25
B005OFM1YY,A1OJ2PZFQYGM25
B001NW1ZLC,A1OJ2PZFQYGM25
479734251X,A1OJ2PZFQYGM25
B01EILWMTI,A1OJ2PZFQYGM25
B0020SC17U,A1OJ2PZFQYGM25
B001IWWACA,A1OJ2PZFQYGM25
4761273402,A1OJ2PZFQYGM25
B000K29POA,A1OJ2PZFQYGM25
4569846572,A1OJ2PZFQYGM25
B009OCFISE,A1OJ2PZFQYGM25
4480510524,A1OJ2PZFQYGM25
B07VX89JTX,A1OJ2PZFQYGM25
4478300593,A1OJ2PZFQYGM25
B01DFTDUJU,A1OJ2PZFQYGM25
4101801932,A1OJ2PZFQYGM25
B00LAJNOGM,A1OJ2PZFQYGM25
4053050049,A1OJ2PZFQYGM25
B00004WYOK,A1OJ2PZFQYGM25
403963800X,A1OJ2PZFQYGM25
B08VJ8J3FH,A1OJ2PZFQYGM25
B07Z5QT2GB,A1OJ2PZFQYGM25
B07Q22RGQS,A1OJ2PZFQYGM25
B01CO4ICT0,A1OJ2PZFQYGM25
B00DKA44E0,A1OJ2PZFQYGM25
B0BGWYTKDH,A1OJ2PZFQYGM25
B07L515B72,A1OJ2PZFQYGM25
B01IC0U9SW,A1OJ2PZFQYGM25
B003ZUK63I,A1OJ2PZFQYGM25
B09PMQ991J,A1OJ2PZFQYGM25
B002MD3UL4,A1OJ2PZFQYGM25
B00HTJO4TI,A1OJ2PZFQYGM25
B085HTNJHX,A1OJ2PZFQYGM25
B074WK1864,A1OJ2PZFQYGM25
B07ZFYHTNS,A1OJ2PZFQYGM25
B001K3EXZ4,A1OJ2PZFQYGM25
B001DKSVB6,A1OJ2PZFQYGM25
B0CBWG7Z86,A1OJ2PZFQYGM25
B0BY9PJ32N,A1OJ2PZFQYGM25
B0BX9QPBKY,A1OJ2PZFQYGM25
B0BBSGB1J9,A1OJ2PZFQYGM25
B09XFGW8ZH,A1OJ2PZFQYGM25
B09K9MR3WG,A1OJ2PZFQYGM25
B09H3K2SS6,A1OJ2PZFQYGM25
B09H3CBW77,A1OJ2PZFQYGM25
B09CYGRY1F,A1OJ2PZFQYGM25
B09C2BGR4D,A1OJ2PZFQYGM25
B09BBBGH16,A1OJ2PZFQYGM25
B096WSR8DL,A1OJ2PZFQYGM25
B094V8P8JC,A1OJ2PZFQYGM25
B092Y6KYGW,A1OJ2PZFQYGM25
B08Z7Z8N7J,A1OJ2PZFQYGM25
B08YK1VN9V,A1OJ2PZFQYGM25
B08XYB73N9,A1OJ2PZFQYGM25
B08VZRDX6Y,A1OJ2PZFQYGM25
B08QJQRPW1,A1OJ2PZFQYGM25
B08P928TNN,A1OJ2PZFQYGM25
B08NWY1LJB,A1OJ2PZFQYGM25
B08MB4ZQCW,A1OJ2PZFQYGM25
B08JV8G738,A1OJ2PZFQYGM25
B08BKG9QKT,A1OJ2PZFQYGM25
B08B9LQPCR,A1OJ2PZFQYGM25
B08B8XDWVJ,A1OJ2PZFQYGM25
B08B5Q3QQK,A1OJ2PZFQYGM25
B08B4LBGC7,A1OJ2PZFQYGM25
B089GB5JZ1,A1OJ2PZFQYGM25
B0897SLFVN,A1OJ2PZFQYGM25
B07WLTFN3F,A1OJ2PZFQYGM25
B07W759CYD,A1OJ2PZFQYGM25
B07W31KRTX,A1OJ2PZFQYGM25
B07VYSFFTN,A1OJ2PZFQYGM25
B07VNQY21F,A1OJ2PZFQYGM25
B07V2PTXL4,A1OJ2PZFQYGM25
B07TWYHJ6Y,A1OJ2PZFQYGM25
B07TCQ446F,A1OJ2PZFQYGM25
B07KPKPFWB,A1OJ2PZFQYGM25
B07KMVB76M,A1OJ2PZFQYGM25
B07JJGP5JZ,A1OJ2PZFQYGM25
B07HLC2H62,A1OJ2PZFQYGM25
B07HF7N6CS,A1OJ2PZFQYGM25
B07818DSK1,A1OJ2PZFQYGM25
B0754223C6,A1OJ2PZFQYGM25
B0746VQ6N6,A1OJ2PZFQYGM25
B01MCZN6VA,A1OJ2PZFQYGM25
B01M1E7F3G,A1OJ2PZFQYGM25
B01M0ADV9Q,A1OJ2PZFQYGM25
B01LZFTNTE,A1OJ2PZFQYGM25
B01LYSUITX,A1OJ2PZFQYGM25
B01LWBLEIN,A1OJ2PZFQYGM25
B01HH7535A,A1OJ2PZFQYGM25
B01HG1ML2A,A1OJ2PZFQYGM25
B01CV5LON8,A1OJ2PZFQYGM25
B017087FAW,A1OJ2PZFQYGM25
B016R4C13Q,A1OJ2PZFQYGM25
B0101ASX0C,A1OJ2PZFQYGM25
B010171HOY,A1OJ2PZFQYGM25
B00YG5HMMY,A1OJ2PZFQYGM25
B00XQYN144,A1OJ2PZFQYGM25
B00UNJGN1I,A1OJ2PZFQYGM25
B088P32LKV,A1OJ2PZFQYGM25
B084VBW6DH,A1OJ2PZFQYGM25
B084VBN6ZR,A1OJ2PZFQYGM25
B084T78T7Q,A1OJ2PZFQYGM25
B083TPRBJ5,A1OJ2PZFQYGM25
B083HM2K82,A1OJ2PZFQYGM25
B082SHYM67,A1OJ2PZFQYGM25
B07ZWLK975,A1OJ2PZFQYGM25
B07ZBMB95V,A1OJ2PZFQYGM25
B07Z8T55GN,A1OJ2PZFQYGM25
B07Z8T3PSG,A1OJ2PZFQYGM25
B07Z7V34FR,A1OJ2PZFQYGM25
B07Z5X9SXL,A1OJ2PZFQYGM25
B07Z1HGW9H,A1OJ2PZFQYGM25
B07YVLVY69,A1OJ2PZFQYGM25
B07YT9GYK8,A1OJ2PZFQYGM25
B00U35UMW8,A1OJ2PZFQYGM25
B00TPINTU6,A1OJ2PZFQYGM25
B00S0FH5IM,A1OJ2PZFQYGM25
B00S04NOQ0,A1OJ2PZFQYGM25
B00R1MDZOI,A1OJ2PZFQYGM25
B00R0LX7IO,A1OJ2PZFQYGM25
B00QZKI94I,A1OJ2PZFQYGM25
B00QZII9D6,A1OJ2PZFQYGM25
B00QZEM5RG,A1OJ2PZFQYGM25
B00QW1SJXG,A1OJ2PZFQYGM25
B00QTN6BNM,A1OJ2PZFQYGM25
B00PCHTX3G,A1OJ2PZFQYGM25
B00LAJNXX6,A1OJ2PZFQYGM25
B00JD47LHY,A1OJ2PZFQYGM25
B00GRSTCTO,A1OJ2PZFQYGM25
B00GPSU02E,A1OJ2PZFQYGM25
B00F6MMTEC,A1OJ2PZFQYGM25
B00EWAUCNO,A1OJ2PZFQYGM25
B00ESBPEQ2,A1OJ2PZFQYGM25
B00DYUS21M,A1OJ2PZFQYGM25
B00DYAGD04,A1OJ2PZFQYGM25
B00CBZV7RM,A1OJ2PZFQYGM25
B009ZZ2CNO,A1OJ2PZFQYGM25
B008O1DYKA,A1OJ2PZFQYGM25
B007UTVC7E,A1OJ2PZFQYGM25
B007QV7JXC,A1OJ2PZFQYGM25
B005OTLL0U,A1OJ2PZFQYGM25
B0055E4DG8,A1OJ2PZFQYGM25
B004VL2JB2,A1OJ2PZFQYGM25
B004LXYLPC,A1OJ2PZFQYGM25
B004LEO14C,A1OJ2PZFQYGM25
B004BVKCES,A1OJ2PZFQYGM25
B07YGSWNNS,A1OJ2PZFQYGM25
B07YBRBJ4J,A1OJ2PZFQYGM25
B07Y2GH7B9,A1OJ2PZFQYGM25
B07XLG1YLX,A1OJ2PZFQYGM25
B07XGN8W8T,A1OJ2PZFQYGM25
B07VZ73Q2D,A1OJ2PZFQYGM25
B07Q8XVZM8,A1OJ2PZFQYGM25
B07PBW5V24,A1OJ2PZFQYGM25
B07NBLMBT8,A1OJ2PZFQYGM25
B07L8ZTDHY,A1OJ2PZFQYGM25
B07L6477ZN,A1OJ2PZFQYGM25
B07KCPK7ZD,A1OJ2PZFQYGM25
B07H4TDNS8,A1OJ2PZFQYGM25
B07DL1ZMRQ,A1OJ2PZFQYGM25
B075TS4T8L,A1OJ2PZFQYGM25
B0747568P1,A1OJ2PZFQYGM25
B004BTMGCG,A1OJ2PZFQYGM25
B004BIA3TA,A1OJ2PZFQYGM25
B004AXC844,A1OJ2PZFQYGM25
B00448L3MI,A1OJ2PZFQYGM25
B0040KQZDW,A1OJ2PZFQYGM25
B003TIYNZ8,A1OJ2PZFQYGM25
B003SK3VT6,A1OJ2PZFQYGM25
B003SK3FPQ,A1OJ2PZFQYGM25
B003SJZQ2W,A1OJ2PZFQYGM25
B003SIRC7U,A1OJ2PZFQYGM25
B003SI8T8Q,A1OJ2PZFQYGM25
B003SI8LNY,A1OJ2PZFQYGM25
B003SHHHBW,A1OJ2PZFQYGM25
B003SH59VC,A1OJ2PZFQYGM25
B003SGVYF8,A1OJ2PZFQYGM25
B003N17PAQ,A1OJ2PZFQYGM25
B003BZL9L0,A1OJ2PZFQYGM25
B0037MIU28,A1OJ2PZFQYGM25
B002YIBCIK,A1OJ2PZFQYGM25
B002YGIVMW,A1OJ2PZFQYGM25
B002VL0UXS,A1OJ2PZFQYGM25
B002S8CTIS,A1OJ2PZFQYGM25
B002S7VPOS,A1OJ2PZFQYGM25
B002O2HYN8,A1OJ2PZFQYGM25
B002O0J000,A1OJ2PZFQYGM25
B002O0HFOS,A1OJ2PZFQYGM25
B002N7UPBM,A1OJ2PZFQYGM25
B002LTTG1W,A1OJ2PZFQYGM25
B002IAPPAK,A1OJ2PZFQYGM25
B002EC0S5E,A1OJ2PZFQYGM25
B001VJ23N6,A1OJ2PZFQYGM25
B001MSSVDM,A1OJ2PZFQYGM25
B001ECXFSW,A1OJ2PZFQYGM25
B001DKNY04,A1OJ2PZFQYGM25
B00197GP4S,A1OJ2PZFQYGM25
B0017VVULY,A1OJ2PZFQYGM25
B000OL5NUC,A1OJ2PZFQYGM25
B000MT7U20,A1OJ2PZFQYGM25
B000KA61OE,A1OJ2PZFQYGM25
B000K9ZCAE,A1OJ2PZFQYGM25
B000K2CAL0,A1OJ2PZFQYGM25
B000K2BLRY,A1OJ2PZFQYGM25
B000I1QBQS,A1OJ2PZFQYGM25
B000FK5E38,A1OJ2PZFQYGM25
B000EHU51S,A1OJ2PZFQYGM25
B000CPZZ3U,A1OJ2PZFQYGM25
B000BROP0I,A1OJ2PZFQYGM25
B0009SS0XM,A1OJ2PZFQYGM25
B07XRVGQVH,A1OJ2PZFQYGM25
B09WW3JS3V,A1OJ2PZFQYGM25
4479393501,A1OJ2PZFQYGM25
B07XB21R1J,A1OJ2PZFQYGM25
B08B8VF6Z8,A1OJ2PZFQYGM25
4121600525,A1OJ2PZFQYGM25
B07X8XJN9J,A1OJ2PZFQYGM25
B07T92ZJ14,A1OJ2PZFQYGM25
4106004615,A1OJ2PZFQYGM25
B07X4ZPRTN,A1OJ2PZFQYGM25
B007STKIJY,A1OJ2PZFQYGM25
B07WDJ7X2G,A1OJ2PZFQYGM25
B00066EJVO,A1OJ2PZFQYGM25
B07VY5W5KR,A1OJ2PZFQYGM25
B0994X5329,A1OJ2PZFQYGM25
B07TW1WR88,A1OJ2PZFQYGM25
4863450273,A1OJ2PZFQYGM25
B08ZVKF12G,A1OJ2PZFQYGM25
B01M7XMOV9,A1OJ2PZFQYGM25
4862902545,A1OJ2PZFQYGM25
B08BLL31CF,A1OJ2PZFQYGM25
B09194GPMC,A1OJ2PZFQYGM25
4839971552,A1OJ2PZFQYGM25
B083N776GC,A1OJ2PZFQYGM25
B09L4NSVP1,A1OJ2PZFQYGM25
4828421815,A1OJ2PZFQYGM25
B083MQWYM8,A1OJ2PZFQYGM25
B0034ISXYA,A1OJ2PZFQYGM25
4815607176,A1OJ2PZFQYGM25
B082BHSQCS,A1OJ2PZFQYGM25
B00318C0SI,A1OJ2PZFQYGM25
4492733566,A1OJ2PZFQYGM25
B09825M7MR,A1OJ2PZFQYGM25
B07RPFT1YY,A1OJ2PZFQYGM25
B00BT59R5Y,A1OJ2PZFQYGM25
B079XZ4R79,A1OJ2PZFQYGM25
B07Y42CHDH,A1OJ2PZFQYGM25
B01M0MW1LB,A1OJ2PZFQYGM25
B00BI3H6DM,A1OJ2PZFQYGM25
B01I49C23G,A1OJ2PZFQYGM25
B00ALZVYU4,A1OJ2PZFQYGM25
B00496RE82,A1OJ2PZFQYGM25
B000GB1NT0,A1OJ2PZFQYGM25
B000CMIBBG,A1OJ2PZFQYGM25
B0006IJTO4,A1OJ2PZFQYGM25
B0C4TWQCTJ,A1OJ2PZFQYGM25
B0C2FZ5LKV,A1OJ2PZFQYGM25
B0BZ5ZQPD1,A1OJ2PZFQYGM25
B0BPYFH3G7,A1OJ2PZFQYGM25
B0BNVWW8JL,A1OJ2PZFQYGM25
B0B7SNCSM8,A1OJ2PZFQYGM25
B09YTNJ8J9,A1OJ2PZFQYGM25
B09SYK3DVG,A1OJ2PZFQYGM25
B09H3HVFQ9,A1OJ2PZFQYGM25
B09FKYH46Z,A1OJ2PZFQYGM25
B099DRZ9TH,A1OJ2PZFQYGM25
B092TPTS26,A1OJ2PZFQYGM25
B08WJN26QQ,A1OJ2PZFQYGM25
B08QV73ZYB,A1OJ2PZFQYGM25
B08QTTMQBT,A1OJ2PZFQYGM25
B08JQ3VY27,A1OJ2PZFQYGM25
B08GZRZZ7C,A1OJ2PZFQYGM25
B08FRRS341,A1OJ2PZFQYGM25
B08CBP9W5B,A1OJ2PZFQYGM25
B08B9X7ZK5,A1OJ2PZFQYGM25
B08947N94X,A1OJ2PZFQYGM25
B088ZWR7FD,A1OJ2PZFQYGM25
B08888PN54,A1OJ2PZFQYGM25
B0885XJC9Z,A1OJ2PZFQYGM25
B0874HN4YF,A1OJ2PZFQYGM25
B084WMFLJS,A1OJ2PZFQYGM25
B08177JFSC,A1OJ2PZFQYGM25
B07YYG8KK2,A1OJ2PZFQYGM25
B07YNDN8GW,A1OJ2PZFQYGM25
B07YGWDXC6,A1OJ2PZFQYGM25
B07Y5YPMTV,A1OJ2PZFQYGM25
B07Y5WTY65,A1OJ2PZFQYGM25
B07Y3DDLGW,A1OJ2PZFQYGM25
B07Y1FKP1P,A1OJ2PZFQYGM25
B07X9W4LH1,A1OJ2PZFQYGM25
B07X7R3HN8,A1OJ2PZFQYGM25
B07X64QQGS,A1OJ2PZFQYGM25
B07WTRF4D8,A1OJ2PZFQYGM25
B07WSXJFMZ,A1OJ2PZFQYGM25
B07WNKMLL4,A1OJ2PZFQYGM25
B07WHJH8F9,A1OJ2PZFQYGM25
B07VZYV68B,A1OJ2PZFQYGM25
B07VXKWSVJ,A1OJ2PZFQYGM25
B07V48J9Y5,A1OJ2PZFQYGM25
B07TP5Z3C8,A1OJ2PZFQYGM25
B07SMF2HF7,A1OJ2PZFQYGM25
B07CKHSDGC,A1OJ2PZFQYGM25
B076H31FQ7,A1OJ2PZFQYGM25
B06XJTMCQ1,A1OJ2PZFQYGM25
B06XFF27Q9,A1OJ2PZFQYGM25
B01N3LEN4V,A1OJ2PZFQYGM25
B01MR8908T,A1OJ2PZFQYGM25
B01M3TIR4X,A1OJ2PZFQYGM25
B01LRHLH1U,A1OJ2PZFQYGM25
B01LFG2HVM,A1OJ2PZFQYGM25
B01LE73QEE,A1OJ2PZFQYGM25
B01L4EU0LY,A1OJ2PZFQYGM25
B01KTLXJW0,A1OJ2PZFQYGM25
B01HIYR0VM,A1OJ2PZFQYGM25
B01HG1NONA,A1OJ2PZFQYGM25
B01H727EBG,A1OJ2PZFQYGM25
B018BKLLBW,A1OJ2PZFQYGM25
B016TQKLVG,A1OJ2PZFQYGM25
B010RHJE0W,A1OJ2PZFQYGM25
B010G3QLKI,A1OJ2PZFQYGM25
B00Y8XC2EM,A1OJ2PZFQYGM25
B00XUQ2S3I,A1OJ2PZFQYGM25
B00XUPZ9PS,A1OJ2PZFQYGM25
B00WJ12D12,A1OJ2PZFQYGM25
B00R1C4TFW,A1OJ2PZFQYGM25
B00R07ID0A,A1OJ2PZFQYGM25
B00QSXAOWC,A1OJ2PZFQYGM25
B00QSJXWIE,A1OJ2PZFQYGM25
B00QJBH3EU,A1OJ2PZFQYGM25
B00OM8MVCG,A1OJ2PZFQYGM25
B00KR9GS46,A1OJ2PZFQYGM25
B00K6EHXKA,A1OJ2PZFQYGM25
B00I9QZWZA,A1OJ2PZFQYGM25
B00HV0NV8U,A1OJ2PZFQYGM25
B00DYA7XPS,A1OJ2PZFQYGM25
B00CBNKIRO,A1OJ2PZFQYGM25
B00CA5XIMA,A1OJ2PZFQYGM25
B00CA5XF8M,A1OJ2PZFQYGM25
B00BNJDSOC,A1OJ2PZFQYGM25
B00BIVD4MG,A1OJ2PZFQYGM25
B00B3Q0VM2,A1OJ2PZFQYGM25
B00B0ZTZQ4,A1OJ2PZFQYGM25
B008PXVPAS,A1OJ2PZFQYGM25
B008C1VWNS,A1OJ2PZFQYGM25
B0085LYHP0,A1OJ2PZFQYGM25
B007W544N0,A1OJ2PZFQYGM25
B007PK9F90,A1OJ2PZFQYGM25
B0061G2FB4,A1OJ2PZFQYGM25
B005VS7EF0,A1OJ2PZFQYGM25
B004Y0UWCS,A1OJ2PZFQYGM25
B004XW4ZG6,A1OJ2PZFQYGM25
B004QEE62O,A1OJ2PZFQYGM25
B0044UZCVE,A1OJ2PZFQYGM25
B00431ETFE,A1OJ2PZFQYGM25
B003J62XD4,A1OJ2PZFQYGM25
B003A4BIBS,A1OJ2PZFQYGM25
B0036R4QP4,A1OJ2PZFQYGM25
B0032YDLPC,A1OJ2PZFQYGM25
B002YF8880,A1OJ2PZFQYGM25
B002YDJ1JC,A1OJ2PZFQYGM25
B002VL0VP0,A1OJ2PZFQYGM25
B002IEV2YY,A1OJ2PZFQYGM25
B002IEFC4U,A1OJ2PZFQYGM25
B002GQ7NP6,A1OJ2PZFQYGM25
B00283RZA0,A1OJ2PZFQYGM25
B001VY34G6,A1OJ2PZFQYGM25
B001P4I6NI,A1OJ2PZFQYGM25
B00197I63Q,A1OJ2PZFQYGM25
B0018SPM1A,A1OJ2PZFQYGM25
B0013LGVDA,A1OJ2PZFQYGM25
B000K8XKHW,A1OJ2PZFQYGM25
B000GX9NXG,A1OJ2PZFQYGM25
B000FPTVEG,A1OJ2PZFQYGM25
B000C7YEDU,A1OJ2PZFQYGM25
B000C1UBSS,A1OJ2PZFQYGM25
B0007ZGQBU,A1OJ2PZFQYGM25
B0006LD88Y,A1OJ2PZFQYGM25
B0006349EY,A1OJ2PZFQYGM25
B0002I02RQ,A1OJ2PZFQYGM25
B00029TJKQ,A1OJ2PZFQYGM25
4908804567,A1OJ2PZFQYGM25
B08GM56MPD,A1OJ2PZFQYGM25
B0BZ9XVCKJ,A1OJ2PZFQYGM25
B093Y8SP9B,A1OJ2PZFQYGM25
4866513497,A1OJ2PZFQYGM25
B0BZ9WHG6G,A1OJ2PZFQYGM25
B09L4Y9G9W,A1OJ2PZFQYGM25
4865136193,A1OJ2PZFQYGM25
B08BNRVKXC,A1OJ2PZFQYGM25
B07XSC21LW,A1OJ2PZFQYGM25
4847150511,A1OJ2PZFQYGM25
B08B4B2S69,A1OJ2PZFQYGM25
B09QXHSB1X,A1OJ2PZFQYGM25
482880448X,A1OJ2PZFQYGM25
B07ZFC333Q,A1OJ2PZFQYGM25
B00WVLJ67O,A1OJ2PZFQYGM25
4523264023,A1OJ2PZFQYGM25
B07YC1PY1K,A1OJ2PZFQYGM25
B071VJ6XB2,A1OJ2PZFQYGM25
4478114870,A1OJ2PZFQYGM25
B07QFC9N12,A1OJ2PZFQYGM25
B008LY8DKG,A1OJ2PZFQYGM25
4478111243,A1OJ2PZFQYGM25
B01M4QU1JF,A1OJ2PZFQYGM25
4469246433,A1OJ2PZFQYGM25
B07KGM1TTC,A1OJ2PZFQYGM25
B01LPL66AA,A1OJ2PZFQYGM25
4276355532,A1OJ2PZFQYGM25
B07ZT5CT17,A1OJ2PZFQYGM25
B01I47SVQ0,A1OJ2PZFQYGM25
4259547763,A1OJ2PZFQYGM25
B01FHQ3V8O,A1OJ2PZFQYGM25
B01DTAZ8T0,A1OJ2PZFQYGM25
4150505489,A1OJ2PZFQYGM25
B07W3QRC2B,A1OJ2PZFQYGM25
B00IT03QWM,A1OJ2PZFQYGM25
4092270348,A1OJ2PZFQYGM25
B0BKT6P17P,A1OJ2PZFQYGM25
4062838680,A1OJ2PZFQYGM25
B07ZVH84ZQ,A1OJ2PZFQYGM25
B08V976BW6,A1OJ2PZFQYGM25
B07ZSXJ9ZQ,A1OJ2PZFQYGM25
B07QB1MJP4,A1OJ2PZFQYGM25
B07LDX484P,A1OJ2PZFQYGM25
B017CNBVLO,A1OJ2PZFQYGM25
B08YZ1KK2N,A1OJ2PZFQYGM25
B00DNEB3HO,A1OJ2PZFQYGM25
B0924NXXQQ,A1OJ2PZFQYGM25
B091Y956M4,A1OJ2PZFQYGM25
B091Y37XPY,A1OJ2PZFQYGM25
B091Y1GWNY,A1OJ2PZFQYGM25
B091XQVQQ2,A1OJ2PZFQYGM25
B08Z3CB3QK,A1OJ2PZFQYGM25
B08XG329Z4,A1OJ2PZFQYGM25
B08P25NQZG,A1OJ2PZFQYGM25
B08LCVJJTZ,A1OJ2PZFQYGM25
B08JJFCDW7,A1OJ2PZFQYGM25
B08GS8W447,A1OJ2PZFQYGM25
B08D84747R,A1OJ2PZFQYGM25
B08BJ8XRJW,A1OJ2PZFQYGM25
B08B8VTJN6,A1OJ2PZFQYGM25
B089WKBKCB,A1OJ2PZFQYGM25
B089WJR15J,A1OJ2PZFQYGM25
B089WJHP2H,A1OJ2PZFQYGM25
B089MBT5GH,A1OJ2PZFQYGM25
B089HLW5LN,A1OJ2PZFQYGM25
B089DYYWLZ,A1OJ2PZFQYGM25
B089DYY2WV,A1OJ2PZFQYGM25
B089DT6RJX,A1OJ2PZFQYGM25
B089CRJJQL,A1OJ2PZFQYGM25
B089CJQX5Y,A1OJ2PZFQYGM25
B088ZBD68V,A1OJ2PZFQYGM25
B088XS7ZXP,A1OJ2PZFQYGM25
B088MLCPKK,A1OJ2PZFQYGM25
B088F3BJXM,A1OJ2PZFQYGM25
B08815NBS9,A1OJ2PZFQYGM25
B087RKGV83,A1OJ2PZFQYGM25
B087787GP3,A1OJ2PZFQYGM25
B083QD14KZ,A1OJ2PZFQYGM25
B083FM44F4,A1OJ2PZFQYGM25
B081PBZ27C,A1OJ2PZFQYGM25
B081P2S6FV,A1OJ2PZFQYGM25
B07ZTLWX2N,A1OJ2PZFQYGM25
B07ZTLDS7G,A1OJ2PZFQYGM25
B07ZTL47YC,A1OJ2PZFQYGM25
B07ZTKYFZK,A1OJ2PZFQYGM25
B07ZTKQ4JR,A1OJ2PZFQYGM25
B07ZMW5DRN,A1OJ2PZFQYGM25
B07Z5GF5Y6,A1OJ2PZFQYGM25
B07Z1GLNWR,A1OJ2PZFQYGM25
B07YNDV41W,A1OJ2PZFQYGM25
B07Y87VHD7,A1OJ2PZFQYGM25
B07Y3WJB9P,A1OJ2PZFQYGM25
B07XHNSQKJ,A1OJ2PZFQYGM25
B08XNM91LM,A1OJ2PZFQYGM25
B07XDN4NFT,A1OJ2PZFQYGM25
B07XB1QJN1,A1OJ2PZFQYGM25
B07N16X57J,A1OJ2PZFQYGM25
B0006HJ0RQ,A1OJ2PZFQYGM25
B00004WKNN,A1OJ2PZFQYGM25
B0C7KCN7XB,A1OJ2PZFQYGM25
B0C24D57YK,A1OJ2PZFQYGM25
B0BZ4LZKZB,A1OJ2PZFQYGM25
B0BNTFPMMP,A1OJ2PZFQYGM25
B09ND71Q3T,A1OJ2PZFQYGM25
B09H3JC56G,A1OJ2PZFQYGM25
B09G1XQYBP,A1OJ2PZFQYGM25
B099P3BS61,A1OJ2PZFQYGM25
B095KT2YKK,A1OJ2PZFQYGM25
B095182T9W,A1OJ2PZFQYGM25
B07XH7NQ3M,A1OJ2PZFQYGM25
B07XH6SKVK,A1OJ2PZFQYGM25
B07XH6JLKD,A1OJ2PZFQYGM25
B07XH518HP,A1OJ2PZFQYGM25
B07XH2B2ZL,A1OJ2PZFQYGM25
B07XGD8B6D,A1OJ2PZFQYGM25
B07XB8TW8N,A1OJ2PZFQYGM25
B07X7PXFGP,A1OJ2PZFQYGM25
B07X5WW64W,A1OJ2PZFQYGM25
B07X5T8H54,A1OJ2PZFQYGM25
B07X5SW676,A1OJ2PZFQYGM25
B07X5H1LKP,A1OJ2PZFQYGM25
B07X5GZ1PV,A1OJ2PZFQYGM25
B07X5GM3TD,A1OJ2PZFQYGM25
B07X51XG64,A1OJ2PZFQYGM25
B07QF172B6,A1OJ2PZFQYGM25
B07QF14JR4,A1OJ2PZFQYGM25
B07N91K3RG,A1OJ2PZFQYGM25
B07DDDW6FR,A1OJ2PZFQYGM25
B07BMC73J3,A1OJ2PZFQYGM25
B079J928FT,A1OJ2PZFQYGM25
B075RZP2H2,A1OJ2PZFQYGM25
B073T5Q7SL,A1OJ2PZFQYGM25
B01MRBQOFI,A1OJ2PZFQYGM25
B01M9EWDB3,A1OJ2PZFQYGM25
B01M07YI10,A1OJ2PZFQYGM25
B01LA0TDB0,A1OJ2PZFQYGM25
B01KGNVY3C,A1OJ2PZFQYGM25
B01KARWPN2,A1OJ2PZFQYGM25
B01J7APF0S,A1OJ2PZFQYGM25
B01HRVHBQK,A1OJ2PZFQYGM25
B07X51DX5V,A1OJ2PZFQYGM25
B07X4ZSZNZ,A1OJ2PZFQYGM25
B07X4YYH7C,A1OJ2PZFQYGM25
B07X2TX1KY,A1OJ2PZFQYGM25
B07WWBN87T,A1OJ2PZFQYGM25
B07WHLW4FV,A1OJ2PZFQYGM25
B07W6PS52H,A1OJ2PZFQYGM25
B07VBSKT59,A1OJ2PZFQYGM25
B07TXR7RM3,A1OJ2PZFQYGM25
B07TWNBDJC,A1OJ2PZFQYGM25
B07TQW38HS,A1OJ2PZFQYGM25
B07TJYLNTB,A1OJ2PZFQYGM25
B07SLFXWZ5,A1OJ2PZFQYGM25
B07RF1KJBL,A1OJ2PZFQYGM25
B07RDZYD37,A1OJ2PZFQYGM25
B07QZ8NYNF,A1OJ2PZFQYGM25
B01H6K45K2,A1OJ2PZFQYGM25
B01D3DZ7F8,A1OJ2PZFQYGM25
B01CFM1JYG,A1OJ2PZFQYGM25
B01BH7OZI2,A1OJ2PZFQYGM25
B017X3KDJY,A1OJ2PZFQYGM25
B00YCLMKPG,A1OJ2PZFQYGM25
B00XK4OGN0,A1OJ2PZFQYGM25
B00XF8FF2W,A1OJ2PZFQYGM25
B00X9TOPVE,A1OJ2PZFQYGM25
B00X9LH55A,A1OJ2PZFQYGM25
B00WHY0BU6,A1OJ2PZFQYGM25
B00TSK3LBS,A1OJ2PZFQYGM25
B00TH5HR6E,A1OJ2PZFQYGM25
B00R0S0PG4,A1OJ2PZFQYGM25
B00QXKGI4S,A1OJ2PZFQYGM25
B00QW2OWZ4,A1OJ2PZFQYGM25
B00CA63H48,A1OJ2PZFQYGM25
B00BT5LFT0,A1OJ2PZFQYGM25
B00AZM52PQ,A1OJ2PZFQYGM25
B00A1Q0UXA,A1OJ2PZFQYGM25
B008UY0TWM,A1OJ2PZFQYGM25
B007GR5S1G,A1OJ2PZFQYGM25
B005VS77JS,A1OJ2PZFQYGM25
B0055DR1GS,A1OJ2PZFQYGM25
B004Y1P0SS,A1OJ2PZFQYGM25
B004T84KBY,A1OJ2PZFQYGM25
B004QJL6UE,A1OJ2PZFQYGM25
B004MYGTX2,A1OJ2PZFQYGM25
B004BPI7C8,A1OJ2PZFQYGM25
B003YNYDNK,A1OJ2PZFQYGM25
B003GJXJVY,A1OJ2PZFQYGM25
B0035Y9GDA,A1OJ2PZFQYGM25
B00QV50Q20,A1OJ2PZFQYGM25
B00QUNAU7E,A1OJ2PZFQYGM25
B00QU7X3CY,A1OJ2PZFQYGM25
B00QKK0XDI,A1OJ2PZFQYGM25
B00N41D4KK,A1OJ2PZFQYGM25
B00LI70OO6,A1OJ2PZFQYGM25
B00KCEHLLA,A1OJ2PZFQYGM25
B00K30HQU4,A1OJ2PZFQYGM25
B00JVSE0C6,A1OJ2PZFQYGM25
B00I8SN2WE,A1OJ2PZFQYGM25
B00GGY4SR0,A1OJ2PZFQYGM25
B00FGPZIRE,A1OJ2PZFQYGM25
B00E0MEVMW,A1OJ2PZFQYGM25
B00E0MEK7S,A1OJ2PZFQYGM25
B00DTBTCI8,A1OJ2PZFQYGM25
B00CS6IMWM,A1OJ2PZFQYGM25
B0002D0H08,A1OJ2PZFQYGM25
B000050I8O,A1OJ2PZFQYGM25
B001N77ZRK,A1OJ2PZFQYGM25
B00J327G8K,A1OJ2PZFQYGM25
B0012VUY8Y,A1OJ2PZFQYGM25
B08XC5RXT6,A1OJ2PZFQYGM25
B0000YEEWQ,A1OJ2PZFQYGM25
B084GWM1T9,A1OJ2PZFQYGM25
B08D678XPR,A1OJ2PZFQYGM25
9620446070,A1OJ2PZFQYGM25
B00UB4U38Y,A1OJ2PZFQYGM25
B091BT2CWT,A1OJ2PZFQYGM25
B07PC2179R,A1OJ2PZFQYGM25
B001OTE1S8,A1OJ2PZFQYGM25
B00169RBV0,A1OJ2PZFQYGM25
B07WHTLTGM,A1OJ2PZFQYGM25
4847072618,A1OJ2PZFQYGM25
B08WPRVN4H,A1OJ2PZFQYGM25
B08NT14BTK,A1OJ2PZFQYGM25
4838754507,A1OJ2PZFQYGM25
B07XZ2HSG2,A1OJ2PZFQYGM25
B087NFRFKX,A1OJ2PZFQYGM25
B09NNJQKDJ,A1OJ2PZFQYGM25
4823303598,A1OJ2PZFQYGM25
B088KSRX1S,A1OJ2PZFQYGM25
B003550RF0,A1OJ2PZFQYGM25
B002YCXQ4E,A1OJ2PZFQYGM25
B002OX1488,A1OJ2PZFQYGM25
B001TEPZ56,A1OJ2PZFQYGM25
B001PD0WZ4,A1OJ2PZFQYGM25
B001P05GMG,A1OJ2PZFQYGM25
B001P05GLM,A1OJ2PZFQYGM25
B001LTTOP6,A1OJ2PZFQYGM25
B001DMYOOW,A1OJ2PZFQYGM25
B001DKNK80,A1OJ2PZFQYGM25
B0013LDJ9E,A1OJ2PZFQYGM25
B000KKKO4C,A1OJ2PZFQYGM25
B000KDFCSC,A1OJ2PZFQYGM25
B000C7Z7EU,A1OJ2PZFQYGM25
B000C2C202,A1OJ2PZFQYGM25
B000C0AE9A,A1OJ2PZFQYGM25
B01M190LXH,A1OJ2PZFQYGM25
B001VXYJIO,A1OJ2PZFQYGM25
4782535457,A1OJ2PZFQYGM25
B01H72E33S,A1OJ2PZFQYGM25
B01LWJYG34,A1OJ2PZFQYGM25
4780420253,A1OJ2PZFQYGM25
B00BRXAD1A,A1OJ2PZFQYGM25
B0983719F2,A1OJ2PZFQYGM25
4757424248,A1OJ2PZFQYGM25
B002NBC3K4,A1OJ2PZFQYGM25
B0912ZRDNW,A1OJ2PZFQYGM25
4413231813,A1OJ2PZFQYGM25
B07BN5LFV7,A1OJ2PZFQYGM25
4295402192,A1OJ2PZFQYGM25
B01J0W13RM,A1OJ2PZFQYGM25
4255004528,A1OJ2PZFQYGM25
B00008UALK,A1OJ2PZFQYGM25
B00JX4X6QY,A1OJ2PZFQYGM25
5041058938,A1OJ2PZFQYGM25
B07Z9F21NT,A1OJ2PZFQYGM25
B08BRJ1D8Q,A1OJ2PZFQYGM25
4863135122,A1OJ2PZFQYGM25
B07XLTJY46,A1OJ2PZFQYGM25
B07Y9XV282,A1OJ2PZFQYGM25
B0000ES3EC,A1OJ2PZFQYGM25
4839700958,A1OJ2PZFQYGM25
B07WLTBZMH,A1OJ2PZFQYGM25
B003M2IKVE,A1OJ2PZFQYGM25
4828872027,A1OJ2PZFQYGM25
B07V9RD7XQ,A1OJ2PZFQYGM25
B00029KC02,A1OJ2PZFQYGM25
4827212619,A1OJ2PZFQYGM25
B099WKGP6Q,A1OJ2PZFQYGM25
B00AFYP7LS,A1OJ2PZFQYGM25
B07Z9PGHZY,A1OJ2PZFQYGM25
B004L8XBQ2,A1OJ2PZFQYGM25
B000005ZAH,A1OJ2PZFQYGM25
B075QWZT1Q,A1OJ2PZFQYGM25
B07XYZZCN2,A1OJ2PZFQYGM25
4864107998,A1OJ2PZFQYGM25
B07WBV6LRV,A1OJ2PZFQYGM25
B000CPZW88,A1OJ2PZFQYGM25
4093798532,A1OJ2PZFQYGM25
B09YRHTVW4,A1OJ2PZFQYGM25
4053016762,A1OJ2PZFQYGM25
B016N6ZA22,A1OJ2PZFQYGM25
4046048840,A1OJ2PZFQYGM25
B004GCEVCQ,A1OJ2PZFQYGM25
B004FDQTUS,A1OJ2PZFQYGM25
B001I01KIM,A1OJ2PZFQYGM25
B00079TOLA,A1OJ2PZFQYGM25
B0C5WRNRSH,A1OJ2PZFQYGM25
B0BYS44761,A1OJ2PZFQYGM25
B0BGBSS8FG,A1OJ2PZFQYGM25
B0BC8KGKFG,A1OJ2PZFQYGM25
B0B461JLZM,A1OJ2PZFQYGM25
B09J2BXWJQ,A1OJ2PZFQYGM25
B097S2Q7TX,A1OJ2PZFQYGM25
B0952QRDPC,A1OJ2PZFQYGM25
B08YQG9D3D,A1OJ2PZFQYGM25
B08X7KRSVY,A1OJ2PZFQYGM25
B08TTCTDMR,A1OJ2PZFQYGM25
B08N882F1P,A1OJ2PZFQYGM25
B08FF77CFQ,A1OJ2PZFQYGM25
B08C2SLKG3,A1OJ2PZFQYGM25
B08B9LJZM4,A1OJ2PZFQYGM25
B08B4Z41GF,A1OJ2PZFQYGM25
B08B4YKQYM,A1OJ2PZFQYGM25
B088ZVTZ2N,A1OJ2PZFQYGM25
B088ZKVVYP,A1OJ2PZFQYGM25
B088H5B3JQ,A1OJ2PZFQYGM25
B087QRSD93,A1OJ2PZFQYGM25
B087QQ5KJY,A1OJ2PZFQYGM25
B07TWYHJ8G,A1OJ2PZFQYGM25
B07TWQT35Y,A1OJ2PZFQYGM25
B07S3YBFXT,A1OJ2PZFQYGM25
B01MQQFX2V,A1OJ2PZFQYGM25
B01MEEN3K0,A1OJ2PZFQYGM25
B01MCR0XEC,A1OJ2PZFQYGM25
B01M9HXZXP,A1OJ2PZFQYGM25
B01M9HXHDP,A1OJ2PZFQYGM25
B01M9HPOWK,A1OJ2PZFQYGM25
B01M9GFX74,A1OJ2PZFQYGM25
B01M8PA2UR,A1OJ2PZFQYGM25
B01M8P0JHK,A1OJ2PZFQYGM25
B01M8NTQKP,A1OJ2PZFQYGM25
B01M7WLXSO,A1OJ2PZFQYGM25
B01M4Q51X3,A1OJ2PZFQYGM25
B01M3WX94H,A1OJ2PZFQYGM25
B086X62RGV,A1OJ2PZFQYGM25
B085GLR4XM,A1OJ2PZFQYGM25
B07ZMVY4SN,A1OJ2PZFQYGM25
B07Z76KJ5K,A1OJ2PZFQYGM25
B07YYXD4W8,A1OJ2PZFQYGM25
B07YJBMTQW,A1OJ2PZFQYGM25
B07Y7QBSJN,A1OJ2PZFQYGM25
B07XLTQPC1,A1OJ2PZFQYGM25
B07X4JNZKH,A1OJ2PZFQYGM25
B07WTS6LBK,A1OJ2PZFQYGM25
B07WRZ4V44,A1OJ2PZFQYGM25
B07WRMNHSB,A1OJ2PZFQYGM25
B07W72SP4F,A1OJ2PZFQYGM25
B07VVVL3T7,A1OJ2PZFQYGM25
B07VVRRJJ1,A1OJ2PZFQYGM25
B07TXGJYJJ,A1OJ2PZFQYGM25
B01LZG2PPC,A1OJ2PZFQYGM25
B01LY8VMP0,A1OJ2PZFQYGM25
B01KE5879G,A1OJ2PZFQYGM25
B01C6A15IM,A1OJ2PZFQYGM25
B01BIE2SEW,A1OJ2PZFQYGM25
B01BI3A7P0,A1OJ2PZFQYGM25
B0192C9N18,A1OJ2PZFQYGM25
B0174U9UEU,A1OJ2PZFQYGM25
B00YCFK4W8,A1OJ2PZFQYGM25
B00X52DZU2,A1OJ2PZFQYGM25
B00WEFUCDE,A1OJ2PZFQYGM25
B00U1VJ2MU,A1OJ2PZFQYGM25
B00R08MXW8,A1OJ2PZFQYGM25
B00QW312ME,A1OJ2PZFQYGM25
B00QV58YCY,A1OJ2PZFQYGM25
B00PCHR0OK,A1OJ2PZFQYGM25
B007X5A2GC,A1OJ2PZFQYGM25
B005JY9INM,A1OJ2PZFQYGM25
B0058KJNYQ,A1OJ2PZFQYGM25
B004XDT9IE,A1OJ2PZFQYGM25
B004RO96L4,A1OJ2PZFQYGM25
B004KA9YNK,A1OJ2PZFQYGM25
B0043QMJBU,A1OJ2PZFQYGM25
B00436SA4K,A1OJ2PZFQYGM25
B003Y7ZOSO,A1OJ2PZFQYGM25
B003XU749O,A1OJ2PZFQYGM25
B003QMLVMK,A1OJ2PZFQYGM25
B003N17RR2,A1OJ2PZFQYGM25
B003AKJPC6,A1OJ2PZFQYGM25
B0035Y45W2,A1OJ2PZFQYGM25
B0034RZNFI,A1OJ2PZFQYGM25
B002SRNLHW,A1OJ2PZFQYGM25
B00N52B2XO,A1OJ2PZFQYGM25
B00M4M58WW,A1OJ2PZFQYGM25
B00HUBK304,A1OJ2PZFQYGM25
B00GRSUCMA,A1OJ2PZFQYGM25
B00GB32L0W,A1OJ2PZFQYGM25
B00FDXMABG,A1OJ2PZFQYGM25
B00FA4NDLO,A1OJ2PZFQYGM25
B00DYAQ0CK,A1OJ2PZFQYGM25
B00DWI6Y98,A1OJ2PZFQYGM25
B00DKA344G,A1OJ2PZFQYGM25
B00CBER6AA,A1OJ2PZFQYGM25
B00A1H2PUA,A1OJ2PZFQYGM25
B00A11JMIO,A1OJ2PZFQYGM25
B009UY4D9G,A1OJ2PZFQYGM25
B008DZITNY,A1OJ2PZFQYGM25
B0089KBBLA,A1OJ2PZFQYGM25
B002NQDGCI,A1OJ2PZFQYGM25
B002AH0BXC,A1OJ2PZFQYGM25
B0026BT408,A1OJ2PZFQYGM25
B001TIXK2W,A1OJ2PZFQYGM25
B001PZD4JI,A1OJ2PZFQYGM25
B0018RR7KK,A1OJ2PZFQYGM25
B000X91YJE,A1OJ2PZFQYGM25
B000QDGTFG,A1OJ2PZFQYGM25
B000CSPLKE,A1OJ2PZFQYGM25
B00076IR7K,A1OJ2PZFQYGM25
B0006FUEVY,A1OJ2PZFQYGM25
B0894655XF,A1OJ2PZFQYGM25
B00MOWVF10,A1OJ2PZFQYGM25
9353243033,A1OJ2PZFQYGM25
B081Z6995K,A1OJ2PZFQYGM25
B086MBVDMN,A1OJ2PZFQYGM25
483873168X,A1OJ2PZFQYGM25
B081Z5F49V,A1OJ2PZFQYGM25
B089743855,A1OJ2PZFQYGM25
4806716073,A1OJ2PZFQYGM25
B081Z556GZ,A1OJ2PZFQYGM25
B01M01QU3M,A1OJ2PZFQYGM25
4788909243,A1OJ2PZFQYGM25
B07ZJY3RWH,A1OJ2PZFQYGM25
B0993GKRLT,A1OJ2PZFQYGM25
477266145X,A1OJ2PZFQYGM25
B07YXM9XK7,A1OJ2PZFQYGM25
B00U171AZ6,A1OJ2PZFQYGM25
4569854567,A1OJ2PZFQYGM25
B07Y5Q93M3,A1OJ2PZFQYGM25
B077VQQQVG,A1OJ2PZFQYGM25
4524226443,A1OJ2PZFQYGM25
B07WDPSD45,A1OJ2PZFQYGM25
B01JGPYKAA,A1OJ2PZFQYGM25
4413096495,A1OJ2PZFQYGM25
B07W7JWRZP,A1OJ2PZFQYGM25
B00GYV9O4C,A1OJ2PZFQYGM25
4327451347,A1OJ2PZFQYGM25
B0002GL236,A1OJ2PZFQYGM25
B0BDFTXXFG,A1OJ2PZFQYGM25
B096KKNGYV,A1OJ2PZFQYGM25
B07NJ3QXYP,A1OJ2PZFQYGM25
B001OLUPQS,A1OJ2PZFQYGM25
B000UKF212,A1OJ2PZFQYGM25
B0C3QGC1S9,A1OJ2PZFQYGM25
B0BXX3SBWR,A1OJ2PZFQYGM25
B0B4DCDVLD,A1OJ2PZFQYGM25
B09PBBPDQW,A1OJ2PZFQYGM25
B09H3JP292,A1OJ2PZFQYGM25
B096KN3BT1,A1OJ2PZFQYGM25
B096FVYC5M,A1OJ2PZFQYGM25
B094JG3S6Y,A1OJ2PZFQYGM25
B092CWY7YH,A1OJ2PZFQYGM25
B08Y62N9QR,A1OJ2PZFQYGM25
B08W8B974M,A1OJ2PZFQYGM25
B08LCNC1DM,A1OJ2PZFQYGM25
B08K7CHKXZ,A1OJ2PZFQYGM25
B08CY1B27W,A1OJ2PZFQYGM25
B08BRG1LZ2,A1OJ2PZFQYGM25
B08BNMCF54,A1OJ2PZFQYGM25
B08B8X74CS,A1OJ2PZFQYGM25
B08B8W4V85,A1OJ2PZFQYGM25
B089XSZMLP,A1OJ2PZFQYGM25
B089QLFMJ5,A1OJ2PZFQYGM25
B088NQQPCL,A1OJ2PZFQYGM25
B088BZ799Q,A1OJ2PZFQYGM25
B088BK9ZNX,A1OJ2PZFQYGM25
B0883YFRS8,A1OJ2PZFQYGM25
B08816NJ8D,A1OJ2PZFQYGM25
B087Z852R2,A1OJ2PZFQYGM25
B087QRTY48,A1OJ2PZFQYGM25
B087QQWGF5,A1OJ2PZFQYGM25
B083NDYYHQ,A1OJ2PZFQYGM25
B07ZY7JV6S,A1OJ2PZFQYGM25
B07ZJR9PXM,A1OJ2PZFQYGM25
B07XXH6GR6,A1OJ2PZFQYGM25
B07XPGLDN5,A1OJ2PZFQYGM25
B07XJH9V39,A1OJ2PZFQYGM25
B07XHWLK33,A1OJ2PZFQYGM25
B07X15N7N3,A1OJ2PZFQYGM25
B07WVVQ286,A1OJ2PZFQYGM25
B07WV61ZNR,A1OJ2PZFQYGM25
B07WSTHMV2,A1OJ2PZFQYGM25
B07WQ47X2R,A1OJ2PZFQYGM25
B07WMNTNK3,A1OJ2PZFQYGM25
B07WLKG84S,A1OJ2PZFQYGM25
B07WJTPTLS,A1OJ2PZFQYGM25
B07WHLY36Y,A1OJ2PZFQYGM25
B07W7K487Q,A1OJ2PZFQYGM25
B07W6RK694,A1OJ2PZFQYGM25
B07W6FPM9J,A1OJ2PZFQYGM25
B07W5LTFHG,A1OJ2PZFQYGM25
B07W4RZS15,A1OJ2PZFQYGM25
B07W1CG6F5,A1OJ2PZFQYGM25
B07VZCFS9L,A1OJ2PZFQYGM25
B07VZ86KR9,A1OJ2PZFQYGM25
B07VZ7PQTS,A1OJ2PZFQYGM25
B07VWSZBT1,A1OJ2PZFQYGM25
B07V6TD58J,A1OJ2PZFQYGM25
B07V5K3TWQ,A1OJ2PZFQYGM25
B07TY2M5WR,A1OJ2PZFQYGM25
B07S1XY9JY,A1OJ2PZFQYGM25
B07PPQ5CT2,A1OJ2PZFQYGM25
B07JL9PNG1,A1OJ2PZFQYGM25
B07JGNNQ7K,A1OJ2PZFQYGM25
B07BR9DWKB,A1OJ2PZFQYGM25
B078KQ5YJW,A1OJ2PZFQYGM25
B06XXQVZN9,A1OJ2PZFQYGM25
B01M73RJ6U,A1OJ2PZFQYGM25
B01LVU3VCQ,A1OJ2PZFQYGM25
B01KB3YBQO,A1OJ2PZFQYGM25
B01JQ0BLO8,A1OJ2PZFQYGM25
B01JQ0B4FY,A1OJ2PZFQYGM25
B01JQ0AIGK,A1OJ2PZFQYGM25
B01JQ0A4CS,A1OJ2PZFQYGM25
B01JQ09I5C,A1OJ2PZFQYGM25
B01JQ07DPY,A1OJ2PZFQYGM25
B01HFAQGG4,A1OJ2PZFQYGM25
B01HBIV4VC,A1OJ2PZFQYGM25
B01D9EOGG2,A1OJ2PZFQYGM25
B01AWY3RGC,A1OJ2PZFQYGM25
B018LOVWL2,A1OJ2PZFQYGM25
B00YXVSF68,A1OJ2PZFQYGM25
B00XUPZVS8,A1OJ2PZFQYGM25
B00U2U46J4,A1OJ2PZFQYGM25
B00SLX4540,A1OJ2PZFQYGM25
B00R0WVRU8,A1OJ2PZFQYGM25
B00R0S5DKC,A1OJ2PZFQYGM25
B00R06V7VI,A1OJ2PZFQYGM25
B00QURH6OK,A1OJ2PZFQYGM25
B00QPDOZUW,A1OJ2PZFQYGM25
B00PV4920Y,A1OJ2PZFQYGM25
B00M44R2E2,A1OJ2PZFQYGM25
B00M0SE69G,A1OJ2PZFQYGM25
B00K30IIT2,A1OJ2PZFQYGM25
B00GTFE0NS,A1OJ2PZFQYGM25
B00GP3FDFI,A1OJ2PZFQYGM25
B00GH16DXY,A1OJ2PZFQYGM25
B00DVTLG14,A1OJ2PZFQYGM25
B003T0GIT0,A1OJ2PZFQYGM25
B003I8IC60,A1OJ2PZFQYGM25
B003BZLCFS,A1OJ2PZFQYGM25
B00359VE7Q,A1OJ2PZFQYGM25
B0034KWKRY,A1OJ2PZFQYGM25
B002LTP440,A1OJ2PZFQYGM25
B002LIJT8I,A1OJ2PZFQYGM25
B00200LR00,A1OJ2PZFQYGM25
B001P4DMJQ,A1OJ2PZFQYGM25
B001OPO272,A1OJ2PZFQYGM25
B001OC73YY,A1OJ2PZFQYGM25
B001DNHNF8,A1OJ2PZFQYGM25
B0018B71CK,A1OJ2PZFQYGM25
B0016STCXG,A1OJ2PZFQYGM25
B000OCQD3M,A1OJ2PZFQYGM25
B000JKFADS,A1OJ2PZFQYGM25
B00DFJXDES,A1OJ2PZFQYGM25
B00CRMZOFA,A1OJ2PZFQYGM25
B00B3Z72MU,A1OJ2PZFQYGM25
B00AHEF7KM,A1OJ2PZFQYGM25
B009ZRGAQW,A1OJ2PZFQYGM25
B0087PWYWM,A1OJ2PZFQYGM25
B005MICGY8,A1OJ2PZFQYGM25
B0055DMGCM,A1OJ2PZFQYGM25
B0050SYRLK,A1OJ2PZFQYGM25
B004ZG8O44,A1OJ2PZFQYGM25
B004NPHZT2,A1OJ2PZFQYGM25
B004KS0M7Y,A1OJ2PZFQYGM25
B0046I67FO,A1OJ2PZFQYGM25
B00462RSR6,A1OJ2PZFQYGM25
B0044XXO84,A1OJ2PZFQYGM25
B0044LX1TS,A1OJ2PZFQYGM25
B077FSQXW3,A1OJ2PZFQYGM25
4909708049,A1OJ2PZFQYGM25
B08D9SNB3M,A1OJ2PZFQYGM25
B00008VAHN,A1OJ2PZFQYGM25
B06XJHX3ZC,A1OJ2PZFQYGM25
B000FLG8XC,A1OJ2PZFQYGM25
4909708030,A1OJ2PZFQYGM25
B00SD73DA6,A1OJ2PZFQYGM25
B01M5IYOA4,A1OJ2PZFQYGM25
B08K9CP7FP,A1OJ2PZFQYGM25
1664623906,A1OJ2PZFQYGM25
4909708014,A1OJ2PZFQYGM25
B00C1TGKZW,A1OJ2PZFQYGM25
B00KSE0WJW,A1OJ2PZFQYGM25
4897751756,A1OJ2PZFQYGM25
B004A2WUBG,A1OJ2PZFQYGM25
B07ZHS5VD8,A1OJ2PZFQYGM25
B07ZG727QQ,A1OJ2PZFQYGM25
B07ZBSLJGJ,A1OJ2PZFQYGM25
B07Z5C1FHH,A1OJ2PZFQYGM25
B07YZRD777,A1OJ2PZFQYGM25
B07YSW7JY3,A1OJ2PZFQYGM25
B07YSW6R29,A1OJ2PZFQYGM25
B07YSW4PFL,A1OJ2PZFQYGM25
B07YSVRY6Q,A1OJ2PZFQYGM25
B07YSV6693,A1OJ2PZFQYGM25
B07YSTNQ5Q,A1OJ2PZFQYGM25
B07YSTLXR4,A1OJ2PZFQYGM25
B07YQ44SPP,A1OJ2PZFQYGM25
B07Y5DQYQW,A1OJ2PZFQYGM25
B07Y31JB2B,A1OJ2PZFQYGM25
B07XZKG77N,A1OJ2PZFQYGM25
B000IYP7D8,A1OJ2PZFQYGM25
B000G2MHJE,A1OJ2PZFQYGM25
B000CMGBRW,A1OJ2PZFQYGM25
B0006O8RU0,A1OJ2PZFQYGM25
B0006NNORC,A1OJ2PZFQYGM25
B0006NNOKE,A1OJ2PZFQYGM25
B0002LDFEK,A1OJ2PZFQYGM25
B0000WP5BW,A1OJ2PZFQYGM25
1943453535,A1OJ2PZFQYGM25
B00KSE0706,A1OJ2PZFQYGM25
4862807275,A1OJ2PZFQYGM25
B00IJZST92,A1OJ2PZFQYGM25
B00BFWBIW6,A1OJ2PZFQYGM25
4845628651,A1OJ2PZFQYGM25
B000CQ6FL0,A1OJ2PZFQYGM25
4833440520,A1OJ2PZFQYGM25
B01LYVS4QK,A1OJ2PZFQYGM25
4798059218,A1OJ2PZFQYGM25
B0B8S3FBR5,A1OJ2PZFQYGM25
4780422965,A1OJ2PZFQYGM25
B0144ESOSM,A1OJ2PZFQYGM25
4635823679,A1OJ2PZFQYGM25
B0CBG5ZC5J,A1OJ2PZFQYGM25
4492444408,A1OJ2PZFQYGM25
B007CVH6SO,A1OJ2PZFQYGM25
4295408611,A1OJ2PZFQYGM25
B098SNRLYD,A1OJ2PZFQYGM25
4295406589,A1OJ2PZFQYGM25
B087YSQ5LZ,A1OJ2PZFQYGM25
4046802138,A1OJ2PZFQYGM25
B08B2ZBW4M,A1OJ2PZFQYGM25
4046047771,A1OJ2PZFQYGM25
B0827L9MPW,A1OJ2PZFQYGM25
404604568X,A1OJ2PZFQYGM25
B08KH12HBJ,A1OJ2PZFQYGM25
B07WHF93PV,A1OJ2PZFQYGM25
B002YKJ8MU,A1OJ2PZFQYGM25
B09B8SS1N4,A1OJ2PZFQYGM25
B09B2JY389,A1OJ2PZFQYGM25
B08PPXFTC3,A1OJ2PZFQYGM25
B074TVP3JX,A1OJ2PZFQYGM25
B092M8RMYS,A1OJ2PZFQYGM25
B091CRQCXK,A1OJ2PZFQYGM25
B08VXWBK6C,A1OJ2PZFQYGM25
B08NFZ2BLC,A1OJ2PZFQYGM25
B08LL7NKHT,A1OJ2PZFQYGM25
B08LL74HZN,A1OJ2PZFQYGM25
B08LL6T3BX,A1OJ2PZFQYGM25
B08LK891VC,A1OJ2PZFQYGM25
B08K8H8VK7,A1OJ2PZFQYGM25
B08DDTZPHX,A1OJ2PZFQYGM25
B08DDSJH15,A1OJ2PZFQYGM25
B08CJCCQ5R,A1OJ2PZFQYGM25
B08CFX8W2M,A1OJ2PZFQYGM25
B08B8ZVQCM,A1OJ2PZFQYGM25
B08B3TVJNY,A1OJ2PZFQYGM25
B089YH7LLJ,A1OJ2PZFQYGM25
B07XDHWXMW,A1OJ2PZFQYGM25
B01IBXXBMG,A1OJ2PZFQYGM25
B00K7JIBPK,A1OJ2PZFQYGM25
B001DCC2LE,A1OJ2PZFQYGM25
B0BX9B4D9L,A1OJ2PZFQYGM25
B0BK8LFPNR,A1OJ2PZFQYGM25
B0B14JVD7Z,A1OJ2PZFQYGM25
B09ZX1WJ7L,A1OJ2PZFQYGM25
B09NPLCYLJ,A1OJ2PZFQYGM25
B09JWJ9GRZ,A1OJ2PZFQYGM25
B09HJNL4S9,A1OJ2PZFQYGM25
B09GX9GVMQ,A1OJ2PZFQYGM25
B09FHVJZQ9,A1OJ2PZFQYGM25
B099RNN8GT,A1OJ2PZFQYGM25
B096Y8HGH6,A1OJ2PZFQYGM25
B093BNYLG8,A1OJ2PZFQYGM25
B089G7BP7D,A1OJ2PZFQYGM25
B089B6RG74,A1OJ2PZFQYGM25
B088W9MLMS,A1OJ2PZFQYGM25
B088SB14L9,A1OJ2PZFQYGM25
B088RLPZSL,A1OJ2PZFQYGM25
B0885WQ58L,A1OJ2PZFQYGM25
B0876FSSQK,A1OJ2PZFQYGM25
B085TMF9D5,A1OJ2PZFQYGM25
B082P5WYR1,A1OJ2PZFQYGM25
B07ZSHDBTL,A1OJ2PZFQYGM25
B07ZMHLHMM,A1OJ2PZFQYGM25
B07ZFRP967,A1OJ2PZFQYGM25
B07ZFF7T6B,A1OJ2PZFQYGM25
B07ZB9ZRVL,A1OJ2PZFQYGM25
B07YZSZ2PL,A1OJ2PZFQYGM25
B07Y3BZWPY,A1OJ2PZFQYGM25
B07DDFT3ZT,A1OJ2PZFQYGM25
B07C38YLMJ,A1OJ2PZFQYGM25
B077ZH6CZJ,A1OJ2PZFQYGM25
B06Y19644N,A1OJ2PZFQYGM25
B01M26NAWC,A1OJ2PZFQYGM25
B01LCVW2SS,A1OJ2PZFQYGM25
B01KXHCQTW,A1OJ2PZFQYGM25
B01KCQVHJ4,A1OJ2PZFQYGM25
B01DYYPO7C,A1OJ2PZFQYGM25
B0187ZT7QC,A1OJ2PZFQYGM25
B017085F4K,A1OJ2PZFQYGM25
B016N71AIO,A1OJ2PZFQYGM25
B00ZCX5BEA,A1OJ2PZFQYGM25
B00R7QSET4,A1OJ2PZFQYGM25
B00QZG68EK,A1OJ2PZFQYGM25
B00QYRK1PC,A1OJ2PZFQYGM25
B07XVJ4XSC,A1OJ2PZFQYGM25
B07XSPXL7T,A1OJ2PZFQYGM25
B07XSHBDV4,A1OJ2PZFQYGM25
B07X4WSN1M,A1OJ2PZFQYGM25
B07WW5KM9W,A1OJ2PZFQYGM25
B07WMQ3SGN,A1OJ2PZFQYGM25
B07WDHNRYZ,A1OJ2PZFQYGM25
B07WCSMQ2H,A1OJ2PZFQYGM25
B07W6PFZ54,A1OJ2PZFQYGM25
B07W3G8QS3,A1OJ2PZFQYGM25
B07VYNSSN5,A1OJ2PZFQYGM25
B07V5WY75V,A1OJ2PZFQYGM25
B07TLGKWP1,A1OJ2PZFQYGM25
B07PDNVB9F,A1OJ2PZFQYGM25
B07K5ZJ92C,A1OJ2PZFQYGM25
B07GH3WSHL,A1OJ2PZFQYGM25
B00QXK8HB0,A1OJ2PZFQYGM25
B00QUEV8NI,A1OJ2PZFQYGM25
B00QSEACG4,A1OJ2PZFQYGM25
B00QK83S9Q,A1OJ2PZFQYGM25
B00PCHSFJY,A1OJ2PZFQYGM25
B00PCHMOVE,A1OJ2PZFQYGM25
B00O91KSE4,A1OJ2PZFQYGM25
B00NFDEHLM,A1OJ2PZFQYGM25
B00NFDECG2,A1OJ2PZFQYGM25
B00NCS80JA,A1OJ2PZFQYGM25
B00IT0D6VI,A1OJ2PZFQYGM25
B00IQ5Q5XM,A1OJ2PZFQYGM25
B00IOXI0Q6,A1OJ2PZFQYGM25
B00IOXH5OY,A1OJ2PZFQYGM25
B00GKI423M,A1OJ2PZFQYGM25
B00F6C50ZC,A1OJ2PZFQYGM25
B00DYFS19K,A1OJ2PZFQYGM25
B00DYAPST6,A1OJ2PZFQYGM25
B00DKA3NJC,A1OJ2PZFQYGM25
B00BYFFUK0,A1OJ2PZFQYGM25
B00BS13RLY,A1OJ2PZFQYGM25
B00A11MN80,A1OJ2PZFQYGM25
B005PT3TF4,A1OJ2PZFQYGM25
B005OY7N7A,A1OJ2PZFQYGM25
B005ETK5P2,A1OJ2PZFQYGM25
B0055DSGXU,A1OJ2PZFQYGM25
B0050HC1BY,A1OJ2PZFQYGM25
B004JQXCLU,A1OJ2PZFQYGM25
B004J9GVD8,A1OJ2PZFQYGM25
B004D42750,A1OJ2PZFQYGM25
B003TXN0IY,A1OJ2PZFQYGM25
B003JF6372,A1OJ2PZFQYGM25
B003X5J3DO,A1OJ2PZFQYGM25
B004RFWZKW,A1OJ2PZFQYGM25
B07YBCDL14,A1OJ2PZFQYGM25
B08KJ9V1LC,A1OJ2PZFQYGM25
4908804753,A1OJ2PZFQYGM25
B001BLP66A,A1OJ2PZFQYGM25
B07XNZJQ6C,A1OJ2PZFQYGM25
B0BG2KSF75,A1OJ2PZFQYGM25
4908804745,A1OJ2PZFQYGM25
B01JCCK05G,A1OJ2PZFQYGM25
B097GFQMXL,A1OJ2PZFQYGM25
4908804699,A1OJ2PZFQYGM25
B00YW75KU2,A1OJ2PZFQYGM25
B07ZWHFKLP,A1OJ2PZFQYGM25
4866393165,A1OJ2PZFQYGM25
B0837DQ6ZL,A1OJ2PZFQYGM25
B000CSKHG2,A1OJ2PZFQYGM25
B000CQ47Q0,A1OJ2PZFQYGM25
B000CPM0D8,A1OJ2PZFQYGM25
B000C81UDG,A1OJ2PZFQYGM25
B000C81SLA,A1OJ2PZFQYGM25
B000C7WMNE,A1OJ2PZFQYGM25
B000B5PRQG,A1OJ2PZFQYGM25
B0006IYZBQ,A1OJ2PZFQYGM25
B0002FOEXC,A1OJ2PZFQYGM25
B00006B8H6,A1OJ2PZFQYGM25
4861136989,A1OJ2PZFQYGM25
B000MVR438,A1OJ2PZFQYGM25
4822255719,A1OJ2PZFQYGM25
B002YKBI8W,A1OJ2PZFQYGM25
4800720575,A1OJ2PZFQYGM25
B08ZWYY7KM,A1OJ2PZFQYGM25
4774518654,A1OJ2PZFQYGM25
B091N78YG1,A1OJ2PZFQYGM25
476127512X,A1OJ2PZFQYGM25
B07Y8VXPKZ,A1OJ2PZFQYGM25
459408608X,A1OJ2PZFQYGM25
B006K8NCLU,A1OJ2PZFQYGM25
4569901948,A1OJ2PZFQYGM25
B08QB6852X,A1OJ2PZFQYGM25
4522802188,A1OJ2PZFQYGM25
B08DNNYST4,A1OJ2PZFQYGM25
4296113682,A1OJ2PZFQYGM25
B008HQ79A8,A1OJ2PZFQYGM25
4054066895,A1OJ2PZFQYGM25
B000X3D7LS,A1OJ2PZFQYGM25
4046018143,A1OJ2PZFQYGM25
B09MTK3XB9,A1OJ2PZFQYGM25
4046011688,A1OJ2PZFQYGM25
B08LZQD73Z,A1OJ2PZFQYGM25
B07WPY5PK8,A1OJ2PZFQYGM25
B00YXGDTVY,A1OJ2PZFQYGM25
B007VLL8YS,A1OJ2PZFQYGM25
B003M8W79O,A1OJ2PZFQYGM25
B000K0R648,A1OJ2PZFQYGM25
B0BV9C2LDD,A1OJ2PZFQYGM25
B0B17QYTNV,A1OJ2PZFQYGM25
B09Q5SKW2L,A1OJ2PZFQYGM25
B09H3BN3D7,A1OJ2PZFQYGM25
B099W9XMX1,A1OJ2PZFQYGM25
B0977R2RDJ,A1OJ2PZFQYGM25
B08ZHZ1R4N,A1OJ2PZFQYGM25
B08YN55VKP,A1OJ2PZFQYGM25
B08WHGWY1B,A1OJ2PZFQYGM25
B08R9WDV51,A1OJ2PZFQYGM25
B08LQBDGF9,A1OJ2PZFQYGM25
B08LFZ5RNZ,A1OJ2PZFQYGM25
B08L7BFGJJ,A1OJ2PZFQYGM25
B08B82TW9H,A1OJ2PZFQYGM25
B089K4HVG4,A1OJ2PZFQYGM25
B088QK2PJQ,A1OJ2PZFQYGM25
B088DL42TG,A1OJ2PZFQYGM25
B08884KMJR,A1OJ2PZFQYGM25
B087C7JW35,A1OJ2PZFQYGM25
B003HBWPKC,A1OJ2PZFQYGM25
B003FROW40,A1OJ2PZFQYGM25
B0039ZEUDG,A1OJ2PZFQYGM25
B003175PMM,A1OJ2PZFQYGM25
B0030W8H6O,A1OJ2PZFQYGM25
B002HNNYJC,A1OJ2PZFQYGM25
B001PZBAJO,A1OJ2PZFQYGM25
B001LKN22Q,A1OJ2PZFQYGM25
B001FJ2KVW,A1OJ2PZFQYGM25
B0017DNHCM,A1OJ2PZFQYGM25
B000RFT9SW,A1OJ2PZFQYGM25
B000OCOAW8,A1OJ2PZFQYGM25
B000LF6508,A1OJ2PZFQYGM25
B000KC6KFM,A1OJ2PZFQYGM25
B000K6DHHW,A1OJ2PZFQYGM25
B000HE8OZW,A1OJ2PZFQYGM25
B08677M3ZG,A1OJ2PZFQYGM25
B085HV6NP3,A1OJ2PZFQYGM25
B0849YK1RD,A1OJ2PZFQYGM25
B082MP89H4,A1OJ2PZFQYGM25
B081HYKHB7,A1OJ2PZFQYGM25
B07ZZJ2F8T,A1OJ2PZFQYGM25
B07ZG3J3GK,A1OJ2PZFQYGM25
B07Z6DTTQD,A1OJ2PZFQYGM25
B07Z59FBTM,A1OJ2PZFQYGM25
B07Y8QZCCN,A1OJ2PZFQYGM25
B07Y8QQCBM,A1OJ2PZFQYGM25
B07X4JKW2V,A1OJ2PZFQYGM25
B07W5L3GZV,A1OJ2PZFQYGM25
B07W5FF3D9,A1OJ2PZFQYGM25
B07VWHFXVQ,A1OJ2PZFQYGM25
B07V7Z4KLP,A1OJ2PZFQYGM25
B07V6D8S76,A1OJ2PZFQYGM25
B07LCSWCLJ,A1OJ2PZFQYGM25
B07HQM3V27,A1OJ2PZFQYGM25
B07GKH6LXT,A1OJ2PZFQYGM25
B07DKC7YVW,A1OJ2PZFQYGM25
B07B3HKWY2,A1OJ2PZFQYGM25
B074JHR7MF,A1OJ2PZFQYGM25
B01N8UBPRO,A1OJ2PZFQYGM25
B01LVV0G15,A1OJ2PZFQYGM25
B01L1A9N8W,A1OJ2PZFQYGM25
B01KZG619M,A1OJ2PZFQYGM25
B01K6SBW48,A1OJ2PZFQYGM25
B01J5LE334,A1OJ2PZFQYGM25
B01IBX5336,A1OJ2PZFQYGM25
B01HL55NSA,A1OJ2PZFQYGM25
B01GU9JXP2,A1OJ2PZFQYGM25
B01C6YEXPK,A1OJ2PZFQYGM25
B019SZ3TX2,A1OJ2PZFQYGM25
B014RM9E1M,A1OJ2PZFQYGM25
B010F8N6UW,A1OJ2PZFQYGM25
B00UB3AVZU,A1OJ2PZFQYGM25
B00QZG61D8,A1OJ2PZFQYGM25
B00QW1X7CY,A1OJ2PZFQYGM25
B00QSZHN6A,A1OJ2PZFQYGM25
B00QPFCDZO,A1OJ2PZFQYGM25
B00QPFBWNI,A1OJ2PZFQYGM25
B00O7Z167K,A1OJ2PZFQYGM25
B00N8LWYNE,A1OJ2PZFQYGM25
B00MBVGDXO,A1OJ2PZFQYGM25
B00LB7N2QK,A1OJ2PZFQYGM25
B00IPHDBFG,A1OJ2PZFQYGM25
B00I87PXZE,A1OJ2PZFQYGM25
B00HSMDKCI,A1OJ2PZFQYGM25
B00CWZNIF0,A1OJ2PZFQYGM25
B00CUD2OC2,A1OJ2PZFQYGM25
B00CTS9OD0,A1OJ2PZFQYGM25
B007Z3WJHM,A1OJ2PZFQYGM25
B005KPIO6W,A1OJ2PZFQYGM25
B005AR47MU,A1OJ2PZFQYGM25
B0050C865O,A1OJ2PZFQYGM25
B004GCR5UG,A1OJ2PZFQYGM25
B004D3ZHLC,A1OJ2PZFQYGM25
B00449ZYS6,A1OJ2PZFQYGM25
B0041PKJNS,A1OJ2PZFQYGM25
B003ZZGAV0,A1OJ2PZFQYGM25
B003N5Q0FI,A1OJ2PZFQYGM25
B003N17QNC,A1OJ2PZFQYGM25
B003B3SL4U,A1OJ2PZFQYGM25
B0038OOWZE,A1OJ2PZFQYGM25
B0035GUH7M,A1OJ2PZFQYGM25
B0035GSAWQ,A1OJ2PZFQYGM25
B0034JQRPQ,A1OJ2PZFQYGM25
B002LB42NM,A1OJ2PZFQYGM25
B002JCDSAQ,A1OJ2PZFQYGM25
B002EP4N70,A1OJ2PZFQYGM25
B001VB35WC,A1OJ2PZFQYGM25
B001H9UE40,A1OJ2PZFQYGM25
B001GI0S3Y,A1OJ2PZFQYGM25
B001GCU934,A1OJ2PZFQYGM25
B001G9NP7O,A1OJ2PZFQYGM25
B001C3F2MK,A1OJ2PZFQYGM25
B000XBEK84,A1OJ2PZFQYGM25
B000VVZUWQ,A1OJ2PZFQYGM25
B000GTXDWC,A1OJ2PZFQYGM25
B000EVRJJK,A1OJ2PZFQYGM25
B000C2C1TE,A1OJ2PZFQYGM25
B0006NNOQ8,A1OJ2PZFQYGM25
B0006NIL8Y,A1OJ2PZFQYGM25
B000289C72,A1OJ2PZFQYGM25
1618543288,A1OJ2PZFQYGM25
108750581X,A1OJ2PZFQYGM25
B002G223TG,A1OJ2PZFQYGM25
4061590928,A1OJ2PZFQYGM25
B07MVL2VXJ,A1OJ2PZFQYGM25
4041602467,A1OJ2PZFQYGM25
B002VVQ4T2,A1OJ2PZFQYGM25
B0892X5TG8,A1OJ2PZFQYGM25
B07ZLF8SF3,A1OJ2PZFQYGM25
B01IBX1Z2E,A1OJ2PZFQYGM25
B003CUVS0G,A1OJ2PZFQYGM25
B08W26PC13,A1OJ2PZFQYGM25
B088GVDZ8N,A1OJ2PZFQYGM25
B077B25PLX,A1OJ2PZFQYGM25
B002RHPARC,A1OJ2PZFQYGM25
B0BYS2GK2S,A1OJ2PZFQYGM25
B0BKPZFZY2,A1OJ2PZFQYGM25
B0BFQFXYXH,A1OJ2PZFQYGM25
4799322141,A1OJ2PZFQYGM25
B07XFLDP3S,A1OJ2PZFQYGM25
B000006NPW,A1OJ2PZFQYGM25
B07Z74RHD4,A1OJ2PZFQYGM25
4776212986,A1OJ2PZFQYGM25
B07WGQYV4G,A1OJ2PZFQYGM25
B000630A2E,A1OJ2PZFQYGM25
4635823946,A1OJ2PZFQYGM25
B07QHSJ72F,A1OJ2PZFQYGM25
B08V8FYRSZ,A1OJ2PZFQYGM25
4569847137,A1OJ2PZFQYGM25
B01KM0N7CK,A1OJ2PZFQYGM25
B07XZSMVLB,A1OJ2PZFQYGM25
453108117X,A1OJ2PZFQYGM25
B00BFPAI88,A1OJ2PZFQYGM25
4478110360,A1OJ2PZFQYGM25
B09JHSMG92,A1OJ2PZFQYGM25
B09H3JSTKY,A1OJ2PZFQYGM25
B09H3JKFGB,A1OJ2PZFQYGM25
B099PK5NPG,A1OJ2PZFQYGM25
B08NYXDC5Z,A1OJ2PZFQYGM25
B08FR469DV,A1OJ2PZFQYGM25
B08FBMC3W1,A1OJ2PZFQYGM25
B08B9J9RMH,A1OJ2PZFQYGM25
B08B8WRNW2,A1OJ2PZFQYGM25
B08B8WJD2C,A1OJ2PZFQYGM25
B08B8DF42F,A1OJ2PZFQYGM25
B089SWBL2G,A1OJ2PZFQYGM25
B0892GV3KC,A1OJ2PZFQYGM25
B088T348ZC,A1OJ2PZFQYGM25
B0881J3PMC,A1OJ2PZFQYGM25
B087RBT5K7,A1OJ2PZFQYGM25
B086ZMN7S9,A1OJ2PZFQYGM25
B085W1R1YJ,A1OJ2PZFQYGM25
B084WQ7V1M,A1OJ2PZFQYGM25
B083HM45T5,A1OJ2PZFQYGM25
B082K65K9B,A1OJ2PZFQYGM25
B0829DXFXL,A1OJ2PZFQYGM25
B07ZT3ZPP7,A1OJ2PZFQYGM25
B07Z5GS5WS,A1OJ2PZFQYGM25
B07YNMTT1Q,A1OJ2PZFQYGM25
B07XP1MD4L,A1OJ2PZFQYGM25
B07XGV3FSL,A1OJ2PZFQYGM25
B07WCSRJFP,A1OJ2PZFQYGM25
B07V8LT5CR,A1OJ2PZFQYGM25
B07TT12JX2,A1OJ2PZFQYGM25
B07RQ9ZCPV,A1OJ2PZFQYGM25
B07HF6Y2XW,A1OJ2PZFQYGM25
B0156PGZ3O,A1OJ2PZFQYGM25
B0141NWIU6,A1OJ2PZFQYGM25
B010RBJODU,A1OJ2PZFQYGM25
B010FSD65C,A1OJ2PZFQYGM25
B00YWQSQZ4,A1OJ2PZFQYGM25
B00U7YOD0C,A1OJ2PZFQYGM25
B00S04FL2K,A1OJ2PZFQYGM25
B00QVYUIYW,A1OJ2PZFQYGM25
B00QSUIOOK,A1OJ2PZFQYGM25
B00QSBYBIW,A1OJ2PZFQYGM25
B00KAGSBI2,A1OJ2PZFQYGM25
B00DYA08V4,A1OJ2PZFQYGM25
B00DY9GJXQ,A1OJ2PZFQYGM25
B00DIAVWE2,A1OJ2PZFQYGM25
B00CKSLTTG,A1OJ2PZFQYGM25
B00C20LBP4,A1OJ2PZFQYGM25
B00BYQ5162,A1OJ2PZFQYGM25
B00BW6979Q,A1OJ2PZFQYGM25
B00BT54XJO,A1OJ2PZFQYGM25
B00BEYDCKQ,A1OJ2PZFQYGM25
B009Q79MLQ,A1OJ2PZFQYGM25
B009M59M4Y,A1OJ2PZFQYGM25
B009558PQC,A1OJ2PZFQYGM25
B008XCTKP8,A1OJ2PZFQYGM25
B007ZT27EQ,A1OJ2PZFQYGM25
B007V0KQEC,A1OJ2PZFQYGM25
B005Y006LO,A1OJ2PZFQYGM25
B005JCZ57W,A1OJ2PZFQYGM25
B005AR47NY,A1OJ2PZFQYGM25
B0055DQWEU,A1OJ2PZFQYGM25
B004Y1POHK,A1OJ2PZFQYGM25
B004N829D6,A1OJ2PZFQYGM25
B07H7S4GK7,A1OJ2PZFQYGM25
B0711M1CG8,A1OJ2PZFQYGM25
B06XF9VTMZ,A1OJ2PZFQYGM25
B01M66ASND,A1OJ2PZFQYGM25
B01M0S5NI6,A1OJ2PZFQYGM25
B01LT5N1NC,A1OJ2PZFQYGM25
B01K1N29JA,A1OJ2PZFQYGM25
B01IAFTU7K,A1OJ2PZFQYGM25
B01IAFTS5Y,A1OJ2PZFQYGM25
B01HYEAR5C,A1OJ2PZFQYGM25
B01HYEAOUU,A1OJ2PZFQYGM25
B01HYEANVU,A1OJ2PZFQYGM25
B01HYE9YBK,A1OJ2PZFQYGM25
B01BNZX5C0,A1OJ2PZFQYGM25
B01AYAOV2I,A1OJ2PZFQYGM25
B015EJ1NK2,A1OJ2PZFQYGM25
B004N1LTP2,A1OJ2PZFQYGM25
B004KZ9ZWU,A1OJ2PZFQYGM25
B004J9BTRG,A1OJ2PZFQYGM25
B004HOGA68,A1OJ2PZFQYGM25
B004GCR27C,A1OJ2PZFQYGM25
B003VV3322,A1OJ2PZFQYGM25
B003DU91WW,A1OJ2PZFQYGM25
B0031H2TIA,A1OJ2PZFQYGM25
B003179JY2,A1OJ2PZFQYGM25
B002W7XPCY,A1OJ2PZFQYGM25
B002U9GKZ8,A1OJ2PZFQYGM25
B002SRLRAK,A1OJ2PZFQYGM25
B002Q6FHV8,A1OJ2PZFQYGM25
B002NJX4RW,A1OJ2PZFQYGM25
B002JKB31Y,A1OJ2PZFQYGM25
B001ULQKTI,A1OJ2PZFQYGM25
B07ZDN2K14,A1OJ2PZFQYGM25
B08XLDWHGV,A1OJ2PZFQYGM25
B07XD9WGV6,A1OJ2PZFQYGM25
B079JRM1Z6,A1OJ2PZFQYGM25
4908804451,A1OJ2PZFQYGM25
B00ALVMGD2,A1OJ2PZFQYGM25
B0000AYJNG,A1OJ2PZFQYGM25
8374580038,A1OJ2PZFQYGM25
B09W3Z3TDF,A1OJ2PZFQYGM25
4838730101,A1OJ2PZFQYGM25
B06XD3W8QD,A1OJ2PZFQYGM25
B081ZPGGMR,A1OJ2PZFQYGM25
B06XB1BVYD,A1OJ2PZFQYGM25
4823301773,A1OJ2PZFQYGM25
B003BZO05C,A1OJ2PZFQYGM25
B081ZFD9TQ,A1OJ2PZFQYGM25
B07Q498XSZ,A1OJ2PZFQYGM25
4813286631,A1OJ2PZFQYGM25
B081ZDZ3GV,A1OJ2PZFQYGM25
B01HEVQFGA,A1OJ2PZFQYGM25
4767828317,A1OJ2PZFQYGM25
B08121NR72,A1OJ2PZFQYGM25
B01L9YXVEW,A1OJ2PZFQYGM25
4752980983,A1OJ2PZFQYGM25
B07XNW7ZL8,A1OJ2PZFQYGM25
B009LQPSBA,A1OJ2PZFQYGM25
4635063305,A1OJ2PZFQYGM25
B00DJPLO6M,A1OJ2PZFQYGM25
B09GDP8N78,A1OJ2PZFQYGM25
4635063062,A1OJ2PZFQYGM25
B000BR2SQ6,A1OJ2PZFQYGM25
4582761925,A1OJ2PZFQYGM25
B0012YMV50,A1OJ2PZFQYGM25
4578234053,A1OJ2PZFQYGM25
B083K9SV8J,A1OJ2PZFQYGM25
4569845975,A1OJ2PZFQYGM25
B0BDMVN6Q5,A1OJ2PZFQYGM25
4469268828,A1OJ2PZFQYGM25
B07WFJFGQG,A1OJ2PZFQYGM25
4093884692,A1OJ2PZFQYGM25
B0BHSF7YFQ,A1OJ2PZFQYGM25
4065209358,A1OJ2PZFQYGM25
B0BDJX4CF7,A1OJ2PZFQYGM25
4062820641,A1OJ2PZFQYGM25
B07DPGPRZ3,A1OJ2PZFQYGM25
4046042052,A1OJ2PZFQYGM25
B0001KKUJU,A1OJ2PZFQYGM25
B0000CD9WN,A1OJ2PZFQYGM25
B0BHSF2NRY,A1OJ2PZFQYGM25
B07Y2XY1XQ,A1OJ2PZFQYGM25
B0000224UQ,A1OJ2PZFQYGM25
B0052XLJ4Q,A1OJ2PZFQYGM25
B001THAJRC,A1OJ2PZFQYGM25
B0BZTCHBXV,A1OJ2PZFQYGM25
B0BZTC9489,A1OJ2PZFQYGM25
B0BZT8G314,A1OJ2PZFQYGM25
4334046142,A1OJ2PZFQYGM25
B000NQPSXK,A1OJ2PZFQYGM25
B0C27ZLVBR,A1OJ2PZFQYGM25
4091912699,A1OJ2PZFQYGM25
B099NZMGVL,A1OJ2PZFQYGM25
B09L7XNBJB,A1OJ2PZFQYGM25
4022518227,A1OJ2PZFQYGM25
B091PFM5NT,A1OJ2PZFQYGM25
B01LYEBRT8,A1OJ2PZFQYGM25
B089T9129F,A1OJ2PZFQYGM25
B0B62G5LRF,A1OJ2PZFQYGM25
B0B43489S7,A1OJ2PZFQYGM25
B09VD7QPX9,A1OJ2PZFQYGM25
B09K4DJ6K9,A1OJ2PZFQYGM25
B09JG9PTLR,A1OJ2PZFQYGM25
B09H3JLBRK,A1OJ2PZFQYGM25
B09H3HXG9K,A1OJ2PZFQYGM25
B09FKWXHFN,A1OJ2PZFQYGM25
B095DR9R46,A1OJ2PZFQYGM25
B0938SHTNR,A1OJ2PZFQYGM25
B08ZS16MP2,A1OJ2PZFQYGM25
B08YKH2HHX,A1OJ2PZFQYGM25
B08YJL51PN,A1OJ2PZFQYGM25
B08W3RGB24,A1OJ2PZFQYGM25
B08VZCD1SP,A1OJ2PZFQYGM25
B08NMPJ2BG,A1OJ2PZFQYGM25
B001ULD0BY,A1OJ2PZFQYGM25
B001UIGJ92,A1OJ2PZFQYGM25
B001THJZPE,A1OJ2PZFQYGM25
B001TERFRM,A1OJ2PZFQYGM25
B001QUV6E2,A1OJ2PZFQYGM25
B001O7ODIS,A1OJ2PZFQYGM25
B001NZOAMU,A1OJ2PZFQYGM25
B001IZYP20,A1OJ2PZFQYGM25
B001EFYBOQ,A1OJ2PZFQYGM25
B001D0C5CC,A1OJ2PZFQYGM25
B000S6C93W,A1OJ2PZFQYGM25
B000KF4BUK,A1OJ2PZFQYGM25
B000CPZX82,A1OJ2PZFQYGM25
B000C81UFY,A1OJ2PZFQYGM25
B0007D20LM,A1OJ2PZFQYGM25
B00068XOZO,A1OJ2PZFQYGM25
B08MB7DNPN,A1OJ2PZFQYGM25
B08M5ZTZ96,A1OJ2PZFQYGM25
B08KWT7VG9,A1OJ2PZFQYGM25
B08G1HSHX1,A1OJ2PZFQYGM25
B08FF946HF,A1OJ2PZFQYGM25
B08BRGLFFJ,A1OJ2PZFQYGM25
B08BLLQVSH,A1OJ2PZFQYGM25
B0898NDP72,A1OJ2PZFQYGM25
B0894F39H6,A1OJ2PZFQYGM25
B088T3PRKX,A1OJ2PZFQYGM25
B0885VYY1B,A1OJ2PZFQYGM25
B085GLJV7H,A1OJ2PZFQYGM25
B0843JW4N4,A1OJ2PZFQYGM25
B082BVK2VX,A1OJ2PZFQYGM25
B081RSSFX3,A1OJ2PZFQYGM25
B081PDZJDP,A1OJ2PZFQYGM25
B07HD8WNQ8,A1OJ2PZFQYGM25
B07G86P5JV,A1OJ2PZFQYGM25
B07FMXJ8WK,A1OJ2PZFQYGM25
B07BSRMGMT,A1OJ2PZFQYGM25
B072JH2J47,A1OJ2PZFQYGM25
B01LYLSPA2,A1OJ2PZFQYGM25
B01JM9JKO6,A1OJ2PZFQYGM25
B01IT9F9QI,A1OJ2PZFQYGM25
B01IG4CLZ8,A1OJ2PZFQYGM25
B01IAFU0B0,A1OJ2PZFQYGM25
B01IAFTVB0,A1OJ2PZFQYGM25
B01HAL1F96,A1OJ2PZFQYGM25
B01FR4N0X2,A1OJ2PZFQYGM25
B01BXDXAIG,A1OJ2PZFQYGM25
B019IH7IGE,A1OJ2PZFQYGM25
B016N7BKRA,A1OJ2PZFQYGM25
B013H1Q0NY,A1OJ2PZFQYGM25
B010VG4MLK,A1OJ2PZFQYGM25
B00YWNXZ0I,A1OJ2PZFQYGM25
B00Y1PT3VM,A1OJ2PZFQYGM25
B00XUQ0CV8,A1OJ2PZFQYGM25
B00QUN58VC,A1OJ2PZFQYGM25
B00QU3RLIA,A1OJ2PZFQYGM25
B00OX6QZE2,A1OJ2PZFQYGM25
B00NIDZF0G,A1OJ2PZFQYGM25
B00M29CEK6,A1OJ2PZFQYGM25
B00KZC13AO,A1OJ2PZFQYGM25
B00KSW649G,A1OJ2PZFQYGM25
B00ILH2ZQG,A1OJ2PZFQYGM25
B00H4GE5IG,A1OJ2PZFQYGM25
B00FA603JM,A1OJ2PZFQYGM25
B00F918IUE,A1OJ2PZFQYGM25
B00F8LR6HG,A1OJ2PZFQYGM25
B00DYFN6FY,A1OJ2PZFQYGM25
B00DW59MRM,A1OJ2PZFQYGM25
B00DKA47X8,A1OJ2PZFQYGM25
B00CF7DTUE,A1OJ2PZFQYGM25
B00CBZ1FYC,A1OJ2PZFQYGM25
B00BT5DE4Y,A1OJ2PZFQYGM25
