item,source
B01D3BNLWQ,A3RIXSMCG9L0F1
B01D3BFY5S,A3RIXSMCG9L0F1
B01D37GHJO,A3RIXSMCG9L0F1
B01D278W20,A3RIXSMCG9L0F1
B01C6R73GI,A3RIXSMCG9L0F1
B007L62H9I,A3RIXSMCG9L0F1
B0033CE8T6,A3RIXSMCG9L0F1
B0013O830Q,A3RIXSMCG9L0F1
B08R5VB2G4,A3RIXSMCG9L0F1
B08XQ6C4VR,A3RIXSMCG9L0F1
B086X1VYJX,A3RIXSMCG9L0F1
B0D1TXS5WL,A3RIXSMCG9L0F1
B09Q6KFNJN,A3RIXSMCG9L0F1
B08G4KRQJQ,A3RIXSMCG9L0F1
B0D3WV7Q18,A3RIXSMCG9L0F1
B0D295VJ24,A3RIXSMCG9L0F1
B09FT2CDDY,A3RIXSMCG9L0F1
B093SXFDLT,A3RIXSMCG9L0F1
B0CM3QDP8B,A3RIXSMCG9L0F1
B08Q3RGKB9,A3RIXSMCG9L0F1
B0DRL8ZK56,A3RIXSMCG9L0F1
B07TVFQKFW,A3RIXSMCG9L0F1
B01EBB481A,A3RIXSMCG9L0F1
B07TG22226,A3RIXSMCG9L0F1
B0BR6GGSLG,A3RIXSMCG9L0F1
B096L1RMVL,A3RIXSMCG9L0F1
B0CKP5JWWM,A3RIXSMCG9L0F1
B09VC7PWLP,A3RIXSMCG9L0F1
B0CY2QLK8G,A3RIXSMCG9L0F1
B002XQ3IT4,A3RIXSMCG9L0F1
B07RYTXGGD,A3RIXSMCG9L0F1
B07VPW35N1,A3RIXSMCG9L0F1
B08BNFVBRT,A3RIXSMCG9L0F1
B081M6DBJ7,A3RIXSMCG9L0F1
B0B5N49LHZ,A3RIXSMCG9L0F1
B079NCTBGN,A3RIXSMCG9L0F1
B077XHC6XX,A3RIXSMCG9L0F1
B015YH8AA0,A3RIXSMCG9L0F1
B0DT4QBN1D,A3RIXSMCG9L0F1
B0DT19V7T1,A3RIXSMCG9L0F1
B0DS1QRTMM,A3RIXSMCG9L0F1
B0DQNLSH43,A3RIXSMCG9L0F1
B0DPWX8Q6Y,A3RIXSMCG9L0F1
B0DLKXZKXP,A3RIXSMCG9L0F1
B0DHRTVN7Z,A3RIXSMCG9L0F1
B0DHCKVP44,A3RIXSMCG9L0F1
B0DH29JMW5,A3RIXSMCG9L0F1
B0DDY6D1J6,A3RIXSMCG9L0F1
B0DDK8CSTZ,A3RIXSMCG9L0F1
B0D9Q7BVRG,A3RIXSMCG9L0F1
B07282MFPN,A3RIXSMCG9L0F1
B09XBRYC62,A3RIXSMCG9L0F1
B073YPP2TH,A3RIXSMCG9L0F1
B071L6WBLP,A3RIXSMCG9L0F1
B09T3JY6W4,A3RIXSMCG9L0F1
B082CV9NRY,A3RIXSMCG9L0F1
B01N56ZNDX,A3RIXSMCG9L0F1
987166303X,A3RIXSMCG9L0F1
B0D9GZNY3F,A3RIXSMCG9L0F1
B0D8VJ8JGD,A3RIXSMCG9L0F1
B0D8TJTFBV,A3RIXSMCG9L0F1
B0D89L548L,A3RIXSMCG9L0F1
B0D81DW2HN,A3RIXSMCG9L0F1
B0D7BPD955,A3RIXSMCG9L0F1
B0D6YJ4HWX,A3RIXSMCG9L0F1
B0D5B45NNG,A3RIXSMCG9L0F1
B0D4YRT7WS,A3RIXSMCG9L0F1
B0D4TLWFK4,A3RIXSMCG9L0F1
B0D2MPR2ZZ,A3RIXSMCG9L0F1
B0D125Z15Z,A3RIXSMCG9L0F1
B0CZ6ZFYZ8,A3RIXSMCG9L0F1
B0CYKN1NHS,A3RIXSMCG9L0F1
B0CXWNDJZT,A3RIXSMCG9L0F1
B0CXP34DHY,A3RIXSMCG9L0F1
B0B5TR19Q1,A3RIXSMCG9L0F1
B0B4JYLGK6,A3RIXSMCG9L0F1
B0B2PZ48TT,A3RIXSMCG9L0F1
B09ZQMTGRW,A3RIXSMCG9L0F1
B09Y8YXWB4,A3RIXSMCG9L0F1
B09XHN5JP3,A3RIXSMCG9L0F1
B09WYPYMX9,A3RIXSMCG9L0F1
B09WMXVGRX,A3RIXSMCG9L0F1
B09RQ1HNPB,A3RIXSMCG9L0F1
B09MCW1G3G,A3RIXSMCG9L0F1
B09GXWB54W,A3RIXSMCG9L0F1
B095STHFN5,A3RIXSMCG9L0F1
B09495CD1Q,A3RIXSMCG9L0F1
B08VR9HYC7,A3RIXSMCG9L0F1
B08PBGLL7T,A3RIXSMCG9L0F1
B08LNYFNST,A3RIXSMCG9L0F1
B0CWQN9W95,A3RIXSMCG9L0F1
B0CWLK2W1H,A3RIXSMCG9L0F1
B0CVJDWZ67,A3RIXSMCG9L0F1
B0CTZTM42L,A3RIXSMCG9L0F1
B0CTKL53KW,A3RIXSMCG9L0F1
B0CTH5J9YR,A3RIXSMCG9L0F1
B0CT5HWHZG,A3RIXSMCG9L0F1
B0CRYRRV15,A3RIXSMCG9L0F1
B0CRDJKRTB,A3RIXSMCG9L0F1
B0CR6BH45M,A3RIXSMCG9L0F1
B0CQP7J4HS,A3RIXSMCG9L0F1
B0CQKNYMGW,A3RIXSMCG9L0F1
B0CPXVSK9K,A3RIXSMCG9L0F1
B0CNSXKWMW,A3RIXSMCG9L0F1
B0CMW5W3RV,A3RIXSMCG9L0F1
B0CMTMW93V,A3RIXSMCG9L0F1
B0CMGPPZV5,A3RIXSMCG9L0F1
B0CL9FJ3JD,A3RIXSMCG9L0F1
B0CJ4SPSHP,A3RIXSMCG9L0F1
B0CH4JVLYX,A3RIXSMCG9L0F1
B0CGYY7M99,A3RIXSMCG9L0F1
B0CFV1TZNX,A3RIXSMCG9L0F1
B0CFF13GGH,A3RIXSMCG9L0F1
B0CFD7J252,A3RIXSMCG9L0F1
B0CDJGRXY2,A3RIXSMCG9L0F1
B0CC8RV6WQ,A3RIXSMCG9L0F1
B0CBPKTKMW,A3RIXSMCG9L0F1
B0CB34Y4GB,A3RIXSMCG9L0F1
B0C8FX1N9Z,A3RIXSMCG9L0F1
B0C6P5K7QM,A3RIXSMCG9L0F1
B0C4XH6JDJ,A3RIXSMCG9L0F1
B0C4T5F8QY,A3RIXSMCG9L0F1
B0BDYFW4SP,A3RIXSMCG9L0F1
B0DS235FW1,A3RIXSMCG9L0F1
B09GL8HNG5,A3RIXSMCG9L0F1
B09PTC8HN5,A3RIXSMCG9L0F1
B07GYBHK4D,A3RIXSMCG9L0F1
B0D7B9KBF9,A3RIXSMCG9L0F1
B0CSFNY1SW,A3RIXSMCG9L0F1
B0B2J2LV2N,A3RIXSMCG9L0F1
B09X2G8ZWK,A3RIXSMCG9L0F1
B09X168DNK,A3RIXSMCG9L0F1
B09TFBB455,A3RIXSMCG9L0F1
B09NS2HV62,A3RIXSMCG9L0F1
B099DHNCQ7,A3RIXSMCG9L0F1
B098CTVP8J,A3RIXSMCG9L0F1
B09785F6Q4,A3RIXSMCG9L0F1
B0977KRJ8T,A3RIXSMCG9L0F1
B09224BPDS,A3RIXSMCG9L0F1
B0916WW81G,A3RIXSMCG9L0F1
B08LMGLM18,A3RIXSMCG9L0F1
B08G4KG3DS,A3RIXSMCG9L0F1
B08DQ9D9QG,A3RIXSMCG9L0F1
B08C9FM586,A3RIXSMCG9L0F1
B08528CSH1,A3RIXSMCG9L0F1
B078BMTPNV,A3RIXSMCG9L0F1
B077GFFGCG,A3RIXSMCG9L0F1
B06X193YS8,A3RIXSMCG9L0F1
B06WGN1S76,A3RIXSMCG9L0F1
B06W53NDR3,A3RIXSMCG9L0F1
B06VVJSLB3,A3RIXSMCG9L0F1
B01M74NALC,A3RIXSMCG9L0F1
B01M3XSN19,A3RIXSMCG9L0F1
B01D9T0Q3E,A3RIXSMCG9L0F1
B01D5F3Y0E,A3RIXSMCG9L0F1
B01D3BJM3I,A3RIXSMCG9L0F1
B01D274M0Q,A3RIXSMCG9L0F1
B009K2O62M,A3RIXSMCG9L0F1
B009D1VHHW,A3RIXSMCG9L0F1
B08FXN2RTV,A3RIXSMCG9L0F1
B08D8W9LNN,A3RIXSMCG9L0F1
B08C9MQ2GN,A3RIXSMCG9L0F1
B088LJ64Y8,A3RIXSMCG9L0F1
B085S664J2,A3RIXSMCG9L0F1
B083ZNC21S,A3RIXSMCG9L0F1
B083FF24PB,A3RIXSMCG9L0F1
B07Z89TCDH,A3RIXSMCG9L0F1
B07XYNVR7T,A3RIXSMCG9L0F1
B07RLB7R68,A3RIXSMCG9L0F1
B07QQGRB3Q,A3RIXSMCG9L0F1
B07H8MF7MF,A3RIXSMCG9L0F1
B07F7R4JJL,A3RIXSMCG9L0F1
B07CQKJT8F,A3RIXSMCG9L0F1
B07CDPLTTC,A3RIXSMCG9L0F1
B079G3L4H1,A3RIXSMCG9L0F1
B0CY4DWZ8N,A3RIXSMCG9L0F1
B0CW2ZN2N2,A3RIXSMCG9L0F1
B0CVV7M15Z,A3RIXSMCG9L0F1
B0CJ6YNFCY,A3RIXSMCG9L0F1
B0CGLWLQLP,A3RIXSMCG9L0F1
B0CF53YF1K,A3RIXSMCG9L0F1
B0CDX9XXRT,A3RIXSMCG9L0F1
B0CDR6FFK6,A3RIXSMCG9L0F1
B0CBTFVL4V,A3RIXSMCG9L0F1
B0CBBYH66K,A3RIXSMCG9L0F1
B0C9PPSXHZ,A3RIXSMCG9L0F1
B0C5C53YPY,A3RIXSMCG9L0F1
B0C4L2H8SR,A3RIXSMCG9L0F1
B0C4DSNPYQ,A3RIXSMCG9L0F1
B0C36DJQ14,A3RIXSMCG9L0F1
B0C2N3MDWQ,A3RIXSMCG9L0F1
B00FFK7M1K,A3RIXSMCG9L0F1
B0CHJ5BZ63,A3RIXSMCG9L0F1
B0B2CJJW1Q,A3RIXSMCG9L0F1
B09RVD8L3S,A3RIXSMCG9L0F1
B082G3P8PB,A3RIXSMCG9L0F1
B09HKNCQYN,A3RIXSMCG9L0F1
B0DTH8KV9F,A3RIXSMCG9L0F1
B07216WC38,A3RIXSMCG9L0F1
B0DR83R2KC,A3RIXSMCG9L0F1
B01DNT03VU,A3RIXSMCG9L0F1
B0DLWCPWZ6,A3RIXSMCG9L0F1
B0DD3TP6JN,A3RIXSMCG9L0F1
B0DCBPDYZY,A3RIXSMCG9L0F1
B0D73YJM9Y,A3RIXSMCG9L0F1
B0D1G34V63,A3RIXSMCG9L0F1
B0CZ7385X3,A3RIXSMCG9L0F1
B09Z6BDLWZ,A3RIXSMCG9L0F1
B09X9K1JTS,A3RIXSMCG9L0F1
B09WV2MX7L,A3RIXSMCG9L0F1
B09VP781QH,A3RIXSMCG9L0F1
B09STMW7PL,A3RIXSMCG9L0F1
B09SBCLXQQ,A3RIXSMCG9L0F1
B09NSJKWC6,A3RIXSMCG9L0F1
B09KJGZF2P,A3RIXSMCG9L0F1
B09B77Z5R7,A3RIXSMCG9L0F1
B099PQSH5J,A3RIXSMCG9L0F1
B099FFNQDJ,A3RIXSMCG9L0F1
B09928ZDV9,A3RIXSMCG9L0F1
B096FW96KQ,A3RIXSMCG9L0F1
B095SK3X39,A3RIXSMCG9L0F1
B091Q22KT5,A3RIXSMCG9L0F1
B08MQ7FJYG,A3RIXSMCG9L0F1
B0C3R1M7TM,A3RIXSMCG9L0F1
B0C2CHC54X,A3RIXSMCG9L0F1
B0C14J96SM,A3RIXSMCG9L0F1
B0BVVWLWRL,A3RIXSMCG9L0F1
B0BV2PZ9H3,A3RIXSMCG9L0F1
B0BS41SKLZ,A3RIXSMCG9L0F1
B0BJZJCN21,A3RIXSMCG9L0F1
B0BJZ546HQ,A3RIXSMCG9L0F1
B0BF4M511H,A3RIXSMCG9L0F1
B0BCYQRP7F,A3RIXSMCG9L0F1
B0BC6BWPGT,A3RIXSMCG9L0F1
B0BBQNW97T,A3RIXSMCG9L0F1
B0BBGDRKWW,A3RIXSMCG9L0F1
B0B914JGX2,A3RIXSMCG9L0F1
B0B5ZZWHV2,A3RIXSMCG9L0F1
B0B5ZBLQ2Z,A3RIXSMCG9L0F1
B0BYWRX57Y,A3RIXSMCG9L0F1
B0BYDKN8KZ,A3RIXSMCG9L0F1
B0BXPFDG17,A3RIXSMCG9L0F1
B0BR2NSZGB,A3RIXSMCG9L0F1
B0BLGSHLX3,A3RIXSMCG9L0F1
B0BG2LC4FZ,A3RIXSMCG9L0F1
B0BFKKQ88W,A3RIXSMCG9L0F1
B0BCWJDK6Q,A3RIXSMCG9L0F1
B0BCQ91HBY,A3RIXSMCG9L0F1
B0BCHPVTXZ,A3RIXSMCG9L0F1
B0BBFWKY97,A3RIXSMCG9L0F1
B0BB19NPHW,A3RIXSMCG9L0F1
B0B7KFNP81,A3RIXSMCG9L0F1
B0B631LRD3,A3RIXSMCG9L0F1
B0B4W7DK8K,A3RIXSMCG9L0F1
B0B1HWVZW8,A3RIXSMCG9L0F1
B002WHGG0W,A3RIXSMCG9L0F1
B07D3WK6HP,A3RIXSMCG9L0F1
B0BB6SNLVM,A3RIXSMCG9L0F1
B0CPTBRJ58,A3RIXSMCG9L0F1
B09NLZKWSM,A3RIXSMCG9L0F1
B09BGZQLND,A3RIXSMCG9L0F1
B09BF94CDD,A3RIXSMCG9L0F1
B085MZXJXK,A3RIXSMCG9L0F1
B0C2KLYHS6,A3RIXSMCG9L0F1
B07J5B6KDD,A3RIXSMCG9L0F1
B0BJ6XZJPT,A3RIXSMCG9L0F1
B07TGJDX3P,A3RIXSMCG9L0F1
B0D9FG7G5W,A3RIXSMCG9L0F1
B07CH3F9NC,A3RIXSMCG9L0F1
B09RWVF8W6,A3RIXSMCG9L0F1
B00CS7G3HM,A3RIXSMCG9L0F1
B07K5NKLX8,A3RIXSMCG9L0F1
B07F3XLVTL,A3RIXSMCG9L0F1
B0742LPSDX,A3RIXSMCG9L0F1
B0DM2QTPJC,A3RIXSMCG9L0F1
B0DFLMZ4NB,A3RIXSMCG9L0F1
B0DFHLWBLD,A3RIXSMCG9L0F1
B0D8H23GY3,A3RIXSMCG9L0F1
B09VPFB8N1,A3RIXSMCG9L0F1
B09V48MH8R,A3RIXSMCG9L0F1
B09674XZ7K,A3RIXSMCG9L0F1
B0899RF2MN,A3RIXSMCG9L0F1
B07Y4YYHRP,A3RIXSMCG9L0F1
B07RG7Q1XZ,A3RIXSMCG9L0F1
B0DXVF9PBW,A3RIXSMCG9L0F1
B0DTV5MNL9,A3RIXSMCG9L0F1
B0DTHJQS81,A3RIXSMCG9L0F1
B0DT6QCF6T,A3RIXSMCG9L0F1
B0DT1449VF,A3RIXSMCG9L0F1
B0DSW829JF,A3RIXSMCG9L0F1
B0DSVLYKDY,A3RIXSMCG9L0F1
B0DSSZM8NG,A3RIXSMCG9L0F1
B0DSPJXHDH,A3RIXSMCG9L0F1
B0DRVG1HRQ,A3RIXSMCG9L0F1
B0CRDDWBV6,A3RIXSMCG9L0F1
B099S966F3,A3RIXSMCG9L0F1
B0DFVWZSQR,A3RIXSMCG9L0F1
B07WGNLBZQ,A3RIXSMCG9L0F1
B09QRMJX55,A3RIXSMCG9L0F1
B07TFD9J1M,A3RIXSMCG9L0F1
B09WR2N6DP,A3RIXSMCG9L0F1
B07FCZ2L37,A3RIXSMCG9L0F1
B00MRCAVQC,A3RIXSMCG9L0F1
B07CBR4DHN,A3RIXSMCG9L0F1
B0DPHLVN47,A3RIXSMCG9L0F1
B01GIUHSGY,A3RIXSMCG9L0F1
B0CN91LFM1,A3RIXSMCG9L0F1
B01ETXC4KW,A3RIXSMCG9L0F1
B0BRTL2BFR,A3RIXSMCG9L0F1
B09NQMFZNW,A3RIXSMCG9L0F1
B09BJ4WMMD,A3RIXSMCG9L0F1
B0CQY215Y7,A3RIXSMCG9L0F1
B09N2F33GG,A3RIXSMCG9L0F1
B002YL39TC,A3RIXSMCG9L0F1
B0CJM86DGS,A3RIXSMCG9L0F1
B0B2KLX6V2,A3RIXSMCG9L0F1
B09MY7TQKD,A3RIXSMCG9L0F1
B095C3SZD6,A3RIXSMCG9L0F1
B0D9FCMMQY,A3RIXSMCG9L0F1
B0CJB5BRKD,A3RIXSMCG9L0F1
B0BK4FRNZB,A3RIXSMCG9L0F1
B0B65ZNLLJ,A3RIXSMCG9L0F1
B0DF7F1BMP,A3RIXSMCG9L0F1
B0CMTG3C4D,A3RIXSMCG9L0F1
B0CBBFTNJD,A3RIXSMCG9L0F1
B0C4Y12L5Y,A3RIXSMCG9L0F1
B08LR67T27,A3RIXSMCG9L0F1
B08KQ1ZX53,A3RIXSMCG9L0F1
B08GB32WDP,A3RIXSMCG9L0F1
B08FCDV299,A3RIXSMCG9L0F1
B08C6J3SB7,A3RIXSMCG9L0F1
B07NYMGSXD,A3RIXSMCG9L0F1
B07GTBZW62,A3RIXSMCG9L0F1
B07FRLZ9H3,A3RIXSMCG9L0F1
B07B4VKH69,A3RIXSMCG9L0F1
B074FCTRHX,A3RIXSMCG9L0F1
B00D2ZS27I,A3RIXSMCG9L0F1
B00BITTCAQ,A3RIXSMCG9L0F1
B00AWD5LHW,A3RIXSMCG9L0F1
B0D54F53PJ,A3RIXSMCG9L0F1
B0D53Y89ZW,A3RIXSMCG9L0F1
B0D4TQCXD5,A3RIXSMCG9L0F1
B0D46B116Q,A3RIXSMCG9L0F1
B0D3QHLVCY,A3RIXSMCG9L0F1
B0D2XY92RW,A3RIXSMCG9L0F1
B0D2VJXRJZ,A3RIXSMCG9L0F1
B0D2LLS13B,A3RIXSMCG9L0F1
B0D1XC99X3,A3RIXSMCG9L0F1
B0D12LW13D,A3RIXSMCG9L0F1
B0D11HVBB1,A3RIXSMCG9L0F1
B0CZJQJYXV,A3RIXSMCG9L0F1
B0CZF2GMZ8,A3RIXSMCG9L0F1
B0CYT6N22Z,A3RIXSMCG9L0F1
B0CYL7246K,A3RIXSMCG9L0F1
B0CYKVNZXF,A3RIXSMCG9L0F1
B0CXHQJVMK,A3RIXSMCG9L0F1
B0CX1NYML8,A3RIXSMCG9L0F1
B0CX1GJYGW,A3RIXSMCG9L0F1
B0CX1C5MQW,A3RIXSMCG9L0F1
B0CWVJ1NLN,A3RIXSMCG9L0F1
B0CWPMV9G8,A3RIXSMCG9L0F1
B0CWP92QXQ,A3RIXSMCG9L0F1
B0CWL72SMV,A3RIXSMCG9L0F1
B0CTKW9WN2,A3RIXSMCG9L0F1
B0CTKQQ9YX,A3RIXSMCG9L0F1
B0CTHDY3MR,A3RIXSMCG9L0F1
B0CT5RZ48G,A3RIXSMCG9L0F1
B0CT2F5FYZ,A3RIXSMCG9L0F1
B0CRT2S3W6,A3RIXSMCG9L0F1
B0CRR9ZCZQ,A3RIXSMCG9L0F1
B0CR9S93XG,A3RIXSMCG9L0F1
B09KN488WY,A3RIXSMCG9L0F1
B09KKKZKY6,A3RIXSMCG9L0F1
B09JYNDMNH,A3RIXSMCG9L0F1
B09HZG729P,A3RIXSMCG9L0F1
B09D2GJZWR,A3RIXSMCG9L0F1
B09CGP2ZG2,A3RIXSMCG9L0F1
B097F7RWKW,A3RIXSMCG9L0F1
B096RLW2RY,A3RIXSMCG9L0F1
B094ZRG6F3,A3RIXSMCG9L0F1
B092D957VK,A3RIXSMCG9L0F1
B08YRJQGC4,A3RIXSMCG9L0F1
B08Y74VNVK,A3RIXSMCG9L0F1
B08Y13Q76M,A3RIXSMCG9L0F1
B08XNQS2CM,A3RIXSMCG9L0F1
B08WR8T8XB,A3RIXSMCG9L0F1
B08TWHCKJB,A3RIXSMCG9L0F1
B0C3ZXMRKK,A3RIXSMCG9L0F1
B0C3QSTJ4S,A3RIXSMCG9L0F1
B0C3CX91QH,A3RIXSMCG9L0F1
B0C2YTZQ29,A3RIXSMCG9L0F1
B0C2T4K9F8,A3RIXSMCG9L0F1
B0C2CR84GM,A3RIXSMCG9L0F1
B0C2CC4392,A3RIXSMCG9L0F1
B0C285PPG6,A3RIXSMCG9L0F1
B0C285CJ99,A3RIXSMCG9L0F1
B0C1C7RM95,A3RIXSMCG9L0F1
B0C165SGQM,A3RIXSMCG9L0F1
B0BZYFW7JJ,A3RIXSMCG9L0F1
B0BZTX5RDN,A3RIXSMCG9L0F1
B0BYNNCCT4,A3RIXSMCG9L0F1
B0BXJ8T3HQ,A3RIXSMCG9L0F1
B0BVNVQZRX,A3RIXSMCG9L0F1
B0CLB7ZHSB,A3RIXSMCG9L0F1
B0CL9G4P1P,A3RIXSMCG9L0F1
B0CL9DJLT8,A3RIXSMCG9L0F1
B0CKYWNHBL,A3RIXSMCG9L0F1
B0CJV39SSJ,A3RIXSMCG9L0F1
B0CJRGYRNC,A3RIXSMCG9L0F1
B0CJB8HM1D,A3RIXSMCG9L0F1
B0CHM6H718,A3RIXSMCG9L0F1
B0CGRJJPRD,A3RIXSMCG9L0F1
B0CGLF54C4,A3RIXSMCG9L0F1
B0CGJ54VFH,A3RIXSMCG9L0F1
B0CFY16FS7,A3RIXSMCG9L0F1
B0CFG6RCVC,A3RIXSMCG9L0F1
B0CF56W6VW,A3RIXSMCG9L0F1
B0CDXQZCDR,A3RIXSMCG9L0F1
B0CD2D9K4F,A3RIXSMCG9L0F1
B0BGLR21GV,A3RIXSMCG9L0F1
B0BFDVYTTP,A3RIXSMCG9L0F1
B0BFCN7Z1F,A3RIXSMCG9L0F1
B0BD8DNFND,A3RIXSMCG9L0F1
B0BBG68H51,A3RIXSMCG9L0F1
B0B81QTWL2,A3RIXSMCG9L0F1
B0B81M4G5T,A3RIXSMCG9L0F1
B0B6PJDJT3,A3RIXSMCG9L0F1
B0B688LZ8F,A3RIXSMCG9L0F1
B0B464PDV9,A3RIXSMCG9L0F1
B0B419SRTJ,A3RIXSMCG9L0F1
B0B3154D9C,A3RIXSMCG9L0F1
B0B2KMM386,A3RIXSMCG9L0F1
B0B1WTTFHX,A3RIXSMCG9L0F1
B0B1KJHQ8P,A3RIXSMCG9L0F1
B09Y5789W4,A3RIXSMCG9L0F1
B0CR86N81X,A3RIXSMCG9L0F1
B0CQNSZ7DJ,A3RIXSMCG9L0F1
B0CQBXJHZD,A3RIXSMCG9L0F1
B0CPLWDJSJ,A3RIXSMCG9L0F1
B0CPHNRDFW,A3RIXSMCG9L0F1
B0CP7BGBKS,A3RIXSMCG9L0F1
B0CNVDLC9K,A3RIXSMCG9L0F1
B0CNSN74DF,A3RIXSMCG9L0F1
B0CN13GL8Y,A3RIXSMCG9L0F1
B0CMXBPRJX,A3RIXSMCG9L0F1
B0CM5J5FFC,A3RIXSMCG9L0F1
B0CM3TLW3L,A3RIXSMCG9L0F1
B0CLW1PFCG,A3RIXSMCG9L0F1
B0CLVB9B26,A3RIXSMCG9L0F1
B0CLDB7R57,A3RIXSMCG9L0F1
B09Y1YW1WZ,A3RIXSMCG9L0F1
B09XBXXK7C,A3RIXSMCG9L0F1
B09X61Y4R6,A3RIXSMCG9L0F1
B09X19VZFD,A3RIXSMCG9L0F1
B09WXW7SZV,A3RIXSMCG9L0F1
B09WQRJMMR,A3RIXSMCG9L0F1
B09WMJCJ84,A3RIXSMCG9L0F1
B09RT7Y71Y,A3RIXSMCG9L0F1
B09QY2NMFH,A3RIXSMCG9L0F1
B09QQN6QB6,A3RIXSMCG9L0F1
B09QC3L4VW,A3RIXSMCG9L0F1
B09M9JLXG7,A3RIXSMCG9L0F1
B09M6Q45QM,A3RIXSMCG9L0F1
B09LC7LW7J,A3RIXSMCG9L0F1
B09KNK7FJL,A3RIXSMCG9L0F1
B09KN5ZHN5,A3RIXSMCG9L0F1
B0CCRGDSHX,A3RIXSMCG9L0F1
B0CBHL6MPQ,A3RIXSMCG9L0F1
B0C9ZTFTDN,A3RIXSMCG9L0F1
B0C9ZKXV2M,A3RIXSMCG9L0F1
B0C9YZ35ZS,A3RIXSMCG9L0F1
B0C8MBHZR3,A3RIXSMCG9L0F1
B0C8DPZ1PT,A3RIXSMCG9L0F1
B0C8DPX49T,A3RIXSMCG9L0F1
B0C7VN9YH2,A3RIXSMCG9L0F1
B0C7H176W6,A3RIXSMCG9L0F1
B0C6JV33B7,A3RIXSMCG9L0F1
B0C64XJ98Y,A3RIXSMCG9L0F1
B0C64HMJ8F,A3RIXSMCG9L0F1
B0C5YGZWTT,A3RIXSMCG9L0F1
B0C5XXBZ1Q,A3RIXSMCG9L0F1
B0C4D9VVMK,A3RIXSMCG9L0F1
B0DRCR95QD,A3RIXSMCG9L0F1
B0DQBDRRW1,A3RIXSMCG9L0F1
B0DQ8Z6PS7,A3RIXSMCG9L0F1
B0DQ8FV2LL,A3RIXSMCG9L0F1
B0DPNDKGGV,A3RIXSMCG9L0F1
B0DNFKVSBQ,A3RIXSMCG9L0F1
B0DNCYQKMH,A3RIXSMCG9L0F1
B0DL5MLQFW,A3RIXSMCG9L0F1
B0DKG2298C,A3RIXSMCG9L0F1
B0DJM74VS6,A3RIXSMCG9L0F1
B0DHV9B4KS,A3RIXSMCG9L0F1
B0DCGBP8LB,A3RIXSMCG9L0F1
B0D8ZL32BF,A3RIXSMCG9L0F1
B0D7VRWBTF,A3RIXSMCG9L0F1
B0D7L6K8VF,A3RIXSMCG9L0F1
B0D624NPXS,A3RIXSMCG9L0F1
B0BVB8KPZ9,A3RIXSMCG9L0F1
B0BV1MY81R,A3RIXSMCG9L0F1
B0BV18MCMP,A3RIXSMCG9L0F1
B0BTYNM7XJ,A3RIXSMCG9L0F1
B0BTTQMGNK,A3RIXSMCG9L0F1
B0BTS958H6,A3RIXSMCG9L0F1
B0BRPY5XQ7,A3RIXSMCG9L0F1
B0BRJM7H8W,A3RIXSMCG9L0F1
B0BRCRZN9Z,A3RIXSMCG9L0F1
B0BQXDR7ZW,A3RIXSMCG9L0F1
B0BNVKYLMJ,A3RIXSMCG9L0F1
B0BN1NFWYL,A3RIXSMCG9L0F1
B0BML3WZF7,A3RIXSMCG9L0F1
B0BLYW625X,A3RIXSMCG9L0F1
B0BKVR1MDR,A3RIXSMCG9L0F1
B0BKG18SRZ,A3RIXSMCG9L0F1
B08QJT92KD,A3RIXSMCG9L0F1
B08L3CQMHH,A3RIXSMCG9L0F1
B08JHLMBJ5,A3RIXSMCG9L0F1
B08JCPMZ38,A3RIXSMCG9L0F1
B08GD2XCQK,A3RIXSMCG9L0F1
B08GCMRSMT,A3RIXSMCG9L0F1
B08DQ4JT41,A3RIXSMCG9L0F1
B08BRPRV7W,A3RIXSMCG9L0F1
B082WLKQY8,A3RIXSMCG9L0F1
B0813CKNBB,A3RIXSMCG9L0F1
B07Z1R9R7F,A3RIXSMCG9L0F1
B07YK1SG7L,A3RIXSMCG9L0F1
B07W8S54R6,A3RIXSMCG9L0F1
B07W4LYXQN,A3RIXSMCG9L0F1
B07RW5XF7W,A3RIXSMCG9L0F1
B07KC18QCL,A3RIXSMCG9L0F1
B01D274KF8,A3RIXSMCG9L0F1
B01D273B2Q,A3RIXSMCG9L0F1
B01AAAU964,A3RIXSMCG9L0F1
B00XVH4B72,A3RIXSMCG9L0F1
B00FQD7YRI,A3RIXSMCG9L0F1
B00FQD7YGO,A3RIXSMCG9L0F1
B0096T6MZ8,A3RIXSMCG9L0F1
B0073UBX4C,A3RIXSMCG9L0F1
B07GZ96SFJ,A3RIXSMCG9L0F1
B07F5BGK21,A3RIXSMCG9L0F1
B07B5TJBF3,A3RIXSMCG9L0F1
B077Y5W6DZ,A3RIXSMCG9L0F1
B0771R215W,A3RIXSMCG9L0F1
B075TXT8XL,A3RIXSMCG9L0F1
B075GJ8GHJ,A3RIXSMCG9L0F1
B071J4JV74,A3RIXSMCG9L0F1
B01D9WMSAK,A3RIXSMCG9L0F1
B01D9T4EAA,A3RIXSMCG9L0F1
B01D982EGW,A3RIXSMCG9L0F1
B01D3BQ4GQ,A3RIXSMCG9L0F1
B01D3BHARS,A3RIXSMCG9L0F1
B01D37J3AY,A3RIXSMCG9L0F1
B01D278HMA,A3RIXSMCG9L0F1
B01D278AMC,A3RIXSMCG9L0F1
B0CTHJ8N6K,A3RIXSMCG9L0F1
B08L8NPP98,A3RIXSMCG9L0F1
B0CNZVYF6L,A3RIXSMCG9L0F1
B09NLNJ7CB,A3RIXSMCG9L0F1
B0CMXHHSDH,A3RIXSMCG9L0F1
B0BMKG32CS,A3RIXSMCG9L0F1
B0C61668W3,A3RIXSMCG9L0F1
B00UC6214K,A3RIXSMCG9L0F1
B0BZHCDNGP,A3RIXSMCG9L0F1
B0BG22HSGY,A3RIXSMCG9L0F1
B0B7NTH3D9,A3RIXSMCG9L0F1
B09ZL4HP49,A3RIXSMCG9L0F1
B09N9882GD,A3RIXSMCG9L0F1
B09HRR9RJB,A3RIXSMCG9L0F1
B09FDJKKFY,A3RIXSMCG9L0F1
B01NCHZ6G5,A3RIXSMCG9L0F1
B091GS3TWL,A3RIXSMCG9L0F1
B0CTF6Z9CQ,A3RIXSMCG9L0F1
B08T14ZW7G,A3RIXSMCG9L0F1
B0CJ319FM6,A3RIXSMCG9L0F1
B08RJ7Q4JG,A3RIXSMCG9L0F1
B0B4VGFYZ5,A3RIXSMCG9L0F1
B08QZ58SXT,A3RIXSMCG9L0F1
B0B616P3HZ,A3RIXSMCG9L0F1
B08KZV9SWD,A3RIXSMCG9L0F1
B09MKNMFQ3,A3RIXSMCG9L0F1
B07YJCRH89,A3RIXSMCG9L0F1
B094VXLZ35,A3RIXSMCG9L0F1
B07V3TLL4S,A3RIXSMCG9L0F1
B076DDQRX6,A3RIXSMCG9L0F1
B07SR2J1RK,A3RIXSMCG9L0F1
B0DJP77F3J,A3RIXSMCG9L0F1
B07QPZ79VV,A3RIXSMCG9L0F1
B0CXSZBL57,A3RIXSMCG9L0F1
B07PSDTHGR,A3RIXSMCG9L0F1
B0BS1T1ZGM,A3RIXSMCG9L0F1
B07N98BTSY,A3RIXSMCG9L0F1
B0BQVRC8QX,A3RIXSMCG9L0F1
B07HGN6SF9,A3RIXSMCG9L0F1
B09NKKJ92Z,A3RIXSMCG9L0F1
B07GFYWMV7,A3RIXSMCG9L0F1
B085CDBJXT,A3RIXSMCG9L0F1
B07G5LJZG9,A3RIXSMCG9L0F1
B07QS8PBNY,A3RIXSMCG9L0F1
B06XPBJ8FL,A3RIXSMCG9L0F1
B07G8W88L7,A3RIXSMCG9L0F1
B07F2F95LG,A3RIXSMCG9L0F1
B078W75HC1,A3RIXSMCG9L0F1
B0DCN92VCB,A3RIXSMCG9L0F1
B0DC4QCY4P,A3RIXSMCG9L0F1
B0DC1T1ZSB,A3RIXSMCG9L0F1
B0DBVPH7SP,A3RIXSMCG9L0F1
B0D9Q1PP4Q,A3RIXSMCG9L0F1
B0D9JSQJ71,A3RIXSMCG9L0F1
B0D9CZ6B6K,A3RIXSMCG9L0F1
B0D95K8RCG,A3RIXSMCG9L0F1
B0D6YQGZ2T,A3RIXSMCG9L0F1
B0D5VB7YSV,A3RIXSMCG9L0F1
B0D5Q55YH9,A3RIXSMCG9L0F1
B0D4Q59LYW,A3RIXSMCG9L0F1
B0D47697RL,A3RIXSMCG9L0F1
B0D45V5B7D,A3RIXSMCG9L0F1
B0D44XPX3X,A3RIXSMCG9L0F1
B0D3KLY4YR,A3RIXSMCG9L0F1
B0CP3YYK4V,A3RIXSMCG9L0F1
B0CNFZ8DP7,A3RIXSMCG9L0F1
B0CN6KDBZ3,A3RIXSMCG9L0F1
B0CMCZM43W,A3RIXSMCG9L0F1
B0CMCN9VGL,A3RIXSMCG9L0F1
B0CL3CD4CS,A3RIXSMCG9L0F1
B0CJF1WPHQ,A3RIXSMCG9L0F1
B0CJB9SQQP,A3RIXSMCG9L0F1
B0CHRR85RB,A3RIXSMCG9L0F1
B0CH9JP9SJ,A3RIXSMCG9L0F1
B0CG64BR1K,A3RIXSMCG9L0F1
B0CDFWVLB6,A3RIXSMCG9L0F1
B0CDBFYXTT,A3RIXSMCG9L0F1
B0CCNRJCBW,A3RIXSMCG9L0F1
B0CC819RWH,A3RIXSMCG9L0F1
B0CB5QNLCM,A3RIXSMCG9L0F1
B0D38XVMLK,A3RIXSMCG9L0F1
B0D2L3KNXY,A3RIXSMCG9L0F1
B0D2JD52RX,A3RIXSMCG9L0F1
B0D29F412J,A3RIXSMCG9L0F1
B0D1XSSRSP,A3RIXSMCG9L0F1
B0D1MHFSN5,A3RIXSMCG9L0F1
B0D1KMLD56,A3RIXSMCG9L0F1
B0CYGW7MQS,A3RIXSMCG9L0F1
B0CXX5C5ZG,A3RIXSMCG9L0F1
B0CX1WCHY8,A3RIXSMCG9L0F1
B0CWRQ7X56,A3RIXSMCG9L0F1
B0CWKDY8WF,A3RIXSMCG9L0F1
B0CTHNN1CC,A3RIXSMCG9L0F1
B0CRB771VS,A3RIXSMCG9L0F1
B0CQBX87B1,A3RIXSMCG9L0F1
B0CQ2M34FK,A3RIXSMCG9L0F1
B0DTB7K6DY,A3RIXSMCG9L0F1
B0DNLYB21L,A3RIXSMCG9L0F1
B0DNF5Q1MZ,A3RIXSMCG9L0F1
B0DMVZGR7F,A3RIXSMCG9L0F1
B0DM7XPD5R,A3RIXSMCG9L0F1
B0DL8WJCF1,A3RIXSMCG9L0F1
B0DKX4N88D,A3RIXSMCG9L0F1
B0DK6YFPD4,A3RIXSMCG9L0F1
B0DHZWJHYD,A3RIXSMCG9L0F1
B0DHZFS87B,A3RIXSMCG9L0F1
B0DH2Q9Z6Y,A3RIXSMCG9L0F1
B0DFYJKVS9,A3RIXSMCG9L0F1
B0DDKZNXKR,A3RIXSMCG9L0F1
B0DDKDP78V,A3RIXSMCG9L0F1
B0DD3DDNLB,A3RIXSMCG9L0F1
B0DCNJD7Z9,A3RIXSMCG9L0F1
B0C95SF4T4,A3RIXSMCG9L0F1
B0C8TPZ25S,A3RIXSMCG9L0F1
B0C8D4LN7H,A3RIXSMCG9L0F1
B0C74CF823,A3RIXSMCG9L0F1
B0C718FNC3,A3RIXSMCG9L0F1
B0C6LLX2BY,A3RIXSMCG9L0F1
B0C6F5Y31V,A3RIXSMCG9L0F1
B0C5ML6F4V,A3RIXSMCG9L0F1
B0C5DHB87C,A3RIXSMCG9L0F1
B0C3DVMZTZ,A3RIXSMCG9L0F1
B0BZJ5WXM2,A3RIXSMCG9L0F1
B0BYN4ZKDK,A3RIXSMCG9L0F1
B0BY1GPVRK,A3RIXSMCG9L0F1
B0BVRXRDZV,A3RIXSMCG9L0F1
B0BTVJ4BNZ,A3RIXSMCG9L0F1
B0BTDWMCS1,A3RIXSMCG9L0F1
B0B31KHRJL,A3RIXSMCG9L0F1
B0B2SFVQ36,A3RIXSMCG9L0F1
B0B2R389C4,A3RIXSMCG9L0F1
B0B289LJJB,A3RIXSMCG9L0F1
B0B1L9JGZF,A3RIXSMCG9L0F1
B09Y55RHGH,A3RIXSMCG9L0F1
B09Y1TG73N,A3RIXSMCG9L0F1
B09X1KWK5J,A3RIXSMCG9L0F1
B09WYGHWTW,A3RIXSMCG9L0F1
B09WK6HTD1,A3RIXSMCG9L0F1
B09WK66SW2,A3RIXSMCG9L0F1
B09TSZ6LZC,A3RIXSMCG9L0F1
B09TSRTRCN,A3RIXSMCG9L0F1
B09TB3WNXP,A3RIXSMCG9L0F1
B09S37K84Z,A3RIXSMCG9L0F1
B09Q84WJT3,A3RIXSMCG9L0F1
B0BRZPF4BP,A3RIXSMCG9L0F1
B0BRV9LDBR,A3RIXSMCG9L0F1
B0BNP6SGKY,A3RIXSMCG9L0F1
B0BHVYKC3T,A3RIXSMCG9L0F1
B0BGK8NR4X,A3RIXSMCG9L0F1
B0BDDZ9VD7,A3RIXSMCG9L0F1
B0BCL54PLX,A3RIXSMCG9L0F1
B0BBM9B7G3,A3RIXSMCG9L0F1
B0B93M1P49,A3RIXSMCG9L0F1
B0B8D5TGZW,A3RIXSMCG9L0F1
B0B8CS1JGC,A3RIXSMCG9L0F1
B0B7D4K5P4,A3RIXSMCG9L0F1
B0B6TVTCZX,A3RIXSMCG9L0F1
B0B6C53TY3,A3RIXSMCG9L0F1
B0B5XJ5N84,A3RIXSMCG9L0F1
B0B49KLCR6,A3RIXSMCG9L0F1
B09Q5Y7VNG,A3RIXSMCG9L0F1
B09Q17D8NV,A3RIXSMCG9L0F1
B09PQKKB1J,A3RIXSMCG9L0F1
B09PL57QXM,A3RIXSMCG9L0F1
B09P681165,A3RIXSMCG9L0F1
B09NKZ8N51,A3RIXSMCG9L0F1
B09N9S2KHM,A3RIXSMCG9L0F1
B09MJNMMGM,A3RIXSMCG9L0F1
B09LLHXSV2,A3RIXSMCG9L0F1
B09LCGBNN3,A3RIXSMCG9L0F1
B09KZ9BHVM,A3RIXSMCG9L0F1
B09HKDSH2G,A3RIXSMCG9L0F1
B09GJLTTXJ,A3RIXSMCG9L0F1
B09F3966WB,A3RIXSMCG9L0F1
B09BTHDNMN,A3RIXSMCG9L0F1
B095SDK6GX,A3RIXSMCG9L0F1
B095RWZ3YV,A3RIXSMCG9L0F1
B095K72PK8,A3RIXSMCG9L0F1
B0957XPTZN,A3RIXSMCG9L0F1
B0957VGFMV,A3RIXSMCG9L0F1
B094XTX1W5,A3RIXSMCG9L0F1
B094GTY1VV,A3RIXSMCG9L0F1
B093D1GH4L,A3RIXSMCG9L0F1
B093CYQX2B,A3RIXSMCG9L0F1
B091JP5N7D,A3RIXSMCG9L0F1
B08VN9SQ6N,A3RIXSMCG9L0F1
B08VJ6KFG6,A3RIXSMCG9L0F1
B08VGLLC6V,A3RIXSMCG9L0F1
B08TLPL3P9,A3RIXSMCG9L0F1
B08SK19K9Y,A3RIXSMCG9L0F1
B08R5CQSDK,A3RIXSMCG9L0F1
B08R3Z5WGZ,A3RIXSMCG9L0F1
B08QLMT2MT,A3RIXSMCG9L0F1
B08NWTDSK3,A3RIXSMCG9L0F1
B08MX3G3GZ,A3RIXSMCG9L0F1
B08KZR7W8W,A3RIXSMCG9L0F1
B08JQJ9QQ5,A3RIXSMCG9L0F1
B08CZX3SKT,A3RIXSMCG9L0F1
B08CVC11B6,A3RIXSMCG9L0F1
B08BNTFNDM,A3RIXSMCG9L0F1
B08B8MRNJY,A3RIXSMCG9L0F1
B088B9KM89,A3RIXSMCG9L0F1
B0873D7SV1,A3RIXSMCG9L0F1
B084WQ43N2,A3RIXSMCG9L0F1
B082WW2RD2,A3RIXSMCG9L0F1
B082G2R89N,A3RIXSMCG9L0F1
B07Y929186,A3RIXSMCG9L0F1
B07WC2PMCQ,A3RIXSMCG9L0F1
B07VRVQ5BK,A3RIXSMCG9L0F1
B07VMS6D2M,A3RIXSMCG9L0F1
B07R66VG3J,A3RIXSMCG9L0F1
B07JQ7XKVH,A3RIXSMCG9L0F1
B07JN85NF9,A3RIXSMCG9L0F1
B07JDHNZ1N,A3RIXSMCG9L0F1
B07776B4M1,A3RIXSMCG9L0F1
B071SG8CJT,A3RIXSMCG9L0F1
B06W5QMV46,A3RIXSMCG9L0F1
B01KE41RFI,A3RIXSMCG9L0F1
B01DQQTKTQ,A3RIXSMCG9L0F1
B01DNKTNNI,A3RIXSMCG9L0F1
B01DFHN26S,A3RIXSMCG9L0F1
B01D9WN5FC,A3RIXSMCG9L0F1
B01D3BT1NE,A3RIXSMCG9L0F1
B01D276XIU,A3RIXSMCG9L0F1
B01D276TC0,A3RIXSMCG9L0F1
B01C38UUOM,A3RIXSMCG9L0F1
B0132RLJRA,A3RIXSMCG9L0F1
B00SUWHOVI,A3RIXSMCG9L0F1
B004Q0NRTG,A3RIXSMCG9L0F1
B0026SUILA,A3RIXSMCG9L0F1
B00186NOK8,A3RIXSMCG9L0F1
B09YRPKW7M,A3RIXSMCG9L0F1
B0BJQPMLRM,A3RIXSMCG9L0F1
B09X416JYQ,A3RIXSMCG9L0F1
B0DSPJS6HB,A3RIXSMCG9L0F1
B07WGQTB7R,A3RIXSMCG9L0F1
B002ACOQ4M,A3RIXSMCG9L0F1
B007P7Z628,A3RIXSMCG9L0F1
B09KLMD12G,A3RIXSMCG9L0F1
B0DHP3JV6B,A3RIXSMCG9L0F1
B084619453,A3RIXSMCG9L0F1
B0DHN582KX,A3RIXSMCG9L0F1
B09NC64SRP,A3RIXSMCG9L0F1
B0DBL9VWS2,A3RIXSMCG9L0F1
B09QV69RX3,A3RIXSMCG9L0F1
B0D59Y8948,A3RIXSMCG9L0F1
B0D6BK651K,A3RIXSMCG9L0F1
B0842Z12LZ,A3RIXSMCG9L0F1
B0CQR11X24,A3RIXSMCG9L0F1
B07G5J866K,A3RIXSMCG9L0F1
B0C1GXW8YC,A3RIXSMCG9L0F1
B077VV3QSZ,A3RIXSMCG9L0F1
B0BXKDSPYL,A3RIXSMCG9L0F1
B06ZY5W1FK,A3RIXSMCG9L0F1
B0B3T3W9FV,A3RIXSMCG9L0F1
B0079MHPFA,A3RIXSMCG9L0F1
B09W1JRQ8P,A3RIXSMCG9L0F1
B09PTH84M7,A3RIXSMCG9L0F1
B08T8T3XDH,A3RIXSMCG9L0F1
B08KLB8J8X,A3RIXSMCG9L0F1
B00NWW3YWO,A3RIXSMCG9L0F1
B0C5WYWSXF,A3RIXSMCG9L0F1
B0BCPB3R29,A3RIXSMCG9L0F1
B07S1BJF8T,A3RIXSMCG9L0F1
B07R9GJSYN,A3RIXSMCG9L0F1
B0DT9LWMY7,A3RIXSMCG9L0F1
B0DT9BKJ8X,A3RIXSMCG9L0F1
B0DSJBGPK9,A3RIXSMCG9L0F1
B0DSJ12FKF,A3RIXSMCG9L0F1
B0DS5W59VW,A3RIXSMCG9L0F1
B0DS22SNW2,A3RIXSMCG9L0F1
B0DP4G43KR,A3RIXSMCG9L0F1
B0DNSSCV9S,A3RIXSMCG9L0F1
B0DNKF62BQ,A3RIXSMCG9L0F1
B0DM235GFW,A3RIXSMCG9L0F1
B0DL69SDXY,A3RIXSMCG9L0F1
B0DJT1J7W4,A3RIXSMCG9L0F1
B0DJP8XFFD,A3RIXSMCG9L0F1
B0DJ53971Y,A3RIXSMCG9L0F1
B0C5D984J8,A3RIXSMCG9L0F1
B0BL7H422B,A3RIXSMCG9L0F1
B0BPWXGLPX,A3RIXSMCG9L0F1
B0BFHXV2NQ,A3RIXSMCG9L0F1
B0BHHBZ7X1,A3RIXSMCG9L0F1
B09PL957RT,A3RIXSMCG9L0F1
B09W89MFHC,A3RIXSMCG9L0F1
B08WLG69BH,A3RIXSMCG9L0F1
B09KG4ZNC4,A3RIXSMCG9L0F1
B07ZRD4D67,A3RIXSMCG9L0F1
B097Y8KJTP,A3RIXSMCG9L0F1
B07WC8YPT5,A3RIXSMCG9L0F1
B096DQWMFR,A3RIXSMCG9L0F1
B07TJGK6K6,A3RIXSMCG9L0F1
B08DHZ5T1Z,A3RIXSMCG9L0F1
B0DBDVJ5ZJ,A3RIXSMCG9L0F1
B0DJ2F7LBC,A3RIXSMCG9L0F1
B0DHXNJLC9,A3RIXSMCG9L0F1
B0DHKPQ419,A3RIXSMCG9L0F1
B0DG8HS4RS,A3RIXSMCG9L0F1
B0DFMHF7KP,A3RIXSMCG9L0F1
B0DBVTDC36,A3RIXSMCG9L0F1
B0D9VG5C8J,A3RIXSMCG9L0F1
B0D9NRGN3F,A3RIXSMCG9L0F1
B0D9J4M4GH,A3RIXSMCG9L0F1
B0D8VR97X5,A3RIXSMCG9L0F1
B0D8VJK817,A3RIXSMCG9L0F1
B0D8TDL2NS,A3RIXSMCG9L0F1
B0D8T15JDM,A3RIXSMCG9L0F1
B0D8NN7D7M,A3RIXSMCG9L0F1
B0D8BJT66G,A3RIXSMCG9L0F1
B0D78T43YM,A3RIXSMCG9L0F1
B0D6YPRMP2,A3RIXSMCG9L0F1
B0D6RDZ8F3,A3RIXSMCG9L0F1
B0D6G314PB,A3RIXSMCG9L0F1
B0D5G8DQH7,A3RIXSMCG9L0F1
B0D5D87HKG,A3RIXSMCG9L0F1
B0D4QQ8VWF,A3RIXSMCG9L0F1
B0D4129G2P,A3RIXSMCG9L0F1
B0D3THTW6K,A3RIXSMCG9L0F1
B0D3CWRD4R,A3RIXSMCG9L0F1
B0D2VP8RXX,A3RIXSMCG9L0F1
B0D266X8Q7,A3RIXSMCG9L0F1
B0D1K5DLYG,A3RIXSMCG9L0F1
B0CZRRR4SC,A3RIXSMCG9L0F1
B0CY8N1QCQ,A3RIXSMCG9L0F1
B0CY5G6SJZ,A3RIXSMCG9L0F1
B0CWXSLDD2,A3RIXSMCG9L0F1
B0CWRNFZ1S,A3RIXSMCG9L0F1
B0CW1S9LN5,A3RIXSMCG9L0F1
B0CT2C888Q,A3RIXSMCG9L0F1
B0CSMJ2T28,A3RIXSMCG9L0F1
B0CRDPDFSV,A3RIXSMCG9L0F1
B0CR7HPWY8,A3RIXSMCG9L0F1
B0CQT9FMNS,A3RIXSMCG9L0F1
B0CQ78FZPN,A3RIXSMCG9L0F1
B0CPP9M2M7,A3RIXSMCG9L0F1
B0CPP5J3NV,A3RIXSMCG9L0F1
B0CPHZ5MRC,A3RIXSMCG9L0F1
B0CPDXWZB6,A3RIXSMCG9L0F1
B0CNSVNT8J,A3RIXSMCG9L0F1
B0CN8FFY7B,A3RIXSMCG9L0F1
B0CLR5XBD5,A3RIXSMCG9L0F1
B0CLJVYV64,A3RIXSMCG9L0F1
B0CL8YGPKT,A3RIXSMCG9L0F1
B0CKYMJNRN,A3RIXSMCG9L0F1
B0CKX2JM3T,A3RIXSMCG9L0F1
B0CG8D345N,A3RIXSMCG9L0F1
B0CG15NB5X,A3RIXSMCG9L0F1
B0CFZG2136,A3RIXSMCG9L0F1
B0CFVWTQFN,A3RIXSMCG9L0F1
B0CF567W15,A3RIXSMCG9L0F1
B0CDZG1N4J,A3RIXSMCG9L0F1
B0CDWN316C,A3RIXSMCG9L0F1
B0CDPFMZ5T,A3RIXSMCG9L0F1
B0CB3MLG2Q,A3RIXSMCG9L0F1
B0CB2TR5R6,A3RIXSMCG9L0F1
B0C9TC1KCJ,A3RIXSMCG9L0F1
B0C8M4DWD1,A3RIXSMCG9L0F1
B0C7R2RZ5H,A3RIXSMCG9L0F1
B0BTYL89SN,A3RIXSMCG9L0F1
B0BS88VB6N,A3RIXSMCG9L0F1
B0BRN47CC9,A3RIXSMCG9L0F1
B0BRL1SL7Q,A3RIXSMCG9L0F1
B0BQY1H84T,A3RIXSMCG9L0F1
B0BMPTM71R,A3RIXSMCG9L0F1
B0BM9M4848,A3RIXSMCG9L0F1
B0BKG361W4,A3RIXSMCG9L0F1
B0BGPSMGYN,A3RIXSMCG9L0F1
B0BGMVQ85M,A3RIXSMCG9L0F1
B0BCYNZDZY,A3RIXSMCG9L0F1
B0BCX6ZS8P,A3RIXSMCG9L0F1
B0B96P15BR,A3RIXSMCG9L0F1
B0B8H75VW3,A3RIXSMCG9L0F1
B0B83PSPKS,A3RIXSMCG9L0F1
B0B4S8J1QC,A3RIXSMCG9L0F1
B0C6XLMC8Y,A3RIXSMCG9L0F1
B0C6KPLPXJ,A3RIXSMCG9L0F1
B0C5XL2GSN,A3RIXSMCG9L0F1
B0C5R92JRM,A3RIXSMCG9L0F1
B0C584CXSX,A3RIXSMCG9L0F1
B0C1GF5P6N,A3RIXSMCG9L0F1
B0C1BDCRG5,A3RIXSMCG9L0F1
B0BZVHTRMB,A3RIXSMCG9L0F1
B0BYMR4WVB,A3RIXSMCG9L0F1
B0BYMHL83L,A3RIXSMCG9L0F1
B0BYHNB2XB,A3RIXSMCG9L0F1
B0BYDXM95L,A3RIXSMCG9L0F1
B0BY7ZYTYH,A3RIXSMCG9L0F1
B0BX36PP4N,A3RIXSMCG9L0F1
B0BWT556LN,A3RIXSMCG9L0F1
B0BVQNGD8Z,A3RIXSMCG9L0F1
B0B49V64W5,A3RIXSMCG9L0F1
B0B36LBTSC,A3RIXSMCG9L0F1
B0B2R4H5XG,A3RIXSMCG9L0F1
B0B1QDWHBK,A3RIXSMCG9L0F1
B0B11Y3XR1,A3RIXSMCG9L0F1
B09ZY6QTTT,A3RIXSMCG9L0F1
B09ZV7FF5Q,A3RIXSMCG9L0F1
B09ZT9ZXDT,A3RIXSMCG9L0F1
B09YNML8CV,A3RIXSMCG9L0F1
B09YDDXBVT,A3RIXSMCG9L0F1
B09XHSJK4S,A3RIXSMCG9L0F1
B09XH9G1NC,A3RIXSMCG9L0F1
B09XD1YWSL,A3RIXSMCG9L0F1
B09WDP5PT8,A3RIXSMCG9L0F1
B09WDNSLJN,A3RIXSMCG9L0F1
B09VK2KKZ4,A3RIXSMCG9L0F1
B07NS4LF42,A3RIXSMCG9L0F1
B07NS437V1,A3RIXSMCG9L0F1
B07MBQK68K,A3RIXSMCG9L0F1
B07KXKP7L7,A3RIXSMCG9L0F1
B07G5FKXHW,A3RIXSMCG9L0F1
B07FD4SG62,A3RIXSMCG9L0F1
B07DK6QMNB,A3RIXSMCG9L0F1
B07CH2PJ43,A3RIXSMCG9L0F1
B079YF47RR,A3RIXSMCG9L0F1
B075XL1ZDW,A3RIXSMCG9L0F1
B073RX8PBC,A3RIXSMCG9L0F1
B01NAAEIH3,A3RIXSMCG9L0F1
B01N5QC7R0,A3RIXSMCG9L0F1
B01MZ2N6QM,A3RIXSMCG9L0F1
B01LWMNNRC,A3RIXSMCG9L0F1
B01IHZ05RW,A3RIXSMCG9L0F1
B091Q241HH,A3RIXSMCG9L0F1
B08XM9R9KG,A3RIXSMCG9L0F1
B08XJQSXG9,A3RIXSMCG9L0F1
B08TBQ8YQK,A3RIXSMCG9L0F1
B08P57B6MH,A3RIXSMCG9L0F1
B08DQ7JWLQ,A3RIXSMCG9L0F1
B086X6J31C,A3RIXSMCG9L0F1
B085VXNNK8,A3RIXSMCG9L0F1
B083TXZ93N,A3RIXSMCG9L0F1
B0828WVQ61,A3RIXSMCG9L0F1
B08255HGYB,A3RIXSMCG9L0F1
B07ZWDNJ73,A3RIXSMCG9L0F1
B07YQ6QQCR,A3RIXSMCG9L0F1
B07WS63GJQ,A3RIXSMCG9L0F1
B07W6GN7L6,A3RIXSMCG9L0F1
B07Q71SGCY,A3RIXSMCG9L0F1
B09V56MMKJ,A3RIXSMCG9L0F1
B09TW3FWR8,A3RIXSMCG9L0F1
B09TSHG878,A3RIXSMCG9L0F1
B09TNSSD85,A3RIXSMCG9L0F1
B09TKCFLR9,A3RIXSMCG9L0F1
B09T3FH1TJ,A3RIXSMCG9L0F1
B09SB1KPCJ,A3RIXSMCG9L0F1
B09RZ9CF72,A3RIXSMCG9L0F1
B09QX6XVCF,A3RIXSMCG9L0F1
B09QLVWH7F,A3RIXSMCG9L0F1
B09PL8RX7Q,A3RIXSMCG9L0F1
B09P1G5KL9,A3RIXSMCG9L0F1
B09NY34KX8,A3RIXSMCG9L0F1
B09L438TJP,A3RIXSMCG9L0F1
B09KP6DBJW,A3RIXSMCG9L0F1
B09JT1ZRDJ,A3RIXSMCG9L0F1
B09J31R9Y7,A3RIXSMCG9L0F1
B09HKJLJ3P,A3RIXSMCG9L0F1
B09DXVXWKN,A3RIXSMCG9L0F1
B09DS1TQQS,A3RIXSMCG9L0F1
B09B8T36VB,A3RIXSMCG9L0F1
B09B513CTW,A3RIXSMCG9L0F1
B099N8YBBM,A3RIXSMCG9L0F1
B098CRQ3S7,A3RIXSMCG9L0F1
B097MJDPKW,A3RIXSMCG9L0F1
B09791ZG1B,A3RIXSMCG9L0F1
B096P2TNGH,A3RIXSMCG9L0F1
B0963PCM27,A3RIXSMCG9L0F1
B095R937NQ,A3RIXSMCG9L0F1
B095K9BWWS,A3RIXSMCG9L0F1
B095HHGBYB,A3RIXSMCG9L0F1
B093GT6K6C,A3RIXSMCG9L0F1
B01HR7RQBO,A3RIXSMCG9L0F1
B01D9WVYAU,A3RIXSMCG9L0F1
B01D9WMEDG,A3RIXSMCG9L0F1
B01D3BPK66,A3RIXSMCG9L0F1
B01D3BMF64,A3RIXSMCG9L0F1
B01BRT3J0A,A3RIXSMCG9L0F1
B0183CWXCY,A3RIXSMCG9L0F1
B00DT40DS8,A3RIXSMCG9L0F1
B00A8PLOM0,A3RIXSMCG9L0F1
B005KMF8AK,A3RIXSMCG9L0F1
B0062O97L6,A3RIXSMCG9L0F1
B07QYL5B72,A3RIXSMCG9L0F1
B0DBV7848L,A3RIXSMCG9L0F1
B0892H6FS4,A3RIXSMCG9L0F1
B0DK8NH18N,A3RIXSMCG9L0F1
B0B9ZC5DP6,A3RIXSMCG9L0F1
B0DK8KRGQ3,A3RIXSMCG9L0F1
B08F2ZDPTR,A3RIXSMCG9L0F1
B0B3XWYMXV,A3RIXSMCG9L0F1
B0B3Q53JJ3,A3RIXSMCG9L0F1
B09YR354CV,A3RIXSMCG9L0F1
B07W5ZWPL4,A3RIXSMCG9L0F1
B0CKQVP9BK,A3RIXSMCG9L0F1
B07K85PS2W,A3RIXSMCG9L0F1
B085M98NL9,A3RIXSMCG9L0F1
B01JAW8LV8,A3RIXSMCG9L0F1
B0DVZ6VJ8M,A3RIXSMCG9L0F1
B0DSDL2N14,A3RIXSMCG9L0F1
B0DRYQ3Z3R,A3RIXSMCG9L0F1
B0DR2ZKC5J,A3RIXSMCG9L0F1
B0DNSJSTV7,A3RIXSMCG9L0F1
B0DLFVRHH9,A3RIXSMCG9L0F1
B0DJW5NYFT,A3RIXSMCG9L0F1
B0DHH5D6FQ,A3RIXSMCG9L0F1
B0DH8927TS,A3RIXSMCG9L0F1
B0DGXCBGLF,A3RIXSMCG9L0F1
B0DGBC2HTC,A3RIXSMCG9L0F1
B0DG5NZ9D9,A3RIXSMCG9L0F1
B0DF2LQ817,A3RIXSMCG9L0F1
B0DF28FT8S,A3RIXSMCG9L0F1
B0DDTB25JW,A3RIXSMCG9L0F1
B0DBD7DX85,A3RIXSMCG9L0F1
B0D1TQG6YR,A3RIXSMCG9L0F1
B0D5HTT38V,A3RIXSMCG9L0F1
B08Y5G146N,A3RIXSMCG9L0F1
B0CHTSRHYJ,A3RIXSMCG9L0F1
B0C2K462WW,A3RIXSMCG9L0F1
B0C468D3GL,A3RIXSMCG9L0F1
B08GJJPFYS,A3RIXSMCG9L0F1
B0BHP7ZTRN,A3RIXSMCG9L0F1
B083FG1MRW,A3RIXSMCG9L0F1
B0BD3XXRZ8,A3RIXSMCG9L0F1
B07ZFT8SBJ,A3RIXSMCG9L0F1
B0B8QHPK26,A3RIXSMCG9L0F1
B0D1MN53RT,A3RIXSMCG9L0F1
B0B81RG86D,A3RIXSMCG9L0F1
B0899MP356,A3RIXSMCG9L0F1
B0B4VZLM2K,A3RIXSMCG9L0F1
B0DFY4DYFB,A3RIXSMCG9L0F1
B07L55TGYX,A3RIXSMCG9L0F1
B0D93VGT19,A3RIXSMCG9L0F1
B07D1N3L6L,A3RIXSMCG9L0F1
B0BC6DDDLB,A3RIXSMCG9L0F1
B07BPQTTT5,A3RIXSMCG9L0F1
B09X2VF6LS,A3RIXSMCG9L0F1
B077MMFK92,A3RIXSMCG9L0F1
B09SFSSMPD,A3RIXSMCG9L0F1
B00IVP92BY,A3RIXSMCG9L0F1
B09ND9FM1Q,A3RIXSMCG9L0F1
B09JCCT8X5,A3RIXSMCG9L0F1
B0923LZ68B,A3RIXSMCG9L0F1
B075V3LDR6,A3RIXSMCG9L0F1
B01D279KSU,A3RIXSMCG9L0F1
B0DXQ33VJC,A3RIXSMCG9L0F1
B0D9SLLKT9,A3RIXSMCG9L0F1
B0D8JDMCC8,A3RIXSMCG9L0F1
B0D7VNQ2K6,A3RIXSMCG9L0F1
B0D6RFDWXL,A3RIXSMCG9L0F1
B0D5YJQ7MV,A3RIXSMCG9L0F1
B0D5GW9FSL,A3RIXSMCG9L0F1
B0D49MR7FR,A3RIXSMCG9L0F1
B0D3PL56R1,A3RIXSMCG9L0F1
B0D2KT9GPP,A3RIXSMCG9L0F1
B0D14Q3M1P,A3RIXSMCG9L0F1
B0CZLBXK55,A3RIXSMCG9L0F1
B0CYPR8G3N,A3RIXSMCG9L0F1
B0CYLRQXK5,A3RIXSMCG9L0F1
B0CYBVPSYY,A3RIXSMCG9L0F1
B0CXWZDMSG,A3RIXSMCG9L0F1
B0CXDRRBDZ,A3RIXSMCG9L0F1
B0DNFL2HS5,A3RIXSMCG9L0F1
B09PBBT1MB,A3RIXSMCG9L0F1
B0CJM9R6P2,A3RIXSMCG9L0F1
B08XZ11SFK,A3RIXSMCG9L0F1
B0CNCW2QH1,A3RIXSMCG9L0F1
B07T141YXR,A3RIXSMCG9L0F1
B08QS368QX,A3RIXSMCG9L0F1
B07PFMG5BX,A3RIXSMCG9L0F1
B07XYZYZT6,A3RIXSMCG9L0F1
B07N1854PP,A3RIXSMCG9L0F1
B0DPQSRYV7,A3RIXSMCG9L0F1
B07MVTMZKZ,A3RIXSMCG9L0F1
B0CTC1ZJ3S,A3RIXSMCG9L0F1
B0CT5CJRYP,A3RIXSMCG9L0F1
B0CT3565KF,A3RIXSMCG9L0F1
B0CRQXQGXG,A3RIXSMCG9L0F1
B0CRCZ7XJF,A3RIXSMCG9L0F1
B0CR67SGWZ,A3RIXSMCG9L0F1
B0CR2XCG42,A3RIXSMCG9L0F1
B0CQY9T8QD,A3RIXSMCG9L0F1
B0CQTNZT64,A3RIXSMCG9L0F1
B0CQ3Z8B6W,A3RIXSMCG9L0F1
B0CPW4P4HY,A3RIXSMCG9L0F1
B0CPS8H36F,A3RIXSMCG9L0F1
B0CPJPRCBQ,A3RIXSMCG9L0F1
B0CPD37R2J,A3RIXSMCG9L0F1
B0CPD2NL8F,A3RIXSMCG9L0F1
B0CLRR3JVG,A3RIXSMCG9L0F1
B0CKZ1Q5D7,A3RIXSMCG9L0F1
B0CKLLJC97,A3RIXSMCG9L0F1
B0CJ569VBG,A3RIXSMCG9L0F1
B0CHZZ99ZX,A3RIXSMCG9L0F1
B0CHF6QZL2,A3RIXSMCG9L0F1
B0CGZWLK3R,A3RIXSMCG9L0F1
B0CDWDGQHJ,A3RIXSMCG9L0F1
B0CCRRKNXR,A3RIXSMCG9L0F1
B0CCP5CHW7,A3RIXSMCG9L0F1
B0CCN5MJ4Q,A3RIXSMCG9L0F1
B0CCJFK17H,A3RIXSMCG9L0F1
B0CC2BM39F,A3RIXSMCG9L0F1
B0C89WSDPM,A3RIXSMCG9L0F1
B0C7C5XFV8,A3RIXSMCG9L0F1
B0C4Z7GZYJ,A3RIXSMCG9L0F1
B0BZHV6VM6,A3RIXSMCG9L0F1
B0BYT8LW7V,A3RIXSMCG9L0F1
B0BYF6JPFB,A3RIXSMCG9L0F1
B0BXZM6F4J,A3RIXSMCG9L0F1
B0BXHM6R3J,A3RIXSMCG9L0F1
B0BW46CCYB,A3RIXSMCG9L0F1
B0BVQ18H52,A3RIXSMCG9L0F1
B0BV9T9P92,A3RIXSMCG9L0F1
B0BTPFF338,A3RIXSMCG9L0F1
B0BSJCWFTR,A3RIXSMCG9L0F1
B0BR9DFWLG,A3RIXSMCG9L0F1
B0BQHQ3YRB,A3RIXSMCG9L0F1
B0BQDP4N7Q,A3RIXSMCG9L0F1
B0BPDM3H4Q,A3RIXSMCG9L0F1
B0BP1PCP4J,A3RIXSMCG9L0F1
B0BNX7C2FC,A3RIXSMCG9L0F1
B0BNQXFQ52,A3RIXSMCG9L0F1
B0BNF1W5X1,A3RIXSMCG9L0F1
B0BN2VYMPS,A3RIXSMCG9L0F1
B0BG278GQ1,A3RIXSMCG9L0F1
B0BF4PQ64S,A3RIXSMCG9L0F1
B0BCQCS67P,A3RIXSMCG9L0F1
B0BCKSVHV8,A3RIXSMCG9L0F1
B0B8HK4LK9,A3RIXSMCG9L0F1
B0B6T471YB,A3RIXSMCG9L0F1
B0B61138J3,A3RIXSMCG9L0F1
B0B5TRDZXS,A3RIXSMCG9L0F1
B0B5MXCWBW,A3RIXSMCG9L0F1
B0B5DMF8GV,A3RIXSMCG9L0F1
B0B5CD63X1,A3RIXSMCG9L0F1
B0B59VNSKL,A3RIXSMCG9L0F1
B0B3T417XY,A3RIXSMCG9L0F1
B0B2W4VGRS,A3RIXSMCG9L0F1
B0B2N15FTM,A3RIXSMCG9L0F1
B0B27D17X4,A3RIXSMCG9L0F1
B0B1DYCQBV,A3RIXSMCG9L0F1
B09ZNWGDMY,A3RIXSMCG9L0F1
B09ZNKD31C,A3RIXSMCG9L0F1
B09Z68356X,A3RIXSMCG9L0F1
B09YS5P3XS,A3RIXSMCG9L0F1
B09Y8C1HK1,A3RIXSMCG9L0F1
B09WW3L8C5,A3RIXSMCG9L0F1
B09TKXNBFN,A3RIXSMCG9L0F1
B09SLPBFLK,A3RIXSMCG9L0F1
B09SKKC4K5,A3RIXSMCG9L0F1
B09PRRMTW2,A3RIXSMCG9L0F1
B09PFRH9QL,A3RIXSMCG9L0F1
B09NVSC17C,A3RIXSMCG9L0F1
B09NVRK3BS,A3RIXSMCG9L0F1
B09NVRG6MM,A3RIXSMCG9L0F1
B09NVRFD7G,A3RIXSMCG9L0F1
B09NVR2LW9,A3RIXSMCG9L0F1
B09NVQPZ1V,A3RIXSMCG9L0F1
B09L4MBMN1,A3RIXSMCG9L0F1
B09HTSY8HX,A3RIXSMCG9L0F1
B09F12VNKM,A3RIXSMCG9L0F1
B09DCK3JNG,A3RIXSMCG9L0F1
B099SH4741,A3RIXSMCG9L0F1
B099PFWZH9,A3RIXSMCG9L0F1
B098T6XQSX,A3RIXSMCG9L0F1
B097HSP2XY,A3RIXSMCG9L0F1
B096VPT6S3,A3RIXSMCG9L0F1
B095Z695W4,A3RIXSMCG9L0F1
B095F5PCSL,A3RIXSMCG9L0F1
B0948WJ841,A3RIXSMCG9L0F1
B0922TT32C,A3RIXSMCG9L0F1
B0921F1R5B,A3RIXSMCG9L0F1
B091DN8B1M,A3RIXSMCG9L0F1
B08TQBP168,A3RIXSMCG9L0F1
B08TBX7GDN,A3RIXSMCG9L0F1
B08SXPH2G3,A3RIXSMCG9L0F1
B08P347Z9B,A3RIXSMCG9L0F1
B08NZK55ZB,A3RIXSMCG9L0F1
B08NPW5YJX,A3RIXSMCG9L0F1
B08L19J7JP,A3RIXSMCG9L0F1
B08KJN8LYJ,A3RIXSMCG9L0F1
B08GJPJ4R5,A3RIXSMCG9L0F1
B08FRQXVZR,A3RIXSMCG9L0F1
B08FMN6Q12,A3RIXSMCG9L0F1
B087Q5ZT14,A3RIXSMCG9L0F1
B085WNN91X,A3RIXSMCG9L0F1
B083ZKZWJB,A3RIXSMCG9L0F1
B083FJR1B6,A3RIXSMCG9L0F1
B07YSV9PJS,A3RIXSMCG9L0F1
B07X64F15B,A3RIXSMCG9L0F1
B07V22ZJY5,A3RIXSMCG9L0F1
B07TJ6DS8K,A3RIXSMCG9L0F1
B07SRD1VWP,A3RIXSMCG9L0F1
B07S6SHBP8,A3RIXSMCG9L0F1
B07RKJLSYN,A3RIXSMCG9L0F1
B07QL3SS7S,A3RIXSMCG9L0F1
B07NJ2XDMT,A3RIXSMCG9L0F1
B07N68S3LZ,A3RIXSMCG9L0F1
B07MZ2S2QD,A3RIXSMCG9L0F1
B07MT7QZHY,A3RIXSMCG9L0F1
B07KPLSCTT,A3RIXSMCG9L0F1
B07KNJKV1X,A3RIXSMCG9L0F1
B07K7J95K7,A3RIXSMCG9L0F1
B07K71ZV72,A3RIXSMCG9L0F1
B07GTD3RGC,A3RIXSMCG9L0F1
B07DYLSH3Q,A3RIXSMCG9L0F1
B07DHJ646C,A3RIXSMCG9L0F1
B07D43HP48,A3RIXSMCG9L0F1
B07CQK678T,A3RIXSMCG9L0F1
B07BZ2Y5L1,A3RIXSMCG9L0F1
B0796TJCWT,A3RIXSMCG9L0F1
B0783P6M3X,A3RIXSMCG9L0F1
B073SV2ZD6,A3RIXSMCG9L0F1
B071XB4RR7,A3RIXSMCG9L0F1
B06WP9ND12,A3RIXSMCG9L0F1
B01NBSJX3N,A3RIXSMCG9L0F1
B01NAVTBPY,A3RIXSMCG9L0F1
B01N0AR3Z9,A3RIXSMCG9L0F1
B01MST7RQL,A3RIXSMCG9L0F1
B01LWQH0JV,A3RIXSMCG9L0F1
B01K224EVQ,A3RIXSMCG9L0F1
B01IHYZ54Q,A3RIXSMCG9L0F1
B01FUF4KQO,A3RIXSMCG9L0F1
B01D9WVASQ,A3RIXSMCG9L0F1
B01D276T4I,A3RIXSMCG9L0F1
B013EHVO7I,A3RIXSMCG9L0F1
B00VSGFRSK,A3RIXSMCG9L0F1
B00MTWM2C6,A3RIXSMCG9L0F1
B005VI3KWQ,A3RIXSMCG9L0F1
B0051HKE3K,A3RIXSMCG9L0F1
B0CB2LYV5Z,A3RIXSMCG9L0F1
B088YWNH29,A3RIXSMCG9L0F1
B00F2E0IPQ,A3RIXSMCG9L0F1
B0DNHB59YD,A3RIXSMCG9L0F1
B07NJN2YL8,A3RIXSMCG9L0F1
B01N5IVH08,A3RIXSMCG9L0F1
B0D2NGFPTL,A3RIXSMCG9L0F1
B0CPPV113K,A3RIXSMCG9L0F1
B09MQ78W5M,A3RIXSMCG9L0F1
B09GPT5L2J,A3RIXSMCG9L0F1
B09F62BNM2,A3RIXSMCG9L0F1
B07T15KGFC,A3RIXSMCG9L0F1
B06X9J2DGL,A3RIXSMCG9L0F1
B0179WQVQS,A3RIXSMCG9L0F1
B00HSG01EY,A3RIXSMCG9L0F1
B0DWM93RNM,A3RIXSMCG9L0F1
B0DTDSDNSL,A3RIXSMCG9L0F1
B0DQ6K732R,A3RIXSMCG9L0F1
B0DNVSWYM5,A3RIXSMCG9L0F1
B0DMS3TJYR,A3RIXSMCG9L0F1
B0DKJKGLH7,A3RIXSMCG9L0F1
B0DHYZ6V5P,A3RIXSMCG9L0F1
B0DHKVWZK3,A3RIXSMCG9L0F1
B0DFCLDS21,A3RIXSMCG9L0F1
B0DDPPXQC7,A3RIXSMCG9L0F1
B0DD7Y8KSJ,A3RIXSMCG9L0F1
B0D9Y1RVKD,A3RIXSMCG9L0F1
B0D9Q8K44G,A3RIXSMCG9L0F1
B0D9D4Q44Z,A3RIXSMCG9L0F1
B0D94BJG6D,A3RIXSMCG9L0F1
B0D8W74QF9,A3RIXSMCG9L0F1
B0D8SG2MC1,A3RIXSMCG9L0F1
B0779L7CYG,A3RIXSMCG9L0F1
B076F85WYK,A3RIXSMCG9L0F1
B0764SDLP3,A3RIXSMCG9L0F1
B01MR9EH0S,A3RIXSMCG9L0F1
B016E2D1AI,A3RIXSMCG9L0F1
B00EGPN6KG,A3RIXSMCG9L0F1
B00CORM70S,A3RIXSMCG9L0F1
B009OAXKVS,A3RIXSMCG9L0F1
B003H6NNTY,A3RIXSMCG9L0F1
B08Y1839HN,A3RIXSMCG9L0F1
B0C2PXQMPV,A3RIXSMCG9L0F1
B0CLGYBNNK,A3RIXSMCG9L0F1
B0BVY5645W,A3RIXSMCG9L0F1
B0DHKR9XCP,A3RIXSMCG9L0F1
B0BQHFQ2LX,A3RIXSMCG9L0F1
B07PJXWY6B,A3RIXSMCG9L0F1
B0BPTCW48K,A3RIXSMCG9L0F1
B0CWPK4CYL,A3RIXSMCG9L0F1
B09VKXBGKQ,A3RIXSMCG9L0F1
B004E3Z26Q,A3RIXSMCG9L0F1
B09TVGHLLG,A3RIXSMCG9L0F1
B01IRLS5GE,A3RIXSMCG9L0F1
B09238H4CR,A3RIXSMCG9L0F1
B0972457PM,A3RIXSMCG9L0F1
B08ZXR8K3G,A3RIXSMCG9L0F1
B0BKVWC4KC,A3RIXSMCG9L0F1
B0BGXTNJ4R,A3RIXSMCG9L0F1
B0BGP5NHN8,A3RIXSMCG9L0F1
B0BBGM4H66,A3RIXSMCG9L0F1
B0BBFFLRHJ,A3RIXSMCG9L0F1
B0B99V1SXB,A3RIXSMCG9L0F1
B0B8VTNTLF,A3RIXSMCG9L0F1
B0B8H66PGM,A3RIXSMCG9L0F1
B0B7N55ZGF,A3RIXSMCG9L0F1
B0B7F73P44,A3RIXSMCG9L0F1
B0B6J14PFN,A3RIXSMCG9L0F1
B0B5ZZH3F3,A3RIXSMCG9L0F1
B0B58Z75JN,A3RIXSMCG9L0F1
B0B288QLYD,A3RIXSMCG9L0F1
B0B1P73RGC,A3RIXSMCG9L0F1
B0B1J57MZ9,A3RIXSMCG9L0F1
B09JVP4YHG,A3RIXSMCG9L0F1
B07RKNVMKP,A3RIXSMCG9L0F1
B0D872FCVY,A3RIXSMCG9L0F1
B079ZL43PL,A3RIXSMCG9L0F1
B091GC73QM,A3RIXSMCG9L0F1
B003ZSHDEA,A3RIXSMCG9L0F1
B0D8VXTTCK,A3RIXSMCG9L0F1
B09F5RCWZB,A3RIXSMCG9L0F1
B0DF28LVF9,A3RIXSMCG9L0F1
B0CFKNY3N4,A3RIXSMCG9L0F1
B0C9N1GS1Z,A3RIXSMCG9L0F1
B083FBTJ8N,A3RIXSMCG9L0F1
B0CP8S543P,A3RIXSMCG9L0F1
B0B2KHRGLY,A3RIXSMCG9L0F1
B08SLSRP73,A3RIXSMCG9L0F1
B017I817W6,A3RIXSMCG9L0F1
B0CT29SY85,A3RIXSMCG9L0F1
B0C98ZZ5ZV,A3RIXSMCG9L0F1
B0C1B6NMJ8,A3RIXSMCG9L0F1
B0B4MQ8Z9D,A3RIXSMCG9L0F1
B09YTDMLMX,A3RIXSMCG9L0F1
B08PCP66C2,A3RIXSMCG9L0F1
B00KC3C7EM,A3RIXSMCG9L0F1
B0DWSY123N,A3RIXSMCG9L0F1
B0DWFHQLDP,A3RIXSMCG9L0F1
B0DT1JYW73,A3RIXSMCG9L0F1
B0DSHT1H9R,A3RIXSMCG9L0F1
B0DS5KHXGH,A3RIXSMCG9L0F1
B0DRYBJ4TB,A3RIXSMCG9L0F1
B0DRX88BJ6,A3RIXSMCG9L0F1
B0DRVF8CD6,A3RIXSMCG9L0F1
B0DPZQ2MM3,A3RIXSMCG9L0F1
B0B18BZL5X,A3RIXSMCG9L0F1
B0B125QX88,A3RIXSMCG9L0F1
B09ZV45RSN,A3RIXSMCG9L0F1
B09ZP62YTT,A3RIXSMCG9L0F1
B09YXSQWL6,A3RIXSMCG9L0F1
B09YQ2W8FC,A3RIXSMCG9L0F1
B09Y83KCG7,A3RIXSMCG9L0F1
B09XDLY9FV,A3RIXSMCG9L0F1
B09QS3TMF4,A3RIXSMCG9L0F1
B09QKRSPN6,A3RIXSMCG9L0F1
B09Q5V1FBN,A3RIXSMCG9L0F1
B09LV1Q9MN,A3RIXSMCG9L0F1
B09G4MX3Y1,A3RIXSMCG9L0F1
B098Q6X3SH,A3RIXSMCG9L0F1
B0978Z6NY3,A3RIXSMCG9L0F1
B09657B5RS,A3RIXSMCG9L0F1
B0CXDJV2BM,A3RIXSMCG9L0F1
B0CWRB2YWX,A3RIXSMCG9L0F1
B0CWR45V86,A3RIXSMCG9L0F1
B0CWPKMFTL,A3RIXSMCG9L0F1
B0CWNDBX74,A3RIXSMCG9L0F1
B0CW9PJSD3,A3RIXSMCG9L0F1
B0CTM7SX87,A3RIXSMCG9L0F1
B0CSNB2JRC,A3RIXSMCG9L0F1
B0CS6GC65M,A3RIXSMCG9L0F1
B0CRZ5R261,A3RIXSMCG9L0F1
B0CRR6JDXT,A3RIXSMCG9L0F1
B0CQN18XWR,A3RIXSMCG9L0F1
B0CPLJKC5Y,A3RIXSMCG9L0F1
B0CNCXBV36,A3RIXSMCG9L0F1
B0CMYVD9BX,A3RIXSMCG9L0F1
B0CM6YK8M2,A3RIXSMCG9L0F1
B094HZPYQN,A3RIXSMCG9L0F1
B08R599PNS,A3RIXSMCG9L0F1
B08QVK7QFW,A3RIXSMCG9L0F1
B08PYKMGTX,A3RIXSMCG9L0F1
B08PF2FH3Y,A3RIXSMCG9L0F1
B08P4F6WCV,A3RIXSMCG9L0F1
B08N8NW5TQ,A3RIXSMCG9L0F1
B08MDC7YJM,A3RIXSMCG9L0F1
B08F2SJWSK,A3RIXSMCG9L0F1
B08924TZKX,A3RIXSMCG9L0F1
B088M2C2LB,A3RIXSMCG9L0F1
B088FKDDRD,A3RIXSMCG9L0F1
B08772BVL5,A3RIXSMCG9L0F1
B07YWTTBM6,A3RIXSMCG9L0F1
B07FDFHXGX,A3RIXSMCG9L0F1
B07DNG8MHN,A3RIXSMCG9L0F1
B0CLGXBDD2,A3RIXSMCG9L0F1
B0CL9MTRXL,A3RIXSMCG9L0F1
B0CKPFTL2R,A3RIXSMCG9L0F1
B0CJF6FPZN,A3RIXSMCG9L0F1
B0CJBP61BY,A3RIXSMCG9L0F1
B0CJ94C46B,A3RIXSMCG9L0F1
B0CHMXR72S,A3RIXSMCG9L0F1
B0CHHW648W,A3RIXSMCG9L0F1
B0CGQZ2QFP,A3RIXSMCG9L0F1
B0CF99ZK3W,A3RIXSMCG9L0F1
B0CD2CQC2S,A3RIXSMCG9L0F1
B0CCCS4C56,A3RIXSMCG9L0F1
B0C9M4362N,A3RIXSMCG9L0F1
B0C8ZJYXFN,A3RIXSMCG9L0F1
B0C7ZNKTR6,A3RIXSMCG9L0F1
B0C65DT5KH,A3RIXSMCG9L0F1
B0D7Q8MB1L,A3RIXSMCG9L0F1
B0D7CFN3K3,A3RIXSMCG9L0F1
B0D6VPKNXW,A3RIXSMCG9L0F1
B0D5B23SPW,A3RIXSMCG9L0F1
B0D4YBM285,A3RIXSMCG9L0F1
B0D4DGWBXK,A3RIXSMCG9L0F1
B0D3ZW19GC,A3RIXSMCG9L0F1
B0D3V491PM,A3RIXSMCG9L0F1
B0D2W7LKCX,A3RIXSMCG9L0F1
B0D2W1W8P3,A3RIXSMCG9L0F1
B0D28533SM,A3RIXSMCG9L0F1
B0D22KQVPK,A3RIXSMCG9L0F1
B0CZFPW1C7,A3RIXSMCG9L0F1
B0CYT8BQWN,A3RIXSMCG9L0F1
B0CYBLYVC8,A3RIXSMCG9L0F1
B0CY55FXJP,A3RIXSMCG9L0F1
B0C61Z1RYX,A3RIXSMCG9L0F1
B0C58PXZTR,A3RIXSMCG9L0F1
B0C4TQ398M,A3RIXSMCG9L0F1
B0C49NJM9Z,A3RIXSMCG9L0F1
B0C1ZCX1Y6,A3RIXSMCG9L0F1
B0C1FZ7WJX,A3RIXSMCG9L0F1
B0C1BK8LZH,A3RIXSMCG9L0F1
B0BZCQDD8C,A3RIXSMCG9L0F1
B0BZ12MDY8,A3RIXSMCG9L0F1
B0BX9CRTTF,A3RIXSMCG9L0F1
B0BV4RLZ6V,A3RIXSMCG9L0F1
B0BQHSC2HL,A3RIXSMCG9L0F1
B0BQBJBFQ1,A3RIXSMCG9L0F1
B0BPYKRMH5,A3RIXSMCG9L0F1
B0BNKZ9BJR,A3RIXSMCG9L0F1
B0BLN9PKJQ,A3RIXSMCG9L0F1
B0DPQ9VVYC,A3RIXSMCG9L0F1
B0DPHB3JWZ,A3RIXSMCG9L0F1
B0DPFFDHND,A3RIXSMCG9L0F1
B0DLNYGG9L,A3RIXSMCG9L0F1
B0DJ95GS85,A3RIXSMCG9L0F1
B0DHX62F49,A3RIXSMCG9L0F1
B0DGQL2DCZ,A3RIXSMCG9L0F1
B0DG9C94GB,A3RIXSMCG9L0F1
B0DG2KY1W6,A3RIXSMCG9L0F1
B0DFT3YCM2,A3RIXSMCG9L0F1
B0DDKJ8B82,A3RIXSMCG9L0F1
B0DCJX591C,A3RIXSMCG9L0F1
B0DBTB9TGY,A3RIXSMCG9L0F1
B0DB7BNRWY,A3RIXSMCG9L0F1
B0D9QK2VVY,A3RIXSMCG9L0F1
B0D9Q59J4M,A3RIXSMCG9L0F1
B0D8SVB762,A3RIXSMCG9L0F1
B0D83KV18S,A3RIXSMCG9L0F1
B0D7Q4YQMG,A3RIXSMCG9L0F1
B0D7MVMTHK,A3RIXSMCG9L0F1
B0D5WLN3BC,A3RIXSMCG9L0F1
B0D5M852H6,A3RIXSMCG9L0F1
B0D5D7V7KZ,A3RIXSMCG9L0F1
B0D53RVD2B,A3RIXSMCG9L0F1
B0D4V6CVYW,A3RIXSMCG9L0F1
B0D4JBDPP8,A3RIXSMCG9L0F1
B0D49GR2WY,A3RIXSMCG9L0F1
B0D48YLGYR,A3RIXSMCG9L0F1
B0D48K97GK,A3RIXSMCG9L0F1
B0D41HQ6KP,A3RIXSMCG9L0F1
B0D3XXC93Q,A3RIXSMCG9L0F1
B0D3QJDKSV,A3RIXSMCG9L0F1
B0CCVGRZDX,A3RIXSMCG9L0F1
B0CCVFQ11K,A3RIXSMCG9L0F1
B0CC8BVSS5,A3RIXSMCG9L0F1
B0CBVPT88P,A3RIXSMCG9L0F1
B0CBV9RX3H,A3RIXSMCG9L0F1
B0CBHDDMQ9,A3RIXSMCG9L0F1
B0CB7J174Y,A3RIXSMCG9L0F1
B0CB5SHWGN,A3RIXSMCG9L0F1
B0C9MQLX8Q,A3RIXSMCG9L0F1
B0C9J9JSXJ,A3RIXSMCG9L0F1
B0C8ML3LDG,A3RIXSMCG9L0F1
B0C8J996J2,A3RIXSMCG9L0F1
B0C7Z3QD5X,A3RIXSMCG9L0F1
B0C7G6Z3RW,A3RIXSMCG9L0F1
B0C79RPQG6,A3RIXSMCG9L0F1
B0C6M8B9HS,A3RIXSMCG9L0F1
B0CWNW6GK9,A3RIXSMCG9L0F1
B0CWNSYG3H,A3RIXSMCG9L0F1
B0CSYKP3PM,A3RIXSMCG9L0F1
B0CSVVYH8K,A3RIXSMCG9L0F1
B0CSKF8WHW,A3RIXSMCG9L0F1
B0CSK1QWR6,A3RIXSMCG9L0F1
B0CSJRNBCM,A3RIXSMCG9L0F1
B0CS2R13FM,A3RIXSMCG9L0F1
B0CR17C286,A3RIXSMCG9L0F1
B0CQSSSCPM,A3RIXSMCG9L0F1
B0CQRGL77M,A3RIXSMCG9L0F1
B0CQM728F6,A3RIXSMCG9L0F1
B0CPJ2D54L,A3RIXSMCG9L0F1
B0CP8Z8B9N,A3RIXSMCG9L0F1
B0CP4JSVXK,A3RIXSMCG9L0F1
B0CP26D1GC,A3RIXSMCG9L0F1
B0D3F2CR43,A3RIXSMCG9L0F1
B0D2DJ1CFV,A3RIXSMCG9L0F1
B0D12BYFHX,A3RIXSMCG9L0F1
B0CZRJFWRP,A3RIXSMCG9L0F1
B0CZNL2S9R,A3RIXSMCG9L0F1
B0CZCFMD2Z,A3RIXSMCG9L0F1
B0CZ9G87N1,A3RIXSMCG9L0F1
B0CZ6JBC9T,A3RIXSMCG9L0F1
B0CYYNF9XW,A3RIXSMCG9L0F1
B0CYTB2K2D,A3RIXSMCG9L0F1
B0CY25VX5V,A3RIXSMCG9L0F1
B0CX5RCLKP,A3RIXSMCG9L0F1
B0CX47F588,A3RIXSMCG9L0F1
B0CX1N9K2X,A3RIXSMCG9L0F1
B0CWZW1MN6,A3RIXSMCG9L0F1
B0CWTTHH7V,A3RIXSMCG9L0F1
B0C61JK5HY,A3RIXSMCG9L0F1
B0C5X6Z29Z,A3RIXSMCG9L0F1
B0C38QTHHW,A3RIXSMCG9L0F1
B0C38PK51M,A3RIXSMCG9L0F1
B0C2YPNSVC,A3RIXSMCG9L0F1
B0C2VBVHZ4,A3RIXSMCG9L0F1
B0C26W32HC,A3RIXSMCG9L0F1
B0C26QPY9G,A3RIXSMCG9L0F1
B0C1GNCTL9,A3RIXSMCG9L0F1
B0BXRS2DHS,A3RIXSMCG9L0F1
B0BXPGX6SP,A3RIXSMCG9L0F1
B0BX8T3629,A3RIXSMCG9L0F1
B0BX8JD4SW,A3RIXSMCG9L0F1
B0BX66RCQN,A3RIXSMCG9L0F1
B0BX65HD7Q,A3RIXSMCG9L0F1
B0BVQ1G1N8,A3RIXSMCG9L0F1
B0CNSZC85N,A3RIXSMCG9L0F1
B0CMSDVNYJ,A3RIXSMCG9L0F1
B0CLY91N16,A3RIXSMCG9L0F1
B0CKVY1423,A3RIXSMCG9L0F1
B0CKTNB2NC,A3RIXSMCG9L0F1
B0CJ4XWMD6,A3RIXSMCG9L0F1
B0CHY8FS6Q,A3RIXSMCG9L0F1
B0CGZTC3F3,A3RIXSMCG9L0F1
B0CGZRR851,A3RIXSMCG9L0F1
B0CGRBXPN6,A3RIXSMCG9L0F1
B0CGQDGYKG,A3RIXSMCG9L0F1
B0CGN7RW8J,A3RIXSMCG9L0F1
B0CGLSGPGS,A3RIXSMCG9L0F1
B0CGL3FCP2,A3RIXSMCG9L0F1
B0CFQLY28Z,A3RIXSMCG9L0F1
B0CF8Z1SNT,A3RIXSMCG9L0F1
B0BCQ658C5,A3RIXSMCG9L0F1
B0BB7DXZ7X,A3RIXSMCG9L0F1
B0B9MM9LZ7,A3RIXSMCG9L0F1
B0B93P5CVH,A3RIXSMCG9L0F1
B0B6W7XR29,A3RIXSMCG9L0F1
B0B6HXCMHW,A3RIXSMCG9L0F1
B0B6DSFRJF,A3RIXSMCG9L0F1
B0B5ZZ56Z5,A3RIXSMCG9L0F1
B0B5TV85WY,A3RIXSMCG9L0F1
B0B53NX2K4,A3RIXSMCG9L0F1
B0B2DKM7T4,A3RIXSMCG9L0F1
B0B1KZ2L8F,A3RIXSMCG9L0F1
B09ZZ8SDJQ,A3RIXSMCG9L0F1
B09YR2NXNC,A3RIXSMCG9L0F1
B09Y13NGT3,A3RIXSMCG9L0F1
B09WTYZWKB,A3RIXSMCG9L0F1
B09FPNPQFW,A3RIXSMCG9L0F1
B09FL2B23Z,A3RIXSMCG9L0F1
B09D2ZKB99,A3RIXSMCG9L0F1
B09D2NNCDN,A3RIXSMCG9L0F1
B09B3FBQRC,A3RIXSMCG9L0F1
B099RPMSDJ,A3RIXSMCG9L0F1
B095BDXX3G,A3RIXSMCG9L0F1
B092J8M9GN,A3RIXSMCG9L0F1
B0922Y3SHM,A3RIXSMCG9L0F1
B091T383N3,A3RIXSMCG9L0F1
B08XPTB97X,A3RIXSMCG9L0F1
B08WGCFHMR,A3RIXSMCG9L0F1
B08TWY2339,A3RIXSMCG9L0F1
B08T6BLBHG,A3RIXSMCG9L0F1
B08Q3K973M,A3RIXSMCG9L0F1
B08Q3GCTSN,A3RIXSMCG9L0F1
B09W5YP3PG,A3RIXSMCG9L0F1
B09V3CNCBV,A3RIXSMCG9L0F1
B09TK4Q7NB,A3RIXSMCG9L0F1
B09SYLLC62,A3RIXSMCG9L0F1
B09SH45G3W,A3RIXSMCG9L0F1
B09SB27Q4R,A3RIXSMCG9L0F1
B09Q99YBBZ,A3RIXSMCG9L0F1
B09Q8F7CT4,A3RIXSMCG9L0F1
B09PFVJZRM,A3RIXSMCG9L0F1
B09MTLV8H6,A3RIXSMCG9L0F1
B09MH7RJ3K,A3RIXSMCG9L0F1
B09LNMWF9H,A3RIXSMCG9L0F1
B09LCRPVH4,A3RIXSMCG9L0F1
B09KLXX4GK,A3RIXSMCG9L0F1
B09JNMFV7S,A3RIXSMCG9L0F1
B09H7B4G4G,A3RIXSMCG9L0F1
B08MPW8GPM,A3RIXSMCG9L0F1
B08KHBFBMH,A3RIXSMCG9L0F1
B08JH3FNZX,A3RIXSMCG9L0F1
B08GWXC84H,A3RIXSMCG9L0F1
B08FJ4MDTS,A3RIXSMCG9L0F1
B08CH2KWG5,A3RIXSMCG9L0F1
B089W27NXM,A3RIXSMCG9L0F1
B07YHFX331,A3RIXSMCG9L0F1
B07XXTQQRX,A3RIXSMCG9L0F1
B07VMF88FR,A3RIXSMCG9L0F1
B07VKN1RWM,A3RIXSMCG9L0F1
B07VKJNNR7,A3RIXSMCG9L0F1
B07SJHL9GB,A3RIXSMCG9L0F1
B07S66L929,A3RIXSMCG9L0F1
B07RWLHFMC,A3RIXSMCG9L0F1
B07LDDRZLM,A3RIXSMCG9L0F1
B07JM3HDPH,A3RIXSMCG9L0F1
B07HPXD7M1,A3RIXSMCG9L0F1
B07HLHZMHR,A3RIXSMCG9L0F1
B07HK7W4YB,A3RIXSMCG9L0F1
B07G2YYTT3,A3RIXSMCG9L0F1
B0794WN5X7,A3RIXSMCG9L0F1
B078HLFBMX,A3RIXSMCG9L0F1
B0754LMN22,A3RIXSMCG9L0F1
B0746HNN95,A3RIXSMCG9L0F1
B072QRCL2J,A3RIXSMCG9L0F1
B01KV96F3A,A3RIXSMCG9L0F1
B01DNKZVGG,A3RIXSMCG9L0F1
B01D9WN98A,A3RIXSMCG9L0F1
B01D9WME2C,A3RIXSMCG9L0F1
B01D9WMDX2,A3RIXSMCG9L0F1
B01D9T1NXQ,A3RIXSMCG9L0F1
B01D9T1K4I,A3RIXSMCG9L0F1
B01D9SZNGA,A3RIXSMCG9L0F1
B01D9SVGKM,A3RIXSMCG9L0F1
B01D3BVJ48,A3RIXSMCG9L0F1
B01D3BVIXA,A3RIXSMCG9L0F1
B01D3BH2Z8,A3RIXSMCG9L0F1
B01D37GQO0,A3RIXSMCG9L0F1
B01D27AEZ8,A3RIXSMCG9L0F1
B01D277ACS,A3RIXSMCG9L0F1
B01D274Q8Y,A3RIXSMCG9L0F1
B01D273ZM2,A3RIXSMCG9L0F1
B01D2723AW,A3RIXSMCG9L0F1
B01C6R7MV4,A3RIXSMCG9L0F1
B017BZ6BCM,A3RIXSMCG9L0F1
B01508ZT1G,A3RIXSMCG9L0F1
B00OJQAWQS,A3RIXSMCG9L0F1
B00INIGQ7M,A3RIXSMCG9L0F1
B0067CZGNQ,A3RIXSMCG9L0F1
B0053V1DIO,A3RIXSMCG9L0F1
B002YD8DUU,A3RIXSMCG9L0F1
B000KF6BFI,A3RIXSMCG9L0F1
B0BTY9Q2J1,A3RIXSMCG9L0F1
B0BTNBVW67,A3RIXSMCG9L0F1
B0BT8WG9SB,A3RIXSMCG9L0F1
B0BS6T7KB4,A3RIXSMCG9L0F1
B0BRSHJGTL,A3RIXSMCG9L0F1
B0BQW2RS6H,A3RIXSMCG9L0F1
B0BQJ45GT1,A3RIXSMCG9L0F1
B0BNGZ6MZ5,A3RIXSMCG9L0F1
B0BN5MQCCB,A3RIXSMCG9L0F1
B0BML9HMJR,A3RIXSMCG9L0F1
B0BLC8XZ4C,A3RIXSMCG9L0F1
B0BL5YN6W1,A3RIXSMCG9L0F1
B0BGRCQDZJ,A3RIXSMCG9L0F1
B0BG2WC8NB,A3RIXSMCG9L0F1
B0BDRH8QS6,A3RIXSMCG9L0F1
B0BDHY2JJ3,A3RIXSMCG9L0F1
B0B7G8RZ62,A3RIXSMCG9L0F1
B0966MHGTV,A3RIXSMCG9L0F1
B07K86J2C4,A3RIXSMCG9L0F1
B081548QW5,A3RIXSMCG9L0F1
B01IWT4KNS,A3RIXSMCG9L0F1
B0DK3DRHWT,A3RIXSMCG9L0F1
B0D9NC1B4R,A3RIXSMCG9L0F1
B0BGXQXWWZ,A3RIXSMCG9L0F1
B0CKR4WZRZ,A3RIXSMCG9L0F1
B0D3WJP8DR,A3RIXSMCG9L0F1
B0CC511YGT,A3RIXSMCG9L0F1
B0CNGQDFLK,A3RIXSMCG9L0F1
B0D2BHGJ93,A3RIXSMCG9L0F1
B0CFFC9R5S,A3RIXSMCG9L0F1
B08MX2DL85,A3RIXSMCG9L0F1
B0BQ9JKGXW,A3RIXSMCG9L0F1
B07JZ56VYB,A3RIXSMCG9L0F1
B0BJDQBR4W,A3RIXSMCG9L0F1
B09Z99RRD6,A3RIXSMCG9L0F1
B09ZXRKQXD,A3RIXSMCG9L0F1
B0CLXNRCYN,A3RIXSMCG9L0F1
B09WMRJ849,A3RIXSMCG9L0F1
B071V9BX3Z,A3RIXSMCG9L0F1
B09WMMT1PV,A3RIXSMCG9L0F1
B0B8V4NK8G,A3RIXSMCG9L0F1
B09SWK8VG6,A3RIXSMCG9L0F1
B0C1NVK1N9,A3RIXSMCG9L0F1
B099JHH6R1,A3RIXSMCG9L0F1
B08LTDYMK8,A3RIXSMCG9L0F1
B095NS6BCP,A3RIXSMCG9L0F1
B0B4C4X4D3,A3RIXSMCG9L0F1
B091YVKBVV,A3RIXSMCG9L0F1
B095WLF8KH,A3RIXSMCG9L0F1
B091KTB5RR,A3RIXSMCG9L0F1
B07RKVQ4LP,A3RIXSMCG9L0F1
B08TM7GRKS,A3RIXSMCG9L0F1
B00KWHEQLA,A3RIXSMCG9L0F1
B07QPZ7P4L,A3RIXSMCG9L0F1
B07GTJV76Y,A3RIXSMCG9L0F1
B07GRLH4R5,A3RIXSMCG9L0F1
B0DC6HB7FP,A3RIXSMCG9L0F1
B075R7KKR3,A3RIXSMCG9L0F1
B093PY9TD3,A3RIXSMCG9L0F1
B08DW6P5FS,A3RIXSMCG9L0F1
B0DJLYT81Q,A3RIXSMCG9L0F1
B09ZLGW6C5,A3RIXSMCG9L0F1
B0D5HKTMVY,A3RIXSMCG9L0F1
B096XHMLM8,A3RIXSMCG9L0F1
B07DBKPQ8P,A3RIXSMCG9L0F1
B07FQCHSWZ,A3RIXSMCG9L0F1
B01LBFPWKA,A3RIXSMCG9L0F1
B0C61WKTCN,A3RIXSMCG9L0F1
B089W65TZP,A3RIXSMCG9L0F1
B07RPC3MX7,A3RIXSMCG9L0F1
B0CSPM6D7D,A3RIXSMCG9L0F1
B0CL9JXZ14,A3RIXSMCG9L0F1
B0BNN6FHQN,A3RIXSMCG9L0F1
B0BHQNZMNJ,A3RIXSMCG9L0F1
B09YTXFKDD,A3RIXSMCG9L0F1
B09YMYP58B,A3RIXSMCG9L0F1
B08YRSL6KG,A3RIXSMCG9L0F1
B08QR9JZ54,A3RIXSMCG9L0F1
B082FM55YH,A3RIXSMCG9L0F1
B07JYV1RZW,A3RIXSMCG9L0F1
B0DCJYK14V,A3RIXSMCG9L0F1
B0DBHGHWF6,A3RIXSMCG9L0F1
B0D9QZJY49,A3RIXSMCG9L0F1
B0D9KDFLVN,A3RIXSMCG9L0F1
B0D8GH2WCM,A3RIXSMCG9L0F1
B0D8B2JYN2,A3RIXSMCG9L0F1
B0D7MBWDPL,A3RIXSMCG9L0F1
B0D6YX1K7D,A3RIXSMCG9L0F1
B0D6RC55TG,A3RIXSMCG9L0F1
B0D6CCJHD4,A3RIXSMCG9L0F1
B0D66BQT76,A3RIXSMCG9L0F1
B0D5Z2TR2F,A3RIXSMCG9L0F1
B0D5LT28RY,A3RIXSMCG9L0F1
B0D5BGPNMT,A3RIXSMCG9L0F1
B0D48LQ4ND,A3RIXSMCG9L0F1
B0D3TYK6MN,A3RIXSMCG9L0F1
B0D3QHWMBH,A3RIXSMCG9L0F1
B0D3BM43RV,A3RIXSMCG9L0F1
B0D2NV3FC6,A3RIXSMCG9L0F1
B0D1Y4B9ML,A3RIXSMCG9L0F1
B0D1TQFQ3J,A3RIXSMCG9L0F1
B0D1B6GC3Q,A3RIXSMCG9L0F1
B0CZDFQ4YJ,A3RIXSMCG9L0F1
B0CZ4H7D9Z,A3RIXSMCG9L0F1
B0CYZKNP1D,A3RIXSMCG9L0F1
B0CYWZXW44,A3RIXSMCG9L0F1
B0CXX5BSLP,A3RIXSMCG9L0F1
B0CXTHHJ1Y,A3RIXSMCG9L0F1
B0CXPK9JZP,A3RIXSMCG9L0F1
B0CXF96HW8,A3RIXSMCG9L0F1
B0CWTTPKZJ,A3RIXSMCG9L0F1
B0CVFVQS2Q,A3RIXSMCG9L0F1
B0CT5V8HM5,A3RIXSMCG9L0F1
B0CSW3HJTJ,A3RIXSMCG9L0F1
B0CQY62DRK,A3RIXSMCG9L0F1
B0CQX33B75,A3RIXSMCG9L0F1
B0CQCQ4QSX,A3RIXSMCG9L0F1
B0CQ1KDYHT,A3RIXSMCG9L0F1
B0CPY54ZW4,A3RIXSMCG9L0F1
B0CPPFJV1K,A3RIXSMCG9L0F1
B0CPBDRR93,A3RIXSMCG9L0F1
B0CP8ZRY5S,A3RIXSMCG9L0F1
B0CP3JBXPJ,A3RIXSMCG9L0F1
B0CMTF1BR6,A3RIXSMCG9L0F1
B0CMQDZVLH,A3RIXSMCG9L0F1
B0CMGTSG1Z,A3RIXSMCG9L0F1
B0CM37H9MV,A3RIXSMCG9L0F1
B0DTJ14FV5,A3RIXSMCG9L0F1
B0DTH8PGT4,A3RIXSMCG9L0F1
B0DT1F883X,A3RIXSMCG9L0F1
B0DSVT3K65,A3RIXSMCG9L0F1
B0DSC1V633,A3RIXSMCG9L0F1
B0DQ4LQFCH,A3RIXSMCG9L0F1
B0DL5YSLNL,A3RIXSMCG9L0F1
B0DKC5FWKY,A3RIXSMCG9L0F1
B0DK4ZB7N6,A3RIXSMCG9L0F1
B0DHZJG36H,A3RIXSMCG9L0F1
B0DHVFNBKZ,A3RIXSMCG9L0F1
B0DGT28KXT,A3RIXSMCG9L0F1
B0DF6XRJWQ,A3RIXSMCG9L0F1
B0DF2SVXFD,A3RIXSMCG9L0F1
B0DDH82CBV,A3RIXSMCG9L0F1
B0DD6ZMQ6L,A3RIXSMCG9L0F1
B0CLGV9CZ3,A3RIXSMCG9L0F1
B0CLCRJNRJ,A3RIXSMCG9L0F1
B0CL25Z66C,A3RIXSMCG9L0F1
B0CKRJP8QH,A3RIXSMCG9L0F1
B0CJT8T36M,A3RIXSMCG9L0F1
B0CJ7ZLN8S,A3RIXSMCG9L0F1
B0CJ5DC1VQ,A3RIXSMCG9L0F1
B0CHG1HKTB,A3RIXSMCG9L0F1
B0CH8C5KJ6,A3RIXSMCG9L0F1
B0CGZSS76T,A3RIXSMCG9L0F1
B0CGDBZBVD,A3RIXSMCG9L0F1
B0CG66SJ91,A3RIXSMCG9L0F1
B0CG57VQRB,A3RIXSMCG9L0F1
B0CFT84F49,A3RIXSMCG9L0F1
B0CFQF4GML,A3RIXSMCG9L0F1
B0CFLFVRTB,A3RIXSMCG9L0F1
B0C2HB8FM8,A3RIXSMCG9L0F1
B0C23SN67J,A3RIXSMCG9L0F1
B0C1SDBG7Q,A3RIXSMCG9L0F1
B0C1BWPMW2,A3RIXSMCG9L0F1
B0BXGWQFNQ,A3RIXSMCG9L0F1
B0BX42Q4ST,A3RIXSMCG9L0F1
B0BWJKJX9R,A3RIXSMCG9L0F1
B0BW7KH93J,A3RIXSMCG9L0F1
B0BVW31F4V,A3RIXSMCG9L0F1
B0BVRP25RM,A3RIXSMCG9L0F1
B0BPJYVVK6,A3RIXSMCG9L0F1
B0BP74G5FF,A3RIXSMCG9L0F1
B0BP6MY26N,A3RIXSMCG9L0F1
B0BNPVW5M3,A3RIXSMCG9L0F1
B0BNBK93FH,A3RIXSMCG9L0F1
B0BLH4LJ1K,A3RIXSMCG9L0F1
B0CDKM9S63,A3RIXSMCG9L0F1
B0CC1ZVD7V,A3RIXSMCG9L0F1
B0CBTVVHG7,A3RIXSMCG9L0F1
B0CBQ73929,A3RIXSMCG9L0F1
B0CB5QMG29,A3RIXSMCG9L0F1
B0C96PRY11,A3RIXSMCG9L0F1
B0C88RRW83,A3RIXSMCG9L0F1
B0C7G9Y9LW,A3RIXSMCG9L0F1
B0C73MM3CF,A3RIXSMCG9L0F1
B0C5PWM7K1,A3RIXSMCG9L0F1
B0C584FDK4,A3RIXSMCG9L0F1
B0C4GWWZYY,A3RIXSMCG9L0F1
B0C42XQ3MK,A3RIXSMCG9L0F1
B0C3YDP9N4,A3RIXSMCG9L0F1
B0C3B6X5LQ,A3RIXSMCG9L0F1
B0C3B2FRWN,A3RIXSMCG9L0F1
B0B6FN5PD5,A3RIXSMCG9L0F1
B0B6BWMTVP,A3RIXSMCG9L0F1
B0B68WLP82,A3RIXSMCG9L0F1
B0B6139NDW,A3RIXSMCG9L0F1
B0B3D824QR,A3RIXSMCG9L0F1
B0B3D7FCDF,A3RIXSMCG9L0F1
B0B2VXWN54,A3RIXSMCG9L0F1
B0B1WM62LZ,A3RIXSMCG9L0F1
B0B11J399W,A3RIXSMCG9L0F1
B09YPR17D4,A3RIXSMCG9L0F1
B09YPC76RZ,A3RIXSMCG9L0F1
B09Y24ZQ5C,A3RIXSMCG9L0F1
B09X1FGVRB,A3RIXSMCG9L0F1
B09WYG5J5V,A3RIXSMCG9L0F1
B09WV6BKY1,A3RIXSMCG9L0F1
B09W5KP6Z7,A3RIXSMCG9L0F1
B09VQ376CC,A3RIXSMCG9L0F1
B09VB38VNG,A3RIXSMCG9L0F1
B09V56FS4X,A3RIXSMCG9L0F1
B09TW25QQN,A3RIXSMCG9L0F1
B09TW1LV9P,A3RIXSMCG9L0F1
B09SPRGY9N,A3RIXSMCG9L0F1
B09Q5ZLKJ7,A3RIXSMCG9L0F1
B09PL6GBLB,A3RIXSMCG9L0F1
B09PFRTTJG,A3RIXSMCG9L0F1
B09PDY15ZD,A3RIXSMCG9L0F1
B09MD2XRTY,A3RIXSMCG9L0F1
B09JVL1V2C,A3RIXSMCG9L0F1
B09JGHKB2D,A3RIXSMCG9L0F1
B09G6NRMLN,A3RIXSMCG9L0F1
B09C3LGD6S,A3RIXSMCG9L0F1
B09BTNCCN7,A3RIXSMCG9L0F1
B07CYY6YCW,A3RIXSMCG9L0F1
B07CQMGG63,A3RIXSMCG9L0F1
B07CJ1VMMD,A3RIXSMCG9L0F1
B079D5YHDP,A3RIXSMCG9L0F1
B075ZYSPZ9,A3RIXSMCG9L0F1
B073XQDC1Z,A3RIXSMCG9L0F1
B073RPDR5B,A3RIXSMCG9L0F1
B06XXQXBD8,A3RIXSMCG9L0F1
B01NBBTGE1,A3RIXSMCG9L0F1
B01LX5M9EY,A3RIXSMCG9L0F1
B01EBB8BJA,A3RIXSMCG9L0F1
B01D3BLTVQ,A3RIXSMCG9L0F1
B01D3BIF6S,A3RIXSMCG9L0F1
B01D278VXU,A3RIXSMCG9L0F1
B01D27387E,A3RIXSMCG9L0F1
B00IQ5Q5XM,A3RIXSMCG9L0F1
B086V3BNNV,A3RIXSMCG9L0F1
B082NX5FVR,A3RIXSMCG9L0F1
B081JSG1GR,A3RIXSMCG9L0F1
B07ZJNZ7F1,A3RIXSMCG9L0F1
B07WLQG55T,A3RIXSMCG9L0F1
B07V816ZVD,A3RIXSMCG9L0F1
B07SR5L95V,A3RIXSMCG9L0F1
B07SQR1LNK,A3RIXSMCG9L0F1
B07RHPP6QH,A3RIXSMCG9L0F1
B07QX4LDH2,A3RIXSMCG9L0F1
B07Q6Y9TX6,A3RIXSMCG9L0F1
B07NBNYSFH,A3RIXSMCG9L0F1
B07NBLJNG8,A3RIXSMCG9L0F1
B07LB3Y3M9,A3RIXSMCG9L0F1
B07HKP2R9T,A3RIXSMCG9L0F1
B07DWR8K2C,A3RIXSMCG9L0F1
B00B7RC9PO,A3RIXSMCG9L0F1
B0088YDIJ0,A3RIXSMCG9L0F1
0972683275,A3RIXSMCG9L0F1
B0BLGN6YDB,A3RIXSMCG9L0F1
B0BLGL5JMT,A3RIXSMCG9L0F1
B0BL45KMR5,A3RIXSMCG9L0F1
B0BJ9ML6P9,A3RIXSMCG9L0F1
B0BJ26R17F,A3RIXSMCG9L0F1
B0BHZTQC66,A3RIXSMCG9L0F1
B0BHH46C7H,A3RIXSMCG9L0F1
B0BHDMLK6P,A3RIXSMCG9L0F1
B0BH4ZYBW6,A3RIXSMCG9L0F1
B0BG887D15,A3RIXSMCG9L0F1
B0BFHN7M9J,A3RIXSMCG9L0F1
B0BCK5G79T,A3RIXSMCG9L0F1
B0BCDWHPYK,A3RIXSMCG9L0F1
B0BBDYS4XY,A3RIXSMCG9L0F1
B0B9G6W16Y,A3RIXSMCG9L0F1
B0B8RLTL6G,A3RIXSMCG9L0F1
B0DJ6PCVV6,A3RIXSMCG9L0F1
B0DCTDFBXG,A3RIXSMCG9L0F1
B0C9TW3YT3,A3RIXSMCG9L0F1
B0CZJ7T93H,A3RIXSMCG9L0F1
B0CWL23B8Y,A3RIXSMCG9L0F1
B07QSH65KJ,A3RIXSMCG9L0F1
B08JHG2ZM1,A3RIXSMCG9L0F1
B0845SMPVJ,A3RIXSMCG9L0F1
B0BL3JX91T,A3RIXSMCG9L0F1
B0BK2D7RVG,A3RIXSMCG9L0F1
B0C3BJQKMS,A3RIXSMCG9L0F1
B09JKKLKCX,A3RIXSMCG9L0F1
B0B148TX6R,A3RIXSMCG9L0F1
B09JKK3SG1,A3RIXSMCG9L0F1
B07PJ7BDWL,A3RIXSMCG9L0F1
B09HXZHFNM,A3RIXSMCG9L0F1
B0DB1WNNKP,A3RIXSMCG9L0F1
B0CNT1981H,A3RIXSMCG9L0F1
B07PNCDW6V,A3RIXSMCG9L0F1
B0CCBJQCZG,A3RIXSMCG9L0F1
B0D7VNXWJG,A3RIXSMCG9L0F1
B0CBRVMY8Z,A3RIXSMCG9L0F1
B08L6JQ7DZ,A3RIXSMCG9L0F1
B0B1W5Z9G2,A3RIXSMCG9L0F1
B0D2Q24LM9,A3RIXSMCG9L0F1
B09PHJPRFP,A3RIXSMCG9L0F1
B074N3ZGWF,A3RIXSMCG9L0F1
B08ZSH7GS9,A3RIXSMCG9L0F1
B0D92H1R1L,A3RIXSMCG9L0F1
B08Z46TR2R,A3RIXSMCG9L0F1
B0D7MG7RWT,A3RIXSMCG9L0F1
B08VNJ8N8V,A3RIXSMCG9L0F1
B07RC3LZTH,A3RIXSMCG9L0F1
B0BQ319RB7,A3RIXSMCG9L0F1
B09D7C63SD,A3RIXSMCG9L0F1
B0CKXZSTH7,A3RIXSMCG9L0F1
B0CLBLJFWF,A3RIXSMCG9L0F1
B0BLXYXDCV,A3RIXSMCG9L0F1
B0DP2HRTPQ,A3RIXSMCG9L0F1
B08C2KHJLN,A3RIXSMCG9L0F1
B09YNQMJSM,A3RIXSMCG9L0F1
B09DC81CPC,A3RIXSMCG9L0F1
B0BDFTKVKC,A3RIXSMCG9L0F1
B09V88F2WD,A3RIXSMCG9L0F1
B0937LNDN9,A3RIXSMCG9L0F1
B092QT1BNF,A3RIXSMCG9L0F1
B08X3XZ5JS,A3RIXSMCG9L0F1
B07CT92FN5,A3RIXSMCG9L0F1
B07CG2BGB2,A3RIXSMCG9L0F1
B0DSVWW32Y,A3RIXSMCG9L0F1
B0DR8DSGYS,A3RIXSMCG9L0F1
B0DQC7CZ3J,A3RIXSMCG9L0F1
B0DKXQN78N,A3RIXSMCG9L0F1
B0DKK6N8SW,A3RIXSMCG9L0F1
B0DJLQGQDY,A3RIXSMCG9L0F1
B0DJJK51XS,A3RIXSMCG9L0F1
B0DJGFXZW5,A3RIXSMCG9L0F1
B0DHYY4972,A3RIXSMCG9L0F1
B0DGLBW87B,A3RIXSMCG9L0F1
B0DGCHW7GW,A3RIXSMCG9L0F1
B0987X98TY,A3RIXSMCG9L0F1
B097YDJ11T,A3RIXSMCG9L0F1
B096B43551,A3RIXSMCG9L0F1
B092L9BJPN,A3RIXSMCG9L0F1
B0919CJTP5,A3RIXSMCG9L0F1
B08ZY43BY9,A3RIXSMCG9L0F1
B08Y8N9XHX,A3RIXSMCG9L0F1
B08XQD12M6,A3RIXSMCG9L0F1
B08R5TZT3J,A3RIXSMCG9L0F1
B08JQH4D19,A3RIXSMCG9L0F1
B08HZ6H4CY,A3RIXSMCG9L0F1
B08FHPJZ2P,A3RIXSMCG9L0F1
B08F757VCC,A3RIXSMCG9L0F1
B08DQFWZJ6,A3RIXSMCG9L0F1
B08DG62S5M,A3RIXSMCG9L0F1
B0873DR8XK,A3RIXSMCG9L0F1
B0DFG4NVB1,A3RIXSMCG9L0F1
B0DD75L9DD,A3RIXSMCG9L0F1
B0D93QMCF3,A3RIXSMCG9L0F1
B0D78YWKGH,A3RIXSMCG9L0F1
B0D6288PSY,A3RIXSMCG9L0F1
B0D4V3PF6F,A3RIXSMCG9L0F1
B0D4QZMN8S,A3RIXSMCG9L0F1
B0D28PJ7RP,A3RIXSMCG9L0F1
B0D1JX3GQS,A3RIXSMCG9L0F1
B0D1CDMR1Z,A3RIXSMCG9L0F1
B0D12L54KQ,A3RIXSMCG9L0F1
B0CYM5ZFCK,A3RIXSMCG9L0F1
B0CWPM75N5,A3RIXSMCG9L0F1
B0CSKFGYJS,A3RIXSMCG9L0F1
B0CR9VJFR3,A3RIXSMCG9L0F1
B0CQSM7R7H,A3RIXSMCG9L0F1
B0CQKMP72Z,A3RIXSMCG9L0F1
B0CKQSP3GL,A3RIXSMCG9L0F1
B0CJXWG9FC,A3RIXSMCG9L0F1
B0CJXF9JXV,A3RIXSMCG9L0F1
B0CJ2V1PK2,A3RIXSMCG9L0F1
B0CHW8G3BY,A3RIXSMCG9L0F1
B0CGLNWF93,A3RIXSMCG9L0F1
B0CG1W26KY,A3RIXSMCG9L0F1
B0CF9HCXM7,A3RIXSMCG9L0F1
B0CF26W56T,A3RIXSMCG9L0F1
B0CDVXJZRK,A3RIXSMCG9L0F1
B0CBCYXLPH,A3RIXSMCG9L0F1
B0C9Q8TS2W,A3RIXSMCG9L0F1
B0C9M328DP,A3RIXSMCG9L0F1
B0C98YW221,A3RIXSMCG9L0F1
B0C7VPCTLR,A3RIXSMCG9L0F1
B0C7VM6VYJ,A3RIXSMCG9L0F1
B0C7M8FFXF,A3RIXSMCG9L0F1
B0C6QFBYWG,A3RIXSMCG9L0F1
B0C6MB7WW8,A3RIXSMCG9L0F1
B0C65SL42B,A3RIXSMCG9L0F1
B0C65LQCJ1,A3RIXSMCG9L0F1
B0C5T8T5JQ,A3RIXSMCG9L0F1
B0C4VC2R44,A3RIXSMCG9L0F1
B0C2YZCB8C,A3RIXSMCG9L0F1
B0BWMXDWN7,A3RIXSMCG9L0F1
B0BWCL6PHH,A3RIXSMCG9L0F1
B0BW8L3MB8,A3RIXSMCG9L0F1
B0BVZF7QMC,A3RIXSMCG9L0F1
B0BVVL68MY,A3RIXSMCG9L0F1
B0BS6TYLDJ,A3RIXSMCG9L0F1
B0BQYSYJWP,A3RIXSMCG9L0F1
B0BPMBZ2QD,A3RIXSMCG9L0F1
B0BPLDP6HH,A3RIXSMCG9L0F1
B0BN9HQLSS,A3RIXSMCG9L0F1
B0BN51DHHL,A3RIXSMCG9L0F1
B0BMTYLKZG,A3RIXSMCG9L0F1
B0BLGX79R9,A3RIXSMCG9L0F1
B0BK8KS4RZ,A3RIXSMCG9L0F1
B0BHQ99CYG,A3RIXSMCG9L0F1
B0BF94CLNM,A3RIXSMCG9L0F1
B0BCGYDF11,A3RIXSMCG9L0F1
B0BBWWHZDJ,A3RIXSMCG9L0F1
B0BBRL2WG5,A3RIXSMCG9L0F1
B0BB176C4S,A3RIXSMCG9L0F1
B0B97LW3SB,A3RIXSMCG9L0F1
B0B8S1C3DD,A3RIXSMCG9L0F1
B0B7WM6Y6Q,A3RIXSMCG9L0F1
B0B5WVXL1M,A3RIXSMCG9L0F1
B0B51KGQGC,A3RIXSMCG9L0F1
B0B3SNWLQF,A3RIXSMCG9L0F1
B0B3GX1DKY,A3RIXSMCG9L0F1
B0B3DLS6FM,A3RIXSMCG9L0F1
B0B2W5MKHZ,A3RIXSMCG9L0F1
B0B2LLP2SC,A3RIXSMCG9L0F1
B0B18VM7TL,A3RIXSMCG9L0F1
B09ZL7W1DH,A3RIXSMCG9L0F1
B09Y9FV6JX,A3RIXSMCG9L0F1
B09Y8PWK7J,A3RIXSMCG9L0F1
B09Y5LK1P5,A3RIXSMCG9L0F1
B09XJM3YF2,A3RIXSMCG9L0F1
B09XJKZC3N,A3RIXSMCG9L0F1
B09XBVBYQ2,A3RIXSMCG9L0F1
B09WZWPKLG,A3RIXSMCG9L0F1
B098LH9WBY,A3RIXSMCG9L0F1
B097R4RN8R,A3RIXSMCG9L0F1
B097GMC85X,A3RIXSMCG9L0F1
B097DXF5LQ,A3RIXSMCG9L0F1
B097DCNDT4,A3RIXSMCG9L0F1
B097DB8ZJ6,A3RIXSMCG9L0F1
B094317S7C,A3RIXSMCG9L0F1
B093NXQTXZ,A3RIXSMCG9L0F1
B092ZM4GTY,A3RIXSMCG9L0F1
B092ZK29WV,A3RIXSMCG9L0F1
B092ZCL4KQ,A3RIXSMCG9L0F1
B08YJSFN4T,A3RIXSMCG9L0F1
B08TLWMV21,A3RIXSMCG9L0F1
B08SJJ91DL,A3RIXSMCG9L0F1
B08PBW9FLM,A3RIXSMCG9L0F1
B08PBW72N4,A3RIXSMCG9L0F1
B09WYLKJKS,A3RIXSMCG9L0F1
B09V5N56SS,A3RIXSMCG9L0F1
B09T39H3NP,A3RIXSMCG9L0F1
B09Q7XVTCC,A3RIXSMCG9L0F1
B09PZCVNYC,A3RIXSMCG9L0F1
B09P55N1Y9,A3RIXSMCG9L0F1
B09NLPT4NF,A3RIXSMCG9L0F1
B09NDGDRMT,A3RIXSMCG9L0F1
B09HK14LLC,A3RIXSMCG9L0F1
B09D38FPNT,A3RIXSMCG9L0F1
B09CTCSKQ4,A3RIXSMCG9L0F1
B099KBVX35,A3RIXSMCG9L0F1
B099K9CJB2,A3RIXSMCG9L0F1
B099J3WHDY,A3RIXSMCG9L0F1
B0998XRMRQ,A3RIXSMCG9L0F1
B098PZ51TF,A3RIXSMCG9L0F1
B08PBTH5WF,A3RIXSMCG9L0F1
B08M36BW4R,A3RIXSMCG9L0F1
B08GR8HSXG,A3RIXSMCG9L0F1
B08CDH12Q2,A3RIXSMCG9L0F1
B089ZV1G8N,A3RIXSMCG9L0F1
B087TXCRSY,A3RIXSMCG9L0F1
B087BBNSR9,A3RIXSMCG9L0F1
B07ZV4F7TC,A3RIXSMCG9L0F1
B07ZJKW94L,A3RIXSMCG9L0F1
B07YRNXV7T,A3RIXSMCG9L0F1
B07W8MPJVS,A3RIXSMCG9L0F1
B07RT8HRR9,A3RIXSMCG9L0F1
B07RQT12L1,A3RIXSMCG9L0F1
B07RBWD7F8,A3RIXSMCG9L0F1
B07R6Y2RZ3,A3RIXSMCG9L0F1
B07NYN9487,A3RIXSMCG9L0F1
B07NBKDNZ4,A3RIXSMCG9L0F1
B07MYG2CZ2,A3RIXSMCG9L0F1
B07HGZ17QM,A3RIXSMCG9L0F1
B07H4P5G1H,A3RIXSMCG9L0F1
B07H2W8HGR,A3RIXSMCG9L0F1
B07FKHMNQG,A3RIXSMCG9L0F1
B07D73XFBR,A3RIXSMCG9L0F1
B079MC28DQ,A3RIXSMCG9L0F1
B078WH53VK,A3RIXSMCG9L0F1
B0749L695P,A3RIXSMCG9L0F1
B073JN2G2Y,A3RIXSMCG9L0F1
B07384SXX4,A3RIXSMCG9L0F1
B0716JQY6S,A3RIXSMCG9L0F1
B01G6TXBHM,A3RIXSMCG9L0F1
B00YWOTXW6,A3RIXSMCG9L0F1
B09GLRCS4Y,A3RIXSMCG9L0F1
B0B4B6N8DS,A3RIXSMCG9L0F1
B09BQMN56G,A3RIXSMCG9L0F1
B0DR8V8LZ1,A3RIXSMCG9L0F1
B094YMH4XZ,A3RIXSMCG9L0F1
B0DM823WBT,A3RIXSMCG9L0F1
B08K8P3VBS,A3RIXSMCG9L0F1
B0DLX2NZH7,A3RIXSMCG9L0F1
B07P95M31N,A3RIXSMCG9L0F1
B0D9K9FWCF,A3RIXSMCG9L0F1
B01BN4GJ5Q,A3RIXSMCG9L0F1
B0D8MYTVVC,A3RIXSMCG9L0F1
B0D7HMRCJ2,A3RIXSMCG9L0F1
B0D43WCJF8,A3RIXSMCG9L0F1
B0D3HH31QS,A3RIXSMCG9L0F1
B0CZDBTN28,A3RIXSMCG9L0F1
B0CX25X3X4,A3RIXSMCG9L0F1
B0CQVF4RHM,A3RIXSMCG9L0F1
B0CPYD7FX3,A3RIXSMCG9L0F1
B0CNDBW9NB,A3RIXSMCG9L0F1
B0CJB7NG27,A3RIXSMCG9L0F1
B0CFXNM32M,A3RIXSMCG9L0F1
B0CDW15ZKY,A3RIXSMCG9L0F1
B0CCYXB9WM,A3RIXSMCG9L0F1
B0BYSJXSTZ,A3RIXSMCG9L0F1
B0BXZ74KZ9,A3RIXSMCG9L0F1
B0BVFZ8RX8,A3RIXSMCG9L0F1
B0BRM5DPWB,A3RIXSMCG9L0F1
B0BNFVP61R,A3RIXSMCG9L0F1
B0BMX81TW3,A3RIXSMCG9L0F1
B0BHPFTMXM,A3RIXSMCG9L0F1
B0BDY2BYLJ,A3RIXSMCG9L0F1
B0BCJ1Q2BT,A3RIXSMCG9L0F1
B0B97KYZ2B,A3RIXSMCG9L0F1
B0B5G3WXF5,A3RIXSMCG9L0F1
B0B3MBP36S,A3RIXSMCG9L0F1
B0B1YR9GBJ,A3RIXSMCG9L0F1
B09WDW5HPC,A3RIXSMCG9L0F1
B09P81VDQ4,A3RIXSMCG9L0F1
B09NMWPDB6,A3RIXSMCG9L0F1
B09LHVKKMX,A3RIXSMCG9L0F1
B09JGP6LR2,A3RIXSMCG9L0F1
B09HRWCL21,A3RIXSMCG9L0F1
B09GFLBY2G,A3RIXSMCG9L0F1
B097RSWN7D,A3RIXSMCG9L0F1
B094VTLTBN,A3RIXSMCG9L0F1
B092Z9WW2W,A3RIXSMCG9L0F1
B01MRKWIN8,A3RIXSMCG9L0F1
B01DHC9W8I,A3RIXSMCG9L0F1
B007CKT9FI,A3RIXSMCG9L0F1
B000G1IHHQ,A3RIXSMCG9L0F1
B0BY58TF1V,A3RIXSMCG9L0F1
B0DJY18QTT,A3RIXSMCG9L0F1
B0CL4RDPY7,A3RIXSMCG9L0F1
B08TLMTX1G,A3RIXSMCG9L0F1
B0DHTQK8VY,A3RIXSMCG9L0F1
B0DT2KQW1N,A3RIXSMCG9L0F1
B0DT18L7G8,A3RIXSMCG9L0F1
B0DRFT1YMB,A3RIXSMCG9L0F1
B0DQXKBCFL,A3RIXSMCG9L0F1
B0DN5THX17,A3RIXSMCG9L0F1
B0DJNST8M6,A3RIXSMCG9L0F1
B0DH2KVX5J,A3RIXSMCG9L0F1
B0DB88LF4Q,A3RIXSMCG9L0F1
B0DB211F6D,A3RIXSMCG9L0F1
B0D7S4QXTH,A3RIXSMCG9L0F1
B0D78S6MLQ,A3RIXSMCG9L0F1
B0D6R7PZSK,A3RIXSMCG9L0F1
B0D53HMKNL,A3RIXSMCG9L0F1
B0CYSS359J,A3RIXSMCG9L0F1
B0CYLPXVCM,A3RIXSMCG9L0F1
B0CXP3S2KX,A3RIXSMCG9L0F1
B0CX4GRLF7,A3RIXSMCG9L0F1
B0CWRD2KYJ,A3RIXSMCG9L0F1
B0CWQVPKH4,A3RIXSMCG9L0F1
B0CWN64VJB,A3RIXSMCG9L0F1
B0CS35VBLX,A3RIXSMCG9L0F1
B0CNXR65SX,A3RIXSMCG9L0F1
B0CNSW2XN5,A3RIXSMCG9L0F1
B0CM96BKV5,A3RIXSMCG9L0F1
B0CL5YHNT1,A3RIXSMCG9L0F1
B0CKLXZP35,A3RIXSMCG9L0F1
B0CDPHDFZD,A3RIXSMCG9L0F1
B0CDCFFRJC,A3RIXSMCG9L0F1
B0CBSCZBYR,A3RIXSMCG9L0F1
B0C7J1BP9T,A3RIXSMCG9L0F1
B0C6665WP9,A3RIXSMCG9L0F1
B0BV4HT3D2,A3RIXSMCG9L0F1
B0D4MC3B8R,A3RIXSMCG9L0F1
B07QVX2QHK,A3RIXSMCG9L0F1
B0B7QS8JLB,A3RIXSMCG9L0F1
B087WPPGT4,A3RIXSMCG9L0F1
B0BDRK6CX7,A3RIXSMCG9L0F1
B0006L48OW,A3RIXSMCG9L0F1
B07VTSQQQP,A3RIXSMCG9L0F1
B07V7DCLHH,A3RIXSMCG9L0F1
B07191C7BM,A3RIXSMCG9L0F1
B00IE7ONJ0,A3RIXSMCG9L0F1
B0DQXVX749,A3RIXSMCG9L0F1
B0925T8FJV,A3RIXSMCG9L0F1
B0912G2P15,A3RIXSMCG9L0F1
B08SLPM7MY,A3RIXSMCG9L0F1
B08PBVFTHP,A3RIXSMCG9L0F1
B08NCBGD77,A3RIXSMCG9L0F1
B089NJ26LZ,A3RIXSMCG9L0F1
B08951X8K2,A3RIXSMCG9L0F1
B08423NTC1,A3RIXSMCG9L0F1
B083NW89QH,A3RIXSMCG9L0F1
B082ZXFR59,A3RIXSMCG9L0F1
B07S8YMKXV,A3RIXSMCG9L0F1
B07KXLLYMF,A3RIXSMCG9L0F1
B07GTFQJP8,A3RIXSMCG9L0F1
B07GTDZCN4,A3RIXSMCG9L0F1
B079LJ126L,A3RIXSMCG9L0F1
B00TV45OV6,A3RIXSMCG9L0F1
B00OKOHAW8,A3RIXSMCG9L0F1
B00NJAH7LI,A3RIXSMCG9L0F1
B00GM5P2XM,A3RIXSMCG9L0F1
B00CEP8FB0,A3RIXSMCG9L0F1
B009MWPPCA,A3RIXSMCG9L0F1
B007KPY7F2,A3RIXSMCG9L0F1
B0033PQUBW,A3RIXSMCG9L0F1
B0BTPG9RHH,A3RIXSMCG9L0F1
B0BRSJL2KG,A3RIXSMCG9L0F1
B0BQQWM2QZ,A3RIXSMCG9L0F1
B0BQ3PMXJL,A3RIXSMCG9L0F1
B0BN67TVTT,A3RIXSMCG9L0F1
B0BMF5KQ5W,A3RIXSMCG9L0F1
B0BLMMXXNY,A3RIXSMCG9L0F1
B0BDRQQ6N8,A3RIXSMCG9L0F1
B0B1TLXMSX,A3RIXSMCG9L0F1
B0B18MZ2RS,A3RIXSMCG9L0F1
B0B14PD68Q,A3RIXSMCG9L0F1
B09Z5Z9D12,A3RIXSMCG9L0F1
B09VNRDZD6,A3RIXSMCG9L0F1
B09V44JR7B,A3RIXSMCG9L0F1
B09TZ5QTYD,A3RIXSMCG9L0F1
B09TD74KYZ,A3RIXSMCG9L0F1
B07PRC5PN1,A3RIXSMCG9L0F1
B07N1JZKLR,A3RIXSMCG9L0F1
B07M79JCYF,A3RIXSMCG9L0F1
B07B85ZJH4,A3RIXSMCG9L0F1
B077J3HR9M,A3RIXSMCG9L0F1
B0779D1PKV,A3RIXSMCG9L0F1
B074T1S4NP,A3RIXSMCG9L0F1
B073LCNMML,A3RIXSMCG9L0F1
B0721VZ4BG,A3RIXSMCG9L0F1
B06XW7CLSS,A3RIXSMCG9L0F1
B01NB9L7F3,A3RIXSMCG9L0F1
B01MZ2SL9H,A3RIXSMCG9L0F1
B01J67DPU4,A3RIXSMCG9L0F1
B01GSNNZ72,A3RIXSMCG9L0F1
B01AQ324Z4,A3RIXSMCG9L0F1
B015YHV462,A3RIXSMCG9L0F1
B09T8M1SXV,A3RIXSMCG9L0F1
B0CGJKTTZK,A3RIXSMCG9L0F1
B0969KLLZS,A3RIXSMCG9L0F1
B0C9GXR8CC,A3RIXSMCG9L0F1
B07Q8TH696,A3RIXSMCG9L0F1
B0DHRF3S6V,A3RIXSMCG9L0F1
B07G8X11FD,A3RIXSMCG9L0F1
B0CFB5BVH3,A3RIXSMCG9L0F1
B007BGRASQ,A3RIXSMCG9L0F1
B09FTPRNR3,A3RIXSMCG9L0F1
B08R2YLQDR,A3RIXSMCG9L0F1
B073WWVT6Q,A3RIXSMCG9L0F1
B0DGZ5W8YY,A3RIXSMCG9L0F1
B0DBPFG7LW,A3RIXSMCG9L0F1
B099K6KP9X,A3RIXSMCG9L0F1
B07L2PJDLF,A3RIXSMCG9L0F1
B09T2PN8CM,A3RIXSMCG9L0F1
B09SB98X31,A3RIXSMCG9L0F1
B09RBDMDM3,A3RIXSMCG9L0F1
B09BD6SVQK,A3RIXSMCG9L0F1
B093Q98D1Z,A3RIXSMCG9L0F1
B093JZRBCD,A3RIXSMCG9L0F1
B08FZXH5TS,A3RIXSMCG9L0F1
B08CGYMXXX,A3RIXSMCG9L0F1
B086XM2YJZ,A3RIXSMCG9L0F1
B085L7DST7,A3RIXSMCG9L0F1
B083PZWVJ3,A3RIXSMCG9L0F1
B0829XSQCB,A3RIXSMCG9L0F1
B0829TV2FX,A3RIXSMCG9L0F1
B07VMYFJPG,A3RIXSMCG9L0F1
B07S99KFPV,A3RIXSMCG9L0F1
B07QY4HRWM,A3RIXSMCG9L0F1
B0D9LPNNJF,A3RIXSMCG9L0F1
B0D9JG9PC8,A3RIXSMCG9L0F1
B0D83TZTMR,A3RIXSMCG9L0F1
B0D7MCY1JM,A3RIXSMCG9L0F1
B0D3L76N3K,A3RIXSMCG9L0F1
B0D226WPB6,A3RIXSMCG9L0F1
B0CZP4TBHW,A3RIXSMCG9L0F1
B0CZDTQT2Z,A3RIXSMCG9L0F1
B0CYBGFMYJ,A3RIXSMCG9L0F1
B0CX7TB3HC,A3RIXSMCG9L0F1
B0CX4X4JN3,A3RIXSMCG9L0F1
B0CS2VXBX1,A3RIXSMCG9L0F1
B0CKT46J22,A3RIXSMCG9L0F1
B0CJBGB5V6,A3RIXSMCG9L0F1
B0CJ7Y8Y3Z,A3RIXSMCG9L0F1
B0CHS49GL3,A3RIXSMCG9L0F1
B0CH8MP83V,A3RIXSMCG9L0F1
B0CDL7JSRD,A3RIXSMCG9L0F1
B0CDGXTX2L,A3RIXSMCG9L0F1
B0CD9PSJ83,A3RIXSMCG9L0F1
B0CB62C2XD,A3RIXSMCG9L0F1
B0C9MZ45WF,A3RIXSMCG9L0F1
B0C89S6R1Z,A3RIXSMCG9L0F1
B0C73GD6G5,A3RIXSMCG9L0F1
B0C5XLGLJP,A3RIXSMCG9L0F1
B0C53BKB11,A3RIXSMCG9L0F1
B0C3LH4QW9,A3RIXSMCG9L0F1
B0C1KRYKJK,A3RIXSMCG9L0F1
B0BZMZTJG2,A3RIXSMCG9L0F1
B0BZC999K7,A3RIXSMCG9L0F1
B0BWYJ7SGV,A3RIXSMCG9L0F1
B0BTZ2CH46,A3RIXSMCG9L0F1
B0DDHR49PP,A3RIXSMCG9L0F1
B0CJ3B2J46,A3RIXSMCG9L0F1
B0BG6X7Y56,A3RIXSMCG9L0F1
B0BCJWQ959,A3RIXSMCG9L0F1
B09H6TRZRL,A3RIXSMCG9L0F1
B092HDWY4G,A3RIXSMCG9L0F1
B08P2G5JYV,A3RIXSMCG9L0F1
B07RSZY1MK,A3RIXSMCG9L0F1
B07DB42HQV,A3RIXSMCG9L0F1
B017MONR2E,A3RIXSMCG9L0F1
B0DSB3RXF4,A3RIXSMCG9L0F1
B0DQHJZTSN,A3RIXSMCG9L0F1
B0DND77HQS,A3RIXSMCG9L0F1
B0DHQW9VZQ,A3RIXSMCG9L0F1
B0DHGNFP3M,A3RIXSMCG9L0F1
B0DDJ5NZH6,A3RIXSMCG9L0F1
B0BR5D8QFY,A3RIXSMCG9L0F1
B0BQ6DB1B9,A3RIXSMCG9L0F1
B0BPSG4RSY,A3RIXSMCG9L0F1
B0BLLL674L,A3RIXSMCG9L0F1
B0BHP5GLWT,A3RIXSMCG9L0F1
B0BG4TZZ1H,A3RIXSMCG9L0F1
B0BFXFD8T9,A3RIXSMCG9L0F1
B0BCJ5RSYD,A3RIXSMCG9L0F1
B0BCFWXH1P,A3RIXSMCG9L0F1
B0B99958YL,A3RIXSMCG9L0F1
B0B53FDCFB,A3RIXSMCG9L0F1
B0B4C9L9B2,A3RIXSMCG9L0F1
B0B3DTNY3F,A3RIXSMCG9L0F1
B0B241X1S9,A3RIXSMCG9L0F1
B0B1B9S4HN,A3RIXSMCG9L0F1
B09ZP4GF6R,A3RIXSMCG9L0F1
B09ZKFZCS8,A3RIXSMCG9L0F1
B09ZGYW6P6,A3RIXSMCG9L0F1
B09YRNLHMY,A3RIXSMCG9L0F1
B09Y8LSDJ8,A3RIXSMCG9L0F1
B09XHHVW5G,A3RIXSMCG9L0F1
B09XGRG4Z1,A3RIXSMCG9L0F1
B09XBWP6LH,A3RIXSMCG9L0F1
B09XBW5N7D,A3RIXSMCG9L0F1
B09XBW2GQ9,A3RIXSMCG9L0F1
B09XBW224Q,A3RIXSMCG9L0F1
B09XBVZRTK,A3RIXSMCG9L0F1
B09XBVSFF7,A3RIXSMCG9L0F1
B09XBVRG5K,A3RIXSMCG9L0F1
B09XBVNND2,A3RIXSMCG9L0F1
B09XBV716C,A3RIXSMCG9L0F1
B09XBV6KTT,A3RIXSMCG9L0F1
B09XBTZ2QT,A3RIXSMCG9L0F1
B09XBTY8N4,A3RIXSMCG9L0F1
B09XBTW2G8,A3RIXSMCG9L0F1
B09XBTT69V,A3RIXSMCG9L0F1
B09XBTDQRN,A3RIXSMCG9L0F1
B09XBSWF4Q,A3RIXSMCG9L0F1
B09WJ3219P,A3RIXSMCG9L0F1
B09VLM57Y3,A3RIXSMCG9L0F1
B09TKLD52H,A3RIXSMCG9L0F1
B09T9H2BZY,A3RIXSMCG9L0F1
B09T3MSL8R,A3RIXSMCG9L0F1
B09STL6Z5C,A3RIXSMCG9L0F1
B09SGCGLZC,A3RIXSMCG9L0F1
B09SG9R3F9,A3RIXSMCG9L0F1
B09SG7DQBH,A3RIXSMCG9L0F1
B09SFKT6J2,A3RIXSMCG9L0F1
B082NY4453,A3RIXSMCG9L0F1
B082FRSMJ7,A3RIXSMCG9L0F1
B081VGZ6XN,A3RIXSMCG9L0F1
B07ZNWNQJZ,A3RIXSMCG9L0F1
B07YDKFLP8,A3RIXSMCG9L0F1
B07Y84XRS6,A3RIXSMCG9L0F1
B07SLP6F6T,A3RIXSMCG9L0F1
B07SH5DMT5,A3RIXSMCG9L0F1
B07MFV2NZK,A3RIXSMCG9L0F1
B07KV1KW1Q,A3RIXSMCG9L0F1
B07KGJS4MD,A3RIXSMCG9L0F1
B07K2QM59B,A3RIXSMCG9L0F1
B07JG2HWR9,A3RIXSMCG9L0F1
B07J17PPCS,A3RIXSMCG9L0F1
B07HDP16LX,A3RIXSMCG9L0F1
B07H7B1BKG,A3RIXSMCG9L0F1
B07F413CW5,A3RIXSMCG9L0F1
B078X3F29Q,A3RIXSMCG9L0F1
B0781BGXQB,A3RIXSMCG9L0F1
B071S4DWD6,A3RIXSMCG9L0F1
B06XKX9C8P,A3RIXSMCG9L0F1
B01HLVPUT6,A3RIXSMCG9L0F1
B01DL9LWYO,A3RIXSMCG9L0F1
B01DL9LWXU,A3RIXSMCG9L0F1
B01CQSO1SA,A3RIXSMCG9L0F1
B019J3LMEQ,A3RIXSMCG9L0F1
B00RHGK532,A3RIXSMCG9L0F1
B00CF77XHE,A3RIXSMCG9L0F1
B0015658IW,A3RIXSMCG9L0F1
B09PBLJGRS,A3RIXSMCG9L0F1
B09NLBZD4K,A3RIXSMCG9L0F1
B09N8S4T5M,A3RIXSMCG9L0F1
B09N8FYY35,A3RIXSMCG9L0F1
B09MLQQ471,A3RIXSMCG9L0F1
B09MD6J79W,A3RIXSMCG9L0F1
B09M8BNHCN,A3RIXSMCG9L0F1
B09LVNSV3D,A3RIXSMCG9L0F1
B09K7P7K3F,A3RIXSMCG9L0F1
B09JFRP34C,A3RIXSMCG9L0F1
B099FG61DB,A3RIXSMCG9L0F1
B097R49222,A3RIXSMCG9L0F1
B094VSQJ35,A3RIXSMCG9L0F1
B094TTLBLS,A3RIXSMCG9L0F1
B093F3WYGF,A3RIXSMCG9L0F1
B092PXS3BF,A3RIXSMCG9L0F1
B07K9S68J9,A3RIXSMCG9L0F1
B0CRL2R1Y9,A3RIXSMCG9L0F1
B0CNLGLFJH,A3RIXSMCG9L0F1
B08TBWTWLH,A3RIXSMCG9L0F1
B0BTYYF676,A3RIXSMCG9L0F1
B00UXIE9KQ,A3RIXSMCG9L0F1
B09WR37LCD,A3RIXSMCG9L0F1
B07SBP3DCV,A3RIXSMCG9L0F1
B089QVZK6Z,A3RIXSMCG9L0F1
B0BL74746W,A3RIXSMCG9L0F1
B0BN5HNTC7,A3RIXSMCG9L0F1
B08BTLGQW7,A3RIXSMCG9L0F1
B0D3T5B8PK,A3RIXSMCG9L0F1
B0CXHQDKY9,A3RIXSMCG9L0F1
B0CGJ9DYC1,A3RIXSMCG9L0F1
B0C7L3TBJX,A3RIXSMCG9L0F1
B08ZSXTSRG,A3RIXSMCG9L0F1
B08W41MWWC,A3RIXSMCG9L0F1
B08PZC288Y,A3RIXSMCG9L0F1
B08PBVNQHQ,A3RIXSMCG9L0F1
B08PBV35B9,A3RIXSMCG9L0F1
B08P4HTV3R,A3RIXSMCG9L0F1
B08LHFWBS2,A3RIXSMCG9L0F1
B08H4Y5D9Q,A3RIXSMCG9L0F1
B08G1FPWSM,A3RIXSMCG9L0F1
B08FX4RB8B,A3RIXSMCG9L0F1
B08DFYCSBG,A3RIXSMCG9L0F1
B08DFWCYC2,A3RIXSMCG9L0F1
B08D794RN6,A3RIXSMCG9L0F1
B08B3JJ6WT,A3RIXSMCG9L0F1
B089Q8FS69,A3RIXSMCG9L0F1
B0896XT7ND,A3RIXSMCG9L0F1
B0017U055M,A3RIXSMCG9L0F1
B09HBZRTDJ,A3RIXSMCG9L0F1
B0DWS4PTFF,A3RIXSMCG9L0F1
B08PBN5NLR,A3RIXSMCG9L0F1
B0DW33S7B9,A3RIXSMCG9L0F1
B07PYPY4GB,A3RIXSMCG9L0F1
B0DRPCBSRV,A3RIXSMCG9L0F1
B07PG94443,A3RIXSMCG9L0F1
B0DHZQ8TC2,A3RIXSMCG9L0F1
B07MNHD8T4,A3RIXSMCG9L0F1
B0DH2PD3J6,A3RIXSMCG9L0F1
B01MSWGLZ0,A3RIXSMCG9L0F1
B0DFLVVG65,A3RIXSMCG9L0F1
B0DDXFGJ39,A3RIXSMCG9L0F1
B0CZLGX9XC,A3RIXSMCG9L0F1
B0CYH6479C,A3RIXSMCG9L0F1
B0CXQ7P9TD,A3RIXSMCG9L0F1
B0CW1DJ3HB,A3RIXSMCG9L0F1
B0CV7XRV7S,A3RIXSMCG9L0F1
B0CS38VJ82,A3RIXSMCG9L0F1
B0CQX3ZZZ5,A3RIXSMCG9L0F1
B0CD3HLQJK,A3RIXSMCG9L0F1
B0C5MGB57M,A3RIXSMCG9L0F1
B0C4QFKW69,A3RIXSMCG9L0F1
B0C3TJ2SDJ,A3RIXSMCG9L0F1
B0BX9B9KCD,A3RIXSMCG9L0F1
B0BW146F9R,A3RIXSMCG9L0F1
B0BRL4K8J1,A3RIXSMCG9L0F1
B0BRD5PFYH,A3RIXSMCG9L0F1
B0BNTKYNZT,A3RIXSMCG9L0F1
B0BKXN6ZHM,A3RIXSMCG9L0F1
B0BGXK94WD,A3RIXSMCG9L0F1
B0B9WTG37G,A3RIXSMCG9L0F1
B0B94F99JQ,A3RIXSMCG9L0F1
B0B92ZDYL4,A3RIXSMCG9L0F1
B0B62PF3RY,A3RIXSMCG9L0F1
B0B1M6RSPC,A3RIXSMCG9L0F1
B09XTVGPTN,A3RIXSMCG9L0F1
B09XKG2DMD,A3RIXSMCG9L0F1
B09XKDTYKS,A3RIXSMCG9L0F1
B09T8BQKGG,A3RIXSMCG9L0F1
B09PG6GSYQ,A3RIXSMCG9L0F1
B09MZJL791,A3RIXSMCG9L0F1
B09MZJCGS5,A3RIXSMCG9L0F1
B09MVW4FG4,A3RIXSMCG9L0F1
B09KB4JX8F,A3RIXSMCG9L0F1
B09BQZ3JLX,A3RIXSMCG9L0F1
B0974DXFTW,A3RIXSMCG9L0F1
B07V6ZPG4Y,A3RIXSMCG9L0F1
B07NLNMRVM,A3RIXSMCG9L0F1
B07KB2M3R8,A3RIXSMCG9L0F1
B07GTFF6F7,A3RIXSMCG9L0F1
B07BSVDMXL,A3RIXSMCG9L0F1
B00UZSHP5U,A3RIXSMCG9L0F1
B00GOWLHVY,A3RIXSMCG9L0F1
B00DSQEQEE,A3RIXSMCG9L0F1
B00C84QJ38,A3RIXSMCG9L0F1
B0035Y7BBE,A3RIXSMCG9L0F1
B092W1FLM9,A3RIXSMCG9L0F1
B092LC1Z9F,A3RIXSMCG9L0F1
B08W8LTX2G,A3RIXSMCG9L0F1
B08VHZ2NW6,A3RIXSMCG9L0F1
B08TWZ3D4P,A3RIXSMCG9L0F1
B08TBXB25H,A3RIXSMCG9L0F1
B08SH24NSX,A3RIXSMCG9L0F1
B08S7M5CLK,A3RIXSMCG9L0F1
B08RYSZWB9,A3RIXSMCG9L0F1
B08M61DJ55,A3RIXSMCG9L0F1
B08JHVMQ89,A3RIXSMCG9L0F1
B08H4WC4YR,A3RIXSMCG9L0F1
B08GLKC1K9,A3RIXSMCG9L0F1
B0829TSZXW,A3RIXSMCG9L0F1
B07ZRX4FHX,A3RIXSMCG9L0F1
B07ZF59W6N,A3RIXSMCG9L0F1
B0CNWC4WK4,A3RIXSMCG9L0F1
B0BHQ44WT4,A3RIXSMCG9L0F1
B07YB76GVS,A3RIXSMCG9L0F1
B08DH7FGLZ,A3RIXSMCG9L0F1
B0DPHJWW7B,A3RIXSMCG9L0F1
B0751G18G5,A3RIXSMCG9L0F1
B0D4J31DLM,A3RIXSMCG9L0F1
B0D73NKXVG,A3RIXSMCG9L0F1
B0CBQBJV1X,A3RIXSMCG9L0F1
B0D1C62YLL,A3RIXSMCG9L0F1
B09BF9VT1J,A3RIXSMCG9L0F1
B0C7WDKQ6T,A3RIXSMCG9L0F1
B0BS5R6C26,A3RIXSMCG9L0F1
B09YRVL34J,A3RIXSMCG9L0F1
B00882DP1I,A3RIXSMCG9L0F1
B09FLMY1T4,A3RIXSMCG9L0F1
B0832RVYS1,A3RIXSMCG9L0F1
B0994B99QP,A3RIXSMCG9L0F1
B0B9XK4K16,A3RIXSMCG9L0F1
B08TM3H7Q8,A3RIXSMCG9L0F1
B078X42S2S,A3RIXSMCG9L0F1
B0891WNX91,A3RIXSMCG9L0F1
B09XJ18KNP,A3RIXSMCG9L0F1
B088NWKSTQ,A3RIXSMCG9L0F1
B07Z8XTYTB,A3RIXSMCG9L0F1
B07X9Y5MXT,A3RIXSMCG9L0F1
B0B8VJBMPK,A3RIXSMCG9L0F1
B07NVH9JJS,A3RIXSMCG9L0F1
B008TGOA62,A3RIXSMCG9L0F1
B07JNG2ZBF,A3RIXSMCG9L0F1
B0DHCJC85M,A3RIXSMCG9L0F1
B075PDZVMM,A3RIXSMCG9L0F1
B01MTAVGLR,A3RIXSMCG9L0F1
B0189Z387E,A3RIXSMCG9L0F1
B09MQSFVN1,A3RIXSMCG9L0F1
B07X8KL2RH,A3RIXSMCG9L0F1
B00PXVWFQS,A3RIXSMCG9L0F1
B009YYFVV6,A3RIXSMCG9L0F1
B0DS29SZ1S,A3RIXSMCG9L0F1
B0DNB6T6JZ,A3RIXSMCG9L0F1
B0B8CL63PB,A3RIXSMCG9L0F1
B0B2X2879T,A3RIXSMCG9L0F1
B09GJZFPK2,A3RIXSMCG9L0F1
B00TZ02NNS,A3RIXSMCG9L0F1
B0BW8GJCS3,A3RIXSMCG9L0F1
B0B8G6QPBY,A3RIXSMCG9L0F1
B0B5GPQSYJ,A3RIXSMCG9L0F1
B09KLXXFD4,A3RIXSMCG9L0F1
B0986GNHHX,A3RIXSMCG9L0F1
B096FN66R3,A3RIXSMCG9L0F1
B0945ST9C2,A3RIXSMCG9L0F1
B0932VS899,A3RIXSMCG9L0F1
B07D6M324J,A3RIXSMCG9L0F1
B076J1LYBK,A3RIXSMCG9L0F1
B00TZ02JI2,A3RIXSMCG9L0F1
B00DB1GMRA,A3RIXSMCG9L0F1
B0051WTD9G,A3RIXSMCG9L0F1
B0DTK55CFY,A3RIXSMCG9L0F1
B0DS7SJXY3,A3RIXSMCG9L0F1
B0DS1S82K1,A3RIXSMCG9L0F1
B0DRX3LYWX,A3RIXSMCG9L0F1
B0DRQWCXNN,A3RIXSMCG9L0F1
B0DRCGSZZ4,A3RIXSMCG9L0F1
B0DN7L4RRZ,A3RIXSMCG9L0F1
B0DMFK8DPY,A3RIXSMCG9L0F1
B0DK1G221X,A3RIXSMCG9L0F1
B0DJNCXZN2,A3RIXSMCG9L0F1
B0DBYZ4YYD,A3RIXSMCG9L0F1
B0D9VZ4CNQ,A3RIXSMCG9L0F1
B0D9TPHW98,A3RIXSMCG9L0F1
B0D95GCBMS,A3RIXSMCG9L0F1
B0D7SDMFKB,A3RIXSMCG9L0F1
B0D3WGSJYT,A3RIXSMCG9L0F1
B0D374Y5HT,A3RIXSMCG9L0F1
B0D1JX1QTN,A3RIXSMCG9L0F1
B0D1G28W1Y,A3RIXSMCG9L0F1
B0D1FT49BP,A3RIXSMCG9L0F1
B0CWNHXHS1,A3RIXSMCG9L0F1
B0CRWMB1BL,A3RIXSMCG9L0F1
B0CQNX5L95,A3RIXSMCG9L0F1
B0CQF93DZB,A3RIXSMCG9L0F1
B0CQ81VZQ1,A3RIXSMCG9L0F1
B0CP7T6JK1,A3RIXSMCG9L0F1
B0CNXVMSV8,A3RIXSMCG9L0F1
B0CN8PM5RS,A3RIXSMCG9L0F1
B0CM6P52G3,A3RIXSMCG9L0F1
B0CLRMD7NW,A3RIXSMCG9L0F1
B0CLLBNP56,A3RIXSMCG9L0F1
B0CKKK3D4W,A3RIXSMCG9L0F1
B0CJF3XG7J,A3RIXSMCG9L0F1
B0CHWGFT59,A3RIXSMCG9L0F1
B0CGPXNY1D,A3RIXSMCG9L0F1
B0CG9FMS6L,A3RIXSMCG9L0F1
B0CDFPZ7XL,A3RIXSMCG9L0F1
B0CBRKQSZB,A3RIXSMCG9L0F1
B0CB7X5Y4D,A3RIXSMCG9L0F1
B0C9PW7HZ5,A3RIXSMCG9L0F1
B0C3NKNWPF,A3RIXSMCG9L0F1
B0C2VMQXBX,A3RIXSMCG9L0F1
B0C2P23XCJ,A3RIXSMCG9L0F1
B0BYHKBRTK,A3RIXSMCG9L0F1
B0BTKNT921,A3RIXSMCG9L0F1
B0BLY1GHFW,A3RIXSMCG9L0F1
B0BL74MW8K,A3RIXSMCG9L0F1
B0BKLHH5S8,A3RIXSMCG9L0F1
B0BKH1GJB9,A3RIXSMCG9L0F1
B0BFDVY4XW,A3RIXSMCG9L0F1
B0BD6Z7YV7,A3RIXSMCG9L0F1
B0BBC59VMW,A3RIXSMCG9L0F1
B0B9JLH1MD,A3RIXSMCG9L0F1
B0B94XP4MD,A3RIXSMCG9L0F1
B0B8739PWR,A3RIXSMCG9L0F1
B0B8739NH7,A3RIXSMCG9L0F1
B0B872SY2K,A3RIXSMCG9L0F1
B0B7RFY53V,A3RIXSMCG9L0F1
B0B6J7CDB1,A3RIXSMCG9L0F1
B0B54RM7L5,A3RIXSMCG9L0F1
B0B3X8L9CK,A3RIXSMCG9L0F1
B0B3X7V745,A3RIXSMCG9L0F1
B0B3C296VX,A3RIXSMCG9L0F1
B0B28YXN2C,A3RIXSMCG9L0F1
B0B1VTSZCB,A3RIXSMCG9L0F1
B0B1PQZ4WV,A3RIXSMCG9L0F1
B0B1HNBPGB,A3RIXSMCG9L0F1
B0B1F5ZY6T,A3RIXSMCG9L0F1
B0B13XC64P,A3RIXSMCG9L0F1
B09ZF8NJHP,A3RIXSMCG9L0F1
B09YLMF265,A3RIXSMCG9L0F1
B09XS6D2PK,A3RIXSMCG9L0F1
B09WF7KYWS,A3RIXSMCG9L0F1
B09WDHF6G5,A3RIXSMCG9L0F1
B09W9HYRMJ,A3RIXSMCG9L0F1
B09VWW366G,A3RIXSMCG9L0F1
B09V2M3MKF,A3RIXSMCG9L0F1
B09TVKC3J5,A3RIXSMCG9L0F1
B09RWPB1D8,A3RIXSMCG9L0F1
B09PNCW1SV,A3RIXSMCG9L0F1
B09PFTX163,A3RIXSMCG9L0F1
B09P8J921S,A3RIXSMCG9L0F1
B09P4YLJRH,A3RIXSMCG9L0F1
B09NSNVN7Q,A3RIXSMCG9L0F1
B09M6RMYL6,A3RIXSMCG9L0F1
B09KVGVQJ4,A3RIXSMCG9L0F1
B09JGQJ3Z3,A3RIXSMCG9L0F1
B09GFJQZ7V,A3RIXSMCG9L0F1
B09F7QBCJD,A3RIXSMCG9L0F1
B09F2798N5,A3RIXSMCG9L0F1
B09F1P7T3B,A3RIXSMCG9L0F1
B09CYYGK67,A3RIXSMCG9L0F1
B09CV5BJQ8,A3RIXSMCG9L0F1
B0988YL71D,A3RIXSMCG9L0F1
B0987DKLWL,A3RIXSMCG9L0F1
B0979QV13G,A3RIXSMCG9L0F1
B0968QNFZF,A3RIXSMCG9L0F1
B095MTDFPH,A3RIXSMCG9L0F1
B095KPQ55Y,A3RIXSMCG9L0F1
B0957L3PKK,A3RIXSMCG9L0F1
B0952TW9TB,A3RIXSMCG9L0F1
B093WDQLTP,A3RIXSMCG9L0F1
B093DDBXJY,A3RIXSMCG9L0F1
B092927ZRZ,A3RIXSMCG9L0F1
B09236JXGX,A3RIXSMCG9L0F1
B091G74SLC,A3RIXSMCG9L0F1
B091BM2BK3,A3RIXSMCG9L0F1
B08YNBTFBN,A3RIXSMCG9L0F1
B08WHP9FQW,A3RIXSMCG9L0F1
B08R254R2P,A3RIXSMCG9L0F1
B08MPQW6TX,A3RIXSMCG9L0F1
B08F18JR7S,A3RIXSMCG9L0F1
B087QK4786,A3RIXSMCG9L0F1
B084BSJDL3,A3RIXSMCG9L0F1
B083PTS3PL,A3RIXSMCG9L0F1
B082FB4PPB,A3RIXSMCG9L0F1
B0816D9RBR,A3RIXSMCG9L0F1
B0811P5PNZ,A3RIXSMCG9L0F1
B07V2ZWNFL,A3RIXSMCG9L0F1
B07KW9LMGR,A3RIXSMCG9L0F1
B07KNNPP6K,A3RIXSMCG9L0F1
B07DK2RZLZ,A3RIXSMCG9L0F1
B07C88GNZF,A3RIXSMCG9L0F1
B07C2NQW19,A3RIXSMCG9L0F1
B079Q5RGT3,A3RIXSMCG9L0F1
B07929YDRW,A3RIXSMCG9L0F1
B0781YYN11,A3RIXSMCG9L0F1
B072QL9WNQ,A3RIXSMCG9L0F1
B0711TBVJD,A3RIXSMCG9L0F1
B01N1U0CKI,A3RIXSMCG9L0F1
B01HC5KU6E,A3RIXSMCG9L0F1
B01A9H3F64,A3RIXSMCG9L0F1
B00UURX352,A3RIXSMCG9L0F1
B00RHGG4AA,A3RIXSMCG9L0F1
B00P7I6APO,A3RIXSMCG9L0F1
B00IO39YQ6,A3RIXSMCG9L0F1
B00I81NEJ2,A3RIXSMCG9L0F1
B00EF6NX90,A3RIXSMCG9L0F1
B00825CJX6,A3RIXSMCG9L0F1
B005XQGSFM,A3RIXSMCG9L0F1
B005BILP5U,A3RIXSMCG9L0F1
B003FZ89L4,A3RIXSMCG9L0F1
B0CG59YVXL,A3RIXSMCG9L0F1
B07JKM6ZXZ,A3RIXSMCG9L0F1
B0DB5BZ1WC,A3RIXSMCG9L0F1
B0DM2MDK8V,A3RIXSMCG9L0F1
B0CZ64JZZX,A3RIXSMCG9L0F1
B0834ZYS2Q,A3RIXSMCG9L0F1
B0728C3RZK,A3RIXSMCG9L0F1
B0BPC7NCZV,A3RIXSMCG9L0F1
B08MLGVLRP,A3RIXSMCG9L0F1
B078JLC6J3,A3RIXSMCG9L0F1
B0D5XY7T27,A3RIXSMCG9L0F1
B0C5D99B2P,A3RIXSMCG9L0F1
B0DWZ5R7NL,A3RIXSMCG9L0F1
B0DNSSBLSB,A3RIXSMCG9L0F1
B0DLNL7WKC,A3RIXSMCG9L0F1
B0DJ6RPPQK,A3RIXSMCG9L0F1
B0DHW5FK4K,A3RIXSMCG9L0F1
B0DG268PFJ,A3RIXSMCG9L0F1
B0DFPQPBBL,A3RIXSMCG9L0F1
B0D9TVVZNZ,A3RIXSMCG9L0F1
B0D98FD7N3,A3RIXSMCG9L0F1
B0D95WPCYM,A3RIXSMCG9L0F1
B0D8VKKD66,A3RIXSMCG9L0F1
B0D7HC92HM,A3RIXSMCG9L0F1
B0D6Y5WV23,A3RIXSMCG9L0F1
B0D62LX5W7,A3RIXSMCG9L0F1
B0D5B3FKBY,A3RIXSMCG9L0F1
B0D4TNGFK2,A3RIXSMCG9L0F1
B0D4R1YMZQ,A3RIXSMCG9L0F1
B0D47FH3JS,A3RIXSMCG9L0F1
B0D412YSRL,A3RIXSMCG9L0F1
B0D3TTXPZV,A3RIXSMCG9L0F1
B0D38WN2Z5,A3RIXSMCG9L0F1
B0D2R8KLB2,A3RIXSMCG9L0F1
B0CZLNCMT2,A3RIXSMCG9L0F1
B0CYGY6PFR,A3RIXSMCG9L0F1
B0CY2B4LL7,A3RIXSMCG9L0F1
B0CY1PHWYF,A3RIXSMCG9L0F1
B0CXXJMKFN,A3RIXSMCG9L0F1
B0CWWLMM62,A3RIXSMCG9L0F1
B0CWR9S4XP,A3RIXSMCG9L0F1
B0CW1DCK2H,A3RIXSMCG9L0F1
B0CT3TPB3G,A3RIXSMCG9L0F1
B0CR5F2TNQ,A3RIXSMCG9L0F1
B0CQT4FKR1,A3RIXSMCG9L0F1
B0CNSVKXSY,A3RIXSMCG9L0F1
B0CN8KMX27,A3RIXSMCG9L0F1
B0CMPY9KBS,A3RIXSMCG9L0F1
B0CMHZ8H2D,A3RIXSMCG9L0F1
B0CKXH6DR4,A3RIXSMCG9L0F1
B0CJTL3GCT,A3RIXSMCG9L0F1
B0CJQ1J3H5,A3RIXSMCG9L0F1
B0CHHYRRZN,A3RIXSMCG9L0F1
B0CGLG361R,A3RIXSMCG9L0F1
B0CGKDV9ZW,A3RIXSMCG9L0F1
B0CD253CPM,A3RIXSMCG9L0F1
B0CCDYKF3L,A3RIXSMCG9L0F1
B0CCDP31YR,A3RIXSMCG9L0F1
B0C64RLFBQ,A3RIXSMCG9L0F1
B0C6136BFW,A3RIXSMCG9L0F1
B0C5XJ9H9T,A3RIXSMCG9L0F1
B0C5X33VFR,A3RIXSMCG9L0F1
B0C58LVG7R,A3RIXSMCG9L0F1
B0C53JF3FV,A3RIXSMCG9L0F1
B0C467RQCG,A3RIXSMCG9L0F1
B0C2GZ1CXT,A3RIXSMCG9L0F1
B0C2CKLNNV,A3RIXSMCG9L0F1
B0BYZLXFJC,A3RIXSMCG9L0F1
B0BX34MLBB,A3RIXSMCG9L0F1
B0BV1M18PT,A3RIXSMCG9L0F1
B0BTHKKMWJ,A3RIXSMCG9L0F1
B0BSVJG4N5,A3RIXSMCG9L0F1
B0BRTQJT8D,A3RIXSMCG9L0F1
B0BPDV6LM3,A3RIXSMCG9L0F1
B0BNL1GCP7,A3RIXSMCG9L0F1
B0BNDH8YQK,A3RIXSMCG9L0F1
B0BGWRZSKJ,A3RIXSMCG9L0F1
B0BG3M57ZD,A3RIXSMCG9L0F1
B0BC19X42N,A3RIXSMCG9L0F1
B0B9WZPGSY,A3RIXSMCG9L0F1
B09QKB9NZW,A3RIXSMCG9L0F1
B09Q8BBLSP,A3RIXSMCG9L0F1
B09PF5SL9S,A3RIXSMCG9L0F1
B09M3SWPLK,A3RIXSMCG9L0F1
B09JYYH47X,A3RIXSMCG9L0F1
B09J3MXSF6,A3RIXSMCG9L0F1
B09HJXJTR3,A3RIXSMCG9L0F1
B09GF6W4D2,A3RIXSMCG9L0F1
B09GCHNJ3Q,A3RIXSMCG9L0F1
B099JFN1CK,A3RIXSMCG9L0F1
B09979Z7SH,A3RIXSMCG9L0F1
B095MWRCK2,A3RIXSMCG9L0F1
B094GT5J98,A3RIXSMCG9L0F1
B0947WFD8K,A3RIXSMCG9L0F1
B0946MC816,A3RIXSMCG9L0F1
B093Q24FJ2,A3RIXSMCG9L0F1
B092VN6MGP,A3RIXSMCG9L0F1
B0D229KJF1,A3RIXSMCG9L0F1
B0875JWWTJ,A3RIXSMCG9L0F1
B0CYQ2JHGL,A3RIXSMCG9L0F1
B0C5N1PGKV,A3RIXSMCG9L0F1
B0C68Q7P8M,A3RIXSMCG9L0F1
B0CBJT1N8Q,A3RIXSMCG9L0F1
B0BXCF1D6V,A3RIXSMCG9L0F1
B07547G7NP,A3RIXSMCG9L0F1
B0BVXT5JYT,A3RIXSMCG9L0F1
B09X4K2JMJ,A3RIXSMCG9L0F1
B09SP512MJ,A3RIXSMCG9L0F1
B01DNKTWG6,A3RIXSMCG9L0F1
B09M8FD7HV,A3RIXSMCG9L0F1
B0B34YQ9QG,A3RIXSMCG9L0F1
B099K6N5QN,A3RIXSMCG9L0F1
B0B8R8SYXP,A3RIXSMCG9L0F1
B0B7FV9T3R,A3RIXSMCG9L0F1
B0B79FV75P,A3RIXSMCG9L0F1
B0B6N2PJVJ,A3RIXSMCG9L0F1
B0B4WFX4MM,A3RIXSMCG9L0F1
B0B2SGCTFZ,A3RIXSMCG9L0F1
B0B1ZRMZT1,A3RIXSMCG9L0F1
B0B1TFRZV7,A3RIXSMCG9L0F1
B0B1QFTQKD,A3RIXSMCG9L0F1
B0B189DGY1,A3RIXSMCG9L0F1
B09YD13H48,A3RIXSMCG9L0F1
B09Y1MD4XB,A3RIXSMCG9L0F1
B09X2FYKHK,A3RIXSMCG9L0F1
B09X2DWGX2,A3RIXSMCG9L0F1
B09TDY1F79,A3RIXSMCG9L0F1
B09QRD2QRC,A3RIXSMCG9L0F1
B08ZS1ZRHN,A3RIXSMCG9L0F1
B08YS8KZG6,A3RIXSMCG9L0F1
B08Y1NCXC5,A3RIXSMCG9L0F1
B08XV6XFLP,A3RIXSMCG9L0F1
B08WCC8BKG,A3RIXSMCG9L0F1
B08R9X7VQT,A3RIXSMCG9L0F1
B08R9DZT11,A3RIXSMCG9L0F1
B08QZV24GF,A3RIXSMCG9L0F1
B08PMJHR15,A3RIXSMCG9L0F1
B08NSYMS7S,A3RIXSMCG9L0F1
B08KZRHXLR,A3RIXSMCG9L0F1
B08HSJPF7S,A3RIXSMCG9L0F1
B08HC4319K,A3RIXSMCG9L0F1
B08BFSNX5Y,A3RIXSMCG9L0F1
B08B3HHMW2,A3RIXSMCG9L0F1
B088LKLSRR,A3RIXSMCG9L0F1
B0B1WQDPD4,A3RIXSMCG9L0F1
B08YNHDG8L,A3RIXSMCG9L0F1
B0BZ7BGT1N,A3RIXSMCG9L0F1
B08RJ9WJ58,A3RIXSMCG9L0F1
B0C9HZYWX7,A3RIXSMCG9L0F1
B08LGNDTH5,A3RIXSMCG9L0F1
B0D9WHDRW1,A3RIXSMCG9L0F1
B07MX474RS,A3RIXSMCG9L0F1
B0B6C4NPR7,A3RIXSMCG9L0F1
B07L3YXS61,A3RIXSMCG9L0F1
B0CNJP3R9K,A3RIXSMCG9L0F1
B07JDKBJXN,A3RIXSMCG9L0F1
B0C6LKV667,A3RIXSMCG9L0F1
B07FGD9SK2,A3RIXSMCG9L0F1
B07TP844VN,A3RIXSMCG9L0F1
B087G7N76Q,A3RIXSMCG9L0F1
B0D66WTQLF,A3RIXSMCG9L0F1
B0D6362LF3,A3RIXSMCG9L0F1
B0D5XTKY6H,A3RIXSMCG9L0F1
B0D5V5WCC3,A3RIXSMCG9L0F1
B0D4QW7B3H,A3RIXSMCG9L0F1
B0D4P8Z9HY,A3RIXSMCG9L0F1
B0D46KS81R,A3RIXSMCG9L0F1
B0D3VPKL3T,A3RIXSMCG9L0F1
B0D3KKQKRH,A3RIXSMCG9L0F1
B0D2W6LLMM,A3RIXSMCG9L0F1
B0D2H1G1CL,A3RIXSMCG9L0F1
B0CZXZNKMF,A3RIXSMCG9L0F1
B0CY22PJ23,A3RIXSMCG9L0F1
B0CXX3K6YG,A3RIXSMCG9L0F1
B0CXP9W9GJ,A3RIXSMCG9L0F1
B0CXHZ9S23,A3RIXSMCG9L0F1
B088KC5Y9C,A3RIXSMCG9L0F1
B085NT51L4,A3RIXSMCG9L0F1
B083ZLG61K,A3RIXSMCG9L0F1
B0828K1XW5,A3RIXSMCG9L0F1
B07YFZW22D,A3RIXSMCG9L0F1
B07RL26ML1,A3RIXSMCG9L0F1
B0764TSP74,A3RIXSMCG9L0F1
B07587S7M8,A3RIXSMCG9L0F1
B075766WVV,A3RIXSMCG9L0F1
B072FKBR5H,A3RIXSMCG9L0F1
B06XPP2VS6,A3RIXSMCG9L0F1
B01LZNN0YJ,A3RIXSMCG9L0F1
B01EN0XQTY,A3RIXSMCG9L0F1
B01EN0WC80,A3RIXSMCG9L0F1
B01D3BH5N2,A3RIXSMCG9L0F1
B018QCXDGG,A3RIXSMCG9L0F1
B0CQJWH66W,A3RIXSMCG9L0F1
B0CYGL42DG,A3RIXSMCG9L0F1
B0BPSRZND5,A3RIXSMCG9L0F1
B0B67YNL5V,A3RIXSMCG9L0F1
B09JNTZVNL,A3RIXSMCG9L0F1
B0D9Y79G1F,A3RIXSMCG9L0F1
B0C33FPNZL,A3RIXSMCG9L0F1
B0BGN2BTS7,A3RIXSMCG9L0F1
B0B869XQ1D,A3RIXSMCG9L0F1
B0B4JFPHL2,A3RIXSMCG9L0F1
B09XHSQ3Q1,A3RIXSMCG9L0F1
B09MCN47HF,A3RIXSMCG9L0F1
B0834NDSR4,A3RIXSMCG9L0F1
B07YTJS3W6,A3RIXSMCG9L0F1
B07JW1GHFV,A3RIXSMCG9L0F1
B0DSPVV1HS,A3RIXSMCG9L0F1
B0DSL9W5X2,A3RIXSMCG9L0F1
B0DQNSGW3G,A3RIXSMCG9L0F1
B0DPWYXPZV,A3RIXSMCG9L0F1
B0DPW8LDGC,A3RIXSMCG9L0F1
B0DP5ZMWL4,A3RIXSMCG9L0F1
B0DNZY58Z2,A3RIXSMCG9L0F1
B0DNYRMTWP,A3RIXSMCG9L0F1
B0DMNKQCX7,A3RIXSMCG9L0F1
B0DLWPFW85,A3RIXSMCG9L0F1
B0DLVYSDC1,A3RIXSMCG9L0F1
B0DKH9413P,A3RIXSMCG9L0F1
B0DK8BGZF5,A3RIXSMCG9L0F1
B0DCZ41XG1,A3RIXSMCG9L0F1
B0D8W78GWW,A3RIXSMCG9L0F1
B0D6YQHHCF,A3RIXSMCG9L0F1
B0D6GK5MZY,A3RIXSMCG9L0F1
B0CKYKKD4N,A3RIXSMCG9L0F1
B0CKM65GXL,A3RIXSMCG9L0F1
B0CHXVJW5Q,A3RIXSMCG9L0F1
B0CHXTDHYF,A3RIXSMCG9L0F1
B0CHV18BKR,A3RIXSMCG9L0F1
B0CHF9HQMZ,A3RIXSMCG9L0F1
B0CH3KSYFL,A3RIXSMCG9L0F1
B0CGTVCWJR,A3RIXSMCG9L0F1
B0CG2XTD5V,A3RIXSMCG9L0F1
B0CFY33NKH,A3RIXSMCG9L0F1
B0CCJBBH36,A3RIXSMCG9L0F1
B0CC83H1G6,A3RIXSMCG9L0F1
B0CBLP6GG6,A3RIXSMCG9L0F1
B0CB6H5HRD,A3RIXSMCG9L0F1
B0CB43F2BY,A3RIXSMCG9L0F1
B0C77GGBL2,A3RIXSMCG9L0F1
B0CW1N2GWY,A3RIXSMCG9L0F1
B0CTYG44WX,A3RIXSMCG9L0F1
B0CT2R4KL2,A3RIXSMCG9L0F1
B0CS2ZCBSG,A3RIXSMCG9L0F1
B0CS2X5BVX,A3RIXSMCG9L0F1
B0CRN81V34,A3RIXSMCG9L0F1
B0CR5MF131,A3RIXSMCG9L0F1
B0CQLZ7G6N,A3RIXSMCG9L0F1
B0CQD4TGDT,A3RIXSMCG9L0F1
B0CNRM578P,A3RIXSMCG9L0F1
B0CMQGSYB8,A3RIXSMCG9L0F1
B0CM9R84Y1,A3RIXSMCG9L0F1
B0CLP8SYPG,A3RIXSMCG9L0F1
B0CLNTGS2L,A3RIXSMCG9L0F1
B0CLDWSWJ4,A3RIXSMCG9L0F1
B0CL25HD64,A3RIXSMCG9L0F1
B0C6GNDHQ8,A3RIXSMCG9L0F1
B0C5LXBWHM,A3RIXSMCG9L0F1
B0C4NM9N88,A3RIXSMCG9L0F1
B0C3C5MTNL,A3RIXSMCG9L0F1
B0C2QH46J3,A3RIXSMCG9L0F1
B0BZXGGFRZ,A3RIXSMCG9L0F1
B0BZWDNCZZ,A3RIXSMCG9L0F1
B0BZR6PTYF,A3RIXSMCG9L0F1
B0BZHX7RDP,A3RIXSMCG9L0F1
B0BZ7VLRMD,A3RIXSMCG9L0F1
B0BYZJ2QFZ,A3RIXSMCG9L0F1
B0BYRLN92X,A3RIXSMCG9L0F1
B0BS9GHCDD,A3RIXSMCG9L0F1
B0BS17RWZV,A3RIXSMCG9L0F1
B0BNHC9JYX,A3RIXSMCG9L0F1
B0BL39WXNL,A3RIXSMCG9L0F1
B0BJVKTMRF,A3RIXSMCG9L0F1
B0BGLSKHNY,A3RIXSMCG9L0F1
B0BBSTVDJD,A3RIXSMCG9L0F1
B0B9W11XCY,A3RIXSMCG9L0F1
B0B9RB5QZY,A3RIXSMCG9L0F1
B0B95NLCFZ,A3RIXSMCG9L0F1
B0B764XVDJ,A3RIXSMCG9L0F1
B0B6NLXD5R,A3RIXSMCG9L0F1
B0B58314VJ,A3RIXSMCG9L0F1
B0B4WHXH34,A3RIXSMCG9L0F1
B0B2WGLK5X,A3RIXSMCG9L0F1
B0B2P8ZNZD,A3RIXSMCG9L0F1
B0B2P4R3D6,A3RIXSMCG9L0F1
B0B17QP93F,A3RIXSMCG9L0F1
B09ZT1ZHY1,A3RIXSMCG9L0F1
B09ZQXBYCQ,A3RIXSMCG9L0F1
B09ZPDHW2B,A3RIXSMCG9L0F1
B09YV27NFX,A3RIXSMCG9L0F1
B09YS59HDX,A3RIXSMCG9L0F1
B09XR4BBPY,A3RIXSMCG9L0F1
B09VL4NVDW,A3RIXSMCG9L0F1
B09V564SJG,A3RIXSMCG9L0F1
B09V28P61R,A3RIXSMCG9L0F1
B09SHNYKVX,A3RIXSMCG9L0F1
B09R4J5PQ5,A3RIXSMCG9L0F1
B09QQ9BWJG,A3RIXSMCG9L0F1
B09QMCF6L1,A3RIXSMCG9L0F1
B09QDV88FD,A3RIXSMCG9L0F1
B09PYF85P6,A3RIXSMCG9L0F1
B09P8K867L,A3RIXSMCG9L0F1
B09P3HXDQP,A3RIXSMCG9L0F1
B09NQ5L6Y1,A3RIXSMCG9L0F1
B09M3TSLM8,A3RIXSMCG9L0F1
B09M1P824K,A3RIXSMCG9L0F1
B09LPZFR4V,A3RIXSMCG9L0F1
B09JSS9BPV,A3RIXSMCG9L0F1
B09HTV2YVJ,A3RIXSMCG9L0F1
B09HKT4CGT,A3RIXSMCG9L0F1
B09HGQ8VVX,A3RIXSMCG9L0F1
B09DCZC1BP,A3RIXSMCG9L0F1
B09D7244CH,A3RIXSMCG9L0F1
B09CYRNTQD,A3RIXSMCG9L0F1
B098TDHRL2,A3RIXSMCG9L0F1
B0983NYCRL,A3RIXSMCG9L0F1
B09835HKG2,A3RIXSMCG9L0F1
B097RH2BJN,A3RIXSMCG9L0F1
B095PVSJJ3,A3RIXSMCG9L0F1
B095HSJ6RM,A3RIXSMCG9L0F1
B094XS6WHJ,A3RIXSMCG9L0F1
B093WSVB8P,A3RIXSMCG9L0F1
B093BCQH71,A3RIXSMCG9L0F1
B08T9B9D26,A3RIXSMCG9L0F1
B08SJ3MTZS,A3RIXSMCG9L0F1
B08RYXBN2B,A3RIXSMCG9L0F1
B08PV9HTTM,A3RIXSMCG9L0F1
B08LFXZKWQ,A3RIXSMCG9L0F1
B08JH1BHR5,A3RIXSMCG9L0F1
B08FRQD6WT,A3RIXSMCG9L0F1
B08DNC46YX,A3RIXSMCG9L0F1
B089Y633DN,A3RIXSMCG9L0F1
B087TFCRW5,A3RIXSMCG9L0F1
B085Y31D2N,A3RIXSMCG9L0F1
B07PK8F4TW,A3RIXSMCG9L0F1
B07P17N5ZN,A3RIXSMCG9L0F1
B07H5G4ZQM,A3RIXSMCG9L0F1
B07CWQBBSJ,A3RIXSMCG9L0F1
B07BHCQ9M5,A3RIXSMCG9L0F1
B0761327GJ,A3RIXSMCG9L0F1
B075L6XXTS,A3RIXSMCG9L0F1
B072FW3ZTQ,A3RIXSMCG9L0F1
B01N6H6QUM,A3RIXSMCG9L0F1
B01N18EFF5,A3RIXSMCG9L0F1
B01MCXHD78,A3RIXSMCG9L0F1
B01FR32K5M,A3RIXSMCG9L0F1
B01DZ1W2NI,A3RIXSMCG9L0F1
B01D3BUX5E,A3RIXSMCG9L0F1
B01D3BPVEC,A3RIXSMCG9L0F1
B01D3BIM6G,A3RIXSMCG9L0F1
B01D278YCI,A3RIXSMCG9L0F1
B01D2734W8,A3RIXSMCG9L0F1
B019GPI74A,A3RIXSMCG9L0F1
B01939AY04,A3RIXSMCG9L0F1
B00H29LLWS,A3RIXSMCG9L0F1
B005ESPBOS,A3RIXSMCG9L0F1
B000FIULB0,A3RIXSMCG9L0F1
B0C3GSV71M,A3RIXSMCG9L0F1
B0DPBF69C3,A3RIXSMCG9L0F1
B0CGXHXMG2,A3RIXSMCG9L0F1
B0DFWK2TPY,A3RIXSMCG9L0F1
B00LMMJWJK,A3RIXSMCG9L0F1
B0D9Q2HKZ2,A3RIXSMCG9L0F1
B0962LX7JQ,A3RIXSMCG9L0F1
B0CFQQV44J,A3RIXSMCG9L0F1
B09ZYTNBFK,A3RIXSMCG9L0F1
B09TX6WHHT,A3RIXSMCG9L0F1
B001F0M32W,A3RIXSMCG9L0F1
B099ZL675D,A3RIXSMCG9L0F1
B08D6YDXP1,A3RIXSMCG9L0F1
B08TCHL4H2,A3RIXSMCG9L0F1
B0DFC97GZ4,A3RIXSMCG9L0F1
B08H85RDFX,A3RIXSMCG9L0F1
B0DT3LL1C3,A3RIXSMCG9L0F1
B0DSSR7SLX,A3RIXSMCG9L0F1
B0DLWMJ82G,A3RIXSMCG9L0F1
B0DCYW7MX1,A3RIXSMCG9L0F1
B0D9K5T9TJ,A3RIXSMCG9L0F1
B0D8Q2S3MM,A3RIXSMCG9L0F1
B0D6RBL2RH,A3RIXSMCG9L0F1
B0D5YGP1K9,A3RIXSMCG9L0F1
B0D2ZRB8H5,A3RIXSMCG9L0F1
B0D2VFQCYV,A3RIXSMCG9L0F1
B0D17W8TCT,A3RIXSMCG9L0F1
B0CZN5Y1JL,A3RIXSMCG9L0F1
B0CZ8YND6N,A3RIXSMCG9L0F1
B0CXWX3HQS,A3RIXSMCG9L0F1
B0CWL3BNN4,A3RIXSMCG9L0F1
B0CWGSF78F,A3RIXSMCG9L0F1
B0CDBPJ635,A3RIXSMCG9L0F1
B0C6X8BN7S,A3RIXSMCG9L0F1
B0C6KLFC7G,A3RIXSMCG9L0F1
B0C3B7KXVF,A3RIXSMCG9L0F1
B0C2VXDYLB,A3RIXSMCG9L0F1
B0C27RKRFL,A3RIXSMCG9L0F1
B0C1VCF7Q5,A3RIXSMCG9L0F1
B0C141RB1S,A3RIXSMCG9L0F1
B0BZVLGK9Z,A3RIXSMCG9L0F1
B0BXWW3SJL,A3RIXSMCG9L0F1
B0BX8LBN3Z,A3RIXSMCG9L0F1
B0BX67HKQW,A3RIXSMCG9L0F1
B0BTSNZCRT,A3RIXSMCG9L0F1
B0BRCRRMFP,A3RIXSMCG9L0F1
B0BQGDYKQN,A3RIXSMCG9L0F1
B0BMXF9267,A3RIXSMCG9L0F1
B0BK4FBKWQ,A3RIXSMCG9L0F1
B0BG2JWXJS,A3RIXSMCG9L0F1
B0BD4ZKC74,A3RIXSMCG9L0F1
B0BBNCZCBF,A3RIXSMCG9L0F1
B0B9HB7J9C,A3RIXSMCG9L0F1
B0B7RTVQ6V,A3RIXSMCG9L0F1
B0B6GX43C5,A3RIXSMCG9L0F1
B0B56GRR1Q,A3RIXSMCG9L0F1
B0B54G388Z,A3RIXSMCG9L0F1
B0B4JS3V35,A3RIXSMCG9L0F1
B0B49G88CW,A3RIXSMCG9L0F1
B0B2SDJLLH,A3RIXSMCG9L0F1
B0B19WRLFM,A3RIXSMCG9L0F1
B09Z6H7SZQ,A3RIXSMCG9L0F1
B09XXGQZFQ,A3RIXSMCG9L0F1
B09WZN19PZ,A3RIXSMCG9L0F1
B09WMLD9P6,A3RIXSMCG9L0F1
B09WDJR6MG,A3RIXSMCG9L0F1
B09VS13WQ7,A3RIXSMCG9L0F1
B09V4Y8WXK,A3RIXSMCG9L0F1
B09TDKZR2K,A3RIXSMCG9L0F1
B09QLGRCPB,A3RIXSMCG9L0F1
B09NN5SQ2H,A3RIXSMCG9L0F1
B09LRQT3C5,A3RIXSMCG9L0F1
B09FP3JCHP,A3RIXSMCG9L0F1
B097JTCR5Q,A3RIXSMCG9L0F1
B095GQMTD4,A3RIXSMCG9L0F1
B093LKC8NT,A3RIXSMCG9L0F1
B091F3K33P,A3RIXSMCG9L0F1
B09177BDVC,A3RIXSMCG9L0F1
B08SC12T4B,A3RIXSMCG9L0F1
B08MWNVLTV,A3RIXSMCG9L0F1
B0B36JT1ZS,A3RIXSMCG9L0F1
B07T9GV6KC,A3RIXSMCG9L0F1
B09TK6ZFL3,A3RIXSMCG9L0F1
B07H3HJRR8,A3RIXSMCG9L0F1
B09BSMPXMZ,A3RIXSMCG9L0F1
B01LCCWYVC,A3RIXSMCG9L0F1
B095M6QRCJ,A3RIXSMCG9L0F1
B076DMHP43,A3RIXSMCG9L0F1
B0BX35YDJY,A3RIXSMCG9L0F1
B07HX1NXQT,A3RIXSMCG9L0F1
B0DNYZKY9P,A3RIXSMCG9L0F1
B0DLJMBNKX,A3RIXSMCG9L0F1
B0DBQBX953,A3RIXSMCG9L0F1
B0CTDV37WG,A3RIXSMCG9L0F1
B07WGQ3BKB,A3RIXSMCG9L0F1
B0DW38Z39F,A3RIXSMCG9L0F1
B08MJ31N2R,A3RIXSMCG9L0F1
B08KZRYSQ9,A3RIXSMCG9L0F1
B08DCK1SMJ,A3RIXSMCG9L0F1
B089LPCNGD,A3RIXSMCG9L0F1
B082559296,A3RIXSMCG9L0F1
B07Y6RQC71,A3RIXSMCG9L0F1
B07W5F5Y93,A3RIXSMCG9L0F1
B07TTMC7XT,A3RIXSMCG9L0F1
B07TLBX85H,A3RIXSMCG9L0F1
B07TFJFFJ3,A3RIXSMCG9L0F1
B07TFJCZCG,A3RIXSMCG9L0F1
B07QG7R1QD,A3RIXSMCG9L0F1
B07QFSYCTZ,A3RIXSMCG9L0F1
B07MZL86MT,A3RIXSMCG9L0F1
B07J2VWVZ8,A3RIXSMCG9L0F1
B07H8CXJX3,A3RIXSMCG9L0F1
B07FB5Q9WY,A3RIXSMCG9L0F1
B0778BZG3J,A3RIXSMCG9L0F1
B075XM7LDV,A3RIXSMCG9L0F1
B07345XF8P,A3RIXSMCG9L0F1
B01IULPA2S,A3RIXSMCG9L0F1
B01EBB8D0C,A3RIXSMCG9L0F1
B01D983BRI,A3RIXSMCG9L0F1
B00916XTDE,A3RIXSMCG9L0F1
B005TK6I3O,A3RIXSMCG9L0F1
B004Q6WEYO,A3RIXSMCG9L0F1
B0CW9VC7YK,A3RIXSMCG9L0F1
B0CT2PR3CS,A3RIXSMCG9L0F1
B0CT2LTJCP,A3RIXSMCG9L0F1
B0CR3VHMKJ,A3RIXSMCG9L0F1
B0CQY7SDR7,A3RIXSMCG9L0F1
B0CPM8TKXL,A3RIXSMCG9L0F1
B0CPLWXGBG,A3RIXSMCG9L0F1
B0CNSTJP9K,A3RIXSMCG9L0F1
B0CLK11KBW,A3RIXSMCG9L0F1
B0CL367CHW,A3RIXSMCG9L0F1
B0CKYGQ6M7,A3RIXSMCG9L0F1
B0CJV6ZDMM,A3RIXSMCG9L0F1
B0CHY25D5Z,A3RIXSMCG9L0F1
B0CHRM5J5F,A3RIXSMCG9L0F1
B0CHMCGF7F,A3RIXSMCG9L0F1
B0CFV8KTD9,A3RIXSMCG9L0F1
B0CVVH1NTK,A3RIXSMCG9L0F1
B0BS3YLRTV,A3RIXSMCG9L0F1
B01D37GEMO,A3RIXSMCG9L0F1
B0BG925RBJ,A3RIXSMCG9L0F1
B00ZG1R010,A3RIXSMCG9L0F1
B0B76FLXTB,A3RIXSMCG9L0F1
B0CSJN178L,A3RIXSMCG9L0F1
B099XY4ND9,A3RIXSMCG9L0F1
B07V4KL7WK,A3RIXSMCG9L0F1
B097Y6X28K,A3RIXSMCG9L0F1
B07HQSSTZL,A3RIXSMCG9L0F1
B08HGNPCJY,A3RIXSMCG9L0F1
B0CCY2G5BZ,A3RIXSMCG9L0F1
B07WWVTPQ5,A3RIXSMCG9L0F1
B08R6TRZX1,A3RIXSMCG9L0F1
B07SLHNR7Q,A3RIXSMCG9L0F1
B0DG5MD32D,A3RIXSMCG9L0F1
B07P4CF69R,A3RIXSMCG9L0F1
B0D964TKCL,A3RIXSMCG9L0F1
B07MWZR8N6,A3RIXSMCG9L0F1
B0CHYY77DM,A3RIXSMCG9L0F1
B07DK85FZG,A3RIXSMCG9L0F1
B0BX3P67KC,A3RIXSMCG9L0F1
B01LCCXJD4,A3RIXSMCG9L0F1
B0BVFYWBBS,A3RIXSMCG9L0F1
B08G8V3TGP,A3RIXSMCG9L0F1
B06ZYG1F6B,A3RIXSMCG9L0F1
B0DZHG76R4,A3RIXSMCG9L0F1
B0DSW817H5,A3RIXSMCG9L0F1
B0DSP1WBZG,A3RIXSMCG9L0F1
B0DQP1LGYV,A3RIXSMCG9L0F1
B0DQL2CWXJ,A3RIXSMCG9L0F1
B0DPXVMLGZ,A3RIXSMCG9L0F1
B0DNHTFDJX,A3RIXSMCG9L0F1
B0DMVF6G8K,A3RIXSMCG9L0F1
B0DLNY3B8G,A3RIXSMCG9L0F1
B0DKJ79WLV,A3RIXSMCG9L0F1
B0DJNWFR9W,A3RIXSMCG9L0F1
B0DD43WJP7,A3RIXSMCG9L0F1
B0DD3R5B8D,A3RIXSMCG9L0F1
B0DD3D8137,A3RIXSMCG9L0F1
B0D9GTX8NS,A3RIXSMCG9L0F1
B0D8XWX8DN,A3RIXSMCG9L0F1
B0D8TJDXRY,A3RIXSMCG9L0F1
B0D6GL2SFX,A3RIXSMCG9L0F1
B0D5LBNB3H,A3RIXSMCG9L0F1
B0D4KWKQVR,A3RIXSMCG9L0F1
B0D4KP12QL,A3RIXSMCG9L0F1
B0CJ7S2MQ4,A3RIXSMCG9L0F1
B0CHYCR4ZK,A3RIXSMCG9L0F1
B0CH9ZQPN8,A3RIXSMCG9L0F1
B0CGZFRSWF,A3RIXSMCG9L0F1
B0CG7STPSC,A3RIXSMCG9L0F1
B0CG2Z8HQK,A3RIXSMCG9L0F1
B0CFF4RB78,A3RIXSMCG9L0F1
B0CDPVRV2F,A3RIXSMCG9L0F1
B0CDB71L7M,A3RIXSMCG9L0F1
B0CCRJM63W,A3RIXSMCG9L0F1
B0CCNF8RQG,A3RIXSMCG9L0F1
B0C5R6M7TR,A3RIXSMCG9L0F1
B0C5HRQD79,A3RIXSMCG9L0F1
B0C57Z6TRM,A3RIXSMCG9L0F1
B0C3R4NGCP,A3RIXSMCG9L0F1
B0C33M4HSF,A3RIXSMCG9L0F1
B0D12MRSDH,A3RIXSMCG9L0F1
B0D12M2K9D,A3RIXSMCG9L0F1
B0CZRGY7FR,A3RIXSMCG9L0F1
B0CZ6M928Q,A3RIXSMCG9L0F1
B0CY8HJPF6,A3RIXSMCG9L0F1
B0CXXJMM9R,A3RIXSMCG9L0F1
B0CWHBHCFR,A3RIXSMCG9L0F1
B0CV4HNP54,A3RIXSMCG9L0F1
B0CSZ2XJWT,A3RIXSMCG9L0F1
B0CQ4FCTFC,A3RIXSMCG9L0F1
B0CNSWXRX6,A3RIXSMCG9L0F1
B0CNR9YP4K,A3RIXSMCG9L0F1
B0CNKC83HK,A3RIXSMCG9L0F1
B0CN94RP77,A3RIXSMCG9L0F1
B0CL2DSBHP,A3RIXSMCG9L0F1
B0CKQLMB19,A3RIXSMCG9L0F1
B0C235BFPV,A3RIXSMCG9L0F1
B0BZXDBJ3Z,A3RIXSMCG9L0F1
B0BXPFQ6T6,A3RIXSMCG9L0F1
B0BPTC6QBD,A3RIXSMCG9L0F1
B0BNVG3NWN,A3RIXSMCG9L0F1
B0BN45SZTM,A3RIXSMCG9L0F1
B0BMTPMY57,A3RIXSMCG9L0F1
B0BMG56Q4L,A3RIXSMCG9L0F1
B0BKZYYL76,A3RIXSMCG9L0F1
B0BGPW1KV4,A3RIXSMCG9L0F1
B0B8CFDBG6,A3RIXSMCG9L0F1
B0B7JF8CPS,A3RIXSMCG9L0F1
B0B76MW863,A3RIXSMCG9L0F1
B0B295FPQT,A3RIXSMCG9L0F1
B0B26M182R,A3RIXSMCG9L0F1
B0B213YBPD,A3RIXSMCG9L0F1
B08R376JNN,A3RIXSMCG9L0F1
B08PD22FHQ,A3RIXSMCG9L0F1
B08L8FNRVV,A3RIXSMCG9L0F1
B08L67XM36,A3RIXSMCG9L0F1
B08JNT38D8,A3RIXSMCG9L0F1
B08D6XBRPT,A3RIXSMCG9L0F1
B0857GQ856,A3RIXSMCG9L0F1
B07TS9QQQW,A3RIXSMCG9L0F1
B07STBT9Y4,A3RIXSMCG9L0F1
B07RCCL2JJ,A3RIXSMCG9L0F1
B07P14T33Y,A3RIXSMCG9L0F1
B07MWC91XC,A3RIXSMCG9L0F1
B07MBSBC1Z,A3RIXSMCG9L0F1
B074P7R3W7,A3RIXSMCG9L0F1
B01NBAYTCE,A3RIXSMCG9L0F1
B01GRZHWW0,A3RIXSMCG9L0F1
B0B1D7TRG1,A3RIXSMCG9L0F1
B0B155TS7Q,A3RIXSMCG9L0F1
B0B155SXMK,A3RIXSMCG9L0F1
B09Z6FY74C,A3RIXSMCG9L0F1
B09XXK29RG,A3RIXSMCG9L0F1
B09X2RHNCK,A3RIXSMCG9L0F1
B09WTQQB76,A3RIXSMCG9L0F1
B09WK5JWT7,A3RIXSMCG9L0F1
B09VP5KG82,A3RIXSMCG9L0F1
B09V54WW2T,A3RIXSMCG9L0F1
B09TNM8Y5Q,A3RIXSMCG9L0F1
B09SFXC8LK,A3RIXSMCG9L0F1
B09S7FVLTC,A3RIXSMCG9L0F1
B09S3CDQDZ,A3RIXSMCG9L0F1
B09PN8F3PZ,A3RIXSMCG9L0F1
B09NX7N67V,A3RIXSMCG9L0F1
B01FXE8WN4,A3RIXSMCG9L0F1
B01EN0WFXM,A3RIXSMCG9L0F1
B01E9X7QBE,A3RIXSMCG9L0F1
B01D9WVL1W,A3RIXSMCG9L0F1
B01D9T22FE,A3RIXSMCG9L0F1
B01D3BUI68,A3RIXSMCG9L0F1
B01D276JRK,A3RIXSMCG9L0F1
B01D271NVW,A3RIXSMCG9L0F1
B00W8EKOUW,A3RIXSMCG9L0F1
B00M2IL7BO,A3RIXSMCG9L0F1
B0CB5FRX8T,A3RIXSMCG9L0F1
B00K1FNSFI,A3RIXSMCG9L0F1
B0CKVQ4MTC,A3RIXSMCG9L0F1
B09BC3NXJX,A3RIXSMCG9L0F1
B0CDQG18SF,A3RIXSMCG9L0F1
B08HJX68NG,A3RIXSMCG9L0F1
B0BRY3HDZ7,A3RIXSMCG9L0F1
B079MD72XW,A3RIXSMCG9L0F1
B0BC3D1QPM,A3RIXSMCG9L0F1
B09LCHX3YS,A3RIXSMCG9L0F1
B0B8Z1X3KM,A3RIXSMCG9L0F1
B0BBG8SXSF,A3RIXSMCG9L0F1
B09QCQVM5Q,A3RIXSMCG9L0F1
B0B4W3GHVG,A3RIXSMCG9L0F1
B09N1L79BM,A3RIXSMCG9L0F1
B09XHSHJCP,A3RIXSMCG9L0F1
B099RJF8J1,A3RIXSMCG9L0F1
B07S3H2L6Y,A3RIXSMCG9L0F1
B099264JCL,A3RIXSMCG9L0F1
B0DC3MCFD9,A3RIXSMCG9L0F1
B0931Z6XH5,A3RIXSMCG9L0F1
B0D5LJXLKT,A3RIXSMCG9L0F1
B08ZKNPH8Q,A3RIXSMCG9L0F1
B0C33NGSMH,A3RIXSMCG9L0F1
B08QV6JPTM,A3RIXSMCG9L0F1
B0BXYD4JYG,A3RIXSMCG9L0F1
B08KVQPLMC,A3RIXSMCG9L0F1
B0B44XK8ZQ,A3RIXSMCG9L0F1
B08CT231KN,A3RIXSMCG9L0F1
B09W5JH7QP,A3RIXSMCG9L0F1
B08CT1MRNK,A3RIXSMCG9L0F1
B0956BPW2P,A3RIXSMCG9L0F1
B0CZ6J8L58,A3RIXSMCG9L0F1
B0CWR5C2Z1,A3RIXSMCG9L0F1
B0CWCWM41K,A3RIXSMCG9L0F1
B0CTHRYK2M,A3RIXSMCG9L0F1
B0CNQDPCK4,A3RIXSMCG9L0F1
B0CH891XZC,A3RIXSMCG9L0F1
B0CGZLJXKC,A3RIXSMCG9L0F1
B0CGD1KHYG,A3RIXSMCG9L0F1
B0CF98VJYL,A3RIXSMCG9L0F1
B0CDKS79SW,A3RIXSMCG9L0F1
B0CC9976F7,A3RIXSMCG9L0F1
B0CBS6HFM8,A3RIXSMCG9L0F1
B0C9936ZJ2,A3RIXSMCG9L0F1
B0C8FWHQGB,A3RIXSMCG9L0F1
B0C65D4L9C,A3RIXSMCG9L0F1
B0C5N1MT19,A3RIXSMCG9L0F1
B09NCYWKQC,A3RIXSMCG9L0F1
B09L446DT4,A3RIXSMCG9L0F1
B09HY33FZ7,A3RIXSMCG9L0F1
B09HTYJL6T,A3RIXSMCG9L0F1
B09DBKCSDV,A3RIXSMCG9L0F1
B09BTN1M7D,A3RIXSMCG9L0F1
B0991PQNT4,A3RIXSMCG9L0F1
B094XTB76M,A3RIXSMCG9L0F1
B094VS5H52,A3RIXSMCG9L0F1
B092V3R44S,A3RIXSMCG9L0F1
B092HXCQ73,A3RIXSMCG9L0F1
B0915YSZWQ,A3RIXSMCG9L0F1
B08YFJRXRY,A3RIXSMCG9L0F1
B08Y4284MX,A3RIXSMCG9L0F1
B08XNGJKVR,A3RIXSMCG9L0F1
B08R86L7QZ,A3RIXSMCG9L0F1
B08B5QPXKZ,A3RIXSMCG9L0F1
B091974SM1,A3RIXSMCG9L0F1
B0883BSPK7,A3RIXSMCG9L0F1
B08ZCQB5BF,A3RIXSMCG9L0F1
B083BW8X6Z,A3RIXSMCG9L0F1
B089GMBWC4,A3RIXSMCG9L0F1
B07ZKYHZ56,A3RIXSMCG9L0F1
B07XW7MQTP,A3RIXSMCG9L0F1
B07Y3V45CW,A3RIXSMCG9L0F1
B07THTTXXR,A3RIXSMCG9L0F1
B07X27DHSQ,A3RIXSMCG9L0F1
B07QMT3W72,A3RIXSMCG9L0F1
B07VRVP7VV,A3RIXSMCG9L0F1
B0DT6XTKJ3,A3RIXSMCG9L0F1
B07VN7P6XW,A3RIXSMCG9L0F1
B0DRCXWRNW,A3RIXSMCG9L0F1
B0DK72TRSC,A3RIXSMCG9L0F1
B0DDG8S1BF,A3RIXSMCG9L0F1
B0CQ22L8LV,A3RIXSMCG9L0F1
B0DJMHKSLM,A3RIXSMCG9L0F1
B09X9TGX48,A3RIXSMCG9L0F1
B0C275FFFF,A3RIXSMCG9L0F1
B0DGD21TJV,A3RIXSMCG9L0F1
B0B6SXX32X,A3RIXSMCG9L0F1
B0BTDHBLG2,A3RIXSMCG9L0F1
B0D7VM1H9F,A3RIXSMCG9L0F1
B08KLLL8JJ,A3RIXSMCG9L0F1
B0BK3CZT7Q,A3RIXSMCG9L0F1
B0D66VCSJB,A3RIXSMCG9L0F1
B09TST791L,A3RIXSMCG9L0F1
B09JG5NHMX,A3RIXSMCG9L0F1
B0CX92FZJX,A3RIXSMCG9L0F1
B07SC2STBF,A3RIXSMCG9L0F1
B0DN11H9KB,A3RIXSMCG9L0F1
B07PDWVPJL,A3RIXSMCG9L0F1
B0DMTQ3VZ9,A3RIXSMCG9L0F1
B07H51DW5S,A3RIXSMCG9L0F1
B0DJYFPKJ9,A3RIXSMCG9L0F1
B075G4KZWH,A3RIXSMCG9L0F1
B0DDLC5HRT,A3RIXSMCG9L0F1
B06WRTLV21,A3RIXSMCG9L0F1
B0D9LG5WBF,A3RIXSMCG9L0F1
B0D8TGXZBH,A3RIXSMCG9L0F1
B0D75W78M7,A3RIXSMCG9L0F1
B0D41HQJQH,A3RIXSMCG9L0F1
B0D3M6XHXQ,A3RIXSMCG9L0F1
B0D25JRDLF,A3RIXSMCG9L0F1
B0CZJRZZ1Z,A3RIXSMCG9L0F1
B0C3V8Z9C9,A3RIXSMCG9L0F1
B0C2VYPC84,A3RIXSMCG9L0F1
B0C2H1LYC7,A3RIXSMCG9L0F1
B0BZRQ6P76,A3RIXSMCG9L0F1
B0BWHX58W4,A3RIXSMCG9L0F1
B0BNM99XLL,A3RIXSMCG9L0F1
B0BMQKVZ9T,A3RIXSMCG9L0F1
B0BLNPDT7F,A3RIXSMCG9L0F1
B0BKDMPMVR,A3RIXSMCG9L0F1
B0BHP22WXS,A3RIXSMCG9L0F1
B0BHH8VMJB,A3RIXSMCG9L0F1
B0BGMX1ZWH,A3RIXSMCG9L0F1
B0BF9JV9WK,A3RIXSMCG9L0F1
B0BCVZSL5Z,A3RIXSMCG9L0F1
B0B86H78S5,A3RIXSMCG9L0F1
B0B857DG9B,A3RIXSMCG9L0F1
B0B81D5XDT,A3RIXSMCG9L0F1
B0B7HLHSJ9,A3RIXSMCG9L0F1
B0B6VYQJSH,A3RIXSMCG9L0F1
B0B6J329V7,A3RIXSMCG9L0F1
B0B5ZQTKLT,A3RIXSMCG9L0F1
B0B5MTWYP1,A3RIXSMCG9L0F1
B0B55VFPS2,A3RIXSMCG9L0F1
B0B4P8SGZW,A3RIXSMCG9L0F1
B0B49HRLWT,A3RIXSMCG9L0F1
B0B27NML7S,A3RIXSMCG9L0F1
B0B14W7K7Y,A3RIXSMCG9L0F1
B09Y85X3BP,A3RIXSMCG9L0F1
B09XTPWNLV,A3RIXSMCG9L0F1
B09XHRLMQK,A3RIXSMCG9L0F1
B09X1L7QPR,A3RIXSMCG9L0F1
B09X14B43L,A3RIXSMCG9L0F1
B09W5KN4HQ,A3RIXSMCG9L0F1
B09STBVHY6,A3RIXSMCG9L0F1
B09SPXNRVG,A3RIXSMCG9L0F1
B09S5LJLBL,A3RIXSMCG9L0F1
B09S5DNWT6,A3RIXSMCG9L0F1
B09NW222W9,A3RIXSMCG9L0F1
B09NV897XT,A3RIXSMCG9L0F1
B09MH91FSB,A3RIXSMCG9L0F1
B09HSRX3ZS,A3RIXSMCG9L0F1
B09F5PG554,A3RIXSMCG9L0F1
B099QCXNLG,A3RIXSMCG9L0F1
B097RVJNX7,A3RIXSMCG9L0F1
B097JFM37F,A3RIXSMCG9L0F1
B0972QB9TF,A3RIXSMCG9L0F1
B09729VS4R,A3RIXSMCG9L0F1
B096TB2V93,A3RIXSMCG9L0F1
B0854CYFJZ,A3RIXSMCG9L0F1
B081BJKBJQ,A3RIXSMCG9L0F1
B07Z3TJ1SF,A3RIXSMCG9L0F1
B07SMG5WGY,A3RIXSMCG9L0F1
B07RXQ3C3N,A3RIXSMCG9L0F1
B07QS53BL3,A3RIXSMCG9L0F1
B07QN9DNN6,A3RIXSMCG9L0F1
B07NZZ7ZHN,A3RIXSMCG9L0F1
B07NW8PLWV,A3RIXSMCG9L0F1
B07KZRDV9L,A3RIXSMCG9L0F1
B07HCRWG9W,A3RIXSMCG9L0F1
B07FDJMVNY,A3RIXSMCG9L0F1
B077PZ5YLQ,A3RIXSMCG9L0F1
B06ZYKN5VJ,A3RIXSMCG9L0F1
B01LN7PMSI,A3RIXSMCG9L0F1
B00ZHKKENQ,A3RIXSMCG9L0F1
B00RSRT7ZW,A3RIXSMCG9L0F1
B00NIIBK1Y,A3RIXSMCG9L0F1
B00NCRJG0S,A3RIXSMCG9L0F1
B00GOWHO16,A3RIXSMCG9L0F1
B006EXMBRC,A3RIXSMCG9L0F1
B000EVXG4W,A3RIXSMCG9L0F1
B095C6G2PH,A3RIXSMCG9L0F1
B093GW8LKC,A3RIXSMCG9L0F1
B08ZNH6CZG,A3RIXSMCG9L0F1
B08Z7DB5KT,A3RIXSMCG9L0F1
B08XTPDPCT,A3RIXSMCG9L0F1
B08V1Z6T61,A3RIXSMCG9L0F1
B08TTWPTHX,A3RIXSMCG9L0F1
B08PN826SG,A3RIXSMCG9L0F1
B08MX9WDWV,A3RIXSMCG9L0F1
B08LYR318R,A3RIXSMCG9L0F1
B08LPPGWS8,A3RIXSMCG9L0F1
B08LBNK441,A3RIXSMCG9L0F1
B08DWR6ZNR,A3RIXSMCG9L0F1
B08B7VGCCH,A3RIXSMCG9L0F1
B08761CKW2,A3RIXSMCG9L0F1
B0865TM3GQ,A3RIXSMCG9L0F1
B0D5M1GC15,A3RIXSMCG9L0F1
B0B3T4YRRP,A3RIXSMCG9L0F1
B0CQLXG3RH,A3RIXSMCG9L0F1
B08F746PBB,A3RIXSMCG9L0F1
B0CNH1PMHC,A3RIXSMCG9L0F1
B0BCYVQDHV,A3RIXSMCG9L0F1
B0BMGSW5MX,A3RIXSMCG9L0F1
B09QM473D4,A3RIXSMCG9L0F1
B08V1X2DP3,A3RIXSMCG9L0F1
B092C7Y1F7,A3RIXSMCG9L0F1
B08QHRQWRJ,A3RIXSMCG9L0F1
B07TVFZXDY,A3RIXSMCG9L0F1
B08HCXKHND,A3RIXSMCG9L0F1
B078WHDDZ4,A3RIXSMCG9L0F1
B08F21SSJK,A3RIXSMCG9L0F1
B0BRSNSR25,A3RIXSMCG9L0F1
B07TBDHWFX,A3RIXSMCG9L0F1
B0BP28BBVD,A3RIXSMCG9L0F1
B07DVZPK9H,A3RIXSMCG9L0F1
B0B55YNJPQ,A3RIXSMCG9L0F1
B074VMPVMN,A3RIXSMCG9L0F1
B0B4J46YZ5,A3RIXSMCG9L0F1
B01C7VZCFC,A3RIXSMCG9L0F1
B09BJF42LL,A3RIXSMCG9L0F1
B08NVBJ3WK,A3RIXSMCG9L0F1
B08MQX745S,A3RIXSMCG9L0F1
B00H2UTSWW,A3RIXSMCG9L0F1
B0DSW6SWSY,A3RIXSMCG9L0F1
B0DSVQZQ36,A3RIXSMCG9L0F1
B0DSGJMG82,A3RIXSMCG9L0F1
B0DNYW8BYJ,A3RIXSMCG9L0F1
B0DJYW6K74,A3RIXSMCG9L0F1
B0DHNN8SCY,A3RIXSMCG9L0F1
B0DFKRMXMG,A3RIXSMCG9L0F1
B0DF74CPMC,A3RIXSMCG9L0F1
B0DCBQTSVH,A3RIXSMCG9L0F1
B0D9VZYTBF,A3RIXSMCG9L0F1
B0D9NZLN25,A3RIXSMCG9L0F1
B0D99W5B8S,A3RIXSMCG9L0F1
B0D8J2S9ZW,A3RIXSMCG9L0F1
B0D7HQD2S9,A3RIXSMCG9L0F1
B0D62KP7PY,A3RIXSMCG9L0F1
B0D5QYCKZC,A3RIXSMCG9L0F1
B0D54D7LD7,A3RIXSMCG9L0F1
B0D2CKV6W9,A3RIXSMCG9L0F1
B0CYT6FV91,A3RIXSMCG9L0F1
B0CY3Z9CJ8,A3RIXSMCG9L0F1
B0CXXJMVNM,A3RIXSMCG9L0F1
B0CC23Q9V1,A3RIXSMCG9L0F1
B0CBWVJGZD,A3RIXSMCG9L0F1
B0CBV8MY4Z,A3RIXSMCG9L0F1
B0C95XB863,A3RIXSMCG9L0F1
B0C8HGHY8M,A3RIXSMCG9L0F1
B0C771P2LW,A3RIXSMCG9L0F1
B0C6ZWZCKT,A3RIXSMCG9L0F1
B0C4HFBR7W,A3RIXSMCG9L0F1
B0C49L48Y7,A3RIXSMCG9L0F1
B0C3LZ8S8G,A3RIXSMCG9L0F1
B0BXRRFXY5,A3RIXSMCG9L0F1
B0BW8H2CM1,A3RIXSMCG9L0F1
B0BVTJMTSN,A3RIXSMCG9L0F1
B0BVB8BS5K,A3RIXSMCG9L0F1
B0BV612HDG,A3RIXSMCG9L0F1
B0BSMK9D4Z,A3RIXSMCG9L0F1
B0CW693N9W,A3RIXSMCG9L0F1
B0CT2JNRDZ,A3RIXSMCG9L0F1
B0CRRBVJ66,A3RIXSMCG9L0F1
B0CR7TMQC8,A3RIXSMCG9L0F1
B0CR4D3PNB,A3RIXSMCG9L0F1
B0CQR7VKNJ,A3RIXSMCG9L0F1
B0CQLHL7LV,A3RIXSMCG9L0F1
B0CQKX1JHL,A3RIXSMCG9L0F1
B0CQ4BKNJC,A3RIXSMCG9L0F1
B0CQ2CHJWW,A3RIXSMCG9L0F1
B0CQ27GTZQ,A3RIXSMCG9L0F1
B0CPPT2Q3Y,A3RIXSMCG9L0F1
B0CP9418S9,A3RIXSMCG9L0F1
B0CNRJ3SCG,A3RIXSMCG9L0F1
B0CD7KRRTG,A3RIXSMCG9L0F1
B0B294HH6Q,A3RIXSMCG9L0F1
B0B1M27FMZ,A3RIXSMCG9L0F1
B09Y91S1VC,A3RIXSMCG9L0F1
B09XDYQWBY,A3RIXSMCG9L0F1
B09WMW5C1H,A3RIXSMCG9L0F1
B09WHLQT7N,A3RIXSMCG9L0F1
B09V7GXBRQ,A3RIXSMCG9L0F1
B09SHPKB3V,A3RIXSMCG9L0F1
B09R76VN3Z,A3RIXSMCG9L0F1
B09QLG11JM,A3RIXSMCG9L0F1
B09QKPFK8J,A3RIXSMCG9L0F1
B09QKPDPZ6,A3RIXSMCG9L0F1
B09PY8F2VC,A3RIXSMCG9L0F1
B09PTJQH1Z,A3RIXSMCG9L0F1
B09P55M5BH,A3RIXSMCG9L0F1
B09NY1QLRG,A3RIXSMCG9L0F1
B0BN9Z6511,A3RIXSMCG9L0F1
B0BLBJFSVB,A3RIXSMCG9L0F1
B0BJL8HPSX,A3RIXSMCG9L0F1
B0BJDSMKGB,A3RIXSMCG9L0F1
B0BGKJPFY3,A3RIXSMCG9L0F1
B0BG25R93Y,A3RIXSMCG9L0F1
B0BFWG1DV4,A3RIXSMCG9L0F1
B0BBG95BYJ,A3RIXSMCG9L0F1
B0B9N4S33W,A3RIXSMCG9L0F1
B0B93LMHDL,A3RIXSMCG9L0F1
B0B7YSPW4P,A3RIXSMCG9L0F1
B0B6J2CZ12,A3RIXSMCG9L0F1
B0B3ZS8HSK,A3RIXSMCG9L0F1
B0B3T4VT1X,A3RIXSMCG9L0F1
B01D279DMS,A3RIXSMCG9L0F1
B01D273ICY,A3RIXSMCG9L0F1
B00HCC2EZI,A3RIXSMCG9L0F1
B009UYLQI2,A3RIXSMCG9L0F1
B00728YG6W,A3RIXSMCG9L0F1
B0DSHSTH7Y,A3RIXSMCG9L0F1
B0DS2C8W5Y,A3RIXSMCG9L0F1
B0DNYWR9Y8,A3RIXSMCG9L0F1
B0DNSSJTY1,A3RIXSMCG9L0F1
B0DJV6DWMR,A3RIXSMCG9L0F1
B0DJ79BD7N,A3RIXSMCG9L0F1
B0DHXBMCKV,A3RIXSMCG9L0F1
B0DHGZJD1N,A3RIXSMCG9L0F1
B0DFW5S32Y,A3RIXSMCG9L0F1
B0DFTK3LBN,A3RIXSMCG9L0F1
B0DF2PJ7GT,A3RIXSMCG9L0F1
B0DDY882S9,A3RIXSMCG9L0F1
B0DDP6PQR4,A3RIXSMCG9L0F1
B0DDCD536P,A3RIXSMCG9L0F1
B0DBSGPQ8J,A3RIXSMCG9L0F1
B0D9GMGN9L,A3RIXSMCG9L0F1
B087Q7DV12,A3RIXSMCG9L0F1
B086P96NKG,A3RIXSMCG9L0F1
B0851WDBXF,A3RIXSMCG9L0F1
B07V6GMRF3,A3RIXSMCG9L0F1
B07R56CLK8,A3RIXSMCG9L0F1
B07HDMDCSL,A3RIXSMCG9L0F1
B07DZY1DDY,A3RIXSMCG9L0F1
B079G4KLMN,A3RIXSMCG9L0F1
B073G947K7,A3RIXSMCG9L0F1
B072Q5KQC3,A3RIXSMCG9L0F1
B06XQ35G62,A3RIXSMCG9L0F1
B06XPDCTBM,A3RIXSMCG9L0F1
B01ECBMC8A,A3RIXSMCG9L0F1
B01EBB4GF8,A3RIXSMCG9L0F1
B01D3BSXEC,A3RIXSMCG9L0F1
B01D3BSEL4,A3RIXSMCG9L0F1
B0D8NVX83M,A3RIXSMCG9L0F1
B0D7W5BJCF,A3RIXSMCG9L0F1
B0D7MXY59V,A3RIXSMCG9L0F1
B0D76P7T7W,A3RIXSMCG9L0F1
B0D6YQ4L74,A3RIXSMCG9L0F1
B0D6Y2YDBS,A3RIXSMCG9L0F1
B0D5GVGZ9S,A3RIXSMCG9L0F1
B0D4MBQZ3G,A3RIXSMCG9L0F1
B0D4DLZV85,A3RIXSMCG9L0F1
B0D3X71CYF,A3RIXSMCG9L0F1
B0D3TT6SLK,A3RIXSMCG9L0F1
B0D2QX7N62,A3RIXSMCG9L0F1
B0D1ZXJS94,A3RIXSMCG9L0F1
B0CYTBZNTN,A3RIXSMCG9L0F1
B0CYGXYQ1Q,A3RIXSMCG9L0F1
B09NWGV3QX,A3RIXSMCG9L0F1
B09FNSDZKH,A3RIXSMCG9L0F1
B099MZGL4T,A3RIXSMCG9L0F1
B0995H5TNX,A3RIXSMCG9L0F1
B093GB2DBL,A3RIXSMCG9L0F1
B09185HCKG,A3RIXSMCG9L0F1
B09164RVCC,A3RIXSMCG9L0F1
B08ZX1CDVB,A3RIXSMCG9L0F1
B08SVVGTNQ,A3RIXSMCG9L0F1
B08R86BDHM,A3RIXSMCG9L0F1
B08QCHXBW3,A3RIXSMCG9L0F1
B08GYP8D34,A3RIXSMCG9L0F1
B08B7WB1SM,A3RIXSMCG9L0F1
B089YHWGHF,A3RIXSMCG9L0F1
B089LW53FT,A3RIXSMCG9L0F1
B0CXXDL215,A3RIXSMCG9L0F1
B0CWXR11WD,A3RIXSMCG9L0F1
B0CT3D9WQX,A3RIXSMCG9L0F1
B0CSY76B8L,A3RIXSMCG9L0F1
B0CRDRX9M1,A3RIXSMCG9L0F1
B0CQLLKM91,A3RIXSMCG9L0F1
B0CQ4CFMD1,A3RIXSMCG9L0F1
B0CPV72K6N,A3RIXSMCG9L0F1
B0CPPHHJQH,A3RIXSMCG9L0F1
B0CNGX2562,A3RIXSMCG9L0F1
B0CMCYNW91,A3RIXSMCG9L0F1
B0CKV9JMDH,A3RIXSMCG9L0F1
B0CJM3MD8P,A3RIXSMCG9L0F1
B0CHMFLVT9,A3RIXSMCG9L0F1
B0CHDV2HQR,A3RIXSMCG9L0F1
B0C9RJQCP9,A3RIXSMCG9L0F1
B098351BH2,A3RIXSMCG9L0F1
B09VYG5K45,A3RIXSMCG9L0F1
B0BBFNTY67,A3RIXSMCG9L0F1
B01N1R9WFB,A3RIXSMCG9L0F1
B08K8KMQHX,A3RIXSMCG9L0F1
B015F9CB98,A3RIXSMCG9L0F1
B009CR3JUK,A3RIXSMCG9L0F1
B0BKSJT1FJ,A3RIXSMCG9L0F1
B0CYPV5H56,A3RIXSMCG9L0F1
B0CBV59J47,A3RIXSMCG9L0F1
B0BSVD9631,A3RIXSMCG9L0F1
B09YCKVN66,A3RIXSMCG9L0F1
B09KMHZ418,A3RIXSMCG9L0F1
B01DYEDHNK,A3RIXSMCG9L0F1
B0DT6DWTK4,A3RIXSMCG9L0F1
B0DT3WPW65,A3RIXSMCG9L0F1
B0BK4FSKLH,A3RIXSMCG9L0F1
B0BC9JP3PP,A3RIXSMCG9L0F1
B0BBN71SXW,A3RIXSMCG9L0F1
B0BB15367S,A3RIXSMCG9L0F1
B0B8D5ZRBY,A3RIXSMCG9L0F1
B0B7DX2J3S,A3RIXSMCG9L0F1
B0B76YQDRX,A3RIXSMCG9L0F1
B0B6171RVF,A3RIXSMCG9L0F1
B0B615G2WL,A3RIXSMCG9L0F1
B0B59KVQD4,A3RIXSMCG9L0F1
B0B56V4MVP,A3RIXSMCG9L0F1
B0B56QVWW2,A3RIXSMCG9L0F1
B0B56N9L2V,A3RIXSMCG9L0F1
B0B56LGNX6,A3RIXSMCG9L0F1
B09ZD2K7BN,A3RIXSMCG9L0F1
B09V55LLZ8,A3RIXSMCG9L0F1
B0C7VQPPB9,A3RIXSMCG9L0F1
B0C5R3SS9F,A3RIXSMCG9L0F1
B0C55224VR,A3RIXSMCG9L0F1
B0C536MRL5,A3RIXSMCG9L0F1
B0C36F2L5J,A3RIXSMCG9L0F1
B0BZVLFSSF,A3RIXSMCG9L0F1
B0BY7YSHJ3,A3RIXSMCG9L0F1
B0BW177JJD,A3RIXSMCG9L0F1
B0BS1TH8DB,A3RIXSMCG9L0F1
B0BQ3KKYLZ,A3RIXSMCG9L0F1
B0BPM6D2GM,A3RIXSMCG9L0F1
B0BMFGJFJ4,A3RIXSMCG9L0F1
B0BMFCT9PZ,A3RIXSMCG9L0F1
B0BLK2CSBY,A3RIXSMCG9L0F1
B0BL72R7LY,A3RIXSMCG9L0F1
B0BL52HZ6Y,A3RIXSMCG9L0F1
B0831T5T7L,A3RIXSMCG9L0F1
B00NAE5OFE,A3RIXSMCG9L0F1
B0DFQ3VBN4,A3RIXSMCG9L0F1
BGCTLG801T,A3RIXSMCG9L0F1
B086HML5TC,A3RIXSMCG9L0F1
B0CW62HWKD,A3RIXSMCG9L0F1
B0DCFLHJ1X,A3RIXSMCG9L0F1
B09P59KH3W,A3RIXSMCG9L0F1
B09K4BW7Y9,A3RIXSMCG9L0F1
B0DRJHR6BR,A3RIXSMCG9L0F1
B0DR59T86P,A3RIXSMCG9L0F1
B0DC5JKLT2,A3RIXSMCG9L0F1
B0DBHH7RDF,A3RIXSMCG9L0F1
B0D7P3M32Y,A3RIXSMCG9L0F1
B0D2FRKJM6,A3RIXSMCG9L0F1
B0CHY3MRKJ,A3RIXSMCG9L0F1
B09SFVN8WG,A3RIXSMCG9L0F1
B09QKMR6TR,A3RIXSMCG9L0F1
B09LHMHYD2,A3RIXSMCG9L0F1
B09K7CQZB1,A3RIXSMCG9L0F1
B09JG39VN6,A3RIXSMCG9L0F1
B09H34Y5K8,A3RIXSMCG9L0F1
B09H2743NZ,A3RIXSMCG9L0F1
B09DPD3RMP,A3RIXSMCG9L0F1
B09CMSHZKK,A3RIXSMCG9L0F1
B09CD5NHQV,A3RIXSMCG9L0F1
B099P8K8GG,A3RIXSMCG9L0F1
B097391YJW,A3RIXSMCG9L0F1
B0968MJLYZ,A3RIXSMCG9L0F1
B091JVY2BQ,A3RIXSMCG9L0F1
B08WQ1F8KZ,A3RIXSMCG9L0F1
B08W591JLZ,A3RIXSMCG9L0F1
B08SW4Y4ML,A3RIXSMCG9L0F1
B08QD815WN,A3RIXSMCG9L0F1
B08P1MZLCY,A3RIXSMCG9L0F1
B08MTZVJWZ,A3RIXSMCG9L0F1
B08MJQ1PSJ,A3RIXSMCG9L0F1
B08M3X16H1,A3RIXSMCG9L0F1
B08FMHLS73,A3RIXSMCG9L0F1
B083GK74YZ,A3RIXSMCG9L0F1
B08154YGYR,A3RIXSMCG9L0F1
B07T21HNCB,A3RIXSMCG9L0F1
B07PXCRKZB,A3RIXSMCG9L0F1
B07PBRJJK6,A3RIXSMCG9L0F1
B07MNZ635L,A3RIXSMCG9L0F1
B07FTC5LVX,A3RIXSMCG9L0F1
B079YF2TJ3,A3RIXSMCG9L0F1
B01D9WM9ZY,A3RIXSMCG9L0F1
B09M3N2Y4Q,A3RIXSMCG9L0F1
B09LKD28DR,A3RIXSMCG9L0F1
B09CNB9NK8,A3RIXSMCG9L0F1
B096FS8B24,A3RIXSMCG9L0F1
B08ZS7V9TL,A3RIXSMCG9L0F1
B08LT7YVFY,A3RIXSMCG9L0F1
B08KWKN752,A3RIXSMCG9L0F1
B08KSW3PJ3,A3RIXSMCG9L0F1
B08HHFPTH8,A3RIXSMCG9L0F1
B08C1V9TLF,A3RIXSMCG9L0F1
B087WMS4RB,A3RIXSMCG9L0F1
B083JST6LK,A3RIXSMCG9L0F1
B082LZWG4N,A3RIXSMCG9L0F1
B081N9WFGC,A3RIXSMCG9L0F1
B07GW15K1Z,A3RIXSMCG9L0F1
B07GD5KHYF,A3RIXSMCG9L0F1
B07DNGWTM9,A3RIXSMCG9L0F1
B07CZ38QG8,A3RIXSMCG9L0F1
B07B4T37WK,A3RIXSMCG9L0F1
B074NSX8VV,A3RIXSMCG9L0F1
B072TNPGC5,A3RIXSMCG9L0F1
B0719C7WDG,A3RIXSMCG9L0F1
B0195UVD2O,A3RIXSMCG9L0F1
B006EEKC8Q,A3RIXSMCG9L0F1
B0BB1W21K6,A3RIXSMCG9L0F1
B0B9MZ8LRR,A3RIXSMCG9L0F1
B0B8C1JJTT,A3RIXSMCG9L0F1
B0B74PRM8H,A3RIXSMCG9L0F1
B0B6VZ6BHB,A3RIXSMCG9L0F1
B0B6VZ4ZSH,A3RIXSMCG9L0F1
B0B6TW1CWQ,A3RIXSMCG9L0F1
B0B4JPFYRG,A3RIXSMCG9L0F1
B0B2JJ5LQB,A3RIXSMCG9L0F1
B09TBKGZXW,A3RIXSMCG9L0F1
B09R7Z58J9,A3RIXSMCG9L0F1
B09QSKVGZP,A3RIXSMCG9L0F1
B09QSJYSKC,A3RIXSMCG9L0F1
B09NQZVP2K,A3RIXSMCG9L0F1
B09NLHM7PN,A3RIXSMCG9L0F1
B09MZ3DRHD,A3RIXSMCG9L0F1
B0CBVCTLQG,A3RIXSMCG9L0F1
B00KD6JESK,A3RIXSMCG9L0F1
B0C4X748XH,A3RIXSMCG9L0F1
B0BWLYVHCJ,A3RIXSMCG9L0F1
B0BNQDSP8N,A3RIXSMCG9L0F1
B0BNQ6JNTF,A3RIXSMCG9L0F1
B0B257P6VZ,A3RIXSMCG9L0F1
B09XQWCV9J,A3RIXSMCG9L0F1
B09T2Q21CH,A3RIXSMCG9L0F1
B09MZHZQYG,A3RIXSMCG9L0F1
B09J177L6T,A3RIXSMCG9L0F1
B0986ZF8FW,A3RIXSMCG9L0F1
B097RH149T,A3RIXSMCG9L0F1
B097RF8YX5,A3RIXSMCG9L0F1
B097454WF9,A3RIXSMCG9L0F1
B092LJKK21,A3RIXSMCG9L0F1
B0DGDFSJGP,A3RIXSMCG9L0F1
B0BVBW8V13,A3RIXSMCG9L0F1
B0DDJNVFJ6,A3RIXSMCG9L0F1
B09MQD6TRF,A3RIXSMCG9L0F1
B0D3B3L1KJ,A3RIXSMCG9L0F1
B09HBZ41B6,A3RIXSMCG9L0F1
B0D2DKN9PP,A3RIXSMCG9L0F1
B07SM485RD,A3RIXSMCG9L0F1
B0CMQGZLW7,A3RIXSMCG9L0F1
B07S33B27M,A3RIXSMCG9L0F1
B0CKNWLVZ9,A3RIXSMCG9L0F1
B07QPYWPYC,A3RIXSMCG9L0F1
B0CJLJF5WH,A3RIXSMCG9L0F1
B07LGP7LGT,A3RIXSMCG9L0F1
B0CHDQK3BS,A3RIXSMCG9L0F1
B01E5G8MS6,A3RIXSMCG9L0F1
B01D27913O,A3RIXSMCG9L0F1
B013NXTCTU,A3RIXSMCG9L0F1
B011DYF1EG,A3RIXSMCG9L0F1
B00HFXMH6K,A3RIXSMCG9L0F1
B00FQD64ZG,A3RIXSMCG9L0F1
B008CIXRHU,A3RIXSMCG9L0F1
B0052ZWRT0,A3RIXSMCG9L0F1
B00005A3LJ,A3RIXSMCG9L0F1
B00005A3LH,A3RIXSMCG9L0F1
B0922CZJ95,A3RIXSMCG9L0F1
B08R9MT4PM,A3RIXSMCG9L0F1
B08MBSLYZQ,A3RIXSMCG9L0F1
B08C9LQW8N,A3RIXSMCG9L0F1
B089FZDDF9,A3RIXSMCG9L0F1
B088FQ247W,A3RIXSMCG9L0F1
B086XKFDP2,A3RIXSMCG9L0F1
B07T83M2QS,A3RIXSMCG9L0F1
B07QFPB1S9,A3RIXSMCG9L0F1
B07L9JCFP2,A3RIXSMCG9L0F1
B07DGWVMLF,A3RIXSMCG9L0F1
B071974Z82,A3RIXSMCG9L0F1
B007HT39K0,A3RIXSMCG9L0F1
B000OCR0EI,A3RIXSMCG9L0F1
B0CFXMX6PC,A3RIXSMCG9L0F1
B0CF4KBLG8,A3RIXSMCG9L0F1
B0C71GKYBP,A3RIXSMCG9L0F1
B0C3GVBNRH,A3RIXSMCG9L0F1
B0BW7Q7PQB,A3RIXSMCG9L0F1
B0BV7F4Q13,A3RIXSMCG9L0F1
B0BNF1P9R9,A3RIXSMCG9L0F1
B0BMGD869F,A3RIXSMCG9L0F1
B0BLTVVSYP,A3RIXSMCG9L0F1
B0BLLVHLHB,A3RIXSMCG9L0F1
B0BKP99VBP,A3RIXSMCG9L0F1
B0BK1B57ZL,A3RIXSMCG9L0F1
B0BG566591,A3RIXSMCG9L0F1
B0BFKQQD5Q,A3RIXSMCG9L0F1
B0BC7DK54Q,A3RIXSMCG9L0F1
B0BBL5GYBG,A3RIXSMCG9L0F1
B0C6SYP27W,A3RIXSMCG9L0F1
B0CGF9P7NC,A3RIXSMCG9L0F1
B09W9NX6L9,A3RIXSMCG9L0F1
B0C5HN3MD7,A3RIXSMCG9L0F1
B0CJ8Y3P2F,A3RIXSMCG9L0F1
B09VQQ4115,A3RIXSMCG9L0F1
B07SDSF5B6,A3RIXSMCG9L0F1
B09NF51LPV,A3RIXSMCG9L0F1
B07H8Q5979,A3RIXSMCG9L0F1
B0D2NRD3NZ,A3RIXSMCG9L0F1
B0DLKSTNVG,A3RIXSMCG9L0F1
B004U90S8G,A3RIXSMCG9L0F1
B0DC9XTHZW,A3RIXSMCG9L0F1
B0BYYJTK4Q,A3RIXSMCG9L0F1
B0CS1SWX8X,A3RIXSMCG9L0F1
B07MDL8R82,A3RIXSMCG9L0F1
B09FF59HHL,A3RIXSMCG9L0F1
B0D3TXHT6X,A3RIXSMCG9L0F1
B098PYWNS3,A3RIXSMCG9L0F1
B0CP9948V8,A3RIXSMCG9L0F1
B093Q19QTZ,A3RIXSMCG9L0F1
B0CDPVD4GJ,A3RIXSMCG9L0F1
B08FXDTG8S,A3RIXSMCG9L0F1
B0BRWBF5YZ,A3RIXSMCG9L0F1
B08DXLCKWH,A3RIXSMCG9L0F1
B09XR2SCFX,A3RIXSMCG9L0F1
B08BTGJKM3,A3RIXSMCG9L0F1
B09V4SP3GJ,A3RIXSMCG9L0F1
B086DQ6KBW,A3RIXSMCG9L0F1
B09Q3GFB9N,A3RIXSMCG9L0F1
B083763ZZJ,A3RIXSMCG9L0F1
B09N739SPZ,A3RIXSMCG9L0F1
B08375MG49,A3RIXSMCG9L0F1
B0989CRBGN,A3RIXSMCG9L0F1
B08375JBXC,A3RIXSMCG9L0F1
B097SRH5LL,A3RIXSMCG9L0F1
B08374PX1Q,A3RIXSMCG9L0F1
B094FM9J1N,A3RIXSMCG9L0F1
B083746HJY,A3RIXSMCG9L0F1
B08SKZR7CH,A3RIXSMCG9L0F1
B083746D8T,A3RIXSMCG9L0F1
B08R355LXZ,A3RIXSMCG9L0F1
B083743CQV,A3RIXSMCG9L0F1
B08QKXX85D,A3RIXSMCG9L0F1
B083742NM5,A3RIXSMCG9L0F1
B07VFF9GVY,A3RIXSMCG9L0F1
B08373D57L,A3RIXSMCG9L0F1
B003IT62KC,A3RIXSMCG9L0F1
B08328PYDN,A3RIXSMCG9L0F1
B0DW4JDBZ3,A3RIXSMCG9L0F1
B07R9RFR6X,A3RIXSMCG9L0F1
B0DTFGBWQD,A3RIXSMCG9L0F1
B06Y2Z4QJ9,A3RIXSMCG9L0F1
B0DSVT4VDJ,A3RIXSMCG9L0F1
B01LX19ZIR,A3RIXSMCG9L0F1
B0DSLRTZPM,A3RIXSMCG9L0F1
B0DS2NF4RV,A3RIXSMCG9L0F1
B0DMS1W7MS,A3RIXSMCG9L0F1
B0DKSXZWMC,A3RIXSMCG9L0F1
B0DJPMS56W,A3RIXSMCG9L0F1
B0DJ2W42RY,A3RIXSMCG9L0F1
B0DCJLG744,A3RIXSMCG9L0F1
B0DCDLWHS7,A3RIXSMCG9L0F1
B0D9H5NM8M,A3RIXSMCG9L0F1
B0BX7HW6LN,A3RIXSMCG9L0F1
B0BWHH6SNT,A3RIXSMCG9L0F1
B0BV1L5XCD,A3RIXSMCG9L0F1
B0BTXN52MR,A3RIXSMCG9L0F1
B0BN3S11Q6,A3RIXSMCG9L0F1
B0BM7CW4DC,A3RIXSMCG9L0F1
B0BGNYVPQY,A3RIXSMCG9L0F1
B0BG2WSKYL,A3RIXSMCG9L0F1
B0BCZLTKPC,A3RIXSMCG9L0F1
B0BB1Z62GZ,A3RIXSMCG9L0F1
B0B9NFLYS2,A3RIXSMCG9L0F1
B0B9GQHLRN,A3RIXSMCG9L0F1
B0B7NB1Y3F,A3RIXSMCG9L0F1
B0B7HN96GN,A3RIXSMCG9L0F1
B0B76ZCT5Q,A3RIXSMCG9L0F1
B0B6BRK4KV,A3RIXSMCG9L0F1
B0BZYXTJ3M,A3RIXSMCG9L0F1
B0BLK4FYQ1,A3RIXSMCG9L0F1
B0BMQB3MY1,A3RIXSMCG9L0F1
B004U90S68,A3RIXSMCG9L0F1
B0BHP63CJS,A3RIXSMCG9L0F1
B084H24WSB,A3RIXSMCG9L0F1
B0B6CQJ9WT,A3RIXSMCG9L0F1
B0CGQY795B,A3RIXSMCG9L0F1
B09SKR728Y,A3RIXSMCG9L0F1
B0C6SNK38F,A3RIXSMCG9L0F1
B09NM5SMMK,A3RIXSMCG9L0F1
B0BXD66LTG,A3RIXSMCG9L0F1
B09L1G995X,A3RIXSMCG9L0F1
B08Z3PX1KB,A3RIXSMCG9L0F1
B09FH82XB5,A3RIXSMCG9L0F1
B00YO0GUGA,A3RIXSMCG9L0F1
B0D962NXT2,A3RIXSMCG9L0F1
B0D8GQCNQB,A3RIXSMCG9L0F1
B0D8BKQQTV,A3RIXSMCG9L0F1
B0D5CY9P3Z,A3RIXSMCG9L0F1
B0D4LY7Q64,A3RIXSMCG9L0F1
B0D45PMNS8,A3RIXSMCG9L0F1
B0D2MZ3WKG,A3RIXSMCG9L0F1
B0D17YFXF2,A3RIXSMCG9L0F1
B0D11SDJ29,A3RIXSMCG9L0F1
B0CXCF1C74,A3RIXSMCG9L0F1
B0CTN5BWB8,A3RIXSMCG9L0F1
B0CR1PQG1M,A3RIXSMCG9L0F1
B0CPXYJ4V3,A3RIXSMCG9L0F1
B0CP9Z3KHR,A3RIXSMCG9L0F1
B0CNRPXWWV,A3RIXSMCG9L0F1
B0CMDGNZ35,A3RIXSMCG9L0F1
B0CJJJVX1Y,A3RIXSMCG9L0F1
B0CJ4Y8PCT,A3RIXSMCG9L0F1
B0CGXGR9FW,A3RIXSMCG9L0F1
B0CGHYXDPV,A3RIXSMCG9L0F1
B0CFG95RMM,A3RIXSMCG9L0F1
B0CDV8RN16,A3RIXSMCG9L0F1
B0CBV7JSYC,A3RIXSMCG9L0F1
B0C8113FR7,A3RIXSMCG9L0F1
B0C7TNVD1T,A3RIXSMCG9L0F1
B0C7844JMJ,A3RIXSMCG9L0F1
B0C61BPS47,A3RIXSMCG9L0F1
B0C5MTFGVM,A3RIXSMCG9L0F1
B0C4TKT11H,A3RIXSMCG9L0F1
B0BYWQ336B,A3RIXSMCG9L0F1
B0BYWPHFXT,A3RIXSMCG9L0F1
B0BYSHDRQQ,A3RIXSMCG9L0F1
B0B674SCDX,A3RIXSMCG9L0F1
B0B5R7DQG7,A3RIXSMCG9L0F1
B0B5KTGCVT,A3RIXSMCG9L0F1
B0B4YMXX7C,A3RIXSMCG9L0F1
B0B4VL3BL8,A3RIXSMCG9L0F1
B0B4SK9MX4,A3RIXSMCG9L0F1
B0B4SJTHBJ,A3RIXSMCG9L0F1
B0B4FZ9MSD,A3RIXSMCG9L0F1
B0B3MFF9QX,A3RIXSMCG9L0F1
B0B3HDYQBX,A3RIXSMCG9L0F1
B0B316TVLW,A3RIXSMCG9L0F1
B0B2JJ5QHD,A3RIXSMCG9L0F1
B0B1WCZM9K,A3RIXSMCG9L0F1
B09ZZKHJ1J,A3RIXSMCG9L0F1
B09YNJ9CQB,A3RIXSMCG9L0F1
B09XXBKMGC,A3RIXSMCG9L0F1
B09WRPTT34,A3RIXSMCG9L0F1
B09WP9NVRS,A3RIXSMCG9L0F1
B09WD2GT5W,A3RIXSMCG9L0F1
B09W71W15Y,A3RIXSMCG9L0F1
B09VP7N9P7,A3RIXSMCG9L0F1
B09V168BTH,A3RIXSMCG9L0F1
B09TQMQ6KX,A3RIXSMCG9L0F1
B09STLM58C,A3RIXSMCG9L0F1
B09SG9GND9,A3RIXSMCG9L0F1
B09QGF98PC,A3RIXSMCG9L0F1
B09Q84XGHS,A3RIXSMCG9L0F1
B09NQQKSJY,A3RIXSMCG9L0F1
B09MVW9VBK,A3RIXSMCG9L0F1
B09K7MCZXT,A3RIXSMCG9L0F1
B09H54R8P2,A3RIXSMCG9L0F1
B09FP2MK1W,A3RIXSMCG9L0F1
B09F96M4D3,A3RIXSMCG9L0F1
B09F6MKZ5P,A3RIXSMCG9L0F1
B09F2PLHXT,A3RIXSMCG9L0F1
B09BQSVL1X,A3RIXSMCG9L0F1
B099FD7JM5,A3RIXSMCG9L0F1
B097YZYCV8,A3RIXSMCG9L0F1
B0973457MX,A3RIXSMCG9L0F1
B094NZ9CZN,A3RIXSMCG9L0F1
B093TBH1MT,A3RIXSMCG9L0F1
B09365ZMY8,A3RIXSMCG9L0F1
B092JWF57W,A3RIXSMCG9L0F1
B0924TKZJJ,A3RIXSMCG9L0F1
B0924C1VCN,A3RIXSMCG9L0F1
B08L24WK72,A3RIXSMCG9L0F1
B08J2D23GP,A3RIXSMCG9L0F1
B088WK2XPN,A3RIXSMCG9L0F1
B00T9QM1TY,A3RIXSMCG9L0F1
B00JKU2DL0,A3RIXSMCG9L0F1
B00J7YYFGA,A3RIXSMCG9L0F1
B00CLZXPJU,A3RIXSMCG9L0F1
B00CLZXK9U,A3RIXSMCG9L0F1
B001CHCQ9I,A3RIXSMCG9L0F1
B0CX6GYHKN,A3RIXSMCG9L0F1
B0C8N2VZXJ,A3RIXSMCG9L0F1
B0CBF8R7DW,A3RIXSMCG9L0F1
B0CPHYXJT3,A3RIXSMCG9L0F1
B095RNWT95,A3RIXSMCG9L0F1
B0C531VZT8,A3RIXSMCG9L0F1
B0C4XPP8FP,A3RIXSMCG9L0F1
B003PDO1NQ,A3RIXSMCG9L0F1
B0BCY6D9JS,A3RIXSMCG9L0F1
B0BJ313YCT,A3RIXSMCG9L0F1
B08C7M7SBT,A3RIXSMCG9L0F1
B0B4D8JLKR,A3RIXSMCG9L0F1
B0B28QFKHQ,A3RIXSMCG9L0F1
B07T1XP1VL,A3RIXSMCG9L0F1
B09X6L6XGK,A3RIXSMCG9L0F1
B096NTK4BZ,A3RIXSMCG9L0F1
B087K1S6S4,A3RIXSMCG9L0F1
B0861FWMDC,A3RIXSMCG9L0F1
B083778RJX,A3RIXSMCG9L0F1
B07ZVGJTB3,A3RIXSMCG9L0F1
B07ZNZ44LG,A3RIXSMCG9L0F1
B07ZNWQ68Q,A3RIXSMCG9L0F1
B07ZJ5CGMR,A3RIXSMCG9L0F1
B07ZJ58Y38,A3RIXSMCG9L0F1
B07Z31H5HX,A3RIXSMCG9L0F1
B07YXDJTPG,A3RIXSMCG9L0F1
B07Y9LSSGB,A3RIXSMCG9L0F1
B07Y2199JW,A3RIXSMCG9L0F1
B07V5KLKV3,A3RIXSMCG9L0F1
B07SX8YNHZ,A3RIXSMCG9L0F1
B07S93T1M5,A3RIXSMCG9L0F1
B07PT6QF7P,A3RIXSMCG9L0F1
B0DNWSVTWG,A3RIXSMCG9L0F1
B09R1XZP42,A3RIXSMCG9L0F1
B09KXTWNQ3,A3RIXSMCG9L0F1
B09NCD487F,A3RIXSMCG9L0F1
B0D9MYBMHJ,A3RIXSMCG9L0F1
B08VGD3DSN,A3RIXSMCG9L0F1
B09QFQCH2T,A3RIXSMCG9L0F1
B086YKY7WV,A3RIXSMCG9L0F1
B093FPHHGZ,A3RIXSMCG9L0F1
B07QTK7CPC,A3RIXSMCG9L0F1
B0827W5KV6,A3RIXSMCG9L0F1
B07QK6WM8L,A3RIXSMCG9L0F1
B07MBXF5QY,A3RIXSMCG9L0F1
B09YCC4PYV,A3RIXSMCG9L0F1
B08429NHP4,A3RIXSMCG9L0F1
B07JL5TVQR,A3RIXSMCG9L0F1
B07NVYRM3C,A3RIXSMCG9L0F1
B07L8CJS9F,A3RIXSMCG9L0F1
B07L2H2YK9,A3RIXSMCG9L0F1
B07KGJ92W7,A3RIXSMCG9L0F1
B07FQ94VML,A3RIXSMCG9L0F1
B07F3QP6GZ,A3RIXSMCG9L0F1
B079H14CBD,A3RIXSMCG9L0F1
B076936CF1,A3RIXSMCG9L0F1
B06XB6FZ3S,A3RIXSMCG9L0F1
B01LYPYK84,A3RIXSMCG9L0F1
B01KIN22EK,A3RIXSMCG9L0F1
B01JOB15FE,A3RIXSMCG9L0F1
B01CJZ0WJM,A3RIXSMCG9L0F1
B01A7G0MF4,A3RIXSMCG9L0F1
B014T1M6P2,A3RIXSMCG9L0F1
B00UOMO3UC,A3RIXSMCG9L0F1
B0D8XSZVX4,A3RIXSMCG9L0F1
B074XG9R4B,A3RIXSMCG9L0F1
B0DJW1YJ1C,A3RIXSMCG9L0F1
B0D1QXMPM2,A3RIXSMCG9L0F1
B08NVGTSFJ,A3RIXSMCG9L0F1
B0DFPNDQ37,A3RIXSMCG9L0F1
B0CYLSV6R4,A3RIXSMCG9L0F1
B094CG1ZH2,A3RIXSMCG9L0F1
B0D6W9QPQ7,A3RIXSMCG9L0F1
B0CXCRZC7W,A3RIXSMCG9L0F1
B092SSK2B3,A3RIXSMCG9L0F1
B0D4Z18JJF,A3RIXSMCG9L0F1
B0CKTDVNDZ,A3RIXSMCG9L0F1
B0D1G1HBL2,A3RIXSMCG9L0F1
B0DFY4LKNJ,A3RIXSMCG9L0F1
B0CH2SX3TQ,A3RIXSMCG9L0F1
B0DSH8Q8T4,A3RIXSMCG9L0F1
B0DSFM9QJQ,A3RIXSMCG9L0F1
B0DRX68ZB2,A3RIXSMCG9L0F1
B0DRV9JBM8,A3RIXSMCG9L0F1
B0DRS8KNLK,A3RIXSMCG9L0F1
B0DPJZ6P2J,A3RIXSMCG9L0F1
B0DMR113Z8,A3RIXSMCG9L0F1
B0DMLPKPHN,A3RIXSMCG9L0F1
B0DJ516C7M,A3RIXSMCG9L0F1
B0DJ1X2HWN,A3RIXSMCG9L0F1
B0DHY3DSYY,A3RIXSMCG9L0F1
B0DHP3LF6N,A3RIXSMCG9L0F1
B0DFWK1HQR,A3RIXSMCG9L0F1
B0DFW27GP1,A3RIXSMCG9L0F1
B0DCP1N658,A3RIXSMCG9L0F1
B0DCJRR64N,A3RIXSMCG9L0F1
B0BPWPGGWD,A3RIXSMCG9L0F1
B0BKP55CKX,A3RIXSMCG9L0F1
B0BC8ZFZZH,A3RIXSMCG9L0F1
B0BB6VNY68,A3RIXSMCG9L0F1
B0B9M7733L,A3RIXSMCG9L0F1
B0B95TRRK5,A3RIXSMCG9L0F1
B0B8C6PZFZ,A3RIXSMCG9L0F1
B0B8831PLC,A3RIXSMCG9L0F1
B0B7S7NT6L,A3RIXSMCG9L0F1
B0B4C2RYCK,A3RIXSMCG9L0F1
B0B3XBLHGC,A3RIXSMCG9L0F1
B0B2W8GGWX,A3RIXSMCG9L0F1
B0B1WDN93K,A3RIXSMCG9L0F1
B0B1JGC8GC,A3RIXSMCG9L0F1
B0B1JDTH2S,A3RIXSMCG9L0F1
B0B1DRSY2S,A3RIXSMCG9L0F1
B0CQ4ZRWF6,A3RIXSMCG9L0F1
B0CP97RR5Z,A3RIXSMCG9L0F1
B0CP78DZLM,A3RIXSMCG9L0F1
B0CP359VFB,A3RIXSMCG9L0F1
B0CL6STWNS,A3RIXSMCG9L0F1
B0CKPQB4TK,A3RIXSMCG9L0F1
B0CJNRBRKX,A3RIXSMCG9L0F1
B0CHW36Z7J,A3RIXSMCG9L0F1
B0CHRK48QC,A3RIXSMCG9L0F1
B0CHQJ2J33,A3RIXSMCG9L0F1
B0CG6HMGQ9,A3RIXSMCG9L0F1
B0CFTHQF5P,A3RIXSMCG9L0F1
B0CDWWSK5N,A3RIXSMCG9L0F1
B0CDPT3TCM,A3RIXSMCG9L0F1
B0CDGJSVPX,A3RIXSMCG9L0F1
B0CB8K7NGD,A3RIXSMCG9L0F1
B0DBR1VZ6Z,A3RIXSMCG9L0F1
B0DBFCCPL4,A3RIXSMCG9L0F1
B0D9V8D66T,A3RIXSMCG9L0F1
B0D8HPJMY5,A3RIXSMCG9L0F1
B0D7GQT3HJ,A3RIXSMCG9L0F1
B0D75477GQ,A3RIXSMCG9L0F1
B0D45WDPHF,A3RIXSMCG9L0F1
B0D3PMRQDX,A3RIXSMCG9L0F1
B0D3M9P2W5,A3RIXSMCG9L0F1
B0D25RN27R,A3RIXSMCG9L0F1
B0D1KWKK8D,A3RIXSMCG9L0F1
B0CZ3S567Z,A3RIXSMCG9L0F1
B0CYSQF15H,A3RIXSMCG9L0F1
B0CY1V3N2D,A3RIXSMCG9L0F1
B0CS3CQY3S,A3RIXSMCG9L0F1
B0CQLVJVBS,A3RIXSMCG9L0F1
B0CB32K4GC,A3RIXSMCG9L0F1
B0C7ZJRCHS,A3RIXSMCG9L0F1
B0C6XG473B,A3RIXSMCG9L0F1
B0C6QDQYSP,A3RIXSMCG9L0F1
B0C6G8G1LM,A3RIXSMCG9L0F1
B0C4LXG9BT,A3RIXSMCG9L0F1
B0C3TM6DZ2,A3RIXSMCG9L0F1
B0C3HWFSP4,A3RIXSMCG9L0F1
B0C16BR1WQ,A3RIXSMCG9L0F1
B0BY4YXDRJ,A3RIXSMCG9L0F1
B0BXRHPD13,A3RIXSMCG9L0F1
B0BX8TCW9S,A3RIXSMCG9L0F1
B0BW5GMSGW,A3RIXSMCG9L0F1
B0BTVW9W3M,A3RIXSMCG9L0F1
B0BRRV7JGR,A3RIXSMCG9L0F1
B0BQVZ4H9H,A3RIXSMCG9L0F1
B071Y4GCS1,A3RIXSMCG9L0F1
B0CS2VN8SN,A3RIXSMCG9L0F1
B0BK611BDJ,A3RIXSMCG9L0F1
B0B8MN5C72,A3RIXSMCG9L0F1
B0928X2JJX,A3RIXSMCG9L0F1
B0BQT98TW7,A3RIXSMCG9L0F1
B09XSDQ76Q,A3RIXSMCG9L0F1
B093F5MJ9F,A3RIXSMCG9L0F1
B07JLQPH2H,A3RIXSMCG9L0F1
B07CLN5VWC,A3RIXSMCG9L0F1
B00V9MNPAA,A3RIXSMCG9L0F1
B0DYD58SK6,A3RIXSMCG9L0F1
B0DT599JG6,A3RIXSMCG9L0F1
B0DT4B52HX,A3RIXSMCG9L0F1
B0DSLCH5TM,A3RIXSMCG9L0F1
B0DSKC8S73,A3RIXSMCG9L0F1
B019PHW7XQ,A3RIXSMCG9L0F1
B014K0D0SO,A3RIXSMCG9L0F1
B00O8L5ZPW,A3RIXSMCG9L0F1
B00DMSUCSC,A3RIXSMCG9L0F1
B085Y8GCXV,A3RIXSMCG9L0F1
B083Z98SW5,A3RIXSMCG9L0F1
B083TFPLYM,A3RIXSMCG9L0F1
B083NSRCHN,A3RIXSMCG9L0F1
B0834KV31J,A3RIXSMCG9L0F1
B082D1CVZ4,A3RIXSMCG9L0F1
B07ZR8FHG6,A3RIXSMCG9L0F1
B07ZH76N3J,A3RIXSMCG9L0F1
B07Z5Q3N5V,A3RIXSMCG9L0F1
B07XPJD3VV,A3RIXSMCG9L0F1
B07XGJWJCF,A3RIXSMCG9L0F1
B07X5XSKM9,A3RIXSMCG9L0F1
B07WN1R51K,A3RIXSMCG9L0F1
B07TFJF6VC,A3RIXSMCG9L0F1
B07T1PZYM1,A3RIXSMCG9L0F1
B07QK76V47,A3RIXSMCG9L0F1
B07VVF1XTP,A3RIXSMCG9L0F1
B0D8GZWLC5,A3RIXSMCG9L0F1
B07MW7HLGW,A3RIXSMCG9L0F1
B07MMBCDNK,A3RIXSMCG9L0F1
B07L9CR685,A3RIXSMCG9L0F1
B07KVJ3MV4,A3RIXSMCG9L0F1
B07JCF8NFH,A3RIXSMCG9L0F1
B07H13KZYK,A3RIXSMCG9L0F1
B07FYVR4PD,A3RIXSMCG9L0F1
B07CG2Z4JQ,A3RIXSMCG9L0F1
B078HT8L7K,A3RIXSMCG9L0F1
B078HL5BGP,A3RIXSMCG9L0F1
B078HJM7L9,A3RIXSMCG9L0F1
B077F6T57P,A3RIXSMCG9L0F1
B0749QN5Z3,A3RIXSMCG9L0F1
B0746GZHX4,A3RIXSMCG9L0F1
B07121TQ81,A3RIXSMCG9L0F1
B06XVQ7J9C,A3RIXSMCG9L0F1
B09MWL2Z83,A3RIXSMCG9L0F1
B09FDVVKL3,A3RIXSMCG9L0F1
B076HDHT6P,A3RIXSMCG9L0F1
B08YDJL64P,A3RIXSMCG9L0F1
B09HHNBRM1,A3RIXSMCG9L0F1
B08RQC19Z8,A3RIXSMCG9L0F1
B0D8P2DWZW,A3RIXSMCG9L0F1
B07ZTQXMJL,A3RIXSMCG9L0F1
B0C1N2WDRQ,A3RIXSMCG9L0F1
B0B9CBM6X5,A3RIXSMCG9L0F1
B09Z44LG4B,A3RIXSMCG9L0F1
B09RWSCGXM,A3RIXSMCG9L0F1
B09JCCN345,A3RIXSMCG9L0F1
B098QK7LDS,A3RIXSMCG9L0F1
B09DCV64XQ,A3RIXSMCG9L0F1
B09CYPNJFJ,A3RIXSMCG9L0F1
B09CYGLS6T,A3RIXSMCG9L0F1
B09BBDNJD6,A3RIXSMCG9L0F1
B099FG4X73,A3RIXSMCG9L0F1
B09953S5QK,A3RIXSMCG9L0F1
B098QGRZCR,A3RIXSMCG9L0F1
B0957HVNS7,A3RIXSMCG9L0F1
B094XSD9QF,A3RIXSMCG9L0F1
B094W28NR1,A3RIXSMCG9L0F1
B094QWZQ3J,A3RIXSMCG9L0F1
B092M2QCKP,A3RIXSMCG9L0F1
B092LRBZRK,A3RIXSMCG9L0F1
B0924QVSS4,A3RIXSMCG9L0F1
B091YD4112,A3RIXSMCG9L0F1
B08ZMJNH66,A3RIXSMCG9L0F1
B08ZMHPJKS,A3RIXSMCG9L0F1
B08XY5557L,A3RIXSMCG9L0F1
B08XV6D2JC,A3RIXSMCG9L0F1
B08X2CCD3W,A3RIXSMCG9L0F1
B08VRT5MP5,A3RIXSMCG9L0F1
B08TRJQX6D,A3RIXSMCG9L0F1
B08RD4L9LP,A3RIXSMCG9L0F1
B08QHQ49CD,A3RIXSMCG9L0F1
B08P8C9YWX,A3RIXSMCG9L0F1
B08NSFDMSK,A3RIXSMCG9L0F1
B08L9P4SNL,A3RIXSMCG9L0F1
B08JPFJW7Q,A3RIXSMCG9L0F1
B08HN557PQ,A3RIXSMCG9L0F1
B08DP6TS28,A3RIXSMCG9L0F1
B08CNJZMG5,A3RIXSMCG9L0F1
B0878YTSGP,A3RIXSMCG9L0F1
B0BZYV32FL,A3RIXSMCG9L0F1
B09SHJ4ZVM,A3RIXSMCG9L0F1
B0BWTH6SBC,A3RIXSMCG9L0F1
B0CDFYYLVR,A3RIXSMCG9L0F1
B0B1V711H2,A3RIXSMCG9L0F1
B01HJGITGY,A3RIXSMCG9L0F1
B09Z2G5R81,A3RIXSMCG9L0F1
B09Z2W61QF,A3RIXSMCG9L0F1
B09W8X8695,A3RIXSMCG9L0F1
B07FFNT5N4,A3RIXSMCG9L0F1
B09NM8NG6P,A3RIXSMCG9L0F1
B0764NLBH1,A3RIXSMCG9L0F1
B09H5LSW51,A3RIXSMCG9L0F1
B0BRM9X849,A3RIXSMCG9L0F1
B08R8PL3Q4,A3RIXSMCG9L0F1
B014P64GVI,A3RIXSMCG9L0F1
B00CPMR96O,A3RIXSMCG9L0F1
B002WNAFSU,A3RIXSMCG9L0F1
B0DTHBNMDF,A3RIXSMCG9L0F1
B0DSL7M1C6,A3RIXSMCG9L0F1
B0DS5DSMXV,A3RIXSMCG9L0F1
B0DR28G3DJ,A3RIXSMCG9L0F1
B0DP96NK3X,A3RIXSMCG9L0F1
B0DK87ZKDW,A3RIXSMCG9L0F1
B0DK6GM9Y3,A3RIXSMCG9L0F1
B0DJS6GX1M,A3RIXSMCG9L0F1
B0DHZ84HFK,A3RIXSMCG9L0F1
B0DBM7R56Z,A3RIXSMCG9L0F1
B0D8VSQCSZ,A3RIXSMCG9L0F1
B0D8V3VYXB,A3RIXSMCG9L0F1
B0D7C6ZTYT,A3RIXSMCG9L0F1
B0D6R1XPVL,A3RIXSMCG9L0F1
B0B158S3CF,A3RIXSMCG9L0F1
B0B14D59LC,A3RIXSMCG9L0F1
B09ZV3FWHH,A3RIXSMCG9L0F1
B09YV8D93Y,A3RIXSMCG9L0F1
B09VZ5N8NB,A3RIXSMCG9L0F1
B09V7Q43H3,A3RIXSMCG9L0F1
B09TNJYVSS,A3RIXSMCG9L0F1
B09STJS6YM,A3RIXSMCG9L0F1
B09SHMTQ9G,A3RIXSMCG9L0F1
B09PZ3JN3G,A3RIXSMCG9L0F1
B09P3LCGQ9,A3RIXSMCG9L0F1
B09MYV2K1P,A3RIXSMCG9L0F1
B09K3XJ895,A3RIXSMCG9L0F1
B09J8M6915,A3RIXSMCG9L0F1
B09GYPGG2L,A3RIXSMCG9L0F1
B09DD4TCDB,A3RIXSMCG9L0F1
B08F4XQRJX,A3RIXSMCG9L0F1
B0CTYST82P,A3RIXSMCG9L0F1
B07WRXC5Q1,A3RIXSMCG9L0F1
B09Y14MRHQ,A3RIXSMCG9L0F1
B07V5LN75D,A3RIXSMCG9L0F1
B091C3R7NJ,A3RIXSMCG9L0F1
B07JNM42Z4,A3RIXSMCG9L0F1
B081PK4ZPN,A3RIXSMCG9L0F1
B07HJ87TXS,A3RIXSMCG9L0F1
B07YFZT3Q6,A3RIXSMCG9L0F1
B00C69GMR8,A3RIXSMCG9L0F1
B0D3PLP3JN,A3RIXSMCG9L0F1
B0B549M2WL,A3RIXSMCG9L0F1
B08WH6JS69,A3RIXSMCG9L0F1
B08T4MPD2Z,A3RIXSMCG9L0F1
B08HCP6CX7,A3RIXSMCG9L0F1
B00EVZP316,A3RIXSMCG9L0F1
B09NS8HF8S,A3RIXSMCG9L0F1
B0DK5BZQ4H,A3RIXSMCG9L0F1
B08B4DR6H8,A3RIXSMCG9L0F1
B0DHTFP19C,A3RIXSMCG9L0F1
B08MF789GZ,A3RIXSMCG9L0F1
B0DH29K9PL,A3RIXSMCG9L0F1
B0DB7WN1RG,A3RIXSMCG9L0F1
B0D6YGPMC3,A3RIXSMCG9L0F1
B07GGQF1ST,A3RIXSMCG9L0F1
B0D1KBTYCQ,A3RIXSMCG9L0F1
B07QDZY4HV,A3RIXSMCG9L0F1
B0CVRQWKP6,A3RIXSMCG9L0F1
B09KKQ19G3,A3RIXSMCG9L0F1
B0CGNJ9L7D,A3RIXSMCG9L0F1
B0B2JS4T99,A3RIXSMCG9L0F1
B0D6MW1XR5,A3RIXSMCG9L0F1
B0D6BHPPYT,A3RIXSMCG9L0F1
B0D5B8JK5P,A3RIXSMCG9L0F1
B0D5B86MTN,A3RIXSMCG9L0F1
B0D4F7C2N7,A3RIXSMCG9L0F1
B0D3KXGLY3,A3RIXSMCG9L0F1
B0D3FFX49B,A3RIXSMCG9L0F1
B0D3FCSTDD,A3RIXSMCG9L0F1
B0D3F6CCLY,A3RIXSMCG9L0F1
B0D31H9KVG,A3RIXSMCG9L0F1
B0D2JL5XYK,A3RIXSMCG9L0F1
B0D1MK8S9G,A3RIXSMCG9L0F1
B0D1KSTNMT,A3RIXSMCG9L0F1
B0CZPN4D4W,A3RIXSMCG9L0F1
B0CZND99VB,A3RIXSMCG9L0F1
B0CYZ7TCT1,A3RIXSMCG9L0F1
B0CYRW5R15,A3RIXSMCG9L0F1
B0CY4BFLQS,A3RIXSMCG9L0F1
B0CWHCYWGJ,A3RIXSMCG9L0F1
B0CWDPQ7DY,A3RIXSMCG9L0F1
B0CSX5GXVS,A3RIXSMCG9L0F1
B0CSF3MM3S,A3RIXSMCG9L0F1
B0CR3V5M38,A3RIXSMCG9L0F1
B0CQX4N1DR,A3RIXSMCG9L0F1
B0CQP8P5BS,A3RIXSMCG9L0F1
B0CQP6MJ2H,A3RIXSMCG9L0F1
B0CP5SL9SQ,A3RIXSMCG9L0F1
B0CP3W7HGM,A3RIXSMCG9L0F1
B0CNCSNFPP,A3RIXSMCG9L0F1
B0CLZX4FJC,A3RIXSMCG9L0F1
B0CLLQLFM3,A3RIXSMCG9L0F1
B0CLHZVN9D,A3RIXSMCG9L0F1
B0CL82PXJ1,A3RIXSMCG9L0F1
B0CJL3ZQSN,A3RIXSMCG9L0F1
B0CJ6YX2YF,A3RIXSMCG9L0F1
B0CJ4PCR9H,A3RIXSMCG9L0F1
B0CHVT7VDR,A3RIXSMCG9L0F1
B0CHP4YSHL,A3RIXSMCG9L0F1
B0CG6H2FKY,A3RIXSMCG9L0F1
B0CFD7QZ2W,A3RIXSMCG9L0F1
B0CB7V2BD9,A3RIXSMCG9L0F1
B0C88H9MSQ,A3RIXSMCG9L0F1
B0C7M91H47,A3RIXSMCG9L0F1
B0C7KVB1W1,A3RIXSMCG9L0F1
B0C2PQ19QR,A3RIXSMCG9L0F1
B0C273YD9P,A3RIXSMCG9L0F1
B0C1GYMT2F,A3RIXSMCG9L0F1
B0C1BBWDYG,A3RIXSMCG9L0F1
B09XB3G2WC,A3RIXSMCG9L0F1
B09VZ5LGL5,A3RIXSMCG9L0F1
B09PR9WQ6H,A3RIXSMCG9L0F1
B09PC5CN66,A3RIXSMCG9L0F1
B09J51LRQF,A3RIXSMCG9L0F1
B09FZD73QW,A3RIXSMCG9L0F1
B09FYKD7J7,A3RIXSMCG9L0F1
B09FKVV6XJ,A3RIXSMCG9L0F1
B09FDL4DQV,A3RIXSMCG9L0F1
B09DY1SSXS,A3RIXSMCG9L0F1
B09DKDH876,A3RIXSMCG9L0F1
B09BNZGBT2,A3RIXSMCG9L0F1
B093H3CMGB,A3RIXSMCG9L0F1
B092QWFR1M,A3RIXSMCG9L0F1
B092MGH9S8,A3RIXSMCG9L0F1
B0928H1L1F,A3RIXSMCG9L0F1
B0BY7SCLCQ,A3RIXSMCG9L0F1
B0BY64D3X5,A3RIXSMCG9L0F1
B0BY1RQ5VX,A3RIXSMCG9L0F1
B0BVMBDTR9,A3RIXSMCG9L0F1
B0BVLLB21W,A3RIXSMCG9L0F1
B0BVFGRD7Q,A3RIXSMCG9L0F1
B0BTYH648W,A3RIXSMCG9L0F1
B0BRP6C8CP,A3RIXSMCG9L0F1
B0BQ2MY69D,A3RIXSMCG9L0F1
B0BPY29RN6,A3RIXSMCG9L0F1
B0BPVNTKSV,A3RIXSMCG9L0F1
B0BK8KZ7JR,A3RIXSMCG9L0F1
B0BJ8CY675,A3RIXSMCG9L0F1
B0BJ4V4H7K,A3RIXSMCG9L0F1
B0BGM9GXSC,A3RIXSMCG9L0F1
B0BGJNZQS2,A3RIXSMCG9L0F1
B091KRLTDD,A3RIXSMCG9L0F1
B09163VJRG,A3RIXSMCG9L0F1
B08ZN9X1J7,A3RIXSMCG9L0F1
B08YR85B3W,A3RIXSMCG9L0F1
B08YQW7L2V,A3RIXSMCG9L0F1
B08X458NZR,A3RIXSMCG9L0F1
B08WH3ZTWS,A3RIXSMCG9L0F1
B08VHXN57P,A3RIXSMCG9L0F1
B08TM12HXM,A3RIXSMCG9L0F1
B08RLTN8JP,A3RIXSMCG9L0F1
B08QHFRR7F,A3RIXSMCG9L0F1
B08P39GGP5,A3RIXSMCG9L0F1
B08N2P5MTN,A3RIXSMCG9L0F1
B08L24PT64,A3RIXSMCG9L0F1
B08DTFCTV9,A3RIXSMCG9L0F1
B08D3QK23R,A3RIXSMCG9L0F1
B08CMN1H3S,A3RIXSMCG9L0F1
B08BLJQ1K2,A3RIXSMCG9L0F1
B0894JB5JD,A3RIXSMCG9L0F1
B08913QNNF,A3RIXSMCG9L0F1
B0878SK6NH,A3RIXSMCG9L0F1
B085MZVYYH,A3RIXSMCG9L0F1
B085C2FL93,A3RIXSMCG9L0F1
B0818FXM3F,A3RIXSMCG9L0F1
B07XHRQCXN,A3RIXSMCG9L0F1
B07VMDG25S,A3RIXSMCG9L0F1
B07TQR1WH4,A3RIXSMCG9L0F1
B07SM9K389,A3RIXSMCG9L0F1
B07RSVFNFL,A3RIXSMCG9L0F1
B07RNGHN48,A3RIXSMCG9L0F1
B07R45MBR7,A3RIXSMCG9L0F1
B07QPJRF4S,A3RIXSMCG9L0F1
B0BG4VGXVJ,A3RIXSMCG9L0F1
B0BG44693S,A3RIXSMCG9L0F1
B0BDX4SQZT,A3RIXSMCG9L0F1
B0BBRNQ91Q,A3RIXSMCG9L0F1
B0B8CCH3RH,A3RIXSMCG9L0F1
B0B5913HK4,A3RIXSMCG9L0F1
B0B4VGDR8R,A3RIXSMCG9L0F1
B0B4BZT6ZD,A3RIXSMCG9L0F1
B0B342RHHH,A3RIXSMCG9L0F1
B0B2KMB831,A3RIXSMCG9L0F1
B0B1HWLGKH,A3RIXSMCG9L0F1
B0B173KFG7,A3RIXSMCG9L0F1
B0B12HK277,A3RIXSMCG9L0F1
B09ZTWKM4L,A3RIXSMCG9L0F1
B09Z9DSPDZ,A3RIXSMCG9L0F1
B09Z1K86WM,A3RIXSMCG9L0F1
B01ITMCFDK,A3RIXSMCG9L0F1
B0D316CDJB,A3RIXSMCG9L0F1
B0B2W95FD1,A3RIXSMCG9L0F1
B0D1QPY4BW,A3RIXSMCG9L0F1
B0CFWG67FC,A3RIXSMCG9L0F1
B0DS9JB27J,A3RIXSMCG9L0F1
B0B5DWLDPC,A3RIXSMCG9L0F1
B0D1T4HGW3,A3RIXSMCG9L0F1
B0DDSZTX6G,A3RIXSMCG9L0F1
B0D472F9JT,A3RIXSMCG9L0F1
B0C6X6WVZQ,A3RIXSMCG9L0F1
B0D1XZLXMJ,A3RIXSMCG9L0F1
B00U8AR6J0,A3RIXSMCG9L0F1
B0CW5ZTNN8,A3RIXSMCG9L0F1
B0BXFDGTBQ,A3RIXSMCG9L0F1
B0CGCPLCNZ,A3RIXSMCG9L0F1
B07PQ4JXXK,A3RIXSMCG9L0F1
B07PPQJNBF,A3RIXSMCG9L0F1
B07MXCZHNW,A3RIXSMCG9L0F1
B07J1WLLX4,A3RIXSMCG9L0F1
B07C1YM65W,A3RIXSMCG9L0F1
B075GJVM7X,A3RIXSMCG9L0F1
B06VSPGJDN,A3RIXSMCG9L0F1
B01NAOIILW,A3RIXSMCG9L0F1
B01GSBQU1M,A3RIXSMCG9L0F1
B015TGBLNO,A3RIXSMCG9L0F1
B00RIFPKNM,A3RIXSMCG9L0F1
B00KQ2A41M,A3RIXSMCG9L0F1
B00633SQ18,A3RIXSMCG9L0F1
B003T72GA8,A3RIXSMCG9L0F1
B0037SXHUM,A3RIXSMCG9L0F1
B0BHQP9YDX,A3RIXSMCG9L0F1
B0CBK5PK4C,A3RIXSMCG9L0F1
B0DYPBSGFT,A3RIXSMCG9L0F1
B0C399PNZ4,A3RIXSMCG9L0F1
B0DLSQBQBG,A3RIXSMCG9L0F1
B0BHPY9Z9W,A3RIXSMCG9L0F1
B0CXDMXH9G,A3RIXSMCG9L0F1
B0B14JHRP1,A3RIXSMCG9L0F1
B0CWL9ZX18,A3RIXSMCG9L0F1
B09YRTWJDP,A3RIXSMCG9L0F1
B0CFKL845Y,A3RIXSMCG9L0F1
B098PX36LV,A3RIXSMCG9L0F1
B0BPH6R8HZ,A3RIXSMCG9L0F1
B08XWMMTM5,A3RIXSMCG9L0F1
B0BG2JL2VL,A3RIXSMCG9L0F1
B08C6ZSKH7,A3RIXSMCG9L0F1
B0BBVQP169,A3RIXSMCG9L0F1
B0DFYGFK1L,A3RIXSMCG9L0F1
B01EY7JDLG,A3RIXSMCG9L0F1
B0DFMHSQ94,A3RIXSMCG9L0F1
B08JCR1SHX,A3RIXSMCG9L0F1
B0DB7HX8GJ,A3RIXSMCG9L0F1
B0DHWGS11S,A3RIXSMCG9L0F1
B0BQF3JGRW,A3RIXSMCG9L0F1
B09VKSF33K,A3RIXSMCG9L0F1
B0BPXX8CB6,A3RIXSMCG9L0F1
B0DTJ8L68C,A3RIXSMCG9L0F1
B0BPB7FVD5,A3RIXSMCG9L0F1
B0DHCP52DS,A3RIXSMCG9L0F1
B0B6J8RXYB,A3RIXSMCG9L0F1
B0D8B7RYTG,A3RIXSMCG9L0F1
B0B4JB9XSL,A3RIXSMCG9L0F1
B085SW1WWX,A3RIXSMCG9L0F1
B0B927TJTT,A3RIXSMCG9L0F1
B083LJDMDX,A3RIXSMCG9L0F1
B0B2WLCBG8,A3RIXSMCG9L0F1
B07R4J6R9Q,A3RIXSMCG9L0F1
B0B12XM9HQ,A3RIXSMCG9L0F1
B07L8FGBQ9,A3RIXSMCG9L0F1
B09XQZHQ4R,A3RIXSMCG9L0F1
B07999N3GY,A3RIXSMCG9L0F1
B09WDMGHJ3,A3RIXSMCG9L0F1
B09T5QVC5G,A3RIXSMCG9L0F1
B09QGSWGX9,A3RIXSMCG9L0F1
B09MVXMQCB,A3RIXSMCG9L0F1
B09BN9PH3T,A3RIXSMCG9L0F1
B0919KC89Q,A3RIXSMCG9L0F1
B08SC3KWJ1,A3RIXSMCG9L0F1
B09JK4GZWX,A3RIXSMCG9L0F1
B0CWPNDB4Z,A3RIXSMCG9L0F1
B08L51NQ2X,A3RIXSMCG9L0F1
B0CRB4KVJZ,A3RIXSMCG9L0F1
B0DT122TB7,A3RIXSMCG9L0F1
B07TXGL4JR,A3RIXSMCG9L0F1
B0B6WSWNLG,A3RIXSMCG9L0F1
B07JG3JJR5,A3RIXSMCG9L0F1
B095XCQT3T,A3RIXSMCG9L0F1
B0769BHG2N,A3RIXSMCG9L0F1
B07P79KBBL,A3RIXSMCG9L0F1
B07WR8FB6K,A3RIXSMCG9L0F1
B08LBB49LW,A3RIXSMCG9L0F1
B082NH9T9D,A3RIXSMCG9L0F1
B0BRXLQ2CH,A3RIXSMCG9L0F1
B077XDMQFH,A3RIXSMCG9L0F1
B09BHWNFL3,A3RIXSMCG9L0F1
B01MD1XEX3,A3RIXSMCG9L0F1
B0987BCRZB,A3RIXSMCG9L0F1
B075D92J1L,A3RIXSMCG9L0F1
B0963ZLWKY,A3RIXSMCG9L0F1
B0B3Y7MX9W,A3RIXSMCG9L0F1
B095XX6Z4X,A3RIXSMCG9L0F1
B084RJSDWT,A3RIXSMCG9L0F1
B095776KCY,A3RIXSMCG9L0F1
B01H5906SE,A3RIXSMCG9L0F1
B08W8TNS74,A3RIXSMCG9L0F1
B0CGWK8KNX,A3RIXSMCG9L0F1
B08DLTJFBF,A3RIXSMCG9L0F1
B0DDC4MV12,A3RIXSMCG9L0F1
B08D97Y1M4,A3RIXSMCG9L0F1
B08G7WFTHN,A3RIXSMCG9L0F1
B08S74RL1T,A3RIXSMCG9L0F1
B08L8TZVFX,A3RIXSMCG9L0F1
B08HJTTKPL,A3RIXSMCG9L0F1
B08DP4D1WZ,A3RIXSMCG9L0F1
B08CKV2HM9,A3RIXSMCG9L0F1
B088PZTKQR,A3RIXSMCG9L0F1
B07WLD74R3,A3RIXSMCG9L0F1
B07Q841WLR,A3RIXSMCG9L0F1
B07GL2V4KF,A3RIXSMCG9L0F1
B07GBVSN2W,A3RIXSMCG9L0F1
B07FYS3KCK,A3RIXSMCG9L0F1
B01C3RGAVU,A3RIXSMCG9L0F1
B00UXI9Q7W,A3RIXSMCG9L0F1
B001CS60TO,A3RIXSMCG9L0F1
B08D3SXCJR,A3RIXSMCG9L0F1
B07ZD4RP8Q,A3RIXSMCG9L0F1
B07F3JXWHG,A3RIXSMCG9L0F1
B06Y4JVPNR,A3RIXSMCG9L0F1
B0DT8ZN8BV,A3RIXSMCG9L0F1
B0DSKGFZXT,A3RIXSMCG9L0F1
B0DR8H1KJS,A3RIXSMCG9L0F1
B0DQPT5PBQ,A3RIXSMCG9L0F1
B0DPQ8HW6Z,A3RIXSMCG9L0F1
B0DDXFNQ6N,A3RIXSMCG9L0F1
B0DC55L7S6,A3RIXSMCG9L0F1
B0DBHFB2R8,A3RIXSMCG9L0F1
B0D8T5WYHD,A3RIXSMCG9L0F1
B0D2RCZCFT,A3RIXSMCG9L0F1
B0D1X885FQ,A3RIXSMCG9L0F1
B0CZHZH983,A3RIXSMCG9L0F1
B0C2JVYB8B,A3RIXSMCG9L0F1
B0C27YDX5T,A3RIXSMCG9L0F1
B0BWY7LD1F,A3RIXSMCG9L0F1
B0BR39VN29,A3RIXSMCG9L0F1
B0BPXX3TSF,A3RIXSMCG9L0F1
B0BP69QZ5Y,A3RIXSMCG9L0F1
B0BN4W8JRV,A3RIXSMCG9L0F1
B0BG5MWF1S,A3RIXSMCG9L0F1
B0B8N1PVRK,A3RIXSMCG9L0F1
B0B4ZP1P51,A3RIXSMCG9L0F1
B0B4VMCJM6,A3RIXSMCG9L0F1
B0B49QYM46,A3RIXSMCG9L0F1
B0B125C8GP,A3RIXSMCG9L0F1
B09VP8FJG7,A3RIXSMCG9L0F1
B09VBPSB5H,A3RIXSMCG9L0F1
B09TRZ31H8,A3RIXSMCG9L0F1
B0CS6WTZZ6,A3RIXSMCG9L0F1
B0CS676RDP,A3RIXSMCG9L0F1
B0CQLVR77X,A3RIXSMCG9L0F1
B0CQJY1TKJ,A3RIXSMCG9L0F1
B0CP413RQJ,A3RIXSMCG9L0F1
B0CL35V1XZ,A3RIXSMCG9L0F1
B0CJ4DJ6TT,A3RIXSMCG9L0F1
B0CH15RLWK,A3RIXSMCG9L0F1
B0CFFYHH6N,A3RIXSMCG9L0F1
B0CF9D33VX,A3RIXSMCG9L0F1
B0CCL5L27B,A3RIXSMCG9L0F1
B0CBTHBNY9,A3RIXSMCG9L0F1
B0C7GFLN5B,A3RIXSMCG9L0F1
B0C6TVCYM3,A3RIXSMCG9L0F1
B0C6TRS45L,A3RIXSMCG9L0F1
B0C61T29P2,A3RIXSMCG9L0F1
B08L5STKKR,A3RIXSMCG9L0F1
B08J2J4T4F,A3RIXSMCG9L0F1
B08F3NZ364,A3RIXSMCG9L0F1
B081VCFXXH,A3RIXSMCG9L0F1
B07YM2CBNC,A3RIXSMCG9L0F1
B07XX5D6QX,A3RIXSMCG9L0F1
B07THVKH5G,A3RIXSMCG9L0F1
B07PM4DBR5,A3RIXSMCG9L0F1
B07PM3W6W2,A3RIXSMCG9L0F1
B07PLD9B66,A3RIXSMCG9L0F1
B07KLTNLPY,A3RIXSMCG9L0F1
B07KH4S6XF,A3RIXSMCG9L0F1
B07HG8RGMC,A3RIXSMCG9L0F1
B07GBKWCDN,A3RIXSMCG9L0F1
B07FNSBV22,A3RIXSMCG9L0F1
B075VC3RTX,A3RIXSMCG9L0F1
B09S5H2K36,A3RIXSMCG9L0F1
B09RK68N6K,A3RIXSMCG9L0F1
B09QFZV7CD,A3RIXSMCG9L0F1
B09PYCCD6K,A3RIXSMCG9L0F1
B09LVNR36W,A3RIXSMCG9L0F1
B09L7SPBDP,A3RIXSMCG9L0F1
B09DFW9S82,A3RIXSMCG9L0F1
B09CPVTB8C,A3RIXSMCG9L0F1
B097QG66TJ,A3RIXSMCG9L0F1
B095VXP4FX,A3RIXSMCG9L0F1
B08Y5NLGSF,A3RIXSMCG9L0F1
B08XW5H68M,A3RIXSMCG9L0F1
B08VWPC52K,A3RIXSMCG9L0F1
B08V1LQHGY,A3RIXSMCG9L0F1
B08QJ3VGCZ,A3RIXSMCG9L0F1
B08QD9451K,A3RIXSMCG9L0F1
B06XKDVN6Q,A3RIXSMCG9L0F1
B0086PKOGG,A3RIXSMCG9L0F1
B003EVXW52,A3RIXSMCG9L0F1
B0D8GB777F,A3RIXSMCG9L0F1
B01LQXKFTK,A3RIXSMCG9L0F1
B0D476PDDN,A3RIXSMCG9L0F1
B0CYKCB6KL,A3RIXSMCG9L0F1
B0CQQ8Q6N5,A3RIXSMCG9L0F1
B0CQPYYZ8T,A3RIXSMCG9L0F1
B0CJ269M4B,A3RIXSMCG9L0F1
B0CHG1Q915,A3RIXSMCG9L0F1
B0CH4ZP6MT,A3RIXSMCG9L0F1
B0CGX3SXY2,A3RIXSMCG9L0F1
B0CG86RPKD,A3RIXSMCG9L0F1
B0C4FCBD5R,A3RIXSMCG9L0F1
B0C32TYWRX,A3RIXSMCG9L0F1
B0C1YX2S9L,A3RIXSMCG9L0F1
B0BXKDGHWF,A3RIXSMCG9L0F1
B0BJ79RMXB,A3RIXSMCG9L0F1
B0BJ6J7MNM,A3RIXSMCG9L0F1
B0BBFQQLJT,A3RIXSMCG9L0F1
B0BB6QCW9D,A3RIXSMCG9L0F1
B0B876RYL3,A3RIXSMCG9L0F1
B0B5GKMSYW,A3RIXSMCG9L0F1
B0B1MMRX5Q,A3RIXSMCG9L0F1
B09ZNSH6LJ,A3RIXSMCG9L0F1
B09YSWKBBM,A3RIXSMCG9L0F1
B09XWTXHZN,A3RIXSMCG9L0F1
B09WFB6828,A3RIXSMCG9L0F1
B09WDCJN4H,A3RIXSMCG9L0F1
B09SZ3LD3G,A3RIXSMCG9L0F1
B09SZ322HF,A3RIXSMCG9L0F1
B09SZ2WYSW,A3RIXSMCG9L0F1
B09ST76GH9,A3RIXSMCG9L0F1
B09Q8S65L1,A3RIXSMCG9L0F1
B09L55YW5B,A3RIXSMCG9L0F1
B09J93DZD2,A3RIXSMCG9L0F1
B09BCCYF86,A3RIXSMCG9L0F1
B0991XZQKX,A3RIXSMCG9L0F1
B098NVZBML,A3RIXSMCG9L0F1
B08YWVB5CT,A3RIXSMCG9L0F1
B08YJ6QH7J,A3RIXSMCG9L0F1
B08SQLLJ58,A3RIXSMCG9L0F1
B08HYMM3ZZ,A3RIXSMCG9L0F1
B08HCW68FG,A3RIXSMCG9L0F1
B088TY6W6G,A3RIXSMCG9L0F1
B0854879BS,A3RIXSMCG9L0F1
B083JFHYXQ,A3RIXSMCG9L0F1
B082MS3QJS,A3RIXSMCG9L0F1
B07WHQP8L6,A3RIXSMCG9L0F1
B07RRYCH31,A3RIXSMCG9L0F1
B09TTRG7ZJ,A3RIXSMCG9L0F1
B07J4SYX6R,A3RIXSMCG9L0F1
B085SQZKKF,A3RIXSMCG9L0F1
B07P7TWYPS,A3RIXSMCG9L0F1
B07H2YK64B,A3RIXSMCG9L0F1
B07FJP9P7S,A3RIXSMCG9L0F1
B072K3M2PY,A3RIXSMCG9L0F1
B06Y2WYJNK,A3RIXSMCG9L0F1
B0118AUAC8,A3RIXSMCG9L0F1
B00516PCO2,A3RIXSMCG9L0F1
B005HF4KYK,A3RIXSMCG9L0F1
B09NZQZ4VT,A3RIXSMCG9L0F1
B0CV3K3Q92,A3RIXSMCG9L0F1
B08P46MWYC,A3RIXSMCG9L0F1
B0C5MJR6KT,A3RIXSMCG9L0F1
B082G9DYHZ,A3RIXSMCG9L0F1
B09KXZVWYH,A3RIXSMCG9L0F1
B09YC6JS29,A3RIXSMCG9L0F1
B093PGK2J1,A3RIXSMCG9L0F1
B00XVAEP8E,A3RIXSMCG9L0F1
B08C4S3ZR1,A3RIXSMCG9L0F1
B0DF56FM42,A3RIXSMCG9L0F1
B085T15Z19,A3RIXSMCG9L0F1
B0BCXNYDL1,A3RIXSMCG9L0F1
B01M4FKGTM,A3RIXSMCG9L0F1
B09QG6FWTZ,A3RIXSMCG9L0F1
B0B12GL1K5,A3RIXSMCG9L0F1
B0969WZRTS,A3RIXSMCG9L0F1
B088BNJ8S3,A3RIXSMCG9L0F1
B08GPKTLTN,A3RIXSMCG9L0F1
B09DRWPS6T,A3RIXSMCG9L0F1
B07MKT1XDN,A3RIXSMCG9L0F1
B0826CHL6W,A3RIXSMCG9L0F1
B0BCPTRX9R,A3RIXSMCG9L0F1
B0895XYVB8,A3RIXSMCG9L0F1
B00F3VZZ7Y,A3RIXSMCG9L0F1
B0DWMXB4JQ,A3RIXSMCG9L0F1
B0DQ5728GZ,A3RIXSMCG9L0F1
B0DJW8J21C,A3RIXSMCG9L0F1
B0DGQ8FN2F,A3RIXSMCG9L0F1
B0DBH1TL8L,A3RIXSMCG9L0F1
B0D2359PYR,A3RIXSMCG9L0F1
B0CYZHQPN9,A3RIXSMCG9L0F1
B0CWNKST1B,A3RIXSMCG9L0F1
B0CM9H2YLW,A3RIXSMCG9L0F1
B0CH852Z9W,A3RIXSMCG9L0F1
B0CFTR696Z,A3RIXSMCG9L0F1
B0CC9GG7CL,A3RIXSMCG9L0F1
B0CBS2W1L5,A3RIXSMCG9L0F1
B0C6HTDP7Q,A3RIXSMCG9L0F1
B0C36HZ2DX,A3RIXSMCG9L0F1
B0BZVQJ6SG,A3RIXSMCG9L0F1
B0BWWB612H,A3RIXSMCG9L0F1
B0BR5KNM27,A3RIXSMCG9L0F1
B0BQHL2DXW,A3RIXSMCG9L0F1
B09STL63HB,A3RIXSMCG9L0F1
B09KG79P8M,A3RIXSMCG9L0F1
B09JS9NNBF,A3RIXSMCG9L0F1
B09JK3F6H7,A3RIXSMCG9L0F1
B09BCJCCBS,A3RIXSMCG9L0F1
B09B5DJ2N8,A3RIXSMCG9L0F1
B099DKYY4Q,A3RIXSMCG9L0F1
B098WYWS39,A3RIXSMCG9L0F1
B0978NJKZ6,A3RIXSMCG9L0F1
B0919QVFHB,A3RIXSMCG9L0F1
B08ZSJKRYY,A3RIXSMCG9L0F1
B08WZJ7MV8,A3RIXSMCG9L0F1
B08P4XJ1ZG,A3RIXSMCG9L0F1
B08LMFC3MR,A3RIXSMCG9L0F1
B08HK1YS3X,A3RIXSMCG9L0F1
B08G4F52R7,A3RIXSMCG9L0F1
B08BRKLBP5,A3RIXSMCG9L0F1
B083K4977R,A3RIXSMCG9L0F1
B07Y18GQZN,A3RIXSMCG9L0F1
B07WSPXB7M,A3RIXSMCG9L0F1
B07WD2DLXS,A3RIXSMCG9L0F1
B07VD5XGQM,A3RIXSMCG9L0F1
B07THX76RC,A3RIXSMCG9L0F1
B07PK3B173,A3RIXSMCG9L0F1
B07MC75F3B,A3RIXSMCG9L0F1
B07HFCQB8X,A3RIXSMCG9L0F1
B07F12JXL8,A3RIXSMCG9L0F1
B07DG321NK,A3RIXSMCG9L0F1
B071RSRF1P,A3RIXSMCG9L0F1
B01M32E69C,A3RIXSMCG9L0F1
B01FVWJE6W,A3RIXSMCG9L0F1
B014K0DMK0,A3RIXSMCG9L0F1
B0BJJ7BL65,A3RIXSMCG9L0F1
B0CGZLFQWD,A3RIXSMCG9L0F1
B08JLFS7TF,A3RIXSMCG9L0F1
B00KPZJVCI,A3RIXSMCG9L0F1
B09JWJR2VC,A3RIXSMCG9L0F1
B07Z9DDT7N,A3RIXSMCG9L0F1
B0B79QPM3N,A3RIXSMCG9L0F1
B01M3UP36R,A3RIXSMCG9L0F1
B08CTLWQ6Q,A3RIXSMCG9L0F1
B0DC3V2QDZ,A3RIXSMCG9L0F1
B0BFGLGM8C,A3RIXSMCG9L0F1
B09BR9G4BG,A3RIXSMCG9L0F1
B079NDPWS8,A3RIXSMCG9L0F1
B087YVYCBK,A3RIXSMCG9L0F1
B00DSQS2C6,A3RIXSMCG9L0F1
B0CB5QFC6F,A3RIXSMCG9L0F1
B0CSYK1F6H,A3RIXSMCG9L0F1
B0D9WLKSXL,A3RIXSMCG9L0F1
B0DM8WDSKJ,A3RIXSMCG9L0F1
B0B8M8ZVB8,A3RIXSMCG9L0F1
B0DLN351RC,A3RIXSMCG9L0F1
B07SMZ6P2F,A3RIXSMCG9L0F1
B0DK56QV9L,A3RIXSMCG9L0F1
B0979SR7PW,A3RIXSMCG9L0F1
B0DHX9HTZT,A3RIXSMCG9L0F1
B01M3R8FZ3,A3RIXSMCG9L0F1
B0D5XYSPF7,A3RIXSMCG9L0F1
B0DHV5HRN7,A3RIXSMCG9L0F1
B0CN14QW2P,A3RIXSMCG9L0F1
B0DCYP97DG,A3RIXSMCG9L0F1
B0C5MJ33KT,A3RIXSMCG9L0F1
B0BMMS3T91,A3RIXSMCG9L0F1
B011KILZXG,A3RIXSMCG9L0F1
B09MVHQSQL,A3RIXSMCG9L0F1
B09LCQCQH8,A3RIXSMCG9L0F1
B09L3X58FD,A3RIXSMCG9L0F1
B0948JJG73,A3RIXSMCG9L0F1
B09KM7R48F,A3RIXSMCG9L0F1
B08YWW3549,A3RIXSMCG9L0F1
B09KM6YT8C,A3RIXSMCG9L0F1
B08V91LNMZ,A3RIXSMCG9L0F1
B09KM6B5CQ,A3RIXSMCG9L0F1
B08JCQ6R7X,A3RIXSMCG9L0F1
B09KM5XXDP,A3RIXSMCG9L0F1
B08HPTM28R,A3RIXSMCG9L0F1
B09KM5N26N,A3RIXSMCG9L0F1
B0854D9LYV,A3RIXSMCG9L0F1
B09DL3V464,A3RIXSMCG9L0F1
B07VZYCZVP,A3RIXSMCG9L0F1
B0BLN8T472,A3RIXSMCG9L0F1
B0BHPH2LJK,A3RIXSMCG9L0F1
B0BG775DY6,A3RIXSMCG9L0F1
B0BD3WLL8Y,A3RIXSMCG9L0F1
B0BCJ1SR22,A3RIXSMCG9L0F1
B0BBYSRM2B,A3RIXSMCG9L0F1
B0BBM9KKL7,A3RIXSMCG9L0F1
B0B3QQLRJ2,A3RIXSMCG9L0F1
B09WXZRDR4,A3RIXSMCG9L0F1
B09WRNS9CC,A3RIXSMCG9L0F1
B09WMQ8KSZ,A3RIXSMCG9L0F1
B09W2PJY57,A3RIXSMCG9L0F1
B09VX23F6G,A3RIXSMCG9L0F1
B09V4YW7J2,A3RIXSMCG9L0F1
B09TZPDG4K,A3RIXSMCG9L0F1
B09SZ29PYV,A3RIXSMCG9L0F1
B0C2GWGMHZ,A3RIXSMCG9L0F1
B097R92JBV,A3RIXSMCG9L0F1
B0BM9BWNRL,A3RIXSMCG9L0F1
B08GZX9NM9,A3RIXSMCG9L0F1
B0BHWGV1QR,A3RIXSMCG9L0F1
B00KZM30VO,A3RIXSMCG9L0F1
B09YYSFWKT,A3RIXSMCG9L0F1
B0CDS9PBC1,A3RIXSMCG9L0F1
B09WYF2621,A3RIXSMCG9L0F1
B0B2RVXK1W,A3RIXSMCG9L0F1
B09RGFYH3Z,A3RIXSMCG9L0F1
B09Q2YWKTZ,A3RIXSMCG9L0F1
B09R52TS37,A3RIXSMCG9L0F1
B0954KXFZC,A3RIXSMCG9L0F1
B09NVGC4BM,A3RIXSMCG9L0F1
B006506KMG,A3RIXSMCG9L0F1
B09CY48DQV,A3RIXSMCG9L0F1
B0CSCZZ11K,A3RIXSMCG9L0F1
B099VXCV42,A3RIXSMCG9L0F1
B0C2TX4RF4,A3RIXSMCG9L0F1
B095WVT94B,A3RIXSMCG9L0F1
B0BFX3H1BD,A3RIXSMCG9L0F1
B0933FJ2JD,A3RIXSMCG9L0F1
B0BDM5GNC9,A3RIXSMCG9L0F1
B08Y5T42MH,A3RIXSMCG9L0F1
B0B8S61W58,A3RIXSMCG9L0F1
B08WT47NCW,A3RIXSMCG9L0F1
B09PGN9RZ5,A3RIXSMCG9L0F1
B08RN452W3,A3RIXSMCG9L0F1
B08Y8KT7YQ,A3RIXSMCG9L0F1
B08L719C3R,A3RIXSMCG9L0F1
B08T788MNZ,A3RIXSMCG9L0F1
B08K3PM1VS,A3RIXSMCG9L0F1
B07ZWRDTH8,A3RIXSMCG9L0F1
B08F9M1WLH,A3RIXSMCG9L0F1
B07L5DX57S,A3RIXSMCG9L0F1
B08D993V97,A3RIXSMCG9L0F1
B01N4FSXJ9,A3RIXSMCG9L0F1
B07RY7DH4D,A3RIXSMCG9L0F1
B00V7APP34,A3RIXSMCG9L0F1
B07P8JQCTP,A3RIXSMCG9L0F1
B0DW8TSW9M,A3RIXSMCG9L0F1
B07NWJX6W7,A3RIXSMCG9L0F1
B0DTHWZMCV,A3RIXSMCG9L0F1
B01LAN77EC,A3RIXSMCG9L0F1
B0DTHFW6HR,A3RIXSMCG9L0F1
B0DPPXF8LL,A3RIXSMCG9L0F1
B0DMVXY6S8,A3RIXSMCG9L0F1
B0CFL8Q7Q9,A3RIXSMCG9L0F1
B0CF1WG3L4,A3RIXSMCG9L0F1
B0CDGQGHYQ,A3RIXSMCG9L0F1
B0CB8DWTCP,A3RIXSMCG9L0F1
B0C7ZLQXVH,A3RIXSMCG9L0F1
B0C7GJ686G,A3RIXSMCG9L0F1
B0C6192WKN,A3RIXSMCG9L0F1
B0C5QBGMMF,A3RIXSMCG9L0F1
B0BR4D6HHN,A3RIXSMCG9L0F1
B0BR3SN6W7,A3RIXSMCG9L0F1
B0BQBV6SW1,A3RIXSMCG9L0F1
B0BPNNBGSG,A3RIXSMCG9L0F1
B0BNLHB6WT,A3RIXSMCG9L0F1
B0BNHQ554Z,A3RIXSMCG9L0F1
B0BN5J5NJL,A3RIXSMCG9L0F1
B0BN52RZBK,A3RIXSMCG9L0F1
B0DKK199WY,A3RIXSMCG9L0F1
B0DKFSZVRT,A3RIXSMCG9L0F1
B0DJ4P6F5H,A3RIXSMCG9L0F1
B0DFC5X3HL,A3RIXSMCG9L0F1
B0DD3V4DBR,A3RIXSMCG9L0F1
B0D4DWRQ1H,A3RIXSMCG9L0F1
B0D4D8DGGF,A3RIXSMCG9L0F1
B0D1KLQQTC,A3RIXSMCG9L0F1
B0D17XZHMP,A3RIXSMCG9L0F1
B0D144YL36,A3RIXSMCG9L0F1
B0CXBFFDMV,A3RIXSMCG9L0F1
B0CRNLCB7P,A3RIXSMCG9L0F1
B0CQR2JMPL,A3RIXSMCG9L0F1
B0CQ85PNTM,A3RIXSMCG9L0F1
B0CHYJ3PCB,A3RIXSMCG9L0F1
B0CHPBL2JF,A3RIXSMCG9L0F1
B0BMDNQFMR,A3RIXSMCG9L0F1
B0BKV98D6L,A3RIXSMCG9L0F1
B0BKFBM3CQ,A3RIXSMCG9L0F1
B0BJZT6JB2,A3RIXSMCG9L0F1
B0BJQW18SQ,A3RIXSMCG9L0F1
B0BHW7SLYQ,A3RIXSMCG9L0F1
B0BHVBVQFJ,A3RIXSMCG9L0F1
B0BHS72W5H,A3RIXSMCG9L0F1
B0BGRBH1ZH,A3RIXSMCG9L0F1
B0BG4BTK5Z,A3RIXSMCG9L0F1
B0BG2K179T,A3RIXSMCG9L0F1
B0BFKGWLGF,A3RIXSMCG9L0F1
B0BD6ZPG97,A3RIXSMCG9L0F1
B0BCHFVNV7,A3RIXSMCG9L0F1
B0BC43JH7T,A3RIXSMCG9L0F1
B0BC21H1GG,A3RIXSMCG9L0F1
B0BBMKKPFX,A3RIXSMCG9L0F1
B0BBKG7T4N,A3RIXSMCG9L0F1
B0BB21HPYB,A3RIXSMCG9L0F1
B0B9WRHQH4,A3RIXSMCG9L0F1
B0B8XK9QCV,A3RIXSMCG9L0F1
B0B6NQPC8Z,A3RIXSMCG9L0F1
B0B65TQ3T9,A3RIXSMCG9L0F1
B0B4WG47CC,A3RIXSMCG9L0F1
B0B4WFTRJF,A3RIXSMCG9L0F1
B0B4CBPT3V,A3RIXSMCG9L0F1
B0B39GMYSZ,A3RIXSMCG9L0F1
B0B24D6N91,A3RIXSMCG9L0F1
B09Z4GSKTW,A3RIXSMCG9L0F1
B09YPZM7FW,A3RIXSMCG9L0F1
B09YH6KHD7,A3RIXSMCG9L0F1
B09YD4SZXX,A3RIXSMCG9L0F1
B09Y8WM83X,A3RIXSMCG9L0F1
B09XXG9B3R,A3RIXSMCG9L0F1
B09XQZ324M,A3RIXSMCG9L0F1
B09XFGM4NT,A3RIXSMCG9L0F1
B09X1JX9VW,A3RIXSMCG9L0F1
B09W5JTRCD,A3RIXSMCG9L0F1
B09W2R8YWW,A3RIXSMCG9L0F1
B09TG7F19N,A3RIXSMCG9L0F1
B09SZ3LL8X,A3RIXSMCG9L0F1
B09SC2HYFX,A3RIXSMCG9L0F1
B09Q5H8357,A3RIXSMCG9L0F1
B09P87ZHYJ,A3RIXSMCG9L0F1
B09P7287G1,A3RIXSMCG9L0F1
B09NRCKGNN,A3RIXSMCG9L0F1
B09NQKDQQ7,A3RIXSMCG9L0F1
B09NMHKG6R,A3RIXSMCG9L0F1
B09NLXGX9R,A3RIXSMCG9L0F1
B09NBDQ3H8,A3RIXSMCG9L0F1
B09LYVLDK1,A3RIXSMCG9L0F1
B09LYFQVBT,A3RIXSMCG9L0F1
B09LVG86KN,A3RIXSMCG9L0F1
B09K7N7WGC,A3RIXSMCG9L0F1
B09FPVY1VV,A3RIXSMCG9L0F1
B09FL3JCC8,A3RIXSMCG9L0F1
B09BTHRWJZ,A3RIXSMCG9L0F1
B09BJ9VJC4,A3RIXSMCG9L0F1
B099JCNJBM,A3RIXSMCG9L0F1
B099FJ1SWT,A3RIXSMCG9L0F1
B099FHDNFD,A3RIXSMCG9L0F1
B099FFX9HB,A3RIXSMCG9L0F1
B0972GT7ZZ,A3RIXSMCG9L0F1
B096Z67H1C,A3RIXSMCG9L0F1
B095KR1HSR,A3RIXSMCG9L0F1
B094ZMDKGH,A3RIXSMCG9L0F1
B094CRGNMF,A3RIXSMCG9L0F1
B0932XL197,A3RIXSMCG9L0F1
B092QNYRF5,A3RIXSMCG9L0F1
B08ZSQ4WX2,A3RIXSMCG9L0F1
B08W9Q9Y2G,A3RIXSMCG9L0F1
B08W31P5L8,A3RIXSMCG9L0F1
B08TMHZM7R,A3RIXSMCG9L0F1
B08SCC561K,A3RIXSMCG9L0F1
B08S3F7H23,A3RIXSMCG9L0F1
B08RBXV7ST,A3RIXSMCG9L0F1
B08L8TVRKG,A3RIXSMCG9L0F1
B08L4G82PM,A3RIXSMCG9L0F1
B08K8SFZSN,A3RIXSMCG9L0F1
B08JCPXB46,A3RIXSMCG9L0F1
B08DHD3BXT,A3RIXSMCG9L0F1
B089Y14YX8,A3RIXSMCG9L0F1
B089SYJHSY,A3RIXSMCG9L0F1
B0899CPBBR,A3RIXSMCG9L0F1
B0873D13RP,A3RIXSMCG9L0F1
B084Q4ZF5M,A3RIXSMCG9L0F1
B084L5T8KN,A3RIXSMCG9L0F1
B0827QX97R,A3RIXSMCG9L0F1
B081YVYXVV,A3RIXSMCG9L0F1
B081VFWWDJ,A3RIXSMCG9L0F1
B081CWPCSG,A3RIXSMCG9L0F1
B07ZRYL3XF,A3RIXSMCG9L0F1
B07Z8122T6,A3RIXSMCG9L0F1
B07VX83KGY,A3RIXSMCG9L0F1
B07VQ8NT2W,A3RIXSMCG9L0F1
B07TYDL6LC,A3RIXSMCG9L0F1
B083WP9FW2,A3RIXSMCG9L0F1
B083RSY53S,A3RIXSMCG9L0F1
B082G9ZL8Q,A3RIXSMCG9L0F1
B081D3PYN7,A3RIXSMCG9L0F1
B078K8FN1Q,A3RIXSMCG9L0F1
B07864V35L,A3RIXSMCG9L0F1
B01N467J4L,A3RIXSMCG9L0F1
B01N1KL56Z,A3RIXSMCG9L0F1
B01C5CWVNE,A3RIXSMCG9L0F1
B092MB6VDH,A3RIXSMCG9L0F1
B08HFP35Q8,A3RIXSMCG9L0F1
B079DCW4S1,A3RIXSMCG9L0F1
B07VYN9BH6,A3RIXSMCG9L0F1
B09KNQ2CKZ,A3RIXSMCG9L0F1
B0DS61WTNB,A3RIXSMCG9L0F1
B0DP4STPVK,A3RIXSMCG9L0F1
B0DF2LLHC3,A3RIXSMCG9L0F1
B0D966511P,A3RIXSMCG9L0F1
B0D12CM46S,A3RIXSMCG9L0F1
B0CYQG3J51,A3RIXSMCG9L0F1
B0CY29NFDH,A3RIXSMCG9L0F1
B08VFCGZ3N,A3RIXSMCG9L0F1
B0DQC35DXC,A3RIXSMCG9L0F1
B07ZKVQ7DZ,A3RIXSMCG9L0F1
B0DGWVNQ7Z,A3RIXSMCG9L0F1
B07S6ND3HB,A3RIXSMCG9L0F1
B0D5CNKPGC,A3RIXSMCG9L0F1
B0CKWYSLBL,A3RIXSMCG9L0F1
B0C4945GWW,A3RIXSMCG9L0F1
B0BZJGVWDW,A3RIXSMCG9L0F1
B0BRMRRMJ1,A3RIXSMCG9L0F1
B0BN4X6XQT,A3RIXSMCG9L0F1
B0BBVG63V7,A3RIXSMCG9L0F1
B0B8ZBHZ8J,A3RIXSMCG9L0F1
B0B8P7G2F8,A3RIXSMCG9L0F1
B0B4KGSWVW,A3RIXSMCG9L0F1
B0B1D6HV9R,A3RIXSMCG9L0F1
B09X5H6LXH,A3RIXSMCG9L0F1
B09T9XSXPF,A3RIXSMCG9L0F1
B09PQ6G4C4,A3RIXSMCG9L0F1
B09GN5G5S7,A3RIXSMCG9L0F1
B09FDYYQTH,A3RIXSMCG9L0F1
B09D945Y3Q,A3RIXSMCG9L0F1
B098QGY4KH,A3RIXSMCG9L0F1
B094XCQX1H,A3RIXSMCG9L0F1
B094JB3T25,A3RIXSMCG9L0F1
B094CS5R97,A3RIXSMCG9L0F1
B093PWY7Z7,A3RIXSMCG9L0F1
B093DLB82Z,A3RIXSMCG9L0F1
B08VF291RC,A3RIXSMCG9L0F1
B08JTCH213,A3RIXSMCG9L0F1
B085XDMP33,A3RIXSMCG9L0F1
B084P8ZSF3,A3RIXSMCG9L0F1
B07TVCM8J2,A3RIXSMCG9L0F1
B07R4K4N79,A3RIXSMCG9L0F1
B07PPGD8LP,A3RIXSMCG9L0F1
B07PM2QS2C,A3RIXSMCG9L0F1
B07NHNLDC7,A3RIXSMCG9L0F1
B07MY67HZ5,A3RIXSMCG9L0F1
B07MSGSG1Z,A3RIXSMCG9L0F1
B07GBLWZF4,A3RIXSMCG9L0F1
B07DF8VB4P,A3RIXSMCG9L0F1
B07CP2C261,A3RIXSMCG9L0F1
B07C74NL59,A3RIXSMCG9L0F1
B07BTGN3DS,A3RIXSMCG9L0F1
B07BDDPLCQ,A3RIXSMCG9L0F1
B076PC47XL,A3RIXSMCG9L0F1
B075KGLC51,A3RIXSMCG9L0F1
B074SK1SPQ,A3RIXSMCG9L0F1
B074MK1NX1,A3RIXSMCG9L0F1
B07145WY5K,A3RIXSMCG9L0F1
B01MEDJO5A,A3RIXSMCG9L0F1
B01EVRMIXO,A3RIXSMCG9L0F1
B00J3XRFQ2,A3RIXSMCG9L0F1
B00I0VBRFI,A3RIXSMCG9L0F1
B00ATRKOO6,A3RIXSMCG9L0F1
B00A7ROWE6,A3RIXSMCG9L0F1
B0B5QTF3Z9,A3RIXSMCG9L0F1
B09TPVBHNW,A3RIXSMCG9L0F1
B09SWC29QS,A3RIXSMCG9L0F1
B00C0TS6IW,A3RIXSMCG9L0F1
B0CDRRR64S,A3RIXSMCG9L0F1
B0CCTVWVL2,A3RIXSMCG9L0F1
B0CCKMD9S3,A3RIXSMCG9L0F1
B0CCJLVVL9,A3RIXSMCG9L0F1
B0C6SW8PX2,A3RIXSMCG9L0F1
B0C65F591L,A3RIXSMCG9L0F1
B0C582YKMY,A3RIXSMCG9L0F1
B0C2KJPNF9,A3RIXSMCG9L0F1
B0BZFB6HK5,A3RIXSMCG9L0F1
B0BYZ3MBCJ,A3RIXSMCG9L0F1
B0BVMW5SQX,A3RIXSMCG9L0F1
B0BV1MYBCV,A3RIXSMCG9L0F1
B0BNHGYQHS,A3RIXSMCG9L0F1
B0BN7FH3J1,A3RIXSMCG9L0F1
B0BJ2K9RPM,A3RIXSMCG9L0F1
B0BGX8XL9D,A3RIXSMCG9L0F1
B08QJJG5CD,A3RIXSMCG9L0F1
B08L3L1WBX,A3RIXSMCG9L0F1
B00MWTK87M,A3RIXSMCG9L0F1
B07ZVGQVJX,A3RIXSMCG9L0F1
B0D81ZRKDK,A3RIXSMCG9L0F1
B0B79YV58S,A3RIXSMCG9L0F1
B000GDB0P0,A3RIXSMCG9L0F1
B07FFJBXVK,A3RIXSMCG9L0F1
B0BZS215CK,A3RIXSMCG9L0F1
B08TT4RXFK,A3RIXSMCG9L0F1
B0CXTP295M,A3RIXSMCG9L0F1
B0B8H7YGTX,A3RIXSMCG9L0F1
B07C1X53ZJ,A3RIXSMCG9L0F1
B06XXRTGL4,A3RIXSMCG9L0F1
B00KZM2WZ4,A3RIXSMCG9L0F1
B0C2J4FGPY,A3RIXSMCG9L0F1
B0BFW3CG5S,A3RIXSMCG9L0F1
B0BFCT9V1T,A3RIXSMCG9L0F1
B0B8C1KYWS,A3RIXSMCG9L0F1
B0B5ZYF3N9,A3RIXSMCG9L0F1
B0B57H3QXL,A3RIXSMCG9L0F1
B0B48BSMSN,A3RIXSMCG9L0F1
B0B3MWTVPV,A3RIXSMCG9L0F1
B0B2W6D3D2,A3RIXSMCG9L0F1
B0B1C2FG2F,A3RIXSMCG9L0F1
B0B14N1PWT,A3RIXSMCG9L0F1
B09ZL7WR7V,A3RIXSMCG9L0F1
B09V556MPV,A3RIXSMCG9L0F1
B09T9K53NH,A3RIXSMCG9L0F1
B09Q3BY3R5,A3RIXSMCG9L0F1
B09MS16TXF,A3RIXSMCG9L0F1
B0D2HTCXZ2,A3RIXSMCG9L0F1
B09LTZJVSJ,A3RIXSMCG9L0F1
B0CSMV1H3K,A3RIXSMCG9L0F1
B01N7V17EY,A3RIXSMCG9L0F1
B0CMWZ9CQP,A3RIXSMCG9L0F1
B0B36XG45R,A3RIXSMCG9L0F1
B0CK7S1RVL,A3RIXSMCG9L0F1
B01B3FHJ18,A3RIXSMCG9L0F1
B0C5HVLQT7,A3RIXSMCG9L0F1
B09N94L4CK,A3RIXSMCG9L0F1
B0BKS29WYN,A3RIXSMCG9L0F1
B0C23SR87R,A3RIXSMCG9L0F1
B09XBWDDM8,A3RIXSMCG9L0F1
B09KTTNF7K,A3RIXSMCG9L0F1
B09L4P2YQX,A3RIXSMCG9L0F1
B0CJFFG1M3,A3RIXSMCG9L0F1
B08NH5THG1,A3RIXSMCG9L0F1
B0DHGNRRFX,A3RIXSMCG9L0F1
B0CDKNFCDR,A3RIXSMCG9L0F1
B0DB261TRK,A3RIXSMCG9L0F1
B0BCG12VDV,A3RIXSMCG9L0F1
B0D2XWVZLH,A3RIXSMCG9L0F1
B09TC1DJVV,A3RIXSMCG9L0F1
B0CXLPVCHB,A3RIXSMCG9L0F1
B08RQYZWSR,A3RIXSMCG9L0F1
B0C5CQMZ6C,A3RIXSMCG9L0F1
B08K8TKWY1,A3RIXSMCG9L0F1
B0B97DPDCN,A3RIXSMCG9L0F1
B07RQCRVBS,A3RIXSMCG9L0F1
B0B1HZXYM6,A3RIXSMCG9L0F1
B019S3GQSE,A3RIXSMCG9L0F1
B09M9HH7D8,A3RIXSMCG9L0F1
B0957TLPDQ,A3RIXSMCG9L0F1
B0924QW99S,A3RIXSMCG9L0F1
B08SWGX8XL,A3RIXSMCG9L0F1
B08PCXC97Y,A3RIXSMCG9L0F1
B08NWPJWYK,A3RIXSMCG9L0F1
B08LN7H2T8,A3RIXSMCG9L0F1
B08CG65K1Q,A3RIXSMCG9L0F1
B089ZVW9WY,A3RIXSMCG9L0F1
B087CLCM9D,A3RIXSMCG9L0F1
B087BYXPJ5,A3RIXSMCG9L0F1
B08531F74V,A3RIXSMCG9L0F1
B083FP25NX,A3RIXSMCG9L0F1
B0821LXH1N,A3RIXSMCG9L0F1
B07ZCXBXDZ,A3RIXSMCG9L0F1
B07WFG1XYZ,A3RIXSMCG9L0F1
B07TRDGSC6,A3RIXSMCG9L0F1
B07S7LKRT2,A3RIXSMCG9L0F1
B07QDR2547,A3RIXSMCG9L0F1
B07PK36J7L,A3RIXSMCG9L0F1
B07NZPVKCW,A3RIXSMCG9L0F1
B07MCMTYBP,A3RIXSMCG9L0F1
B07FW74T9K,A3RIXSMCG9L0F1
B076GG45DV,A3RIXSMCG9L0F1
B01KC3ZFEA,A3RIXSMCG9L0F1
B01KAI8NH8,A3RIXSMCG9L0F1
B0DM56WV99,A3RIXSMCG9L0F1
B0DJZVH4T6,A3RIXSMCG9L0F1
B0DG5BGGQG,A3RIXSMCG9L0F1
B0DFPHP7YL,A3RIXSMCG9L0F1
B0D9RXM7YV,A3RIXSMCG9L0F1
B0D8QFSP1D,A3RIXSMCG9L0F1
B0D8L9PR8H,A3RIXSMCG9L0F1
B0D72G8BGM,A3RIXSMCG9L0F1
B0D6BGXCTK,A3RIXSMCG9L0F1
B0D5MP1NRB,A3RIXSMCG9L0F1
B0D3DCNM71,A3RIXSMCG9L0F1
B0D17881DW,A3RIXSMCG9L0F1
B0CZD75GSZ,A3RIXSMCG9L0F1
B0CY9PNYKW,A3RIXSMCG9L0F1
B0CXX18HGG,A3RIXSMCG9L0F1
B0CS6635S7,A3RIXSMCG9L0F1
B07SVYVMXL,A3RIXSMCG9L0F1
B0DDTR3619,A3RIXSMCG9L0F1
B07JXYTCYL,A3RIXSMCG9L0F1
B0DB5MQR12,A3RIXSMCG9L0F1
B00ODU6GDS,A3RIXSMCG9L0F1
B0BXNB89JP,A3RIXSMCG9L0F1
B0BX8G7VZG,A3RIXSMCG9L0F1
B096FS81GB,A3RIXSMCG9L0F1
B093KZBJRK,A3RIXSMCG9L0F1
B07HCBR1Y1,A3RIXSMCG9L0F1
B07BY9JJJJ,A3RIXSMCG9L0F1
B074WJ8WMS,A3RIXSMCG9L0F1
B01HXXVW3A,A3RIXSMCG9L0F1
B0DSPXLSBB,A3RIXSMCG9L0F1
B0DSM7MH6G,A3RIXSMCG9L0F1
B0DP5YRZDZ,A3RIXSMCG9L0F1
B0D2W62FPG,A3RIXSMCG9L0F1
B0D2NMHRB3,A3RIXSMCG9L0F1
B0CYSVRCTK,A3RIXSMCG9L0F1
B0CY2KHH9Z,A3RIXSMCG9L0F1
B0CWRB6ZDK,A3RIXSMCG9L0F1
B0CWP1RGC8,A3RIXSMCG9L0F1
B0CTG77YS4,A3RIXSMCG9L0F1
B0CSMYJ3RK,A3RIXSMCG9L0F1
B0CSGBTHYT,A3RIXSMCG9L0F1
B0CQZTWRSJ,A3RIXSMCG9L0F1
B0CNVYJTF5,A3RIXSMCG9L0F1
B0CNPJFVT1,A3RIXSMCG9L0F1
B0CN6LY7MD,A3RIXSMCG9L0F1
B0CHRR9G6Y,A3RIXSMCG9L0F1
B0CH9M775R,A3RIXSMCG9L0F1
B0CGVTB226,A3RIXSMCG9L0F1
B0C5BYT8NJ,A3RIXSMCG9L0F1
B0BZGYRS7B,A3RIXSMCG9L0F1
B0BY864W7Y,A3RIXSMCG9L0F1
B0BX36WDSB,A3RIXSMCG9L0F1
B0BW8ZNH5J,A3RIXSMCG9L0F1
B0BW6CMJGD,A3RIXSMCG9L0F1
B0BVFH6NVN,A3RIXSMCG9L0F1
B0BTSVQQCC,A3RIXSMCG9L0F1
B0BQB5V5SS,A3RIXSMCG9L0F1
B0BN43YND1,A3RIXSMCG9L0F1
B0BN3GG1TC,A3RIXSMCG9L0F1
B0BM76SKHY,A3RIXSMCG9L0F1
B0BLNF9DV5,A3RIXSMCG9L0F1
B0BHQC4K1T,A3RIXSMCG9L0F1
B0BFNWM6V5,A3RIXSMCG9L0F1
B0BFH9JRSM,A3RIXSMCG9L0F1
B0BCPFQG1B,A3RIXSMCG9L0F1
B09W8ZV5KT,A3RIXSMCG9L0F1
B09LTTDR5H,A3RIXSMCG9L0F1
B07N1RJJWF,A3RIXSMCG9L0F1
B07C4T6KJ1,A3RIXSMCG9L0F1
B0DQ8F3XRX,A3RIXSMCG9L0F1
B0DPV9R4XX,A3RIXSMCG9L0F1
B0DN61L53C,A3RIXSMCG9L0F1
B0DMSV9WRR,A3RIXSMCG9L0F1
B0DM1BKS6D,A3RIXSMCG9L0F1
B0DH22HZZ8,A3RIXSMCG9L0F1
B0DFWTGW4F,A3RIXSMCG9L0F1
B0DDH97SGZ,A3RIXSMCG9L0F1
B0D97GJ5CH,A3RIXSMCG9L0F1
B0D7LDRRX9,A3RIXSMCG9L0F1
B0D49FY8G1,A3RIXSMCG9L0F1
B09D72QY13,A3RIXSMCG9L0F1
B07C3MMFVC,A3RIXSMCG9L0F1
B095C12JT5,A3RIXSMCG9L0F1
B01M991U8I,A3RIXSMCG9L0F1
B094C9SM58,A3RIXSMCG9L0F1
B077QKGRQZ,A3RIXSMCG9L0F1
B0918BFMWV,A3RIXSMCG9L0F1
B09TP1BJ7B,A3RIXSMCG9L0F1
B08ZCYY5XZ,A3RIXSMCG9L0F1
B0DF7CFP8W,A3RIXSMCG9L0F1
B08FHZZK9V,A3RIXSMCG9L0F1
B077RVPR39,A3RIXSMCG9L0F1
B087PQ591P,A3RIXSMCG9L0F1
B0CBVCXCVK,A3RIXSMCG9L0F1
B07V26FTXD,A3RIXSMCG9L0F1
B082NWP326,A3RIXSMCG9L0F1
B0BCJWQWKS,A3RIXSMCG9L0F1
B0BCJRNRBP,A3RIXSMCG9L0F1
B0BBLWCFBC,A3RIXSMCG9L0F1
B0BB2C6H9X,A3RIXSMCG9L0F1
B0B7WBMJNN,A3RIXSMCG9L0F1
B0B73Y468W,A3RIXSMCG9L0F1
B0B6PJZ7SJ,A3RIXSMCG9L0F1
B0B67JBN74,A3RIXSMCG9L0F1
B0B5MKQNQK,A3RIXSMCG9L0F1
B0B538Q5DX,A3RIXSMCG9L0F1
B0B41Y2HGG,A3RIXSMCG9L0F1
B0B37CQXRH,A3RIXSMCG9L0F1
B0B2DNK7VL,A3RIXSMCG9L0F1
B09YDHFSWK,A3RIXSMCG9L0F1
B09Y1RWCRM,A3RIXSMCG9L0F1
B09V6X24SD,A3RIXSMCG9L0F1
B09SQFB14N,A3RIXSMCG9L0F1
B09SG3RFSP,A3RIXSMCG9L0F1
B09SFWNLLY,A3RIXSMCG9L0F1
B09S63CDX7,A3RIXSMCG9L0F1
B09NZYM6PS,A3RIXSMCG9L0F1
B09MLZ4JKT,A3RIXSMCG9L0F1
B09HT9GL6S,A3RIXSMCG9L0F1
B09GJN7KQX,A3RIXSMCG9L0F1
B09G326N1Y,A3RIXSMCG9L0F1
B09FJMW58W,A3RIXSMCG9L0F1
B09CGNP8ML,A3RIXSMCG9L0F1
B09BCT6SD3,A3RIXSMCG9L0F1
B09B2J8XMK,A3RIXSMCG9L0F1
B099ML3DH2,A3RIXSMCG9L0F1
B0987VP26B,A3RIXSMCG9L0F1
B096KNZXK2,A3RIXSMCG9L0F1
B0CRZ4X2CR,A3RIXSMCG9L0F1
B0CRKZVY47,A3RIXSMCG9L0F1
B0CRB9DVKX,A3RIXSMCG9L0F1
B0CR862VYS,A3RIXSMCG9L0F1
B0CQYQG3J5,A3RIXSMCG9L0F1
B0CQJTDCHN,A3RIXSMCG9L0F1
B0CMTRFHQL,A3RIXSMCG9L0F1
B0CLXTC1ZB,A3RIXSMCG9L0F1
B0CL46GQKJ,A3RIXSMCG9L0F1
B0CHJQQ27Q,A3RIXSMCG9L0F1
B0CHJJMRDS,A3RIXSMCG9L0F1
B0CG65B9R6,A3RIXSMCG9L0F1
B0CFXQ745G,A3RIXSMCG9L0F1
B0CC29C63Y,A3RIXSMCG9L0F1
B0CB5DYGHY,A3RIXSMCG9L0F1
B0C7W4H49N,A3RIXSMCG9L0F1
B093H322TS,A3RIXSMCG9L0F1
B093D79WTT,A3RIXSMCG9L0F1
B0927VYS57,A3RIXSMCG9L0F1
B08YZ2G9XL,A3RIXSMCG9L0F1
B08Y7PVN69,A3RIXSMCG9L0F1
B08TM4TDXB,A3RIXSMCG9L0F1
B08T9HCTP3,A3RIXSMCG9L0F1
B08S7DTXKF,A3RIXSMCG9L0F1
B08QCJNR62,A3RIXSMCG9L0F1
B08NPBR65K,A3RIXSMCG9L0F1
B08KZPPD3C,A3RIXSMCG9L0F1
B08HRJ413S,A3RIXSMCG9L0F1
B08FTBZVGY,A3RIXSMCG9L0F1
B08CG4SSSZ,A3RIXSMCG9L0F1
B088NSMX6H,A3RIXSMCG9L0F1
B088FD89QY,A3RIXSMCG9L0F1
B085NR8FM5,A3RIXSMCG9L0F1
B083ZK4RYV,A3RIXSMCG9L0F1
B082X56HPN,A3RIXSMCG9L0F1
B07X3LSMPG,A3RIXSMCG9L0F1
B07WDGWW22,A3RIXSMCG9L0F1
B07RWMBTDK,A3RIXSMCG9L0F1
B07R8Y46F6,A3RIXSMCG9L0F1
B07QYGNQYG,A3RIXSMCG9L0F1
B07QJ5CC8R,A3RIXSMCG9L0F1
B07Q36DMHN,A3RIXSMCG9L0F1
B07MXQRNLX,A3RIXSMCG9L0F1
B07MDLV2Y3,A3RIXSMCG9L0F1
B07L2CDST3,A3RIXSMCG9L0F1
B07JXNX6HG,A3RIXSMCG9L0F1
B07H5BCFBR,A3RIXSMCG9L0F1
B07GRDPR4X,A3RIXSMCG9L0F1
B07GR81SKW,A3RIXSMCG9L0F1
B07F1SSH5C,A3RIXSMCG9L0F1
B07CNKTJHJ,A3RIXSMCG9L0F1
B076SYLPLH,A3RIXSMCG9L0F1
B07666G6F7,A3RIXSMCG9L0F1
B074XKCJWT,A3RIXSMCG9L0F1
B01LXW0QCT,A3RIXSMCG9L0F1
B0187MBC5O,A3RIXSMCG9L0F1
B00VPW7Z6Y,A3RIXSMCG9L0F1
B00B9EK44S,A3RIXSMCG9L0F1
B006FTF1U4,A3RIXSMCG9L0F1
B0D52BK3D9,A3RIXSMCG9L0F1
B0D3FK4GWC,A3RIXSMCG9L0F1
B08W22B8KS,A3RIXSMCG9L0F1
B0CC697M2N,A3RIXSMCG9L0F1
B07VKPYRV3,A3RIXSMCG9L0F1
B09YV3T19Q,A3RIXSMCG9L0F1
B0746G64TZ,A3RIXSMCG9L0F1
B09KN9H13X,A3RIXSMCG9L0F1
B082LTNJ23,A3RIXSMCG9L0F1
B099N13JMJ,A3RIXSMCG9L0F1
B09WMYQ21X,A3RIXSMCG9L0F1
B0DTKPJ6VK,A3RIXSMCG9L0F1
B0CP87DBK8,A3RIXSMCG9L0F1
B0D4Z3P9TM,A3RIXSMCG9L0F1
B0D7ZSFHW4,A3RIXSMCG9L0F1
B0C1HCNC8G,A3RIXSMCG9L0F1
B0DK298SWK,A3RIXSMCG9L0F1
B0831CHC7V,A3RIXSMCG9L0F1
B0DBRB5XYV,A3RIXSMCG9L0F1
B07N19GPM3,A3RIXSMCG9L0F1
B0D6TTZR2D,A3RIXSMCG9L0F1
B07D7KB8DD,A3RIXSMCG9L0F1
B0CX51XFDL,A3RIXSMCG9L0F1
B0C3D26MP3,A3RIXSMCG9L0F1
B0BX8FW1VX,A3RIXSMCG9L0F1
B0BWQ2CR69,A3RIXSMCG9L0F1
B0BRQ6H3MS,A3RIXSMCG9L0F1
B0BP761JYZ,A3RIXSMCG9L0F1
B0BJVB62JN,A3RIXSMCG9L0F1
B0BCG93CK9,A3RIXSMCG9L0F1
B0B24B8QRF,A3RIXSMCG9L0F1
B09W4CH1M9,A3RIXSMCG9L0F1
B09ST76FNY,A3RIXSMCG9L0F1
B09PKTVKLL,A3RIXSMCG9L0F1
B09LXYDHF9,A3RIXSMCG9L0F1
B09GXJQHTQ,A3RIXSMCG9L0F1
B095BHTFYS,A3RIXSMCG9L0F1
B092ZMHCYG,A3RIXSMCG9L0F1
B087WNN8JD,A3RIXSMCG9L0F1
B07XP8RR8C,A3RIXSMCG9L0F1
B07VSNSTS6,A3RIXSMCG9L0F1
B07KTV8R9J,A3RIXSMCG9L0F1
B01L74P3MC,A3RIXSMCG9L0F1
B01K6YS5OW,A3RIXSMCG9L0F1
B01BH4K8B8,A3RIXSMCG9L0F1
B001FHRD9I,A3RIXSMCG9L0F1
B001F4WHEW,A3RIXSMCG9L0F1
B001F4UCPS,A3RIXSMCG9L0F1
B001F4UCLM,A3RIXSMCG9L0F1
B0C4Y59QCW,A3RIXSMCG9L0F1
B07S7Q65B1,A3RIXSMCG9L0F1
B00QIJFETE,A3RIXSMCG9L0F1
B002VSBN9Q,A3RIXSMCG9L0F1
B0BQ6VG5S4,A3RIXSMCG9L0F1
B0B9JDDLSK,A3RIXSMCG9L0F1
B0B6QSPZXP,A3RIXSMCG9L0F1
B0B4RYSX83,A3RIXSMCG9L0F1
B09MKN5SDW,A3RIXSMCG9L0F1
B098T2FMSM,A3RIXSMCG9L0F1
B093GVNX1L,A3RIXSMCG9L0F1
B0936S2N88,A3RIXSMCG9L0F1
B07PQJV2VJ,A3RIXSMCG9L0F1
B092QT3CCH,A3RIXSMCG9L0F1
B08YP7P4TY,A3RIXSMCG9L0F1
B0C6XKPFN8,A3RIXSMCG9L0F1
B076GNJRG3,A3RIXSMCG9L0F1
B0BF9N1GDV,A3RIXSMCG9L0F1
B0DCS7W8RR,A3RIXSMCG9L0F1
B010XU338W,A3RIXSMCG9L0F1
B0D93P6VDC,A3RIXSMCG9L0F1
B07GD4VVR3,A3RIXSMCG9L0F1
B0CPDTPNTN,A3RIXSMCG9L0F1
B0BRSVF3GM,A3RIXSMCG9L0F1
B08F31P29Z,A3RIXSMCG9L0F1
B09GNF3KKZ,A3RIXSMCG9L0F1
B0B1MLRZQL,A3RIXSMCG9L0F1
B095WYBY42,A3RIXSMCG9L0F1
B0C366CFTF,A3RIXSMCG9L0F1
B07QXND76D,A3RIXSMCG9L0F1
B0B3J61ND5,A3RIXSMCG9L0F1
B0CHP879TY,A3RIXSMCG9L0F1
B08D6HJ2N7,A3RIXSMCG9L0F1
B0C9ZGQ1VK,A3RIXSMCG9L0F1
B0DJVJTMC9,A3RIXSMCG9L0F1
B07ZS7W78N,A3RIXSMCG9L0F1
B0CZ6V3S8K,A3RIXSMCG9L0F1
B00FXLZHZO,A3RIXSMCG9L0F1
B0CD1N3QH4,A3RIXSMCG9L0F1
B093H6XCHS,A3RIXSMCG9L0F1
B0DHW9BSL6,A3RIXSMCG9L0F1
B0DJW8NSCS,A3RIXSMCG9L0F1
B0DCCF7KMZ,A3RIXSMCG9L0F1
B07KG8GGDP,A3RIXSMCG9L0F1
B0DJTCRHPS,A3RIXSMCG9L0F1
B07HQJLX1W,A3RIXSMCG9L0F1
B0CXD96D35,A3RIXSMCG9L0F1
B07F6SY871,A3RIXSMCG9L0F1
B0CGZXSYXY,A3RIXSMCG9L0F1
B078VJV6S2,A3RIXSMCG9L0F1
B0BWXN48KC,A3RIXSMCG9L0F1
B01DUADVFM,A3RIXSMCG9L0F1
B09YTKC1H4,A3RIXSMCG9L0F1
B00B7HCV3Y,A3RIXSMCG9L0F1
B09HCK6NJ5,A3RIXSMCG9L0F1
B003THLJCO,A3RIXSMCG9L0F1
B0DTHMJWC8,A3RIXSMCG9L0F1
B0DT3SSYTJ,A3RIXSMCG9L0F1
B0DT1LZYHC,A3RIXSMCG9L0F1
B0DSVVXG72,A3RIXSMCG9L0F1
B0DSLBCJ5C,A3RIXSMCG9L0F1
B0DGSHZCKN,A3RIXSMCG9L0F1
B0DFQ55QZD,A3RIXSMCG9L0F1
B0DDPHNL7B,A3RIXSMCG9L0F1
B0D9H4M5GF,A3RIXSMCG9L0F1
B0D8SYXHTM,A3RIXSMCG9L0F1
B0D7ZTSSD2,A3RIXSMCG9L0F1
B0D6BCPCT6,A3RIXSMCG9L0F1
B0D3XQJWNG,A3RIXSMCG9L0F1
B0D3PMX1VS,A3RIXSMCG9L0F1
B0D22V5JDP,A3RIXSMCG9L0F1
B0D1Y34PYL,A3RIXSMCG9L0F1
B0D1H1KK3X,A3RIXSMCG9L0F1
B0D1C512B7,A3RIXSMCG9L0F1
B0CZLDDDZJ,A3RIXSMCG9L0F1
B0CX1DNMH4,A3RIXSMCG9L0F1
B0CTD44XHJ,A3RIXSMCG9L0F1
B0CST62YN2,A3RIXSMCG9L0F1
B0CSPVG1NV,A3RIXSMCG9L0F1
B0CSK7C7ZC,A3RIXSMCG9L0F1
B0CSFKJ4D3,A3RIXSMCG9L0F1
B0CRZ64525,A3RIXSMCG9L0F1
B0CRNS8J9C,A3RIXSMCG9L0F1
B0CQHDFTJQ,A3RIXSMCG9L0F1
B0CPLJN5JM,A3RIXSMCG9L0F1
B0CPHP53HX,A3RIXSMCG9L0F1
B0CN148XNR,A3RIXSMCG9L0F1
B0CMHRDH2T,A3RIXSMCG9L0F1
B0CLDN7DDP,A3RIXSMCG9L0F1
B0CKWZ5FLH,A3RIXSMCG9L0F1
B0CJRBR23C,A3RIXSMCG9L0F1
B0CJQSB2HJ,A3RIXSMCG9L0F1
B0CH9N4ZVK,A3RIXSMCG9L0F1
B0CDWTYW5P,A3RIXSMCG9L0F1
B0CDFTJQHK,A3RIXSMCG9L0F1
B0CD89QQTZ,A3RIXSMCG9L0F1
B0CB686VMZ,A3RIXSMCG9L0F1
B0C8MJ53Z4,A3RIXSMCG9L0F1
B0C5P1FSTK,A3RIXSMCG9L0F1
B0C3V4GTDK,A3RIXSMCG9L0F1
B0C3D7451R,A3RIXSMCG9L0F1
B0C2PGVGY5,A3RIXSMCG9L0F1
B0C1N81K81,A3RIXSMCG9L0F1
B0C1BZD55X,A3RIXSMCG9L0F1
B0BZPT27PH,A3RIXSMCG9L0F1
B0BZ8CMFFJ,A3RIXSMCG9L0F1
B0BYNVC2VH,A3RIXSMCG9L0F1
B0BX8VQNFG,A3RIXSMCG9L0F1
B0BWY9191W,A3RIXSMCG9L0F1
B0B96K5P3L,A3RIXSMCG9L0F1
B0B87DNFBC,A3RIXSMCG9L0F1
B0B81CBBCF,A3RIXSMCG9L0F1
B0B74G6NBB,A3RIXSMCG9L0F1
B0B5N3VZCD,A3RIXSMCG9L0F1
B0B53HM3YZ,A3RIXSMCG9L0F1
B0B3T7YMQQ,A3RIXSMCG9L0F1
B0B33Z9W4L,A3RIXSMCG9L0F1
B0B2ZDMS9M,A3RIXSMCG9L0F1
B09ZTYRSFF,A3RIXSMCG9L0F1
B09WHZG7P3,A3RIXSMCG9L0F1
B09TQWK9QM,A3RIXSMCG9L0F1
B09R1D6XKB,A3RIXSMCG9L0F1
B09NVRDNZT,A3RIXSMCG9L0F1
B09NVQR81G,A3RIXSMCG9L0F1
B09MH9GHJF,A3RIXSMCG9L0F1
B0BWN37VGL,A3RIXSMCG9L0F1
B0BWM9Q52Q,A3RIXSMCG9L0F1
B0BSN3RDXM,A3RIXSMCG9L0F1
B0BRGQ17CW,A3RIXSMCG9L0F1
B0BQBJFVZG,A3RIXSMCG9L0F1
B0BPC4R4K3,A3RIXSMCG9L0F1
B0BNL77ZD9,A3RIXSMCG9L0F1
B0BM8WQZLY,A3RIXSMCG9L0F1
B0BL78YPV9,A3RIXSMCG9L0F1
B0BKZGCNQX,A3RIXSMCG9L0F1
B0BDGJWYNY,A3RIXSMCG9L0F1
B0BCJS8TTD,A3RIXSMCG9L0F1
B0BC3XK6XZ,A3RIXSMCG9L0F1
B0BBPMZXM1,A3RIXSMCG9L0F1
B0BBPHQ1NR,A3RIXSMCG9L0F1
B0B9RVXX3D,A3RIXSMCG9L0F1
B09VXZJZDH,A3RIXSMCG9L0F1
B01N7R51ZQ,A3RIXSMCG9L0F1
B09NPRSZWJ,A3RIXSMCG9L0F1
B0DHJNNX7Q,A3RIXSMCG9L0F1
B08RHMCF6B,A3RIXSMCG9L0F1
B092YZG9V8,A3RIXSMCG9L0F1
B08MKNY216,A3RIXSMCG9L0F1
B079HY5T6P,A3RIXSMCG9L0F1
B08931K74S,A3RIXSMCG9L0F1
B0CF2DR8RX,A3RIXSMCG9L0F1
B081SBL5WT,A3RIXSMCG9L0F1
B09T6VDC5L,A3RIXSMCG9L0F1
B07PM5RJ87,A3RIXSMCG9L0F1
B08BXH3WWY,A3RIXSMCG9L0F1
B07JBQNNMV,A3RIXSMCG9L0F1
B00KZM2NBM,A3RIXSMCG9L0F1
B08DXTKVQG,A3RIXSMCG9L0F1
B08DNDDT9G,A3RIXSMCG9L0F1
B08DHD4YG7,A3RIXSMCG9L0F1
B08D73FSY1,A3RIXSMCG9L0F1
B08CXVX73J,A3RIXSMCG9L0F1
B0873D5HCX,A3RIXSMCG9L0F1
B085VNV44T,A3RIXSMCG9L0F1
B0852W9S8Q,A3RIXSMCG9L0F1
B082PS87H7,A3RIXSMCG9L0F1
B0829HDH1G,A3RIXSMCG9L0F1
B07YVL1JFC,A3RIXSMCG9L0F1
B07YCJ19RF,A3RIXSMCG9L0F1
B07WS446Q3,A3RIXSMCG9L0F1
B07SDKQWYY,A3RIXSMCG9L0F1
B07RL51XRK,A3RIXSMCG9L0F1
B07QVK6P9Y,A3RIXSMCG9L0F1
B07N2NY8FY,A3RIXSMCG9L0F1
B07KXL4F55,A3RIXSMCG9L0F1
B07HSV7HDV,A3RIXSMCG9L0F1
B07HB22YZB,A3RIXSMCG9L0F1
B07FXY3FYJ,A3RIXSMCG9L0F1
B07FT3W8PZ,A3RIXSMCG9L0F1
B07D9G12GW,A3RIXSMCG9L0F1
B07B3QRFQT,A3RIXSMCG9L0F1
B079YL5K42,A3RIXSMCG9L0F1
B0799YFPSV,A3RIXSMCG9L0F1
B0797VW3Y1,A3RIXSMCG9L0F1
B077T3NS1N,A3RIXSMCG9L0F1
B076DB7FXK,A3RIXSMCG9L0F1
B06XKYPF2B,A3RIXSMCG9L0F1
B01I22WT74,A3RIXSMCG9L0F1
B00H7XJY14,A3RIXSMCG9L0F1
B00PYDPRNS,A3RIXSMCG9L0F1
B0D47H87BH,A3RIXSMCG9L0F1
B095PD9MKJ,A3RIXSMCG9L0F1
B0D15WPCGJ,A3RIXSMCG9L0F1
B09MN82XG7,A3RIXSMCG9L0F1
B0CS68T5LM,A3RIXSMCG9L0F1
B0D3TXKDWK,A3RIXSMCG9L0F1
B0C85W6LD2,A3RIXSMCG9L0F1
B0CLG98KQ4,A3RIXSMCG9L0F1
B0BRC9DTCG,A3RIXSMCG9L0F1
B09X2RYVK7,A3RIXSMCG9L0F1
B0BPFQ9KJ7,A3RIXSMCG9L0F1
B09VYTQSJ7,A3RIXSMCG9L0F1
B09S3Y2PBN,A3RIXSMCG9L0F1
B096P2WG7W,A3RIXSMCG9L0F1
B09KLFY8YT,A3RIXSMCG9L0F1
B09LXVTDWG,A3RIXSMCG9L0F1
B09KXW7X4M,A3RIXSMCG9L0F1
B09H285997,A3RIXSMCG9L0F1
B0991X4CMN,A3RIXSMCG9L0F1
B095YQ7HC3,A3RIXSMCG9L0F1
B095YNWCRK,A3RIXSMCG9L0F1
B0946G4VVT,A3RIXSMCG9L0F1
B093H23GP1,A3RIXSMCG9L0F1
B0924VLV9W,A3RIXSMCG9L0F1
B091PB5CNL,A3RIXSMCG9L0F1
B08ZYX98PT,A3RIXSMCG9L0F1
B08YYN9TBV,A3RIXSMCG9L0F1
B08T5QYHHZ,A3RIXSMCG9L0F1
B08S6RHXFY,A3RIXSMCG9L0F1
B08KRL7G3F,A3RIXSMCG9L0F1
B08JCGF1FR,A3RIXSMCG9L0F1
B0D86HRMS3,A3RIXSMCG9L0F1
B0D83R75KP,A3RIXSMCG9L0F1
B0D7M65TWV,A3RIXSMCG9L0F1
B0D7CXFM69,A3RIXSMCG9L0F1
B0D7CK66J9,A3RIXSMCG9L0F1
B0D6RL1X1T,A3RIXSMCG9L0F1
B0D6BJP9WH,A3RIXSMCG9L0F1
B0D5M8GFJK,A3RIXSMCG9L0F1
B0D4JZMLK4,A3RIXSMCG9L0F1
B0D12LHK9X,A3RIXSMCG9L0F1
B0CZL9WBVN,A3RIXSMCG9L0F1
B0CXXMNYSJ,A3RIXSMCG9L0F1
B0CWV8FBMY,A3RIXSMCG9L0F1
B0CW32TB5K,A3RIXSMCG9L0F1
B0CSSFT18N,A3RIXSMCG9L0F1
B0CS6C4DKD,A3RIXSMCG9L0F1
B08KGQPCVD,A3RIXSMCG9L0F1
B087Q6LMGF,A3RIXSMCG9L0F1
B07HWNK53C,A3RIXSMCG9L0F1
B0D9W4S23F,A3RIXSMCG9L0F1
B0D5XYPYXS,A3RIXSMCG9L0F1
B0B4JBWDZX,A3RIXSMCG9L0F1
B08FYR7YKC,A3RIXSMCG9L0F1
B07X9L235N,A3RIXSMCG9L0F1
B07V4PV7J5,A3RIXSMCG9L0F1
B07G2C778X,A3RIXSMCG9L0F1
B0781FVYFJ,A3RIXSMCG9L0F1
B01MAT3DPM,A3RIXSMCG9L0F1
B0DWG2H99H,A3RIXSMCG9L0F1
B0DT198GFT,A3RIXSMCG9L0F1
B0DSPS4YDV,A3RIXSMCG9L0F1
B0DSFLT5JY,A3RIXSMCG9L0F1
B0DS1YZHZ6,A3RIXSMCG9L0F1
B0DRJCT8VQ,A3RIXSMCG9L0F1
B0DPCTM6CM,A3RIXSMCG9L0F1
B0DNZM35DC,A3RIXSMCG9L0F1
B0DMFCWPX5,A3RIXSMCG9L0F1
B0DJW2LYV3,A3RIXSMCG9L0F1
B0DJ8NRW7R,A3RIXSMCG9L0F1
B0DHZKM6VD,A3RIXSMCG9L0F1
B0DHCSQFSH,A3RIXSMCG9L0F1
B0DF75RNMN,A3RIXSMCG9L0F1
B0DF2HXRYY,A3RIXSMCG9L0F1
B0DDSTQDQW,A3RIXSMCG9L0F1
B0DD79DW4N,A3RIXSMCG9L0F1
B0DCZRRCGR,A3RIXSMCG9L0F1
B0D9S4Z3BS,A3RIXSMCG9L0F1
B0D9HBXCFX,A3RIXSMCG9L0F1
B0CS14J1WJ,A3RIXSMCG9L0F1
B0CRHCB6Y5,A3RIXSMCG9L0F1
B0CQTRMZ4P,A3RIXSMCG9L0F1
B0CL3FMDFV,A3RIXSMCG9L0F1
B0CH9JNSXT,A3RIXSMCG9L0F1
B0CH17556G,A3RIXSMCG9L0F1
B0CG5KC5PG,A3RIXSMCG9L0F1
B0CDGXGRVR,A3RIXSMCG9L0F1
B0CB5TJZYR,A3RIXSMCG9L0F1
B0CB12FVNR,A3RIXSMCG9L0F1
B0C9ZGCL22,A3RIXSMCG9L0F1
B0C9TNBKF5,A3RIXSMCG9L0F1
B0C8851XS7,A3RIXSMCG9L0F1
B0C85KJ573,A3RIXSMCG9L0F1
B0C68Y53KN,A3RIXSMCG9L0F1
B0C5XMV2Z6,A3RIXSMCG9L0F1
B09YYL9TF3,A3RIXSMCG9L0F1
B09XPZDR8L,A3RIXSMCG9L0F1
B09XKHLDDB,A3RIXSMCG9L0F1
B09WTT2C57,A3RIXSMCG9L0F1
B09WTSRRLP,A3RIXSMCG9L0F1
B09VL5L54S,A3RIXSMCG9L0F1
B09VGNPMP2,A3RIXSMCG9L0F1
B09V4LK14G,A3RIXSMCG9L0F1
B09TWVWJT3,A3RIXSMCG9L0F1
B09TP3NB4N,A3RIXSMCG9L0F1
B09SWMYMHG,A3RIXSMCG9L0F1
B09STMZTN2,A3RIXSMCG9L0F1
B09RMK93ND,A3RIXSMCG9L0F1
B09PMF81X5,A3RIXSMCG9L0F1
B09PG5YXMR,A3RIXSMCG9L0F1
B09NC6FMMC,A3RIXSMCG9L0F1
B0BFBC1H1C,A3RIXSMCG9L0F1
B0BCSMNFF2,A3RIXSMCG9L0F1
B0BC91SMZF,A3RIXSMCG9L0F1
B0BBH37MFY,A3RIXSMCG9L0F1
B0B9Y1HGV8,A3RIXSMCG9L0F1
B0B8434Y69,A3RIXSMCG9L0F1
B0B81C61F8,A3RIXSMCG9L0F1
B0B6ZRNBSB,A3RIXSMCG9L0F1
B0B6P3QZNN,A3RIXSMCG9L0F1
B0B56NBF87,A3RIXSMCG9L0F1
B0B3WCQF83,A3RIXSMCG9L0F1
B0B3RBLDGX,A3RIXSMCG9L0F1
B0B39KZV6X,A3RIXSMCG9L0F1
B0B2LNTR8Y,A3RIXSMCG9L0F1
B0B1DXL488,A3RIXSMCG9L0F1
B09ZNRBXWY,A3RIXSMCG9L0F1
B09NBDNV5J,A3RIXSMCG9L0F1
B09MHSYFFB,A3RIXSMCG9L0F1
B09L4R7QX7,A3RIXSMCG9L0F1
B09HXPBD9N,A3RIXSMCG9L0F1
B09HX1BVFM,A3RIXSMCG9L0F1
B09GY6XR7D,A3RIXSMCG9L0F1
B09FQ2L7B2,A3RIXSMCG9L0F1
B099MWBFVF,A3RIXSMCG9L0F1
B093WBH5K2,A3RIXSMCG9L0F1
B093T2F66C,A3RIXSMCG9L0F1
B09253RQ2X,A3RIXSMCG9L0F1
B0921PKLNC,A3RIXSMCG9L0F1
B0915VWF9B,A3RIXSMCG9L0F1
B08V8V3H7X,A3RIXSMCG9L0F1
B08TZQ5X3V,A3RIXSMCG9L0F1
B08S7LGNJ1,A3RIXSMCG9L0F1
B08QD6C78X,A3RIXSMCG9L0F1
B08QCZPK66,A3RIXSMCG9L0F1
B08NHB2YLQ,A3RIXSMCG9L0F1
B08M2K93WN,A3RIXSMCG9L0F1
B08LKMC7JJ,A3RIXSMCG9L0F1
B08JHCTHLD,A3RIXSMCG9L0F1
B08GHNR334,A3RIXSMCG9L0F1
B08CXNX5D3,A3RIXSMCG9L0F1
B08CX85TS2,A3RIXSMCG9L0F1
B08B13B6RQ,A3RIXSMCG9L0F1
B089WCZS6D,A3RIXSMCG9L0F1
B089LWWJ9H,A3RIXSMCG9L0F1
B088LN52ZH,A3RIXSMCG9L0F1
B0871ZK5JZ,A3RIXSMCG9L0F1
B086XGXC6G,A3RIXSMCG9L0F1
B085927T96,A3RIXSMCG9L0F1
B0C4H9ZJ7P,A3RIXSMCG9L0F1
B0C3R8B4NY,A3RIXSMCG9L0F1
B0C2425R23,A3RIXSMCG9L0F1
B0BZYFJ6WJ,A3RIXSMCG9L0F1
B0BZHVH3CN,A3RIXSMCG9L0F1
B0BYDKFL75,A3RIXSMCG9L0F1
B0BX23F6HL,A3RIXSMCG9L0F1
B0BW3VS1V5,A3RIXSMCG9L0F1
B0BTKCHCFS,A3RIXSMCG9L0F1
B0BRC821P3,A3RIXSMCG9L0F1
B0BQM979RQ,A3RIXSMCG9L0F1
B0BQ2THYHB,A3RIXSMCG9L0F1
B0BN44JGM1,A3RIXSMCG9L0F1
B0BLHC42KM,A3RIXSMCG9L0F1
B0BJQSFD6H,A3RIXSMCG9L0F1
B0BFL75N39,A3RIXSMCG9L0F1
B007GE1V88,A3RIXSMCG9L0F1
B0B1MGLVJ9,A3RIXSMCG9L0F1
B07TSHM66T,A3RIXSMCG9L0F1
B099ZNC5WX,A3RIXSMCG9L0F1
B0DG5NYRHW,A3RIXSMCG9L0F1
B08RD4V2SF,A3RIXSMCG9L0F1
B0D95FVGR7,A3RIXSMCG9L0F1
B081YSDX8T,A3RIXSMCG9L0F1
B0CD2J7SDN,A3RIXSMCG9L0F1
B07P91G5CZ,A3RIXSMCG9L0F1
B07J2C8JZP,A3RIXSMCG9L0F1
B07MCXLPBM,A3RIXSMCG9L0F1
B08BLHDHQM,A3RIXSMCG9L0F1
B07KM1KZ18,A3RIXSMCG9L0F1
B07N8YM1BG,A3RIXSMCG9L0F1
B07JNLG93T,A3RIXSMCG9L0F1
B0DK35V4RT,A3RIXSMCG9L0F1
B07DLV5NP3,A3RIXSMCG9L0F1
B09KX1CRVX,A3RIXSMCG9L0F1
B09D8X5GBF,A3RIXSMCG9L0F1
B09CD7668H,A3RIXSMCG9L0F1
B0D9YHWQ9H,A3RIXSMCG9L0F1
B0B7N9N9VD,A3RIXSMCG9L0F1
B088ZT5CNS,A3RIXSMCG9L0F1
B074WHMGN3,A3RIXSMCG9L0F1
B0DHZ6R4JP,A3RIXSMCG9L0F1
B0D6YVTNG7,A3RIXSMCG9L0F1
B0CG58ZPHQ,A3RIXSMCG9L0F1
B0BNJ353L7,A3RIXSMCG9L0F1
B0BHNS6RGH,A3RIXSMCG9L0F1
B0BD3KJVMW,A3RIXSMCG9L0F1
B09V6ZBMS7,A3RIXSMCG9L0F1
B0D9YK8LPP,A3RIXSMCG9L0F1
B0BKWMH1YX,A3RIXSMCG9L0F1
B0BP17XLNN,A3RIXSMCG9L0F1
B0B5R12GQH,A3RIXSMCG9L0F1
B0D22R8X2C,A3RIXSMCG9L0F1
B017L40O80,A3RIXSMCG9L0F1
B09S6G69DS,A3RIXSMCG9L0F1
B0D5HJ2XMV,A3RIXSMCG9L0F1
B09LXKSVS2,A3RIXSMCG9L0F1
B0C7TN3RVZ,A3RIXSMCG9L0F1
B0C89LLDF3,A3RIXSMCG9L0F1
B0C5QX2R2P,A3RIXSMCG9L0F1
B00BK7OPBM,A3RIXSMCG9L0F1
B0BMQCGT25,A3RIXSMCG9L0F1
B0CP24SV71,A3RIXSMCG9L0F1
B0BKQ7FC8H,A3RIXSMCG9L0F1
B07YHK1BYQ,A3RIXSMCG9L0F1
B07WPH968B,A3RIXSMCG9L0F1
B07VK4HWCY,A3RIXSMCG9L0F1
B07V6X2WVJ,A3RIXSMCG9L0F1
B07SJZ7Q47,A3RIXSMCG9L0F1
B07S487L3K,A3RIXSMCG9L0F1
B07R5RHXNW,A3RIXSMCG9L0F1
B07NQBDDD5,A3RIXSMCG9L0F1
B07MPWL8FK,A3RIXSMCG9L0F1
B0782B5D5D,A3RIXSMCG9L0F1
B076451VHL,A3RIXSMCG9L0F1
B074TBS6JB,A3RIXSMCG9L0F1
B01NAV1XDU,A3RIXSMCG9L0F1
B01N5NC7ZD,A3RIXSMCG9L0F1
B01D3BKCW8,A3RIXSMCG9L0F1
B01D37GEQA,A3RIXSMCG9L0F1
B0CMR52G7M,A3RIXSMCG9L0F1
B0CMQGCP5H,A3RIXSMCG9L0F1
B0CLY7R786,A3RIXSMCG9L0F1
B0CLXSLBJJ,A3RIXSMCG9L0F1
B0CLV7R4FB,A3RIXSMCG9L0F1
B0CKSTLN1B,A3RIXSMCG9L0F1
B0CJ9FNJ4C,A3RIXSMCG9L0F1
B0CJ6JP8H6,A3RIXSMCG9L0F1
B0CGVSGPQY,A3RIXSMCG9L0F1
B0CGRDPRXR,A3RIXSMCG9L0F1
B0CGMYJ6VB,A3RIXSMCG9L0F1
B0CG4VXB3Z,A3RIXSMCG9L0F1
B0CDX8SD7Y,A3RIXSMCG9L0F1
B0CD615FJ1,A3RIXSMCG9L0F1
B0CCNX6SX3,A3RIXSMCG9L0F1
B0CBQ49KKR,A3RIXSMCG9L0F1
B01829SUHK,A3RIXSMCG9L0F1
B00B9HXZJ6,A3RIXSMCG9L0F1
B0CBK793WM,A3RIXSMCG9L0F1
B0C9DYYRPN,A3RIXSMCG9L0F1
B0C8LYS6MV,A3RIXSMCG9L0F1
B0C7LB8PKP,A3RIXSMCG9L0F1
B0C6K772JR,A3RIXSMCG9L0F1
B0C655S1KT,A3RIXSMCG9L0F1
B0C23N3WVW,A3RIXSMCG9L0F1
B0BZJ9B58W,A3RIXSMCG9L0F1
B0BYYK3436,A3RIXSMCG9L0F1
B0BYNWGLN4,A3RIXSMCG9L0F1
B0BY8LXS3S,A3RIXSMCG9L0F1
B0BXFW43GG,A3RIXSMCG9L0F1
B0BWVB4CBJ,A3RIXSMCG9L0F1
B0BWHW99SJ,A3RIXSMCG9L0F1
B0BWHV9851,A3RIXSMCG9L0F1
B0BW3Q66B6,A3RIXSMCG9L0F1
B09HBBYDLJ,A3RIXSMCG9L0F1
B07YX5RVWL,A3RIXSMCG9L0F1
B077XZ245N,A3RIXSMCG9L0F1
B00M8V2GRO,A3RIXSMCG9L0F1
B0DSKQ92JC,A3RIXSMCG9L0F1
B0DSJ8B1LS,A3RIXSMCG9L0F1
B0DSCDBWW6,A3RIXSMCG9L0F1
B0DRD4R87X,A3RIXSMCG9L0F1
B0DQ56RQP3,A3RIXSMCG9L0F1
B0DPFCQ2P9,A3RIXSMCG9L0F1
B0DP2V7ZZ5,A3RIXSMCG9L0F1
B0DMSP6RM6,A3RIXSMCG9L0F1
B0DMRZ361G,A3RIXSMCG9L0F1
B0DLVXQBQX,A3RIXSMCG9L0F1
B0DLNRW61S,A3RIXSMCG9L0F1
B0DKT247CJ,A3RIXSMCG9L0F1
B0D3SZRS39,A3RIXSMCG9L0F1
B0D3HJZL8X,A3RIXSMCG9L0F1
B0D1RCMYPD,A3RIXSMCG9L0F1
B0D1Q6WDGV,A3RIXSMCG9L0F1
B0D1K9GQ9C,A3RIXSMCG9L0F1
B0CYWRM9TQ,A3RIXSMCG9L0F1
B0CY3QDVSC,A3RIXSMCG9L0F1
B0CXJ1YQWC,A3RIXSMCG9L0F1
B0CWLF1Y83,A3RIXSMCG9L0F1
B0CTKSBYTH,A3RIXSMCG9L0F1
B0CS64K76P,A3RIXSMCG9L0F1
B0CRG6PK47,A3RIXSMCG9L0F1
B0CPVHHQQH,A3RIXSMCG9L0F1
B0CPJVDCJX,A3RIXSMCG9L0F1
B0CP5JYB7Z,A3RIXSMCG9L0F1
B0CNXNBWWC,A3RIXSMCG9L0F1
B0BVBG63V8,A3RIXSMCG9L0F1
B0BV6Q31D3,A3RIXSMCG9L0F1
B0BQLPBRPD,A3RIXSMCG9L0F1
B0BQ2VDHLJ,A3RIXSMCG9L0F1
B0BNKSW8C2,A3RIXSMCG9L0F1
B0BN7CYFFL,A3RIXSMCG9L0F1
B0BMPZP3TF,A3RIXSMCG9L0F1
B0BMFFL6RS,A3RIXSMCG9L0F1
B0BKZM3359,A3RIXSMCG9L0F1
B0BKGZWQ98,A3RIXSMCG9L0F1
B0BHFFBXM1,A3RIXSMCG9L0F1
B0BGSYHSYB,A3RIXSMCG9L0F1
B0BFGV9D7J,A3RIXSMCG9L0F1
B0BCFH93FY,A3RIXSMCG9L0F1
B0BC94W7P6,A3RIXSMCG9L0F1
B0BC8RC2R5,A3RIXSMCG9L0F1
B08PDCXBVC,A3RIXSMCG9L0F1
B08P76MGJN,A3RIXSMCG9L0F1
B08P6PMLRY,A3RIXSMCG9L0F1
B08NT55C4H,A3RIXSMCG9L0F1
B08ND2QPLF,A3RIXSMCG9L0F1
B08JYLJGBT,A3RIXSMCG9L0F1
B08JTV12V4,A3RIXSMCG9L0F1
B08JLK7C99,A3RIXSMCG9L0F1
B08HW56ZKY,A3RIXSMCG9L0F1
B08GFWCG36,A3RIXSMCG9L0F1
B08FVWM8Z5,A3RIXSMCG9L0F1
B08FJ39NP3,A3RIXSMCG9L0F1
B08FDLTGJ8,A3RIXSMCG9L0F1
B08FC7752N,A3RIXSMCG9L0F1
B08DXSQ8RB,A3RIXSMCG9L0F1
B08DJ5Q5JC,A3RIXSMCG9L0F1
B0DJZTVWGD,A3RIXSMCG9L0F1
B0DHRCR4TN,A3RIXSMCG9L0F1
B0DGXSL8VL,A3RIXSMCG9L0F1
B0DF2FVKHT,A3RIXSMCG9L0F1
B0D9PYVP1S,A3RIXSMCG9L0F1
B0D9PXRSM3,A3RIXSMCG9L0F1
B0D9N7WBSX,A3RIXSMCG9L0F1
B0D8TCL9TY,A3RIXSMCG9L0F1
B0D8TBS52F,A3RIXSMCG9L0F1
B0D8L1XPZ3,A3RIXSMCG9L0F1
B0D733HS8F,A3RIXSMCG9L0F1
B0D62P1GK9,A3RIXSMCG9L0F1
B0D62NN1FD,A3RIXSMCG9L0F1
B0D5R34L2W,A3RIXSMCG9L0F1
B0D3XMYMZR,A3RIXSMCG9L0F1
B0D3T63LN5,A3RIXSMCG9L0F1
B09GM2TK58,A3RIXSMCG9L0F1
B09FLF1181,A3RIXSMCG9L0F1
B09DK6GPRV,A3RIXSMCG9L0F1
B09BBVXD95,A3RIXSMCG9L0F1
B09BB1QHBC,A3RIXSMCG9L0F1
B099DRQJ58,A3RIXSMCG9L0F1
B09925Y1H7,A3RIXSMCG9L0F1
B0991SLCK5,A3RIXSMCG9L0F1
B098DZ4XTG,A3RIXSMCG9L0F1
B098CK5WH1,A3RIXSMCG9L0F1
B097F5X56W,A3RIXSMCG9L0F1
B095CB2HR5,A3RIXSMCG9L0F1
B08X1KKMLV,A3RIXSMCG9L0F1
B08QVJ4B6G,A3RIXSMCG9L0F1
B08QMYQSFM,A3RIXSMCG9L0F1
B08QD6S7CD,A3RIXSMCG9L0F1
B09WYVR7HK,A3RIXSMCG9L0F1
B09WRM66MB,A3RIXSMCG9L0F1
B09VTM7TG6,A3RIXSMCG9L0F1
B09VK2J89H,A3RIXSMCG9L0F1
B09TRSRWPJ,A3RIXSMCG9L0F1
B09TK4V91G,A3RIXSMCG9L0F1
B09T6F88JB,A3RIXSMCG9L0F1
B09Q2NDHJG,A3RIXSMCG9L0F1
B09PKMRV86,A3RIXSMCG9L0F1
B09P2M1TWX,A3RIXSMCG9L0F1
B09MF3JHP8,A3RIXSMCG9L0F1
B09M86J62S,A3RIXSMCG9L0F1
B09JSRG7KN,A3RIXSMCG9L0F1
B09JKDMC6F,A3RIXSMCG9L0F1
B09J8P6LXS,A3RIXSMCG9L0F1
B0BBKMB9HS,A3RIXSMCG9L0F1
B0B8DMTZF8,A3RIXSMCG9L0F1
B0B7W2BYG7,A3RIXSMCG9L0F1
B0B7Q5MSXV,A3RIXSMCG9L0F1
B0B772KNRF,A3RIXSMCG9L0F1
B0B6JKJDYS,A3RIXSMCG9L0F1
B0B68N4CXW,A3RIXSMCG9L0F1
B0B3SXLCS8,A3RIXSMCG9L0F1
B0B38TV23F,A3RIXSMCG9L0F1
B0B27V1MYV,A3RIXSMCG9L0F1
B0B27QZ789,A3RIXSMCG9L0F1
B0B1M621XQ,A3RIXSMCG9L0F1
B09ZQ7RK8N,A3RIXSMCG9L0F1
B09YR226PY,A3RIXSMCG9L0F1
B09XVC5H4F,A3RIXSMCG9L0F1
B09XDNP6B6,A3RIXSMCG9L0F1
B08CNKPJD3,A3RIXSMCG9L0F1
B08CNK56KK,A3RIXSMCG9L0F1
B08979Z8FP,A3RIXSMCG9L0F1
B085XS3NGH,A3RIXSMCG9L0F1
B083QRJ46Q,A3RIXSMCG9L0F1
B07ZGF3F81,A3RIXSMCG9L0F1
B07ZD7PQQ5,A3RIXSMCG9L0F1
B07YD18T2R,A3RIXSMCG9L0F1
B07WHF1Y8V,A3RIXSMCG9L0F1
B07VRBH4QM,A3RIXSMCG9L0F1
B07QF7M9QT,A3RIXSMCG9L0F1
B07PXW8ZQG,A3RIXSMCG9L0F1
B07PMJ95R3,A3RIXSMCG9L0F1
B07MX22JKH,A3RIXSMCG9L0F1
B07LHMDZ5F,A3RIXSMCG9L0F1
B07LGS5LP6,A3RIXSMCG9L0F1
B07J9JSCMK,A3RIXSMCG9L0F1
B07CMSZ7VR,A3RIXSMCG9L0F1
B075Z19V68,A3RIXSMCG9L0F1
B075VD1CX9,A3RIXSMCG9L0F1
B075LC4Z3R,A3RIXSMCG9L0F1
B072LXTKGR,A3RIXSMCG9L0F1
B071K93D4X,A3RIXSMCG9L0F1
B06XD84VWL,A3RIXSMCG9L0F1
B01LDXRIKM,A3RIXSMCG9L0F1
B01DXWVEC4,A3RIXSMCG9L0F1
B01D2778VQ,A3RIXSMCG9L0F1
B01C7IU4U8,A3RIXSMCG9L0F1
B00N57OC68,A3RIXSMCG9L0F1
B004NQ2CJO,A3RIXSMCG9L0F1
B00448QA9E,A3RIXSMCG9L0F1
B0CSD4P5J4,A3RIXSMCG9L0F1
B09M74BDKB,A3RIXSMCG9L0F1
B09V6KMQLK,A3RIXSMCG9L0F1
B08BJQHFPN,A3RIXSMCG9L0F1
B01M74QXWK,A3RIXSMCG9L0F1
B07PM5QH4J,A3RIXSMCG9L0F1
B08DFHWWKJ,A3RIXSMCG9L0F1
B0DLVRCYDR,A3RIXSMCG9L0F1
B0DHK7DCMB,A3RIXSMCG9L0F1
B0D4DJ6V6J,A3RIXSMCG9L0F1
B0CRDMQCDS,A3RIXSMCG9L0F1
B0CR3QXCM9,A3RIXSMCG9L0F1
B0CR1KNYMY,A3RIXSMCG9L0F1
B0CM24YF8P,A3RIXSMCG9L0F1
B0CHW3Q7TJ,A3RIXSMCG9L0F1
B0CF2G4R6J,A3RIXSMCG9L0F1
B0CJM2WXST,A3RIXSMCG9L0F1
B0C1BB7ZQV,A3RIXSMCG9L0F1
B0BBYYLVP6,A3RIXSMCG9L0F1
B0B31GB1DH,A3RIXSMCG9L0F1
B09CGS2J8Z,A3RIXSMCG9L0F1
B097MNSV75,A3RIXSMCG9L0F1
B084SWFPS4,A3RIXSMCG9L0F1
B00B9EK2KE,A3RIXSMCG9L0F1
B0DSFXHVNT,A3RIXSMCG9L0F1
B0DQKCJ3SV,A3RIXSMCG9L0F1
B0DPWPZJ9X,A3RIXSMCG9L0F1
B0DN5C59H3,A3RIXSMCG9L0F1
B0DHZNJB3Q,A3RIXSMCG9L0F1
B0DCN8K5SQ,A3RIXSMCG9L0F1
B0DBYK81YK,A3RIXSMCG9L0F1
B0D8Q6DLVT,A3RIXSMCG9L0F1
B0BC1HX4MG,A3RIXSMCG9L0F1
B08V75DS68,A3RIXSMCG9L0F1
B0B74DV39B,A3RIXSMCG9L0F1
B0BTW6ZYPM,A3RIXSMCG9L0F1
B08CHMNM5L,A3RIXSMCG9L0F1
B089SN98TN,A3RIXSMCG9L0F1
B0BKZ1KXJ6,A3RIXSMCG9L0F1
B097Q6C4TM,A3RIXSMCG9L0F1
B09PNMLBZP,A3RIXSMCG9L0F1
B091HZSXYC,A3RIXSMCG9L0F1
B09YRGDCP6,A3RIXSMCG9L0F1
B09TGNNHSL,A3RIXSMCG9L0F1
B07NQLXG8Y,A3RIXSMCG9L0F1
B074JCS4SC,A3RIXSMCG9L0F1
B0DGPZ6MPS,A3RIXSMCG9L0F1
B0CW67CJ8R,A3RIXSMCG9L0F1
B0D7W35R4Z,A3RIXSMCG9L0F1
B0D78MGV5W,A3RIXSMCG9L0F1
B0D5Y3CQ6H,A3RIXSMCG9L0F1
B0D5XLXHVQ,A3RIXSMCG9L0F1
B0D5D43GRH,A3RIXSMCG9L0F1
B0D47FNPJR,A3RIXSMCG9L0F1
B0D2M64ZQH,A3RIXSMCG9L0F1
B0D13XZWF7,A3RIXSMCG9L0F1
B0CYSK9T84,A3RIXSMCG9L0F1
B0CY82XH48,A3RIXSMCG9L0F1
B0CXWJPZ3V,A3RIXSMCG9L0F1
B0CWXY2F4K,A3RIXSMCG9L0F1
B0CW1RCLSS,A3RIXSMCG9L0F1
B0CVZTR4VG,A3RIXSMCG9L0F1
B0CT7B7TSN,A3RIXSMCG9L0F1
B0CSYW4Q6G,A3RIXSMCG9L0F1
B0CSSHPZX5,A3RIXSMCG9L0F1
B0CRL93J9S,A3RIXSMCG9L0F1
B0CML4GNQ6,A3RIXSMCG9L0F1
B0CM9L9S7F,A3RIXSMCG9L0F1
B0CJ9J8CP8,A3RIXSMCG9L0F1
B0CJ8JH118,A3RIXSMCG9L0F1
B0CGDGXNLV,A3RIXSMCG9L0F1
B0CD7R76C7,A3RIXSMCG9L0F1
B0CC2SY52Q,A3RIXSMCG9L0F1
B0CBTZ96SZ,A3RIXSMCG9L0F1
B0C8TJT4VZ,A3RIXSMCG9L0F1
B0C7MMNNSQ,A3RIXSMCG9L0F1
B0C5HGKQY9,A3RIXSMCG9L0F1
B0C3GN9YQ5,A3RIXSMCG9L0F1
B0C1YPYFXQ,A3RIXSMCG9L0F1
B0BX368BFT,A3RIXSMCG9L0F1
B0B3MP68FP,A3RIXSMCG9L0F1
B0B3HSSX7P,A3RIXSMCG9L0F1
B09ZTMNNQZ,A3RIXSMCG9L0F1
B09YK99F21,A3RIXSMCG9L0F1
B09WCY296Y,A3RIXSMCG9L0F1
B09VZ5N54Y,A3RIXSMCG9L0F1
B09VFJ36B9,A3RIXSMCG9L0F1
B09TXNNYHD,A3RIXSMCG9L0F1
B09QZQTP9S,A3RIXSMCG9L0F1
B09MN5TKT6,A3RIXSMCG9L0F1
B09KXNV5YC,A3RIXSMCG9L0F1
B09G32PYH3,A3RIXSMCG9L0F1
B0986S7LW7,A3RIXSMCG9L0F1
B0944BSHHZ,A3RIXSMCG9L0F1
B0921RBL4T,A3RIXSMCG9L0F1
B091DNJJGR,A3RIXSMCG9L0F1
B07VNLFV65,A3RIXSMCG9L0F1
B07TV1WKFM,A3RIXSMCG9L0F1
B07QF3KFZQ,A3RIXSMCG9L0F1
B07QC6YC75,A3RIXSMCG9L0F1
B07KXHRSY9,A3RIXSMCG9L0F1
B0753SQW1Q,A3RIXSMCG9L0F1
B01D9T17RI,A3RIXSMCG9L0F1
B00EVPOGE6,A3RIXSMCG9L0F1
B09C5JJVMY,A3RIXSMCG9L0F1
B08CSCKK1D,A3RIXSMCG9L0F1
B07CTLPN2V,A3RIXSMCG9L0F1
B0D6TZFSHP,A3RIXSMCG9L0F1
B0CL3YMHHK,A3RIXSMCG9L0F1
B08QR37ZLM,A3RIXSMCG9L0F1
B09BBGSVBD,A3RIXSMCG9L0F1
B0DLN3VX7J,A3RIXSMCG9L0F1
B07BVVFZMK,A3RIXSMCG9L0F1
B0DHRKGKKR,A3RIXSMCG9L0F1
B0C33DB4VP,A3RIXSMCG9L0F1
B0DBDK5MF5,A3RIXSMCG9L0F1
B0DGWYNWMJ,A3RIXSMCG9L0F1
B0D7GMH1X3,A3RIXSMCG9L0F1
B0CS3L6BHJ,A3RIXSMCG9L0F1
B0CYNX7PRF,A3RIXSMCG9L0F1
B08Y15TQLC,A3RIXSMCG9L0F1
B0CYGWDS1K,A3RIXSMCG9L0F1
B0BL93X2BB,A3RIXSMCG9L0F1
B0CG95TNHV,A3RIXSMCG9L0F1
B09STT24QG,A3RIXSMCG9L0F1
B0C1W44KVL,A3RIXSMCG9L0F1
B0921QP3B6,A3RIXSMCG9L0F1
B0BW94WMSP,A3RIXSMCG9L0F1
B0B7CDM11Y,A3RIXSMCG9L0F1
B0B1CZJH24,A3RIXSMCG9L0F1
B0C4VR5BM5,A3RIXSMCG9L0F1
B09ZKTXW9D,A3RIXSMCG9L0F1
B0B2VS8M8H,A3RIXSMCG9L0F1
B09B5X9JPK,A3RIXSMCG9L0F1
B01G5B5GM4,A3RIXSMCG9L0F1
B096FV61VD,A3RIXSMCG9L0F1
B0BWYGL3JT,A3RIXSMCG9L0F1
B0BVJ553P6,A3RIXSMCG9L0F1
B0BV5XCGFV,A3RIXSMCG9L0F1
B0BTSY3TV6,A3RIXSMCG9L0F1
B0BQHV7J47,A3RIXSMCG9L0F1
B0BKL2Y9N6,A3RIXSMCG9L0F1
B0BGN8LWW1,A3RIXSMCG9L0F1
B0BFTHWW48,A3RIXSMCG9L0F1
B0BDRT75YM,A3RIXSMCG9L0F1
B0BC53JT84,A3RIXSMCG9L0F1
B0B9T1Q9M1,A3RIXSMCG9L0F1
B0B8TMH4CW,A3RIXSMCG9L0F1
B0B84JHV1X,A3RIXSMCG9L0F1
B0B83PH8RJ,A3RIXSMCG9L0F1
B0B6FSPC3L,A3RIXSMCG9L0F1
B0B4JVP7SR,A3RIXSMCG9L0F1
B0BY2J23YZ,A3RIXSMCG9L0F1
B095SHR879,A3RIXSMCG9L0F1
B0859J13LT,A3RIXSMCG9L0F1
B0949517XL,A3RIXSMCG9L0F1
B08FYF3CBD,A3RIXSMCG9L0F1
B08XWT2QDC,A3RIXSMCG9L0F1
B0BN4PWD5N,A3RIXSMCG9L0F1
B08XN4FXHP,A3RIXSMCG9L0F1
B0B87BKFBY,A3RIXSMCG9L0F1
B08XMCCVWL,A3RIXSMCG9L0F1
B08B1JNYJ2,A3RIXSMCG9L0F1
B08RMNNNTG,A3RIXSMCG9L0F1
B0BNT2J5ML,A3RIXSMCG9L0F1
B08Q8B5C1K,A3RIXSMCG9L0F1
B08VBVFC3C,A3RIXSMCG9L0F1
B08PNY2XJ8,A3RIXSMCG9L0F1
B085NVDZDG,A3RIXSMCG9L0F1
B081YGFSWN,A3RIXSMCG9L0F1
B074FYM1XR,A3RIXSMCG9L0F1
B07MX613V5,A3RIXSMCG9L0F1
B09VBZX3VR,A3RIXSMCG9L0F1
B07JF6QW6Q,A3RIXSMCG9L0F1
B0819HQ5BM,A3RIXSMCG9L0F1
B07GDW3MBQ,A3RIXSMCG9L0F1
B0B715KCV4,A3RIXSMCG9L0F1
B077F2KPXW,A3RIXSMCG9L0F1
B0B1N469VP,A3RIXSMCG9L0F1
B01MCZFLEN,A3RIXSMCG9L0F1
B08PCR73HK,A3RIXSMCG9L0F1
B00B5886FM,A3RIXSMCG9L0F1
B00PYDOLXA,A3RIXSMCG9L0F1
B0DTK95WJ3,A3RIXSMCG9L0F1
B0DT9GX2CD,A3RIXSMCG9L0F1
B0DSP39SMQ,A3RIXSMCG9L0F1
B0DSFRQSVY,A3RIXSMCG9L0F1
B0DS5HWLK3,A3RIXSMCG9L0F1
B0DPN1KCGJ,A3RIXSMCG9L0F1
B0DKWLH5ZG,A3RIXSMCG9L0F1
B0DK2J3Y6Z,A3RIXSMCG9L0F1
B0DGKTR4P3,A3RIXSMCG9L0F1
B0DGKT8SVK,A3RIXSMCG9L0F1
B0DGGNX8K7,A3RIXSMCG9L0F1
B0DG8DS2XH,A3RIXSMCG9L0F1
B0DFPGJ8QG,A3RIXSMCG9L0F1
B0DFLZ9DTF,A3RIXSMCG9L0F1
B0DFGXRSZ6,A3RIXSMCG9L0F1
B0DDXJ1RWB,A3RIXSMCG9L0F1
B0DDPYG9HZ,A3RIXSMCG9L0F1
B0DCZMW8NG,A3RIXSMCG9L0F1
B0D9P7JY1D,A3RIXSMCG9L0F1
B0D97TFVLH,A3RIXSMCG9L0F1
B0D92N2VFG,A3RIXSMCG9L0F1
B0D8KTHMFW,A3RIXSMCG9L0F1
B0D7CC9QFB,A3RIXSMCG9L0F1
B0D6VVCQB4,A3RIXSMCG9L0F1
B0D47841M1,A3RIXSMCG9L0F1
B0D41W44FM,A3RIXSMCG9L0F1
B0D3X7G36S,A3RIXSMCG9L0F1
B0D12LF1H1,A3RIXSMCG9L0F1
B0CZ39WSCT,A3RIXSMCG9L0F1
B0CYGJ3FM2,A3RIXSMCG9L0F1
B0CXXZ99YD,A3RIXSMCG9L0F1
B0CXJG8XZQ,A3RIXSMCG9L0F1
B0CVXC3WLH,A3RIXSMCG9L0F1
B0CV1Q88H5,A3RIXSMCG9L0F1
B0CT3HK5F5,A3RIXSMCG9L0F1
B0CSXG2Y1Y,A3RIXSMCG9L0F1
B0CRHBWNL4,A3RIXSMCG9L0F1
B0CNGK1GBF,A3RIXSMCG9L0F1
B0CLWMRLB5,A3RIXSMCG9L0F1
B0CLVL8FKZ,A3RIXSMCG9L0F1
B0CLGTKGJ7,A3RIXSMCG9L0F1
B0CKWFRW2Z,A3RIXSMCG9L0F1
B0CK2H4VCF,A3RIXSMCG9L0F1
B0CJ7271Y2,A3RIXSMCG9L0F1
B0CHYX4DM6,A3RIXSMCG9L0F1
B0CHHV85TG,A3RIXSMCG9L0F1
B0CH35L935,A3RIXSMCG9L0F1
B0CGNBLP1M,A3RIXSMCG9L0F1
B0CG9DWHP1,A3RIXSMCG9L0F1
B0CG5S6MFJ,A3RIXSMCG9L0F1
B0CFB5F3W4,A3RIXSMCG9L0F1
B0CF8M4DP3,A3RIXSMCG9L0F1
B0CDQ5QLBD,A3RIXSMCG9L0F1
B0CCN7NL1L,A3RIXSMCG9L0F1
B0CC21BY55,A3RIXSMCG9L0F1
B0CC1VSXPL,A3RIXSMCG9L0F1
B0CBTLTLR5,A3RIXSMCG9L0F1
B0CBS4YCPG,A3RIXSMCG9L0F1
B0CBPJMR6S,A3RIXSMCG9L0F1
B0CBJW31YP,A3RIXSMCG9L0F1
B0C9QBPZ5N,A3RIXSMCG9L0F1
B0C9BQ9RSL,A3RIXSMCG9L0F1
B0C99284T5,A3RIXSMCG9L0F1
B0C7MDYMXX,A3RIXSMCG9L0F1
B0C3VMSTJL,A3RIXSMCG9L0F1
B0C3MBHCCR,A3RIXSMCG9L0F1
B0C2KBW9JQ,A3RIXSMCG9L0F1
B0C2DBD7L9,A3RIXSMCG9L0F1
B0BWRW8G4H,A3RIXSMCG9L0F1
B0BW7PVGZK,A3RIXSMCG9L0F1
B0BS2382RY,A3RIXSMCG9L0F1
B0BR92H8F5,A3RIXSMCG9L0F1
B0BNQB1FQQ,A3RIXSMCG9L0F1
B0BNDCL9FP,A3RIXSMCG9L0F1
B0BN42YP2M,A3RIXSMCG9L0F1
B0BL779WVQ,A3RIXSMCG9L0F1
B0BL6TK6J7,A3RIXSMCG9L0F1
B0BGQG2G7S,A3RIXSMCG9L0F1
B0BCKJFFGZ,A3RIXSMCG9L0F1
B0BBLSNXGF,A3RIXSMCG9L0F1
B0B9R715ZQ,A3RIXSMCG9L0F1
B0B9QV7V6L,A3RIXSMCG9L0F1
B0B9LDN431,A3RIXSMCG9L0F1
B0B93K13H9,A3RIXSMCG9L0F1
B0B8QHTRJR,A3RIXSMCG9L0F1
B0B7MJVV61,A3RIXSMCG9L0F1
B0B77WBGS3,A3RIXSMCG9L0F1
B0B6RFJK2X,A3RIXSMCG9L0F1
B0B6P8TX2B,A3RIXSMCG9L0F1
B0B4QNZ2YF,A3RIXSMCG9L0F1
B0B4BZL33F,A3RIXSMCG9L0F1
B0B28YB73N,A3RIXSMCG9L0F1
B0B1M4TND2,A3RIXSMCG9L0F1
B0B1M2X684,A3RIXSMCG9L0F1
B0B1C2P1PC,A3RIXSMCG9L0F1
B09ZXS27JF,A3RIXSMCG9L0F1
B09ZV1YMY9,A3RIXSMCG9L0F1
B091CBLCG1,A3RIXSMCG9L0F1
B08XM5DFLJ,A3RIXSMCG9L0F1
B08QCJ9QMV,A3RIXSMCG9L0F1
B08QCJ3H9V,A3RIXSMCG9L0F1
B08M3NCBJZ,A3RIXSMCG9L0F1
B08LGTY1ZQ,A3RIXSMCG9L0F1
B08L69BB36,A3RIXSMCG9L0F1
B08JMCDNP1,A3RIXSMCG9L0F1
B08G1W3HZC,A3RIXSMCG9L0F1
B08F3XHL3D,A3RIXSMCG9L0F1
B0888666GG,A3RIXSMCG9L0F1
B0885X9JCW,A3RIXSMCG9L0F1
B0876GHYLX,A3RIXSMCG9L0F1
B086D8FYVF,A3RIXSMCG9L0F1
B085KYS8Z7,A3RIXSMCG9L0F1
B07X5ZHQGR,A3RIXSMCG9L0F1
B09T7156YS,A3RIXSMCG9L0F1
B09QZHC9FR,A3RIXSMCG9L0F1
B09P592V12,A3RIXSMCG9L0F1
B09N8RFGR1,A3RIXSMCG9L0F1
B09N3FVQ43,A3RIXSMCG9L0F1
B09JP2SPWD,A3RIXSMCG9L0F1
B09GNC5T1H,A3RIXSMCG9L0F1
B09GNB2FNR,A3RIXSMCG9L0F1
B09GN9CT51,A3RIXSMCG9L0F1
B09DK86L57,A3RIXSMCG9L0F1
B09BFMMH11,A3RIXSMCG9L0F1
B09B3RXS61,A3RIXSMCG9L0F1
B098P3288M,A3RIXSMCG9L0F1
B0983R1DZY,A3RIXSMCG9L0F1
B097GSPYCQ,A3RIXSMCG9L0F1
B095XMM8TQ,A3RIXSMCG9L0F1
B09ZF4DNX9,A3RIXSMCG9L0F1
B09Z9H6RF7,A3RIXSMCG9L0F1
B09Z29G2WY,A3RIXSMCG9L0F1
B09YRR4X97,A3RIXSMCG9L0F1
B09Y5QCGLF,A3RIXSMCG9L0F1
B09X2JRKTL,A3RIXSMCG9L0F1
B09X2J87GZ,A3RIXSMCG9L0F1
B09X16TVY1,A3RIXSMCG9L0F1
B09WTSHGYB,A3RIXSMCG9L0F1
B09VSTXZYJ,A3RIXSMCG9L0F1
B09VPKGBN3,A3RIXSMCG9L0F1
B09VBF93KS,A3RIXSMCG9L0F1
B09V7RY5VT,A3RIXSMCG9L0F1
B09V53WB3H,A3RIXSMCG9L0F1
B09TKGVYH7,A3RIXSMCG9L0F1
B09TKFYXS9,A3RIXSMCG9L0F1
B095VXSMX3,A3RIXSMCG9L0F1
B0957G9MVF,A3RIXSMCG9L0F1
B09538ZM1Q,A3RIXSMCG9L0F1
B094VF437P,A3RIXSMCG9L0F1
B093V7YHRQ,A3RIXSMCG9L0F1
B093F5HB6P,A3RIXSMCG9L0F1
B092VFP979,A3RIXSMCG9L0F1
B0923HZ1S5,A3RIXSMCG9L0F1
B091T3ZLW7,A3RIXSMCG9L0F1
B08ZS76VD6,A3RIXSMCG9L0F1
B08ZH7R2FY,A3RIXSMCG9L0F1
B08YKH2VS5,A3RIXSMCG9L0F1
B08Y8P2GBH,A3RIXSMCG9L0F1
B08XM522ZZ,A3RIXSMCG9L0F1
B08X1JGT72,A3RIXSMCG9L0F1
B08TM8NJ3P,A3RIXSMCG9L0F1
B08RYNKFXY,A3RIXSMCG9L0F1
B08RHGQVGK,A3RIXSMCG9L0F1
B08R72DVKP,A3RIXSMCG9L0F1
B08QMPN3W4,A3RIXSMCG9L0F1
B08QHTV5GR,A3RIXSMCG9L0F1
B08PBVWQV2,A3RIXSMCG9L0F1
B08P72NXTN,A3RIXSMCG9L0F1
B08NT2BL36,A3RIXSMCG9L0F1
B08N4V6QDF,A3RIXSMCG9L0F1
B08L4DFXBL,A3RIXSMCG9L0F1
B08HSY4TWS,A3RIXSMCG9L0F1
B08H5S9H9G,A3RIXSMCG9L0F1
B08G13QK5X,A3RIXSMCG9L0F1
B08F3CM26P,A3RIXSMCG9L0F1
B08DD751PB,A3RIXSMCG9L0F1
B08CVFDX4X,A3RIXSMCG9L0F1
B08CS4NPQ7,A3RIXSMCG9L0F1
B08B8N7XY2,A3RIXSMCG9L0F1
B08B4CC6CH,A3RIXSMCG9L0F1
B088D7WWCH,A3RIXSMCG9L0F1
B0886434QD,A3RIXSMCG9L0F1
B086DPGWVT,A3RIXSMCG9L0F1
B084BWYRM9,A3RIXSMCG9L0F1
B083NFNYY2,A3RIXSMCG9L0F1
B083JSVZ1V,A3RIXSMCG9L0F1
B082G44ZF7,A3RIXSMCG9L0F1
B0825S1ZTP,A3RIXSMCG9L0F1
B07ZFD51WX,A3RIXSMCG9L0F1
B07Y6S8237,A3RIXSMCG9L0F1
B07XNWBZTB,A3RIXSMCG9L0F1
B07X9VZW7H,A3RIXSMCG9L0F1
B07S917WDB,A3RIXSMCG9L0F1
B071YVDMK3,A3RIXSMCG9L0F1
B06W52X5TV,A3RIXSMCG9L0F1
B06VX2V75Y,A3RIXSMCG9L0F1
B01IDYJ4QK,A3RIXSMCG9L0F1
B01AN1OR9K,A3RIXSMCG9L0F1
B0159HYB3U,A3RIXSMCG9L0F1
B013VXK85O,A3RIXSMCG9L0F1
B0131DZOC6,A3RIXSMCG9L0F1
B00SWRM2Z4,A3RIXSMCG9L0F1
B00IT9QIM8,A3RIXSMCG9L0F1
B002R6EN4O,A3RIXSMCG9L0F1
B001FGRA56,A3RIXSMCG9L0F1
B001FC2MM6,A3RIXSMCG9L0F1
B001B8P9LU,A3RIXSMCG9L0F1
B0BNH393GG,A3RIXSMCG9L0F1
B07D7LX9FZ,A3RIXSMCG9L0F1
B09LTSLVGR,A3RIXSMCG9L0F1
B0DK4R6C5H,A3RIXSMCG9L0F1
B07V1DRLM8,A3RIXSMCG9L0F1
B0DHTXG1D9,A3RIXSMCG9L0F1
B00M3OP77W,A3RIXSMCG9L0F1
B0DBH4SB7Q,A3RIXSMCG9L0F1
B083XD12JQ,A3RIXSMCG9L0F1
B0DBDP6GXT,A3RIXSMCG9L0F1
B01D0P894K,A3RIXSMCG9L0F1
B0D8JSJ3T2,A3RIXSMCG9L0F1
B0BW96CH8Q,A3RIXSMCG9L0F1
B0D69YN22B,A3RIXSMCG9L0F1
B08KD1YN9F,A3RIXSMCG9L0F1
B0D2918WZD,A3RIXSMCG9L0F1
B07S89FWGL,A3RIXSMCG9L0F1
B07S7NQQ42,A3RIXSMCG9L0F1
B07R9JXRFY,A3RIXSMCG9L0F1
B07MMSJDKC,A3RIXSMCG9L0F1
B07KZHY3FH,A3RIXSMCG9L0F1
B07H8F447D,A3RIXSMCG9L0F1
B07H1NKPBP,A3RIXSMCG9L0F1
B07GJX4M88,A3RIXSMCG9L0F1
B07G443X58,A3RIXSMCG9L0F1
B07BSXLCZ7,A3RIXSMCG9L0F1
B078J69N12,A3RIXSMCG9L0F1
B076MS5CRX,A3RIXSMCG9L0F1
B0755P47VH,A3RIXSMCG9L0F1
B0752TNJ1S,A3RIXSMCG9L0F1
B073W823QJ,A3RIXSMCG9L0F1
B072359HWL,A3RIXSMCG9L0F1
B07MKCMD82,A3RIXSMCG9L0F1
B0D1G7NZGK,A3RIXSMCG9L0F1
B09XBH69TR,A3RIXSMCG9L0F1
B0CZXJP8CV,A3RIXSMCG9L0F1
B07WMZM75C,A3RIXSMCG9L0F1
B0CZ35NJRH,A3RIXSMCG9L0F1
B0C7KRGLVP,A3RIXSMCG9L0F1
B0CYL7QS8R,A3RIXSMCG9L0F1
B0B2R5JHG5,A3RIXSMCG9L0F1
B0CK5R8XRX,A3RIXSMCG9L0F1
B07Y7SRVHD,A3RIXSMCG9L0F1
B0BXP47VPS,A3RIXSMCG9L0F1
B08Q4F3PDT,A3RIXSMCG9L0F1
B0BNVX9N4P,A3RIXSMCG9L0F1
B07WJFN7ZP,A3RIXSMCG9L0F1
B0BML4JRW5,A3RIXSMCG9L0F1
B01BH408QS,A3RIXSMCG9L0F1
B0BML1ZWGW,A3RIXSMCG9L0F1
B0DBHPYTQZ,A3RIXSMCG9L0F1
B09Q2XXB4G,A3RIXSMCG9L0F1
B0D291FJ58,A3RIXSMCG9L0F1
B09Q1837JY,A3RIXSMCG9L0F1
B0BN7FY2KL,A3RIXSMCG9L0F1
B091C75WTJ,A3RIXSMCG9L0F1
B09RNC53X3,A3RIXSMCG9L0F1
B08V4X5NCT,A3RIXSMCG9L0F1
B0D4LP9TJD,A3RIXSMCG9L0F1
B082J6PZRL,A3RIXSMCG9L0F1
B0D45GFQVQ,A3RIXSMCG9L0F1
B07YBYD3HH,A3RIXSMCG9L0F1
B0CQCX6YYG,A3RIXSMCG9L0F1
B07QM688N8,A3RIXSMCG9L0F1
B0BJV133KG,A3RIXSMCG9L0F1
B07QJ3WGZP,A3RIXSMCG9L0F1
B09ZHSMTKR,A3RIXSMCG9L0F1
B07K9CGGLG,A3RIXSMCG9L0F1
B09QG2QQNF,A3RIXSMCG9L0F1
B01M66HQND,A3RIXSMCG9L0F1
B09L13Z5FF,A3RIXSMCG9L0F1
B01BN4GKF0,A3RIXSMCG9L0F1
B07XZ6T63H,A3RIXSMCG9L0F1
B07XGFKM9G,A3RIXSMCG9L0F1
B01N3K0HWM,A3RIXSMCG9L0F1
B019ND42PI,A3RIXSMCG9L0F1
B009NN31VK,A3RIXSMCG9L0F1
B0DT47KS7W,A3RIXSMCG9L0F1
B0DT1MQRZX,A3RIXSMCG9L0F1
B0DQWY2BND,A3RIXSMCG9L0F1
B0DP79K4WB,A3RIXSMCG9L0F1
B0DP1ZBLTT,A3RIXSMCG9L0F1
B0DNHL7BQN,A3RIXSMCG9L0F1
B0DKBQS37P,A3RIXSMCG9L0F1
B0DK963JVT,A3RIXSMCG9L0F1
B0DJGKT54C,A3RIXSMCG9L0F1
B0DJ4Q8SCQ,A3RIXSMCG9L0F1
B0DG8GWRQF,A3RIXSMCG9L0F1
B0DG87WGF7,A3RIXSMCG9L0F1
B0DDPMCW6M,A3RIXSMCG9L0F1
B0DC4MFGL5,A3RIXSMCG9L0F1
B0DBHQPZG1,A3RIXSMCG9L0F1
B0DB7QSN5K,A3RIXSMCG9L0F1
B0DB5RWNQ6,A3RIXSMCG9L0F1
B0D9QW5HWM,A3RIXSMCG9L0F1
B0D93S48T4,A3RIXSMCG9L0F1
B0D7CZC3LH,A3RIXSMCG9L0F1
B0D7BQ7BGR,A3RIXSMCG9L0F1
B0D76X7235,A3RIXSMCG9L0F1
B0D69WMRYR,A3RIXSMCG9L0F1
B0D67FWCKK,A3RIXSMCG9L0F1
B0D5HQ7BVV,A3RIXSMCG9L0F1
B0D56PGJ51,A3RIXSMCG9L0F1
B0D4YNNNGK,A3RIXSMCG9L0F1
B0D47B1S44,A3RIXSMCG9L0F1
B0D45G9WS2,A3RIXSMCG9L0F1
B0D3KVST7X,A3RIXSMCG9L0F1
B0D3D7XP2G,A3RIXSMCG9L0F1
B0D2XNMFCR,A3RIXSMCG9L0F1
B0D28FQYFJ,A3RIXSMCG9L0F1
B0D1K3XHSP,A3RIXSMCG9L0F1
B0D1FQ6B1R,A3RIXSMCG9L0F1
B0CZHMRSWJ,A3RIXSMCG9L0F1
B0CZC9MP8B,A3RIXSMCG9L0F1
B0CYPSQYNR,A3RIXSMCG9L0F1
B0CXXXQ573,A3RIXSMCG9L0F1
B0CXWVW859,A3RIXSMCG9L0F1
B0CWTS6X11,A3RIXSMCG9L0F1
B0CTZW62W6,A3RIXSMCG9L0F1
B0CSST2TX2,A3RIXSMCG9L0F1
B0CSDNFMQ4,A3RIXSMCG9L0F1
B0CQBSD2F4,A3RIXSMCG9L0F1
B0CQ1Y44PM,A3RIXSMCG9L0F1
B0CNVQYPTY,A3RIXSMCG9L0F1
B0CMYYQG4G,A3RIXSMCG9L0F1
B0CMTBKDKH,A3RIXSMCG9L0F1
B0CMPVW8B3,A3RIXSMCG9L0F1
B0CKN1P2JR,A3RIXSMCG9L0F1
B0C7QQQ8V9,A3RIXSMCG9L0F1
B0C77RDT9J,A3RIXSMCG9L0F1
B0C73YR3PN,A3RIXSMCG9L0F1
B0C58XFM88,A3RIXSMCG9L0F1
B0C53ZZMPB,A3RIXSMCG9L0F1
B0C4B5ST9C,A3RIXSMCG9L0F1
B0BZCYB5PX,A3RIXSMCG9L0F1
B0BZ88GKBS,A3RIXSMCG9L0F1
B0BWD43JFM,A3RIXSMCG9L0F1
B0BT74ZMFS,A3RIXSMCG9L0F1
B0BQRTDBYV,A3RIXSMCG9L0F1
B0BPYB9WKB,A3RIXSMCG9L0F1
B0BM5HX534,A3RIXSMCG9L0F1
B0BLZ6NP1B,A3RIXSMCG9L0F1
B0BKSKM213,A3RIXSMCG9L0F1
B0BHQYC9CZ,A3RIXSMCG9L0F1
B0BG7R6CZ5,A3RIXSMCG9L0F1
B0BG4759DL,A3RIXSMCG9L0F1
B0BBF7K451,A3RIXSMCG9L0F1
B0B7RT56SQ,A3RIXSMCG9L0F1
B0B77K3RXB,A3RIXSMCG9L0F1
B0B76PNXFY,A3RIXSMCG9L0F1
B0B68HHWV5,A3RIXSMCG9L0F1
B0B64V2RRM,A3RIXSMCG9L0F1
B0B4VCG32H,A3RIXSMCG9L0F1
B0B4S6F74Q,A3RIXSMCG9L0F1
B0B2KL2T6G,A3RIXSMCG9L0F1
B0B2DMQNDW,A3RIXSMCG9L0F1
B0B216T4Z9,A3RIXSMCG9L0F1
B0B1ZGYK98,A3RIXSMCG9L0F1
B0B1BCY3Q7,A3RIXSMCG9L0F1
B0B17NJZWL,A3RIXSMCG9L0F1
B09ZKGLKB3,A3RIXSMCG9L0F1
B09Z66BQ93,A3RIXSMCG9L0F1
B09XQK7D79,A3RIXSMCG9L0F1
B09XHQNWTK,A3RIXSMCG9L0F1
B09XB1NDLF,A3RIXSMCG9L0F1
B09WTP9529,A3RIXSMCG9L0F1
B09VH75QV8,A3RIXSMCG9L0F1
B09VGBDLX2,A3RIXSMCG9L0F1
B09V54FYYW,A3RIXSMCG9L0F1
B09TQF2B44,A3RIXSMCG9L0F1
B09TB4B5BW,A3RIXSMCG9L0F1
B09QM51NFR,A3RIXSMCG9L0F1
B09Q58S5RX,A3RIXSMCG9L0F1
B09Q38NN41,A3RIXSMCG9L0F1
B09NM9BFHS,A3RIXSMCG9L0F1
B09NK6S91D,A3RIXSMCG9L0F1
B0CKLFZ7LY,A3RIXSMCG9L0F1
B0CK2H6Z86,A3RIXSMCG9L0F1
B0CHMGWQT8,A3RIXSMCG9L0F1
B0CHBL8RR8,A3RIXSMCG9L0F1
B0CH7WCL6N,A3RIXSMCG9L0F1
B0CH4H742W,A3RIXSMCG9L0F1
B0CH35ZPS2,A3RIXSMCG9L0F1
B0CGPWW7ZY,A3RIXSMCG9L0F1
B0CG69C2PN,A3RIXSMCG9L0F1
B0CDSNVNSZ,A3RIXSMCG9L0F1
B0CCYSCY1T,A3RIXSMCG9L0F1
B0CB3M8K1J,A3RIXSMCG9L0F1
B0C9TH2ZP5,A3RIXSMCG9L0F1
B0C8HRR98K,A3RIXSMCG9L0F1
B0C7VPHH6F,A3RIXSMCG9L0F1
B0C7VMF2G4,A3RIXSMCG9L0F1
B09LHH4D7F,A3RIXSMCG9L0F1
B09JYTL4RY,A3RIXSMCG9L0F1
B09JWC1JHD,A3RIXSMCG9L0F1
B09F38XN72,A3RIXSMCG9L0F1
B09BNKLCRN,A3RIXSMCG9L0F1
B097J13Z7Q,A3RIXSMCG9L0F1
B097257G7J,A3RIXSMCG9L0F1
B096WV9WYH,A3RIXSMCG9L0F1
B0957QGXWD,A3RIXSMCG9L0F1
B0953M1L9X,A3RIXSMCG9L0F1
B093WGNGRT,A3RIXSMCG9L0F1
B0932PJXPC,A3RIXSMCG9L0F1
B0923C2KZV,A3RIXSMCG9L0F1
B0919FNJ4W,A3RIXSMCG9L0F1
B08YYRN9K9,A3RIXSMCG9L0F1
B08SJSS1F8,A3RIXSMCG9L0F1
B082PBSR28,A3RIXSMCG9L0F1
B07YXVH1KV,A3RIXSMCG9L0F1
B07XXS1Z2M,A3RIXSMCG9L0F1
B07XNXZ9Q4,A3RIXSMCG9L0F1
B07TBZPLB6,A3RIXSMCG9L0F1
B07T5LYVWH,A3RIXSMCG9L0F1
B07RM8F9LW,A3RIXSMCG9L0F1
B07RHPKWKN,A3RIXSMCG9L0F1
B07R64V2FS,A3RIXSMCG9L0F1
B07QJ4L98M,A3RIXSMCG9L0F1
B07PBD75B1,A3RIXSMCG9L0F1
B07NSRK4XT,A3RIXSMCG9L0F1
B07KQMN4ZY,A3RIXSMCG9L0F1
B07KPZ118H,A3RIXSMCG9L0F1
B07KLSQYLL,A3RIXSMCG9L0F1
B07J6HQTRD,A3RIXSMCG9L0F1
B07H1XDG4R,A3RIXSMCG9L0F1
B07DX61N5D,A3RIXSMCG9L0F1
B079H2X44F,A3RIXSMCG9L0F1
B074MRFXYX,A3RIXSMCG9L0F1
B071ZFYP1C,A3RIXSMCG9L0F1
B0719M78JH,A3RIXSMCG9L0F1
B01N53X7L0,A3RIXSMCG9L0F1
B01MXXDO2U,A3RIXSMCG9L0F1
B01MG1O5H9,A3RIXSMCG9L0F1
B01G1OSBSQ,A3RIXSMCG9L0F1
B01FMLRZ9U,A3RIXSMCG9L0F1
B01CO5EXHO,A3RIXSMCG9L0F1
B01ATVKW66,A3RIXSMCG9L0F1
B00PS6MFM2,A3RIXSMCG9L0F1
B00FQM3PZO,A3RIXSMCG9L0F1
B00CLZXODC,A3RIXSMCG9L0F1
B001CEAEV8,A3RIXSMCG9L0F1
B0DJ6M54FF,A3RIXSMCG9L0F1
B0C7FTPV7L,A3RIXSMCG9L0F1
B0DH976HFL,A3RIXSMCG9L0F1
B00B22PYWE,A3RIXSMCG9L0F1
B0959QBCYY,A3RIXSMCG9L0F1
B0B492479V,A3RIXSMCG9L0F1
B00B7HCOFO,A3RIXSMCG9L0F1
B07H7ZFLX9,A3RIXSMCG9L0F1
B0DF98N2ZZ,A3RIXSMCG9L0F1
B0BYDJWGF5,A3RIXSMCG9L0F1
B0CD7TMNJB,A3RIXSMCG9L0F1
B06W2M7892,A3RIXSMCG9L0F1
B0B58QTKMN,A3RIXSMCG9L0F1
B09GM3GGDM,A3RIXSMCG9L0F1
B0B1JRRQ9V,A3RIXSMCG9L0F1
B0B2DH1SBD,A3RIXSMCG9L0F1
B0D4PHHFDN,A3RIXSMCG9L0F1
B07Y821N4G,A3RIXSMCG9L0F1
B0BNKV68G3,A3RIXSMCG9L0F1
B07JFGRXVD,A3RIXSMCG9L0F1
B0D9N9LF54,A3RIXSMCG9L0F1
B01INDRO90,A3RIXSMCG9L0F1
B00QKFYQEA,A3RIXSMCG9L0F1
B08ZMWWKNM,A3RIXSMCG9L0F1
B07YVHQB8L,A3RIXSMCG9L0F1
B09MRTH277,A3RIXSMCG9L0F1
B09Y5WJ45T,A3RIXSMCG9L0F1
B08ZLMM3M7,A3RIXSMCG9L0F1
B087WN1WRC,A3RIXSMCG9L0F1
B0D6B35PH6,A3RIXSMCG9L0F1
B0CBJHWZ3N,A3RIXSMCG9L0F1
B0923NDDHP,A3RIXSMCG9L0F1
B08R8FXNK4,A3RIXSMCG9L0F1
B08Q75N7HY,A3RIXSMCG9L0F1
B08PJ74WCF,A3RIXSMCG9L0F1
B08NT28QTD,A3RIXSMCG9L0F1
B08NFY7S3H,A3RIXSMCG9L0F1
B08LN372GY,A3RIXSMCG9L0F1
B08JPNFGHJ,A3RIXSMCG9L0F1
B08F3MTY7P,A3RIXSMCG9L0F1
B08D92VXF6,A3RIXSMCG9L0F1
B08B4T8Q71,A3RIXSMCG9L0F1
B087QDW1DW,A3RIXSMCG9L0F1
B087CX6PZP,A3RIXSMCG9L0F1
B086ZQBCTQ,A3RIXSMCG9L0F1
B0845PYTRG,A3RIXSMCG9L0F1
B0837CWPQN,A3RIXSMCG9L0F1
B08373FH9X,A3RIXSMCG9L0F1
B08JGP1KJK,A3RIXSMCG9L0F1
B07CPGFZRS,A3RIXSMCG9L0F1
B0C89219FR,A3RIXSMCG9L0F1
B07S68PSSQ,A3RIXSMCG9L0F1
B0DWFN2CXT,A3RIXSMCG9L0F1
B0DQP569S8,A3RIXSMCG9L0F1
B0DK4XDB9S,A3RIXSMCG9L0F1
B0DJZT8MGD,A3RIXSMCG9L0F1
B0DJ6Z79PW,A3RIXSMCG9L0F1
B0DHYB9FPQ,A3RIXSMCG9L0F1
B0DFHM64XQ,A3RIXSMCG9L0F1
B0DFH7BPPM,A3RIXSMCG9L0F1
B0DCZFXSWZ,A3RIXSMCG9L0F1
B0DCZ4PS8N,A3RIXSMCG9L0F1
B0DCVP3ZSZ,A3RIXSMCG9L0F1
B0DCG6LMSX,A3RIXSMCG9L0F1
B0DCBWSQTV,A3RIXSMCG9L0F1
B0D96HXLGY,A3RIXSMCG9L0F1
B0D8ZXTQP6,A3RIXSMCG9L0F1
B0D8T36MT2,A3RIXSMCG9L0F1
B0D8J12DX3,A3RIXSMCG9L0F1
B0D7LVSL4N,A3RIXSMCG9L0F1
B0D78K5ZXD,A3RIXSMCG9L0F1
B0D5QX23G5,A3RIXSMCG9L0F1
B0D5B1V6TN,A3RIXSMCG9L0F1
B0D46MLBD9,A3RIXSMCG9L0F1
B0D3PRWPZC,A3RIXSMCG9L0F1
B0D3GY35R9,A3RIXSMCG9L0F1
B0D1FLHHYX,A3RIXSMCG9L0F1
B0CZ9F1SPM,A3RIXSMCG9L0F1
B0CZ6JH9HW,A3RIXSMCG9L0F1
B0CYZWC8M1,A3RIXSMCG9L0F1
B0CX58YMWX,A3RIXSMCG9L0F1
B0CWD7NC4W,A3RIXSMCG9L0F1
B0CW9QXY6T,A3RIXSMCG9L0F1
B0CTH7599M,A3RIXSMCG9L0F1
B0CRVWDFSN,A3RIXSMCG9L0F1
B0CQYLDY5L,A3RIXSMCG9L0F1
B0CQTD8S98,A3RIXSMCG9L0F1
B0CQH27CRD,A3RIXSMCG9L0F1
B0CPSMV8YH,A3RIXSMCG9L0F1
B0CPQ6KFDL,A3RIXSMCG9L0F1
B0CNK82ZYV,A3RIXSMCG9L0F1
B0CMTWXLYJ,A3RIXSMCG9L0F1
B0CMQGHCF2,A3RIXSMCG9L0F1
B0CMPTBBMG,A3RIXSMCG9L0F1
B0CM3PWDNJ,A3RIXSMCG9L0F1
B0CLXSKQZX,A3RIXSMCG9L0F1
B09V1NRM98,A3RIXSMCG9L0F1
B09NZRFCM5,A3RIXSMCG9L0F1
B09NXMVML5,A3RIXSMCG9L0F1
B09KHLGZBK,A3RIXSMCG9L0F1
B09HRXCFQX,A3RIXSMCG9L0F1
B09F34MNBY,A3RIXSMCG9L0F1
B09CGMT2J4,A3RIXSMCG9L0F1
B095RW9ZCQ,A3RIXSMCG9L0F1
B095K64H33,A3RIXSMCG9L0F1
B092LFTZKG,A3RIXSMCG9L0F1
B08WXFHRDV,A3RIXSMCG9L0F1
B08V5MZ8F1,A3RIXSMCG9L0F1
B08QMGFYZ1,A3RIXSMCG9L0F1
B08QGRHV82,A3RIXSMCG9L0F1
B08QDSR6HW,A3RIXSMCG9L0F1
B08NT59KQZ,A3RIXSMCG9L0F1
B0BY8PDM83,A3RIXSMCG9L0F1
B0BX3621PB,A3RIXSMCG9L0F1
B0BVVD19B8,A3RIXSMCG9L0F1
B0BTYLQR3F,A3RIXSMCG9L0F1
B0BMVH7VYC,A3RIXSMCG9L0F1
B0BLZ3NMVC,A3RIXSMCG9L0F1
B0BLJW9L3V,A3RIXSMCG9L0F1
B0BLC51RPW,A3RIXSMCG9L0F1
B0BJ6DFPPF,A3RIXSMCG9L0F1
B0BG246JDK,A3RIXSMCG9L0F1
B0BCL3W98F,A3RIXSMCG9L0F1
B0BBFSH3MT,A3RIXSMCG9L0F1
B0B993DL6P,A3RIXSMCG9L0F1
B0B8CV7VSV,A3RIXSMCG9L0F1
B0B8CTHGJ6,A3RIXSMCG9L0F1
B0B8CNBZ78,A3RIXSMCG9L0F1
B0CKTDWJDT,A3RIXSMCG9L0F1
B0CHM3Z836,A3RIXSMCG9L0F1
B0CH34XQF3,A3RIXSMCG9L0F1
B0CGDK7FBY,A3RIXSMCG9L0F1
B0CFV9F5WB,A3RIXSMCG9L0F1
B0CFGFSYWM,A3RIXSMCG9L0F1
B0CB84JYH1,A3RIXSMCG9L0F1
B0C9F63XN4,A3RIXSMCG9L0F1
B0C8HKZM63,A3RIXSMCG9L0F1
B0C7TWGFWP,A3RIXSMCG9L0F1
B0C696YHXY,A3RIXSMCG9L0F1
B0C32SM2C8,A3RIXSMCG9L0F1
B0C2DBRZL6,A3RIXSMCG9L0F1
B0C1YTCVYX,A3RIXSMCG9L0F1
B0C1HBQYZ3,A3RIXSMCG9L0F1
B0BZYG49JX,A3RIXSMCG9L0F1
B0B5RVBQCV,A3RIXSMCG9L0F1
B0B4G4QJXK,A3RIXSMCG9L0F1
B0B3SKX6LK,A3RIXSMCG9L0F1
B0B3QR9N6Z,A3RIXSMCG9L0F1
B0B3QM6YS4,A3RIXSMCG9L0F1
B0B23TCSWK,A3RIXSMCG9L0F1
B0B21Y56YK,A3RIXSMCG9L0F1
B0B1C2T7HK,A3RIXSMCG9L0F1
B09ZQD3QCG,A3RIXSMCG9L0F1
B09YCPG5HM,A3RIXSMCG9L0F1
B09Y35P1JC,A3RIXSMCG9L0F1
B09XBMXP7P,A3RIXSMCG9L0F1
B09VPJ4D4H,A3RIXSMCG9L0F1
B09VK2HMWG,A3RIXSMCG9L0F1
B09VGWBSF8,A3RIXSMCG9L0F1
B09V7W5SMN,A3RIXSMCG9L0F1
B077CG713J,A3RIXSMCG9L0F1
B01N5NC5RK,A3RIXSMCG9L0F1
B01M25WF78,A3RIXSMCG9L0F1
B01CJTIF7Y,A3RIXSMCG9L0F1
B0049I2AA2,A3RIXSMCG9L0F1
B002XDZ2X2,A3RIXSMCG9L0F1
B0DPFY13TW,A3RIXSMCG9L0F1
B0DHSB4XBC,A3RIXSMCG9L0F1
B0DHG5B1WC,A3RIXSMCG9L0F1
B0DFPGLSXQ,A3RIXSMCG9L0F1
B0DCHJGR1L,A3RIXSMCG9L0F1
B0DCGBXL6S,A3RIXSMCG9L0F1
B0D9HM4C7D,A3RIXSMCG9L0F1
B0D93XNNXP,A3RIXSMCG9L0F1
B0D8774T6V,A3RIXSMCG9L0F1
B0D836VZ66,A3RIXSMCG9L0F1
B0D7LSDL1X,A3RIXSMCG9L0F1
B0D6BCGH7S,A3RIXSMCG9L0F1
B0D622Y6PD,A3RIXSMCG9L0F1
B0D17TXJXR,A3RIXSMCG9L0F1
B0CXHT42MP,A3RIXSMCG9L0F1
B0CWXVDJYV,A3RIXSMCG9L0F1
B0BHP5CQQ6,A3RIXSMCG9L0F1
B0BGLJ6GMK,A3RIXSMCG9L0F1
B0BC7FTD81,A3RIXSMCG9L0F1
B0B9L29Y1Q,A3RIXSMCG9L0F1
B0B9GB2PQV,A3RIXSMCG9L0F1
B0B82BWG2S,A3RIXSMCG9L0F1
B0B7WRFKNH,A3RIXSMCG9L0F1
B0B6FRPV8H,A3RIXSMCG9L0F1
B0B56NF78R,A3RIXSMCG9L0F1
B0B55WCGHT,A3RIXSMCG9L0F1
B0B3X5HYQW,A3RIXSMCG9L0F1
B0B38WVW51,A3RIXSMCG9L0F1
B0B21PQ876,A3RIXSMCG9L0F1
B0B2146YMG,A3RIXSMCG9L0F1
B0B19VXRPJ,A3RIXSMCG9L0F1
B09ZQCDKTP,A3RIXSMCG9L0F1
B0CWKYS4MH,A3RIXSMCG9L0F1
B0CW9TFJ28,A3RIXSMCG9L0F1
B0CT5N4PSH,A3RIXSMCG9L0F1
B0CRZ1NVP6,A3RIXSMCG9L0F1
B0CR98YHPG,A3RIXSMCG9L0F1
B0CPBP1S49,A3RIXSMCG9L0F1
B0CP37Z2BX,A3RIXSMCG9L0F1
B0CNVWC4HL,A3RIXSMCG9L0F1
B0CN2MXDTH,A3RIXSMCG9L0F1
B0CMQN8TDP,A3RIXSMCG9L0F1
B0CLZPNR6F,A3RIXSMCG9L0F1
B0CLCXWD6P,A3RIXSMCG9L0F1
B0CJQKWGZS,A3RIXSMCG9L0F1
B0CJMNLKFZ,A3RIXSMCG9L0F1
B0CHMFV1Q5,A3RIXSMCG9L0F1
B0CHJ7L57F,A3RIXSMCG9L0F1
B0CBP865Q2,A3RIXSMCG9L0F1
B0DFCMXVNP,A3RIXSMCG9L0F1
B0BBL5WTN1,A3RIXSMCG9L0F1
B09J4Y1C66,A3RIXSMCG9L0F1
B09MFB6C27,A3RIXSMCG9L0F1
B0991X3N9Y,A3RIXSMCG9L0F1
B08WNCL9NM,A3RIXSMCG9L0F1
B0002INPFC,A3RIXSMCG9L0F1
B08S3326ST,A3RIXSMCG9L0F1
B0BQJW5TKH,A3RIXSMCG9L0F1
B07DC8NHHX,A3RIXSMCG9L0F1
B07DTJFJH1,A3RIXSMCG9L0F1
B008J59EAK,A3RIXSMCG9L0F1
B0DQL1Q8C1,A3RIXSMCG9L0F1
B0DPSX1ZZX,A3RIXSMCG9L0F1
B0DPSV3FZC,A3RIXSMCG9L0F1
B09Y9DDH1N,A3RIXSMCG9L0F1
B09W8NF165,A3RIXSMCG9L0F1
B09V548LS6,A3RIXSMCG9L0F1
B09TP2MJ67,A3RIXSMCG9L0F1
B09TBLNHCQ,A3RIXSMCG9L0F1
B09RGS4V14,A3RIXSMCG9L0F1
B09QKLQFTM,A3RIXSMCG9L0F1
B09Q2YDRHB,A3RIXSMCG9L0F1
B09P2QRGQ7,A3RIXSMCG9L0F1
B09M3TS49G,A3RIXSMCG9L0F1
B09832NN3N,A3RIXSMCG9L0F1
B0981Q8KBJ,A3RIXSMCG9L0F1
B097TDPMX2,A3RIXSMCG9L0F1
B097MSZR2Y,A3RIXSMCG9L0F1
B097D9PZYC,A3RIXSMCG9L0F1
B096NTGPZP,A3RIXSMCG9L0F1
B096NT763Q,A3RIXSMCG9L0F1
B09538M8TD,A3RIXSMCG9L0F1
B094GVWTQD,A3RIXSMCG9L0F1
B09437PR7W,A3RIXSMCG9L0F1
B0937212TY,A3RIXSMCG9L0F1
B08ZSS4YFX,A3RIXSMCG9L0F1
B08XGWW1F7,A3RIXSMCG9L0F1
B08VJ38Z82,A3RIXSMCG9L0F1
B08V8M6NBT,A3RIXSMCG9L0F1
B08V576J6B,A3RIXSMCG9L0F1
B08RGCJNR5,A3RIXSMCG9L0F1
B08R3LWDZK,A3RIXSMCG9L0F1
B08QCLDMNL,A3RIXSMCG9L0F1
B08PKWXFPR,A3RIXSMCG9L0F1
B08L753JLN,A3RIXSMCG9L0F1
B08L5RXHH2,A3RIXSMCG9L0F1
B0CH31R9K2,A3RIXSMCG9L0F1
B0CGRJLL7X,A3RIXSMCG9L0F1
B0CGR18S2F,A3RIXSMCG9L0F1
B0CDVY6MMY,A3RIXSMCG9L0F1
B0CDPK7213,A3RIXSMCG9L0F1
B0CCMPCJ3R,A3RIXSMCG9L0F1
B0CC9BBZYQ,A3RIXSMCG9L0F1
B0CC3R4P1B,A3RIXSMCG9L0F1
B0CBVVYP7H,A3RIXSMCG9L0F1
B0C859J19Q,A3RIXSMCG9L0F1
B0C7ZN71QY,A3RIXSMCG9L0F1
B0BYNCY3NV,A3RIXSMCG9L0F1
B0BYD4X8NL,A3RIXSMCG9L0F1
B0BR3JLW6H,A3RIXSMCG9L0F1
B0BN1Y8D86,A3RIXSMCG9L0F1
B0BHV8SSFF,A3RIXSMCG9L0F1
B089FKCVYL,A3RIXSMCG9L0F1
B085CFJQWY,A3RIXSMCG9L0F1
B07Z9H41CB,A3RIXSMCG9L0F1
B07YJKVFNX,A3RIXSMCG9L0F1
B07R1TWWG3,A3RIXSMCG9L0F1
B07QM824GR,A3RIXSMCG9L0F1
B07Q2XK1FN,A3RIXSMCG9L0F1
B07GTDK1BJ,A3RIXSMCG9L0F1
B07FKJ7K1V,A3RIXSMCG9L0F1
B07BT74NLV,A3RIXSMCG9L0F1
B07598F7WP,A3RIXSMCG9L0F1
B07523WSZQ,A3RIXSMCG9L0F1
B074RFXXK4,A3RIXSMCG9L0F1
B073XRJC23,A3RIXSMCG9L0F1
B01MZAJEPD,A3RIXSMCG9L0F1
B00B2OHOBQ,A3RIXSMCG9L0F1
B08NK1J5LM,A3RIXSMCG9L0F1
B08JX44WZ6,A3RIXSMCG9L0F1
B08JJ1HV79,A3RIXSMCG9L0F1
B08JHKHQWG,A3RIXSMCG9L0F1
B08GPG5YY8,A3RIXSMCG9L0F1
B08DNJCF3Y,A3RIXSMCG9L0F1
B08C2XVP6F,A3RIXSMCG9L0F1
B08C2BNYKT,A3RIXSMCG9L0F1
B086HCNR6Y,A3RIXSMCG9L0F1
B07ZQ7R929,A3RIXSMCG9L0F1
B07VGK8S1K,A3RIXSMCG9L0F1
B07V8T8R45,A3RIXSMCG9L0F1
B07RQPBSZF,A3RIXSMCG9L0F1
B07R3GMGXY,A3RIXSMCG9L0F1
B07PB9WYP9,A3RIXSMCG9L0F1
B07J66FGL4,A3RIXSMCG9L0F1
B09Q2Y9WDF,A3RIXSMCG9L0F1
B0BG2H96T5,A3RIXSMCG9L0F1
B0885RYJ3R,A3RIXSMCG9L0F1
B07YG2XSWP,A3RIXSMCG9L0F1
B07QY5PDFH,A3RIXSMCG9L0F1
B00N4M42B4,A3RIXSMCG9L0F1
B0DNN71TJ3,A3RIXSMCG9L0F1
B0DMS45PMN,A3RIXSMCG9L0F1
B0DJCV5HWL,A3RIXSMCG9L0F1
B0DHLPZ69N,A3RIXSMCG9L0F1
B0DHCCGBNW,A3RIXSMCG9L0F1
B0D8J7P46W,A3RIXSMCG9L0F1
B0D7H8XRDC,A3RIXSMCG9L0F1
B0D636FG2G,A3RIXSMCG9L0F1
B0D5QKM5PR,A3RIXSMCG9L0F1
B0D3PXKGG5,A3RIXSMCG9L0F1
B0D2Y1JZ88,A3RIXSMCG9L0F1
B0D2GZMD9J,A3RIXSMCG9L0F1
B0D1Q7LMSH,A3RIXSMCG9L0F1
B0D1K8WS2G,A3RIXSMCG9L0F1
B0CZS6PCLW,A3RIXSMCG9L0F1
B0CYLGSWRD,A3RIXSMCG9L0F1
B0CY2C791K,A3RIXSMCG9L0F1
B0CSMK9J6R,A3RIXSMCG9L0F1
B0CRR8FTHK,A3RIXSMCG9L0F1
B0CPJCPXRQ,A3RIXSMCG9L0F1
B0CLG97L5T,A3RIXSMCG9L0F1
B0CGRB1445,A3RIXSMCG9L0F1
B0CFVDKFW7,A3RIXSMCG9L0F1
B0CCHZNS1G,A3RIXSMCG9L0F1
B0CC9BGG9C,A3RIXSMCG9L0F1
B0CBS6GHDQ,A3RIXSMCG9L0F1
B0B8SFKS56,A3RIXSMCG9L0F1
B0B63VHB5H,A3RIXSMCG9L0F1
B0B5X3B3MJ,A3RIXSMCG9L0F1
B0B49QVFTH,A3RIXSMCG9L0F1
B0B46BF8TS,A3RIXSMCG9L0F1
B0B3RDK9XB,A3RIXSMCG9L0F1
B0B2KL7P5T,A3RIXSMCG9L0F1
B0B2DJG9H6,A3RIXSMCG9L0F1
B0B176D42L,A3RIXSMCG9L0F1
B09Y9CWQ8L,A3RIXSMCG9L0F1
B09WZXMCBZ,A3RIXSMCG9L0F1
B09WK2Z1J4,A3RIXSMCG9L0F1
B09W4R21NP,A3RIXSMCG9L0F1
B09V127KP7,A3RIXSMCG9L0F1
B09ST3T1SM,A3RIXSMCG9L0F1
B09S5W2KZQ,A3RIXSMCG9L0F1
B0CBDKGW32,A3RIXSMCG9L0F1
B0C88F5JQV,A3RIXSMCG9L0F1
B0C5X59N98,A3RIXSMCG9L0F1
B0C5X425VN,A3RIXSMCG9L0F1
B0C3M46Y8R,A3RIXSMCG9L0F1
B0BY2CXFK4,A3RIXSMCG9L0F1
B0BTHNJYD5,A3RIXSMCG9L0F1
B0BTH51B1C,A3RIXSMCG9L0F1
B0BS8VS66G,A3RIXSMCG9L0F1
B0BPHPJSJM,A3RIXSMCG9L0F1
B0BN2RWK2M,A3RIXSMCG9L0F1
B0BMSVH2NY,A3RIXSMCG9L0F1
B0BL73SYY2,A3RIXSMCG9L0F1
B0BKL9RV89,A3RIXSMCG9L0F1
B0BK7FV8LY,A3RIXSMCG9L0F1
B0B9YNBS3Q,A3RIXSMCG9L0F1
B09RH1L8J7,A3RIXSMCG9L0F1
B09R4MBVPW,A3RIXSMCG9L0F1
B09QKJ9PBV,A3RIXSMCG9L0F1
B09PGZLMSB,A3RIXSMCG9L0F1
B09PBLB3Y9,A3RIXSMCG9L0F1
B09MT3FW64,A3RIXSMCG9L0F1
B09FWKDKZP,A3RIXSMCG9L0F1
B09D7TY8CD,A3RIXSMCG9L0F1
B09CPJ2VYR,A3RIXSMCG9L0F1
B09BDMXDJH,A3RIXSMCG9L0F1
B0993DF2P1,A3RIXSMCG9L0F1
B098P2W3HZ,A3RIXSMCG9L0F1
B0977VG5SC,A3RIXSMCG9L0F1
B096XGNPZ8,A3RIXSMCG9L0F1
B09538X5XK,A3RIXSMCG9L0F1
B093KY7GTH,A3RIXSMCG9L0F1
B09222Y2TJ,A3RIXSMCG9L0F1
B08ZYJMQNG,A3RIXSMCG9L0F1
B08ZHRYRWZ,A3RIXSMCG9L0F1
B08Y5H17DT,A3RIXSMCG9L0F1
B08VDGZ3JS,A3RIXSMCG9L0F1
B08SH627BV,A3RIXSMCG9L0F1
B08RN4YLSH,A3RIXSMCG9L0F1
B08N59KXL1,A3RIXSMCG9L0F1
B08MQYB3GG,A3RIXSMCG9L0F1
B08M5V4XQD,A3RIXSMCG9L0F1
B08M46JVXJ,A3RIXSMCG9L0F1
B08JPS2L2D,A3RIXSMCG9L0F1
B08J29CDVK,A3RIXSMCG9L0F1
B089LQWDDM,A3RIXSMCG9L0F1
B088TG7GF4,A3RIXSMCG9L0F1
B0881WQX5Z,A3RIXSMCG9L0F1
B085PY2N5G,A3RIXSMCG9L0F1
B085438T5C,A3RIXSMCG9L0F1
B0837823NX,A3RIXSMCG9L0F1
B0834PPRM2,A3RIXSMCG9L0F1
B0829JK73V,A3RIXSMCG9L0F1
B081YXF324,A3RIXSMCG9L0F1
B0814TBVCQ,A3RIXSMCG9L0F1
B07T3SL76W,A3RIXSMCG9L0F1
B07SBJFYCS,A3RIXSMCG9L0F1
B07RVFZQQG,A3RIXSMCG9L0F1
B07R544V76,A3RIXSMCG9L0F1
B07PPHT37H,A3RIXSMCG9L0F1
B07KPWHRKF,A3RIXSMCG9L0F1
B07F3YLYQ1,A3RIXSMCG9L0F1
B0776BXCGL,A3RIXSMCG9L0F1
B073XCFM1Q,A3RIXSMCG9L0F1
B06XCMFPM5,A3RIXSMCG9L0F1
B01N2OFTRP,A3RIXSMCG9L0F1
B0143ZXMMU,A3RIXSMCG9L0F1
B00URUEIG0,A3RIXSMCG9L0F1
B00GWZB8G2,A3RIXSMCG9L0F1
B009XDLXOW,A3RIXSMCG9L0F1
B007TBYEXM,A3RIXSMCG9L0F1
B0CR9TMCKV,A3RIXSMCG9L0F1
B0D2KRPBCW,A3RIXSMCG9L0F1
B0C3VS8MB3,A3RIXSMCG9L0F1
B0CDGTNDWF,A3RIXSMCG9L0F1
B0BZNPQRZS,A3RIXSMCG9L0F1
B0C3G7QRLZ,A3RIXSMCG9L0F1
B0BSDTXGVX,A3RIXSMCG9L0F1
B0DM1TPM79,A3RIXSMCG9L0F1
B09Q2XBRYQ,A3RIXSMCG9L0F1
B09XDXP62W,A3RIXSMCG9L0F1
B07Y7VKKZK,A3RIXSMCG9L0F1
B0DJGXW1CM,A3RIXSMCG9L0F1
B07S85R11K,A3RIXSMCG9L0F1
B0BR5FGKXV,A3RIXSMCG9L0F1
B01JYPPVF0,A3RIXSMCG9L0F1
B0D8V5YD6C,A3RIXSMCG9L0F1
B096XGHZBQ,A3RIXSMCG9L0F1
B0CCDS3MLD,A3RIXSMCG9L0F1
B09H1ZP37V,A3RIXSMCG9L0F1
B07R43M2PF,A3RIXSMCG9L0F1
B00BJQQ3FA,A3RIXSMCG9L0F1
B0BJVNVYHH,A3RIXSMCG9L0F1
B07LBGQ73G,A3RIXSMCG9L0F1
B07KRZP2P9,A3RIXSMCG9L0F1
B007ZDGWPW,A3RIXSMCG9L0F1
B0DK35RW1D,A3RIXSMCG9L0F1
B0C13DJ3L6,A3RIXSMCG9L0F1
B096WB1XBP,A3RIXSMCG9L0F1
B0DVK9Y7LW,A3RIXSMCG9L0F1
B0DTPM719W,A3RIXSMCG9L0F1
B0DSJBRNPT,A3RIXSMCG9L0F1
B0DMNZ5B7M,A3RIXSMCG9L0F1
B0D145KDK7,A3RIXSMCG9L0F1
B0D11XR9YT,A3RIXSMCG9L0F1
B0CZHD4C2L,A3RIXSMCG9L0F1
B0CZDDK9NL,A3RIXSMCG9L0F1
B0CYZMY8YH,A3RIXSMCG9L0F1
B0CY54T1HM,A3RIXSMCG9L0F1
B0CXPJRYFZ,A3RIXSMCG9L0F1
B0CWP4V1K2,A3RIXSMCG9L0F1
B0CTMHN3W2,A3RIXSMCG9L0F1
B0CSNF883G,A3RIXSMCG9L0F1
B0CRNPJ92X,A3RIXSMCG9L0F1
B0CQVT76ZR,A3RIXSMCG9L0F1
B0CLKVQXW4,A3RIXSMCG9L0F1
B0CL4JQK4X,A3RIXSMCG9L0F1
B0CKC5Z3TK,A3RIXSMCG9L0F1
B0CJVD9PK9,A3RIXSMCG9L0F1
B0DM9DVJBH,A3RIXSMCG9L0F1
B0DHHHKJK9,A3RIXSMCG9L0F1
B0DBQDBB4Q,A3RIXSMCG9L0F1
B0DBDLSFQ4,A3RIXSMCG9L0F1
B0D9JCLRM7,A3RIXSMCG9L0F1
B0D944ZPDG,A3RIXSMCG9L0F1
B0D7RRCKLW,A3RIXSMCG9L0F1
B0D6QNNVR8,A3RIXSMCG9L0F1
B0D5XR8ZQJ,A3RIXSMCG9L0F1
B0D4VF2N6T,A3RIXSMCG9L0F1
B0D3DM3T4T,A3RIXSMCG9L0F1
B0D2KCXXRR,A3RIXSMCG9L0F1
B0D1V1C9NP,A3RIXSMCG9L0F1
B0D17QHS53,A3RIXSMCG9L0F1
B0D177JRJW,A3RIXSMCG9L0F1
B0D14N6N6K,A3RIXSMCG9L0F1
B0CHS5WMPS,A3RIXSMCG9L0F1
B0CGTJ99R7,A3RIXSMCG9L0F1
B0CF13XXH7,A3RIXSMCG9L0F1
B0CDPHGCV4,A3RIXSMCG9L0F1
B0C89DLXM2,A3RIXSMCG9L0F1
B0C7QVJZ8R,A3RIXSMCG9L0F1
B0C65M2QQ3,A3RIXSMCG9L0F1
B0C4LSC4W9,A3RIXSMCG9L0F1
B0C2V498ZC,A3RIXSMCG9L0F1
B0C1BX8GDV,A3RIXSMCG9L0F1
B0C188V59G,A3RIXSMCG9L0F1
B0BYV9Y8WD,A3RIXSMCG9L0F1
B0BY889HKD,A3RIXSMCG9L0F1
B0BWJMQYYN,A3RIXSMCG9L0F1
B0BW84JJJZ,A3RIXSMCG9L0F1
B0BW7N6HQ8,A3RIXSMCG9L0F1
B09S6TMYY3,A3RIXSMCG9L0F1
B09NVR973R,A3RIXSMCG9L0F1
B09NCX5M5J,A3RIXSMCG9L0F1
B09M45Q9RZ,A3RIXSMCG9L0F1
B09LHJXJT8,A3RIXSMCG9L0F1
B09G6LBM4C,A3RIXSMCG9L0F1
B095LG8QGV,A3RIXSMCG9L0F1
B093L191BT,A3RIXSMCG9L0F1
B0932R6BJT,A3RIXSMCG9L0F1
B092RJ1M85,A3RIXSMCG9L0F1
B092LH6QLR,A3RIXSMCG9L0F1
B08Z3R9FDM,A3RIXSMCG9L0F1
B08XWLYQRK,A3RIXSMCG9L0F1
B08TM4S5B2,A3RIXSMCG9L0F1
B08T3GBGQG,A3RIXSMCG9L0F1
B08QMDXRT8,A3RIXSMCG9L0F1
B0BVLXSH2D,A3RIXSMCG9L0F1
B0BVK8QQPB,A3RIXSMCG9L0F1
B0BTKSF6JC,A3RIXSMCG9L0F1
B0BRK4D51M,A3RIXSMCG9L0F1
B0BRH1S434,A3RIXSMCG9L0F1
B0BQTKZKQ7,A3RIXSMCG9L0F1
B0BN9VGW9Q,A3RIXSMCG9L0F1
B0BKL4HD91,A3RIXSMCG9L0F1
B0BHSXCCTG,A3RIXSMCG9L0F1
B0BCG63W2T,A3RIXSMCG9L0F1
B0BC912B6B,A3RIXSMCG9L0F1
B0BBSRP99D,A3RIXSMCG9L0F1
B0B9WTWZRC,A3RIXSMCG9L0F1
B0B6WD165S,A3RIXSMCG9L0F1
B0B5WNH5F9,A3RIXSMCG9L0F1
B0B585W1TB,A3RIXSMCG9L0F1
B0B54MQN16,A3RIXSMCG9L0F1
B0B4ZJN241,A3RIXSMCG9L0F1
B0B4JN1HKW,A3RIXSMCG9L0F1
B0B38S49YZ,A3RIXSMCG9L0F1
B0B2RD13D1,A3RIXSMCG9L0F1
B0B2QXDRDP,A3RIXSMCG9L0F1
B0B27RSRH9,A3RIXSMCG9L0F1
B0B27HR1FK,A3RIXSMCG9L0F1
B0B1MNXX2G,A3RIXSMCG9L0F1
B09YKCC1HV,A3RIXSMCG9L0F1
B09YDM3RGF,A3RIXSMCG9L0F1
B09XTK2T3N,A3RIXSMCG9L0F1
B09XTHCQB8,A3RIXSMCG9L0F1
B09VZ5THZJ,A3RIXSMCG9L0F1
B09VXN24YL,A3RIXSMCG9L0F1
B09VGL19V5,A3RIXSMCG9L0F1
B08PPKGNY9,A3RIXSMCG9L0F1
B08LZPWV4Y,A3RIXSMCG9L0F1
B08H1YP2ZD,A3RIXSMCG9L0F1
B08CCM7J2S,A3RIXSMCG9L0F1
B089H28W4M,A3RIXSMCG9L0F1
B0899WTHF7,A3RIXSMCG9L0F1
B0897B4N3D,A3RIXSMCG9L0F1
B083DKRW7T,A3RIXSMCG9L0F1
B081XVN9TL,A3RIXSMCG9L0F1
B07XMMMHL1,A3RIXSMCG9L0F1
B07VCFSL2P,A3RIXSMCG9L0F1
B07S8Q2KS4,A3RIXSMCG9L0F1
B07PRF2NT7,A3RIXSMCG9L0F1
B07MTZNTV5,A3RIXSMCG9L0F1
B07BD4VJYC,A3RIXSMCG9L0F1
B074W75Q83,A3RIXSMCG9L0F1
B072145FD8,A3RIXSMCG9L0F1
B071NHJ6RT,A3RIXSMCG9L0F1
B06XNQNL4D,A3RIXSMCG9L0F1
B007A2LSDE,A3RIXSMCG9L0F1
B000R0FG5W,A3RIXSMCG9L0F1
B000FXT31Y,A3RIXSMCG9L0F1
B0DG94VGF4,A3RIXSMCG9L0F1
B09WDJV3WY,A3RIXSMCG9L0F1
B07L78T2W4,A3RIXSMCG9L0F1
B07PWC3NJT,A3RIXSMCG9L0F1
B0D2XTQDXY,A3RIXSMCG9L0F1
B0CNCQXZPX,A3RIXSMCG9L0F1
B0BBTK31X2,A3RIXSMCG9L0F1
B0CLV78B3V,A3RIXSMCG9L0F1
B00H407C1O,A3RIXSMCG9L0F1
B0CJHSBM2W,A3RIXSMCG9L0F1
B0BRYZVBGJ,A3RIXSMCG9L0F1
B0C4XM99BY,A3RIXSMCG9L0F1
B0DJBDTNRX,A3RIXSMCG9L0F1
B0BTPJRGJQ,A3RIXSMCG9L0F1
B0C19Z3MM3,A3RIXSMCG9L0F1
B0BDSWN118,A3RIXSMCG9L0F1
B003XGZ08U,A3RIXSMCG9L0F1
B01LBSFNG0,A3RIXSMCG9L0F1
B0757LP6FY,A3RIXSMCG9L0F1
B00TGA9L46,A3RIXSMCG9L0F1
B0B7RDYG4W,A3RIXSMCG9L0F1
B08KKCWJJ6,A3RIXSMCG9L0F1
B0D2S62N9H,A3RIXSMCG9L0F1
B0C3Q7VYTF,A3RIXSMCG9L0F1
B09BP1K8TX,A3RIXSMCG9L0F1
B074VDKNCC,A3RIXSMCG9L0F1
B09XB23NHQ,A3RIXSMCG9L0F1
B095PFW2QC,A3RIXSMCG9L0F1
B0DJ71Q1YZ,A3RIXSMCG9L0F1
B0CJ92GJST,A3RIXSMCG9L0F1
B07VLF6KMX,A3RIXSMCG9L0F1
B0CN93V441,A3RIXSMCG9L0F1
B0DKFMRDFD,A3RIXSMCG9L0F1
B0DHVVQF3D,A3RIXSMCG9L0F1
B0DFM11M5Q,A3RIXSMCG9L0F1
B0DFJ9F3MW,A3RIXSMCG9L0F1
B0DDK989S8,A3RIXSMCG9L0F1
B0DCP1MBCM,A3RIXSMCG9L0F1
B0D9JHP1M4,A3RIXSMCG9L0F1
B0D8JTMDYY,A3RIXSMCG9L0F1
B0D739Z4Y6,A3RIXSMCG9L0F1
B0D622X4MS,A3RIXSMCG9L0F1
B0D4QLRY9F,A3RIXSMCG9L0F1
B0D497T5FG,A3RIXSMCG9L0F1
B0D3Q98X7S,A3RIXSMCG9L0F1
B0D1CDLCLT,A3RIXSMCG9L0F1
B0D15MKXDP,A3RIXSMCG9L0F1
B0CY54RWWH,A3RIXSMCG9L0F1
B0CHLL9Q7R,A3RIXSMCG9L0F1
B08JY965RG,A3RIXSMCG9L0F1
B0D7HX2WTG,A3RIXSMCG9L0F1
B0D7C98TBF,A3RIXSMCG9L0F1
B0BW52H4SG,A3RIXSMCG9L0F1
B0B397ZFYC,A3RIXSMCG9L0F1
B09SB2DFBJ,A3RIXSMCG9L0F1
B0895Z176Q,A3RIXSMCG9L0F1
B075WV1K9F,A3RIXSMCG9L0F1
B0DSW7WCYJ,A3RIXSMCG9L0F1
B0DS6G5RXZ,A3RIXSMCG9L0F1
B0DRYR9K3V,A3RIXSMCG9L0F1
B0DRSRNJCY,A3RIXSMCG9L0F1
B0DRCKC4GB,A3RIXSMCG9L0F1
B0DQD7YDC4,A3RIXSMCG9L0F1
B0DLBBX9P9,A3RIXSMCG9L0F1
B0CXTF4JDL,A3RIXSMCG9L0F1
B0CSSQ54GB,A3RIXSMCG9L0F1
B0CRSY86QP,A3RIXSMCG9L0F1
B0CRB6V9Z7,A3RIXSMCG9L0F1
B0CQ4QJ1ZP,A3RIXSMCG9L0F1
B0CP7J6Z2F,A3RIXSMCG9L0F1
B0CNLJVNHN,A3RIXSMCG9L0F1
B0CKYWJQ35,A3RIXSMCG9L0F1
B0CKX94BSS,A3RIXSMCG9L0F1
B0CHJDCN85,A3RIXSMCG9L0F1
B0CHJBWGMQ,A3RIXSMCG9L0F1
B0CHJBTHJ9,A3RIXSMCG9L0F1
B0CFVX921Q,A3RIXSMCG9L0F1
B0C9MR6FDH,A3RIXSMCG9L0F1
B0C7ZRX74R,A3RIXSMCG9L0F1
B0C6LQ191D,A3RIXSMCG9L0F1
B0C6KXSGNG,A3RIXSMCG9L0F1
B0C61FVF5H,A3RIXSMCG9L0F1
B0C61CG472,A3RIXSMCG9L0F1
B0C5W3729C,A3RIXSMCG9L0F1
B0C5V12NT1,A3RIXSMCG9L0F1
B0C1BZYLL8,A3RIXSMCG9L0F1
B0BXLDYXH6,A3RIXSMCG9L0F1
B0BMKT6CSM,A3RIXSMCG9L0F1
B0BLVB6KQP,A3RIXSMCG9L0F1
B0BGSGKV48,A3RIXSMCG9L0F1
B0BGQB5W75,A3RIXSMCG9L0F1
B0BGKK96FH,A3RIXSMCG9L0F1
B0BFKZF2HD,A3RIXSMCG9L0F1
B0B972C394,A3RIXSMCG9L0F1
B0B8QFXY9M,A3RIXSMCG9L0F1
B0B7DTPS1Y,A3RIXSMCG9L0F1
B0B5N3Z7K9,A3RIXSMCG9L0F1
B0B4582MXX,A3RIXSMCG9L0F1
B0B3T5KWX4,A3RIXSMCG9L0F1
B0B11Y11JC,A3RIXSMCG9L0F1
B09ZP4B2CG,A3RIXSMCG9L0F1
B09Z6KG5WN,A3RIXSMCG9L0F1
B09XGZ3JYL,A3RIXSMCG9L0F1
B09XGJ7Q9B,A3RIXSMCG9L0F1
B09TDD12RB,A3RIXSMCG9L0F1
B09RN8Y8CQ,A3RIXSMCG9L0F1
B09QYMYGJT,A3RIXSMCG9L0F1
B09PCBD2VJ,A3RIXSMCG9L0F1
B09H1XSMFH,A3RIXSMCG9L0F1
B09GPXJ64G,A3RIXSMCG9L0F1
B09CGPPWRF,A3RIXSMCG9L0F1
B09B24WZQF,A3RIXSMCG9L0F1
B0B2KLVYZ1,A3RIXSMCG9L0F1
B09GK5XXKQ,A3RIXSMCG9L0F1
B099N3JC89,A3RIXSMCG9L0F1
B0BNT8BKSL,A3RIXSMCG9L0F1
B082XJMJ65,A3RIXSMCG9L0F1
B0DQ6BG8DZ,A3RIXSMCG9L0F1
B0D8KZ8W49,A3RIXSMCG9L0F1
B0CS34YR9Y,A3RIXSMCG9L0F1
B0BNT7CX97,A3RIXSMCG9L0F1
B0DDKGKYRL,A3RIXSMCG9L0F1
B0D12HM3TP,A3RIXSMCG9L0F1
B0C6G3B8XC,A3RIXSMCG9L0F1
B09MN4SNZG,A3RIXSMCG9L0F1
B0962ZDFQY,A3RIXSMCG9L0F1
B08YRQ2FN7,A3RIXSMCG9L0F1
B0DWDMK39W,A3RIXSMCG9L0F1
B085RPJPNJ,A3RIXSMCG9L0F1
B0822GSK9Q,A3RIXSMCG9L0F1
B07YZXWZ8C,A3RIXSMCG9L0F1
B07Y57C8XK,A3RIXSMCG9L0F1
B07Q8RLKWL,A3RIXSMCG9L0F1
B07Q4BT3WD,A3RIXSMCG9L0F1
B07P8W31SX,A3RIXSMCG9L0F1
B07LD5MQ1T,A3RIXSMCG9L0F1
B07FRCY7Q2,A3RIXSMCG9L0F1
B07D8YT742,A3RIXSMCG9L0F1
B07D1C7H2J,A3RIXSMCG9L0F1
B076MDRHZG,A3RIXSMCG9L0F1
B075MW3B5H,A3RIXSMCG9L0F1
B075H749K3,A3RIXSMCG9L0F1
B074X5KBWQ,A3RIXSMCG9L0F1
B071GGJBYP,A3RIXSMCG9L0F1
B097YSHWTY,A3RIXSMCG9L0F1
B0948S79LM,A3RIXSMCG9L0F1
B0918NN3L8,A3RIXSMCG9L0F1
B08ZN12T2X,A3RIXSMCG9L0F1
B08X68WKGH,A3RIXSMCG9L0F1
B08SJ68FCB,A3RIXSMCG9L0F1
B08RYQ8Z49,A3RIXSMCG9L0F1
B08LC7RQFV,A3RIXSMCG9L0F1
B08KGQLDB5,A3RIXSMCG9L0F1
B08HQS1N63,A3RIXSMCG9L0F1
B08GL5K5WQ,A3RIXSMCG9L0F1
B08GJJTFNZ,A3RIXSMCG9L0F1
B08F2RPWDW,A3RIXSMCG9L0F1
B08CD4KMXX,A3RIXSMCG9L0F1
B087RBJFQX,A3RIXSMCG9L0F1
B085T5M1P7,A3RIXSMCG9L0F1
B01N7YRAYJ,A3RIXSMCG9L0F1
B01MY2YD6S,A3RIXSMCG9L0F1
B01HI0HQWY,A3RIXSMCG9L0F1
B01EN0WUR8,A3RIXSMCG9L0F1
B01DBKZ1J0,A3RIXSMCG9L0F1
B01D9WN5DO,A3RIXSMCG9L0F1
B01D3BIKK4,A3RIXSMCG9L0F1
B00RCXH4M0,A3RIXSMCG9L0F1
B00I3OCK5S,A3RIXSMCG9L0F1
B00G975BAC,A3RIXSMCG9L0F1
B007KPY5FY,A3RIXSMCG9L0F1
B006GEIX7G,A3RIXSMCG9L0F1
B0049H68RO,A3RIXSMCG9L0F1
B002X9O098,A3RIXSMCG9L0F1
B000VY6XYC,A3RIXSMCG9L0F1
B0DRFDFFZJ,A3RIXSMCG9L0F1
B0DR8291RD,A3RIXSMCG9L0F1
B0DQH72XX5,A3RIXSMCG9L0F1
B0DMRB96TC,A3RIXSMCG9L0F1
B0DGBVDK14,A3RIXSMCG9L0F1
B0DDP3XMGQ,A3RIXSMCG9L0F1
B0DBHT4DBP,A3RIXSMCG9L0F1
B0DBHR2CQV,A3RIXSMCG9L0F1
B0D9GRZCJ5,A3RIXSMCG9L0F1
B0D8HRRTTW,A3RIXSMCG9L0F1
B0D7BHLSBD,A3RIXSMCG9L0F1
B0D6YGDXNB,A3RIXSMCG9L0F1
B0D62RRCVN,A3RIXSMCG9L0F1
B0D5QV6ZWQ,A3RIXSMCG9L0F1
B0D5LFBHB9,A3RIXSMCG9L0F1
B0D56HBS32,A3RIXSMCG9L0F1
B0CPDV4CMX,A3RIXSMCG9L0F1
B0CP5HBT6R,A3RIXSMCG9L0F1
B0CMK86QJD,A3RIXSMCG9L0F1
B0CM3LQ925,A3RIXSMCG9L0F1
B0CLR54C5Q,A3RIXSMCG9L0F1
B0CL2FYJQ2,A3RIXSMCG9L0F1
B0CKVYHGYQ,A3RIXSMCG9L0F1
B0CKSWNPR7,A3RIXSMCG9L0F1
B0CKKQ5QF9,A3RIXSMCG9L0F1
B0CJTHC9FM,A3RIXSMCG9L0F1
B0CJDG3HJ1,A3RIXSMCG9L0F1
B0CHJ9VHMV,A3RIXSMCG9L0F1
B0CDWP3QB7,A3RIXSMCG9L0F1
B0CDKM1Z1P,A3RIXSMCG9L0F1
B0CCCK83XL,A3RIXSMCG9L0F1
B0CC9B6GQL,A3RIXSMCG9L0F1
B0C99BVVWJ,A3RIXSMCG9L0F1
B0C7H8DK6F,A3RIXSMCG9L0F1
B0C6XVRV37,A3RIXSMCG9L0F1
B0C6PXFWBW,A3RIXSMCG9L0F1
B0C6GPRL29,A3RIXSMCG9L0F1
B0C6F6F2ZP,A3RIXSMCG9L0F1
B0C4T4MSX8,A3RIXSMCG9L0F1
B0BY8DL9PS,A3RIXSMCG9L0F1
B0BVLYPHDY,A3RIXSMCG9L0F1
B0BPJ4Y88H,A3RIXSMCG9L0F1
B0BN54YRKR,A3RIXSMCG9L0F1
B0BLZ4QLFH,A3RIXSMCG9L0F1
B0BH4QWXZT,A3RIXSMCG9L0F1
B0BG6WJNTC,A3RIXSMCG9L0F1
B0BG4VZ1J6,A3RIXSMCG9L0F1
B0BDBQVPK9,A3RIXSMCG9L0F1
B0BCXJCMZ9,A3RIXSMCG9L0F1
B0BC88DSLH,A3RIXSMCG9L0F1
B0BBFVZGGL,A3RIXSMCG9L0F1
B0B8VJV7WD,A3RIXSMCG9L0F1
B0B81VH3QR,A3RIXSMCG9L0F1
B0B6HRK7MP,A3RIXSMCG9L0F1
B0B4FMVJVX,A3RIXSMCG9L0F1
B0B3NC1NVS,A3RIXSMCG9L0F1
B0B3JQS1TV,A3RIXSMCG9L0F1
B0B3GBP78J,A3RIXSMCG9L0F1
B09Z6JY7JK,A3RIXSMCG9L0F1
B09XPFZJV5,A3RIXSMCG9L0F1
B09SFS53TS,A3RIXSMCG9L0F1
B09RF427J4,A3RIXSMCG9L0F1
B09NDJ9HYG,A3RIXSMCG9L0F1
B09NBQLCVY,A3RIXSMCG9L0F1
B09MT8VTTR,A3RIXSMCG9L0F1
B09KMGPPPB,A3RIXSMCG9L0F1
B09HT3VGL7,A3RIXSMCG9L0F1
B09CYNBPBD,A3RIXSMCG9L0F1
B09BTBRR5T,A3RIXSMCG9L0F1
B09BJ2QLLL,A3RIXSMCG9L0F1
B09998G6JD,A3RIXSMCG9L0F1
B08W8T9JXR,A3RIXSMCG9L0F1
B08R5XPG68,A3RIXSMCG9L0F1
B08R567JVL,A3RIXSMCG9L0F1
B08QDJ9SR4,A3RIXSMCG9L0F1
B08D2GPR4K,A3RIXSMCG9L0F1
B0895MPTMV,A3RIXSMCG9L0F1
B0888553TM,A3RIXSMCG9L0F1
B0883647VG,A3RIXSMCG9L0F1
B0838W2N4J,A3RIXSMCG9L0F1
B07Y9GW5J6,A3RIXSMCG9L0F1
B07WHDMCTW,A3RIXSMCG9L0F1
B07V6KRCPX,A3RIXSMCG9L0F1
B07RFN3JYZ,A3RIXSMCG9L0F1
B07MY1M5T4,A3RIXSMCG9L0F1
B07HWWGVG2,A3RIXSMCG9L0F1
B07F15VWDR,A3RIXSMCG9L0F1
B079FGBPBG,A3RIXSMCG9L0F1
B0799XJ49Q,A3RIXSMCG9L0F1
B076P4X3H3,A3RIXSMCG9L0F1
B06XKR18S9,A3RIXSMCG9L0F1
B06XKJK8D2,A3RIXSMCG9L0F1
B06XDMBJDC,A3RIXSMCG9L0F1
B01LYBRV9L,A3RIXSMCG9L0F1
B01I0E3OJQ,A3RIXSMCG9L0F1
B01EBBR7CM,A3RIXSMCG9L0F1
B01EBB5602,A3RIXSMCG9L0F1
B01D9T44WI,A3RIXSMCG9L0F1
B01D27A5OS,A3RIXSMCG9L0F1
B00MK2D5XU,A3RIXSMCG9L0F1
B00DZXCXQI,A3RIXSMCG9L0F1
B007KPY766,A3RIXSMCG9L0F1
B005T7N8T4,A3RIXSMCG9L0F1
B000WCRKC2,A3RIXSMCG9L0F1
B0CDLG5JKW,A3RIXSMCG9L0F1
B0B1JRJZCL,A3RIXSMCG9L0F1
B0DDK7LZBC,A3RIXSMCG9L0F1
B09ZNZTTMZ,A3RIXSMCG9L0F1
B0C52PH8ZH,A3RIXSMCG9L0F1
B09JBZD8KH,A3RIXSMCG9L0F1
B0BTW565TD,A3RIXSMCG9L0F1
B098L7ZPCK,A3RIXSMCG9L0F1
B092Z48QV1,A3RIXSMCG9L0F1
B0DHV9V82K,A3RIXSMCG9L0F1
B001KN545M,A3RIXSMCG9L0F1
B09D7HQ7CZ,A3RIXSMCG9L0F1
B00P04EDOU,A3RIXSMCG9L0F1
B0CGHBY9ZR,A3RIXSMCG9L0F1
B0BLBZD168,A3RIXSMCG9L0F1
B0B4SNZFXP,A3RIXSMCG9L0F1
B095WYKPHT,A3RIXSMCG9L0F1
B08RDHZCGX,A3RIXSMCG9L0F1
B07YN3MPTN,A3RIXSMCG9L0F1
B07NKFFL2C,A3RIXSMCG9L0F1
B0DST7MCK8,A3RIXSMCG9L0F1
B0DSPYGYHJ,A3RIXSMCG9L0F1
B0DR8X5PT5,A3RIXSMCG9L0F1
B0DHCS2XKY,A3RIXSMCG9L0F1
B0DGL4HKTM,A3RIXSMCG9L0F1
B0DGFXM8TQ,A3RIXSMCG9L0F1
B0DFVND3SW,A3RIXSMCG9L0F1
B0DFTG9XPH,A3RIXSMCG9L0F1
B0DCJN4K2F,A3RIXSMCG9L0F1
B0D8ZLKVM8,A3RIXSMCG9L0F1
B0D835BD2J,A3RIXSMCG9L0F1
B0D62M2PXB,A3RIXSMCG9L0F1
B0D3TDNG9R,A3RIXSMCG9L0F1
B0D3LHQX1G,A3RIXSMCG9L0F1
B0D3L1JD2C,A3RIXSMCG9L0F1
B0D3C9YNNP,A3RIXSMCG9L0F1
B0D22LVKB2,A3RIXSMCG9L0F1
B0CZ3SRVJT,A3RIXSMCG9L0F1
B0CYLS8YG8,A3RIXSMCG9L0F1
B0CX9D887F,A3RIXSMCG9L0F1
B0CWR2DZWQ,A3RIXSMCG9L0F1
B0CT8FB6J1,A3RIXSMCG9L0F1
B0CSST9TYQ,A3RIXSMCG9L0F1
B0CRYRHBPF,A3RIXSMCG9L0F1
B0CR16FYND,A3RIXSMCG9L0F1
B0CQY3KS5X,A3RIXSMCG9L0F1
B0CQVHNYGW,A3RIXSMCG9L0F1
B0CPSNSH9R,A3RIXSMCG9L0F1
B0CKVSQY3M,A3RIXSMCG9L0F1
B0CKLL55PB,A3RIXSMCG9L0F1
B0CJ8Y8FYD,A3RIXSMCG9L0F1
B0CGF2ZLT7,A3RIXSMCG9L0F1
B0CFY3LRWZ,A3RIXSMCG9L0F1
B0CCRXZ1ND,A3RIXSMCG9L0F1
B0CC4D5V5F,A3RIXSMCG9L0F1
B0CBK9M9M9,A3RIXSMCG9L0F1
B0C9NVKK3D,A3RIXSMCG9L0F1
B0C7G6Y4ZT,A3RIXSMCG9L0F1
B0C4Y7WNCY,A3RIXSMCG9L0F1
B0C4T3YL4Z,A3RIXSMCG9L0F1
B0C4D9KXSZ,A3RIXSMCG9L0F1
B0C46ZMPN8,A3RIXSMCG9L0F1
B0C23MCVCD,A3RIXSMCG9L0F1
B0C1BWZ3LK,A3RIXSMCG9L0F1
B0B9FDM3NH,A3RIXSMCG9L0F1
B0B6ZNPKR6,A3RIXSMCG9L0F1
B0B62Q4M5G,A3RIXSMCG9L0F1
B0B3CXJB8J,A3RIXSMCG9L0F1
B0B1HYPM1Y,A3RIXSMCG9L0F1
B09Z31872T,A3RIXSMCG9L0F1
B09Y8GHMM5,A3RIXSMCG9L0F1
B09Y4BDL37,A3RIXSMCG9L0F1
B09XMGP4KT,A3RIXSMCG9L0F1
B09XDXH49X,A3RIXSMCG9L0F1
B09WMFVW1F,A3RIXSMCG9L0F1
B09W4Q47LR,A3RIXSMCG9L0F1
B09STNJ81F,A3RIXSMCG9L0F1
B09QJBHB2Y,A3RIXSMCG9L0F1
B09QG5WNB7,A3RIXSMCG9L0F1
B09NP8MR65,A3RIXSMCG9L0F1
B0C1B4L9VQ,A3RIXSMCG9L0F1
B0BXSYKKDW,A3RIXSMCG9L0F1
B0BXGPCVZ3,A3RIXSMCG9L0F1
B0BWY8D2N4,A3RIXSMCG9L0F1
B0BWXRQ85T,A3RIXSMCG9L0F1
B0BTSVHZ31,A3RIXSMCG9L0F1
B0BTP45X2L,A3RIXSMCG9L0F1
B0BTLSRPKF,A3RIXSMCG9L0F1
B0BQMSLL8Y,A3RIXSMCG9L0F1
B0BQDQGH26,A3RIXSMCG9L0F1
B0BQBX9GTC,A3RIXSMCG9L0F1
B0BP2C1KGM,A3RIXSMCG9L0F1
B0BMVGX3NC,A3RIXSMCG9L0F1
B0BJDWRS3F,A3RIXSMCG9L0F1
B0BF8RQM4S,A3RIXSMCG9L0F1
B0BBLNBY11,A3RIXSMCG9L0F1
B0D5MLPS7T,A3RIXSMCG9L0F1
B0D5CX6PD9,A3RIXSMCG9L0F1
B0D48MYX7C,A3RIXSMCG9L0F1
B0D3XF66VV,A3RIXSMCG9L0F1
B0D3WLDWW2,A3RIXSMCG9L0F1
B0D3PVV86Z,A3RIXSMCG9L0F1
B0D2NFB3TH,A3RIXSMCG9L0F1
B0D2JBQC7B,A3RIXSMCG9L0F1
B0D2J6SXDN,A3RIXSMCG9L0F1
B0CZY3X774,A3RIXSMCG9L0F1
B0CXX5CTY1,A3RIXSMCG9L0F1
B0CRKRZXFC,A3RIXSMCG9L0F1
B0CQXG695R,A3RIXSMCG9L0F1
B0CPJH7868,A3RIXSMCG9L0F1
B0CP274MTM,A3RIXSMCG9L0F1
B0CL75YLLQ,A3RIXSMCG9L0F1
B09N7XZ1S9,A3RIXSMCG9L0F1
B09JC5PVN6,A3RIXSMCG9L0F1
B09HPTT8JT,A3RIXSMCG9L0F1
B09H2G6CGF,A3RIXSMCG9L0F1
B098XF2SND,A3RIXSMCG9L0F1
B0987W1N7L,A3RIXSMCG9L0F1
B097Q3YN5N,A3RIXSMCG9L0F1
B096NQQKCG,A3RIXSMCG9L0F1
B093L7ZN4R,A3RIXSMCG9L0F1
B093H1VVK6,A3RIXSMCG9L0F1
B092D27FP6,A3RIXSMCG9L0F1
B08TDPK7CV,A3RIXSMCG9L0F1
B08R5D23YM,A3RIXSMCG9L0F1
B08QDBYN67,A3RIXSMCG9L0F1
B08PZ371FP,A3RIXSMCG9L0F1
B08FHY2KQV,A3RIXSMCG9L0F1
B089VZ8JV3,A3RIXSMCG9L0F1
B08975PMYV,A3RIXSMCG9L0F1
B087N1JQMD,A3RIXSMCG9L0F1
B07TFCH2T3,A3RIXSMCG9L0F1
B07S6LQDR2,A3RIXSMCG9L0F1
B07S19VWPY,A3RIXSMCG9L0F1
B07QRN8R81,A3RIXSMCG9L0F1
B07PZ12Z4Y,A3RIXSMCG9L0F1
B07PWTXRJN,A3RIXSMCG9L0F1
B07MPNJZBV,A3RIXSMCG9L0F1
B07MP1KX9N,A3RIXSMCG9L0F1
B07LFMW2K3,A3RIXSMCG9L0F1
B07K1JK478,A3RIXSMCG9L0F1
B07J4T6C6B,A3RIXSMCG9L0F1
B07HWVQRHW,A3RIXSMCG9L0F1
B07HLSVJV9,A3RIXSMCG9L0F1
B07H9P1XFD,A3RIXSMCG9L0F1
B07F7KMPTG,A3RIXSMCG9L0F1
B072P2C777,A3RIXSMCG9L0F1
B06ZZZDG5M,A3RIXSMCG9L0F1
B0B1JPY9F4,A3RIXSMCG9L0F1
B0BXCP63PG,A3RIXSMCG9L0F1
B09MQB385V,A3RIXSMCG9L0F1
B0BWXRTG26,A3RIXSMCG9L0F1
B09JVVZ1G3,A3RIXSMCG9L0F1
B001ASB17M,A3RIXSMCG9L0F1
B09D8DG6YH,A3RIXSMCG9L0F1
B085TCYZZ1,A3RIXSMCG9L0F1
B098L83PXN,A3RIXSMCG9L0F1
B0D1G2787Y,A3RIXSMCG9L0F1
B098L7M711,A3RIXSMCG9L0F1
B08JTN9VG9,A3RIXSMCG9L0F1
B08Y5NVTG8,A3RIXSMCG9L0F1
B07WZRMGPP,A3RIXSMCG9L0F1
B08NL4M118,A3RIXSMCG9L0F1
B0779SCJ1R,A3RIXSMCG9L0F1
B088TFLVGS,A3RIXSMCG9L0F1
B00IJYVZUI,A3RIXSMCG9L0F1
B085R8Y2G3,A3RIXSMCG9L0F1
B0CNSY9HJ6,A3RIXSMCG9L0F1
B0855F586P,A3RIXSMCG9L0F1
B09GV3XVSV,A3RIXSMCG9L0F1
B07QH15K7J,A3RIXSMCG9L0F1
B0BGRZBLBN,A3RIXSMCG9L0F1
B07MVZHLGZ,A3RIXSMCG9L0F1
B0B4VHQDKN,A3RIXSMCG9L0F1
B01KKHI3N8,A3RIXSMCG9L0F1
B09V2KHNPN,A3RIXSMCG9L0F1
B00L0UWCE6,A3RIXSMCG9L0F1
B09QHPVBSD,A3RIXSMCG9L0F1
B0968NG7SF,A3RIXSMCG9L0F1
B0921NXDST,A3RIXSMCG9L0F1
B07SJTSLRN,A3RIXSMCG9L0F1
B0DWDQBP29,A3RIXSMCG9L0F1
B0DS1QNX9H,A3RIXSMCG9L0F1
B0DRC3DQ4T,A3RIXSMCG9L0F1
B0DQXNBD5B,A3RIXSMCG9L0F1
B0DPKMY9BZ,A3RIXSMCG9L0F1
B0DMZL59XJ,A3RIXSMCG9L0F1
B0DL9W8S8T,A3RIXSMCG9L0F1
B0DJQQ59MF,A3RIXSMCG9L0F1
B0DFLTGFXZ,A3RIXSMCG9L0F1
B0DFGKY38M,A3RIXSMCG9L0F1
B0DD7HNCP5,A3RIXSMCG9L0F1
B0DBL4MMBY,A3RIXSMCG9L0F1
B0DB12SM2K,A3RIXSMCG9L0F1
B0D9VJB932,A3RIXSMCG9L0F1
B0D8VBPJ5W,A3RIXSMCG9L0F1
B0D7J3PQRN,A3RIXSMCG9L0F1
B0D6LVX955,A3RIXSMCG9L0F1
B0D6BHB87N,A3RIXSMCG9L0F1
B0D5HQCRDD,A3RIXSMCG9L0F1
B0D48QTK8S,A3RIXSMCG9L0F1
B0D48MFZPW,A3RIXSMCG9L0F1
B0D223S9VK,A3RIXSMCG9L0F1
B0D21L7QVD,A3RIXSMCG9L0F1
B0D11783FL,A3RIXSMCG9L0F1
B0CZP49JLJ,A3RIXSMCG9L0F1
B0CZF7J9XP,A3RIXSMCG9L0F1
B0CZCYXBXD,A3RIXSMCG9L0F1
B0CXXDLPZD,A3RIXSMCG9L0F1
B0CXPH19K4,A3RIXSMCG9L0F1
B0CX8TVQ5D,A3RIXSMCG9L0F1
B0CWH1MGN6,A3RIXSMCG9L0F1
B0CDGXC8H7,A3RIXSMCG9L0F1
B0CC2MV7HL,A3RIXSMCG9L0F1
B0CC22MKTH,A3RIXSMCG9L0F1
B0C974189J,A3RIXSMCG9L0F1
B0C6MBMBXG,A3RIXSMCG9L0F1
B0C69K5NQN,A3RIXSMCG9L0F1
B0C52VB5HW,A3RIXSMCG9L0F1
B0C4LW872X,A3RIXSMCG9L0F1
B0C3QTQC2S,A3RIXSMCG9L0F1
B0C2VZ6Z98,A3RIXSMCG9L0F1
B0C2CYQXQ1,A3RIXSMCG9L0F1
B0C2BKQH21,A3RIXSMCG9L0F1
B0BZRKMTWB,A3RIXSMCG9L0F1
B0BY4Y74GS,A3RIXSMCG9L0F1
B0BWY96RCX,A3RIXSMCG9L0F1
B0BVTSF2XC,A3RIXSMCG9L0F1
B0B4SMC4RS,A3RIXSMCG9L0F1
B0B4P3FH36,A3RIXSMCG9L0F1
B0B4C6K3B2,A3RIXSMCG9L0F1
B0B45X1HL3,A3RIXSMCG9L0F1
B0B2426T62,A3RIXSMCG9L0F1
B0B1F1KGZT,A3RIXSMCG9L0F1
B0B1DZP4DV,A3RIXSMCG9L0F1
B0B1DKCKTX,A3RIXSMCG9L0F1
B0B1439PND,A3RIXSMCG9L0F1
B09ZV2SMRZ,A3RIXSMCG9L0F1
B09ZDFG1BY,A3RIXSMCG9L0F1
B09YYQWKHX,A3RIXSMCG9L0F1
B09YXZ8VL6,A3RIXSMCG9L0F1
B09Y8R3R99,A3RIXSMCG9L0F1
B09XCSMBWT,A3RIXSMCG9L0F1
B09VG99664,A3RIXSMCG9L0F1
B09TW4Y7LW,A3RIXSMCG9L0F1
B09TKMNXZ4,A3RIXSMCG9L0F1
B09SVDZKLT,A3RIXSMCG9L0F1
B09RMLV4WJ,A3RIXSMCG9L0F1
B09NVVGX94,A3RIXSMCG9L0F1
B09NCTJB7C,A3RIXSMCG9L0F1
B09NBHF7Y7,A3RIXSMCG9L0F1
B09N7WCMDV,A3RIXSMCG9L0F1
B09JNCLWYR,A3RIXSMCG9L0F1
B09J2HFLG5,A3RIXSMCG9L0F1
B09G33J4BZ,A3RIXSMCG9L0F1
B09FM3BPN1,A3RIXSMCG9L0F1
B09F6CKGMY,A3RIXSMCG9L0F1
B098JWMHB2,A3RIXSMCG9L0F1
B098JL924V,A3RIXSMCG9L0F1
B096XK5HNB,A3RIXSMCG9L0F1
B0CRB1HCSN,A3RIXSMCG9L0F1
B0CQTBC3CF,A3RIXSMCG9L0F1
B0CQNN3WWN,A3RIXSMCG9L0F1
B0CQKYJ2HJ,A3RIXSMCG9L0F1
B0CPLLCM98,A3RIXSMCG9L0F1
B0CP3FYNXK,A3RIXSMCG9L0F1
B0CLDGXRL3,A3RIXSMCG9L0F1
B0CKYSJG9F,A3RIXSMCG9L0F1
B0CKVCY75M,A3RIXSMCG9L0F1
B0CJHNWD9W,A3RIXSMCG9L0F1
B0CGLN9MHD,A3RIXSMCG9L0F1
B0CG98RZWR,A3RIXSMCG9L0F1
B0CFHFC5HD,A3RIXSMCG9L0F1
B0CFGDG2JG,A3RIXSMCG9L0F1
B0CDNPGNJP,A3RIXSMCG9L0F1
B0CDL8H26B,A3RIXSMCG9L0F1
B08FD5X3NZ,A3RIXSMCG9L0F1
B08CZYXQTM,A3RIXSMCG9L0F1
B08B62VKTK,A3RIXSMCG9L0F1
B089QFWDQN,A3RIXSMCG9L0F1
B089771ZGV,A3RIXSMCG9L0F1
B087N4GS5J,A3RIXSMCG9L0F1
B0865Y22LJ,A3RIXSMCG9L0F1
B085VQYNHT,A3RIXSMCG9L0F1
B083F98KNN,A3RIXSMCG9L0F1
B082D6NSWY,A3RIXSMCG9L0F1
B0816MJ18K,A3RIXSMCG9L0F1
B07YC85TQF,A3RIXSMCG9L0F1
B07X4GJLPC,A3RIXSMCG9L0F1
B07WDSRP3Q,A3RIXSMCG9L0F1
B07VYRQ71Z,A3RIXSMCG9L0F1
B07VGH4W84,A3RIXSMCG9L0F1
B01M2BXY39,A3RIXSMCG9L0F1
B01I5ZBDAM,A3RIXSMCG9L0F1
B016KS4NLC,A3RIXSMCG9L0F1
B015NBRSLY,A3RIXSMCG9L0F1
B013WPDAVU,A3RIXSMCG9L0F1
B00VSCLDLE,A3RIXSMCG9L0F1
B00SP85XGK,A3RIXSMCG9L0F1
B007BNSRHC,A3RIXSMCG9L0F1
B003F2U1IG,A3RIXSMCG9L0F1
B001TIG36C,A3RIXSMCG9L0F1
B000MRCINS,A3RIXSMCG9L0F1
B0956PKQZS,A3RIXSMCG9L0F1
B0943C87MC,A3RIXSMCG9L0F1
B093Q118VB,A3RIXSMCG9L0F1
B093D9FZ21,A3RIXSMCG9L0F1
B092M6H4CD,A3RIXSMCG9L0F1
B0922F4PWJ,A3RIXSMCG9L0F1
B0921QQVRQ,A3RIXSMCG9L0F1
B08XBJT52S,A3RIXSMCG9L0F1
B08QMHBQYV,A3RIXSMCG9L0F1
B08QD685RK,A3RIXSMCG9L0F1
B08QCH23M5,A3RIXSMCG9L0F1
B08QCCL5GR,A3RIXSMCG9L0F1
B08PFFWYXV,A3RIXSMCG9L0F1
B08P9N5VSH,A3RIXSMCG9L0F1
B08N6B52K6,A3RIXSMCG9L0F1
B08HHQXRWS,A3RIXSMCG9L0F1
B0BVK97XM7,A3RIXSMCG9L0F1
B0BTXZM37M,A3RIXSMCG9L0F1
B0BRG74KT5,A3RIXSMCG9L0F1
B0BR4BS5F2,A3RIXSMCG9L0F1
B0BR3JPR4W,A3RIXSMCG9L0F1
B0BNMLQ7D2,A3RIXSMCG9L0F1
B0BNHKZCT8,A3RIXSMCG9L0F1
B0BM9LBBGH,A3RIXSMCG9L0F1
B0BLP64TYQ,A3RIXSMCG9L0F1
B0BKSQNJZ8,A3RIXSMCG9L0F1
B0BK8BX19L,A3RIXSMCG9L0F1
B0BGGRJHVN,A3RIXSMCG9L0F1
B0BFF3R6NR,A3RIXSMCG9L0F1
B0BCL6VC89,A3RIXSMCG9L0F1
B0B9MSG3VQ,A3RIXSMCG9L0F1
B0B6HC77YF,A3RIXSMCG9L0F1
B0C1H1FLW1,A3RIXSMCG9L0F1
B0DHMZ12Q4,A3RIXSMCG9L0F1
B09Y32M9KL,A3RIXSMCG9L0F1
B0CYPW1MRG,A3RIXSMCG9L0F1
B09DYSNVK2,A3RIXSMCG9L0F1
B0C1T3PL8H,A3RIXSMCG9L0F1
B081YLQFLS,A3RIXSMCG9L0F1
B0BN1W2PJL,A3RIXSMCG9L0F1
B0DG5WS322,A3RIXSMCG9L0F1
B09XPK4BPG,A3RIXSMCG9L0F1
B0DGFWTVG5,A3RIXSMCG9L0F1
B08NLM1914,A3RIXSMCG9L0F1
B07VB446P2,A3RIXSMCG9L0F1
B07RRNBT3H,A3RIXSMCG9L0F1
B07QJ8Z745,A3RIXSMCG9L0F1
B07QCDJCDL,A3RIXSMCG9L0F1
B07Q2TQZ85,A3RIXSMCG9L0F1
B07NW9YP8P,A3RIXSMCG9L0F1
B07HG1SZ5F,A3RIXSMCG9L0F1
B07G5RQ2FH,A3RIXSMCG9L0F1
B07CM6WGGQ,A3RIXSMCG9L0F1
B0798PZNXK,A3RIXSMCG9L0F1
B0771XL2VS,A3RIXSMCG9L0F1
B075TP8TB4,A3RIXSMCG9L0F1
B074SXWG9J,A3RIXSMCG9L0F1
B073SQFX2Y,A3RIXSMCG9L0F1
B0739XKTZV,A3RIXSMCG9L0F1
B01MR3XFQG,A3RIXSMCG9L0F1
B0CN6WXRYR,A3RIXSMCG9L0F1
B0BZHDVG8V,A3RIXSMCG9L0F1
B0CCP81SF2,A3RIXSMCG9L0F1
B07GYXNN2G,A3RIXSMCG9L0F1
B0DRFD11JL,A3RIXSMCG9L0F1
B0BR8CQMVQ,A3RIXSMCG9L0F1
B0993PG59G,A3RIXSMCG9L0F1
B0C5GNBF98,A3RIXSMCG9L0F1
B099K3GXDQ,A3RIXSMCG9L0F1
B07RG71JLJ,A3RIXSMCG9L0F1
B07RJ2PN7S,A3RIXSMCG9L0F1
B087Q73PSS,A3RIXSMCG9L0F1
B0B6DCLZ69,A3RIXSMCG9L0F1
B09VGXXK6F,A3RIXSMCG9L0F1
B014DQ21LM,A3RIXSMCG9L0F1
B01IAGU5NM,A3RIXSMCG9L0F1
B0821QR4Y5,A3RIXSMCG9L0F1
B07MLPQRB4,A3RIXSMCG9L0F1
B07JPD9VTX,A3RIXSMCG9L0F1
B0D2P3PM6X,A3RIXSMCG9L0F1
B09NRQXWHF,A3RIXSMCG9L0F1
B0BQBTGQJ8,A3RIXSMCG9L0F1
B08F2YKNVL,A3RIXSMCG9L0F1
B078V1314X,A3RIXSMCG9L0F1
B0DJVKDYPR,A3RIXSMCG9L0F1
B0BHL915Z7,A3RIXSMCG9L0F1
B0DJVCCX2T,A3RIXSMCG9L0F1
B0D2HJF34F,A3RIXSMCG9L0F1
B0D29F9Q41,A3RIXSMCG9L0F1
B0C55F8YT9,A3RIXSMCG9L0F1
B0CPXP3TC1,A3RIXSMCG9L0F1
B07RX9R5HQ,A3RIXSMCG9L0F1
B0CFQKNNH5,A3RIXSMCG9L0F1
B00M7HPVV2,A3RIXSMCG9L0F1
B0C79JLPR7,A3RIXSMCG9L0F1
B083CMV6Z2,A3RIXSMCG9L0F1
B09ZNM7GRY,A3RIXSMCG9L0F1
B0DQCHQ4XR,A3RIXSMCG9L0F1
B09TNN3SWR,A3RIXSMCG9L0F1
B0DKNKL2WD,A3RIXSMCG9L0F1
B09K3ZF7GW,A3RIXSMCG9L0F1
B0CJY2BMYT,A3RIXSMCG9L0F1
B09FPPRYVT,A3RIXSMCG9L0F1
B07WGMV68J,A3RIXSMCG9L0F1
B096ZZD7G9,A3RIXSMCG9L0F1
B07VLPBF82,A3RIXSMCG9L0F1
B08XYXBY19,A3RIXSMCG9L0F1
B0B3R96QBW,A3RIXSMCG9L0F1
B08WPL7376,A3RIXSMCG9L0F1
B07QF7KDPW,A3RIXSMCG9L0F1
B08MLFXJ3T,A3RIXSMCG9L0F1
B0C2CS5YXZ,A3RIXSMCG9L0F1
B08LVR92KK,A3RIXSMCG9L0F1
B09YPV1BH5,A3RIXSMCG9L0F1
B08L7HG3V3,A3RIXSMCG9L0F1
B08J8683V7,A3RIXSMCG9L0F1
B08JD3NXXF,A3RIXSMCG9L0F1
B097MC9Z14,A3RIXSMCG9L0F1
B08JD1M3RD,A3RIXSMCG9L0F1
B07G81P7PP,A3RIXSMCG9L0F1
B08JCZXR61,A3RIXSMCG9L0F1
B018J7TTVG,A3RIXSMCG9L0F1
B08JCYQQHD,A3RIXSMCG9L0F1
B0DL8R5VFM,A3RIXSMCG9L0F1
B07HCD247J,A3RIXSMCG9L0F1
B0CZP368L7,A3RIXSMCG9L0F1
B07H6BHFYR,A3RIXSMCG9L0F1
B0CGWHJRB9,A3RIXSMCG9L0F1
B07F1C35ML,A3RIXSMCG9L0F1
B09MD3GMWW,A3RIXSMCG9L0F1
B0079MJPS0,A3RIXSMCG9L0F1
B08R8G8CL4,A3RIXSMCG9L0F1
B07MQ4KWLQ,A3RIXSMCG9L0F1
B0DTH8C253,A3RIXSMCG9L0F1
B0DT1NN57V,A3RIXSMCG9L0F1
B0DRYR5YV7,A3RIXSMCG9L0F1
B0DRNNJT2C,A3RIXSMCG9L0F1
B0DR8BN68T,A3RIXSMCG9L0F1
B0DPZVDCFW,A3RIXSMCG9L0F1
B0DP2YM5HD,A3RIXSMCG9L0F1
B0DL9YV7NB,A3RIXSMCG9L0F1
B0DG98TNFT,A3RIXSMCG9L0F1
B0DFGZ77CQ,A3RIXSMCG9L0F1
B0DF8VT585,A3RIXSMCG9L0F1
B0DCVCTSDB,A3RIXSMCG9L0F1
B0D9QDYFWW,A3RIXSMCG9L0F1
B0D95GNX9G,A3RIXSMCG9L0F1
B0D939VR75,A3RIXSMCG9L0F1
B0D86YLGFD,A3RIXSMCG9L0F1
B0D7M6ZXTQ,A3RIXSMCG9L0F1
B0D7LWTTYC,A3RIXSMCG9L0F1
B0D6Y2X2X4,A3RIXSMCG9L0F1
B0D58PY1MF,A3RIXSMCG9L0F1
B0D4DX7M6Y,A3RIXSMCG9L0F1
B0D47JH7LV,A3RIXSMCG9L0F1
B0D2TXGJGR,A3RIXSMCG9L0F1
B0D25Y6HPX,A3RIXSMCG9L0F1
B0D1Q9299L,A3RIXSMCG9L0F1
B0CZP1K78N,A3RIXSMCG9L0F1
B0CYLXX5DF,A3RIXSMCG9L0F1
B0CVQ9YFS2,A3RIXSMCG9L0F1
B0CSK6P6YY,A3RIXSMCG9L0F1
B0CSJXR2GN,A3RIXSMCG9L0F1
B0CS6WMKPT,A3RIXSMCG9L0F1
B0CR194LJ4,A3RIXSMCG9L0F1
B0CPL44YWC,A3RIXSMCG9L0F1
B0CP953D78,A3RIXSMCG9L0F1
B0CNQNW6XT,A3RIXSMCG9L0F1
B0CN6LSSX3,A3RIXSMCG9L0F1
B0CMR51CZS,A3RIXSMCG9L0F1
B0CM5GPKVM,A3RIXSMCG9L0F1
B0CL3TT9WP,A3RIXSMCG9L0F1
B0CKLN6S3R,A3RIXSMCG9L0F1
B0CJKYK9CV,A3RIXSMCG9L0F1
B0CJJ35QW6,A3RIXSMCG9L0F1
B0CJ4Q251J,A3RIXSMCG9L0F1
B0CHJ2FJ2R,A3RIXSMCG9L0F1
B0CH16KHLT,A3RIXSMCG9L0F1
B0CGX3947B,A3RIXSMCG9L0F1
B0CGLQ5FW7,A3RIXSMCG9L0F1
B0CFZVTXTY,A3RIXSMCG9L0F1
B0CF9VP5M7,A3RIXSMCG9L0F1
B0CCVRRMD6,A3RIXSMCG9L0F1
B0CC1NLGNN,A3RIXSMCG9L0F1
B0C8HC66XC,A3RIXSMCG9L0F1
B0C891ZJLQ,A3RIXSMCG9L0F1
B0C6SLWFM2,A3RIXSMCG9L0F1
B0C6K26SJZ,A3RIXSMCG9L0F1
B0C5VMVRLX,A3RIXSMCG9L0F1
B0C4QGR6WZ,A3RIXSMCG9L0F1
B0C1GFXBMQ,A3RIXSMCG9L0F1
B0C1FZPLLT,A3RIXSMCG9L0F1
B0BZ3J1QWM,A3RIXSMCG9L0F1
B0BY947TMB,A3RIXSMCG9L0F1
B0BY2HWHZ2,A3RIXSMCG9L0F1
B0BXCY3B9F,A3RIXSMCG9L0F1
B0BX9KYGLL,A3RIXSMCG9L0F1
B0BWH76VH9,A3RIXSMCG9L0F1
B0BVVFRBL8,A3RIXSMCG9L0F1
B0BV6GFHZD,A3RIXSMCG9L0F1
B0BRXM3KMB,A3RIXSMCG9L0F1
B0BRRFH2KQ,A3RIXSMCG9L0F1
B0BPLLPH19,A3RIXSMCG9L0F1
B0BN59PDY4,A3RIXSMCG9L0F1
B0BLN5HFH4,A3RIXSMCG9L0F1
B0BKPYJPLM,A3RIXSMCG9L0F1
B0BKL34SZY,A3RIXSMCG9L0F1
B0BJ81VYLK,A3RIXSMCG9L0F1
B08DQ2MVTN,A3RIXSMCG9L0F1
B08D7KGYJ3,A3RIXSMCG9L0F1
B08CKVRWQ8,A3RIXSMCG9L0F1
B087TDJ1F1,A3RIXSMCG9L0F1
B082XMG5B9,A3RIXSMCG9L0F1
B07ZNV5DC3,A3RIXSMCG9L0F1
B07ZKZ13FP,A3RIXSMCG9L0F1
B07XKYQYSP,A3RIXSMCG9L0F1
B07X5SPQZ8,A3RIXSMCG9L0F1
B07WP6H6QJ,A3RIXSMCG9L0F1
B07TSZ3F52,A3RIXSMCG9L0F1
B07T96D8S2,A3RIXSMCG9L0F1
B07RTKNCNF,A3RIXSMCG9L0F1
B07Q56KXV6,A3RIXSMCG9L0F1
B07Q55TYNW,A3RIXSMCG9L0F1
B07N14CHW6,A3RIXSMCG9L0F1
B0BHYP7CZN,A3RIXSMCG9L0F1
B0BHSN1V2F,A3RIXSMCG9L0F1
B0BHH82GPJ,A3RIXSMCG9L0F1
B0BH8CTMMH,A3RIXSMCG9L0F1
B0BGRFS7M9,A3RIXSMCG9L0F1
B0BGKDBPL5,A3RIXSMCG9L0F1
B0BFJ36YM1,A3RIXSMCG9L0F1
B0BDSDHCBH,A3RIXSMCG9L0F1
B0BBQSMTDF,A3RIXSMCG9L0F1
B0BBND38QS,A3RIXSMCG9L0F1
B0B97KRJWK,A3RIXSMCG9L0F1
B0B8VH159N,A3RIXSMCG9L0F1
B0B8T7MCPV,A3RIXSMCG9L0F1
B0B8CM3JV1,A3RIXSMCG9L0F1
B0B87QW66L,A3RIXSMCG9L0F1
B0B7NNNQTW,A3RIXSMCG9L0F1
B09V29Q5KX,A3RIXSMCG9L0F1
B09V19GQSP,A3RIXSMCG9L0F1
B09TYT784F,A3RIXSMCG9L0F1
B09QKMHR7S,A3RIXSMCG9L0F1
B09QCP58DG,A3RIXSMCG9L0F1
B09PBQ5B11,A3RIXSMCG9L0F1
B09NV9SM12,A3RIXSMCG9L0F1
B09NNFGJ88,A3RIXSMCG9L0F1
B09NM3JDRP,A3RIXSMCG9L0F1
B09M8NRJ4C,A3RIXSMCG9L0F1
B09JZ872K6,A3RIXSMCG9L0F1
B09JCN6MRC,A3RIXSMCG9L0F1
B09J2C1LL1,A3RIXSMCG9L0F1
B09FL6ZR9L,A3RIXSMCG9L0F1
B09CTWTG5D,A3RIXSMCG9L0F1
B099MT2BY1,A3RIXSMCG9L0F1
B0B7J27J97,A3RIXSMCG9L0F1
B0B75GL477,A3RIXSMCG9L0F1
B0B6DL5NMP,A3RIXSMCG9L0F1
B0B54JM7ML,A3RIXSMCG9L0F1
B0B314P7YQ,A3RIXSMCG9L0F1
B0B2V4ZJ79,A3RIXSMCG9L0F1
B0B23GDTJY,A3RIXSMCG9L0F1
B09Z276D7X,A3RIXSMCG9L0F1
B09YY2QXZF,A3RIXSMCG9L0F1
B09Y13KFZN,A3RIXSMCG9L0F1
B09X2WGHDN,A3RIXSMCG9L0F1
B09WVD4W9P,A3RIXSMCG9L0F1
B09WKGB8KC,A3RIXSMCG9L0F1
B09W8GGP7K,A3RIXSMCG9L0F1
B09VGX2Y6P,A3RIXSMCG9L0F1
B09V2HRT5N,A3RIXSMCG9L0F1
B0998DS913,A3RIXSMCG9L0F1
B098XTMFSX,A3RIXSMCG9L0F1
B098X6L1VS,A3RIXSMCG9L0F1
B096BFSN1P,A3RIXSMCG9L0F1
B095YZT3YC,A3RIXSMCG9L0F1
B094FB2BT6,A3RIXSMCG9L0F1
B0933197JH,A3RIXSMCG9L0F1
B092S8JJ1X,A3RIXSMCG9L0F1
B0925CSMLC,A3RIXSMCG9L0F1
B08X21LBQH,A3RIXSMCG9L0F1
B08VWGQBJ4,A3RIXSMCG9L0F1
B08RP2CH4Y,A3RIXSMCG9L0F1
B08RB2K4FM,A3RIXSMCG9L0F1
B08PDD3QYR,A3RIXSMCG9L0F1
B08PBBWPJM,A3RIXSMCG9L0F1
B08HVDDRW5,A3RIXSMCG9L0F1
B07M7H15X3,A3RIXSMCG9L0F1
B07HT1NPVQ,A3RIXSMCG9L0F1
B07G97CSQ4,A3RIXSMCG9L0F1
B07FPNJHTG,A3RIXSMCG9L0F1
B07F7P1Z8S,A3RIXSMCG9L0F1
B07CV7DRD5,A3RIXSMCG9L0F1
B07BQQJH1Y,A3RIXSMCG9L0F1
B076CG5G6L,A3RIXSMCG9L0F1
B075RQYB88,A3RIXSMCG9L0F1
B074WHMGLH,A3RIXSMCG9L0F1
B06XXZ5PNJ,A3RIXSMCG9L0F1
B013F5K1HI,A3RIXSMCG9L0F1
B00MTVSLMC,A3RIXSMCG9L0F1
B00MF9HUTS,A3RIXSMCG9L0F1
B0DNMJ4MW4,A3RIXSMCG9L0F1
B0921YJ8JD,A3RIXSMCG9L0F1
B0DBCVHDZH,A3RIXSMCG9L0F1
B083TF1F59,A3RIXSMCG9L0F1
B0D9HPG2Q7,A3RIXSMCG9L0F1
B07PQFTH7G,A3RIXSMCG9L0F1
B0D7PLWSG8,A3RIXSMCG9L0F1
B09PV2XPGC,A3RIXSMCG9L0F1
B0D2RCCH8P,A3RIXSMCG9L0F1
B0CKP8DKJJ,A3RIXSMCG9L0F1
B0CRB5VXZN,A3RIXSMCG9L0F1
B0CWS137P8,A3RIXSMCG9L0F1
B0B4VZ9FGW,A3RIXSMCG9L0F1
B082CY81JK,A3RIXSMCG9L0F1
B09X1D4M11,A3RIXSMCG9L0F1
B01MU5SLLM,A3RIXSMCG9L0F1
B09V2LK2FR,A3RIXSMCG9L0F1
B09G18RGFY,A3RIXSMCG9L0F1
B09R1XQ998,A3RIXSMCG9L0F1
B07THLWZLJ,A3RIXSMCG9L0F1
B09N6D57NQ,A3RIXSMCG9L0F1
B0D7SC3MJM,A3RIXSMCG9L0F1
B092DZF965,A3RIXSMCG9L0F1
B0DG2R5KGG,A3RIXSMCG9L0F1
B08XLRY43S,A3RIXSMCG9L0F1
B08DN45HTN,A3RIXSMCG9L0F1
B08F7GW1C5,A3RIXSMCG9L0F1
B09171TSKQ,A3RIXSMCG9L0F1
B08CX43JCL,A3RIXSMCG9L0F1
B002PT52WK,A3RIXSMCG9L0F1
B0829VKMKN,A3RIXSMCG9L0F1
B09KRR5Q6F,A3RIXSMCG9L0F1
B07S21YKTZ,A3RIXSMCG9L0F1
B07VVR2TNH,A3RIXSMCG9L0F1
B07HZK73QY,A3RIXSMCG9L0F1
B0BX58NQYW,A3RIXSMCG9L0F1
B07GT56X4V,A3RIXSMCG9L0F1
B0B4NHY8SL,A3RIXSMCG9L0F1
B07XC9GC2F,A3RIXSMCG9L0F1
B08G1DCY43,A3RIXSMCG9L0F1
B08FYF2ZMR,A3RIXSMCG9L0F1
B0778HFZNG,A3RIXSMCG9L0F1
B01M3P7Z8Q,A3RIXSMCG9L0F1
B088KVBFZP,A3RIXSMCG9L0F1
B0098Y7H82,A3RIXSMCG9L0F1
B0CWH72PCF,A3RIXSMCG9L0F1
B0CGWPQC7G,A3RIXSMCG9L0F1
B0BV9XBMCF,A3RIXSMCG9L0F1
B0BGQJ227W,A3RIXSMCG9L0F1
B09K5B8WT2,A3RIXSMCG9L0F1
B08C7KFFJ7,A3RIXSMCG9L0F1
B083F86YMS,A3RIXSMCG9L0F1
B082B1JGL8,A3RIXSMCG9L0F1
B018NJGV8Y,A3RIXSMCG9L0F1
B0DT3XSCM6,A3RIXSMCG9L0F1
B0DSQ2VMQR,A3RIXSMCG9L0F1
B0DS2G64K4,A3RIXSMCG9L0F1
B0DRNQZZR8,A3RIXSMCG9L0F1
B0DR7JZJP8,A3RIXSMCG9L0F1
B0DHYQ2KD9,A3RIXSMCG9L0F1
B0DGTBLMT9,A3RIXSMCG9L0F1
B0DDL899W4,A3RIXSMCG9L0F1
B0DBV9ZJZ3,A3RIXSMCG9L0F1
B0D9SBSCMP,A3RIXSMCG9L0F1
B0CZ9CH9DZ,A3RIXSMCG9L0F1
B0CY2GD1ZH,A3RIXSMCG9L0F1
B0CXM1SWF4,A3RIXSMCG9L0F1
B0CXFHQCFD,A3RIXSMCG9L0F1
B0CWN9YR9X,A3RIXSMCG9L0F1
B0CW19L9GY,A3RIXSMCG9L0F1
B0CVX42RR4,A3RIXSMCG9L0F1
B0CSJ52KN6,A3RIXSMCG9L0F1
B0CSF241JG,A3RIXSMCG9L0F1
B0CSCYNHG3,A3RIXSMCG9L0F1
B0CS64FH6B,A3RIXSMCG9L0F1
B0CR9SGW4R,A3RIXSMCG9L0F1
B0CQP4BJ5Y,A3RIXSMCG9L0F1
B0CQ21P3PM,A3RIXSMCG9L0F1
B0CNG2QF6L,A3RIXSMCG9L0F1
B0CMJ2L1TV,A3RIXSMCG9L0F1
B0CLGTMPBS,A3RIXSMCG9L0F1
B0CKW44NZ1,A3RIXSMCG9L0F1
B0CKN8BHNG,A3RIXSMCG9L0F1
B0CJ2GJ2JN,A3RIXSMCG9L0F1
B0CHFCXNJY,A3RIXSMCG9L0F1
B0CH34G6WT,A3RIXSMCG9L0F1
B0CF91K4JV,A3RIXSMCG9L0F1
B0C8CM624P,A3RIXSMCG9L0F1
B0C7VQT9GT,A3RIXSMCG9L0F1
B0C5QM81FN,A3RIXSMCG9L0F1
B0C5CNQNB3,A3RIXSMCG9L0F1
B0C4Y6Z2PK,A3RIXSMCG9L0F1
B0C2774FB2,A3RIXSMCG9L0F1
B0C1NBVJBR,A3RIXSMCG9L0F1
B0BZP2VN1R,A3RIXSMCG9L0F1
B0BYSK5RC2,A3RIXSMCG9L0F1
B0BYMH5BM8,A3RIXSMCG9L0F1
B0BYJQWHQF,A3RIXSMCG9L0F1
B0BXKMC4BS,A3RIXSMCG9L0F1
B0BXKDXRQK,A3RIXSMCG9L0F1
B0BXJN6798,A3RIXSMCG9L0F1
B0BW2S41DL,A3RIXSMCG9L0F1
B0BVDHGQJN,A3RIXSMCG9L0F1
B0BV1KJVLN,A3RIXSMCG9L0F1
B0BRPWRWZB,A3RIXSMCG9L0F1
B0BPHMTJ7H,A3RIXSMCG9L0F1
B0BJBWQZ5N,A3RIXSMCG9L0F1
B0BHPV9YTT,A3RIXSMCG9L0F1
B0BH6TX4LP,A3RIXSMCG9L0F1
B0BGL22GB9,A3RIXSMCG9L0F1
B0BDFQZPYJ,A3RIXSMCG9L0F1
B0B9X9R4GW,A3RIXSMCG9L0F1
B0B9H3LVHH,A3RIXSMCG9L0F1
B0B7RSCTKB,A3RIXSMCG9L0F1
B0B6BQT4DC,A3RIXSMCG9L0F1
B0B49RRDHR,A3RIXSMCG9L0F1
B0B3MFR5PT,A3RIXSMCG9L0F1
B0B3MFCP1J,A3RIXSMCG9L0F1
B0B1ZW2P82,A3RIXSMCG9L0F1
B09ZXQZ1TL,A3RIXSMCG9L0F1
B09XK5NVR8,A3RIXSMCG9L0F1
B09X2XRY1Y,A3RIXSMCG9L0F1
B09WD39458,A3RIXSMCG9L0F1
B09W2FB341,A3RIXSMCG9L0F1
B09TQS33X6,A3RIXSMCG9L0F1
B09SKJPM43,A3RIXSMCG9L0F1
B09Q87H1T1,A3RIXSMCG9L0F1
B09MVVGTTM,A3RIXSMCG9L0F1
B09MTDXL28,A3RIXSMCG9L0F1
B09LQ267WV,A3RIXSMCG9L0F1
B09HBXV7QR,A3RIXSMCG9L0F1
B09BZT532D,A3RIXSMCG9L0F1
B0982W8T55,A3RIXSMCG9L0F1
B0979H46H5,A3RIXSMCG9L0F1
B0956Z6955,A3RIXSMCG9L0F1
B0952VFDMG,A3RIXSMCG9L0F1
B094Q1GT6B,A3RIXSMCG9L0F1
B094481H9M,A3RIXSMCG9L0F1
B0936PZ1DF,A3RIXSMCG9L0F1
B0921V7T94,A3RIXSMCG9L0F1
B091V1NLB3,A3RIXSMCG9L0F1
B08YK4CFXW,A3RIXSMCG9L0F1
B08V8LP1PY,A3RIXSMCG9L0F1
B08SPZNR6Q,A3RIXSMCG9L0F1
B08SBYN5SM,A3RIXSMCG9L0F1
B08S2T7FD8,A3RIXSMCG9L0F1
B08RNDRBHY,A3RIXSMCG9L0F1
B08P54T4JJ,A3RIXSMCG9L0F1
B08M6JNQGF,A3RIXSMCG9L0F1
B08KPXT3G9,A3RIXSMCG9L0F1
B08JYHTZBM,A3RIXSMCG9L0F1
B08HYPB7BB,A3RIXSMCG9L0F1
B08HPQR1L3,A3RIXSMCG9L0F1
B08HKS28ZP,A3RIXSMCG9L0F1
B08FD8FX9Q,A3RIXSMCG9L0F1
B08DXSXTFM,A3RIXSMCG9L0F1
B089Y7VQMD,A3RIXSMCG9L0F1
B089VWCXTY,A3RIXSMCG9L0F1
B087X9V3W8,A3RIXSMCG9L0F1
B084RPKFCP,A3RIXSMCG9L0F1
B00J5W5GRG,A3RIXSMCG9L0F1
B003LMCYLM,A3RIXSMCG9L0F1
B003GWBH0G,A3RIXSMCG9L0F1
B0027ACDKQ,A3RIXSMCG9L0F1
B0027A5EZM,A3RIXSMCG9L0F1
B0825BPBHD,A3RIXSMCG9L0F1
B08155943P,A3RIXSMCG9L0F1
B07YYJZ5F1,A3RIXSMCG9L0F1
B07XCT9VH2,A3RIXSMCG9L0F1
B07VTV43XR,A3RIXSMCG9L0F1
B07RZJ6L7Y,A3RIXSMCG9L0F1
B07GSGPC1V,A3RIXSMCG9L0F1
B07DCH6WRV,A3RIXSMCG9L0F1
B07DBV1K7F,A3RIXSMCG9L0F1
B079YJZ66Y,A3RIXSMCG9L0F1
B079B12CND,A3RIXSMCG9L0F1
B0765BW9DW,A3RIXSMCG9L0F1
B06XCLS39V,A3RIXSMCG9L0F1
B06WV7HNXY,A3RIXSMCG9L0F1
B01MFDZOKW,A3RIXSMCG9L0F1
B015RK59LC,A3RIXSMCG9L0F1
B018S3A0H8,A3RIXSMCG9L0F1
B0D9JCQRCK,A3RIXSMCG9L0F1
B0DLGZJSDW,A3RIXSMCG9L0F1
B09XQXKQFZ,A3RIXSMCG9L0F1
B0B3CXS7Y8,A3RIXSMCG9L0F1
B083P1G9XL,A3RIXSMCG9L0F1
B09QFZFWVD,A3RIXSMCG9L0F1
B07MZTJPR2,A3RIXSMCG9L0F1
B0C4P2G6W1,A3RIXSMCG9L0F1
B00IT098PG,A3RIXSMCG9L0F1
B0CJ9C9FH1,A3RIXSMCG9L0F1
B00EVZPBE0,A3RIXSMCG9L0F1
B07FHY3KWJ,A3RIXSMCG9L0F1
B0DRFR2KJ5,A3RIXSMCG9L0F1
B0D8HPGVH1,A3RIXSMCG9L0F1
B0DP4SMGJZ,A3RIXSMCG9L0F1
B0D9B3F3JY,A3RIXSMCG9L0F1
B0D99V1VL2,A3RIXSMCG9L0F1
B0D73M5CNM,A3RIXSMCG9L0F1
B0D5XNFGTT,A3RIXSMCG9L0F1
B0D59Y4CXJ,A3RIXSMCG9L0F1
B0D55W5TKM,A3RIXSMCG9L0F1
B0D4V2TLQR,A3RIXSMCG9L0F1
B0D3Y6HL9F,A3RIXSMCG9L0F1
B0D3LW5YHK,A3RIXSMCG9L0F1
B0D3FHHWV6,A3RIXSMCG9L0F1
B0D3487F74,A3RIXSMCG9L0F1
B0D2M4V2NC,A3RIXSMCG9L0F1
B0D2L1B18B,A3RIXSMCG9L0F1
B0D29688RN,A3RIXSMCG9L0F1
B0D1Y9BF94,A3RIXSMCG9L0F1
B0D1XWGM71,A3RIXSMCG9L0F1
B0B5CTRSVH,A3RIXSMCG9L0F1
B0DNQP236B,A3RIXSMCG9L0F1
B0B8YKQH6Z,A3RIXSMCG9L0F1
B0DK5B4G7P,A3RIXSMCG9L0F1
B08R7DLPJS,A3RIXSMCG9L0F1
B0DHQP23TQ,A3RIXSMCG9L0F1
B091SNDCGN,A3RIXSMCG9L0F1
B0CLMFZ7JM,A3RIXSMCG9L0F1
B08ZJ5XXX9,A3RIXSMCG9L0F1
B0C5MFXMJX,A3RIXSMCG9L0F1
B097R9GQHJ,A3RIXSMCG9L0F1
B0C5MD26YP,A3RIXSMCG9L0F1
B08RWD9WG4,A3RIXSMCG9L0F1
B0BX8H5FD7,A3RIXSMCG9L0F1
B089MYXMPV,A3RIXSMCG9L0F1
B0BVVV4WB1,A3RIXSMCG9L0F1
B07ZP5L3QN,A3RIXSMCG9L0F1
B0BRQJ3ZPX,A3RIXSMCG9L0F1
B07YTNQQR4,A3RIXSMCG9L0F1
B0BFHCQKKK,A3RIXSMCG9L0F1
B0BZSKPC8R,A3RIXSMCG9L0F1
B0B5P8DR4G,A3RIXSMCG9L0F1
B0BMLBCN24,A3RIXSMCG9L0F1
B0B4S3Q89N,A3RIXSMCG9L0F1
B07V3TBC7R,A3RIXSMCG9L0F1
B09YDBHNBL,A3RIXSMCG9L0F1
B07FV5QF2J,A3RIXSMCG9L0F1
B09PTZXP1R,A3RIXSMCG9L0F1
B0DHZRMCK3,A3RIXSMCG9L0F1
B08VTSBSSB,A3RIXSMCG9L0F1
B0D77F45QJ,A3RIXSMCG9L0F1
B08K1V7LQV,A3RIXSMCG9L0F1
B0D53H5VKF,A3RIXSMCG9L0F1
B089DTT4WX,A3RIXSMCG9L0F1
B0C65L6CPD,A3RIXSMCG9L0F1
B07QFCFWBT,A3RIXSMCG9L0F1
B0B11TN8W2,A3RIXSMCG9L0F1
B076HDN27X,A3RIXSMCG9L0F1
B08V7YMF2V,A3RIXSMCG9L0F1
B08KXGVVSJ,A3RIXSMCG9L0F1
B07G2MWBRB,A3RIXSMCG9L0F1
B07921SFTX,A3RIXSMCG9L0F1
B0DT9KYZPC,A3RIXSMCG9L0F1
B0DSZ8K9CN,A3RIXSMCG9L0F1
B0DSVTT9B8,A3RIXSMCG9L0F1
B0DSPRQG46,A3RIXSMCG9L0F1
B0DSPDTSYY,A3RIXSMCG9L0F1
B0DSC41D4Y,A3RIXSMCG9L0F1
B0D96545XG,A3RIXSMCG9L0F1
B0D95VFFY4,A3RIXSMCG9L0F1
B0D6VZSK3W,A3RIXSMCG9L0F1
B0D6VK9QF6,A3RIXSMCG9L0F1
B0D69V3BDH,A3RIXSMCG9L0F1
B0D52S5YP2,A3RIXSMCG9L0F1
B0D3WMTKZN,A3RIXSMCG9L0F1
B0D224DJD6,A3RIXSMCG9L0F1
B0D1Y4Y4CY,A3RIXSMCG9L0F1
B0D1Y387VQ,A3RIXSMCG9L0F1
B0D1XWDL8L,A3RIXSMCG9L0F1
B0D1C26DZM,A3RIXSMCG9L0F1
B0D144S5L6,A3RIXSMCG9L0F1
B0D114BKSG,A3RIXSMCG9L0F1
B0CYPRJBL2,A3RIXSMCG9L0F1
B0CY191BXN,A3RIXSMCG9L0F1
B0DRY48GYT,A3RIXSMCG9L0F1
B0DPWPSD5M,A3RIXSMCG9L0F1
B0DP9CJ138,A3RIXSMCG9L0F1
B0DN6H2ZG8,A3RIXSMCG9L0F1
B0DKY17S2Y,A3RIXSMCG9L0F1
B0DJT2CNRD,A3RIXSMCG9L0F1
B0DHZQHGC4,A3RIXSMCG9L0F1
B0DHTV48TP,A3RIXSMCG9L0F1
B0DHGKV2RW,A3RIXSMCG9L0F1
B0DGKR23PC,A3RIXSMCG9L0F1
B0DGGHRJDH,A3RIXSMCG9L0F1
B0DG5L6QSV,A3RIXSMCG9L0F1
B0DG5DQWZW,A3RIXSMCG9L0F1
B0DG58KRS4,A3RIXSMCG9L0F1
B0DCG2WYBY,A3RIXSMCG9L0F1
B0DB79LX2N,A3RIXSMCG9L0F1
B0CWPDBKQ1,A3RIXSMCG9L0F1
B0CWLK89WM,A3RIXSMCG9L0F1
B0CWL1Z8X5,A3RIXSMCG9L0F1
B0CWGG47WT,A3RIXSMCG9L0F1
B0CW5VRRSP,A3RIXSMCG9L0F1
B0CW3N2J5T,A3RIXSMCG9L0F1
B0CW3FDHNL,A3RIXSMCG9L0F1
B0CW1BGPKQ,A3RIXSMCG9L0F1
B0CTMFDZXZ,A3RIXSMCG9L0F1
B0CT652RQG,A3RIXSMCG9L0F1
B0CSK4ZBHM,A3RIXSMCG9L0F1
B0CSDV3KR7,A3RIXSMCG9L0F1
B0CRPKZQDN,A3RIXSMCG9L0F1
B0CRKXBWPQ,A3RIXSMCG9L0F1
B0CQ5FW356,A3RIXSMCG9L0F1
B0CNSQ5HB4,A3RIXSMCG9L0F1
B0C8B34QCL,A3RIXSMCG9L0F1
B0C7VMTXFV,A3RIXSMCG9L0F1
B0C7QRW2TF,A3RIXSMCG9L0F1
B0C69R9FT9,A3RIXSMCG9L0F1
B0C5D5DNSG,A3RIXSMCG9L0F1
B0C536L4RF,A3RIXSMCG9L0F1
B0C4L3CJ84,A3RIXSMCG9L0F1
B0BZP9PTH2,A3RIXSMCG9L0F1
B0BYNLTFJ8,A3RIXSMCG9L0F1
B0BYN1N7B2,A3RIXSMCG9L0F1
B0BW4JJC22,A3RIXSMCG9L0F1
B0BTXLX6D2,A3RIXSMCG9L0F1
B0BTDGK9S6,A3RIXSMCG9L0F1
B0BSD5LJX2,A3RIXSMCG9L0F1
B0BR9V8112,A3RIXSMCG9L0F1
B0BPXSTKHD,A3RIXSMCG9L0F1
B0BNXC9ZV8,A3RIXSMCG9L0F1
B0BNDHZ378,A3RIXSMCG9L0F1
B0BMTM4V91,A3RIXSMCG9L0F1
B0BMQDWRVY,A3RIXSMCG9L0F1
B0BM5W73XV,A3RIXSMCG9L0F1
B0BLQCH6MJ,A3RIXSMCG9L0F1
B0BL3G5LXV,A3RIXSMCG9L0F1
B0BKL2QKWJ,A3RIXSMCG9L0F1
B0BK74QWBG,A3RIXSMCG9L0F1
B0BK1CDBGX,A3RIXSMCG9L0F1
B0BJ65C3N2,A3RIXSMCG9L0F1
B0BHT2Z817,A3RIXSMCG9L0F1
B0BHSYGKSX,A3RIXSMCG9L0F1
B0BHQKSFFS,A3RIXSMCG9L0F1
B0BG1F6LFM,A3RIXSMCG9L0F1
B0BFFKWJ75,A3RIXSMCG9L0F1
B0CN4LTV8R,A3RIXSMCG9L0F1
B0CM32CDV4,A3RIXSMCG9L0F1
B0CLYSBJZ5,A3RIXSMCG9L0F1
B0CLXRKZJM,A3RIXSMCG9L0F1
B0CLVGW33T,A3RIXSMCG9L0F1
B0CLD16VTF,A3RIXSMCG9L0F1
B0CKXHBN7M,A3RIXSMCG9L0F1
B0CJJM4CVX,A3RIXSMCG9L0F1
B0CJ2WBJ4B,A3RIXSMCG9L0F1
B0CHRPPKSC,A3RIXSMCG9L0F1
B0CHNNTMNN,A3RIXSMCG9L0F1
B0CDYYRFX3,A3RIXSMCG9L0F1
B0CDHSCT1D,A3RIXSMCG9L0F1
B0CD3DFY9J,A3RIXSMCG9L0F1
B0CB475ZYH,A3RIXSMCG9L0F1
B0C9G1V2ZQ,A3RIXSMCG9L0F1
B0BDQK3L92,A3RIXSMCG9L0F1
B0BDDL7ZJ7,A3RIXSMCG9L0F1
B0BD7M891V,A3RIXSMCG9L0F1
B0BD4MX1HD,A3RIXSMCG9L0F1
B0BC8V99R3,A3RIXSMCG9L0F1
B0BBV8MTZB,A3RIXSMCG9L0F1
B0BB78JFWG,A3RIXSMCG9L0F1
B0BB21YB3M,A3RIXSMCG9L0F1
B0B82MWMZ2,A3RIXSMCG9L0F1
B0B81ZH8QJ,A3RIXSMCG9L0F1
B0B81TQVMM,A3RIXSMCG9L0F1
B0B789488C,A3RIXSMCG9L0F1
B0B6T3PZF4,A3RIXSMCG9L0F1
B0B62PGKDG,A3RIXSMCG9L0F1
B0B5LPL5KD,A3RIXSMCG9L0F1
B0B5DWZ12T,A3RIXSMCG9L0F1
B095MV6JP7,A3RIXSMCG9L0F1
B095MSDFNQ,A3RIXSMCG9L0F1
B094XCMH73,A3RIXSMCG9L0F1
B0948WYYVK,A3RIXSMCG9L0F1
B0936PLVGD,A3RIXSMCG9L0F1
B0936GPH35,A3RIXSMCG9L0F1
B0936C44GN,A3RIXSMCG9L0F1
B092Z36GWZ,A3RIXSMCG9L0F1
B092YPTXT2,A3RIXSMCG9L0F1
B092J6F7DS,A3RIXSMCG9L0F1
B092J62XJV,A3RIXSMCG9L0F1
B0923L1P99,A3RIXSMCG9L0F1
B08Y5PHVKN,A3RIXSMCG9L0F1
B08TBT14JG,A3RIXSMCG9L0F1
B08T77HFQC,A3RIXSMCG9L0F1
B08SQLD2M9,A3RIXSMCG9L0F1
B09RLM9BRQ,A3RIXSMCG9L0F1
B09QBR54W4,A3RIXSMCG9L0F1
B09P54ZBY2,A3RIXSMCG9L0F1
B09M885NT6,A3RIXSMCG9L0F1
B09KX4664Y,A3RIXSMCG9L0F1
B09KRGS62B,A3RIXSMCG9L0F1
B09KF3R3BF,A3RIXSMCG9L0F1
B09G3MW3Z5,A3RIXSMCG9L0F1
B09FQFH6RS,A3RIXSMCG9L0F1
B09C6GD1MG,A3RIXSMCG9L0F1
B099RBZ9P8,A3RIXSMCG9L0F1
B098NS6H7L,A3RIXSMCG9L0F1
B098D47LWJ,A3RIXSMCG9L0F1
B098BKZM9S,A3RIXSMCG9L0F1
B097BQN838,A3RIXSMCG9L0F1
B095SCK6T3,A3RIXSMCG9L0F1
B07GC5WG23,A3RIXSMCG9L0F1
B07FPMGYSJ,A3RIXSMCG9L0F1
B07F9QNWQZ,A3RIXSMCG9L0F1
B07C2WGMM1,A3RIXSMCG9L0F1
B07BHHN2YK,A3RIXSMCG9L0F1
B079P9SJXB,A3RIXSMCG9L0F1
B077YNG88M,A3RIXSMCG9L0F1
B077H2GXTT,A3RIXSMCG9L0F1
B076Z8QZM6,A3RIXSMCG9L0F1
B075TGH5VJ,A3RIXSMCG9L0F1
B07538JJ31,A3RIXSMCG9L0F1
B072KL5HLG,A3RIXSMCG9L0F1
B0727X2TFK,A3RIXSMCG9L0F1
B06ZYV81QP,A3RIXSMCG9L0F1
B01NBMZR0T,A3RIXSMCG9L0F1
B01N3NH90H,A3RIXSMCG9L0F1
B0D374XQXC,A3RIXSMCG9L0F1
B08LPR79WS,A3RIXSMCG9L0F1
B0CBG1Z2BC,A3RIXSMCG9L0F1
B0DVM117X6,A3RIXSMCG9L0F1
B0C895GY6L,A3RIXSMCG9L0F1
B0B8GXT1V2,A3RIXSMCG9L0F1
B0BYRNCGDR,A3RIXSMCG9L0F1
B0BLVFDTSW,A3RIXSMCG9L0F1
B0BKQ47VGH,A3RIXSMCG9L0F1
B088KCBYBV,A3RIXSMCG9L0F1
B0BHY789LC,A3RIXSMCG9L0F1
B08JTK8Z9R,A3RIXSMCG9L0F1
B0B2VQQW2D,A3RIXSMCG9L0F1
B0D95XMSV9,A3RIXSMCG9L0F1
B09ZP4HLQ2,A3RIXSMCG9L0F1
B07981S1F6,A3RIXSMCG9L0F1
B01N2K8FPV,A3RIXSMCG9L0F1
B01M4O0V6O,A3RIXSMCG9L0F1
B01LZJWJU5,A3RIXSMCG9L0F1
B019UEJ7FK,A3RIXSMCG9L0F1
B00UOOAAP2,A3RIXSMCG9L0F1
B00ITZQS0Y,A3RIXSMCG9L0F1
B09ZNPKWTP,A3RIXSMCG9L0F1
B0DQPG22ZC,A3RIXSMCG9L0F1
B09ZNP26FT,A3RIXSMCG9L0F1
B07HLL1MGW,A3RIXSMCG9L0F1
B09Z61Q2BS,A3RIXSMCG9L0F1
B079PYT2F3,A3RIXSMCG9L0F1
B09W8Y8BMG,A3RIXSMCG9L0F1
B0C14DZ711,A3RIXSMCG9L0F1
B09HJMRCK4,A3RIXSMCG9L0F1
B09WD5ND6N,A3RIXSMCG9L0F1
B097YQQP2X,A3RIXSMCG9L0F1
B095KQKHH7,A3RIXSMCG9L0F1
B08ZSLD6FN,A3RIXSMCG9L0F1
B07LCM177C,A3RIXSMCG9L0F1
B08GSRSHR5,A3RIXSMCG9L0F1
B0CSM6L9H1,A3RIXSMCG9L0F1
B0B5D3XL8L,A3RIXSMCG9L0F1
B0B4F3SDJ5,A3RIXSMCG9L0F1
B0B4C49J8M,A3RIXSMCG9L0F1
B0B4B9GYZZ,A3RIXSMCG9L0F1
B0B3LSQ4V2,A3RIXSMCG9L0F1
B0B35MBYJ6,A3RIXSMCG9L0F1
B0B2JSFHH9,A3RIXSMCG9L0F1
B0B2DSF6N3,A3RIXSMCG9L0F1
B0B28HCJF5,A3RIXSMCG9L0F1
B0B1ZMXTZF,A3RIXSMCG9L0F1
B0B1253WRY,A3RIXSMCG9L0F1
B09ZNYP24V,A3RIXSMCG9L0F1
B09YPZBBFG,A3RIXSMCG9L0F1
B09YD9FGN5,A3RIXSMCG9L0F1
B09TJVVFH9,A3RIXSMCG9L0F1
B082WTPL43,A3RIXSMCG9L0F1
B081DT3XK3,A3RIXSMCG9L0F1
B0818DMQWC,A3RIXSMCG9L0F1
B07ZVS688B,A3RIXSMCG9L0F1
B07YB1SNDK,A3RIXSMCG9L0F1
B07T5SXQC1,A3RIXSMCG9L0F1
B07SMQC2B1,A3RIXSMCG9L0F1
B07RN5R2TB,A3RIXSMCG9L0F1
B07QLFPF5G,A3RIXSMCG9L0F1
B07QL4T7GW,A3RIXSMCG9L0F1
B07NWY1TYX,A3RIXSMCG9L0F1
B07MCMG9JL,A3RIXSMCG9L0F1
B07K6LCY72,A3RIXSMCG9L0F1
B07JQ6X1QK,A3RIXSMCG9L0F1
B07JFK782R,A3RIXSMCG9L0F1
B07H3FMFJV,A3RIXSMCG9L0F1
B08SKXVRKW,A3RIXSMCG9L0F1
B08S3VCCGX,A3RIXSMCG9L0F1
B08S31ZCF4,A3RIXSMCG9L0F1
B08L4CMZ3K,A3RIXSMCG9L0F1
B08HV5CQZ5,A3RIXSMCG9L0F1
B08HFNWLHJ,A3RIXSMCG9L0F1
B08GP7H5HR,A3RIXSMCG9L0F1
B08FXQWB9H,A3RIXSMCG9L0F1
B08CKJX4WH,A3RIXSMCG9L0F1
B08C76487J,A3RIXSMCG9L0F1
B08B4STGN1,A3RIXSMCG9L0F1
B088Q7MXZJ,A3RIXSMCG9L0F1
B086ZQG6VN,A3RIXSMCG9L0F1
B086D3SDFG,A3RIXSMCG9L0F1
B085MZTM91,A3RIXSMCG9L0F1
B0831T7ZLH,A3RIXSMCG9L0F1
B0DHWS3PRC,A3RIXSMCG9L0F1
B0DHL2RJ6B,A3RIXSMCG9L0F1
B0DG21MXHY,A3RIXSMCG9L0F1
B0DFYLGFD1,A3RIXSMCG9L0F1
B0DF2JX19L,A3RIXSMCG9L0F1
B0DDXV65TZ,A3RIXSMCG9L0F1
B0DB67HP47,A3RIXSMCG9L0F1
B0D9QG9MGY,A3RIXSMCG9L0F1
B0D9NK7NLB,A3RIXSMCG9L0F1
B0D93HTJ98,A3RIXSMCG9L0F1
B0D8J8TB5N,A3RIXSMCG9L0F1
B0D7VKXFF7,A3RIXSMCG9L0F1
B0D7M529KF,A3RIXSMCG9L0F1
B0D7CP79S7,A3RIXSMCG9L0F1
B0D6QD8LRP,A3RIXSMCG9L0F1
B0D661M67X,A3RIXSMCG9L0F1
B0854L6NC2,A3RIXSMCG9L0F1
B0CCVGTZF3,A3RIXSMCG9L0F1
B07Q4Z228G,A3RIXSMCG9L0F1
B0BFVK2CVJ,A3RIXSMCG9L0F1
B07CSG3XZ6,A3RIXSMCG9L0F1
B09GFLZLY2,A3RIXSMCG9L0F1
B01NAAILZ9,A3RIXSMCG9L0F1
B082SZ6MGJ,A3RIXSMCG9L0F1
B01AGGQNKS,A3RIXSMCG9L0F1
B07TZH6T68,A3RIXSMCG9L0F1
B007NZRXDC,A3RIXSMCG9L0F1
B07T57P2V8,A3RIXSMCG9L0F1
B00UXZJ7VK,A3RIXSMCG9L0F1
B0DFH2RKMR,A3RIXSMCG9L0F1
B0CNLV84L6,A3RIXSMCG9L0F1
B0BL16SGJ8,A3RIXSMCG9L0F1
B09CWJSGDL,A3RIXSMCG9L0F1
B095WF4N4V,A3RIXSMCG9L0F1
B08CHMK9XQ,A3RIXSMCG9L0F1
B07HTB1TM9,A3RIXSMCG9L0F1
B07HRB74YX,A3RIXSMCG9L0F1
B07FTCHDH8,A3RIXSMCG9L0F1
B00P8HQZUO,A3RIXSMCG9L0F1
B0DT9S7WLX,A3RIXSMCG9L0F1
B0DSVQLZBM,A3RIXSMCG9L0F1
B0DSVK8WGT,A3RIXSMCG9L0F1
B0DS4BCJ92,A3RIXSMCG9L0F1
B0DRG29W6H,A3RIXSMCG9L0F1
B0DQV14178,A3RIXSMCG9L0F1
B0DNV9LTSY,A3RIXSMCG9L0F1
B0DK3X37ZS,A3RIXSMCG9L0F1
B0DJSPTCHV,A3RIXSMCG9L0F1
B0D5YJJ79W,A3RIXSMCG9L0F1
B0D53H2BWQ,A3RIXSMCG9L0F1
B0D4QNZ4SK,A3RIXSMCG9L0F1
B0D3Q664SH,A3RIXSMCG9L0F1
B0D31GRZ7N,A3RIXSMCG9L0F1
B0D1QL7C4B,A3RIXSMCG9L0F1
B0D17V4KQ2,A3RIXSMCG9L0F1
B0CYPL1BLR,A3RIXSMCG9L0F1
B0CYL71CYL,A3RIXSMCG9L0F1
B0CY87LP9G,A3RIXSMCG9L0F1
B0CXXKKJJJ,A3RIXSMCG9L0F1
B0CWVDNHPJ,A3RIXSMCG9L0F1
B0CTGY4C93,A3RIXSMCG9L0F1
B0CRTNC9P4,A3RIXSMCG9L0F1
B0CRQX1YLB,A3RIXSMCG9L0F1
B0CRKLRN1N,A3RIXSMCG9L0F1
B0CQXPJK1S,A3RIXSMCG9L0F1
B0CQK3VY9N,A3RIXSMCG9L0F1
B0CPP4MZHX,A3RIXSMCG9L0F1
B0CP9T96Y1,A3RIXSMCG9L0F1
B0CND96JD4,A3RIXSMCG9L0F1
B0CM2FLT26,A3RIXSMCG9L0F1
B0CKLV4PCN,A3RIXSMCG9L0F1
B0CJ2LHZVX,A3RIXSMCG9L0F1
B0CFDZNN4X,A3RIXSMCG9L0F1
B0CDZX9LBC,A3RIXSMCG9L0F1
B0CDP22TZ8,A3RIXSMCG9L0F1
B0CCVJLGHN,A3RIXSMCG9L0F1
B0CC7YNBF2,A3RIXSMCG9L0F1
B0CB62YT68,A3RIXSMCG9L0F1
B0CB3JTXNK,A3RIXSMCG9L0F1
B0C8MYSXL4,A3RIXSMCG9L0F1
B0BRCYK775,A3RIXSMCG9L0F1
B0BQBTNHDN,A3RIXSMCG9L0F1
B0BPLMYDNG,A3RIXSMCG9L0F1
B0BP6JBWRK,A3RIXSMCG9L0F1
B0BJZT6534,A3RIXSMCG9L0F1
B0BHS432SQ,A3RIXSMCG9L0F1
B0BGKGCLR8,A3RIXSMCG9L0F1
B0BFQYW4FB,A3RIXSMCG9L0F1
B0BCQFDDZM,A3RIXSMCG9L0F1
B0BC1HYH26,A3RIXSMCG9L0F1
B0BBGCJ7FV,A3RIXSMCG9L0F1
B0BBFMGP4V,A3RIXSMCG9L0F1
B0B9GSFYY3,A3RIXSMCG9L0F1
B0B963W2Y6,A3RIXSMCG9L0F1
B0B768HSX9,A3RIXSMCG9L0F1
B0B67HMHM8,A3RIXSMCG9L0F1
B0C5Y52DD5,A3RIXSMCG9L0F1
B0C4LDSGKM,A3RIXSMCG9L0F1
B0C429RYBX,A3RIXSMCG9L0F1
B0C3789S4F,A3RIXSMCG9L0F1
B0C2YWN6WN,A3RIXSMCG9L0F1
B0C2CJJ15W,A3RIXSMCG9L0F1
B0C167YBRZ,A3RIXSMCG9L0F1
B0C13W45R6,A3RIXSMCG9L0F1
B0BZL2P2KD,A3RIXSMCG9L0F1
B0BYBY8D3R,A3RIXSMCG9L0F1
B0BWDMRKGP,A3RIXSMCG9L0F1
B0BVXP8VC1,A3RIXSMCG9L0F1
B0BVBZB1W8,A3RIXSMCG9L0F1
B0BTLTXD9C,A3RIXSMCG9L0F1
B0BRRYW63G,A3RIXSMCG9L0F1
B0BRQBB38Z,A3RIXSMCG9L0F1
B0B5Y99STN,A3RIXSMCG9L0F1
B0B5DHP1JQ,A3RIXSMCG9L0F1
B0B55VWP8K,A3RIXSMCG9L0F1
B0B4NML7KM,A3RIXSMCG9L0F1
B0B4KD7W2M,A3RIXSMCG9L0F1
B0B4B9Q4PQ,A3RIXSMCG9L0F1
B0B48LKX5B,A3RIXSMCG9L0F1
B0B38T6WSD,A3RIXSMCG9L0F1
B0B38BK3VL,A3RIXSMCG9L0F1
B0B1V8J3P9,A3RIXSMCG9L0F1
B0B12Y876Z,A3RIXSMCG9L0F1
B09ZXK7YK3,A3RIXSMCG9L0F1
B09YYBK9GZ,A3RIXSMCG9L0F1
B09YY9Z6PX,A3RIXSMCG9L0F1
B09X6ZZTCG,A3RIXSMCG9L0F1
B09X4MC9BL,A3RIXSMCG9L0F1
B09L3WPNKP,A3RIXSMCG9L0F1
B09KLHJ8SG,A3RIXSMCG9L0F1
B09K7KWS6Z,A3RIXSMCG9L0F1
B09JTXQZ1J,A3RIXSMCG9L0F1
B09HRR4SQV,A3RIXSMCG9L0F1
B09DCLV5HH,A3RIXSMCG9L0F1
B09D7PXJKR,A3RIXSMCG9L0F1
B09D762RTL,A3RIXSMCG9L0F1
B09B8XHZXL,A3RIXSMCG9L0F1
B097LRHVR2,A3RIXSMCG9L0F1
B096LZV63J,A3RIXSMCG9L0F1
B095KCGNY9,A3RIXSMCG9L0F1
B095K6ZPJN,A3RIXSMCG9L0F1
B094ZZV1LY,A3RIXSMCG9L0F1
B08T1X18XV,A3RIXSMCG9L0F1
B08RHXW4FP,A3RIXSMCG9L0F1
B09X14PFDF,A3RIXSMCG9L0F1
B09W9KWVT7,A3RIXSMCG9L0F1
B09W654GW1,A3RIXSMCG9L0F1
B09VPP5XV7,A3RIXSMCG9L0F1
B09VP1SKKL,A3RIXSMCG9L0F1
B09TX9XMCG,A3RIXSMCG9L0F1
B09TS7P2JH,A3RIXSMCG9L0F1
B09TNF6YZN,A3RIXSMCG9L0F1
B09TDXT9JM,A3RIXSMCG9L0F1
B09T32ZSFN,A3RIXSMCG9L0F1
B09SHSS7GJ,A3RIXSMCG9L0F1
B09SGY9SVG,A3RIXSMCG9L0F1
B09R4J2GFP,A3RIXSMCG9L0F1
B09NFDBKGR,A3RIXSMCG9L0F1
B09N3Q3JM3,A3RIXSMCG9L0F1
B09L4NBYJ8,A3RIXSMCG9L0F1
B08QRGZ6SP,A3RIXSMCG9L0F1
B08PDDHJDC,A3RIXSMCG9L0F1
B08PC9ZZ7C,A3RIXSMCG9L0F1
B08NYBL662,A3RIXSMCG9L0F1
B08ND51GLT,A3RIXSMCG9L0F1
B08HZ4D39B,A3RIXSMCG9L0F1
B08GY698G3,A3RIXSMCG9L0F1
B08GJ45H44,A3RIXSMCG9L0F1
B08GBPTFDT,A3RIXSMCG9L0F1
B08D8ZL9PM,A3RIXSMCG9L0F1
B08CBCBDBJ,A3RIXSMCG9L0F1
B088FPL2HL,A3RIXSMCG9L0F1
B087QK2XQG,A3RIXSMCG9L0F1
B087QJKHCJ,A3RIXSMCG9L0F1
B083WRSVYV,A3RIXSMCG9L0F1
B07YRMCRVJ,A3RIXSMCG9L0F1
B07W4QM476,A3RIXSMCG9L0F1
B07VH53XH4,A3RIXSMCG9L0F1
B07SMBS63H,A3RIXSMCG9L0F1
B07SDQHXY9,A3RIXSMCG9L0F1
B07RFGN1KG,A3RIXSMCG9L0F1
B07R833QYZ,A3RIXSMCG9L0F1
B07PMMQ79M,A3RIXSMCG9L0F1
B07GRN8TLZ,A3RIXSMCG9L0F1
B07FMPQK7C,A3RIXSMCG9L0F1
B07F5K1KSS,A3RIXSMCG9L0F1
B07CZ2RZXL,A3RIXSMCG9L0F1
B07CSJDQ4V,A3RIXSMCG9L0F1
B07C58G3Y9,A3RIXSMCG9L0F1
B07BMGYQKJ,A3RIXSMCG9L0F1
B073NS7XF4,A3RIXSMCG9L0F1
B071WTKWWW,A3RIXSMCG9L0F1
B01HM7EC16,A3RIXSMCG9L0F1
B01GD44FJI,A3RIXSMCG9L0F1
B00MH8SRGC,A3RIXSMCG9L0F1
B00ITZQ7BO,A3RIXSMCG9L0F1
B00COJXBNI,A3RIXSMCG9L0F1
B004GTNW1U,A3RIXSMCG9L0F1
B0CSSTHV2B,A3RIXSMCG9L0F1
B01NBN8W90,A3RIXSMCG9L0F1
B0CQ1MP6F7,A3RIXSMCG9L0F1
B0BRSX9S2W,A3RIXSMCG9L0F1
B0C2V738NR,A3RIXSMCG9L0F1
3843518920,A3RIXSMCG9L0F1
B09P7ZP1C7,A3RIXSMCG9L0F1
B0C9LHGL5Z,A3RIXSMCG9L0F1
B08KFSF9RW,A3RIXSMCG9L0F1
B0BB6X5P82,A3RIXSMCG9L0F1
B07RKTTNHB,A3RIXSMCG9L0F1
B089RDBBFP,A3RIXSMCG9L0F1
B0CMPPVQN8,A3RIXSMCG9L0F1
B0C7VPS9FX,A3RIXSMCG9L0F1
B0BWDLFMS3,A3RIXSMCG9L0F1
B0D8VPNQ5B,A3RIXSMCG9L0F1
B0DPWT5K7X,A3RIXSMCG9L0F1
B0DN1QRRW4,A3RIXSMCG9L0F1
B0DK9R75L5,A3RIXSMCG9L0F1
B0DK4KJRYK,A3RIXSMCG9L0F1
B0DJ7WRCVC,A3RIXSMCG9L0F1
B0DJ7C7HFV,A3RIXSMCG9L0F1
B0DHZCGZXY,A3RIXSMCG9L0F1
B0DHHHZMCS,A3RIXSMCG9L0F1
B0DG2RZCP5,A3RIXSMCG9L0F1
B0DDKLJ2WT,A3RIXSMCG9L0F1
B0DD3X9NT4,A3RIXSMCG9L0F1
B0DBQ538SY,A3RIXSMCG9L0F1
B0D9W5W2WY,A3RIXSMCG9L0F1
B0D8YB5M8W,A3RIXSMCG9L0F1
B0D62ZS431,A3RIXSMCG9L0F1
B0D5R2V3KS,A3RIXSMCG9L0F1
B08F2S1W6S,A3RIXSMCG9L0F1
B0DGL8QK7B,A3RIXSMCG9L0F1
B072PV2QT6,A3RIXSMCG9L0F1
B0DKBLWKX1,A3RIXSMCG9L0F1
B0DF54VZT6,A3RIXSMCG9L0F1
B0BMLDG2Z2,A3RIXSMCG9L0F1
B08GG8RJVB,A3RIXSMCG9L0F1
B07QB7FJX5,A3RIXSMCG9L0F1
B074BLLR3N,A3RIXSMCG9L0F1
B0CJJVTSKQ,A3RIXSMCG9L0F1
B09KX5QXGS,A3RIXSMCG9L0F1
B09GM9JDVN,A3RIXSMCG9L0F1
B07MZQ66RT,A3RIXSMCG9L0F1
B0781YXH8R,A3RIXSMCG9L0F1
B0DSN1BCS4,A3RIXSMCG9L0F1
B0DRVBB1LB,A3RIXSMCG9L0F1
B0D4LT3RK3,A3RIXSMCG9L0F1
B0D48B3TLY,A3RIXSMCG9L0F1
B0D3XHZQB5,A3RIXSMCG9L0F1
B0D3QC6JRV,A3RIXSMCG9L0F1
B0D3KZLGM5,A3RIXSMCG9L0F1
B0D37QSHR5,A3RIXSMCG9L0F1
B0D1268DLX,A3RIXSMCG9L0F1
B0CZ469YYN,A3RIXSMCG9L0F1
B0CYWVJ6MT,A3RIXSMCG9L0F1
B0CYLSV4RP,A3RIXSMCG9L0F1
B0CXX83GBY,A3RIXSMCG9L0F1
B0CWTWG2SY,A3RIXSMCG9L0F1
B0CWRQDQTX,A3RIXSMCG9L0F1
B0CWNHGRZ1,A3RIXSMCG9L0F1
B0CWKZNPVK,A3RIXSMCG9L0F1
B0CT54CX8Z,A3RIXSMCG9L0F1
B0CH1BY7PZ,A3RIXSMCG9L0F1
B0CG5PLVWF,A3RIXSMCG9L0F1
B0CFXWD5NJ,A3RIXSMCG9L0F1
B0CD4LPZX3,A3RIXSMCG9L0F1
B0CBP78J69,A3RIXSMCG9L0F1
B0CB73T3CB,A3RIXSMCG9L0F1
B0C9MWGN11,A3RIXSMCG9L0F1
B0C8MJGMRM,A3RIXSMCG9L0F1
B0C6MJGZB7,A3RIXSMCG9L0F1
B0C6G4QQXC,A3RIXSMCG9L0F1
B0C6DCVCV3,A3RIXSMCG9L0F1
B0C5HMRSCG,A3RIXSMCG9L0F1
B0C4TSXVDD,A3RIXSMCG9L0F1
B0C4L96XNQ,A3RIXSMCG9L0F1
B0C1R8G1P1,A3RIXSMCG9L0F1
B0C1FY28XN,A3RIXSMCG9L0F1
B0CQHPPXZ9,A3RIXSMCG9L0F1
B0CQCFSDV1,A3RIXSMCG9L0F1
B0CQ1ZF97D,A3RIXSMCG9L0F1
B0CPXYV6QY,A3RIXSMCG9L0F1
B0CPP5QQDC,A3RIXSMCG9L0F1
B0CP4LTFNX,A3RIXSMCG9L0F1
B0CNVSFY2N,A3RIXSMCG9L0F1
B0CNC67BCR,A3RIXSMCG9L0F1
B0CN68Z44H,A3RIXSMCG9L0F1
B0CMQ7FQ21,A3RIXSMCG9L0F1
B0CM9P7J9S,A3RIXSMCG9L0F1
B0CM5BFBCW,A3RIXSMCG9L0F1
B0CKXCH3BY,A3RIXSMCG9L0F1
B0CJR9ZN92,A3RIXSMCG9L0F1
B0CJFYKNYY,A3RIXSMCG9L0F1
B0CHXTQVVR,A3RIXSMCG9L0F1
B0BZCRF53P,A3RIXSMCG9L0F1
B0BZ89NDWN,A3RIXSMCG9L0F1
B0BYYRDBJ2,A3RIXSMCG9L0F1
B0BY8CBFB7,A3RIXSMCG9L0F1
B0BW16NNS6,A3RIXSMCG9L0F1
B0BW12TTNQ,A3RIXSMCG9L0F1
B0BVVS14V7,A3RIXSMCG9L0F1
B0BVLVJ5F6,A3RIXSMCG9L0F1
B0BTYL2RS1,A3RIXSMCG9L0F1
B0BR3QG481,A3RIXSMCG9L0F1
B0BPK193QV,A3RIXSMCG9L0F1
B0BNNPGZYB,A3RIXSMCG9L0F1
B0BNHX8VQP,A3RIXSMCG9L0F1
B0BM7NG9BQ,A3RIXSMCG9L0F1
B0BLK1FDM7,A3RIXSMCG9L0F1
B0BJZXT48V,A3RIXSMCG9L0F1
B09YMD2SN6,A3RIXSMCG9L0F1
B09YGNTQLM,A3RIXSMCG9L0F1
B09XTDH82Z,A3RIXSMCG9L0F1
B09XMQFCXN,A3RIXSMCG9L0F1
B09WZQ5PNM,A3RIXSMCG9L0F1
B09WDL74VL,A3RIXSMCG9L0F1
B09TDL56ZM,A3RIXSMCG9L0F1
B09TBGPWQN,A3RIXSMCG9L0F1
B09SLPBN9W,A3RIXSMCG9L0F1
B09PRC3FWF,A3RIXSMCG9L0F1
B09P8BY7QC,A3RIXSMCG9L0F1
B09P8B1ZQY,A3RIXSMCG9L0F1
B09NSLM998,A3RIXSMCG9L0F1
B09MVSKB72,A3RIXSMCG9L0F1
B09MLGF384,A3RIXSMCG9L0F1
B09LS95WRP,A3RIXSMCG9L0F1
B0BJVFWZJ1,A3RIXSMCG9L0F1
B0BHMZD43M,A3RIXSMCG9L0F1
B0BGD2N9QS,A3RIXSMCG9L0F1
B0BG5DPC41,A3RIXSMCG9L0F1
B0BG2KFX2Z,A3RIXSMCG9L0F1
B0BG2DCNHB,A3RIXSMCG9L0F1
B0BFF35XLZ,A3RIXSMCG9L0F1
B0BDF5XB1G,A3RIXSMCG9L0F1
B0B8XN4518,A3RIXSMCG9L0F1
B0B8WXLF7M,A3RIXSMCG9L0F1
B0B6SXN5B6,A3RIXSMCG9L0F1
B0B4JY5L5Y,A3RIXSMCG9L0F1
B0B4HVVYC4,A3RIXSMCG9L0F1
B0B3RQK2Z5,A3RIXSMCG9L0F1
B0B1M1GKZW,A3RIXSMCG9L0F1
B09ZQMP3CL,A3RIXSMCG9L0F1
B09JNWC194,A3RIXSMCG9L0F1
B09FR23MR9,A3RIXSMCG9L0F1
B09FJND257,A3RIXSMCG9L0F1
B0987VQQQD,A3RIXSMCG9L0F1
B0972F6SMV,A3RIXSMCG9L0F1
B094FFTWFJ,A3RIXSMCG9L0F1
B094816TDY,A3RIXSMCG9L0F1
B0946ZV6NX,A3RIXSMCG9L0F1
B08V4L6BN4,A3RIXSMCG9L0F1
B08S2S2L8X,A3RIXSMCG9L0F1
B08RD69T72,A3RIXSMCG9L0F1
B08RD4GCKC,A3RIXSMCG9L0F1
B08NCDPS9F,A3RIXSMCG9L0F1
B08JSBYFDJ,A3RIXSMCG9L0F1
B08D6397ZL,A3RIXSMCG9L0F1
B087BMBGVQ,A3RIXSMCG9L0F1
B07Q33RHYF,A3RIXSMCG9L0F1
B07NWBMM7H,A3RIXSMCG9L0F1
B07NT3N9Q8,A3RIXSMCG9L0F1
B06XPXV1B4,A3RIXSMCG9L0F1
B01MS7Z03T,A3RIXSMCG9L0F1
B01KOEMJXM,A3RIXSMCG9L0F1
B01G14AIKU,A3RIXSMCG9L0F1
B01D9WVKWW,A3RIXSMCG9L0F1
B01D9WN9FI,A3RIXSMCG9L0F1
B01D9T4X24,A3RIXSMCG9L0F1
B01D3BP6S8,A3RIXSMCG9L0F1
B01D3BLC22,A3RIXSMCG9L0F1
B01D3BH30M,A3RIXSMCG9L0F1
B01D37GNWA,A3RIXSMCG9L0F1
B01D27951M,A3RIXSMCG9L0F1
B01D2788MY,A3RIXSMCG9L0F1
B0CRHBJPSB,A3RIXSMCG9L0F1
B0DPBCMS2H,A3RIXSMCG9L0F1
B09XPSL8DG,A3RIXSMCG9L0F1
B0D12M4HWS,A3RIXSMCG9L0F1
B0CMVV95N1,A3RIXSMCG9L0F1
B0BKZTJG9K,A3RIXSMCG9L0F1
B0BXLSTP44,A3RIXSMCG9L0F1
B0B1GYLJ7J,A3RIXSMCG9L0F1
B0CN96NSKL,A3RIXSMCG9L0F1
B0CHYLZ15G,A3RIXSMCG9L0F1
B07FCT5KW6,A3RIXSMCG9L0F1
B0CSNF9CQ8,A3RIXSMCG9L0F1
B09SFWQ2H9,A3RIXSMCG9L0F1
B09NMTC2WF,A3RIXSMCG9L0F1
B0CGLW7RGT,A3RIXSMCG9L0F1
B08PB8RNV7,A3RIXSMCG9L0F1
B08DCWG2S3,A3RIXSMCG9L0F1
B0DT7L6HX2,A3RIXSMCG9L0F1
B0DRVSP7X5,A3RIXSMCG9L0F1
B0DNSWM86F,A3RIXSMCG9L0F1
B0DKP31N6B,A3RIXSMCG9L0F1
B0DKH4XHPQ,A3RIXSMCG9L0F1
B0DHRS369D,A3RIXSMCG9L0F1
B0DHG3S4ZC,A3RIXSMCG9L0F1
B0DH4JKZWY,A3RIXSMCG9L0F1
B0DH2CQSFW,A3RIXSMCG9L0F1
B0D9VNJH3W,A3RIXSMCG9L0F1
B0D9L61SD2,A3RIXSMCG9L0F1
B0D8VLSQ99,A3RIXSMCG9L0F1
B0D8KSD65S,A3RIXSMCG9L0F1
B0D8B7DXNH,A3RIXSMCG9L0F1
B0D7CD874D,A3RIXSMCG9L0F1
B0D6Z1K23N,A3RIXSMCG9L0F1
B0D6QMYXM7,A3RIXSMCG9L0F1
B0D5Y8NW8M,A3RIXSMCG9L0F1
B0D5B84FGR,A3RIXSMCG9L0F1
B0D4JD9BT5,A3RIXSMCG9L0F1
B0D3Q6PM5X,A3RIXSMCG9L0F1
B0D3PYB91V,A3RIXSMCG9L0F1
B0D3FD4S15,A3RIXSMCG9L0F1
B0D2MVZZ6Y,A3RIXSMCG9L0F1
B0D22PTJLM,A3RIXSMCG9L0F1
B0D21WN1GT,A3RIXSMCG9L0F1
B0D1FV3SP4,A3RIXSMCG9L0F1
B0D1714PYC,A3RIXSMCG9L0F1
B0CZXDDCVR,A3RIXSMCG9L0F1
B0CZ963KR7,A3RIXSMCG9L0F1
B0CYT949W1,A3RIXSMCG9L0F1
B0CT2DQZLH,A3RIXSMCG9L0F1
B0CRTXD6TJ,A3RIXSMCG9L0F1
B0CR9PV2F9,A3RIXSMCG9L0F1
B0CR5Q59KT,A3RIXSMCG9L0F1
B0CQP8FJQF,A3RIXSMCG9L0F1
B0CQ29B4PC,A3RIXSMCG9L0F1
B0CPSNV3G7,A3RIXSMCG9L0F1
B0CP8SH76H,A3RIXSMCG9L0F1
B0CL9TCP1L,A3RIXSMCG9L0F1
B0CL4K5LCS,A3RIXSMCG9L0F1
B0CJQN5L5B,A3RIXSMCG9L0F1
B0CH8DXSJB,A3RIXSMCG9L0F1
B0CG62MDJC,A3RIXSMCG9L0F1
B0CG217GXF,A3RIXSMCG9L0F1
B0CFYKQQPB,A3RIXSMCG9L0F1
B0CCDBQVCR,A3RIXSMCG9L0F1
B0BLTDXZ9L,A3RIXSMCG9L0F1
B0BD8TS4VC,A3RIXSMCG9L0F1
B0BD4QV959,A3RIXSMCG9L0F1
B0BCWHVKD3,A3RIXSMCG9L0F1
B0BB73TYS2,A3RIXSMCG9L0F1
B0B8NQQQPM,A3RIXSMCG9L0F1
B0B8GXN6PD,A3RIXSMCG9L0F1
B0B743CN55,A3RIXSMCG9L0F1
B0B3XK7LR4,A3RIXSMCG9L0F1
B0B18H9XQV,A3RIXSMCG9L0F1
B09WPN2D5M,A3RIXSMCG9L0F1
B09W5MVZ5X,A3RIXSMCG9L0F1
B09VKGZSW7,A3RIXSMCG9L0F1
B09QS5G4YW,A3RIXSMCG9L0F1
B09QFYR7Y9,A3RIXSMCG9L0F1
B09PZPDC1Q,A3RIXSMCG9L0F1
B0CBBLDRJ9,A3RIXSMCG9L0F1
B0C9D571YP,A3RIXSMCG9L0F1
B0C9CJ6NKQ,A3RIXSMCG9L0F1
B0C8MHHRSQ,A3RIXSMCG9L0F1
B0C6R4R33H,A3RIXSMCG9L0F1
B0C287TZ43,A3RIXSMCG9L0F1
B0C24129V9,A3RIXSMCG9L0F1
B0BZSNDK8Y,A3RIXSMCG9L0F1
B0BYT21KLT,A3RIXSMCG9L0F1
B0BWDR11WM,A3RIXSMCG9L0F1
B0BV28G59C,A3RIXSMCG9L0F1
B0BPKYBCHD,A3RIXSMCG9L0F1
B0BPHRWVPX,A3RIXSMCG9L0F1
B0BMG4MVV8,A3RIXSMCG9L0F1
B0BM98RHL7,A3RIXSMCG9L0F1
B0BM5HTTGV,A3RIXSMCG9L0F1
B086V8R7Y6,A3RIXSMCG9L0F1
B0861DQW81,A3RIXSMCG9L0F1
B0857D7MYK,A3RIXSMCG9L0F1
B0841ZD1XB,A3RIXSMCG9L0F1
B083CZS8C8,A3RIXSMCG9L0F1
B083CD5QXK,A3RIXSMCG9L0F1
B081ZS99M4,A3RIXSMCG9L0F1
B0814D4BMW,A3RIXSMCG9L0F1
B07ZSZXJ8M,A3RIXSMCG9L0F1
B07ZQ7R92C,A3RIXSMCG9L0F1
B07ZCLM95J,A3RIXSMCG9L0F1
B07SFZP9HQ,A3RIXSMCG9L0F1
B07RTHD5DT,A3RIXSMCG9L0F1
B07RRY3XSH,A3RIXSMCG9L0F1
B07R7KXYRZ,A3RIXSMCG9L0F1
B07QNMG7FJ,A3RIXSMCG9L0F1
B01D2775GY,A3RIXSMCG9L0F1
B01D276JNY,A3RIXSMCG9L0F1
B01D273WIE,A3RIXSMCG9L0F1
B019Z3PBJ2,A3RIXSMCG9L0F1
B018RW5R3M,A3RIXSMCG9L0F1
B018QCXF6Y,A3RIXSMCG9L0F1
B00NZRNC1E,A3RIXSMCG9L0F1
B00FQD9QZQ,A3RIXSMCG9L0F1
B004CYE3QC,A3RIXSMCG9L0F1
B089SZR7KZ,A3RIXSMCG9L0F1
B081RR3W4G,A3RIXSMCG9L0F1
B07ZYF28GV,A3RIXSMCG9L0F1
B07W6K4YDB,A3RIXSMCG9L0F1
B07T2FQ6ZX,A3RIXSMCG9L0F1
B07LD8JRN2,A3RIXSMCG9L0F1
B07H99K6RY,A3RIXSMCG9L0F1
B07FW9ZVM7,A3RIXSMCG9L0F1
B07DVFCW7Y,A3RIXSMCG9L0F1
B07BGFD37F,A3RIXSMCG9L0F1
B079FHJT4K,A3RIXSMCG9L0F1
B075W437K7,A3RIXSMCG9L0F1
B075V24YW8,A3RIXSMCG9L0F1
B071Y5QNCG,A3RIXSMCG9L0F1
B071JF3G93,A3RIXSMCG9L0F1
B01NCB3E3P,A3RIXSMCG9L0F1
B09NY44WB8,A3RIXSMCG9L0F1
B09MCK1F85,A3RIXSMCG9L0F1
B09KM2QBNP,A3RIXSMCG9L0F1
B09F5KJMYP,A3RIXSMCG9L0F1
B09D2JKWRB,A3RIXSMCG9L0F1
B097B753TF,A3RIXSMCG9L0F1
B096Z8S7X9,A3RIXSMCG9L0F1
B095WFJ95L,A3RIXSMCG9L0F1
B0921PFVGK,A3RIXSMCG9L0F1
B08Y97L2QK,A3RIXSMCG9L0F1
B08XVPBS6C,A3RIXSMCG9L0F1
B08W5BJKK4,A3RIXSMCG9L0F1
B08S3WB272,A3RIXSMCG9L0F1
B08L9S5XNV,A3RIXSMCG9L0F1
B08KHG2JTC,A3RIXSMCG9L0F1
B08FMFWXKR,A3RIXSMCG9L0F1
B01N6Y4Q1J,A3RIXSMCG9L0F1
B01D9SZIEM,A3RIXSMCG9L0F1
B01D3BR3YI,A3RIXSMCG9L0F1
B01D271XKI,A3RIXSMCG9L0F1
B01BGFXKVI,A3RIXSMCG9L0F1
B00EFA25B8,A3RIXSMCG9L0F1
B00488LL62,A3RIXSMCG9L0F1
1619929015,A3RIXSMCG9L0F1
B0B7BWQ581,A3RIXSMCG9L0F1
B0BJQGDFBV,A3RIXSMCG9L0F1
B0DGX6PVHG,A3RIXSMCG9L0F1
B082YF38Z5,A3RIXSMCG9L0F1
B0BQWVS4L8,A3RIXSMCG9L0F1
B0DGCSD9QT,A3RIXSMCG9L0F1
B00X6FOPSO,A3RIXSMCG9L0F1
B00Y1CQ6B0,A3RIXSMCG9L0F1
B09SPPLGMB,A3RIXSMCG9L0F1
B00B7HCRDI,A3RIXSMCG9L0F1
B0C2TW1Z7C,A3RIXSMCG9L0F1
B082G7YJW2,A3RIXSMCG9L0F1
B08MFNJSPG,A3RIXSMCG9L0F1
B0CHVSFZC1,A3RIXSMCG9L0F1
B0D9GNC1R3,A3RIXSMCG9L0F1
B0CDFMYTWW,A3RIXSMCG9L0F1
B0978PJ6F1,A3RIXSMCG9L0F1
B0BY45H7LW,A3RIXSMCG9L0F1
B0CXQ4PRB1,A3RIXSMCG9L0F1
B0BVMC22RQ,A3RIXSMCG9L0F1
B0B5RCYZ7Q,A3RIXSMCG9L0F1
B0BDCSZQ43,A3RIXSMCG9L0F1
B0D9QN9GSS,A3RIXSMCG9L0F1
B00N3O4SS0,A3RIXSMCG9L0F1
B0CDB8MMRF,A3RIXSMCG9L0F1
B0C36R1TRM,A3RIXSMCG9L0F1
B08MDZ7L1Q,A3RIXSMCG9L0F1
B07KRS9QYZ,A3RIXSMCG9L0F1
B01JCVQNVC,A3RIXSMCG9L0F1
B0DJRC2444,A3RIXSMCG9L0F1
B0D6XY5J2D,A3RIXSMCG9L0F1
B0DJLNXN6B,A3RIXSMCG9L0F1
B07C5MKSH4,A3RIXSMCG9L0F1
B08TWDGC3B,A3RIXSMCG9L0F1
B0BGH5PZ4G,A3RIXSMCG9L0F1
B08BBZ17KK,A3RIXSMCG9L0F1
B0CKLJRQ27,A3RIXSMCG9L0F1
B07CL44D5Z,A3RIXSMCG9L0F1
B0CZ3SLP6V,A3RIXSMCG9L0F1
B00LJURK6M,A3RIXSMCG9L0F1
B094CPLPHL,A3RIXSMCG9L0F1
B003XZWI68,A3RIXSMCG9L0F1
B000K8EBZC,A3RIXSMCG9L0F1
B0BGP7PSKJ,A3RIXSMCG9L0F1
B0B312J2FV,A3RIXSMCG9L0F1
B096W6KLXZ,A3RIXSMCG9L0F1
B0BQ2QZHYY,A3RIXSMCG9L0F1
B07P75P7Z4,A3RIXSMCG9L0F1
B0DBVCYL4W,A3RIXSMCG9L0F1
B0D7PF5F3M,A3RIXSMCG9L0F1
B0D6YJ6YW8,A3RIXSMCG9L0F1
B0D5MJVQCV,A3RIXSMCG9L0F1
B0D1CB2G3X,A3RIXSMCG9L0F1
B0D12Y23VC,A3RIXSMCG9L0F1
B0CZLRLPHS,A3RIXSMCG9L0F1
B0CYH245GG,A3RIXSMCG9L0F1
B0CXXZJ5RR,A3RIXSMCG9L0F1
B0CXDMVW1C,A3RIXSMCG9L0F1
B0CX51BCTG,A3RIXSMCG9L0F1
B0CTQM837L,A3RIXSMCG9L0F1
B0CRTP8DPG,A3RIXSMCG9L0F1
B0CRDNQXL1,A3RIXSMCG9L0F1
B0CR9V7F79,A3RIXSMCG9L0F1
B0CPY29YXT,A3RIXSMCG9L0F1
B07NTZPZPZ,A3RIXSMCG9L0F1
B0DHKRNV8C,A3RIXSMCG9L0F1
B0CXJJFLM4,A3RIXSMCG9L0F1
B0CW87GDTP,A3RIXSMCG9L0F1
B0C4BD72K7,A3RIXSMCG9L0F1
B07Z88XLNV,A3RIXSMCG9L0F1
B07P75P77V,A3RIXSMCG9L0F1
B01GKHF628,A3RIXSMCG9L0F1
B0DSRSTRBK,A3RIXSMCG9L0F1
B0CMJJFLBS,A3RIXSMCG9L0F1
B0C5JHW7D4,A3RIXSMCG9L0F1
B0C2L29VRY,A3RIXSMCG9L0F1
B0BP81DHZ4,A3RIXSMCG9L0F1
B08YFLRCNR,A3RIXSMCG9L0F1
B08PFJ244M,A3RIXSMCG9L0F1
B07SYR5TFH,A3RIXSMCG9L0F1
B07PCH8CNQ,A3RIXSMCG9L0F1
B0DVHYH6F3,A3RIXSMCG9L0F1
B0DT6S85RZ,A3RIXSMCG9L0F1
B0DT6F36P2,A3RIXSMCG9L0F1
B0DSWS7G5P,A3RIXSMCG9L0F1
B0DSPHBJKK,A3RIXSMCG9L0F1
B0DR787BJ6,A3RIXSMCG9L0F1
B0DPH2QTX6,A3RIXSMCG9L0F1
B0DPF5G44Z,A3RIXSMCG9L0F1
B0DNG2SYMC,A3RIXSMCG9L0F1
B0DMSJGZBM,A3RIXSMCG9L0F1
B0DHWSYV5T,A3RIXSMCG9L0F1
B0DF2H6ZB2,A3RIXSMCG9L0F1
B0DDQ8TC4N,A3RIXSMCG9L0F1
B0DCZCNK93,A3RIXSMCG9L0F1
B0DCTNQ1BB,A3RIXSMCG9L0F1
B0CPSJMF5Q,A3RIXSMCG9L0F1
B0CMZ62JSW,A3RIXSMCG9L0F1
B0CM2C3SPZ,A3RIXSMCG9L0F1
B0CLGT2Z1B,A3RIXSMCG9L0F1
B0CJR646X6,A3RIXSMCG9L0F1
B0CJBMPGFC,A3RIXSMCG9L0F1
B0CHWKNL8D,A3RIXSMCG9L0F1
B0CH81LCDD,A3RIXSMCG9L0F1
B0CH342WVY,A3RIXSMCG9L0F1
B0CGXD97D9,A3RIXSMCG9L0F1
B0CGQDNQ8Y,A3RIXSMCG9L0F1
B0CFF6Y93R,A3RIXSMCG9L0F1
B0CCY97KGG,A3RIXSMCG9L0F1
B0CB3H89S3,A3RIXSMCG9L0F1
B0C9MBHCWQ,A3RIXSMCG9L0F1
B0C7VRXZC7,A3RIXSMCG9L0F1
B0C781KJPJ,A3RIXSMCG9L0F1
B0C779MCD1,A3RIXSMCG9L0F1
B0C6JZ2QZ4,A3RIXSMCG9L0F1
B0C6FBR1NM,A3RIXSMCG9L0F1
B0C5281772,A3RIXSMCG9L0F1
B0C4PM1RB6,A3RIXSMCG9L0F1
B0C3CNPNFN,A3RIXSMCG9L0F1
B0C2H7BSFS,A3RIXSMCG9L0F1
B0C1NDQS6Y,A3RIXSMCG9L0F1
B0C1G6226F,A3RIXSMCG9L0F1
B0BYZCHDLX,A3RIXSMCG9L0F1
B0BYV6QC6H,A3RIXSMCG9L0F1
B0BXC661J7,A3RIXSMCG9L0F1
B0BVDP854N,A3RIXSMCG9L0F1
B0BRB5HMR4,A3RIXSMCG9L0F1
B0BQJNDXQL,A3RIXSMCG9L0F1
B0B44XPCQK,A3RIXSMCG9L0F1
B0B3R141ZN,A3RIXSMCG9L0F1
B0B38ZQ8DX,A3RIXSMCG9L0F1
B0B36LSNXV,A3RIXSMCG9L0F1
B0B2RQGXLD,A3RIXSMCG9L0F1
B0B2DNH8G1,A3RIXSMCG9L0F1
B0B2D7PN22,A3RIXSMCG9L0F1
B0B1RY7BWP,A3RIXSMCG9L0F1
B0B1MLRV7N,A3RIXSMCG9L0F1
B0B184S5F7,A3RIXSMCG9L0F1
B09ZP2XGW3,A3RIXSMCG9L0F1
B09Y1YTNPH,A3RIXSMCG9L0F1
B09XTN5YTQ,A3RIXSMCG9L0F1
B09XH5YWWW,A3RIXSMCG9L0F1
B09XBLN558,A3RIXSMCG9L0F1
B09WRFMN5L,A3RIXSMCG9L0F1
B09V56V633,A3RIXSMCG9L0F1
B09QPJWMLJ,A3RIXSMCG9L0F1
B09QK29DF4,A3RIXSMCG9L0F1
B09NVQYM7S,A3RIXSMCG9L0F1
B09NVQVSC4,A3RIXSMCG9L0F1
B09NM62FQJ,A3RIXSMCG9L0F1
B09MVZFV78,A3RIXSMCG9L0F1
B09MM3JXN2,A3RIXSMCG9L0F1
B09MLN9NJT,A3RIXSMCG9L0F1
B09K7P14NK,A3RIXSMCG9L0F1
B09HCHGJQH,A3RIXSMCG9L0F1
B09FQCW9J3,A3RIXSMCG9L0F1
B09B36NTDH,A3RIXSMCG9L0F1
B099DX79LP,A3RIXSMCG9L0F1
B099DVCP1B,A3RIXSMCG9L0F1
B098NQSZ13,A3RIXSMCG9L0F1
B0BPP9VB6L,A3RIXSMCG9L0F1
B0BPHS16BV,A3RIXSMCG9L0F1
B0BL79YF15,A3RIXSMCG9L0F1
B0BK3HGZMX,A3RIXSMCG9L0F1
B0BJV5TL4D,A3RIXSMCG9L0F1
B0BJQXXSDH,A3RIXSMCG9L0F1
B0BHSG57LG,A3RIXSMCG9L0F1
B0BFQZFDWF,A3RIXSMCG9L0F1
B0BDRL6BHH,A3RIXSMCG9L0F1
B0BBFMHCRX,A3RIXSMCG9L0F1
B0B8XNG84K,A3RIXSMCG9L0F1
B0B7L8HY6Q,A3RIXSMCG9L0F1
B0B76J4B46,A3RIXSMCG9L0F1
B0B6C9LGFL,A3RIXSMCG9L0F1
B0B5GJ22B5,A3RIXSMCG9L0F1
B0B491JQZW,A3RIXSMCG9L0F1
B083TXWC9N,A3RIXSMCG9L0F1
B07Z7DSQ3J,A3RIXSMCG9L0F1
B07YYZ3MZM,A3RIXSMCG9L0F1
B07XDHRFW3,A3RIXSMCG9L0F1
B07TTFZ14M,A3RIXSMCG9L0F1
B07TFJJ9FM,A3RIXSMCG9L0F1
B07TFH7D1F,A3RIXSMCG9L0F1
B07TDQL378,A3RIXSMCG9L0F1
B07TDN65DQ,A3RIXSMCG9L0F1
B07TCPDWZ3,A3RIXSMCG9L0F1
B07TCJMJ4W,A3RIXSMCG9L0F1
B07T9GCKH1,A3RIXSMCG9L0F1
B07SJ9W8KR,A3RIXSMCG9L0F1
B07S88TN1F,A3RIXSMCG9L0F1
B07QM934FM,A3RIXSMCG9L0F1
B07QK389F5,A3RIXSMCG9L0F1
B07QJWRB5Y,A3RIXSMCG9L0F1
B07LDVXH48,A3RIXSMCG9L0F1
B07LBCLS2W,A3RIXSMCG9L0F1
B07JLJZM2J,A3RIXSMCG9L0F1
B07FY5FW6F,A3RIXSMCG9L0F1
B07FW7TNYB,A3RIXSMCG9L0F1
B07FNQ6RVK,A3RIXSMCG9L0F1
B07BH6Y6PV,A3RIXSMCG9L0F1
B077KDJGJ2,A3RIXSMCG9L0F1
B073XZFFXR,A3RIXSMCG9L0F1
B071RDBVR8,A3RIXSMCG9L0F1
B071FJ3VN3,A3RIXSMCG9L0F1
B01NAWZP7C,A3RIXSMCG9L0F1
B01NAPVY32,A3RIXSMCG9L0F1
B01HEJNMU4,A3RIXSMCG9L0F1
B01ASGAH9E,A3RIXSMCG9L0F1
B00OVU57JY,A3RIXSMCG9L0F1
B00KB29FCG,A3RIXSMCG9L0F1
B00K1J2YK4,A3RIXSMCG9L0F1
B005OK85XK,A3RIXSMCG9L0F1
B0DJTLLX4B,A3RIXSMCG9L0F1
B0D1KMB4TD,A3RIXSMCG9L0F1
B0C3CQLVDS,A3RIXSMCG9L0F1
B0CNG9T418,A3RIXSMCG9L0F1
B09WLKDWL3,A3RIXSMCG9L0F1
B0CF8FMSRD,A3RIXSMCG9L0F1
B0B6QKPRTS,A3RIXSMCG9L0F1
B0DFNL8NFK,A3RIXSMCG9L0F1
B0CP8SCYT3,A3RIXSMCG9L0F1
B09GWD8S4R,A3RIXSMCG9L0F1
B0C575CH3H,A3RIXSMCG9L0F1
B07KFN585N,A3RIXSMCG9L0F1
B0D6Y67797,A3RIXSMCG9L0F1
B0BVFTL3WH,A3RIXSMCG9L0F1
B097LRRSF6,A3RIXSMCG9L0F1
B093K14N57,A3RIXSMCG9L0F1
B086T5QRVN,A3RIXSMCG9L0F1
B01MQUBD5G,A3RIXSMCG9L0F1
B0D6G44SCS,A3RIXSMCG9L0F1
B0C1BFTRD4,A3RIXSMCG9L0F1
B07WBXXVV8,A3RIXSMCG9L0F1
B078HSFYKV,A3RIXSMCG9L0F1
B0DTKDR6J2,A3RIXSMCG9L0F1
B0DT9QDZ89,A3RIXSMCG9L0F1
B0DSSYVJDB,A3RIXSMCG9L0F1
B0DR91189J,A3RIXSMCG9L0F1
B0DR58MQQY,A3RIXSMCG9L0F1
B0DQ89GS49,A3RIXSMCG9L0F1
B0DPP6QQTG,A3RIXSMCG9L0F1
B0DM84BDMV,A3RIXSMCG9L0F1
B0DKDB24N2,A3RIXSMCG9L0F1
B0DJKLDKYG,A3RIXSMCG9L0F1
B098LPSZ74,A3RIXSMCG9L0F1
B0972NYPFF,A3RIXSMCG9L0F1
B095HNMGR8,A3RIXSMCG9L0F1
B0925QMCX2,A3RIXSMCG9L0F1
B08Z5RFQ6Z,A3RIXSMCG9L0F1
B08W9MXH9P,A3RIXSMCG9L0F1
B08TMKQ44S,A3RIXSMCG9L0F1
B08QCT1DH2,A3RIXSMCG9L0F1
B08KJPNTK3,A3RIXSMCG9L0F1
B08K7D6TQC,A3RIXSMCG9L0F1
B08FRRYWGW,A3RIXSMCG9L0F1
B08F1Z9YBJ,A3RIXSMCG9L0F1
B08DLKL7J6,A3RIXSMCG9L0F1
B08BYD81DM,A3RIXSMCG9L0F1
B085SYG7XN,A3RIXSMCG9L0F1
B084S2YNQD,A3RIXSMCG9L0F1
B0D2V1FMTX,A3RIXSMCG9L0F1
B0D25YN4KY,A3RIXSMCG9L0F1
B0D1N313B9,A3RIXSMCG9L0F1
B0D125P8VC,A3RIXSMCG9L0F1
B0CYH45712,A3RIXSMCG9L0F1
B0CY3W83CS,A3RIXSMCG9L0F1
B0CY2JPKXL,A3RIXSMCG9L0F1
B0CXXYG6JB,A3RIXSMCG9L0F1
B0CXX9SS6Y,A3RIXSMCG9L0F1
B0CXSYRWYB,A3RIXSMCG9L0F1
B0CXPNRRF5,A3RIXSMCG9L0F1
B0CTQCNQK5,A3RIXSMCG9L0F1
B0CSFGHKPQ,A3RIXSMCG9L0F1
B0CR2XLTRD,A3RIXSMCG9L0F1
B0CQJSFQB3,A3RIXSMCG9L0F1
B0CQ7YP9K3,A3RIXSMCG9L0F1
B0CQ4HWCB9,A3RIXSMCG9L0F1
B0CPM7NP4M,A3RIXSMCG9L0F1
B0CNGGSWMN,A3RIXSMCG9L0F1
B0CNFZ796X,A3RIXSMCG9L0F1
B0CMX3CZCX,A3RIXSMCG9L0F1
B0CMTNZHKW,A3RIXSMCG9L0F1
B0CLLDSXCS,A3RIXSMCG9L0F1
B0CKXL777X,A3RIXSMCG9L0F1
B0CJMCGTY2,A3RIXSMCG9L0F1
B0CJFXJQ7D,A3RIXSMCG9L0F1
B0CHBJ9JDQ,A3RIXSMCG9L0F1
B0CH16864L,A3RIXSMCG9L0F1
B0CGNFY1T6,A3RIXSMCG9L0F1
B0CG6D1KJZ,A3RIXSMCG9L0F1
B0CFFQT4X6,A3RIXSMCG9L0F1
B0CFFM7J16,A3RIXSMCG9L0F1
B0CF9NW6L5,A3RIXSMCG9L0F1
B0CD7922DS,A3RIXSMCG9L0F1
B0CBRZ693F,A3RIXSMCG9L0F1
B0CBHCVFFH,A3RIXSMCG9L0F1
B0CB9XQX1Q,A3RIXSMCG9L0F1
B0CB8324BG,A3RIXSMCG9L0F1
B0CB7SSG9P,A3RIXSMCG9L0F1
B0CB7GDMKT,A3RIXSMCG9L0F1
B0C9VKPQK4,A3RIXSMCG9L0F1
B0C9J99C6Y,A3RIXSMCG9L0F1
B0C8MKR57Y,A3RIXSMCG9L0F1
B0C7BJLX65,A3RIXSMCG9L0F1
B0C613ZTJL,A3RIXSMCG9L0F1
B0C5X6ND25,A3RIXSMCG9L0F1
B0C4KYYCF4,A3RIXSMCG9L0F1
B0C3GHW3TX,A3RIXSMCG9L0F1
B0C2D29NT5,A3RIXSMCG9L0F1
B0BYWNSL5T,A3RIXSMCG9L0F1
B0BY2GKYT7,A3RIXSMCG9L0F1
B0BY297VJH,A3RIXSMCG9L0F1
B0BXHVF7QL,A3RIXSMCG9L0F1
B0BX7N8T2Y,A3RIXSMCG9L0F1
B0BVZ3G3LN,A3RIXSMCG9L0F1
B0BS9FDZH6,A3RIXSMCG9L0F1
B0BRZWB2F7,A3RIXSMCG9L0F1
B0BRZVY3YF,A3RIXSMCG9L0F1
B0BR59XV54,A3RIXSMCG9L0F1
B0BPWCHDNF,A3RIXSMCG9L0F1
B0BNXXW2V8,A3RIXSMCG9L0F1
B0BNXBKK1P,A3RIXSMCG9L0F1
B0BNL1J5XS,A3RIXSMCG9L0F1
B0BJPS1Y8F,A3RIXSMCG9L0F1
B0DGQ7Y5ZC,A3RIXSMCG9L0F1
B0DG2789Z4,A3RIXSMCG9L0F1
B0DF7F9WKS,A3RIXSMCG9L0F1
B0DDKYWB25,A3RIXSMCG9L0F1
B0DCQBSG2Z,A3RIXSMCG9L0F1
B0D9JQFHJX,A3RIXSMCG9L0F1
B0D9GDW39J,A3RIXSMCG9L0F1
B0D9B1D1H5,A3RIXSMCG9L0F1
B0D76LD4BJ,A3RIXSMCG9L0F1
B0D6YPPZ2D,A3RIXSMCG9L0F1
B0D6C1S7G9,A3RIXSMCG9L0F1
B0D5WK5SKJ,A3RIXSMCG9L0F1
B0D5R5HRXV,A3RIXSMCG9L0F1
B0D429X8J2,A3RIXSMCG9L0F1
B0D41RYR91,A3RIXSMCG9L0F1
B0D2XFXWF5,A3RIXSMCG9L0F1
B0BJCKGN2S,A3RIXSMCG9L0F1
B0BJ1DXZQ4,A3RIXSMCG9L0F1
B0BHWCRL72,A3RIXSMCG9L0F1
B0BHKH7V1V,A3RIXSMCG9L0F1
B0B842P8Y1,A3RIXSMCG9L0F1
B0B74GJXZB,A3RIXSMCG9L0F1
B0B73NHQ7D,A3RIXSMCG9L0F1
B0B5TTVFZ7,A3RIXSMCG9L0F1
B0B5D7B2WL,A3RIXSMCG9L0F1
B0B1KD5MWB,A3RIXSMCG9L0F1
B0B1GMH32B,A3RIXSMCG9L0F1
B09ZJ92G2S,A3RIXSMCG9L0F1
B09YSLLPXZ,A3RIXSMCG9L0F1
B09Y9DJVND,A3RIXSMCG9L0F1
B09WXP8FL6,A3RIXSMCG9L0F1
B0936K8MP2,A3RIXSMCG9L0F1
B08Z7QDKV3,A3RIXSMCG9L0F1
B08V8884ZH,A3RIXSMCG9L0F1
B08V5HD8B7,A3RIXSMCG9L0F1
B08TWXPSDJ,A3RIXSMCG9L0F1
B08RYTTRMP,A3RIXSMCG9L0F1
B08R7F5RRJ,A3RIXSMCG9L0F1
B08PCH6CPP,A3RIXSMCG9L0F1
B08NC9J1GR,A3RIXSMCG9L0F1
B08JTQ1GLF,A3RIXSMCG9L0F1
B08J9WQMR6,A3RIXSMCG9L0F1
B08BRMW98V,A3RIXSMCG9L0F1
B0878X2LD2,A3RIXSMCG9L0F1
B083FD53WD,A3RIXSMCG9L0F1
B07XF343S4,A3RIXSMCG9L0F1
B07VQLK3X5,A3RIXSMCG9L0F1
B09VSSVVGJ,A3RIXSMCG9L0F1
B09QKNLP59,A3RIXSMCG9L0F1
B09QHWS6YT,A3RIXSMCG9L0F1
B09P44CHSN,A3RIXSMCG9L0F1
B09M83Q6L6,A3RIXSMCG9L0F1
B09L955Y56,A3RIXSMCG9L0F1
B09KY7BJ1Y,A3RIXSMCG9L0F1
B09H6VRN4Q,A3RIXSMCG9L0F1
B09FTMQK9R,A3RIXSMCG9L0F1
B09BXH4G5B,A3RIXSMCG9L0F1
B099ZFDLQT,A3RIXSMCG9L0F1
B099SGNK9M,A3RIXSMCG9L0F1
B099DYPGJB,A3RIXSMCG9L0F1
B0991VJK8P,A3RIXSMCG9L0F1
B096X7RYZ8,A3RIXSMCG9L0F1
B096F8GM6R,A3RIXSMCG9L0F1
B07KRFPQVG,A3RIXSMCG9L0F1
B07KPPJZ8V,A3RIXSMCG9L0F1
B07HC1RN6V,A3RIXSMCG9L0F1
B07FY7H15G,A3RIXSMCG9L0F1
B077GHW83X,A3RIXSMCG9L0F1
B01MSDAZ16,A3RIXSMCG9L0F1
B01D9WVE96,A3RIXSMCG9L0F1
B01D9WUA46,A3RIXSMCG9L0F1
B01D9T0H06,A3RIXSMCG9L0F1
B01D2747Z6,A3RIXSMCG9L0F1
B012EXR0JO,A3RIXSMCG9L0F1
B00PYNABMA,A3RIXSMCG9L0F1
B00LP7BWK4,A3RIXSMCG9L0F1
B00LGWREB4,A3RIXSMCG9L0F1
B00HN1OR3A,A3RIXSMCG9L0F1
B00BZ3UWOA,A3RIXSMCG9L0F1
B0062OGL9C,A3RIXSMCG9L0F1
B0058DNZMO,A3RIXSMCG9L0F1
B091GDG5PD,A3RIXSMCG9L0F1
B007ZUGT8U,A3RIXSMCG9L0F1
B0D1JYSKFH,A3RIXSMCG9L0F1
B0B71CG37W,A3RIXSMCG9L0F1
B09ZTKVDMW,A3RIXSMCG9L0F1
B09B77W2LP,A3RIXSMCG9L0F1
B086V9BKY2,A3RIXSMCG9L0F1
B0D6RJ4VQK,A3RIXSMCG9L0F1
B0CND1YP8P,A3RIXSMCG9L0F1
B093H819S7,A3RIXSMCG9L0F1
B072LVYWDP,A3RIXSMCG9L0F1
B016REPF70,A3RIXSMCG9L0F1
B00LCIVGPM,A3RIXSMCG9L0F1
B0DXL1HKGK,A3RIXSMCG9L0F1
B0DTQ1FMNQ,A3RIXSMCG9L0F1
B0DTGMBFQF,A3RIXSMCG9L0F1
B00IJD848A,A3RIXSMCG9L0F1
B07H1P31F1,A3RIXSMCG9L0F1
B0BHSNRGKQ,A3RIXSMCG9L0F1
B097SYNQ2X,A3RIXSMCG9L0F1
B07TYH975V,A3RIXSMCG9L0F1
B0CG1ZSM15,A3RIXSMCG9L0F1
B0DHGH8TQL,A3RIXSMCG9L0F1
B0CCCZB6N7,A3RIXSMCG9L0F1
B0BBW2WVT1,A3RIXSMCG9L0F1
B0DHGYSYDF,A3RIXSMCG9L0F1
B0D62P6585,A3RIXSMCG9L0F1
B0CDR3SMWB,A3RIXSMCG9L0F1
B092RNST62,A3RIXSMCG9L0F1
B092NG5MGH,A3RIXSMCG9L0F1
B07TTJ2T3W,A3RIXSMCG9L0F1
B07BTTM2DM,A3RIXSMCG9L0F1
B0DQPPSWM9,A3RIXSMCG9L0F1
B0DQLD6TRV,A3RIXSMCG9L0F1
B0DPMH1T86,A3RIXSMCG9L0F1
B0DM83WG6L,A3RIXSMCG9L0F1
B0DJCJR4P9,A3RIXSMCG9L0F1
B0DH23H5P6,A3RIXSMCG9L0F1
B0DD7BMM4L,A3RIXSMCG9L0F1
B0DCS61B8H,A3RIXSMCG9L0F1
B0DCNGTFW6,A3RIXSMCG9L0F1
B0D9QC1LGX,A3RIXSMCG9L0F1
B0D9HN5VLQ,A3RIXSMCG9L0F1
B0D8JBTMNP,A3RIXSMCG9L0F1
B0D89MZBB2,A3RIXSMCG9L0F1
B0D7PZLBDN,A3RIXSMCG9L0F1
B0D62Y76QY,A3RIXSMCG9L0F1
B0D47F87DQ,A3RIXSMCG9L0F1
B0CPM8Y3JV,A3RIXSMCG9L0F1
B0CPLVFS7C,A3RIXSMCG9L0F1
B0CPHN74HX,A3RIXSMCG9L0F1
B0CMXBJXKZ,A3RIXSMCG9L0F1
B0CMCYD33R,A3RIXSMCG9L0F1
B0CLCVXRQS,A3RIXSMCG9L0F1
B0CKVVGBX2,A3RIXSMCG9L0F1
B0CKVT4R79,A3RIXSMCG9L0F1
B0CJXTHR3G,A3RIXSMCG9L0F1
B0CJC6FC8K,A3RIXSMCG9L0F1
B0CHVN6NCX,A3RIXSMCG9L0F1
B0CGNGMYKF,A3RIXSMCG9L0F1
B0CGND9V31,A3RIXSMCG9L0F1
B0CD6YBZN9,A3RIXSMCG9L0F1
B0CCVFZV9F,A3RIXSMCG9L0F1
B0CCR9S1CL,A3RIXSMCG9L0F1
B0BXP3Q3BF,A3RIXSMCG9L0F1
B0BV1MDSTJ,A3RIXSMCG9L0F1
B0BRQPWSMQ,A3RIXSMCG9L0F1
B0BRP867RT,A3RIXSMCG9L0F1
B0BRKWWXYS,A3RIXSMCG9L0F1
B0BRCR5N1Z,A3RIXSMCG9L0F1
B0BR9L9GBC,A3RIXSMCG9L0F1
B0BPMDY71M,A3RIXSMCG9L0F1
B0BPL1TPS6,A3RIXSMCG9L0F1
B0BPF1X69F,A3RIXSMCG9L0F1
B0BNKQ1DLY,A3RIXSMCG9L0F1
B0BNKMMJ9N,A3RIXSMCG9L0F1
B0BN32W7M1,A3RIXSMCG9L0F1
B0BMLBJNZZ,A3RIXSMCG9L0F1
B0BMKZBLWL,A3RIXSMCG9L0F1
B0BKVR5463,A3RIXSMCG9L0F1
B0D2RDN7N3,A3RIXSMCG9L0F1
B0D2352N6Z,A3RIXSMCG9L0F1
B0D1KCNW5Q,A3RIXSMCG9L0F1
B0CZTTM6K2,A3RIXSMCG9L0F1
B0CZRWJT9X,A3RIXSMCG9L0F1
B0CYQ1JWPQ,A3RIXSMCG9L0F1
B0CYLCLG2F,A3RIXSMCG9L0F1
B0CXWXSPMD,A3RIXSMCG9L0F1
B0CVB2VNRC,A3RIXSMCG9L0F1
B0CTMNFBTX,A3RIXSMCG9L0F1
B0CT36RHL6,A3RIXSMCG9L0F1
B0CRTTGYST,A3RIXSMCG9L0F1
B0CQLS9MQJ,A3RIXSMCG9L0F1
B0CQJVW5D1,A3RIXSMCG9L0F1
B0CQ22DDM6,A3RIXSMCG9L0F1
B0CPPGYYRF,A3RIXSMCG9L0F1
B09M6PKTZ4,A3RIXSMCG9L0F1
B09LCMQRXV,A3RIXSMCG9L0F1
B09H72GXYQ,A3RIXSMCG9L0F1
B09H39P4V5,A3RIXSMCG9L0F1
B09B1RVX7N,A3RIXSMCG9L0F1
B098TDK9Q5,A3RIXSMCG9L0F1
B0983LD166,A3RIXSMCG9L0F1
B097S5RQH1,A3RIXSMCG9L0F1
B097PHBP87,A3RIXSMCG9L0F1
B096X88NVZ,A3RIXSMCG9L0F1
B096MB3C99,A3RIXSMCG9L0F1
B095NQ56C4,A3RIXSMCG9L0F1
B094FNVQD4,A3RIXSMCG9L0F1
B094FHSLS3,A3RIXSMCG9L0F1
B093C2JP4Y,A3RIXSMCG9L0F1
B0933CQ1RF,A3RIXSMCG9L0F1
B0CCP4NB53,A3RIXSMCG9L0F1
B0CC2K83J6,A3RIXSMCG9L0F1
B0CBV9LLK6,A3RIXSMCG9L0F1
B0CBPWTJ17,A3RIXSMCG9L0F1
B0CBP43W1W,A3RIXSMCG9L0F1
B0CB74GNZQ,A3RIXSMCG9L0F1
B0C9ZT6P7J,A3RIXSMCG9L0F1
B0C8YW5P4G,A3RIXSMCG9L0F1
B0C8MK5JWJ,A3RIXSMCG9L0F1
B0C7V8DLP6,A3RIXSMCG9L0F1
B0C61D1C26,A3RIXSMCG9L0F1
B0C581GYS9,A3RIXSMCG9L0F1
B0C4L9HYWZ,A3RIXSMCG9L0F1
B0C1Z164LX,A3RIXSMCG9L0F1
B0BYYZ5LCH,A3RIXSMCG9L0F1
B0BYH528FD,A3RIXSMCG9L0F1
B0BG5LN9LW,A3RIXSMCG9L0F1
B0BG51V5VC,A3RIXSMCG9L0F1
B0BG2HWDYQ,A3RIXSMCG9L0F1
B0BFL4SVJB,A3RIXSMCG9L0F1
